release_set,packet_id,locale,check_type,status,finding,risk,next_review_action
RS113,P440,en_US,TERMINOLOGY_LOCK,PASS_STATIC_DRAFT,Finding recorded,Medium,Review
RS113,P440,ar_SA,VOICE_REGISTER,NEEDS_FONT_GLYPH_PROOF,Finding recorded,Medium,Review
RS113,P440,de_DE,VOICE_REGISTER,NEEDS_FONT_GLYPH_PROOF,Finding recorded,Medium,Review
RS113,P440,es_ES,VOICE_REGISTER,PASS_STATIC_DRAFT,Finding recorded,Medium,Review
RS113,P440,fr_FR,UNIT_AND_NUMBER_PRESERVATION,PASS_STATIC_DRAFT,Finding recorded,Medium,Review
RS113,P440,he_IL,AUDIO_SUBTITLE_TIMING,NEEDS_RUNTIME_LAYOUT_PROOF,Finding recorded,Medium,Review
RS113,P440,id_ID,ID_PRESERVATION,NEEDS_FONT_GLYPH_PROOF,Finding recorded,Medium,Review
RS113,P440,ja_JP,ID_PRESERVATION,NEEDS_FONT_GLYPH_PROOF,Finding recorded,Medium,Review
RS113,P440,ko_KR,AUDIO_SUBTITLE_TIMING,PASS_STATIC_DRAFT,Finding recorded,Medium,Review
RS113,P440,nl_NL,EXPANSION_RISK,NEEDS_NATIVE_REVIEW,Finding recorded,Medium,Review
RS113,P440,pl_PL,ID_PRESERVATION,NEEDS_FONT_GLYPH_PROOF,Finding recorded,Medium,Review
RS113,P440,pt_BR,CJK_GLYPH_SCOPE,PASS_STATIC_DRAFT,Finding recorded,Medium,Review
RS113,P440,ru_RU,UNIT_AND_NUMBER_PRESERVATION,NEEDS_FONT_GLYPH_PROOF,Finding recorded,Medium,Review
RS113,P440,uk_UA,EXPANSION_RISK,PASS_STATIC_DRAFT,Finding recorded,Medium,Review
RS113,P440,zh_CN,SPOILER_BOUNDARY,NEEDS_FONT_GLYPH_PROOF,Finding recorded,Medium,Review
RS113,P441,en_US,SPOILER_BOUNDARY,PASS_STATIC_DRAFT,Finding recorded,Medium,Review
RS113,P441,ar_SA,CJK_GLYPH_SCOPE,NEEDS_NATIVE_REVIEW,Finding recorded,Medium,Review
RS113,P441,de_DE,UNIT_AND_NUMBER_PRESERVATION,NEEDS_RUNTIME_LAYOUT_PROOF,Finding recorded,Medium,Review
RS113,P441,es_ES,SPOILER_BOUNDARY,NEEDS_NATIVE_REVIEW,Finding recorded,Medium,Review
RS113,P441,fr_FR,AUDIO_SUBTITLE_TIMING,NEEDS_FONT_GLYPH_PROOF,Finding recorded,Medium,Review
RS113,P441,he_IL,SPOILER_BOUNDARY,NEEDS_NATIVE_REVIEW,Finding recorded,Medium,Review
RS113,P441,id_ID,EXPANSION_RISK,NEEDS_RUNTIME_LAYOUT_PROOF,Finding recorded,Medium,Review
RS113,P441,ja_JP,VOICE_REGISTER,NEEDS_RUNTIME_LAYOUT_PROOF,Finding recorded,Medium,Review
RS113,P441,ko_KR,TERMINOLOGY_LOCK,NEEDS_NATIVE_REVIEW,Finding recorded,Medium,Review
RS113,P441,nl_NL,SURFACE_LENGTH,PASS_STATIC_DRAFT,Finding recorded,Medium,Review
RS113,P441,pl_PL,SPOILER_BOUNDARY,NEEDS_FONT_GLYPH_PROOF,Finding recorded,Medium,Review
RS113,P441,pt_BR,RTL_DIRECTION,NEEDS_NATIVE_REVIEW,Finding recorded,Medium,Review
RS113,P441,ru_RU,ID_PRESERVATION,PASS_STATIC_DRAFT,Finding recorded,Medium,Review
RS113,P441,uk_UA,ID_PRESERVATION,NEEDS_RUNTIME_LAYOUT_PROOF,Finding recorded,Medium,Review
RS113,P441,zh_CN,UNIT_AND_NUMBER_PRESERVATION,NEEDS_FONT_GLYPH_PROOF,Finding recorded,Medium,Review
RS113,P442,en_US,CJK_GLYPH_SCOPE,PASS_STATIC_DRAFT,Finding recorded,Medium,Review
RS113,P442,ar_SA,ID_PRESERVATION,NEEDS_NATIVE_REVIEW,Finding recorded,Medium,Review
RS113,P442,de_DE,UNIT_AND_NUMBER_PRESERVATION,NEEDS_NATIVE_REVIEW,Finding recorded,Medium,Review
RS113,P442,es_ES,EXPANSION_RISK,NEEDS_FONT_GLYPH_PROOF,Finding recorded,Medium,Review
RS113,P442,fr_FR,SURFACE_LENGTH,NEEDS_NATIVE_REVIEW,Finding recorded,Medium,Review
RS113,P442,he_IL,SPOILER_BOUNDARY,NEEDS_NATIVE_REVIEW,Finding recorded,Medium,Review
RS113,P442,id_ID,SURFACE_LENGTH,PASS_STATIC_DRAFT,Finding recorded,Medium,Review
RS113,P442,ja_JP,UNIT_AND_NUMBER_PRESERVATION,NEEDS_FONT_GLYPH_PROOF,Finding recorded,Medium,Review
RS113,P442,ko_KR,VOICE_REGISTER,PASS_STATIC_DRAFT,Finding recorded,Medium,Review
RS113,P442,nl_NL,SPOILER_BOUNDARY,NEEDS_NATIVE_REVIEW,Finding recorded,Medium,Review
RS113,P442,pl_PL,TERMINOLOGY_LOCK,PASS_STATIC_DRAFT,Finding recorded,Medium,Review
RS113,P442,pt_BR,VOICE_REGISTER,NEEDS_FONT_GLYPH_PROOF,Finding recorded,Medium,Review
RS113,P442,ru_RU,AUDIO_SUBTITLE_TIMING,NEEDS_NATIVE_REVIEW,Finding recorded,Medium,Review
RS113,P442,uk_UA,EXPANSION_RISK,PASS_STATIC_DRAFT,Finding recorded,Medium,Review
RS113,P442,zh_CN,SPOILER_BOUNDARY,NEEDS_NATIVE_REVIEW,Finding recorded,Medium,Review
RS113,P443,en_US,SPOILER_BOUNDARY,PASS_STATIC_DRAFT,Finding recorded,Medium,Review
RS113,P443,ar_SA,EXPANSION_RISK,NEEDS_FONT_GLYPH_PROOF,Finding recorded,Medium,Review
RS113,P443,de_DE,TERMINOLOGY_LOCK,NEEDS_FONT_GLYPH_PROOF,Finding recorded,Medium,Review
RS113,P443,es_ES,AUDIO_SUBTITLE_TIMING,PASS_STATIC_DRAFT,Finding recorded,Medium,Review
RS113,P443,fr_FR,UNIT_AND_NUMBER_PRESERVATION,NEEDS_NATIVE_REVIEW,Finding recorded,Medium,Review
RS113,P443,he_IL,CJK_GLYPH_SCOPE,NEEDS_FONT_GLYPH_PROOF,Finding recorded,Medium,Review
RS113,P443,id_ID,SPOILER_BOUNDARY,NEEDS_NATIVE_REVIEW,Finding recorded,Medium,Review
RS113,P443,ja_JP,TERMINOLOGY_LOCK,NEEDS_NATIVE_REVIEW,Finding recorded,Medium,Review
RS113,P443,ko_KR,RTL_DIRECTION,NEEDS_RUNTIME_LAYOUT_PROOF,Finding recorded,Medium,Review
RS113,P443,nl_NL,VOICE_REGISTER,NEEDS_NATIVE_REVIEW,Finding recorded,Medium,Review
RS113,P443,pl_PL,EXPANSION_RISK,NEEDS_NATIVE_REVIEW,Finding recorded,Medium,Review
RS113,P443,pt_BR,TERMINOLOGY_LOCK,NEEDS_RUNTIME_LAYOUT_PROOF,Finding recorded,Medium,Review
RS113,P443,ru_RU,SPOILER_BOUNDARY,PASS_STATIC_DRAFT,Finding recorded,Medium,Review
RS113,P443,uk_UA,SPOILER_BOUNDARY,NEEDS_RUNTIME_LAYOUT_PROOF,Finding recorded,Medium,Review
RS113,P443,zh_CN,SPOILER_BOUNDARY,NEEDS_FONT_GLYPH_PROOF,Finding recorded,Medium,Review
RS113,P444,en_US,UNIT_AND_NUMBER_PRESERVATION,NEEDS_FONT_GLYPH_PROOF,Finding recorded,Medium,Review
RS113,P444,ar_SA,SPOILER_BOUNDARY,NEEDS_NATIVE_REVIEW,Finding recorded,Medium,Review
RS113,P444,de_DE,ID_PRESERVATION,NEEDS_RUNTIME_LAYOUT_PROOF,Finding recorded,Medium,Review
RS113,P444,es_ES,UNIT_AND_NUMBER_PRESERVATION,NEEDS_RUNTIME_LAYOUT_PROOF,Finding recorded,Medium,Review
RS113,P444,fr_FR,SPOILER_BOUNDARY,NEEDS_NATIVE_REVIEW,Finding recorded,Medium,Review
RS113,P444,he_IL,TERMINOLOGY_LOCK,NEEDS_FONT_GLYPH_PROOF,Finding recorded,Medium,Review
RS113,P444,id_ID,EXPANSION_RISK,PASS_STATIC_DRAFT,Finding recorded,Medium,Review
RS113,P444,ja_JP,TERMINOLOGY_LOCK,NEEDS_NATIVE_REVIEW,Finding recorded,Medium,Review
RS113,P444,ko_KR,ID_PRESERVATION,NEEDS_NATIVE_REVIEW,Finding recorded,Medium,Review
RS113,P444,nl_NL,VOICE_REGISTER,NEEDS_FONT_GLYPH_PROOF,Finding recorded,Medium,Review
RS113,P444,pl_PL,CJK_GLYPH_SCOPE,PASS_STATIC_DRAFT,Finding recorded,Medium,Review
RS113,P444,pt_BR,VOICE_REGISTER,NEEDS_NATIVE_REVIEW,Finding recorded,Medium,Review
RS113,P444,ru_RU,TERMINOLOGY_LOCK,NEEDS_RUNTIME_LAYOUT_PROOF,Finding recorded,Medium,Review
RS113,P444,uk_UA,VOICE_REGISTER,NEEDS_FONT_GLYPH_PROOF,Finding recorded,Medium,Review
RS113,P444,zh_CN,CJK_GLYPH_SCOPE,NEEDS_FONT_GLYPH_PROOF,Finding recorded,Medium,Review
RS113,P445,en_US,ID_PRESERVATION,NEEDS_FONT_GLYPH_PROOF,Finding recorded,Medium,Review
RS113,P445,ar_SA,EXPANSION_RISK,NEEDS_FONT_GLYPH_PROOF,Finding recorded,Medium,Review
RS113,P445,de_DE,SURFACE_LENGTH,NEEDS_FONT_GLYPH_PROOF,Finding recorded,Medium,Review
RS113,P445,es_ES,EXPANSION_RISK,PASS_STATIC_DRAFT,Finding recorded,Medium,Review
RS113,P445,fr_FR,TERMINOLOGY_LOCK,NEEDS_FONT_GLYPH_PROOF,Finding recorded,Medium,Review
RS113,P445,he_IL,UNIT_AND_NUMBER_PRESERVATION,NEEDS_RUNTIME_LAYOUT_PROOF,Finding recorded,Medium,Review
RS113,P445,id_ID,CJK_GLYPH_SCOPE,NEEDS_RUNTIME_LAYOUT_PROOF,Finding recorded,Medium,Review
RS113,P445,ja_JP,AUDIO_SUBTITLE_TIMING,NEEDS_RUNTIME_LAYOUT_PROOF,Finding recorded,Medium,Review
RS113,P445,ko_KR,CJK_GLYPH_SCOPE,NEEDS_RUNTIME_LAYOUT_PROOF,Finding recorded,Medium,Review
RS113,P445,nl_NL,EXPANSION_RISK,NEEDS_NATIVE_REVIEW,Finding recorded,Medium,Review
RS113,P445,pl_PL,AUDIO_SUBTITLE_TIMING,PASS_STATIC_DRAFT,Finding recorded,Medium,Review
RS113,P445,pt_BR,EXPANSION_RISK,NEEDS_NATIVE_REVIEW,Finding recorded,Medium,Review
RS113,P445,ru_RU,VOICE_REGISTER,PASS_STATIC_DRAFT,Finding recorded,Medium,Review
RS113,P445,uk_UA,EXPANSION_RISK,PASS_STATIC_DRAFT,Finding recorded,Medium,Review
RS113,P445,zh_CN,ID_PRESERVATION,NEEDS_NATIVE_REVIEW,Finding recorded,Medium,Review
RS113,P446,en_US,AUDIO_SUBTITLE_TIMING,PASS_STATIC_DRAFT,Finding recorded,Medium,Review
RS113,P446,ar_SA,VOICE_REGISTER,PASS_STATIC_DRAFT,Finding recorded,Medium,Review
RS113,P446,de_DE,TERMINOLOGY_LOCK,NEEDS_FONT_GLYPH_PROOF,Finding recorded,Medium,Review
RS113,P446,es_ES,EXPANSION_RISK,NEEDS_NATIVE_REVIEW,Finding recorded,Medium,Review
RS113,P446,fr_FR,ID_PRESERVATION,NEEDS_NATIVE_REVIEW,Finding recorded,Medium,Review
RS113,P446,he_IL,TERMINOLOGY_LOCK,PASS_STATIC_DRAFT,Finding recorded,Medium,Review
RS113,P446,id_ID,CJK_GLYPH_SCOPE,NEEDS_FONT_GLYPH_PROOF,Finding recorded,Medium,Review
RS113,P446,ja_JP,SPOILER_BOUNDARY,NEEDS_NATIVE_REVIEW,Finding recorded,Medium,Review
RS113,P446,ko_KR,AUDIO_SUBTITLE_TIMING,NEEDS_FONT_GLYPH_PROOF,Finding recorded,Medium,Review
RS113,P446,nl_NL,AUDIO_SUBTITLE_TIMING,NEEDS_NATIVE_REVIEW,Finding recorded,Medium,Review
RS113,P446,pl_PL,TERMINOLOGY_LOCK,NEEDS_FONT_GLYPH_PROOF,Finding recorded,Medium,Review
RS113,P446,pt_BR,RTL_DIRECTION,PASS_STATIC_DRAFT,Finding recorded,Medium,Review
RS113,P446,ru_RU,SURFACE_LENGTH,NEEDS_FONT_GLYPH_PROOF,Finding recorded,Medium,Review
RS113,P446,uk_UA,VOICE_REGISTER,NEEDS_FONT_GLYPH_PROOF,Finding recorded,Medium,Review
RS113,P446,zh_CN,CJK_GLYPH_SCOPE,NEEDS_RUNTIME_LAYOUT_PROOF,Finding recorded,Medium,Review
RS113,P447,en_US,VOICE_REGISTER,NEEDS_RUNTIME_LAYOUT_PROOF,Finding recorded,Medium,Review
RS113,P447,ar_SA,UNIT_AND_NUMBER_PRESERVATION,NEEDS_FONT_GLYPH_PROOF,Finding recorded,Medium,Review
RS113,P447,de_DE,SURFACE_LENGTH,NEEDS_NATIVE_REVIEW,Finding recorded,Medium,Review
RS113,P447,es_ES,UNIT_AND_NUMBER_PRESERVATION,NEEDS_FONT_GLYPH_PROOF,Finding recorded,Medium,Review
RS113,P447,fr_FR,TERMINOLOGY_LOCK,NEEDS_NATIVE_REVIEW,Finding recorded,Medium,Review
RS113,P447,he_IL,ID_PRESERVATION,NEEDS_RUNTIME_LAYOUT_PROOF,Finding recorded,Medium,Review
RS113,P447,id_ID,VOICE_REGISTER,NEEDS_RUNTIME_LAYOUT_PROOF,Finding recorded,Medium,Review
RS113,P447,ja_JP,CJK_GLYPH_SCOPE,NEEDS_NATIVE_REVIEW,Finding recorded,Medium,Review
RS113,P447,ko_KR,EXPANSION_RISK,PASS_STATIC_DRAFT,Finding recorded,Medium,Review
RS113,P447,nl_NL,TERMINOLOGY_LOCK,NEEDS_RUNTIME_LAYOUT_PROOF,Finding recorded,Medium,Review
RS113,P447,pl_PL,CJK_GLYPH_SCOPE,NEEDS_FONT_GLYPH_PROOF,Finding recorded,Medium,Review
RS113,P447,pt_BR,UNIT_AND_NUMBER_PRESERVATION,PASS_STATIC_DRAFT,Finding recorded,Medium,Review
RS113,P447,ru_RU,CJK_GLYPH_SCOPE,NEEDS_NATIVE_REVIEW,Finding recorded,Medium,Review
RS113,P447,uk_UA,UNIT_AND_NUMBER_PRESERVATION,NEEDS_FONT_GLYPH_PROOF,Finding recorded,Medium,Review
RS113,P447,zh_CN,CJK_GLYPH_SCOPE,NEEDS_NATIVE_REVIEW,Finding recorded,Medium,Review
RS113,P448,en_US,SURFACE_LENGTH,NEEDS_RUNTIME_LAYOUT_PROOF,Finding recorded,Medium,Review
RS113,P448,ar_SA,AUDIO_SUBTITLE_TIMING,NEEDS_NATIVE_REVIEW,Finding recorded,Medium,Review
RS113,P448,de_DE,VOICE_REGISTER,NEEDS_RUNTIME_LAYOUT_PROOF,Finding recorded,Medium,Review
RS113,P448,es_ES,UNIT_AND_NUMBER_PRESERVATION,NEEDS_NATIVE_REVIEW,Finding recorded,Medium,Review
RS113,P448,fr_FR,VOICE_REGISTER,NEEDS_NATIVE_REVIEW,Finding recorded,Medium,Review
RS113,P448,he_IL,RTL_DIRECTION,NEEDS_FONT_GLYPH_PROOF,Finding recorded,Medium,Review
RS113,P448,id_ID,VOICE_REGISTER,NEEDS_FONT_GLYPH_PROOF,Finding recorded,Medium,Review
RS113,P448,ja_JP,ID_PRESERVATION,PASS_STATIC_DRAFT,Finding recorded,Medium,Review
RS113,P448,ko_KR,AUDIO_SUBTITLE_TIMING,NEEDS_FONT_GLYPH_PROOF,Finding recorded,Medium,Review
RS113,P448,nl_NL,TERMINOLOGY_LOCK,NEEDS_NATIVE_REVIEW,Finding recorded,Medium,Review
RS113,P448,pl_PL,RTL_DIRECTION,PASS_STATIC_DRAFT,Finding recorded,Medium,Review
RS113,P448,pt_BR,RTL_DIRECTION,NEEDS_RUNTIME_LAYOUT_PROOF,Finding recorded,Medium,Review
RS113,P448,ru_RU,EXPANSION_RISK,NEEDS_FONT_GLYPH_PROOF,Finding recorded,Medium,Review
RS113,P448,uk_UA,SURFACE_LENGTH,NEEDS_NATIVE_REVIEW,Finding recorded,Medium,Review
RS113,P448,zh_CN,UNIT_AND_NUMBER_PRESERVATION,PASS_STATIC_DRAFT,Finding recorded,Medium,Review
RS113,P449,en_US,AUDIO_SUBTITLE_TIMING,NEEDS_RUNTIME_LAYOUT_PROOF,Finding recorded,Medium,Review
RS113,P449,ar_SA,SPOILER_BOUNDARY,NEEDS_FONT_GLYPH_PROOF,Finding recorded,Medium,Review
RS113,P449,de_DE,AUDIO_SUBTITLE_TIMING,PASS_STATIC_DRAFT,Finding recorded,Medium,Review
RS113,P449,es_ES,SPOILER_BOUNDARY,PASS_STATIC_DRAFT,Finding recorded,Medium,Review
RS113,P449,fr_FR,RTL_DIRECTION,NEEDS_NATIVE_REVIEW,Finding recorded,Medium,Review
RS113,P449,he_IL,EXPANSION_RISK,PASS_STATIC_DRAFT,Finding recorded,Medium,Review
RS113,P449,id_ID,VOICE_REGISTER,NEEDS_NATIVE_REVIEW,Finding recorded,Medium,Review
RS113,P449,ja_JP,CJK_GLYPH_SCOPE,NEEDS_NATIVE_REVIEW,Finding recorded,Medium,Review
RS113,P449,ko_KR,ID_PRESERVATION,PASS_STATIC_DRAFT,Finding recorded,Medium,Review
RS113,P449,nl_NL,TERMINOLOGY_LOCK,NEEDS_NATIVE_REVIEW,Finding recorded,Medium,Review
RS113,P449,pl_PL,EXPANSION_RISK,PASS_STATIC_DRAFT,Finding recorded,Medium,Review
RS113,P449,pt_BR,RTL_DIRECTION,NEEDS_FONT_GLYPH_PROOF,Finding recorded,Medium,Review
RS113,P449,ru_RU,AUDIO_SUBTITLE_TIMING,NEEDS_NATIVE_REVIEW,Finding recorded,Medium,Review
RS113,P449,uk_UA,VOICE_REGISTER,NEEDS_NATIVE_REVIEW,Finding recorded,Medium,Review
RS113,P449,zh_CN,EXPANSION_RISK,NEEDS_RUNTIME_LAYOUT_PROOF,Finding recorded,Medium,Review
RS114,P450,en_US,SPOILER_BOUNDARY,NEEDS_RUNTIME_LAYOUT_PROOF,Finding recorded,Medium,Review
RS114,P450,ar_SA,CJK_GLYPH_SCOPE,NEEDS_FONT_GLYPH_PROOF,Finding recorded,Medium,Review
RS114,P450,de_DE,VOICE_REGISTER,NEEDS_FONT_GLYPH_PROOF,Finding recorded,Medium,Review
RS114,P450,es_ES,TERMINOLOGY_LOCK,NEEDS_RUNTIME_LAYOUT_PROOF,Finding recorded,Medium,Review
RS114,P450,fr_FR,RTL_DIRECTION,NEEDS_RUNTIME_LAYOUT_PROOF,Finding recorded,Medium,Review
RS114,P450,he_IL,ID_PRESERVATION,PASS_STATIC_DRAFT,Finding recorded,Medium,Review
RS114,P450,id_ID,AUDIO_SUBTITLE_TIMING,NEEDS_RUNTIME_LAYOUT_PROOF,Finding recorded,Medium,Review
RS114,P450,ja_JP,RTL_DIRECTION,NEEDS_RUNTIME_LAYOUT_PROOF,Finding recorded,Medium,Review
RS114,P450,ko_KR,CJK_GLYPH_SCOPE,PASS_STATIC_DRAFT,Finding recorded,Medium,Review
RS114,P450,nl_NL,AUDIO_SUBTITLE_TIMING,NEEDS_FONT_GLYPH_PROOF,Finding recorded,Medium,Review
RS114,P450,pl_PL,VOICE_REGISTER,PASS_STATIC_DRAFT,Finding recorded,Medium,Review
RS114,P450,pt_BR,RTL_DIRECTION,NEEDS_NATIVE_REVIEW,Finding recorded,Medium,Review
RS114,P450,ru_RU,RTL_DIRECTION,NEEDS_FONT_GLYPH_PROOF,Finding recorded,Medium,Review
RS114,P450,uk_UA,TERMINOLOGY_LOCK,NEEDS_NATIVE_REVIEW,Finding recorded,Medium,Review
RS114,P450,zh_CN,RTL_DIRECTION,NEEDS_NATIVE_REVIEW,Finding recorded,Medium,Review
RS114,P451,en_US,RTL_DIRECTION,NEEDS_NATIVE_REVIEW,Finding recorded,Medium,Review
RS114,P451,ar_SA,VOICE_REGISTER,NEEDS_NATIVE_REVIEW,Finding recorded,Medium,Review
RS114,P451,de_DE,ID_PRESERVATION,NEEDS_FONT_GLYPH_PROOF,Finding recorded,Medium,Review
RS114,P451,es_ES,AUDIO_SUBTITLE_TIMING,NEEDS_NATIVE_REVIEW,Finding recorded,Medium,Review
RS114,P451,fr_FR,CJK_GLYPH_SCOPE,NEEDS_RUNTIME_LAYOUT_PROOF,Finding recorded,Medium,Review
RS114,P451,he_IL,AUDIO_SUBTITLE_TIMING,PASS_STATIC_DRAFT,Finding recorded,Medium,Review
RS114,P451,id_ID,AUDIO_SUBTITLE_TIMING,NEEDS_NATIVE_REVIEW,Finding recorded,Medium,Review
RS114,P451,ja_JP,TERMINOLOGY_LOCK,NEEDS_NATIVE_REVIEW,Finding recorded,Medium,Review
RS114,P451,ko_KR,EXPANSION_RISK,NEEDS_FONT_GLYPH_PROOF,Finding recorded,Medium,Review
RS114,P451,nl_NL,VOICE_REGISTER,NEEDS_NATIVE_REVIEW,Finding recorded,Medium,Review
RS114,P451,pl_PL,SURFACE_LENGTH,NEEDS_RUNTIME_LAYOUT_PROOF,Finding recorded,Medium,Review
RS114,P451,pt_BR,TERMINOLOGY_LOCK,NEEDS_NATIVE_REVIEW,Finding recorded,Medium,Review
RS114,P451,ru_RU,RTL_DIRECTION,PASS_STATIC_DRAFT,Finding recorded,Medium,Review
RS114,P451,uk_UA,RTL_DIRECTION,NEEDS_FONT_GLYPH_PROOF,Finding recorded,Medium,Review
RS114,P451,zh_CN,SPOILER_BOUNDARY,NEEDS_RUNTIME_LAYOUT_PROOF,Finding recorded,Medium,Review
RS114,P452,en_US,TERMINOLOGY_LOCK,NEEDS_RUNTIME_LAYOUT_PROOF,Finding recorded,Medium,Review
RS114,P452,ar_SA,CJK_GLYPH_SCOPE,PASS_STATIC_DRAFT,Finding recorded,Medium,Review
RS114,P452,de_DE,SURFACE_LENGTH,PASS_STATIC_DRAFT,Finding recorded,Medium,Review
RS114,P452,es_ES,SPOILER_BOUNDARY,NEEDS_FONT_GLYPH_PROOF,Finding recorded,Medium,Review
RS114,P452,fr_FR,VOICE_REGISTER,NEEDS_RUNTIME_LAYOUT_PROOF,Finding recorded,Medium,Review
RS114,P452,he_IL,RTL_DIRECTION,PASS_STATIC_DRAFT,Finding recorded,Medium,Review
RS114,P452,id_ID,RTL_DIRECTION,NEEDS_NATIVE_REVIEW,Finding recorded,Medium,Review
RS114,P452,ja_JP,SPOILER_BOUNDARY,PASS_STATIC_DRAFT,Finding recorded,Medium,Review
RS114,P452,ko_KR,RTL_DIRECTION,NEEDS_NATIVE_REVIEW,Finding recorded,Medium,Review
RS114,P452,nl_NL,EXPANSION_RISK,NEEDS_NATIVE_REVIEW,Finding recorded,Medium,Review
RS114,P452,pl_PL,EXPANSION_RISK,NEEDS_FONT_GLYPH_PROOF,Finding recorded,Medium,Review
RS114,P452,pt_BR,SPOILER_BOUNDARY,PASS_STATIC_DRAFT,Finding recorded,Medium,Review
RS114,P452,ru_RU,ID_PRESERVATION,NEEDS_RUNTIME_LAYOUT_PROOF,Finding recorded,Medium,Review
RS114,P452,uk_UA,CJK_GLYPH_SCOPE,NEEDS_RUNTIME_LAYOUT_PROOF,Finding recorded,Medium,Review
RS114,P452,zh_CN,TERMINOLOGY_LOCK,PASS_STATIC_DRAFT,Finding recorded,Medium,Review
RS114,P453,en_US,EXPANSION_RISK,PASS_STATIC_DRAFT,Finding recorded,Medium,Review
RS114,P453,ar_SA,ID_PRESERVATION,PASS_STATIC_DRAFT,Finding recorded,Medium,Review
RS114,P453,de_DE,SURFACE_LENGTH,NEEDS_FONT_GLYPH_PROOF,Finding recorded,Medium,Review
RS114,P453,es_ES,ID_PRESERVATION,NEEDS_RUNTIME_LAYOUT_PROOF,Finding recorded,Medium,Review
RS114,P453,fr_FR,VOICE_REGISTER,PASS_STATIC_DRAFT,Finding recorded,Medium,Review
RS114,P453,he_IL,RTL_DIRECTION,PASS_STATIC_DRAFT,Finding recorded,Medium,Review
RS114,P453,id_ID,VOICE_REGISTER,PASS_STATIC_DRAFT,Finding recorded,Medium,Review
RS114,P453,ja_JP,EXPANSION_RISK,NEEDS_RUNTIME_LAYOUT_PROOF,Finding recorded,Medium,Review
RS114,P453,ko_KR,RTL_DIRECTION,NEEDS_FONT_GLYPH_PROOF,Finding recorded,Medium,Review
RS114,P453,nl_NL,AUDIO_SUBTITLE_TIMING,NEEDS_FONT_GLYPH_PROOF,Finding recorded,Medium,Review
RS114,P453,pl_PL,CJK_GLYPH_SCOPE,NEEDS_FONT_GLYPH_PROOF,Finding recorded,Medium,Review
RS114,P453,pt_BR,VOICE_REGISTER,NEEDS_FONT_GLYPH_PROOF,Finding recorded,Medium,Review
RS114,P453,ru_RU,AUDIO_SUBTITLE_TIMING,PASS_STATIC_DRAFT,Finding recorded,Medium,Review
RS114,P453,uk_UA,TERMINOLOGY_LOCK,NEEDS_FONT_GLYPH_PROOF,Finding recorded,Medium,Review
RS114,P453,zh_CN,EXPANSION_RISK,NEEDS_RUNTIME_LAYOUT_PROOF,Finding recorded,Medium,Review
RS114,P454,en_US,ID_PRESERVATION,NEEDS_RUNTIME_LAYOUT_PROOF,Finding recorded,Medium,Review
RS114,P454,ar_SA,UNIT_AND_NUMBER_PRESERVATION,NEEDS_RUNTIME_LAYOUT_PROOF,Finding recorded,Medium,Review
RS114,P454,de_DE,SURFACE_LENGTH,NEEDS_NATIVE_REVIEW,Finding recorded,Medium,Review
RS114,P454,es_ES,ID_PRESERVATION,NEEDS_RUNTIME_LAYOUT_PROOF,Finding recorded,Medium,Review
RS114,P454,fr_FR,EXPANSION_RISK,NEEDS_RUNTIME_LAYOUT_PROOF,Finding recorded,Medium,Review
RS114,P454,he_IL,CJK_GLYPH_SCOPE,PASS_STATIC_DRAFT,Finding recorded,Medium,Review
RS114,P454,id_ID,EXPANSION_RISK,PASS_STATIC_DRAFT,Finding recorded,Medium,Review
RS114,P454,ja_JP,SURFACE_LENGTH,NEEDS_NATIVE_REVIEW,Finding recorded,Medium,Review
RS114,P454,ko_KR,TERMINOLOGY_LOCK,PASS_STATIC_DRAFT,Finding recorded,Medium,Review
RS114,P454,nl_NL,UNIT_AND_NUMBER_PRESERVATION,NEEDS_RUNTIME_LAYOUT_PROOF,Finding recorded,Medium,Review
RS114,P454,pl_PL,SURFACE_LENGTH,NEEDS_NATIVE_REVIEW,Finding recorded,Medium,Review
RS114,P454,pt_BR,CJK_GLYPH_SCOPE,NEEDS_FONT_GLYPH_PROOF,Finding recorded,Medium,Review
RS114,P454,ru_RU,AUDIO_SUBTITLE_TIMING,NEEDS_RUNTIME_LAYOUT_PROOF,Finding recorded,Medium,Review
RS114,P454,uk_UA,RTL_DIRECTION,NEEDS_FONT_GLYPH_PROOF,Finding recorded,Medium,Review
RS114,P454,zh_CN,VOICE_REGISTER,NEEDS_RUNTIME_LAYOUT_PROOF,Finding recorded,Medium,Review
RS114,P455,en_US,RTL_DIRECTION,PASS_STATIC_DRAFT,Finding recorded,Medium,Review
RS114,P455,ar_SA,AUDIO_SUBTITLE_TIMING,NEEDS_FONT_GLYPH_PROOF,Finding recorded,Medium,Review
RS114,P455,de_DE,UNIT_AND_NUMBER_PRESERVATION,PASS_STATIC_DRAFT,Finding recorded,Medium,Review
RS114,P455,es_ES,CJK_GLYPH_SCOPE,NEEDS_RUNTIME_LAYOUT_PROOF,Finding recorded,Medium,Review
RS114,P455,fr_FR,SURFACE_LENGTH,NEEDS_RUNTIME_LAYOUT_PROOF,Finding recorded,Medium,Review
RS114,P455,he_IL,UNIT_AND_NUMBER_PRESERVATION,NEEDS_FONT_GLYPH_PROOF,Finding recorded,Medium,Review
RS114,P455,id_ID,TERMINOLOGY_LOCK,NEEDS_NATIVE_REVIEW,Finding recorded,Medium,Review
RS114,P455,ja_JP,VOICE_REGISTER,NEEDS_NATIVE_REVIEW,Finding recorded,Medium,Review
RS114,P455,ko_KR,UNIT_AND_NUMBER_PRESERVATION,NEEDS_RUNTIME_LAYOUT_PROOF,Finding recorded,Medium,Review
RS114,P455,nl_NL,RTL_DIRECTION,NEEDS_FONT_GLYPH_PROOF,Finding recorded,Medium,Review
RS114,P455,pl_PL,AUDIO_SUBTITLE_TIMING,PASS_STATIC_DRAFT,Finding recorded,Medium,Review
RS114,P455,pt_BR,TERMINOLOGY_LOCK,NEEDS_FONT_GLYPH_PROOF,Finding recorded,Medium,Review
RS114,P455,ru_RU,SPOILER_BOUNDARY,NEEDS_NATIVE_REVIEW,Finding recorded,Medium,Review
RS114,P455,uk_UA,ID_PRESERVATION,NEEDS_NATIVE_REVIEW,Finding recorded,Medium,Review
RS114,P455,zh_CN,TERMINOLOGY_LOCK,NEEDS_RUNTIME_LAYOUT_PROOF,Finding recorded,Medium,Review
RS114,P456,en_US,UNIT_AND_NUMBER_PRESERVATION,NEEDS_RUNTIME_LAYOUT_PROOF,Finding recorded,Medium,Review
RS114,P456,ar_SA,SPOILER_BOUNDARY,NEEDS_FONT_GLYPH_PROOF,Finding recorded,Medium,Review
RS114,P456,de_DE,ID_PRESERVATION,NEEDS_RUNTIME_LAYOUT_PROOF,Finding recorded,Medium,Review
RS114,P456,es_ES,EXPANSION_RISK,NEEDS_NATIVE_REVIEW,Finding recorded,Medium,Review
RS114,P456,fr_FR,EXPANSION_RISK,PASS_STATIC_DRAFT,Finding recorded,Medium,Review
RS114,P456,he_IL,VOICE_REGISTER,NEEDS_FONT_GLYPH_PROOF,Finding recorded,Medium,Review
RS114,P456,id_ID,AUDIO_SUBTITLE_TIMING,PASS_STATIC_DRAFT,Finding recorded,Medium,Review
RS114,P456,ja_JP,RTL_DIRECTION,PASS_STATIC_DRAFT,Finding recorded,Medium,Review
RS114,P456,ko_KR,RTL_DIRECTION,NEEDS_RUNTIME_LAYOUT_PROOF,Finding recorded,Medium,Review
RS114,P456,nl_NL,TERMINOLOGY_LOCK,NEEDS_RUNTIME_LAYOUT_PROOF,Finding recorded,Medium,Review
RS114,P456,pl_PL,UNIT_AND_NUMBER_PRESERVATION,NEEDS_RUNTIME_LAYOUT_PROOF,Finding recorded,Medium,Review
RS114,P456,pt_BR,VOICE_REGISTER,NEEDS_NATIVE_REVIEW,Finding recorded,Medium,Review
RS114,P456,ru_RU,VOICE_REGISTER,NEEDS_RUNTIME_LAYOUT_PROOF,Finding recorded,Medium,Review
RS114,P456,uk_UA,EXPANSION_RISK,NEEDS_NATIVE_REVIEW,Finding recorded,Medium,Review
RS114,P456,zh_CN,SPOILER_BOUNDARY,NEEDS_FONT_GLYPH_PROOF,Finding recorded,Medium,Review
RS114,P457,en_US,ID_PRESERVATION,PASS_STATIC_DRAFT,Finding recorded,Medium,Review
RS114,P457,ar_SA,CJK_GLYPH_SCOPE,NEEDS_RUNTIME_LAYOUT_PROOF,Finding recorded,Medium,Review
RS114,P457,de_DE,UNIT_AND_NUMBER_PRESERVATION,PASS_STATIC_DRAFT,Finding recorded,Medium,Review
RS114,P457,es_ES,SURFACE_LENGTH,NEEDS_RUNTIME_LAYOUT_PROOF,Finding recorded,Medium,Review
RS114,P457,fr_FR,CJK_GLYPH_SCOPE,NEEDS_NATIVE_REVIEW,Finding recorded,Medium,Review
RS114,P457,he_IL,SURFACE_LENGTH,PASS_STATIC_DRAFT,Finding recorded,Medium,Review
RS114,P457,id_ID,RTL_DIRECTION,NEEDS_NATIVE_REVIEW,Finding recorded,Medium,Review
RS114,P457,ja_JP,UNIT_AND_NUMBER_PRESERVATION,NEEDS_FONT_GLYPH_PROOF,Finding recorded,Medium,Review
RS114,P457,ko_KR,ID_PRESERVATION,NEEDS_RUNTIME_LAYOUT_PROOF,Finding recorded,Medium,Review
RS114,P457,nl_NL,AUDIO_SUBTITLE_TIMING,NEEDS_FONT_GLYPH_PROOF,Finding recorded,Medium,Review
RS114,P457,pl_PL,ID_PRESERVATION,NEEDS_FONT_GLYPH_PROOF,Finding recorded,Medium,Review
RS114,P457,pt_BR,AUDIO_SUBTITLE_TIMING,NEEDS_NATIVE_REVIEW,Finding recorded,Medium,Review
RS114,P457,ru_RU,SURFACE_LENGTH,NEEDS_RUNTIME_LAYOUT_PROOF,Finding recorded,Medium,Review
RS114,P457,uk_UA,SPOILER_BOUNDARY,NEEDS_NATIVE_REVIEW,Finding recorded,Medium,Review
RS114,P457,zh_CN,RTL_DIRECTION,PASS_STATIC_DRAFT,Finding recorded,Medium,Review
RS114,P458,en_US,SURFACE_LENGTH,NEEDS_RUNTIME_LAYOUT_PROOF,Finding recorded,Medium,Review
RS114,P458,ar_SA,UNIT_AND_NUMBER_PRESERVATION,NEEDS_RUNTIME_LAYOUT_PROOF,Finding recorded,Medium,Review
RS114,P458,de_DE,TERMINOLOGY_LOCK,NEEDS_FONT_GLYPH_PROOF,Finding recorded,Medium,Review
RS114,P458,es_ES,ID_PRESERVATION,NEEDS_NATIVE_REVIEW,Finding recorded,Medium,Review
RS114,P458,fr_FR,SPOILER_BOUNDARY,PASS_STATIC_DRAFT,Finding recorded,Medium,Review
RS114,P458,he_IL,CJK_GLYPH_SCOPE,NEEDS_FONT_GLYPH_PROOF,Finding recorded,Medium,Review
RS114,P458,id_ID,VOICE_REGISTER,NEEDS_FONT_GLYPH_PROOF,Finding recorded,Medium,Review
RS114,P458,ja_JP,UNIT_AND_NUMBER_PRESERVATION,NEEDS_RUNTIME_LAYOUT_PROOF,Finding recorded,Medium,Review
RS114,P458,ko_KR,VOICE_REGISTER,NEEDS_FONT_GLYPH_PROOF,Finding recorded,Medium,Review
RS114,P458,nl_NL,SPOILER_BOUNDARY,NEEDS_RUNTIME_LAYOUT_PROOF,Finding recorded,Medium,Review
RS114,P458,pl_PL,AUDIO_SUBTITLE_TIMING,NEEDS_FONT_GLYPH_PROOF,Finding recorded,Medium,Review
RS114,P458,pt_BR,TERMINOLOGY_LOCK,NEEDS_NATIVE_REVIEW,Finding recorded,Medium,Review
RS114,P458,ru_RU,CJK_GLYPH_SCOPE,PASS_STATIC_DRAFT,Finding recorded,Medium,Review
RS114,P458,uk_UA,RTL_DIRECTION,NEEDS_FONT_GLYPH_PROOF,Finding recorded,Medium,Review
RS114,P458,zh_CN,CJK_GLYPH_SCOPE,NEEDS_RUNTIME_LAYOUT_PROOF,Finding recorded,Medium,Review
RS114,P459,en_US,TERMINOLOGY_LOCK,NEEDS_NATIVE_REVIEW,Finding recorded,Medium,Review
RS114,P459,ar_SA,ID_PRESERVATION,NEEDS_FONT_GLYPH_PROOF,Finding recorded,Medium,Review
RS114,P459,de_DE,SPOILER_BOUNDARY,PASS_STATIC_DRAFT,Finding recorded,Medium,Review
RS114,P459,es_ES,ID_PRESERVATION,NEEDS_FONT_GLYPH_PROOF,Finding recorded,Medium,Review
RS114,P459,fr_FR,ID_PRESERVATION,NEEDS_NATIVE_REVIEW,Finding recorded,Medium,Review
RS114,P459,he_IL,TERMINOLOGY_LOCK,NEEDS_FONT_GLYPH_PROOF,Finding recorded,Medium,Review
RS114,P459,id_ID,SURFACE_LENGTH,NEEDS_FONT_GLYPH_PROOF,Finding recorded,Medium,Review
RS114,P459,ja_JP,SURFACE_LENGTH,PASS_STATIC_DRAFT,Finding recorded,Medium,Review
RS114,P459,ko_KR,AUDIO_SUBTITLE_TIMING,NEEDS_RUNTIME_LAYOUT_PROOF,Finding recorded,Medium,Review
RS114,P459,nl_NL,UNIT_AND_NUMBER_PRESERVATION,NEEDS_RUNTIME_LAYOUT_PROOF,Finding recorded,Medium,Review
RS114,P459,pl_PL,SURFACE_LENGTH,NEEDS_RUNTIME_LAYOUT_PROOF,Finding recorded,Medium,Review
RS114,P459,pt_BR,RTL_DIRECTION,PASS_STATIC_DRAFT,Finding recorded,Medium,Review
RS114,P459,ru_RU,RTL_DIRECTION,NEEDS_RUNTIME_LAYOUT_PROOF,Finding recorded,Medium,Review
RS114,P459,uk_UA,RTL_DIRECTION,PASS_STATIC_DRAFT,Finding recorded,Medium,Review
RS114,P459,zh_CN,VOICE_REGISTER,NEEDS_RUNTIME_LAYOUT_PROOF,Finding recorded,Medium,Review
RS115,P460,en_US,TERMINOLOGY_LOCK,PASS_STATIC_DRAFT,Finding recorded,Medium,Review
RS115,P460,ar_SA,AUDIO_SUBTITLE_TIMING,NEEDS_RUNTIME_LAYOUT_PROOF,Finding recorded,Medium,Review
RS115,P460,de_DE,CJK_GLYPH_SCOPE,NEEDS_NATIVE_REVIEW,Finding recorded,Medium,Review
RS115,P460,es_ES,UNIT_AND_NUMBER_PRESERVATION,NEEDS_RUNTIME_LAYOUT_PROOF,Finding recorded,Medium,Review
RS115,P460,fr_FR,AUDIO_SUBTITLE_TIMING,NEEDS_FONT_GLYPH_PROOF,Finding recorded,Medium,Review
RS115,P460,he_IL,CJK_GLYPH_SCOPE,NEEDS_RUNTIME_LAYOUT_PROOF,Finding recorded,Medium,Review
RS115,P460,id_ID,RTL_DIRECTION,NEEDS_FONT_GLYPH_PROOF,Finding recorded,Medium,Review
RS115,P460,ja_JP,ID_PRESERVATION,NEEDS_RUNTIME_LAYOUT_PROOF,Finding recorded,Medium,Review
RS115,P460,ko_KR,ID_PRESERVATION,PASS_STATIC_DRAFT,Finding recorded,Medium,Review
RS115,P460,nl_NL,RTL_DIRECTION,PASS_STATIC_DRAFT,Finding recorded,Medium,Review
RS115,P460,pl_PL,ID_PRESERVATION,NEEDS_NATIVE_REVIEW,Finding recorded,Medium,Review
RS115,P460,pt_BR,SPOILER_BOUNDARY,PASS_STATIC_DRAFT,Finding recorded,Medium,Review
RS115,P460,ru_RU,RTL_DIRECTION,NEEDS_RUNTIME_LAYOUT_PROOF,Finding recorded,Medium,Review
RS115,P460,uk_UA,AUDIO_SUBTITLE_TIMING,PASS_STATIC_DRAFT,Finding recorded,Medium,Review
RS115,P460,zh_CN,SPOILER_BOUNDARY,PASS_STATIC_DRAFT,Finding recorded,Medium,Review
RS115,P461,en_US,UNIT_AND_NUMBER_PRESERVATION,NEEDS_NATIVE_REVIEW,Finding recorded,Medium,Review
RS115,P461,ar_SA,VOICE_REGISTER,PASS_STATIC_DRAFT,Finding recorded,Medium,Review
RS115,P461,de_DE,TERMINOLOGY_LOCK,NEEDS_RUNTIME_LAYOUT_PROOF,Finding recorded,Medium,Review
RS115,P461,es_ES,SURFACE_LENGTH,NEEDS_FONT_GLYPH_PROOF,Finding recorded,Medium,Review
RS115,P461,fr_FR,EXPANSION_RISK,NEEDS_RUNTIME_LAYOUT_PROOF,Finding recorded,Medium,Review
RS115,P461,he_IL,SPOILER_BOUNDARY,NEEDS_RUNTIME_LAYOUT_PROOF,Finding recorded,Medium,Review
RS115,P461,id_ID,RTL_DIRECTION,NEEDS_NATIVE_REVIEW,Finding recorded,Medium,Review
RS115,P461,ja_JP,RTL_DIRECTION,PASS_STATIC_DRAFT,Finding recorded,Medium,Review
RS115,P461,ko_KR,EXPANSION_RISK,NEEDS_FONT_GLYPH_PROOF,Finding recorded,Medium,Review
RS115,P461,nl_NL,SPOILER_BOUNDARY,NEEDS_NATIVE_REVIEW,Finding recorded,Medium,Review
RS115,P461,pl_PL,AUDIO_SUBTITLE_TIMING,PASS_STATIC_DRAFT,Finding recorded,Medium,Review
RS115,P461,pt_BR,TERMINOLOGY_LOCK,NEEDS_RUNTIME_LAYOUT_PROOF,Finding recorded,Medium,Review
RS115,P461,ru_RU,SPOILER_BOUNDARY,NEEDS_NATIVE_REVIEW,Finding recorded,Medium,Review
RS115,P461,uk_UA,EXPANSION_RISK,NEEDS_RUNTIME_LAYOUT_PROOF,Finding recorded,Medium,Review
RS115,P461,zh_CN,TERMINOLOGY_LOCK,NEEDS_RUNTIME_LAYOUT_PROOF,Finding recorded,Medium,Review
RS115,P462,en_US,CJK_GLYPH_SCOPE,NEEDS_RUNTIME_LAYOUT_PROOF,Finding recorded,Medium,Review
RS115,P462,ar_SA,VOICE_REGISTER,NEEDS_FONT_GLYPH_PROOF,Finding recorded,Medium,Review
RS115,P462,de_DE,TERMINOLOGY_LOCK,NEEDS_RUNTIME_LAYOUT_PROOF,Finding recorded,Medium,Review
RS115,P462,es_ES,TERMINOLOGY_LOCK,NEEDS_FONT_GLYPH_PROOF,Finding recorded,Medium,Review
RS115,P462,fr_FR,AUDIO_SUBTITLE_TIMING,NEEDS_NATIVE_REVIEW,Finding recorded,Medium,Review
RS115,P462,he_IL,TERMINOLOGY_LOCK,NEEDS_NATIVE_REVIEW,Finding recorded,Medium,Review
RS115,P462,id_ID,SPOILER_BOUNDARY,NEEDS_FONT_GLYPH_PROOF,Finding recorded,Medium,Review
RS115,P462,ja_JP,SPOILER_BOUNDARY,PASS_STATIC_DRAFT,Finding recorded,Medium,Review
RS115,P462,ko_KR,RTL_DIRECTION,NEEDS_FONT_GLYPH_PROOF,Finding recorded,Medium,Review
RS115,P462,nl_NL,TERMINOLOGY_LOCK,PASS_STATIC_DRAFT,Finding recorded,Medium,Review
RS115,P462,pl_PL,RTL_DIRECTION,NEEDS_RUNTIME_LAYOUT_PROOF,Finding recorded,Medium,Review
RS115,P462,pt_BR,AUDIO_SUBTITLE_TIMING,PASS_STATIC_DRAFT,Finding recorded,Medium,Review
RS115,P462,ru_RU,EXPANSION_RISK,NEEDS_NATIVE_REVIEW,Finding recorded,Medium,Review
RS115,P462,uk_UA,TERMINOLOGY_LOCK,NEEDS_RUNTIME_LAYOUT_PROOF,Finding recorded,Medium,Review
RS115,P462,zh_CN,AUDIO_SUBTITLE_TIMING,PASS_STATIC_DRAFT,Finding recorded,Medium,Review
RS115,P463,en_US,CJK_GLYPH_SCOPE,NEEDS_FONT_GLYPH_PROOF,Finding recorded,Medium,Review
RS115,P463,ar_SA,CJK_GLYPH_SCOPE,NEEDS_FONT_GLYPH_PROOF,Finding recorded,Medium,Review
RS115,P463,de_DE,RTL_DIRECTION,NEEDS_FONT_GLYPH_PROOF,Finding recorded,Medium,Review
RS115,P463,es_ES,RTL_DIRECTION,NEEDS_FONT_GLYPH_PROOF,Finding recorded,Medium,Review
RS115,P463,fr_FR,ID_PRESERVATION,NEEDS_NATIVE_REVIEW,Finding recorded,Medium,Review
RS115,P463,he_IL,SPOILER_BOUNDARY,NEEDS_NATIVE_REVIEW,Finding recorded,Medium,Review
RS115,P463,id_ID,RTL_DIRECTION,PASS_STATIC_DRAFT,Finding recorded,Medium,Review
RS115,P463,ja_JP,CJK_GLYPH_SCOPE,PASS_STATIC_DRAFT,Finding recorded,Medium,Review
RS115,P463,ko_KR,CJK_GLYPH_SCOPE,NEEDS_RUNTIME_LAYOUT_PROOF,Finding recorded,Medium,Review
RS115,P463,nl_NL,VOICE_REGISTER,NEEDS_FONT_GLYPH_PROOF,Finding recorded,Medium,Review
RS115,P463,pl_PL,ID_PRESERVATION,NEEDS_NATIVE_REVIEW,Finding recorded,Medium,Review
RS115,P463,pt_BR,RTL_DIRECTION,PASS_STATIC_DRAFT,Finding recorded,Medium,Review
RS115,P463,ru_RU,SPOILER_BOUNDARY,NEEDS_FONT_GLYPH_PROOF,Finding recorded,Medium,Review
RS115,P463,uk_UA,TERMINOLOGY_LOCK,PASS_STATIC_DRAFT,Finding recorded,Medium,Review
RS115,P463,zh_CN,SPOILER_BOUNDARY,NEEDS_RUNTIME_LAYOUT_PROOF,Finding recorded,Medium,Review
RS115,P464,en_US,SPOILER_BOUNDARY,NEEDS_RUNTIME_LAYOUT_PROOF,Finding recorded,Medium,Review
RS115,P464,ar_SA,EXPANSION_RISK,PASS_STATIC_DRAFT,Finding recorded,Medium,Review
RS115,P464,de_DE,SPOILER_BOUNDARY,NEEDS_RUNTIME_LAYOUT_PROOF,Finding recorded,Medium,Review
RS115,P464,es_ES,CJK_GLYPH_SCOPE,PASS_STATIC_DRAFT,Finding recorded,Medium,Review
RS115,P464,fr_FR,TERMINOLOGY_LOCK,PASS_STATIC_DRAFT,Finding recorded,Medium,Review
RS115,P464,he_IL,SURFACE_LENGTH,NEEDS_FONT_GLYPH_PROOF,Finding recorded,Medium,Review
RS115,P464,id_ID,TERMINOLOGY_LOCK,PASS_STATIC_DRAFT,Finding recorded,Medium,Review
RS115,P464,ja_JP,AUDIO_SUBTITLE_TIMING,NEEDS_FONT_GLYPH_PROOF,Finding recorded,Medium,Review
RS115,P464,ko_KR,SURFACE_LENGTH,PASS_STATIC_DRAFT,Finding recorded,Medium,Review
RS115,P464,nl_NL,EXPANSION_RISK,NEEDS_FONT_GLYPH_PROOF,Finding recorded,Medium,Review
RS115,P464,pl_PL,UNIT_AND_NUMBER_PRESERVATION,NEEDS_NATIVE_REVIEW,Finding recorded,Medium,Review
RS115,P464,pt_BR,SPOILER_BOUNDARY,PASS_STATIC_DRAFT,Finding recorded,Medium,Review
RS115,P464,ru_RU,VOICE_REGISTER,PASS_STATIC_DRAFT,Finding recorded,Medium,Review
RS115,P464,uk_UA,UNIT_AND_NUMBER_PRESERVATION,PASS_STATIC_DRAFT,Finding recorded,Medium,Review
RS115,P464,zh_CN,CJK_GLYPH_SCOPE,PASS_STATIC_DRAFT,Finding recorded,Medium,Review
RS115,P465,en_US,TERMINOLOGY_LOCK,NEEDS_FONT_GLYPH_PROOF,Finding recorded,Medium,Review
RS115,P465,ar_SA,SURFACE_LENGTH,NEEDS_RUNTIME_LAYOUT_PROOF,Finding recorded,Medium,Review
RS115,P465,de_DE,AUDIO_SUBTITLE_TIMING,NEEDS_RUNTIME_LAYOUT_PROOF,Finding recorded,Medium,Review
RS115,P465,es_ES,SURFACE_LENGTH,NEEDS_FONT_GLYPH_PROOF,Finding recorded,Medium,Review
RS115,P465,fr_FR,EXPANSION_RISK,NEEDS_NATIVE_REVIEW,Finding recorded,Medium,Review
RS115,P465,he_IL,ID_PRESERVATION,NEEDS_FONT_GLYPH_PROOF,Finding recorded,Medium,Review
RS115,P465,id_ID,ID_PRESERVATION,NEEDS_NATIVE_REVIEW,Finding recorded,Medium,Review
RS115,P465,ja_JP,CJK_GLYPH_SCOPE,NEEDS_FONT_GLYPH_PROOF,Finding recorded,Medium,Review
RS115,P465,ko_KR,RTL_DIRECTION,NEEDS_FONT_GLYPH_PROOF,Finding recorded,Medium,Review
RS115,P465,nl_NL,RTL_DIRECTION,NEEDS_NATIVE_REVIEW,Finding recorded,Medium,Review
RS115,P465,pl_PL,UNIT_AND_NUMBER_PRESERVATION,NEEDS_FONT_GLYPH_PROOF,Finding recorded,Medium,Review
RS115,P465,pt_BR,AUDIO_SUBTITLE_TIMING,NEEDS_RUNTIME_LAYOUT_PROOF,Finding recorded,Medium,Review
RS115,P465,ru_RU,SURFACE_LENGTH,PASS_STATIC_DRAFT,Finding recorded,Medium,Review
RS115,P465,uk_UA,SPOILER_BOUNDARY,NEEDS_RUNTIME_LAYOUT_PROOF,Finding recorded,Medium,Review
RS115,P465,zh_CN,EXPANSION_RISK,NEEDS_FONT_GLYPH_PROOF,Finding recorded,Medium,Review
RS115,P466,en_US,EXPANSION_RISK,NEEDS_FONT_GLYPH_PROOF,Finding recorded,Medium,Review
RS115,P466,ar_SA,RTL_DIRECTION,NEEDS_NATIVE_REVIEW,Finding recorded,Medium,Review
RS115,P466,de_DE,CJK_GLYPH_SCOPE,NEEDS_FONT_GLYPH_PROOF,Finding recorded,Medium,Review
RS115,P466,es_ES,ID_PRESERVATION,NEEDS_FONT_GLYPH_PROOF,Finding recorded,Medium,Review
RS115,P466,fr_FR,CJK_GLYPH_SCOPE,PASS_STATIC_DRAFT,Finding recorded,Medium,Review
RS115,P466,he_IL,EXPANSION_RISK,NEEDS_RUNTIME_LAYOUT_PROOF,Finding recorded,Medium,Review
RS115,P466,id_ID,CJK_GLYPH_SCOPE,NEEDS_RUNTIME_LAYOUT_PROOF,Finding recorded,Medium,Review
RS115,P466,ja_JP,ID_PRESERVATION,NEEDS_NATIVE_REVIEW,Finding recorded,Medium,Review
RS115,P466,ko_KR,CJK_GLYPH_SCOPE,NEEDS_NATIVE_REVIEW,Finding recorded,Medium,Review
RS115,P466,nl_NL,UNIT_AND_NUMBER_PRESERVATION,NEEDS_NATIVE_REVIEW,Finding recorded,Medium,Review
RS115,P466,pl_PL,RTL_DIRECTION,NEEDS_RUNTIME_LAYOUT_PROOF,Finding recorded,Medium,Review
RS115,P466,pt_BR,SPOILER_BOUNDARY,PASS_STATIC_DRAFT,Finding recorded,Medium,Review
RS115,P466,ru_RU,RTL_DIRECTION,NEEDS_RUNTIME_LAYOUT_PROOF,Finding recorded,Medium,Review
RS115,P466,uk_UA,SPOILER_BOUNDARY,NEEDS_NATIVE_REVIEW,Finding recorded,Medium,Review
RS115,P466,zh_CN,TERMINOLOGY_LOCK,NEEDS_RUNTIME_LAYOUT_PROOF,Finding recorded,Medium,Review
RS115,P467,en_US,SPOILER_BOUNDARY,NEEDS_FONT_GLYPH_PROOF,Finding recorded,Medium,Review
RS115,P467,ar_SA,TERMINOLOGY_LOCK,NEEDS_RUNTIME_LAYOUT_PROOF,Finding recorded,Medium,Review
RS115,P467,de_DE,UNIT_AND_NUMBER_PRESERVATION,NEEDS_NATIVE_REVIEW,Finding recorded,Medium,Review
RS115,P467,es_ES,SPOILER_BOUNDARY,NEEDS_NATIVE_REVIEW,Finding recorded,Medium,Review
RS115,P467,fr_FR,SPOILER_BOUNDARY,PASS_STATIC_DRAFT,Finding recorded,Medium,Review
RS115,P467,he_IL,AUDIO_SUBTITLE_TIMING,PASS_STATIC_DRAFT,Finding recorded,Medium,Review
RS115,P467,id_ID,UNIT_AND_NUMBER_PRESERVATION,NEEDS_RUNTIME_LAYOUT_PROOF,Finding recorded,Medium,Review
RS115,P467,ja_JP,SURFACE_LENGTH,NEEDS_RUNTIME_LAYOUT_PROOF,Finding recorded,Medium,Review
RS115,P467,ko_KR,TERMINOLOGY_LOCK,NEEDS_NATIVE_REVIEW,Finding recorded,Medium,Review
RS115,P467,nl_NL,VOICE_REGISTER,NEEDS_RUNTIME_LAYOUT_PROOF,Finding recorded,Medium,Review
RS115,P467,pl_PL,AUDIO_SUBTITLE_TIMING,NEEDS_RUNTIME_LAYOUT_PROOF,Finding recorded,Medium,Review
RS115,P467,pt_BR,EXPANSION_RISK,NEEDS_FONT_GLYPH_PROOF,Finding recorded,Medium,Review
RS115,P467,ru_RU,UNIT_AND_NUMBER_PRESERVATION,NEEDS_FONT_GLYPH_PROOF,Finding recorded,Medium,Review
RS115,P467,uk_UA,AUDIO_SUBTITLE_TIMING,PASS_STATIC_DRAFT,Finding recorded,Medium,Review
RS115,P467,zh_CN,SURFACE_LENGTH,NEEDS_RUNTIME_LAYOUT_PROOF,Finding recorded,Medium,Review
RS115,P468,en_US,AUDIO_SUBTITLE_TIMING,NEEDS_FONT_GLYPH_PROOF,Finding recorded,Medium,Review
RS115,P468,ar_SA,VOICE_REGISTER,PASS_STATIC_DRAFT,Finding recorded,Medium,Review
RS115,P468,de_DE,VOICE_REGISTER,PASS_STATIC_DRAFT,Finding recorded,Medium,Review
RS115,P468,es_ES,SURFACE_LENGTH,NEEDS_FONT_GLYPH_PROOF,Finding recorded,Medium,Review
RS115,P468,fr_FR,CJK_GLYPH_SCOPE,NEEDS_RUNTIME_LAYOUT_PROOF,Finding recorded,Medium,Review
RS115,P468,he_IL,VOICE_REGISTER,NEEDS_RUNTIME_LAYOUT_PROOF,Finding recorded,Medium,Review
RS115,P468,id_ID,RTL_DIRECTION,PASS_STATIC_DRAFT,Finding recorded,Medium,Review
RS115,P468,ja_JP,AUDIO_SUBTITLE_TIMING,PASS_STATIC_DRAFT,Finding recorded,Medium,Review
RS115,P468,ko_KR,RTL_DIRECTION,PASS_STATIC_DRAFT,Finding recorded,Medium,Review
RS115,P468,nl_NL,ID_PRESERVATION,NEEDS_NATIVE_REVIEW,Finding recorded,Medium,Review
RS115,P468,pl_PL,SURFACE_LENGTH,NEEDS_FONT_GLYPH_PROOF,Finding recorded,Medium,Review
RS115,P468,pt_BR,UNIT_AND_NUMBER_PRESERVATION,NEEDS_NATIVE_REVIEW,Finding recorded,Medium,Review
RS115,P468,ru_RU,SURFACE_LENGTH,NEEDS_NATIVE_REVIEW,Finding recorded,Medium,Review
RS115,P468,uk_UA,AUDIO_SUBTITLE_TIMING,NEEDS_FONT_GLYPH_PROOF,Finding recorded,Medium,Review
RS115,P468,zh_CN,VOICE_REGISTER,NEEDS_NATIVE_REVIEW,Finding recorded,Medium,Review
RS115,P469,en_US,UNIT_AND_NUMBER_PRESERVATION,PASS_STATIC_DRAFT,Finding recorded,Medium,Review
RS115,P469,ar_SA,CJK_GLYPH_SCOPE,NEEDS_FONT_GLYPH_PROOF,Finding recorded,Medium,Review
RS115,P469,de_DE,CJK_GLYPH_SCOPE,NEEDS_RUNTIME_LAYOUT_PROOF,Finding recorded,Medium,Review
RS115,P469,es_ES,EXPANSION_RISK,NEEDS_FONT_GLYPH_PROOF,Finding recorded,Medium,Review
RS115,P469,fr_FR,SPOILER_BOUNDARY,NEEDS_RUNTIME_LAYOUT_PROOF,Finding recorded,Medium,Review
RS115,P469,he_IL,SPOILER_BOUNDARY,NEEDS_FONT_GLYPH_PROOF,Finding recorded,Medium,Review
RS115,P469,id_ID,TERMINOLOGY_LOCK,NEEDS_NATIVE_REVIEW,Finding recorded,Medium,Review
RS115,P469,ja_JP,TERMINOLOGY_LOCK,NEEDS_NATIVE_REVIEW,Finding recorded,Medium,Review
RS115,P469,ko_KR,RTL_DIRECTION,PASS_STATIC_DRAFT,Finding recorded,Medium,Review
RS115,P469,nl_NL,RTL_DIRECTION,NEEDS_FONT_GLYPH_PROOF,Finding recorded,Medium,Review
RS115,P469,pl_PL,UNIT_AND_NUMBER_PRESERVATION,NEEDS_FONT_GLYPH_PROOF,Finding recorded,Medium,Review
RS115,P469,pt_BR,TERMINOLOGY_LOCK,NEEDS_FONT_GLYPH_PROOF,Finding recorded,Medium,Review
RS115,P469,ru_RU,SURFACE_LENGTH,NEEDS_NATIVE_REVIEW,Finding recorded,Medium,Review
RS115,P469,uk_UA,SPOILER_BOUNDARY,NEEDS_RUNTIME_LAYOUT_PROOF,Finding recorded,Medium,Review
RS115,P469,zh_CN,RTL_DIRECTION,PASS_STATIC_DRAFT,Finding recorded,Medium,Review
RS116,P470,en_US,SURFACE_LENGTH,NEEDS_RUNTIME_LAYOUT_PROOF,Finding recorded,Medium,Review
RS116,P470,ar_SA,SPOILER_BOUNDARY,NEEDS_RUNTIME_LAYOUT_PROOF,Finding recorded,Medium,Review
RS116,P470,de_DE,TERMINOLOGY_LOCK,NEEDS_FONT_GLYPH_PROOF,Finding recorded,Medium,Review
RS116,P470,es_ES,VOICE_REGISTER,NEEDS_NATIVE_REVIEW,Finding recorded,Medium,Review
RS116,P470,fr_FR,SPOILER_BOUNDARY,NEEDS_FONT_GLYPH_PROOF,Finding recorded,Medium,Review
RS116,P470,he_IL,CJK_GLYPH_SCOPE,NEEDS_RUNTIME_LAYOUT_PROOF,Finding recorded,Medium,Review
RS116,P470,id_ID,CJK_GLYPH_SCOPE,NEEDS_NATIVE_REVIEW,Finding recorded,Medium,Review
RS116,P470,ja_JP,EXPANSION_RISK,NEEDS_RUNTIME_LAYOUT_PROOF,Finding recorded,Medium,Review
RS116,P470,ko_KR,SURFACE_LENGTH,NEEDS_FONT_GLYPH_PROOF,Finding recorded,Medium,Review
RS116,P470,nl_NL,ID_PRESERVATION,NEEDS_FONT_GLYPH_PROOF,Finding recorded,Medium,Review
RS116,P470,pl_PL,TERMINOLOGY_LOCK,NEEDS_NATIVE_REVIEW,Finding recorded,Medium,Review
RS116,P470,pt_BR,RTL_DIRECTION,NEEDS_NATIVE_REVIEW,Finding recorded,Medium,Review
RS116,P470,ru_RU,TERMINOLOGY_LOCK,NEEDS_NATIVE_REVIEW,Finding recorded,Medium,Review
RS116,P470,uk_UA,ID_PRESERVATION,PASS_STATIC_DRAFT,Finding recorded,Medium,Review
RS116,P470,zh_CN,CJK_GLYPH_SCOPE,NEEDS_FONT_GLYPH_PROOF,Finding recorded,Medium,Review
RS116,P471,en_US,EXPANSION_RISK,NEEDS_NATIVE_REVIEW,Finding recorded,Medium,Review
RS116,P471,ar_SA,VOICE_REGISTER,NEEDS_NATIVE_REVIEW,Finding recorded,Medium,Review
RS116,P471,de_DE,AUDIO_SUBTITLE_TIMING,NEEDS_FONT_GLYPH_PROOF,Finding recorded,Medium,Review
RS116,P471,es_ES,SURFACE_LENGTH,NEEDS_RUNTIME_LAYOUT_PROOF,Finding recorded,Medium,Review
RS116,P471,fr_FR,SURFACE_LENGTH,NEEDS_RUNTIME_LAYOUT_PROOF,Finding recorded,Medium,Review
RS116,P471,he_IL,ID_PRESERVATION,NEEDS_FONT_GLYPH_PROOF,Finding recorded,Medium,Review
RS116,P471,id_ID,SURFACE_LENGTH,NEEDS_RUNTIME_LAYOUT_PROOF,Finding recorded,Medium,Review
RS116,P471,ja_JP,ID_PRESERVATION,PASS_STATIC_DRAFT,Finding recorded,Medium,Review
RS116,P471,ko_KR,UNIT_AND_NUMBER_PRESERVATION,NEEDS_RUNTIME_LAYOUT_PROOF,Finding recorded,Medium,Review
RS116,P471,nl_NL,VOICE_REGISTER,NEEDS_NATIVE_REVIEW,Finding recorded,Medium,Review
RS116,P471,pl_PL,UNIT_AND_NUMBER_PRESERVATION,PASS_STATIC_DRAFT,Finding recorded,Medium,Review
RS116,P471,pt_BR,AUDIO_SUBTITLE_TIMING,NEEDS_NATIVE_REVIEW,Finding recorded,Medium,Review
RS116,P471,ru_RU,AUDIO_SUBTITLE_TIMING,NEEDS_RUNTIME_LAYOUT_PROOF,Finding recorded,Medium,Review
RS116,P471,uk_UA,TERMINOLOGY_LOCK,NEEDS_RUNTIME_LAYOUT_PROOF,Finding recorded,Medium,Review
RS116,P471,zh_CN,RTL_DIRECTION,PASS_STATIC_DRAFT,Finding recorded,Medium,Review
RS116,P472,en_US,EXPANSION_RISK,NEEDS_FONT_GLYPH_PROOF,Finding recorded,Medium,Review
RS116,P472,ar_SA,CJK_GLYPH_SCOPE,PASS_STATIC_DRAFT,Finding recorded,Medium,Review
RS116,P472,de_DE,TERMINOLOGY_LOCK,NEEDS_FONT_GLYPH_PROOF,Finding recorded,Medium,Review
RS116,P472,es_ES,ID_PRESERVATION,PASS_STATIC_DRAFT,Finding recorded,Medium,Review
RS116,P472,fr_FR,SURFACE_LENGTH,NEEDS_NATIVE_REVIEW,Finding recorded,Medium,Review
RS116,P472,he_IL,TERMINOLOGY_LOCK,PASS_STATIC_DRAFT,Finding recorded,Medium,Review
RS116,P472,id_ID,AUDIO_SUBTITLE_TIMING,PASS_STATIC_DRAFT,Finding recorded,Medium,Review
RS116,P472,ja_JP,CJK_GLYPH_SCOPE,NEEDS_RUNTIME_LAYOUT_PROOF,Finding recorded,Medium,Review
RS116,P472,ko_KR,TERMINOLOGY_LOCK,NEEDS_FONT_GLYPH_PROOF,Finding recorded,Medium,Review
RS116,P472,nl_NL,SPOILER_BOUNDARY,NEEDS_FONT_GLYPH_PROOF,Finding recorded,Medium,Review
RS116,P472,pl_PL,TERMINOLOGY_LOCK,PASS_STATIC_DRAFT,Finding recorded,Medium,Review
RS116,P472,pt_BR,SPOILER_BOUNDARY,PASS_STATIC_DRAFT,Finding recorded,Medium,Review
RS116,P472,ru_RU,VOICE_REGISTER,NEEDS_NATIVE_REVIEW,Finding recorded,Medium,Review
RS116,P472,uk_UA,SURFACE_LENGTH,NEEDS_NATIVE_REVIEW,Finding recorded,Medium,Review
RS116,P472,zh_CN,ID_PRESERVATION,NEEDS_RUNTIME_LAYOUT_PROOF,Finding recorded,Medium,Review
RS116,P473,en_US,CJK_GLYPH_SCOPE,PASS_STATIC_DRAFT,Finding recorded,Medium,Review
RS116,P473,ar_SA,CJK_GLYPH_SCOPE,NEEDS_FONT_GLYPH_PROOF,Finding recorded,Medium,Review
RS116,P473,de_DE,SURFACE_LENGTH,NEEDS_NATIVE_REVIEW,Finding recorded,Medium,Review
RS116,P473,es_ES,UNIT_AND_NUMBER_PRESERVATION,NEEDS_FONT_GLYPH_PROOF,Finding recorded,Medium,Review
RS116,P473,fr_FR,SURFACE_LENGTH,NEEDS_RUNTIME_LAYOUT_PROOF,Finding recorded,Medium,Review
RS116,P473,he_IL,RTL_DIRECTION,NEEDS_NATIVE_REVIEW,Finding recorded,Medium,Review
RS116,P473,id_ID,TERMINOLOGY_LOCK,NEEDS_NATIVE_REVIEW,Finding recorded,Medium,Review
RS116,P473,ja_JP,SURFACE_LENGTH,NEEDS_RUNTIME_LAYOUT_PROOF,Finding recorded,Medium,Review
RS116,P473,ko_KR,SURFACE_LENGTH,PASS_STATIC_DRAFT,Finding recorded,Medium,Review
RS116,P473,nl_NL,CJK_GLYPH_SCOPE,PASS_STATIC_DRAFT,Finding recorded,Medium,Review
RS116,P473,pl_PL,TERMINOLOGY_LOCK,NEEDS_NATIVE_REVIEW,Finding recorded,Medium,Review
RS116,P473,pt_BR,SPOILER_BOUNDARY,NEEDS_FONT_GLYPH_PROOF,Finding recorded,Medium,Review
RS116,P473,ru_RU,EXPANSION_RISK,NEEDS_RUNTIME_LAYOUT_PROOF,Finding recorded,Medium,Review
RS116,P473,uk_UA,SPOILER_BOUNDARY,NEEDS_FONT_GLYPH_PROOF,Finding recorded,Medium,Review
RS116,P473,zh_CN,UNIT_AND_NUMBER_PRESERVATION,NEEDS_NATIVE_REVIEW,Finding recorded,Medium,Review
RS116,P474,en_US,VOICE_REGISTER,NEEDS_RUNTIME_LAYOUT_PROOF,Finding recorded,Medium,Review
RS116,P474,ar_SA,CJK_GLYPH_SCOPE,NEEDS_RUNTIME_LAYOUT_PROOF,Finding recorded,Medium,Review
RS116,P474,de_DE,EXPANSION_RISK,PASS_STATIC_DRAFT,Finding recorded,Medium,Review
RS116,P474,es_ES,CJK_GLYPH_SCOPE,NEEDS_NATIVE_REVIEW,Finding recorded,Medium,Review
RS116,P474,fr_FR,SPOILER_BOUNDARY,NEEDS_RUNTIME_LAYOUT_PROOF,Finding recorded,Medium,Review
RS116,P474,he_IL,TERMINOLOGY_LOCK,NEEDS_RUNTIME_LAYOUT_PROOF,Finding recorded,Medium,Review
RS116,P474,id_ID,SPOILER_BOUNDARY,NEEDS_FONT_GLYPH_PROOF,Finding recorded,Medium,Review
RS116,P474,ja_JP,UNIT_AND_NUMBER_PRESERVATION,PASS_STATIC_DRAFT,Finding recorded,Medium,Review
RS116,P474,ko_KR,SURFACE_LENGTH,NEEDS_NATIVE_REVIEW,Finding recorded,Medium,Review
RS116,P474,nl_NL,SPOILER_BOUNDARY,NEEDS_RUNTIME_LAYOUT_PROOF,Finding recorded,Medium,Review
RS116,P474,pl_PL,RTL_DIRECTION,NEEDS_FONT_GLYPH_PROOF,Finding recorded,Medium,Review
RS116,P474,pt_BR,TERMINOLOGY_LOCK,NEEDS_NATIVE_REVIEW,Finding recorded,Medium,Review
RS116,P474,ru_RU,SURFACE_LENGTH,NEEDS_FONT_GLYPH_PROOF,Finding recorded,Medium,Review
RS116,P474,uk_UA,CJK_GLYPH_SCOPE,NEEDS_NATIVE_REVIEW,Finding recorded,Medium,Review
RS116,P474,zh_CN,SURFACE_LENGTH,NEEDS_FONT_GLYPH_PROOF,Finding recorded,Medium,Review
RS116,P475,en_US,TERMINOLOGY_LOCK,PASS_STATIC_DRAFT,Finding recorded,Medium,Review
RS116,P475,ar_SA,SURFACE_LENGTH,NEEDS_FONT_GLYPH_PROOF,Finding recorded,Medium,Review
RS116,P475,de_DE,AUDIO_SUBTITLE_TIMING,NEEDS_RUNTIME_LAYOUT_PROOF,Finding recorded,Medium,Review
RS116,P475,es_ES,SURFACE_LENGTH,NEEDS_RUNTIME_LAYOUT_PROOF,Finding recorded,Medium,Review
RS116,P475,fr_FR,TERMINOLOGY_LOCK,NEEDS_NATIVE_REVIEW,Finding recorded,Medium,Review
RS116,P475,he_IL,VOICE_REGISTER,NEEDS_RUNTIME_LAYOUT_PROOF,Finding recorded,Medium,Review
RS116,P475,id_ID,CJK_GLYPH_SCOPE,PASS_STATIC_DRAFT,Finding recorded,Medium,Review
RS116,P475,ja_JP,CJK_GLYPH_SCOPE,PASS_STATIC_DRAFT,Finding recorded,Medium,Review
RS116,P475,ko_KR,ID_PRESERVATION,NEEDS_RUNTIME_LAYOUT_PROOF,Finding recorded,Medium,Review
RS116,P475,nl_NL,CJK_GLYPH_SCOPE,NEEDS_FONT_GLYPH_PROOF,Finding recorded,Medium,Review
RS116,P475,pl_PL,EXPANSION_RISK,NEEDS_RUNTIME_LAYOUT_PROOF,Finding recorded,Medium,Review
RS116,P475,pt_BR,SPOILER_BOUNDARY,NEEDS_RUNTIME_LAYOUT_PROOF,Finding recorded,Medium,Review
RS116,P475,ru_RU,RTL_DIRECTION,NEEDS_RUNTIME_LAYOUT_PROOF,Finding recorded,Medium,Review
RS116,P475,uk_UA,AUDIO_SUBTITLE_TIMING,NEEDS_RUNTIME_LAYOUT_PROOF,Finding recorded,Medium,Review
RS116,P475,zh_CN,SURFACE_LENGTH,NEEDS_RUNTIME_LAYOUT_PROOF,Finding recorded,Medium,Review
RS116,P476,en_US,SPOILER_BOUNDARY,PASS_STATIC_DRAFT,Finding recorded,Medium,Review
RS116,P476,ar_SA,TERMINOLOGY_LOCK,NEEDS_FONT_GLYPH_PROOF,Finding recorded,Medium,Review
RS116,P476,de_DE,RTL_DIRECTION,PASS_STATIC_DRAFT,Finding recorded,Medium,Review
RS116,P476,es_ES,TERMINOLOGY_LOCK,NEEDS_NATIVE_REVIEW,Finding recorded,Medium,Review
RS116,P476,fr_FR,RTL_DIRECTION,PASS_STATIC_DRAFT,Finding recorded,Medium,Review
RS116,P476,he_IL,EXPANSION_RISK,PASS_STATIC_DRAFT,Finding recorded,Medium,Review
RS116,P476,id_ID,CJK_GLYPH_SCOPE,NEEDS_NATIVE_REVIEW,Finding recorded,Medium,Review
RS116,P476,ja_JP,EXPANSION_RISK,PASS_STATIC_DRAFT,Finding recorded,Medium,Review
RS116,P476,ko_KR,AUDIO_SUBTITLE_TIMING,NEEDS_RUNTIME_LAYOUT_PROOF,Finding recorded,Medium,Review
RS116,P476,nl_NL,CJK_GLYPH_SCOPE,PASS_STATIC_DRAFT,Finding recorded,Medium,Review
RS116,P476,pl_PL,TERMINOLOGY_LOCK,NEEDS_FONT_GLYPH_PROOF,Finding recorded,Medium,Review
RS116,P476,pt_BR,RTL_DIRECTION,NEEDS_NATIVE_REVIEW,Finding recorded,Medium,Review
RS116,P476,ru_RU,SPOILER_BOUNDARY,NEEDS_RUNTIME_LAYOUT_PROOF,Finding recorded,Medium,Review
RS116,P476,uk_UA,CJK_GLYPH_SCOPE,NEEDS_NATIVE_REVIEW,Finding recorded,Medium,Review
RS116,P476,zh_CN,RTL_DIRECTION,NEEDS_NATIVE_REVIEW,Finding recorded,Medium,Review
RS116,P477,en_US,TERMINOLOGY_LOCK,NEEDS_FONT_GLYPH_PROOF,Finding recorded,Medium,Review
RS116,P477,ar_SA,ID_PRESERVATION,PASS_STATIC_DRAFT,Finding recorded,Medium,Review
RS116,P477,de_DE,SURFACE_LENGTH,NEEDS_RUNTIME_LAYOUT_PROOF,Finding recorded,Medium,Review
RS116,P477,es_ES,RTL_DIRECTION,PASS_STATIC_DRAFT,Finding recorded,Medium,Review
RS116,P477,fr_FR,EXPANSION_RISK,NEEDS_RUNTIME_LAYOUT_PROOF,Finding recorded,Medium,Review
RS116,P477,he_IL,EXPANSION_RISK,NEEDS_NATIVE_REVIEW,Finding recorded,Medium,Review
RS116,P477,id_ID,CJK_GLYPH_SCOPE,NEEDS_RUNTIME_LAYOUT_PROOF,Finding recorded,Medium,Review
RS116,P477,ja_JP,SPOILER_BOUNDARY,NEEDS_NATIVE_REVIEW,Finding recorded,Medium,Review
RS116,P477,ko_KR,VOICE_REGISTER,PASS_STATIC_DRAFT,Finding recorded,Medium,Review
RS116,P477,nl_NL,SURFACE_LENGTH,PASS_STATIC_DRAFT,Finding recorded,Medium,Review
RS116,P477,pl_PL,AUDIO_SUBTITLE_TIMING,NEEDS_RUNTIME_LAYOUT_PROOF,Finding recorded,Medium,Review
RS116,P477,pt_BR,EXPANSION_RISK,NEEDS_FONT_GLYPH_PROOF,Finding recorded,Medium,Review
RS116,P477,ru_RU,TERMINOLOGY_LOCK,NEEDS_RUNTIME_LAYOUT_PROOF,Finding recorded,Medium,Review
RS116,P477,uk_UA,EXPANSION_RISK,NEEDS_NATIVE_REVIEW,Finding recorded,Medium,Review
RS116,P477,zh_CN,ID_PRESERVATION,NEEDS_FONT_GLYPH_PROOF,Finding recorded,Medium,Review
RS116,P478,en_US,SURFACE_LENGTH,NEEDS_NATIVE_REVIEW,Finding recorded,Medium,Review
RS116,P478,ar_SA,ID_PRESERVATION,NEEDS_RUNTIME_LAYOUT_PROOF,Finding recorded,Medium,Review
RS116,P478,de_DE,AUDIO_SUBTITLE_TIMING,PASS_STATIC_DRAFT,Finding recorded,Medium,Review
RS116,P478,es_ES,SURFACE_LENGTH,NEEDS_FONT_GLYPH_PROOF,Finding recorded,Medium,Review
RS116,P478,fr_FR,VOICE_REGISTER,NEEDS_RUNTIME_LAYOUT_PROOF,Finding recorded,Medium,Review
RS116,P478,he_IL,TERMINOLOGY_LOCK,NEEDS_FONT_GLYPH_PROOF,Finding recorded,Medium,Review
RS116,P478,id_ID,UNIT_AND_NUMBER_PRESERVATION,NEEDS_RUNTIME_LAYOUT_PROOF,Finding recorded,Medium,Review
RS116,P478,ja_JP,CJK_GLYPH_SCOPE,NEEDS_RUNTIME_LAYOUT_PROOF,Finding recorded,Medium,Review
RS116,P478,ko_KR,VOICE_REGISTER,NEEDS_RUNTIME_LAYOUT_PROOF,Finding recorded,Medium,Review
RS116,P478,nl_NL,SURFACE_LENGTH,NEEDS_RUNTIME_LAYOUT_PROOF,Finding recorded,Medium,Review
RS116,P478,pl_PL,UNIT_AND_NUMBER_PRESERVATION,NEEDS_FONT_GLYPH_PROOF,Finding recorded,Medium,Review
RS116,P478,pt_BR,AUDIO_SUBTITLE_TIMING,NEEDS_NATIVE_REVIEW,Finding recorded,Medium,Review
RS116,P478,ru_RU,SPOILER_BOUNDARY,NEEDS_FONT_GLYPH_PROOF,Finding recorded,Medium,Review
RS116,P478,uk_UA,CJK_GLYPH_SCOPE,PASS_STATIC_DRAFT,Finding recorded,Medium,Review
RS116,P478,zh_CN,CJK_GLYPH_SCOPE,NEEDS_NATIVE_REVIEW,Finding recorded,Medium,Review
RS116,P479,en_US,VOICE_REGISTER,NEEDS_FONT_GLYPH_PROOF,Finding recorded,Medium,Review
RS116,P479,ar_SA,AUDIO_SUBTITLE_TIMING,PASS_STATIC_DRAFT,Finding recorded,Medium,Review
RS116,P479,de_DE,UNIT_AND_NUMBER_PRESERVATION,PASS_STATIC_DRAFT,Finding recorded,Medium,Review
RS116,P479,es_ES,RTL_DIRECTION,PASS_STATIC_DRAFT,Finding recorded,Medium,Review
RS116,P479,fr_FR,SPOILER_BOUNDARY,NEEDS_RUNTIME_LAYOUT_PROOF,Finding recorded,Medium,Review
RS116,P479,he_IL,CJK_GLYPH_SCOPE,PASS_STATIC_DRAFT,Finding recorded,Medium,Review
RS116,P479,id_ID,SPOILER_BOUNDARY,NEEDS_FONT_GLYPH_PROOF,Finding recorded,Medium,Review
RS116,P479,ja_JP,ID_PRESERVATION,NEEDS_FONT_GLYPH_PROOF,Finding recorded,Medium,Review
RS116,P479,ko_KR,SPOILER_BOUNDARY,NEEDS_RUNTIME_LAYOUT_PROOF,Finding recorded,Medium,Review
RS116,P479,nl_NL,ID_PRESERVATION,NEEDS_NATIVE_REVIEW,Finding recorded,Medium,Review
RS116,P479,pl_PL,CJK_GLYPH_SCOPE,NEEDS_FONT_GLYPH_PROOF,Finding recorded,Medium,Review
RS116,P479,pt_BR,SPOILER_BOUNDARY,NEEDS_NATIVE_REVIEW,Finding recorded,Medium,Review
RS116,P479,ru_RU,CJK_GLYPH_SCOPE,NEEDS_RUNTIME_LAYOUT_PROOF,Finding recorded,Medium,Review
RS116,P479,uk_UA,AUDIO_SUBTITLE_TIMING,NEEDS_NATIVE_REVIEW,Finding recorded,Medium,Review
RS116,P479,zh_CN,RTL_DIRECTION,NEEDS_FONT_GLYPH_PROOF,Finding recorded,Medium,Review
RS117,P480,en_US,ID_PRESERVATION,NEEDS_RUNTIME_LAYOUT_PROOF,Finding recorded,Medium,Review
RS117,P480,ar_SA,AUDIO_SUBTITLE_TIMING,NEEDS_FONT_GLYPH_PROOF,Finding recorded,Medium,Review
RS117,P480,de_DE,ID_PRESERVATION,NEEDS_RUNTIME_LAYOUT_PROOF,Finding recorded,Medium,Review
RS117,P480,es_ES,SURFACE_LENGTH,NEEDS_NATIVE_REVIEW,Finding recorded,Medium,Review
RS117,P480,fr_FR,VOICE_REGISTER,NEEDS_FONT_GLYPH_PROOF,Finding recorded,Medium,Review
RS117,P480,he_IL,SPOILER_BOUNDARY,NEEDS_FONT_GLYPH_PROOF,Finding recorded,Medium,Review
RS117,P480,id_ID,VOICE_REGISTER,NEEDS_NATIVE_REVIEW,Finding recorded,Medium,Review
RS117,P480,ja_JP,AUDIO_SUBTITLE_TIMING,NEEDS_FONT_GLYPH_PROOF,Finding recorded,Medium,Review
RS117,P480,ko_KR,EXPANSION_RISK,NEEDS_FONT_GLYPH_PROOF,Finding recorded,Medium,Review
RS117,P480,nl_NL,RTL_DIRECTION,NEEDS_RUNTIME_LAYOUT_PROOF,Finding recorded,Medium,Review
RS117,P480,pl_PL,UNIT_AND_NUMBER_PRESERVATION,NEEDS_RUNTIME_LAYOUT_PROOF,Finding recorded,Medium,Review
RS117,P480,pt_BR,AUDIO_SUBTITLE_TIMING,NEEDS_NATIVE_REVIEW,Finding recorded,Medium,Review
RS117,P480,ru_RU,VOICE_REGISTER,NEEDS_FONT_GLYPH_PROOF,Finding recorded,Medium,Review
RS117,P480,uk_UA,UNIT_AND_NUMBER_PRESERVATION,PASS_STATIC_DRAFT,Finding recorded,Medium,Review
RS117,P480,zh_CN,AUDIO_SUBTITLE_TIMING,PASS_STATIC_DRAFT,Finding recorded,Medium,Review
RS117,P481,en_US,RTL_DIRECTION,PASS_STATIC_DRAFT,Finding recorded,Medium,Review
RS117,P481,ar_SA,SPOILER_BOUNDARY,NEEDS_FONT_GLYPH_PROOF,Finding recorded,Medium,Review
RS117,P481,de_DE,SPOILER_BOUNDARY,NEEDS_RUNTIME_LAYOUT_PROOF,Finding recorded,Medium,Review
RS117,P481,es_ES,CJK_GLYPH_SCOPE,NEEDS_FONT_GLYPH_PROOF,Finding recorded,Medium,Review
RS117,P481,fr_FR,VOICE_REGISTER,PASS_STATIC_DRAFT,Finding recorded,Medium,Review
RS117,P481,he_IL,TERMINOLOGY_LOCK,NEEDS_RUNTIME_LAYOUT_PROOF,Finding recorded,Medium,Review
RS117,P481,id_ID,SPOILER_BOUNDARY,PASS_STATIC_DRAFT,Finding recorded,Medium,Review
RS117,P481,ja_JP,TERMINOLOGY_LOCK,PASS_STATIC_DRAFT,Finding recorded,Medium,Review
RS117,P481,ko_KR,UNIT_AND_NUMBER_PRESERVATION,NEEDS_RUNTIME_LAYOUT_PROOF,Finding recorded,Medium,Review
RS117,P481,nl_NL,EXPANSION_RISK,NEEDS_FONT_GLYPH_PROOF,Finding recorded,Medium,Review
RS117,P481,pl_PL,EXPANSION_RISK,NEEDS_RUNTIME_LAYOUT_PROOF,Finding recorded,Medium,Review
RS117,P481,pt_BR,SPOILER_BOUNDARY,NEEDS_RUNTIME_LAYOUT_PROOF,Finding recorded,Medium,Review
RS117,P481,ru_RU,ID_PRESERVATION,NEEDS_RUNTIME_LAYOUT_PROOF,Finding recorded,Medium,Review
RS117,P481,uk_UA,RTL_DIRECTION,NEEDS_FONT_GLYPH_PROOF,Finding recorded,Medium,Review
RS117,P481,zh_CN,RTL_DIRECTION,PASS_STATIC_DRAFT,Finding recorded,Medium,Review
RS117,P482,en_US,SPOILER_BOUNDARY,PASS_STATIC_DRAFT,Finding recorded,Medium,Review
RS117,P482,ar_SA,ID_PRESERVATION,NEEDS_NATIVE_REVIEW,Finding recorded,Medium,Review
RS117,P482,de_DE,VOICE_REGISTER,NEEDS_RUNTIME_LAYOUT_PROOF,Finding recorded,Medium,Review
RS117,P482,es_ES,UNIT_AND_NUMBER_PRESERVATION,NEEDS_NATIVE_REVIEW,Finding recorded,Medium,Review
RS117,P482,fr_FR,ID_PRESERVATION,NEEDS_FONT_GLYPH_PROOF,Finding recorded,Medium,Review
RS117,P482,he_IL,SURFACE_LENGTH,NEEDS_NATIVE_REVIEW,Finding recorded,Medium,Review
RS117,P482,id_ID,CJK_GLYPH_SCOPE,NEEDS_RUNTIME_LAYOUT_PROOF,Finding recorded,Medium,Review
RS117,P482,ja_JP,SPOILER_BOUNDARY,NEEDS_RUNTIME_LAYOUT_PROOF,Finding recorded,Medium,Review
RS117,P482,ko_KR,ID_PRESERVATION,NEEDS_RUNTIME_LAYOUT_PROOF,Finding recorded,Medium,Review
RS117,P482,nl_NL,SURFACE_LENGTH,NEEDS_NATIVE_REVIEW,Finding recorded,Medium,Review
RS117,P482,pl_PL,RTL_DIRECTION,NEEDS_RUNTIME_LAYOUT_PROOF,Finding recorded,Medium,Review
RS117,P482,pt_BR,SPOILER_BOUNDARY,NEEDS_NATIVE_REVIEW,Finding recorded,Medium,Review
RS117,P482,ru_RU,TERMINOLOGY_LOCK,NEEDS_RUNTIME_LAYOUT_PROOF,Finding recorded,Medium,Review
RS117,P482,uk_UA,AUDIO_SUBTITLE_TIMING,NEEDS_NATIVE_REVIEW,Finding recorded,Medium,Review
RS117,P482,zh_CN,RTL_DIRECTION,NEEDS_NATIVE_REVIEW,Finding recorded,Medium,Review
RS117,P483,en_US,SPOILER_BOUNDARY,PASS_STATIC_DRAFT,Finding recorded,Medium,Review
RS117,P483,ar_SA,ID_PRESERVATION,PASS_STATIC_DRAFT,Finding recorded,Medium,Review
RS117,P483,de_DE,SPOILER_BOUNDARY,NEEDS_NATIVE_REVIEW,Finding recorded,Medium,Review
RS117,P483,es_ES,RTL_DIRECTION,NEEDS_RUNTIME_LAYOUT_PROOF,Finding recorded,Medium,Review
RS117,P483,fr_FR,RTL_DIRECTION,NEEDS_RUNTIME_LAYOUT_PROOF,Finding recorded,Medium,Review
RS117,P483,he_IL,SURFACE_LENGTH,NEEDS_NATIVE_REVIEW,Finding recorded,Medium,Review
RS117,P483,id_ID,TERMINOLOGY_LOCK,NEEDS_FONT_GLYPH_PROOF,Finding recorded,Medium,Review
RS117,P483,ja_JP,RTL_DIRECTION,NEEDS_NATIVE_REVIEW,Finding recorded,Medium,Review
RS117,P483,ko_KR,UNIT_AND_NUMBER_PRESERVATION,NEEDS_RUNTIME_LAYOUT_PROOF,Finding recorded,Medium,Review
RS117,P483,nl_NL,SURFACE_LENGTH,PASS_STATIC_DRAFT,Finding recorded,Medium,Review
RS117,P483,pl_PL,AUDIO_SUBTITLE_TIMING,NEEDS_NATIVE_REVIEW,Finding recorded,Medium,Review
RS117,P483,pt_BR,TERMINOLOGY_LOCK,NEEDS_RUNTIME_LAYOUT_PROOF,Finding recorded,Medium,Review
RS117,P483,ru_RU,AUDIO_SUBTITLE_TIMING,NEEDS_FONT_GLYPH_PROOF,Finding recorded,Medium,Review
RS117,P483,uk_UA,SPOILER_BOUNDARY,NEEDS_NATIVE_REVIEW,Finding recorded,Medium,Review
RS117,P483,zh_CN,ID_PRESERVATION,PASS_STATIC_DRAFT,Finding recorded,Medium,Review
RS117,P484,en_US,RTL_DIRECTION,NEEDS_FONT_GLYPH_PROOF,Finding recorded,Medium,Review
RS117,P484,ar_SA,UNIT_AND_NUMBER_PRESERVATION,NEEDS_RUNTIME_LAYOUT_PROOF,Finding recorded,Medium,Review
RS117,P484,de_DE,AUDIO_SUBTITLE_TIMING,PASS_STATIC_DRAFT,Finding recorded,Medium,Review
RS117,P484,es_ES,AUDIO_SUBTITLE_TIMING,NEEDS_FONT_GLYPH_PROOF,Finding recorded,Medium,Review
RS117,P484,fr_FR,VOICE_REGISTER,NEEDS_NATIVE_REVIEW,Finding recorded,Medium,Review
RS117,P484,he_IL,EXPANSION_RISK,NEEDS_FONT_GLYPH_PROOF,Finding recorded,Medium,Review
RS117,P484,id_ID,UNIT_AND_NUMBER_PRESERVATION,NEEDS_RUNTIME_LAYOUT_PROOF,Finding recorded,Medium,Review
RS117,P484,ja_JP,RTL_DIRECTION,NEEDS_FONT_GLYPH_PROOF,Finding recorded,Medium,Review
RS117,P484,ko_KR,SPOILER_BOUNDARY,NEEDS_RUNTIME_LAYOUT_PROOF,Finding recorded,Medium,Review
RS117,P484,nl_NL,UNIT_AND_NUMBER_PRESERVATION,NEEDS_RUNTIME_LAYOUT_PROOF,Finding recorded,Medium,Review
RS117,P484,pl_PL,EXPANSION_RISK,NEEDS_NATIVE_REVIEW,Finding recorded,Medium,Review
RS117,P484,pt_BR,VOICE_REGISTER,NEEDS_FONT_GLYPH_PROOF,Finding recorded,Medium,Review
RS117,P484,ru_RU,EXPANSION_RISK,NEEDS_NATIVE_REVIEW,Finding recorded,Medium,Review
RS117,P484,uk_UA,TERMINOLOGY_LOCK,NEEDS_RUNTIME_LAYOUT_PROOF,Finding recorded,Medium,Review
RS117,P484,zh_CN,ID_PRESERVATION,PASS_STATIC_DRAFT,Finding recorded,Medium,Review
RS117,P485,en_US,UNIT_AND_NUMBER_PRESERVATION,NEEDS_NATIVE_REVIEW,Finding recorded,Medium,Review
RS117,P485,ar_SA,TERMINOLOGY_LOCK,NEEDS_FONT_GLYPH_PROOF,Finding recorded,Medium,Review
RS117,P485,de_DE,UNIT_AND_NUMBER_PRESERVATION,PASS_STATIC_DRAFT,Finding recorded,Medium,Review
RS117,P485,es_ES,ID_PRESERVATION,NEEDS_FONT_GLYPH_PROOF,Finding recorded,Medium,Review
RS117,P485,fr_FR,SURFACE_LENGTH,NEEDS_FONT_GLYPH_PROOF,Finding recorded,Medium,Review
RS117,P485,he_IL,ID_PRESERVATION,NEEDS_FONT_GLYPH_PROOF,Finding recorded,Medium,Review
RS117,P485,id_ID,AUDIO_SUBTITLE_TIMING,NEEDS_RUNTIME_LAYOUT_PROOF,Finding recorded,Medium,Review
RS117,P485,ja_JP,UNIT_AND_NUMBER_PRESERVATION,NEEDS_FONT_GLYPH_PROOF,Finding recorded,Medium,Review
RS117,P485,ko_KR,CJK_GLYPH_SCOPE,NEEDS_RUNTIME_LAYOUT_PROOF,Finding recorded,Medium,Review
RS117,P485,nl_NL,UNIT_AND_NUMBER_PRESERVATION,NEEDS_RUNTIME_LAYOUT_PROOF,Finding recorded,Medium,Review
RS117,P485,pl_PL,ID_PRESERVATION,NEEDS_RUNTIME_LAYOUT_PROOF,Finding recorded,Medium,Review
RS117,P485,pt_BR,SURFACE_LENGTH,NEEDS_FONT_GLYPH_PROOF,Finding recorded,Medium,Review
RS117,P485,ru_RU,TERMINOLOGY_LOCK,NEEDS_NATIVE_REVIEW,Finding recorded,Medium,Review
RS117,P485,uk_UA,VOICE_REGISTER,NEEDS_RUNTIME_LAYOUT_PROOF,Finding recorded,Medium,Review
RS117,P485,zh_CN,CJK_GLYPH_SCOPE,NEEDS_RUNTIME_LAYOUT_PROOF,Finding recorded,Medium,Review
RS117,P486,en_US,RTL_DIRECTION,NEEDS_FONT_GLYPH_PROOF,Finding recorded,Medium,Review
RS117,P486,ar_SA,EXPANSION_RISK,NEEDS_FONT_GLYPH_PROOF,Finding recorded,Medium,Review
RS117,P486,de_DE,TERMINOLOGY_LOCK,PASS_STATIC_DRAFT,Finding recorded,Medium,Review
RS117,P486,es_ES,AUDIO_SUBTITLE_TIMING,PASS_STATIC_DRAFT,Finding recorded,Medium,Review
RS117,P486,fr_FR,AUDIO_SUBTITLE_TIMING,NEEDS_FONT_GLYPH_PROOF,Finding recorded,Medium,Review
RS117,P486,he_IL,EXPANSION_RISK,NEEDS_FONT_GLYPH_PROOF,Finding recorded,Medium,Review
RS117,P486,id_ID,UNIT_AND_NUMBER_PRESERVATION,PASS_STATIC_DRAFT,Finding recorded,Medium,Review
RS117,P486,ja_JP,SURFACE_LENGTH,NEEDS_NATIVE_REVIEW,Finding recorded,Medium,Review
RS117,P486,ko_KR,RTL_DIRECTION,NEEDS_FONT_GLYPH_PROOF,Finding recorded,Medium,Review
RS117,P486,nl_NL,TERMINOLOGY_LOCK,NEEDS_RUNTIME_LAYOUT_PROOF,Finding recorded,Medium,Review
RS117,P486,pl_PL,SPOILER_BOUNDARY,NEEDS_RUNTIME_LAYOUT_PROOF,Finding recorded,Medium,Review
RS117,P486,pt_BR,ID_PRESERVATION,NEEDS_FONT_GLYPH_PROOF,Finding recorded,Medium,Review
RS117,P486,ru_RU,RTL_DIRECTION,NEEDS_NATIVE_REVIEW,Finding recorded,Medium,Review
RS117,P486,uk_UA,CJK_GLYPH_SCOPE,NEEDS_RUNTIME_LAYOUT_PROOF,Finding recorded,Medium,Review
RS117,P486,zh_CN,VOICE_REGISTER,NEEDS_NATIVE_REVIEW,Finding recorded,Medium,Review
RS117,P487,en_US,AUDIO_SUBTITLE_TIMING,NEEDS_FONT_GLYPH_PROOF,Finding recorded,Medium,Review
RS117,P487,ar_SA,EXPANSION_RISK,PASS_STATIC_DRAFT,Finding recorded,Medium,Review
RS117,P487,de_DE,RTL_DIRECTION,NEEDS_FONT_GLYPH_PROOF,Finding recorded,Medium,Review
RS117,P487,es_ES,UNIT_AND_NUMBER_PRESERVATION,PASS_STATIC_DRAFT,Finding recorded,Medium,Review
RS117,P487,fr_FR,RTL_DIRECTION,NEEDS_FONT_GLYPH_PROOF,Finding recorded,Medium,Review
RS117,P487,he_IL,RTL_DIRECTION,PASS_STATIC_DRAFT,Finding recorded,Medium,Review
RS117,P487,id_ID,SURFACE_LENGTH,PASS_STATIC_DRAFT,Finding recorded,Medium,Review
RS117,P487,ja_JP,ID_PRESERVATION,NEEDS_FONT_GLYPH_PROOF,Finding recorded,Medium,Review
RS117,P487,ko_KR,AUDIO_SUBTITLE_TIMING,NEEDS_FONT_GLYPH_PROOF,Finding recorded,Medium,Review
RS117,P487,nl_NL,ID_PRESERVATION,NEEDS_FONT_GLYPH_PROOF,Finding recorded,Medium,Review
RS117,P487,pl_PL,SPOILER_BOUNDARY,NEEDS_RUNTIME_LAYOUT_PROOF,Finding recorded,Medium,Review
RS117,P487,pt_BR,AUDIO_SUBTITLE_TIMING,NEEDS_FONT_GLYPH_PROOF,Finding recorded,Medium,Review
RS117,P487,ru_RU,ID_PRESERVATION,PASS_STATIC_DRAFT,Finding recorded,Medium,Review
RS117,P487,uk_UA,UNIT_AND_NUMBER_PRESERVATION,PASS_STATIC_DRAFT,Finding recorded,Medium,Review
RS117,P487,zh_CN,TERMINOLOGY_LOCK,PASS_STATIC_DRAFT,Finding recorded,Medium,Review
RS117,P488,en_US,AUDIO_SUBTITLE_TIMING,NEEDS_RUNTIME_LAYOUT_PROOF,Finding recorded,Medium,Review
RS117,P488,ar_SA,CJK_GLYPH_SCOPE,PASS_STATIC_DRAFT,Finding recorded,Medium,Review
RS117,P488,de_DE,AUDIO_SUBTITLE_TIMING,PASS_STATIC_DRAFT,Finding recorded,Medium,Review
RS117,P488,es_ES,VOICE_REGISTER,NEEDS_NATIVE_REVIEW,Finding recorded,Medium,Review
RS117,P488,fr_FR,ID_PRESERVATION,NEEDS_NATIVE_REVIEW,Finding recorded,Medium,Review
RS117,P488,he_IL,AUDIO_SUBTITLE_TIMING,PASS_STATIC_DRAFT,Finding recorded,Medium,Review
RS117,P488,id_ID,RTL_DIRECTION,NEEDS_RUNTIME_LAYOUT_PROOF,Finding recorded,Medium,Review
RS117,P488,ja_JP,UNIT_AND_NUMBER_PRESERVATION,NEEDS_RUNTIME_LAYOUT_PROOF,Finding recorded,Medium,Review
RS117,P488,ko_KR,VOICE_REGISTER,PASS_STATIC_DRAFT,Finding recorded,Medium,Review
RS117,P488,nl_NL,TERMINOLOGY_LOCK,NEEDS_NATIVE_REVIEW,Finding recorded,Medium,Review
RS117,P488,pl_PL,UNIT_AND_NUMBER_PRESERVATION,NEEDS_FONT_GLYPH_PROOF,Finding recorded,Medium,Review
RS117,P488,pt_BR,VOICE_REGISTER,NEEDS_NATIVE_REVIEW,Finding recorded,Medium,Review
RS117,P488,ru_RU,CJK_GLYPH_SCOPE,NEEDS_NATIVE_REVIEW,Finding recorded,Medium,Review
RS117,P488,uk_UA,AUDIO_SUBTITLE_TIMING,PASS_STATIC_DRAFT,Finding recorded,Medium,Review
RS117,P488,zh_CN,SPOILER_BOUNDARY,NEEDS_RUNTIME_LAYOUT_PROOF,Finding recorded,Medium,Review
RS117,P489,en_US,UNIT_AND_NUMBER_PRESERVATION,NEEDS_FONT_GLYPH_PROOF,Finding recorded,Medium,Review
RS117,P489,ar_SA,SURFACE_LENGTH,NEEDS_RUNTIME_LAYOUT_PROOF,Finding recorded,Medium,Review
RS117,P489,de_DE,VOICE_REGISTER,NEEDS_FONT_GLYPH_PROOF,Finding recorded,Medium,Review
RS117,P489,es_ES,SURFACE_LENGTH,PASS_STATIC_DRAFT,Finding recorded,Medium,Review
RS117,P489,fr_FR,TERMINOLOGY_LOCK,PASS_STATIC_DRAFT,Finding recorded,Medium,Review
RS117,P489,he_IL,SURFACE_LENGTH,NEEDS_RUNTIME_LAYOUT_PROOF,Finding recorded,Medium,Review
RS117,P489,id_ID,CJK_GLYPH_SCOPE,NEEDS_RUNTIME_LAYOUT_PROOF,Finding recorded,Medium,Review
RS117,P489,ja_JP,SURFACE_LENGTH,NEEDS_NATIVE_REVIEW,Finding recorded,Medium,Review
RS117,P489,ko_KR,TERMINOLOGY_LOCK,PASS_STATIC_DRAFT,Finding recorded,Medium,Review
RS117,P489,nl_NL,UNIT_AND_NUMBER_PRESERVATION,NEEDS_FONT_GLYPH_PROOF,Finding recorded,Medium,Review
RS117,P489,pl_PL,ID_PRESERVATION,NEEDS_FONT_GLYPH_PROOF,Finding recorded,Medium,Review
RS117,P489,pt_BR,RTL_DIRECTION,PASS_STATIC_DRAFT,Finding recorded,Medium,Review
RS117,P489,ru_RU,SPOILER_BOUNDARY,NEEDS_FONT_GLYPH_PROOF,Finding recorded,Medium,Review
RS117,P489,uk_UA,UNIT_AND_NUMBER_PRESERVATION,NEEDS_FONT_GLYPH_PROOF,Finding recorded,Medium,Review
RS117,P489,zh_CN,SPOILER_BOUNDARY,NEEDS_RUNTIME_LAYOUT_PROOF,Finding recorded,Medium,Review
RS118,P490,en_US,SPOILER_BOUNDARY,NEEDS_RUNTIME_LAYOUT_PROOF,Finding recorded,Medium,Review
RS118,P490,ar_SA,EXPANSION_RISK,NEEDS_FONT_GLYPH_PROOF,Finding recorded,Medium,Review
RS118,P490,de_DE,AUDIO_SUBTITLE_TIMING,NEEDS_NATIVE_REVIEW,Finding recorded,Medium,Review
RS118,P490,es_ES,ID_PRESERVATION,PASS_STATIC_DRAFT,Finding recorded,Medium,Review
RS118,P490,fr_FR,TERMINOLOGY_LOCK,NEEDS_NATIVE_REVIEW,Finding recorded,Medium,Review
RS118,P490,he_IL,ID_PRESERVATION,NEEDS_NATIVE_REVIEW,Finding recorded,Medium,Review
RS118,P490,id_ID,EXPANSION_RISK,PASS_STATIC_DRAFT,Finding recorded,Medium,Review
RS118,P490,ja_JP,SPOILER_BOUNDARY,NEEDS_NATIVE_REVIEW,Finding recorded,Medium,Review
RS118,P490,ko_KR,AUDIO_SUBTITLE_TIMING,NEEDS_FONT_GLYPH_PROOF,Finding recorded,Medium,Review
RS118,P490,nl_NL,TERMINOLOGY_LOCK,NEEDS_FONT_GLYPH_PROOF,Finding recorded,Medium,Review
RS118,P490,pl_PL,TERMINOLOGY_LOCK,PASS_STATIC_DRAFT,Finding recorded,Medium,Review
RS118,P490,pt_BR,ID_PRESERVATION,NEEDS_NATIVE_REVIEW,Finding recorded,Medium,Review
RS118,P490,ru_RU,UNIT_AND_NUMBER_PRESERVATION,NEEDS_RUNTIME_LAYOUT_PROOF,Finding recorded,Medium,Review
RS118,P490,uk_UA,UNIT_AND_NUMBER_PRESERVATION,NEEDS_RUNTIME_LAYOUT_PROOF,Finding recorded,Medium,Review
RS118,P490,zh_CN,ID_PRESERVATION,NEEDS_NATIVE_REVIEW,Finding recorded,Medium,Review
RS118,P491,en_US,VOICE_REGISTER,PASS_STATIC_DRAFT,Finding recorded,Medium,Review
RS118,P491,ar_SA,CJK_GLYPH_SCOPE,NEEDS_NATIVE_REVIEW,Finding recorded,Medium,Review
RS118,P491,de_DE,RTL_DIRECTION,PASS_STATIC_DRAFT,Finding recorded,Medium,Review
RS118,P491,es_ES,UNIT_AND_NUMBER_PRESERVATION,NEEDS_RUNTIME_LAYOUT_PROOF,Finding recorded,Medium,Review
RS118,P491,fr_FR,ID_PRESERVATION,NEEDS_RUNTIME_LAYOUT_PROOF,Finding recorded,Medium,Review
RS118,P491,he_IL,SPOILER_BOUNDARY,NEEDS_FONT_GLYPH_PROOF,Finding recorded,Medium,Review
RS118,P491,id_ID,RTL_DIRECTION,NEEDS_RUNTIME_LAYOUT_PROOF,Finding recorded,Medium,Review
RS118,P491,ja_JP,CJK_GLYPH_SCOPE,PASS_STATIC_DRAFT,Finding recorded,Medium,Review
RS118,P491,ko_KR,SPOILER_BOUNDARY,NEEDS_NATIVE_REVIEW,Finding recorded,Medium,Review
RS118,P491,nl_NL,VOICE_REGISTER,NEEDS_RUNTIME_LAYOUT_PROOF,Finding recorded,Medium,Review
RS118,P491,pl_PL,UNIT_AND_NUMBER_PRESERVATION,NEEDS_RUNTIME_LAYOUT_PROOF,Finding recorded,Medium,Review
RS118,P491,pt_BR,RTL_DIRECTION,NEEDS_NATIVE_REVIEW,Finding recorded,Medium,Review
RS118,P491,ru_RU,RTL_DIRECTION,PASS_STATIC_DRAFT,Finding recorded,Medium,Review
RS118,P491,uk_UA,VOICE_REGISTER,PASS_STATIC_DRAFT,Finding recorded,Medium,Review
RS118,P491,zh_CN,CJK_GLYPH_SCOPE,NEEDS_NATIVE_REVIEW,Finding recorded,Medium,Review
RS118,P492,en_US,ID_PRESERVATION,NEEDS_RUNTIME_LAYOUT_PROOF,Finding recorded,Medium,Review
RS118,P492,ar_SA,CJK_GLYPH_SCOPE,PASS_STATIC_DRAFT,Finding recorded,Medium,Review
RS118,P492,de_DE,AUDIO_SUBTITLE_TIMING,NEEDS_FONT_GLYPH_PROOF,Finding recorded,Medium,Review
RS118,P492,es_ES,UNIT_AND_NUMBER_PRESERVATION,NEEDS_FONT_GLYPH_PROOF,Finding recorded,Medium,Review
RS118,P492,fr_FR,ID_PRESERVATION,NEEDS_NATIVE_REVIEW,Finding recorded,Medium,Review
RS118,P492,he_IL,VOICE_REGISTER,NEEDS_FONT_GLYPH_PROOF,Finding recorded,Medium,Review
RS118,P492,id_ID,ID_PRESERVATION,NEEDS_NATIVE_REVIEW,Finding recorded,Medium,Review
RS118,P492,ja_JP,CJK_GLYPH_SCOPE,NEEDS_NATIVE_REVIEW,Finding recorded,Medium,Review
RS118,P492,ko_KR,SURFACE_LENGTH,PASS_STATIC_DRAFT,Finding recorded,Medium,Review
RS118,P492,nl_NL,UNIT_AND_NUMBER_PRESERVATION,NEEDS_RUNTIME_LAYOUT_PROOF,Finding recorded,Medium,Review
RS118,P492,pl_PL,CJK_GLYPH_SCOPE,PASS_STATIC_DRAFT,Finding recorded,Medium,Review
RS118,P492,pt_BR,CJK_GLYPH_SCOPE,NEEDS_NATIVE_REVIEW,Finding recorded,Medium,Review
RS118,P492,ru_RU,EXPANSION_RISK,NEEDS_RUNTIME_LAYOUT_PROOF,Finding recorded,Medium,Review
RS118,P492,uk_UA,RTL_DIRECTION,PASS_STATIC_DRAFT,Finding recorded,Medium,Review
RS118,P492,zh_CN,SPOILER_BOUNDARY,PASS_STATIC_DRAFT,Finding recorded,Medium,Review
RS118,P493,en_US,EXPANSION_RISK,PASS_STATIC_DRAFT,Finding recorded,Medium,Review
RS118,P493,ar_SA,VOICE_REGISTER,PASS_STATIC_DRAFT,Finding recorded,Medium,Review
RS118,P493,de_DE,SPOILER_BOUNDARY,PASS_STATIC_DRAFT,Finding recorded,Medium,Review
RS118,P493,es_ES,AUDIO_SUBTITLE_TIMING,NEEDS_RUNTIME_LAYOUT_PROOF,Finding recorded,Medium,Review
RS118,P493,fr_FR,AUDIO_SUBTITLE_TIMING,NEEDS_RUNTIME_LAYOUT_PROOF,Finding recorded,Medium,Review
RS118,P493,he_IL,VOICE_REGISTER,NEEDS_NATIVE_REVIEW,Finding recorded,Medium,Review
RS118,P493,id_ID,UNIT_AND_NUMBER_PRESERVATION,PASS_STATIC_DRAFT,Finding recorded,Medium,Review
RS118,P493,ja_JP,RTL_DIRECTION,PASS_STATIC_DRAFT,Finding recorded,Medium,Review
RS118,P493,ko_KR,VOICE_REGISTER,PASS_STATIC_DRAFT,Finding recorded,Medium,Review
RS118,P493,nl_NL,SPOILER_BOUNDARY,NEEDS_NATIVE_REVIEW,Finding recorded,Medium,Review
RS118,P493,pl_PL,ID_PRESERVATION,NEEDS_RUNTIME_LAYOUT_PROOF,Finding recorded,Medium,Review
RS118,P493,pt_BR,ID_PRESERVATION,NEEDS_FONT_GLYPH_PROOF,Finding recorded,Medium,Review
RS118,P493,ru_RU,AUDIO_SUBTITLE_TIMING,PASS_STATIC_DRAFT,Finding recorded,Medium,Review
RS118,P493,uk_UA,SURFACE_LENGTH,NEEDS_RUNTIME_LAYOUT_PROOF,Finding recorded,Medium,Review
RS118,P493,zh_CN,ID_PRESERVATION,PASS_STATIC_DRAFT,Finding recorded,Medium,Review
RS118,P494,en_US,TERMINOLOGY_LOCK,NEEDS_FONT_GLYPH_PROOF,Finding recorded,Medium,Review
RS118,P494,ar_SA,EXPANSION_RISK,NEEDS_NATIVE_REVIEW,Finding recorded,Medium,Review
RS118,P494,de_DE,TERMINOLOGY_LOCK,NEEDS_RUNTIME_LAYOUT_PROOF,Finding recorded,Medium,Review
RS118,P494,es_ES,TERMINOLOGY_LOCK,NEEDS_NATIVE_REVIEW,Finding recorded,Medium,Review
RS118,P494,fr_FR,UNIT_AND_NUMBER_PRESERVATION,PASS_STATIC_DRAFT,Finding recorded,Medium,Review
RS118,P494,he_IL,ID_PRESERVATION,NEEDS_NATIVE_REVIEW,Finding recorded,Medium,Review
RS118,P494,id_ID,TERMINOLOGY_LOCK,PASS_STATIC_DRAFT,Finding recorded,Medium,Review
RS118,P494,ja_JP,SPOILER_BOUNDARY,PASS_STATIC_DRAFT,Finding recorded,Medium,Review
RS118,P494,ko_KR,SPOILER_BOUNDARY,PASS_STATIC_DRAFT,Finding recorded,Medium,Review
RS118,P494,nl_NL,UNIT_AND_NUMBER_PRESERVATION,NEEDS_FONT_GLYPH_PROOF,Finding recorded,Medium,Review
RS118,P494,pl_PL,EXPANSION_RISK,NEEDS_FONT_GLYPH_PROOF,Finding recorded,Medium,Review
RS118,P494,pt_BR,VOICE_REGISTER,PASS_STATIC_DRAFT,Finding recorded,Medium,Review
RS118,P494,ru_RU,VOICE_REGISTER,NEEDS_RUNTIME_LAYOUT_PROOF,Finding recorded,Medium,Review
RS118,P494,uk_UA,EXPANSION_RISK,NEEDS_FONT_GLYPH_PROOF,Finding recorded,Medium,Review
RS118,P494,zh_CN,CJK_GLYPH_SCOPE,NEEDS_NATIVE_REVIEW,Finding recorded,Medium,Review
RS118,P495,en_US,CJK_GLYPH_SCOPE,NEEDS_RUNTIME_LAYOUT_PROOF,Finding recorded,Medium,Review
RS118,P495,ar_SA,SURFACE_LENGTH,NEEDS_NATIVE_REVIEW,Finding recorded,Medium,Review
RS118,P495,de_DE,AUDIO_SUBTITLE_TIMING,NEEDS_RUNTIME_LAYOUT_PROOF,Finding recorded,Medium,Review
RS118,P495,es_ES,UNIT_AND_NUMBER_PRESERVATION,NEEDS_NATIVE_REVIEW,Finding recorded,Medium,Review
RS118,P495,fr_FR,SURFACE_LENGTH,PASS_STATIC_DRAFT,Finding recorded,Medium,Review
RS118,P495,he_IL,ID_PRESERVATION,NEEDS_FONT_GLYPH_PROOF,Finding recorded,Medium,Review
RS118,P495,id_ID,VOICE_REGISTER,PASS_STATIC_DRAFT,Finding recorded,Medium,Review
RS118,P495,ja_JP,VOICE_REGISTER,NEEDS_NATIVE_REVIEW,Finding recorded,Medium,Review
RS118,P495,ko_KR,TERMINOLOGY_LOCK,NEEDS_FONT_GLYPH_PROOF,Finding recorded,Medium,Review
RS118,P495,nl_NL,EXPANSION_RISK,PASS_STATIC_DRAFT,Finding recorded,Medium,Review
RS118,P495,pl_PL,VOICE_REGISTER,PASS_STATIC_DRAFT,Finding recorded,Medium,Review
RS118,P495,pt_BR,VOICE_REGISTER,NEEDS_RUNTIME_LAYOUT_PROOF,Finding recorded,Medium,Review
RS118,P495,ru_RU,AUDIO_SUBTITLE_TIMING,NEEDS_NATIVE_REVIEW,Finding recorded,Medium,Review
RS118,P495,uk_UA,RTL_DIRECTION,NEEDS_FONT_GLYPH_PROOF,Finding recorded,Medium,Review
RS118,P495,zh_CN,SPOILER_BOUNDARY,NEEDS_NATIVE_REVIEW,Finding recorded,Medium,Review
RS118,P496,en_US,RTL_DIRECTION,NEEDS_RUNTIME_LAYOUT_PROOF,Finding recorded,Medium,Review
RS118,P496,ar_SA,SPOILER_BOUNDARY,NEEDS_NATIVE_REVIEW,Finding recorded,Medium,Review
RS118,P496,de_DE,ID_PRESERVATION,PASS_STATIC_DRAFT,Finding recorded,Medium,Review
RS118,P496,es_ES,CJK_GLYPH_SCOPE,NEEDS_NATIVE_REVIEW,Finding recorded,Medium,Review
RS118,P496,fr_FR,AUDIO_SUBTITLE_TIMING,NEEDS_FONT_GLYPH_PROOF,Finding recorded,Medium,Review
RS118,P496,he_IL,AUDIO_SUBTITLE_TIMING,NEEDS_FONT_GLYPH_PROOF,Finding recorded,Medium,Review
RS118,P496,id_ID,VOICE_REGISTER,NEEDS_RUNTIME_LAYOUT_PROOF,Finding recorded,Medium,Review
RS118,P496,ja_JP,TERMINOLOGY_LOCK,NEEDS_NATIVE_REVIEW,Finding recorded,Medium,Review
RS118,P496,ko_KR,AUDIO_SUBTITLE_TIMING,NEEDS_RUNTIME_LAYOUT_PROOF,Finding recorded,Medium,Review
RS118,P496,nl_NL,CJK_GLYPH_SCOPE,NEEDS_FONT_GLYPH_PROOF,Finding recorded,Medium,Review
RS118,P496,pl_PL,RTL_DIRECTION,NEEDS_RUNTIME_LAYOUT_PROOF,Finding recorded,Medium,Review
RS118,P496,pt_BR,VOICE_REGISTER,NEEDS_FONT_GLYPH_PROOF,Finding recorded,Medium,Review
RS118,P496,ru_RU,EXPANSION_RISK,PASS_STATIC_DRAFT,Finding recorded,Medium,Review
RS118,P496,uk_UA,RTL_DIRECTION,NEEDS_RUNTIME_LAYOUT_PROOF,Finding recorded,Medium,Review
RS118,P496,zh_CN,EXPANSION_RISK,NEEDS_NATIVE_REVIEW,Finding recorded,Medium,Review
RS118,P497,en_US,AUDIO_SUBTITLE_TIMING,PASS_STATIC_DRAFT,Finding recorded,Medium,Review
RS118,P497,ar_SA,AUDIO_SUBTITLE_TIMING,NEEDS_NATIVE_REVIEW,Finding recorded,Medium,Review
RS118,P497,de_DE,UNIT_AND_NUMBER_PRESERVATION,NEEDS_NATIVE_REVIEW,Finding recorded,Medium,Review
RS118,P497,es_ES,SURFACE_LENGTH,PASS_STATIC_DRAFT,Finding recorded,Medium,Review
RS118,P497,fr_FR,SURFACE_LENGTH,PASS_STATIC_DRAFT,Finding recorded,Medium,Review
RS118,P497,he_IL,SURFACE_LENGTH,NEEDS_FONT_GLYPH_PROOF,Finding recorded,Medium,Review
RS118,P497,id_ID,ID_PRESERVATION,NEEDS_FONT_GLYPH_PROOF,Finding recorded,Medium,Review
RS118,P497,ja_JP,RTL_DIRECTION,NEEDS_RUNTIME_LAYOUT_PROOF,Finding recorded,Medium,Review
RS118,P497,ko_KR,SURFACE_LENGTH,NEEDS_NATIVE_REVIEW,Finding recorded,Medium,Review
RS118,P497,nl_NL,ID_PRESERVATION,PASS_STATIC_DRAFT,Finding recorded,Medium,Review
RS118,P497,pl_PL,UNIT_AND_NUMBER_PRESERVATION,NEEDS_RUNTIME_LAYOUT_PROOF,Finding recorded,Medium,Review
RS118,P497,pt_BR,CJK_GLYPH_SCOPE,PASS_STATIC_DRAFT,Finding recorded,Medium,Review
RS118,P497,ru_RU,AUDIO_SUBTITLE_TIMING,NEEDS_NATIVE_REVIEW,Finding recorded,Medium,Review
RS118,P497,uk_UA,EXPANSION_RISK,NEEDS_RUNTIME_LAYOUT_PROOF,Finding recorded,Medium,Review
RS118,P497,zh_CN,SURFACE_LENGTH,NEEDS_RUNTIME_LAYOUT_PROOF,Finding recorded,Medium,Review
RS118,P498,en_US,RTL_DIRECTION,NEEDS_FONT_GLYPH_PROOF,Finding recorded,Medium,Review
RS118,P498,ar_SA,VOICE_REGISTER,PASS_STATIC_DRAFT,Finding recorded,Medium,Review
RS118,P498,de_DE,CJK_GLYPH_SCOPE,NEEDS_FONT_GLYPH_PROOF,Finding recorded,Medium,Review
RS118,P498,es_ES,VOICE_REGISTER,NEEDS_RUNTIME_LAYOUT_PROOF,Finding recorded,Medium,Review
RS118,P498,fr_FR,CJK_GLYPH_SCOPE,NEEDS_FONT_GLYPH_PROOF,Finding recorded,Medium,Review
RS118,P498,he_IL,CJK_GLYPH_SCOPE,NEEDS_RUNTIME_LAYOUT_PROOF,Finding recorded,Medium,Review
RS118,P498,id_ID,AUDIO_SUBTITLE_TIMING,NEEDS_FONT_GLYPH_PROOF,Finding recorded,Medium,Review
RS118,P498,ja_JP,EXPANSION_RISK,NEEDS_RUNTIME_LAYOUT_PROOF,Finding recorded,Medium,Review
RS118,P498,ko_KR,ID_PRESERVATION,PASS_STATIC_DRAFT,Finding recorded,Medium,Review
RS118,P498,nl_NL,UNIT_AND_NUMBER_PRESERVATION,NEEDS_RUNTIME_LAYOUT_PROOF,Finding recorded,Medium,Review
RS118,P498,pl_PL,ID_PRESERVATION,NEEDS_NATIVE_REVIEW,Finding recorded,Medium,Review
RS118,P498,pt_BR,VOICE_REGISTER,NEEDS_NATIVE_REVIEW,Finding recorded,Medium,Review
RS118,P498,ru_RU,SURFACE_LENGTH,PASS_STATIC_DRAFT,Finding recorded,Medium,Review
RS118,P498,uk_UA,TERMINOLOGY_LOCK,NEEDS_NATIVE_REVIEW,Finding recorded,Medium,Review
RS118,P498,zh_CN,CJK_GLYPH_SCOPE,NEEDS_NATIVE_REVIEW,Finding recorded,Medium,Review
RS118,P499,en_US,UNIT_AND_NUMBER_PRESERVATION,NEEDS_FONT_GLYPH_PROOF,Finding recorded,Medium,Review
RS118,P499,ar_SA,RTL_DIRECTION,NEEDS_NATIVE_REVIEW,Finding recorded,Medium,Review
RS118,P499,de_DE,SPOILER_BOUNDARY,NEEDS_RUNTIME_LAYOUT_PROOF,Finding recorded,Medium,Review
RS118,P499,es_ES,TERMINOLOGY_LOCK,PASS_STATIC_DRAFT,Finding recorded,Medium,Review
RS118,P499,fr_FR,EXPANSION_RISK,NEEDS_NATIVE_REVIEW,Finding recorded,Medium,Review
RS118,P499,he_IL,CJK_GLYPH_SCOPE,PASS_STATIC_DRAFT,Finding recorded,Medium,Review
RS118,P499,id_ID,VOICE_REGISTER,NEEDS_FONT_GLYPH_PROOF,Finding recorded,Medium,Review
RS118,P499,ja_JP,EXPANSION_RISK,NEEDS_RUNTIME_LAYOUT_PROOF,Finding recorded,Medium,Review
RS118,P499,ko_KR,AUDIO_SUBTITLE_TIMING,NEEDS_FONT_GLYPH_PROOF,Finding recorded,Medium,Review
RS118,P499,nl_NL,UNIT_AND_NUMBER_PRESERVATION,NEEDS_RUNTIME_LAYOUT_PROOF,Finding recorded,Medium,Review
RS118,P499,pl_PL,CJK_GLYPH_SCOPE,NEEDS_RUNTIME_LAYOUT_PROOF,Finding recorded,Medium,Review
RS118,P499,pt_BR,RTL_DIRECTION,PASS_STATIC_DRAFT,Finding recorded,Medium,Review
RS118,P499,ru_RU,UNIT_AND_NUMBER_PRESERVATION,NEEDS_NATIVE_REVIEW,Finding recorded,Medium,Review
RS118,P499,uk_UA,TERMINOLOGY_LOCK,NEEDS_FONT_GLYPH_PROOF,Finding recorded,Medium,Review
RS118,P499,zh_CN,TERMINOLOGY_LOCK,NEEDS_RUNTIME_LAYOUT_PROOF,Finding recorded,Medium,Review
RS119,P500,en_US,CJK_GLYPH_SCOPE,PASS_STATIC_DRAFT,Finding recorded,Medium,Review
RS119,P500,ar_SA,AUDIO_SUBTITLE_TIMING,NEEDS_RUNTIME_LAYOUT_PROOF,Finding recorded,Medium,Review
RS119,P500,de_DE,TERMINOLOGY_LOCK,NEEDS_RUNTIME_LAYOUT_PROOF,Finding recorded,Medium,Review
RS119,P500,es_ES,CJK_GLYPH_SCOPE,NEEDS_RUNTIME_LAYOUT_PROOF,Finding recorded,Medium,Review
RS119,P500,fr_FR,CJK_GLYPH_SCOPE,NEEDS_NATIVE_REVIEW,Finding recorded,Medium,Review
RS119,P500,he_IL,SPOILER_BOUNDARY,PASS_STATIC_DRAFT,Finding recorded,Medium,Review
RS119,P500,id_ID,ID_PRESERVATION,PASS_STATIC_DRAFT,Finding recorded,Medium,Review
RS119,P500,ja_JP,VOICE_REGISTER,PASS_STATIC_DRAFT,Finding recorded,Medium,Review
RS119,P500,ko_KR,AUDIO_SUBTITLE_TIMING,NEEDS_NATIVE_REVIEW,Finding recorded,Medium,Review
RS119,P500,nl_NL,TERMINOLOGY_LOCK,NEEDS_NATIVE_REVIEW,Finding recorded,Medium,Review
RS119,P500,pl_PL,AUDIO_SUBTITLE_TIMING,PASS_STATIC_DRAFT,Finding recorded,Medium,Review
RS119,P500,pt_BR,UNIT_AND_NUMBER_PRESERVATION,PASS_STATIC_DRAFT,Finding recorded,Medium,Review
RS119,P500,ru_RU,TERMINOLOGY_LOCK,NEEDS_RUNTIME_LAYOUT_PROOF,Finding recorded,Medium,Review
RS119,P500,uk_UA,VOICE_REGISTER,NEEDS_NATIVE_REVIEW,Finding recorded,Medium,Review
RS119,P500,zh_CN,AUDIO_SUBTITLE_TIMING,NEEDS_RUNTIME_LAYOUT_PROOF,Finding recorded,Medium,Review
RS119,P501,en_US,AUDIO_SUBTITLE_TIMING,PASS_STATIC_DRAFT,Finding recorded,Medium,Review
RS119,P501,ar_SA,ID_PRESERVATION,NEEDS_RUNTIME_LAYOUT_PROOF,Finding recorded,Medium,Review
RS119,P501,de_DE,UNIT_AND_NUMBER_PRESERVATION,NEEDS_NATIVE_REVIEW,Finding recorded,Medium,Review
RS119,P501,es_ES,TERMINOLOGY_LOCK,PASS_STATIC_DRAFT,Finding recorded,Medium,Review
RS119,P501,fr_FR,TERMINOLOGY_LOCK,NEEDS_FONT_GLYPH_PROOF,Finding recorded,Medium,Review
RS119,P501,he_IL,SPOILER_BOUNDARY,NEEDS_RUNTIME_LAYOUT_PROOF,Finding recorded,Medium,Review
RS119,P501,id_ID,ID_PRESERVATION,NEEDS_NATIVE_REVIEW,Finding recorded,Medium,Review
RS119,P501,ja_JP,VOICE_REGISTER,NEEDS_FONT_GLYPH_PROOF,Finding recorded,Medium,Review
RS119,P501,ko_KR,ID_PRESERVATION,NEEDS_FONT_GLYPH_PROOF,Finding recorded,Medium,Review
RS119,P501,nl_NL,EXPANSION_RISK,NEEDS_RUNTIME_LAYOUT_PROOF,Finding recorded,Medium,Review
RS119,P501,pl_PL,TERMINOLOGY_LOCK,NEEDS_NATIVE_REVIEW,Finding recorded,Medium,Review
RS119,P501,pt_BR,CJK_GLYPH_SCOPE,NEEDS_NATIVE_REVIEW,Finding recorded,Medium,Review
RS119,P501,ru_RU,AUDIO_SUBTITLE_TIMING,PASS_STATIC_DRAFT,Finding recorded,Medium,Review
RS119,P501,uk_UA,AUDIO_SUBTITLE_TIMING,NEEDS_NATIVE_REVIEW,Finding recorded,Medium,Review
RS119,P501,zh_CN,CJK_GLYPH_SCOPE,NEEDS_NATIVE_REVIEW,Finding recorded,Medium,Review
RS119,P502,en_US,CJK_GLYPH_SCOPE,NEEDS_FONT_GLYPH_PROOF,Finding recorded,Medium,Review
RS119,P502,ar_SA,VOICE_REGISTER,NEEDS_FONT_GLYPH_PROOF,Finding recorded,Medium,Review
RS119,P502,de_DE,TERMINOLOGY_LOCK,NEEDS_NATIVE_REVIEW,Finding recorded,Medium,Review
RS119,P502,es_ES,TERMINOLOGY_LOCK,NEEDS_NATIVE_REVIEW,Finding recorded,Medium,Review
RS119,P502,fr_FR,CJK_GLYPH_SCOPE,NEEDS_NATIVE_REVIEW,Finding recorded,Medium,Review
RS119,P502,he_IL,TERMINOLOGY_LOCK,PASS_STATIC_DRAFT,Finding recorded,Medium,Review
RS119,P502,id_ID,SPOILER_BOUNDARY,NEEDS_RUNTIME_LAYOUT_PROOF,Finding recorded,Medium,Review
RS119,P502,ja_JP,TERMINOLOGY_LOCK,NEEDS_FONT_GLYPH_PROOF,Finding recorded,Medium,Review
RS119,P502,ko_KR,AUDIO_SUBTITLE_TIMING,NEEDS_RUNTIME_LAYOUT_PROOF,Finding recorded,Medium,Review
RS119,P502,nl_NL,ID_PRESERVATION,PASS_STATIC_DRAFT,Finding recorded,Medium,Review
RS119,P502,pl_PL,VOICE_REGISTER,PASS_STATIC_DRAFT,Finding recorded,Medium,Review
RS119,P502,pt_BR,UNIT_AND_NUMBER_PRESERVATION,PASS_STATIC_DRAFT,Finding recorded,Medium,Review
RS119,P502,ru_RU,SPOILER_BOUNDARY,NEEDS_NATIVE_REVIEW,Finding recorded,Medium,Review
RS119,P502,uk_UA,SPOILER_BOUNDARY,PASS_STATIC_DRAFT,Finding recorded,Medium,Review
RS119,P502,zh_CN,VOICE_REGISTER,NEEDS_NATIVE_REVIEW,Finding recorded,Medium,Review
RS119,P503,en_US,SURFACE_LENGTH,PASS_STATIC_DRAFT,Finding recorded,Medium,Review
RS119,P503,ar_SA,AUDIO_SUBTITLE_TIMING,NEEDS_NATIVE_REVIEW,Finding recorded,Medium,Review
RS119,P503,de_DE,UNIT_AND_NUMBER_PRESERVATION,NEEDS_RUNTIME_LAYOUT_PROOF,Finding recorded,Medium,Review
RS119,P503,es_ES,AUDIO_SUBTITLE_TIMING,NEEDS_FONT_GLYPH_PROOF,Finding recorded,Medium,Review
RS119,P503,fr_FR,CJK_GLYPH_SCOPE,NEEDS_RUNTIME_LAYOUT_PROOF,Finding recorded,Medium,Review
RS119,P503,he_IL,AUDIO_SUBTITLE_TIMING,PASS_STATIC_DRAFT,Finding recorded,Medium,Review
RS119,P503,id_ID,CJK_GLYPH_SCOPE,NEEDS_FONT_GLYPH_PROOF,Finding recorded,Medium,Review
RS119,P503,ja_JP,ID_PRESERVATION,NEEDS_RUNTIME_LAYOUT_PROOF,Finding recorded,Medium,Review
RS119,P503,ko_KR,ID_PRESERVATION,NEEDS_RUNTIME_LAYOUT_PROOF,Finding recorded,Medium,Review
RS119,P503,nl_NL,EXPANSION_RISK,NEEDS_RUNTIME_LAYOUT_PROOF,Finding recorded,Medium,Review
RS119,P503,pl_PL,EXPANSION_RISK,NEEDS_NATIVE_REVIEW,Finding recorded,Medium,Review
RS119,P503,pt_BR,RTL_DIRECTION,NEEDS_FONT_GLYPH_PROOF,Finding recorded,Medium,Review
RS119,P503,ru_RU,ID_PRESERVATION,NEEDS_NATIVE_REVIEW,Finding recorded,Medium,Review
RS119,P503,uk_UA,AUDIO_SUBTITLE_TIMING,NEEDS_FONT_GLYPH_PROOF,Finding recorded,Medium,Review
RS119,P503,zh_CN,RTL_DIRECTION,PASS_STATIC_DRAFT,Finding recorded,Medium,Review
RS119,P504,en_US,SURFACE_LENGTH,PASS_STATIC_DRAFT,Finding recorded,Medium,Review
RS119,P504,ar_SA,UNIT_AND_NUMBER_PRESERVATION,PASS_STATIC_DRAFT,Finding recorded,Medium,Review
RS119,P504,de_DE,AUDIO_SUBTITLE_TIMING,NEEDS_RUNTIME_LAYOUT_PROOF,Finding recorded,Medium,Review
RS119,P504,es_ES,CJK_GLYPH_SCOPE,NEEDS_RUNTIME_LAYOUT_PROOF,Finding recorded,Medium,Review
RS119,P504,fr_FR,UNIT_AND_NUMBER_PRESERVATION,PASS_STATIC_DRAFT,Finding recorded,Medium,Review
RS119,P504,he_IL,VOICE_REGISTER,NEEDS_RUNTIME_LAYOUT_PROOF,Finding recorded,Medium,Review
RS119,P504,id_ID,EXPANSION_RISK,NEEDS_RUNTIME_LAYOUT_PROOF,Finding recorded,Medium,Review
RS119,P504,ja_JP,EXPANSION_RISK,NEEDS_FONT_GLYPH_PROOF,Finding recorded,Medium,Review
RS119,P504,ko_KR,TERMINOLOGY_LOCK,NEEDS_NATIVE_REVIEW,Finding recorded,Medium,Review
RS119,P504,nl_NL,CJK_GLYPH_SCOPE,NEEDS_RUNTIME_LAYOUT_PROOF,Finding recorded,Medium,Review
RS119,P504,pl_PL,EXPANSION_RISK,NEEDS_RUNTIME_LAYOUT_PROOF,Finding recorded,Medium,Review
RS119,P504,pt_BR,SPOILER_BOUNDARY,PASS_STATIC_DRAFT,Finding recorded,Medium,Review
RS119,P504,ru_RU,TERMINOLOGY_LOCK,NEEDS_FONT_GLYPH_PROOF,Finding recorded,Medium,Review
RS119,P504,uk_UA,TERMINOLOGY_LOCK,NEEDS_NATIVE_REVIEW,Finding recorded,Medium,Review
RS119,P504,zh_CN,SURFACE_LENGTH,PASS_STATIC_DRAFT,Finding recorded,Medium,Review
RS119,P505,en_US,TERMINOLOGY_LOCK,NEEDS_RUNTIME_LAYOUT_PROOF,Finding recorded,Medium,Review
RS119,P505,ar_SA,SPOILER_BOUNDARY,NEEDS_FONT_GLYPH_PROOF,Finding recorded,Medium,Review
RS119,P505,de_DE,ID_PRESERVATION,NEEDS_FONT_GLYPH_PROOF,Finding recorded,Medium,Review
RS119,P505,es_ES,TERMINOLOGY_LOCK,PASS_STATIC_DRAFT,Finding recorded,Medium,Review
RS119,P505,fr_FR,SURFACE_LENGTH,PASS_STATIC_DRAFT,Finding recorded,Medium,Review
RS119,P505,he_IL,CJK_GLYPH_SCOPE,NEEDS_FONT_GLYPH_PROOF,Finding recorded,Medium,Review
RS119,P505,id_ID,SPOILER_BOUNDARY,NEEDS_RUNTIME_LAYOUT_PROOF,Finding recorded,Medium,Review
RS119,P505,ja_JP,ID_PRESERVATION,NEEDS_FONT_GLYPH_PROOF,Finding recorded,Medium,Review
RS119,P505,ko_KR,VOICE_REGISTER,NEEDS_FONT_GLYPH_PROOF,Finding recorded,Medium,Review
RS119,P505,nl_NL,RTL_DIRECTION,NEEDS_RUNTIME_LAYOUT_PROOF,Finding recorded,Medium,Review
RS119,P505,pl_PL,CJK_GLYPH_SCOPE,NEEDS_NATIVE_REVIEW,Finding recorded,Medium,Review
RS119,P505,pt_BR,TERMINOLOGY_LOCK,PASS_STATIC_DRAFT,Finding recorded,Medium,Review
RS119,P505,ru_RU,ID_PRESERVATION,NEEDS_NATIVE_REVIEW,Finding recorded,Medium,Review
RS119,P505,uk_UA,UNIT_AND_NUMBER_PRESERVATION,NEEDS_NATIVE_REVIEW,Finding recorded,Medium,Review
RS119,P505,zh_CN,CJK_GLYPH_SCOPE,NEEDS_NATIVE_REVIEW,Finding recorded,Medium,Review
RS119,P506,en_US,VOICE_REGISTER,NEEDS_RUNTIME_LAYOUT_PROOF,Finding recorded,Medium,Review
RS119,P506,ar_SA,VOICE_REGISTER,NEEDS_NATIVE_REVIEW,Finding recorded,Medium,Review
RS119,P506,de_DE,TERMINOLOGY_LOCK,NEEDS_FONT_GLYPH_PROOF,Finding recorded,Medium,Review
RS119,P506,es_ES,UNIT_AND_NUMBER_PRESERVATION,NEEDS_RUNTIME_LAYOUT_PROOF,Finding recorded,Medium,Review
RS119,P506,fr_FR,TERMINOLOGY_LOCK,NEEDS_RUNTIME_LAYOUT_PROOF,Finding recorded,Medium,Review
RS119,P506,he_IL,AUDIO_SUBTITLE_TIMING,PASS_STATIC_DRAFT,Finding recorded,Medium,Review
RS119,P506,id_ID,CJK_GLYPH_SCOPE,NEEDS_NATIVE_REVIEW,Finding recorded,Medium,Review
RS119,P506,ja_JP,RTL_DIRECTION,PASS_STATIC_DRAFT,Finding recorded,Medium,Review
RS119,P506,ko_KR,EXPANSION_RISK,NEEDS_NATIVE_REVIEW,Finding recorded,Medium,Review
RS119,P506,nl_NL,EXPANSION_RISK,PASS_STATIC_DRAFT,Finding recorded,Medium,Review
RS119,P506,pl_PL,VOICE_REGISTER,NEEDS_RUNTIME_LAYOUT_PROOF,Finding recorded,Medium,Review
RS119,P506,pt_BR,SPOILER_BOUNDARY,NEEDS_FONT_GLYPH_PROOF,Finding recorded,Medium,Review
RS119,P506,ru_RU,TERMINOLOGY_LOCK,NEEDS_FONT_GLYPH_PROOF,Finding recorded,Medium,Review
RS119,P506,uk_UA,AUDIO_SUBTITLE_TIMING,NEEDS_FONT_GLYPH_PROOF,Finding recorded,Medium,Review
RS119,P506,zh_CN,CJK_GLYPH_SCOPE,PASS_STATIC_DRAFT,Finding recorded,Medium,Review
RS119,P507,en_US,ID_PRESERVATION,PASS_STATIC_DRAFT,Finding recorded,Medium,Review
RS119,P507,ar_SA,UNIT_AND_NUMBER_PRESERVATION,NEEDS_FONT_GLYPH_PROOF,Finding recorded,Medium,Review
RS119,P507,de_DE,CJK_GLYPH_SCOPE,NEEDS_NATIVE_REVIEW,Finding recorded,Medium,Review
RS119,P507,es_ES,UNIT_AND_NUMBER_PRESERVATION,NEEDS_FONT_GLYPH_PROOF,Finding recorded,Medium,Review
RS119,P507,fr_FR,AUDIO_SUBTITLE_TIMING,NEEDS_RUNTIME_LAYOUT_PROOF,Finding recorded,Medium,Review
RS119,P507,he_IL,CJK_GLYPH_SCOPE,NEEDS_NATIVE_REVIEW,Finding recorded,Medium,Review
RS119,P507,id_ID,UNIT_AND_NUMBER_PRESERVATION,NEEDS_RUNTIME_LAYOUT_PROOF,Finding recorded,Medium,Review
RS119,P507,ja_JP,EXPANSION_RISK,PASS_STATIC_DRAFT,Finding recorded,Medium,Review
RS119,P507,ko_KR,TERMINOLOGY_LOCK,NEEDS_RUNTIME_LAYOUT_PROOF,Finding recorded,Medium,Review
RS119,P507,nl_NL,EXPANSION_RISK,PASS_STATIC_DRAFT,Finding recorded,Medium,Review
RS119,P507,pl_PL,SURFACE_LENGTH,NEEDS_FONT_GLYPH_PROOF,Finding recorded,Medium,Review
RS119,P507,pt_BR,SPOILER_BOUNDARY,PASS_STATIC_DRAFT,Finding recorded,Medium,Review
RS119,P507,ru_RU,SURFACE_LENGTH,NEEDS_RUNTIME_LAYOUT_PROOF,Finding recorded,Medium,Review
RS119,P507,uk_UA,UNIT_AND_NUMBER_PRESERVATION,NEEDS_FONT_GLYPH_PROOF,Finding recorded,Medium,Review
RS119,P507,zh_CN,SPOILER_BOUNDARY,NEEDS_FONT_GLYPH_PROOF,Finding recorded,Medium,Review
RS119,P508,en_US,EXPANSION_RISK,NEEDS_FONT_GLYPH_PROOF,Finding recorded,Medium,Review
RS119,P508,ar_SA,AUDIO_SUBTITLE_TIMING,PASS_STATIC_DRAFT,Finding recorded,Medium,Review
RS119,P508,de_DE,AUDIO_SUBTITLE_TIMING,NEEDS_NATIVE_REVIEW,Finding recorded,Medium,Review
RS119,P508,es_ES,AUDIO_SUBTITLE_TIMING,NEEDS_NATIVE_REVIEW,Finding recorded,Medium,Review
RS119,P508,fr_FR,ID_PRESERVATION,NEEDS_FONT_GLYPH_PROOF,Finding recorded,Medium,Review
RS119,P508,he_IL,CJK_GLYPH_SCOPE,NEEDS_FONT_GLYPH_PROOF,Finding recorded,Medium,Review
RS119,P508,id_ID,VOICE_REGISTER,PASS_STATIC_DRAFT,Finding recorded,Medium,Review
RS119,P508,ja_JP,ID_PRESERVATION,NEEDS_FONT_GLYPH_PROOF,Finding recorded,Medium,Review
RS119,P508,ko_KR,TERMINOLOGY_LOCK,PASS_STATIC_DRAFT,Finding recorded,Medium,Review
RS119,P508,nl_NL,EXPANSION_RISK,NEEDS_FONT_GLYPH_PROOF,Finding recorded,Medium,Review
RS119,P508,pl_PL,CJK_GLYPH_SCOPE,NEEDS_RUNTIME_LAYOUT_PROOF,Finding recorded,Medium,Review
RS119,P508,pt_BR,VOICE_REGISTER,NEEDS_NATIVE_REVIEW,Finding recorded,Medium,Review
RS119,P508,ru_RU,TERMINOLOGY_LOCK,NEEDS_RUNTIME_LAYOUT_PROOF,Finding recorded,Medium,Review
RS119,P508,uk_UA,CJK_GLYPH_SCOPE,NEEDS_RUNTIME_LAYOUT_PROOF,Finding recorded,Medium,Review
RS119,P508,zh_CN,ID_PRESERVATION,NEEDS_FONT_GLYPH_PROOF,Finding recorded,Medium,Review
RS119,P509,en_US,SURFACE_LENGTH,NEEDS_RUNTIME_LAYOUT_PROOF,Finding recorded,Medium,Review
RS119,P509,ar_SA,SPOILER_BOUNDARY,NEEDS_FONT_GLYPH_PROOF,Finding recorded,Medium,Review
RS119,P509,de_DE,VOICE_REGISTER,NEEDS_FONT_GLYPH_PROOF,Finding recorded,Medium,Review
RS119,P509,es_ES,ID_PRESERVATION,NEEDS_FONT_GLYPH_PROOF,Finding recorded,Medium,Review
RS119,P509,fr_FR,SURFACE_LENGTH,NEEDS_NATIVE_REVIEW,Finding recorded,Medium,Review
RS119,P509,he_IL,UNIT_AND_NUMBER_PRESERVATION,NEEDS_NATIVE_REVIEW,Finding recorded,Medium,Review
RS119,P509,id_ID,SPOILER_BOUNDARY,PASS_STATIC_DRAFT,Finding recorded,Medium,Review
RS119,P509,ja_JP,RTL_DIRECTION,PASS_STATIC_DRAFT,Finding recorded,Medium,Review
RS119,P509,ko_KR,AUDIO_SUBTITLE_TIMING,NEEDS_RUNTIME_LAYOUT_PROOF,Finding recorded,Medium,Review
RS119,P509,nl_NL,ID_PRESERVATION,NEEDS_NATIVE_REVIEW,Finding recorded,Medium,Review
RS119,P509,pl_PL,CJK_GLYPH_SCOPE,PASS_STATIC_DRAFT,Finding recorded,Medium,Review
RS119,P509,pt_BR,UNIT_AND_NUMBER_PRESERVATION,NEEDS_NATIVE_REVIEW,Finding recorded,Medium,Review
RS119,P509,ru_RU,SURFACE_LENGTH,NEEDS_FONT_GLYPH_PROOF,Finding recorded,Medium,Review
RS119,P509,uk_UA,AUDIO_SUBTITLE_TIMING,PASS_STATIC_DRAFT,Finding recorded,Medium,Review
RS119,P509,zh_CN,TERMINOLOGY_LOCK,NEEDS_RUNTIME_LAYOUT_PROOF,Finding recorded,Medium,Review
RS120,P510,en_US,SURFACE_LENGTH,PASS_STATIC_DRAFT,Finding recorded,Medium,Review
RS120,P510,ar_SA,VOICE_REGISTER,NEEDS_NATIVE_REVIEW,Finding recorded,Medium,Review
RS120,P510,de_DE,VOICE_REGISTER,NEEDS_NATIVE_REVIEW,Finding recorded,Medium,Review
RS120,P510,es_ES,RTL_DIRECTION,NEEDS_RUNTIME_LAYOUT_PROOF,Finding recorded,Medium,Review
RS120,P510,fr_FR,TERMINOLOGY_LOCK,NEEDS_NATIVE_REVIEW,Finding recorded,Medium,Review
RS120,P510,he_IL,ID_PRESERVATION,NEEDS_RUNTIME_LAYOUT_PROOF,Finding recorded,Medium,Review
RS120,P510,id_ID,SPOILER_BOUNDARY,PASS_STATIC_DRAFT,Finding recorded,Medium,Review
RS120,P510,ja_JP,RTL_DIRECTION,NEEDS_FONT_GLYPH_PROOF,Finding recorded,Medium,Review
RS120,P510,ko_KR,SURFACE_LENGTH,PASS_STATIC_DRAFT,Finding recorded,Medium,Review
RS120,P510,nl_NL,VOICE_REGISTER,PASS_STATIC_DRAFT,Finding recorded,Medium,Review
RS120,P510,pl_PL,SURFACE_LENGTH,NEEDS_NATIVE_REVIEW,Finding recorded,Medium,Review
RS120,P510,pt_BR,UNIT_AND_NUMBER_PRESERVATION,NEEDS_FONT_GLYPH_PROOF,Finding recorded,Medium,Review
RS120,P510,ru_RU,VOICE_REGISTER,NEEDS_FONT_GLYPH_PROOF,Finding recorded,Medium,Review
RS120,P510,uk_UA,ID_PRESERVATION,NEEDS_FONT_GLYPH_PROOF,Finding recorded,Medium,Review
RS120,P510,zh_CN,RTL_DIRECTION,NEEDS_RUNTIME_LAYOUT_PROOF,Finding recorded,Medium,Review
RS120,P511,en_US,EXPANSION_RISK,NEEDS_FONT_GLYPH_PROOF,Finding recorded,Medium,Review
RS120,P511,ar_SA,RTL_DIRECTION,NEEDS_FONT_GLYPH_PROOF,Finding recorded,Medium,Review
RS120,P511,de_DE,CJK_GLYPH_SCOPE,NEEDS_FONT_GLYPH_PROOF,Finding recorded,Medium,Review
RS120,P511,es_ES,UNIT_AND_NUMBER_PRESERVATION,NEEDS_NATIVE_REVIEW,Finding recorded,Medium,Review
RS120,P511,fr_FR,ID_PRESERVATION,NEEDS_NATIVE_REVIEW,Finding recorded,Medium,Review
RS120,P511,he_IL,RTL_DIRECTION,NEEDS_RUNTIME_LAYOUT_PROOF,Finding recorded,Medium,Review
RS120,P511,id_ID,RTL_DIRECTION,NEEDS_RUNTIME_LAYOUT_PROOF,Finding recorded,Medium,Review
RS120,P511,ja_JP,SPOILER_BOUNDARY,NEEDS_RUNTIME_LAYOUT_PROOF,Finding recorded,Medium,Review
RS120,P511,ko_KR,TERMINOLOGY_LOCK,NEEDS_NATIVE_REVIEW,Finding recorded,Medium,Review
RS120,P511,nl_NL,EXPANSION_RISK,NEEDS_FONT_GLYPH_PROOF,Finding recorded,Medium,Review
RS120,P511,pl_PL,SURFACE_LENGTH,PASS_STATIC_DRAFT,Finding recorded,Medium,Review
RS120,P511,pt_BR,ID_PRESERVATION,NEEDS_RUNTIME_LAYOUT_PROOF,Finding recorded,Medium,Review
RS120,P511,ru_RU,VOICE_REGISTER,NEEDS_NATIVE_REVIEW,Finding recorded,Medium,Review
RS120,P511,uk_UA,UNIT_AND_NUMBER_PRESERVATION,PASS_STATIC_DRAFT,Finding recorded,Medium,Review
RS120,P511,zh_CN,AUDIO_SUBTITLE_TIMING,NEEDS_RUNTIME_LAYOUT_PROOF,Finding recorded,Medium,Review
RS120,P512,en_US,EXPANSION_RISK,NEEDS_FONT_GLYPH_PROOF,Finding recorded,Medium,Review
RS120,P512,ar_SA,UNIT_AND_NUMBER_PRESERVATION,NEEDS_RUNTIME_LAYOUT_PROOF,Finding recorded,Medium,Review
RS120,P512,de_DE,CJK_GLYPH_SCOPE,NEEDS_FONT_GLYPH_PROOF,Finding recorded,Medium,Review
RS120,P512,es_ES,VOICE_REGISTER,PASS_STATIC_DRAFT,Finding recorded,Medium,Review
RS120,P512,fr_FR,AUDIO_SUBTITLE_TIMING,NEEDS_NATIVE_REVIEW,Finding recorded,Medium,Review
RS120,P512,he_IL,TERMINOLOGY_LOCK,PASS_STATIC_DRAFT,Finding recorded,Medium,Review
RS120,P512,id_ID,SURFACE_LENGTH,NEEDS_NATIVE_REVIEW,Finding recorded,Medium,Review
RS120,P512,ja_JP,CJK_GLYPH_SCOPE,NEEDS_FONT_GLYPH_PROOF,Finding recorded,Medium,Review
RS120,P512,ko_KR,EXPANSION_RISK,PASS_STATIC_DRAFT,Finding recorded,Medium,Review
RS120,P512,nl_NL,SURFACE_LENGTH,NEEDS_FONT_GLYPH_PROOF,Finding recorded,Medium,Review
RS120,P512,pl_PL,UNIT_AND_NUMBER_PRESERVATION,NEEDS_RUNTIME_LAYOUT_PROOF,Finding recorded,Medium,Review
RS120,P512,pt_BR,UNIT_AND_NUMBER_PRESERVATION,PASS_STATIC_DRAFT,Finding recorded,Medium,Review
RS120,P512,ru_RU,VOICE_REGISTER,PASS_STATIC_DRAFT,Finding recorded,Medium,Review
RS120,P512,uk_UA,SPOILER_BOUNDARY,NEEDS_NATIVE_REVIEW,Finding recorded,Medium,Review
RS120,P512,zh_CN,SPOILER_BOUNDARY,NEEDS_FONT_GLYPH_PROOF,Finding recorded,Medium,Review
RS120,P513,en_US,RTL_DIRECTION,NEEDS_RUNTIME_LAYOUT_PROOF,Finding recorded,Medium,Review
RS120,P513,ar_SA,AUDIO_SUBTITLE_TIMING,NEEDS_RUNTIME_LAYOUT_PROOF,Finding recorded,Medium,Review
RS120,P513,de_DE,TERMINOLOGY_LOCK,NEEDS_RUNTIME_LAYOUT_PROOF,Finding recorded,Medium,Review
RS120,P513,es_ES,EXPANSION_RISK,NEEDS_FONT_GLYPH_PROOF,Finding recorded,Medium,Review
RS120,P513,fr_FR,ID_PRESERVATION,NEEDS_NATIVE_REVIEW,Finding recorded,Medium,Review
RS120,P513,he_IL,EXPANSION_RISK,NEEDS_RUNTIME_LAYOUT_PROOF,Finding recorded,Medium,Review
RS120,P513,id_ID,CJK_GLYPH_SCOPE,PASS_STATIC_DRAFT,Finding recorded,Medium,Review
RS120,P513,ja_JP,TERMINOLOGY_LOCK,PASS_STATIC_DRAFT,Finding recorded,Medium,Review
RS120,P513,ko_KR,UNIT_AND_NUMBER_PRESERVATION,NEEDS_RUNTIME_LAYOUT_PROOF,Finding recorded,Medium,Review
RS120,P513,nl_NL,AUDIO_SUBTITLE_TIMING,NEEDS_RUNTIME_LAYOUT_PROOF,Finding recorded,Medium,Review
RS120,P513,pl_PL,SURFACE_LENGTH,NEEDS_RUNTIME_LAYOUT_PROOF,Finding recorded,Medium,Review
RS120,P513,pt_BR,EXPANSION_RISK,NEEDS_RUNTIME_LAYOUT_PROOF,Finding recorded,Medium,Review
RS120,P513,ru_RU,ID_PRESERVATION,NEEDS_NATIVE_REVIEW,Finding recorded,Medium,Review
RS120,P513,uk_UA,RTL_DIRECTION,NEEDS_RUNTIME_LAYOUT_PROOF,Finding recorded,Medium,Review
RS120,P513,zh_CN,SURFACE_LENGTH,NEEDS_NATIVE_REVIEW,Finding recorded,Medium,Review
RS120,P514,en_US,UNIT_AND_NUMBER_PRESERVATION,NEEDS_NATIVE_REVIEW,Finding recorded,Medium,Review
RS120,P514,ar_SA,TERMINOLOGY_LOCK,NEEDS_NATIVE_REVIEW,Finding recorded,Medium,Review
RS120,P514,de_DE,ID_PRESERVATION,NEEDS_NATIVE_REVIEW,Finding recorded,Medium,Review
RS120,P514,es_ES,TERMINOLOGY_LOCK,PASS_STATIC_DRAFT,Finding recorded,Medium,Review
RS120,P514,fr_FR,TERMINOLOGY_LOCK,PASS_STATIC_DRAFT,Finding recorded,Medium,Review
RS120,P514,he_IL,UNIT_AND_NUMBER_PRESERVATION,NEEDS_NATIVE_REVIEW,Finding recorded,Medium,Review
RS120,P514,id_ID,AUDIO_SUBTITLE_TIMING,NEEDS_RUNTIME_LAYOUT_PROOF,Finding recorded,Medium,Review
RS120,P514,ja_JP,EXPANSION_RISK,NEEDS_RUNTIME_LAYOUT_PROOF,Finding recorded,Medium,Review
RS120,P514,ko_KR,RTL_DIRECTION,NEEDS_RUNTIME_LAYOUT_PROOF,Finding recorded,Medium,Review
RS120,P514,nl_NL,RTL_DIRECTION,PASS_STATIC_DRAFT,Finding recorded,Medium,Review
RS120,P514,pl_PL,CJK_GLYPH_SCOPE,NEEDS_NATIVE_REVIEW,Finding recorded,Medium,Review
RS120,P514,pt_BR,UNIT_AND_NUMBER_PRESERVATION,NEEDS_NATIVE_REVIEW,Finding recorded,Medium,Review
RS120,P514,ru_RU,ID_PRESERVATION,NEEDS_FONT_GLYPH_PROOF,Finding recorded,Medium,Review
RS120,P514,uk_UA,ID_PRESERVATION,NEEDS_RUNTIME_LAYOUT_PROOF,Finding recorded,Medium,Review
RS120,P514,zh_CN,UNIT_AND_NUMBER_PRESERVATION,NEEDS_FONT_GLYPH_PROOF,Finding recorded,Medium,Review
RS120,P515,en_US,EXPANSION_RISK,NEEDS_RUNTIME_LAYOUT_PROOF,Finding recorded,Medium,Review
RS120,P515,ar_SA,RTL_DIRECTION,NEEDS_FONT_GLYPH_PROOF,Finding recorded,Medium,Review
RS120,P515,de_DE,VOICE_REGISTER,NEEDS_RUNTIME_LAYOUT_PROOF,Finding recorded,Medium,Review
RS120,P515,es_ES,ID_PRESERVATION,PASS_STATIC_DRAFT,Finding recorded,Medium,Review
RS120,P515,fr_FR,SPOILER_BOUNDARY,NEEDS_RUNTIME_LAYOUT_PROOF,Finding recorded,Medium,Review
RS120,P515,he_IL,TERMINOLOGY_LOCK,NEEDS_RUNTIME_LAYOUT_PROOF,Finding recorded,Medium,Review
RS120,P515,id_ID,UNIT_AND_NUMBER_PRESERVATION,NEEDS_FONT_GLYPH_PROOF,Finding recorded,Medium,Review
RS120,P515,ja_JP,SURFACE_LENGTH,PASS_STATIC_DRAFT,Finding recorded,Medium,Review
RS120,P515,ko_KR,CJK_GLYPH_SCOPE,PASS_STATIC_DRAFT,Finding recorded,Medium,Review
RS120,P515,nl_NL,TERMINOLOGY_LOCK,NEEDS_NATIVE_REVIEW,Finding recorded,Medium,Review
RS120,P515,pl_PL,UNIT_AND_NUMBER_PRESERVATION,NEEDS_FONT_GLYPH_PROOF,Finding recorded,Medium,Review
RS120,P515,pt_BR,TERMINOLOGY_LOCK,NEEDS_FONT_GLYPH_PROOF,Finding recorded,Medium,Review
RS120,P515,ru_RU,EXPANSION_RISK,NEEDS_RUNTIME_LAYOUT_PROOF,Finding recorded,Medium,Review
RS120,P515,uk_UA,SPOILER_BOUNDARY,NEEDS_RUNTIME_LAYOUT_PROOF,Finding recorded,Medium,Review
RS120,P515,zh_CN,AUDIO_SUBTITLE_TIMING,NEEDS_RUNTIME_LAYOUT_PROOF,Finding recorded,Medium,Review
RS120,P516,en_US,AUDIO_SUBTITLE_TIMING,NEEDS_FONT_GLYPH_PROOF,Finding recorded,Medium,Review
RS120,P516,ar_SA,AUDIO_SUBTITLE_TIMING,PASS_STATIC_DRAFT,Finding recorded,Medium,Review
RS120,P516,de_DE,TERMINOLOGY_LOCK,NEEDS_FONT_GLYPH_PROOF,Finding recorded,Medium,Review
RS120,P516,es_ES,SURFACE_LENGTH,NEEDS_RUNTIME_LAYOUT_PROOF,Finding recorded,Medium,Review
RS120,P516,fr_FR,AUDIO_SUBTITLE_TIMING,NEEDS_FONT_GLYPH_PROOF,Finding recorded,Medium,Review
RS120,P516,he_IL,AUDIO_SUBTITLE_TIMING,NEEDS_FONT_GLYPH_PROOF,Finding recorded,Medium,Review
RS120,P516,id_ID,EXPANSION_RISK,NEEDS_FONT_GLYPH_PROOF,Finding recorded,Medium,Review
RS120,P516,ja_JP,VOICE_REGISTER,NEEDS_NATIVE_REVIEW,Finding recorded,Medium,Review
RS120,P516,ko_KR,EXPANSION_RISK,PASS_STATIC_DRAFT,Finding recorded,Medium,Review
RS120,P516,nl_NL,SURFACE_LENGTH,NEEDS_FONT_GLYPH_PROOF,Finding recorded,Medium,Review
RS120,P516,pl_PL,EXPANSION_RISK,NEEDS_RUNTIME_LAYOUT_PROOF,Finding recorded,Medium,Review
RS120,P516,pt_BR,CJK_GLYPH_SCOPE,NEEDS_NATIVE_REVIEW,Finding recorded,Medium,Review
RS120,P516,ru_RU,AUDIO_SUBTITLE_TIMING,NEEDS_RUNTIME_LAYOUT_PROOF,Finding recorded,Medium,Review
RS120,P516,uk_UA,TERMINOLOGY_LOCK,PASS_STATIC_DRAFT,Finding recorded,Medium,Review
RS120,P516,zh_CN,VOICE_REGISTER,PASS_STATIC_DRAFT,Finding recorded,Medium,Review
RS120,P517,en_US,SURFACE_LENGTH,NEEDS_FONT_GLYPH_PROOF,Finding recorded,Medium,Review
RS120,P517,ar_SA,SPOILER_BOUNDARY,NEEDS_RUNTIME_LAYOUT_PROOF,Finding recorded,Medium,Review
RS120,P517,de_DE,UNIT_AND_NUMBER_PRESERVATION,NEEDS_RUNTIME_LAYOUT_PROOF,Finding recorded,Medium,Review
RS120,P517,es_ES,RTL_DIRECTION,NEEDS_FONT_GLYPH_PROOF,Finding recorded,Medium,Review
RS120,P517,fr_FR,TERMINOLOGY_LOCK,NEEDS_NATIVE_REVIEW,Finding recorded,Medium,Review
RS120,P517,he_IL,RTL_DIRECTION,NEEDS_FONT_GLYPH_PROOF,Finding recorded,Medium,Review
RS120,P517,id_ID,VOICE_REGISTER,NEEDS_FONT_GLYPH_PROOF,Finding recorded,Medium,Review
RS120,P517,ja_JP,UNIT_AND_NUMBER_PRESERVATION,PASS_STATIC_DRAFT,Finding recorded,Medium,Review
RS120,P517,ko_KR,VOICE_REGISTER,NEEDS_NATIVE_REVIEW,Finding recorded,Medium,Review
RS120,P517,nl_NL,ID_PRESERVATION,NEEDS_RUNTIME_LAYOUT_PROOF,Finding recorded,Medium,Review
RS120,P517,pl_PL,SURFACE_LENGTH,NEEDS_NATIVE_REVIEW,Finding recorded,Medium,Review
RS120,P517,pt_BR,SURFACE_LENGTH,PASS_STATIC_DRAFT,Finding recorded,Medium,Review
RS120,P517,ru_RU,TERMINOLOGY_LOCK,NEEDS_FONT_GLYPH_PROOF,Finding recorded,Medium,Review
RS120,P517,uk_UA,RTL_DIRECTION,PASS_STATIC_DRAFT,Finding recorded,Medium,Review
RS120,P517,zh_CN,EXPANSION_RISK,NEEDS_FONT_GLYPH_PROOF,Finding recorded,Medium,Review
RS120,P518,en_US,ID_PRESERVATION,NEEDS_RUNTIME_LAYOUT_PROOF,Finding recorded,Medium,Review
RS120,P518,ar_SA,SPOILER_BOUNDARY,NEEDS_FONT_GLYPH_PROOF,Finding recorded,Medium,Review
RS120,P518,de_DE,SURFACE_LENGTH,NEEDS_RUNTIME_LAYOUT_PROOF,Finding recorded,Medium,Review
RS120,P518,es_ES,UNIT_AND_NUMBER_PRESERVATION,PASS_STATIC_DRAFT,Finding recorded,Medium,Review
RS120,P518,fr_FR,SURFACE_LENGTH,NEEDS_NATIVE_REVIEW,Finding recorded,Medium,Review
RS120,P518,he_IL,RTL_DIRECTION,NEEDS_NATIVE_REVIEW,Finding recorded,Medium,Review
RS120,P518,id_ID,EXPANSION_RISK,NEEDS_NATIVE_REVIEW,Finding recorded,Medium,Review
RS120,P518,ja_JP,AUDIO_SUBTITLE_TIMING,NEEDS_NATIVE_REVIEW,Finding recorded,Medium,Review
RS120,P518,ko_KR,UNIT_AND_NUMBER_PRESERVATION,NEEDS_FONT_GLYPH_PROOF,Finding recorded,Medium,Review
RS120,P518,nl_NL,VOICE_REGISTER,NEEDS_FONT_GLYPH_PROOF,Finding recorded,Medium,Review
RS120,P518,pl_PL,CJK_GLYPH_SCOPE,PASS_STATIC_DRAFT,Finding recorded,Medium,Review
RS120,P518,pt_BR,ID_PRESERVATION,NEEDS_RUNTIME_LAYOUT_PROOF,Finding recorded,Medium,Review
RS120,P518,ru_RU,SURFACE_LENGTH,NEEDS_FONT_GLYPH_PROOF,Finding recorded,Medium,Review
RS120,P518,uk_UA,EXPANSION_RISK,NEEDS_NATIVE_REVIEW,Finding recorded,Medium,Review
RS120,P518,zh_CN,EXPANSION_RISK,NEEDS_FONT_GLYPH_PROOF,Finding recorded,Medium,Review
RS120,P519,en_US,UNIT_AND_NUMBER_PRESERVATION,NEEDS_FONT_GLYPH_PROOF,Finding recorded,Medium,Review
RS120,P519,ar_SA,VOICE_REGISTER,NEEDS_FONT_GLYPH_PROOF,Finding recorded,Medium,Review
RS120,P519,de_DE,SURFACE_LENGTH,NEEDS_NATIVE_REVIEW,Finding recorded,Medium,Review
RS120,P519,es_ES,SPOILER_BOUNDARY,PASS_STATIC_DRAFT,Finding recorded,Medium,Review
RS120,P519,fr_FR,VOICE_REGISTER,NEEDS_RUNTIME_LAYOUT_PROOF,Finding recorded,Medium,Review
RS120,P519,he_IL,RTL_DIRECTION,NEEDS_NATIVE_REVIEW,Finding recorded,Medium,Review
RS120,P519,id_ID,VOICE_REGISTER,NEEDS_FONT_GLYPH_PROOF,Finding recorded,Medium,Review
RS120,P519,ja_JP,UNIT_AND_NUMBER_PRESERVATION,NEEDS_NATIVE_REVIEW,Finding recorded,Medium,Review
RS120,P519,ko_KR,RTL_DIRECTION,NEEDS_RUNTIME_LAYOUT_PROOF,Finding recorded,Medium,Review
RS120,P519,nl_NL,VOICE_REGISTER,NEEDS_RUNTIME_LAYOUT_PROOF,Finding recorded,Medium,Review
RS120,P519,pl_PL,TERMINOLOGY_LOCK,NEEDS_FONT_GLYPH_PROOF,Finding recorded,Medium,Review
RS120,P519,pt_BR,RTL_DIRECTION,PASS_STATIC_DRAFT,Finding recorded,Medium,Review
RS120,P519,ru_RU,SPOILER_BOUNDARY,NEEDS_RUNTIME_LAYOUT_PROOF,Finding recorded,Medium,Review
RS120,P519,uk_UA,SPOILER_BOUNDARY,NEEDS_RUNTIME_LAYOUT_PROOF,Finding recorded,Medium,Review
RS120,P519,zh_CN,EXPANSION_RISK,NEEDS_RUNTIME_LAYOUT_PROOF,Finding recorded,Medium,Review
RS121,P520,en_US,TERMINOLOGY_LOCK,NEEDS_FONT_GLYPH_PROOF,Finding recorded,Medium,Review
RS121,P520,ar_SA,SURFACE_LENGTH,NEEDS_RUNTIME_LAYOUT_PROOF,Finding recorded,Medium,Review
RS121,P520,de_DE,ID_PRESERVATION,NEEDS_RUNTIME_LAYOUT_PROOF,Finding recorded,Medium,Review
RS121,P520,es_ES,CJK_GLYPH_SCOPE,NEEDS_RUNTIME_LAYOUT_PROOF,Finding recorded,Medium,Review
RS121,P520,fr_FR,CJK_GLYPH_SCOPE,NEEDS_FONT_GLYPH_PROOF,Finding recorded,Medium,Review
RS121,P520,he_IL,UNIT_AND_NUMBER_PRESERVATION,NEEDS_FONT_GLYPH_PROOF,Finding recorded,Medium,Review
RS121,P520,id_ID,ID_PRESERVATION,NEEDS_NATIVE_REVIEW,Finding recorded,Medium,Review
RS121,P520,ja_JP,RTL_DIRECTION,NEEDS_RUNTIME_LAYOUT_PROOF,Finding recorded,Medium,Review
RS121,P520,ko_KR,VOICE_REGISTER,PASS_STATIC_DRAFT,Finding recorded,Medium,Review
RS121,P520,nl_NL,CJK_GLYPH_SCOPE,PASS_STATIC_DRAFT,Finding recorded,Medium,Review
RS121,P520,pl_PL,AUDIO_SUBTITLE_TIMING,NEEDS_RUNTIME_LAYOUT_PROOF,Finding recorded,Medium,Review
RS121,P520,pt_BR,UNIT_AND_NUMBER_PRESERVATION,NEEDS_RUNTIME_LAYOUT_PROOF,Finding recorded,Medium,Review
RS121,P520,ru_RU,RTL_DIRECTION,NEEDS_NATIVE_REVIEW,Finding recorded,Medium,Review
RS121,P520,uk_UA,EXPANSION_RISK,NEEDS_FONT_GLYPH_PROOF,Finding recorded,Medium,Review
RS121,P520,zh_CN,VOICE_REGISTER,PASS_STATIC_DRAFT,Finding recorded,Medium,Review
RS121,P521,en_US,TERMINOLOGY_LOCK,PASS_STATIC_DRAFT,Finding recorded,Medium,Review
RS121,P521,ar_SA,VOICE_REGISTER,NEEDS_RUNTIME_LAYOUT_PROOF,Finding recorded,Medium,Review
RS121,P521,de_DE,VOICE_REGISTER,PASS_STATIC_DRAFT,Finding recorded,Medium,Review
RS121,P521,es_ES,RTL_DIRECTION,NEEDS_RUNTIME_LAYOUT_PROOF,Finding recorded,Medium,Review
RS121,P521,fr_FR,VOICE_REGISTER,NEEDS_NATIVE_REVIEW,Finding recorded,Medium,Review
RS121,P521,he_IL,ID_PRESERVATION,PASS_STATIC_DRAFT,Finding recorded,Medium,Review
RS121,P521,id_ID,RTL_DIRECTION,NEEDS_RUNTIME_LAYOUT_PROOF,Finding recorded,Medium,Review
RS121,P521,ja_JP,CJK_GLYPH_SCOPE,NEEDS_NATIVE_REVIEW,Finding recorded,Medium,Review
RS121,P521,ko_KR,VOICE_REGISTER,NEEDS_FONT_GLYPH_PROOF,Finding recorded,Medium,Review
RS121,P521,nl_NL,EXPANSION_RISK,NEEDS_RUNTIME_LAYOUT_PROOF,Finding recorded,Medium,Review
RS121,P521,pl_PL,EXPANSION_RISK,NEEDS_FONT_GLYPH_PROOF,Finding recorded,Medium,Review
RS121,P521,pt_BR,SURFACE_LENGTH,NEEDS_FONT_GLYPH_PROOF,Finding recorded,Medium,Review
RS121,P521,ru_RU,TERMINOLOGY_LOCK,NEEDS_FONT_GLYPH_PROOF,Finding recorded,Medium,Review
RS121,P521,uk_UA,ID_PRESERVATION,PASS_STATIC_DRAFT,Finding recorded,Medium,Review
RS121,P521,zh_CN,TERMINOLOGY_LOCK,NEEDS_RUNTIME_LAYOUT_PROOF,Finding recorded,Medium,Review
RS121,P522,en_US,ID_PRESERVATION,NEEDS_FONT_GLYPH_PROOF,Finding recorded,Medium,Review
RS121,P522,ar_SA,EXPANSION_RISK,NEEDS_RUNTIME_LAYOUT_PROOF,Finding recorded,Medium,Review
RS121,P522,de_DE,SURFACE_LENGTH,NEEDS_RUNTIME_LAYOUT_PROOF,Finding recorded,Medium,Review
RS121,P522,es_ES,ID_PRESERVATION,PASS_STATIC_DRAFT,Finding recorded,Medium,Review
RS121,P522,fr_FR,ID_PRESERVATION,NEEDS_FONT_GLYPH_PROOF,Finding recorded,Medium,Review
RS121,P522,he_IL,TERMINOLOGY_LOCK,NEEDS_RUNTIME_LAYOUT_PROOF,Finding recorded,Medium,Review
RS121,P522,id_ID,ID_PRESERVATION,NEEDS_NATIVE_REVIEW,Finding recorded,Medium,Review
RS121,P522,ja_JP,EXPANSION_RISK,NEEDS_NATIVE_REVIEW,Finding recorded,Medium,Review
RS121,P522,ko_KR,UNIT_AND_NUMBER_PRESERVATION,NEEDS_NATIVE_REVIEW,Finding recorded,Medium,Review
RS121,P522,nl_NL,EXPANSION_RISK,NEEDS_FONT_GLYPH_PROOF,Finding recorded,Medium,Review
RS121,P522,pl_PL,CJK_GLYPH_SCOPE,PASS_STATIC_DRAFT,Finding recorded,Medium,Review
RS121,P522,pt_BR,CJK_GLYPH_SCOPE,NEEDS_FONT_GLYPH_PROOF,Finding recorded,Medium,Review
RS121,P522,ru_RU,VOICE_REGISTER,NEEDS_FONT_GLYPH_PROOF,Finding recorded,Medium,Review
RS121,P522,uk_UA,ID_PRESERVATION,NEEDS_RUNTIME_LAYOUT_PROOF,Finding recorded,Medium,Review
RS121,P522,zh_CN,TERMINOLOGY_LOCK,NEEDS_RUNTIME_LAYOUT_PROOF,Finding recorded,Medium,Review
RS121,P523,en_US,VOICE_REGISTER,NEEDS_FONT_GLYPH_PROOF,Finding recorded,Medium,Review
RS121,P523,ar_SA,EXPANSION_RISK,NEEDS_FONT_GLYPH_PROOF,Finding recorded,Medium,Review
RS121,P523,de_DE,ID_PRESERVATION,NEEDS_RUNTIME_LAYOUT_PROOF,Finding recorded,Medium,Review
RS121,P523,es_ES,VOICE_REGISTER,PASS_STATIC_DRAFT,Finding recorded,Medium,Review
RS121,P523,fr_FR,SPOILER_BOUNDARY,NEEDS_FONT_GLYPH_PROOF,Finding recorded,Medium,Review
RS121,P523,he_IL,CJK_GLYPH_SCOPE,NEEDS_FONT_GLYPH_PROOF,Finding recorded,Medium,Review
RS121,P523,id_ID,VOICE_REGISTER,NEEDS_RUNTIME_LAYOUT_PROOF,Finding recorded,Medium,Review
RS121,P523,ja_JP,TERMINOLOGY_LOCK,NEEDS_NATIVE_REVIEW,Finding recorded,Medium,Review
RS121,P523,ko_KR,SURFACE_LENGTH,NEEDS_NATIVE_REVIEW,Finding recorded,Medium,Review
RS121,P523,nl_NL,ID_PRESERVATION,NEEDS_FONT_GLYPH_PROOF,Finding recorded,Medium,Review
RS121,P523,pl_PL,CJK_GLYPH_SCOPE,NEEDS_FONT_GLYPH_PROOF,Finding recorded,Medium,Review
RS121,P523,pt_BR,TERMINOLOGY_LOCK,PASS_STATIC_DRAFT,Finding recorded,Medium,Review
RS121,P523,ru_RU,UNIT_AND_NUMBER_PRESERVATION,NEEDS_RUNTIME_LAYOUT_PROOF,Finding recorded,Medium,Review
RS121,P523,uk_UA,CJK_GLYPH_SCOPE,PASS_STATIC_DRAFT,Finding recorded,Medium,Review
RS121,P523,zh_CN,VOICE_REGISTER,NEEDS_RUNTIME_LAYOUT_PROOF,Finding recorded,Medium,Review
RS121,P524,en_US,RTL_DIRECTION,NEEDS_RUNTIME_LAYOUT_PROOF,Finding recorded,Medium,Review
RS121,P524,ar_SA,SPOILER_BOUNDARY,NEEDS_FONT_GLYPH_PROOF,Finding recorded,Medium,Review
RS121,P524,de_DE,CJK_GLYPH_SCOPE,NEEDS_NATIVE_REVIEW,Finding recorded,Medium,Review
RS121,P524,es_ES,VOICE_REGISTER,PASS_STATIC_DRAFT,Finding recorded,Medium,Review
RS121,P524,fr_FR,UNIT_AND_NUMBER_PRESERVATION,NEEDS_FONT_GLYPH_PROOF,Finding recorded,Medium,Review
RS121,P524,he_IL,RTL_DIRECTION,NEEDS_FONT_GLYPH_PROOF,Finding recorded,Medium,Review
RS121,P524,id_ID,CJK_GLYPH_SCOPE,PASS_STATIC_DRAFT,Finding recorded,Medium,Review
RS121,P524,ja_JP,EXPANSION_RISK,NEEDS_RUNTIME_LAYOUT_PROOF,Finding recorded,Medium,Review
RS121,P524,ko_KR,SURFACE_LENGTH,NEEDS_NATIVE_REVIEW,Finding recorded,Medium,Review
RS121,P524,nl_NL,TERMINOLOGY_LOCK,NEEDS_FONT_GLYPH_PROOF,Finding recorded,Medium,Review
RS121,P524,pl_PL,SURFACE_LENGTH,PASS_STATIC_DRAFT,Finding recorded,Medium,Review
RS121,P524,pt_BR,TERMINOLOGY_LOCK,NEEDS_RUNTIME_LAYOUT_PROOF,Finding recorded,Medium,Review
RS121,P524,ru_RU,VOICE_REGISTER,PASS_STATIC_DRAFT,Finding recorded,Medium,Review
RS121,P524,uk_UA,AUDIO_SUBTITLE_TIMING,NEEDS_NATIVE_REVIEW,Finding recorded,Medium,Review
RS121,P524,zh_CN,UNIT_AND_NUMBER_PRESERVATION,NEEDS_RUNTIME_LAYOUT_PROOF,Finding recorded,Medium,Review
RS121,P525,en_US,SPOILER_BOUNDARY,NEEDS_NATIVE_REVIEW,Finding recorded,Medium,Review
RS121,P525,ar_SA,CJK_GLYPH_SCOPE,NEEDS_FONT_GLYPH_PROOF,Finding recorded,Medium,Review
RS121,P525,de_DE,EXPANSION_RISK,NEEDS_NATIVE_REVIEW,Finding recorded,Medium,Review
RS121,P525,es_ES,CJK_GLYPH_SCOPE,NEEDS_NATIVE_REVIEW,Finding recorded,Medium,Review
RS121,P525,fr_FR,RTL_DIRECTION,NEEDS_FONT_GLYPH_PROOF,Finding recorded,Medium,Review
RS121,P525,he_IL,TERMINOLOGY_LOCK,NEEDS_NATIVE_REVIEW,Finding recorded,Medium,Review
RS121,P525,id_ID,SPOILER_BOUNDARY,NEEDS_RUNTIME_LAYOUT_PROOF,Finding recorded,Medium,Review
RS121,P525,ja_JP,EXPANSION_RISK,NEEDS_FONT_GLYPH_PROOF,Finding recorded,Medium,Review
RS121,P525,ko_KR,VOICE_REGISTER,NEEDS_RUNTIME_LAYOUT_PROOF,Finding recorded,Medium,Review
RS121,P525,nl_NL,SPOILER_BOUNDARY,NEEDS_FONT_GLYPH_PROOF,Finding recorded,Medium,Review
RS121,P525,pl_PL,TERMINOLOGY_LOCK,NEEDS_NATIVE_REVIEW,Finding recorded,Medium,Review
RS121,P525,pt_BR,AUDIO_SUBTITLE_TIMING,NEEDS_RUNTIME_LAYOUT_PROOF,Finding recorded,Medium,Review
RS121,P525,ru_RU,AUDIO_SUBTITLE_TIMING,NEEDS_RUNTIME_LAYOUT_PROOF,Finding recorded,Medium,Review
RS121,P525,uk_UA,ID_PRESERVATION,NEEDS_NATIVE_REVIEW,Finding recorded,Medium,Review
RS121,P525,zh_CN,SPOILER_BOUNDARY,PASS_STATIC_DRAFT,Finding recorded,Medium,Review
RS121,P526,en_US,EXPANSION_RISK,NEEDS_NATIVE_REVIEW,Finding recorded,Medium,Review
RS121,P526,ar_SA,SURFACE_LENGTH,NEEDS_NATIVE_REVIEW,Finding recorded,Medium,Review
RS121,P526,de_DE,SURFACE_LENGTH,NEEDS_NATIVE_REVIEW,Finding recorded,Medium,Review
RS121,P526,es_ES,RTL_DIRECTION,PASS_STATIC_DRAFT,Finding recorded,Medium,Review
RS121,P526,fr_FR,RTL_DIRECTION,NEEDS_NATIVE_REVIEW,Finding recorded,Medium,Review
RS121,P526,he_IL,SURFACE_LENGTH,NEEDS_NATIVE_REVIEW,Finding recorded,Medium,Review
RS121,P526,id_ID,CJK_GLYPH_SCOPE,NEEDS_FONT_GLYPH_PROOF,Finding recorded,Medium,Review
RS121,P526,ja_JP,CJK_GLYPH_SCOPE,NEEDS_NATIVE_REVIEW,Finding recorded,Medium,Review
RS121,P526,ko_KR,RTL_DIRECTION,NEEDS_NATIVE_REVIEW,Finding recorded,Medium,Review
RS121,P526,nl_NL,TERMINOLOGY_LOCK,PASS_STATIC_DRAFT,Finding recorded,Medium,Review
RS121,P526,pl_PL,CJK_GLYPH_SCOPE,PASS_STATIC_DRAFT,Finding recorded,Medium,Review
RS121,P526,pt_BR,CJK_GLYPH_SCOPE,NEEDS_RUNTIME_LAYOUT_PROOF,Finding recorded,Medium,Review
RS121,P526,ru_RU,AUDIO_SUBTITLE_TIMING,PASS_STATIC_DRAFT,Finding recorded,Medium,Review
RS121,P526,uk_UA,VOICE_REGISTER,PASS_STATIC_DRAFT,Finding recorded,Medium,Review
RS121,P526,zh_CN,EXPANSION_RISK,NEEDS_FONT_GLYPH_PROOF,Finding recorded,Medium,Review
RS121,P527,en_US,SURFACE_LENGTH,NEEDS_NATIVE_REVIEW,Finding recorded,Medium,Review
RS121,P527,ar_SA,TERMINOLOGY_LOCK,NEEDS_NATIVE_REVIEW,Finding recorded,Medium,Review
RS121,P527,de_DE,SPOILER_BOUNDARY,NEEDS_FONT_GLYPH_PROOF,Finding recorded,Medium,Review
RS121,P527,es_ES,SPOILER_BOUNDARY,NEEDS_FONT_GLYPH_PROOF,Finding recorded,Medium,Review
RS121,P527,fr_FR,ID_PRESERVATION,NEEDS_FONT_GLYPH_PROOF,Finding recorded,Medium,Review
RS121,P527,he_IL,VOICE_REGISTER,NEEDS_RUNTIME_LAYOUT_PROOF,Finding recorded,Medium,Review
RS121,P527,id_ID,TERMINOLOGY_LOCK,NEEDS_FONT_GLYPH_PROOF,Finding recorded,Medium,Review
RS121,P527,ja_JP,SURFACE_LENGTH,NEEDS_FONT_GLYPH_PROOF,Finding recorded,Medium,Review
RS121,P527,ko_KR,VOICE_REGISTER,NEEDS_RUNTIME_LAYOUT_PROOF,Finding recorded,Medium,Review
RS121,P527,nl_NL,EXPANSION_RISK,NEEDS_NATIVE_REVIEW,Finding recorded,Medium,Review
RS121,P527,pl_PL,ID_PRESERVATION,NEEDS_NATIVE_REVIEW,Finding recorded,Medium,Review
RS121,P527,pt_BR,EXPANSION_RISK,NEEDS_FONT_GLYPH_PROOF,Finding recorded,Medium,Review
RS121,P527,ru_RU,VOICE_REGISTER,PASS_STATIC_DRAFT,Finding recorded,Medium,Review
RS121,P527,uk_UA,EXPANSION_RISK,NEEDS_FONT_GLYPH_PROOF,Finding recorded,Medium,Review
RS121,P527,zh_CN,SURFACE_LENGTH,PASS_STATIC_DRAFT,Finding recorded,Medium,Review
RS121,P528,en_US,CJK_GLYPH_SCOPE,NEEDS_RUNTIME_LAYOUT_PROOF,Finding recorded,Medium,Review
RS121,P528,ar_SA,CJK_GLYPH_SCOPE,NEEDS_NATIVE_REVIEW,Finding recorded,Medium,Review
RS121,P528,de_DE,SURFACE_LENGTH,NEEDS_RUNTIME_LAYOUT_PROOF,Finding recorded,Medium,Review
RS121,P528,es_ES,UNIT_AND_NUMBER_PRESERVATION,NEEDS_NATIVE_REVIEW,Finding recorded,Medium,Review
RS121,P528,fr_FR,ID_PRESERVATION,PASS_STATIC_DRAFT,Finding recorded,Medium,Review
RS121,P528,he_IL,ID_PRESERVATION,NEEDS_RUNTIME_LAYOUT_PROOF,Finding recorded,Medium,Review
RS121,P528,id_ID,RTL_DIRECTION,NEEDS_FONT_GLYPH_PROOF,Finding recorded,Medium,Review
RS121,P528,ja_JP,RTL_DIRECTION,PASS_STATIC_DRAFT,Finding recorded,Medium,Review
RS121,P528,ko_KR,ID_PRESERVATION,NEEDS_FONT_GLYPH_PROOF,Finding recorded,Medium,Review
RS121,P528,nl_NL,UNIT_AND_NUMBER_PRESERVATION,NEEDS_FONT_GLYPH_PROOF,Finding recorded,Medium,Review
RS121,P528,pl_PL,RTL_DIRECTION,NEEDS_RUNTIME_LAYOUT_PROOF,Finding recorded,Medium,Review
RS121,P528,pt_BR,SPOILER_BOUNDARY,NEEDS_FONT_GLYPH_PROOF,Finding recorded,Medium,Review
RS121,P528,ru_RU,SPOILER_BOUNDARY,NEEDS_FONT_GLYPH_PROOF,Finding recorded,Medium,Review
RS121,P528,uk_UA,UNIT_AND_NUMBER_PRESERVATION,NEEDS_NATIVE_REVIEW,Finding recorded,Medium,Review
RS121,P528,zh_CN,CJK_GLYPH_SCOPE,PASS_STATIC_DRAFT,Finding recorded,Medium,Review
RS121,P529,en_US,SURFACE_LENGTH,NEEDS_FONT_GLYPH_PROOF,Finding recorded,Medium,Review
RS121,P529,ar_SA,RTL_DIRECTION,NEEDS_FONT_GLYPH_PROOF,Finding recorded,Medium,Review
RS121,P529,de_DE,VOICE_REGISTER,NEEDS_RUNTIME_LAYOUT_PROOF,Finding recorded,Medium,Review
RS121,P529,es_ES,VOICE_REGISTER,PASS_STATIC_DRAFT,Finding recorded,Medium,Review
RS121,P529,fr_FR,VOICE_REGISTER,NEEDS_NATIVE_REVIEW,Finding recorded,Medium,Review
RS121,P529,he_IL,UNIT_AND_NUMBER_PRESERVATION,NEEDS_NATIVE_REVIEW,Finding recorded,Medium,Review
RS121,P529,id_ID,TERMINOLOGY_LOCK,NEEDS_RUNTIME_LAYOUT_PROOF,Finding recorded,Medium,Review
RS121,P529,ja_JP,ID_PRESERVATION,NEEDS_RUNTIME_LAYOUT_PROOF,Finding recorded,Medium,Review
RS121,P529,ko_KR,ID_PRESERVATION,PASS_STATIC_DRAFT,Finding recorded,Medium,Review
RS121,P529,nl_NL,EXPANSION_RISK,NEEDS_NATIVE_REVIEW,Finding recorded,Medium,Review
RS121,P529,pl_PL,SPOILER_BOUNDARY,NEEDS_FONT_GLYPH_PROOF,Finding recorded,Medium,Review
RS121,P529,pt_BR,TERMINOLOGY_LOCK,NEEDS_NATIVE_REVIEW,Finding recorded,Medium,Review
RS121,P529,ru_RU,UNIT_AND_NUMBER_PRESERVATION,NEEDS_NATIVE_REVIEW,Finding recorded,Medium,Review
RS121,P529,uk_UA,TERMINOLOGY_LOCK,NEEDS_NATIVE_REVIEW,Finding recorded,Medium,Review
RS121,P529,zh_CN,ID_PRESERVATION,NEEDS_RUNTIME_LAYOUT_PROOF,Finding recorded,Medium,Review
RS122,P530,en_US,EXPANSION_RISK,NEEDS_RUNTIME_LAYOUT_PROOF,Finding recorded,Medium,Review
RS122,P530,ar_SA,AUDIO_SUBTITLE_TIMING,NEEDS_FONT_GLYPH_PROOF,Finding recorded,Medium,Review
RS122,P530,de_DE,RTL_DIRECTION,NEEDS_NATIVE_REVIEW,Finding recorded,Medium,Review
RS122,P530,es_ES,EXPANSION_RISK,NEEDS_NATIVE_REVIEW,Finding recorded,Medium,Review
RS122,P530,fr_FR,TERMINOLOGY_LOCK,NEEDS_NATIVE_REVIEW,Finding recorded,Medium,Review
RS122,P530,he_IL,CJK_GLYPH_SCOPE,PASS_STATIC_DRAFT,Finding recorded,Medium,Review
RS122,P530,id_ID,SURFACE_LENGTH,NEEDS_RUNTIME_LAYOUT_PROOF,Finding recorded,Medium,Review
RS122,P530,ja_JP,ID_PRESERVATION,NEEDS_FONT_GLYPH_PROOF,Finding recorded,Medium,Review
RS122,P530,ko_KR,UNIT_AND_NUMBER_PRESERVATION,PASS_STATIC_DRAFT,Finding recorded,Medium,Review
RS122,P530,nl_NL,AUDIO_SUBTITLE_TIMING,NEEDS_RUNTIME_LAYOUT_PROOF,Finding recorded,Medium,Review
RS122,P530,pl_PL,UNIT_AND_NUMBER_PRESERVATION,NEEDS_RUNTIME_LAYOUT_PROOF,Finding recorded,Medium,Review
RS122,P530,pt_BR,CJK_GLYPH_SCOPE,NEEDS_NATIVE_REVIEW,Finding recorded,Medium,Review
RS122,P530,ru_RU,SURFACE_LENGTH,NEEDS_RUNTIME_LAYOUT_PROOF,Finding recorded,Medium,Review
RS122,P530,uk_UA,SURFACE_LENGTH,PASS_STATIC_DRAFT,Finding recorded,Medium,Review
RS122,P530,zh_CN,RTL_DIRECTION,NEEDS_FONT_GLYPH_PROOF,Finding recorded,Medium,Review
RS122,P531,en_US,RTL_DIRECTION,PASS_STATIC_DRAFT,Finding recorded,Medium,Review
RS122,P531,ar_SA,AUDIO_SUBTITLE_TIMING,NEEDS_FONT_GLYPH_PROOF,Finding recorded,Medium,Review
RS122,P531,de_DE,EXPANSION_RISK,PASS_STATIC_DRAFT,Finding recorded,Medium,Review
RS122,P531,es_ES,SURFACE_LENGTH,NEEDS_RUNTIME_LAYOUT_PROOF,Finding recorded,Medium,Review
RS122,P531,fr_FR,CJK_GLYPH_SCOPE,NEEDS_RUNTIME_LAYOUT_PROOF,Finding recorded,Medium,Review
RS122,P531,he_IL,SURFACE_LENGTH,NEEDS_NATIVE_REVIEW,Finding recorded,Medium,Review
RS122,P531,id_ID,ID_PRESERVATION,NEEDS_NATIVE_REVIEW,Finding recorded,Medium,Review
RS122,P531,ja_JP,SURFACE_LENGTH,NEEDS_RUNTIME_LAYOUT_PROOF,Finding recorded,Medium,Review
RS122,P531,ko_KR,AUDIO_SUBTITLE_TIMING,NEEDS_NATIVE_REVIEW,Finding recorded,Medium,Review
RS122,P531,nl_NL,SURFACE_LENGTH,NEEDS_FONT_GLYPH_PROOF,Finding recorded,Medium,Review
RS122,P531,pl_PL,ID_PRESERVATION,NEEDS_RUNTIME_LAYOUT_PROOF,Finding recorded,Medium,Review
RS122,P531,pt_BR,EXPANSION_RISK,NEEDS_RUNTIME_LAYOUT_PROOF,Finding recorded,Medium,Review
RS122,P531,ru_RU,EXPANSION_RISK,PASS_STATIC_DRAFT,Finding recorded,Medium,Review
RS122,P531,uk_UA,EXPANSION_RISK,NEEDS_FONT_GLYPH_PROOF,Finding recorded,Medium,Review
RS122,P531,zh_CN,CJK_GLYPH_SCOPE,PASS_STATIC_DRAFT,Finding recorded,Medium,Review
RS122,P532,en_US,RTL_DIRECTION,NEEDS_NATIVE_REVIEW,Finding recorded,Medium,Review
RS122,P532,ar_SA,SURFACE_LENGTH,NEEDS_RUNTIME_LAYOUT_PROOF,Finding recorded,Medium,Review
RS122,P532,de_DE,RTL_DIRECTION,NEEDS_NATIVE_REVIEW,Finding recorded,Medium,Review
RS122,P532,es_ES,SURFACE_LENGTH,NEEDS_FONT_GLYPH_PROOF,Finding recorded,Medium,Review
RS122,P532,fr_FR,SPOILER_BOUNDARY,PASS_STATIC_DRAFT,Finding recorded,Medium,Review
RS122,P532,he_IL,SPOILER_BOUNDARY,NEEDS_NATIVE_REVIEW,Finding recorded,Medium,Review
RS122,P532,id_ID,ID_PRESERVATION,PASS_STATIC_DRAFT,Finding recorded,Medium,Review
RS122,P532,ja_JP,TERMINOLOGY_LOCK,NEEDS_FONT_GLYPH_PROOF,Finding recorded,Medium,Review
RS122,P532,ko_KR,TERMINOLOGY_LOCK,PASS_STATIC_DRAFT,Finding recorded,Medium,Review
RS122,P532,nl_NL,CJK_GLYPH_SCOPE,NEEDS_NATIVE_REVIEW,Finding recorded,Medium,Review
RS122,P532,pl_PL,AUDIO_SUBTITLE_TIMING,NEEDS_FONT_GLYPH_PROOF,Finding recorded,Medium,Review
RS122,P532,pt_BR,SPOILER_BOUNDARY,NEEDS_NATIVE_REVIEW,Finding recorded,Medium,Review
RS122,P532,ru_RU,UNIT_AND_NUMBER_PRESERVATION,NEEDS_RUNTIME_LAYOUT_PROOF,Finding recorded,Medium,Review
RS122,P532,uk_UA,CJK_GLYPH_SCOPE,NEEDS_NATIVE_REVIEW,Finding recorded,Medium,Review
RS122,P532,zh_CN,SPOILER_BOUNDARY,NEEDS_RUNTIME_LAYOUT_PROOF,Finding recorded,Medium,Review
RS122,P533,en_US,TERMINOLOGY_LOCK,NEEDS_RUNTIME_LAYOUT_PROOF,Finding recorded,Medium,Review
RS122,P533,ar_SA,SURFACE_LENGTH,NEEDS_NATIVE_REVIEW,Finding recorded,Medium,Review
RS122,P533,de_DE,EXPANSION_RISK,NEEDS_RUNTIME_LAYOUT_PROOF,Finding recorded,Medium,Review
RS122,P533,es_ES,UNIT_AND_NUMBER_PRESERVATION,NEEDS_FONT_GLYPH_PROOF,Finding recorded,Medium,Review
RS122,P533,fr_FR,CJK_GLYPH_SCOPE,NEEDS_RUNTIME_LAYOUT_PROOF,Finding recorded,Medium,Review
RS122,P533,he_IL,TERMINOLOGY_LOCK,NEEDS_FONT_GLYPH_PROOF,Finding recorded,Medium,Review
RS122,P533,id_ID,VOICE_REGISTER,PASS_STATIC_DRAFT,Finding recorded,Medium,Review
RS122,P533,ja_JP,RTL_DIRECTION,NEEDS_RUNTIME_LAYOUT_PROOF,Finding recorded,Medium,Review
RS122,P533,ko_KR,VOICE_REGISTER,NEEDS_RUNTIME_LAYOUT_PROOF,Finding recorded,Medium,Review
RS122,P533,nl_NL,TERMINOLOGY_LOCK,PASS_STATIC_DRAFT,Finding recorded,Medium,Review
RS122,P533,pl_PL,AUDIO_SUBTITLE_TIMING,PASS_STATIC_DRAFT,Finding recorded,Medium,Review
RS122,P533,pt_BR,TERMINOLOGY_LOCK,NEEDS_RUNTIME_LAYOUT_PROOF,Finding recorded,Medium,Review
RS122,P533,ru_RU,AUDIO_SUBTITLE_TIMING,NEEDS_RUNTIME_LAYOUT_PROOF,Finding recorded,Medium,Review
RS122,P533,uk_UA,CJK_GLYPH_SCOPE,PASS_STATIC_DRAFT,Finding recorded,Medium,Review
RS122,P533,zh_CN,EXPANSION_RISK,PASS_STATIC_DRAFT,Finding recorded,Medium,Review
RS122,P534,en_US,ID_PRESERVATION,NEEDS_NATIVE_REVIEW,Finding recorded,Medium,Review
RS122,P534,ar_SA,UNIT_AND_NUMBER_PRESERVATION,NEEDS_NATIVE_REVIEW,Finding recorded,Medium,Review
RS122,P534,de_DE,RTL_DIRECTION,NEEDS_FONT_GLYPH_PROOF,Finding recorded,Medium,Review
RS122,P534,es_ES,RTL_DIRECTION,NEEDS_FONT_GLYPH_PROOF,Finding recorded,Medium,Review
RS122,P534,fr_FR,VOICE_REGISTER,NEEDS_FONT_GLYPH_PROOF,Finding recorded,Medium,Review
RS122,P534,he_IL,TERMINOLOGY_LOCK,NEEDS_FONT_GLYPH_PROOF,Finding recorded,Medium,Review
RS122,P534,id_ID,CJK_GLYPH_SCOPE,NEEDS_FONT_GLYPH_PROOF,Finding recorded,Medium,Review
RS122,P534,ja_JP,UNIT_AND_NUMBER_PRESERVATION,NEEDS_RUNTIME_LAYOUT_PROOF,Finding recorded,Medium,Review
RS122,P534,ko_KR,EXPANSION_RISK,NEEDS_NATIVE_REVIEW,Finding recorded,Medium,Review
RS122,P534,nl_NL,AUDIO_SUBTITLE_TIMING,NEEDS_RUNTIME_LAYOUT_PROOF,Finding recorded,Medium,Review
RS122,P534,pl_PL,ID_PRESERVATION,NEEDS_FONT_GLYPH_PROOF,Finding recorded,Medium,Review
RS122,P534,pt_BR,TERMINOLOGY_LOCK,NEEDS_FONT_GLYPH_PROOF,Finding recorded,Medium,Review
RS122,P534,ru_RU,TERMINOLOGY_LOCK,PASS_STATIC_DRAFT,Finding recorded,Medium,Review
RS122,P534,uk_UA,VOICE_REGISTER,PASS_STATIC_DRAFT,Finding recorded,Medium,Review
RS122,P534,zh_CN,ID_PRESERVATION,PASS_STATIC_DRAFT,Finding recorded,Medium,Review
RS122,P535,en_US,CJK_GLYPH_SCOPE,NEEDS_FONT_GLYPH_PROOF,Finding recorded,Medium,Review
RS122,P535,ar_SA,TERMINOLOGY_LOCK,NEEDS_RUNTIME_LAYOUT_PROOF,Finding recorded,Medium,Review
RS122,P535,de_DE,CJK_GLYPH_SCOPE,NEEDS_NATIVE_REVIEW,Finding recorded,Medium,Review
RS122,P535,es_ES,EXPANSION_RISK,PASS_STATIC_DRAFT,Finding recorded,Medium,Review
RS122,P535,fr_FR,UNIT_AND_NUMBER_PRESERVATION,NEEDS_RUNTIME_LAYOUT_PROOF,Finding recorded,Medium,Review
RS122,P535,he_IL,ID_PRESERVATION,NEEDS_RUNTIME_LAYOUT_PROOF,Finding recorded,Medium,Review
RS122,P535,id_ID,UNIT_AND_NUMBER_PRESERVATION,PASS_STATIC_DRAFT,Finding recorded,Medium,Review
RS122,P535,ja_JP,RTL_DIRECTION,PASS_STATIC_DRAFT,Finding recorded,Medium,Review
RS122,P535,ko_KR,ID_PRESERVATION,NEEDS_FONT_GLYPH_PROOF,Finding recorded,Medium,Review
RS122,P535,nl_NL,CJK_GLYPH_SCOPE,NEEDS_FONT_GLYPH_PROOF,Finding recorded,Medium,Review
RS122,P535,pl_PL,TERMINOLOGY_LOCK,NEEDS_FONT_GLYPH_PROOF,Finding recorded,Medium,Review
RS122,P535,pt_BR,CJK_GLYPH_SCOPE,PASS_STATIC_DRAFT,Finding recorded,Medium,Review
RS122,P535,ru_RU,SPOILER_BOUNDARY,NEEDS_FONT_GLYPH_PROOF,Finding recorded,Medium,Review
RS122,P535,uk_UA,AUDIO_SUBTITLE_TIMING,NEEDS_RUNTIME_LAYOUT_PROOF,Finding recorded,Medium,Review
RS122,P535,zh_CN,AUDIO_SUBTITLE_TIMING,NEEDS_FONT_GLYPH_PROOF,Finding recorded,Medium,Review
RS122,P536,en_US,RTL_DIRECTION,NEEDS_NATIVE_REVIEW,Finding recorded,Medium,Review
RS122,P536,ar_SA,UNIT_AND_NUMBER_PRESERVATION,NEEDS_NATIVE_REVIEW,Finding recorded,Medium,Review
RS122,P536,de_DE,SURFACE_LENGTH,NEEDS_RUNTIME_LAYOUT_PROOF,Finding recorded,Medium,Review
RS122,P536,es_ES,SPOILER_BOUNDARY,PASS_STATIC_DRAFT,Finding recorded,Medium,Review
RS122,P536,fr_FR,CJK_GLYPH_SCOPE,NEEDS_FONT_GLYPH_PROOF,Finding recorded,Medium,Review
RS122,P536,he_IL,VOICE_REGISTER,PASS_STATIC_DRAFT,Finding recorded,Medium,Review
RS122,P536,id_ID,EXPANSION_RISK,PASS_STATIC_DRAFT,Finding recorded,Medium,Review
RS122,P536,ja_JP,EXPANSION_RISK,NEEDS_FONT_GLYPH_PROOF,Finding recorded,Medium,Review
RS122,P536,ko_KR,UNIT_AND_NUMBER_PRESERVATION,PASS_STATIC_DRAFT,Finding recorded,Medium,Review
RS122,P536,nl_NL,EXPANSION_RISK,NEEDS_FONT_GLYPH_PROOF,Finding recorded,Medium,Review
RS122,P536,pl_PL,RTL_DIRECTION,NEEDS_NATIVE_REVIEW,Finding recorded,Medium,Review
RS122,P536,pt_BR,CJK_GLYPH_SCOPE,NEEDS_NATIVE_REVIEW,Finding recorded,Medium,Review
RS122,P536,ru_RU,SPOILER_BOUNDARY,NEEDS_RUNTIME_LAYOUT_PROOF,Finding recorded,Medium,Review
RS122,P536,uk_UA,RTL_DIRECTION,NEEDS_NATIVE_REVIEW,Finding recorded,Medium,Review
RS122,P536,zh_CN,VOICE_REGISTER,NEEDS_FONT_GLYPH_PROOF,Finding recorded,Medium,Review
RS122,P537,en_US,TERMINOLOGY_LOCK,NEEDS_RUNTIME_LAYOUT_PROOF,Finding recorded,Medium,Review
RS122,P537,ar_SA,CJK_GLYPH_SCOPE,PASS_STATIC_DRAFT,Finding recorded,Medium,Review
RS122,P537,de_DE,RTL_DIRECTION,PASS_STATIC_DRAFT,Finding recorded,Medium,Review
RS122,P537,es_ES,UNIT_AND_NUMBER_PRESERVATION,NEEDS_RUNTIME_LAYOUT_PROOF,Finding recorded,Medium,Review
RS122,P537,fr_FR,CJK_GLYPH_SCOPE,PASS_STATIC_DRAFT,Finding recorded,Medium,Review
RS122,P537,he_IL,UNIT_AND_NUMBER_PRESERVATION,NEEDS_NATIVE_REVIEW,Finding recorded,Medium,Review
RS122,P537,id_ID,TERMINOLOGY_LOCK,NEEDS_RUNTIME_LAYOUT_PROOF,Finding recorded,Medium,Review
RS122,P537,ja_JP,CJK_GLYPH_SCOPE,NEEDS_FONT_GLYPH_PROOF,Finding recorded,Medium,Review
RS122,P537,ko_KR,SPOILER_BOUNDARY,NEEDS_RUNTIME_LAYOUT_PROOF,Finding recorded,Medium,Review
RS122,P537,nl_NL,SPOILER_BOUNDARY,PASS_STATIC_DRAFT,Finding recorded,Medium,Review
RS122,P537,pl_PL,EXPANSION_RISK,NEEDS_RUNTIME_LAYOUT_PROOF,Finding recorded,Medium,Review
RS122,P537,pt_BR,TERMINOLOGY_LOCK,NEEDS_FONT_GLYPH_PROOF,Finding recorded,Medium,Review
RS122,P537,ru_RU,ID_PRESERVATION,NEEDS_RUNTIME_LAYOUT_PROOF,Finding recorded,Medium,Review
RS122,P537,uk_UA,UNIT_AND_NUMBER_PRESERVATION,NEEDS_NATIVE_REVIEW,Finding recorded,Medium,Review
RS122,P537,zh_CN,SPOILER_BOUNDARY,NEEDS_NATIVE_REVIEW,Finding recorded,Medium,Review
RS122,P538,en_US,TERMINOLOGY_LOCK,NEEDS_RUNTIME_LAYOUT_PROOF,Finding recorded,Medium,Review
RS122,P538,ar_SA,TERMINOLOGY_LOCK,NEEDS_RUNTIME_LAYOUT_PROOF,Finding recorded,Medium,Review
RS122,P538,de_DE,TERMINOLOGY_LOCK,NEEDS_FONT_GLYPH_PROOF,Finding recorded,Medium,Review
RS122,P538,es_ES,UNIT_AND_NUMBER_PRESERVATION,NEEDS_RUNTIME_LAYOUT_PROOF,Finding recorded,Medium,Review
RS122,P538,fr_FR,SURFACE_LENGTH,NEEDS_FONT_GLYPH_PROOF,Finding recorded,Medium,Review
RS122,P538,he_IL,VOICE_REGISTER,NEEDS_FONT_GLYPH_PROOF,Finding recorded,Medium,Review
RS122,P538,id_ID,VOICE_REGISTER,PASS_STATIC_DRAFT,Finding recorded,Medium,Review
RS122,P538,ja_JP,ID_PRESERVATION,NEEDS_RUNTIME_LAYOUT_PROOF,Finding recorded,Medium,Review
RS122,P538,ko_KR,ID_PRESERVATION,NEEDS_FONT_GLYPH_PROOF,Finding recorded,Medium,Review
RS122,P538,nl_NL,VOICE_REGISTER,NEEDS_RUNTIME_LAYOUT_PROOF,Finding recorded,Medium,Review
RS122,P538,pl_PL,ID_PRESERVATION,PASS_STATIC_DRAFT,Finding recorded,Medium,Review
RS122,P538,pt_BR,RTL_DIRECTION,NEEDS_RUNTIME_LAYOUT_PROOF,Finding recorded,Medium,Review
RS122,P538,ru_RU,TERMINOLOGY_LOCK,NEEDS_RUNTIME_LAYOUT_PROOF,Finding recorded,Medium,Review
RS122,P538,uk_UA,CJK_GLYPH_SCOPE,NEEDS_FONT_GLYPH_PROOF,Finding recorded,Medium,Review
RS122,P538,zh_CN,VOICE_REGISTER,PASS_STATIC_DRAFT,Finding recorded,Medium,Review
RS122,P539,en_US,EXPANSION_RISK,PASS_STATIC_DRAFT,Finding recorded,Medium,Review
RS122,P539,ar_SA,AUDIO_SUBTITLE_TIMING,NEEDS_RUNTIME_LAYOUT_PROOF,Finding recorded,Medium,Review
RS122,P539,de_DE,SPOILER_BOUNDARY,PASS_STATIC_DRAFT,Finding recorded,Medium,Review
RS122,P539,es_ES,TERMINOLOGY_LOCK,NEEDS_RUNTIME_LAYOUT_PROOF,Finding recorded,Medium,Review
RS122,P539,fr_FR,ID_PRESERVATION,NEEDS_RUNTIME_LAYOUT_PROOF,Finding recorded,Medium,Review
RS122,P539,he_IL,SURFACE_LENGTH,NEEDS_RUNTIME_LAYOUT_PROOF,Finding recorded,Medium,Review
RS122,P539,id_ID,SURFACE_LENGTH,NEEDS_RUNTIME_LAYOUT_PROOF,Finding recorded,Medium,Review
RS122,P539,ja_JP,SPOILER_BOUNDARY,NEEDS_RUNTIME_LAYOUT_PROOF,Finding recorded,Medium,Review
RS122,P539,ko_KR,AUDIO_SUBTITLE_TIMING,NEEDS_FONT_GLYPH_PROOF,Finding recorded,Medium,Review
RS122,P539,nl_NL,EXPANSION_RISK,NEEDS_FONT_GLYPH_PROOF,Finding recorded,Medium,Review
RS122,P539,pl_PL,AUDIO_SUBTITLE_TIMING,NEEDS_RUNTIME_LAYOUT_PROOF,Finding recorded,Medium,Review
RS122,P539,pt_BR,TERMINOLOGY_LOCK,NEEDS_NATIVE_REVIEW,Finding recorded,Medium,Review
RS122,P539,ru_RU,EXPANSION_RISK,NEEDS_RUNTIME_LAYOUT_PROOF,Finding recorded,Medium,Review
RS122,P539,uk_UA,CJK_GLYPH_SCOPE,NEEDS_NATIVE_REVIEW,Finding recorded,Medium,Review
RS122,P539,zh_CN,UNIT_AND_NUMBER_PRESERVATION,NEEDS_RUNTIME_LAYOUT_PROOF,Finding recorded,Medium,Review
RS123,P540,en_US,VOICE_REGISTER,NEEDS_NATIVE_REVIEW,Finding recorded,Medium,Review
RS123,P540,ar_SA,SPOILER_BOUNDARY,NEEDS_NATIVE_REVIEW,Finding recorded,Medium,Review
RS123,P540,de_DE,TERMINOLOGY_LOCK,PASS_STATIC_DRAFT,Finding recorded,Medium,Review
RS123,P540,es_ES,VOICE_REGISTER,PASS_STATIC_DRAFT,Finding recorded,Medium,Review
RS123,P540,fr_FR,AUDIO_SUBTITLE_TIMING,PASS_STATIC_DRAFT,Finding recorded,Medium,Review
RS123,P540,he_IL,AUDIO_SUBTITLE_TIMING,NEEDS_FONT_GLYPH_PROOF,Finding recorded,Medium,Review
RS123,P540,id_ID,SPOILER_BOUNDARY,PASS_STATIC_DRAFT,Finding recorded,Medium,Review
RS123,P540,ja_JP,TERMINOLOGY_LOCK,NEEDS_FONT_GLYPH_PROOF,Finding recorded,Medium,Review
RS123,P540,ko_KR,EXPANSION_RISK,NEEDS_FONT_GLYPH_PROOF,Finding recorded,Medium,Review
RS123,P540,nl_NL,VOICE_REGISTER,NEEDS_FONT_GLYPH_PROOF,Finding recorded,Medium,Review
RS123,P540,pl_PL,VOICE_REGISTER,NEEDS_NATIVE_REVIEW,Finding recorded,Medium,Review
RS123,P540,pt_BR,UNIT_AND_NUMBER_PRESERVATION,NEEDS_FONT_GLYPH_PROOF,Finding recorded,Medium,Review
RS123,P540,ru_RU,SURFACE_LENGTH,NEEDS_RUNTIME_LAYOUT_PROOF,Finding recorded,Medium,Review
RS123,P540,uk_UA,AUDIO_SUBTITLE_TIMING,NEEDS_NATIVE_REVIEW,Finding recorded,Medium,Review
RS123,P540,zh_CN,RTL_DIRECTION,PASS_STATIC_DRAFT,Finding recorded,Medium,Review
RS123,P541,en_US,ID_PRESERVATION,NEEDS_FONT_GLYPH_PROOF,Finding recorded,Medium,Review
RS123,P541,ar_SA,ID_PRESERVATION,NEEDS_RUNTIME_LAYOUT_PROOF,Finding recorded,Medium,Review
RS123,P541,de_DE,TERMINOLOGY_LOCK,NEEDS_NATIVE_REVIEW,Finding recorded,Medium,Review
RS123,P541,es_ES,VOICE_REGISTER,PASS_STATIC_DRAFT,Finding recorded,Medium,Review
RS123,P541,fr_FR,SPOILER_BOUNDARY,NEEDS_NATIVE_REVIEW,Finding recorded,Medium,Review
RS123,P541,he_IL,RTL_DIRECTION,NEEDS_RUNTIME_LAYOUT_PROOF,Finding recorded,Medium,Review
RS123,P541,id_ID,RTL_DIRECTION,PASS_STATIC_DRAFT,Finding recorded,Medium,Review
RS123,P541,ja_JP,ID_PRESERVATION,NEEDS_FONT_GLYPH_PROOF,Finding recorded,Medium,Review
RS123,P541,ko_KR,EXPANSION_RISK,NEEDS_FONT_GLYPH_PROOF,Finding recorded,Medium,Review
RS123,P541,nl_NL,ID_PRESERVATION,PASS_STATIC_DRAFT,Finding recorded,Medium,Review
RS123,P541,pl_PL,UNIT_AND_NUMBER_PRESERVATION,NEEDS_FONT_GLYPH_PROOF,Finding recorded,Medium,Review
RS123,P541,pt_BR,TERMINOLOGY_LOCK,NEEDS_FONT_GLYPH_PROOF,Finding recorded,Medium,Review
RS123,P541,ru_RU,AUDIO_SUBTITLE_TIMING,NEEDS_NATIVE_REVIEW,Finding recorded,Medium,Review
RS123,P541,uk_UA,VOICE_REGISTER,PASS_STATIC_DRAFT,Finding recorded,Medium,Review
RS123,P541,zh_CN,SPOILER_BOUNDARY,NEEDS_NATIVE_REVIEW,Finding recorded,Medium,Review
RS123,P542,en_US,VOICE_REGISTER,NEEDS_FONT_GLYPH_PROOF,Finding recorded,Medium,Review
RS123,P542,ar_SA,VOICE_REGISTER,NEEDS_FONT_GLYPH_PROOF,Finding recorded,Medium,Review
RS123,P542,de_DE,UNIT_AND_NUMBER_PRESERVATION,NEEDS_NATIVE_REVIEW,Finding recorded,Medium,Review
RS123,P542,es_ES,CJK_GLYPH_SCOPE,NEEDS_FONT_GLYPH_PROOF,Finding recorded,Medium,Review
RS123,P542,fr_FR,VOICE_REGISTER,NEEDS_NATIVE_REVIEW,Finding recorded,Medium,Review
RS123,P542,he_IL,VOICE_REGISTER,PASS_STATIC_DRAFT,Finding recorded,Medium,Review
RS123,P542,id_ID,UNIT_AND_NUMBER_PRESERVATION,PASS_STATIC_DRAFT,Finding recorded,Medium,Review
RS123,P542,ja_JP,UNIT_AND_NUMBER_PRESERVATION,PASS_STATIC_DRAFT,Finding recorded,Medium,Review
RS123,P542,ko_KR,VOICE_REGISTER,PASS_STATIC_DRAFT,Finding recorded,Medium,Review
RS123,P542,nl_NL,SPOILER_BOUNDARY,PASS_STATIC_DRAFT,Finding recorded,Medium,Review
RS123,P542,pl_PL,CJK_GLYPH_SCOPE,PASS_STATIC_DRAFT,Finding recorded,Medium,Review
RS123,P542,pt_BR,RTL_DIRECTION,NEEDS_FONT_GLYPH_PROOF,Finding recorded,Medium,Review
RS123,P542,ru_RU,SURFACE_LENGTH,NEEDS_FONT_GLYPH_PROOF,Finding recorded,Medium,Review
RS123,P542,uk_UA,AUDIO_SUBTITLE_TIMING,NEEDS_FONT_GLYPH_PROOF,Finding recorded,Medium,Review
RS123,P542,zh_CN,SURFACE_LENGTH,NEEDS_FONT_GLYPH_PROOF,Finding recorded,Medium,Review
RS123,P543,en_US,VOICE_REGISTER,PASS_STATIC_DRAFT,Finding recorded,Medium,Review
RS123,P543,ar_SA,SURFACE_LENGTH,PASS_STATIC_DRAFT,Finding recorded,Medium,Review
RS123,P543,de_DE,RTL_DIRECTION,PASS_STATIC_DRAFT,Finding recorded,Medium,Review
RS123,P543,es_ES,RTL_DIRECTION,NEEDS_FONT_GLYPH_PROOF,Finding recorded,Medium,Review
RS123,P543,fr_FR,SURFACE_LENGTH,NEEDS_FONT_GLYPH_PROOF,Finding recorded,Medium,Review
RS123,P543,he_IL,AUDIO_SUBTITLE_TIMING,NEEDS_RUNTIME_LAYOUT_PROOF,Finding recorded,Medium,Review
RS123,P543,id_ID,SURFACE_LENGTH,PASS_STATIC_DRAFT,Finding recorded,Medium,Review
RS123,P543,ja_JP,ID_PRESERVATION,NEEDS_RUNTIME_LAYOUT_PROOF,Finding recorded,Medium,Review
RS123,P543,ko_KR,EXPANSION_RISK,NEEDS_NATIVE_REVIEW,Finding recorded,Medium,Review
RS123,P543,nl_NL,UNIT_AND_NUMBER_PRESERVATION,NEEDS_FONT_GLYPH_PROOF,Finding recorded,Medium,Review
RS123,P543,pl_PL,ID_PRESERVATION,NEEDS_NATIVE_REVIEW,Finding recorded,Medium,Review
RS123,P543,pt_BR,AUDIO_SUBTITLE_TIMING,NEEDS_FONT_GLYPH_PROOF,Finding recorded,Medium,Review
RS123,P543,ru_RU,AUDIO_SUBTITLE_TIMING,PASS_STATIC_DRAFT,Finding recorded,Medium,Review
RS123,P543,uk_UA,UNIT_AND_NUMBER_PRESERVATION,NEEDS_FONT_GLYPH_PROOF,Finding recorded,Medium,Review
RS123,P543,zh_CN,RTL_DIRECTION,PASS_STATIC_DRAFT,Finding recorded,Medium,Review
RS123,P544,en_US,UNIT_AND_NUMBER_PRESERVATION,NEEDS_NATIVE_REVIEW,Finding recorded,Medium,Review
RS123,P544,ar_SA,TERMINOLOGY_LOCK,NEEDS_FONT_GLYPH_PROOF,Finding recorded,Medium,Review
RS123,P544,de_DE,ID_PRESERVATION,PASS_STATIC_DRAFT,Finding recorded,Medium,Review
RS123,P544,es_ES,ID_PRESERVATION,NEEDS_FONT_GLYPH_PROOF,Finding recorded,Medium,Review
RS123,P544,fr_FR,RTL_DIRECTION,NEEDS_FONT_GLYPH_PROOF,Finding recorded,Medium,Review
RS123,P544,he_IL,AUDIO_SUBTITLE_TIMING,NEEDS_RUNTIME_LAYOUT_PROOF,Finding recorded,Medium,Review
RS123,P544,id_ID,UNIT_AND_NUMBER_PRESERVATION,NEEDS_RUNTIME_LAYOUT_PROOF,Finding recorded,Medium,Review
RS123,P544,ja_JP,AUDIO_SUBTITLE_TIMING,NEEDS_FONT_GLYPH_PROOF,Finding recorded,Medium,Review
RS123,P544,ko_KR,UNIT_AND_NUMBER_PRESERVATION,PASS_STATIC_DRAFT,Finding recorded,Medium,Review
RS123,P544,nl_NL,SURFACE_LENGTH,NEEDS_NATIVE_REVIEW,Finding recorded,Medium,Review
RS123,P544,pl_PL,SURFACE_LENGTH,NEEDS_RUNTIME_LAYOUT_PROOF,Finding recorded,Medium,Review
RS123,P544,pt_BR,AUDIO_SUBTITLE_TIMING,NEEDS_RUNTIME_LAYOUT_PROOF,Finding recorded,Medium,Review
RS123,P544,ru_RU,SURFACE_LENGTH,NEEDS_FONT_GLYPH_PROOF,Finding recorded,Medium,Review
RS123,P544,uk_UA,ID_PRESERVATION,NEEDS_RUNTIME_LAYOUT_PROOF,Finding recorded,Medium,Review
RS123,P544,zh_CN,CJK_GLYPH_SCOPE,NEEDS_RUNTIME_LAYOUT_PROOF,Finding recorded,Medium,Review
RS123,P545,en_US,RTL_DIRECTION,NEEDS_FONT_GLYPH_PROOF,Finding recorded,Medium,Review
RS123,P545,ar_SA,RTL_DIRECTION,NEEDS_FONT_GLYPH_PROOF,Finding recorded,Medium,Review
RS123,P545,de_DE,ID_PRESERVATION,PASS_STATIC_DRAFT,Finding recorded,Medium,Review
RS123,P545,es_ES,RTL_DIRECTION,NEEDS_RUNTIME_LAYOUT_PROOF,Finding recorded,Medium,Review
RS123,P545,fr_FR,CJK_GLYPH_SCOPE,NEEDS_FONT_GLYPH_PROOF,Finding recorded,Medium,Review
RS123,P545,he_IL,SURFACE_LENGTH,NEEDS_RUNTIME_LAYOUT_PROOF,Finding recorded,Medium,Review
RS123,P545,id_ID,TERMINOLOGY_LOCK,NEEDS_FONT_GLYPH_PROOF,Finding recorded,Medium,Review
RS123,P545,ja_JP,CJK_GLYPH_SCOPE,NEEDS_RUNTIME_LAYOUT_PROOF,Finding recorded,Medium,Review
RS123,P545,ko_KR,TERMINOLOGY_LOCK,NEEDS_RUNTIME_LAYOUT_PROOF,Finding recorded,Medium,Review
RS123,P545,nl_NL,SPOILER_BOUNDARY,PASS_STATIC_DRAFT,Finding recorded,Medium,Review
RS123,P545,pl_PL,SURFACE_LENGTH,NEEDS_RUNTIME_LAYOUT_PROOF,Finding recorded,Medium,Review
RS123,P545,pt_BR,UNIT_AND_NUMBER_PRESERVATION,NEEDS_RUNTIME_LAYOUT_PROOF,Finding recorded,Medium,Review
RS123,P545,ru_RU,ID_PRESERVATION,NEEDS_RUNTIME_LAYOUT_PROOF,Finding recorded,Medium,Review
RS123,P545,uk_UA,RTL_DIRECTION,NEEDS_NATIVE_REVIEW,Finding recorded,Medium,Review
RS123,P545,zh_CN,SURFACE_LENGTH,NEEDS_FONT_GLYPH_PROOF,Finding recorded,Medium,Review
RS123,P546,en_US,VOICE_REGISTER,PASS_STATIC_DRAFT,Finding recorded,Medium,Review
RS123,P546,ar_SA,UNIT_AND_NUMBER_PRESERVATION,NEEDS_NATIVE_REVIEW,Finding recorded,Medium,Review
RS123,P546,de_DE,ID_PRESERVATION,PASS_STATIC_DRAFT,Finding recorded,Medium,Review
RS123,P546,es_ES,VOICE_REGISTER,NEEDS_FONT_GLYPH_PROOF,Finding recorded,Medium,Review
RS123,P546,fr_FR,TERMINOLOGY_LOCK,NEEDS_NATIVE_REVIEW,Finding recorded,Medium,Review
RS123,P546,he_IL,ID_PRESERVATION,NEEDS_RUNTIME_LAYOUT_PROOF,Finding recorded,Medium,Review
RS123,P546,id_ID,UNIT_AND_NUMBER_PRESERVATION,NEEDS_NATIVE_REVIEW,Finding recorded,Medium,Review
RS123,P546,ja_JP,CJK_GLYPH_SCOPE,NEEDS_RUNTIME_LAYOUT_PROOF,Finding recorded,Medium,Review
RS123,P546,ko_KR,EXPANSION_RISK,NEEDS_FONT_GLYPH_PROOF,Finding recorded,Medium,Review
RS123,P546,nl_NL,TERMINOLOGY_LOCK,NEEDS_FONT_GLYPH_PROOF,Finding recorded,Medium,Review
RS123,P546,pl_PL,RTL_DIRECTION,NEEDS_FONT_GLYPH_PROOF,Finding recorded,Medium,Review
RS123,P546,pt_BR,AUDIO_SUBTITLE_TIMING,NEEDS_FONT_GLYPH_PROOF,Finding recorded,Medium,Review
RS123,P546,ru_RU,EXPANSION_RISK,NEEDS_NATIVE_REVIEW,Finding recorded,Medium,Review
RS123,P546,uk_UA,SURFACE_LENGTH,NEEDS_NATIVE_REVIEW,Finding recorded,Medium,Review
RS123,P546,zh_CN,CJK_GLYPH_SCOPE,NEEDS_FONT_GLYPH_PROOF,Finding recorded,Medium,Review
RS123,P547,en_US,CJK_GLYPH_SCOPE,NEEDS_NATIVE_REVIEW,Finding recorded,Medium,Review
RS123,P547,ar_SA,RTL_DIRECTION,NEEDS_NATIVE_REVIEW,Finding recorded,Medium,Review
RS123,P547,de_DE,SPOILER_BOUNDARY,NEEDS_RUNTIME_LAYOUT_PROOF,Finding recorded,Medium,Review
RS123,P547,es_ES,EXPANSION_RISK,PASS_STATIC_DRAFT,Finding recorded,Medium,Review
RS123,P547,fr_FR,EXPANSION_RISK,NEEDS_NATIVE_REVIEW,Finding recorded,Medium,Review
RS123,P547,he_IL,UNIT_AND_NUMBER_PRESERVATION,PASS_STATIC_DRAFT,Finding recorded,Medium,Review
RS123,P547,id_ID,ID_PRESERVATION,PASS_STATIC_DRAFT,Finding recorded,Medium,Review
RS123,P547,ja_JP,AUDIO_SUBTITLE_TIMING,PASS_STATIC_DRAFT,Finding recorded,Medium,Review
RS123,P547,ko_KR,ID_PRESERVATION,NEEDS_FONT_GLYPH_PROOF,Finding recorded,Medium,Review
RS123,P547,nl_NL,SURFACE_LENGTH,NEEDS_NATIVE_REVIEW,Finding recorded,Medium,Review
RS123,P547,pl_PL,UNIT_AND_NUMBER_PRESERVATION,PASS_STATIC_DRAFT,Finding recorded,Medium,Review
RS123,P547,pt_BR,UNIT_AND_NUMBER_PRESERVATION,PASS_STATIC_DRAFT,Finding recorded,Medium,Review
RS123,P547,ru_RU,CJK_GLYPH_SCOPE,NEEDS_RUNTIME_LAYOUT_PROOF,Finding recorded,Medium,Review
RS123,P547,uk_UA,VOICE_REGISTER,NEEDS_NATIVE_REVIEW,Finding recorded,Medium,Review
RS123,P547,zh_CN,TERMINOLOGY_LOCK,PASS_STATIC_DRAFT,Finding recorded,Medium,Review
RS123,P548,en_US,CJK_GLYPH_SCOPE,NEEDS_NATIVE_REVIEW,Finding recorded,Medium,Review
RS123,P548,ar_SA,SURFACE_LENGTH,NEEDS_FONT_GLYPH_PROOF,Finding recorded,Medium,Review
RS123,P548,de_DE,CJK_GLYPH_SCOPE,PASS_STATIC_DRAFT,Finding recorded,Medium,Review
RS123,P548,es_ES,RTL_DIRECTION,NEEDS_RUNTIME_LAYOUT_PROOF,Finding recorded,Medium,Review
RS123,P548,fr_FR,RTL_DIRECTION,NEEDS_NATIVE_REVIEW,Finding recorded,Medium,Review
RS123,P548,he_IL,VOICE_REGISTER,NEEDS_RUNTIME_LAYOUT_PROOF,Finding recorded,Medium,Review
RS123,P548,id_ID,RTL_DIRECTION,PASS_STATIC_DRAFT,Finding recorded,Medium,Review
RS123,P548,ja_JP,SPOILER_BOUNDARY,PASS_STATIC_DRAFT,Finding recorded,Medium,Review
RS123,P548,ko_KR,EXPANSION_RISK,NEEDS_FONT_GLYPH_PROOF,Finding recorded,Medium,Review
RS123,P548,nl_NL,AUDIO_SUBTITLE_TIMING,NEEDS_NATIVE_REVIEW,Finding recorded,Medium,Review
RS123,P548,pl_PL,VOICE_REGISTER,PASS_STATIC_DRAFT,Finding recorded,Medium,Review
RS123,P548,pt_BR,SPOILER_BOUNDARY,NEEDS_RUNTIME_LAYOUT_PROOF,Finding recorded,Medium,Review
RS123,P548,ru_RU,RTL_DIRECTION,NEEDS_RUNTIME_LAYOUT_PROOF,Finding recorded,Medium,Review
RS123,P548,uk_UA,EXPANSION_RISK,NEEDS_NATIVE_REVIEW,Finding recorded,Medium,Review
RS123,P548,zh_CN,RTL_DIRECTION,NEEDS_FONT_GLYPH_PROOF,Finding recorded,Medium,Review
RS123,P549,en_US,CJK_GLYPH_SCOPE,NEEDS_RUNTIME_LAYOUT_PROOF,Finding recorded,Medium,Review
RS123,P549,ar_SA,SPOILER_BOUNDARY,NEEDS_RUNTIME_LAYOUT_PROOF,Finding recorded,Medium,Review
RS123,P549,de_DE,UNIT_AND_NUMBER_PRESERVATION,NEEDS_NATIVE_REVIEW,Finding recorded,Medium,Review
RS123,P549,es_ES,UNIT_AND_NUMBER_PRESERVATION,PASS_STATIC_DRAFT,Finding recorded,Medium,Review
RS123,P549,fr_FR,SPOILER_BOUNDARY,NEEDS_NATIVE_REVIEW,Finding recorded,Medium,Review
RS123,P549,he_IL,EXPANSION_RISK,NEEDS_RUNTIME_LAYOUT_PROOF,Finding recorded,Medium,Review
RS123,P549,id_ID,TERMINOLOGY_LOCK,PASS_STATIC_DRAFT,Finding recorded,Medium,Review
RS123,P549,ja_JP,EXPANSION_RISK,NEEDS_FONT_GLYPH_PROOF,Finding recorded,Medium,Review
RS123,P549,ko_KR,ID_PRESERVATION,NEEDS_NATIVE_REVIEW,Finding recorded,Medium,Review
RS123,P549,nl_NL,EXPANSION_RISK,NEEDS_RUNTIME_LAYOUT_PROOF,Finding recorded,Medium,Review
RS123,P549,pl_PL,CJK_GLYPH_SCOPE,NEEDS_RUNTIME_LAYOUT_PROOF,Finding recorded,Medium,Review
RS123,P549,pt_BR,UNIT_AND_NUMBER_PRESERVATION,NEEDS_RUNTIME_LAYOUT_PROOF,Finding recorded,Medium,Review
RS123,P549,ru_RU,ID_PRESERVATION,PASS_STATIC_DRAFT,Finding recorded,Medium,Review
RS123,P549,uk_UA,ID_PRESERVATION,NEEDS_NATIVE_REVIEW,Finding recorded,Medium,Review
RS123,P549,zh_CN,TERMINOLOGY_LOCK,PASS_STATIC_DRAFT,Finding recorded,Medium,Review
RS124,P550,en_US,RTL_DIRECTION,NEEDS_NATIVE_REVIEW,Finding recorded,Medium,Review
RS124,P550,ar_SA,SURFACE_LENGTH,NEEDS_RUNTIME_LAYOUT_PROOF,Finding recorded,Medium,Review
RS124,P550,de_DE,ID_PRESERVATION,PASS_STATIC_DRAFT,Finding recorded,Medium,Review
RS124,P550,es_ES,SPOILER_BOUNDARY,NEEDS_NATIVE_REVIEW,Finding recorded,Medium,Review
RS124,P550,fr_FR,UNIT_AND_NUMBER_PRESERVATION,NEEDS_RUNTIME_LAYOUT_PROOF,Finding recorded,Medium,Review
RS124,P550,he_IL,AUDIO_SUBTITLE_TIMING,NEEDS_NATIVE_REVIEW,Finding recorded,Medium,Review
RS124,P550,id_ID,AUDIO_SUBTITLE_TIMING,PASS_STATIC_DRAFT,Finding recorded,Medium,Review
RS124,P550,ja_JP,RTL_DIRECTION,NEEDS_FONT_GLYPH_PROOF,Finding recorded,Medium,Review
RS124,P550,ko_KR,TERMINOLOGY_LOCK,NEEDS_RUNTIME_LAYOUT_PROOF,Finding recorded,Medium,Review
RS124,P550,nl_NL,EXPANSION_RISK,NEEDS_NATIVE_REVIEW,Finding recorded,Medium,Review
RS124,P550,pl_PL,RTL_DIRECTION,NEEDS_RUNTIME_LAYOUT_PROOF,Finding recorded,Medium,Review
RS124,P550,pt_BR,TERMINOLOGY_LOCK,NEEDS_FONT_GLYPH_PROOF,Finding recorded,Medium,Review
RS124,P550,ru_RU,AUDIO_SUBTITLE_TIMING,PASS_STATIC_DRAFT,Finding recorded,Medium,Review
RS124,P550,uk_UA,VOICE_REGISTER,NEEDS_FONT_GLYPH_PROOF,Finding recorded,Medium,Review
RS124,P550,zh_CN,SPOILER_BOUNDARY,NEEDS_NATIVE_REVIEW,Finding recorded,Medium,Review
RS124,P551,en_US,AUDIO_SUBTITLE_TIMING,NEEDS_NATIVE_REVIEW,Finding recorded,Medium,Review
RS124,P551,ar_SA,SPOILER_BOUNDARY,NEEDS_RUNTIME_LAYOUT_PROOF,Finding recorded,Medium,Review
RS124,P551,de_DE,TERMINOLOGY_LOCK,NEEDS_NATIVE_REVIEW,Finding recorded,Medium,Review
RS124,P551,es_ES,SURFACE_LENGTH,PASS_STATIC_DRAFT,Finding recorded,Medium,Review
RS124,P551,fr_FR,CJK_GLYPH_SCOPE,NEEDS_RUNTIME_LAYOUT_PROOF,Finding recorded,Medium,Review
RS124,P551,he_IL,CJK_GLYPH_SCOPE,NEEDS_NATIVE_REVIEW,Finding recorded,Medium,Review
RS124,P551,id_ID,RTL_DIRECTION,NEEDS_NATIVE_REVIEW,Finding recorded,Medium,Review
RS124,P551,ja_JP,RTL_DIRECTION,NEEDS_RUNTIME_LAYOUT_PROOF,Finding recorded,Medium,Review
RS124,P551,ko_KR,AUDIO_SUBTITLE_TIMING,NEEDS_FONT_GLYPH_PROOF,Finding recorded,Medium,Review
RS124,P551,nl_NL,AUDIO_SUBTITLE_TIMING,NEEDS_RUNTIME_LAYOUT_PROOF,Finding recorded,Medium,Review
RS124,P551,pl_PL,SPOILER_BOUNDARY,PASS_STATIC_DRAFT,Finding recorded,Medium,Review
RS124,P551,pt_BR,ID_PRESERVATION,NEEDS_RUNTIME_LAYOUT_PROOF,Finding recorded,Medium,Review
RS124,P551,ru_RU,SURFACE_LENGTH,NEEDS_RUNTIME_LAYOUT_PROOF,Finding recorded,Medium,Review
RS124,P551,uk_UA,ID_PRESERVATION,NEEDS_FONT_GLYPH_PROOF,Finding recorded,Medium,Review
RS124,P551,zh_CN,TERMINOLOGY_LOCK,PASS_STATIC_DRAFT,Finding recorded,Medium,Review
RS124,P552,en_US,AUDIO_SUBTITLE_TIMING,NEEDS_NATIVE_REVIEW,Finding recorded,Medium,Review
RS124,P552,ar_SA,SPOILER_BOUNDARY,NEEDS_FONT_GLYPH_PROOF,Finding recorded,Medium,Review
RS124,P552,de_DE,UNIT_AND_NUMBER_PRESERVATION,NEEDS_RUNTIME_LAYOUT_PROOF,Finding recorded,Medium,Review
RS124,P552,es_ES,AUDIO_SUBTITLE_TIMING,PASS_STATIC_DRAFT,Finding recorded,Medium,Review
RS124,P552,fr_FR,TERMINOLOGY_LOCK,NEEDS_NATIVE_REVIEW,Finding recorded,Medium,Review
RS124,P552,he_IL,UNIT_AND_NUMBER_PRESERVATION,PASS_STATIC_DRAFT,Finding recorded,Medium,Review
RS124,P552,id_ID,RTL_DIRECTION,NEEDS_FONT_GLYPH_PROOF,Finding recorded,Medium,Review
RS124,P552,ja_JP,ID_PRESERVATION,PASS_STATIC_DRAFT,Finding recorded,Medium,Review
RS124,P552,ko_KR,UNIT_AND_NUMBER_PRESERVATION,PASS_STATIC_DRAFT,Finding recorded,Medium,Review
RS124,P552,nl_NL,TERMINOLOGY_LOCK,NEEDS_NATIVE_REVIEW,Finding recorded,Medium,Review
RS124,P552,pl_PL,EXPANSION_RISK,NEEDS_NATIVE_REVIEW,Finding recorded,Medium,Review
RS124,P552,pt_BR,ID_PRESERVATION,PASS_STATIC_DRAFT,Finding recorded,Medium,Review
RS124,P552,ru_RU,SURFACE_LENGTH,NEEDS_NATIVE_REVIEW,Finding recorded,Medium,Review
RS124,P552,uk_UA,SPOILER_BOUNDARY,NEEDS_NATIVE_REVIEW,Finding recorded,Medium,Review
RS124,P552,zh_CN,TERMINOLOGY_LOCK,NEEDS_RUNTIME_LAYOUT_PROOF,Finding recorded,Medium,Review
RS124,P553,en_US,VOICE_REGISTER,PASS_STATIC_DRAFT,Finding recorded,Medium,Review
RS124,P553,ar_SA,EXPANSION_RISK,PASS_STATIC_DRAFT,Finding recorded,Medium,Review
RS124,P553,de_DE,SURFACE_LENGTH,NEEDS_FONT_GLYPH_PROOF,Finding recorded,Medium,Review
RS124,P553,es_ES,SPOILER_BOUNDARY,NEEDS_RUNTIME_LAYOUT_PROOF,Finding recorded,Medium,Review
RS124,P553,fr_FR,RTL_DIRECTION,PASS_STATIC_DRAFT,Finding recorded,Medium,Review
RS124,P553,he_IL,AUDIO_SUBTITLE_TIMING,NEEDS_FONT_GLYPH_PROOF,Finding recorded,Medium,Review
RS124,P553,id_ID,CJK_GLYPH_SCOPE,NEEDS_FONT_GLYPH_PROOF,Finding recorded,Medium,Review
RS124,P553,ja_JP,SPOILER_BOUNDARY,NEEDS_NATIVE_REVIEW,Finding recorded,Medium,Review
RS124,P553,ko_KR,RTL_DIRECTION,NEEDS_RUNTIME_LAYOUT_PROOF,Finding recorded,Medium,Review
RS124,P553,nl_NL,CJK_GLYPH_SCOPE,NEEDS_RUNTIME_LAYOUT_PROOF,Finding recorded,Medium,Review
RS124,P553,pl_PL,UNIT_AND_NUMBER_PRESERVATION,NEEDS_FONT_GLYPH_PROOF,Finding recorded,Medium,Review
RS124,P553,pt_BR,UNIT_AND_NUMBER_PRESERVATION,NEEDS_NATIVE_REVIEW,Finding recorded,Medium,Review
RS124,P553,ru_RU,ID_PRESERVATION,NEEDS_FONT_GLYPH_PROOF,Finding recorded,Medium,Review
RS124,P553,uk_UA,EXPANSION_RISK,NEEDS_FONT_GLYPH_PROOF,Finding recorded,Medium,Review
RS124,P553,zh_CN,VOICE_REGISTER,PASS_STATIC_DRAFT,Finding recorded,Medium,Review
RS124,P554,en_US,TERMINOLOGY_LOCK,NEEDS_FONT_GLYPH_PROOF,Finding recorded,Medium,Review
RS124,P554,ar_SA,CJK_GLYPH_SCOPE,NEEDS_NATIVE_REVIEW,Finding recorded,Medium,Review
RS124,P554,de_DE,SURFACE_LENGTH,NEEDS_RUNTIME_LAYOUT_PROOF,Finding recorded,Medium,Review
RS124,P554,es_ES,VOICE_REGISTER,PASS_STATIC_DRAFT,Finding recorded,Medium,Review
RS124,P554,fr_FR,UNIT_AND_NUMBER_PRESERVATION,NEEDS_NATIVE_REVIEW,Finding recorded,Medium,Review
RS124,P554,he_IL,AUDIO_SUBTITLE_TIMING,PASS_STATIC_DRAFT,Finding recorded,Medium,Review
RS124,P554,id_ID,CJK_GLYPH_SCOPE,NEEDS_RUNTIME_LAYOUT_PROOF,Finding recorded,Medium,Review
RS124,P554,ja_JP,UNIT_AND_NUMBER_PRESERVATION,PASS_STATIC_DRAFT,Finding recorded,Medium,Review
RS124,P554,ko_KR,EXPANSION_RISK,NEEDS_FONT_GLYPH_PROOF,Finding recorded,Medium,Review
RS124,P554,nl_NL,VOICE_REGISTER,PASS_STATIC_DRAFT,Finding recorded,Medium,Review
RS124,P554,pl_PL,SURFACE_LENGTH,NEEDS_RUNTIME_LAYOUT_PROOF,Finding recorded,Medium,Review
RS124,P554,pt_BR,TERMINOLOGY_LOCK,NEEDS_FONT_GLYPH_PROOF,Finding recorded,Medium,Review
RS124,P554,ru_RU,ID_PRESERVATION,PASS_STATIC_DRAFT,Finding recorded,Medium,Review
RS124,P554,uk_UA,VOICE_REGISTER,NEEDS_FONT_GLYPH_PROOF,Finding recorded,Medium,Review
RS124,P554,zh_CN,ID_PRESERVATION,PASS_STATIC_DRAFT,Finding recorded,Medium,Review
RS124,P555,en_US,TERMINOLOGY_LOCK,PASS_STATIC_DRAFT,Finding recorded,Medium,Review
RS124,P555,ar_SA,TERMINOLOGY_LOCK,NEEDS_RUNTIME_LAYOUT_PROOF,Finding recorded,Medium,Review
RS124,P555,de_DE,CJK_GLYPH_SCOPE,PASS_STATIC_DRAFT,Finding recorded,Medium,Review
RS124,P555,es_ES,RTL_DIRECTION,NEEDS_RUNTIME_LAYOUT_PROOF,Finding recorded,Medium,Review
RS124,P555,fr_FR,TERMINOLOGY_LOCK,NEEDS_FONT_GLYPH_PROOF,Finding recorded,Medium,Review
RS124,P555,he_IL,UNIT_AND_NUMBER_PRESERVATION,NEEDS_FONT_GLYPH_PROOF,Finding recorded,Medium,Review
RS124,P555,id_ID,SURFACE_LENGTH,NEEDS_FONT_GLYPH_PROOF,Finding recorded,Medium,Review
RS124,P555,ja_JP,EXPANSION_RISK,NEEDS_RUNTIME_LAYOUT_PROOF,Finding recorded,Medium,Review
RS124,P555,ko_KR,TERMINOLOGY_LOCK,PASS_STATIC_DRAFT,Finding recorded,Medium,Review
RS124,P555,nl_NL,SURFACE_LENGTH,NEEDS_FONT_GLYPH_PROOF,Finding recorded,Medium,Review
RS124,P555,pl_PL,TERMINOLOGY_LOCK,NEEDS_FONT_GLYPH_PROOF,Finding recorded,Medium,Review
RS124,P555,pt_BR,EXPANSION_RISK,NEEDS_FONT_GLYPH_PROOF,Finding recorded,Medium,Review
RS124,P555,ru_RU,VOICE_REGISTER,NEEDS_FONT_GLYPH_PROOF,Finding recorded,Medium,Review
RS124,P555,uk_UA,AUDIO_SUBTITLE_TIMING,NEEDS_FONT_GLYPH_PROOF,Finding recorded,Medium,Review
RS124,P555,zh_CN,SPOILER_BOUNDARY,PASS_STATIC_DRAFT,Finding recorded,Medium,Review
RS124,P556,en_US,SURFACE_LENGTH,PASS_STATIC_DRAFT,Finding recorded,Medium,Review
RS124,P556,ar_SA,AUDIO_SUBTITLE_TIMING,PASS_STATIC_DRAFT,Finding recorded,Medium,Review
RS124,P556,de_DE,ID_PRESERVATION,NEEDS_RUNTIME_LAYOUT_PROOF,Finding recorded,Medium,Review
RS124,P556,es_ES,ID_PRESERVATION,NEEDS_RUNTIME_LAYOUT_PROOF,Finding recorded,Medium,Review
RS124,P556,fr_FR,RTL_DIRECTION,NEEDS_FONT_GLYPH_PROOF,Finding recorded,Medium,Review
RS124,P556,he_IL,RTL_DIRECTION,NEEDS_RUNTIME_LAYOUT_PROOF,Finding recorded,Medium,Review
RS124,P556,id_ID,RTL_DIRECTION,NEEDS_FONT_GLYPH_PROOF,Finding recorded,Medium,Review
RS124,P556,ja_JP,SURFACE_LENGTH,NEEDS_RUNTIME_LAYOUT_PROOF,Finding recorded,Medium,Review
RS124,P556,ko_KR,AUDIO_SUBTITLE_TIMING,PASS_STATIC_DRAFT,Finding recorded,Medium,Review
RS124,P556,nl_NL,AUDIO_SUBTITLE_TIMING,PASS_STATIC_DRAFT,Finding recorded,Medium,Review
RS124,P556,pl_PL,TERMINOLOGY_LOCK,NEEDS_RUNTIME_LAYOUT_PROOF,Finding recorded,Medium,Review
RS124,P556,pt_BR,ID_PRESERVATION,NEEDS_FONT_GLYPH_PROOF,Finding recorded,Medium,Review
RS124,P556,ru_RU,SPOILER_BOUNDARY,NEEDS_NATIVE_REVIEW,Finding recorded,Medium,Review
RS124,P556,uk_UA,SURFACE_LENGTH,NEEDS_NATIVE_REVIEW,Finding recorded,Medium,Review
RS124,P556,zh_CN,VOICE_REGISTER,PASS_STATIC_DRAFT,Finding recorded,Medium,Review
RS124,P557,en_US,AUDIO_SUBTITLE_TIMING,NEEDS_RUNTIME_LAYOUT_PROOF,Finding recorded,Medium,Review
RS124,P557,ar_SA,RTL_DIRECTION,NEEDS_FONT_GLYPH_PROOF,Finding recorded,Medium,Review
RS124,P557,de_DE,RTL_DIRECTION,NEEDS_NATIVE_REVIEW,Finding recorded,Medium,Review
RS124,P557,es_ES,RTL_DIRECTION,NEEDS_NATIVE_REVIEW,Finding recorded,Medium,Review
RS124,P557,fr_FR,RTL_DIRECTION,NEEDS_NATIVE_REVIEW,Finding recorded,Medium,Review
RS124,P557,he_IL,SPOILER_BOUNDARY,NEEDS_RUNTIME_LAYOUT_PROOF,Finding recorded,Medium,Review
RS124,P557,id_ID,AUDIO_SUBTITLE_TIMING,PASS_STATIC_DRAFT,Finding recorded,Medium,Review
RS124,P557,ja_JP,EXPANSION_RISK,NEEDS_RUNTIME_LAYOUT_PROOF,Finding recorded,Medium,Review
RS124,P557,ko_KR,SURFACE_LENGTH,NEEDS_RUNTIME_LAYOUT_PROOF,Finding recorded,Medium,Review
RS124,P557,nl_NL,VOICE_REGISTER,NEEDS_FONT_GLYPH_PROOF,Finding recorded,Medium,Review
RS124,P557,pl_PL,CJK_GLYPH_SCOPE,NEEDS_FONT_GLYPH_PROOF,Finding recorded,Medium,Review
RS124,P557,pt_BR,TERMINOLOGY_LOCK,NEEDS_FONT_GLYPH_PROOF,Finding recorded,Medium,Review
RS124,P557,ru_RU,UNIT_AND_NUMBER_PRESERVATION,PASS_STATIC_DRAFT,Finding recorded,Medium,Review
RS124,P557,uk_UA,UNIT_AND_NUMBER_PRESERVATION,NEEDS_FONT_GLYPH_PROOF,Finding recorded,Medium,Review
RS124,P557,zh_CN,UNIT_AND_NUMBER_PRESERVATION,PASS_STATIC_DRAFT,Finding recorded,Medium,Review
RS124,P558,en_US,TERMINOLOGY_LOCK,NEEDS_NATIVE_REVIEW,Finding recorded,Medium,Review
RS124,P558,ar_SA,UNIT_AND_NUMBER_PRESERVATION,NEEDS_RUNTIME_LAYOUT_PROOF,Finding recorded,Medium,Review
RS124,P558,de_DE,AUDIO_SUBTITLE_TIMING,NEEDS_NATIVE_REVIEW,Finding recorded,Medium,Review
RS124,P558,es_ES,SURFACE_LENGTH,NEEDS_RUNTIME_LAYOUT_PROOF,Finding recorded,Medium,Review
RS124,P558,fr_FR,SURFACE_LENGTH,NEEDS_FONT_GLYPH_PROOF,Finding recorded,Medium,Review
RS124,P558,he_IL,SURFACE_LENGTH,PASS_STATIC_DRAFT,Finding recorded,Medium,Review
RS124,P558,id_ID,SURFACE_LENGTH,PASS_STATIC_DRAFT,Finding recorded,Medium,Review
RS124,P558,ja_JP,ID_PRESERVATION,NEEDS_RUNTIME_LAYOUT_PROOF,Finding recorded,Medium,Review
RS124,P558,ko_KR,CJK_GLYPH_SCOPE,NEEDS_FONT_GLYPH_PROOF,Finding recorded,Medium,Review
RS124,P558,nl_NL,TERMINOLOGY_LOCK,PASS_STATIC_DRAFT,Finding recorded,Medium,Review
RS124,P558,pl_PL,SURFACE_LENGTH,NEEDS_FONT_GLYPH_PROOF,Finding recorded,Medium,Review
RS124,P558,pt_BR,ID_PRESERVATION,NEEDS_NATIVE_REVIEW,Finding recorded,Medium,Review
RS124,P558,ru_RU,SPOILER_BOUNDARY,NEEDS_FONT_GLYPH_PROOF,Finding recorded,Medium,Review
RS124,P558,uk_UA,UNIT_AND_NUMBER_PRESERVATION,NEEDS_RUNTIME_LAYOUT_PROOF,Finding recorded,Medium,Review
RS124,P558,zh_CN,SPOILER_BOUNDARY,NEEDS_RUNTIME_LAYOUT_PROOF,Finding recorded,Medium,Review
RS124,P559,en_US,AUDIO_SUBTITLE_TIMING,NEEDS_FONT_GLYPH_PROOF,Finding recorded,Medium,Review
RS124,P559,ar_SA,TERMINOLOGY_LOCK,NEEDS_FONT_GLYPH_PROOF,Finding recorded,Medium,Review
RS124,P559,de_DE,RTL_DIRECTION,NEEDS_RUNTIME_LAYOUT_PROOF,Finding recorded,Medium,Review
RS124,P559,es_ES,ID_PRESERVATION,PASS_STATIC_DRAFT,Finding recorded,Medium,Review
RS124,P559,fr_FR,SPOILER_BOUNDARY,PASS_STATIC_DRAFT,Finding recorded,Medium,Review
RS124,P559,he_IL,ID_PRESERVATION,NEEDS_NATIVE_REVIEW,Finding recorded,Medium,Review
RS124,P559,id_ID,SURFACE_LENGTH,NEEDS_NATIVE_REVIEW,Finding recorded,Medium,Review
RS124,P559,ja_JP,VOICE_REGISTER,NEEDS_NATIVE_REVIEW,Finding recorded,Medium,Review
RS124,P559,ko_KR,TERMINOLOGY_LOCK,NEEDS_FONT_GLYPH_PROOF,Finding recorded,Medium,Review
RS124,P559,nl_NL,VOICE_REGISTER,NEEDS_NATIVE_REVIEW,Finding recorded,Medium,Review
RS124,P559,pl_PL,TERMINOLOGY_LOCK,NEEDS_NATIVE_REVIEW,Finding recorded,Medium,Review
RS124,P559,pt_BR,SPOILER_BOUNDARY,NEEDS_NATIVE_REVIEW,Finding recorded,Medium,Review
RS124,P559,ru_RU,TERMINOLOGY_LOCK,NEEDS_NATIVE_REVIEW,Finding recorded,Medium,Review
RS124,P559,uk_UA,CJK_GLYPH_SCOPE,NEEDS_RUNTIME_LAYOUT_PROOF,Finding recorded,Medium,Review
RS124,P559,zh_CN,AUDIO_SUBTITLE_TIMING,PASS_STATIC_DRAFT,Finding recorded,Medium,Review
