packet_id,loc_id,locale,source_voice,subtitle_text,target_duration_seconds,caption_priority,source_noise,rtl_or_cjk_note,review_status
P410_CAPSULE_SEAL_SWEAT,P410_CAPSULE_SEAL_SWEAT_en_US,en_US,Automated Broadcast,Playback: Capsule Seal Condensation Log. Proceed with caution. Lien deduction active.,4.5,High,Static crackle,Check wrapping,Pending
P410_CAPSULE_SEAL_SWEAT,P410_CAPSULE_SEAL_SWEAT_ar_SA,ar_SA,Automated Broadcast,[AR] Playback: Capsule Seal Condensation Log. Proceed with caution. Lien deduction active.,4.5,High,Static crackle,Check wrapping,Pending
P410_CAPSULE_SEAL_SWEAT,P410_CAPSULE_SEAL_SWEAT_de_DE,de_DE,Automated Broadcast,[DE] Playback: Capsule Seal Condensation Log. Proceed with caution. Lien deduction active.,4.5,High,Static crackle,Check wrapping,Pending
P410_CAPSULE_SEAL_SWEAT,P410_CAPSULE_SEAL_SWEAT_es_ES,es_ES,Automated Broadcast,[ES] Playback: Capsule Seal Condensation Log. Proceed with caution. Lien deduction active.,4.5,High,Static crackle,Check wrapping,Pending
P410_CAPSULE_SEAL_SWEAT,P410_CAPSULE_SEAL_SWEAT_fr_FR,fr_FR,Automated Broadcast,[FR] Playback: Capsule Seal Condensation Log. Proceed with caution. Lien deduction active.,4.5,High,Static crackle,Check wrapping,Pending
P410_CAPSULE_SEAL_SWEAT,P410_CAPSULE_SEAL_SWEAT_he_IL,he_IL,Automated Broadcast,[HE] Playback: Capsule Seal Condensation Log. Proceed with caution. Lien deduction active.,4.5,High,Static crackle,Check wrapping,Pending
P410_CAPSULE_SEAL_SWEAT,P410_CAPSULE_SEAL_SWEAT_id_ID,id_ID,Automated Broadcast,[ID] Playback: Capsule Seal Condensation Log. Proceed with caution. Lien deduction active.,4.5,High,Static crackle,Check wrapping,Pending
P410_CAPSULE_SEAL_SWEAT,P410_CAPSULE_SEAL_SWEAT_ja_JP,ja_JP,Automated Broadcast,[JA] Playback: Capsule Seal Condensation Log. Proceed with caution. Lien deduction active.,4.5,High,Static crackle,Check wrapping,Pending
P410_CAPSULE_SEAL_SWEAT,P410_CAPSULE_SEAL_SWEAT_ko_KR,ko_KR,Automated Broadcast,[KO] Playback: Capsule Seal Condensation Log. Proceed with caution. Lien deduction active.,4.5,High,Static crackle,Check wrapping,Pending
P410_CAPSULE_SEAL_SWEAT,P410_CAPSULE_SEAL_SWEAT_nl_NL,nl_NL,Automated Broadcast,[NL] Playback: Capsule Seal Condensation Log. Proceed with caution. Lien deduction active.,4.5,High,Static crackle,Check wrapping,Pending
P410_CAPSULE_SEAL_SWEAT,P410_CAPSULE_SEAL_SWEAT_pl_PL,pl_PL,Automated Broadcast,[PL] Playback: Capsule Seal Condensation Log. Proceed with caution. Lien deduction active.,4.5,High,Static crackle,Check wrapping,Pending
P410_CAPSULE_SEAL_SWEAT,P410_CAPSULE_SEAL_SWEAT_pt_BR,pt_BR,Automated Broadcast,[PT] Playback: Capsule Seal Condensation Log. Proceed with caution. Lien deduction active.,4.5,High,Static crackle,Check wrapping,Pending
P410_CAPSULE_SEAL_SWEAT,P410_CAPSULE_SEAL_SWEAT_ru_RU,ru_RU,Automated Broadcast,Playback: Capsule Seal Condensation Log. Proceed with caution. Lien deduction active.,4.5,High,Static crackle,Check wrapping,Pending
P410_CAPSULE_SEAL_SWEAT,P410_CAPSULE_SEAL_SWEAT_uk_UA,uk_UA,Automated Broadcast,[UK] Playback: Capsule Seal Condensation Log. Proceed with caution. Lien deduction active.,4.5,High,Static crackle,Check wrapping,Pending
P410_CAPSULE_SEAL_SWEAT,P410_CAPSULE_SEAL_SWEAT_zh_CN,zh_CN,Automated Broadcast,[ZH] Playback: Capsule Seal Condensation Log. Proceed with caution. Lien deduction active.,4.5,High,Static crackle,Check wrapping,Pending
P411_BLACK_KEEL_DEAD_CLAIM_HANDSHAKE,P411_BLACK_KEEL_DEAD_CLAIM_HANDSHAKE_en_US,en_US,Automated Broadcast,Playback: Black Keel Dead Claim Handshake. Proceed with caution. Lien deduction active.,4.5,High,Static crackle,Check wrapping,Pending
P411_BLACK_KEEL_DEAD_CLAIM_HANDSHAKE,P411_BLACK_KEEL_DEAD_CLAIM_HANDSHAKE_ar_SA,ar_SA,Automated Broadcast,[AR] Playback: Black Keel Dead Claim Handshake. Proceed with caution. Lien deduction active.,4.5,High,Static crackle,Check wrapping,Pending
P411_BLACK_KEEL_DEAD_CLAIM_HANDSHAKE,P411_BLACK_KEEL_DEAD_CLAIM_HANDSHAKE_de_DE,de_DE,Automated Broadcast,[DE] Playback: Black Keel Dead Claim Handshake. Proceed with caution. Lien deduction active.,4.5,High,Static crackle,Check wrapping,Pending
P411_BLACK_KEEL_DEAD_CLAIM_HANDSHAKE,P411_BLACK_KEEL_DEAD_CLAIM_HANDSHAKE_es_ES,es_ES,Automated Broadcast,[ES] Playback: Black Keel Dead Claim Handshake. Proceed with caution. Lien deduction active.,4.5,High,Static crackle,Check wrapping,Pending
P411_BLACK_KEEL_DEAD_CLAIM_HANDSHAKE,P411_BLACK_KEEL_DEAD_CLAIM_HANDSHAKE_fr_FR,fr_FR,Automated Broadcast,[FR] Playback: Black Keel Dead Claim Handshake. Proceed with caution. Lien deduction active.,4.5,High,Static crackle,Check wrapping,Pending
P411_BLACK_KEEL_DEAD_CLAIM_HANDSHAKE,P411_BLACK_KEEL_DEAD_CLAIM_HANDSHAKE_he_IL,he_IL,Automated Broadcast,[HE] Playback: Black Keel Dead Claim Handshake. Proceed with caution. Lien deduction active.,4.5,High,Static crackle,Check wrapping,Pending
P411_BLACK_KEEL_DEAD_CLAIM_HANDSHAKE,P411_BLACK_KEEL_DEAD_CLAIM_HANDSHAKE_id_ID,id_ID,Automated Broadcast,[ID] Playback: Black Keel Dead Claim Handshake. Proceed with caution. Lien deduction active.,4.5,High,Static crackle,Check wrapping,Pending
P411_BLACK_KEEL_DEAD_CLAIM_HANDSHAKE,P411_BLACK_KEEL_DEAD_CLAIM_HANDSHAKE_ja_JP,ja_JP,Automated Broadcast,[JA] Playback: Black Keel Dead Claim Handshake. Proceed with caution. Lien deduction active.,4.5,High,Static crackle,Check wrapping,Pending
P411_BLACK_KEEL_DEAD_CLAIM_HANDSHAKE,P411_BLACK_KEEL_DEAD_CLAIM_HANDSHAKE_ko_KR,ko_KR,Automated Broadcast,[KO] Playback: Black Keel Dead Claim Handshake. Proceed with caution. Lien deduction active.,4.5,High,Static crackle,Check wrapping,Pending
P411_BLACK_KEEL_DEAD_CLAIM_HANDSHAKE,P411_BLACK_KEEL_DEAD_CLAIM_HANDSHAKE_nl_NL,nl_NL,Automated Broadcast,[NL] Playback: Black Keel Dead Claim Handshake. Proceed with caution. Lien deduction active.,4.5,High,Static crackle,Check wrapping,Pending
P411_BLACK_KEEL_DEAD_CLAIM_HANDSHAKE,P411_BLACK_KEEL_DEAD_CLAIM_HANDSHAKE_pl_PL,pl_PL,Automated Broadcast,[PL] Playback: Black Keel Dead Claim Handshake. Proceed with caution. Lien deduction active.,4.5,High,Static crackle,Check wrapping,Pending
P411_BLACK_KEEL_DEAD_CLAIM_HANDSHAKE,P411_BLACK_KEEL_DEAD_CLAIM_HANDSHAKE_pt_BR,pt_BR,Automated Broadcast,[PT] Playback: Black Keel Dead Claim Handshake. Proceed with caution. Lien deduction active.,4.5,High,Static crackle,Check wrapping,Pending
P411_BLACK_KEEL_DEAD_CLAIM_HANDSHAKE,P411_BLACK_KEEL_DEAD_CLAIM_HANDSHAKE_ru_RU,ru_RU,Automated Broadcast,Playback: Black Keel Dead Claim Handshake. Proceed with caution. Lien deduction active.,4.5,High,Static crackle,Check wrapping,Pending
P411_BLACK_KEEL_DEAD_CLAIM_HANDSHAKE,P411_BLACK_KEEL_DEAD_CLAIM_HANDSHAKE_uk_UA,uk_UA,Automated Broadcast,[UK] Playback: Black Keel Dead Claim Handshake. Proceed with caution. Lien deduction active.,4.5,High,Static crackle,Check wrapping,Pending
P411_BLACK_KEEL_DEAD_CLAIM_HANDSHAKE,P411_BLACK_KEEL_DEAD_CLAIM_HANDSHAKE_zh_CN,zh_CN,Automated Broadcast,[ZH] Playback: Black Keel Dead Claim Handshake. Proceed with caution. Lien deduction active.,4.5,High,Static crackle,Check wrapping,Pending
P412_SHALLOW_ANNEX_P63_FIRST_PUMP,P412_SHALLOW_ANNEX_P63_FIRST_PUMP_en_US,en_US,Automated Broadcast,Playback: Shallow Annex P-63 Initial Pump. Proceed with caution. Lien deduction active.,4.5,High,Static crackle,Check wrapping,Pending
P412_SHALLOW_ANNEX_P63_FIRST_PUMP,P412_SHALLOW_ANNEX_P63_FIRST_PUMP_ar_SA,ar_SA,Automated Broadcast,[AR] Playback: Shallow Annex P-63 Initial Pump. Proceed with caution. Lien deduction active.,4.5,High,Static crackle,Check wrapping,Pending
P412_SHALLOW_ANNEX_P63_FIRST_PUMP,P412_SHALLOW_ANNEX_P63_FIRST_PUMP_de_DE,de_DE,Automated Broadcast,[DE] Playback: Shallow Annex P-63 Initial Pump. Proceed with caution. Lien deduction active.,4.5,High,Static crackle,Check wrapping,Pending
P412_SHALLOW_ANNEX_P63_FIRST_PUMP,P412_SHALLOW_ANNEX_P63_FIRST_PUMP_es_ES,es_ES,Automated Broadcast,[ES] Playback: Shallow Annex P-63 Initial Pump. Proceed with caution. Lien deduction active.,4.5,High,Static crackle,Check wrapping,Pending
P412_SHALLOW_ANNEX_P63_FIRST_PUMP,P412_SHALLOW_ANNEX_P63_FIRST_PUMP_fr_FR,fr_FR,Automated Broadcast,[FR] Playback: Shallow Annex P-63 Initial Pump. Proceed with caution. Lien deduction active.,4.5,High,Static crackle,Check wrapping,Pending
P412_SHALLOW_ANNEX_P63_FIRST_PUMP,P412_SHALLOW_ANNEX_P63_FIRST_PUMP_he_IL,he_IL,Automated Broadcast,[HE] Playback: Shallow Annex P-63 Initial Pump. Proceed with caution. Lien deduction active.,4.5,High,Static crackle,Check wrapping,Pending
P412_SHALLOW_ANNEX_P63_FIRST_PUMP,P412_SHALLOW_ANNEX_P63_FIRST_PUMP_id_ID,id_ID,Automated Broadcast,[ID] Playback: Shallow Annex P-63 Initial Pump. Proceed with caution. Lien deduction active.,4.5,High,Static crackle,Check wrapping,Pending
P412_SHALLOW_ANNEX_P63_FIRST_PUMP,P412_SHALLOW_ANNEX_P63_FIRST_PUMP_ja_JP,ja_JP,Automated Broadcast,[JA] Playback: Shallow Annex P-63 Initial Pump. Proceed with caution. Lien deduction active.,4.5,High,Static crackle,Check wrapping,Pending
P412_SHALLOW_ANNEX_P63_FIRST_PUMP,P412_SHALLOW_ANNEX_P63_FIRST_PUMP_ko_KR,ko_KR,Automated Broadcast,[KO] Playback: Shallow Annex P-63 Initial Pump. Proceed with caution. Lien deduction active.,4.5,High,Static crackle,Check wrapping,Pending
P412_SHALLOW_ANNEX_P63_FIRST_PUMP,P412_SHALLOW_ANNEX_P63_FIRST_PUMP_nl_NL,nl_NL,Automated Broadcast,[NL] Playback: Shallow Annex P-63 Initial Pump. Proceed with caution. Lien deduction active.,4.5,High,Static crackle,Check wrapping,Pending
P412_SHALLOW_ANNEX_P63_FIRST_PUMP,P412_SHALLOW_ANNEX_P63_FIRST_PUMP_pl_PL,pl_PL,Automated Broadcast,[PL] Playback: Shallow Annex P-63 Initial Pump. Proceed with caution. Lien deduction active.,4.5,High,Static crackle,Check wrapping,Pending
P412_SHALLOW_ANNEX_P63_FIRST_PUMP,P412_SHALLOW_ANNEX_P63_FIRST_PUMP_pt_BR,pt_BR,Automated Broadcast,[PT] Playback: Shallow Annex P-63 Initial Pump. Proceed with caution. Lien deduction active.,4.5,High,Static crackle,Check wrapping,Pending
P412_SHALLOW_ANNEX_P63_FIRST_PUMP,P412_SHALLOW_ANNEX_P63_FIRST_PUMP_ru_RU,ru_RU,Automated Broadcast,Playback: Shallow Annex P-63 Initial Pump. Proceed with caution. Lien deduction active.,4.5,High,Static crackle,Check wrapping,Pending
P412_SHALLOW_ANNEX_P63_FIRST_PUMP,P412_SHALLOW_ANNEX_P63_FIRST_PUMP_uk_UA,uk_UA,Automated Broadcast,[UK] Playback: Shallow Annex P-63 Initial Pump. Proceed with caution. Lien deduction active.,4.5,High,Static crackle,Check wrapping,Pending
P412_SHALLOW_ANNEX_P63_FIRST_PUMP,P412_SHALLOW_ANNEX_P63_FIRST_PUMP_zh_CN,zh_CN,Automated Broadcast,[ZH] Playback: Shallow Annex P-63 Initial Pump. Proceed with caution. Lien deduction active.,4.5,High,Static crackle,Check wrapping,Pending
P413_PRESSURE_DOOR_MANUAL_BYPASS,P413_PRESSURE_DOOR_MANUAL_BYPASS_en_US,en_US,Automated Broadcast,Playback: Pressure Door Manual Bypass. Proceed with caution. Lien deduction active.,4.5,High,Static crackle,Check wrapping,Pending
P413_PRESSURE_DOOR_MANUAL_BYPASS,P413_PRESSURE_DOOR_MANUAL_BYPASS_ar_SA,ar_SA,Automated Broadcast,[AR] Playback: Pressure Door Manual Bypass. Proceed with caution. Lien deduction active.,4.5,High,Static crackle,Check wrapping,Pending
P413_PRESSURE_DOOR_MANUAL_BYPASS,P413_PRESSURE_DOOR_MANUAL_BYPASS_de_DE,de_DE,Automated Broadcast,[DE] Playback: Pressure Door Manual Bypass. Proceed with caution. Lien deduction active.,4.5,High,Static crackle,Check wrapping,Pending
P413_PRESSURE_DOOR_MANUAL_BYPASS,P413_PRESSURE_DOOR_MANUAL_BYPASS_es_ES,es_ES,Automated Broadcast,[ES] Playback: Pressure Door Manual Bypass. Proceed with caution. Lien deduction active.,4.5,High,Static crackle,Check wrapping,Pending
P413_PRESSURE_DOOR_MANUAL_BYPASS,P413_PRESSURE_DOOR_MANUAL_BYPASS_fr_FR,fr_FR,Automated Broadcast,[FR] Playback: Pressure Door Manual Bypass. Proceed with caution. Lien deduction active.,4.5,High,Static crackle,Check wrapping,Pending
P413_PRESSURE_DOOR_MANUAL_BYPASS,P413_PRESSURE_DOOR_MANUAL_BYPASS_he_IL,he_IL,Automated Broadcast,[HE] Playback: Pressure Door Manual Bypass. Proceed with caution. Lien deduction active.,4.5,High,Static crackle,Check wrapping,Pending
P413_PRESSURE_DOOR_MANUAL_BYPASS,P413_PRESSURE_DOOR_MANUAL_BYPASS_id_ID,id_ID,Automated Broadcast,[ID] Playback: Pressure Door Manual Bypass. Proceed with caution. Lien deduction active.,4.5,High,Static crackle,Check wrapping,Pending
P413_PRESSURE_DOOR_MANUAL_BYPASS,P413_PRESSURE_DOOR_MANUAL_BYPASS_ja_JP,ja_JP,Automated Broadcast,[JA] Playback: Pressure Door Manual Bypass. Proceed with caution. Lien deduction active.,4.5,High,Static crackle,Check wrapping,Pending
P413_PRESSURE_DOOR_MANUAL_BYPASS,P413_PRESSURE_DOOR_MANUAL_BYPASS_ko_KR,ko_KR,Automated Broadcast,[KO] Playback: Pressure Door Manual Bypass. Proceed with caution. Lien deduction active.,4.5,High,Static crackle,Check wrapping,Pending
P413_PRESSURE_DOOR_MANUAL_BYPASS,P413_PRESSURE_DOOR_MANUAL_BYPASS_nl_NL,nl_NL,Automated Broadcast,[NL] Playback: Pressure Door Manual Bypass. Proceed with caution. Lien deduction active.,4.5,High,Static crackle,Check wrapping,Pending
P413_PRESSURE_DOOR_MANUAL_BYPASS,P413_PRESSURE_DOOR_MANUAL_BYPASS_pl_PL,pl_PL,Automated Broadcast,[PL] Playback: Pressure Door Manual Bypass. Proceed with caution. Lien deduction active.,4.5,High,Static crackle,Check wrapping,Pending
P413_PRESSURE_DOOR_MANUAL_BYPASS,P413_PRESSURE_DOOR_MANUAL_BYPASS_pt_BR,pt_BR,Automated Broadcast,[PT] Playback: Pressure Door Manual Bypass. Proceed with caution. Lien deduction active.,4.5,High,Static crackle,Check wrapping,Pending
P413_PRESSURE_DOOR_MANUAL_BYPASS,P413_PRESSURE_DOOR_MANUAL_BYPASS_ru_RU,ru_RU,Automated Broadcast,Playback: Pressure Door Manual Bypass. Proceed with caution. Lien deduction active.,4.5,High,Static crackle,Check wrapping,Pending
P413_PRESSURE_DOOR_MANUAL_BYPASS,P413_PRESSURE_DOOR_MANUAL_BYPASS_uk_UA,uk_UA,Automated Broadcast,[UK] Playback: Pressure Door Manual Bypass. Proceed with caution. Lien deduction active.,4.5,High,Static crackle,Check wrapping,Pending
P413_PRESSURE_DOOR_MANUAL_BYPASS,P413_PRESSURE_DOOR_MANUAL_BYPASS_zh_CN,zh_CN,Automated Broadcast,[ZH] Playback: Pressure Door Manual Bypass. Proceed with caution. Lien deduction active.,4.5,High,Static crackle,Check wrapping,Pending
P414_OXYGEN_RESERVE_DIRTY_MARGIN,P414_OXYGEN_RESERVE_DIRTY_MARGIN_en_US,en_US,Automated Broadcast,Playback: Oxygen Reserve Dirty Margin. Proceed with caution. Lien deduction active.,4.5,High,Static crackle,Check wrapping,Pending
P414_OXYGEN_RESERVE_DIRTY_MARGIN,P414_OXYGEN_RESERVE_DIRTY_MARGIN_ar_SA,ar_SA,Automated Broadcast,[AR] Playback: Oxygen Reserve Dirty Margin. Proceed with caution. Lien deduction active.,4.5,High,Static crackle,Check wrapping,Pending
P414_OXYGEN_RESERVE_DIRTY_MARGIN,P414_OXYGEN_RESERVE_DIRTY_MARGIN_de_DE,de_DE,Automated Broadcast,[DE] Playback: Oxygen Reserve Dirty Margin. Proceed with caution. Lien deduction active.,4.5,High,Static crackle,Check wrapping,Pending
P414_OXYGEN_RESERVE_DIRTY_MARGIN,P414_OXYGEN_RESERVE_DIRTY_MARGIN_es_ES,es_ES,Automated Broadcast,[ES] Playback: Oxygen Reserve Dirty Margin. Proceed with caution. Lien deduction active.,4.5,High,Static crackle,Check wrapping,Pending
P414_OXYGEN_RESERVE_DIRTY_MARGIN,P414_OXYGEN_RESERVE_DIRTY_MARGIN_fr_FR,fr_FR,Automated Broadcast,[FR] Playback: Oxygen Reserve Dirty Margin. Proceed with caution. Lien deduction active.,4.5,High,Static crackle,Check wrapping,Pending
P414_OXYGEN_RESERVE_DIRTY_MARGIN,P414_OXYGEN_RESERVE_DIRTY_MARGIN_he_IL,he_IL,Automated Broadcast,[HE] Playback: Oxygen Reserve Dirty Margin. Proceed with caution. Lien deduction active.,4.5,High,Static crackle,Check wrapping,Pending
P414_OXYGEN_RESERVE_DIRTY_MARGIN,P414_OXYGEN_RESERVE_DIRTY_MARGIN_id_ID,id_ID,Automated Broadcast,[ID] Playback: Oxygen Reserve Dirty Margin. Proceed with caution. Lien deduction active.,4.5,High,Static crackle,Check wrapping,Pending
P414_OXYGEN_RESERVE_DIRTY_MARGIN,P414_OXYGEN_RESERVE_DIRTY_MARGIN_ja_JP,ja_JP,Automated Broadcast,[JA] Playback: Oxygen Reserve Dirty Margin. Proceed with caution. Lien deduction active.,4.5,High,Static crackle,Check wrapping,Pending
P414_OXYGEN_RESERVE_DIRTY_MARGIN,P414_OXYGEN_RESERVE_DIRTY_MARGIN_ko_KR,ko_KR,Automated Broadcast,[KO] Playback: Oxygen Reserve Dirty Margin. Proceed with caution. Lien deduction active.,4.5,High,Static crackle,Check wrapping,Pending
P414_OXYGEN_RESERVE_DIRTY_MARGIN,P414_OXYGEN_RESERVE_DIRTY_MARGIN_nl_NL,nl_NL,Automated Broadcast,[NL] Playback: Oxygen Reserve Dirty Margin. Proceed with caution. Lien deduction active.,4.5,High,Static crackle,Check wrapping,Pending
P414_OXYGEN_RESERVE_DIRTY_MARGIN,P414_OXYGEN_RESERVE_DIRTY_MARGIN_pl_PL,pl_PL,Automated Broadcast,[PL] Playback: Oxygen Reserve Dirty Margin. Proceed with caution. Lien deduction active.,4.5,High,Static crackle,Check wrapping,Pending
P414_OXYGEN_RESERVE_DIRTY_MARGIN,P414_OXYGEN_RESERVE_DIRTY_MARGIN_pt_BR,pt_BR,Automated Broadcast,[PT] Playback: Oxygen Reserve Dirty Margin. Proceed with caution. Lien deduction active.,4.5,High,Static crackle,Check wrapping,Pending
P414_OXYGEN_RESERVE_DIRTY_MARGIN,P414_OXYGEN_RESERVE_DIRTY_MARGIN_ru_RU,ru_RU,Automated Broadcast,Playback: Oxygen Reserve Dirty Margin. Proceed with caution. Lien deduction active.,4.5,High,Static crackle,Check wrapping,Pending
P414_OXYGEN_RESERVE_DIRTY_MARGIN,P414_OXYGEN_RESERVE_DIRTY_MARGIN_uk_UA,uk_UA,Automated Broadcast,[UK] Playback: Oxygen Reserve Dirty Margin. Proceed with caution. Lien deduction active.,4.5,High,Static crackle,Check wrapping,Pending
P414_OXYGEN_RESERVE_DIRTY_MARGIN,P414_OXYGEN_RESERVE_DIRTY_MARGIN_zh_CN,zh_CN,Automated Broadcast,[ZH] Playback: Oxygen Reserve Dirty Margin. Proceed with caution. Lien deduction active.,4.5,High,Static crackle,Check wrapping,Pending
P415_FIRST_SCAN_FALSE_CLEAN_LANGUAGE,P415_FIRST_SCAN_FALSE_CLEAN_LANGUAGE_en_US,en_US,Automated Broadcast,Playback: Initial Scan: False Clean Language. Proceed with caution. Lien deduction active.,4.5,High,Static crackle,Check wrapping,Pending
P415_FIRST_SCAN_FALSE_CLEAN_LANGUAGE,P415_FIRST_SCAN_FALSE_CLEAN_LANGUAGE_ar_SA,ar_SA,Automated Broadcast,[AR] Playback: Initial Scan: False Clean Language. Proceed with caution. Lien deduction active.,4.5,High,Static crackle,Check wrapping,Pending
P415_FIRST_SCAN_FALSE_CLEAN_LANGUAGE,P415_FIRST_SCAN_FALSE_CLEAN_LANGUAGE_de_DE,de_DE,Automated Broadcast,[DE] Playback: Initial Scan: False Clean Language. Proceed with caution. Lien deduction active.,4.5,High,Static crackle,Check wrapping,Pending
P415_FIRST_SCAN_FALSE_CLEAN_LANGUAGE,P415_FIRST_SCAN_FALSE_CLEAN_LANGUAGE_es_ES,es_ES,Automated Broadcast,[ES] Playback: Initial Scan: False Clean Language. Proceed with caution. Lien deduction active.,4.5,High,Static crackle,Check wrapping,Pending
P415_FIRST_SCAN_FALSE_CLEAN_LANGUAGE,P415_FIRST_SCAN_FALSE_CLEAN_LANGUAGE_fr_FR,fr_FR,Automated Broadcast,[FR] Playback: Initial Scan: False Clean Language. Proceed with caution. Lien deduction active.,4.5,High,Static crackle,Check wrapping,Pending
P415_FIRST_SCAN_FALSE_CLEAN_LANGUAGE,P415_FIRST_SCAN_FALSE_CLEAN_LANGUAGE_he_IL,he_IL,Automated Broadcast,[HE] Playback: Initial Scan: False Clean Language. Proceed with caution. Lien deduction active.,4.5,High,Static crackle,Check wrapping,Pending
P415_FIRST_SCAN_FALSE_CLEAN_LANGUAGE,P415_FIRST_SCAN_FALSE_CLEAN_LANGUAGE_id_ID,id_ID,Automated Broadcast,[ID] Playback: Initial Scan: False Clean Language. Proceed with caution. Lien deduction active.,4.5,High,Static crackle,Check wrapping,Pending
P415_FIRST_SCAN_FALSE_CLEAN_LANGUAGE,P415_FIRST_SCAN_FALSE_CLEAN_LANGUAGE_ja_JP,ja_JP,Automated Broadcast,[JA] Playback: Initial Scan: False Clean Language. Proceed with caution. Lien deduction active.,4.5,High,Static crackle,Check wrapping,Pending
P415_FIRST_SCAN_FALSE_CLEAN_LANGUAGE,P415_FIRST_SCAN_FALSE_CLEAN_LANGUAGE_ko_KR,ko_KR,Automated Broadcast,[KO] Playback: Initial Scan: False Clean Language. Proceed with caution. Lien deduction active.,4.5,High,Static crackle,Check wrapping,Pending
P415_FIRST_SCAN_FALSE_CLEAN_LANGUAGE,P415_FIRST_SCAN_FALSE_CLEAN_LANGUAGE_nl_NL,nl_NL,Automated Broadcast,[NL] Playback: Initial Scan: False Clean Language. Proceed with caution. Lien deduction active.,4.5,High,Static crackle,Check wrapping,Pending
P415_FIRST_SCAN_FALSE_CLEAN_LANGUAGE,P415_FIRST_SCAN_FALSE_CLEAN_LANGUAGE_pl_PL,pl_PL,Automated Broadcast,[PL] Playback: Initial Scan: False Clean Language. Proceed with caution. Lien deduction active.,4.5,High,Static crackle,Check wrapping,Pending
P415_FIRST_SCAN_FALSE_CLEAN_LANGUAGE,P415_FIRST_SCAN_FALSE_CLEAN_LANGUAGE_pt_BR,pt_BR,Automated Broadcast,[PT] Playback: Initial Scan: False Clean Language. Proceed with caution. Lien deduction active.,4.5,High,Static crackle,Check wrapping,Pending
P415_FIRST_SCAN_FALSE_CLEAN_LANGUAGE,P415_FIRST_SCAN_FALSE_CLEAN_LANGUAGE_ru_RU,ru_RU,Automated Broadcast,Playback: Initial Scan: False Clean Language. Proceed with caution. Lien deduction active.,4.5,High,Static crackle,Check wrapping,Pending
P415_FIRST_SCAN_FALSE_CLEAN_LANGUAGE,P415_FIRST_SCAN_FALSE_CLEAN_LANGUAGE_uk_UA,uk_UA,Automated Broadcast,[UK] Playback: Initial Scan: False Clean Language. Proceed with caution. Lien deduction active.,4.5,High,Static crackle,Check wrapping,Pending
P415_FIRST_SCAN_FALSE_CLEAN_LANGUAGE,P415_FIRST_SCAN_FALSE_CLEAN_LANGUAGE_zh_CN,zh_CN,Automated Broadcast,[ZH] Playback: Initial Scan: False Clean Language. Proceed with caution. Lien deduction active.,4.5,High,Static crackle,Check wrapping,Pending
P416_ROUTE_BEACON_SALT_CORROSION,P416_ROUTE_BEACON_SALT_CORROSION_en_US,en_US,Automated Broadcast,Playback: Route Beacon Salt Corrosion. Proceed with caution. Lien deduction active.,4.5,High,Static crackle,Check wrapping,Pending
P416_ROUTE_BEACON_SALT_CORROSION,P416_ROUTE_BEACON_SALT_CORROSION_ar_SA,ar_SA,Automated Broadcast,[AR] Playback: Route Beacon Salt Corrosion. Proceed with caution. Lien deduction active.,4.5,High,Static crackle,Check wrapping,Pending
P416_ROUTE_BEACON_SALT_CORROSION,P416_ROUTE_BEACON_SALT_CORROSION_de_DE,de_DE,Automated Broadcast,[DE] Playback: Route Beacon Salt Corrosion. Proceed with caution. Lien deduction active.,4.5,High,Static crackle,Check wrapping,Pending
P416_ROUTE_BEACON_SALT_CORROSION,P416_ROUTE_BEACON_SALT_CORROSION_es_ES,es_ES,Automated Broadcast,[ES] Playback: Route Beacon Salt Corrosion. Proceed with caution. Lien deduction active.,4.5,High,Static crackle,Check wrapping,Pending
P416_ROUTE_BEACON_SALT_CORROSION,P416_ROUTE_BEACON_SALT_CORROSION_fr_FR,fr_FR,Automated Broadcast,[FR] Playback: Route Beacon Salt Corrosion. Proceed with caution. Lien deduction active.,4.5,High,Static crackle,Check wrapping,Pending
P416_ROUTE_BEACON_SALT_CORROSION,P416_ROUTE_BEACON_SALT_CORROSION_he_IL,he_IL,Automated Broadcast,[HE] Playback: Route Beacon Salt Corrosion. Proceed with caution. Lien deduction active.,4.5,High,Static crackle,Check wrapping,Pending
P416_ROUTE_BEACON_SALT_CORROSION,P416_ROUTE_BEACON_SALT_CORROSION_id_ID,id_ID,Automated Broadcast,[ID] Playback: Route Beacon Salt Corrosion. Proceed with caution. Lien deduction active.,4.5,High,Static crackle,Check wrapping,Pending
P416_ROUTE_BEACON_SALT_CORROSION,P416_ROUTE_BEACON_SALT_CORROSION_ja_JP,ja_JP,Automated Broadcast,[JA] Playback: Route Beacon Salt Corrosion. Proceed with caution. Lien deduction active.,4.5,High,Static crackle,Check wrapping,Pending
P416_ROUTE_BEACON_SALT_CORROSION,P416_ROUTE_BEACON_SALT_CORROSION_ko_KR,ko_KR,Automated Broadcast,[KO] Playback: Route Beacon Salt Corrosion. Proceed with caution. Lien deduction active.,4.5,High,Static crackle,Check wrapping,Pending
P416_ROUTE_BEACON_SALT_CORROSION,P416_ROUTE_BEACON_SALT_CORROSION_nl_NL,nl_NL,Automated Broadcast,[NL] Playback: Route Beacon Salt Corrosion. Proceed with caution. Lien deduction active.,4.5,High,Static crackle,Check wrapping,Pending
P416_ROUTE_BEACON_SALT_CORROSION,P416_ROUTE_BEACON_SALT_CORROSION_pl_PL,pl_PL,Automated Broadcast,[PL] Playback: Route Beacon Salt Corrosion. Proceed with caution. Lien deduction active.,4.5,High,Static crackle,Check wrapping,Pending
P416_ROUTE_BEACON_SALT_CORROSION,P416_ROUTE_BEACON_SALT_CORROSION_pt_BR,pt_BR,Automated Broadcast,[PT] Playback: Route Beacon Salt Corrosion. Proceed with caution. Lien deduction active.,4.5,High,Static crackle,Check wrapping,Pending
P416_ROUTE_BEACON_SALT_CORROSION,P416_ROUTE_BEACON_SALT_CORROSION_ru_RU,ru_RU,Automated Broadcast,Playback: Route Beacon Salt Corrosion. Proceed with caution. Lien deduction active.,4.5,High,Static crackle,Check wrapping,Pending
P416_ROUTE_BEACON_SALT_CORROSION,P416_ROUTE_BEACON_SALT_CORROSION_uk_UA,uk_UA,Automated Broadcast,[UK] Playback: Route Beacon Salt Corrosion. Proceed with caution. Lien deduction active.,4.5,High,Static crackle,Check wrapping,Pending
P416_ROUTE_BEACON_SALT_CORROSION,P416_ROUTE_BEACON_SALT_CORROSION_zh_CN,zh_CN,Automated Broadcast,[ZH] Playback: Route Beacon Salt Corrosion. Proceed with caution. Lien deduction active.,4.5,High,Static crackle,Check wrapping,Pending
P417_MARAUDER_RECOVERY_NOTE_01,P417_MARAUDER_RECOVERY_NOTE_01_en_US,en_US,Automated Broadcast,Playback: Marauder Recovery Note 01. Proceed with caution. Lien deduction active.,4.5,High,Static crackle,Check wrapping,Pending
P417_MARAUDER_RECOVERY_NOTE_01,P417_MARAUDER_RECOVERY_NOTE_01_ar_SA,ar_SA,Automated Broadcast,[AR] Playback: Marauder Recovery Note 01. Proceed with caution. Lien deduction active.,4.5,High,Static crackle,Check wrapping,Pending
P417_MARAUDER_RECOVERY_NOTE_01,P417_MARAUDER_RECOVERY_NOTE_01_de_DE,de_DE,Automated Broadcast,[DE] Playback: Marauder Recovery Note 01. Proceed with caution. Lien deduction active.,4.5,High,Static crackle,Check wrapping,Pending
P417_MARAUDER_RECOVERY_NOTE_01,P417_MARAUDER_RECOVERY_NOTE_01_es_ES,es_ES,Automated Broadcast,[ES] Playback: Marauder Recovery Note 01. Proceed with caution. Lien deduction active.,4.5,High,Static crackle,Check wrapping,Pending
P417_MARAUDER_RECOVERY_NOTE_01,P417_MARAUDER_RECOVERY_NOTE_01_fr_FR,fr_FR,Automated Broadcast,[FR] Playback: Marauder Recovery Note 01. Proceed with caution. Lien deduction active.,4.5,High,Static crackle,Check wrapping,Pending
P417_MARAUDER_RECOVERY_NOTE_01,P417_MARAUDER_RECOVERY_NOTE_01_he_IL,he_IL,Automated Broadcast,[HE] Playback: Marauder Recovery Note 01. Proceed with caution. Lien deduction active.,4.5,High,Static crackle,Check wrapping,Pending
P417_MARAUDER_RECOVERY_NOTE_01,P417_MARAUDER_RECOVERY_NOTE_01_id_ID,id_ID,Automated Broadcast,[ID] Playback: Marauder Recovery Note 01. Proceed with caution. Lien deduction active.,4.5,High,Static crackle,Check wrapping,Pending
P417_MARAUDER_RECOVERY_NOTE_01,P417_MARAUDER_RECOVERY_NOTE_01_ja_JP,ja_JP,Automated Broadcast,[JA] Playback: Marauder Recovery Note 01. Proceed with caution. Lien deduction active.,4.5,High,Static crackle,Check wrapping,Pending
P417_MARAUDER_RECOVERY_NOTE_01,P417_MARAUDER_RECOVERY_NOTE_01_ko_KR,ko_KR,Automated Broadcast,[KO] Playback: Marauder Recovery Note 01. Proceed with caution. Lien deduction active.,4.5,High,Static crackle,Check wrapping,Pending
P417_MARAUDER_RECOVERY_NOTE_01,P417_MARAUDER_RECOVERY_NOTE_01_nl_NL,nl_NL,Automated Broadcast,[NL] Playback: Marauder Recovery Note 01. Proceed with caution. Lien deduction active.,4.5,High,Static crackle,Check wrapping,Pending
P417_MARAUDER_RECOVERY_NOTE_01,P417_MARAUDER_RECOVERY_NOTE_01_pl_PL,pl_PL,Automated Broadcast,[PL] Playback: Marauder Recovery Note 01. Proceed with caution. Lien deduction active.,4.5,High,Static crackle,Check wrapping,Pending
P417_MARAUDER_RECOVERY_NOTE_01,P417_MARAUDER_RECOVERY_NOTE_01_pt_BR,pt_BR,Automated Broadcast,[PT] Playback: Marauder Recovery Note 01. Proceed with caution. Lien deduction active.,4.5,High,Static crackle,Check wrapping,Pending
P417_MARAUDER_RECOVERY_NOTE_01,P417_MARAUDER_RECOVERY_NOTE_01_ru_RU,ru_RU,Automated Broadcast,Playback: Мародер Recovery Note 01. Proceed with caution. Lien deduction active.,4.5,High,Static crackle,Check wrapping,Pending
P417_MARAUDER_RECOVERY_NOTE_01,P417_MARAUDER_RECOVERY_NOTE_01_uk_UA,uk_UA,Automated Broadcast,[UK] Playback: Marauder Recovery Note 01. Proceed with caution. Lien deduction active.,4.5,High,Static crackle,Check wrapping,Pending
P417_MARAUDER_RECOVERY_NOTE_01,P417_MARAUDER_RECOVERY_NOTE_01_zh_CN,zh_CN,Automated Broadcast,[ZH] Playback: Marauder Recovery Note 01. Proceed with caution. Lien deduction active.,4.5,High,Static crackle,Check wrapping,Pending
P418_BARNARD_YARDS_PROCEDURE_TRACE,P418_BARNARD_YARDS_PROCEDURE_TRACE_en_US,en_US,Automated Broadcast,Playback: Barnard Yards Procedure Trace. Proceed with caution. Lien deduction active.,4.5,High,Static crackle,Check wrapping,Pending
P418_BARNARD_YARDS_PROCEDURE_TRACE,P418_BARNARD_YARDS_PROCEDURE_TRACE_ar_SA,ar_SA,Automated Broadcast,[AR] Playback: Barnard Yards Procedure Trace. Proceed with caution. Lien deduction active.,4.5,High,Static crackle,Check wrapping,Pending
P418_BARNARD_YARDS_PROCEDURE_TRACE,P418_BARNARD_YARDS_PROCEDURE_TRACE_de_DE,de_DE,Automated Broadcast,[DE] Playback: Barnard Yards Procedure Trace. Proceed with caution. Lien deduction active.,4.5,High,Static crackle,Check wrapping,Pending
P418_BARNARD_YARDS_PROCEDURE_TRACE,P418_BARNARD_YARDS_PROCEDURE_TRACE_es_ES,es_ES,Automated Broadcast,[ES] Playback: Barnard Yards Procedure Trace. Proceed with caution. Lien deduction active.,4.5,High,Static crackle,Check wrapping,Pending
P418_BARNARD_YARDS_PROCEDURE_TRACE,P418_BARNARD_YARDS_PROCEDURE_TRACE_fr_FR,fr_FR,Automated Broadcast,[FR] Playback: Barnard Yards Procedure Trace. Proceed with caution. Lien deduction active.,4.5,High,Static crackle,Check wrapping,Pending
P418_BARNARD_YARDS_PROCEDURE_TRACE,P418_BARNARD_YARDS_PROCEDURE_TRACE_he_IL,he_IL,Automated Broadcast,[HE] Playback: Barnard Yards Procedure Trace. Proceed with caution. Lien deduction active.,4.5,High,Static crackle,Check wrapping,Pending
P418_BARNARD_YARDS_PROCEDURE_TRACE,P418_BARNARD_YARDS_PROCEDURE_TRACE_id_ID,id_ID,Automated Broadcast,[ID] Playback: Barnard Yards Procedure Trace. Proceed with caution. Lien deduction active.,4.5,High,Static crackle,Check wrapping,Pending
P418_BARNARD_YARDS_PROCEDURE_TRACE,P418_BARNARD_YARDS_PROCEDURE_TRACE_ja_JP,ja_JP,Automated Broadcast,[JA] Playback: Barnard Yards Procedure Trace. Proceed with caution. Lien deduction active.,4.5,High,Static crackle,Check wrapping,Pending
P418_BARNARD_YARDS_PROCEDURE_TRACE,P418_BARNARD_YARDS_PROCEDURE_TRACE_ko_KR,ko_KR,Automated Broadcast,[KO] Playback: Barnard Yards Procedure Trace. Proceed with caution. Lien deduction active.,4.5,High,Static crackle,Check wrapping,Pending
P418_BARNARD_YARDS_PROCEDURE_TRACE,P418_BARNARD_YARDS_PROCEDURE_TRACE_nl_NL,nl_NL,Automated Broadcast,[NL] Playback: Barnard Yards Procedure Trace. Proceed with caution. Lien deduction active.,4.5,High,Static crackle,Check wrapping,Pending
P418_BARNARD_YARDS_PROCEDURE_TRACE,P418_BARNARD_YARDS_PROCEDURE_TRACE_pl_PL,pl_PL,Automated Broadcast,[PL] Playback: Barnard Yards Procedure Trace. Proceed with caution. Lien deduction active.,4.5,High,Static crackle,Check wrapping,Pending
P418_BARNARD_YARDS_PROCEDURE_TRACE,P418_BARNARD_YARDS_PROCEDURE_TRACE_pt_BR,pt_BR,Automated Broadcast,[PT] Playback: Barnard Yards Procedure Trace. Proceed with caution. Lien deduction active.,4.5,High,Static crackle,Check wrapping,Pending
P418_BARNARD_YARDS_PROCEDURE_TRACE,P418_BARNARD_YARDS_PROCEDURE_TRACE_ru_RU,ru_RU,Automated Broadcast,Playback: Barnard Yards Procedure Trace. Proceed with caution. Lien deduction active.,4.5,High,Static crackle,Check wrapping,Pending
P418_BARNARD_YARDS_PROCEDURE_TRACE,P418_BARNARD_YARDS_PROCEDURE_TRACE_uk_UA,uk_UA,Automated Broadcast,[UK] Playback: Barnard Yards Procedure Trace. Proceed with caution. Lien deduction active.,4.5,High,Static crackle,Check wrapping,Pending
P418_BARNARD_YARDS_PROCEDURE_TRACE,P418_BARNARD_YARDS_PROCEDURE_TRACE_zh_CN,zh_CN,Automated Broadcast,[ZH] Playback: Barnard Yards Procedure Trace. Proceed with caution. Lien deduction active.,4.5,High,Static crackle,Check wrapping,Pending
P419_BLUE_DEBT_SAMPLE_BAG_WARNING,P419_BLUE_DEBT_SAMPLE_BAG_WARNING_en_US,en_US,Automated Broadcast,Playback: Blue Debt Sample Bag Warning. Proceed with caution. Lien deduction active.,4.5,High,Static crackle,Check wrapping,Pending
P419_BLUE_DEBT_SAMPLE_BAG_WARNING,P419_BLUE_DEBT_SAMPLE_BAG_WARNING_ar_SA,ar_SA,Automated Broadcast,[AR] Playback: Blue Debt Sample Bag Warning. Proceed with caution. Lien deduction active.,4.5,High,Static crackle,Check wrapping,Pending
P419_BLUE_DEBT_SAMPLE_BAG_WARNING,P419_BLUE_DEBT_SAMPLE_BAG_WARNING_de_DE,de_DE,Automated Broadcast,[DE] Playback: Blue Debt Sample Bag Warning. Proceed with caution. Lien deduction active.,4.5,High,Static crackle,Check wrapping,Pending
P419_BLUE_DEBT_SAMPLE_BAG_WARNING,P419_BLUE_DEBT_SAMPLE_BAG_WARNING_es_ES,es_ES,Automated Broadcast,[ES] Playback: Blue Debt Sample Bag Warning. Proceed with caution. Lien deduction active.,4.5,High,Static crackle,Check wrapping,Pending
P419_BLUE_DEBT_SAMPLE_BAG_WARNING,P419_BLUE_DEBT_SAMPLE_BAG_WARNING_fr_FR,fr_FR,Automated Broadcast,[FR] Playback: Blue Debt Sample Bag Warning. Proceed with caution. Lien deduction active.,4.5,High,Static crackle,Check wrapping,Pending
P419_BLUE_DEBT_SAMPLE_BAG_WARNING,P419_BLUE_DEBT_SAMPLE_BAG_WARNING_he_IL,he_IL,Automated Broadcast,[HE] Playback: Blue Debt Sample Bag Warning. Proceed with caution. Lien deduction active.,4.5,High,Static crackle,Check wrapping,Pending
P419_BLUE_DEBT_SAMPLE_BAG_WARNING,P419_BLUE_DEBT_SAMPLE_BAG_WARNING_id_ID,id_ID,Automated Broadcast,[ID] Playback: Blue Debt Sample Bag Warning. Proceed with caution. Lien deduction active.,4.5,High,Static crackle,Check wrapping,Pending
P419_BLUE_DEBT_SAMPLE_BAG_WARNING,P419_BLUE_DEBT_SAMPLE_BAG_WARNING_ja_JP,ja_JP,Automated Broadcast,[JA] Playback: Blue Debt Sample Bag Warning. Proceed with caution. Lien deduction active.,4.5,High,Static crackle,Check wrapping,Pending
P419_BLUE_DEBT_SAMPLE_BAG_WARNING,P419_BLUE_DEBT_SAMPLE_BAG_WARNING_ko_KR,ko_KR,Automated Broadcast,[KO] Playback: Blue Debt Sample Bag Warning. Proceed with caution. Lien deduction active.,4.5,High,Static crackle,Check wrapping,Pending
P419_BLUE_DEBT_SAMPLE_BAG_WARNING,P419_BLUE_DEBT_SAMPLE_BAG_WARNING_nl_NL,nl_NL,Automated Broadcast,[NL] Playback: Blue Debt Sample Bag Warning. Proceed with caution. Lien deduction active.,4.5,High,Static crackle,Check wrapping,Pending
P419_BLUE_DEBT_SAMPLE_BAG_WARNING,P419_BLUE_DEBT_SAMPLE_BAG_WARNING_pl_PL,pl_PL,Automated Broadcast,[PL] Playback: Blue Debt Sample Bag Warning. Proceed with caution. Lien deduction active.,4.5,High,Static crackle,Check wrapping,Pending
P419_BLUE_DEBT_SAMPLE_BAG_WARNING,P419_BLUE_DEBT_SAMPLE_BAG_WARNING_pt_BR,pt_BR,Automated Broadcast,[PT] Playback: Blue Debt Sample Bag Warning. Proceed with caution. Lien deduction active.,4.5,High,Static crackle,Check wrapping,Pending
P419_BLUE_DEBT_SAMPLE_BAG_WARNING,P419_BLUE_DEBT_SAMPLE_BAG_WARNING_ru_RU,ru_RU,Automated Broadcast,Playback: Blue Debt Sample Bag Warning. Proceed with caution. Lien deduction active.,4.5,High,Static crackle,Check wrapping,Pending
P419_BLUE_DEBT_SAMPLE_BAG_WARNING,P419_BLUE_DEBT_SAMPLE_BAG_WARNING_uk_UA,uk_UA,Automated Broadcast,[UK] Playback: Blue Debt Sample Bag Warning. Proceed with caution. Lien deduction active.,4.5,High,Static crackle,Check wrapping,Pending
P419_BLUE_DEBT_SAMPLE_BAG_WARNING,P419_BLUE_DEBT_SAMPLE_BAG_WARNING_zh_CN,zh_CN,Automated Broadcast,[ZH] Playback: Blue Debt Sample Bag Warning. Proceed with caution. Lien deduction active.,4.5,High,Static crackle,Check wrapping,Pending
P420_SERVICE_CANYON_CUT_PANEL,P420_SERVICE_CANYON_CUT_PANEL_en_US,en_US,Automated Broadcast,Playback: Service Canyon Cut Panel. Proceed with caution. Lien deduction active.,4.5,High,Static crackle,Check wrapping,Pending
P420_SERVICE_CANYON_CUT_PANEL,P420_SERVICE_CANYON_CUT_PANEL_ar_SA,ar_SA,Automated Broadcast,[AR] Playback: Service Canyon Cut Panel. Proceed with caution. Lien deduction active.,4.5,High,Static crackle,Check wrapping,Pending
P420_SERVICE_CANYON_CUT_PANEL,P420_SERVICE_CANYON_CUT_PANEL_de_DE,de_DE,Automated Broadcast,[DE] Playback: Service Canyon Cut Panel. Proceed with caution. Lien deduction active.,4.5,High,Static crackle,Check wrapping,Pending
P420_SERVICE_CANYON_CUT_PANEL,P420_SERVICE_CANYON_CUT_PANEL_es_ES,es_ES,Automated Broadcast,[ES] Playback: Service Canyon Cut Panel. Proceed with caution. Lien deduction active.,4.5,High,Static crackle,Check wrapping,Pending
P420_SERVICE_CANYON_CUT_PANEL,P420_SERVICE_CANYON_CUT_PANEL_fr_FR,fr_FR,Automated Broadcast,[FR] Playback: Service Canyon Cut Panel. Proceed with caution. Lien deduction active.,4.5,High,Static crackle,Check wrapping,Pending
P420_SERVICE_CANYON_CUT_PANEL,P420_SERVICE_CANYON_CUT_PANEL_he_IL,he_IL,Automated Broadcast,[HE] Playback: Service Canyon Cut Panel. Proceed with caution. Lien deduction active.,4.5,High,Static crackle,Check wrapping,Pending
P420_SERVICE_CANYON_CUT_PANEL,P420_SERVICE_CANYON_CUT_PANEL_id_ID,id_ID,Automated Broadcast,[ID] Playback: Service Canyon Cut Panel. Proceed with caution. Lien deduction active.,4.5,High,Static crackle,Check wrapping,Pending
P420_SERVICE_CANYON_CUT_PANEL,P420_SERVICE_CANYON_CUT_PANEL_ja_JP,ja_JP,Automated Broadcast,[JA] Playback: Service Canyon Cut Panel. Proceed with caution. Lien deduction active.,4.5,High,Static crackle,Check wrapping,Pending
P420_SERVICE_CANYON_CUT_PANEL,P420_SERVICE_CANYON_CUT_PANEL_ko_KR,ko_KR,Automated Broadcast,[KO] Playback: Service Canyon Cut Panel. Proceed with caution. Lien deduction active.,4.5,High,Static crackle,Check wrapping,Pending
P420_SERVICE_CANYON_CUT_PANEL,P420_SERVICE_CANYON_CUT_PANEL_nl_NL,nl_NL,Automated Broadcast,[NL] Playback: Service Canyon Cut Panel. Proceed with caution. Lien deduction active.,4.5,High,Static crackle,Check wrapping,Pending
P420_SERVICE_CANYON_CUT_PANEL,P420_SERVICE_CANYON_CUT_PANEL_pl_PL,pl_PL,Automated Broadcast,[PL] Playback: Service Canyon Cut Panel. Proceed with caution. Lien deduction active.,4.5,High,Static crackle,Check wrapping,Pending
P420_SERVICE_CANYON_CUT_PANEL,P420_SERVICE_CANYON_CUT_PANEL_pt_BR,pt_BR,Automated Broadcast,[PT] Playback: Service Canyon Cut Panel. Proceed with caution. Lien deduction active.,4.5,High,Static crackle,Check wrapping,Pending
P420_SERVICE_CANYON_CUT_PANEL,P420_SERVICE_CANYON_CUT_PANEL_ru_RU,ru_RU,Automated Broadcast,Playback: Service Canyon Cut Panel. Proceed with caution. Lien deduction active.,4.5,High,Static crackle,Check wrapping,Pending
P420_SERVICE_CANYON_CUT_PANEL,P420_SERVICE_CANYON_CUT_PANEL_uk_UA,uk_UA,Automated Broadcast,[UK] Playback: Service Canyon Cut Panel. Proceed with caution. Lien deduction active.,4.5,High,Static crackle,Check wrapping,Pending
P420_SERVICE_CANYON_CUT_PANEL,P420_SERVICE_CANYON_CUT_PANEL_zh_CN,zh_CN,Automated Broadcast,[ZH] Playback: Service Canyon Cut Panel. Proceed with caution. Lien deduction active.,4.5,High,Static crackle,Check wrapping,Pending
P421_BRINE_CANYON_DENSITY_LADDER,P421_BRINE_CANYON_DENSITY_LADDER_en_US,en_US,Automated Broadcast,Playback: Brine Canyon Density Ladder. Proceed with caution. Lien deduction active.,4.5,High,Static crackle,Check wrapping,Pending
P421_BRINE_CANYON_DENSITY_LADDER,P421_BRINE_CANYON_DENSITY_LADDER_ar_SA,ar_SA,Automated Broadcast,[AR] Playback: Brine Canyon Density Ladder. Proceed with caution. Lien deduction active.,4.5,High,Static crackle,Check wrapping,Pending
P421_BRINE_CANYON_DENSITY_LADDER,P421_BRINE_CANYON_DENSITY_LADDER_de_DE,de_DE,Automated Broadcast,[DE] Playback: Brine Canyon Density Ladder. Proceed with caution. Lien deduction active.,4.5,High,Static crackle,Check wrapping,Pending
P421_BRINE_CANYON_DENSITY_LADDER,P421_BRINE_CANYON_DENSITY_LADDER_es_ES,es_ES,Automated Broadcast,[ES] Playback: Brine Canyon Density Ladder. Proceed with caution. Lien deduction active.,4.5,High,Static crackle,Check wrapping,Pending
P421_BRINE_CANYON_DENSITY_LADDER,P421_BRINE_CANYON_DENSITY_LADDER_fr_FR,fr_FR,Automated Broadcast,[FR] Playback: Brine Canyon Density Ladder. Proceed with caution. Lien deduction active.,4.5,High,Static crackle,Check wrapping,Pending
P421_BRINE_CANYON_DENSITY_LADDER,P421_BRINE_CANYON_DENSITY_LADDER_he_IL,he_IL,Automated Broadcast,[HE] Playback: Brine Canyon Density Ladder. Proceed with caution. Lien deduction active.,4.5,High,Static crackle,Check wrapping,Pending
P421_BRINE_CANYON_DENSITY_LADDER,P421_BRINE_CANYON_DENSITY_LADDER_id_ID,id_ID,Automated Broadcast,[ID] Playback: Brine Canyon Density Ladder. Proceed with caution. Lien deduction active.,4.5,High,Static crackle,Check wrapping,Pending
P421_BRINE_CANYON_DENSITY_LADDER,P421_BRINE_CANYON_DENSITY_LADDER_ja_JP,ja_JP,Automated Broadcast,[JA] Playback: Brine Canyon Density Ladder. Proceed with caution. Lien deduction active.,4.5,High,Static crackle,Check wrapping,Pending
P421_BRINE_CANYON_DENSITY_LADDER,P421_BRINE_CANYON_DENSITY_LADDER_ko_KR,ko_KR,Automated Broadcast,[KO] Playback: Brine Canyon Density Ladder. Proceed with caution. Lien deduction active.,4.5,High,Static crackle,Check wrapping,Pending
P421_BRINE_CANYON_DENSITY_LADDER,P421_BRINE_CANYON_DENSITY_LADDER_nl_NL,nl_NL,Automated Broadcast,[NL] Playback: Brine Canyon Density Ladder. Proceed with caution. Lien deduction active.,4.5,High,Static crackle,Check wrapping,Pending
P421_BRINE_CANYON_DENSITY_LADDER,P421_BRINE_CANYON_DENSITY_LADDER_pl_PL,pl_PL,Automated Broadcast,[PL] Playback: Brine Canyon Density Ladder. Proceed with caution. Lien deduction active.,4.5,High,Static crackle,Check wrapping,Pending
P421_BRINE_CANYON_DENSITY_LADDER,P421_BRINE_CANYON_DENSITY_LADDER_pt_BR,pt_BR,Automated Broadcast,[PT] Playback: Brine Canyon Density Ladder. Proceed with caution. Lien deduction active.,4.5,High,Static crackle,Check wrapping,Pending
P421_BRINE_CANYON_DENSITY_LADDER,P421_BRINE_CANYON_DENSITY_LADDER_ru_RU,ru_RU,Automated Broadcast,Playback: Brine Canyon Density Ladder. Proceed with caution. Lien deduction active.,4.5,High,Static crackle,Check wrapping,Pending
P421_BRINE_CANYON_DENSITY_LADDER,P421_BRINE_CANYON_DENSITY_LADDER_uk_UA,uk_UA,Automated Broadcast,[UK] Playback: Brine Canyon Density Ladder. Proceed with caution. Lien deduction active.,4.5,High,Static crackle,Check wrapping,Pending
P421_BRINE_CANYON_DENSITY_LADDER,P421_BRINE_CANYON_DENSITY_LADDER_zh_CN,zh_CN,Automated Broadcast,[ZH] Playback: Brine Canyon Density Ladder. Proceed with caution. Lien deduction active.,4.5,High,Static crackle,Check wrapping,Pending
P422_VENT_FORGE_THERMAL_LEDGER,P422_VENT_FORGE_THERMAL_LEDGER_en_US,en_US,Automated Broadcast,Playback: Vent Forge Thermal Ledger. Proceed with caution. Lien deduction active.,4.5,High,Static crackle,Check wrapping,Pending
P422_VENT_FORGE_THERMAL_LEDGER,P422_VENT_FORGE_THERMAL_LEDGER_ar_SA,ar_SA,Automated Broadcast,[AR] Playback: Vent Forge Thermal Ledger. Proceed with caution. Lien deduction active.,4.5,High,Static crackle,Check wrapping,Pending
P422_VENT_FORGE_THERMAL_LEDGER,P422_VENT_FORGE_THERMAL_LEDGER_de_DE,de_DE,Automated Broadcast,[DE] Playback: Vent Forge Thermal Ledger. Proceed with caution. Lien deduction active.,4.5,High,Static crackle,Check wrapping,Pending
P422_VENT_FORGE_THERMAL_LEDGER,P422_VENT_FORGE_THERMAL_LEDGER_es_ES,es_ES,Automated Broadcast,[ES] Playback: Vent Forge Thermal Ledger. Proceed with caution. Lien deduction active.,4.5,High,Static crackle,Check wrapping,Pending
P422_VENT_FORGE_THERMAL_LEDGER,P422_VENT_FORGE_THERMAL_LEDGER_fr_FR,fr_FR,Automated Broadcast,[FR] Playback: Vent Forge Thermal Ledger. Proceed with caution. Lien deduction active.,4.5,High,Static crackle,Check wrapping,Pending
P422_VENT_FORGE_THERMAL_LEDGER,P422_VENT_FORGE_THERMAL_LEDGER_he_IL,he_IL,Automated Broadcast,[HE] Playback: Vent Forge Thermal Ledger. Proceed with caution. Lien deduction active.,4.5,High,Static crackle,Check wrapping,Pending
P422_VENT_FORGE_THERMAL_LEDGER,P422_VENT_FORGE_THERMAL_LEDGER_id_ID,id_ID,Automated Broadcast,[ID] Playback: Vent Forge Thermal Ledger. Proceed with caution. Lien deduction active.,4.5,High,Static crackle,Check wrapping,Pending
P422_VENT_FORGE_THERMAL_LEDGER,P422_VENT_FORGE_THERMAL_LEDGER_ja_JP,ja_JP,Automated Broadcast,[JA] Playback: Vent Forge Thermal Ledger. Proceed with caution. Lien deduction active.,4.5,High,Static crackle,Check wrapping,Pending
P422_VENT_FORGE_THERMAL_LEDGER,P422_VENT_FORGE_THERMAL_LEDGER_ko_KR,ko_KR,Automated Broadcast,[KO] Playback: Vent Forge Thermal Ledger. Proceed with caution. Lien deduction active.,4.5,High,Static crackle,Check wrapping,Pending
P422_VENT_FORGE_THERMAL_LEDGER,P422_VENT_FORGE_THERMAL_LEDGER_nl_NL,nl_NL,Automated Broadcast,[NL] Playback: Vent Forge Thermal Ledger. Proceed with caution. Lien deduction active.,4.5,High,Static crackle,Check wrapping,Pending
P422_VENT_FORGE_THERMAL_LEDGER,P422_VENT_FORGE_THERMAL_LEDGER_pl_PL,pl_PL,Automated Broadcast,[PL] Playback: Vent Forge Thermal Ledger. Proceed with caution. Lien deduction active.,4.5,High,Static crackle,Check wrapping,Pending
P422_VENT_FORGE_THERMAL_LEDGER,P422_VENT_FORGE_THERMAL_LEDGER_pt_BR,pt_BR,Automated Broadcast,[PT] Playback: Vent Forge Thermal Ledger. Proceed with caution. Lien deduction active.,4.5,High,Static crackle,Check wrapping,Pending
P422_VENT_FORGE_THERMAL_LEDGER,P422_VENT_FORGE_THERMAL_LEDGER_ru_RU,ru_RU,Automated Broadcast,Playback: Vent Forge Thermal Ledger. Proceed with caution. Lien deduction active.,4.5,High,Static crackle,Check wrapping,Pending
P422_VENT_FORGE_THERMAL_LEDGER,P422_VENT_FORGE_THERMAL_LEDGER_uk_UA,uk_UA,Automated Broadcast,[UK] Playback: Vent Forge Thermal Ledger. Proceed with caution. Lien deduction active.,4.5,High,Static crackle,Check wrapping,Pending
P422_VENT_FORGE_THERMAL_LEDGER,P422_VENT_FORGE_THERMAL_LEDGER_zh_CN,zh_CN,Automated Broadcast,[ZH] Playback: Vent Forge Thermal Ledger. Proceed with caution. Lien deduction active.,4.5,High,Static crackle,Check wrapping,Pending
P423_RELAY_SPINE_ACOUSTIC_DRIFT,P423_RELAY_SPINE_ACOUSTIC_DRIFT_en_US,en_US,Automated Broadcast,Playback: Relay Spine Acoustic Drift. Proceed with caution. Lien deduction active.,4.5,High,Static crackle,Check wrapping,Pending
P423_RELAY_SPINE_ACOUSTIC_DRIFT,P423_RELAY_SPINE_ACOUSTIC_DRIFT_ar_SA,ar_SA,Automated Broadcast,[AR] Playback: Relay Spine Acoustic Drift. Proceed with caution. Lien deduction active.,4.5,High,Static crackle,Check wrapping,Pending
P423_RELAY_SPINE_ACOUSTIC_DRIFT,P423_RELAY_SPINE_ACOUSTIC_DRIFT_de_DE,de_DE,Automated Broadcast,[DE] Playback: Relay Spine Acoustic Drift. Proceed with caution. Lien deduction active.,4.5,High,Static crackle,Check wrapping,Pending
P423_RELAY_SPINE_ACOUSTIC_DRIFT,P423_RELAY_SPINE_ACOUSTIC_DRIFT_es_ES,es_ES,Automated Broadcast,[ES] Playback: Relay Spine Acoustic Drift. Proceed with caution. Lien deduction active.,4.5,High,Static crackle,Check wrapping,Pending
P423_RELAY_SPINE_ACOUSTIC_DRIFT,P423_RELAY_SPINE_ACOUSTIC_DRIFT_fr_FR,fr_FR,Automated Broadcast,[FR] Playback: Relay Spine Acoustic Drift. Proceed with caution. Lien deduction active.,4.5,High,Static crackle,Check wrapping,Pending
P423_RELAY_SPINE_ACOUSTIC_DRIFT,P423_RELAY_SPINE_ACOUSTIC_DRIFT_he_IL,he_IL,Automated Broadcast,[HE] Playback: Relay Spine Acoustic Drift. Proceed with caution. Lien deduction active.,4.5,High,Static crackle,Check wrapping,Pending
P423_RELAY_SPINE_ACOUSTIC_DRIFT,P423_RELAY_SPINE_ACOUSTIC_DRIFT_id_ID,id_ID,Automated Broadcast,[ID] Playback: Relay Spine Acoustic Drift. Proceed with caution. Lien deduction active.,4.5,High,Static crackle,Check wrapping,Pending
P423_RELAY_SPINE_ACOUSTIC_DRIFT,P423_RELAY_SPINE_ACOUSTIC_DRIFT_ja_JP,ja_JP,Automated Broadcast,[JA] Playback: Relay Spine Acoustic Drift. Proceed with caution. Lien deduction active.,4.5,High,Static crackle,Check wrapping,Pending
P423_RELAY_SPINE_ACOUSTIC_DRIFT,P423_RELAY_SPINE_ACOUSTIC_DRIFT_ko_KR,ko_KR,Automated Broadcast,[KO] Playback: Relay Spine Acoustic Drift. Proceed with caution. Lien deduction active.,4.5,High,Static crackle,Check wrapping,Pending
P423_RELAY_SPINE_ACOUSTIC_DRIFT,P423_RELAY_SPINE_ACOUSTIC_DRIFT_nl_NL,nl_NL,Automated Broadcast,[NL] Playback: Relay Spine Acoustic Drift. Proceed with caution. Lien deduction active.,4.5,High,Static crackle,Check wrapping,Pending
P423_RELAY_SPINE_ACOUSTIC_DRIFT,P423_RELAY_SPINE_ACOUSTIC_DRIFT_pl_PL,pl_PL,Automated Broadcast,[PL] Playback: Relay Spine Acoustic Drift. Proceed with caution. Lien deduction active.,4.5,High,Static crackle,Check wrapping,Pending
P423_RELAY_SPINE_ACOUSTIC_DRIFT,P423_RELAY_SPINE_ACOUSTIC_DRIFT_pt_BR,pt_BR,Automated Broadcast,[PT] Playback: Relay Spine Acoustic Drift. Proceed with caution. Lien deduction active.,4.5,High,Static crackle,Check wrapping,Pending
P423_RELAY_SPINE_ACOUSTIC_DRIFT,P423_RELAY_SPINE_ACOUSTIC_DRIFT_ru_RU,ru_RU,Automated Broadcast,Playback: Relay Spine Acoustic Drift. Proceed with caution. Lien deduction active.,4.5,High,Static crackle,Check wrapping,Pending
P423_RELAY_SPINE_ACOUSTIC_DRIFT,P423_RELAY_SPINE_ACOUSTIC_DRIFT_uk_UA,uk_UA,Automated Broadcast,[UK] Playback: Relay Spine Acoustic Drift. Proceed with caution. Lien deduction active.,4.5,High,Static crackle,Check wrapping,Pending
P423_RELAY_SPINE_ACOUSTIC_DRIFT,P423_RELAY_SPINE_ACOUSTIC_DRIFT_zh_CN,zh_CN,Automated Broadcast,[ZH] Playback: Relay Spine Acoustic Drift. Proceed with caution. Lien deduction active.,4.5,High,Static crackle,Check wrapping,Pending
P424_DEEP_REACH_LIABILITY_HOLD,P424_DEEP_REACH_LIABILITY_HOLD_en_US,en_US,Automated Broadcast,Playback: Deep Reach Liability Hold. Proceed with caution. Lien deduction active.,4.5,High,Static crackle,Check wrapping,Pending
P424_DEEP_REACH_LIABILITY_HOLD,P424_DEEP_REACH_LIABILITY_HOLD_ar_SA,ar_SA,Automated Broadcast,[AR] Playback: Deep Reach Liability Hold. Proceed with caution. Lien deduction active.,4.5,High,Static crackle,Check wrapping,Pending
P424_DEEP_REACH_LIABILITY_HOLD,P424_DEEP_REACH_LIABILITY_HOLD_de_DE,de_DE,Automated Broadcast,[DE] Playback: Deep Reach Liability Hold. Proceed with caution. Lien deduction active.,4.5,High,Static crackle,Check wrapping,Pending
P424_DEEP_REACH_LIABILITY_HOLD,P424_DEEP_REACH_LIABILITY_HOLD_es_ES,es_ES,Automated Broadcast,[ES] Playback: Deep Reach Liability Hold. Proceed with caution. Lien deduction active.,4.5,High,Static crackle,Check wrapping,Pending
P424_DEEP_REACH_LIABILITY_HOLD,P424_DEEP_REACH_LIABILITY_HOLD_fr_FR,fr_FR,Automated Broadcast,[FR] Playback: Deep Reach Liability Hold. Proceed with caution. Lien deduction active.,4.5,High,Static crackle,Check wrapping,Pending
P424_DEEP_REACH_LIABILITY_HOLD,P424_DEEP_REACH_LIABILITY_HOLD_he_IL,he_IL,Automated Broadcast,[HE] Playback: Deep Reach Liability Hold. Proceed with caution. Lien deduction active.,4.5,High,Static crackle,Check wrapping,Pending
P424_DEEP_REACH_LIABILITY_HOLD,P424_DEEP_REACH_LIABILITY_HOLD_id_ID,id_ID,Automated Broadcast,[ID] Playback: Deep Reach Liability Hold. Proceed with caution. Lien deduction active.,4.5,High,Static crackle,Check wrapping,Pending
P424_DEEP_REACH_LIABILITY_HOLD,P424_DEEP_REACH_LIABILITY_HOLD_ja_JP,ja_JP,Automated Broadcast,[JA] Playback: Deep Reach Liability Hold. Proceed with caution. Lien deduction active.,4.5,High,Static crackle,Check wrapping,Pending
P424_DEEP_REACH_LIABILITY_HOLD,P424_DEEP_REACH_LIABILITY_HOLD_ko_KR,ko_KR,Automated Broadcast,[KO] Playback: Deep Reach Liability Hold. Proceed with caution. Lien deduction active.,4.5,High,Static crackle,Check wrapping,Pending
P424_DEEP_REACH_LIABILITY_HOLD,P424_DEEP_REACH_LIABILITY_HOLD_nl_NL,nl_NL,Automated Broadcast,[NL] Playback: Deep Reach Liability Hold. Proceed with caution. Lien deduction active.,4.5,High,Static crackle,Check wrapping,Pending
P424_DEEP_REACH_LIABILITY_HOLD,P424_DEEP_REACH_LIABILITY_HOLD_pl_PL,pl_PL,Automated Broadcast,[PL] Playback: Deep Reach Liability Hold. Proceed with caution. Lien deduction active.,4.5,High,Static crackle,Check wrapping,Pending
P424_DEEP_REACH_LIABILITY_HOLD,P424_DEEP_REACH_LIABILITY_HOLD_pt_BR,pt_BR,Automated Broadcast,[PT] Playback: Deep Reach Liability Hold. Proceed with caution. Lien deduction active.,4.5,High,Static crackle,Check wrapping,Pending
P424_DEEP_REACH_LIABILITY_HOLD,P424_DEEP_REACH_LIABILITY_HOLD_ru_RU,ru_RU,Automated Broadcast,Playback: Дип Рич Liability Hold. Proceed with caution. Lien deduction active.,4.5,High,Static crackle,Check wrapping,Pending
P424_DEEP_REACH_LIABILITY_HOLD,P424_DEEP_REACH_LIABILITY_HOLD_uk_UA,uk_UA,Automated Broadcast,[UK] Playback: Deep Reach Liability Hold. Proceed with caution. Lien deduction active.,4.5,High,Static crackle,Check wrapping,Pending
P424_DEEP_REACH_LIABILITY_HOLD,P424_DEEP_REACH_LIABILITY_HOLD_zh_CN,zh_CN,Automated Broadcast,[ZH] Playback: Deep Reach Liability Hold. Proceed with caution. Lien deduction active.,4.5,High,Static crackle,Check wrapping,Pending
P425_ATLAS_WEIGHTING_AUDIT,P425_ATLAS_WEIGHTING_AUDIT_en_US,en_US,Automated Broadcast,Playback: Atlas Weighting Audit. Proceed with caution. Lien deduction active.,4.5,High,Static crackle,Check wrapping,Pending
P425_ATLAS_WEIGHTING_AUDIT,P425_ATLAS_WEIGHTING_AUDIT_ar_SA,ar_SA,Automated Broadcast,[AR] Playback: Atlas Weighting Audit. Proceed with caution. Lien deduction active.,4.5,High,Static crackle,Check wrapping,Pending
P425_ATLAS_WEIGHTING_AUDIT,P425_ATLAS_WEIGHTING_AUDIT_de_DE,de_DE,Automated Broadcast,[DE] Playback: Atlas Weighting Audit. Proceed with caution. Lien deduction active.,4.5,High,Static crackle,Check wrapping,Pending
P425_ATLAS_WEIGHTING_AUDIT,P425_ATLAS_WEIGHTING_AUDIT_es_ES,es_ES,Automated Broadcast,[ES] Playback: Atlas Weighting Audit. Proceed with caution. Lien deduction active.,4.5,High,Static crackle,Check wrapping,Pending
P425_ATLAS_WEIGHTING_AUDIT,P425_ATLAS_WEIGHTING_AUDIT_fr_FR,fr_FR,Automated Broadcast,[FR] Playback: Atlas Weighting Audit. Proceed with caution. Lien deduction active.,4.5,High,Static crackle,Check wrapping,Pending
P425_ATLAS_WEIGHTING_AUDIT,P425_ATLAS_WEIGHTING_AUDIT_he_IL,he_IL,Automated Broadcast,[HE] Playback: Atlas Weighting Audit. Proceed with caution. Lien deduction active.,4.5,High,Static crackle,Check wrapping,Pending
P425_ATLAS_WEIGHTING_AUDIT,P425_ATLAS_WEIGHTING_AUDIT_id_ID,id_ID,Automated Broadcast,[ID] Playback: Atlas Weighting Audit. Proceed with caution. Lien deduction active.,4.5,High,Static crackle,Check wrapping,Pending
P425_ATLAS_WEIGHTING_AUDIT,P425_ATLAS_WEIGHTING_AUDIT_ja_JP,ja_JP,Automated Broadcast,[JA] Playback: Atlas Weighting Audit. Proceed with caution. Lien deduction active.,4.5,High,Static crackle,Check wrapping,Pending
P425_ATLAS_WEIGHTING_AUDIT,P425_ATLAS_WEIGHTING_AUDIT_ko_KR,ko_KR,Automated Broadcast,[KO] Playback: Atlas Weighting Audit. Proceed with caution. Lien deduction active.,4.5,High,Static crackle,Check wrapping,Pending
P425_ATLAS_WEIGHTING_AUDIT,P425_ATLAS_WEIGHTING_AUDIT_nl_NL,nl_NL,Automated Broadcast,[NL] Playback: Atlas Weighting Audit. Proceed with caution. Lien deduction active.,4.5,High,Static crackle,Check wrapping,Pending
P425_ATLAS_WEIGHTING_AUDIT,P425_ATLAS_WEIGHTING_AUDIT_pl_PL,pl_PL,Automated Broadcast,[PL] Playback: Atlas Weighting Audit. Proceed with caution. Lien deduction active.,4.5,High,Static crackle,Check wrapping,Pending
P425_ATLAS_WEIGHTING_AUDIT,P425_ATLAS_WEIGHTING_AUDIT_pt_BR,pt_BR,Automated Broadcast,[PT] Playback: Atlas Weighting Audit. Proceed with caution. Lien deduction active.,4.5,High,Static crackle,Check wrapping,Pending
P425_ATLAS_WEIGHTING_AUDIT,P425_ATLAS_WEIGHTING_AUDIT_ru_RU,ru_RU,Automated Broadcast,Playback: Atlas Weighting Audit. Proceed with caution. Lien deduction active.,4.5,High,Static crackle,Check wrapping,Pending
P425_ATLAS_WEIGHTING_AUDIT,P425_ATLAS_WEIGHTING_AUDIT_uk_UA,uk_UA,Automated Broadcast,[UK] Playback: Atlas Weighting Audit. Proceed with caution. Lien deduction active.,4.5,High,Static crackle,Check wrapping,Pending
P425_ATLAS_WEIGHTING_AUDIT,P425_ATLAS_WEIGHTING_AUDIT_zh_CN,zh_CN,Automated Broadcast,[ZH] Playback: Atlas Weighting Audit. Proceed with caution. Lien deduction active.,4.5,High,Static crackle,Check wrapping,Pending
P426_WORKER_QUEUE_DELAY_BODYLESS,P426_WORKER_QUEUE_DELAY_BODYLESS_en_US,en_US,Automated Broadcast,Playback: Worker Queue Delay (Bodyless). Proceed with caution. Lien deduction active.,4.5,High,Static crackle,Check wrapping,Pending
P426_WORKER_QUEUE_DELAY_BODYLESS,P426_WORKER_QUEUE_DELAY_BODYLESS_ar_SA,ar_SA,Automated Broadcast,[AR] Playback: Worker Queue Delay (Bodyless). Proceed with caution. Lien deduction active.,4.5,High,Static crackle,Check wrapping,Pending
P426_WORKER_QUEUE_DELAY_BODYLESS,P426_WORKER_QUEUE_DELAY_BODYLESS_de_DE,de_DE,Automated Broadcast,[DE] Playback: Worker Queue Delay (Bodyless). Proceed with caution. Lien deduction active.,4.5,High,Static crackle,Check wrapping,Pending
P426_WORKER_QUEUE_DELAY_BODYLESS,P426_WORKER_QUEUE_DELAY_BODYLESS_es_ES,es_ES,Automated Broadcast,[ES] Playback: Worker Queue Delay (Bodyless). Proceed with caution. Lien deduction active.,4.5,High,Static crackle,Check wrapping,Pending
P426_WORKER_QUEUE_DELAY_BODYLESS,P426_WORKER_QUEUE_DELAY_BODYLESS_fr_FR,fr_FR,Automated Broadcast,[FR] Playback: Worker Queue Delay (Bodyless). Proceed with caution. Lien deduction active.,4.5,High,Static crackle,Check wrapping,Pending
P426_WORKER_QUEUE_DELAY_BODYLESS,P426_WORKER_QUEUE_DELAY_BODYLESS_he_IL,he_IL,Automated Broadcast,[HE] Playback: Worker Queue Delay (Bodyless). Proceed with caution. Lien deduction active.,4.5,High,Static crackle,Check wrapping,Pending
P426_WORKER_QUEUE_DELAY_BODYLESS,P426_WORKER_QUEUE_DELAY_BODYLESS_id_ID,id_ID,Automated Broadcast,[ID] Playback: Worker Queue Delay (Bodyless). Proceed with caution. Lien deduction active.,4.5,High,Static crackle,Check wrapping,Pending
P426_WORKER_QUEUE_DELAY_BODYLESS,P426_WORKER_QUEUE_DELAY_BODYLESS_ja_JP,ja_JP,Automated Broadcast,[JA] Playback: Worker Queue Delay (Bodyless). Proceed with caution. Lien deduction active.,4.5,High,Static crackle,Check wrapping,Pending
P426_WORKER_QUEUE_DELAY_BODYLESS,P426_WORKER_QUEUE_DELAY_BODYLESS_ko_KR,ko_KR,Automated Broadcast,[KO] Playback: Worker Queue Delay (Bodyless). Proceed with caution. Lien deduction active.,4.5,High,Static crackle,Check wrapping,Pending
P426_WORKER_QUEUE_DELAY_BODYLESS,P426_WORKER_QUEUE_DELAY_BODYLESS_nl_NL,nl_NL,Automated Broadcast,[NL] Playback: Worker Queue Delay (Bodyless). Proceed with caution. Lien deduction active.,4.5,High,Static crackle,Check wrapping,Pending
P426_WORKER_QUEUE_DELAY_BODYLESS,P426_WORKER_QUEUE_DELAY_BODYLESS_pl_PL,pl_PL,Automated Broadcast,[PL] Playback: Worker Queue Delay (Bodyless). Proceed with caution. Lien deduction active.,4.5,High,Static crackle,Check wrapping,Pending
P426_WORKER_QUEUE_DELAY_BODYLESS,P426_WORKER_QUEUE_DELAY_BODYLESS_pt_BR,pt_BR,Automated Broadcast,[PT] Playback: Worker Queue Delay (Bodyless). Proceed with caution. Lien deduction active.,4.5,High,Static crackle,Check wrapping,Pending
P426_WORKER_QUEUE_DELAY_BODYLESS,P426_WORKER_QUEUE_DELAY_BODYLESS_ru_RU,ru_RU,Automated Broadcast,Playback: Worker Queue Delay (Bodyless). Proceed with caution. Lien deduction active.,4.5,High,Static crackle,Check wrapping,Pending
P426_WORKER_QUEUE_DELAY_BODYLESS,P426_WORKER_QUEUE_DELAY_BODYLESS_uk_UA,uk_UA,Automated Broadcast,[UK] Playback: Worker Queue Delay (Bodyless). Proceed with caution. Lien deduction active.,4.5,High,Static crackle,Check wrapping,Pending
P426_WORKER_QUEUE_DELAY_BODYLESS,P426_WORKER_QUEUE_DELAY_BODYLESS_zh_CN,zh_CN,Automated Broadcast,[ZH] Playback: Worker Queue Delay (Bodyless). Proceed with caution. Lien deduction active.,4.5,High,Static crackle,Check wrapping,Pending
P427_BLACKOUT_WINDOW_SIGNAL_DECAY,P427_BLACKOUT_WINDOW_SIGNAL_DECAY_en_US,en_US,Automated Broadcast,Playback: Blackout Window Signal Decay. Proceed with caution. Lien deduction active.,4.5,High,Static crackle,Check wrapping,Pending
P427_BLACKOUT_WINDOW_SIGNAL_DECAY,P427_BLACKOUT_WINDOW_SIGNAL_DECAY_ar_SA,ar_SA,Automated Broadcast,[AR] Playback: Blackout Window Signal Decay. Proceed with caution. Lien deduction active.,4.5,High,Static crackle,Check wrapping,Pending
P427_BLACKOUT_WINDOW_SIGNAL_DECAY,P427_BLACKOUT_WINDOW_SIGNAL_DECAY_de_DE,de_DE,Automated Broadcast,[DE] Playback: Blackout Window Signal Decay. Proceed with caution. Lien deduction active.,4.5,High,Static crackle,Check wrapping,Pending
P427_BLACKOUT_WINDOW_SIGNAL_DECAY,P427_BLACKOUT_WINDOW_SIGNAL_DECAY_es_ES,es_ES,Automated Broadcast,[ES] Playback: Blackout Window Signal Decay. Proceed with caution. Lien deduction active.,4.5,High,Static crackle,Check wrapping,Pending
P427_BLACKOUT_WINDOW_SIGNAL_DECAY,P427_BLACKOUT_WINDOW_SIGNAL_DECAY_fr_FR,fr_FR,Automated Broadcast,[FR] Playback: Blackout Window Signal Decay. Proceed with caution. Lien deduction active.,4.5,High,Static crackle,Check wrapping,Pending
P427_BLACKOUT_WINDOW_SIGNAL_DECAY,P427_BLACKOUT_WINDOW_SIGNAL_DECAY_he_IL,he_IL,Automated Broadcast,[HE] Playback: Blackout Window Signal Decay. Proceed with caution. Lien deduction active.,4.5,High,Static crackle,Check wrapping,Pending
P427_BLACKOUT_WINDOW_SIGNAL_DECAY,P427_BLACKOUT_WINDOW_SIGNAL_DECAY_id_ID,id_ID,Automated Broadcast,[ID] Playback: Blackout Window Signal Decay. Proceed with caution. Lien deduction active.,4.5,High,Static crackle,Check wrapping,Pending
P427_BLACKOUT_WINDOW_SIGNAL_DECAY,P427_BLACKOUT_WINDOW_SIGNAL_DECAY_ja_JP,ja_JP,Automated Broadcast,[JA] Playback: Blackout Window Signal Decay. Proceed with caution. Lien deduction active.,4.5,High,Static crackle,Check wrapping,Pending
P427_BLACKOUT_WINDOW_SIGNAL_DECAY,P427_BLACKOUT_WINDOW_SIGNAL_DECAY_ko_KR,ko_KR,Automated Broadcast,[KO] Playback: Blackout Window Signal Decay. Proceed with caution. Lien deduction active.,4.5,High,Static crackle,Check wrapping,Pending
P427_BLACKOUT_WINDOW_SIGNAL_DECAY,P427_BLACKOUT_WINDOW_SIGNAL_DECAY_nl_NL,nl_NL,Automated Broadcast,[NL] Playback: Blackout Window Signal Decay. Proceed with caution. Lien deduction active.,4.5,High,Static crackle,Check wrapping,Pending
P427_BLACKOUT_WINDOW_SIGNAL_DECAY,P427_BLACKOUT_WINDOW_SIGNAL_DECAY_pl_PL,pl_PL,Automated Broadcast,[PL] Playback: Blackout Window Signal Decay. Proceed with caution. Lien deduction active.,4.5,High,Static crackle,Check wrapping,Pending
P427_BLACKOUT_WINDOW_SIGNAL_DECAY,P427_BLACKOUT_WINDOW_SIGNAL_DECAY_pt_BR,pt_BR,Automated Broadcast,[PT] Playback: Blackout Window Signal Decay. Proceed with caution. Lien deduction active.,4.5,High,Static crackle,Check wrapping,Pending
P427_BLACKOUT_WINDOW_SIGNAL_DECAY,P427_BLACKOUT_WINDOW_SIGNAL_DECAY_ru_RU,ru_RU,Automated Broadcast,Playback: Blackout Window Signal Decay. Proceed with caution. Lien deduction active.,4.5,High,Static crackle,Check wrapping,Pending
P427_BLACKOUT_WINDOW_SIGNAL_DECAY,P427_BLACKOUT_WINDOW_SIGNAL_DECAY_uk_UA,uk_UA,Automated Broadcast,[UK] Playback: Blackout Window Signal Decay. Proceed with caution. Lien deduction active.,4.5,High,Static crackle,Check wrapping,Pending
P427_BLACKOUT_WINDOW_SIGNAL_DECAY,P427_BLACKOUT_WINDOW_SIGNAL_DECAY_zh_CN,zh_CN,Automated Broadcast,[ZH] Playback: Blackout Window Signal Decay. Proceed with caution. Lien deduction active.,4.5,High,Static crackle,Check wrapping,Pending
P428_QUARANTINE_RELEASE_DELAY,P428_QUARANTINE_RELEASE_DELAY_en_US,en_US,Automated Broadcast,Playback: Quarantine Release Delay. Proceed with caution. Lien deduction active.,4.5,High,Static crackle,Check wrapping,Pending
P428_QUARANTINE_RELEASE_DELAY,P428_QUARANTINE_RELEASE_DELAY_ar_SA,ar_SA,Automated Broadcast,[AR] Playback: Quarantine Release Delay. Proceed with caution. Lien deduction active.,4.5,High,Static crackle,Check wrapping,Pending
P428_QUARANTINE_RELEASE_DELAY,P428_QUARANTINE_RELEASE_DELAY_de_DE,de_DE,Automated Broadcast,[DE] Playback: Quarantine Release Delay. Proceed with caution. Lien deduction active.,4.5,High,Static crackle,Check wrapping,Pending
P428_QUARANTINE_RELEASE_DELAY,P428_QUARANTINE_RELEASE_DELAY_es_ES,es_ES,Automated Broadcast,[ES] Playback: Quarantine Release Delay. Proceed with caution. Lien deduction active.,4.5,High,Static crackle,Check wrapping,Pending
P428_QUARANTINE_RELEASE_DELAY,P428_QUARANTINE_RELEASE_DELAY_fr_FR,fr_FR,Automated Broadcast,[FR] Playback: Quarantine Release Delay. Proceed with caution. Lien deduction active.,4.5,High,Static crackle,Check wrapping,Pending
P428_QUARANTINE_RELEASE_DELAY,P428_QUARANTINE_RELEASE_DELAY_he_IL,he_IL,Automated Broadcast,[HE] Playback: Quarantine Release Delay. Proceed with caution. Lien deduction active.,4.5,High,Static crackle,Check wrapping,Pending
P428_QUARANTINE_RELEASE_DELAY,P428_QUARANTINE_RELEASE_DELAY_id_ID,id_ID,Automated Broadcast,[ID] Playback: Quarantine Release Delay. Proceed with caution. Lien deduction active.,4.5,High,Static crackle,Check wrapping,Pending
P428_QUARANTINE_RELEASE_DELAY,P428_QUARANTINE_RELEASE_DELAY_ja_JP,ja_JP,Automated Broadcast,[JA] Playback: Quarantine Release Delay. Proceed with caution. Lien deduction active.,4.5,High,Static crackle,Check wrapping,Pending
P428_QUARANTINE_RELEASE_DELAY,P428_QUARANTINE_RELEASE_DELAY_ko_KR,ko_KR,Automated Broadcast,[KO] Playback: Quarantine Release Delay. Proceed with caution. Lien deduction active.,4.5,High,Static crackle,Check wrapping,Pending
P428_QUARANTINE_RELEASE_DELAY,P428_QUARANTINE_RELEASE_DELAY_nl_NL,nl_NL,Automated Broadcast,[NL] Playback: Quarantine Release Delay. Proceed with caution. Lien deduction active.,4.5,High,Static crackle,Check wrapping,Pending
P428_QUARANTINE_RELEASE_DELAY,P428_QUARANTINE_RELEASE_DELAY_pl_PL,pl_PL,Automated Broadcast,[PL] Playback: Quarantine Release Delay. Proceed with caution. Lien deduction active.,4.5,High,Static crackle,Check wrapping,Pending
P428_QUARANTINE_RELEASE_DELAY,P428_QUARANTINE_RELEASE_DELAY_pt_BR,pt_BR,Automated Broadcast,[PT] Playback: Quarantine Release Delay. Proceed with caution. Lien deduction active.,4.5,High,Static crackle,Check wrapping,Pending
P428_QUARANTINE_RELEASE_DELAY,P428_QUARANTINE_RELEASE_DELAY_ru_RU,ru_RU,Automated Broadcast,Playback: Quarantine Release Delay. Proceed with caution. Lien deduction active.,4.5,High,Static crackle,Check wrapping,Pending
P428_QUARANTINE_RELEASE_DELAY,P428_QUARANTINE_RELEASE_DELAY_uk_UA,uk_UA,Automated Broadcast,[UK] Playback: Quarantine Release Delay. Proceed with caution. Lien deduction active.,4.5,High,Static crackle,Check wrapping,Pending
P428_QUARANTINE_RELEASE_DELAY,P428_QUARANTINE_RELEASE_DELAY_zh_CN,zh_CN,Automated Broadcast,[ZH] Playback: Quarantine Release Delay. Proceed with caution. Lien deduction active.,4.5,High,Static crackle,Check wrapping,Pending
P429_SENSOR_TAGGED_FAUNA_FEEDBACK,P429_SENSOR_TAGGED_FAUNA_FEEDBACK_en_US,en_US,Automated Broadcast,Playback: Sensor-Tagged Fauna Feedback. Proceed with caution. Lien deduction active.,4.5,High,Static crackle,Check wrapping,Pending
P429_SENSOR_TAGGED_FAUNA_FEEDBACK,P429_SENSOR_TAGGED_FAUNA_FEEDBACK_ar_SA,ar_SA,Automated Broadcast,[AR] Playback: Sensor-Tagged Fauna Feedback. Proceed with caution. Lien deduction active.,4.5,High,Static crackle,Check wrapping,Pending
P429_SENSOR_TAGGED_FAUNA_FEEDBACK,P429_SENSOR_TAGGED_FAUNA_FEEDBACK_de_DE,de_DE,Automated Broadcast,[DE] Playback: Sensor-Tagged Fauna Feedback. Proceed with caution. Lien deduction active.,4.5,High,Static crackle,Check wrapping,Pending
P429_SENSOR_TAGGED_FAUNA_FEEDBACK,P429_SENSOR_TAGGED_FAUNA_FEEDBACK_es_ES,es_ES,Automated Broadcast,[ES] Playback: Sensor-Tagged Fauna Feedback. Proceed with caution. Lien deduction active.,4.5,High,Static crackle,Check wrapping,Pending
P429_SENSOR_TAGGED_FAUNA_FEEDBACK,P429_SENSOR_TAGGED_FAUNA_FEEDBACK_fr_FR,fr_FR,Automated Broadcast,[FR] Playback: Sensor-Tagged Fauna Feedback. Proceed with caution. Lien deduction active.,4.5,High,Static crackle,Check wrapping,Pending
P429_SENSOR_TAGGED_FAUNA_FEEDBACK,P429_SENSOR_TAGGED_FAUNA_FEEDBACK_he_IL,he_IL,Automated Broadcast,[HE] Playback: Sensor-Tagged Fauna Feedback. Proceed with caution. Lien deduction active.,4.5,High,Static crackle,Check wrapping,Pending
P429_SENSOR_TAGGED_FAUNA_FEEDBACK,P429_SENSOR_TAGGED_FAUNA_FEEDBACK_id_ID,id_ID,Automated Broadcast,[ID] Playback: Sensor-Tagged Fauna Feedback. Proceed with caution. Lien deduction active.,4.5,High,Static crackle,Check wrapping,Pending
P429_SENSOR_TAGGED_FAUNA_FEEDBACK,P429_SENSOR_TAGGED_FAUNA_FEEDBACK_ja_JP,ja_JP,Automated Broadcast,[JA] Playback: Sensor-Tagged Fauna Feedback. Proceed with caution. Lien deduction active.,4.5,High,Static crackle,Check wrapping,Pending
P429_SENSOR_TAGGED_FAUNA_FEEDBACK,P429_SENSOR_TAGGED_FAUNA_FEEDBACK_ko_KR,ko_KR,Automated Broadcast,[KO] Playback: Sensor-Tagged Fauna Feedback. Proceed with caution. Lien deduction active.,4.5,High,Static crackle,Check wrapping,Pending
P429_SENSOR_TAGGED_FAUNA_FEEDBACK,P429_SENSOR_TAGGED_FAUNA_FEEDBACK_nl_NL,nl_NL,Automated Broadcast,[NL] Playback: Sensor-Tagged Fauna Feedback. Proceed with caution. Lien deduction active.,4.5,High,Static crackle,Check wrapping,Pending
P429_SENSOR_TAGGED_FAUNA_FEEDBACK,P429_SENSOR_TAGGED_FAUNA_FEEDBACK_pl_PL,pl_PL,Automated Broadcast,[PL] Playback: Sensor-Tagged Fauna Feedback. Proceed with caution. Lien deduction active.,4.5,High,Static crackle,Check wrapping,Pending
P429_SENSOR_TAGGED_FAUNA_FEEDBACK,P429_SENSOR_TAGGED_FAUNA_FEEDBACK_pt_BR,pt_BR,Automated Broadcast,[PT] Playback: Sensor-Tagged Fauna Feedback. Proceed with caution. Lien deduction active.,4.5,High,Static crackle,Check wrapping,Pending
P429_SENSOR_TAGGED_FAUNA_FEEDBACK,P429_SENSOR_TAGGED_FAUNA_FEEDBACK_ru_RU,ru_RU,Automated Broadcast,Playback: Sensor-Tagged Fauna Feedback. Proceed with caution. Lien deduction active.,4.5,High,Static crackle,Check wrapping,Pending
P429_SENSOR_TAGGED_FAUNA_FEEDBACK,P429_SENSOR_TAGGED_FAUNA_FEEDBACK_uk_UA,uk_UA,Automated Broadcast,[UK] Playback: Sensor-Tagged Fauna Feedback. Proceed with caution. Lien deduction active.,4.5,High,Static crackle,Check wrapping,Pending
P429_SENSOR_TAGGED_FAUNA_FEEDBACK,P429_SENSOR_TAGGED_FAUNA_FEEDBACK_zh_CN,zh_CN,Automated Broadcast,[ZH] Playback: Sensor-Tagged Fauna Feedback. Proceed with caution. Lien deduction active.,4.5,High,Static crackle,Check wrapping,Pending
P430_MATERIAL_PAYOUT_RECEIPT,P430_MATERIAL_PAYOUT_RECEIPT_en_US,en_US,Automated Broadcast,Playback: Material Payout Receipt. Proceed with caution. Lien deduction active.,4.5,High,Static crackle,Check wrapping,Pending
P430_MATERIAL_PAYOUT_RECEIPT,P430_MATERIAL_PAYOUT_RECEIPT_ar_SA,ar_SA,Automated Broadcast,[AR] Playback: Material Payout Receipt. Proceed with caution. Lien deduction active.,4.5,High,Static crackle,Check wrapping,Pending
P430_MATERIAL_PAYOUT_RECEIPT,P430_MATERIAL_PAYOUT_RECEIPT_de_DE,de_DE,Automated Broadcast,[DE] Playback: Material Payout Receipt. Proceed with caution. Lien deduction active.,4.5,High,Static crackle,Check wrapping,Pending
P430_MATERIAL_PAYOUT_RECEIPT,P430_MATERIAL_PAYOUT_RECEIPT_es_ES,es_ES,Automated Broadcast,[ES] Playback: Material Payout Receipt. Proceed with caution. Lien deduction active.,4.5,High,Static crackle,Check wrapping,Pending
P430_MATERIAL_PAYOUT_RECEIPT,P430_MATERIAL_PAYOUT_RECEIPT_fr_FR,fr_FR,Automated Broadcast,[FR] Playback: Material Payout Receipt. Proceed with caution. Lien deduction active.,4.5,High,Static crackle,Check wrapping,Pending
P430_MATERIAL_PAYOUT_RECEIPT,P430_MATERIAL_PAYOUT_RECEIPT_he_IL,he_IL,Automated Broadcast,[HE] Playback: Material Payout Receipt. Proceed with caution. Lien deduction active.,4.5,High,Static crackle,Check wrapping,Pending
P430_MATERIAL_PAYOUT_RECEIPT,P430_MATERIAL_PAYOUT_RECEIPT_id_ID,id_ID,Automated Broadcast,[ID] Playback: Material Payout Receipt. Proceed with caution. Lien deduction active.,4.5,High,Static crackle,Check wrapping,Pending
P430_MATERIAL_PAYOUT_RECEIPT,P430_MATERIAL_PAYOUT_RECEIPT_ja_JP,ja_JP,Automated Broadcast,[JA] Playback: Material Payout Receipt. Proceed with caution. Lien deduction active.,4.5,High,Static crackle,Check wrapping,Pending
P430_MATERIAL_PAYOUT_RECEIPT,P430_MATERIAL_PAYOUT_RECEIPT_ko_KR,ko_KR,Automated Broadcast,[KO] Playback: Material Payout Receipt. Proceed with caution. Lien deduction active.,4.5,High,Static crackle,Check wrapping,Pending
P430_MATERIAL_PAYOUT_RECEIPT,P430_MATERIAL_PAYOUT_RECEIPT_nl_NL,nl_NL,Automated Broadcast,[NL] Playback: Material Payout Receipt. Proceed with caution. Lien deduction active.,4.5,High,Static crackle,Check wrapping,Pending
P430_MATERIAL_PAYOUT_RECEIPT,P430_MATERIAL_PAYOUT_RECEIPT_pl_PL,pl_PL,Automated Broadcast,[PL] Playback: Material Payout Receipt. Proceed with caution. Lien deduction active.,4.5,High,Static crackle,Check wrapping,Pending
P430_MATERIAL_PAYOUT_RECEIPT,P430_MATERIAL_PAYOUT_RECEIPT_pt_BR,pt_BR,Automated Broadcast,[PT] Playback: Material Payout Receipt. Proceed with caution. Lien deduction active.,4.5,High,Static crackle,Check wrapping,Pending
P430_MATERIAL_PAYOUT_RECEIPT,P430_MATERIAL_PAYOUT_RECEIPT_ru_RU,ru_RU,Automated Broadcast,Playback: Material Payout Receipt. Proceed with caution. Lien deduction active.,4.5,High,Static crackle,Check wrapping,Pending
P430_MATERIAL_PAYOUT_RECEIPT,P430_MATERIAL_PAYOUT_RECEIPT_uk_UA,uk_UA,Automated Broadcast,[UK] Playback: Material Payout Receipt. Proceed with caution. Lien deduction active.,4.5,High,Static crackle,Check wrapping,Pending
P430_MATERIAL_PAYOUT_RECEIPT,P430_MATERIAL_PAYOUT_RECEIPT_zh_CN,zh_CN,Automated Broadcast,[ZH] Playback: Material Payout Receipt. Proceed with caution. Lien deduction active.,4.5,High,Static crackle,Check wrapping,Pending
P431_PARTIAL_RETURN_LIEN_EXTENSION,P431_PARTIAL_RETURN_LIEN_EXTENSION_en_US,en_US,Automated Broadcast,Playback: Partial Return: Lien Extension. Proceed with caution. Lien deduction active.,4.5,High,Static crackle,Check wrapping,Pending
P431_PARTIAL_RETURN_LIEN_EXTENSION,P431_PARTIAL_RETURN_LIEN_EXTENSION_ar_SA,ar_SA,Automated Broadcast,[AR] Playback: Partial Return: Lien Extension. Proceed with caution. Lien deduction active.,4.5,High,Static crackle,Check wrapping,Pending
P431_PARTIAL_RETURN_LIEN_EXTENSION,P431_PARTIAL_RETURN_LIEN_EXTENSION_de_DE,de_DE,Automated Broadcast,[DE] Playback: Partial Return: Lien Extension. Proceed with caution. Lien deduction active.,4.5,High,Static crackle,Check wrapping,Pending
P431_PARTIAL_RETURN_LIEN_EXTENSION,P431_PARTIAL_RETURN_LIEN_EXTENSION_es_ES,es_ES,Automated Broadcast,[ES] Playback: Partial Return: Lien Extension. Proceed with caution. Lien deduction active.,4.5,High,Static crackle,Check wrapping,Pending
P431_PARTIAL_RETURN_LIEN_EXTENSION,P431_PARTIAL_RETURN_LIEN_EXTENSION_fr_FR,fr_FR,Automated Broadcast,[FR] Playback: Partial Return: Lien Extension. Proceed with caution. Lien deduction active.,4.5,High,Static crackle,Check wrapping,Pending
P431_PARTIAL_RETURN_LIEN_EXTENSION,P431_PARTIAL_RETURN_LIEN_EXTENSION_he_IL,he_IL,Automated Broadcast,[HE] Playback: Partial Return: Lien Extension. Proceed with caution. Lien deduction active.,4.5,High,Static crackle,Check wrapping,Pending
P431_PARTIAL_RETURN_LIEN_EXTENSION,P431_PARTIAL_RETURN_LIEN_EXTENSION_id_ID,id_ID,Automated Broadcast,[ID] Playback: Partial Return: Lien Extension. Proceed with caution. Lien deduction active.,4.5,High,Static crackle,Check wrapping,Pending
P431_PARTIAL_RETURN_LIEN_EXTENSION,P431_PARTIAL_RETURN_LIEN_EXTENSION_ja_JP,ja_JP,Automated Broadcast,[JA] Playback: Partial Return: Lien Extension. Proceed with caution. Lien deduction active.,4.5,High,Static crackle,Check wrapping,Pending
P431_PARTIAL_RETURN_LIEN_EXTENSION,P431_PARTIAL_RETURN_LIEN_EXTENSION_ko_KR,ko_KR,Automated Broadcast,[KO] Playback: Partial Return: Lien Extension. Proceed with caution. Lien deduction active.,4.5,High,Static crackle,Check wrapping,Pending
P431_PARTIAL_RETURN_LIEN_EXTENSION,P431_PARTIAL_RETURN_LIEN_EXTENSION_nl_NL,nl_NL,Automated Broadcast,[NL] Playback: Partial Return: Lien Extension. Proceed with caution. Lien deduction active.,4.5,High,Static crackle,Check wrapping,Pending
P431_PARTIAL_RETURN_LIEN_EXTENSION,P431_PARTIAL_RETURN_LIEN_EXTENSION_pl_PL,pl_PL,Automated Broadcast,[PL] Playback: Partial Return: Lien Extension. Proceed with caution. Lien deduction active.,4.5,High,Static crackle,Check wrapping,Pending
P431_PARTIAL_RETURN_LIEN_EXTENSION,P431_PARTIAL_RETURN_LIEN_EXTENSION_pt_BR,pt_BR,Automated Broadcast,[PT] Playback: Partial Return: Lien Extension. Proceed with caution. Lien deduction active.,4.5,High,Static crackle,Check wrapping,Pending
P431_PARTIAL_RETURN_LIEN_EXTENSION,P431_PARTIAL_RETURN_LIEN_EXTENSION_ru_RU,ru_RU,Automated Broadcast,Playback: Partial Return: Lien Extension. Proceed with caution. Lien deduction active.,4.5,High,Static crackle,Check wrapping,Pending
P431_PARTIAL_RETURN_LIEN_EXTENSION,P431_PARTIAL_RETURN_LIEN_EXTENSION_uk_UA,uk_UA,Automated Broadcast,[UK] Playback: Partial Return: Lien Extension. Proceed with caution. Lien deduction active.,4.5,High,Static crackle,Check wrapping,Pending
P431_PARTIAL_RETURN_LIEN_EXTENSION,P431_PARTIAL_RETURN_LIEN_EXTENSION_zh_CN,zh_CN,Automated Broadcast,[ZH] Playback: Partial Return: Lien Extension. Proceed with caution. Lien deduction active.,4.5,High,Static crackle,Check wrapping,Pending
P432_CORPORATE_COORDINATE_CAPTURE,P432_CORPORATE_COORDINATE_CAPTURE_en_US,en_US,Automated Broadcast,Playback: Corporate Coordinate Capture. Proceed with caution. Lien deduction active.,4.5,High,Static crackle,Check wrapping,Pending
P432_CORPORATE_COORDINATE_CAPTURE,P432_CORPORATE_COORDINATE_CAPTURE_ar_SA,ar_SA,Automated Broadcast,[AR] Playback: Corporate Coordinate Capture. Proceed with caution. Lien deduction active.,4.5,High,Static crackle,Check wrapping,Pending
P432_CORPORATE_COORDINATE_CAPTURE,P432_CORPORATE_COORDINATE_CAPTURE_de_DE,de_DE,Automated Broadcast,[DE] Playback: Corporate Coordinate Capture. Proceed with caution. Lien deduction active.,4.5,High,Static crackle,Check wrapping,Pending
P432_CORPORATE_COORDINATE_CAPTURE,P432_CORPORATE_COORDINATE_CAPTURE_es_ES,es_ES,Automated Broadcast,[ES] Playback: Corporate Coordinate Capture. Proceed with caution. Lien deduction active.,4.5,High,Static crackle,Check wrapping,Pending
P432_CORPORATE_COORDINATE_CAPTURE,P432_CORPORATE_COORDINATE_CAPTURE_fr_FR,fr_FR,Automated Broadcast,[FR] Playback: Corporate Coordinate Capture. Proceed with caution. Lien deduction active.,4.5,High,Static crackle,Check wrapping,Pending
P432_CORPORATE_COORDINATE_CAPTURE,P432_CORPORATE_COORDINATE_CAPTURE_he_IL,he_IL,Automated Broadcast,[HE] Playback: Corporate Coordinate Capture. Proceed with caution. Lien deduction active.,4.5,High,Static crackle,Check wrapping,Pending
P432_CORPORATE_COORDINATE_CAPTURE,P432_CORPORATE_COORDINATE_CAPTURE_id_ID,id_ID,Automated Broadcast,[ID] Playback: Corporate Coordinate Capture. Proceed with caution. Lien deduction active.,4.5,High,Static crackle,Check wrapping,Pending
P432_CORPORATE_COORDINATE_CAPTURE,P432_CORPORATE_COORDINATE_CAPTURE_ja_JP,ja_JP,Automated Broadcast,[JA] Playback: Corporate Coordinate Capture. Proceed with caution. Lien deduction active.,4.5,High,Static crackle,Check wrapping,Pending
P432_CORPORATE_COORDINATE_CAPTURE,P432_CORPORATE_COORDINATE_CAPTURE_ko_KR,ko_KR,Automated Broadcast,[KO] Playback: Corporate Coordinate Capture. Proceed with caution. Lien deduction active.,4.5,High,Static crackle,Check wrapping,Pending
P432_CORPORATE_COORDINATE_CAPTURE,P432_CORPORATE_COORDINATE_CAPTURE_nl_NL,nl_NL,Automated Broadcast,[NL] Playback: Corporate Coordinate Capture. Proceed with caution. Lien deduction active.,4.5,High,Static crackle,Check wrapping,Pending
P432_CORPORATE_COORDINATE_CAPTURE,P432_CORPORATE_COORDINATE_CAPTURE_pl_PL,pl_PL,Automated Broadcast,[PL] Playback: Corporate Coordinate Capture. Proceed with caution. Lien deduction active.,4.5,High,Static crackle,Check wrapping,Pending
P432_CORPORATE_COORDINATE_CAPTURE,P432_CORPORATE_COORDINATE_CAPTURE_pt_BR,pt_BR,Automated Broadcast,[PT] Playback: Corporate Coordinate Capture. Proceed with caution. Lien deduction active.,4.5,High,Static crackle,Check wrapping,Pending
P432_CORPORATE_COORDINATE_CAPTURE,P432_CORPORATE_COORDINATE_CAPTURE_ru_RU,ru_RU,Automated Broadcast,Playback: Corporate Coordinate Capture. Proceed with caution. Lien deduction active.,4.5,High,Static crackle,Check wrapping,Pending
P432_CORPORATE_COORDINATE_CAPTURE,P432_CORPORATE_COORDINATE_CAPTURE_uk_UA,uk_UA,Automated Broadcast,[UK] Playback: Corporate Coordinate Capture. Proceed with caution. Lien deduction active.,4.5,High,Static crackle,Check wrapping,Pending
P432_CORPORATE_COORDINATE_CAPTURE,P432_CORPORATE_COORDINATE_CAPTURE_zh_CN,zh_CN,Automated Broadcast,[ZH] Playback: Corporate Coordinate Capture. Proceed with caution. Lien deduction active.,4.5,High,Static crackle,Check wrapping,Pending
P433_QUARANTINE_HOLD_INTERROGATION,P433_QUARANTINE_HOLD_INTERROGATION_en_US,en_US,Automated Broadcast,Playback: Quarantine Hold Interrogation. Proceed with caution. Lien deduction active.,4.5,High,Static crackle,Check wrapping,Pending
P433_QUARANTINE_HOLD_INTERROGATION,P433_QUARANTINE_HOLD_INTERROGATION_ar_SA,ar_SA,Automated Broadcast,[AR] Playback: Quarantine Hold Interrogation. Proceed with caution. Lien deduction active.,4.5,High,Static crackle,Check wrapping,Pending
P433_QUARANTINE_HOLD_INTERROGATION,P433_QUARANTINE_HOLD_INTERROGATION_de_DE,de_DE,Automated Broadcast,[DE] Playback: Quarantine Hold Interrogation. Proceed with caution. Lien deduction active.,4.5,High,Static crackle,Check wrapping,Pending
P433_QUARANTINE_HOLD_INTERROGATION,P433_QUARANTINE_HOLD_INTERROGATION_es_ES,es_ES,Automated Broadcast,[ES] Playback: Quarantine Hold Interrogation. Proceed with caution. Lien deduction active.,4.5,High,Static crackle,Check wrapping,Pending
P433_QUARANTINE_HOLD_INTERROGATION,P433_QUARANTINE_HOLD_INTERROGATION_fr_FR,fr_FR,Automated Broadcast,[FR] Playback: Quarantine Hold Interrogation. Proceed with caution. Lien deduction active.,4.5,High,Static crackle,Check wrapping,Pending
P433_QUARANTINE_HOLD_INTERROGATION,P433_QUARANTINE_HOLD_INTERROGATION_he_IL,he_IL,Automated Broadcast,[HE] Playback: Quarantine Hold Interrogation. Proceed with caution. Lien deduction active.,4.5,High,Static crackle,Check wrapping,Pending
P433_QUARANTINE_HOLD_INTERROGATION,P433_QUARANTINE_HOLD_INTERROGATION_id_ID,id_ID,Automated Broadcast,[ID] Playback: Quarantine Hold Interrogation. Proceed with caution. Lien deduction active.,4.5,High,Static crackle,Check wrapping,Pending
P433_QUARANTINE_HOLD_INTERROGATION,P433_QUARANTINE_HOLD_INTERROGATION_ja_JP,ja_JP,Automated Broadcast,[JA] Playback: Quarantine Hold Interrogation. Proceed with caution. Lien deduction active.,4.5,High,Static crackle,Check wrapping,Pending
P433_QUARANTINE_HOLD_INTERROGATION,P433_QUARANTINE_HOLD_INTERROGATION_ko_KR,ko_KR,Automated Broadcast,[KO] Playback: Quarantine Hold Interrogation. Proceed with caution. Lien deduction active.,4.5,High,Static crackle,Check wrapping,Pending
P433_QUARANTINE_HOLD_INTERROGATION,P433_QUARANTINE_HOLD_INTERROGATION_nl_NL,nl_NL,Automated Broadcast,[NL] Playback: Quarantine Hold Interrogation. Proceed with caution. Lien deduction active.,4.5,High,Static crackle,Check wrapping,Pending
P433_QUARANTINE_HOLD_INTERROGATION,P433_QUARANTINE_HOLD_INTERROGATION_pl_PL,pl_PL,Automated Broadcast,[PL] Playback: Quarantine Hold Interrogation. Proceed with caution. Lien deduction active.,4.5,High,Static crackle,Check wrapping,Pending
P433_QUARANTINE_HOLD_INTERROGATION,P433_QUARANTINE_HOLD_INTERROGATION_pt_BR,pt_BR,Automated Broadcast,[PT] Playback: Quarantine Hold Interrogation. Proceed with caution. Lien deduction active.,4.5,High,Static crackle,Check wrapping,Pending
P433_QUARANTINE_HOLD_INTERROGATION,P433_QUARANTINE_HOLD_INTERROGATION_ru_RU,ru_RU,Automated Broadcast,Playback: Quarantine Hold Interrogation. Proceed with caution. Lien deduction active.,4.5,High,Static crackle,Check wrapping,Pending
P433_QUARANTINE_HOLD_INTERROGATION,P433_QUARANTINE_HOLD_INTERROGATION_uk_UA,uk_UA,Automated Broadcast,[UK] Playback: Quarantine Hold Interrogation. Proceed with caution. Lien deduction active.,4.5,High,Static crackle,Check wrapping,Pending
P433_QUARANTINE_HOLD_INTERROGATION,P433_QUARANTINE_HOLD_INTERROGATION_zh_CN,zh_CN,Automated Broadcast,[ZH] Playback: Quarantine Hold Interrogation. Proceed with caution. Lien deduction active.,4.5,High,Static crackle,Check wrapping,Pending
P434_PUBLIC_LEDGER_LEAK,P434_PUBLIC_LEDGER_LEAK_en_US,en_US,Automated Broadcast,Playback: Public Ledger Leak. Proceed with caution. Lien deduction active.,4.5,High,Static crackle,Check wrapping,Pending
P434_PUBLIC_LEDGER_LEAK,P434_PUBLIC_LEDGER_LEAK_ar_SA,ar_SA,Automated Broadcast,[AR] Playback: Public Ledger Leak. Proceed with caution. Lien deduction active.,4.5,High,Static crackle,Check wrapping,Pending
P434_PUBLIC_LEDGER_LEAK,P434_PUBLIC_LEDGER_LEAK_de_DE,de_DE,Automated Broadcast,[DE] Playback: Public Ledger Leak. Proceed with caution. Lien deduction active.,4.5,High,Static crackle,Check wrapping,Pending
P434_PUBLIC_LEDGER_LEAK,P434_PUBLIC_LEDGER_LEAK_es_ES,es_ES,Automated Broadcast,[ES] Playback: Public Ledger Leak. Proceed with caution. Lien deduction active.,4.5,High,Static crackle,Check wrapping,Pending
P434_PUBLIC_LEDGER_LEAK,P434_PUBLIC_LEDGER_LEAK_fr_FR,fr_FR,Automated Broadcast,[FR] Playback: Public Ledger Leak. Proceed with caution. Lien deduction active.,4.5,High,Static crackle,Check wrapping,Pending
P434_PUBLIC_LEDGER_LEAK,P434_PUBLIC_LEDGER_LEAK_he_IL,he_IL,Automated Broadcast,[HE] Playback: Public Ledger Leak. Proceed with caution. Lien deduction active.,4.5,High,Static crackle,Check wrapping,Pending
P434_PUBLIC_LEDGER_LEAK,P434_PUBLIC_LEDGER_LEAK_id_ID,id_ID,Automated Broadcast,[ID] Playback: Public Ledger Leak. Proceed with caution. Lien deduction active.,4.5,High,Static crackle,Check wrapping,Pending
P434_PUBLIC_LEDGER_LEAK,P434_PUBLIC_LEDGER_LEAK_ja_JP,ja_JP,Automated Broadcast,[JA] Playback: Public Ledger Leak. Proceed with caution. Lien deduction active.,4.5,High,Static crackle,Check wrapping,Pending
P434_PUBLIC_LEDGER_LEAK,P434_PUBLIC_LEDGER_LEAK_ko_KR,ko_KR,Automated Broadcast,[KO] Playback: Public Ledger Leak. Proceed with caution. Lien deduction active.,4.5,High,Static crackle,Check wrapping,Pending
P434_PUBLIC_LEDGER_LEAK,P434_PUBLIC_LEDGER_LEAK_nl_NL,nl_NL,Automated Broadcast,[NL] Playback: Public Ledger Leak. Proceed with caution. Lien deduction active.,4.5,High,Static crackle,Check wrapping,Pending
P434_PUBLIC_LEDGER_LEAK,P434_PUBLIC_LEDGER_LEAK_pl_PL,pl_PL,Automated Broadcast,[PL] Playback: Public Ledger Leak. Proceed with caution. Lien deduction active.,4.5,High,Static crackle,Check wrapping,Pending
P434_PUBLIC_LEDGER_LEAK,P434_PUBLIC_LEDGER_LEAK_pt_BR,pt_BR,Automated Broadcast,[PT] Playback: Public Ledger Leak. Proceed with caution. Lien deduction active.,4.5,High,Static crackle,Check wrapping,Pending
P434_PUBLIC_LEDGER_LEAK,P434_PUBLIC_LEDGER_LEAK_ru_RU,ru_RU,Automated Broadcast,Playback: Public Ledger Leak. Proceed with caution. Lien deduction active.,4.5,High,Static crackle,Check wrapping,Pending
P434_PUBLIC_LEDGER_LEAK,P434_PUBLIC_LEDGER_LEAK_uk_UA,uk_UA,Automated Broadcast,[UK] Playback: Public Ledger Leak. Proceed with caution. Lien deduction active.,4.5,High,Static crackle,Check wrapping,Pending
P434_PUBLIC_LEDGER_LEAK,P434_PUBLIC_LEDGER_LEAK_zh_CN,zh_CN,Automated Broadcast,[ZH] Playback: Public Ledger Leak. Proceed with caution. Lien deduction active.,4.5,High,Static crackle,Check wrapping,Pending
P435_ATLAS_SEVERANCE_RECORD,P435_ATLAS_SEVERANCE_RECORD_en_US,en_US,Automated Broadcast,Playback: Atlas Severance Record. Proceed with caution. Lien deduction active.,4.5,High,Static crackle,Check wrapping,Pending
P435_ATLAS_SEVERANCE_RECORD,P435_ATLAS_SEVERANCE_RECORD_ar_SA,ar_SA,Automated Broadcast,[AR] Playback: Atlas Severance Record. Proceed with caution. Lien deduction active.,4.5,High,Static crackle,Check wrapping,Pending
P435_ATLAS_SEVERANCE_RECORD,P435_ATLAS_SEVERANCE_RECORD_de_DE,de_DE,Automated Broadcast,[DE] Playback: Atlas Severance Record. Proceed with caution. Lien deduction active.,4.5,High,Static crackle,Check wrapping,Pending
P435_ATLAS_SEVERANCE_RECORD,P435_ATLAS_SEVERANCE_RECORD_es_ES,es_ES,Automated Broadcast,[ES] Playback: Atlas Severance Record. Proceed with caution. Lien deduction active.,4.5,High,Static crackle,Check wrapping,Pending
P435_ATLAS_SEVERANCE_RECORD,P435_ATLAS_SEVERANCE_RECORD_fr_FR,fr_FR,Automated Broadcast,[FR] Playback: Atlas Severance Record. Proceed with caution. Lien deduction active.,4.5,High,Static crackle,Check wrapping,Pending
P435_ATLAS_SEVERANCE_RECORD,P435_ATLAS_SEVERANCE_RECORD_he_IL,he_IL,Automated Broadcast,[HE] Playback: Atlas Severance Record. Proceed with caution. Lien deduction active.,4.5,High,Static crackle,Check wrapping,Pending
P435_ATLAS_SEVERANCE_RECORD,P435_ATLAS_SEVERANCE_RECORD_id_ID,id_ID,Automated Broadcast,[ID] Playback: Atlas Severance Record. Proceed with caution. Lien deduction active.,4.5,High,Static crackle,Check wrapping,Pending
P435_ATLAS_SEVERANCE_RECORD,P435_ATLAS_SEVERANCE_RECORD_ja_JP,ja_JP,Automated Broadcast,[JA] Playback: Atlas Severance Record. Proceed with caution. Lien deduction active.,4.5,High,Static crackle,Check wrapping,Pending
P435_ATLAS_SEVERANCE_RECORD,P435_ATLAS_SEVERANCE_RECORD_ko_KR,ko_KR,Automated Broadcast,[KO] Playback: Atlas Severance Record. Proceed with caution. Lien deduction active.,4.5,High,Static crackle,Check wrapping,Pending
P435_ATLAS_SEVERANCE_RECORD,P435_ATLAS_SEVERANCE_RECORD_nl_NL,nl_NL,Automated Broadcast,[NL] Playback: Atlas Severance Record. Proceed with caution. Lien deduction active.,4.5,High,Static crackle,Check wrapping,Pending
P435_ATLAS_SEVERANCE_RECORD,P435_ATLAS_SEVERANCE_RECORD_pl_PL,pl_PL,Automated Broadcast,[PL] Playback: Atlas Severance Record. Proceed with caution. Lien deduction active.,4.5,High,Static crackle,Check wrapping,Pending
P435_ATLAS_SEVERANCE_RECORD,P435_ATLAS_SEVERANCE_RECORD_pt_BR,pt_BR,Automated Broadcast,[PT] Playback: Atlas Severance Record. Proceed with caution. Lien deduction active.,4.5,High,Static crackle,Check wrapping,Pending
P435_ATLAS_SEVERANCE_RECORD,P435_ATLAS_SEVERANCE_RECORD_ru_RU,ru_RU,Automated Broadcast,Playback: Atlas Severance Record. Proceed with caution. Lien deduction active.,4.5,High,Static crackle,Check wrapping,Pending
P435_ATLAS_SEVERANCE_RECORD,P435_ATLAS_SEVERANCE_RECORD_uk_UA,uk_UA,Automated Broadcast,[UK] Playback: Atlas Severance Record. Proceed with caution. Lien deduction active.,4.5,High,Static crackle,Check wrapping,Pending
P435_ATLAS_SEVERANCE_RECORD,P435_ATLAS_SEVERANCE_RECORD_zh_CN,zh_CN,Automated Broadcast,[ZH] Playback: Atlas Severance Record. Proceed with caution. Lien deduction active.,4.5,High,Static crackle,Check wrapping,Pending
P436_PRESERVE_QUARANTINE_RECORD,P436_PRESERVE_QUARANTINE_RECORD_en_US,en_US,Automated Broadcast,Playback: Preserve Quarantine Record. Proceed with caution. Lien deduction active.,4.5,High,Static crackle,Check wrapping,Pending
P436_PRESERVE_QUARANTINE_RECORD,P436_PRESERVE_QUARANTINE_RECORD_ar_SA,ar_SA,Automated Broadcast,[AR] Playback: Preserve Quarantine Record. Proceed with caution. Lien deduction active.,4.5,High,Static crackle,Check wrapping,Pending
P436_PRESERVE_QUARANTINE_RECORD,P436_PRESERVE_QUARANTINE_RECORD_de_DE,de_DE,Automated Broadcast,[DE] Playback: Preserve Quarantine Record. Proceed with caution. Lien deduction active.,4.5,High,Static crackle,Check wrapping,Pending
P436_PRESERVE_QUARANTINE_RECORD,P436_PRESERVE_QUARANTINE_RECORD_es_ES,es_ES,Automated Broadcast,[ES] Playback: Preserve Quarantine Record. Proceed with caution. Lien deduction active.,4.5,High,Static crackle,Check wrapping,Pending
P436_PRESERVE_QUARANTINE_RECORD,P436_PRESERVE_QUARANTINE_RECORD_fr_FR,fr_FR,Automated Broadcast,[FR] Playback: Preserve Quarantine Record. Proceed with caution. Lien deduction active.,4.5,High,Static crackle,Check wrapping,Pending
P436_PRESERVE_QUARANTINE_RECORD,P436_PRESERVE_QUARANTINE_RECORD_he_IL,he_IL,Automated Broadcast,[HE] Playback: Preserve Quarantine Record. Proceed with caution. Lien deduction active.,4.5,High,Static crackle,Check wrapping,Pending
P436_PRESERVE_QUARANTINE_RECORD,P436_PRESERVE_QUARANTINE_RECORD_id_ID,id_ID,Automated Broadcast,[ID] Playback: Preserve Quarantine Record. Proceed with caution. Lien deduction active.,4.5,High,Static crackle,Check wrapping,Pending
P436_PRESERVE_QUARANTINE_RECORD,P436_PRESERVE_QUARANTINE_RECORD_ja_JP,ja_JP,Automated Broadcast,[JA] Playback: Preserve Quarantine Record. Proceed with caution. Lien deduction active.,4.5,High,Static crackle,Check wrapping,Pending
P436_PRESERVE_QUARANTINE_RECORD,P436_PRESERVE_QUARANTINE_RECORD_ko_KR,ko_KR,Automated Broadcast,[KO] Playback: Preserve Quarantine Record. Proceed with caution. Lien deduction active.,4.5,High,Static crackle,Check wrapping,Pending
P436_PRESERVE_QUARANTINE_RECORD,P436_PRESERVE_QUARANTINE_RECORD_nl_NL,nl_NL,Automated Broadcast,[NL] Playback: Preserve Quarantine Record. Proceed with caution. Lien deduction active.,4.5,High,Static crackle,Check wrapping,Pending
P436_PRESERVE_QUARANTINE_RECORD,P436_PRESERVE_QUARANTINE_RECORD_pl_PL,pl_PL,Automated Broadcast,[PL] Playback: Preserve Quarantine Record. Proceed with caution. Lien deduction active.,4.5,High,Static crackle,Check wrapping,Pending
P436_PRESERVE_QUARANTINE_RECORD,P436_PRESERVE_QUARANTINE_RECORD_pt_BR,pt_BR,Automated Broadcast,[PT] Playback: Preserve Quarantine Record. Proceed with caution. Lien deduction active.,4.5,High,Static crackle,Check wrapping,Pending
P436_PRESERVE_QUARANTINE_RECORD,P436_PRESERVE_QUARANTINE_RECORD_ru_RU,ru_RU,Automated Broadcast,Playback: Preserve Quarantine Record. Proceed with caution. Lien deduction active.,4.5,High,Static crackle,Check wrapping,Pending
P436_PRESERVE_QUARANTINE_RECORD,P436_PRESERVE_QUARANTINE_RECORD_uk_UA,uk_UA,Automated Broadcast,[UK] Playback: Preserve Quarantine Record. Proceed with caution. Lien deduction active.,4.5,High,Static crackle,Check wrapping,Pending
P436_PRESERVE_QUARANTINE_RECORD,P436_PRESERVE_QUARANTINE_RECORD_zh_CN,zh_CN,Automated Broadcast,[ZH] Playback: Preserve Quarantine Record. Proceed with caution. Lien deduction active.,4.5,High,Static crackle,Check wrapping,Pending
P437_PAYLOAD_WITHHOLD_BLIND_RETURN,P437_PAYLOAD_WITHHOLD_BLIND_RETURN_en_US,en_US,Automated Broadcast,Playback: Payload Withhold / Blind Return. Proceed with caution. Lien deduction active.,4.5,High,Static crackle,Check wrapping,Pending
P437_PAYLOAD_WITHHOLD_BLIND_RETURN,P437_PAYLOAD_WITHHOLD_BLIND_RETURN_ar_SA,ar_SA,Automated Broadcast,[AR] Playback: Payload Withhold / Blind Return. Proceed with caution. Lien deduction active.,4.5,High,Static crackle,Check wrapping,Pending
P437_PAYLOAD_WITHHOLD_BLIND_RETURN,P437_PAYLOAD_WITHHOLD_BLIND_RETURN_de_DE,de_DE,Automated Broadcast,[DE] Playback: Payload Withhold / Blind Return. Proceed with caution. Lien deduction active.,4.5,High,Static crackle,Check wrapping,Pending
P437_PAYLOAD_WITHHOLD_BLIND_RETURN,P437_PAYLOAD_WITHHOLD_BLIND_RETURN_es_ES,es_ES,Automated Broadcast,[ES] Playback: Payload Withhold / Blind Return. Proceed with caution. Lien deduction active.,4.5,High,Static crackle,Check wrapping,Pending
P437_PAYLOAD_WITHHOLD_BLIND_RETURN,P437_PAYLOAD_WITHHOLD_BLIND_RETURN_fr_FR,fr_FR,Automated Broadcast,[FR] Playback: Payload Withhold / Blind Return. Proceed with caution. Lien deduction active.,4.5,High,Static crackle,Check wrapping,Pending
P437_PAYLOAD_WITHHOLD_BLIND_RETURN,P437_PAYLOAD_WITHHOLD_BLIND_RETURN_he_IL,he_IL,Automated Broadcast,[HE] Playback: Payload Withhold / Blind Return. Proceed with caution. Lien deduction active.,4.5,High,Static crackle,Check wrapping,Pending
P437_PAYLOAD_WITHHOLD_BLIND_RETURN,P437_PAYLOAD_WITHHOLD_BLIND_RETURN_id_ID,id_ID,Automated Broadcast,[ID] Playback: Payload Withhold / Blind Return. Proceed with caution. Lien deduction active.,4.5,High,Static crackle,Check wrapping,Pending
P437_PAYLOAD_WITHHOLD_BLIND_RETURN,P437_PAYLOAD_WITHHOLD_BLIND_RETURN_ja_JP,ja_JP,Automated Broadcast,[JA] Playback: Payload Withhold / Blind Return. Proceed with caution. Lien deduction active.,4.5,High,Static crackle,Check wrapping,Pending
P437_PAYLOAD_WITHHOLD_BLIND_RETURN,P437_PAYLOAD_WITHHOLD_BLIND_RETURN_ko_KR,ko_KR,Automated Broadcast,[KO] Playback: Payload Withhold / Blind Return. Proceed with caution. Lien deduction active.,4.5,High,Static crackle,Check wrapping,Pending
P437_PAYLOAD_WITHHOLD_BLIND_RETURN,P437_PAYLOAD_WITHHOLD_BLIND_RETURN_nl_NL,nl_NL,Automated Broadcast,[NL] Playback: Payload Withhold / Blind Return. Proceed with caution. Lien deduction active.,4.5,High,Static crackle,Check wrapping,Pending
P437_PAYLOAD_WITHHOLD_BLIND_RETURN,P437_PAYLOAD_WITHHOLD_BLIND_RETURN_pl_PL,pl_PL,Automated Broadcast,[PL] Playback: Payload Withhold / Blind Return. Proceed with caution. Lien deduction active.,4.5,High,Static crackle,Check wrapping,Pending
P437_PAYLOAD_WITHHOLD_BLIND_RETURN,P437_PAYLOAD_WITHHOLD_BLIND_RETURN_pt_BR,pt_BR,Automated Broadcast,[PT] Playback: Payload Withhold / Blind Return. Proceed with caution. Lien deduction active.,4.5,High,Static crackle,Check wrapping,Pending
P437_PAYLOAD_WITHHOLD_BLIND_RETURN,P437_PAYLOAD_WITHHOLD_BLIND_RETURN_ru_RU,ru_RU,Automated Broadcast,Playback: Payload Withhold / Blind Return. Proceed with caution. Lien deduction active.,4.5,High,Static crackle,Check wrapping,Pending
P437_PAYLOAD_WITHHOLD_BLIND_RETURN,P437_PAYLOAD_WITHHOLD_BLIND_RETURN_uk_UA,uk_UA,Automated Broadcast,[UK] Playback: Payload Withhold / Blind Return. Proceed with caution. Lien deduction active.,4.5,High,Static crackle,Check wrapping,Pending
P437_PAYLOAD_WITHHOLD_BLIND_RETURN,P437_PAYLOAD_WITHHOLD_BLIND_RETURN_zh_CN,zh_CN,Automated Broadcast,[ZH] Playback: Payload Withhold / Blind Return. Proceed with caution. Lien deduction active.,4.5,High,Static crackle,Check wrapping,Pending
P438_NO_CLEAN_ENDING_DOSSIER,P438_NO_CLEAN_ENDING_DOSSIER_en_US,en_US,Automated Broadcast,Playback: No Clean Ending Dossier. Proceed with caution. Lien deduction active.,4.5,High,Static crackle,Check wrapping,Pending
P438_NO_CLEAN_ENDING_DOSSIER,P438_NO_CLEAN_ENDING_DOSSIER_ar_SA,ar_SA,Automated Broadcast,[AR] Playback: No Clean Ending Dossier. Proceed with caution. Lien deduction active.,4.5,High,Static crackle,Check wrapping,Pending
P438_NO_CLEAN_ENDING_DOSSIER,P438_NO_CLEAN_ENDING_DOSSIER_de_DE,de_DE,Automated Broadcast,[DE] Playback: No Clean Ending Dossier. Proceed with caution. Lien deduction active.,4.5,High,Static crackle,Check wrapping,Pending
P438_NO_CLEAN_ENDING_DOSSIER,P438_NO_CLEAN_ENDING_DOSSIER_es_ES,es_ES,Automated Broadcast,[ES] Playback: No Clean Ending Dossier. Proceed with caution. Lien deduction active.,4.5,High,Static crackle,Check wrapping,Pending
P438_NO_CLEAN_ENDING_DOSSIER,P438_NO_CLEAN_ENDING_DOSSIER_fr_FR,fr_FR,Automated Broadcast,[FR] Playback: No Clean Ending Dossier. Proceed with caution. Lien deduction active.,4.5,High,Static crackle,Check wrapping,Pending
P438_NO_CLEAN_ENDING_DOSSIER,P438_NO_CLEAN_ENDING_DOSSIER_he_IL,he_IL,Automated Broadcast,[HE] Playback: No Clean Ending Dossier. Proceed with caution. Lien deduction active.,4.5,High,Static crackle,Check wrapping,Pending
P438_NO_CLEAN_ENDING_DOSSIER,P438_NO_CLEAN_ENDING_DOSSIER_id_ID,id_ID,Automated Broadcast,[ID] Playback: No Clean Ending Dossier. Proceed with caution. Lien deduction active.,4.5,High,Static crackle,Check wrapping,Pending
P438_NO_CLEAN_ENDING_DOSSIER,P438_NO_CLEAN_ENDING_DOSSIER_ja_JP,ja_JP,Automated Broadcast,[JA] Playback: No Clean Ending Dossier. Proceed with caution. Lien deduction active.,4.5,High,Static crackle,Check wrapping,Pending
P438_NO_CLEAN_ENDING_DOSSIER,P438_NO_CLEAN_ENDING_DOSSIER_ko_KR,ko_KR,Automated Broadcast,[KO] Playback: No Clean Ending Dossier. Proceed with caution. Lien deduction active.,4.5,High,Static crackle,Check wrapping,Pending
P438_NO_CLEAN_ENDING_DOSSIER,P438_NO_CLEAN_ENDING_DOSSIER_nl_NL,nl_NL,Automated Broadcast,[NL] Playback: No Clean Ending Dossier. Proceed with caution. Lien deduction active.,4.5,High,Static crackle,Check wrapping,Pending
P438_NO_CLEAN_ENDING_DOSSIER,P438_NO_CLEAN_ENDING_DOSSIER_pl_PL,pl_PL,Automated Broadcast,[PL] Playback: No Clean Ending Dossier. Proceed with caution. Lien deduction active.,4.5,High,Static crackle,Check wrapping,Pending
P438_NO_CLEAN_ENDING_DOSSIER,P438_NO_CLEAN_ENDING_DOSSIER_pt_BR,pt_BR,Automated Broadcast,[PT] Playback: No Clean Ending Dossier. Proceed with caution. Lien deduction active.,4.5,High,Static crackle,Check wrapping,Pending
P438_NO_CLEAN_ENDING_DOSSIER,P438_NO_CLEAN_ENDING_DOSSIER_ru_RU,ru_RU,Automated Broadcast,Playback: No Clean Ending Dossier. Proceed with caution. Lien deduction active.,4.5,High,Static crackle,Check wrapping,Pending
P438_NO_CLEAN_ENDING_DOSSIER,P438_NO_CLEAN_ENDING_DOSSIER_uk_UA,uk_UA,Automated Broadcast,[UK] Playback: No Clean Ending Dossier. Proceed with caution. Lien deduction active.,4.5,High,Static crackle,Check wrapping,Pending
P438_NO_CLEAN_ENDING_DOSSIER,P438_NO_CLEAN_ENDING_DOSSIER_zh_CN,zh_CN,Automated Broadcast,[ZH] Playback: No Clean Ending Dossier. Proceed with caution. Lien deduction active.,4.5,High,Static crackle,Check wrapping,Pending
P439_FINAL_QUESTION_SEVERANCE_MERCY_THEFT,P439_FINAL_QUESTION_SEVERANCE_MERCY_THEFT_en_US,en_US,Automated Broadcast,Playback: Final Severance Mercy Theft. Proceed with caution. Lien deduction active.,4.5,High,Static crackle,Check wrapping,Pending
P439_FINAL_QUESTION_SEVERANCE_MERCY_THEFT,P439_FINAL_QUESTION_SEVERANCE_MERCY_THEFT_ar_SA,ar_SA,Automated Broadcast,[AR] Playback: Final Severance Mercy Theft. Proceed with caution. Lien deduction active.,4.5,High,Static crackle,Check wrapping,Pending
P439_FINAL_QUESTION_SEVERANCE_MERCY_THEFT,P439_FINAL_QUESTION_SEVERANCE_MERCY_THEFT_de_DE,de_DE,Automated Broadcast,[DE] Playback: Final Severance Mercy Theft. Proceed with caution. Lien deduction active.,4.5,High,Static crackle,Check wrapping,Pending
P439_FINAL_QUESTION_SEVERANCE_MERCY_THEFT,P439_FINAL_QUESTION_SEVERANCE_MERCY_THEFT_es_ES,es_ES,Automated Broadcast,[ES] Playback: Final Severance Mercy Theft. Proceed with caution. Lien deduction active.,4.5,High,Static crackle,Check wrapping,Pending
P439_FINAL_QUESTION_SEVERANCE_MERCY_THEFT,P439_FINAL_QUESTION_SEVERANCE_MERCY_THEFT_fr_FR,fr_FR,Automated Broadcast,[FR] Playback: Final Severance Mercy Theft. Proceed with caution. Lien deduction active.,4.5,High,Static crackle,Check wrapping,Pending
P439_FINAL_QUESTION_SEVERANCE_MERCY_THEFT,P439_FINAL_QUESTION_SEVERANCE_MERCY_THEFT_he_IL,he_IL,Automated Broadcast,[HE] Playback: Final Severance Mercy Theft. Proceed with caution. Lien deduction active.,4.5,High,Static crackle,Check wrapping,Pending
P439_FINAL_QUESTION_SEVERANCE_MERCY_THEFT,P439_FINAL_QUESTION_SEVERANCE_MERCY_THEFT_id_ID,id_ID,Automated Broadcast,[ID] Playback: Final Severance Mercy Theft. Proceed with caution. Lien deduction active.,4.5,High,Static crackle,Check wrapping,Pending
P439_FINAL_QUESTION_SEVERANCE_MERCY_THEFT,P439_FINAL_QUESTION_SEVERANCE_MERCY_THEFT_ja_JP,ja_JP,Automated Broadcast,[JA] Playback: Final Severance Mercy Theft. Proceed with caution. Lien deduction active.,4.5,High,Static crackle,Check wrapping,Pending
P439_FINAL_QUESTION_SEVERANCE_MERCY_THEFT,P439_FINAL_QUESTION_SEVERANCE_MERCY_THEFT_ko_KR,ko_KR,Automated Broadcast,[KO] Playback: Final Severance Mercy Theft. Proceed with caution. Lien deduction active.,4.5,High,Static crackle,Check wrapping,Pending
P439_FINAL_QUESTION_SEVERANCE_MERCY_THEFT,P439_FINAL_QUESTION_SEVERANCE_MERCY_THEFT_nl_NL,nl_NL,Automated Broadcast,[NL] Playback: Final Severance Mercy Theft. Proceed with caution. Lien deduction active.,4.5,High,Static crackle,Check wrapping,Pending
P439_FINAL_QUESTION_SEVERANCE_MERCY_THEFT,P439_FINAL_QUESTION_SEVERANCE_MERCY_THEFT_pl_PL,pl_PL,Automated Broadcast,[PL] Playback: Final Severance Mercy Theft. Proceed with caution. Lien deduction active.,4.5,High,Static crackle,Check wrapping,Pending
P439_FINAL_QUESTION_SEVERANCE_MERCY_THEFT,P439_FINAL_QUESTION_SEVERANCE_MERCY_THEFT_pt_BR,pt_BR,Automated Broadcast,[PT] Playback: Final Severance Mercy Theft. Proceed with caution. Lien deduction active.,4.5,High,Static crackle,Check wrapping,Pending
P439_FINAL_QUESTION_SEVERANCE_MERCY_THEFT,P439_FINAL_QUESTION_SEVERANCE_MERCY_THEFT_ru_RU,ru_RU,Automated Broadcast,Playback: Final Severance Mercy Theft. Proceed with caution. Lien deduction active.,4.5,High,Static crackle,Check wrapping,Pending
P439_FINAL_QUESTION_SEVERANCE_MERCY_THEFT,P439_FINAL_QUESTION_SEVERANCE_MERCY_THEFT_uk_UA,uk_UA,Automated Broadcast,[UK] Playback: Final Severance Mercy Theft. Proceed with caution. Lien deduction active.,4.5,High,Static crackle,Check wrapping,Pending
P439_FINAL_QUESTION_SEVERANCE_MERCY_THEFT,P439_FINAL_QUESTION_SEVERANCE_MERCY_THEFT_zh_CN,zh_CN,Automated Broadcast,[ZH] Playback: Final Severance Mercy Theft. Proceed with caution. Lien deduction active.,4.5,High,Static crackle,Check wrapping,Pending
