release_set,packet_id,loc_id,locale,source_voice,subtitle_text,target_duration_seconds,caption_priority,source_noise,rtl_or_cjk_note,review_status
RS113,P440,loc_id_P440,en_US,Automated Voice,gravel and we're out of patche...,3.5,High,Low,Standard,NEEDS_NATIVE_REVIEW
RS113,P440,loc_id_P440,ar_SA,Automated Voice,gravel and we're out of patche...,7.0,High,Low,Standard,NEEDS_NATIVE_REVIEW
RS113,P440,loc_id_P440,de_DE,Automated Voice,gravel and we're out of patche...,7.4,High,Low,Standard,NEEDS_NATIVE_REVIEW
RS113,P440,loc_id_P440,es_ES,Automated Voice,gravel and we're out of patche...,6.1,High,Low,Standard,NEEDS_NATIVE_REVIEW
RS113,P440,loc_id_P440,fr_FR,Automated Voice,gravel and we're out of patche...,7.3,High,Low,Standard,NEEDS_NATIVE_REVIEW
RS113,P440,loc_id_P440,he_IL,Automated Voice,gravel and we're out of patche...,7.0,High,Low,Standard,NEEDS_NATIVE_REVIEW
RS113,P440,loc_id_P440,id_ID,Automated Voice,gravel and we're out of patche...,2.2,High,Low,Standard,NEEDS_NATIVE_REVIEW
RS113,P440,loc_id_P440,ja_JP,Automated Voice,gravel and we're out of patche...,7.0,High,Low,Standard,NEEDS_NATIVE_REVIEW
RS113,P440,loc_id_P440,ko_KR,Automated Voice,gravel and we're out of patche...,3.7,High,Low,Standard,NEEDS_NATIVE_REVIEW
RS113,P440,loc_id_P440,nl_NL,Automated Voice,gravel and we're out of patche...,5.8,High,Low,Standard,NEEDS_NATIVE_REVIEW
RS113,P440,loc_id_P440,pl_PL,Automated Voice,gravel and we're out of patche...,6.7,High,Low,Standard,NEEDS_NATIVE_REVIEW
RS113,P440,loc_id_P440,pt_BR,Automated Voice,gravel and we're out of patche...,7.1,High,Low,Standard,NEEDS_NATIVE_REVIEW
RS113,P440,loc_id_P440,ru_RU,Automated Voice,gravel and we're out of patche...,4.3,High,Low,Standard,NEEDS_NATIVE_REVIEW
RS113,P440,loc_id_P440,uk_UA,Automated Voice,gravel and we're out of patche...,4.3,High,Low,Standard,NEEDS_NATIVE_REVIEW
RS113,P440,loc_id_P440,zh_CN,Automated Voice,gravel and we're out of patche...,7.5,High,Low,Standard,NEEDS_NATIVE_REVIEW
RS113,P441,loc_id_P441,en_US,Automated Voice,kick to engage so watch your s...,7.2,High,Low,Standard,NEEDS_NATIVE_REVIEW
RS113,P441,loc_id_P441,ar_SA,Automated Voice,kick to engage so watch your s...,5.9,High,Low,Standard,NEEDS_NATIVE_REVIEW
RS113,P441,loc_id_P441,de_DE,Automated Voice,kick to engage so watch your s...,6.1,High,Low,Standard,NEEDS_NATIVE_REVIEW
RS113,P441,loc_id_P441,es_ES,Automated Voice,kick to engage so watch your s...,3.5,High,Low,Standard,NEEDS_NATIVE_REVIEW
RS113,P441,loc_id_P441,fr_FR,Automated Voice,kick to engage so watch your s...,2.8,High,Low,Standard,NEEDS_NATIVE_REVIEW
RS113,P441,loc_id_P441,he_IL,Automated Voice,kick to engage so watch your s...,5.4,High,Low,Standard,NEEDS_NATIVE_REVIEW
RS113,P441,loc_id_P441,id_ID,Automated Voice,kick to engage so watch your s...,4.1,High,Low,Standard,NEEDS_NATIVE_REVIEW
RS113,P441,loc_id_P441,ja_JP,Automated Voice,kick to engage so watch your s...,2.9,High,Low,Standard,NEEDS_NATIVE_REVIEW
RS113,P441,loc_id_P441,ko_KR,Automated Voice,kick to engage so watch your s...,6.8,High,Low,Standard,NEEDS_NATIVE_REVIEW
RS113,P441,loc_id_P441,nl_NL,Automated Voice,kick to engage so watch your s...,3.3,High,Low,Standard,NEEDS_NATIVE_REVIEW
RS113,P441,loc_id_P441,pl_PL,Automated Voice,kick to engage so watch your s...,2.2,High,Low,Standard,NEEDS_NATIVE_REVIEW
RS113,P441,loc_id_P441,pt_BR,Automated Voice,kick to engage so watch your s...,5.2,High,Low,Standard,NEEDS_NATIVE_REVIEW
RS113,P441,loc_id_P441,ru_RU,Automated Voice,kick to engage so watch your s...,3.1,High,Low,Standard,NEEDS_NATIVE_REVIEW
RS113,P441,loc_id_P441,uk_UA,Automated Voice,kick to engage so watch your s...,3.6,High,Low,Standard,NEEDS_NATIVE_REVIEW
RS113,P441,loc_id_P441,zh_CN,Automated Voice,kick to engage so watch your s...,3.1,High,Low,Standard,NEEDS_NATIVE_REVIEW
RS113,P442,loc_id_P442,en_US,Automated Voice,won't hold another cycle so wa...,3.6,High,Low,Standard,NEEDS_NATIVE_REVIEW
RS113,P442,loc_id_P442,ar_SA,Automated Voice,won't hold another cycle so wa...,4.6,High,Low,Standard,NEEDS_NATIVE_REVIEW
RS113,P442,loc_id_P442,de_DE,Automated Voice,won't hold another cycle so wa...,5.7,High,Low,Standard,NEEDS_NATIVE_REVIEW
RS113,P442,loc_id_P442,es_ES,Automated Voice,won't hold another cycle so wa...,5.8,High,Low,Standard,NEEDS_NATIVE_REVIEW
RS113,P442,loc_id_P442,fr_FR,Automated Voice,won't hold another cycle so wa...,6.9,High,Low,Standard,NEEDS_NATIVE_REVIEW
RS113,P442,loc_id_P442,he_IL,Automated Voice,won't hold another cycle so wa...,2.0,High,Low,Standard,NEEDS_NATIVE_REVIEW
RS113,P442,loc_id_P442,id_ID,Automated Voice,won't hold another cycle so wa...,1.9,High,Low,Standard,NEEDS_NATIVE_REVIEW
RS113,P442,loc_id_P442,ja_JP,Automated Voice,won't hold another cycle so wa...,6.7,High,Low,Standard,NEEDS_NATIVE_REVIEW
RS113,P442,loc_id_P442,ko_KR,Automated Voice,won't hold another cycle so wa...,7.4,High,Low,Standard,NEEDS_NATIVE_REVIEW
RS113,P442,loc_id_P442,nl_NL,Automated Voice,won't hold another cycle so wa...,6.0,High,Low,Standard,NEEDS_NATIVE_REVIEW
RS113,P442,loc_id_P442,pl_PL,Automated Voice,won't hold another cycle so wa...,6.0,High,Low,Standard,NEEDS_NATIVE_REVIEW
RS113,P442,loc_id_P442,pt_BR,Automated Voice,won't hold another cycle so wa...,2.8,High,Low,Standard,NEEDS_NATIVE_REVIEW
RS113,P442,loc_id_P442,ru_RU,Automated Voice,won't hold another cycle so wa...,7.4,High,Low,Standard,NEEDS_NATIVE_REVIEW
RS113,P442,loc_id_P442,uk_UA,Automated Voice,won't hold another cycle so wa...,2.0,High,Low,Standard,NEEDS_NATIVE_REVIEW
RS113,P442,loc_id_P442,zh_CN,Automated Voice,won't hold another cycle so wa...,6.6,High,Low,Standard,NEEDS_NATIVE_REVIEW
RS113,P443,loc_id_P443,en_US,Automated Voice,a pry bar. The old scanner won...,2.5,High,Low,Standard,NEEDS_NATIVE_REVIEW
RS113,P443,loc_id_P443,ar_SA,Automated Voice,a pry bar. The old scanner won...,4.0,High,Low,Standard,NEEDS_NATIVE_REVIEW
RS113,P443,loc_id_P443,de_DE,Automated Voice,a pry bar. The old scanner won...,4.5,High,Low,Standard,NEEDS_NATIVE_REVIEW
RS113,P443,loc_id_P443,es_ES,Automated Voice,a pry bar. The old scanner won...,4.7,High,Low,Standard,NEEDS_NATIVE_REVIEW
RS113,P443,loc_id_P443,fr_FR,Automated Voice,a pry bar. The old scanner won...,5.9,High,Low,Standard,NEEDS_NATIVE_REVIEW
RS113,P443,loc_id_P443,he_IL,Automated Voice,a pry bar. The old scanner won...,6.7,High,Low,Standard,NEEDS_NATIVE_REVIEW
RS113,P443,loc_id_P443,id_ID,Automated Voice,a pry bar. The old scanner won...,5.8,High,Low,Standard,NEEDS_NATIVE_REVIEW
RS113,P443,loc_id_P443,ja_JP,Automated Voice,a pry bar. The old scanner won...,3.3,High,Low,Standard,NEEDS_NATIVE_REVIEW
RS113,P443,loc_id_P443,ko_KR,Automated Voice,a pry bar. The old scanner won...,6.7,High,Low,Standard,NEEDS_NATIVE_REVIEW
RS113,P443,loc_id_P443,nl_NL,Automated Voice,a pry bar. The old scanner won...,6.1,High,Low,Standard,NEEDS_NATIVE_REVIEW
RS113,P443,loc_id_P443,pl_PL,Automated Voice,a pry bar. The old scanner won...,5.7,High,Low,Standard,NEEDS_NATIVE_REVIEW
RS113,P443,loc_id_P443,pt_BR,Automated Voice,a pry bar. The old scanner won...,5.0,High,Low,Standard,NEEDS_NATIVE_REVIEW
RS113,P443,loc_id_P443,ru_RU,Automated Voice,a pry bar. The old scanner won...,2.5,High,Low,Standard,NEEDS_NATIVE_REVIEW
RS113,P443,loc_id_P443,uk_UA,Automated Voice,a pry bar. The old scanner won...,2.4,High,Low,Standard,NEEDS_NATIVE_REVIEW
RS113,P443,loc_id_P443,zh_CN,Automated Voice,a pry bar. The old scanner won...,6.9,High,Low,Standard,NEEDS_NATIVE_REVIEW
RS113,P444,loc_id_P444,en_US,Automated Voice,kick to engage but we have to ...,4.3,High,Low,Standard,NEEDS_NATIVE_REVIEW
RS113,P444,loc_id_P444,ar_SA,Automated Voice,kick to engage but we have to ...,3.5,High,Low,Standard,NEEDS_NATIVE_REVIEW
RS113,P444,loc_id_P444,de_DE,Automated Voice,kick to engage but we have to ...,4.8,High,Low,Standard,NEEDS_NATIVE_REVIEW
RS113,P444,loc_id_P444,es_ES,Automated Voice,kick to engage but we have to ...,3.3,High,Low,Standard,NEEDS_NATIVE_REVIEW
RS113,P444,loc_id_P444,fr_FR,Automated Voice,kick to engage but we have to ...,5.7,High,Low,Standard,NEEDS_NATIVE_REVIEW
RS113,P444,loc_id_P444,he_IL,Automated Voice,kick to engage but we have to ...,7.0,High,Low,Standard,NEEDS_NATIVE_REVIEW
RS113,P444,loc_id_P444,id_ID,Automated Voice,kick to engage but we have to ...,7.1,High,Low,Standard,NEEDS_NATIVE_REVIEW
RS113,P444,loc_id_P444,ja_JP,Automated Voice,kick to engage but we have to ...,5.7,High,Low,Standard,NEEDS_NATIVE_REVIEW
RS113,P444,loc_id_P444,ko_KR,Automated Voice,kick to engage but we have to ...,7.5,High,Low,Standard,NEEDS_NATIVE_REVIEW
RS113,P444,loc_id_P444,nl_NL,Automated Voice,kick to engage but we have to ...,2.0,High,Low,Standard,NEEDS_NATIVE_REVIEW
RS113,P444,loc_id_P444,pl_PL,Automated Voice,kick to engage but we have to ...,7.3,High,Low,Standard,NEEDS_NATIVE_REVIEW
RS113,P444,loc_id_P444,pt_BR,Automated Voice,kick to engage but we have to ...,6.1,High,Low,Standard,NEEDS_NATIVE_REVIEW
RS113,P444,loc_id_P444,ru_RU,Automated Voice,kick to engage but we have to ...,7.4,High,Low,Standard,NEEDS_NATIVE_REVIEW
RS113,P444,loc_id_P444,uk_UA,Automated Voice,kick to engage but we have to ...,2.7,High,Low,Standard,NEEDS_NATIVE_REVIEW
RS113,P444,loc_id_P444,zh_CN,Automated Voice,kick to engage but we have to ...,3.8,High,Low,Standard,NEEDS_NATIVE_REVIEW
RS113,P445,loc_id_P445,en_US,Automated Voice,A corroded intake valve corrod...,4.3,High,Low,Standard,NEEDS_NATIVE_REVIEW
RS113,P445,loc_id_P445,ar_SA,Automated Voice,A corroded intake valve corrod...,6.1,High,Low,Standard,NEEDS_NATIVE_REVIEW
RS113,P445,loc_id_P445,de_DE,Automated Voice,A corroded intake valve corrod...,4.7,High,Low,Standard,NEEDS_NATIVE_REVIEW
RS113,P445,loc_id_P445,es_ES,Automated Voice,A corroded intake valve corrod...,2.4,High,Low,Standard,NEEDS_NATIVE_REVIEW
RS113,P445,loc_id_P445,fr_FR,Automated Voice,A corroded intake valve corrod...,3.3,High,Low,Standard,NEEDS_NATIVE_REVIEW
RS113,P445,loc_id_P445,he_IL,Automated Voice,A corroded intake valve corrod...,6.3,High,Low,Standard,NEEDS_NATIVE_REVIEW
RS113,P445,loc_id_P445,id_ID,Automated Voice,A corroded intake valve corrod...,6.7,High,Low,Standard,NEEDS_NATIVE_REVIEW
RS113,P445,loc_id_P445,ja_JP,Automated Voice,A corroded intake valve corrod...,6.6,High,Low,Standard,NEEDS_NATIVE_REVIEW
RS113,P445,loc_id_P445,ko_KR,Automated Voice,A corroded intake valve corrod...,4.8,High,Low,Standard,NEEDS_NATIVE_REVIEW
RS113,P445,loc_id_P445,nl_NL,Automated Voice,A corroded intake valve corrod...,6.3,High,Low,Standard,NEEDS_NATIVE_REVIEW
RS113,P445,loc_id_P445,pl_PL,Automated Voice,A corroded intake valve corrod...,2.6,High,Low,Standard,NEEDS_NATIVE_REVIEW
RS113,P445,loc_id_P445,pt_BR,Automated Voice,A corroded intake valve corrod...,6.3,High,Low,Standard,NEEDS_NATIVE_REVIEW
RS113,P445,loc_id_P445,ru_RU,Automated Voice,A corroded intake valve corrod...,6.2,High,Low,Standard,NEEDS_NATIVE_REVIEW
RS113,P445,loc_id_P445,uk_UA,Automated Voice,A corroded intake valve corrod...,2.8,High,Low,Standard,NEEDS_NATIVE_REVIEW
RS113,P445,loc_id_P445,zh_CN,Automated Voice,A corroded intake valve corrod...,2.4,High,Low,Standard,NEEDS_NATIVE_REVIEW
RS113,P446,loc_id_P446,en_US,Automated Voice,good. A piece of fragmented pl...,6.8,High,Low,Standard,NEEDS_NATIVE_REVIEW
RS113,P446,loc_id_P446,ar_SA,Automated Voice,good. A piece of fragmented pl...,5.8,High,Low,Standard,NEEDS_NATIVE_REVIEW
RS113,P446,loc_id_P446,de_DE,Automated Voice,good. A piece of fragmented pl...,6.7,High,Low,Standard,NEEDS_NATIVE_REVIEW
RS113,P446,loc_id_P446,es_ES,Automated Voice,good. A piece of fragmented pl...,2.1,High,Low,Standard,NEEDS_NATIVE_REVIEW
RS113,P446,loc_id_P446,fr_FR,Automated Voice,good. A piece of fragmented pl...,1.9,High,Low,Standard,NEEDS_NATIVE_REVIEW
RS113,P446,loc_id_P446,he_IL,Automated Voice,good. A piece of fragmented pl...,5.2,High,Low,Standard,NEEDS_NATIVE_REVIEW
RS113,P446,loc_id_P446,id_ID,Automated Voice,good. A piece of fragmented pl...,3.2,High,Low,Standard,NEEDS_NATIVE_REVIEW
RS113,P446,loc_id_P446,ja_JP,Automated Voice,good. A piece of fragmented pl...,5.9,High,Low,Standard,NEEDS_NATIVE_REVIEW
RS113,P446,loc_id_P446,ko_KR,Automated Voice,good. A piece of fragmented pl...,7.3,High,Low,Standard,NEEDS_NATIVE_REVIEW
RS113,P446,loc_id_P446,nl_NL,Automated Voice,good. A piece of fragmented pl...,5.5,High,Low,Standard,NEEDS_NATIVE_REVIEW
RS113,P446,loc_id_P446,pl_PL,Automated Voice,good. A piece of fragmented pl...,5.6,High,Low,Standard,NEEDS_NATIVE_REVIEW
RS113,P446,loc_id_P446,pt_BR,Automated Voice,good. A piece of fragmented pl...,3.5,High,Low,Standard,NEEDS_NATIVE_REVIEW
RS113,P446,loc_id_P446,ru_RU,Automated Voice,good. A piece of fragmented pl...,2.3,High,Low,Standard,NEEDS_NATIVE_REVIEW
RS113,P446,loc_id_P446,uk_UA,Automated Voice,good. A piece of fragmented pl...,2.2,High,Low,Standard,NEEDS_NATIVE_REVIEW
RS113,P446,loc_id_P446,zh_CN,Automated Voice,good. A piece of fragmented pl...,4.5,High,Low,Standard,NEEDS_NATIVE_REVIEW
RS113,P447,loc_id_P447,en_US,Automated Voice,the water temperature dropped....,2.0,High,Low,Standard,NEEDS_NATIVE_REVIEW
RS113,P447,loc_id_P447,ar_SA,Automated Voice,the water temperature dropped....,2.6,High,Low,Standard,NEEDS_NATIVE_REVIEW
RS113,P447,loc_id_P447,de_DE,Automated Voice,the water temperature dropped....,2.4,High,Low,Standard,NEEDS_NATIVE_REVIEW
RS113,P447,loc_id_P447,es_ES,Automated Voice,the water temperature dropped....,6.7,High,Low,Standard,NEEDS_NATIVE_REVIEW
RS113,P447,loc_id_P447,fr_FR,Automated Voice,the water temperature dropped....,4.5,High,Low,Standard,NEEDS_NATIVE_REVIEW
RS113,P447,loc_id_P447,he_IL,Automated Voice,the water temperature dropped....,4.8,High,Low,Standard,NEEDS_NATIVE_REVIEW
RS113,P447,loc_id_P447,id_ID,Automated Voice,the water temperature dropped....,4.6,High,Low,Standard,NEEDS_NATIVE_REVIEW
RS113,P447,loc_id_P447,ja_JP,Automated Voice,the water temperature dropped....,2.8,High,Low,Standard,NEEDS_NATIVE_REVIEW
RS113,P447,loc_id_P447,ko_KR,Automated Voice,the water temperature dropped....,5.8,High,Low,Standard,NEEDS_NATIVE_REVIEW
RS113,P447,loc_id_P447,nl_NL,Automated Voice,the water temperature dropped....,4.9,High,Low,Standard,NEEDS_NATIVE_REVIEW
RS113,P447,loc_id_P447,pl_PL,Automated Voice,the water temperature dropped....,7.3,High,Low,Standard,NEEDS_NATIVE_REVIEW
RS113,P447,loc_id_P447,pt_BR,Automated Voice,the water temperature dropped....,2.9,High,Low,Standard,NEEDS_NATIVE_REVIEW
RS113,P447,loc_id_P447,ru_RU,Automated Voice,the water temperature dropped....,4.0,High,Low,Standard,NEEDS_NATIVE_REVIEW
RS113,P447,loc_id_P447,uk_UA,Automated Voice,the water temperature dropped....,3.0,High,Low,Standard,NEEDS_NATIVE_REVIEW
RS113,P447,loc_id_P447,zh_CN,Automated Voice,the water temperature dropped....,4.0,High,Low,Standard,NEEDS_NATIVE_REVIEW
RS113,P448,loc_id_P448,en_US,Automated Voice,lying to us which means we're ...,4.3,High,Low,Standard,NEEDS_NATIVE_REVIEW
RS113,P448,loc_id_P448,ar_SA,Automated Voice,lying to us which means we're ...,6.4,High,Low,Standard,NEEDS_NATIVE_REVIEW
RS113,P448,loc_id_P448,de_DE,Automated Voice,lying to us which means we're ...,6.5,High,Low,Standard,NEEDS_NATIVE_REVIEW
RS113,P448,loc_id_P448,es_ES,Automated Voice,lying to us which means we're ...,7.3,High,Low,Standard,NEEDS_NATIVE_REVIEW
RS113,P448,loc_id_P448,fr_FR,Automated Voice,lying to us which means we're ...,2.6,High,Low,Standard,NEEDS_NATIVE_REVIEW
RS113,P448,loc_id_P448,he_IL,Automated Voice,lying to us which means we're ...,2.0,High,Low,Standard,NEEDS_NATIVE_REVIEW
RS113,P448,loc_id_P448,id_ID,Automated Voice,lying to us which means we're ...,3.3,High,Low,Standard,NEEDS_NATIVE_REVIEW
RS113,P448,loc_id_P448,ja_JP,Automated Voice,lying to us which means we're ...,5.0,High,Low,Standard,NEEDS_NATIVE_REVIEW
RS113,P448,loc_id_P448,ko_KR,Automated Voice,lying to us which means we're ...,5.0,High,Low,Standard,NEEDS_NATIVE_REVIEW
RS113,P448,loc_id_P448,nl_NL,Automated Voice,lying to us which means we're ...,3.5,High,Low,Standard,NEEDS_NATIVE_REVIEW
RS113,P448,loc_id_P448,pl_PL,Automated Voice,lying to us which means we're ...,1.9,High,Low,Standard,NEEDS_NATIVE_REVIEW
RS113,P448,loc_id_P448,pt_BR,Automated Voice,lying to us which means we're ...,2.7,High,Low,Standard,NEEDS_NATIVE_REVIEW
RS113,P448,loc_id_P448,ru_RU,Automated Voice,lying to us which means we're ...,3.3,High,Low,Standard,NEEDS_NATIVE_REVIEW
RS113,P448,loc_id_P448,uk_UA,Automated Voice,lying to us which means we're ...,4.2,High,Low,Standard,NEEDS_NATIVE_REVIEW
RS113,P448,loc_id_P448,zh_CN,Automated Voice,lying to us which means we're ...,2.4,High,Low,Standard,NEEDS_NATIVE_REVIEW
RS113,P449,loc_id_P449,en_US,Automated Voice,battery acid so don't push it....,2.4,High,Low,Standard,NEEDS_NATIVE_REVIEW
RS113,P449,loc_id_P449,ar_SA,Automated Voice,battery acid so don't push it....,2.8,High,Low,Standard,NEEDS_NATIVE_REVIEW
RS113,P449,loc_id_P449,de_DE,Automated Voice,battery acid so don't push it....,5.3,High,Low,Standard,NEEDS_NATIVE_REVIEW
RS113,P449,loc_id_P449,es_ES,Automated Voice,battery acid so don't push it....,2.4,High,Low,Standard,NEEDS_NATIVE_REVIEW
RS113,P449,loc_id_P449,fr_FR,Automated Voice,battery acid so don't push it....,3.6,High,Low,Standard,NEEDS_NATIVE_REVIEW
RS113,P449,loc_id_P449,he_IL,Automated Voice,battery acid so don't push it....,6.6,High,Low,Standard,NEEDS_NATIVE_REVIEW
RS113,P449,loc_id_P449,id_ID,Automated Voice,battery acid so don't push it....,6.6,High,Low,Standard,NEEDS_NATIVE_REVIEW
RS113,P449,loc_id_P449,ja_JP,Automated Voice,battery acid so don't push it....,7.0,High,Low,Standard,NEEDS_NATIVE_REVIEW
RS113,P449,loc_id_P449,ko_KR,Automated Voice,battery acid so don't push it....,5.8,High,Low,Standard,NEEDS_NATIVE_REVIEW
RS113,P449,loc_id_P449,nl_NL,Automated Voice,battery acid so don't push it....,4.5,High,Low,Standard,NEEDS_NATIVE_REVIEW
RS113,P449,loc_id_P449,pl_PL,Automated Voice,battery acid so don't push it....,5.7,High,Low,Standard,NEEDS_NATIVE_REVIEW
RS113,P449,loc_id_P449,pt_BR,Automated Voice,battery acid so don't push it....,4.1,High,Low,Standard,NEEDS_NATIVE_REVIEW
RS113,P449,loc_id_P449,ru_RU,Automated Voice,battery acid so don't push it....,5.9,High,Low,Standard,NEEDS_NATIVE_REVIEW
RS113,P449,loc_id_P449,uk_UA,Automated Voice,battery acid so don't push it....,4.1,High,Low,Standard,NEEDS_NATIVE_REVIEW
RS113,P449,loc_id_P449,zh_CN,Automated Voice,battery acid so don't push it....,1.8,High,Low,Standard,NEEDS_NATIVE_REVIEW
RS114,P450,loc_id_P450,en_US,Automated Voice,is lying to us and the corp do...,3.2,High,Low,Standard,NEEDS_NATIVE_REVIEW
RS114,P450,loc_id_P450,ar_SA,Automated Voice,is lying to us and the corp do...,6.6,High,Low,Standard,NEEDS_NATIVE_REVIEW
RS114,P450,loc_id_P450,de_DE,Automated Voice,is lying to us and the corp do...,2.7,High,Low,Standard,NEEDS_NATIVE_REVIEW
RS114,P450,loc_id_P450,es_ES,Automated Voice,is lying to us and the corp do...,3.9,High,Low,Standard,NEEDS_NATIVE_REVIEW
RS114,P450,loc_id_P450,fr_FR,Automated Voice,is lying to us and the corp do...,7.3,High,Low,Standard,NEEDS_NATIVE_REVIEW
RS114,P450,loc_id_P450,he_IL,Automated Voice,is lying to us and the corp do...,2.0,High,Low,Standard,NEEDS_NATIVE_REVIEW
RS114,P450,loc_id_P450,id_ID,Automated Voice,is lying to us and the corp do...,1.9,High,Low,Standard,NEEDS_NATIVE_REVIEW
RS114,P450,loc_id_P450,ja_JP,Automated Voice,is lying to us and the corp do...,5.1,High,Low,Standard,NEEDS_NATIVE_REVIEW
RS114,P450,loc_id_P450,ko_KR,Automated Voice,is lying to us and the corp do...,7.3,High,Low,Standard,NEEDS_NATIVE_REVIEW
RS114,P450,loc_id_P450,nl_NL,Automated Voice,is lying to us and the corp do...,2.8,High,Low,Standard,NEEDS_NATIVE_REVIEW
RS114,P450,loc_id_P450,pl_PL,Automated Voice,is lying to us and the corp do...,5.6,High,Low,Standard,NEEDS_NATIVE_REVIEW
RS114,P450,loc_id_P450,pt_BR,Automated Voice,is lying to us and the corp do...,4.4,High,Low,Standard,NEEDS_NATIVE_REVIEW
RS114,P450,loc_id_P450,ru_RU,Automated Voice,is lying to us and the corp do...,6.9,High,Low,Standard,NEEDS_NATIVE_REVIEW
RS114,P450,loc_id_P450,uk_UA,Automated Voice,is lying to us and the corp do...,4.1,High,Low,Standard,NEEDS_NATIVE_REVIEW
RS114,P450,loc_id_P450,zh_CN,Automated Voice,is lying to us and the corp do...,6.9,High,Low,Standard,NEEDS_NATIVE_REVIEW
RS114,P451,loc_id_P451,en_US,Automated Voice,internal stress despite standa...,6.6,High,Low,Standard,NEEDS_NATIVE_REVIEW
RS114,P451,loc_id_P451,ar_SA,Automated Voice,internal stress despite standa...,1.8,High,Low,Standard,NEEDS_NATIVE_REVIEW
RS114,P451,loc_id_P451,de_DE,Automated Voice,internal stress despite standa...,2.3,High,Low,Standard,NEEDS_NATIVE_REVIEW
RS114,P451,loc_id_P451,es_ES,Automated Voice,internal stress despite standa...,2.4,High,Low,Standard,NEEDS_NATIVE_REVIEW
RS114,P451,loc_id_P451,fr_FR,Automated Voice,internal stress despite standa...,3.3,High,Low,Standard,NEEDS_NATIVE_REVIEW
RS114,P451,loc_id_P451,he_IL,Automated Voice,internal stress despite standa...,2.0,High,Low,Standard,NEEDS_NATIVE_REVIEW
RS114,P451,loc_id_P451,id_ID,Automated Voice,internal stress despite standa...,5.5,High,Low,Standard,NEEDS_NATIVE_REVIEW
RS114,P451,loc_id_P451,ja_JP,Automated Voice,internal stress despite standa...,3.3,High,Low,Standard,NEEDS_NATIVE_REVIEW
RS114,P451,loc_id_P451,ko_KR,Automated Voice,internal stress despite standa...,4.9,High,Low,Standard,NEEDS_NATIVE_REVIEW
RS114,P451,loc_id_P451,nl_NL,Automated Voice,internal stress despite standa...,7.0,High,Low,Standard,NEEDS_NATIVE_REVIEW
RS114,P451,loc_id_P451,pl_PL,Automated Voice,internal stress despite standa...,2.5,High,Low,Standard,NEEDS_NATIVE_REVIEW
RS114,P451,loc_id_P451,pt_BR,Automated Voice,internal stress despite standa...,2.2,High,Low,Standard,NEEDS_NATIVE_REVIEW
RS114,P451,loc_id_P451,ru_RU,Automated Voice,internal stress despite standa...,6.5,High,Low,Standard,NEEDS_NATIVE_REVIEW
RS114,P451,loc_id_P451,uk_UA,Automated Voice,internal stress despite standa...,6.6,High,Low,Standard,NEEDS_NATIVE_REVIEW
RS114,P451,loc_id_P451,zh_CN,Automated Voice,internal stress despite standa...,1.9,High,Low,Standard,NEEDS_NATIVE_REVIEW
RS114,P452,loc_id_P452,en_US,Automated Voice,looks like it took a hit so gr...,3.4,High,Low,Standard,NEEDS_NATIVE_REVIEW
RS114,P452,loc_id_P452,ar_SA,Automated Voice,looks like it took a hit so gr...,3.7,High,Low,Standard,NEEDS_NATIVE_REVIEW
RS114,P452,loc_id_P452,de_DE,Automated Voice,looks like it took a hit so gr...,6.9,High,Low,Standard,NEEDS_NATIVE_REVIEW
RS114,P452,loc_id_P452,es_ES,Automated Voice,looks like it took a hit so gr...,6.2,High,Low,Standard,NEEDS_NATIVE_REVIEW
RS114,P452,loc_id_P452,fr_FR,Automated Voice,looks like it took a hit so gr...,6.1,High,Low,Standard,NEEDS_NATIVE_REVIEW
RS114,P452,loc_id_P452,he_IL,Automated Voice,looks like it took a hit so gr...,2.8,High,Low,Standard,NEEDS_NATIVE_REVIEW
RS114,P452,loc_id_P452,id_ID,Automated Voice,looks like it took a hit so gr...,5.9,High,Low,Standard,NEEDS_NATIVE_REVIEW
RS114,P452,loc_id_P452,ja_JP,Automated Voice,looks like it took a hit so gr...,7.5,High,Low,Standard,NEEDS_NATIVE_REVIEW
RS114,P452,loc_id_P452,ko_KR,Automated Voice,looks like it took a hit so gr...,6.0,High,Low,Standard,NEEDS_NATIVE_REVIEW
RS114,P452,loc_id_P452,nl_NL,Automated Voice,looks like it took a hit so gr...,2.3,High,Low,Standard,NEEDS_NATIVE_REVIEW
RS114,P452,loc_id_P452,pl_PL,Automated Voice,looks like it took a hit so gr...,5.7,High,Low,Standard,NEEDS_NATIVE_REVIEW
RS114,P452,loc_id_P452,pt_BR,Automated Voice,looks like it took a hit so gr...,3.0,High,Low,Standard,NEEDS_NATIVE_REVIEW
RS114,P452,loc_id_P452,ru_RU,Automated Voice,looks like it took a hit so gr...,2.3,High,Low,Standard,NEEDS_NATIVE_REVIEW
RS114,P452,loc_id_P452,uk_UA,Automated Voice,looks like it took a hit so gr...,6.2,High,Low,Standard,NEEDS_NATIVE_REVIEW
RS114,P452,loc_id_P452,zh_CN,Automated Voice,looks like it took a hit so gr...,4.1,High,Low,Standard,NEEDS_NATIVE_REVIEW
RS114,P453,loc_id_P453,en_US,Automated Voice,blind descent. A piece of frag...,3.0,High,Low,Standard,NEEDS_NATIVE_REVIEW
RS114,P453,loc_id_P453,ar_SA,Automated Voice,blind descent. A piece of frag...,5.4,High,Low,Standard,NEEDS_NATIVE_REVIEW
RS114,P453,loc_id_P453,de_DE,Automated Voice,blind descent. A piece of frag...,3.4,High,Low,Standard,NEEDS_NATIVE_REVIEW
RS114,P453,loc_id_P453,es_ES,Automated Voice,blind descent. A piece of frag...,2.4,High,Low,Standard,NEEDS_NATIVE_REVIEW
RS114,P453,loc_id_P453,fr_FR,Automated Voice,blind descent. A piece of frag...,6.1,High,Low,Standard,NEEDS_NATIVE_REVIEW
RS114,P453,loc_id_P453,he_IL,Automated Voice,blind descent. A piece of frag...,2.6,High,Low,Standard,NEEDS_NATIVE_REVIEW
RS114,P453,loc_id_P453,id_ID,Automated Voice,blind descent. A piece of frag...,2.7,High,Low,Standard,NEEDS_NATIVE_REVIEW
RS114,P453,loc_id_P453,ja_JP,Automated Voice,blind descent. A piece of frag...,3.8,High,Low,Standard,NEEDS_NATIVE_REVIEW
RS114,P453,loc_id_P453,ko_KR,Automated Voice,blind descent. A piece of frag...,5.8,High,Low,Standard,NEEDS_NATIVE_REVIEW
RS114,P453,loc_id_P453,nl_NL,Automated Voice,blind descent. A piece of frag...,5.5,High,Low,Standard,NEEDS_NATIVE_REVIEW
RS114,P453,loc_id_P453,pl_PL,Automated Voice,blind descent. A piece of frag...,6.5,High,Low,Standard,NEEDS_NATIVE_REVIEW
RS114,P453,loc_id_P453,pt_BR,Automated Voice,blind descent. A piece of frag...,5.5,High,Low,Standard,NEEDS_NATIVE_REVIEW
RS114,P453,loc_id_P453,ru_RU,Automated Voice,blind descent. A piece of frag...,7.4,High,Low,Standard,NEEDS_NATIVE_REVIEW
RS114,P453,loc_id_P453,uk_UA,Automated Voice,blind descent. A piece of frag...,6.9,High,Low,Standard,NEEDS_NATIVE_REVIEW
RS114,P453,loc_id_P453,zh_CN,Automated Voice,blind descent. A piece of frag...,2.6,High,Low,Standard,NEEDS_NATIVE_REVIEW
RS114,P454,loc_id_P454,en_US,Automated Voice,hydrostatic pump was abandoned...,6.7,High,Low,Standard,NEEDS_NATIVE_REVIEW
RS114,P454,loc_id_P454,ar_SA,Automated Voice,hydrostatic pump was abandoned...,7.1,High,Low,Standard,NEEDS_NATIVE_REVIEW
RS114,P454,loc_id_P454,de_DE,Automated Voice,hydrostatic pump was abandoned...,7.1,High,Low,Standard,NEEDS_NATIVE_REVIEW
RS114,P454,loc_id_P454,es_ES,Automated Voice,hydrostatic pump was abandoned...,3.2,High,Low,Standard,NEEDS_NATIVE_REVIEW
RS114,P454,loc_id_P454,fr_FR,Automated Voice,hydrostatic pump was abandoned...,6.3,High,Low,Standard,NEEDS_NATIVE_REVIEW
RS114,P454,loc_id_P454,he_IL,Automated Voice,hydrostatic pump was abandoned...,3.4,High,Low,Standard,NEEDS_NATIVE_REVIEW
RS114,P454,loc_id_P454,id_ID,Automated Voice,hydrostatic pump was abandoned...,3.9,High,Low,Standard,NEEDS_NATIVE_REVIEW
RS114,P454,loc_id_P454,ja_JP,Automated Voice,hydrostatic pump was abandoned...,6.7,High,Low,Standard,NEEDS_NATIVE_REVIEW
RS114,P454,loc_id_P454,ko_KR,Automated Voice,hydrostatic pump was abandoned...,5.0,High,Low,Standard,NEEDS_NATIVE_REVIEW
RS114,P454,loc_id_P454,nl_NL,Automated Voice,hydrostatic pump was abandoned...,2.3,High,Low,Standard,NEEDS_NATIVE_REVIEW
RS114,P454,loc_id_P454,pl_PL,Automated Voice,hydrostatic pump was abandoned...,3.7,High,Low,Standard,NEEDS_NATIVE_REVIEW
RS114,P454,loc_id_P454,pt_BR,Automated Voice,hydrostatic pump was abandoned...,7.3,High,Low,Standard,NEEDS_NATIVE_REVIEW
RS114,P454,loc_id_P454,ru_RU,Automated Voice,hydrostatic pump was abandoned...,3.5,High,Low,Standard,NEEDS_NATIVE_REVIEW
RS114,P454,loc_id_P454,uk_UA,Automated Voice,hydrostatic pump was abandoned...,5.2,High,Low,Standard,NEEDS_NATIVE_REVIEW
RS114,P454,loc_id_P454,zh_CN,Automated Voice,hydrostatic pump was abandoned...,3.6,High,Low,Standard,NEEDS_NATIVE_REVIEW
RS114,P455,loc_id_P455,en_US,Automated Voice,transport module indicated a m...,7.1,High,Low,Standard,NEEDS_NATIVE_REVIEW
RS114,P455,loc_id_P455,ar_SA,Automated Voice,transport module indicated a m...,4.2,High,Low,Standard,NEEDS_NATIVE_REVIEW
RS114,P455,loc_id_P455,de_DE,Automated Voice,transport module indicated a m...,4.5,High,Low,Standard,NEEDS_NATIVE_REVIEW
RS114,P455,loc_id_P455,es_ES,Automated Voice,transport module indicated a m...,3.9,High,Low,Standard,NEEDS_NATIVE_REVIEW
RS114,P455,loc_id_P455,fr_FR,Automated Voice,transport module indicated a m...,2.3,High,Low,Standard,NEEDS_NATIVE_REVIEW
RS114,P455,loc_id_P455,he_IL,Automated Voice,transport module indicated a m...,3.7,High,Low,Standard,NEEDS_NATIVE_REVIEW
RS114,P455,loc_id_P455,id_ID,Automated Voice,transport module indicated a m...,6.1,High,Low,Standard,NEEDS_NATIVE_REVIEW
RS114,P455,loc_id_P455,ja_JP,Automated Voice,transport module indicated a m...,6.9,High,Low,Standard,NEEDS_NATIVE_REVIEW
RS114,P455,loc_id_P455,ko_KR,Automated Voice,transport module indicated a m...,6.2,High,Low,Standard,NEEDS_NATIVE_REVIEW
RS114,P455,loc_id_P455,nl_NL,Automated Voice,transport module indicated a m...,1.8,High,Low,Standard,NEEDS_NATIVE_REVIEW
RS114,P455,loc_id_P455,pl_PL,Automated Voice,transport module indicated a m...,3.5,High,Low,Standard,NEEDS_NATIVE_REVIEW
RS114,P455,loc_id_P455,pt_BR,Automated Voice,transport module indicated a m...,2.6,High,Low,Standard,NEEDS_NATIVE_REVIEW
RS114,P455,loc_id_P455,ru_RU,Automated Voice,transport module indicated a m...,7.1,High,Low,Standard,NEEDS_NATIVE_REVIEW
RS114,P455,loc_id_P455,uk_UA,Automated Voice,transport module indicated a m...,2.0,High,Low,Standard,NEEDS_NATIVE_REVIEW
RS114,P455,loc_id_P455,zh_CN,Automated Voice,transport module indicated a m...,4.6,High,Low,Standard,NEEDS_NATIVE_REVIEW
RS114,P456,loc_id_P456,en_US,Automated Voice,module indicated a massive the...,3.5,High,Low,Standard,NEEDS_NATIVE_REVIEW
RS114,P456,loc_id_P456,ar_SA,Automated Voice,module indicated a massive the...,7.2,High,Low,Standard,NEEDS_NATIVE_REVIEW
RS114,P456,loc_id_P456,de_DE,Automated Voice,module indicated a massive the...,3.0,High,Low,Standard,NEEDS_NATIVE_REVIEW
RS114,P456,loc_id_P456,es_ES,Automated Voice,module indicated a massive the...,6.3,High,Low,Standard,NEEDS_NATIVE_REVIEW
RS114,P456,loc_id_P456,fr_FR,Automated Voice,module indicated a massive the...,2.4,High,Low,Standard,NEEDS_NATIVE_REVIEW
RS114,P456,loc_id_P456,he_IL,Automated Voice,module indicated a massive the...,7.3,High,Low,Standard,NEEDS_NATIVE_REVIEW
RS114,P456,loc_id_P456,id_ID,Automated Voice,module indicated a massive the...,7.1,High,Low,Standard,NEEDS_NATIVE_REVIEW
RS114,P456,loc_id_P456,ja_JP,Automated Voice,module indicated a massive the...,2.1,High,Low,Standard,NEEDS_NATIVE_REVIEW
RS114,P456,loc_id_P456,ko_KR,Automated Voice,module indicated a massive the...,7.4,High,Low,Standard,NEEDS_NATIVE_REVIEW
RS114,P456,loc_id_P456,nl_NL,Automated Voice,module indicated a massive the...,2.7,High,Low,Standard,NEEDS_NATIVE_REVIEW
RS114,P456,loc_id_P456,pl_PL,Automated Voice,module indicated a massive the...,6.4,High,Low,Standard,NEEDS_NATIVE_REVIEW
RS114,P456,loc_id_P456,pt_BR,Automated Voice,module indicated a massive the...,3.4,High,Low,Standard,NEEDS_NATIVE_REVIEW
RS114,P456,loc_id_P456,ru_RU,Automated Voice,module indicated a massive the...,5.3,High,Low,Standard,NEEDS_NATIVE_REVIEW
RS114,P456,loc_id_P456,uk_UA,Automated Voice,module indicated a massive the...,4.3,High,Low,Standard,NEEDS_NATIVE_REVIEW
RS114,P456,loc_id_P456,zh_CN,Automated Voice,module indicated a massive the...,6.9,High,Low,Standard,NEEDS_NATIVE_REVIEW
RS114,P457,loc_id_P457,en_US,Automated Voice,override looks like it took a ...,3.9,High,Low,Standard,NEEDS_NATIVE_REVIEW
RS114,P457,loc_id_P457,ar_SA,Automated Voice,override looks like it took a ...,5.8,High,Low,Standard,NEEDS_NATIVE_REVIEW
RS114,P457,loc_id_P457,de_DE,Automated Voice,override looks like it took a ...,2.6,High,Low,Standard,NEEDS_NATIVE_REVIEW
RS114,P457,loc_id_P457,es_ES,Automated Voice,override looks like it took a ...,3.8,High,Low,Standard,NEEDS_NATIVE_REVIEW
RS114,P457,loc_id_P457,fr_FR,Automated Voice,override looks like it took a ...,4.0,High,Low,Standard,NEEDS_NATIVE_REVIEW
RS114,P457,loc_id_P457,he_IL,Automated Voice,override looks like it took a ...,6.6,High,Low,Standard,NEEDS_NATIVE_REVIEW
RS114,P457,loc_id_P457,id_ID,Automated Voice,override looks like it took a ...,6.4,High,Low,Standard,NEEDS_NATIVE_REVIEW
RS114,P457,loc_id_P457,ja_JP,Automated Voice,override looks like it took a ...,3.3,High,Low,Standard,NEEDS_NATIVE_REVIEW
RS114,P457,loc_id_P457,ko_KR,Automated Voice,override looks like it took a ...,5.5,High,Low,Standard,NEEDS_NATIVE_REVIEW
RS114,P457,loc_id_P457,nl_NL,Automated Voice,override looks like it took a ...,5.2,High,Low,Standard,NEEDS_NATIVE_REVIEW
RS114,P457,loc_id_P457,pl_PL,Automated Voice,override looks like it took a ...,2.8,High,Low,Standard,NEEDS_NATIVE_REVIEW
RS114,P457,loc_id_P457,pt_BR,Automated Voice,override looks like it took a ...,3.6,High,Low,Standard,NEEDS_NATIVE_REVIEW
RS114,P457,loc_id_P457,ru_RU,Automated Voice,override looks like it took a ...,3.8,High,Low,Standard,NEEDS_NATIVE_REVIEW
RS114,P457,loc_id_P457,uk_UA,Automated Voice,override looks like it took a ...,5.2,High,Low,Standard,NEEDS_NATIVE_REVIEW
RS114,P457,loc_id_P457,zh_CN,Automated Voice,override looks like it took a ...,1.9,High,Low,Standard,NEEDS_NATIVE_REVIEW
RS114,P458,loc_id_P458,en_US,Automated Voice,out here and the pressure is o...,3.4,High,Low,Standard,NEEDS_NATIVE_REVIEW
RS114,P458,loc_id_P458,ar_SA,Automated Voice,out here and the pressure is o...,3.3,High,Low,Standard,NEEDS_NATIVE_REVIEW
RS114,P458,loc_id_P458,de_DE,Automated Voice,out here and the pressure is o...,5.3,High,Low,Standard,NEEDS_NATIVE_REVIEW
RS114,P458,loc_id_P458,es_ES,Automated Voice,out here and the pressure is o...,2.9,High,Low,Standard,NEEDS_NATIVE_REVIEW
RS114,P458,loc_id_P458,fr_FR,Automated Voice,out here and the pressure is o...,6.0,High,Low,Standard,NEEDS_NATIVE_REVIEW
RS114,P458,loc_id_P458,he_IL,Automated Voice,out here and the pressure is o...,4.9,High,Low,Standard,NEEDS_NATIVE_REVIEW
RS114,P458,loc_id_P458,id_ID,Automated Voice,out here and the pressure is o...,3.1,High,Low,Standard,NEEDS_NATIVE_REVIEW
RS114,P458,loc_id_P458,ja_JP,Automated Voice,out here and the pressure is o...,7.1,High,Low,Standard,NEEDS_NATIVE_REVIEW
RS114,P458,loc_id_P458,ko_KR,Automated Voice,out here and the pressure is o...,3.9,High,Low,Standard,NEEDS_NATIVE_REVIEW
RS114,P458,loc_id_P458,nl_NL,Automated Voice,out here and the pressure is o...,4.2,High,Low,Standard,NEEDS_NATIVE_REVIEW
RS114,P458,loc_id_P458,pl_PL,Automated Voice,out here and the pressure is o...,4.5,High,Low,Standard,NEEDS_NATIVE_REVIEW
RS114,P458,loc_id_P458,pt_BR,Automated Voice,out here and the pressure is o...,5.0,High,Low,Standard,NEEDS_NATIVE_REVIEW
RS114,P458,loc_id_P458,ru_RU,Automated Voice,out here and the pressure is o...,4.1,High,Low,Standard,NEEDS_NATIVE_REVIEW
RS114,P458,loc_id_P458,uk_UA,Automated Voice,out here and the pressure is o...,5.5,High,Low,Standard,NEEDS_NATIVE_REVIEW
RS114,P458,loc_id_P458,zh_CN,Automated Voice,out here and the pressure is o...,5.4,High,Low,Standard,NEEDS_NATIVE_REVIEW
RS114,P459,loc_id_P459,en_US,Automated Voice,coming to help. This rusty bul...,6.2,High,Low,Standard,NEEDS_NATIVE_REVIEW
RS114,P459,loc_id_P459,ar_SA,Automated Voice,coming to help. This rusty bul...,6.8,High,Low,Standard,NEEDS_NATIVE_REVIEW
RS114,P459,loc_id_P459,de_DE,Automated Voice,coming to help. This rusty bul...,2.0,High,Low,Standard,NEEDS_NATIVE_REVIEW
RS114,P459,loc_id_P459,es_ES,Automated Voice,coming to help. This rusty bul...,4.0,High,Low,Standard,NEEDS_NATIVE_REVIEW
RS114,P459,loc_id_P459,fr_FR,Automated Voice,coming to help. This rusty bul...,6.9,High,Low,Standard,NEEDS_NATIVE_REVIEW
RS114,P459,loc_id_P459,he_IL,Automated Voice,coming to help. This rusty bul...,3.1,High,Low,Standard,NEEDS_NATIVE_REVIEW
RS114,P459,loc_id_P459,id_ID,Automated Voice,coming to help. This rusty bul...,4.9,High,Low,Standard,NEEDS_NATIVE_REVIEW
RS114,P459,loc_id_P459,ja_JP,Automated Voice,coming to help. This rusty bul...,7.1,High,Low,Standard,NEEDS_NATIVE_REVIEW
RS114,P459,loc_id_P459,ko_KR,Automated Voice,coming to help. This rusty bul...,2.3,High,Low,Standard,NEEDS_NATIVE_REVIEW
RS114,P459,loc_id_P459,nl_NL,Automated Voice,coming to help. This rusty bul...,6.6,High,Low,Standard,NEEDS_NATIVE_REVIEW
RS114,P459,loc_id_P459,pl_PL,Automated Voice,coming to help. This rusty bul...,5.1,High,Low,Standard,NEEDS_NATIVE_REVIEW
RS114,P459,loc_id_P459,pt_BR,Automated Voice,coming to help. This rusty bul...,3.4,High,Low,Standard,NEEDS_NATIVE_REVIEW
RS114,P459,loc_id_P459,ru_RU,Automated Voice,coming to help. This rusty bul...,4.3,High,Low,Standard,NEEDS_NATIVE_REVIEW
RS114,P459,loc_id_P459,uk_UA,Automated Voice,coming to help. This rusty bul...,4.3,High,Low,Standard,NEEDS_NATIVE_REVIEW
RS114,P459,loc_id_P459,zh_CN,Automated Voice,coming to help. This rusty bul...,4.0,High,Low,Standard,NEEDS_NATIVE_REVIEW
RS115,P460,loc_id_P460,en_US,Automated Voice,triggered an automatic lockdow...,4.2,High,Low,Standard,NEEDS_NATIVE_REVIEW
RS115,P460,loc_id_P460,ar_SA,Automated Voice,triggered an automatic lockdow...,6.8,High,Low,Standard,NEEDS_NATIVE_REVIEW
RS115,P460,loc_id_P460,de_DE,Automated Voice,triggered an automatic lockdow...,3.6,High,Low,Standard,NEEDS_NATIVE_REVIEW
RS115,P460,loc_id_P460,es_ES,Automated Voice,triggered an automatic lockdow...,2.1,High,Low,Standard,NEEDS_NATIVE_REVIEW
RS115,P460,loc_id_P460,fr_FR,Automated Voice,triggered an automatic lockdow...,2.7,High,Low,Standard,NEEDS_NATIVE_REVIEW
RS115,P460,loc_id_P460,he_IL,Automated Voice,triggered an automatic lockdow...,4.1,High,Low,Standard,NEEDS_NATIVE_REVIEW
RS115,P460,loc_id_P460,id_ID,Automated Voice,triggered an automatic lockdow...,3.3,High,Low,Standard,NEEDS_NATIVE_REVIEW
RS115,P460,loc_id_P460,ja_JP,Automated Voice,triggered an automatic lockdow...,2.5,High,Low,Standard,NEEDS_NATIVE_REVIEW
RS115,P460,loc_id_P460,ko_KR,Automated Voice,triggered an automatic lockdow...,7.5,High,Low,Standard,NEEDS_NATIVE_REVIEW
RS115,P460,loc_id_P460,nl_NL,Automated Voice,triggered an automatic lockdow...,1.9,High,Low,Standard,NEEDS_NATIVE_REVIEW
RS115,P460,loc_id_P460,pl_PL,Automated Voice,triggered an automatic lockdow...,4.1,High,Low,Standard,NEEDS_NATIVE_REVIEW
RS115,P460,loc_id_P460,pt_BR,Automated Voice,triggered an automatic lockdow...,6.3,High,Low,Standard,NEEDS_NATIVE_REVIEW
RS115,P460,loc_id_P460,ru_RU,Automated Voice,triggered an automatic lockdow...,4.5,High,Low,Standard,NEEDS_NATIVE_REVIEW
RS115,P460,loc_id_P460,uk_UA,Automated Voice,triggered an automatic lockdow...,6.4,High,Low,Standard,NEEDS_NATIVE_REVIEW
RS115,P460,loc_id_P460,zh_CN,Automated Voice,triggered an automatic lockdow...,7.1,High,Low,Standard,NEEDS_NATIVE_REVIEW
RS115,P461,loc_id_P461,en_US,Automated Voice,the primary evidence. A corrod...,7.1,High,Low,Standard,NEEDS_NATIVE_REVIEW
RS115,P461,loc_id_P461,ar_SA,Automated Voice,the primary evidence. A corrod...,6.7,High,Low,Standard,NEEDS_NATIVE_REVIEW
RS115,P461,loc_id_P461,de_DE,Automated Voice,the primary evidence. A corrod...,2.8,High,Low,Standard,NEEDS_NATIVE_REVIEW
RS115,P461,loc_id_P461,es_ES,Automated Voice,the primary evidence. A corrod...,2.4,High,Low,Standard,NEEDS_NATIVE_REVIEW
RS115,P461,loc_id_P461,fr_FR,Automated Voice,the primary evidence. A corrod...,3.6,High,Low,Standard,NEEDS_NATIVE_REVIEW
RS115,P461,loc_id_P461,he_IL,Automated Voice,the primary evidence. A corrod...,4.5,High,Low,Standard,NEEDS_NATIVE_REVIEW
RS115,P461,loc_id_P461,id_ID,Automated Voice,the primary evidence. A corrod...,3.4,High,Low,Standard,NEEDS_NATIVE_REVIEW
RS115,P461,loc_id_P461,ja_JP,Automated Voice,the primary evidence. A corrod...,5.4,High,Low,Standard,NEEDS_NATIVE_REVIEW
RS115,P461,loc_id_P461,ko_KR,Automated Voice,the primary evidence. A corrod...,6.7,High,Low,Standard,NEEDS_NATIVE_REVIEW
RS115,P461,loc_id_P461,nl_NL,Automated Voice,the primary evidence. A corrod...,6.8,High,Low,Standard,NEEDS_NATIVE_REVIEW
RS115,P461,loc_id_P461,pl_PL,Automated Voice,the primary evidence. A corrod...,5.9,High,Low,Standard,NEEDS_NATIVE_REVIEW
RS115,P461,loc_id_P461,pt_BR,Automated Voice,the primary evidence. A corrod...,3.0,High,Low,Standard,NEEDS_NATIVE_REVIEW
RS115,P461,loc_id_P461,ru_RU,Automated Voice,the primary evidence. A corrod...,2.6,High,Low,Standard,NEEDS_NATIVE_REVIEW
RS115,P461,loc_id_P461,uk_UA,Automated Voice,the primary evidence. A corrod...,2.9,High,Low,Standard,NEEDS_NATIVE_REVIEW
RS115,P461,loc_id_P461,zh_CN,Automated Voice,the primary evidence. A corrod...,4.3,High,Low,Standard,NEEDS_NATIVE_REVIEW
RS115,P462,loc_id_P462,en_US,Automated Voice,scanner is jammed with grit so...,5.8,High,Low,Standard,NEEDS_NATIVE_REVIEW
RS115,P462,loc_id_P462,ar_SA,Automated Voice,scanner is jammed with grit so...,7.5,High,Low,Standard,NEEDS_NATIVE_REVIEW
RS115,P462,loc_id_P462,de_DE,Automated Voice,scanner is jammed with grit so...,7.4,High,Low,Standard,NEEDS_NATIVE_REVIEW
RS115,P462,loc_id_P462,es_ES,Automated Voice,scanner is jammed with grit so...,2.8,High,Low,Standard,NEEDS_NATIVE_REVIEW
RS115,P462,loc_id_P462,fr_FR,Automated Voice,scanner is jammed with grit so...,5.6,High,Low,Standard,NEEDS_NATIVE_REVIEW
RS115,P462,loc_id_P462,he_IL,Automated Voice,scanner is jammed with grit so...,7.0,High,Low,Standard,NEEDS_NATIVE_REVIEW
RS115,P462,loc_id_P462,id_ID,Automated Voice,scanner is jammed with grit so...,5.9,High,Low,Standard,NEEDS_NATIVE_REVIEW
RS115,P462,loc_id_P462,ja_JP,Automated Voice,scanner is jammed with grit so...,4.1,High,Low,Standard,NEEDS_NATIVE_REVIEW
RS115,P462,loc_id_P462,ko_KR,Automated Voice,scanner is jammed with grit so...,3.9,High,Low,Standard,NEEDS_NATIVE_REVIEW
RS115,P462,loc_id_P462,nl_NL,Automated Voice,scanner is jammed with grit so...,4.0,High,Low,Standard,NEEDS_NATIVE_REVIEW
RS115,P462,loc_id_P462,pl_PL,Automated Voice,scanner is jammed with grit so...,2.2,High,Low,Standard,NEEDS_NATIVE_REVIEW
RS115,P462,loc_id_P462,pt_BR,Automated Voice,scanner is jammed with grit so...,2.3,High,Low,Standard,NEEDS_NATIVE_REVIEW
RS115,P462,loc_id_P462,ru_RU,Automated Voice,scanner is jammed with grit so...,6.1,High,Low,Standard,NEEDS_NATIVE_REVIEW
RS115,P462,loc_id_P462,uk_UA,Automated Voice,scanner is jammed with grit so...,2.4,High,Low,Standard,NEEDS_NATIVE_REVIEW
RS115,P462,loc_id_P462,zh_CN,Automated Voice,scanner is jammed with grit so...,4.4,High,Low,Standard,NEEDS_NATIVE_REVIEW
RS115,P463,loc_id_P463,en_US,Automated Voice,chewing gravel so grab a pry b...,5.9,High,Low,Standard,NEEDS_NATIVE_REVIEW
RS115,P463,loc_id_P463,ar_SA,Automated Voice,chewing gravel so grab a pry b...,6.0,High,Low,Standard,NEEDS_NATIVE_REVIEW
RS115,P463,loc_id_P463,de_DE,Automated Voice,chewing gravel so grab a pry b...,7.0,High,Low,Standard,NEEDS_NATIVE_REVIEW
RS115,P463,loc_id_P463,es_ES,Automated Voice,chewing gravel so grab a pry b...,3.2,High,Low,Standard,NEEDS_NATIVE_REVIEW
RS115,P463,loc_id_P463,fr_FR,Automated Voice,chewing gravel so grab a pry b...,6.4,High,Low,Standard,NEEDS_NATIVE_REVIEW
RS115,P463,loc_id_P463,he_IL,Automated Voice,chewing gravel so grab a pry b...,5.6,High,Low,Standard,NEEDS_NATIVE_REVIEW
RS115,P463,loc_id_P463,id_ID,Automated Voice,chewing gravel so grab a pry b...,7.3,High,Low,Standard,NEEDS_NATIVE_REVIEW
RS115,P463,loc_id_P463,ja_JP,Automated Voice,chewing gravel so grab a pry b...,2.3,High,Low,Standard,NEEDS_NATIVE_REVIEW
RS115,P463,loc_id_P463,ko_KR,Automated Voice,chewing gravel so grab a pry b...,2.2,High,Low,Standard,NEEDS_NATIVE_REVIEW
RS115,P463,loc_id_P463,nl_NL,Automated Voice,chewing gravel so grab a pry b...,3.9,High,Low,Standard,NEEDS_NATIVE_REVIEW
RS115,P463,loc_id_P463,pl_PL,Automated Voice,chewing gravel so grab a pry b...,2.5,High,Low,Standard,NEEDS_NATIVE_REVIEW
RS115,P463,loc_id_P463,pt_BR,Automated Voice,chewing gravel so grab a pry b...,3.8,High,Low,Standard,NEEDS_NATIVE_REVIEW
RS115,P463,loc_id_P463,ru_RU,Automated Voice,chewing gravel so grab a pry b...,4.5,High,Low,Standard,NEEDS_NATIVE_REVIEW
RS115,P463,loc_id_P463,uk_UA,Automated Voice,chewing gravel so grab a pry b...,4.1,High,Low,Standard,NEEDS_NATIVE_REVIEW
RS115,P463,loc_id_P463,zh_CN,Automated Voice,chewing gravel so grab a pry b...,3.3,High,Low,Standard,NEEDS_NATIVE_REVIEW
RS115,P464,loc_id_P464,en_US,Automated Voice,is fraying at the anchor but w...,5.2,High,Low,Standard,NEEDS_NATIVE_REVIEW
RS115,P464,loc_id_P464,ar_SA,Automated Voice,is fraying at the anchor but w...,3.4,High,Low,Standard,NEEDS_NATIVE_REVIEW
RS115,P464,loc_id_P464,de_DE,Automated Voice,is fraying at the anchor but w...,7.2,High,Low,Standard,NEEDS_NATIVE_REVIEW
RS115,P464,loc_id_P464,es_ES,Automated Voice,is fraying at the anchor but w...,6.5,High,Low,Standard,NEEDS_NATIVE_REVIEW
RS115,P464,loc_id_P464,fr_FR,Automated Voice,is fraying at the anchor but w...,4.7,High,Low,Standard,NEEDS_NATIVE_REVIEW
RS115,P464,loc_id_P464,he_IL,Automated Voice,is fraying at the anchor but w...,5.5,High,Low,Standard,NEEDS_NATIVE_REVIEW
RS115,P464,loc_id_P464,id_ID,Automated Voice,is fraying at the anchor but w...,6.3,High,Low,Standard,NEEDS_NATIVE_REVIEW
RS115,P464,loc_id_P464,ja_JP,Automated Voice,is fraying at the anchor but w...,2.9,High,Low,Standard,NEEDS_NATIVE_REVIEW
RS115,P464,loc_id_P464,ko_KR,Automated Voice,is fraying at the anchor but w...,6.8,High,Low,Standard,NEEDS_NATIVE_REVIEW
RS115,P464,loc_id_P464,nl_NL,Automated Voice,is fraying at the anchor but w...,3.1,High,Low,Standard,NEEDS_NATIVE_REVIEW
RS115,P464,loc_id_P464,pl_PL,Automated Voice,is fraying at the anchor but w...,3.0,High,Low,Standard,NEEDS_NATIVE_REVIEW
RS115,P464,loc_id_P464,pt_BR,Automated Voice,is fraying at the anchor but w...,6.1,High,Low,Standard,NEEDS_NATIVE_REVIEW
RS115,P464,loc_id_P464,ru_RU,Automated Voice,is fraying at the anchor but w...,5.7,High,Low,Standard,NEEDS_NATIVE_REVIEW
RS115,P464,loc_id_P464,uk_UA,Automated Voice,is fraying at the anchor but w...,6.9,High,Low,Standard,NEEDS_NATIVE_REVIEW
RS115,P464,loc_id_P464,zh_CN,Automated Voice,is fraying at the anchor but w...,5.8,High,Low,Standard,NEEDS_NATIVE_REVIEW
RS115,P465,loc_id_P465,en_US,Automated Voice,the water temperature dropped....,6.4,High,Low,Standard,NEEDS_NATIVE_REVIEW
RS115,P465,loc_id_P465,ar_SA,Automated Voice,the water temperature dropped....,7.3,High,Low,Standard,NEEDS_NATIVE_REVIEW
RS115,P465,loc_id_P465,de_DE,Automated Voice,the water temperature dropped....,2.6,High,Low,Standard,NEEDS_NATIVE_REVIEW
RS115,P465,loc_id_P465,es_ES,Automated Voice,the water temperature dropped....,2.5,High,Low,Standard,NEEDS_NATIVE_REVIEW
RS115,P465,loc_id_P465,fr_FR,Automated Voice,the water temperature dropped....,3.5,High,Low,Standard,NEEDS_NATIVE_REVIEW
RS115,P465,loc_id_P465,he_IL,Automated Voice,the water temperature dropped....,1.9,High,Low,Standard,NEEDS_NATIVE_REVIEW
RS115,P465,loc_id_P465,id_ID,Automated Voice,the water temperature dropped....,2.9,High,Low,Standard,NEEDS_NATIVE_REVIEW
RS115,P465,loc_id_P465,ja_JP,Automated Voice,the water temperature dropped....,4.5,High,Low,Standard,NEEDS_NATIVE_REVIEW
RS115,P465,loc_id_P465,ko_KR,Automated Voice,the water temperature dropped....,5.6,High,Low,Standard,NEEDS_NATIVE_REVIEW
RS115,P465,loc_id_P465,nl_NL,Automated Voice,the water temperature dropped....,4.5,High,Low,Standard,NEEDS_NATIVE_REVIEW
RS115,P465,loc_id_P465,pl_PL,Automated Voice,the water temperature dropped....,2.9,High,Low,Standard,NEEDS_NATIVE_REVIEW
RS115,P465,loc_id_P465,pt_BR,Automated Voice,the water temperature dropped....,5.1,High,Low,Standard,NEEDS_NATIVE_REVIEW
RS115,P465,loc_id_P465,ru_RU,Automated Voice,the water temperature dropped....,4.4,High,Low,Standard,NEEDS_NATIVE_REVIEW
RS115,P465,loc_id_P465,uk_UA,Automated Voice,the water temperature dropped....,5.0,High,Low,Standard,NEEDS_NATIVE_REVIEW
RS115,P465,loc_id_P465,zh_CN,Automated Voice,the water temperature dropped....,2.1,High,Low,Standard,NEEDS_NATIVE_REVIEW
RS115,P466,loc_id_P466,en_US,Automated Voice,acid and the pressure is only ...,5.7,High,Low,Standard,NEEDS_NATIVE_REVIEW
RS115,P466,loc_id_P466,ar_SA,Automated Voice,acid and the pressure is only ...,7.3,High,Low,Standard,NEEDS_NATIVE_REVIEW
RS115,P466,loc_id_P466,de_DE,Automated Voice,acid and the pressure is only ...,5.6,High,Low,Standard,NEEDS_NATIVE_REVIEW
RS115,P466,loc_id_P466,es_ES,Automated Voice,acid and the pressure is only ...,5.3,High,Low,Standard,NEEDS_NATIVE_REVIEW
RS115,P466,loc_id_P466,fr_FR,Automated Voice,acid and the pressure is only ...,3.6,High,Low,Standard,NEEDS_NATIVE_REVIEW
RS115,P466,loc_id_P466,he_IL,Automated Voice,acid and the pressure is only ...,5.8,High,Low,Standard,NEEDS_NATIVE_REVIEW
RS115,P466,loc_id_P466,id_ID,Automated Voice,acid and the pressure is only ...,7.3,High,Low,Standard,NEEDS_NATIVE_REVIEW
RS115,P466,loc_id_P466,ja_JP,Automated Voice,acid and the pressure is only ...,6.4,High,Low,Standard,NEEDS_NATIVE_REVIEW
RS115,P466,loc_id_P466,ko_KR,Automated Voice,acid and the pressure is only ...,4.1,High,Low,Standard,NEEDS_NATIVE_REVIEW
RS115,P466,loc_id_P466,nl_NL,Automated Voice,acid and the pressure is only ...,6.1,High,Low,Standard,NEEDS_NATIVE_REVIEW
RS115,P466,loc_id_P466,pl_PL,Automated Voice,acid and the pressure is only ...,6.2,High,Low,Standard,NEEDS_NATIVE_REVIEW
RS115,P466,loc_id_P466,pt_BR,Automated Voice,acid and the pressure is only ...,6.4,High,Low,Standard,NEEDS_NATIVE_REVIEW
RS115,P466,loc_id_P466,ru_RU,Automated Voice,acid and the pressure is only ...,6.3,High,Low,Standard,NEEDS_NATIVE_REVIEW
RS115,P466,loc_id_P466,uk_UA,Automated Voice,acid and the pressure is only ...,1.9,High,Low,Standard,NEEDS_NATIVE_REVIEW
RS115,P466,loc_id_P466,zh_CN,Automated Voice,acid and the pressure is only ...,3.9,High,Low,Standard,NEEDS_NATIVE_REVIEW
RS115,P467,loc_id_P467,en_US,Automated Voice,unmarked transport module crus...,5.7,High,Low,Standard,NEEDS_NATIVE_REVIEW
RS115,P467,loc_id_P467,ar_SA,Automated Voice,unmarked transport module crus...,5.5,High,Low,Standard,NEEDS_NATIVE_REVIEW
RS115,P467,loc_id_P467,de_DE,Automated Voice,unmarked transport module crus...,4.7,High,Low,Standard,NEEDS_NATIVE_REVIEW
RS115,P467,loc_id_P467,es_ES,Automated Voice,unmarked transport module crus...,5.0,High,Low,Standard,NEEDS_NATIVE_REVIEW
RS115,P467,loc_id_P467,fr_FR,Automated Voice,unmarked transport module crus...,6.1,High,Low,Standard,NEEDS_NATIVE_REVIEW
RS115,P467,loc_id_P467,he_IL,Automated Voice,unmarked transport module crus...,6.7,High,Low,Standard,NEEDS_NATIVE_REVIEW
RS115,P467,loc_id_P467,id_ID,Automated Voice,unmarked transport module crus...,7.0,High,Low,Standard,NEEDS_NATIVE_REVIEW
RS115,P467,loc_id_P467,ja_JP,Automated Voice,unmarked transport module crus...,4.8,High,Low,Standard,NEEDS_NATIVE_REVIEW
RS115,P467,loc_id_P467,ko_KR,Automated Voice,unmarked transport module crus...,5.4,High,Low,Standard,NEEDS_NATIVE_REVIEW
RS115,P467,loc_id_P467,nl_NL,Automated Voice,unmarked transport module crus...,3.1,High,Low,Standard,NEEDS_NATIVE_REVIEW
RS115,P467,loc_id_P467,pl_PL,Automated Voice,unmarked transport module crus...,6.6,High,Low,Standard,NEEDS_NATIVE_REVIEW
RS115,P467,loc_id_P467,pt_BR,Automated Voice,unmarked transport module crus...,3.3,High,Low,Standard,NEEDS_NATIVE_REVIEW
RS115,P467,loc_id_P467,ru_RU,Automated Voice,unmarked transport module crus...,2.1,High,Low,Standard,NEEDS_NATIVE_REVIEW
RS115,P467,loc_id_P467,uk_UA,Automated Voice,unmarked transport module crus...,3.5,High,Low,Standard,NEEDS_NATIVE_REVIEW
RS115,P467,loc_id_P467,zh_CN,Automated Voice,unmarked transport module crus...,4.3,High,Low,Standard,NEEDS_NATIVE_REVIEW
RS115,P468,loc_id_P468,en_US,Automated Voice,corp doesn't care. The tether ...,5.4,High,Low,Standard,NEEDS_NATIVE_REVIEW
RS115,P468,loc_id_P468,ar_SA,Automated Voice,corp doesn't care. The tether ...,6.2,High,Low,Standard,NEEDS_NATIVE_REVIEW
RS115,P468,loc_id_P468,de_DE,Automated Voice,corp doesn't care. The tether ...,4.5,High,Low,Standard,NEEDS_NATIVE_REVIEW
RS115,P468,loc_id_P468,es_ES,Automated Voice,corp doesn't care. The tether ...,6.3,High,Low,Standard,NEEDS_NATIVE_REVIEW
RS115,P468,loc_id_P468,fr_FR,Automated Voice,corp doesn't care. The tether ...,6.0,High,Low,Standard,NEEDS_NATIVE_REVIEW
RS115,P468,loc_id_P468,he_IL,Automated Voice,corp doesn't care. The tether ...,6.5,High,Low,Standard,NEEDS_NATIVE_REVIEW
RS115,P468,loc_id_P468,id_ID,Automated Voice,corp doesn't care. The tether ...,6.2,High,Low,Standard,NEEDS_NATIVE_REVIEW
RS115,P468,loc_id_P468,ja_JP,Automated Voice,corp doesn't care. The tether ...,7.1,High,Low,Standard,NEEDS_NATIVE_REVIEW
RS115,P468,loc_id_P468,ko_KR,Automated Voice,corp doesn't care. The tether ...,3.1,High,Low,Standard,NEEDS_NATIVE_REVIEW
RS115,P468,loc_id_P468,nl_NL,Automated Voice,corp doesn't care. The tether ...,7.4,High,Low,Standard,NEEDS_NATIVE_REVIEW
RS115,P468,loc_id_P468,pl_PL,Automated Voice,corp doesn't care. The tether ...,3.4,High,Low,Standard,NEEDS_NATIVE_REVIEW
RS115,P468,loc_id_P468,pt_BR,Automated Voice,corp doesn't care. The tether ...,2.4,High,Low,Standard,NEEDS_NATIVE_REVIEW
RS115,P468,loc_id_P468,ru_RU,Automated Voice,corp doesn't care. The tether ...,6.0,High,Low,Standard,NEEDS_NATIVE_REVIEW
RS115,P468,loc_id_P468,uk_UA,Automated Voice,corp doesn't care. The tether ...,5.1,High,Low,Standard,NEEDS_NATIVE_REVIEW
RS115,P468,loc_id_P468,zh_CN,Automated Voice,corp doesn't care. The tether ...,5.6,High,Low,Standard,NEEDS_NATIVE_REVIEW
RS115,P469,loc_id_P469,en_US,Automated Voice,acid and we're out of patches....,1.8,High,Low,Standard,NEEDS_NATIVE_REVIEW
RS115,P469,loc_id_P469,ar_SA,Automated Voice,acid and we're out of patches....,6.6,High,Low,Standard,NEEDS_NATIVE_REVIEW
RS115,P469,loc_id_P469,de_DE,Automated Voice,acid and we're out of patches....,7.1,High,Low,Standard,NEEDS_NATIVE_REVIEW
RS115,P469,loc_id_P469,es_ES,Automated Voice,acid and we're out of patches....,4.2,High,Low,Standard,NEEDS_NATIVE_REVIEW
RS115,P469,loc_id_P469,fr_FR,Automated Voice,acid and we're out of patches....,6.3,High,Low,Standard,NEEDS_NATIVE_REVIEW
RS115,P469,loc_id_P469,he_IL,Automated Voice,acid and we're out of patches....,4.5,High,Low,Standard,NEEDS_NATIVE_REVIEW
RS115,P469,loc_id_P469,id_ID,Automated Voice,acid and we're out of patches....,5.0,High,Low,Standard,NEEDS_NATIVE_REVIEW
RS115,P469,loc_id_P469,ja_JP,Automated Voice,acid and we're out of patches....,1.9,High,Low,Standard,NEEDS_NATIVE_REVIEW
RS115,P469,loc_id_P469,ko_KR,Automated Voice,acid and we're out of patches....,7.0,High,Low,Standard,NEEDS_NATIVE_REVIEW
RS115,P469,loc_id_P469,nl_NL,Automated Voice,acid and we're out of patches....,4.0,High,Low,Standard,NEEDS_NATIVE_REVIEW
RS115,P469,loc_id_P469,pl_PL,Automated Voice,acid and we're out of patches....,5.0,High,Low,Standard,NEEDS_NATIVE_REVIEW
RS115,P469,loc_id_P469,pt_BR,Automated Voice,acid and we're out of patches....,1.9,High,Low,Standard,NEEDS_NATIVE_REVIEW
RS115,P469,loc_id_P469,ru_RU,Automated Voice,acid and we're out of patches....,2.6,High,Low,Standard,NEEDS_NATIVE_REVIEW
RS115,P469,loc_id_P469,uk_UA,Automated Voice,acid and we're out of patches....,6.5,High,Low,Standard,NEEDS_NATIVE_REVIEW
RS115,P469,loc_id_P469,zh_CN,Automated Voice,acid and we're out of patches....,2.6,High,Low,Standard,NEEDS_NATIVE_REVIEW
RS116,P470,loc_id_P470,en_US,Automated Voice,a total loss of salvage. The m...,3.6,High,Low,Standard,NEEDS_NATIVE_REVIEW
RS116,P470,loc_id_P470,ar_SA,Automated Voice,a total loss of salvage. The m...,2.9,High,Low,Standard,NEEDS_NATIVE_REVIEW
RS116,P470,loc_id_P470,de_DE,Automated Voice,a total loss of salvage. The m...,3.5,High,Low,Standard,NEEDS_NATIVE_REVIEW
RS116,P470,loc_id_P470,es_ES,Automated Voice,a total loss of salvage. The m...,5.8,High,Low,Standard,NEEDS_NATIVE_REVIEW
RS116,P470,loc_id_P470,fr_FR,Automated Voice,a total loss of salvage. The m...,5.7,High,Low,Standard,NEEDS_NATIVE_REVIEW
RS116,P470,loc_id_P470,he_IL,Automated Voice,a total loss of salvage. The m...,3.3,High,Low,Standard,NEEDS_NATIVE_REVIEW
RS116,P470,loc_id_P470,id_ID,Automated Voice,a total loss of salvage. The m...,1.8,High,Low,Standard,NEEDS_NATIVE_REVIEW
RS116,P470,loc_id_P470,ja_JP,Automated Voice,a total loss of salvage. The m...,3.6,High,Low,Standard,NEEDS_NATIVE_REVIEW
RS116,P470,loc_id_P470,ko_KR,Automated Voice,a total loss of salvage. The m...,7.1,High,Low,Standard,NEEDS_NATIVE_REVIEW
RS116,P470,loc_id_P470,nl_NL,Automated Voice,a total loss of salvage. The m...,5.3,High,Low,Standard,NEEDS_NATIVE_REVIEW
RS116,P470,loc_id_P470,pl_PL,Automated Voice,a total loss of salvage. The m...,3.8,High,Low,Standard,NEEDS_NATIVE_REVIEW
RS116,P470,loc_id_P470,pt_BR,Automated Voice,a total loss of salvage. The m...,3.3,High,Low,Standard,NEEDS_NATIVE_REVIEW
RS116,P470,loc_id_P470,ru_RU,Automated Voice,a total loss of salvage. The m...,4.2,High,Low,Standard,NEEDS_NATIVE_REVIEW
RS116,P470,loc_id_P470,uk_UA,Automated Voice,a total loss of salvage. The m...,3.4,High,Low,Standard,NEEDS_NATIVE_REVIEW
RS116,P470,loc_id_P470,zh_CN,Automated Voice,a total loss of salvage. The m...,4.5,High,Low,Standard,NEEDS_NATIVE_REVIEW
RS116,P471,loc_id_P471,en_US,Automated Voice,coming to help. A corroded int...,6.9,High,Low,Standard,NEEDS_NATIVE_REVIEW
RS116,P471,loc_id_P471,ar_SA,Automated Voice,coming to help. A corroded int...,3.9,High,Low,Standard,NEEDS_NATIVE_REVIEW
RS116,P471,loc_id_P471,de_DE,Automated Voice,coming to help. A corroded int...,3.3,High,Low,Standard,NEEDS_NATIVE_REVIEW
RS116,P471,loc_id_P471,es_ES,Automated Voice,coming to help. A corroded int...,5.6,High,Low,Standard,NEEDS_NATIVE_REVIEW
RS116,P471,loc_id_P471,fr_FR,Automated Voice,coming to help. A corroded int...,3.1,High,Low,Standard,NEEDS_NATIVE_REVIEW
RS116,P471,loc_id_P471,he_IL,Automated Voice,coming to help. A corroded int...,3.4,High,Low,Standard,NEEDS_NATIVE_REVIEW
RS116,P471,loc_id_P471,id_ID,Automated Voice,coming to help. A corroded int...,6.1,High,Low,Standard,NEEDS_NATIVE_REVIEW
RS116,P471,loc_id_P471,ja_JP,Automated Voice,coming to help. A corroded int...,6.8,High,Low,Standard,NEEDS_NATIVE_REVIEW
RS116,P471,loc_id_P471,ko_KR,Automated Voice,coming to help. A corroded int...,5.9,High,Low,Standard,NEEDS_NATIVE_REVIEW
RS116,P471,loc_id_P471,nl_NL,Automated Voice,coming to help. A corroded int...,6.8,High,Low,Standard,NEEDS_NATIVE_REVIEW
RS116,P471,loc_id_P471,pl_PL,Automated Voice,coming to help. A corroded int...,4.3,High,Low,Standard,NEEDS_NATIVE_REVIEW
RS116,P471,loc_id_P471,pt_BR,Automated Voice,coming to help. A corroded int...,2.2,High,Low,Standard,NEEDS_NATIVE_REVIEW
RS116,P471,loc_id_P471,ru_RU,Automated Voice,coming to help. A corroded int...,4.7,High,Low,Standard,NEEDS_NATIVE_REVIEW
RS116,P471,loc_id_P471,uk_UA,Automated Voice,coming to help. A corroded int...,2.0,High,Low,Standard,NEEDS_NATIVE_REVIEW
RS116,P471,loc_id_P471,zh_CN,Automated Voice,coming to help. A corroded int...,3.6,High,Low,Standard,NEEDS_NATIVE_REVIEW
RS116,P472,loc_id_P472,en_US,Automated Voice,the anchor and we're out of pa...,4.2,High,Low,Standard,NEEDS_NATIVE_REVIEW
RS116,P472,loc_id_P472,ar_SA,Automated Voice,the anchor and we're out of pa...,3.6,High,Low,Standard,NEEDS_NATIVE_REVIEW
RS116,P472,loc_id_P472,de_DE,Automated Voice,the anchor and we're out of pa...,2.1,High,Low,Standard,NEEDS_NATIVE_REVIEW
RS116,P472,loc_id_P472,es_ES,Automated Voice,the anchor and we're out of pa...,5.1,High,Low,Standard,NEEDS_NATIVE_REVIEW
RS116,P472,loc_id_P472,fr_FR,Automated Voice,the anchor and we're out of pa...,4.8,High,Low,Standard,NEEDS_NATIVE_REVIEW
RS116,P472,loc_id_P472,he_IL,Automated Voice,the anchor and we're out of pa...,6.3,High,Low,Standard,NEEDS_NATIVE_REVIEW
RS116,P472,loc_id_P472,id_ID,Automated Voice,the anchor and we're out of pa...,6.2,High,Low,Standard,NEEDS_NATIVE_REVIEW
RS116,P472,loc_id_P472,ja_JP,Automated Voice,the anchor and we're out of pa...,6.3,High,Low,Standard,NEEDS_NATIVE_REVIEW
RS116,P472,loc_id_P472,ko_KR,Automated Voice,the anchor and we're out of pa...,4.8,High,Low,Standard,NEEDS_NATIVE_REVIEW
RS116,P472,loc_id_P472,nl_NL,Automated Voice,the anchor and we're out of pa...,4.8,High,Low,Standard,NEEDS_NATIVE_REVIEW
RS116,P472,loc_id_P472,pl_PL,Automated Voice,the anchor and we're out of pa...,4.0,High,Low,Standard,NEEDS_NATIVE_REVIEW
RS116,P472,loc_id_P472,pt_BR,Automated Voice,the anchor and we're out of pa...,5.0,High,Low,Standard,NEEDS_NATIVE_REVIEW
RS116,P472,loc_id_P472,ru_RU,Automated Voice,the anchor and we're out of pa...,3.5,High,Low,Standard,NEEDS_NATIVE_REVIEW
RS116,P472,loc_id_P472,uk_UA,Automated Voice,the anchor and we're out of pa...,4.8,High,Low,Standard,NEEDS_NATIVE_REVIEW
RS116,P472,loc_id_P472,zh_CN,Automated Voice,the anchor and we're out of pa...,5.0,High,Low,Standard,NEEDS_NATIVE_REVIEW
RS116,P473,loc_id_P473,en_US,Automated Voice,The manual override is lying t...,2.3,High,Low,Standard,NEEDS_NATIVE_REVIEW
RS116,P473,loc_id_P473,ar_SA,Automated Voice,The manual override is lying t...,3.4,High,Low,Standard,NEEDS_NATIVE_REVIEW
RS116,P473,loc_id_P473,de_DE,Automated Voice,The manual override is lying t...,6.2,High,Low,Standard,NEEDS_NATIVE_REVIEW
RS116,P473,loc_id_P473,es_ES,Automated Voice,The manual override is lying t...,4.3,High,Low,Standard,NEEDS_NATIVE_REVIEW
RS116,P473,loc_id_P473,fr_FR,Automated Voice,The manual override is lying t...,6.2,High,Low,Standard,NEEDS_NATIVE_REVIEW
RS116,P473,loc_id_P473,he_IL,Automated Voice,The manual override is lying t...,7.5,High,Low,Standard,NEEDS_NATIVE_REVIEW
RS116,P473,loc_id_P473,id_ID,Automated Voice,The manual override is lying t...,6.4,High,Low,Standard,NEEDS_NATIVE_REVIEW
RS116,P473,loc_id_P473,ja_JP,Automated Voice,The manual override is lying t...,5.8,High,Low,Standard,NEEDS_NATIVE_REVIEW
RS116,P473,loc_id_P473,ko_KR,Automated Voice,The manual override is lying t...,5.0,High,Low,Standard,NEEDS_NATIVE_REVIEW
RS116,P473,loc_id_P473,nl_NL,Automated Voice,The manual override is lying t...,2.2,High,Low,Standard,NEEDS_NATIVE_REVIEW
RS116,P473,loc_id_P473,pl_PL,Automated Voice,The manual override is lying t...,2.4,High,Low,Standard,NEEDS_NATIVE_REVIEW
RS116,P473,loc_id_P473,pt_BR,Automated Voice,The manual override is lying t...,4.7,High,Low,Standard,NEEDS_NATIVE_REVIEW
RS116,P473,loc_id_P473,ru_RU,Automated Voice,The manual override is lying t...,6.9,High,Low,Standard,NEEDS_NATIVE_REVIEW
RS116,P473,loc_id_P473,uk_UA,Automated Voice,The manual override is lying t...,4.0,High,Low,Standard,NEEDS_NATIVE_REVIEW
RS116,P473,loc_id_P473,zh_CN,Automated Voice,The manual override is lying t...,6.3,High,Low,Standard,NEEDS_NATIVE_REVIEW
RS116,P474,loc_id_P474,en_US,Automated Voice,spike resulting in a total los...,4.6,High,Low,Standard,NEEDS_NATIVE_REVIEW
RS116,P474,loc_id_P474,ar_SA,Automated Voice,spike resulting in a total los...,3.0,High,Low,Standard,NEEDS_NATIVE_REVIEW
RS116,P474,loc_id_P474,de_DE,Automated Voice,spike resulting in a total los...,6.7,High,Low,Standard,NEEDS_NATIVE_REVIEW
RS116,P474,loc_id_P474,es_ES,Automated Voice,spike resulting in a total los...,6.6,High,Low,Standard,NEEDS_NATIVE_REVIEW
RS116,P474,loc_id_P474,fr_FR,Automated Voice,spike resulting in a total los...,6.1,High,Low,Standard,NEEDS_NATIVE_REVIEW
RS116,P474,loc_id_P474,he_IL,Automated Voice,spike resulting in a total los...,7.1,High,Low,Standard,NEEDS_NATIVE_REVIEW
RS116,P474,loc_id_P474,id_ID,Automated Voice,spike resulting in a total los...,7.0,High,Low,Standard,NEEDS_NATIVE_REVIEW
RS116,P474,loc_id_P474,ja_JP,Automated Voice,spike resulting in a total los...,5.4,High,Low,Standard,NEEDS_NATIVE_REVIEW
RS116,P474,loc_id_P474,ko_KR,Automated Voice,spike resulting in a total los...,2.1,High,Low,Standard,NEEDS_NATIVE_REVIEW
RS116,P474,loc_id_P474,nl_NL,Automated Voice,spike resulting in a total los...,5.1,High,Low,Standard,NEEDS_NATIVE_REVIEW
RS116,P474,loc_id_P474,pl_PL,Automated Voice,spike resulting in a total los...,2.3,High,Low,Standard,NEEDS_NATIVE_REVIEW
RS116,P474,loc_id_P474,pt_BR,Automated Voice,spike resulting in a total los...,4.6,High,Low,Standard,NEEDS_NATIVE_REVIEW
RS116,P474,loc_id_P474,ru_RU,Automated Voice,spike resulting in a total los...,2.0,High,Low,Standard,NEEDS_NATIVE_REVIEW
RS116,P474,loc_id_P474,uk_UA,Automated Voice,spike resulting in a total los...,3.6,High,Low,Standard,NEEDS_NATIVE_REVIEW
RS116,P474,loc_id_P474,zh_CN,Automated Voice,spike resulting in a total los...,2.0,High,Low,Standard,NEEDS_NATIVE_REVIEW
RS116,P475,loc_id_P475,en_US,Automated Voice,payout is still good. The comm...,5.2,High,Low,Standard,NEEDS_NATIVE_REVIEW
RS116,P475,loc_id_P475,ar_SA,Automated Voice,payout is still good. The comm...,2.1,High,Low,Standard,NEEDS_NATIVE_REVIEW
RS116,P475,loc_id_P475,de_DE,Automated Voice,payout is still good. The comm...,2.0,High,Low,Standard,NEEDS_NATIVE_REVIEW
RS116,P475,loc_id_P475,es_ES,Automated Voice,payout is still good. The comm...,1.8,High,Low,Standard,NEEDS_NATIVE_REVIEW
RS116,P475,loc_id_P475,fr_FR,Automated Voice,payout is still good. The comm...,2.3,High,Low,Standard,NEEDS_NATIVE_REVIEW
RS116,P475,loc_id_P475,he_IL,Automated Voice,payout is still good. The comm...,6.3,High,Low,Standard,NEEDS_NATIVE_REVIEW
RS116,P475,loc_id_P475,id_ID,Automated Voice,payout is still good. The comm...,3.2,High,Low,Standard,NEEDS_NATIVE_REVIEW
RS116,P475,loc_id_P475,ja_JP,Automated Voice,payout is still good. The comm...,5.6,High,Low,Standard,NEEDS_NATIVE_REVIEW
RS116,P475,loc_id_P475,ko_KR,Automated Voice,payout is still good. The comm...,4.9,High,Low,Standard,NEEDS_NATIVE_REVIEW
RS116,P475,loc_id_P475,nl_NL,Automated Voice,payout is still good. The comm...,2.3,High,Low,Standard,NEEDS_NATIVE_REVIEW
RS116,P475,loc_id_P475,pl_PL,Automated Voice,payout is still good. The comm...,3.4,High,Low,Standard,NEEDS_NATIVE_REVIEW
RS116,P475,loc_id_P475,pt_BR,Automated Voice,payout is still good. The comm...,5.3,High,Low,Standard,NEEDS_NATIVE_REVIEW
RS116,P475,loc_id_P475,ru_RU,Automated Voice,payout is still good. The comm...,2.0,High,Low,Standard,NEEDS_NATIVE_REVIEW
RS116,P475,loc_id_P475,uk_UA,Automated Voice,payout is still good. The comm...,5.6,High,Low,Standard,NEEDS_NATIVE_REVIEW
RS116,P475,loc_id_P475,zh_CN,Automated Voice,payout is still good. The comm...,5.5,High,Low,Standard,NEEDS_NATIVE_REVIEW
RS116,P476,loc_id_P476,en_US,Automated Voice,recording module logged an una...,4.6,High,Low,Standard,NEEDS_NATIVE_REVIEW
RS116,P476,loc_id_P476,ar_SA,Automated Voice,recording module logged an una...,1.8,High,Low,Standard,NEEDS_NATIVE_REVIEW
RS116,P476,loc_id_P476,de_DE,Automated Voice,recording module logged an una...,7.1,High,Low,Standard,NEEDS_NATIVE_REVIEW
RS116,P476,loc_id_P476,es_ES,Automated Voice,recording module logged an una...,4.1,High,Low,Standard,NEEDS_NATIVE_REVIEW
RS116,P476,loc_id_P476,fr_FR,Automated Voice,recording module logged an una...,3.2,High,Low,Standard,NEEDS_NATIVE_REVIEW
RS116,P476,loc_id_P476,he_IL,Automated Voice,recording module logged an una...,7.1,High,Low,Standard,NEEDS_NATIVE_REVIEW
RS116,P476,loc_id_P476,id_ID,Automated Voice,recording module logged an una...,6.4,High,Low,Standard,NEEDS_NATIVE_REVIEW
RS116,P476,loc_id_P476,ja_JP,Automated Voice,recording module logged an una...,4.5,High,Low,Standard,NEEDS_NATIVE_REVIEW
RS116,P476,loc_id_P476,ko_KR,Automated Voice,recording module logged an una...,3.9,High,Low,Standard,NEEDS_NATIVE_REVIEW
RS116,P476,loc_id_P476,nl_NL,Automated Voice,recording module logged an una...,5.5,High,Low,Standard,NEEDS_NATIVE_REVIEW
RS116,P476,loc_id_P476,pl_PL,Automated Voice,recording module logged an una...,2.0,High,Low,Standard,NEEDS_NATIVE_REVIEW
RS116,P476,loc_id_P476,pt_BR,Automated Voice,recording module logged an una...,5.3,High,Low,Standard,NEEDS_NATIVE_REVIEW
RS116,P476,loc_id_P476,ru_RU,Automated Voice,recording module logged an una...,5.7,High,Low,Standard,NEEDS_NATIVE_REVIEW
RS116,P476,loc_id_P476,uk_UA,Automated Voice,recording module logged an una...,5.9,High,Low,Standard,NEEDS_NATIVE_REVIEW
RS116,P476,loc_id_P476,zh_CN,Automated Voice,recording module logged an una...,6.8,High,Low,Standard,NEEDS_NATIVE_REVIEW
RS116,P477,loc_id_P477,en_US,Automated Voice,patches. This rusted panel sou...,4.7,High,Low,Standard,NEEDS_NATIVE_REVIEW
RS116,P477,loc_id_P477,ar_SA,Automated Voice,patches. This rusted panel sou...,6.5,High,Low,Standard,NEEDS_NATIVE_REVIEW
RS116,P477,loc_id_P477,de_DE,Automated Voice,patches. This rusted panel sou...,2.6,High,Low,Standard,NEEDS_NATIVE_REVIEW
RS116,P477,loc_id_P477,es_ES,Automated Voice,patches. This rusted panel sou...,6.1,High,Low,Standard,NEEDS_NATIVE_REVIEW
RS116,P477,loc_id_P477,fr_FR,Automated Voice,patches. This rusted panel sou...,5.3,High,Low,Standard,NEEDS_NATIVE_REVIEW
RS116,P477,loc_id_P477,he_IL,Automated Voice,patches. This rusted panel sou...,2.5,High,Low,Standard,NEEDS_NATIVE_REVIEW
RS116,P477,loc_id_P477,id_ID,Automated Voice,patches. This rusted panel sou...,5.8,High,Low,Standard,NEEDS_NATIVE_REVIEW
RS116,P477,loc_id_P477,ja_JP,Automated Voice,patches. This rusted panel sou...,7.4,High,Low,Standard,NEEDS_NATIVE_REVIEW
RS116,P477,loc_id_P477,ko_KR,Automated Voice,patches. This rusted panel sou...,5.5,High,Low,Standard,NEEDS_NATIVE_REVIEW
RS116,P477,loc_id_P477,nl_NL,Automated Voice,patches. This rusted panel sou...,7.1,High,Low,Standard,NEEDS_NATIVE_REVIEW
RS116,P477,loc_id_P477,pl_PL,Automated Voice,patches. This rusted panel sou...,2.0,High,Low,Standard,NEEDS_NATIVE_REVIEW
RS116,P477,loc_id_P477,pt_BR,Automated Voice,patches. This rusted panel sou...,3.0,High,Low,Standard,NEEDS_NATIVE_REVIEW
RS116,P477,loc_id_P477,ru_RU,Automated Voice,patches. This rusted panel sou...,6.6,High,Low,Standard,NEEDS_NATIVE_REVIEW
RS116,P477,loc_id_P477,uk_UA,Automated Voice,patches. This rusted panel sou...,4.9,High,Low,Standard,NEEDS_NATIVE_REVIEW
RS116,P477,loc_id_P477,zh_CN,Automated Voice,patches. This rusted panel sou...,3.4,High,Low,Standard,NEEDS_NATIVE_REVIEW
RS116,P478,loc_id_P478,en_US,Automated Voice,The company denied all knowled...,4.3,High,Low,Standard,NEEDS_NATIVE_REVIEW
RS116,P478,loc_id_P478,ar_SA,Automated Voice,The company denied all knowled...,6.8,High,Low,Standard,NEEDS_NATIVE_REVIEW
RS116,P478,loc_id_P478,de_DE,Automated Voice,The company denied all knowled...,5.8,High,Low,Standard,NEEDS_NATIVE_REVIEW
RS116,P478,loc_id_P478,es_ES,Automated Voice,The company denied all knowled...,2.8,High,Low,Standard,NEEDS_NATIVE_REVIEW
RS116,P478,loc_id_P478,fr_FR,Automated Voice,The company denied all knowled...,3.9,High,Low,Standard,NEEDS_NATIVE_REVIEW
RS116,P478,loc_id_P478,he_IL,Automated Voice,The company denied all knowled...,6.6,High,Low,Standard,NEEDS_NATIVE_REVIEW
RS116,P478,loc_id_P478,id_ID,Automated Voice,The company denied all knowled...,5.2,High,Low,Standard,NEEDS_NATIVE_REVIEW
RS116,P478,loc_id_P478,ja_JP,Automated Voice,The company denied all knowled...,2.2,High,Low,Standard,NEEDS_NATIVE_REVIEW
RS116,P478,loc_id_P478,ko_KR,Automated Voice,The company denied all knowled...,7.2,High,Low,Standard,NEEDS_NATIVE_REVIEW
RS116,P478,loc_id_P478,nl_NL,Automated Voice,The company denied all knowled...,5.1,High,Low,Standard,NEEDS_NATIVE_REVIEW
RS116,P478,loc_id_P478,pl_PL,Automated Voice,The company denied all knowled...,4.0,High,Low,Standard,NEEDS_NATIVE_REVIEW
RS116,P478,loc_id_P478,pt_BR,Automated Voice,The company denied all knowled...,2.0,High,Low,Standard,NEEDS_NATIVE_REVIEW
RS116,P478,loc_id_P478,ru_RU,Automated Voice,The company denied all knowled...,7.2,High,Low,Standard,NEEDS_NATIVE_REVIEW
RS116,P478,loc_id_P478,uk_UA,Automated Voice,The company denied all knowled...,2.4,High,Low,Standard,NEEDS_NATIVE_REVIEW
RS116,P478,loc_id_P478,zh_CN,Automated Voice,The company denied all knowled...,2.8,High,Low,Standard,NEEDS_NATIVE_REVIEW
RS116,P479,loc_id_P479,en_US,Automated Voice,bulkhead is lying to us and th...,5.8,High,Low,Standard,NEEDS_NATIVE_REVIEW
RS116,P479,loc_id_P479,ar_SA,Automated Voice,bulkhead is lying to us and th...,3.6,High,Low,Standard,NEEDS_NATIVE_REVIEW
RS116,P479,loc_id_P479,de_DE,Automated Voice,bulkhead is lying to us and th...,5.6,High,Low,Standard,NEEDS_NATIVE_REVIEW
RS116,P479,loc_id_P479,es_ES,Automated Voice,bulkhead is lying to us and th...,5.6,High,Low,Standard,NEEDS_NATIVE_REVIEW
RS116,P479,loc_id_P479,fr_FR,Automated Voice,bulkhead is lying to us and th...,6.5,High,Low,Standard,NEEDS_NATIVE_REVIEW
RS116,P479,loc_id_P479,he_IL,Automated Voice,bulkhead is lying to us and th...,6.2,High,Low,Standard,NEEDS_NATIVE_REVIEW
RS116,P479,loc_id_P479,id_ID,Automated Voice,bulkhead is lying to us and th...,7.3,High,Low,Standard,NEEDS_NATIVE_REVIEW
RS116,P479,loc_id_P479,ja_JP,Automated Voice,bulkhead is lying to us and th...,3.1,High,Low,Standard,NEEDS_NATIVE_REVIEW
RS116,P479,loc_id_P479,ko_KR,Automated Voice,bulkhead is lying to us and th...,4.6,High,Low,Standard,NEEDS_NATIVE_REVIEW
RS116,P479,loc_id_P479,nl_NL,Automated Voice,bulkhead is lying to us and th...,6.2,High,Low,Standard,NEEDS_NATIVE_REVIEW
RS116,P479,loc_id_P479,pl_PL,Automated Voice,bulkhead is lying to us and th...,2.7,High,Low,Standard,NEEDS_NATIVE_REVIEW
RS116,P479,loc_id_P479,pt_BR,Automated Voice,bulkhead is lying to us and th...,6.7,High,Low,Standard,NEEDS_NATIVE_REVIEW
RS116,P479,loc_id_P479,ru_RU,Automated Voice,bulkhead is lying to us and th...,7.0,High,Low,Standard,NEEDS_NATIVE_REVIEW
RS116,P479,loc_id_P479,uk_UA,Automated Voice,bulkhead is lying to us and th...,7.1,High,Low,Standard,NEEDS_NATIVE_REVIEW
RS116,P479,loc_id_P479,zh_CN,Automated Voice,bulkhead is lying to us and th...,7.1,High,Low,Standard,NEEDS_NATIVE_REVIEW
RS117,P480,loc_id_P480,en_US,Automated Voice,backup pump is lying to us whi...,4.5,High,Low,Standard,NEEDS_NATIVE_REVIEW
RS117,P480,loc_id_P480,ar_SA,Automated Voice,backup pump is lying to us whi...,7.0,High,Low,Standard,NEEDS_NATIVE_REVIEW
RS117,P480,loc_id_P480,de_DE,Automated Voice,backup pump is lying to us whi...,7.0,High,Low,Standard,NEEDS_NATIVE_REVIEW
RS117,P480,loc_id_P480,es_ES,Automated Voice,backup pump is lying to us whi...,2.2,High,Low,Standard,NEEDS_NATIVE_REVIEW
RS117,P480,loc_id_P480,fr_FR,Automated Voice,backup pump is lying to us whi...,4.5,High,Low,Standard,NEEDS_NATIVE_REVIEW
RS117,P480,loc_id_P480,he_IL,Automated Voice,backup pump is lying to us whi...,4.8,High,Low,Standard,NEEDS_NATIVE_REVIEW
RS117,P480,loc_id_P480,id_ID,Automated Voice,backup pump is lying to us whi...,3.6,High,Low,Standard,NEEDS_NATIVE_REVIEW
RS117,P480,loc_id_P480,ja_JP,Automated Voice,backup pump is lying to us whi...,7.4,High,Low,Standard,NEEDS_NATIVE_REVIEW
RS117,P480,loc_id_P480,ko_KR,Automated Voice,backup pump is lying to us whi...,6.4,High,Low,Standard,NEEDS_NATIVE_REVIEW
RS117,P480,loc_id_P480,nl_NL,Automated Voice,backup pump is lying to us whi...,4.6,High,Low,Standard,NEEDS_NATIVE_REVIEW
RS117,P480,loc_id_P480,pl_PL,Automated Voice,backup pump is lying to us whi...,4.9,High,Low,Standard,NEEDS_NATIVE_REVIEW
RS117,P480,loc_id_P480,pt_BR,Automated Voice,backup pump is lying to us whi...,2.5,High,Low,Standard,NEEDS_NATIVE_REVIEW
RS117,P480,loc_id_P480,ru_RU,Automated Voice,backup pump is lying to us whi...,3.8,High,Low,Standard,NEEDS_NATIVE_REVIEW
RS117,P480,loc_id_P480,uk_UA,Automated Voice,backup pump is lying to us whi...,3.8,High,Low,Standard,NEEDS_NATIVE_REVIEW
RS117,P480,loc_id_P480,zh_CN,Automated Voice,backup pump is lying to us whi...,2.9,High,Low,Standard,NEEDS_NATIVE_REVIEW
RS117,P481,loc_id_P481,en_US,Automated Voice,resulting in a total loss of s...,5.3,High,Low,Standard,NEEDS_NATIVE_REVIEW
RS117,P481,loc_id_P481,ar_SA,Automated Voice,resulting in a total loss of s...,4.1,High,Low,Standard,NEEDS_NATIVE_REVIEW
RS117,P481,loc_id_P481,de_DE,Automated Voice,resulting in a total loss of s...,4.6,High,Low,Standard,NEEDS_NATIVE_REVIEW
RS117,P481,loc_id_P481,es_ES,Automated Voice,resulting in a total loss of s...,5.6,High,Low,Standard,NEEDS_NATIVE_REVIEW
RS117,P481,loc_id_P481,fr_FR,Automated Voice,resulting in a total loss of s...,7.4,High,Low,Standard,NEEDS_NATIVE_REVIEW
RS117,P481,loc_id_P481,he_IL,Automated Voice,resulting in a total loss of s...,5.8,High,Low,Standard,NEEDS_NATIVE_REVIEW
RS117,P481,loc_id_P481,id_ID,Automated Voice,resulting in a total loss of s...,4.8,High,Low,Standard,NEEDS_NATIVE_REVIEW
RS117,P481,loc_id_P481,ja_JP,Automated Voice,resulting in a total loss of s...,4.6,High,Low,Standard,NEEDS_NATIVE_REVIEW
RS117,P481,loc_id_P481,ko_KR,Automated Voice,resulting in a total loss of s...,4.8,High,Low,Standard,NEEDS_NATIVE_REVIEW
RS117,P481,loc_id_P481,nl_NL,Automated Voice,resulting in a total loss of s...,6.4,High,Low,Standard,NEEDS_NATIVE_REVIEW
RS117,P481,loc_id_P481,pl_PL,Automated Voice,resulting in a total loss of s...,4.4,High,Low,Standard,NEEDS_NATIVE_REVIEW
RS117,P481,loc_id_P481,pt_BR,Automated Voice,resulting in a total loss of s...,4.7,High,Low,Standard,NEEDS_NATIVE_REVIEW
RS117,P481,loc_id_P481,ru_RU,Automated Voice,resulting in a total loss of s...,5.2,High,Low,Standard,NEEDS_NATIVE_REVIEW
RS117,P481,loc_id_P481,uk_UA,Automated Voice,resulting in a total loss of s...,4.4,High,Low,Standard,NEEDS_NATIVE_REVIEW
RS117,P481,loc_id_P481,zh_CN,Automated Voice,resulting in a total loss of s...,4.7,High,Low,Standard,NEEDS_NATIVE_REVIEW
RS117,P482,loc_id_P482,en_US,Automated Voice,pressure is only getting worse...,5.7,High,Low,Standard,NEEDS_NATIVE_REVIEW
RS117,P482,loc_id_P482,ar_SA,Automated Voice,pressure is only getting worse...,5.0,High,Low,Standard,NEEDS_NATIVE_REVIEW
RS117,P482,loc_id_P482,de_DE,Automated Voice,pressure is only getting worse...,3.0,High,Low,Standard,NEEDS_NATIVE_REVIEW
RS117,P482,loc_id_P482,es_ES,Automated Voice,pressure is only getting worse...,6.4,High,Low,Standard,NEEDS_NATIVE_REVIEW
RS117,P482,loc_id_P482,fr_FR,Automated Voice,pressure is only getting worse...,2.7,High,Low,Standard,NEEDS_NATIVE_REVIEW
RS117,P482,loc_id_P482,he_IL,Automated Voice,pressure is only getting worse...,4.7,High,Low,Standard,NEEDS_NATIVE_REVIEW
RS117,P482,loc_id_P482,id_ID,Automated Voice,pressure is only getting worse...,5.0,High,Low,Standard,NEEDS_NATIVE_REVIEW
RS117,P482,loc_id_P482,ja_JP,Automated Voice,pressure is only getting worse...,3.9,High,Low,Standard,NEEDS_NATIVE_REVIEW
RS117,P482,loc_id_P482,ko_KR,Automated Voice,pressure is only getting worse...,4.1,High,Low,Standard,NEEDS_NATIVE_REVIEW
RS117,P482,loc_id_P482,nl_NL,Automated Voice,pressure is only getting worse...,2.2,High,Low,Standard,NEEDS_NATIVE_REVIEW
RS117,P482,loc_id_P482,pl_PL,Automated Voice,pressure is only getting worse...,3.7,High,Low,Standard,NEEDS_NATIVE_REVIEW
RS117,P482,loc_id_P482,pt_BR,Automated Voice,pressure is only getting worse...,5.1,High,Low,Standard,NEEDS_NATIVE_REVIEW
RS117,P482,loc_id_P482,ru_RU,Automated Voice,pressure is only getting worse...,6.8,High,Low,Standard,NEEDS_NATIVE_REVIEW
RS117,P482,loc_id_P482,uk_UA,Automated Voice,pressure is only getting worse...,2.2,High,Low,Standard,NEEDS_NATIVE_REVIEW
RS117,P482,loc_id_P482,zh_CN,Automated Voice,pressure is only getting worse...,5.1,High,Low,Standard,NEEDS_NATIVE_REVIEW
RS117,P483,loc_id_P483,en_US,Automated Voice,anchor and the pressure is onl...,2.5,High,Low,Standard,NEEDS_NATIVE_REVIEW
RS117,P483,loc_id_P483,ar_SA,Automated Voice,anchor and the pressure is onl...,2.6,High,Low,Standard,NEEDS_NATIVE_REVIEW
RS117,P483,loc_id_P483,de_DE,Automated Voice,anchor and the pressure is onl...,6.6,High,Low,Standard,NEEDS_NATIVE_REVIEW
RS117,P483,loc_id_P483,es_ES,Automated Voice,anchor and the pressure is onl...,3.4,High,Low,Standard,NEEDS_NATIVE_REVIEW
RS117,P483,loc_id_P483,fr_FR,Automated Voice,anchor and the pressure is onl...,7.3,High,Low,Standard,NEEDS_NATIVE_REVIEW
RS117,P483,loc_id_P483,he_IL,Automated Voice,anchor and the pressure is onl...,3.6,High,Low,Standard,NEEDS_NATIVE_REVIEW
RS117,P483,loc_id_P483,id_ID,Automated Voice,anchor and the pressure is onl...,3.9,High,Low,Standard,NEEDS_NATIVE_REVIEW
RS117,P483,loc_id_P483,ja_JP,Automated Voice,anchor and the pressure is onl...,5.1,High,Low,Standard,NEEDS_NATIVE_REVIEW
RS117,P483,loc_id_P483,ko_KR,Automated Voice,anchor and the pressure is onl...,4.4,High,Low,Standard,NEEDS_NATIVE_REVIEW
RS117,P483,loc_id_P483,nl_NL,Automated Voice,anchor and the pressure is onl...,3.6,High,Low,Standard,NEEDS_NATIVE_REVIEW
RS117,P483,loc_id_P483,pl_PL,Automated Voice,anchor and the pressure is onl...,2.4,High,Low,Standard,NEEDS_NATIVE_REVIEW
RS117,P483,loc_id_P483,pt_BR,Automated Voice,anchor and the pressure is onl...,3.7,High,Low,Standard,NEEDS_NATIVE_REVIEW
RS117,P483,loc_id_P483,ru_RU,Automated Voice,anchor and the pressure is onl...,3.3,High,Low,Standard,NEEDS_NATIVE_REVIEW
RS117,P483,loc_id_P483,uk_UA,Automated Voice,anchor and the pressure is onl...,3.7,High,Low,Standard,NEEDS_NATIVE_REVIEW
RS117,P483,loc_id_P483,zh_CN,Automated Voice,anchor and the pressure is onl...,2.4,High,Low,Standard,NEEDS_NATIVE_REVIEW
RS117,P484,loc_id_P484,en_US,Automated Voice,we're on borrowed time. The ma...,2.4,High,Low,Standard,NEEDS_NATIVE_REVIEW
RS117,P484,loc_id_P484,ar_SA,Automated Voice,we're on borrowed time. The ma...,2.0,High,Low,Standard,NEEDS_NATIVE_REVIEW
RS117,P484,loc_id_P484,de_DE,Automated Voice,we're on borrowed time. The ma...,4.2,High,Low,Standard,NEEDS_NATIVE_REVIEW
RS117,P484,loc_id_P484,es_ES,Automated Voice,we're on borrowed time. The ma...,5.2,High,Low,Standard,NEEDS_NATIVE_REVIEW
RS117,P484,loc_id_P484,fr_FR,Automated Voice,we're on borrowed time. The ma...,3.4,High,Low,Standard,NEEDS_NATIVE_REVIEW
RS117,P484,loc_id_P484,he_IL,Automated Voice,we're on borrowed time. The ma...,7.0,High,Low,Standard,NEEDS_NATIVE_REVIEW
RS117,P484,loc_id_P484,id_ID,Automated Voice,we're on borrowed time. The ma...,3.5,High,Low,Standard,NEEDS_NATIVE_REVIEW
RS117,P484,loc_id_P484,ja_JP,Automated Voice,we're on borrowed time. The ma...,6.6,High,Low,Standard,NEEDS_NATIVE_REVIEW
RS117,P484,loc_id_P484,ko_KR,Automated Voice,we're on borrowed time. The ma...,5.6,High,Low,Standard,NEEDS_NATIVE_REVIEW
RS117,P484,loc_id_P484,nl_NL,Automated Voice,we're on borrowed time. The ma...,6.4,High,Low,Standard,NEEDS_NATIVE_REVIEW
RS117,P484,loc_id_P484,pl_PL,Automated Voice,we're on borrowed time. The ma...,6.6,High,Low,Standard,NEEDS_NATIVE_REVIEW
RS117,P484,loc_id_P484,pt_BR,Automated Voice,we're on borrowed time. The ma...,3.2,High,Low,Standard,NEEDS_NATIVE_REVIEW
RS117,P484,loc_id_P484,ru_RU,Automated Voice,we're on borrowed time. The ma...,2.3,High,Low,Standard,NEEDS_NATIVE_REVIEW
RS117,P484,loc_id_P484,uk_UA,Automated Voice,we're on borrowed time. The ma...,7.2,High,Low,Standard,NEEDS_NATIVE_REVIEW
RS117,P484,loc_id_P484,zh_CN,Automated Voice,we're on borrowed time. The ma...,6.0,High,Low,Standard,NEEDS_NATIVE_REVIEW
RS117,P485,loc_id_P485,en_US,Automated Voice,to keep moving. An isolated th...,7.1,High,Low,Standard,NEEDS_NATIVE_REVIEW
RS117,P485,loc_id_P485,ar_SA,Automated Voice,to keep moving. An isolated th...,3.6,High,Low,Standard,NEEDS_NATIVE_REVIEW
RS117,P485,loc_id_P485,de_DE,Automated Voice,to keep moving. An isolated th...,2.3,High,Low,Standard,NEEDS_NATIVE_REVIEW
RS117,P485,loc_id_P485,es_ES,Automated Voice,to keep moving. An isolated th...,4.3,High,Low,Standard,NEEDS_NATIVE_REVIEW
RS117,P485,loc_id_P485,fr_FR,Automated Voice,to keep moving. An isolated th...,6.4,High,Low,Standard,NEEDS_NATIVE_REVIEW
RS117,P485,loc_id_P485,he_IL,Automated Voice,to keep moving. An isolated th...,4.6,High,Low,Standard,NEEDS_NATIVE_REVIEW
RS117,P485,loc_id_P485,id_ID,Automated Voice,to keep moving. An isolated th...,5.3,High,Low,Standard,NEEDS_NATIVE_REVIEW
RS117,P485,loc_id_P485,ja_JP,Automated Voice,to keep moving. An isolated th...,4.4,High,Low,Standard,NEEDS_NATIVE_REVIEW
RS117,P485,loc_id_P485,ko_KR,Automated Voice,to keep moving. An isolated th...,5.0,High,Low,Standard,NEEDS_NATIVE_REVIEW
RS117,P485,loc_id_P485,nl_NL,Automated Voice,to keep moving. An isolated th...,5.3,High,Low,Standard,NEEDS_NATIVE_REVIEW
RS117,P485,loc_id_P485,pl_PL,Automated Voice,to keep moving. An isolated th...,5.6,High,Low,Standard,NEEDS_NATIVE_REVIEW
RS117,P485,loc_id_P485,pt_BR,Automated Voice,to keep moving. An isolated th...,6.3,High,Low,Standard,NEEDS_NATIVE_REVIEW
RS117,P485,loc_id_P485,ru_RU,Automated Voice,to keep moving. An isolated th...,2.2,High,Low,Standard,NEEDS_NATIVE_REVIEW
RS117,P485,loc_id_P485,uk_UA,Automated Voice,to keep moving. An isolated th...,3.8,High,Low,Standard,NEEDS_NATIVE_REVIEW
RS117,P485,loc_id_P485,zh_CN,Automated Voice,to keep moving. An isolated th...,3.9,High,Low,Standard,NEEDS_NATIVE_REVIEW
RS117,P486,loc_id_P486,en_US,Automated Voice,to keep moving. The main power...,5.1,High,Low,Standard,NEEDS_NATIVE_REVIEW
RS117,P486,loc_id_P486,ar_SA,Automated Voice,to keep moving. The main power...,2.5,High,Low,Standard,NEEDS_NATIVE_REVIEW
RS117,P486,loc_id_P486,de_DE,Automated Voice,to keep moving. The main power...,2.2,High,Low,Standard,NEEDS_NATIVE_REVIEW
RS117,P486,loc_id_P486,es_ES,Automated Voice,to keep moving. The main power...,2.4,High,Low,Standard,NEEDS_NATIVE_REVIEW
RS117,P486,loc_id_P486,fr_FR,Automated Voice,to keep moving. The main power...,2.8,High,Low,Standard,NEEDS_NATIVE_REVIEW
RS117,P486,loc_id_P486,he_IL,Automated Voice,to keep moving. The main power...,4.2,High,Low,Standard,NEEDS_NATIVE_REVIEW
RS117,P486,loc_id_P486,id_ID,Automated Voice,to keep moving. The main power...,6.9,High,Low,Standard,NEEDS_NATIVE_REVIEW
RS117,P486,loc_id_P486,ja_JP,Automated Voice,to keep moving. The main power...,6.9,High,Low,Standard,NEEDS_NATIVE_REVIEW
RS117,P486,loc_id_P486,ko_KR,Automated Voice,to keep moving. The main power...,2.9,High,Low,Standard,NEEDS_NATIVE_REVIEW
RS117,P486,loc_id_P486,nl_NL,Automated Voice,to keep moving. The main power...,4.4,High,Low,Standard,NEEDS_NATIVE_REVIEW
RS117,P486,loc_id_P486,pl_PL,Automated Voice,to keep moving. The main power...,7.4,High,Low,Standard,NEEDS_NATIVE_REVIEW
RS117,P486,loc_id_P486,pt_BR,Automated Voice,to keep moving. The main power...,2.8,High,Low,Standard,NEEDS_NATIVE_REVIEW
RS117,P486,loc_id_P486,ru_RU,Automated Voice,to keep moving. The main power...,3.6,High,Low,Standard,NEEDS_NATIVE_REVIEW
RS117,P486,loc_id_P486,uk_UA,Automated Voice,to keep moving. The main power...,4.5,High,Low,Standard,NEEDS_NATIVE_REVIEW
RS117,P486,loc_id_P486,zh_CN,Automated Voice,to keep moving. The main power...,4.8,High,Low,Standard,NEEDS_NATIVE_REVIEW
RS117,P487,loc_id_P487,en_US,Automated Voice,corp doesn't care. The seconda...,2.6,High,Low,Standard,NEEDS_NATIVE_REVIEW
RS117,P487,loc_id_P487,ar_SA,Automated Voice,corp doesn't care. The seconda...,4.7,High,Low,Standard,NEEDS_NATIVE_REVIEW
RS117,P487,loc_id_P487,de_DE,Automated Voice,corp doesn't care. The seconda...,5.4,High,Low,Standard,NEEDS_NATIVE_REVIEW
RS117,P487,loc_id_P487,es_ES,Automated Voice,corp doesn't care. The seconda...,1.9,High,Low,Standard,NEEDS_NATIVE_REVIEW
RS117,P487,loc_id_P487,fr_FR,Automated Voice,corp doesn't care. The seconda...,3.0,High,Low,Standard,NEEDS_NATIVE_REVIEW
RS117,P487,loc_id_P487,he_IL,Automated Voice,corp doesn't care. The seconda...,4.6,High,Low,Standard,NEEDS_NATIVE_REVIEW
RS117,P487,loc_id_P487,id_ID,Automated Voice,corp doesn't care. The seconda...,3.2,High,Low,Standard,NEEDS_NATIVE_REVIEW
RS117,P487,loc_id_P487,ja_JP,Automated Voice,corp doesn't care. The seconda...,3.5,High,Low,Standard,NEEDS_NATIVE_REVIEW
RS117,P487,loc_id_P487,ko_KR,Automated Voice,corp doesn't care. The seconda...,2.2,High,Low,Standard,NEEDS_NATIVE_REVIEW
RS117,P487,loc_id_P487,nl_NL,Automated Voice,corp doesn't care. The seconda...,5.4,High,Low,Standard,NEEDS_NATIVE_REVIEW
RS117,P487,loc_id_P487,pl_PL,Automated Voice,corp doesn't care. The seconda...,2.4,High,Low,Standard,NEEDS_NATIVE_REVIEW
RS117,P487,loc_id_P487,pt_BR,Automated Voice,corp doesn't care. The seconda...,4.6,High,Low,Standard,NEEDS_NATIVE_REVIEW
RS117,P487,loc_id_P487,ru_RU,Automated Voice,corp doesn't care. The seconda...,6.1,High,Low,Standard,NEEDS_NATIVE_REVIEW
RS117,P487,loc_id_P487,uk_UA,Automated Voice,corp doesn't care. The seconda...,4.9,High,Low,Standard,NEEDS_NATIVE_REVIEW
RS117,P487,loc_id_P487,zh_CN,Automated Voice,corp doesn't care. The seconda...,2.1,High,Low,Standard,NEEDS_NATIVE_REVIEW
RS117,P488,loc_id_P488,en_US,Automated Voice,This rusted panel tastes like ...,1.8,High,Low,Standard,NEEDS_NATIVE_REVIEW
RS117,P488,loc_id_P488,ar_SA,Automated Voice,This rusted panel tastes like ...,5.8,High,Low,Standard,NEEDS_NATIVE_REVIEW
RS117,P488,loc_id_P488,de_DE,Automated Voice,This rusted panel tastes like ...,7.3,High,Low,Standard,NEEDS_NATIVE_REVIEW
RS117,P488,loc_id_P488,es_ES,Automated Voice,This rusted panel tastes like ...,2.7,High,Low,Standard,NEEDS_NATIVE_REVIEW
RS117,P488,loc_id_P488,fr_FR,Automated Voice,This rusted panel tastes like ...,5.9,High,Low,Standard,NEEDS_NATIVE_REVIEW
RS117,P488,loc_id_P488,he_IL,Automated Voice,This rusted panel tastes like ...,4.4,High,Low,Standard,NEEDS_NATIVE_REVIEW
RS117,P488,loc_id_P488,id_ID,Automated Voice,This rusted panel tastes like ...,5.6,High,Low,Standard,NEEDS_NATIVE_REVIEW
RS117,P488,loc_id_P488,ja_JP,Automated Voice,This rusted panel tastes like ...,3.5,High,Low,Standard,NEEDS_NATIVE_REVIEW
RS117,P488,loc_id_P488,ko_KR,Automated Voice,This rusted panel tastes like ...,5.5,High,Low,Standard,NEEDS_NATIVE_REVIEW
RS117,P488,loc_id_P488,nl_NL,Automated Voice,This rusted panel tastes like ...,3.8,High,Low,Standard,NEEDS_NATIVE_REVIEW
RS117,P488,loc_id_P488,pl_PL,Automated Voice,This rusted panel tastes like ...,4.8,High,Low,Standard,NEEDS_NATIVE_REVIEW
RS117,P488,loc_id_P488,pt_BR,Automated Voice,This rusted panel tastes like ...,3.4,High,Low,Standard,NEEDS_NATIVE_REVIEW
RS117,P488,loc_id_P488,ru_RU,Automated Voice,This rusted panel tastes like ...,4.0,High,Low,Standard,NEEDS_NATIVE_REVIEW
RS117,P488,loc_id_P488,uk_UA,Automated Voice,This rusted panel tastes like ...,7.0,High,Low,Standard,NEEDS_NATIVE_REVIEW
RS117,P488,loc_id_P488,zh_CN,Automated Voice,This rusted panel tastes like ...,2.9,High,Low,Standard,NEEDS_NATIVE_REVIEW
RS117,P489,loc_id_P489,en_US,Automated Voice,leaving the team stranded. A p...,2.9,High,Low,Standard,NEEDS_NATIVE_REVIEW
RS117,P489,loc_id_P489,ar_SA,Automated Voice,leaving the team stranded. A p...,5.6,High,Low,Standard,NEEDS_NATIVE_REVIEW
RS117,P489,loc_id_P489,de_DE,Automated Voice,leaving the team stranded. A p...,3.0,High,Low,Standard,NEEDS_NATIVE_REVIEW
RS117,P489,loc_id_P489,es_ES,Automated Voice,leaving the team stranded. A p...,6.4,High,Low,Standard,NEEDS_NATIVE_REVIEW
RS117,P489,loc_id_P489,fr_FR,Automated Voice,leaving the team stranded. A p...,5.6,High,Low,Standard,NEEDS_NATIVE_REVIEW
RS117,P489,loc_id_P489,he_IL,Automated Voice,leaving the team stranded. A p...,2.6,High,Low,Standard,NEEDS_NATIVE_REVIEW
RS117,P489,loc_id_P489,id_ID,Automated Voice,leaving the team stranded. A p...,4.2,High,Low,Standard,NEEDS_NATIVE_REVIEW
RS117,P489,loc_id_P489,ja_JP,Automated Voice,leaving the team stranded. A p...,7.4,High,Low,Standard,NEEDS_NATIVE_REVIEW
RS117,P489,loc_id_P489,ko_KR,Automated Voice,leaving the team stranded. A p...,7.1,High,Low,Standard,NEEDS_NATIVE_REVIEW
RS117,P489,loc_id_P489,nl_NL,Automated Voice,leaving the team stranded. A p...,7.2,High,Low,Standard,NEEDS_NATIVE_REVIEW
RS117,P489,loc_id_P489,pl_PL,Automated Voice,leaving the team stranded. A p...,6.9,High,Low,Standard,NEEDS_NATIVE_REVIEW
RS117,P489,loc_id_P489,pt_BR,Automated Voice,leaving the team stranded. A p...,7.4,High,Low,Standard,NEEDS_NATIVE_REVIEW
RS117,P489,loc_id_P489,ru_RU,Automated Voice,leaving the team stranded. A p...,3.3,High,Low,Standard,NEEDS_NATIVE_REVIEW
RS117,P489,loc_id_P489,uk_UA,Automated Voice,leaving the team stranded. A p...,3.1,High,Low,Standard,NEEDS_NATIVE_REVIEW
RS117,P489,loc_id_P489,zh_CN,Automated Voice,leaving the team stranded. A p...,7.1,High,Low,Standard,NEEDS_NATIVE_REVIEW
RS118,P490,loc_id_P490,en_US,Automated Voice,kick to engage and the pressur...,3.1,High,Low,Standard,NEEDS_NATIVE_REVIEW
RS118,P490,loc_id_P490,ar_SA,Automated Voice,kick to engage and the pressur...,2.1,High,Low,Standard,NEEDS_NATIVE_REVIEW
RS118,P490,loc_id_P490,de_DE,Automated Voice,kick to engage and the pressur...,5.0,High,Low,Standard,NEEDS_NATIVE_REVIEW
RS118,P490,loc_id_P490,es_ES,Automated Voice,kick to engage and the pressur...,2.9,High,Low,Standard,NEEDS_NATIVE_REVIEW
RS118,P490,loc_id_P490,fr_FR,Automated Voice,kick to engage and the pressur...,6.7,High,Low,Standard,NEEDS_NATIVE_REVIEW
RS118,P490,loc_id_P490,he_IL,Automated Voice,kick to engage and the pressur...,4.9,High,Low,Standard,NEEDS_NATIVE_REVIEW
RS118,P490,loc_id_P490,id_ID,Automated Voice,kick to engage and the pressur...,6.5,High,Low,Standard,NEEDS_NATIVE_REVIEW
RS118,P490,loc_id_P490,ja_JP,Automated Voice,kick to engage and the pressur...,5.1,High,Low,Standard,NEEDS_NATIVE_REVIEW
RS118,P490,loc_id_P490,ko_KR,Automated Voice,kick to engage and the pressur...,4.1,High,Low,Standard,NEEDS_NATIVE_REVIEW
RS118,P490,loc_id_P490,nl_NL,Automated Voice,kick to engage and the pressur...,2.7,High,Low,Standard,NEEDS_NATIVE_REVIEW
RS118,P490,loc_id_P490,pl_PL,Automated Voice,kick to engage and the pressur...,5.0,High,Low,Standard,NEEDS_NATIVE_REVIEW
RS118,P490,loc_id_P490,pt_BR,Automated Voice,kick to engage and the pressur...,6.2,High,Low,Standard,NEEDS_NATIVE_REVIEW
RS118,P490,loc_id_P490,ru_RU,Automated Voice,kick to engage and the pressur...,4.8,High,Low,Standard,NEEDS_NATIVE_REVIEW
RS118,P490,loc_id_P490,uk_UA,Automated Voice,kick to engage and the pressur...,6.9,High,Low,Standard,NEEDS_NATIVE_REVIEW
RS118,P490,loc_id_P490,zh_CN,Automated Voice,kick to engage and the pressur...,3.3,High,Low,Standard,NEEDS_NATIVE_REVIEW
RS118,P491,loc_id_P491,en_US,Automated Voice,all liability claims. The ambi...,3.3,High,Low,Standard,NEEDS_NATIVE_REVIEW
RS118,P491,loc_id_P491,ar_SA,Automated Voice,all liability claims. The ambi...,3.7,High,Low,Standard,NEEDS_NATIVE_REVIEW
RS118,P491,loc_id_P491,de_DE,Automated Voice,all liability claims. The ambi...,3.9,High,Low,Standard,NEEDS_NATIVE_REVIEW
RS118,P491,loc_id_P491,es_ES,Automated Voice,all liability claims. The ambi...,4.7,High,Low,Standard,NEEDS_NATIVE_REVIEW
RS118,P491,loc_id_P491,fr_FR,Automated Voice,all liability claims. The ambi...,5.5,High,Low,Standard,NEEDS_NATIVE_REVIEW
RS118,P491,loc_id_P491,he_IL,Automated Voice,all liability claims. The ambi...,4.1,High,Low,Standard,NEEDS_NATIVE_REVIEW
RS118,P491,loc_id_P491,id_ID,Automated Voice,all liability claims. The ambi...,5.7,High,Low,Standard,NEEDS_NATIVE_REVIEW
RS118,P491,loc_id_P491,ja_JP,Automated Voice,all liability claims. The ambi...,6.1,High,Low,Standard,NEEDS_NATIVE_REVIEW
RS118,P491,loc_id_P491,ko_KR,Automated Voice,all liability claims. The ambi...,5.6,High,Low,Standard,NEEDS_NATIVE_REVIEW
RS118,P491,loc_id_P491,nl_NL,Automated Voice,all liability claims. The ambi...,6.5,High,Low,Standard,NEEDS_NATIVE_REVIEW
RS118,P491,loc_id_P491,pl_PL,Automated Voice,all liability claims. The ambi...,3.8,High,Low,Standard,NEEDS_NATIVE_REVIEW
RS118,P491,loc_id_P491,pt_BR,Automated Voice,all liability claims. The ambi...,1.8,High,Low,Standard,NEEDS_NATIVE_REVIEW
RS118,P491,loc_id_P491,ru_RU,Automated Voice,all liability claims. The ambi...,4.7,High,Low,Standard,NEEDS_NATIVE_REVIEW
RS118,P491,loc_id_P491,uk_UA,Automated Voice,all liability claims. The ambi...,4.5,High,Low,Standard,NEEDS_NATIVE_REVIEW
RS118,P491,loc_id_P491,zh_CN,Automated Voice,all liability claims. The ambi...,7.0,High,Low,Standard,NEEDS_NATIVE_REVIEW
RS118,P492,loc_id_P492,en_US,Automated Voice,grit and the pressure is only ...,1.9,High,Low,Standard,NEEDS_NATIVE_REVIEW
RS118,P492,loc_id_P492,ar_SA,Automated Voice,grit and the pressure is only ...,4.0,High,Low,Standard,NEEDS_NATIVE_REVIEW
RS118,P492,loc_id_P492,de_DE,Automated Voice,grit and the pressure is only ...,6.3,High,Low,Standard,NEEDS_NATIVE_REVIEW
RS118,P492,loc_id_P492,es_ES,Automated Voice,grit and the pressure is only ...,4.5,High,Low,Standard,NEEDS_NATIVE_REVIEW
RS118,P492,loc_id_P492,fr_FR,Automated Voice,grit and the pressure is only ...,3.2,High,Low,Standard,NEEDS_NATIVE_REVIEW
RS118,P492,loc_id_P492,he_IL,Automated Voice,grit and the pressure is only ...,2.1,High,Low,Standard,NEEDS_NATIVE_REVIEW
RS118,P492,loc_id_P492,id_ID,Automated Voice,grit and the pressure is only ...,2.2,High,Low,Standard,NEEDS_NATIVE_REVIEW
RS118,P492,loc_id_P492,ja_JP,Automated Voice,grit and the pressure is only ...,2.3,High,Low,Standard,NEEDS_NATIVE_REVIEW
RS118,P492,loc_id_P492,ko_KR,Automated Voice,grit and the pressure is only ...,6.1,High,Low,Standard,NEEDS_NATIVE_REVIEW
RS118,P492,loc_id_P492,nl_NL,Automated Voice,grit and the pressure is only ...,6.3,High,Low,Standard,NEEDS_NATIVE_REVIEW
RS118,P492,loc_id_P492,pl_PL,Automated Voice,grit and the pressure is only ...,3.2,High,Low,Standard,NEEDS_NATIVE_REVIEW
RS118,P492,loc_id_P492,pt_BR,Automated Voice,grit and the pressure is only ...,7.1,High,Low,Standard,NEEDS_NATIVE_REVIEW
RS118,P492,loc_id_P492,ru_RU,Automated Voice,grit and the pressure is only ...,5.3,High,Low,Standard,NEEDS_NATIVE_REVIEW
RS118,P492,loc_id_P492,uk_UA,Automated Voice,grit and the pressure is only ...,1.8,High,Low,Standard,NEEDS_NATIVE_REVIEW
RS118,P492,loc_id_P492,zh_CN,Automated Voice,grit and the pressure is only ...,6.0,High,Low,Standard,NEEDS_NATIVE_REVIEW
RS118,P493,loc_id_P493,en_US,Automated Voice,override is completely blind o...,5.2,High,Low,Standard,NEEDS_NATIVE_REVIEW
RS118,P493,loc_id_P493,ar_SA,Automated Voice,override is completely blind o...,6.2,High,Low,Standard,NEEDS_NATIVE_REVIEW
RS118,P493,loc_id_P493,de_DE,Automated Voice,override is completely blind o...,6.4,High,Low,Standard,NEEDS_NATIVE_REVIEW
RS118,P493,loc_id_P493,es_ES,Automated Voice,override is completely blind o...,5.3,High,Low,Standard,NEEDS_NATIVE_REVIEW
RS118,P493,loc_id_P493,fr_FR,Automated Voice,override is completely blind o...,7.5,High,Low,Standard,NEEDS_NATIVE_REVIEW
RS118,P493,loc_id_P493,he_IL,Automated Voice,override is completely blind o...,6.8,High,Low,Standard,NEEDS_NATIVE_REVIEW
RS118,P493,loc_id_P493,id_ID,Automated Voice,override is completely blind o...,4.3,High,Low,Standard,NEEDS_NATIVE_REVIEW
RS118,P493,loc_id_P493,ja_JP,Automated Voice,override is completely blind o...,4.3,High,Low,Standard,NEEDS_NATIVE_REVIEW
RS118,P493,loc_id_P493,ko_KR,Automated Voice,override is completely blind o...,5.0,High,Low,Standard,NEEDS_NATIVE_REVIEW
RS118,P493,loc_id_P493,nl_NL,Automated Voice,override is completely blind o...,6.0,High,Low,Standard,NEEDS_NATIVE_REVIEW
RS118,P493,loc_id_P493,pl_PL,Automated Voice,override is completely blind o...,4.2,High,Low,Standard,NEEDS_NATIVE_REVIEW
RS118,P493,loc_id_P493,pt_BR,Automated Voice,override is completely blind o...,5.1,High,Low,Standard,NEEDS_NATIVE_REVIEW
RS118,P493,loc_id_P493,ru_RU,Automated Voice,override is completely blind o...,7.2,High,Low,Standard,NEEDS_NATIVE_REVIEW
RS118,P493,loc_id_P493,uk_UA,Automated Voice,override is completely blind o...,3.9,High,Low,Standard,NEEDS_NATIVE_REVIEW
RS118,P493,loc_id_P493,zh_CN,Automated Voice,override is completely blind o...,7.2,High,Low,Standard,NEEDS_NATIVE_REVIEW
RS118,P494,loc_id_P494,en_US,Automated Voice,us and we're out of patches. T...,5.3,High,Low,Standard,NEEDS_NATIVE_REVIEW
RS118,P494,loc_id_P494,ar_SA,Automated Voice,us and we're out of patches. T...,2.8,High,Low,Standard,NEEDS_NATIVE_REVIEW
RS118,P494,loc_id_P494,de_DE,Automated Voice,us and we're out of patches. T...,6.4,High,Low,Standard,NEEDS_NATIVE_REVIEW
RS118,P494,loc_id_P494,es_ES,Automated Voice,us and we're out of patches. T...,3.4,High,Low,Standard,NEEDS_NATIVE_REVIEW
RS118,P494,loc_id_P494,fr_FR,Automated Voice,us and we're out of patches. T...,7.1,High,Low,Standard,NEEDS_NATIVE_REVIEW
RS118,P494,loc_id_P494,he_IL,Automated Voice,us and we're out of patches. T...,6.6,High,Low,Standard,NEEDS_NATIVE_REVIEW
RS118,P494,loc_id_P494,id_ID,Automated Voice,us and we're out of patches. T...,2.1,High,Low,Standard,NEEDS_NATIVE_REVIEW
RS118,P494,loc_id_P494,ja_JP,Automated Voice,us and we're out of patches. T...,5.5,High,Low,Standard,NEEDS_NATIVE_REVIEW
RS118,P494,loc_id_P494,ko_KR,Automated Voice,us and we're out of patches. T...,6.7,High,Low,Standard,NEEDS_NATIVE_REVIEW
RS118,P494,loc_id_P494,nl_NL,Automated Voice,us and we're out of patches. T...,3.0,High,Low,Standard,NEEDS_NATIVE_REVIEW
RS118,P494,loc_id_P494,pl_PL,Automated Voice,us and we're out of patches. T...,4.4,High,Low,Standard,NEEDS_NATIVE_REVIEW
RS118,P494,loc_id_P494,pt_BR,Automated Voice,us and we're out of patches. T...,6.9,High,Low,Standard,NEEDS_NATIVE_REVIEW
RS118,P494,loc_id_P494,ru_RU,Automated Voice,us and we're out of patches. T...,7.2,High,Low,Standard,NEEDS_NATIVE_REVIEW
RS118,P494,loc_id_P494,uk_UA,Automated Voice,us and we're out of patches. T...,2.2,High,Low,Standard,NEEDS_NATIVE_REVIEW
RS118,P494,loc_id_P494,zh_CN,Automated Voice,us and we're out of patches. T...,3.9,High,Low,Standard,NEEDS_NATIVE_REVIEW
RS118,P495,loc_id_P495,en_US,Automated Voice,and the pressure is only getti...,2.8,High,Low,Standard,NEEDS_NATIVE_REVIEW
RS118,P495,loc_id_P495,ar_SA,Automated Voice,and the pressure is only getti...,3.3,High,Low,Standard,NEEDS_NATIVE_REVIEW
RS118,P495,loc_id_P495,de_DE,Automated Voice,and the pressure is only getti...,5.3,High,Low,Standard,NEEDS_NATIVE_REVIEW
RS118,P495,loc_id_P495,es_ES,Automated Voice,and the pressure is only getti...,4.9,High,Low,Standard,NEEDS_NATIVE_REVIEW
RS118,P495,loc_id_P495,fr_FR,Automated Voice,and the pressure is only getti...,5.7,High,Low,Standard,NEEDS_NATIVE_REVIEW
RS118,P495,loc_id_P495,he_IL,Automated Voice,and the pressure is only getti...,2.0,High,Low,Standard,NEEDS_NATIVE_REVIEW
RS118,P495,loc_id_P495,id_ID,Automated Voice,and the pressure is only getti...,7.4,High,Low,Standard,NEEDS_NATIVE_REVIEW
RS118,P495,loc_id_P495,ja_JP,Automated Voice,and the pressure is only getti...,3.6,High,Low,Standard,NEEDS_NATIVE_REVIEW
RS118,P495,loc_id_P495,ko_KR,Automated Voice,and the pressure is only getti...,4.7,High,Low,Standard,NEEDS_NATIVE_REVIEW
RS118,P495,loc_id_P495,nl_NL,Automated Voice,and the pressure is only getti...,3.5,High,Low,Standard,NEEDS_NATIVE_REVIEW
RS118,P495,loc_id_P495,pl_PL,Automated Voice,and the pressure is only getti...,4.7,High,Low,Standard,NEEDS_NATIVE_REVIEW
RS118,P495,loc_id_P495,pt_BR,Automated Voice,and the pressure is only getti...,4.4,High,Low,Standard,NEEDS_NATIVE_REVIEW
RS118,P495,loc_id_P495,ru_RU,Automated Voice,and the pressure is only getti...,4.2,High,Low,Standard,NEEDS_NATIVE_REVIEW
RS118,P495,loc_id_P495,uk_UA,Automated Voice,and the pressure is only getti...,3.0,High,Low,Standard,NEEDS_NATIVE_REVIEW
RS118,P495,loc_id_P495,zh_CN,Automated Voice,and the pressure is only getti...,7.4,High,Low,Standard,NEEDS_NATIVE_REVIEW
RS118,P496,loc_id_P496,en_US,Automated Voice,borrowed time. The hydrostatic...,1.8,High,Low,Standard,NEEDS_NATIVE_REVIEW
RS118,P496,loc_id_P496,ar_SA,Automated Voice,borrowed time. The hydrostatic...,6.3,High,Low,Standard,NEEDS_NATIVE_REVIEW
RS118,P496,loc_id_P496,de_DE,Automated Voice,borrowed time. The hydrostatic...,3.3,High,Low,Standard,NEEDS_NATIVE_REVIEW
RS118,P496,loc_id_P496,es_ES,Automated Voice,borrowed time. The hydrostatic...,6.1,High,Low,Standard,NEEDS_NATIVE_REVIEW
RS118,P496,loc_id_P496,fr_FR,Automated Voice,borrowed time. The hydrostatic...,6.1,High,Low,Standard,NEEDS_NATIVE_REVIEW
RS118,P496,loc_id_P496,he_IL,Automated Voice,borrowed time. The hydrostatic...,3.3,High,Low,Standard,NEEDS_NATIVE_REVIEW
RS118,P496,loc_id_P496,id_ID,Automated Voice,borrowed time. The hydrostatic...,6.3,High,Low,Standard,NEEDS_NATIVE_REVIEW
RS118,P496,loc_id_P496,ja_JP,Automated Voice,borrowed time. The hydrostatic...,6.4,High,Low,Standard,NEEDS_NATIVE_REVIEW
RS118,P496,loc_id_P496,ko_KR,Automated Voice,borrowed time. The hydrostatic...,6.1,High,Low,Standard,NEEDS_NATIVE_REVIEW
RS118,P496,loc_id_P496,nl_NL,Automated Voice,borrowed time. The hydrostatic...,4.1,High,Low,Standard,NEEDS_NATIVE_REVIEW
RS118,P496,loc_id_P496,pl_PL,Automated Voice,borrowed time. The hydrostatic...,5.3,High,Low,Standard,NEEDS_NATIVE_REVIEW
RS118,P496,loc_id_P496,pt_BR,Automated Voice,borrowed time. The hydrostatic...,4.4,High,Low,Standard,NEEDS_NATIVE_REVIEW
RS118,P496,loc_id_P496,ru_RU,Automated Voice,borrowed time. The hydrostatic...,3.2,High,Low,Standard,NEEDS_NATIVE_REVIEW
RS118,P496,loc_id_P496,uk_UA,Automated Voice,borrowed time. The hydrostatic...,4.0,High,Low,Standard,NEEDS_NATIVE_REVIEW
RS118,P496,loc_id_P496,zh_CN,Automated Voice,borrowed time. The hydrostatic...,4.5,High,Low,Standard,NEEDS_NATIVE_REVIEW
RS118,P497,loc_id_P497,en_US,Automated Voice,pressure is only getting worse...,3.9,High,Low,Standard,NEEDS_NATIVE_REVIEW
RS118,P497,loc_id_P497,ar_SA,Automated Voice,pressure is only getting worse...,6.4,High,Low,Standard,NEEDS_NATIVE_REVIEW
RS118,P497,loc_id_P497,de_DE,Automated Voice,pressure is only getting worse...,2.2,High,Low,Standard,NEEDS_NATIVE_REVIEW
RS118,P497,loc_id_P497,es_ES,Automated Voice,pressure is only getting worse...,2.5,High,Low,Standard,NEEDS_NATIVE_REVIEW
RS118,P497,loc_id_P497,fr_FR,Automated Voice,pressure is only getting worse...,5.2,High,Low,Standard,NEEDS_NATIVE_REVIEW
RS118,P497,loc_id_P497,he_IL,Automated Voice,pressure is only getting worse...,5.5,High,Low,Standard,NEEDS_NATIVE_REVIEW
RS118,P497,loc_id_P497,id_ID,Automated Voice,pressure is only getting worse...,5.2,High,Low,Standard,NEEDS_NATIVE_REVIEW
RS118,P497,loc_id_P497,ja_JP,Automated Voice,pressure is only getting worse...,5.6,High,Low,Standard,NEEDS_NATIVE_REVIEW
RS118,P497,loc_id_P497,ko_KR,Automated Voice,pressure is only getting worse...,7.3,High,Low,Standard,NEEDS_NATIVE_REVIEW
RS118,P497,loc_id_P497,nl_NL,Automated Voice,pressure is only getting worse...,7.3,High,Low,Standard,NEEDS_NATIVE_REVIEW
RS118,P497,loc_id_P497,pl_PL,Automated Voice,pressure is only getting worse...,6.6,High,Low,Standard,NEEDS_NATIVE_REVIEW
RS118,P497,loc_id_P497,pt_BR,Automated Voice,pressure is only getting worse...,3.0,High,Low,Standard,NEEDS_NATIVE_REVIEW
RS118,P497,loc_id_P497,ru_RU,Automated Voice,pressure is only getting worse...,2.1,High,Low,Standard,NEEDS_NATIVE_REVIEW
RS118,P497,loc_id_P497,uk_UA,Automated Voice,pressure is only getting worse...,4.6,High,Low,Standard,NEEDS_NATIVE_REVIEW
RS118,P497,loc_id_P497,zh_CN,Automated Voice,pressure is only getting worse...,5.8,High,Low,Standard,NEEDS_NATIVE_REVIEW
RS118,P498,loc_id_P498,en_US,Automated Voice,hold another cycle but the pay...,3.8,High,Low,Standard,NEEDS_NATIVE_REVIEW
RS118,P498,loc_id_P498,ar_SA,Automated Voice,hold another cycle but the pay...,5.9,High,Low,Standard,NEEDS_NATIVE_REVIEW
RS118,P498,loc_id_P498,de_DE,Automated Voice,hold another cycle but the pay...,4.0,High,Low,Standard,NEEDS_NATIVE_REVIEW
RS118,P498,loc_id_P498,es_ES,Automated Voice,hold another cycle but the pay...,6.9,High,Low,Standard,NEEDS_NATIVE_REVIEW
RS118,P498,loc_id_P498,fr_FR,Automated Voice,hold another cycle but the pay...,3.6,High,Low,Standard,NEEDS_NATIVE_REVIEW
RS118,P498,loc_id_P498,he_IL,Automated Voice,hold another cycle but the pay...,2.7,High,Low,Standard,NEEDS_NATIVE_REVIEW
RS118,P498,loc_id_P498,id_ID,Automated Voice,hold another cycle but the pay...,3.9,High,Low,Standard,NEEDS_NATIVE_REVIEW
RS118,P498,loc_id_P498,ja_JP,Automated Voice,hold another cycle but the pay...,4.6,High,Low,Standard,NEEDS_NATIVE_REVIEW
RS118,P498,loc_id_P498,ko_KR,Automated Voice,hold another cycle but the pay...,3.6,High,Low,Standard,NEEDS_NATIVE_REVIEW
RS118,P498,loc_id_P498,nl_NL,Automated Voice,hold another cycle but the pay...,5.3,High,Low,Standard,NEEDS_NATIVE_REVIEW
RS118,P498,loc_id_P498,pl_PL,Automated Voice,hold another cycle but the pay...,2.5,High,Low,Standard,NEEDS_NATIVE_REVIEW
RS118,P498,loc_id_P498,pt_BR,Automated Voice,hold another cycle but the pay...,7.3,High,Low,Standard,NEEDS_NATIVE_REVIEW
RS118,P498,loc_id_P498,ru_RU,Automated Voice,hold another cycle but the pay...,5.7,High,Low,Standard,NEEDS_NATIVE_REVIEW
RS118,P498,loc_id_P498,uk_UA,Automated Voice,hold another cycle but the pay...,5.6,High,Low,Standard,NEEDS_NATIVE_REVIEW
RS118,P498,loc_id_P498,zh_CN,Automated Voice,hold another cycle but the pay...,6.2,High,Low,Standard,NEEDS_NATIVE_REVIEW
RS118,P499,loc_id_P499,en_US,Automated Voice,like it's chewing gravel which...,3.3,High,Low,Standard,NEEDS_NATIVE_REVIEW
RS118,P499,loc_id_P499,ar_SA,Automated Voice,like it's chewing gravel which...,3.5,High,Low,Standard,NEEDS_NATIVE_REVIEW
RS118,P499,loc_id_P499,de_DE,Automated Voice,like it's chewing gravel which...,2.1,High,Low,Standard,NEEDS_NATIVE_REVIEW
RS118,P499,loc_id_P499,es_ES,Automated Voice,like it's chewing gravel which...,3.4,High,Low,Standard,NEEDS_NATIVE_REVIEW
RS118,P499,loc_id_P499,fr_FR,Automated Voice,like it's chewing gravel which...,3.3,High,Low,Standard,NEEDS_NATIVE_REVIEW
RS118,P499,loc_id_P499,he_IL,Automated Voice,like it's chewing gravel which...,3.2,High,Low,Standard,NEEDS_NATIVE_REVIEW
RS118,P499,loc_id_P499,id_ID,Automated Voice,like it's chewing gravel which...,4.6,High,Low,Standard,NEEDS_NATIVE_REVIEW
RS118,P499,loc_id_P499,ja_JP,Automated Voice,like it's chewing gravel which...,7.4,High,Low,Standard,NEEDS_NATIVE_REVIEW
RS118,P499,loc_id_P499,ko_KR,Automated Voice,like it's chewing gravel which...,2.7,High,Low,Standard,NEEDS_NATIVE_REVIEW
RS118,P499,loc_id_P499,nl_NL,Automated Voice,like it's chewing gravel which...,1.8,High,Low,Standard,NEEDS_NATIVE_REVIEW
RS118,P499,loc_id_P499,pl_PL,Automated Voice,like it's chewing gravel which...,5.6,High,Low,Standard,NEEDS_NATIVE_REVIEW
RS118,P499,loc_id_P499,pt_BR,Automated Voice,like it's chewing gravel which...,7.4,High,Low,Standard,NEEDS_NATIVE_REVIEW
RS118,P499,loc_id_P499,ru_RU,Automated Voice,like it's chewing gravel which...,4.1,High,Low,Standard,NEEDS_NATIVE_REVIEW
RS118,P499,loc_id_P499,uk_UA,Automated Voice,like it's chewing gravel which...,6.3,High,Low,Standard,NEEDS_NATIVE_REVIEW
RS118,P499,loc_id_P499,zh_CN,Automated Voice,like it's chewing gravel which...,4.2,High,Low,Standard,NEEDS_NATIVE_REVIEW
RS119,P500,loc_id_P500,en_US,Automated Voice,gravel and the pressure is onl...,6.7,High,Low,Standard,NEEDS_NATIVE_REVIEW
RS119,P500,loc_id_P500,ar_SA,Automated Voice,gravel and the pressure is onl...,2.8,High,Low,Standard,NEEDS_NATIVE_REVIEW
RS119,P500,loc_id_P500,de_DE,Automated Voice,gravel and the pressure is onl...,5.6,High,Low,Standard,NEEDS_NATIVE_REVIEW
RS119,P500,loc_id_P500,es_ES,Automated Voice,gravel and the pressure is onl...,3.2,High,Low,Standard,NEEDS_NATIVE_REVIEW
RS119,P500,loc_id_P500,fr_FR,Automated Voice,gravel and the pressure is onl...,4.3,High,Low,Standard,NEEDS_NATIVE_REVIEW
RS119,P500,loc_id_P500,he_IL,Automated Voice,gravel and the pressure is onl...,2.3,High,Low,Standard,NEEDS_NATIVE_REVIEW
RS119,P500,loc_id_P500,id_ID,Automated Voice,gravel and the pressure is onl...,2.2,High,Low,Standard,NEEDS_NATIVE_REVIEW
RS119,P500,loc_id_P500,ja_JP,Automated Voice,gravel and the pressure is onl...,4.4,High,Low,Standard,NEEDS_NATIVE_REVIEW
RS119,P500,loc_id_P500,ko_KR,Automated Voice,gravel and the pressure is onl...,2.6,High,Low,Standard,NEEDS_NATIVE_REVIEW
RS119,P500,loc_id_P500,nl_NL,Automated Voice,gravel and the pressure is onl...,5.1,High,Low,Standard,NEEDS_NATIVE_REVIEW
RS119,P500,loc_id_P500,pl_PL,Automated Voice,gravel and the pressure is onl...,3.3,High,Low,Standard,NEEDS_NATIVE_REVIEW
RS119,P500,loc_id_P500,pt_BR,Automated Voice,gravel and the pressure is onl...,6.5,High,Low,Standard,NEEDS_NATIVE_REVIEW
RS119,P500,loc_id_P500,ru_RU,Automated Voice,gravel and the pressure is onl...,6.9,High,Low,Standard,NEEDS_NATIVE_REVIEW
RS119,P500,loc_id_P500,uk_UA,Automated Voice,gravel and the pressure is onl...,6.7,High,Low,Standard,NEEDS_NATIVE_REVIEW
RS119,P500,loc_id_P500,zh_CN,Automated Voice,gravel and the pressure is onl...,4.9,High,Low,Standard,NEEDS_NATIVE_REVIEW
RS119,P501,loc_id_P501,en_US,Automated Voice,claims. A corroded intake valv...,5.7,High,Low,Standard,NEEDS_NATIVE_REVIEW
RS119,P501,loc_id_P501,ar_SA,Automated Voice,claims. A corroded intake valv...,7.4,High,Low,Standard,NEEDS_NATIVE_REVIEW
RS119,P501,loc_id_P501,de_DE,Automated Voice,claims. A corroded intake valv...,7.4,High,Low,Standard,NEEDS_NATIVE_REVIEW
RS119,P501,loc_id_P501,es_ES,Automated Voice,claims. A corroded intake valv...,3.6,High,Low,Standard,NEEDS_NATIVE_REVIEW
RS119,P501,loc_id_P501,fr_FR,Automated Voice,claims. A corroded intake valv...,3.2,High,Low,Standard,NEEDS_NATIVE_REVIEW
RS119,P501,loc_id_P501,he_IL,Automated Voice,claims. A corroded intake valv...,5.3,High,Low,Standard,NEEDS_NATIVE_REVIEW
RS119,P501,loc_id_P501,id_ID,Automated Voice,claims. A corroded intake valv...,5.2,High,Low,Standard,NEEDS_NATIVE_REVIEW
RS119,P501,loc_id_P501,ja_JP,Automated Voice,claims. A corroded intake valv...,5.4,High,Low,Standard,NEEDS_NATIVE_REVIEW
RS119,P501,loc_id_P501,ko_KR,Automated Voice,claims. A corroded intake valv...,4.7,High,Low,Standard,NEEDS_NATIVE_REVIEW
RS119,P501,loc_id_P501,nl_NL,Automated Voice,claims. A corroded intake valv...,4.8,High,Low,Standard,NEEDS_NATIVE_REVIEW
RS119,P501,loc_id_P501,pl_PL,Automated Voice,claims. A corroded intake valv...,3.9,High,Low,Standard,NEEDS_NATIVE_REVIEW
RS119,P501,loc_id_P501,pt_BR,Automated Voice,claims. A corroded intake valv...,5.7,High,Low,Standard,NEEDS_NATIVE_REVIEW
RS119,P501,loc_id_P501,ru_RU,Automated Voice,claims. A corroded intake valv...,6.4,High,Low,Standard,NEEDS_NATIVE_REVIEW
RS119,P501,loc_id_P501,uk_UA,Automated Voice,claims. A corroded intake valv...,4.9,High,Low,Standard,NEEDS_NATIVE_REVIEW
RS119,P501,loc_id_P501,zh_CN,Automated Voice,claims. A corroded intake valv...,7.2,High,Low,Standard,NEEDS_NATIVE_REVIEW
RS119,P502,loc_id_P502,en_US,Automated Voice,getting worse. The old scanner...,6.2,High,Low,Standard,NEEDS_NATIVE_REVIEW
RS119,P502,loc_id_P502,ar_SA,Automated Voice,getting worse. The old scanner...,5.6,High,Low,Standard,NEEDS_NATIVE_REVIEW
RS119,P502,loc_id_P502,de_DE,Automated Voice,getting worse. The old scanner...,5.2,High,Low,Standard,NEEDS_NATIVE_REVIEW
RS119,P502,loc_id_P502,es_ES,Automated Voice,getting worse. The old scanner...,4.3,High,Low,Standard,NEEDS_NATIVE_REVIEW
RS119,P502,loc_id_P502,fr_FR,Automated Voice,getting worse. The old scanner...,3.1,High,Low,Standard,NEEDS_NATIVE_REVIEW
RS119,P502,loc_id_P502,he_IL,Automated Voice,getting worse. The old scanner...,6.3,High,Low,Standard,NEEDS_NATIVE_REVIEW
RS119,P502,loc_id_P502,id_ID,Automated Voice,getting worse. The old scanner...,6.6,High,Low,Standard,NEEDS_NATIVE_REVIEW
RS119,P502,loc_id_P502,ja_JP,Automated Voice,getting worse. The old scanner...,7.5,High,Low,Standard,NEEDS_NATIVE_REVIEW
RS119,P502,loc_id_P502,ko_KR,Automated Voice,getting worse. The old scanner...,4.3,High,Low,Standard,NEEDS_NATIVE_REVIEW
RS119,P502,loc_id_P502,nl_NL,Automated Voice,getting worse. The old scanner...,5.5,High,Low,Standard,NEEDS_NATIVE_REVIEW
RS119,P502,loc_id_P502,pl_PL,Automated Voice,getting worse. The old scanner...,3.0,High,Low,Standard,NEEDS_NATIVE_REVIEW
RS119,P502,loc_id_P502,pt_BR,Automated Voice,getting worse. The old scanner...,2.3,High,Low,Standard,NEEDS_NATIVE_REVIEW
RS119,P502,loc_id_P502,ru_RU,Automated Voice,getting worse. The old scanner...,4.3,High,Low,Standard,NEEDS_NATIVE_REVIEW
RS119,P502,loc_id_P502,uk_UA,Automated Voice,getting worse. The old scanner...,1.9,High,Low,Standard,NEEDS_NATIVE_REVIEW
RS119,P502,loc_id_P502,zh_CN,Automated Voice,getting worse. The old scanner...,4.4,High,Low,Standard,NEEDS_NATIVE_REVIEW
RS119,P503,loc_id_P503,en_US,Automated Voice,hit so watch your step. The ma...,6.2,High,Low,Standard,NEEDS_NATIVE_REVIEW
RS119,P503,loc_id_P503,ar_SA,Automated Voice,hit so watch your step. The ma...,4.2,High,Low,Standard,NEEDS_NATIVE_REVIEW
RS119,P503,loc_id_P503,de_DE,Automated Voice,hit so watch your step. The ma...,4.8,High,Low,Standard,NEEDS_NATIVE_REVIEW
RS119,P503,loc_id_P503,es_ES,Automated Voice,hit so watch your step. The ma...,6.3,High,Low,Standard,NEEDS_NATIVE_REVIEW
RS119,P503,loc_id_P503,fr_FR,Automated Voice,hit so watch your step. The ma...,7.2,High,Low,Standard,NEEDS_NATIVE_REVIEW
RS119,P503,loc_id_P503,he_IL,Automated Voice,hit so watch your step. The ma...,3.9,High,Low,Standard,NEEDS_NATIVE_REVIEW
RS119,P503,loc_id_P503,id_ID,Automated Voice,hit so watch your step. The ma...,2.0,High,Low,Standard,NEEDS_NATIVE_REVIEW
RS119,P503,loc_id_P503,ja_JP,Automated Voice,hit so watch your step. The ma...,3.8,High,Low,Standard,NEEDS_NATIVE_REVIEW
RS119,P503,loc_id_P503,ko_KR,Automated Voice,hit so watch your step. The ma...,5.6,High,Low,Standard,NEEDS_NATIVE_REVIEW
RS119,P503,loc_id_P503,nl_NL,Automated Voice,hit so watch your step. The ma...,6.8,High,Low,Standard,NEEDS_NATIVE_REVIEW
RS119,P503,loc_id_P503,pl_PL,Automated Voice,hit so watch your step. The ma...,4.0,High,Low,Standard,NEEDS_NATIVE_REVIEW
RS119,P503,loc_id_P503,pt_BR,Automated Voice,hit so watch your step. The ma...,3.9,High,Low,Standard,NEEDS_NATIVE_REVIEW
RS119,P503,loc_id_P503,ru_RU,Automated Voice,hit so watch your step. The ma...,2.0,High,Low,Standard,NEEDS_NATIVE_REVIEW
RS119,P503,loc_id_P503,uk_UA,Automated Voice,hit so watch your step. The ma...,5.7,High,Low,Standard,NEEDS_NATIVE_REVIEW
RS119,P503,loc_id_P503,zh_CN,Automated Voice,hit so watch your step. The ma...,5.9,High,Low,Standard,NEEDS_NATIVE_REVIEW
RS119,P504,loc_id_P504,en_US,Automated Voice,it's chewing gravel and nobody...,7.2,High,Low,Standard,NEEDS_NATIVE_REVIEW
RS119,P504,loc_id_P504,ar_SA,Automated Voice,it's chewing gravel and nobody...,5.8,High,Low,Standard,NEEDS_NATIVE_REVIEW
RS119,P504,loc_id_P504,de_DE,Automated Voice,it's chewing gravel and nobody...,5.2,High,Low,Standard,NEEDS_NATIVE_REVIEW
RS119,P504,loc_id_P504,es_ES,Automated Voice,it's chewing gravel and nobody...,3.1,High,Low,Standard,NEEDS_NATIVE_REVIEW
RS119,P504,loc_id_P504,fr_FR,Automated Voice,it's chewing gravel and nobody...,4.2,High,Low,Standard,NEEDS_NATIVE_REVIEW
RS119,P504,loc_id_P504,he_IL,Automated Voice,it's chewing gravel and nobody...,7.3,High,Low,Standard,NEEDS_NATIVE_REVIEW
RS119,P504,loc_id_P504,id_ID,Automated Voice,it's chewing gravel and nobody...,2.6,High,Low,Standard,NEEDS_NATIVE_REVIEW
RS119,P504,loc_id_P504,ja_JP,Automated Voice,it's chewing gravel and nobody...,5.1,High,Low,Standard,NEEDS_NATIVE_REVIEW
RS119,P504,loc_id_P504,ko_KR,Automated Voice,it's chewing gravel and nobody...,6.0,High,Low,Standard,NEEDS_NATIVE_REVIEW
RS119,P504,loc_id_P504,nl_NL,Automated Voice,it's chewing gravel and nobody...,4.0,High,Low,Standard,NEEDS_NATIVE_REVIEW
RS119,P504,loc_id_P504,pl_PL,Automated Voice,it's chewing gravel and nobody...,4.2,High,Low,Standard,NEEDS_NATIVE_REVIEW
RS119,P504,loc_id_P504,pt_BR,Automated Voice,it's chewing gravel and nobody...,2.9,High,Low,Standard,NEEDS_NATIVE_REVIEW
RS119,P504,loc_id_P504,ru_RU,Automated Voice,it's chewing gravel and nobody...,4.7,High,Low,Standard,NEEDS_NATIVE_REVIEW
RS119,P504,loc_id_P504,uk_UA,Automated Voice,it's chewing gravel and nobody...,7.3,High,Low,Standard,NEEDS_NATIVE_REVIEW
RS119,P504,loc_id_P504,zh_CN,Automated Voice,it's chewing gravel and nobody...,4.5,High,Low,Standard,NEEDS_NATIVE_REVIEW
RS119,P505,loc_id_P505,en_US,Automated Voice,particulate invalidating the w...,3.4,High,Low,Standard,NEEDS_NATIVE_REVIEW
RS119,P505,loc_id_P505,ar_SA,Automated Voice,particulate invalidating the w...,5.1,High,Low,Standard,NEEDS_NATIVE_REVIEW
RS119,P505,loc_id_P505,de_DE,Automated Voice,particulate invalidating the w...,3.2,High,Low,Standard,NEEDS_NATIVE_REVIEW
RS119,P505,loc_id_P505,es_ES,Automated Voice,particulate invalidating the w...,4.3,High,Low,Standard,NEEDS_NATIVE_REVIEW
RS119,P505,loc_id_P505,fr_FR,Automated Voice,particulate invalidating the w...,4.8,High,Low,Standard,NEEDS_NATIVE_REVIEW
RS119,P505,loc_id_P505,he_IL,Automated Voice,particulate invalidating the w...,4.3,High,Low,Standard,NEEDS_NATIVE_REVIEW
RS119,P505,loc_id_P505,id_ID,Automated Voice,particulate invalidating the w...,7.3,High,Low,Standard,NEEDS_NATIVE_REVIEW
RS119,P505,loc_id_P505,ja_JP,Automated Voice,particulate invalidating the w...,3.1,High,Low,Standard,NEEDS_NATIVE_REVIEW
RS119,P505,loc_id_P505,ko_KR,Automated Voice,particulate invalidating the w...,6.7,High,Low,Standard,NEEDS_NATIVE_REVIEW
RS119,P505,loc_id_P505,nl_NL,Automated Voice,particulate invalidating the w...,2.6,High,Low,Standard,NEEDS_NATIVE_REVIEW
RS119,P505,loc_id_P505,pl_PL,Automated Voice,particulate invalidating the w...,2.0,High,Low,Standard,NEEDS_NATIVE_REVIEW
RS119,P505,loc_id_P505,pt_BR,Automated Voice,particulate invalidating the w...,3.3,High,Low,Standard,NEEDS_NATIVE_REVIEW
RS119,P505,loc_id_P505,ru_RU,Automated Voice,particulate invalidating the w...,3.7,High,Low,Standard,NEEDS_NATIVE_REVIEW
RS119,P505,loc_id_P505,uk_UA,Automated Voice,particulate invalidating the w...,6.6,High,Low,Standard,NEEDS_NATIVE_REVIEW
RS119,P505,loc_id_P505,zh_CN,Automated Voice,particulate invalidating the w...,2.5,High,Low,Standard,NEEDS_NATIVE_REVIEW
RS119,P506,loc_id_P506,en_US,Automated Voice,a lethal high-pressure zone. T...,6.4,High,Low,Standard,NEEDS_NATIVE_REVIEW
RS119,P506,loc_id_P506,ar_SA,Automated Voice,a lethal high-pressure zone. T...,7.4,High,Low,Standard,NEEDS_NATIVE_REVIEW
RS119,P506,loc_id_P506,de_DE,Automated Voice,a lethal high-pressure zone. T...,7.1,High,Low,Standard,NEEDS_NATIVE_REVIEW
RS119,P506,loc_id_P506,es_ES,Automated Voice,a lethal high-pressure zone. T...,4.0,High,Low,Standard,NEEDS_NATIVE_REVIEW
RS119,P506,loc_id_P506,fr_FR,Automated Voice,a lethal high-pressure zone. T...,3.9,High,Low,Standard,NEEDS_NATIVE_REVIEW
RS119,P506,loc_id_P506,he_IL,Automated Voice,a lethal high-pressure zone. T...,7.2,High,Low,Standard,NEEDS_NATIVE_REVIEW
RS119,P506,loc_id_P506,id_ID,Automated Voice,a lethal high-pressure zone. T...,7.4,High,Low,Standard,NEEDS_NATIVE_REVIEW
RS119,P506,loc_id_P506,ja_JP,Automated Voice,a lethal high-pressure zone. T...,4.6,High,Low,Standard,NEEDS_NATIVE_REVIEW
RS119,P506,loc_id_P506,ko_KR,Automated Voice,a lethal high-pressure zone. T...,5.5,High,Low,Standard,NEEDS_NATIVE_REVIEW
RS119,P506,loc_id_P506,nl_NL,Automated Voice,a lethal high-pressure zone. T...,7.0,High,Low,Standard,NEEDS_NATIVE_REVIEW
RS119,P506,loc_id_P506,pl_PL,Automated Voice,a lethal high-pressure zone. T...,5.7,High,Low,Standard,NEEDS_NATIVE_REVIEW
RS119,P506,loc_id_P506,pt_BR,Automated Voice,a lethal high-pressure zone. T...,2.3,High,Low,Standard,NEEDS_NATIVE_REVIEW
RS119,P506,loc_id_P506,ru_RU,Automated Voice,a lethal high-pressure zone. T...,2.0,High,Low,Standard,NEEDS_NATIVE_REVIEW
RS119,P506,loc_id_P506,uk_UA,Automated Voice,a lethal high-pressure zone. T...,3.0,High,Low,Standard,NEEDS_NATIVE_REVIEW
RS119,P506,loc_id_P506,zh_CN,Automated Voice,a lethal high-pressure zone. T...,4.7,High,Low,Standard,NEEDS_NATIVE_REVIEW
RS119,P507,loc_id_P507,en_US,Automated Voice,scanner sounds like it's chewi...,1.8,High,Low,Standard,NEEDS_NATIVE_REVIEW
RS119,P507,loc_id_P507,ar_SA,Automated Voice,scanner sounds like it's chewi...,5.6,High,Low,Standard,NEEDS_NATIVE_REVIEW
RS119,P507,loc_id_P507,de_DE,Automated Voice,scanner sounds like it's chewi...,5.4,High,Low,Standard,NEEDS_NATIVE_REVIEW
RS119,P507,loc_id_P507,es_ES,Automated Voice,scanner sounds like it's chewi...,3.6,High,Low,Standard,NEEDS_NATIVE_REVIEW
RS119,P507,loc_id_P507,fr_FR,Automated Voice,scanner sounds like it's chewi...,5.1,High,Low,Standard,NEEDS_NATIVE_REVIEW
RS119,P507,loc_id_P507,he_IL,Automated Voice,scanner sounds like it's chewi...,3.8,High,Low,Standard,NEEDS_NATIVE_REVIEW
RS119,P507,loc_id_P507,id_ID,Automated Voice,scanner sounds like it's chewi...,6.3,High,Low,Standard,NEEDS_NATIVE_REVIEW
RS119,P507,loc_id_P507,ja_JP,Automated Voice,scanner sounds like it's chewi...,6.7,High,Low,Standard,NEEDS_NATIVE_REVIEW
RS119,P507,loc_id_P507,ko_KR,Automated Voice,scanner sounds like it's chewi...,3.5,High,Low,Standard,NEEDS_NATIVE_REVIEW
RS119,P507,loc_id_P507,nl_NL,Automated Voice,scanner sounds like it's chewi...,6.8,High,Low,Standard,NEEDS_NATIVE_REVIEW
RS119,P507,loc_id_P507,pl_PL,Automated Voice,scanner sounds like it's chewi...,6.3,High,Low,Standard,NEEDS_NATIVE_REVIEW
RS119,P507,loc_id_P507,pt_BR,Automated Voice,scanner sounds like it's chewi...,6.0,High,Low,Standard,NEEDS_NATIVE_REVIEW
RS119,P507,loc_id_P507,ru_RU,Automated Voice,scanner sounds like it's chewi...,7.4,High,Low,Standard,NEEDS_NATIVE_REVIEW
RS119,P507,loc_id_P507,uk_UA,Automated Voice,scanner sounds like it's chewi...,3.4,High,Low,Standard,NEEDS_NATIVE_REVIEW
RS119,P507,loc_id_P507,zh_CN,Automated Voice,scanner sounds like it's chewi...,3.5,High,Low,Standard,NEEDS_NATIVE_REVIEW
RS119,P508,loc_id_P508,en_US,Automated Voice,stranded. The ballast control ...,4.3,High,Low,Standard,NEEDS_NATIVE_REVIEW
RS119,P508,loc_id_P508,ar_SA,Automated Voice,stranded. The ballast control ...,6.0,High,Low,Standard,NEEDS_NATIVE_REVIEW
RS119,P508,loc_id_P508,de_DE,Automated Voice,stranded. The ballast control ...,5.4,High,Low,Standard,NEEDS_NATIVE_REVIEW
RS119,P508,loc_id_P508,es_ES,Automated Voice,stranded. The ballast control ...,6.3,High,Low,Standard,NEEDS_NATIVE_REVIEW
RS119,P508,loc_id_P508,fr_FR,Automated Voice,stranded. The ballast control ...,5.7,High,Low,Standard,NEEDS_NATIVE_REVIEW
RS119,P508,loc_id_P508,he_IL,Automated Voice,stranded. The ballast control ...,3.7,High,Low,Standard,NEEDS_NATIVE_REVIEW
RS119,P508,loc_id_P508,id_ID,Automated Voice,stranded. The ballast control ...,3.5,High,Low,Standard,NEEDS_NATIVE_REVIEW
RS119,P508,loc_id_P508,ja_JP,Automated Voice,stranded. The ballast control ...,7.3,High,Low,Standard,NEEDS_NATIVE_REVIEW
RS119,P508,loc_id_P508,ko_KR,Automated Voice,stranded. The ballast control ...,3.9,High,Low,Standard,NEEDS_NATIVE_REVIEW
RS119,P508,loc_id_P508,nl_NL,Automated Voice,stranded. The ballast control ...,2.1,High,Low,Standard,NEEDS_NATIVE_REVIEW
RS119,P508,loc_id_P508,pl_PL,Automated Voice,stranded. The ballast control ...,6.8,High,Low,Standard,NEEDS_NATIVE_REVIEW
RS119,P508,loc_id_P508,pt_BR,Automated Voice,stranded. The ballast control ...,4.6,High,Low,Standard,NEEDS_NATIVE_REVIEW
RS119,P508,loc_id_P508,ru_RU,Automated Voice,stranded. The ballast control ...,4.6,High,Low,Standard,NEEDS_NATIVE_REVIEW
RS119,P508,loc_id_P508,uk_UA,Automated Voice,stranded. The ballast control ...,4.0,High,Low,Standard,NEEDS_NATIVE_REVIEW
RS119,P508,loc_id_P508,zh_CN,Automated Voice,stranded. The ballast control ...,2.3,High,Low,Standard,NEEDS_NATIVE_REVIEW
RS119,P509,loc_id_P509,en_US,Automated Voice,voiding all liability claims. ...,3.9,High,Low,Standard,NEEDS_NATIVE_REVIEW
RS119,P509,loc_id_P509,ar_SA,Automated Voice,voiding all liability claims. ...,7.4,High,Low,Standard,NEEDS_NATIVE_REVIEW
RS119,P509,loc_id_P509,de_DE,Automated Voice,voiding all liability claims. ...,2.6,High,Low,Standard,NEEDS_NATIVE_REVIEW
RS119,P509,loc_id_P509,es_ES,Automated Voice,voiding all liability claims. ...,5.8,High,Low,Standard,NEEDS_NATIVE_REVIEW
RS119,P509,loc_id_P509,fr_FR,Automated Voice,voiding all liability claims. ...,4.0,High,Low,Standard,NEEDS_NATIVE_REVIEW
RS119,P509,loc_id_P509,he_IL,Automated Voice,voiding all liability claims. ...,6.3,High,Low,Standard,NEEDS_NATIVE_REVIEW
RS119,P509,loc_id_P509,id_ID,Automated Voice,voiding all liability claims. ...,3.5,High,Low,Standard,NEEDS_NATIVE_REVIEW
RS119,P509,loc_id_P509,ja_JP,Automated Voice,voiding all liability claims. ...,7.0,High,Low,Standard,NEEDS_NATIVE_REVIEW
RS119,P509,loc_id_P509,ko_KR,Automated Voice,voiding all liability claims. ...,6.0,High,Low,Standard,NEEDS_NATIVE_REVIEW
RS119,P509,loc_id_P509,nl_NL,Automated Voice,voiding all liability claims. ...,2.0,High,Low,Standard,NEEDS_NATIVE_REVIEW
RS119,P509,loc_id_P509,pl_PL,Automated Voice,voiding all liability claims. ...,6.8,High,Low,Standard,NEEDS_NATIVE_REVIEW
RS119,P509,loc_id_P509,pt_BR,Automated Voice,voiding all liability claims. ...,7.5,High,Low,Standard,NEEDS_NATIVE_REVIEW
RS119,P509,loc_id_P509,ru_RU,Automated Voice,voiding all liability claims. ...,6.9,High,Low,Standard,NEEDS_NATIVE_REVIEW
RS119,P509,loc_id_P509,uk_UA,Automated Voice,voiding all liability claims. ...,4.6,High,Low,Standard,NEEDS_NATIVE_REVIEW
RS119,P509,loc_id_P509,zh_CN,Automated Voice,voiding all liability claims. ...,3.8,High,Low,Standard,NEEDS_NATIVE_REVIEW
RS120,P510,loc_id_P510,en_US,Automated Voice,a pry bar. This rusty bulkhead...,6.1,High,Low,Standard,NEEDS_NATIVE_REVIEW
RS120,P510,loc_id_P510,ar_SA,Automated Voice,a pry bar. This rusty bulkhead...,6.2,High,Low,Standard,NEEDS_NATIVE_REVIEW
RS120,P510,loc_id_P510,de_DE,Automated Voice,a pry bar. This rusty bulkhead...,3.7,High,Low,Standard,NEEDS_NATIVE_REVIEW
RS120,P510,loc_id_P510,es_ES,Automated Voice,a pry bar. This rusty bulkhead...,2.6,High,Low,Standard,NEEDS_NATIVE_REVIEW
RS120,P510,loc_id_P510,fr_FR,Automated Voice,a pry bar. This rusty bulkhead...,7.4,High,Low,Standard,NEEDS_NATIVE_REVIEW
RS120,P510,loc_id_P510,he_IL,Automated Voice,a pry bar. This rusty bulkhead...,4.7,High,Low,Standard,NEEDS_NATIVE_REVIEW
RS120,P510,loc_id_P510,id_ID,Automated Voice,a pry bar. This rusty bulkhead...,2.2,High,Low,Standard,NEEDS_NATIVE_REVIEW
RS120,P510,loc_id_P510,ja_JP,Automated Voice,a pry bar. This rusty bulkhead...,2.9,High,Low,Standard,NEEDS_NATIVE_REVIEW
RS120,P510,loc_id_P510,ko_KR,Automated Voice,a pry bar. This rusty bulkhead...,5.8,High,Low,Standard,NEEDS_NATIVE_REVIEW
RS120,P510,loc_id_P510,nl_NL,Automated Voice,a pry bar. This rusty bulkhead...,3.1,High,Low,Standard,NEEDS_NATIVE_REVIEW
RS120,P510,loc_id_P510,pl_PL,Automated Voice,a pry bar. This rusty bulkhead...,5.3,High,Low,Standard,NEEDS_NATIVE_REVIEW
RS120,P510,loc_id_P510,pt_BR,Automated Voice,a pry bar. This rusty bulkhead...,4.0,High,Low,Standard,NEEDS_NATIVE_REVIEW
RS120,P510,loc_id_P510,ru_RU,Automated Voice,a pry bar. This rusty bulkhead...,4.3,High,Low,Standard,NEEDS_NATIVE_REVIEW
RS120,P510,loc_id_P510,uk_UA,Automated Voice,a pry bar. This rusty bulkhead...,4.2,High,Low,Standard,NEEDS_NATIVE_REVIEW
RS120,P510,loc_id_P510,zh_CN,Automated Voice,a pry bar. This rusty bulkhead...,3.0,High,Low,Standard,NEEDS_NATIVE_REVIEW
RS120,P511,loc_id_P511,en_US,Automated Voice,at the anchor and we're out of...,5.0,High,Low,Standard,NEEDS_NATIVE_REVIEW
RS120,P511,loc_id_P511,ar_SA,Automated Voice,at the anchor and we're out of...,5.3,High,Low,Standard,NEEDS_NATIVE_REVIEW
RS120,P511,loc_id_P511,de_DE,Automated Voice,at the anchor and we're out of...,5.4,High,Low,Standard,NEEDS_NATIVE_REVIEW
RS120,P511,loc_id_P511,es_ES,Automated Voice,at the anchor and we're out of...,2.6,High,Low,Standard,NEEDS_NATIVE_REVIEW
RS120,P511,loc_id_P511,fr_FR,Automated Voice,at the anchor and we're out of...,4.1,High,Low,Standard,NEEDS_NATIVE_REVIEW
RS120,P511,loc_id_P511,he_IL,Automated Voice,at the anchor and we're out of...,6.4,High,Low,Standard,NEEDS_NATIVE_REVIEW
RS120,P511,loc_id_P511,id_ID,Automated Voice,at the anchor and we're out of...,7.3,High,Low,Standard,NEEDS_NATIVE_REVIEW
RS120,P511,loc_id_P511,ja_JP,Automated Voice,at the anchor and we're out of...,6.6,High,Low,Standard,NEEDS_NATIVE_REVIEW
RS120,P511,loc_id_P511,ko_KR,Automated Voice,at the anchor and we're out of...,4.1,High,Low,Standard,NEEDS_NATIVE_REVIEW
RS120,P511,loc_id_P511,nl_NL,Automated Voice,at the anchor and we're out of...,4.4,High,Low,Standard,NEEDS_NATIVE_REVIEW
RS120,P511,loc_id_P511,pl_PL,Automated Voice,at the anchor and we're out of...,4.7,High,Low,Standard,NEEDS_NATIVE_REVIEW
RS120,P511,loc_id_P511,pt_BR,Automated Voice,at the anchor and we're out of...,5.7,High,Low,Standard,NEEDS_NATIVE_REVIEW
RS120,P511,loc_id_P511,ru_RU,Automated Voice,at the anchor and we're out of...,3.7,High,Low,Standard,NEEDS_NATIVE_REVIEW
RS120,P511,loc_id_P511,uk_UA,Automated Voice,at the anchor and we're out of...,2.2,High,Low,Standard,NEEDS_NATIVE_REVIEW
RS120,P511,loc_id_P511,zh_CN,Automated Voice,at the anchor and we're out of...,2.5,High,Low,Standard,NEEDS_NATIVE_REVIEW
RS120,P512,loc_id_P512,en_US,Automated Voice,but we have to keep moving. Th...,5.6,High,Low,Standard,NEEDS_NATIVE_REVIEW
RS120,P512,loc_id_P512,ar_SA,Automated Voice,but we have to keep moving. Th...,5.2,High,Low,Standard,NEEDS_NATIVE_REVIEW
RS120,P512,loc_id_P512,de_DE,Automated Voice,but we have to keep moving. Th...,4.0,High,Low,Standard,NEEDS_NATIVE_REVIEW
RS120,P512,loc_id_P512,es_ES,Automated Voice,but we have to keep moving. Th...,4.4,High,Low,Standard,NEEDS_NATIVE_REVIEW
RS120,P512,loc_id_P512,fr_FR,Automated Voice,but we have to keep moving. Th...,7.0,High,Low,Standard,NEEDS_NATIVE_REVIEW
RS120,P512,loc_id_P512,he_IL,Automated Voice,but we have to keep moving. Th...,4.5,High,Low,Standard,NEEDS_NATIVE_REVIEW
RS120,P512,loc_id_P512,id_ID,Automated Voice,but we have to keep moving. Th...,5.8,High,Low,Standard,NEEDS_NATIVE_REVIEW
RS120,P512,loc_id_P512,ja_JP,Automated Voice,but we have to keep moving. Th...,6.4,High,Low,Standard,NEEDS_NATIVE_REVIEW
RS120,P512,loc_id_P512,ko_KR,Automated Voice,but we have to keep moving. Th...,7.1,High,Low,Standard,NEEDS_NATIVE_REVIEW
RS120,P512,loc_id_P512,nl_NL,Automated Voice,but we have to keep moving. Th...,4.1,High,Low,Standard,NEEDS_NATIVE_REVIEW
RS120,P512,loc_id_P512,pl_PL,Automated Voice,but we have to keep moving. Th...,3.5,High,Low,Standard,NEEDS_NATIVE_REVIEW
RS120,P512,loc_id_P512,pt_BR,Automated Voice,but we have to keep moving. Th...,2.5,High,Low,Standard,NEEDS_NATIVE_REVIEW
RS120,P512,loc_id_P512,ru_RU,Automated Voice,but we have to keep moving. Th...,3.2,High,Low,Standard,NEEDS_NATIVE_REVIEW
RS120,P512,loc_id_P512,uk_UA,Automated Voice,but we have to keep moving. Th...,3.8,High,Low,Standard,NEEDS_NATIVE_REVIEW
RS120,P512,loc_id_P512,zh_CN,Automated Voice,but we have to keep moving. Th...,5.3,High,Low,Standard,NEEDS_NATIVE_REVIEW
RS120,P513,loc_id_P513,en_US,Automated Voice,to help. My gauge is completel...,2.8,High,Low,Standard,NEEDS_NATIVE_REVIEW
RS120,P513,loc_id_P513,ar_SA,Automated Voice,to help. My gauge is completel...,7.0,High,Low,Standard,NEEDS_NATIVE_REVIEW
RS120,P513,loc_id_P513,de_DE,Automated Voice,to help. My gauge is completel...,3.4,High,Low,Standard,NEEDS_NATIVE_REVIEW
RS120,P513,loc_id_P513,es_ES,Automated Voice,to help. My gauge is completel...,2.9,High,Low,Standard,NEEDS_NATIVE_REVIEW
RS120,P513,loc_id_P513,fr_FR,Automated Voice,to help. My gauge is completel...,2.9,High,Low,Standard,NEEDS_NATIVE_REVIEW
RS120,P513,loc_id_P513,he_IL,Automated Voice,to help. My gauge is completel...,6.4,High,Low,Standard,NEEDS_NATIVE_REVIEW
RS120,P513,loc_id_P513,id_ID,Automated Voice,to help. My gauge is completel...,3.2,High,Low,Standard,NEEDS_NATIVE_REVIEW
RS120,P513,loc_id_P513,ja_JP,Automated Voice,to help. My gauge is completel...,4.6,High,Low,Standard,NEEDS_NATIVE_REVIEW
RS120,P513,loc_id_P513,ko_KR,Automated Voice,to help. My gauge is completel...,5.7,High,Low,Standard,NEEDS_NATIVE_REVIEW
RS120,P513,loc_id_P513,nl_NL,Automated Voice,to help. My gauge is completel...,2.1,High,Low,Standard,NEEDS_NATIVE_REVIEW
RS120,P513,loc_id_P513,pl_PL,Automated Voice,to help. My gauge is completel...,3.0,High,Low,Standard,NEEDS_NATIVE_REVIEW
RS120,P513,loc_id_P513,pt_BR,Automated Voice,to help. My gauge is completel...,4.4,High,Low,Standard,NEEDS_NATIVE_REVIEW
RS120,P513,loc_id_P513,ru_RU,Automated Voice,to help. My gauge is completel...,6.5,High,Low,Standard,NEEDS_NATIVE_REVIEW
RS120,P513,loc_id_P513,uk_UA,Automated Voice,to help. My gauge is completel...,2.5,High,Low,Standard,NEEDS_NATIVE_REVIEW
RS120,P513,loc_id_P513,zh_CN,Automated Voice,to help. My gauge is completel...,5.9,High,Low,Standard,NEEDS_NATIVE_REVIEW
RS120,P514,loc_id_P514,en_US,Automated Voice,to engage so watch your step. ...,6.3,High,Low,Standard,NEEDS_NATIVE_REVIEW
RS120,P514,loc_id_P514,ar_SA,Automated Voice,to engage so watch your step. ...,5.5,High,Low,Standard,NEEDS_NATIVE_REVIEW
RS120,P514,loc_id_P514,de_DE,Automated Voice,to engage so watch your step. ...,2.6,High,Low,Standard,NEEDS_NATIVE_REVIEW
RS120,P514,loc_id_P514,es_ES,Automated Voice,to engage so watch your step. ...,4.3,High,Low,Standard,NEEDS_NATIVE_REVIEW
RS120,P514,loc_id_P514,fr_FR,Automated Voice,to engage so watch your step. ...,1.8,High,Low,Standard,NEEDS_NATIVE_REVIEW
RS120,P514,loc_id_P514,he_IL,Automated Voice,to engage so watch your step. ...,5.0,High,Low,Standard,NEEDS_NATIVE_REVIEW
RS120,P514,loc_id_P514,id_ID,Automated Voice,to engage so watch your step. ...,6.2,High,Low,Standard,NEEDS_NATIVE_REVIEW
RS120,P514,loc_id_P514,ja_JP,Automated Voice,to engage so watch your step. ...,4.2,High,Low,Standard,NEEDS_NATIVE_REVIEW
RS120,P514,loc_id_P514,ko_KR,Automated Voice,to engage so watch your step. ...,5.1,High,Low,Standard,NEEDS_NATIVE_REVIEW
RS120,P514,loc_id_P514,nl_NL,Automated Voice,to engage so watch your step. ...,6.9,High,Low,Standard,NEEDS_NATIVE_REVIEW
RS120,P514,loc_id_P514,pl_PL,Automated Voice,to engage so watch your step. ...,1.8,High,Low,Standard,NEEDS_NATIVE_REVIEW
RS120,P514,loc_id_P514,pt_BR,Automated Voice,to engage so watch your step. ...,2.9,High,Low,Standard,NEEDS_NATIVE_REVIEW
RS120,P514,loc_id_P514,ru_RU,Automated Voice,to engage so watch your step. ...,2.7,High,Low,Standard,NEEDS_NATIVE_REVIEW
RS120,P514,loc_id_P514,uk_UA,Automated Voice,to engage so watch your step. ...,6.3,High,Low,Standard,NEEDS_NATIVE_REVIEW
RS120,P514,loc_id_P514,zh_CN,Automated Voice,to engage so watch your step. ...,4.5,High,Low,Standard,NEEDS_NATIVE_REVIEW
RS120,P515,loc_id_P515,en_US,Automated Voice,but we have to keep moving. Th...,3.3,High,Low,Standard,NEEDS_NATIVE_REVIEW
RS120,P515,loc_id_P515,ar_SA,Automated Voice,but we have to keep moving. Th...,6.0,High,Low,Standard,NEEDS_NATIVE_REVIEW
RS120,P515,loc_id_P515,de_DE,Automated Voice,but we have to keep moving. Th...,6.8,High,Low,Standard,NEEDS_NATIVE_REVIEW
RS120,P515,loc_id_P515,es_ES,Automated Voice,but we have to keep moving. Th...,6.4,High,Low,Standard,NEEDS_NATIVE_REVIEW
RS120,P515,loc_id_P515,fr_FR,Automated Voice,but we have to keep moving. Th...,4.1,High,Low,Standard,NEEDS_NATIVE_REVIEW
RS120,P515,loc_id_P515,he_IL,Automated Voice,but we have to keep moving. Th...,4.2,High,Low,Standard,NEEDS_NATIVE_REVIEW
RS120,P515,loc_id_P515,id_ID,Automated Voice,but we have to keep moving. Th...,3.7,High,Low,Standard,NEEDS_NATIVE_REVIEW
RS120,P515,loc_id_P515,ja_JP,Automated Voice,but we have to keep moving. Th...,2.3,High,Low,Standard,NEEDS_NATIVE_REVIEW
RS120,P515,loc_id_P515,ko_KR,Automated Voice,but we have to keep moving. Th...,3.6,High,Low,Standard,NEEDS_NATIVE_REVIEW
RS120,P515,loc_id_P515,nl_NL,Automated Voice,but we have to keep moving. Th...,4.9,High,Low,Standard,NEEDS_NATIVE_REVIEW
RS120,P515,loc_id_P515,pl_PL,Automated Voice,but we have to keep moving. Th...,2.3,High,Low,Standard,NEEDS_NATIVE_REVIEW
RS120,P515,loc_id_P515,pt_BR,Automated Voice,but we have to keep moving. Th...,5.2,High,Low,Standard,NEEDS_NATIVE_REVIEW
RS120,P515,loc_id_P515,ru_RU,Automated Voice,but we have to keep moving. Th...,3.7,High,Low,Standard,NEEDS_NATIVE_REVIEW
RS120,P515,loc_id_P515,uk_UA,Automated Voice,but we have to keep moving. Th...,6.6,High,Low,Standard,NEEDS_NATIVE_REVIEW
RS120,P515,loc_id_P515,zh_CN,Automated Voice,but we have to keep moving. Th...,2.9,High,Low,Standard,NEEDS_NATIVE_REVIEW
RS120,P516,loc_id_P516,en_US,Automated Voice,took a hit and nobody's coming...,2.4,High,Low,Standard,NEEDS_NATIVE_REVIEW
RS120,P516,loc_id_P516,ar_SA,Automated Voice,took a hit and nobody's coming...,6.0,High,Low,Standard,NEEDS_NATIVE_REVIEW
RS120,P516,loc_id_P516,de_DE,Automated Voice,took a hit and nobody's coming...,4.7,High,Low,Standard,NEEDS_NATIVE_REVIEW
RS120,P516,loc_id_P516,es_ES,Automated Voice,took a hit and nobody's coming...,1.9,High,Low,Standard,NEEDS_NATIVE_REVIEW
RS120,P516,loc_id_P516,fr_FR,Automated Voice,took a hit and nobody's coming...,6.4,High,Low,Standard,NEEDS_NATIVE_REVIEW
RS120,P516,loc_id_P516,he_IL,Automated Voice,took a hit and nobody's coming...,2.5,High,Low,Standard,NEEDS_NATIVE_REVIEW
RS120,P516,loc_id_P516,id_ID,Automated Voice,took a hit and nobody's coming...,7.1,High,Low,Standard,NEEDS_NATIVE_REVIEW
RS120,P516,loc_id_P516,ja_JP,Automated Voice,took a hit and nobody's coming...,3.9,High,Low,Standard,NEEDS_NATIVE_REVIEW
RS120,P516,loc_id_P516,ko_KR,Automated Voice,took a hit and nobody's coming...,4.5,High,Low,Standard,NEEDS_NATIVE_REVIEW
RS120,P516,loc_id_P516,nl_NL,Automated Voice,took a hit and nobody's coming...,3.1,High,Low,Standard,NEEDS_NATIVE_REVIEW
RS120,P516,loc_id_P516,pl_PL,Automated Voice,took a hit and nobody's coming...,5.7,High,Low,Standard,NEEDS_NATIVE_REVIEW
RS120,P516,loc_id_P516,pt_BR,Automated Voice,took a hit and nobody's coming...,6.2,High,Low,Standard,NEEDS_NATIVE_REVIEW
RS120,P516,loc_id_P516,ru_RU,Automated Voice,took a hit and nobody's coming...,4.8,High,Low,Standard,NEEDS_NATIVE_REVIEW
RS120,P516,loc_id_P516,uk_UA,Automated Voice,took a hit and nobody's coming...,2.3,High,Low,Standard,NEEDS_NATIVE_REVIEW
RS120,P516,loc_id_P516,zh_CN,Automated Voice,took a hit and nobody's coming...,2.3,High,Low,Standard,NEEDS_NATIVE_REVIEW
RS120,P517,loc_id_P517,en_US,Automated Voice,the payout is still good. An i...,5.4,High,Low,Standard,NEEDS_NATIVE_REVIEW
RS120,P517,loc_id_P517,ar_SA,Automated Voice,the payout is still good. An i...,2.4,High,Low,Standard,NEEDS_NATIVE_REVIEW
RS120,P517,loc_id_P517,de_DE,Automated Voice,the payout is still good. An i...,2.7,High,Low,Standard,NEEDS_NATIVE_REVIEW
RS120,P517,loc_id_P517,es_ES,Automated Voice,the payout is still good. An i...,3.8,High,Low,Standard,NEEDS_NATIVE_REVIEW
RS120,P517,loc_id_P517,fr_FR,Automated Voice,the payout is still good. An i...,6.2,High,Low,Standard,NEEDS_NATIVE_REVIEW
RS120,P517,loc_id_P517,he_IL,Automated Voice,the payout is still good. An i...,2.6,High,Low,Standard,NEEDS_NATIVE_REVIEW
RS120,P517,loc_id_P517,id_ID,Automated Voice,the payout is still good. An i...,6.8,High,Low,Standard,NEEDS_NATIVE_REVIEW
RS120,P517,loc_id_P517,ja_JP,Automated Voice,the payout is still good. An i...,2.0,High,Low,Standard,NEEDS_NATIVE_REVIEW
RS120,P517,loc_id_P517,ko_KR,Automated Voice,the payout is still good. An i...,5.2,High,Low,Standard,NEEDS_NATIVE_REVIEW
RS120,P517,loc_id_P517,nl_NL,Automated Voice,the payout is still good. An i...,2.0,High,Low,Standard,NEEDS_NATIVE_REVIEW
RS120,P517,loc_id_P517,pl_PL,Automated Voice,the payout is still good. An i...,7.3,High,Low,Standard,NEEDS_NATIVE_REVIEW
RS120,P517,loc_id_P517,pt_BR,Automated Voice,the payout is still good. An i...,4.5,High,Low,Standard,NEEDS_NATIVE_REVIEW
RS120,P517,loc_id_P517,ru_RU,Automated Voice,the payout is still good. An i...,3.9,High,Low,Standard,NEEDS_NATIVE_REVIEW
RS120,P517,loc_id_P517,uk_UA,Automated Voice,the payout is still good. An i...,6.9,High,Low,Standard,NEEDS_NATIVE_REVIEW
RS120,P517,loc_id_P517,zh_CN,Automated Voice,the payout is still good. An i...,5.0,High,Low,Standard,NEEDS_NATIVE_REVIEW
RS120,P518,loc_id_P518,en_US,Automated Voice,is still good. A corroded inta...,7.4,High,Low,Standard,NEEDS_NATIVE_REVIEW
RS120,P518,loc_id_P518,ar_SA,Automated Voice,is still good. A corroded inta...,2.1,High,Low,Standard,NEEDS_NATIVE_REVIEW
RS120,P518,loc_id_P518,de_DE,Automated Voice,is still good. A corroded inta...,5.4,High,Low,Standard,NEEDS_NATIVE_REVIEW
RS120,P518,loc_id_P518,es_ES,Automated Voice,is still good. A corroded inta...,7.1,High,Low,Standard,NEEDS_NATIVE_REVIEW
RS120,P518,loc_id_P518,fr_FR,Automated Voice,is still good. A corroded inta...,3.8,High,Low,Standard,NEEDS_NATIVE_REVIEW
RS120,P518,loc_id_P518,he_IL,Automated Voice,is still good. A corroded inta...,5.9,High,Low,Standard,NEEDS_NATIVE_REVIEW
RS120,P518,loc_id_P518,id_ID,Automated Voice,is still good. A corroded inta...,4.2,High,Low,Standard,NEEDS_NATIVE_REVIEW
RS120,P518,loc_id_P518,ja_JP,Automated Voice,is still good. A corroded inta...,1.9,High,Low,Standard,NEEDS_NATIVE_REVIEW
RS120,P518,loc_id_P518,ko_KR,Automated Voice,is still good. A corroded inta...,4.6,High,Low,Standard,NEEDS_NATIVE_REVIEW
RS120,P518,loc_id_P518,nl_NL,Automated Voice,is still good. A corroded inta...,7.1,High,Low,Standard,NEEDS_NATIVE_REVIEW
RS120,P518,loc_id_P518,pl_PL,Automated Voice,is still good. A corroded inta...,4.5,High,Low,Standard,NEEDS_NATIVE_REVIEW
RS120,P518,loc_id_P518,pt_BR,Automated Voice,is still good. A corroded inta...,5.0,High,Low,Standard,NEEDS_NATIVE_REVIEW
RS120,P518,loc_id_P518,ru_RU,Automated Voice,is still good. A corroded inta...,6.7,High,Low,Standard,NEEDS_NATIVE_REVIEW
RS120,P518,loc_id_P518,uk_UA,Automated Voice,is still good. A corroded inta...,3.4,High,Low,Standard,NEEDS_NATIVE_REVIEW
RS120,P518,loc_id_P518,zh_CN,Automated Voice,is still good. A corroded inta...,7.2,High,Low,Standard,NEEDS_NATIVE_REVIEW
RS120,P519,loc_id_P519,en_US,Automated Voice,on borrowed time. The backup p...,6.0,High,Low,Standard,NEEDS_NATIVE_REVIEW
RS120,P519,loc_id_P519,ar_SA,Automated Voice,on borrowed time. The backup p...,4.2,High,Low,Standard,NEEDS_NATIVE_REVIEW
RS120,P519,loc_id_P519,de_DE,Automated Voice,on borrowed time. The backup p...,2.3,High,Low,Standard,NEEDS_NATIVE_REVIEW
RS120,P519,loc_id_P519,es_ES,Automated Voice,on borrowed time. The backup p...,5.6,High,Low,Standard,NEEDS_NATIVE_REVIEW
RS120,P519,loc_id_P519,fr_FR,Automated Voice,on borrowed time. The backup p...,6.3,High,Low,Standard,NEEDS_NATIVE_REVIEW
RS120,P519,loc_id_P519,he_IL,Automated Voice,on borrowed time. The backup p...,2.4,High,Low,Standard,NEEDS_NATIVE_REVIEW
RS120,P519,loc_id_P519,id_ID,Automated Voice,on borrowed time. The backup p...,4.9,High,Low,Standard,NEEDS_NATIVE_REVIEW
RS120,P519,loc_id_P519,ja_JP,Automated Voice,on borrowed time. The backup p...,5.0,High,Low,Standard,NEEDS_NATIVE_REVIEW
RS120,P519,loc_id_P519,ko_KR,Automated Voice,on borrowed time. The backup p...,6.4,High,Low,Standard,NEEDS_NATIVE_REVIEW
RS120,P519,loc_id_P519,nl_NL,Automated Voice,on borrowed time. The backup p...,7.2,High,Low,Standard,NEEDS_NATIVE_REVIEW
RS120,P519,loc_id_P519,pl_PL,Automated Voice,on borrowed time. The backup p...,4.7,High,Low,Standard,NEEDS_NATIVE_REVIEW
RS120,P519,loc_id_P519,pt_BR,Automated Voice,on borrowed time. The backup p...,2.3,High,Low,Standard,NEEDS_NATIVE_REVIEW
RS120,P519,loc_id_P519,ru_RU,Automated Voice,on borrowed time. The backup p...,4.0,High,Low,Standard,NEEDS_NATIVE_REVIEW
RS120,P519,loc_id_P519,uk_UA,Automated Voice,on borrowed time. The backup p...,2.3,High,Low,Standard,NEEDS_NATIVE_REVIEW
RS120,P519,loc_id_P519,zh_CN,Automated Voice,on borrowed time. The backup p...,6.4,High,Low,Standard,NEEDS_NATIVE_REVIEW
RS121,P520,loc_id_P520,en_US,Automated Voice,making recovery economically u...,4.5,High,Low,Standard,NEEDS_NATIVE_REVIEW
RS121,P520,loc_id_P520,ar_SA,Automated Voice,making recovery economically u...,3.1,High,Low,Standard,NEEDS_NATIVE_REVIEW
RS121,P520,loc_id_P520,de_DE,Automated Voice,making recovery economically u...,2.4,High,Low,Standard,NEEDS_NATIVE_REVIEW
RS121,P520,loc_id_P520,es_ES,Automated Voice,making recovery economically u...,5.9,High,Low,Standard,NEEDS_NATIVE_REVIEW
RS121,P520,loc_id_P520,fr_FR,Automated Voice,making recovery economically u...,5.6,High,Low,Standard,NEEDS_NATIVE_REVIEW
RS121,P520,loc_id_P520,he_IL,Automated Voice,making recovery economically u...,5.7,High,Low,Standard,NEEDS_NATIVE_REVIEW
RS121,P520,loc_id_P520,id_ID,Automated Voice,making recovery economically u...,3.4,High,Low,Standard,NEEDS_NATIVE_REVIEW
RS121,P520,loc_id_P520,ja_JP,Automated Voice,making recovery economically u...,6.5,High,Low,Standard,NEEDS_NATIVE_REVIEW
RS121,P520,loc_id_P520,ko_KR,Automated Voice,making recovery economically u...,3.3,High,Low,Standard,NEEDS_NATIVE_REVIEW
RS121,P520,loc_id_P520,nl_NL,Automated Voice,making recovery economically u...,5.7,High,Low,Standard,NEEDS_NATIVE_REVIEW
RS121,P520,loc_id_P520,pl_PL,Automated Voice,making recovery economically u...,6.8,High,Low,Standard,NEEDS_NATIVE_REVIEW
RS121,P520,loc_id_P520,pt_BR,Automated Voice,making recovery economically u...,5.5,High,Low,Standard,NEEDS_NATIVE_REVIEW
RS121,P520,loc_id_P520,ru_RU,Automated Voice,making recovery economically u...,3.0,High,Low,Standard,NEEDS_NATIVE_REVIEW
RS121,P520,loc_id_P520,uk_UA,Automated Voice,making recovery economically u...,6.1,High,Low,Standard,NEEDS_NATIVE_REVIEW
RS121,P520,loc_id_P520,zh_CN,Automated Voice,making recovery economically u...,1.8,High,Low,Standard,NEEDS_NATIVE_REVIEW
RS121,P521,loc_id_P521,en_US,Automated Voice,conduit registered off-chart r...,4.5,High,Low,Standard,NEEDS_NATIVE_REVIEW
RS121,P521,loc_id_P521,ar_SA,Automated Voice,conduit registered off-chart r...,7.3,High,Low,Standard,NEEDS_NATIVE_REVIEW
RS121,P521,loc_id_P521,de_DE,Automated Voice,conduit registered off-chart r...,3.6,High,Low,Standard,NEEDS_NATIVE_REVIEW
RS121,P521,loc_id_P521,es_ES,Automated Voice,conduit registered off-chart r...,3.8,High,Low,Standard,NEEDS_NATIVE_REVIEW
RS121,P521,loc_id_P521,fr_FR,Automated Voice,conduit registered off-chart r...,3.1,High,Low,Standard,NEEDS_NATIVE_REVIEW
RS121,P521,loc_id_P521,he_IL,Automated Voice,conduit registered off-chart r...,5.4,High,Low,Standard,NEEDS_NATIVE_REVIEW
RS121,P521,loc_id_P521,id_ID,Automated Voice,conduit registered off-chart r...,4.3,High,Low,Standard,NEEDS_NATIVE_REVIEW
RS121,P521,loc_id_P521,ja_JP,Automated Voice,conduit registered off-chart r...,4.1,High,Low,Standard,NEEDS_NATIVE_REVIEW
RS121,P521,loc_id_P521,ko_KR,Automated Voice,conduit registered off-chart r...,7.0,High,Low,Standard,NEEDS_NATIVE_REVIEW
RS121,P521,loc_id_P521,nl_NL,Automated Voice,conduit registered off-chart r...,6.4,High,Low,Standard,NEEDS_NATIVE_REVIEW
RS121,P521,loc_id_P521,pl_PL,Automated Voice,conduit registered off-chart r...,3.1,High,Low,Standard,NEEDS_NATIVE_REVIEW
RS121,P521,loc_id_P521,pt_BR,Automated Voice,conduit registered off-chart r...,3.6,High,Low,Standard,NEEDS_NATIVE_REVIEW
RS121,P521,loc_id_P521,ru_RU,Automated Voice,conduit registered off-chart r...,2.4,High,Low,Standard,NEEDS_NATIVE_REVIEW
RS121,P521,loc_id_P521,uk_UA,Automated Voice,conduit registered off-chart r...,7.3,High,Low,Standard,NEEDS_NATIVE_REVIEW
RS121,P521,loc_id_P521,zh_CN,Automated Voice,conduit registered off-chart r...,5.3,High,Low,Standard,NEEDS_NATIVE_REVIEW
RS121,P522,loc_id_P522,en_US,Automated Voice,sounds like it's chewing grave...,2.4,High,Low,Standard,NEEDS_NATIVE_REVIEW
RS121,P522,loc_id_P522,ar_SA,Automated Voice,sounds like it's chewing grave...,7.2,High,Low,Standard,NEEDS_NATIVE_REVIEW
RS121,P522,loc_id_P522,de_DE,Automated Voice,sounds like it's chewing grave...,2.7,High,Low,Standard,NEEDS_NATIVE_REVIEW
RS121,P522,loc_id_P522,es_ES,Automated Voice,sounds like it's chewing grave...,3.5,High,Low,Standard,NEEDS_NATIVE_REVIEW
RS121,P522,loc_id_P522,fr_FR,Automated Voice,sounds like it's chewing grave...,2.2,High,Low,Standard,NEEDS_NATIVE_REVIEW
RS121,P522,loc_id_P522,he_IL,Automated Voice,sounds like it's chewing grave...,3.1,High,Low,Standard,NEEDS_NATIVE_REVIEW
RS121,P522,loc_id_P522,id_ID,Automated Voice,sounds like it's chewing grave...,4.4,High,Low,Standard,NEEDS_NATIVE_REVIEW
RS121,P522,loc_id_P522,ja_JP,Automated Voice,sounds like it's chewing grave...,7.1,High,Low,Standard,NEEDS_NATIVE_REVIEW
RS121,P522,loc_id_P522,ko_KR,Automated Voice,sounds like it's chewing grave...,2.9,High,Low,Standard,NEEDS_NATIVE_REVIEW
RS121,P522,loc_id_P522,nl_NL,Automated Voice,sounds like it's chewing grave...,6.8,High,Low,Standard,NEEDS_NATIVE_REVIEW
RS121,P522,loc_id_P522,pl_PL,Automated Voice,sounds like it's chewing grave...,2.7,High,Low,Standard,NEEDS_NATIVE_REVIEW
RS121,P522,loc_id_P522,pt_BR,Automated Voice,sounds like it's chewing grave...,5.0,High,Low,Standard,NEEDS_NATIVE_REVIEW
RS121,P522,loc_id_P522,ru_RU,Automated Voice,sounds like it's chewing grave...,6.5,High,Low,Standard,NEEDS_NATIVE_REVIEW
RS121,P522,loc_id_P522,uk_UA,Automated Voice,sounds like it's chewing grave...,3.9,High,Low,Standard,NEEDS_NATIVE_REVIEW
RS121,P522,loc_id_P522,zh_CN,Automated Voice,sounds like it's chewing grave...,3.4,High,Low,Standard,NEEDS_NATIVE_REVIEW
RS121,P523,loc_id_P523,en_US,Automated Voice,safety lockouts despite standa...,5.0,High,Low,Standard,NEEDS_NATIVE_REVIEW
RS121,P523,loc_id_P523,ar_SA,Automated Voice,safety lockouts despite standa...,6.4,High,Low,Standard,NEEDS_NATIVE_REVIEW
RS121,P523,loc_id_P523,de_DE,Automated Voice,safety lockouts despite standa...,4.2,High,Low,Standard,NEEDS_NATIVE_REVIEW
RS121,P523,loc_id_P523,es_ES,Automated Voice,safety lockouts despite standa...,6.6,High,Low,Standard,NEEDS_NATIVE_REVIEW
RS121,P523,loc_id_P523,fr_FR,Automated Voice,safety lockouts despite standa...,3.5,High,Low,Standard,NEEDS_NATIVE_REVIEW
RS121,P523,loc_id_P523,he_IL,Automated Voice,safety lockouts despite standa...,2.3,High,Low,Standard,NEEDS_NATIVE_REVIEW
RS121,P523,loc_id_P523,id_ID,Automated Voice,safety lockouts despite standa...,3.2,High,Low,Standard,NEEDS_NATIVE_REVIEW
RS121,P523,loc_id_P523,ja_JP,Automated Voice,safety lockouts despite standa...,3.9,High,Low,Standard,NEEDS_NATIVE_REVIEW
RS121,P523,loc_id_P523,ko_KR,Automated Voice,safety lockouts despite standa...,5.8,High,Low,Standard,NEEDS_NATIVE_REVIEW
RS121,P523,loc_id_P523,nl_NL,Automated Voice,safety lockouts despite standa...,4.5,High,Low,Standard,NEEDS_NATIVE_REVIEW
RS121,P523,loc_id_P523,pl_PL,Automated Voice,safety lockouts despite standa...,2.5,High,Low,Standard,NEEDS_NATIVE_REVIEW
RS121,P523,loc_id_P523,pt_BR,Automated Voice,safety lockouts despite standa...,5.3,High,Low,Standard,NEEDS_NATIVE_REVIEW
RS121,P523,loc_id_P523,ru_RU,Automated Voice,safety lockouts despite standa...,5.0,High,Low,Standard,NEEDS_NATIVE_REVIEW
RS121,P523,loc_id_P523,uk_UA,Automated Voice,safety lockouts despite standa...,3.6,High,Low,Standard,NEEDS_NATIVE_REVIEW
RS121,P523,loc_id_P523,zh_CN,Automated Voice,safety lockouts despite standa...,3.5,High,Low,Standard,NEEDS_NATIVE_REVIEW
RS121,P524,loc_id_P524,en_US,Automated Voice,particulate suggesting a delib...,5.5,High,Low,Standard,NEEDS_NATIVE_REVIEW
RS121,P524,loc_id_P524,ar_SA,Automated Voice,particulate suggesting a delib...,2.6,High,Low,Standard,NEEDS_NATIVE_REVIEW
RS121,P524,loc_id_P524,de_DE,Automated Voice,particulate suggesting a delib...,5.9,High,Low,Standard,NEEDS_NATIVE_REVIEW
RS121,P524,loc_id_P524,es_ES,Automated Voice,particulate suggesting a delib...,6.1,High,Low,Standard,NEEDS_NATIVE_REVIEW
RS121,P524,loc_id_P524,fr_FR,Automated Voice,particulate suggesting a delib...,1.9,High,Low,Standard,NEEDS_NATIVE_REVIEW
RS121,P524,loc_id_P524,he_IL,Automated Voice,particulate suggesting a delib...,4.2,High,Low,Standard,NEEDS_NATIVE_REVIEW
RS121,P524,loc_id_P524,id_ID,Automated Voice,particulate suggesting a delib...,6.5,High,Low,Standard,NEEDS_NATIVE_REVIEW
RS121,P524,loc_id_P524,ja_JP,Automated Voice,particulate suggesting a delib...,2.3,High,Low,Standard,NEEDS_NATIVE_REVIEW
RS121,P524,loc_id_P524,ko_KR,Automated Voice,particulate suggesting a delib...,3.3,High,Low,Standard,NEEDS_NATIVE_REVIEW
RS121,P524,loc_id_P524,nl_NL,Automated Voice,particulate suggesting a delib...,2.8,High,Low,Standard,NEEDS_NATIVE_REVIEW
RS121,P524,loc_id_P524,pl_PL,Automated Voice,particulate suggesting a delib...,6.9,High,Low,Standard,NEEDS_NATIVE_REVIEW
RS121,P524,loc_id_P524,pt_BR,Automated Voice,particulate suggesting a delib...,6.6,High,Low,Standard,NEEDS_NATIVE_REVIEW
RS121,P524,loc_id_P524,ru_RU,Automated Voice,particulate suggesting a delib...,3.7,High,Low,Standard,NEEDS_NATIVE_REVIEW
RS121,P524,loc_id_P524,uk_UA,Automated Voice,particulate suggesting a delib...,3.8,High,Low,Standard,NEEDS_NATIVE_REVIEW
RS121,P524,loc_id_P524,zh_CN,Automated Voice,particulate suggesting a delib...,6.1,High,Low,Standard,NEEDS_NATIVE_REVIEW
RS121,P525,loc_id_P525,en_US,Automated Voice,crew members their payout. The...,6.2,High,Low,Standard,NEEDS_NATIVE_REVIEW
RS121,P525,loc_id_P525,ar_SA,Automated Voice,crew members their payout. The...,6.6,High,Low,Standard,NEEDS_NATIVE_REVIEW
RS121,P525,loc_id_P525,de_DE,Automated Voice,crew members their payout. The...,3.2,High,Low,Standard,NEEDS_NATIVE_REVIEW
RS121,P525,loc_id_P525,es_ES,Automated Voice,crew members their payout. The...,4.5,High,Low,Standard,NEEDS_NATIVE_REVIEW
RS121,P525,loc_id_P525,fr_FR,Automated Voice,crew members their payout. The...,6.7,High,Low,Standard,NEEDS_NATIVE_REVIEW
RS121,P525,loc_id_P525,he_IL,Automated Voice,crew members their payout. The...,6.3,High,Low,Standard,NEEDS_NATIVE_REVIEW
RS121,P525,loc_id_P525,id_ID,Automated Voice,crew members their payout. The...,6.5,High,Low,Standard,NEEDS_NATIVE_REVIEW
RS121,P525,loc_id_P525,ja_JP,Automated Voice,crew members their payout. The...,5.0,High,Low,Standard,NEEDS_NATIVE_REVIEW
RS121,P525,loc_id_P525,ko_KR,Automated Voice,crew members their payout. The...,7.4,High,Low,Standard,NEEDS_NATIVE_REVIEW
RS121,P525,loc_id_P525,nl_NL,Automated Voice,crew members their payout. The...,2.4,High,Low,Standard,NEEDS_NATIVE_REVIEW
RS121,P525,loc_id_P525,pl_PL,Automated Voice,crew members their payout. The...,2.3,High,Low,Standard,NEEDS_NATIVE_REVIEW
RS121,P525,loc_id_P525,pt_BR,Automated Voice,crew members their payout. The...,3.5,High,Low,Standard,NEEDS_NATIVE_REVIEW
RS121,P525,loc_id_P525,ru_RU,Automated Voice,crew members their payout. The...,2.5,High,Low,Standard,NEEDS_NATIVE_REVIEW
RS121,P525,loc_id_P525,uk_UA,Automated Voice,crew members their payout. The...,6.7,High,Low,Standard,NEEDS_NATIVE_REVIEW
RS121,P525,loc_id_P525,zh_CN,Automated Voice,crew members their payout. The...,7.3,High,Low,Standard,NEEDS_NATIVE_REVIEW
RS121,P526,loc_id_P526,en_US,Automated Voice,warranty. An isolated thermal ...,3.5,High,Low,Standard,NEEDS_NATIVE_REVIEW
RS121,P526,loc_id_P526,ar_SA,Automated Voice,warranty. An isolated thermal ...,3.3,High,Low,Standard,NEEDS_NATIVE_REVIEW
RS121,P526,loc_id_P526,de_DE,Automated Voice,warranty. An isolated thermal ...,6.7,High,Low,Standard,NEEDS_NATIVE_REVIEW
RS121,P526,loc_id_P526,es_ES,Automated Voice,warranty. An isolated thermal ...,3.4,High,Low,Standard,NEEDS_NATIVE_REVIEW
RS121,P526,loc_id_P526,fr_FR,Automated Voice,warranty. An isolated thermal ...,4.5,High,Low,Standard,NEEDS_NATIVE_REVIEW
RS121,P526,loc_id_P526,he_IL,Automated Voice,warranty. An isolated thermal ...,4.0,High,Low,Standard,NEEDS_NATIVE_REVIEW
RS121,P526,loc_id_P526,id_ID,Automated Voice,warranty. An isolated thermal ...,4.0,High,Low,Standard,NEEDS_NATIVE_REVIEW
RS121,P526,loc_id_P526,ja_JP,Automated Voice,warranty. An isolated thermal ...,2.2,High,Low,Standard,NEEDS_NATIVE_REVIEW
RS121,P526,loc_id_P526,ko_KR,Automated Voice,warranty. An isolated thermal ...,5.4,High,Low,Standard,NEEDS_NATIVE_REVIEW
RS121,P526,loc_id_P526,nl_NL,Automated Voice,warranty. An isolated thermal ...,4.7,High,Low,Standard,NEEDS_NATIVE_REVIEW
RS121,P526,loc_id_P526,pl_PL,Automated Voice,warranty. An isolated thermal ...,3.0,High,Low,Standard,NEEDS_NATIVE_REVIEW
RS121,P526,loc_id_P526,pt_BR,Automated Voice,warranty. An isolated thermal ...,3.5,High,Low,Standard,NEEDS_NATIVE_REVIEW
RS121,P526,loc_id_P526,ru_RU,Automated Voice,warranty. An isolated thermal ...,4.0,High,Low,Standard,NEEDS_NATIVE_REVIEW
RS121,P526,loc_id_P526,uk_UA,Automated Voice,warranty. An isolated thermal ...,2.6,High,Low,Standard,NEEDS_NATIVE_REVIEW
RS121,P526,loc_id_P526,zh_CN,Automated Voice,warranty. An isolated thermal ...,5.9,High,Low,Standard,NEEDS_NATIVE_REVIEW
RS121,P527,loc_id_P527,en_US,Automated Voice,to help. This rusted panel is ...,2.8,High,Low,Standard,NEEDS_NATIVE_REVIEW
RS121,P527,loc_id_P527,ar_SA,Automated Voice,to help. This rusted panel is ...,5.1,High,Low,Standard,NEEDS_NATIVE_REVIEW
RS121,P527,loc_id_P527,de_DE,Automated Voice,to help. This rusted panel is ...,7.3,High,Low,Standard,NEEDS_NATIVE_REVIEW
RS121,P527,loc_id_P527,es_ES,Automated Voice,to help. This rusted panel is ...,2.4,High,Low,Standard,NEEDS_NATIVE_REVIEW
RS121,P527,loc_id_P527,fr_FR,Automated Voice,to help. This rusted panel is ...,1.9,High,Low,Standard,NEEDS_NATIVE_REVIEW
RS121,P527,loc_id_P527,he_IL,Automated Voice,to help. This rusted panel is ...,5.7,High,Low,Standard,NEEDS_NATIVE_REVIEW
RS121,P527,loc_id_P527,id_ID,Automated Voice,to help. This rusted panel is ...,7.4,High,Low,Standard,NEEDS_NATIVE_REVIEW
RS121,P527,loc_id_P527,ja_JP,Automated Voice,to help. This rusted panel is ...,1.9,High,Low,Standard,NEEDS_NATIVE_REVIEW
RS121,P527,loc_id_P527,ko_KR,Automated Voice,to help. This rusted panel is ...,6.9,High,Low,Standard,NEEDS_NATIVE_REVIEW
RS121,P527,loc_id_P527,nl_NL,Automated Voice,to help. This rusted panel is ...,5.9,High,Low,Standard,NEEDS_NATIVE_REVIEW
RS121,P527,loc_id_P527,pl_PL,Automated Voice,to help. This rusted panel is ...,3.0,High,Low,Standard,NEEDS_NATIVE_REVIEW
RS121,P527,loc_id_P527,pt_BR,Automated Voice,to help. This rusted panel is ...,4.2,High,Low,Standard,NEEDS_NATIVE_REVIEW
RS121,P527,loc_id_P527,ru_RU,Automated Voice,to help. This rusted panel is ...,3.3,High,Low,Standard,NEEDS_NATIVE_REVIEW
RS121,P527,loc_id_P527,uk_UA,Automated Voice,to help. This rusted panel is ...,6.6,High,Low,Standard,NEEDS_NATIVE_REVIEW
RS121,P527,loc_id_P527,zh_CN,Automated Voice,to help. This rusted panel is ...,4.4,High,Low,Standard,NEEDS_NATIVE_REVIEW
RS121,P528,loc_id_P528,en_US,Automated Voice,have to keep moving. The manua...,3.2,High,Low,Standard,NEEDS_NATIVE_REVIEW
RS121,P528,loc_id_P528,ar_SA,Automated Voice,have to keep moving. The manua...,7.4,High,Low,Standard,NEEDS_NATIVE_REVIEW
RS121,P528,loc_id_P528,de_DE,Automated Voice,have to keep moving. The manua...,2.5,High,Low,Standard,NEEDS_NATIVE_REVIEW
RS121,P528,loc_id_P528,es_ES,Automated Voice,have to keep moving. The manua...,2.4,High,Low,Standard,NEEDS_NATIVE_REVIEW
RS121,P528,loc_id_P528,fr_FR,Automated Voice,have to keep moving. The manua...,3.3,High,Low,Standard,NEEDS_NATIVE_REVIEW
RS121,P528,loc_id_P528,he_IL,Automated Voice,have to keep moving. The manua...,2.9,High,Low,Standard,NEEDS_NATIVE_REVIEW
RS121,P528,loc_id_P528,id_ID,Automated Voice,have to keep moving. The manua...,4.6,High,Low,Standard,NEEDS_NATIVE_REVIEW
RS121,P528,loc_id_P528,ja_JP,Automated Voice,have to keep moving. The manua...,3.6,High,Low,Standard,NEEDS_NATIVE_REVIEW
RS121,P528,loc_id_P528,ko_KR,Automated Voice,have to keep moving. The manua...,6.8,High,Low,Standard,NEEDS_NATIVE_REVIEW
RS121,P528,loc_id_P528,nl_NL,Automated Voice,have to keep moving. The manua...,6.0,High,Low,Standard,NEEDS_NATIVE_REVIEW
RS121,P528,loc_id_P528,pl_PL,Automated Voice,have to keep moving. The manua...,3.5,High,Low,Standard,NEEDS_NATIVE_REVIEW
RS121,P528,loc_id_P528,pt_BR,Automated Voice,have to keep moving. The manua...,2.8,High,Low,Standard,NEEDS_NATIVE_REVIEW
RS121,P528,loc_id_P528,ru_RU,Automated Voice,have to keep moving. The manua...,3.4,High,Low,Standard,NEEDS_NATIVE_REVIEW
RS121,P528,loc_id_P528,uk_UA,Automated Voice,have to keep moving. The manua...,4.3,High,Low,Standard,NEEDS_NATIVE_REVIEW
RS121,P528,loc_id_P528,zh_CN,Automated Voice,have to keep moving. The manua...,4.1,High,Low,Standard,NEEDS_NATIVE_REVIEW
RS121,P529,loc_id_P529,en_US,Automated Voice,so don't push it. An isolated ...,5.0,High,Low,Standard,NEEDS_NATIVE_REVIEW
RS121,P529,loc_id_P529,ar_SA,Automated Voice,so don't push it. An isolated ...,7.1,High,Low,Standard,NEEDS_NATIVE_REVIEW
RS121,P529,loc_id_P529,de_DE,Automated Voice,so don't push it. An isolated ...,7.1,High,Low,Standard,NEEDS_NATIVE_REVIEW
RS121,P529,loc_id_P529,es_ES,Automated Voice,so don't push it. An isolated ...,3.0,High,Low,Standard,NEEDS_NATIVE_REVIEW
RS121,P529,loc_id_P529,fr_FR,Automated Voice,so don't push it. An isolated ...,2.7,High,Low,Standard,NEEDS_NATIVE_REVIEW
RS121,P529,loc_id_P529,he_IL,Automated Voice,so don't push it. An isolated ...,7.0,High,Low,Standard,NEEDS_NATIVE_REVIEW
RS121,P529,loc_id_P529,id_ID,Automated Voice,so don't push it. An isolated ...,4.0,High,Low,Standard,NEEDS_NATIVE_REVIEW
RS121,P529,loc_id_P529,ja_JP,Automated Voice,so don't push it. An isolated ...,6.8,High,Low,Standard,NEEDS_NATIVE_REVIEW
RS121,P529,loc_id_P529,ko_KR,Automated Voice,so don't push it. An isolated ...,6.0,High,Low,Standard,NEEDS_NATIVE_REVIEW
RS121,P529,loc_id_P529,nl_NL,Automated Voice,so don't push it. An isolated ...,5.8,High,Low,Standard,NEEDS_NATIVE_REVIEW
RS121,P529,loc_id_P529,pl_PL,Automated Voice,so don't push it. An isolated ...,6.8,High,Low,Standard,NEEDS_NATIVE_REVIEW
RS121,P529,loc_id_P529,pt_BR,Automated Voice,so don't push it. An isolated ...,4.4,High,Low,Standard,NEEDS_NATIVE_REVIEW
RS121,P529,loc_id_P529,ru_RU,Automated Voice,so don't push it. An isolated ...,6.4,High,Low,Standard,NEEDS_NATIVE_REVIEW
RS121,P529,loc_id_P529,uk_UA,Automated Voice,so don't push it. An isolated ...,3.9,High,Low,Standard,NEEDS_NATIVE_REVIEW
RS121,P529,loc_id_P529,zh_CN,Automated Voice,so don't push it. An isolated ...,2.5,High,Low,Standard,NEEDS_NATIVE_REVIEW
RS122,P530,loc_id_P530,en_US,Automated Voice,we have to keep moving. The co...,4.0,High,Low,Standard,NEEDS_NATIVE_REVIEW
RS122,P530,loc_id_P530,ar_SA,Automated Voice,we have to keep moving. The co...,6.6,High,Low,Standard,NEEDS_NATIVE_REVIEW
RS122,P530,loc_id_P530,de_DE,Automated Voice,we have to keep moving. The co...,6.3,High,Low,Standard,NEEDS_NATIVE_REVIEW
RS122,P530,loc_id_P530,es_ES,Automated Voice,we have to keep moving. The co...,6.9,High,Low,Standard,NEEDS_NATIVE_REVIEW
RS122,P530,loc_id_P530,fr_FR,Automated Voice,we have to keep moving. The co...,2.1,High,Low,Standard,NEEDS_NATIVE_REVIEW
RS122,P530,loc_id_P530,he_IL,Automated Voice,we have to keep moving. The co...,3.2,High,Low,Standard,NEEDS_NATIVE_REVIEW
RS122,P530,loc_id_P530,id_ID,Automated Voice,we have to keep moving. The co...,1.9,High,Low,Standard,NEEDS_NATIVE_REVIEW
RS122,P530,loc_id_P530,ja_JP,Automated Voice,we have to keep moving. The co...,3.8,High,Low,Standard,NEEDS_NATIVE_REVIEW
RS122,P530,loc_id_P530,ko_KR,Automated Voice,we have to keep moving. The co...,6.3,High,Low,Standard,NEEDS_NATIVE_REVIEW
RS122,P530,loc_id_P530,nl_NL,Automated Voice,we have to keep moving. The co...,5.2,High,Low,Standard,NEEDS_NATIVE_REVIEW
RS122,P530,loc_id_P530,pl_PL,Automated Voice,we have to keep moving. The co...,5.2,High,Low,Standard,NEEDS_NATIVE_REVIEW
RS122,P530,loc_id_P530,pt_BR,Automated Voice,we have to keep moving. The co...,5.8,High,Low,Standard,NEEDS_NATIVE_REVIEW
RS122,P530,loc_id_P530,ru_RU,Automated Voice,we have to keep moving. The co...,2.4,High,Low,Standard,NEEDS_NATIVE_REVIEW
RS122,P530,loc_id_P530,uk_UA,Automated Voice,we have to keep moving. The co...,4.8,High,Low,Standard,NEEDS_NATIVE_REVIEW
RS122,P530,loc_id_P530,zh_CN,Automated Voice,we have to keep moving. The co...,4.3,High,Low,Standard,NEEDS_NATIVE_REVIEW
RS122,P531,loc_id_P531,en_US,Automated Voice,like it took a hit and nobody'...,4.7,High,Low,Standard,NEEDS_NATIVE_REVIEW
RS122,P531,loc_id_P531,ar_SA,Automated Voice,like it took a hit and nobody'...,4.1,High,Low,Standard,NEEDS_NATIVE_REVIEW
RS122,P531,loc_id_P531,de_DE,Automated Voice,like it took a hit and nobody'...,7.1,High,Low,Standard,NEEDS_NATIVE_REVIEW
RS122,P531,loc_id_P531,es_ES,Automated Voice,like it took a hit and nobody'...,5.9,High,Low,Standard,NEEDS_NATIVE_REVIEW
RS122,P531,loc_id_P531,fr_FR,Automated Voice,like it took a hit and nobody'...,4.3,High,Low,Standard,NEEDS_NATIVE_REVIEW
RS122,P531,loc_id_P531,he_IL,Automated Voice,like it took a hit and nobody'...,2.2,High,Low,Standard,NEEDS_NATIVE_REVIEW
RS122,P531,loc_id_P531,id_ID,Automated Voice,like it took a hit and nobody'...,4.3,High,Low,Standard,NEEDS_NATIVE_REVIEW
RS122,P531,loc_id_P531,ja_JP,Automated Voice,like it took a hit and nobody'...,4.9,High,Low,Standard,NEEDS_NATIVE_REVIEW
RS122,P531,loc_id_P531,ko_KR,Automated Voice,like it took a hit and nobody'...,3.1,High,Low,Standard,NEEDS_NATIVE_REVIEW
RS122,P531,loc_id_P531,nl_NL,Automated Voice,like it took a hit and nobody'...,6.1,High,Low,Standard,NEEDS_NATIVE_REVIEW
RS122,P531,loc_id_P531,pl_PL,Automated Voice,like it took a hit and nobody'...,2.6,High,Low,Standard,NEEDS_NATIVE_REVIEW
RS122,P531,loc_id_P531,pt_BR,Automated Voice,like it took a hit and nobody'...,4.7,High,Low,Standard,NEEDS_NATIVE_REVIEW
RS122,P531,loc_id_P531,ru_RU,Automated Voice,like it took a hit and nobody'...,2.5,High,Low,Standard,NEEDS_NATIVE_REVIEW
RS122,P531,loc_id_P531,uk_UA,Automated Voice,like it took a hit and nobody'...,6.7,High,Low,Standard,NEEDS_NATIVE_REVIEW
RS122,P531,loc_id_P531,zh_CN,Automated Voice,like it took a hit and nobody'...,2.2,High,Low,Standard,NEEDS_NATIVE_REVIEW
RS122,P532,loc_id_P532,en_US,Automated Voice,to the contrary. My gauge is a...,7.0,High,Low,Standard,NEEDS_NATIVE_REVIEW
RS122,P532,loc_id_P532,ar_SA,Automated Voice,to the contrary. My gauge is a...,2.9,High,Low,Standard,NEEDS_NATIVE_REVIEW
RS122,P532,loc_id_P532,de_DE,Automated Voice,to the contrary. My gauge is a...,6.4,High,Low,Standard,NEEDS_NATIVE_REVIEW
RS122,P532,loc_id_P532,es_ES,Automated Voice,to the contrary. My gauge is a...,3.6,High,Low,Standard,NEEDS_NATIVE_REVIEW
RS122,P532,loc_id_P532,fr_FR,Automated Voice,to the contrary. My gauge is a...,5.1,High,Low,Standard,NEEDS_NATIVE_REVIEW
RS122,P532,loc_id_P532,he_IL,Automated Voice,to the contrary. My gauge is a...,1.9,High,Low,Standard,NEEDS_NATIVE_REVIEW
RS122,P532,loc_id_P532,id_ID,Automated Voice,to the contrary. My gauge is a...,4.7,High,Low,Standard,NEEDS_NATIVE_REVIEW
RS122,P532,loc_id_P532,ja_JP,Automated Voice,to the contrary. My gauge is a...,6.4,High,Low,Standard,NEEDS_NATIVE_REVIEW
RS122,P532,loc_id_P532,ko_KR,Automated Voice,to the contrary. My gauge is a...,3.1,High,Low,Standard,NEEDS_NATIVE_REVIEW
RS122,P532,loc_id_P532,nl_NL,Automated Voice,to the contrary. My gauge is a...,2.9,High,Low,Standard,NEEDS_NATIVE_REVIEW
RS122,P532,loc_id_P532,pl_PL,Automated Voice,to the contrary. My gauge is a...,6.5,High,Low,Standard,NEEDS_NATIVE_REVIEW
RS122,P532,loc_id_P532,pt_BR,Automated Voice,to the contrary. My gauge is a...,3.1,High,Low,Standard,NEEDS_NATIVE_REVIEW
RS122,P532,loc_id_P532,ru_RU,Automated Voice,to the contrary. My gauge is a...,6.1,High,Low,Standard,NEEDS_NATIVE_REVIEW
RS122,P532,loc_id_P532,uk_UA,Automated Voice,to the contrary. My gauge is a...,2.7,High,Low,Standard,NEEDS_NATIVE_REVIEW
RS122,P532,loc_id_P532,zh_CN,Automated Voice,to the contrary. My gauge is a...,4.3,High,Low,Standard,NEEDS_NATIVE_REVIEW
RS122,P533,loc_id_P533,en_US,Automated Voice,atmospheres leaving the team s...,6.9,High,Low,Standard,NEEDS_NATIVE_REVIEW
RS122,P533,loc_id_P533,ar_SA,Automated Voice,atmospheres leaving the team s...,4.1,High,Low,Standard,NEEDS_NATIVE_REVIEW
RS122,P533,loc_id_P533,de_DE,Automated Voice,atmospheres leaving the team s...,4.2,High,Low,Standard,NEEDS_NATIVE_REVIEW
RS122,P533,loc_id_P533,es_ES,Automated Voice,atmospheres leaving the team s...,2.5,High,Low,Standard,NEEDS_NATIVE_REVIEW
RS122,P533,loc_id_P533,fr_FR,Automated Voice,atmospheres leaving the team s...,4.4,High,Low,Standard,NEEDS_NATIVE_REVIEW
RS122,P533,loc_id_P533,he_IL,Automated Voice,atmospheres leaving the team s...,2.5,High,Low,Standard,NEEDS_NATIVE_REVIEW
RS122,P533,loc_id_P533,id_ID,Automated Voice,atmospheres leaving the team s...,6.0,High,Low,Standard,NEEDS_NATIVE_REVIEW
RS122,P533,loc_id_P533,ja_JP,Automated Voice,atmospheres leaving the team s...,6.7,High,Low,Standard,NEEDS_NATIVE_REVIEW
RS122,P533,loc_id_P533,ko_KR,Automated Voice,atmospheres leaving the team s...,3.6,High,Low,Standard,NEEDS_NATIVE_REVIEW
RS122,P533,loc_id_P533,nl_NL,Automated Voice,atmospheres leaving the team s...,2.3,High,Low,Standard,NEEDS_NATIVE_REVIEW
RS122,P533,loc_id_P533,pl_PL,Automated Voice,atmospheres leaving the team s...,7.4,High,Low,Standard,NEEDS_NATIVE_REVIEW
RS122,P533,loc_id_P533,pt_BR,Automated Voice,atmospheres leaving the team s...,4.4,High,Low,Standard,NEEDS_NATIVE_REVIEW
RS122,P533,loc_id_P533,ru_RU,Automated Voice,atmospheres leaving the team s...,3.2,High,Low,Standard,NEEDS_NATIVE_REVIEW
RS122,P533,loc_id_P533,uk_UA,Automated Voice,atmospheres leaving the team s...,4.2,High,Low,Standard,NEEDS_NATIVE_REVIEW
RS122,P533,loc_id_P533,zh_CN,Automated Voice,atmospheres leaving the team s...,5.2,High,Low,Standard,NEEDS_NATIVE_REVIEW
RS122,P534,loc_id_P534,en_US,Automated Voice,A piece of fragmented plating ...,2.2,High,Low,Standard,NEEDS_NATIVE_REVIEW
RS122,P534,loc_id_P534,ar_SA,Automated Voice,A piece of fragmented plating ...,6.8,High,Low,Standard,NEEDS_NATIVE_REVIEW
RS122,P534,loc_id_P534,de_DE,Automated Voice,A piece of fragmented plating ...,2.2,High,Low,Standard,NEEDS_NATIVE_REVIEW
RS122,P534,loc_id_P534,es_ES,Automated Voice,A piece of fragmented plating ...,3.6,High,Low,Standard,NEEDS_NATIVE_REVIEW
RS122,P534,loc_id_P534,fr_FR,Automated Voice,A piece of fragmented plating ...,4.0,High,Low,Standard,NEEDS_NATIVE_REVIEW
RS122,P534,loc_id_P534,he_IL,Automated Voice,A piece of fragmented plating ...,6.3,High,Low,Standard,NEEDS_NATIVE_REVIEW
RS122,P534,loc_id_P534,id_ID,Automated Voice,A piece of fragmented plating ...,7.1,High,Low,Standard,NEEDS_NATIVE_REVIEW
RS122,P534,loc_id_P534,ja_JP,Automated Voice,A piece of fragmented plating ...,6.0,High,Low,Standard,NEEDS_NATIVE_REVIEW
RS122,P534,loc_id_P534,ko_KR,Automated Voice,A piece of fragmented plating ...,4.0,High,Low,Standard,NEEDS_NATIVE_REVIEW
RS122,P534,loc_id_P534,nl_NL,Automated Voice,A piece of fragmented plating ...,7.0,High,Low,Standard,NEEDS_NATIVE_REVIEW
RS122,P534,loc_id_P534,pl_PL,Automated Voice,A piece of fragmented plating ...,7.0,High,Low,Standard,NEEDS_NATIVE_REVIEW
RS122,P534,loc_id_P534,pt_BR,Automated Voice,A piece of fragmented plating ...,2.3,High,Low,Standard,NEEDS_NATIVE_REVIEW
RS122,P534,loc_id_P534,ru_RU,Automated Voice,A piece of fragmented plating ...,3.2,High,Low,Standard,NEEDS_NATIVE_REVIEW
RS122,P534,loc_id_P534,uk_UA,Automated Voice,A piece of fragmented plating ...,5.6,High,Low,Standard,NEEDS_NATIVE_REVIEW
RS122,P534,loc_id_P534,zh_CN,Automated Voice,A piece of fragmented plating ...,4.0,High,Low,Standard,NEEDS_NATIVE_REVIEW
RS122,P535,loc_id_P535,en_US,Automated Voice,won't hold another cycle and w...,4.2,High,Low,Standard,NEEDS_NATIVE_REVIEW
RS122,P535,loc_id_P535,ar_SA,Automated Voice,won't hold another cycle and w...,4.6,High,Low,Standard,NEEDS_NATIVE_REVIEW
RS122,P535,loc_id_P535,de_DE,Automated Voice,won't hold another cycle and w...,5.6,High,Low,Standard,NEEDS_NATIVE_REVIEW
RS122,P535,loc_id_P535,es_ES,Automated Voice,won't hold another cycle and w...,3.6,High,Low,Standard,NEEDS_NATIVE_REVIEW
RS122,P535,loc_id_P535,fr_FR,Automated Voice,won't hold another cycle and w...,5.8,High,Low,Standard,NEEDS_NATIVE_REVIEW
RS122,P535,loc_id_P535,he_IL,Automated Voice,won't hold another cycle and w...,3.6,High,Low,Standard,NEEDS_NATIVE_REVIEW
RS122,P535,loc_id_P535,id_ID,Automated Voice,won't hold another cycle and w...,3.1,High,Low,Standard,NEEDS_NATIVE_REVIEW
RS122,P535,loc_id_P535,ja_JP,Automated Voice,won't hold another cycle and w...,4.3,High,Low,Standard,NEEDS_NATIVE_REVIEW
RS122,P535,loc_id_P535,ko_KR,Automated Voice,won't hold another cycle and w...,5.1,High,Low,Standard,NEEDS_NATIVE_REVIEW
RS122,P535,loc_id_P535,nl_NL,Automated Voice,won't hold another cycle and w...,4.0,High,Low,Standard,NEEDS_NATIVE_REVIEW
RS122,P535,loc_id_P535,pl_PL,Automated Voice,won't hold another cycle and w...,3.3,High,Low,Standard,NEEDS_NATIVE_REVIEW
RS122,P535,loc_id_P535,pt_BR,Automated Voice,won't hold another cycle and w...,2.6,High,Low,Standard,NEEDS_NATIVE_REVIEW
RS122,P535,loc_id_P535,ru_RU,Automated Voice,won't hold another cycle and w...,4.4,High,Low,Standard,NEEDS_NATIVE_REVIEW
RS122,P535,loc_id_P535,uk_UA,Automated Voice,won't hold another cycle and w...,2.1,High,Low,Standard,NEEDS_NATIVE_REVIEW
RS122,P535,loc_id_P535,zh_CN,Automated Voice,won't hold another cycle and w...,7.3,High,Low,Standard,NEEDS_NATIVE_REVIEW
RS122,P536,loc_id_P536,en_US,Automated Voice,primary seal was abandoned in ...,2.1,High,Low,Standard,NEEDS_NATIVE_REVIEW
RS122,P536,loc_id_P536,ar_SA,Automated Voice,primary seal was abandoned in ...,5.9,High,Low,Standard,NEEDS_NATIVE_REVIEW
RS122,P536,loc_id_P536,de_DE,Automated Voice,primary seal was abandoned in ...,5.0,High,Low,Standard,NEEDS_NATIVE_REVIEW
RS122,P536,loc_id_P536,es_ES,Automated Voice,primary seal was abandoned in ...,4.8,High,Low,Standard,NEEDS_NATIVE_REVIEW
RS122,P536,loc_id_P536,fr_FR,Automated Voice,primary seal was abandoned in ...,4.5,High,Low,Standard,NEEDS_NATIVE_REVIEW
RS122,P536,loc_id_P536,he_IL,Automated Voice,primary seal was abandoned in ...,6.3,High,Low,Standard,NEEDS_NATIVE_REVIEW
RS122,P536,loc_id_P536,id_ID,Automated Voice,primary seal was abandoned in ...,6.8,High,Low,Standard,NEEDS_NATIVE_REVIEW
RS122,P536,loc_id_P536,ja_JP,Automated Voice,primary seal was abandoned in ...,1.8,High,Low,Standard,NEEDS_NATIVE_REVIEW
RS122,P536,loc_id_P536,ko_KR,Automated Voice,primary seal was abandoned in ...,5.0,High,Low,Standard,NEEDS_NATIVE_REVIEW
RS122,P536,loc_id_P536,nl_NL,Automated Voice,primary seal was abandoned in ...,4.5,High,Low,Standard,NEEDS_NATIVE_REVIEW
RS122,P536,loc_id_P536,pl_PL,Automated Voice,primary seal was abandoned in ...,6.4,High,Low,Standard,NEEDS_NATIVE_REVIEW
RS122,P536,loc_id_P536,pt_BR,Automated Voice,primary seal was abandoned in ...,2.1,High,Low,Standard,NEEDS_NATIVE_REVIEW
RS122,P536,loc_id_P536,ru_RU,Automated Voice,primary seal was abandoned in ...,4.8,High,Low,Standard,NEEDS_NATIVE_REVIEW
RS122,P536,loc_id_P536,uk_UA,Automated Voice,primary seal was abandoned in ...,5.1,High,Low,Standard,NEEDS_NATIVE_REVIEW
RS122,P536,loc_id_P536,zh_CN,Automated Voice,primary seal was abandoned in ...,2.4,High,Low,Standard,NEEDS_NATIVE_REVIEW
RS122,P537,loc_id_P537,en_US,Automated Voice,operational limits despite sta...,5.5,High,Low,Standard,NEEDS_NATIVE_REVIEW
RS122,P537,loc_id_P537,ar_SA,Automated Voice,operational limits despite sta...,5.1,High,Low,Standard,NEEDS_NATIVE_REVIEW
RS122,P537,loc_id_P537,de_DE,Automated Voice,operational limits despite sta...,2.2,High,Low,Standard,NEEDS_NATIVE_REVIEW
RS122,P537,loc_id_P537,es_ES,Automated Voice,operational limits despite sta...,6.4,High,Low,Standard,NEEDS_NATIVE_REVIEW
RS122,P537,loc_id_P537,fr_FR,Automated Voice,operational limits despite sta...,2.0,High,Low,Standard,NEEDS_NATIVE_REVIEW
RS122,P537,loc_id_P537,he_IL,Automated Voice,operational limits despite sta...,2.6,High,Low,Standard,NEEDS_NATIVE_REVIEW
RS122,P537,loc_id_P537,id_ID,Automated Voice,operational limits despite sta...,5.8,High,Low,Standard,NEEDS_NATIVE_REVIEW
RS122,P537,loc_id_P537,ja_JP,Automated Voice,operational limits despite sta...,1.8,High,Low,Standard,NEEDS_NATIVE_REVIEW
RS122,P537,loc_id_P537,ko_KR,Automated Voice,operational limits despite sta...,4.3,High,Low,Standard,NEEDS_NATIVE_REVIEW
RS122,P537,loc_id_P537,nl_NL,Automated Voice,operational limits despite sta...,6.2,High,Low,Standard,NEEDS_NATIVE_REVIEW
RS122,P537,loc_id_P537,pl_PL,Automated Voice,operational limits despite sta...,4.6,High,Low,Standard,NEEDS_NATIVE_REVIEW
RS122,P537,loc_id_P537,pt_BR,Automated Voice,operational limits despite sta...,4.2,High,Low,Standard,NEEDS_NATIVE_REVIEW
RS122,P537,loc_id_P537,ru_RU,Automated Voice,operational limits despite sta...,6.3,High,Low,Standard,NEEDS_NATIVE_REVIEW
RS122,P537,loc_id_P537,uk_UA,Automated Voice,operational limits despite sta...,7.0,High,Low,Standard,NEEDS_NATIVE_REVIEW
RS122,P537,loc_id_P537,zh_CN,Automated Voice,operational limits despite sta...,2.2,High,Low,Standard,NEEDS_NATIVE_REVIEW
RS122,P538,loc_id_P538,en_US,Automated Voice,means we're on borrowed time. ...,4.6,High,Low,Standard,NEEDS_NATIVE_REVIEW
RS122,P538,loc_id_P538,ar_SA,Automated Voice,means we're on borrowed time. ...,7.1,High,Low,Standard,NEEDS_NATIVE_REVIEW
RS122,P538,loc_id_P538,de_DE,Automated Voice,means we're on borrowed time. ...,4.1,High,Low,Standard,NEEDS_NATIVE_REVIEW
RS122,P538,loc_id_P538,es_ES,Automated Voice,means we're on borrowed time. ...,7.3,High,Low,Standard,NEEDS_NATIVE_REVIEW
RS122,P538,loc_id_P538,fr_FR,Automated Voice,means we're on borrowed time. ...,2.4,High,Low,Standard,NEEDS_NATIVE_REVIEW
RS122,P538,loc_id_P538,he_IL,Automated Voice,means we're on borrowed time. ...,4.4,High,Low,Standard,NEEDS_NATIVE_REVIEW
RS122,P538,loc_id_P538,id_ID,Automated Voice,means we're on borrowed time. ...,5.7,High,Low,Standard,NEEDS_NATIVE_REVIEW
RS122,P538,loc_id_P538,ja_JP,Automated Voice,means we're on borrowed time. ...,3.0,High,Low,Standard,NEEDS_NATIVE_REVIEW
RS122,P538,loc_id_P538,ko_KR,Automated Voice,means we're on borrowed time. ...,6.7,High,Low,Standard,NEEDS_NATIVE_REVIEW
RS122,P538,loc_id_P538,nl_NL,Automated Voice,means we're on borrowed time. ...,7.0,High,Low,Standard,NEEDS_NATIVE_REVIEW
RS122,P538,loc_id_P538,pl_PL,Automated Voice,means we're on borrowed time. ...,2.0,High,Low,Standard,NEEDS_NATIVE_REVIEW
RS122,P538,loc_id_P538,pt_BR,Automated Voice,means we're on borrowed time. ...,6.4,High,Low,Standard,NEEDS_NATIVE_REVIEW
RS122,P538,loc_id_P538,ru_RU,Automated Voice,means we're on borrowed time. ...,2.0,High,Low,Standard,NEEDS_NATIVE_REVIEW
RS122,P538,loc_id_P538,uk_UA,Automated Voice,means we're on borrowed time. ...,2.7,High,Low,Standard,NEEDS_NATIVE_REVIEW
RS122,P538,loc_id_P538,zh_CN,Automated Voice,means we're on borrowed time. ...,4.5,High,Low,Standard,NEEDS_NATIVE_REVIEW
RS122,P539,loc_id_P539,en_US,Automated Voice,bulkhead needs a hard kick to ...,6.1,High,Low,Standard,NEEDS_NATIVE_REVIEW
RS122,P539,loc_id_P539,ar_SA,Automated Voice,bulkhead needs a hard kick to ...,2.6,High,Low,Standard,NEEDS_NATIVE_REVIEW
RS122,P539,loc_id_P539,de_DE,Automated Voice,bulkhead needs a hard kick to ...,4.4,High,Low,Standard,NEEDS_NATIVE_REVIEW
RS122,P539,loc_id_P539,es_ES,Automated Voice,bulkhead needs a hard kick to ...,6.2,High,Low,Standard,NEEDS_NATIVE_REVIEW
RS122,P539,loc_id_P539,fr_FR,Automated Voice,bulkhead needs a hard kick to ...,2.0,High,Low,Standard,NEEDS_NATIVE_REVIEW
RS122,P539,loc_id_P539,he_IL,Automated Voice,bulkhead needs a hard kick to ...,4.0,High,Low,Standard,NEEDS_NATIVE_REVIEW
RS122,P539,loc_id_P539,id_ID,Automated Voice,bulkhead needs a hard kick to ...,4.9,High,Low,Standard,NEEDS_NATIVE_REVIEW
RS122,P539,loc_id_P539,ja_JP,Automated Voice,bulkhead needs a hard kick to ...,2.1,High,Low,Standard,NEEDS_NATIVE_REVIEW
RS122,P539,loc_id_P539,ko_KR,Automated Voice,bulkhead needs a hard kick to ...,2.4,High,Low,Standard,NEEDS_NATIVE_REVIEW
RS122,P539,loc_id_P539,nl_NL,Automated Voice,bulkhead needs a hard kick to ...,5.5,High,Low,Standard,NEEDS_NATIVE_REVIEW
RS122,P539,loc_id_P539,pl_PL,Automated Voice,bulkhead needs a hard kick to ...,4.7,High,Low,Standard,NEEDS_NATIVE_REVIEW
RS122,P539,loc_id_P539,pt_BR,Automated Voice,bulkhead needs a hard kick to ...,2.1,High,Low,Standard,NEEDS_NATIVE_REVIEW
RS122,P539,loc_id_P539,ru_RU,Automated Voice,bulkhead needs a hard kick to ...,2.5,High,Low,Standard,NEEDS_NATIVE_REVIEW
RS122,P539,loc_id_P539,uk_UA,Automated Voice,bulkhead needs a hard kick to ...,5.5,High,Low,Standard,NEEDS_NATIVE_REVIEW
RS122,P539,loc_id_P539,zh_CN,Automated Voice,bulkhead needs a hard kick to ...,2.7,High,Low,Standard,NEEDS_NATIVE_REVIEW
RS123,P540,loc_id_P540,en_US,Automated Voice,A piece of fragmented plating ...,4.1,High,Low,Standard,NEEDS_NATIVE_REVIEW
RS123,P540,loc_id_P540,ar_SA,Automated Voice,A piece of fragmented plating ...,6.3,High,Low,Standard,NEEDS_NATIVE_REVIEW
RS123,P540,loc_id_P540,de_DE,Automated Voice,A piece of fragmented plating ...,4.3,High,Low,Standard,NEEDS_NATIVE_REVIEW
RS123,P540,loc_id_P540,es_ES,Automated Voice,A piece of fragmented plating ...,6.8,High,Low,Standard,NEEDS_NATIVE_REVIEW
RS123,P540,loc_id_P540,fr_FR,Automated Voice,A piece of fragmented plating ...,4.2,High,Low,Standard,NEEDS_NATIVE_REVIEW
RS123,P540,loc_id_P540,he_IL,Automated Voice,A piece of fragmented plating ...,4.8,High,Low,Standard,NEEDS_NATIVE_REVIEW
RS123,P540,loc_id_P540,id_ID,Automated Voice,A piece of fragmented plating ...,5.4,High,Low,Standard,NEEDS_NATIVE_REVIEW
RS123,P540,loc_id_P540,ja_JP,Automated Voice,A piece of fragmented plating ...,6.7,High,Low,Standard,NEEDS_NATIVE_REVIEW
RS123,P540,loc_id_P540,ko_KR,Automated Voice,A piece of fragmented plating ...,4.0,High,Low,Standard,NEEDS_NATIVE_REVIEW
RS123,P540,loc_id_P540,nl_NL,Automated Voice,A piece of fragmented plating ...,6.2,High,Low,Standard,NEEDS_NATIVE_REVIEW
RS123,P540,loc_id_P540,pl_PL,Automated Voice,A piece of fragmented plating ...,6.0,High,Low,Standard,NEEDS_NATIVE_REVIEW
RS123,P540,loc_id_P540,pt_BR,Automated Voice,A piece of fragmented plating ...,2.2,High,Low,Standard,NEEDS_NATIVE_REVIEW
RS123,P540,loc_id_P540,ru_RU,Automated Voice,A piece of fragmented plating ...,2.7,High,Low,Standard,NEEDS_NATIVE_REVIEW
RS123,P540,loc_id_P540,uk_UA,Automated Voice,A piece of fragmented plating ...,3.2,High,Low,Standard,NEEDS_NATIVE_REVIEW
RS123,P540,loc_id_P540,zh_CN,Automated Voice,A piece of fragmented plating ...,4.9,High,Low,Standard,NEEDS_NATIVE_REVIEW
RS123,P541,loc_id_P541,en_US,Automated Voice,corporate officially denied. T...,2.5,High,Low,Standard,NEEDS_NATIVE_REVIEW
RS123,P541,loc_id_P541,ar_SA,Automated Voice,corporate officially denied. T...,6.2,High,Low,Standard,NEEDS_NATIVE_REVIEW
RS123,P541,loc_id_P541,de_DE,Automated Voice,corporate officially denied. T...,2.9,High,Low,Standard,NEEDS_NATIVE_REVIEW
RS123,P541,loc_id_P541,es_ES,Automated Voice,corporate officially denied. T...,6.5,High,Low,Standard,NEEDS_NATIVE_REVIEW
RS123,P541,loc_id_P541,fr_FR,Automated Voice,corporate officially denied. T...,2.9,High,Low,Standard,NEEDS_NATIVE_REVIEW
RS123,P541,loc_id_P541,he_IL,Automated Voice,corporate officially denied. T...,3.4,High,Low,Standard,NEEDS_NATIVE_REVIEW
RS123,P541,loc_id_P541,id_ID,Automated Voice,corporate officially denied. T...,2.3,High,Low,Standard,NEEDS_NATIVE_REVIEW
RS123,P541,loc_id_P541,ja_JP,Automated Voice,corporate officially denied. T...,3.3,High,Low,Standard,NEEDS_NATIVE_REVIEW
RS123,P541,loc_id_P541,ko_KR,Automated Voice,corporate officially denied. T...,3.8,High,Low,Standard,NEEDS_NATIVE_REVIEW
RS123,P541,loc_id_P541,nl_NL,Automated Voice,corporate officially denied. T...,7.5,High,Low,Standard,NEEDS_NATIVE_REVIEW
RS123,P541,loc_id_P541,pl_PL,Automated Voice,corporate officially denied. T...,3.2,High,Low,Standard,NEEDS_NATIVE_REVIEW
RS123,P541,loc_id_P541,pt_BR,Automated Voice,corporate officially denied. T...,2.7,High,Low,Standard,NEEDS_NATIVE_REVIEW
RS123,P541,loc_id_P541,ru_RU,Automated Voice,corporate officially denied. T...,2.3,High,Low,Standard,NEEDS_NATIVE_REVIEW
RS123,P541,loc_id_P541,uk_UA,Automated Voice,corporate officially denied. T...,3.7,High,Low,Standard,NEEDS_NATIVE_REVIEW
RS123,P541,loc_id_P541,zh_CN,Automated Voice,corporate officially denied. T...,3.9,High,Low,Standard,NEEDS_NATIVE_REVIEW
RS123,P542,loc_id_P542,en_US,Automated Voice,gauge is completely blind out ...,4.7,High,Low,Standard,NEEDS_NATIVE_REVIEW
RS123,P542,loc_id_P542,ar_SA,Automated Voice,gauge is completely blind out ...,3.2,High,Low,Standard,NEEDS_NATIVE_REVIEW
RS123,P542,loc_id_P542,de_DE,Automated Voice,gauge is completely blind out ...,5.8,High,Low,Standard,NEEDS_NATIVE_REVIEW
RS123,P542,loc_id_P542,es_ES,Automated Voice,gauge is completely blind out ...,5.4,High,Low,Standard,NEEDS_NATIVE_REVIEW
RS123,P542,loc_id_P542,fr_FR,Automated Voice,gauge is completely blind out ...,4.3,High,Low,Standard,NEEDS_NATIVE_REVIEW
RS123,P542,loc_id_P542,he_IL,Automated Voice,gauge is completely blind out ...,3.0,High,Low,Standard,NEEDS_NATIVE_REVIEW
RS123,P542,loc_id_P542,id_ID,Automated Voice,gauge is completely blind out ...,2.3,High,Low,Standard,NEEDS_NATIVE_REVIEW
RS123,P542,loc_id_P542,ja_JP,Automated Voice,gauge is completely blind out ...,5.6,High,Low,Standard,NEEDS_NATIVE_REVIEW
RS123,P542,loc_id_P542,ko_KR,Automated Voice,gauge is completely blind out ...,7.1,High,Low,Standard,NEEDS_NATIVE_REVIEW
RS123,P542,loc_id_P542,nl_NL,Automated Voice,gauge is completely blind out ...,2.9,High,Low,Standard,NEEDS_NATIVE_REVIEW
RS123,P542,loc_id_P542,pl_PL,Automated Voice,gauge is completely blind out ...,4.8,High,Low,Standard,NEEDS_NATIVE_REVIEW
RS123,P542,loc_id_P542,pt_BR,Automated Voice,gauge is completely blind out ...,6.9,High,Low,Standard,NEEDS_NATIVE_REVIEW
RS123,P542,loc_id_P542,ru_RU,Automated Voice,gauge is completely blind out ...,4.0,High,Low,Standard,NEEDS_NATIVE_REVIEW
RS123,P542,loc_id_P542,uk_UA,Automated Voice,gauge is completely blind out ...,2.2,High,Low,Standard,NEEDS_NATIVE_REVIEW
RS123,P542,loc_id_P542,zh_CN,Automated Voice,gauge is completely blind out ...,2.7,High,Low,Standard,NEEDS_NATIVE_REVIEW
RS123,P543,loc_id_P543,en_US,Automated Voice,The main hatch is already buck...,5.5,High,Low,Standard,NEEDS_NATIVE_REVIEW
RS123,P543,loc_id_P543,ar_SA,Automated Voice,The main hatch is already buck...,3.3,High,Low,Standard,NEEDS_NATIVE_REVIEW
RS123,P543,loc_id_P543,de_DE,Automated Voice,The main hatch is already buck...,2.0,High,Low,Standard,NEEDS_NATIVE_REVIEW
RS123,P543,loc_id_P543,es_ES,Automated Voice,The main hatch is already buck...,5.5,High,Low,Standard,NEEDS_NATIVE_REVIEW
RS123,P543,loc_id_P543,fr_FR,Automated Voice,The main hatch is already buck...,6.2,High,Low,Standard,NEEDS_NATIVE_REVIEW
RS123,P543,loc_id_P543,he_IL,Automated Voice,The main hatch is already buck...,4.8,High,Low,Standard,NEEDS_NATIVE_REVIEW
RS123,P543,loc_id_P543,id_ID,Automated Voice,The main hatch is already buck...,4.8,High,Low,Standard,NEEDS_NATIVE_REVIEW
RS123,P543,loc_id_P543,ja_JP,Automated Voice,The main hatch is already buck...,5.4,High,Low,Standard,NEEDS_NATIVE_REVIEW
RS123,P543,loc_id_P543,ko_KR,Automated Voice,The main hatch is already buck...,7.4,High,Low,Standard,NEEDS_NATIVE_REVIEW
RS123,P543,loc_id_P543,nl_NL,Automated Voice,The main hatch is already buck...,4.6,High,Low,Standard,NEEDS_NATIVE_REVIEW
RS123,P543,loc_id_P543,pl_PL,Automated Voice,The main hatch is already buck...,2.5,High,Low,Standard,NEEDS_NATIVE_REVIEW
RS123,P543,loc_id_P543,pt_BR,Automated Voice,The main hatch is already buck...,3.0,High,Low,Standard,NEEDS_NATIVE_REVIEW
RS123,P543,loc_id_P543,ru_RU,Automated Voice,The main hatch is already buck...,4.8,High,Low,Standard,NEEDS_NATIVE_REVIEW
RS123,P543,loc_id_P543,uk_UA,Automated Voice,The main hatch is already buck...,4.9,High,Low,Standard,NEEDS_NATIVE_REVIEW
RS123,P543,loc_id_P543,zh_CN,Automated Voice,The main hatch is already buck...,5.6,High,Low,Standard,NEEDS_NATIVE_REVIEW
RS123,P544,loc_id_P544,en_US,Automated Voice,won't hold another cycle so do...,7.3,High,Low,Standard,NEEDS_NATIVE_REVIEW
RS123,P544,loc_id_P544,ar_SA,Automated Voice,won't hold another cycle so do...,5.7,High,Low,Standard,NEEDS_NATIVE_REVIEW
RS123,P544,loc_id_P544,de_DE,Automated Voice,won't hold another cycle so do...,4.1,High,Low,Standard,NEEDS_NATIVE_REVIEW
RS123,P544,loc_id_P544,es_ES,Automated Voice,won't hold another cycle so do...,3.9,High,Low,Standard,NEEDS_NATIVE_REVIEW
RS123,P544,loc_id_P544,fr_FR,Automated Voice,won't hold another cycle so do...,5.0,High,Low,Standard,NEEDS_NATIVE_REVIEW
RS123,P544,loc_id_P544,he_IL,Automated Voice,won't hold another cycle so do...,4.9,High,Low,Standard,NEEDS_NATIVE_REVIEW
RS123,P544,loc_id_P544,id_ID,Automated Voice,won't hold another cycle so do...,3.1,High,Low,Standard,NEEDS_NATIVE_REVIEW
RS123,P544,loc_id_P544,ja_JP,Automated Voice,won't hold another cycle so do...,7.1,High,Low,Standard,NEEDS_NATIVE_REVIEW
RS123,P544,loc_id_P544,ko_KR,Automated Voice,won't hold another cycle so do...,3.9,High,Low,Standard,NEEDS_NATIVE_REVIEW
RS123,P544,loc_id_P544,nl_NL,Automated Voice,won't hold another cycle so do...,3.8,High,Low,Standard,NEEDS_NATIVE_REVIEW
RS123,P544,loc_id_P544,pl_PL,Automated Voice,won't hold another cycle so do...,1.8,High,Low,Standard,NEEDS_NATIVE_REVIEW
RS123,P544,loc_id_P544,pt_BR,Automated Voice,won't hold another cycle so do...,1.8,High,Low,Standard,NEEDS_NATIVE_REVIEW
RS123,P544,loc_id_P544,ru_RU,Automated Voice,won't hold another cycle so do...,6.7,High,Low,Standard,NEEDS_NATIVE_REVIEW
RS123,P544,loc_id_P544,uk_UA,Automated Voice,won't hold another cycle so do...,1.9,High,Low,Standard,NEEDS_NATIVE_REVIEW
RS123,P544,loc_id_P544,zh_CN,Automated Voice,won't hold another cycle so do...,4.1,High,Low,Standard,NEEDS_NATIVE_REVIEW
RS123,P545,loc_id_P545,en_US,Automated Voice,forcing a blind descent. The s...,4.3,High,Low,Standard,NEEDS_NATIVE_REVIEW
RS123,P545,loc_id_P545,ar_SA,Automated Voice,forcing a blind descent. The s...,6.8,High,Low,Standard,NEEDS_NATIVE_REVIEW
RS123,P545,loc_id_P545,de_DE,Automated Voice,forcing a blind descent. The s...,3.6,High,Low,Standard,NEEDS_NATIVE_REVIEW
RS123,P545,loc_id_P545,es_ES,Automated Voice,forcing a blind descent. The s...,6.8,High,Low,Standard,NEEDS_NATIVE_REVIEW
RS123,P545,loc_id_P545,fr_FR,Automated Voice,forcing a blind descent. The s...,3.4,High,Low,Standard,NEEDS_NATIVE_REVIEW
RS123,P545,loc_id_P545,he_IL,Automated Voice,forcing a blind descent. The s...,2.7,High,Low,Standard,NEEDS_NATIVE_REVIEW
RS123,P545,loc_id_P545,id_ID,Automated Voice,forcing a blind descent. The s...,2.5,High,Low,Standard,NEEDS_NATIVE_REVIEW
RS123,P545,loc_id_P545,ja_JP,Automated Voice,forcing a blind descent. The s...,3.5,High,Low,Standard,NEEDS_NATIVE_REVIEW
RS123,P545,loc_id_P545,ko_KR,Automated Voice,forcing a blind descent. The s...,5.3,High,Low,Standard,NEEDS_NATIVE_REVIEW
RS123,P545,loc_id_P545,nl_NL,Automated Voice,forcing a blind descent. The s...,2.3,High,Low,Standard,NEEDS_NATIVE_REVIEW
RS123,P545,loc_id_P545,pl_PL,Automated Voice,forcing a blind descent. The s...,2.8,High,Low,Standard,NEEDS_NATIVE_REVIEW
RS123,P545,loc_id_P545,pt_BR,Automated Voice,forcing a blind descent. The s...,6.0,High,Low,Standard,NEEDS_NATIVE_REVIEW
RS123,P545,loc_id_P545,ru_RU,Automated Voice,forcing a blind descent. The s...,5.2,High,Low,Standard,NEEDS_NATIVE_REVIEW
RS123,P545,loc_id_P545,uk_UA,Automated Voice,forcing a blind descent. The s...,7.5,High,Low,Standard,NEEDS_NATIVE_REVIEW
RS123,P545,loc_id_P545,zh_CN,Automated Voice,forcing a blind descent. The s...,6.0,High,Low,Standard,NEEDS_NATIVE_REVIEW
RS123,P546,loc_id_P546,en_US,Automated Voice,primary seal ruptured abruptly...,2.4,High,Low,Standard,NEEDS_NATIVE_REVIEW
RS123,P546,loc_id_P546,ar_SA,Automated Voice,primary seal ruptured abruptly...,6.3,High,Low,Standard,NEEDS_NATIVE_REVIEW
RS123,P546,loc_id_P546,de_DE,Automated Voice,primary seal ruptured abruptly...,3.0,High,Low,Standard,NEEDS_NATIVE_REVIEW
RS123,P546,loc_id_P546,es_ES,Automated Voice,primary seal ruptured abruptly...,2.9,High,Low,Standard,NEEDS_NATIVE_REVIEW
RS123,P546,loc_id_P546,fr_FR,Automated Voice,primary seal ruptured abruptly...,5.0,High,Low,Standard,NEEDS_NATIVE_REVIEW
RS123,P546,loc_id_P546,he_IL,Automated Voice,primary seal ruptured abruptly...,2.1,High,Low,Standard,NEEDS_NATIVE_REVIEW
RS123,P546,loc_id_P546,id_ID,Automated Voice,primary seal ruptured abruptly...,4.2,High,Low,Standard,NEEDS_NATIVE_REVIEW
RS123,P546,loc_id_P546,ja_JP,Automated Voice,primary seal ruptured abruptly...,5.9,High,Low,Standard,NEEDS_NATIVE_REVIEW
RS123,P546,loc_id_P546,ko_KR,Automated Voice,primary seal ruptured abruptly...,4.4,High,Low,Standard,NEEDS_NATIVE_REVIEW
RS123,P546,loc_id_P546,nl_NL,Automated Voice,primary seal ruptured abruptly...,5.1,High,Low,Standard,NEEDS_NATIVE_REVIEW
RS123,P546,loc_id_P546,pl_PL,Automated Voice,primary seal ruptured abruptly...,5.2,High,Low,Standard,NEEDS_NATIVE_REVIEW
RS123,P546,loc_id_P546,pt_BR,Automated Voice,primary seal ruptured abruptly...,4.9,High,Low,Standard,NEEDS_NATIVE_REVIEW
RS123,P546,loc_id_P546,ru_RU,Automated Voice,primary seal ruptured abruptly...,1.9,High,Low,Standard,NEEDS_NATIVE_REVIEW
RS123,P546,loc_id_P546,uk_UA,Automated Voice,primary seal ruptured abruptly...,4.0,High,Low,Standard,NEEDS_NATIVE_REVIEW
RS123,P546,loc_id_P546,zh_CN,Automated Voice,primary seal ruptured abruptly...,2.0,High,Low,Standard,NEEDS_NATIVE_REVIEW
RS123,P547,loc_id_P547,en_US,Automated Voice,panel won't hold another cycle...,6.2,High,Low,Standard,NEEDS_NATIVE_REVIEW
RS123,P547,loc_id_P547,ar_SA,Automated Voice,panel won't hold another cycle...,2.5,High,Low,Standard,NEEDS_NATIVE_REVIEW
RS123,P547,loc_id_P547,de_DE,Automated Voice,panel won't hold another cycle...,3.5,High,Low,Standard,NEEDS_NATIVE_REVIEW
RS123,P547,loc_id_P547,es_ES,Automated Voice,panel won't hold another cycle...,7.4,High,Low,Standard,NEEDS_NATIVE_REVIEW
RS123,P547,loc_id_P547,fr_FR,Automated Voice,panel won't hold another cycle...,2.7,High,Low,Standard,NEEDS_NATIVE_REVIEW
RS123,P547,loc_id_P547,he_IL,Automated Voice,panel won't hold another cycle...,7.0,High,Low,Standard,NEEDS_NATIVE_REVIEW
RS123,P547,loc_id_P547,id_ID,Automated Voice,panel won't hold another cycle...,5.0,High,Low,Standard,NEEDS_NATIVE_REVIEW
RS123,P547,loc_id_P547,ja_JP,Automated Voice,panel won't hold another cycle...,3.5,High,Low,Standard,NEEDS_NATIVE_REVIEW
RS123,P547,loc_id_P547,ko_KR,Automated Voice,panel won't hold another cycle...,7.5,High,Low,Standard,NEEDS_NATIVE_REVIEW
RS123,P547,loc_id_P547,nl_NL,Automated Voice,panel won't hold another cycle...,7.3,High,Low,Standard,NEEDS_NATIVE_REVIEW
RS123,P547,loc_id_P547,pl_PL,Automated Voice,panel won't hold another cycle...,6.8,High,Low,Standard,NEEDS_NATIVE_REVIEW
RS123,P547,loc_id_P547,pt_BR,Automated Voice,panel won't hold another cycle...,6.4,High,Low,Standard,NEEDS_NATIVE_REVIEW
RS123,P547,loc_id_P547,ru_RU,Automated Voice,panel won't hold another cycle...,5.2,High,Low,Standard,NEEDS_NATIVE_REVIEW
RS123,P547,loc_id_P547,uk_UA,Automated Voice,panel won't hold another cycle...,3.0,High,Low,Standard,NEEDS_NATIVE_REVIEW
RS123,P547,loc_id_P547,zh_CN,Automated Voice,panel won't hold another cycle...,6.3,High,Low,Standard,NEEDS_NATIVE_REVIEW
RS123,P548,loc_id_P548,en_US,Automated Voice,sounds like it's chewing grave...,1.9,High,Low,Standard,NEEDS_NATIVE_REVIEW
RS123,P548,loc_id_P548,ar_SA,Automated Voice,sounds like it's chewing grave...,6.2,High,Low,Standard,NEEDS_NATIVE_REVIEW
RS123,P548,loc_id_P548,de_DE,Automated Voice,sounds like it's chewing grave...,3.9,High,Low,Standard,NEEDS_NATIVE_REVIEW
RS123,P548,loc_id_P548,es_ES,Automated Voice,sounds like it's chewing grave...,2.4,High,Low,Standard,NEEDS_NATIVE_REVIEW
RS123,P548,loc_id_P548,fr_FR,Automated Voice,sounds like it's chewing grave...,2.8,High,Low,Standard,NEEDS_NATIVE_REVIEW
RS123,P548,loc_id_P548,he_IL,Automated Voice,sounds like it's chewing grave...,6.7,High,Low,Standard,NEEDS_NATIVE_REVIEW
RS123,P548,loc_id_P548,id_ID,Automated Voice,sounds like it's chewing grave...,3.5,High,Low,Standard,NEEDS_NATIVE_REVIEW
RS123,P548,loc_id_P548,ja_JP,Automated Voice,sounds like it's chewing grave...,6.8,High,Low,Standard,NEEDS_NATIVE_REVIEW
RS123,P548,loc_id_P548,ko_KR,Automated Voice,sounds like it's chewing grave...,4.5,High,Low,Standard,NEEDS_NATIVE_REVIEW
RS123,P548,loc_id_P548,nl_NL,Automated Voice,sounds like it's chewing grave...,4.7,High,Low,Standard,NEEDS_NATIVE_REVIEW
RS123,P548,loc_id_P548,pl_PL,Automated Voice,sounds like it's chewing grave...,3.7,High,Low,Standard,NEEDS_NATIVE_REVIEW
RS123,P548,loc_id_P548,pt_BR,Automated Voice,sounds like it's chewing grave...,4.3,High,Low,Standard,NEEDS_NATIVE_REVIEW
RS123,P548,loc_id_P548,ru_RU,Automated Voice,sounds like it's chewing grave...,4.6,High,Low,Standard,NEEDS_NATIVE_REVIEW
RS123,P548,loc_id_P548,uk_UA,Automated Voice,sounds like it's chewing grave...,4.8,High,Low,Standard,NEEDS_NATIVE_REVIEW
RS123,P548,loc_id_P548,zh_CN,Automated Voice,sounds like it's chewing grave...,7.0,High,Low,Standard,NEEDS_NATIVE_REVIEW
RS123,P549,loc_id_P549,en_US,Automated Voice,leaked dense brine invalidatin...,1.8,High,Low,Standard,NEEDS_NATIVE_REVIEW
RS123,P549,loc_id_P549,ar_SA,Automated Voice,leaked dense brine invalidatin...,4.8,High,Low,Standard,NEEDS_NATIVE_REVIEW
RS123,P549,loc_id_P549,de_DE,Automated Voice,leaked dense brine invalidatin...,2.8,High,Low,Standard,NEEDS_NATIVE_REVIEW
RS123,P549,loc_id_P549,es_ES,Automated Voice,leaked dense brine invalidatin...,4.7,High,Low,Standard,NEEDS_NATIVE_REVIEW
RS123,P549,loc_id_P549,fr_FR,Automated Voice,leaked dense brine invalidatin...,3.7,High,Low,Standard,NEEDS_NATIVE_REVIEW
RS123,P549,loc_id_P549,he_IL,Automated Voice,leaked dense brine invalidatin...,4.2,High,Low,Standard,NEEDS_NATIVE_REVIEW
RS123,P549,loc_id_P549,id_ID,Automated Voice,leaked dense brine invalidatin...,5.8,High,Low,Standard,NEEDS_NATIVE_REVIEW
RS123,P549,loc_id_P549,ja_JP,Automated Voice,leaked dense brine invalidatin...,5.2,High,Low,Standard,NEEDS_NATIVE_REVIEW
RS123,P549,loc_id_P549,ko_KR,Automated Voice,leaked dense brine invalidatin...,3.8,High,Low,Standard,NEEDS_NATIVE_REVIEW
RS123,P549,loc_id_P549,nl_NL,Automated Voice,leaked dense brine invalidatin...,4.6,High,Low,Standard,NEEDS_NATIVE_REVIEW
RS123,P549,loc_id_P549,pl_PL,Automated Voice,leaked dense brine invalidatin...,2.3,High,Low,Standard,NEEDS_NATIVE_REVIEW
RS123,P549,loc_id_P549,pt_BR,Automated Voice,leaked dense brine invalidatin...,5.4,High,Low,Standard,NEEDS_NATIVE_REVIEW
RS123,P549,loc_id_P549,ru_RU,Automated Voice,leaked dense brine invalidatin...,6.3,High,Low,Standard,NEEDS_NATIVE_REVIEW
RS123,P549,loc_id_P549,uk_UA,Automated Voice,leaked dense brine invalidatin...,5.9,High,Low,Standard,NEEDS_NATIVE_REVIEW
RS123,P549,loc_id_P549,zh_CN,Automated Voice,leaked dense brine invalidatin...,5.9,High,Low,Standard,NEEDS_NATIVE_REVIEW
RS124,P550,loc_id_P550,en_US,Automated Voice,primary seal ruptured abruptly...,3.6,High,Low,Standard,NEEDS_NATIVE_REVIEW
RS124,P550,loc_id_P550,ar_SA,Automated Voice,primary seal ruptured abruptly...,3.0,High,Low,Standard,NEEDS_NATIVE_REVIEW
RS124,P550,loc_id_P550,de_DE,Automated Voice,primary seal ruptured abruptly...,3.9,High,Low,Standard,NEEDS_NATIVE_REVIEW
RS124,P550,loc_id_P550,es_ES,Automated Voice,primary seal ruptured abruptly...,7.2,High,Low,Standard,NEEDS_NATIVE_REVIEW
RS124,P550,loc_id_P550,fr_FR,Automated Voice,primary seal ruptured abruptly...,2.9,High,Low,Standard,NEEDS_NATIVE_REVIEW
RS124,P550,loc_id_P550,he_IL,Automated Voice,primary seal ruptured abruptly...,6.1,High,Low,Standard,NEEDS_NATIVE_REVIEW
RS124,P550,loc_id_P550,id_ID,Automated Voice,primary seal ruptured abruptly...,5.9,High,Low,Standard,NEEDS_NATIVE_REVIEW
RS124,P550,loc_id_P550,ja_JP,Automated Voice,primary seal ruptured abruptly...,3.3,High,Low,Standard,NEEDS_NATIVE_REVIEW
RS124,P550,loc_id_P550,ko_KR,Automated Voice,primary seal ruptured abruptly...,1.9,High,Low,Standard,NEEDS_NATIVE_REVIEW
RS124,P550,loc_id_P550,nl_NL,Automated Voice,primary seal ruptured abruptly...,2.6,High,Low,Standard,NEEDS_NATIVE_REVIEW
RS124,P550,loc_id_P550,pl_PL,Automated Voice,primary seal ruptured abruptly...,6.7,High,Low,Standard,NEEDS_NATIVE_REVIEW
RS124,P550,loc_id_P550,pt_BR,Automated Voice,primary seal ruptured abruptly...,7.1,High,Low,Standard,NEEDS_NATIVE_REVIEW
RS124,P550,loc_id_P550,ru_RU,Automated Voice,primary seal ruptured abruptly...,4.9,High,Low,Standard,NEEDS_NATIVE_REVIEW
RS124,P550,loc_id_P550,uk_UA,Automated Voice,primary seal ruptured abruptly...,7.4,High,Low,Standard,NEEDS_NATIVE_REVIEW
RS124,P550,loc_id_P550,zh_CN,Automated Voice,primary seal ruptured abruptly...,7.1,High,Low,Standard,NEEDS_NATIVE_REVIEW
RS124,P551,loc_id_P551,en_US,Automated Voice,crew members their payout. The...,5.2,High,Low,Standard,NEEDS_NATIVE_REVIEW
RS124,P551,loc_id_P551,ar_SA,Automated Voice,crew members their payout. The...,5.4,High,Low,Standard,NEEDS_NATIVE_REVIEW
RS124,P551,loc_id_P551,de_DE,Automated Voice,crew members their payout. The...,2.2,High,Low,Standard,NEEDS_NATIVE_REVIEW
RS124,P551,loc_id_P551,es_ES,Automated Voice,crew members their payout. The...,2.5,High,Low,Standard,NEEDS_NATIVE_REVIEW
RS124,P551,loc_id_P551,fr_FR,Automated Voice,crew members their payout. The...,3.2,High,Low,Standard,NEEDS_NATIVE_REVIEW
RS124,P551,loc_id_P551,he_IL,Automated Voice,crew members their payout. The...,5.1,High,Low,Standard,NEEDS_NATIVE_REVIEW
RS124,P551,loc_id_P551,id_ID,Automated Voice,crew members their payout. The...,4.1,High,Low,Standard,NEEDS_NATIVE_REVIEW
RS124,P551,loc_id_P551,ja_JP,Automated Voice,crew members their payout. The...,7.2,High,Low,Standard,NEEDS_NATIVE_REVIEW
RS124,P551,loc_id_P551,ko_KR,Automated Voice,crew members their payout. The...,5.4,High,Low,Standard,NEEDS_NATIVE_REVIEW
RS124,P551,loc_id_P551,nl_NL,Automated Voice,crew members their payout. The...,5.8,High,Low,Standard,NEEDS_NATIVE_REVIEW
RS124,P551,loc_id_P551,pl_PL,Automated Voice,crew members their payout. The...,5.4,High,Low,Standard,NEEDS_NATIVE_REVIEW
RS124,P551,loc_id_P551,pt_BR,Automated Voice,crew members their payout. The...,3.7,High,Low,Standard,NEEDS_NATIVE_REVIEW
RS124,P551,loc_id_P551,ru_RU,Automated Voice,crew members their payout. The...,5.1,High,Low,Standard,NEEDS_NATIVE_REVIEW
RS124,P551,loc_id_P551,uk_UA,Automated Voice,crew members their payout. The...,6.0,High,Low,Standard,NEEDS_NATIVE_REVIEW
RS124,P551,loc_id_P551,zh_CN,Automated Voice,crew members their payout. The...,4.9,High,Low,Standard,NEEDS_NATIVE_REVIEW
RS124,P552,loc_id_P552,en_US,Automated Voice,like it's chewing gravel and w...,5.8,High,Low,Standard,NEEDS_NATIVE_REVIEW
RS124,P552,loc_id_P552,ar_SA,Automated Voice,like it's chewing gravel and w...,2.7,High,Low,Standard,NEEDS_NATIVE_REVIEW
RS124,P552,loc_id_P552,de_DE,Automated Voice,like it's chewing gravel and w...,6.7,High,Low,Standard,NEEDS_NATIVE_REVIEW
RS124,P552,loc_id_P552,es_ES,Automated Voice,like it's chewing gravel and w...,2.1,High,Low,Standard,NEEDS_NATIVE_REVIEW
RS124,P552,loc_id_P552,fr_FR,Automated Voice,like it's chewing gravel and w...,6.7,High,Low,Standard,NEEDS_NATIVE_REVIEW
RS124,P552,loc_id_P552,he_IL,Automated Voice,like it's chewing gravel and w...,3.3,High,Low,Standard,NEEDS_NATIVE_REVIEW
RS124,P552,loc_id_P552,id_ID,Automated Voice,like it's chewing gravel and w...,3.9,High,Low,Standard,NEEDS_NATIVE_REVIEW
RS124,P552,loc_id_P552,ja_JP,Automated Voice,like it's chewing gravel and w...,5.9,High,Low,Standard,NEEDS_NATIVE_REVIEW
RS124,P552,loc_id_P552,ko_KR,Automated Voice,like it's chewing gravel and w...,6.0,High,Low,Standard,NEEDS_NATIVE_REVIEW
RS124,P552,loc_id_P552,nl_NL,Automated Voice,like it's chewing gravel and w...,5.4,High,Low,Standard,NEEDS_NATIVE_REVIEW
RS124,P552,loc_id_P552,pl_PL,Automated Voice,like it's chewing gravel and w...,7.0,High,Low,Standard,NEEDS_NATIVE_REVIEW
RS124,P552,loc_id_P552,pt_BR,Automated Voice,like it's chewing gravel and w...,3.4,High,Low,Standard,NEEDS_NATIVE_REVIEW
RS124,P552,loc_id_P552,ru_RU,Automated Voice,like it's chewing gravel and w...,4.2,High,Low,Standard,NEEDS_NATIVE_REVIEW
RS124,P552,loc_id_P552,uk_UA,Automated Voice,like it's chewing gravel and w...,6.6,High,Low,Standard,NEEDS_NATIVE_REVIEW
RS124,P552,loc_id_P552,zh_CN,Automated Voice,like it's chewing gravel and w...,3.1,High,Low,Standard,NEEDS_NATIVE_REVIEW
RS124,P553,loc_id_P553,en_US,Automated Voice,here which means we're on borr...,2.9,High,Low,Standard,NEEDS_NATIVE_REVIEW
RS124,P553,loc_id_P553,ar_SA,Automated Voice,here which means we're on borr...,3.5,High,Low,Standard,NEEDS_NATIVE_REVIEW
RS124,P553,loc_id_P553,de_DE,Automated Voice,here which means we're on borr...,1.9,High,Low,Standard,NEEDS_NATIVE_REVIEW
RS124,P553,loc_id_P553,es_ES,Automated Voice,here which means we're on borr...,5.5,High,Low,Standard,NEEDS_NATIVE_REVIEW
RS124,P553,loc_id_P553,fr_FR,Automated Voice,here which means we're on borr...,4.4,High,Low,Standard,NEEDS_NATIVE_REVIEW
RS124,P553,loc_id_P553,he_IL,Automated Voice,here which means we're on borr...,5.5,High,Low,Standard,NEEDS_NATIVE_REVIEW
RS124,P553,loc_id_P553,id_ID,Automated Voice,here which means we're on borr...,6.3,High,Low,Standard,NEEDS_NATIVE_REVIEW
RS124,P553,loc_id_P553,ja_JP,Automated Voice,here which means we're on borr...,3.4,High,Low,Standard,NEEDS_NATIVE_REVIEW
RS124,P553,loc_id_P553,ko_KR,Automated Voice,here which means we're on borr...,2.3,High,Low,Standard,NEEDS_NATIVE_REVIEW
RS124,P553,loc_id_P553,nl_NL,Automated Voice,here which means we're on borr...,2.5,High,Low,Standard,NEEDS_NATIVE_REVIEW
RS124,P553,loc_id_P553,pl_PL,Automated Voice,here which means we're on borr...,4.2,High,Low,Standard,NEEDS_NATIVE_REVIEW
RS124,P553,loc_id_P553,pt_BR,Automated Voice,here which means we're on borr...,6.4,High,Low,Standard,NEEDS_NATIVE_REVIEW
RS124,P553,loc_id_P553,ru_RU,Automated Voice,here which means we're on borr...,4.5,High,Low,Standard,NEEDS_NATIVE_REVIEW
RS124,P553,loc_id_P553,uk_UA,Automated Voice,here which means we're on borr...,2.5,High,Low,Standard,NEEDS_NATIVE_REVIEW
RS124,P553,loc_id_P553,zh_CN,Automated Voice,here which means we're on borr...,4.9,High,Low,Standard,NEEDS_NATIVE_REVIEW
RS124,P554,loc_id_P554,en_US,Automated Voice,so grab a pry bar. The main ha...,5.4,High,Low,Standard,NEEDS_NATIVE_REVIEW
RS124,P554,loc_id_P554,ar_SA,Automated Voice,so grab a pry bar. The main ha...,5.5,High,Low,Standard,NEEDS_NATIVE_REVIEW
RS124,P554,loc_id_P554,de_DE,Automated Voice,so grab a pry bar. The main ha...,4.9,High,Low,Standard,NEEDS_NATIVE_REVIEW
RS124,P554,loc_id_P554,es_ES,Automated Voice,so grab a pry bar. The main ha...,7.1,High,Low,Standard,NEEDS_NATIVE_REVIEW
RS124,P554,loc_id_P554,fr_FR,Automated Voice,so grab a pry bar. The main ha...,2.7,High,Low,Standard,NEEDS_NATIVE_REVIEW
RS124,P554,loc_id_P554,he_IL,Automated Voice,so grab a pry bar. The main ha...,7.3,High,Low,Standard,NEEDS_NATIVE_REVIEW
RS124,P554,loc_id_P554,id_ID,Automated Voice,so grab a pry bar. The main ha...,4.0,High,Low,Standard,NEEDS_NATIVE_REVIEW
RS124,P554,loc_id_P554,ja_JP,Automated Voice,so grab a pry bar. The main ha...,7.2,High,Low,Standard,NEEDS_NATIVE_REVIEW
RS124,P554,loc_id_P554,ko_KR,Automated Voice,so grab a pry bar. The main ha...,2.6,High,Low,Standard,NEEDS_NATIVE_REVIEW
RS124,P554,loc_id_P554,nl_NL,Automated Voice,so grab a pry bar. The main ha...,5.3,High,Low,Standard,NEEDS_NATIVE_REVIEW
RS124,P554,loc_id_P554,pl_PL,Automated Voice,so grab a pry bar. The main ha...,2.8,High,Low,Standard,NEEDS_NATIVE_REVIEW
RS124,P554,loc_id_P554,pt_BR,Automated Voice,so grab a pry bar. The main ha...,2.3,High,Low,Standard,NEEDS_NATIVE_REVIEW
RS124,P554,loc_id_P554,ru_RU,Automated Voice,so grab a pry bar. The main ha...,4.6,High,Low,Standard,NEEDS_NATIVE_REVIEW
RS124,P554,loc_id_P554,uk_UA,Automated Voice,so grab a pry bar. The main ha...,2.3,High,Low,Standard,NEEDS_NATIVE_REVIEW
RS124,P554,loc_id_P554,zh_CN,Automated Voice,so grab a pry bar. The main ha...,2.7,High,Low,Standard,NEEDS_NATIVE_REVIEW
RS124,P555,loc_id_P555,en_US,Automated Voice,a hit so watch your step. The ...,7.1,High,Low,Standard,NEEDS_NATIVE_REVIEW
RS124,P555,loc_id_P555,ar_SA,Automated Voice,a hit so watch your step. The ...,3.1,High,Low,Standard,NEEDS_NATIVE_REVIEW
RS124,P555,loc_id_P555,de_DE,Automated Voice,a hit so watch your step. The ...,3.4,High,Low,Standard,NEEDS_NATIVE_REVIEW
RS124,P555,loc_id_P555,es_ES,Automated Voice,a hit so watch your step. The ...,2.2,High,Low,Standard,NEEDS_NATIVE_REVIEW
RS124,P555,loc_id_P555,fr_FR,Automated Voice,a hit so watch your step. The ...,4.5,High,Low,Standard,NEEDS_NATIVE_REVIEW
RS124,P555,loc_id_P555,he_IL,Automated Voice,a hit so watch your step. The ...,2.8,High,Low,Standard,NEEDS_NATIVE_REVIEW
RS124,P555,loc_id_P555,id_ID,Automated Voice,a hit so watch your step. The ...,3.3,High,Low,Standard,NEEDS_NATIVE_REVIEW
RS124,P555,loc_id_P555,ja_JP,Automated Voice,a hit so watch your step. The ...,5.9,High,Low,Standard,NEEDS_NATIVE_REVIEW
RS124,P555,loc_id_P555,ko_KR,Automated Voice,a hit so watch your step. The ...,6.1,High,Low,Standard,NEEDS_NATIVE_REVIEW
RS124,P555,loc_id_P555,nl_NL,Automated Voice,a hit so watch your step. The ...,4.7,High,Low,Standard,NEEDS_NATIVE_REVIEW
RS124,P555,loc_id_P555,pl_PL,Automated Voice,a hit so watch your step. The ...,3.4,High,Low,Standard,NEEDS_NATIVE_REVIEW
RS124,P555,loc_id_P555,pt_BR,Automated Voice,a hit so watch your step. The ...,4.0,High,Low,Standard,NEEDS_NATIVE_REVIEW
RS124,P555,loc_id_P555,ru_RU,Automated Voice,a hit so watch your step. The ...,7.2,High,Low,Standard,NEEDS_NATIVE_REVIEW
RS124,P555,loc_id_P555,uk_UA,Automated Voice,a hit so watch your step. The ...,3.3,High,Low,Standard,NEEDS_NATIVE_REVIEW
RS124,P555,loc_id_P555,zh_CN,Automated Voice,a hit so watch your step. The ...,3.2,High,Low,Standard,NEEDS_NATIVE_REVIEW
RS124,P556,loc_id_P556,en_US,Automated Voice,pry bar. An isolated thermal v...,2.5,High,Low,Standard,NEEDS_NATIVE_REVIEW
RS124,P556,loc_id_P556,ar_SA,Automated Voice,pry bar. An isolated thermal v...,6.8,High,Low,Standard,NEEDS_NATIVE_REVIEW
RS124,P556,loc_id_P556,de_DE,Automated Voice,pry bar. An isolated thermal v...,6.8,High,Low,Standard,NEEDS_NATIVE_REVIEW
RS124,P556,loc_id_P556,es_ES,Automated Voice,pry bar. An isolated thermal v...,5.9,High,Low,Standard,NEEDS_NATIVE_REVIEW
RS124,P556,loc_id_P556,fr_FR,Automated Voice,pry bar. An isolated thermal v...,6.8,High,Low,Standard,NEEDS_NATIVE_REVIEW
RS124,P556,loc_id_P556,he_IL,Automated Voice,pry bar. An isolated thermal v...,2.2,High,Low,Standard,NEEDS_NATIVE_REVIEW
RS124,P556,loc_id_P556,id_ID,Automated Voice,pry bar. An isolated thermal v...,6.4,High,Low,Standard,NEEDS_NATIVE_REVIEW
RS124,P556,loc_id_P556,ja_JP,Automated Voice,pry bar. An isolated thermal v...,4.8,High,Low,Standard,NEEDS_NATIVE_REVIEW
RS124,P556,loc_id_P556,ko_KR,Automated Voice,pry bar. An isolated thermal v...,5.1,High,Low,Standard,NEEDS_NATIVE_REVIEW
RS124,P556,loc_id_P556,nl_NL,Automated Voice,pry bar. An isolated thermal v...,6.3,High,Low,Standard,NEEDS_NATIVE_REVIEW
RS124,P556,loc_id_P556,pl_PL,Automated Voice,pry bar. An isolated thermal v...,2.4,High,Low,Standard,NEEDS_NATIVE_REVIEW
RS124,P556,loc_id_P556,pt_BR,Automated Voice,pry bar. An isolated thermal v...,1.8,High,Low,Standard,NEEDS_NATIVE_REVIEW
RS124,P556,loc_id_P556,ru_RU,Automated Voice,pry bar. An isolated thermal v...,7.0,High,Low,Standard,NEEDS_NATIVE_REVIEW
RS124,P556,loc_id_P556,uk_UA,Automated Voice,pry bar. An isolated thermal v...,6.8,High,Low,Standard,NEEDS_NATIVE_REVIEW
RS124,P556,loc_id_P556,zh_CN,Automated Voice,pry bar. An isolated thermal v...,6.1,High,Low,Standard,NEEDS_NATIVE_REVIEW
RS124,P557,loc_id_P557,en_US,Automated Voice,which the manual described as ...,4.1,High,Low,Standard,NEEDS_NATIVE_REVIEW
RS124,P557,loc_id_P557,ar_SA,Automated Voice,which the manual described as ...,4.4,High,Low,Standard,NEEDS_NATIVE_REVIEW
RS124,P557,loc_id_P557,de_DE,Automated Voice,which the manual described as ...,5.3,High,Low,Standard,NEEDS_NATIVE_REVIEW
RS124,P557,loc_id_P557,es_ES,Automated Voice,which the manual described as ...,5.9,High,Low,Standard,NEEDS_NATIVE_REVIEW
RS124,P557,loc_id_P557,fr_FR,Automated Voice,which the manual described as ...,2.7,High,Low,Standard,NEEDS_NATIVE_REVIEW
RS124,P557,loc_id_P557,he_IL,Automated Voice,which the manual described as ...,3.6,High,Low,Standard,NEEDS_NATIVE_REVIEW
RS124,P557,loc_id_P557,id_ID,Automated Voice,which the manual described as ...,6.8,High,Low,Standard,NEEDS_NATIVE_REVIEW
RS124,P557,loc_id_P557,ja_JP,Automated Voice,which the manual described as ...,5.0,High,Low,Standard,NEEDS_NATIVE_REVIEW
RS124,P557,loc_id_P557,ko_KR,Automated Voice,which the manual described as ...,7.0,High,Low,Standard,NEEDS_NATIVE_REVIEW
RS124,P557,loc_id_P557,nl_NL,Automated Voice,which the manual described as ...,2.1,High,Low,Standard,NEEDS_NATIVE_REVIEW
RS124,P557,loc_id_P557,pl_PL,Automated Voice,which the manual described as ...,5.0,High,Low,Standard,NEEDS_NATIVE_REVIEW
RS124,P557,loc_id_P557,pt_BR,Automated Voice,which the manual described as ...,4.0,High,Low,Standard,NEEDS_NATIVE_REVIEW
RS124,P557,loc_id_P557,ru_RU,Automated Voice,which the manual described as ...,6.8,High,Low,Standard,NEEDS_NATIVE_REVIEW
RS124,P557,loc_id_P557,uk_UA,Automated Voice,which the manual described as ...,2.6,High,Low,Standard,NEEDS_NATIVE_REVIEW
RS124,P557,loc_id_P557,zh_CN,Automated Voice,which the manual described as ...,6.2,High,Low,Standard,NEEDS_NATIVE_REVIEW
RS124,P558,loc_id_P558,en_US,Automated Voice,as impossible. A piece of frag...,6.4,High,Low,Standard,NEEDS_NATIVE_REVIEW
RS124,P558,loc_id_P558,ar_SA,Automated Voice,as impossible. A piece of frag...,5.3,High,Low,Standard,NEEDS_NATIVE_REVIEW
RS124,P558,loc_id_P558,de_DE,Automated Voice,as impossible. A piece of frag...,3.8,High,Low,Standard,NEEDS_NATIVE_REVIEW
RS124,P558,loc_id_P558,es_ES,Automated Voice,as impossible. A piece of frag...,4.0,High,Low,Standard,NEEDS_NATIVE_REVIEW
RS124,P558,loc_id_P558,fr_FR,Automated Voice,as impossible. A piece of frag...,6.3,High,Low,Standard,NEEDS_NATIVE_REVIEW
RS124,P558,loc_id_P558,he_IL,Automated Voice,as impossible. A piece of frag...,2.0,High,Low,Standard,NEEDS_NATIVE_REVIEW
RS124,P558,loc_id_P558,id_ID,Automated Voice,as impossible. A piece of frag...,5.2,High,Low,Standard,NEEDS_NATIVE_REVIEW
RS124,P558,loc_id_P558,ja_JP,Automated Voice,as impossible. A piece of frag...,5.7,High,Low,Standard,NEEDS_NATIVE_REVIEW
RS124,P558,loc_id_P558,ko_KR,Automated Voice,as impossible. A piece of frag...,4.3,High,Low,Standard,NEEDS_NATIVE_REVIEW
RS124,P558,loc_id_P558,nl_NL,Automated Voice,as impossible. A piece of frag...,6.7,High,Low,Standard,NEEDS_NATIVE_REVIEW
RS124,P558,loc_id_P558,pl_PL,Automated Voice,as impossible. A piece of frag...,3.4,High,Low,Standard,NEEDS_NATIVE_REVIEW
RS124,P558,loc_id_P558,pt_BR,Automated Voice,as impossible. A piece of frag...,1.8,High,Low,Standard,NEEDS_NATIVE_REVIEW
RS124,P558,loc_id_P558,ru_RU,Automated Voice,as impossible. A piece of frag...,3.8,High,Low,Standard,NEEDS_NATIVE_REVIEW
RS124,P558,loc_id_P558,uk_UA,Automated Voice,as impossible. A piece of frag...,2.0,High,Low,Standard,NEEDS_NATIVE_REVIEW
RS124,P558,loc_id_P558,zh_CN,Automated Voice,as impossible. A piece of frag...,6.8,High,Low,Standard,NEEDS_NATIVE_REVIEW
RS124,P559,loc_id_P559,en_US,Automated Voice,looks like it took a hit but w...,3.1,High,Low,Standard,NEEDS_NATIVE_REVIEW
RS124,P559,loc_id_P559,ar_SA,Automated Voice,looks like it took a hit but w...,2.1,High,Low,Standard,NEEDS_NATIVE_REVIEW
RS124,P559,loc_id_P559,de_DE,Automated Voice,looks like it took a hit but w...,5.8,High,Low,Standard,NEEDS_NATIVE_REVIEW
RS124,P559,loc_id_P559,es_ES,Automated Voice,looks like it took a hit but w...,5.4,High,Low,Standard,NEEDS_NATIVE_REVIEW
RS124,P559,loc_id_P559,fr_FR,Automated Voice,looks like it took a hit but w...,5.3,High,Low,Standard,NEEDS_NATIVE_REVIEW
RS124,P559,loc_id_P559,he_IL,Automated Voice,looks like it took a hit but w...,7.0,High,Low,Standard,NEEDS_NATIVE_REVIEW
RS124,P559,loc_id_P559,id_ID,Automated Voice,looks like it took a hit but w...,2.1,High,Low,Standard,NEEDS_NATIVE_REVIEW
RS124,P559,loc_id_P559,ja_JP,Automated Voice,looks like it took a hit but w...,5.5,High,Low,Standard,NEEDS_NATIVE_REVIEW
RS124,P559,loc_id_P559,ko_KR,Automated Voice,looks like it took a hit but w...,4.3,High,Low,Standard,NEEDS_NATIVE_REVIEW
RS124,P559,loc_id_P559,nl_NL,Automated Voice,looks like it took a hit but w...,7.4,High,Low,Standard,NEEDS_NATIVE_REVIEW
RS124,P559,loc_id_P559,pl_PL,Automated Voice,looks like it took a hit but w...,1.9,High,Low,Standard,NEEDS_NATIVE_REVIEW
RS124,P559,loc_id_P559,pt_BR,Automated Voice,looks like it took a hit but w...,6.4,High,Low,Standard,NEEDS_NATIVE_REVIEW
RS124,P559,loc_id_P559,ru_RU,Automated Voice,looks like it took a hit but w...,3.4,High,Low,Standard,NEEDS_NATIVE_REVIEW
RS124,P559,loc_id_P559,uk_UA,Automated Voice,looks like it took a hit but w...,5.3,High,Low,Standard,NEEDS_NATIVE_REVIEW
RS124,P559,loc_id_P559,zh_CN,Automated Voice,looks like it took a hit but w...,2.1,High,Low,Standard,NEEDS_NATIVE_REVIEW
