UnityEngine.Debug:ExtractStackTraceNoAlloc (byte*,int,string)
UnityEngine.StackTraceUtility:ExtractStackTrace ()
UnityEditor.AssetDatabase:ImportAsset (string,UnityEditor.ImportAssetOptions)
UnityEditor.AssetDatabase:ImportAsset (string)
UnityEditor.AssetImporter:SaveAndReimport ()
MCPDynamicCode:Execute ()
System.Reflection.RuntimeMethodInfo:Invoke (object,System.Reflection.BindingFlags,System.Reflection.Binder,object[],System.Globalization.CultureInfo)
System.Reflection.MethodBase:Invoke (object,object[])
MCPForUnity.Editor.Tools.ExecuteCode:InvokeCompiled (System.Reflection.Assembly,string) (at ./Library/PackageCache/com.coplaydev.unity-mcp@d6e58c68cf4b/Editor/Tools/ExecuteCode.cs:240)
MCPForUnity.Editor.Tools.ExecuteCode:CompileAndExecute (string,string) (at ./Library/PackageCache/com.coplaydev.unity-mcp@d6e58c68cf4b/Editor/Tools/ExecuteCode.cs:222)
MCPForUnity.Editor.Tools.ExecuteCode:HandleExecute (Newtonsoft.Json.Linq.JObject) (at ./Library/PackageCache/com.coplaydev.unity-mcp@d6e58c68cf4b/Editor/Tools/ExecuteCode.cs:106)
MCPForUnity.Editor.Tools.ExecuteCode:HandleCommand (Newtonsoft.Json.Linq.JObject) (at ./Library/PackageCache/com.coplaydev.unity-mcp@d6e58c68cf4b/Editor/Tools/ExecuteCode.cs:71)
MCPForUnity.Editor.Tools.CommandRegistry:ExecuteCommand (string,Newtonsoft.Json.Linq.JObject,System.Threading.Tasks.TaskCompletionSource`1<string>) (at ./Library/PackageCache/com.coplaydev.unity-mcp@d6e58c68cf4b/Editor/Tools/CommandRegistry.cs:236)
MCPForUnity.Editor.Services.Transport.TransportCommandDispatcher:ProcessCommand (string,MCPForUnity.Editor.Services.Transport.TransportCommandDispatcher/PendingCommand) (at ./Library/PackageCache/com.coplaydev.unity-mcp@d6e58c68cf4b/Editor/Services/Transport/TransportCommandDispatcher.cs:366)
MCPForUnity.Editor.Services.Transport.TransportCommandDispatcher:ProcessQueue () (at ./Library/PackageCache/com.coplaydev.unity-mcp@d6e58c68cf4b/Editor/Services/Transport/TransportCommandDispatcher.cs:262)
MCPForUnity.Editor.Services.Transport.TransportCommandDispatcher:<RequestMainThreadPump>g__Pump|11_0 () (at ./Library/PackageCache/com.coplaydev.unity-mcp@d6e58c68cf4b/Editor/Services/Transport/TransportCommandDispatcher.cs:184)
MCPForUnity.Editor.Services.Transport.TransportCommandDispatcher/<>c:<RequestMainThreadPump>b__11_1 (object) (at ./Library/PackageCache/com.coplaydev.unity-mcp@d6e58c68cf4b/Editor/Services/Transport/TransportCommandDispatcher.cs:189)
UnityEngine.UnitySynchronizationContext/WorkRequest:Invoke ()
UnityEngine.UnitySynchronizationContext:Exec ()
UnityEngine.UnitySynchronizationContext:ExecuteTasks ()

[./Library/PackageCache/com.coplaydev.unity-mcp@d6e58c68cf4b/Editor/Tools/ExecuteCode.cs line 240]

 -> (Import Result ID: '92f325cc971d46ec73d86183aaefc4f7') in 0.1492515 seconds [static and dynamic dependencies]. Details - ImportResultOutputID=92858147d74e32c35def0aa0a0ab290e DependenciesID=62d95fe1fabd19237b18af6d4e671445 StaticDependenciesID=33686483da4456b38d1fedd40477991a 
Refreshing native plugins compatible for Editor in 4.72 ms, found 31 plugins.
(Values over 0.050ms)
Asset Pipeline Refresh (id=694f98826827c5f4b8ffb667733d4f98): Total: 0.437 seconds - Initiated by StopAssetImportingV2(NoUpdateAssetOptions)
	Summary:
		Imports: total=1 (actual=1, local cache=0, cache server=0)
		Asset DB Process Time: managed=4 ms, native=322 ms
		Asset DB Callback time: managed=98 ms, native=10 ms
		Scripting: domain reloads=0, domain reload time=0 ms, compile time=0 ms, other=0 ms
		Project Asset Count: scripts=3458, non-scripts=11388
		Asset File Changes: new=0, changed=1, moved=0, deleted=0
		Scan Filter Count: 6
	ApplyChangesToAssetFolders: 0.493ms
	Scan: 31.299ms
	OnSourceAssetsModified: 0.099ms
	ProcessAssetsWithTransientArtifactChanges: 0.375ms
	CategorizeAssets: 102.347ms
	ImportOutOfDateAssets: 163.460ms (1.579ms without children)
		ImportManagerImport: 153.300ms (2.653ms without children)
			UpdateCategorizedAssets: 0.059ms
		ReloadNativeAssets: 2.893ms
		UnloadImportedAssets: 0.422ms
		ReloadImportedAssets: 0.562ms
		EnsureUptoDateAssetsAreRegisteredWithGuidPM: 3.321ms
		OnDemandSchedulerStart: 1.917ms
	PostProcessAllAssets: 102.729ms
		XRBuildSystem.XRAssetImported 3.053ms
		MonoPostProcessAllAssets: 98.817ms
			TextureArrayPreProcessor.OnPostprocessAllAssets 94.291ms
			SyncVS.PostprocessSyncProject 2.264ms
			SpriteEditorTexturePostprocessor.OnPostprocessAllAssets 0.968ms
			ShaderGraphAssetPostProcessor.OnPostprocessAllAssets 0.200ms
			RenderPipelineGlobalSettingsPostprocessor.OnPostprocessAllAssets 0.128ms
			AssetChangedListener.OnPostprocessAllAssets 0.073ms
			TemplatePostProcessor.OnPostprocessAllAssets 0.067ms
			PostProcessor.OnPostprocessAllAssets 0.054ms
	PostAssetChangesProfiler: 6.788ms
	GatherAllCurrentPrimaryImportResultRevisions: 1.202ms
	UnloadStreamsBegin: 0.206ms
	PersistCurrentRevisions: 1.212ms
	Untracked: 26.970ms

Start importing Assets/ScifiFacility/Models/structural/walls/wall_01_connector_01.fbx using Guid(ba3fdc59671e469488a3ac2328376fda) (FBXImporter)Bakery: processing auto-unwrapped asset Assets/ScifiFacility/Models/structural/walls/wall_01_connector_01.fbx
UnityEngine.Debug:ExtractStackTraceNoAlloc (byte*,int,string)
UnityEngine.StackTraceUtility:ExtractStackTrace ()
UnityEngine.DebugLogHandler:Internal_Log (UnityEngine.LogType,UnityEngine.LogOption,string,UnityEngine.Object)
UnityEngine.DebugLogHandler:LogFormat (UnityEngine.LogType,UnityEngine.Object,string,object[])
UnityEngine.Logger:Log (UnityEngine.LogType,object)
UnityEngine.Debug:Log (object)
ftModelPostProcessor:OnPostprocessModel (UnityEngine.GameObject) (at Assets/Editor/x64/Bakery/scripts/ftModelPostProcessor.cs:109)
System.Reflection.RuntimeMethodInfo:Invoke (object,System.Reflection.BindingFlags,System.Reflection.Binder,object[],System.Globalization.CultureInfo)
System.Reflection.MethodBase:Invoke (object,object[])
UnityEditor.AssetPostprocessingInternal:InvokeMethodIfAvailable (object,string,object[])
UnityEditor.AssetPostprocessingInternal:CallPostProcessMethods (string,object[])
UnityEditor.AssetPostprocessingInternal:PostprocessMesh (UnityEngine.GameObject)
UnityEditor.AssetDatabase:ImportAsset (string,UnityEditor.ImportAssetOptions)
UnityEditor.AssetDatabase:ImportAsset (string)
UnityEditor.AssetImporter:SaveAndReimport ()
MCPDynamicCode:Execute ()
System.Reflection.RuntimeMethodInfo:Invoke (object,System.Reflection.BindingFlags,System.Reflection.Binder,object[],System.Globalization.CultureInfo)
System.Reflection.MethodBase:Invoke (object,object[])
MCPForUnity.Editor.Tools.ExecuteCode:InvokeCompiled (System.Reflection.Assembly,string) (at ./Library/PackageCache/com.coplaydev.unity-mcp@d6e58c68cf4b/Editor/Tools/ExecuteCode.cs:240)
MCPForUnity.Editor.Tools.ExecuteCode:CompileAndExecute (string,string) (at ./Library/PackageCache/com.coplaydev.unity-mcp@d6e58c68cf4b/Editor/Tools/ExecuteCode.cs:222)
MCPForUnity.Editor.Tools.ExecuteCode:HandleExecute (Newtonsoft.Json.Linq.JObject) (at ./Library/PackageCache/com.coplaydev.unity-mcp@d6e58c68cf4b/Editor/Tools/ExecuteCode.cs:106)
MCPForUnity.Editor.Tools.ExecuteCode:HandleCommand (Newtonsoft.Json.Linq.JObject) (at ./Library/PackageCache/com.coplaydev.unity-mcp@d6e58c68cf4b/Editor/Tools/ExecuteCode.cs:71)
MCPForUnity.Editor.Tools.CommandRegistry:ExecuteCommand (string,Newtonsoft.Json.Linq.JObject,System.Threading.Tasks.TaskCompletionSource`1<string>) (at ./Library/PackageCache/com.coplaydev.unity-mcp@d6e58c68cf4b/Editor/Tools/CommandRegistry.cs:236)
MCPForUnity.Editor.Services.Transport.TransportCommandDispatcher:ProcessCommand (string,MCPForUnity.Editor.Services.Transport.TransportCommandDispatcher/PendingCommand) (at ./Library/PackageCache/com.coplaydev.unity-mcp@d6e58c68cf4b/Editor/Services/Transport/TransportCommandDispatcher.cs:366)
MCPForUnity.Editor.Services.Transport.TransportCommandDispatcher:ProcessQueue () (at ./Library/PackageCache/com.coplaydev.unity-mcp@d6e58c68cf4b/Editor/Services/Transport/TransportCommandDispatcher.cs:262)
MCPForUnity.Editor.Services.Transport.TransportCommandDispatcher:<RequestMainThreadPump>g__Pump|11_0 () (at ./Library/PackageCache/com.coplaydev.unity-mcp@d6e58c68cf4b/Editor/Services/Transport/TransportCommandDispatcher.cs:184)
MCPForUnity.Editor.Services.Transport.TransportCommandDispatcher/<>c:<RequestMainThreadPump>b__11_1 (object) (at ./Library/PackageCache/com.coplaydev.unity-mcp@d6e58c68cf4b/Editor/Services/Transport/TransportCommandDispatcher.cs:189)
UnityEngine.UnitySynchronizationContext/WorkRequest:Invoke ()
UnityEngine.UnitySynchronizationContext:Exec ()
UnityEngine.UnitySynchronizationContext:ExecuteTasks ()

(Filename: Assets/Editor/x64/Bakery/scripts/ftModelPostProcessor.cs Line: 109)

UV adjustment time: 0
UnityEngine.Debug:ExtractStackTraceNoAlloc (byte*,int,string)
UnityEngine.StackTraceUtility:ExtractStackTrace ()
UnityEngine.DebugLogHandler:Internal_Log (UnityEngine.LogType,UnityEngine.LogOption,string,UnityEngine.Object)
UnityEngine.DebugLogHandler:LogFormat (UnityEngine.LogType,UnityEngine.Object,string,object[])
UnityEngine.Logger:Log (UnityEngine.LogType,object)
UnityEngine.Debug:Log (object)
ftModelPostProcessor:OnPostprocessModel (UnityEngine.GameObject) (at Assets/Editor/x64/Bakery/scripts/ftModelPostProcessor.cs:137)
System.Reflection.RuntimeMethodInfo:Invoke (object,System.Reflection.BindingFlags,System.Reflection.Binder,object[],System.Globalization.CultureInfo)
System.Reflection.MethodBase:Invoke (object,object[])
UnityEditor.AssetPostprocessingInternal:InvokeMethodIfAvailable (object,string,object[])
UnityEditor.AssetPostprocessingInternal:CallPostProcessMethods (string,object[])
UnityEditor.AssetPostprocessingInternal:PostprocessMesh (UnityEngine.GameObject)
UnityEditor.AssetDatabase:ImportAsset (string,UnityEditor.ImportAssetOptions)
UnityEditor.AssetDatabase:ImportAsset (string)
UnityEditor.AssetImporter:SaveAndReimport ()
MCPDynamicCode:Execute ()
System.Reflection.RuntimeMethodInfo:Invoke (object,System.Reflection.BindingFlags,System.Reflection.Binder,object[],System.Globalization.CultureInfo)
System.Reflection.MethodBase:Invoke (object,object[])
MCPForUnity.Editor.Tools.ExecuteCode:InvokeCompiled (System.Reflection.Assembly,string) (at ./Library/PackageCache/com.coplaydev.unity-mcp@d6e58c68cf4b/Editor/Tools/ExecuteCode.cs:240)
MCPForUnity.Editor.Tools.ExecuteCode:CompileAndExecute (string,string) (at ./Library/PackageCache/com.coplaydev.unity-mcp@d6e58c68cf4b/Editor/Tools/ExecuteCode.cs:222)
MCPForUnity.Editor.Tools.ExecuteCode:HandleExecute (Newtonsoft.Json.Linq.JObject) (at ./Library/PackageCache/com.coplaydev.unity-mcp@d6e58c68cf4b/Editor/Tools/ExecuteCode.cs:106)
MCPForUnity.Editor.Tools.ExecuteCode:HandleCommand (Newtonsoft.Json.Linq.JObject) (at ./Library/PackageCache/com.coplaydev.unity-mcp@d6e58c68cf4b/Editor/Tools/ExecuteCode.cs:71)
MCPForUnity.Editor.Tools.CommandRegistry:ExecuteCommand (string,Newtonsoft.Json.Linq.JObject,System.Threading.Tasks.TaskCompletionSource`1<string>) (at ./Library/PackageCache/com.coplaydev.unity-mcp@d6e58c68cf4b/Editor/Tools/CommandRegistry.cs:236)
MCPForUnity.Editor.Services.Transport.TransportCommandDispatcher:ProcessCommand (string,MCPForUnity.Editor.Services.Transport.TransportCommandDispatcher/PendingCommand) (at ./Library/PackageCache/com.coplaydev.unity-mcp@d6e58c68cf4b/Editor/Services/Transport/TransportCommandDispatcher.cs:366)
MCPForUnity.Editor.Services.Transport.TransportCommandDispatcher:ProcessQueue () (at ./Library/PackageCache/com.coplaydev.unity-mcp@d6e58c68cf4b/Editor/Services/Transport/TransportCommandDispatcher.cs:262)
MCPForUnity.Editor.Services.Transport.TransportCommandDispatcher:<RequestMainThreadPump>g__Pump|11_0 () (at ./Library/PackageCache/com.coplaydev.unity-mcp@d6e58c68cf4b/Editor/Services/Transport/TransportCommandDispatcher.cs:184)
MCPForUnity.Editor.Services.Transport.TransportCommandDispatcher/<>c:<RequestMainThreadPump>b__11_1 (object) (at ./Library/PackageCache/com.coplaydev.unity-mcp@d6e58c68cf4b/Editor/Services/Transport/TransportCommandDispatcher.cs:189)
UnityEngine.UnitySynchronizationContext/WorkRequest:Invoke ()
UnityEngine.UnitySynchronizationContext:Exec ()
UnityEngine.UnitySynchronizationContext:ExecuteTasks ()

(Filename: Assets/Editor/x64/Bakery/scripts/ftModelPostProcessor.cs Line: 137)

 -> (Import Result ID: 'f54c5b2509b5d261dfdc20d8433e093c') in 0.0345738 seconds [static dependencies only]. Details - ImportResultOutputID=b42f614b7d420d0e790e871e1ebced3d DependenciesID=26a88ef9ecf13ef440f1c2a19032f7dd StaticDependenciesID=07fe1c277705d2902d080f75aa00f592 
Refreshing native plugins compatible for Editor in 5.49 ms, found 31 plugins.
Asset Pipeline Refresh (id=9dc771cdd1b1c4b499db506d789c8f6a): Total: 0.247 seconds - Initiated by StopAssetImportingV2(NoUpdateAssetOptions)
[Licensing::Client] Successfully resolved entitlement details
[ScriptCompilation] Requested script compilation because: Requested through public api
[Licensing::Client] Successfully resolved entitlement details
info: Microsoft.AspNetCore.Hosting.Diagnostics[1]
      Request starting HTTP/2 POST http://ilpp/UnityILPP.PostProcessing/Ping - application/grpc -
info: Microsoft.AspNetCore.Routing.EndpointMiddleware[0]
      Executing endpoint 'gRPC - /UnityILPP.PostProcessing/Ping'
info: Microsoft.AspNetCore.Routing.EndpointMiddleware[1]
      Executed endpoint 'gRPC - /UnityILPP.PostProcessing/Ping'
info: Microsoft.AspNetCore.Hosting.Diagnostics[2]
      Request finished HTTP/2 POST http://ilpp/UnityILPP.PostProcessing/Ping - 200 - application/grpc 0.1647ms
Starting: C:\Program Files\Unity\Hub\Editor\6000.4.1f1\Editor\Data\Tools\BuildPipeline\bee_backend.exe --ipc --defer-dag-verification --dagfile="Library/Bee/1900b0aEDbg.dag" --continue-on-failure --profile="Library/Bee/backend1.traceevents" ScriptAssemblies
WorkingDir: C:/hades/Hecton8
info: Microsoft.AspNetCore.Hosting.Diagnostics[1]
      Request starting HTTP/2 POST http://ilpp/UnityILPP.PostProcessing/ConfigurePostProcessors - application/grpc -
info: Microsoft.AspNetCore.Routing.EndpointMiddleware[0]
      Executing endpoint 'gRPC - /UnityILPP.PostProcessing/ConfigurePostProcessors'
info: Unity.ILPP.Runner.PostProcessingAssemblyLoadContext[0]
      Current configuration matches the requested one, skipping
info: Microsoft.AspNetCore.Routing.EndpointMiddleware[1]
      Executed endpoint 'gRPC - /UnityILPP.PostProcessing/ConfigurePostProcessors'
info: Microsoft.AspNetCore.Hosting.Diagnostics[2]
      Request finished HTTP/2 POST http://ilpp/UnityILPP.PostProcessing/ConfigurePostProcessors - 200 - application/grpc 1.4274ms
info: Microsoft.AspNetCore.Hosting.Diagnostics[1]
      Request starting HTTP/2 POST http://ilpp/UnityILPP.PostProcessing/PostProcessAssembly - application/grpc -
info: Microsoft.AspNetCore.Routing.EndpointMiddleware[0]
      Executing endpoint 'gRPC - /UnityILPP.PostProcessing/PostProcessAssembly'
info: Microsoft.AspNetCore.Hosting.Diagnostics[1]
      Request starting HTTP/2 POST http://ilpp/UnityILPP.PostProcessing/PostProcessAssembly - application/grpc -
info: Microsoft.AspNetCore.Routing.EndpointMiddleware[0]
      Executing endpoint 'gRPC - /UnityILPP.PostProcessing/PostProcessAssembly'
info: Microsoft.AspNetCore.Hosting.Diagnostics[1]
      Request starting HTTP/2 POST http://ilpp/UnityILPP.PostProcessing/PostProcessAssembly - application/grpc -
info: Microsoft.AspNetCore.Routing.EndpointMiddleware[0]
      Executing endpoint 'gRPC - /UnityILPP.PostProcessing/PostProcessAssembly'
info: Unity.ILPP.Runner.PostProcessingPipeline[0]
      Processing assembly Library/Bee/artifacts/1900b0aEDbg.dag/Assembly-CSharp-Editor.dll, with 159 defines and 461 references
info: Unity.ILPP.Runner.PostProcessingPipeline[0]
      processors: Unity.Entities.CodeGen.EntitiesILPostProcessors, Unity.Jobs.CodeGen.JobsILPostProcessor, zzzUnity.Burst.CodeGen.BurstILPostProcessor
info: Unity.ILPP.Runner.PostProcessingPipeline[0]
      Processing assembly Library/Bee/artifacts/1900b0aEDbg.dag/Assembly-CSharp-firstpass.dll, with 161 defines and 435 references
info: Unity.ILPP.Runner.PostProcessingPipeline[0]
      Processing assembly Library/Bee/artifacts/1900b0aEDbg.dag/Assembly-CSharp-Editor-firstpass.dll, with 159 defines and 459 references
info: Unity.ILPP.Runner.PostProcessingPipeline[0]
      processors: Unity.Entities.CodeGen.EntitiesILPostProcessors, Unity.Jobs.CodeGen.JobsILPostProcessor, zzzUnity.Burst.CodeGen.BurstILPostProcessor
info: Unity.ILPP.Runner.PostProcessingPipeline[0]
      processors: Unity.Entities.CodeGen.EntitiesILPostProcessors, Unity.Jobs.CodeGen.JobsILPostProcessor, zzzUnity.Burst.CodeGen.BurstILPostProcessor
info: Unity.ILPP.Runner.PostProcessingPipeline[0]
      running Unity.Entities.CodeGen.EntitiesILPostProcessors
info: Unity.ILPP.Runner.PostProcessingPipeline[0]
      running Unity.Entities.CodeGen.EntitiesILPostProcessors
info: Unity.ILPP.Runner.PostProcessingPipeline[0]
      running Unity.Entities.CodeGen.EntitiesILPostProcessors
info: Microsoft.AspNetCore.Hosting.Diagnostics[1]
      Request starting HTTP/2 POST http://ilpp/UnityILPP.PostProcessing/PostProcessAssembly - application/grpc -
info: Microsoft.AspNetCore.Routing.EndpointMiddleware[0]
      Executing endpoint 'gRPC - /UnityILPP.PostProcessing/PostProcessAssembly'
info: Unity.ILPP.Runner.PostProcessingPipeline[0]
      Processing assembly Library/Bee/artifacts/1900b0aEDbg.dag/Hecton8.Editor.dll, with 159 defines and 323 references
info: Unity.ILPP.Runner.PostProcessingPipeline[0]
      processors: Unity.Entities.CodeGen.EntitiesILPostProcessors, Unity.Jobs.CodeGen.JobsILPostProcessor, zzzUnity.Burst.CodeGen.BurstILPostProcessor
info: Microsoft.AspNetCore.Hosting.Diagnostics[1]
      Request starting HTTP/2 POST http://ilpp/UnityILPP.PostProcessing/PostProcessAssembly - application/grpc -
info: Microsoft.AspNetCore.Routing.EndpointMiddleware[0]
      Executing endpoint 'gRPC - /UnityILPP.PostProcessing/PostProcessAssembly'
info: Unity.ILPP.Runner.PostProcessingPipeline[0]
      Processing assembly Library/Bee/artifacts/1900b0aEDbg.dag/Assembly-CSharp.dll, with 161 defines and 436 references
info: Unity.ILPP.Runner.PostProcessingPipeline[0]
      processors: Unity.Entities.CodeGen.EntitiesILPostProcessors, Unity.Jobs.CodeGen.JobsILPostProcessor, zzzUnity.Burst.CodeGen.BurstILPostProcessor
info: Unity.ILPP.Runner.PostProcessingPipeline[0]
      running Unity.Entities.CodeGen.EntitiesILPostProcessors
info: Unity.ILPP.Runner.PostProcessingPipeline[0]
      running Unity.Entities.CodeGen.EntitiesILPostProcessors
info: Unity.ILPP.Runner.PostProcessingPipeline[0]
      running Unity.Jobs.CodeGen.JobsILPostProcessor
info: Unity.ILPP.Runner.PostProcessingPipeline[0]
      running zzzUnity.Burst.CodeGen.BurstILPostProcessor
info: Microsoft.AspNetCore.Routing.EndpointMiddleware[1]
      Executed endpoint 'gRPC - /UnityILPP.PostProcessing/PostProcessAssembly'
info: Microsoft.AspNetCore.Hosting.Diagnostics[2]
      Request finished HTTP/2 POST http://ilpp/UnityILPP.PostProcessing/PostProcessAssembly - 200 - application/grpc 32.4822ms
  - EILPP : Assembly-CSharp-firstpass : : 554ms (~196ms)
    - EILPP : Assembly-CSharp-firstpass : GetAllComponentTypes: 22ms 
    - EILPP : Assembly-CSharp-firstpass : ComponentDataPP: 47ms 
    - EILPP : Assembly-CSharp-firstpass : StaticTypeRegistryPostProcessor: 20ms 
    - EILPP : Assembly-CSharp-firstpass : WriteAssembly: 269ms 
info: Unity.ILPP.Runner.PostProcessingPipeline[0]
      running Unity.Jobs.CodeGen.JobsILPostProcessor
  - EILPP : Assembly-CSharp-Editor : : 694ms (~314ms)
    - EILPP : Assembly-CSharp-Editor : GetAllComponentTypes: 54ms 
    - EILPP : Assembly-CSharp-Editor : ComponentDataPP: 14ms 
    - EILPP : Assembly-CSharp-Editor : StaticTypeRegistryPostProcessor: 39ms 
    - EILPP : Assembly-CSharp-Editor : WriteAssembly: 273ms 
info: Unity.ILPP.Runner.PostProcessingPipeline[0]
      running Unity.Jobs.CodeGen.JobsILPostProcessor
  - EILPP : Assembly-CSharp : : 659ms (~258ms)
    - EILPP : Assembly-CSharp : GetAllComponentTypes: 62ms 
    - EILPP : Assembly-CSharp : ComponentDataPP: 12ms 
    - EILPP : Assembly-CSharp : StaticTypeRegistryPostProcessor: 27ms 
    - EILPP : Assembly-CSharp : WriteAssembly: 300ms 
info: Unity.ILPP.Runner.PostProcessingPipeline[0]
      running Unity.Jobs.CodeGen.JobsILPostProcessor
info: Unity.ILPP.Runner.PostProcessingPipeline[0]
      running zzzUnity.Burst.CodeGen.BurstILPostProcessor
info: Unity.ILPP.Runner.PostProcessingPipeline[0]
      running zzzUnity.Burst.CodeGen.BurstILPostProcessor
info: Unity.ILPP.Runner.PostProcessingPipeline[0]
      running zzzUnity.Burst.CodeGen.BurstILPostProcessor
info: Microsoft.AspNetCore.Routing.EndpointMiddleware[1]
      Executed endpoint 'gRPC - /UnityILPP.PostProcessing/PostProcessAssembly'
info: Microsoft.AspNetCore.Hosting.Diagnostics[2]
      Request finished HTTP/2 POST http://ilpp/UnityILPP.PostProcessing/PostProcessAssembly - 200 - application/grpc 1164.7305ms
  - EILPP : Assembly-CSharp-Editor-firstpass : : 1094ms (~218ms)
    - EILPP : Assembly-CSharp-Editor-firstpass : GetAllComponentTypes: 122ms 
    - EILPP : Assembly-CSharp-Editor-firstpass : ComponentDataPP: 3ms 
    - EILPP : Assembly-CSharp-Editor-firstpass : StaticTypeRegistryPostProcessor: 26ms 
    - EILPP : Assembly-CSharp-Editor-firstpass : WriteAssembly: 725ms 
info: Unity.ILPP.Runner.PostProcessingPipeline[0]
      running Unity.Jobs.CodeGen.JobsILPostProcessor
info: Microsoft.AspNetCore.Routing.EndpointMiddleware[1]
      Executed endpoint 'gRPC - /UnityILPP.PostProcessing/PostProcessAssembly'
info: Microsoft.AspNetCore.Routing.EndpointMiddleware[1]
      Executed endpoint 'gRPC - /UnityILPP.PostProcessing/PostProcessAssembly'
info: Microsoft.AspNetCore.Hosting.Diagnostics[2]
      Request finished HTTP/2 POST http://ilpp/UnityILPP.PostProcessing/PostProcessAssembly - 200 - application/grpc 1131.8962ms
info: Microsoft.AspNetCore.Hosting.Diagnostics[2]
      Request finished HTTP/2 POST http://ilpp/UnityILPP.PostProcessing/PostProcessAssembly - 200 - application/grpc 1217.6433ms
info: Unity.ILPP.Runner.PostProcessingPipeline[0]
      running zzzUnity.Burst.CodeGen.BurstILPostProcessor
info: Microsoft.AspNetCore.Routing.EndpointMiddleware[1]
      Executed endpoint 'gRPC - /UnityILPP.PostProcessing/PostProcessAssembly'
info: Microsoft.AspNetCore.Hosting.Diagnostics[2]
      Request finished HTTP/2 POST http://ilpp/UnityILPP.PostProcessing/PostProcessAssembly - 200 - application/grpc 1534.9009ms
ExitCode: 0 Duration: 3s706ms
[1509/2034  0s] ILPP-Configuration Library/ilpp-configuration.nevergeneratedoutput
[2014/2034  1s] Csc Library/Bee/artifacts/1900b0aEDbg.dag/Hecton8.Editor.dll (+2 others)
[2019/2034  0s] ILPostProcess Library/Bee/artifacts/1900b0aEDbg.dag/post-processed/Hecton8.Editor.dll (+pdb)
Processing assembly Library/Bee/artifacts/1900b0aEDbg.dag/Hecton8.Editor.dll, with 159 defines and 323 references

processors: Unity.Entities.CodeGen.EntitiesILPostProcessors, Unity.Jobs.CodeGen.JobsILPostProcessor, zzzUnity.Burst.CodeGen.BurstILPostProcessor

running Unity.Entities.CodeGen.EntitiesILPostProcessors

running Unity.Jobs.CodeGen.JobsILPostProcessor

running zzzUnity.Burst.CodeGen.BurstILPostProcessor
[2020/2034  0s] CopyFiles Library/ScriptAssemblies/Hecton8.Editor.pdb
[2021/2034  0s] CopyFiles Library/ScriptAssemblies/Hecton8.Editor.dll
[2022/2034  1s] ILPostProcess Library/Bee/artifacts/1900b0aEDbg.dag/post-processed/Assembly-CSharp-Editor.dll (+pdb)
Processing assembly Library/Bee/artifacts/1900b0aEDbg.dag/Assembly-CSharp-Editor.dll, with 159 defines and 461 references

processors: Unity.Entities.CodeGen.EntitiesILPostProcessors, Unity.Jobs.CodeGen.JobsILPostProcessor, zzzUnity.Burst.CodeGen.BurstILPostProcessor

running Unity.Entities.CodeGen.EntitiesILPostProcessors

running Unity.Jobs.CodeGen.JobsILPostProcessor

running zzzUnity.Burst.CodeGen.BurstILPostProcessor
[2023/2034  1s] ILPostProcess Library/Bee/artifacts/1900b0aEDbg.dag/post-processed/Assembly-CSharp.dll (+pdb)
Processing assembly Library/Bee/artifacts/1900b0aEDbg.dag/Assembly-CSharp.dll, with 161 defines and 436 references

processors: Unity.Entities.CodeGen.EntitiesILPostProcessors, Unity.Jobs.CodeGen.JobsILPostProcessor, zzzUnity.Burst.CodeGen.BurstILPostProcessor

running Unity.Entities.CodeGen.EntitiesILPostProcessors

running Unity.Jobs.CodeGen.JobsILPostProcessor

running zzzUnity.Burst.CodeGen.BurstILPostProcessor
[2024/2034  1s] ILPostProcess Library/Bee/artifacts/1900b0aEDbg.dag/post-processed/Assembly-CSharp-firstpass.dll (+pdb)
Processing assembly Library/Bee/artifacts/1900b0aEDbg.dag/Assembly-CSharp-firstpass.dll, with 161 defines and 435 references

processors: Unity.Entities.CodeGen.EntitiesILPostProcessors, Unity.Jobs.CodeGen.JobsILPostProcessor, zzzUnity.Burst.CodeGen.BurstILPostProcessor

running Unity.Entities.CodeGen.EntitiesILPostProcessors

running Unity.Jobs.CodeGen.JobsILPostProcessor

running zzzUnity.Burst.CodeGen.BurstILPostProcessor
[2031/2034  1s] ILPostProcess Library/Bee/artifacts/1900b0aEDbg.dag/post-processed/Assembly-CSharp-Editor-firstpass.dll (+pdb)
Processing assembly Library/Bee/artifacts/1900b0aEDbg.dag/Assembly-CSharp-Editor-firstpass.dll, with 159 defines and 459 references

processors: Unity.Entities.CodeGen.EntitiesILPostProcessors, Unity.Jobs.CodeGen.JobsILPostProcessor, zzzUnity.Burst.CodeGen.BurstILPostProcessor

running Unity.Entities.CodeGen.EntitiesILPostProcessors

running Unity.Jobs.CodeGen.JobsILPostProcessor

running zzzUnity.Burst.CodeGen.BurstILPostProcessor
*** Tundra build success (3.66 seconds), 9 items updated, 2034 evaluated
Reloading assemblies after finishing script compilation.
Reloading assemblies after forced synchronous recompile.
Assembly DocCodeExamples.dll at Library/ScriptAssemblies/DocCodeExamples.dll not valid. Loading of assembly skipped.
Assembly DocCodeSamples.dll at Library/ScriptAssemblies/DocCodeSamples.dll not valid. Loading of assembly skipped.
Assembly Hecton8.EditModeTests.dll at Library/ScriptAssemblies/Hecton8.EditModeTests.dll not valid. Loading of assembly skipped.
Assembly Hecton8.PlayModeTests.dll at Library/ScriptAssemblies/Hecton8.PlayModeTests.dll not valid. Loading of assembly skipped.
Assembly MockTests.dll at Library/ScriptAssemblies/MockTests.dll not valid. Loading of assembly skipped.
Assembly TestNewCustomAssembly.dll at Library/ScriptAssemblies/TestNewCustomAssembly.dll not valid. Loading of assembly skipped.
Assembly TypeDependencyCacheTestAssembly.dll at Library/ScriptAssemblies/TypeDependencyCacheTestAssembly.dll not valid. Loading of assembly skipped.
Assembly Unity.2D.Sprite.Package.EditorTests.dll at Library/ScriptAssemblies/Unity.2D.Sprite.Package.EditorTests.dll not valid. Loading of assembly skipped.
Assembly Unity.Burst.Tests.dll at Library/ScriptAssemblies/Unity.Burst.Tests.dll not valid. Loading of assembly skipped.
Assembly Unity.Collections.BurstCompatibilityGen.dll at Library/ScriptAssemblies/Unity.Collections.BurstCompatibilityGen.dll not valid. Loading of assembly skipped.
Assembly Unity.Collections.DocCodeSamples.dll at Library/ScriptAssemblies/Unity.Collections.DocCodeSamples.dll not valid. Loading of assembly skipped.
Assembly Unity.Collections.PerformanceTests.dll at Library/ScriptAssemblies/Unity.Collections.PerformanceTests.dll not valid. Loading of assembly skipped.
Assembly Unity.Collections.Tests.dll at Library/ScriptAssemblies/Unity.Collections.Tests.dll not valid. Loading of assembly skipped.
Assembly Unity.Collections.Tests.Playmode.dll at Library/ScriptAssemblies/Unity.Collections.Tests.Playmode.dll not valid. Loading of assembly skipped.
Assembly Unity.Entities.CodeGen.Tests.dll at Library/ScriptAssemblies/Unity.Entities.CodeGen.Tests.dll not valid. Loading of assembly skipped.
Assembly Unity.Entities.ContentDelivery.Tests.dll at Library/ScriptAssemblies/Unity.Entities.ContentDelivery.Tests.dll not valid. Loading of assembly skipped.
Assembly Unity.Entities.Editor.PerformanceTests.dll at Library/ScriptAssemblies/Unity.Entities.Editor.PerformanceTests.dll not valid. Loading of assembly skipped.
Assembly Unity.Entities.Editor.Tests.dll at Library/ScriptAssemblies/Unity.Entities.Editor.Tests.dll not valid. Loading of assembly skipped.
Assembly Unity.Entities.Hybrid.EndToEnd.Tests.dll at Library/ScriptAssemblies/Unity.Entities.Hybrid.EndToEnd.Tests.dll not valid. Loading of assembly skipped.
Assembly Unity.Entities.Hybrid.PerformanceTests.dll at Library/ScriptAssemblies/Unity.Entities.Hybrid.PerformanceTests.dll not valid. Loading of assembly skipped.
Assembly Unity.Entities.Hybrid.Tests.dll at Library/ScriptAssemblies/Unity.Entities.Hybrid.Tests.dll not valid. Loading of assembly skipped.
Assembly Unity.Entities.Hybrid.Tests.ExcludedAssembly.dll at Library/ScriptAssemblies/Unity.Entities.Hybrid.Tests.ExcludedAssembly.dll not valid. Loading of assembly skipped.
Assembly Unity.Entities.Hybrid.Tests.SeparateAssembly.dll at Library/ScriptAssemblies/Unity.Entities.Hybrid.Tests.SeparateAssembly.dll not valid. Loading of assembly skipped.
Assembly Unity.Entities.PerformanceTests.dll at Library/ScriptAssemblies/Unity.Entities.PerformanceTests.dll not valid. Loading of assembly skipped.
Assembly Unity.Entities.TestComponents.dll at Library/ScriptAssemblies/Unity.Entities.TestComponents.dll not valid. Loading of assembly skipped.
Assembly Unity.Entities.Tests.dll at Library/ScriptAssemblies/Unity.Entities.Tests.dll not valid. Loading of assembly skipped.
Assembly Unity.Entities.Tests.InAnotherAssembly.dll at Library/ScriptAssemblies/Unity.Entities.Tests.InAnotherAssembly.dll not valid. Loading of assembly skipped.
Assembly Unity.Entities.Tests.InAnotherEmptyAssembly.dll at Library/ScriptAssemblies/Unity.Entities.Tests.InAnotherEmptyAssembly.dll not valid. Loading of assembly skipped.
Assembly Unity.InputSystem.IntegrationTests.dll at Library/ScriptAssemblies/Unity.InputSystem.IntegrationTests.dll not valid. Loading of assembly skipped.
Assembly Unity.Mathematics.Extensions.Tests.dll at Library/ScriptAssemblies/Unity.Mathematics.Extensions.Tests.dll not valid. Loading of assembly skipped.
Assembly Unity.Mathematics.Tests.dll at Library/ScriptAssemblies/Unity.Mathematics.Tests.dll not valid. Loading of assembly skipped.
Assembly Unity.Multiplayer.Center.Editor.Tests.dll at Library/ScriptAssemblies/Unity.Multiplayer.Center.Editor.Tests.dll not valid. Loading of assembly skipped.
Assembly Unity.Multiplayer.Center.Tests.dll at Library/ScriptAssemblies/Unity.Multiplayer.Center.Tests.dll not valid. Loading of assembly skipped.
Assembly Unity.Nuget.Mono-Cecil.dll at Library/ScriptAssemblies/Unity.Nuget.Mono-Cecil.dll not valid. Loading of assembly skipped.
Assembly Unity.PathTracing.Editor.Tests.dll at Library/ScriptAssemblies/Unity.PathTracing.Editor.Tests.dll not valid. Loading of assembly skipped.
Assembly Unity.PathTracing.Runtime.Tests.dll at Library/ScriptAssemblies/Unity.PathTracing.Runtime.Tests.dll not valid. Loading of assembly skipped.
Assembly Unity.Properties.CodeGen.IntegrationTests.DependencyA.dll at Library/ScriptAssemblies/Unity.Properties.CodeGen.IntegrationTests.DependencyA.dll not valid. Loading of assembly skipped.
Assembly Unity.Properties.CodeGen.IntegrationTests.DependencyB.dll at Library/ScriptAssemblies/Unity.Properties.CodeGen.IntegrationTests.DependencyB.dll not valid. Loading of assembly skipped.
Assembly Unity.Properties.CodeGen.IntegrationTests.DependencyC.dll at Library/ScriptAssemblies/Unity.Properties.CodeGen.IntegrationTests.DependencyC.dll not valid. Loading of assembly skipped.
Assembly Unity.Properties.CodeGen.IntegrationTests.dll at Library/ScriptAssemblies/Unity.Properties.CodeGen.IntegrationTests.dll not valid. Loading of assembly skipped.
Assembly Unity.Properties.CodeGen.UntaggedAssemblyTests.dll at Library/ScriptAssemblies/Unity.Properties.CodeGen.UntaggedAssemblyTests.dll not valid. Loading of assembly skipped.
Assembly Unity.Properties.dll at Library/ScriptAssemblies/Unity.Properties.dll not valid. Loading of assembly skipped.
Assembly Unity.Properties.PerformanceTests.dll at Library/ScriptAssemblies/Unity.Properties.PerformanceTests.dll not valid. Loading of assembly skipped.
Assembly Unity.Properties.Reflection.Tests.dll at Library/ScriptAssemblies/Unity.Properties.Reflection.Tests.dll not valid. Loading of assembly skipped.
Assembly Unity.Properties.Tests.dll at Library/ScriptAssemblies/Unity.Properties.Tests.dll not valid. Loading of assembly skipped.
Assembly Unity.RenderPipelines.Core.Editor.Tests.dll at Library/ScriptAssemblies/Unity.RenderPipelines.Core.Editor.Tests.dll not valid. Loading of assembly skipped.
Assembly Unity.RenderPipelines.Core.Runtime.Tests.dll at Library/ScriptAssemblies/Unity.RenderPipelines.Core.Runtime.Tests.dll not valid. Loading of assembly skipped.
Assembly Unity.RenderPipelines.Universal.Config.Editor.Tests.dll at Library/ScriptAssemblies/Unity.RenderPipelines.Universal.Config.Editor.Tests.dll not valid. Loading of assembly skipped.
Assembly Unity.RenderPipelines.Universal.Editor.Tests.dll at Library/ScriptAssemblies/Unity.RenderPipelines.Universal.Editor.Tests.dll not valid. Loading of assembly skipped.
Assembly Unity.RenderPipelines.Universal.Runtime.Tests.dll at Library/ScriptAssemblies/Unity.RenderPipelines.Universal.Runtime.Tests.dll not valid. Loading of assembly skipped.
Assembly Unity.Scenes.Editor.PerformanceTests.dll at Library/ScriptAssemblies/Unity.Scenes.Editor.PerformanceTests.dll not valid. Loading of assembly skipped.
Assembly Unity.Scenes.Editor.Tests.dll at Library/ScriptAssemblies/Unity.Scenes.Editor.Tests.dll not valid. Loading of assembly skipped.
Assembly Unity.Scenes.Hybrid.Tests.dll at Library/ScriptAssemblies/Unity.Scenes.Hybrid.Tests.dll not valid. Loading of assembly skipped.
Assembly Unity.Scenes.Hybrid.Tests.Editmode.Content.dll at Library/ScriptAssemblies/Unity.Scenes.Hybrid.Tests.Editmode.Content.dll not valid. Loading of assembly skipped.
Assembly Unity.Scenes.Hybrid.Tests.Playmode.dll at Library/ScriptAssemblies/Unity.Scenes.Hybrid.Tests.Playmode.dll not valid. Loading of assembly skipped.
Assembly Unity.Scenes.PerformanceTests.dll at Library/ScriptAssemblies/Unity.Scenes.PerformanceTests.dll not valid. Loading of assembly skipped.
Assembly Unity.Scenes.Tests.dll at Library/ScriptAssemblies/Unity.Scenes.Tests.dll not valid. Loading of assembly skipped.
Assembly Unity.ScriptableBuildPipeline.Editor.Tests.dll at Library/ScriptAssemblies/Unity.ScriptableBuildPipeline.Editor.Tests.dll not valid. Loading of assembly skipped.
Assembly Unity.ScriptableBuildPipeline.Tests.dll at Library/ScriptAssemblies/Unity.ScriptableBuildPipeline.Tests.dll not valid. Loading of assembly skipped.
Assembly Unity.ScriptableBuildPipelineTests.Runtime.Tests.dll at Library/ScriptAssemblies/Unity.ScriptableBuildPipelineTests.Runtime.Tests.dll not valid. Loading of assembly skipped.
Assembly Unity.Searcher.EditorTests.dll at Library/ScriptAssemblies/Unity.Searcher.EditorTests.dll not valid. Loading of assembly skipped.
Assembly Unity.Serialization.Tests.dll at Library/ScriptAssemblies/Unity.Serialization.Tests.dll not valid. Loading of assembly skipped.
Assembly Unity.Settings.Tests.dll at Library/ScriptAssemblies/Unity.Settings.Tests.dll not valid. Loading of assembly skipped.
Assembly Unity.ShaderGraph.Editor.Tests.dll at Library/ScriptAssemblies/Unity.ShaderGraph.Editor.Tests.dll not valid. Loading of assembly skipped.
Assembly Unity.SharpZipLib.Editor.Tests.dll at Library/ScriptAssemblies/Unity.SharpZipLib.Editor.Tests.dll not valid. Loading of assembly skipped.
Assembly Unity.SharpZipLib.Tests.dll at Library/ScriptAssemblies/Unity.SharpZipLib.Tests.dll not valid. Loading of assembly skipped.
Assembly Unity.TextMeshPro.Editor.Tests.dll at Library/ScriptAssemblies/Unity.TextMeshPro.Editor.Tests.dll not valid. Loading of assembly skipped.
Assembly Unity.TextMeshPro.Tests.dll at Library/ScriptAssemblies/Unity.TextMeshPro.Tests.dll not valid. Loading of assembly skipped.
Assembly Unity.Transforms.Hybrid.Tests.dll at Library/ScriptAssemblies/Unity.Transforms.Hybrid.Tests.dll not valid. Loading of assembly skipped.
Assembly Unity.Transforms.PerformanceTests.dll at Library/ScriptAssemblies/Unity.Transforms.PerformanceTests.dll not valid. Loading of assembly skipped.
Assembly Unity.Transforms.Tests.dll at Library/ScriptAssemblies/Unity.Transforms.Tests.dll not valid. Loading of assembly skipped.
Assembly Unity.UnifiedRayTracing.Editor.Tests.dll at Library/ScriptAssemblies/Unity.UnifiedRayTracing.Editor.Tests.dll not valid. Loading of assembly skipped.
Assembly UnityEditor.UI.Common.Tests.dll at Library/ScriptAssemblies/UnityEditor.UI.Common.Tests.dll not valid. Loading of assembly skipped.
Assembly UnityEditor.UI.EditorTests.dll at Library/ScriptAssemblies/UnityEditor.UI.EditorTests.dll not valid. Loading of assembly skipped.
Assembly UnityEngine.UI.Tests.dll at Library/ScriptAssemblies/UnityEngine.UI.Tests.dll not valid. Loading of assembly skipped.
Begin MonoManager ReloadAssembly
Total cache size 268319600
Total cache size after purge 268319600, took 00:00:01.2601411
Assembly DocCodeExamples.dll at Library/ScriptAssemblies/DocCodeExamples.dll not valid. Loading of assembly skipped.
Assembly DocCodeSamples.dll at Library/ScriptAssemblies/DocCodeSamples.dll not valid. Loading of assembly skipped.
Assembly Hecton8.EditModeTests.dll at Library/ScriptAssemblies/Hecton8.EditModeTests.dll not valid. Loading of assembly skipped.
Assembly Hecton8.PlayModeTests.dll at Library/ScriptAssemblies/Hecton8.PlayModeTests.dll not valid. Loading of assembly skipped.
Assembly MockTests.dll at Library/ScriptAssemblies/MockTests.dll not valid. Loading of assembly skipped.
Assembly TestNewCustomAssembly.dll at Library/ScriptAssemblies/TestNewCustomAssembly.dll not valid. Loading of assembly skipped.
Assembly TypeDependencyCacheTestAssembly.dll at Library/ScriptAssemblies/TypeDependencyCacheTestAssembly.dll not valid. Loading of assembly skipped.
Assembly Unity.2D.Sprite.Package.EditorTests.dll at Library/ScriptAssemblies/Unity.2D.Sprite.Package.EditorTests.dll not valid. Loading of assembly skipped.
Assembly Unity.Burst.Tests.dll at Library/ScriptAssemblies/Unity.Burst.Tests.dll not valid. Loading of assembly skipped.
Assembly Unity.Collections.BurstCompatibilityGen.dll at Library/ScriptAssemblies/Unity.Collections.BurstCompatibilityGen.dll not valid. Loading of assembly skipped.
Assembly Unity.Collections.DocCodeSamples.dll at Library/ScriptAssemblies/Unity.Collections.DocCodeSamples.dll not valid. Loading of assembly skipped.
Assembly Unity.Collections.PerformanceTests.dll at Library/ScriptAssemblies/Unity.Collections.PerformanceTests.dll not valid. Loading of assembly skipped.
Assembly Unity.Collections.Tests.dll at Library/ScriptAssemblies/Unity.Collections.Tests.dll not valid. Loading of assembly skipped.
Assembly Unity.Collections.Tests.Playmode.dll at Library/ScriptAssemblies/Unity.Collections.Tests.Playmode.dll not valid. Loading of assembly skipped.
Assembly Unity.Entities.CodeGen.Tests.dll at Library/ScriptAssemblies/Unity.Entities.CodeGen.Tests.dll not valid. Loading of assembly skipped.
Assembly Unity.Entities.ContentDelivery.Tests.dll at Library/ScriptAssemblies/Unity.Entities.ContentDelivery.Tests.dll not valid. Loading of assembly skipped.
Assembly Unity.Entities.Editor.PerformanceTests.dll at Library/ScriptAssemblies/Unity.Entities.Editor.PerformanceTests.dll not valid. Loading of assembly skipped.
Assembly Unity.Entities.Editor.Tests.dll at Library/ScriptAssemblies/Unity.Entities.Editor.Tests.dll not valid. Loading of assembly skipped.
Assembly Unity.Entities.Hybrid.EndToEnd.Tests.dll at Library/ScriptAssemblies/Unity.Entities.Hybrid.EndToEnd.Tests.dll not valid. Loading of assembly skipped.
Assembly Unity.Entities.Hybrid.PerformanceTests.dll at Library/ScriptAssemblies/Unity.Entities.Hybrid.PerformanceTests.dll not valid. Loading of assembly skipped.
Assembly Unity.Entities.Hybrid.Tests.dll at Library/ScriptAssemblies/Unity.Entities.Hybrid.Tests.dll not valid. Loading of assembly skipped.
Assembly Unity.Entities.Hybrid.Tests.ExcludedAssembly.dll at Library/ScriptAssemblies/Unity.Entities.Hybrid.Tests.ExcludedAssembly.dll not valid. Loading of assembly skipped.
Assembly Unity.Entities.Hybrid.Tests.SeparateAssembly.dll at Library/ScriptAssemblies/Unity.Entities.Hybrid.Tests.SeparateAssembly.dll not valid. Loading of assembly skipped.
Assembly Unity.Entities.PerformanceTests.dll at Library/ScriptAssemblies/Unity.Entities.PerformanceTests.dll not valid. Loading of assembly skipped.
Assembly Unity.Entities.TestComponents.dll at Library/ScriptAssemblies/Unity.Entities.TestComponents.dll not valid. Loading of assembly skipped.
Assembly Unity.Entities.Tests.dll at Library/ScriptAssemblies/Unity.Entities.Tests.dll not valid. Loading of assembly skipped.
Assembly Unity.Entities.Tests.InAnotherAssembly.dll at Library/ScriptAssemblies/Unity.Entities.Tests.InAnotherAssembly.dll not valid. Loading of assembly skipped.
Assembly Unity.Entities.Tests.InAnotherEmptyAssembly.dll at Library/ScriptAssemblies/Unity.Entities.Tests.InAnotherEmptyAssembly.dll not valid. Loading of assembly skipped.
Assembly Unity.InputSystem.IntegrationTests.dll at Library/ScriptAssemblies/Unity.InputSystem.IntegrationTests.dll not valid. Loading of assembly skipped.
Assembly Unity.Mathematics.Extensions.Tests.dll at Library/ScriptAssemblies/Unity.Mathematics.Extensions.Tests.dll not valid. Loading of assembly skipped.
Assembly Unity.Mathematics.Tests.dll at Library/ScriptAssemblies/Unity.Mathematics.Tests.dll not valid. Loading of assembly skipped.
Assembly Unity.Multiplayer.Center.Editor.Tests.dll at Library/ScriptAssemblies/Unity.Multiplayer.Center.Editor.Tests.dll not valid. Loading of assembly skipped.
Assembly Unity.Multiplayer.Center.Tests.dll at Library/ScriptAssemblies/Unity.Multiplayer.Center.Tests.dll not valid. Loading of assembly skipped.
Assembly Unity.Nuget.Mono-Cecil.dll at Library/ScriptAssemblies/Unity.Nuget.Mono-Cecil.dll not valid. Loading of assembly skipped.
Assembly Unity.PathTracing.Editor.Tests.dll at Library/ScriptAssemblies/Unity.PathTracing.Editor.Tests.dll not valid. Loading of assembly skipped.
Assembly Unity.PathTracing.Runtime.Tests.dll at Library/ScriptAssemblies/Unity.PathTracing.Runtime.Tests.dll not valid. Loading of assembly skipped.
Assembly Unity.Properties.CodeGen.IntegrationTests.DependencyA.dll at Library/ScriptAssemblies/Unity.Properties.CodeGen.IntegrationTests.DependencyA.dll not valid. Loading of assembly skipped.
Assembly Unity.Properties.CodeGen.IntegrationTests.DependencyB.dll at Library/ScriptAssemblies/Unity.Properties.CodeGen.IntegrationTests.DependencyB.dll not valid. Loading of assembly skipped.
Assembly Unity.Properties.CodeGen.IntegrationTests.DependencyC.dll at Library/ScriptAssemblies/Unity.Properties.CodeGen.IntegrationTests.DependencyC.dll not valid. Loading of assembly skipped.
Assembly Unity.Properties.CodeGen.IntegrationTests.dll at Library/ScriptAssemblies/Unity.Properties.CodeGen.IntegrationTests.dll not valid. Loading of assembly skipped.
Assembly Unity.Properties.CodeGen.UntaggedAssemblyTests.dll at Library/ScriptAssemblies/Unity.Properties.CodeGen.UntaggedAssemblyTests.dll not valid. Loading of assembly skipped.
Assembly Unity.Properties.dll at Library/ScriptAssemblies/Unity.Properties.dll not valid. Loading of assembly skipped.
Assembly Unity.Properties.PerformanceTests.dll at Library/ScriptAssemblies/Unity.Properties.PerformanceTests.dll not valid. Loading of assembly skipped.
Assembly Unity.Properties.Reflection.Tests.dll at Library/ScriptAssemblies/Unity.Properties.Reflection.Tests.dll not valid. Loading of assembly skipped.
Assembly Unity.Properties.Tests.dll at Library/ScriptAssemblies/Unity.Properties.Tests.dll not valid. Loading of assembly skipped.
Assembly Unity.RenderPipelines.Core.Editor.Tests.dll at Library/ScriptAssemblies/Unity.RenderPipelines.Core.Editor.Tests.dll not valid. Loading of assembly skipped.
Assembly Unity.RenderPipelines.Core.Runtime.Tests.dll at Library/ScriptAssemblies/Unity.RenderPipelines.Core.Runtime.Tests.dll not valid. Loading of assembly skipped.
Assembly Unity.RenderPipelines.Universal.Config.Editor.Tests.dll at Library/ScriptAssemblies/Unity.RenderPipelines.Universal.Config.Editor.Tests.dll not valid. Loading of assembly skipped.
Assembly Unity.RenderPipelines.Universal.Editor.Tests.dll at Library/ScriptAssemblies/Unity.RenderPipelines.Universal.Editor.Tests.dll not valid. Loading of assembly skipped.
Assembly Unity.RenderPipelines.Universal.Runtime.Tests.dll at Library/ScriptAssemblies/Unity.RenderPipelines.Universal.Runtime.Tests.dll not valid. Loading of assembly skipped.
Assembly Unity.Scenes.Editor.PerformanceTests.dll at Library/ScriptAssemblies/Unity.Scenes.Editor.PerformanceTests.dll not valid. Loading of assembly skipped.
Assembly Unity.Scenes.Editor.Tests.dll at Library/ScriptAssemblies/Unity.Scenes.Editor.Tests.dll not valid. Loading of assembly skipped.
Assembly Unity.Scenes.Hybrid.Tests.dll at Library/ScriptAssemblies/Unity.Scenes.Hybrid.Tests.dll not valid. Loading of assembly skipped.
Assembly Unity.Scenes.Hybrid.Tests.Editmode.Content.dll at Library/ScriptAssemblies/Unity.Scenes.Hybrid.Tests.Editmode.Content.dll not valid. Loading of assembly skipped.
Assembly Unity.Scenes.Hybrid.Tests.Playmode.dll at Library/ScriptAssemblies/Unity.Scenes.Hybrid.Tests.Playmode.dll not valid. Loading of assembly skipped.
Assembly Unity.Scenes.PerformanceTests.dll at Library/ScriptAssemblies/Unity.Scenes.PerformanceTests.dll not valid. Loading of assembly skipped.
Assembly Unity.Scenes.Tests.dll at Library/ScriptAssemblies/Unity.Scenes.Tests.dll not valid. Loading of assembly skipped.
Assembly Unity.ScriptableBuildPipeline.Editor.Tests.dll at Library/ScriptAssemblies/Unity.ScriptableBuildPipeline.Editor.Tests.dll not valid. Loading of assembly skipped.
Assembly Unity.ScriptableBuildPipeline.Tests.dll at Library/ScriptAssemblies/Unity.ScriptableBuildPipeline.Tests.dll not valid. Loading of assembly skipped.
Assembly Unity.ScriptableBuildPipelineTests.Runtime.Tests.dll at Library/ScriptAssemblies/Unity.ScriptableBuildPipelineTests.Runtime.Tests.dll not valid. Loading of assembly skipped.
Assembly Unity.Searcher.EditorTests.dll at Library/ScriptAssemblies/Unity.Searcher.EditorTests.dll not valid. Loading of assembly skipped.
Assembly Unity.Serialization.Tests.dll at Library/ScriptAssemblies/Unity.Serialization.Tests.dll not valid. Loading of assembly skipped.
Assembly Unity.Settings.Tests.dll at Library/ScriptAssemblies/Unity.Settings.Tests.dll not valid. Loading of assembly skipped.
Assembly Unity.ShaderGraph.Editor.Tests.dll at Library/ScriptAssemblies/Unity.ShaderGraph.Editor.Tests.dll not valid. Loading of assembly skipped.
Assembly Unity.SharpZipLib.Editor.Tests.dll at Library/ScriptAssemblies/Unity.SharpZipLib.Editor.Tests.dll not valid. Loading of assembly skipped.
Assembly Unity.SharpZipLib.Tests.dll at Library/ScriptAssemblies/Unity.SharpZipLib.Tests.dll not valid. Loading of assembly skipped.
Assembly Unity.TextMeshPro.Editor.Tests.dll at Library/ScriptAssemblies/Unity.TextMeshPro.Editor.Tests.dll not valid. Loading of assembly skipped.
Assembly Unity.TextMeshPro.Tests.dll at Library/ScriptAssemblies/Unity.TextMeshPro.Tests.dll not valid. Loading of assembly skipped.
Assembly Unity.Transforms.Hybrid.Tests.dll at Library/ScriptAssemblies/Unity.Transforms.Hybrid.Tests.dll not valid. Loading of assembly skipped.
Assembly Unity.Transforms.PerformanceTests.dll at Library/ScriptAssemblies/Unity.Transforms.PerformanceTests.dll not valid. Loading of assembly skipped.
Assembly Unity.Transforms.Tests.dll at Library/ScriptAssemblies/Unity.Transforms.Tests.dll not valid. Loading of assembly skipped.
Assembly Unity.UnifiedRayTracing.Editor.Tests.dll at Library/ScriptAssemblies/Unity.UnifiedRayTracing.Editor.Tests.dll not valid. Loading of assembly skipped.
Assembly UnityEditor.UI.Common.Tests.dll at Library/ScriptAssemblies/UnityEditor.UI.Common.Tests.dll not valid. Loading of assembly skipped.
Assembly UnityEditor.UI.EditorTests.dll at Library/ScriptAssemblies/UnityEditor.UI.EditorTests.dll not valid. Loading of assembly skipped.
Assembly UnityEngine.UI.Tests.dll at Library/ScriptAssemblies/UnityEngine.UI.Tests.dll not valid. Loading of assembly skipped.
Symbol file LoadedFromMemory is not a mono symbol file
Refreshing native plugins compatible for Editor in 11.83 ms, found 31 plugins.
Native extension for WindowsStandalone target not found
[MODES] ModeService[none].Initialize
[MODES] ModeService[none].LoadModes
GetVirtualKey: Could not map char: z (122) to any virtual key
GetVirtualKey: Could not map char: y (121) to any virtual key
GetVirtualKey: Could not map char: x (120) to any virtual key
GetVirtualKey: Could not map char: c (99) to any virtual key
GetVirtualKey: Could not map char: v (118) to any virtual key
GetVirtualKey: Could not map char: V (86) to any virtual key
GetVirtualKey: Could not map char: d (100) to any virtual key
GetVirtualKey: Could not map char: f (102) to any virtual key
GetVirtualKey: Could not map char: f (102) to any virtual key
GetVirtualKey: Could not map char: a (97) to any virtual key
GetVirtualKey: Could not map char: d (100) to any virtual key
GetVirtualKey: Could not map char: c (99) to any virtual key
GetVirtualKey: Could not map char: r (114) to any virtual key
GetVirtualKey: Could not map char: i (105) to any virtual key
GetVirtualKey: Could not map char: b (98) to any virtual key
GetVirtualKey: Could not map char: l (108) to any virtual key
GetVirtualKey: Could not map char: s (115) to any virtual key
GetVirtualKey: Could not map char: u (117) to any virtual key
GetVirtualKey: Could not map char: l (108) to any virtual key
GetVirtualKey: Could not map char: f (102) to any virtual key
GetVirtualKey: Could not map char: k (107) to any virtual key
GetVirtualKey: Could not map char: p (112) to any virtual key
GetVirtualKey: Could not map char: p (112) to any virtual key
GetVirtualKey: Could not map char: p (112) to any virtual key
GetVirtualKey: Could not map char: c (99) to any virtual key
GetVirtualKey: Could not map char: r (114) to any virtual key
GetVirtualKey: Could not map char: P (80) to any virtual key
GetVirtualKey: Could not map char: n (110) to any virtual key
GetVirtualKey: Could not map char: n (110) to any virtual key
GetVirtualKey: Could not map char: g (103) to any virtual key
GetVirtualKey: Could not map char: G (71) to any virtual key
GetVirtualKey: Could not map char: f (102) to any virtual key
GetVirtualKey: Could not map char: f (102) to any virtual key
GetVirtualKey: Could not map char: a (97) to any virtual key
GetVirtualKey: Could not map char: a (97) to any virtual key
GetVirtualKey: Could not map char: k (107) to any virtual key
GetVirtualKey: Could not map char: g (103) to any virtual key
GetVirtualKey: Could not map char: l (108) to any virtual key
GetVirtualKey: Could not map char: p (112) to any virtual key
GetVirtualKey: Could not map char: K (75) to any virtual key
GetVirtualKey: Could not map char: G (71) to any virtual key
GetVirtualKey: Could not map char: L (76) to any virtual key
GetVirtualKey: Could not map char: R (82) to any virtual key
GetVirtualKey: Could not map char: G (71) to any virtual key
GetVirtualKey: Could not map char: X (88) to any virtual key
GetVirtualKey: Could not map char: E (69) to any virtual key
GetVirtualKey: Could not map char: N (78) to any virtual key
GetVirtualKey: Could not map char: U (85) to any virtual key
GetVirtualKey: Could not map char: E (69) to any virtual key
GetVirtualKey: Could not map char: S (83) to any virtual key
GetVirtualKey: Could not map char: X (88) to any virtual key
GetVirtualKey: Could not map char: V (86) to any virtual key
GetVirtualKey: Could not map char: m (109) to any virtual key
GetVirtualKey: Could not map char: c (99) to any virtual key
GetVirtualKey: Could not map char: u (117) to any virtual key
GetVirtualKey: Could not map char: n (110) to any virtual key
GetVirtualKey: Could not map char: o (111) to any virtual key
GetVirtualKey: Could not map char: s (115) to any virtual key
GetVirtualKey: Could not map char: s (115) to any virtual key
GetVirtualKey: Could not map char: b (98) to any virtual key
GetVirtualKey: Could not map char: b (98) to any virtual key
GetVirtualKey: Could not map char: m (109) to any virtual key
GetVirtualKey: Could not map char: p (112) to any virtual key
TypeManager.Initialize took: 411ms
ScheduleIndexationOnStartup MainProcess:True IndexOnStartup:True
Mono: successfully reloaded assembly
- Finished resetting the current domain, in 14.403 seconds
Domain Reload Profiling: 19878ms
	BeginReloadAssembly (3503ms)
		ExecutionOrderSort (3ms)
		DisableScriptedObjects (450ms)
		ReleaseScriptingObjects (5ms)
		CreateAndSetChildDomain (1754ms)
	RebuildCommonClasses (123ms)
	RebuildNativeTypeToScriptingClass (45ms)
	initialDomainReloadingComplete (262ms)
	LoadAllAssembliesAndSetupDomain (1541ms)
		LoadAssemblies (524ms)
		AnalyzeDomain (1282ms)
			TypeCache.Refresh (50ms)
				TypeCache.ScanAssembly (4ms)
			BuildScriptInfoCaches (1141ms)
			ResolveRequiredComponents (84ms)
	FinalizeReload (14404ms)
		SetupLoadedEditorAssemblies (0ms)
			InitializePlatformSupportModulesInManaged (62ms)
			BeforeProcessingInitializeOnLoad (1202ms)
			ProcessInitializeOnLoadAttributes (5803ms)
			ProcessInitializeOnLoadMethodAttributes (1568ms)
			AfterProcessingInitializeOnLoad (15ms)
			EditorAssembliesLoaded (4ms)
		ExecutionOrderSort2 (3ms)
		AwakeInstancesAfterBackupRestoration (1916ms)
(Values over 0.050ms)
Asset Pipeline Refresh (id=394f332b0c859b3479c874c7428c99ed): Total: 20.886 seconds - Initiated by StopAssetImportingV2(ForceSynchronousImport | ForceDomainReload)
	Summary:
		Imports: total=0 (actual=0, local cache=0, cache server=0)
		Asset DB Process Time: managed=0 ms, native=15064 ms
		Asset DB Callback time: managed=117 ms, native=1 ms
		Scripting: domain reloads=1, domain reload time=5698 ms, compile time=3 ms, other=0 ms
		Project Asset Count: scripts=3458, non-scripts=11388
		Asset File Changes: new=0, changed=0, moved=0, deleted=0
		Scan Filter Count: 0
	InvokePackagesCallback: 6.676ms
	ApplyChangesToAssetFolders: 1.105ms
	ProcessAssetsWithTransientArtifactChanges: 16.278ms
	CategorizeAssets: 459.435ms
	CompileScripts: 2.791ms
	ImportOutOfDateAssets: 14458.865ms (14441.145ms without children)
		CollectScriptTypesHashes: 4.351ms
		ReloadNativeAssets: 10.947ms
		EnsureUptoDateAssetsAreRegisteredWithGuidPM: 4.600ms
		OnDemandSchedulerStart: 1.860ms
	PostProcessAllAssets: 117.494ms
		MonoPostProcessAllAssets: 117.484ms
			TextureArrayPreProcessor.OnPostprocessAllAssets 86.188ms
			UniversalRenderPipelineGlobalSettingsPostprocessor.OnPostprocessAllAssets 42.819ms
			WindowAssetPostprocessingWatcher.OnPostprocessAllAssets 15.060ms
			SyncVS.PostprocessSyncProject 14.277ms
			RenderPipelineGlobalSettingsPostprocessor.OnPostprocessAllAssets 3.533ms
			SpeedTree9Postprocessor.OnPostprocessAllAssets 2.757ms
			AssetPostProcessor.OnPostprocessAllAssets 1.554ms
			ReferencedClipsPostProcessor.OnPostprocessAllAssets 1.322ms
			SpriteEditorTexturePostprocessor.OnPostprocessAllAssets 0.975ms
			AssetDatabaseCallbacks.OnPostprocessAllAssets 0.838ms
			AssetPostprocessor.OnPostprocessAllAssets 0.509ms
			InputActionAssetPostprocessor.OnPostprocessAllAssets 0.454ms
			TerrainToolbarOverlayPostProcessor.OnPostprocessAllAssets 0.306ms
			ProjectSettingsPostprocessor.OnPostprocessAllAssets 0.246ms
			ShaderGraphAssetPostProcessor.OnPostprocessAllAssets 0.226ms
			TMPro_TexturePostProcessor.OnPostprocessAllAssets 0.126ms
			AssetChangedListener.OnPostprocessAllAssets 0.083ms
			PostProcessor.OnPostprocessAllAssets 0.064ms
	GatherAllCurrentPrimaryImportResultRevisions: 2.037ms
	UnloadStreamsBegin: 0.103ms
	PersistCurrentRevisions: 0.950ms
	GenerateScriptTypeHashes: 43.057ms
	GenerateScriptTypeSerializationHashes: 58.826ms
	Untracked: 5806.182ms

Unloading 0 Unused Serialized files (Serialized files now loaded: 0)
[Licensing::Client] Successfully resolved entitlement details
Asset Pipeline Refresh (id=1d7ebf3b78ef939448f2bd16f21fe368): Total: 0.007 seconds - Initiated by StopAssetImportingV2(NoUpdateAssetOptions)
Asset Pipeline Refresh (id=835310a38576552429a53c56105abb07): Total: 0.005 seconds - Initiated by StopAssetImportingV2(NoUpdateAssetOptions)
Asset Pipeline Refresh (id=bfc3e0f2c19b39f4185e1ccfc0a4e7f7): Total: 0.006 seconds - Initiated by StopAssetImportingV2(NoUpdateAssetOptions)
Asset Pipeline Refresh (id=87a1ff52de362594da964a04e5ea86b2): Total: 0.006 seconds - Initiated by StopAssetImportingV2(NoUpdateAssetOptions)
[Licensing::Client] Successfully resolved entitlement details
[ScriptCompilation] Requested script compilation because: AssetDatabase observed changes in script compilation related files
Refreshing native plugins compatible for Editor in 52.88 ms, found 31 plugins.
(Values over 0.050ms)
Asset Pipeline Refresh (id=6f78c4db16adeed45b98915fd1137fc6): Total: 1.569 seconds - Initiated by RefreshV2(NoUpdateAssetOptions)
	Summary:
		Imports: total=0 (actual=0, local cache=0, cache server=0)
		Asset DB Process Time: managed=0 ms, native=368 ms
		Asset DB Callback time: managed=1114 ms, native=82 ms
		Scripting: domain reloads=0, domain reload time=0 ms, compile time=2 ms, other=0 ms
		Project Asset Count: scripts=3458, non-scripts=11388
		Asset File Changes: new=0, changed=1, moved=0, deleted=0
		Scan Filter Count: 0
	ApplyChangesToAssetFolders: 0.957ms
	Scan: 75.420ms
	OnSourceAssetsModified: 2.162ms
	CategorizeScriptCompilationAssets: 0.108ms
	ProcessAssetsWithTransientArtifactChanges: 0.666ms
	CategorizeAssets: 220.194ms
	CompileScripts: 1.795ms
	ImportOutOfDateAssets: 18.000ms (3.018ms without children)
		ReloadNativeAssets: 4.291ms
		UnloadImportedAssets: 0.683ms
		EnsureUptoDateAssetsAreRegisteredWithGuidPM: 7.276ms
		OnDemandSchedulerStart: 2.714ms
	PostProcessAllAssets: 1119.079ms
		XRBuildSystem.XRAssetImported 4.779ms
		PostProcessCallbackCreateDeferredMaterials 0.121ms
		MonoPostProcessAllAssets: 1112.443ms
			TextureArrayPreProcessor.OnPostprocessAllAssets 978.242ms
			SceneAssetPostProcessor.OnPostprocessAllAssets 24.410ms
			AssetChangedListener.OnPostprocessAllAssets 22.520ms
			BuilderAssetPostprocessor.OnPostprocessAllAssets 15.202ms
			SyncVS.PostprocessSyncProject 8.692ms
			ShaderGraphAssetPostProcessor.OnPostprocessAllAssets 6.842ms
			SpriteEditorTexturePostprocessor.OnPostprocessAllAssets 5.200ms
			UtilityWindowPostProcessor.OnPostprocessAllAssets 4.403ms
			MatrixAssetTexturePostprocessor.OnPostprocessAllAssets 4.310ms
			RetainedModeAssetPostprocessor.OnPostprocessAllAssets 4.182ms
			TemplatePostProcessor.OnPostprocessAllAssets 2.438ms
			MaterialPostprocessor.OnPostprocessAllAssets 2.377ms
			InputActionJsonNameModifierAssetProcessor.OnPostprocessAllAssets 1.829ms
			PostProcessor.OnPostprocessAllAssets 1.707ms
			UVCSAssetPostprocessor.OnPostprocessAllAssets 1.425ms
			InputActionAssetPostprocessor.OnPostprocessAllAssets 1.416ms
			TextAssetPostProcessor.OnPostprocessAllAssets 1.296ms
			TMPro_TexturePostProcessor.OnPostprocessAllAssets 1.234ms
			StyleCatalogPostProcessor.OnPostprocessAllAssets 1.133ms
			ArtifactBrowserPostProcessor.OnPostprocessAllAssets 1.102ms
			AudioMixerPostprocessor.OnPostprocessAllAssets 0.907ms
			AssetEvents.OnPostprocessAllAssets 0.872ms
			SamplePostprocessor.OnPostprocessAllAssets 0.800ms
			ConfigAssetsTracker.OnPostprocessAllAssets 0.662ms
			ScenarioDriftAssetsTracker.OnPostprocessAllAssets 0.510ms
			SpeedTreePostProcessor.OnPostprocessAllAssets 0.508ms
			RenderPipelineGlobalSettingsPostprocessor.OnPostprocessAllAssets 0.385ms
			AudioContainerPostProcessor.OnPostprocessAllAssets 0.240ms
			ProjectSettingsPostprocessor.OnPostprocessAllAssets 0.095ms
			UniversalRenderPipelineGlobalSettingsPostprocessor.OnPostprocessAllAssets 0.059ms
			SpeedTree9Postprocessor.OnPostprocessAllAssets 0.058ms
			AssetPostprocessor.OnPostprocessAllAssets 0.058ms
	PostAssetChangesProfiler: 75.761ms
	GatherAllCurrentPrimaryImportResultRevisions: 5.323ms
	PersistCurrentRevisions: 1.831ms
	Untracked: 47.606ms

info: Microsoft.AspNetCore.Hosting.Diagnostics[1]
      Request starting HTTP/2 POST http://ilpp/UnityILPP.PostProcessing/Ping - application/grpc -
info: Microsoft.AspNetCore.Routing.EndpointMiddleware[0]
      Executing endpoint 'gRPC - /UnityILPP.PostProcessing/Ping'
info: Microsoft.AspNetCore.Routing.EndpointMiddleware[1]
      Executed endpoint 'gRPC - /UnityILPP.PostProcessing/Ping'
info: Microsoft.AspNetCore.Hosting.Diagnostics[2]
      Request finished HTTP/2 POST http://ilpp/UnityILPP.PostProcessing/Ping - 200 - application/grpc 0.1540ms
Starting: C:\Program Files\Unity\Hub\Editor\6000.4.1f1\Editor\Data\Tools\BuildPipeline\bee_backend.exe --ipc --defer-dag-verification --dagfile="Library/Bee/1900b0aEDbg.dag" --continue-on-failure --profile="Library/Bee/backend1.traceevents" ScriptAssemblies
WorkingDir: C:/hades/Hecton8
info: Microsoft.AspNetCore.Hosting.Diagnostics[1]
      Request starting HTTP/2 POST http://ilpp/UnityILPP.PostProcessing/ConfigurePostProcessors - application/grpc -
info: Microsoft.AspNetCore.Routing.EndpointMiddleware[0]
      Executing endpoint 'gRPC - /UnityILPP.PostProcessing/ConfigurePostProcessors'
info: Unity.ILPP.Runner.PostProcessingAssemblyLoadContext[0]
      Current configuration matches the requested one, skipping
info: Microsoft.AspNetCore.Routing.EndpointMiddleware[1]
      Executed endpoint 'gRPC - /UnityILPP.PostProcessing/ConfigurePostProcessors'
info: Microsoft.AspNetCore.Hosting.Diagnostics[2]
      Request finished HTTP/2 POST http://ilpp/UnityILPP.PostProcessing/ConfigurePostProcessors - 200 - application/grpc 2.0034ms
ExitCode: 0 Duration: 1s691ms
[1514/2034  0s] ILPP-Configuration Library/ilpp-configuration.nevergeneratedoutput
*** Tundra build success (1.62 seconds), 1 items updated, 2034 evaluated
Unloading 359 unused Assets / (1.3 MB). Loaded Objects now: 33737.
Memory consumption went from 1.55 GB to 1.55 GB.
Total: 116.254500 ms (FindLiveObjects: 3.926500 ms CreateObjectMapping: 2.867300 ms MarkObjects: 106.703400 ms  DeleteObjects: 2.755500 ms)

[Licensing::Client] Successfully resolved entitlement details
Reloading assemblies after finishing script compilation.
Reloading assemblies after forced synchronous recompile.
Assembly DocCodeExamples.dll at Library/ScriptAssemblies/DocCodeExamples.dll not valid. Loading of assembly skipped.
Assembly DocCodeSamples.dll at Library/ScriptAssemblies/DocCodeSamples.dll not valid. Loading of assembly skipped.
Assembly Hecton8.EditModeTests.dll at Library/ScriptAssemblies/Hecton8.EditModeTests.dll not valid. Loading of assembly skipped.
Assembly Hecton8.PlayModeTests.dll at Library/ScriptAssemblies/Hecton8.PlayModeTests.dll not valid. Loading of assembly skipped.
Assembly MockTests.dll at Library/ScriptAssemblies/MockTests.dll not valid. Loading of assembly skipped.
Assembly TestNewCustomAssembly.dll at Library/ScriptAssemblies/TestNewCustomAssembly.dll not valid. Loading of assembly skipped.
Assembly TypeDependencyCacheTestAssembly.dll at Library/ScriptAssemblies/TypeDependencyCacheTestAssembly.dll not valid. Loading of assembly skipped.
Assembly Unity.2D.Sprite.Package.EditorTests.dll at Library/ScriptAssemblies/Unity.2D.Sprite.Package.EditorTests.dll not valid. Loading of assembly skipped.
Assembly Unity.Burst.Tests.dll at Library/ScriptAssemblies/Unity.Burst.Tests.dll not valid. Loading of assembly skipped.
Assembly Unity.Collections.BurstCompatibilityGen.dll at Library/ScriptAssemblies/Unity.Collections.BurstCompatibilityGen.dll not valid. Loading of assembly skipped.
Assembly Unity.Collections.DocCodeSamples.dll at Library/ScriptAssemblies/Unity.Collections.DocCodeSamples.dll not valid. Loading of assembly skipped.
Assembly Unity.Collections.PerformanceTests.dll at Library/ScriptAssemblies/Unity.Collections.PerformanceTests.dll not valid. Loading of assembly skipped.
Assembly Unity.Collections.Tests.dll at Library/ScriptAssemblies/Unity.Collections.Tests.dll not valid. Loading of assembly skipped.
Assembly Unity.Collections.Tests.Playmode.dll at Library/ScriptAssemblies/Unity.Collections.Tests.Playmode.dll not valid. Loading of assembly skipped.
Assembly Unity.Entities.CodeGen.Tests.dll at Library/ScriptAssemblies/Unity.Entities.CodeGen.Tests.dll not valid. Loading of assembly skipped.
Assembly Unity.Entities.ContentDelivery.Tests.dll at Library/ScriptAssemblies/Unity.Entities.ContentDelivery.Tests.dll not valid. Loading of assembly skipped.
Assembly Unity.Entities.Editor.PerformanceTests.dll at Library/ScriptAssemblies/Unity.Entities.Editor.PerformanceTests.dll not valid. Loading of assembly skipped.
Assembly Unity.Entities.Editor.Tests.dll at Library/ScriptAssemblies/Unity.Entities.Editor.Tests.dll not valid. Loading of assembly skipped.
Assembly Unity.Entities.Hybrid.EndToEnd.Tests.dll at Library/ScriptAssemblies/Unity.Entities.Hybrid.EndToEnd.Tests.dll not valid. Loading of assembly skipped.
Assembly Unity.Entities.Hybrid.PerformanceTests.dll at Library/ScriptAssemblies/Unity.Entities.Hybrid.PerformanceTests.dll not valid. Loading of assembly skipped.
Assembly Unity.Entities.Hybrid.Tests.dll at Library/ScriptAssemblies/Unity.Entities.Hybrid.Tests.dll not valid. Loading of assembly skipped.
Assembly Unity.Entities.Hybrid.Tests.ExcludedAssembly.dll at Library/ScriptAssemblies/Unity.Entities.Hybrid.Tests.ExcludedAssembly.dll not valid. Loading of assembly skipped.
Assembly Unity.Entities.Hybrid.Tests.SeparateAssembly.dll at Library/ScriptAssemblies/Unity.Entities.Hybrid.Tests.SeparateAssembly.dll not valid. Loading of assembly skipped.
Assembly Unity.Entities.PerformanceTests.dll at Library/ScriptAssemblies/Unity.Entities.PerformanceTests.dll not valid. Loading of assembly skipped.
Assembly Unity.Entities.TestComponents.dll at Library/ScriptAssemblies/Unity.Entities.TestComponents.dll not valid. Loading of assembly skipped.
Assembly Unity.Entities.Tests.dll at Library/ScriptAssemblies/Unity.Entities.Tests.dll not valid. Loading of assembly skipped.
Assembly Unity.Entities.Tests.InAnotherAssembly.dll at Library/ScriptAssemblies/Unity.Entities.Tests.InAnotherAssembly.dll not valid. Loading of assembly skipped.
Assembly Unity.Entities.Tests.InAnotherEmptyAssembly.dll at Library/ScriptAssemblies/Unity.Entities.Tests.InAnotherEmptyAssembly.dll not valid. Loading of assembly skipped.
Assembly Unity.InputSystem.IntegrationTests.dll at Library/ScriptAssemblies/Unity.InputSystem.IntegrationTests.dll not valid. Loading of assembly skipped.
Assembly Unity.Mathematics.Extensions.Tests.dll at Library/ScriptAssemblies/Unity.Mathematics.Extensions.Tests.dll not valid. Loading of assembly skipped.
Assembly Unity.Mathematics.Tests.dll at Library/ScriptAssemblies/Unity.Mathematics.Tests.dll not valid. Loading of assembly skipped.
Assembly Unity.Multiplayer.Center.Editor.Tests.dll at Library/ScriptAssemblies/Unity.Multiplayer.Center.Editor.Tests.dll not valid. Loading of assembly skipped.
Assembly Unity.Multiplayer.Center.Tests.dll at Library/ScriptAssemblies/Unity.Multiplayer.Center.Tests.dll not valid. Loading of assembly skipped.
Assembly Unity.Nuget.Mono-Cecil.dll at Library/ScriptAssemblies/Unity.Nuget.Mono-Cecil.dll not valid. Loading of assembly skipped.
Assembly Unity.PathTracing.Editor.Tests.dll at Library/ScriptAssemblies/Unity.PathTracing.Editor.Tests.dll not valid. Loading of assembly skipped.
Assembly Unity.PathTracing.Runtime.Tests.dll at Library/ScriptAssemblies/Unity.PathTracing.Runtime.Tests.dll not valid. Loading of assembly skipped.
Assembly Unity.Properties.CodeGen.IntegrationTests.DependencyA.dll at Library/ScriptAssemblies/Unity.Properties.CodeGen.IntegrationTests.DependencyA.dll not valid. Loading of assembly skipped.
Assembly Unity.Properties.CodeGen.IntegrationTests.DependencyB.dll at Library/ScriptAssemblies/Unity.Properties.CodeGen.IntegrationTests.DependencyB.dll not valid. Loading of assembly skipped.
Assembly Unity.Properties.CodeGen.IntegrationTests.DependencyC.dll at Library/ScriptAssemblies/Unity.Properties.CodeGen.IntegrationTests.DependencyC.dll not valid. Loading of assembly skipped.
Assembly Unity.Properties.CodeGen.IntegrationTests.dll at Library/ScriptAssemblies/Unity.Properties.CodeGen.IntegrationTests.dll not valid. Loading of assembly skipped.
Assembly Unity.Properties.CodeGen.UntaggedAssemblyTests.dll at Library/ScriptAssemblies/Unity.Properties.CodeGen.UntaggedAssemblyTests.dll not valid. Loading of assembly skipped.
Assembly Unity.Properties.dll at Library/ScriptAssemblies/Unity.Properties.dll not valid. Loading of assembly skipped.
Assembly Unity.Properties.PerformanceTests.dll at Library/ScriptAssemblies/Unity.Properties.PerformanceTests.dll not valid. Loading of assembly skipped.
Assembly Unity.Properties.Reflection.Tests.dll at Library/ScriptAssemblies/Unity.Properties.Reflection.Tests.dll not valid. Loading of assembly skipped.
Assembly Unity.Properties.Tests.dll at Library/ScriptAssemblies/Unity.Properties.Tests.dll not valid. Loading of assembly skipped.
Assembly Unity.RenderPipelines.Core.Editor.Tests.dll at Library/ScriptAssemblies/Unity.RenderPipelines.Core.Editor.Tests.dll not valid. Loading of assembly skipped.
Assembly Unity.RenderPipelines.Core.Runtime.Tests.dll at Library/ScriptAssemblies/Unity.RenderPipelines.Core.Runtime.Tests.dll not valid. Loading of assembly skipped.
Assembly Unity.RenderPipelines.Universal.Config.Editor.Tests.dll at Library/ScriptAssemblies/Unity.RenderPipelines.Universal.Config.Editor.Tests.dll not valid. Loading of assembly skipped.
Assembly Unity.RenderPipelines.Universal.Editor.Tests.dll at Library/ScriptAssemblies/Unity.RenderPipelines.Universal.Editor.Tests.dll not valid. Loading of assembly skipped.
Assembly Unity.RenderPipelines.Universal.Runtime.Tests.dll at Library/ScriptAssemblies/Unity.RenderPipelines.Universal.Runtime.Tests.dll not valid. Loading of assembly skipped.
Assembly Unity.Scenes.Editor.PerformanceTests.dll at Library/ScriptAssemblies/Unity.Scenes.Editor.PerformanceTests.dll not valid. Loading of assembly skipped.
Assembly Unity.Scenes.Editor.Tests.dll at Library/ScriptAssemblies/Unity.Scenes.Editor.Tests.dll not valid. Loading of assembly skipped.
Assembly Unity.Scenes.Hybrid.Tests.dll at Library/ScriptAssemblies/Unity.Scenes.Hybrid.Tests.dll not valid. Loading of assembly skipped.
Assembly Unity.Scenes.Hybrid.Tests.Editmode.Content.dll at Library/ScriptAssemblies/Unity.Scenes.Hybrid.Tests.Editmode.Content.dll not valid. Loading of assembly skipped.
Assembly Unity.Scenes.Hybrid.Tests.Playmode.dll at Library/ScriptAssemblies/Unity.Scenes.Hybrid.Tests.Playmode.dll not valid. Loading of assembly skipped.
Assembly Unity.Scenes.PerformanceTests.dll at Library/ScriptAssemblies/Unity.Scenes.PerformanceTests.dll not valid. Loading of assembly skipped.
Assembly Unity.Scenes.Tests.dll at Library/ScriptAssemblies/Unity.Scenes.Tests.dll not valid. Loading of assembly skipped.
Assembly Unity.ScriptableBuildPipeline.Editor.Tests.dll at Library/ScriptAssemblies/Unity.ScriptableBuildPipeline.Editor.Tests.dll not valid. Loading of assembly skipped.
Assembly Unity.ScriptableBuildPipeline.Tests.dll at Library/ScriptAssemblies/Unity.ScriptableBuildPipeline.Tests.dll not valid. Loading of assembly skipped.
Assembly Unity.ScriptableBuildPipelineTests.Runtime.Tests.dll at Library/ScriptAssemblies/Unity.ScriptableBuildPipelineTests.Runtime.Tests.dll not valid. Loading of assembly skipped.
Assembly Unity.Searcher.EditorTests.dll at Library/ScriptAssemblies/Unity.Searcher.EditorTests.dll not valid. Loading of assembly skipped.
Assembly Unity.Serialization.Tests.dll at Library/ScriptAssemblies/Unity.Serialization.Tests.dll not valid. Loading of assembly skipped.
Assembly Unity.Settings.Tests.dll at Library/ScriptAssemblies/Unity.Settings.Tests.dll not valid. Loading of assembly skipped.
Assembly Unity.ShaderGraph.Editor.Tests.dll at Library/ScriptAssemblies/Unity.ShaderGraph.Editor.Tests.dll not valid. Loading of assembly skipped.
Assembly Unity.SharpZipLib.Editor.Tests.dll at Library/ScriptAssemblies/Unity.SharpZipLib.Editor.Tests.dll not valid. Loading of assembly skipped.
Assembly Unity.SharpZipLib.Tests.dll at Library/ScriptAssemblies/Unity.SharpZipLib.Tests.dll not valid. Loading of assembly skipped.
Assembly Unity.TextMeshPro.Editor.Tests.dll at Library/ScriptAssemblies/Unity.TextMeshPro.Editor.Tests.dll not valid. Loading of assembly skipped.
Assembly Unity.TextMeshPro.Tests.dll at Library/ScriptAssemblies/Unity.TextMeshPro.Tests.dll not valid. Loading of assembly skipped.
Assembly Unity.Transforms.Hybrid.Tests.dll at Library/ScriptAssemblies/Unity.Transforms.Hybrid.Tests.dll not valid. Loading of assembly skipped.
Assembly Unity.Transforms.PerformanceTests.dll at Library/ScriptAssemblies/Unity.Transforms.PerformanceTests.dll not valid. Loading of assembly skipped.
Assembly Unity.Transforms.Tests.dll at Library/ScriptAssemblies/Unity.Transforms.Tests.dll not valid. Loading of assembly skipped.
Assembly Unity.UnifiedRayTracing.Editor.Tests.dll at Library/ScriptAssemblies/Unity.UnifiedRayTracing.Editor.Tests.dll not valid. Loading of assembly skipped.
Assembly UnityEditor.UI.Common.Tests.dll at Library/ScriptAssemblies/UnityEditor.UI.Common.Tests.dll not valid. Loading of assembly skipped.
Assembly UnityEditor.UI.EditorTests.dll at Library/ScriptAssemblies/UnityEditor.UI.EditorTests.dll not valid. Loading of assembly skipped.
Assembly UnityEngine.UI.Tests.dll at Library/ScriptAssemblies/UnityEngine.UI.Tests.dll not valid. Loading of assembly skipped.
Begin MonoManager ReloadAssembly
<b><color=#cc7a00>MCP-FOR-UNITY</color></b>: [WebSocket] Unexpected receive error: WebSocket is not initialised
UnityEngine.Debug:ExtractStackTraceNoAlloc (byte*,int,string)
UnityEngine.StackTraceUtility:ExtractStackTrace ()
UnityEngine.DebugLogHandler:Internal_Log (UnityEngine.LogType,UnityEngine.LogOption,string,UnityEngine.Object)
UnityEngine.DebugLogHandler:LogFormat (UnityEngine.LogType,UnityEngine.Object,string,object[])
UnityEngine.Logger:Log (UnityEngine.LogType,object)
UnityEngine.Debug:LogWarning (object)
MCPForUnity.Editor.Helpers.McpLog:Warn (string) (at ./Library/PackageCache/com.coplaydev.unity-mcp@d6e58c68cf4b/Editor/Helpers/McpLog.cs:45)
MCPForUnity.Editor.Services.Transport.Transports.WebSocketTransportClient/<ReceiveLoopAsync>d__41:MoveNext () (at ./Library/PackageCache/com.coplaydev.unity-mcp@d6e58c68cf4b/Editor/Services/Transport/Transports/WebSocketTransportClient.cs:404)
System.Runtime.CompilerServices.AsyncMethodBuilderCore/MoveNextRunner:InvokeMoveNext (object)
System.Threading.ExecutionContext:RunInternal (System.Threading.ExecutionContext,System.Threading.ContextCallback,object,bool)
System.Threading.ExecutionContext:Run (System.Threading.ExecutionContext,System.Threading.ContextCallback,object,bool)
System.Runtime.CompilerServices.AsyncMethodBuilderCore/MoveNextRunner:Run ()
System.Threading.Tasks.AwaitTaskContinuation:RunOrScheduleAction (System.Action,bool,System.Threading.Tasks.Task&)
System.Threading.Tasks.Task:FinishContinuations ()
System.Threading.Tasks.Task:FinishStageThree ()
System.Threading.Tasks.Task:FinishStageTwo ()
System.Threading.Tasks.Task:Finish (bool)
System.Threading.Tasks.Task:TrySetException (object)
System.Runtime.CompilerServices.AsyncTaskMethodBuilder`1<System.Threading.Tasks.VoidTaskResult>:SetException (System.Exception)
System.Runtime.CompilerServices.AsyncTaskMethodBuilder:SetException (System.Exception)
MCPForUnity.Editor.Services.Transport.Transports.WebSocketTransportClient/<HandleMessageAsync>d__43:MoveNext () (at ./Library/PackageCache/com.coplaydev.unity-mcp@d6e58c68cf4b/Editor/Services/Transport/Transports/WebSocketTransportClient.cs:489)
System.Runtime.CompilerServices.AsyncMethodBuilderCore/MoveNextRunner:InvokeMoveNext (object)
System.Threading.ExecutionContext:RunInternal (System.Threading.ExecutionContext,System.Threading.ContextCallback,object,bool)
System.Threading.ExecutionContext:Run (System.Threading.ExecutionContext,System.Threading.ContextCallback,object,bool)
System.Runtime.CompilerServices.AsyncMethodBuilderCore/MoveNextRunner:Run ()
System.Threading.Tasks.AwaitTaskContinuation:RunOrScheduleAction (System.Action,bool,System.Threading.Tasks.Task&)
System.Threading.Tasks.Task:FinishContinuations ()
System.Threading.Tasks.Task:FinishStageThree ()
System.Threading.Tasks.Task:FinishStageTwo ()
System.Threading.Tasks.Task:Finish (bool)
System.Threading.Tasks.Task:TrySetException (object)
System.Runtime.CompilerServices.AsyncTaskMethodBuilder`1<System.Threading.Tasks.VoidTaskResult>:SetException (System.Exception)
System.Runtime.CompilerServices.AsyncTaskMethodBuilder:SetException (System.Exception)
MCPForUnity.Editor.Services.Transport.Transports.WebSocketTransportClient/<HandleExecuteAsync>d__48:MoveNext () (at ./Library/PackageCache/com.coplaydev.unity-mcp@d6e58c68cf4b/Editor/Services/Transport/Transports/WebSocketTransportClient.cs:664)
System.Runtime.CompilerServices.AsyncMethodBuilderCore/MoveNextRunner:InvokeMoveNext (object)
System.Threading.ExecutionContext:RunInternal (System.Threading.ExecutionContext,System.Threading.ContextCallback,object,bool)
System.Threading.ExecutionContext:Run (System.Threading.ExecutionContext,System.Threading.ContextCallback,object,bool)
System.Runtime.CompilerServices.AsyncMethodBuilderCore/MoveNextRunner:Run ()
System.Threading.Tasks.AwaitTaskContinuation:System.Threading.IThreadPoolWorkItem.ExecuteWorkItem ()
System.Threading.ThreadPoolWorkQueue:Dispatch ()
System.Threading._ThreadPoolWaitCallback:PerformWaitCallback ()

(Filename: ./Library/PackageCache/com.coplaydev.unity-mcp@d6e58c68cf4b/Editor/Helpers/McpLog.cs Line: 45)

Total cache size 268319600
Total cache size after purge 268319600, took 00:00:01.7372335
Assembly DocCodeExamples.dll at Library/ScriptAssemblies/DocCodeExamples.dll not valid. Loading of assembly skipped.
Assembly DocCodeSamples.dll at Library/ScriptAssemblies/DocCodeSamples.dll not valid. Loading of assembly skipped.
Assembly Hecton8.EditModeTests.dll at Library/ScriptAssemblies/Hecton8.EditModeTests.dll not valid. Loading of assembly skipped.
Assembly Hecton8.PlayModeTests.dll at Library/ScriptAssemblies/Hecton8.PlayModeTests.dll not valid. Loading of assembly skipped.
Assembly MockTests.dll at Library/ScriptAssemblies/MockTests.dll not valid. Loading of assembly skipped.
Assembly TestNewCustomAssembly.dll at Library/ScriptAssemblies/TestNewCustomAssembly.dll not valid. Loading of assembly skipped.
Assembly TypeDependencyCacheTestAssembly.dll at Library/ScriptAssemblies/TypeDependencyCacheTestAssembly.dll not valid. Loading of assembly skipped.
Assembly Unity.2D.Sprite.Package.EditorTests.dll at Library/ScriptAssemblies/Unity.2D.Sprite.Package.EditorTests.dll not valid. Loading of assembly skipped.
Assembly Unity.Burst.Tests.dll at Library/ScriptAssemblies/Unity.Burst.Tests.dll not valid. Loading of assembly skipped.
Assembly Unity.Collections.BurstCompatibilityGen.dll at Library/ScriptAssemblies/Unity.Collections.BurstCompatibilityGen.dll not valid. Loading of assembly skipped.
Assembly Unity.Collections.DocCodeSamples.dll at Library/ScriptAssemblies/Unity.Collections.DocCodeSamples.dll not valid. Loading of assembly skipped.
Assembly Unity.Collections.PerformanceTests.dll at Library/ScriptAssemblies/Unity.Collections.PerformanceTests.dll not valid. Loading of assembly skipped.
Assembly Unity.Collections.Tests.dll at Library/ScriptAssemblies/Unity.Collections.Tests.dll not valid. Loading of assembly skipped.
Assembly Unity.Collections.Tests.Playmode.dll at Library/ScriptAssemblies/Unity.Collections.Tests.Playmode.dll not valid. Loading of assembly skipped.
Assembly Unity.Entities.CodeGen.Tests.dll at Library/ScriptAssemblies/Unity.Entities.CodeGen.Tests.dll not valid. Loading of assembly skipped.
Assembly Unity.Entities.ContentDelivery.Tests.dll at Library/ScriptAssemblies/Unity.Entities.ContentDelivery.Tests.dll not valid. Loading of assembly skipped.
Assembly Unity.Entities.Editor.PerformanceTests.dll at Library/ScriptAssemblies/Unity.Entities.Editor.PerformanceTests.dll not valid. Loading of assembly skipped.
Assembly Unity.Entities.Editor.Tests.dll at Library/ScriptAssemblies/Unity.Entities.Editor.Tests.dll not valid. Loading of assembly skipped.
Assembly Unity.Entities.Hybrid.EndToEnd.Tests.dll at Library/ScriptAssemblies/Unity.Entities.Hybrid.EndToEnd.Tests.dll not valid. Loading of assembly skipped.
Assembly Unity.Entities.Hybrid.PerformanceTests.dll at Library/ScriptAssemblies/Unity.Entities.Hybrid.PerformanceTests.dll not valid. Loading of assembly skipped.
Assembly Unity.Entities.Hybrid.Tests.dll at Library/ScriptAssemblies/Unity.Entities.Hybrid.Tests.dll not valid. Loading of assembly skipped.
Assembly Unity.Entities.Hybrid.Tests.ExcludedAssembly.dll at Library/ScriptAssemblies/Unity.Entities.Hybrid.Tests.ExcludedAssembly.dll not valid. Loading of assembly skipped.
Assembly Unity.Entities.Hybrid.Tests.SeparateAssembly.dll at Library/ScriptAssemblies/Unity.Entities.Hybrid.Tests.SeparateAssembly.dll not valid. Loading of assembly skipped.
Assembly Unity.Entities.PerformanceTests.dll at Library/ScriptAssemblies/Unity.Entities.PerformanceTests.dll not valid. Loading of assembly skipped.
Assembly Unity.Entities.TestComponents.dll at Library/ScriptAssemblies/Unity.Entities.TestComponents.dll not valid. Loading of assembly skipped.
Assembly Unity.Entities.Tests.dll at Library/ScriptAssemblies/Unity.Entities.Tests.dll not valid. Loading of assembly skipped.
Assembly Unity.Entities.Tests.InAnotherAssembly.dll at Library/ScriptAssemblies/Unity.Entities.Tests.InAnotherAssembly.dll not valid. Loading of assembly skipped.
Assembly Unity.Entities.Tests.InAnotherEmptyAssembly.dll at Library/ScriptAssemblies/Unity.Entities.Tests.InAnotherEmptyAssembly.dll not valid. Loading of assembly skipped.
Assembly Unity.InputSystem.IntegrationTests.dll at Library/ScriptAssemblies/Unity.InputSystem.IntegrationTests.dll not valid. Loading of assembly skipped.
Assembly Unity.Mathematics.Extensions.Tests.dll at Library/ScriptAssemblies/Unity.Mathematics.Extensions.Tests.dll not valid. Loading of assembly skipped.
Assembly Unity.Mathematics.Tests.dll at Library/ScriptAssemblies/Unity.Mathematics.Tests.dll not valid. Loading of assembly skipped.
Assembly Unity.Multiplayer.Center.Editor.Tests.dll at Library/ScriptAssemblies/Unity.Multiplayer.Center.Editor.Tests.dll not valid. Loading of assembly skipped.
Assembly Unity.Multiplayer.Center.Tests.dll at Library/ScriptAssemblies/Unity.Multiplayer.Center.Tests.dll not valid. Loading of assembly skipped.
Assembly Unity.Nuget.Mono-Cecil.dll at Library/ScriptAssemblies/Unity.Nuget.Mono-Cecil.dll not valid. Loading of assembly skipped.
Assembly Unity.PathTracing.Editor.Tests.dll at Library/ScriptAssemblies/Unity.PathTracing.Editor.Tests.dll not valid. Loading of assembly skipped.
Assembly Unity.PathTracing.Runtime.Tests.dll at Library/ScriptAssemblies/Unity.PathTracing.Runtime.Tests.dll not valid. Loading of assembly skipped.
Assembly Unity.Properties.CodeGen.IntegrationTests.DependencyA.dll at Library/ScriptAssemblies/Unity.Properties.CodeGen.IntegrationTests.DependencyA.dll not valid. Loading of assembly skipped.
Assembly Unity.Properties.CodeGen.IntegrationTests.DependencyB.dll at Library/ScriptAssemblies/Unity.Properties.CodeGen.IntegrationTests.DependencyB.dll not valid. Loading of assembly skipped.
Assembly Unity.Properties.CodeGen.IntegrationTests.DependencyC.dll at Library/ScriptAssemblies/Unity.Properties.CodeGen.IntegrationTests.DependencyC.dll not valid. Loading of assembly skipped.
Assembly Unity.Properties.CodeGen.IntegrationTests.dll at Library/ScriptAssemblies/Unity.Properties.CodeGen.IntegrationTests.dll not valid. Loading of assembly skipped.
Assembly Unity.Properties.CodeGen.UntaggedAssemblyTests.dll at Library/ScriptAssemblies/Unity.Properties.CodeGen.UntaggedAssemblyTests.dll not valid. Loading of assembly skipped.
Assembly Unity.Properties.dll at Library/ScriptAssemblies/Unity.Properties.dll not valid. Loading of assembly skipped.
Assembly Unity.Properties.PerformanceTests.dll at Library/ScriptAssemblies/Unity.Properties.PerformanceTests.dll not valid. Loading of assembly skipped.
Assembly Unity.Properties.Reflection.Tests.dll at Library/ScriptAssemblies/Unity.Properties.Reflection.Tests.dll not valid. Loading of assembly skipped.
Assembly Unity.Properties.Tests.dll at Library/ScriptAssemblies/Unity.Properties.Tests.dll not valid. Loading of assembly skipped.
Assembly Unity.RenderPipelines.Core.Editor.Tests.dll at Library/ScriptAssemblies/Unity.RenderPipelines.Core.Editor.Tests.dll not valid. Loading of assembly skipped.
Assembly Unity.RenderPipelines.Core.Runtime.Tests.dll at Library/ScriptAssemblies/Unity.RenderPipelines.Core.Runtime.Tests.dll not valid. Loading of assembly skipped.
Assembly Unity.RenderPipelines.Universal.Config.Editor.Tests.dll at Library/ScriptAssemblies/Unity.RenderPipelines.Universal.Config.Editor.Tests.dll not valid. Loading of assembly skipped.
Assembly Unity.RenderPipelines.Universal.Editor.Tests.dll at Library/ScriptAssemblies/Unity.RenderPipelines.Universal.Editor.Tests.dll not valid. Loading of assembly skipped.
Assembly Unity.RenderPipelines.Universal.Runtime.Tests.dll at Library/ScriptAssemblies/Unity.RenderPipelines.Universal.Runtime.Tests.dll not valid. Loading of assembly skipped.
Assembly Unity.Scenes.Editor.PerformanceTests.dll at Library/ScriptAssemblies/Unity.Scenes.Editor.PerformanceTests.dll not valid. Loading of assembly skipped.
Assembly Unity.Scenes.Editor.Tests.dll at Library/ScriptAssemblies/Unity.Scenes.Editor.Tests.dll not valid. Loading of assembly skipped.
Assembly Unity.Scenes.Hybrid.Tests.dll at Library/ScriptAssemblies/Unity.Scenes.Hybrid.Tests.dll not valid. Loading of assembly skipped.
Assembly Unity.Scenes.Hybrid.Tests.Editmode.Content.dll at Library/ScriptAssemblies/Unity.Scenes.Hybrid.Tests.Editmode.Content.dll not valid. Loading of assembly skipped.
Assembly Unity.Scenes.Hybrid.Tests.Playmode.dll at Library/ScriptAssemblies/Unity.Scenes.Hybrid.Tests.Playmode.dll not valid. Loading of assembly skipped.
Assembly Unity.Scenes.PerformanceTests.dll at Library/ScriptAssemblies/Unity.Scenes.PerformanceTests.dll not valid. Loading of assembly skipped.
Assembly Unity.Scenes.Tests.dll at Library/ScriptAssemblies/Unity.Scenes.Tests.dll not valid. Loading of assembly skipped.
Assembly Unity.ScriptableBuildPipeline.Editor.Tests.dll at Library/ScriptAssemblies/Unity.ScriptableBuildPipeline.Editor.Tests.dll not valid. Loading of assembly skipped.
Assembly Unity.ScriptableBuildPipeline.Tests.dll at Library/ScriptAssemblies/Unity.ScriptableBuildPipeline.Tests.dll not valid. Loading of assembly skipped.
Assembly Unity.ScriptableBuildPipelineTests.Runtime.Tests.dll at Library/ScriptAssemblies/Unity.ScriptableBuildPipelineTests.Runtime.Tests.dll not valid. Loading of assembly skipped.
Assembly Unity.Searcher.EditorTests.dll at Library/ScriptAssemblies/Unity.Searcher.EditorTests.dll not valid. Loading of assembly skipped.
Assembly Unity.Serialization.Tests.dll at Library/ScriptAssemblies/Unity.Serialization.Tests.dll not valid. Loading of assembly skipped.
Assembly Unity.Settings.Tests.dll at Library/ScriptAssemblies/Unity.Settings.Tests.dll not valid. Loading of assembly skipped.
Assembly Unity.ShaderGraph.Editor.Tests.dll at Library/ScriptAssemblies/Unity.ShaderGraph.Editor.Tests.dll not valid. Loading of assembly skipped.
Assembly Unity.SharpZipLib.Editor.Tests.dll at Library/ScriptAssemblies/Unity.SharpZipLib.Editor.Tests.dll not valid. Loading of assembly skipped.
Assembly Unity.SharpZipLib.Tests.dll at Library/ScriptAssemblies/Unity.SharpZipLib.Tests.dll not valid. Loading of assembly skipped.
Assembly Unity.TextMeshPro.Editor.Tests.dll at Library/ScriptAssemblies/Unity.TextMeshPro.Editor.Tests.dll not valid. Loading of assembly skipped.
Assembly Unity.TextMeshPro.Tests.dll at Library/ScriptAssemblies/Unity.TextMeshPro.Tests.dll not valid. Loading of assembly skipped.
Assembly Unity.Transforms.Hybrid.Tests.dll at Library/ScriptAssemblies/Unity.Transforms.Hybrid.Tests.dll not valid. Loading of assembly skipped.
Assembly Unity.Transforms.PerformanceTests.dll at Library/ScriptAssemblies/Unity.Transforms.PerformanceTests.dll not valid. Loading of assembly skipped.
Assembly Unity.Transforms.Tests.dll at Library/ScriptAssemblies/Unity.Transforms.Tests.dll not valid. Loading of assembly skipped.
Assembly Unity.UnifiedRayTracing.Editor.Tests.dll at Library/ScriptAssemblies/Unity.UnifiedRayTracing.Editor.Tests.dll not valid. Loading of assembly skipped.
Assembly UnityEditor.UI.Common.Tests.dll at Library/ScriptAssemblies/UnityEditor.UI.Common.Tests.dll not valid. Loading of assembly skipped.
Assembly UnityEditor.UI.EditorTests.dll at Library/ScriptAssemblies/UnityEditor.UI.EditorTests.dll not valid. Loading of assembly skipped.
Assembly UnityEngine.UI.Tests.dll at Library/ScriptAssemblies/UnityEngine.UI.Tests.dll not valid. Loading of assembly skipped.
Symbol file LoadedFromMemory is not a mono symbol file
Refreshing native plugins compatible for Editor in 13.45 ms, found 31 plugins.
Native extension for WindowsStandalone target not found
[MODES] ModeService[none].Initialize
[MODES] ModeService[none].LoadModes
GetVirtualKey: Could not map char: z (122) to any virtual key
GetVirtualKey: Could not map char: y (121) to any virtual key
GetVirtualKey: Could not map char: x (120) to any virtual key
GetVirtualKey: Could not map char: c (99) to any virtual key
GetVirtualKey: Could not map char: v (118) to any virtual key
GetVirtualKey: Could not map char: V (86) to any virtual key
GetVirtualKey: Could not map char: d (100) to any virtual key
GetVirtualKey: Could not map char: f (102) to any virtual key
GetVirtualKey: Could not map char: f (102) to any virtual key
GetVirtualKey: Could not map char: a (97) to any virtual key
GetVirtualKey: Could not map char: d (100) to any virtual key
GetVirtualKey: Could not map char: c (99) to any virtual key
GetVirtualKey: Could not map char: r (114) to any virtual key
GetVirtualKey: Could not map char: i (105) to any virtual key
GetVirtualKey: Could not map char: b (98) to any virtual key
GetVirtualKey: Could not map char: l (108) to any virtual key
GetVirtualKey: Could not map char: s (115) to any virtual key
GetVirtualKey: Could not map char: u (117) to any virtual key
GetVirtualKey: Could not map char: l (108) to any virtual key
GetVirtualKey: Could not map char: f (102) to any virtual key
GetVirtualKey: Could not map char: k (107) to any virtual key
GetVirtualKey: Could not map char: p (112) to any virtual key
GetVirtualKey: Could not map char: p (112) to any virtual key
GetVirtualKey: Could not map char: p (112) to any virtual key
GetVirtualKey: Could not map char: c (99) to any virtual key
GetVirtualKey: Could not map char: r (114) to any virtual key
GetVirtualKey: Could not map char: P (80) to any virtual key
GetVirtualKey: Could not map char: n (110) to any virtual key
GetVirtualKey: Could not map char: n (110) to any virtual key
GetVirtualKey: Could not map char: g (103) to any virtual key
GetVirtualKey: Could not map char: G (71) to any virtual key
GetVirtualKey: Could not map char: f (102) to any virtual key
GetVirtualKey: Could not map char: f (102) to any virtual key
GetVirtualKey: Could not map char: a (97) to any virtual key
GetVirtualKey: Could not map char: a (97) to any virtual key
GetVirtualKey: Could not map char: k (107) to any virtual key
GetVirtualKey: Could not map char: g (103) to any virtual key
GetVirtualKey: Could not map char: l (108) to any virtual key
GetVirtualKey: Could not map char: p (112) to any virtual key
GetVirtualKey: Could not map char: K (75) to any virtual key
GetVirtualKey: Could not map char: G (71) to any virtual key
GetVirtualKey: Could not map char: L (76) to any virtual key
GetVirtualKey: Could not map char: R (82) to any virtual key
GetVirtualKey: Could not map char: G (71) to any virtual key
GetVirtualKey: Could not map char: X (88) to any virtual key
GetVirtualKey: Could not map char: E (69) to any virtual key
GetVirtualKey: Could not map char: N (78) to any virtual key
GetVirtualKey: Could not map char: U (85) to any virtual key
GetVirtualKey: Could not map char: E (69) to any virtual key
GetVirtualKey: Could not map char: S (83) to any virtual key
GetVirtualKey: Could not map char: X (88) to any virtual key
GetVirtualKey: Could not map char: V (86) to any virtual key
GetVirtualKey: Could not map char: m (109) to any virtual key
GetVirtualKey: Could not map char: c (99) to any virtual key
GetVirtualKey: Could not map char: u (117) to any virtual key
GetVirtualKey: Could not map char: n (110) to any virtual key
GetVirtualKey: Could not map char: o (111) to any virtual key
GetVirtualKey: Could not map char: s (115) to any virtual key
GetVirtualKey: Could not map char: s (115) to any virtual key
GetVirtualKey: Could not map char: b (98) to any virtual key
GetVirtualKey: Could not map char: b (98) to any virtual key
GetVirtualKey: Could not map char: m (109) to any virtual key
GetVirtualKey: Could not map char: p (112) to any virtual key
TypeManager.Initialize took: 383ms
ScheduleIndexationOnStartup MainProcess:True IndexOnStartup:True
Mono: successfully reloaded assembly
- Finished resetting the current domain, in 14.163 seconds
Domain Reload Profiling: 19065ms
	BeginReloadAssembly (2926ms)
		ExecutionOrderSort (3ms)
		DisableScriptedObjects (414ms)
		ReleaseScriptingObjects (6ms)
		CreateAndSetChildDomain (1489ms)
	RebuildCommonClasses (141ms)
	RebuildNativeTypeToScriptingClass (51ms)
	initialDomainReloadingComplete (240ms)
	LoadAllAssembliesAndSetupDomain (1544ms)
		LoadAssemblies (559ms)
		AnalyzeDomain (1268ms)
			TypeCache.Refresh (28ms)
			BuildScriptInfoCaches (1163ms)
			ResolveRequiredComponents (72ms)
	FinalizeReload (14164ms)
		SetupLoadedEditorAssemblies (0ms)
			InitializePlatformSupportModulesInManaged (43ms)
			BeforeProcessingInitializeOnLoad (1412ms)
			ProcessInitializeOnLoadAttributes (6537ms)
			ProcessInitializeOnLoadMethodAttributes (1289ms)
			AfterProcessingInitializeOnLoad (10ms)
			EditorAssembliesLoaded (3ms)
		AwakeInstancesAfterBackupRestoration (1856ms)
(Values over 0.050ms)
Asset Pipeline Refresh (id=2bd7366f6cdc34f4facbe9667366f294): Total: 20.047 seconds - Initiated by StopAssetImportingV2(ForceSynchronousImport | ForceDomainReload)
	Summary:
		Imports: total=0 (actual=0, local cache=0, cache server=0)
		Asset DB Process Time: managed=0 ms, native=14669 ms
		Asset DB Callback time: managed=77 ms, native=0 ms
		Scripting: domain reloads=1, domain reload time=5294 ms, compile time=2 ms, other=0 ms
		Project Asset Count: scripts=3458, non-scripts=11388
		Asset File Changes: new=0, changed=0, moved=0, deleted=0
		Scan Filter Count: 0
	InvokePackagesCallback: 5.039ms
	ApplyChangesToAssetFolders: 0.890ms
	ProcessAssetsWithTransientArtifactChanges: 18.274ms
	CategorizeAssets: 308.245ms
	CompileScripts: 2.196ms
	ImportOutOfDateAssets: 14226.454ms (14211.394ms without children)
		CollectScriptTypesHashes: 13.481ms
		ReloadNativeAssets: 8.018ms
		EnsureUptoDateAssetsAreRegisteredWithGuidPM: 5.293ms
		OnDemandSchedulerStart: 1.643ms
	PostProcessAllAssets: 77.116ms
		MonoPostProcessAllAssets: 77.110ms
			TextureArrayPreProcessor.OnPostprocessAllAssets 978.242ms
			UniversalRenderPipelineGlobalSettingsPostprocessor.OnPostprocessAllAssets 25.992ms
			SceneAssetPostProcessor.OnPostprocessAllAssets 24.410ms
			AssetChangedListener.OnPostprocessAllAssets 22.520ms
			SyncVS.PostprocessSyncProject 19.337ms
			BuilderAssetPostprocessor.OnPostprocessAllAssets 15.202ms
			ShaderGraphAssetPostProcessor.OnPostprocessAllAssets 6.842ms
			SpriteEditorTexturePostprocessor.OnPostprocessAllAssets 5.200ms
			WindowAssetPostprocessingWatcher.OnPostprocessAllAssets 4.940ms
			UtilityWindowPostProcessor.OnPostprocessAllAssets 4.403ms
			MatrixAssetTexturePostprocessor.OnPostprocessAllAssets 4.310ms
			RetainedModeAssetPostprocessor.OnPostprocessAllAssets 4.182ms
			SpeedTree9Postprocessor.OnPostprocessAllAssets 3.725ms
			TemplatePostProcessor.OnPostprocessAllAssets 2.438ms
			MaterialPostprocessor.OnPostprocessAllAssets 2.377ms
			AssetPostProcessor.OnPostprocessAllAssets 2.277ms
			InputActionJsonNameModifierAssetProcessor.OnPostprocessAllAssets 1.829ms
			PostProcessor.OnPostprocessAllAssets 1.707ms
			UVCSAssetPostprocessor.OnPostprocessAllAssets 1.425ms
			RenderPipelineGlobalSettingsPostprocessor.OnPostprocessAllAssets 1.311ms
			TextAssetPostProcessor.OnPostprocessAllAssets 1.296ms
			TMPro_TexturePostProcessor.OnPostprocessAllAssets 1.234ms
			StyleCatalogPostProcessor.OnPostprocessAllAssets 1.133ms
			ArtifactBrowserPostProcessor.OnPostprocessAllAssets 1.102ms
			AudioMixerPostprocessor.OnPostprocessAllAssets 0.907ms
			AssetEvents.OnPostprocessAllAssets 0.872ms
			SamplePostprocessor.OnPostprocessAllAssets 0.800ms
			InputActionAssetPostprocessor.OnPostprocessAllAssets 0.710ms
			ConfigAssetsTracker.OnPostprocessAllAssets 0.662ms
			AssetPostprocessor.OnPostprocessAllAssets 0.662ms
			ScenarioDriftAssetsTracker.OnPostprocessAllAssets 0.510ms
			SpeedTreePostProcessor.OnPostprocessAllAssets 0.508ms
			ReferencedClipsPostProcessor.OnPostprocessAllAssets 0.477ms
			TerrainToolbarOverlayPostProcessor.OnPostprocessAllAssets 0.433ms
			ProjectSettingsPostprocessor.OnPostprocessAllAssets 0.420ms
			AssetDatabaseCallbacks.OnPostprocessAllAssets 0.318ms
			AudioContainerPostProcessor.OnPostprocessAllAssets 0.240ms
	GatherAllCurrentPrimaryImportResultRevisions: 1.618ms
	UnloadStreamsBegin: 2.283ms
	PersistCurrentRevisions: 0.992ms
	GenerateScriptTypeHashes: 25.663ms
	GenerateScriptTypeSerializationHashes: 34.051ms
	Untracked: 5386.310ms

Unloading 0 Unused Serialized files (Serialized files now loaded: 0)
[Licensing::Client] Successfully resolved entitlement details
Asset Pipeline Refresh (id=589208b56d8037f43a3cc9b446323c79): Total: 0.009 seconds - Initiated by StopAssetImportingV2(NoUpdateAssetOptions)
Asset Pipeline Refresh (id=a609e189b71efcb4e9a55805d85d04c0): Total: 0.008 seconds - Initiated by StopAssetImportingV2(NoUpdateAssetOptions)
Asset Pipeline Refresh (id=fef4c2039d2afc644b634647029c4014): Total: 0.006 seconds - Initiated by StopAssetImportingV2(NoUpdateAssetOptions)
Asset Pipeline Refresh (id=7f56a2fe8391f53409dc351c6bb0e9ac): Total: 0.006 seconds - Initiated by StopAssetImportingV2(NoUpdateAssetOptions)
Refreshing native plugins compatible for Editor in 12.47 ms, found 31 plugins.
[Licensing::Client] Successfully resolved entitlement details
Asset Pipeline Refresh (id=5adc5e2069ca5b44a874d7ab289b1b8f): Total: 0.047 seconds - Initiated by RefreshV2(NoUpdateAssetOptions)
Unloading 204 unused Assets / (29.1 KB). Loaded Objects now: 33741.
Memory consumption went from 1.52 GB to 1.52 GB.
Total: 129.751400 ms (FindLiveObjects: 5.604700 ms CreateObjectMapping: 3.939100 ms MarkObjects: 117.995500 ms  DeleteObjects: 2.208300 ms)

[ScriptCompilation] Requested script compilation because: Requested through public api
[Licensing::Client] Successfully resolved entitlement details
info: Microsoft.AspNetCore.Hosting.Diagnostics[1]
      Request starting HTTP/2 POST http://ilpp/UnityILPP.PostProcessing/Ping - application/grpc -
info: Microsoft.AspNetCore.Routing.EndpointMiddleware[0]
      Executing endpoint 'gRPC - /UnityILPP.PostProcessing/Ping'
info: Microsoft.AspNetCore.Routing.EndpointMiddleware[1]
      Executed endpoint 'gRPC - /UnityILPP.PostProcessing/Ping'
info: Microsoft.AspNetCore.Hosting.Diagnostics[2]
      Request finished HTTP/2 POST http://ilpp/UnityILPP.PostProcessing/Ping - 200 - application/grpc 0.2386ms
Starting: C:\Program Files\Unity\Hub\Editor\6000.4.1f1\Editor\Data\Tools\BuildPipeline\bee_backend.exe --ipc --defer-dag-verification --dagfile="Library/Bee/1900b0aEDbg.dag" --continue-on-failure --profile="Library/Bee/backend1.traceevents" ScriptAssemblies
WorkingDir: C:/hades/Hecton8
info: Microsoft.AspNetCore.Hosting.Diagnostics[1]
      Request starting HTTP/2 POST http://ilpp/UnityILPP.PostProcessing/ConfigurePostProcessors - application/grpc -
info: Microsoft.AspNetCore.Routing.EndpointMiddleware[0]
      Executing endpoint 'gRPC - /UnityILPP.PostProcessing/ConfigurePostProcessors'
info: Unity.ILPP.Runner.PostProcessingAssemblyLoadContext[0]
      Current configuration matches the requested one, skipping
info: Microsoft.AspNetCore.Routing.EndpointMiddleware[1]
      Executed endpoint 'gRPC - /UnityILPP.PostProcessing/ConfigurePostProcessors'
info: Microsoft.AspNetCore.Hosting.Diagnostics[2]
      Request finished HTTP/2 POST http://ilpp/UnityILPP.PostProcessing/ConfigurePostProcessors - 200 - application/grpc 4.1874ms
info: Microsoft.AspNetCore.Hosting.Diagnostics[1]
      Request starting HTTP/2 POST http://ilpp/UnityILPP.PostProcessing/PostProcessAssembly - application/grpc -
info: Microsoft.AspNetCore.Routing.EndpointMiddleware[0]
      Executing endpoint 'gRPC - /UnityILPP.PostProcessing/PostProcessAssembly'
info: Unity.ILPP.Runner.PostProcessingPipeline[0]
      Processing assembly Library/Bee/artifacts/1900b0aEDbg.dag/Hecton8.Editor.dll, with 159 defines and 323 references
info: Microsoft.AspNetCore.Hosting.Diagnostics[1]
      Request starting HTTP/2 POST http://ilpp/UnityILPP.PostProcessing/PostProcessAssembly - application/grpc -
info: Microsoft.AspNetCore.Hosting.Diagnostics[1]
      Request starting HTTP/2 POST http://ilpp/UnityILPP.PostProcessing/PostProcessAssembly - application/grpc -
info: Microsoft.AspNetCore.Routing.EndpointMiddleware[0]
      Executing endpoint 'gRPC - /UnityILPP.PostProcessing/PostProcessAssembly'
info: Microsoft.AspNetCore.Routing.EndpointMiddleware[0]
      Executing endpoint 'gRPC - /UnityILPP.PostProcessing/PostProcessAssembly'
info: Unity.ILPP.Runner.PostProcessingPipeline[0]
      processors: Unity.Entities.CodeGen.EntitiesILPostProcessors, Unity.Jobs.CodeGen.JobsILPostProcessor, zzzUnity.Burst.CodeGen.BurstILPostProcessor
info: Unity.ILPP.Runner.PostProcessingPipeline[0]
      Processing assembly Library/Bee/artifacts/1900b0aEDbg.dag/Assembly-CSharp-firstpass.dll, with 161 defines and 435 references
info: Unity.ILPP.Runner.PostProcessingPipeline[0]
      processors: Unity.Entities.CodeGen.EntitiesILPostProcessors, Unity.Jobs.CodeGen.JobsILPostProcessor, zzzUnity.Burst.CodeGen.BurstILPostProcessor
info: Unity.ILPP.Runner.PostProcessingPipeline[0]
      Processing assembly Library/Bee/artifacts/1900b0aEDbg.dag/Hecton8.Core.dll, with 161 defines and 322 references
info: Unity.ILPP.Runner.PostProcessingPipeline[0]
      processors: Unity.Entities.CodeGen.EntitiesILPostProcessors, Unity.Jobs.CodeGen.JobsILPostProcessor, zzzUnity.Burst.CodeGen.BurstILPostProcessor
info: Microsoft.AspNetCore.Hosting.Diagnostics[1]
      Request starting HTTP/2 POST http://ilpp/UnityILPP.PostProcessing/PostProcessAssembly - application/grpc -
info: Microsoft.AspNetCore.Routing.EndpointMiddleware[0]
      Executing endpoint 'gRPC - /UnityILPP.PostProcessing/PostProcessAssembly'
info: Unity.ILPP.Runner.PostProcessingPipeline[0]
      running Unity.Entities.CodeGen.EntitiesILPostProcessors
info: Microsoft.AspNetCore.Hosting.Diagnostics[1]
      Request starting HTTP/2 POST http://ilpp/UnityILPP.PostProcessing/PostProcessAssembly - application/grpc -
info: Microsoft.AspNetCore.Routing.EndpointMiddleware[0]
      Executing endpoint 'gRPC - /UnityILPP.PostProcessing/PostProcessAssembly'
info: Microsoft.AspNetCore.Hosting.Diagnostics[1]
      Request starting HTTP/2 POST http://ilpp/UnityILPP.PostProcessing/PostProcessAssembly - application/grpc -
info: Microsoft.AspNetCore.Routing.EndpointMiddleware[0]
      Executing endpoint 'gRPC - /UnityILPP.PostProcessing/PostProcessAssembly'
info: Unity.ILPP.Runner.PostProcessingPipeline[0]
      Processing assembly Library/Bee/artifacts/1900b0aEDbg.dag/Assembly-CSharp-Editor.dll, with 159 defines and 461 references
info: Unity.ILPP.Runner.PostProcessingPipeline[0]
      processors: Unity.Entities.CodeGen.EntitiesILPostProcessors, Unity.Jobs.CodeGen.JobsILPostProcessor, zzzUnity.Burst.CodeGen.BurstILPostProcessor
info: Unity.ILPP.Runner.PostProcessingPipeline[0]
      running Unity.Entities.CodeGen.EntitiesILPostProcessors
info: Unity.ILPP.Runner.PostProcessingPipeline[0]
      running Unity.Jobs.CodeGen.JobsILPostProcessor
info: Unity.ILPP.Runner.PostProcessingPipeline[0]
      running zzzUnity.Burst.CodeGen.BurstILPostProcessor
info: Unity.ILPP.Runner.PostProcessingPipeline[0]
      Processing assembly Library/Bee/artifacts/1900b0aEDbg.dag/Assembly-CSharp-Editor-firstpass.dll, with 159 defines and 459 references
info: Unity.ILPP.Runner.PostProcessingPipeline[0]
      processors: Unity.Entities.CodeGen.EntitiesILPostProcessors, Unity.Jobs.CodeGen.JobsILPostProcessor, zzzUnity.Burst.CodeGen.BurstILPostProcessor
info: Unity.ILPP.Runner.PostProcessingPipeline[0]
      Processing assembly Library/Bee/artifacts/1900b0aEDbg.dag/Assembly-CSharp.dll, with 161 defines and 436 references
info: Unity.ILPP.Runner.PostProcessingPipeline[0]
      processors: Unity.Entities.CodeGen.EntitiesILPostProcessors, Unity.Jobs.CodeGen.JobsILPostProcessor, zzzUnity.Burst.CodeGen.BurstILPostProcessor
info: Unity.ILPP.Runner.PostProcessingPipeline[0]
      running Unity.Entities.CodeGen.EntitiesILPostProcessors
info: Unity.ILPP.Runner.PostProcessingPipeline[0]
      running Unity.Entities.CodeGen.EntitiesILPostProcessors
info: Microsoft.AspNetCore.Routing.EndpointMiddleware[1]
      Executed endpoint 'gRPC - /UnityILPP.PostProcessing/PostProcessAssembly'
info: Microsoft.AspNetCore.Hosting.Diagnostics[2]
      Request finished HTTP/2 POST http://ilpp/UnityILPP.PostProcessing/PostProcessAssembly - 200 - application/grpc 38.0107ms
info: Unity.ILPP.Runner.PostProcessingPipeline[0]
      running Unity.Entities.CodeGen.EntitiesILPostProcessors
info: Unity.ILPP.Runner.PostProcessingPipeline[0]
      running Unity.Entities.CodeGen.EntitiesILPostProcessors
info: Unity.ILPP.Runner.PostProcessingPipeline[0]
      running Unity.Jobs.CodeGen.JobsILPostProcessor
  - EILPP : Assembly-CSharp-firstpass : : 640ms (~138ms)
    - EILPP : Assembly-CSharp-firstpass : GetAllComponentTypes: 45ms 
    - EILPP : Assembly-CSharp-firstpass : ComponentDataPP: 20ms 
    - EILPP : Assembly-CSharp-firstpass : StaticTypeRegistryPostProcessor: 12ms 
    - EILPP : Assembly-CSharp-firstpass : WriteAssembly: 425ms 
info: Unity.ILPP.Runner.PostProcessingPipeline[0]
      running Unity.Jobs.CodeGen.JobsILPostProcessor
  - EILPP : Assembly-CSharp : : 662ms (~180ms)
    - EILPP : Assembly-CSharp : GetAllComponentTypes: 53ms 
    - EILPP : Assembly-CSharp : ComponentDataPP: 23ms 
    - EILPP : Assembly-CSharp : StaticTypeRegistryPostProcessor: 50ms 
    - EILPP : Assembly-CSharp : WriteAssembly: 356ms 
info: Unity.ILPP.Runner.PostProcessingPipeline[0]
      running Unity.Jobs.CodeGen.JobsILPostProcessor
  - EILPP : Assembly-CSharp-Editor : : 691ms (~179ms)
    - EILPP : Assembly-CSharp-Editor : GetAllComponentTypes: 81ms 
    - EILPP : Assembly-CSharp-Editor : ComponentDataPP: 6ms 
    - EILPP : Assembly-CSharp-Editor : StaticTypeRegistryPostProcessor: 43ms 
    - EILPP : Assembly-CSharp-Editor : WriteAssembly: 382ms 
info: Unity.ILPP.Runner.PostProcessingPipeline[0]
      running Unity.Jobs.CodeGen.JobsILPostProcessor
info: Unity.ILPP.Runner.PostProcessingPipeline[0]
      running zzzUnity.Burst.CodeGen.BurstILPostProcessor
info: Unity.ILPP.Runner.PostProcessingPipeline[0]
      running zzzUnity.Burst.CodeGen.BurstILPostProcessor
info: Unity.ILPP.Runner.PostProcessingPipeline[0]
      running zzzUnity.Burst.CodeGen.BurstILPostProcessor
  - EILPP : Assembly-CSharp-Editor-firstpass : : 1316ms (~199ms)
    - EILPP : Assembly-CSharp-Editor-firstpass : GetAllComponentTypes: 119ms 
    - EILPP : Assembly-CSharp-Editor-firstpass : ComponentDataPP: 30ms 
    - EILPP : Assembly-CSharp-Editor-firstpass : StaticTypeRegistryPostProcessor: 21ms 
    - EILPP : Assembly-CSharp-Editor-firstpass : WriteAssembly: 947ms 
info: Unity.ILPP.Runner.PostProcessingPipeline[0]
      running Unity.Jobs.CodeGen.JobsILPostProcessor
info: Unity.ILPP.Runner.PostProcessingPipeline[0]
      running zzzUnity.Burst.CodeGen.BurstILPostProcessor
info: Microsoft.AspNetCore.Routing.EndpointMiddleware[1]
      Executed endpoint 'gRPC - /UnityILPP.PostProcessing/PostProcessAssembly'
info: Microsoft.AspNetCore.Hosting.Diagnostics[2]
      Request finished HTTP/2 POST http://ilpp/UnityILPP.PostProcessing/PostProcessAssembly - 200 - application/grpc 1975.9065ms
info: Microsoft.AspNetCore.Routing.EndpointMiddleware[1]
      Executed endpoint 'gRPC - /UnityILPP.PostProcessing/PostProcessAssembly'
info: Microsoft.AspNetCore.Hosting.Diagnostics[2]
      Request finished HTTP/2 POST http://ilpp/UnityILPP.PostProcessing/PostProcessAssembly - 200 - application/grpc 1947.0880ms
info: Microsoft.AspNetCore.Routing.EndpointMiddleware[1]
      Executed endpoint 'gRPC - /UnityILPP.PostProcessing/PostProcessAssembly'
info: Microsoft.AspNetCore.Hosting.Diagnostics[2]
      Request finished HTTP/2 POST http://ilpp/UnityILPP.PostProcessing/PostProcessAssembly - 200 - application/grpc 1954.8147ms
info: Microsoft.AspNetCore.Routing.EndpointMiddleware[1]
      Executed endpoint 'gRPC - /UnityILPP.PostProcessing/PostProcessAssembly'
info: Microsoft.AspNetCore.Hosting.Diagnostics[2]
      Request finished HTTP/2 POST http://ilpp/UnityILPP.PostProcessing/PostProcessAssembly - 200 - application/grpc 1956.1357ms
info: Unity.ILPP.Runner.PostProcessingPipeline[0]
      running zzzUnity.Burst.CodeGen.BurstILPostProcessor
info: Microsoft.AspNetCore.Routing.EndpointMiddleware[1]
      Executed endpoint 'gRPC - /UnityILPP.PostProcessing/PostProcessAssembly'
info: Microsoft.AspNetCore.Hosting.Diagnostics[2]
      Request finished HTTP/2 POST http://ilpp/UnityILPP.PostProcessing/PostProcessAssembly - 200 - application/grpc 4394.3657ms
ExitCode: 0 Duration: 13s
[1508/2034  0s] ILPP-Configuration Library/ilpp-configuration.nevergeneratedoutput
[BUSY       6s] Csc Library/Bee/artifacts/1900b0aEDbg.dag/Hecton8.Core.dll (+2 others)
[2010/2034  8s] Csc Library/Bee/artifacts/1900b0aEDbg.dag/Hecton8.Core.dll (+2 others)
Assets\_Project\Scripts\Core\HectonUrpTextureRequirementsGuard.cs(25,18): warning CS0219: The variable 'assetChanged' is assigned but its value is never used

Assets\_Project\Scripts\World\ProceduralWreckGenerator.cs(601,39): warning CS0414: The field 'ProceduralWreckGenerator._debugAsyncGenerationInFlight' is assigned but its value is never used
[2016/2034  0s] ILPostProcess Library/Bee/artifacts/1900b0aEDbg.dag/post-processed/Hecton8.Editor.dll (+pdb)
Processing assembly Library/Bee/artifacts/1900b0aEDbg.dag/Hecton8.Editor.dll, with 159 defines and 323 references

processors: Unity.Entities.CodeGen.EntitiesILPostProcessors, Unity.Jobs.CodeGen.JobsILPostProcessor, zzzUnity.Burst.CodeGen.BurstILPostProcessor

running Unity.Entities.CodeGen.EntitiesILPostProcessors

running Unity.Jobs.CodeGen.JobsILPostProcessor

running zzzUnity.Burst.CodeGen.BurstILPostProcessor
[2019/2034  2s] ILPostProcess Library/Bee/artifacts/1900b0aEDbg.dag/post-processed/Assembly-CSharp-Editor.dll (+pdb)
Processing assembly Library/Bee/artifacts/1900b0aEDbg.dag/Assembly-CSharp-Editor.dll, with 159 defines and 461 references

processors: Unity.Entities.CodeGen.EntitiesILPostProcessors, Unity.Jobs.CodeGen.JobsILPostProcessor, zzzUnity.Burst.CodeGen.BurstILPostProcessor

running Unity.Entities.CodeGen.EntitiesILPostProcessors

running Unity.Jobs.CodeGen.JobsILPostProcessor

running zzzUnity.Burst.CodeGen.BurstILPostProcessor
[2020/2034  2s] ILPostProcess Library/Bee/artifacts/1900b0aEDbg.dag/post-processed/Assembly-CSharp-firstpass.dll (+pdb)
Processing assembly Library/Bee/artifacts/1900b0aEDbg.dag/Assembly-CSharp-firstpass.dll, with 161 defines and 435 references

processors: Unity.Entities.CodeGen.EntitiesILPostProcessors, Unity.Jobs.CodeGen.JobsILPostProcessor, zzzUnity.Burst.CodeGen.BurstILPostProcessor

running Unity.Entities.CodeGen.EntitiesILPostProcessors

running Unity.Jobs.CodeGen.JobsILPostProcessor

running zzzUnity.Burst.CodeGen.BurstILPostProcessor
[2021/2034  2s] ILPostProcess Library/Bee/artifacts/1900b0aEDbg.dag/post-processed/Assembly-CSharp.dll (+pdb)
Processing assembly Library/Bee/artifacts/1900b0aEDbg.dag/Assembly-CSharp.dll, with 161 defines and 436 references

processors: Unity.Entities.CodeGen.EntitiesILPostProcessors, Unity.Jobs.CodeGen.JobsILPostProcessor, zzzUnity.Burst.CodeGen.BurstILPostProcessor

running Unity.Entities.CodeGen.EntitiesILPostProcessors

running Unity.Jobs.CodeGen.JobsILPostProcessor

running zzzUnity.Burst.CodeGen.BurstILPostProcessor
[2022/2034  2s] ILPostProcess Library/Bee/artifacts/1900b0aEDbg.dag/post-processed/Assembly-CSharp-Editor-firstpass.dll (+pdb)
Processing assembly Library/Bee/artifacts/1900b0aEDbg.dag/Assembly-CSharp-Editor-firstpass.dll, with 159 defines and 459 references

processors: Unity.Entities.CodeGen.EntitiesILPostProcessors, Unity.Jobs.CodeGen.JobsILPostProcessor, zzzUnity.Burst.CodeGen.BurstILPostProcessor

running Unity.Entities.CodeGen.EntitiesILPostProcessors

running Unity.Jobs.CodeGen.JobsILPostProcessor

running zzzUnity.Burst.CodeGen.BurstILPostProcessor
[2031/2034  4s] ILPostProcess Library/Bee/artifacts/1900b0aEDbg.dag/post-processed/Hecton8.Core.dll (+pdb)
Processing assembly Library/Bee/artifacts/1900b0aEDbg.dag/Hecton8.Core.dll, with 161 defines and 322 references

processors: Unity.Entities.CodeGen.EntitiesILPostProcessors, Unity.Jobs.CodeGen.JobsILPostProcessor, zzzUnity.Burst.CodeGen.BurstILPostProcessor

running Unity.Entities.CodeGen.EntitiesILPostProcessors

running Unity.Jobs.CodeGen.JobsILPostProcessor

running zzzUnity.Burst.CodeGen.BurstILPostProcessor
[2032/2034  0s] CopyFiles Library/ScriptAssemblies/Hecton8.Core.pdb
[2033/2034  0s] CopyFiles Library/ScriptAssemblies/Hecton8.Core.dll
*** Tundra build success (13.34 seconds), 10 items updated, 2034 evaluated
Assets\_Project\Scripts\Core\HectonUrpTextureRequirementsGuard.cs(25,18): warning CS0219: The variable 'assetChanged' is assigned but its value is never used
Assets\_Project\Scripts\World\ProceduralWreckGenerator.cs(601,39): warning CS0414: The field 'ProceduralWreckGenerator._debugAsyncGenerationInFlight' is assigned but its value is never used
Reloading assemblies after finishing script compilation.
Reloading assemblies after forced synchronous recompile.
Assembly DocCodeExamples.dll at Library/ScriptAssemblies/DocCodeExamples.dll not valid. Loading of assembly skipped.
Assembly DocCodeSamples.dll at Library/ScriptAssemblies/DocCodeSamples.dll not valid. Loading of assembly skipped.
Assembly Hecton8.EditModeTests.dll at Library/ScriptAssemblies/Hecton8.EditModeTests.dll not valid. Loading of assembly skipped.
Assembly Hecton8.PlayModeTests.dll at Library/ScriptAssemblies/Hecton8.PlayModeTests.dll not valid. Loading of assembly skipped.
Assembly MockTests.dll at Library/ScriptAssemblies/MockTests.dll not valid. Loading of assembly skipped.
Assembly TestNewCustomAssembly.dll at Library/ScriptAssemblies/TestNewCustomAssembly.dll not valid. Loading of assembly skipped.
Assembly TypeDependencyCacheTestAssembly.dll at Library/ScriptAssemblies/TypeDependencyCacheTestAssembly.dll not valid. Loading of assembly skipped.
Assembly Unity.2D.Sprite.Package.EditorTests.dll at Library/ScriptAssemblies/Unity.2D.Sprite.Package.EditorTests.dll not valid. Loading of assembly skipped.
Assembly Unity.Burst.Tests.dll at Library/ScriptAssemblies/Unity.Burst.Tests.dll not valid. Loading of assembly skipped.
Assembly Unity.Collections.BurstCompatibilityGen.dll at Library/ScriptAssemblies/Unity.Collections.BurstCompatibilityGen.dll not valid. Loading of assembly skipped.
Assembly Unity.Collections.DocCodeSamples.dll at Library/ScriptAssemblies/Unity.Collections.DocCodeSamples.dll not valid. Loading of assembly skipped.
Assembly Unity.Collections.PerformanceTests.dll at Library/ScriptAssemblies/Unity.Collections.PerformanceTests.dll not valid. Loading of assembly skipped.
Assembly Unity.Collections.Tests.dll at Library/ScriptAssemblies/Unity.Collections.Tests.dll not valid. Loading of assembly skipped.
Assembly Unity.Collections.Tests.Playmode.dll at Library/ScriptAssemblies/Unity.Collections.Tests.Playmode.dll not valid. Loading of assembly skipped.
Assembly Unity.Entities.CodeGen.Tests.dll at Library/ScriptAssemblies/Unity.Entities.CodeGen.Tests.dll not valid. Loading of assembly skipped.
Assembly Unity.Entities.ContentDelivery.Tests.dll at Library/ScriptAssemblies/Unity.Entities.ContentDelivery.Tests.dll not valid. Loading of assembly skipped.
Assembly Unity.Entities.Editor.PerformanceTests.dll at Library/ScriptAssemblies/Unity.Entities.Editor.PerformanceTests.dll not valid. Loading of assembly skipped.
Assembly Unity.Entities.Editor.Tests.dll at Library/ScriptAssemblies/Unity.Entities.Editor.Tests.dll not valid. Loading of assembly skipped.
Assembly Unity.Entities.Hybrid.EndToEnd.Tests.dll at Library/ScriptAssemblies/Unity.Entities.Hybrid.EndToEnd.Tests.dll not valid. Loading of assembly skipped.
Assembly Unity.Entities.Hybrid.PerformanceTests.dll at Library/ScriptAssemblies/Unity.Entities.Hybrid.PerformanceTests.dll not valid. Loading of assembly skipped.
Assembly Unity.Entities.Hybrid.Tests.dll at Library/ScriptAssemblies/Unity.Entities.Hybrid.Tests.dll not valid. Loading of assembly skipped.
Assembly Unity.Entities.Hybrid.Tests.ExcludedAssembly.dll at Library/ScriptAssemblies/Unity.Entities.Hybrid.Tests.ExcludedAssembly.dll not valid. Loading of assembly skipped.
Assembly Unity.Entities.Hybrid.Tests.SeparateAssembly.dll at Library/ScriptAssemblies/Unity.Entities.Hybrid.Tests.SeparateAssembly.dll not valid. Loading of assembly skipped.
Assembly Unity.Entities.PerformanceTests.dll at Library/ScriptAssemblies/Unity.Entities.PerformanceTests.dll not valid. Loading of assembly skipped.
Assembly Unity.Entities.TestComponents.dll at Library/ScriptAssemblies/Unity.Entities.TestComponents.dll not valid. Loading of assembly skipped.
Assembly Unity.Entities.Tests.dll at Library/ScriptAssemblies/Unity.Entities.Tests.dll not valid. Loading of assembly skipped.
Assembly Unity.Entities.Tests.InAnotherAssembly.dll at Library/ScriptAssemblies/Unity.Entities.Tests.InAnotherAssembly.dll not valid. Loading of assembly skipped.
Assembly Unity.Entities.Tests.InAnotherEmptyAssembly.dll at Library/ScriptAssemblies/Unity.Entities.Tests.InAnotherEmptyAssembly.dll not valid. Loading of assembly skipped.
Assembly Unity.InputSystem.IntegrationTests.dll at Library/ScriptAssemblies/Unity.InputSystem.IntegrationTests.dll not valid. Loading of assembly skipped.
Assembly Unity.Mathematics.Extensions.Tests.dll at Library/ScriptAssemblies/Unity.Mathematics.Extensions.Tests.dll not valid. Loading of assembly skipped.
Assembly Unity.Mathematics.Tests.dll at Library/ScriptAssemblies/Unity.Mathematics.Tests.dll not valid. Loading of assembly skipped.
Assembly Unity.Multiplayer.Center.Editor.Tests.dll at Library/ScriptAssemblies/Unity.Multiplayer.Center.Editor.Tests.dll not valid. Loading of assembly skipped.
Assembly Unity.Multiplayer.Center.Tests.dll at Library/ScriptAssemblies/Unity.Multiplayer.Center.Tests.dll not valid. Loading of assembly skipped.
Assembly Unity.Nuget.Mono-Cecil.dll at Library/ScriptAssemblies/Unity.Nuget.Mono-Cecil.dll not valid. Loading of assembly skipped.
Assembly Unity.PathTracing.Editor.Tests.dll at Library/ScriptAssemblies/Unity.PathTracing.Editor.Tests.dll not valid. Loading of assembly skipped.
Assembly Unity.PathTracing.Runtime.Tests.dll at Library/ScriptAssemblies/Unity.PathTracing.Runtime.Tests.dll not valid. Loading of assembly skipped.
Assembly Unity.Properties.CodeGen.IntegrationTests.DependencyA.dll at Library/ScriptAssemblies/Unity.Properties.CodeGen.IntegrationTests.DependencyA.dll not valid. Loading of assembly skipped.
Assembly Unity.Properties.CodeGen.IntegrationTests.DependencyB.dll at Library/ScriptAssemblies/Unity.Properties.CodeGen.IntegrationTests.DependencyB.dll not valid. Loading of assembly skipped.
Assembly Unity.Properties.CodeGen.IntegrationTests.DependencyC.dll at Library/ScriptAssemblies/Unity.Properties.CodeGen.IntegrationTests.DependencyC.dll not valid. Loading of assembly skipped.
Assembly Unity.Properties.CodeGen.IntegrationTests.dll at Library/ScriptAssemblies/Unity.Properties.CodeGen.IntegrationTests.dll not valid. Loading of assembly skipped.
Assembly Unity.Properties.CodeGen.UntaggedAssemblyTests.dll at Library/ScriptAssemblies/Unity.Properties.CodeGen.UntaggedAssemblyTests.dll not valid. Loading of assembly skipped.
Assembly Unity.Properties.dll at Library/ScriptAssemblies/Unity.Properties.dll not valid. Loading of assembly skipped.
Assembly Unity.Properties.PerformanceTests.dll at Library/ScriptAssemblies/Unity.Properties.PerformanceTests.dll not valid. Loading of assembly skipped.
Assembly Unity.Properties.Reflection.Tests.dll at Library/ScriptAssemblies/Unity.Properties.Reflection.Tests.dll not valid. Loading of assembly skipped.
Assembly Unity.Properties.Tests.dll at Library/ScriptAssemblies/Unity.Properties.Tests.dll not valid. Loading of assembly skipped.
Assembly Unity.RenderPipelines.Core.Editor.Tests.dll at Library/ScriptAssemblies/Unity.RenderPipelines.Core.Editor.Tests.dll not valid. Loading of assembly skipped.
Assembly Unity.RenderPipelines.Core.Runtime.Tests.dll at Library/ScriptAssemblies/Unity.RenderPipelines.Core.Runtime.Tests.dll not valid. Loading of assembly skipped.
Assembly Unity.RenderPipelines.Universal.Config.Editor.Tests.dll at Library/ScriptAssemblies/Unity.RenderPipelines.Universal.Config.Editor.Tests.dll not valid. Loading of assembly skipped.
Assembly Unity.RenderPipelines.Universal.Editor.Tests.dll at Library/ScriptAssemblies/Unity.RenderPipelines.Universal.Editor.Tests.dll not valid. Loading of assembly skipped.
Assembly Unity.RenderPipelines.Universal.Runtime.Tests.dll at Library/ScriptAssemblies/Unity.RenderPipelines.Universal.Runtime.Tests.dll not valid. Loading of assembly skipped.
Assembly Unity.Scenes.Editor.PerformanceTests.dll at Library/ScriptAssemblies/Unity.Scenes.Editor.PerformanceTests.dll not valid. Loading of assembly skipped.
Assembly Unity.Scenes.Editor.Tests.dll at Library/ScriptAssemblies/Unity.Scenes.Editor.Tests.dll not valid. Loading of assembly skipped.
Assembly Unity.Scenes.Hybrid.Tests.dll at Library/ScriptAssemblies/Unity.Scenes.Hybrid.Tests.dll not valid. Loading of assembly skipped.
Assembly Unity.Scenes.Hybrid.Tests.Editmode.Content.dll at Library/ScriptAssemblies/Unity.Scenes.Hybrid.Tests.Editmode.Content.dll not valid. Loading of assembly skipped.
Assembly Unity.Scenes.Hybrid.Tests.Playmode.dll at Library/ScriptAssemblies/Unity.Scenes.Hybrid.Tests.Playmode.dll not valid. Loading of assembly skipped.
Assembly Unity.Scenes.PerformanceTests.dll at Library/ScriptAssemblies/Unity.Scenes.PerformanceTests.dll not valid. Loading of assembly skipped.
Assembly Unity.Scenes.Tests.dll at Library/ScriptAssemblies/Unity.Scenes.Tests.dll not valid. Loading of assembly skipped.
Assembly Unity.ScriptableBuildPipeline.Editor.Tests.dll at Library/ScriptAssemblies/Unity.ScriptableBuildPipeline.Editor.Tests.dll not valid. Loading of assembly skipped.
Assembly Unity.ScriptableBuildPipeline.Tests.dll at Library/ScriptAssemblies/Unity.ScriptableBuildPipeline.Tests.dll not valid. Loading of assembly skipped.
Assembly Unity.ScriptableBuildPipelineTests.Runtime.Tests.dll at Library/ScriptAssemblies/Unity.ScriptableBuildPipelineTests.Runtime.Tests.dll not valid. Loading of assembly skipped.
Assembly Unity.Searcher.EditorTests.dll at Library/ScriptAssemblies/Unity.Searcher.EditorTests.dll not valid. Loading of assembly skipped.
Assembly Unity.Serialization.Tests.dll at Library/ScriptAssemblies/Unity.Serialization.Tests.dll not valid. Loading of assembly skipped.
Assembly Unity.Settings.Tests.dll at Library/ScriptAssemblies/Unity.Settings.Tests.dll not valid. Loading of assembly skipped.
Assembly Unity.ShaderGraph.Editor.Tests.dll at Library/ScriptAssemblies/Unity.ShaderGraph.Editor.Tests.dll not valid. Loading of assembly skipped.
Assembly Unity.SharpZipLib.Editor.Tests.dll at Library/ScriptAssemblies/Unity.SharpZipLib.Editor.Tests.dll not valid. Loading of assembly skipped.
Assembly Unity.SharpZipLib.Tests.dll at Library/ScriptAssemblies/Unity.SharpZipLib.Tests.dll not valid. Loading of assembly skipped.
Assembly Unity.TextMeshPro.Editor.Tests.dll at Library/ScriptAssemblies/Unity.TextMeshPro.Editor.Tests.dll not valid. Loading of assembly skipped.
Assembly Unity.TextMeshPro.Tests.dll at Library/ScriptAssemblies/Unity.TextMeshPro.Tests.dll not valid. Loading of assembly skipped.
Assembly Unity.Transforms.Hybrid.Tests.dll at Library/ScriptAssemblies/Unity.Transforms.Hybrid.Tests.dll not valid. Loading of assembly skipped.
Assembly Unity.Transforms.PerformanceTests.dll at Library/ScriptAssemblies/Unity.Transforms.PerformanceTests.dll not valid. Loading of assembly skipped.
Assembly Unity.Transforms.Tests.dll at Library/ScriptAssemblies/Unity.Transforms.Tests.dll not valid. Loading of assembly skipped.
Assembly Unity.UnifiedRayTracing.Editor.Tests.dll at Library/ScriptAssemblies/Unity.UnifiedRayTracing.Editor.Tests.dll not valid. Loading of assembly skipped.
Assembly UnityEditor.UI.Common.Tests.dll at Library/ScriptAssemblies/UnityEditor.UI.Common.Tests.dll not valid. Loading of assembly skipped.
Assembly UnityEditor.UI.EditorTests.dll at Library/ScriptAssemblies/UnityEditor.UI.EditorTests.dll not valid. Loading of assembly skipped.
Assembly UnityEngine.UI.Tests.dll at Library/ScriptAssemblies/UnityEngine.UI.Tests.dll not valid. Loading of assembly skipped.
Begin MonoManager ReloadAssembly
<b><color=#cc7a00>MCP-FOR-UNITY</color></b>: [WebSocket] Unexpected receive error: WebSocket is not initialised
UnityEngine.Debug:ExtractStackTraceNoAlloc (byte*,int,string)
UnityEngine.StackTraceUtility:ExtractStackTrace ()
UnityEngine.DebugLogHandler:Internal_Log (UnityEngine.LogType,UnityEngine.LogOption,string,UnityEngine.Object)
UnityEngine.DebugLogHandler:LogFormat (UnityEngine.LogType,UnityEngine.Object,string,object[])
UnityEngine.Logger:Log (UnityEngine.LogType,object)
UnityEngine.Debug:LogWarning (object)
MCPForUnity.Editor.Helpers.McpLog:Warn (string) (at ./Library/PackageCache/com.coplaydev.unity-mcp@d6e58c68cf4b/Editor/Helpers/McpLog.cs:45)
MCPForUnity.Editor.Services.Transport.Transports.WebSocketTransportClient/<ReceiveLoopAsync>d__41:MoveNext () (at ./Library/PackageCache/com.coplaydev.unity-mcp@d6e58c68cf4b/Editor/Services/Transport/Transports/WebSocketTransportClient.cs:404)
System.Runtime.CompilerServices.AsyncMethodBuilderCore/MoveNextRunner:InvokeMoveNext (object)
System.Threading.ExecutionContext:RunInternal (System.Threading.ExecutionContext,System.Threading.ContextCallback,object,bool)
System.Threading.ExecutionContext:Run (System.Threading.ExecutionContext,System.Threading.ContextCallback,object,bool)
System.Runtime.CompilerServices.AsyncMethodBuilderCore/MoveNextRunner:Run ()
System.Threading.Tasks.AwaitTaskContinuation:RunOrScheduleAction (System.Action,bool,System.Threading.Tasks.Task&)
System.Threading.Tasks.Task:FinishContinuations ()
System.Threading.Tasks.Task:FinishStageThree ()
System.Threading.Tasks.Task:FinishStageTwo ()
System.Threading.Tasks.Task:Finish (bool)
System.Threading.Tasks.Task:TrySetException (object)
System.Runtime.CompilerServices.AsyncTaskMethodBuilder`1<System.Threading.Tasks.VoidTaskResult>:SetException (System.Exception)
System.Runtime.CompilerServices.AsyncTaskMethodBuilder:SetException (System.Exception)
MCPForUnity.Editor.Services.Transport.Transports.WebSocketTransportClient/<HandleMessageAsync>d__43:MoveNext () (at ./Library/PackageCache/com.coplaydev.unity-mcp@d6e58c68cf4b/Editor/Services/Transport/Transports/WebSocketTransportClient.cs:489)
System.Runtime.CompilerServices.AsyncMethodBuilderCore/MoveNextRunner:InvokeMoveNext (object)
System.Threading.ExecutionContext:RunInternal (System.Threading.ExecutionContext,System.Threading.ContextCallback,object,bool)
System.Threading.ExecutionContext:Run (System.Threading.ExecutionContext,System.Threading.ContextCallback,object,bool)
System.Runtime.CompilerServices.AsyncMethodBuilderCore/MoveNextRunner:Run ()
System.Threading.Tasks.AwaitTaskContinuation:RunOrScheduleAction (System.Action,bool,System.Threading.Tasks.Task&)
System.Threading.Tasks.Task:FinishContinuations ()
System.Threading.Tasks.Task:FinishStageThree ()
System.Threading.Tasks.Task:FinishStageTwo ()
System.Threading.Tasks.Task:Finish (bool)
System.Threading.Tasks.Task:TrySetException (object)
System.Runtime.CompilerServices.AsyncTaskMethodBuilder`1<System.Threading.Tasks.VoidTaskResult>:SetException (System.Exception)
System.Runtime.CompilerServices.AsyncTaskMethodBuilder:SetException (System.Exception)
MCPForUnity.Editor.Services.Transport.Transports.WebSocketTransportClient/<HandleExecuteAsync>d__48:MoveNext () (at ./Library/PackageCache/com.coplaydev.unity-mcp@d6e58c68cf4b/Editor/Services/Transport/Transports/WebSocketTransportClient.cs:664)
System.Runtime.CompilerServices.AsyncMethodBuilderCore/MoveNextRunner:InvokeMoveNext (object)
System.Threading.ExecutionContext:RunInternal (System.Threading.ExecutionContext,System.Threading.ContextCallback,object,bool)
System.Threading.ExecutionContext:Run (System.Threading.ExecutionContext,System.Threading.ContextCallback,object,bool)
System.Runtime.CompilerServices.AsyncMethodBuilderCore/MoveNextRunner:Run ()
System.Threading.Tasks.AwaitTaskContinuation:System.Threading.IThreadPoolWorkItem.ExecuteWorkItem ()
System.Threading.ThreadPoolWorkQueue:Dispatch ()
System.Threading._ThreadPoolWaitCallback:PerformWaitCallback ()

(Filename: ./Library/PackageCache/com.coplaydev.unity-mcp@d6e58c68cf4b/Editor/Helpers/McpLog.cs Line: 45)

Total cache size 268319600
Total cache size after purge 268319600, took 00:00:01.3944232
Assembly DocCodeExamples.dll at Library/ScriptAssemblies/DocCodeExamples.dll not valid. Loading of assembly skipped.
Assembly DocCodeSamples.dll at Library/ScriptAssemblies/DocCodeSamples.dll not valid. Loading of assembly skipped.
Assembly Hecton8.EditModeTests.dll at Library/ScriptAssemblies/Hecton8.EditModeTests.dll not valid. Loading of assembly skipped.
Assembly Hecton8.PlayModeTests.dll at Library/ScriptAssemblies/Hecton8.PlayModeTests.dll not valid. Loading of assembly skipped.
Assembly MockTests.dll at Library/ScriptAssemblies/MockTests.dll not valid. Loading of assembly skipped.
Assembly TestNewCustomAssembly.dll at Library/ScriptAssemblies/TestNewCustomAssembly.dll not valid. Loading of assembly skipped.
Assembly TypeDependencyCacheTestAssembly.dll at Library/ScriptAssemblies/TypeDependencyCacheTestAssembly.dll not valid. Loading of assembly skipped.
Assembly Unity.2D.Sprite.Package.EditorTests.dll at Library/ScriptAssemblies/Unity.2D.Sprite.Package.EditorTests.dll not valid. Loading of assembly skipped.
Assembly Unity.Burst.Tests.dll at Library/ScriptAssemblies/Unity.Burst.Tests.dll not valid. Loading of assembly skipped.
Assembly Unity.Collections.BurstCompatibilityGen.dll at Library/ScriptAssemblies/Unity.Collections.BurstCompatibilityGen.dll not valid. Loading of assembly skipped.
Assembly Unity.Collections.DocCodeSamples.dll at Library/ScriptAssemblies/Unity.Collections.DocCodeSamples.dll not valid. Loading of assembly skipped.
Assembly Unity.Collections.PerformanceTests.dll at Library/ScriptAssemblies/Unity.Collections.PerformanceTests.dll not valid. Loading of assembly skipped.
Assembly Unity.Collections.Tests.dll at Library/ScriptAssemblies/Unity.Collections.Tests.dll not valid. Loading of assembly skipped.
Assembly Unity.Collections.Tests.Playmode.dll at Library/ScriptAssemblies/Unity.Collections.Tests.Playmode.dll not valid. Loading of assembly skipped.
Assembly Unity.Entities.CodeGen.Tests.dll at Library/ScriptAssemblies/Unity.Entities.CodeGen.Tests.dll not valid. Loading of assembly skipped.
Assembly Unity.Entities.ContentDelivery.Tests.dll at Library/ScriptAssemblies/Unity.Entities.ContentDelivery.Tests.dll not valid. Loading of assembly skipped.
Assembly Unity.Entities.Editor.PerformanceTests.dll at Library/ScriptAssemblies/Unity.Entities.Editor.PerformanceTests.dll not valid. Loading of assembly skipped.
Assembly Unity.Entities.Editor.Tests.dll at Library/ScriptAssemblies/Unity.Entities.Editor.Tests.dll not valid. Loading of assembly skipped.
Assembly Unity.Entities.Hybrid.EndToEnd.Tests.dll at Library/ScriptAssemblies/Unity.Entities.Hybrid.EndToEnd.Tests.dll not valid. Loading of assembly skipped.
Assembly Unity.Entities.Hybrid.PerformanceTests.dll at Library/ScriptAssemblies/Unity.Entities.Hybrid.PerformanceTests.dll not valid. Loading of assembly skipped.
Assembly Unity.Entities.Hybrid.Tests.dll at Library/ScriptAssemblies/Unity.Entities.Hybrid.Tests.dll not valid. Loading of assembly skipped.
Assembly Unity.Entities.Hybrid.Tests.ExcludedAssembly.dll at Library/ScriptAssemblies/Unity.Entities.Hybrid.Tests.ExcludedAssembly.dll not valid. Loading of assembly skipped.
Assembly Unity.Entities.Hybrid.Tests.SeparateAssembly.dll at Library/ScriptAssemblies/Unity.Entities.Hybrid.Tests.SeparateAssembly.dll not valid. Loading of assembly skipped.
Assembly Unity.Entities.PerformanceTests.dll at Library/ScriptAssemblies/Unity.Entities.PerformanceTests.dll not valid. Loading of assembly skipped.
Assembly Unity.Entities.TestComponents.dll at Library/ScriptAssemblies/Unity.Entities.TestComponents.dll not valid. Loading of assembly skipped.
Assembly Unity.Entities.Tests.dll at Library/ScriptAssemblies/Unity.Entities.Tests.dll not valid. Loading of assembly skipped.
Assembly Unity.Entities.Tests.InAnotherAssembly.dll at Library/ScriptAssemblies/Unity.Entities.Tests.InAnotherAssembly.dll not valid. Loading of assembly skipped.
Assembly Unity.Entities.Tests.InAnotherEmptyAssembly.dll at Library/ScriptAssemblies/Unity.Entities.Tests.InAnotherEmptyAssembly.dll not valid. Loading of assembly skipped.
Assembly Unity.InputSystem.IntegrationTests.dll at Library/ScriptAssemblies/Unity.InputSystem.IntegrationTests.dll not valid. Loading of assembly skipped.
Assembly Unity.Mathematics.Extensions.Tests.dll at Library/ScriptAssemblies/Unity.Mathematics.Extensions.Tests.dll not valid. Loading of assembly skipped.
Assembly Unity.Mathematics.Tests.dll at Library/ScriptAssemblies/Unity.Mathematics.Tests.dll not valid. Loading of assembly skipped.
Assembly Unity.Multiplayer.Center.Editor.Tests.dll at Library/ScriptAssemblies/Unity.Multiplayer.Center.Editor.Tests.dll not valid. Loading of assembly skipped.
Assembly Unity.Multiplayer.Center.Tests.dll at Library/ScriptAssemblies/Unity.Multiplayer.Center.Tests.dll not valid. Loading of assembly skipped.
Assembly Unity.Nuget.Mono-Cecil.dll at Library/ScriptAssemblies/Unity.Nuget.Mono-Cecil.dll not valid. Loading of assembly skipped.
Assembly Unity.PathTracing.Editor.Tests.dll at Library/ScriptAssemblies/Unity.PathTracing.Editor.Tests.dll not valid. Loading of assembly skipped.
Assembly Unity.PathTracing.Runtime.Tests.dll at Library/ScriptAssemblies/Unity.PathTracing.Runtime.Tests.dll not valid. Loading of assembly skipped.
Assembly Unity.Properties.CodeGen.IntegrationTests.DependencyA.dll at Library/ScriptAssemblies/Unity.Properties.CodeGen.IntegrationTests.DependencyA.dll not valid. Loading of assembly skipped.
Assembly Unity.Properties.CodeGen.IntegrationTests.DependencyB.dll at Library/ScriptAssemblies/Unity.Properties.CodeGen.IntegrationTests.DependencyB.dll not valid. Loading of assembly skipped.
Assembly Unity.Properties.CodeGen.IntegrationTests.DependencyC.dll at Library/ScriptAssemblies/Unity.Properties.CodeGen.IntegrationTests.DependencyC.dll not valid. Loading of assembly skipped.
Assembly Unity.Properties.CodeGen.IntegrationTests.dll at Library/ScriptAssemblies/Unity.Properties.CodeGen.IntegrationTests.dll not valid. Loading of assembly skipped.
Assembly Unity.Properties.CodeGen.UntaggedAssemblyTests.dll at Library/ScriptAssemblies/Unity.Properties.CodeGen.UntaggedAssemblyTests.dll not valid. Loading of assembly skipped.
Assembly Unity.Properties.dll at Library/ScriptAssemblies/Unity.Properties.dll not valid. Loading of assembly skipped.
Assembly Unity.Properties.PerformanceTests.dll at Library/ScriptAssemblies/Unity.Properties.PerformanceTests.dll not valid. Loading of assembly skipped.
Assembly Unity.Properties.Reflection.Tests.dll at Library/ScriptAssemblies/Unity.Properties.Reflection.Tests.dll not valid. Loading of assembly skipped.
Assembly Unity.Properties.Tests.dll at Library/ScriptAssemblies/Unity.Properties.Tests.dll not valid. Loading of assembly skipped.
Assembly Unity.RenderPipelines.Core.Editor.Tests.dll at Library/ScriptAssemblies/Unity.RenderPipelines.Core.Editor.Tests.dll not valid. Loading of assembly skipped.
Assembly Unity.RenderPipelines.Core.Runtime.Tests.dll at Library/ScriptAssemblies/Unity.RenderPipelines.Core.Runtime.Tests.dll not valid. Loading of assembly skipped.
Assembly Unity.RenderPipelines.Universal.Config.Editor.Tests.dll at Library/ScriptAssemblies/Unity.RenderPipelines.Universal.Config.Editor.Tests.dll not valid. Loading of assembly skipped.
Assembly Unity.RenderPipelines.Universal.Editor.Tests.dll at Library/ScriptAssemblies/Unity.RenderPipelines.Universal.Editor.Tests.dll not valid. Loading of assembly skipped.
Assembly Unity.RenderPipelines.Universal.Runtime.Tests.dll at Library/ScriptAssemblies/Unity.RenderPipelines.Universal.Runtime.Tests.dll not valid. Loading of assembly skipped.
Assembly Unity.Scenes.Editor.PerformanceTests.dll at Library/ScriptAssemblies/Unity.Scenes.Editor.PerformanceTests.dll not valid. Loading of assembly skipped.
Assembly Unity.Scenes.Editor.Tests.dll at Library/ScriptAssemblies/Unity.Scenes.Editor.Tests.dll not valid. Loading of assembly skipped.
Assembly Unity.Scenes.Hybrid.Tests.dll at Library/ScriptAssemblies/Unity.Scenes.Hybrid.Tests.dll not valid. Loading of assembly skipped.
Assembly Unity.Scenes.Hybrid.Tests.Editmode.Content.dll at Library/ScriptAssemblies/Unity.Scenes.Hybrid.Tests.Editmode.Content.dll not valid. Loading of assembly skipped.
Assembly Unity.Scenes.Hybrid.Tests.Playmode.dll at Library/ScriptAssemblies/Unity.Scenes.Hybrid.Tests.Playmode.dll not valid. Loading of assembly skipped.
Assembly Unity.Scenes.PerformanceTests.dll at Library/ScriptAssemblies/Unity.Scenes.PerformanceTests.dll not valid. Loading of assembly skipped.
Assembly Unity.Scenes.Tests.dll at Library/ScriptAssemblies/Unity.Scenes.Tests.dll not valid. Loading of assembly skipped.
Assembly Unity.ScriptableBuildPipeline.Editor.Tests.dll at Library/ScriptAssemblies/Unity.ScriptableBuildPipeline.Editor.Tests.dll not valid. Loading of assembly skipped.
Assembly Unity.ScriptableBuildPipeline.Tests.dll at Library/ScriptAssemblies/Unity.ScriptableBuildPipeline.Tests.dll not valid. Loading of assembly skipped.
Assembly Unity.ScriptableBuildPipelineTests.Runtime.Tests.dll at Library/ScriptAssemblies/Unity.ScriptableBuildPipelineTests.Runtime.Tests.dll not valid. Loading of assembly skipped.
Assembly Unity.Searcher.EditorTests.dll at Library/ScriptAssemblies/Unity.Searcher.EditorTests.dll not valid. Loading of assembly skipped.
Assembly Unity.Serialization.Tests.dll at Library/ScriptAssemblies/Unity.Serialization.Tests.dll not valid. Loading of assembly skipped.
Assembly Unity.Settings.Tests.dll at Library/ScriptAssemblies/Unity.Settings.Tests.dll not valid. Loading of assembly skipped.
Assembly Unity.ShaderGraph.Editor.Tests.dll at Library/ScriptAssemblies/Unity.ShaderGraph.Editor.Tests.dll not valid. Loading of assembly skipped.
Assembly Unity.SharpZipLib.Editor.Tests.dll at Library/ScriptAssemblies/Unity.SharpZipLib.Editor.Tests.dll not valid. Loading of assembly skipped.
Assembly Unity.SharpZipLib.Tests.dll at Library/ScriptAssemblies/Unity.SharpZipLib.Tests.dll not valid. Loading of assembly skipped.
Assembly Unity.TextMeshPro.Editor.Tests.dll at Library/ScriptAssemblies/Unity.TextMeshPro.Editor.Tests.dll not valid. Loading of assembly skipped.
Assembly Unity.TextMeshPro.Tests.dll at Library/ScriptAssemblies/Unity.TextMeshPro.Tests.dll not valid. Loading of assembly skipped.
Assembly Unity.Transforms.Hybrid.Tests.dll at Library/ScriptAssemblies/Unity.Transforms.Hybrid.Tests.dll not valid. Loading of assembly skipped.
Assembly Unity.Transforms.PerformanceTests.dll at Library/ScriptAssemblies/Unity.Transforms.PerformanceTests.dll not valid. Loading of assembly skipped.
Assembly Unity.Transforms.Tests.dll at Library/ScriptAssemblies/Unity.Transforms.Tests.dll not valid. Loading of assembly skipped.
Assembly Unity.UnifiedRayTracing.Editor.Tests.dll at Library/ScriptAssemblies/Unity.UnifiedRayTracing.Editor.Tests.dll not valid. Loading of assembly skipped.
Assembly UnityEditor.UI.Common.Tests.dll at Library/ScriptAssemblies/UnityEditor.UI.Common.Tests.dll not valid. Loading of assembly skipped.
Assembly UnityEditor.UI.EditorTests.dll at Library/ScriptAssemblies/UnityEditor.UI.EditorTests.dll not valid. Loading of assembly skipped.
Assembly UnityEngine.UI.Tests.dll at Library/ScriptAssemblies/UnityEngine.UI.Tests.dll not valid. Loading of assembly skipped.
Symbol file LoadedFromMemory is not a mono symbol file
Refreshing native plugins compatible for Editor in 22.60 ms, found 31 plugins.
Native extension for WindowsStandalone target not found
[MODES] ModeService[none].Initialize
[MODES] ModeService[none].LoadModes
GetVirtualKey: Could not map char: z (122) to any virtual key
GetVirtualKey: Could not map char: y (121) to any virtual key
GetVirtualKey: Could not map char: x (120) to any virtual key
GetVirtualKey: Could not map char: c (99) to any virtual key
GetVirtualKey: Could not map char: v (118) to any virtual key
GetVirtualKey: Could not map char: V (86) to any virtual key
GetVirtualKey: Could not map char: d (100) to any virtual key
GetVirtualKey: Could not map char: f (102) to any virtual key
GetVirtualKey: Could not map char: f (102) to any virtual key
GetVirtualKey: Could not map char: a (97) to any virtual key
GetVirtualKey: Could not map char: d (100) to any virtual key
GetVirtualKey: Could not map char: c (99) to any virtual key
GetVirtualKey: Could not map char: r (114) to any virtual key
GetVirtualKey: Could not map char: i (105) to any virtual key
GetVirtualKey: Could not map char: b (98) to any virtual key
GetVirtualKey: Could not map char: l (108) to any virtual key
GetVirtualKey: Could not map char: s (115) to any virtual key
GetVirtualKey: Could not map char: u (117) to any virtual key
GetVirtualKey: Could not map char: l (108) to any virtual key
GetVirtualKey: Could not map char: f (102) to any virtual key
GetVirtualKey: Could not map char: k (107) to any virtual key
GetVirtualKey: Could not map char: p (112) to any virtual key
GetVirtualKey: Could not map char: p (112) to any virtual key
GetVirtualKey: Could not map char: p (112) to any virtual key
GetVirtualKey: Could not map char: c (99) to any virtual key
GetVirtualKey: Could not map char: r (114) to any virtual key
GetVirtualKey: Could not map char: P (80) to any virtual key
GetVirtualKey: Could not map char: n (110) to any virtual key
GetVirtualKey: Could not map char: n (110) to any virtual key
GetVirtualKey: Could not map char: g (103) to any virtual key
GetVirtualKey: Could not map char: G (71) to any virtual key
GetVirtualKey: Could not map char: f (102) to any virtual key
GetVirtualKey: Could not map char: f (102) to any virtual key
GetVirtualKey: Could not map char: a (97) to any virtual key
GetVirtualKey: Could not map char: a (97) to any virtual key
GetVirtualKey: Could not map char: k (107) to any virtual key
GetVirtualKey: Could not map char: g (103) to any virtual key
GetVirtualKey: Could not map char: l (108) to any virtual key
GetVirtualKey: Could not map char: p (112) to any virtual key
GetVirtualKey: Could not map char: K (75) to any virtual key
GetVirtualKey: Could not map char: G (71) to any virtual key
GetVirtualKey: Could not map char: L (76) to any virtual key
GetVirtualKey: Could not map char: R (82) to any virtual key
GetVirtualKey: Could not map char: G (71) to any virtual key
GetVirtualKey: Could not map char: X (88) to any virtual key
GetVirtualKey: Could not map char: E (69) to any virtual key
GetVirtualKey: Could not map char: N (78) to any virtual key
GetVirtualKey: Could not map char: U (85) to any virtual key
GetVirtualKey: Could not map char: E (69) to any virtual key
GetVirtualKey: Could not map char: S (83) to any virtual key
GetVirtualKey: Could not map char: X (88) to any virtual key
GetVirtualKey: Could not map char: V (86) to any virtual key
GetVirtualKey: Could not map char: m (109) to any virtual key
GetVirtualKey: Could not map char: c (99) to any virtual key
GetVirtualKey: Could not map char: u (117) to any virtual key
GetVirtualKey: Could not map char: n (110) to any virtual key
GetVirtualKey: Could not map char: o (111) to any virtual key
GetVirtualKey: Could not map char: s (115) to any virtual key
GetVirtualKey: Could not map char: s (115) to any virtual key
GetVirtualKey: Could not map char: b (98) to any virtual key
GetVirtualKey: Could not map char: b (98) to any virtual key
GetVirtualKey: Could not map char: m (109) to any virtual key
GetVirtualKey: Could not map char: p (112) to any virtual key
TypeManager.Initialize took: 272ms
ScheduleIndexationOnStartup MainProcess:True IndexOnStartup:True
Mono: successfully reloaded assembly
- Finished resetting the current domain, in 21.544 seconds
Domain Reload Profiling: 28229ms
	BeginReloadAssembly (3668ms)
		ExecutionOrderSort (6ms)
		DisableScriptedObjects (564ms)
		ReleaseScriptingObjects (9ms)
		CreateAndSetChildDomain (1933ms)
	RebuildCommonClasses (126ms)
	RebuildNativeTypeToScriptingClass (51ms)
	initialDomainReloadingComplete (305ms)
	LoadAllAssembliesAndSetupDomain (2534ms)
		LoadAssemblies (644ms)
		AnalyzeDomain (2101ms)
			TypeCache.Refresh (127ms)
				TypeCache.ScanAssembly (75ms)
			BuildScriptInfoCaches (1793ms)
			ResolveRequiredComponents (166ms)
	FinalizeReload (21545ms)
		SetupLoadedEditorAssemblies (0ms)
			InitializePlatformSupportModulesInManaged (183ms)
			BeforeProcessingInitializeOnLoad (1794ms)
			ProcessInitializeOnLoadAttributes (10480ms)
			ProcessInitializeOnLoadMethodAttributes (1276ms)
			AfterProcessingInitializeOnLoad (20ms)
			EditorAssembliesLoaded (4ms)
		ExecutionOrderSort2 (3ms)
		AwakeInstancesAfterBackupRestoration (1958ms)
(Values over 0.050ms)
Asset Pipeline Refresh (id=975551fb42906214c995973b1c8606d6): Total: 29.181 seconds - Initiated by StopAssetImportingV2(ForceSynchronousImport | ForceDomainReload)
	Summary:
		Imports: total=0 (actual=0, local cache=0, cache server=0)
		Asset DB Process Time: managed=0 ms, native=22185 ms
		Asset DB Callback time: managed=90 ms, native=0 ms
		Scripting: domain reloads=1, domain reload time=6900 ms, compile time=2 ms, other=0 ms
		Project Asset Count: scripts=3458, non-scripts=11388
		Asset File Changes: new=0, changed=0, moved=0, deleted=0
		Scan Filter Count: 0
	InvokePackagesCallback: 4.092ms
	ApplyChangesToAssetFolders: 0.803ms
	ProcessAssetsWithTransientArtifactChanges: 35.639ms
	CategorizeAssets: 386.593ms
	CompileScripts: 2.325ms
	ImportOutOfDateAssets: 21629.777ms (21613.709ms without children)
		CollectScriptTypesHashes: 3.887ms
		ReloadNativeAssets: 8.970ms
		EnsureUptoDateAssetsAreRegisteredWithGuidPM: 5.452ms
		OnDemandSchedulerStart: 1.460ms
	PostProcessAllAssets: 90.500ms
		MonoPostProcessAllAssets: 90.490ms
			TextureArrayPreProcessor.OnPostprocessAllAssets 978.242ms
			UniversalRenderPipelineGlobalSettingsPostprocessor.OnPostprocessAllAssets 29.486ms
			SceneAssetPostProcessor.OnPostprocessAllAssets 24.410ms
			AssetChangedListener.OnPostprocessAllAssets 22.520ms
			SyncVS.PostprocessSyncProject 19.626ms
			BuilderAssetPostprocessor.OnPostprocessAllAssets 15.202ms
			ShaderGraphAssetPostProcessor.OnPostprocessAllAssets 6.842ms
			WindowAssetPostprocessingWatcher.OnPostprocessAllAssets 5.685ms
			SpriteEditorTexturePostprocessor.OnPostprocessAllAssets 5.200ms
			UtilityWindowPostProcessor.OnPostprocessAllAssets 4.403ms
			MatrixAssetTexturePostprocessor.OnPostprocessAllAssets 4.310ms
			RetainedModeAssetPostprocessor.OnPostprocessAllAssets 4.182ms
			TemplatePostProcessor.OnPostprocessAllAssets 2.438ms
			MaterialPostprocessor.OnPostprocessAllAssets 2.377ms
			SpeedTree9Postprocessor.OnPostprocessAllAssets 1.964ms
			InputActionJsonNameModifierAssetProcessor.OnPostprocessAllAssets 1.829ms
			RenderPipelineGlobalSettingsPostprocessor.OnPostprocessAllAssets 1.741ms
			PostProcessor.OnPostprocessAllAssets 1.707ms
			AssetPostProcessor.OnPostprocessAllAssets 1.623ms
			UVCSAssetPostprocessor.OnPostprocessAllAssets 1.425ms
			TextAssetPostProcessor.OnPostprocessAllAssets 1.296ms
			TMPro_TexturePostProcessor.OnPostprocessAllAssets 1.234ms
			StyleCatalogPostProcessor.OnPostprocessAllAssets 1.133ms
			ArtifactBrowserPostProcessor.OnPostprocessAllAssets 1.102ms
			AudioMixerPostprocessor.OnPostprocessAllAssets 0.907ms
			AssetEvents.OnPostprocessAllAssets 0.872ms
			SamplePostprocessor.OnPostprocessAllAssets 0.800ms
			InputActionAssetPostprocessor.OnPostprocessAllAssets 0.676ms
			ConfigAssetsTracker.OnPostprocessAllAssets 0.662ms
			ReferencedClipsPostProcessor.OnPostprocessAllAssets 0.651ms
			ScenarioDriftAssetsTracker.OnPostprocessAllAssets 0.510ms
			SpeedTreePostProcessor.OnPostprocessAllAssets 0.508ms
			AssetPostprocessor.OnPostprocessAllAssets 0.472ms
			AssetDatabaseCallbacks.OnPostprocessAllAssets 0.440ms
			ProjectSettingsPostprocessor.OnPostprocessAllAssets 0.322ms
			TerrainToolbarOverlayPostProcessor.OnPostprocessAllAssets 0.262ms
			AudioContainerPostProcessor.OnPostprocessAllAssets 0.240ms
	GatherAllCurrentPrimaryImportResultRevisions: 1.236ms
	UnloadStreamsBegin: 0.301ms
	PersistCurrentRevisions: 1.050ms
	GenerateScriptTypeHashes: 28.712ms
	GenerateScriptTypeSerializationHashes: 38.674ms
	Untracked: 7013.088ms

Unloading 0 Unused Serialized files (Serialized files now loaded: 0)
[Licensing::Client] Successfully resolved entitlement details
Asset Pipeline Refresh (id=21c66fac93189d7428ab8189938908d4): Total: 0.004 seconds - Initiated by StopAssetImportingV2(NoUpdateAssetOptions)
Asset Pipeline Refresh (id=0fbe7d4d0a93a5e4a83e8ef7f57a7e80): Total: 0.004 seconds - Initiated by StopAssetImportingV2(NoUpdateAssetOptions)
Asset Pipeline Refresh (id=88533cdd0fcae634aac53966c96bbddb): Total: 0.004 seconds - Initiated by StopAssetImportingV2(NoUpdateAssetOptions)
Asset Pipeline Refresh (id=6ec967bb371ce014f80ab99952d3d691): Total: 0.004 seconds - Initiated by StopAssetImportingV2(NoUpdateAssetOptions)
Refreshing native plugins compatible for Editor in 15.13 ms, found 31 plugins.
[Licensing::Client] Successfully resolved entitlement details
[ScriptCompilation] Requested script compilation because: AssetDatabase observed changes in script compilation related files
Refreshing native plugins compatible for Editor in 17.97 ms, found 31 plugins.
(Values over 0.050ms)
Asset Pipeline Refresh (id=1195d1edbf7c12a4bb4e1d800c3fff4b): Total: 0.913 seconds - Initiated by RefreshV2(NoUpdateAssetOptions)
	Summary:
		Imports: total=0 (actual=0, local cache=0, cache server=0)
		Asset DB Process Time: managed=0 ms, native=208 ms
		Asset DB Callback time: managed=662 ms, native=39 ms
		Scripting: domain reloads=0, domain reload time=0 ms, compile time=2 ms, other=0 ms
		Project Asset Count: scripts=3458, non-scripts=11388
		Asset File Changes: new=0, changed=1, moved=0, deleted=0
		Scan Filter Count: 0
	ApplyChangesToAssetFolders: 0.555ms
	Scan: 52.907ms
	OnSourceAssetsModified: 1.527ms
	CategorizeScriptCompilationAssets: 0.060ms
	ProcessAssetsWithTransientArtifactChanges: 0.453ms
	CategorizeAssets: 108.647ms
	CompileScripts: 1.591ms
	ImportOutOfDateAssets: 12.171ms (2.000ms without children)
		ReloadNativeAssets: 3.374ms
		UnloadImportedAssets: 0.353ms
		EnsureUptoDateAssetsAreRegisteredWithGuidPM: 4.378ms
		OnDemandSchedulerStart: 2.052ms
	PostProcessAllAssets: 664.798ms
		XRBuildSystem.XRAssetImported 2.960ms
		PostProcessCallbackCreateDeferredMaterials 0.060ms
		MonoPostProcessAllAssets: 660.864ms
			TextureArrayPreProcessor.OnPostprocessAllAssets 565.754ms
			AssetChangedListener.OnPostprocessAllAssets 19.583ms
			SceneAssetPostProcessor.OnPostprocessAllAssets 11.984ms
			BuilderAssetPostprocessor.OnPostprocessAllAssets 10.703ms
			ShaderGraphAssetPostProcessor.OnPostprocessAllAssets 7.766ms
			SyncVS.PostprocessSyncProject 6.375ms
			SpriteEditorTexturePostprocessor.OnPostprocessAllAssets 4.897ms
			RetainedModeAssetPostprocessor.OnPostprocessAllAssets 3.097ms
			UtilityWindowPostProcessor.OnPostprocessAllAssets 1.627ms
			TMPro_TexturePostProcessor.OnPostprocessAllAssets 1.513ms
			ArtifactBrowserPostProcessor.OnPostprocessAllAssets 1.511ms
			MaterialPostprocessor.OnPostprocessAllAssets 1.415ms
			InputActionJsonNameModifierAssetProcessor.OnPostprocessAllAssets 1.366ms
			TextAssetPostProcessor.OnPostprocessAllAssets 1.263ms
			MatrixAssetTexturePostprocessor.OnPostprocessAllAssets 0.909ms
			InputActionAssetPostprocessor.OnPostprocessAllAssets 0.823ms
			TemplatePostProcessor.OnPostprocessAllAssets 0.817ms
			SamplePostprocessor.OnPostprocessAllAssets 0.813ms
			AudioMixerPostprocessor.OnPostprocessAllAssets 0.798ms
			StyleCatalogPostProcessor.OnPostprocessAllAssets 0.787ms
			UVCSAssetPostprocessor.OnPostprocessAllAssets 0.734ms
			PostProcessor.OnPostprocessAllAssets 0.732ms
			AssetEvents.OnPostprocessAllAssets 0.683ms
			SpeedTreePostProcessor.OnPostprocessAllAssets 0.524ms
			RenderPipelineGlobalSettingsPostprocessor.OnPostprocessAllAssets 0.424ms
			ConfigAssetsTracker.OnPostprocessAllAssets 0.360ms
			AudioContainerPostProcessor.OnPostprocessAllAssets 0.351ms
			ScenarioDriftAssetsTracker.OnPostprocessAllAssets 0.326ms
			SpeedTree9Postprocessor.OnPostprocessAllAssets 0.070ms
			ProjectSettingsPostprocessor.OnPostprocessAllAssets 0.056ms
			UniversalRenderPipelineGlobalSettingsPostprocessor.OnPostprocessAllAssets 0.051ms
	PostAssetChangesProfiler: 35.940ms
	GatherAllCurrentPrimaryImportResultRevisions: 2.196ms
	PersistCurrentRevisions: 1.167ms
	Untracked: 31.023ms

info: Microsoft.AspNetCore.Hosting.Diagnostics[1]
      Request starting HTTP/2 POST http://ilpp/UnityILPP.PostProcessing/Ping - application/grpc -
info: Microsoft.AspNetCore.Routing.EndpointMiddleware[0]
      Executing endpoint 'gRPC - /UnityILPP.PostProcessing/Ping'
info: Microsoft.AspNetCore.Routing.EndpointMiddleware[1]
      Executed endpoint 'gRPC - /UnityILPP.PostProcessing/Ping'
info: Microsoft.AspNetCore.Hosting.Diagnostics[2]
      Request finished HTTP/2 POST http://ilpp/UnityILPP.PostProcessing/Ping - 200 - application/grpc 0.2149ms
Starting: C:\Program Files\Unity\Hub\Editor\6000.4.1f1\Editor\Data\Tools\BuildPipeline\bee_backend.exe --ipc --defer-dag-verification --dagfile="Library/Bee/1900b0aEDbg.dag" --continue-on-failure --profile="Library/Bee/backend1.traceevents" ScriptAssemblies
WorkingDir: C:/hades/Hecton8
info: Microsoft.AspNetCore.Hosting.Diagnostics[1]
      Request starting HTTP/2 POST http://ilpp/UnityILPP.PostProcessing/ConfigurePostProcessors - application/grpc -
info: Microsoft.AspNetCore.Routing.EndpointMiddleware[0]
      Executing endpoint 'gRPC - /UnityILPP.PostProcessing/ConfigurePostProcessors'
info: Unity.ILPP.Runner.PostProcessingAssemblyLoadContext[0]
      Current configuration matches the requested one, skipping
info: Microsoft.AspNetCore.Routing.EndpointMiddleware[1]
      Executed endpoint 'gRPC - /UnityILPP.PostProcessing/ConfigurePostProcessors'
info: Microsoft.AspNetCore.Hosting.Diagnostics[2]
      Request finished HTTP/2 POST http://ilpp/UnityILPP.PostProcessing/ConfigurePostProcessors - 200 - application/grpc 1.6300ms
ExitCode: 0 Duration: 2s133ms
[1514/2034  0s] ILPP-Configuration Library/ilpp-configuration.nevergeneratedoutput
*** Tundra build success (2.06 seconds), 1 items updated, 2034 evaluated
Unloading 205 unused Assets / (30.0 KB). Loaded Objects now: 33745.
Memory consumption went from 1.54 GB to 1.54 GB.
Total: 151.360100 ms (FindLiveObjects: 4.374100 ms CreateObjectMapping: 4.051900 ms MarkObjects: 140.076700 ms  DeleteObjects: 2.855100 ms)

[Licensing::Client] Successfully resolved entitlement details
Reloading assemblies after finishing script compilation.
Reloading assemblies after forced synchronous recompile.
Assembly DocCodeExamples.dll at Library/ScriptAssemblies/DocCodeExamples.dll not valid. Loading of assembly skipped.
Assembly DocCodeSamples.dll at Library/ScriptAssemblies/DocCodeSamples.dll not valid. Loading of assembly skipped.
Assembly Hecton8.EditModeTests.dll at Library/ScriptAssemblies/Hecton8.EditModeTests.dll not valid. Loading of assembly skipped.
Assembly Hecton8.PlayModeTests.dll at Library/ScriptAssemblies/Hecton8.PlayModeTests.dll not valid. Loading of assembly skipped.
Assembly MockTests.dll at Library/ScriptAssemblies/MockTests.dll not valid. Loading of assembly skipped.
Assembly TestNewCustomAssembly.dll at Library/ScriptAssemblies/TestNewCustomAssembly.dll not valid. Loading of assembly skipped.
Assembly TypeDependencyCacheTestAssembly.dll at Library/ScriptAssemblies/TypeDependencyCacheTestAssembly.dll not valid. Loading of assembly skipped.
Assembly Unity.2D.Sprite.Package.EditorTests.dll at Library/ScriptAssemblies/Unity.2D.Sprite.Package.EditorTests.dll not valid. Loading of assembly skipped.
Assembly Unity.Burst.Tests.dll at Library/ScriptAssemblies/Unity.Burst.Tests.dll not valid. Loading of assembly skipped.
Assembly Unity.Collections.BurstCompatibilityGen.dll at Library/ScriptAssemblies/Unity.Collections.BurstCompatibilityGen.dll not valid. Loading of assembly skipped.
Assembly Unity.Collections.DocCodeSamples.dll at Library/ScriptAssemblies/Unity.Collections.DocCodeSamples.dll not valid. Loading of assembly skipped.
Assembly Unity.Collections.PerformanceTests.dll at Library/ScriptAssemblies/Unity.Collections.PerformanceTests.dll not valid. Loading of assembly skipped.
Assembly Unity.Collections.Tests.dll at Library/ScriptAssemblies/Unity.Collections.Tests.dll not valid. Loading of assembly skipped.
Assembly Unity.Collections.Tests.Playmode.dll at Library/ScriptAssemblies/Unity.Collections.Tests.Playmode.dll not valid. Loading of assembly skipped.
Assembly Unity.Entities.CodeGen.Tests.dll at Library/ScriptAssemblies/Unity.Entities.CodeGen.Tests.dll not valid. Loading of assembly skipped.
Assembly Unity.Entities.ContentDelivery.Tests.dll at Library/ScriptAssemblies/Unity.Entities.ContentDelivery.Tests.dll not valid. Loading of assembly skipped.
Assembly Unity.Entities.Editor.PerformanceTests.dll at Library/ScriptAssemblies/Unity.Entities.Editor.PerformanceTests.dll not valid. Loading of assembly skipped.
Assembly Unity.Entities.Editor.Tests.dll at Library/ScriptAssemblies/Unity.Entities.Editor.Tests.dll not valid. Loading of assembly skipped.
Assembly Unity.Entities.Hybrid.EndToEnd.Tests.dll at Library/ScriptAssemblies/Unity.Entities.Hybrid.EndToEnd.Tests.dll not valid. Loading of assembly skipped.
Assembly Unity.Entities.Hybrid.PerformanceTests.dll at Library/ScriptAssemblies/Unity.Entities.Hybrid.PerformanceTests.dll not valid. Loading of assembly skipped.
Assembly Unity.Entities.Hybrid.Tests.dll at Library/ScriptAssemblies/Unity.Entities.Hybrid.Tests.dll not valid. Loading of assembly skipped.
Assembly Unity.Entities.Hybrid.Tests.ExcludedAssembly.dll at Library/ScriptAssemblies/Unity.Entities.Hybrid.Tests.ExcludedAssembly.dll not valid. Loading of assembly skipped.
Assembly Unity.Entities.Hybrid.Tests.SeparateAssembly.dll at Library/ScriptAssemblies/Unity.Entities.Hybrid.Tests.SeparateAssembly.dll not valid. Loading of assembly skipped.
Assembly Unity.Entities.PerformanceTests.dll at Library/ScriptAssemblies/Unity.Entities.PerformanceTests.dll not valid. Loading of assembly skipped.
Assembly Unity.Entities.TestComponents.dll at Library/ScriptAssemblies/Unity.Entities.TestComponents.dll not valid. Loading of assembly skipped.
Assembly Unity.Entities.Tests.dll at Library/ScriptAssemblies/Unity.Entities.Tests.dll not valid. Loading of assembly skipped.
Assembly Unity.Entities.Tests.InAnotherAssembly.dll at Library/ScriptAssemblies/Unity.Entities.Tests.InAnotherAssembly.dll not valid. Loading of assembly skipped.
Assembly Unity.Entities.Tests.InAnotherEmptyAssembly.dll at Library/ScriptAssemblies/Unity.Entities.Tests.InAnotherEmptyAssembly.dll not valid. Loading of assembly skipped.
Assembly Unity.InputSystem.IntegrationTests.dll at Library/ScriptAssemblies/Unity.InputSystem.IntegrationTests.dll not valid. Loading of assembly skipped.
Assembly Unity.Mathematics.Extensions.Tests.dll at Library/ScriptAssemblies/Unity.Mathematics.Extensions.Tests.dll not valid. Loading of assembly skipped.
Assembly Unity.Mathematics.Tests.dll at Library/ScriptAssemblies/Unity.Mathematics.Tests.dll not valid. Loading of assembly skipped.
Assembly Unity.Multiplayer.Center.Editor.Tests.dll at Library/ScriptAssemblies/Unity.Multiplayer.Center.Editor.Tests.dll not valid. Loading of assembly skipped.
Assembly Unity.Multiplayer.Center.Tests.dll at Library/ScriptAssemblies/Unity.Multiplayer.Center.Tests.dll not valid. Loading of assembly skipped.
Assembly Unity.Nuget.Mono-Cecil.dll at Library/ScriptAssemblies/Unity.Nuget.Mono-Cecil.dll not valid. Loading of assembly skipped.
Assembly Unity.PathTracing.Editor.Tests.dll at Library/ScriptAssemblies/Unity.PathTracing.Editor.Tests.dll not valid. Loading of assembly skipped.
Assembly Unity.PathTracing.Runtime.Tests.dll at Library/ScriptAssemblies/Unity.PathTracing.Runtime.Tests.dll not valid. Loading of assembly skipped.
Assembly Unity.Properties.CodeGen.IntegrationTests.DependencyA.dll at Library/ScriptAssemblies/Unity.Properties.CodeGen.IntegrationTests.DependencyA.dll not valid. Loading of assembly skipped.
Assembly Unity.Properties.CodeGen.IntegrationTests.DependencyB.dll at Library/ScriptAssemblies/Unity.Properties.CodeGen.IntegrationTests.DependencyB.dll not valid. Loading of assembly skipped.
Assembly Unity.Properties.CodeGen.IntegrationTests.DependencyC.dll at Library/ScriptAssemblies/Unity.Properties.CodeGen.IntegrationTests.DependencyC.dll not valid. Loading of assembly skipped.
Assembly Unity.Properties.CodeGen.IntegrationTests.dll at Library/ScriptAssemblies/Unity.Properties.CodeGen.IntegrationTests.dll not valid. Loading of assembly skipped.
Assembly Unity.Properties.CodeGen.UntaggedAssemblyTests.dll at Library/ScriptAssemblies/Unity.Properties.CodeGen.UntaggedAssemblyTests.dll not valid. Loading of assembly skipped.
Assembly Unity.Properties.dll at Library/ScriptAssemblies/Unity.Properties.dll not valid. Loading of assembly skipped.
Assembly Unity.Properties.PerformanceTests.dll at Library/ScriptAssemblies/Unity.Properties.PerformanceTests.dll not valid. Loading of assembly skipped.
Assembly Unity.Properties.Reflection.Tests.dll at Library/ScriptAssemblies/Unity.Properties.Reflection.Tests.dll not valid. Loading of assembly skipped.
Assembly Unity.Properties.Tests.dll at Library/ScriptAssemblies/Unity.Properties.Tests.dll not valid. Loading of assembly skipped.
Assembly Unity.RenderPipelines.Core.Editor.Tests.dll at Library/ScriptAssemblies/Unity.RenderPipelines.Core.Editor.Tests.dll not valid. Loading of assembly skipped.
Assembly Unity.RenderPipelines.Core.Runtime.Tests.dll at Library/ScriptAssemblies/Unity.RenderPipelines.Core.Runtime.Tests.dll not valid. Loading of assembly skipped.
Assembly Unity.RenderPipelines.Universal.Config.Editor.Tests.dll at Library/ScriptAssemblies/Unity.RenderPipelines.Universal.Config.Editor.Tests.dll not valid. Loading of assembly skipped.
Assembly Unity.RenderPipelines.Universal.Editor.Tests.dll at Library/ScriptAssemblies/Unity.RenderPipelines.Universal.Editor.Tests.dll not valid. Loading of assembly skipped.
Assembly Unity.RenderPipelines.Universal.Runtime.Tests.dll at Library/ScriptAssemblies/Unity.RenderPipelines.Universal.Runtime.Tests.dll not valid. Loading of assembly skipped.
Assembly Unity.Scenes.Editor.PerformanceTests.dll at Library/ScriptAssemblies/Unity.Scenes.Editor.PerformanceTests.dll not valid. Loading of assembly skipped.
Assembly Unity.Scenes.Editor.Tests.dll at Library/ScriptAssemblies/Unity.Scenes.Editor.Tests.dll not valid. Loading of assembly skipped.
Assembly Unity.Scenes.Hybrid.Tests.dll at Library/ScriptAssemblies/Unity.Scenes.Hybrid.Tests.dll not valid. Loading of assembly skipped.
Assembly Unity.Scenes.Hybrid.Tests.Editmode.Content.dll at Library/ScriptAssemblies/Unity.Scenes.Hybrid.Tests.Editmode.Content.dll not valid. Loading of assembly skipped.
Assembly Unity.Scenes.Hybrid.Tests.Playmode.dll at Library/ScriptAssemblies/Unity.Scenes.Hybrid.Tests.Playmode.dll not valid. Loading of assembly skipped.
Assembly Unity.Scenes.PerformanceTests.dll at Library/ScriptAssemblies/Unity.Scenes.PerformanceTests.dll not valid. Loading of assembly skipped.
Assembly Unity.Scenes.Tests.dll at Library/ScriptAssemblies/Unity.Scenes.Tests.dll not valid. Loading of assembly skipped.
Assembly Unity.ScriptableBuildPipeline.Editor.Tests.dll at Library/ScriptAssemblies/Unity.ScriptableBuildPipeline.Editor.Tests.dll not valid. Loading of assembly skipped.
Assembly Unity.ScriptableBuildPipeline.Tests.dll at Library/ScriptAssemblies/Unity.ScriptableBuildPipeline.Tests.dll not valid. Loading of assembly skipped.
Assembly Unity.ScriptableBuildPipelineTests.Runtime.Tests.dll at Library/ScriptAssemblies/Unity.ScriptableBuildPipelineTests.Runtime.Tests.dll not valid. Loading of assembly skipped.
Assembly Unity.Searcher.EditorTests.dll at Library/ScriptAssemblies/Unity.Searcher.EditorTests.dll not valid. Loading of assembly skipped.
Assembly Unity.Serialization.Tests.dll at Library/ScriptAssemblies/Unity.Serialization.Tests.dll not valid. Loading of assembly skipped.
Assembly Unity.Settings.Tests.dll at Library/ScriptAssemblies/Unity.Settings.Tests.dll not valid. Loading of assembly skipped.
Assembly Unity.ShaderGraph.Editor.Tests.dll at Library/ScriptAssemblies/Unity.ShaderGraph.Editor.Tests.dll not valid. Loading of assembly skipped.
Assembly Unity.SharpZipLib.Editor.Tests.dll at Library/ScriptAssemblies/Unity.SharpZipLib.Editor.Tests.dll not valid. Loading of assembly skipped.
Assembly Unity.SharpZipLib.Tests.dll at Library/ScriptAssemblies/Unity.SharpZipLib.Tests.dll not valid. Loading of assembly skipped.
Assembly Unity.TextMeshPro.Editor.Tests.dll at Library/ScriptAssemblies/Unity.TextMeshPro.Editor.Tests.dll not valid. Loading of assembly skipped.
Assembly Unity.TextMeshPro.Tests.dll at Library/ScriptAssemblies/Unity.TextMeshPro.Tests.dll not valid. Loading of assembly skipped.
Assembly Unity.Transforms.Hybrid.Tests.dll at Library/ScriptAssemblies/Unity.Transforms.Hybrid.Tests.dll not valid. Loading of assembly skipped.
Assembly Unity.Transforms.PerformanceTests.dll at Library/ScriptAssemblies/Unity.Transforms.PerformanceTests.dll not valid. Loading of assembly skipped.
Assembly Unity.Transforms.Tests.dll at Library/ScriptAssemblies/Unity.Transforms.Tests.dll not valid. Loading of assembly skipped.
Assembly Unity.UnifiedRayTracing.Editor.Tests.dll at Library/ScriptAssemblies/Unity.UnifiedRayTracing.Editor.Tests.dll not valid. Loading of assembly skipped.
Assembly UnityEditor.UI.Common.Tests.dll at Library/ScriptAssemblies/UnityEditor.UI.Common.Tests.dll not valid. Loading of assembly skipped.
Assembly UnityEditor.UI.EditorTests.dll at Library/ScriptAssemblies/UnityEditor.UI.EditorTests.dll not valid. Loading of assembly skipped.
Assembly UnityEngine.UI.Tests.dll at Library/ScriptAssemblies/UnityEngine.UI.Tests.dll not valid. Loading of assembly skipped.
Begin MonoManager ReloadAssembly
Total cache size 268319600
Total cache size after purge 268319600, took 00:00:01.3945427
[Licensing::Client] Successfully resolved entitlement details
Assembly DocCodeExamples.dll at Library/ScriptAssemblies/DocCodeExamples.dll not valid. Loading of assembly skipped.
Assembly DocCodeSamples.dll at Library/ScriptAssemblies/DocCodeSamples.dll not valid. Loading of assembly skipped.
Assembly Hecton8.EditModeTests.dll at Library/ScriptAssemblies/Hecton8.EditModeTests.dll not valid. Loading of assembly skipped.
Assembly Hecton8.PlayModeTests.dll at Library/ScriptAssemblies/Hecton8.PlayModeTests.dll not valid. Loading of assembly skipped.
Assembly MockTests.dll at Library/ScriptAssemblies/MockTests.dll not valid. Loading of assembly skipped.
Assembly TestNewCustomAssembly.dll at Library/ScriptAssemblies/TestNewCustomAssembly.dll not valid. Loading of assembly skipped.
Assembly TypeDependencyCacheTestAssembly.dll at Library/ScriptAssemblies/TypeDependencyCacheTestAssembly.dll not valid. Loading of assembly skipped.
Assembly Unity.2D.Sprite.Package.EditorTests.dll at Library/ScriptAssemblies/Unity.2D.Sprite.Package.EditorTests.dll not valid. Loading of assembly skipped.
Assembly Unity.Burst.Tests.dll at Library/ScriptAssemblies/Unity.Burst.Tests.dll not valid. Loading of assembly skipped.
Assembly Unity.Collections.BurstCompatibilityGen.dll at Library/ScriptAssemblies/Unity.Collections.BurstCompatibilityGen.dll not valid. Loading of assembly skipped.
Assembly Unity.Collections.DocCodeSamples.dll at Library/ScriptAssemblies/Unity.Collections.DocCodeSamples.dll not valid. Loading of assembly skipped.
Assembly Unity.Collections.PerformanceTests.dll at Library/ScriptAssemblies/Unity.Collections.PerformanceTests.dll not valid. Loading of assembly skipped.
Assembly Unity.Collections.Tests.dll at Library/ScriptAssemblies/Unity.Collections.Tests.dll not valid. Loading of assembly skipped.
Assembly Unity.Collections.Tests.Playmode.dll at Library/ScriptAssemblies/Unity.Collections.Tests.Playmode.dll not valid. Loading of assembly skipped.
Assembly Unity.Entities.CodeGen.Tests.dll at Library/ScriptAssemblies/Unity.Entities.CodeGen.Tests.dll not valid. Loading of assembly skipped.
Assembly Unity.Entities.ContentDelivery.Tests.dll at Library/ScriptAssemblies/Unity.Entities.ContentDelivery.Tests.dll not valid. Loading of assembly skipped.
Assembly Unity.Entities.Editor.PerformanceTests.dll at Library/ScriptAssemblies/Unity.Entities.Editor.PerformanceTests.dll not valid. Loading of assembly skipped.
Assembly Unity.Entities.Editor.Tests.dll at Library/ScriptAssemblies/Unity.Entities.Editor.Tests.dll not valid. Loading of assembly skipped.
Assembly Unity.Entities.Hybrid.EndToEnd.Tests.dll at Library/ScriptAssemblies/Unity.Entities.Hybrid.EndToEnd.Tests.dll not valid. Loading of assembly skipped.
Assembly Unity.Entities.Hybrid.PerformanceTests.dll at Library/ScriptAssemblies/Unity.Entities.Hybrid.PerformanceTests.dll not valid. Loading of assembly skipped.
Assembly Unity.Entities.Hybrid.Tests.dll at Library/ScriptAssemblies/Unity.Entities.Hybrid.Tests.dll not valid. Loading of assembly skipped.
Assembly Unity.Entities.Hybrid.Tests.ExcludedAssembly.dll at Library/ScriptAssemblies/Unity.Entities.Hybrid.Tests.ExcludedAssembly.dll not valid. Loading of assembly skipped.
Assembly Unity.Entities.Hybrid.Tests.SeparateAssembly.dll at Library/ScriptAssemblies/Unity.Entities.Hybrid.Tests.SeparateAssembly.dll not valid. Loading of assembly skipped.
Assembly Unity.Entities.PerformanceTests.dll at Library/ScriptAssemblies/Unity.Entities.PerformanceTests.dll not valid. Loading of assembly skipped.
Assembly Unity.Entities.TestComponents.dll at Library/ScriptAssemblies/Unity.Entities.TestComponents.dll not valid. Loading of assembly skipped.
Assembly Unity.Entities.Tests.dll at Library/ScriptAssemblies/Unity.Entities.Tests.dll not valid. Loading of assembly skipped.
Assembly Unity.Entities.Tests.InAnotherAssembly.dll at Library/ScriptAssemblies/Unity.Entities.Tests.InAnotherAssembly.dll not valid. Loading of assembly skipped.
Assembly Unity.Entities.Tests.InAnotherEmptyAssembly.dll at Library/ScriptAssemblies/Unity.Entities.Tests.InAnotherEmptyAssembly.dll not valid. Loading of assembly skipped.
Assembly Unity.InputSystem.IntegrationTests.dll at Library/ScriptAssemblies/Unity.InputSystem.IntegrationTests.dll not valid. Loading of assembly skipped.
Assembly Unity.Mathematics.Extensions.Tests.dll at Library/ScriptAssemblies/Unity.Mathematics.Extensions.Tests.dll not valid. Loading of assembly skipped.
Assembly Unity.Mathematics.Tests.dll at Library/ScriptAssemblies/Unity.Mathematics.Tests.dll not valid. Loading of assembly skipped.
Assembly Unity.Multiplayer.Center.Editor.Tests.dll at Library/ScriptAssemblies/Unity.Multiplayer.Center.Editor.Tests.dll not valid. Loading of assembly skipped.
Assembly Unity.Multiplayer.Center.Tests.dll at Library/ScriptAssemblies/Unity.Multiplayer.Center.Tests.dll not valid. Loading of assembly skipped.
Assembly Unity.Nuget.Mono-Cecil.dll at Library/ScriptAssemblies/Unity.Nuget.Mono-Cecil.dll not valid. Loading of assembly skipped.
Assembly Unity.PathTracing.Editor.Tests.dll at Library/ScriptAssemblies/Unity.PathTracing.Editor.Tests.dll not valid. Loading of assembly skipped.
Assembly Unity.PathTracing.Runtime.Tests.dll at Library/ScriptAssemblies/Unity.PathTracing.Runtime.Tests.dll not valid. Loading of assembly skipped.
Assembly Unity.Properties.CodeGen.IntegrationTests.DependencyA.dll at Library/ScriptAssemblies/Unity.Properties.CodeGen.IntegrationTests.DependencyA.dll not valid. Loading of assembly skipped.
Assembly Unity.Properties.CodeGen.IntegrationTests.DependencyB.dll at Library/ScriptAssemblies/Unity.Properties.CodeGen.IntegrationTests.DependencyB.dll not valid. Loading of assembly skipped.
Assembly Unity.Properties.CodeGen.IntegrationTests.DependencyC.dll at Library/ScriptAssemblies/Unity.Properties.CodeGen.IntegrationTests.DependencyC.dll not valid. Loading of assembly skipped.
Assembly Unity.Properties.CodeGen.IntegrationTests.dll at Library/ScriptAssemblies/Unity.Properties.CodeGen.IntegrationTests.dll not valid. Loading of assembly skipped.
Assembly Unity.Properties.CodeGen.UntaggedAssemblyTests.dll at Library/ScriptAssemblies/Unity.Properties.CodeGen.UntaggedAssemblyTests.dll not valid. Loading of assembly skipped.
Assembly Unity.Properties.dll at Library/ScriptAssemblies/Unity.Properties.dll not valid. Loading of assembly skipped.
Assembly Unity.Properties.PerformanceTests.dll at Library/ScriptAssemblies/Unity.Properties.PerformanceTests.dll not valid. Loading of assembly skipped.
Assembly Unity.Properties.Reflection.Tests.dll at Library/ScriptAssemblies/Unity.Properties.Reflection.Tests.dll not valid. Loading of assembly skipped.
Assembly Unity.Properties.Tests.dll at Library/ScriptAssemblies/Unity.Properties.Tests.dll not valid. Loading of assembly skipped.
Assembly Unity.RenderPipelines.Core.Editor.Tests.dll at Library/ScriptAssemblies/Unity.RenderPipelines.Core.Editor.Tests.dll not valid. Loading of assembly skipped.
Assembly Unity.RenderPipelines.Core.Runtime.Tests.dll at Library/ScriptAssemblies/Unity.RenderPipelines.Core.Runtime.Tests.dll not valid. Loading of assembly skipped.
Assembly Unity.RenderPipelines.Universal.Config.Editor.Tests.dll at Library/ScriptAssemblies/Unity.RenderPipelines.Universal.Config.Editor.Tests.dll not valid. Loading of assembly skipped.
Assembly Unity.RenderPipelines.Universal.Editor.Tests.dll at Library/ScriptAssemblies/Unity.RenderPipelines.Universal.Editor.Tests.dll not valid. Loading of assembly skipped.
Assembly Unity.RenderPipelines.Universal.Runtime.Tests.dll at Library/ScriptAssemblies/Unity.RenderPipelines.Universal.Runtime.Tests.dll not valid. Loading of assembly skipped.
Assembly Unity.Scenes.Editor.PerformanceTests.dll at Library/ScriptAssemblies/Unity.Scenes.Editor.PerformanceTests.dll not valid. Loading of assembly skipped.
Assembly Unity.Scenes.Editor.Tests.dll at Library/ScriptAssemblies/Unity.Scenes.Editor.Tests.dll not valid. Loading of assembly skipped.
Assembly Unity.Scenes.Hybrid.Tests.dll at Library/ScriptAssemblies/Unity.Scenes.Hybrid.Tests.dll not valid. Loading of assembly skipped.
Assembly Unity.Scenes.Hybrid.Tests.Editmode.Content.dll at Library/ScriptAssemblies/Unity.Scenes.Hybrid.Tests.Editmode.Content.dll not valid. Loading of assembly skipped.
Assembly Unity.Scenes.Hybrid.Tests.Playmode.dll at Library/ScriptAssemblies/Unity.Scenes.Hybrid.Tests.Playmode.dll not valid. Loading of assembly skipped.
Assembly Unity.Scenes.PerformanceTests.dll at Library/ScriptAssemblies/Unity.Scenes.PerformanceTests.dll not valid. Loading of assembly skipped.
Assembly Unity.Scenes.Tests.dll at Library/ScriptAssemblies/Unity.Scenes.Tests.dll not valid. Loading of assembly skipped.
Assembly Unity.ScriptableBuildPipeline.Editor.Tests.dll at Library/ScriptAssemblies/Unity.ScriptableBuildPipeline.Editor.Tests.dll not valid. Loading of assembly skipped.
Assembly Unity.ScriptableBuildPipeline.Tests.dll at Library/ScriptAssemblies/Unity.ScriptableBuildPipeline.Tests.dll not valid. Loading of assembly skipped.
Assembly Unity.ScriptableBuildPipelineTests.Runtime.Tests.dll at Library/ScriptAssemblies/Unity.ScriptableBuildPipelineTests.Runtime.Tests.dll not valid. Loading of assembly skipped.
Assembly Unity.Searcher.EditorTests.dll at Library/ScriptAssemblies/Unity.Searcher.EditorTests.dll not valid. Loading of assembly skipped.
Assembly Unity.Serialization.Tests.dll at Library/ScriptAssemblies/Unity.Serialization.Tests.dll not valid. Loading of assembly skipped.
Assembly Unity.Settings.Tests.dll at Library/ScriptAssemblies/Unity.Settings.Tests.dll not valid. Loading of assembly skipped.
Assembly Unity.ShaderGraph.Editor.Tests.dll at Library/ScriptAssemblies/Unity.ShaderGraph.Editor.Tests.dll not valid. Loading of assembly skipped.
Assembly Unity.SharpZipLib.Editor.Tests.dll at Library/ScriptAssemblies/Unity.SharpZipLib.Editor.Tests.dll not valid. Loading of assembly skipped.
Assembly Unity.SharpZipLib.Tests.dll at Library/ScriptAssemblies/Unity.SharpZipLib.Tests.dll not valid. Loading of assembly skipped.
Assembly Unity.TextMeshPro.Editor.Tests.dll at Library/ScriptAssemblies/Unity.TextMeshPro.Editor.Tests.dll not valid. Loading of assembly skipped.
Assembly Unity.TextMeshPro.Tests.dll at Library/ScriptAssemblies/Unity.TextMeshPro.Tests.dll not valid. Loading of assembly skipped.
Assembly Unity.Transforms.Hybrid.Tests.dll at Library/ScriptAssemblies/Unity.Transforms.Hybrid.Tests.dll not valid. Loading of assembly skipped.
Assembly Unity.Transforms.PerformanceTests.dll at Library/ScriptAssemblies/Unity.Transforms.PerformanceTests.dll not valid. Loading of assembly skipped.
Assembly Unity.Transforms.Tests.dll at Library/ScriptAssemblies/Unity.Transforms.Tests.dll not valid. Loading of assembly skipped.
Assembly Unity.UnifiedRayTracing.Editor.Tests.dll at Library/ScriptAssemblies/Unity.UnifiedRayTracing.Editor.Tests.dll not valid. Loading of assembly skipped.
Assembly UnityEditor.UI.Common.Tests.dll at Library/ScriptAssemblies/UnityEditor.UI.Common.Tests.dll not valid. Loading of assembly skipped.
Assembly UnityEditor.UI.EditorTests.dll at Library/ScriptAssemblies/UnityEditor.UI.EditorTests.dll not valid. Loading of assembly skipped.
Assembly UnityEngine.UI.Tests.dll at Library/ScriptAssemblies/UnityEngine.UI.Tests.dll not valid. Loading of assembly skipped.
Symbol file LoadedFromMemory is not a mono symbol file
Refreshing native plugins compatible for Editor in 12.93 ms, found 31 plugins.
Native extension for WindowsStandalone target not found
[MODES] ModeService[none].Initialize
[MODES] ModeService[none].LoadModes
GetVirtualKey: Could not map char: z (122) to any virtual key
GetVirtualKey: Could not map char: y (121) to any virtual key
GetVirtualKey: Could not map char: x (120) to any virtual key
GetVirtualKey: Could not map char: c (99) to any virtual key
GetVirtualKey: Could not map char: v (118) to any virtual key
GetVirtualKey: Could not map char: V (86) to any virtual key
GetVirtualKey: Could not map char: d (100) to any virtual key
GetVirtualKey: Could not map char: f (102) to any virtual key
GetVirtualKey: Could not map char: f (102) to any virtual key
GetVirtualKey: Could not map char: a (97) to any virtual key
GetVirtualKey: Could not map char: d (100) to any virtual key
GetVirtualKey: Could not map char: c (99) to any virtual key
GetVirtualKey: Could not map char: r (114) to any virtual key
GetVirtualKey: Could not map char: i (105) to any virtual key
GetVirtualKey: Could not map char: b (98) to any virtual key
GetVirtualKey: Could not map char: l (108) to any virtual key
GetVirtualKey: Could not map char: s (115) to any virtual key
GetVirtualKey: Could not map char: u (117) to any virtual key
GetVirtualKey: Could not map char: l (108) to any virtual key
GetVirtualKey: Could not map char: f (102) to any virtual key
GetVirtualKey: Could not map char: k (107) to any virtual key
GetVirtualKey: Could not map char: p (112) to any virtual key
GetVirtualKey: Could not map char: p (112) to any virtual key
GetVirtualKey: Could not map char: p (112) to any virtual key
GetVirtualKey: Could not map char: c (99) to any virtual key
GetVirtualKey: Could not map char: r (114) to any virtual key
GetVirtualKey: Could not map char: P (80) to any virtual key
GetVirtualKey: Could not map char: n (110) to any virtual key
GetVirtualKey: Could not map char: n (110) to any virtual key
GetVirtualKey: Could not map char: g (103) to any virtual key
GetVirtualKey: Could not map char: G (71) to any virtual key
GetVirtualKey: Could not map char: f (102) to any virtual key
GetVirtualKey: Could not map char: f (102) to any virtual key
GetVirtualKey: Could not map char: a (97) to any virtual key
GetVirtualKey: Could not map char: a (97) to any virtual key
GetVirtualKey: Could not map char: k (107) to any virtual key
GetVirtualKey: Could not map char: g (103) to any virtual key
GetVirtualKey: Could not map char: l (108) to any virtual key
GetVirtualKey: Could not map char: p (112) to any virtual key
GetVirtualKey: Could not map char: K (75) to any virtual key
GetVirtualKey: Could not map char: G (71) to any virtual key
GetVirtualKey: Could not map char: L (76) to any virtual key
GetVirtualKey: Could not map char: R (82) to any virtual key
GetVirtualKey: Could not map char: G (71) to any virtual key
GetVirtualKey: Could not map char: X (88) to any virtual key
GetVirtualKey: Could not map char: E (69) to any virtual key
GetVirtualKey: Could not map char: N (78) to any virtual key
GetVirtualKey: Could not map char: U (85) to any virtual key
GetVirtualKey: Could not map char: E (69) to any virtual key
GetVirtualKey: Could not map char: S (83) to any virtual key
GetVirtualKey: Could not map char: X (88) to any virtual key
GetVirtualKey: Could not map char: V (86) to any virtual key
GetVirtualKey: Could not map char: m (109) to any virtual key
GetVirtualKey: Could not map char: c (99) to any virtual key
GetVirtualKey: Could not map char: u (117) to any virtual key
GetVirtualKey: Could not map char: n (110) to any virtual key
GetVirtualKey: Could not map char: o (111) to any virtual key
GetVirtualKey: Could not map char: s (115) to any virtual key
GetVirtualKey: Could not map char: s (115) to any virtual key
GetVirtualKey: Could not map char: b (98) to any virtual key
GetVirtualKey: Could not map char: b (98) to any virtual key
GetVirtualKey: Could not map char: m (109) to any virtual key
GetVirtualKey: Could not map char: p (112) to any virtual key
TypeManager.Initialize took: 425ms
ScheduleIndexationOnStartup MainProcess:True IndexOnStartup:True
Mono: successfully reloaded assembly
- Finished resetting the current domain, in 17.026 seconds
Domain Reload Profiling: 23192ms
	BeginReloadAssembly (3881ms)
		ExecutionOrderSort (3ms)
		DisableScriptedObjects (806ms)
		ReleaseScriptingObjects (9ms)
		CreateAndSetChildDomain (1831ms)
	RebuildCommonClasses (171ms)
	RebuildNativeTypeToScriptingClass (45ms)
	initialDomainReloadingComplete (263ms)
	LoadAllAssembliesAndSetupDomain (1804ms)
		LoadAssemblies (547ms)
		AnalyzeDomain (1528ms)
			TypeCache.Refresh (30ms)
			BuildScriptInfoCaches (1382ms)
			ResolveRequiredComponents (107ms)
	FinalizeReload (17027ms)
		SetupLoadedEditorAssemblies (0ms)
			InitializePlatformSupportModulesInManaged (38ms)
			BeforeProcessingInitializeOnLoad (1342ms)
			ProcessInitializeOnLoadAttributes (6409ms)
			ProcessInitializeOnLoadMethodAttributes (1792ms)
			AfterProcessingInitializeOnLoad (17ms)
			EditorAssembliesLoaded (6ms)
		ExecutionOrderSort2 (3ms)
		AwakeInstancesAfterBackupRestoration (2991ms)
(Values over 0.050ms)
Asset Pipeline Refresh (id=54f760441035ddd4e8f69db157c5f509): Total: 24.172 seconds - Initiated by StopAssetImportingV2(ForceSynchronousImport | ForceDomainReload)
	Summary:
		Imports: total=0 (actual=0, local cache=0, cache server=0)
		Asset DB Process Time: managed=0 ms, native=17688 ms
		Asset DB Callback time: managed=85 ms, native=1 ms
		Scripting: domain reloads=1, domain reload time=6389 ms, compile time=6 ms, other=0 ms
		Project Asset Count: scripts=3458, non-scripts=11388
		Asset File Changes: new=0, changed=0, moved=0, deleted=0
		Scan Filter Count: 0
	InvokePackagesCallback: 5.261ms
	ApplyChangesToAssetFolders: 0.962ms
	ProcessAssetsWithTransientArtifactChanges: 25.950ms
	CategorizeAssets: 434.642ms
	CompileScripts: 5.867ms
	ImportOutOfDateAssets: 17089.832ms (17078.257ms without children)
		CollectScriptTypesHashes: 4.622ms
		ReloadNativeAssets: 5.814ms
		EnsureUptoDateAssetsAreRegisteredWithGuidPM: 3.875ms
		OnDemandSchedulerStart: 1.671ms
	PostProcessAllAssets: 85.087ms
		MonoPostProcessAllAssets: 85.076ms
			TextureArrayPreProcessor.OnPostprocessAllAssets 565.754ms
			UniversalRenderPipelineGlobalSettingsPostprocessor.OnPostprocessAllAssets 25.343ms
			SyncVS.PostprocessSyncProject 21.227ms
			AssetChangedListener.OnPostprocessAllAssets 19.583ms
			SceneAssetPostProcessor.OnPostprocessAllAssets 11.984ms
			BuilderAssetPostprocessor.OnPostprocessAllAssets 10.703ms
			ShaderGraphAssetPostProcessor.OnPostprocessAllAssets 7.766ms
			SpriteEditorTexturePostprocessor.OnPostprocessAllAssets 4.897ms
			WindowAssetPostprocessingWatcher.OnPostprocessAllAssets 4.368ms
			RetainedModeAssetPostprocessor.OnPostprocessAllAssets 3.097ms
			SpeedTree9Postprocessor.OnPostprocessAllAssets 2.337ms
			AssetPostProcessor.OnPostprocessAllAssets 2.052ms
			UtilityWindowPostProcessor.OnPostprocessAllAssets 1.627ms
			RenderPipelineGlobalSettingsPostprocessor.OnPostprocessAllAssets 1.551ms
			TMPro_TexturePostProcessor.OnPostprocessAllAssets 1.513ms
			ArtifactBrowserPostProcessor.OnPostprocessAllAssets 1.511ms
			MaterialPostprocessor.OnPostprocessAllAssets 1.415ms
			InputActionJsonNameModifierAssetProcessor.OnPostprocessAllAssets 1.366ms
			TextAssetPostProcessor.OnPostprocessAllAssets 1.263ms
			MatrixAssetTexturePostprocessor.OnPostprocessAllAssets 0.909ms
			TemplatePostProcessor.OnPostprocessAllAssets 0.817ms
			SamplePostprocessor.OnPostprocessAllAssets 0.813ms
			AudioMixerPostprocessor.OnPostprocessAllAssets 0.798ms
			StyleCatalogPostProcessor.OnPostprocessAllAssets 0.787ms
			UVCSAssetPostprocessor.OnPostprocessAllAssets 0.734ms
			PostProcessor.OnPostprocessAllAssets 0.732ms
			AssetEvents.OnPostprocessAllAssets 0.683ms
			AssetPostprocessor.OnPostprocessAllAssets 0.639ms
			ReferencedClipsPostProcessor.OnPostprocessAllAssets 0.554ms
			InputActionAssetPostprocessor.OnPostprocessAllAssets 0.547ms
			SpeedTreePostProcessor.OnPostprocessAllAssets 0.524ms
			ConfigAssetsTracker.OnPostprocessAllAssets 0.360ms
			AudioContainerPostProcessor.OnPostprocessAllAssets 0.351ms
			TerrainToolbarOverlayPostProcessor.OnPostprocessAllAssets 0.327ms
			ScenarioDriftAssetsTracker.OnPostprocessAllAssets 0.326ms
			ProjectSettingsPostprocessor.OnPostprocessAllAssets 0.309ms
			AssetDatabaseCallbacks.OnPostprocessAllAssets 0.302ms
	GatherAllCurrentPrimaryImportResultRevisions: 2.942ms
	UnloadStreamsBegin: 0.397ms
	PersistCurrentRevisions: 0.983ms
	GenerateScriptTypeHashes: 37.034ms
	GenerateScriptTypeSerializationHashes: 51.231ms
	Untracked: 6509.703ms

Unloading 0 Unused Serialized files (Serialized files now loaded: 0)
<b><color=#cc7a00>MCP-FOR-UNITY</color></b>: [WebSocket] Receive loop error: The remote party closed the WebSocket connection without completing the close handshake.
UnityEngine.Debug:ExtractStackTraceNoAlloc (byte*,int,string)
UnityEngine.StackTraceUtility:ExtractStackTrace ()
UnityEngine.DebugLogHandler:Internal_Log (UnityEngine.LogType,UnityEngine.LogOption,string,UnityEngine.Object)
UnityEngine.DebugLogHandler:LogFormat (UnityEngine.LogType,UnityEngine.Object,string,object[])
UnityEngine.Logger:Log (UnityEngine.LogType,object)
UnityEngine.Debug:LogWarning (object)
MCPForUnity.Editor.Helpers.McpLog:Warn (string) (at ./Library/PackageCache/com.coplaydev.unity-mcp@d6e58c68cf4b/Editor/Helpers/McpLog.cs:45)
MCPForUnity.Editor.Services.Transport.Transports.WebSocketTransportClient/<ReceiveLoopAsync>d__41:MoveNext () (at ./Library/PackageCache/com.coplaydev.unity-mcp@d6e58c68cf4b/Editor/Services/Transport/Transports/WebSocketTransportClient.cs:398)
System.Runtime.CompilerServices.AsyncMethodBuilderCore/MoveNextRunner:InvokeMoveNext (object)
System.Threading.ExecutionContext:RunInternal (System.Threading.ExecutionContext,System.Threading.ContextCallback,object,bool)
System.Threading.ExecutionContext:Run (System.Threading.ExecutionContext,System.Threading.ContextCallback,object,bool)
System.Runtime.CompilerServices.AsyncMethodBuilderCore/MoveNextRunner:Run ()
System.Threading.Tasks.AwaitTaskContinuation:RunOrScheduleAction (System.Action,bool,System.Threading.Tasks.Task&)
System.Threading.Tasks.Task:FinishContinuations ()
System.Threading.Tasks.Task:FinishStageThree ()
System.Threading.Tasks.Task`1<System.Threading.Tasks.VoidTaskResult>:TrySetResult (System.Threading.Tasks.VoidTaskResult)
System.Runtime.CompilerServices.AsyncTaskMethodBuilder`1<System.Threading.Tasks.VoidTaskResult>:SetResult (System.Threading.Tasks.VoidTaskResult)
System.Runtime.CompilerServices.AsyncTaskMethodBuilder`1<System.Threading.Tasks.VoidTaskResult>:SetResult (System.Threading.Tasks.Task`1<System.Threading.Tasks.VoidTaskResult>)
System.Runtime.CompilerServices.AsyncTaskMethodBuilder:SetResult ()
MCPForUnity.Editor.Services.Transport.Transports.WebSocketTransportClient/<HandleMessageAsync>d__43:MoveNext () (at ./Library/PackageCache/com.coplaydev.unity-mcp@d6e58c68cf4b/Editor/Services/Transport/Transports/WebSocketTransportClient.cs:491)
System.Runtime.CompilerServices.AsyncMethodBuilderCore/MoveNextRunner:InvokeMoveNext (object)
System.Threading.ExecutionContext:RunInternal (System.Threading.ExecutionContext,System.Threading.ContextCallback,object,bool)
System.Threading.ExecutionContext:Run (System.Threading.ExecutionContext,System.Threading.ContextCallback,object,bool)
System.Runtime.CompilerServices.AsyncMethodBuilderCore/MoveNextRunner:Run ()
System.Threading.Tasks.AwaitTaskContinuation:RunOrScheduleAction (System.Action,bool,System.Threading.Tasks.Task&)
System.Threading.Tasks.Task:FinishContinuations ()
System.Threading.Tasks.Task:FinishStageThree ()
System.Threading.Tasks.Task`1<System.Threading.Tasks.VoidTaskResult>:TrySetResult (System.Threading.Tasks.VoidTaskResult)
System.Runtime.CompilerServices.AsyncTaskMethodBuilder`1<System.Threading.Tasks.VoidTaskResult>:SetResult (System.Threading.Tasks.VoidTaskResult)
System.Runtime.CompilerServices.AsyncTaskMethodBuilder`1<System.Threading.Tasks.VoidTaskResult>:SetResult (System.Threading.Tasks.Task`1<System.Threading.Tasks.VoidTaskResult>)
System.Runtime.CompilerServices.AsyncTaskMethodBuilder:SetResult ()
MCPForUnity.Editor.Services.Transport.Transports.WebSocketTransportClient/<HandleRegisteredAsync>d__45:MoveNext () (at ./Library/PackageCache/com.coplaydev.unity-mcp@d6e58c68cf4b/Editor/Services/Transport/Transports/WebSocketTransportClient.cs:523)
System.Runtime.CompilerServices.AsyncMethodBuilderCore/MoveNextRunner:InvokeMoveNext (object)
System.Threading.ExecutionContext:RunInternal (System.Threading.ExecutionContext,System.Threading.ContextCallback,object,bool)
System.Threading.ExecutionContext:Run (System.Threading.ExecutionContext,System.Threading.ContextCallback,object,bool)
System.Runtime.CompilerServices.AsyncMethodBuilderCore/MoveNextRunner:Run ()
System.Threading.Tasks.AwaitTaskContinuation:RunOrScheduleAction (System.Action,bool,System.Threading.Tasks.Task&)
System.Threading.Tasks.Task:FinishContinuations ()
System.Threading.Tasks.Task:FinishStageThree ()
System.Threading.Tasks.Task`1<System.Threading.Tasks.VoidTaskResult>:TrySetResult (System.Threading.Tasks.VoidTaskResult)
System.Runtime.CompilerServices.AsyncTaskMethodBuilder`1<System.Threading.Tasks.VoidTaskResult>:SetResult (System.Threading.Tasks.VoidTaskResult)
System.Runtime.CompilerServices.AsyncTaskMethodBuilder`1<System.Threading.Tasks.VoidTaskResult>:SetResult (System.Threading.Tasks.Task`1<System.Threading.Tasks.VoidTaskResult>)
System.Runtime.CompilerServices.AsyncTaskMethodBuilder:SetResult ()
MCPForUnity.Editor.Services.Transport.Transports.WebSocketTransportClient/<SendRegisterToolsAsync>d__46:MoveNext () (at ./Library/PackageCache/com.coplaydev.unity-mcp@d6e58c68cf4b/Editor/Services/Transport/Transports/WebSocketTransportClient.cs:575)
System.Runtime.CompilerServices.AsyncMethodBuilderCore/MoveNextRunner:InvokeMoveNext (object)
System.Threading.ExecutionContext:RunInternal (System.Threading.ExecutionContext,System.Threading.ContextCallback,object,bool)
System.Threading.ExecutionContext:Run (System.Threading.ExecutionContext,System.Threading.ContextCallback,object,bool)
System.Runtime.CompilerServices.AsyncMethodBuilderCore/MoveNextRunner:Run ()
System.Threading.Tasks.AwaitTaskContinuation:System.Threading.IThreadPoolWorkItem.ExecuteWorkItem ()
System.Threading.ThreadPoolWorkQueue:Dispatch ()
System.Threading._ThreadPoolWaitCallback:PerformWaitCallback ()

(Filename: ./Library/PackageCache/com.coplaydev.unity-mcp@d6e58c68cf4b/Editor/Helpers/McpLog.cs Line: 45)

<b><color=#cc7a00>MCP-FOR-UNITY</color></b>: [WebSocket] Connection closed: The remote party closed the WebSocket connection without completing the close handshake.
UnityEngine.Debug:ExtractStackTraceNoAlloc (byte*,int,string)
UnityEngine.StackTraceUtility:ExtractStackTrace ()
UnityEngine.DebugLogHandler:Internal_Log (UnityEngine.LogType,UnityEngine.LogOption,string,UnityEngine.Object)
UnityEngine.DebugLogHandler:LogFormat (UnityEngine.LogType,UnityEngine.Object,string,object[])
UnityEngine.Logger:Log (UnityEngine.LogType,object)
UnityEngine.Debug:LogWarning (object)
MCPForUnity.Editor.Helpers.McpLog:Warn (string) (at ./Library/PackageCache/com.coplaydev.unity-mcp@d6e58c68cf4b/Editor/Helpers/McpLog.cs:45)
MCPForUnity.Editor.Services.Transport.Transports.WebSocketTransportClient/<HandleSocketClosureAsync>d__53:MoveNext () (at ./Library/PackageCache/com.coplaydev.unity-mcp@d6e58c68cf4b/Editor/Services/Transport/Transports/WebSocketTransportClient.cs:763)
System.Runtime.CompilerServices.AsyncTaskMethodBuilder:Start<MCPForUnity.Editor.Services.Transport.Transports.WebSocketTransportClient/<HandleSocketClosureAsync>d__53> (MCPForUnity.Editor.Services.Transport.Transports.WebSocketTransportClient/<HandleSocketClosureAsync>d__53&)
MCPForUnity.Editor.Services.Transport.Transports.WebSocketTransportClient:HandleSocketClosureAsync (string)
MCPForUnity.Editor.Services.Transport.Transports.WebSocketTransportClient/<ReceiveLoopAsync>d__41:MoveNext () (at ./Library/PackageCache/com.coplaydev.unity-mcp@d6e58c68cf4b/Editor/Services/Transport/Transports/WebSocketTransportClient.cs:399)
System.Runtime.CompilerServices.AsyncMethodBuilderCore/MoveNextRunner:InvokeMoveNext (object)
System.Threading.ExecutionContext:RunInternal (System.Threading.ExecutionContext,System.Threading.ContextCallback,object,bool)
System.Threading.ExecutionContext:Run (System.Threading.ExecutionContext,System.Threading.ContextCallback,object,bool)
System.Runtime.CompilerServices.AsyncMethodBuilderCore/MoveNextRunner:Run ()
System.Threading.Tasks.AwaitTaskContinuation:RunOrScheduleAction (System.Action,bool,System.Threading.Tasks.Task&)
System.Threading.Tasks.Task:FinishContinuations ()
System.Threading.Tasks.Task:FinishStageThree ()
System.Threading.Tasks.Task`1<System.Threading.Tasks.VoidTaskResult>:TrySetResult (System.Threading.Tasks.VoidTaskResult)
System.Runtime.CompilerServices.AsyncTaskMethodBuilder`1<System.Threading.Tasks.VoidTaskResult>:SetResult (System.Threading.Tasks.VoidTaskResult)
System.Runtime.CompilerServices.AsyncTaskMethodBuilder`1<System.Threading.Tasks.VoidTaskResult>:SetResult (System.Threading.Tasks.Task`1<System.Threading.Tasks.VoidTaskResult>)
System.Runtime.CompilerServices.AsyncTaskMethodBuilder:SetResult ()
MCPForUnity.Editor.Services.Transport.Transports.WebSocketTransportClient/<HandleMessageAsync>d__43:MoveNext () (at ./Library/PackageCache/com.coplaydev.unity-mcp@d6e58c68cf4b/Editor/Services/Transport/Transports/WebSocketTransportClient.cs:491)
System.Runtime.CompilerServices.AsyncMethodBuilderCore/MoveNextRunner:InvokeMoveNext (object)
System.Threading.ExecutionContext:RunInternal (System.Threading.ExecutionContext,System.Threading.ContextCallback,object,bool)
System.Threading.ExecutionContext:Run (System.Threading.ExecutionContext,System.Threading.ContextCallback,object,bool)
System.Runtime.CompilerServices.AsyncMethodBuilderCore/MoveNextRunner:Run ()
System.Threading.Tasks.AwaitTaskContinuation:RunOrScheduleAction (System.Action,bool,System.Threading.Tasks.Task&)
System.Threading.Tasks.Task:FinishContinuations ()
System.Threading.Tasks.Task:FinishStageThree ()
System.Threading.Tasks.Task`1<System.Threading.Tasks.VoidTaskResult>:TrySetResult (System.Threading.Tasks.VoidTaskResult)
System.Runtime.CompilerServices.AsyncTaskMethodBuilder`1<System.Threading.Tasks.VoidTaskResult>:SetResult (System.Threading.Tasks.VoidTaskResult)
System.Runtime.CompilerServices.AsyncTaskMethodBuilder`1<System.Threading.Tasks.VoidTaskResult>:SetResult (System.Threading.Tasks.Task`1<System.Threading.Tasks.VoidTaskResult>)
System.Runtime.CompilerServices.AsyncTaskMethodBuilder:SetResult ()
MCPForUnity.Editor.Services.Transport.Transports.WebSocketTransportClient/<HandleRegisteredAsync>d__45:MoveNext () (at ./Library/PackageCache/com.coplaydev.unity-mcp@d6e58c68cf4b/Editor/Services/Transport/Transports/WebSocketTransportClient.cs:523)
System.Runtime.CompilerServices.AsyncMethodBuilderCore/MoveNextRunner:InvokeMoveNext (object)
System.Threading.ExecutionContext:RunInternal (System.Threading.ExecutionContext,System.Threading.ContextCallback,object,bool)
System.Threading.ExecutionContext:Run (System.Threading.ExecutionContext,System.Threading.ContextCallback,object,bool)
System.Runtime.CompilerServices.AsyncMethodBuilderCore/MoveNextRunner:Run ()
System.Threading.Tasks.AwaitTaskContinuation:RunOrScheduleAction (System.Action,bool,System.Threading.Tasks.Task&)
System.Threading.Tasks.Task:FinishContinuations ()
System.Threading.Tasks.Task:FinishStageThree ()
System.Threading.Tasks.Task`1<System.Threading.Tasks.VoidTaskResult>:TrySetResult (System.Threading.Tasks.VoidTaskResult)
System.Runtime.CompilerServices.AsyncTaskMethodBuilder`1<System.Threading.Tasks.VoidTaskResult>:SetResult (System.Threading.Tasks.VoidTaskResult)
System.Runtime.CompilerServices.AsyncTaskMethodBuilder`1<System.Threading.Tasks.VoidTaskResult>:SetResult (System.Threading.Tasks.Task`1<System.Threading.Tasks.VoidTaskResult>)
System.Runtime.CompilerServices.AsyncTaskMethodBuilder:SetResult ()
MCPForUnity.Editor.Services.Transport.Transports.WebSocketTransportClient/<SendRegisterToolsAsync>d__46:MoveNext () (at ./Library/PackageCache/com.coplaydev.unity-mcp@d6e58c68cf4b/Editor/Services/Transport/Transports/WebSocketTransportClient.cs:575)
System.Runtime.CompilerServices.AsyncMethodBuilderCore/MoveNextRunner:InvokeMoveNext (object)
System.Threading.ExecutionContext:RunInternal (System.Threading.ExecutionContext,System.Threading.ContextCallback,object,bool)
System.Threading.ExecutionContext:Run (System.Threading.ExecutionContext,System.Threading.ContextCallback,object,bool)
System.Runtime.CompilerServices.AsyncMethodBuilderCore/MoveNextRunner:Run ()
System.Threading.Tasks.AwaitTaskContinuation:System.Threading.IThreadPoolWorkItem.ExecuteWorkItem ()
System.Threading.ThreadPoolWorkQueue:Dispatch ()
System.Threading._ThreadPoolWaitCallback:PerformWaitCallback ()

(Filename: ./Library/PackageCache/com.coplaydev.unity-mcp@d6e58c68cf4b/Editor/Helpers/McpLog.cs Line: 45)

[Licensing::Client] Successfully resolved entitlement details
Asset Pipeline Refresh (id=1da7c0716af41c848997f3de0d819887): Total: 0.006 seconds - Initiated by StopAssetImportingV2(NoUpdateAssetOptions)
Asset Pipeline Refresh (id=73eb55e81b6665e48ba9ac984c789190): Total: 0.007 seconds - Initiated by StopAssetImportingV2(NoUpdateAssetOptions)
Asset Pipeline Refresh (id=fcd3afa295e5d3241b83b343b601b484): Total: 0.009 seconds - Initiated by StopAssetImportingV2(NoUpdateAssetOptions)
Asset Pipeline Refresh (id=21d151774e443eb419ad5e9516cedc54): Total: 0.007 seconds - Initiated by StopAssetImportingV2(NoUpdateAssetOptions)
Refreshing native plugins compatible for Editor in 12.49 ms, found 31 plugins.
[Licensing::Client] Successfully resolved entitlement details
Asset Pipeline Refresh (id=d01b66cbd0336aa47b57ce2142373ba2): Total: 0.051 seconds - Initiated by RefreshV2(NoUpdateAssetOptions)
Unloading 204 unused Assets / (29.1 KB). Loaded Objects now: 33749.
Memory consumption went from 1.52 GB to 1.52 GB.
Total: 213.173100 ms (FindLiveObjects: 8.647000 ms CreateObjectMapping: 6.438500 ms MarkObjects: 193.584800 ms  DeleteObjects: 4.499400 ms)

Start importing Assets/_Project/Art/Models/Rocks/Rock 4 - УНИВЕРСАЛЬНЫЙ ВЫБОР/Nordic_Beach_Rock_vbumba2fa_Mid.prefab using Guid(5797e495a63b69d48b4ddf0433b134d1) (PrefabImporter) -> (Import Result ID: 'c7eadfe0742a6e58c11186c7fd8be609') in 0.0088031 seconds [static and dynamic dependencies]. Details - ImportResultOutputID=37ed939dfc7a7783e2601a443f96561b DependenciesID=646e1438b7585fd668787762b708be7d StaticDependenciesID=4271228864ea738f33f3cf3786bd536c 
Refreshing native plugins compatible for Editor in 9.97 ms, found 31 plugins.
(Values over 0.050ms)
Asset Pipeline Refresh (id=cb93e4f759c4a9545adf54f6c6ce5ab3): Total: 0.657 seconds - Initiated by StopAssetImportingV2(NoUpdateAssetOptions)
	Summary:
		Imports: total=1 (actual=1, local cache=0, cache server=0)
		Asset DB Process Time: managed=2 ms, native=115 ms
		Asset DB Callback time: managed=507 ms, native=30 ms
		Scripting: domain reloads=0, domain reload time=0 ms, compile time=0 ms, other=0 ms
		Project Asset Count: scripts=3458, non-scripts=11388
		Asset File Changes: new=0, changed=1, moved=0, deleted=0
		Scan Filter Count: 7
	ApplyChangesToAssetFolders: 0.303ms
	Scan: 13.321ms
	OnSourceAssetsModified: 1.134ms
	ProcessAssetsWithTransientArtifactChanges: 0.145ms
	CategorizeAssets: 71.025ms
	ImportOutOfDateAssets: 18.415ms (1.030ms without children)
		ImportManagerImport: 12.138ms (2.667ms without children)
			UpdateCategorizedAssets: 0.054ms
		ReloadNativeAssets: 1.616ms
		UnloadImportedAssets: 0.235ms
		EnsureUptoDateAssetsAreRegisteredWithGuidPM: 2.203ms
		OnDemandSchedulerStart: 1.176ms
	PostProcessAllAssets: 511.627ms
		XRBuildSystem.XRAssetImported 9.147ms
		MonoPostProcessAllAssets: 502.009ms
			TextureArrayPreProcessor.OnPostprocessAllAssets 439.621ms
			AssetChangedListener.OnPostprocessAllAssets 10.874ms
			BuilderAssetPostprocessor.OnPostprocessAllAssets 10.576ms
			SceneAssetPostProcessor.OnPostprocessAllAssets 8.330ms
			SyncVS.PostprocessSyncProject 3.511ms
			ShaderGraphAssetPostProcessor.OnPostprocessAllAssets 3.335ms
			RetainedModeAssetPostprocessor.OnPostprocessAllAssets 2.742ms
			SpriteEditorTexturePostprocessor.OnPostprocessAllAssets 2.380ms
			ArtifactBrowserPostProcessor.OnPostprocessAllAssets 1.051ms
			MaterialPostprocessor.OnPostprocessAllAssets 1.002ms
			StyleCatalogPostProcessor.OnPostprocessAllAssets 0.902ms
			AudioMixerPostprocessor.OnPostprocessAllAssets 0.858ms
			TMPro_TexturePostProcessor.OnPostprocessAllAssets 0.810ms
			TextAssetPostProcessor.OnPostprocessAllAssets 0.777ms
			UtilityWindowPostProcessor.OnPostprocessAllAssets 0.745ms
			InputActionJsonNameModifierAssetProcessor.OnPostprocessAllAssets 0.705ms
			PostProcessor.OnPostprocessAllAssets 0.701ms
			AssetEvents.OnPostprocessAllAssets 0.692ms
			UVCSAssetPostprocessor.OnPostprocessAllAssets 0.666ms
			SamplePostprocessor.OnPostprocessAllAssets 0.535ms
			MatrixAssetTexturePostprocessor.OnPostprocessAllAssets 0.474ms
			TemplatePostProcessor.OnPostprocessAllAssets 0.446ms
			SpeedTreePostProcessor.OnPostprocessAllAssets 0.376ms
			RenderPipelineGlobalSettingsPostprocessor.OnPostprocessAllAssets 0.363ms
			ConfigAssetsTracker.OnPostprocessAllAssets 0.360ms
			InputActionAssetPostprocessor.OnPostprocessAllAssets 0.337ms
			ScenarioDriftAssetsTracker.OnPostprocessAllAssets 0.289ms
			AudioContainerPostProcessor.OnPostprocessAllAssets 0.185ms
	PostAssetChangesProfiler: 25.515ms
	GatherAllCurrentPrimaryImportResultRevisions: 1.270ms
	UnloadStreamsBegin: 0.292ms
	PersistCurrentRevisions: 0.690ms
	Untracked: 13.582ms

Start importing Assets/RealtimeCSG/RealtimeCSG/Plugins/Runtime/Resources/RealtimeCSG/Materials/Floor.mat using Guid(d8e10aad982fd9d439566c147abd457c) (NativeFormatImporter) -> (Import Result ID: '8ed3a38f25e21ac0c88865d302c617e8') in 0.0035241 seconds [static dependencies only]. Details - ImportResultOutputID=447d6ad00fa5c0a0c04449d4007dae9b DependenciesID=3ddaf997df70254cf0c6a54a3bb3e819 StaticDependenciesID=60127ef9bf7504c731cbba69c0b86481 
Start importing Assets/RealtimeCSG/RealtimeCSG/Plugins/Runtime/Resources/RealtimeCSG/Materials/Metal.mat using Guid(99b28120acbb32240b8c04d9e1fdb0a7) (NativeFormatImporter) -> (Import Result ID: '30f8cf0b24714565193c7da94724d60c') in 0.0035148 seconds [static dependencies only]. Details - ImportResultOutputID=4cbb807faa9dc4f6d5317d133e462af6 DependenciesID=dfc08f7aeb94fb671e92f6537a739026 StaticDependenciesID=937a200ad3d305f9520bc25f2c95a10d 
Start importing Assets/RealtimeCSG/RealtimeCSG/Plugins/Runtime/Resources/RealtimeCSG/Materials/Window.mat using Guid(b97ec88e269e0554980e460da975d229) (NativeFormatImporter) -> (Import Result ID: 'cba1cbabc8579bd3603ccea5dad68de4') in 0.0027432 seconds [static dependencies only]. Details - ImportResultOutputID=83b51d2e644f2fc33be9563ff53a6e5c DependenciesID=35d56b3a0e719d7d9256d8a2c5c5e3f4 StaticDependenciesID=36d45bc717c32ef8d55c2106d9f83a3f 
Start importing Assets/_Project/Art/Materials/Mat_HectonSky.mat using Guid(c94a1beef2372b8458941c2ed9d05d5e) (NativeFormatImporter) -> (Import Result ID: '0aca63a19d9fa3d0dd6a2a69d4d28d20') in 0.0028292 seconds [static dependencies only]. Details - ImportResultOutputID=4aea573fa343cc9e6db08fdf0e640cfd DependenciesID=2a529954826ab697f5fecec2e75640b2 StaticDependenciesID=82588ac24be2945b5c0ecaf7b60090e3 
Start importing Assets/RealtimeCSG/RealtimeCSG/Plugins/Runtime/Resources/RealtimeCSG/Materials/Wall.mat using Guid(ca37785d773692b47bd7339c9dd802ce) (NativeFormatImporter) -> (Import Result ID: 'a55ccba3b1ec5da89131a6023e82a21f') in 0.0025518 seconds [static dependencies only]. Details - ImportResultOutputID=75ebf6d979eee22f598d7005f5733004 DependenciesID=3b9df34b7fee399a5a83ae2f6fc2496e StaticDependenciesID=817a2c707ca964aa3f6ec9ac78cfc469 
Start importing Assets/Crest/Crest/Materials/Ocean.mat using Guid(9def92ac79181fe41b238e91663f0fad) (NativeFormatImporter) -> (Import Result ID: '67eaa27d9d8e3535fbf0f4d185c120cb') in 0.003321 seconds [static dependencies only]. Details - ImportResultOutputID=457dbdcbdab05d58f2ef2b70b9fb2383 DependenciesID=a18f7bb9c827ede5850d26f7d8d61ec4 StaticDependenciesID=77aae121596c0c89288cceb78d0eab19 
Start importing Assets/Crest/Crest/Materials/Ocean-Underwater.mat using Guid(ef94c26e44a36e24a9dcbc5995a2bed1) (NativeFormatImporter) -> (Import Result ID: '956befdeee07164828986ba4e6265e7c') in 0.0029072 seconds [static dependencies only]. Details - ImportResultOutputID=5e5485edb13698e01ba0f9fa47abd68f DependenciesID=825ced0285829804e3fc2a0a4f0603b2 StaticDependenciesID=6702a84421e4bc3b22423d28cf34cdb5 
Refreshing native plugins compatible for Editor in 6.01 ms, found 31 plugins.
Asset Pipeline Refresh (id=0dac17b24724ddc429cd32bab419aeb8): Total: 0.265 seconds - Initiated by StopAssetImportingV2(NoUpdateAssetOptions)
Asset Pipeline Refresh (id=e4a0bcba4e382dc4bb6b57d36c81c0ee): Total: 0.027 seconds - Initiated by RefreshV2(NoUpdateAssetOptions)
[Licensing::Client] Successfully resolved entitlement details
Start importing Assets/ScifiFacility/Models/structural/walls/wall_01_6x3_door.fbx using Guid(2de07c0fa3e512c4b96a868c9db0d342) (FBXImporter)Bakery: processing auto-unwrapped asset Assets/ScifiFacility/Models/structural/walls/wall_01_6x3_door.fbx
UnityEngine.Debug:ExtractStackTraceNoAlloc (byte*,int,string)
UnityEngine.StackTraceUtility:ExtractStackTrace ()
UnityEngine.DebugLogHandler:Internal_Log (UnityEngine.LogType,UnityEngine.LogOption,string,UnityEngine.Object)
UnityEngine.DebugLogHandler:LogFormat (UnityEngine.LogType,UnityEngine.Object,string,object[])
UnityEngine.Logger:Log (UnityEngine.LogType,object)
UnityEngine.Debug:Log (object)
ftModelPostProcessor:OnPostprocessModel (UnityEngine.GameObject) (at Assets/Editor/x64/Bakery/scripts/ftModelPostProcessor.cs:109)
System.Reflection.RuntimeMethodInfo:Invoke (object,System.Reflection.BindingFlags,System.Reflection.Binder,object[],System.Globalization.CultureInfo)
System.Reflection.MethodBase:Invoke (object,object[])
UnityEditor.AssetPostprocessingInternal:InvokeMethodIfAvailable (object,string,object[])
UnityEditor.AssetPostprocessingInternal:CallPostProcessMethods (string,object[])
UnityEditor.AssetPostprocessingInternal:PostprocessMesh (UnityEngine.GameObject)
UnityEditor.AssetDatabase:ImportAsset (string,UnityEditor.ImportAssetOptions)
UnityEditor.AssetDatabase:ImportAsset (string)
UnityEditor.AssetImporter:SaveAndReimport ()
MCPDynamicCode:Execute ()
System.Reflection.RuntimeMethodInfo:Invoke (object,System.Reflection.BindingFlags,System.Reflection.Binder,object[],System.Globalization.CultureInfo)
System.Reflection.MethodBase:Invoke (object,object[])
MCPForUnity.Editor.Tools.ExecuteCode:InvokeCompiled (System.Reflection.Assembly,string) (at ./Library/PackageCache/com.coplaydev.unity-mcp@d6e58c68cf4b/Editor/Tools/ExecuteCode.cs:240)
MCPForUnity.Editor.Tools.ExecuteCode:CompileAndExecute (string,string) (at ./Library/PackageCache/com.coplaydev.unity-mcp@d6e58c68cf4b/Editor/Tools/ExecuteCode.cs:222)
MCPForUnity.Editor.Tools.ExecuteCode:HandleExecute (Newtonsoft.Json.Linq.JObject) (at ./Library/PackageCache/com.coplaydev.unity-mcp@d6e58c68cf4b/Editor/Tools/ExecuteCode.cs:106)
MCPForUnity.Editor.Tools.ExecuteCode:HandleCommand (Newtonsoft.Json.Linq.JObject) (at ./Library/PackageCache/com.coplaydev.unity-mcp@d6e58c68cf4b/Editor/Tools/ExecuteCode.cs:71)
MCPForUnity.Editor.Tools.CommandRegistry:ExecuteCommand (string,Newtonsoft.Json.Linq.JObject,System.Threading.Tasks.TaskCompletionSource`1<string>) (at ./Library/PackageCache/com.coplaydev.unity-mcp@d6e58c68cf4b/Editor/Tools/CommandRegistry.cs:236)
MCPForUnity.Editor.Services.Transport.TransportCommandDispatcher:ProcessCommand (string,MCPForUnity.Editor.Services.Transport.TransportCommandDispatcher/PendingCommand) (at ./Library/PackageCache/com.coplaydev.unity-mcp@d6e58c68cf4b/Editor/Services/Transport/TransportCommandDispatcher.cs:366)
MCPForUnity.Editor.Services.Transport.TransportCommandDispatcher:ProcessQueue () (at ./Library/PackageCache/com.coplaydev.unity-mcp@d6e58c68cf4b/Editor/Services/Transport/TransportCommandDispatcher.cs:262)
MCPForUnity.Editor.Services.Transport.TransportCommandDispatcher:<RequestMainThreadPump>g__Pump|11_0 () (at ./Library/PackageCache/com.coplaydev.unity-mcp@d6e58c68cf4b/Editor/Services/Transport/TransportCommandDispatcher.cs:184)
MCPForUnity.Editor.Services.Transport.TransportCommandDispatcher/<>c:<RequestMainThreadPump>b__11_1 (object) (at ./Library/PackageCache/com.coplaydev.unity-mcp@d6e58c68cf4b/Editor/Services/Transport/TransportCommandDispatcher.cs:189)
UnityEngine.UnitySynchronizationContext/WorkRequest:Invoke ()
UnityEngine.UnitySynchronizationContext:Exec ()
UnityEngine.UnitySynchronizationContext:ExecuteTasks ()

(Filename: Assets/Editor/x64/Bakery/scripts/ftModelPostProcessor.cs Line: 109)

UV adjustment time: 0.00099945068359375
UnityEngine.Debug:ExtractStackTraceNoAlloc (byte*,int,string)
UnityEngine.StackTraceUtility:ExtractStackTrace ()
UnityEngine.DebugLogHandler:Internal_Log (UnityEngine.LogType,UnityEngine.LogOption,string,UnityEngine.Object)
UnityEngine.DebugLogHandler:LogFormat (UnityEngine.LogType,UnityEngine.Object,string,object[])
UnityEngine.Logger:Log (UnityEngine.LogType,object)
UnityEngine.Debug:Log (object)
ftModelPostProcessor:OnPostprocessModel (UnityEngine.GameObject) (at Assets/Editor/x64/Bakery/scripts/ftModelPostProcessor.cs:137)
System.Reflection.RuntimeMethodInfo:Invoke (object,System.Reflection.BindingFlags,System.Reflection.Binder,object[],System.Globalization.CultureInfo)
System.Reflection.MethodBase:Invoke (object,object[])
UnityEditor.AssetPostprocessingInternal:InvokeMethodIfAvailable (object,string,object[])
UnityEditor.AssetPostprocessingInternal:CallPostProcessMethods (string,object[])
UnityEditor.AssetPostprocessingInternal:PostprocessMesh (UnityEngine.GameObject)
UnityEditor.AssetDatabase:ImportAsset (string,UnityEditor.ImportAssetOptions)
UnityEditor.AssetDatabase:ImportAsset (string)
UnityEditor.AssetImporter:SaveAndReimport ()
MCPDynamicCode:Execute ()
System.Reflection.RuntimeMethodInfo:Invoke (object,System.Reflection.BindingFlags,System.Reflection.Binder,object[],System.Globalization.CultureInfo)
System.Reflection.MethodBase:Invoke (object,object[])
MCPForUnity.Editor.Tools.ExecuteCode:InvokeCompiled (System.Reflection.Assembly,string) (at ./Library/PackageCache/com.coplaydev.unity-mcp@d6e58c68cf4b/Editor/Tools/ExecuteCode.cs:240)
MCPForUnity.Editor.Tools.ExecuteCode:CompileAndExecute (string,string) (at ./Library/PackageCache/com.coplaydev.unity-mcp@d6e58c68cf4b/Editor/Tools/ExecuteCode.cs:222)
MCPForUnity.Editor.Tools.ExecuteCode:HandleExecute (Newtonsoft.Json.Linq.JObject) (at ./Library/PackageCache/com.coplaydev.unity-mcp@d6e58c68cf4b/Editor/Tools/ExecuteCode.cs:106)
MCPForUnity.Editor.Tools.ExecuteCode:HandleCommand (Newtonsoft.Json.Linq.JObject) (at ./Library/PackageCache/com.coplaydev.unity-mcp@d6e58c68cf4b/Editor/Tools/ExecuteCode.cs:71)
MCPForUnity.Editor.Tools.CommandRegistry:ExecuteCommand (string,Newtonsoft.Json.Linq.JObject,System.Threading.Tasks.TaskCompletionSource`1<string>) (at ./Library/PackageCache/com.coplaydev.unity-mcp@d6e58c68cf4b/Editor/Tools/CommandRegistry.cs:236)
MCPForUnity.Editor.Services.Transport.TransportCommandDispatcher:ProcessCommand (string,MCPForUnity.Editor.Services.Transport.TransportCommandDispatcher/PendingCommand) (at ./Library/PackageCache/com.coplaydev.unity-mcp@d6e58c68cf4b/Editor/Services/Transport/TransportCommandDispatcher.cs:366)
MCPForUnity.Editor.Services.Transport.TransportCommandDispatcher:ProcessQueue () (at ./Library/PackageCache/com.coplaydev.unity-mcp@d6e58c68cf4b/Editor/Services/Transport/TransportCommandDispatcher.cs:262)
MCPForUnity.Editor.Services.Transport.TransportCommandDispatcher:<RequestMainThreadPump>g__Pump|11_0 () (at ./Library/PackageCache/com.coplaydev.unity-mcp@d6e58c68cf4b/Editor/Services/Transport/TransportCommandDispatcher.cs:184)
MCPForUnity.Editor.Services.Transport.TransportCommandDispatcher/<>c:<RequestMainThreadPump>b__11_1 (object) (at ./Library/PackageCache/com.coplaydev.unity-mcp@d6e58c68cf4b/Editor/Services/Transport/TransportCommandDispatcher.cs:189)
UnityEngine.UnitySynchronizationContext/WorkRequest:Invoke ()
UnityEngine.UnitySynchronizationContext:Exec ()
UnityEngine.UnitySynchronizationContext:ExecuteTasks ()

(Filename: Assets/Editor/x64/Bakery/scripts/ftModelPostProcessor.cs Line: 137)

 -> (Import Result ID: 'dab115e1d3f8939b32eacae47f4ab8d3') in 0.1550226 seconds [static and dynamic dependencies]. Details - ImportResultOutputID=eaa3b9253d375ab743bc80d2b6f489e1 DependenciesID=96268f2ccad270e60b1c107a59ee495e StaticDependenciesID=a99c8e6d037cae29b70848cd50a2435c 
Refreshing native plugins compatible for Editor in 8.57 ms, found 31 plugins.
(Values over 0.050ms)
Asset Pipeline Refresh (id=22873087da00f94419fdca88506ae201): Total: 0.476 seconds - Initiated by StopAssetImportingV2(NoUpdateAssetOptions)
	Summary:
		Imports: total=1 (actual=1, local cache=0, cache server=0)
		Asset DB Process Time: managed=21 ms, native=277 ms
		Asset DB Callback time: managed=159 ms, native=16 ms
		Scripting: domain reloads=0, domain reload time=0 ms, compile time=0 ms, other=0 ms
		Project Asset Count: scripts=3458, non-scripts=11388
		Asset File Changes: new=0, changed=1, moved=0, deleted=0
		Scan Filter Count: 6
	ApplyChangesToAssetFolders: 0.376ms
	Scan: 22.261ms
	OnSourceAssetsModified: 0.083ms
	ProcessAssetsWithTransientArtifactChanges: 0.308ms
	CategorizeAssets: 80.056ms
	ImportOutOfDateAssets: 170.010ms (1.281ms without children)
		ImportManagerImport: 160.604ms (1.483ms without children)
		ReloadNativeAssets: 2.705ms
		UnloadImportedAssets: 0.721ms
		ReloadImportedAssets: 1.182ms
		EnsureUptoDateAssetsAreRegisteredWithGuidPM: 3.278ms
		OnDemandSchedulerStart: 1.400ms
	PostProcessAllAssets: 162.609ms
		XRBuildSystem.XRAssetImported 2.160ms
		MonoPostProcessAllAssets: 159.876ms
			TextureArrayPreProcessor.OnPostprocessAllAssets 153.385ms
			SyncVS.PostprocessSyncProject 3.155ms
			SpriteEditorTexturePostprocessor.OnPostprocessAllAssets 1.461ms
			ShaderGraphAssetPostProcessor.OnPostprocessAllAssets 0.274ms
			RenderPipelineGlobalSettingsPostprocessor.OnPostprocessAllAssets 0.152ms
			TemplatePostProcessor.OnPostprocessAllAssets 0.126ms
			AssetChangedListener.OnPostprocessAllAssets 0.112ms
			InputActionAssetPostprocessor.OnPostprocessAllAssets 0.076ms
			PostProcessor.OnPostprocessAllAssets 0.074ms
			TMPro_TexturePostProcessor.OnPostprocessAllAssets 0.069ms
	PostAssetChangesProfiler: 14.198ms
	GatherAllCurrentPrimaryImportResultRevisions: 0.750ms
	UnloadStreamsBegin: 4.937ms
	PersistCurrentRevisions: 1.064ms
	Untracked: 19.438ms

Start importing Assets/ScifiFacility/Models/structural/walls/wall_01_6x3_door_b.fbx using Guid(03e9754054bb43c4b9e3294622a15d8a) (FBXImporter)Bakery: processing auto-unwrapped asset Assets/ScifiFacility/Models/structural/walls/wall_01_6x3_door_b.fbx
UnityEngine.Debug:ExtractStackTraceNoAlloc (byte*,int,string)
UnityEngine.StackTraceUtility:ExtractStackTrace ()
UnityEngine.DebugLogHandler:Internal_Log (UnityEngine.LogType,UnityEngine.LogOption,string,UnityEngine.Object)
UnityEngine.DebugLogHandler:LogFormat (UnityEngine.LogType,UnityEngine.Object,string,object[])
UnityEngine.Logger:Log (UnityEngine.LogType,object)
UnityEngine.Debug:Log (object)
ftModelPostProcessor:OnPostprocessModel (UnityEngine.GameObject) (at Assets/Editor/x64/Bakery/scripts/ftModelPostProcessor.cs:109)
System.Reflection.RuntimeMethodInfo:Invoke (object,System.Reflection.BindingFlags,System.Reflection.Binder,object[],System.Globalization.CultureInfo)
System.Reflection.MethodBase:Invoke (object,object[])
UnityEditor.AssetPostprocessingInternal:InvokeMethodIfAvailable (object,string,object[])
UnityEditor.AssetPostprocessingInternal:CallPostProcessMethods (string,object[])
UnityEditor.AssetPostprocessingInternal:PostprocessMesh (UnityEngine.GameObject)
UnityEditor.AssetDatabase:ImportAsset (string,UnityEditor.ImportAssetOptions)
UnityEditor.AssetDatabase:ImportAsset (string)
UnityEditor.AssetImporter:SaveAndReimport ()
MCPDynamicCode:Execute ()
System.Reflection.RuntimeMethodInfo:Invoke (object,System.Reflection.BindingFlags,System.Reflection.Binder,object[],System.Globalization.CultureInfo)
System.Reflection.MethodBase:Invoke (object,object[])
MCPForUnity.Editor.Tools.ExecuteCode:InvokeCompiled (System.Reflection.Assembly,string) (at ./Library/PackageCache/com.coplaydev.unity-mcp@d6e58c68cf4b/Editor/Tools/ExecuteCode.cs:240)
MCPForUnity.Editor.Tools.ExecuteCode:CompileAndExecute (string,string) (at ./Library/PackageCache/com.coplaydev.unity-mcp@d6e58c68cf4b/Editor/Tools/ExecuteCode.cs:222)
MCPForUnity.Editor.Tools.ExecuteCode:HandleExecute (Newtonsoft.Json.Linq.JObject) (at ./Library/PackageCache/com.coplaydev.unity-mcp@d6e58c68cf4b/Editor/Tools/ExecuteCode.cs:106)
MCPForUnity.Editor.Tools.ExecuteCode:HandleCommand (Newtonsoft.Json.Linq.JObject) (at ./Library/PackageCache/com.coplaydev.unity-mcp@d6e58c68cf4b/Editor/Tools/ExecuteCode.cs:71)
MCPForUnity.Editor.Tools.CommandRegistry:ExecuteCommand (string,Newtonsoft.Json.Linq.JObject,System.Threading.Tasks.TaskCompletionSource`1<string>) (at ./Library/PackageCache/com.coplaydev.unity-mcp@d6e58c68cf4b/Editor/Tools/CommandRegistry.cs:236)
MCPForUnity.Editor.Services.Transport.TransportCommandDispatcher:ProcessCommand (string,MCPForUnity.Editor.Services.Transport.TransportCommandDispatcher/PendingCommand) (at ./Library/PackageCache/com.coplaydev.unity-mcp@d6e58c68cf4b/Editor/Services/Transport/TransportCommandDispatcher.cs:366)
MCPForUnity.Editor.Services.Transport.TransportCommandDispatcher:ProcessQueue () (at ./Library/PackageCache/com.coplaydev.unity-mcp@d6e58c68cf4b/Editor/Services/Transport/TransportCommandDispatcher.cs:262)
MCPForUnity.Editor.Services.Transport.TransportCommandDispatcher:<RequestMainThreadPump>g__Pump|11_0 () (at ./Library/PackageCache/com.coplaydev.unity-mcp@d6e58c68cf4b/Editor/Services/Transport/TransportCommandDispatcher.cs:184)
MCPForUnity.Editor.Services.Transport.TransportCommandDispatcher/<>c:<RequestMainThreadPump>b__11_1 (object) (at ./Library/PackageCache/com.coplaydev.unity-mcp@d6e58c68cf4b/Editor/Services/Transport/TransportCommandDispatcher.cs:189)
UnityEngine.UnitySynchronizationContext/WorkRequest:Invoke ()
UnityEngine.UnitySynchronizationContext:Exec ()
UnityEngine.UnitySynchronizationContext:ExecuteTasks ()

(Filename: Assets/Editor/x64/Bakery/scripts/ftModelPostProcessor.cs Line: 109)

UV adjustment time: 0
UnityEngine.Debug:ExtractStackTraceNoAlloc (byte*,int,string)
UnityEngine.StackTraceUtility:ExtractStackTrace ()
UnityEngine.DebugLogHandler:Internal_Log (UnityEngine.LogType,UnityEngine.LogOption,string,UnityEngine.Object)
UnityEngine.DebugLogHandler:LogFormat (UnityEngine.LogType,UnityEngine.Object,string,object[])
UnityEngine.Logger:Log (UnityEngine.LogType,object)
UnityEngine.Debug:Log (object)
ftModelPostProcessor:OnPostprocessModel (UnityEngine.GameObject) (at Assets/Editor/x64/Bakery/scripts/ftModelPostProcessor.cs:137)
System.Reflection.RuntimeMethodInfo:Invoke (object,System.Reflection.BindingFlags,System.Reflection.Binder,object[],System.Globalization.CultureInfo)
System.Reflection.MethodBase:Invoke (object,object[])
UnityEditor.AssetPostprocessingInternal:InvokeMethodIfAvailable (object,string,object[])
UnityEditor.AssetPostprocessingInternal:CallPostProcessMethods (string,object[])
UnityEditor.AssetPostprocessingInternal:PostprocessMesh (UnityEngine.GameObject)
UnityEditor.AssetDatabase:ImportAsset (string,UnityEditor.ImportAssetOptions)
UnityEditor.AssetDatabase:ImportAsset (string)
UnityEditor.AssetImporter:SaveAndReimport ()
MCPDynamicCode:Execute ()
System.Reflection.RuntimeMethodInfo:Invoke (object,System.Reflection.BindingFlags,System.Reflection.Binder,object[],System.Globalization.CultureInfo)
System.Reflection.MethodBase:Invoke (object,object[])
MCPForUnity.Editor.Tools.ExecuteCode:InvokeCompiled (System.Reflection.Assembly,string) (at ./Library/PackageCache/com.coplaydev.unity-mcp@d6e58c68cf4b/Editor/Tools/ExecuteCode.cs:240)
MCPForUnity.Editor.Tools.ExecuteCode:CompileAndExecute (string,string) (at ./Library/PackageCache/com.coplaydev.unity-mcp@d6e58c68cf4b/Editor/Tools/ExecuteCode.cs:222)
MCPForUnity.Editor.Tools.ExecuteCode:HandleExecute (Newtonsoft.Json.Linq.JObject) (at ./Library/PackageCache/com.coplaydev.unity-mcp@d6e58c68cf4b/Editor/Tools/ExecuteCode.cs:106)
MCPForUnity.Editor.Tools.ExecuteCode:HandleCommand (Newtonsoft.Json.Linq.JObject) (at ./Library/PackageCache/com.coplaydev.unity-mcp@d6e58c68cf4b/Editor/Tools/ExecuteCode.cs:71)
MCPForUnity.Editor.Tools.CommandRegistry:ExecuteCommand (string,Newtonsoft.Json.Linq.JObject,System.Threading.Tasks.TaskCompletionSource`1<string>) (at ./Library/PackageCache/com.coplaydev.unity-mcp@d6e58c68cf4b/Editor/Tools/CommandRegistry.cs:236)
MCPForUnity.Editor.Services.Transport.TransportCommandDispatcher:ProcessCommand (string,MCPForUnity.Editor.Services.Transport.TransportCommandDispatcher/PendingCommand) (at ./Library/PackageCache/com.coplaydev.unity-mcp@d6e58c68cf4b/Editor/Services/Transport/TransportCommandDispatcher.cs:366)
MCPForUnity.Editor.Services.Transport.TransportCommandDispatcher:ProcessQueue () (at ./Library/PackageCache/com.coplaydev.unity-mcp@d6e58c68cf4b/Editor/Services/Transport/TransportCommandDispatcher.cs:262)
MCPForUnity.Editor.Services.Transport.TransportCommandDispatcher:<RequestMainThreadPump>g__Pump|11_0 () (at ./Library/PackageCache/com.coplaydev.unity-mcp@d6e58c68cf4b/Editor/Services/Transport/TransportCommandDispatcher.cs:184)
MCPForUnity.Editor.Services.Transport.TransportCommandDispatcher/<>c:<RequestMainThreadPump>b__11_1 (object) (at ./Library/PackageCache/com.coplaydev.unity-mcp@d6e58c68cf4b/Editor/Services/Transport/TransportCommandDispatcher.cs:189)
UnityEngine.UnitySynchronizationContext/WorkRequest:Invoke ()
UnityEngine.UnitySynchronizationContext:Exec ()
UnityEngine.UnitySynchronizationContext:ExecuteTasks ()

(Filename: Assets/Editor/x64/Bakery/scripts/ftModelPostProcessor.cs Line: 137)

 -> (Import Result ID: 'a1284d846fdd910659e1f174fff31cc0') in 0.1482912 seconds [static and dynamic dependencies]. Details - ImportResultOutputID=d8f90fe3ae384b82d186045ae70cee67 DependenciesID=ffc3d01bda502f0b28a65bacc9d1260a StaticDependenciesID=72d6875d00550d4b4dd42229bb2e5976 
Refreshing native plugins compatible for Editor in 7.61 ms, found 31 plugins.
(Values over 0.050ms)
Asset Pipeline Refresh (id=7d92655779a883345be73ab9fcdc9204): Total: 0.463 seconds - Initiated by StopAssetImportingV2(NoUpdateAssetOptions)
	Summary:
		Imports: total=1 (actual=1, local cache=0, cache server=0)
		Asset DB Process Time: managed=7 ms, native=313 ms
		Asset DB Callback time: managed=126 ms, native=13 ms
		Scripting: domain reloads=0, domain reload time=0 ms, compile time=0 ms, other=0 ms
		Project Asset Count: scripts=3458, non-scripts=11388
		Asset File Changes: new=0, changed=1, moved=0, deleted=0
		Scan Filter Count: 6
	ApplyChangesToAssetFolders: 0.451ms
	Scan: 28.385ms
	OnSourceAssetsModified: 0.091ms
	ProcessAssetsWithTransientArtifactChanges: 0.441ms
	CategorizeAssets: 100.781ms
	ImportOutOfDateAssets: 166.587ms (2.037ms without children)
		ImportManagerImport: 154.158ms (2.025ms without children)
		ReloadNativeAssets: 3.710ms
		UnloadImportedAssets: 0.767ms
		ReloadImportedAssets: 1.403ms
		EnsureUptoDateAssetsAreRegisteredWithGuidPM: 4.117ms
		OnDemandSchedulerStart: 1.765ms
	PostProcessAllAssets: 128.959ms
		XRBuildSystem.XRAssetImported 2.157ms
		MonoPostProcessAllAssets: 126.225ms
			TextureArrayPreProcessor.OnPostprocessAllAssets 119.810ms
			SyncVS.PostprocessSyncProject 3.311ms
			SpriteEditorTexturePostprocessor.OnPostprocessAllAssets 1.298ms
			ShaderGraphAssetPostProcessor.OnPostprocessAllAssets 0.323ms
			RenderPipelineGlobalSettingsPostprocessor.OnPostprocessAllAssets 0.174ms
			AssetChangedListener.OnPostprocessAllAssets 0.117ms
			PostProcessor.OnPostprocessAllAssets 0.076ms
			InputActionAssetPostprocessor.OnPostprocessAllAssets 0.061ms
			TemplatePostProcessor.OnPostprocessAllAssets 0.058ms
			RetainedModeAssetPostprocessor.OnPostprocessAllAssets 0.058ms
			TMPro_TexturePostProcessor.OnPostprocessAllAssets 0.053ms
	PostAssetChangesProfiler: 10.977ms
	GatherAllCurrentPrimaryImportResultRevisions: 1.285ms
	PersistCurrentRevisions: 1.111ms
	Untracked: 23.507ms

[Licensing::Client] Successfully resolved entitlement details
Asset Pipeline Refresh (id=8b82d72b6a1c520498149111c32b649f): Total: 0.043 seconds - Initiated by RefreshV2(AllowForceSynchronousImport)
