	Integration of assets:  0.002 ms
	Thread Wait Time:       0.024 ms
	Total Operation Time:   0.662 ms
Loaded scene 'Library/Unused/2ef9e1f234acbf4409d7f776dfd4b885'
	Deserialize:            1.533 ms
	Integration:            0.829 ms
	Integration of assets:  0.005 ms
	Thread Wait Time:       0.027 ms
	Total Operation Time:   2.394 ms
Loaded scene 'Library/Unused/e6c4ac40636433349819204e06bfa2d1'
	Deserialize:            0.599 ms
	Integration:            0.740 ms
	Integration of assets:  0.007 ms
	Thread Wait Time:       0.056 ms
	Total Operation Time:   1.403 ms
Loaded scene 'Library/Unused/36ed8603d0ff88544be06ec30dfea02c'
	Deserialize:            0.681 ms
	Integration:            0.952 ms
	Integration of assets:  0.009 ms
	Thread Wait Time:       0.064 ms
	Total Operation Time:   1.706 ms
Loaded scene 'Library/Unused/0fd80d85dd6343f48996a102b7626aad'
	Deserialize:            0.622 ms
	Integration:            0.656 ms
	Integration of assets:  0.005 ms
	Thread Wait Time:       0.073 ms
	Total Operation Time:   1.357 ms
Loaded scene 'Library/Unused/0d68ceaadb97147468f4277b09da2281'
	Deserialize:            0.393 ms
	Integration:            0.412 ms
	Integration of assets:  0.002 ms
	Thread Wait Time:       0.035 ms
	Total Operation Time:   0.842 ms
Loaded scene 'Library/Unused/4190a376b143180438df197db03cf2c0'
	Deserialize:            0.304 ms
	Integration:            0.386 ms
	Integration of assets:  0.002 ms
	Thread Wait Time:       0.029 ms
	Total Operation Time:   0.721 ms
Loaded scene 'Library/Unused/a8ed589e9a411f641b3d1cefb3177484'
	Deserialize:            0.316 ms
	Integration:            0.446 ms
	Integration of assets:  0.002 ms
	Thread Wait Time:       0.031 ms
	Total Operation Time:   0.795 ms
Loaded scene 'Library/Unused/ff3515003bf8eb843bd9fe0113ead2ee'
	Deserialize:            0.350 ms
	Integration:            0.316 ms
	Integration of assets:  0.002 ms
	Thread Wait Time:       0.039 ms
	Total Operation Time:   0.707 ms
Loaded scene 'Library/Unused/22210b17057b41c4894b0776302cf786'
	Deserialize:            0.387 ms
	Integration:            0.359 ms
	Integration of assets:  0.003 ms
	Thread Wait Time:       0.032 ms
	Total Operation Time:   0.782 ms
Loaded scene 'Library/Unused/e713bb5b100ffa14ba94d2c05cfa4307'
	Deserialize:            0.357 ms
	Integration:            0.716 ms
	Integration of assets:  0.002 ms
	Thread Wait Time:       0.029 ms
	Total Operation Time:   1.103 ms
Loaded scene 'Library/Unused/c371c2ab39159694dba8e143dd26e621'
	Deserialize:            0.343 ms
	Integration:            0.452 ms
	Integration of assets:  0.003 ms
	Thread Wait Time:       0.045 ms
	Total Operation Time:   0.843 ms
Loaded scene 'Library/Unused/4e2f7fd05e5304c47b41e327e9144267'
	Deserialize:            0.557 ms
	Integration:            0.560 ms
	Integration of assets:  0.002 ms
	Thread Wait Time:       0.039 ms
	Total Operation Time:   1.158 ms
Loaded scene 'Library/Unused/8fb587666658a2e41b2ec56aead7507b'
	Deserialize:            0.365 ms
	Integration:            0.347 ms
	Integration of assets:  0.003 ms
	Thread Wait Time:       0.027 ms
	Total Operation Time:   0.743 ms
Loaded scene 'Library/Unused/e5da009ae4257e54f91e3677b1e698ef'
	Deserialize:            0.311 ms
	Integration:            0.349 ms
	Integration of assets:  0.002 ms
	Thread Wait Time:       0.033 ms
	Total Operation Time:   0.695 ms
Loaded scene 'Library/Unused/1f0b363500979924b9bcda446a3d795a'
	Deserialize:            0.265 ms
	Integration:            0.392 ms
	Integration of assets:  0.002 ms
	Thread Wait Time:       0.034 ms
	Total Operation Time:   0.693 ms
Loaded scene 'Library/Unused/18df80a35e2c7f74f88624983487a248'
	Deserialize:            0.433 ms
	Integration:            0.367 ms
	Integration of assets:  0.004 ms
	Thread Wait Time:       0.032 ms
	Total Operation Time:   0.837 ms
Loaded scene 'Library/Unused/1549ec34b4bdd28479f7815f734adfdf'
	Deserialize:            0.295 ms
	Integration:            0.408 ms
	Integration of assets:  0.002 ms
	Thread Wait Time:       0.028 ms
	Total Operation Time:   0.733 ms
Loaded scene 'Library/Unused/9d60958f6e0b401408cc48227a28d844'
	Deserialize:            0.553 ms
	Integration:            0.639 ms
	Integration of assets:  0.002 ms
	Thread Wait Time:       0.061 ms
	Total Operation Time:   1.256 ms
Loaded scene 'Library/Unused/6f8f690c0b06d61439a20358a60174d8'
	Deserialize:            0.328 ms
	Integration:            0.318 ms
	Integration of assets:  0.003 ms
	Thread Wait Time:       0.021 ms
	Total Operation Time:   0.671 ms
Loaded scene 'Library/Unused/6ed92e0321eb9b44dbe102eaea44f781'
	Deserialize:            0.408 ms
	Integration:            0.380 ms
	Integration of assets:  0.005 ms
	Thread Wait Time:       0.037 ms
	Total Operation Time:   0.829 ms
Loaded scene 'Library/Unused/e78bbd9bc52604d40a3c16be688e8287'
	Deserialize:            0.326 ms
	Integration:            0.538 ms
	Integration of assets:  0.003 ms
	Thread Wait Time:       0.034 ms
	Total Operation Time:   0.901 ms
Loaded scene 'Library/Unused/4675ad439678da948809f81002dc3a39'
	Deserialize:            0.318 ms
	Integration:            0.444 ms
	Integration of assets:  0.002 ms
	Thread Wait Time:       0.028 ms
	Total Operation Time:   0.792 ms
Loaded scene 'Library/Unused/7389995566d9d674599dd8bed494cf27'
	Deserialize:            0.406 ms
	Integration:            0.310 ms
	Integration of assets:  0.002 ms
	Thread Wait Time:       0.030 ms
	Total Operation Time:   0.749 ms
Loaded scene 'Library/Unused/9f337c3a2bb586344bd726abbb22c954'
	Deserialize:            0.494 ms
	Integration:            0.386 ms
	Integration of assets:  0.004 ms
	Thread Wait Time:       0.040 ms
	Total Operation Time:   0.925 ms
Loaded scene 'Library/Unused/5c1f5dd81ca267145aed2bc0e5c0783d'
	Deserialize:            0.339 ms
	Integration:            0.492 ms
	Integration of assets:  0.003 ms
	Thread Wait Time:       0.032 ms
	Total Operation Time:   0.866 ms
Loaded scene 'Library/Unused/43ff1b301c6cbc34081f2a2dbaa14ae4'
	Deserialize:            0.332 ms
	Integration:            0.315 ms
	Integration of assets:  0.002 ms
	Thread Wait Time:       0.027 ms
	Total Operation Time:   0.676 ms
Loaded scene 'Library/Unused/e83aa69fe5c6b444ab190642c87ff77a'
	Deserialize:            0.299 ms
	Integration:            0.333 ms
	Integration of assets:  0.003 ms
	Thread Wait Time:       0.028 ms
	Total Operation Time:   0.663 ms
Loaded scene 'Library/Unused/61ad0c6ca9b5a6249862cefb40f6c9dc'
	Deserialize:            0.331 ms
	Integration:            0.320 ms
	Integration of assets:  0.002 ms
	Thread Wait Time:       0.030 ms
	Total Operation Time:   0.683 ms
Loaded scene 'Library/Unused/f146a12a0eaa76449bb3ce6185e75ea6'
	Deserialize:            0.308 ms
	Integration:            0.356 ms
	Integration of assets:  0.002 ms
	Thread Wait Time:       0.024 ms
	Total Operation Time:   0.690 ms
Loaded scene 'Library/Unused/dae2c9fc693ab504f95582f848c7b662'
	Deserialize:            0.343 ms
	Integration:            0.339 ms
	Integration of assets:  0.003 ms
	Thread Wait Time:       0.031 ms
	Total Operation Time:   0.716 ms
Loaded scene 'Library/Unused/f7e38107fffd6c94983643505c9abb48'
	Deserialize:            0.308 ms
	Integration:            0.302 ms
	Integration of assets:  0.002 ms
	Thread Wait Time:       0.030 ms
	Total Operation Time:   0.643 ms
Loaded scene 'Library/Unused/560e93a0814faae4db94bf7a0866221c'
	Deserialize:            0.267 ms
	Integration:            0.505 ms
	Integration of assets:  0.002 ms
	Thread Wait Time:       0.036 ms
	Total Operation Time:   0.810 ms
Loaded scene 'Library/Unused/34de35d078387b84fb11cb9e18324c0a'
	Deserialize:            1.183 ms
	Integration:            0.471 ms
	Integration of assets:  0.002 ms
	Thread Wait Time:       0.031 ms
	Total Operation Time:   1.686 ms
Loaded scene 'Library/Unused/6eefd68b37cf13045ad75670f7cd09eb'
	Deserialize:            3.265 ms
	Integration:            1.177 ms
	Integration of assets:  0.003 ms
	Thread Wait Time:       0.029 ms
	Total Operation Time:   4.474 ms
Loaded scene 'Library/Unused/f0f2e95d23b89f5409a7122ab0d10d65'
	Deserialize:            0.628 ms
	Integration:            0.780 ms
	Integration of assets:  0.004 ms
	Thread Wait Time:       0.043 ms
	Total Operation Time:   1.455 ms
Loaded scene 'Library/Unused/4881d6dfcafdb624aae414fc93aa9f99'
	Deserialize:            0.388 ms
	Integration:            0.440 ms
	Integration of assets:  0.002 ms
	Thread Wait Time:       0.037 ms
	Total Operation Time:   0.867 ms
Loaded scene 'Library/Unused/9c9bd56fa25c7e24b909c762a6120d17'
	Deserialize:            0.455 ms
	Integration:            0.686 ms
	Integration of assets:  0.003 ms
	Thread Wait Time:       0.024 ms
	Total Operation Time:   1.168 ms
Loaded scene 'Library/Unused/dc19da3c87f14c64691261d2ae3fbced'
	Deserialize:            0.529 ms
	Integration:            0.952 ms
	Integration of assets:  0.003 ms
	Thread Wait Time:       0.032 ms
	Total Operation Time:   1.516 ms
Loaded scene 'Library/Unused/4478ac8958db68042b984b7654b58663'
	Deserialize:            0.416 ms
	Integration:            0.724 ms
	Integration of assets:  0.002 ms
	Thread Wait Time:       0.034 ms
	Total Operation Time:   1.177 ms
Loaded scene 'Library/Unused/7947dc67214ddba4fb8768a1344073bb'
	Deserialize:            0.768 ms
	Integration:            0.768 ms
	Integration of assets:  0.003 ms
	Thread Wait Time:       0.030 ms
	Total Operation Time:   1.569 ms
Loaded scene 'Library/Unused/feb69c4cc17de4f42ace5cdc3cf0e8db'
	Deserialize:            0.355 ms
	Integration:            0.798 ms
	Integration of assets:  0.005 ms
	Thread Wait Time:       0.044 ms
	Total Operation Time:   1.201 ms
Loaded scene 'Library/Unused/0d99cbfdc4e090445bf5f4f45a1879e7'
	Deserialize:            0.252 ms
	Integration:            0.434 ms
	Integration of assets:  0.001 ms
	Thread Wait Time:       0.023 ms
	Total Operation Time:   0.710 ms
Loaded scene 'Library/Unused/151c6c71a92b7274bb90ad4f5e590683'
	Deserialize:            0.185 ms
	Integration:            0.297 ms
	Integration of assets:  0.001 ms
	Thread Wait Time:       0.021 ms
	Total Operation Time:   0.504 ms
Loaded scene 'Library/Unused/265cde06c615a6b4699d532b97d04c8c'
	Deserialize:            0.549 ms
	Integration:            0.788 ms
	Integration of assets:  0.003 ms
	Thread Wait Time:       0.021 ms
	Total Operation Time:   1.360 ms
Loaded scene 'Library/Unused/5527671381ca7cc47aaa17df0c432dd8'
	Deserialize:            0.457 ms
	Integration:            0.482 ms
	Integration of assets:  0.004 ms
	Thread Wait Time:       0.036 ms
	Total Operation Time:   0.979 ms
Loaded scene 'Library/Unused/3c77227aeb36ce34e9ba36fa600046bf'
	Deserialize:            0.601 ms
	Integration:            0.395 ms
	Integration of assets:  0.002 ms
	Thread Wait Time:       0.023 ms
	Total Operation Time:   1.021 ms
Loaded scene 'Library/Unused/e3be844f6e6b18b44a2fcc74639ac5ee'
	Deserialize:            0.410 ms
	Integration:            0.376 ms
	Integration of assets:  0.003 ms
	Thread Wait Time:       0.035 ms
	Total Operation Time:   0.824 ms
Loaded scene 'Library/Unused/9c71989425410234993f13ff41a2b328'
	Deserialize:            0.414 ms
	Integration:            0.816 ms
	Integration of assets:  0.002 ms
	Thread Wait Time:       0.028 ms
	Total Operation Time:   1.260 ms
Loaded scene 'Library/Unused/4bb6c9cc6acd3da49ae77608ef562d27'
	Deserialize:            0.452 ms
	Integration:            0.669 ms
	Integration of assets:  0.002 ms
	Thread Wait Time:       0.021 ms
	Total Operation Time:   1.144 ms
Loaded scene 'Library/Unused/ac5db1ea12454bc43af722a82099af7c'
	Deserialize:            0.492 ms
	Integration:            0.759 ms
	Integration of assets:  0.006 ms
	Thread Wait Time:       0.053 ms
	Total Operation Time:   1.310 ms
Loaded scene 'Library/Unused/c385407ba50134d47a2fcef007d46eaa'
	Deserialize:            0.410 ms
	Integration:            0.313 ms
	Integration of assets:  0.003 ms
	Thread Wait Time:       0.032 ms
	Total Operation Time:   0.759 ms
Loaded scene 'Library/Unused/7894a79134dbaa94ebb38cde436ed2bf'
	Deserialize:            0.345 ms
	Integration:            0.339 ms
	Integration of assets:  0.002 ms
	Thread Wait Time:       0.024 ms
	Total Operation Time:   0.709 ms
Loaded scene 'Library/Unused/6bd3492112610b044a3caaebe206c357'
	Deserialize:            0.240 ms
	Integration:            0.347 ms
	Integration of assets:  0.002 ms
	Thread Wait Time:       0.024 ms
	Total Operation Time:   0.613 ms
Loaded scene 'Library/Unused/bcee34ebf6e60ea499aaecdcbaa8527d'
	Deserialize:            0.479 ms
	Integration:            0.392 ms
	Integration of assets:  0.003 ms
	Thread Wait Time:       0.028 ms
	Total Operation Time:   0.902 ms
Loaded scene 'Library/Unused/ef77af58c713d18419b46445630eb1ac'
	Deserialize:            0.277 ms
	Integration:            0.358 ms
	Integration of assets:  0.002 ms
	Thread Wait Time:       0.029 ms
	Total Operation Time:   0.666 ms
Loaded scene 'Library/Unused/a23a57a5af1c6844098cd37ff7357db9'
	Deserialize:            0.250 ms
	Integration:            0.357 ms
	Integration of assets:  0.001 ms
	Thread Wait Time:       0.031 ms
	Total Operation Time:   0.640 ms
Loaded scene 'Library/Unused/46cf9e2688663834ca0ab7fe5fe18742'
	Deserialize:            0.531 ms
	Integration:            0.547 ms
	Integration of assets:  0.004 ms
	Thread Wait Time:       0.079 ms
	Total Operation Time:   1.161 ms
Loaded scene 'Library/Unused/ad543ac38b3fb6946b3421a9d32ec875'
	Deserialize:            0.292 ms
	Integration:            0.381 ms
	Integration of assets:  0.003 ms
	Thread Wait Time:       0.032 ms
	Total Operation Time:   0.708 ms
Loaded scene 'Library/Unused/9c79e6b91d6338b45a057344f950ecab'
	Deserialize:            0.270 ms
	Integration:            0.338 ms
	Integration of assets:  0.002 ms
	Thread Wait Time:       0.029 ms
	Total Operation Time:   0.638 ms
Loaded scene 'Library/Unused/8cfd66c986f7f1f41b019ab9491927f5'
	Deserialize:            0.345 ms
	Integration:            0.370 ms
	Integration of assets:  0.002 ms
	Thread Wait Time:       0.028 ms
	Total Operation Time:   0.743 ms
Loaded scene 'Library/Unused/8cdfa311e4c070146a6277d11aa88ec6'
	Deserialize:            0.248 ms
	Integration:            0.339 ms
	Integration of assets:  0.002 ms
	Thread Wait Time:       0.028 ms
	Total Operation Time:   0.617 ms
Loaded scene 'Library/Unused/168ea7060fff5ed418c173d91302a6df'
	Deserialize:            0.311 ms
	Integration:            0.416 ms
	Integration of assets:  0.002 ms
	Thread Wait Time:       0.039 ms
	Total Operation Time:   0.768 ms
Loaded scene 'Library/Unused/5576b16c9aca0e043bf8fd51bb75dcf7'
	Deserialize:            0.271 ms
	Integration:            0.379 ms
	Integration of assets:  0.002 ms
	Thread Wait Time:       0.030 ms
	Total Operation Time:   0.681 ms
Loaded scene 'Library/Unused/c8d9b2ba71acc8749b33fde90eaeb1f4'
	Deserialize:            0.294 ms
	Integration:            0.796 ms
	Integration of assets:  0.003 ms
	Thread Wait Time:       0.022 ms
	Total Operation Time:   1.115 ms
Loaded scene 'Library/Unused/0a0844f3dee40aa478a099587031cab5'
	Deserialize:            0.299 ms
	Integration:            0.399 ms
	Integration of assets:  0.002 ms
	Thread Wait Time:       0.029 ms
	Total Operation Time:   0.728 ms
Loaded scene 'Library/Unused/b0a7111f8d2a7ce449c71bdc22c34a4d'
	Deserialize:            0.203 ms
	Integration:            0.248 ms
	Integration of assets:  0.002 ms
	Thread Wait Time:       0.023 ms
	Total Operation Time:   0.476 ms
Loaded scene 'Library/Unused/ed3b11ae0afc66e408efef24cc75d273'
	Deserialize:            0.355 ms
	Integration:            0.494 ms
	Integration of assets:  0.002 ms
	Thread Wait Time:       0.029 ms
	Total Operation Time:   0.879 ms
Loaded scene 'Library/Unused/a09885c34b3af9b42a8c893be31c33db'
	Deserialize:            0.569 ms
	Integration:            0.549 ms
	Integration of assets:  0.009 ms
	Thread Wait Time:       0.026 ms
	Total Operation Time:   1.153 ms
Loaded scene 'Library/Unused/22c26ad08005a0946a59115c8b1de38b'
	Deserialize:            0.456 ms
	Integration:            9.854 ms
	Integration of assets:  0.002 ms
	Thread Wait Time:       0.020 ms
	Total Operation Time:   10.332 ms
Loaded scene 'Library/Unused/bb742ba405cf0c94489d65bb7c48aaa5'
	Deserialize:            0.304 ms
	Integration:            0.402 ms
	Integration of assets:  0.002 ms
	Thread Wait Time:       0.031 ms
	Total Operation Time:   0.739 ms
Loaded scene 'Library/Unused/ca86a56c6c5ecbc4c960bafa8aaeea72'
	Deserialize:            0.466 ms
	Integration:            0.531 ms
	Integration of assets:  0.003 ms
	Thread Wait Time:       0.032 ms
	Total Operation Time:   1.033 ms
Loaded scene 'Library/Unused/277b47c455230534fba021fc2de797e8'
	Deserialize:            0.284 ms
	Integration:            0.297 ms
	Integration of assets:  0.002 ms
	Thread Wait Time:       0.029 ms
	Total Operation Time:   0.612 ms
Loaded scene 'Library/Unused/c82bb1f7771974f4d92dff4ec35835f4'
	Deserialize:            0.265 ms
	Integration:            0.303 ms
	Integration of assets:  0.002 ms
	Thread Wait Time:       0.023 ms
	Total Operation Time:   0.592 ms
Loaded scene 'Library/Unused/989f18b09f30cd741982bc64c5b6769c'
	Deserialize:            0.209 ms
	Integration:            0.295 ms
	Integration of assets:  0.001 ms
	Thread Wait Time:       0.024 ms
	Total Operation Time:   0.529 ms
Loaded scene 'Library/Unused/d4b180b6a8069fa46b36403661e036b2'
	Deserialize:            0.333 ms
	Integration:            0.376 ms
	Integration of assets:  0.003 ms
	Thread Wait Time:       0.030 ms
	Total Operation Time:   0.744 ms
Loaded scene 'Library/Unused/97a2f7134f4e15c47a8ffd63ac75f82c'
	Deserialize:            0.439 ms
	Integration:            0.331 ms
	Integration of assets:  0.003 ms
	Thread Wait Time:       0.027 ms
	Total Operation Time:   0.799 ms
Loaded scene 'Library/Unused/c07d59594d059ca4f9583d038fec9d22'
	Deserialize:            0.520 ms
	Integration:            0.405 ms
	Integration of assets:  0.002 ms
	Thread Wait Time:       0.027 ms
	Total Operation Time:   0.955 ms
Loaded scene 'Library/Unused/d13aa67d58ee8cc45a9f61bc3dbb2a99'
	Deserialize:            0.248 ms
	Integration:            0.245 ms
	Integration of assets:  0.002 ms
	Thread Wait Time:       0.023 ms
	Total Operation Time:   0.518 ms
Loaded scene 'Library/Unused/d774f497e3eae5f4d88daf2f400484d4'
	Deserialize:            0.185 ms
	Integration:            0.323 ms
	Integration of assets:  0.001 ms
	Thread Wait Time:       0.017 ms
	Total Operation Time:   0.526 ms
Loaded scene 'Library/Unused/0cbb8abfdcc863b4590aa1121f864161'
	Deserialize:            0.280 ms
	Integration:            0.327 ms
	Integration of assets:  0.003 ms
	Thread Wait Time:       0.024 ms
	Total Operation Time:   0.634 ms
Loaded scene 'Library/Unused/64f7002eda6996348becc8edfc303901'
	Deserialize:            0.458 ms
	Integration:            0.420 ms
	Integration of assets:  0.002 ms
	Thread Wait Time:       0.021 ms
	Total Operation Time:   0.901 ms
Loaded scene 'Library/Unused/00fc197859734fd44bc23e825fcc19a7'
	Deserialize:            0.439 ms
	Integration:            0.426 ms
	Integration of assets:  0.002 ms
	Thread Wait Time:       0.024 ms
	Total Operation Time:   0.890 ms
Loaded scene 'Library/Unused/91ae97f5de5bb564393db506b425cc86'
	Deserialize:            0.331 ms
	Integration:            0.364 ms
	Integration of assets:  0.001 ms
	Thread Wait Time:       0.018 ms
	Total Operation Time:   0.714 ms
Loaded scene 'Library/Unused/b1fe9bd50f809c64f828489937e60e21'
	Deserialize:            0.291 ms
	Integration:            0.306 ms
	Integration of assets:  0.002 ms
	Thread Wait Time:       0.035 ms
	Total Operation Time:   0.634 ms
Loaded scene 'Library/Unused/4b3d9c50fcf9cb445b5fd482cf8a4dc8'
	Deserialize:            0.321 ms
	Integration:            0.655 ms
	Integration of assets:  0.003 ms
	Thread Wait Time:       0.023 ms
	Total Operation Time:   1.001 ms
Loaded scene 'Library/Unused/356062cf8ea91ac408bf0f1e10acb754'
	Deserialize:            0.429 ms
	Integration:            0.472 ms
	Integration of assets:  0.002 ms
	Thread Wait Time:       0.023 ms
	Total Operation Time:   0.926 ms
Loaded scene 'Library/Unused/cf6112097e878c64ab3f26be2ca10ce6'
	Deserialize:            0.416 ms
	Integration:            0.484 ms
	Integration of assets:  0.002 ms
	Thread Wait Time:       0.024 ms
	Total Operation Time:   0.925 ms
Loaded scene 'Library/Unused/8ce1b3971dc0d174fa09658e680fbf99'
	Deserialize:            0.222 ms
	Integration:            0.382 ms
	Integration of assets:  0.002 ms
	Thread Wait Time:       0.021 ms
	Total Operation Time:   0.627 ms
Loaded scene 'Library/Unused/b8c48cb4836b4364781346e2c4765ff6'
	Deserialize:            0.324 ms
	Integration:            0.461 ms
	Integration of assets:  0.003 ms
	Thread Wait Time:       0.021 ms
	Total Operation Time:   0.809 ms
Loaded scene 'Library/Unused/47e311db65288d848abc7a82e7489324'
	Deserialize:            0.229 ms
	Integration:            0.573 ms
	Integration of assets:  0.001 ms
	Thread Wait Time:       0.015 ms
	Total Operation Time:   0.819 ms
Loaded scene 'Library/Unused/e7a96069d00973d49afe0c192f3099d1'
	Deserialize:            0.259 ms
	Integration:            0.487 ms
	Integration of assets:  0.002 ms
	Thread Wait Time:       0.023 ms
	Total Operation Time:   0.770 ms
Loaded scene 'Library/Unused/b2f79641a6cf5584c81300348fc0af44'
	Deserialize:            0.401 ms
	Integration:            0.418 ms
	Integration of assets:  0.003 ms
	Thread Wait Time:       0.026 ms
	Total Operation Time:   0.849 ms
Loaded scene 'Library/Unused/f39e816203fb86144930c2e4888df950'
	Deserialize:            0.440 ms
	Integration:            0.523 ms
	Integration of assets:  0.003 ms
	Thread Wait Time:       0.026 ms
	Total Operation Time:   0.991 ms
Loaded scene 'Library/Unused/e4ff0dbbb7999474d86d2a49ae181180'
	Deserialize:            0.270 ms
	Integration:            0.429 ms
	Integration of assets:  0.002 ms
	Thread Wait Time:       0.024 ms
	Total Operation Time:   0.724 ms
Loaded scene 'Library/Unused/eb9646f3152287c4ab46f3db492d9ac5'
	Deserialize:            0.248 ms
	Integration:            0.316 ms
	Integration of assets:  0.002 ms
	Thread Wait Time:       0.022 ms
	Total Operation Time:   0.589 ms
Loaded scene 'Library/Unused/a6359ec8df0e3a74f82991ee6e03828f'
	Deserialize:            0.230 ms
	Integration:            0.388 ms
	Integration of assets:  0.002 ms
	Thread Wait Time:       0.023 ms
	Total Operation Time:   0.643 ms
Loaded scene 'Library/Unused/ffae8ece5be0f2d439e01b237d642305'
	Deserialize:            0.440 ms
	Integration:            0.414 ms
	Integration of assets:  0.004 ms
	Thread Wait Time:       0.026 ms
	Total Operation Time:   0.883 ms
Loaded scene 'Library/Unused/1e28198ba20fb464da664b9f7cc5ee63'
	Deserialize:            0.537 ms
	Integration:            0.673 ms
	Integration of assets:  0.002 ms
	Thread Wait Time:       0.024 ms
	Total Operation Time:   1.236 ms
Loaded scene 'Library/Unused/0741f3e6ad540e247a96ac3ced03ae01'
	Deserialize:            0.259 ms
	Integration:            0.274 ms
	Integration of assets:  0.001 ms
	Thread Wait Time:       0.019 ms
	Total Operation Time:   0.553 ms
Loaded scene 'Library/Unused/861c9d0a09a5f4247901af37cc533b85'
	Deserialize:            0.799 ms
	Integration:            0.671 ms
	Integration of assets:  0.005 ms
	Thread Wait Time:       0.090 ms
	Total Operation Time:   1.566 ms
Loaded scene 'Library/Unused/e50de39bab98ed54ba85983f382ca133'
	Deserialize:            0.568 ms
	Integration:            0.551 ms
	Integration of assets:  0.002 ms
	Thread Wait Time:       0.088 ms
	Total Operation Time:   1.210 ms
Loaded scene 'Library/Unused/05ea1a1d6f45c3e4badf0e6ed67a0fcf'
	Deserialize:            0.679 ms
	Integration:            0.870 ms
	Integration of assets:  0.003 ms
	Thread Wait Time:       0.878 ms
	Total Operation Time:   2.429 ms
Loaded scene 'Library/Unused/25df330c601a1f74fb435d63225dfeb6'
	Deserialize:            0.604 ms
	Integration:            0.395 ms
	Integration of assets:  0.002 ms
	Thread Wait Time:       0.030 ms
	Total Operation Time:   1.031 ms
Loaded scene 'Library/Unused/ad681d8985f319145a6a24f287e319ab'
	Deserialize:            0.812 ms
	Integration:            0.689 ms
	Integration of assets:  0.003 ms
	Thread Wait Time:       0.038 ms
	Total Operation Time:   1.543 ms
Loaded scene 'Library/Unused/fe15389c970faa74ebcd6690c4dd1941'
	Deserialize:            1.519 ms
	Integration:            0.732 ms
	Integration of assets:  0.002 ms
	Thread Wait Time:       0.041 ms
	Total Operation Time:   2.295 ms
Loaded scene 'Library/Unused/ef69f005f835e4e46908653826a61673'
	Deserialize:            0.442 ms
	Integration:            0.546 ms
	Integration of assets:  0.003 ms
	Thread Wait Time:       0.024 ms
	Total Operation Time:   1.015 ms
Loaded scene 'Library/Unused/9958d21d3f9934848b698394443f99d8'
	Deserialize:            0.505 ms
	Integration:            0.587 ms
	Integration of assets:  0.002 ms
	Thread Wait Time:       0.029 ms
	Total Operation Time:   1.124 ms
Loaded scene 'Library/Unused/46cd466be91fb064b8196bfe9d164376'
	Deserialize:            0.613 ms
	Integration:            1.411 ms
	Integration of assets:  0.004 ms
	Thread Wait Time:       0.121 ms
	Total Operation Time:   2.148 ms
Loaded scene 'Library/Unused/b0d858582ab38eb4ca8c62f6c736d188'
	Deserialize:            0.468 ms
	Integration:            0.548 ms
	Integration of assets:  0.004 ms
	Thread Wait Time:       0.041 ms
	Total Operation Time:   1.060 ms
Loaded scene 'Library/Unused/8dff9586116b35d42870d083549b6107'
	Deserialize:            0.363 ms
	Integration:            0.558 ms
	Integration of assets:  0.003 ms
	Thread Wait Time:       0.034 ms
	Total Operation Time:   0.957 ms
Loaded scene 'Library/Unused/0b74d4082c0dea5429b32c2e23565905'
	Deserialize:            0.362 ms
	Integration:            0.670 ms
	Integration of assets:  0.002 ms
	Thread Wait Time:       0.031 ms
	Total Operation Time:   1.065 ms
Loaded scene 'Library/Unused/0a1d20e8537fa9b4d9d767803ea5f94a'
	Deserialize:            0.764 ms
	Integration:            0.537 ms
	Integration of assets:  0.002 ms
	Thread Wait Time:       0.031 ms
	Total Operation Time:   1.333 ms
Loaded scene 'Library/Unused/2f78496445115d246bf71e6552898429'
	Deserialize:            0.877 ms
	Integration:            0.564 ms
	Integration of assets:  0.002 ms
	Thread Wait Time:       0.121 ms
	Total Operation Time:   1.565 ms
Loaded scene 'Library/Unused/2e9d5cc325f7de74790f05b95fa9ca63'
	Deserialize:            0.461 ms
	Integration:            0.389 ms
	Integration of assets:  0.003 ms
	Thread Wait Time:       0.045 ms
	Total Operation Time:   0.897 ms
Loaded scene 'Library/Unused/70d22a6b0bfa8e942a7a908a946b7661'
	Deserialize:            0.444 ms
	Integration:            0.684 ms
	Integration of assets:  0.002 ms
	Thread Wait Time:       0.035 ms
	Total Operation Time:   1.165 ms
Loaded scene 'Library/Unused/07eff1fade273fb4582d1b5cdd85b60d'
	Deserialize:            0.507 ms
	Integration:            0.860 ms
	Integration of assets:  0.002 ms
	Thread Wait Time:       0.026 ms
	Total Operation Time:   1.396 ms
Loaded scene 'Library/Unused/0c2df0d660cc885429be9ead6f57071f'
	Deserialize:            2.286 ms
	Integration:            0.898 ms
	Integration of assets:  0.003 ms
	Thread Wait Time:       0.044 ms
	Total Operation Time:   3.231 ms
Loaded scene 'Library/Unused/ef9660100b97436408c77f05b7b30793'
	Deserialize:            0.426 ms
	Integration:            0.409 ms
	Integration of assets:  0.002 ms
	Thread Wait Time:       0.073 ms
	Total Operation Time:   0.911 ms
Loaded scene 'Library/Unused/226782de4bf5f9b4687f1978777183dd'
	Deserialize:            1.156 ms
	Integration:            0.906 ms
	Integration of assets:  0.003 ms
	Thread Wait Time:       0.033 ms
	Total Operation Time:   2.097 ms
Loaded scene 'Library/Unused/bcef6e6d285e8a145924d57267a4d210'
	Deserialize:            0.755 ms
	Integration:            1.327 ms
	Integration of assets:  0.006 ms
	Thread Wait Time:       0.120 ms
	Total Operation Time:   2.208 ms
Loaded scene 'Library/Unused/8199476b03ea868449aca92af4a9a104'
	Deserialize:            1.822 ms
	Integration:            0.672 ms
	Integration of assets:  0.003 ms
	Thread Wait Time:       0.096 ms
	Total Operation Time:   2.593 ms
Loaded scene 'Library/Unused/bef7adf6c37e0fd4ba2791243fa30c49'
	Deserialize:            5.406 ms
	Integration:            0.963 ms
	Integration of assets:  0.002 ms
	Thread Wait Time:       0.055 ms
	Total Operation Time:   6.426 ms
Loaded scene 'Library/Unused/f1962456b1ed4d14bb439fb0bfb50aa7'
	Deserialize:            0.335 ms
	Integration:            0.389 ms
	Integration of assets:  0.003 ms
	Thread Wait Time:       0.033 ms
	Total Operation Time:   0.760 ms
Loaded scene 'Library/Unused/e0aebb251078f1343a926fdbc76ccf52'
	Deserialize:            4.434 ms
	Integration:            1.035 ms
	Integration of assets:  0.005 ms
	Thread Wait Time:       0.035 ms
	Total Operation Time:   5.510 ms
Loaded scene 'Library/Unused/80b52e976e1059545ad600017e49df6b'
	Deserialize:            0.332 ms
	Integration:            0.378 ms
	Integration of assets:  0.002 ms
	Thread Wait Time:       0.026 ms
	Total Operation Time:   0.738 ms
Loaded scene 'Library/Unused/576583d17edd72b48836c63d865e19f5'
	Deserialize:            6.962 ms
	Integration:            1.077 ms
	Integration of assets:  0.003 ms
	Thread Wait Time:       0.038 ms
	Total Operation Time:   8.080 ms
Loaded scene 'Library/Unused/71defe1260e12d94d95f61dccb0876b6'
	Deserialize:            0.453 ms
	Integration:            0.423 ms
	Integration of assets:  0.002 ms
	Thread Wait Time:       0.215 ms
	Total Operation Time:   1.092 ms
Loaded scene 'Library/Unused/4ee4d318f4297a74580807ce533895fb'
	Deserialize:            3.732 ms
	Integration:            4.715 ms
	Integration of assets:  0.004 ms
	Thread Wait Time:       0.038 ms
	Total Operation Time:   8.489 ms
Loaded scene 'Library/Unused/a5143b78f6c9f9540bfe4c68a18009a0'
	Deserialize:            1.059 ms
	Integration:            0.734 ms
	Integration of assets:  0.004 ms
	Thread Wait Time:       0.114 ms
	Total Operation Time:   1.911 ms
Loaded scene 'Library/Unused/04606fc2b979da84593e080330699aa0'
	Deserialize:            0.601 ms
	Integration:            0.599 ms
	Integration of assets:  0.005 ms
	Thread Wait Time:       0.040 ms
	Total Operation Time:   1.246 ms
Loaded scene 'Library/Unused/125a3b037d1611546b4468c49a60ac87'
	Deserialize:            0.501 ms
	Integration:            0.498 ms
	Integration of assets:  0.003 ms
	Thread Wait Time:       0.037 ms
	Total Operation Time:   1.038 ms
Loaded scene 'Library/Unused/08559eee5f7eb714d8b33320b4eb73d3'
	Deserialize:            0.631 ms
	Integration:            0.352 ms
	Integration of assets:  0.002 ms
	Thread Wait Time:       0.136 ms
	Total Operation Time:   1.121 ms
Loaded scene 'Library/Unused/4870e89f3d4bd0f44a5effbec8ae5a9e'
	Deserialize:            0.435 ms
	Integration:            0.633 ms
	Integration of assets:  0.002 ms
	Thread Wait Time:       0.036 ms
	Total Operation Time:   1.106 ms
Loaded scene 'Library/Unused/623d08c1aafc08444ba3dfcc180f90b6'
	Deserialize:            0.398 ms
	Integration:            0.516 ms
	Integration of assets:  0.003 ms
	Thread Wait Time:       0.048 ms
	Total Operation Time:   0.965 ms
Loaded scene 'Library/Unused/28b171d102202944386882e1b53798f8'
	Deserialize:            0.547 ms
	Integration:            0.586 ms
	Integration of assets:  0.002 ms
	Thread Wait Time:       0.048 ms
	Total Operation Time:   1.182 ms
Loaded scene 'Library/Unused/9e5112c3c146dc948830325a5b53c387'
	Deserialize:            1.019 ms
	Integration:            0.352 ms
	Integration of assets:  0.002 ms
	Thread Wait Time:       0.038 ms
	Total Operation Time:   1.412 ms
Loaded scene 'Library/Unused/75537ed8d84bfde448f0c8cc1eb9110a'
	Deserialize:            0.342 ms
	Integration:            0.479 ms
	Integration of assets:  0.002 ms
	Thread Wait Time:       0.023 ms
	Total Operation Time:   0.846 ms
Loaded scene 'Library/Unused/237c030c1425a0f45bfa54d10c0bdc00'
	Deserialize:            0.395 ms
	Integration:            0.752 ms
	Integration of assets:  0.003 ms
	Thread Wait Time:       0.027 ms
	Total Operation Time:   1.176 ms
Loaded scene 'Library/Unused/7aa64fdaa9b668348a7ea3277eebebb9'
	Deserialize:            0.208 ms
	Integration:            0.320 ms
	Integration of assets:  0.001 ms
	Thread Wait Time:       0.016 ms
	Total Operation Time:   0.546 ms
Loaded scene 'Library/Unused/6548626f678281542b11adebe259e966'
	Deserialize:            0.738 ms
	Integration:            0.646 ms
	Integration of assets:  0.002 ms
	Thread Wait Time:       0.031 ms
	Total Operation Time:   1.416 ms
Loaded scene 'Library/Unused/11ef6c149418202469e12d54c9d81168'
	Deserialize:            0.464 ms
	Integration:            0.736 ms
	Integration of assets:  0.003 ms
	Thread Wait Time:       0.040 ms
	Total Operation Time:   1.242 ms
Loaded scene 'Library/Unused/c30a945cd501415469b4e62547a09db9'
	Deserialize:            0.354 ms
	Integration:            0.602 ms
	Integration of assets:  0.003 ms
	Thread Wait Time:       0.035 ms
	Total Operation Time:   0.995 ms
Loaded scene 'Library/Unused/c39f0937d19dda34fbc28c6f5c683aa6'
	Deserialize:            0.421 ms
	Integration:            0.331 ms
	Integration of assets:  0.002 ms
	Thread Wait Time:       0.027 ms
	Total Operation Time:   0.781 ms
Loaded scene 'Library/Unused/da62c7324d30a1045aa72cfcd7a62e63'
	Deserialize:            0.315 ms
	Integration:            0.540 ms
	Integration of assets:  0.002 ms
	Thread Wait Time:       0.031 ms
	Total Operation Time:   0.888 ms
Loaded scene 'Library/Unused/9208bb50f095bcb4a9f14285215d2aec'
	Deserialize:            0.316 ms
	Integration:            0.482 ms
	Integration of assets:  0.002 ms
	Thread Wait Time:       0.039 ms
	Total Operation Time:   0.840 ms
Loaded scene 'Library/Unused/f725a22729ffe894280825de08f09d86'
	Deserialize:            0.402 ms
	Integration:            0.497 ms
	Integration of assets:  0.003 ms
	Thread Wait Time:       0.040 ms
	Total Operation Time:   0.942 ms
Loaded scene 'Library/Unused/8f7c0378fd5742b4f8e6c02100c5606d'
	Deserialize:            0.465 ms
	Integration:            0.485 ms
	Integration of assets:  0.002 ms
	Thread Wait Time:       0.041 ms
	Total Operation Time:   0.993 ms
Loaded scene 'Library/Unused/e5727ed252af4164e84550a735ee798e'
	Deserialize:            0.601 ms
	Integration:            0.641 ms
	Integration of assets:  0.003 ms
	Thread Wait Time:       0.043 ms
	Total Operation Time:   1.288 ms
Loaded scene 'Library/Unused/bc62234b7d8f083408d1945304725b39'
	Deserialize:            0.731 ms
	Integration:            1.006 ms
	Integration of assets:  0.005 ms
	Thread Wait Time:       0.031 ms
	Total Operation Time:   1.774 ms
Loaded scene 'Library/Unused/6cdc7ed9b6f01f647956351410e78761'
	Deserialize:            0.809 ms
	Integration:            0.797 ms
	Integration of assets:  0.004 ms
	Thread Wait Time:       0.040 ms
	Total Operation Time:   1.650 ms
Loaded scene 'Library/Unused/10e4b0625bdcbe846870348445646671'
	Deserialize:            0.629 ms
	Integration:            0.623 ms
	Integration of assets:  0.003 ms
	Thread Wait Time:       0.021 ms
	Total Operation Time:   1.276 ms
Loaded scene 'Library/Unused/c9343cab1ae570f43b6cf64c58aeb279'
	Deserialize:            0.607 ms
	Integration:            0.608 ms
	Integration of assets:  0.003 ms
	Thread Wait Time:       0.028 ms
	Total Operation Time:   1.245 ms
Loaded scene 'Library/Unused/74327843cc0b5814c81ff10a09f74eab'
	Deserialize:            1.346 ms
	Integration:            1.230 ms
	Integration of assets:  0.004 ms
	Thread Wait Time:       0.056 ms
	Total Operation Time:   2.637 ms
Loaded scene 'Library/Unused/ba1c142fcb5e0554cafe311c92fbe60a'
	Deserialize:            0.632 ms
	Integration:            0.522 ms
	Integration of assets:  0.004 ms
	Thread Wait Time:       0.151 ms
	Total Operation Time:   1.309 ms
Loaded scene 'Library/Unused/8c86011906173424e9a0427e82013dfa'
	Deserialize:            0.323 ms
	Integration:            0.734 ms
	Integration of assets:  0.003 ms
	Thread Wait Time:       0.029 ms
	Total Operation Time:   1.089 ms
Loaded scene 'Library/Unused/e68cdc6404824b14f91301b5b7fdde96'
	Deserialize:            0.424 ms
	Integration:            0.586 ms
	Integration of assets:  0.002 ms
	Thread Wait Time:       0.035 ms
	Total Operation Time:   1.046 ms
Loaded scene 'Library/Unused/82a3b090adae3f04581ca45630dca74c'
	Deserialize:            2.409 ms
	Integration:            0.713 ms
	Integration of assets:  0.004 ms
	Thread Wait Time:       0.042 ms
	Total Operation Time:   3.169 ms
Loaded scene 'Library/Unused/ffd8ef3e96256624fba75ae5b41b3cc8'
	Deserialize:            0.407 ms
	Integration:            0.561 ms
	Integration of assets:  0.004 ms
	Thread Wait Time:       0.039 ms
	Total Operation Time:   1.010 ms
Loaded scene 'Library/Unused/1ef40c792eed48f43b9bee51960894ae'
	Deserialize:            0.318 ms
	Integration:            0.435 ms
	Integration of assets:  0.002 ms
	Thread Wait Time:       0.029 ms
	Total Operation Time:   0.784 ms
Loaded scene 'Library/Unused/af1a4b2601e277945958f4fe253d29ec'
	Deserialize:            0.310 ms
	Integration:            0.516 ms
	Integration of assets:  0.002 ms
	Thread Wait Time:       0.025 ms
	Total Operation Time:   0.852 ms
Loaded scene 'Library/Unused/0ecf7716ae625ad42b7b3e0f461c14ad'
	Deserialize:            0.474 ms
	Integration:            0.711 ms
	Integration of assets:  0.002 ms
	Thread Wait Time:       0.041 ms
	Total Operation Time:   1.228 ms
Loaded scene 'Library/Unused/37eb9a54e41865043beffa06d29019dd'
	Deserialize:            0.422 ms
	Integration:            0.520 ms
	Integration of assets:  0.004 ms
	Thread Wait Time:       0.071 ms
	Total Operation Time:   1.017 ms
Loaded scene 'Library/Unused/44d60bd537828e34fb51b63755000464'
	Deserialize:            0.332 ms
	Integration:            0.387 ms
	Integration of assets:  0.002 ms
	Thread Wait Time:       0.034 ms
	Total Operation Time:   0.756 ms
Loaded scene 'Library/Unused/7cc990c5937c0ef49b34fcaab51324e4'
	Deserialize:            0.395 ms
	Integration:            0.359 ms
	Integration of assets:  0.002 ms
	Thread Wait Time:       0.034 ms
	Total Operation Time:   0.789 ms
Loaded scene 'Library/Unused/f16ab4785d055e244881c42011c9ed5c'
	Deserialize:            0.599 ms
	Integration:            0.442 ms
	Integration of assets:  0.003 ms
	Thread Wait Time:       0.031 ms
	Total Operation Time:   1.074 ms
Loaded scene 'Library/Unused/89db585331b6e594782a4f0847a2588f'
	Deserialize:            0.445 ms
	Integration:            0.437 ms
	Integration of assets:  0.003 ms
	Thread Wait Time:       0.043 ms
	Total Operation Time:   0.928 ms
Loaded scene 'Library/Unused/d3c90e2d4ed3fed478dc15d7ccfa1efc'
	Deserialize:            0.776 ms
	Integration:            0.539 ms
	Integration of assets:  0.003 ms
	Thread Wait Time:       0.033 ms
	Total Operation Time:   1.351 ms
Loaded scene 'Library/Unused/78448ec495cecdf43aa2af07afad816f'
	Deserialize:            0.550 ms
	Integration:            0.450 ms
	Integration of assets:  0.004 ms
	Thread Wait Time:       0.043 ms
	Total Operation Time:   1.047 ms
Loaded scene 'Library/Unused/87da8d1fb13635949be64d9805134240'
	Deserialize:            0.856 ms
	Integration:            0.605 ms
	Integration of assets:  0.003 ms
	Thread Wait Time:       0.038 ms
	Total Operation Time:   1.502 ms
Loaded scene 'Library/Unused/36ad0a431e4cc3141b56823fe9d69fbd'
	Deserialize:            0.303 ms
	Integration:            0.340 ms
	Integration of assets:  0.003 ms
	Thread Wait Time:       0.035 ms
	Total Operation Time:   0.681 ms
Loaded scene 'Library/Unused/712d83b87af245e4895d23c0bb80a9e6'
	Deserialize:            0.605 ms
	Integration:            0.839 ms
	Integration of assets:  0.005 ms
	Thread Wait Time:       0.110 ms
	Total Operation Time:   1.559 ms
Loaded scene 'Library/Unused/21e967c3578eaf9499bd88b555705e45'
	Deserialize:            0.643 ms
	Integration:            0.630 ms
	Integration of assets:  0.003 ms
	Thread Wait Time:       0.048 ms
	Total Operation Time:   1.324 ms
Loaded scene 'Library/Unused/ea64db9aed05b894bac480669d1b5ab4'
	Deserialize:            0.267 ms
	Integration:            0.440 ms
	Integration of assets:  0.002 ms
	Thread Wait Time:       0.033 ms
	Total Operation Time:   0.741 ms
Loaded scene 'Library/Unused/2997e65f06fdc904b8873d30f204f1a0'
	Deserialize:            0.500 ms
	Integration:            0.431 ms
	Integration of assets:  0.002 ms
	Thread Wait Time:       0.023 ms
	Total Operation Time:   0.955 ms
Loaded scene 'Library/Unused/e28284a8e1156104eb298351bb5b7cac'
	Deserialize:            1.268 ms
	Integration:            1.444 ms
	Integration of assets:  0.003 ms
	Thread Wait Time:       0.030 ms
	Total Operation Time:   2.745 ms
Loaded scene 'Library/Unused/33137aa5423688240b025861e1bb4b56'
	Deserialize:            0.905 ms
	Integration:            0.927 ms
	Integration of assets:  0.002 ms
	Thread Wait Time:       0.021 ms
	Total Operation Time:   1.856 ms
Loaded scene 'Library/Unused/ef072b9e9df25944991f2bf3ffed5a07'
	Deserialize:            0.602 ms
	Integration:            0.771 ms
	Integration of assets:  0.002 ms
	Thread Wait Time:       0.024 ms
	Total Operation Time:   1.400 ms
Loaded scene 'Library/Unused/a621377a59552b346b15d9b931206be4'
	Deserialize:            0.792 ms
	Integration:            0.494 ms
	Integration of assets:  0.003 ms
	Thread Wait Time:       0.040 ms
	Total Operation Time:   1.329 ms
Loaded scene 'Library/Unused/80269e36efb7baa4ab24d92f49394cab'
	Deserialize:            0.611 ms
	Integration:            0.707 ms
	Integration of assets:  0.002 ms
	Thread Wait Time:       0.046 ms
	Total Operation Time:   1.366 ms
Loaded scene 'Library/Unused/655f2276d9306834f8ae70fcf4e27703'
	Deserialize:            0.337 ms
	Integration:            0.582 ms
	Integration of assets:  0.003 ms
	Thread Wait Time:       0.027 ms
	Total Operation Time:   0.949 ms
Loaded scene 'Library/Unused/63b7a8fa4630de640a226639dd969c71'
	Deserialize:            0.427 ms
	Integration:            0.317 ms
	Integration of assets:  0.002 ms
	Thread Wait Time:       0.030 ms
	Total Operation Time:   0.776 ms
Loaded scene 'Library/Unused/c6fdb4ccab64f7b47abeec05b03fe714'
	Deserialize:            0.265 ms
	Integration:            0.297 ms
	Integration of assets:  0.002 ms
	Thread Wait Time:       0.027 ms
	Total Operation Time:   0.591 ms
Loaded scene 'Library/Unused/40418e5233451f04ba661125da66e36e'
	Deserialize:            0.363 ms
	Integration:            0.291 ms
	Integration of assets:  0.002 ms
	Thread Wait Time:       0.024 ms
	Total Operation Time:   0.679 ms
Loaded scene 'Library/Unused/74c3826a3a3f73940b0f13feb2fab2bf'
	Deserialize:            0.267 ms
	Integration:            0.397 ms
	Integration of assets:  0.001 ms
	Thread Wait Time:       0.019 ms
	Total Operation Time:   0.684 ms
Loaded scene 'Library/Unused/fb05009a9d31bbc4290c7014bf5bf597'
	Deserialize:            0.449 ms
	Integration:            0.724 ms
	Integration of assets:  0.003 ms
	Thread Wait Time:       0.033 ms
	Total Operation Time:   1.209 ms
Loaded scene 'Library/Unused/34dd179f296bd72498f499831d2b164d'
	Deserialize:            0.264 ms
	Integration:            0.376 ms
	Integration of assets:  0.002 ms
	Thread Wait Time:       0.021 ms
	Total Operation Time:   0.664 ms
Loaded scene 'Library/Unused/d31f7199c8931134f863b698bfc9fc61'
	Deserialize:            0.424 ms
	Integration:            0.394 ms
	Integration of assets:  0.003 ms
	Thread Wait Time:       0.030 ms
	Total Operation Time:   0.851 ms
Loaded scene 'Library/Unused/01c194647a5034d4d8dc568fcc42070a'
	Deserialize:            0.240 ms
	Integration:            0.365 ms
	Integration of assets:  0.002 ms
	Thread Wait Time:       0.021 ms
	Total Operation Time:   0.629 ms
Loaded scene 'Library/Unused/d104c872bab18c345ba39db2c5cd3319'
	Deserialize:            0.610 ms
	Integration:            0.605 ms
	Integration of assets:  0.002 ms
	Thread Wait Time:       0.038 ms
	Total Operation Time:   1.255 ms
Loaded scene 'Library/Unused/06e2d3f4c8b720c49b98cdf8589576ac'
	Deserialize:            1.218 ms
	Integration:            0.534 ms
	Integration of assets:  0.002 ms
	Thread Wait Time:       0.028 ms
	Total Operation Time:   1.781 ms
Loaded scene 'Library/Unused/83c31bff968271049ac703f8c36677f0'
	Deserialize:            0.472 ms
	Integration:            0.946 ms
	Integration of assets:  0.002 ms
	Thread Wait Time:       0.035 ms
	Total Operation Time:   1.455 ms
Loaded scene 'Library/Unused/a46b9eaa7bcc4c347939b73a3399d60d'
	Deserialize:            0.276 ms
	Integration:            0.270 ms
	Integration of assets:  0.001 ms
	Thread Wait Time:       0.018 ms
	Total Operation Time:   0.565 ms
Loaded scene 'Library/Unused/7fdfa633ef89e8d428615f5cbb207e51'
	Deserialize:            0.322 ms
	Integration:            0.269 ms
	Integration of assets:  0.002 ms
	Thread Wait Time:       0.020 ms
	Total Operation Time:   0.612 ms
Loaded scene 'Library/Unused/17490d315c307dc4faefc0ffcb351f00'
	Deserialize:            0.824 ms
	Integration:            0.738 ms
	Integration of assets:  0.004 ms
	Thread Wait Time:       0.037 ms
	Total Operation Time:   1.603 ms
Loaded scene 'Library/Unused/37c19d4a4ada8ba49b2a95b0c655f7ab'
	Deserialize:            2.333 ms
	Integration:            1.556 ms
	Integration of assets:  0.004 ms
	Thread Wait Time:       0.098 ms
	Total Operation Time:   3.991 ms
Loaded scene 'Library/Unused/05a504cdfbf4f7447a2ca450bee1d163'
	Deserialize:            0.828 ms
	Integration:            0.647 ms
	Integration of assets:  0.003 ms
	Thread Wait Time:       0.039 ms
	Total Operation Time:   1.518 ms
Loaded scene 'Library/Unused/29595ae21f3b24a4a97028f3699edac4'
	Deserialize:            0.866 ms
	Integration:            0.581 ms
	Integration of assets:  0.002 ms
	Thread Wait Time:       0.080 ms
	Total Operation Time:   1.529 ms
Loaded scene 'Library/Unused/3a1fed2e92f1e4b479c9ba0610ed5bbe'
	Deserialize:            2.200 ms
	Integration:            1.017 ms
	Integration of assets:  0.006 ms
	Thread Wait Time:       0.051 ms
	Total Operation Time:   3.275 ms
Loaded scene 'Library/Unused/e182392bc9156df4eb79e69bb9ee7aad'
	Deserialize:            3.112 ms
	Integration:            0.849 ms
	Integration of assets:  0.006 ms
	Thread Wait Time:       0.038 ms
	Total Operation Time:   4.005 ms
Loaded scene 'Library/Unused/c6a369681dae49b4db3b659a17880886'
	Deserialize:            0.723 ms
	Integration:            0.791 ms
	Integration of assets:  0.005 ms
	Thread Wait Time:       0.048 ms
	Total Operation Time:   1.566 ms
Loaded scene 'Library/Unused/2a4d5e21686b3c441853f5646f8f5e3a'
	Deserialize:            0.580 ms
	Integration:            0.671 ms
	Integration of assets:  0.002 ms
	Thread Wait Time:       0.038 ms
	Total Operation Time:   1.290 ms
Loaded scene 'Library/Unused/40fa614067d11c64fac08339c99e6a16'
	Deserialize:            0.818 ms
	Integration:            0.678 ms
	Integration of assets:  0.004 ms
	Thread Wait Time:       0.041 ms
	Total Operation Time:   1.542 ms
Loaded scene 'Library/Unused/5bce1f9791ee252418b7c6572e9d0c87'
	Deserialize:            0.947 ms
	Integration:            0.610 ms
	Integration of assets:  0.003 ms
	Thread Wait Time:       0.050 ms
	Total Operation Time:   1.610 ms
Loaded scene 'Library/Unused/1bbd25c52cd6b3b44982ed4cc127960f'
	Deserialize:            3.888 ms
	Integration:            1.013 ms
	Integration of assets:  0.003 ms
	Thread Wait Time:       0.039 ms
	Total Operation Time:   4.943 ms
Loaded scene 'Library/Unused/31126f20e3410e34aa55643c999db820'
	Deserialize:            2.867 ms
	Integration:            0.877 ms
	Integration of assets:  0.005 ms
	Thread Wait Time:       0.029 ms
	Total Operation Time:   3.778 ms
Loaded scene 'Library/Unused/b0ee4d6a69f15154ba143081a37249d1'
	Deserialize:            0.495 ms
	Integration:            0.469 ms
	Integration of assets:  0.002 ms
	Thread Wait Time:       0.034 ms
	Total Operation Time:   0.999 ms
Loaded scene 'Library/Unused/49111adac1e97644aa209495a908f287'
	Deserialize:            1.198 ms
	Integration:            1.057 ms
	Integration of assets:  0.003 ms
	Thread Wait Time:       0.041 ms
	Total Operation Time:   2.299 ms
Loaded scene 'Library/Unused/f0d55d6301021b442861ad907ef3e367'
	Deserialize:            1.932 ms
	Integration:            0.953 ms
	Integration of assets:  0.003 ms
	Thread Wait Time:       0.023 ms
	Total Operation Time:   2.911 ms
Loaded scene 'Library/Unused/2787193cef3c703458a44ecae024a645'
	Deserialize:            0.469 ms
	Integration:            0.575 ms
	Integration of assets:  0.003 ms
	Thread Wait Time:       0.023 ms
	Total Operation Time:   1.070 ms
Loaded scene 'Library/Unused/75a1d25ceb7f84b419350d3266b8726d'
	Deserialize:            0.284 ms
	Integration:            0.555 ms
	Integration of assets:  0.001 ms
	Thread Wait Time:       0.017 ms
	Total Operation Time:   0.857 ms
Loaded scene 'Library/Unused/c30f592f4846ed8499bac3f2eb921999'
	Deserialize:            0.487 ms
	Integration:            0.630 ms
	Integration of assets:  0.003 ms
	Thread Wait Time:       0.021 ms
	Total Operation Time:   1.141 ms
Loaded scene 'Library/Unused/41c2145936841854bb12ea6157d921dc'
	Deserialize:            0.850 ms
	Integration:            0.816 ms
	Integration of assets:  0.003 ms
	Thread Wait Time:       0.042 ms
	Total Operation Time:   1.712 ms
Loaded scene 'Library/Unused/4c325df8bae8a5749b7cad1eeb2c30d1'
	Deserialize:            0.594 ms
	Integration:            0.557 ms
	Integration of assets:  0.002 ms
	Thread Wait Time:       0.028 ms
	Total Operation Time:   1.181 ms
Loaded scene 'Library/Unused/6da50fec5cdfaee43aaac1f3a08fc5bb'
	Deserialize:            0.408 ms
	Integration:            0.336 ms
	Integration of assets:  0.003 ms
	Thread Wait Time:       0.022 ms
	Total Operation Time:   0.769 ms
Loaded scene 'Library/Unused/4799b2f3f264fd843abdb62da95b749a'
	Deserialize:            0.546 ms
	Integration:            0.638 ms
	Integration of assets:  0.004 ms
	Thread Wait Time:       0.114 ms
	Total Operation Time:   1.301 ms
Loaded scene 'Library/Unused/9ce8f7e7768d4cb48967ab36c95ca4be'
	Deserialize:            0.896 ms
	Integration:            0.520 ms
	Integration of assets:  0.002 ms
	Thread Wait Time:       0.034 ms
	Total Operation Time:   1.452 ms
Loaded scene 'Library/Unused/9601daa024c73764cbfc34f22ad4350e'
	Deserialize:            1.085 ms
	Integration:            1.017 ms
	Integration of assets:  0.003 ms
	Thread Wait Time:       0.040 ms
	Total Operation Time:   2.145 ms
Loaded scene 'Library/Unused/295b77bd607ec974081faa349cd8be66'
	Deserialize:            1.314 ms
	Integration:            0.917 ms
	Integration of assets:  0.006 ms
	Thread Wait Time:       0.036 ms
	Total Operation Time:   2.273 ms
Loaded scene 'Library/Unused/b5a32dc42ca33ad4b9ef745156025cc5'
	Deserialize:            0.180 ms
	Integration:            0.295 ms
	Integration of assets:  0.002 ms
	Thread Wait Time:       0.016 ms
	Total Operation Time:   0.493 ms
Loaded scene 'Library/Unused/12b85084ea3b706469b961a7d2e2e012'
	Deserialize:            0.483 ms
	Integration:            0.652 ms
	Integration of assets:  0.004 ms
	Thread Wait Time:       0.033 ms
	Total Operation Time:   1.172 ms
Loaded scene 'Library/Unused/6f1a9e84b70a39a42a79d337e9f2e466'
	Deserialize:            0.273 ms
	Integration:            0.322 ms
	Integration of assets:  0.003 ms
	Thread Wait Time:       0.023 ms
	Total Operation Time:   0.621 ms
Loaded scene 'Library/Unused/ce171164a526ea840bcfb2cc63623c72'
	Deserialize:            0.175 ms
	Integration:            0.283 ms
	Integration of assets:  0.001 ms
	Thread Wait Time:       0.019 ms
	Total Operation Time:   0.478 ms
Loaded scene 'Library/Unused/4d284d247159bb1428ab244251bc3b56'
	Deserialize:            0.290 ms
	Integration:            0.277 ms
	Integration of assets:  0.002 ms
	Thread Wait Time:       0.029 ms
	Total Operation Time:   0.598 ms
Loaded scene 'Library/Unused/2b06cdde445bbd240907e070305b40ea'
	Deserialize:            0.194 ms
	Integration:            0.185 ms
	Integration of assets:  0.001 ms
	Thread Wait Time:       0.021 ms
	Total Operation Time:   0.401 ms
Loaded scene 'Library/Unused/005d915d4efd60f4489ffeb061aa1cac'
	Deserialize:            0.533 ms
	Integration:            0.714 ms
	Integration of assets:  0.003 ms
	Thread Wait Time:       0.027 ms
	Total Operation Time:   1.278 ms
Loaded scene 'Library/Unused/d3f31ca916b75a848906ae85e3d0a497'
	Deserialize:            0.294 ms
	Integration:            0.636 ms
	Integration of assets:  0.001 ms
	Thread Wait Time:       0.023 ms
	Total Operation Time:   0.955 ms
Loaded scene 'Library/Unused/e94d98b22ff104e46a33b2e86fa34ef6'
	Deserialize:            0.335 ms
	Integration:            0.662 ms
	Integration of assets:  0.001 ms
	Thread Wait Time:       0.021 ms
	Total Operation Time:   1.019 ms
Loaded scene 'Library/Unused/78cdfcc13bc266548b021d3e54701713'
	Deserialize:            0.207 ms
	Integration:            0.423 ms
	Integration of assets:  0.001 ms
	Thread Wait Time:       0.016 ms
	Total Operation Time:   0.647 ms
Loaded scene 'Library/Unused/40d8cc79b0cdff347b2f3aebb95a4c7e'
	Deserialize:            0.553 ms
	Integration:            0.987 ms
	Integration of assets:  0.004 ms
	Thread Wait Time:       0.045 ms
	Total Operation Time:   1.589 ms
Loaded scene 'Library/Unused/688d82c3add590d488b5f3d252fe90d7'
	Deserialize:            0.546 ms
	Integration:            0.581 ms
	Integration of assets:  0.002 ms
	Thread Wait Time:       0.038 ms
	Total Operation Time:   1.168 ms
Loaded scene 'Library/Unused/77339dc152074be47bd1dceb6440d3e5'
	Deserialize:            0.480 ms
	Integration:            0.630 ms
	Integration of assets:  0.002 ms
	Thread Wait Time:       0.034 ms
	Total Operation Time:   1.145 ms
Loaded scene 'Library/Unused/38d1ae92952537b4f9515e47b6d2dfeb'
	Deserialize:            0.437 ms
	Integration:            0.497 ms
	Integration of assets:  0.002 ms
	Thread Wait Time:       0.027 ms
	Total Operation Time:   0.964 ms
Loaded scene 'Library/Unused/aa29a08c2cdfddd4b8cde4e42b065331'
	Deserialize:            0.697 ms
	Integration:            0.583 ms
	Integration of assets:  0.002 ms
	Thread Wait Time:       0.031 ms
	Total Operation Time:   1.312 ms
Loaded scene 'Library/Unused/6c221b97161b50b419a32da7e19003d1'
	Deserialize:            1.234 ms
	Integration:            0.822 ms
	Integration of assets:  0.004 ms
	Thread Wait Time:       0.053 ms
	Total Operation Time:   2.113 ms
Loaded scene 'Library/Unused/0fdd38f80b8f38e46be2683a3928c608'
	Deserialize:            0.917 ms
	Integration:            0.599 ms
	Integration of assets:  0.003 ms
	Thread Wait Time:       0.031 ms
	Total Operation Time:   1.551 ms
Loaded scene 'Library/Unused/159b35b1eb51e7b47a458bfadd9e550d'
	Deserialize:            0.414 ms
	Integration:            0.506 ms
	Integration of assets:  0.003 ms
	Thread Wait Time:       0.025 ms
	Total Operation Time:   0.948 ms
Loaded scene 'Library/Unused/fb7087153303b5d439cc834f3984ea0d'
	Deserialize:            1.309 ms
	Integration:            1.074 ms
	Integration of assets:  0.004 ms
	Thread Wait Time:       0.056 ms
	Total Operation Time:   2.443 ms
Loaded scene 'Library/Unused/7a6f9fd4dc585484e8e594092a81c851'
	Deserialize:            0.572 ms
	Integration:            0.553 ms
	Integration of assets:  0.002 ms
	Thread Wait Time:       0.029 ms
	Total Operation Time:   1.156 ms
Loaded scene 'Library/Unused/d5f48d67f63c84742919fc2c878d2b97'
	Deserialize:            0.485 ms
	Integration:            0.409 ms
	Integration of assets:  0.002 ms
	Thread Wait Time:       0.038 ms
	Total Operation Time:   0.934 ms
Loaded scene 'Library/Unused/040a894d1e3344a43b2486602bafa54f'
	Deserialize:            1.366 ms
	Integration:            0.834 ms
	Integration of assets:  0.005 ms
	Thread Wait Time:       0.053 ms
	Total Operation Time:   2.258 ms
Loaded scene 'Library/Unused/e84a61e0d75fed540b32e6e0bc9cdac6'
	Deserialize:            1.010 ms
	Integration:            0.770 ms
	Integration of assets:  0.003 ms
	Thread Wait Time:       0.053 ms
	Total Operation Time:   1.836 ms
Loaded scene 'Library/Unused/a21526c6a8bfdac4bb60cb822d859698'
	Deserialize:            0.336 ms
	Integration:            0.650 ms
	Integration of assets:  0.002 ms
	Thread Wait Time:       0.117 ms
	Total Operation Time:   1.105 ms
Loaded scene 'Library/Unused/7307aac8ce13ff846b8817a715f5c211'
	Deserialize:            0.322 ms
	Integration:            0.489 ms
	Integration of assets:  0.003 ms
	Thread Wait Time:       0.028 ms
	Total Operation Time:   0.841 ms
Loaded scene 'Library/Unused/e38c2df79fb4e94489abba23fa4bcdda'
	Deserialize:            0.350 ms
	Integration:            0.610 ms
	Integration of assets:  0.003 ms
	Thread Wait Time:       0.028 ms
	Total Operation Time:   0.991 ms
Loaded scene 'Library/Unused/410699d235a767e40b258bdfbc029d93'
	Deserialize:            0.256 ms
	Integration:            0.287 ms
	Integration of assets:  0.002 ms
	Thread Wait Time:       0.020 ms
	Total Operation Time:   0.565 ms
Loaded scene 'Library/Unused/7d9391b039ee3294ab55ea1a7f3e4d7d'
	Deserialize:            0.551 ms
	Integration:            0.621 ms
	Integration of assets:  0.002 ms
	Thread Wait Time:       0.036 ms
	Total Operation Time:   1.210 ms
Loaded scene 'Library/Unused/9ba5d7c4d57e98b4696188198406c06d'
	Deserialize:            0.470 ms
	Integration:            0.479 ms
	Integration of assets:  0.002 ms
	Thread Wait Time:       0.037 ms
	Total Operation Time:   0.988 ms
Loaded scene 'Library/Unused/3c2c11cb3b318e54498dca2a7c14165c'
	Deserialize:            1.306 ms
	Integration:            0.548 ms
	Integration of assets:  0.002 ms
	Thread Wait Time:       0.033 ms
	Total Operation Time:   1.888 ms
Loaded scene 'Library/Unused/532693279ab696a46a1204e9b587c9de'
	Deserialize:            1.920 ms
	Integration:            1.143 ms
	Integration of assets:  0.002 ms
	Thread Wait Time:       0.084 ms
	Total Operation Time:   3.149 ms
Loaded scene 'Library/Unused/899ab77bd7f146a47ba6dda05dca3d0a'
	Deserialize:            1.154 ms
	Integration:            0.788 ms
	Integration of assets:  0.003 ms
	Thread Wait Time:       0.038 ms
	Total Operation Time:   1.982 ms
Opening scene 'Assets/_Project/Scenes/00_BOOTSTRAP.unity additively'
Loaded scene 'Assets/_Project/Scenes/00_BOOTSTRAP.unity'
	Deserialize:            10.270 ms
	Integration:            5.188 ms
	Integration of assets:  0.033 ms
	Thread Wait Time:       0.031 ms
	Total Operation Time:   15.522 ms
Opening scene 'Assets/_Project/Scenes/01_MAIN_MENU.unity additively'
Loaded scene 'Assets/_Project/Scenes/01_MAIN_MENU.unity'
	Deserialize:            47.650 ms
	Integration:            21.281 ms
	Integration of assets:  0.108 ms
	Thread Wait Time:       0.436 ms
	Total Operation Time:   69.475 ms
Opening scene 'Assets/_Project/Scenes/01_ORBIT.unity additively'
Loaded scene 'Assets/_Project/Scenes/01_ORBIT.unity'
	Deserialize:            1.910 ms
	Integration:            1.064 ms
	Integration of assets:  0.004 ms
	Thread Wait Time:       0.028 ms
	Total Operation Time:   3.006 ms
Opening scene 'Assets/_Project/Scenes/03_HECTON_WORLD_CREST5.unity additively'
[AcousticZoneController] MasterMixer effect graph has no authored acoustic processing beyond Attenuation. Runtime listener acoustic graph fallback is active until authored LPF/reverb processing exists.
UnityEngine.Debug:ExtractStackTraceNoAlloc (byte*,int,string)
UnityEngine.StackTraceUtility:ExtractStackTrace ()
UnityEngine.DebugLogHandler:Internal_Log (UnityEngine.LogType,UnityEngine.LogOption,string,UnityEngine.Object)
UnityEngine.DebugLogHandler:LogFormat (UnityEngine.LogType,UnityEngine.Object,string,object[])
UnityEngine.Logger:Log (UnityEngine.LogType,object,UnityEngine.Object)
UnityEngine.Debug:LogWarning (object,UnityEngine.Object)
Hecton8.Audio.AcousticZoneController:LogSnapshotFallbackWarningOnce (bool&,string) (at Assets/_Project/Scripts/AcousticZoneController.cs:2367)
Hecton8.Audio.AcousticZoneController:ValidateMixerAuthoringCoverage () (at Assets/_Project/Scripts/AcousticZoneController.cs:2563)
Hecton8.Audio.AcousticZoneController:EnsureSnapshotBindings () (at Assets/_Project/Scripts/AcousticZoneController.cs:2146)
Hecton8.Audio.AcousticZoneController:OnValidate () (at Assets/_Project/Scripts/AcousticZoneController.cs:2454)
UnityEditor.SceneManagement.EditorSceneManager:OpenScene (string,UnityEditor.SceneManagement.OpenSceneMode)
Hecton8.EditorTools.HectonPrefabIntegrityScanner:ScanSceneAssets (Hecton8.EditorTools.HectonPrefabIntegrityScanner/ScanResult,UnityEngine.GameObject) (at Assets/_Project/Scripts/Editor/HectonPrefabIntegrityScanner.cs:160)
Hecton8.EditorTools.HectonPrefabIntegrityScanner:ScanAndRepair () (at Assets/_Project/Scripts/Editor/HectonPrefabIntegrityScanner.cs:57)
Hecton8.EditorTools.HectonAssetPipelineAudit:RunFullAuditAndEmitLog () (at Assets/_Project/Scripts/Editor/HectonAssetPipelineAudit.cs:33)
Hecton8.EditorTools.HectonAssetPipelineAudit:RunFromMenu () (at Assets/_Project/Scripts/Editor/HectonAssetPipelineAudit.cs:22)
UnityEditor.EditorApplication:ExecuteMenuItemInternal (string,bool)
UnityEditor.EditorApplication:ExecuteMenuItem (string)
MCPForUnity.Editor.Tools.ExecuteMenuItem:HandleCommand (Newtonsoft.Json.Linq.JObject) (at ./Library/PackageCache/com.coplaydev.unity-mcp@d6e58c68cf4b/Editor/Tools/ExecuteMenuItem.cs:38)
MCPForUnity.Editor.Tools.CommandRegistry:ExecuteCommand (string,Newtonsoft.Json.Linq.JObject,System.Threading.Tasks.TaskCompletionSource`1<string>) (at ./Library/PackageCache/com.coplaydev.unity-mcp@d6e58c68cf4b/Editor/Tools/CommandRegistry.cs:236)
MCPForUnity.Editor.Services.Transport.TransportCommandDispatcher:ProcessCommand (string,MCPForUnity.Editor.Services.Transport.TransportCommandDispatcher/PendingCommand) (at ./Library/PackageCache/com.coplaydev.unity-mcp@d6e58c68cf4b/Editor/Services/Transport/TransportCommandDispatcher.cs:366)
MCPForUnity.Editor.Services.Transport.TransportCommandDispatcher:ProcessQueue () (at ./Library/PackageCache/com.coplaydev.unity-mcp@d6e58c68cf4b/Editor/Services/Transport/TransportCommandDispatcher.cs:262)
MCPForUnity.Editor.Services.Transport.TransportCommandDispatcher:<RequestMainThreadPump>g__Pump|11_0 () (at ./Library/PackageCache/com.coplaydev.unity-mcp@d6e58c68cf4b/Editor/Services/Transport/TransportCommandDispatcher.cs:184)
MCPForUnity.Editor.Services.Transport.TransportCommandDispatcher/<>c:<RequestMainThreadPump>b__11_1 (object) (at ./Library/PackageCache/com.coplaydev.unity-mcp@d6e58c68cf4b/Editor/Services/Transport/TransportCommandDispatcher.cs:189)
UnityEngine.UnitySynchronizationContext/WorkRequest:Invoke ()
UnityEngine.UnitySynchronizationContext:Exec ()
UnityEngine.UnitySynchronizationContext:ExecuteTasks ()

(Filename: Assets/_Project/Scripts/AcousticZoneController.cs Line: 2367)

SendMessage cannot be called during Awake, CheckConsistency, or OnValidate (Tab_Diagnostics: OnDidAddComponent)
UnityEngine.Debug:ExtractStackTraceNoAlloc (byte*,int,string)
UnityEngine.StackTraceUtility:ExtractStackTrace ()
UnityEngine.GameObject:Internal_CreateGameObject (UnityEngine.GameObject,string)
UnityEngine.GameObject:.ctor (string,System.Type[])
Hecton8.UI.PlayerPDA:EnsureRuntimeTab (UnityEngine.Transform,string,System.Type) (at Assets/_Project/Scripts/PlayerPDA.cs:376)
Hecton8.UI.PlayerPDA:AutoResolveTabs () (at Assets/_Project/Scripts/PlayerPDA.cs:348)
Hecton8.UI.PlayerPDA:OnValidate () (at Assets/_Project/Scripts/PlayerPDA.cs:298)
UnityEditor.SceneManagement.EditorSceneManager:OpenScene (string,UnityEditor.SceneManagement.OpenSceneMode)
Hecton8.EditorTools.HectonPrefabIntegrityScanner:ScanSceneAssets (Hecton8.EditorTools.HectonPrefabIntegrityScanner/ScanResult,UnityEngine.GameObject) (at Assets/_Project/Scripts/Editor/HectonPrefabIntegrityScanner.cs:160)
Hecton8.EditorTools.HectonPrefabIntegrityScanner:ScanAndRepair () (at Assets/_Project/Scripts/Editor/HectonPrefabIntegrityScanner.cs:57)
Hecton8.EditorTools.HectonAssetPipelineAudit:RunFullAuditAndEmitLog () (at Assets/_Project/Scripts/Editor/HectonAssetPipelineAudit.cs:33)
Hecton8.EditorTools.HectonAssetPipelineAudit:RunFromMenu () (at Assets/_Project/Scripts/Editor/HectonAssetPipelineAudit.cs:22)
UnityEditor.EditorApplication:ExecuteMenuItemInternal (string,bool)
UnityEditor.EditorApplication:ExecuteMenuItem (string)
MCPForUnity.Editor.Tools.ExecuteMenuItem:HandleCommand (Newtonsoft.Json.Linq.JObject) (at ./Library/PackageCache/com.coplaydev.unity-mcp@d6e58c68cf4b/Editor/Tools/ExecuteMenuItem.cs:38)
MCPForUnity.Editor.Tools.CommandRegistry:ExecuteCommand (string,Newtonsoft.Json.Linq.JObject,System.Threading.Tasks.TaskCompletionSource`1<string>) (at ./Library/PackageCache/com.coplaydev.unity-mcp@d6e58c68cf4b/Editor/Tools/CommandRegistry.cs:236)
MCPForUnity.Editor.Services.Transport.TransportCommandDispatcher:ProcessCommand (string,MCPForUnity.Editor.Services.Transport.TransportCommandDispatcher/PendingCommand) (at ./Library/PackageCache/com.coplaydev.unity-mcp@d6e58c68cf4b/Editor/Services/Transport/TransportCommandDispatcher.cs:366)
MCPForUnity.Editor.Services.Transport.TransportCommandDispatcher:ProcessQueue () (at ./Library/PackageCache/com.coplaydev.unity-mcp@d6e58c68cf4b/Editor/Services/Transport/TransportCommandDispatcher.cs:262)
MCPForUnity.Editor.Services.Transport.TransportCommandDispatcher:<RequestMainThreadPump>g__Pump|11_0 () (at ./Library/PackageCache/com.coplaydev.unity-mcp@d6e58c68cf4b/Editor/Services/Transport/TransportCommandDispatcher.cs:184)
MCPForUnity.Editor.Services.Transport.TransportCommandDispatcher/<>c:<RequestMainThreadPump>b__11_1 (object) (at ./Library/PackageCache/com.coplaydev.unity-mcp@d6e58c68cf4b/Editor/Services/Transport/TransportCommandDispatcher.cs:189)
UnityEngine.UnitySynchronizationContext/WorkRequest:Invoke ()
UnityEngine.UnitySynchronizationContext:Exec ()
UnityEngine.UnitySynchronizationContext:ExecuteTasks ()

[Assets/_Project/Scripts/PlayerPDA.cs line 376]

SendMessage cannot be called during Awake, CheckConsistency, or OnValidate (Tab_Diagnostics: OnRectTransformDimensionsChange)
UnityEngine.Debug:ExtractStackTraceNoAlloc (byte*,int,string)
UnityEngine.StackTraceUtility:ExtractStackTrace ()
UnityEngine.GameObject:Internal_AddComponentWithType (System.Type)
UnityEngine.GameObject:AddComponent (System.Type)
UnityEngine.GameObject:.ctor (string,System.Type[])
Hecton8.UI.PlayerPDA:EnsureRuntimeTab (UnityEngine.Transform,string,System.Type) (at Assets/_Project/Scripts/PlayerPDA.cs:376)
Hecton8.UI.PlayerPDA:AutoResolveTabs () (at Assets/_Project/Scripts/PlayerPDA.cs:348)
Hecton8.UI.PlayerPDA:OnValidate () (at Assets/_Project/Scripts/PlayerPDA.cs:298)
UnityEditor.SceneManagement.EditorSceneManager:OpenScene (string,UnityEditor.SceneManagement.OpenSceneMode)
Hecton8.EditorTools.HectonPrefabIntegrityScanner:ScanSceneAssets (Hecton8.EditorTools.HectonPrefabIntegrityScanner/ScanResult,UnityEngine.GameObject) (at Assets/_Project/Scripts/Editor/HectonPrefabIntegrityScanner.cs:160)
Hecton8.EditorTools.HectonPrefabIntegrityScanner:ScanAndRepair () (at Assets/_Project/Scripts/Editor/HectonPrefabIntegrityScanner.cs:57)
Hecton8.EditorTools.HectonAssetPipelineAudit:RunFullAuditAndEmitLog () (at Assets/_Project/Scripts/Editor/HectonAssetPipelineAudit.cs:33)
Hecton8.EditorTools.HectonAssetPipelineAudit:RunFromMenu () (at Assets/_Project/Scripts/Editor/HectonAssetPipelineAudit.cs:22)
UnityEditor.EditorApplication:ExecuteMenuItemInternal (string,bool)
UnityEditor.EditorApplication:ExecuteMenuItem (string)
MCPForUnity.Editor.Tools.ExecuteMenuItem:HandleCommand (Newtonsoft.Json.Linq.JObject) (at ./Library/PackageCache/com.coplaydev.unity-mcp@d6e58c68cf4b/Editor/Tools/ExecuteMenuItem.cs:38)
MCPForUnity.Editor.Tools.CommandRegistry:ExecuteCommand (string,Newtonsoft.Json.Linq.JObject,System.Threading.Tasks.TaskCompletionSource`1<string>) (at ./Library/PackageCache/com.coplaydev.unity-mcp@d6e58c68cf4b/Editor/Tools/CommandRegistry.cs:236)
MCPForUnity.Editor.Services.Transport.TransportCommandDispatcher:ProcessCommand (string,MCPForUnity.Editor.Services.Transport.TransportCommandDispatcher/PendingCommand) (at ./Library/PackageCache/com.coplaydev.unity-mcp@d6e58c68cf4b/Editor/Services/Transport/TransportCommandDispatcher.cs:366)
MCPForUnity.Editor.Services.Transport.TransportCommandDispatcher:ProcessQueue () (at ./Library/PackageCache/com.coplaydev.unity-mcp@d6e58c68cf4b/Editor/Services/Transport/TransportCommandDispatcher.cs:262)
MCPForUnity.Editor.Services.Transport.TransportCommandDispatcher:<RequestMainThreadPump>g__Pump|11_0 () (at ./Library/PackageCache/com.coplaydev.unity-mcp@d6e58c68cf4b/Editor/Services/Transport/TransportCommandDispatcher.cs:184)
MCPForUnity.Editor.Services.Transport.TransportCommandDispatcher/<>c:<RequestMainThreadPump>b__11_1 (object) (at ./Library/PackageCache/com.coplaydev.unity-mcp@d6e58c68cf4b/Editor/Services/Transport/TransportCommandDispatcher.cs:189)
UnityEngine.UnitySynchronizationContext/WorkRequest:Invoke ()
UnityEngine.UnitySynchronizationContext:Exec ()
UnityEngine.UnitySynchronizationContext:ExecuteTasks ()

[Assets/_Project/Scripts/PlayerPDA.cs line 376]

SendMessage cannot be called during Awake, CheckConsistency, or OnValidate (Tab_Diagnostics: OnDidAddComponent)
UnityEngine.Debug:ExtractStackTraceNoAlloc (byte*,int,string)
UnityEngine.StackTraceUtility:ExtractStackTrace ()
UnityEngine.GameObject:Internal_AddComponentWithType (System.Type)
UnityEngine.GameObject:AddComponent (System.Type)
UnityEngine.GameObject:.ctor (string,System.Type[])
Hecton8.UI.PlayerPDA:EnsureRuntimeTab (UnityEngine.Transform,string,System.Type) (at Assets/_Project/Scripts/PlayerPDA.cs:376)
Hecton8.UI.PlayerPDA:AutoResolveTabs () (at Assets/_Project/Scripts/PlayerPDA.cs:348)
Hecton8.UI.PlayerPDA:OnValidate () (at Assets/_Project/Scripts/PlayerPDA.cs:298)
UnityEditor.SceneManagement.EditorSceneManager:OpenScene (string,UnityEditor.SceneManagement.OpenSceneMode)
Hecton8.EditorTools.HectonPrefabIntegrityScanner:ScanSceneAssets (Hecton8.EditorTools.HectonPrefabIntegrityScanner/ScanResult,UnityEngine.GameObject) (at Assets/_Project/Scripts/Editor/HectonPrefabIntegrityScanner.cs:160)
Hecton8.EditorTools.HectonPrefabIntegrityScanner:ScanAndRepair () (at Assets/_Project/Scripts/Editor/HectonPrefabIntegrityScanner.cs:57)
Hecton8.EditorTools.HectonAssetPipelineAudit:RunFullAuditAndEmitLog () (at Assets/_Project/Scripts/Editor/HectonAssetPipelineAudit.cs:33)
Hecton8.EditorTools.HectonAssetPipelineAudit:RunFromMenu () (at Assets/_Project/Scripts/Editor/HectonAssetPipelineAudit.cs:22)
UnityEditor.EditorApplication:ExecuteMenuItemInternal (string,bool)
UnityEditor.EditorApplication:ExecuteMenuItem (string)
MCPForUnity.Editor.Tools.ExecuteMenuItem:HandleCommand (Newtonsoft.Json.Linq.JObject) (at ./Library/PackageCache/com.coplaydev.unity-mcp@d6e58c68cf4b/Editor/Tools/ExecuteMenuItem.cs:38)
MCPForUnity.Editor.Tools.CommandRegistry:ExecuteCommand (string,Newtonsoft.Json.Linq.JObject,System.Threading.Tasks.TaskCompletionSource`1<string>) (at ./Library/PackageCache/com.coplaydev.unity-mcp@d6e58c68cf4b/Editor/Tools/CommandRegistry.cs:236)
MCPForUnity.Editor.Services.Transport.TransportCommandDispatcher:ProcessCommand (string,MCPForUnity.Editor.Services.Transport.TransportCommandDispatcher/PendingCommand) (at ./Library/PackageCache/com.coplaydev.unity-mcp@d6e58c68cf4b/Editor/Services/Transport/TransportCommandDispatcher.cs:366)
MCPForUnity.Editor.Services.Transport.TransportCommandDispatcher:ProcessQueue () (at ./Library/PackageCache/com.coplaydev.unity-mcp@d6e58c68cf4b/Editor/Services/Transport/TransportCommandDispatcher.cs:262)
MCPForUnity.Editor.Services.Transport.TransportCommandDispatcher:<RequestMainThreadPump>g__Pump|11_0 () (at ./Library/PackageCache/com.coplaydev.unity-mcp@d6e58c68cf4b/Editor/Services/Transport/TransportCommandDispatcher.cs:184)
MCPForUnity.Editor.Services.Transport.TransportCommandDispatcher/<>c:<RequestMainThreadPump>b__11_1 (object) (at ./Library/PackageCache/com.coplaydev.unity-mcp@d6e58c68cf4b/Editor/Services/Transport/TransportCommandDispatcher.cs:189)
UnityEngine.UnitySynchronizationContext/WorkRequest:Invoke ()
UnityEngine.UnitySynchronizationContext:Exec ()
UnityEngine.UnitySynchronizationContext:ExecuteTasks ()

[Assets/_Project/Scripts/PlayerPDA.cs line 376]

SendMessage cannot be called during Awake, CheckConsistency, or OnValidate (Tab_Diagnostics: OnLayersChanged)
UnityEngine.Debug:ExtractStackTraceNoAlloc (byte*,int,string)
UnityEngine.StackTraceUtility:ExtractStackTrace ()
UnityEngine.GameObject:set_layer (int)
Hecton8.UI.PlayerPDA:EnsureRuntimeTab (UnityEngine.Transform,string,System.Type) (at Assets/_Project/Scripts/PlayerPDA.cs:377)
Hecton8.UI.PlayerPDA:AutoResolveTabs () (at Assets/_Project/Scripts/PlayerPDA.cs:348)
Hecton8.UI.PlayerPDA:OnValidate () (at Assets/_Project/Scripts/PlayerPDA.cs:298)
UnityEditor.SceneManagement.EditorSceneManager:OpenScene (string,UnityEditor.SceneManagement.OpenSceneMode)
Hecton8.EditorTools.HectonPrefabIntegrityScanner:ScanSceneAssets (Hecton8.EditorTools.HectonPrefabIntegrityScanner/ScanResult,UnityEngine.GameObject) (at Assets/_Project/Scripts/Editor/HectonPrefabIntegrityScanner.cs:160)
Hecton8.EditorTools.HectonPrefabIntegrityScanner:ScanAndRepair () (at Assets/_Project/Scripts/Editor/HectonPrefabIntegrityScanner.cs:57)
Hecton8.EditorTools.HectonAssetPipelineAudit:RunFullAuditAndEmitLog () (at Assets/_Project/Scripts/Editor/HectonAssetPipelineAudit.cs:33)
Hecton8.EditorTools.HectonAssetPipelineAudit:RunFromMenu () (at Assets/_Project/Scripts/Editor/HectonAssetPipelineAudit.cs:22)
UnityEditor.EditorApplication:ExecuteMenuItemInternal (string,bool)
UnityEditor.EditorApplication:ExecuteMenuItem (string)
MCPForUnity.Editor.Tools.ExecuteMenuItem:HandleCommand (Newtonsoft.Json.Linq.JObject) (at ./Library/PackageCache/com.coplaydev.unity-mcp@d6e58c68cf4b/Editor/Tools/ExecuteMenuItem.cs:38)
MCPForUnity.Editor.Tools.CommandRegistry:ExecuteCommand (string,Newtonsoft.Json.Linq.JObject,System.Threading.Tasks.TaskCompletionSource`1<string>) (at ./Library/PackageCache/com.coplaydev.unity-mcp@d6e58c68cf4b/Editor/Tools/CommandRegistry.cs:236)
MCPForUnity.Editor.Services.Transport.TransportCommandDispatcher:ProcessCommand (string,MCPForUnity.Editor.Services.Transport.TransportCommandDispatcher/PendingCommand) (at ./Library/PackageCache/com.coplaydev.unity-mcp@d6e58c68cf4b/Editor/Services/Transport/TransportCommandDispatcher.cs:366)
MCPForUnity.Editor.Services.Transport.TransportCommandDispatcher:ProcessQueue () (at ./Library/PackageCache/com.coplaydev.unity-mcp@d6e58c68cf4b/Editor/Services/Transport/TransportCommandDispatcher.cs:262)
MCPForUnity.Editor.Services.Transport.TransportCommandDispatcher:<RequestMainThreadPump>g__Pump|11_0 () (at ./Library/PackageCache/com.coplaydev.unity-mcp@d6e58c68cf4b/Editor/Services/Transport/TransportCommandDispatcher.cs:184)
MCPForUnity.Editor.Services.Transport.TransportCommandDispatcher/<>c:<RequestMainThreadPump>b__11_1 (object) (at ./Library/PackageCache/com.coplaydev.unity-mcp@d6e58c68cf4b/Editor/Services/Transport/TransportCommandDispatcher.cs:189)
UnityEngine.UnitySynchronizationContext/WorkRequest:Invoke ()
UnityEngine.UnitySynchronizationContext:Exec ()
UnityEngine.UnitySynchronizationContext:ExecuteTasks ()

[Assets/_Project/Scripts/PlayerPDA.cs line 377]

SendMessage cannot be called during Awake, CheckConsistency, or OnValidate (Tab_Diagnostics: OnBeforeTransformParentChanged)
UnityEngine.Debug:ExtractStackTraceNoAlloc (byte*,int,string)
UnityEngine.StackTraceUtility:ExtractStackTrace ()
UnityEngine.Transform:SetParent (UnityEngine.Transform,bool)
Hecton8.UI.PlayerPDA:EnsureRuntimeTab (UnityEngine.Transform,string,System.Type) (at Assets/_Project/Scripts/PlayerPDA.cs:379)
Hecton8.UI.PlayerPDA:AutoResolveTabs () (at Assets/_Project/Scripts/PlayerPDA.cs:348)
Hecton8.UI.PlayerPDA:OnValidate () (at Assets/_Project/Scripts/PlayerPDA.cs:298)
UnityEditor.SceneManagement.EditorSceneManager:OpenScene (string,UnityEditor.SceneManagement.OpenSceneMode)
Hecton8.EditorTools.HectonPrefabIntegrityScanner:ScanSceneAssets (Hecton8.EditorTools.HectonPrefabIntegrityScanner/ScanResult,UnityEngine.GameObject) (at Assets/_Project/Scripts/Editor/HectonPrefabIntegrityScanner.cs:160)
Hecton8.EditorTools.HectonPrefabIntegrityScanner:ScanAndRepair () (at Assets/_Project/Scripts/Editor/HectonPrefabIntegrityScanner.cs:57)
Hecton8.EditorTools.HectonAssetPipelineAudit:RunFullAuditAndEmitLog () (at Assets/_Project/Scripts/Editor/HectonAssetPipelineAudit.cs:33)
Hecton8.EditorTools.HectonAssetPipelineAudit:RunFromMenu () (at Assets/_Project/Scripts/Editor/HectonAssetPipelineAudit.cs:22)
UnityEditor.EditorApplication:ExecuteMenuItemInternal (string,bool)
UnityEditor.EditorApplication:ExecuteMenuItem (string)
MCPForUnity.Editor.Tools.ExecuteMenuItem:HandleCommand (Newtonsoft.Json.Linq.JObject) (at ./Library/PackageCache/com.coplaydev.unity-mcp@d6e58c68cf4b/Editor/Tools/ExecuteMenuItem.cs:38)
MCPForUnity.Editor.Tools.CommandRegistry:ExecuteCommand (string,Newtonsoft.Json.Linq.JObject,System.Threading.Tasks.TaskCompletionSource`1<string>) (at ./Library/PackageCache/com.coplaydev.unity-mcp@d6e58c68cf4b/Editor/Tools/CommandRegistry.cs:236)
MCPForUnity.Editor.Services.Transport.TransportCommandDispatcher:ProcessCommand (string,MCPForUnity.Editor.Services.Transport.TransportCommandDispatcher/PendingCommand) (at ./Library/PackageCache/com.coplaydev.unity-mcp@d6e58c68cf4b/Editor/Services/Transport/TransportCommandDispatcher.cs:366)
MCPForUnity.Editor.Services.Transport.TransportCommandDispatcher:ProcessQueue () (at ./Library/PackageCache/com.coplaydev.unity-mcp@d6e58c68cf4b/Editor/Services/Transport/TransportCommandDispatcher.cs:262)
MCPForUnity.Editor.Services.Transport.TransportCommandDispatcher:<RequestMainThreadPump>g__Pump|11_0 () (at ./Library/PackageCache/com.coplaydev.unity-mcp@d6e58c68cf4b/Editor/Services/Transport/TransportCommandDispatcher.cs:184)
MCPForUnity.Editor.Services.Transport.TransportCommandDispatcher/<>c:<RequestMainThreadPump>b__11_1 (object) (at ./Library/PackageCache/com.coplaydev.unity-mcp@d6e58c68cf4b/Editor/Services/Transport/TransportCommandDispatcher.cs:189)
UnityEngine.UnitySynchronizationContext/WorkRequest:Invoke ()
UnityEngine.UnitySynchronizationContext:Exec ()
UnityEngine.UnitySynchronizationContext:ExecuteTasks ()

[Assets/_Project/Scripts/PlayerPDA.cs line 379]

SendMessage cannot be called during Awake, CheckConsistency, or OnValidate (Tab_Diagnostics: OnTransformParentChanged)
UnityEngine.Debug:ExtractStackTraceNoAlloc (byte*,int,string)
UnityEngine.StackTraceUtility:ExtractStackTrace ()
UnityEngine.Transform:SetParent (UnityEngine.Transform,bool)
Hecton8.UI.PlayerPDA:EnsureRuntimeTab (UnityEngine.Transform,string,System.Type) (at Assets/_Project/Scripts/PlayerPDA.cs:379)
Hecton8.UI.PlayerPDA:AutoResolveTabs () (at Assets/_Project/Scripts/PlayerPDA.cs:348)
Hecton8.UI.PlayerPDA:OnValidate () (at Assets/_Project/Scripts/PlayerPDA.cs:298)
UnityEditor.SceneManagement.EditorSceneManager:OpenScene (string,UnityEditor.SceneManagement.OpenSceneMode)
Hecton8.EditorTools.HectonPrefabIntegrityScanner:ScanSceneAssets (Hecton8.EditorTools.HectonPrefabIntegrityScanner/ScanResult,UnityEngine.GameObject) (at Assets/_Project/Scripts/Editor/HectonPrefabIntegrityScanner.cs:160)
Hecton8.EditorTools.HectonPrefabIntegrityScanner:ScanAndRepair () (at Assets/_Project/Scripts/Editor/HectonPrefabIntegrityScanner.cs:57)
Hecton8.EditorTools.HectonAssetPipelineAudit:RunFullAuditAndEmitLog () (at Assets/_Project/Scripts/Editor/HectonAssetPipelineAudit.cs:33)
Hecton8.EditorTools.HectonAssetPipelineAudit:RunFromMenu () (at Assets/_Project/Scripts/Editor/HectonAssetPipelineAudit.cs:22)
UnityEditor.EditorApplication:ExecuteMenuItemInternal (string,bool)
UnityEditor.EditorApplication:ExecuteMenuItem (string)
MCPForUnity.Editor.Tools.ExecuteMenuItem:HandleCommand (Newtonsoft.Json.Linq.JObject) (at ./Library/PackageCache/com.coplaydev.unity-mcp@d6e58c68cf4b/Editor/Tools/ExecuteMenuItem.cs:38)
MCPForUnity.Editor.Tools.CommandRegistry:ExecuteCommand (string,Newtonsoft.Json.Linq.JObject,System.Threading.Tasks.TaskCompletionSource`1<string>) (at ./Library/PackageCache/com.coplaydev.unity-mcp@d6e58c68cf4b/Editor/Tools/CommandRegistry.cs:236)
MCPForUnity.Editor.Services.Transport.TransportCommandDispatcher:ProcessCommand (string,MCPForUnity.Editor.Services.Transport.TransportCommandDispatcher/PendingCommand) (at ./Library/PackageCache/com.coplaydev.unity-mcp@d6e58c68cf4b/Editor/Services/Transport/TransportCommandDispatcher.cs:366)
MCPForUnity.Editor.Services.Transport.TransportCommandDispatcher:ProcessQueue () (at ./Library/PackageCache/com.coplaydev.unity-mcp@d6e58c68cf4b/Editor/Services/Transport/TransportCommandDispatcher.cs:262)
MCPForUnity.Editor.Services.Transport.TransportCommandDispatcher:<RequestMainThreadPump>g__Pump|11_0 () (at ./Library/PackageCache/com.coplaydev.unity-mcp@d6e58c68cf4b/Editor/Services/Transport/TransportCommandDispatcher.cs:184)
MCPForUnity.Editor.Services.Transport.TransportCommandDispatcher/<>c:<RequestMainThreadPump>b__11_1 (object) (at ./Library/PackageCache/com.coplaydev.unity-mcp@d6e58c68cf4b/Editor/Services/Transport/TransportCommandDispatcher.cs:189)
UnityEngine.UnitySynchronizationContext/WorkRequest:Invoke ()
UnityEngine.UnitySynchronizationContext:Exec ()
UnityEngine.UnitySynchronizationContext:ExecuteTasks ()

[Assets/_Project/Scripts/PlayerPDA.cs line 379]

SendMessage cannot be called during Awake, CheckConsistency, or OnValidate (PDA_Panel: OnTransformChildrenChanged)
UnityEngine.Debug:ExtractStackTraceNoAlloc (byte*,int,string)
UnityEngine.StackTraceUtility:ExtractStackTrace ()
UnityEngine.Transform:SetParent (UnityEngine.Transform,bool)
Hecton8.UI.PlayerPDA:EnsureRuntimeTab (UnityEngine.Transform,string,System.Type) (at Assets/_Project/Scripts/PlayerPDA.cs:379)
Hecton8.UI.PlayerPDA:AutoResolveTabs () (at Assets/_Project/Scripts/PlayerPDA.cs:348)
Hecton8.UI.PlayerPDA:OnValidate () (at Assets/_Project/Scripts/PlayerPDA.cs:298)
UnityEditor.SceneManagement.EditorSceneManager:OpenScene (string,UnityEditor.SceneManagement.OpenSceneMode)
Hecton8.EditorTools.HectonPrefabIntegrityScanner:ScanSceneAssets (Hecton8.EditorTools.HectonPrefabIntegrityScanner/ScanResult,UnityEngine.GameObject) (at Assets/_Project/Scripts/Editor/HectonPrefabIntegrityScanner.cs:160)
Hecton8.EditorTools.HectonPrefabIntegrityScanner:ScanAndRepair () (at Assets/_Project/Scripts/Editor/HectonPrefabIntegrityScanner.cs:57)
Hecton8.EditorTools.HectonAssetPipelineAudit:RunFullAuditAndEmitLog () (at Assets/_Project/Scripts/Editor/HectonAssetPipelineAudit.cs:33)
Hecton8.EditorTools.HectonAssetPipelineAudit:RunFromMenu () (at Assets/_Project/Scripts/Editor/HectonAssetPipelineAudit.cs:22)
UnityEditor.EditorApplication:ExecuteMenuItemInternal (string,bool)
UnityEditor.EditorApplication:ExecuteMenuItem (string)
MCPForUnity.Editor.Tools.ExecuteMenuItem:HandleCommand (Newtonsoft.Json.Linq.JObject) (at ./Library/PackageCache/com.coplaydev.unity-mcp@d6e58c68cf4b/Editor/Tools/ExecuteMenuItem.cs:38)
MCPForUnity.Editor.Tools.CommandRegistry:ExecuteCommand (string,Newtonsoft.Json.Linq.JObject,System.Threading.Tasks.TaskCompletionSource`1<string>) (at ./Library/PackageCache/com.coplaydev.unity-mcp@d6e58c68cf4b/Editor/Tools/CommandRegistry.cs:236)
MCPForUnity.Editor.Services.Transport.TransportCommandDispatcher:ProcessCommand (string,MCPForUnity.Editor.Services.Transport.TransportCommandDispatcher/PendingCommand) (at ./Library/PackageCache/com.coplaydev.unity-mcp@d6e58c68cf4b/Editor/Services/Transport/TransportCommandDispatcher.cs:366)
MCPForUnity.Editor.Services.Transport.TransportCommandDispatcher:ProcessQueue () (at ./Library/PackageCache/com.coplaydev.unity-mcp@d6e58c68cf4b/Editor/Services/Transport/TransportCommandDispatcher.cs:262)
MCPForUnity.Editor.Services.Transport.TransportCommandDispatcher:<RequestMainThreadPump>g__Pump|11_0 () (at ./Library/PackageCache/com.coplaydev.unity-mcp@d6e58c68cf4b/Editor/Services/Transport/TransportCommandDispatcher.cs:184)
MCPForUnity.Editor.Services.Transport.TransportCommandDispatcher/<>c:<RequestMainThreadPump>b__11_1 (object) (at ./Library/PackageCache/com.coplaydev.unity-mcp@d6e58c68cf4b/Editor/Services/Transport/TransportCommandDispatcher.cs:189)
UnityEngine.UnitySynchronizationContext/WorkRequest:Invoke ()
UnityEngine.UnitySynchronizationContext:Exec ()
UnityEngine.UnitySynchronizationContext:ExecuteTasks ()

[Assets/_Project/Scripts/PlayerPDA.cs line 379]

SendMessage cannot be called during Awake, CheckConsistency, or OnValidate (Tab_Diagnostics: OnRectTransformDimensionsChange)
UnityEngine.Debug:ExtractStackTraceNoAlloc (byte*,int,string)
UnityEngine.StackTraceUtility:ExtractStackTrace ()
UnityEngine.RectTransform:set_anchorMin (UnityEngine.Vector2)
Hecton8.UI.PlayerPDA:EnsureRuntimeTab (UnityEngine.Transform,string,System.Type) (at Assets/_Project/Scripts/PlayerPDA.cs:380)
Hecton8.UI.PlayerPDA:AutoResolveTabs () (at Assets/_Project/Scripts/PlayerPDA.cs:348)
Hecton8.UI.PlayerPDA:OnValidate () (at Assets/_Project/Scripts/PlayerPDA.cs:298)
UnityEditor.SceneManagement.EditorSceneManager:OpenScene (string,UnityEditor.SceneManagement.OpenSceneMode)
Hecton8.EditorTools.HectonPrefabIntegrityScanner:ScanSceneAssets (Hecton8.EditorTools.HectonPrefabIntegrityScanner/ScanResult,UnityEngine.GameObject) (at Assets/_Project/Scripts/Editor/HectonPrefabIntegrityScanner.cs:160)
Hecton8.EditorTools.HectonPrefabIntegrityScanner:ScanAndRepair () (at Assets/_Project/Scripts/Editor/HectonPrefabIntegrityScanner.cs:57)
Hecton8.EditorTools.HectonAssetPipelineAudit:RunFullAuditAndEmitLog () (at Assets/_Project/Scripts/Editor/HectonAssetPipelineAudit.cs:33)
Hecton8.EditorTools.HectonAssetPipelineAudit:RunFromMenu () (at Assets/_Project/Scripts/Editor/HectonAssetPipelineAudit.cs:22)
UnityEditor.EditorApplication:ExecuteMenuItemInternal (string,bool)
UnityEditor.EditorApplication:ExecuteMenuItem (string)
MCPForUnity.Editor.Tools.ExecuteMenuItem:HandleCommand (Newtonsoft.Json.Linq.JObject) (at ./Library/PackageCache/com.coplaydev.unity-mcp@d6e58c68cf4b/Editor/Tools/ExecuteMenuItem.cs:38)
MCPForUnity.Editor.Tools.CommandRegistry:ExecuteCommand (string,Newtonsoft.Json.Linq.JObject,System.Threading.Tasks.TaskCompletionSource`1<string>) (at ./Library/PackageCache/com.coplaydev.unity-mcp@d6e58c68cf4b/Editor/Tools/CommandRegistry.cs:236)
MCPForUnity.Editor.Services.Transport.TransportCommandDispatcher:ProcessCommand (string,MCPForUnity.Editor.Services.Transport.TransportCommandDispatcher/PendingCommand) (at ./Library/PackageCache/com.coplaydev.unity-mcp@d6e58c68cf4b/Editor/Services/Transport/TransportCommandDispatcher.cs:366)
MCPForUnity.Editor.Services.Transport.TransportCommandDispatcher:ProcessQueue () (at ./Library/PackageCache/com.coplaydev.unity-mcp@d6e58c68cf4b/Editor/Services/Transport/TransportCommandDispatcher.cs:262)
MCPForUnity.Editor.Services.Transport.TransportCommandDispatcher:<RequestMainThreadPump>g__Pump|11_0 () (at ./Library/PackageCache/com.coplaydev.unity-mcp@d6e58c68cf4b/Editor/Services/Transport/TransportCommandDispatcher.cs:184)
MCPForUnity.Editor.Services.Transport.TransportCommandDispatcher/<>c:<RequestMainThreadPump>b__11_1 (object) (at ./Library/PackageCache/com.coplaydev.unity-mcp@d6e58c68cf4b/Editor/Services/Transport/TransportCommandDispatcher.cs:189)
UnityEngine.UnitySynchronizationContext/WorkRequest:Invoke ()
UnityEngine.UnitySynchronizationContext:Exec ()
UnityEngine.UnitySynchronizationContext:ExecuteTasks ()

[Assets/_Project/Scripts/PlayerPDA.cs line 380]

SendMessage cannot be called during Awake, CheckConsistency, or OnValidate (Tab_Diagnostics: OnRectTransformDimensionsChange)
UnityEngine.Debug:ExtractStackTraceNoAlloc (byte*,int,string)
UnityEngine.StackTraceUtility:ExtractStackTrace ()
UnityEngine.RectTransform:set_anchorMax (UnityEngine.Vector2)
Hecton8.UI.PlayerPDA:EnsureRuntimeTab (UnityEngine.Transform,string,System.Type) (at Assets/_Project/Scripts/PlayerPDA.cs:381)
Hecton8.UI.PlayerPDA:AutoResolveTabs () (at Assets/_Project/Scripts/PlayerPDA.cs:348)
Hecton8.UI.PlayerPDA:OnValidate () (at Assets/_Project/Scripts/PlayerPDA.cs:298)
UnityEditor.SceneManagement.EditorSceneManager:OpenScene (string,UnityEditor.SceneManagement.OpenSceneMode)
Hecton8.EditorTools.HectonPrefabIntegrityScanner:ScanSceneAssets (Hecton8.EditorTools.HectonPrefabIntegrityScanner/ScanResult,UnityEngine.GameObject) (at Assets/_Project/Scripts/Editor/HectonPrefabIntegrityScanner.cs:160)
Hecton8.EditorTools.HectonPrefabIntegrityScanner:ScanAndRepair () (at Assets/_Project/Scripts/Editor/HectonPrefabIntegrityScanner.cs:57)
Hecton8.EditorTools.HectonAssetPipelineAudit:RunFullAuditAndEmitLog () (at Assets/_Project/Scripts/Editor/HectonAssetPipelineAudit.cs:33)
Hecton8.EditorTools.HectonAssetPipelineAudit:RunFromMenu () (at Assets/_Project/Scripts/Editor/HectonAssetPipelineAudit.cs:22)
UnityEditor.EditorApplication:ExecuteMenuItemInternal (string,bool)
UnityEditor.EditorApplication:ExecuteMenuItem (string)
MCPForUnity.Editor.Tools.ExecuteMenuItem:HandleCommand (Newtonsoft.Json.Linq.JObject) (at ./Library/PackageCache/com.coplaydev.unity-mcp@d6e58c68cf4b/Editor/Tools/ExecuteMenuItem.cs:38)
MCPForUnity.Editor.Tools.CommandRegistry:ExecuteCommand (string,Newtonsoft.Json.Linq.JObject,System.Threading.Tasks.TaskCompletionSource`1<string>) (at ./Library/PackageCache/com.coplaydev.unity-mcp@d6e58c68cf4b/Editor/Tools/CommandRegistry.cs:236)
MCPForUnity.Editor.Services.Transport.TransportCommandDispatcher:ProcessCommand (string,MCPForUnity.Editor.Services.Transport.TransportCommandDispatcher/PendingCommand) (at ./Library/PackageCache/com.coplaydev.unity-mcp@d6e58c68cf4b/Editor/Services/Transport/TransportCommandDispatcher.cs:366)
MCPForUnity.Editor.Services.Transport.TransportCommandDispatcher:ProcessQueue () (at ./Library/PackageCache/com.coplaydev.unity-mcp@d6e58c68cf4b/Editor/Services/Transport/TransportCommandDispatcher.cs:262)
MCPForUnity.Editor.Services.Transport.TransportCommandDispatcher:<RequestMainThreadPump>g__Pump|11_0 () (at ./Library/PackageCache/com.coplaydev.unity-mcp@d6e58c68cf4b/Editor/Services/Transport/TransportCommandDispatcher.cs:184)
MCPForUnity.Editor.Services.Transport.TransportCommandDispatcher/<>c:<RequestMainThreadPump>b__11_1 (object) (at ./Library/PackageCache/com.coplaydev.unity-mcp@d6e58c68cf4b/Editor/Services/Transport/TransportCommandDispatcher.cs:189)
UnityEngine.UnitySynchronizationContext/WorkRequest:Invoke ()
UnityEngine.UnitySynchronizationContext:Exec ()
UnityEngine.UnitySynchronizationContext:ExecuteTasks ()

[Assets/_Project/Scripts/PlayerPDA.cs line 381]

SendMessage cannot be called during Awake, CheckConsistency, or OnValidate (Tab_Diagnostics: OnRectTransformDimensionsChange)
UnityEngine.Debug:ExtractStackTraceNoAlloc (byte*,int,string)
UnityEngine.StackTraceUtility:ExtractStackTrace ()
UnityEngine.RectTransform:set_sizeDelta (UnityEngine.Vector2)
UnityEngine.RectTransform:set_offsetMin (UnityEngine.Vector2)
Hecton8.UI.PlayerPDA:EnsureRuntimeTab (UnityEngine.Transform,string,System.Type) (at Assets/_Project/Scripts/PlayerPDA.cs:382)
Hecton8.UI.PlayerPDA:AutoResolveTabs () (at Assets/_Project/Scripts/PlayerPDA.cs:348)
Hecton8.UI.PlayerPDA:OnValidate () (at Assets/_Project/Scripts/PlayerPDA.cs:298)
UnityEditor.SceneManagement.EditorSceneManager:OpenScene (string,UnityEditor.SceneManagement.OpenSceneMode)
Hecton8.EditorTools.HectonPrefabIntegrityScanner:ScanSceneAssets (Hecton8.EditorTools.HectonPrefabIntegrityScanner/ScanResult,UnityEngine.GameObject) (at Assets/_Project/Scripts/Editor/HectonPrefabIntegrityScanner.cs:160)
Hecton8.EditorTools.HectonPrefabIntegrityScanner:ScanAndRepair () (at Assets/_Project/Scripts/Editor/HectonPrefabIntegrityScanner.cs:57)
Hecton8.EditorTools.HectonAssetPipelineAudit:RunFullAuditAndEmitLog () (at Assets/_Project/Scripts/Editor/HectonAssetPipelineAudit.cs:33)
Hecton8.EditorTools.HectonAssetPipelineAudit:RunFromMenu () (at Assets/_Project/Scripts/Editor/HectonAssetPipelineAudit.cs:22)
UnityEditor.EditorApplication:ExecuteMenuItemInternal (string,bool)
UnityEditor.EditorApplication:ExecuteMenuItem (string)
MCPForUnity.Editor.Tools.ExecuteMenuItem:HandleCommand (Newtonsoft.Json.Linq.JObject) (at ./Library/PackageCache/com.coplaydev.unity-mcp@d6e58c68cf4b/Editor/Tools/ExecuteMenuItem.cs:38)
MCPForUnity.Editor.Tools.CommandRegistry:ExecuteCommand (string,Newtonsoft.Json.Linq.JObject,System.Threading.Tasks.TaskCompletionSource`1<string>) (at ./Library/PackageCache/com.coplaydev.unity-mcp@d6e58c68cf4b/Editor/Tools/CommandRegistry.cs:236)
MCPForUnity.Editor.Services.Transport.TransportCommandDispatcher:ProcessCommand (string,MCPForUnity.Editor.Services.Transport.TransportCommandDispatcher/PendingCommand) (at ./Library/PackageCache/com.coplaydev.unity-mcp@d6e58c68cf4b/Editor/Services/Transport/TransportCommandDispatcher.cs:366)
MCPForUnity.Editor.Services.Transport.TransportCommandDispatcher:ProcessQueue () (at ./Library/PackageCache/com.coplaydev.unity-mcp@d6e58c68cf4b/Editor/Services/Transport/TransportCommandDispatcher.cs:262)
MCPForUnity.Editor.Services.Transport.TransportCommandDispatcher:<RequestMainThreadPump>g__Pump|11_0 () (at ./Library/PackageCache/com.coplaydev.unity-mcp@d6e58c68cf4b/Editor/Services/Transport/TransportCommandDispatcher.cs:184)
MCPForUnity.Editor.Services.Transport.TransportCommandDispatcher/<>c:<RequestMainThreadPump>b__11_1 (object) (at ./Library/PackageCache/com.coplaydev.unity-mcp@d6e58c68cf4b/Editor/Services/Transport/TransportCommandDispatcher.cs:189)
UnityEngine.UnitySynchronizationContext/WorkRequest:Invoke ()
UnityEngine.UnitySynchronizationContext:Exec ()
UnityEngine.UnitySynchronizationContext:ExecuteTasks ()

[Assets/_Project/Scripts/PlayerPDA.cs line 382]

SendMessage cannot be called during Awake, CheckConsistency, or OnValidate (Tab_Diagnostics: OnRectTransformDimensionsChange)
UnityEngine.Debug:ExtractStackTraceNoAlloc (byte*,int,string)
UnityEngine.StackTraceUtility:ExtractStackTrace ()
UnityEngine.RectTransform:set_sizeDelta (UnityEngine.Vector2)
UnityEngine.RectTransform:set_offsetMax (UnityEngine.Vector2)
Hecton8.UI.PlayerPDA:EnsureRuntimeTab (UnityEngine.Transform,string,System.Type) (at Assets/_Project/Scripts/PlayerPDA.cs:383)
Hecton8.UI.PlayerPDA:AutoResolveTabs () (at Assets/_Project/Scripts/PlayerPDA.cs:348)
Hecton8.UI.PlayerPDA:OnValidate () (at Assets/_Project/Scripts/PlayerPDA.cs:298)
UnityEditor.SceneManagement.EditorSceneManager:OpenScene (string,UnityEditor.SceneManagement.OpenSceneMode)
Hecton8.EditorTools.HectonPrefabIntegrityScanner:ScanSceneAssets (Hecton8.EditorTools.HectonPrefabIntegrityScanner/ScanResult,UnityEngine.GameObject) (at Assets/_Project/Scripts/Editor/HectonPrefabIntegrityScanner.cs:160)
Hecton8.EditorTools.HectonPrefabIntegrityScanner:ScanAndRepair () (at Assets/_Project/Scripts/Editor/HectonPrefabIntegrityScanner.cs:57)
Hecton8.EditorTools.HectonAssetPipelineAudit:RunFullAuditAndEmitLog () (at Assets/_Project/Scripts/Editor/HectonAssetPipelineAudit.cs:33)
Hecton8.EditorTools.HectonAssetPipelineAudit:RunFromMenu () (at Assets/_Project/Scripts/Editor/HectonAssetPipelineAudit.cs:22)
UnityEditor.EditorApplication:ExecuteMenuItemInternal (string,bool)
UnityEditor.EditorApplication:ExecuteMenuItem (string)
MCPForUnity.Editor.Tools.ExecuteMenuItem:HandleCommand (Newtonsoft.Json.Linq.JObject) (at ./Library/PackageCache/com.coplaydev.unity-mcp@d6e58c68cf4b/Editor/Tools/ExecuteMenuItem.cs:38)
MCPForUnity.Editor.Tools.CommandRegistry:ExecuteCommand (string,Newtonsoft.Json.Linq.JObject,System.Threading.Tasks.TaskCompletionSource`1<string>) (at ./Library/PackageCache/com.coplaydev.unity-mcp@d6e58c68cf4b/Editor/Tools/CommandRegistry.cs:236)
MCPForUnity.Editor.Services.Transport.TransportCommandDispatcher:ProcessCommand (string,MCPForUnity.Editor.Services.Transport.TransportCommandDispatcher/PendingCommand) (at ./Library/PackageCache/com.coplaydev.unity-mcp@d6e58c68cf4b/Editor/Services/Transport/TransportCommandDispatcher.cs:366)
MCPForUnity.Editor.Services.Transport.TransportCommandDispatcher:ProcessQueue () (at ./Library/PackageCache/com.coplaydev.unity-mcp@d6e58c68cf4b/Editor/Services/Transport/TransportCommandDispatcher.cs:262)
MCPForUnity.Editor.Services.Transport.TransportCommandDispatcher:<RequestMainThreadPump>g__Pump|11_0 () (at ./Library/PackageCache/com.coplaydev.unity-mcp@d6e58c68cf4b/Editor/Services/Transport/TransportCommandDispatcher.cs:184)
MCPForUnity.Editor.Services.Transport.TransportCommandDispatcher/<>c:<RequestMainThreadPump>b__11_1 (object) (at ./Library/PackageCache/com.coplaydev.unity-mcp@d6e58c68cf4b/Editor/Services/Transport/TransportCommandDispatcher.cs:189)
UnityEngine.UnitySynchronizationContext/WorkRequest:Invoke ()
UnityEngine.UnitySynchronizationContext:Exec ()
UnityEngine.UnitySynchronizationContext:ExecuteTasks ()

[Assets/_Project/Scripts/PlayerPDA.cs line 383]

SendMessage cannot be called during Awake, CheckConsistency, or OnValidate (Tab_Diagnostics: OnDidAddComponent)
UnityEngine.Debug:ExtractStackTraceNoAlloc (byte*,int,string)
UnityEngine.StackTraceUtility:ExtractStackTrace ()
UnityEngine.GameObject:Internal_AddComponentWithType (System.Type)
UnityEngine.GameObject:AddComponent (System.Type)
Hecton8.UI.PlayerPDA:EnsureRuntimeTab (UnityEngine.Transform,string,System.Type) (at Assets/_Project/Scripts/PlayerPDA.cs:385)
Hecton8.UI.PlayerPDA:AutoResolveTabs () (at Assets/_Project/Scripts/PlayerPDA.cs:348)
Hecton8.UI.PlayerPDA:OnValidate () (at Assets/_Project/Scripts/PlayerPDA.cs:298)
UnityEditor.SceneManagement.EditorSceneManager:OpenScene (string,UnityEditor.SceneManagement.OpenSceneMode)
Hecton8.EditorTools.HectonPrefabIntegrityScanner:ScanSceneAssets (Hecton8.EditorTools.HectonPrefabIntegrityScanner/ScanResult,UnityEngine.GameObject) (at Assets/_Project/Scripts/Editor/HectonPrefabIntegrityScanner.cs:160)
Hecton8.EditorTools.HectonPrefabIntegrityScanner:ScanAndRepair () (at Assets/_Project/Scripts/Editor/HectonPrefabIntegrityScanner.cs:57)
Hecton8.EditorTools.HectonAssetPipelineAudit:RunFullAuditAndEmitLog () (at Assets/_Project/Scripts/Editor/HectonAssetPipelineAudit.cs:33)
Hecton8.EditorTools.HectonAssetPipelineAudit:RunFromMenu () (at Assets/_Project/Scripts/Editor/HectonAssetPipelineAudit.cs:22)
UnityEditor.EditorApplication:ExecuteMenuItemInternal (string,bool)
UnityEditor.EditorApplication:ExecuteMenuItem (string)
MCPForUnity.Editor.Tools.ExecuteMenuItem:HandleCommand (Newtonsoft.Json.Linq.JObject) (at ./Library/PackageCache/com.coplaydev.unity-mcp@d6e58c68cf4b/Editor/Tools/ExecuteMenuItem.cs:38)
MCPForUnity.Editor.Tools.CommandRegistry:ExecuteCommand (string,Newtonsoft.Json.Linq.JObject,System.Threading.Tasks.TaskCompletionSource`1<string>) (at ./Library/PackageCache/com.coplaydev.unity-mcp@d6e58c68cf4b/Editor/Tools/CommandRegistry.cs:236)
MCPForUnity.Editor.Services.Transport.TransportCommandDispatcher:ProcessCommand (string,MCPForUnity.Editor.Services.Transport.TransportCommandDispatcher/PendingCommand) (at ./Library/PackageCache/com.coplaydev.unity-mcp@d6e58c68cf4b/Editor/Services/Transport/TransportCommandDispatcher.cs:366)
MCPForUnity.Editor.Services.Transport.TransportCommandDispatcher:ProcessQueue () (at ./Library/PackageCache/com.coplaydev.unity-mcp@d6e58c68cf4b/Editor/Services/Transport/TransportCommandDispatcher.cs:262)
MCPForUnity.Editor.Services.Transport.TransportCommandDispatcher:<RequestMainThreadPump>g__Pump|11_0 () (at ./Library/PackageCache/com.coplaydev.unity-mcp@d6e58c68cf4b/Editor/Services/Transport/TransportCommandDispatcher.cs:184)
MCPForUnity.Editor.Services.Transport.TransportCommandDispatcher/<>c:<RequestMainThreadPump>b__11_1 (object) (at ./Library/PackageCache/com.coplaydev.unity-mcp@d6e58c68cf4b/Editor/Services/Transport/TransportCommandDispatcher.cs:189)
UnityEngine.UnitySynchronizationContext/WorkRequest:Invoke ()
UnityEngine.UnitySynchronizationContext:Exec ()
UnityEngine.UnitySynchronizationContext:ExecuteTasks ()

[Assets/_Project/Scripts/PlayerPDA.cs line 385]

Loaded scene 'Assets/_Project/Scenes/03_HECTON_WORLD_CREST5.unity'
	Deserialize:            362.568 ms
	Integration:            984.644 ms
	Integration of assets:  33.628 ms
	Thread Wait Time:       -27.193 ms
	Total Operation Time:   1353.647 ms
Opening scene 'Assets/_Project/Scenes/_Temp/FloraBeautyAudit_TMP.unity additively'
Loaded scene 'Assets/_Project/Scenes/_Temp/FloraBeautyAudit_TMP.unity'
	Deserialize:            2.708 ms
	Integration:            6.410 ms
	Integration of assets:  0.004 ms
	Thread Wait Time:       0.046 ms
	Total Operation Time:   9.167 ms
Opening scene 'Assets/_Project/Scenes/GeminiSandbox.unity additively'
Loaded scene 'Assets/_Project/Scenes/GeminiSandbox.unity'
	Deserialize:            1199.355 ms
	Integration:            690.463 ms
	Integration of assets:  44.429 ms
	Thread Wait Time:       -44.328 ms
	Total Operation Time:   1889.919 ms
Opening scene 'Assets/_Project/Scenes/X_GPUSANDBOX.unity additively'
Loaded scene 'Assets/_Project/Scenes/X_GPUSANDBOX.unity'
	Deserialize:            1.304 ms
	Integration:            1.222 ms
	Integration of assets:  0.005 ms
	Thread Wait Time:       0.033 ms
	Total Operation Time:   2.563 ms
Opening scene 'Assets/_Project/Scenes/XX_SANDBOX_MASUM.unity additively'
Loaded scene 'Assets/_Project/Scenes/XX_SANDBOX_MASUM.unity'
	Deserialize:            1.075 ms
	Integration:            0.729 ms
	Integration of assets:  0.002 ms
	Thread Wait Time:       0.043 ms
	Total Operation Time:   1.849 ms
Opening scene 'Assets/_Project/Scenes/XXX_SANDBOX.unity additively'
Renderer 'LOD0' is registered with more than one LODGroup ('ENV_ Скала2' and 'ENV_ Болдер 2').
UnityEngine.Debug:ExtractStackTraceNoAlloc (byte*,int,string)
UnityEngine.StackTraceUtility:ExtractStackTrace ()
UnityEditor.SceneManagement.EditorSceneManager:OpenScene (string,UnityEditor.SceneManagement.OpenSceneMode)
Hecton8.EditorTools.HectonPrefabIntegrityScanner:ScanSceneAssets (Hecton8.EditorTools.HectonPrefabIntegrityScanner/ScanResult,UnityEngine.GameObject) (at Assets/_Project/Scripts/Editor/HectonPrefabIntegrityScanner.cs:160)
Hecton8.EditorTools.HectonPrefabIntegrityScanner:ScanAndRepair () (at Assets/_Project/Scripts/Editor/HectonPrefabIntegrityScanner.cs:57)
Hecton8.EditorTools.HectonAssetPipelineAudit:RunFullAuditAndEmitLog () (at Assets/_Project/Scripts/Editor/HectonAssetPipelineAudit.cs:33)
Hecton8.EditorTools.HectonAssetPipelineAudit:RunFromMenu () (at Assets/_Project/Scripts/Editor/HectonAssetPipelineAudit.cs:22)
UnityEditor.EditorApplication:ExecuteMenuItemInternal (string,bool)
UnityEditor.EditorApplication:ExecuteMenuItem (string)
MCPForUnity.Editor.Tools.ExecuteMenuItem:HandleCommand (Newtonsoft.Json.Linq.JObject) (at ./Library/PackageCache/com.coplaydev.unity-mcp@d6e58c68cf4b/Editor/Tools/ExecuteMenuItem.cs:38)
MCPForUnity.Editor.Tools.CommandRegistry:ExecuteCommand (string,Newtonsoft.Json.Linq.JObject,System.Threading.Tasks.TaskCompletionSource`1<string>) (at ./Library/PackageCache/com.coplaydev.unity-mcp@d6e58c68cf4b/Editor/Tools/CommandRegistry.cs:236)
MCPForUnity.Editor.Services.Transport.TransportCommandDispatcher:ProcessCommand (string,MCPForUnity.Editor.Services.Transport.TransportCommandDispatcher/PendingCommand) (at ./Library/PackageCache/com.coplaydev.unity-mcp@d6e58c68cf4b/Editor/Services/Transport/TransportCommandDispatcher.cs:366)
MCPForUnity.Editor.Services.Transport.TransportCommandDispatcher:ProcessQueue () (at ./Library/PackageCache/com.coplaydev.unity-mcp@d6e58c68cf4b/Editor/Services/Transport/TransportCommandDispatcher.cs:262)
MCPForUnity.Editor.Services.Transport.TransportCommandDispatcher:<RequestMainThreadPump>g__Pump|11_0 () (at ./Library/PackageCache/com.coplaydev.unity-mcp@d6e58c68cf4b/Editor/Services/Transport/TransportCommandDispatcher.cs:184)
MCPForUnity.Editor.Services.Transport.TransportCommandDispatcher/<>c:<RequestMainThreadPump>b__11_1 (object) (at ./Library/PackageCache/com.coplaydev.unity-mcp@d6e58c68cf4b/Editor/Services/Transport/TransportCommandDispatcher.cs:189)
UnityEngine.UnitySynchronizationContext/WorkRequest:Invoke ()
UnityEngine.UnitySynchronizationContext:Exec ()
UnityEngine.UnitySynchronizationContext:ExecuteTasks ()

[Assets/_Project/Scripts/Editor/HectonPrefabIntegrityScanner.cs line 160]

Renderer 'LOD0' is registered with more than one LODGroup ('ENV_ Скала2' and 'ENV_ Болдер 2').
UnityEngine.Debug:ExtractStackTraceNoAlloc (byte*,int,string)
UnityEngine.StackTraceUtility:ExtractStackTrace ()
UnityEditor.SceneManagement.EditorSceneManager:OpenScene (string,UnityEditor.SceneManagement.OpenSceneMode)
Hecton8.EditorTools.HectonPrefabIntegrityScanner:ScanSceneAssets (Hecton8.EditorTools.HectonPrefabIntegrityScanner/ScanResult,UnityEngine.GameObject) (at Assets/_Project/Scripts/Editor/HectonPrefabIntegrityScanner.cs:160)
Hecton8.EditorTools.HectonPrefabIntegrityScanner:ScanAndRepair () (at Assets/_Project/Scripts/Editor/HectonPrefabIntegrityScanner.cs:57)
Hecton8.EditorTools.HectonAssetPipelineAudit:RunFullAuditAndEmitLog () (at Assets/_Project/Scripts/Editor/HectonAssetPipelineAudit.cs:33)
Hecton8.EditorTools.HectonAssetPipelineAudit:RunFromMenu () (at Assets/_Project/Scripts/Editor/HectonAssetPipelineAudit.cs:22)
UnityEditor.EditorApplication:ExecuteMenuItemInternal (string,bool)
UnityEditor.EditorApplication:ExecuteMenuItem (string)
MCPForUnity.Editor.Tools.ExecuteMenuItem:HandleCommand (Newtonsoft.Json.Linq.JObject) (at ./Library/PackageCache/com.coplaydev.unity-mcp@d6e58c68cf4b/Editor/Tools/ExecuteMenuItem.cs:38)
MCPForUnity.Editor.Tools.CommandRegistry:ExecuteCommand (string,Newtonsoft.Json.Linq.JObject,System.Threading.Tasks.TaskCompletionSource`1<string>) (at ./Library/PackageCache/com.coplaydev.unity-mcp@d6e58c68cf4b/Editor/Tools/CommandRegistry.cs:236)
MCPForUnity.Editor.Services.Transport.TransportCommandDispatcher:ProcessCommand (string,MCPForUnity.Editor.Services.Transport.TransportCommandDispatcher/PendingCommand) (at ./Library/PackageCache/com.coplaydev.unity-mcp@d6e58c68cf4b/Editor/Services/Transport/TransportCommandDispatcher.cs:366)
MCPForUnity.Editor.Services.Transport.TransportCommandDispatcher:ProcessQueue () (at ./Library/PackageCache/com.coplaydev.unity-mcp@d6e58c68cf4b/Editor/Services/Transport/TransportCommandDispatcher.cs:262)
MCPForUnity.Editor.Services.Transport.TransportCommandDispatcher:<RequestMainThreadPump>g__Pump|11_0 () (at ./Library/PackageCache/com.coplaydev.unity-mcp@d6e58c68cf4b/Editor/Services/Transport/TransportCommandDispatcher.cs:184)
MCPForUnity.Editor.Services.Transport.TransportCommandDispatcher/<>c:<RequestMainThreadPump>b__11_1 (object) (at ./Library/PackageCache/com.coplaydev.unity-mcp@d6e58c68cf4b/Editor/Services/Transport/TransportCommandDispatcher.cs:189)
UnityEngine.UnitySynchronizationContext/WorkRequest:Invoke ()
UnityEngine.UnitySynchronizationContext:Exec ()
UnityEngine.UnitySynchronizationContext:ExecuteTasks ()

[Assets/_Project/Scripts/Editor/HectonPrefabIntegrityScanner.cs line 160]

Loaded scene 'Assets/_Project/Scenes/XXX_SANDBOX.unity'
	Deserialize:            319.383 ms
	Integration:            131.501 ms
	Integration of assets:  0.257 ms
	Thread Wait Time:       -0.205 ms
	Total Operation Time:   450.936 ms
Opening scene 'Assets/Feel/MMTools/Demos/MMBezierLineRenderer/MMBezierLineRenderer.unity additively'
LightingSettings: switching bake backend from 2 to 1.
Loaded scene 'Assets/Feel/MMTools/Demos/MMBezierLineRenderer/MMBezierLineRenderer.unity'
	Deserialize:            15.839 ms
	Integration:            36.410 ms
	Integration of assets:  0.011 ms
	Thread Wait Time:       0.133 ms
	Total Operation Time:   52.393 ms
Opening scene 'Assets/Feel/MMTools/Demos/MMControls/MMControlsDemo.unity additively'
Loaded scene 'Assets/Feel/MMTools/Demos/MMControls/MMControlsDemo.unity'
	Deserialize:            70.633 ms
	Integration:            28.249 ms
	Integration of assets:  0.301 ms
	Thread Wait Time:       0.152 ms
	Total Operation Time:   99.335 ms
Opening scene 'Assets/Feel/MMTools/Demos/MMDebugMenu/MMDebugMenu.unity additively'
The type MoreMountains.Feedbacks MoreMountains.Feedbacks.MMF_Position is being serialized by [SerializeReference], but is missing the [Serializable] attribute. To suppress this warning add [Serializable] or use [MakeSerializable].
LightingSettings: switching bake backend from 2 to 1.
Loaded scene 'Assets/Feel/MMTools/Demos/MMDebugMenu/MMDebugMenu.unity'
	Deserialize:            43.459 ms
	Integration:            13.415 ms
	Integration of assets:  0.029 ms
	Thread Wait Time:       0.296 ms
	Total Operation Time:   57.199 ms
Opening scene 'Assets/Feel/MMTools/Demos/MMFollowTarget/MMFollowTargetDemo.unity additively'
LightingSettings: switching bake backend from 2 to 1.
Loaded scene 'Assets/Feel/MMTools/Demos/MMFollowTarget/MMFollowTargetDemo.unity'
	Deserialize:            7.131 ms
	Integration:            2.410 ms
	Integration of assets:  0.004 ms
	Thread Wait Time:       0.032 ms
	Total Operation Time:   9.578 ms
Opening scene 'Assets/Feel/MMTools/Demos/MMGhostCamera/MMGhostCameraDemo.unity additively'
LightingSettings: switching bake backend from 2 to 1.
Loaded scene 'Assets/Feel/MMTools/Demos/MMGhostCamera/MMGhostCameraDemo.unity'
	Deserialize:            16.678 ms
	Integration:            31.392 ms
	Integration of assets:  0.014 ms
	Thread Wait Time:       0.088 ms
	Total Operation Time:   48.172 ms
Opening scene 'Assets/Feel/MMTools/Demos/MMGizmos/MMGizmoDemo.unity additively'
LightingSettings: switching bake backend from 2 to 1.
Loaded scene 'Assets/Feel/MMTools/Demos/MMGizmos/MMGizmoDemo.unity'
	Deserialize:            7.943 ms
	Integration:            1.444 ms
	Integration of assets:  0.007 ms
	Thread Wait Time:       0.052 ms
	Total Operation Time:   9.446 ms
Opening scene 'Assets/Feel/MMTools/Demos/MMObservable/MMObservableDemo.unity additively'
LightingSettings: switching bake backend from 2 to 1.
Loaded scene 'Assets/Feel/MMTools/Demos/MMObservable/MMObservableDemo.unity'
	Deserialize:            3.407 ms
	Integration:            4.731 ms
	Integration of assets:  0.008 ms
	Thread Wait Time:       0.061 ms
	Total Operation Time:   8.208 ms
Opening scene 'Assets/Feel/MMTools/Demos/MMPrototypeTextures/MMPrototypeTexturesDemo.unity additively'
LightingSettings: switching bake backend from 2 to 1.
Loaded scene 'Assets/Feel/MMTools/Demos/MMPrototypeTextures/MMPrototypeTexturesDemo.unity'
	Deserialize:            18.883 ms
	Integration:            132.119 ms
	Integration of assets:  0.009 ms
	Thread Wait Time:       0.112 ms
	Total Operation Time:   151.123 ms
Opening scene 'Assets/Feel/MMTools/Demos/MMRadio/MMRadioDemo.unity additively'
LightingSettings: switching bake backend from 2 to 1.
Loaded scene 'Assets/Feel/MMTools/Demos/MMRadio/MMRadioDemo.unity'
	Deserialize:            27.304 ms
	Integration:            3.843 ms
	Integration of assets:  0.012 ms
	Thread Wait Time:       0.055 ms
	Total Operation Time:   31.214 ms
Opening scene 'Assets/Feel/MMTools/Demos/MMSceneLoading/MMSceneLoadingDemoSceneA.unity additively'
Loaded scene 'Assets/Feel/MMTools/Demos/MMSceneLoading/MMSceneLoadingDemoSceneA.unity'
	Deserialize:            3.330 ms
	Integration:            4.343 ms
	Integration of assets:  0.003 ms
	Thread Wait Time:       0.062 ms
	Total Operation Time:   7.738 ms
Opening scene 'Assets/Feel/MMTools/Demos/MMSceneLoading/MMSceneLoadingDemoSceneB.unity additively'
Loaded scene 'Assets/Feel/MMTools/Demos/MMSceneLoading/MMSceneLoadingDemoSceneB.unity'
	Deserialize:            1.752 ms
	Integration:            4.107 ms
	Integration of assets:  0.002 ms
	Thread Wait Time:       0.028 ms
	Total Operation Time:   5.889 ms
Opening scene 'Assets/Feel/MMTools/Demos/MMTween/MMTweenPlotter.unity additively'
LightingSettings: switching bake backend from 2 to 1.
Loaded scene 'Assets/Feel/MMTools/Demos/MMTween/MMTweenPlotter.unity'
	Deserialize:            7.971 ms
	Integration:            4.025 ms
	Integration of assets:  0.044 ms
	Thread Wait Time:       0.030 ms
	Total Operation Time:   12.070 ms
Opening scene 'Assets/Feel/MMTools/Tools/MMSaveLoad/MMSaveLoadTestScene.unity additively'
LightingSettings: switching bake backend from 2 to 1.
Loaded scene 'Assets/Feel/MMTools/Tools/MMSaveLoad/MMSaveLoadTestScene.unity'
	Deserialize:            9.080 ms
	Integration:            5.372 ms
	Integration of assets:  0.190 ms
	Thread Wait Time:       0.018 ms
	Total Operation Time:   14.661 ms
Opening scene 'Assets/Feel/MMTools/Tools/MMSceneLoading/LoadingScreens/LoadingScreen.unity additively'
Loaded scene 'Assets/Feel/MMTools/Tools/MMSceneLoading/LoadingScreens/LoadingScreen.unity'
	Deserialize:            7.656 ms
	Integration:            11.983 ms
	Integration of assets:  0.101 ms
	Thread Wait Time:       0.001 ms
	Total Operation Time:   19.742 ms
Opening scene 'Assets/Feel/MMTools/Tools/MMSceneLoading/LoadingScreens/MMAdditiveLoadingScreen.unity additively'
Loaded scene 'Assets/Feel/MMTools/Tools/MMSceneLoading/LoadingScreens/MMAdditiveLoadingScreen.unity'
	Deserialize:            10.258 ms
	Integration:            1.679 ms
	Integration of assets:  0.059 ms
	Thread Wait Time:       0.043 ms
	Total Operation Time:   12.039 ms
Opening scene 'Assets/Feel/MMTools/Tools/MMSceneLoading/LoadingScreens/MMAdditiveLoadingScreenBigText.unity additively'
Loaded scene 'Assets/Feel/MMTools/Tools/MMSceneLoading/LoadingScreens/MMAdditiveLoadingScreenBigText.unity'
	Deserialize:            2.495 ms
	Integration:            1.615 ms
	Integration of assets:  0.003 ms
	Thread Wait Time:       0.032 ms
	Total Operation Time:   4.145 ms
Opening scene 'Assets/Feel/MMTools/Tools/MMSceneLoading/LoadingScreens/MMAdditiveLoadingScreenFastFade.unity additively'
Loaded scene 'Assets/Feel/MMTools/Tools/MMSceneLoading/LoadingScreens/MMAdditiveLoadingScreenFastFade.unity'
	Deserialize:            1.772 ms
	Integration:            1.049 ms
	Integration of assets:  0.004 ms
	Thread Wait Time:       0.035 ms
	Total Operation Time:   2.861 ms
Opening scene 'Assets/Feel/MMTools/Tools/MMSceneLoading/LoadingScreens/MMAdditiveLoadingScreenSimple.unity additively'
Loaded scene 'Assets/Feel/MMTools/Tools/MMSceneLoading/LoadingScreens/MMAdditiveLoadingScreenSimple.unity'
	Deserialize:            2.624 ms
	Integration:            1.328 ms
	Integration of assets:  0.003 ms
	Thread Wait Time:       0.044 ms
	Total Operation Time:   3.998 ms
Opening scene 'Assets/Feel/NiceVibrations/Demo/NiceVibrationsDemo.unity additively'
Loaded scene 'Assets/Feel/NiceVibrations/Demo/NiceVibrationsDemo.unity'
	Deserialize:            174.262 ms
	Integration:            337.274 ms
	Integration of assets:  3.504 ms
	Thread Wait Time:       -0.098 ms
	Total Operation Time:   514.942 ms
Opening scene 'Assets/Plugins/DarkTonic/MasterAudio/ExampleScenes/_AfterBootstrapperScene.unity additively'
Loaded scene 'Assets/Plugins/DarkTonic/MasterAudio/ExampleScenes/_AfterBootstrapperScene.unity'
	Deserialize:            2.740 ms
	Integration:            18.622 ms
	Integration of assets:  0.004 ms
	Thread Wait Time:       0.043 ms
	Total Operation Time:   21.409 ms
Opening scene 'Assets/Plugins/DarkTonic/MasterAudio/ExampleScenes/_BoostrapperDemoScene.unity additively'
Loaded scene 'Assets/Plugins/DarkTonic/MasterAudio/ExampleScenes/_BoostrapperDemoScene.unity'
	Deserialize:            1.224 ms
	Integration:            2.227 ms
	Integration of assets:  0.002 ms
	Thread Wait Time:       0.043 ms
	Total Operation Time:   3.496 ms
Opening scene 'Assets/Plugins/DarkTonic/MasterAudio/ExampleScenes/_LocalizationScene.unity additively'
Loaded scene 'Assets/Plugins/DarkTonic/MasterAudio/ExampleScenes/_LocalizationScene.unity'
	Deserialize:            0.723 ms
	Integration:            1.514 ms
	Integration of assets:  0.001 ms
	Thread Wait Time:       0.025 ms
	Total Operation Time:   2.263 ms
Opening scene 'Assets/Plugins/DarkTonic/MasterAudio/ExampleScenes/_StandaloneScene.unity additively'
Loaded scene 'Assets/Plugins/DarkTonic/MasterAudio/ExampleScenes/_StandaloneScene.unity'
	Deserialize:            3.366 ms
	Integration:            2.485 ms
	Integration of assets:  0.005 ms
	Thread Wait Time:       0.046 ms
	Total Operation Time:   5.901 ms
Opening scene 'Assets/Plugins/Demigiant/DOTweenPro Examples/DOTweenAnimation_Advanced.unity additively'
LightingSettings: switching bake backend from 2 to 1.
Loaded scene 'Assets/Plugins/Demigiant/DOTweenPro Examples/DOTweenAnimation_Advanced.unity'
	Deserialize:            10.891 ms
	Integration:            3.636 ms
	Integration of assets:  0.005 ms
	Thread Wait Time:       0.033 ms
	Total Operation Time:   14.565 ms
Opening scene 'Assets/Plugins/Demigiant/DOTweenPro Examples/DOTweenAnimation_Basics.unity additively'
LightingSettings: switching bake backend from 2 to 1.
Loaded scene 'Assets/Plugins/Demigiant/DOTweenPro Examples/DOTweenAnimation_Basics.unity'
	Deserialize:            8.171 ms
	Integration:            3.225 ms
	Integration of assets:  0.058 ms
	Thread Wait Time:       0.035 ms
	Total Operation Time:   11.488 ms
Opening scene 'Assets/Plugins/Demigiant/DOTweenPro Examples/DOTweenPath.unity additively'
LightingSettings: switching bake backend from 2 to 1.
Loaded scene 'Assets/Plugins/Demigiant/DOTweenPro Examples/DOTweenPath.unity'
	Deserialize:            5.359 ms
	Integration:            2.386 ms
	Integration of assets:  0.004 ms
	Thread Wait Time:       0.024 ms
	Total Operation Time:   7.774 ms
Opening scene 'Assets/ShaderGraph_Dissolve/URP/URP Samples.unity additively'
LightingSettings: switching bake backend from 2 to 1.
Loaded scene 'Assets/ShaderGraph_Dissolve/URP/URP Samples.unity'
	Deserialize:            5.859 ms
	Integration:            2.059 ms
	Integration of assets:  4.707 ms
	Thread Wait Time:       0.076 ms
	Total Operation Time:   12.701 ms
[Licensing::Client] Successfully resolved entitlement details
Start importing Assets/RealtimeCSG/RealtimeCSG/Plugins/Runtime/Resources/RealtimeCSG/Materials/Floor.mat using Guid(d8e10aad982fd9d439566c147abd457c) (NativeFormatImporter) -> (Import Result ID: '8ed3a38f25e21ac0c88865d302c617e8') in 0.0038351 seconds [static dependencies only]. Details - ImportResultOutputID=447d6ad00fa5c0a0c04449d4007dae9b DependenciesID=3ddaf997df70254cf0c6a54a3bb3e819 StaticDependenciesID=60127ef9bf7504c731cbba69c0b86481 
Start importing Assets/RealtimeCSG/RealtimeCSG/Plugins/Runtime/Resources/RealtimeCSG/Materials/Metal.mat using Guid(99b28120acbb32240b8c04d9e1fdb0a7) (NativeFormatImporter) -> (Import Result ID: '30f8cf0b24714565193c7da94724d60c') in 0.0044662 seconds [static dependencies only]. Details - ImportResultOutputID=4cbb807faa9dc4f6d5317d133e462af6 DependenciesID=dfc08f7aeb94fb671e92f6537a739026 StaticDependenciesID=937a200ad3d305f9520bc25f2c95a10d 
Start importing Assets/RealtimeCSG/RealtimeCSG/Plugins/Runtime/Resources/RealtimeCSG/Materials/Window.mat using Guid(b97ec88e269e0554980e460da975d229) (NativeFormatImporter) -> (Import Result ID: 'cba1cbabc8579bd3603ccea5dad68de4') in 0.004853 seconds [static dependencies only]. Details - ImportResultOutputID=83b51d2e644f2fc33be9563ff53a6e5c DependenciesID=35d56b3a0e719d7d9256d8a2c5c5e3f4 StaticDependenciesID=36d45bc717c32ef8d55c2106d9f83a3f 
Start importing Assets/_Project/Art/Materials/Mat_HectonSky.mat using Guid(c94a1beef2372b8458941c2ed9d05d5e) (NativeFormatImporter) -> (Import Result ID: '09b932eb8cfb3a39b14042038418897e') in 0.0070644 seconds [static dependencies only]. Details - ImportResultOutputID=4aea573fa343cc9e6db08fdf0e640cfd DependenciesID=be19f646e538a60a78b6918a27a978ae StaticDependenciesID=233db6a1ad2c3014e819cf3da920ecee 
Start importing Assets/RealtimeCSG/RealtimeCSG/Plugins/Runtime/Resources/RealtimeCSG/Materials/Wall.mat using Guid(ca37785d773692b47bd7339c9dd802ce) (NativeFormatImporter) -> (Import Result ID: 'a55ccba3b1ec5da89131a6023e82a21f') in 0.003592 seconds [static dependencies only]. Details - ImportResultOutputID=75ebf6d979eee22f598d7005f5733004 DependenciesID=3b9df34b7fee399a5a83ae2f6fc2496e StaticDependenciesID=817a2c707ca964aa3f6ec9ac78cfc469 
Start importing Assets/Crest/Crest/Materials/Ocean.mat using Guid(9def92ac79181fe41b238e91663f0fad) (NativeFormatImporter) -> (Import Result ID: 'de321e360b7633fe027760b6e9a52b4e') in 0.0042851 seconds [static dependencies only]. Details - ImportResultOutputID=457dbdcbdab05d58f2ef2b70b9fb2383 DependenciesID=c9087bd49141e90b82d3382de5b2f18d StaticDependenciesID=4146658c547f62c32dc5923560641ec4 
Start importing Assets/Crest/Crest/Materials/Ocean-Underwater.mat using Guid(ef94c26e44a36e24a9dcbc5995a2bed1) (NativeFormatImporter) -> (Import Result ID: 'ad38f51492e2456cd83fc4ed449502a3') in 0.0066634 seconds [static dependencies only]. Details - ImportResultOutputID=5e5485edb13698e01ba0f9fa47abd68f DependenciesID=f858bda7f1ad792a03d3c1f924aec66f StaticDependenciesID=1ef846e49b21a7b867d847492f431d3d 
Refreshing native plugins compatible for Editor in 12.19 ms, found 31 plugins.
(Values over 0.050ms)
Asset Pipeline Refresh (id=c25c942cf13ed80469da511733195a69): Total: 0.391 seconds - Initiated by StopAssetImportingV2(NoUpdateAssetOptions)
	Summary:
		Imports: total=7 (actual=7, local cache=0, cache server=0)
		Asset DB Process Time: managed=1 ms, native=187 ms
		Asset DB Callback time: managed=172 ms, native=28 ms
		Scripting: domain reloads=0, domain reload time=0 ms, compile time=0 ms, other=0 ms
		Project Asset Count: scripts=3458, non-scripts=11388
		Asset File Changes: new=0, changed=3, moved=0, deleted=0
		Scan Filter Count: 21
	ApplyChangesToAssetFolders: 0.267ms
	Scan: 19.876ms
	OnSourceAssetsModified: 0.137ms
	ProcessAssetsWithTransientArtifactChanges: 0.235ms
	CategorizeAssets: 64.587ms
	ImportOutOfDateAssets: 61.447ms (1.597ms without children)
		ImportManagerImport: 50.995ms (5.444ms without children)
			UpdateCategorizedAssets: 0.108ms
		ReloadNativeAssets: 2.938ms
		UnloadImportedAssets: 0.410ms
		ReloadImportedAssets: 0.993ms
		EnsureUptoDateAssetsAreRegisteredWithGuidPM: 3.817ms
		OnDemandSchedulerStart: 1.661ms
	PostProcessAllAssets: 177.692ms
		XRBuildSystem.XRAssetImported 4.079ms
		PostprocessAssetsUpdateCachedIcon 0.068ms
		PostProcessCallbackCreateDeferredMaterials 0.067ms
		MonoPostProcessAllAssets: 172.695ms
			TextureArrayPreProcessor.OnPostprocessAllAssets 151.861ms
			SyncVS.PostprocessSyncProject 3.714ms
			MaterialPostprocessor.OnPostprocessAllAssets 3.365ms
			SpriteEditorTexturePostprocessor.OnPostprocessAllAssets 2.160ms
			ShaderGraphAssetPostProcessor.OnPostprocessAllAssets 1.957ms
			PostProcessor.OnPostprocessAllAssets 0.576ms
			AssetChangedListener.OnPostprocessAllAssets 0.332ms
			RenderPipelineGlobalSettingsPostprocessor.OnPostprocessAllAssets 0.304ms
			InputActionAssetPostprocessor.OnPostprocessAllAssets 0.253ms
			InputActionJsonNameModifierAssetProcessor.OnPostprocessAllAssets 0.177ms
			TMPro_TexturePostProcessor.OnPostprocessAllAssets 0.112ms
			TextAssetPostProcessor.OnPostprocessAllAssets 0.067ms
			RetainedModeAssetPostprocessor.OnPostprocessAllAssets 0.060ms
			MatrixAssetTexturePostprocessor.OnPostprocessAllAssets 0.058ms
			SpeedTree9Postprocessor.OnPostprocessAllAssets 0.055ms
	PostAssetChangesProfiler: 23.202ms
	GatherAllCurrentPrimaryImportResultRevisions: 1.633ms
	UnloadStreamsBegin: 24.327ms
	PersistCurrentRevisions: 1.673ms
	UnloadStreamsEnd: 0.401ms
	Untracked: 15.844ms

Asset Pipeline Refresh (id=1711b81c256938746ad94f8e4449793f): Total: 0.053 seconds - Initiated by RefreshV2(NoUpdateAssetOptions)
Start importing Assets/DOCS/AGENT_06_TECHART_LOG.md using Guid(3a8002f8c3969674d853822fb1ffc8b6) (TextScriptImporter) -> (Import Result ID: 'ddb7682cb415a2b124c113abff8e22fd') in 0.0050461 seconds [static dependencies only]. Details - ImportResultOutputID=7f6f353c517af63d81a69a29ef170e4d DependenciesID=9b71638cce69cf6556f7f0339d9e7481 StaticDependenciesID=e1e317ec0ea64cb25aba69b8e0338bfa 
Refreshing native plugins compatible for Editor in 9.62 ms, found 31 plugins.
(Values over 0.050ms)
Asset Pipeline Refresh (id=577ab89cc0e1e8f4cb472794245c37cf): Total: 0.404 seconds - Initiated by RefreshV2(NoUpdateAssetOptions)
	Summary:
		Imports: total=1 (actual=1, local cache=0, cache server=0)
		Asset DB Process Time: managed=0 ms, native=222 ms
		Asset DB Callback time: managed=159 ms, native=19 ms
		Scripting: domain reloads=0, domain reload time=0 ms, compile time=0 ms, other=0 ms
		Project Asset Count: scripts=3458, non-scripts=11388
		Asset File Changes: new=0, changed=1, moved=0, deleted=0
		Scan Filter Count: 0
	ApplyChangesToAssetFolders: 0.583ms
	Scan: 30.651ms
	OnSourceAssetsModified: 0.115ms
	ProcessAssetsWithTransientArtifactChanges: 0.308ms
	CategorizeAssets: 116.784ms
	ImportOutOfDateAssets: 22.524ms (1.677ms without children)
		ImportManagerImport: 10.787ms (2.272ms without children)
		ReloadNativeAssets: 3.518ms
		UnloadImportedAssets: 0.355ms
		EnsureUptoDateAssetsAreRegisteredWithGuidPM: 4.078ms
		OnDemandSchedulerStart: 2.075ms
	PostProcessAllAssets: 162.401ms
		XRBuildSystem.XRAssetImported 2.746ms
		MonoPostProcessAllAssets: 159.425ms
			TextureArrayPreProcessor.OnPostprocessAllAssets 146.058ms
			SyncVS.PostprocessSyncProject 5.500ms
			SpriteEditorTexturePostprocessor.OnPostprocessAllAssets 3.908ms
			AssetChangedListener.OnPostprocessAllAssets 0.580ms
			RenderPipelineGlobalSettingsPostprocessor.OnPostprocessAllAssets 0.511ms
			ShaderGraphAssetPostProcessor.OnPostprocessAllAssets 0.501ms
			InputActionAssetPostprocessor.OnPostprocessAllAssets 0.153ms
			PostProcessor.OnPostprocessAllAssets 0.149ms
			TMPro_TexturePostProcessor.OnPostprocessAllAssets 0.141ms
			UniversalRenderPipelineGlobalSettingsPostprocessor.OnPostprocessAllAssets 0.141ms
			SceneAssetPostProcessor.OnPostprocessAllAssets 0.080ms
			InputActionJsonNameModifierAssetProcessor.OnPostprocessAllAssets 0.068ms
			MaterialPostprocessor.OnPostprocessAllAssets 0.062ms
			RetainedModeAssetPostprocessor.OnPostprocessAllAssets 0.059ms
			ProjectSettingsPostprocessor.OnPostprocessAllAssets 0.055ms
			StyleCatalogPostProcessor.OnPostprocessAllAssets 0.053ms
			TemplatePostProcessor.OnPostprocessAllAssets 0.051ms
	PostAssetChangesProfiler: 16.898ms
	GatherAllCurrentPrimaryImportResultRevisions: 1.613ms
	UnloadStreamsBegin: 10.706ms
	PersistCurrentRevisions: 1.339ms
	Untracked: 39.742ms

[HectonAssetPipelineAudit] Wrote tech-art log to 'Assets/DOCS/AGENT_06_TECHART_LOG.md'.
UnityEngine.Debug:ExtractStackTraceNoAlloc (byte*,int,string)
UnityEngine.StackTraceUtility:ExtractStackTrace ()
UnityEngine.DebugLogHandler:Internal_Log (UnityEngine.LogType,UnityEngine.LogOption,string,UnityEngine.Object)
UnityEngine.DebugLogHandler:LogFormat (UnityEngine.LogType,UnityEngine.Object,string,object[])
UnityEngine.Logger:Log (UnityEngine.LogType,object)
UnityEngine.Debug:Log (object)
Hecton8.EditorTools.HectonAssetPipelineAudit:RunFromMenu () (at Assets/_Project/Scripts/Editor/HectonAssetPipelineAudit.cs:23)
UnityEditor.EditorApplication:ExecuteMenuItemInternal (string,bool)
UnityEditor.EditorApplication:ExecuteMenuItem (string)
MCPForUnity.Editor.Tools.ExecuteMenuItem:HandleCommand (Newtonsoft.Json.Linq.JObject) (at ./Library/PackageCache/com.coplaydev.unity-mcp@d6e58c68cf4b/Editor/Tools/ExecuteMenuItem.cs:38)
MCPForUnity.Editor.Tools.CommandRegistry:ExecuteCommand (string,Newtonsoft.Json.Linq.JObject,System.Threading.Tasks.TaskCompletionSource`1<string>) (at ./Library/PackageCache/com.coplaydev.unity-mcp@d6e58c68cf4b/Editor/Tools/CommandRegistry.cs:236)
MCPForUnity.Editor.Services.Transport.TransportCommandDispatcher:ProcessCommand (string,MCPForUnity.Editor.Services.Transport.TransportCommandDispatcher/PendingCommand) (at ./Library/PackageCache/com.coplaydev.unity-mcp@d6e58c68cf4b/Editor/Services/Transport/TransportCommandDispatcher.cs:366)
MCPForUnity.Editor.Services.Transport.TransportCommandDispatcher:ProcessQueue () (at ./Library/PackageCache/com.coplaydev.unity-mcp@d6e58c68cf4b/Editor/Services/Transport/TransportCommandDispatcher.cs:262)
MCPForUnity.Editor.Services.Transport.TransportCommandDispatcher:<RequestMainThreadPump>g__Pump|11_0 () (at ./Library/PackageCache/com.coplaydev.unity-mcp@d6e58c68cf4b/Editor/Services/Transport/TransportCommandDispatcher.cs:184)
MCPForUnity.Editor.Services.Transport.TransportCommandDispatcher/<>c:<RequestMainThreadPump>b__11_1 (object) (at ./Library/PackageCache/com.coplaydev.unity-mcp@d6e58c68cf4b/Editor/Services/Transport/TransportCommandDispatcher.cs:189)
UnityEngine.UnitySynchronizationContext/WorkRequest:Invoke ()
UnityEngine.UnitySynchronizationContext:Exec ()
UnityEngine.UnitySynchronizationContext:ExecuteTasks ()

(Filename: Assets/_Project/Scripts/Editor/HectonAssetPipelineAudit.cs Line: 23)

[Licensing::Client] Successfully resolved entitlement details
Enlighten scene contents:   0 geometries.   0 instances.   0 systems.   0 probe groups.   0 cube maps. Scene is up-to-date.
[BakePipeline::Driver] Extracted OOTS snapshot with 0 instances, 0 geometries, 0 meshes, 0 materials, 0 lights, 0 cookies in 1.96ms.
[BakePipeline::Driver] Transformed OOTS snapshot into LightBaker scene input (000002D7C7B7A2C0) in 22.28ms. Size: 1.59MB.
[BakePipeline::PreprocessStage] Background thread started.
[PathTracer] Finished packing lightmaps in 0.000005 seconds.
[BakePipeline::BakeStage] Background thread started. Calling LightBaker.
[BakePipeline::BakeStage] LightBaker bake took 0.00ms and succeeded.
[BakePipeline::PostProcessStage] Started.
[00:38:49] Finished 2 Bake Ambient Probe jobs (0.00s execute, 0.00s integrate, 0.54s wallclock)
[BakePipeline::Run] Completed succesfully.
Starting cubemap convolution for '' (size 128)
...took 0.365 seconds
Refreshing native plugins compatible for Editor in 25.06 ms, found 31 plugins.
(Values over 0.050ms)
Asset Pipeline Refresh (id=2b7beeffb7c9cbb44a0ecbe7997f78b5): Total: 0.545 seconds - Initiated by StopAssetImportingV2(NoUpdateAssetOptions)
	Summary:
		Imports: total=0 (actual=0, local cache=0, cache server=0)
		Asset DB Process Time: managed=0 ms, native=215 ms
		Asset DB Callback time: managed=286 ms, native=41 ms
		Scripting: domain reloads=0, domain reload time=0 ms, compile time=0 ms, other=0 ms
		Project Asset Count: scripts=3458, non-scripts=11387
		Asset File Changes: new=0, changed=0, moved=0, deleted=1
		Scan Filter Count: 5
	ApplyChangesToAssetFolders: 0.278ms
	Scan: 21.909ms
	OnSourceAssetsModified: 0.145ms
	ProcessAssetsWithTransientArtifactChanges: 0.410ms
	CategorizeAssets: 151.047ms
	ImportOutOfDateAssets: 17.852ms (2.279ms without children)
		ReloadNativeAssets: 6.001ms
		UnloadImportedAssets: 0.533ms
		EnsureUptoDateAssetsAreRegisteredWithGuidPM: 6.593ms
		OnDemandSchedulerStart: 2.427ms
	PostProcessAllAssets: 283.080ms
		XRBuildSystem.XRAssetImported 2.715ms
		MonoPostProcessAllAssets: 280.094ms
			TextureArrayPreProcessor.OnPostprocessAllAssets 258.710ms
			SyncVS.PostprocessSyncProject 7.861ms
			ShaderGraphAssetPostProcessor.OnPostprocessAllAssets 5.198ms
			SpriteEditorTexturePostprocessor.OnPostprocessAllAssets 2.671ms
			AssetChangedListener.OnPostprocessAllAssets 0.435ms
			RetainedModeAssetPostprocessor.OnPostprocessAllAssets 0.426ms
			RenderPipelineGlobalSettingsPostprocessor.OnPostprocessAllAssets 0.346ms
			InputActionAssetPostprocessor.OnPostprocessAllAssets 0.143ms
			SpeedTree9Postprocessor.OnPostprocessAllAssets 0.115ms
			TemplatePostProcessor.OnPostprocessAllAssets 0.105ms
			TMPro_TexturePostProcessor.OnPostprocessAllAssets 0.097ms
			InputActionJsonNameModifierAssetProcessor.OnPostprocessAllAssets 0.091ms
			ReferencedClipsPostProcessor.OnPostprocessAllAssets 0.087ms
			PostProcessor.OnPostprocessAllAssets 0.065ms
			SceneAssetPostProcessor.OnPostprocessAllAssets 0.052ms
			ProjectSettingsPostprocessor.OnPostprocessAllAssets 0.050ms
	PostAssetChangesProfiler: 45.382ms
	GatherAllCurrentPrimaryImportResultRevisions: 1.290ms
	PersistCurrentRevisions: 1.958ms
	Untracked: 21.711ms

Start importing Assets/_Project/Art/Materials/Mat_HectonSky.mat using Guid(c94a1beef2372b8458941c2ed9d05d5e) (NativeFormatImporter) -> (Import Result ID: '0580978296772947483aeceb7649104f') in 0.0078476 seconds [static dependencies only]. Details - ImportResultOutputID=4aea573fa343cc9e6db08fdf0e640cfd DependenciesID=dc989f3ec318734e2629acb6051377c7 StaticDependenciesID=743b2208db2b42f626beab688be7f430 
Start importing Assets/Crest/Crest/Materials/Ocean.mat using Guid(9def92ac79181fe41b238e91663f0fad) (NativeFormatImporter) -> (Import Result ID: '316b2406323249a4e2abc9c4614cd981') in 0.0068427 seconds [static dependencies only]. Details - ImportResultOutputID=457dbdcbdab05d58f2ef2b70b9fb2383 DependenciesID=492eb80aa1e9a259381ac677f46808ae StaticDependenciesID=ae6c0dda1c2039e424928d85ca2a117b 
Start importing Assets/Crest/Crest/Materials/Ocean-Underwater.mat using Guid(ef94c26e44a36e24a9dcbc5995a2bed1) (NativeFormatImporter) -> (Import Result ID: '027f7f3c390798aaaf0350bee1abf337') in 0.0050301 seconds [static dependencies only]. Details - ImportResultOutputID=5e5485edb13698e01ba0f9fa47abd68f DependenciesID=e594530f52d1c8f33e1d52169d51c671 StaticDependenciesID=97d1eb750d99c8d136920569dd8d1390 
Start importing Assets/_Project/Scenes/02_HECTON_WORLD/LightingData.asset using Guid(786cdbb95e3ced741931571cb0958bcc) (NativeFormatImporter) -> (Import Result ID: '00e23c9f4563240cc7b72ea6ff6c7571') in 0.0051616 seconds [static dependencies only]. Details - ImportResultOutputID=bedeccdc8d860ee4661c4c2912fc3856 DependenciesID=0c7c69f2eea4ae9467f7d491bfe3166f StaticDependenciesID=90a466fe679fcae4a843842347a1bb80 
Refreshing native plugins compatible for Editor in 10.18 ms, found 31 plugins.
(Values over 0.050ms)
Asset Pipeline Refresh (id=a52a0a8111fec6e49997c8b3f236be3d): Total: 0.417 seconds - Initiated by StopAssetImportingV2(NoUpdateAssetOptions)
	Summary:
		Imports: total=4 (actual=4, local cache=0, cache server=0)
		Asset DB Process Time: managed=1 ms, native=233 ms
		Asset DB Callback time: managed=161 ms, native=19 ms
		Scripting: domain reloads=0, domain reload time=0 ms, compile time=0 ms, other=0 ms
		Project Asset Count: scripts=3458, non-scripts=11387
		Asset File Changes: new=0, changed=4, moved=0, deleted=0
		Scan Filter Count: 13
	ApplyChangesToAssetFolders: 0.526ms
	Scan: 22.628ms
	OnSourceAssetsModified: 0.129ms
	ProcessAssetsWithTransientArtifactChanges: 0.252ms
	CategorizeAssets: 119.585ms
	ImportOutOfDateAssets: 65.303ms (4.888ms without children)
		ImportManagerImport: 40.874ms (5.054ms without children)
			UpdateCategorizedAssets: 0.135ms
		ReloadNativeAssets: 10.003ms
		UnloadImportedAssets: 0.645ms
		ReloadImportedAssets: 2.557ms
		EnsureUptoDateAssetsAreRegisteredWithGuidPM: 6.581ms
		OnDemandSchedulerStart: 2.266ms
	PostProcessAllAssets: 164.092ms
		XRBuildSystem.XRAssetImported 3.256ms
		MonoPostProcessAllAssets: 160.346ms
			TextureArrayPreProcessor.OnPostprocessAllAssets 150.470ms
			SyncVS.PostprocessSyncProject 4.040ms
			SpriteEditorTexturePostprocessor.OnPostprocessAllAssets 2.207ms
			ShaderGraphAssetPostProcessor.OnPostprocessAllAssets 1.190ms
			MaterialPostprocessor.OnPostprocessAllAssets 0.344ms
			PostProcessor.OnPostprocessAllAssets 0.175ms
			InputActionAssetPostprocessor.OnPostprocessAllAssets 0.172ms
			RenderPipelineGlobalSettingsPostprocessor.OnPostprocessAllAssets 0.163ms
			AssetChangedListener.OnPostprocessAllAssets 0.122ms
			InputActionJsonNameModifierAssetProcessor.OnPostprocessAllAssets 0.102ms
			TMPro_TexturePostProcessor.OnPostprocessAllAssets 0.087ms
			MatrixAssetTexturePostprocessor.OnPostprocessAllAssets 0.064ms
			TextAssetPostProcessor.OnPostprocessAllAssets 0.052ms
			TemplatePostProcessor.OnPostprocessAllAssets 0.051ms
	PostAssetChangesProfiler: 16.180ms
	GatherAllCurrentPrimaryImportResultRevisions: 3.374ms
	PersistCurrentRevisions: 1.324ms
	UnloadStreamsEnd: 0.128ms
	Untracked: 23.488ms

Refreshing native plugins compatible for Editor in 86.55 ms, found 31 plugins.
(Values over 0.050ms)
Asset Pipeline Refresh (id=6101a08f7f9ec68449285159e9227511): Total: 0.444 seconds - Initiated by StopAssetImportingV2(NoUpdateAssetOptions)
	Summary:
		Imports: total=0 (actual=0, local cache=0, cache server=0)
		Asset DB Process Time: managed=0 ms, native=142 ms
		Asset DB Callback time: managed=192 ms, native=108 ms
		Scripting: domain reloads=0, domain reload time=0 ms, compile time=0 ms, other=0 ms
		Project Asset Count: scripts=3458, non-scripts=11386
		Asset File Changes: new=0, changed=0, moved=0, deleted=1
		Scan Filter Count: 5
	ApplyChangesToAssetFolders: 0.344ms
	Scan: 17.500ms
	OnSourceAssetsModified: 0.133ms
	ProcessAssetsWithTransientArtifactChanges: 0.230ms
	CategorizeAssets: 91.122ms
	ImportOutOfDateAssets: 12.310ms (1.673ms without children)
		ReloadNativeAssets: 3.607ms
		UnloadImportedAssets: 0.342ms
		EnsureUptoDateAssetsAreRegisteredWithGuidPM: 4.249ms
		OnDemandSchedulerStart: 2.425ms
	PostProcessAllAssets: 184.892ms
		XRBuildSystem.XRAssetImported 2.947ms
		MonoPostProcessAllAssets: 181.781ms
			TextureArrayPreProcessor.OnPostprocessAllAssets 172.621ms
			ShaderGraphAssetPostProcessor.OnPostprocessAllAssets 3.177ms
			SyncVS.PostprocessSyncProject 2.553ms
			SpriteEditorTexturePostprocessor.OnPostprocessAllAssets 1.683ms
			AssetChangedListener.OnPostprocessAllAssets 0.551ms
			RenderPipelineGlobalSettingsPostprocessor.OnPostprocessAllAssets 0.146ms
			InputActionAssetPostprocessor.OnPostprocessAllAssets 0.084ms
			ProjectSettingsPostprocessor.OnPostprocessAllAssets 0.074ms
			InputActionJsonNameModifierAssetProcessor.OnPostprocessAllAssets 0.054ms
	PostAssetChangesProfiler: 116.110ms
	GatherAllCurrentPrimaryImportResultRevisions: 1.603ms
	PersistCurrentRevisions: 1.254ms
	Untracked: 18.548ms

[Licensing::Client] Successfully resolved entitlement details
Asset Pipeline Refresh (id=cdfecbdf7c2fbdb4f9c281e4f4517a4a): Total: 0.015 seconds - Initiated by StopAssetImportingV2(NoUpdateAssetOptions)
Asset Pipeline Refresh (id=4e806466963ab234fb91f0ff9e45af59): Total: 0.009 seconds - Initiated by StopAssetImportingV2(NoUpdateAssetOptions)
Start importing Assets/_Project/Scenes/02_HECTON_WORLD/ReflectionProbe-0.exr using Guid(6d60901e7b89c084bbdd725b912c9a8b) (TextureImporter) -> (Import Result ID: '421d82c8bf593dd9b2f68bd3458c3297') in 0.0727131 seconds [static and dynamic dependencies]. Details - ImportResultOutputID=43062533b794169ebd2c1daddc3730be DependenciesID=9f9313059e7ed890b891d301f5f424cd StaticDependenciesID=c9497294946a503e38233ff80bcdf72a 
Refreshing native plugins compatible for Editor in 28.20 ms, found 31 plugins.
(Values over 0.050ms)
Asset Pipeline Refresh (id=e5b3deb19f2e33a46ac4198715574982): Total: 1.221 seconds - Initiated by StopAssetImportingV2(NoUpdateAssetOptions)
	Summary:
		Imports: total=1 (actual=1, local cache=0, cache server=0)
		Asset DB Process Time: managed=17 ms, native=577 ms
		Asset DB Callback time: managed=575 ms, native=48 ms
		Scripting: domain reloads=0, domain reload time=0 ms, compile time=0 ms, other=0 ms
		Project Asset Count: scripts=3458, non-scripts=11387
		Asset File Changes: new=1, changed=1, moved=0, deleted=0
		Scan Filter Count: 5
	ApplyChangesToAssetFolders: 0.510ms
	Scan: 124.358ms
	OnSourceAssetsModified: 0.190ms
	CategorizeScriptCompilationAssets: 0.051ms
	ProcessAssetsWithTransientArtifactChanges: 0.528ms
	CategorizeAssets: 277.037ms
	ImportOutOfDateAssets: 112.046ms (5.184ms without children)
		ImportManagerImport: 78.343ms (4.282ms without children)
			UpdateCategorizedAssets: 0.065ms
		ReloadNativeAssets: 11.219ms
		UnloadImportedAssets: 0.610ms
		EnsureUptoDateAssetsAreRegisteredWithGuidPM: 8.933ms
		OnDemandSchedulerStart: 7.705ms
	PostProcessAllAssets: 578.643ms
		XRBuildSystem.XRAssetImported 5.688ms
		VersionControlSettings.HiddenFilePostprocess 0.073ms
		MonoPostProcessAllAssets: 572.576ms
			TextureArrayPreProcessor.OnPostprocessAllAssets 545.875ms
			SyncVS.PostprocessSyncProject 7.953ms
			ShaderGraphAssetPostProcessor.OnPostprocessAllAssets 4.409ms
			SpriteEditorTexturePostprocessor.OnPostprocessAllAssets 3.304ms
			TMPro_TexturePostProcessor.OnPostprocessAllAssets 2.184ms
			MatrixAssetTexturePostprocessor.OnPostprocessAllAssets 2.029ms
			TextAssetPostProcessor.OnPostprocessAllAssets 1.610ms
			TemplatePostProcessor.OnPostprocessAllAssets 1.090ms
			AssetChangedListener.OnPostprocessAllAssets 0.799ms
			RenderPipelineGlobalSettingsPostprocessor.OnPostprocessAllAssets 0.343ms
			SceneAssetPostProcessor.OnPostprocessAllAssets 0.209ms
			RetainedModeAssetPostprocessor.OnPostprocessAllAssets 0.176ms
			PostProcessor.OnPostprocessAllAssets 0.159ms
			UtilityWindowPostProcessor.OnPostprocessAllAssets 0.126ms
			InputActionAssetPostprocessor.OnPostprocessAllAssets 0.119ms
			SpeedTree9Postprocessor.OnPostprocessAllAssets 0.072ms
			InputActionJsonNameModifierAssetProcessor.OnPostprocessAllAssets 0.063ms
			MaterialPostprocessor.OnPostprocessAllAssets 0.057ms
	PostAssetChangesProfiler: 45.975ms
	GatherAllCurrentPrimaryImportResultRevisions: 3.203ms
	PersistCurrentRevisions: 3.896ms
	Untracked: 74.482ms

Start importing Assets/_Project/Scenes/02_HECTON_WORLD/ReflectionProbe-0.exr using Guid(6d60901e7b89c084bbdd725b912c9a8b) (TextureImporter)Starting cubemap convolution for '' (size 128)
...took 0.364 seconds
 -> (Import Result ID: '94be4e8eb7b4e05074979195fecc455f') in 1.2415816 seconds [static and dynamic dependencies]. Details - ImportResultOutputID=a87f9aa9477bca1fe3a3a3c5bfee482d DependenciesID=a84f57e8119234008f2543486492bff0 StaticDependenciesID=3d228a2b8baf93c9f95dca2216ea7aed 
Refreshing native plugins compatible for Editor in 9.20 ms, found 31 plugins.
(Values over 0.050ms)
Asset Pipeline Refresh (id=6ed1e7a9caa062e48b0833547c005c6c): Total: 2.171 seconds - Initiated by StopAssetImportingV2(NoUpdateAssetOptions)
	Summary:
		Imports: total=1 (actual=1, local cache=0, cache server=0)
		Asset DB Process Time: managed=1 ms, native=1940 ms
		Asset DB Callback time: managed=204 ms, native=22 ms
		Scripting: domain reloads=0, domain reload time=0 ms, compile time=0 ms, other=0 ms
		Project Asset Count: scripts=3458, non-scripts=11387
		Asset File Changes: new=0, changed=2, moved=0, deleted=0
		Scan Filter Count: 5
	ApplyChangesToAssetFolders: 2.295ms
	Scan: 60.866ms
	OnSourceAssetsModified: 0.386ms
	CategorizeScriptCompilationAssets: 0.223ms
	ProcessAssetsWithTransientArtifactChanges: 1.319ms
	CategorizeAssets: 516.896ms
	ImportOutOfDateAssets: 1287.524ms (2.762ms without children)
		ImportManagerImport: 1251.188ms (5.022ms without children)
			UpdateCategorizedAssets: 0.055ms
		ReloadNativeAssets: 12.474ms
		UnloadImportedAssets: 1.188ms
		ReloadImportedAssets: 0.590ms
		EnsureUptoDateAssetsAreRegisteredWithGuidPM: 17.066ms
		OnDemandSchedulerStart: 2.785ms
	PostProcessAllAssets: 211.148ms
		XRBuildSystem.XRAssetImported 6.939ms
		MonoPostProcessAllAssets: 203.854ms
			TextureArrayPreProcessor.OnPostprocessAllAssets 194.568ms
			SyncVS.PostprocessSyncProject 3.237ms
			ShaderGraphAssetPostProcessor.OnPostprocessAllAssets 2.916ms
			SpriteEditorTexturePostprocessor.OnPostprocessAllAssets 1.195ms
			RenderPipelineGlobalSettingsPostprocessor.OnPostprocessAllAssets 0.210ms
			AssetChangedListener.OnPostprocessAllAssets 0.153ms
			TMPro_TexturePostProcessor.OnPostprocessAllAssets 0.105ms
			PostProcessor.OnPostprocessAllAssets 0.093ms
			TemplatePostProcessor.OnPostprocessAllAssets 0.062ms
			SceneAssetPostProcessor.OnPostprocessAllAssets 0.060ms
			InputActionAssetPostprocessor.OnPostprocessAllAssets 0.051ms
	PostAssetChangesProfiler: 15.922ms
	GatherAllCurrentPrimaryImportResultRevisions: 3.003ms
	UnloadStreamsBegin: 0.146ms
	PersistCurrentRevisions: 3.187ms
	Untracked: 68.352ms

> Collecting Enlighten data
Start importing Assets/_Project/Scenes/02_HECTON_WORLD/LightingData.asset using Guid(786cdbb95e3ced741931571cb0958bcc) (NativeFormatImporter) -> (Import Result ID: '4ff002960f52c4e041c16c12c416c991') in 0.0138632 seconds [static dependencies only]. Details - ImportResultOutputID=e76a472adaf845fd6f000a1daebed150 DependenciesID=864aae0eead06659116c9c7a226bb682 StaticDependenciesID=cff5a525946172b2e2345ad1ff5d43df 
Refreshing native plugins compatible for Editor in 9.08 ms, found 31 plugins.
(Values over 0.050ms)
Asset Pipeline Refresh (id=9a5afc11915456e4ca8845a8ba7fbdd3): Total: 0.516 seconds - Initiated by StopAssetImportingV2(NoUpdateAssetOptions)
	Summary:
		Imports: total=1 (actual=1, local cache=0, cache server=0)
		Asset DB Process Time: managed=0 ms, native=263 ms
		Asset DB Callback time: managed=231 ms, native=18 ms
		Scripting: domain reloads=0, domain reload time=0 ms, compile time=0 ms, other=0 ms
		Project Asset Count: scripts=3458, non-scripts=11388
		Asset File Changes: new=1, changed=1, moved=0, deleted=0
		Scan Filter Count: 5
	ApplyChangesToAssetFolders: 0.356ms
	Scan: 16.521ms
	OnSourceAssetsModified: 0.196ms
	ProcessAssetsWithTransientArtifactChanges: 0.229ms
	CategorizeAssets: 144.114ms
	ImportOutOfDateAssets: 67.137ms (11.144ms without children)
		ImportManagerImport: 24.992ms (8.187ms without children)
			UpdateCategorizedAssets: 0.056ms
		ReloadNativeAssets: 9.670ms
		UnloadImportedAssets: 1.099ms
		EnsureUptoDateAssetsAreRegisteredWithGuidPM: 13.161ms
		OnDemandSchedulerStart: 6.989ms
	PostProcessAllAssets: 236.909ms
		XRBuildSystem.XRAssetImported 5.332ms
		VersionControlSettings.HiddenFilePostprocess 0.118ms
		MonoPostProcessAllAssets: 231.093ms
			TextureArrayPreProcessor.OnPostprocessAllAssets 225.393ms
			SyncVS.PostprocessSyncProject 2.521ms
			SpriteEditorTexturePostprocessor.OnPostprocessAllAssets 1.422ms
			ShaderGraphAssetPostProcessor.OnPostprocessAllAssets 0.238ms
			RenderPipelineGlobalSettingsPostprocessor.OnPostprocessAllAssets 0.214ms
			AssetChangedListener.OnPostprocessAllAssets 0.123ms
			PostProcessor.OnPostprocessAllAssets 0.093ms
			TemplatePostProcessor.OnPostprocessAllAssets 0.077ms
			TMPro_TexturePostProcessor.OnPostprocessAllAssets 0.055ms
			MatrixAssetTexturePostprocessor.OnPostprocessAllAssets 0.050ms
	PostAssetChangesProfiler: 13.278ms
	GatherAllCurrentPrimaryImportResultRevisions: 1.752ms
	PersistCurrentRevisions: 2.841ms
	Untracked: 32.340ms

[Licensing::Client] Successfully resolved entitlement details
[Licensing::Client] Successfully resolved entitlement details
[ScriptCompilation] Requested script compilation because: Requested through public api
info: Microsoft.AspNetCore.Hosting.Diagnostics[1]
      Request starting HTTP/2 POST http://ilpp/UnityILPP.PostProcessing/Ping - application/grpc -
info: Microsoft.AspNetCore.Routing.EndpointMiddleware[0]
      Executing endpoint 'gRPC - /UnityILPP.PostProcessing/Ping'
info: Microsoft.AspNetCore.Routing.EndpointMiddleware[1]
      Executed endpoint 'gRPC - /UnityILPP.PostProcessing/Ping'
info: Microsoft.AspNetCore.Hosting.Diagnostics[2]
      Request finished HTTP/2 POST http://ilpp/UnityILPP.PostProcessing/Ping - 200 - application/grpc 0.1402ms
Starting: C:\Program Files\Unity\Hub\Editor\6000.4.1f1\Editor\Data\Tools\BuildPipeline\bee_backend.exe --ipc --defer-dag-verification --dagfile="Library/Bee/1900b0aEDbg.dag" --continue-on-failure --profile="Library/Bee/backend1.traceevents" ScriptAssemblies
WorkingDir: C:/hades/Hecton8
info: Microsoft.AspNetCore.Hosting.Diagnostics[1]
      Request starting HTTP/2 POST http://ilpp/UnityILPP.PostProcessing/ConfigurePostProcessors - application/grpc -
info: Microsoft.AspNetCore.Routing.EndpointMiddleware[0]
      Executing endpoint 'gRPC - /UnityILPP.PostProcessing/ConfigurePostProcessors'
info: Unity.ILPP.Runner.PostProcessingAssemblyLoadContext[0]
      Current configuration matches the requested one, skipping
info: Microsoft.AspNetCore.Routing.EndpointMiddleware[1]
      Executed endpoint 'gRPC - /UnityILPP.PostProcessing/ConfigurePostProcessors'
info: Microsoft.AspNetCore.Hosting.Diagnostics[2]
      Request finished HTTP/2 POST http://ilpp/UnityILPP.PostProcessing/ConfigurePostProcessors - 200 - application/grpc 3.0920ms
info: Microsoft.AspNetCore.Hosting.Diagnostics[1]
      Request starting HTTP/2 POST http://ilpp/UnityILPP.PostProcessing/PostProcessAssembly - application/grpc -
info: Microsoft.AspNetCore.Routing.EndpointMiddleware[0]
      Executing endpoint 'gRPC - /UnityILPP.PostProcessing/PostProcessAssembly'
info: Microsoft.AspNetCore.Hosting.Diagnostics[1]
      Request starting HTTP/2 POST http://ilpp/UnityILPP.PostProcessing/PostProcessAssembly - application/grpc -
info: Microsoft.AspNetCore.Routing.EndpointMiddleware[0]
      Executing endpoint 'gRPC - /UnityILPP.PostProcessing/PostProcessAssembly'
info: Microsoft.AspNetCore.Hosting.Diagnostics[1]
      Request starting HTTP/2 POST http://ilpp/UnityILPP.PostProcessing/PostProcessAssembly - application/grpc -
info: Microsoft.AspNetCore.Routing.EndpointMiddleware[0]
      Executing endpoint 'gRPC - /UnityILPP.PostProcessing/PostProcessAssembly'
info: Unity.ILPP.Runner.PostProcessingPipeline[0]
      Processing assembly Library/Bee/artifacts/1900b0aEDbg.dag/Assembly-CSharp-Editor-firstpass.dll, with 159 defines and 459 references
info: Unity.ILPP.Runner.PostProcessingPipeline[0]
      Processing assembly Library/Bee/artifacts/1900b0aEDbg.dag/Hecton8.Editor.dll, with 159 defines and 323 references
info: Unity.ILPP.Runner.PostProcessingPipeline[0]
      processors: Unity.Entities.CodeGen.EntitiesILPostProcessors, Unity.Jobs.CodeGen.JobsILPostProcessor, zzzUnity.Burst.CodeGen.BurstILPostProcessor
info: Unity.ILPP.Runner.PostProcessingPipeline[0]
      processors: Unity.Entities.CodeGen.EntitiesILPostProcessors, Unity.Jobs.CodeGen.JobsILPostProcessor, zzzUnity.Burst.CodeGen.BurstILPostProcessor
info: Unity.ILPP.Runner.PostProcessingPipeline[0]
      Processing assembly Library/Bee/artifacts/1900b0aEDbg.dag/Assembly-CSharp-firstpass.dll, with 161 defines and 435 references
info: Unity.ILPP.Runner.PostProcessingPipeline[0]
      processors: Unity.Entities.CodeGen.EntitiesILPostProcessors, Unity.Jobs.CodeGen.JobsILPostProcessor, zzzUnity.Burst.CodeGen.BurstILPostProcessor
info: Microsoft.AspNetCore.Hosting.Diagnostics[1]
      Request starting HTTP/2 POST http://ilpp/UnityILPP.PostProcessing/PostProcessAssembly - application/grpc -
info: Microsoft.AspNetCore.Routing.EndpointMiddleware[0]
      Executing endpoint 'gRPC - /UnityILPP.PostProcessing/PostProcessAssembly'
info: Microsoft.AspNetCore.Hosting.Diagnostics[1]
      Request starting HTTP/2 POST http://ilpp/UnityILPP.PostProcessing/PostProcessAssembly - application/grpc -
info: Microsoft.AspNetCore.Routing.EndpointMiddleware[0]
      Executing endpoint 'gRPC - /UnityILPP.PostProcessing/PostProcessAssembly'
info: Microsoft.AspNetCore.Hosting.Diagnostics[1]
      Request starting HTTP/2 POST http://ilpp/UnityILPP.PostProcessing/PostProcessAssembly - application/grpc -
info: Microsoft.AspNetCore.Routing.EndpointMiddleware[0]
      Executing endpoint 'gRPC - /UnityILPP.PostProcessing/PostProcessAssembly'
info: Unity.ILPP.Runner.PostProcessingPipeline[0]
      Processing assembly Library/Bee/artifacts/1900b0aEDbg.dag/Hecton8.Input.dll, with 161 defines and 304 references
info: Unity.ILPP.Runner.PostProcessingPipeline[0]
      processors: Unity.Entities.CodeGen.EntitiesILPostProcessors, Unity.Jobs.CodeGen.JobsILPostProcessor, zzzUnity.Burst.CodeGen.BurstILPostProcessor
info: Microsoft.AspNetCore.Hosting.Diagnostics[1]
      Request starting HTTP/2 POST http://ilpp/UnityILPP.PostProcessing/PostProcessAssembly - application/grpc -
info: Microsoft.AspNetCore.Routing.EndpointMiddleware[0]
      Executing endpoint 'gRPC - /UnityILPP.PostProcessing/PostProcessAssembly'
info: Unity.ILPP.Runner.PostProcessingPipeline[0]
      running Unity.Entities.CodeGen.EntitiesILPostProcessors
info: Unity.ILPP.Runner.PostProcessingPipeline[0]
      running Unity.Jobs.CodeGen.JobsILPostProcessor
info: Unity.ILPP.Runner.PostProcessingPipeline[0]
      Processing assembly Library/Bee/artifacts/1900b0aEDbg.dag/Hecton8.Core.dll, with 161 defines and 322 references
info: Unity.ILPP.Runner.PostProcessingPipeline[0]
      running zzzUnity.Burst.CodeGen.BurstILPostProcessor
info: Unity.ILPP.Runner.PostProcessingPipeline[0]
      Processing assembly Library/Bee/artifacts/1900b0aEDbg.dag/Assembly-CSharp-Editor.dll, with 159 defines and 461 references
info: Unity.ILPP.Runner.PostProcessingPipeline[0]
      processors: Unity.Entities.CodeGen.EntitiesILPostProcessors, Unity.Jobs.CodeGen.JobsILPostProcessor, zzzUnity.Burst.CodeGen.BurstILPostProcessor
info: Unity.ILPP.Runner.PostProcessingPipeline[0]
      processors: Unity.Entities.CodeGen.EntitiesILPostProcessors, Unity.Jobs.CodeGen.JobsILPostProcessor, zzzUnity.Burst.CodeGen.BurstILPostProcessor
info: Unity.ILPP.Runner.PostProcessingPipeline[0]
      running Unity.Entities.CodeGen.EntitiesILPostProcessors
info: Unity.ILPP.Runner.PostProcessingPipeline[0]
      Processing assembly Library/Bee/artifacts/1900b0aEDbg.dag/Assembly-CSharp.dll, with 161 defines and 436 references
info: Unity.ILPP.Runner.PostProcessingPipeline[0]
      processors: Unity.Entities.CodeGen.EntitiesILPostProcessors, Unity.Jobs.CodeGen.JobsILPostProcessor, zzzUnity.Burst.CodeGen.BurstILPostProcessor
info: Microsoft.AspNetCore.Routing.EndpointMiddleware[1]
      Executed endpoint 'gRPC - /UnityILPP.PostProcessing/PostProcessAssembly'
info: Microsoft.AspNetCore.Hosting.Diagnostics[2]
      Request finished HTTP/2 POST http://ilpp/UnityILPP.PostProcessing/PostProcessAssembly - 200 - application/grpc 19.9553ms
info: Unity.ILPP.Runner.PostProcessingPipeline[0]
      running Unity.Entities.CodeGen.EntitiesILPostProcessors
info: Unity.ILPP.Runner.PostProcessingPipeline[0]
      running Unity.Entities.CodeGen.EntitiesILPostProcessors
info: Unity.ILPP.Runner.PostProcessingPipeline[0]
      running Unity.Entities.CodeGen.EntitiesILPostProcessors
info: Unity.ILPP.Runner.PostProcessingPipeline[0]
      running Unity.Entities.CodeGen.EntitiesILPostProcessors
info: Unity.ILPP.Runner.PostProcessingPipeline[0]
      running Unity.Jobs.CodeGen.JobsILPostProcessor
info: Unity.ILPP.Runner.PostProcessingPipeline[0]
      running zzzUnity.Burst.CodeGen.BurstILPostProcessor
info: Microsoft.AspNetCore.Routing.EndpointMiddleware[1]
      Executed endpoint 'gRPC - /UnityILPP.PostProcessing/PostProcessAssembly'
info: Microsoft.AspNetCore.Hosting.Diagnostics[2]
      Request finished HTTP/2 POST http://ilpp/UnityILPP.PostProcessing/PostProcessAssembly - 200 - application/grpc 92.8027ms
info: Unity.ILPP.Runner.PostProcessingPipeline[0]
      running Unity.Entities.CodeGen.EntitiesILPostProcessors
info: Unity.ILPP.Runner.PostProcessingPipeline[0]
      running Unity.Jobs.CodeGen.JobsILPostProcessor
  - EILPP : Assembly-CSharp : : 768ms (~228ms)
    - EILPP : Assembly-CSharp : GetAllComponentTypes: 55ms 
    - EILPP : Assembly-CSharp : ComponentDataPP: 34ms 
    - EILPP : Assembly-CSharp : StaticTypeRegistryPostProcessor: 74ms 
    - EILPP : Assembly-CSharp : WriteAssembly: 377ms 
info: Unity.ILPP.Runner.PostProcessingPipeline[0]
      running Unity.Jobs.CodeGen.JobsILPostProcessor
info: Unity.ILPP.Runner.PostProcessingPipeline[0]
      running zzzUnity.Burst.CodeGen.BurstILPostProcessor
  - EILPP : Assembly-CSharp-Editor : : 1004ms (~270ms)
    - EILPP : Assembly-CSharp-Editor : GetAllComponentTypes: 217ms 
    - EILPP : Assembly-CSharp-Editor : ComponentDataPP: 40ms 
    - EILPP : Assembly-CSharp-Editor : StaticTypeRegistryPostProcessor: 52ms 
    - EILPP : Assembly-CSharp-Editor : WriteAssembly: 425ms 
info: Unity.ILPP.Runner.PostProcessingPipeline[0]
      running Unity.Jobs.CodeGen.JobsILPostProcessor
  - EILPP : Assembly-CSharp-firstpass : : 1118ms (~332ms)
    - EILPP : Assembly-CSharp-firstpass : GetAllComponentTypes: 80ms 
    - EILPP : Assembly-CSharp-firstpass : ComponentDataPP: 132ms 
    - EILPP : Assembly-CSharp-firstpass : StaticTypeRegistryPostProcessor: 9ms 
    - EILPP : Assembly-CSharp-firstpass : WriteAssembly: 565ms 
info: Unity.ILPP.Runner.PostProcessingPipeline[0]
      running Unity.Jobs.CodeGen.JobsILPostProcessor
info: Unity.ILPP.Runner.PostProcessingPipeline[0]
      running zzzUnity.Burst.CodeGen.BurstILPostProcessor
info: Microsoft.AspNetCore.Routing.EndpointMiddleware[1]
      Executed endpoint 'gRPC - /UnityILPP.PostProcessing/PostProcessAssembly'
info: Microsoft.AspNetCore.Hosting.Diagnostics[2]
      Request finished HTTP/2 POST http://ilpp/UnityILPP.PostProcessing/PostProcessAssembly - 200 - application/grpc 1393.2538ms
  - EILPP : Assembly-CSharp-Editor-firstpass : : 1359ms (~268ms)
    - EILPP : Assembly-CSharp-Editor-firstpass : GetAllComponentTypes: 154ms 
    - EILPP : Assembly-CSharp-Editor-firstpass : ComponentDataPP: 52ms 
    - EILPP : Assembly-CSharp-Editor-firstpass : StaticTypeRegistryPostProcessor: 99ms 
    - EILPP : Assembly-CSharp-Editor-firstpass : WriteAssembly: 786ms 
info: Unity.ILPP.Runner.PostProcessingPipeline[0]
      running Unity.Jobs.CodeGen.JobsILPostProcessor
info: Unity.ILPP.Runner.PostProcessingPipeline[0]
      running zzzUnity.Burst.CodeGen.BurstILPostProcessor
info: Unity.ILPP.Runner.PostProcessingPipeline[0]
      running zzzUnity.Burst.CodeGen.BurstILPostProcessor
info: Microsoft.AspNetCore.Routing.EndpointMiddleware[1]
      Executed endpoint 'gRPC - /UnityILPP.PostProcessing/PostProcessAssembly'
info: Microsoft.AspNetCore.Hosting.Diagnostics[2]
      Request finished HTTP/2 POST http://ilpp/UnityILPP.PostProcessing/PostProcessAssembly - 200 - application/grpc 1792.8921ms
info: Microsoft.AspNetCore.Routing.EndpointMiddleware[1]
      Executed endpoint 'gRPC - /UnityILPP.PostProcessing/PostProcessAssembly'
info: Microsoft.AspNetCore.Hosting.Diagnostics[2]
      Request finished HTTP/2 POST http://ilpp/UnityILPP.PostProcessing/PostProcessAssembly - 200 - application/grpc 1800.7967ms
info: Microsoft.AspNetCore.Routing.EndpointMiddleware[1]
      Executed endpoint 'gRPC - /UnityILPP.PostProcessing/PostProcessAssembly'
info: Microsoft.AspNetCore.Hosting.Diagnostics[2]
      Request finished HTTP/2 POST http://ilpp/UnityILPP.PostProcessing/PostProcessAssembly - 200 - application/grpc 1799.1211ms
info: Unity.ILPP.Runner.PostProcessingPipeline[0]
      running zzzUnity.Burst.CodeGen.BurstILPostProcessor
info: Microsoft.AspNetCore.Routing.EndpointMiddleware[1]
      Executed endpoint 'gRPC - /UnityILPP.PostProcessing/PostProcessAssembly'
info: Microsoft.AspNetCore.Hosting.Diagnostics[2]
      Request finished HTTP/2 POST http://ilpp/UnityILPP.PostProcessing/PostProcessAssembly - 200 - application/grpc 4070.6267ms
ExitCode: 0 Duration: 5s653ms
[1507/2034  0s] ILPP-Configuration Library/ilpp-configuration.nevergeneratedoutput
[2006/2034  0s] Csc Library/Bee/artifacts/1900b0aEDbg.dag/Hecton8.Input.dll (+2 others)
[2013/2034  0s] ILPostProcess Library/Bee/artifacts/1900b0aEDbg.dag/post-processed/Hecton8.Input.dll (+pdb)
Processing assembly Library/Bee/artifacts/1900b0aEDbg.dag/Hecton8.Input.dll, with 161 defines and 304 references

processors: Unity.Entities.CodeGen.EntitiesILPostProcessors, Unity.Jobs.CodeGen.JobsILPostProcessor, zzzUnity.Burst.CodeGen.BurstILPostProcessor

running Unity.Entities.CodeGen.EntitiesILPostProcessors

running Unity.Jobs.CodeGen.JobsILPostProcessor

running zzzUnity.Burst.CodeGen.BurstILPostProcessor
[2014/2034  0s] CopyFiles Library/ScriptAssemblies/Hecton8.Input.pdb
[2015/2034  0s] CopyFiles Library/ScriptAssemblies/Hecton8.Input.dll
[2016/2034  0s] ILPostProcess Library/Bee/artifacts/1900b0aEDbg.dag/post-processed/Hecton8.Editor.dll (+pdb)
Processing assembly Library/Bee/artifacts/1900b0aEDbg.dag/Hecton8.Editor.dll, with 159 defines and 323 references

processors: Unity.Entities.CodeGen.EntitiesILPostProcessors, Unity.Jobs.CodeGen.JobsILPostProcessor, zzzUnity.Burst.CodeGen.BurstILPostProcessor

running Unity.Entities.CodeGen.EntitiesILPostProcessors

running Unity.Jobs.CodeGen.JobsILPostProcessor

running zzzUnity.Burst.CodeGen.BurstILPostProcessor
[2019/2034  1s] ILPostProcess Library/Bee/artifacts/1900b0aEDbg.dag/post-processed/Assembly-CSharp.dll (+pdb)
Processing assembly Library/Bee/artifacts/1900b0aEDbg.dag/Assembly-CSharp.dll, with 161 defines and 436 references

processors: Unity.Entities.CodeGen.EntitiesILPostProcessors, Unity.Jobs.CodeGen.JobsILPostProcessor, zzzUnity.Burst.CodeGen.BurstILPostProcessor

running Unity.Entities.CodeGen.EntitiesILPostProcessors

running Unity.Jobs.CodeGen.JobsILPostProcessor

running zzzUnity.Burst.CodeGen.BurstILPostProcessor
[2022/2034  2s] ILPostProcess Library/Bee/artifacts/1900b0aEDbg.dag/post-processed/Assembly-CSharp-Editor-firstpass.dll (+pdb)
Processing assembly Library/Bee/artifacts/1900b0aEDbg.dag/Assembly-CSharp-Editor-firstpass.dll, with 159 defines and 459 references

processors: Unity.Entities.CodeGen.EntitiesILPostProcessors, Unity.Jobs.CodeGen.JobsILPostProcessor, zzzUnity.Burst.CodeGen.BurstILPostProcessor

running Unity.Entities.CodeGen.EntitiesILPostProcessors

running Unity.Jobs.CodeGen.JobsILPostProcessor

running zzzUnity.Burst.CodeGen.BurstILPostProcessor
[2023/2034  2s] ILPostProcess Library/Bee/artifacts/1900b0aEDbg.dag/post-processed/Assembly-CSharp-firstpass.dll (+pdb)
Processing assembly Library/Bee/artifacts/1900b0aEDbg.dag/Assembly-CSharp-firstpass.dll, with 161 defines and 435 references

processors: Unity.Entities.CodeGen.EntitiesILPostProcessors, Unity.Jobs.CodeGen.JobsILPostProcessor, zzzUnity.Burst.CodeGen.BurstILPostProcessor

running Unity.Entities.CodeGen.EntitiesILPostProcessors

running Unity.Jobs.CodeGen.JobsILPostProcessor

running zzzUnity.Burst.CodeGen.BurstILPostProcessor
[2024/2034  2s] ILPostProcess Library/Bee/artifacts/1900b0aEDbg.dag/post-processed/Assembly-CSharp-Editor.dll (+pdb)
Processing assembly Library/Bee/artifacts/1900b0aEDbg.dag/Assembly-CSharp-Editor.dll, with 159 defines and 461 references

processors: Unity.Entities.CodeGen.EntitiesILPostProcessors, Unity.Jobs.CodeGen.JobsILPostProcessor, zzzUnity.Burst.CodeGen.BurstILPostProcessor

running Unity.Entities.CodeGen.EntitiesILPostProcessors

running Unity.Jobs.CodeGen.JobsILPostProcessor

running zzzUnity.Burst.CodeGen.BurstILPostProcessor
[2031/2034  4s] ILPostProcess Library/Bee/artifacts/1900b0aEDbg.dag/post-processed/Hecton8.Core.dll (+pdb)
Processing assembly Library/Bee/artifacts/1900b0aEDbg.dag/Hecton8.Core.dll, with 161 defines and 322 references

processors: Unity.Entities.CodeGen.EntitiesILPostProcessors, Unity.Jobs.CodeGen.JobsILPostProcessor, zzzUnity.Burst.CodeGen.BurstILPostProcessor

running Unity.Entities.CodeGen.EntitiesILPostProcessors

running Unity.Jobs.CodeGen.JobsILPostProcessor

running zzzUnity.Burst.CodeGen.BurstILPostProcessor
*** Tundra build success (5.60 seconds), 11 items updated, 2034 evaluated
Reloading assemblies after finishing script compilation.
Reloading assemblies after forced synchronous recompile.
Assembly DocCodeExamples.dll at Library/ScriptAssemblies/DocCodeExamples.dll not valid. Loading of assembly skipped.
Assembly DocCodeSamples.dll at Library/ScriptAssemblies/DocCodeSamples.dll not valid. Loading of assembly skipped.
Assembly Hecton8.EditModeTests.dll at Library/ScriptAssemblies/Hecton8.EditModeTests.dll not valid. Loading of assembly skipped.
Assembly Hecton8.PlayModeTests.dll at Library/ScriptAssemblies/Hecton8.PlayModeTests.dll not valid. Loading of assembly skipped.
Assembly MockTests.dll at Library/ScriptAssemblies/MockTests.dll not valid. Loading of assembly skipped.
Assembly TestNewCustomAssembly.dll at Library/ScriptAssemblies/TestNewCustomAssembly.dll not valid. Loading of assembly skipped.
Assembly TypeDependencyCacheTestAssembly.dll at Library/ScriptAssemblies/TypeDependencyCacheTestAssembly.dll not valid. Loading of assembly skipped.
Assembly Unity.2D.Sprite.Package.EditorTests.dll at Library/ScriptAssemblies/Unity.2D.Sprite.Package.EditorTests.dll not valid. Loading of assembly skipped.
Assembly Unity.Burst.Tests.dll at Library/ScriptAssemblies/Unity.Burst.Tests.dll not valid. Loading of assembly skipped.
Assembly Unity.Collections.BurstCompatibilityGen.dll at Library/ScriptAssemblies/Unity.Collections.BurstCompatibilityGen.dll not valid. Loading of assembly skipped.
Assembly Unity.Collections.DocCodeSamples.dll at Library/ScriptAssemblies/Unity.Collections.DocCodeSamples.dll not valid. Loading of assembly skipped.
Assembly Unity.Collections.PerformanceTests.dll at Library/ScriptAssemblies/Unity.Collections.PerformanceTests.dll not valid. Loading of assembly skipped.
Assembly Unity.Collections.Tests.dll at Library/ScriptAssemblies/Unity.Collections.Tests.dll not valid. Loading of assembly skipped.
Assembly Unity.Collections.Tests.Playmode.dll at Library/ScriptAssemblies/Unity.Collections.Tests.Playmode.dll not valid. Loading of assembly skipped.
Assembly Unity.Entities.CodeGen.Tests.dll at Library/ScriptAssemblies/Unity.Entities.CodeGen.Tests.dll not valid. Loading of assembly skipped.
Assembly Unity.Entities.ContentDelivery.Tests.dll at Library/ScriptAssemblies/Unity.Entities.ContentDelivery.Tests.dll not valid. Loading of assembly skipped.
Assembly Unity.Entities.Editor.PerformanceTests.dll at Library/ScriptAssemblies/Unity.Entities.Editor.PerformanceTests.dll not valid. Loading of assembly skipped.
Assembly Unity.Entities.Editor.Tests.dll at Library/ScriptAssemblies/Unity.Entities.Editor.Tests.dll not valid. Loading of assembly skipped.
Assembly Unity.Entities.Hybrid.EndToEnd.Tests.dll at Library/ScriptAssemblies/Unity.Entities.Hybrid.EndToEnd.Tests.dll not valid. Loading of assembly skipped.
Assembly Unity.Entities.Hybrid.PerformanceTests.dll at Library/ScriptAssemblies/Unity.Entities.Hybrid.PerformanceTests.dll not valid. Loading of assembly skipped.
Assembly Unity.Entities.Hybrid.Tests.dll at Library/ScriptAssemblies/Unity.Entities.Hybrid.Tests.dll not valid. Loading of assembly skipped.
Assembly Unity.Entities.Hybrid.Tests.ExcludedAssembly.dll at Library/ScriptAssemblies/Unity.Entities.Hybrid.Tests.ExcludedAssembly.dll not valid. Loading of assembly skipped.
Assembly Unity.Entities.Hybrid.Tests.SeparateAssembly.dll at Library/ScriptAssemblies/Unity.Entities.Hybrid.Tests.SeparateAssembly.dll not valid. Loading of assembly skipped.
Assembly Unity.Entities.PerformanceTests.dll at Library/ScriptAssemblies/Unity.Entities.PerformanceTests.dll not valid. Loading of assembly skipped.
Assembly Unity.Entities.TestComponents.dll at Library/ScriptAssemblies/Unity.Entities.TestComponents.dll not valid. Loading of assembly skipped.
Assembly Unity.Entities.Tests.dll at Library/ScriptAssemblies/Unity.Entities.Tests.dll not valid. Loading of assembly skipped.
Assembly Unity.Entities.Tests.InAnotherAssembly.dll at Library/ScriptAssemblies/Unity.Entities.Tests.InAnotherAssembly.dll not valid. Loading of assembly skipped.
Assembly Unity.Entities.Tests.InAnotherEmptyAssembly.dll at Library/ScriptAssemblies/Unity.Entities.Tests.InAnotherEmptyAssembly.dll not valid. Loading of assembly skipped.
Assembly Unity.InputSystem.IntegrationTests.dll at Library/ScriptAssemblies/Unity.InputSystem.IntegrationTests.dll not valid. Loading of assembly skipped.
Assembly Unity.Mathematics.Extensions.Tests.dll at Library/ScriptAssemblies/Unity.Mathematics.Extensions.Tests.dll not valid. Loading of assembly skipped.
Assembly Unity.Mathematics.Tests.dll at Library/ScriptAssemblies/Unity.Mathematics.Tests.dll not valid. Loading of assembly skipped.
Assembly Unity.Multiplayer.Center.Editor.Tests.dll at Library/ScriptAssemblies/Unity.Multiplayer.Center.Editor.Tests.dll not valid. Loading of assembly skipped.
Assembly Unity.Multiplayer.Center.Tests.dll at Library/ScriptAssemblies/Unity.Multiplayer.Center.Tests.dll not valid. Loading of assembly skipped.
Assembly Unity.Nuget.Mono-Cecil.dll at Library/ScriptAssemblies/Unity.Nuget.Mono-Cecil.dll not valid. Loading of assembly skipped.
Assembly Unity.PathTracing.Editor.Tests.dll at Library/ScriptAssemblies/Unity.PathTracing.Editor.Tests.dll not valid. Loading of assembly skipped.
Assembly Unity.PathTracing.Runtime.Tests.dll at Library/ScriptAssemblies/Unity.PathTracing.Runtime.Tests.dll not valid. Loading of assembly skipped.
Assembly Unity.Properties.CodeGen.IntegrationTests.DependencyA.dll at Library/ScriptAssemblies/Unity.Properties.CodeGen.IntegrationTests.DependencyA.dll not valid. Loading of assembly skipped.
Assembly Unity.Properties.CodeGen.IntegrationTests.DependencyB.dll at Library/ScriptAssemblies/Unity.Properties.CodeGen.IntegrationTests.DependencyB.dll not valid. Loading of assembly skipped.
Assembly Unity.Properties.CodeGen.IntegrationTests.DependencyC.dll at Library/ScriptAssemblies/Unity.Properties.CodeGen.IntegrationTests.DependencyC.dll not valid. Loading of assembly skipped.
Assembly Unity.Properties.CodeGen.IntegrationTests.dll at Library/ScriptAssemblies/Unity.Properties.CodeGen.IntegrationTests.dll not valid. Loading of assembly skipped.
Assembly Unity.Properties.CodeGen.UntaggedAssemblyTests.dll at Library/ScriptAssemblies/Unity.Properties.CodeGen.UntaggedAssemblyTests.dll not valid. Loading of assembly skipped.
Assembly Unity.Properties.dll at Library/ScriptAssemblies/Unity.Properties.dll not valid. Loading of assembly skipped.
Assembly Unity.Properties.PerformanceTests.dll at Library/ScriptAssemblies/Unity.Properties.PerformanceTests.dll not valid. Loading of assembly skipped.
Assembly Unity.Properties.Reflection.Tests.dll at Library/ScriptAssemblies/Unity.Properties.Reflection.Tests.dll not valid. Loading of assembly skipped.
Assembly Unity.Properties.Tests.dll at Library/ScriptAssemblies/Unity.Properties.Tests.dll not valid. Loading of assembly skipped.
Assembly Unity.RenderPipelines.Core.Editor.Tests.dll at Library/ScriptAssemblies/Unity.RenderPipelines.Core.Editor.Tests.dll not valid. Loading of assembly skipped.
Assembly Unity.RenderPipelines.Core.Runtime.Tests.dll at Library/ScriptAssemblies/Unity.RenderPipelines.Core.Runtime.Tests.dll not valid. Loading of assembly skipped.
Assembly Unity.RenderPipelines.Universal.Config.Editor.Tests.dll at Library/ScriptAssemblies/Unity.RenderPipelines.Universal.Config.Editor.Tests.dll not valid. Loading of assembly skipped.
Assembly Unity.RenderPipelines.Universal.Editor.Tests.dll at Library/ScriptAssemblies/Unity.RenderPipelines.Universal.Editor.Tests.dll not valid. Loading of assembly skipped.
Assembly Unity.RenderPipelines.Universal.Runtime.Tests.dll at Library/ScriptAssemblies/Unity.RenderPipelines.Universal.Runtime.Tests.dll not valid. Loading of assembly skipped.
Assembly Unity.Scenes.Editor.PerformanceTests.dll at Library/ScriptAssemblies/Unity.Scenes.Editor.PerformanceTests.dll not valid. Loading of assembly skipped.
Assembly Unity.Scenes.Editor.Tests.dll at Library/ScriptAssemblies/Unity.Scenes.Editor.Tests.dll not valid. Loading of assembly skipped.
Assembly Unity.Scenes.Hybrid.Tests.dll at Library/ScriptAssemblies/Unity.Scenes.Hybrid.Tests.dll not valid. Loading of assembly skipped.
Assembly Unity.Scenes.Hybrid.Tests.Editmode.Content.dll at Library/ScriptAssemblies/Unity.Scenes.Hybrid.Tests.Editmode.Content.dll not valid. Loading of assembly skipped.
Assembly Unity.Scenes.Hybrid.Tests.Playmode.dll at Library/ScriptAssemblies/Unity.Scenes.Hybrid.Tests.Playmode.dll not valid. Loading of assembly skipped.
Assembly Unity.Scenes.PerformanceTests.dll at Library/ScriptAssemblies/Unity.Scenes.PerformanceTests.dll not valid. Loading of assembly skipped.
Assembly Unity.Scenes.Tests.dll at Library/ScriptAssemblies/Unity.Scenes.Tests.dll not valid. Loading of assembly skipped.
Assembly Unity.ScriptableBuildPipeline.Editor.Tests.dll at Library/ScriptAssemblies/Unity.ScriptableBuildPipeline.Editor.Tests.dll not valid. Loading of assembly skipped.
Assembly Unity.ScriptableBuildPipeline.Tests.dll at Library/ScriptAssemblies/Unity.ScriptableBuildPipeline.Tests.dll not valid. Loading of assembly skipped.
Assembly Unity.ScriptableBuildPipelineTests.Runtime.Tests.dll at Library/ScriptAssemblies/Unity.ScriptableBuildPipelineTests.Runtime.Tests.dll not valid. Loading of assembly skipped.
Assembly Unity.Searcher.EditorTests.dll at Library/ScriptAssemblies/Unity.Searcher.EditorTests.dll not valid. Loading of assembly skipped.
Assembly Unity.Serialization.Tests.dll at Library/ScriptAssemblies/Unity.Serialization.Tests.dll not valid. Loading of assembly skipped.
Assembly Unity.Settings.Tests.dll at Library/ScriptAssemblies/Unity.Settings.Tests.dll not valid. Loading of assembly skipped.
Assembly Unity.ShaderGraph.Editor.Tests.dll at Library/ScriptAssemblies/Unity.ShaderGraph.Editor.Tests.dll not valid. Loading of assembly skipped.
Assembly Unity.SharpZipLib.Editor.Tests.dll at Library/ScriptAssemblies/Unity.SharpZipLib.Editor.Tests.dll not valid. Loading of assembly skipped.
Assembly Unity.SharpZipLib.Tests.dll at Library/ScriptAssemblies/Unity.SharpZipLib.Tests.dll not valid. Loading of assembly skipped.
Assembly Unity.TextMeshPro.Editor.Tests.dll at Library/ScriptAssemblies/Unity.TextMeshPro.Editor.Tests.dll not valid. Loading of assembly skipped.
Assembly Unity.TextMeshPro.Tests.dll at Library/ScriptAssemblies/Unity.TextMeshPro.Tests.dll not valid. Loading of assembly skipped.
Assembly Unity.Transforms.Hybrid.Tests.dll at Library/ScriptAssemblies/Unity.Transforms.Hybrid.Tests.dll not valid. Loading of assembly skipped.
Assembly Unity.Transforms.PerformanceTests.dll at Library/ScriptAssemblies/Unity.Transforms.PerformanceTests.dll not valid. Loading of assembly skipped.
Assembly Unity.Transforms.Tests.dll at Library/ScriptAssemblies/Unity.Transforms.Tests.dll not valid. Loading of assembly skipped.
Assembly Unity.UnifiedRayTracing.Editor.Tests.dll at Library/ScriptAssemblies/Unity.UnifiedRayTracing.Editor.Tests.dll not valid. Loading of assembly skipped.
Assembly UnityEditor.UI.Common.Tests.dll at Library/ScriptAssemblies/UnityEditor.UI.Common.Tests.dll not valid. Loading of assembly skipped.
Assembly UnityEditor.UI.EditorTests.dll at Library/ScriptAssemblies/UnityEditor.UI.EditorTests.dll not valid. Loading of assembly skipped.
Assembly UnityEngine.UI.Tests.dll at Library/ScriptAssemblies/UnityEngine.UI.Tests.dll not valid. Loading of assembly skipped.
Begin MonoManager ReloadAssembly
Total cache size 268319600
Total cache size after purge 268319600, took 00:00:01.8061079
Assembly DocCodeExamples.dll at Library/ScriptAssemblies/DocCodeExamples.dll not valid. Loading of assembly skipped.
Assembly DocCodeSamples.dll at Library/ScriptAssemblies/DocCodeSamples.dll not valid. Loading of assembly skipped.
Assembly Hecton8.EditModeTests.dll at Library/ScriptAssemblies/Hecton8.EditModeTests.dll not valid. Loading of assembly skipped.
Assembly Hecton8.PlayModeTests.dll at Library/ScriptAssemblies/Hecton8.PlayModeTests.dll not valid. Loading of assembly skipped.
Assembly MockTests.dll at Library/ScriptAssemblies/MockTests.dll not valid. Loading of assembly skipped.
Assembly TestNewCustomAssembly.dll at Library/ScriptAssemblies/TestNewCustomAssembly.dll not valid. Loading of assembly skipped.
Assembly TypeDependencyCacheTestAssembly.dll at Library/ScriptAssemblies/TypeDependencyCacheTestAssembly.dll not valid. Loading of assembly skipped.
Assembly Unity.2D.Sprite.Package.EditorTests.dll at Library/ScriptAssemblies/Unity.2D.Sprite.Package.EditorTests.dll not valid. Loading of assembly skipped.
Assembly Unity.Burst.Tests.dll at Library/ScriptAssemblies/Unity.Burst.Tests.dll not valid. Loading of assembly skipped.
Assembly Unity.Collections.BurstCompatibilityGen.dll at Library/ScriptAssemblies/Unity.Collections.BurstCompatibilityGen.dll not valid. Loading of assembly skipped.
Assembly Unity.Collections.DocCodeSamples.dll at Library/ScriptAssemblies/Unity.Collections.DocCodeSamples.dll not valid. Loading of assembly skipped.
Assembly Unity.Collections.PerformanceTests.dll at Library/ScriptAssemblies/Unity.Collections.PerformanceTests.dll not valid. Loading of assembly skipped.
Assembly Unity.Collections.Tests.dll at Library/ScriptAssemblies/Unity.Collections.Tests.dll not valid. Loading of assembly skipped.
Assembly Unity.Collections.Tests.Playmode.dll at Library/ScriptAssemblies/Unity.Collections.Tests.Playmode.dll not valid. Loading of assembly skipped.
Assembly Unity.Entities.CodeGen.Tests.dll at Library/ScriptAssemblies/Unity.Entities.CodeGen.Tests.dll not valid. Loading of assembly skipped.
Assembly Unity.Entities.ContentDelivery.Tests.dll at Library/ScriptAssemblies/Unity.Entities.ContentDelivery.Tests.dll not valid. Loading of assembly skipped.
Assembly Unity.Entities.Editor.PerformanceTests.dll at Library/ScriptAssemblies/Unity.Entities.Editor.PerformanceTests.dll not valid. Loading of assembly skipped.
Assembly Unity.Entities.Editor.Tests.dll at Library/ScriptAssemblies/Unity.Entities.Editor.Tests.dll not valid. Loading of assembly skipped.
Assembly Unity.Entities.Hybrid.EndToEnd.Tests.dll at Library/ScriptAssemblies/Unity.Entities.Hybrid.EndToEnd.Tests.dll not valid. Loading of assembly skipped.
Assembly Unity.Entities.Hybrid.PerformanceTests.dll at Library/ScriptAssemblies/Unity.Entities.Hybrid.PerformanceTests.dll not valid. Loading of assembly skipped.
Assembly Unity.Entities.Hybrid.Tests.dll at Library/ScriptAssemblies/Unity.Entities.Hybrid.Tests.dll not valid. Loading of assembly skipped.
Assembly Unity.Entities.Hybrid.Tests.ExcludedAssembly.dll at Library/ScriptAssemblies/Unity.Entities.Hybrid.Tests.ExcludedAssembly.dll not valid. Loading of assembly skipped.
Assembly Unity.Entities.Hybrid.Tests.SeparateAssembly.dll at Library/ScriptAssemblies/Unity.Entities.Hybrid.Tests.SeparateAssembly.dll not valid. Loading of assembly skipped.
Assembly Unity.Entities.PerformanceTests.dll at Library/ScriptAssemblies/Unity.Entities.PerformanceTests.dll not valid. Loading of assembly skipped.
Assembly Unity.Entities.TestComponents.dll at Library/ScriptAssemblies/Unity.Entities.TestComponents.dll not valid. Loading of assembly skipped.
Assembly Unity.Entities.Tests.dll at Library/ScriptAssemblies/Unity.Entities.Tests.dll not valid. Loading of assembly skipped.
Assembly Unity.Entities.Tests.InAnotherAssembly.dll at Library/ScriptAssemblies/Unity.Entities.Tests.InAnotherAssembly.dll not valid. Loading of assembly skipped.
Assembly Unity.Entities.Tests.InAnotherEmptyAssembly.dll at Library/ScriptAssemblies/Unity.Entities.Tests.InAnotherEmptyAssembly.dll not valid. Loading of assembly skipped.
Assembly Unity.InputSystem.IntegrationTests.dll at Library/ScriptAssemblies/Unity.InputSystem.IntegrationTests.dll not valid. Loading of assembly skipped.
Assembly Unity.Mathematics.Extensions.Tests.dll at Library/ScriptAssemblies/Unity.Mathematics.Extensions.Tests.dll not valid. Loading of assembly skipped.
Assembly Unity.Mathematics.Tests.dll at Library/ScriptAssemblies/Unity.Mathematics.Tests.dll not valid. Loading of assembly skipped.
Assembly Unity.Multiplayer.Center.Editor.Tests.dll at Library/ScriptAssemblies/Unity.Multiplayer.Center.Editor.Tests.dll not valid. Loading of assembly skipped.
Assembly Unity.Multiplayer.Center.Tests.dll at Library/ScriptAssemblies/Unity.Multiplayer.Center.Tests.dll not valid. Loading of assembly skipped.
Assembly Unity.Nuget.Mono-Cecil.dll at Library/ScriptAssemblies/Unity.Nuget.Mono-Cecil.dll not valid. Loading of assembly skipped.
Assembly Unity.PathTracing.Editor.Tests.dll at Library/ScriptAssemblies/Unity.PathTracing.Editor.Tests.dll not valid. Loading of assembly skipped.
Assembly Unity.PathTracing.Runtime.Tests.dll at Library/ScriptAssemblies/Unity.PathTracing.Runtime.Tests.dll not valid. Loading of assembly skipped.
Assembly Unity.Properties.CodeGen.IntegrationTests.DependencyA.dll at Library/ScriptAssemblies/Unity.Properties.CodeGen.IntegrationTests.DependencyA.dll not valid. Loading of assembly skipped.
Assembly Unity.Properties.CodeGen.IntegrationTests.DependencyB.dll at Library/ScriptAssemblies/Unity.Properties.CodeGen.IntegrationTests.DependencyB.dll not valid. Loading of assembly skipped.
Assembly Unity.Properties.CodeGen.IntegrationTests.DependencyC.dll at Library/ScriptAssemblies/Unity.Properties.CodeGen.IntegrationTests.DependencyC.dll not valid. Loading of assembly skipped.
Assembly Unity.Properties.CodeGen.IntegrationTests.dll at Library/ScriptAssemblies/Unity.Properties.CodeGen.IntegrationTests.dll not valid. Loading of assembly skipped.
Assembly Unity.Properties.CodeGen.UntaggedAssemblyTests.dll at Library/ScriptAssemblies/Unity.Properties.CodeGen.UntaggedAssemblyTests.dll not valid. Loading of assembly skipped.
Assembly Unity.Properties.dll at Library/ScriptAssemblies/Unity.Properties.dll not valid. Loading of assembly skipped.
Assembly Unity.Properties.PerformanceTests.dll at Library/ScriptAssemblies/Unity.Properties.PerformanceTests.dll not valid. Loading of assembly skipped.
Assembly Unity.Properties.Reflection.Tests.dll at Library/ScriptAssemblies/Unity.Properties.Reflection.Tests.dll not valid. Loading of assembly skipped.
Assembly Unity.Properties.Tests.dll at Library/ScriptAssemblies/Unity.Properties.Tests.dll not valid. Loading of assembly skipped.
Assembly Unity.RenderPipelines.Core.Editor.Tests.dll at Library/ScriptAssemblies/Unity.RenderPipelines.Core.Editor.Tests.dll not valid. Loading of assembly skipped.
Assembly Unity.RenderPipelines.Core.Runtime.Tests.dll at Library/ScriptAssemblies/Unity.RenderPipelines.Core.Runtime.Tests.dll not valid. Loading of assembly skipped.
Assembly Unity.RenderPipelines.Universal.Config.Editor.Tests.dll at Library/ScriptAssemblies/Unity.RenderPipelines.Universal.Config.Editor.Tests.dll not valid. Loading of assembly skipped.
Assembly Unity.RenderPipelines.Universal.Editor.Tests.dll at Library/ScriptAssemblies/Unity.RenderPipelines.Universal.Editor.Tests.dll not valid. Loading of assembly skipped.
Assembly Unity.RenderPipelines.Universal.Runtime.Tests.dll at Library/ScriptAssemblies/Unity.RenderPipelines.Universal.Runtime.Tests.dll not valid. Loading of assembly skipped.
Assembly Unity.Scenes.Editor.PerformanceTests.dll at Library/ScriptAssemblies/Unity.Scenes.Editor.PerformanceTests.dll not valid. Loading of assembly skipped.
Assembly Unity.Scenes.Editor.Tests.dll at Library/ScriptAssemblies/Unity.Scenes.Editor.Tests.dll not valid. Loading of assembly skipped.
Assembly Unity.Scenes.Hybrid.Tests.dll at Library/ScriptAssemblies/Unity.Scenes.Hybrid.Tests.dll not valid. Loading of assembly skipped.
Assembly Unity.Scenes.Hybrid.Tests.Editmode.Content.dll at Library/ScriptAssemblies/Unity.Scenes.Hybrid.Tests.Editmode.Content.dll not valid. Loading of assembly skipped.
Assembly Unity.Scenes.Hybrid.Tests.Playmode.dll at Library/ScriptAssemblies/Unity.Scenes.Hybrid.Tests.Playmode.dll not valid. Loading of assembly skipped.
Assembly Unity.Scenes.PerformanceTests.dll at Library/ScriptAssemblies/Unity.Scenes.PerformanceTests.dll not valid. Loading of assembly skipped.
Assembly Unity.Scenes.Tests.dll at Library/ScriptAssemblies/Unity.Scenes.Tests.dll not valid. Loading of assembly skipped.
Assembly Unity.ScriptableBuildPipeline.Editor.Tests.dll at Library/ScriptAssemblies/Unity.ScriptableBuildPipeline.Editor.Tests.dll not valid. Loading of assembly skipped.
Assembly Unity.ScriptableBuildPipeline.Tests.dll at Library/ScriptAssemblies/Unity.ScriptableBuildPipeline.Tests.dll not valid. Loading of assembly skipped.
Assembly Unity.ScriptableBuildPipelineTests.Runtime.Tests.dll at Library/ScriptAssemblies/Unity.ScriptableBuildPipelineTests.Runtime.Tests.dll not valid. Loading of assembly skipped.
Assembly Unity.Searcher.EditorTests.dll at Library/ScriptAssemblies/Unity.Searcher.EditorTests.dll not valid. Loading of assembly skipped.
Assembly Unity.Serialization.Tests.dll at Library/ScriptAssemblies/Unity.Serialization.Tests.dll not valid. Loading of assembly skipped.
Assembly Unity.Settings.Tests.dll at Library/ScriptAssemblies/Unity.Settings.Tests.dll not valid. Loading of assembly skipped.
Assembly Unity.ShaderGraph.Editor.Tests.dll at Library/ScriptAssemblies/Unity.ShaderGraph.Editor.Tests.dll not valid. Loading of assembly skipped.
Assembly Unity.SharpZipLib.Editor.Tests.dll at Library/ScriptAssemblies/Unity.SharpZipLib.Editor.Tests.dll not valid. Loading of assembly skipped.
Assembly Unity.SharpZipLib.Tests.dll at Library/ScriptAssemblies/Unity.SharpZipLib.Tests.dll not valid. Loading of assembly skipped.
Assembly Unity.TextMeshPro.Editor.Tests.dll at Library/ScriptAssemblies/Unity.TextMeshPro.Editor.Tests.dll not valid. Loading of assembly skipped.
Assembly Unity.TextMeshPro.Tests.dll at Library/ScriptAssemblies/Unity.TextMeshPro.Tests.dll not valid. Loading of assembly skipped.
Assembly Unity.Transforms.Hybrid.Tests.dll at Library/ScriptAssemblies/Unity.Transforms.Hybrid.Tests.dll not valid. Loading of assembly skipped.
Assembly Unity.Transforms.PerformanceTests.dll at Library/ScriptAssemblies/Unity.Transforms.PerformanceTests.dll not valid. Loading of assembly skipped.
Assembly Unity.Transforms.Tests.dll at Library/ScriptAssemblies/Unity.Transforms.Tests.dll not valid. Loading of assembly skipped.
Assembly Unity.UnifiedRayTracing.Editor.Tests.dll at Library/ScriptAssemblies/Unity.UnifiedRayTracing.Editor.Tests.dll not valid. Loading of assembly skipped.
Assembly UnityEditor.UI.Common.Tests.dll at Library/ScriptAssemblies/UnityEditor.UI.Common.Tests.dll not valid. Loading of assembly skipped.
Assembly UnityEditor.UI.EditorTests.dll at Library/ScriptAssemblies/UnityEditor.UI.EditorTests.dll not valid. Loading of assembly skipped.
Assembly UnityEngine.UI.Tests.dll at Library/ScriptAssemblies/UnityEngine.UI.Tests.dll not valid. Loading of assembly skipped.
Symbol file LoadedFromMemory is not a mono symbol file
Refreshing native plugins compatible for Editor in 12.46 ms, found 31 plugins.
Native extension for WindowsStandalone target not found
[MODES] ModeService[none].Initialize
[MODES] ModeService[none].LoadModes
GetVirtualKey: Could not map char: z (122) to any virtual key
GetVirtualKey: Could not map char: y (121) to any virtual key
GetVirtualKey: Could not map char: x (120) to any virtual key
GetVirtualKey: Could not map char: c (99) to any virtual key
GetVirtualKey: Could not map char: v (118) to any virtual key
GetVirtualKey: Could not map char: V (86) to any virtual key
GetVirtualKey: Could not map char: d (100) to any virtual key
GetVirtualKey: Could not map char: f (102) to any virtual key
GetVirtualKey: Could not map char: f (102) to any virtual key
GetVirtualKey: Could not map char: a (97) to any virtual key
GetVirtualKey: Could not map char: d (100) to any virtual key
GetVirtualKey: Could not map char: c (99) to any virtual key
GetVirtualKey: Could not map char: r (114) to any virtual key
GetVirtualKey: Could not map char: i (105) to any virtual key
GetVirtualKey: Could not map char: b (98) to any virtual key
GetVirtualKey: Could not map char: l (108) to any virtual key
GetVirtualKey: Could not map char: s (115) to any virtual key
GetVirtualKey: Could not map char: u (117) to any virtual key
GetVirtualKey: Could not map char: l (108) to any virtual key
GetVirtualKey: Could not map char: f (102) to any virtual key
GetVirtualKey: Could not map char: k (107) to any virtual key
GetVirtualKey: Could not map char: p (112) to any virtual key
GetVirtualKey: Could not map char: p (112) to any virtual key
GetVirtualKey: Could not map char: p (112) to any virtual key
GetVirtualKey: Could not map char: c (99) to any virtual key
GetVirtualKey: Could not map char: r (114) to any virtual key
GetVirtualKey: Could not map char: P (80) to any virtual key
GetVirtualKey: Could not map char: n (110) to any virtual key
GetVirtualKey: Could not map char: n (110) to any virtual key
GetVirtualKey: Could not map char: g (103) to any virtual key
GetVirtualKey: Could not map char: G (71) to any virtual key
GetVirtualKey: Could not map char: f (102) to any virtual key
GetVirtualKey: Could not map char: f (102) to any virtual key
GetVirtualKey: Could not map char: a (97) to any virtual key
GetVirtualKey: Could not map char: a (97) to any virtual key
GetVirtualKey: Could not map char: k (107) to any virtual key
GetVirtualKey: Could not map char: g (103) to any virtual key
GetVirtualKey: Could not map char: l (108) to any virtual key
GetVirtualKey: Could not map char: p (112) to any virtual key
GetVirtualKey: Could not map char: K (75) to any virtual key
GetVirtualKey: Could not map char: G (71) to any virtual key
GetVirtualKey: Could not map char: L (76) to any virtual key
GetVirtualKey: Could not map char: R (82) to any virtual key
GetVirtualKey: Could not map char: G (71) to any virtual key
GetVirtualKey: Could not map char: X (88) to any virtual key
GetVirtualKey: Could not map char: E (69) to any virtual key
GetVirtualKey: Could not map char: N (78) to any virtual key
GetVirtualKey: Could not map char: U (85) to any virtual key
GetVirtualKey: Could not map char: E (69) to any virtual key
GetVirtualKey: Could not map char: S (83) to any virtual key
GetVirtualKey: Could not map char: X (88) to any virtual key
GetVirtualKey: Could not map char: V (86) to any virtual key
GetVirtualKey: Could not map char: m (109) to any virtual key
GetVirtualKey: Could not map char: c (99) to any virtual key
GetVirtualKey: Could not map char: u (117) to any virtual key
GetVirtualKey: Could not map char: n (110) to any virtual key
GetVirtualKey: Could not map char: o (111) to any virtual key
GetVirtualKey: Could not map char: s (115) to any virtual key
GetVirtualKey: Could not map char: s (115) to any virtual key
GetVirtualKey: Could not map char: b (98) to any virtual key
GetVirtualKey: Could not map char: b (98) to any virtual key
GetVirtualKey: Could not map char: m (109) to any virtual key
GetVirtualKey: Could not map char: p (112) to any virtual key
TypeManager.Initialize took: 305ms
ScheduleIndexationOnStartup MainProcess:True IndexOnStartup:True
Mono: successfully reloaded assembly
- Finished resetting the current domain, in 13.525 seconds
Domain Reload Profiling: 19442ms
	BeginReloadAssembly (4124ms)
		ExecutionOrderSort (9ms)
		DisableScriptedObjects (593ms)
		ReleaseScriptingObjects (11ms)
		CreateAndSetChildDomain (1649ms)
	RebuildCommonClasses (134ms)
	RebuildNativeTypeToScriptingClass (37ms)
	initialDomainReloadingComplete (223ms)
	LoadAllAssembliesAndSetupDomain (1398ms)
		LoadAssemblies (454ms)
		AnalyzeDomain (1137ms)
			TypeCache.Refresh (110ms)
				TypeCache.ScanAssembly (66ms)
			BuildScriptInfoCaches (924ms)
			ResolveRequiredComponents (97ms)
	FinalizeReload (13526ms)
		SetupLoadedEditorAssemblies (0ms)
			InitializePlatformSupportModulesInManaged (45ms)
			BeforeProcessingInitializeOnLoad (1297ms)
			ProcessInitializeOnLoadAttributes (4960ms)
			ProcessInitializeOnLoadMethodAttributes (1206ms)
			AfterProcessingInitializeOnLoad (10ms)
			EditorAssembliesLoaded (4ms)
		ExecutionOrderSort2 (3ms)
		AwakeInstancesAfterBackupRestoration (1369ms)
(Values over 0.050ms)
Asset Pipeline Refresh (id=66ccd58ff6ba1d548ad311ed6760e59d): Total: 20.335 seconds - Initiated by StopAssetImportingV2(ForceSynchronousImport | ForceDomainReload)
	Summary:
		Imports: total=0 (actual=0, local cache=0, cache server=0)
		Asset DB Process Time: managed=0 ms, native=14053 ms
		Asset DB Callback time: managed=95 ms, native=1 ms
		Scripting: domain reloads=1, domain reload time=6181 ms, compile time=2 ms, other=0 ms
		Project Asset Count: scripts=3458, non-scripts=11388
		Asset File Changes: new=0, changed=0, moved=0, deleted=0
		Scan Filter Count: 0
	InvokePackagesCallback: 5.081ms
	ApplyChangesToAssetFolders: 1.116ms
	ProcessAssetsWithTransientArtifactChanges: 21.908ms
	CategorizeAssets: 327.472ms
	CompileScripts: 1.636ms
	ImportOutOfDateAssets: 13572.053ms (13553.725ms without children)
		CollectScriptTypesHashes: 9.141ms
		ReloadNativeAssets: 11.025ms
		EnsureUptoDateAssetsAreRegisteredWithGuidPM: 5.119ms
		OnDemandSchedulerStart: 2.034ms
	PostProcessAllAssets: 95.304ms
		MonoPostProcessAllAssets: 95.292ms
			TextureArrayPreProcessor.OnPostprocessAllAssets 225.393ms
			UniversalRenderPipelineGlobalSettingsPostprocessor.OnPostprocessAllAssets 30.090ms
			SyncVS.PostprocessSyncProject 20.656ms
			WindowAssetPostprocessingWatcher.OnPostprocessAllAssets 4.039ms
			SpeedTree9Postprocessor.OnPostprocessAllAssets 3.339ms
			AssetPostProcessor.OnPostprocessAllAssets 2.418ms
			SpriteEditorTexturePostprocessor.OnPostprocessAllAssets 1.422ms
			RenderPipelineGlobalSettingsPostprocessor.OnPostprocessAllAssets 1.227ms
			InputActionAssetPostprocessor.OnPostprocessAllAssets 1.115ms
			TerrainToolbarOverlayPostProcessor.OnPostprocessAllAssets 1.027ms
			AssetPostprocessor.OnPostprocessAllAssets 0.786ms
			ProjectSettingsPostprocessor.OnPostprocessAllAssets 0.435ms
			ReferencedClipsPostProcessor.OnPostprocessAllAssets 0.426ms
			AssetDatabaseCallbacks.OnPostprocessAllAssets 0.302ms
			ShaderGraphAssetPostProcessor.OnPostprocessAllAssets 0.238ms
			AssetChangedListener.OnPostprocessAllAssets 0.123ms
			PostProcessor.OnPostprocessAllAssets 0.093ms
			TemplatePostProcessor.OnPostprocessAllAssets 0.077ms
			TMPro_TexturePostProcessor.OnPostprocessAllAssets 0.055ms
			MatrixAssetTexturePostprocessor.OnPostprocessAllAssets 0.050ms
	GatherAllCurrentPrimaryImportResultRevisions: 2.718ms
	PersistCurrentRevisions: 1.133ms
	GenerateScriptTypeHashes: 23.041ms
	GenerateScriptTypeSerializationHashes: 32.394ms
	Untracked: 6289.341ms

Unloading 0 Unused Serialized files (Serialized files now loaded: 0)
[Licensing::Client] Successfully resolved entitlement details
Asset Pipeline Refresh (id=2a889c8f2c73b9549b9aabadb422c71f): Total: 0.005 seconds - Initiated by StopAssetImportingV2(NoUpdateAssetOptions)
Asset Pipeline Refresh (id=faa5002a5d06c2a4ba0ffc2135f7c743): Total: 0.005 seconds - Initiated by StopAssetImportingV2(NoUpdateAssetOptions)
Asset Pipeline Refresh (id=4c320d4bdfd8d26448f3bd82c5c21901): Total: 0.004 seconds - Initiated by StopAssetImportingV2(NoUpdateAssetOptions)
Asset Pipeline Refresh (id=49b40ea0ef1431c4b9c8ecb13f105a90): Total: 0.004 seconds - Initiated by StopAssetImportingV2(NoUpdateAssetOptions)
[Licensing::Client] Successfully resolved entitlement details
Start importing Assets/DOCS/AGENT_05_UI_AUDIO_LOG.md using Guid(61eae645950e5b648b8d788d8833c6be) (TextScriptImporter) -> (Import Result ID: '8204a6af215cf31d9bf8515716dfe02e') in 0.0156654 seconds [static dependencies only]. Details - ImportResultOutputID=99f29e9d9a59f9f800cd782a67033488 DependenciesID=b5978224a6187bb6da06c4e494bf4b51 StaticDependenciesID=adbe9376bcc6123b81fa2494d7bad62c 
Refreshing native plugins compatible for Editor in 18.85 ms, found 31 plugins.
(Values over 0.050ms)
Asset Pipeline Refresh (id=de2b3a511fe245649844f0f61ab0eafb): Total: 0.788 seconds - Initiated by RefreshV2(NoUpdateAssetOptions)
	Summary:
		Imports: total=1 (actual=1, local cache=0, cache server=0)
		Asset DB Process Time: managed=4 ms, native=165 ms
		Asset DB Callback time: managed=576 ms, native=40 ms
		Scripting: domain reloads=0, domain reload time=0 ms, compile time=0 ms, other=0 ms
		Project Asset Count: scripts=3458, non-scripts=11388
		Asset File Changes: new=0, changed=1, moved=0, deleted=0
		Scan Filter Count: 0
	ApplyChangesToAssetFolders: 0.262ms
	Scan: 36.693ms
	OnSourceAssetsModified: 0.833ms
	ProcessAssetsWithTransientArtifactChanges: 0.172ms
	CategorizeAssets: 82.233ms
	ImportOutOfDateAssets: 30.165ms (1.318ms without children)
		ImportManagerImport: 21.070ms (3.481ms without children)
		ReloadNativeAssets: 2.492ms
		UnloadImportedAssets: 0.291ms
		EnsureUptoDateAssetsAreRegisteredWithGuidPM: 3.027ms
		OnDemandSchedulerStart: 1.944ms
	PostProcessAllAssets: 578.751ms
		XRBuildSystem.XRAssetImported 2.421ms
		MonoPostProcessAllAssets: 575.664ms
			TextureArrayPreProcessor.OnPostprocessAllAssets 489.655ms
			AssetChangedListener.OnPostprocessAllAssets 18.010ms
			SceneAssetPostProcessor.OnPostprocessAllAssets 11.759ms
			BuilderAssetPostprocessor.OnPostprocessAllAssets 11.436ms
			ShaderGraphAssetPostProcessor.OnPostprocessAllAssets 7.685ms
			SyncVS.PostprocessSyncProject 4.380ms
			SpriteEditorTexturePostprocessor.OnPostprocessAllAssets 4.074ms
			RetainedModeAssetPostprocessor.OnPostprocessAllAssets 3.106ms
			UtilityWindowPostProcessor.OnPostprocessAllAssets 1.614ms
			UVCSAssetPostprocessor.OnPostprocessAllAssets 1.358ms
			MaterialPostprocessor.OnPostprocessAllAssets 1.259ms
			InputActionJsonNameModifierAssetProcessor.OnPostprocessAllAssets 1.207ms
			TextAssetPostProcessor.OnPostprocessAllAssets 1.199ms
			ArtifactBrowserPostProcessor.OnPostprocessAllAssets 1.175ms
			MatrixAssetTexturePostprocessor.OnPostprocessAllAssets 1.083ms
			TemplatePostProcessor.OnPostprocessAllAssets 0.944ms
			PostProcessor.OnPostprocessAllAssets 0.927ms
			TMPro_TexturePostProcessor.OnPostprocessAllAssets 0.886ms
			SamplePostprocessor.OnPostprocessAllAssets 0.788ms
			AudioMixerPostprocessor.OnPostprocessAllAssets 0.684ms
			StyleCatalogPostProcessor.OnPostprocessAllAssets 0.594ms
			AssetEvents.OnPostprocessAllAssets 0.487ms
			ScenarioDriftAssetsTracker.OnPostprocessAllAssets 0.427ms
			InputActionAssetPostprocessor.OnPostprocessAllAssets 0.419ms
			SpeedTreePostProcessor.OnPostprocessAllAssets 0.394ms
			ConfigAssetsTracker.OnPostprocessAllAssets 0.350ms
			RenderPipelineGlobalSettingsPostprocessor.OnPostprocessAllAssets 0.339ms
			AudioContainerPostProcessor.OnPostprocessAllAssets 0.215ms
	PostAssetChangesProfiler: 37.347ms
	GatherAllCurrentPrimaryImportResultRevisions: 1.235ms
	PersistCurrentRevisions: 1.480ms
	Untracked: 18.812ms

Unloading 18473 unused Assets / (201.3 MB). Loaded Objects now: 33733.
Memory consumption went from 1.77 GB to 1.57 GB.
Total: 236.022400 ms (FindLiveObjects: 6.638500 ms CreateObjectMapping: 5.952500 ms MarkObjects: 123.000600 ms  DeleteObjects: 100.428000 ms)

[Licensing::Client] Successfully resolved entitlement details
Start importing Assets/ScifiFacility/Models/structural/walls/wall_01_6x3_door.fbx using Guid(2de07c0fa3e512c4b96a868c9db0d342) (FBXImporter)Bakery: processing auto-unwrapped asset Assets/ScifiFacility/Models/structural/walls/wall_01_6x3_door.fbx
UnityEngine.Debug:ExtractStackTraceNoAlloc (byte*,int,string)
UnityEngine.StackTraceUtility:ExtractStackTrace ()
UnityEngine.DebugLogHandler:Internal_Log (UnityEngine.LogType,UnityEngine.LogOption,string,UnityEngine.Object)
UnityEngine.DebugLogHandler:LogFormat (UnityEngine.LogType,UnityEngine.Object,string,object[])
UnityEngine.Logger:Log (UnityEngine.LogType,object)
UnityEngine.Debug:Log (object)
ftModelPostProcessor:OnPostprocessModel (UnityEngine.GameObject) (at Assets/Editor/x64/Bakery/scripts/ftModelPostProcessor.cs:109)
System.Reflection.RuntimeMethodInfo:Invoke (object,System.Reflection.BindingFlags,System.Reflection.Binder,object[],System.Globalization.CultureInfo)
System.Reflection.MethodBase:Invoke (object,object[])
UnityEditor.AssetPostprocessingInternal:InvokeMethodIfAvailable (object,string,object[])
UnityEditor.AssetPostprocessingInternal:CallPostProcessMethods (string,object[])
UnityEditor.AssetPostprocessingInternal:PostprocessMesh (UnityEngine.GameObject)
UnityEditor.AssetDatabase:ImportAsset (string,UnityEditor.ImportAssetOptions)
UnityEditor.AssetDatabase:ImportAsset (string)
UnityEditor.AssetImporter:SaveAndReimport ()
MCPDynamicCode:Execute ()
System.Reflection.RuntimeMethodInfo:Invoke (object,System.Reflection.BindingFlags,System.Reflection.Binder,object[],System.Globalization.CultureInfo)
System.Reflection.MethodBase:Invoke (object,object[])
MCPForUnity.Editor.Tools.ExecuteCode:InvokeCompiled (System.Reflection.Assembly,string) (at ./Library/PackageCache/com.coplaydev.unity-mcp@d6e58c68cf4b/Editor/Tools/ExecuteCode.cs:240)
MCPForUnity.Editor.Tools.ExecuteCode:CompileAndExecute (string,string) (at ./Library/PackageCache/com.coplaydev.unity-mcp@d6e58c68cf4b/Editor/Tools/ExecuteCode.cs:222)
MCPForUnity.Editor.Tools.ExecuteCode:HandleExecute (Newtonsoft.Json.Linq.JObject) (at ./Library/PackageCache/com.coplaydev.unity-mcp@d6e58c68cf4b/Editor/Tools/ExecuteCode.cs:106)
MCPForUnity.Editor.Tools.ExecuteCode:HandleCommand (Newtonsoft.Json.Linq.JObject) (at ./Library/PackageCache/com.coplaydev.unity-mcp@d6e58c68cf4b/Editor/Tools/ExecuteCode.cs:71)
MCPForUnity.Editor.Tools.CommandRegistry:ExecuteCommand (string,Newtonsoft.Json.Linq.JObject,System.Threading.Tasks.TaskCompletionSource`1<string>) (at ./Library/PackageCache/com.coplaydev.unity-mcp@d6e58c68cf4b/Editor/Tools/CommandRegistry.cs:236)
MCPForUnity.Editor.Services.Transport.TransportCommandDispatcher:ProcessCommand (string,MCPForUnity.Editor.Services.Transport.TransportCommandDispatcher/PendingCommand) (at ./Library/PackageCache/com.coplaydev.unity-mcp@d6e58c68cf4b/Editor/Services/Transport/TransportCommandDispatcher.cs:366)
MCPForUnity.Editor.Services.Transport.TransportCommandDispatcher:ProcessQueue () (at ./Library/PackageCache/com.coplaydev.unity-mcp@d6e58c68cf4b/Editor/Services/Transport/TransportCommandDispatcher.cs:262)
MCPForUnity.Editor.Services.Transport.TransportCommandDispatcher:<RequestMainThreadPump>g__Pump|11_0 () (at ./Library/PackageCache/com.coplaydev.unity-mcp@d6e58c68cf4b/Editor/Services/Transport/TransportCommandDispatcher.cs:184)
MCPForUnity.Editor.Services.Transport.TransportCommandDispatcher/<>c:<RequestMainThreadPump>b__11_1 (object) (at ./Library/PackageCache/com.coplaydev.unity-mcp@d6e58c68cf4b/Editor/Services/Transport/TransportCommandDispatcher.cs:189)
UnityEngine.UnitySynchronizationContext/WorkRequest:Invoke ()
UnityEngine.UnitySynchronizationContext:Exec ()
UnityEngine.UnitySynchronizationContext:ExecuteTasks ()

(Filename: Assets/Editor/x64/Bakery/scripts/ftModelPostProcessor.cs Line: 109)

UV adjustment time: 0.00099945068359375
UnityEngine.Debug:ExtractStackTraceNoAlloc (byte*,int,string)
UnityEngine.StackTraceUtility:ExtractStackTrace ()
UnityEngine.DebugLogHandler:Internal_Log (UnityEngine.LogType,UnityEngine.LogOption,string,UnityEngine.Object)
UnityEngine.DebugLogHandler:LogFormat (UnityEngine.LogType,UnityEngine.Object,string,object[])
UnityEngine.Logger:Log (UnityEngine.LogType,object)
UnityEngine.Debug:Log (object)
ftModelPostProcessor:OnPostprocessModel (UnityEngine.GameObject) (at Assets/Editor/x64/Bakery/scripts/ftModelPostProcessor.cs:137)
System.Reflection.RuntimeMethodInfo:Invoke (object,System.Reflection.BindingFlags,System.Reflection.Binder,object[],System.Globalization.CultureInfo)
System.Reflection.MethodBase:Invoke (object,object[])
UnityEditor.AssetPostprocessingInternal:InvokeMethodIfAvailable (object,string,object[])
UnityEditor.AssetPostprocessingInternal:CallPostProcessMethods (string,object[])
UnityEditor.AssetPostprocessingInternal:PostprocessMesh (UnityEngine.GameObject)
UnityEditor.AssetDatabase:ImportAsset (string,UnityEditor.ImportAssetOptions)
UnityEditor.AssetDatabase:ImportAsset (string)
UnityEditor.AssetImporter:SaveAndReimport ()
MCPDynamicCode:Execute ()
System.Reflection.RuntimeMethodInfo:Invoke (object,System.Reflection.BindingFlags,System.Reflection.Binder,object[],System.Globalization.CultureInfo)
System.Reflection.MethodBase:Invoke (object,object[])
MCPForUnity.Editor.Tools.ExecuteCode:InvokeCompiled (System.Reflection.Assembly,string) (at ./Library/PackageCache/com.coplaydev.unity-mcp@d6e58c68cf4b/Editor/Tools/ExecuteCode.cs:240)
MCPForUnity.Editor.Tools.ExecuteCode:CompileAndExecute (string,string) (at ./Library/PackageCache/com.coplaydev.unity-mcp@d6e58c68cf4b/Editor/Tools/ExecuteCode.cs:222)
MCPForUnity.Editor.Tools.ExecuteCode:HandleExecute (Newtonsoft.Json.Linq.JObject) (at ./Library/PackageCache/com.coplaydev.unity-mcp@d6e58c68cf4b/Editor/Tools/ExecuteCode.cs:106)
MCPForUnity.Editor.Tools.ExecuteCode:HandleCommand (Newtonsoft.Json.Linq.JObject) (at ./Library/PackageCache/com.coplaydev.unity-mcp@d6e58c68cf4b/Editor/Tools/ExecuteCode.cs:71)
MCPForUnity.Editor.Tools.CommandRegistry:ExecuteCommand (string,Newtonsoft.Json.Linq.JObject,System.Threading.Tasks.TaskCompletionSource`1<string>) (at ./Library/PackageCache/com.coplaydev.unity-mcp@d6e58c68cf4b/Editor/Tools/CommandRegistry.cs:236)
MCPForUnity.Editor.Services.Transport.TransportCommandDispatcher:ProcessCommand (string,MCPForUnity.Editor.Services.Transport.TransportCommandDispatcher/PendingCommand) (at ./Library/PackageCache/com.coplaydev.unity-mcp@d6e58c68cf4b/Editor/Services/Transport/TransportCommandDispatcher.cs:366)
MCPForUnity.Editor.Services.Transport.TransportCommandDispatcher:ProcessQueue () (at ./Library/PackageCache/com.coplaydev.unity-mcp@d6e58c68cf4b/Editor/Services/Transport/TransportCommandDispatcher.cs:262)
MCPForUnity.Editor.Services.Transport.TransportCommandDispatcher:<RequestMainThreadPump>g__Pump|11_0 () (at ./Library/PackageCache/com.coplaydev.unity-mcp@d6e58c68cf4b/Editor/Services/Transport/TransportCommandDispatcher.cs:184)
MCPForUnity.Editor.Services.Transport.TransportCommandDispatcher/<>c:<RequestMainThreadPump>b__11_1 (object) (at ./Library/PackageCache/com.coplaydev.unity-mcp@d6e58c68cf4b/Editor/Services/Transport/TransportCommandDispatcher.cs:189)
UnityEngine.UnitySynchronizationContext/WorkRequest:Invoke ()
UnityEngine.UnitySynchronizationContext:Exec ()
UnityEngine.UnitySynchronizationContext:ExecuteTasks ()

(Filename: Assets/Editor/x64/Bakery/scripts/ftModelPostProcessor.cs Line: 137)

Can't calculate tangents, because mesh 'Plane.481' doesn't contain normals.
UnityEngine.Debug:ExtractStackTraceNoAlloc (byte*,int,string)
UnityEngine.StackTraceUtility:ExtractStackTrace ()
UnityEditor.AssetDatabase:ImportAsset (string,UnityEditor.ImportAssetOptions)
UnityEditor.AssetDatabase:ImportAsset (string)
UnityEditor.AssetImporter:SaveAndReimport ()
MCPDynamicCode:Execute ()
System.Reflection.RuntimeMethodInfo:Invoke (object,System.Reflection.BindingFlags,System.Reflection.Binder,object[],System.Globalization.CultureInfo)
System.Reflection.MethodBase:Invoke (object,object[])
MCPForUnity.Editor.Tools.ExecuteCode:InvokeCompiled (System.Reflection.Assembly,string) (at ./Library/PackageCache/com.coplaydev.unity-mcp@d6e58c68cf4b/Editor/Tools/ExecuteCode.cs:240)
MCPForUnity.Editor.Tools.ExecuteCode:CompileAndExecute (string,string) (at ./Library/PackageCache/com.coplaydev.unity-mcp@d6e58c68cf4b/Editor/Tools/ExecuteCode.cs:222)
MCPForUnity.Editor.Tools.ExecuteCode:HandleExecute (Newtonsoft.Json.Linq.JObject) (at ./Library/PackageCache/com.coplaydev.unity-mcp@d6e58c68cf4b/Editor/Tools/ExecuteCode.cs:106)
MCPForUnity.Editor.Tools.ExecuteCode:HandleCommand (Newtonsoft.Json.Linq.JObject) (at ./Library/PackageCache/com.coplaydev.unity-mcp@d6e58c68cf4b/Editor/Tools/ExecuteCode.cs:71)
MCPForUnity.Editor.Tools.CommandRegistry:ExecuteCommand (string,Newtonsoft.Json.Linq.JObject,System.Threading.Tasks.TaskCompletionSource`1<string>) (at ./Library/PackageCache/com.coplaydev.unity-mcp@d6e58c68cf4b/Editor/Tools/CommandRegistry.cs:236)
MCPForUnity.Editor.Services.Transport.TransportCommandDispatcher:ProcessCommand (string,MCPForUnity.Editor.Services.Transport.TransportCommandDispatcher/PendingCommand) (at ./Library/PackageCache/com.coplaydev.unity-mcp@d6e58c68cf4b/Editor/Services/Transport/TransportCommandDispatcher.cs:366)
MCPForUnity.Editor.Services.Transport.TransportCommandDispatcher:ProcessQueue () (at ./Library/PackageCache/com.coplaydev.unity-mcp@d6e58c68cf4b/Editor/Services/Transport/TransportCommandDispatcher.cs:262)
MCPForUnity.Editor.Services.Transport.TransportCommandDispatcher:<RequestMainThreadPump>g__Pump|11_0 () (at ./Library/PackageCache/com.coplaydev.unity-mcp@d6e58c68cf4b/Editor/Services/Transport/TransportCommandDispatcher.cs:184)
MCPForUnity.Editor.Services.Transport.TransportCommandDispatcher/<>c:<RequestMainThreadPump>b__11_1 (object) (at ./Library/PackageCache/com.coplaydev.unity-mcp@d6e58c68cf4b/Editor/Services/Transport/TransportCommandDispatcher.cs:189)
UnityEngine.UnitySynchronizationContext/WorkRequest:Invoke ()
UnityEngine.UnitySynchronizationContext:Exec ()
UnityEngine.UnitySynchronizationContext:ExecuteTasks ()

[./Library/PackageCache/com.coplaydev.unity-mcp@d6e58c68cf4b/Editor/Tools/ExecuteCode.cs line 240]

 -> (Import Result ID: '813ca89b1e91a0d03402a9be923260e6') in 0.1982198 seconds [static and dynamic dependencies]. Details - ImportResultOutputID=a5746790123643a20331e22947b1825b DependenciesID=8b1bc70590871d9c936117f40a12a14e StaticDependenciesID=d8f834ee8a1fa965557cdb706b8216e8 
Refreshing native plugins compatible for Editor in 7.87 ms, found 31 plugins.
(Values over 0.050ms)
Asset Pipeline Refresh (id=564e0d1ac42b8124fbf9e5da3b5fd570): Total: 0.481 seconds - Initiated by StopAssetImportingV2(NoUpdateAssetOptions)
	Summary:
		Imports: total=1 (actual=1, local cache=0, cache server=0)
		Asset DB Process Time: managed=20 ms, native=290 ms
		Asset DB Callback time: managed=138 ms, native=30 ms
		Scripting: domain reloads=0, domain reload time=0 ms, compile time=0 ms, other=0 ms
		Project Asset Count: scripts=3458, non-scripts=11388
		Asset File Changes: new=0, changed=1, moved=0, deleted=0
		Scan Filter Count: 6
	ApplyChangesToAssetFolders: 0.294ms
	Scan: 17.633ms
	OnSourceAssetsModified: 0.058ms
	ProcessAssetsWithTransientArtifactChanges: 0.307ms
	CategorizeAssets: 57.654ms
	ImportOutOfDateAssets: 208.033ms (1.034ms without children)
		ImportManagerImport: 200.976ms (1.602ms without children)
		ReloadNativeAssets: 2.010ms
		UnloadImportedAssets: 0.319ms
		ReloadImportedAssets: 0.385ms
		EnsureUptoDateAssetsAreRegisteredWithGuidPM: 2.289ms
		OnDemandSchedulerStart: 1.389ms
	PostProcessAllAssets: 156.255ms
		XRBuildSystem.XRAssetImported 16.732ms
		MonoPostProcessAllAssets: 138.944ms
			TextureArrayPreProcessor.OnPostprocessAllAssets 132.130ms
			SyncVS.PostprocessSyncProject 2.972ms
			SpriteEditorTexturePostprocessor.OnPostprocessAllAssets 1.263ms
			ShaderGraphAssetPostProcessor.OnPostprocessAllAssets 0.471ms
			AssetChangedListener.OnPostprocessAllAssets 0.456ms
			RenderPipelineGlobalSettingsPostprocessor.OnPostprocessAllAssets 0.171ms
			TemplatePostProcessor.OnPostprocessAllAssets 0.111ms
			PostProcessor.OnPostprocessAllAssets 0.102ms
			InputActionJsonNameModifierAssetProcessor.OnPostprocessAllAssets 0.099ms
			TMPro_TexturePostProcessor.OnPostprocessAllAssets 0.059ms
			InputActionAssetPostprocessor.OnPostprocessAllAssets 0.053ms
	PostAssetChangesProfiler: 13.668ms
	GatherAllCurrentPrimaryImportResultRevisions: 0.574ms
	UnloadStreamsBegin: 0.055ms
	PersistCurrentRevisions: 0.973ms
	Untracked: 25.787ms

Start importing Assets/ScifiFacility/Models/structural/walls/wall_01_6x3_door_b.fbx using Guid(03e9754054bb43c4b9e3294622a15d8a) (FBXImporter)Bakery: processing auto-unwrapped asset Assets/ScifiFacility/Models/structural/walls/wall_01_6x3_door_b.fbx
UnityEngine.Debug:ExtractStackTraceNoAlloc (byte*,int,string)
UnityEngine.StackTraceUtility:ExtractStackTrace ()
UnityEngine.DebugLogHandler:Internal_Log (UnityEngine.LogType,UnityEngine.LogOption,string,UnityEngine.Object)
UnityEngine.DebugLogHandler:LogFormat (UnityEngine.LogType,UnityEngine.Object,string,object[])
UnityEngine.Logger:Log (UnityEngine.LogType,object)
UnityEngine.Debug:Log (object)
ftModelPostProcessor:OnPostprocessModel (UnityEngine.GameObject) (at Assets/Editor/x64/Bakery/scripts/ftModelPostProcessor.cs:109)
System.Reflection.RuntimeMethodInfo:Invoke (object,System.Reflection.BindingFlags,System.Reflection.Binder,object[],System.Globalization.CultureInfo)
System.Reflection.MethodBase:Invoke (object,object[])
UnityEditor.AssetPostprocessingInternal:InvokeMethodIfAvailable (object,string,object[])
UnityEditor.AssetPostprocessingInternal:CallPostProcessMethods (string,object[])
UnityEditor.AssetPostprocessingInternal:PostprocessMesh (UnityEngine.GameObject)
UnityEditor.AssetDatabase:ImportAsset (string,UnityEditor.ImportAssetOptions)
UnityEditor.AssetDatabase:ImportAsset (string)
UnityEditor.AssetImporter:SaveAndReimport ()
MCPDynamicCode:Execute ()
System.Reflection.RuntimeMethodInfo:Invoke (object,System.Reflection.BindingFlags,System.Reflection.Binder,object[],System.Globalization.CultureInfo)
System.Reflection.MethodBase:Invoke (object,object[])
MCPForUnity.Editor.Tools.ExecuteCode:InvokeCompiled (System.Reflection.Assembly,string) (at ./Library/PackageCache/com.coplaydev.unity-mcp@d6e58c68cf4b/Editor/Tools/ExecuteCode.cs:240)
MCPForUnity.Editor.Tools.ExecuteCode:CompileAndExecute (string,string) (at ./Library/PackageCache/com.coplaydev.unity-mcp@d6e58c68cf4b/Editor/Tools/ExecuteCode.cs:222)
MCPForUnity.Editor.Tools.ExecuteCode:HandleExecute (Newtonsoft.Json.Linq.JObject) (at ./Library/PackageCache/com.coplaydev.unity-mcp@d6e58c68cf4b/Editor/Tools/ExecuteCode.cs:106)
MCPForUnity.Editor.Tools.ExecuteCode:HandleCommand (Newtonsoft.Json.Linq.JObject) (at ./Library/PackageCache/com.coplaydev.unity-mcp@d6e58c68cf4b/Editor/Tools/ExecuteCode.cs:71)
MCPForUnity.Editor.Tools.CommandRegistry:ExecuteCommand (string,Newtonsoft.Json.Linq.JObject,System.Threading.Tasks.TaskCompletionSource`1<string>) (at ./Library/PackageCache/com.coplaydev.unity-mcp@d6e58c68cf4b/Editor/Tools/CommandRegistry.cs:236)
MCPForUnity.Editor.Services.Transport.TransportCommandDispatcher:ProcessCommand (string,MCPForUnity.Editor.Services.Transport.TransportCommandDispatcher/PendingCommand) (at ./Library/PackageCache/com.coplaydev.unity-mcp@d6e58c68cf4b/Editor/Services/Transport/TransportCommandDispatcher.cs:366)
MCPForUnity.Editor.Services.Transport.TransportCommandDispatcher:ProcessQueue () (at ./Library/PackageCache/com.coplaydev.unity-mcp@d6e58c68cf4b/Editor/Services/Transport/TransportCommandDispatcher.cs:262)
MCPForUnity.Editor.Services.Transport.TransportCommandDispatcher:<RequestMainThreadPump>g__Pump|11_0 () (at ./Library/PackageCache/com.coplaydev.unity-mcp@d6e58c68cf4b/Editor/Services/Transport/TransportCommandDispatcher.cs:184)
MCPForUnity.Editor.Services.Transport.TransportCommandDispatcher/<>c:<RequestMainThreadPump>b__11_1 (object) (at ./Library/PackageCache/com.coplaydev.unity-mcp@d6e58c68cf4b/Editor/Services/Transport/TransportCommandDispatcher.cs:189)
UnityEngine.UnitySynchronizationContext/WorkRequest:Invoke ()
UnityEngine.UnitySynchronizationContext:Exec ()
UnityEngine.UnitySynchronizationContext:ExecuteTasks ()

(Filename: Assets/Editor/x64/Bakery/scripts/ftModelPostProcessor.cs Line: 109)

UV adjustment time: 0
UnityEngine.Debug:ExtractStackTraceNoAlloc (byte*,int,string)
UnityEngine.StackTraceUtility:ExtractStackTrace ()
UnityEngine.DebugLogHandler:Internal_Log (UnityEngine.LogType,UnityEngine.LogOption,string,UnityEngine.Object)
UnityEngine.DebugLogHandler:LogFormat (UnityEngine.LogType,UnityEngine.Object,string,object[])
UnityEngine.Logger:Log (UnityEngine.LogType,object)
UnityEngine.Debug:Log (object)
ftModelPostProcessor:OnPostprocessModel (UnityEngine.GameObject) (at Assets/Editor/x64/Bakery/scripts/ftModelPostProcessor.cs:137)
System.Reflection.RuntimeMethodInfo:Invoke (object,System.Reflection.BindingFlags,System.Reflection.Binder,object[],System.Globalization.CultureInfo)
System.Reflection.MethodBase:Invoke (object,object[])
UnityEditor.AssetPostprocessingInternal:InvokeMethodIfAvailable (object,string,object[])
UnityEditor.AssetPostprocessingInternal:CallPostProcessMethods (string,object[])
UnityEditor.AssetPostprocessingInternal:PostprocessMesh (UnityEngine.GameObject)
UnityEditor.AssetDatabase:ImportAsset (string,UnityEditor.ImportAssetOptions)
UnityEditor.AssetDatabase:ImportAsset (string)
UnityEditor.AssetImporter:SaveAndReimport ()
MCPDynamicCode:Execute ()
System.Reflection.RuntimeMethodInfo:Invoke (object,System.Reflection.BindingFlags,System.Reflection.Binder,object[],System.Globalization.CultureInfo)
System.Reflection.MethodBase:Invoke (object,object[])
MCPForUnity.Editor.Tools.ExecuteCode:InvokeCompiled (System.Reflection.Assembly,string) (at ./Library/PackageCache/com.coplaydev.unity-mcp@d6e58c68cf4b/Editor/Tools/ExecuteCode.cs:240)
MCPForUnity.Editor.Tools.ExecuteCode:CompileAndExecute (string,string) (at ./Library/PackageCache/com.coplaydev.unity-mcp@d6e58c68cf4b/Editor/Tools/ExecuteCode.cs:222)
MCPForUnity.Editor.Tools.ExecuteCode:HandleExecute (Newtonsoft.Json.Linq.JObject) (at ./Library/PackageCache/com.coplaydev.unity-mcp@d6e58c68cf4b/Editor/Tools/ExecuteCode.cs:106)
MCPForUnity.Editor.Tools.ExecuteCode:HandleCommand (Newtonsoft.Json.Linq.JObject) (at ./Library/PackageCache/com.coplaydev.unity-mcp@d6e58c68cf4b/Editor/Tools/ExecuteCode.cs:71)
MCPForUnity.Editor.Tools.CommandRegistry:ExecuteCommand (string,Newtonsoft.Json.Linq.JObject,System.Threading.Tasks.TaskCompletionSource`1<string>) (at ./Library/PackageCache/com.coplaydev.unity-mcp@d6e58c68cf4b/Editor/Tools/CommandRegistry.cs:236)
MCPForUnity.Editor.Services.Transport.TransportCommandDispatcher:ProcessCommand (string,MCPForUnity.Editor.Services.Transport.TransportCommandDispatcher/PendingCommand) (at ./Library/PackageCache/com.coplaydev.unity-mcp@d6e58c68cf4b/Editor/Services/Transport/TransportCommandDispatcher.cs:366)
MCPForUnity.Editor.Services.Transport.TransportCommandDispatcher:ProcessQueue () (at ./Library/PackageCache/com.coplaydev.unity-mcp@d6e58c68cf4b/Editor/Services/Transport/TransportCommandDispatcher.cs:262)
MCPForUnity.Editor.Services.Transport.TransportCommandDispatcher:<RequestMainThreadPump>g__Pump|11_0 () (at ./Library/PackageCache/com.coplaydev.unity-mcp@d6e58c68cf4b/Editor/Services/Transport/TransportCommandDispatcher.cs:184)
MCPForUnity.Editor.Services.Transport.TransportCommandDispatcher/<>c:<RequestMainThreadPump>b__11_1 (object) (at ./Library/PackageCache/com.coplaydev.unity-mcp@d6e58c68cf4b/Editor/Services/Transport/TransportCommandDispatcher.cs:189)
UnityEngine.UnitySynchronizationContext/WorkRequest:Invoke ()
UnityEngine.UnitySynchronizationContext:Exec ()
UnityEngine.UnitySynchronizationContext:ExecuteTasks ()

(Filename: Assets/Editor/x64/Bakery/scripts/ftModelPostProcessor.cs Line: 137)

Can't calculate tangents, because mesh 'Plane.498' doesn't contain normals.
UnityEngine.Debug:ExtractStackTraceNoAlloc (byte*,int,string)
UnityEngine.StackTraceUtility:ExtractStackTrace ()
UnityEditor.AssetDatabase:ImportAsset (string,UnityEditor.ImportAssetOptions)
UnityEditor.AssetDatabase:ImportAsset (string)
UnityEditor.AssetImporter:SaveAndReimport ()
MCPDynamicCode:Execute ()
System.Reflection.RuntimeMethodInfo:Invoke (object,System.Reflection.BindingFlags,System.Reflection.Binder,object[],System.Globalization.CultureInfo)
System.Reflection.MethodBase:Invoke (object,object[])
MCPForUnity.Editor.Tools.ExecuteCode:InvokeCompiled (System.Reflection.Assembly,string) (at ./Library/PackageCache/com.coplaydev.unity-mcp@d6e58c68cf4b/Editor/Tools/ExecuteCode.cs:240)
MCPForUnity.Editor.Tools.ExecuteCode:CompileAndExecute (string,string) (at ./Library/PackageCache/com.coplaydev.unity-mcp@d6e58c68cf4b/Editor/Tools/ExecuteCode.cs:222)
MCPForUnity.Editor.Tools.ExecuteCode:HandleExecute (Newtonsoft.Json.Linq.JObject) (at ./Library/PackageCache/com.coplaydev.unity-mcp@d6e58c68cf4b/Editor/Tools/ExecuteCode.cs:106)
MCPForUnity.Editor.Tools.ExecuteCode:HandleCommand (Newtonsoft.Json.Linq.JObject) (at ./Library/PackageCache/com.coplaydev.unity-mcp@d6e58c68cf4b/Editor/Tools/ExecuteCode.cs:71)
MCPForUnity.Editor.Tools.CommandRegistry:ExecuteCommand (string,Newtonsoft.Json.Linq.JObject,System.Threading.Tasks.TaskCompletionSource`1<string>) (at ./Library/PackageCache/com.coplaydev.unity-mcp@d6e58c68cf4b/Editor/Tools/CommandRegistry.cs:236)
MCPForUnity.Editor.Services.Transport.TransportCommandDispatcher:ProcessCommand (string,MCPForUnity.Editor.Services.Transport.TransportCommandDispatcher/PendingCommand) (at ./Library/PackageCache/com.coplaydev.unity-mcp@d6e58c68cf4b/Editor/Services/Transport/TransportCommandDispatcher.cs:366)
MCPForUnity.Editor.Services.Transport.TransportCommandDispatcher:ProcessQueue () (at ./Library/PackageCache/com.coplaydev.unity-mcp@d6e58c68cf4b/Editor/Services/Transport/TransportCommandDispatcher.cs:262)
MCPForUnity.Editor.Services.Transport.TransportCommandDispatcher:<RequestMainThreadPump>g__Pump|11_0 () (at ./Library/PackageCache/com.coplaydev.unity-mcp@d6e58c68cf4b/Editor/Services/Transport/TransportCommandDispatcher.cs:184)
MCPForUnity.Editor.Services.Transport.TransportCommandDispatcher/<>c:<RequestMainThreadPump>b__11_1 (object) (at ./Library/PackageCache/com.coplaydev.unity-mcp@d6e58c68cf4b/Editor/Services/Transport/TransportCommandDispatcher.cs:189)
UnityEngine.UnitySynchronizationContext/WorkRequest:Invoke ()
UnityEngine.UnitySynchronizationContext:Exec ()
UnityEngine.UnitySynchronizationContext:ExecuteTasks ()

[./Library/PackageCache/com.coplaydev.unity-mcp@d6e58c68cf4b/Editor/Tools/ExecuteCode.cs line 240]

Can't calculate tangents, because mesh 'Plane.492' doesn't contain normals.
UnityEngine.Debug:ExtractStackTraceNoAlloc (byte*,int,string)
UnityEngine.StackTraceUtility:ExtractStackTrace ()
UnityEditor.AssetDatabase:ImportAsset (string,UnityEditor.ImportAssetOptions)
UnityEditor.AssetDatabase:ImportAsset (string)
UnityEditor.AssetImporter:SaveAndReimport ()
MCPDynamicCode:Execute ()
System.Reflection.RuntimeMethodInfo:Invoke (object,System.Reflection.BindingFlags,System.Reflection.Binder,object[],System.Globalization.CultureInfo)
System.Reflection.MethodBase:Invoke (object,object[])
MCPForUnity.Editor.Tools.ExecuteCode:InvokeCompiled (System.Reflection.Assembly,string) (at ./Library/PackageCache/com.coplaydev.unity-mcp@d6e58c68cf4b/Editor/Tools/ExecuteCode.cs:240)
MCPForUnity.Editor.Tools.ExecuteCode:CompileAndExecute (string,string) (at ./Library/PackageCache/com.coplaydev.unity-mcp@d6e58c68cf4b/Editor/Tools/ExecuteCode.cs:222)
MCPForUnity.Editor.Tools.ExecuteCode:HandleExecute (Newtonsoft.Json.Linq.JObject) (at ./Library/PackageCache/com.coplaydev.unity-mcp@d6e58c68cf4b/Editor/Tools/ExecuteCode.cs:106)
MCPForUnity.Editor.Tools.ExecuteCode:HandleCommand (Newtonsoft.Json.Linq.JObject) (at ./Library/PackageCache/com.coplaydev.unity-mcp@d6e58c68cf4b/Editor/Tools/ExecuteCode.cs:71)
MCPForUnity.Editor.Tools.CommandRegistry:ExecuteCommand (string,Newtonsoft.Json.Linq.JObject,System.Threading.Tasks.TaskCompletionSource`1<string>) (at ./Library/PackageCache/com.coplaydev.unity-mcp@d6e58c68cf4b/Editor/Tools/CommandRegistry.cs:236)
MCPForUnity.Editor.Services.Transport.TransportCommandDispatcher:ProcessCommand (string,MCPForUnity.Editor.Services.Transport.TransportCommandDispatcher/PendingCommand) (at ./Library/PackageCache/com.coplaydev.unity-mcp@d6e58c68cf4b/Editor/Services/Transport/TransportCommandDispatcher.cs:366)
MCPForUnity.Editor.Services.Transport.TransportCommandDispatcher:ProcessQueue () (at ./Library/PackageCache/com.coplaydev.unity-mcp@d6e58c68cf4b/Editor/Services/Transport/TransportCommandDispatcher.cs:262)
MCPForUnity.Editor.Services.Transport.TransportCommandDispatcher:<RequestMainThreadPump>g__Pump|11_0 () (at ./Library/PackageCache/com.coplaydev.unity-mcp@d6e58c68cf4b/Editor/Services/Transport/TransportCommandDispatcher.cs:184)
MCPForUnity.Editor.Services.Transport.TransportCommandDispatcher/<>c:<RequestMainThreadPump>b__11_1 (object) (at ./Library/PackageCache/com.coplaydev.unity-mcp@d6e58c68cf4b/Editor/Services/Transport/TransportCommandDispatcher.cs:189)
UnityEngine.UnitySynchronizationContext/WorkRequest:Invoke ()
UnityEngine.UnitySynchronizationContext:Exec ()
UnityEngine.UnitySynchronizationContext:ExecuteTasks ()

[./Library/PackageCache/com.coplaydev.unity-mcp@d6e58c68cf4b/Editor/Tools/ExecuteCode.cs line 240]

 -> (Import Result ID: '92f325cc971d46ec73d86183aaefc4f7') in 0.1492515 seconds [static and dynamic dependencies]. Details - ImportResultOutputID=92858147d74e32c35def0aa0a0ab290e DependenciesID=62d95fe1fabd19237b18af6d4e671445 StaticDependenciesID=33686483da4456b38d1fedd40477991a 
Refreshing native plugins compatible for Editor in 4.72 ms, found 31 plugins.
(Values over 0.050ms)
Asset Pipeline Refresh (id=694f98826827c5f4b8ffb667733d4f98): Total: 0.437 seconds - Initiated by StopAssetImportingV2(NoUpdateAssetOptions)
	Summary:
		Imports: total=1 (actual=1, local cache=0, cache server=0)
		Asset DB Process Time: managed=4 ms, native=322 ms
		Asset DB Callback time: managed=98 ms, native=10 ms
		Scripting: domain reloads=0, domain reload time=0 ms, compile time=0 ms, other=0 ms
		Project Asset Count: scripts=3458, non-scripts=11388
		Asset File Changes: new=0, changed=1, moved=0, deleted=0
		Scan Filter Count: 6
	ApplyChangesToAssetFolders: 0.493ms
	Scan: 31.299ms
	OnSourceAssetsModified: 0.099ms
	ProcessAssetsWithTransientArtifactChanges: 0.375ms
	CategorizeAssets: 102.347ms
	ImportOutOfDateAssets: 163.460ms (1.579ms without children)
		ImportManagerImport: 153.300ms (2.653ms without children)
			UpdateCategorizedAssets: 0.059ms
		ReloadNativeAssets: 2.893ms
		UnloadImportedAssets: 0.422ms
		ReloadImportedAssets: 0.562ms
		EnsureUptoDateAssetsAreRegisteredWithGuidPM: 3.321ms
		OnDemandSchedulerStart: 1.917ms
	PostProcessAllAssets: 102.729ms
		XRBuildSystem.XRAssetImported 3.053ms
		MonoPostProcessAllAssets: 98.817ms
			TextureArrayPreProcessor.OnPostprocessAllAssets 94.291ms
			SyncVS.PostprocessSyncProject 2.264ms
			SpriteEditorTexturePostprocessor.OnPostprocessAllAssets 0.968ms
			ShaderGraphAssetPostProcessor.OnPostprocessAllAssets 0.200ms
			RenderPipelineGlobalSettingsPostprocessor.OnPostprocessAllAssets 0.128ms
			AssetChangedListener.OnPostprocessAllAssets 0.073ms
			TemplatePostProcessor.OnPostprocessAllAssets 0.067ms
			PostProcessor.OnPostprocessAllAssets 0.054ms
	PostAssetChangesProfiler: 6.788ms
	GatherAllCurrentPrimaryImportResultRevisions: 1.202ms
	UnloadStreamsBegin: 0.206ms
	PersistCurrentRevisions: 1.212ms
	Untracked: 26.970ms

Start importing Assets/ScifiFacility/Models/structural/walls/wall_01_connector_01.fbx using Guid(ba3fdc59671e469488a3ac2328376fda) (FBXImporter)Bakery: processing auto-unwrapped asset Assets/ScifiFacility/Models/structural/walls/wall_01_connector_01.fbx
UnityEngine.Debug:ExtractStackTraceNoAlloc (byte*,int,string)
UnityEngine.StackTraceUtility:ExtractStackTrace ()
UnityEngine.DebugLogHandler:Internal_Log (UnityEngine.LogType,UnityEngine.LogOption,string,UnityEngine.Object)
UnityEngine.DebugLogHandler:LogFormat (UnityEngine.LogType,UnityEngine.Object,string,object[])
UnityEngine.Logger:Log (UnityEngine.LogType,object)
UnityEngine.Debug:Log (object)
ftModelPostProcessor:OnPostprocessModel (UnityEngine.GameObject) (at Assets/Editor/x64/Bakery/scripts/ftModelPostProcessor.cs:109)
System.Reflection.RuntimeMethodInfo:Invoke (object,System.Reflection.BindingFlags,System.Reflection.Binder,object[],System.Globalization.CultureInfo)
System.Reflection.MethodBase:Invoke (object,object[])
UnityEditor.AssetPostprocessingInternal:InvokeMethodIfAvailable (object,string,object[])
UnityEditor.AssetPostprocessingInternal:CallPostProcessMethods (string,object[])
UnityEditor.AssetPostprocessingInternal:PostprocessMesh (UnityEngine.GameObject)
UnityEditor.AssetDatabase:ImportAsset (string,UnityEditor.ImportAssetOptions)
UnityEditor.AssetDatabase:ImportAsset (string)
UnityEditor.AssetImporter:SaveAndReimport ()
MCPDynamicCode:Execute ()
System.Reflection.RuntimeMethodInfo:Invoke (object,System.Reflection.BindingFlags,System.Reflection.Binder,object[],System.Globalization.CultureInfo)
System.Reflection.MethodBase:Invoke (object,object[])
MCPForUnity.Editor.Tools.ExecuteCode:InvokeCompiled (System.Reflection.Assembly,string) (at ./Library/PackageCache/com.coplaydev.unity-mcp@d6e58c68cf4b/Editor/Tools/ExecuteCode.cs:240)
MCPForUnity.Editor.Tools.ExecuteCode:CompileAndExecute (string,string) (at ./Library/PackageCache/com.coplaydev.unity-mcp@d6e58c68cf4b/Editor/Tools/ExecuteCode.cs:222)
MCPForUnity.Editor.Tools.ExecuteCode:HandleExecute (Newtonsoft.Json.Linq.JObject) (at ./Library/PackageCache/com.coplaydev.unity-mcp@d6e58c68cf4b/Editor/Tools/ExecuteCode.cs:106)
MCPForUnity.Editor.Tools.ExecuteCode:HandleCommand (Newtonsoft.Json.Linq.JObject) (at ./Library/PackageCache/com.coplaydev.unity-mcp@d6e58c68cf4b/Editor/Tools/ExecuteCode.cs:71)
MCPForUnity.Editor.Tools.CommandRegistry:ExecuteCommand (string,Newtonsoft.Json.Linq.JObject,System.Threading.Tasks.TaskCompletionSource`1<string>) (at ./Library/PackageCache/com.coplaydev.unity-mcp@d6e58c68cf4b/Editor/Tools/CommandRegistry.cs:236)
MCPForUnity.Editor.Services.Transport.TransportCommandDispatcher:ProcessCommand (string,MCPForUnity.Editor.Services.Transport.TransportCommandDispatcher/PendingCommand) (at ./Library/PackageCache/com.coplaydev.unity-mcp@d6e58c68cf4b/Editor/Services/Transport/TransportCommandDispatcher.cs:366)
MCPForUnity.Editor.Services.Transport.TransportCommandDispatcher:ProcessQueue () (at ./Library/PackageCache/com.coplaydev.unity-mcp@d6e58c68cf4b/Editor/Services/Transport/TransportCommandDispatcher.cs:262)
MCPForUnity.Editor.Services.Transport.TransportCommandDispatcher:<RequestMainThreadPump>g__Pump|11_0 () (at ./Library/PackageCache/com.coplaydev.unity-mcp@d6e58c68cf4b/Editor/Services/Transport/TransportCommandDispatcher.cs:184)
MCPForUnity.Editor.Services.Transport.TransportCommandDispatcher/<>c:<RequestMainThreadPump>b__11_1 (object) (at ./Library/PackageCache/com.coplaydev.unity-mcp@d6e58c68cf4b/Editor/Services/Transport/TransportCommandDispatcher.cs:189)
UnityEngine.UnitySynchronizationContext/WorkRequest:Invoke ()
UnityEngine.UnitySynchronizationContext:Exec ()
UnityEngine.UnitySynchronizationContext:ExecuteTasks ()

(Filename: Assets/Editor/x64/Bakery/scripts/ftModelPostProcessor.cs Line: 109)

UV adjustment time: 0
UnityEngine.Debug:ExtractStackTraceNoAlloc (byte*,int,string)
UnityEngine.StackTraceUtility:ExtractStackTrace ()
UnityEngine.DebugLogHandler:Internal_Log (UnityEngine.LogType,UnityEngine.LogOption,string,UnityEngine.Object)
UnityEngine.DebugLogHandler:LogFormat (UnityEngine.LogType,UnityEngine.Object,string,object[])
UnityEngine.Logger:Log (UnityEngine.LogType,object)
UnityEngine.Debug:Log (object)
ftModelPostProcessor:OnPostprocessModel (UnityEngine.GameObject) (at Assets/Editor/x64/Bakery/scripts/ftModelPostProcessor.cs:137)
System.Reflection.RuntimeMethodInfo:Invoke (object,System.Reflection.BindingFlags,System.Reflection.Binder,object[],System.Globalization.CultureInfo)
System.Reflection.MethodBase:Invoke (object,object[])
UnityEditor.AssetPostprocessingInternal:InvokeMethodIfAvailable (object,string,object[])
UnityEditor.AssetPostprocessingInternal:CallPostProcessMethods (string,object[])
UnityEditor.AssetPostprocessingInternal:PostprocessMesh (UnityEngine.GameObject)
UnityEditor.AssetDatabase:ImportAsset (string,UnityEditor.ImportAssetOptions)
UnityEditor.AssetDatabase:ImportAsset (string)
UnityEditor.AssetImporter:SaveAndReimport ()
MCPDynamicCode:Execute ()
System.Reflection.RuntimeMethodInfo:Invoke (object,System.Reflection.BindingFlags,System.Reflection.Binder,object[],System.Globalization.CultureInfo)
System.Reflection.MethodBase:Invoke (object,object[])
MCPForUnity.Editor.Tools.ExecuteCode:InvokeCompiled (System.Reflection.Assembly,string) (at ./Library/PackageCache/com.coplaydev.unity-mcp@d6e58c68cf4b/Editor/Tools/ExecuteCode.cs:240)
MCPForUnity.Editor.Tools.ExecuteCode:CompileAndExecute (string,string) (at ./Library/PackageCache/com.coplaydev.unity-mcp@d6e58c68cf4b/Editor/Tools/ExecuteCode.cs:222)
MCPForUnity.Editor.Tools.ExecuteCode:HandleExecute (Newtonsoft.Json.Linq.JObject) (at ./Library/PackageCache/com.coplaydev.unity-mcp@d6e58c68cf4b/Editor/Tools/ExecuteCode.cs:106)
MCPForUnity.Editor.Tools.ExecuteCode:HandleCommand (Newtonsoft.Json.Linq.JObject) (at ./Library/PackageCache/com.coplaydev.unity-mcp@d6e58c68cf4b/Editor/Tools/ExecuteCode.cs:71)
MCPForUnity.Editor.Tools.CommandRegistry:ExecuteCommand (string,Newtonsoft.Json.Linq.JObject,System.Threading.Tasks.TaskCompletionSource`1<string>) (at ./Library/PackageCache/com.coplaydev.unity-mcp@d6e58c68cf4b/Editor/Tools/CommandRegistry.cs:236)
MCPForUnity.Editor.Services.Transport.TransportCommandDispatcher:ProcessCommand (string,MCPForUnity.Editor.Services.Transport.TransportCommandDispatcher/PendingCommand) (at ./Library/PackageCache/com.coplaydev.unity-mcp@d6e58c68cf4b/Editor/Services/Transport/TransportCommandDispatcher.cs:366)
MCPForUnity.Editor.Services.Transport.TransportCommandDispatcher:ProcessQueue () (at ./Library/PackageCache/com.coplaydev.unity-mcp@d6e58c68cf4b/Editor/Services/Transport/TransportCommandDispatcher.cs:262)
MCPForUnity.Editor.Services.Transport.TransportCommandDispatcher:<RequestMainThreadPump>g__Pump|11_0 () (at ./Library/PackageCache/com.coplaydev.unity-mcp@d6e58c68cf4b/Editor/Services/Transport/TransportCommandDispatcher.cs:184)
MCPForUnity.Editor.Services.Transport.TransportCommandDispatcher/<>c:<RequestMainThreadPump>b__11_1 (object) (at ./Library/PackageCache/com.coplaydev.unity-mcp@d6e58c68cf4b/Editor/Services/Transport/TransportCommandDispatcher.cs:189)
UnityEngine.UnitySynchronizationContext/WorkRequest:Invoke ()
UnityEngine.UnitySynchronizationContext:Exec ()
UnityEngine.UnitySynchronizationContext:ExecuteTasks ()

(Filename: Assets/Editor/x64/Bakery/scripts/ftModelPostProcessor.cs Line: 137)

 -> (Import Result ID: 'f54c5b2509b5d261dfdc20d8433e093c') in 0.0345738 seconds [static dependencies only]. Details - ImportResultOutputID=b42f614b7d420d0e790e871e1ebced3d DependenciesID=26a88ef9ecf13ef440f1c2a19032f7dd StaticDependenciesID=07fe1c277705d2902d080f75aa00f592 
Refreshing native plugins compatible for Editor in 5.49 ms, found 31 plugins.
Asset Pipeline Refresh (id=9dc771cdd1b1c4b499db506d789c8f6a): Total: 0.247 seconds - Initiated by StopAssetImportingV2(NoUpdateAssetOptions)
[Licensing::Client] Successfully resolved entitlement details
[ScriptCompilation] Requested script compilation because: Requested through public api
[Licensing::Client] Successfully resolved entitlement details
info: Microsoft.AspNetCore.Hosting.Diagnostics[1]
      Request starting HTTP/2 POST http://ilpp/UnityILPP.PostProcessing/Ping - application/grpc -
info: Microsoft.AspNetCore.Routing.EndpointMiddleware[0]
      Executing endpoint 'gRPC - /UnityILPP.PostProcessing/Ping'
info: Microsoft.AspNetCore.Routing.EndpointMiddleware[1]
      Executed endpoint 'gRPC - /UnityILPP.PostProcessing/Ping'
info: Microsoft.AspNetCore.Hosting.Diagnostics[2]
      Request finished HTTP/2 POST http://ilpp/UnityILPP.PostProcessing/Ping - 200 - application/grpc 0.1647ms
Starting: C:\Program Files\Unity\Hub\Editor\6000.4.1f1\Editor\Data\Tools\BuildPipeline\bee_backend.exe --ipc --defer-dag-verification --dagfile="Library/Bee/1900b0aEDbg.dag" --continue-on-failure --profile="Library/Bee/backend1.traceevents" ScriptAssemblies
WorkingDir: C:/hades/Hecton8
info: Microsoft.AspNetCore.Hosting.Diagnostics[1]
      Request starting HTTP/2 POST http://ilpp/UnityILPP.PostProcessing/ConfigurePostProcessors - application/grpc -
info: Microsoft.AspNetCore.Routing.EndpointMiddleware[0]
      Executing endpoint 'gRPC - /UnityILPP.PostProcessing/ConfigurePostProcessors'
info: Unity.ILPP.Runner.PostProcessingAssemblyLoadContext[0]
      Current configuration matches the requested one, skipping
info: Microsoft.AspNetCore.Routing.EndpointMiddleware[1]
      Executed endpoint 'gRPC - /UnityILPP.PostProcessing/ConfigurePostProcessors'
info: Microsoft.AspNetCore.Hosting.Diagnostics[2]
      Request finished HTTP/2 POST http://ilpp/UnityILPP.PostProcessing/ConfigurePostProcessors - 200 - application/grpc 1.4274ms
info: Microsoft.AspNetCore.Hosting.Diagnostics[1]
      Request starting HTTP/2 POST http://ilpp/UnityILPP.PostProcessing/PostProcessAssembly - application/grpc -
info: Microsoft.AspNetCore.Routing.EndpointMiddleware[0]
      Executing endpoint 'gRPC - /UnityILPP.PostProcessing/PostProcessAssembly'
info: Microsoft.AspNetCore.Hosting.Diagnostics[1]
      Request starting HTTP/2 POST http://ilpp/UnityILPP.PostProcessing/PostProcessAssembly - application/grpc -
info: Microsoft.AspNetCore.Routing.EndpointMiddleware[0]
      Executing endpoint 'gRPC - /UnityILPP.PostProcessing/PostProcessAssembly'
info: Microsoft.AspNetCore.Hosting.Diagnostics[1]
      Request starting HTTP/2 POST http://ilpp/UnityILPP.PostProcessing/PostProcessAssembly - application/grpc -
info: Microsoft.AspNetCore.Routing.EndpointMiddleware[0]
      Executing endpoint 'gRPC - /UnityILPP.PostProcessing/PostProcessAssembly'
info: Unity.ILPP.Runner.PostProcessingPipeline[0]
      Processing assembly Library/Bee/artifacts/1900b0aEDbg.dag/Assembly-CSharp-Editor.dll, with 159 defines and 461 references
info: Unity.ILPP.Runner.PostProcessingPipeline[0]
      processors: Unity.Entities.CodeGen.EntitiesILPostProcessors, Unity.Jobs.CodeGen.JobsILPostProcessor, zzzUnity.Burst.CodeGen.BurstILPostProcessor
info: Unity.ILPP.Runner.PostProcessingPipeline[0]
      Processing assembly Library/Bee/artifacts/1900b0aEDbg.dag/Assembly-CSharp-firstpass.dll, with 161 defines and 435 references
info: Unity.ILPP.Runner.PostProcessingPipeline[0]
      Processing assembly Library/Bee/artifacts/1900b0aEDbg.dag/Assembly-CSharp-Editor-firstpass.dll, with 159 defines and 459 references
info: Unity.ILPP.Runner.PostProcessingPipeline[0]
      processors: Unity.Entities.CodeGen.EntitiesILPostProcessors, Unity.Jobs.CodeGen.JobsILPostProcessor, zzzUnity.Burst.CodeGen.BurstILPostProcessor
info: Unity.ILPP.Runner.PostProcessingPipeline[0]
      processors: Unity.Entities.CodeGen.EntitiesILPostProcessors, Unity.Jobs.CodeGen.JobsILPostProcessor, zzzUnity.Burst.CodeGen.BurstILPostProcessor
info: Unity.ILPP.Runner.PostProcessingPipeline[0]
      running Unity.Entities.CodeGen.EntitiesILPostProcessors
info: Unity.ILPP.Runner.PostProcessingPipeline[0]
      running Unity.Entities.CodeGen.EntitiesILPostProcessors
info: Unity.ILPP.Runner.PostProcessingPipeline[0]
      running Unity.Entities.CodeGen.EntitiesILPostProcessors
info: Microsoft.AspNetCore.Hosting.Diagnostics[1]
      Request starting HTTP/2 POST http://ilpp/UnityILPP.PostProcessing/PostProcessAssembly - application/grpc -
info: Microsoft.AspNetCore.Routing.EndpointMiddleware[0]
      Executing endpoint 'gRPC - /UnityILPP.PostProcessing/PostProcessAssembly'
info: Unity.ILPP.Runner.PostProcessingPipeline[0]
      Processing assembly Library/Bee/artifacts/1900b0aEDbg.dag/Hecton8.Editor.dll, with 159 defines and 323 references
info: Unity.ILPP.Runner.PostProcessingPipeline[0]
      processors: Unity.Entities.CodeGen.EntitiesILPostProcessors, Unity.Jobs.CodeGen.JobsILPostProcessor, zzzUnity.Burst.CodeGen.BurstILPostProcessor
info: Microsoft.AspNetCore.Hosting.Diagnostics[1]
      Request starting HTTP/2 POST http://ilpp/UnityILPP.PostProcessing/PostProcessAssembly - application/grpc -
info: Microsoft.AspNetCore.Routing.EndpointMiddleware[0]
      Executing endpoint 'gRPC - /UnityILPP.PostProcessing/PostProcessAssembly'
info: Unity.ILPP.Runner.PostProcessingPipeline[0]
      Processing assembly Library/Bee/artifacts/1900b0aEDbg.dag/Assembly-CSharp.dll, with 161 defines and 436 references
info: Unity.ILPP.Runner.PostProcessingPipeline[0]
      processors: Unity.Entities.CodeGen.EntitiesILPostProcessors, Unity.Jobs.CodeGen.JobsILPostProcessor, zzzUnity.Burst.CodeGen.BurstILPostProcessor
info: Unity.ILPP.Runner.PostProcessingPipeline[0]
      running Unity.Entities.CodeGen.EntitiesILPostProcessors
info: Unity.ILPP.Runner.PostProcessingPipeline[0]
      running Unity.Entities.CodeGen.EntitiesILPostProcessors
info: Unity.ILPP.Runner.PostProcessingPipeline[0]
      running Unity.Jobs.CodeGen.JobsILPostProcessor
info: Unity.ILPP.Runner.PostProcessingPipeline[0]
      running zzzUnity.Burst.CodeGen.BurstILPostProcessor
info: Microsoft.AspNetCore.Routing.EndpointMiddleware[1]
      Executed endpoint 'gRPC - /UnityILPP.PostProcessing/PostProcessAssembly'
info: Microsoft.AspNetCore.Hosting.Diagnostics[2]
      Request finished HTTP/2 POST http://ilpp/UnityILPP.PostProcessing/PostProcessAssembly - 200 - application/grpc 32.4822ms
  - EILPP : Assembly-CSharp-firstpass : : 554ms (~196ms)
    - EILPP : Assembly-CSharp-firstpass : GetAllComponentTypes: 22ms 
    - EILPP : Assembly-CSharp-firstpass : ComponentDataPP: 47ms 
    - EILPP : Assembly-CSharp-firstpass : StaticTypeRegistryPostProcessor: 20ms 
    - EILPP : Assembly-CSharp-firstpass : WriteAssembly: 269ms 
info: Unity.ILPP.Runner.PostProcessingPipeline[0]
      running Unity.Jobs.CodeGen.JobsILPostProcessor
  - EILPP : Assembly-CSharp-Editor : : 694ms (~314ms)
    - EILPP : Assembly-CSharp-Editor : GetAllComponentTypes: 54ms 
    - EILPP : Assembly-CSharp-Editor : ComponentDataPP: 14ms 
    - EILPP : Assembly-CSharp-Editor : StaticTypeRegistryPostProcessor: 39ms 
    - EILPP : Assembly-CSharp-Editor : WriteAssembly: 273ms 
info: Unity.ILPP.Runner.PostProcessingPipeline[0]
      running Unity.Jobs.CodeGen.JobsILPostProcessor
  - EILPP : Assembly-CSharp : : 659ms (~258ms)
    - EILPP : Assembly-CSharp : GetAllComponentTypes: 62ms 
    - EILPP : Assembly-CSharp : ComponentDataPP: 12ms 
    - EILPP : Assembly-CSharp : StaticTypeRegistryPostProcessor: 27ms 
    - EILPP : Assembly-CSharp : WriteAssembly: 300ms 
info: Unity.ILPP.Runner.PostProcessingPipeline[0]
      running Unity.Jobs.CodeGen.JobsILPostProcessor
info: Unity.ILPP.Runner.PostProcessingPipeline[0]
      running zzzUnity.Burst.CodeGen.BurstILPostProcessor
info: Unity.ILPP.Runner.PostProcessingPipeline[0]
      running zzzUnity.Burst.CodeGen.BurstILPostProcessor
info: Unity.ILPP.Runner.PostProcessingPipeline[0]
      running zzzUnity.Burst.CodeGen.BurstILPostProcessor
info: Microsoft.AspNetCore.Routing.EndpointMiddleware[1]
      Executed endpoint 'gRPC - /UnityILPP.PostProcessing/PostProcessAssembly'
info: Microsoft.AspNetCore.Hosting.Diagnostics[2]
      Request finished HTTP/2 POST http://ilpp/UnityILPP.PostProcessing/PostProcessAssembly - 200 - application/grpc 1164.7305ms
  - EILPP : Assembly-CSharp-Editor-firstpass : : 1094ms (~218ms)
    - EILPP : Assembly-CSharp-Editor-firstpass : GetAllComponentTypes: 122ms 
    - EILPP : Assembly-CSharp-Editor-firstpass : ComponentDataPP: 3ms 
    - EILPP : Assembly-CSharp-Editor-firstpass : StaticTypeRegistryPostProcessor: 26ms 
    - EILPP : Assembly-CSharp-Editor-firstpass : WriteAssembly: 725ms 
info: Unity.ILPP.Runner.PostProcessingPipeline[0]
      running Unity.Jobs.CodeGen.JobsILPostProcessor
info: Microsoft.AspNetCore.Routing.EndpointMiddleware[1]
      Executed endpoint 'gRPC - /UnityILPP.PostProcessing/PostProcessAssembly'
info: Microsoft.AspNetCore.Routing.EndpointMiddleware[1]
      Executed endpoint 'gRPC - /UnityILPP.PostProcessing/PostProcessAssembly'
info: Microsoft.AspNetCore.Hosting.Diagnostics[2]
      Request finished HTTP/2 POST http://ilpp/UnityILPP.PostProcessing/PostProcessAssembly - 200 - application/grpc 1131.8962ms
info: Microsoft.AspNetCore.Hosting.Diagnostics[2]
      Request finished HTTP/2 POST http://ilpp/UnityILPP.PostProcessing/PostProcessAssembly - 200 - application/grpc 1217.6433ms
info: Unity.ILPP.Runner.PostProcessingPipeline[0]
      running zzzUnity.Burst.CodeGen.BurstILPostProcessor
info: Microsoft.AspNetCore.Routing.EndpointMiddleware[1]
      Executed endpoint 'gRPC - /UnityILPP.PostProcessing/PostProcessAssembly'
info: Microsoft.AspNetCore.Hosting.Diagnostics[2]
      Request finished HTTP/2 POST http://ilpp/UnityILPP.PostProcessing/PostProcessAssembly - 200 - application/grpc 1534.9009ms
ExitCode: 0 Duration: 3s706ms
[1509/2034  0s] ILPP-Configuration Library/ilpp-configuration.nevergeneratedoutput
[2014/2034  1s] Csc Library/Bee/artifacts/1900b0aEDbg.dag/Hecton8.Editor.dll (+2 others)
[2019/2034  0s] ILPostProcess Library/Bee/artifacts/1900b0aEDbg.dag/post-processed/Hecton8.Editor.dll (+pdb)
Processing assembly Library/Bee/artifacts/1900b0aEDbg.dag/Hecton8.Editor.dll, with 159 defines and 323 references

processors: Unity.Entities.CodeGen.EntitiesILPostProcessors, Unity.Jobs.CodeGen.JobsILPostProcessor, zzzUnity.Burst.CodeGen.BurstILPostProcessor

running Unity.Entities.CodeGen.EntitiesILPostProcessors

running Unity.Jobs.CodeGen.JobsILPostProcessor

running zzzUnity.Burst.CodeGen.BurstILPostProcessor
[2020/2034  0s] CopyFiles Library/ScriptAssemblies/Hecton8.Editor.pdb
[2021/2034  0s] CopyFiles Library/ScriptAssemblies/Hecton8.Editor.dll
[2022/2034  1s] ILPostProcess Library/Bee/artifacts/1900b0aEDbg.dag/post-processed/Assembly-CSharp-Editor.dll (+pdb)
Processing assembly Library/Bee/artifacts/1900b0aEDbg.dag/Assembly-CSharp-Editor.dll, with 159 defines and 461 references

processors: Unity.Entities.CodeGen.EntitiesILPostProcessors, Unity.Jobs.CodeGen.JobsILPostProcessor, zzzUnity.Burst.CodeGen.BurstILPostProcessor

running Unity.Entities.CodeGen.EntitiesILPostProcessors

running Unity.Jobs.CodeGen.JobsILPostProcessor

running zzzUnity.Burst.CodeGen.BurstILPostProcessor
[2023/2034  1s] ILPostProcess Library/Bee/artifacts/1900b0aEDbg.dag/post-processed/Assembly-CSharp.dll (+pdb)
Processing assembly Library/Bee/artifacts/1900b0aEDbg.dag/Assembly-CSharp.dll, with 161 defines and 436 references

processors: Unity.Entities.CodeGen.EntitiesILPostProcessors, Unity.Jobs.CodeGen.JobsILPostProcessor, zzzUnity.Burst.CodeGen.BurstILPostProcessor

running Unity.Entities.CodeGen.EntitiesILPostProcessors

running Unity.Jobs.CodeGen.JobsILPostProcessor

running zzzUnity.Burst.CodeGen.BurstILPostProcessor
[2024/2034  1s] ILPostProcess Library/Bee/artifacts/1900b0aEDbg.dag/post-processed/Assembly-CSharp-firstpass.dll (+pdb)
Processing assembly Library/Bee/artifacts/1900b0aEDbg.dag/Assembly-CSharp-firstpass.dll, with 161 defines and 435 references

processors: Unity.Entities.CodeGen.EntitiesILPostProcessors, Unity.Jobs.CodeGen.JobsILPostProcessor, zzzUnity.Burst.CodeGen.BurstILPostProcessor

running Unity.Entities.CodeGen.EntitiesILPostProcessors

running Unity.Jobs.CodeGen.JobsILPostProcessor

running zzzUnity.Burst.CodeGen.BurstILPostProcessor
[2031/2034  1s] ILPostProcess Library/Bee/artifacts/1900b0aEDbg.dag/post-processed/Assembly-CSharp-Editor-firstpass.dll (+pdb)
Processing assembly Library/Bee/artifacts/1900b0aEDbg.dag/Assembly-CSharp-Editor-firstpass.dll, with 159 defines and 459 references

processors: Unity.Entities.CodeGen.EntitiesILPostProcessors, Unity.Jobs.CodeGen.JobsILPostProcessor, zzzUnity.Burst.CodeGen.BurstILPostProcessor

running Unity.Entities.CodeGen.EntitiesILPostProcessors

running Unity.Jobs.CodeGen.JobsILPostProcessor

running zzzUnity.Burst.CodeGen.BurstILPostProcessor
*** Tundra build success (3.66 seconds), 9 items updated, 2034 evaluated
Reloading assemblies after finishing script compilation.
Reloading assemblies after forced synchronous recompile.
Assembly DocCodeExamples.dll at Library/ScriptAssemblies/DocCodeExamples.dll not valid. Loading of assembly skipped.
Assembly DocCodeSamples.dll at Library/ScriptAssemblies/DocCodeSamples.dll not valid. Loading of assembly skipped.
Assembly Hecton8.EditModeTests.dll at Library/ScriptAssemblies/Hecton8.EditModeTests.dll not valid. Loading of assembly skipped.
Assembly Hecton8.PlayModeTests.dll at Library/ScriptAssemblies/Hecton8.PlayModeTests.dll not valid. Loading of assembly skipped.
Assembly MockTests.dll at Library/ScriptAssemblies/MockTests.dll not valid. Loading of assembly skipped.
Assembly TestNewCustomAssembly.dll at Library/ScriptAssemblies/TestNewCustomAssembly.dll not valid. Loading of assembly skipped.
Assembly TypeDependencyCacheTestAssembly.dll at Library/ScriptAssemblies/TypeDependencyCacheTestAssembly.dll not valid. Loading of assembly skipped.
Assembly Unity.2D.Sprite.Package.EditorTests.dll at Library/ScriptAssemblies/Unity.2D.Sprite.Package.EditorTests.dll not valid. Loading of assembly skipped.
Assembly Unity.Burst.Tests.dll at Library/ScriptAssemblies/Unity.Burst.Tests.dll not valid. Loading of assembly skipped.
Assembly Unity.Collections.BurstCompatibilityGen.dll at Library/ScriptAssemblies/Unity.Collections.BurstCompatibilityGen.dll not valid. Loading of assembly skipped.
Assembly Unity.Collections.DocCodeSamples.dll at Library/ScriptAssemblies/Unity.Collections.DocCodeSamples.dll not valid. Loading of assembly skipped.
Assembly Unity.Collections.PerformanceTests.dll at Library/ScriptAssemblies/Unity.Collections.PerformanceTests.dll not valid. Loading of assembly skipped.
Assembly Unity.Collections.Tests.dll at Library/ScriptAssemblies/Unity.Collections.Tests.dll not valid. Loading of assembly skipped.
Assembly Unity.Collections.Tests.Playmode.dll at Library/ScriptAssemblies/Unity.Collections.Tests.Playmode.dll not valid. Loading of assembly skipped.
Assembly Unity.Entities.CodeGen.Tests.dll at Library/ScriptAssemblies/Unity.Entities.CodeGen.Tests.dll not valid. Loading of assembly skipped.
Assembly Unity.Entities.ContentDelivery.Tests.dll at Library/ScriptAssemblies/Unity.Entities.ContentDelivery.Tests.dll not valid. Loading of assembly skipped.
Assembly Unity.Entities.Editor.PerformanceTests.dll at Library/ScriptAssemblies/Unity.Entities.Editor.PerformanceTests.dll not valid. Loading of assembly skipped.
Assembly Unity.Entities.Editor.Tests.dll at Library/ScriptAssemblies/Unity.Entities.Editor.Tests.dll not valid. Loading of assembly skipped.
Assembly Unity.Entities.Hybrid.EndToEnd.Tests.dll at Library/ScriptAssemblies/Unity.Entities.Hybrid.EndToEnd.Tests.dll not valid. Loading of assembly skipped.
Assembly Unity.Entities.Hybrid.PerformanceTests.dll at Library/ScriptAssemblies/Unity.Entities.Hybrid.PerformanceTests.dll not valid. Loading of assembly skipped.
Assembly Unity.Entities.Hybrid.Tests.dll at Library/ScriptAssemblies/Unity.Entities.Hybrid.Tests.dll not valid. Loading of assembly skipped.
Assembly Unity.Entities.Hybrid.Tests.ExcludedAssembly.dll at Library/ScriptAssemblies/Unity.Entities.Hybrid.Tests.ExcludedAssembly.dll not valid. Loading of assembly skipped.
Assembly Unity.Entities.Hybrid.Tests.SeparateAssembly.dll at Library/ScriptAssemblies/Unity.Entities.Hybrid.Tests.SeparateAssembly.dll not valid. Loading of assembly skipped.
Assembly Unity.Entities.PerformanceTests.dll at Library/ScriptAssemblies/Unity.Entities.PerformanceTests.dll not valid. Loading of assembly skipped.
Assembly Unity.Entities.TestComponents.dll at Library/ScriptAssemblies/Unity.Entities.TestComponents.dll not valid. Loading of assembly skipped.
Assembly Unity.Entities.Tests.dll at Library/ScriptAssemblies/Unity.Entities.Tests.dll not valid. Loading of assembly skipped.
Assembly Unity.Entities.Tests.InAnotherAssembly.dll at Library/ScriptAssemblies/Unity.Entities.Tests.InAnotherAssembly.dll not valid. Loading of assembly skipped.
Assembly Unity.Entities.Tests.InAnotherEmptyAssembly.dll at Library/ScriptAssemblies/Unity.Entities.Tests.InAnotherEmptyAssembly.dll not valid. Loading of assembly skipped.
Assembly Unity.InputSystem.IntegrationTests.dll at Library/ScriptAssemblies/Unity.InputSystem.IntegrationTests.dll not valid. Loading of assembly skipped.
Assembly Unity.Mathematics.Extensions.Tests.dll at Library/ScriptAssemblies/Unity.Mathematics.Extensions.Tests.dll not valid. Loading of assembly skipped.
Assembly Unity.Mathematics.Tests.dll at Library/ScriptAssemblies/Unity.Mathematics.Tests.dll not valid. Loading of assembly skipped.
Assembly Unity.Multiplayer.Center.Editor.Tests.dll at Library/ScriptAssemblies/Unity.Multiplayer.Center.Editor.Tests.dll not valid. Loading of assembly skipped.
Assembly Unity.Multiplayer.Center.Tests.dll at Library/ScriptAssemblies/Unity.Multiplayer.Center.Tests.dll not valid. Loading of assembly skipped.
Assembly Unity.Nuget.Mono-Cecil.dll at Library/ScriptAssemblies/Unity.Nuget.Mono-Cecil.dll not valid. Loading of assembly skipped.
Assembly Unity.PathTracing.Editor.Tests.dll at Library/ScriptAssemblies/Unity.PathTracing.Editor.Tests.dll not valid. Loading of assembly skipped.
Assembly Unity.PathTracing.Runtime.Tests.dll at Library/ScriptAssemblies/Unity.PathTracing.Runtime.Tests.dll not valid. Loading of assembly skipped.
Assembly Unity.Properties.CodeGen.IntegrationTests.DependencyA.dll at Library/ScriptAssemblies/Unity.Properties.CodeGen.IntegrationTests.DependencyA.dll not valid. Loading of assembly skipped.
Assembly Unity.Properties.CodeGen.IntegrationTests.DependencyB.dll at Library/ScriptAssemblies/Unity.Properties.CodeGen.IntegrationTests.DependencyB.dll not valid. Loading of assembly skipped.
Assembly Unity.Properties.CodeGen.IntegrationTests.DependencyC.dll at Library/ScriptAssemblies/Unity.Properties.CodeGen.IntegrationTests.DependencyC.dll not valid. Loading of assembly skipped.
Assembly Unity.Properties.CodeGen.IntegrationTests.dll at Library/ScriptAssemblies/Unity.Properties.CodeGen.IntegrationTests.dll not valid. Loading of assembly skipped.
Assembly Unity.Properties.CodeGen.UntaggedAssemblyTests.dll at Library/ScriptAssemblies/Unity.Properties.CodeGen.UntaggedAssemblyTests.dll not valid. Loading of assembly skipped.
Assembly Unity.Properties.dll at Library/ScriptAssemblies/Unity.Properties.dll not valid. Loading of assembly skipped.
Assembly Unity.Properties.PerformanceTests.dll at Library/ScriptAssemblies/Unity.Properties.PerformanceTests.dll not valid. Loading of assembly skipped.
Assembly Unity.Properties.Reflection.Tests.dll at Library/ScriptAssemblies/Unity.Properties.Reflection.Tests.dll not valid. Loading of assembly skipped.
Assembly Unity.Properties.Tests.dll at Library/ScriptAssemblies/Unity.Properties.Tests.dll not valid. Loading of assembly skipped.
Assembly Unity.RenderPipelines.Core.Editor.Tests.dll at Library/ScriptAssemblies/Unity.RenderPipelines.Core.Editor.Tests.dll not valid. Loading of assembly skipped.
Assembly Unity.RenderPipelines.Core.Runtime.Tests.dll at Library/ScriptAssemblies/Unity.RenderPipelines.Core.Runtime.Tests.dll not valid. Loading of assembly skipped.
Assembly Unity.RenderPipelines.Universal.Config.Editor.Tests.dll at Library/ScriptAssemblies/Unity.RenderPipelines.Universal.Config.Editor.Tests.dll not valid. Loading of assembly skipped.
Assembly Unity.RenderPipelines.Universal.Editor.Tests.dll at Library/ScriptAssemblies/Unity.RenderPipelines.Universal.Editor.Tests.dll not valid. Loading of assembly skipped.
Assembly Unity.RenderPipelines.Universal.Runtime.Tests.dll at Library/ScriptAssemblies/Unity.RenderPipelines.Universal.Runtime.Tests.dll not valid. Loading of assembly skipped.
Assembly Unity.Scenes.Editor.PerformanceTests.dll at Library/ScriptAssemblies/Unity.Scenes.Editor.PerformanceTests.dll not valid. Loading of assembly skipped.
Assembly Unity.Scenes.Editor.Tests.dll at Library/ScriptAssemblies/Unity.Scenes.Editor.Tests.dll not valid. Loading of assembly skipped.
Assembly Unity.Scenes.Hybrid.Tests.dll at Library/ScriptAssemblies/Unity.Scenes.Hybrid.Tests.dll not valid. Loading of assembly skipped.
Assembly Unity.Scenes.Hybrid.Tests.Editmode.Content.dll at Library/ScriptAssemblies/Unity.Scenes.Hybrid.Tests.Editmode.Content.dll not valid. Loading of assembly skipped.
Assembly Unity.Scenes.Hybrid.Tests.Playmode.dll at Library/ScriptAssemblies/Unity.Scenes.Hybrid.Tests.Playmode.dll not valid. Loading of assembly skipped.
Assembly Unity.Scenes.PerformanceTests.dll at Library/ScriptAssemblies/Unity.Scenes.PerformanceTests.dll not valid. Loading of assembly skipped.
Assembly Unity.Scenes.Tests.dll at Library/ScriptAssemblies/Unity.Scenes.Tests.dll not valid. Loading of assembly skipped.
Assembly Unity.ScriptableBuildPipeline.Editor.Tests.dll at Library/ScriptAssemblies/Unity.ScriptableBuildPipeline.Editor.Tests.dll not valid. Loading of assembly skipped.
Assembly Unity.ScriptableBuildPipeline.Tests.dll at Library/ScriptAssemblies/Unity.ScriptableBuildPipeline.Tests.dll not valid. Loading of assembly skipped.
Assembly Unity.ScriptableBuildPipelineTests.Runtime.Tests.dll at Library/ScriptAssemblies/Unity.ScriptableBuildPipelineTests.Runtime.Tests.dll not valid. Loading of assembly skipped.
Assembly Unity.Searcher.EditorTests.dll at Library/ScriptAssemblies/Unity.Searcher.EditorTests.dll not valid. Loading of assembly skipped.
Assembly Unity.Serialization.Tests.dll at Library/ScriptAssemblies/Unity.Serialization.Tests.dll not valid. Loading of assembly skipped.
Assembly Unity.Settings.Tests.dll at Library/ScriptAssemblies/Unity.Settings.Tests.dll not valid. Loading of assembly skipped.
Assembly Unity.ShaderGraph.Editor.Tests.dll at Library/ScriptAssemblies/Unity.ShaderGraph.Editor.Tests.dll not valid. Loading of assembly skipped.
Assembly Unity.SharpZipLib.Editor.Tests.dll at Library/ScriptAssemblies/Unity.SharpZipLib.Editor.Tests.dll not valid. Loading of assembly skipped.
Assembly Unity.SharpZipLib.Tests.dll at Library/ScriptAssemblies/Unity.SharpZipLib.Tests.dll not valid. Loading of assembly skipped.
Assembly Unity.TextMeshPro.Editor.Tests.dll at Library/ScriptAssemblies/Unity.TextMeshPro.Editor.Tests.dll not valid. Loading of assembly skipped.
Assembly Unity.TextMeshPro.Tests.dll at Library/ScriptAssemblies/Unity.TextMeshPro.Tests.dll not valid. Loading of assembly skipped.
Assembly Unity.Transforms.Hybrid.Tests.dll at Library/ScriptAssemblies/Unity.Transforms.Hybrid.Tests.dll not valid. Loading of assembly skipped.
Assembly Unity.Transforms.PerformanceTests.dll at Library/ScriptAssemblies/Unity.Transforms.PerformanceTests.dll not valid. Loading of assembly skipped.
Assembly Unity.Transforms.Tests.dll at Library/ScriptAssemblies/Unity.Transforms.Tests.dll not valid. Loading of assembly skipped.
Assembly Unity.UnifiedRayTracing.Editor.Tests.dll at Library/ScriptAssemblies/Unity.UnifiedRayTracing.Editor.Tests.dll not valid. Loading of assembly skipped.
Assembly UnityEditor.UI.Common.Tests.dll at Library/ScriptAssemblies/UnityEditor.UI.Common.Tests.dll not valid. Loading of assembly skipped.
Assembly UnityEditor.UI.EditorTests.dll at Library/ScriptAssemblies/UnityEditor.UI.EditorTests.dll not valid. Loading of assembly skipped.
Assembly UnityEngine.UI.Tests.dll at Library/ScriptAssemblies/UnityEngine.UI.Tests.dll not valid. Loading of assembly skipped.
Begin MonoManager ReloadAssembly
Total cache size 268319600
Total cache size after purge 268319600, took 00:00:01.2601411
Assembly DocCodeExamples.dll at Library/ScriptAssemblies/DocCodeExamples.dll not valid. Loading of assembly skipped.
Assembly DocCodeSamples.dll at Library/ScriptAssemblies/DocCodeSamples.dll not valid. Loading of assembly skipped.
Assembly Hecton8.EditModeTests.dll at Library/ScriptAssemblies/Hecton8.EditModeTests.dll not valid. Loading of assembly skipped.
Assembly Hecton8.PlayModeTests.dll at Library/ScriptAssemblies/Hecton8.PlayModeTests.dll not valid. Loading of assembly skipped.
Assembly MockTests.dll at Library/ScriptAssemblies/MockTests.dll not valid. Loading of assembly skipped.
Assembly TestNewCustomAssembly.dll at Library/ScriptAssemblies/TestNewCustomAssembly.dll not valid. Loading of assembly skipped.
Assembly TypeDependencyCacheTestAssembly.dll at Library/ScriptAssemblies/TypeDependencyCacheTestAssembly.dll not valid. Loading of assembly skipped.
Assembly Unity.2D.Sprite.Package.EditorTests.dll at Library/ScriptAssemblies/Unity.2D.Sprite.Package.EditorTests.dll not valid. Loading of assembly skipped.
Assembly Unity.Burst.Tests.dll at Library/ScriptAssemblies/Unity.Burst.Tests.dll not valid. Loading of assembly skipped.
Assembly Unity.Collections.BurstCompatibilityGen.dll at Library/ScriptAssemblies/Unity.Collections.BurstCompatibilityGen.dll not valid. Loading of assembly skipped.
Assembly Unity.Collections.DocCodeSamples.dll at Library/ScriptAssemblies/Unity.Collections.DocCodeSamples.dll not valid. Loading of assembly skipped.
Assembly Unity.Collections.PerformanceTests.dll at Library/ScriptAssemblies/Unity.Collections.PerformanceTests.dll not valid. Loading of assembly skipped.
Assembly Unity.Collections.Tests.dll at Library/ScriptAssemblies/Unity.Collections.Tests.dll not valid. Loading of assembly skipped.
Assembly Unity.Collections.Tests.Playmode.dll at Library/ScriptAssemblies/Unity.Collections.Tests.Playmode.dll not valid. Loading of assembly skipped.
Assembly Unity.Entities.CodeGen.Tests.dll at Library/ScriptAssemblies/Unity.Entities.CodeGen.Tests.dll not valid. Loading of assembly skipped.
Assembly Unity.Entities.ContentDelivery.Tests.dll at Library/ScriptAssemblies/Unity.Entities.ContentDelivery.Tests.dll not valid. Loading of assembly skipped.
Assembly Unity.Entities.Editor.PerformanceTests.dll at Library/ScriptAssemblies/Unity.Entities.Editor.PerformanceTests.dll not valid. Loading of assembly skipped.
Assembly Unity.Entities.Editor.Tests.dll at Library/ScriptAssemblies/Unity.Entities.Editor.Tests.dll not valid. Loading of assembly skipped.
Assembly Unity.Entities.Hybrid.EndToEnd.Tests.dll at Library/ScriptAssemblies/Unity.Entities.Hybrid.EndToEnd.Tests.dll not valid. Loading of assembly skipped.
Assembly Unity.Entities.Hybrid.PerformanceTests.dll at Library/ScriptAssemblies/Unity.Entities.Hybrid.PerformanceTests.dll not valid. Loading of assembly skipped.
Assembly Unity.Entities.Hybrid.Tests.dll at Library/ScriptAssemblies/Unity.Entities.Hybrid.Tests.dll not valid. Loading of assembly skipped.
Assembly Unity.Entities.Hybrid.Tests.ExcludedAssembly.dll at Library/ScriptAssemblies/Unity.Entities.Hybrid.Tests.ExcludedAssembly.dll not valid. Loading of assembly skipped.
Assembly Unity.Entities.Hybrid.Tests.SeparateAssembly.dll at Library/ScriptAssemblies/Unity.Entities.Hybrid.Tests.SeparateAssembly.dll not valid. Loading of assembly skipped.
Assembly Unity.Entities.PerformanceTests.dll at Library/ScriptAssemblies/Unity.Entities.PerformanceTests.dll not valid. Loading of assembly skipped.
Assembly Unity.Entities.TestComponents.dll at Library/ScriptAssemblies/Unity.Entities.TestComponents.dll not valid. Loading of assembly skipped.
Assembly Unity.Entities.Tests.dll at Library/ScriptAssemblies/Unity.Entities.Tests.dll not valid. Loading of assembly skipped.
Assembly Unity.Entities.Tests.InAnotherAssembly.dll at Library/ScriptAssemblies/Unity.Entities.Tests.InAnotherAssembly.dll not valid. Loading of assembly skipped.
Assembly Unity.Entities.Tests.InAnotherEmptyAssembly.dll at Library/ScriptAssemblies/Unity.Entities.Tests.InAnotherEmptyAssembly.dll not valid. Loading of assembly skipped.
Assembly Unity.InputSystem.IntegrationTests.dll at Library/ScriptAssemblies/Unity.InputSystem.IntegrationTests.dll not valid. Loading of assembly skipped.
Assembly Unity.Mathematics.Extensions.Tests.dll at Library/ScriptAssemblies/Unity.Mathematics.Extensions.Tests.dll not valid. Loading of assembly skipped.
Assembly Unity.Mathematics.Tests.dll at Library/ScriptAssemblies/Unity.Mathematics.Tests.dll not valid. Loading of assembly skipped.
Assembly Unity.Multiplayer.Center.Editor.Tests.dll at Library/ScriptAssemblies/Unity.Multiplayer.Center.Editor.Tests.dll not valid. Loading of assembly skipped.
Assembly Unity.Multiplayer.Center.Tests.dll at Library/ScriptAssemblies/Unity.Multiplayer.Center.Tests.dll not valid. Loading of assembly skipped.
Assembly Unity.Nuget.Mono-Cecil.dll at Library/ScriptAssemblies/Unity.Nuget.Mono-Cecil.dll not valid. Loading of assembly skipped.
Assembly Unity.PathTracing.Editor.Tests.dll at Library/ScriptAssemblies/Unity.PathTracing.Editor.Tests.dll not valid. Loading of assembly skipped.
Assembly Unity.PathTracing.Runtime.Tests.dll at Library/ScriptAssemblies/Unity.PathTracing.Runtime.Tests.dll not valid. Loading of assembly skipped.
Assembly Unity.Properties.CodeGen.IntegrationTests.DependencyA.dll at Library/ScriptAssemblies/Unity.Properties.CodeGen.IntegrationTests.DependencyA.dll not valid. Loading of assembly skipped.
Assembly Unity.Properties.CodeGen.IntegrationTests.DependencyB.dll at Library/ScriptAssemblies/Unity.Properties.CodeGen.IntegrationTests.DependencyB.dll not valid. Loading of assembly skipped.
Assembly Unity.Properties.CodeGen.IntegrationTests.DependencyC.dll at Library/ScriptAssemblies/Unity.Properties.CodeGen.IntegrationTests.DependencyC.dll not valid. Loading of assembly skipped.
Assembly Unity.Properties.CodeGen.IntegrationTests.dll at Library/ScriptAssemblies/Unity.Properties.CodeGen.IntegrationTests.dll not valid. Loading of assembly skipped.
Assembly Unity.Properties.CodeGen.UntaggedAssemblyTests.dll at Library/ScriptAssemblies/Unity.Properties.CodeGen.UntaggedAssemblyTests.dll not valid. Loading of assembly skipped.
Assembly Unity.Properties.dll at Library/ScriptAssemblies/Unity.Properties.dll not valid. Loading of assembly skipped.
Assembly Unity.Properties.PerformanceTests.dll at Library/ScriptAssemblies/Unity.Properties.PerformanceTests.dll not valid. Loading of assembly skipped.
Assembly Unity.Properties.Reflection.Tests.dll at Library/ScriptAssemblies/Unity.Properties.Reflection.Tests.dll not valid. Loading of assembly skipped.
Assembly Unity.Properties.Tests.dll at Library/ScriptAssemblies/Unity.Properties.Tests.dll not valid. Loading of assembly skipped.
Assembly Unity.RenderPipelines.Core.Editor.Tests.dll at Library/ScriptAssemblies/Unity.RenderPipelines.Core.Editor.Tests.dll not valid. Loading of assembly skipped.
Assembly Unity.RenderPipelines.Core.Runtime.Tests.dll at Library/ScriptAssemblies/Unity.RenderPipelines.Core.Runtime.Tests.dll not valid. Loading of assembly skipped.
Assembly Unity.RenderPipelines.Universal.Config.Editor.Tests.dll at Library/ScriptAssemblies/Unity.RenderPipelines.Universal.Config.Editor.Tests.dll not valid. Loading of assembly skipped.
Assembly Unity.RenderPipelines.Universal.Editor.Tests.dll at Library/ScriptAssemblies/Unity.RenderPipelines.Universal.Editor.Tests.dll not valid. Loading of assembly skipped.
Assembly Unity.RenderPipelines.Universal.Runtime.Tests.dll at Library/ScriptAssemblies/Unity.RenderPipelines.Universal.Runtime.Tests.dll not valid. Loading of assembly skipped.
Assembly Unity.Scenes.Editor.PerformanceTests.dll at Library/ScriptAssemblies/Unity.Scenes.Editor.PerformanceTests.dll not valid. Loading of assembly skipped.
Assembly Unity.Scenes.Editor.Tests.dll at Library/ScriptAssemblies/Unity.Scenes.Editor.Tests.dll not valid. Loading of assembly skipped.
Assembly Unity.Scenes.Hybrid.Tests.dll at Library/ScriptAssemblies/Unity.Scenes.Hybrid.Tests.dll not valid. Loading of assembly skipped.
Assembly Unity.Scenes.Hybrid.Tests.Editmode.Content.dll at Library/ScriptAssemblies/Unity.Scenes.Hybrid.Tests.Editmode.Content.dll not valid. Loading of assembly skipped.
Assembly Unity.Scenes.Hybrid.Tests.Playmode.dll at Library/ScriptAssemblies/Unity.Scenes.Hybrid.Tests.Playmode.dll not valid. Loading of assembly skipped.
Assembly Unity.Scenes.PerformanceTests.dll at Library/ScriptAssemblies/Unity.Scenes.PerformanceTests.dll not valid. Loading of assembly skipped.
Assembly Unity.Scenes.Tests.dll at Library/ScriptAssemblies/Unity.Scenes.Tests.dll not valid. Loading of assembly skipped.
Assembly Unity.ScriptableBuildPipeline.Editor.Tests.dll at Library/ScriptAssemblies/Unity.ScriptableBuildPipeline.Editor.Tests.dll not valid. Loading of assembly skipped.
Assembly Unity.ScriptableBuildPipeline.Tests.dll at Library/ScriptAssemblies/Unity.ScriptableBuildPipeline.Tests.dll not valid. Loading of assembly skipped.
Assembly Unity.ScriptableBuildPipelineTests.Runtime.Tests.dll at Library/ScriptAssemblies/Unity.ScriptableBuildPipelineTests.Runtime.Tests.dll not valid. Loading of assembly skipped.
Assembly Unity.Searcher.EditorTests.dll at Library/ScriptAssemblies/Unity.Searcher.EditorTests.dll not valid. Loading of assembly skipped.
Assembly Unity.Serialization.Tests.dll at Library/ScriptAssemblies/Unity.Serialization.Tests.dll not valid. Loading of assembly skipped.
Assembly Unity.Settings.Tests.dll at Library/ScriptAssemblies/Unity.Settings.Tests.dll not valid. Loading of assembly skipped.
Assembly Unity.ShaderGraph.Editor.Tests.dll at Library/ScriptAssemblies/Unity.ShaderGraph.Editor.Tests.dll not valid. Loading of assembly skipped.
Assembly Unity.SharpZipLib.Editor.Tests.dll at Library/ScriptAssemblies/Unity.SharpZipLib.Editor.Tests.dll not valid. Loading of assembly skipped.
Assembly Unity.SharpZipLib.Tests.dll at Library/ScriptAssemblies/Unity.SharpZipLib.Tests.dll not valid. Loading of assembly skipped.
Assembly Unity.TextMeshPro.Editor.Tests.dll at Library/ScriptAssemblies/Unity.TextMeshPro.Editor.Tests.dll not valid. Loading of assembly skipped.
Assembly Unity.TextMeshPro.Tests.dll at Library/ScriptAssemblies/Unity.TextMeshPro.Tests.dll not valid. Loading of assembly skipped.
Assembly Unity.Transforms.Hybrid.Tests.dll at Library/ScriptAssemblies/Unity.Transforms.Hybrid.Tests.dll not valid. Loading of assembly skipped.
Assembly Unity.Transforms.PerformanceTests.dll at Library/ScriptAssemblies/Unity.Transforms.PerformanceTests.dll not valid. Loading of assembly skipped.
Assembly Unity.Transforms.Tests.dll at Library/ScriptAssemblies/Unity.Transforms.Tests.dll not valid. Loading of assembly skipped.
Assembly Unity.UnifiedRayTracing.Editor.Tests.dll at Library/ScriptAssemblies/Unity.UnifiedRayTracing.Editor.Tests.dll not valid. Loading of assembly skipped.
Assembly UnityEditor.UI.Common.Tests.dll at Library/ScriptAssemblies/UnityEditor.UI.Common.Tests.dll not valid. Loading of assembly skipped.
Assembly UnityEditor.UI.EditorTests.dll at Library/ScriptAssemblies/UnityEditor.UI.EditorTests.dll not valid. Loading of assembly skipped.
Assembly UnityEngine.UI.Tests.dll at Library/ScriptAssemblies/UnityEngine.UI.Tests.dll not valid. Loading of assembly skipped.
Symbol file LoadedFromMemory is not a mono symbol file
Refreshing native plugins compatible for Editor in 11.83 ms, found 31 plugins.
Native extension for WindowsStandalone target not found
[MODES] ModeService[none].Initialize
[MODES] ModeService[none].LoadModes
GetVirtualKey: Could not map char: z (122) to any virtual key
GetVirtualKey: Could not map char: y (121) to any virtual key
GetVirtualKey: Could not map char: x (120) to any virtual key
GetVirtualKey: Could not map char: c (99) to any virtual key
GetVirtualKey: Could not map char: v (118) to any virtual key
GetVirtualKey: Could not map char: V (86) to any virtual key
GetVirtualKey: Could not map char: d (100) to any virtual key
GetVirtualKey: Could not map char: f (102) to any virtual key
GetVirtualKey: Could not map char: f (102) to any virtual key
GetVirtualKey: Could not map char: a (97) to any virtual key
GetVirtualKey: Could not map char: d (100) to any virtual key
GetVirtualKey: Could not map char: c (99) to any virtual key
GetVirtualKey: Could not map char: r (114) to any virtual key
GetVirtualKey: Could not map char: i (105) to any virtual key
GetVirtualKey: Could not map char: b (98) to any virtual key
GetVirtualKey: Could not map char: l (108) to any virtual key
GetVirtualKey: Could not map char: s (115) to any virtual key
GetVirtualKey: Could not map char: u (117) to any virtual key
GetVirtualKey: Could not map char: l (108) to any virtual key
GetVirtualKey: Could not map char: f (102) to any virtual key
GetVirtualKey: Could not map char: k (107) to any virtual key
GetVirtualKey: Could not map char: p (112) to any virtual key
GetVirtualKey: Could not map char: p (112) to any virtual key
GetVirtualKey: Could not map char: p (112) to any virtual key
GetVirtualKey: Could not map char: c (99) to any virtual key
GetVirtualKey: Could not map char: r (114) to any virtual key
GetVirtualKey: Could not map char: P (80) to any virtual key
GetVirtualKey: Could not map char: n (110) to any virtual key
GetVirtualKey: Could not map char: n (110) to any virtual key
GetVirtualKey: Could not map char: g (103) to any virtual key
GetVirtualKey: Could not map char: G (71) to any virtual key
GetVirtualKey: Could not map char: f (102) to any virtual key
GetVirtualKey: Could not map char: f (102) to any virtual key
GetVirtualKey: Could not map char: a (97) to any virtual key
GetVirtualKey: Could not map char: a (97) to any virtual key
GetVirtualKey: Could not map char: k (107) to any virtual key
GetVirtualKey: Could not map char: g (103) to any virtual key
GetVirtualKey: Could not map char: l (108) to any virtual key
GetVirtualKey: Could not map char: p (112) to any virtual key
GetVirtualKey: Could not map char: K (75) to any virtual key
GetVirtualKey: Could not map char: G (71) to any virtual key
GetVirtualKey: Could not map char: L (76) to any virtual key
GetVirtualKey: Could not map char: R (82) to any virtual key
GetVirtualKey: Could not map char: G (71) to any virtual key
GetVirtualKey: Could not map char: X (88) to any virtual key
GetVirtualKey: Could not map char: E (69) to any virtual key
GetVirtualKey: Could not map char: N (78) to any virtual key
GetVirtualKey: Could not map char: U (85) to any virtual key
GetVirtualKey: Could not map char: E (69) to any virtual key
GetVirtualKey: Could not map char: S (83) to any virtual key
GetVirtualKey: Could not map char: X (88) to any virtual key
GetVirtualKey: Could not map char: V (86) to any virtual key
GetVirtualKey: Could not map char: m (109) to any virtual key
GetVirtualKey: Could not map char: c (99) to any virtual key
GetVirtualKey: Could not map char: u (117) to any virtual key
GetVirtualKey: Could not map char: n (110) to any virtual key
GetVirtualKey: Could not map char: o (111) to any virtual key
GetVirtualKey: Could not map char: s (115) to any virtual key
GetVirtualKey: Could not map char: s (115) to any virtual key
GetVirtualKey: Could not map char: b (98) to any virtual key
GetVirtualKey: Could not map char: b (98) to any virtual key
GetVirtualKey: Could not map char: m (109) to any virtual key
GetVirtualKey: Could not map char: p (112) to any virtual key
TypeManager.Initialize took: 411ms
ScheduleIndexationOnStartup MainProcess:True IndexOnStartup:True
Mono: successfully reloaded assembly
- Finished resetting the current domain, in 14.403 seconds
Domain Reload Profiling: 19878ms
	BeginReloadAssembly (3503ms)
		ExecutionOrderSort (3ms)
		DisableScriptedObjects (450ms)
		ReleaseScriptingObjects (5ms)
		CreateAndSetChildDomain (1754ms)
	RebuildCommonClasses (123ms)
	RebuildNativeTypeToScriptingClass (45ms)
	initialDomainReloadingComplete (262ms)
	LoadAllAssembliesAndSetupDomain (1541ms)
		LoadAssemblies (524ms)
		AnalyzeDomain (1282ms)
			TypeCache.Refresh (50ms)
				TypeCache.ScanAssembly (4ms)
			BuildScriptInfoCaches (1141ms)
			ResolveRequiredComponents (84ms)
	FinalizeReload (14404ms)
		SetupLoadedEditorAssemblies (0ms)
			InitializePlatformSupportModulesInManaged (62ms)
			BeforeProcessingInitializeOnLoad (1202ms)
			ProcessInitializeOnLoadAttributes (5803ms)
			ProcessInitializeOnLoadMethodAttributes (1568ms)
			AfterProcessingInitializeOnLoad (15ms)
			EditorAssembliesLoaded (4ms)
		ExecutionOrderSort2 (3ms)
		AwakeInstancesAfterBackupRestoration (1916ms)
(Values over 0.050ms)
Asset Pipeline Refresh (id=394f332b0c859b3479c874c7428c99ed): Total: 20.886 seconds - Initiated by StopAssetImportingV2(ForceSynchronousImport | ForceDomainReload)
	Summary:
		Imports: total=0 (actual=0, local cache=0, cache server=0)
		Asset DB Process Time: managed=0 ms, native=15064 ms
		Asset DB Callback time: managed=117 ms, native=1 ms
		Scripting: domain reloads=1, domain reload time=5698 ms, compile time=3 ms, other=0 ms
		Project Asset Count: scripts=3458, non-scripts=11388
		Asset File Changes: new=0, changed=0, moved=0, deleted=0
		Scan Filter Count: 0
	InvokePackagesCallback: 6.676ms
	ApplyChangesToAssetFolders: 1.105ms
	ProcessAssetsWithTransientArtifactChanges: 16.278ms
	CategorizeAssets: 459.435ms
	CompileScripts: 2.791ms
	ImportOutOfDateAssets: 14458.865ms (14441.145ms without children)
		CollectScriptTypesHashes: 4.351ms
		ReloadNativeAssets: 10.947ms
		EnsureUptoDateAssetsAreRegisteredWithGuidPM: 4.600ms
		OnDemandSchedulerStart: 1.860ms
	PostProcessAllAssets: 117.494ms
		MonoPostProcessAllAssets: 117.484ms
			TextureArrayPreProcessor.OnPostprocessAllAssets 86.188ms
			UniversalRenderPipelineGlobalSettingsPostprocessor.OnPostprocessAllAssets 42.819ms
			WindowAssetPostprocessingWatcher.OnPostprocessAllAssets 15.060ms
			SyncVS.PostprocessSyncProject 14.277ms
			RenderPipelineGlobalSettingsPostprocessor.OnPostprocessAllAssets 3.533ms
			SpeedTree9Postprocessor.OnPostprocessAllAssets 2.757ms
			AssetPostProcessor.OnPostprocessAllAssets 1.554ms
			ReferencedClipsPostProcessor.OnPostprocessAllAssets 1.322ms
			SpriteEditorTexturePostprocessor.OnPostprocessAllAssets 0.975ms
			AssetDatabaseCallbacks.OnPostprocessAllAssets 0.838ms
			AssetPostprocessor.OnPostprocessAllAssets 0.509ms
			InputActionAssetPostprocessor.OnPostprocessAllAssets 0.454ms
			TerrainToolbarOverlayPostProcessor.OnPostprocessAllAssets 0.306ms
			ProjectSettingsPostprocessor.OnPostprocessAllAssets 0.246ms
			ShaderGraphAssetPostProcessor.OnPostprocessAllAssets 0.226ms
			TMPro_TexturePostProcessor.OnPostprocessAllAssets 0.126ms
			AssetChangedListener.OnPostprocessAllAssets 0.083ms
			PostProcessor.OnPostprocessAllAssets 0.064ms
	GatherAllCurrentPrimaryImportResultRevisions: 2.037ms
	UnloadStreamsBegin: 0.103ms
	PersistCurrentRevisions: 0.950ms
	GenerateScriptTypeHashes: 43.057ms
	GenerateScriptTypeSerializationHashes: 58.826ms
	Untracked: 5806.182ms

Unloading 0 Unused Serialized files (Serialized files now loaded: 0)
[Licensing::Client] Successfully resolved entitlement details
Asset Pipeline Refresh (id=1d7ebf3b78ef939448f2bd16f21fe368): Total: 0.007 seconds - Initiated by StopAssetImportingV2(NoUpdateAssetOptions)
Asset Pipeline Refresh (id=835310a38576552429a53c56105abb07): Total: 0.005 seconds - Initiated by StopAssetImportingV2(NoUpdateAssetOptions)
Asset Pipeline Refresh (id=bfc3e0f2c19b39f4185e1ccfc0a4e7f7): Total: 0.006 seconds - Initiated by StopAssetImportingV2(NoUpdateAssetOptions)
Asset Pipeline Refresh (id=87a1ff52de362594da964a04e5ea86b2): Total: 0.006 seconds - Initiated by StopAssetImportingV2(NoUpdateAssetOptions)
[Licensing::Client] Successfully resolved entitlement details
[ScriptCompilation] Requested script compilation because: AssetDatabase observed changes in script compilation related files
Refreshing native plugins compatible for Editor in 52.88 ms, found 31 plugins.
(Values over 0.050ms)
Asset Pipeline Refresh (id=6f78c4db16adeed45b98915fd1137fc6): Total: 1.569 seconds - Initiated by RefreshV2(NoUpdateAssetOptions)
	Summary:
		Imports: total=0 (actual=0, local cache=0, cache server=0)
		Asset DB Process Time: managed=0 ms, native=368 ms
		Asset DB Callback time: managed=1114 ms, native=82 ms
		Scripting: domain reloads=0, domain reload time=0 ms, compile time=2 ms, other=0 ms
		Project Asset Count: scripts=3458, non-scripts=11388
		Asset File Changes: new=0, changed=1, moved=0, deleted=0
		Scan Filter Count: 0
	ApplyChangesToAssetFolders: 0.957ms
	Scan: 75.420ms
	OnSourceAssetsModified: 2.162ms
	CategorizeScriptCompilationAssets: 0.108ms
	ProcessAssetsWithTransientArtifactChanges: 0.666ms
	CategorizeAssets: 220.194ms
	CompileScripts: 1.795ms
	ImportOutOfDateAssets: 18.000ms (3.018ms without children)
		ReloadNativeAssets: 4.291ms
		UnloadImportedAssets: 0.683ms
		EnsureUptoDateAssetsAreRegisteredWithGuidPM: 7.276ms
		OnDemandSchedulerStart: 2.714ms
	PostProcessAllAssets: 1119.079ms
		XRBuildSystem.XRAssetImported 4.779ms
		PostProcessCallbackCreateDeferredMaterials 0.121ms
		MonoPostProcessAllAssets: 1112.443ms
			TextureArrayPreProcessor.OnPostprocessAllAssets 978.242ms
			SceneAssetPostProcessor.OnPostprocessAllAssets 24.410ms
			AssetChangedListener.OnPostprocessAllAssets 22.520ms
			BuilderAssetPostprocessor.OnPostprocessAllAssets 15.202ms
			SyncVS.PostprocessSyncProject 8.692ms
			ShaderGraphAssetPostProcessor.OnPostprocessAllAssets 6.842ms
			SpriteEditorTexturePostprocessor.OnPostprocessAllAssets 5.200ms
			UtilityWindowPostProcessor.OnPostprocessAllAssets 4.403ms
			MatrixAssetTexturePostprocessor.OnPostprocessAllAssets 4.310ms
			RetainedModeAssetPostprocessor.OnPostprocessAllAssets 4.182ms
			TemplatePostProcessor.OnPostprocessAllAssets 2.438ms
			MaterialPostprocessor.OnPostprocessAllAssets 2.377ms
			InputActionJsonNameModifierAssetProcessor.OnPostprocessAllAssets 1.829ms
			PostProcessor.OnPostprocessAllAssets 1.707ms
			UVCSAssetPostprocessor.OnPostprocessAllAssets 1.425ms
			InputActionAssetPostprocessor.OnPostprocessAllAssets 1.416ms
			TextAssetPostProcessor.OnPostprocessAllAssets 1.296ms
			TMPro_TexturePostProcessor.OnPostprocessAllAssets 1.234ms
			StyleCatalogPostProcessor.OnPostprocessAllAssets 1.133ms
			ArtifactBrowserPostProcessor.OnPostprocessAllAssets 1.102ms
			AudioMixerPostprocessor.OnPostprocessAllAssets 0.907ms
			AssetEvents.OnPostprocessAllAssets 0.872ms
			SamplePostprocessor.OnPostprocessAllAssets 0.800ms
			ConfigAssetsTracker.OnPostprocessAllAssets 0.662ms
			ScenarioDriftAssetsTracker.OnPostprocessAllAssets 0.510ms
			SpeedTreePostProcessor.OnPostprocessAllAssets 0.508ms
			RenderPipelineGlobalSettingsPostprocessor.OnPostprocessAllAssets 0.385ms
			AudioContainerPostProcessor.OnPostprocessAllAssets 0.240ms
			ProjectSettingsPostprocessor.OnPostprocessAllAssets 0.095ms
			UniversalRenderPipelineGlobalSettingsPostprocessor.OnPostprocessAllAssets 0.059ms
			SpeedTree9Postprocessor.OnPostprocessAllAssets 0.058ms
			AssetPostprocessor.OnPostprocessAllAssets 0.058ms
	PostAssetChangesProfiler: 75.761ms
	GatherAllCurrentPrimaryImportResultRevisions: 5.323ms
	PersistCurrentRevisions: 1.831ms
	Untracked: 47.606ms

info: Microsoft.AspNetCore.Hosting.Diagnostics[1]
      Request starting HTTP/2 POST http://ilpp/UnityILPP.PostProcessing/Ping - application/grpc -
info: Microsoft.AspNetCore.Routing.EndpointMiddleware[0]
      Executing endpoint 'gRPC - /UnityILPP.PostProcessing/Ping'
info: Microsoft.AspNetCore.Routing.EndpointMiddleware[1]
      Executed endpoint 'gRPC - /UnityILPP.PostProcessing/Ping'
info: Microsoft.AspNetCore.Hosting.Diagnostics[2]
      Request finished HTTP/2 POST http://ilpp/UnityILPP.PostProcessing/Ping - 200 - application/grpc 0.1540ms
Starting: C:\Program Files\Unity\Hub\Editor\6000.4.1f1\Editor\Data\Tools\BuildPipeline\bee_backend.exe --ipc --defer-dag-verification --dagfile="Library/Bee/1900b0aEDbg.dag" --continue-on-failure --profile="Library/Bee/backend1.traceevents" ScriptAssemblies
WorkingDir: C:/hades/Hecton8
info: Microsoft.AspNetCore.Hosting.Diagnostics[1]
      Request starting HTTP/2 POST http://ilpp/UnityILPP.PostProcessing/ConfigurePostProcessors - application/grpc -
info: Microsoft.AspNetCore.Routing.EndpointMiddleware[0]
      Executing endpoint 'gRPC - /UnityILPP.PostProcessing/ConfigurePostProcessors'
info: Unity.ILPP.Runner.PostProcessingAssemblyLoadContext[0]
      Current configuration matches the requested one, skipping
info: Microsoft.AspNetCore.Routing.EndpointMiddleware[1]
      Executed endpoint 'gRPC - /UnityILPP.PostProcessing/ConfigurePostProcessors'
info: Microsoft.AspNetCore.Hosting.Diagnostics[2]
      Request finished HTTP/2 POST http://ilpp/UnityILPP.PostProcessing/ConfigurePostProcessors - 200 - application/grpc 2.0034ms
ExitCode: 0 Duration: 1s691ms
[1514/2034  0s] ILPP-Configuration Library/ilpp-configuration.nevergeneratedoutput
*** Tundra build success (1.62 seconds), 1 items updated, 2034 evaluated
Unloading 359 unused Assets / (1.3 MB). Loaded Objects now: 33737.
Memory consumption went from 1.55 GB to 1.55 GB.
Total: 116.254500 ms (FindLiveObjects: 3.926500 ms CreateObjectMapping: 2.867300 ms MarkObjects: 106.703400 ms  DeleteObjects: 2.755500 ms)

[Licensing::Client] Successfully resolved entitlement details
Reloading assemblies after finishing script compilation.
Reloading assemblies after forced synchronous recompile.
Assembly DocCodeExamples.dll at Library/ScriptAssemblies/DocCodeExamples.dll not valid. Loading of assembly skipped.
Assembly DocCodeSamples.dll at Library/ScriptAssemblies/DocCodeSamples.dll not valid. Loading of assembly skipped.
Assembly Hecton8.EditModeTests.dll at Library/ScriptAssemblies/Hecton8.EditModeTests.dll not valid. Loading of assembly skipped.
Assembly Hecton8.PlayModeTests.dll at Library/ScriptAssemblies/Hecton8.PlayModeTests.dll not valid. Loading of assembly skipped.
Assembly MockTests.dll at Library/ScriptAssemblies/MockTests.dll not valid. Loading of assembly skipped.
Assembly TestNewCustomAssembly.dll at Library/ScriptAssemblies/TestNewCustomAssembly.dll not valid. Loading of assembly skipped.
Assembly TypeDependencyCacheTestAssembly.dll at Library/ScriptAssemblies/TypeDependencyCacheTestAssembly.dll not valid. Loading of assembly skipped.
Assembly Unity.2D.Sprite.Package.EditorTests.dll at Library/ScriptAssemblies/Unity.2D.Sprite.Package.EditorTests.dll not valid. Loading of assembly skipped.
Assembly Unity.Burst.Tests.dll at Library/ScriptAssemblies/Unity.Burst.Tests.dll not valid. Loading of assembly skipped.
Assembly Unity.Collections.BurstCompatibilityGen.dll at Library/ScriptAssemblies/Unity.Collections.BurstCompatibilityGen.dll not valid. Loading of assembly skipped.
Assembly Unity.Collections.DocCodeSamples.dll at Library/ScriptAssemblies/Unity.Collections.DocCodeSamples.dll not valid. Loading of assembly skipped.
Assembly Unity.Collections.PerformanceTests.dll at Library/ScriptAssemblies/Unity.Collections.PerformanceTests.dll not valid. Loading of assembly skipped.
Assembly Unity.Collections.Tests.dll at Library/ScriptAssemblies/Unity.Collections.Tests.dll not valid. Loading of assembly skipped.
Assembly Unity.Collections.Tests.Playmode.dll at Library/ScriptAssemblies/Unity.Collections.Tests.Playmode.dll not valid. Loading of assembly skipped.
Assembly Unity.Entities.CodeGen.Tests.dll at Library/ScriptAssemblies/Unity.Entities.CodeGen.Tests.dll not valid. Loading of assembly skipped.
Assembly Unity.Entities.ContentDelivery.Tests.dll at Library/ScriptAssemblies/Unity.Entities.ContentDelivery.Tests.dll not valid. Loading of assembly skipped.
Assembly Unity.Entities.Editor.PerformanceTests.dll at Library/ScriptAssemblies/Unity.Entities.Editor.PerformanceTests.dll not valid. Loading of assembly skipped.
Assembly Unity.Entities.Editor.Tests.dll at Library/ScriptAssemblies/Unity.Entities.Editor.Tests.dll not valid. Loading of assembly skipped.
Assembly Unity.Entities.Hybrid.EndToEnd.Tests.dll at Library/ScriptAssemblies/Unity.Entities.Hybrid.EndToEnd.Tests.dll not valid. Loading of assembly skipped.
Assembly Unity.Entities.Hybrid.PerformanceTests.dll at Library/ScriptAssemblies/Unity.Entities.Hybrid.PerformanceTests.dll not valid. Loading of assembly skipped.
Assembly Unity.Entities.Hybrid.Tests.dll at Library/ScriptAssemblies/Unity.Entities.Hybrid.Tests.dll not valid. Loading of assembly skipped.
Assembly Unity.Entities.Hybrid.Tests.ExcludedAssembly.dll at Library/ScriptAssemblies/Unity.Entities.Hybrid.Tests.ExcludedAssembly.dll not valid. Loading of assembly skipped.
Assembly Unity.Entities.Hybrid.Tests.SeparateAssembly.dll at Library/ScriptAssemblies/Unity.Entities.Hybrid.Tests.SeparateAssembly.dll not valid. Loading of assembly skipped.
Assembly Unity.Entities.PerformanceTests.dll at Library/ScriptAssemblies/Unity.Entities.PerformanceTests.dll not valid. Loading of assembly skipped.
Assembly Unity.Entities.TestComponents.dll at Library/ScriptAssemblies/Unity.Entities.TestComponents.dll not valid. Loading of assembly skipped.
Assembly Unity.Entities.Tests.dll at Library/ScriptAssemblies/Unity.Entities.Tests.dll not valid. Loading of assembly skipped.
Assembly Unity.Entities.Tests.InAnotherAssembly.dll at Library/ScriptAssemblies/Unity.Entities.Tests.InAnotherAssembly.dll not valid. Loading of assembly skipped.
Assembly Unity.Entities.Tests.InAnotherEmptyAssembly.dll at Library/ScriptAssemblies/Unity.Entities.Tests.InAnotherEmptyAssembly.dll not valid. Loading of assembly skipped.
Assembly Unity.InputSystem.IntegrationTests.dll at Library/ScriptAssemblies/Unity.InputSystem.IntegrationTests.dll not valid. Loading of assembly skipped.
Assembly Unity.Mathematics.Extensions.Tests.dll at Library/ScriptAssemblies/Unity.Mathematics.Extensions.Tests.dll not valid. Loading of assembly skipped.
Assembly Unity.Mathematics.Tests.dll at Library/ScriptAssemblies/Unity.Mathematics.Tests.dll not valid. Loading of assembly skipped.
Assembly Unity.Multiplayer.Center.Editor.Tests.dll at Library/ScriptAssemblies/Unity.Multiplayer.Center.Editor.Tests.dll not valid. Loading of assembly skipped.
Assembly Unity.Multiplayer.Center.Tests.dll at Library/ScriptAssemblies/Unity.Multiplayer.Center.Tests.dll not valid. Loading of assembly skipped.
Assembly Unity.Nuget.Mono-Cecil.dll at Library/ScriptAssemblies/Unity.Nuget.Mono-Cecil.dll not valid. Loading of assembly skipped.
Assembly Unity.PathTracing.Editor.Tests.dll at Library/ScriptAssemblies/Unity.PathTracing.Editor.Tests.dll not valid. Loading of assembly skipped.
Assembly Unity.PathTracing.Runtime.Tests.dll at Library/ScriptAssemblies/Unity.PathTracing.Runtime.Tests.dll not valid. Loading of assembly skipped.
Assembly Unity.Properties.CodeGen.IntegrationTests.DependencyA.dll at Library/ScriptAssemblies/Unity.Properties.CodeGen.IntegrationTests.DependencyA.dll not valid. Loading of assembly skipped.
Assembly Unity.Properties.CodeGen.IntegrationTests.DependencyB.dll at Library/ScriptAssemblies/Unity.Properties.CodeGen.IntegrationTests.DependencyB.dll not valid. Loading of assembly skipped.
Assembly Unity.Properties.CodeGen.IntegrationTests.DependencyC.dll at Library/ScriptAssemblies/Unity.Properties.CodeGen.IntegrationTests.DependencyC.dll not valid. Loading of assembly skipped.
Assembly Unity.Properties.CodeGen.IntegrationTests.dll at Library/ScriptAssemblies/Unity.Properties.CodeGen.IntegrationTests.dll not valid. Loading of assembly skipped.
Assembly Unity.Properties.CodeGen.UntaggedAssemblyTests.dll at Library/ScriptAssemblies/Unity.Properties.CodeGen.UntaggedAssemblyTests.dll not valid. Loading of assembly skipped.
Assembly Unity.Properties.dll at Library/ScriptAssemblies/Unity.Properties.dll not valid. Loading of assembly skipped.
Assembly Unity.Properties.PerformanceTests.dll at Library/ScriptAssemblies/Unity.Properties.PerformanceTests.dll not valid. Loading of assembly skipped.
Assembly Unity.Properties.Reflection.Tests.dll at Library/ScriptAssemblies/Unity.Properties.Reflection.Tests.dll not valid. Loading of assembly skipped.
Assembly Unity.Properties.Tests.dll at Library/ScriptAssemblies/Unity.Properties.Tests.dll not valid. Loading of assembly skipped.
Assembly Unity.RenderPipelines.Core.Editor.Tests.dll at Library/ScriptAssemblies/Unity.RenderPipelines.Core.Editor.Tests.dll not valid. Loading of assembly skipped.
Assembly Unity.RenderPipelines.Core.Runtime.Tests.dll at Library/ScriptAssemblies/Unity.RenderPipelines.Core.Runtime.Tests.dll not valid. Loading of assembly skipped.
Assembly Unity.RenderPipelines.Universal.Config.Editor.Tests.dll at Library/ScriptAssemblies/Unity.RenderPipelines.Universal.Config.Editor.Tests.dll not valid. Loading of assembly skipped.
Assembly Unity.RenderPipelines.Universal.Editor.Tests.dll at Library/ScriptAssemblies/Unity.RenderPipelines.Universal.Editor.Tests.dll not valid. Loading of assembly skipped.
Assembly Unity.RenderPipelines.Universal.Runtime.Tests.dll at Library/ScriptAssemblies/Unity.RenderPipelines.Universal.Runtime.Tests.dll not valid. Loading of assembly skipped.
Assembly Unity.Scenes.Editor.PerformanceTests.dll at Library/ScriptAssemblies/Unity.Scenes.Editor.PerformanceTests.dll not valid. Loading of assembly skipped.
Assembly Unity.Scenes.Editor.Tests.dll at Library/ScriptAssemblies/Unity.Scenes.Editor.Tests.dll not valid. Loading of assembly skipped.
Assembly Unity.Scenes.Hybrid.Tests.dll at Library/ScriptAssemblies/Unity.Scenes.Hybrid.Tests.dll not valid. Loading of assembly skipped.
Assembly Unity.Scenes.Hybrid.Tests.Editmode.Content.dll at Library/ScriptAssemblies/Unity.Scenes.Hybrid.Tests.Editmode.Content.dll not valid. Loading of assembly skipped.
Assembly Unity.Scenes.Hybrid.Tests.Playmode.dll at Library/ScriptAssemblies/Unity.Scenes.Hybrid.Tests.Playmode.dll not valid. Loading of assembly skipped.
Assembly Unity.Scenes.PerformanceTests.dll at Library/ScriptAssemblies/Unity.Scenes.PerformanceTests.dll not valid. Loading of assembly skipped.
Assembly Unity.Scenes.Tests.dll at Library/ScriptAssemblies/Unity.Scenes.Tests.dll not valid. Loading of assembly skipped.
Assembly Unity.ScriptableBuildPipeline.Editor.Tests.dll at Library/ScriptAssemblies/Unity.ScriptableBuildPipeline.Editor.Tests.dll not valid. Loading of assembly skipped.
Assembly Unity.ScriptableBuildPipeline.Tests.dll at Library/ScriptAssemblies/Unity.ScriptableBuildPipeline.Tests.dll not valid. Loading of assembly skipped.
Assembly Unity.ScriptableBuildPipelineTests.Runtime.Tests.dll at Library/ScriptAssemblies/Unity.ScriptableBuildPipelineTests.Runtime.Tests.dll not valid. Loading of assembly skipped.
Assembly Unity.Searcher.EditorTests.dll at Library/ScriptAssemblies/Unity.Searcher.EditorTests.dll not valid. Loading of assembly skipped.
Assembly Unity.Serialization.Tests.dll at Library/ScriptAssemblies/Unity.Serialization.Tests.dll not valid. Loading of assembly skipped.
Assembly Unity.Settings.Tests.dll at Library/ScriptAssemblies/Unity.Settings.Tests.dll not valid. Loading of assembly skipped.
Assembly Unity.ShaderGraph.Editor.Tests.dll at Library/ScriptAssemblies/Unity.ShaderGraph.Editor.Tests.dll not valid. Loading of assembly skipped.
Assembly Unity.SharpZipLib.Editor.Tests.dll at Library/ScriptAssemblies/Unity.SharpZipLib.Editor.Tests.dll not valid. Loading of assembly skipped.
Assembly Unity.SharpZipLib.Tests.dll at Library/ScriptAssemblies/Unity.SharpZipLib.Tests.dll not valid. Loading of assembly skipped.
Assembly Unity.TextMeshPro.Editor.Tests.dll at Library/ScriptAssemblies/Unity.TextMeshPro.Editor.Tests.dll not valid. Loading of assembly skipped.
Assembly Unity.TextMeshPro.Tests.dll at Library/ScriptAssemblies/Unity.TextMeshPro.Tests.dll not valid. Loading of assembly skipped.
Assembly Unity.Transforms.Hybrid.Tests.dll at Library/ScriptAssemblies/Unity.Transforms.Hybrid.Tests.dll not valid. Loading of assembly skipped.
Assembly Unity.Transforms.PerformanceTests.dll at Library/ScriptAssemblies/Unity.Transforms.PerformanceTests.dll not valid. Loading of assembly skipped.
Assembly Unity.Transforms.Tests.dll at Library/ScriptAssemblies/Unity.Transforms.Tests.dll not valid. Loading of assembly skipped.
Assembly Unity.UnifiedRayTracing.Editor.Tests.dll at Library/ScriptAssemblies/Unity.UnifiedRayTracing.Editor.Tests.dll not valid. Loading of assembly skipped.
Assembly UnityEditor.UI.Common.Tests.dll at Library/ScriptAssemblies/UnityEditor.UI.Common.Tests.dll not valid. Loading of assembly skipped.
Assembly UnityEditor.UI.EditorTests.dll at Library/ScriptAssemblies/UnityEditor.UI.EditorTests.dll not valid. Loading of assembly skipped.
Assembly UnityEngine.UI.Tests.dll at Library/ScriptAssemblies/UnityEngine.UI.Tests.dll not valid. Loading of assembly skipped.
Begin MonoManager ReloadAssembly
<b><color=#cc7a00>MCP-FOR-UNITY</color></b>: [WebSocket] Unexpected receive error: WebSocket is not initialised
UnityEngine.Debug:ExtractStackTraceNoAlloc (byte*,int,string)
UnityEngine.StackTraceUtility:ExtractStackTrace ()
UnityEngine.DebugLogHandler:Internal_Log (UnityEngine.LogType,UnityEngine.LogOption,string,UnityEngine.Object)
UnityEngine.DebugLogHandler:LogFormat (UnityEngine.LogType,UnityEngine.Object,string,object[])
UnityEngine.Logger:Log (UnityEngine.LogType,object)
UnityEngine.Debug:LogWarning (object)
MCPForUnity.Editor.Helpers.McpLog:Warn (string) (at ./Library/PackageCache/com.coplaydev.unity-mcp@d6e58c68cf4b/Editor/Helpers/McpLog.cs:45)
MCPForUnity.Editor.Services.Transport.Transports.WebSocketTransportClient/<ReceiveLoopAsync>d__41:MoveNext () (at ./Library/PackageCache/com.coplaydev.unity-mcp@d6e58c68cf4b/Editor/Services/Transport/Transports/WebSocketTransportClient.cs:404)
System.Runtime.CompilerServices.AsyncMethodBuilderCore/MoveNextRunner:InvokeMoveNext (object)
System.Threading.ExecutionContext:RunInternal (System.Threading.ExecutionContext,System.Threading.ContextCallback,object,bool)
System.Threading.ExecutionContext:Run (System.Threading.ExecutionContext,System.Threading.ContextCallback,object,bool)
System.Runtime.CompilerServices.AsyncMethodBuilderCore/MoveNextRunner:Run ()
System.Threading.Tasks.AwaitTaskContinuation:RunOrScheduleAction (System.Action,bool,System.Threading.Tasks.Task&)
System.Threading.Tasks.Task:FinishContinuations ()
System.Threading.Tasks.Task:FinishStageThree ()
System.Threading.Tasks.Task:FinishStageTwo ()
System.Threading.Tasks.Task:Finish (bool)
System.Threading.Tasks.Task:TrySetException (object)
System.Runtime.CompilerServices.AsyncTaskMethodBuilder`1<System.Threading.Tasks.VoidTaskResult>:SetException (System.Exception)
System.Runtime.CompilerServices.AsyncTaskMethodBuilder:SetException (System.Exception)
MCPForUnity.Editor.Services.Transport.Transports.WebSocketTransportClient/<HandleMessageAsync>d__43:MoveNext () (at ./Library/PackageCache/com.coplaydev.unity-mcp@d6e58c68cf4b/Editor/Services/Transport/Transports/WebSocketTransportClient.cs:489)
System.Runtime.CompilerServices.AsyncMethodBuilderCore/MoveNextRunner:InvokeMoveNext (object)
System.Threading.ExecutionContext:RunInternal (System.Threading.ExecutionContext,System.Threading.ContextCallback,object,bool)
System.Threading.ExecutionContext:Run (System.Threading.ExecutionContext,System.Threading.ContextCallback,object,bool)
System.Runtime.CompilerServices.AsyncMethodBuilderCore/MoveNextRunner:Run ()
System.Threading.Tasks.AwaitTaskContinuation:RunOrScheduleAction (System.Action,bool,System.Threading.Tasks.Task&)
System.Threading.Tasks.Task:FinishContinuations ()
System.Threading.Tasks.Task:FinishStageThree ()
System.Threading.Tasks.Task:FinishStageTwo ()
System.Threading.Tasks.Task:Finish (bool)
System.Threading.Tasks.Task:TrySetException (object)
System.Runtime.CompilerServices.AsyncTaskMethodBuilder`1<System.Threading.Tasks.VoidTaskResult>:SetException (System.Exception)
System.Runtime.CompilerServices.AsyncTaskMethodBuilder:SetException (System.Exception)
MCPForUnity.Editor.Services.Transport.Transports.WebSocketTransportClient/<HandleExecuteAsync>d__48:MoveNext () (at ./Library/PackageCache/com.coplaydev.unity-mcp@d6e58c68cf4b/Editor/Services/Transport/Transports/WebSocketTransportClient.cs:664)
System.Runtime.CompilerServices.AsyncMethodBuilderCore/MoveNextRunner:InvokeMoveNext (object)
System.Threading.ExecutionContext:RunInternal (System.Threading.ExecutionContext,System.Threading.ContextCallback,object,bool)
System.Threading.ExecutionContext:Run (System.Threading.ExecutionContext,System.Threading.ContextCallback,object,bool)
System.Runtime.CompilerServices.AsyncMethodBuilderCore/MoveNextRunner:Run ()
System.Threading.Tasks.AwaitTaskContinuation:System.Threading.IThreadPoolWorkItem.ExecuteWorkItem ()
System.Threading.ThreadPoolWorkQueue:Dispatch ()
System.Threading._ThreadPoolWaitCallback:PerformWaitCallback ()

(Filename: ./Library/PackageCache/com.coplaydev.unity-mcp@d6e58c68cf4b/Editor/Helpers/McpLog.cs Line: 45)

Total cache size 268319600
Total cache size after purge 268319600, took 00:00:01.7372335
Assembly DocCodeExamples.dll at Library/ScriptAssemblies/DocCodeExamples.dll not valid. Loading of assembly skipped.
Assembly DocCodeSamples.dll at Library/ScriptAssemblies/DocCodeSamples.dll not valid. Loading of assembly skipped.
Assembly Hecton8.EditModeTests.dll at Library/ScriptAssemblies/Hecton8.EditModeTests.dll not valid. Loading of assembly skipped.
Assembly Hecton8.PlayModeTests.dll at Library/ScriptAssemblies/Hecton8.PlayModeTests.dll not valid. Loading of assembly skipped.
Assembly MockTests.dll at Library/ScriptAssemblies/MockTests.dll not valid. Loading of assembly skipped.
Assembly TestNewCustomAssembly.dll at Library/ScriptAssemblies/TestNewCustomAssembly.dll not valid. Loading of assembly skipped.
Assembly TypeDependencyCacheTestAssembly.dll at Library/ScriptAssemblies/TypeDependencyCacheTestAssembly.dll not valid. Loading of assembly skipped.
Assembly Unity.2D.Sprite.Package.EditorTests.dll at Library/ScriptAssemblies/Unity.2D.Sprite.Package.EditorTests.dll not valid. Loading of assembly skipped.
Assembly Unity.Burst.Tests.dll at Library/ScriptAssemblies/Unity.Burst.Tests.dll not valid. Loading of assembly skipped.
Assembly Unity.Collections.BurstCompatibilityGen.dll at Library/ScriptAssemblies/Unity.Collections.BurstCompatibilityGen.dll not valid. Loading of assembly skipped.
Assembly Unity.Collections.DocCodeSamples.dll at Library/ScriptAssemblies/Unity.Collections.DocCodeSamples.dll not valid. Loading of assembly skipped.
Assembly Unity.Collections.PerformanceTests.dll at Library/ScriptAssemblies/Unity.Collections.PerformanceTests.dll not valid. Loading of assembly skipped.
Assembly Unity.Collections.Tests.dll at Library/ScriptAssemblies/Unity.Collections.Tests.dll not valid. Loading of assembly skipped.
Assembly Unity.Collections.Tests.Playmode.dll at Library/ScriptAssemblies/Unity.Collections.Tests.Playmode.dll not valid. Loading of assembly skipped.
Assembly Unity.Entities.CodeGen.Tests.dll at Library/ScriptAssemblies/Unity.Entities.CodeGen.Tests.dll not valid. Loading of assembly skipped.
Assembly Unity.Entities.ContentDelivery.Tests.dll at Library/ScriptAssemblies/Unity.Entities.ContentDelivery.Tests.dll not valid. Loading of assembly skipped.
Assembly Unity.Entities.Editor.PerformanceTests.dll at Library/ScriptAssemblies/Unity.Entities.Editor.PerformanceTests.dll not valid. Loading of assembly skipped.
Assembly Unity.Entities.Editor.Tests.dll at Library/ScriptAssemblies/Unity.Entities.Editor.Tests.dll not valid. Loading of assembly skipped.
Assembly Unity.Entities.Hybrid.EndToEnd.Tests.dll at Library/ScriptAssemblies/Unity.Entities.Hybrid.EndToEnd.Tests.dll not valid. Loading of assembly skipped.
Assembly Unity.Entities.Hybrid.PerformanceTests.dll at Library/ScriptAssemblies/Unity.Entities.Hybrid.PerformanceTests.dll not valid. Loading of assembly skipped.
Assembly Unity.Entities.Hybrid.Tests.dll at Library/ScriptAssemblies/Unity.Entities.Hybrid.Tests.dll not valid. Loading of assembly skipped.
Assembly Unity.Entities.Hybrid.Tests.ExcludedAssembly.dll at Library/ScriptAssemblies/Unity.Entities.Hybrid.Tests.ExcludedAssembly.dll not valid. Loading of assembly skipped.
Assembly Unity.Entities.Hybrid.Tests.SeparateAssembly.dll at Library/ScriptAssemblies/Unity.Entities.Hybrid.Tests.SeparateAssembly.dll not valid. Loading of assembly skipped.
Assembly Unity.Entities.PerformanceTests.dll at Library/ScriptAssemblies/Unity.Entities.PerformanceTests.dll not valid. Loading of assembly skipped.
Assembly Unity.Entities.TestComponents.dll at Library/ScriptAssemblies/Unity.Entities.TestComponents.dll not valid. Loading of assembly skipped.
Assembly Unity.Entities.Tests.dll at Library/ScriptAssemblies/Unity.Entities.Tests.dll not valid. Loading of assembly skipped.
Assembly Unity.Entities.Tests.InAnotherAssembly.dll at Library/ScriptAssemblies/Unity.Entities.Tests.InAnotherAssembly.dll not valid. Loading of assembly skipped.
Assembly Unity.Entities.Tests.InAnotherEmptyAssembly.dll at Library/ScriptAssemblies/Unity.Entities.Tests.InAnotherEmptyAssembly.dll not valid. Loading of assembly skipped.
Assembly Unity.InputSystem.IntegrationTests.dll at Library/ScriptAssemblies/Unity.InputSystem.IntegrationTests.dll not valid. Loading of assembly skipped.
Assembly Unity.Mathematics.Extensions.Tests.dll at Library/ScriptAssemblies/Unity.Mathematics.Extensions.Tests.dll not valid. Loading of assembly skipped.
Assembly Unity.Mathematics.Tests.dll at Library/ScriptAssemblies/Unity.Mathematics.Tests.dll not valid. Loading of assembly skipped.
Assembly Unity.Multiplayer.Center.Editor.Tests.dll at Library/ScriptAssemblies/Unity.Multiplayer.Center.Editor.Tests.dll not valid. Loading of assembly skipped.
Assembly Unity.Multiplayer.Center.Tests.dll at Library/ScriptAssemblies/Unity.Multiplayer.Center.Tests.dll not valid. Loading of assembly skipped.
Assembly Unity.Nuget.Mono-Cecil.dll at Library/ScriptAssemblies/Unity.Nuget.Mono-Cecil.dll not valid. Loading of assembly skipped.
Assembly Unity.PathTracing.Editor.Tests.dll at Library/ScriptAssemblies/Unity.PathTracing.Editor.Tests.dll not valid. Loading of assembly skipped.
Assembly Unity.PathTracing.Runtime.Tests.dll at Library/ScriptAssemblies/Unity.PathTracing.Runtime.Tests.dll not valid. Loading of assembly skipped.
Assembly Unity.Properties.CodeGen.IntegrationTests.DependencyA.dll at Library/ScriptAssemblies/Unity.Properties.CodeGen.IntegrationTests.DependencyA.dll not valid. Loading of assembly skipped.
Assembly Unity.Properties.CodeGen.IntegrationTests.DependencyB.dll at Library/ScriptAssemblies/Unity.Properties.CodeGen.IntegrationTests.DependencyB.dll not valid. Loading of assembly skipped.
Assembly Unity.Properties.CodeGen.IntegrationTests.DependencyC.dll at Library/ScriptAssemblies/Unity.Properties.CodeGen.IntegrationTests.DependencyC.dll not valid. Loading of assembly skipped.
Assembly Unity.Properties.CodeGen.IntegrationTests.dll at Library/ScriptAssemblies/Unity.Properties.CodeGen.IntegrationTests.dll not valid. Loading of assembly skipped.
Assembly Unity.Properties.CodeGen.UntaggedAssemblyTests.dll at Library/ScriptAssemblies/Unity.Properties.CodeGen.UntaggedAssemblyTests.dll not valid. Loading of assembly skipped.
Assembly Unity.Properties.dll at Library/ScriptAssemblies/Unity.Properties.dll not valid. Loading of assembly skipped.
Assembly Unity.Properties.PerformanceTests.dll at Library/ScriptAssemblies/Unity.Properties.PerformanceTests.dll not valid. Loading of assembly skipped.
Assembly Unity.Properties.Reflection.Tests.dll at Library/ScriptAssemblies/Unity.Properties.Reflection.Tests.dll not valid. Loading of assembly skipped.
Assembly Unity.Properties.Tests.dll at Library/ScriptAssemblies/Unity.Properties.Tests.dll not valid. Loading of assembly skipped.
Assembly Unity.RenderPipelines.Core.Editor.Tests.dll at Library/ScriptAssemblies/Unity.RenderPipelines.Core.Editor.Tests.dll not valid. Loading of assembly skipped.
Assembly Unity.RenderPipelines.Core.Runtime.Tests.dll at Library/ScriptAssemblies/Unity.RenderPipelines.Core.Runtime.Tests.dll not valid. Loading of assembly skipped.
Assembly Unity.RenderPipelines.Universal.Config.Editor.Tests.dll at Library/ScriptAssemblies/Unity.RenderPipelines.Universal.Config.Editor.Tests.dll not valid. Loading of assembly skipped.
Assembly Unity.RenderPipelines.Universal.Editor.Tests.dll at Library/ScriptAssemblies/Unity.RenderPipelines.Universal.Editor.Tests.dll not valid. Loading of assembly skipped.
Assembly Unity.RenderPipelines.Universal.Runtime.Tests.dll at Library/ScriptAssemblies/Unity.RenderPipelines.Universal.Runtime.Tests.dll not valid. Loading of assembly skipped.
Assembly Unity.Scenes.Editor.PerformanceTests.dll at Library/ScriptAssemblies/Unity.Scenes.Editor.PerformanceTests.dll not valid. Loading of assembly skipped.
Assembly Unity.Scenes.Editor.Tests.dll at Library/ScriptAssemblies/Unity.Scenes.Editor.Tests.dll not valid. Loading of assembly skipped.
Assembly Unity.Scenes.Hybrid.Tests.dll at Library/ScriptAssemblies/Unity.Scenes.Hybrid.Tests.dll not valid. Loading of assembly skipped.
Assembly Unity.Scenes.Hybrid.Tests.Editmode.Content.dll at Library/ScriptAssemblies/Unity.Scenes.Hybrid.Tests.Editmode.Content.dll not valid. Loading of assembly skipped.
Assembly Unity.Scenes.Hybrid.Tests.Playmode.dll at Library/ScriptAssemblies/Unity.Scenes.Hybrid.Tests.Playmode.dll not valid. Loading of assembly skipped.
Assembly Unity.Scenes.PerformanceTests.dll at Library/ScriptAssemblies/Unity.Scenes.PerformanceTests.dll not valid. Loading of assembly skipped.
Assembly Unity.Scenes.Tests.dll at Library/ScriptAssemblies/Unity.Scenes.Tests.dll not valid. Loading of assembly skipped.
Assembly Unity.ScriptableBuildPipeline.Editor.Tests.dll at Library/ScriptAssemblies/Unity.ScriptableBuildPipeline.Editor.Tests.dll not valid. Loading of assembly skipped.
Assembly Unity.ScriptableBuildPipeline.Tests.dll at Library/ScriptAssemblies/Unity.ScriptableBuildPipeline.Tests.dll not valid. Loading of assembly skipped.
Assembly Unity.ScriptableBuildPipelineTests.Runtime.Tests.dll at Library/ScriptAssemblies/Unity.ScriptableBuildPipelineTests.Runtime.Tests.dll not valid. Loading of assembly skipped.
Assembly Unity.Searcher.EditorTests.dll at Library/ScriptAssemblies/Unity.Searcher.EditorTests.dll not valid. Loading of assembly skipped.
Assembly Unity.Serialization.Tests.dll at Library/ScriptAssemblies/Unity.Serialization.Tests.dll not valid. Loading of assembly skipped.
Assembly Unity.Settings.Tests.dll at Library/ScriptAssemblies/Unity.Settings.Tests.dll not valid. Loading of assembly skipped.
Assembly Unity.ShaderGraph.Editor.Tests.dll at Library/ScriptAssemblies/Unity.ShaderGraph.Editor.Tests.dll not valid. Loading of assembly skipped.
Assembly Unity.SharpZipLib.Editor.Tests.dll at Library/ScriptAssemblies/Unity.SharpZipLib.Editor.Tests.dll not valid. Loading of assembly skipped.
Assembly Unity.SharpZipLib.Tests.dll at Library/ScriptAssemblies/Unity.SharpZipLib.Tests.dll not valid. Loading of assembly skipped.
Assembly Unity.TextMeshPro.Editor.Tests.dll at Library/ScriptAssemblies/Unity.TextMeshPro.Editor.Tests.dll not valid. Loading of assembly skipped.
Assembly Unity.TextMeshPro.Tests.dll at Library/ScriptAssemblies/Unity.TextMeshPro.Tests.dll not valid. Loading of assembly skipped.
Assembly Unity.Transforms.Hybrid.Tests.dll at Library/ScriptAssemblies/Unity.Transforms.Hybrid.Tests.dll not valid. Loading of assembly skipped.
Assembly Unity.Transforms.PerformanceTests.dll at Library/ScriptAssemblies/Unity.Transforms.PerformanceTests.dll not valid. Loading of assembly skipped.
Assembly Unity.Transforms.Tests.dll at Library/ScriptAssemblies/Unity.Transforms.Tests.dll not valid. Loading of assembly skipped.
Assembly Unity.UnifiedRayTracing.Editor.Tests.dll at Library/ScriptAssemblies/Unity.UnifiedRayTracing.Editor.Tests.dll not valid. Loading of assembly skipped.
Assembly UnityEditor.UI.Common.Tests.dll at Library/ScriptAssemblies/UnityEditor.UI.Common.Tests.dll not valid. Loading of assembly skipped.
Assembly UnityEditor.UI.EditorTests.dll at Library/ScriptAssemblies/UnityEditor.UI.EditorTests.dll not valid. Loading of assembly skipped.
Assembly UnityEngine.UI.Tests.dll at Library/ScriptAssemblies/UnityEngine.UI.Tests.dll not valid. Loading of assembly skipped.
Symbol file LoadedFromMemory is not a mono symbol file
Refreshing native plugins compatible for Editor in 13.45 ms, found 31 plugins.
Native extension for WindowsStandalone target not found
[MODES] ModeService[none].Initialize
[MODES] ModeService[none].LoadModes
GetVirtualKey: Could not map char: z (122) to any virtual key
GetVirtualKey: Could not map char: y (121) to any virtual key
GetVirtualKey: Could not map char: x (120) to any virtual key
GetVirtualKey: Could not map char: c (99) to any virtual key
GetVirtualKey: Could not map char: v (118) to any virtual key
GetVirtualKey: Could not map char: V (86) to any virtual key
GetVirtualKey: Could not map char: d (100) to any virtual key
GetVirtualKey: Could not map char: f (102) to any virtual key
GetVirtualKey: Could not map char: f (102) to any virtual key
GetVirtualKey: Could not map char: a (97) to any virtual key
GetVirtualKey: Could not map char: d (100) to any virtual key
GetVirtualKey: Could not map char: c (99) to any virtual key
GetVirtualKey: Could not map char: r (114) to any virtual key
GetVirtualKey: Could not map char: i (105) to any virtual key
GetVirtualKey: Could not map char: b (98) to any virtual key
GetVirtualKey: Could not map char: l (108) to any virtual key
GetVirtualKey: Could not map char: s (115) to any virtual key
GetVirtualKey: Could not map char: u (117) to any virtual key
GetVirtualKey: Could not map char: l (108) to any virtual key
GetVirtualKey: Could not map char: f (102) to any virtual key
GetVirtualKey: Could not map char: k (107) to any virtual key
GetVirtualKey: Could not map char: p (112) to any virtual key
GetVirtualKey: Could not map char: p (112) to any virtual key
GetVirtualKey: Could not map char: p (112) to any virtual key
GetVirtualKey: Could not map char: c (99) to any virtual key
GetVirtualKey: Could not map char: r (114) to any virtual key
GetVirtualKey: Could not map char: P (80) to any virtual key
GetVirtualKey: Could not map char: n (110) to any virtual key
GetVirtualKey: Could not map char: n (110) to any virtual key
GetVirtualKey: Could not map char: g (103) to any virtual key
GetVirtualKey: Could not map char: G (71) to any virtual key
GetVirtualKey: Could not map char: f (102) to any virtual key
GetVirtualKey: Could not map char: f (102) to any virtual key
GetVirtualKey: Could not map char: a (97) to any virtual key
GetVirtualKey: Could not map char: a (97) to any virtual key
GetVirtualKey: Could not map char: k (107) to any virtual key
GetVirtualKey: Could not map char: g (103) to any virtual key
GetVirtualKey: Could not map char: l (108) to any virtual key
GetVirtualKey: Could not map char: p (112) to any virtual key
GetVirtualKey: Could not map char: K (75) to any virtual key
GetVirtualKey: Could not map char: G (71) to any virtual key
GetVirtualKey: Could not map char: L (76) to any virtual key
GetVirtualKey: Could not map char: R (82) to any virtual key
GetVirtualKey: Could not map char: G (71) to any virtual key
GetVirtualKey: Could not map char: X (88) to any virtual key
GetVirtualKey: Could not map char: E (69) to any virtual key
GetVirtualKey: Could not map char: N (78) to any virtual key
GetVirtualKey: Could not map char: U (85) to any virtual key
GetVirtualKey: Could not map char: E (69) to any virtual key
GetVirtualKey: Could not map char: S (83) to any virtual key
GetVirtualKey: Could not map char: X (88) to any virtual key
GetVirtualKey: Could not map char: V (86) to any virtual key
GetVirtualKey: Could not map char: m (109) to any virtual key
GetVirtualKey: Could not map char: c (99) to any virtual key
GetVirtualKey: Could not map char: u (117) to any virtual key
GetVirtualKey: Could not map char: n (110) to any virtual key
GetVirtualKey: Could not map char: o (111) to any virtual key
GetVirtualKey: Could not map char: s (115) to any virtual key
GetVirtualKey: Could not map char: s (115) to any virtual key
GetVirtualKey: Could not map char: b (98) to any virtual key
GetVirtualKey: Could not map char: b (98) to any virtual key
GetVirtualKey: Could not map char: m (109) to any virtual key
GetVirtualKey: Could not map char: p (112) to any virtual key
TypeManager.Initialize took: 383ms
ScheduleIndexationOnStartup MainProcess:True IndexOnStartup:True
Mono: successfully reloaded assembly
- Finished resetting the current domain, in 14.163 seconds
Domain Reload Profiling: 19065ms
	BeginReloadAssembly (2926ms)
		ExecutionOrderSort (3ms)
		DisableScriptedObjects (414ms)
		ReleaseScriptingObjects (6ms)
		CreateAndSetChildDomain (1489ms)
	RebuildCommonClasses (141ms)
	RebuildNativeTypeToScriptingClass (51ms)
	initialDomainReloadingComplete (240ms)
	LoadAllAssembliesAndSetupDomain (1544ms)
		LoadAssemblies (559ms)
		AnalyzeDomain (1268ms)
			TypeCache.Refresh (28ms)
			BuildScriptInfoCaches (1163ms)
			ResolveRequiredComponents (72ms)
	FinalizeReload (14164ms)
		SetupLoadedEditorAssemblies (0ms)
			InitializePlatformSupportModulesInManaged (43ms)
			BeforeProcessingInitializeOnLoad (1412ms)
			ProcessInitializeOnLoadAttributes (6537ms)
			ProcessInitializeOnLoadMethodAttributes (1289ms)
			AfterProcessingInitializeOnLoad (10ms)
			EditorAssembliesLoaded (3ms)
		AwakeInstancesAfterBackupRestoration (1856ms)
(Values over 0.050ms)
Asset Pipeline Refresh (id=2bd7366f6cdc34f4facbe9667366f294): Total: 20.047 seconds - Initiated by StopAssetImportingV2(ForceSynchronousImport | ForceDomainReload)
	Summary:
		Imports: total=0 (actual=0, local cache=0, cache server=0)
		Asset DB Process Time: managed=0 ms, native=14669 ms
		Asset DB Callback time: managed=77 ms, native=0 ms
		Scripting: domain reloads=1, domain reload time=5294 ms, compile time=2 ms, other=0 ms
		Project Asset Count: scripts=3458, non-scripts=11388
		Asset File Changes: new=0, changed=0, moved=0, deleted=0
		Scan Filter Count: 0
	InvokePackagesCallback: 5.039ms
	ApplyChangesToAssetFolders: 0.890ms
	ProcessAssetsWithTransientArtifactChanges: 18.274ms
	CategorizeAssets: 308.245ms
	CompileScripts: 2.196ms
	ImportOutOfDateAssets: 14226.454ms (14211.394ms without children)
		CollectScriptTypesHashes: 13.481ms
		ReloadNativeAssets: 8.018ms
		EnsureUptoDateAssetsAreRegisteredWithGuidPM: 5.293ms
		OnDemandSchedulerStart: 1.643ms
	PostProcessAllAssets: 77.116ms
		MonoPostProcessAllAssets: 77.110ms
			TextureArrayPreProcessor.OnPostprocessAllAssets 978.242ms
			UniversalRenderPipelineGlobalSettingsPostprocessor.OnPostprocessAllAssets 25.992ms
			SceneAssetPostProcessor.OnPostprocessAllAssets 24.410ms
			AssetChangedListener.OnPostprocessAllAssets 22.520ms
			SyncVS.PostprocessSyncProject 19.337ms
			BuilderAssetPostprocessor.OnPostprocessAllAssets 15.202ms
			ShaderGraphAssetPostProcessor.OnPostprocessAllAssets 6.842ms
			SpriteEditorTexturePostprocessor.OnPostprocessAllAssets 5.200ms
			WindowAssetPostprocessingWatcher.OnPostprocessAllAssets 4.940ms
			UtilityWindowPostProcessor.OnPostprocessAllAssets 4.403ms
			MatrixAssetTexturePostprocessor.OnPostprocessAllAssets 4.310ms
			RetainedModeAssetPostprocessor.OnPostprocessAllAssets 4.182ms
			SpeedTree9Postprocessor.OnPostprocessAllAssets 3.725ms
			TemplatePostProcessor.OnPostprocessAllAssets 2.438ms
			MaterialPostprocessor.OnPostprocessAllAssets 2.377ms
			AssetPostProcessor.OnPostprocessAllAssets 2.277ms
			InputActionJsonNameModifierAssetProcessor.OnPostprocessAllAssets 1.829ms
			PostProcessor.OnPostprocessAllAssets 1.707ms
			UVCSAssetPostprocessor.OnPostprocessAllAssets 1.425ms
			RenderPipelineGlobalSettingsPostprocessor.OnPostprocessAllAssets 1.311ms
			TextAssetPostProcessor.OnPostprocessAllAssets 1.296ms
			TMPro_TexturePostProcessor.OnPostprocessAllAssets 1.234ms
			StyleCatalogPostProcessor.OnPostprocessAllAssets 1.133ms
			ArtifactBrowserPostProcessor.OnPostprocessAllAssets 1.102ms
			AudioMixerPostprocessor.OnPostprocessAllAssets 0.907ms
			AssetEvents.OnPostprocessAllAssets 0.872ms
			SamplePostprocessor.OnPostprocessAllAssets 0.800ms
			InputActionAssetPostprocessor.OnPostprocessAllAssets 0.710ms
			ConfigAssetsTracker.OnPostprocessAllAssets 0.662ms
			AssetPostprocessor.OnPostprocessAllAssets 0.662ms
			ScenarioDriftAssetsTracker.OnPostprocessAllAssets 0.510ms
			SpeedTreePostProcessor.OnPostprocessAllAssets 0.508ms
			ReferencedClipsPostProcessor.OnPostprocessAllAssets 0.477ms
			TerrainToolbarOverlayPostProcessor.OnPostprocessAllAssets 0.433ms
			ProjectSettingsPostprocessor.OnPostprocessAllAssets 0.420ms
			AssetDatabaseCallbacks.OnPostprocessAllAssets 0.318ms
			AudioContainerPostProcessor.OnPostprocessAllAssets 0.240ms
	GatherAllCurrentPrimaryImportResultRevisions: 1.618ms
	UnloadStreamsBegin: 2.283ms
	PersistCurrentRevisions: 0.992ms
	GenerateScriptTypeHashes: 25.663ms
	GenerateScriptTypeSerializationHashes: 34.051ms
	Untracked: 5386.310ms

Unloading 0 Unused Serialized files (Serialized files now loaded: 0)
[Licensing::Client] Successfully resolved entitlement details
Asset Pipeline Refresh (id=589208b56d8037f43a3cc9b446323c79): Total: 0.009 seconds - Initiated by StopAssetImportingV2(NoUpdateAssetOptions)
Asset Pipeline Refresh (id=a609e189b71efcb4e9a55805d85d04c0): Total: 0.008 seconds - Initiated by StopAssetImportingV2(NoUpdateAssetOptions)
Asset Pipeline Refresh (id=fef4c2039d2afc644b634647029c4014): Total: 0.006 seconds - Initiated by StopAssetImportingV2(NoUpdateAssetOptions)
Asset Pipeline Refresh (id=7f56a2fe8391f53409dc351c6bb0e9ac): Total: 0.006 seconds - Initiated by StopAssetImportingV2(NoUpdateAssetOptions)
Refreshing native plugins compatible for Editor in 12.47 ms, found 31 plugins.
[Licensing::Client] Successfully resolved entitlement details
Asset Pipeline Refresh (id=5adc5e2069ca5b44a874d7ab289b1b8f): Total: 0.047 seconds - Initiated by RefreshV2(NoUpdateAssetOptions)
Unloading 204 unused Assets / (29.1 KB). Loaded Objects now: 33741.
Memory consumption went from 1.52 GB to 1.52 GB.
Total: 129.751400 ms (FindLiveObjects: 5.604700 ms CreateObjectMapping: 3.939100 ms MarkObjects: 117.995500 ms  DeleteObjects: 2.208300 ms)

[ScriptCompilation] Requested script compilation because: Requested through public api
[Licensing::Client] Successfully resolved entitlement details
info: Microsoft.AspNetCore.Hosting.Diagnostics[1]
      Request starting HTTP/2 POST http://ilpp/UnityILPP.PostProcessing/Ping - application/grpc -
info: Microsoft.AspNetCore.Routing.EndpointMiddleware[0]
      Executing endpoint 'gRPC - /UnityILPP.PostProcessing/Ping'
info: Microsoft.AspNetCore.Routing.EndpointMiddleware[1]
      Executed endpoint 'gRPC - /UnityILPP.PostProcessing/Ping'
info: Microsoft.AspNetCore.Hosting.Diagnostics[2]
      Request finished HTTP/2 POST http://ilpp/UnityILPP.PostProcessing/Ping - 200 - application/grpc 0.2386ms
Starting: C:\Program Files\Unity\Hub\Editor\6000.4.1f1\Editor\Data\Tools\BuildPipeline\bee_backend.exe --ipc --defer-dag-verification --dagfile="Library/Bee/1900b0aEDbg.dag" --continue-on-failure --profile="Library/Bee/backend1.traceevents" ScriptAssemblies
WorkingDir: C:/hades/Hecton8
info: Microsoft.AspNetCore.Hosting.Diagnostics[1]
      Request starting HTTP/2 POST http://ilpp/UnityILPP.PostProcessing/ConfigurePostProcessors - application/grpc -
info: Microsoft.AspNetCore.Routing.EndpointMiddleware[0]
      Executing endpoint 'gRPC - /UnityILPP.PostProcessing/ConfigurePostProcessors'
info: Unity.ILPP.Runner.PostProcessingAssemblyLoadContext[0]
      Current configuration matches the requested one, skipping
info: Microsoft.AspNetCore.Routing.EndpointMiddleware[1]
      Executed endpoint 'gRPC - /UnityILPP.PostProcessing/ConfigurePostProcessors'
info: Microsoft.AspNetCore.Hosting.Diagnostics[2]
      Request finished HTTP/2 POST http://ilpp/UnityILPP.PostProcessing/ConfigurePostProcessors - 200 - application/grpc 4.1874ms
info: Microsoft.AspNetCore.Hosting.Diagnostics[1]
      Request starting HTTP/2 POST http://ilpp/UnityILPP.PostProcessing/PostProcessAssembly - application/grpc -
info: Microsoft.AspNetCore.Routing.EndpointMiddleware[0]
      Executing endpoint 'gRPC - /UnityILPP.PostProcessing/PostProcessAssembly'
info: Unity.ILPP.Runner.PostProcessingPipeline[0]
      Processing assembly Library/Bee/artifacts/1900b0aEDbg.dag/Hecton8.Editor.dll, with 159 defines and 323 references
info: Microsoft.AspNetCore.Hosting.Diagnostics[1]
      Request starting HTTP/2 POST http://ilpp/UnityILPP.PostProcessing/PostProcessAssembly - application/grpc -
info: Microsoft.AspNetCore.Hosting.Diagnostics[1]
      Request starting HTTP/2 POST http://ilpp/UnityILPP.PostProcessing/PostProcessAssembly - application/grpc -
info: Microsoft.AspNetCore.Routing.EndpointMiddleware[0]
      Executing endpoint 'gRPC - /UnityILPP.PostProcessing/PostProcessAssembly'
info: Microsoft.AspNetCore.Routing.EndpointMiddleware[0]
      Executing endpoint 'gRPC - /UnityILPP.PostProcessing/PostProcessAssembly'
info: Unity.ILPP.Runner.PostProcessingPipeline[0]
      processors: Unity.Entities.CodeGen.EntitiesILPostProcessors, Unity.Jobs.CodeGen.JobsILPostProcessor, zzzUnity.Burst.CodeGen.BurstILPostProcessor
info: Unity.ILPP.Runner.PostProcessingPipeline[0]
      Processing assembly Library/Bee/artifacts/1900b0aEDbg.dag/Assembly-CSharp-firstpass.dll, with 161 defines and 435 references
info: Unity.ILPP.Runner.PostProcessingPipeline[0]
      processors: Unity.Entities.CodeGen.EntitiesILPostProcessors, Unity.Jobs.CodeGen.JobsILPostProcessor, zzzUnity.Burst.CodeGen.BurstILPostProcessor
info: Unity.ILPP.Runner.PostProcessingPipeline[0]
      Processing assembly Library/Bee/artifacts/1900b0aEDbg.dag/Hecton8.Core.dll, with 161 defines and 322 references
info: Unity.ILPP.Runner.PostProcessingPipeline[0]
      processors: Unity.Entities.CodeGen.EntitiesILPostProcessors, Unity.Jobs.CodeGen.JobsILPostProcessor, zzzUnity.Burst.CodeGen.BurstILPostProcessor
info: Microsoft.AspNetCore.Hosting.Diagnostics[1]
      Request starting HTTP/2 POST http://ilpp/UnityILPP.PostProcessing/PostProcessAssembly - application/grpc -
info: Microsoft.AspNetCore.Routing.EndpointMiddleware[0]
      Executing endpoint 'gRPC - /UnityILPP.PostProcessing/PostProcessAssembly'
info: Unity.ILPP.Runner.PostProcessingPipeline[0]
      running Unity.Entities.CodeGen.EntitiesILPostProcessors
info: Microsoft.AspNetCore.Hosting.Diagnostics[1]
      Request starting HTTP/2 POST http://ilpp/UnityILPP.PostProcessing/PostProcessAssembly - application/grpc -
info: Microsoft.AspNetCore.Routing.EndpointMiddleware[0]
      Executing endpoint 'gRPC - /UnityILPP.PostProcessing/PostProcessAssembly'
info: Microsoft.AspNetCore.Hosting.Diagnostics[1]
      Request starting HTTP/2 POST http://ilpp/UnityILPP.PostProcessing/PostProcessAssembly - application/grpc -
info: Microsoft.AspNetCore.Routing.EndpointMiddleware[0]
      Executing endpoint 'gRPC - /UnityILPP.PostProcessing/PostProcessAssembly'
info: Unity.ILPP.Runner.PostProcessingPipeline[0]
      Processing assembly Library/Bee/artifacts/1900b0aEDbg.dag/Assembly-CSharp-Editor.dll, with 159 defines and 461 references
info: Unity.ILPP.Runner.PostProcessingPipeline[0]
      processors: Unity.Entities.CodeGen.EntitiesILPostProcessors, Unity.Jobs.CodeGen.JobsILPostProcessor, zzzUnity.Burst.CodeGen.BurstILPostProcessor
info: Unity.ILPP.Runner.PostProcessingPipeline[0]
      running Unity.Entities.CodeGen.EntitiesILPostProcessors
info: Unity.ILPP.Runner.PostProcessingPipeline[0]
      running Unity.Jobs.CodeGen.JobsILPostProcessor
info: Unity.ILPP.Runner.PostProcessingPipeline[0]
      running zzzUnity.Burst.CodeGen.BurstILPostProcessor
info: Unity.ILPP.Runner.PostProcessingPipeline[0]
      Processing assembly Library/Bee/artifacts/1900b0aEDbg.dag/Assembly-CSharp-Editor-firstpass.dll, with 159 defines and 459 references
info: Unity.ILPP.Runner.PostProcessingPipeline[0]
      processors: Unity.Entities.CodeGen.EntitiesILPostProcessors, Unity.Jobs.CodeGen.JobsILPostProcessor, zzzUnity.Burst.CodeGen.BurstILPostProcessor
info: Unity.ILPP.Runner.PostProcessingPipeline[0]
      Processing assembly Library/Bee/artifacts/1900b0aEDbg.dag/Assembly-CSharp.dll, with 161 defines and 436 references
info: Unity.ILPP.Runner.PostProcessingPipeline[0]
      processors: Unity.Entities.CodeGen.EntitiesILPostProcessors, Unity.Jobs.CodeGen.JobsILPostProcessor, zzzUnity.Burst.CodeGen.BurstILPostProcessor
info: Unity.ILPP.Runner.PostProcessingPipeline[0]
      running Unity.Entities.CodeGen.EntitiesILPostProcessors
info: Unity.ILPP.Runner.PostProcessingPipeline[0]
      running Unity.Entities.CodeGen.EntitiesILPostProcessors
info: Microsoft.AspNetCore.Routing.EndpointMiddleware[1]
      Executed endpoint 'gRPC - /UnityILPP.PostProcessing/PostProcessAssembly'
info: Microsoft.AspNetCore.Hosting.Diagnostics[2]
      Request finished HTTP/2 POST http://ilpp/UnityILPP.PostProcessing/PostProcessAssembly - 200 - application/grpc 38.0107ms
info: Unity.ILPP.Runner.PostProcessingPipeline[0]
      running Unity.Entities.CodeGen.EntitiesILPostProcessors
info: Unity.ILPP.Runner.PostProcessingPipeline[0]
      running Unity.Entities.CodeGen.EntitiesILPostProcessors
info: Unity.ILPP.Runner.PostProcessingPipeline[0]
      running Unity.Jobs.CodeGen.JobsILPostProcessor
  - EILPP : Assembly-CSharp-firstpass : : 640ms (~138ms)
    - EILPP : Assembly-CSharp-firstpass : GetAllComponentTypes: 45ms 
    - EILPP : Assembly-CSharp-firstpass : ComponentDataPP: 20ms 
    - EILPP : Assembly-CSharp-firstpass : StaticTypeRegistryPostProcessor: 12ms 
    - EILPP : Assembly-CSharp-firstpass : WriteAssembly: 425ms 
info: Unity.ILPP.Runner.PostProcessingPipeline[0]
      running Unity.Jobs.CodeGen.JobsILPostProcessor
  - EILPP : Assembly-CSharp : : 662ms (~180ms)
    - EILPP : Assembly-CSharp : GetAllComponentTypes: 53ms 
    - EILPP : Assembly-CSharp : ComponentDataPP: 23ms 
    - EILPP : Assembly-CSharp : StaticTypeRegistryPostProcessor: 50ms 
    - EILPP : Assembly-CSharp : WriteAssembly: 356ms 
info: Unity.ILPP.Runner.PostProcessingPipeline[0]
      running Unity.Jobs.CodeGen.JobsILPostProcessor
  - EILPP : Assembly-CSharp-Editor : : 691ms (~179ms)
    - EILPP : Assembly-CSharp-Editor : GetAllComponentTypes: 81ms 
    - EILPP : Assembly-CSharp-Editor : ComponentDataPP: 6ms 
    - EILPP : Assembly-CSharp-Editor : StaticTypeRegistryPostProcessor: 43ms 
    - EILPP : Assembly-CSharp-Editor : WriteAssembly: 382ms 
info: Unity.ILPP.Runner.PostProcessingPipeline[0]
      running Unity.Jobs.CodeGen.JobsILPostProcessor
info: Unity.ILPP.Runner.PostProcessingPipeline[0]
      running zzzUnity.Burst.CodeGen.BurstILPostProcessor
info: Unity.ILPP.Runner.PostProcessingPipeline[0]
      running zzzUnity.Burst.CodeGen.BurstILPostProcessor
info: Unity.ILPP.Runner.PostProcessingPipeline[0]
      running zzzUnity.Burst.CodeGen.BurstILPostProcessor
  - EILPP : Assembly-CSharp-Editor-firstpass : : 1316ms (~199ms)
    - EILPP : Assembly-CSharp-Editor-firstpass : GetAllComponentTypes: 119ms 
    - EILPP : Assembly-CSharp-Editor-firstpass : ComponentDataPP: 30ms 
    - EILPP : Assembly-CSharp-Editor-firstpass : StaticTypeRegistryPostProcessor: 21ms 
    - EILPP : Assembly-CSharp-Editor-firstpass : WriteAssembly: 947ms 
info: Unity.ILPP.Runner.PostProcessingPipeline[0]
      running Unity.Jobs.CodeGen.JobsILPostProcessor
info: Unity.ILPP.Runner.PostProcessingPipeline[0]
      running zzzUnity.Burst.CodeGen.BurstILPostProcessor
info: Microsoft.AspNetCore.Routing.EndpointMiddleware[1]
      Executed endpoint 'gRPC - /UnityILPP.PostProcessing/PostProcessAssembly'
info: Microsoft.AspNetCore.Hosting.Diagnostics[2]
      Request finished HTTP/2 POST http://ilpp/UnityILPP.PostProcessing/PostProcessAssembly - 200 - application/grpc 1975.9065ms
info: Microsoft.AspNetCore.Routing.EndpointMiddleware[1]
      Executed endpoint 'gRPC - /UnityILPP.PostProcessing/PostProcessAssembly'
info: Microsoft.AspNetCore.Hosting.Diagnostics[2]
      Request finished HTTP/2 POST http://ilpp/UnityILPP.PostProcessing/PostProcessAssembly - 200 - application/grpc 1947.0880ms
info: Microsoft.AspNetCore.Routing.EndpointMiddleware[1]
      Executed endpoint 'gRPC - /UnityILPP.PostProcessing/PostProcessAssembly'
info: Microsoft.AspNetCore.Hosting.Diagnostics[2]
      Request finished HTTP/2 POST http://ilpp/UnityILPP.PostProcessing/PostProcessAssembly - 200 - application/grpc 1954.8147ms
info: Microsoft.AspNetCore.Routing.EndpointMiddleware[1]
      Executed endpoint 'gRPC - /UnityILPP.PostProcessing/PostProcessAssembly'
info: Microsoft.AspNetCore.Hosting.Diagnostics[2]
      Request finished HTTP/2 POST http://ilpp/UnityILPP.PostProcessing/PostProcessAssembly - 200 - application/grpc 1956.1357ms
info: Unity.ILPP.Runner.PostProcessingPipeline[0]
      running zzzUnity.Burst.CodeGen.BurstILPostProcessor
info: Microsoft.AspNetCore.Routing.EndpointMiddleware[1]
      Executed endpoint 'gRPC - /UnityILPP.PostProcessing/PostProcessAssembly'
info: Microsoft.AspNetCore.Hosting.Diagnostics[2]
      Request finished HTTP/2 POST http://ilpp/UnityILPP.PostProcessing/PostProcessAssembly - 200 - application/grpc 4394.3657ms
ExitCode: 0 Duration: 13s
[1508/2034  0s] ILPP-Configuration Library/ilpp-configuration.nevergeneratedoutput
[BUSY       6s] Csc Library/Bee/artifacts/1900b0aEDbg.dag/Hecton8.Core.dll (+2 others)
[2010/2034  8s] Csc Library/Bee/artifacts/1900b0aEDbg.dag/Hecton8.Core.dll (+2 others)
Assets\_Project\Scripts\Core\HectonUrpTextureRequirementsGuard.cs(25,18): warning CS0219: The variable 'assetChanged' is assigned but its value is never used

Assets\_Project\Scripts\World\ProceduralWreckGenerator.cs(601,39): warning CS0414: The field 'ProceduralWreckGenerator._debugAsyncGenerationInFlight' is assigned but its value is never used
[2016/2034  0s] ILPostProcess Library/Bee/artifacts/1900b0aEDbg.dag/post-processed/Hecton8.Editor.dll (+pdb)
Processing assembly Library/Bee/artifacts/1900b0aEDbg.dag/Hecton8.Editor.dll, with 159 defines and 323 references

processors: Unity.Entities.CodeGen.EntitiesILPostProcessors, Unity.Jobs.CodeGen.JobsILPostProcessor, zzzUnity.Burst.CodeGen.BurstILPostProcessor

running Unity.Entities.CodeGen.EntitiesILPostProcessors

running Unity.Jobs.CodeGen.JobsILPostProcessor

running zzzUnity.Burst.CodeGen.BurstILPostProcessor
[2019/2034  2s] ILPostProcess Library/Bee/artifacts/1900b0aEDbg.dag/post-processed/Assembly-CSharp-Editor.dll (+pdb)
Processing assembly Library/Bee/artifacts/1900b0aEDbg.dag/Assembly-CSharp-Editor.dll, with 159 defines and 461 references

processors: Unity.Entities.CodeGen.EntitiesILPostProcessors, Unity.Jobs.CodeGen.JobsILPostProcessor, zzzUnity.Burst.CodeGen.BurstILPostProcessor

running Unity.Entities.CodeGen.EntitiesILPostProcessors

running Unity.Jobs.CodeGen.JobsILPostProcessor

running zzzUnity.Burst.CodeGen.BurstILPostProcessor
[2020/2034  2s] ILPostProcess Library/Bee/artifacts/1900b0aEDbg.dag/post-processed/Assembly-CSharp-firstpass.dll (+pdb)
Processing assembly Library/Bee/artifacts/1900b0aEDbg.dag/Assembly-CSharp-firstpass.dll, with 161 defines and 435 references

processors: Unity.Entities.CodeGen.EntitiesILPostProcessors, Unity.Jobs.CodeGen.JobsILPostProcessor, zzzUnity.Burst.CodeGen.BurstILPostProcessor

running Unity.Entities.CodeGen.EntitiesILPostProcessors

running Unity.Jobs.CodeGen.JobsILPostProcessor

running zzzUnity.Burst.CodeGen.BurstILPostProcessor
[2021/2034  2s] ILPostProcess Library/Bee/artifacts/1900b0aEDbg.dag/post-processed/Assembly-CSharp.dll (+pdb)
Processing assembly Library/Bee/artifacts/1900b0aEDbg.dag/Assembly-CSharp.dll, with 161 defines and 436 references

processors: Unity.Entities.CodeGen.EntitiesILPostProcessors, Unity.Jobs.CodeGen.JobsILPostProcessor, zzzUnity.Burst.CodeGen.BurstILPostProcessor

running Unity.Entities.CodeGen.EntitiesILPostProcessors

running Unity.Jobs.CodeGen.JobsILPostProcessor

running zzzUnity.Burst.CodeGen.BurstILPostProcessor
[2022/2034  2s] ILPostProcess Library/Bee/artifacts/1900b0aEDbg.dag/post-processed/Assembly-CSharp-Editor-firstpass.dll (+pdb)
Processing assembly Library/Bee/artifacts/1900b0aEDbg.dag/Assembly-CSharp-Editor-firstpass.dll, with 159 defines and 459 references

processors: Unity.Entities.CodeGen.EntitiesILPostProcessors, Unity.Jobs.CodeGen.JobsILPostProcessor, zzzUnity.Burst.CodeGen.BurstILPostProcessor

running Unity.Entities.CodeGen.EntitiesILPostProcessors

running Unity.Jobs.CodeGen.JobsILPostProcessor

running zzzUnity.Burst.CodeGen.BurstILPostProcessor
[2031/2034  4s] ILPostProcess Library/Bee/artifacts/1900b0aEDbg.dag/post-processed/Hecton8.Core.dll (+pdb)
Processing assembly Library/Bee/artifacts/1900b0aEDbg.dag/Hecton8.Core.dll, with 161 defines and 322 references

processors: Unity.Entities.CodeGen.EntitiesILPostProcessors, Unity.Jobs.CodeGen.JobsILPostProcessor, zzzUnity.Burst.CodeGen.BurstILPostProcessor

running Unity.Entities.CodeGen.EntitiesILPostProcessors

running Unity.Jobs.CodeGen.JobsILPostProcessor

running zzzUnity.Burst.CodeGen.BurstILPostProcessor
[2032/2034  0s] CopyFiles Library/ScriptAssemblies/Hecton8.Core.pdb
[2033/2034  0s] CopyFiles Library/ScriptAssemblies/Hecton8.Core.dll
*** Tundra build success (13.34 seconds), 10 items updated, 2034 evaluated
Assets\_Project\Scripts\Core\HectonUrpTextureRequirementsGuard.cs(25,18): warning CS0219: The variable 'assetChanged' is assigned but its value is never used
Assets\_Project\Scripts\World\ProceduralWreckGenerator.cs(601,39): warning CS0414: The field 'ProceduralWreckGenerator._debugAsyncGenerationInFlight' is assigned but its value is never used
Reloading assemblies after finishing script compilation.
Reloading assemblies after forced synchronous recompile.
Assembly DocCodeExamples.dll at Library/ScriptAssemblies/DocCodeExamples.dll not valid. Loading of assembly skipped.
Assembly DocCodeSamples.dll at Library/ScriptAssemblies/DocCodeSamples.dll not valid. Loading of assembly skipped.
Assembly Hecton8.EditModeTests.dll at Library/ScriptAssemblies/Hecton8.EditModeTests.dll not valid. Loading of assembly skipped.
Assembly Hecton8.PlayModeTests.dll at Library/ScriptAssemblies/Hecton8.PlayModeTests.dll not valid. Loading of assembly skipped.
Assembly MockTests.dll at Library/ScriptAssemblies/MockTests.dll not valid. Loading of assembly skipped.
Assembly TestNewCustomAssembly.dll at Library/ScriptAssemblies/TestNewCustomAssembly.dll not valid. Loading of assembly skipped.
Assembly TypeDependencyCacheTestAssembly.dll at Library/ScriptAssemblies/TypeDependencyCacheTestAssembly.dll not valid. Loading of assembly skipped.
Assembly Unity.2D.Sprite.Package.EditorTests.dll at Library/ScriptAssemblies/Unity.2D.Sprite.Package.EditorTests.dll not valid. Loading of assembly skipped.
Assembly Unity.Burst.Tests.dll at Library/ScriptAssemblies/Unity.Burst.Tests.dll not valid. Loading of assembly skipped.
Assembly Unity.Collections.BurstCompatibilityGen.dll at Library/ScriptAssemblies/Unity.Collections.BurstCompatibilityGen.dll not valid. Loading of assembly skipped.
Assembly Unity.Collections.DocCodeSamples.dll at Library/ScriptAssemblies/Unity.Collections.DocCodeSamples.dll not valid. Loading of assembly skipped.
Assembly Unity.Collections.PerformanceTests.dll at Library/ScriptAssemblies/Unity.Collections.PerformanceTests.dll not valid. Loading of assembly skipped.
Assembly Unity.Collections.Tests.dll at Library/ScriptAssemblies/Unity.Collections.Tests.dll not valid. Loading of assembly skipped.
Assembly Unity.Collections.Tests.Playmode.dll at Library/ScriptAssemblies/Unity.Collections.Tests.Playmode.dll not valid. Loading of assembly skipped.
Assembly Unity.Entities.CodeGen.Tests.dll at Library/ScriptAssemblies/Unity.Entities.CodeGen.Tests.dll not valid. Loading of assembly skipped.
Assembly Unity.Entities.ContentDelivery.Tests.dll at Library/ScriptAssemblies/Unity.Entities.ContentDelivery.Tests.dll not valid. Loading of assembly skipped.
Assembly Unity.Entities.Editor.PerformanceTests.dll at Library/ScriptAssemblies/Unity.Entities.Editor.PerformanceTests.dll not valid. Loading of assembly skipped.
Assembly Unity.Entities.Editor.Tests.dll at Library/ScriptAssemblies/Unity.Entities.Editor.Tests.dll not valid. Loading of assembly skipped.
Assembly Unity.Entities.Hybrid.EndToEnd.Tests.dll at Library/ScriptAssemblies/Unity.Entities.Hybrid.EndToEnd.Tests.dll not valid. Loading of assembly skipped.
Assembly Unity.Entities.Hybrid.PerformanceTests.dll at Library/ScriptAssemblies/Unity.Entities.Hybrid.PerformanceTests.dll not valid. Loading of assembly skipped.
Assembly Unity.Entities.Hybrid.Tests.dll at Library/ScriptAssemblies/Unity.Entities.Hybrid.Tests.dll not valid. Loading of assembly skipped.
Assembly Unity.Entities.Hybrid.Tests.ExcludedAssembly.dll at Library/ScriptAssemblies/Unity.Entities.Hybrid.Tests.ExcludedAssembly.dll not valid. Loading of assembly skipped.
Assembly Unity.Entities.Hybrid.Tests.SeparateAssembly.dll at Library/ScriptAssemblies/Unity.Entities.Hybrid.Tests.SeparateAssembly.dll not valid. Loading of assembly skipped.
Assembly Unity.Entities.PerformanceTests.dll at Library/ScriptAssemblies/Unity.Entities.PerformanceTests.dll not valid. Loading of assembly skipped.
Assembly Unity.Entities.TestComponents.dll at Library/ScriptAssemblies/Unity.Entities.TestComponents.dll not valid. Loading of assembly skipped.
Assembly Unity.Entities.Tests.dll at Library/ScriptAssemblies/Unity.Entities.Tests.dll not valid. Loading of assembly skipped.
Assembly Unity.Entities.Tests.InAnotherAssembly.dll at Library/ScriptAssemblies/Unity.Entities.Tests.InAnotherAssembly.dll not valid. Loading of assembly skipped.
Assembly Unity.Entities.Tests.InAnotherEmptyAssembly.dll at Library/ScriptAssemblies/Unity.Entities.Tests.InAnotherEmptyAssembly.dll not valid. Loading of assembly skipped.
Assembly Unity.InputSystem.IntegrationTests.dll at Library/ScriptAssemblies/Unity.InputSystem.IntegrationTests.dll not valid. Loading of assembly skipped.
Assembly Unity.Mathematics.Extensions.Tests.dll at Library/ScriptAssemblies/Unity.Mathematics.Extensions.Tests.dll not valid. Loading of assembly skipped.
Assembly Unity.Mathematics.Tests.dll at Library/ScriptAssemblies/Unity.Mathematics.Tests.dll not valid. Loading of assembly skipped.
Assembly Unity.Multiplayer.Center.Editor.Tests.dll at Library/ScriptAssemblies/Unity.Multiplayer.Center.Editor.Tests.dll not valid. Loading of assembly skipped.
Assembly Unity.Multiplayer.Center.Tests.dll at Library/ScriptAssemblies/Unity.Multiplayer.Center.Tests.dll not valid. Loading of assembly skipped.
Assembly Unity.Nuget.Mono-Cecil.dll at Library/ScriptAssemblies/Unity.Nuget.Mono-Cecil.dll not valid. Loading of assembly skipped.
Assembly Unity.PathTracing.Editor.Tests.dll at Library/ScriptAssemblies/Unity.PathTracing.Editor.Tests.dll not valid. Loading of assembly skipped.
Assembly Unity.PathTracing.Runtime.Tests.dll at Library/ScriptAssemblies/Unity.PathTracing.Runtime.Tests.dll not valid. Loading of assembly skipped.
Assembly Unity.Properties.CodeGen.IntegrationTests.DependencyA.dll at Library/ScriptAssemblies/Unity.Properties.CodeGen.IntegrationTests.DependencyA.dll not valid. Loading of assembly skipped.
Assembly Unity.Properties.CodeGen.IntegrationTests.DependencyB.dll at Library/ScriptAssemblies/Unity.Properties.CodeGen.IntegrationTests.DependencyB.dll not valid. Loading of assembly skipped.
Assembly Unity.Properties.CodeGen.IntegrationTests.DependencyC.dll at Library/ScriptAssemblies/Unity.Properties.CodeGen.IntegrationTests.DependencyC.dll not valid. Loading of assembly skipped.
Assembly Unity.Properties.CodeGen.IntegrationTests.dll at Library/ScriptAssemblies/Unity.Properties.CodeGen.IntegrationTests.dll not valid. Loading of assembly skipped.
Assembly Unity.Properties.CodeGen.UntaggedAssemblyTests.dll at Library/ScriptAssemblies/Unity.Properties.CodeGen.UntaggedAssemblyTests.dll not valid. Loading of assembly skipped.
Assembly Unity.Properties.dll at Library/ScriptAssemblies/Unity.Properties.dll not valid. Loading of assembly skipped.
Assembly Unity.Properties.PerformanceTests.dll at Library/ScriptAssemblies/Unity.Properties.PerformanceTests.dll not valid. Loading of assembly skipped.
Assembly Unity.Properties.Reflection.Tests.dll at Library/ScriptAssemblies/Unity.Properties.Reflection.Tests.dll not valid. Loading of assembly skipped.
Assembly Unity.Properties.Tests.dll at Library/ScriptAssemblies/Unity.Properties.Tests.dll not valid. Loading of assembly skipped.
Assembly Unity.RenderPipelines.Core.Editor.Tests.dll at Library/ScriptAssemblies/Unity.RenderPipelines.Core.Editor.Tests.dll not valid. Loading of assembly skipped.
Assembly Unity.RenderPipelines.Core.Runtime.Tests.dll at Library/ScriptAssemblies/Unity.RenderPipelines.Core.Runtime.Tests.dll not valid. Loading of assembly skipped.
Assembly Unity.RenderPipelines.Universal.Config.Editor.Tests.dll at Library/ScriptAssemblies/Unity.RenderPipelines.Universal.Config.Editor.Tests.dll not valid. Loading of assembly skipped.
Assembly Unity.RenderPipelines.Universal.Editor.Tests.dll at Library/ScriptAssemblies/Unity.RenderPipelines.Universal.Editor.Tests.dll not valid. Loading of assembly skipped.
Assembly Unity.RenderPipelines.Universal.Runtime.Tests.dll at Library/ScriptAssemblies/Unity.RenderPipelines.Universal.Runtime.Tests.dll not valid. Loading of assembly skipped.
Assembly Unity.Scenes.Editor.PerformanceTests.dll at Library/ScriptAssemblies/Unity.Scenes.Editor.PerformanceTests.dll not valid. Loading of assembly skipped.
Assembly Unity.Scenes.Editor.Tests.dll at Library/ScriptAssemblies/Unity.Scenes.Editor.Tests.dll not valid. Loading of assembly skipped.
Assembly Unity.Scenes.Hybrid.Tests.dll at Library/ScriptAssemblies/Unity.Scenes.Hybrid.Tests.dll not valid. Loading of assembly skipped.
Assembly Unity.Scenes.Hybrid.Tests.Editmode.Content.dll at Library/ScriptAssemblies/Unity.Scenes.Hybrid.Tests.Editmode.Content.dll not valid. Loading of assembly skipped.
Assembly Unity.Scenes.Hybrid.Tests.Playmode.dll at Library/ScriptAssemblies/Unity.Scenes.Hybrid.Tests.Playmode.dll not valid. Loading of assembly skipped.
Assembly Unity.Scenes.PerformanceTests.dll at Library/ScriptAssemblies/Unity.Scenes.PerformanceTests.dll not valid. Loading of assembly skipped.
Assembly Unity.Scenes.Tests.dll at Library/ScriptAssemblies/Unity.Scenes.Tests.dll not valid. Loading of assembly skipped.
Assembly Unity.ScriptableBuildPipeline.Editor.Tests.dll at Library/ScriptAssemblies/Unity.ScriptableBuildPipeline.Editor.Tests.dll not valid. Loading of assembly skipped.
Assembly Unity.ScriptableBuildPipeline.Tests.dll at Library/ScriptAssemblies/Unity.ScriptableBuildPipeline.Tests.dll not valid. Loading of assembly skipped.
Assembly Unity.ScriptableBuildPipelineTests.Runtime.Tests.dll at Library/ScriptAssemblies/Unity.ScriptableBuildPipelineTests.Runtime.Tests.dll not valid. Loading of assembly skipped.
Assembly Unity.Searcher.EditorTests.dll at Library/ScriptAssemblies/Unity.Searcher.EditorTests.dll not valid. Loading of assembly skipped.
Assembly Unity.Serialization.Tests.dll at Library/ScriptAssemblies/Unity.Serialization.Tests.dll not valid. Loading of assembly skipped.
Assembly Unity.Settings.Tests.dll at Library/ScriptAssemblies/Unity.Settings.Tests.dll not valid. Loading of assembly skipped.
Assembly Unity.ShaderGraph.Editor.Tests.dll at Library/ScriptAssemblies/Unity.ShaderGraph.Editor.Tests.dll not valid. Loading of assembly skipped.
Assembly Unity.SharpZipLib.Editor.Tests.dll at Library/ScriptAssemblies/Unity.SharpZipLib.Editor.Tests.dll not valid. Loading of assembly skipped.
Assembly Unity.SharpZipLib.Tests.dll at Library/ScriptAssemblies/Unity.SharpZipLib.Tests.dll not valid. Loading of assembly skipped.
Assembly Unity.TextMeshPro.Editor.Tests.dll at Library/ScriptAssemblies/Unity.TextMeshPro.Editor.Tests.dll not valid. Loading of assembly skipped.
Assembly Unity.TextMeshPro.Tests.dll at Library/ScriptAssemblies/Unity.TextMeshPro.Tests.dll not valid. Loading of assembly skipped.
Assembly Unity.Transforms.Hybrid.Tests.dll at Library/ScriptAssemblies/Unity.Transforms.Hybrid.Tests.dll not valid. Loading of assembly skipped.
Assembly Unity.Transforms.PerformanceTests.dll at Library/ScriptAssemblies/Unity.Transforms.PerformanceTests.dll not valid. Loading of assembly skipped.
Assembly Unity.Transforms.Tests.dll at Library/ScriptAssemblies/Unity.Transforms.Tests.dll not valid. Loading of assembly skipped.
Assembly Unity.UnifiedRayTracing.Editor.Tests.dll at Library/ScriptAssemblies/Unity.UnifiedRayTracing.Editor.Tests.dll not valid. Loading of assembly skipped.
Assembly UnityEditor.UI.Common.Tests.dll at Library/ScriptAssemblies/UnityEditor.UI.Common.Tests.dll not valid. Loading of assembly skipped.
Assembly UnityEditor.UI.EditorTests.dll at Library/ScriptAssemblies/UnityEditor.UI.EditorTests.dll not valid. Loading of assembly skipped.
Assembly UnityEngine.UI.Tests.dll at Library/ScriptAssemblies/UnityEngine.UI.Tests.dll not valid. Loading of assembly skipped.
Begin MonoManager ReloadAssembly
<b><color=#cc7a00>MCP-FOR-UNITY</color></b>: [WebSocket] Unexpected receive error: WebSocket is not initialised
UnityEngine.Debug:ExtractStackTraceNoAlloc (byte*,int,string)
UnityEngine.StackTraceUtility:ExtractStackTrace ()
UnityEngine.DebugLogHandler:Internal_Log (UnityEngine.LogType,UnityEngine.LogOption,string,UnityEngine.Object)
UnityEngine.DebugLogHandler:LogFormat (UnityEngine.LogType,UnityEngine.Object,string,object[])
UnityEngine.Logger:Log (UnityEngine.LogType,object)
UnityEngine.Debug:LogWarning (object)
MCPForUnity.Editor.Helpers.McpLog:Warn (string) (at ./Library/PackageCache/com.coplaydev.unity-mcp@d6e58c68cf4b/Editor/Helpers/McpLog.cs:45)
MCPForUnity.Editor.Services.Transport.Transports.WebSocketTransportClient/<ReceiveLoopAsync>d__41:MoveNext () (at ./Library/PackageCache/com.coplaydev.unity-mcp@d6e58c68cf4b/Editor/Services/Transport/Transports/WebSocketTransportClient.cs:404)
System.Runtime.CompilerServices.AsyncMethodBuilderCore/MoveNextRunner:InvokeMoveNext (object)
System.Threading.ExecutionContext:RunInternal (System.Threading.ExecutionContext,System.Threading.ContextCallback,object,bool)
System.Threading.ExecutionContext:Run (System.Threading.ExecutionContext,System.Threading.ContextCallback,object,bool)
System.Runtime.CompilerServices.AsyncMethodBuilderCore/MoveNextRunner:Run ()
System.Threading.Tasks.AwaitTaskContinuation:RunOrScheduleAction (System.Action,bool,System.Threading.Tasks.Task&)
System.Threading.Tasks.Task:FinishContinuations ()
System.Threading.Tasks.Task:FinishStageThree ()
System.Threading.Tasks.Task:FinishStageTwo ()
System.Threading.Tasks.Task:Finish (bool)
System.Threading.Tasks.Task:TrySetException (object)
System.Runtime.CompilerServices.AsyncTaskMethodBuilder`1<System.Threading.Tasks.VoidTaskResult>:SetException (System.Exception)
System.Runtime.CompilerServices.AsyncTaskMethodBuilder:SetException (System.Exception)
MCPForUnity.Editor.Services.Transport.Transports.WebSocketTransportClient/<HandleMessageAsync>d__43:MoveNext () (at ./Library/PackageCache/com.coplaydev.unity-mcp@d6e58c68cf4b/Editor/Services/Transport/Transports/WebSocketTransportClient.cs:489)
System.Runtime.CompilerServices.AsyncMethodBuilderCore/MoveNextRunner:InvokeMoveNext (object)
System.Threading.ExecutionContext:RunInternal (System.Threading.ExecutionContext,System.Threading.ContextCallback,object,bool)
System.Threading.ExecutionContext:Run (System.Threading.ExecutionContext,System.Threading.ContextCallback,object,bool)
System.Runtime.CompilerServices.AsyncMethodBuilderCore/MoveNextRunner:Run ()
System.Threading.Tasks.AwaitTaskContinuation:RunOrScheduleAction (System.Action,bool,System.Threading.Tasks.Task&)
System.Threading.Tasks.Task:FinishContinuations ()
System.Threading.Tasks.Task:FinishStageThree ()
System.Threading.Tasks.Task:FinishStageTwo ()
System.Threading.Tasks.Task:Finish (bool)
System.Threading.Tasks.Task:TrySetException (object)
System.Runtime.CompilerServices.AsyncTaskMethodBuilder`1<System.Threading.Tasks.VoidTaskResult>:SetException (System.Exception)
System.Runtime.CompilerServices.AsyncTaskMethodBuilder:SetException (System.Exception)
MCPForUnity.Editor.Services.Transport.Transports.WebSocketTransportClient/<HandleExecuteAsync>d__48:MoveNext () (at ./Library/PackageCache/com.coplaydev.unity-mcp@d6e58c68cf4b/Editor/Services/Transport/Transports/WebSocketTransportClient.cs:664)
System.Runtime.CompilerServices.AsyncMethodBuilderCore/MoveNextRunner:InvokeMoveNext (object)
System.Threading.ExecutionContext:RunInternal (System.Threading.ExecutionContext,System.Threading.ContextCallback,object,bool)
System.Threading.ExecutionContext:Run (System.Threading.ExecutionContext,System.Threading.ContextCallback,object,bool)
System.Runtime.CompilerServices.AsyncMethodBuilderCore/MoveNextRunner:Run ()
System.Threading.Tasks.AwaitTaskContinuation:System.Threading.IThreadPoolWorkItem.ExecuteWorkItem ()
System.Threading.ThreadPoolWorkQueue:Dispatch ()
System.Threading._ThreadPoolWaitCallback:PerformWaitCallback ()

(Filename: ./Library/PackageCache/com.coplaydev.unity-mcp@d6e58c68cf4b/Editor/Helpers/McpLog.cs Line: 45)

Total cache size 268319600
Total cache size after purge 268319600, took 00:00:01.3944232
Assembly DocCodeExamples.dll at Library/ScriptAssemblies/DocCodeExamples.dll not valid. Loading of assembly skipped.
Assembly DocCodeSamples.dll at Library/ScriptAssemblies/DocCodeSamples.dll not valid. Loading of assembly skipped.
Assembly Hecton8.EditModeTests.dll at Library/ScriptAssemblies/Hecton8.EditModeTests.dll not valid. Loading of assembly skipped.
Assembly Hecton8.PlayModeTests.dll at Library/ScriptAssemblies/Hecton8.PlayModeTests.dll not valid. Loading of assembly skipped.
Assembly MockTests.dll at Library/ScriptAssemblies/MockTests.dll not valid. Loading of assembly skipped.
Assembly TestNewCustomAssembly.dll at Library/ScriptAssemblies/TestNewCustomAssembly.dll not valid. Loading of assembly skipped.
Assembly TypeDependencyCacheTestAssembly.dll at Library/ScriptAssemblies/TypeDependencyCacheTestAssembly.dll not valid. Loading of assembly skipped.
Assembly Unity.2D.Sprite.Package.EditorTests.dll at Library/ScriptAssemblies/Unity.2D.Sprite.Package.EditorTests.dll not valid. Loading of assembly skipped.
Assembly Unity.Burst.Tests.dll at Library/ScriptAssemblies/Unity.Burst.Tests.dll not valid. Loading of assembly skipped.
Assembly Unity.Collections.BurstCompatibilityGen.dll at Library/ScriptAssemblies/Unity.Collections.BurstCompatibilityGen.dll not valid. Loading of assembly skipped.
Assembly Unity.Collections.DocCodeSamples.dll at Library/ScriptAssemblies/Unity.Collections.DocCodeSamples.dll not valid. Loading of assembly skipped.
Assembly Unity.Collections.PerformanceTests.dll at Library/ScriptAssemblies/Unity.Collections.PerformanceTests.dll not valid. Loading of assembly skipped.
Assembly Unity.Collections.Tests.dll at Library/ScriptAssemblies/Unity.Collections.Tests.dll not valid. Loading of assembly skipped.
Assembly Unity.Collections.Tests.Playmode.dll at Library/ScriptAssemblies/Unity.Collections.Tests.Playmode.dll not valid. Loading of assembly skipped.
Assembly Unity.Entities.CodeGen.Tests.dll at Library/ScriptAssemblies/Unity.Entities.CodeGen.Tests.dll not valid. Loading of assembly skipped.
Assembly Unity.Entities.ContentDelivery.Tests.dll at Library/ScriptAssemblies/Unity.Entities.ContentDelivery.Tests.dll not valid. Loading of assembly skipped.
Assembly Unity.Entities.Editor.PerformanceTests.dll at Library/ScriptAssemblies/Unity.Entities.Editor.PerformanceTests.dll not valid. Loading of assembly skipped.
Assembly Unity.Entities.Editor.Tests.dll at Library/ScriptAssemblies/Unity.Entities.Editor.Tests.dll not valid. Loading of assembly skipped.
Assembly Unity.Entities.Hybrid.EndToEnd.Tests.dll at Library/ScriptAssemblies/Unity.Entities.Hybrid.EndToEnd.Tests.dll not valid. Loading of assembly skipped.
Assembly Unity.Entities.Hybrid.PerformanceTests.dll at Library/ScriptAssemblies/Unity.Entities.Hybrid.PerformanceTests.dll not valid. Loading of assembly skipped.
Assembly Unity.Entities.Hybrid.Tests.dll at Library/ScriptAssemblies/Unity.Entities.Hybrid.Tests.dll not valid. Loading of assembly skipped.
Assembly Unity.Entities.Hybrid.Tests.ExcludedAssembly.dll at Library/ScriptAssemblies/Unity.Entities.Hybrid.Tests.ExcludedAssembly.dll not valid. Loading of assembly skipped.
Assembly Unity.Entities.Hybrid.Tests.SeparateAssembly.dll at Library/ScriptAssemblies/Unity.Entities.Hybrid.Tests.SeparateAssembly.dll not valid. Loading of assembly skipped.
Assembly Unity.Entities.PerformanceTests.dll at Library/ScriptAssemblies/Unity.Entities.PerformanceTests.dll not valid. Loading of assembly skipped.
Assembly Unity.Entities.TestComponents.dll at Library/ScriptAssemblies/Unity.Entities.TestComponents.dll not valid. Loading of assembly skipped.
Assembly Unity.Entities.Tests.dll at Library/ScriptAssemblies/Unity.Entities.Tests.dll not valid. Loading of assembly skipped.
Assembly Unity.Entities.Tests.InAnotherAssembly.dll at Library/ScriptAssemblies/Unity.Entities.Tests.InAnotherAssembly.dll not valid. Loading of assembly skipped.
Assembly Unity.Entities.Tests.InAnotherEmptyAssembly.dll at Library/ScriptAssemblies/Unity.Entities.Tests.InAnotherEmptyAssembly.dll not valid. Loading of assembly skipped.
Assembly Unity.InputSystem.IntegrationTests.dll at Library/ScriptAssemblies/Unity.InputSystem.IntegrationTests.dll not valid. Loading of assembly skipped.
Assembly Unity.Mathematics.Extensions.Tests.dll at Library/ScriptAssemblies/Unity.Mathematics.Extensions.Tests.dll not valid. Loading of assembly skipped.
Assembly Unity.Mathematics.Tests.dll at Library/ScriptAssemblies/Unity.Mathematics.Tests.dll not valid. Loading of assembly skipped.
Assembly Unity.Multiplayer.Center.Editor.Tests.dll at Library/ScriptAssemblies/Unity.Multiplayer.Center.Editor.Tests.dll not valid. Loading of assembly skipped.
Assembly Unity.Multiplayer.Center.Tests.dll at Library/ScriptAssemblies/Unity.Multiplayer.Center.Tests.dll not valid. Loading of assembly skipped.
Assembly Unity.Nuget.Mono-Cecil.dll at Library/ScriptAssemblies/Unity.Nuget.Mono-Cecil.dll not valid. Loading of assembly skipped.
Assembly Unity.PathTracing.Editor.Tests.dll at Library/ScriptAssemblies/Unity.PathTracing.Editor.Tests.dll not valid. Loading of assembly skipped.
Assembly Unity.PathTracing.Runtime.Tests.dll at Library/ScriptAssemblies/Unity.PathTracing.Runtime.Tests.dll not valid. Loading of assembly skipped.
Assembly Unity.Properties.CodeGen.IntegrationTests.DependencyA.dll at Library/ScriptAssemblies/Unity.Properties.CodeGen.IntegrationTests.DependencyA.dll not valid. Loading of assembly skipped.
Assembly Unity.Properties.CodeGen.IntegrationTests.DependencyB.dll at Library/ScriptAssemblies/Unity.Properties.CodeGen.IntegrationTests.DependencyB.dll not valid. Loading of assembly skipped.
Assembly Unity.Properties.CodeGen.IntegrationTests.DependencyC.dll at Library/ScriptAssemblies/Unity.Properties.CodeGen.IntegrationTests.DependencyC.dll not valid. Loading of assembly skipped.
Assembly Unity.Properties.CodeGen.IntegrationTests.dll at Library/ScriptAssemblies/Unity.Properties.CodeGen.IntegrationTests.dll not valid. Loading of assembly skipped.
Assembly Unity.Properties.CodeGen.UntaggedAssemblyTests.dll at Library/ScriptAssemblies/Unity.Properties.CodeGen.UntaggedAssemblyTests.dll not valid. Loading of assembly skipped.
Assembly Unity.Properties.dll at Library/ScriptAssemblies/Unity.Properties.dll not valid. Loading of assembly skipped.
Assembly Unity.Properties.PerformanceTests.dll at Library/ScriptAssemblies/Unity.Properties.PerformanceTests.dll not valid. Loading of assembly skipped.
Assembly Unity.Properties.Reflection.Tests.dll at Library/ScriptAssemblies/Unity.Properties.Reflection.Tests.dll not valid. Loading of assembly skipped.
Assembly Unity.Properties.Tests.dll at Library/ScriptAssemblies/Unity.Properties.Tests.dll not valid. Loading of assembly skipped.
Assembly Unity.RenderPipelines.Core.Editor.Tests.dll at Library/ScriptAssemblies/Unity.RenderPipelines.Core.Editor.Tests.dll not valid. Loading of assembly skipped.
Assembly Unity.RenderPipelines.Core.Runtime.Tests.dll at Library/ScriptAssemblies/Unity.RenderPipelines.Core.Runtime.Tests.dll not valid. Loading of assembly skipped.
Assembly Unity.RenderPipelines.Universal.Config.Editor.Tests.dll at Library/ScriptAssemblies/Unity.RenderPipelines.Universal.Config.Editor.Tests.dll not valid. Loading of assembly skipped.
Assembly Unity.RenderPipelines.Universal.Editor.Tests.dll at Library/ScriptAssemblies/Unity.RenderPipelines.Universal.Editor.Tests.dll not valid. Loading of assembly skipped.
Assembly Unity.RenderPipelines.Universal.Runtime.Tests.dll at Library/ScriptAssemblies/Unity.RenderPipelines.Universal.Runtime.Tests.dll not valid. Loading of assembly skipped.
Assembly Unity.Scenes.Editor.PerformanceTests.dll at Library/ScriptAssemblies/Unity.Scenes.Editor.PerformanceTests.dll not valid. Loading of assembly skipped.
Assembly Unity.Scenes.Editor.Tests.dll at Library/ScriptAssemblies/Unity.Scenes.Editor.Tests.dll not valid. Loading of assembly skipped.
Assembly Unity.Scenes.Hybrid.Tests.dll at Library/ScriptAssemblies/Unity.Scenes.Hybrid.Tests.dll not valid. Loading of assembly skipped.
Assembly Unity.Scenes.Hybrid.Tests.Editmode.Content.dll at Library/ScriptAssemblies/Unity.Scenes.Hybrid.Tests.Editmode.Content.dll not valid. Loading of assembly skipped.
Assembly Unity.Scenes.Hybrid.Tests.Playmode.dll at Library/ScriptAssemblies/Unity.Scenes.Hybrid.Tests.Playmode.dll not valid. Loading of assembly skipped.
Assembly Unity.Scenes.PerformanceTests.dll at Library/ScriptAssemblies/Unity.Scenes.PerformanceTests.dll not valid. Loading of assembly skipped.
Assembly Unity.Scenes.Tests.dll at Library/ScriptAssemblies/Unity.Scenes.Tests.dll not valid. Loading of assembly skipped.
Assembly Unity.ScriptableBuildPipeline.Editor.Tests.dll at Library/ScriptAssemblies/Unity.ScriptableBuildPipeline.Editor.Tests.dll not valid. Loading of assembly skipped.
Assembly Unity.ScriptableBuildPipeline.Tests.dll at Library/ScriptAssemblies/Unity.ScriptableBuildPipeline.Tests.dll not valid. Loading of assembly skipped.
Assembly Unity.ScriptableBuildPipelineTests.Runtime.Tests.dll at Library/ScriptAssemblies/Unity.ScriptableBuildPipelineTests.Runtime.Tests.dll not valid. Loading of assembly skipped.
Assembly Unity.Searcher.EditorTests.dll at Library/ScriptAssemblies/Unity.Searcher.EditorTests.dll not valid. Loading of assembly skipped.
Assembly Unity.Serialization.Tests.dll at Library/ScriptAssemblies/Unity.Serialization.Tests.dll not valid. Loading of assembly skipped.
Assembly Unity.Settings.Tests.dll at Library/ScriptAssemblies/Unity.Settings.Tests.dll not valid. Loading of assembly skipped.
Assembly Unity.ShaderGraph.Editor.Tests.dll at Library/ScriptAssemblies/Unity.ShaderGraph.Editor.Tests.dll not valid. Loading of assembly skipped.
Assembly Unity.SharpZipLib.Editor.Tests.dll at Library/ScriptAssemblies/Unity.SharpZipLib.Editor.Tests.dll not valid. Loading of assembly skipped.
Assembly Unity.SharpZipLib.Tests.dll at Library/ScriptAssemblies/Unity.SharpZipLib.Tests.dll not valid. Loading of assembly skipped.
Assembly Unity.TextMeshPro.Editor.Tests.dll at Library/ScriptAssemblies/Unity.TextMeshPro.Editor.Tests.dll not valid. Loading of assembly skipped.
Assembly Unity.TextMeshPro.Tests.dll at Library/ScriptAssemblies/Unity.TextMeshPro.Tests.dll not valid. Loading of assembly skipped.
Assembly Unity.Transforms.Hybrid.Tests.dll at Library/ScriptAssemblies/Unity.Transforms.Hybrid.Tests.dll not valid. Loading of assembly skipped.
Assembly Unity.Transforms.PerformanceTests.dll at Library/ScriptAssemblies/Unity.Transforms.PerformanceTests.dll not valid. Loading of assembly skipped.
Assembly Unity.Transforms.Tests.dll at Library/ScriptAssemblies/Unity.Transforms.Tests.dll not valid. Loading of assembly skipped.
Assembly Unity.UnifiedRayTracing.Editor.Tests.dll at Library/ScriptAssemblies/Unity.UnifiedRayTracing.Editor.Tests.dll not valid. Loading of assembly skipped.
Assembly UnityEditor.UI.Common.Tests.dll at Library/ScriptAssemblies/UnityEditor.UI.Common.Tests.dll not valid. Loading of assembly skipped.
Assembly UnityEditor.UI.EditorTests.dll at Library/ScriptAssemblies/UnityEditor.UI.EditorTests.dll not valid. Loading of assembly skipped.
Assembly UnityEngine.UI.Tests.dll at Library/ScriptAssemblies/UnityEngine.UI.Tests.dll not valid. Loading of assembly skipped.
Symbol file LoadedFromMemory is not a mono symbol file
Refreshing native plugins compatible for Editor in 22.60 ms, found 31 plugins.
Native extension for WindowsStandalone target not found
[MODES] ModeService[none].Initialize
[MODES] ModeService[none].LoadModes
GetVirtualKey: Could not map char: z (122) to any virtual key
GetVirtualKey: Could not map char: y (121) to any virtual key
GetVirtualKey: Could not map char: x (120) to any virtual key
GetVirtualKey: Could not map char: c (99) to any virtual key
GetVirtualKey: Could not map char: v (118) to any virtual key
GetVirtualKey: Could not map char: V (86) to any virtual key
GetVirtualKey: Could not map char: d (100) to any virtual key
GetVirtualKey: Could not map char: f (102) to any virtual key
GetVirtualKey: Could not map char: f (102) to any virtual key
GetVirtualKey: Could not map char: a (97) to any virtual key
GetVirtualKey: Could not map char: d (100) to any virtual key
GetVirtualKey: Could not map char: c (99) to any virtual key
GetVirtualKey: Could not map char: r (114) to any virtual key
GetVirtualKey: Could not map char: i (105) to any virtual key
GetVirtualKey: Could not map char: b (98) to any virtual key
GetVirtualKey: Could not map char: l (108) to any virtual key
GetVirtualKey: Could not map char: s (115) to any virtual key
GetVirtualKey: Could not map char: u (117) to any virtual key
GetVirtualKey: Could not map char: l (108) to any virtual key
GetVirtualKey: Could not map char: f (102) to any virtual key
GetVirtualKey: Could not map char: k (107) to any virtual key
GetVirtualKey: Could not map char: p (112) to any virtual key
GetVirtualKey: Could not map char: p (112) to any virtual key
GetVirtualKey: Could not map char: p (112) to any virtual key
GetVirtualKey: Could not map char: c (99) to any virtual key
GetVirtualKey: Could not map char: r (114) to any virtual key
GetVirtualKey: Could not map char: P (80) to any virtual key
GetVirtualKey: Could not map char: n (110) to any virtual key
GetVirtualKey: Could not map char: n (110) to any virtual key
GetVirtualKey: Could not map char: g (103) to any virtual key
GetVirtualKey: Could not map char: G (71) to any virtual key
GetVirtualKey: Could not map char: f (102) to any virtual key
GetVirtualKey: Could not map char: f (102) to any virtual key
GetVirtualKey: Could not map char: a (97) to any virtual key
GetVirtualKey: Could not map char: a (97) to any virtual key
GetVirtualKey: Could not map char: k (107) to any virtual key
GetVirtualKey: Could not map char: g (103) to any virtual key
GetVirtualKey: Could not map char: l (108) to any virtual key
GetVirtualKey: Could not map char: p (112) to any virtual key
GetVirtualKey: Could not map char: K (75) to any virtual key
GetVirtualKey: Could not map char: G (71) to any virtual key
GetVirtualKey: Could not map char: L (76) to any virtual key
GetVirtualKey: Could not map char: R (82) to any virtual key
GetVirtualKey: Could not map char: G (71) to any virtual key
GetVirtualKey: Could not map char: X (88) to any virtual key
GetVirtualKey: Could not map char: E (69) to any virtual key
GetVirtualKey: Could not map char: N (78) to any virtual key
GetVirtualKey: Could not map char: U (85) to any virtual key
GetVirtualKey: Could not map char: E (69) to any virtual key
GetVirtualKey: Could not map char: S (83) to any virtual key
GetVirtualKey: Could not map char: X (88) to any virtual key
GetVirtualKey: Could not map char: V (86) to any virtual key
GetVirtualKey: Could not map char: m (109) to any virtual key
GetVirtualKey: Could not map char: c (99) to any virtual key
GetVirtualKey: Could not map char: u (117) to any virtual key
GetVirtualKey: Could not map char: n (110) to any virtual key
GetVirtualKey: Could not map char: o (111) to any virtual key
GetVirtualKey: Could not map char: s (115) to any virtual key
GetVirtualKey: Could not map char: s (115) to any virtual key
GetVirtualKey: Could not map char: b (98) to any virtual key
GetVirtualKey: Could not map char: b (98) to any virtual key
GetVirtualKey: Could not map char: m (109) to any virtual key
GetVirtualKey: Could not map char: p (112) to any virtual key
TypeManager.Initialize took: 272ms
ScheduleIndexationOnStartup MainProcess:True IndexOnStartup:True
Mono: successfully reloaded assembly
- Finished resetting the current domain, in 21.544 seconds
Domain Reload Profiling: 28229ms
	BeginReloadAssembly (3668ms)
		ExecutionOrderSort (6ms)
		DisableScriptedObjects (564ms)
		ReleaseScriptingObjects (9ms)
		CreateAndSetChildDomain (1933ms)
	RebuildCommonClasses (126ms)
	RebuildNativeTypeToScriptingClass (51ms)
	initialDomainReloadingComplete (305ms)
	LoadAllAssembliesAndSetupDomain (2534ms)
		LoadAssemblies (644ms)
		AnalyzeDomain (2101ms)
			TypeCache.Refresh (127ms)
				TypeCache.ScanAssembly (75ms)
			BuildScriptInfoCaches (1793ms)
			ResolveRequiredComponents (166ms)
	FinalizeReload (21545ms)
		SetupLoadedEditorAssemblies (0ms)
			InitializePlatformSupportModulesInManaged (183ms)
			BeforeProcessingInitializeOnLoad (1794ms)
			ProcessInitializeOnLoadAttributes (10480ms)
			ProcessInitializeOnLoadMethodAttributes (1276ms)
			AfterProcessingInitializeOnLoad (20ms)
			EditorAssembliesLoaded (4ms)
		ExecutionOrderSort2 (3ms)
		AwakeInstancesAfterBackupRestoration (1958ms)
(Values over 0.050ms)
Asset Pipeline Refresh (id=975551fb42906214c995973b1c8606d6): Total: 29.181 seconds - Initiated by StopAssetImportingV2(ForceSynchronousImport | ForceDomainReload)
	Summary:
		Imports: total=0 (actual=0, local cache=0, cache server=0)
		Asset DB Process Time: managed=0 ms, native=22185 ms
		Asset DB Callback time: managed=90 ms, native=0 ms
		Scripting: domain reloads=1, domain reload time=6900 ms, compile time=2 ms, other=0 ms
		Project Asset Count: scripts=3458, non-scripts=11388
		Asset File Changes: new=0, changed=0, moved=0, deleted=0
		Scan Filter Count: 0
	InvokePackagesCallback: 4.092ms
	ApplyChangesToAssetFolders: 0.803ms
	ProcessAssetsWithTransientArtifactChanges: 35.639ms
	CategorizeAssets: 386.593ms
	CompileScripts: 2.325ms
	ImportOutOfDateAssets: 21629.777ms (21613.709ms without children)
		CollectScriptTypesHashes: 3.887ms
		ReloadNativeAssets: 8.970ms
		EnsureUptoDateAssetsAreRegisteredWithGuidPM: 5.452ms
		OnDemandSchedulerStart: 1.460ms
	PostProcessAllAssets: 90.500ms
		MonoPostProcessAllAssets: 90.490ms
			TextureArrayPreProcessor.OnPostprocessAllAssets 978.242ms
			UniversalRenderPipelineGlobalSettingsPostprocessor.OnPostprocessAllAssets 29.486ms
			SceneAssetPostProcessor.OnPostprocessAllAssets 24.410ms
			AssetChangedListener.OnPostprocessAllAssets 22.520ms
			SyncVS.PostprocessSyncProject 19.626ms
			BuilderAssetPostprocessor.OnPostprocessAllAssets 15.202ms
			ShaderGraphAssetPostProcessor.OnPostprocessAllAssets 6.842ms
			WindowAssetPostprocessingWatcher.OnPostprocessAllAssets 5.685ms
			SpriteEditorTexturePostprocessor.OnPostprocessAllAssets 5.200ms
			UtilityWindowPostProcessor.OnPostprocessAllAssets 4.403ms
			MatrixAssetTexturePostprocessor.OnPostprocessAllAssets 4.310ms
			RetainedModeAssetPostprocessor.OnPostprocessAllAssets 4.182ms
			TemplatePostProcessor.OnPostprocessAllAssets 2.438ms
			MaterialPostprocessor.OnPostprocessAllAssets 2.377ms
			SpeedTree9Postprocessor.OnPostprocessAllAssets 1.964ms
			InputActionJsonNameModifierAssetProcessor.OnPostprocessAllAssets 1.829ms
			RenderPipelineGlobalSettingsPostprocessor.OnPostprocessAllAssets 1.741ms
			PostProcessor.OnPostprocessAllAssets 1.707ms
			AssetPostProcessor.OnPostprocessAllAssets 1.623ms
			UVCSAssetPostprocessor.OnPostprocessAllAssets 1.425ms
			TextAssetPostProcessor.OnPostprocessAllAssets 1.296ms
			TMPro_TexturePostProcessor.OnPostprocessAllAssets 1.234ms
			StyleCatalogPostProcessor.OnPostprocessAllAssets 1.133ms
			ArtifactBrowserPostProcessor.OnPostprocessAllAssets 1.102ms
			AudioMixerPostprocessor.OnPostprocessAllAssets 0.907ms
			AssetEvents.OnPostprocessAllAssets 0.872ms
			SamplePostprocessor.OnPostprocessAllAssets 0.800ms
			InputActionAssetPostprocessor.OnPostprocessAllAssets 0.676ms
			ConfigAssetsTracker.OnPostprocessAllAssets 0.662ms
			ReferencedClipsPostProcessor.OnPostprocessAllAssets 0.651ms
			ScenarioDriftAssetsTracker.OnPostprocessAllAssets 0.510ms
			SpeedTreePostProcessor.OnPostprocessAllAssets 0.508ms
			AssetPostprocessor.OnPostprocessAllAssets 0.472ms
			AssetDatabaseCallbacks.OnPostprocessAllAssets 0.440ms
			ProjectSettingsPostprocessor.OnPostprocessAllAssets 0.322ms
			TerrainToolbarOverlayPostProcessor.OnPostprocessAllAssets 0.262ms
			AudioContainerPostProcessor.OnPostprocessAllAssets 0.240ms
	GatherAllCurrentPrimaryImportResultRevisions: 1.236ms
	UnloadStreamsBegin: 0.301ms
	PersistCurrentRevisions: 1.050ms
	GenerateScriptTypeHashes: 28.712ms
	GenerateScriptTypeSerializationHashes: 38.674ms
	Untracked: 7013.088ms

Unloading 0 Unused Serialized files (Serialized files now loaded: 0)
[Licensing::Client] Successfully resolved entitlement details
Asset Pipeline Refresh (id=21c66fac93189d7428ab8189938908d4): Total: 0.004 seconds - Initiated by StopAssetImportingV2(NoUpdateAssetOptions)
Asset Pipeline Refresh (id=0fbe7d4d0a93a5e4a83e8ef7f57a7e80): Total: 0.004 seconds - Initiated by StopAssetImportingV2(NoUpdateAssetOptions)
Asset Pipeline Refresh (id=88533cdd0fcae634aac53966c96bbddb): Total: 0.004 seconds - Initiated by StopAssetImportingV2(NoUpdateAssetOptions)
Asset Pipeline Refresh (id=6ec967bb371ce014f80ab99952d3d691): Total: 0.004 seconds - Initiated by StopAssetImportingV2(NoUpdateAssetOptions)
Refreshing native plugins compatible for Editor in 15.13 ms, found 31 plugins.
[Licensing::Client] Successfully resolved entitlement details
[ScriptCompilation] Requested script compilation because: AssetDatabase observed changes in script compilation related files
Refreshing native plugins compatible for Editor in 17.97 ms, found 31 plugins.
(Values over 0.050ms)
Asset Pipeline Refresh (id=1195d1edbf7c12a4bb4e1d800c3fff4b): Total: 0.913 seconds - Initiated by RefreshV2(NoUpdateAssetOptions)
	Summary:
		Imports: total=0 (actual=0, local cache=0, cache server=0)
		Asset DB Process Time: managed=0 ms, native=208 ms
		Asset DB Callback time: managed=662 ms, native=39 ms
		Scripting: domain reloads=0, domain reload time=0 ms, compile time=2 ms, other=0 ms
		Project Asset Count: scripts=3458, non-scripts=11388
		Asset File Changes: new=0, changed=1, moved=0, deleted=0
		Scan Filter Count: 0
	ApplyChangesToAssetFolders: 0.555ms
	Scan: 52.907ms
	OnSourceAssetsModified: 1.527ms
	CategorizeScriptCompilationAssets: 0.060ms
	ProcessAssetsWithTransientArtifactChanges: 0.453ms
	CategorizeAssets: 108.647ms
	CompileScripts: 1.591ms
	ImportOutOfDateAssets: 12.171ms (2.000ms without children)
		ReloadNativeAssets: 3.374ms
		UnloadImportedAssets: 0.353ms
		EnsureUptoDateAssetsAreRegisteredWithGuidPM: 4.378ms
		OnDemandSchedulerStart: 2.052ms
	PostProcessAllAssets: 664.798ms
		XRBuildSystem.XRAssetImported 2.960ms
		PostProcessCallbackCreateDeferredMaterials 0.060ms
		MonoPostProcessAllAssets: 660.864ms
			TextureArrayPreProcessor.OnPostprocessAllAssets 565.754ms
			AssetChangedListener.OnPostprocessAllAssets 19.583ms
			SceneAssetPostProcessor.OnPostprocessAllAssets 11.984ms
			BuilderAssetPostprocessor.OnPostprocessAllAssets 10.703ms
			ShaderGraphAssetPostProcessor.OnPostprocessAllAssets 7.766ms
			SyncVS.PostprocessSyncProject 6.375ms
			SpriteEditorTexturePostprocessor.OnPostprocessAllAssets 4.897ms
			RetainedModeAssetPostprocessor.OnPostprocessAllAssets 3.097ms
			UtilityWindowPostProcessor.OnPostprocessAllAssets 1.627ms
			TMPro_TexturePostProcessor.OnPostprocessAllAssets 1.513ms
			ArtifactBrowserPostProcessor.OnPostprocessAllAssets 1.511ms
			MaterialPostprocessor.OnPostprocessAllAssets 1.415ms
			InputActionJsonNameModifierAssetProcessor.OnPostprocessAllAssets 1.366ms
			TextAssetPostProcessor.OnPostprocessAllAssets 1.263ms
			MatrixAssetTexturePostprocessor.OnPostprocessAllAssets 0.909ms
			InputActionAssetPostprocessor.OnPostprocessAllAssets 0.823ms
			TemplatePostProcessor.OnPostprocessAllAssets 0.817ms
			SamplePostprocessor.OnPostprocessAllAssets 0.813ms
			AudioMixerPostprocessor.OnPostprocessAllAssets 0.798ms
			StyleCatalogPostProcessor.OnPostprocessAllAssets 0.787ms
			UVCSAssetPostprocessor.OnPostprocessAllAssets 0.734ms
			PostProcessor.OnPostprocessAllAssets 0.732ms
			AssetEvents.OnPostprocessAllAssets 0.683ms
			SpeedTreePostProcessor.OnPostprocessAllAssets 0.524ms
			RenderPipelineGlobalSettingsPostprocessor.OnPostprocessAllAssets 0.424ms
			ConfigAssetsTracker.OnPostprocessAllAssets 0.360ms
			AudioContainerPostProcessor.OnPostprocessAllAssets 0.351ms
			ScenarioDriftAssetsTracker.OnPostprocessAllAssets 0.326ms
			SpeedTree9Postprocessor.OnPostprocessAllAssets 0.070ms
			ProjectSettingsPostprocessor.OnPostprocessAllAssets 0.056ms
			UniversalRenderPipelineGlobalSettingsPostprocessor.OnPostprocessAllAssets 0.051ms
	PostAssetChangesProfiler: 35.940ms
	GatherAllCurrentPrimaryImportResultRevisions: 2.196ms
	PersistCurrentRevisions: 1.167ms
	Untracked: 31.023ms

info: Microsoft.AspNetCore.Hosting.Diagnostics[1]
      Request starting HTTP/2 POST http://ilpp/UnityILPP.PostProcessing/Ping - application/grpc -
info: Microsoft.AspNetCore.Routing.EndpointMiddleware[0]
      Executing endpoint 'gRPC - /UnityILPP.PostProcessing/Ping'
info: Microsoft.AspNetCore.Routing.EndpointMiddleware[1]
      Executed endpoint 'gRPC - /UnityILPP.PostProcessing/Ping'
info: Microsoft.AspNetCore.Hosting.Diagnostics[2]
      Request finished HTTP/2 POST http://ilpp/UnityILPP.PostProcessing/Ping - 200 - application/grpc 0.2149ms
Starting: C:\Program Files\Unity\Hub\Editor\6000.4.1f1\Editor\Data\Tools\BuildPipeline\bee_backend.exe --ipc --defer-dag-verification --dagfile="Library/Bee/1900b0aEDbg.dag" --continue-on-failure --profile="Library/Bee/backend1.traceevents" ScriptAssemblies
WorkingDir: C:/hades/Hecton8
info: Microsoft.AspNetCore.Hosting.Diagnostics[1]
      Request starting HTTP/2 POST http://ilpp/UnityILPP.PostProcessing/ConfigurePostProcessors - application/grpc -
info: Microsoft.AspNetCore.Routing.EndpointMiddleware[0]
      Executing endpoint 'gRPC - /UnityILPP.PostProcessing/ConfigurePostProcessors'
info: Unity.ILPP.Runner.PostProcessingAssemblyLoadContext[0]
      Current configuration matches the requested one, skipping
info: Microsoft.AspNetCore.Routing.EndpointMiddleware[1]
      Executed endpoint 'gRPC - /UnityILPP.PostProcessing/ConfigurePostProcessors'
info: Microsoft.AspNetCore.Hosting.Diagnostics[2]
      Request finished HTTP/2 POST http://ilpp/UnityILPP.PostProcessing/ConfigurePostProcessors - 200 - application/grpc 1.6300ms
ExitCode: 0 Duration: 2s133ms
[1514/2034  0s] ILPP-Configuration Library/ilpp-configuration.nevergeneratedoutput
*** Tundra build success (2.06 seconds), 1 items updated, 2034 evaluated
Unloading 205 unused Assets / (30.0 KB). Loaded Objects now: 33745.
Memory consumption went from 1.54 GB to 1.54 GB.
Total: 151.360100 ms (FindLiveObjects: 4.374100 ms CreateObjectMapping: 4.051900 ms MarkObjects: 140.076700 ms  DeleteObjects: 2.855100 ms)

[Licensing::Client] Successfully resolved entitlement details
Reloading assemblies after finishing script compilation.
Reloading assemblies after forced synchronous recompile.
Assembly DocCodeExamples.dll at Library/ScriptAssemblies/DocCodeExamples.dll not valid. Loading of assembly skipped.
Assembly DocCodeSamples.dll at Library/ScriptAssemblies/DocCodeSamples.dll not valid. Loading of assembly skipped.
Assembly Hecton8.EditModeTests.dll at Library/ScriptAssemblies/Hecton8.EditModeTests.dll not valid. Loading of assembly skipped.
Assembly Hecton8.PlayModeTests.dll at Library/ScriptAssemblies/Hecton8.PlayModeTests.dll not valid. Loading of assembly skipped.
Assembly MockTests.dll at Library/ScriptAssemblies/MockTests.dll not valid. Loading of assembly skipped.
Assembly TestNewCustomAssembly.dll at Library/ScriptAssemblies/TestNewCustomAssembly.dll not valid. Loading of assembly skipped.
Assembly TypeDependencyCacheTestAssembly.dll at Library/ScriptAssemblies/TypeDependencyCacheTestAssembly.dll not valid. Loading of assembly skipped.
Assembly Unity.2D.Sprite.Package.EditorTests.dll at Library/ScriptAssemblies/Unity.2D.Sprite.Package.EditorTests.dll not valid. Loading of assembly skipped.
Assembly Unity.Burst.Tests.dll at Library/ScriptAssemblies/Unity.Burst.Tests.dll not valid. Loading of assembly skipped.
Assembly Unity.Collections.BurstCompatibilityGen.dll at Library/ScriptAssemblies/Unity.Collections.BurstCompatibilityGen.dll not valid. Loading of assembly skipped.
Assembly Unity.Collections.DocCodeSamples.dll at Library/ScriptAssemblies/Unity.Collections.DocCodeSamples.dll not valid. Loading of assembly skipped.
Assembly Unity.Collections.PerformanceTests.dll at Library/ScriptAssemblies/Unity.Collections.PerformanceTests.dll not valid. Loading of assembly skipped.
Assembly Unity.Collections.Tests.dll at Library/ScriptAssemblies/Unity.Collections.Tests.dll not valid. Loading of assembly skipped.
Assembly Unity.Collections.Tests.Playmode.dll at Library/ScriptAssemblies/Unity.Collections.Tests.Playmode.dll not valid. Loading of assembly skipped.
Assembly Unity.Entities.CodeGen.Tests.dll at Library/ScriptAssemblies/Unity.Entities.CodeGen.Tests.dll not valid. Loading of assembly skipped.
Assembly Unity.Entities.ContentDelivery.Tests.dll at Library/ScriptAssemblies/Unity.Entities.ContentDelivery.Tests.dll not valid. Loading of assembly skipped.
Assembly Unity.Entities.Editor.PerformanceTests.dll at Library/ScriptAssemblies/Unity.Entities.Editor.PerformanceTests.dll not valid. Loading of assembly skipped.
Assembly Unity.Entities.Editor.Tests.dll at Library/ScriptAssemblies/Unity.Entities.Editor.Tests.dll not valid. Loading of assembly skipped.
Assembly Unity.Entities.Hybrid.EndToEnd.Tests.dll at Library/ScriptAssemblies/Unity.Entities.Hybrid.EndToEnd.Tests.dll not valid. Loading of assembly skipped.
Assembly Unity.Entities.Hybrid.PerformanceTests.dll at Library/ScriptAssemblies/Unity.Entities.Hybrid.PerformanceTests.dll not valid. Loading of assembly skipped.
Assembly Unity.Entities.Hybrid.Tests.dll at Library/ScriptAssemblies/Unity.Entities.Hybrid.Tests.dll not valid. Loading of assembly skipped.
Assembly Unity.Entities.Hybrid.Tests.ExcludedAssembly.dll at Library/ScriptAssemblies/Unity.Entities.Hybrid.Tests.ExcludedAssembly.dll not valid. Loading of assembly skipped.
Assembly Unity.Entities.Hybrid.Tests.SeparateAssembly.dll at Library/ScriptAssemblies/Unity.Entities.Hybrid.Tests.SeparateAssembly.dll not valid. Loading of assembly skipped.
Assembly Unity.Entities.PerformanceTests.dll at Library/ScriptAssemblies/Unity.Entities.PerformanceTests.dll not valid. Loading of assembly skipped.
Assembly Unity.Entities.TestComponents.dll at Library/ScriptAssemblies/Unity.Entities.TestComponents.dll not valid. Loading of assembly skipped.
Assembly Unity.Entities.Tests.dll at Library/ScriptAssemblies/Unity.Entities.Tests.dll not valid. Loading of assembly skipped.
Assembly Unity.Entities.Tests.InAnotherAssembly.dll at Library/ScriptAssemblies/Unity.Entities.Tests.InAnotherAssembly.dll not valid. Loading of assembly skipped.
Assembly Unity.Entities.Tests.InAnotherEmptyAssembly.dll at Library/ScriptAssemblies/Unity.Entities.Tests.InAnotherEmptyAssembly.dll not valid. Loading of assembly skipped.
Assembly Unity.InputSystem.IntegrationTests.dll at Library/ScriptAssemblies/Unity.InputSystem.IntegrationTests.dll not valid. Loading of assembly skipped.
Assembly Unity.Mathematics.Extensions.Tests.dll at Library/ScriptAssemblies/Unity.Mathematics.Extensions.Tests.dll not valid. Loading of assembly skipped.
Assembly Unity.Mathematics.Tests.dll at Library/ScriptAssemblies/Unity.Mathematics.Tests.dll not valid. Loading of assembly skipped.
Assembly Unity.Multiplayer.Center.Editor.Tests.dll at Library/ScriptAssemblies/Unity.Multiplayer.Center.Editor.Tests.dll not valid. Loading of assembly skipped.
Assembly Unity.Multiplayer.Center.Tests.dll at Library/ScriptAssemblies/Unity.Multiplayer.Center.Tests.dll not valid. Loading of assembly skipped.
Assembly Unity.Nuget.Mono-Cecil.dll at Library/ScriptAssemblies/Unity.Nuget.Mono-Cecil.dll not valid. Loading of assembly skipped.
Assembly Unity.PathTracing.Editor.Tests.dll at Library/ScriptAssemblies/Unity.PathTracing.Editor.Tests.dll not valid. Loading of assembly skipped.
Assembly Unity.PathTracing.Runtime.Tests.dll at Library/ScriptAssemblies/Unity.PathTracing.Runtime.Tests.dll not valid. Loading of assembly skipped.
Assembly Unity.Properties.CodeGen.IntegrationTests.DependencyA.dll at Library/ScriptAssemblies/Unity.Properties.CodeGen.IntegrationTests.DependencyA.dll not valid. Loading of assembly skipped.
Assembly Unity.Properties.CodeGen.IntegrationTests.DependencyB.dll at Library/ScriptAssemblies/Unity.Properties.CodeGen.IntegrationTests.DependencyB.dll not valid. Loading of assembly skipped.
Assembly Unity.Properties.CodeGen.IntegrationTests.DependencyC.dll at Library/ScriptAssemblies/Unity.Properties.CodeGen.IntegrationTests.DependencyC.dll not valid. Loading of assembly skipped.
Assembly Unity.Properties.CodeGen.IntegrationTests.dll at Library/ScriptAssemblies/Unity.Properties.CodeGen.IntegrationTests.dll not valid. Loading of assembly skipped.
Assembly Unity.Properties.CodeGen.UntaggedAssemblyTests.dll at Library/ScriptAssemblies/Unity.Properties.CodeGen.UntaggedAssemblyTests.dll not valid. Loading of assembly skipped.
Assembly Unity.Properties.dll at Library/ScriptAssemblies/Unity.Properties.dll not valid. Loading of assembly skipped.
Assembly Unity.Properties.PerformanceTests.dll at Library/ScriptAssemblies/Unity.Properties.PerformanceTests.dll not valid. Loading of assembly skipped.
Assembly Unity.Properties.Reflection.Tests.dll at Library/ScriptAssemblies/Unity.Properties.Reflection.Tests.dll not valid. Loading of assembly skipped.
Assembly Unity.Properties.Tests.dll at Library/ScriptAssemblies/Unity.Properties.Tests.dll not valid. Loading of assembly skipped.
Assembly Unity.RenderPipelines.Core.Editor.Tests.dll at Library/ScriptAssemblies/Unity.RenderPipelines.Core.Editor.Tests.dll not valid. Loading of assembly skipped.
Assembly Unity.RenderPipelines.Core.Runtime.Tests.dll at Library/ScriptAssemblies/Unity.RenderPipelines.Core.Runtime.Tests.dll not valid. Loading of assembly skipped.
Assembly Unity.RenderPipelines.Universal.Config.Editor.Tests.dll at Library/ScriptAssemblies/Unity.RenderPipelines.Universal.Config.Editor.Tests.dll not valid. Loading of assembly skipped.
Assembly Unity.RenderPipelines.Universal.Editor.Tests.dll at Library/ScriptAssemblies/Unity.RenderPipelines.Universal.Editor.Tests.dll not valid. Loading of assembly skipped.
Assembly Unity.RenderPipelines.Universal.Runtime.Tests.dll at Library/ScriptAssemblies/Unity.RenderPipelines.Universal.Runtime.Tests.dll not valid. Loading of assembly skipped.
Assembly Unity.Scenes.Editor.PerformanceTests.dll at Library/ScriptAssemblies/Unity.Scenes.Editor.PerformanceTests.dll not valid. Loading of assembly skipped.
Assembly Unity.Scenes.Editor.Tests.dll at Library/ScriptAssemblies/Unity.Scenes.Editor.Tests.dll not valid. Loading of assembly skipped.
Assembly Unity.Scenes.Hybrid.Tests.dll at Library/ScriptAssemblies/Unity.Scenes.Hybrid.Tests.dll not valid. Loading of assembly skipped.
Assembly Unity.Scenes.Hybrid.Tests.Editmode.Content.dll at Library/ScriptAssemblies/Unity.Scenes.Hybrid.Tests.Editmode.Content.dll not valid. Loading of assembly skipped.
Assembly Unity.Scenes.Hybrid.Tests.Playmode.dll at Library/ScriptAssemblies/Unity.Scenes.Hybrid.Tests.Playmode.dll not valid. Loading of assembly skipped.
Assembly Unity.Scenes.PerformanceTests.dll at Library/ScriptAssemblies/Unity.Scenes.PerformanceTests.dll not valid. Loading of assembly skipped.
Assembly Unity.Scenes.Tests.dll at Library/ScriptAssemblies/Unity.Scenes.Tests.dll not valid. Loading of assembly skipped.
Assembly Unity.ScriptableBuildPipeline.Editor.Tests.dll at Library/ScriptAssemblies/Unity.ScriptableBuildPipeline.Editor.Tests.dll not valid. Loading of assembly skipped.
Assembly Unity.ScriptableBuildPipeline.Tests.dll at Library/ScriptAssemblies/Unity.ScriptableBuildPipeline.Tests.dll not valid. Loading of assembly skipped.
Assembly Unity.ScriptableBuildPipelineTests.Runtime.Tests.dll at Library/ScriptAssemblies/Unity.ScriptableBuildPipelineTests.Runtime.Tests.dll not valid. Loading of assembly skipped.
Assembly Unity.Searcher.EditorTests.dll at Library/ScriptAssemblies/Unity.Searcher.EditorTests.dll not valid. Loading of assembly skipped.
Assembly Unity.Serialization.Tests.dll at Library/ScriptAssemblies/Unity.Serialization.Tests.dll not valid. Loading of assembly skipped.
Assembly Unity.Settings.Tests.dll at Library/ScriptAssemblies/Unity.Settings.Tests.dll not valid. Loading of assembly skipped.
Assembly Unity.ShaderGraph.Editor.Tests.dll at Library/ScriptAssemblies/Unity.ShaderGraph.Editor.Tests.dll not valid. Loading of assembly skipped.
Assembly Unity.SharpZipLib.Editor.Tests.dll at Library/ScriptAssemblies/Unity.SharpZipLib.Editor.Tests.dll not valid. Loading of assembly skipped.
Assembly Unity.SharpZipLib.Tests.dll at Library/ScriptAssemblies/Unity.SharpZipLib.Tests.dll not valid. Loading of assembly skipped.
Assembly Unity.TextMeshPro.Editor.Tests.dll at Library/ScriptAssemblies/Unity.TextMeshPro.Editor.Tests.dll not valid. Loading of assembly skipped.
Assembly Unity.TextMeshPro.Tests.dll at Library/ScriptAssemblies/Unity.TextMeshPro.Tests.dll not valid. Loading of assembly skipped.
Assembly Unity.Transforms.Hybrid.Tests.dll at Library/ScriptAssemblies/Unity.Transforms.Hybrid.Tests.dll not valid. Loading of assembly skipped.
Assembly Unity.Transforms.PerformanceTests.dll at Library/ScriptAssemblies/Unity.Transforms.PerformanceTests.dll not valid. Loading of assembly skipped.
Assembly Unity.Transforms.Tests.dll at Library/ScriptAssemblies/Unity.Transforms.Tests.dll not valid. Loading of assembly skipped.
Assembly Unity.UnifiedRayTracing.Editor.Tests.dll at Library/ScriptAssemblies/Unity.UnifiedRayTracing.Editor.Tests.dll not valid. Loading of assembly skipped.
Assembly UnityEditor.UI.Common.Tests.dll at Library/ScriptAssemblies/UnityEditor.UI.Common.Tests.dll not valid. Loading of assembly skipped.
Assembly UnityEditor.UI.EditorTests.dll at Library/ScriptAssemblies/UnityEditor.UI.EditorTests.dll not valid. Loading of assembly skipped.
Assembly UnityEngine.UI.Tests.dll at Library/ScriptAssemblies/UnityEngine.UI.Tests.dll not valid. Loading of assembly skipped.
Begin MonoManager ReloadAssembly
Total cache size 268319600
Total cache size after purge 268319600, took 00:00:01.3945427
[Licensing::Client] Successfully resolved entitlement details
Assembly DocCodeExamples.dll at Library/ScriptAssemblies/DocCodeExamples.dll not valid. Loading of assembly skipped.
Assembly DocCodeSamples.dll at Library/ScriptAssemblies/DocCodeSamples.dll not valid. Loading of assembly skipped.
Assembly Hecton8.EditModeTests.dll at Library/ScriptAssemblies/Hecton8.EditModeTests.dll not valid. Loading of assembly skipped.
Assembly Hecton8.PlayModeTests.dll at Library/ScriptAssemblies/Hecton8.PlayModeTests.dll not valid. Loading of assembly skipped.
Assembly MockTests.dll at Library/ScriptAssemblies/MockTests.dll not valid. Loading of assembly skipped.
Assembly TestNewCustomAssembly.dll at Library/ScriptAssemblies/TestNewCustomAssembly.dll not valid. Loading of assembly skipped.
Assembly TypeDependencyCacheTestAssembly.dll at Library/ScriptAssemblies/TypeDependencyCacheTestAssembly.dll not valid. Loading of assembly skipped.
Assembly Unity.2D.Sprite.Package.EditorTests.dll at Library/ScriptAssemblies/Unity.2D.Sprite.Package.EditorTests.dll not valid. Loading of assembly skipped.
Assembly Unity.Burst.Tests.dll at Library/ScriptAssemblies/Unity.Burst.Tests.dll not valid. Loading of assembly skipped.
Assembly Unity.Collections.BurstCompatibilityGen.dll at Library/ScriptAssemblies/Unity.Collections.BurstCompatibilityGen.dll not valid. Loading of assembly skipped.
Assembly Unity.Collections.DocCodeSamples.dll at Library/ScriptAssemblies/Unity.Collections.DocCodeSamples.dll not valid. Loading of assembly skipped.
Assembly Unity.Collections.PerformanceTests.dll at Library/ScriptAssemblies/Unity.Collections.PerformanceTests.dll not valid. Loading of assembly skipped.
Assembly Unity.Collections.Tests.dll at Library/ScriptAssemblies/Unity.Collections.Tests.dll not valid. Loading of assembly skipped.
Assembly Unity.Collections.Tests.Playmode.dll at Library/ScriptAssemblies/Unity.Collections.Tests.Playmode.dll not valid. Loading of assembly skipped.
Assembly Unity.Entities.CodeGen.Tests.dll at Library/ScriptAssemblies/Unity.Entities.CodeGen.Tests.dll not valid. Loading of assembly skipped.
Assembly Unity.Entities.ContentDelivery.Tests.dll at Library/ScriptAssemblies/Unity.Entities.ContentDelivery.Tests.dll not valid. Loading of assembly skipped.
Assembly Unity.Entities.Editor.PerformanceTests.dll at Library/ScriptAssemblies/Unity.Entities.Editor.PerformanceTests.dll not valid. Loading of assembly skipped.
Assembly Unity.Entities.Editor.Tests.dll at Library/ScriptAssemblies/Unity.Entities.Editor.Tests.dll not valid. Loading of assembly skipped.
Assembly Unity.Entities.Hybrid.EndToEnd.Tests.dll at Library/ScriptAssemblies/Unity.Entities.Hybrid.EndToEnd.Tests.dll not valid. Loading of assembly skipped.
Assembly Unity.Entities.Hybrid.PerformanceTests.dll at Library/ScriptAssemblies/Unity.Entities.Hybrid.PerformanceTests.dll not valid. Loading of assembly skipped.
Assembly Unity.Entities.Hybrid.Tests.dll at Library/ScriptAssemblies/Unity.Entities.Hybrid.Tests.dll not valid. Loading of assembly skipped.
Assembly Unity.Entities.Hybrid.Tests.ExcludedAssembly.dll at Library/ScriptAssemblies/Unity.Entities.Hybrid.Tests.ExcludedAssembly.dll not valid. Loading of assembly skipped.
Assembly Unity.Entities.Hybrid.Tests.SeparateAssembly.dll at Library/ScriptAssemblies/Unity.Entities.Hybrid.Tests.SeparateAssembly.dll not valid. Loading of assembly skipped.
Assembly Unity.Entities.PerformanceTests.dll at Library/ScriptAssemblies/Unity.Entities.PerformanceTests.dll not valid. Loading of assembly skipped.
Assembly Unity.Entities.TestComponents.dll at Library/ScriptAssemblies/Unity.Entities.TestComponents.dll not valid. Loading of assembly skipped.
Assembly Unity.Entities.Tests.dll at Library/ScriptAssemblies/Unity.Entities.Tests.dll not valid. Loading of assembly skipped.
Assembly Unity.Entities.Tests.InAnotherAssembly.dll at Library/ScriptAssemblies/Unity.Entities.Tests.InAnotherAssembly.dll not valid. Loading of assembly skipped.
Assembly Unity.Entities.Tests.InAnotherEmptyAssembly.dll at Library/ScriptAssemblies/Unity.Entities.Tests.InAnotherEmptyAssembly.dll not valid. Loading of assembly skipped.
Assembly Unity.InputSystem.IntegrationTests.dll at Library/ScriptAssemblies/Unity.InputSystem.IntegrationTests.dll not valid. Loading of assembly skipped.
Assembly Unity.Mathematics.Extensions.Tests.dll at Library/ScriptAssemblies/Unity.Mathematics.Extensions.Tests.dll not valid. Loading of assembly skipped.
Assembly Unity.Mathematics.Tests.dll at Library/ScriptAssemblies/Unity.Mathematics.Tests.dll not valid. Loading of assembly skipped.
Assembly Unity.Multiplayer.Center.Editor.Tests.dll at Library/ScriptAssemblies/Unity.Multiplayer.Center.Editor.Tests.dll not valid. Loading of assembly skipped.
Assembly Unity.Multiplayer.Center.Tests.dll at Library/ScriptAssemblies/Unity.Multiplayer.Center.Tests.dll not valid. Loading of assembly skipped.
Assembly Unity.Nuget.Mono-Cecil.dll at Library/ScriptAssemblies/Unity.Nuget.Mono-Cecil.dll not valid. Loading of assembly skipped.
Assembly Unity.PathTracing.Editor.Tests.dll at Library/ScriptAssemblies/Unity.PathTracing.Editor.Tests.dll not valid. Loading of assembly skipped.
Assembly Unity.PathTracing.Runtime.Tests.dll at Library/ScriptAssemblies/Unity.PathTracing.Runtime.Tests.dll not valid. Loading of assembly skipped.
Assembly Unity.Properties.CodeGen.IntegrationTests.DependencyA.dll at Library/ScriptAssemblies/Unity.Properties.CodeGen.IntegrationTests.DependencyA.dll not valid. Loading of assembly skipped.
Assembly Unity.Properties.CodeGen.IntegrationTests.DependencyB.dll at Library/ScriptAssemblies/Unity.Properties.CodeGen.IntegrationTests.DependencyB.dll not valid. Loading of assembly skipped.
Assembly Unity.Properties.CodeGen.IntegrationTests.DependencyC.dll at Library/ScriptAssemblies/Unity.Properties.CodeGen.IntegrationTests.DependencyC.dll not valid. Loading of assembly skipped.
Assembly Unity.Properties.CodeGen.IntegrationTests.dll at Library/ScriptAssemblies/Unity.Properties.CodeGen.IntegrationTests.dll not valid. Loading of assembly skipped.
Assembly Unity.Properties.CodeGen.UntaggedAssemblyTests.dll at Library/ScriptAssemblies/Unity.Properties.CodeGen.UntaggedAssemblyTests.dll not valid. Loading of assembly skipped.
Assembly Unity.Properties.dll at Library/ScriptAssemblies/Unity.Properties.dll not valid. Loading of assembly skipped.
Assembly Unity.Properties.PerformanceTests.dll at Library/ScriptAssemblies/Unity.Properties.PerformanceTests.dll not valid. Loading of assembly skipped.
Assembly Unity.Properties.Reflection.Tests.dll at Library/ScriptAssemblies/Unity.Properties.Reflection.Tests.dll not valid. Loading of assembly skipped.
Assembly Unity.Properties.Tests.dll at Library/ScriptAssemblies/Unity.Properties.Tests.dll not valid. Loading of assembly skipped.
Assembly Unity.RenderPipelines.Core.Editor.Tests.dll at Library/ScriptAssemblies/Unity.RenderPipelines.Core.Editor.Tests.dll not valid. Loading of assembly skipped.
Assembly Unity.RenderPipelines.Core.Runtime.Tests.dll at Library/ScriptAssemblies/Unity.RenderPipelines.Core.Runtime.Tests.dll not valid. Loading of assembly skipped.
Assembly Unity.RenderPipelines.Universal.Config.Editor.Tests.dll at Library/ScriptAssemblies/Unity.RenderPipelines.Universal.Config.Editor.Tests.dll not valid. Loading of assembly skipped.
Assembly Unity.RenderPipelines.Universal.Editor.Tests.dll at Library/ScriptAssemblies/Unity.RenderPipelines.Universal.Editor.Tests.dll not valid. Loading of assembly skipped.
Assembly Unity.RenderPipelines.Universal.Runtime.Tests.dll at Library/ScriptAssemblies/Unity.RenderPipelines.Universal.Runtime.Tests.dll not valid. Loading of assembly skipped.
Assembly Unity.Scenes.Editor.PerformanceTests.dll at Library/ScriptAssemblies/Unity.Scenes.Editor.PerformanceTests.dll not valid. Loading of assembly skipped.
Assembly Unity.Scenes.Editor.Tests.dll at Library/ScriptAssemblies/Unity.Scenes.Editor.Tests.dll not valid. Loading of assembly skipped.
Assembly Unity.Scenes.Hybrid.Tests.dll at Library/ScriptAssemblies/Unity.Scenes.Hybrid.Tests.dll not valid. Loading of assembly skipped.
Assembly Unity.Scenes.Hybrid.Tests.Editmode.Content.dll at Library/ScriptAssemblies/Unity.Scenes.Hybrid.Tests.Editmode.Content.dll not valid. Loading of assembly skipped.
Assembly Unity.Scenes.Hybrid.Tests.Playmode.dll at Library/ScriptAssemblies/Unity.Scenes.Hybrid.Tests.Playmode.dll not valid. Loading of assembly skipped.
Assembly Unity.Scenes.PerformanceTests.dll at Library/ScriptAssemblies/Unity.Scenes.PerformanceTests.dll not valid. Loading of assembly skipped.
Assembly Unity.Scenes.Tests.dll at Library/ScriptAssemblies/Unity.Scenes.Tests.dll not valid. Loading of assembly skipped.
Assembly Unity.ScriptableBuildPipeline.Editor.Tests.dll at Library/ScriptAssemblies/Unity.ScriptableBuildPipeline.Editor.Tests.dll not valid. Loading of assembly skipped.
Assembly Unity.ScriptableBuildPipeline.Tests.dll at Library/ScriptAssemblies/Unity.ScriptableBuildPipeline.Tests.dll not valid. Loading of assembly skipped.
Assembly Unity.ScriptableBuildPipelineTests.Runtime.Tests.dll at Library/ScriptAssemblies/Unity.ScriptableBuildPipelineTests.Runtime.Tests.dll not valid. Loading of assembly skipped.
Assembly Unity.Searcher.EditorTests.dll at Library/ScriptAssemblies/Unity.Searcher.EditorTests.dll not valid. Loading of assembly skipped.
Assembly Unity.Serialization.Tests.dll at Library/ScriptAssemblies/Unity.Serialization.Tests.dll not valid. Loading of assembly skipped.
Assembly Unity.Settings.Tests.dll at Library/ScriptAssemblies/Unity.Settings.Tests.dll not valid. Loading of assembly skipped.
Assembly Unity.ShaderGraph.Editor.Tests.dll at Library/ScriptAssemblies/Unity.ShaderGraph.Editor.Tests.dll not valid. Loading of assembly skipped.
Assembly Unity.SharpZipLib.Editor.Tests.dll at Library/ScriptAssemblies/Unity.SharpZipLib.Editor.Tests.dll not valid. Loading of assembly skipped.
Assembly Unity.SharpZipLib.Tests.dll at Library/ScriptAssemblies/Unity.SharpZipLib.Tests.dll not valid. Loading of assembly skipped.
Assembly Unity.TextMeshPro.Editor.Tests.dll at Library/ScriptAssemblies/Unity.TextMeshPro.Editor.Tests.dll not valid. Loading of assembly skipped.
Assembly Unity.TextMeshPro.Tests.dll at Library/ScriptAssemblies/Unity.TextMeshPro.Tests.dll not valid. Loading of assembly skipped.
Assembly Unity.Transforms.Hybrid.Tests.dll at Library/ScriptAssemblies/Unity.Transforms.Hybrid.Tests.dll not valid. Loading of assembly skipped.
Assembly Unity.Transforms.PerformanceTests.dll at Library/ScriptAssemblies/Unity.Transforms.PerformanceTests.dll not valid. Loading of assembly skipped.
Assembly Unity.Transforms.Tests.dll at Library/ScriptAssemblies/Unity.Transforms.Tests.dll not valid. Loading of assembly skipped.
Assembly Unity.UnifiedRayTracing.Editor.Tests.dll at Library/ScriptAssemblies/Unity.UnifiedRayTracing.Editor.Tests.dll not valid. Loading of assembly skipped.
Assembly UnityEditor.UI.Common.Tests.dll at Library/ScriptAssemblies/UnityEditor.UI.Common.Tests.dll not valid. Loading of assembly skipped.
Assembly UnityEditor.UI.EditorTests.dll at Library/ScriptAssemblies/UnityEditor.UI.EditorTests.dll not valid. Loading of assembly skipped.
Assembly UnityEngine.UI.Tests.dll at Library/ScriptAssemblies/UnityEngine.UI.Tests.dll not valid. Loading of assembly skipped.
Symbol file LoadedFromMemory is not a mono symbol file
Refreshing native plugins compatible for Editor in 12.93 ms, found 31 plugins.
Native extension for WindowsStandalone target not found
[MODES] ModeService[none].Initialize
[MODES] ModeService[none].LoadModes
GetVirtualKey: Could not map char: z (122) to any virtual key
GetVirtualKey: Could not map char: y (121) to any virtual key
GetVirtualKey: Could not map char: x (120) to any virtual key
GetVirtualKey: Could not map char: c (99) to any virtual key
GetVirtualKey: Could not map char: v (118) to any virtual key
GetVirtualKey: Could not map char: V (86) to any virtual key
GetVirtualKey: Could not map char: d (100) to any virtual key
GetVirtualKey: Could not map char: f (102) to any virtual key
GetVirtualKey: Could not map char: f (102) to any virtual key
GetVirtualKey: Could not map char: a (97) to any virtual key
GetVirtualKey: Could not map char: d (100) to any virtual key
GetVirtualKey: Could not map char: c (99) to any virtual key
GetVirtualKey: Could not map char: r (114) to any virtual key
GetVirtualKey: Could not map char: i (105) to any virtual key
GetVirtualKey: Could not map char: b (98) to any virtual key
GetVirtualKey: Could not map char: l (108) to any virtual key
GetVirtualKey: Could not map char: s (115) to any virtual key
GetVirtualKey: Could not map char: u (117) to any virtual key
GetVirtualKey: Could not map char: l (108) to any virtual key
GetVirtualKey: Could not map char: f (102) to any virtual key
GetVirtualKey: Could not map char: k (107) to any virtual key
GetVirtualKey: Could not map char: p (112) to any virtual key
GetVirtualKey: Could not map char: p (112) to any virtual key
GetVirtualKey: Could not map char: p (112) to any virtual key
GetVirtualKey: Could not map char: c (99) to any virtual key
GetVirtualKey: Could not map char: r (114) to any virtual key
GetVirtualKey: Could not map char: P (80) to any virtual key
GetVirtualKey: Could not map char: n (110) to any virtual key
GetVirtualKey: Could not map char: n (110) to any virtual key
GetVirtualKey: Could not map char: g (103) to any virtual key
GetVirtualKey: Could not map char: G (71) to any virtual key
GetVirtualKey: Could not map char: f (102) to any virtual key
GetVirtualKey: Could not map char: f (102) to any virtual key
GetVirtualKey: Could not map char: a (97) to any virtual key
GetVirtualKey: Could not map char: a (97) to any virtual key
GetVirtualKey: Could not map char: k (107) to any virtual key
GetVirtualKey: Could not map char: g (103) to any virtual key
GetVirtualKey: Could not map char: l (108) to any virtual key
GetVirtualKey: Could not map char: p (112) to any virtual key
GetVirtualKey: Could not map char: K (75) to any virtual key
GetVirtualKey: Could not map char: G (71) to any virtual key
GetVirtualKey: Could not map char: L (76) to any virtual key
GetVirtualKey: Could not map char: R (82) to any virtual key
GetVirtualKey: Could not map char: G (71) to any virtual key
GetVirtualKey: Could not map char: X (88) to any virtual key
GetVirtualKey: Could not map char: E (69) to any virtual key
GetVirtualKey: Could not map char: N (78) to any virtual key
GetVirtualKey: Could not map char: U (85) to any virtual key
GetVirtualKey: Could not map char: E (69) to any virtual key
GetVirtualKey: Could not map char: S (83) to any virtual key
GetVirtualKey: Could not map char: X (88) to any virtual key
GetVirtualKey: Could not map char: V (86) to any virtual key
GetVirtualKey: Could not map char: m (109) to any virtual key
GetVirtualKey: Could not map char: c (99) to any virtual key
GetVirtualKey: Could not map char: u (117) to any virtual key
GetVirtualKey: Could not map char: n (110) to any virtual key
GetVirtualKey: Could not map char: o (111) to any virtual key
GetVirtualKey: Could not map char: s (115) to any virtual key
GetVirtualKey: Could not map char: s (115) to any virtual key
GetVirtualKey: Could not map char: b (98) to any virtual key
GetVirtualKey: Could not map char: b (98) to any virtual key
GetVirtualKey: Could not map char: m (109) to any virtual key
GetVirtualKey: Could not map char: p (112) to any virtual key
TypeManager.Initialize took: 425ms
ScheduleIndexationOnStartup MainProcess:True IndexOnStartup:True
Mono: successfully reloaded assembly
- Finished resetting the current domain, in 17.026 seconds
Domain Reload Profiling: 23192ms
	BeginReloadAssembly (3881ms)
		ExecutionOrderSort (3ms)
		DisableScriptedObjects (806ms)
		ReleaseScriptingObjects (9ms)
		CreateAndSetChildDomain (1831ms)
	RebuildCommonClasses (171ms)
	RebuildNativeTypeToScriptingClass (45ms)
	initialDomainReloadingComplete (263ms)
	LoadAllAssembliesAndSetupDomain (1804ms)
		LoadAssemblies (547ms)
		AnalyzeDomain (1528ms)
			TypeCache.Refresh (30ms)
			BuildScriptInfoCaches (1382ms)
			ResolveRequiredComponents (107ms)
	FinalizeReload (17027ms)
		SetupLoadedEditorAssemblies (0ms)
			InitializePlatformSupportModulesInManaged (38ms)
			BeforeProcessingInitializeOnLoad (1342ms)
			ProcessInitializeOnLoadAttributes (6409ms)
			ProcessInitializeOnLoadMethodAttributes (1792ms)
			AfterProcessingInitializeOnLoad (17ms)
			EditorAssembliesLoaded (6ms)
		ExecutionOrderSort2 (3ms)
		AwakeInstancesAfterBackupRestoration (2991ms)
(Values over 0.050ms)
Asset Pipeline Refresh (id=54f760441035ddd4e8f69db157c5f509): Total: 24.172 seconds - Initiated by StopAssetImportingV2(ForceSynchronousImport | ForceDomainReload)
	Summary:
		Imports: total=0 (actual=0, local cache=0, cache server=0)
		Asset DB Process Time: managed=0 ms, native=17688 ms
		Asset DB Callback time: managed=85 ms, native=1 ms
		Scripting: domain reloads=1, domain reload time=6389 ms, compile time=6 ms, other=0 ms
		Project Asset Count: scripts=3458, non-scripts=11388
		Asset File Changes: new=0, changed=0, moved=0, deleted=0
		Scan Filter Count: 0
	InvokePackagesCallback: 5.261ms
	ApplyChangesToAssetFolders: 0.962ms
	ProcessAssetsWithTransientArtifactChanges: 25.950ms
	CategorizeAssets: 434.642ms
	CompileScripts: 5.867ms
	ImportOutOfDateAssets: 17089.832ms (17078.257ms without children)
		CollectScriptTypesHashes: 4.622ms
		ReloadNativeAssets: 5.814ms
		EnsureUptoDateAssetsAreRegisteredWithGuidPM: 3.875ms
		OnDemandSchedulerStart: 1.671ms
	PostProcessAllAssets: 85.087ms
		MonoPostProcessAllAssets: 85.076ms
			TextureArrayPreProcessor.OnPostprocessAllAssets 565.754ms
			UniversalRenderPipelineGlobalSettingsPostprocessor.OnPostprocessAllAssets 25.343ms
			SyncVS.PostprocessSyncProject 21.227ms
			AssetChangedListener.OnPostprocessAllAssets 19.583ms
			SceneAssetPostProcessor.OnPostprocessAllAssets 11.984ms
			BuilderAssetPostprocessor.OnPostprocessAllAssets 10.703ms
			ShaderGraphAssetPostProcessor.OnPostprocessAllAssets 7.766ms
			SpriteEditorTexturePostprocessor.OnPostprocessAllAssets 4.897ms
			WindowAssetPostprocessingWatcher.OnPostprocessAllAssets 4.368ms
			RetainedModeAssetPostprocessor.OnPostprocessAllAssets 3.097ms
			SpeedTree9Postprocessor.OnPostprocessAllAssets 2.337ms
			AssetPostProcessor.OnPostprocessAllAssets 2.052ms
			UtilityWindowPostProcessor.OnPostprocessAllAssets 1.627ms
			RenderPipelineGlobalSettingsPostprocessor.OnPostprocessAllAssets 1.551ms
			TMPro_TexturePostProcessor.OnPostprocessAllAssets 1.513ms
			ArtifactBrowserPostProcessor.OnPostprocessAllAssets 1.511ms
			MaterialPostprocessor.OnPostprocessAllAssets 1.415ms
			InputActionJsonNameModifierAssetProcessor.OnPostprocessAllAssets 1.366ms
			TextAssetPostProcessor.OnPostprocessAllAssets 1.263ms
			MatrixAssetTexturePostprocessor.OnPostprocessAllAssets 0.909ms
			TemplatePostProcessor.OnPostprocessAllAssets 0.817ms
			SamplePostprocessor.OnPostprocessAllAssets 0.813ms
			AudioMixerPostprocessor.OnPostprocessAllAssets 0.798ms
			StyleCatalogPostProcessor.OnPostprocessAllAssets 0.787ms
			UVCSAssetPostprocessor.OnPostprocessAllAssets 0.734ms
			PostProcessor.OnPostprocessAllAssets 0.732ms
			AssetEvents.OnPostprocessAllAssets 0.683ms
			AssetPostprocessor.OnPostprocessAllAssets 0.639ms
			ReferencedClipsPostProcessor.OnPostprocessAllAssets 0.554ms
			InputActionAssetPostprocessor.OnPostprocessAllAssets 0.547ms
			SpeedTreePostProcessor.OnPostprocessAllAssets 0.524ms
			ConfigAssetsTracker.OnPostprocessAllAssets 0.360ms
			AudioContainerPostProcessor.OnPostprocessAllAssets 0.351ms
			TerrainToolbarOverlayPostProcessor.OnPostprocessAllAssets 0.327ms
			ScenarioDriftAssetsTracker.OnPostprocessAllAssets 0.326ms
			ProjectSettingsPostprocessor.OnPostprocessAllAssets 0.309ms
			AssetDatabaseCallbacks.OnPostprocessAllAssets 0.302ms
	GatherAllCurrentPrimaryImportResultRevisions: 2.942ms
	UnloadStreamsBegin: 0.397ms
	PersistCurrentRevisions: 0.983ms
	GenerateScriptTypeHashes: 37.034ms
	GenerateScriptTypeSerializationHashes: 51.231ms
	Untracked: 6509.703ms

Unloading 0 Unused Serialized files (Serialized files now loaded: 0)
<b><color=#cc7a00>MCP-FOR-UNITY</color></b>: [WebSocket] Receive loop error: The remote party closed the WebSocket connection without completing the close handshake.
UnityEngine.Debug:ExtractStackTraceNoAlloc (byte*,int,string)
UnityEngine.StackTraceUtility:ExtractStackTrace ()
UnityEngine.DebugLogHandler:Internal_Log (UnityEngine.LogType,UnityEngine.LogOption,string,UnityEngine.Object)
UnityEngine.DebugLogHandler:LogFormat (UnityEngine.LogType,UnityEngine.Object,string,object[])
UnityEngine.Logger:Log (UnityEngine.LogType,object)
UnityEngine.Debug:LogWarning (object)
MCPForUnity.Editor.Helpers.McpLog:Warn (string) (at ./Library/PackageCache/com.coplaydev.unity-mcp@d6e58c68cf4b/Editor/Helpers/McpLog.cs:45)
MCPForUnity.Editor.Services.Transport.Transports.WebSocketTransportClient/<ReceiveLoopAsync>d__41:MoveNext () (at ./Library/PackageCache/com.coplaydev.unity-mcp@d6e58c68cf4b/Editor/Services/Transport/Transports/WebSocketTransportClient.cs:398)
System.Runtime.CompilerServices.AsyncMethodBuilderCore/MoveNextRunner:InvokeMoveNext (object)
System.Threading.ExecutionContext:RunInternal (System.Threading.ExecutionContext,System.Threading.ContextCallback,object,bool)
System.Threading.ExecutionContext:Run (System.Threading.ExecutionContext,System.Threading.ContextCallback,object,bool)
System.Runtime.CompilerServices.AsyncMethodBuilderCore/MoveNextRunner:Run ()
System.Threading.Tasks.AwaitTaskContinuation:RunOrScheduleAction (System.Action,bool,System.Threading.Tasks.Task&)
System.Threading.Tasks.Task:FinishContinuations ()
System.Threading.Tasks.Task:FinishStageThree ()
System.Threading.Tasks.Task`1<System.Threading.Tasks.VoidTaskResult>:TrySetResult (System.Threading.Tasks.VoidTaskResult)
System.Runtime.CompilerServices.AsyncTaskMethodBuilder`1<System.Threading.Tasks.VoidTaskResult>:SetResult (System.Threading.Tasks.VoidTaskResult)
System.Runtime.CompilerServices.AsyncTaskMethodBuilder`1<System.Threading.Tasks.VoidTaskResult>:SetResult (System.Threading.Tasks.Task`1<System.Threading.Tasks.VoidTaskResult>)
System.Runtime.CompilerServices.AsyncTaskMethodBuilder:SetResult ()
MCPForUnity.Editor.Services.Transport.Transports.WebSocketTransportClient/<HandleMessageAsync>d__43:MoveNext () (at ./Library/PackageCache/com.coplaydev.unity-mcp@d6e58c68cf4b/Editor/Services/Transport/Transports/WebSocketTransportClient.cs:491)
System.Runtime.CompilerServices.AsyncMethodBuilderCore/MoveNextRunner:InvokeMoveNext (object)
System.Threading.ExecutionContext:RunInternal (System.Threading.ExecutionContext,System.Threading.ContextCallback,object,bool)
System.Threading.ExecutionContext:Run (System.Threading.ExecutionContext,System.Threading.ContextCallback,object,bool)
System.Runtime.CompilerServices.AsyncMethodBuilderCore/MoveNextRunner:Run ()
System.Threading.Tasks.AwaitTaskContinuation:RunOrScheduleAction (System.Action,bool,System.Threading.Tasks.Task&)
System.Threading.Tasks.Task:FinishContinuations ()
System.Threading.Tasks.Task:FinishStageThree ()
System.Threading.Tasks.Task`1<System.Threading.Tasks.VoidTaskResult>:TrySetResult (System.Threading.Tasks.VoidTaskResult)
System.Runtime.CompilerServices.AsyncTaskMethodBuilder`1<System.Threading.Tasks.VoidTaskResult>:SetResult (System.Threading.Tasks.VoidTaskResult)
System.Runtime.CompilerServices.AsyncTaskMethodBuilder`1<System.Threading.Tasks.VoidTaskResult>:SetResult (System.Threading.Tasks.Task`1<System.Threading.Tasks.VoidTaskResult>)
System.Runtime.CompilerServices.AsyncTaskMethodBuilder:SetResult ()
MCPForUnity.Editor.Services.Transport.Transports.WebSocketTransportClient/<HandleRegisteredAsync>d__45:MoveNext () (at ./Library/PackageCache/com.coplaydev.unity-mcp@d6e58c68cf4b/Editor/Services/Transport/Transports/WebSocketTransportClient.cs:523)
System.Runtime.CompilerServices.AsyncMethodBuilderCore/MoveNextRunner:InvokeMoveNext (object)
System.Threading.ExecutionContext:RunInternal (System.Threading.ExecutionContext,System.Threading.ContextCallback,object,bool)
System.Threading.ExecutionContext:Run (System.Threading.ExecutionContext,System.Threading.ContextCallback,object,bool)
System.Runtime.CompilerServices.AsyncMethodBuilderCore/MoveNextRunner:Run ()
System.Threading.Tasks.AwaitTaskContinuation:RunOrScheduleAction (System.Action,bool,System.Threading.Tasks.Task&)
System.Threading.Tasks.Task:FinishContinuations ()
System.Threading.Tasks.Task:FinishStageThree ()
System.Threading.Tasks.Task`1<System.Threading.Tasks.VoidTaskResult>:TrySetResult (System.Threading.Tasks.VoidTaskResult)
System.Runtime.CompilerServices.AsyncTaskMethodBuilder`1<System.Threading.Tasks.VoidTaskResult>:SetResult (System.Threading.Tasks.VoidTaskResult)
System.Runtime.CompilerServices.AsyncTaskMethodBuilder`1<System.Threading.Tasks.VoidTaskResult>:SetResult (System.Threading.Tasks.Task`1<System.Threading.Tasks.VoidTaskResult>)
System.Runtime.CompilerServices.AsyncTaskMethodBuilder:SetResult ()
MCPForUnity.Editor.Services.Transport.Transports.WebSocketTransportClient/<SendRegisterToolsAsync>d__46:MoveNext () (at ./Library/PackageCache/com.coplaydev.unity-mcp@d6e58c68cf4b/Editor/Services/Transport/Transports/WebSocketTransportClient.cs:575)
System.Runtime.CompilerServices.AsyncMethodBuilderCore/MoveNextRunner:InvokeMoveNext (object)
System.Threading.ExecutionContext:RunInternal (System.Threading.ExecutionContext,System.Threading.ContextCallback,object,bool)
System.Threading.ExecutionContext:Run (System.Threading.ExecutionContext,System.Threading.ContextCallback,object,bool)
System.Runtime.CompilerServices.AsyncMethodBuilderCore/MoveNextRunner:Run ()
System.Threading.Tasks.AwaitTaskContinuation:System.Threading.IThreadPoolWorkItem.ExecuteWorkItem ()
System.Threading.ThreadPoolWorkQueue:Dispatch ()
System.Threading._ThreadPoolWaitCallback:PerformWaitCallback ()

(Filename: ./Library/PackageCache/com.coplaydev.unity-mcp@d6e58c68cf4b/Editor/Helpers/McpLog.cs Line: 45)

<b><color=#cc7a00>MCP-FOR-UNITY</color></b>: [WebSocket] Connection closed: The remote party closed the WebSocket connection without completing the close handshake.
UnityEngine.Debug:ExtractStackTraceNoAlloc (byte*,int,string)
UnityEngine.StackTraceUtility:ExtractStackTrace ()
UnityEngine.DebugLogHandler:Internal_Log (UnityEngine.LogType,UnityEngine.LogOption,string,UnityEngine.Object)
UnityEngine.DebugLogHandler:LogFormat (UnityEngine.LogType,UnityEngine.Object,string,object[])
UnityEngine.Logger:Log (UnityEngine.LogType,object)
UnityEngine.Debug:LogWarning (object)
MCPForUnity.Editor.Helpers.McpLog:Warn (string) (at ./Library/PackageCache/com.coplaydev.unity-mcp@d6e58c68cf4b/Editor/Helpers/McpLog.cs:45)
MCPForUnity.Editor.Services.Transport.Transports.WebSocketTransportClient/<HandleSocketClosureAsync>d__53:MoveNext () (at ./Library/PackageCache/com.coplaydev.unity-mcp@d6e58c68cf4b/Editor/Services/Transport/Transports/WebSocketTransportClient.cs:763)
System.Runtime.CompilerServices.AsyncTaskMethodBuilder:Start<MCPForUnity.Editor.Services.Transport.Transports.WebSocketTransportClient/<HandleSocketClosureAsync>d__53> (MCPForUnity.Editor.Services.Transport.Transports.WebSocketTransportClient/<HandleSocketClosureAsync>d__53&)
MCPForUnity.Editor.Services.Transport.Transports.WebSocketTransportClient:HandleSocketClosureAsync (string)
MCPForUnity.Editor.Services.Transport.Transports.WebSocketTransportClient/<ReceiveLoopAsync>d__41:MoveNext () (at ./Library/PackageCache/com.coplaydev.unity-mcp@d6e58c68cf4b/Editor/Services/Transport/Transports/WebSocketTransportClient.cs:399)
System.Runtime.CompilerServices.AsyncMethodBuilderCore/MoveNextRunner:InvokeMoveNext (object)
System.Threading.ExecutionContext:RunInternal (System.Threading.ExecutionContext,System.Threading.ContextCallback,object,bool)
System.Threading.ExecutionContext:Run (System.Threading.ExecutionContext,System.Threading.ContextCallback,object,bool)
System.Runtime.CompilerServices.AsyncMethodBuilderCore/MoveNextRunner:Run ()
System.Threading.Tasks.AwaitTaskContinuation:RunOrScheduleAction (System.Action,bool,System.Threading.Tasks.Task&)
System.Threading.Tasks.Task:FinishContinuations ()
System.Threading.Tasks.Task:FinishStageThree ()
System.Threading.Tasks.Task`1<System.Threading.Tasks.VoidTaskResult>:TrySetResult (System.Threading.Tasks.VoidTaskResult)
System.Runtime.CompilerServices.AsyncTaskMethodBuilder`1<System.Threading.Tasks.VoidTaskResult>:SetResult (System.Threading.Tasks.VoidTaskResult)
System.Runtime.CompilerServices.AsyncTaskMethodBuilder`1<System.Threading.Tasks.VoidTaskResult>:SetResult (System.Threading.Tasks.Task`1<System.Threading.Tasks.VoidTaskResult>)
System.Runtime.CompilerServices.AsyncTaskMethodBuilder:SetResult ()
MCPForUnity.Editor.Services.Transport.Transports.WebSocketTransportClient/<HandleMessageAsync>d__43:MoveNext () (at ./Library/PackageCache/com.coplaydev.unity-mcp@d6e58c68cf4b/Editor/Services/Transport/Transports/WebSocketTransportClient.cs:491)
System.Runtime.CompilerServices.AsyncMethodBuilderCore/MoveNextRunner:InvokeMoveNext (object)
System.Threading.ExecutionContext:RunInternal (System.Threading.ExecutionContext,System.Threading.ContextCallback,object,bool)
System.Threading.ExecutionContext:Run (System.Threading.ExecutionContext,System.Threading.ContextCallback,object,bool)
System.Runtime.CompilerServices.AsyncMethodBuilderCore/MoveNextRunner:Run ()
System.Threading.Tasks.AwaitTaskContinuation:RunOrScheduleAction (System.Action,bool,System.Threading.Tasks.Task&)
System.Threading.Tasks.Task:FinishContinuations ()
System.Threading.Tasks.Task:FinishStageThree ()
System.Threading.Tasks.Task`1<System.Threading.Tasks.VoidTaskResult>:TrySetResult (System.Threading.Tasks.VoidTaskResult)
System.Runtime.CompilerServices.AsyncTaskMethodBuilder`1<System.Threading.Tasks.VoidTaskResult>:SetResult (System.Threading.Tasks.VoidTaskResult)
System.Runtime.CompilerServices.AsyncTaskMethodBuilder`1<System.Threading.Tasks.VoidTaskResult>:SetResult (System.Threading.Tasks.Task`1<System.Threading.Tasks.VoidTaskResult>)
System.Runtime.CompilerServices.AsyncTaskMethodBuilder:SetResult ()
MCPForUnity.Editor.Services.Transport.Transports.WebSocketTransportClient/<HandleRegisteredAsync>d__45:MoveNext () (at ./Library/PackageCache/com.coplaydev.unity-mcp@d6e58c68cf4b/Editor/Services/Transport/Transports/WebSocketTransportClient.cs:523)
System.Runtime.CompilerServices.AsyncMethodBuilderCore/MoveNextRunner:InvokeMoveNext (object)
System.Threading.ExecutionContext:RunInternal (System.Threading.ExecutionContext,System.Threading.ContextCallback,object,bool)
System.Threading.ExecutionContext:Run (System.Threading.ExecutionContext,System.Threading.ContextCallback,object,bool)
System.Runtime.CompilerServices.AsyncMethodBuilderCore/MoveNextRunner:Run ()
System.Threading.Tasks.AwaitTaskContinuation:RunOrScheduleAction (System.Action,bool,System.Threading.Tasks.Task&)
System.Threading.Tasks.Task:FinishContinuations ()
System.Threading.Tasks.Task:FinishStageThree ()
System.Threading.Tasks.Task`1<System.Threading.Tasks.VoidTaskResult>:TrySetResult (System.Threading.Tasks.VoidTaskResult)
System.Runtime.CompilerServices.AsyncTaskMethodBuilder`1<System.Threading.Tasks.VoidTaskResult>:SetResult (System.Threading.Tasks.VoidTaskResult)
System.Runtime.CompilerServices.AsyncTaskMethodBuilder`1<System.Threading.Tasks.VoidTaskResult>:SetResult (System.Threading.Tasks.Task`1<System.Threading.Tasks.VoidTaskResult>)
System.Runtime.CompilerServices.AsyncTaskMethodBuilder:SetResult ()
MCPForUnity.Editor.Services.Transport.Transports.WebSocketTransportClient/<SendRegisterToolsAsync>d__46:MoveNext () (at ./Library/PackageCache/com.coplaydev.unity-mcp@d6e58c68cf4b/Editor/Services/Transport/Transports/WebSocketTransportClient.cs:575)
System.Runtime.CompilerServices.AsyncMethodBuilderCore/MoveNextRunner:InvokeMoveNext (object)
System.Threading.ExecutionContext:RunInternal (System.Threading.ExecutionContext,System.Threading.ContextCallback,object,bool)
System.Threading.ExecutionContext:Run (System.Threading.ExecutionContext,System.Threading.ContextCallback,object,bool)
System.Runtime.CompilerServices.AsyncMethodBuilderCore/MoveNextRunner:Run ()
System.Threading.Tasks.AwaitTaskContinuation:System.Threading.IThreadPoolWorkItem.ExecuteWorkItem ()
System.Threading.ThreadPoolWorkQueue:Dispatch ()
System.Threading._ThreadPoolWaitCallback:PerformWaitCallback ()

(Filename: ./Library/PackageCache/com.coplaydev.unity-mcp@d6e58c68cf4b/Editor/Helpers/McpLog.cs Line: 45)

[Licensing::Client] Successfully resolved entitlement details
Asset Pipeline Refresh (id=1da7c0716af41c848997f3de0d819887): Total: 0.006 seconds - Initiated by StopAssetImportingV2(NoUpdateAssetOptions)
Asset Pipeline Refresh (id=73eb55e81b6665e48ba9ac984c789190): Total: 0.007 seconds - Initiated by StopAssetImportingV2(NoUpdateAssetOptions)
Asset Pipeline Refresh (id=fcd3afa295e5d3241b83b343b601b484): Total: 0.009 seconds - Initiated by StopAssetImportingV2(NoUpdateAssetOptions)
Asset Pipeline Refresh (id=21d151774e443eb419ad5e9516cedc54): Total: 0.007 seconds - Initiated by StopAssetImportingV2(NoUpdateAssetOptions)
Refreshing native plugins compatible for Editor in 12.49 ms, found 31 plugins.
[Licensing::Client] Successfully resolved entitlement details
Asset Pipeline Refresh (id=d01b66cbd0336aa47b57ce2142373ba2): Total: 0.051 seconds - Initiated by RefreshV2(NoUpdateAssetOptions)
Unloading 204 unused Assets / (29.1 KB). Loaded Objects now: 33749.
Memory consumption went from 1.52 GB to 1.52 GB.
Total: 213.173100 ms (FindLiveObjects: 8.647000 ms CreateObjectMapping: 6.438500 ms MarkObjects: 193.584800 ms  DeleteObjects: 4.499400 ms)

Start importing Assets/_Project/Art/Models/Rocks/Rock 4 - УНИВЕРСАЛЬНЫЙ ВЫБОР/Nordic_Beach_Rock_vbumba2fa_Mid.prefab using Guid(5797e495a63b69d48b4ddf0433b134d1) (PrefabImporter) -> (Import Result ID: 'c7eadfe0742a6e58c11186c7fd8be609') in 0.0088031 seconds [static and dynamic dependencies]. Details - ImportResultOutputID=37ed939dfc7a7783e2601a443f96561b DependenciesID=646e1438b7585fd668787762b708be7d StaticDependenciesID=4271228864ea738f33f3cf3786bd536c 
Refreshing native plugins compatible for Editor in 9.97 ms, found 31 plugins.
(Values over 0.050ms)
Asset Pipeline Refresh (id=cb93e4f759c4a9545adf54f6c6ce5ab3): Total: 0.657 seconds - Initiated by StopAssetImportingV2(NoUpdateAssetOptions)
	Summary:
		Imports: total=1 (actual=1, local cache=0, cache server=0)
		Asset DB Process Time: managed=2 ms, native=115 ms
		Asset DB Callback time: managed=507 ms, native=30 ms
		Scripting: domain reloads=0, domain reload time=0 ms, compile time=0 ms, other=0 ms
		Project Asset Count: scripts=3458, non-scripts=11388
		Asset File Changes: new=0, changed=1, moved=0, deleted=0
		Scan Filter Count: 7
	ApplyChangesToAssetFolders: 0.303ms
	Scan: 13.321ms
	OnSourceAssetsModified: 1.134ms
	ProcessAssetsWithTransientArtifactChanges: 0.145ms
	CategorizeAssets: 71.025ms
	ImportOutOfDateAssets: 18.415ms (1.030ms without children)
		ImportManagerImport: 12.138ms (2.667ms without children)
			UpdateCategorizedAssets: 0.054ms
		ReloadNativeAssets: 1.616ms
		UnloadImportedAssets: 0.235ms
		EnsureUptoDateAssetsAreRegisteredWithGuidPM: 2.203ms
		OnDemandSchedulerStart: 1.176ms
	PostProcessAllAssets: 511.627ms
		XRBuildSystem.XRAssetImported 9.147ms
		MonoPostProcessAllAssets: 502.009ms
			TextureArrayPreProcessor.OnPostprocessAllAssets 439.621ms
			AssetChangedListener.OnPostprocessAllAssets 10.874ms
			BuilderAssetPostprocessor.OnPostprocessAllAssets 10.576ms
			SceneAssetPostProcessor.OnPostprocessAllAssets 8.330ms
			SyncVS.PostprocessSyncProject 3.511ms
			ShaderGraphAssetPostProcessor.OnPostprocessAllAssets 3.335ms
			RetainedModeAssetPostprocessor.OnPostprocessAllAssets 2.742ms
			SpriteEditorTexturePostprocessor.OnPostprocessAllAssets 2.380ms
			ArtifactBrowserPostProcessor.OnPostprocessAllAssets 1.051ms
			MaterialPostprocessor.OnPostprocessAllAssets 1.002ms
			StyleCatalogPostProcessor.OnPostprocessAllAssets 0.902ms
			AudioMixerPostprocessor.OnPostprocessAllAssets 0.858ms
			TMPro_TexturePostProcessor.OnPostprocessAllAssets 0.810ms
			TextAssetPostProcessor.OnPostprocessAllAssets 0.777ms
			UtilityWindowPostProcessor.OnPostprocessAllAssets 0.745ms
			InputActionJsonNameModifierAssetProcessor.OnPostprocessAllAssets 0.705ms
			PostProcessor.OnPostprocessAllAssets 0.701ms
			AssetEvents.OnPostprocessAllAssets 0.692ms
			UVCSAssetPostprocessor.OnPostprocessAllAssets 0.666ms
			SamplePostprocessor.OnPostprocessAllAssets 0.535ms
			MatrixAssetTexturePostprocessor.OnPostprocessAllAssets 0.474ms
			TemplatePostProcessor.OnPostprocessAllAssets 0.446ms
			SpeedTreePostProcessor.OnPostprocessAllAssets 0.376ms
			RenderPipelineGlobalSettingsPostprocessor.OnPostprocessAllAssets 0.363ms
			ConfigAssetsTracker.OnPostprocessAllAssets 0.360ms
			InputActionAssetPostprocessor.OnPostprocessAllAssets 0.337ms
			ScenarioDriftAssetsTracker.OnPostprocessAllAssets 0.289ms
			AudioContainerPostProcessor.OnPostprocessAllAssets 0.185ms
	PostAssetChangesProfiler: 25.515ms
	GatherAllCurrentPrimaryImportResultRevisions: 1.270ms
	UnloadStreamsBegin: 0.292ms
	PersistCurrentRevisions: 0.690ms
	Untracked: 13.582ms

Start importing Assets/RealtimeCSG/RealtimeCSG/Plugins/Runtime/Resources/RealtimeCSG/Materials/Floor.mat using Guid(d8e10aad982fd9d439566c147abd457c) (NativeFormatImporter) -> (Import Result ID: '8ed3a38f25e21ac0c88865d302c617e8') in 0.0035241 seconds [static dependencies only]. Details - ImportResultOutputID=447d6ad00fa5c0a0c04449d4007dae9b DependenciesID=3ddaf997df70254cf0c6a54a3bb3e819 StaticDependenciesID=60127ef9bf7504c731cbba69c0b86481 
Start importing Assets/RealtimeCSG/RealtimeCSG/Plugins/Runtime/Resources/RealtimeCSG/Materials/Metal.mat using Guid(99b28120acbb32240b8c04d9e1fdb0a7) (NativeFormatImporter) -> (Import Result ID: '30f8cf0b24714565193c7da94724d60c') in 0.0035148 seconds [static dependencies only]. Details - ImportResultOutputID=4cbb807faa9dc4f6d5317d133e462af6 DependenciesID=dfc08f7aeb94fb671e92f6537a739026 StaticDependenciesID=937a200ad3d305f9520bc25f2c95a10d 
Start importing Assets/RealtimeCSG/RealtimeCSG/Plugins/Runtime/Resources/RealtimeCSG/Materials/Window.mat using Guid(b97ec88e269e0554980e460da975d229) (NativeFormatImporter) -> (Import Result ID: 'cba1cbabc8579bd3603ccea5dad68de4') in 0.0027432 seconds [static dependencies only]. Details - ImportResultOutputID=83b51d2e644f2fc33be9563ff53a6e5c DependenciesID=35d56b3a0e719d7d9256d8a2c5c5e3f4 StaticDependenciesID=36d45bc717c32ef8d55c2106d9f83a3f 
Start importing Assets/_Project/Art/Materials/Mat_HectonSky.mat using Guid(c94a1beef2372b8458941c2ed9d05d5e) (NativeFormatImporter) -> (Import Result ID: '0aca63a19d9fa3d0dd6a2a69d4d28d20') in 0.0028292 seconds [static dependencies only]. Details - ImportResultOutputID=4aea573fa343cc9e6db08fdf0e640cfd DependenciesID=2a529954826ab697f5fecec2e75640b2 StaticDependenciesID=82588ac24be2945b5c0ecaf7b60090e3 
Start importing Assets/RealtimeCSG/RealtimeCSG/Plugins/Runtime/Resources/RealtimeCSG/Materials/Wall.mat using Guid(ca37785d773692b47bd7339c9dd802ce) (NativeFormatImporter) -> (Import Result ID: 'a55ccba3b1ec5da89131a6023e82a21f') in 0.0025518 seconds [static dependencies only]. Details - ImportResultOutputID=75ebf6d979eee22f598d7005f5733004 DependenciesID=3b9df34b7fee399a5a83ae2f6fc2496e StaticDependenciesID=817a2c707ca964aa3f6ec9ac78cfc469 
Start importing Assets/Crest/Crest/Materials/Ocean.mat using Guid(9def92ac79181fe41b238e91663f0fad) (NativeFormatImporter) -> (Import Result ID: '67eaa27d9d8e3535fbf0f4d185c120cb') in 0.003321 seconds [static dependencies only]. Details - ImportResultOutputID=457dbdcbdab05d58f2ef2b70b9fb2383 DependenciesID=a18f7bb9c827ede5850d26f7d8d61ec4 StaticDependenciesID=77aae121596c0c89288cceb78d0eab19 
Start importing Assets/Crest/Crest/Materials/Ocean-Underwater.mat using Guid(ef94c26e44a36e24a9dcbc5995a2bed1) (NativeFormatImporter) -> (Import Result ID: '956befdeee07164828986ba4e6265e7c') in 0.0029072 seconds [static dependencies only]. Details - ImportResultOutputID=5e5485edb13698e01ba0f9fa47abd68f DependenciesID=825ced0285829804e3fc2a0a4f0603b2 StaticDependenciesID=6702a84421e4bc3b22423d28cf34cdb5 
Refreshing native plugins compatible for Editor in 6.01 ms, found 31 plugins.
Asset Pipeline Refresh (id=0dac17b24724ddc429cd32bab419aeb8): Total: 0.265 seconds - Initiated by StopAssetImportingV2(NoUpdateAssetOptions)
Asset Pipeline Refresh (id=e4a0bcba4e382dc4bb6b57d36c81c0ee): Total: 0.027 seconds - Initiated by RefreshV2(NoUpdateAssetOptions)
[Licensing::Client] Successfully resolved entitlement details
Start importing Assets/ScifiFacility/Models/structural/walls/wall_01_6x3_door.fbx using Guid(2de07c0fa3e512c4b96a868c9db0d342) (FBXImporter)Bakery: processing auto-unwrapped asset Assets/ScifiFacility/Models/structural/walls/wall_01_6x3_door.fbx
UnityEngine.Debug:ExtractStackTraceNoAlloc (byte*,int,string)
UnityEngine.StackTraceUtility:ExtractStackTrace ()
UnityEngine.DebugLogHandler:Internal_Log (UnityEngine.LogType,UnityEngine.LogOption,string,UnityEngine.Object)
UnityEngine.DebugLogHandler:LogFormat (UnityEngine.LogType,UnityEngine.Object,string,object[])
UnityEngine.Logger:Log (UnityEngine.LogType,object)
UnityEngine.Debug:Log (object)
ftModelPostProcessor:OnPostprocessModel (UnityEngine.GameObject) (at Assets/Editor/x64/Bakery/scripts/ftModelPostProcessor.cs:109)
System.Reflection.RuntimeMethodInfo:Invoke (object,System.Reflection.BindingFlags,System.Reflection.Binder,object[],System.Globalization.CultureInfo)
System.Reflection.MethodBase:Invoke (object,object[])
UnityEditor.AssetPostprocessingInternal:InvokeMethodIfAvailable (object,string,object[])
UnityEditor.AssetPostprocessingInternal:CallPostProcessMethods (string,object[])
UnityEditor.AssetPostprocessingInternal:PostprocessMesh (UnityEngine.GameObject)
UnityEditor.AssetDatabase:ImportAsset (string,UnityEditor.ImportAssetOptions)
UnityEditor.AssetDatabase:ImportAsset (string)
UnityEditor.AssetImporter:SaveAndReimport ()
MCPDynamicCode:Execute ()
System.Reflection.RuntimeMethodInfo:Invoke (object,System.Reflection.BindingFlags,System.Reflection.Binder,object[],System.Globalization.CultureInfo)
System.Reflection.MethodBase:Invoke (object,object[])
MCPForUnity.Editor.Tools.ExecuteCode:InvokeCompiled (System.Reflection.Assembly,string) (at ./Library/PackageCache/com.coplaydev.unity-mcp@d6e58c68cf4b/Editor/Tools/ExecuteCode.cs:240)
MCPForUnity.Editor.Tools.ExecuteCode:CompileAndExecute (string,string) (at ./Library/PackageCache/com.coplaydev.unity-mcp@d6e58c68cf4b/Editor/Tools/ExecuteCode.cs:222)
MCPForUnity.Editor.Tools.ExecuteCode:HandleExecute (Newtonsoft.Json.Linq.JObject) (at ./Library/PackageCache/com.coplaydev.unity-mcp@d6e58c68cf4b/Editor/Tools/ExecuteCode.cs:106)
MCPForUnity.Editor.Tools.ExecuteCode:HandleCommand (Newtonsoft.Json.Linq.JObject) (at ./Library/PackageCache/com.coplaydev.unity-mcp@d6e58c68cf4b/Editor/Tools/ExecuteCode.cs:71)
MCPForUnity.Editor.Tools.CommandRegistry:ExecuteCommand (string,Newtonsoft.Json.Linq.JObject,System.Threading.Tasks.TaskCompletionSource`1<string>) (at ./Library/PackageCache/com.coplaydev.unity-mcp@d6e58c68cf4b/Editor/Tools/CommandRegistry.cs:236)
MCPForUnity.Editor.Services.Transport.TransportCommandDispatcher:ProcessCommand (string,MCPForUnity.Editor.Services.Transport.TransportCommandDispatcher/PendingCommand) (at ./Library/PackageCache/com.coplaydev.unity-mcp@d6e58c68cf4b/Editor/Services/Transport/TransportCommandDispatcher.cs:366)
MCPForUnity.Editor.Services.Transport.TransportCommandDispatcher:ProcessQueue () (at ./Library/PackageCache/com.coplaydev.unity-mcp@d6e58c68cf4b/Editor/Services/Transport/TransportCommandDispatcher.cs:262)
MCPForUnity.Editor.Services.Transport.TransportCommandDispatcher:<RequestMainThreadPump>g__Pump|11_0 () (at ./Library/PackageCache/com.coplaydev.unity-mcp@d6e58c68cf4b/Editor/Services/Transport/TransportCommandDispatcher.cs:184)
MCPForUnity.Editor.Services.Transport.TransportCommandDispatcher/<>c:<RequestMainThreadPump>b__11_1 (object) (at ./Library/PackageCache/com.coplaydev.unity-mcp@d6e58c68cf4b/Editor/Services/Transport/TransportCommandDispatcher.cs:189)
UnityEngine.UnitySynchronizationContext/WorkRequest:Invoke ()
UnityEngine.UnitySynchronizationContext:Exec ()
UnityEngine.UnitySynchronizationContext:ExecuteTasks ()

(Filename: Assets/Editor/x64/Bakery/scripts/ftModelPostProcessor.cs Line: 109)

UV adjustment time: 0.00099945068359375
UnityEngine.Debug:ExtractStackTraceNoAlloc (byte*,int,string)
UnityEngine.StackTraceUtility:ExtractStackTrace ()
UnityEngine.DebugLogHandler:Internal_Log (UnityEngine.LogType,UnityEngine.LogOption,string,UnityEngine.Object)
UnityEngine.DebugLogHandler:LogFormat (UnityEngine.LogType,UnityEngine.Object,string,object[])
UnityEngine.Logger:Log (UnityEngine.LogType,object)
UnityEngine.Debug:Log (object)
ftModelPostProcessor:OnPostprocessModel (UnityEngine.GameObject) (at Assets/Editor/x64/Bakery/scripts/ftModelPostProcessor.cs:137)
System.Reflection.RuntimeMethodInfo:Invoke (object,System.Reflection.BindingFlags,System.Reflection.Binder,object[],System.Globalization.CultureInfo)
System.Reflection.MethodBase:Invoke (object,object[])
UnityEditor.AssetPostprocessingInternal:InvokeMethodIfAvailable (object,string,object[])
UnityEditor.AssetPostprocessingInternal:CallPostProcessMethods (string,object[])
UnityEditor.AssetPostprocessingInternal:PostprocessMesh (UnityEngine.GameObject)
UnityEditor.AssetDatabase:ImportAsset (string,UnityEditor.ImportAssetOptions)
UnityEditor.AssetDatabase:ImportAsset (string)
UnityEditor.AssetImporter:SaveAndReimport ()
MCPDynamicCode:Execute ()
System.Reflection.RuntimeMethodInfo:Invoke (object,System.Reflection.BindingFlags,System.Reflection.Binder,object[],System.Globalization.CultureInfo)
System.Reflection.MethodBase:Invoke (object,object[])
MCPForUnity.Editor.Tools.ExecuteCode:InvokeCompiled (System.Reflection.Assembly,string) (at ./Library/PackageCache/com.coplaydev.unity-mcp@d6e58c68cf4b/Editor/Tools/ExecuteCode.cs:240)
MCPForUnity.Editor.Tools.ExecuteCode:CompileAndExecute (string,string) (at ./Library/PackageCache/com.coplaydev.unity-mcp@d6e58c68cf4b/Editor/Tools/ExecuteCode.cs:222)
MCPForUnity.Editor.Tools.ExecuteCode:HandleExecute (Newtonsoft.Json.Linq.JObject) (at ./Library/PackageCache/com.coplaydev.unity-mcp@d6e58c68cf4b/Editor/Tools/ExecuteCode.cs:106)
MCPForUnity.Editor.Tools.ExecuteCode:HandleCommand (Newtonsoft.Json.Linq.JObject) (at ./Library/PackageCache/com.coplaydev.unity-mcp@d6e58c68cf4b/Editor/Tools/ExecuteCode.cs:71)
MCPForUnity.Editor.Tools.CommandRegistry:ExecuteCommand (string,Newtonsoft.Json.Linq.JObject,System.Threading.Tasks.TaskCompletionSource`1<string>) (at ./Library/PackageCache/com.coplaydev.unity-mcp@d6e58c68cf4b/Editor/Tools/CommandRegistry.cs:236)
MCPForUnity.Editor.Services.Transport.TransportCommandDispatcher:ProcessCommand (string,MCPForUnity.Editor.Services.Transport.TransportCommandDispatcher/PendingCommand) (at ./Library/PackageCache/com.coplaydev.unity-mcp@d6e58c68cf4b/Editor/Services/Transport/TransportCommandDispatcher.cs:366)
MCPForUnity.Editor.Services.Transport.TransportCommandDispatcher:ProcessQueue () (at ./Library/PackageCache/com.coplaydev.unity-mcp@d6e58c68cf4b/Editor/Services/Transport/TransportCommandDispatcher.cs:262)
MCPForUnity.Editor.Services.Transport.TransportCommandDispatcher:<RequestMainThreadPump>g__Pump|11_0 () (at ./Library/PackageCache/com.coplaydev.unity-mcp@d6e58c68cf4b/Editor/Services/Transport/TransportCommandDispatcher.cs:184)
MCPForUnity.Editor.Services.Transport.TransportCommandDispatcher/<>c:<RequestMainThreadPump>b__11_1 (object) (at ./Library/PackageCache/com.coplaydev.unity-mcp@d6e58c68cf4b/Editor/Services/Transport/TransportCommandDispatcher.cs:189)
UnityEngine.UnitySynchronizationContext/WorkRequest:Invoke ()
UnityEngine.UnitySynchronizationContext:Exec ()
UnityEngine.UnitySynchronizationContext:ExecuteTasks ()

(Filename: Assets/Editor/x64/Bakery/scripts/ftModelPostProcessor.cs Line: 137)

 -> (Import Result ID: 'dab115e1d3f8939b32eacae47f4ab8d3') in 0.1550226 seconds [static and dynamic dependencies]. Details - ImportResultOutputID=eaa3b9253d375ab743bc80d2b6f489e1 DependenciesID=96268f2ccad270e60b1c107a59ee495e StaticDependenciesID=a99c8e6d037cae29b70848cd50a2435c 
Refreshing native plugins compatible for Editor in 8.57 ms, found 31 plugins.
(Values over 0.050ms)
Asset Pipeline Refresh (id=22873087da00f94419fdca88506ae201): Total: 0.476 seconds - Initiated by StopAssetImportingV2(NoUpdateAssetOptions)
	Summary:
		Imports: total=1 (actual=1, local cache=0, cache server=0)
		Asset DB Process Time: managed=21 ms, native=277 ms
		Asset DB Callback time: managed=159 ms, native=16 ms
		Scripting: domain reloads=0, domain reload time=0 ms, compile time=0 ms, other=0 ms
		Project Asset Count: scripts=3458, non-scripts=11388
		Asset File Changes: new=0, changed=1, moved=0, deleted=0
		Scan Filter Count: 6
	ApplyChangesToAssetFolders: 0.376ms
	Scan: 22.261ms
	OnSourceAssetsModified: 0.083ms
	ProcessAssetsWithTransientArtifactChanges: 0.308ms
	CategorizeAssets: 80.056ms
	ImportOutOfDateAssets: 170.010ms (1.281ms without children)
		ImportManagerImport: 160.604ms (1.483ms without children)
		ReloadNativeAssets: 2.705ms
		UnloadImportedAssets: 0.721ms
		ReloadImportedAssets: 1.182ms
		EnsureUptoDateAssetsAreRegisteredWithGuidPM: 3.278ms
		OnDemandSchedulerStart: 1.400ms
	PostProcessAllAssets: 162.609ms
		XRBuildSystem.XRAssetImported 2.160ms
		MonoPostProcessAllAssets: 159.876ms
			TextureArrayPreProcessor.OnPostprocessAllAssets 153.385ms
			SyncVS.PostprocessSyncProject 3.155ms
			SpriteEditorTexturePostprocessor.OnPostprocessAllAssets 1.461ms
			ShaderGraphAssetPostProcessor.OnPostprocessAllAssets 0.274ms
			RenderPipelineGlobalSettingsPostprocessor.OnPostprocessAllAssets 0.152ms
			TemplatePostProcessor.OnPostprocessAllAssets 0.126ms
			AssetChangedListener.OnPostprocessAllAssets 0.112ms
			InputActionAssetPostprocessor.OnPostprocessAllAssets 0.076ms
			PostProcessor.OnPostprocessAllAssets 0.074ms
			TMPro_TexturePostProcessor.OnPostprocessAllAssets 0.069ms
	PostAssetChangesProfiler: 14.198ms
	GatherAllCurrentPrimaryImportResultRevisions: 0.750ms
	UnloadStreamsBegin: 4.937ms
	PersistCurrentRevisions: 1.064ms
	Untracked: 19.438ms

Start importing Assets/ScifiFacility/Models/structural/walls/wall_01_6x3_door_b.fbx using Guid(03e9754054bb43c4b9e3294622a15d8a) (FBXImporter)Bakery: processing auto-unwrapped asset Assets/ScifiFacility/Models/structural/walls/wall_01_6x3_door_b.fbx
UnityEngine.Debug:ExtractStackTraceNoAlloc (byte*,int,string)
UnityEngine.StackTraceUtility:ExtractStackTrace ()
UnityEngine.DebugLogHandler:Internal_Log (UnityEngine.LogType,UnityEngine.LogOption,string,UnityEngine.Object)
UnityEngine.DebugLogHandler:LogFormat (UnityEngine.LogType,UnityEngine.Object,string,object[])
UnityEngine.Logger:Log (UnityEngine.LogType,object)
UnityEngine.Debug:Log (object)
ftModelPostProcessor:OnPostprocessModel (UnityEngine.GameObject) (at Assets/Editor/x64/Bakery/scripts/ftModelPostProcessor.cs:109)
System.Reflection.RuntimeMethodInfo:Invoke (object,System.Reflection.BindingFlags,System.Reflection.Binder,object[],System.Globalization.CultureInfo)
System.Reflection.MethodBase:Invoke (object,object[])
UnityEditor.AssetPostprocessingInternal:InvokeMethodIfAvailable (object,string,object[])
UnityEditor.AssetPostprocessingInternal:CallPostProcessMethods (string,object[])
UnityEditor.AssetPostprocessingInternal:PostprocessMesh (UnityEngine.GameObject)
UnityEditor.AssetDatabase:ImportAsset (string,UnityEditor.ImportAssetOptions)
UnityEditor.AssetDatabase:ImportAsset (string)
UnityEditor.AssetImporter:SaveAndReimport ()
MCPDynamicCode:Execute ()
System.Reflection.RuntimeMethodInfo:Invoke (object,System.Reflection.BindingFlags,System.Reflection.Binder,object[],System.Globalization.CultureInfo)
System.Reflection.MethodBase:Invoke (object,object[])
MCPForUnity.Editor.Tools.ExecuteCode:InvokeCompiled (System.Reflection.Assembly,string) (at ./Library/PackageCache/com.coplaydev.unity-mcp@d6e58c68cf4b/Editor/Tools/ExecuteCode.cs:240)
MCPForUnity.Editor.Tools.ExecuteCode:CompileAndExecute (string,string) (at ./Library/PackageCache/com.coplaydev.unity-mcp@d6e58c68cf4b/Editor/Tools/ExecuteCode.cs:222)
MCPForUnity.Editor.Tools.ExecuteCode:HandleExecute (Newtonsoft.Json.Linq.JObject) (at ./Library/PackageCache/com.coplaydev.unity-mcp@d6e58c68cf4b/Editor/Tools/ExecuteCode.cs:106)
MCPForUnity.Editor.Tools.ExecuteCode:HandleCommand (Newtonsoft.Json.Linq.JObject) (at ./Library/PackageCache/com.coplaydev.unity-mcp@d6e58c68cf4b/Editor/Tools/ExecuteCode.cs:71)
MCPForUnity.Editor.Tools.CommandRegistry:ExecuteCommand (string,Newtonsoft.Json.Linq.JObject,System.Threading.Tasks.TaskCompletionSource`1<string>) (at ./Library/PackageCache/com.coplaydev.unity-mcp@d6e58c68cf4b/Editor/Tools/CommandRegistry.cs:236)
MCPForUnity.Editor.Services.Transport.TransportCommandDispatcher:ProcessCommand (string,MCPForUnity.Editor.Services.Transport.TransportCommandDispatcher/PendingCommand) (at ./Library/PackageCache/com.coplaydev.unity-mcp@d6e58c68cf4b/Editor/Services/Transport/TransportCommandDispatcher.cs:366)
MCPForUnity.Editor.Services.Transport.TransportCommandDispatcher:ProcessQueue () (at ./Library/PackageCache/com.coplaydev.unity-mcp@d6e58c68cf4b/Editor/Services/Transport/TransportCommandDispatcher.cs:262)
MCPForUnity.Editor.Services.Transport.TransportCommandDispatcher:<RequestMainThreadPump>g__Pump|11_0 () (at ./Library/PackageCache/com.coplaydev.unity-mcp@d6e58c68cf4b/Editor/Services/Transport/TransportCommandDispatcher.cs:184)
MCPForUnity.Editor.Services.Transport.TransportCommandDispatcher/<>c:<RequestMainThreadPump>b__11_1 (object) (at ./Library/PackageCache/com.coplaydev.unity-mcp@d6e58c68cf4b/Editor/Services/Transport/TransportCommandDispatcher.cs:189)
UnityEngine.UnitySynchronizationContext/WorkRequest:Invoke ()
UnityEngine.UnitySynchronizationContext:Exec ()
UnityEngine.UnitySynchronizationContext:ExecuteTasks ()

(Filename: Assets/Editor/x64/Bakery/scripts/ftModelPostProcessor.cs Line: 109)

UV adjustment time: 0
UnityEngine.Debug:ExtractStackTraceNoAlloc (byte*,int,string)
UnityEngine.StackTraceUtility:ExtractStackTrace ()
UnityEngine.DebugLogHandler:Internal_Log (UnityEngine.LogType,UnityEngine.LogOption,string,UnityEngine.Object)
UnityEngine.DebugLogHandler:LogFormat (UnityEngine.LogType,UnityEngine.Object,string,object[])
UnityEngine.Logger:Log (UnityEngine.LogType,object)
UnityEngine.Debug:Log (object)
ftModelPostProcessor:OnPostprocessModel (UnityEngine.GameObject) (at Assets/Editor/x64/Bakery/scripts/ftModelPostProcessor.cs:137)
System.Reflection.RuntimeMethodInfo:Invoke (object,System.Reflection.BindingFlags,System.Reflection.Binder,object[],System.Globalization.CultureInfo)
System.Reflection.MethodBase:Invoke (object,object[])
UnityEditor.AssetPostprocessingInternal:InvokeMethodIfAvailable (object,string,object[])
UnityEditor.AssetPostprocessingInternal:CallPostProcessMethods (string,object[])
UnityEditor.AssetPostprocessingInternal:PostprocessMesh (UnityEngine.GameObject)
UnityEditor.AssetDatabase:ImportAsset (string,UnityEditor.ImportAssetOptions)
UnityEditor.AssetDatabase:ImportAsset (string)
UnityEditor.AssetImporter:SaveAndReimport ()
MCPDynamicCode:Execute ()
System.Reflection.RuntimeMethodInfo:Invoke (object,System.Reflection.BindingFlags,System.Reflection.Binder,object[],System.Globalization.CultureInfo)
System.Reflection.MethodBase:Invoke (object,object[])
MCPForUnity.Editor.Tools.ExecuteCode:InvokeCompiled (System.Reflection.Assembly,string) (at ./Library/PackageCache/com.coplaydev.unity-mcp@d6e58c68cf4b/Editor/Tools/ExecuteCode.cs:240)
MCPForUnity.Editor.Tools.ExecuteCode:CompileAndExecute (string,string) (at ./Library/PackageCache/com.coplaydev.unity-mcp@d6e58c68cf4b/Editor/Tools/ExecuteCode.cs:222)
MCPForUnity.Editor.Tools.ExecuteCode:HandleExecute (Newtonsoft.Json.Linq.JObject) (at ./Library/PackageCache/com.coplaydev.unity-mcp@d6e58c68cf4b/Editor/Tools/ExecuteCode.cs:106)
MCPForUnity.Editor.Tools.ExecuteCode:HandleCommand (Newtonsoft.Json.Linq.JObject) (at ./Library/PackageCache/com.coplaydev.unity-mcp@d6e58c68cf4b/Editor/Tools/ExecuteCode.cs:71)
MCPForUnity.Editor.Tools.CommandRegistry:ExecuteCommand (string,Newtonsoft.Json.Linq.JObject,System.Threading.Tasks.TaskCompletionSource`1<string>) (at ./Library/PackageCache/com.coplaydev.unity-mcp@d6e58c68cf4b/Editor/Tools/CommandRegistry.cs:236)
MCPForUnity.Editor.Services.Transport.TransportCommandDispatcher:ProcessCommand (string,MCPForUnity.Editor.Services.Transport.TransportCommandDispatcher/PendingCommand) (at ./Library/PackageCache/com.coplaydev.unity-mcp@d6e58c68cf4b/Editor/Services/Transport/TransportCommandDispatcher.cs:366)
MCPForUnity.Editor.Services.Transport.TransportCommandDispatcher:ProcessQueue () (at ./Library/PackageCache/com.coplaydev.unity-mcp@d6e58c68cf4b/Editor/Services/Transport/TransportCommandDispatcher.cs:262)
MCPForUnity.Editor.Services.Transport.TransportCommandDispatcher:<RequestMainThreadPump>g__Pump|11_0 () (at ./Library/PackageCache/com.coplaydev.unity-mcp@d6e58c68cf4b/Editor/Services/Transport/TransportCommandDispatcher.cs:184)
MCPForUnity.Editor.Services.Transport.TransportCommandDispatcher/<>c:<RequestMainThreadPump>b__11_1 (object) (at ./Library/PackageCache/com.coplaydev.unity-mcp@d6e58c68cf4b/Editor/Services/Transport/TransportCommandDispatcher.cs:189)
UnityEngine.UnitySynchronizationContext/WorkRequest:Invoke ()
UnityEngine.UnitySynchronizationContext:Exec ()
UnityEngine.UnitySynchronizationContext:ExecuteTasks ()

(Filename: Assets/Editor/x64/Bakery/scripts/ftModelPostProcessor.cs Line: 137)

 -> (Import Result ID: 'a1284d846fdd910659e1f174fff31cc0') in 0.1482912 seconds [static and dynamic dependencies]. Details - ImportResultOutputID=d8f90fe3ae384b82d186045ae70cee67 DependenciesID=ffc3d01bda502f0b28a65bacc9d1260a StaticDependenciesID=72d6875d00550d4b4dd42229bb2e5976 
Refreshing native plugins compatible for Editor in 7.61 ms, found 31 plugins.
(Values over 0.050ms)
Asset Pipeline Refresh (id=7d92655779a883345be73ab9fcdc9204): Total: 0.463 seconds - Initiated by StopAssetImportingV2(NoUpdateAssetOptions)
	Summary:
		Imports: total=1 (actual=1, local cache=0, cache server=0)
		Asset DB Process Time: managed=7 ms, native=313 ms
		Asset DB Callback time: managed=126 ms, native=13 ms
		Scripting: domain reloads=0, domain reload time=0 ms, compile time=0 ms, other=0 ms
		Project Asset Count: scripts=3458, non-scripts=11388
		Asset File Changes: new=0, changed=1, moved=0, deleted=0
		Scan Filter Count: 6
	ApplyChangesToAssetFolders: 0.451ms
	Scan: 28.385ms
	OnSourceAssetsModified: 0.091ms
	ProcessAssetsWithTransientArtifactChanges: 0.441ms
	CategorizeAssets: 100.781ms
	ImportOutOfDateAssets: 166.587ms (2.037ms without children)
		ImportManagerImport: 154.158ms (2.025ms without children)
		ReloadNativeAssets: 3.710ms
		UnloadImportedAssets: 0.767ms
		ReloadImportedAssets: 1.403ms
		EnsureUptoDateAssetsAreRegisteredWithGuidPM: 4.117ms
		OnDemandSchedulerStart: 1.765ms
	PostProcessAllAssets: 128.959ms
		XRBuildSystem.XRAssetImported 2.157ms
		MonoPostProcessAllAssets: 126.225ms
			TextureArrayPreProcessor.OnPostprocessAllAssets 119.810ms
			SyncVS.PostprocessSyncProject 3.311ms
			SpriteEditorTexturePostprocessor.OnPostprocessAllAssets 1.298ms
			ShaderGraphAssetPostProcessor.OnPostprocessAllAssets 0.323ms
			RenderPipelineGlobalSettingsPostprocessor.OnPostprocessAllAssets 0.174ms
			AssetChangedListener.OnPostprocessAllAssets 0.117ms
			PostProcessor.OnPostprocessAllAssets 0.076ms
			InputActionAssetPostprocessor.OnPostprocessAllAssets 0.061ms
			TemplatePostProcessor.OnPostprocessAllAssets 0.058ms
			RetainedModeAssetPostprocessor.OnPostprocessAllAssets 0.058ms
			TMPro_TexturePostProcessor.OnPostprocessAllAssets 0.053ms
	PostAssetChangesProfiler: 10.977ms
	GatherAllCurrentPrimaryImportResultRevisions: 1.285ms
	PersistCurrentRevisions: 1.111ms
	Untracked: 23.507ms

[Licensing::Client] Successfully resolved entitlement details
Asset Pipeline Refresh (id=8b82d72b6a1c520498149111c32b649f): Total: 0.043 seconds - Initiated by RefreshV2(AllowForceSynchronousImport)
