[Licensing::Module] Trying to connect to existing licensing client channel...
[Licensing::IpcConnector] Successfully connected to: "LicenseClient-danat" at "2026-04-25T21:06:03.0131093Z"
Built from '6000.4/staging' branch; Version is '6000.4.1f1 (8535861f39e1) revision 8729990'; Using compiler version '194234433'; Build Type 'Release'
OS: 'Windows 11  (10.0.26200) CoreSingleLanguage' Language: 'en' Physical Memory: 32407 MB
BatchMode: 1, IsHumanControllingUs: 0, StartBugReporterOnCrash: 0, Is64bit: 1
System  architecture: x64
Process architecture: x64
Date: 2026-04-25T21:06:03Z

COMMAND LINE ARGUMENTS:
C:\Program Files\Unity\Hub\Editor\6000.4.1f1\Editor\Unity.exe
-projectPath
C:\hades\Hecton8
-batchmode
-quit
-nographics
-logFile
C:\hades\Hecton8\.iter16h_unity_batch.log
Successfully changed project path to: C:\hades\Hecton8
C:/hades/Hecton8
[UnityMemory] Configuration Parameters - Can be set up in boot.config
    "memorysetup-temp-allocator-size-gi-baking-worker=262144"
    "memorysetup-temp-allocator-size-gi-baking-worker=262144"
    "memorysetup-temp-allocator-size-gi-baking-worker=262144"
    "memorysetup-temp-allocator-size-gi-baking-worker=262144"
    "memorysetup-temp-allocator-size-gi-baking-worker=262144"
    "memorysetup-temp-allocator-size-nav-mesh-worker=65536"
    "memorysetup-temp-allocator-size-audio-worker=65536"
    "memorysetup-temp-allocator-size-cloud-worker=32768"
    "memorysetup-temp-allocator-size-gfx=262144"
    "memorysetup-temp-allocator-size-preload-manager=33554432"
    "memorysetup-temp-allocator-size-job-worker=262144"
    "memorysetup-temp-allocator-size-background-worker=32768"
    "memorysetup-allocator-temp-initial-block-size-main=262144"
    "memorysetup-allocator-temp-initial-block-size-worker=262144"
    "memorysetup-bucket-allocator-granularity=16"
    "memorysetup-bucket-allocator-bucket-count=8"
    "memorysetup-bucket-allocator-block-size=33554432"
    "memorysetup-bucket-allocator-block-count=8"
    "memorysetup-main-allocator-block-size=16777216"
    "memorysetup-thread-allocator-block-size=16777216"
    "memorysetup-gfx-main-allocator-block-size=16777216"
    "memorysetup-gfx-thread-allocator-block-size=16777216"
    "memorysetup-cache-allocator-block-size=4194304"
    "memorysetup-typetree-allocator-block-size=2097152"
    "memorysetup-profiler-bucket-allocator-granularity=16"
    "memorysetup-profiler-bucket-allocator-bucket-count=8"
    "memorysetup-profiler-bucket-allocator-block-size=33554432"
    "memorysetup-profiler-bucket-allocator-block-count=8"
    "memorysetup-profiler-allocator-block-size=16777216"
    "memorysetup-profiler-editor-allocator-block-size=1048576"
    "memorysetup-temp-allocator-size-main=16777216"
    "memorysetup-job-temp-allocator-block-size=2097152"
    "memorysetup-job-temp-allocator-block-size-background=1048576"
    "memorysetup-job-temp-allocator-reduction-small-platforms=262144"
Player connection [43728]  Target information:

Player connection [43728]  * "[IP] 192.168.1.130 [Port] 55504 [Flags] 2 [Guid] 25951655 [EditorId] 25951655 [Version] 1048832 [Id] WindowsEditor(7,Shinobu) [Debug] 1 [PackageName] WindowsEditor [ProjectName] Editor" 

Player connection [43728]  * "[IP] 172.18.0.1 [Port] 55504 [Flags] 2 [Guid] 25951655 [EditorId] 25951655 [Version] 1048832 [Id] WindowsEditor(7,Shinobu) [Debug] 1 [PackageName] WindowsEditor [ProjectName] Editor" 

Player connection [43728] Host joined multi-casting on [225.0.0.222:54997]...
Player connection [43728] Host joined alternative multi-casting on [225.0.0.222:34997]...
Input System module state changed to: Initialized.
[Physics::Module] Initialized fallback backend.
[Physics::Module] Id: 0xdecafbad
[Package Manager] Connected to IPC stream "Upm-65288" after 1.6 seconds.
[Licensing::Module] Licensing is not yet initialized.
[Licensing::Client] Error: HandshakeResponse reported an error:
	ResponseCode: 505
	ResponseStatus: Unsupported protocol version '1.18.1'.
[Licensing::Module] Error: Failed to handshake to channel: "LicenseClient-danat"
[Licensing::IpcConnector] LicenseClient-danat channel disconnected successfully.
[Licensing::IpcConnector] Channel LicenseClient-danat-6000.4.1 doesn't exist
[Licensing::Module] Successfully launched the LicensingClient (PId: 27112)
[Licensing::IpcConnector] Successfully connected to: "LicenseClient-danat-6000.4.1" at "2026-04-25T21:06:09.0077518Z"
[Licensing::Client] Handshaking with LicensingClient:
  Version:                 1.18.1+9fbee8e
  Session Id:              4864ebbcdb1944bcaf3bdb49a5210e9f
  Correlation Id:          2eec6009b40cfba577f1ecf9951b2a5b
  External correlation Id: 349788006276421976
  Machine Id:              KXBg4HkLZwVfPhjJrzyzSmUVWFw=
[Licensing::Module] Successfully connected to LicensingClient on channel: "LicenseClient-danat-6000.4.1" (connect: 1.96s, validation: 0.24s, handshake: 4.27s)
[Licensing::IpcConnector] Successfully connected to: "LicenseClient-danat-6000.4.1-notifications" at "2026-04-25T21:06:13.5219192Z"
[Licensing::Module] Connected to LicensingClient (PId: 27112, launch time: 0.01, total connection time: 6.47s)
[Licensing::Module] Error: Access token is unavailable; failed to update
[Licensing::Client] Successfully resolved entitlement details
[Licensing::Module] License group:
  Id: 7972536317136-UnityPersXXXX
  Product: Unity Personal
  Type: Assigned
  Expiration: Unlimited
[Licensing::Client] Successfully updated license, isAsync: True, time: 0.03
[Licensing::Client] Successfully resolved entitlement details
[Licensing::Module] Licensing Background thread has ended after 10.60s
[Licensing::Module] Licensing is initialized (took 7.78s).
[Licensing::Client] Successfully resolved entitlement details
Library Redirect Path: Library/
[Physics::Module] Selected backend.
[Physics::Module] Name: PhysX
[Physics::Module] Id: 0xf2b8ea05
[Physics::Module] SDK Version: 4.1.2
[Physics::Module] Integration Version: 1.0.0
[Physics::Module] Threading Mode: Multi-Threaded
Artifact Garbage Collection - Removed 1 unused hashed content files
Refreshing native plugins compatible for Editor in 611.77 ms, found 27 plugins.
Initialize engine version: 6000.4.1f1 (8535861f39e1)
[Subsystems] Discovering subsystems at path C:/Program Files/Unity/Hub/Editor/6000.4.1f1/Editor/Data/Resources/UnitySubsystems
[Subsystems] Discovering subsystems at path C:/hades/Hecton8/Assets
Forcing GfxDevice: Null
GfxDevice: creating device client; kGfxThreadingModeNonThreaded
NullGfxDevice:
    Version:  NULL 1.0 [1.0]
    Renderer: Null Device
    Vendor:   Unity Technologies
Shader 'MoreMountains/MMRipple': fallback shader 'Particle/AlphaBlended' not found
Shader Hidden/ChartRasterizerHardware is not supported: GPU does not support conservative rasterization
Initialize mono
Mono path[0] = 'C:/Program Files/Unity/Hub/Editor/6000.4.1f1/Editor/Data/Managed'
Mono path[1] = 'C:/Program Files/Unity/Hub/Editor/6000.4.1f1/Editor/Data/MonoBleedingEdge/lib/mono/unityjit-win32'
Mono config path = 'C:/Program Files/Unity/Hub/Editor/6000.4.1f1/Editor/Data/MonoBleedingEdge/etc'
Using monoOptions --debugger-agent=transport=dt_socket,embedding=1,server=y,suspend=n,address=127.0.0.1:56288
CodeReloadManager initialized
Using cacheserver namespaces - metadata:defaultmetadata, artifacts:defaultartifacts
Using cacheserver namespaces - metadata:defaultmetadata, artifacts:defaultartifacts
ImportWorker Server TCP listen port: 0
AcceleratorClientConnectionCallback - disconnected - :0
Begin MonoManager ReloadAssembly
Registering precompiled unity dll's ...
Register platform support module: C:/Program Files/Unity/Hub/Editor/6000.4.1f1/Editor/Data/PlaybackEngines/WindowsStandaloneSupport/UnityEditor.WindowsStandalone.Extensions.dll
Registered in 0.005416 seconds.
Native extension for WindowsStandalone target not found
Package Manager log level set to [2]
ScheduleIndexationOnStartup MainProcess:False IndexOnStartup:True
Mono: successfully reloaded assembly
- Finished resetting the current domain, in  1.800 seconds
Domain Reload Profiling: 3659ms
	BeginReloadAssembly (454ms)
		CreateAndSetChildDomain (13ms)
	RebuildCommonClasses (189ms)
	RebuildNativeTypeToScriptingClass (47ms)
	initialDomainReloadingComplete (233ms)
	LoadAllAssembliesAndSetupDomain (926ms)
		LoadAssemblies (434ms)
		AnalyzeDomain (895ms)
			TypeCache.Refresh (893ms)
				TypeCache.ScanAssembly (846ms)
	FinalizeReload (1809ms)
		SetupLoadedEditorAssemblies (0ms)
			InitializePlatformSupportModulesInManaged (182ms)
			BeforeProcessingInitializeOnLoad (445ms)
			ProcessInitializeOnLoadAttributes (408ms)
			ProcessInitializeOnLoadMethodAttributes (424ms)
[Licensing::Client] Successfully resolved entitlement details
Application.AssetDatabase Initial Refresh Start
[Package Manager] Restoring resolved packages state from cache
[Licensing::Client] Successfully resolved entitlement details
[Package Manager] Registered 65 packages:
  Packages from [https://packages.unity.com]:
    com.unity.ai.navigation@2.0.11 (location: C:\hades\Hecton8\Library\PackageCache\com.unity.ai.navigation@78534c21b27d)
    com.unity.collab-proxy@2.11.4 (location: C:\hades\Hecton8\Library\PackageCache\com.unity.collab-proxy@a5329f833fa8)
    com.unity.inputsystem@1.19.0 (location: C:\hades\Hecton8\Library\PackageCache\com.unity.inputsystem@21a28c3a6c83)
    com.unity.memoryprofiler@1.1.12 (location: C:\hades\Hecton8\Library\PackageCache\com.unity.memoryprofiler@485b5ba42ef5)
    com.unity.nuget.newtonsoft-json@3.2.2 (location: C:\hades\Hecton8\Library\PackageCache\com.unity.nuget.newtonsoft-json@4dfd81071c64)
    com.unity.probuilder@6.0.9 (location: C:\hades\Hecton8\Library\PackageCache\com.unity.probuilder@1f279ab829b7)
    com.unity.sharp-zip-lib@1.4.1 (location: C:\hades\Hecton8\Library\PackageCache\com.unity.sharp-zip-lib@f6e4ef34e4d8)
    com.unity.timeline@1.8.11 (location: C:\hades\Hecton8\Library\PackageCache\com.unity.timeline@bfd27f8016ff)
    com.unity.visualscripting@1.9.11 (location: C:\hades\Hecton8\Library\PackageCache\com.unity.visualscripting@8bed5ad90189)
    com.unity.settings-manager@2.1.1 (location: C:\hades\Hecton8\Library\PackageCache\com.unity.settings-manager@0b8638c5ce86)
    com.unity.burst@1.8.28 (location: C:\hades\Hecton8\Library\PackageCache\com.unity.burst@07790c2d06d9)
    com.unity.mathematics@1.3.3 (location: C:\hades\Hecton8\Library\PackageCache\com.unity.mathematics@19a9377c4ffa)
    com.unity.profiling.core@1.0.3 (location: C:\hades\Hecton8\Library\PackageCache\com.unity.profiling.core@8a49f7027d06)
    com.unity.editorcoroutines@1.0.1 (location: C:\hades\Hecton8\Library\PackageCache\com.unity.editorcoroutines@54394ed3283c)
    com.unity.searcher@4.9.4 (location: C:\hades\Hecton8\Library\PackageCache\com.unity.searcher@d45a78918735)
    com.unity.nuget.mono-cecil@1.11.6 (location: C:\hades\Hecton8\Library\PackageCache\com.unity.nuget.mono-cecil@ecb9724e46ff)
    com.unity.test-framework.performance@3.2.0 (location: C:\hades\Hecton8\Library\PackageCache\com.unity.test-framework.performance@0840f58e4562)
  Built-in packages:
    com.unity.2d.sprite@1.0.0 (location: C:\hades\Hecton8\Library\PackageCache\com.unity.2d.sprite@929df5adbb1f)
    com.unity.render-pipelines.universal@17.4.0 (location: C:\hades\Hecton8\Library\PackageCache\com.unity.render-pipelines.universal@580a03820d50)
    com.unity.ugui@2.0.0 (location: C:\hades\Hecton8\Library\PackageCache\com.unity.ugui@d8a2716f3013)
    com.unity.modules.accessibility@1.0.0 (location: C:\hades\Hecton8\Library\PackageCache\com.unity.modules.accessibility)
    com.unity.modules.ai@1.0.0 (location: C:\hades\Hecton8\Library\PackageCache\com.unity.modules.ai)
    com.unity.modules.androidjni@1.0.0 (location: C:\hades\Hecton8\Library\PackageCache\com.unity.modules.androidjni)
    com.unity.modules.animation@1.0.0 (location: C:\hades\Hecton8\Library\PackageCache\com.unity.modules.animation)
    com.unity.modules.assetbundle@1.0.0 (location: C:\hades\Hecton8\Library\PackageCache\com.unity.modules.assetbundle)
    com.unity.modules.audio@1.0.0 (location: C:\hades\Hecton8\Library\PackageCache\com.unity.modules.audio)
    com.unity.modules.cloth@1.0.0 (location: C:\hades\Hecton8\Library\PackageCache\com.unity.modules.cloth)
    com.unity.modules.director@1.0.0 (location: C:\hades\Hecton8\Library\PackageCache\com.unity.modules.director)
    com.unity.modules.imageconversion@1.0.0 (location: C:\hades\Hecton8\Library\PackageCache\com.unity.modules.imageconversion)
    com.unity.modules.imgui@1.0.0 (location: C:\hades\Hecton8\Library\PackageCache\com.unity.modules.imgui)
    com.unity.modules.jsonserialize@1.0.0 (location: C:\hades\Hecton8\Library\PackageCache\com.unity.modules.jsonserialize)
    com.unity.modules.particlesystem@1.0.0 (location: C:\hades\Hecton8\Library\PackageCache\com.unity.modules.particlesystem)
    com.unity.modules.physics@1.0.0 (location: C:\hades\Hecton8\Library\PackageCache\com.unity.modules.physics)
    com.unity.modules.physics2d@1.0.0 (location: C:\hades\Hecton8\Library\PackageCache\com.unity.modules.physics2d)
    com.unity.modules.screencapture@1.0.0 (location: C:\hades\Hecton8\Library\PackageCache\com.unity.modules.screencapture)
    com.unity.modules.terrain@1.0.0 (location: C:\hades\Hecton8\Library\PackageCache\com.unity.modules.terrain)
    com.unity.modules.terrainphysics@1.0.0 (location: C:\hades\Hecton8\Library\PackageCache\com.unity.modules.terrainphysics)
    com.unity.modules.tilemap@1.0.0 (location: C:\hades\Hecton8\Library\PackageCache\com.unity.modules.tilemap)
    com.unity.modules.ui@1.0.0 (location: C:\hades\Hecton8\Library\PackageCache\com.unity.modules.ui)
    com.unity.modules.uielements@1.0.0 (location: C:\hades\Hecton8\Library\PackageCache\com.unity.modules.uielements)
    com.unity.modules.umbra@1.0.0 (location: C:\hades\Hecton8\Library\PackageCache\com.unity.modules.umbra)
    com.unity.modules.unityanalytics@1.0.0 (location: C:\hades\Hecton8\Library\PackageCache\com.unity.modules.unityanalytics)
    com.unity.modules.unitywebrequest@1.0.0 (location: C:\hades\Hecton8\Library\PackageCache\com.unity.modules.unitywebrequest)
    com.unity.modules.unitywebrequestassetbundle@1.0.0 (location: C:\hades\Hecton8\Library\PackageCache\com.unity.modules.unitywebrequestassetbundle)
    com.unity.modules.unitywebrequestaudio@1.0.0 (location: C:\hades\Hecton8\Library\PackageCache\com.unity.modules.unitywebrequestaudio)
    com.unity.modules.unitywebrequesttexture@1.0.0 (location: C:\hades\Hecton8\Library\PackageCache\com.unity.modules.unitywebrequesttexture)
    com.unity.modules.unitywebrequestwww@1.0.0 (location: C:\hades\Hecton8\Library\PackageCache\com.unity.modules.unitywebrequestwww)
    com.unity.modules.vectorgraphics@1.0.0 (location: C:\hades\Hecton8\Library\PackageCache\com.unity.modules.vectorgraphics)
    com.unity.modules.vehicles@1.0.0 (location: C:\hades\Hecton8\Library\PackageCache\com.unity.modules.vehicles)
    com.unity.modules.video@1.0.0 (location: C:\hades\Hecton8\Library\PackageCache\com.unity.modules.video)
    com.unity.modules.vr@1.0.0 (location: C:\hades\Hecton8\Library\PackageCache\com.unity.modules.vr)
    com.unity.modules.wind@1.0.0 (location: C:\hades\Hecton8\Library\PackageCache\com.unity.modules.wind)
    com.unity.modules.xr@1.0.0 (location: C:\hades\Hecton8\Library\PackageCache\com.unity.modules.xr)
    com.unity.render-pipelines.core@17.4.0 (location: C:\hades\Hecton8\Library\PackageCache\com.unity.render-pipelines.core@e6c93b445dd3)
    com.unity.shadergraph@17.4.0 (location: C:\hades\Hecton8\Library\PackageCache\com.unity.shadergraph@6ab0d236faac)
    com.unity.modules.subsystems@1.0.0 (location: C:\hades\Hecton8\Library\PackageCache\com.unity.modules.subsystems)
    com.unity.modules.hierarchycore@1.0.0 (location: C:\hades\Hecton8\Library\PackageCache\com.unity.modules.hierarchycore)
    com.unity.render-pipelines.universal-config@17.4.0 (location: C:\hades\Hecton8\Library\PackageCache\com.unity.render-pipelines.universal-config@0db4263b9e6b)
    com.unity.collections@6.4.0 (location: C:\hades\Hecton8\Library\PackageCache\com.unity.collections@538ace9075bc)
    com.unity.test-framework@1.6.0 (location: C:\hades\Hecton8\Library\PackageCache\com.unity.test-framework@76560ee600cb)
    com.unity.ext.nunit@2.0.5 (location: C:\hades\Hecton8\Library\PackageCache\com.unity.ext.nunit@d8c07649098d)
  Embedded packages:
    com.coplaydev.unity-mcp@file:C:\hades\Hecton8\Packages\com.coplaydev.unity-mcp (location: C:\hades\Hecton8\Packages\com.coplaydev.unity-mcp)
    com.jbooth.microsplat.core@file:C:\hades\Hecton8\Packages\com.jbooth.microsplat.core (location: C:\hades\Hecton8\Packages\com.jbooth.microsplat.core)
    com.jbooth.microsplat.urp2022@file:C:\hades\Hecton8\Packages\com.jbooth.microsplat.urp2022 (location: C:\hades\Hecton8\Packages\com.jbooth.microsplat.urp2022)
    com.waveharmonic.crest@file:C:\hades\Hecton8\Packages\com.waveharmonic.crest (location: C:\hades\Hecton8\Packages\com.waveharmonic.crest)
[Subsystems] No new subsystems found in resolved package list.
[Package Manager] Done registering packages in 0.08 seconds
[Package Manager] Done resolving packages in 6.78 seconds
[Licensing::Client] Successfully resolved entitlement details
[Package Manager] Lock file was modified
[Package Manager] Registered 62 packages:
  Packages from [https://packages.unity.com]:
    com.unity.ai.navigation@2.0.11 (location: C:\hades\Hecton8\Library\PackageCache\com.unity.ai.navigation@78534c21b27d)
    com.unity.collab-proxy@2.11.4 (location: C:\hades\Hecton8\Library\PackageCache\com.unity.collab-proxy@a5329f833fa8)
    com.unity.inputsystem@1.19.0 (location: C:\hades\Hecton8\Library\PackageCache\com.unity.inputsystem@21a28c3a6c83)
    com.unity.memoryprofiler@1.1.12 (location: C:\hades\Hecton8\Library\PackageCache\com.unity.memoryprofiler@485b5ba42ef5)
    com.unity.nuget.newtonsoft-json@3.2.2 (location: C:\hades\Hecton8\Library\PackageCache\com.unity.nuget.newtonsoft-json@4dfd81071c64)
    com.unity.probuilder@6.0.9 (location: C:\hades\Hecton8\Library\PackageCache\com.unity.probuilder@1f279ab829b7)
    com.unity.sharp-zip-lib@1.4.1 (location: C:\hades\Hecton8\Library\PackageCache\com.unity.sharp-zip-lib@f6e4ef34e4d8)
    com.unity.timeline@1.8.11 (location: C:\hades\Hecton8\Library\PackageCache\com.unity.timeline@bfd27f8016ff)
    com.unity.visualscripting@1.9.11 (location: C:\hades\Hecton8\Library\PackageCache\com.unity.visualscripting@8bed5ad90189)
    com.unity.settings-manager@2.1.1 (location: C:\hades\Hecton8\Library\PackageCache\com.unity.settings-manager@0b8638c5ce86)
    com.unity.burst@1.8.28 (location: C:\hades\Hecton8\Library\PackageCache\com.unity.burst@07790c2d06d9)
    com.unity.mathematics@1.3.3 (location: C:\hades\Hecton8\Library\PackageCache\com.unity.mathematics@19a9377c4ffa)
    com.unity.profiling.core@1.0.3 (location: C:\hades\Hecton8\Library\PackageCache\com.unity.profiling.core@8a49f7027d06)
    com.unity.editorcoroutines@1.0.1 (location: C:\hades\Hecton8\Library\PackageCache\com.unity.editorcoroutines@54394ed3283c)
    com.unity.nuget.mono-cecil@1.11.6 (location: C:\hades\Hecton8\Library\PackageCache\com.unity.nuget.mono-cecil@ecb9724e46ff)
    com.unity.searcher@4.9.4 (location: C:\hades\Hecton8\Library\PackageCache\com.unity.searcher@d45a78918735)
  Built-in packages:
    com.unity.2d.sprite@1.0.0 (location: C:\hades\Hecton8\Library\PackageCache\com.unity.2d.sprite@929df5adbb1f)
    com.unity.render-pipelines.universal@17.4.0 (location: C:\hades\Hecton8\Library\PackageCache\com.unity.render-pipelines.universal@580a03820d50)
    com.unity.ugui@2.0.0 (location: C:\hades\Hecton8\Library\PackageCache\com.unity.ugui@d8a2716f3013)
    com.unity.modules.accessibility@1.0.0 (location: C:\hades\Hecton8\Library\PackageCache\com.unity.modules.accessibility)
    com.unity.modules.ai@1.0.0 (location: C:\hades\Hecton8\Library\PackageCache\com.unity.modules.ai)
    com.unity.modules.androidjni@1.0.0 (location: C:\hades\Hecton8\Library\PackageCache\com.unity.modules.androidjni)
    com.unity.modules.animation@1.0.0 (location: C:\hades\Hecton8\Library\PackageCache\com.unity.modules.animation)
    com.unity.modules.assetbundle@1.0.0 (location: C:\hades\Hecton8\Library\PackageCache\com.unity.modules.assetbundle)
    com.unity.modules.audio@1.0.0 (location: C:\hades\Hecton8\Library\PackageCache\com.unity.modules.audio)
    com.unity.modules.cloth@1.0.0 (location: C:\hades\Hecton8\Library\PackageCache\com.unity.modules.cloth)
    com.unity.modules.director@1.0.0 (location: C:\hades\Hecton8\Library\PackageCache\com.unity.modules.director)
    com.unity.modules.imageconversion@1.0.0 (location: C:\hades\Hecton8\Library\PackageCache\com.unity.modules.imageconversion)
    com.unity.modules.imgui@1.0.0 (location: C:\hades\Hecton8\Library\PackageCache\com.unity.modules.imgui)
    com.unity.modules.jsonserialize@1.0.0 (location: C:\hades\Hecton8\Library\PackageCache\com.unity.modules.jsonserialize)
    com.unity.modules.particlesystem@1.0.0 (location: C:\hades\Hecton8\Library\PackageCache\com.unity.modules.particlesystem)
    com.unity.modules.physics@1.0.0 (location: C:\hades\Hecton8\Library\PackageCache\com.unity.modules.physics)
    com.unity.modules.physics2d@1.0.0 (location: C:\hades\Hecton8\Library\PackageCache\com.unity.modules.physics2d)
    com.unity.modules.screencapture@1.0.0 (location: C:\hades\Hecton8\Library\PackageCache\com.unity.modules.screencapture)
    com.unity.modules.terrain@1.0.0 (location: C:\hades\Hecton8\Library\PackageCache\com.unity.modules.terrain)
    com.unity.modules.terrainphysics@1.0.0 (location: C:\hades\Hecton8\Library\PackageCache\com.unity.modules.terrainphysics)
    com.unity.modules.tilemap@1.0.0 (location: C:\hades\Hecton8\Library\PackageCache\com.unity.modules.tilemap)
    com.unity.modules.ui@1.0.0 (location: C:\hades\Hecton8\Library\PackageCache\com.unity.modules.ui)
    com.unity.modules.uielements@1.0.0 (location: C:\hades\Hecton8\Library\PackageCache\com.unity.modules.uielements)
    com.unity.modules.umbra@1.0.0 (location: C:\hades\Hecton8\Library\PackageCache\com.unity.modules.umbra)
    com.unity.modules.unityanalytics@1.0.0 (location: C:\hades\Hecton8\Library\PackageCache\com.unity.modules.unityanalytics)
    com.unity.modules.unitywebrequest@1.0.0 (location: C:\hades\Hecton8\Library\PackageCache\com.unity.modules.unitywebrequest)
    com.unity.modules.unitywebrequestassetbundle@1.0.0 (location: C:\hades\Hecton8\Library\PackageCache\com.unity.modules.unitywebrequestassetbundle)
    com.unity.modules.unitywebrequestaudio@1.0.0 (location: C:\hades\Hecton8\Library\PackageCache\com.unity.modules.unitywebrequestaudio)
    com.unity.modules.unitywebrequesttexture@1.0.0 (location: C:\hades\Hecton8\Library\PackageCache\com.unity.modules.unitywebrequesttexture)
    com.unity.modules.unitywebrequestwww@1.0.0 (location: C:\hades\Hecton8\Library\PackageCache\com.unity.modules.unitywebrequestwww)
    com.unity.modules.vectorgraphics@1.0.0 (location: C:\hades\Hecton8\Library\PackageCache\com.unity.modules.vectorgraphics)
    com.unity.modules.vehicles@1.0.0 (location: C:\hades\Hecton8\Library\PackageCache\com.unity.modules.vehicles)
    com.unity.modules.video@1.0.0 (location: C:\hades\Hecton8\Library\PackageCache\com.unity.modules.video)
    com.unity.modules.vr@1.0.0 (location: C:\hades\Hecton8\Library\PackageCache\com.unity.modules.vr)
    com.unity.modules.wind@1.0.0 (location: C:\hades\Hecton8\Library\PackageCache\com.unity.modules.wind)
    com.unity.modules.xr@1.0.0 (location: C:\hades\Hecton8\Library\PackageCache\com.unity.modules.xr)
    com.unity.render-pipelines.core@17.4.0 (location: C:\hades\Hecton8\Library\PackageCache\com.unity.render-pipelines.core@e6c93b445dd3)
    com.unity.shadergraph@17.4.0 (location: C:\hades\Hecton8\Library\PackageCache\com.unity.shadergraph@6ab0d236faac)
    com.unity.modules.subsystems@1.0.0 (location: C:\hades\Hecton8\Library\PackageCache\com.unity.modules.subsystems)
    com.unity.modules.hierarchycore@1.0.0 (location: C:\hades\Hecton8\Library\PackageCache\com.unity.modules.hierarchycore)
    com.unity.render-pipelines.universal-config@17.4.0 (location: C:\hades\Hecton8\Library\PackageCache\com.unity.render-pipelines.universal-config@0db4263b9e6b)
  Embedded packages:
    com.coplaydev.unity-mcp@file:C:\hades\Hecton8\Packages\com.coplaydev.unity-mcp (location: C:\hades\Hecton8\Packages\com.coplaydev.unity-mcp)
    com.unity.collections@file:C:\hades\Hecton8\Packages\com.unity.collections (location: C:\hades\Hecton8\Packages\com.unity.collections)
    com.jbooth.microsplat.core@file:C:\hades\Hecton8\Packages\com.jbooth.microsplat.core (location: C:\hades\Hecton8\Packages\com.jbooth.microsplat.core)
    com.jbooth.microsplat.urp2022@file:C:\hades\Hecton8\Packages\com.jbooth.microsplat.urp2022 (location: C:\hades\Hecton8\Packages\com.jbooth.microsplat.urp2022)
    com.waveharmonic.crest@file:C:\hades\Hecton8\Packages\com.waveharmonic.crest (location: C:\hades\Hecton8\Packages\com.waveharmonic.crest)
[ScriptCompilation] Requested script compilation because: Package test assemblies changed
[Subsystems] No new subsystems found in resolved package list.
[Package Manager] Done registering packages in 0.01 seconds
[ScriptCompilation] Requested script compilation because: Assembly Definition File(s) changed
[ScriptCompilation] Requested script compilation because: AssetDatabase observed changes in script compilation related files
Starting: C:\Program Files\Unity\Hub\Editor\6000.4.1f1\Editor\Data\Tools\BuildPipeline\bee_backend.exe --ipc --defer-dag-verification --dagfile="Library/Bee/1900b0aEDbg.dag" --continue-on-failure --profile="Library/Bee/backend1.traceevents" ScriptAssemblies
WorkingDir: C:/hades/Hecton8
DisplayProgressbar: Compiling Scripts
Starting: C:\Program Files\Unity\Hub\Editor\6000.4.1f1\Editor\Data\netcorerun\netcorerun.exe "C:\Program Files\Unity\Hub\Editor\6000.4.1f1\Editor\Data\Tools\BuildPipeline\ScriptCompilationBuildProgram.exe" "Library/Bee/1900b0aEDbg.dag.json" "Library/Bee/1900b0aEDbg-inputdata.json" "Library\Bee\buildprogram0.traceevents"
WorkingDir: C:/hades/Hecton8
ExitCode: 4 Duration: 1s960ms
[1223/1644  0s] ILPP-Configuration Library/ilpp-configuration.nevergeneratedoutput
Rebuilding DAG because FileSignature timestamp changed: Library/Bee/1900b0aEDbg-inputdata.json
*** Tundra requires additional run (1.86 seconds), 1 items updated, 1644 evaluated
ExitCode: 0 Duration: 4s341ms
Starting: C:\Program Files\Unity\Hub\Editor\6000.4.1f1\Editor\Data\Tools\BuildPipeline\bee_backend.exe --ipc --defer-dag-verification --dagfile="Library/Bee/1900b0aEDbg.dag" --continue-on-failure --dagfilejson="Library\Bee\1900b0aEDbg.dag.json" --profile="Library/Bee/backend2.traceevents" ScriptAssemblies
WorkingDir: C:/hades/Hecton8
ExitCode: 3 Duration: 2m:01s
Finished compiling graph: 1648 nodes, 35587 flattened edges (28539 ToBuild, 284 ToUse), maximum node priority 1952
[           0s] Delete 1 artifact files that are no longer in use. (like Library\Bee\artifacts\mvdfrm\Unity.Collections.LowLevel.ILSupport.dll_480CD76956675265.mvfrm)
[ 157/1644  0s] WriteText Library/Bee/artifacts/1900b0aEDbg.dag/UnityEditor.UI.dll.mvfrm.rsp
[ 158/1644  0s] WriteText Library/Bee/artifacts/1900b0aEDbg.dag/Unity.Mathematics.dll.mvfrm.rsp
[ 166/1644  0s] WriteText Library/Bee/artifacts/1900b0aEDbg.dag/UnityEditor.UI.rsp
[ 167/1644  0s] WriteText Library/Bee/artifacts/1900b0aEDbg.dag/UnityEngine.UI.rsp
[ 168/1644  0s] WriteText Library/Bee/artifacts/1900b0aEDbg.dag/UnityEngine.UI.dll.mvfrm.rsp
[ 171/1644  0s] WriteText Library/Bee/artifacts/1900b0aEDbg.dag/Unity.Mathematics.rsp
[ 174/1644  0s] WriteText Library/Bee/artifacts/1900b0aEDbg.dag/Unity.Collections.dll.mvfrm.rsp
[ 179/1644  0s] WriteText Library/Bee/artifacts/1900b0aEDbg.dag/Unity.InputSystem.dll.mvfrm.rsp
[ 180/1644  0s] WriteText Library/Bee/artifacts/1900b0aEDbg.dag/Unity.Collections.rsp
[ 185/1644  0s] WriteText Library/Bee/artifacts/1900b0aEDbg.dag/Unity.InputSystem.rsp
[ 186/1644  0s] WriteText Library/Bee/artifacts/1900b0aEDbg.dag/Unity.RenderPipelines.Core.Runtime.dll.mvfrm.rsp
[ 187/1644  0s] WriteText Library/Bee/artifacts/1900b0aEDbg.dag/Unity.RenderPipelines.Core.Runtime.rsp
[ 205/1644  0s] WriteText Library/Bee/artifacts/1900b0aEDbg.dag/Unity.UnifiedRayTracing.Runtime.dll.mvfrm.rsp
[ 206/1644  0s] WriteText Library/Bee/artifacts/1900b0aEDbg.dag/Unity.PathTracing.Runtime.dll.mvfrm.rsp
[ 207/1644  0s] WriteText Library/Bee/artifacts/1900b0aEDbg.dag/Unity.InternalAPIEngineBridge.RenderPipelines.Core.Runtime.Shared.dll.mvfrm.rsp
[ 208/1644  0s] WriteText Library/Bee/artifacts/1900b0aEDbg.dag/Unity.PathTracing.Runtime.rsp
[ 209/1644  0s] WriteText Library/Bee/artifacts/1900b0aEDbg.dag/Unity.UnifiedRayTracing.Runtime.rsp
[ 212/1644  0s] WriteText Library/Bee/artifacts/1900b0aEDbg.dag/Unity.InternalAPIEngineBridge.RenderPipelines.Core.Runtime.Shared.rsp
[ 213/1644  0s] WriteText Library/Bee/artifacts/1900b0aEDbg.dag/Unity.Collections.CodeGen.rsp
[ 214/1644  0s] WriteText Library/Bee/artifacts/1900b0aEDbg.dag/Unity.RenderPipelines.Core.Runtime.Shared.dll.mvfrm.rsp
[ 215/1644  0s] WriteText Library/Bee/artifacts/1900b0aEDbg.dag/Unity.RenderPipelines.GPUDriven.Runtime.dll.mvfrm.rsp
[ 216/1644  0s] WriteText Library/Bee/artifacts/1900b0aEDbg.dag/Unity.RenderPipeline.Universal.ShaderLibrary.dll.mvfrm.rsp
[ 217/1644  0s] WriteText Library/Bee/artifacts/1900b0aEDbg.dag/Unity.Burst.CodeGen.rsp
[ 218/1644  0s] WriteText Library/Bee/artifacts/1900b0aEDbg.dag/Unity.RenderPipelines.GPUDriven.Runtime.rsp
[ 221/1644  0s] WriteText Library/Bee/artifacts/1900b0aEDbg.dag/Unity.RenderPipelines.Core.Runtime.Shared.rsp
[ 222/1644  0s] WriteText Library/Bee/artifacts/1900b0aEDbg.dag/Unity.SurfaceCache.Runtime.dll.mvfrm.rsp
[ 223/1644  0s] WriteText Library/Bee/artifacts/1900b0aEDbg.dag/Unity.RenderPipeline.Universal.ShaderLibrary.rsp
[ 228/1644  0s] WriteText Library/Bee/artifacts/1900b0aEDbg.dag/Unity.RenderPipelines.Universal.Config.Runtime.dll.mvfrm.rsp
[ 231/1644  0s] WriteText Library/Bee/artifacts/1900b0aEDbg.dag/Unity.SurfaceCache.Runtime.rsp
[ 232/1644  0s] WriteText Library/Bee/artifacts/1900b0aEDbg.dag/Unity.InternalAPIEngineBridge.004.dll.mvfrm.rsp
[ 235/1644  0s] WriteText Library/Bee/artifacts/1900b0aEDbg.dag/Unity.RenderPipelines.Universal.Config.Runtime.rsp
[ 236/1644  0s] WriteText Library/Bee/artifacts/1900b0aEDbg.dag/Unity.RenderPipelines.Universal.Runtime.dll.mvfrm.rsp
[ 237/1644  0s] WriteText Library/Bee/artifacts/1900b0aEDbg.dag/Unity.InternalAPIEngineBridge.004.rsp
[ 240/1644  0s] WriteText Library/Bee/artifacts/1900b0aEDbg.dag/Unity.RenderPipelines.Universal.Runtime.rsp
[ 245/1644  0s] WriteText Library/Bee/artifacts/1900b0aEDbg.dag/Unity.PathTracing.Editor.rsp
[ 246/1644  0s] WriteText Library/Bee/artifacts/1900b0aEDbg.dag/Unity.PathTracing.Editor.dll.mvfrm.rsp
[ 248/1644  0s] WriteText Library/Bee/artifacts/1900b0aEDbg.dag/Unity.VisualScripting.Core.dll.mvfrm.rsp
[ 250/1644  0s] WriteText Library/Bee/artifacts/1900b0aEDbg.dag/Unity.TextMeshPro.dll.mvfrm.rsp
[ 251/1644  0s] WriteText Library/Bee/artifacts/1900b0aEDbg.dag/Unity.TextMeshPro.rsp
[ 252/1644  0s] WriteText Library/Bee/artifacts/1900b0aEDbg.dag/Unity.RenderPipelines.Core.Editor.dll.mvfrm.rsp
[ 253/1644  0s] WriteText Library/Bee/artifacts/1900b0aEDbg.dag/Unity.Searcher.Editor.dll.mvfrm.rsp
[ 254/1644  0s] WriteText Library/Bee/artifacts/1900b0aEDbg.dag/Unity.InternalAPIEditorBridge.ShaderGraph.Editor.dll.mvfrm.rsp
[ 256/1644  0s] WriteResponseFile Library/Bee/artifacts/rsp/4747638433968585886.rsp
[ 260/1644  0s] WriteText Library/Bee/artifacts/1900b0aEDbg.dag/Unity.RenderPipelines.Core.Editor.rsp
[ 262/1644  0s] WriteText Library/Bee/artifacts/1900b0aEDbg.dag/Unity.VisualScripting.Core.rsp
[ 266/1644  0s] WriteText Library/Bee/artifacts/1900b0aEDbg.dag/Lofelt.NiceVibrations.dll.mvfrm.rsp
[ 269/1644  0s] WriteText Library/Bee/artifacts/1900b0aEDbg.dag/Unity.InternalAPIEditorBridge.ShaderGraph.Editor.rsp
[ 270/1644  0s] WriteText Library/Bee/artifacts/1900b0aEDbg.dag/Lofelt.NiceVibrations.rsp
[ 271/1644  0s] WriteText Library/Bee/artifacts/1900b0aEDbg.dag/Unity.Searcher.Editor.rsp
[ 272/1644  0s] WriteText Library/Bee/artifacts/1900b0aEDbg.dag/Unity.ShaderGraph.Utilities.rsp
[ 273/1644  0s] WriteText Library/Bee/artifacts/1900b0aEDbg.dag/Unity.ShaderGraph.Utilities.dll.mvfrm.rsp
[ 274/1644  0s] WriteText Library/Bee/artifacts/1900b0aEDbg.dag/Unity.VisualScripting.Core.Editor.dll.mvfrm.rsp
[ 275/1644  0s] WriteText Library/Bee/artifacts/1900b0aEDbg.dag/Unity.VisualScripting.Flow.rsp
[ 290/1644  0s] WriteText Library/Bee/artifacts/1900b0aEDbg.dag/Unity.VisualScripting.Flow.dll.mvfrm.rsp
[ 291/1644  0s] WriteText Library/Bee/artifacts/1900b0aEDbg.dag/Unity.ShaderGraph.Editor.dll.mvfrm.rsp
[ 292/1644  0s] WriteText Library/Bee/artifacts/1900b0aEDbg.dag/MoreMountains.Tools.dll.mvfrm.rsp
[ 293/1644  0s] WriteText Library/Bee/artifacts/1900b0aEDbg.dag/Unity.VisualScripting.Core.Editor.rsp
[ 294/1644  0s] WriteText Library/Bee/artifacts/1900b0aEDbg.dag/Unity.ShaderGraph.Editor.rsp
[ 295/1644  0s] WriteText Library/Bee/artifacts/1900b0aEDbg.dag/MoreMountains.Tools.rsp
[ 303/1644  0s] WriteText Library/Bee/artifacts/1900b0aEDbg.dag/WaveHarmonic.Crest.Shared.dll.mvfrm.rsp
[ 304/1644  0s] WriteText Library/Bee/artifacts/1900b0aEDbg.dag/Unity.ProBuilder.KdTree.dll.mvfrm.rsp
[ 309/1644  0s] WriteText Library/Bee/artifacts/1900b0aEDbg.dag/Unity.ProBuilder.Poly2Tri.dll.mvfrm.rsp
[ 323/1644  0s] WriteText Library/Bee/artifacts/1900b0aEDbg.dag/Unity.ProBuilder.Poly2Tri.rsp
[ 324/1644  0s] WriteText Library/Bee/artifacts/1900b0aEDbg.dag/Unity.ProBuilder.KdTree.rsp
[ 325/1644  0s] WriteText Library/Bee/artifacts/1900b0aEDbg.dag/WaveHarmonic.Crest.Shared.rsp
[ 326/1644  0s] WriteText Library/Bee/artifacts/1900b0aEDbg.dag/Unity.VisualScripting.State.dll.mvfrm.rsp
[ 327/1644  0s] WriteText Library/Bee/artifacts/1900b0aEDbg.dag/Unity.Profiling.Core.dll.mvfrm.rsp
[ 328/1644  0s] WriteText Library/Bee/artifacts/1900b0aEDbg.dag/Unity.VisualScripting.Flow.Editor.dll.mvfrm.rsp
[ 329/1644  0s] WriteText Library/Bee/artifacts/1900b0aEDbg.dag/Unity.VisualScripting.State.rsp
[ 330/1644  0s] WriteText Library/Bee/artifacts/1900b0aEDbg.dag/Unity.VisualScripting.Flow.Editor.rsp
[ 331/1644  0s] WriteText Library/Bee/artifacts/1900b0aEDbg.dag/Unity.Profiling.Core.rsp
[ 332/1644  0s] WriteText Library/Bee/artifacts/1900b0aEDbg.dag/Unity.AI.Navigation.Editor.ConversionSystem.dll.mvfrm.rsp
[ 333/1644  0s] WriteText Library/Bee/artifacts/1900b0aEDbg.dag/Unity.AI.Navigation.dll.mvfrm.rsp
[ 334/1644  0s] WriteText Library/Bee/artifacts/1900b0aEDbg.dag/Den.Tools.dll.mvfrm.rsp
[ 335/1644  0s] WriteText Library/Bee/artifacts/1900b0aEDbg.dag/Unity.ProBuilder.dll.mvfrm.rsp
[ 336/1644  0s] WriteText Library/Bee/artifacts/1900b0aEDbg.dag/Unity.ProBuilder.AssetIdRemapUtility.dll.mvfrm.rsp
[ 337/1644  0s] WriteText Library/Bee/artifacts/1900b0aEDbg.dag/Unity.AI.Navigation.Editor.ConversionSystem.rsp
[ 338/1644  0s] WriteText Library/Bee/artifacts/1900b0aEDbg.dag/MoreMountains.Feedbacks.dll.mvfrm.rsp
[ 343/1644  0s] WriteText Library/Bee/artifacts/1900b0aEDbg.dag/Den.Tools.rsp
[ 344/1644  0s] WriteText Library/Bee/artifacts/1900b0aEDbg.dag/Unity.EditorCoroutines.Editor.dll.mvfrm.rsp
[ 347/1644  0s] WriteText Library/Bee/artifacts/1900b0aEDbg.dag/Unity.ProBuilder.rsp
[ 348/1644  0s] WriteText Library/Bee/artifacts/1900b0aEDbg.dag/Unity.AI.Navigation.rsp
[ 349/1644  0s] WriteText Library/Bee/artifacts/1900b0aEDbg.dag/Unity.MemoryProfiler.dll.mvfrm.rsp
[ 350/1644  0s] WriteText Library/Bee/artifacts/1900b0aEDbg.dag/Unity.Mathematics.Editor.dll.mvfrm.rsp
[ 351/1644  0s] WriteText Library/Bee/artifacts/1900b0aEDbg.dag/Unity.Settings.Editor.dll.mvfrm.rsp
[ 352/1644  0s] WriteText Library/Bee/artifacts/1900b0aEDbg.dag/Unity.Settings.Editor.rsp
[ 353/1644  0s] WriteText Library/Bee/artifacts/1900b0aEDbg.dag/Unity.ProBuilder.AssetIdRemapUtility.rsp
[ 354/1644  0s] WriteText Library/Bee/artifacts/1900b0aEDbg.dag/Unity.EditorCoroutines.Editor.rsp
[ 355/1644  0s] WriteText Library/Bee/artifacts/1900b0aEDbg.dag/Unity.Burst.Editor.dll.mvfrm.rsp
[ 356/1644  0s] WriteText Library/Bee/artifacts/1900b0aEDbg.dag/Unity.RenderPipelines.Core.Editor.Shared.dll.mvfrm.rsp
[ 357/1644  0s] WriteText Library/Bee/artifacts/1900b0aEDbg.dag/Unity.MemoryProfiler.rsp
[ 362/1644  0s] WriteText Library/Bee/artifacts/1900b0aEDbg.dag/MoreMountains.Feedbacks.rsp
[ 363/1644  0s] WriteText Library/Bee/artifacts/1900b0aEDbg.dag/Unity.RenderPipelines.Universal.2D.Runtime.dll.mvfrm.rsp
[ 364/1644  0s] WriteText Library/Bee/artifacts/1900b0aEDbg.dag/Unity.RenderPipelines.Core.Editor.Shared.rsp
[ 365/1644  0s] WriteText Library/Bee/artifacts/1900b0aEDbg.dag/Unity.Burst.Editor.rsp
[ 366/1644  0s] WriteText Library/Bee/artifacts/1900b0aEDbg.dag/Unity.RenderPipelines.Universal.2D.Runtime.rsp
[ 367/1644  0s] WriteText Library/Bee/artifacts/1900b0aEDbg.dag/Unity.Mathematics.Editor.rsp
[ 372/1644  0s] WriteText Library/Bee/artifacts/1900b0aEDbg.dag/Unity.ProBuilder.Csg.dll.mvfrm.rsp
[ 373/1644  0s] WriteText Library/Bee/artifacts/1900b0aEDbg.dag/Unity.ProBuilder.Stl.dll.mvfrm.rsp
[ 392/1644  0s] WriteText Library/Bee/artifacts/1900b0aEDbg.dag/WaveHarmonic.Crest.Shared.Editor.dll.mvfrm.rsp
[ 407/1644  0s] WriteText Library/Bee/artifacts/1900b0aEDbg.dag/WaveHarmonic.Crest.Shared.Editor.rsp
[ 408/1644  0s] WriteText Library/Bee/artifacts/1900b0aEDbg.dag/Unity.ProBuilder.Stl.rsp
[ 409/1644  0s] WriteText Library/Bee/artifacts/1900b0aEDbg.dag/Unity.ProBuilder.Csg.rsp
[ 410/1644  0s] WriteText Library/Bee/artifacts/1900b0aEDbg.dag/Hecton8.Input.Generated.dll.mvfrm.rsp
[ 411/1644  0s] WriteText Library/Bee/artifacts/1900b0aEDbg.dag/Hecton8.Input.Generated.rsp
[ 412/1644  0s] WriteText Library/Bee/artifacts/1900b0aEDbg.dag/MapMagic.dll.mvfrm.rsp
[ 413/1644  0s] WriteText Library/Bee/artifacts/1900b0aEDbg.dag/Unity.MemoryProfiler.Editor.dll.mvfrm.rsp
[ 414/1644  0s] WriteText Library/Bee/artifacts/1900b0aEDbg.dag/Unity.ProBuilder.Editor.dll.mvfrm.rsp
[ 415/1644  0s] WriteText Library/Bee/artifacts/1900b0aEDbg.dag/Unity.AI.Navigation.Editor.dll.mvfrm.rsp
[ 416/1644  0s] WriteText Library/Bee/artifacts/1900b0aEDbg.dag/Unity.Timeline.dll.mvfrm.rsp
[ 417/1644  0s] WriteText Library/Bee/artifacts/1900b0aEDbg.dag/Unity.VisualScripting.State.Editor.dll.mvfrm.rsp
[ 418/1644  0s] WriteText Library/Bee/artifacts/1900b0aEDbg.dag/Unity.AI.Navigation.Editor.rsp
[ 419/1644  0s] WriteText Library/Bee/artifacts/1900b0aEDbg.dag/Unity.Timeline.rsp
[ 420/1644  0s] WriteText Library/Bee/artifacts/1900b0aEDbg.dag/WaveHarmonic.Crest.rsp
[ 421/1644  0s] WriteText Library/Bee/artifacts/1900b0aEDbg.dag/Unity.MemoryProfiler.Editor.rsp
[ 423/1644  0s] WriteText Library/Bee/artifacts/1900b0aEDbg.dag/ShapesRuntime.dll.mvfrm.rsp
[ 424/1644  0s] WriteText Library/Bee/artifacts/1900b0aEDbg.dag/Unity.ProBuilder.Editor.rsp
[ 425/1644  0s] WriteText Library/Bee/artifacts/1900b0aEDbg.dag/EasySave3.dll.mvfrm.rsp
[ 428/1644  0s] WriteText Library/Bee/artifacts/1900b0aEDbg.dag/MapMagic.rsp
[ 429/1644  0s] WriteText Library/Bee/artifacts/1900b0aEDbg.dag/VolumetricLightBeam.dll.mvfrm.rsp
[ 431/1644  0s] WriteText Library/Bee/artifacts/1900b0aEDbg.dag/Crest.dll.mvfrm.rsp
[ 432/1644  0s] WriteText Library/Bee/artifacts/1900b0aEDbg.dag/GPUInstancer.dll.mvfrm.rsp
[ 433/1644  0s] WriteText Library/Bee/artifacts/1900b0aEDbg.dag/VolumetricLightBeam.rsp
[ 434/1644  0s] WriteText Library/Bee/artifacts/1900b0aEDbg.dag/Unity.VisualScripting.State.Editor.rsp
[ 435/1644  0s] WriteText Library/Bee/artifacts/1900b0aEDbg.dag/ShapesRuntime.rsp
[ 436/1644  0s] WriteText Library/Bee/artifacts/1900b0aEDbg.dag/EasySave3.rsp
[ 437/1644  0s] WriteText Library/Bee/artifacts/1900b0aEDbg.dag/Crest.rsp
[ 438/1644  0s] WriteText Library/Bee/artifacts/1900b0aEDbg.dag/WaveHarmonic.Crest.dll.mvfrm.rsp
[ 439/1644  0s] WriteText Library/Bee/artifacts/1900b0aEDbg.dag/Den.Tools.Editor.dll.mvfrm.rsp
[ 440/1644  0s] WriteText Library/Bee/artifacts/1900b0aEDbg.dag/AstarPathfindingProject.dll.mvfrm.rsp
[ 441/1644  0s] WriteText Library/Bee/artifacts/1900b0aEDbg.dag/GPUInstancer.rsp
[ 442/1644  0s] WriteText Library/Bee/artifacts/1900b0aEDbg.dag/Hecton8.World.Contracts.dll.mvfrm.rsp
[ 443/1644  0s] WriteText Library/Bee/artifacts/1900b0aEDbg.dag/MoreMountains.Feedbacks.MMTools.dll.mvfrm.rsp
[ 444/1644  0s] WriteText Library/Bee/artifacts/1900b0aEDbg.dag/Unity.RenderPipelines.Universal.Editor.dll.mvfrm.rsp
[ 445/1644  0s] WriteText Library/Bee/artifacts/1900b0aEDbg.dag/Hecton8.Bootstrap.Contracts.dll.mvfrm.rsp
[ 446/1644  0s] WriteText Library/Bee/artifacts/1900b0aEDbg.dag/Den.Tools.Editor.rsp
[ 447/1644  0s] WriteText Library/Bee/artifacts/1900b0aEDbg.dag/Hecton8.Input.dll.mvfrm.rsp
[ 463/1644  0s] WriteText Library/Bee/artifacts/1900b0aEDbg.dag/MoreMountains.Feedbacks.MMTools.rsp
[ 473/1644  0s] WriteText Library/Bee/artifacts/1900b0aEDbg.dag/Unity.RenderPipelines.Universal.Editor.rsp
[ 519/1644  0s] WriteText Library/Bee/artifacts/1900b0aEDbg.dag/AstarPathfindingProject.rsp
[ 520/1644  0s] WriteText Library/Bee/artifacts/1900b0aEDbg.dag/Hecton8.World.Contracts.rsp
[ 521/1644  0s] WriteText Library/Bee/artifacts/1900b0aEDbg.dag/Hecton8.Bootstrap.Contracts.rsp
[ 522/1644  0s] WriteText Library/Bee/artifacts/1900b0aEDbg.dag/Hecton8.Input.rsp
[ 523/1644  0s] WriteText Library/Bee/artifacts/1900b0aEDbg.dag/Hecton8.Core.dll.mvfrm.rsp
[ 524/1644  0s] WriteText Library/Bee/artifacts/1900b0aEDbg.dag/MoreMountains.Feedbacks.TextMeshPro.dll.mvfrm.rsp
[ 525/1644  0s] WriteText Library/Bee/artifacts/1900b0aEDbg.dag/Tayx.Graphy.dll.mvfrm.rsp
[ 526/1644  0s] WriteText Library/Bee/artifacts/1900b0aEDbg.dag/MoreMountains.Feedbacks.NiceVibrations.dll.mvfrm.rsp
[ 527/1644  0s] WriteText Library/Bee/artifacts/1900b0aEDbg.dag/Unity.PlasticSCM.Editor.rsp
[ 528/1644  0s] WriteText Library/Bee/artifacts/1900b0aEDbg.dag/MoreMountains.Feedbacks.HDRP.dll.mvfrm.rsp
[ 530/1644  0s] WriteText Library/Bee/artifacts/1900b0aEDbg.dag/MeshBakerCore.dll.mvfrm.rsp
[ 531/1644  0s] WriteText Library/Bee/artifacts/1900b0aEDbg.dag/MapMagic.Editor.dll.mvfrm.rsp
[ 532/1644  0s] WriteText Library/Bee/artifacts/1900b0aEDbg.dag/MoreMountains.Feedbacks.Cinemachine.dll.mvfrm.rsp
[ 533/1644  0s] WriteText Library/Bee/artifacts/1900b0aEDbg.dag/MCPForUnity.Runtime.dll.mvfrm.rsp
[ 534/1644  0s] WriteText Library/Bee/artifacts/1900b0aEDbg.dag/AmplifyImpostors.Runtime.dll.mvfrm.rsp
[ 535/1644  0s] WriteText Library/Bee/artifacts/1900b0aEDbg.dag/MoreMountains.Feedbacks.PostProcessing.dll.mvfrm.rsp
[ 536/1644  0s] WriteText Library/Bee/artifacts/1900b0aEDbg.dag/MapMagic.MicroSplat.dll.mvfrm.rsp
[ 537/1644  0s] WriteText Library/Bee/artifacts/1900b0aEDbg.dag/MoreMountains.Feedbacks.URP.dll.mvfrm.rsp
[ 538/1644  0s] WriteText Library/Bee/artifacts/1900b0aEDbg.dag/BakeryRuntimeAssembly.dll.mvfrm.rsp
[ 539/1644  0s] WriteText Library/Bee/artifacts/1900b0aEDbg.dag/MapMagic.MicroSplat.rsp
[ 540/1644  0s] WriteText Library/Bee/artifacts/1900b0aEDbg.dag/PackageToolsEditor.dll.mvfrm.rsp
[ 541/1644  0s] WriteText Library/Bee/artifacts/1900b0aEDbg.dag/BakeryRuntimeAssembly.rsp
[ 542/1644  0s] WriteText Library/Bee/artifacts/1900b0aEDbg.dag/MeshBakerCore.rsp
[ 543/1644  0s] WriteText Library/Bee/artifacts/1900b0aEDbg.dag/MapMagic.Editor.rsp
[ 544/1644  0s] WriteText Library/Bee/artifacts/1900b0aEDbg.dag/JBooth.MicroSplat.Core.Editor.rsp
[ 545/1644  0s] WriteText Library/Bee/artifacts/1900b0aEDbg.dag/PackageToolsEditor.rsp
[ 546/1644  0s] WriteText Library/Bee/artifacts/1900b0aEDbg.dag/Hecton8.Core.rsp
[ 547/1644  0s] WriteText Library/Bee/artifacts/1900b0aEDbg.dag/Tayx.Graphy.rsp
[ 548/1644  0s] WriteText Library/Bee/artifacts/1900b0aEDbg.dag/MCPForUnity.Runtime.rsp
[ 549/1644  0s] WriteText Library/Bee/artifacts/1900b0aEDbg.dag/MoreMountains.Feedbacks.TextMeshPro.rsp
[ 550/1644  0s] WriteText Library/Bee/artifacts/1900b0aEDbg.dag/MoreMountains.Feedbacks.PostProcessing.rsp
[ 551/1644  0s] WriteText Library/Bee/artifacts/1900b0aEDbg.dag/MoreMountains.Feedbacks.NiceVibrations.rsp
[ 552/1644  0s] WriteText Library/Bee/artifacts/1900b0aEDbg.dag/MoreMountains.Feedbacks.URP.rsp
[ 553/1644  0s] WriteText Library/Bee/artifacts/1900b0aEDbg.dag/Unity.Collections.Editor.dll.mvfrm.rsp
[ 554/1644  0s] WriteText Library/Bee/artifacts/1900b0aEDbg.dag/AmplifyImpostors.Runtime.rsp
[ 555/1644  0s] WriteText Library/Bee/artifacts/1900b0aEDbg.dag/MoreMountains.Feedbacks.HDRP.rsp
[ 556/1644  0s] WriteText Library/Bee/artifacts/1900b0aEDbg.dag/Unity.RenderPipelines.Core.ShaderLibrary.dll.mvfrm.rsp
[ 557/1644  0s] WriteText Library/Bee/artifacts/1900b0aEDbg.dag/MoreMountains.Feedbacks.Cinemachine.rsp
[ 558/1644  0s] WriteText Library/Bee/artifacts/1900b0aEDbg.dag/Unity.SharpZipLib.Utils.dll.mvfrm.rsp
[ 559/1644  0s] WriteText Library/Bee/artifacts/1900b0aEDbg.dag/Unity.Timeline.Editor.dll.mvfrm.rsp
[ 560/1644  0s] WriteText Library/Bee/artifacts/1900b0aEDbg.dag/UnityEditor.UI.Analytics.dll.mvfrm.rsp
[ 561/1644  0s] WriteText Library/Bee/artifacts/1900b0aEDbg.dag/Unity.RenderPipelines.ShaderGraph.ShaderGraphLibrary.dll.mvfrm.rsp
[ 562/1644  0s] WriteText Library/Bee/artifacts/1900b0aEDbg.dag/Unity.MemoryProfiler.Editor.MemoryProfilerModule.dll.mvfrm.rsp
[ 563/1644  0s] WriteText Library/Bee/artifacts/1900b0aEDbg.dag/Unity.RenderPipelines.Universal.2D.Editor.Overrides.dll.mvfrm.rsp
[ 564/1644  0s] WriteText Library/Bee/artifacts/1900b0aEDbg.dag/Unity.2D.Sprite.Editor.dll.mvfrm.rsp
[ 565/1644  0s] WriteText Library/Bee/artifacts/1900b0aEDbg.dag/Unity.TextMeshPro.Editor.dll.mvfrm.rsp
[ 566/1644  0s] WriteText Library/Bee/artifacts/1900b0aEDbg.dag/Unity.VisualScripting.SettingsProvider.Editor.dll.mvfrm.rsp
[ 567/1644  0s] WriteText Library/Bee/artifacts/1900b0aEDbg.dag/Unity.RenderPipelines.Universal.Shaders.dll.mvfrm.rsp
[ 576/1644  0s] WriteText Library/Bee/artifacts/1900b0aEDbg.dag/Unity.SharpZipLib.Editor.dll.mvfrm.rsp
[ 580/1644  0s] WriteText Library/Bee/artifacts/1900b0aEDbg.dag/Unity.AI.Navigation.Updater.dll.mvfrm.rsp
[ 599/1644  0s] WriteText Library/Bee/artifacts/1900b0aEDbg.dag/Unity.ProBuilder.AddOns.Editor.dll.mvfrm.rsp
[ 614/1644  0s] WriteText Library/Bee/artifacts/1900b0aEDbg.dag/Unity.Rendering.LightTransport.Editor.dll.mvfrm.rsp
[ 615/1644  0s] WriteText Library/Bee/artifacts/1900b0aEDbg.dag/Unity.InputSystem.ForUI.dll.mvfrm.rsp
[ 616/1644  0s] WriteText Library/Bee/artifacts/1900b0aEDbg.dag/Unity.VisualScripting.Shared.Editor.dll.mvfrm.rsp
[ 617/1644  0s] WriteText Library/Bee/artifacts/1900b0aEDbg.dag/Unity.VisualScripting.Shared.Editor.rsp
[ 618/1644  0s] WriteText Library/Bee/artifacts/1900b0aEDbg.dag/Unity.VisualScripting.SettingsProvider.Editor.rsp
[ 619/1644  0s] WriteText Library/Bee/artifacts/1900b0aEDbg.dag/Unity.TextMeshPro.Editor.rsp
[ 620/1644  0s] WriteText Library/Bee/artifacts/1900b0aEDbg.dag/Unity.Timeline.Editor.rsp
[ 621/1644  0s] WriteText Library/Bee/artifacts/1900b0aEDbg.dag/UnityEditor.UI.Analytics.rsp
[ 622/1644  0s] WriteText Library/Bee/artifacts/1900b0aEDbg.dag/Unity.Rendering.LightTransport.Editor.rsp
[ 623/1644  0s] WriteText Library/Bee/artifacts/1900b0aEDbg.dag/Unity.SharpZipLib.Editor.rsp
[ 624/1644  0s] WriteText Library/Bee/artifacts/1900b0aEDbg.dag/Unity.SharpZipLib.Utils.rsp
[ 625/1644  0s] WriteText Library/Bee/artifacts/1900b0aEDbg.dag/Unity.RenderPipelines.Universal.Shaders.rsp
[ 626/1644  0s] WriteText Library/Bee/artifacts/1900b0aEDbg.dag/Unity.RenderPipelines.ShaderGraph.ShaderGraphLibrary.rsp
[ 627/1644  0s] WriteText Library/Bee/artifacts/1900b0aEDbg.dag/Unity.RenderPipelines.Core.ShaderLibrary.rsp
[ 628/1644  0s] WriteText Library/Bee/artifacts/1900b0aEDbg.dag/Unity.MemoryProfiler.Editor.MemoryProfilerModule.rsp
[ 629/1644  0s] WriteText Library/Bee/artifacts/1900b0aEDbg.dag/Unity.RenderPipelines.Universal.2D.Editor.Overrides.rsp
[ 630/1644  0s] WriteText Library/Bee/artifacts/1900b0aEDbg.dag/Unity.ProBuilder.AddOns.Editor.rsp
[ 632/1644  0s] WriteText Library/Bee/artifacts/1900b0aEDbg.dag/Unity.Collections.Editor.rsp
[ 633/1644  0s] WriteText Library/Bee/artifacts/1900b0aEDbg.dag/Unity.InputSystem.ForUI.rsp
[ 634/1644  0s] WriteText Library/Bee/artifacts/1900b0aEDbg.dag/Unity.AI.Navigation.Updater.rsp
[ 635/1644  0s] WriteText Library/Bee/artifacts/1900b0aEDbg.dag/Unity.2D.Sprite.Editor.rsp
[ 636/1644  0s] WriteText Library/Bee/artifacts/1900b0aEDbg.dag/MoreMountains.Feedbacks.Editor.dll.mvfrm.rsp
[ 637/1644  0s] WriteText Library/Bee/artifacts/1900b0aEDbg.dag/BakeryEditorAssembly.dll.mvfrm.rsp
[ 638/1644  0s] WriteText Library/Bee/artifacts/1900b0aEDbg.dag/TechniePhysicsCreator.dll.mvfrm.rsp
[ 639/1644  0s] WriteText Library/Bee/artifacts/1900b0aEDbg.dag/MCPForUnity.Editor.dll.mvfrm.rsp
[ 640/1644  0s] WriteText Library/Bee/artifacts/1900b0aEDbg.dag/Crest.Helpers.Editor.dll.mvfrm.rsp
[ 641/1644  0s] WriteText Library/Bee/artifacts/1900b0aEDbg.dag/MapMagic.MicroSplat.Editor.dll.mvfrm.rsp
[ 642/1644  0s] WriteText Library/Bee/artifacts/1900b0aEDbg.dag/VolumetricLightBeam.Editor.dll.mvfrm.rsp
[ 643/1644  0s] WriteText Library/Bee/artifacts/1900b0aEDbg.dag/MoreMountains.Tools.Editor.dll.mvfrm.rsp
[ 644/1644  0s] WriteText Library/Bee/artifacts/1900b0aEDbg.dag/MeshBakerEditor.dll.mvfrm.rsp
[ 645/1644  0s] WriteText Library/Bee/artifacts/1900b0aEDbg.dag/EasySave3Editor.dll.mvfrm.rsp
[ 646/1644  0s] WriteText Library/Bee/artifacts/1900b0aEDbg.dag/Tayx.Graphy.Editor.dll.mvfrm.rsp
[ 647/1644  0s] WriteText Library/Bee/artifacts/1900b0aEDbg.dag/GPUInstancer.Editor.dll.mvfrm.rsp
[ 648/1644  0s] WriteText Library/Bee/artifacts/1900b0aEDbg.dag/AmplifyImpostors.Editor.dll.mvfrm.rsp
[ 649/1644  0s] WriteText Library/Bee/artifacts/1900b0aEDbg.dag/WaveHarmonic.Crest.Scripting.dll.mvfrm.rsp
[ 650/1644  0s] WriteText Library/Bee/artifacts/1900b0aEDbg.dag/AstarPathfindingProjectEditor.dll.mvfrm.rsp
[ 651/1644  0s] WriteText Library/Bee/artifacts/1900b0aEDbg.dag/ShapesEditor.dll.mvfrm.rsp
[ 652/1644  0s] WriteText Library/Bee/artifacts/1900b0aEDbg.dag/RealtimeCSG.dll.mvfrm.rsp
[ 653/1644  0s] WriteText Library/Bee/artifacts/1900b0aEDbg.dag/Hecton8.Editor.dll.mvfrm.rsp
[ 654/1644  0s] WriteText Library/Bee/artifacts/1900b0aEDbg.dag/Lofelt.NiceVibrations.Demo.dll.mvfrm.rsp
[ 655/1644  0s] WriteText Library/Bee/artifacts/1900b0aEDbg.dag/Sirenix.OdinInspector.Modules.UnityMathematics.dll.mvfrm.rsp
[ 656/1644  0s] WriteText Library/Bee/artifacts/1900b0aEDbg.dag/Lofelt.NiceVibrations.Editor.dll.mvfrm.rsp
[ 657/1644  0s] WriteText Library/Bee/artifacts/1900b0aEDbg.dag/MoreMountains.Feedbacks.Authorizations.dll.mvfrm.rsp
[ 658/1644  0s] WriteText Library/Bee/artifacts/1900b0aEDbg.dag/EasySave3Editor.rsp
[ 659/1644  0s] WriteText Library/Bee/artifacts/1900b0aEDbg.dag/TechniePhysicsCreator.rsp
[ 660/1644  0s] WriteText Library/Bee/artifacts/1900b0aEDbg.dag/BakeryEditorAssembly.rsp
[ 661/1644  0s] WriteText Library/Bee/artifacts/1900b0aEDbg.dag/Sirenix.OdinInspector.Modules.UnityMathematics.rsp
[ 662/1644  0s] WriteText Library/Bee/artifacts/1900b0aEDbg.dag/Lofelt.NiceVibrations.Editor.rsp
[ 663/1644  0s] WriteText Library/Bee/artifacts/1900b0aEDbg.dag/AmplifyImpostors.Editor.rsp
[ 664/1644  0s] WriteText Library/Bee/artifacts/1900b0aEDbg.dag/Lofelt.NiceVibrations.Demo.rsp
[ 665/1644  0s] WriteText Library/Bee/artifacts/1900b0aEDbg.dag/Tayx.Graphy.Editor.rsp
[ 666/1644  0s] WriteText Library/Bee/artifacts/1900b0aEDbg.dag/VolumetricLightBeam.Editor.rsp
[ 667/1644  0s] WriteText Library/Bee/artifacts/1900b0aEDbg.dag/Hecton8.Editor.rsp
[ 668/1644  0s] WriteText Library/Bee/artifacts/1900b0aEDbg.dag/Crest.Helpers.Editor.rsp
[ 669/1644  0s] WriteText Library/Bee/artifacts/1900b0aEDbg.dag/MoreMountains.Tools.Editor.rsp
[ 670/1644  0s] WriteText Library/Bee/artifacts/1900b0aEDbg.dag/MoreMountains.Feedbacks.Authorizations.rsp
[ 671/1644  0s] WriteText Library/Bee/artifacts/1900b0aEDbg.dag/MapMagic.MicroSplat.Editor.rsp
[ 672/1644  0s] WriteText Library/Bee/artifacts/1900b0aEDbg.dag/MoreMountains.Feedbacks.Editor.rsp
[ 673/1644  0s] WriteText Library/Bee/artifacts/1900b0aEDbg.dag/ShapesEditor.rsp
[ 676/1644  0s] WriteText Library/Bee/artifacts/1900b0aEDbg.dag/RealtimeCSG.rsp
[ 677/1644  0s] WriteText Library/Bee/artifacts/1900b0aEDbg.dag/MeshBakerEditor.rsp
[ 682/1644  0s] WriteText Library/Bee/artifacts/1900b0aEDbg.dag/AstarPathfindingProjectEditor.rsp
[ 683/1644  0s] WriteText Library/Bee/artifacts/1900b0aEDbg.dag/WaveHarmonic.Crest.Scripting.rsp
[ 684/1644  0s] WriteText Library/Bee/artifacts/1900b0aEDbg.dag/Assembly-CSharp-firstpass.dll.mvfrm.rsp
[ 685/1644  0s] WriteText Library/Bee/artifacts/1900b0aEDbg.dag/Assembly-CSharp-Editor-firstpass.dll.mvfrm.rsp
[ 686/1644  0s] WriteText Library/Bee/artifacts/1900b0aEDbg.dag/Assembly-CSharp-firstpass.rsp
[ 687/1644  0s] WriteText Library/Bee/artifacts/1900b0aEDbg.dag/GPUInstancer.Editor.rsp
[ 688/1644  0s] WriteText Library/Bee/artifacts/1900b0aEDbg.dag/Assembly-CSharp.dll.mvfrm.rsp
[ 689/1644  0s] WriteText Library/Bee/artifacts/1900b0aEDbg.dag/MCPForUnity.Editor.rsp
[ 690/1644  0s] WriteText Library/Bee/artifacts/1900b0aEDbg.dag/Assembly-CSharp.rsp
[ 691/1644  0s] WriteText Library/Bee/artifacts/1900b0aEDbg.dag/WaveHarmonic.Crest.Samples.dll.mvfrm.rsp
[ 693/1644  0s] WriteText Library/Bee/artifacts/1900b0aEDbg.dag/Assembly-CSharp-Editor-firstpass.rsp
[ 694/1644  0s] WriteText Library/Bee/artifacts/1900b0aEDbg.dag/WaveHarmonic.Crest.Editor.Dependents.dll.mvfrm.rsp
[ 698/1644  0s] WriteText Library/Bee/artifacts/1900b0aEDbg.dag/Unity.CollabProxy.Editor.dll.mvfrm.rsp
[ 709/1644  0s] WriteText Library/Bee/artifacts/1900b0aEDbg.dag/Unity.PlasticSCM.Editor.Entities.dll.mvfrm.rsp
[ 712/1644  0s] WriteText Library/Bee/artifacts/1900b0aEDbg.dag/WaveHarmonic.Crest.Editor.dll.mvfrm.rsp
[ 713/1644  0s] WriteText Library/Bee/artifacts/1900b0aEDbg.dag/Assembly-CSharp-Editor.dll.mvfrm.rsp
[ 714/1644  0s] WriteText Library/Bee/artifacts/1900b0aEDbg.dag/Technie.PhysicsCreator.Updater.dll.mvfrm.rsp
[ 715/1644  0s] WriteText Library/Bee/artifacts/1900b0aEDbg.dag/MapMagic.Settings.dll.mvfrm.rsp
[ 716/1644  0s] WriteText Library/Bee/artifacts/1900b0aEDbg.dag/WaveHarmonic.Crest.Samples.rsp
[ 717/1644  0s] WriteText Library/Bee/artifacts/1900b0aEDbg.dag/WaveHarmonic.Crest.Editor.rsp
[ 718/1644  0s] WriteText Library/Bee/artifacts/1900b0aEDbg.dag/Unity.PlasticSCM.Editor.Entities.rsp
[ 719/1644  0s] WriteText Library/Bee/artifacts/1900b0aEDbg.dag/Assembly-CSharp-Editor.rsp
[ 720/1644  0s] WriteText Library/Bee/artifacts/1900b0aEDbg.dag/MapMagic.Settings.rsp
[ 722/1644  0s] WriteText Library/Bee/artifacts/1900b0aEDbg.dag/WaveHarmonic.Crest.Editor.Dependents.rsp
[ 723/1644  0s] WriteText Library/Bee/artifacts/1900b0aEDbg.dag/Technie.PhysicsCreator.Updater.rsp
[ 724/1644  0s] WriteResponseFile Library/Bee/artifacts/rsp/16280743343789145462.rsp
[ 725/1644  0s] WriteText Library/Bee/artifacts/1900b0aEDbg.dag/Unity.CollabProxy.Editor.rsp
[ 726/1644  0s] WriteResponseFile Library/Bee/artifacts/rsp/13812888927544324737.rsp
[ 727/1644  0s] WriteResponseFile Library/Bee/artifacts/rsp/16259108325220449070.rsp
[ 728/1644  0s] WriteResponseFile Library/Bee/artifacts/rsp/8352540489763676303.rsp
[ 729/1644  0s] WriteResponseFile Library/Bee/artifacts/rsp/16868173504329741775.rsp
[ 730/1644  0s] WriteResponseFile Library/Bee/artifacts/rsp/3050411730461426618.rsp
[ 731/1644  0s] WriteResponseFile Library/Bee/artifacts/rsp/5437769195855483410.rsp
[ 732/1644  0s] WriteResponseFile Library/Bee/artifacts/rsp/11556721456661460103.rsp
[ 733/1644  0s] WriteResponseFile Library/Bee/artifacts/rsp/16245942533418964222.rsp
[ 734/1644  0s] WriteResponseFile Library/Bee/artifacts/rsp/1263284055226029663.rsp
[ 735/1644  0s] WriteResponseFile Library/Bee/artifacts/rsp/9523896272125829617.rsp
[ 736/1644  0s] WriteResponseFile Library/Bee/artifacts/rsp/3591788522332290529.rsp
[ 737/1644  0s] WriteResponseFile Library/Bee/artifacts/rsp/12826685123125824019.rsp
[ 738/1644  0s] WriteResponseFile Library/Bee/artifacts/rsp/663317943886722861.rsp
[ 739/1644  0s] WriteResponseFile Library/Bee/artifacts/rsp/3524915965688733585.rsp
[ 740/1644  0s] WriteResponseFile Library/Bee/artifacts/rsp/10061567675400582526.rsp
[ 741/1644  0s] WriteResponseFile Library/Bee/artifacts/rsp/8294100515912051134.rsp
[ 742/1644  0s] WriteResponseFile Library/Bee/artifacts/rsp/10737166954586391488.rsp
[ 743/1644  0s] WriteResponseFile Library/Bee/artifacts/rsp/10024200538832084055.rsp
[ 744/1644  0s] WriteResponseFile Library/Bee/artifacts/rsp/14811776502145285846.rsp
[ 745/1644  0s] WriteResponseFile Library/Bee/artifacts/rsp/10807252783537422240.rsp
[ 746/1644  0s] WriteResponseFile Library/Bee/artifacts/rsp/146586721694071335.rsp
[ 747/1644  0s] WriteResponseFile Library/Bee/artifacts/rsp/513504051141761607.rsp
[ 748/1644  0s] WriteResponseFile Library/Bee/artifacts/rsp/13278440290851158717.rsp
[ 749/1644  0s] WriteResponseFile Library/Bee/artifacts/rsp/2750718114250301858.rsp
[ 750/1644  0s] WriteResponseFile Library/Bee/artifacts/rsp/997739259942172784.rsp
[ 751/1644  0s] WriteResponseFile Library/Bee/artifacts/rsp/1679197209529901891.rsp
[ 752/1644  0s] WriteResponseFile Library/Bee/artifacts/rsp/10655299430136202450.rsp
[ 753/1644  0s] WriteResponseFile Library/Bee/artifacts/rsp/5068094731376506261.rsp
[ 754/1644  0s] WriteResponseFile Library/Bee/artifacts/rsp/815582727997124698.rsp
[ 755/1644  0s] WriteResponseFile Library/Bee/artifacts/rsp/4082344215324493762.rsp
[ 756/1644  0s] WriteResponseFile Library/Bee/artifacts/rsp/16080073493790036600.rsp
[ 757/1644  0s] WriteResponseFile Library/Bee/artifacts/rsp/1640936259373679437.rsp
[ 758/1644  0s] WriteResponseFile Library/Bee/artifacts/rsp/11759583280135874267.rsp
[ 759/1644  0s] WriteResponseFile Library/Bee/artifacts/rsp/312309801395586450.rsp
[ 760/1644  0s] WriteResponseFile Library/Bee/artifacts/rsp/4172707023850728460.rsp
[ 761/1644  0s] WriteResponseFile Library/Bee/artifacts/rsp/9761865380786859028.rsp
[ 762/1644  0s] WriteResponseFile Library/Bee/artifacts/rsp/17206416036114848451.rsp
[ 763/1644  0s] WriteResponseFile Library/Bee/artifacts/rsp/14539713768323031873.rsp
[ 764/1644  0s] WriteResponseFile Library/Bee/artifacts/rsp/9263707530294325947.rsp
[ 765/1644  0s] WriteResponseFile Library/Bee/artifacts/rsp/1790374775883721841.rsp
[ 766/1644  0s] WriteResponseFile Library/Bee/artifacts/rsp/15345395123426929137.rsp
[ 767/1644  0s] WriteResponseFile Library/Bee/artifacts/rsp/12642482374746149726.rsp
[ 769/1644  0s] WriteResponseFile Library/Bee/artifacts/rsp/13435875145466805545.rsp
[ 770/1644  0s] WriteResponseFile Library/Bee/artifacts/rsp/8209900647369793526.rsp
[ 771/1644  0s] WriteResponseFile Library/Bee/artifacts/rsp/8841336325097677336.rsp
[ 772/1644  0s] WriteResponseFile Library/Bee/artifacts/rsp/14944518940209746966.rsp
[ 773/1644  0s] WriteResponseFile Library/Bee/artifacts/rsp/14913067531129770977.rsp
[ 774/1644  0s] WriteResponseFile Library/Bee/artifacts/rsp/9206500608165089184.rsp
[ 775/1644  0s] WriteResponseFile Library/Bee/artifacts/rsp/12974872470249852953.rsp
[ 776/1644  0s] WriteResponseFile Library/Bee/artifacts/rsp/11029034450048853292.rsp
[ 777/1644  0s] WriteResponseFile Library/Bee/artifacts/rsp/7045526637208854022.rsp
[ 778/1644  0s] WriteResponseFile Library/Bee/artifacts/rsp/8842736054171868425.rsp
[ 779/1644  0s] WriteResponseFile Library/Bee/artifacts/rsp/1724611974032065035.rsp
[ 780/1644  0s] WriteResponseFile Library/Bee/artifacts/rsp/8385572841680547847.rsp
[ 781/1644  0s] WriteResponseFile Library/Bee/artifacts/rsp/507141329372647684.rsp
[ 782/1644  0s] WriteResponseFile Library/Bee/artifacts/rsp/9975385383016718558.rsp
[ 783/1644  0s] WriteResponseFile Library/Bee/artifacts/rsp/15087186566765641305.rsp
[ 784/1644  0s] WriteResponseFile Library/Bee/artifacts/rsp/339782785790857274.rsp
[ 785/1644  0s] WriteResponseFile Library/Bee/artifacts/rsp/3701870579560361197.rsp
[ 786/1644  0s] WriteResponseFile Library/Bee/artifacts/rsp/8393518277035340159.rsp
[ 787/1644  0s] WriteResponseFile Library/Bee/artifacts/rsp/13279423640760612673.rsp
[ 788/1644  0s] WriteResponseFile Library/Bee/artifacts/rsp/3297512147342836980.rsp
[ 789/1644  0s] WriteResponseFile Library/Bee/artifacts/rsp/12027308485851658839.rsp
[ 790/1644  0s] WriteResponseFile Library/Bee/artifacts/rsp/9450249782903758578.rsp
[ 791/1644  0s] WriteResponseFile Library/Bee/artifacts/rsp/5169470423345436067.rsp
[ 792/1644  0s] WriteResponseFile Library/Bee/artifacts/rsp/5244213630488137546.rsp
[ 793/1644  0s] WriteResponseFile Library/Bee/artifacts/rsp/8095851013255142305.rsp
[ 794/1644  0s] WriteResponseFile Library/Bee/artifacts/rsp/17876187647272723585.rsp
[ 795/1644  0s] WriteResponseFile Library/Bee/artifacts/rsp/1414624249334333641.rsp
[ 796/1644  0s] WriteResponseFile Library/Bee/artifacts/rsp/14651922630097680662.rsp
[ 797/1644  0s] WriteResponseFile Library/Bee/artifacts/rsp/5865780743437936625.rsp
[ 798/1644  0s] WriteResponseFile Library/Bee/artifacts/rsp/5465071027294452425.rsp
[ 799/1644  0s] WriteResponseFile Library/Bee/artifacts/rsp/14874015097140158965.rsp
[ 800/1644  0s] WriteResponseFile Library/Bee/artifacts/rsp/7429754328999314785.rsp
[ 801/1644  0s] WriteResponseFile Library/Bee/artifacts/rsp/4193507190395681767.rsp
[ 802/1644  0s] WriteResponseFile Library/Bee/artifacts/rsp/10382692468203510510.rsp
[ 803/1644  0s] WriteResponseFile Library/Bee/artifacts/rsp/11332417161109625413.rsp
[ 804/1644  0s] WriteResponseFile Library/Bee/artifacts/rsp/5712859670010231491.rsp
[ 805/1644  0s] WriteResponseFile Library/Bee/artifacts/rsp/16142651297996988846.rsp
[ 806/1644  0s] WriteResponseFile Library/Bee/artifacts/rsp/1368919720426971504.rsp
[ 807/1644  0s] WriteResponseFile Library/Bee/artifacts/rsp/2994099991019843295.rsp
[ 808/1644  0s] WriteResponseFile Library/Bee/artifacts/rsp/8542480778973874011.rsp
[ 809/1644  0s] WriteResponseFile Library/Bee/artifacts/rsp/17626248429526979731.rsp
[ 810/1644  0s] WriteResponseFile Library/Bee/artifacts/rsp/10756517099639384098.rsp
[ 811/1644  0s] WriteResponseFile Library/Bee/artifacts/rsp/1191125675877671024.rsp
[ 812/1644  0s] WriteResponseFile Library/Bee/artifacts/rsp/862228858913129562.rsp
[ 813/1644  0s] WriteResponseFile Library/Bee/artifacts/rsp/12391268863132583056.rsp
[ 814/1644  0s] WriteResponseFile Library/Bee/artifacts/rsp/18365255511867171480.rsp
[ 815/1644  0s] WriteResponseFile Library/Bee/artifacts/rsp/8160633778266953362.rsp
[ 816/1644  0s] WriteResponseFile Library/Bee/artifacts/rsp/7917304513136103991.rsp
[ 817/1644  0s] WriteResponseFile Library/Bee/artifacts/rsp/5147072719652273855.rsp
[ 818/1644  0s] WriteResponseFile Library/Bee/artifacts/rsp/7913233347246397287.rsp
[ 819/1644  0s] WriteResponseFile Library/Bee/artifacts/rsp/4495572836693869671.rsp
[ 820/1644  0s] WriteResponseFile Library/Bee/artifacts/rsp/11793066456053230617.rsp
[ 821/1644  0s] WriteResponseFile Library/Bee/artifacts/rsp/4992332091840867526.rsp
[ 822/1644  0s] WriteResponseFile Library/Bee/artifacts/rsp/17487438117723563502.rsp
[ 823/1644  0s] WriteResponseFile Library/Bee/artifacts/rsp/17183149037825225594.rsp
[ 824/1644  0s] WriteResponseFile Library/Bee/artifacts/rsp/15985480389207366606.rsp
[ 825/1644  0s] WriteResponseFile Library/Bee/artifacts/rsp/3667958637624612074.rsp
[ 826/1644  0s] WriteResponseFile Library/Bee/artifacts/rsp/16186684979044175686.rsp
[ 827/1644  0s] WriteResponseFile Library/Bee/artifacts/rsp/12244479590358847285.rsp
[ 828/1644  0s] WriteResponseFile Library/Bee/artifacts/rsp/7480027478895629309.rsp
[ 829/1644  0s] WriteResponseFile Library/Bee/artifacts/rsp/10280151241497969650.rsp
[ 830/1644  0s] WriteResponseFile Library/Bee/artifacts/rsp/2280164839559588017.rsp
[ 831/1644  0s] WriteResponseFile Library/Bee/artifacts/rsp/8299739285166830595.rsp
[ 832/1644  0s] WriteResponseFile Library/Bee/artifacts/rsp/2328560252820195396.rsp
[ 833/1644  0s] WriteResponseFile Library/Bee/artifacts/rsp/909421529371613712.rsp
[ 834/1644  0s] WriteResponseFile Library/Bee/artifacts/rsp/5480968442609612319.rsp
[ 835/1644  0s] WriteResponseFile Library/Bee/artifacts/rsp/7045246832102146154.rsp
[ 836/1644  0s] WriteResponseFile Library/Bee/artifacts/rsp/11130754485139705694.rsp
[ 837/1644  0s] WriteResponseFile Library/Bee/artifacts/rsp/10769723696871697124.rsp
[ 838/1644  0s] WriteResponseFile Library/Bee/artifacts/rsp/2123039382149407573.rsp
[ 839/1644  0s] WriteResponseFile Library/Bee/artifacts/rsp/17988470143670526433.rsp
[ 840/1644  0s] WriteResponseFile Library/Bee/artifacts/rsp/13384744696760241180.rsp
[ 841/1644  0s] WriteResponseFile Library/Bee/artifacts/rsp/8259271663070631083.rsp
[ 842/1644  0s] WriteResponseFile Library/Bee/artifacts/rsp/4231056368997063253.rsp
[ 843/1644  0s] WriteResponseFile Library/Bee/artifacts/rsp/7307018743345469276.rsp
[ 844/1644  0s] WriteResponseFile Library/Bee/artifacts/rsp/13382816160479536584.rsp
[ 845/1644  0s] WriteResponseFile Library/Bee/artifacts/rsp/3700639767894506374.rsp
[ 846/1644  0s] WriteResponseFile Library/Bee/artifacts/rsp/10790154314721026069.rsp
[ 847/1644  0s] WriteResponseFile Library/Bee/artifacts/rsp/10783871755175974729.rsp
[ 848/1644  0s] WriteResponseFile Library/Bee/artifacts/rsp/13111862135879654926.rsp
[ 849/1644  0s] WriteResponseFile Library/Bee/artifacts/rsp/13367752273439125745.rsp
[ 850/1644  0s] WriteResponseFile Library/Bee/artifacts/rsp/18171093248618435635.rsp
[ 851/1644  0s] WriteResponseFile Library/Bee/artifacts/rsp/13937618220218904785.rsp
[ 852/1644  0s] WriteResponseFile Library/Bee/artifacts/rsp/12423361703144951130.rsp
[ 853/1644  0s] WriteResponseFile Library/Bee/artifacts/rsp/10350836612437539011.rsp
[ 854/1644  0s] WriteResponseFile Library/Bee/artifacts/rsp/15607649557060790178.rsp
[ 855/1644  0s] WriteResponseFile Library/Bee/artifacts/rsp/13682376782780570807.rsp
[ 856/1644  0s] WriteResponseFile Library/Bee/artifacts/rsp/8482265139851380363.rsp
[ 857/1644  0s] WriteResponseFile Library/Bee/artifacts/rsp/2349787212995086999.rsp
[ 858/1644  0s] WriteResponseFile Library/Bee/artifacts/rsp/3374092467779639547.rsp
[ 859/1644  0s] WriteResponseFile Library/Bee/artifacts/rsp/17278736735188021267.rsp
[ 860/1644  0s] WriteResponseFile Library/Bee/artifacts/rsp/15112065493507149036.rsp
[ 861/1644  0s] WriteResponseFile Library/Bee/artifacts/rsp/2853590492422197269.rsp
[ 862/1644  0s] WriteResponseFile Library/Bee/artifacts/rsp/447114772576213250.rsp
[ 863/1644  0s] WriteResponseFile Library/Bee/artifacts/rsp/13283745091630919918.rsp
[ 864/1644  0s] MovedFromExtractor Library/Bee/artifacts/mvdfrm/Unity.Collections.LowLevel.ILSupport.dll_A00C4AD205D55C53.mvfrm
[ 865/1644  0s] MovedFromExtractor-Combine Library/Bee/artifacts/1900b0aEDbg.dag/UnityEngine.UI.dll.mvfrm
[           0s] Csc Library/Bee/artifacts/1900b0aEDbg.dag/UnityEngine.UI.dll (+2 others) [CacheMiss 1868557815e521242132186e02ee88d700000000000000000000000000000006]
[ 866/1644  4s] Csc Library/Bee/artifacts/1900b0aEDbg.dag/UnityEngine.UI.dll (+2 others)
[           0s] Csc Library/Bee/artifacts/1900b0aEDbg.dag/UnityEngine.UI.dll (+2 others) [CacheWrite 1868557815e521242132186e02ee88d700000000000000000000000000000006]
[ 868/1644  0s] MovedFromExtractor-Combine Library/Bee/artifacts/1900b0aEDbg.dag/UnityEditor.UI.dll.mvfrm
[           0s] Csc Library/Bee/artifacts/1900b0aEDbg.dag/UnityEditor.UI.dll (+2 others) [CacheMiss 9f0a7810e9cc8a4c5028bf785be0b52a00000000000000000000000000000006]
[ 869/1644  1s] Csc Library/Bee/artifacts/1900b0aEDbg.dag/UnityEditor.UI.dll (+2 others)
[           0s] Csc Library/Bee/artifacts/1900b0aEDbg.dag/UnityEditor.UI.dll (+2 others) [CacheWrite 9f0a7810e9cc8a4c5028bf785be0b52a00000000000000000000000000000006]
[           0s] Csc Library/Bee/artifacts/1900b0aEDbg.dag/Unity.Burst.CodeGen.dll (+2 others) [CacheMiss 1290bbe8c3e491822cfdc1b07ff293ac00000000000000000000000000000006]
[ 875/1644  0s] MovedFromExtractor-Combine Library/Bee/artifacts/1900b0aEDbg.dag/Unity.InternalAPIEditorBridge.ShaderGraph.Editor.dll.mvfrm
[ 876/1644  0s] MovedFromExtractor-Combine Library/Bee/artifacts/1900b0aEDbg.dag/Unity.InternalAPIEngineBridge.004.dll.mvfrm
[ 877/1644  0s] MovedFromExtractor-Combine Library/Bee/artifacts/1900b0aEDbg.dag/Unity.InternalAPIEngineBridge.RenderPipelines.Core.Runtime.Shared.dll.mvfrm
[ 878/1644  0s] MovedFromExtractor-Combine Library/Bee/artifacts/1900b0aEDbg.dag/Unity.InputSystem.dll.mvfrm
[ 879/1644  0s] MovedFromExtractor-Combine Library/Bee/artifacts/1900b0aEDbg.dag/Unity.Searcher.Editor.dll.mvfrm
[ 880/1644  0s] MovedFromExtractor-Combine Library/Bee/artifacts/1900b0aEDbg.dag/Unity.ShaderGraph.Utilities.dll.mvfrm
[ 881/1644  0s] MovedFromExtractor-Combine Library/Bee/artifacts/1900b0aEDbg.dag/Unity.Mathematics.dll.mvfrm
[           0s] Csc Library/Bee/artifacts/1900b0aEDbg.dag/Unity.InternalAPIEngineBridge.004.dll (+2 others) [CacheMiss 4ae71d5281bf36f75280aa182186aa6e00000000000000000000000000000006]
[           0s] Csc Library/Bee/artifacts/1900b0aEDbg.dag/Unity.InternalAPIEngineBridge.RenderPipelines.Core.Runtime.Shared.dll (+2 others) [CacheMiss dc555374bdd86eb617d2a83812ae7aaa00000000000000000000000000000006]
[           0s] Csc Library/Bee/artifacts/1900b0aEDbg.dag/Unity.InputSystem.dll (+2 others) [CacheMiss b0931f0793035215be70ae84b3d42d5e00000000000000000000000000000006]
[           0s] Csc Library/Bee/artifacts/1900b0aEDbg.dag/Unity.InternalAPIEditorBridge.ShaderGraph.Editor.dll (+2 others) [CacheMiss 4a60858874a580e607fa4aeaca42a54600000000000000000000000000000006]
[           0s] Csc Library/Bee/artifacts/1900b0aEDbg.dag/Unity.ShaderGraph.Utilities.dll (+2 others) [CacheMiss ad65cf2eb4dc1708da01fdfe5f46d35c00000000000000000000000000000006]
[           0s] Csc Library/Bee/artifacts/1900b0aEDbg.dag/Unity.Searcher.Editor.dll (+2 others) [CacheMiss c5c4ee01ffd57ca5d8a3de5f614253bc00000000000000000000000000000006]
[           0s] Csc Library/Bee/artifacts/1900b0aEDbg.dag/Unity.Mathematics.dll (+2 others) [CacheMiss f01242ed3a39bf63d64a2b4e4858811f00000000000000000000000000000006]
[ 882/1644  1s] Csc Library/Bee/artifacts/1900b0aEDbg.dag/Unity.InternalAPIEditorBridge.ShaderGraph.Editor.dll (+2 others)
[ 883/1644  1s] Csc Library/Bee/artifacts/1900b0aEDbg.dag/Unity.InternalAPIEngineBridge.RenderPipelines.Core.Runtime.Shared.dll (+2 others)
[           0s] Csc Library/Bee/artifacts/1900b0aEDbg.dag/Unity.InternalAPIEditorBridge.ShaderGraph.Editor.dll (+2 others) [CacheWrite 4a60858874a580e607fa4aeaca42a54600000000000000000000000000000006]
[ 885/1644  2s] Csc Library/Bee/artifacts/1900b0aEDbg.dag/Unity.ShaderGraph.Utilities.dll (+2 others)
[           0s] Csc Library/Bee/artifacts/1900b0aEDbg.dag/Unity.InternalAPIEngineBridge.RenderPipelines.Core.Runtime.Shared.dll (+2 others) [CacheWrite dc555374bdd86eb617d2a83812ae7aaa00000000000000000000000000000006]
[ 887/1644  2s] Csc Library/Bee/artifacts/1900b0aEDbg.dag/Unity.InternalAPIEngineBridge.004.dll (+2 others)
[           0s] Csc Library/Bee/artifacts/1900b0aEDbg.dag/Unity.ShaderGraph.Utilities.dll (+2 others) [CacheWrite ad65cf2eb4dc1708da01fdfe5f46d35c00000000000000000000000000000006]
[           0s] Csc Library/Bee/artifacts/1900b0aEDbg.dag/Unity.InternalAPIEngineBridge.004.dll (+2 others) [CacheWrite 4ae71d5281bf36f75280aa182186aa6e00000000000000000000000000000006]
[ 890/1644  0s] MovedFromExtractor-Combine Library/Bee/artifacts/1900b0aEDbg.dag/Unity.ProBuilder.KdTree.dll.mvfrm
[ 891/1644  2s] Csc Library/Bee/artifacts/1900b0aEDbg.dag/Unity.Burst.CodeGen.dll (+2 others)
[ 892/1644  0s] MovedFromExtractor-Combine Library/Bee/artifacts/1900b0aEDbg.dag/Unity.ProBuilder.Poly2Tri.dll.mvfrm
[           0s] Csc Library/Bee/artifacts/1900b0aEDbg.dag/Unity.ProBuilder.KdTree.dll (+2 others) [CacheMiss 6ba2721bf826133a33935c5a18893f4200000000000000000000000000000006]
[           0s] Csc Library/Bee/artifacts/1900b0aEDbg.dag/Unity.ProBuilder.Poly2Tri.dll (+2 others) [CacheMiss 25bd14176e20ce34f966f4ff71a3ca6a00000000000000000000000000000006]
[           0s] Csc Library/Bee/artifacts/1900b0aEDbg.dag/Unity.Burst.CodeGen.dll (+2 others) [CacheWrite 1290bbe8c3e491822cfdc1b07ff293ac00000000000000000000000000000006]
[ 893/1644  2s] Csc Library/Bee/artifacts/1900b0aEDbg.dag/Unity.Searcher.Editor.dll (+2 others)
[ 894/1644  0s] MovedFromExtractor-Combine Library/Bee/artifacts/1900b0aEDbg.dag/Unity.TextMeshPro.dll.mvfrm
[ 895/1644  0s] MovedFromExtractor-Combine Library/Bee/artifacts/1900b0aEDbg.dag/Unity.Profiling.Core.dll.mvfrm
[           0s] Csc Library/Bee/artifacts/1900b0aEDbg.dag/Unity.Searcher.Editor.dll (+2 others) [CacheWrite c5c4ee01ffd57ca5d8a3de5f614253bc00000000000000000000000000000006]
[           0s] Csc Library/Bee/artifacts/1900b0aEDbg.dag/Unity.TextMeshPro.dll (+2 others) [CacheMiss 8054c13a0b2ea5770e336085958e89b300000000000000000000000000000006]
[           0s] Csc Library/Bee/artifacts/1900b0aEDbg.dag/Unity.Profiling.Core.dll (+2 others) [CacheMiss 6b34c526bcb10fb902f6e1f3fcfde5b900000000000000000000000000000006]
[ 897/1644  0s] MovedFromExtractor-Combine Library/Bee/artifacts/1900b0aEDbg.dag/Unity.AI.Navigation.Editor.ConversionSystem.dll.mvfrm
[ 898/1644  0s] MovedFromExtractor-Combine Library/Bee/artifacts/1900b0aEDbg.dag/Unity.AI.Navigation.dll.mvfrm
[ 899/1644  0s] MovedFromExtractor-Combine Library/Bee/artifacts/1900b0aEDbg.dag/Den.Tools.dll.mvfrm
[           0s] Csc Library/Bee/artifacts/1900b0aEDbg.dag/Unity.AI.Navigation.dll (+2 others) [CacheMiss 174951af3ed1df3e705efffb70fe4f7e00000000000000000000000000000006]
[ 900/1644  1s] Csc Library/Bee/artifacts/1900b0aEDbg.dag/Unity.Profiling.Core.dll (+2 others)
[           0s] Csc Library/Bee/artifacts/1900b0aEDbg.dag/Unity.Profiling.Core.dll (+2 others) [CacheWrite 6b34c526bcb10fb902f6e1f3fcfde5b900000000000000000000000000000006]
[ 901/1644  2s] Csc Library/Bee/artifacts/1900b0aEDbg.dag/Unity.ProBuilder.KdTree.dll (+2 others)
[           0s] Csc Library/Bee/artifacts/1900b0aEDbg.dag/Unity.AI.Navigation.Editor.ConversionSystem.dll (+2 others) [CacheMiss d495b20ee0d76a0a85ecd02ee55f668200000000000000000000000000000006]
[           0s] Csc Library/Bee/artifacts/1900b0aEDbg.dag/Unity.ProBuilder.KdTree.dll (+2 others) [CacheWrite 6ba2721bf826133a33935c5a18893f4200000000000000000000000000000006]
[ 903/1644  2s] Csc Library/Bee/artifacts/1900b0aEDbg.dag/Unity.ProBuilder.Poly2Tri.dll (+2 others)
[ 904/1644  0s] MovedFromExtractor-Combine Library/Bee/artifacts/1900b0aEDbg.dag/Unity.EditorCoroutines.Editor.dll.mvfrm
[           0s] Csc Library/Bee/artifacts/1900b0aEDbg.dag/Unity.ProBuilder.Poly2Tri.dll (+2 others) [CacheWrite 25bd14176e20ce34f966f4ff71a3ca6a00000000000000000000000000000006]
[ 906/1644  0s] MovedFromExtractor-Combine Library/Bee/artifacts/1900b0aEDbg.dag/Unity.Settings.Editor.dll.mvfrm
[ 907/1644  0s] MovedFromExtractor-Combine Library/Bee/artifacts/1900b0aEDbg.dag/Unity.ProBuilder.dll.mvfrm
[           0s] Csc Library/Bee/artifacts/1900b0aEDbg.dag/Unity.ProBuilder.dll (+2 others) [CacheMiss e4c77014beddc9a32d9d94aedd45ff1600000000000000000000000000000006]
[ 908/1644  2s] Csc Library/Bee/artifacts/1900b0aEDbg.dag/Unity.AI.Navigation.dll (+2 others)
[ 909/1644  0s] MovedFromExtractor-Combine Library/Bee/artifacts/1900b0aEDbg.dag/Unity.ProBuilder.AssetIdRemapUtility.dll.mvfrm
[           0s] Csc Library/Bee/artifacts/1900b0aEDbg.dag/Unity.AI.Navigation.dll (+2 others) [CacheWrite 174951af3ed1df3e705efffb70fe4f7e00000000000000000000000000000006]
[           0s] Csc Library/Bee/artifacts/1900b0aEDbg.dag/Unity.ProBuilder.AssetIdRemapUtility.dll (+2 others) [CacheMiss d6486ac7c9a3180bc7d40d9245f4d28400000000000000000000000000000006]
[ 910/1644  0s] MovedFromExtractor-Combine Library/Bee/artifacts/1900b0aEDbg.dag/Unity.MemoryProfiler.dll.mvfrm
[           0s] Csc Library/Bee/artifacts/1900b0aEDbg.dag/Unity.MemoryProfiler.dll (+2 others) [CacheMiss 2e21f9c4ba355801241323fa055230fd00000000000000000000000000000006]
[ 911/1644  4s] Csc Library/Bee/artifacts/1900b0aEDbg.dag/Unity.AI.Navigation.Editor.ConversionSystem.dll (+2 others)
[           0s] Csc Library/Bee/artifacts/1900b0aEDbg.dag/Unity.AI.Navigation.Editor.ConversionSystem.dll (+2 others) [CacheWrite d495b20ee0d76a0a85ecd02ee55f668200000000000000000000000000000006]
[ 912/1644  2s] Csc Library/Bee/artifacts/1900b0aEDbg.dag/Unity.MemoryProfiler.dll (+2 others)
[           0s] Csc Library/Bee/artifacts/1900b0aEDbg.dag/Unity.MemoryProfiler.dll (+2 others) [CacheWrite 2e21f9c4ba355801241323fa055230fd00000000000000000000000000000006]
[           0s] Csc Library/Bee/artifacts/1900b0aEDbg.dag/Unity.Settings.Editor.dll (+2 others) [CacheMiss dcdeabeb11e46cbe772ddada20eda19e00000000000000000000000000000006]
[           0s] Csc Library/Bee/artifacts/1900b0aEDbg.dag/Unity.EditorCoroutines.Editor.dll (+2 others) [CacheMiss 0345309fc4efdb16b8eac77cddca2f1d00000000000000000000000000000006]
[ 913/1644  8s] Csc Library/Bee/artifacts/1900b0aEDbg.dag/Den.Tools.dll (+2 others)
Assets\MapMagic\Tools\Extensions\Texture2DExtensions.cs(350,48): warning CS0618: 'TextureFormat.PVRTC_RGBA4' is obsolete: 'Texture compression format PVRTC has been deprecated and will be removed in a future release'
[ 914/1644  0s] MovedFromExtractor-Combine Library/Bee/artifacts/1900b0aEDbg.dag/Unity.Burst.Editor.dll.mvfrm
[           0s] Csc Library/Bee/artifacts/1900b0aEDbg.dag/Unity.Burst.Editor.dll (+2 others) [CacheMiss b0c504d1d775034354e60904343ecd1c00000000000000000000000000000006]
[ 915/1644  7s] Csc Library/Bee/artifacts/1900b0aEDbg.dag/Unity.ProBuilder.AssetIdRemapUtility.dll (+2 others)
[           0s] Csc Library/Bee/artifacts/1900b0aEDbg.dag/Unity.ProBuilder.AssetIdRemapUtility.dll (+2 others) [CacheWrite d6486ac7c9a3180bc7d40d9245f4d28400000000000000000000000000000006]
[ 916/1644  0s] MovedFromExtractor-Combine Library/Bee/artifacts/1900b0aEDbg.dag/Unity.ProBuilder.Stl.dll.mvfrm
[ 917/1644  0s] MovedFromExtractor-Combine Library/Bee/artifacts/1900b0aEDbg.dag/Unity.ProBuilder.Csg.dll.mvfrm
[ 918/1644  4s] Csc Library/Bee/artifacts/1900b0aEDbg.dag/Unity.EditorCoroutines.Editor.dll (+2 others)
[           0s] Csc Library/Bee/artifacts/1900b0aEDbg.dag/Unity.ProBuilder.Csg.dll (+2 others) [CacheMiss 085f2e050905bc038dc5e99d7ac3a81c00000000000000000000000000000006]
[           0s] Csc Library/Bee/artifacts/1900b0aEDbg.dag/Unity.EditorCoroutines.Editor.dll (+2 others) [CacheWrite 0345309fc4efdb16b8eac77cddca2f1d00000000000000000000000000000006]
[           0s] Csc Library/Bee/artifacts/1900b0aEDbg.dag/Unity.ProBuilder.Stl.dll (+2 others) [CacheMiss ef9b82fcf55d17f2a9f8c2bc74249d2900000000000000000000000000000006]
[ 919/1644  2s] Csc Library/Bee/artifacts/1900b0aEDbg.dag/Unity.ProBuilder.Stl.dll (+2 others)
[           0s] Csc Library/Bee/artifacts/1900b0aEDbg.dag/Unity.ProBuilder.Stl.dll (+2 others) [CacheWrite ef9b82fcf55d17f2a9f8c2bc74249d2900000000000000000000000000000006]
[ 927/1644  8s] Csc Library/Bee/artifacts/1900b0aEDbg.dag/Unity.Settings.Editor.dll (+2 others)
[           0s] Csc Library/Bee/artifacts/1900b0aEDbg.dag/Unity.Settings.Editor.dll (+2 others) [CacheWrite dcdeabeb11e46cbe772ddada20eda19e00000000000000000000000000000006]
[ 929/1644  3s] Csc Library/Bee/artifacts/1900b0aEDbg.dag/Unity.ProBuilder.Csg.dll (+2 others)
[ 930/1644  0s] MovedFromExtractor-Combine Library/Bee/artifacts/1900b0aEDbg.dag/MapMagic.dll.mvfrm
[           0s] Csc Library/Bee/artifacts/1900b0aEDbg.dag/Unity.ProBuilder.Csg.dll (+2 others) [CacheWrite 085f2e050905bc038dc5e99d7ac3a81c00000000000000000000000000000006]
[ 932/1644  0s] MovedFromExtractor-Combine Library/Bee/artifacts/1900b0aEDbg.dag/Unity.AI.Navigation.Editor.dll.mvfrm
[ 933/1644  0s] MovedFromExtractor-Combine Library/Bee/artifacts/1900b0aEDbg.dag/Unity.Timeline.dll.mvfrm
[           0s] Csc Library/Bee/artifacts/1900b0aEDbg.dag/Unity.AI.Navigation.Editor.dll (+2 others) [CacheMiss 0688761696b5372633340966f1e4527b00000000000000000000000000000006]
[           0s] Csc Library/Bee/artifacts/1900b0aEDbg.dag/Unity.Timeline.dll (+2 others) [CacheMiss f92f11d82c9d3812413de9299464dc2300000000000000000000000000000006]
[ 934/1644 18s] Csc Library/Bee/artifacts/1900b0aEDbg.dag/Unity.TextMeshPro.dll (+2 others)
[           0s] Csc Library/Bee/artifacts/1900b0aEDbg.dag/Unity.TextMeshPro.dll (+2 others) [CacheWrite 8054c13a0b2ea5770e336085958e89b300000000000000000000000000000006]
[ 936/1644 15s] Csc Library/Bee/artifacts/1900b0aEDbg.dag/Unity.ProBuilder.dll (+2 others)
[ 937/1644  0s] MovedFromExtractor-Combine Library/Bee/artifacts/1900b0aEDbg.dag/Den.Tools.Editor.dll.mvfrm
[           0s] Csc Library/Bee/artifacts/1900b0aEDbg.dag/Unity.ProBuilder.dll (+2 others) [CacheWrite e4c77014beddc9a32d9d94aedd45ff1600000000000000000000000000000006]
[ 939/1644  0s] MovedFromExtractor-Combine Library/Bee/artifacts/1900b0aEDbg.dag/AstarPathfindingProject.dll.mvfrm
[ 940/1644  0s] MovedFromExtractor-Combine Library/Bee/artifacts/1900b0aEDbg.dag/Unity.ProBuilder.Editor.dll.mvfrm
[ 941/1644  0s] MovedFromExtractor-Combine Library/Bee/artifacts/1900b0aEDbg.dag/Hecton8.Bootstrap.Contracts.dll.mvfrm
[           0s] Csc Library/Bee/artifacts/1900b0aEDbg.dag/Unity.ProBuilder.Editor.dll (+2 others) [CacheMiss a13b82bac3671656a745e670b8baa55900000000000000000000000000000006]
[ 942/1644  3s] Csc Library/Bee/artifacts/1900b0aEDbg.dag/Unity.AI.Navigation.Editor.dll (+2 others)
[           0s] Csc Library/Bee/artifacts/1900b0aEDbg.dag/Unity.AI.Navigation.Editor.dll (+2 others) [CacheWrite 0688761696b5372633340966f1e4527b00000000000000000000000000000006]
[ 943/1644 26s] Csc Library/Bee/artifacts/1900b0aEDbg.dag/Unity.InputSystem.dll (+2 others)
[ 944/1644  5s] Csc Library/Bee/artifacts/1900b0aEDbg.dag/Unity.Timeline.dll (+2 others)
[           0s] Csc Library/Bee/artifacts/1900b0aEDbg.dag/Unity.InputSystem.dll (+2 others) [CacheWrite b0931f0793035215be70ae84b3d42d5e00000000000000000000000000000006]
[           0s] Csc Library/Bee/artifacts/1900b0aEDbg.dag/Unity.Timeline.dll (+2 others) [CacheWrite f92f11d82c9d3812413de9299464dc2300000000000000000000000000000006]
[ 946/1644  0s] MovedFromExtractor-Combine Library/Bee/artifacts/1900b0aEDbg.dag/Unity.VisualScripting.Core.dll.mvfrm
[ 947/1644  0s] MovedFromExtractor-Combine Library/Bee/artifacts/1900b0aEDbg.dag/Lofelt.NiceVibrations.dll.mvfrm
[           0s] Csc Library/Bee/artifacts/1900b0aEDbg.dag/Unity.VisualScripting.Core.dll (+2 others) [CacheMiss 88801742db099427b5a0fdfff7bc0cc000000000000000000000000000000006]
[ 948/1644 27s] Csc Library/Bee/artifacts/1900b0aEDbg.dag/Unity.Mathematics.dll (+2 others)
[           0s] Csc Library/Bee/artifacts/1900b0aEDbg.dag/Unity.Mathematics.dll (+2 others) [CacheWrite f01242ed3a39bf63d64a2b4e4858811f00000000000000000000000000000006]
[ 950/1644  8s] Csc Library/Bee/artifacts/1900b0aEDbg.dag/MapMagic.dll (+2 others)
[ 951/1644  1s] Csc Library/Bee/artifacts/1900b0aEDbg.dag/Lofelt.NiceVibrations.dll (+2 others)
Assets\Feel\NiceVibrations\Define\NiceVibrationsDefineSymbols.cs(61,45): warning CS0618: 'PlayerSettings.GetScriptingDefineSymbolsForGroup(BuildTargetGroup)' is obsolete: 'Use GetScriptingDefineSymbols(NamedBuildTarget buildTarget) instead'

Assets\Feel\NiceVibrations\Define\NiceVibrationsDefineSymbols.cs(64,13): warning CS0618: 'PlayerSettings.SetScriptingDefineSymbolsForGroup(BuildTargetGroup, string)' is obsolete: 'Use SetScriptingDefineSymbols(NamedBuildTarget buildTarget, string defines) instead'
[ 952/1644  0s] MovedFromExtractor-Combine Library/Bee/artifacts/1900b0aEDbg.dag/Unity.Collections.dll.mvfrm
[ 953/1644  0s] MovedFromExtractor-Combine Library/Bee/artifacts/1900b0aEDbg.dag/Unity.Mathematics.Editor.dll.mvfrm
[           0s] Csc Library/Bee/artifacts/1900b0aEDbg.dag/Unity.Collections.dll (+2 others) [CacheMiss c1e2a460e80c899d2176e0af1a5d85ec00000000000000000000000000000006]
[           0s] Csc Library/Bee/artifacts/1900b0aEDbg.dag/Unity.Mathematics.Editor.dll (+2 others) [CacheMiss 0eed468de1187ed30f045199eb70e21a00000000000000000000000000000006]
[ 954/1644  1s] MovedFromExtractor-Combine Library/Bee/artifacts/1900b0aEDbg.dag/Hecton8.Input.Generated.dll.mvfrm
[ 955/1644  7s] Csc Library/Bee/artifacts/1900b0aEDbg.dag/Den.Tools.Editor.dll (+2 others)
[ 956/1644  2s] Csc Library/Bee/artifacts/1900b0aEDbg.dag/Hecton8.Input.Generated.dll (+2 others)
[ 957/1644  2s] Csc Library/Bee/artifacts/1900b0aEDbg.dag/Unity.Mathematics.Editor.dll (+2 others)
[           0s] Csc Library/Bee/artifacts/1900b0aEDbg.dag/Unity.Mathematics.Editor.dll (+2 others) [CacheWrite 0eed468de1187ed30f045199eb70e21a00000000000000000000000000000006]
[ 959/1644  1s] MovedFromExtractor-Combine Library/Bee/artifacts/1900b0aEDbg.dag/MoreMountains.Feedbacks.MMTools.dll.mvfrm
[ 963/1644  1s] MovedFromExtractor-Combine Library/Bee/artifacts/1900b0aEDbg.dag/Hecton8.Input.dll.mvfrm
[           0s] Csc Library/Bee/artifacts/1900b0aEDbg.dag/Unity.PlasticSCM.Editor.dll (+2 others) [CacheMiss fc51a6fb0733d79cb6c3a1eb6f71f32a00000000000000000000000000000006]
[ 964/1644 11s] Csc Library/Bee/artifacts/1900b0aEDbg.dag/Unity.ProBuilder.Editor.dll (+2 others)
[           0s] Csc Library/Bee/artifacts/1900b0aEDbg.dag/Unity.ProBuilder.Editor.dll (+2 others) [CacheWrite a13b82bac3671656a745e670b8baa55900000000000000000000000000000006]
[ 966/1644  1s] MovedFromExtractor-Combine Library/Bee/artifacts/1900b0aEDbg.dag/MCPForUnity.Runtime.dll.mvfrm
[ 967/1644 13s] Csc Library/Bee/artifacts/1900b0aEDbg.dag/AstarPathfindingProject.dll (+2 others)
Assets\AstarPathfindingProject\Core\AI\AIBase.cs(434,130): warning CS0618: 'Rigidbody2D.isKinematic' is obsolete: 'isKinematic has been deprecated. Please use bodyType.'

Assets\AstarPathfindingProject\Core\Serialization\TinyJson.cs(344,28): warning CS0618: 'Object.FindObjectsOfType<T>(bool)' is obsolete: 'Object.FindObjectsOfType has been deprecated. Use Object.FindObjectsByType instead which lets you decide whether you need the results sorted or not.  FindObjectsOfType sorts the results by InstanceID but if you do not need this using FindObjectSortMode.None is considerably faster.'

Assets\AstarPathfindingProject\Generators\Utilities\RecastMeshGatherer.cs(47,23): warning CS0618: 'Object.FindObjectsOfType<T>()' is obsolete: 'Object.FindObjectsOfType has been deprecated. Use Object.FindObjectsByType instead which lets you decide whether you need the results sorted or not.  FindObjectsOfType sorts the results by InstanceID but if you do not need this using FindObjectSortMode.None is considerably faster.'
[ 969/1644  4s] Csc Library/Bee/artifacts/1900b0aEDbg.dag/Hecton8.Bootstrap.Contracts.dll (+2 others)
[ 970/1644 24s] Csc Library/Bee/artifacts/1900b0aEDbg.dag/Unity.Burst.Editor.dll (+2 others)
[ 971/1644  0s] MovedFromExtractor-Combine Library/Bee/artifacts/1900b0aEDbg.dag/MapMagic.Editor.dll.mvfrm
[           0s] Csc Library/Bee/artifacts/1900b0aEDbg.dag/Unity.Burst.Editor.dll (+2 others) [CacheWrite b0c504d1d775034354e60904343ecd1c00000000000000000000000000000006]
[ 972/1644  0s] MovedFromExtractor-Combine Library/Bee/artifacts/1900b0aEDbg.dag/Tayx.Graphy.dll.mvfrm
[ 974/1644  1s] MovedFromExtractor-Combine Library/Bee/artifacts/1900b0aEDbg.dag/PackageToolsEditor.dll.mvfrm
[ 975/1644  1s] MovedFromExtractor-Combine Library/Bee/artifacts/1900b0aEDbg.dag/MoreMountains.Feedbacks.TextMeshPro.dll.mvfrm
[ 976/1644  0s] MovedFromExtractor-Combine Library/Bee/artifacts/1900b0aEDbg.dag/MapMagic.MicroSplat.dll.mvfrm
[ 977/1644  0s] MovedFromExtractor-Combine Library/Bee/artifacts/1900b0aEDbg.dag/MoreMountains.Feedbacks.Cinemachine.dll.mvfrm
[ 978/1644  1s] MovedFromExtractor-Combine Library/Bee/artifacts/1900b0aEDbg.dag/MoreMountains.Feedbacks.NiceVibrations.dll.mvfrm
[ 979/1644  3s] MovedFromExtractor-Combine Library/Bee/artifacts/1900b0aEDbg.dag/MeshBakerCore.dll.mvfrm
[ 980/1644  3s] MovedFromExtractor-Combine Library/Bee/artifacts/1900b0aEDbg.dag/AmplifyImpostors.Runtime.dll.mvfrm
[ 981/1644  3s] MovedFromExtractor-Combine Library/Bee/artifacts/1900b0aEDbg.dag/BakeryRuntimeAssembly.dll.mvfrm
[ 982/1644  8s] Csc Library/Bee/artifacts/1900b0aEDbg.dag/Hecton8.Input.dll (+2 others)
[ 983/1644  2s] MovedFromExtractor-Combine Library/Bee/artifacts/1900b0aEDbg.dag/MoreMountains.Feedbacks.PostProcessing.dll.mvfrm
[ 984/1644 17s] Csc Library/Bee/artifacts/1900b0aEDbg.dag/Unity.VisualScripting.Core.dll (+2 others)
[           0s] Csc Library/Bee/artifacts/1900b0aEDbg.dag/Unity.VisualScripting.Core.dll (+2 others) [CacheWrite 88801742db099427b5a0fdfff7bc0cc000000000000000000000000000000006]
[ 986/1644  2s] Csc Library/Bee/artifacts/1900b0aEDbg.dag/PackageToolsEditor.dll (+2 others)
[ 987/1644  0s] MovedFromExtractor-Combine Library/Bee/artifacts/1900b0aEDbg.dag/Unity.VisualScripting.Flow.dll.mvfrm
[ 988/1644  0s] MovedFromExtractor-Combine Library/Bee/artifacts/1900b0aEDbg.dag/Unity.VisualScripting.Core.Editor.dll.mvfrm
[           0s] Csc Library/Bee/artifacts/1900b0aEDbg.dag/Unity.VisualScripting.Flow.dll (+2 others) [CacheMiss e3eda4733ea2f45a4988001a6ecf813a00000000000000000000000000000006]
[           0s] Csc Library/Bee/artifacts/1900b0aEDbg.dag/Unity.VisualScripting.Core.Editor.dll (+2 others) [CacheMiss d43e792909f7f75cf8c9b575fa17a9cc00000000000000000000000000000006]
[ 989/1644  3s] Csc Library/Bee/artifacts/1900b0aEDbg.dag/AmplifyImpostors.Runtime.dll (+2 others)
Assets\AmplifyImpostors\Plugins\Scripts\HelperExtensions.cs(37,16): warning CS0618: 'ShaderUtil.GetPropertyCount(Shader)' is obsolete: 'Use Shader.GetPropertyCount instead.'

Assets\AmplifyImpostors\Plugins\Scripts\HelperExtensions.cs(40,14): warning CS0618: 'ShaderUtil.GetPropertyType(Shader, int)' is obsolete: 'Use Shader.GetPropertyType instead.'

Assets\AmplifyImpostors\Plugins\Scripts\HelperExtensions.cs(41,16): warning CS0618: 'ShaderUtil.GetPropertyName(Shader, int)' is obsolete: 'Use Shader.GetPropertyName instead.'

Assets\AmplifyImpostors\Plugins\Scripts\HelperExtensions.cs(44,11): warning CS0618: 'ShaderUtil.ShaderPropertyType' is obsolete: 'Use UnityEngine.Rendering.ShaderPropertyType instead.'

Assets\AmplifyImpostors\Plugins\Scripts\HelperExtensions.cs(47,11): warning CS0618: 'ShaderUtil.ShaderPropertyType' is obsolete: 'Use UnityEngine.Rendering.ShaderPropertyType instead.'

Assets\AmplifyImpostors\Plugins\Scripts\HelperExtensions.cs(50,11): warning CS0618: 'ShaderUtil.ShaderPropertyType' is obsolete: 'Use UnityEngine.Rendering.ShaderPropertyType instead.'

Assets\AmplifyImpostors\Plugins\Scripts\HelperExtensions.cs(53,11): warning CS0618: 'ShaderUtil.ShaderPropertyType' is obsolete: 'Use UnityEngine.Rendering.ShaderPropertyType instead.'

Assets\AmplifyImpostors\Plugins\Scripts\HelperExtensions.cs(56,11): warning CS0618: 'ShaderUtil.ShaderPropertyType' is obsolete: 'Use UnityEngine.Rendering.ShaderPropertyType instead.'

Assets\AmplifyImpostors\Plugins\Scripts\HelperExtensions.cs(56,11): warning CS0618: 'ShaderUtil.ShaderPropertyType.TexEnv' is obsolete: 'Use UnityEngine.Rendering.ShaderPropertyType.Texture instead.'
[ 990/1644  4s] Csc Library/Bee/artifacts/1900b0aEDbg.dag/BakeryRuntimeAssembly.dll (+2 others)
[ 991/1644  4s] Csc Library/Bee/artifacts/1900b0aEDbg.dag/Tayx.Graphy.dll (+2 others)
[           0s] Csc Library/Bee/artifacts/1900b0aEDbg.dag/MCPForUnity.Runtime.dll (+2 others) [CacheMiss 5187bebcda02775b5aab4618e04844c900000000000000000000000000000006]
[ 992/1644  0s] MovedFromExtractor-Combine Library/Bee/artifacts/1900b0aEDbg.dag/Unity.ProBuilder.AddOns.Editor.dll.mvfrm
[ 993/1644  5s] Csc Library/Bee/artifacts/1900b0aEDbg.dag/MeshBakerCore.dll (+2 others)
Assets\MeshBaker\scripts\MB3_MBVersionConcrete.cs(83,60): warning CS0618: 'FindObjectsSortMode' is obsolete: 'FindObjectsSortMode has been deprecated. Use the FindObjectsByType overloads that do not take a FindObjectsSortMode parameter.'

Assets\MeshBaker\scripts\MB3_MBVersionConcrete.cs(83,20): warning CS0618: 'Object.FindObjectsByType(Type, FindObjectsSortMode)' is obsolete: 'FindObjectsByType with FindObjectsSortMode parameter has been deprecated. Use FindObjectsByType(Type) or FindObjectsByType(Type, FindObjectsInactive) instead. InstanceID will be replaced in the future with EntityId and previous sort order cannot be maintained.'

Assets\MeshBaker\scripts\MB3_MeshBakerRoot.cs(163,47): warning CS0618: 'Object.GetInstanceID()' is obsolete: 'GetInstanceID is deprecated. Use GetEntityId instead. This will be removed in a future version.'

Assets\MeshBaker\scripts\MB3_MeshBakerRoot.cs(165,36): warning CS0618: 'Object.GetInstanceID()' is obsolete: 'GetInstanceID is deprecated. Use GetEntityId instead. This will be removed in a future version.'
[ 994/1644  0s] MovedFromExtractor-Combine Library/Bee/artifacts/1900b0aEDbg.dag/Unity.AI.Navigation.Updater.dll.mvfrm
[ 995/1644  0s] MovedFromExtractor-Combine Library/Bee/artifacts/1900b0aEDbg.dag/Unity.Timeline.Editor.dll.mvfrm
[ 996/1644 19s] Csc Library/Bee/artifacts/1900b0aEDbg.dag/Unity.Collections.dll (+2 others)
[ 997/1644  0s] MovedFromExtractor-Combine Library/Bee/artifacts/1900b0aEDbg.dag/Unity.2D.Sprite.Editor.dll.mvfrm
[           0s] Csc Library/Bee/artifacts/1900b0aEDbg.dag/Unity.Collections.dll (+2 others) [CacheWrite c1e2a460e80c899d2176e0af1a5d85ec00000000000000000000000000000006]
[ 998/1644  0s] MovedFromExtractor-Combine Library/Bee/artifacts/1900b0aEDbg.dag/Unity.RenderPipelines.ShaderGraph.ShaderGraphLibrary.dll.mvfrm
[ 999/1644  0s] MovedFromExtractor-Combine Library/Bee/artifacts/1900b0aEDbg.dag/Unity.RenderPipelines.Core.ShaderLibrary.dll.mvfrm
[1000/1644  0s] MovedFromExtractor Library/Bee/artifacts/mvdfrm/Unity.Collections.ref.dll_857DC386F81DA2F4.mvfrm
[1001/1644  0s] MovedFromExtractor-Combine Library/Bee/artifacts/1900b0aEDbg.dag/Unity.InputSystem.ForUI.dll.mvfrm
[1002/1644  2s] Csc Library/Bee/artifacts/1900b0aEDbg.dag/MCPForUnity.Runtime.dll (+2 others)
Packages\com.coplaydev.unity-mcp\Runtime\Helpers\ScreenshotUtility.cs(95,73): warning CS0618: 'FindObjectsSortMode' is obsolete: 'FindObjectsSortMode has been deprecated. Use the FindObjectsByType overloads that do not take a FindObjectsSortMode parameter.'

Packages\com.coplaydev.unity-mcp\Runtime\Helpers\ScreenshotUtility.cs(95,28): warning CS0618: 'Object.FindObjectsByType<T>(FindObjectsSortMode)' is obsolete: 'FindObjectsByType with FindObjectsSortMode parameter has been deprecated. Use FindObjectsByType<T>() or FindObjectsByType<T>(FindObjectsInactive) instead. InstanceID will be replaced in the future with EntityId and previous sort order cannot be maintained.'

Packages\com.coplaydev.unity-mcp\Runtime\Serialization\UnityTypeConverters.cs(298,39): warning CS0618: 'Object.GetInstanceID()' is obsolete: 'GetInstanceID is deprecated. Use GetEntityId instead. This will be removed in a future version.'

Packages\com.coplaydev.unity-mcp\Runtime\Serialization\UnityTypeConverters.cs(311,35): warning CS0618: 'Object.GetInstanceID()' is obsolete: 'GetInstanceID is deprecated. Use GetEntityId instead. This will be removed in a future version.'

Packages\com.coplaydev.unity-mcp\Runtime\Serialization\UnityTypeConverters.cs(384,89): warning CS0618: 'EntityId.implicit operator EntityId(int)' is obsolete: 'EntityId will not be representable by an int in the future. This casting operator will be removed in a future version.'
[1003/1644  0s] MovedFromExtractor-Combine Library/Bee/artifacts/1900b0aEDbg.dag/UnityEditor.UI.Analytics.dll.mvfrm
[           0s] Csc Library/Bee/artifacts/1900b0aEDbg.dag/MCPForUnity.Runtime.dll (+2 others) [CacheWrite 5187bebcda02775b5aab4618e04844c900000000000000000000000000000006]
[1004/1644  0s] MovedFromExtractor-Combine Library/Bee/artifacts/1900b0aEDbg.dag/Unity.RenderPipelines.Core.Runtime.dll.mvfrm
[1005/1644  0s] MovedFromExtractor-Combine Library/Bee/artifacts/1900b0aEDbg.dag/Unity.UnifiedRayTracing.Runtime.dll.mvfrm
[           0s] Csc Library/Bee/artifacts/1900b0aEDbg.dag/Unity.RenderPipelines.Core.Runtime.dll (+2 others) [CacheMiss 5844279ce0b5a754547cb29cbee0361200000000000000000000000000000006]
[           0s] Csc Library/Bee/artifacts/1900b0aEDbg.dag/Unity.UnifiedRayTracing.Runtime.dll (+2 others) [CacheMiss 18c282535d821c5f9f4aea5544493d4e00000000000000000000000000000006]
[1006/1644  0s] MovedFromExtractor-Combine Library/Bee/artifacts/1900b0aEDbg.dag/Unity.Collections.CodeGen.dll.mvfrm
[1007/1644  0s] MovedFromExtractor-Combine Library/Bee/artifacts/1900b0aEDbg.dag/Unity.MemoryProfiler.Editor.dll.mvfrm
[           0s] Csc Library/Bee/artifacts/1900b0aEDbg.dag/Unity.Collections.CodeGen.dll (+2 others) [CacheMiss b8c1769ee4f942a74f47c31d9be7918800000000000000000000000000000006]
[           0s] Csc Library/Bee/artifacts/1900b0aEDbg.dag/Unity.MemoryProfiler.Editor.dll (+2 others) [CacheMiss 09475166b9a7907de5b8c1405ffab15700000000000000000000000000000006]
[1008/1644 18s] Csc Library/Bee/artifacts/1900b0aEDbg.dag/Unity.PlasticSCM.Editor.dll (+2 others)
[           0s] Csc Library/Bee/artifacts/1900b0aEDbg.dag/Unity.PlasticSCM.Editor.dll (+2 others) [CacheWrite fc51a6fb0733d79cb6c3a1eb6f71f32a00000000000000000000000000000006]
[1009/1644  8s] Csc Library/Bee/artifacts/1900b0aEDbg.dag/MapMagic.Editor.dll (+2 others)
Assets\MapMagic\Brush\Editor\BrushGraphTemplate.cs(31,37): warning CS0618: 'EndNameEditAction' is obsolete: 'EndNameEditAction is obsolete. Use AssetCreationEndAction that uses EntityId instead of int for instance IDs.'

Assets\MapMagic\Nodes\Editor\GraphTemplates.cs(31,32): warning CS0618: 'EndNameEditAction' is obsolete: 'EndNameEditAction is obsolete. Use AssetCreationEndAction that uses EntityId instead of int for instance IDs.'

Assets\MapMagic\Core\Editor\MapMagicInspector.cs(686,27): warning CS0618: 'PlayerSettings.GetScriptingDefineSymbolsForGroup(BuildTargetGroup)' is obsolete: 'Use GetScriptingDefineSymbols(NamedBuildTarget buildTarget) instead'

Assets\MapMagic\Brush\Editor\BrushGraphTemplate.cs(24,5): warning CS0618: 'ProjectWindowUtil.StartNameEditingIfProjectWindowExists(int, EndNameEditAction, string, Texture2D, string)' is obsolete: 'StartNameEditingIfProjectWindowExists(int, EndNameEditAction, string, Texture2D, string) is obsolete. Use StartNameEditingIfProjectWindowExists(EntityId, AssetCreationEndAction, string, Texture2D, string) instead.'

Assets\MapMagic\Core\Editor\MapMagicInspector.cs(699,27): warning CS0618: 'PlayerSettings.GetScriptingDefineSymbolsForGroup(BuildTargetGroup)' is obsolete: 'Use GetScriptingDefineSymbols(NamedBuildTarget buildTarget) instead'

Assets\MapMagic\Core\Editor\MapMagicInspector.cs(711,4): warning CS0618: 'PlayerSettings.SetScriptingDefineSymbolsForGroup(BuildTargetGroup, string)' is obsolete: 'Use SetScriptingDefineSymbols(NamedBuildTarget buildTarget, string defines) instead'

Assets\MapMagic\Nodes\Editor\GraphTemplates.cs(24,5): warning CS0618: 'ProjectWindowUtil.StartNameEditingIfProjectWindowExists(int, EndNameEditAction, string, Texture2D, string)' is obsolete: 'StartNameEditingIfProjectWindowExists(int, EndNameEditAction, string, Texture2D, string) is obsolete. Use StartNameEditingIfProjectWindowExists(EntityId, AssetCreationEndAction, string, Texture2D, string) instead.'

Assets\MapMagic\Brush\Editor\BrushInspector.cs(262,32): warning CS0618: 'Object.FindObjectsOfType<T>()' is obsolete: 'Object.FindObjectsOfType has been deprecated. Use Object.FindObjectsByType instead which lets you decide whether you need the results sorted or not.  FindObjectsOfType sorts the results by InstanceID but if you do not need this using FindObjectSortMode.None is considerably faster.'

Assets\MapMagic\Nodes\Editor\GraphWindow.cs(1153,30): warning CS0618: 'EditorUtility.InstanceIDToObject(int)' is obsolete: 'InstanceIDToObject(int) is obsolete. Use EditorUtility.EntityIdToObject instead.'
[1010/1644  0s] MovedFromExtractor-Combine Library/Bee/artifacts/1900b0aEDbg.dag/EasySave3.dll.mvfrm
[1011/1644  0s] MovedFromExtractor-Combine Library/Bee/artifacts/1900b0aEDbg.dag/Hecton8.World.Contracts.dll.mvfrm
[1012/1644  4s] Csc Library/Bee/artifacts/1900b0aEDbg.dag/Unity.Collections.CodeGen.dll (+2 others)
[           0s] Csc Library/Bee/artifacts/1900b0aEDbg.dag/Unity.Collections.CodeGen.dll (+2 others) [CacheWrite b8c1769ee4f942a74f47c31d9be7918800000000000000000000000000000006]
[1013/1644  2s] Csc Library/Bee/artifacts/1900b0aEDbg.dag/Hecton8.World.Contracts.dll (+2 others)
[1014/1644  0s] MovedFromExtractor-Combine Library/Bee/artifacts/1900b0aEDbg.dag/Unity.SharpZipLib.Editor.dll.mvfrm
[1015/1644  0s] MovedFromExtractor-Combine Library/Bee/artifacts/1900b0aEDbg.dag/Unity.SharpZipLib.Utils.dll.mvfrm
[1016/1644  2s] ILPP-Configuration Library/ilpp-configuration.nevergeneratedoutput
[1017/1644  7s] Csc Library/Bee/artifacts/1900b0aEDbg.dag/Unity.UnifiedRayTracing.Runtime.dll (+2 others)
[1018/1644  0s] MovedFromExtractor-Combine Library/Bee/artifacts/1900b0aEDbg.dag/Unity.Collections.Editor.dll.mvfrm
[1019/1644 13s] Csc Library/Bee/artifacts/1900b0aEDbg.dag/Unity.VisualScripting.Flow.dll (+2 others)
[           0s] Csc Library/Bee/artifacts/1900b0aEDbg.dag/Unity.UnifiedRayTracing.Runtime.dll (+2 others) [CacheWrite 18c282535d821c5f9f4aea5544493d4e00000000000000000000000000000006]
[1021/1644  0s] MovedFromExtractor-Combine Library/Bee/artifacts/1900b0aEDbg.dag/Unity.RenderPipelines.Universal.Shaders.dll.mvfrm
[           0s] Csc Library/Bee/artifacts/1900b0aEDbg.dag/Unity.VisualScripting.Flow.dll (+2 others) [CacheWrite e3eda4733ea2f45a4988001a6ecf813a00000000000000000000000000000006]
[           0s] Csc Library/Bee/artifacts/1900b0aEDbg.dag/Unity.RenderPipelines.Universal.Shaders.dll (+2 others) [CacheMiss 27112219e06c3a96cff749b3401791b500000000000000000000000000000006]
[           0s] Csc Library/Bee/artifacts/1900b0aEDbg.dag/UnityEditor.UI.Analytics.dll (+2 others) [CacheMiss 292ae67e9c19980449df08a5b97293c400000000000000000000000000000006]
[1023/1644  0s] MovedFromExtractor-Combine Library/Bee/artifacts/1900b0aEDbg.dag/Unity.Rendering.LightTransport.Editor.dll.mvfrm
[           0s] Csc Library/Bee/artifacts/1900b0aEDbg.dag/Unity.Rendering.LightTransport.Editor.dll (+2 others) [CacheMiss 8432d100b82022c1e021b5d16f93da7a00000000000000000000000000000006]
[1024/1644  0s] MovedFromExtractor-Combine Library/Bee/artifacts/1900b0aEDbg.dag/Unity.VisualScripting.State.dll.mvfrm
[           0s] Csc Library/Bee/artifacts/1900b0aEDbg.dag/Unity.VisualScripting.State.dll (+2 others) [CacheMiss 32723b3a14d7820936bc80d858bb279200000000000000000000000000000006]
[1025/1644  1s] Csc Library/Bee/artifacts/1900b0aEDbg.dag/Unity.RenderPipelines.Universal.Shaders.dll (+2 others)
[           0s] Csc Library/Bee/artifacts/1900b0aEDbg.dag/Unity.RenderPipelines.Universal.Shaders.dll (+2 others) [CacheWrite 27112219e06c3a96cff749b3401791b500000000000000000000000000000006]
[           0s] Csc Library/Bee/artifacts/1900b0aEDbg.dag/Unity.Timeline.Editor.dll (+2 others) [CacheMiss 25497da1dc543f72b6d603fcabd5ac2200000000000000000000000000000006]
[1026/1644  2s] Csc Library/Bee/artifacts/1900b0aEDbg.dag/Unity.Rendering.LightTransport.Editor.dll (+2 others)
[1027/1644  2s] Csc Library/Bee/artifacts/1900b0aEDbg.dag/UnityEditor.UI.Analytics.dll (+2 others)
[           0s] Csc Library/Bee/artifacts/1900b0aEDbg.dag/Unity.Rendering.LightTransport.Editor.dll (+2 others) [CacheWrite 8432d100b82022c1e021b5d16f93da7a00000000000000000000000000000006]
[1028/1644 16s] Csc Library/Bee/artifacts/1900b0aEDbg.dag/Unity.VisualScripting.Core.Editor.dll (+2 others)
[           0s] Csc Library/Bee/artifacts/1900b0aEDbg.dag/UnityEditor.UI.Analytics.dll (+2 others) [CacheWrite 292ae67e9c19980449df08a5b97293c400000000000000000000000000000006]
[           0s] Csc Library/Bee/artifacts/1900b0aEDbg.dag/Unity.RenderPipelines.Core.ShaderLibrary.dll (+2 others) [CacheMiss 9c4c20d247305d958212ec2f933bc08200000000000000000000000000000006]
[           0s] Csc Library/Bee/artifacts/1900b0aEDbg.dag/Unity.2D.Sprite.Editor.dll (+2 others) [CacheMiss 73a7cb047a6cad3b31b8affe58d8fe2200000000000000000000000000000006]
[           0s] Csc Library/Bee/artifacts/1900b0aEDbg.dag/Unity.VisualScripting.Core.Editor.dll (+2 others) [CacheWrite d43e792909f7f75cf8c9b575fa17a9cc00000000000000000000000000000006]
[           0s] Csc Library/Bee/artifacts/1900b0aEDbg.dag/Unity.Collections.Editor.dll (+2 others) [CacheMiss a315c8f2a8c4767d23242c4c1901f4a500000000000000000000000000000006]
[1030/1644  2s] Csc Library/Bee/artifacts/1900b0aEDbg.dag/Unity.VisualScripting.State.dll (+2 others)
[1031/1644  0s] MovedFromExtractor-Combine Library/Bee/artifacts/1900b0aEDbg.dag/Unity.VisualScripting.Flow.Editor.dll.mvfrm
[           0s] Csc Library/Bee/artifacts/1900b0aEDbg.dag/Unity.VisualScripting.State.dll (+2 others) [CacheWrite 32723b3a14d7820936bc80d858bb279200000000000000000000000000000006]
[           0s] Csc Library/Bee/artifacts/1900b0aEDbg.dag/Unity.VisualScripting.Flow.Editor.dll (+2 others) [CacheMiss f6a197a631bb5384e8c5b7753d704a2100000000000000000000000000000006]
[           0s] Csc Library/Bee/artifacts/1900b0aEDbg.dag/Unity.InputSystem.ForUI.dll (+2 others) [CacheMiss 19991607389e0b6bb06496227771a05300000000000000000000000000000006]
[1033/1644  1s] Csc Library/Bee/artifacts/1900b0aEDbg.dag/Unity.RenderPipelines.Core.ShaderLibrary.dll (+2 others)
[1034/1644  9s] Csc Library/Bee/artifacts/1900b0aEDbg.dag/EasySave3.dll (+2 others)
[           0s] Csc Library/Bee/artifacts/1900b0aEDbg.dag/Unity.RenderPipelines.Core.ShaderLibrary.dll (+2 others) [CacheWrite 9c4c20d247305d958212ec2f933bc08200000000000000000000000000000006]
[1035/1644  2s] Csc Library/Bee/artifacts/1900b0aEDbg.dag/Unity.Collections.Editor.dll (+2 others)
[           0s] Csc Library/Bee/artifacts/1900b0aEDbg.dag/Unity.ProBuilder.AddOns.Editor.dll (+2 others) [CacheMiss b6a40a2f21def12a5c3bd834e7f0fdc700000000000000000000000000000006]
[           0s] Csc Library/Bee/artifacts/1900b0aEDbg.dag/Unity.Collections.Editor.dll (+2 others) [CacheWrite a315c8f2a8c4767d23242c4c1901f4a500000000000000000000000000000006]
[           0s] Csc Library/Bee/artifacts/1900b0aEDbg.dag/Unity.RenderPipelines.ShaderGraph.ShaderGraphLibrary.dll (+2 others) [CacheMiss 5aaf68cde45e3fd205d4e8a43ebe10fd00000000000000000000000000000006]
[           0s] Csc Library/Bee/artifacts/1900b0aEDbg.dag/Unity.SharpZipLib.Utils.dll (+2 others) [CacheMiss 5f783e3d3db99747e123a88ad90be39b00000000000000000000000000000006]
[1036/1644  2s] Csc Library/Bee/artifacts/1900b0aEDbg.dag/Unity.InputSystem.ForUI.dll (+2 others)
[           0s] Csc Library/Bee/artifacts/1900b0aEDbg.dag/Unity.InputSystem.ForUI.dll (+2 others) [CacheWrite 19991607389e0b6bb06496227771a05300000000000000000000000000000006]
[1037/1644  1s] Csc Library/Bee/artifacts/1900b0aEDbg.dag/Unity.RenderPipelines.ShaderGraph.ShaderGraphLibrary.dll (+2 others)
[           0s] Csc Library/Bee/artifacts/1900b0aEDbg.dag/Unity.SharpZipLib.Editor.dll (+2 others) [CacheMiss b1a8daff9fe1faf05c4966bf2877513e00000000000000000000000000000006]
[1038/1644  2s] Csc Library/Bee/artifacts/1900b0aEDbg.dag/Unity.ProBuilder.AddOns.Editor.dll (+2 others)
[1039/1644  1s] Csc Library/Bee/artifacts/1900b0aEDbg.dag/Unity.SharpZipLib.Utils.dll (+2 others)
[           0s] Csc Library/Bee/artifacts/1900b0aEDbg.dag/Unity.RenderPipelines.ShaderGraph.ShaderGraphLibrary.dll (+2 others) [CacheWrite 5aaf68cde45e3fd205d4e8a43ebe10fd00000000000000000000000000000006]
[           0s] Csc Library/Bee/artifacts/1900b0aEDbg.dag/Unity.ProBuilder.AddOns.Editor.dll (+2 others) [CacheWrite b6a40a2f21def12a5c3bd834e7f0fdc700000000000000000000000000000006]
[           0s] Csc Library/Bee/artifacts/1900b0aEDbg.dag/Unity.AI.Navigation.Updater.dll (+2 others) [CacheMiss 6bced22636d5d8a7466de2a5c38b478700000000000000000000000000000006]
[           0s] Csc Library/Bee/artifacts/1900b0aEDbg.dag/Unity.SharpZipLib.Utils.dll (+2 others) [CacheWrite 5f783e3d3db99747e123a88ad90be39b00000000000000000000000000000006]
[1040/1644  0s] MovedFromExtractor-Combine Library/Bee/artifacts/1900b0aEDbg.dag/MoreMountains.Feedbacks.Authorizations.dll.mvfrm
[1041/1644  0s] MovedFromExtractor-Combine Library/Bee/artifacts/1900b0aEDbg.dag/AstarPathfindingProjectEditor.dll.mvfrm
[1042/1644  1s] Csc Library/Bee/artifacts/1900b0aEDbg.dag/Unity.SharpZipLib.Editor.dll (+2 others)
[           0s] Csc Library/Bee/artifacts/1900b0aEDbg.dag/Unity.SharpZipLib.Editor.dll (+2 others) [CacheWrite b1a8daff9fe1faf05c4966bf2877513e00000000000000000000000000000006]
[1043/1644  0s] MovedFromExtractor-Combine Library/Bee/artifacts/1900b0aEDbg.dag/Sirenix.OdinInspector.Modules.UnityMathematics.dll.mvfrm
[1044/1644  0s] MovedFromExtractor-Combine Library/Bee/artifacts/1900b0aEDbg.dag/MeshBakerEditor.dll.mvfrm
[1045/1644  0s] MovedFromExtractor-Combine Library/Bee/artifacts/1900b0aEDbg.dag/Hecton8.Editor.dll.mvfrm
[1046/1644  0s] MovedFromExtractor-Combine Library/Bee/artifacts/1900b0aEDbg.dag/MoreMountains.Tools.Editor.dll.mvfrm
[1047/1644  2s] Csc Library/Bee/artifacts/1900b0aEDbg.dag/Unity.AI.Navigation.Updater.dll (+2 others)
[1048/1644  0s] MovedFromExtractor-Combine Library/Bee/artifacts/1900b0aEDbg.dag/BakeryEditorAssembly.dll.mvfrm
[           0s] Csc Library/Bee/artifacts/1900b0aEDbg.dag/Unity.AI.Navigation.Updater.dll (+2 others) [CacheWrite 6bced22636d5d8a7466de2a5c38b478700000000000000000000000000000006]
[1049/1644  0s] MovedFromExtractor-Combine Library/Bee/artifacts/1900b0aEDbg.dag/MoreMountains.Feedbacks.Editor.dll.mvfrm
[1050/1644  0s] MovedFromExtractor-Combine Library/Bee/artifacts/1900b0aEDbg.dag/Lofelt.NiceVibrations.Demo.dll.mvfrm
[1051/1644  1s] MovedFromExtractor-Combine Library/Bee/artifacts/1900b0aEDbg.dag/EasySave3Editor.dll.mvfrm
[1052/1644  8s] Csc Library/Bee/artifacts/1900b0aEDbg.dag/Unity.2D.Sprite.Editor.dll (+2 others)
[1053/1644  1s] MovedFromExtractor-Combine Library/Bee/artifacts/1900b0aEDbg.dag/RealtimeCSG.dll.mvfrm
[1054/1644  1s] MovedFromExtractor-Combine Library/Bee/artifacts/1900b0aEDbg.dag/WaveHarmonic.Crest.Scripting.dll.mvfrm
[1055/1644  1s] MovedFromExtractor-Combine Library/Bee/artifacts/1900b0aEDbg.dag/MapMagic.MicroSplat.Editor.dll.mvfrm
[1056/1644  8s] Csc Library/Bee/artifacts/1900b0aEDbg.dag/Unity.VisualScripting.Flow.Editor.dll (+2 others)
[           0s] Csc Library/Bee/artifacts/1900b0aEDbg.dag/Unity.2D.Sprite.Editor.dll (+2 others) [CacheWrite 73a7cb047a6cad3b31b8affe58d8fe2200000000000000000000000000000006]
[1057/1644 21s] Csc Library/Bee/artifacts/1900b0aEDbg.dag/Unity.RenderPipelines.Core.Runtime.dll (+2 others)
[           0s] Csc Library/Bee/artifacts/1900b0aEDbg.dag/Unity.VisualScripting.Flow.Editor.dll (+2 others) [CacheWrite f6a197a631bb5384e8c5b7753d704a2100000000000000000000000000000006]
[1058/1644  0s] MovedFromExtractor-Combine Library/Bee/artifacts/1900b0aEDbg.dag/Tayx.Graphy.Editor.dll.mvfrm
[1060/1644  0s] MovedFromExtractor-Combine Library/Bee/artifacts/1900b0aEDbg.dag/AmplifyImpostors.Editor.dll.mvfrm
[1061/1644  0s] MovedFromExtractor-Combine Library/Bee/artifacts/1900b0aEDbg.dag/TechniePhysicsCreator.dll.mvfrm
[1062/1644  0s] MovedFromExtractor-Combine Library/Bee/artifacts/1900b0aEDbg.dag/Lofelt.NiceVibrations.Editor.dll.mvfrm
[           0s] Csc Library/Bee/artifacts/1900b0aEDbg.dag/Unity.RenderPipelines.Core.Runtime.dll (+2 others) [CacheWrite 5844279ce0b5a754547cb29cbee0361200000000000000000000000000000006]
[1064/1644  0s] MovedFromExtractor-Combine Library/Bee/artifacts/1900b0aEDbg.dag/VolumetricLightBeam.Editor.dll.mvfrm
[1065/1644  0s] MovedFromExtractor-Combine Library/Bee/artifacts/1900b0aEDbg.dag/MCPForUnity.Editor.dll.mvfrm
[1066/1644  0s] MovedFromExtractor-Combine Library/Bee/artifacts/1900b0aEDbg.dag/Unity.VisualScripting.SettingsProvider.Editor.dll.mvfrm
[1067/1644  0s] MovedFromExtractor-Combine Library/Bee/artifacts/1900b0aEDbg.dag/Unity.VisualScripting.State.Editor.dll.mvfrm
[1068/1644  0s] MovedFromExtractor-Combine Library/Bee/artifacts/1900b0aEDbg.dag/Unity.RenderPipelines.GPUDriven.Runtime.dll.mvfrm
[1069/1644  0s] MovedFromExtractor-Combine Library/Bee/artifacts/1900b0aEDbg.dag/Unity.PathTracing.Runtime.dll.mvfrm
[1070/1644  0s] MovedFromExtractor-Combine Library/Bee/artifacts/1900b0aEDbg.dag/Crest.Helpers.Editor.dll.mvfrm
[           0s] Csc Library/Bee/artifacts/1900b0aEDbg.dag/Unity.RenderPipelines.GPUDriven.Runtime.dll (+2 others) [CacheMiss c398338171f8ded68dd9a56edc093eb700000000000000000000000000000006]
[           0s] Csc Library/Bee/artifacts/1900b0aEDbg.dag/Unity.PathTracing.Runtime.dll (+2 others) [CacheMiss a97d6a7a8a061d1c8ff709927250cfb900000000000000000000000000000006]
[           0s] Csc Library/Bee/artifacts/1900b0aEDbg.dag/Unity.VisualScripting.State.Editor.dll (+2 others) [CacheMiss a6edc4a1135039d623ae0cd8c91810d300000000000000000000000000000006]
[1071/1644  0s] MovedFromExtractor-Combine Library/Bee/artifacts/1900b0aEDbg.dag/Unity.RenderPipelines.Core.Runtime.Shared.dll.mvfrm
[1072/1644  0s] MovedFromExtractor-Combine Library/Bee/artifacts/1900b0aEDbg.dag/Unity.RenderPipelines.Universal.Config.Runtime.dll.mvfrm
[1073/1644  0s] MovedFromExtractor-Combine Library/Bee/artifacts/1900b0aEDbg.dag/Unity.RenderPipeline.Universal.ShaderLibrary.dll.mvfrm
[           0s] Csc Library/Bee/artifacts/1900b0aEDbg.dag/Unity.RenderPipelines.Core.Runtime.Shared.dll (+2 others) [CacheMiss 8fa71c9d4e8ac5e20cbded4103b7c23700000000000000000000000000000006]
[           0s] Csc Library/Bee/artifacts/1900b0aEDbg.dag/Unity.RenderPipelines.Universal.Config.Runtime.dll (+2 others) [CacheMiss 35928cde255f4e7354a285c11f1ef71e00000000000000000000000000000006]
[           0s] Csc Library/Bee/artifacts/1900b0aEDbg.dag/Unity.RenderPipeline.Universal.ShaderLibrary.dll (+2 others) [CacheMiss 452261a085ee2f160b63ea4382b085e700000000000000000000000000000006]
[1074/1644  1s] Csc Library/Bee/artifacts/1900b0aEDbg.dag/Lofelt.NiceVibrations.Editor.dll (+2 others)
[1075/1644  0s] MovedFromExtractor-Combine Library/Bee/artifacts/1900b0aEDbg.dag/MoreMountains.Feedbacks.HDRP.dll.mvfrm
[1076/1644  0s] MovedFromExtractor-Combine Library/Bee/artifacts/1900b0aEDbg.dag/Unity.TextMeshPro.Editor.dll.mvfrm
[           0s] Csc Library/Bee/artifacts/1900b0aEDbg.dag/Unity.TextMeshPro.Editor.dll (+2 others) [CacheMiss 6c7cbc4bb7ed69a4d0d1a44caaf54ab800000000000000000000000000000006]
[1077/1644 14s] Csc Library/Bee/artifacts/1900b0aEDbg.dag/Unity.Timeline.Editor.dll (+2 others)
[1078/1644  2s] Csc Library/Bee/artifacts/1900b0aEDbg.dag/Unity.RenderPipelines.Universal.Config.Runtime.dll (+2 others)
[1079/1644  2s] Csc Library/Bee/artifacts/1900b0aEDbg.dag/Unity.RenderPipelines.Core.Runtime.Shared.dll (+2 others)
[1080/1644  2s] Csc Library/Bee/artifacts/1900b0aEDbg.dag/Unity.RenderPipeline.Universal.ShaderLibrary.dll (+2 others)
[           0s] Csc Library/Bee/artifacts/1900b0aEDbg.dag/Unity.RenderPipelines.Universal.Config.Runtime.dll (+2 others) [CacheWrite 35928cde255f4e7354a285c11f1ef71e00000000000000000000000000000006]
[           0s] Csc Library/Bee/artifacts/1900b0aEDbg.dag/Unity.Timeline.Editor.dll (+2 others) [CacheWrite 25497da1dc543f72b6d603fcabd5ac2200000000000000000000000000000006]
[           0s] Csc Library/Bee/artifacts/1900b0aEDbg.dag/Unity.RenderPipelines.Core.Runtime.Shared.dll (+2 others) [CacheWrite 8fa71c9d4e8ac5e20cbded4103b7c23700000000000000000000000000000006]
[           0s] Csc Library/Bee/artifacts/1900b0aEDbg.dag/Unity.VisualScripting.SettingsProvider.Editor.dll (+2 others) [CacheMiss ead91b1efbf1e27ce571c7cd9fc540f900000000000000000000000000000006]
[           0s] Csc Library/Bee/artifacts/1900b0aEDbg.dag/Unity.RenderPipeline.Universal.ShaderLibrary.dll (+2 others) [CacheWrite 452261a085ee2f160b63ea4382b085e700000000000000000000000000000006]
[1084/1644  4s] Csc Library/Bee/artifacts/1900b0aEDbg.dag/Unity.PathTracing.Runtime.dll (+2 others)
[1085/1644  4s] Csc Library/Bee/artifacts/1900b0aEDbg.dag/Unity.VisualScripting.State.Editor.dll (+2 others)
[           0s] Csc Library/Bee/artifacts/1900b0aEDbg.dag/Unity.PathTracing.Runtime.dll (+2 others) [CacheWrite a97d6a7a8a061d1c8ff709927250cfb900000000000000000000000000000006]
[           0s] Csc Library/Bee/artifacts/1900b0aEDbg.dag/Unity.VisualScripting.State.Editor.dll (+2 others) [CacheWrite a6edc4a1135039d623ae0cd8c91810d300000000000000000000000000000006]
[1087/1644  5s] Csc Library/Bee/artifacts/1900b0aEDbg.dag/Unity.RenderPipelines.GPUDriven.Runtime.dll (+2 others)
[1088/1644  0s] MovedFromExtractor-Combine Library/Bee/artifacts/1900b0aEDbg.dag/Unity.SurfaceCache.Runtime.dll.mvfrm
[           0s] Csc Library/Bee/artifacts/1900b0aEDbg.dag/Unity.RenderPipelines.GPUDriven.Runtime.dll (+2 others) [CacheWrite c398338171f8ded68dd9a56edc093eb700000000000000000000000000000006]
[           0s] Csc Library/Bee/artifacts/1900b0aEDbg.dag/Unity.SurfaceCache.Runtime.dll (+2 others) [CacheMiss bd59a5d8b52c4a51dd45f821ab274fb900000000000000000000000000000006]
[1091/1644  0s] MovedFromExtractor-Combine Library/Bee/artifacts/1900b0aEDbg.dag/Unity.PathTracing.Editor.dll.mvfrm
[1092/1644  1s] Csc Library/Bee/artifacts/1900b0aEDbg.dag/Unity.VisualScripting.SettingsProvider.Editor.dll (+2 others)
[           0s] Csc Library/Bee/artifacts/1900b0aEDbg.dag/Unity.PathTracing.Editor.dll (+2 others) [CacheMiss bfe3bfd376deaae17b48a3bc2a61042e00000000000000000000000000000006]
[           0s] Csc Library/Bee/artifacts/1900b0aEDbg.dag/Unity.VisualScripting.SettingsProvider.Editor.dll (+2 others) [CacheWrite ead91b1efbf1e27ce571c7cd9fc540f900000000000000000000000000000006]
[1093/1644  2s] Csc Library/Bee/artifacts/1900b0aEDbg.dag/Sirenix.OdinInspector.Modules.UnityMathematics.dll (+2 others)
[1094/1644  0s] MovedFromExtractor-Combine Library/Bee/artifacts/1900b0aEDbg.dag/Unity.VisualScripting.Shared.Editor.dll.mvfrm
[           0s] Csc Library/Bee/artifacts/1900b0aEDbg.dag/MCPForUnity.Editor.dll (+2 others) [CacheMiss da4def71123394a4afea767734ef6a6900000000000000000000000000000006]
[           0s] Csc Library/Bee/artifacts/1900b0aEDbg.dag/Unity.VisualScripting.Shared.Editor.dll (+2 others) [CacheMiss 5505e2b963af87975f0b9e5c0f7f1f0b00000000000000000000000000000006]
[1095/1644  1s] Csc Library/Bee/artifacts/1900b0aEDbg.dag/MeshBakerEditor.dll (+2 others)
Assets\MeshBaker\Editor\MB3_MBVersionConcreteEditor.cs(211,46): warning CS0618: 'TextureImporterFormat.PVRTC_RGB2' is obsolete: 'Texture compression format PVRTC has been deprecated and will be removed in a future release'

Assets\MeshBaker\Editor\MB3_MBVersionConcreteEditor.cs(212,46): warning CS0618: 'TextureImporterFormat.PVRTC_RGB4' is obsolete: 'Texture compression format PVRTC has been deprecated and will be removed in a future release'

Assets\MeshBaker\Editor\MB3_MBVersionConcreteEditor.cs(213,46): warning CS0618: 'TextureImporterFormat.PVRTC_RGBA2' is obsolete: 'Texture compression format PVRTC has been deprecated and will be removed in a future release'

Assets\MeshBaker\Editor\MB3_MBVersionConcreteEditor.cs(214,46): warning CS0618: 'TextureImporterFormat.PVRTC_RGBA4' is obsolete: 'Texture compression format PVRTC has been deprecated and will be removed in a future release'

Assets\MeshBaker\Editor\MB3_MBVersionConcreteEditor.cs(454,22): warning CS0618: 'TextureFormat.PVRTC_RGB2' is obsolete: 'Texture compression format PVRTC has been deprecated and will be removed in a future release'

Assets\MeshBaker\Editor\MB3_MBVersionConcreteEditor.cs(455,41): warning CS0618: 'TextureImporterFormat.PVRTC_RGB2' is obsolete: 'Texture compression format PVRTC has been deprecated and will be removed in a future release'

Assets\MeshBaker\Editor\MB3_MBVersionConcreteEditor.cs(457,22): warning CS0618: 'TextureFormat.PVRTC_RGB4' is obsolete: 'Texture compression format PVRTC has been deprecated and will be removed in a future release'

Assets\MeshBaker\Editor\MB3_MBVersionConcreteEditor.cs(458,41): warning CS0618: 'TextureImporterFormat.PVRTC_RGB4' is obsolete: 'Texture compression format PVRTC has been deprecated and will be removed in a future release'

Assets\MeshBaker\Editor\MB3_MBVersionConcreteEditor.cs(460,22): warning CS0618: 'TextureFormat.PVRTC_RGBA2' is obsolete: 'Texture compression format PVRTC has been deprecated and will be removed in a future release'

Assets\MeshBaker\Editor\MB3_MBVersionConcreteEditor.cs(461,41): warning CS0618: 'TextureImporterFormat.PVRTC_RGBA2' is obsolete: 'Texture compression format PVRTC has been deprecated and will be removed in a future release'

Assets\MeshBaker\Editor\MB3_MBVersionConcreteEditor.cs(463,22): warning CS0618: 'TextureFormat.PVRTC_RGBA4' is obsolete: 'Texture compression format PVRTC has been deprecated and will be removed in a future release'

Assets\MeshBaker\Editor\MB3_MBVersionConcreteEditor.cs(464,41): warning CS0618: 'TextureImporterFormat.PVRTC_RGBA4' is obsolete: 'Texture compression format PVRTC has been deprecated and will be removed in a future release'

Assets\MeshBaker\Editor\MB3_MeshBakerEditorWindowAddObjectsTab.cs(487,71): warning CS0618: 'Object.GetInstanceID()' is obsolete: 'GetInstanceID is deprecated. Use GetEntityId instead. This will be removed in a future version.'

Assets\MeshBaker\Editor\MB3_MeshBakerEditorWindowAddObjectsTab.cs(490,62): warning CS0618: 'Object.GetInstanceID()' is obsolete: 'GetInstanceID is deprecated. Use GetEntityId instead. This will be removed in a future version.'

Assets\MeshBaker\Editor\MB3_MeshBakerEditorWindowAnalyseSceneTab.cs(475,62): warning CS0618: 'Object.GetInstanceID()' is obsolete: 'GetInstanceID is deprecated. Use GetEntityId instead. This will be removed in a future version.'

Assets\MeshBaker\Editor\MB3_MeshBakerEditorWindowAnalyseSceneTab.cs(482,53): warning CS0618: 'Object.GetInstanceID()' is obsolete: 'GetInstanceID is deprecated. Use GetEntityId instead. This will be removed in a future version.'

Assets\MeshBaker\Editor\MB3_MeshBakerEditorInternal.cs(290,37): warning CS0618: 'Object.GetInstanceID()' is obsolete: 'GetInstanceID is deprecated. Use GetEntityId instead. This will be removed in a future version.'

Assets\MeshBaker\Editor\MB3_MeshBakerEditorInternal.cs(389,37): warning CS0618: 'Object.GetInstanceID()' is obsolete: 'GetInstanceID is deprecated. Use GetEntityId instead. This will be removed in a future version.'

Assets\MeshBaker\Editor\MB_TextureBakerEditorConfigureMultiMaterials.cs(321,62): warning CS0618: 'Object.GetInstanceID()' is obsolete: 'GetInstanceID is deprecated. Use GetEntityId instead. This will be removed in a future version.'

Assets\MeshBaker\Editor\MB_TextureBakerEditorConfigureMultiMaterials.cs(328,53): warning CS0618: 'Object.GetInstanceID()' is obsolete: 'GetInstanceID is deprecated. Use GetEntityId instead. This will be removed in a future version.'
[1096/1644  0s] Csc Library/Bee/artifacts/1900b0aEDbg.dag/Unity.SurfaceCache.Runtime.dll (+2 others)
[           0s] Csc Library/Bee/artifacts/1900b0aEDbg.dag/Unity.SurfaceCache.Runtime.dll (+2 others) [CacheWrite bd59a5d8b52c4a51dd45f821ab274fb900000000000000000000000000000006]
[1098/1644  0s] MovedFromExtractor-Combine Library/Bee/artifacts/1900b0aEDbg.dag/Unity.RenderPipelines.Universal.Runtime.dll.mvfrm
[           0s] Csc Library/Bee/artifacts/1900b0aEDbg.dag/Unity.RenderPipelines.Universal.Runtime.dll (+2 others) [CacheMiss 079480f666ff5822f61d33d1fe98dd7f00000000000000000000000000000006]
[1099/1644  1s] Csc Library/Bee/artifacts/1900b0aEDbg.dag/Unity.VisualScripting.Shared.Editor.dll (+2 others)
[           0s] Csc Library/Bee/artifacts/1900b0aEDbg.dag/Unity.VisualScripting.Shared.Editor.dll (+2 others) [CacheWrite 5505e2b963af87975f0b9e5c0f7f1f0b00000000000000000000000000000006]
[1100/1644  5s] Csc Library/Bee/artifacts/1900b0aEDbg.dag/Unity.TextMeshPro.Editor.dll (+2 others)
[           0s] Csc Library/Bee/artifacts/1900b0aEDbg.dag/Unity.TextMeshPro.Editor.dll (+2 others) [CacheWrite 6c7cbc4bb7ed69a4d0d1a44caaf54ab800000000000000000000000000000006]
[1101/1644  2s] Csc Library/Bee/artifacts/1900b0aEDbg.dag/AstarPathfindingProjectEditor.dll (+2 others)
Assets\AstarPathfindingProject\Editor\GraphEditors\GridGeneratorEditor.cs(128,20): warning CS0618: 'Object.FindObjectsOfType<T>()' is obsolete: 'Object.FindObjectsOfType has been deprecated. Use Object.FindObjectsByType instead which lets you decide whether you need the results sorted or not.  FindObjectsOfType sorts the results by InstanceID but if you do not need this using FindObjectSortMode.None is considerably faster.'

Assets\AstarPathfindingProject\Editor\AIBaseEditor.cs(116,131): warning CS0618: 'Rigidbody2D.isKinematic' is obsolete: 'isKinematic has been deprecated. Please use bodyType.'

Assets\AstarPathfindingProject\Editor\AstarUpdateChecker.cs(211,63): warning CS0618: 'Object.FindObjectOfType(Type)' is obsolete: 'Object.FindObjectOfType has been deprecated. Use Object.FindFirstObjectByType instead or if finding any instance is acceptable the faster Object.FindAnyObjectByType'

Assets\AstarPathfindingProject\Editor\AstarUpdateChecker.cs(213,19): warning CS0618: 'Object.FindObjectOfType(Type)' is obsolete: 'Object.FindObjectOfType has been deprecated. Use Object.FindFirstObjectByType instead or if finding any instance is acceptable the faster Object.FindAnyObjectByType'
[1103/1644  3s] Csc Library/Bee/artifacts/1900b0aEDbg.dag/Unity.PathTracing.Editor.dll (+2 others)
[           0s] Csc Library/Bee/artifacts/1900b0aEDbg.dag/Unity.PathTracing.Editor.dll (+2 others) [CacheWrite bfe3bfd376deaae17b48a3bc2a61042e00000000000000000000000000000006]
[1105/1644  0s] MovedFromExtractor-Combine Library/Bee/artifacts/1900b0aEDbg.dag/Unity.RenderPipelines.Core.Editor.dll.mvfrm
[1106/1644  3s] Csc Library/Bee/artifacts/1900b0aEDbg.dag/AmplifyImpostors.Editor.dll (+2 others)
[1107/1644  4s] Csc Library/Bee/artifacts/1900b0aEDbg.dag/TechniePhysicsCreator.dll (+2 others)
[           0s] Csc Library/Bee/artifacts/1900b0aEDbg.dag/Unity.RenderPipelines.Core.Editor.dll (+2 others) [CacheMiss d0c800e15bb4ffbea06082b66e337fe100000000000000000000000000000006]
[1108/1644  3s] Csc Library/Bee/artifacts/1900b0aEDbg.dag/Tayx.Graphy.Editor.dll (+2 others)
[1110/1644  0s] MovedFromExtractor Library/Bee/artifacts/mvdfrm/Unity.Collections.Editor.ref.dll_06943CB002554FFD.mvfrm
[1125/1644  0s] MovedFromExtractor-Combine Library/Bee/artifacts/1900b0aEDbg.dag/WaveHarmonic.Crest.Samples.dll.mvfrm
[1126/1644  0s] MovedFromExtractor-Combine Library/Bee/artifacts/1900b0aEDbg.dag/Unity.PlasticSCM.Editor.Entities.dll.mvfrm
[1127/1644  0s] MovedFromExtractor-Combine Library/Bee/artifacts/1900b0aEDbg.dag/MapMagic.Settings.dll.mvfrm
[1128/1644  0s] MovedFromExtractor-Combine Library/Bee/artifacts/1900b0aEDbg.dag/WaveHarmonic.Crest.Editor.Dependents.dll.mvfrm
[1129/1644  0s] MovedFromExtractor-Combine Library/Bee/artifacts/1900b0aEDbg.dag/Technie.PhysicsCreator.Updater.dll.mvfrm
[1130/1644  4s] Csc Library/Bee/artifacts/1900b0aEDbg.dag/EasySave3Editor.dll (+2 others)
[1131/1644  0s] MovedFromExtractor-Combine Library/Bee/artifacts/1900b0aEDbg.dag/Unity.CollabProxy.Editor.dll.mvfrm
[1132/1644 11s] Csc Library/Bee/artifacts/1900b0aEDbg.dag/BakeryEditorAssembly.dll (+2 others)
Assets\Editor\x64\Bakery\scripts\ftDefine.cs(27,23): warning CS0618: 'PlayerSettings.GetScriptingDefineSymbolsForGroup(BuildTargetGroup)' is obsolete: 'Use GetScriptingDefineSymbols(NamedBuildTarget buildTarget) instead'

Assets\Editor\x64\Bakery\scripts\ftDefine.cs(32,13): warning CS0618: 'PlayerSettings.SetScriptingDefineSymbolsForGroup(BuildTargetGroup, string)' is obsolete: 'Use SetScriptingDefineSymbols(NamedBuildTarget buildTarget, string defines) instead'

Assets\Editor\x64\Bakery\scripts\ftLightMeshInspector.cs(76,48): warning CS0618: 'Object.GetInstanceID()' is obsolete: 'GetInstanceID is deprecated. Use GetEntityId instead. This will be removed in a future version.'

Assets\Editor\x64\Bakery\scripts\ftSkyLightInspector.cs(59,48): warning CS0618: 'Object.GetInstanceID()' is obsolete: 'GetInstanceID is deprecated. Use GetEntityId instead. This will be removed in a future version.'

Assets\Editor\x64\Bakery\scripts\ftPointLightInspector.cs(383,48): warning CS0618: 'Object.GetInstanceID()' is obsolete: 'GetInstanceID is deprecated. Use GetEntityId instead. This will be removed in a future version.'
[           0s] Csc Library/Bee/artifacts/1900b0aEDbg.dag/Unity.PlasticSCM.Editor.Entities.dll (+2 others) [CacheMiss 6a108d74dc2ac12130e982e6594f555d00000000000000000000000000000006]
[           0s] Csc Library/Bee/artifacts/1900b0aEDbg.dag/Unity.CollabProxy.Editor.dll (+2 others) [CacheMiss fc7e34759d7b5afc21c081fbdbf568e900000000000000000000000000000006]
[1133/1644  5s] Csc Library/Bee/artifacts/1900b0aEDbg.dag/Lofelt.NiceVibrations.Demo.dll (+2 others)
[           0s] Csc Library/Bee/artifacts/1900b0aEDbg.dag/WaveHarmonic.Crest.Editor.Dependents.dll (+2 others) [CacheMiss 086077ad509e68f6c2a80fb584f40d1600000000000000000000000000000006]
[1134/1644  1s] Csc Library/Bee/artifacts/1900b0aEDbg.dag/Unity.PlasticSCM.Editor.Entities.dll (+2 others)
[           0s] Csc Library/Bee/artifacts/1900b0aEDbg.dag/Unity.PlasticSCM.Editor.Entities.dll (+2 others) [CacheWrite 6a108d74dc2ac12130e982e6594f555d00000000000000000000000000000006]
[1135/1644  1s] Csc Library/Bee/artifacts/1900b0aEDbg.dag/MapMagic.Settings.dll (+2 others)
Assets\MapMagic\Core\Plugins\SettingsWindow.cs(62,21): warning CS0618: 'PlayerSettings.GetScriptingDefineSymbolsForGroup(BuildTargetGroup)' is obsolete: 'Use GetScriptingDefineSymbols(NamedBuildTarget buildTarget) instead'

Assets\MapMagic\Core\Plugins\SettingsWindow.cs(78,5): warning CS0618: 'PlayerSettings.SetScriptingDefineSymbolsForGroup(BuildTargetGroup, string)' is obsolete: 'Use SetScriptingDefineSymbols(NamedBuildTarget buildTarget, string defines) instead'

Assets\MapMagic\Core\Plugins\SettingsWindow.cs(110,23): warning CS0618: 'PlayerSettings.GetScriptingDefineSymbolsForGroup(BuildTargetGroup)' is obsolete: 'Use GetScriptingDefineSymbols(NamedBuildTarget buildTarget) instead'

Assets\MapMagic\Core\Plugins\SettingsWindow.cs(189,21): warning CS0618: 'PlayerSettings.GetScriptingDefineSymbolsForGroup(BuildTargetGroup)' is obsolete: 'Use GetScriptingDefineSymbols(NamedBuildTarget buildTarget) instead'

Assets\MapMagic\Core\Plugins\SettingsWindow.cs(215,21): warning CS0618: 'PlayerSettings.GetScriptingDefineSymbolsForGroup(BuildTargetGroup)' is obsolete: 'Use GetScriptingDefineSymbols(NamedBuildTarget buildTarget) instead'

Assets\MapMagic\Core\Plugins\SettingsWindow.cs(233,4): warning CS0618: 'PlayerSettings.SetScriptingDefineSymbolsForGroup(BuildTargetGroup, string)' is obsolete: 'Use SetScriptingDefineSymbols(NamedBuildTarget buildTarget, string defines) instead'

Assets\MapMagic\Core\Plugins\SettingsWindow.cs(308,8): warning CS0618: 'PlayerSettings.GetApiCompatibilityLevel(BuildTargetGroup)' is obsolete: 'Use GetApiCompatibilityLevel(NamedBuildTarget buildTarget) instead'

Assets\MapMagic\Core\Plugins\SettingsWindow.cs(314,7): warning CS0618: 'PlayerSettings.SetApiCompatibilityLevel(BuildTargetGroup, ApiCompatibilityLevel)' is obsolete: 'Use SetApiCompatibilityLevel(NamedBuildTarget buildTarget, ApiCompatibilityLevel value) instead'
[1136/1644  1s] Csc Library/Bee/artifacts/1900b0aEDbg.dag/WaveHarmonic.Crest.Editor.Dependents.dll (+2 others)
[1137/1644  1s] Csc Library/Bee/artifacts/1900b0aEDbg.dag/Unity.CollabProxy.Editor.dll (+2 others)
[           0s] Csc Library/Bee/artifacts/1900b0aEDbg.dag/WaveHarmonic.Crest.Editor.Dependents.dll (+2 others) [CacheWrite 086077ad509e68f6c2a80fb584f40d1600000000000000000000000000000006]
[           0s] Csc Library/Bee/artifacts/1900b0aEDbg.dag/Unity.CollabProxy.Editor.dll (+2 others) [CacheWrite fc7e34759d7b5afc21c081fbdbf568e900000000000000000000000000000006]
[1138/1644  1s] Csc Library/Bee/artifacts/1900b0aEDbg.dag/Technie.PhysicsCreator.Updater.dll (+2 others)
[1139/1644 12s] Csc Library/Bee/artifacts/1900b0aEDbg.dag/Unity.RenderPipelines.Universal.Runtime.dll (+2 others)
[           0s] Csc Library/Bee/artifacts/1900b0aEDbg.dag/Unity.RenderPipelines.Universal.Runtime.dll (+2 others) [CacheWrite 079480f666ff5822f61d33d1fe98dd7f00000000000000000000000000000006]
[1141/1644  0s] MovedFromExtractor-Combine Library/Bee/artifacts/1900b0aEDbg.dag/MoreMountains.Tools.dll.mvfrm
[1142/1644  2s] ILPostProcess Library/Bee/artifacts/1900b0aEDbg.dag/post-processed/BakeryRuntimeAssembly.dll (+pdb)
Processing assembly Library/Bee/artifacts/1900b0aEDbg.dag/BakeryRuntimeAssembly.dll, with 161 defines and 297 references

processors: Unity.Jobs.CodeGen.JobsILPostProcessor, zzzUnity.Burst.CodeGen.BurstILPostProcessor

running Unity.Jobs.CodeGen.JobsILPostProcessor

running zzzUnity.Burst.CodeGen.BurstILPostProcessor
[1143/1644  3s] ILPostProcess Library/Bee/artifacts/1900b0aEDbg.dag/post-processed/Unity.Timeline.dll (+pdb)
Processing assembly Library/Bee/artifacts/1900b0aEDbg.dag/Unity.Timeline.dll, with 162 defines and 297 references

processors: Unity.Jobs.CodeGen.JobsILPostProcessor, zzzUnity.Burst.CodeGen.BurstILPostProcessor

running Unity.Jobs.CodeGen.JobsILPostProcessor

running zzzUnity.Burst.CodeGen.BurstILPostProcessor
[1144/1644  2s] ILPostProcess Library/Bee/artifacts/1900b0aEDbg.dag/post-processed/Lofelt.NiceVibrations.dll (+pdb)
Processing assembly Library/Bee/artifacts/1900b0aEDbg.dag/Lofelt.NiceVibrations.dll, with 162 defines and 298 references

processors: Unity.Jobs.CodeGen.JobsILPostProcessor, zzzUnity.Burst.CodeGen.BurstILPostProcessor

running Unity.Jobs.CodeGen.JobsILPostProcessor

running zzzUnity.Burst.CodeGen.BurstILPostProcessor
[1145/1644  2s] ILPostProcess Library/Bee/artifacts/1900b0aEDbg.dag/post-processed/AmplifyImpostors.Runtime.dll (+pdb)
Processing assembly Library/Bee/artifacts/1900b0aEDbg.dag/AmplifyImpostors.Runtime.dll, with 161 defines and 297 references

processors: Unity.Jobs.CodeGen.JobsILPostProcessor, zzzUnity.Burst.CodeGen.BurstILPostProcessor

running Unity.Jobs.CodeGen.JobsILPostProcessor

running zzzUnity.Burst.CodeGen.BurstILPostProcessor
[1146/1644 14s] Csc Library/Bee/artifacts/1900b0aEDbg.dag/MCPForUnity.Editor.dll (+2 others)
Packages\com.coplaydev.unity-mcp\Editor\Resources\Editor\Windows.cs(42,42): warning CS0618: 'Object.GetInstanceID()' is obsolete: 'GetInstanceID is deprecated. Use GetEntityId instead. This will be removed in a future version.'

Packages\com.coplaydev.unity-mcp\Editor\Helpers\GameObjectLookup.cs(73,51): warning CS0618: 'EntityId.implicit operator EntityId(int)' is obsolete: 'EntityId will not be representable by an int in the future. This casting operator will be removed in a future version.'

Packages\com.coplaydev.unity-mcp\Editor\Helpers\GameObjectLookup.cs(158,42): warning CS0618: 'Object.GetInstanceID()' is obsolete: 'GetInstanceID is deprecated. Use GetEntityId instead. This will be removed in a future version.'

Packages\com.coplaydev.unity-mcp\Editor\Helpers\GameObjectSerializer.cs(31,30): warning CS0618: 'Object.GetInstanceID()' is obsolete: 'GetInstanceID is deprecated. Use GetEntityId instead. This will be removed in a future version.'

Packages\com.coplaydev.unity-mcp\Editor\Helpers\GameObjectSerializer.cs(91,56): warning CS0618: 'Object.GetInstanceID()' is obsolete: 'GetInstanceID is deprecated. Use GetEntityId instead. This will be removed in a future version.'

Packages\com.coplaydev.unity-mcp\Editor\Resources\Editor\Selection.cs(24,75): warning CS0618: 'Object.GetInstanceID()' is obsolete: 'GetInstanceID is deprecated. Use GetEntityId instead. This will be removed in a future version.'

Packages\com.coplaydev.unity-mcp\Editor\Resources\Editor\Selection.cs(31,46): warning CS0618: 'Object.GetInstanceID()' is obsolete: 'GetInstanceID is deprecated. Use GetEntityId instead. This will be removed in a future version.'

Packages\com.coplaydev.unity-mcp\Editor\Resources\Editor\Selection.cs(38,45): warning CS0618: 'Object.GetInstanceID()' is obsolete: 'GetInstanceID is deprecated. Use GetEntityId instead. This will be removed in a future version.'

Packages\com.coplaydev.unity-mcp\Editor\Helpers\GameObjectLookup.cs(173,38): warning CS0618: 'Object.GetInstanceID()' is obsolete: 'GetInstanceID is deprecated. Use GetEntityId instead. This will be removed in a future version.'

Packages\com.coplaydev.unity-mcp\Editor\Helpers\GameObjectLookup.cs(190,38): warning CS0618: 'Object.GetInstanceID()' is obsolete: 'GetInstanceID is deprecated. Use GetEntityId instead. This will be removed in a future version.'

Packages\com.coplaydev.unity-mcp\Editor\Helpers\GameObjectLookup.cs(200,34): warning CS0618: 'Object.GetInstanceID()' is obsolete: 'GetInstanceID is deprecated. Use GetEntityId instead. This will be removed in a future version.'

Packages\com.coplaydev.unity-mcp\Editor\Resources\Scene\GameObjectResource.cs(87,33): warning CS0618: 'Object.GetInstanceID()' is obsolete: 'GetInstanceID is deprecated. Use GetEntityId instead. This will be removed in a future version.'

Packages\com.coplaydev.unity-mcp\Editor\Resources\Scene\GameObjectResource.cs(92,30): warning CS0618: 'Object.GetInstanceID()' is obsolete: 'GetInstanceID is deprecated. Use GetEntityId instead. This will be removed in a future version.'

Packages\com.coplaydev.unity-mcp\Editor\Resources\Scene\GameObjectResource.cs(109,53): warning CS0618: 'Object.GetInstanceID()' is obsolete: 'GetInstanceID is deprecated. Use GetEntityId instead. This will be removed in a future version.'

Packages\com.coplaydev.unity-mcp\Editor\Helpers\GameObjectSerializer.cs(147,33): warning CS0618: 'Object.GetInstanceID()' is obsolete: 'GetInstanceID is deprecated. Use GetEntityId instead. This will be removed in a future version.'

Packages\com.coplaydev.unity-mcp\Editor\Helpers\GameObjectLookup.cs(233,30): warning CS0618: 'Object.GetInstanceID()' is obsolete: 'GetInstanceID is deprecated. Use GetEntityId instead. This will be removed in a future version.'

Packages\com.coplaydev.unity-mcp\Editor\Resources\Scene\GameObjectResource.cs(176,42): warning CS0618: 'Object.GetInstanceID()' is obsolete: 'GetInstanceID is deprecated. Use GetEntityId instead. This will be removed in a future version.'

Packages\com.coplaydev.unity-mcp\Editor\Helpers\GameObjectLookup.cs(257,30): warning CS0618: 'Object.GetInstanceID()' is obsolete: 'GetInstanceID is deprecated. Use GetEntityId instead. This will be removed in a future version.'

Packages\com.coplaydev.unity-mcp\Editor\Helpers\GameObjectLookup.cs(277,34): warning CS0618: 'Object.GetInstanceID()' is obsolete: 'GetInstanceID is deprecated. Use GetEntityId instead. This will be removed in a future version.'

Packages\com.coplaydev.unity-mcp\Editor\Helpers\GameObjectSerializer.cs(181,37): warning CS0618: 'Object.GetInstanceID()' is obsolete: 'GetInstanceID is deprecated. Use GetEntityId instead. This will be removed in a future version.'

Packages\com.coplaydev.unity-mcp\Editor\Helpers\GameObjectSerializer.cs(191,53): warning CS0618: 'Object.GetInstanceID()' is obsolete: 'GetInstanceID is deprecated. Use GetEntityId instead. This will be removed in a future version.'

Packages\com.coplaydev.unity-mcp\Editor\Helpers\GameObjectSerializer.cs(192,49): warning CS0618: 'Object.GetInstanceID()' is obsolete: 'GetInstanceID is deprecated. Use GetEntityId instead. This will be removed in a future version.'

Packages\com.coplaydev.unity-mcp\Editor\Helpers\GameObjectSerializer.cs(197,61): warning CS0618: 'Object.GetInstanceID()' is obsolete: 'GetInstanceID is deprecated. Use GetEntityId instead. This will be removed in a future version.'

Packages\com.coplaydev.unity-mcp\Editor\Helpers\GameObjectSerializer.cs(236,90): warning CS0618: 'Object.GetInstanceID()' is obsolete: 'GetInstanceID is deprecated. Use GetEntityId instead. This will be removed in a future version.'

Packages\com.coplaydev.unity-mcp\Editor\Helpers\GameObjectSerializer.cs(259,37): warning CS0618: 'Object.GetInstanceID()' is obsolete: 'GetInstanceID is deprecated. Use GetEntityId instead. This will be removed in a future version.'

Packages\com.coplaydev.unity-mcp\Editor\Helpers\GameObjectSerializer.cs(325,37): warning CS0618: 'Object.GetInstanceID()' is obsolete: 'GetInstanceID is deprecated. Use GetEntityId instead. This will be removed in a future version.'

Packages\com.coplaydev.unity-mcp\Editor\Helpers\GameObjectSerializer.cs(334,33): warning CS0618: 'Object.GetInstanceID()' is obsolete: 'GetInstanceID is deprecated. Use GetEntityId instead. This will be removed in a future version.'

Packages\com.coplaydev.unity-mcp\Editor\Helpers\ComponentOps.cs(968,92): warning CS0618: 'Object.GetInstanceID()' is obsolete: 'GetInstanceID is deprecated. Use GetEntityId instead. This will be removed in a future version.'

Packages\com.coplaydev.unity-mcp\Editor\Tools\Vfx\ParticleControl.cs(93,28): warning CS0618: 'Object.GetInstanceID()' is obsolete: 'GetInstanceID is deprecated. Use GetEntityId instead. This will be removed in a future version.'

Packages\com.coplaydev.unity-mcp\Editor\Tools\Profiler\Operations\SessionOps.cs(24,18): warning CS0219: The variable 'recording' is assigned but its value is never used

Packages\com.coplaydev.unity-mcp\Editor\Tools\Prefabs\ManagePrefabs.cs(165,38): warning CS0618: 'Object.GetInstanceID()' is obsolete: 'GetInstanceID is deprecated. Use GetEntityId instead. This will be removed in a future version.'

Packages\com.coplaydev.unity-mcp\Editor\Tools\ManageComponents.cs(121,34): warning CS0618: 'Object.GetInstanceID()' is obsolete: 'GetInstanceID is deprecated. Use GetEntityId instead. This will be removed in a future version.'

Packages\com.coplaydev.unity-mcp\Editor\Tools\ManageComponents.cs(123,43): warning CS0618: 'Object.GetInstanceID()' is obsolete: 'GetInstanceID is deprecated. Use GetEntityId instead. This will be removed in a future version.'

Packages\com.coplaydev.unity-mcp\Editor\Tools\ManageComponents.cs(165,34): warning CS0618: 'Object.GetInstanceID()' is obsolete: 'GetInstanceID is deprecated. Use GetEntityId instead. This will be removed in a future version.'

Packages\com.coplaydev.unity-mcp\Editor\Tools\Graphics\VolumeOps.cs(127,34): warning CS0618: 'Object.GetInstanceID()' is obsolete: 'GetInstanceID is deprecated. Use GetEntityId instead. This will be removed in a future version.'

Packages\com.coplaydev.unity-mcp\Editor\Tools\Graphics\VolumeOps.cs(192,92): warning CS0618: 'Object.GetInstanceID()' is obsolete: 'GetInstanceID is deprecated. Use GetEntityId instead. This will be removed in a future version.'

Packages\com.coplaydev.unity-mcp\Editor\Tools\ManageComponents.cs(249,42): warning CS0618: 'Object.GetInstanceID()' is obsolete: 'GetInstanceID is deprecated. Use GetEntityId instead. This will be removed in a future version.'

Packages\com.coplaydev.unity-mcp\Editor\Tools\ManageComponents.cs(261,38): warning CS0618: 'Object.GetInstanceID()' is obsolete: 'GetInstanceID is deprecated. Use GetEntityId instead. This will be removed in a future version.'

Packages\com.coplaydev.unity-mcp\Editor\Tools\Physics\PhysicsSimulationOps.cs(100,38): warning CS0618: 'Object.GetInstanceID()' is obsolete: 'GetInstanceID is deprecated. Use GetEntityId instead. This will be removed in a future version.'

Packages\com.coplaydev.unity-mcp\Editor\Tools\Physics\PhysicsSimulationOps.cs(119,38): warning CS0618: 'Object.GetInstanceID()' is obsolete: 'GetInstanceID is deprecated. Use GetEntityId instead. This will be removed in a future version.'

Packages\com.coplaydev.unity-mcp\Editor\Tools\Physics\PhysicsSimulationOps.cs(142,69): warning CS0618: 'FindObjectsSortMode' is obsolete: 'FindObjectsSortMode has been deprecated. Use the FindObjectsByType overloads that do not take a FindObjectsSortMode parameter.'

Packages\com.coplaydev.unity-mcp\Editor\Tools\Physics\PhysicsSimulationOps.cs(142,31): warning CS0618: 'Object.FindObjectsByType<T>(FindObjectsSortMode)' is obsolete: 'FindObjectsByType with FindObjectsSortMode parameter has been deprecated. Use FindObjectsByType<T>() or FindObjectsByType<T>(FindObjectsInactive) instead. InstanceID will be replaced in the future with EntityId and previous sort order cannot be maintained.'

Packages\com.coplaydev.unity-mcp\Editor\Tools\Physics\PhysicsSimulationOps.cs(155,38): warning CS0618: 'Object.GetInstanceID()' is obsolete: 'GetInstanceID is deprecated. Use GetEntityId instead. This will be removed in a future version.'

Packages\com.coplaydev.unity-mcp\Editor\Tools\Physics\PhysicsSimulationOps.cs(169,65): warning CS0618: 'FindObjectsSortMode' is obsolete: 'FindObjectsSortMode has been deprecated. Use the FindObjectsByType overloads that do not take a FindObjectsSortMode parameter.'

Packages\com.coplaydev.unity-mcp\Editor\Tools\Physics\PhysicsSimulationOps.cs(169,29): warning CS0618: 'Object.FindObjectsByType<T>(FindObjectsSortMode)' is obsolete: 'FindObjectsByType with FindObjectsSortMode parameter has been deprecated. Use FindObjectsByType<T>() or FindObjectsByType<T>(FindObjectsInactive) instead. InstanceID will be replaced in the future with EntityId and previous sort order cannot be maintained.'

Packages\com.coplaydev.unity-mcp\Editor\Tools\Physics\PhysicsSimulationOps.cs(182,38): warning CS0618: 'Object.GetInstanceID()' is obsolete: 'GetInstanceID is deprecated. Use GetEntityId instead. This will be removed in a future version.'

Packages\com.coplaydev.unity-mcp\Editor\Tools\ManageMaterial.cs(420,61): warning CS0618: 'Object.GetInstanceID()' is obsolete: 'GetInstanceID is deprecated. Use GetEntityId instead. This will be removed in a future version.'

Packages\com.coplaydev.unity-mcp\Editor\Tools\GameObjects\ManageGameObjectCommon.cs(71,74): warning CS0618: 'Object.GetInstanceID()' is obsolete: 'GetInstanceID is deprecated. Use GetEntityId instead. This will be removed in a future version.'

Packages\com.coplaydev.unity-mcp\Editor\Tools\GameObjects\ManageGameObjectCommon.cs(159,108): warning CS0618: 'FindObjectsSortMode' is obsolete: 'FindObjectsSortMode has been deprecated. Use the FindObjectsByType overloads that do not take a FindObjectsSortMode parameter.'

Packages\com.coplaydev.unity-mcp\Editor\Tools\GameObjects\ManageGameObjectCommon.cs(159,46): warning CS0618: 'Object.FindObjectsByType(Type, FindObjectsInactive, FindObjectsSortMode)' is obsolete: 'FindObjectsByType with FindObjectsSortMode parameter has been deprecated. Use FindObjectsByType(Type) or FindObjectsByType(Type, FindObjectsInactive) instead. InstanceID will be replaced in the future with EntityId and previous sort order cannot be maintained.'

Packages\com.coplaydev.unity-mcp\Editor\Tools\GameObjects\ManageGameObjectCommon.cs(180,80): warning CS0618: 'Object.GetInstanceID()' is obsolete: 'GetInstanceID is deprecated. Use GetEntityId instead. This will be removed in a future version.'

Packages\com.coplaydev.unity-mcp\Editor\Tools\Cameras\CameraHelpers.cs(145,20): warning CS0618: 'Object.FindFirstObjectByType(Type)' is obsolete: 'FindFirstObjectByType has been deprecated because it relies on instance ID ordering. Use FindAnyObjectByType instead, which does not depend on ordering.'

Packages\com.coplaydev.unity-mcp\Editor\Tools\Physics\PhysicsSettingsOps.cs(62,46): warning CS0618: 'Physics2D.autoSyncTransforms' is obsolete: 'Physics2D.autoSyncTransforms has been deprecated please use Physics2D.SyncTransforms instead to manually sync physics transforms when required.'

Packages\com.coplaydev.unity-mcp\Editor\Tools\Cameras\CameraHelpers.cs(157,84): warning CS0618: 'FindObjectsSortMode' is obsolete: 'FindObjectsSortMode has been deprecated. Use the FindObjectsByType overloads that do not take a FindObjectsSortMode parameter.'

Packages\com.coplaydev.unity-mcp\Editor\Tools\Cameras\CameraHelpers.cs(157,27): warning CS0618: 'Object.FindObjectsByType<T>(FindObjectsSortMode)' is obsolete: 'FindObjectsByType with FindObjectsSortMode parameter has been deprecated. Use FindObjectsByType<T>() or FindObjectsByType<T>(FindObjectsInactive) instead. InstanceID will be replaced in the future with EntityId and previous sort order cannot be maintained.'

Packages\com.coplaydev.unity-mcp\Editor\Tools\Graphics\VolumeOps.cs(458,95): warning CS0618: 'FindObjectsSortMode' is obsolete: 'FindObjectsSortMode has been deprecated. Use the FindObjectsByType overloads that do not take a FindObjectsSortMode parameter.'

Packages\com.coplaydev.unity-mcp\Editor\Tools\Graphics\VolumeOps.cs(458,30): warning CS0618: 'Object.FindObjectsByType(Type, FindObjectsSortMode)' is obsolete: 'FindObjectsByType with FindObjectsSortMode parameter has been deprecated. Use FindObjectsByType(Type) or FindObjectsByType(Type, FindObjectsInactive) instead. InstanceID will be replaced in the future with EntityId and previous sort order cannot be maintained.'

Packages\com.coplaydev.unity-mcp\Editor\Tools\ManageScene.cs(602,88): warning CS0618: 'FindObjectsSortMode' is obsolete: 'FindObjectsSortMode has been deprecated. Use the FindObjectsByType overloads that do not take a FindObjectsSortMode parameter.'

Packages\com.coplaydev.unity-mcp\Editor\Tools\ManageScene.cs(602,43): warning CS0618: 'Object.FindObjectsByType<T>(FindObjectsSortMode)' is obsolete: 'FindObjectsByType with FindObjectsSortMode parameter has been deprecated. Use FindObjectsByType<T>() or FindObjectsByType<T>(FindObjectsInactive) instead. InstanceID will be replaced in the future with EntityId and previous sort order cannot be maintained.'

Packages\com.coplaydev.unity-mcp\Editor\Tools\ManageScene.cs(644,110): warning CS0618: 'FindObjectsSortMode' is obsolete: 'FindObjectsSortMode has been deprecated. Use the FindObjectsByType overloads that do not take a FindObjectsSortMode parameter.'

Packages\com.coplaydev.unity-mcp\Editor\Tools\ManageScene.cs(644,65): warning CS0618: 'Object.FindObjectsByType<T>(FindObjectsSortMode)' is obsolete: 'FindObjectsByType with FindObjectsSortMode parameter has been deprecated. Use FindObjectsByType<T>() or FindObjectsByType<T>(FindObjectsInactive) instead. InstanceID will be replaced in the future with EntityId and previous sort order cannot be maintained.'

Packages\com.coplaydev.unity-mcp\Editor\Tools\Graphics\VolumeOps.cs(532,31): warning CS0618: 'Object.GetInstanceID()' is obsolete: 'GetInstanceID is deprecated. Use GetEntityId instead. This will be removed in a future version.'

Packages\com.coplaydev.unity-mcp\Editor\Tools\Cameras\CameraCreate.cs(65,34): warning CS0618: 'Object.GetInstanceID()' is obsolete: 'GetInstanceID is deprecated. Use GetEntityId instead. This will be removed in a future version.'

Packages\com.coplaydev.unity-mcp\Editor\Tools\Physics\PhysicsSettingsOps.cs(284,25): warning CS0618: 'Physics2D.autoSyncTransforms' is obsolete: 'Physics2D.autoSyncTransforms has been deprecated please use Physics2D.SyncTransforms instead to manually sync physics transforms when required.'

Packages\com.coplaydev.unity-mcp\Editor\Tools\ManageAsset.cs(805,38): warning CS0618: 'Object.GetInstanceID()' is obsolete: 'GetInstanceID is deprecated. Use GetEntityId instead. This will be removed in a future version.'

Packages\com.coplaydev.unity-mcp\Editor\Tools\Cameras\CameraCreate.cs(152,34): warning CS0618: 'Object.GetInstanceID()' is obsolete: 'GetInstanceID is deprecated. Use GetEntityId instead. This will be removed in a future version.'

Packages\com.coplaydev.unity-mcp\Editor\Tools\ManageScene.cs(823,84): warning CS0618: 'FindObjectsSortMode' is obsolete: 'FindObjectsSortMode has been deprecated. Use the FindObjectsByType overloads that do not take a FindObjectsSortMode parameter.'

Packages\com.coplaydev.unity-mcp\Editor\Tools\ManageScene.cs(823,37): warning CS0618: 'Object.FindObjectsByType<T>(FindObjectsSortMode)' is obsolete: 'FindObjectsByType with FindObjectsSortMode parameter has been deprecated. Use FindObjectsByType<T>() or FindObjectsByType<T>(FindObjectsInactive) instead. InstanceID will be replaced in the future with EntityId and previous sort order cannot be maintained.'

Packages\com.coplaydev.unity-mcp\Editor\Tools\Physics\PhysicsRigidbodyOps.cs(68,34): warning CS0618: 'Object.GetInstanceID()' is obsolete: 'GetInstanceID is deprecated. Use GetEntityId instead. This will be removed in a future version.'

Packages\com.coplaydev.unity-mcp\Editor\Tools\ProBuilder\ManageProBuilder.cs(598,30): warning CS0618: 'Object.GetInstanceID()' is obsolete: 'GetInstanceID is deprecated. Use GetEntityId instead. This will be removed in a future version.'

Packages\com.coplaydev.unity-mcp\Editor\Tools\Physics\PhysicsRigidbodyOps.cs(116,34): warning CS0618: 'Object.GetInstanceID()' is obsolete: 'GetInstanceID is deprecated. Use GetEntityId instead. This will be removed in a future version.'

Packages\com.coplaydev.unity-mcp\Editor\Tools\Cameras\CameraCreate.cs(176,38): warning CS0618: 'Object.GetInstanceID()' is obsolete: 'GetInstanceID is deprecated. Use GetEntityId instead. This will be removed in a future version.'

Packages\com.coplaydev.unity-mcp\Editor\Tools\Cameras\CameraCreate.cs(244,34): warning CS0618: 'Object.GetInstanceID()' is obsolete: 'GetInstanceID is deprecated. Use GetEntityId instead. This will be removed in a future version.'

Packages\com.coplaydev.unity-mcp\Editor\Tools\Prefabs\ManagePrefabs.cs(1237,30): warning CS0618: 'Object.GetInstanceID()' is obsolete: 'GetInstanceID is deprecated. Use GetEntityId instead. This will be removed in a future version.'

Packages\com.coplaydev.unity-mcp\Editor\Tools\Graphics\SkyboxOps.cs(94,82): warning CS0618: 'Object.GetInstanceID()' is obsolete: 'GetInstanceID is deprecated. Use GetEntityId instead. This will be removed in a future version.'

Packages\com.coplaydev.unity-mcp\Editor\Tools\ManageAsset.cs(1107,36): warning CS0618: 'Object.GetInstanceID()' is obsolete: 'GetInstanceID is deprecated. Use GetEntityId instead. This will be removed in a future version.'

Packages\com.coplaydev.unity-mcp\Editor\Tools\ManageScene.cs(968,84): warning CS0618: 'FindObjectsSortMode' is obsolete: 'FindObjectsSortMode has been deprecated. Use the FindObjectsByType overloads that do not take a FindObjectsSortMode parameter.'

Packages\com.coplaydev.unity-mcp\Editor\Tools\ManageScene.cs(968,37): warning CS0618: 'Object.FindObjectsByType<T>(FindObjectsSortMode)' is obsolete: 'FindObjectsByType with FindObjectsSortMode parameter has been deprecated. Use FindObjectsByType<T>() or FindObjectsByType<T>(FindObjectsInactive) instead. InstanceID will be replaced in the future with EntityId and previous sort order cannot be maintained.'

Packages\com.coplaydev.unity-mcp\Editor\Tools\Cameras\CameraControl.cs(17,89): warning CS0618: 'FindObjectsSortMode' is obsolete: 'FindObjectsSortMode has been deprecated. Use the FindObjectsByType overloads that do not take a FindObjectsSortMode parameter.'

Packages\com.coplaydev.unity-mcp\Editor\Tools\Cameras\CameraControl.cs(17,32): warning CS0618: 'Object.FindObjectsByType<T>(FindObjectsSortMode)' is obsolete: 'FindObjectsByType with FindObjectsSortMode parameter has been deprecated. Use FindObjectsByType<T>() or FindObjectsByType<T>(FindObjectsInactive) instead. InstanceID will be replaced in the future with EntityId and previous sort order cannot be maintained.'

Packages\com.coplaydev.unity-mcp\Editor\Tools\Cameras\CameraControl.cs(29,74): warning CS0618: 'FindObjectsSortMode' is obsolete: 'FindObjectsSortMode has been deprecated. Use the FindObjectsByType overloads that do not take a FindObjectsSortMode parameter.'

Packages\com.coplaydev.unity-mcp\Editor\Tools\Cameras\CameraControl.cs(29,29): warning CS0618: 'Object.FindObjectsByType(Type, FindObjectsSortMode)' is obsolete: 'FindObjectsByType with FindObjectsSortMode parameter has been deprecated. Use FindObjectsByType(Type) or FindObjectsByType(Type, FindObjectsInactive) instead. InstanceID will be replaced in the future with EntityId and previous sort order cannot be maintained.'

Packages\com.coplaydev.unity-mcp\Editor\Tools\Cameras\CameraControl.cs(58,38): warning CS0618: 'Object.GetInstanceID()' is obsolete: 'GetInstanceID is deprecated. Use GetEntityId instead. This will be removed in a future version.'

Packages\com.coplaydev.unity-mcp\Editor\Tools\Cameras\CameraControl.cs(62,101): warning CS0618: 'Object.GetInstanceID()' is obsolete: 'GetInstanceID is deprecated. Use GetEntityId instead. This will be removed in a future version.'

Packages\com.coplaydev.unity-mcp\Editor\Tools\Cameras\CameraControl.cs(63,101): warning CS0618: 'Object.GetInstanceID()' is obsolete: 'GetInstanceID is deprecated. Use GetEntityId instead. This will be removed in a future version.'

Packages\com.coplaydev.unity-mcp\Editor\Tools\Cameras\CameraControl.cs(79,34): warning CS0618: 'Object.GetInstanceID()' is obsolete: 'GetInstanceID is deprecated. Use GetEntityId instead. This will be removed in a future version.'

Packages\com.coplaydev.unity-mcp\Editor\Tools\Cameras\CameraControl.cs(105,40): warning CS0618: 'Object.GetInstanceID()' is obsolete: 'GetInstanceID is deprecated. Use GetEntityId instead. This will be removed in a future version.'

Packages\com.coplaydev.unity-mcp\Editor\Tools\Cameras\CameraControl.cs(112,38): warning CS0618: 'Object.GetInstanceID()' is obsolete: 'GetInstanceID is deprecated. Use GetEntityId instead. This will be removed in a future version.'

Packages\com.coplaydev.unity-mcp\Editor\Tools\GameObjects\GameObjectLookAt.cs(56,34): warning CS0618: 'Object.GetInstanceID()' is obsolete: 'GetInstanceID is deprecated. Use GetEntityId instead. This will be removed in a future version.'

Packages\com.coplaydev.unity-mcp\Editor\Tools\Cameras\CameraControl.cs(150,32): warning CS0618: 'Object.GetInstanceID()' is obsolete: 'GetInstanceID is deprecated. Use GetEntityId instead. This will be removed in a future version.'

Packages\com.coplaydev.unity-mcp\Editor\Tools\Cameras\CameraControl.cs(166,34): warning CS0618: 'Object.GetInstanceID()' is obsolete: 'GetInstanceID is deprecated. Use GetEntityId instead. This will be removed in a future version.'

Packages\com.coplaydev.unity-mcp\Editor\Tools\Cameras\CameraConfigure.cs(39,43): warning CS0618: 'Object.GetInstanceID()' is obsolete: 'GetInstanceID is deprecated. Use GetEntityId instead. This will be removed in a future version.'

Packages\com.coplaydev.unity-mcp\Editor\Tools\Cameras\CameraConfigure.cs(68,43): warning CS0618: 'Object.GetInstanceID()' is obsolete: 'GetInstanceID is deprecated. Use GetEntityId instead. This will be removed in a future version.'

Packages\com.coplaydev.unity-mcp\Editor\Tools\GameObjects\GameObjectDuplicate.cs(80,34): warning CS0618: 'Object.GetInstanceID()' is obsolete: 'GetInstanceID is deprecated. Use GetEntityId instead. This will be removed in a future version.'

Packages\com.coplaydev.unity-mcp\Editor\Tools\Cameras\CameraControl.cs(220,43): warning CS0618: 'Object.GetInstanceID()' is obsolete: 'GetInstanceID is deprecated. Use GetEntityId instead. This will be removed in a future version.'

Packages\com.coplaydev.unity-mcp\Editor\Tools\Cameras\CameraConfigure.cs(91,43): warning CS0618: 'Object.GetInstanceID()' is obsolete: 'GetInstanceID is deprecated. Use GetEntityId instead. This will be removed in a future version.'

Packages\com.coplaydev.unity-mcp\Editor\Tools\Cameras\CameraConfigure.cs(119,43): warning CS0618: 'Object.GetInstanceID()' is obsolete: 'GetInstanceID is deprecated. Use GetEntityId instead. This will be removed in a future version.'

Packages\com.coplaydev.unity-mcp\Editor\Tools\GameObjects\GameObjectDelete.cs(27,32): warning CS0618: 'Object.GetInstanceID()' is obsolete: 'GetInstanceID is deprecated. Use GetEntityId instead. This will be removed in a future version.'

Packages\com.coplaydev.unity-mcp\Editor\Tools\Cameras\CameraControl.cs(249,47): warning CS0618: 'Object.GetInstanceID()' is obsolete: 'GetInstanceID is deprecated. Use GetEntityId instead. This will be removed in a future version.'

Packages\com.coplaydev.unity-mcp\Editor\Tools\Cameras\CameraControl.cs(276,47): warning CS0618: 'Object.GetInstanceID()' is obsolete: 'GetInstanceID is deprecated. Use GetEntityId instead. This will be removed in a future version.'

Packages\com.coplaydev.unity-mcp\Editor\Tools\Cameras\CameraControl.cs(286,34): warning CS0618: 'Object.GetInstanceID()' is obsolete: 'GetInstanceID is deprecated. Use GetEntityId instead. This will be removed in a future version.'

Packages\com.coplaydev.unity-mcp\Editor\Tools\Cameras\CameraConfigure.cs(150,43): warning CS0618: 'Object.GetInstanceID()' is obsolete: 'GetInstanceID is deprecated. Use GetEntityId instead. This will be removed in a future version.'

Packages\com.coplaydev.unity-mcp\Editor\Tools\ManageUI.cs(1036,28): warning CS0618: 'Object.GetInstanceID()' is obsolete: 'GetInstanceID is deprecated. Use GetEntityId instead. This will be removed in a future version.'

Packages\com.coplaydev.unity-mcp\Editor\Tools\Graphics\SkyboxOps.cs(376,34): warning CS0618: 'Object.GetInstanceID()' is obsolete: 'GetInstanceID is deprecated. Use GetEntityId instead. This will be removed in a future version.'

Packages\com.coplaydev.unity-mcp\Editor\Tools\Cameras\CameraConfigure.cs(184,43): warning CS0618: 'Object.GetInstanceID()' is obsolete: 'GetInstanceID is deprecated. Use GetEntityId instead. This will be removed in a future version.'

Packages\com.coplaydev.unity-mcp\Editor\Tools\ManageScene.cs(1220,72): warning CS0618: 'FindObjectsSortMode' is obsolete: 'FindObjectsSortMode has been deprecated. Use the FindObjectsByType overloads that do not take a FindObjectsSortMode parameter.'

Packages\com.coplaydev.unity-mcp\Editor\Tools\ManageScene.cs(1220,27): warning CS0618: 'Object.FindObjectsByType<T>(FindObjectsSortMode)' is obsolete: 'FindObjectsByType with FindObjectsSortMode parameter has been deprecated. Use FindObjectsByType<T>() or FindObjectsByType<T>(FindObjectsInactive) instead. InstanceID will be replaced in the future with EntityId and previous sort order cannot be maintained.'

Packages\com.coplaydev.unity-mcp\Editor\Tools\Cameras\CameraConfigure.cs(221,43): warning CS0618: 'Object.GetInstanceID()' is obsolete: 'GetInstanceID is deprecated. Use GetEntityId instead. This will be removed in a future version.'

Packages\com.coplaydev.unity-mcp\Editor\Tools\Cameras\CameraConfigure.cs(256,43): warning CS0618: 'Object.GetInstanceID()' is obsolete: 'GetInstanceID is deprecated. Use GetEntityId instead. This will be removed in a future version.'

Packages\com.coplaydev.unity-mcp\Editor\Tools\ManageScene.cs(1276,86): warning CS0618: 'FindObjectsSortMode' is obsolete: 'FindObjectsSortMode has been deprecated. Use the FindObjectsByType overloads that do not take a FindObjectsSortMode parameter.'

Packages\com.coplaydev.unity-mcp\Editor\Tools\ManageScene.cs(1276,39): warning CS0618: 'Object.FindObjectsByType<T>(FindObjectsSortMode)' is obsolete: 'FindObjectsByType with FindObjectsSortMode parameter has been deprecated. Use FindObjectsByType<T>() or FindObjectsByType<T>(FindObjectsInactive) instead. InstanceID will be replaced in the future with EntityId and previous sort order cannot be maintained.'

Packages\com.coplaydev.unity-mcp\Editor\Tools\Cameras\CameraConfigure.cs(291,43): warning CS0618: 'Object.GetInstanceID()' is obsolete: 'GetInstanceID is deprecated. Use GetEntityId instead. This will be removed in a future version.'

Packages\com.coplaydev.unity-mcp\Editor\Tools\Physics\PhysicsQueryOps.cs(82,34): warning CS0618: 'Object.GetInstanceID()' is obsolete: 'GetInstanceID is deprecated. Use GetEntityId instead. This will be removed in a future version.'

Packages\com.coplaydev.unity-mcp\Editor\Tools\Cameras\CameraConfigure.cs(323,43): warning CS0618: 'Object.GetInstanceID()' is obsolete: 'GetInstanceID is deprecated. Use GetEntityId instead. This will be removed in a future version.'

Packages\com.coplaydev.unity-mcp\Editor\Tools\Cameras\CameraConfigure.cs(354,43): warning CS0618: 'Object.GetInstanceID()' is obsolete: 'GetInstanceID is deprecated. Use GetEntityId instead. This will be removed in a future version.'

Packages\com.coplaydev.unity-mcp\Editor\Tools\Physics\PhysicsQueryOps.cs(125,34): warning CS0618: 'Object.GetInstanceID()' is obsolete: 'GetInstanceID is deprecated. Use GetEntityId instead. This will be removed in a future version.'

Packages\com.coplaydev.unity-mcp\Editor\Tools\Graphics\LightBakingOps.cs(127,34): warning CS0618: 'Object.GetInstanceID()' is obsolete: 'GetInstanceID is deprecated. Use GetEntityId instead. This will be removed in a future version.'

Packages\com.coplaydev.unity-mcp\Editor\Tools\Graphics\GraphicsHelpers.cs(113,83): warning CS0618: 'FindObjectsSortMode' is obsolete: 'FindObjectsSortMode has been deprecated. Use the FindObjectsByType overloads that do not take a FindObjectsSortMode parameter.'

Packages\com.coplaydev.unity-mcp\Editor\Tools\Graphics\GraphicsHelpers.cs(113,34): warning CS0618: 'Object.FindObjectsByType(Type, FindObjectsSortMode)' is obsolete: 'FindObjectsByType with FindObjectsSortMode parameter has been deprecated. Use FindObjectsByType(Type) or FindObjectsByType(Type, FindObjectsInactive) instead. InstanceID will be replaced in the future with EntityId and previous sort order cannot be maintained.'

Packages\com.coplaydev.unity-mcp\Editor\Tools\Physics\JointOps.cs(143,34): warning CS0618: 'Object.GetInstanceID()' is obsolete: 'GetInstanceID is deprecated. Use GetEntityId instead. This will be removed in a future version.'

Packages\com.coplaydev.unity-mcp\Editor\Tools\Physics\JointOps.cs(144,44): warning CS0618: 'Object.GetInstanceID()' is obsolete: 'GetInstanceID is deprecated. Use GetEntityId instead. This will be removed in a future version.'

Packages\com.coplaydev.unity-mcp\Editor\Tools\Graphics\RendererFeatureOps.cs(165,34): warning CS0618: 'Object.GetInstanceID()' is obsolete: 'GetInstanceID is deprecated. Use GetEntityId instead. This will be removed in a future version.'

Packages\com.coplaydev.unity-mcp\Editor\Tools\Graphics\LightBakingOps.cs(277,34): warning CS0618: 'Object.GetInstanceID()' is obsolete: 'GetInstanceID is deprecated. Use GetEntityId instead. This will be removed in a future version.'

Packages\com.coplaydev.unity-mcp\Editor\Tools\Physics\PhysicsQueryOps.cs(292,34): warning CS0618: 'Object.GetInstanceID()' is obsolete: 'GetInstanceID is deprecated. Use GetEntityId instead. This will be removed in a future version.'

Packages\com.coplaydev.unity-mcp\Editor\Tools\Physics\PhysicsQueryOps.cs(313,34): warning CS0618: 'Object.GetInstanceID()' is obsolete: 'GetInstanceID is deprecated. Use GetEntityId instead. This will be removed in a future version.'

Packages\com.coplaydev.unity-mcp\Editor\Tools\Graphics\LightBakingOps.cs(330,34): warning CS0618: 'Object.GetInstanceID()' is obsolete: 'GetInstanceID is deprecated. Use GetEntityId instead. This will be removed in a future version.'

Packages\com.coplaydev.unity-mcp\Editor\Tools\Graphics\LightBakingOps.cs(386,34): warning CS0618: 'Object.GetInstanceID()' is obsolete: 'GetInstanceID is deprecated. Use GetEntityId instead. This will be removed in a future version.'

Packages\com.coplaydev.unity-mcp\Editor\Tools\Physics\PhysicsQueryOps.cs(467,34): warning CS0618: 'Object.GetInstanceID()' is obsolete: 'GetInstanceID is deprecated. Use GetEntityId instead. This will be removed in a future version.'

Packages\com.coplaydev.unity-mcp\Editor\Tools\ProBuilder\ManageProBuilder.cs(902,30): warning CS0618: 'Object.GetInstanceID()' is obsolete: 'GetInstanceID is deprecated. Use GetEntityId instead. This will be removed in a future version.'

Packages\com.coplaydev.unity-mcp\Editor\Tools\Physics\PhysicsQueryOps.cs(556,34): warning CS0618: 'Object.GetInstanceID()' is obsolete: 'GetInstanceID is deprecated. Use GetEntityId instead. This will be removed in a future version.'

Packages\com.coplaydev.unity-mcp\Editor\Tools\Physics\PhysicsQueryOps.cs(622,34): warning CS0618: 'Object.GetInstanceID()' is obsolete: 'GetInstanceID is deprecated. Use GetEntityId instead. This will be removed in a future version.'

Packages\com.coplaydev.unity-mcp\Editor\Tools\Physics\PhysicsQueryOps.cs(660,34): warning CS0618: 'Object.GetInstanceID()' is obsolete: 'GetInstanceID is deprecated. Use GetEntityId instead. This will be removed in a future version.'

Packages\com.coplaydev.unity-mcp\Editor\Tools\Physics\PhysicsQueryOps.cs(742,34): warning CS0618: 'Object.GetInstanceID()' is obsolete: 'GetInstanceID is deprecated. Use GetEntityId instead. This will be removed in a future version.'

Packages\com.coplaydev.unity-mcp\Editor\Tools\Physics\PhysicsQueryOps.cs(785,34): warning CS0618: 'Object.GetInstanceID()' is obsolete: 'GetInstanceID is deprecated. Use GetEntityId instead. This will be removed in a future version.'

Packages\com.coplaydev.unity-mcp\Editor\Tools\Physics\JointOps.cs(307,34): warning CS0618: 'Object.GetInstanceID()' is obsolete: 'GetInstanceID is deprecated. Use GetEntityId instead. This will be removed in a future version.'

Packages\com.coplaydev.unity-mcp\Editor\Tools\Physics\JointOps.cs(378,44): warning CS0618: 'Object.GetInstanceID()' is obsolete: 'GetInstanceID is deprecated. Use GetEntityId instead. This will be removed in a future version.'

Packages\com.coplaydev.unity-mcp\Editor\Tools\ManageScene.cs(2011,33): warning CS0618: 'Object.GetInstanceID()' is obsolete: 'GetInstanceID is deprecated. Use GetEntityId instead. This will be removed in a future version.'

Packages\com.coplaydev.unity-mcp\Editor\Tools\ProBuilder\ManageProBuilder.cs(2297,34): warning CS0618: 'Object.GetInstanceID()' is obsolete: 'GetInstanceID is deprecated. Use GetEntityId instead. This will be removed in a future version.'
[1147/1644  0s] MovedFromExtractor-Combine Library/Bee/artifacts/1900b0aEDbg.dag/Unity.RenderPipelines.Universal.2D.Runtime.dll.mvfrm
[1148/1644  0s] MovedFromExtractor-Combine Library/Bee/artifacts/1900b0aEDbg.dag/WaveHarmonic.Crest.Shared.dll.mvfrm
[           0s] Csc Library/Bee/artifacts/1900b0aEDbg.dag/MCPForUnity.Editor.dll (+2 others) [CacheWrite da4def71123394a4afea767734ef6a6900000000000000000000000000000006]
[1149/1644  0s] MovedFromExtractor-Combine Library/Bee/artifacts/1900b0aEDbg.dag/MoreMountains.Feedbacks.dll.mvfrm
[           0s] Csc Library/Bee/artifacts/1900b0aEDbg.dag/Unity.RenderPipelines.Universal.2D.Runtime.dll (+2 others) [CacheMiss 9e8811f8270036a04f877a82e7df5ae800000000000000000000000000000006]
[           0s] Csc Library/Bee/artifacts/1900b0aEDbg.dag/WaveHarmonic.Crest.Shared.dll (+2 others) [CacheMiss 9156fd51919ac10f61727c6f06136fd000000000000000000000000000000006]
[1151/1644  0s] MovedFromExtractor-Combine Library/Bee/artifacts/1900b0aEDbg.dag/WaveHarmonic.Crest.dll.mvfrm
[1152/1644  3s] ILPostProcess Library/Bee/artifacts/1900b0aEDbg.dag/post-processed/Unity.RenderPipelines.Universal.Config.Runtime.dll (+pdb)
Processing assembly Library/Bee/artifacts/1900b0aEDbg.dag/Unity.RenderPipelines.Universal.Config.Runtime.dll, with 161 defines and 298 references

processors: Unity.Jobs.CodeGen.JobsILPostProcessor, zzzUnity.Burst.CodeGen.BurstILPostProcessor

running Unity.Jobs.CodeGen.JobsILPostProcessor

running zzzUnity.Burst.CodeGen.BurstILPostProcessor
[1153/1644  0s] MovedFromExtractor-Combine Library/Bee/artifacts/1900b0aEDbg.dag/Crest.dll.mvfrm
[1154/1644  0s] MovedFromExtractor-Combine Library/Bee/artifacts/1900b0aEDbg.dag/VolumetricLightBeam.dll.mvfrm
[1155/1644  0s] MovedFromExtractor-Combine Library/Bee/artifacts/1900b0aEDbg.dag/ShapesRuntime.dll.mvfrm
[1156/1644 12s] Csc Library/Bee/artifacts/1900b0aEDbg.dag/RealtimeCSG.dll (+2 others)
Assets\RealtimeCSG\RealtimeCSG\Plugins\Runtime\Scripts\Components\GeneratedMeshes.cs(49,8): warning CS0618: 'Object.GetInstanceID()' is obsolete: 'GetInstanceID is deprecated. Use GetEntityId instead. This will be removed in a future version.'

Assets\RealtimeCSG\RealtimeCSG\Plugins\Editor\Thirdparty\UnityFBXExporter\FBXUnityMaterialGetter.cs(102,33): warning CS0618: 'Object.GetInstanceID()' is obsolete: 'GetInstanceID is deprecated. Use GetEntityId instead. This will be removed in a future version.'

Assets\RealtimeCSG\RealtimeCSG\Plugins\Runtime\Scripts\Components\GeneratedMeshInstance.cs(169,29): warning CS0618: 'Object.GetInstanceID()' is obsolete: 'GetInstanceID is deprecated. Use GetEntityId instead. This will be removed in a future version.'

Assets\RealtimeCSG\RealtimeCSG\Plugins\Runtime\Scripts\Components\GeneratedMeshInstance.cs(170,26): warning CS0618: 'Object.GetInstanceID()' is obsolete: 'GetInstanceID is deprecated. Use GetEntityId instead. This will be removed in a future version.'

Assets\RealtimeCSG\RealtimeCSG\Plugins\Runtime\Scripts\Components\GeneratedMeshInstance.cs(178,21): warning CS0618: 'Object.GetInstanceID()' is obsolete: 'GetInstanceID is deprecated. Use GetEntityId instead. This will be removed in a future version.'

Assets\RealtimeCSG\RealtimeCSG\Plugins\Editor\Thirdparty\UnityFBXExporter\FBXUnityMaterialGetter.cs(225,31): warning CS0618: 'Object.GetInstanceID()' is obsolete: 'GetInstanceID is deprecated. Use GetEntityId instead. This will be removed in a future version.'

Assets\RealtimeCSG\RealtimeCSG\Plugins\Runtime\Scripts\Components\GeneratedMeshInstance.cs(206,120): warning CS0618: 'Object.GetInstanceID()' is obsolete: 'GetInstanceID is deprecated. Use GetEntityId instead. This will be removed in a future version.'

Assets\RealtimeCSG\RealtimeCSG\Plugins\Runtime\Scripts\Components\GeneratedMeshInstance.cs(209,116): warning CS0618: 'Object.GetInstanceID()' is obsolete: 'GetInstanceID is deprecated. Use GetEntityId instead. This will be removed in a future version.'

Assets\RealtimeCSG\RealtimeCSG\Plugins\Runtime\Scripts\Components\GeneratedMeshInstance.cs(210,116): warning CS0618: 'Object.GetInstanceID()' is obsolete: 'GetInstanceID is deprecated. Use GetEntityId instead. This will be removed in a future version.'

Assets\RealtimeCSG\RealtimeCSG\Plugins\Editor\Scripts\Control\Bindings\NativeMethodBindings.cs(93,48): warning CS0618: 'EditorUtility.InstanceIDToObject(int)' is obsolete: 'InstanceIDToObject(int) is obsolete. Use EditorUtility.EntityIdToObject instead.'

Assets\RealtimeCSG\RealtimeCSG\Plugins\Editor\Scripts\Control\Bindings\NativeMethodBindings.cs(97,53): warning CS0618: 'EditorUtility.InstanceIDToObject(int)' is obsolete: 'InstanceIDToObject(int) is obsolete. Use EditorUtility.EntityIdToObject instead.'

Assets\RealtimeCSG\RealtimeCSG\Plugins\Editor\Scripts\Control\Bindings\NativeMethodBindings.cs(101,55): warning CS0618: 'EditorUtility.InstanceIDToObject(int)' is obsolete: 'InstanceIDToObject(int) is obsolete. Use EditorUtility.EntityIdToObject instead.'

Assets\RealtimeCSG\RealtimeCSG\Plugins\Editor\Scripts\Control\Bindings\NativeMethodBindings.cs(105,39): warning CS0618: 'EditorUtility.InstanceIDToObject(int)' is obsolete: 'InstanceIDToObject(int) is obsolete. Use EditorUtility.EntityIdToObject instead.'

Assets\RealtimeCSG\RealtimeCSG\Plugins\Editor\Scripts\Data\SceneQuery\SceneQueryUtility.cs(889,26): warning CS0618: 'Object.GetInstanceID()' is obsolete: 'GetInstanceID is deprecated. Use GetEntityId instead. This will be removed in a future version.'

Assets\RealtimeCSG\RealtimeCSG\Plugins\Editor\Scripts\Data\SceneQuery\SceneQueryUtility.cs(889,7): warning CS0618: 'Selection.Contains(int)' is obsolete: 'Use Contains() with EntityId instead.'

Assets\RealtimeCSG\RealtimeCSG\Plugins\Editor\Scripts\Data\SceneQuery\SceneQueryUtility.cs(949,37): warning CS0618: 'Object.GetInstanceID()' is obsolete: 'GetInstanceID is deprecated. Use GetEntityId instead. This will be removed in a future version.'

Assets\RealtimeCSG\RealtimeCSG\Plugins\Editor\Scripts\Data\SceneQuery\SceneQueryUtility.cs(949,18): warning CS0618: 'Selection.Contains(int)' is obsolete: 'Use Contains() with EntityId instead.'

Assets\RealtimeCSG\RealtimeCSG\Plugins\Editor\Scripts\Control\Bindings\NativeMethodBindings.cs(304,19): warning CS0618: 'EditorUtility.InstanceIDToObject(int)' is obsolete: 'InstanceIDToObject(int) is obsolete. Use EditorUtility.EntityIdToObject instead.'

Assets\RealtimeCSG\RealtimeCSG\Plugins\Editor\Scripts\Data\SceneQuery\SceneQueryUtility.cs(1010,26): warning CS0618: 'Object.GetInstanceID()' is obsolete: 'GetInstanceID is deprecated. Use GetEntityId instead. This will be removed in a future version.'

Assets\RealtimeCSG\RealtimeCSG\Plugins\Editor\Scripts\Data\SceneQuery\SceneQueryUtility.cs(1010,7): warning CS0618: 'Selection.Contains(int)' is obsolete: 'Use Contains() with EntityId instead.'

Assets\RealtimeCSG\RealtimeCSG\Plugins\Editor\Thirdparty\UnityFBXExporter\FBXUnityMeshGetter.cs(525,35): warning CS0618: 'Object.GetInstanceID()' is obsolete: 'GetInstanceID is deprecated. Use GetEntityId instead. This will be removed in a future version.'

Assets\RealtimeCSG\RealtimeCSG\Plugins\Editor\Thirdparty\UnityFBXExporter\FBXUnityMeshGetter.cs(532,34): warning CS0618: 'Object.GetInstanceID()' is obsolete: 'GetInstanceID is deprecated. Use GetEntityId instead. This will be removed in a future version.'

Assets\RealtimeCSG\RealtimeCSG\Plugins\Editor\Scripts\Control\Managers\UpdateLoop.cs(75,13): warning CS0618: 'EditorApplication.hierarchyWindowItemOnGUI' is obsolete: 'hierarchyWindowItemOnGUI is obsolete. Use hierarchyWindowItemByEntityIdOnGUI instead.'

Assets\RealtimeCSG\RealtimeCSG\Plugins\Editor\Scripts\Control\Managers\UpdateLoop.cs(76,4): warning CS0618: 'EditorApplication.hierarchyWindowItemOnGUI' is obsolete: 'hierarchyWindowItemOnGUI is obsolete. Use hierarchyWindowItemByEntityIdOnGUI instead.'

Assets\RealtimeCSG\RealtimeCSG\Plugins\Editor\Scripts\Data\Hierarchy\ParentNodeDataExtension.cs(69,77): warning CS0618: 'Object.GetInstanceID()' is obsolete: 'GetInstanceID is deprecated. Use GetEntityId instead. This will be removed in a future version.'

Assets\RealtimeCSG\RealtimeCSG\Plugins\Editor\Scripts\Data\Hierarchy\ParentNodeDataExtension.cs(77,31): warning CS0618: 'Object.GetInstanceID()' is obsolete: 'GetInstanceID is deprecated. Use GetEntityId instead. This will be removed in a future version.'

Assets\RealtimeCSG\RealtimeCSG\Plugins\Editor\Scripts\Control\Managers\UnityCompilerDefineManager.cs(58,25): warning CS0618: 'PlayerSettings.GetScriptingDefineSymbolsForGroup(BuildTargetGroup)' is obsolete: 'Use GetScriptingDefineSymbols(NamedBuildTarget buildTarget) instead'

Assets\RealtimeCSG\RealtimeCSG\Plugins\Editor\Scripts\Control\Managers\UnityCompilerDefineManager.cs(112,6): warning CS0618: 'PlayerSettings.SetScriptingDefineSymbolsForGroup(BuildTargetGroup, string)' is obsolete: 'Use SetScriptingDefineSymbols(NamedBuildTarget buildTarget, string defines) instead'

Assets\RealtimeCSG\RealtimeCSG\Plugins\Editor\Scripts\Control\Managers\UpdateLoop.cs(106,4): warning CS0618: 'EditorApplication.hierarchyWindowItemOnGUI' is obsolete: 'hierarchyWindowItemOnGUI is obsolete. Use hierarchyWindowItemByEntityIdOnGUI instead.'

Assets\RealtimeCSG\RealtimeCSG\Plugins\Editor\Scripts\Control\Bindings\NativeMethodBindings.cs(415,20): warning CS0618: 'EditorUtility.InstanceIDToObject(int)' is obsolete: 'InstanceIDToObject(int) is obsolete. Use EditorUtility.EntityIdToObject instead.'

Assets\RealtimeCSG\RealtimeCSG\Plugins\Editor\Scripts\Data\Hierarchy\ParentNodeDataExtension.cs(219,76): warning CS0618: 'Object.GetInstanceID()' is obsolete: 'GetInstanceID is deprecated. Use GetEntityId instead. This will be removed in a future version.'

Assets\RealtimeCSG\RealtimeCSG\Plugins\Editor\Scripts\Data\Hierarchy\ParentNodeDataExtension.cs(229,31): warning CS0618: 'Object.GetInstanceID()' is obsolete: 'GetInstanceID is deprecated. Use GetEntityId instead. This will be removed in a future version.'

Assets\RealtimeCSG\RealtimeCSG\Plugins\Editor\Scripts\Data\Hierarchy\HierarchyItemExtension.cs(195,23): warning CS0618: 'Object.GetInstanceID()' is obsolete: 'GetInstanceID is deprecated. Use GetEntityId instead. This will be removed in a future version.'

Assets\RealtimeCSG\RealtimeCSG\Plugins\Editor\Scripts\Control\Bindings\NativeMethodBindings.cs(627,17): warning CS0618: 'EditorUtility.InstanceIDToObject(int)' is obsolete: 'InstanceIDToObject(int) is obsolete. Use EditorUtility.EntityIdToObject instead.'

Assets\RealtimeCSG\RealtimeCSG\Plugins\Editor\Scripts\Control\Managers\InternalCSGModelManager.DefaultModel.cs(134,10): warning CS0618: 'StaticEditorFlags.NavigationStatic' is obsolete: 'Enum member StaticEditorFlags.NavigationStatic has been deprecated. The precise selection of the objects is now done using NavMeshBuilder.CollectSources() and NavMeshBuildMarkup.'

Assets\RealtimeCSG\RealtimeCSG\Plugins\Editor\Scripts\Control\Managers\InternalCSGModelManager.DefaultModel.cs(136,10): warning CS0618: 'StaticEditorFlags.OffMeshLinkGeneration' is obsolete: 'Enum member StaticEditorFlags.OffMeshLinkGeneration has been deprecated. You can now use NavMeshBuilder.CollectSources() and NavMeshBuildMarkup to nominate the objects that will generate Off-Mesh Links.'

Assets\RealtimeCSG\RealtimeCSG\Plugins\Editor\Scripts\Data\Selection\SelectionUtility.cs(346,21): warning CS0618: 'Object.GetInstanceID()' is obsolete: 'GetInstanceID is deprecated. Use GetEntityId instead. This will be removed in a future version.'

Assets\RealtimeCSG\RealtimeCSG\Plugins\Editor\Scripts\Data\Selection\SelectionUtility.cs(368,32): warning CS0618: 'Object.GetInstanceID()' is obsolete: 'GetInstanceID is deprecated. Use GetEntityId instead. This will be removed in a future version.'

Assets\RealtimeCSG\RealtimeCSG\Plugins\Editor\Scripts\Data\Settings\ColorSettings.cs(170,31): warning CS0618: 'Object.GetInstanceID()' is obsolete: 'GetInstanceID is deprecated. Use GetEntityId instead. This will be removed in a future version.'

Assets\RealtimeCSG\RealtimeCSG\Plugins\Editor\Scripts\Control\Managers\MeshInstanceManager.Export.cs(297,26): warning CS0618: 'EditorUtility.InstanceIDToObject(int)' is obsolete: 'InstanceIDToObject(int) is obsolete. Use EditorUtility.EntityIdToObject instead.'

Assets\RealtimeCSG\RealtimeCSG\Plugins\Editor\Scripts\Data\Selection\SelectionUtility.cs(390,56): warning CS0618: 'Selection.instanceIDs' is obsolete: 'Use entityIds instead.'

Assets\RealtimeCSG\RealtimeCSG\Plugins\Editor\Scripts\Data\Selection\SelectionUtility.cs(396,23): warning CS0618: 'Object.GetInstanceID()' is obsolete: 'GetInstanceID is deprecated. Use GetEntityId instead. This will be removed in a future version.'

Assets\RealtimeCSG\RealtimeCSG\Plugins\Editor\Scripts\Data\Selection\SelectionUtility.cs(410,7): warning CS0618: 'Selection.instanceIDs' is obsolete: 'Use entityIds instead.'

Assets\RealtimeCSG\RealtimeCSG\Plugins\Editor\Scripts\Data\Selection\SelectionUtility.cs(418,23): warning CS0618: 'Object.GetInstanceID()' is obsolete: 'GetInstanceID is deprecated. Use GetEntityId instead. This will be removed in a future version.'

Assets\RealtimeCSG\RealtimeCSG\Plugins\Editor\Scripts\Data\Selection\SelectionUtility.cs(420,6): warning CS0618: 'Selection.instanceIDs' is obsolete: 'Use entityIds instead.'

Assets\RealtimeCSG\RealtimeCSG\Plugins\Editor\Scripts\Data\Selection\SelectionUtility.cs(429,23): warning CS0618: 'Object.GetInstanceID()' is obsolete: 'GetInstanceID is deprecated. Use GetEntityId instead. This will be removed in a future version.'

Assets\RealtimeCSG\RealtimeCSG\Plugins\Editor\Scripts\Data\Selection\SelectionUtility.cs(431,6): warning CS0618: 'Selection.instanceIDs' is obsolete: 'Use entityIds instead.'

Assets\RealtimeCSG\RealtimeCSG\Plugins\API\Legacy\Editor\BrushFactory.cs(60,56): warning CS0618: 'Object.GetInstanceID()' is obsolete: 'GetInstanceID is deprecated. Use GetEntityId instead. This will be removed in a future version.'

Assets\RealtimeCSG\RealtimeCSG\Plugins\API\Legacy\Editor\BrushFactory.cs(61,56): warning CS0618: 'Object.GetInstanceID()' is obsolete: 'GetInstanceID is deprecated. Use GetEntityId instead. This will be removed in a future version.'

Assets\RealtimeCSG\RealtimeCSG\Plugins\Editor\Scripts\Data\Settings\CSGSettings.cs(474,53): warning CS0618: 'Object.GetInstanceID()' is obsolete: 'GetInstanceID is deprecated. Use GetEntityId instead. This will be removed in a future version.'

Assets\RealtimeCSG\RealtimeCSG\Plugins\Editor\Scripts\Data\Settings\CSGSettings.cs(501,51): warning CS0618: 'Object.GetInstanceID()' is obsolete: 'GetInstanceID is deprecated. Use GetEntityId instead. This will be removed in a future version.'

Assets\RealtimeCSG\RealtimeCSG\Plugins\Editor\Scripts\Data\Settings\CSGSettings.cs(508,65): warning CS0618: 'Object.GetInstanceID()' is obsolete: 'GetInstanceID is deprecated. Use GetEntityId instead. This will be removed in a future version.'

Assets\RealtimeCSG\RealtimeCSG\Plugins\Editor\Scripts\View\DragAndDrop\SceneDragTool.Materials.cs(467,28): warning CS0618: 'Object.GetInstanceID()' is obsolete: 'GetInstanceID is deprecated. Use GetEntityId instead. This will be removed in a future version.'

Assets\RealtimeCSG\RealtimeCSG\Plugins\Editor\Scripts\View\GUI\HierarchyWindowItemGUI\HierarchyWindowItemGUI.cs(15,12): warning CS0618: 'EditorUtility.InstanceIDToObject(int)' is obsolete: 'InstanceIDToObject(int) is obsolete. Use EditorUtility.EntityIdToObject instead.'

Assets\RealtimeCSG\RealtimeCSG\Plugins\Editor\Scripts\Control\Managers\MeshInstanceManager.cs(706,15): warning CS0618: 'EditorUtility.InstanceIDToObject(int)' is obsolete: 'InstanceIDToObject(int) is obsolete. Use EditorUtility.EntityIdToObject instead.'

Assets\RealtimeCSG\RealtimeCSG\Plugins\Editor\Scripts\Control\Managers\MeshInstanceManager.cs(793,47): warning CS0618: 'Object.GetInstanceID()' is obsolete: 'GetInstanceID is deprecated. Use GetEntityId instead. This will be removed in a future version.'

Assets\RealtimeCSG\RealtimeCSG\Plugins\Editor\Scripts\Control\Managers\InternalCSGModelManager.Registration.cs(162,13): warning CS0618: 'StaticEditorFlags.NavigationStatic' is obsolete: 'Enum member StaticEditorFlags.NavigationStatic has been deprecated. The precise selection of the objects is now done using NavMeshBuilder.CollectSources() and NavMeshBuildMarkup.'

Assets\RealtimeCSG\RealtimeCSG\Plugins\Editor\Scripts\Control\Managers\InternalCSGModelManager.Registration.cs(164,13): warning CS0618: 'StaticEditorFlags.OffMeshLinkGeneration' is obsolete: 'Enum member StaticEditorFlags.OffMeshLinkGeneration has been deprecated. You can now use NavMeshBuilder.CollectSources() and NavMeshBuildMarkup to nominate the objects that will generate Off-Mesh Links.'

Assets\RealtimeCSG\RealtimeCSG\Plugins\Editor\Scripts\Control\Managers\InternalCSGModelManager.Registration.cs(233,43): warning CS0618: 'Object.GetInstanceID()' is obsolete: 'GetInstanceID is deprecated. Use GetEntityId instead. This will be removed in a future version.'

Assets\RealtimeCSG\RealtimeCSG\Plugins\Editor\Scripts\Control\Managers\InternalCSGModelManager.Registration.cs(348,40): warning CS0618: 'Object.GetInstanceID()' is obsolete: 'GetInstanceID is deprecated. Use GetEntityId instead. This will be removed in a future version.'

Assets\RealtimeCSG\RealtimeCSG\Plugins\Editor\Scripts\Control\Managers\InternalCSGModelManager.Registration.cs(443,40): warning CS0618: 'Object.GetInstanceID()' is obsolete: 'GetInstanceID is deprecated. Use GetEntityId instead. This will be removed in a future version.'

Assets\RealtimeCSG\RealtimeCSG\Plugins\Editor\Scripts\Control\Managers\MeshInstanceManager.cs(957,56): warning CS0618: 'StaticEditorFlags.NavigationStatic' is obsolete: 'Enum member StaticEditorFlags.NavigationStatic has been deprecated. The precise selection of the objects is now done using NavMeshBuilder.CollectSources() and NavMeshBuildMarkup.'

Assets\RealtimeCSG\RealtimeCSG\Plugins\Editor\Scripts\View\GUI\ComponentEditorWindows\CSGModelComponent.Inspector.GUI.cs(1281,51): warning CS0618: 'EditorUtility.InstanceIDToObject(int)' is obsolete: 'InstanceIDToObject(int) is obsolete. Use EditorUtility.EntityIdToObject instead.'

Assets\RealtimeCSG\RealtimeCSG\Plugins\Editor\Scripts\Control\Managers\MeshInstanceManager.cs(979,28): warning CS0618: 'Object.GetInstanceID()' is obsolete: 'GetInstanceID is deprecated. Use GetEntityId instead. This will be removed in a future version.'

Assets\RealtimeCSG\RealtimeCSG\Plugins\Editor\Scripts\Control\Managers\InternalCSGModelManager.Registration.cs(497,32): warning CS0618: 'Object.GetInstanceID()' is obsolete: 'GetInstanceID is deprecated. Use GetEntityId instead. This will be removed in a future version.'

Assets\RealtimeCSG\RealtimeCSG\Plugins\Editor\Scripts\Control\Managers\InternalCSGModelManager.Registration.cs(585,36): warning CS0618: 'Object.GetInstanceID()' is obsolete: 'GetInstanceID is deprecated. Use GetEntityId instead. This will be removed in a future version.'

Assets\RealtimeCSG\RealtimeCSG\Plugins\Editor\Scripts\Control\Managers\InternalCSGModelManager.Registration.cs(657,41): warning CS0618: 'Object.GetInstanceID()' is obsolete: 'GetInstanceID is deprecated. Use GetEntityId instead. This will be removed in a future version.'

Assets\RealtimeCSG\RealtimeCSG\Plugins\Editor\Scripts\Control\Managers\InternalCSGModelManager.Registration.cs(701,43): warning CS0618: 'Object.GetInstanceID()' is obsolete: 'GetInstanceID is deprecated. Use GetEntityId instead. This will be removed in a future version.'

Assets\RealtimeCSG\RealtimeCSG\Plugins\Editor\Scripts\View\GUI\EditModeGUI\EditModes\Generators\Generator.Base.cs(81,31): warning CS0414: The field 'GeneratorBase.previousViewTool' is assigned but its value is never used
[1158/1644  0s] MovedFromExtractor-Combine Library/Bee/artifacts/1900b0aEDbg.dag/GPUInstancer.dll.mvfrm
[1159/1644  0s] MovedFromExtractor-Combine Library/Bee/artifacts/1900b0aEDbg.dag/MoreMountains.Feedbacks.URP.dll.mvfrm
[1160/1644  0s] MovedFromExtractor-Combine Library/Bee/artifacts/1900b0aEDbg.dag/Hecton8.Core.dll.mvfrm
[           0s] Csc Library/Bee/artifacts/1900b0aEDbg.dag/JBooth.MicroSplat.Core.Editor.dll (+2 others) [CacheMiss 4886f23d38330464b6985e2e56b1ce1a00000000000000000000000000000006]
[1161/1644  1s] Csc Library/Bee/artifacts/1900b0aEDbg.dag/WaveHarmonic.Crest.Shared.dll (+2 others)
Packages\com.waveharmonic.crest\Runtime\Scripts\Utility\Shared\Component\CustomBehaviour.cs(74,101): warning CS0618: 'FindObjectsSortMode' is obsolete: 'FindObjectsSortMode has been deprecated. Use the FindObjectsByType overloads that do not take a FindObjectsSortMode parameter.'

Packages\com.waveharmonic.crest\Runtime\Scripts\Utility\Shared\Component\CustomBehaviour.cs(74,37): warning CS0618: 'Object.FindObjectsByType<T>(FindObjectsInactive, FindObjectsSortMode)' is obsolete: 'FindObjectsByType with FindObjectsSortMode parameter has been deprecated. Use FindObjectsByType<T>() or FindObjectsByType<T>(FindObjectsInactive) instead. InstanceID will be replaced in the future with EntityId and previous sort order cannot be maintained.'

Packages\com.waveharmonic.crest\Runtime\Scripts\Utility\Shared\Component\ManagedBehaviour.cs(64,24): warning CS0618: 'Object.FindFirstObjectByType<T>()' is obsolete: 'FindFirstObjectByType has been deprecated because it relies on instance ID ordering. Use FindAnyObjectByType instead, which does not depend on ordering.'

Packages\com.waveharmonic.crest\Runtime\Scripts\Utility\Shared\Component\EditorBehaviour.cs(91,50): warning CS0618: 'FindObjectsSortMode' is obsolete: 'FindObjectsSortMode has been deprecated. Use the FindObjectsByType overloads that do not take a FindObjectsSortMode parameter.'

Packages\com.waveharmonic.crest\Runtime\Scripts\Utility\Shared\Component\EditorBehaviour.cs(91,21): warning CS0618: 'Object.FindObjectsByType(Type, FindObjectsSortMode)' is obsolete: 'FindObjectsByType with FindObjectsSortMode parameter has been deprecated. Use FindObjectsByType(Type) or FindObjectsByType(Type, FindObjectsInactive) instead. InstanceID will be replaced in the future with EntityId and previous sort order cannot be maintained.'
[           0s] Csc Library/Bee/artifacts/1900b0aEDbg.dag/WaveHarmonic.Crest.Shared.dll (+2 others) [CacheWrite 9156fd51919ac10f61727c6f06136fd000000000000000000000000000000006]
[1162/1644  2s] Csc Library/Bee/artifacts/1900b0aEDbg.dag/MapMagic.MicroSplat.dll (+2 others)
[1163/1644  4s] Csc Library/Bee/artifacts/1900b0aEDbg.dag/Unity.RenderPipelines.Universal.2D.Runtime.dll (+2 others)
[1164/1644  0s] MovedFromExtractor-Combine Library/Bee/artifacts/1900b0aEDbg.dag/GPUInstancer.Editor.dll.mvfrm
[1165/1644  4s] Csc Library/Bee/artifacts/1900b0aEDbg.dag/VolumetricLightBeam.dll (+2 others)
[           0s] Csc Library/Bee/artifacts/1900b0aEDbg.dag/Unity.RenderPipelines.Universal.2D.Runtime.dll (+2 others) [CacheWrite 9e8811f8270036a04f877a82e7df5ae800000000000000000000000000000006]
[1167/1644  5s] Csc Library/Bee/artifacts/1900b0aEDbg.dag/MoreMountains.Tools.dll (+2 others)
Assets\Feel\MMTools\Tools\MMPhysics\MMRigidbodyInterface.cs(121,13): warning CS0618: 'Rigidbody2D.isKinematic' is obsolete: 'isKinematic has been deprecated. Please use bodyType.'

Assets\Feel\MMTools\Tools\MMPhysics\MMRigidbodyInterface.cs(253,5): warning CS0618: 'Rigidbody2D.isKinematic' is obsolete: 'isKinematic has been deprecated. Please use bodyType.'

Assets\Feel\MMTools\Tools\MMHelpers\MMDebug.cs(563,41): warning CS0618: 'Object.FindObjectOfType(Type)' is obsolete: 'Object.FindObjectOfType has been deprecated. Use Object.FindFirstObjectByType instead or if finding any instance is acceptable the faster Object.FindAnyObjectByType'
[1168/1644  3s] Csc Library/Bee/artifacts/1900b0aEDbg.dag/JBooth.MicroSplat.Core.Editor.dll (+2 others)
Packages\com.jbooth.microsplat.core\Scripts\Editor\MicroSplatCompressor.cs(80,118): warning CS0618: 'FindObjectsSortMode' is obsolete: 'FindObjectsSortMode has been deprecated. Use the FindObjectsByType overloads that do not take a FindObjectsSortMode parameter.'

Packages\com.jbooth.microsplat.core\Scripts\Editor\MicroSplatCompressor.cs(80,42): warning CS0618: 'Object.FindObjectsByType<T>(FindObjectsInactive, FindObjectsSortMode)' is obsolete: 'FindObjectsByType with FindObjectsSortMode parameter has been deprecated. Use FindObjectsByType<T>() or FindObjectsByType<T>(FindObjectsInactive) instead. InstanceID will be replaced in the future with EntityId and previous sort order cannot be maintained.'

Packages\com.jbooth.microsplat.core\Scripts\Editor\MicroSplatCompressor.cs(93,118): warning CS0618: 'FindObjectsSortMode' is obsolete: 'FindObjectsSortMode has been deprecated. Use the FindObjectsByType overloads that do not take a FindObjectsSortMode parameter.'

Packages\com.jbooth.microsplat.core\Scripts\Editor\MicroSplatCompressor.cs(93,42): warning CS0618: 'Object.FindObjectsByType<T>(FindObjectsInactive, FindObjectsSortMode)' is obsolete: 'FindObjectsByType with FindObjectsSortMode parameter has been deprecated. Use FindObjectsByType<T>() or FindObjectsByType<T>(FindObjectsInactive) instead. InstanceID will be replaced in the future with EntityId and previous sort order cannot be maintained.'
[           0s] Csc Library/Bee/artifacts/1900b0aEDbg.dag/JBooth.MicroSplat.Core.Editor.dll (+2 others) [CacheWrite 4886f23d38330464b6985e2e56b1ce1a00000000000000000000000000000006]
[1169/1644  4s] Csc Library/Bee/artifacts/1900b0aEDbg.dag/GPUInstancer.dll (+2 others)
Assets\GPUInstancer\Scripts\Core\Contract\GPUInstancerTerrainManager.cs(270,146): warning CS0618: 'Object.GetInstanceID()' is obsolete: 'GetInstanceID is deprecated. Use GetEntityId instead. This will be removed in a future version.'

Assets\GPUInstancer\Scripts\GPUInstancerEditorSimulator.cs(69,17): warning CS0618: 'RenderPipelineManager.beginFrameRendering' is obsolete: 'beginFrameRendering is deprecated. Use beginContextRendering instead. #from 2023.3'

Assets\GPUInstancer\Scripts\GPUInstancerEditorSimulator.cs(90,17): warning CS0618: 'RenderPipelineManager.beginFrameRendering' is obsolete: 'beginFrameRendering is deprecated. Use beginContextRendering instead. #from 2023.3'

Assets\GPUInstancer\Scripts\GPUInstancerEditorSimulator.cs(147,21): warning CS0618: 'RenderPipelineManager.beginFrameRendering' is obsolete: 'beginFrameRendering is deprecated. Use beginContextRendering instead. #from 2023.3'

Assets\GPUInstancer\Scripts\GPUInstancerEditorSimulator.cs(148,21): warning CS0618: 'RenderPipelineManager.beginFrameRendering' is obsolete: 'beginFrameRendering is deprecated. Use beginContextRendering instead. #from 2023.3'

Assets\GPUInstancer\Scripts\GPUInstancerDetailManager.cs(520,106): warning CS0618: 'Object.GetInstanceID()' is obsolete: 'GetInstanceID is deprecated. Use GetEntityId instead. This will be removed in a future version.'

Assets\GPUInstancer\Scripts\GPUInstancerDetailManager.cs(556,106): warning CS0618: 'Object.GetInstanceID()' is obsolete: 'GetInstanceID is deprecated. Use GetEntityId instead. This will be removed in a future version.'

Assets\GPUInstancer\Scripts\Core\Static\GPUInstancerUtility.cs(885,158): warning CS0618: 'Object.GetInstanceID()' is obsolete: 'GetInstanceID is deprecated. Use GetEntityId instead. This will be removed in a future version.'

Assets\GPUInstancer\Scripts\Core\Static\GPUInstancerUtility.cs(885,262): warning CS0618: 'Object.GetInstanceID()' is obsolete: 'GetInstanceID is deprecated. Use GetEntityId instead. This will be removed in a future version.'

Assets\GPUInstancer\Scripts\Core\Static\GPUInstancerUtility.cs(1351,50): warning CS0618: 'Object.GetInstanceID()' is obsolete: 'GetInstanceID is deprecated. Use GetEntityId instead. This will be removed in a future version.'
[1170/1644  5s] Csc Library/Bee/artifacts/1900b0aEDbg.dag/Crest.dll (+2 others)
[1171/1644  1s] Csc Library/Bee/artifacts/1900b0aEDbg.dag/VolumetricLightBeam.Editor.dll (+2 others)
[1172/1644  0s] Csc Library/Bee/artifacts/1900b0aEDbg.dag/MapMagic.MicroSplat.Editor.dll (+2 others)
[1173/1644  2s] Csc Library/Bee/artifacts/1900b0aEDbg.dag/MoreMountains.Tools.Editor.dll (+2 others)
Assets\Feel\MMTools\Editor\MMAttributes\MMMonoBehaviourDrawer.cs(72,124): warning CS0618: 'Object.GetInstanceID()' is obsolete: 'GetInstanceID is deprecated. Use GetEntityId instead. This will be removed in a future version.'

Assets\Feel\MMTools\Editor\MMAttributes\MMMonoBehaviourDrawer.cs(133,102): warning CS0618: 'Object.GetInstanceID()' is obsolete: 'GetInstanceID is deprecated. Use GetEntityId instead. This will be removed in a future version.'
[1174/1644  2s] Csc Library/Bee/artifacts/1900b0aEDbg.dag/GPUInstancer.Editor.dll (+2 others)
Assets\GPUInstancer\Scripts\Editor\GPUInstancerDefines.cs(36,56): warning CS0618: 'PlayerSettings.GetScriptingDefineSymbolsForGroup(BuildTargetGroup)' is obsolete: 'Use GetScriptingDefineSymbols(NamedBuildTarget buildTarget) instead'

Assets\GPUInstancer\Scripts\Editor\GPUInstancerDefines.cs(41,17): warning CS0618: 'PlayerSettings.SetScriptingDefineSymbolsForGroup(BuildTargetGroup, string)' is obsolete: 'Use SetScriptingDefineSymbols(NamedBuildTarget buildTarget, string defines) instead'

Assets\GPUInstancer\Scripts\Editor\PackageImporter\GPUIPackageImporter.cs(48,34): warning CS0618: 'PlayerSettings.GetScriptingDefineSymbolsForGroup(BuildTargetGroup)' is obsolete: 'Use GetScriptingDefineSymbols(NamedBuildTarget buildTarget) instead'
[1175/1644  1s] Csc Library/Bee/artifacts/1900b0aEDbg.dag/Crest.Helpers.Editor.dll (+2 others)
[1176/1644  1s] ILPostProcess Library/Bee/artifacts/1900b0aEDbg.dag/post-processed/Hecton8.Bootstrap.Contracts.dll (+pdb)
Processing assembly Library/Bee/artifacts/1900b0aEDbg.dag/Hecton8.Bootstrap.Contracts.dll, with 161 defines and 297 references

processors: Unity.Jobs.CodeGen.JobsILPostProcessor, zzzUnity.Burst.CodeGen.BurstILPostProcessor

running Unity.Jobs.CodeGen.JobsILPostProcessor

running zzzUnity.Burst.CodeGen.BurstILPostProcessor
[1177/1644  0s] ILPostProcess Library/Bee/artifacts/1900b0aEDbg.dag/post-processed/Unity.VisualScripting.Flow.dll (+pdb)
Processing assembly Library/Bee/artifacts/1900b0aEDbg.dag/Unity.VisualScripting.Flow.dll, with 169 defines and 299 references

processors: Unity.Jobs.CodeGen.JobsILPostProcessor, zzzUnity.Burst.CodeGen.BurstILPostProcessor

running Unity.Jobs.CodeGen.JobsILPostProcessor

running zzzUnity.Burst.CodeGen.BurstILPostProcessor
[1178/1644  0s] ILPostProcess Library/Bee/artifacts/1900b0aEDbg.dag/post-processed/Unity.ProBuilder.KdTree.dll (+pdb)
Processing assembly Library/Bee/artifacts/1900b0aEDbg.dag/Unity.ProBuilder.KdTree.dll, with 161 defines and 297 references

processors: Unity.Jobs.CodeGen.JobsILPostProcessor, zzzUnity.Burst.CodeGen.BurstILPostProcessor

running Unity.Jobs.CodeGen.JobsILPostProcessor

running zzzUnity.Burst.CodeGen.BurstILPostProcessor
[1179/1644  8s] Csc Library/Bee/artifacts/1900b0aEDbg.dag/ShapesRuntime.dll (+2 others)
[1180/1644  4s] Csc Library/Bee/artifacts/1900b0aEDbg.dag/MoreMountains.Feedbacks.dll (+2 others)
[1181/1644  0s] ILPostProcess Library/Bee/artifacts/1900b0aEDbg.dag/post-processed/Unity.AI.Navigation.dll (+pdb)
Processing assembly Library/Bee/artifacts/1900b0aEDbg.dag/Unity.AI.Navigation.dll, with 162 defines and 297 references

processors: Unity.Jobs.CodeGen.JobsILPostProcessor, zzzUnity.Burst.CodeGen.BurstILPostProcessor

running Unity.Jobs.CodeGen.JobsILPostProcessor

running zzzUnity.Burst.CodeGen.BurstILPostProcessor
[1182/1644  1s] ILPostProcess Library/Bee/artifacts/1900b0aEDbg.dag/post-processed/Hecton8.World.Contracts.dll (+pdb)
Processing assembly Library/Bee/artifacts/1900b0aEDbg.dag/Hecton8.World.Contracts.dll, with 161 defines and 299 references

processors: Unity.Jobs.CodeGen.JobsILPostProcessor, zzzUnity.Burst.CodeGen.BurstILPostProcessor

running Unity.Jobs.CodeGen.JobsILPostProcessor

running zzzUnity.Burst.CodeGen.BurstILPostProcessor
[1183/1644  0s] ILPostProcess Library/Bee/artifacts/1900b0aEDbg.dag/post-processed/Unity.ProBuilder.dll (+pdb)
Processing assembly Library/Bee/artifacts/1900b0aEDbg.dag/Unity.ProBuilder.dll, with 162 defines and 299 references

processors: Unity.Jobs.CodeGen.JobsILPostProcessor, zzzUnity.Burst.CodeGen.BurstILPostProcessor

running Unity.Jobs.CodeGen.JobsILPostProcessor

running zzzUnity.Burst.CodeGen.BurstILPostProcessor
[1184/1644  4s] ILPostProcess Library/Bee/artifacts/1900b0aEDbg.dag/post-processed/Unity.RenderPipelines.Universal.Runtime.dll (+pdb)
Processing assembly Library/Bee/artifacts/1900b0aEDbg.dag/Unity.RenderPipelines.Universal.Runtime.dll, with 167 defines and 307 references

processors: Unity.Jobs.CodeGen.JobsILPostProcessor, zzzUnity.Burst.CodeGen.BurstILPostProcessor

running Unity.Jobs.CodeGen.JobsILPostProcessor

running zzzUnity.Burst.CodeGen.BurstILPostProcessor
[1185/1644  0s] ILPostProcess Library/Bee/artifacts/1900b0aEDbg.dag/post-processed/Unity.RenderPipelines.Core.Runtime.Shared.dll (+pdb)
Processing assembly Library/Bee/artifacts/1900b0aEDbg.dag/Unity.RenderPipelines.Core.Runtime.Shared.dll, with 161 defines and 299 references

processors: Unity.Jobs.CodeGen.JobsILPostProcessor, zzzUnity.Burst.CodeGen.BurstILPostProcessor

running Unity.Jobs.CodeGen.JobsILPostProcessor

running zzzUnity.Burst.CodeGen.BurstILPostProcessor
[1186/1644  0s] ILPostProcess Library/Bee/artifacts/1900b0aEDbg.dag/post-processed/MapMagic.MicroSplat.dll (+pdb)
Processing assembly Library/Bee/artifacts/1900b0aEDbg.dag/MapMagic.MicroSplat.dll, with 161 defines and 287 references

processors: Unity.Jobs.CodeGen.JobsILPostProcessor, zzzUnity.Burst.CodeGen.BurstILPostProcessor

running Unity.Jobs.CodeGen.JobsILPostProcessor

running zzzUnity.Burst.CodeGen.BurstILPostProcessor
[1187/1644  0s] Csc Library/Bee/artifacts/1900b0aEDbg.dag/MoreMountains.Feedbacks.NiceVibrations.dll (+2 others)
[1188/1644  0s] Csc Library/Bee/artifacts/1900b0aEDbg.dag/MoreMountains.Feedbacks.Cinemachine.dll (+2 others)
[1189/1644  1s] Csc Library/Bee/artifacts/1900b0aEDbg.dag/MoreMountains.Feedbacks.PostProcessing.dll (+2 others)
[1190/1644  1s] Csc Library/Bee/artifacts/1900b0aEDbg.dag/MoreMountains.Feedbacks.URP.dll (+2 others)
[1191/1644  1s] Csc Library/Bee/artifacts/1900b0aEDbg.dag/MoreMountains.Feedbacks.Editor.dll (+2 others)
[1192/1644  1s] Csc Library/Bee/artifacts/1900b0aEDbg.dag/MoreMountains.Feedbacks.HDRP.dll (+2 others)
[1193/1644  1s] Csc Library/Bee/artifacts/1900b0aEDbg.dag/MoreMountains.Feedbacks.MMTools.dll (+2 others)
[1194/1644  0s] ILPostProcess Library/Bee/artifacts/1900b0aEDbg.dag/post-processed/MoreMountains.Feedbacks.NiceVibrations.dll (+pdb)
Processing assembly Library/Bee/artifacts/1900b0aEDbg.dag/MoreMountains.Feedbacks.NiceVibrations.dll, with 161 defines and 299 references

processors: Unity.Jobs.CodeGen.JobsILPostProcessor, zzzUnity.Burst.CodeGen.BurstILPostProcessor

running Unity.Jobs.CodeGen.JobsILPostProcessor

running zzzUnity.Burst.CodeGen.BurstILPostProcessor
[1195/1644  0s] ILPostProcess Library/Bee/artifacts/1900b0aEDbg.dag/post-processed/MoreMountains.Feedbacks.URP.dll (+pdb)
Processing assembly Library/Bee/artifacts/1900b0aEDbg.dag/MoreMountains.Feedbacks.URP.dll, with 162 defines and 301 references

processors: Unity.Jobs.CodeGen.JobsILPostProcessor, zzzUnity.Burst.CodeGen.BurstILPostProcessor

running Unity.Jobs.CodeGen.JobsILPostProcessor

running zzzUnity.Burst.CodeGen.BurstILPostProcessor
[1196/1644  6s] ILPostProcess Library/Bee/artifacts/1900b0aEDbg.dag/post-processed/Unity.UnifiedRayTracing.Runtime.dll (+pdb)
Processing assembly Library/Bee/artifacts/1900b0aEDbg.dag/Unity.UnifiedRayTracing.Runtime.dll, with 162 defines and 300 references

processors: Unity.Jobs.CodeGen.JobsILPostProcessor, zzzUnity.Burst.CodeGen.BurstILPostProcessor

running Unity.Jobs.CodeGen.JobsILPostProcessor

running zzzUnity.Burst.CodeGen.BurstILPostProcessor
[1197/1644  0s] ILPostProcess Library/Bee/artifacts/1900b0aEDbg.dag/post-processed/MoreMountains.Feedbacks.PostProcessing.dll (+pdb)
Processing assembly Library/Bee/artifacts/1900b0aEDbg.dag/MoreMountains.Feedbacks.PostProcessing.dll, with 161 defines and 299 references

processors: Unity.Jobs.CodeGen.JobsILPostProcessor, zzzUnity.Burst.CodeGen.BurstILPostProcessor

running Unity.Jobs.CodeGen.JobsILPostProcessor

running zzzUnity.Burst.CodeGen.BurstILPostProcessor
[1198/1644  0s] ILPostProcess Library/Bee/artifacts/1900b0aEDbg.dag/post-processed/JBooth.MicroSplat.Core.dll (+pdb)
Processing assembly Library/Bee/artifacts/1900b0aEDbg.dag/JBooth.MicroSplat.Core.dll, with 163 defines and 262 references

processors: Unity.Jobs.CodeGen.JobsILPostProcessor, zzzUnity.Burst.CodeGen.BurstILPostProcessor

running Unity.Jobs.CodeGen.JobsILPostProcessor

running zzzUnity.Burst.CodeGen.BurstILPostProcessor
[1199/1644  0s] ILPostProcess Library/Bee/artifacts/1900b0aEDbg.dag/post-processed/MoreMountains.Feedbacks.Cinemachine.dll (+pdb)
Processing assembly Library/Bee/artifacts/1900b0aEDbg.dag/MoreMountains.Feedbacks.Cinemachine.dll, with 161 defines and 299 references

processors: Unity.Jobs.CodeGen.JobsILPostProcessor, zzzUnity.Burst.CodeGen.BurstILPostProcessor

running Unity.Jobs.CodeGen.JobsILPostProcessor

running zzzUnity.Burst.CodeGen.BurstILPostProcessor
[1200/1644  0s] ILPostProcess Library/Bee/artifacts/1900b0aEDbg.dag/post-processed/MoreMountains.Feedbacks.HDRP.dll (+pdb)
Processing assembly Library/Bee/artifacts/1900b0aEDbg.dag/MoreMountains.Feedbacks.HDRP.dll, with 161 defines and 300 references

processors: Unity.Jobs.CodeGen.JobsILPostProcessor, zzzUnity.Burst.CodeGen.BurstILPostProcessor

running Unity.Jobs.CodeGen.JobsILPostProcessor

running zzzUnity.Burst.CodeGen.BurstILPostProcessor
[1201/1644  0s] ILPostProcess Library/Bee/artifacts/1900b0aEDbg.dag/post-processed/VolumetricLightBeam.dll (+pdb)
Processing assembly Library/Bee/artifacts/1900b0aEDbg.dag/VolumetricLightBeam.dll, with 161 defines and 299 references

processors: Unity.Jobs.CodeGen.JobsILPostProcessor, zzzUnity.Burst.CodeGen.BurstILPostProcessor

running Unity.Jobs.CodeGen.JobsILPostProcessor

running zzzUnity.Burst.CodeGen.BurstILPostProcessor
[1202/1644  0s] ILPostProcess Library/Bee/artifacts/1900b0aEDbg.dag/post-processed/Den.Tools.dll (+pdb)
Processing assembly Library/Bee/artifacts/1900b0aEDbg.dag/Den.Tools.dll, with 161 defines and 297 references

processors: Unity.Jobs.CodeGen.JobsILPostProcessor, zzzUnity.Burst.CodeGen.BurstILPostProcessor

running Unity.Jobs.CodeGen.JobsILPostProcessor

running zzzUnity.Burst.CodeGen.BurstILPostProcessor
[1203/1644  0s] Csc Library/Bee/artifacts/1900b0aEDbg.dag/MoreMountains.Feedbacks.TextMeshPro.dll (+2 others)
[1204/1644  0s] ILPostProcess Library/Bee/artifacts/1900b0aEDbg.dag/post-processed/Crest.dll (+pdb)
Processing assembly Library/Bee/artifacts/1900b0aEDbg.dag/Crest.dll, with 167 defines and 302 references

processors: Unity.Jobs.CodeGen.JobsILPostProcessor, zzzUnity.Burst.CodeGen.BurstILPostProcessor

running Unity.Jobs.CodeGen.JobsILPostProcessor

running zzzUnity.Burst.CodeGen.BurstILPostProcessor
[1205/1644  0s] ILPostProcess Library/Bee/artifacts/1900b0aEDbg.dag/post-processed/WaveHarmonic.Crest.Shared.dll (+pdb)
Processing assembly Library/Bee/artifacts/1900b0aEDbg.dag/WaveHarmonic.Crest.Shared.dll, with 163 defines and 286 references

processors: Unity.Jobs.CodeGen.JobsILPostProcessor, zzzUnity.Burst.CodeGen.BurstILPostProcessor

running Unity.Jobs.CodeGen.JobsILPostProcessor

running zzzUnity.Burst.CodeGen.BurstILPostProcessor
[1206/1644  0s] ILPostProcess Library/Bee/artifacts/1900b0aEDbg.dag/post-processed/ShapesRuntime.dll (+pdb)
Processing assembly Library/Bee/artifacts/1900b0aEDbg.dag/ShapesRuntime.dll, with 161 defines and 300 references

processors: Unity.Jobs.CodeGen.JobsILPostProcessor, zzzUnity.Burst.CodeGen.BurstILPostProcessor

running Unity.Jobs.CodeGen.JobsILPostProcessor

running zzzUnity.Burst.CodeGen.BurstILPostProcessor
[1207/1644  0s] ILPostProcess Library/Bee/artifacts/1900b0aEDbg.dag/post-processed/MoreMountains.Feedbacks.dll (+pdb)
Processing assembly Library/Bee/artifacts/1900b0aEDbg.dag/MoreMountains.Feedbacks.dll, with 163 defines and 303 references

processors: Unity.Jobs.CodeGen.JobsILPostProcessor, zzzUnity.Burst.CodeGen.BurstILPostProcessor

running Unity.Jobs.CodeGen.JobsILPostProcessor

running zzzUnity.Burst.CodeGen.BurstILPostProcessor
[1208/1644  0s] ILPostProcess Library/Bee/artifacts/1900b0aEDbg.dag/post-processed/Unity.MemoryProfiler.dll (+pdb)
Processing assembly Library/Bee/artifacts/1900b0aEDbg.dag/Unity.MemoryProfiler.dll, with 162 defines and 297 references

processors: Unity.Jobs.CodeGen.JobsILPostProcessor, zzzUnity.Burst.CodeGen.BurstILPostProcessor

running Unity.Jobs.CodeGen.JobsILPostProcessor

running zzzUnity.Burst.CodeGen.BurstILPostProcessor
[1209/1644  0s] ILPostProcess Library/Bee/artifacts/1900b0aEDbg.dag/post-processed/Unity.RenderPipeline.Universal.ShaderLibrary.dll (+pdb)
Processing assembly Library/Bee/artifacts/1900b0aEDbg.dag/Unity.RenderPipeline.Universal.ShaderLibrary.dll, with 161 defines and 298 references

processors: Unity.Jobs.CodeGen.JobsILPostProcessor, zzzUnity.Burst.CodeGen.BurstILPostProcessor

running Unity.Jobs.CodeGen.JobsILPostProcessor

running zzzUnity.Burst.CodeGen.BurstILPostProcessor
[1210/1644  0s] ILPostProcess Library/Bee/artifacts/1900b0aEDbg.dag/post-processed/MeshBakerCore.dll (+pdb)
Processing assembly Library/Bee/artifacts/1900b0aEDbg.dag/MeshBakerCore.dll, with 161 defines and 297 references

processors: Unity.Jobs.CodeGen.JobsILPostProcessor, zzzUnity.Burst.CodeGen.BurstILPostProcessor

running Unity.Jobs.CodeGen.JobsILPostProcessor

running zzzUnity.Burst.CodeGen.BurstILPostProcessor
[1211/1644  0s] ILPostProcess Library/Bee/artifacts/1900b0aEDbg.dag/post-processed/Unity.RenderPipelines.ShaderGraph.ShaderGraphLibrary.dll (+pdb)
Processing assembly Library/Bee/artifacts/1900b0aEDbg.dag/Unity.RenderPipelines.ShaderGraph.ShaderGraphLibrary.dll, with 161 defines and 297 references

processors: Unity.Jobs.CodeGen.JobsILPostProcessor, zzzUnity.Burst.CodeGen.BurstILPostProcessor

running Unity.Jobs.CodeGen.JobsILPostProcessor

running zzzUnity.Burst.CodeGen.BurstILPostProcessor
[1212/1644  0s] ILPostProcess Library/Bee/artifacts/1900b0aEDbg.dag/post-processed/Lofelt.NiceVibrations.Demo.dll (+pdb)
Processing assembly Library/Bee/artifacts/1900b0aEDbg.dag/Lofelt.NiceVibrations.Demo.dll, with 161 defines and 298 references

processors: Unity.Jobs.CodeGen.JobsILPostProcessor, zzzUnity.Burst.CodeGen.BurstILPostProcessor

running Unity.Jobs.CodeGen.JobsILPostProcessor

running zzzUnity.Burst.CodeGen.BurstILPostProcessor
[1213/1644  0s] Csc Library/Bee/artifacts/1900b0aEDbg.dag/MoreMountains.Feedbacks.Authorizations.dll (+2 others)
[1214/1644  0s] ILPostProcess Library/Bee/artifacts/1900b0aEDbg.dag/post-processed/Unity.InputSystem.ForUI.dll (+pdb)
Processing assembly Library/Bee/artifacts/1900b0aEDbg.dag/Unity.InputSystem.ForUI.dll, with 161 defines and 298 references

processors: Unity.Jobs.CodeGen.JobsILPostProcessor, zzzUnity.Burst.CodeGen.BurstILPostProcessor

running Unity.Jobs.CodeGen.JobsILPostProcessor

running zzzUnity.Burst.CodeGen.BurstILPostProcessor
[1215/1644  0s] ILPostProcess Library/Bee/artifacts/1900b0aEDbg.dag/post-processed/Unity.Mathematics.dll (+pdb)
Processing assembly Library/Bee/artifacts/1900b0aEDbg.dag/Unity.Mathematics.dll, with 161 defines and 297 references

processors: Unity.Jobs.CodeGen.JobsILPostProcessor, zzzUnity.Burst.CodeGen.BurstILPostProcessor

running Unity.Jobs.CodeGen.JobsILPostProcessor

running zzzUnity.Burst.CodeGen.BurstILPostProcessor
[1216/1644  0s] ILPostProcess Library/Bee/artifacts/1900b0aEDbg.dag/post-processed/Unity.InputSystem.dll (+pdb)
Processing assembly Library/Bee/artifacts/1900b0aEDbg.dag/Unity.InputSystem.dll, with 173 defines and 297 references

processors: Unity.Jobs.CodeGen.JobsILPostProcessor, zzzUnity.Burst.CodeGen.BurstILPostProcessor

running Unity.Jobs.CodeGen.JobsILPostProcessor

running zzzUnity.Burst.CodeGen.BurstILPostProcessor
[1217/1644  0s] ILPostProcess Library/Bee/artifacts/1900b0aEDbg.dag/post-processed/TechniePhysicsCreator.dll (+pdb)
Processing assembly Library/Bee/artifacts/1900b0aEDbg.dag/TechniePhysicsCreator.dll, with 161 defines and 297 references

processors: Unity.Jobs.CodeGen.JobsILPostProcessor, zzzUnity.Burst.CodeGen.BurstILPostProcessor

running Unity.Jobs.CodeGen.JobsILPostProcessor

running zzzUnity.Burst.CodeGen.BurstILPostProcessor
[1218/1644  1s] ILPostProcess Library/Bee/artifacts/1900b0aEDbg.dag/post-processed/Unity.InternalAPIEngineBridge.004.dll (+pdb)
Processing assembly Library/Bee/artifacts/1900b0aEDbg.dag/Unity.InternalAPIEngineBridge.004.dll, with 161 defines and 297 references

processors: Unity.Jobs.CodeGen.JobsILPostProcessor, zzzUnity.Burst.CodeGen.BurstILPostProcessor

running Unity.Jobs.CodeGen.JobsILPostProcessor

running zzzUnity.Burst.CodeGen.BurstILPostProcessor
[1219/1644  1s] ILPostProcess Library/Bee/artifacts/1900b0aEDbg.dag/post-processed/Unity.PathTracing.Runtime.dll (+pdb)
Processing assembly Library/Bee/artifacts/1900b0aEDbg.dag/Unity.PathTracing.Runtime.dll, with 162 defines and 301 references

processors: Unity.Jobs.CodeGen.JobsILPostProcessor, zzzUnity.Burst.CodeGen.BurstILPostProcessor

running Unity.Jobs.CodeGen.JobsILPostProcessor

running zzzUnity.Burst.CodeGen.BurstILPostProcessor
[1220/1644  1s] ILPostProcess Library/Bee/artifacts/1900b0aEDbg.dag/post-processed/Unity.ProBuilder.Csg.dll (+pdb)
Processing assembly Library/Bee/artifacts/1900b0aEDbg.dag/Unity.ProBuilder.Csg.dll, with 161 defines and 297 references

processors: Unity.Jobs.CodeGen.JobsILPostProcessor, zzzUnity.Burst.CodeGen.BurstILPostProcessor

running Unity.Jobs.CodeGen.JobsILPostProcessor

running zzzUnity.Burst.CodeGen.BurstILPostProcessor
[1221/1644  1s] ILPostProcess Library/Bee/artifacts/1900b0aEDbg.dag/post-processed/Unity.RenderPipelines.Core.Runtime.dll (+pdb)
Processing assembly Library/Bee/artifacts/1900b0aEDbg.dag/Unity.RenderPipelines.Core.Runtime.dll, with 165 defines and 301 references

processors: Unity.Jobs.CodeGen.JobsILPostProcessor, zzzUnity.Burst.CodeGen.BurstILPostProcessor

running Unity.Jobs.CodeGen.JobsILPostProcessor

running zzzUnity.Burst.CodeGen.BurstILPostProcessor
[1222/1644  1s] ILPostProcess Library/Bee/artifacts/1900b0aEDbg.dag/post-processed/Unity.ProBuilder.Stl.dll (+pdb)
Processing assembly Library/Bee/artifacts/1900b0aEDbg.dag/Unity.ProBuilder.Stl.dll, with 161 defines and 297 references

processors: Unity.Jobs.CodeGen.JobsILPostProcessor, zzzUnity.Burst.CodeGen.BurstILPostProcessor

running Unity.Jobs.CodeGen.JobsILPostProcessor

running zzzUnity.Burst.CodeGen.BurstILPostProcessor
[1223/1644  1s] ILPostProcess Library/Bee/artifacts/1900b0aEDbg.dag/post-processed/Unity.RenderPipelines.Core.ShaderLibrary.dll (+pdb)
Processing assembly Library/Bee/artifacts/1900b0aEDbg.dag/Unity.RenderPipelines.Core.ShaderLibrary.dll, with 161 defines and 297 references

processors: Unity.Jobs.CodeGen.JobsILPostProcessor, zzzUnity.Burst.CodeGen.BurstILPostProcessor

running Unity.Jobs.CodeGen.JobsILPostProcessor

running zzzUnity.Burst.CodeGen.BurstILPostProcessor
[1224/1644  1s] ILPostProcess Library/Bee/artifacts/1900b0aEDbg.dag/post-processed/Unity.Profiling.Core.dll (+pdb)
Processing assembly Library/Bee/artifacts/1900b0aEDbg.dag/Unity.Profiling.Core.dll, with 161 defines and 297 references

processors: Unity.Jobs.CodeGen.JobsILPostProcessor, zzzUnity.Burst.CodeGen.BurstILPostProcessor

running Unity.Jobs.CodeGen.JobsILPostProcessor

running zzzUnity.Burst.CodeGen.BurstILPostProcessor
[1225/1644  0s] ILPostProcess Library/Bee/artifacts/1900b0aEDbg.dag/post-processed/UnityEngine.UI.dll (+pdb)
Processing assembly Library/Bee/artifacts/1900b0aEDbg.dag/UnityEngine.UI.dll, with 167 defines and 295 references

processors: Unity.Jobs.CodeGen.JobsILPostProcessor, zzzUnity.Burst.CodeGen.BurstILPostProcessor

running Unity.Jobs.CodeGen.JobsILPostProcessor

running zzzUnity.Burst.CodeGen.BurstILPostProcessor
[1226/1644  0s] ILPostProcess Library/Bee/artifacts/1900b0aEDbg.dag/post-processed/MoreMountains.Feedbacks.TextMeshPro.dll (+pdb)
Processing assembly Library/Bee/artifacts/1900b0aEDbg.dag/MoreMountains.Feedbacks.TextMeshPro.dll, with 161 defines and 301 references

processors: Unity.Jobs.CodeGen.JobsILPostProcessor, zzzUnity.Burst.CodeGen.BurstILPostProcessor

running Unity.Jobs.CodeGen.JobsILPostProcessor

running zzzUnity.Burst.CodeGen.BurstILPostProcessor
[1227/1644  0s] ILPostProcess Library/Bee/artifacts/1900b0aEDbg.dag/post-processed/Unity.SurfaceCache.Runtime.dll (+pdb)
Processing assembly Library/Bee/artifacts/1900b0aEDbg.dag/Unity.SurfaceCache.Runtime.dll, with 161 defines and 301 references

processors: Unity.Jobs.CodeGen.JobsILPostProcessor, zzzUnity.Burst.CodeGen.BurstILPostProcessor

running Unity.Jobs.CodeGen.JobsILPostProcessor

running zzzUnity.Burst.CodeGen.BurstILPostProcessor
[1228/1644  0s] ILPostProcess Library/Bee/artifacts/1900b0aEDbg.dag/post-processed/Unity.VisualScripting.Core.dll (+pdb)
Processing assembly Library/Bee/artifacts/1900b0aEDbg.dag/Unity.VisualScripting.Core.dll, with 166 defines and 298 references

processors: Unity.Jobs.CodeGen.JobsILPostProcessor, zzzUnity.Burst.CodeGen.BurstILPostProcessor

running Unity.Jobs.CodeGen.JobsILPostProcessor

running zzzUnity.Burst.CodeGen.BurstILPostProcessor
[1229/1644  0s] ILPostProcess Library/Bee/artifacts/1900b0aEDbg.dag/post-processed/AstarPathfindingProject.dll (+pdb)
Processing assembly Library/Bee/artifacts/1900b0aEDbg.dag/AstarPathfindingProject.dll, with 161 defines and 297 references

processors: Unity.Jobs.CodeGen.JobsILPostProcessor, zzzUnity.Burst.CodeGen.BurstILPostProcessor

running Unity.Jobs.CodeGen.JobsILPostProcessor

running zzzUnity.Burst.CodeGen.BurstILPostProcessor
[1230/1644  0s] ILPostProcess Library/Bee/artifacts/1900b0aEDbg.dag/post-processed/RealtimeCSG.dll (+pdb)
Processing assembly Library/Bee/artifacts/1900b0aEDbg.dag/RealtimeCSG.dll, with 161 defines and 284 references

processors: Unity.Jobs.CodeGen.JobsILPostProcessor, zzzUnity.Burst.CodeGen.BurstILPostProcessor

running Unity.Jobs.CodeGen.JobsILPostProcessor

running zzzUnity.Burst.CodeGen.BurstILPostProcessor
[1231/1644  0s] ILPostProcess Library/Bee/artifacts/1900b0aEDbg.dag/post-processed/Tayx.Graphy.dll (+pdb)
Processing assembly Library/Bee/artifacts/1900b0aEDbg.dag/Tayx.Graphy.dll, with 163 defines and 298 references

processors: Unity.Jobs.CodeGen.JobsILPostProcessor, zzzUnity.Burst.CodeGen.BurstILPostProcessor

running Unity.Jobs.CodeGen.JobsILPostProcessor

running zzzUnity.Burst.CodeGen.BurstILPostProcessor
[1232/1644  0s] ILPostProcess Library/Bee/artifacts/1900b0aEDbg.dag/post-processed/Unity.RenderPipelines.Universal.Shaders.dll (+pdb)
Processing assembly Library/Bee/artifacts/1900b0aEDbg.dag/Unity.RenderPipelines.Universal.Shaders.dll, with 161 defines and 297 references

processors: Unity.Jobs.CodeGen.JobsILPostProcessor, zzzUnity.Burst.CodeGen.BurstILPostProcessor

running Unity.Jobs.CodeGen.JobsILPostProcessor

running zzzUnity.Burst.CodeGen.BurstILPostProcessor
[1233/1644  0s] ILPostProcess Library/Bee/artifacts/1900b0aEDbg.dag/post-processed/MoreMountains.Feedbacks.MMTools.dll (+pdb)
Processing assembly Library/Bee/artifacts/1900b0aEDbg.dag/MoreMountains.Feedbacks.MMTools.dll, with 162 defines and 300 references

processors: Unity.Jobs.CodeGen.JobsILPostProcessor, zzzUnity.Burst.CodeGen.BurstILPostProcessor

running Unity.Jobs.CodeGen.JobsILPostProcessor

running zzzUnity.Burst.CodeGen.BurstILPostProcessor
[1234/1644  2s] ILPostProcess Library/Bee/artifacts/1900b0aEDbg.dag/post-processed/Unity.RenderPipelines.GPUDriven.Runtime.dll (+pdb)
Processing assembly Library/Bee/artifacts/1900b0aEDbg.dag/Unity.RenderPipelines.GPUDriven.Runtime.dll, with 161 defines and 301 references

processors: Unity.Jobs.CodeGen.JobsILPostProcessor, zzzUnity.Burst.CodeGen.BurstILPostProcessor

running Unity.Jobs.CodeGen.JobsILPostProcessor

running zzzUnity.Burst.CodeGen.BurstILPostProcessor
[1235/1644  0s] ILPostProcess Library/Bee/artifacts/1900b0aEDbg.dag/post-processed/GPUInstancer.dll (+pdb)
Processing assembly Library/Bee/artifacts/1900b0aEDbg.dag/GPUInstancer.dll, with 166 defines and 299 references

processors: Unity.Jobs.CodeGen.JobsILPostProcessor, zzzUnity.Burst.CodeGen.BurstILPostProcessor

running Unity.Jobs.CodeGen.JobsILPostProcessor

running zzzUnity.Burst.CodeGen.BurstILPostProcessor
[1236/1644  0s] ILPostProcess Library/Bee/artifacts/1900b0aEDbg.dag/post-processed/Unity.TextMeshPro.dll (+pdb)
Processing assembly Library/Bee/artifacts/1900b0aEDbg.dag/Unity.TextMeshPro.dll, with 162 defines and 298 references

processors: Unity.Jobs.CodeGen.JobsILPostProcessor, zzzUnity.Burst.CodeGen.BurstILPostProcessor

running Unity.Jobs.CodeGen.JobsILPostProcessor

running zzzUnity.Burst.CodeGen.BurstILPostProcessor
[1237/1644  1s] ILPostProcess Library/Bee/artifacts/1900b0aEDbg.dag/post-processed/Unity.Burst.dll (+pdb)
Processing assembly Library/Bee/artifacts/1900b0aEDbg.dag/Unity.Burst.dll, with 161 defines and 262 references

processors: Unity.Jobs.CodeGen.JobsILPostProcessor, zzzUnity.Burst.CodeGen.BurstILPostProcessor

running Unity.Jobs.CodeGen.JobsILPostProcessor

running zzzUnity.Burst.CodeGen.BurstILPostProcessor
[1238/1644  1s] ILPostProcess Library/Bee/artifacts/1900b0aEDbg.dag/post-processed/MapMagic.dll (+pdb)
Processing assembly Library/Bee/artifacts/1900b0aEDbg.dag/MapMagic.dll, with 161 defines and 298 references

processors: Unity.Jobs.CodeGen.JobsILPostProcessor, zzzUnity.Burst.CodeGen.BurstILPostProcessor

running Unity.Jobs.CodeGen.JobsILPostProcessor

running zzzUnity.Burst.CodeGen.BurstILPostProcessor
[1239/1644  1s] ILPostProcess Library/Bee/artifacts/1900b0aEDbg.dag/post-processed/EasySave3.dll (+pdb)
Processing assembly Library/Bee/artifacts/1900b0aEDbg.dag/EasySave3.dll, with 161 defines and 302 references

processors: Unity.Jobs.CodeGen.JobsILPostProcessor, zzzUnity.Burst.CodeGen.BurstILPostProcessor

running Unity.Jobs.CodeGen.JobsILPostProcessor

running zzzUnity.Burst.CodeGen.BurstILPostProcessor
[1240/1644  1s] ILPostProcess Library/Bee/artifacts/1900b0aEDbg.dag/post-processed/Unity.ProBuilder.Poly2Tri.dll (+pdb)
Processing assembly Library/Bee/artifacts/1900b0aEDbg.dag/Unity.ProBuilder.Poly2Tri.dll, with 161 defines and 297 references

processors: Unity.Jobs.CodeGen.JobsILPostProcessor, zzzUnity.Burst.CodeGen.BurstILPostProcessor

running Unity.Jobs.CodeGen.JobsILPostProcessor

running zzzUnity.Burst.CodeGen.BurstILPostProcessor
[1241/1644  1s] ILPostProcess Library/Bee/artifacts/1900b0aEDbg.dag/post-processed/Unity.VisualScripting.State.dll (+pdb)
Processing assembly Library/Bee/artifacts/1900b0aEDbg.dag/Unity.VisualScripting.State.dll, with 161 defines and 299 references

processors: Unity.Jobs.CodeGen.JobsILPostProcessor, zzzUnity.Burst.CodeGen.BurstILPostProcessor

running Unity.Jobs.CodeGen.JobsILPostProcessor

running zzzUnity.Burst.CodeGen.BurstILPostProcessor
[1242/1644  1s] ILPostProcess Library/Bee/artifacts/1900b0aEDbg.dag/post-processed/Unity.RenderPipelines.Universal.2D.Runtime.dll (+pdb)
Processing assembly Library/Bee/artifacts/1900b0aEDbg.dag/Unity.RenderPipelines.Universal.2D.Runtime.dll, with 164 defines and 302 references

processors: Unity.Jobs.CodeGen.JobsILPostProcessor, zzzUnity.Burst.CodeGen.BurstILPostProcessor

running Unity.Jobs.CodeGen.JobsILPostProcessor

running zzzUnity.Burst.CodeGen.BurstILPostProcessor
[1243/1644  1s] ILPostProcess Library/Bee/artifacts/1900b0aEDbg.dag/post-processed/Unity.Collections.dll (+pdb)
Processing assembly Library/Bee/artifacts/1900b0aEDbg.dag/Unity.Collections.dll, with 163 defines and 299 references

processors: Unity.Jobs.CodeGen.JobsILPostProcessor, zzzUnity.Burst.CodeGen.BurstILPostProcessor

running Unity.Jobs.CodeGen.JobsILPostProcessor

running zzzUnity.Burst.CodeGen.BurstILPostProcessor
[1244/1644  0s] ILPostProcess Library/Bee/artifacts/1900b0aEDbg.dag/post-processed/MoreMountains.Tools.dll (+pdb)
Processing assembly Library/Bee/artifacts/1900b0aEDbg.dag/MoreMountains.Tools.dll, with 163 defines and 302 references

processors: Unity.Jobs.CodeGen.JobsILPostProcessor, zzzUnity.Burst.CodeGen.BurstILPostProcessor

running Unity.Jobs.CodeGen.JobsILPostProcessor

running zzzUnity.Burst.CodeGen.BurstILPostProcessor
[1245/1644  0s] ILPostProcess Library/Bee/artifacts/1900b0aEDbg.dag/post-processed/Unity.SharpZipLib.Utils.dll (+pdb)
Processing assembly Library/Bee/artifacts/1900b0aEDbg.dag/Unity.SharpZipLib.Utils.dll, with 161 defines and 297 references

processors: Unity.Jobs.CodeGen.JobsILPostProcessor, zzzUnity.Burst.CodeGen.BurstILPostProcessor

running Unity.Jobs.CodeGen.JobsILPostProcessor

running zzzUnity.Burst.CodeGen.BurstILPostProcessor
[1246/1644  0s] ILPostProcess Library/Bee/artifacts/1900b0aEDbg.dag/post-processed/Hecton8.Input.dll (+pdb)
Processing assembly Library/Bee/artifacts/1900b0aEDbg.dag/Hecton8.Input.dll, with 161 defines and 300 references

processors: Unity.Jobs.CodeGen.JobsILPostProcessor, zzzUnity.Burst.CodeGen.BurstILPostProcessor

running Unity.Jobs.CodeGen.JobsILPostProcessor

running zzzUnity.Burst.CodeGen.BurstILPostProcessor
[1247/1644  0s] ILPostProcess Library/Bee/artifacts/1900b0aEDbg.dag/post-processed/MoreMountains.Feedbacks.Authorizations.dll (+pdb)
Processing assembly Library/Bee/artifacts/1900b0aEDbg.dag/MoreMountains.Feedbacks.Authorizations.dll, with 163 defines and 306 references

processors: Unity.Jobs.CodeGen.JobsILPostProcessor, zzzUnity.Burst.CodeGen.BurstILPostProcessor

running Unity.Jobs.CodeGen.JobsILPostProcessor

running zzzUnity.Burst.CodeGen.BurstILPostProcessor
[1248/1644  0s] ILPostProcess Library/Bee/artifacts/1900b0aEDbg.dag/post-processed/Hecton8.Input.Generated.dll (+pdb)
Processing assembly Library/Bee/artifacts/1900b0aEDbg.dag/Hecton8.Input.Generated.dll, with 161 defines and 298 references

processors: Unity.Jobs.CodeGen.JobsILPostProcessor, zzzUnity.Burst.CodeGen.BurstILPostProcessor

running Unity.Jobs.CodeGen.JobsILPostProcessor

running zzzUnity.Burst.CodeGen.BurstILPostProcessor
[1249/1644  0s] ILPostProcess Library/Bee/artifacts/1900b0aEDbg.dag/post-processed/MCPForUnity.Runtime.dll (+pdb)
Processing assembly Library/Bee/artifacts/1900b0aEDbg.dag/MCPForUnity.Runtime.dll, with 161 defines and 297 references

processors: Unity.Jobs.CodeGen.JobsILPostProcessor, zzzUnity.Burst.CodeGen.BurstILPostProcessor

running Unity.Jobs.CodeGen.JobsILPostProcessor

running zzzUnity.Burst.CodeGen.BurstILPostProcessor
[1250/1644  1s] ILPostProcess Library/Bee/artifacts/1900b0aEDbg.dag/post-processed/Unity.InternalAPIEngineBridge.RenderPipelines.Core.Runtime.Shared.dll (+pdb)
Processing assembly Library/Bee/artifacts/1900b0aEDbg.dag/Unity.InternalAPIEngineBridge.RenderPipelines.Core.Runtime.Shared.dll, with 161 defines and 297 references

processors: Unity.Jobs.CodeGen.JobsILPostProcessor, zzzUnity.Burst.CodeGen.BurstILPostProcessor

running Unity.Jobs.CodeGen.JobsILPostProcessor

running zzzUnity.Burst.CodeGen.BurstILPostProcessor
[1251/1644  0s] ILPostProcess Library/Bee/artifacts/1900b0aEDbg.dag/post-processed/Unity.PathTracing.Editor.dll (+pdb)
Processing assembly Library/Bee/artifacts/1900b0aEDbg.dag/Unity.PathTracing.Editor.dll, with 160 defines and 308 references

processors: Unity.Jobs.CodeGen.JobsILPostProcessor, zzzUnity.Burst.CodeGen.BurstILPostProcessor

running Unity.Jobs.CodeGen.JobsILPostProcessor

running zzzUnity.Burst.CodeGen.BurstILPostProcessor
[1252/1644  0s] ILPostProcess Library/Bee/artifacts/1900b0aEDbg.dag/post-processed/Unity.2D.Sprite.Editor.dll (+pdb)
Processing assembly Library/Bee/artifacts/1900b0aEDbg.dag/Unity.2D.Sprite.Editor.dll, with 159 defines and 304 references

processors: Unity.Jobs.CodeGen.JobsILPostProcessor, zzzUnity.Burst.CodeGen.BurstILPostProcessor

running Unity.Jobs.CodeGen.JobsILPostProcessor

running zzzUnity.Burst.CodeGen.BurstILPostProcessor
[1253/1644  0s] ILPostProcess Library/Bee/artifacts/1900b0aEDbg.dag/post-processed/MeshBakerEditor.dll (+pdb)
Processing assembly Library/Bee/artifacts/1900b0aEDbg.dag/MeshBakerEditor.dll, with 159 defines and 305 references

processors: Unity.Jobs.CodeGen.JobsILPostProcessor, zzzUnity.Burst.CodeGen.BurstILPostProcessor

running Unity.Jobs.CodeGen.JobsILPostProcessor

running zzzUnity.Burst.CodeGen.BurstILPostProcessor
[1254/1644  0s] ILPostProcess Library/Bee/artifacts/1900b0aEDbg.dag/post-processed/Technie.PhysicsCreator.Updater.dll (+pdb)
Processing assembly Library/Bee/artifacts/1900b0aEDbg.dag/Technie.PhysicsCreator.Updater.dll, with 159 defines and 304 references

processors: Unity.Jobs.CodeGen.JobsILPostProcessor, zzzUnity.Burst.CodeGen.BurstILPostProcessor

running Unity.Jobs.CodeGen.JobsILPostProcessor

running zzzUnity.Burst.CodeGen.BurstILPostProcessor
[1255/1644  0s] ILPostProcess Library/Bee/artifacts/1900b0aEDbg.dag/post-processed/Unity.InternalAPIEditorBridge.ShaderGraph.Editor.dll (+pdb)
Processing assembly Library/Bee/artifacts/1900b0aEDbg.dag/Unity.InternalAPIEditorBridge.ShaderGraph.Editor.dll, with 159 defines and 304 references

processors: Unity.Jobs.CodeGen.JobsILPostProcessor, zzzUnity.Burst.CodeGen.BurstILPostProcessor

running Unity.Jobs.CodeGen.JobsILPostProcessor

running zzzUnity.Burst.CodeGen.BurstILPostProcessor
[1256/1644  0s] ILPostProcess Library/Bee/artifacts/1900b0aEDbg.dag/post-processed/MapMagic.Settings.dll (+pdb)
Processing assembly Library/Bee/artifacts/1900b0aEDbg.dag/MapMagic.Settings.dll, with 159 defines and 304 references

processors: Unity.Jobs.CodeGen.JobsILPostProcessor, zzzUnity.Burst.CodeGen.BurstILPostProcessor

running Unity.Jobs.CodeGen.JobsILPostProcessor

running zzzUnity.Burst.CodeGen.BurstILPostProcessor
[1257/1644  0s] ILPostProcess Library/Bee/artifacts/1900b0aEDbg.dag/post-processed/Unity.PlasticSCM.Editor.Entities.dll (+pdb)
Processing assembly Library/Bee/artifacts/1900b0aEDbg.dag/Unity.PlasticSCM.Editor.Entities.dll, with 159 defines and 305 references

processors: Unity.Jobs.CodeGen.JobsILPostProcessor, zzzUnity.Burst.CodeGen.BurstILPostProcessor

running Unity.Jobs.CodeGen.JobsILPostProcessor

running zzzUnity.Burst.CodeGen.BurstILPostProcessor
[1258/1644  0s] ILPostProcess Library/Bee/artifacts/1900b0aEDbg.dag/post-processed/Sirenix.OdinInspector.Modules.UnityMathematics.dll (+pdb)
Processing assembly Library/Bee/artifacts/1900b0aEDbg.dag/Sirenix.OdinInspector.Modules.UnityMathematics.dll, with 159 defines and 305 references

processors: Unity.Jobs.CodeGen.JobsILPostProcessor, zzzUnity.Burst.CodeGen.BurstILPostProcessor

running Unity.Jobs.CodeGen.JobsILPostProcessor

running zzzUnity.Burst.CodeGen.BurstILPostProcessor
[1259/1644  0s] ILPostProcess Library/Bee/artifacts/1900b0aEDbg.dag/post-processed/Tayx.Graphy.Editor.dll (+pdb)
Processing assembly Library/Bee/artifacts/1900b0aEDbg.dag/Tayx.Graphy.Editor.dll, with 160 defines and 305 references

processors: Unity.Jobs.CodeGen.JobsILPostProcessor, zzzUnity.Burst.CodeGen.BurstILPostProcessor

running Unity.Jobs.CodeGen.JobsILPostProcessor

running zzzUnity.Burst.CodeGen.BurstILPostProcessor
[1260/1644  0s] ILPostProcess Library/Bee/artifacts/1900b0aEDbg.dag/post-processed/MapMagic.MicroSplat.Editor.dll (+pdb)
Processing assembly Library/Bee/artifacts/1900b0aEDbg.dag/MapMagic.MicroSplat.Editor.dll, with 159 defines and 311 references

processors: Unity.Jobs.CodeGen.JobsILPostProcessor, zzzUnity.Burst.CodeGen.BurstILPostProcessor

running Unity.Jobs.CodeGen.JobsILPostProcessor

running zzzUnity.Burst.CodeGen.BurstILPostProcessor
[1261/1644  0s] ILPostProcess Library/Bee/artifacts/1900b0aEDbg.dag/post-processed/Unity.TextMeshPro.Editor.dll (+pdb)
Processing assembly Library/Bee/artifacts/1900b0aEDbg.dag/Unity.TextMeshPro.Editor.dll, with 159 defines and 306 references

processors: Unity.Jobs.CodeGen.JobsILPostProcessor, zzzUnity.Burst.CodeGen.BurstILPostProcessor

running Unity.Jobs.CodeGen.JobsILPostProcessor

running zzzUnity.Burst.CodeGen.BurstILPostProcessor
[1262/1644  0s] ILPostProcess Library/Bee/artifacts/1900b0aEDbg.dag/post-processed/Unity.Settings.Editor.dll (+pdb)
Processing assembly Library/Bee/artifacts/1900b0aEDbg.dag/Unity.Settings.Editor.dll, with 159 defines and 304 references

processors: Unity.Jobs.CodeGen.JobsILPostProcessor, zzzUnity.Burst.CodeGen.BurstILPostProcessor

running Unity.Jobs.CodeGen.JobsILPostProcessor

running zzzUnity.Burst.CodeGen.BurstILPostProcessor
[1263/1644  0s] ILPostProcess Library/Bee/artifacts/1900b0aEDbg.dag/post-processed/UnityEditor.UI.dll (+pdb)
Processing assembly Library/Bee/artifacts/1900b0aEDbg.dag/UnityEditor.UI.dll, with 162 defines and 303 references

processors: Unity.Jobs.CodeGen.JobsILPostProcessor, zzzUnity.Burst.CodeGen.BurstILPostProcessor

running Unity.Jobs.CodeGen.JobsILPostProcessor

running zzzUnity.Burst.CodeGen.BurstILPostProcessor
[1264/1644  0s] ILPostProcess Library/Bee/artifacts/1900b0aEDbg.dag/post-processed/Unity.VisualScripting.State.Editor.dll (+pdb)
Processing assembly Library/Bee/artifacts/1900b0aEDbg.dag/Unity.VisualScripting.State.Editor.dll, with 159 defines and 309 references

processors: Unity.Jobs.CodeGen.JobsILPostProcessor, zzzUnity.Burst.CodeGen.BurstILPostProcessor

running Unity.Jobs.CodeGen.JobsILPostProcessor

running zzzUnity.Burst.CodeGen.BurstILPostProcessor
[1265/1644  0s] ILPostProcess Library/Bee/artifacts/1900b0aEDbg.dag/post-processed/Unity.ShaderGraph.Utilities.dll (+pdb)
Processing assembly Library/Bee/artifacts/1900b0aEDbg.dag/Unity.ShaderGraph.Utilities.dll, with 159 defines and 304 references

processors: Unity.Jobs.CodeGen.JobsILPostProcessor, zzzUnity.Burst.CodeGen.BurstILPostProcessor

running Unity.Jobs.CodeGen.JobsILPostProcessor

running zzzUnity.Burst.CodeGen.BurstILPostProcessor
[1266/1644  0s] ILPostProcess Library/Bee/artifacts/1900b0aEDbg.dag/post-processed/Unity.CollabProxy.Editor.dll (+pdb)
Processing assembly Library/Bee/artifacts/1900b0aEDbg.dag/Unity.CollabProxy.Editor.dll, with 159 defines and 305 references

processors: Unity.Jobs.CodeGen.JobsILPostProcessor, zzzUnity.Burst.CodeGen.BurstILPostProcessor

running Unity.Jobs.CodeGen.JobsILPostProcessor

running zzzUnity.Burst.CodeGen.BurstILPostProcessor
[1267/1644  0s] ILPostProcess Library/Bee/artifacts/1900b0aEDbg.dag/post-processed/Den.Tools.Editor.dll (+pdb)
Processing assembly Library/Bee/artifacts/1900b0aEDbg.dag/Den.Tools.Editor.dll, with 159 defines and 305 references

processors: Unity.Jobs.CodeGen.JobsILPostProcessor, zzzUnity.Burst.CodeGen.BurstILPostProcessor

running Unity.Jobs.CodeGen.JobsILPostProcessor

running zzzUnity.Burst.CodeGen.BurstILPostProcessor
[1268/1644  0s] ILPostProcess Library/Bee/artifacts/1900b0aEDbg.dag/post-processed/Unity.ProBuilder.AddOns.Editor.dll (+pdb)
Processing assembly Library/Bee/artifacts/1900b0aEDbg.dag/Unity.ProBuilder.AddOns.Editor.dll, with 159 defines and 306 references

processors: Unity.Jobs.CodeGen.JobsILPostProcessor, zzzUnity.Burst.CodeGen.BurstILPostProcessor

running Unity.Jobs.CodeGen.JobsILPostProcessor

running zzzUnity.Burst.CodeGen.BurstILPostProcessor
[1269/1644  0s] ILPostProcess Library/Bee/artifacts/1900b0aEDbg.dag/post-processed/Unity.ProBuilder.AssetIdRemapUtility.dll (+pdb)
Processing assembly Library/Bee/artifacts/1900b0aEDbg.dag/Unity.ProBuilder.AssetIdRemapUtility.dll, with 159 defines and 304 references

processors: Unity.Jobs.CodeGen.JobsILPostProcessor, zzzUnity.Burst.CodeGen.BurstILPostProcessor

running Unity.Jobs.CodeGen.JobsILPostProcessor

running zzzUnity.Burst.CodeGen.BurstILPostProcessor
[1270/1644  0s] ILPostProcess Library/Bee/artifacts/1900b0aEDbg.dag/post-processed/Unity.VisualScripting.SettingsProvider.Editor.dll (+pdb)
Processing assembly Library/Bee/artifacts/1900b0aEDbg.dag/Unity.VisualScripting.SettingsProvider.Editor.dll, with 159 defines and 309 references

processors: Unity.Jobs.CodeGen.JobsILPostProcessor, zzzUnity.Burst.CodeGen.BurstILPostProcessor

running Unity.Jobs.CodeGen.JobsILPostProcessor

running zzzUnity.Burst.CodeGen.BurstILPostProcessor
[1271/1644  0s] ILPostProcess Library/Bee/artifacts/1900b0aEDbg.dag/post-processed/AmplifyImpostors.Editor.dll (+pdb)
Processing assembly Library/Bee/artifacts/1900b0aEDbg.dag/AmplifyImpostors.Editor.dll, with 159 defines and 305 references

processors: Unity.Jobs.CodeGen.JobsILPostProcessor, zzzUnity.Burst.CodeGen.BurstILPostProcessor

running Unity.Jobs.CodeGen.JobsILPostProcessor

running zzzUnity.Burst.CodeGen.BurstILPostProcessor
[1272/1644  0s] ILPostProcess Library/Bee/artifacts/1900b0aEDbg.dag/post-processed/Unity.VisualScripting.Shared.Editor.dll (+pdb)
Processing assembly Library/Bee/artifacts/1900b0aEDbg.dag/Unity.VisualScripting.Shared.Editor.dll, with 159 defines and 310 references

processors: Unity.Jobs.CodeGen.JobsILPostProcessor, zzzUnity.Burst.CodeGen.BurstILPostProcessor

running Unity.Jobs.CodeGen.JobsILPostProcessor

running zzzUnity.Burst.CodeGen.BurstILPostProcessor
[1273/1644  0s] ILPostProcess Library/Bee/artifacts/1900b0aEDbg.dag/post-processed/JBooth.MicroSplat.Core.Editor.dll (+pdb)
Processing assembly Library/Bee/artifacts/1900b0aEDbg.dag/JBooth.MicroSplat.Core.Editor.dll, with 161 defines and 269 references

processors: Unity.Jobs.CodeGen.JobsILPostProcessor, zzzUnity.Burst.CodeGen.BurstILPostProcessor

running Unity.Jobs.CodeGen.JobsILPostProcessor

running zzzUnity.Burst.CodeGen.BurstILPostProcessor
[1274/1644  0s] ILPostProcess Library/Bee/artifacts/1900b0aEDbg.dag/post-processed/Unity.AI.Navigation.Editor.ConversionSystem.dll (+pdb)
Processing assembly Library/Bee/artifacts/1900b0aEDbg.dag/Unity.AI.Navigation.Editor.ConversionSystem.dll, with 159 defines and 304 references

processors: Unity.Jobs.CodeGen.JobsILPostProcessor, zzzUnity.Burst.CodeGen.BurstILPostProcessor

running Unity.Jobs.CodeGen.JobsILPostProcessor

running zzzUnity.Burst.CodeGen.BurstILPostProcessor
[1275/1644  0s] ILPostProcess Library/Bee/artifacts/1900b0aEDbg.dag/post-processed/WaveHarmonic.Crest.Editor.Dependents.dll (+pdb)
Processing assembly Library/Bee/artifacts/1900b0aEDbg.dag/WaveHarmonic.Crest.Editor.Dependents.dll, with 159 defines and 304 references

processors: Unity.Jobs.CodeGen.JobsILPostProcessor, zzzUnity.Burst.CodeGen.BurstILPostProcessor

running Unity.Jobs.CodeGen.JobsILPostProcessor

running zzzUnity.Burst.CodeGen.BurstILPostProcessor
[1276/1644  1s] ILPostProcess Library/Bee/artifacts/1900b0aEDbg.dag/post-processed/Unity.Burst.Editor.dll (+pdb)
Processing assembly Library/Bee/artifacts/1900b0aEDbg.dag/Unity.Burst.Editor.dll, with 159 defines and 305 references

processors: Unity.Jobs.CodeGen.JobsILPostProcessor, zzzUnity.Burst.CodeGen.BurstILPostProcessor

running Unity.Jobs.CodeGen.JobsILPostProcessor

running zzzUnity.Burst.CodeGen.BurstILPostProcessor
[1277/1644  0s] ILPostProcess Library/Bee/artifacts/1900b0aEDbg.dag/post-processed/Unity.Rendering.LightTransport.Editor.dll (+pdb)
Processing assembly Library/Bee/artifacts/1900b0aEDbg.dag/Unity.Rendering.LightTransport.Editor.dll, with 159 defines and 304 references

processors: Unity.Jobs.CodeGen.JobsILPostProcessor, zzzUnity.Burst.CodeGen.BurstILPostProcessor

running Unity.Jobs.CodeGen.JobsILPostProcessor

running zzzUnity.Burst.CodeGen.BurstILPostProcessor
[1278/1644  0s] ILPostProcess Library/Bee/artifacts/1900b0aEDbg.dag/post-processed/Unity.Searcher.Editor.dll (+pdb)
Processing assembly Library/Bee/artifacts/1900b0aEDbg.dag/Unity.Searcher.Editor.dll, with 159 defines and 304 references

processors: Unity.Jobs.CodeGen.JobsILPostProcessor, zzzUnity.Burst.CodeGen.BurstILPostProcessor

running Unity.Jobs.CodeGen.JobsILPostProcessor

running zzzUnity.Burst.CodeGen.BurstILPostProcessor
[1279/1644  0s] ILPostProcess Library/Bee/artifacts/1900b0aEDbg.dag/post-processed/Lofelt.NiceVibrations.Editor.dll (+pdb)
Processing assembly Library/Bee/artifacts/1900b0aEDbg.dag/Lofelt.NiceVibrations.Editor.dll, with 159 defines and 305 references

processors: Unity.Jobs.CodeGen.JobsILPostProcessor, zzzUnity.Burst.CodeGen.BurstILPostProcessor

running Unity.Jobs.CodeGen.JobsILPostProcessor

running zzzUnity.Burst.CodeGen.BurstILPostProcessor
[1280/1644  0s] ILPostProcess Library/Bee/artifacts/1900b0aEDbg.dag/post-processed/VolumetricLightBeam.Editor.dll (+pdb)
Processing assembly Library/Bee/artifacts/1900b0aEDbg.dag/VolumetricLightBeam.Editor.dll, with 159 defines and 305 references

processors: Unity.Jobs.CodeGen.JobsILPostProcessor, zzzUnity.Burst.CodeGen.BurstILPostProcessor

running Unity.Jobs.CodeGen.JobsILPostProcessor

running zzzUnity.Burst.CodeGen.BurstILPostProcessor
[1281/1644  0s] ILPostProcess Library/Bee/artifacts/1900b0aEDbg.dag/post-processed/Unity.AI.Navigation.Updater.dll (+pdb)
Processing assembly Library/Bee/artifacts/1900b0aEDbg.dag/Unity.AI.Navigation.Updater.dll, with 159 defines and 307 references

processors: Unity.Jobs.CodeGen.JobsILPostProcessor, zzzUnity.Burst.CodeGen.BurstILPostProcessor

running Unity.Jobs.CodeGen.JobsILPostProcessor

running zzzUnity.Burst.CodeGen.BurstILPostProcessor
[1282/1644  0s] ILPostProcess Library/Bee/artifacts/1900b0aEDbg.dag/post-processed/Unity.ProBuilder.Editor.dll (+pdb)
Processing assembly Library/Bee/artifacts/1900b0aEDbg.dag/Unity.ProBuilder.Editor.dll, with 159 defines and 309 references

processors: Unity.Jobs.CodeGen.JobsILPostProcessor, zzzUnity.Burst.CodeGen.BurstILPostProcessor

running Unity.Jobs.CodeGen.JobsILPostProcessor

running zzzUnity.Burst.CodeGen.BurstILPostProcessor
[1283/1644  0s] ILPostProcess Library/Bee/artifacts/1900b0aEDbg.dag/post-processed/BakeryEditorAssembly.dll (+pdb)
Processing assembly Library/Bee/artifacts/1900b0aEDbg.dag/BakeryEditorAssembly.dll, with 159 defines and 305 references

processors: Unity.Jobs.CodeGen.JobsILPostProcessor, zzzUnity.Burst.CodeGen.BurstILPostProcessor

running Unity.Jobs.CodeGen.JobsILPostProcessor

running zzzUnity.Burst.CodeGen.BurstILPostProcessor
[1284/1644  0s] ILPostProcess Library/Bee/artifacts/1900b0aEDbg.dag/post-processed/Unity.VisualScripting.Flow.Editor.dll (+pdb)
Processing assembly Library/Bee/artifacts/1900b0aEDbg.dag/Unity.VisualScripting.Flow.Editor.dll, with 161 defines and 308 references

processors: Unity.Jobs.CodeGen.JobsILPostProcessor, zzzUnity.Burst.CodeGen.BurstILPostProcessor

running Unity.Jobs.CodeGen.JobsILPostProcessor

running zzzUnity.Burst.CodeGen.BurstILPostProcessor
[1285/1644  0s] ILPostProcess Library/Bee/artifacts/1900b0aEDbg.dag/post-processed/EasySave3Editor.dll (+pdb)
Processing assembly Library/Bee/artifacts/1900b0aEDbg.dag/EasySave3Editor.dll, with 159 defines and 305 references

processors: Unity.Jobs.CodeGen.JobsILPostProcessor, zzzUnity.Burst.CodeGen.BurstILPostProcessor

running Unity.Jobs.CodeGen.JobsILPostProcessor

running zzzUnity.Burst.CodeGen.BurstILPostProcessor
[1286/1644  0s] ILPostProcess Library/Bee/artifacts/1900b0aEDbg.dag/post-processed/Unity.Mathematics.Editor.dll (+pdb)
Processing assembly Library/Bee/artifacts/1900b0aEDbg.dag/Unity.Mathematics.Editor.dll, with 159 defines and 305 references

processors: Unity.Jobs.CodeGen.JobsILPostProcessor, zzzUnity.Burst.CodeGen.BurstILPostProcessor

running Unity.Jobs.CodeGen.JobsILPostProcessor

running zzzUnity.Burst.CodeGen.BurstILPostProcessor
[1287/1644  0s] ILPostProcess Library/Bee/artifacts/1900b0aEDbg.dag/post-processed/UnityEditor.UI.Analytics.dll (+pdb)
Processing assembly Library/Bee/artifacts/1900b0aEDbg.dag/UnityEditor.UI.Analytics.dll, with 159 defines and 305 references

processors: Unity.Jobs.CodeGen.JobsILPostProcessor, zzzUnity.Burst.CodeGen.BurstILPostProcessor

running Unity.Jobs.CodeGen.JobsILPostProcessor

running zzzUnity.Burst.CodeGen.BurstILPostProcessor
[1288/1644  0s] ILPostProcess Library/Bee/artifacts/1900b0aEDbg.dag/post-processed/Unity.VisualScripting.Core.Editor.dll (+pdb)
Processing assembly Library/Bee/artifacts/1900b0aEDbg.dag/Unity.VisualScripting.Core.Editor.dll, with 159 defines and 305 references

processors: Unity.Jobs.CodeGen.JobsILPostProcessor, zzzUnity.Burst.CodeGen.BurstILPostProcessor

running Unity.Jobs.CodeGen.JobsILPostProcessor

running zzzUnity.Burst.CodeGen.BurstILPostProcessor
[1289/1644  0s] ILPostProcess Library/Bee/artifacts/1900b0aEDbg.dag/post-processed/Unity.AI.Navigation.Editor.dll (+pdb)
Processing assembly Library/Bee/artifacts/1900b0aEDbg.dag/Unity.AI.Navigation.Editor.dll, with 160 defines and 306 references

processors: Unity.Jobs.CodeGen.JobsILPostProcessor, zzzUnity.Burst.CodeGen.BurstILPostProcessor

running Unity.Jobs.CodeGen.JobsILPostProcessor

running zzzUnity.Burst.CodeGen.BurstILPostProcessor
[1290/1644  0s] ILPostProcess Library/Bee/artifacts/1900b0aEDbg.dag/post-processed/Unity.EditorCoroutines.Editor.dll (+pdb)
Processing assembly Library/Bee/artifacts/1900b0aEDbg.dag/Unity.EditorCoroutines.Editor.dll, with 159 defines and 304 references

processors: Unity.Jobs.CodeGen.JobsILPostProcessor, zzzUnity.Burst.CodeGen.BurstILPostProcessor

running Unity.Jobs.CodeGen.JobsILPostProcessor

running zzzUnity.Burst.CodeGen.BurstILPostProcessor
[1291/1644  0s] ILPostProcess Library/Bee/artifacts/1900b0aEDbg.dag/post-processed/Unity.SharpZipLib.Editor.dll (+pdb)
Processing assembly Library/Bee/artifacts/1900b0aEDbg.dag/Unity.SharpZipLib.Editor.dll, with 159 defines and 304 references

processors: Unity.Jobs.CodeGen.JobsILPostProcessor, zzzUnity.Burst.CodeGen.BurstILPostProcessor

running Unity.Jobs.CodeGen.JobsILPostProcessor

running zzzUnity.Burst.CodeGen.BurstILPostProcessor
[1292/1644  0s] ILPostProcess Library/Bee/artifacts/1900b0aEDbg.dag/post-processed/Unity.Timeline.Editor.dll (+pdb)
Processing assembly Library/Bee/artifacts/1900b0aEDbg.dag/Unity.Timeline.Editor.dll, with 160 defines and 305 references

processors: Unity.Jobs.CodeGen.JobsILPostProcessor, zzzUnity.Burst.CodeGen.BurstILPostProcessor

running Unity.Jobs.CodeGen.JobsILPostProcessor

running zzzUnity.Burst.CodeGen.BurstILPostProcessor
[1293/1644  0s] ILPostProcess Library/Bee/artifacts/1900b0aEDbg.dag/post-processed/MoreMountains.Feedbacks.Editor.dll (+pdb)
Processing assembly Library/Bee/artifacts/1900b0aEDbg.dag/MoreMountains.Feedbacks.Editor.dll, with 159 defines and 305 references

processors: Unity.Jobs.CodeGen.JobsILPostProcessor, zzzUnity.Burst.CodeGen.BurstILPostProcessor

running Unity.Jobs.CodeGen.JobsILPostProcessor

running zzzUnity.Burst.CodeGen.BurstILPostProcessor
[1294/1644  0s] ILPostProcess Library/Bee/artifacts/1900b0aEDbg.dag/post-processed/MapMagic.Editor.dll (+pdb)
Processing assembly Library/Bee/artifacts/1900b0aEDbg.dag/MapMagic.Editor.dll, with 159 defines and 307 references

processors: Unity.Jobs.CodeGen.JobsILPostProcessor, zzzUnity.Burst.CodeGen.BurstILPostProcessor

running Unity.Jobs.CodeGen.JobsILPostProcessor

running zzzUnity.Burst.CodeGen.BurstILPostProcessor
[1295/1644  0s] ILPostProcess Library/Bee/artifacts/1900b0aEDbg.dag/post-processed/GPUInstancer.Editor.dll (+pdb)
Processing assembly Library/Bee/artifacts/1900b0aEDbg.dag/GPUInstancer.Editor.dll, with 161 defines and 307 references

processors: Unity.Jobs.CodeGen.JobsILPostProcessor, zzzUnity.Burst.CodeGen.BurstILPostProcessor

running Unity.Jobs.CodeGen.JobsILPostProcessor

running zzzUnity.Burst.CodeGen.BurstILPostProcessor
[1296/1644  0s] ILPostProcess Library/Bee/artifacts/1900b0aEDbg.dag/post-processed/Unity.PlasticSCM.Editor.dll (+pdb)
Processing assembly Library/Bee/artifacts/1900b0aEDbg.dag/Unity.PlasticSCM.Editor.dll, with 159 defines and 270 references

processors: Unity.Jobs.CodeGen.JobsILPostProcessor, zzzUnity.Burst.CodeGen.BurstILPostProcessor

running Unity.Jobs.CodeGen.JobsILPostProcessor

running zzzUnity.Burst.CodeGen.BurstILPostProcessor
[1297/1644  0s] CopyFiles Library/ScriptAssemblies/Unity.Collections.dll
[1298/1644  0s] CopyFiles Library/ScriptAssemblies/RealtimeCSG.dll
[1299/1644  0s] CopyFiles Library/ScriptAssemblies/Unity.InputSystem.ForUI.dll
[1300/1644  0s] CopyFiles Library/ScriptAssemblies/VolumetricLightBeam.dll
[1301/1644  0s] CopyFiles Library/ScriptAssemblies/Unity.MemoryProfiler.dll
[1302/1644  0s] CopyFiles Library/ScriptAssemblies/Unity.PathTracing.Runtime.dll
[1303/1644  0s] CopyFiles Library/ScriptAssemblies/Unity.InternalAPIEngineBridge.004.dll
[1304/1644  0s] ILPostProcess Library/Bee/artifacts/1900b0aEDbg.dag/post-processed/Crest.Helpers.Editor.dll (+pdb)
Processing assembly Library/Bee/artifacts/1900b0aEDbg.dag/Crest.Helpers.Editor.dll, with 160 defines and 306 references

processors: Unity.Jobs.CodeGen.JobsILPostProcessor, zzzUnity.Burst.CodeGen.BurstILPostProcessor

running Unity.Jobs.CodeGen.JobsILPostProcessor

running zzzUnity.Burst.CodeGen.BurstILPostProcessor
[1305/1644  0s] CopyFiles Library/ScriptAssemblies/AmplifyImpostors.Runtime.dll
[1306/1644  0s] CopyFiles Library/ScriptAssemblies/Unity.Mathematics.dll
[1307/1644  0s] CopyFiles Library/ScriptAssemblies/Unity.InputSystem.dll
[1308/1644  0s] CopyFiles Library/ScriptAssemblies/Hecton8.Input.dll
[1309/1644  0s] CopyFiles Library/ScriptAssemblies/MoreMountains.Feedbacks.HDRP.dll
[1310/1644  0s] CopyFiles Library/ScriptAssemblies/Unity.Timeline.dll
[1311/1644  0s] CopyFiles Library/ScriptAssemblies/Unity.RenderPipelines.Universal.Config.Runtime.dll
[1312/1644  0s] ILPostProcess Library/Bee/artifacts/1900b0aEDbg.dag/post-processed/MCPForUnity.Editor.dll (+pdb)
Processing assembly Library/Bee/artifacts/1900b0aEDbg.dag/MCPForUnity.Editor.dll, with 159 defines and 305 references

processors: Unity.Jobs.CodeGen.JobsILPostProcessor, zzzUnity.Burst.CodeGen.BurstILPostProcessor

running Unity.Jobs.CodeGen.JobsILPostProcessor

running zzzUnity.Burst.CodeGen.BurstILPostProcessor
[1313/1644  0s] CopyFiles Library/ScriptAssemblies/Crest.dll
[1314/1644  0s] CopyFiles Library/ScriptAssemblies/EasySave3.dll
[1315/1644  0s] CopyFiles Library/ScriptAssemblies/MoreMountains.Feedbacks.dll
[1316/1644  0s] CopyFiles Library/ScriptAssemblies/Unity.RenderPipelines.Universal.2D.Runtime.dll
[1317/1644  0s] CopyFiles Library/ScriptAssemblies/ShapesRuntime.dll
[1318/1644  0s] CopyFiles Library/ScriptAssemblies/WaveHarmonic.Crest.Shared.dll
[1319/1644  0s] CopyFiles Library/ScriptAssemblies/Unity.RenderPipelines.ShaderGraph.ShaderGraphLibrary.dll
[1320/1644  0s] CopyFiles Library/ScriptAssemblies/AstarPathfindingProject.dll
[1321/1644  0s] CopyFiles Library/ScriptAssemblies/MCPForUnity.Runtime.dll
[1322/1644  0s] CopyFiles Library/ScriptAssemblies/MoreMountains.Feedbacks.NiceVibrations.dll
[1323/1644  0s] CopyFiles Library/ScriptAssemblies/Unity.AI.Navigation.dll
[1324/1644  0s] CopyFiles Library/ScriptAssemblies/UnityEngine.UI.dll
[1325/1644  0s] CopyFiles Library/ScriptAssemblies/Unity.ProBuilder.dll
[1326/1644  0s] CopyFiles Library/ScriptAssemblies/Unity.ProBuilder.Stl.dll
[1327/1644  0s] CopyFiles Library/ScriptAssemblies/Lofelt.NiceVibrations.dll
[1328/1644  0s] CopyFiles Library/ScriptAssemblies/Unity.ProBuilder.Csg.dll
[1329/1644  0s] CopyFiles Library/ScriptAssemblies/Unity.RenderPipeline.Universal.ShaderLibrary.dll
[1330/1644  0s] CopyFiles Library/ScriptAssemblies/Unity.Profiling.Core.dll
[1331/1644  0s] CopyFiles Library/ScriptAssemblies/MoreMountains.Feedbacks.Cinemachine.dll
[1332/1644  0s] CopyFiles Library/ScriptAssemblies/MapMagic.dll
[1333/1644  0s] CopyFiles Library/ScriptAssemblies/MeshBakerCore.dll
[1334/1644  0s] CopyFiles Library/ScriptAssemblies/MapMagic.MicroSplat.dll
[1335/1644  0s] CopyFiles Library/ScriptAssemblies/Unity.TextMeshPro.dll
[1336/1644  0s] CopyFiles Library/ScriptAssemblies/Unity.VisualScripting.Core.dll
[1337/1644  0s] CopyFiles Library/ScriptAssemblies/BakeryRuntimeAssembly.dll
[1338/1644  0s] CopyFiles Library/ScriptAssemblies/MoreMountains.Feedbacks.MMTools.dll
[1339/1644  0s] CopyFiles Library/ScriptAssemblies/Unity.SharpZipLib.Utils.dll
[1341/1644  0s] CopyFiles Library/ScriptAssemblies/TechniePhysicsCreator.dll
[1342/1644  0s] CopyFiles Library/ScriptAssemblies/GPUInstancer.dll
[1343/1644  0s] CopyFiles Library/ScriptAssemblies/MoreMountains.Feedbacks.URP.dll
[1344/1644  0s] CopyFiles Library/ScriptAssemblies/Unity.RenderPipelines.GPUDriven.Runtime.dll
[1345/1644  0s] CopyFiles Library/ScriptAssemblies/Hecton8.World.Contracts.dll
[1346/1644  0s] CopyFiles Library/ScriptAssemblies/Hecton8.Bootstrap.Contracts.dll
[1347/1644  0s] CopyFiles Library/ScriptAssemblies/MoreMountains.Feedbacks.Authorizations.dll
[1348/1644  0s] CopyFiles Library/ScriptAssemblies/Hecton8.Input.Generated.dll
[1349/1644  0s] CopyFiles Library/ScriptAssemblies/Unity.RenderPipelines.Universal.Shaders.dll
[1350/1644  0s] CopyFiles Library/ScriptAssemblies/MoreMountains.Feedbacks.TextMeshPro.dll
[1351/1644  0s] CopyFiles Library/ScriptAssemblies/Unity.RenderPipelines.Universal.Runtime.dll
[1352/1644  0s] CopyFiles Library/ScriptAssemblies/Tayx.Graphy.dll
[1353/1644  0s] CopyFiles Library/ScriptAssemblies/Unity.VisualScripting.Flow.dll
[1354/1644  0s] CopyFiles Library/ScriptAssemblies/Unity.RenderPipelines.Core.Runtime.dll
[1356/1644  0s] CopyFiles Library/ScriptAssemblies/Unity.ProBuilder.KdTree.dll
[1357/1644  0s] CopyFiles Library/ScriptAssemblies/Unity.ProBuilder.Poly2Tri.dll
[1358/1644  0s] CopyFiles Library/ScriptAssemblies/Unity.VisualScripting.State.dll
[1359/1644  0s] CopyFiles Library/ScriptAssemblies/MoreMountains.Feedbacks.PostProcessing.dll
[1360/1644  0s] CopyFiles Library/ScriptAssemblies/Unity.SurfaceCache.Runtime.dll
[1361/1644  0s] CopyFiles Library/ScriptAssemblies/Unity.RenderPipelines.Core.ShaderLibrary.dll
[1362/1644  0s] CopyFiles Library/ScriptAssemblies/Den.Tools.dll
[1363/1644  0s] CopyFiles Library/ScriptAssemblies/Unity.UnifiedRayTracing.Runtime.dll
[1364/1644  0s] CopyFiles Library/ScriptAssemblies/Unity.InternalAPIEngineBridge.RenderPipelines.Core.Runtime.Shared.dll
[1365/1644  0s] CopyFiles Library/ScriptAssemblies/Lofelt.NiceVibrations.Demo.dll
[1366/1644  0s] CopyFiles Library/ScriptAssemblies/MoreMountains.Tools.dll
[1367/1644  0s] CopyFiles Library/ScriptAssemblies/Unity.RenderPipelines.Core.Runtime.Shared.dll
[1368/1644  0s] CopyFiles Library/ScriptAssemblies/Crest.Helpers.Editor.pdb
[1369/1644  0s] CopyFiles Library/ScriptAssemblies/Unity.PlasticSCM.Editor.dll
[1370/1644  0s] CopyFiles Library/ScriptAssemblies/MCPForUnity.Editor.pdb
[1371/1644  0s] CopyFiles Library/ScriptAssemblies/MapMagic.Editor.dll
[1372/1644  0s] CopyFiles Library/ScriptAssemblies/MapMagic.Editor.pdb
[1373/1644  0s] CopyFiles Library/ScriptAssemblies/Crest.Helpers.Editor.dll
[1374/1644  0s] CopyFiles Library/ScriptAssemblies/GPUInstancer.Editor.dll
[1375/1644  0s] CopyFiles Library/ScriptAssemblies/Unity.PlasticSCM.Editor.pdb
[1376/1644  0s] CopyFiles Library/ScriptAssemblies/MCPForUnity.Editor.dll
[1377/1644  0s] CopyFiles Library/ScriptAssemblies/MoreMountains.Feedbacks.Editor.pdb
[1378/1644  0s] CopyFiles Library/ScriptAssemblies/GPUInstancer.Editor.pdb
[1379/1644  0s] CopyFiles Library/ScriptAssemblies/MoreMountains.Feedbacks.Editor.dll
[1380/1644  0s] CopyFiles Library/ScriptAssemblies/Unity.SharpZipLib.Editor.pdb
[1381/1644  0s] CopyFiles Library/ScriptAssemblies/Unity.Timeline.Editor.dll
[1382/1644  0s] CopyFiles Library/ScriptAssemblies/Unity.Timeline.Editor.pdb
[1383/1644  0s] CopyFiles Library/ScriptAssemblies/Unity.SharpZipLib.Editor.dll
[1384/1644  0s] CopyFiles Library/ScriptAssemblies/Unity.EditorCoroutines.Editor.dll
[1385/1644  0s] CopyFiles Library/ScriptAssemblies/Unity.EditorCoroutines.Editor.pdb
[1386/1644  0s] CopyFiles Library/ScriptAssemblies/Unity.AI.Navigation.Editor.dll
[1387/1644  0s] CopyFiles Library/ScriptAssemblies/Unity.AI.Navigation.Editor.pdb
[1388/1644  0s] CopyFiles Library/ScriptAssemblies/UnityEditor.UI.Analytics.dll
[1389/1644  0s] CopyFiles Library/ScriptAssemblies/UnityEditor.UI.Analytics.pdb
[1390/1644  0s] CopyFiles Library/ScriptAssemblies/Unity.Mathematics.Editor.pdb
[1391/1644  0s] CopyFiles Library/ScriptAssemblies/Unity.Mathematics.Editor.dll
[1392/1644  0s] CopyFiles Library/ScriptAssemblies/Unity.VisualScripting.Core.Editor.pdb
[1393/1644  0s] CopyFiles Library/ScriptAssemblies/EasySave3Editor.pdb
[1394/1644  0s] CopyFiles Library/ScriptAssemblies/Unity.VisualScripting.Flow.Editor.pdb
[1395/1644  0s] CopyFiles Library/ScriptAssemblies/Unity.VisualScripting.Core.Editor.dll
[1396/1644  0s] CopyFiles Library/ScriptAssemblies/Unity.VisualScripting.Flow.Editor.dll
[1397/1644  0s] CopyFiles Library/ScriptAssemblies/EasySave3Editor.dll
[1398/1644  0s] CopyFiles Library/ScriptAssemblies/BakeryEditorAssembly.pdb
[1399/1644  0s] CopyFiles Library/ScriptAssemblies/Unity.ProBuilder.Editor.dll
[1400/1644  0s] CopyFiles Library/ScriptAssemblies/Unity.AI.Navigation.Updater.dll
[1401/1644  0s] CopyFiles Library/ScriptAssemblies/Unity.ProBuilder.Editor.pdb
[1402/1644  0s] CopyFiles Library/ScriptAssemblies/Unity.AI.Navigation.Updater.pdb
[1403/1644  0s] CopyFiles Library/ScriptAssemblies/BakeryEditorAssembly.dll
[1404/1644  0s] CopyFiles Library/ScriptAssemblies/VolumetricLightBeam.Editor.pdb
[1405/1644  0s] CopyFiles Library/ScriptAssemblies/VolumetricLightBeam.Editor.dll
[1406/1644  0s] CopyFiles Library/ScriptAssemblies/Unity.Searcher.Editor.pdb
[1407/1644  0s] CopyFiles Library/ScriptAssemblies/Lofelt.NiceVibrations.Editor.pdb
[1408/1644  0s] CopyFiles Library/ScriptAssemblies/Unity.Searcher.Editor.dll
[1409/1644  0s] CopyFiles Library/ScriptAssemblies/Lofelt.NiceVibrations.Editor.dll
[1410/1644  0s] CopyFiles Library/ScriptAssemblies/Unity.Rendering.LightTransport.Editor.pdb
[1411/1644  0s] CopyFiles Library/ScriptAssemblies/Unity.VisualScripting.Shared.Editor.pdb
[1412/1644  0s] CopyFiles Library/ScriptAssemblies/Unity.Burst.Editor.dll
[1413/1644  0s] CopyFiles Library/ScriptAssemblies/Unity.VisualScripting.Shared.Editor.dll
[1414/1644  0s] CopyFiles Library/ScriptAssemblies/Unity.Burst.Editor.pdb
[1415/1644  0s] CopyFiles Library/ScriptAssemblies/WaveHarmonic.Crest.Editor.Dependents.dll
[1416/1644  0s] CopyFiles Library/ScriptAssemblies/Unity.Rendering.LightTransport.Editor.dll
[1417/1644  0s] CopyFiles Library/ScriptAssemblies/WaveHarmonic.Crest.Editor.Dependents.pdb
[1418/1644  0s] CopyFiles Library/ScriptAssemblies/Unity.AI.Navigation.Editor.ConversionSystem.pdb
[1419/1644  0s] CopyFiles Library/ScriptAssemblies/Unity.AI.Navigation.Editor.ConversionSystem.dll
[1420/1644  0s] CopyFiles Library/ScriptAssemblies/JBooth.MicroSplat.Core.Editor.pdb
[1421/1644  0s] CopyFiles Library/ScriptAssemblies/JBooth.MicroSplat.Core.Editor.dll
[1422/1644  0s] CopyFiles Library/ScriptAssemblies/AmplifyImpostors.Editor.pdb
[1423/1644  0s] CopyFiles Library/ScriptAssemblies/AmplifyImpostors.Editor.dll
[1424/1644  0s] CopyFiles Library/ScriptAssemblies/Unity.ProBuilder.AddOns.Editor.pdb
[1425/1644  0s] CopyFiles Library/ScriptAssemblies/Unity.ProBuilder.AddOns.Editor.dll
[1426/1644  0s] CopyFiles Library/ScriptAssemblies/Unity.VisualScripting.SettingsProvider.Editor.pdb
[1427/1644  0s] CopyFiles Library/ScriptAssemblies/Unity.VisualScripting.SettingsProvider.Editor.dll
[1428/1644  0s] CopyFiles Library/ScriptAssemblies/Unity.ProBuilder.AssetIdRemapUtility.pdb
[1429/1644  0s] CopyFiles Library/ScriptAssemblies/Unity.ProBuilder.AssetIdRemapUtility.dll
[1430/1644  0s] CopyFiles Library/ScriptAssemblies/Unity.CollabProxy.Editor.pdb
[1431/1644  0s] CopyFiles Library/ScriptAssemblies/Unity.CollabProxy.Editor.dll
[1432/1644  0s] CopyFiles Library/ScriptAssemblies/Den.Tools.Editor.dll
[1433/1644  0s] CopyFiles Library/ScriptAssemblies/Den.Tools.Editor.pdb
[1434/1644  0s] CopyFiles Library/ScriptAssemblies/Unity.ShaderGraph.Utilities.dll
[1435/1644  0s] CopyFiles Library/ScriptAssemblies/Unity.ShaderGraph.Utilities.pdb
[1436/1644  0s] CopyFiles Library/ScriptAssemblies/Unity.VisualScripting.State.Editor.dll
[1437/1644  0s] CopyFiles Library/ScriptAssemblies/UnityEditor.UI.dll
[1438/1644  0s] CopyFiles Library/ScriptAssemblies/Unity.VisualScripting.State.Editor.pdb
[1439/1644  0s] CopyFiles Library/ScriptAssemblies/Unity.Settings.Editor.pdb
[1440/1644  0s] CopyFiles Library/ScriptAssemblies/Unity.Settings.Editor.dll
[1441/1644  0s] CopyFiles Library/ScriptAssemblies/UnityEditor.UI.pdb
[1442/1644  0s] CopyFiles Library/ScriptAssemblies/MapMagic.MicroSplat.Editor.pdb
[1443/1644  0s] CopyFiles Library/ScriptAssemblies/MapMagic.MicroSplat.Editor.dll
[1444/1644  0s] CopyFiles Library/ScriptAssemblies/Unity.TextMeshPro.Editor.pdb
[1445/1644  0s] CopyFiles Library/ScriptAssemblies/Unity.TextMeshPro.Editor.dll
[1446/1644  0s] CopyFiles Library/ScriptAssemblies/Tayx.Graphy.Editor.dll
[1447/1644  0s] CopyFiles Library/ScriptAssemblies/Tayx.Graphy.Editor.pdb
[1448/1644  0s] CopyFiles Library/ScriptAssemblies/Sirenix.OdinInspector.Modules.UnityMathematics.pdb
[1449/1644  0s] CopyFiles Library/ScriptAssemblies/Unity.PlasticSCM.Editor.Entities.dll
[1450/1644  0s] CopyFiles Library/ScriptAssemblies/Sirenix.OdinInspector.Modules.UnityMathematics.dll
[1451/1644  0s] CopyFiles Library/ScriptAssemblies/Unity.PlasticSCM.Editor.Entities.pdb
[1452/1644  0s] CopyFiles Library/ScriptAssemblies/Unity.InternalAPIEditorBridge.ShaderGraph.Editor.pdb
[1453/1644  0s] CopyFiles Library/ScriptAssemblies/Unity.InternalAPIEditorBridge.ShaderGraph.Editor.dll
[1454/1644  0s] CopyFiles Library/ScriptAssemblies/MapMagic.Settings.dll
[1455/1644  0s] CopyFiles Library/ScriptAssemblies/MapMagic.Settings.pdb
[1456/1644  0s] CopyFiles Library/ScriptAssemblies/Technie.PhysicsCreator.Updater.pdb
[1457/1644  0s] CopyFiles Library/ScriptAssemblies/Technie.PhysicsCreator.Updater.dll
[1458/1644  0s] CopyFiles Library/ScriptAssemblies/MeshBakerEditor.dll
[1459/1644  0s] CopyFiles Library/ScriptAssemblies/MeshBakerEditor.pdb
[1460/1644  0s] CopyFiles Library/ScriptAssemblies/Unity.2D.Sprite.Editor.pdb
[1461/1644  0s] CopyFiles Library/ScriptAssemblies/Unity.2D.Sprite.Editor.dll
[1462/1644  0s] CopyFiles Library/ScriptAssemblies/Unity.PathTracing.Editor.pdb
[1463/1644  0s] CopyFiles Library/ScriptAssemblies/Unity.PathTracing.Editor.dll
[1464/1644  0s] CopyFiles Library/ScriptAssemblies/Unity.InternalAPIEngineBridge.RenderPipelines.Core.Runtime.Shared.pdb
[1465/1644  0s] CopyFiles Library/ScriptAssemblies/MCPForUnity.Runtime.pdb
[1466/1644  0s] CopyFiles Library/ScriptAssemblies/Hecton8.Input.Generated.pdb
[1467/1644  0s] CopyFiles Library/ScriptAssemblies/Unity.SharpZipLib.Utils.pdb
[1468/1644  0s] CopyFiles Library/ScriptAssemblies/MoreMountains.Feedbacks.Authorizations.pdb
[1469/1644  0s] CopyFiles Library/ScriptAssemblies/MoreMountains.Tools.pdb
[1470/1644  0s] CopyFiles Library/ScriptAssemblies/Unity.Collections.pdb
[1471/1644  0s] CopyFiles Library/ScriptAssemblies/Hecton8.Input.pdb
[1473/1644  0s] CopyFiles Library/ScriptAssemblies/Unity.RenderPipelines.Universal.2D.Runtime.pdb
[1474/1644  0s] CopyFiles Library/ScriptAssemblies/Unity.VisualScripting.State.pdb
[1475/1644  0s] CopyFiles Library/ScriptAssemblies/Unity.ProBuilder.Poly2Tri.pdb
[1476/1644  0s] CopyFiles Library/ScriptAssemblies/EasySave3.pdb
[1477/1644  0s] CopyFiles Library/ScriptAssemblies/MapMagic.pdb
[1478/1644  0s] CopyFiles Library/ScriptAssemblies/Unity.TextMeshPro.pdb
[1479/1644  0s] CopyFiles Library/ScriptAssemblies/GPUInstancer.pdb
[1480/1644  0s] CopyFiles Library/ScriptAssemblies/MoreMountains.Feedbacks.MMTools.pdb
[1481/1644  0s] CopyFiles Library/ScriptAssemblies/Tayx.Graphy.pdb
[1482/1644  0s] CopyFiles Library/ScriptAssemblies/Unity.RenderPipelines.Universal.Shaders.pdb
[1483/1644  0s] CopyFiles Library/ScriptAssemblies/Unity.SurfaceCache.Runtime.pdb
[1484/1644  0s] CopyFiles Library/ScriptAssemblies/AstarPathfindingProject.pdb
[1485/1644  0s] CopyFiles Library/ScriptAssemblies/Unity.RenderPipelines.GPUDriven.Runtime.pdb
[1486/1644  0s] CopyFiles Library/ScriptAssemblies/RealtimeCSG.pdb
[1487/1644  0s] CopyFiles Library/ScriptAssemblies/Unity.Profiling.Core.pdb
[1488/1644  0s] CopyFiles Library/ScriptAssemblies/MoreMountains.Feedbacks.TextMeshPro.pdb
[1489/1644  0s] CopyFiles Library/ScriptAssemblies/Unity.VisualScripting.Core.pdb
[1490/1644  0s] CopyFiles Library/ScriptAssemblies/Unity.RenderPipelines.Core.ShaderLibrary.pdb
[1491/1644  0s] CopyFiles Library/ScriptAssemblies/Unity.ProBuilder.Stl.pdb
[1492/1644  0s] CopyFiles Library/ScriptAssemblies/UnityEngine.UI.pdb
[1493/1644  0s] CopyFiles Library/ScriptAssemblies/Unity.ProBuilder.Csg.pdb
[1494/1644  0s] CopyFiles Library/ScriptAssemblies/Unity.InternalAPIEngineBridge.004.pdb
[1495/1644  0s] CopyFiles Library/ScriptAssemblies/Unity.PathTracing.Runtime.pdb
[1496/1644  0s] CopyFiles Library/ScriptAssemblies/Unity.RenderPipelines.Core.Runtime.pdb
[1497/1644  0s] CopyFiles Library/ScriptAssemblies/TechniePhysicsCreator.pdb
[1498/1644  0s] CopyFiles Library/ScriptAssemblies/Unity.InputSystem.ForUI.pdb
[1499/1644  0s] CopyFiles Library/ScriptAssemblies/Unity.InputSystem.pdb
[1500/1644  0s] CopyFiles Library/ScriptAssemblies/Unity.RenderPipelines.ShaderGraph.ShaderGraphLibrary.pdb
[1501/1644  0s] CopyFiles Library/ScriptAssemblies/Lofelt.NiceVibrations.Demo.pdb
[1502/1644  0s] CopyFiles Library/ScriptAssemblies/Unity.Mathematics.pdb
[1503/1644  0s] CopyFiles Library/ScriptAssemblies/Unity.RenderPipeline.Universal.ShaderLibrary.pdb
[1504/1644  0s] CopyFiles Library/ScriptAssemblies/MeshBakerCore.pdb
[1505/1644  0s] CopyFiles Library/ScriptAssemblies/Unity.MemoryProfiler.pdb
[1506/1644  0s] CopyFiles Library/ScriptAssemblies/ShapesRuntime.pdb
[1507/1644  0s] CopyFiles Library/ScriptAssemblies/MoreMountains.Feedbacks.pdb
[1508/1644  0s] CopyFiles Library/ScriptAssemblies/Crest.pdb
[1509/1644  0s] CopyFiles Library/ScriptAssemblies/WaveHarmonic.Crest.Shared.pdb
[1510/1644  0s] CopyFiles Library/ScriptAssemblies/Den.Tools.pdb
[1511/1644  0s] CopyFiles Library/ScriptAssemblies/VolumetricLightBeam.pdb
[1513/1644  0s] CopyFiles Library/ScriptAssemblies/MoreMountains.Feedbacks.HDRP.pdb
[1514/1644  0s] CopyFiles Library/ScriptAssemblies/MoreMountains.Feedbacks.PostProcessing.pdb
[1515/1644  0s] CopyFiles Library/ScriptAssemblies/MoreMountains.Feedbacks.Cinemachine.pdb
[1516/1644  0s] CopyFiles Library/ScriptAssemblies/Unity.UnifiedRayTracing.Runtime.pdb
[1517/1644  0s] CopyFiles Library/ScriptAssemblies/MoreMountains.Feedbacks.URP.pdb
[1518/1644  0s] CopyFiles Library/ScriptAssemblies/MoreMountains.Feedbacks.NiceVibrations.pdb
[1519/1644  0s] CopyFiles Library/ScriptAssemblies/MapMagic.MicroSplat.pdb
[1520/1644  0s] CopyFiles Library/ScriptAssemblies/Unity.RenderPipelines.Core.Runtime.Shared.pdb
[1521/1644  0s] CopyFiles Library/ScriptAssemblies/Unity.ProBuilder.pdb
[1522/1644  0s] CopyFiles Library/ScriptAssemblies/Unity.AI.Navigation.pdb
[1523/1644  0s] CopyFiles Library/ScriptAssemblies/Unity.RenderPipelines.Universal.Runtime.pdb
[1524/1644  0s] CopyFiles Library/ScriptAssemblies/Unity.VisualScripting.Flow.pdb
[1525/1644  0s] CopyFiles Library/ScriptAssemblies/Hecton8.World.Contracts.pdb
[1526/1644  0s] CopyFiles Library/ScriptAssemblies/Unity.ProBuilder.KdTree.pdb
[1527/1644  0s] CopyFiles Library/ScriptAssemblies/Hecton8.Bootstrap.Contracts.pdb
[1528/1644  0s] CopyFiles Library/ScriptAssemblies/Unity.RenderPipelines.Universal.Config.Runtime.pdb
[1529/1644  0s] CopyFiles Library/ScriptAssemblies/AmplifyImpostors.Runtime.pdb
[1530/1644  0s] CopyFiles Library/ScriptAssemblies/BakeryRuntimeAssembly.pdb
[1531/1644  0s] CopyFiles Library/ScriptAssemblies/Unity.Timeline.pdb
[1532/1644  0s] CopyFiles Library/ScriptAssemblies/Lofelt.NiceVibrations.pdb
[1533/1644  0s] CopyFiles Library/ScriptAssemblies/Unity.Collections.CodeGen.pdb
[1534/1644  0s] CopyFiles Library/ScriptAssemblies/Unity.Collections.CodeGen.dll
[1535/1644  0s] CopyFiles Library/ScriptAssemblies/Unity.Burst.CodeGen.dll
[1536/1644  0s] CopyFiles Library/ScriptAssemblies/Unity.Burst.CodeGen.pdb
[1537/1644  0s] ILPostProcess Library/Bee/artifacts/1900b0aEDbg.dag/post-processed/PackageToolsEditor.dll (+pdb)
Processing assembly Library/Bee/artifacts/1900b0aEDbg.dag/PackageToolsEditor.dll, with 159 defines and 305 references

processors: Unity.Jobs.CodeGen.JobsILPostProcessor, zzzUnity.Burst.CodeGen.BurstILPostProcessor

running Unity.Jobs.CodeGen.JobsILPostProcessor

running zzzUnity.Burst.CodeGen.BurstILPostProcessor
[1538/1644  0s] ILPostProcess Library/Bee/artifacts/1900b0aEDbg.dag/post-processed/AstarPathfindingProjectEditor.dll (+pdb)
Processing assembly Library/Bee/artifacts/1900b0aEDbg.dag/AstarPathfindingProjectEditor.dll, with 159 defines and 306 references

processors: Unity.Jobs.CodeGen.JobsILPostProcessor, zzzUnity.Burst.CodeGen.BurstILPostProcessor

running Unity.Jobs.CodeGen.JobsILPostProcessor

running zzzUnity.Burst.CodeGen.BurstILPostProcessor
[1539/1644  0s] ILPostProcess Library/Bee/artifacts/1900b0aEDbg.dag/post-processed/MoreMountains.Tools.Editor.dll (+pdb)
Processing assembly Library/Bee/artifacts/1900b0aEDbg.dag/MoreMountains.Tools.Editor.dll, with 159 defines and 305 references

processors: Unity.Jobs.CodeGen.JobsILPostProcessor, zzzUnity.Burst.CodeGen.BurstILPostProcessor

running Unity.Jobs.CodeGen.JobsILPostProcessor

running zzzUnity.Burst.CodeGen.BurstILPostProcessor
[1540/1644  0s] ILPostProcess Library/Bee/artifacts/1900b0aEDbg.dag/post-processed/Unity.Collections.Editor.dll (+pdb)
Processing assembly Library/Bee/artifacts/1900b0aEDbg.dag/Unity.Collections.Editor.dll, with 160 defines and 305 references

processors: Unity.Jobs.CodeGen.JobsILPostProcessor, zzzUnity.Burst.CodeGen.BurstILPostProcessor

running Unity.Jobs.CodeGen.JobsILPostProcessor

running zzzUnity.Burst.CodeGen.BurstILPostProcessor
[1541/1644  0s] CopyFiles Library/ScriptAssemblies/PackageToolsEditor.dll
[1542/1644  0s] CopyFiles Library/ScriptAssemblies/PackageToolsEditor.pdb
[1543/1644  0s] CopyFiles Library/ScriptAssemblies/MoreMountains.Tools.Editor.pdb
[1544/1644  0s] CopyFiles Library/ScriptAssemblies/MoreMountains.Tools.Editor.dll
[1545/1644  0s] CopyFiles Library/ScriptAssemblies/AstarPathfindingProjectEditor.pdb
[1546/1644  0s] CopyFiles Library/ScriptAssemblies/AstarPathfindingProjectEditor.dll
[1547/1644  0s] CopyFiles Library/ScriptAssemblies/Unity.Collections.Editor.pdb
[1548/1644  0s] CopyFiles Library/ScriptAssemblies/Unity.Collections.Editor.dll
[1549/1644 10s] Csc Library/Bee/artifacts/1900b0aEDbg.dag/Unity.MemoryProfiler.Editor.dll (+2 others)
##### CommandLine
"C:\Program Files\Unity\Hub\Editor\6000.4.1f1\Editor\Data\NetCoreRuntime\dotnet.exe" exec "C:/Program Files/Unity/Hub/Editor/6000.4.1f1/Editor/Data/DotNetSdkRoslyn/csc.dll" /nostdlib /noconfig /shared "@Library/Bee/artifacts/1900b0aEDbg.dag/Unity.MemoryProfiler.Editor.rsp" "@Library/Bee/artifacts/1900b0aEDbg.dag/Unity.MemoryProfiler.Editor.rsp2"
##### Contents of Library\Bee\artifacts\1900b0aEDbg.dag\Unity.MemoryProfiler.Editor.rsp
-target:library
-out:"Library/Bee/artifacts/1900b0aEDbg.dag/Unity.MemoryProfiler.Editor.dll"
-refout:"Library/Bee/artifacts/1900b0aEDbg.dag/Unity.MemoryProfiler.Editor.ref.dll"
-define:UNITY_6000_4_1
-define:UNITY_6000_4
-define:UNITY_6000
-define:UNITY_5_3_OR_NEWER
-define:UNITY_5_4_OR_NEWER
-define:UNITY_5_5_OR_NEWER
-define:UNITY_5_6_OR_NEWER
-define:UNITY_2017_1_OR_NEWER
-define:UNITY_2017_2_OR_NEWER
-define:UNITY_2017_3_OR_NEWER
-define:UNITY_2017_4_OR_NEWER
-define:UNITY_2018_1_OR_NEWER
-define:UNITY_2018_2_OR_NEWER
-define:UNITY_2018_3_OR_NEWER
-define:UNITY_2018_4_OR_NEWER
-define:UNITY_2019_1_OR_NEWER
-define:UNITY_2019_2_OR_NEWER
-define:UNITY_2019_3_OR_NEWER
-define:UNITY_2019_4_OR_NEWER
-define:UNITY_2020_1_OR_NEWER
-define:UNITY_2020_2_OR_NEWER
-define:UNITY_2020_3_OR_NEWER
-define:UNITY_2021_1_OR_NEWER
-define:UNITY_2021_2_OR_NEWER
-define:UNITY_2021_3_OR_NEWER
-define:UNITY_2022_1_OR_NEWER
-define:UNITY_2022_2_OR_NEWER
-define:UNITY_2022_3_OR_NEWER
-define:UNITY_2023_1_OR_NEWER
-define:UNITY_2023_2_OR_NEWER
-define:UNITY_2023_3_OR_NEWER
-define:UNITY_6000_0_OR_NEWER
-define:UNITY_6000_1_OR_NEWER
-define:UNITY_6000_2_OR_NEWER
-define:UNITY_6000_3_OR_NEWER
-define:UNITY_6000_4_OR_NEWER
-define:PLATFORM_ARCH_64
-define:UNITY_64
-define:UNITY_INCLUDE_TESTS
-define:ENABLE_AR
-define:ENABLE_AUDIO
-define:ENABLE_AUDIO_SCRIPTABLE_PIPELINE
-define:ENABLE_CACHING
-define:ENABLE_CLOTH
-define:ENABLE_EVENT_QUEUE
-define:ENABLE_MICROPHONE
-define:ENABLE_MULTIPLE_DISPLAYS
-define:ENABLE_PHYSICS
-define:ENABLE_TEXTURE_STREAMING
-define:ENABLE_VIRTUALTEXTURING
-define:ENABLE_LZMA
-define:ENABLE_UNITYEVENTS
-define:ENABLE_VR
-define:ENABLE_WEBCAM
-define:ENABLE_UNITYWEBREQUEST
-define:ENABLE_WWW
-define:ENABLE_CLOUD_SERVICES
-define:ENABLE_CLOUD_SERVICES_ADS
-define:ENABLE_CLOUD_SERVICES_USE_WEBREQUEST
-define:ENABLE_UNITY_CONSENT
-define:ENABLE_UNITY_CLOUD_IDENTIFIERS
-define:ENABLE_CLOUD_SERVICES_CRASH_REPORTING
-define:ENABLE_CLOUD_SERVICES_NATIVE_CRASH_REPORTING
-define:ENABLE_CLOUD_SERVICES_PURCHASING
-define:ENABLE_CLOUD_SERVICES_ANALYTICS
-define:ENABLE_CLOUD_SERVICES_BUILD
-define:ENABLE_EDITOR_GAME_SERVICES
-define:ENABLE_UNITY_GAME_SERVICES_ANALYTICS_SUPPORT
-define:ENABLE_CLOUD_LICENSE
-define:ENABLE_EDITOR_HUB_LICENSE
-define:ENABLE_WEBSOCKET_CLIENT
-define:ENABLE_GENERATE_NATIVE_PLUGINS_FOR_ASSEMBLIES_API
-define:ENABLE_DIRECTOR_AUDIO
-define:ENABLE_DIRECTOR_TEXTURE
-define:ENABLE_MANAGED_JOBS
-define:ENABLE_MANAGED_TRANSFORM_JOBS
-define:ENABLE_MANAGED_ANIMATION_JOBS
-define:ENABLE_MANAGED_AUDIO_JOBS
-define:ENABLE_MANAGED_UNITYTLS
-define:INCLUDE_DYNAMIC_GI
-define:ENABLE_SCRIPTING_GC_WBARRIERS
-define:PLATFORM_SUPPORTS_MONO
-define:RENDER_SOFTWARE_CURSOR
-define:ENABLE_MARSHALLING_TESTS
-define:ENABLE_VIDEO
-define:ENABLE_NAVIGATION_OFFMESHLINK_TO_NAVMESHLINK
-define:ENABLE_ACCELERATOR_CLIENT_DEBUGGING
-define:ENABLE_ACCESSIBILITY_SCREEN_READER
-define:TEXTCORE_1_0_OR_NEWER
-define:EDITOR_ONLY_NAVMESH_BUILDER_DEPRECATED
-define:PLATFORM_STANDALONE_WIN
-define:PLATFORM_STANDALONE
-define:UNITY_STANDALONE_WIN
-define:UNITY_STANDALONE
-define:ENABLE_RUNTIME_GI
-define:ENABLE_MOVIES
-define:ENABLE_NETWORK
-define:ENABLE_NVIDIA
-define:ENABLE_AMD
-define:ENABLE_CRUNCH_TEXTURE_COMPRESSION
-define:ENABLE_CLOUD_SERVICES_ENGINE_DIAGNOSTICS
-define:ENABLE_OUT_OF_PROCESS_CRASH_HANDLER
-define:ENABLE_CLUSTER_SYNC
-define:ENABLE_CLUSTERINPUT
-define:PLATFORM_UPDATES_TIME_OUTSIDE_OF_PLAYER_LOOP
-define:GFXDEVICE_WAITFOREVENT_MESSAGEPUMP
-define:PLATFORM_USES_EXPLICIT_MEMORY_MANAGER_INITIALIZER
-define:PLATFORM_SUPPORTS_WAIT_FOR_PRESENTATION
-define:PLATFORM_SUPPORTS_SPLIT_GRAPHICS_JOBS
-define:ENABLE_MONO
-define:NET_4_6
-define:NET_UNITY_4_8
-define:ENABLE_PROFILER
-define:ENABLE_PROFILER_ASSISTANT_INTEGRATION
-define:DEBUG
-define:TRACE
-define:UNITY_ASSERTIONS
-define:UNITY_EDITOR
-define:UNITY_EDITOR_64
-define:UNITY_EDITOR_WIN
-define:ENABLE_UNITY_COLLECTIONS_CHECKS
-define:ENABLE_BURST_AOT
-define:UNITY_TEAM_LICENSE
-define:ENABLE_CUSTOM_RENDER_TEXTURE
-define:ENABLE_DIRECTOR
-define:ENABLE_LOCALIZATION
-define:ENABLE_SPRITES
-define:ENABLE_TERRAIN
-define:ENABLE_TILEMAP
-define:ENABLE_TIMELINE
-define:ENABLE_INPUT_SYSTEM
-define:TEXTCORE_FONT_ENGINE_1_5_OR_NEWER
-define:TEXTCORE_TEXT_ENGINE_1_5_OR_NEWER
-define:TEXTCORE_FONT_ENGINE_1_6_OR_NEWER
-define:DOTWEEN
-define:CREST_OCEAN
-define:CREST_URP
-define:__MICROSPLAT__
-define:MAPMAGIC2
-define:MM_NATIVE
-define:UNITY_VISUAL_SCRIPTING
-define:GPU_INSTANCER
-define:ODIN_INSPECTOR
-define:ODIN_INSPECTOR_3
-define:ODIN_INSPECTOR_3_1
-define:AMPLIFY_SHADER_EDITOR
-define:SHAPES_URP
-define:MOREMOUNTAINS_NICEVIBRATIONS_INSTALLED
-define:BAKERY_INCLUDED
-define:VLB_URP
-define:ODIN_INSPECTOR_3_2
-define:ODIN_INSPECTOR_3_3
-define:RealtimeCSG
-define:RealtimeCSG_1
-define:RealtimeCSG_1_6
-define:RealtimeCSG_1_6_01
-define:MEMORY_PROFILER_API_PUBLIC
-define:UNMANAGED_NATIVE_HASHMAP_AVAILABLE
-define:IMGUI_TREEVIEW_API_CHANGED
-define:ENTITY_ID_STRUCT_AVAILABLE
-define:SELECTION_USES_ENTITY_ID
-define:PROFILING_CORE_AVAILABLE
-define:S2AVAILABLE
-define:CSHARP_7_OR_LATER
-define:CSHARP_7_3_OR_NEWER
-define:UNITY_EDITOR_ONLY_COMPILATION
-r:"Assets/AstarPathfindingProject/Plugins/Clipper/Pathfinding.ClipperLib.dll"
-r:"Assets/AstarPathfindingProject/Plugins/DotNetZip/Pathfinding.Ionic.Zip.Reduced.dll"
-r:"Assets/AstarPathfindingProject/Plugins/Poly2Tri/Pathfinding.Poly2Tri.dll"
-r:"Assets/Candice AI for Games/Scripts/Libs/Candice Save System/Plugins/Mono.Data.Sqlite.dll"
-r:"Assets/MeshBaker/Libs/MeshBakerEditorLib.dll"
-r:"Assets/MeshBaker/Libs/MeshBakerLib.dll"
-r:"Assets/Plugins/Demigiant/DOTween/DOTween.dll"
-r:"Assets/Plugins/Demigiant/DOTween/Editor/DOTweenEditor.dll"
-r:"Assets/Plugins/Demigiant/DOTweenPro/DOTweenPro.dll"
-r:"Assets/Plugins/Demigiant/DOTweenPro/Editor/DOTweenProEditor.dll"
-r:"Assets/Plugins/Demigiant/DemiLib/Core/DemiLib.dll"
-r:"Assets/Plugins/Demigiant/DemiLib/Core/Editor/DemiEditor.dll"
-r:"Assets/Plugins/Editor/RelationsInspector/RelationsInspector.dll"
-r:"Assets/Plugins/Roslyn/Microsoft.CodeAnalysis.CSharp.dll"
-r:"Assets/Plugins/Roslyn/Microsoft.CodeAnalysis.dll"
-r:"Assets/Plugins/Roslyn/System.Collections.Immutable.dll"
-r:"Assets/Plugins/Roslyn/System.Reflection.Metadata.dll"
-r:"Assets/Plugins/Sirenix/Assemblies/Sirenix.OdinInspector.Attributes.dll"
-r:"Assets/Plugins/Sirenix/Assemblies/Sirenix.OdinInspector.Editor.dll"
-r:"Assets/Plugins/Sirenix/Assemblies/Sirenix.Reflection.Editor.dll"
-r:"Assets/Plugins/Sirenix/Assemblies/Sirenix.Serialization.Config.dll"
-r:"Assets/Plugins/Sirenix/Assemblies/Sirenix.Serialization.dll"
-r:"Assets/Plugins/Sirenix/Assemblies/Sirenix.Utilities.Editor.dll"
-r:"Assets/Plugins/Sirenix/Assemblies/Sirenix.Utilities.dll"
-r:"C:/Program Files/Unity/Hub/Editor/6000.4.1f1/Editor/Data/Managed/UnityEditor.Graphs.dll"
-r:"C:/Program Files/Unity/Hub/Editor/6000.4.1f1/Editor/Data/Managed/UnityEngine/Unity.Scripting.dll"
-r:"C:/Program Files/Unity/Hub/Editor/6000.4.1f1/Editor/Data/Managed/UnityEngine/UnityEditor.AccessibilityModule.dll"
-r:"C:/Program Files/Unity/Hub/Editor/6000.4.1f1/Editor/Data/Managed/UnityEngine/UnityEditor.AdaptivePerformanceModule.dll"
-r:"C:/Program Files/Unity/Hub/Editor/6000.4.1f1/Editor/Data/Managed/UnityEngine/UnityEditor.AssetComplianceModule.dll"
-r:"C:/Program Files/Unity/Hub/Editor/6000.4.1f1/Editor/Data/Managed/UnityEngine/UnityEditor.BuildProfileModule.dll"
-r:"C:/Program Files/Unity/Hub/Editor/6000.4.1f1/Editor/Data/Managed/UnityEngine/UnityEditor.ClothModule.dll"
-r:"C:/Program Files/Unity/Hub/Editor/6000.4.1f1/Editor/Data/Managed/UnityEngine/UnityEditor.CoreBusinessMetricsModule.dll"
-r:"C:/Program Files/Unity/Hub/Editor/6000.4.1f1/Editor/Data/Managed/UnityEngine/UnityEditor.CoreModule.dll"
-r:"C:/Program Files/Unity/Hub/Editor/6000.4.1f1/Editor/Data/Managed/UnityEngine/UnityEditor.DeviceSimulatorModule.dll"
-r:"C:/Program Files/Unity/Hub/Editor/6000.4.1f1/Editor/Data/Managed/UnityEngine/UnityEditor.DiagnosticsModule.dll"
-r:"C:/Program Files/Unity/Hub/Editor/6000.4.1f1/Editor/Data/Managed/UnityEngine/UnityEditor.EditorToolbarModule.dll"
-r:"C:/Program Files/Unity/Hub/Editor/6000.4.1f1/Editor/Data/Managed/UnityEngine/UnityEditor.EmbreeModule.dll"
-r:"C:/Program Files/Unity/Hub/Editor/6000.4.1f1/Editor/Data/Managed/UnityEngine/UnityEditor.GIModule.dll"
-r:"C:/Program Files/Unity/Hub/Editor/6000.4.1f1/Editor/Data/Managed/UnityEngine/UnityEditor.GraphToolkitModule.dll"
-r:"C:/Program Files/Unity/Hub/Editor/6000.4.1f1/Editor/Data/Managed/UnityEngine/UnityEditor.GraphViewModule.dll"
-r:"C:/Program Files/Unity/Hub/Editor/6000.4.1f1/Editor/Data/Managed/UnityEngine/UnityEditor.GraphicsStateCollectionSerializerModule.dll"
-r:"C:/Program Files/Unity/Hub/Editor/6000.4.1f1/Editor/Data/Managed/UnityEngine/UnityEditor.GridAndSnapModule.dll"
-r:"C:/Program Files/Unity/Hub/Editor/6000.4.1f1/Editor/Data/Managed/UnityEngine/UnityEditor.GridModule.dll"
-r:"C:/Program Files/Unity/Hub/Editor/6000.4.1f1/Editor/Data/Managed/UnityEngine/UnityEditor.HierarchyModule.dll"
-r:"C:/Program Files/Unity/Hub/Editor/6000.4.1f1/Editor/Data/Managed/UnityEngine/UnityEditor.MediaModule.dll"
-r:"C:/Program Files/Unity/Hub/Editor/6000.4.1f1/Editor/Data/Managed/UnityEngine/UnityEditor.MultiplayerModule.dll"
-r:"C:/Program Files/Unity/Hub/Editor/6000.4.1f1/Editor/Data/Managed/UnityEngine/UnityEditor.Physics2DModule.dll"
-r:"C:/Program Files/Unity/Hub/Editor/6000.4.1f1/Editor/Data/Managed/UnityEngine/UnityEditor.PhysicsModule.dll"
-r:"C:/Program Files/Unity/Hub/Editor/6000.4.1f1/Editor/Data/Managed/UnityEngine/UnityEditor.PlayModeModule.dll"
-r:"C:/Program Files/Unity/Hub/Editor/6000.4.1f1/Editor/Data/Managed/UnityEngine/UnityEditor.PresetsUIModule.dll"
-r:"C:/Program Files/Unity/Hub/Editor/6000.4.1f1/Editor/Data/Managed/UnityEngine/UnityEditor.ProjectAuditorModule.dll"
-r:"C:/Program Files/Unity/Hub/Editor/6000.4.1f1/Editor/Data/Managed/UnityEngine/UnityEditor.PropertiesModule.dll"
-r:"C:/Program Files/Unity/Hub/Editor/6000.4.1f1/Editor/Data/Managed/UnityEngine/UnityEditor.QuickInstallModule.dll"
-r:"C:/Program Files/Unity/Hub/Editor/6000.4.1f1/Editor/Data/Managed/UnityEngine/UnityEditor.QuickSearchModule.dll"
-r:"C:/Program Files/Unity/Hub/Editor/6000.4.1f1/Editor/Data/Managed/UnityEngine/UnityEditor.SafeModeModule.dll"
-r:"C:/Program Files/Unity/Hub/Editor/6000.4.1f1/Editor/Data/Managed/UnityEngine/UnityEditor.SceneTemplateModule.dll"
-r:"C:/Program Files/Unity/Hub/Editor/6000.4.1f1/Editor/Data/Managed/UnityEngine/UnityEditor.SceneViewModule.dll"
-r:"C:/Program Files/Unity/Hub/Editor/6000.4.1f1/Editor/Data/Managed/UnityEngine/UnityEditor.ShaderBuildSettingsModule.dll"
-r:"C:/Program Files/Unity/Hub/Editor/6000.4.1f1/Editor/Data/Managed/UnityEngine/UnityEditor.ShaderCompilationModule.dll"
-r:"C:/Program Files/Unity/Hub/Editor/6000.4.1f1/Editor/Data/Managed/UnityEngine/UnityEditor.ShaderFoundryModule.dll"
-r:"C:/Program Files/Unity/Hub/Editor/6000.4.1f1/Editor/Data/Managed/UnityEngine/UnityEditor.SketchUpModule.dll"
-r:"C:/Program Files/Unity/Hub/Editor/6000.4.1f1/Editor/Data/Managed/UnityEngine/UnityEditor.SpriteMaskModule.dll"
-r:"C:/Program Files/Unity/Hub/Editor/6000.4.1f1/Editor/Data/Managed/UnityEngine/UnityEditor.SpriteShapeModule.dll"
-r:"C:/Program Files/Unity/Hub/Editor/6000.4.1f1/Editor/Data/Managed/UnityEngine/UnityEditor.SubstanceModule.dll"
-r:"C:/Program Files/Unity/Hub/Editor/6000.4.1f1/Editor/Data/Managed/UnityEngine/UnityEditor.TerrainModule.dll"
-r:"C:/Program Files/Unity/Hub/Editor/6000.4.1f1/Editor/Data/Managed/UnityEngine/UnityEditor.TextCoreFontEngineModule.dll"
-r:"C:/Program Files/Unity/Hub/Editor/6000.4.1f1/Editor/Data/Managed/UnityEngine/UnityEditor.TextCoreTextEngineModule.dll"
-r:"C:/Program Files/Unity/Hub/Editor/6000.4.1f1/Editor/Data/Managed/UnityEngine/UnityEditor.TextRenderingModule.dll"
-r:"C:/Program Files/Unity/Hub/Editor/6000.4.1f1/Editor/Data/Managed/UnityEngine/UnityEditor.TilemapModule.dll"
-r:"C:/Program Files/Unity/Hub/Editor/6000.4.1f1/Editor/Data/Managed/UnityEngine/UnityEditor.TreeModule.dll"
-r:"C:/Program Files/Unity/Hub/Editor/6000.4.1f1/Editor/Data/Managed/UnityEngine/UnityEditor.UIAutomationModule.dll"
-r:"C:/Program Files/Unity/Hub/Editor/6000.4.1f1/Editor/Data/Managed/UnityEngine/UnityEditor.UIBuilderModule.dll"
-r:"C:/Program Files/Unity/Hub/Editor/6000.4.1f1/Editor/Data/Managed/UnityEngine/UnityEditor.UIElementsModule.dll"
-r:"C:/Program Files/Unity/Hub/Editor/6000.4.1f1/Editor/Data/Managed/UnityEngine/UnityEditor.UIElementsSamplesModule.dll"
-r:"C:/Program Files/Unity/Hub/Editor/6000.4.1f1/Editor/Data/Managed/UnityEngine/UnityEditor.UIToolkitAuthoringModule.dll"
-r:"C:/Program Files/Unity/Hub/Editor/6000.4.1f1/Editor/Data/Managed/UnityEngine/UnityEditor.UmbraModule.dll"
-r:"C:/Program Files/Unity/Hub/Editor/6000.4.1f1/Editor/Data/Managed/UnityEngine/UnityEditor.UnityConnectModule.dll"
-r:"C:/Program Files/Unity/Hub/Editor/6000.4.1f1/Editor/Data/Managed/UnityEngine/UnityEditor.VFXModule.dll"
-r:"C:/Program Files/Unity/Hub/Editor/6000.4.1f1/Editor/Data/Managed/UnityEngine/UnityEditor.VectorGraphicsModule.dll"
-r:"C:/Program Files/Unity/Hub/Editor/6000.4.1f1/Editor/Data/Managed/UnityEngine/UnityEditor.VideoModule.dll"
-r:"C:/Program Files/Unity/Hub/Editor/6000.4.1f1/Editor/Data/Managed/UnityEngine/UnityEditor.XRModule.dll"
-r:"C:/Program Files/Unity/Hub/Editor/6000.4.1f1/Editor/Data/Managed/UnityEngine/UnityEditor.dll"
-r:"C:/Program Files/Unity/Hub/Editor/6000.4.1f1/Editor/Data/Managed/UnityEngine/UnityEngine.AIModule.dll"
-r:"C:/Program Files/Unity/Hub/Editor/6000.4.1f1/Editor/Data/Managed/UnityEngine/UnityEngine.AMDModule.dll"
-r:"C:/Program Files/Unity/Hub/Editor/6000.4.1f1/Editor/Data/Managed/UnityEngine/UnityEngine.ARModule.dll"
-r:"C:/Program Files/Unity/Hub/Editor/6000.4.1f1/Editor/Data/Managed/UnityEngine/UnityEngine.AccessibilityModule.dll"
-r:"C:/Program Files/Unity/Hub/Editor/6000.4.1f1/Editor/Data/Managed/UnityEngine/UnityEngine.AdaptivePerformanceModule.dll"
-r:"C:/Program Files/Unity/Hub/Editor/6000.4.1f1/Editor/Data/Managed/UnityEngine/UnityEngine.AndroidJNIModule.dll"
-r:"C:/Program Files/Unity/Hub/Editor/6000.4.1f1/Editor/Data/Managed/UnityEngine/UnityEngine.AnimationModule.dll"
-r:"C:/Program Files/Unity/Hub/Editor/6000.4.1f1/Editor/Data/Managed/UnityEngine/UnityEngine.AssetBundleModule.dll"
-r:"C:/Program Files/Unity/Hub/Editor/6000.4.1f1/Editor/Data/Managed/UnityEngine/UnityEngine.AudioModule.dll"
-r:"C:/Program Files/Unity/Hub/Editor/6000.4.1f1/Editor/Data/Managed/UnityEngine/UnityEngine.ClothModule.dll"
-r:"C:/Program Files/Unity/Hub/Editor/6000.4.1f1/Editor/Data/Managed/UnityEngine/UnityEngine.ClusterInputModule.dll"
-r:"C:/Program Files/Unity/Hub/Editor/6000.4.1f1/Editor/Data/Managed/UnityEngine/UnityEngine.ClusterRendererModule.dll"
-r:"C:/Program Files/Unity/Hub/Editor/6000.4.1f1/Editor/Data/Managed/UnityEngine/UnityEngine.ContentLoadModule.dll"
-r:"C:/Program Files/Unity/Hub/Editor/6000.4.1f1/Editor/Data/Managed/UnityEngine/UnityEngine.CoreModule.dll"
-r:"C:/Program Files/Unity/Hub/Editor/6000.4.1f1/Editor/Data/Managed/UnityEngine/UnityEngine.CrashReportingModule.dll"
-r:"C:/Program Files/Unity/Hub/Editor/6000.4.1f1/Editor/Data/Managed/UnityEngine/UnityEngine.DSPGraphModule.dll"
-r:"C:/Program Files/Unity/Hub/Editor/6000.4.1f1/Editor/Data/Managed/UnityEngine/UnityEngine.DirectorModule.dll"
-r:"C:/Program Files/Unity/Hub/Editor/6000.4.1f1/Editor/Data/Managed/UnityEngine/UnityEngine.GIModule.dll"
-r:"C:/Program Files/Unity/Hub/Editor/6000.4.1f1/Editor/Data/Managed/UnityEngine/UnityEngine.GameCenterModule.dll"
-r:"C:/Program Files/Unity/Hub/Editor/6000.4.1f1/Editor/Data/Managed/UnityEngine/UnityEngine.GraphicsStateCollectionSerializerModule.dll"
-r:"C:/Program Files/Unity/Hub/Editor/6000.4.1f1/Editor/Data/Managed/UnityEngine/UnityEngine.GridModule.dll"
-r:"C:/Program Files/Unity/Hub/Editor/6000.4.1f1/Editor/Data/Managed/UnityEngine/UnityEngine.HierarchyCoreModule.dll"
-r:"C:/Program Files/Unity/Hub/Editor/6000.4.1f1/Editor/Data/Managed/UnityEngine/UnityEngine.HierarchyModule.dll"
-r:"C:/Program Files/Unity/Hub/Editor/6000.4.1f1/Editor/Data/Managed/UnityEngine/UnityEngine.HotReloadModule.dll"
-r:"C:/Program Files/Unity/Hub/Editor/6000.4.1f1/Editor/Data/Managed/UnityEngine/UnityEngine.IMGUIModule.dll"
-r:"C:/Program Files/Unity/Hub/Editor/6000.4.1f1/Editor/Data/Managed/UnityEngine/UnityEngine.IdentifiersModule.dll"
-r:"C:/Program Files/Unity/Hub/Editor/6000.4.1f1/Editor/Data/Managed/UnityEngine/UnityEngine.ImageConversionModule.dll"
-r:"C:/Program Files/Unity/Hub/Editor/6000.4.1f1/Editor/Data/Managed/UnityEngine/UnityEngine.InputForUIModule.dll"
-r:"C:/Program Files/Unity/Hub/Editor/6000.4.1f1/Editor/Data/Managed/UnityEngine/UnityEngine.InputLegacyModule.dll"
-r:"C:/Program Files/Unity/Hub/Editor/6000.4.1f1/Editor/Data/Managed/UnityEngine/UnityEngine.InputModule.dll"
-r:"C:/Program Files/Unity/Hub/Editor/6000.4.1f1/Editor/Data/Managed/UnityEngine/UnityEngine.InsightsModule.dll"
-r:"C:/Program Files/Unity/Hub/Editor/6000.4.1f1/Editor/Data/Managed/UnityEngine/UnityEngine.JSONSerializeModule.dll"
-r:"C:/Program Files/Unity/Hub/Editor/6000.4.1f1/Editor/Data/Managed/UnityEngine/UnityEngine.LocalizationModule.dll"
-r:"C:/Program Files/Unity/Hub/Editor/6000.4.1f1/Editor/Data/Managed/UnityEngine/UnityEngine.MarshallingModule.dll"
-r:"C:/Program Files/Unity/Hub/Editor/6000.4.1f1/Editor/Data/Managed/UnityEngine/UnityEngine.MultiplayerModule.dll"
-r:"C:/Program Files/Unity/Hub/Editor/6000.4.1f1/Editor/Data/Managed/UnityEngine/UnityEngine.NVIDIAModule.dll"
-r:"C:/Program Files/Unity/Hub/Editor/6000.4.1f1/Editor/Data/Managed/UnityEngine/UnityEngine.ParticleSystemModule.dll"
-r:"C:/Program Files/Unity/Hub/Editor/6000.4.1f1/Editor/Data/Managed/UnityEngine/UnityEngine.PerformanceReportingModule.dll"
-r:"C:/Program Files/Unity/Hub/Editor/6000.4.1f1/Editor/Data/Managed/UnityEngine/UnityEngine.Physics2DModule.dll"
-r:"C:/Program Files/Unity/Hub/Editor/6000.4.1f1/Editor/Data/Managed/UnityEngine/UnityEngine.PhysicsBackendPhysXModule.dll"
-r:"C:/Program Files/Unity/Hub/Editor/6000.4.1f1/Editor/Data/Managed/UnityEngine/UnityEngine.PhysicsModule.dll"
-r:"C:/Program Files/Unity/Hub/Editor/6000.4.1f1/Editor/Data/Managed/UnityEngine/UnityEngine.PropertiesModule.dll"
-r:"C:/Program Files/Unity/Hub/Editor/6000.4.1f1/Editor/Data/Managed/UnityEngine/UnityEngine.RenderAs2DModule.dll"
-r:"C:/Program Files/Unity/Hub/Editor/6000.4.1f1/Editor/Data/Managed/UnityEngine/UnityEngine.RuntimeInitializeOnLoadManagerInitializerModule.dll"
-r:"C:/Program Files/Unity/Hub/Editor/6000.4.1f1/Editor/Data/Managed/UnityEngine/UnityEngine.ScreenCaptureModule.dll"
-r:"C:/Program Files/Unity/Hub/Editor/6000.4.1f1/Editor/Data/Managed/UnityEngine/UnityEngine.ScriptingModule.dll"
-r:"C:/Program Files/Unity/Hub/Editor/6000.4.1f1/Editor/Data/Managed/UnityEngine/UnityEngine.ShaderVariantAnalyticsModule.dll"
-r:"C:/Program Files/Unity/Hub/Editor/6000.4.1f1/Editor/Data/Managed/UnityEngine/UnityEngine.SharedInternalsModule.dll"
-r:"C:/Program Files/Unity/Hub/Editor/6000.4.1f1/Editor/Data/Managed/UnityEngine/UnityEngine.SpriteMaskModule.dll"
-r:"C:/Program Files/Unity/Hub/Editor/6000.4.1f1/Editor/Data/Managed/UnityEngine/UnityEngine.SpriteShapeModule.dll"
-r:"C:/Program Files/Unity/Hub/Editor/6000.4.1f1/Editor/Data/Managed/UnityEngine/UnityEngine.StreamingModule.dll"
-r:"C:/Program Files/Unity/Hub/Editor/6000.4.1f1/Editor/Data/Managed/UnityEngine/UnityEngine.SubstanceModule.dll"
-r:"C:/Program Files/Unity/Hub/Editor/6000.4.1f1/Editor/Data/Managed/UnityEngine/UnityEngine.SubsystemsModule.dll"
-r:"C:/Program Files/Unity/Hub/Editor/6000.4.1f1/Editor/Data/Managed/UnityEngine/UnityEngine.TLSModule.dll"
-r:"C:/Program Files/Unity/Hub/Editor/6000.4.1f1/Editor/Data/Managed/UnityEngine/UnityEngine.TerrainModule.dll"
-r:"C:/Program Files/Unity/Hub/Editor/6000.4.1f1/Editor/Data/Managed/UnityEngine/UnityEngine.TerrainPhysicsModule.dll"
-r:"C:/Program Files/Unity/Hub/Editor/6000.4.1f1/Editor/Data/Managed/UnityEngine/UnityEngine.TextCoreFontEngineModule.dll"
-r:"C:/Program Files/Unity/Hub/Editor/6000.4.1f1/Editor/Data/Managed/UnityEngine/UnityEngine.TextCoreTextEngineModule.dll"
-r:"C:/Program Files/Unity/Hub/Editor/6000.4.1f1/Editor/Data/Managed/UnityEngine/UnityEngine.TextRenderingModule.dll"
-r:"C:/Program Files/Unity/Hub/Editor/6000.4.1f1/Editor/Data/Managed/UnityEngine/UnityEngine.TilemapModule.dll"
-r:"C:/Program Files/Unity/Hub/Editor/6000.4.1f1/Editor/Data/Managed/UnityEngine/UnityEngine.UIElementsModule.dll"
-r:"C:/Program Files/Unity/Hub/Editor/6000.4.1f1/Editor/Data/Managed/UnityEngine/UnityEngine.UIModule.dll"
-r:"C:/Program Files/Unity/Hub/Editor/6000.4.1f1/Editor/Data/Managed/UnityEngine/UnityEngine.UmbraModule.dll"
-r:"C:/Program Files/Unity/Hub/Editor/6000.4.1f1/Editor/Data/Managed/UnityEngine/UnityEngine.UnityAnalyticsCommonModule.dll"
-r:"C:/Program Files/Unity/Hub/Editor/6000.4.1f1/Editor/Data/Managed/UnityEngine/UnityEngine.UnityAnalyticsModule.dll"
-r:"C:/Program Files/Unity/Hub/Editor/6000.4.1f1/Editor/Data/Managed/UnityEngine/UnityEngine.UnityConnectModule.dll"
-r:"C:/Program Files/Unity/Hub/Editor/6000.4.1f1/Editor/Data/Managed/UnityEngine/UnityEngine.UnityConsentModule.dll"
-r:"C:/Program Files/Unity/Hub/Editor/6000.4.1f1/Editor/Data/Managed/UnityEngine/UnityEngine.UnityCurlModule.dll"
-r:"C:/Program Files/Unity/Hub/Editor/6000.4.1f1/Editor/Data/Managed/UnityEngine/UnityEngine.UnityWebRequestAssetBundleModule.dll"
-r:"C:/Program Files/Unity/Hub/Editor/6000.4.1f1/Editor/Data/Managed/UnityEngine/UnityEngine.UnityWebRequestAudioModule.dll"
-r:"C:/Program Files/Unity/Hub/Editor/6000.4.1f1/Editor/Data/Managed/UnityEngine/UnityEngine.UnityWebRequestModule.dll"
-r:"C:/Program Files/Unity/Hub/Editor/6000.4.1f1/Editor/Data/Managed/UnityEngine/UnityEngine.UnityWebRequestTextureModule.dll"
-r:"C:/Program Files/Unity/Hub/Editor/6000.4.1f1/Editor/Data/Managed/UnityEngine/UnityEngine.UnityWebRequestWWWModule.dll"
-r:"C:/Program Files/Unity/Hub/Editor/6000.4.1f1/Editor/Data/Managed/UnityEngine/UnityEngine.VFXModule.dll"
-r:"C:/Program Files/Unity/Hub/Editor/6000.4.1f1/Editor/Data/Managed/UnityEngine/UnityEngine.VRModule.dll"
-r:"C:/Program Files/Unity/Hub/Editor/6000.4.1f1/Editor/Data/Managed/UnityEngine/UnityEngine.VectorGraphicsModule.dll"
-r:"C:/Program Files/Unity/Hub/Editor/6000.4.1f1/Editor/Data/Managed/UnityEngine/UnityEngine.VehiclesModule.dll"
-r:"C:/Program Files/Unity/Hub/Editor/6000.4.1f1/Editor/Data/Managed/UnityEngine/UnityEngine.VideoModule.dll"
-r:"C:/Program Files/Unity/Hub/Editor/6000.4.1f1/Editor/Data/Managed/UnityEngine/UnityEngine.VirtualTexturingModule.dll"
-r:"C:/Program Files/Unity/Hub/Editor/6000.4.1f1/Editor/Data/Managed/UnityEngine/UnityEngine.WindModule.dll"
-r:"C:/Program Files/Unity/Hub/Editor/6000.4.1f1/Editor/Data/Managed/UnityEngine/UnityEngine.XRModule.dll"
-r:"C:/Program Files/Unity/Hub/Editor/6000.4.1f1/Editor/Data/Managed/UnityEngine/UnityEngine.dll"
-r:"C:/Program Files/Unity/Hub/Editor/6000.4.1f1/Editor/Data/PlaybackEngines/WindowsStandaloneSupport/UnityEditor.WindowsStandalone.Extensions.dll"
-r:"C:/Program Files/Unity/Hub/Editor/6000.4.1f1/Editor/Data/UnityReferenceAssemblies/unity-4.8-api/Facades/Microsoft.Win32.Primitives.dll"
-r:"C:/Program Files/Unity/Hub/Editor/6000.4.1f1/Editor/Data/UnityReferenceAssemblies/unity-4.8-api/Facades/System.AppContext.dll"
-r:"C:/Program Files/Unity/Hub/Editor/6000.4.1f1/Editor/Data/UnityReferenceAssemblies/unity-4.8-api/Facades/System.Buffers.dll"
-r:"C:/Program Files/Unity/Hub/Editor/6000.4.1f1/Editor/Data/UnityReferenceAssemblies/unity-4.8-api/Facades/System.Collections.Concurrent.dll"
-r:"C:/Program Files/Unity/Hub/Editor/6000.4.1f1/Editor/Data/UnityReferenceAssemblies/unity-4.8-api/Facades/System.Collections.NonGeneric.dll"
-r:"C:/Program Files/Unity/Hub/Editor/6000.4.1f1/Editor/Data/UnityReferenceAssemblies/unity-4.8-api/Facades/System.Collections.Specialized.dll"
-r:"C:/Program Files/Unity/Hub/Editor/6000.4.1f1/Editor/Data/UnityReferenceAssemblies/unity-4.8-api/Facades/System.Collections.dll"
-r:"C:/Program Files/Unity/Hub/Editor/6000.4.1f1/Editor/Data/UnityReferenceAssemblies/unity-4.8-api/Facades/System.ComponentModel.Annotations.dll"
-r:"C:/Program Files/Unity/Hub/Editor/6000.4.1f1/Editor/Data/UnityReferenceAssemblies/unity-4.8-api/Facades/System.ComponentModel.EventBasedAsync.dll"
-r:"C:/Program Files/Unity/Hub/Editor/6000.4.1f1/Editor/Data/UnityReferenceAssemblies/unity-4.8-api/Facades/System.ComponentModel.Primitives.dll"
-r:"C:/Program Files/Unity/Hub/Editor/6000.4.1f1/Editor/Data/UnityReferenceAssemblies/unity-4.8-api/Facades/System.ComponentModel.TypeConverter.dll"
-r:"C:/Program Files/Unity/Hub/Editor/6000.4.1f1/Editor/Data/UnityReferenceAssemblies/unity-4.8-api/Facades/System.ComponentModel.dll"
-r:"C:/Program Files/Unity/Hub/Editor/6000.4.1f1/Editor/Data/UnityReferenceAssemblies/unity-4.8-api/Facades/System.Console.dll"
-r:"C:/Program Files/Unity/Hub/Editor/6000.4.1f1/Editor/Data/UnityReferenceAssemblies/unity-4.8-api/Facades/System.Data.Common.dll"
-r:"C:/Program Files/Unity/Hub/Editor/6000.4.1f1/Editor/Data/UnityReferenceAssemblies/unity-4.8-api/Facades/System.Diagnostics.Contracts.dll"
-r:"C:/Program Files/Unity/Hub/Editor/6000.4.1f1/Editor/Data/UnityReferenceAssemblies/unity-4.8-api/Facades/System.Diagnostics.Debug.dll"
-r:"C:/Program Files/Unity/Hub/Editor/6000.4.1f1/Editor/Data/UnityReferenceAssemblies/unity-4.8-api/Facades/System.Diagnostics.FileVersionInfo.dll"
-r:"C:/Program Files/Unity/Hub/Editor/6000.4.1f1/Editor/Data/UnityReferenceAssemblies/unity-4.8-api/Facades/System.Diagnostics.Process.dll"
-r:"C:/Program Files/Unity/Hub/Editor/6000.4.1f1/Editor/Data/UnityReferenceAssemblies/unity-4.8-api/Facades/System.Diagnostics.StackTrace.dll"
-r:"C:/Program Files/Unity/Hub/Editor/6000.4.1f1/Editor/Data/UnityReferenceAssemblies/unity-4.8-api/Facades/System.Diagnostics.TextWriterTraceListener.dll"
-r:"C:/Program Files/Unity/Hub/Editor/6000.4.1f1/Editor/Data/UnityReferenceAssemblies/unity-4.8-api/Facades/System.Diagnostics.Tools.dll"
-r:"C:/Program Files/Unity/Hub/Editor/6000.4.1f1/Editor/Data/UnityReferenceAssemblies/unity-4.8-api/Facades/System.Diagnostics.TraceSource.dll"
-r:"C:/Program Files/Unity/Hub/Editor/6000.4.1f1/Editor/Data/UnityReferenceAssemblies/unity-4.8-api/Facades/System.Drawing.Primitives.dll"
-r:"C:/Program Files/Unity/Hub/Editor/6000.4.1f1/Editor/Data/UnityReferenceAssemblies/unity-4.8-api/Facades/System.Dynamic.Runtime.dll"
-r:"C:/Program Files/Unity/Hub/Editor/6000.4.1f1/Editor/Data/UnityReferenceAssemblies/unity-4.8-api/Facades/System.Globalization.Calendars.dll"
-r:"C:/Program Files/Unity/Hub/Editor/6000.4.1f1/Editor/Data/UnityReferenceAssemblies/unity-4.8-api/Facades/System.Globalization.Extensions.dll"
-r:"C:/Program Files/Unity/Hub/Editor/6000.4.1f1/Editor/Data/UnityReferenceAssemblies/unity-4.8-api/Facades/System.Globalization.dll"
-r:"C:/Program Files/Unity/Hub/Editor/6000.4.1f1/Editor/Data/UnityReferenceAssemblies/unity-4.8-api/Facades/System.IO.Compression.ZipFile.dll"
-r:"C:/Program Files/Unity/Hub/Editor/6000.4.1f1/Editor/Data/UnityReferenceAssemblies/unity-4.8-api/Facades/System.IO.FileSystem.DriveInfo.dll"
-r:"C:/Program Files/Unity/Hub/Editor/6000.4.1f1/Editor/Data/UnityReferenceAssemblies/unity-4.8-api/Facades/System.IO.FileSystem.Primitives.dll"
-r:"C:/Program Files/Unity/Hub/Editor/6000.4.1f1/Editor/Data/UnityReferenceAssemblies/unity-4.8-api/Facades/System.IO.FileSystem.Watcher.dll"
-r:"C:/Program Files/Unity/Hub/Editor/6000.4.1f1/Editor/Data/UnityReferenceAssemblies/unity-4.8-api/Facades/System.IO.FileSystem.dll"
-r:"C:/Program Files/Unity/Hub/Editor/6000.4.1f1/Editor/Data/UnityReferenceAssemblies/unity-4.8-api/Facades/System.IO.IsolatedStorage.dll"
-r:"C:/Program Files/Unity/Hub/Editor/6000.4.1f1/Editor/Data/UnityReferenceAssemblies/unity-4.8-api/Facades/System.IO.MemoryMappedFiles.dll"
-r:"C:/Program Files/Unity/Hub/Editor/6000.4.1f1/Editor/Data/UnityReferenceAssemblies/unity-4.8-api/Facades/System.IO.Pipes.dll"
-r:"C:/Program Files/Unity/Hub/Editor/6000.4.1f1/Editor/Data/UnityReferenceAssemblies/unity-4.8-api/Facades/System.IO.UnmanagedMemoryStream.dll"
-r:"C:/Program Files/Unity/Hub/Editor/6000.4.1f1/Editor/Data/UnityReferenceAssemblies/unity-4.8-api/Facades/System.IO.dll"
-r:"C:/Program Files/Unity/Hub/Editor/6000.4.1f1/Editor/Data/UnityReferenceAssemblies/unity-4.8-api/Facades/System.Linq.Expressions.dll"
-r:"C:/Program Files/Unity/Hub/Editor/6000.4.1f1/Editor/Data/UnityReferenceAssemblies/unity-4.8-api/Facades/System.Linq.Parallel.dll"
-r:"C:/Program Files/Unity/Hub/Editor/6000.4.1f1/Editor/Data/UnityReferenceAssemblies/unity-4.8-api/Facades/System.Linq.Queryable.dll"
-r:"C:/Program Files/Unity/Hub/Editor/6000.4.1f1/Editor/Data/UnityReferenceAssemblies/unity-4.8-api/Facades/System.Linq.dll"
-r:"C:/Program Files/Unity/Hub/Editor/6000.4.1f1/Editor/Data/UnityReferenceAssemblies/unity-4.8-api/Facades/System.Memory.dll"
-r:"C:/Program Files/Unity/Hub/Editor/6000.4.1f1/Editor/Data/UnityReferenceAssemblies/unity-4.8-api/Facades/System.Net.Http.Rtc.dll"
-r:"C:/Program Files/Unity/Hub/Editor/6000.4.1f1/Editor/Data/UnityReferenceAssemblies/unity-4.8-api/Facades/System.Net.NameResolution.dll"
-r:"C:/Program Files/Unity/Hub/Editor/6000.4.1f1/Editor/Data/UnityReferenceAssemblies/unity-4.8-api/Facades/System.Net.NetworkInformation.dll"
-r:"C:/Program Files/Unity/Hub/Editor/6000.4.1f1/Editor/Data/UnityReferenceAssemblies/unity-4.8-api/Facades/System.Net.Ping.dll"
-r:"C:/Program Files/Unity/Hub/Editor/6000.4.1f1/Editor/Data/UnityReferenceAssemblies/unity-4.8-api/Facades/System.Net.Primitives.dll"
-r:"C:/Program Files/Unity/Hub/Editor/6000.4.1f1/Editor/Data/UnityReferenceAssemblies/unity-4.8-api/Facades/System.Net.Requests.dll"
-r:"C:/Program Files/Unity/Hub/Editor/6000.4.1f1/Editor/Data/UnityReferenceAssemblies/unity-4.8-api/Facades/System.Net.Security.dll"
-r:"C:/Program Files/Unity/Hub/Editor/6000.4.1f1/Editor/Data/UnityReferenceAssemblies/unity-4.8-api/Facades/System.Net.Sockets.dll"
-r:"C:/Program Files/Unity/Hub/Editor/6000.4.1f1/Editor/Data/UnityReferenceAssemblies/unity-4.8-api/Facades/System.Net.WebHeaderCollection.dll"
-r:"C:/Program Files/Unity/Hub/Editor/6000.4.1f1/Editor/Data/UnityReferenceAssemblies/unity-4.8-api/Facades/System.Net.WebSockets.Client.dll"
-r:"C:/Program Files/Unity/Hub/Editor/6000.4.1f1/Editor/Data/UnityReferenceAssemblies/unity-4.8-api/Facades/System.Net.WebSockets.dll"
-r:"C:/Program Files/Unity/Hub/Editor/6000.4.1f1/Editor/Data/UnityReferenceAssemblies/unity-4.8-api/Facades/System.ObjectModel.dll"
-r:"C:/Program Files/Unity/Hub/Editor/6000.4.1f1/Editor/Data/UnityReferenceAssemblies/unity-4.8-api/Facades/System.Reflection.DispatchProxy.dll"
-r:"C:/Program Files/Unity/Hub/Editor/6000.4.1f1/Editor/Data/UnityReferenceAssemblies/unity-4.8-api/Facades/System.Reflection.Emit.ILGeneration.dll"
-r:"C:/Program Files/Unity/Hub/Editor/6000.4.1f1/Editor/Data/UnityReferenceAssemblies/unity-4.8-api/Facades/System.Reflection.Emit.Lightweight.dll"
-r:"C:/Program Files/Unity/Hub/Editor/6000.4.1f1/Editor/Data/UnityReferenceAssemblies/unity-4.8-api/Facades/System.Reflection.Emit.dll"
-r:"C:/Program Files/Unity/Hub/Editor/6000.4.1f1/Editor/Data/UnityReferenceAssemblies/unity-4.8-api/Facades/System.Reflection.Extensions.dll"
-r:"C:/Program Files/Unity/Hub/Editor/6000.4.1f1/Editor/Data/UnityReferenceAssemblies/unity-4.8-api/Facades/System.Reflection.Primitives.dll"
-r:"C:/Program Files/Unity/Hub/Editor/6000.4.1f1/Editor/Data/UnityReferenceAssemblies/unity-4.8-api/Facades/System.Reflection.dll"
-r:"C:/Program Files/Unity/Hub/Editor/6000.4.1f1/Editor/Data/UnityReferenceAssemblies/unity-4.8-api/Facades/System.Resources.Reader.dll"
-r:"C:/Program Files/Unity/Hub/Editor/6000.4.1f1/Editor/Data/UnityReferenceAssemblies/unity-4.8-api/Facades/System.Resources.ResourceManager.dll"
-r:"C:/Program Files/Unity/Hub/Editor/6000.4.1f1/Editor/Data/UnityReferenceAssemblies/unity-4.8-api/Facades/System.Resources.Writer.dll"
-r:"C:/Program Files/Unity/Hub/Editor/6000.4.1f1/Editor/Data/UnityReferenceAssemblies/unity-4.8-api/Facades/System.Runtime.CompilerServices.VisualC.dll"
-r:"C:/Program Files/Unity/Hub/Editor/6000.4.1f1/Editor/Data/UnityReferenceAssemblies/unity-4.8-api/Facades/System.Runtime.Extensions.dll"
-r:"C:/Program Files/Unity/Hub/Editor/6000.4.1f1/Editor/Data/UnityReferenceAssemblies/unity-4.8-api/Facades/System.Runtime.Handles.dll"
-r:"C:/Program Files/Unity/Hub/Editor/6000.4.1f1/Editor/Data/UnityReferenceAssemblies/unity-4.8-api/Facades/System.Runtime.InteropServices.RuntimeInformation.dll"
-r:"C:/Program Files/Unity/Hub/Editor/6000.4.1f1/Editor/Data/UnityReferenceAssemblies/unity-4.8-api/Facades/System.Runtime.InteropServices.WindowsRuntime.dll"
-r:"C:/Program Files/Unity/Hub/Editor/6000.4.1f1/Editor/Data/UnityReferenceAssemblies/unity-4.8-api/Facades/System.Runtime.InteropServices.dll"
-r:"C:/Program Files/Unity/Hub/Editor/6000.4.1f1/Editor/Data/UnityReferenceAssemblies/unity-4.8-api/Facades/System.Runtime.Numerics.dll"
-r:"C:/Program Files/Unity/Hub/Editor/6000.4.1f1/Editor/Data/UnityReferenceAssemblies/unity-4.8-api/Facades/System.Runtime.Serialization.Formatters.dll"
-r:"C:/Program Files/Unity/Hub/Editor/6000.4.1f1/Editor/Data/UnityReferenceAssemblies/unity-4.8-api/Facades/System.Runtime.Serialization.Json.dll"
-r:"C:/Program Files/Unity/Hub/Editor/6000.4.1f1/Editor/Data/UnityReferenceAssemblies/unity-4.8-api/Facades/System.Runtime.Serialization.Primitives.dll"
-r:"C:/Program Files/Unity/Hub/Editor/6000.4.1f1/Editor/Data/UnityReferenceAssemblies/unity-4.8-api/Facades/System.Runtime.Serialization.Xml.dll"
-r:"C:/Program Files/Unity/Hub/Editor/6000.4.1f1/Editor/Data/UnityReferenceAssemblies/unity-4.8-api/Facades/System.Runtime.dll"
-r:"C:/Program Files/Unity/Hub/Editor/6000.4.1f1/Editor/Data/UnityReferenceAssemblies/unity-4.8-api/Facades/System.Security.Claims.dll"
-r:"C:/Program Files/Unity/Hub/Editor/6000.4.1f1/Editor/Data/UnityReferenceAssemblies/unity-4.8-api/Facades/System.Security.Cryptography.Algorithms.dll"
-r:"C:/Program Files/Unity/Hub/Editor/6000.4.1f1/Editor/Data/UnityReferenceAssemblies/unity-4.8-api/Facades/System.Security.Cryptography.Csp.dll"
-r:"C:/Program Files/Unity/Hub/Editor/6000.4.1f1/Editor/Data/UnityReferenceAssemblies/unity-4.8-api/Facades/System.Security.Cryptography.Encoding.dll"
-r:"C:/Program Files/Unity/Hub/Editor/6000.4.1f1/Editor/Data/UnityReferenceAssemblies/unity-4.8-api/Facades/System.Security.Cryptography.Primitives.dll"
-r:"C:/Program Files/Unity/Hub/Editor/6000.4.1f1/Editor/Data/UnityReferenceAssemblies/unity-4.8-api/Facades/System.Security.Cryptography.X509Certificates.dll"
-r:"C:/Program Files/Unity/Hub/Editor/6000.4.1f1/Editor/Data/UnityReferenceAssemblies/unity-4.8-api/Facades/System.Security.Principal.dll"
-r:"C:/Program Files/Unity/Hub/Editor/6000.4.1f1/Editor/Data/UnityReferenceAssemblies/unity-4.8-api/Facades/System.Security.SecureString.dll"
-r:"C:/Program Files/Unity/Hub/Editor/6000.4.1f1/Editor/Data/UnityReferenceAssemblies/unity-4.8-api/Facades/System.ServiceModel.Duplex.dll"
-r:"C:/Program Files/Unity/Hub/Editor/6000.4.1f1/Editor/Data/UnityReferenceAssemblies/unity-4.8-api/Facades/System.ServiceModel.Http.dll"
-r:"C:/Program Files/Unity/Hub/Editor/6000.4.1f1/Editor/Data/UnityReferenceAssemblies/unity-4.8-api/Facades/System.ServiceModel.NetTcp.dll"
-r:"C:/Program Files/Unity/Hub/Editor/6000.4.1f1/Editor/Data/UnityReferenceAssemblies/unity-4.8-api/Facades/System.ServiceModel.Primitives.dll"
-r:"C:/Program Files/Unity/Hub/Editor/6000.4.1f1/Editor/Data/UnityReferenceAssemblies/unity-4.8-api/Facades/System.ServiceModel.Security.dll"
-r:"C:/Program Files/Unity/Hub/Editor/6000.4.1f1/Editor/Data/UnityReferenceAssemblies/unity-4.8-api/Facades/System.Text.Encoding.Extensions.dll"
-r:"C:/Program Files/Unity/Hub/Editor/6000.4.1f1/Editor/Data/UnityReferenceAssemblies/unity-4.8-api/Facades/System.Text.Encoding.dll"
-r:"C:/Program Files/Unity/Hub/Editor/6000.4.1f1/Editor/Data/UnityReferenceAssemblies/unity-4.8-api/Facades/System.Text.RegularExpressions.dll"
-r:"C:/Program Files/Unity/Hub/Editor/6000.4.1f1/Editor/Data/UnityReferenceAssemblies/unity-4.8-api/Facades/System.Threading.Overlapped.dll"
-r:"C:/Program Files/Unity/Hub/Editor/6000.4.1f1/Editor/Data/UnityReferenceAssemblies/unity-4.8-api/Facades/System.Threading.Tasks.Extensions.dll"
-r:"C:/Program Files/Unity/Hub/Editor/6000.4.1f1/Editor/Data/UnityReferenceAssemblies/unity-4.8-api/Facades/System.Threading.Tasks.Parallel.dll"
-r:"C:/Program Files/Unity/Hub/Editor/6000.4.1f1/Editor/Data/UnityReferenceAssemblies/unity-4.8-api/Facades/System.Threading.Tasks.dll"
-r:"C:/Program Files/Unity/Hub/Editor/6000.4.1f1/Editor/Data/UnityReferenceAssemblies/unity-4.8-api/Facades/System.Threading.Thread.dll"
-r:"C:/Program Files/Unity/Hub/Editor/6000.4.1f1/Editor/Data/UnityReferenceAssemblies/unity-4.8-api/Facades/System.Threading.ThreadPool.dll"
-r:"C:/Program Files/Unity/Hub/Editor/6000.4.1f1/Editor/Data/UnityReferenceAssemblies/unity-4.8-api/Facades/System.Threading.Timer.dll"
-r:"C:/Program Files/Unity/Hub/Editor/6000.4.1f1/Editor/Data/UnityReferenceAssemblies/unity-4.8-api/Facades/System.Threading.dll"
-r:"C:/Program Files/Unity/Hub/Editor/6000.4.1f1/Editor/Data/UnityReferenceAssemblies/unity-4.8-api/Facades/System.ValueTuple.dll"
-r:"C:/Program Files/Unity/Hub/Editor/6000.4.1f1/Editor/Data/UnityReferenceAssemblies/unity-4.8-api/Facades/System.Xml.ReaderWriter.dll"
-r:"C:/Program Files/Unity/Hub/Editor/6000.4.1f1/Editor/Data/UnityReferenceAssemblies/unity-4.8-api/Facades/System.Xml.XDocument.dll"
-r:"C:/Program Files/Unity/Hub/Editor/6000.4.1f1/Editor/Data/UnityReferenceAssemblies/unity-4.8-api/Facades/System.Xml.XPath.XDocument.dll"
-r:"C:/Program Files/Unity/Hub/Editor/6000.4.1f1/Editor/Data/UnityReferenceAssemblies/unity-4.8-api/Facades/System.Xml.XPath.dll"
-r:"C:/Program Files/Unity/Hub/Editor/6000.4.1f1/Editor/Data/UnityReferenceAssemblies/unity-4.8-api/Facades/System.Xml.XmlDocument.dll"
-r:"C:/Program Files/Unity/Hub/Editor/6000.4.1f1/Editor/Data/UnityReferenceAssemblies/unity-4.8-api/Facades/System.Xml.XmlSerializer.dll"
-r:"C:/Program Files/Unity/Hub/Editor/6000.4.1f1/Editor/Data/UnityReferenceAssemblies/unity-4.8-api/Facades/netstandard.dll"
-r:"C:/Program Files/Unity/Hub/Editor/6000.4.1f1/Editor/Data/UnityReferenceAssemblies/unity-4.8-api/Microsoft.CSharp.dll"
-r:"C:/Program Files/Unity/Hub/Editor/6000.4.1f1/Editor/Data/UnityReferenceAssemblies/unity-4.8-api/System.ComponentModel.Composition.dll"
-r:"C:/Program Files/Unity/Hub/Editor/6000.4.1f1/Editor/Data/UnityReferenceAssemblies/unity-4.8-api/System.Core.dll"
-r:"C:/Program Files/Unity/Hub/Editor/6000.4.1f1/Editor/Data/UnityReferenceAssemblies/unity-4.8-api/System.Data.DataSetExtensions.dll"
-r:"C:/Program Files/Unity/Hub/Editor/6000.4.1f1/Editor/Data/UnityReferenceAssemblies/unity-4.8-api/System.Data.dll"
-r:"C:/Program Files/Unity/Hub/Editor/6000.4.1f1/Editor/Data/UnityReferenceAssemblies/unity-4.8-api/System.Drawing.dll"
-r:"C:/Program Files/Unity/Hub/Editor/6000.4.1f1/Editor/Data/UnityReferenceAssemblies/unity-4.8-api/System.IO.Compression.FileSystem.dll"
-r:"C:/Program Files/Unity/Hub/Editor/6000.4.1f1/Editor/Data/UnityReferenceAssemblies/unity-4.8-api/System.IO.Compression.dll"
-r:"C:/Program Files/Unity/Hub/Editor/6000.4.1f1/Editor/Data/UnityReferenceAssemblies/unity-4.8-api/System.Net.Http.dll"
-r:"C:/Program Files/Unity/Hub/Editor/6000.4.1f1/Editor/Data/UnityReferenceAssemblies/unity-4.8-api/System.Numerics.Vectors.dll"
-r:"C:/Program Files/Unity/Hub/Editor/6000.4.1f1/Editor/Data/UnityReferenceAssemblies/unity-4.8-api/System.Numerics.dll"
-r:"C:/Program Files/Unity/Hub/Editor/6000.4.1f1/Editor/Data/UnityReferenceAssemblies/unity-4.8-api/System.Runtime.Serialization.dll"
-r:"C:/Program Files/Unity/Hub/Editor/6000.4.1f1/Editor/Data/UnityReferenceAssemblies/unity-4.8-api/System.Transactions.dll"
-r:"C:/Program Files/Unity/Hub/Editor/6000.4.1f1/Editor/Data/UnityReferenceAssemblies/unity-4.8-api/System.Xml.Linq.dll"
-r:"C:/Program Files/Unity/Hub/Editor/6000.4.1f1/Editor/Data/UnityReferenceAssemblies/unity-4.8-api/System.Xml.dll"
-r:"C:/Program Files/Unity/Hub/Editor/6000.4.1f1/Editor/Data/UnityReferenceAssemblies/unity-4.8-api/System.dll"
-r:"C:/Program Files/Unity/Hub/Editor/6000.4.1f1/Editor/Data/UnityReferenceAssemblies/unity-4.8-api/mscorlib.dll"
-r:"Library/PackageCache/com.unity.collab-proxy@a5329f833fa8/Lib/Editor/Unity.Plastic.Antlr3.Runtime.dll"
-r:"Library/PackageCache/com.unity.collab-proxy@a5329f833fa8/Lib/Editor/Unity.Plastic.Newtonsoft.Json.dll"
-r:"Library/PackageCache/com.unity.collab-proxy@a5329f833fa8/Lib/Editor/log4netPlastic.dll"
-r:"Library/PackageCache/com.unity.collab-proxy@a5329f833fa8/Lib/Editor/unityplastic.dll"
-r:"Library/PackageCache/com.unity.nuget.mono-cecil@ecb9724e46ff/Mono.Cecil.dll"
-r:"Library/PackageCache/com.unity.nuget.newtonsoft-json@4dfd81071c64/Runtime/Newtonsoft.Json.dll"
-r:"Library/PackageCache/com.unity.sharp-zip-lib@f6e4ef34e4d8/Runtime/Unity.SharpZipLib.dll"
-r:"Library/PackageCache/com.unity.visualscripting@8bed5ad90189/Editor/VisualScripting.Core/Dependencies/DotNetZip/Unity.VisualScripting.IonicZip.dll"
-r:"Library/PackageCache/com.unity.visualscripting@8bed5ad90189/Editor/VisualScripting.Core/Dependencies/YamlDotNet/Unity.VisualScripting.YamlDotNet.dll"
-r:"Library/PackageCache/com.unity.visualscripting@8bed5ad90189/Editor/VisualScripting.Core/EditorAssetResources/Unity.VisualScripting.TextureAssets.dll"
-r:"Library/PackageCache/com.unity.visualscripting@8bed5ad90189/Runtime/VisualScripting.Flow/Dependencies/NCalc/Unity.VisualScripting.Antlr3.Runtime.dll"
-r:"Packages/com.unity.collections/Unity.Collections.LowLevel.ILSupport/Unity.Collections.LowLevel.ILSupport.dll"
-r:"Library/Bee/artifacts/1900b0aEDbg.dag/Unity.Burst.ref.dll"
-r:"Library/Bee/artifacts/1900b0aEDbg.dag/Unity.Collections.ref.dll"
-r:"Library/Bee/artifacts/1900b0aEDbg.dag/Unity.EditorCoroutines.Editor.ref.dll"
-r:"Library/Bee/artifacts/1900b0aEDbg.dag/Unity.Mathematics.ref.dll"
-r:"Library/Bee/artifacts/1900b0aEDbg.dag/Unity.MemoryProfiler.ref.dll"
-r:"Library/Bee/artifacts/1900b0aEDbg.dag/Unity.Profiling.Core.ref.dll"
-r:"Library/Bee/artifacts/1900b0aEDbg.dag/UnityEditor.UI.ref.dll"
-r:"Library/Bee/artifacts/1900b0aEDbg.dag/UnityEngine.UI.ref.dll"
-analyzer:"C:/Program Files/Unity/Hub/Editor/6000.4.1f1/Editor/Data/Tools/BuildPipeline/Unity.SourceGenerators/Unity.Properties.SourceGenerator.dll"
-analyzer:"C:/Program Files/Unity/Hub/Editor/6000.4.1f1/Editor/Data/Tools/BuildPipeline/Unity.SourceGenerators/Unity.SourceGenerators.dll"
-analyzer:"C:/Program Files/Unity/Hub/Editor/6000.4.1f1/Editor/Data/Tools/BuildPipeline/Unity.SourceGenerators/Unity.UIToolkit.SourceGenerator.dll"
"Library/PackageCache/com.unity.memoryprofiler@485b5ba42ef5/Editor/AssemblyInfo.cs"
"Library/PackageCache/com.unity.memoryprofiler@485b5ba42ef5/Editor/Containers/BlockList.cs"
"Library/PackageCache/com.unity.memoryprofiler@485b5ba42ef5/Editor/Containers/CollectionsCompatibility/NativeHashMap.cs"
"Library/PackageCache/com.unity.memoryprofiler@485b5ba42ef5/Editor/Containers/DynamicArray.cs"
"Library/PackageCache/com.unity.memoryprofiler@485b5ba42ef5/Editor/Containers/DynamicBlockArray.cs"
"Library/PackageCache/com.unity.memoryprofiler@485b5ba42ef5/Editor/Containers/MetaDataHelpers.cs"
"Library/PackageCache/com.unity.memoryprofiler@485b5ba42ef5/Editor/Containers/NestedDynamicArray.cs"
"Library/PackageCache/com.unity.memoryprofiler@485b5ba42ef5/Editor/Containers/UnsafeDataUtility.cs"
"Library/PackageCache/com.unity.memoryprofiler@485b5ba42ef5/Editor/Diagnostics/Diagnostics.cs"
"Library/PackageCache/com.unity.memoryprofiler@485b5ba42ef5/Editor/IsExternalInit.cs"
"Library/PackageCache/com.unity.memoryprofiler@485b5ba42ef5/Editor/MemoryProfilerWindow.cs"
"Library/PackageCache/com.unity.memoryprofiler@485b5ba42ef5/Editor/MemoryProfilerWindowContent.cs"
"Library/PackageCache/com.unity.memoryprofiler@485b5ba42ef5/Editor/MemorySnapshot/Cached/CachedSnapshot.cs"
"Library/PackageCache/com.unity.memoryprofiler@485b5ba42ef5/Editor/MemorySnapshot/Cached/ConnectionEntriesCache.cs"
"Library/PackageCache/com.unity.memoryprofiler@485b5ba42ef5/Editor/MemorySnapshot/Cached/EntriesMemoryMapCache.cs"
"Library/PackageCache/com.unity.memoryprofiler@485b5ba42ef5/Editor/MemorySnapshot/Cached/FieldDescriptionEntriesCache.cs"
"Library/PackageCache/com.unity.memoryprofiler@485b5ba42ef5/Editor/MemorySnapshot/Cached/GCHandleEntriesCache.cs"
"Library/PackageCache/com.unity.memoryprofiler@485b5ba42ef5/Editor/MemorySnapshot/Cached/IndirectlySortedEntriesCache.cs"
"Library/PackageCache/com.unity.memoryprofiler@485b5ba42ef5/Editor/MemorySnapshot/Cached/Managed/ArrayInfo.cs"
"Library/PackageCache/com.unity.memoryprofiler@485b5ba42ef5/Editor/MemorySnapshot/Cached/Managed/BytesAndOffset.cs"
"Library/PackageCache/com.unity.memoryprofiler@485b5ba42ef5/Editor/MemorySnapshot/Cached/Managed/ChunkedParallelArrayCrawlerJob.cs"
"Library/PackageCache/com.unity.memoryprofiler@485b5ba42ef5/Editor/MemorySnapshot/Cached/Managed/FieldLayoutInfo.cs"
"Library/PackageCache/com.unity.memoryprofiler@485b5ba42ef5/Editor/MemorySnapshot/Cached/Managed/FieldLayouts.cs"
"Library/PackageCache/com.unity.memoryprofiler@485b5ba42ef5/Editor/MemorySnapshot/Cached/Managed/ManagedConnection.cs"
"Library/PackageCache/com.unity.memoryprofiler@485b5ba42ef5/Editor/MemorySnapshot/Cached/Managed/ManagedData.cs"
"Library/PackageCache/com.unity.memoryprofiler@485b5ba42ef5/Editor/MemorySnapshot/Cached/Managed/ManagedDataCrawler.cs"
"Library/PackageCache/com.unity.memoryprofiler@485b5ba42ef5/Editor/MemorySnapshot/Cached/Managed/ManagedObjectInfo.cs"
"Library/PackageCache/com.unity.memoryprofiler@485b5ba42ef5/Editor/MemorySnapshot/Cached/Managed/ReferenceArrayCrawlerJobChunk.cs"
"Library/PackageCache/com.unity.memoryprofiler@485b5ba42ef5/Editor/MemorySnapshot/Cached/Managed/StaticFieldsCrawlerJobChunk.cs"
"Library/PackageCache/com.unity.memoryprofiler@485b5ba42ef5/Editor/MemorySnapshot/Cached/Managed/StringTools.cs"
"Library/PackageCache/com.unity.memoryprofiler@485b5ba42ef5/Editor/MemorySnapshot/Cached/Managed/StructArrayCrawlerJobChunk.cs"
"Library/PackageCache/com.unity.memoryprofiler@485b5ba42ef5/Editor/MemorySnapshot/Cached/ManagedMemorySectionEntriesCache.cs"
"Library/PackageCache/com.unity.memoryprofiler@485b5ba42ef5/Editor/MemorySnapshot/Cached/NativeAllocationEntriesCache.cs"
"Library/PackageCache/com.unity.memoryprofiler@485b5ba42ef5/Editor/MemorySnapshot/Cached/NativeAllocationSiteEntriesCache.cs"
"Library/PackageCache/com.unity.memoryprofiler@485b5ba42ef5/Editor/MemorySnapshot/Cached/NativeAllocatorEntriesCache.cs"
"Library/PackageCache/com.unity.memoryprofiler@485b5ba42ef5/Editor/MemorySnapshot/Cached/NativeCallstackSymbolEntriesCache.cs"
"Library/PackageCache/com.unity.memoryprofiler@485b5ba42ef5/Editor/MemorySnapshot/Cached/NativeGfxResourceReferenceEntriesCache.cs"
"Library/PackageCache/com.unity.memoryprofiler@485b5ba42ef5/Editor/MemorySnapshot/Cached/NativeMemoryLabelEntriesCache.cs"
"Library/PackageCache/com.unity.memoryprofiler@485b5ba42ef5/Editor/MemorySnapshot/Cached/NativeMemoryRegionEntriesCache.cs"
"Library/PackageCache/com.unity.memoryprofiler@485b5ba42ef5/Editor/MemorySnapshot/Cached/NativeObjectEntriesCache.cs"
"Library/PackageCache/com.unity.memoryprofiler@485b5ba42ef5/Editor/MemorySnapshot/Cached/NativeRootReferenceEntriesCache.cs"
"Library/PackageCache/com.unity.memoryprofiler@485b5ba42ef5/Editor/MemorySnapshot/Cached/NativeTypeEntriesCache.cs"
"Library/PackageCache/com.unity.memoryprofiler@485b5ba42ef5/Editor/MemorySnapshot/Cached/ObjectConnection.cs"
"Library/PackageCache/com.unity.memoryprofiler@485b5ba42ef5/Editor/MemorySnapshot/Cached/ObjectData.cs"
"Library/PackageCache/com.unity.memoryprofiler@485b5ba42ef5/Editor/MemorySnapshot/Cached/ProcessedNativeRoots.cs"
"Library/PackageCache/com.unity.memoryprofiler@485b5ba42ef5/Editor/MemorySnapshot/Cached/RootAndImpactInfo.cs"
"Library/PackageCache/com.unity.memoryprofiler@485b5ba42ef5/Editor/MemorySnapshot/Cached/SceneRootEntriesCache.cs"
"Library/PackageCache/com.unity.memoryprofiler@485b5ba42ef5/Editor/MemorySnapshot/Cached/SnapshotMetrics.cs"
"Library/PackageCache/com.unity.memoryprofiler@485b5ba42ef5/Editor/MemorySnapshot/Cached/SnapshotMetricsCollector.cs"
"Library/PackageCache/com.unity.memoryprofiler@485b5ba42ef5/Editor/MemorySnapshot/Cached/SystemMemoryRegionEntriesCache.cs"
"Library/PackageCache/com.unity.memoryprofiler@485b5ba42ef5/Editor/MemorySnapshot/Cached/SystemMemoryResidentPagesEntriesCache.cs"
"Library/PackageCache/com.unity.memoryprofiler@485b5ba42ef5/Editor/MemorySnapshot/Cached/TableEntryNameCache.cs"
"Library/PackageCache/com.unity.memoryprofiler@485b5ba42ef5/Editor/MemorySnapshot/Cached/TypeDescriptionEntriesCache.cs"
"Library/PackageCache/com.unity.memoryprofiler@485b5ba42ef5/Editor/MemorySnapshot/FileData/SnapshotFileModel.cs"
"Library/PackageCache/com.unity.memoryprofiler@485b5ba42ef5/Editor/MemorySnapshot/FileData/SnapshotFileModelBuilder.cs"
"Library/PackageCache/com.unity.memoryprofiler@485b5ba42ef5/Editor/MemorySnapshot/Reader/IReader.cs"
"Library/PackageCache/com.unity.memoryprofiler@485b5ba42ef5/Editor/MemorySnapshot/Reader/LowLevel/LowLevelFileReader.cs"
"Library/PackageCache/com.unity.memoryprofiler@485b5ba42ef5/Editor/MemorySnapshot/Reader/LowLevel/ReadCommandBufferUtils.cs"
"Library/PackageCache/com.unity.memoryprofiler@485b5ba42ef5/Editor/MemorySnapshot/Reader/QueriedSnapshot/Block.cs"
"Library/PackageCache/com.unity.memoryprofiler@485b5ba42ef5/Editor/MemorySnapshot/Reader/QueriedSnapshot/Entry.cs"
"Library/PackageCache/com.unity.memoryprofiler@485b5ba42ef5/Editor/MemorySnapshot/Reader/QueriedSnapshot/EntryType.cs"
"Library/PackageCache/com.unity.memoryprofiler@485b5ba42ef5/Editor/MemorySnapshot/Reader/QueriedSnapshot/FileReader.cs"
"Library/PackageCache/com.unity.memoryprofiler@485b5ba42ef5/Editor/MemorySnapshot/Reader/QueriedSnapshot/FormatDataTypes.cs"
"Library/PackageCache/com.unity.memoryprofiler@485b5ba42ef5/Editor/MemorySnapshot/Reader/QueriedSnapshot/GenericReadOperation.cs"
"Library/PackageCache/com.unity.memoryprofiler@485b5ba42ef5/Editor/MemorySnapshot/Reader/QueriedSnapshot/IFileReader.cs"
"Library/PackageCache/com.unity.memoryprofiler@485b5ba42ef5/Editor/MemorySnapshot/Reader/QueriedSnapshot/ReadError.cs"
"Library/PackageCache/com.unity.memoryprofiler@485b5ba42ef5/Editor/UI/Analysis/AnalysisTabBarController.cs"
"Library/PackageCache/com.unity.memoryprofiler@485b5ba42ef5/Editor/UI/Analysis/Breakdowns/AllTrackedMemory/Breakdown/AllTrackedMemoryBreakdownViewController.cs"
"Library/PackageCache/com.unity.memoryprofiler@485b5ba42ef5/Editor/UI/Analysis/Breakdowns/AllTrackedMemory/Comparison/AllTrackedMemoryComparisonTableModelBuilder.cs"
"Library/PackageCache/com.unity.memoryprofiler@485b5ba42ef5/Editor/UI/Analysis/Breakdowns/AllTrackedMemory/Comparison/AllTrackedMemoryComparisonViewController.cs"
"Library/PackageCache/com.unity.memoryprofiler@485b5ba42ef5/Editor/UI/Analysis/Breakdowns/AllTrackedMemory/Data/AllTrackedMemoryModel.cs"
"Library/PackageCache/com.unity.memoryprofiler@485b5ba42ef5/Editor/UI/Analysis/Breakdowns/AllTrackedMemory/Data/AllTrackedMemoryModelBuilder.cs"
"Library/PackageCache/com.unity.memoryprofiler@485b5ba42ef5/Editor/UI/Analysis/Breakdowns/AllTrackedMemory/Table/AllTrackedMemoryTableMode.cs"
"Library/PackageCache/com.unity.memoryprofiler@485b5ba42ef5/Editor/UI/Analysis/Breakdowns/AllTrackedMemory/Table/AllTrackedMemoryTableViewController.cs"
"Library/PackageCache/com.unity.memoryprofiler@485b5ba42ef5/Editor/UI/Analysis/Breakdowns/AllTrackedMemory/Table/Cells/AllTrackedMemoryDescriptionCell.cs"
"Library/PackageCache/com.unity.memoryprofiler@485b5ba42ef5/Editor/UI/Analysis/Breakdowns/FeatureUnavailable/FeatureUnavailableViewController.cs"
"Library/PackageCache/com.unity.memoryprofiler@485b5ba42ef5/Editor/UI/Analysis/Breakdowns/MemoryMap/MemoryMapBreakdownModel.cs"
"Library/PackageCache/com.unity.memoryprofiler@485b5ba42ef5/Editor/UI/Analysis/Breakdowns/MemoryMap/MemoryMapBreakdownModelBuilder.cs"
"Library/PackageCache/com.unity.memoryprofiler@485b5ba42ef5/Editor/UI/Analysis/Breakdowns/MemoryMap/MemoryMapBreakdownViewController.cs"
"Library/PackageCache/com.unity.memoryprofiler@485b5ba42ef5/Editor/UI/Analysis/Breakdowns/MemoryMap/MemoryMapTableViewController.cs"
"Library/PackageCache/com.unity.memoryprofiler@485b5ba42ef5/Editor/UI/Analysis/Breakdowns/Shared/AsyncWorker.cs"
"Library/PackageCache/com.unity.memoryprofiler@485b5ba42ef5/Editor/UI/Analysis/Breakdowns/Shared/BreakdownDetailsViewControllerFactory.cs"
"Library/PackageCache/com.unity.memoryprofiler@485b5ba42ef5/Editor/UI/Analysis/Breakdowns/Shared/BreakdownViewController/BreakdownViewController.cs"
"Library/PackageCache/com.unity.memoryprofiler@485b5ba42ef5/Editor/UI/Analysis/Breakdowns/Shared/Comparison/ComparisonModelBuildOrchestrator.cs"
"Library/PackageCache/com.unity.memoryprofiler@485b5ba42ef5/Editor/UI/Analysis/Breakdowns/Shared/Comparison/ComparisonTableColumnManager.cs"
"Library/PackageCache/com.unity.memoryprofiler@485b5ba42ef5/Editor/UI/Analysis/Breakdowns/Shared/Comparison/ComparisonViewController.cs"
"Library/PackageCache/com.unity.memoryprofiler@485b5ba42ef5/Editor/UI/Analysis/Breakdowns/Shared/Comparison/Data/ComparisonTableModel.cs"
"Library/PackageCache/com.unity.memoryprofiler@485b5ba42ef5/Editor/UI/Analysis/Breakdowns/Shared/Comparison/Data/IComparableItemData.cs"
"Library/PackageCache/com.unity.memoryprofiler@485b5ba42ef5/Editor/UI/Analysis/Breakdowns/Shared/Comparison/Data/TreeComparisonBuilder.cs"
"Library/PackageCache/com.unity.memoryprofiler@485b5ba42ef5/Editor/UI/Analysis/Breakdowns/Shared/Components/ModelBuildOrchestrator.cs"
"Library/PackageCache/com.unity.memoryprofiler@485b5ba42ef5/Editor/UI/Analysis/Breakdowns/Shared/Components/SizeCellRenderer.cs"
"Library/PackageCache/com.unity.memoryprofiler@485b5ba42ef5/Editor/UI/Analysis/Breakdowns/Shared/Components/TableFilterManager.cs"
"Library/PackageCache/com.unity.memoryprofiler@485b5ba42ef5/Editor/UI/Analysis/Breakdowns/Shared/Components/TreeViewColumnManager.cs"
"Library/PackageCache/com.unity.memoryprofiler@485b5ba42ef5/Editor/UI/Analysis/Breakdowns/Shared/Controls/ActivityIndicator.cs"
"Library/PackageCache/com.unity.memoryprofiler@485b5ba42ef5/Editor/UI/Analysis/Breakdowns/Shared/Controls/ActivityIndicatorOverlay.cs"
"Library/PackageCache/com.unity.memoryprofiler@485b5ba42ef5/Editor/UI/Analysis/Breakdowns/Shared/Controls/DetailedSizeBar.cs"
"Library/PackageCache/com.unity.memoryprofiler@485b5ba42ef5/Editor/UI/Analysis/Breakdowns/Shared/Controls/MemoryBar.cs"
"Library/PackageCache/com.unity.memoryprofiler@485b5ba42ef5/Editor/UI/Analysis/Breakdowns/Shared/Controls/MemoryBarElement.cs"
"Library/PackageCache/com.unity.memoryprofiler@485b5ba42ef5/Editor/UI/Analysis/Breakdowns/Shared/Controls/MemorySizeTooltipBuilder.cs"
"Library/PackageCache/com.unity.memoryprofiler@485b5ba42ef5/Editor/UI/Analysis/Breakdowns/Shared/Controls/ProgressBar.cs"
"Library/PackageCache/com.unity.memoryprofiler@485b5ba42ef5/Editor/UI/Analysis/Breakdowns/Shared/Data/Filtering/ContainsTextFilter.cs"
"Library/PackageCache/com.unity.memoryprofiler@485b5ba42ef5/Editor/UI/Analysis/Breakdowns/Shared/Data/Filtering/IEntityIdFilter.cs"
"Library/PackageCache/com.unity.memoryprofiler@485b5ba42ef5/Editor/UI/Analysis/Breakdowns/Shared/Data/Filtering/IScopedFilter.cs"
"Library/PackageCache/com.unity.memoryprofiler@485b5ba42ef5/Editor/UI/Analysis/Breakdowns/Shared/Data/Filtering/ITableFilter.cs"
"Library/PackageCache/com.unity.memoryprofiler@485b5ba42ef5/Editor/UI/Analysis/Breakdowns/Shared/Data/Filtering/ITextFilter.cs"
"Library/PackageCache/com.unity.memoryprofiler@485b5ba42ef5/Editor/UI/Analysis/Breakdowns/Shared/Data/Filtering/MatchesAllTextFilter.cs"
"Library/PackageCache/com.unity.memoryprofiler@485b5ba42ef5/Editor/UI/Analysis/Breakdowns/Shared/Data/Filtering/MatchesEntityIdFilter.cs"
"Library/PackageCache/com.unity.memoryprofiler@485b5ba42ef5/Editor/UI/Analysis/Breakdowns/Shared/Data/Filtering/MatchesTextFilter.cs"
"Library/PackageCache/com.unity.memoryprofiler@485b5ba42ef5/Editor/UI/Analysis/Breakdowns/Shared/Data/Filtering/ScopedContainsTextFilter.cs"
"Library/PackageCache/com.unity.memoryprofiler@485b5ba42ef5/Editor/UI/Analysis/Breakdowns/Shared/Data/Filtering/ScopedFilter.cs"
"Library/PackageCache/com.unity.memoryprofiler@485b5ba42ef5/Editor/UI/Analysis/Breakdowns/Shared/Data/TreeModel.cs"
"Library/PackageCache/com.unity.memoryprofiler@485b5ba42ef5/Editor/UI/Analysis/Breakdowns/Shared/Data/TreeModelUtility.cs"
"Library/PackageCache/com.unity.memoryprofiler@485b5ba42ef5/Editor/UI/Analysis/Breakdowns/Summary/Controls/SummaryBar/MemorySummaryBarViewController.cs"
"Library/PackageCache/com.unity.memoryprofiler@485b5ba42ef5/Editor/UI/Analysis/Breakdowns/Summary/Controls/SummaryLegend/MemorySummaryLegendViewController.cs"
"Library/PackageCache/com.unity.memoryprofiler@485b5ba42ef5/Editor/UI/Analysis/Breakdowns/Summary/Controls/TopIssues/SnapshotIssuesModel.cs"
"Library/PackageCache/com.unity.memoryprofiler@485b5ba42ef5/Editor/UI/Analysis/Breakdowns/Summary/Controls/TopIssues/SnapshotIssuesModelBuilder.cs"
"Library/PackageCache/com.unity.memoryprofiler@485b5ba42ef5/Editor/UI/Analysis/Breakdowns/Summary/Controls/TopIssues/SnapshotIssuesViewController.cs"
"Library/PackageCache/com.unity.memoryprofiler@485b5ba42ef5/Editor/UI/Analysis/Breakdowns/Summary/Data/AllMemoryInEditorSummaryModelBuilder.cs"
"Library/PackageCache/com.unity.memoryprofiler@485b5ba42ef5/Editor/UI/Analysis/Breakdowns/Summary/Data/AllMemorySummaryModelBuilder.cs"
"Library/PackageCache/com.unity.memoryprofiler@485b5ba42ef5/Editor/UI/Analysis/Breakdowns/Summary/Data/BaseProfilerModuleSummaryBuilder.cs"
"Library/PackageCache/com.unity.memoryprofiler@485b5ba42ef5/Editor/UI/Analysis/Breakdowns/Summary/Data/GCAllocMemorySummaryModelBuilder.cs"
"Library/PackageCache/com.unity.memoryprofiler@485b5ba42ef5/Editor/UI/Analysis/Breakdowns/Summary/Data/IMemoryProfilerModuleSummaryModelBuilder.cs"
"Library/PackageCache/com.unity.memoryprofiler@485b5ba42ef5/Editor/UI/Analysis/Breakdowns/Summary/Data/IMemorySummaryModelBuilder.cs"
"Library/PackageCache/com.unity.memoryprofiler@485b5ba42ef5/Editor/UI/Analysis/Breakdowns/Summary/Data/ManagedMemorySummaryModelBuilder.cs"
"Library/PackageCache/com.unity.memoryprofiler@485b5ba42ef5/Editor/UI/Analysis/Breakdowns/Summary/Data/MemorySummaryModel.cs"
"Library/PackageCache/com.unity.memoryprofiler@485b5ba42ef5/Editor/UI/Analysis/Breakdowns/Summary/Data/ResidentMemoryInEditorSummaryModelBuilder.cs"
"Library/PackageCache/com.unity.memoryprofiler@485b5ba42ef5/Editor/UI/Analysis/Breakdowns/Summary/Data/ResidentMemorySummaryModelBuilder.cs"
"Library/PackageCache/com.unity.memoryprofiler@485b5ba42ef5/Editor/UI/Analysis/Breakdowns/Summary/Data/UnityObjectsMemoryInEditorSummaryModelBuilder.cs"
"Library/PackageCache/com.unity.memoryprofiler@485b5ba42ef5/Editor/UI/Analysis/Breakdowns/Summary/Data/UnityObjectsMemorySummaryModelBuilder.cs"
"Library/PackageCache/com.unity.memoryprofiler@485b5ba42ef5/Editor/UI/Analysis/Breakdowns/Summary/GenericMemorySummary/GenericMemorySummaryViewController.cs"
"Library/PackageCache/com.unity.memoryprofiler@485b5ba42ef5/Editor/UI/Analysis/Breakdowns/Summary/IMemorySummaryViewController.cs"
"Library/PackageCache/com.unity.memoryprofiler@485b5ba42ef5/Editor/UI/Analysis/Breakdowns/Summary/ResidentMemorySummary/ResidentMemorySummaryViewController.cs"
"Library/PackageCache/com.unity.memoryprofiler@485b5ba42ef5/Editor/UI/Analysis/Breakdowns/Summary/SummaryTextContent.cs"
"Library/PackageCache/com.unity.memoryprofiler@485b5ba42ef5/Editor/UI/Analysis/Breakdowns/Summary/SummaryViewController.cs"
"Library/PackageCache/com.unity.memoryprofiler@485b5ba42ef5/Editor/UI/Analysis/Breakdowns/UnityObjects/Breakdown/UnityObjectsBreakdownViewController.cs"
"Library/PackageCache/com.unity.memoryprofiler@485b5ba42ef5/Editor/UI/Analysis/Breakdowns/UnityObjects/Comparison/Cells/CountDeltaCell.cs"
"Library/PackageCache/com.unity.memoryprofiler@485b5ba42ef5/Editor/UI/Analysis/Breakdowns/UnityObjects/Comparison/Cells/DeltaBarCell.cs"
"Library/PackageCache/com.unity.memoryprofiler@485b5ba42ef5/Editor/UI/Analysis/Breakdowns/UnityObjects/Comparison/Data/UnityObjectsComparisonModel.cs"
"Library/PackageCache/com.unity.memoryprofiler@485b5ba42ef5/Editor/UI/Analysis/Breakdowns/UnityObjects/Comparison/Data/UnityObjectsComparisonModelBuilder.cs"
"Library/PackageCache/com.unity.memoryprofiler@485b5ba42ef5/Editor/UI/Analysis/Breakdowns/UnityObjects/Comparison/UnityObjectsComparisonModelBuilderAdapter.cs"
"Library/PackageCache/com.unity.memoryprofiler@485b5ba42ef5/Editor/UI/Analysis/Breakdowns/UnityObjects/Comparison/UnityObjectsComparisonViewController.cs"
"Library/PackageCache/com.unity.memoryprofiler@485b5ba42ef5/Editor/UI/Analysis/Breakdowns/UnityObjects/Data/UnityObjectsModel.cs"
"Library/PackageCache/com.unity.memoryprofiler@485b5ba42ef5/Editor/UI/Analysis/Breakdowns/UnityObjects/Data/UnityObjectsModelBuilder.cs"
"Library/PackageCache/com.unity.memoryprofiler@485b5ba42ef5/Editor/UI/Analysis/Breakdowns/UnityObjects/Table/Cells/UnityObjectsDescriptionCell.cs"
"Library/PackageCache/com.unity.memoryprofiler@485b5ba42ef5/Editor/UI/Analysis/Breakdowns/UnityObjects/Table/UnityObjectsTableViewController.cs"
"Library/PackageCache/com.unity.memoryprofiler@485b5ba42ef5/Editor/UI/Analysis/CallstacksTreeWindow.cs"
"Library/PackageCache/com.unity.memoryprofiler@485b5ba42ef5/Editor/UI/Analysis/IAnalysisViewSelectable.cs"
"Library/PackageCache/com.unity.memoryprofiler@485b5ba42ef5/Editor/UI/Analysis/NoData/NoDataViewController.cs"
"Library/PackageCache/com.unity.memoryprofiler@485b5ba42ef5/Editor/UI/Analysis/UnsupportedSnapshotVersionException.cs"
"Library/PackageCache/com.unity.memoryprofiler@485b5ba42ef5/Editor/UI/Analytics/DebugAnalyticsService.cs"
"Library/PackageCache/com.unity.memoryprofiler@485b5ba42ef5/Editor/UI/Analytics/EditorAnalyticsService.cs"
"Library/PackageCache/com.unity.memoryprofiler@485b5ba42ef5/Editor/UI/Analytics/IAnalyticsService.cs"
"Library/PackageCache/com.unity.memoryprofiler@485b5ba42ef5/Editor/UI/Analytics/MemoryProfilerAnalytics.cs"
"Library/PackageCache/com.unity.memoryprofiler@485b5ba42ef5/Editor/UI/FileSystemWatcherUnity.cs"
"Library/PackageCache/com.unity.memoryprofiler@485b5ba42ef5/Editor/UI/Icons.cs"
"Library/PackageCache/com.unity.memoryprofiler@485b5ba42ef5/Editor/UI/MemoryProfilerSettings.cs"
"Library/PackageCache/com.unity.memoryprofiler@485b5ba42ef5/Editor/UI/MemoryProfilerSettingsEditor.cs"
"Library/PackageCache/com.unity.memoryprofiler@485b5ba42ef5/Editor/UI/PathsToRoot/DetailFormatter.cs"
"Library/PackageCache/com.unity.memoryprofiler@485b5ba42ef5/Editor/UI/PathsToRoot/ManagedObjectInspector.cs"
"Library/PackageCache/com.unity.memoryprofiler@485b5ba42ef5/Editor/UI/PathsToRoot/ManagedObjectInspectorItem.cs"
"Library/PackageCache/com.unity.memoryprofiler@485b5ba42ef5/Editor/UI/PathsToRoot/MultiColumnHeaderWithTruncateTypeName.cs"
"Library/PackageCache/com.unity.memoryprofiler@485b5ba42ef5/Editor/UI/PathsToRoot/PathsToRootDetailView.cs"
"Library/PackageCache/com.unity.memoryprofiler@485b5ba42ef5/Editor/UI/PathsToRoot/PathsToRootDetailViewItem.cs"
"Library/PackageCache/com.unity.memoryprofiler@485b5ba42ef5/Editor/UI/PathsToRoot/PathsToRootUtil.cs"
"Library/PackageCache/com.unity.memoryprofiler@485b5ba42ef5/Editor/UI/PathsToRoot/SelectedItemDetailsForTypesAndObjects.cs"
"Library/PackageCache/com.unity.memoryprofiler@485b5ba42ef5/Editor/UI/PathsToRoot/SelectedItemDetailsPanel.cs"
"Library/PackageCache/com.unity.memoryprofiler@485b5ba42ef5/Editor/UI/PathsToRoot/UnifiedUnityObjectInfo.cs"
"Library/PackageCache/com.unity.memoryprofiler@485b5ba42ef5/Editor/UI/PlayerConnectionService.cs"
"Library/PackageCache/com.unity.memoryprofiler@485b5ba42ef5/Editor/UI/ProgressBar/ProgressBar.cs"
"Library/PackageCache/com.unity.memoryprofiler@485b5ba42ef5/Editor/UI/ScreenshotsManager.cs"
"Library/PackageCache/com.unity.memoryprofiler@485b5ba42ef5/Editor/UI/SnapshotDataService.cs"
"Library/PackageCache/com.unity.memoryprofiler@485b5ba42ef5/Editor/UI/Styles.cs"
"Library/PackageCache/com.unity.memoryprofiler@485b5ba42ef5/Editor/UI/UIElements/BackgroundPattern.cs"
"Library/PackageCache/com.unity.memoryprofiler@485b5ba42ef5/Editor/UI/UIElements/DropDownButton.cs"
"Library/PackageCache/com.unity.memoryprofiler@485b5ba42ef5/Editor/UI/UIElements/InfoBox/InfoBox.cs"
"Library/PackageCache/com.unity.memoryprofiler@485b5ba42ef5/Editor/UI/UIElements/ObjectOrTypeLabel/ObjectOrTypeLabel.cs"
"Library/PackageCache/com.unity.memoryprofiler@485b5ba42ef5/Editor/UI/UIElements/Ribbon/Ribbon.cs"
"Library/PackageCache/com.unity.memoryprofiler@485b5ba42ef5/Editor/UI/UIElements/Ribbon/RibbonButton.cs"
"Library/PackageCache/com.unity.memoryprofiler@485b5ba42ef5/Editor/UI/UIElements/ToolbarDropDownButton.cs"
"Library/PackageCache/com.unity.memoryprofiler@485b5ba42ef5/Editor/UI/Utilities/EditorGUICompatibilityHelper.cs"
"Library/PackageCache/com.unity.memoryprofiler@485b5ba42ef5/Editor/UI/Utilities/EditorUtilityCompatibilityHelper.cs"
"Library/PackageCache/com.unity.memoryprofiler@485b5ba42ef5/Editor/UI/Utilities/IconUtility.cs"
"Library/PackageCache/com.unity.memoryprofiler@485b5ba42ef5/Editor/UI/Utilities/PlayerConnectionCompatibilityHelper.cs"
"Library/PackageCache/com.unity.memoryprofiler@485b5ba42ef5/Editor/UI/Utilities/UIElementsHelper.cs"
"Library/PackageCache/com.unity.memoryprofiler@485b5ba42ef5/Editor/UI/ViewControllerSystem/AsyncModelBuildCoordinator.cs"
"Library/PackageCache/com.unity.memoryprofiler@485b5ba42ef5/Editor/UI/ViewControllerSystem/ContainerViewControllers/TabBarController.cs"
"Library/PackageCache/com.unity.memoryprofiler@485b5ba42ef5/Editor/UI/ViewControllerSystem/TreeViewController.cs"
"Library/PackageCache/com.unity.memoryprofiler@485b5ba42ef5/Editor/UI/ViewControllerSystem/TreeViewSortHelper.cs"
"Library/PackageCache/com.unity.memoryprofiler@485b5ba42ef5/Editor/UI/ViewControllerSystem/ViewController.cs"
"Library/PackageCache/com.unity.memoryprofiler@485b5ba42ef5/Editor/UI/ViewControllerSystem/ViewControllerUtility.cs"
"Library/PackageCache/com.unity.memoryprofiler@485b5ba42ef5/Editor/UI/Workbench/CaptureToolbar/CaptureToolbarViewController.cs"
"Library/PackageCache/com.unity.memoryprofiler@485b5ba42ef5/Editor/UI/Workbench/DetailView/DetailsViewController.cs"
"Library/PackageCache/com.unity.memoryprofiler@485b5ba42ef5/Editor/UI/Workbench/DetailView/ISelectionDetails.cs"
"Library/PackageCache/com.unity.memoryprofiler@485b5ba42ef5/Editor/UI/Workbench/DetailView/ObjectDetailsViewController.cs"
"Library/PackageCache/com.unity.memoryprofiler@485b5ba42ef5/Editor/UI/Workbench/DetailView/PageDetailsViewController.cs"
"Library/PackageCache/com.unity.memoryprofiler@485b5ba42ef5/Editor/UI/Workbench/DetailView/SimpleDetailsViewController.cs"
"Library/PackageCache/com.unity.memoryprofiler@485b5ba42ef5/Editor/UI/Workbench/DetailView/TypeDetailsViewController.cs"
"Library/PackageCache/com.unity.memoryprofiler@485b5ba42ef5/Editor/UI/Workbench/LoadedSnapshots/LoadedSnapshotsViewController.cs"
"Library/PackageCache/com.unity.memoryprofiler@485b5ba42ef5/Editor/UI/Workbench/LoadedSnapshotsItem/LoadedSnapshotsItemViewController.cs"
"Library/PackageCache/com.unity.memoryprofiler@485b5ba42ef5/Editor/UI/Workbench/MemoryProfilerViewController.cs"
"Library/PackageCache/com.unity.memoryprofiler@485b5ba42ef5/Editor/UI/Workbench/SnapshotFile/SnapshotFileBaseViewController.cs"
"Library/PackageCache/com.unity.memoryprofiler@485b5ba42ef5/Editor/UI/Workbench/SnapshotFilesList/SnapshotFileListModel.cs"
"Library/PackageCache/com.unity.memoryprofiler@485b5ba42ef5/Editor/UI/Workbench/SnapshotFilesList/SnapshotFileListModelBuilder.cs"
"Library/PackageCache/com.unity.memoryprofiler@485b5ba42ef5/Editor/UI/Workbench/SnapshotFilesList/SnapshotFilesListViewController.cs"
"Library/PackageCache/com.unity.memoryprofiler@485b5ba42ef5/Editor/UI/Workbench/SnapshotFilesListItem/SnapshotFileTreeItemViewController.cs"
"Library/PackageCache/com.unity.memoryprofiler@485b5ba42ef5/Editor/Utilities/ArrayTools.cs"
"Library/PackageCache/com.unity.memoryprofiler@485b5ba42ef5/Editor/Utilities/BitConverterExt.cs"
"Library/PackageCache/com.unity.memoryprofiler@485b5ba42ef5/Editor/Utilities/CallstacksUtility.cs"
"Library/PackageCache/com.unity.memoryprofiler@485b5ba42ef5/Editor/Utilities/DictionaryExtensions.cs"
"Library/PackageCache/com.unity.memoryprofiler@485b5ba42ef5/Editor/Utilities/EditorAssetFinderUtility.cs"
"Library/PackageCache/com.unity.memoryprofiler@485b5ba42ef5/Editor/Utilities/EditorSelectionAndEntityIdUtilities.cs"
"Library/PackageCache/com.unity.memoryprofiler@485b5ba42ef5/Editor/Utilities/EnumExtensions.cs"
"Library/PackageCache/com.unity.memoryprofiler@485b5ba42ef5/Editor/Utilities/EnumerationStatus.cs"
"Library/PackageCache/com.unity.memoryprofiler@485b5ba42ef5/Editor/Utilities/ExportUtility.cs"
"Library/PackageCache/com.unity.memoryprofiler@485b5ba42ef5/Editor/Utilities/IEnumeratorExtensions.cs"
"Library/PackageCache/com.unity.memoryprofiler@485b5ba42ef5/Editor/Utilities/ManagedObjectsTools.cs"
"Library/PackageCache/com.unity.memoryprofiler@485b5ba42ef5/Editor/Utilities/MemorySize.cs"
"Library/PackageCache/com.unity.memoryprofiler@485b5ba42ef5/Editor/Utilities/MemorySizeTreeNode.cs"
"Library/PackageCache/com.unity.memoryprofiler@485b5ba42ef5/Editor/Utilities/MethodImplementationHelper.cs"
"Library/PackageCache/com.unity.memoryprofiler@485b5ba42ef5/Editor/Utilities/NativeAllocationTools.cs"
"Library/PackageCache/com.unity.memoryprofiler@485b5ba42ef5/Editor/Utilities/NativeArrayAlgorithms.cs"
"Library/PackageCache/com.unity.memoryprofiler@485b5ba42ef5/Editor/Utilities/NativeHashMapExtensions.cs"
"Library/PackageCache/com.unity.memoryprofiler@485b5ba42ef5/Editor/Utilities/NativeObjectsTools.cs"
"Library/PackageCache/com.unity.memoryprofiler@485b5ba42ef5/Editor/Utilities/PathHelpers.cs"
"Library/PackageCache/com.unity.memoryprofiler@485b5ba42ef5/Editor/Utilities/PlatformsHelper.cs"
"Library/PackageCache/com.unity.memoryprofiler@485b5ba42ef5/Editor/Utilities/VMTools.cs"
-langversion:9.0
/unsafe+
/deterministic
/optimize-
/debug:portable
/nologo
/RuntimeMetadataVersion:v4.0.30319
/nowarn:0169
/nowarn:0649
/nowarn:0282
/nowarn:1701
/nowarn:1702
/utf8output
/preferreduilang:en-US
-warn:0
/additionalfile:"Library/Bee/artifacts/1900b0aEDbg.dag/Unity.MemoryProfiler.Editor.UnityAdditionalFile.txt"
##### Custom Environment Variables
DOTNET_MULTILEVEL_LOOKUP=0
##### ExitCode
1
##### Output
Library\PackageCache\com.unity.memoryprofiler@485b5ba42ef5\Editor\MemorySnapshot\Reader\QueriedSnapshot\GenericReadOperation.cs(5,7): error CS0246: The type or namespace name 'NUnit' could not be found (are you missing a using directive or an assembly reference?)
[1550/1644  6s] Csc Library/Bee/artifacts/1900b0aEDbg.dag/Unity.RenderPipelines.Core.Editor.dll (+2 others)
##### CommandLine
"C:\Program Files\Unity\Hub\Editor\6000.4.1f1\Editor\Data\NetCoreRuntime\dotnet.exe" exec "C:/Program Files/Unity/Hub/Editor/6000.4.1f1/Editor/Data/DotNetSdkRoslyn/csc.dll" /nostdlib /noconfig /shared "@Library/Bee/artifacts/1900b0aEDbg.dag/Unity.RenderPipelines.Core.Editor.rsp" "@Library/Bee/artifacts/1900b0aEDbg.dag/Unity.RenderPipelines.Core.Editor.rsp2"
##### Contents of Library\Bee\artifacts\1900b0aEDbg.dag\Unity.RenderPipelines.Core.Editor.rsp
-target:library
-out:"Library/Bee/artifacts/1900b0aEDbg.dag/Unity.RenderPipelines.Core.Editor.dll"
-refout:"Library/Bee/artifacts/1900b0aEDbg.dag/Unity.RenderPipelines.Core.Editor.ref.dll"
-define:UNITY_6000_4_1
-define:UNITY_6000_4
-define:UNITY_6000
-define:UNITY_5_3_OR_NEWER
-define:UNITY_5_4_OR_NEWER
-define:UNITY_5_5_OR_NEWER
-define:UNITY_5_6_OR_NEWER
-define:UNITY_2017_1_OR_NEWER
-define:UNITY_2017_2_OR_NEWER
-define:UNITY_2017_3_OR_NEWER
-define:UNITY_2017_4_OR_NEWER
-define:UNITY_2018_1_OR_NEWER
-define:UNITY_2018_2_OR_NEWER
-define:UNITY_2018_3_OR_NEWER
-define:UNITY_2018_4_OR_NEWER
-define:UNITY_2019_1_OR_NEWER
-define:UNITY_2019_2_OR_NEWER
-define:UNITY_2019_3_OR_NEWER
-define:UNITY_2019_4_OR_NEWER
-define:UNITY_2020_1_OR_NEWER
-define:UNITY_2020_2_OR_NEWER
-define:UNITY_2020_3_OR_NEWER
-define:UNITY_2021_1_OR_NEWER
-define:UNITY_2021_2_OR_NEWER
-define:UNITY_2021_3_OR_NEWER
-define:UNITY_2022_1_OR_NEWER
-define:UNITY_2022_2_OR_NEWER
-define:UNITY_2022_3_OR_NEWER
-define:UNITY_2023_1_OR_NEWER
-define:UNITY_2023_2_OR_NEWER
-define:UNITY_2023_3_OR_NEWER
-define:UNITY_6000_0_OR_NEWER
-define:UNITY_6000_1_OR_NEWER
-define:UNITY_6000_2_OR_NEWER
-define:UNITY_6000_3_OR_NEWER
-define:UNITY_6000_4_OR_NEWER
-define:PLATFORM_ARCH_64
-define:UNITY_64
-define:UNITY_INCLUDE_TESTS
-define:ENABLE_AR
-define:ENABLE_AUDIO
-define:ENABLE_AUDIO_SCRIPTABLE_PIPELINE
-define:ENABLE_CACHING
-define:ENABLE_CLOTH
-define:ENABLE_EVENT_QUEUE
-define:ENABLE_MICROPHONE
-define:ENABLE_MULTIPLE_DISPLAYS
-define:ENABLE_PHYSICS
-define:ENABLE_TEXTURE_STREAMING
-define:ENABLE_VIRTUALTEXTURING
-define:ENABLE_LZMA
-define:ENABLE_UNITYEVENTS
-define:ENABLE_VR
-define:ENABLE_WEBCAM
-define:ENABLE_UNITYWEBREQUEST
-define:ENABLE_WWW
-define:ENABLE_CLOUD_SERVICES
-define:ENABLE_CLOUD_SERVICES_ADS
-define:ENABLE_CLOUD_SERVICES_USE_WEBREQUEST
-define:ENABLE_UNITY_CONSENT
-define:ENABLE_UNITY_CLOUD_IDENTIFIERS
-define:ENABLE_CLOUD_SERVICES_CRASH_REPORTING
-define:ENABLE_CLOUD_SERVICES_NATIVE_CRASH_REPORTING
-define:ENABLE_CLOUD_SERVICES_PURCHASING
-define:ENABLE_CLOUD_SERVICES_ANALYTICS
-define:ENABLE_CLOUD_SERVICES_BUILD
-define:ENABLE_EDITOR_GAME_SERVICES
-define:ENABLE_UNITY_GAME_SERVICES_ANALYTICS_SUPPORT
-define:ENABLE_CLOUD_LICENSE
-define:ENABLE_EDITOR_HUB_LICENSE
-define:ENABLE_WEBSOCKET_CLIENT
-define:ENABLE_GENERATE_NATIVE_PLUGINS_FOR_ASSEMBLIES_API
-define:ENABLE_DIRECTOR_AUDIO
-define:ENABLE_DIRECTOR_TEXTURE
-define:ENABLE_MANAGED_JOBS
-define:ENABLE_MANAGED_TRANSFORM_JOBS
-define:ENABLE_MANAGED_ANIMATION_JOBS
-define:ENABLE_MANAGED_AUDIO_JOBS
-define:ENABLE_MANAGED_UNITYTLS
-define:INCLUDE_DYNAMIC_GI
-define:ENABLE_SCRIPTING_GC_WBARRIERS
-define:PLATFORM_SUPPORTS_MONO
-define:RENDER_SOFTWARE_CURSOR
-define:ENABLE_MARSHALLING_TESTS
-define:ENABLE_VIDEO
-define:ENABLE_NAVIGATION_OFFMESHLINK_TO_NAVMESHLINK
-define:ENABLE_ACCELERATOR_CLIENT_DEBUGGING
-define:ENABLE_ACCESSIBILITY_SCREEN_READER
-define:TEXTCORE_1_0_OR_NEWER
-define:EDITOR_ONLY_NAVMESH_BUILDER_DEPRECATED
-define:PLATFORM_STANDALONE_WIN
-define:PLATFORM_STANDALONE
-define:UNITY_STANDALONE_WIN
-define:UNITY_STANDALONE
-define:ENABLE_RUNTIME_GI
-define:ENABLE_MOVIES
-define:ENABLE_NETWORK
-define:ENABLE_NVIDIA
-define:ENABLE_AMD
-define:ENABLE_CRUNCH_TEXTURE_COMPRESSION
-define:ENABLE_CLOUD_SERVICES_ENGINE_DIAGNOSTICS
-define:ENABLE_OUT_OF_PROCESS_CRASH_HANDLER
-define:ENABLE_CLUSTER_SYNC
-define:ENABLE_CLUSTERINPUT
-define:PLATFORM_UPDATES_TIME_OUTSIDE_OF_PLAYER_LOOP
-define:GFXDEVICE_WAITFOREVENT_MESSAGEPUMP
-define:PLATFORM_USES_EXPLICIT_MEMORY_MANAGER_INITIALIZER
-define:PLATFORM_SUPPORTS_WAIT_FOR_PRESENTATION
-define:PLATFORM_SUPPORTS_SPLIT_GRAPHICS_JOBS
-define:ENABLE_MONO
-define:NET_4_6
-define:NET_UNITY_4_8
-define:ENABLE_PROFILER
-define:ENABLE_PROFILER_ASSISTANT_INTEGRATION
-define:DEBUG
-define:TRACE
-define:UNITY_ASSERTIONS
-define:UNITY_EDITOR
-define:UNITY_EDITOR_64
-define:UNITY_EDITOR_WIN
-define:ENABLE_UNITY_COLLECTIONS_CHECKS
-define:ENABLE_BURST_AOT
-define:UNITY_TEAM_LICENSE
-define:ENABLE_CUSTOM_RENDER_TEXTURE
-define:ENABLE_DIRECTOR
-define:ENABLE_LOCALIZATION
-define:ENABLE_SPRITES
-define:ENABLE_TERRAIN
-define:ENABLE_TILEMAP
-define:ENABLE_TIMELINE
-define:ENABLE_INPUT_SYSTEM
-define:TEXTCORE_FONT_ENGINE_1_5_OR_NEWER
-define:TEXTCORE_TEXT_ENGINE_1_5_OR_NEWER
-define:TEXTCORE_FONT_ENGINE_1_6_OR_NEWER
-define:DOTWEEN
-define:CREST_OCEAN
-define:CREST_URP
-define:__MICROSPLAT__
-define:MAPMAGIC2
-define:MM_NATIVE
-define:UNITY_VISUAL_SCRIPTING
-define:GPU_INSTANCER
-define:ODIN_INSPECTOR
-define:ODIN_INSPECTOR_3
-define:ODIN_INSPECTOR_3_1
-define:AMPLIFY_SHADER_EDITOR
-define:SHAPES_URP
-define:MOREMOUNTAINS_NICEVIBRATIONS_INSTALLED
-define:BAKERY_INCLUDED
-define:VLB_URP
-define:ODIN_INSPECTOR_3_2
-define:ODIN_INSPECTOR_3_3
-define:RealtimeCSG
-define:RealtimeCSG_1
-define:RealtimeCSG_1_6
-define:RealtimeCSG_1_6_01
-define:HAS_BURST
-define:ENABLE_PHYSICS_MODULE
-define:CSHARP_7_OR_LATER
-define:CSHARP_7_3_OR_NEWER
-define:UNITY_EDITOR_ONLY_COMPILATION
-r:"Assets/AstarPathfindingProject/Plugins/Clipper/Pathfinding.ClipperLib.dll"
-r:"Assets/AstarPathfindingProject/Plugins/DotNetZip/Pathfinding.Ionic.Zip.Reduced.dll"
-r:"Assets/AstarPathfindingProject/Plugins/Poly2Tri/Pathfinding.Poly2Tri.dll"
-r:"Assets/Candice AI for Games/Scripts/Libs/Candice Save System/Plugins/Mono.Data.Sqlite.dll"
-r:"Assets/MeshBaker/Libs/MeshBakerEditorLib.dll"
-r:"Assets/MeshBaker/Libs/MeshBakerLib.dll"
-r:"Assets/Plugins/Demigiant/DOTween/DOTween.dll"
-r:"Assets/Plugins/Demigiant/DOTween/Editor/DOTweenEditor.dll"
-r:"Assets/Plugins/Demigiant/DOTweenPro/DOTweenPro.dll"
-r:"Assets/Plugins/Demigiant/DOTweenPro/Editor/DOTweenProEditor.dll"
-r:"Assets/Plugins/Demigiant/DemiLib/Core/DemiLib.dll"
-r:"Assets/Plugins/Demigiant/DemiLib/Core/Editor/DemiEditor.dll"
-r:"Assets/Plugins/Editor/RelationsInspector/RelationsInspector.dll"
-r:"Assets/Plugins/Roslyn/Microsoft.CodeAnalysis.CSharp.dll"
-r:"Assets/Plugins/Roslyn/Microsoft.CodeAnalysis.dll"
-r:"Assets/Plugins/Roslyn/System.Collections.Immutable.dll"
-r:"Assets/Plugins/Roslyn/System.Reflection.Metadata.dll"
-r:"Assets/Plugins/Sirenix/Assemblies/Sirenix.OdinInspector.Attributes.dll"
-r:"Assets/Plugins/Sirenix/Assemblies/Sirenix.OdinInspector.Editor.dll"
-r:"Assets/Plugins/Sirenix/Assemblies/Sirenix.Reflection.Editor.dll"
-r:"Assets/Plugins/Sirenix/Assemblies/Sirenix.Serialization.Config.dll"
-r:"Assets/Plugins/Sirenix/Assemblies/Sirenix.Serialization.dll"
-r:"Assets/Plugins/Sirenix/Assemblies/Sirenix.Utilities.Editor.dll"
-r:"Assets/Plugins/Sirenix/Assemblies/Sirenix.Utilities.dll"
-r:"C:/Program Files/Unity/Hub/Editor/6000.4.1f1/Editor/Data/Managed/UnityEditor.Graphs.dll"
-r:"C:/Program Files/Unity/Hub/Editor/6000.4.1f1/Editor/Data/Managed/UnityEngine/Unity.Scripting.dll"
-r:"C:/Program Files/Unity/Hub/Editor/6000.4.1f1/Editor/Data/Managed/UnityEngine/UnityEditor.AccessibilityModule.dll"
-r:"C:/Program Files/Unity/Hub/Editor/6000.4.1f1/Editor/Data/Managed/UnityEngine/UnityEditor.AdaptivePerformanceModule.dll"
-r:"C:/Program Files/Unity/Hub/Editor/6000.4.1f1/Editor/Data/Managed/UnityEngine/UnityEditor.AssetComplianceModule.dll"
-r:"C:/Program Files/Unity/Hub/Editor/6000.4.1f1/Editor/Data/Managed/UnityEngine/UnityEditor.BuildProfileModule.dll"
-r:"C:/Program Files/Unity/Hub/Editor/6000.4.1f1/Editor/Data/Managed/UnityEngine/UnityEditor.ClothModule.dll"
-r:"C:/Program Files/Unity/Hub/Editor/6000.4.1f1/Editor/Data/Managed/UnityEngine/UnityEditor.CoreBusinessMetricsModule.dll"
-r:"C:/Program Files/Unity/Hub/Editor/6000.4.1f1/Editor/Data/Managed/UnityEngine/UnityEditor.CoreModule.dll"
-r:"C:/Program Files/Unity/Hub/Editor/6000.4.1f1/Editor/Data/Managed/UnityEngine/UnityEditor.DeviceSimulatorModule.dll"
-r:"C:/Program Files/Unity/Hub/Editor/6000.4.1f1/Editor/Data/Managed/UnityEngine/UnityEditor.DiagnosticsModule.dll"
-r:"C:/Program Files/Unity/Hub/Editor/6000.4.1f1/Editor/Data/Managed/UnityEngine/UnityEditor.EditorToolbarModule.dll"
-r:"C:/Program Files/Unity/Hub/Editor/6000.4.1f1/Editor/Data/Managed/UnityEngine/UnityEditor.EmbreeModule.dll"
-r:"C:/Program Files/Unity/Hub/Editor/6000.4.1f1/Editor/Data/Managed/UnityEngine/UnityEditor.GIModule.dll"
-r:"C:/Program Files/Unity/Hub/Editor/6000.4.1f1/Editor/Data/Managed/UnityEngine/UnityEditor.GraphToolkitModule.dll"
-r:"C:/Program Files/Unity/Hub/Editor/6000.4.1f1/Editor/Data/Managed/UnityEngine/UnityEditor.GraphViewModule.dll"
-r:"C:/Program Files/Unity/Hub/Editor/6000.4.1f1/Editor/Data/Managed/UnityEngine/UnityEditor.GraphicsStateCollectionSerializerModule.dll"
-r:"C:/Program Files/Unity/Hub/Editor/6000.4.1f1/Editor/Data/Managed/UnityEngine/UnityEditor.GridAndSnapModule.dll"
-r:"C:/Program Files/Unity/Hub/Editor/6000.4.1f1/Editor/Data/Managed/UnityEngine/UnityEditor.GridModule.dll"
-r:"C:/Program Files/Unity/Hub/Editor/6000.4.1f1/Editor/Data/Managed/UnityEngine/UnityEditor.HierarchyModule.dll"
-r:"C:/Program Files/Unity/Hub/Editor/6000.4.1f1/Editor/Data/Managed/UnityEngine/UnityEditor.MediaModule.dll"
-r:"C:/Program Files/Unity/Hub/Editor/6000.4.1f1/Editor/Data/Managed/UnityEngine/UnityEditor.MultiplayerModule.dll"
-r:"C:/Program Files/Unity/Hub/Editor/6000.4.1f1/Editor/Data/Managed/UnityEngine/UnityEditor.Physics2DModule.dll"
-r:"C:/Program Files/Unity/Hub/Editor/6000.4.1f1/Editor/Data/Managed/UnityEngine/UnityEditor.PhysicsModule.dll"
-r:"C:/Program Files/Unity/Hub/Editor/6000.4.1f1/Editor/Data/Managed/UnityEngine/UnityEditor.PlayModeModule.dll"
-r:"C:/Program Files/Unity/Hub/Editor/6000.4.1f1/Editor/Data/Managed/UnityEngine/UnityEditor.PresetsUIModule.dll"
-r:"C:/Program Files/Unity/Hub/Editor/6000.4.1f1/Editor/Data/Managed/UnityEngine/UnityEditor.ProjectAuditorModule.dll"
-r:"C:/Program Files/Unity/Hub/Editor/6000.4.1f1/Editor/Data/Managed/UnityEngine/UnityEditor.PropertiesModule.dll"
-r:"C:/Program Files/Unity/Hub/Editor/6000.4.1f1/Editor/Data/Managed/UnityEngine/UnityEditor.QuickInstallModule.dll"
-r:"C:/Program Files/Unity/Hub/Editor/6000.4.1f1/Editor/Data/Managed/UnityEngine/UnityEditor.QuickSearchModule.dll"
-r:"C:/Program Files/Unity/Hub/Editor/6000.4.1f1/Editor/Data/Managed/UnityEngine/UnityEditor.SafeModeModule.dll"
-r:"C:/Program Files/Unity/Hub/Editor/6000.4.1f1/Editor/Data/Managed/UnityEngine/UnityEditor.SceneTemplateModule.dll"
-r:"C:/Program Files/Unity/Hub/Editor/6000.4.1f1/Editor/Data/Managed/UnityEngine/UnityEditor.SceneViewModule.dll"
-r:"C:/Program Files/Unity/Hub/Editor/6000.4.1f1/Editor/Data/Managed/UnityEngine/UnityEditor.ShaderBuildSettingsModule.dll"
-r:"C:/Program Files/Unity/Hub/Editor/6000.4.1f1/Editor/Data/Managed/UnityEngine/UnityEditor.ShaderCompilationModule.dll"
-r:"C:/Program Files/Unity/Hub/Editor/6000.4.1f1/Editor/Data/Managed/UnityEngine/UnityEditor.ShaderFoundryModule.dll"
-r:"C:/Program Files/Unity/Hub/Editor/6000.4.1f1/Editor/Data/Managed/UnityEngine/UnityEditor.SketchUpModule.dll"
-r:"C:/Program Files/Unity/Hub/Editor/6000.4.1f1/Editor/Data/Managed/UnityEngine/UnityEditor.SpriteMaskModule.dll"
-r:"C:/Program Files/Unity/Hub/Editor/6000.4.1f1/Editor/Data/Managed/UnityEngine/UnityEditor.SpriteShapeModule.dll"
-r:"C:/Program Files/Unity/Hub/Editor/6000.4.1f1/Editor/Data/Managed/UnityEngine/UnityEditor.SubstanceModule.dll"
-r:"C:/Program Files/Unity/Hub/Editor/6000.4.1f1/Editor/Data/Managed/UnityEngine/UnityEditor.TerrainModule.dll"
-r:"C:/Program Files/Unity/Hub/Editor/6000.4.1f1/Editor/Data/Managed/UnityEngine/UnityEditor.TextCoreFontEngineModule.dll"
-r:"C:/Program Files/Unity/Hub/Editor/6000.4.1f1/Editor/Data/Managed/UnityEngine/UnityEditor.TextCoreTextEngineModule.dll"
-r:"C:/Program Files/Unity/Hub/Editor/6000.4.1f1/Editor/Data/Managed/UnityEngine/UnityEditor.TextRenderingModule.dll"
-r:"C:/Program Files/Unity/Hub/Editor/6000.4.1f1/Editor/Data/Managed/UnityEngine/UnityEditor.TilemapModule.dll"
-r:"C:/Program Files/Unity/Hub/Editor/6000.4.1f1/Editor/Data/Managed/UnityEngine/UnityEditor.TreeModule.dll"
-r:"C:/Program Files/Unity/Hub/Editor/6000.4.1f1/Editor/Data/Managed/UnityEngine/UnityEditor.UIAutomationModule.dll"
-r:"C:/Program Files/Unity/Hub/Editor/6000.4.1f1/Editor/Data/Managed/UnityEngine/UnityEditor.UIBuilderModule.dll"
-r:"C:/Program Files/Unity/Hub/Editor/6000.4.1f1/Editor/Data/Managed/UnityEngine/UnityEditor.UIElementsModule.dll"
-r:"C:/Program Files/Unity/Hub/Editor/6000.4.1f1/Editor/Data/Managed/UnityEngine/UnityEditor.UIElementsSamplesModule.dll"
-r:"C:/Program Files/Unity/Hub/Editor/6000.4.1f1/Editor/Data/Managed/UnityEngine/UnityEditor.UIToolkitAuthoringModule.dll"
-r:"C:/Program Files/Unity/Hub/Editor/6000.4.1f1/Editor/Data/Managed/UnityEngine/UnityEditor.UmbraModule.dll"
-r:"C:/Program Files/Unity/Hub/Editor/6000.4.1f1/Editor/Data/Managed/UnityEngine/UnityEditor.UnityConnectModule.dll"
-r:"C:/Program Files/Unity/Hub/Editor/6000.4.1f1/Editor/Data/Managed/UnityEngine/UnityEditor.VFXModule.dll"
-r:"C:/Program Files/Unity/Hub/Editor/6000.4.1f1/Editor/Data/Managed/UnityEngine/UnityEditor.VectorGraphicsModule.dll"
-r:"C:/Program Files/Unity/Hub/Editor/6000.4.1f1/Editor/Data/Managed/UnityEngine/UnityEditor.VideoModule.dll"
-r:"C:/Program Files/Unity/Hub/Editor/6000.4.1f1/Editor/Data/Managed/UnityEngine/UnityEditor.XRModule.dll"
-r:"C:/Program Files/Unity/Hub/Editor/6000.4.1f1/Editor/Data/Managed/UnityEngine/UnityEditor.dll"
-r:"C:/Program Files/Unity/Hub/Editor/6000.4.1f1/Editor/Data/Managed/UnityEngine/UnityEngine.AIModule.dll"
-r:"C:/Program Files/Unity/Hub/Editor/6000.4.1f1/Editor/Data/Managed/UnityEngine/UnityEngine.AMDModule.dll"
-r:"C:/Program Files/Unity/Hub/Editor/6000.4.1f1/Editor/Data/Managed/UnityEngine/UnityEngine.ARModule.dll"
-r:"C:/Program Files/Unity/Hub/Editor/6000.4.1f1/Editor/Data/Managed/UnityEngine/UnityEngine.AccessibilityModule.dll"
-r:"C:/Program Files/Unity/Hub/Editor/6000.4.1f1/Editor/Data/Managed/UnityEngine/UnityEngine.AdaptivePerformanceModule.dll"
-r:"C:/Program Files/Unity/Hub/Editor/6000.4.1f1/Editor/Data/Managed/UnityEngine/UnityEngine.AndroidJNIModule.dll"
-r:"C:/Program Files/Unity/Hub/Editor/6000.4.1f1/Editor/Data/Managed/UnityEngine/UnityEngine.AnimationModule.dll"
-r:"C:/Program Files/Unity/Hub/Editor/6000.4.1f1/Editor/Data/Managed/UnityEngine/UnityEngine.AssetBundleModule.dll"
-r:"C:/Program Files/Unity/Hub/Editor/6000.4.1f1/Editor/Data/Managed/UnityEngine/UnityEngine.AudioModule.dll"
-r:"C:/Program Files/Unity/Hub/Editor/6000.4.1f1/Editor/Data/Managed/UnityEngine/UnityEngine.ClothModule.dll"
-r:"C:/Program Files/Unity/Hub/Editor/6000.4.1f1/Editor/Data/Managed/UnityEngine/UnityEngine.ClusterInputModule.dll"
-r:"C:/Program Files/Unity/Hub/Editor/6000.4.1f1/Editor/Data/Managed/UnityEngine/UnityEngine.ClusterRendererModule.dll"
-r:"C:/Program Files/Unity/Hub/Editor/6000.4.1f1/Editor/Data/Managed/UnityEngine/UnityEngine.ContentLoadModule.dll"
-r:"C:/Program Files/Unity/Hub/Editor/6000.4.1f1/Editor/Data/Managed/UnityEngine/UnityEngine.CoreModule.dll"
-r:"C:/Program Files/Unity/Hub/Editor/6000.4.1f1/Editor/Data/Managed/UnityEngine/UnityEngine.CrashReportingModule.dll"
-r:"C:/Program Files/Unity/Hub/Editor/6000.4.1f1/Editor/Data/Managed/UnityEngine/UnityEngine.DSPGraphModule.dll"
-r:"C:/Program Files/Unity/Hub/Editor/6000.4.1f1/Editor/Data/Managed/UnityEngine/UnityEngine.DirectorModule.dll"
-r:"C:/Program Files/Unity/Hub/Editor/6000.4.1f1/Editor/Data/Managed/UnityEngine/UnityEngine.GIModule.dll"
-r:"C:/Program Files/Unity/Hub/Editor/6000.4.1f1/Editor/Data/Managed/UnityEngine/UnityEngine.GameCenterModule.dll"
-r:"C:/Program Files/Unity/Hub/Editor/6000.4.1f1/Editor/Data/Managed/UnityEngine/UnityEngine.GraphicsStateCollectionSerializerModule.dll"
-r:"C:/Program Files/Unity/Hub/Editor/6000.4.1f1/Editor/Data/Managed/UnityEngine/UnityEngine.GridModule.dll"
-r:"C:/Program Files/Unity/Hub/Editor/6000.4.1f1/Editor/Data/Managed/UnityEngine/UnityEngine.HierarchyCoreModule.dll"
-r:"C:/Program Files/Unity/Hub/Editor/6000.4.1f1/Editor/Data/Managed/UnityEngine/UnityEngine.HierarchyModule.dll"
-r:"C:/Program Files/Unity/Hub/Editor/6000.4.1f1/Editor/Data/Managed/UnityEngine/UnityEngine.HotReloadModule.dll"
-r:"C:/Program Files/Unity/Hub/Editor/6000.4.1f1/Editor/Data/Managed/UnityEngine/UnityEngine.IMGUIModule.dll"
-r:"C:/Program Files/Unity/Hub/Editor/6000.4.1f1/Editor/Data/Managed/UnityEngine/UnityEngine.IdentifiersModule.dll"
-r:"C:/Program Files/Unity/Hub/Editor/6000.4.1f1/Editor/Data/Managed/UnityEngine/UnityEngine.ImageConversionModule.dll"
-r:"C:/Program Files/Unity/Hub/Editor/6000.4.1f1/Editor/Data/Managed/UnityEngine/UnityEngine.InputForUIModule.dll"
-r:"C:/Program Files/Unity/Hub/Editor/6000.4.1f1/Editor/Data/Managed/UnityEngine/UnityEngine.InputLegacyModule.dll"
-r:"C:/Program Files/Unity/Hub/Editor/6000.4.1f1/Editor/Data/Managed/UnityEngine/UnityEngine.InputModule.dll"
-r:"C:/Program Files/Unity/Hub/Editor/6000.4.1f1/Editor/Data/Managed/UnityEngine/UnityEngine.InsightsModule.dll"
-r:"C:/Program Files/Unity/Hub/Editor/6000.4.1f1/Editor/Data/Managed/UnityEngine/UnityEngine.JSONSerializeModule.dll"
-r:"C:/Program Files/Unity/Hub/Editor/6000.4.1f1/Editor/Data/Managed/UnityEngine/UnityEngine.LocalizationModule.dll"
-r:"C:/Program Files/Unity/Hub/Editor/6000.4.1f1/Editor/Data/Managed/UnityEngine/UnityEngine.MarshallingModule.dll"
-r:"C:/Program Files/Unity/Hub/Editor/6000.4.1f1/Editor/Data/Managed/UnityEngine/UnityEngine.MultiplayerModule.dll"
-r:"C:/Program Files/Unity/Hub/Editor/6000.4.1f1/Editor/Data/Managed/UnityEngine/UnityEngine.NVIDIAModule.dll"
-r:"C:/Program Files/Unity/Hub/Editor/6000.4.1f1/Editor/Data/Managed/UnityEngine/UnityEngine.ParticleSystemModule.dll"
-r:"C:/Program Files/Unity/Hub/Editor/6000.4.1f1/Editor/Data/Managed/UnityEngine/UnityEngine.PerformanceReportingModule.dll"
-r:"C:/Program Files/Unity/Hub/Editor/6000.4.1f1/Editor/Data/Managed/UnityEngine/UnityEngine.Physics2DModule.dll"
-r:"C:/Program Files/Unity/Hub/Editor/6000.4.1f1/Editor/Data/Managed/UnityEngine/UnityEngine.PhysicsBackendPhysXModule.dll"
-r:"C:/Program Files/Unity/Hub/Editor/6000.4.1f1/Editor/Data/Managed/UnityEngine/UnityEngine.PhysicsModule.dll"
-r:"C:/Program Files/Unity/Hub/Editor/6000.4.1f1/Editor/Data/Managed/UnityEngine/UnityEngine.PropertiesModule.dll"
-r:"C:/Program Files/Unity/Hub/Editor/6000.4.1f1/Editor/Data/Managed/UnityEngine/UnityEngine.RenderAs2DModule.dll"
-r:"C:/Program Files/Unity/Hub/Editor/6000.4.1f1/Editor/Data/Managed/UnityEngine/UnityEngine.RuntimeInitializeOnLoadManagerInitializerModule.dll"
-r:"C:/Program Files/Unity/Hub/Editor/6000.4.1f1/Editor/Data/Managed/UnityEngine/UnityEngine.ScreenCaptureModule.dll"
-r:"C:/Program Files/Unity/Hub/Editor/6000.4.1f1/Editor/Data/Managed/UnityEngine/UnityEngine.ScriptingModule.dll"
-r:"C:/Program Files/Unity/Hub/Editor/6000.4.1f1/Editor/Data/Managed/UnityEngine/UnityEngine.ShaderVariantAnalyticsModule.dll"
-r:"C:/Program Files/Unity/Hub/Editor/6000.4.1f1/Editor/Data/Managed/UnityEngine/UnityEngine.SharedInternalsModule.dll"
-r:"C:/Program Files/Unity/Hub/Editor/6000.4.1f1/Editor/Data/Managed/UnityEngine/UnityEngine.SpriteMaskModule.dll"
-r:"C:/Program Files/Unity/Hub/Editor/6000.4.1f1/Editor/Data/Managed/UnityEngine/UnityEngine.SpriteShapeModule.dll"
-r:"C:/Program Files/Unity/Hub/Editor/6000.4.1f1/Editor/Data/Managed/UnityEngine/UnityEngine.StreamingModule.dll"
-r:"C:/Program Files/Unity/Hub/Editor/6000.4.1f1/Editor/Data/Managed/UnityEngine/UnityEngine.SubstanceModule.dll"
-r:"C:/Program Files/Unity/Hub/Editor/6000.4.1f1/Editor/Data/Managed/UnityEngine/UnityEngine.SubsystemsModule.dll"
-r:"C:/Program Files/Unity/Hub/Editor/6000.4.1f1/Editor/Data/Managed/UnityEngine/UnityEngine.TLSModule.dll"
-r:"C:/Program Files/Unity/Hub/Editor/6000.4.1f1/Editor/Data/Managed/UnityEngine/UnityEngine.TerrainModule.dll"
-r:"C:/Program Files/Unity/Hub/Editor/6000.4.1f1/Editor/Data/Managed/UnityEngine/UnityEngine.TerrainPhysicsModule.dll"
-r:"C:/Program Files/Unity/Hub/Editor/6000.4.1f1/Editor/Data/Managed/UnityEngine/UnityEngine.TextCoreFontEngineModule.dll"
-r:"C:/Program Files/Unity/Hub/Editor/6000.4.1f1/Editor/Data/Managed/UnityEngine/UnityEngine.TextCoreTextEngineModule.dll"
-r:"C:/Program Files/Unity/Hub/Editor/6000.4.1f1/Editor/Data/Managed/UnityEngine/UnityEngine.TextRenderingModule.dll"
-r:"C:/Program Files/Unity/Hub/Editor/6000.4.1f1/Editor/Data/Managed/UnityEngine/UnityEngine.TilemapModule.dll"
-r:"C:/Program Files/Unity/Hub/Editor/6000.4.1f1/Editor/Data/Managed/UnityEngine/UnityEngine.UIElementsModule.dll"
-r:"C:/Program Files/Unity/Hub/Editor/6000.4.1f1/Editor/Data/Managed/UnityEngine/UnityEngine.UIModule.dll"
-r:"C:/Program Files/Unity/Hub/Editor/6000.4.1f1/Editor/Data/Managed/UnityEngine/UnityEngine.UmbraModule.dll"
-r:"C:/Program Files/Unity/Hub/Editor/6000.4.1f1/Editor/Data/Managed/UnityEngine/UnityEngine.UnityAnalyticsCommonModule.dll"
-r:"C:/Program Files/Unity/Hub/Editor/6000.4.1f1/Editor/Data/Managed/UnityEngine/UnityEngine.UnityAnalyticsModule.dll"
-r:"C:/Program Files/Unity/Hub/Editor/6000.4.1f1/Editor/Data/Managed/UnityEngine/UnityEngine.UnityConnectModule.dll"
-r:"C:/Program Files/Unity/Hub/Editor/6000.4.1f1/Editor/Data/Managed/UnityEngine/UnityEngine.UnityConsentModule.dll"
-r:"C:/Program Files/Unity/Hub/Editor/6000.4.1f1/Editor/Data/Managed/UnityEngine/UnityEngine.UnityCurlModule.dll"
-r:"C:/Program Files/Unity/Hub/Editor/6000.4.1f1/Editor/Data/Managed/UnityEngine/UnityEngine.UnityWebRequestAssetBundleModule.dll"
-r:"C:/Program Files/Unity/Hub/Editor/6000.4.1f1/Editor/Data/Managed/UnityEngine/UnityEngine.UnityWebRequestAudioModule.dll"
-r:"C:/Program Files/Unity/Hub/Editor/6000.4.1f1/Editor/Data/Managed/UnityEngine/UnityEngine.UnityWebRequestModule.dll"
-r:"C:/Program Files/Unity/Hub/Editor/6000.4.1f1/Editor/Data/Managed/UnityEngine/UnityEngine.UnityWebRequestTextureModule.dll"
-r:"C:/Program Files/Unity/Hub/Editor/6000.4.1f1/Editor/Data/Managed/UnityEngine/UnityEngine.UnityWebRequestWWWModule.dll"
-r:"C:/Program Files/Unity/Hub/Editor/6000.4.1f1/Editor/Data/Managed/UnityEngine/UnityEngine.VFXModule.dll"
-r:"C:/Program Files/Unity/Hub/Editor/6000.4.1f1/Editor/Data/Managed/UnityEngine/UnityEngine.VRModule.dll"
-r:"C:/Program Files/Unity/Hub/Editor/6000.4.1f1/Editor/Data/Managed/UnityEngine/UnityEngine.VectorGraphicsModule.dll"
-r:"C:/Program Files/Unity/Hub/Editor/6000.4.1f1/Editor/Data/Managed/UnityEngine/UnityEngine.VehiclesModule.dll"
-r:"C:/Program Files/Unity/Hub/Editor/6000.4.1f1/Editor/Data/Managed/UnityEngine/UnityEngine.VideoModule.dll"
-r:"C:/Program Files/Unity/Hub/Editor/6000.4.1f1/Editor/Data/Managed/UnityEngine/UnityEngine.VirtualTexturingModule.dll"
-r:"C:/Program Files/Unity/Hub/Editor/6000.4.1f1/Editor/Data/Managed/UnityEngine/UnityEngine.WindModule.dll"
-r:"C:/Program Files/Unity/Hub/Editor/6000.4.1f1/Editor/Data/Managed/UnityEngine/UnityEngine.XRModule.dll"
-r:"C:/Program Files/Unity/Hub/Editor/6000.4.1f1/Editor/Data/Managed/UnityEngine/UnityEngine.dll"
-r:"C:/Program Files/Unity/Hub/Editor/6000.4.1f1/Editor/Data/PlaybackEngines/WindowsStandaloneSupport/UnityEditor.WindowsStandalone.Extensions.dll"
-r:"C:/Program Files/Unity/Hub/Editor/6000.4.1f1/Editor/Data/UnityReferenceAssemblies/unity-4.8-api/Facades/Microsoft.Win32.Primitives.dll"
-r:"C:/Program Files/Unity/Hub/Editor/6000.4.1f1/Editor/Data/UnityReferenceAssemblies/unity-4.8-api/Facades/System.AppContext.dll"
-r:"C:/Program Files/Unity/Hub/Editor/6000.4.1f1/Editor/Data/UnityReferenceAssemblies/unity-4.8-api/Facades/System.Buffers.dll"
-r:"C:/Program Files/Unity/Hub/Editor/6000.4.1f1/Editor/Data/UnityReferenceAssemblies/unity-4.8-api/Facades/System.Collections.Concurrent.dll"
-r:"C:/Program Files/Unity/Hub/Editor/6000.4.1f1/Editor/Data/UnityReferenceAssemblies/unity-4.8-api/Facades/System.Collections.NonGeneric.dll"
-r:"C:/Program Files/Unity/Hub/Editor/6000.4.1f1/Editor/Data/UnityReferenceAssemblies/unity-4.8-api/Facades/System.Collections.Specialized.dll"
-r:"C:/Program Files/Unity/Hub/Editor/6000.4.1f1/Editor/Data/UnityReferenceAssemblies/unity-4.8-api/Facades/System.Collections.dll"
-r:"C:/Program Files/Unity/Hub/Editor/6000.4.1f1/Editor/Data/UnityReferenceAssemblies/unity-4.8-api/Facades/System.ComponentModel.Annotations.dll"
-r:"C:/Program Files/Unity/Hub/Editor/6000.4.1f1/Editor/Data/UnityReferenceAssemblies/unity-4.8-api/Facades/System.ComponentModel.EventBasedAsync.dll"
-r:"C:/Program Files/Unity/Hub/Editor/6000.4.1f1/Editor/Data/UnityReferenceAssemblies/unity-4.8-api/Facades/System.ComponentModel.Primitives.dll"
-r:"C:/Program Files/Unity/Hub/Editor/6000.4.1f1/Editor/Data/UnityReferenceAssemblies/unity-4.8-api/Facades/System.ComponentModel.TypeConverter.dll"
-r:"C:/Program Files/Unity/Hub/Editor/6000.4.1f1/Editor/Data/UnityReferenceAssemblies/unity-4.8-api/Facades/System.ComponentModel.dll"
-r:"C:/Program Files/Unity/Hub/Editor/6000.4.1f1/Editor/Data/UnityReferenceAssemblies/unity-4.8-api/Facades/System.Console.dll"
-r:"C:/Program Files/Unity/Hub/Editor/6000.4.1f1/Editor/Data/UnityReferenceAssemblies/unity-4.8-api/Facades/System.Data.Common.dll"
-r:"C:/Program Files/Unity/Hub/Editor/6000.4.1f1/Editor/Data/UnityReferenceAssemblies/unity-4.8-api/Facades/System.Diagnostics.Contracts.dll"
-r:"C:/Program Files/Unity/Hub/Editor/6000.4.1f1/Editor/Data/UnityReferenceAssemblies/unity-4.8-api/Facades/System.Diagnostics.Debug.dll"
-r:"C:/Program Files/Unity/Hub/Editor/6000.4.1f1/Editor/Data/UnityReferenceAssemblies/unity-4.8-api/Facades/System.Diagnostics.FileVersionInfo.dll"
-r:"C:/Program Files/Unity/Hub/Editor/6000.4.1f1/Editor/Data/UnityReferenceAssemblies/unity-4.8-api/Facades/System.Diagnostics.Process.dll"
-r:"C:/Program Files/Unity/Hub/Editor/6000.4.1f1/Editor/Data/UnityReferenceAssemblies/unity-4.8-api/Facades/System.Diagnostics.StackTrace.dll"
-r:"C:/Program Files/Unity/Hub/Editor/6000.4.1f1/Editor/Data/UnityReferenceAssemblies/unity-4.8-api/Facades/System.Diagnostics.TextWriterTraceListener.dll"
-r:"C:/Program Files/Unity/Hub/Editor/6000.4.1f1/Editor/Data/UnityReferenceAssemblies/unity-4.8-api/Facades/System.Diagnostics.Tools.dll"
-r:"C:/Program Files/Unity/Hub/Editor/6000.4.1f1/Editor/Data/UnityReferenceAssemblies/unity-4.8-api/Facades/System.Diagnostics.TraceSource.dll"
-r:"C:/Program Files/Unity/Hub/Editor/6000.4.1f1/Editor/Data/UnityReferenceAssemblies/unity-4.8-api/Facades/System.Drawing.Primitives.dll"
-r:"C:/Program Files/Unity/Hub/Editor/6000.4.1f1/Editor/Data/UnityReferenceAssemblies/unity-4.8-api/Facades/System.Dynamic.Runtime.dll"
-r:"C:/Program Files/Unity/Hub/Editor/6000.4.1f1/Editor/Data/UnityReferenceAssemblies/unity-4.8-api/Facades/System.Globalization.Calendars.dll"
-r:"C:/Program Files/Unity/Hub/Editor/6000.4.1f1/Editor/Data/UnityReferenceAssemblies/unity-4.8-api/Facades/System.Globalization.Extensions.dll"
-r:"C:/Program Files/Unity/Hub/Editor/6000.4.1f1/Editor/Data/UnityReferenceAssemblies/unity-4.8-api/Facades/System.Globalization.dll"
-r:"C:/Program Files/Unity/Hub/Editor/6000.4.1f1/Editor/Data/UnityReferenceAssemblies/unity-4.8-api/Facades/System.IO.Compression.ZipFile.dll"
-r:"C:/Program Files/Unity/Hub/Editor/6000.4.1f1/Editor/Data/UnityReferenceAssemblies/unity-4.8-api/Facades/System.IO.FileSystem.DriveInfo.dll"
-r:"C:/Program Files/Unity/Hub/Editor/6000.4.1f1/Editor/Data/UnityReferenceAssemblies/unity-4.8-api/Facades/System.IO.FileSystem.Primitives.dll"
-r:"C:/Program Files/Unity/Hub/Editor/6000.4.1f1/Editor/Data/UnityReferenceAssemblies/unity-4.8-api/Facades/System.IO.FileSystem.Watcher.dll"
-r:"C:/Program Files/Unity/Hub/Editor/6000.4.1f1/Editor/Data/UnityReferenceAssemblies/unity-4.8-api/Facades/System.IO.FileSystem.dll"
-r:"C:/Program Files/Unity/Hub/Editor/6000.4.1f1/Editor/Data/UnityReferenceAssemblies/unity-4.8-api/Facades/System.IO.IsolatedStorage.dll"
-r:"C:/Program Files/Unity/Hub/Editor/6000.4.1f1/Editor/Data/UnityReferenceAssemblies/unity-4.8-api/Facades/System.IO.MemoryMappedFiles.dll"
-r:"C:/Program Files/Unity/Hub/Editor/6000.4.1f1/Editor/Data/UnityReferenceAssemblies/unity-4.8-api/Facades/System.IO.Pipes.dll"
-r:"C:/Program Files/Unity/Hub/Editor/6000.4.1f1/Editor/Data/UnityReferenceAssemblies/unity-4.8-api/Facades/System.IO.UnmanagedMemoryStream.dll"
-r:"C:/Program Files/Unity/Hub/Editor/6000.4.1f1/Editor/Data/UnityReferenceAssemblies/unity-4.8-api/Facades/System.IO.dll"
-r:"C:/Program Files/Unity/Hub/Editor/6000.4.1f1/Editor/Data/UnityReferenceAssemblies/unity-4.8-api/Facades/System.Linq.Expressions.dll"
-r:"C:/Program Files/Unity/Hub/Editor/6000.4.1f1/Editor/Data/UnityReferenceAssemblies/unity-4.8-api/Facades/System.Linq.Parallel.dll"
-r:"C:/Program Files/Unity/Hub/Editor/6000.4.1f1/Editor/Data/UnityReferenceAssemblies/unity-4.8-api/Facades/System.Linq.Queryable.dll"
-r:"C:/Program Files/Unity/Hub/Editor/6000.4.1f1/Editor/Data/UnityReferenceAssemblies/unity-4.8-api/Facades/System.Linq.dll"
-r:"C:/Program Files/Unity/Hub/Editor/6000.4.1f1/Editor/Data/UnityReferenceAssemblies/unity-4.8-api/Facades/System.Memory.dll"
-r:"C:/Program Files/Unity/Hub/Editor/6000.4.1f1/Editor/Data/UnityReferenceAssemblies/unity-4.8-api/Facades/System.Net.Http.Rtc.dll"
-r:"C:/Program Files/Unity/Hub/Editor/6000.4.1f1/Editor/Data/UnityReferenceAssemblies/unity-4.8-api/Facades/System.Net.NameResolution.dll"
-r:"C:/Program Files/Unity/Hub/Editor/6000.4.1f1/Editor/Data/UnityReferenceAssemblies/unity-4.8-api/Facades/System.Net.NetworkInformation.dll"
-r:"C:/Program Files/Unity/Hub/Editor/6000.4.1f1/Editor/Data/UnityReferenceAssemblies/unity-4.8-api/Facades/System.Net.Ping.dll"
-r:"C:/Program Files/Unity/Hub/Editor/6000.4.1f1/Editor/Data/UnityReferenceAssemblies/unity-4.8-api/Facades/System.Net.Primitives.dll"
-r:"C:/Program Files/Unity/Hub/Editor/6000.4.1f1/Editor/Data/UnityReferenceAssemblies/unity-4.8-api/Facades/System.Net.Requests.dll"
-r:"C:/Program Files/Unity/Hub/Editor/6000.4.1f1/Editor/Data/UnityReferenceAssemblies/unity-4.8-api/Facades/System.Net.Security.dll"
-r:"C:/Program Files/Unity/Hub/Editor/6000.4.1f1/Editor/Data/UnityReferenceAssemblies/unity-4.8-api/Facades/System.Net.Sockets.dll"
-r:"C:/Program Files/Unity/Hub/Editor/6000.4.1f1/Editor/Data/UnityReferenceAssemblies/unity-4.8-api/Facades/System.Net.WebHeaderCollection.dll"
-r:"C:/Program Files/Unity/Hub/Editor/6000.4.1f1/Editor/Data/UnityReferenceAssemblies/unity-4.8-api/Facades/System.Net.WebSockets.Client.dll"
-r:"C:/Program Files/Unity/Hub/Editor/6000.4.1f1/Editor/Data/UnityReferenceAssemblies/unity-4.8-api/Facades/System.Net.WebSockets.dll"
-r:"C:/Program Files/Unity/Hub/Editor/6000.4.1f1/Editor/Data/UnityReferenceAssemblies/unity-4.8-api/Facades/System.ObjectModel.dll"
-r:"C:/Program Files/Unity/Hub/Editor/6000.4.1f1/Editor/Data/UnityReferenceAssemblies/unity-4.8-api/Facades/System.Reflection.DispatchProxy.dll"
-r:"C:/Program Files/Unity/Hub/Editor/6000.4.1f1/Editor/Data/UnityReferenceAssemblies/unity-4.8-api/Facades/System.Reflection.Emit.ILGeneration.dll"
-r:"C:/Program Files/Unity/Hub/Editor/6000.4.1f1/Editor/Data/UnityReferenceAssemblies/unity-4.8-api/Facades/System.Reflection.Emit.Lightweight.dll"
-r:"C:/Program Files/Unity/Hub/Editor/6000.4.1f1/Editor/Data/UnityReferenceAssemblies/unity-4.8-api/Facades/System.Reflection.Emit.dll"
-r:"C:/Program Files/Unity/Hub/Editor/6000.4.1f1/Editor/Data/UnityReferenceAssemblies/unity-4.8-api/Facades/System.Reflection.Extensions.dll"
-r:"C:/Program Files/Unity/Hub/Editor/6000.4.1f1/Editor/Data/UnityReferenceAssemblies/unity-4.8-api/Facades/System.Reflection.Primitives.dll"
-r:"C:/Program Files/Unity/Hub/Editor/6000.4.1f1/Editor/Data/UnityReferenceAssemblies/unity-4.8-api/Facades/System.Reflection.dll"
-r:"C:/Program Files/Unity/Hub/Editor/6000.4.1f1/Editor/Data/UnityReferenceAssemblies/unity-4.8-api/Facades/System.Resources.Reader.dll"
-r:"C:/Program Files/Unity/Hub/Editor/6000.4.1f1/Editor/Data/UnityReferenceAssemblies/unity-4.8-api/Facades/System.Resources.ResourceManager.dll"
-r:"C:/Program Files/Unity/Hub/Editor/6000.4.1f1/Editor/Data/UnityReferenceAssemblies/unity-4.8-api/Facades/System.Resources.Writer.dll"
-r:"C:/Program Files/Unity/Hub/Editor/6000.4.1f1/Editor/Data/UnityReferenceAssemblies/unity-4.8-api/Facades/System.Runtime.CompilerServices.VisualC.dll"
-r:"C:/Program Files/Unity/Hub/Editor/6000.4.1f1/Editor/Data/UnityReferenceAssemblies/unity-4.8-api/Facades/System.Runtime.Extensions.dll"
-r:"C:/Program Files/Unity/Hub/Editor/6000.4.1f1/Editor/Data/UnityReferenceAssemblies/unity-4.8-api/Facades/System.Runtime.Handles.dll"
-r:"C:/Program Files/Unity/Hub/Editor/6000.4.1f1/Editor/Data/UnityReferenceAssemblies/unity-4.8-api/Facades/System.Runtime.InteropServices.RuntimeInformation.dll"
-r:"C:/Program Files/Unity/Hub/Editor/6000.4.1f1/Editor/Data/UnityReferenceAssemblies/unity-4.8-api/Facades/System.Runtime.InteropServices.WindowsRuntime.dll"
-r:"C:/Program Files/Unity/Hub/Editor/6000.4.1f1/Editor/Data/UnityReferenceAssemblies/unity-4.8-api/Facades/System.Runtime.InteropServices.dll"
-r:"C:/Program Files/Unity/Hub/Editor/6000.4.1f1/Editor/Data/UnityReferenceAssemblies/unity-4.8-api/Facades/System.Runtime.Numerics.dll"
-r:"C:/Program Files/Unity/Hub/Editor/6000.4.1f1/Editor/Data/UnityReferenceAssemblies/unity-4.8-api/Facades/System.Runtime.Serialization.Formatters.dll"
-r:"C:/Program Files/Unity/Hub/Editor/6000.4.1f1/Editor/Data/UnityReferenceAssemblies/unity-4.8-api/Facades/System.Runtime.Serialization.Json.dll"
-r:"C:/Program Files/Unity/Hub/Editor/6000.4.1f1/Editor/Data/UnityReferenceAssemblies/unity-4.8-api/Facades/System.Runtime.Serialization.Primitives.dll"
-r:"C:/Program Files/Unity/Hub/Editor/6000.4.1f1/Editor/Data/UnityReferenceAssemblies/unity-4.8-api/Facades/System.Runtime.Serialization.Xml.dll"
-r:"C:/Program Files/Unity/Hub/Editor/6000.4.1f1/Editor/Data/UnityReferenceAssemblies/unity-4.8-api/Facades/System.Runtime.dll"
-r:"C:/Program Files/Unity/Hub/Editor/6000.4.1f1/Editor/Data/UnityReferenceAssemblies/unity-4.8-api/Facades/System.Security.Claims.dll"
-r:"C:/Program Files/Unity/Hub/Editor/6000.4.1f1/Editor/Data/UnityReferenceAssemblies/unity-4.8-api/Facades/System.Security.Cryptography.Algorithms.dll"
-r:"C:/Program Files/Unity/Hub/Editor/6000.4.1f1/Editor/Data/UnityReferenceAssemblies/unity-4.8-api/Facades/System.Security.Cryptography.Csp.dll"
-r:"C:/Program Files/Unity/Hub/Editor/6000.4.1f1/Editor/Data/UnityReferenceAssemblies/unity-4.8-api/Facades/System.Security.Cryptography.Encoding.dll"
-r:"C:/Program Files/Unity/Hub/Editor/6000.4.1f1/Editor/Data/UnityReferenceAssemblies/unity-4.8-api/Facades/System.Security.Cryptography.Primitives.dll"
-r:"C:/Program Files/Unity/Hub/Editor/6000.4.1f1/Editor/Data/UnityReferenceAssemblies/unity-4.8-api/Facades/System.Security.Cryptography.X509Certificates.dll"
-r:"C:/Program Files/Unity/Hub/Editor/6000.4.1f1/Editor/Data/UnityReferenceAssemblies/unity-4.8-api/Facades/System.Security.Principal.dll"
-r:"C:/Program Files/Unity/Hub/Editor/6000.4.1f1/Editor/Data/UnityReferenceAssemblies/unity-4.8-api/Facades/System.Security.SecureString.dll"
-r:"C:/Program Files/Unity/Hub/Editor/6000.4.1f1/Editor/Data/UnityReferenceAssemblies/unity-4.8-api/Facades/System.ServiceModel.Duplex.dll"
-r:"C:/Program Files/Unity/Hub/Editor/6000.4.1f1/Editor/Data/UnityReferenceAssemblies/unity-4.8-api/Facades/System.ServiceModel.Http.dll"
-r:"C:/Program Files/Unity/Hub/Editor/6000.4.1f1/Editor/Data/UnityReferenceAssemblies/unity-4.8-api/Facades/System.ServiceModel.NetTcp.dll"
-r:"C:/Program Files/Unity/Hub/Editor/6000.4.1f1/Editor/Data/UnityReferenceAssemblies/unity-4.8-api/Facades/System.ServiceModel.Primitives.dll"
-r:"C:/Program Files/Unity/Hub/Editor/6000.4.1f1/Editor/Data/UnityReferenceAssemblies/unity-4.8-api/Facades/System.ServiceModel.Security.dll"
-r:"C:/Program Files/Unity/Hub/Editor/6000.4.1f1/Editor/Data/UnityReferenceAssemblies/unity-4.8-api/Facades/System.Text.Encoding.Extensions.dll"
-r:"C:/Program Files/Unity/Hub/Editor/6000.4.1f1/Editor/Data/UnityReferenceAssemblies/unity-4.8-api/Facades/System.Text.Encoding.dll"
-r:"C:/Program Files/Unity/Hub/Editor/6000.4.1f1/Editor/Data/UnityReferenceAssemblies/unity-4.8-api/Facades/System.Text.RegularExpressions.dll"
-r:"C:/Program Files/Unity/Hub/Editor/6000.4.1f1/Editor/Data/UnityReferenceAssemblies/unity-4.8-api/Facades/System.Threading.Overlapped.dll"
-r:"C:/Program Files/Unity/Hub/Editor/6000.4.1f1/Editor/Data/UnityReferenceAssemblies/unity-4.8-api/Facades/System.Threading.Tasks.Extensions.dll"
-r:"C:/Program Files/Unity/Hub/Editor/6000.4.1f1/Editor/Data/UnityReferenceAssemblies/unity-4.8-api/Facades/System.Threading.Tasks.Parallel.dll"
-r:"C:/Program Files/Unity/Hub/Editor/6000.4.1f1/Editor/Data/UnityReferenceAssemblies/unity-4.8-api/Facades/System.Threading.Tasks.dll"
-r:"C:/Program Files/Unity/Hub/Editor/6000.4.1f1/Editor/Data/UnityReferenceAssemblies/unity-4.8-api/Facades/System.Threading.Thread.dll"
-r:"C:/Program Files/Unity/Hub/Editor/6000.4.1f1/Editor/Data/UnityReferenceAssemblies/unity-4.8-api/Facades/System.Threading.ThreadPool.dll"
-r:"C:/Program Files/Unity/Hub/Editor/6000.4.1f1/Editor/Data/UnityReferenceAssemblies/unity-4.8-api/Facades/System.Threading.Timer.dll"
-r:"C:/Program Files/Unity/Hub/Editor/6000.4.1f1/Editor/Data/UnityReferenceAssemblies/unity-4.8-api/Facades/System.Threading.dll"
-r:"C:/Program Files/Unity/Hub/Editor/6000.4.1f1/Editor/Data/UnityReferenceAssemblies/unity-4.8-api/Facades/System.ValueTuple.dll"
-r:"C:/Program Files/Unity/Hub/Editor/6000.4.1f1/Editor/Data/UnityReferenceAssemblies/unity-4.8-api/Facades/System.Xml.ReaderWriter.dll"
-r:"C:/Program Files/Unity/Hub/Editor/6000.4.1f1/Editor/Data/UnityReferenceAssemblies/unity-4.8-api/Facades/System.Xml.XDocument.dll"
-r:"C:/Program Files/Unity/Hub/Editor/6000.4.1f1/Editor/Data/UnityReferenceAssemblies/unity-4.8-api/Facades/System.Xml.XPath.XDocument.dll"
-r:"C:/Program Files/Unity/Hub/Editor/6000.4.1f1/Editor/Data/UnityReferenceAssemblies/unity-4.8-api/Facades/System.Xml.XPath.dll"
-r:"C:/Program Files/Unity/Hub/Editor/6000.4.1f1/Editor/Data/UnityReferenceAssemblies/unity-4.8-api/Facades/System.Xml.XmlDocument.dll"
-r:"C:/Program Files/Unity/Hub/Editor/6000.4.1f1/Editor/Data/UnityReferenceAssemblies/unity-4.8-api/Facades/System.Xml.XmlSerializer.dll"
-r:"C:/Program Files/Unity/Hub/Editor/6000.4.1f1/Editor/Data/UnityReferenceAssemblies/unity-4.8-api/Facades/netstandard.dll"
-r:"C:/Program Files/Unity/Hub/Editor/6000.4.1f1/Editor/Data/UnityReferenceAssemblies/unity-4.8-api/Microsoft.CSharp.dll"
-r:"C:/Program Files/Unity/Hub/Editor/6000.4.1f1/Editor/Data/UnityReferenceAssemblies/unity-4.8-api/System.ComponentModel.Composition.dll"
-r:"C:/Program Files/Unity/Hub/Editor/6000.4.1f1/Editor/Data/UnityReferenceAssemblies/unity-4.8-api/System.Core.dll"
-r:"C:/Program Files/Unity/Hub/Editor/6000.4.1f1/Editor/Data/UnityReferenceAssemblies/unity-4.8-api/System.Data.DataSetExtensions.dll"
-r:"C:/Program Files/Unity/Hub/Editor/6000.4.1f1/Editor/Data/UnityReferenceAssemblies/unity-4.8-api/System.Data.dll"
-r:"C:/Program Files/Unity/Hub/Editor/6000.4.1f1/Editor/Data/UnityReferenceAssemblies/unity-4.8-api/System.Drawing.dll"
-r:"C:/Program Files/Unity/Hub/Editor/6000.4.1f1/Editor/Data/UnityReferenceAssemblies/unity-4.8-api/System.IO.Compression.FileSystem.dll"
-r:"C:/Program Files/Unity/Hub/Editor/6000.4.1f1/Editor/Data/UnityReferenceAssemblies/unity-4.8-api/System.IO.Compression.dll"
-r:"C:/Program Files/Unity/Hub/Editor/6000.4.1f1/Editor/Data/UnityReferenceAssemblies/unity-4.8-api/System.Net.Http.dll"
-r:"C:/Program Files/Unity/Hub/Editor/6000.4.1f1/Editor/Data/UnityReferenceAssemblies/unity-4.8-api/System.Numerics.Vectors.dll"
-r:"C:/Program Files/Unity/Hub/Editor/6000.4.1f1/Editor/Data/UnityReferenceAssemblies/unity-4.8-api/System.Numerics.dll"
-r:"C:/Program Files/Unity/Hub/Editor/6000.4.1f1/Editor/Data/UnityReferenceAssemblies/unity-4.8-api/System.Runtime.Serialization.dll"
-r:"C:/Program Files/Unity/Hub/Editor/6000.4.1f1/Editor/Data/UnityReferenceAssemblies/unity-4.8-api/System.Transactions.dll"
-r:"C:/Program Files/Unity/Hub/Editor/6000.4.1f1/Editor/Data/UnityReferenceAssemblies/unity-4.8-api/System.Xml.Linq.dll"
-r:"C:/Program Files/Unity/Hub/Editor/6000.4.1f1/Editor/Data/UnityReferenceAssemblies/unity-4.8-api/System.Xml.dll"
-r:"C:/Program Files/Unity/Hub/Editor/6000.4.1f1/Editor/Data/UnityReferenceAssemblies/unity-4.8-api/System.dll"
-r:"C:/Program Files/Unity/Hub/Editor/6000.4.1f1/Editor/Data/UnityReferenceAssemblies/unity-4.8-api/mscorlib.dll"
-r:"Library/PackageCache/com.unity.collab-proxy@a5329f833fa8/Lib/Editor/Unity.Plastic.Antlr3.Runtime.dll"
-r:"Library/PackageCache/com.unity.collab-proxy@a5329f833fa8/Lib/Editor/Unity.Plastic.Newtonsoft.Json.dll"
-r:"Library/PackageCache/com.unity.collab-proxy@a5329f833fa8/Lib/Editor/log4netPlastic.dll"
-r:"Library/PackageCache/com.unity.collab-proxy@a5329f833fa8/Lib/Editor/unityplastic.dll"
-r:"Library/PackageCache/com.unity.nuget.mono-cecil@ecb9724e46ff/Mono.Cecil.dll"
-r:"Library/PackageCache/com.unity.nuget.newtonsoft-json@4dfd81071c64/Runtime/Newtonsoft.Json.dll"
-r:"Library/PackageCache/com.unity.sharp-zip-lib@f6e4ef34e4d8/Runtime/Unity.SharpZipLib.dll"
-r:"Library/PackageCache/com.unity.visualscripting@8bed5ad90189/Editor/VisualScripting.Core/Dependencies/DotNetZip/Unity.VisualScripting.IonicZip.dll"
-r:"Library/PackageCache/com.unity.visualscripting@8bed5ad90189/Editor/VisualScripting.Core/Dependencies/YamlDotNet/Unity.VisualScripting.YamlDotNet.dll"
-r:"Library/PackageCache/com.unity.visualscripting@8bed5ad90189/Editor/VisualScripting.Core/EditorAssetResources/Unity.VisualScripting.TextureAssets.dll"
-r:"Library/PackageCache/com.unity.visualscripting@8bed5ad90189/Runtime/VisualScripting.Flow/Dependencies/NCalc/Unity.VisualScripting.Antlr3.Runtime.dll"
-r:"Packages/com.unity.collections/Unity.Collections.LowLevel.ILSupport/Unity.Collections.LowLevel.ILSupport.dll"
-r:"Library/Bee/artifacts/1900b0aEDbg.dag/Unity.Burst.ref.dll"
-r:"Library/Bee/artifacts/1900b0aEDbg.dag/Unity.Collections.ref.dll"
-r:"Library/Bee/artifacts/1900b0aEDbg.dag/Unity.Mathematics.ref.dll"
-r:"Library/Bee/artifacts/1900b0aEDbg.dag/Unity.PathTracing.Editor.ref.dll"
-r:"Library/Bee/artifacts/1900b0aEDbg.dag/Unity.PathTracing.Runtime.ref.dll"
-r:"Library/Bee/artifacts/1900b0aEDbg.dag/Unity.RenderPipelines.Core.Runtime.ref.dll"
-r:"Library/Bee/artifacts/1900b0aEDbg.dag/Unity.RenderPipelines.GPUDriven.Runtime.ref.dll"
-r:"Library/Bee/artifacts/1900b0aEDbg.dag/Unity.UnifiedRayTracing.Runtime.ref.dll"
-r:"Library/Bee/artifacts/1900b0aEDbg.dag/UnityEditor.UI.ref.dll"
-r:"Library/Bee/artifacts/1900b0aEDbg.dag/UnityEngine.UI.ref.dll"
-analyzer:"C:/Program Files/Unity/Hub/Editor/6000.4.1f1/Editor/Data/Tools/BuildPipeline/Unity.SourceGenerators/Unity.Properties.SourceGenerator.dll"
-analyzer:"C:/Program Files/Unity/Hub/Editor/6000.4.1f1/Editor/Data/Tools/BuildPipeline/Unity.SourceGenerators/Unity.SourceGenerators.dll"
-analyzer:"C:/Program Files/Unity/Hub/Editor/6000.4.1f1/Editor/Data/Tools/BuildPipeline/Unity.SourceGenerators/Unity.UIToolkit.SourceGenerator.dll"
"Library/PackageCache/com.unity.render-pipelines.core@e6c93b445dd3/Editor/Analytics/AnalyticsUtils.cs"
"Library/PackageCache/com.unity.render-pipelines.core@e6c93b445dd3/Editor/Analytics/BuildTargetAnalytic.cs"
"Library/PackageCache/com.unity.render-pipelines.core@e6c93b445dd3/Editor/Analytics/RenderGraphViewerSessionAnalytic.cs"
"Library/PackageCache/com.unity.render-pipelines.core@e6c93b445dd3/Editor/Analytics/RenderPipelineGraphicsSettingsAnalytics.cs"
"Library/PackageCache/com.unity.render-pipelines.core@e6c93b445dd3/Editor/Analytics/VolumePriorityUsageAnalytic.cs"
"Library/PackageCache/com.unity.render-pipelines.core@e6c93b445dd3/Editor/Analytics/VolumeProfileOverridesAnalytic.cs"
"Library/PackageCache/com.unity.render-pipelines.core@e6c93b445dd3/Editor/Analytics/VolumeProfileUsageAnalytic.cs"
"Library/PackageCache/com.unity.render-pipelines.core@e6c93b445dd3/Editor/AssemblyInfo.cs"
"Library/PackageCache/com.unity.render-pipelines.core@e6c93b445dd3/Editor/AssetDatabaseHelper.cs"
"Library/PackageCache/com.unity.render-pipelines.core@e6c93b445dd3/Editor/BuildProcessors/CoreBuildData.cs"
"Library/PackageCache/com.unity.render-pipelines.core@e6c93b445dd3/Editor/BuildProcessors/CorePreprocessBuild.cs"
"Library/PackageCache/com.unity.render-pipelines.core@e6c93b445dd3/Editor/BuildProcessors/SettingsStrippers/GPUResidentDrawerResourcesStripper.cs"
"Library/PackageCache/com.unity.render-pipelines.core@e6c93b445dd3/Editor/BuildProcessors/ShaderStrippers/SRPDisabledComputeShaderVariantStripper.cs"
"Library/PackageCache/com.unity.render-pipelines.core@e6c93b445dd3/Editor/BuildTargetExtensions.cs"
"Library/PackageCache/com.unity.render-pipelines.core@e6c93b445dd3/Editor/Camera/CameraUI.Drawers.cs"
"Library/PackageCache/com.unity.render-pipelines.core@e6c93b445dd3/Editor/Camera/CameraUI.Environment.Drawers.cs"
"Library/PackageCache/com.unity.render-pipelines.core@e6c93b445dd3/Editor/Camera/CameraUI.Environment.Skin.cs"
"Library/PackageCache/com.unity.render-pipelines.core@e6c93b445dd3/Editor/Camera/CameraUI.Output.Drawers.cs"
"Library/PackageCache/com.unity.render-pipelines.core@e6c93b445dd3/Editor/Camera/CameraUI.Output.Skin.cs"
"Library/PackageCache/com.unity.render-pipelines.core@e6c93b445dd3/Editor/Camera/CameraUI.PhysicalCamera.Drawers.cs"
"Library/PackageCache/com.unity.render-pipelines.core@e6c93b445dd3/Editor/Camera/CameraUI.PhysicalCamera.Skin.cs"
"Library/PackageCache/com.unity.render-pipelines.core@e6c93b445dd3/Editor/Camera/CameraUI.Rendering.Drawers.cs"
"Library/PackageCache/com.unity.render-pipelines.core@e6c93b445dd3/Editor/Camera/CameraUI.Rendering.Skin.cs"
"Library/PackageCache/com.unity.render-pipelines.core@e6c93b445dd3/Editor/Camera/CameraUI.Skin.cs"
"Library/PackageCache/com.unity.render-pipelines.core@e6c93b445dd3/Editor/Camera/ISerializedCamera.cs"
"Library/PackageCache/com.unity.render-pipelines.core@e6c93b445dd3/Editor/CameraEditorUtils.cs"
"Library/PackageCache/com.unity.render-pipelines.core@e6c93b445dd3/Editor/CommandBuffers/CommandBufferGenerator/CommandBufferGenerator.cs"
"Library/PackageCache/com.unity.render-pipelines.core@e6c93b445dd3/Editor/ContextualMenuDispatcher.cs"
"Library/PackageCache/com.unity.render-pipelines.core@e6c93b445dd3/Editor/Controls/ToggleDropdown.cs"
"Library/PackageCache/com.unity.render-pipelines.core@e6c93b445dd3/Editor/CoreEditorDrawers.cs"
"Library/PackageCache/com.unity.render-pipelines.core@e6c93b445dd3/Editor/CoreEditorStyles.cs"
"Library/PackageCache/com.unity.render-pipelines.core@e6c93b445dd3/Editor/CoreEditorUtils.cs"
"Library/PackageCache/com.unity.render-pipelines.core@e6c93b445dd3/Editor/CoreRenderPipelinePreferences.cs"
"Library/PackageCache/com.unity.render-pipelines.core@e6c93b445dd3/Editor/CustomRenderTexture/CustomRenderTextureMenuItem.cs"
"Library/PackageCache/com.unity.render-pipelines.core@e6c93b445dd3/Editor/Debugging/DebugState.cs"
"Library/PackageCache/com.unity.render-pipelines.core@e6c93b445dd3/Editor/Debugging/DebugUIDrawer.Builtins.cs"
"Library/PackageCache/com.unity.render-pipelines.core@e6c93b445dd3/Editor/Debugging/DebugUIDrawer.cs"
"Library/PackageCache/com.unity.render-pipelines.core@e6c93b445dd3/Editor/Debugging/DebugUIHandlerCanvasEditor.cs"
"Library/PackageCache/com.unity.render-pipelines.core@e6c93b445dd3/Editor/Debugging/DebugWindow.cs"
"Library/PackageCache/com.unity.render-pipelines.core@e6c93b445dd3/Editor/Debugging/UIFoldoutEditor.cs"
"Library/PackageCache/com.unity.render-pipelines.core@e6c93b445dd3/Editor/Deprecated.cs"
"Library/PackageCache/com.unity.render-pipelines.core@e6c93b445dd3/Editor/EditorPrefBool.cs"
"Library/PackageCache/com.unity.render-pipelines.core@e6c93b445dd3/Editor/EditorPrefBoolFlags.cs"
"Library/PackageCache/com.unity.render-pipelines.core@e6c93b445dd3/Editor/EditorWindowWithHelpButton.cs"
"Library/PackageCache/com.unity.render-pipelines.core@e6c93b445dd3/Editor/ExpandedState.cs"
"Library/PackageCache/com.unity.render-pipelines.core@e6c93b445dd3/Editor/FilterWindow.cs"
"Library/PackageCache/com.unity.render-pipelines.core@e6c93b445dd3/Editor/Gizmo/GizmoUtility.cs"
"Library/PackageCache/com.unity.render-pipelines.core@e6c93b445dd3/Editor/Gizmo/HierarchicalBox.cs"
"Library/PackageCache/com.unity.render-pipelines.core@e6c93b445dd3/Editor/Gizmo/HierarchicalSphere.cs"
"Library/PackageCache/com.unity.render-pipelines.core@e6c93b445dd3/Editor/HeaderFoldout.cs"
"Library/PackageCache/com.unity.render-pipelines.core@e6c93b445dd3/Editor/ICoreRenderPipelinePreferencesProvider.cs"
"Library/PackageCache/com.unity.render-pipelines.core@e6c93b445dd3/Editor/InspectorCurveEditor.cs"
"Library/PackageCache/com.unity.render-pipelines.core@e6c93b445dd3/Editor/Lighting/CoreLightEditorUtilities.cs"
"Library/PackageCache/com.unity.render-pipelines.core@e6c93b445dd3/Editor/Lighting/IESEngine.cs"
"Library/PackageCache/com.unity.render-pipelines.core@e6c93b445dd3/Editor/Lighting/IESImporter.cs"
"Library/PackageCache/com.unity.render-pipelines.core@e6c93b445dd3/Editor/Lighting/IESImporterEditor.cs"
"Library/PackageCache/com.unity.render-pipelines.core@e6c93b445dd3/Editor/Lighting/IESObject.cs"
"Library/PackageCache/com.unity.render-pipelines.core@e6c93b445dd3/Editor/Lighting/IESReader.cs"
"Library/PackageCache/com.unity.render-pipelines.core@e6c93b445dd3/Editor/Lighting/ISerializedLight.cs"
"Library/PackageCache/com.unity.render-pipelines.core@e6c93b445dd3/Editor/Lighting/LightAnchorEditor.cs"
"Library/PackageCache/com.unity.render-pipelines.core@e6c93b445dd3/Editor/Lighting/LightAnchorEditorTool.cs"
"Library/PackageCache/com.unity.render-pipelines.core@e6c93b445dd3/Editor/Lighting/LightAnchorHandles.cs"
"Library/PackageCache/com.unity.render-pipelines.core@e6c93b445dd3/Editor/Lighting/LightIntensitySlider.cs"
"Library/PackageCache/com.unity.render-pipelines.core@e6c93b445dd3/Editor/Lighting/LightPlacementTool.cs"
"Library/PackageCache/com.unity.render-pipelines.core@e6c93b445dd3/Editor/Lighting/LightUI.Drawers.cs"
"Library/PackageCache/com.unity.render-pipelines.core@e6c93b445dd3/Editor/Lighting/LightUI.Skin.cs"
"Library/PackageCache/com.unity.render-pipelines.core@e6c93b445dd3/Editor/Lighting/LightUnit/LightUnitSlider.cs"
"Library/PackageCache/com.unity.render-pipelines.core@e6c93b445dd3/Editor/Lighting/LightUnit/LightUnitSliderSettings.cs"
"Library/PackageCache/com.unity.render-pipelines.core@e6c93b445dd3/Editor/Lighting/LightUnit/TemperatureSlider.cs"
"Library/PackageCache/com.unity.render-pipelines.core@e6c93b445dd3/Editor/Lighting/ProbeVolume/AdaptiveProbeVolumes.BakePipelineDriver.cs"
"Library/PackageCache/com.unity.render-pipelines.core@e6c93b445dd3/Editor/Lighting/ProbeVolume/ProbeAdjustmentVolumeEditor.cs"
"Library/PackageCache/com.unity.render-pipelines.core@e6c93b445dd3/Editor/Lighting/ProbeVolume/ProbeGIBaking.Dilate.cs"
"Library/PackageCache/com.unity.render-pipelines.core@e6c93b445dd3/Editor/Lighting/ProbeVolume/ProbeGIBaking.Invalidation.cs"
"Library/PackageCache/com.unity.render-pipelines.core@e6c93b445dd3/Editor/Lighting/ProbeVolume/ProbeGIBaking.LightTransport.cs"
"Library/PackageCache/com.unity.render-pipelines.core@e6c93b445dd3/Editor/Lighting/ProbeVolume/ProbeGIBaking.Placement.cs"
"Library/PackageCache/com.unity.render-pipelines.core@e6c93b445dd3/Editor/Lighting/ProbeVolume/ProbeGIBaking.RenderingLayers.cs"
"Library/PackageCache/com.unity.render-pipelines.core@e6c93b445dd3/Editor/Lighting/ProbeVolume/ProbeGIBaking.Serialization.cs"
"Library/PackageCache/com.unity.render-pipelines.core@e6c93b445dd3/Editor/Lighting/ProbeVolume/ProbeGIBaking.SkyOcclusion.cs"
"Library/PackageCache/com.unity.render-pipelines.core@e6c93b445dd3/Editor/Lighting/ProbeVolume/ProbeGIBaking.VirtualOffset.cs"
"Library/PackageCache/com.unity.render-pipelines.core@e6c93b445dd3/Editor/Lighting/ProbeVolume/ProbeGIBaking.cs"
"Library/PackageCache/com.unity.render-pipelines.core@e6c93b445dd3/Editor/Lighting/ProbeVolume/ProbePlacement.cs"
"Library/PackageCache/com.unity.render-pipelines.core@e6c93b445dd3/Editor/Lighting/ProbeVolume/ProbeSubdivisionContext.cs"
"Library/PackageCache/com.unity.render-pipelines.core@e6c93b445dd3/Editor/Lighting/ProbeVolume/ProbeSubdivisionResult.cs"
"Library/PackageCache/com.unity.render-pipelines.core@e6c93b445dd3/Editor/Lighting/ProbeVolume/ProbeVolumeBakingProcessSettingsDrawer.cs"
"Library/PackageCache/com.unity.render-pipelines.core@e6c93b445dd3/Editor/Lighting/ProbeVolume/ProbeVolumeBakingSetEditor.cs"
"Library/PackageCache/com.unity.render-pipelines.core@e6c93b445dd3/Editor/Lighting/ProbeVolume/ProbeVolumeBuildProcessor.cs"
"Library/PackageCache/com.unity.render-pipelines.core@e6c93b445dd3/Editor/Lighting/ProbeVolume/ProbeVolumeEditor.cs"
"Library/PackageCache/com.unity.render-pipelines.core@e6c93b445dd3/Editor/Lighting/ProbeVolume/ProbeVolumeGizmos.cs"
"Library/PackageCache/com.unity.render-pipelines.core@e6c93b445dd3/Editor/Lighting/ProbeVolume/ProbeVolumeLightingTab.cs"
"Library/PackageCache/com.unity.render-pipelines.core@e6c93b445dd3/Editor/Lighting/ProbeVolume/ProbeVolumeResourceStripper.cs"
"Library/PackageCache/com.unity.render-pipelines.core@e6c93b445dd3/Editor/Lighting/ProbeVolume/ProbeVolumeUI.Drawer.cs"
"Library/PackageCache/com.unity.render-pipelines.core@e6c93b445dd3/Editor/Lighting/ProbeVolume/ProbeVolumeUI.Skin.cs"
"Library/PackageCache/com.unity.render-pipelines.core@e6c93b445dd3/Editor/Lighting/ProbeVolume/ProbeVolumesOptionsEditor.cs"
"Library/PackageCache/com.unity.render-pipelines.core@e6c93b445dd3/Editor/Lighting/ProbeVolume/SerializedProbeAdjustmentVolume.cs"
"Library/PackageCache/com.unity.render-pipelines.core@e6c93b445dd3/Editor/Lighting/ProbeVolume/SerializedProbeVolume.cs"
"Library/PackageCache/com.unity.render-pipelines.core@e6c93b445dd3/Editor/Lighting/ProbeVolumeMenuItems.cs"
"Library/PackageCache/com.unity.render-pipelines.core@e6c93b445dd3/Editor/Lighting/Shadow/ShadowCascadeGUI.cs"
"Library/PackageCache/com.unity.render-pipelines.core@e6c93b445dd3/Editor/LookDev/CameraController.cs"
"Library/PackageCache/com.unity.render-pipelines.core@e6c93b445dd3/Editor/LookDev/CameraState.cs"
"Library/PackageCache/com.unity.render-pipelines.core@e6c93b445dd3/Editor/LookDev/ComparisonGizmoController.cs"
"Library/PackageCache/com.unity.render-pipelines.core@e6c93b445dd3/Editor/LookDev/ComparisonGizmoState.cs"
"Library/PackageCache/com.unity.render-pipelines.core@e6c93b445dd3/Editor/LookDev/Compositor.cs"
"Library/PackageCache/com.unity.render-pipelines.core@e6c93b445dd3/Editor/LookDev/Context.cs"
"Library/PackageCache/com.unity.render-pipelines.core@e6c93b445dd3/Editor/LookDev/DisplayWindow.DebugSidePanel.cs"
"Library/PackageCache/com.unity.render-pipelines.core@e6c93b445dd3/Editor/LookDev/DisplayWindow.EnvironmentLibrarySidePanel.cs"
"Library/PackageCache/com.unity.render-pipelines.core@e6c93b445dd3/Editor/LookDev/DisplayWindow.cs"
"Library/PackageCache/com.unity.render-pipelines.core@e6c93b445dd3/Editor/LookDev/DropArea.cs"
"Library/PackageCache/com.unity.render-pipelines.core@e6c93b445dd3/Editor/LookDev/Environment.cs"
"Library/PackageCache/com.unity.render-pipelines.core@e6c93b445dd3/Editor/LookDev/EnvironmentLibrary.cs"
"Library/PackageCache/com.unity.render-pipelines.core@e6c93b445dd3/Editor/LookDev/LookDev.cs"
"Library/PackageCache/com.unity.render-pipelines.core@e6c93b445dd3/Editor/LookDev/LookDevRenderer.cs"
"Library/PackageCache/com.unity.render-pipelines.core@e6c93b445dd3/Editor/LookDev/Stage.cs"
"Library/PackageCache/com.unity.render-pipelines.core@e6c93b445dd3/Editor/LookDev/ToolbarRadio.cs"
"Library/PackageCache/com.unity.render-pipelines.core@e6c93b445dd3/Editor/Material/AssetReimportUtils.cs"
"Library/PackageCache/com.unity.render-pipelines.core@e6c93b445dd3/Editor/Material/DecalPreferences.cs"
"Library/PackageCache/com.unity.render-pipelines.core@e6c93b445dd3/Editor/Material/MaterialEditorExtension.cs"
"Library/PackageCache/com.unity.render-pipelines.core@e6c93b445dd3/Editor/Material/MaterialHeaderScope.cs"
"Library/PackageCache/com.unity.render-pipelines.core@e6c93b445dd3/Editor/Material/MaterialHeaderScopeItem.cs"
"Library/PackageCache/com.unity.render-pipelines.core@e6c93b445dd3/Editor/Material/MaterialHeaderScopeList.cs"
"Library/PackageCache/com.unity.render-pipelines.core@e6c93b445dd3/Editor/MenuManager.cs"
"Library/PackageCache/com.unity.render-pipelines.core@e6c93b445dd3/Editor/PostProcessing/LensFlareComponentSRPEditor.cs"
"Library/PackageCache/com.unity.render-pipelines.core@e6c93b445dd3/Editor/PostProcessing/LensFlareDataSRPEditor.cs"
"Library/PackageCache/com.unity.render-pipelines.core@e6c93b445dd3/Editor/PostProcessing/LensFlareEditor.cs"
"Library/PackageCache/com.unity.render-pipelines.core@e6c93b445dd3/Editor/PostProcessing/LensFlareEditorUtils.cs"
"Library/PackageCache/com.unity.render-pipelines.core@e6c93b445dd3/Editor/ProjectorEditor.cs"
"Library/PackageCache/com.unity.render-pipelines.core@e6c93b445dd3/Editor/Properties/AdditionalPropertiesState.cs"
"Library/PackageCache/com.unity.render-pipelines.core@e6c93b445dd3/Editor/Properties/AdvancedProperties.cs"
"Library/PackageCache/com.unity.render-pipelines.core@e6c93b445dd3/Editor/Properties/AdvancedPropertiesObserver.cs"
"Library/PackageCache/com.unity.render-pipelines.core@e6c93b445dd3/Editor/Properties/PropertiesPreferencesProvider.cs"
"Library/PackageCache/com.unity.render-pipelines.core@e6c93b445dd3/Editor/PropertyDrawers/VrsLutDrawer.cs"
"Library/PackageCache/com.unity.render-pipelines.core@e6c93b445dd3/Editor/PropertyFetcher.cs"
"Library/PackageCache/com.unity.render-pipelines.core@e6c93b445dd3/Editor/QuaternionPropertyDrawer.cs"
"Library/PackageCache/com.unity.render-pipelines.core@e6c93b445dd3/Editor/RelativePropertiesDrawer.cs"
"Library/PackageCache/com.unity.render-pipelines.core@e6c93b445dd3/Editor/RemoveAdditionalDataUtils.cs"
"Library/PackageCache/com.unity.render-pipelines.core@e6c93b445dd3/Editor/RemoveComponentUtils.cs"
"Library/PackageCache/com.unity.render-pipelines.core@e6c93b445dd3/Editor/RenderGraph/RenderGraphEditorLocalDebugSession.cs"
"Library/PackageCache/com.unity.render-pipelines.core@e6c93b445dd3/Editor/RenderGraph/RenderGraphEditorRemoteDebugSession.cs"
"Library/PackageCache/com.unity.render-pipelines.core@e6c93b445dd3/Editor/RenderGraph/RenderGraphTestsCore.cs"
"Library/PackageCache/com.unity.render-pipelines.core@e6c93b445dd3/Editor/RenderGraph/RenderGraphUtilsResourceStripper.cs"
"Library/PackageCache/com.unity.render-pipelines.core@e6c93b445dd3/Editor/RenderGraph/RenderGraphViewer.PanManipulator.cs"
"Library/PackageCache/com.unity.render-pipelines.core@e6c93b445dd3/Editor/RenderGraph/RenderGraphViewer.PassTitleLabel.cs"
"Library/PackageCache/com.unity.render-pipelines.core@e6c93b445dd3/Editor/RenderGraph/RenderGraphViewer.PlayerConnection.cs"
"Library/PackageCache/com.unity.render-pipelines.core@e6c93b445dd3/Editor/RenderGraph/RenderGraphViewer.SidePanel.cs"
"Library/PackageCache/com.unity.render-pipelines.core@e6c93b445dd3/Editor/RenderGraph/RenderGraphViewer.cs"
"Library/PackageCache/com.unity.render-pipelines.core@e6c93b445dd3/Editor/STP/STPResourceStripper.cs"
"Library/PackageCache/com.unity.render-pipelines.core@e6c93b445dd3/Editor/SampleDependencyImportSystem/SampleDependencyImporter.cs"
"Library/PackageCache/com.unity.render-pipelines.core@e6c93b445dd3/Editor/SampleDependencyImportSystem/SampleList.cs"
"Library/PackageCache/com.unity.render-pipelines.core@e6c93b445dd3/Editor/ScriptTemplates/ScriptTemplates.cs"
"Library/PackageCache/com.unity.render-pipelines.core@e6c93b445dd3/Editor/SerializedPropertyExtension.cs"
"Library/PackageCache/com.unity.render-pipelines.core@e6c93b445dd3/Editor/Settings/DefaultVolumeProfileCategories.cs"
"Library/PackageCache/com.unity.render-pipelines.core@e6c93b445dd3/Editor/Settings/DefaultVolumeProfileEditor.cs"
"Library/PackageCache/com.unity.render-pipelines.core@e6c93b445dd3/Editor/Settings/PropertyDrawers/DefaultVolumeProfileSettingsPropertyDrawer.cs"
"Library/PackageCache/com.unity.render-pipelines.core@e6c93b445dd3/Editor/Settings/PropertyDrawers/RenderPipelineGraphicsSettingsContainerPropertyDrawer.cs"
"Library/PackageCache/com.unity.render-pipelines.core@e6c93b445dd3/Editor/Settings/PropertyDrawers/ShaderStrippingSettingsPropertyDrawer.cs"
"Library/PackageCache/com.unity.render-pipelines.core@e6c93b445dd3/Editor/Settings/RenderPipelineGlobalSettingsEndNameEditAction.cs"
"Library/PackageCache/com.unity.render-pipelines.core@e6c93b445dd3/Editor/Settings/RenderPipelineGlobalSettingsProvider.deprecated.cs"
"Library/PackageCache/com.unity.render-pipelines.core@e6c93b445dd3/Editor/Settings/RenderPipelineGlobalSettingsUI.Drawers.cs"
"Library/PackageCache/com.unity.render-pipelines.core@e6c93b445dd3/Editor/Settings/RenderPipelineResourcesEditor.cs"
"Library/PackageCache/com.unity.render-pipelines.core@e6c93b445dd3/Editor/Settings/SettingsProviderGUIScope.cs"
"Library/PackageCache/com.unity.render-pipelines.core@e6c93b445dd3/Editor/ShaderGenerator/CSharpToHLSL.cs"
"Library/PackageCache/com.unity.render-pipelines.core@e6c93b445dd3/Editor/ShaderGenerator/ShaderGeneratorMenu.cs"
"Library/PackageCache/com.unity.render-pipelines.core@e6c93b445dd3/Editor/ShaderGenerator/ShaderTypeGeneration.cs"
"Library/PackageCache/com.unity.render-pipelines.core@e6c93b445dd3/Editor/ShaderStripping/IVariantStripper.cs"
"Library/PackageCache/com.unity.render-pipelines.core@e6c93b445dd3/Editor/ShaderStripping/ShaderExtensions.cs"
"Library/PackageCache/com.unity.render-pipelines.core@e6c93b445dd3/Editor/ShaderStripping/ShaderPreprocessor.cs"
"Library/PackageCache/com.unity.render-pipelines.core@e6c93b445dd3/Editor/ShaderStripping/ShaderStrippingReport.cs"
"Library/PackageCache/com.unity.render-pipelines.core@e6c93b445dd3/Editor/ShaderStripping/ShaderStrippingWatcher.cs"
"Library/PackageCache/com.unity.render-pipelines.core@e6c93b445dd3/Editor/StringExtensions.cs"
"Library/PackageCache/com.unity.render-pipelines.core@e6c93b445dd3/Editor/Tools/Deprecated.cs"
"Library/PackageCache/com.unity.render-pipelines.core@e6c93b445dd3/Editor/Tools/MaterialUpgrader/IMaterialUpgradersProvider.cs"
"Library/PackageCache/com.unity.render-pipelines.core@e6c93b445dd3/Editor/Tools/MaterialUpgrader/MaterialUpgrader.Utils.cs"
"Library/PackageCache/com.unity.render-pipelines.core@e6c93b445dd3/Editor/Tools/MaterialUpgrader/MaterialUpgrader.cs"
"Library/PackageCache/com.unity.render-pipelines.core@e6c93b445dd3/Editor/Tools/MaterialUpgrader/MaterialUpgraderRegistry.cs"
"Library/PackageCache/com.unity.render-pipelines.core@e6c93b445dd3/Editor/Tools/MaterialUpgrader/SpeedTree8MaterialUpgrader.cs"
"Library/PackageCache/com.unity.render-pipelines.core@e6c93b445dd3/Editor/Tools/MaterialUpgrader/SpeedTree9MaterialUpgrader.cs"
"Library/PackageCache/com.unity.render-pipelines.core@e6c93b445dd3/Editor/Upscaling/DLSSOptionsEditor.cs"
"Library/PackageCache/com.unity.render-pipelines.core@e6c93b445dd3/Editor/Upscaling/UpscalerOptionsEditor.cs"
"Library/PackageCache/com.unity.render-pipelines.core@e6c93b445dd3/Editor/Upscaling/UpscalerOptionsEditorCache.cs"
"Library/PackageCache/com.unity.render-pipelines.core@e6c93b445dd3/Editor/Utilities/EditorMaterialQuality.cs"
"Library/PackageCache/com.unity.render-pipelines.core@e6c93b445dd3/Editor/Utilities/GenericEditorTool.cs"
"Library/PackageCache/com.unity.render-pipelines.core@e6c93b445dd3/Editor/Utilities/LocalizationHelper.cs"
"Library/PackageCache/com.unity.render-pipelines.core@e6c93b445dd3/Editor/Utilities/SceneRenderPipelineEditor.cs"
"Library/PackageCache/com.unity.render-pipelines.core@e6c93b445dd3/Editor/Utilities/SerializedBitArray.cs"
"Library/PackageCache/com.unity.render-pipelines.core@e6c93b445dd3/Editor/Utilities/SerializedBitArray.deprecated.cs"
"Library/PackageCache/com.unity.render-pipelines.core@e6c93b445dd3/Editor/Utilities/TimedScope.cs"
"Library/PackageCache/com.unity.render-pipelines.core@e6c93b445dd3/Editor/Volume/Drawers/BoolParameterDrawer.cs"
"Library/PackageCache/com.unity.render-pipelines.core@e6c93b445dd3/Editor/Volume/Drawers/ColorParameterDrawer.cs"
"Library/PackageCache/com.unity.render-pipelines.core@e6c93b445dd3/Editor/Volume/Drawers/FloatParameterDrawer.cs"
"Library/PackageCache/com.unity.render-pipelines.core@e6c93b445dd3/Editor/Volume/Drawers/IntParameterDrawer.cs"
"Library/PackageCache/com.unity.render-pipelines.core@e6c93b445dd3/Editor/Volume/Drawers/TextureParameterDrawer.cs"
"Library/PackageCache/com.unity.render-pipelines.core@e6c93b445dd3/Editor/Volume/Drawers/Vector4ParameterDrawer.cs"
"Library/PackageCache/com.unity.render-pipelines.core@e6c93b445dd3/Editor/Volume/SerializedDataParameter.cs"
"Library/PackageCache/com.unity.render-pipelines.core@e6c93b445dd3/Editor/Volume/VolumeComponentCopyPaste.cs"
"Library/PackageCache/com.unity.render-pipelines.core@e6c93b445dd3/Editor/Volume/VolumeComponentEditor.cs"
"Library/PackageCache/com.unity.render-pipelines.core@e6c93b445dd3/Editor/Volume/VolumeComponentListEditor.cs"
"Library/PackageCache/com.unity.render-pipelines.core@e6c93b445dd3/Editor/Volume/VolumeComponentProvider.cs"
"Library/PackageCache/com.unity.render-pipelines.core@e6c93b445dd3/Editor/Volume/VolumeEditor.cs"
"Library/PackageCache/com.unity.render-pipelines.core@e6c93b445dd3/Editor/Volume/VolumeGizmoDrawer.cs"
"Library/PackageCache/com.unity.render-pipelines.core@e6c93b445dd3/Editor/Volume/VolumeMenuItems.cs"
"Library/PackageCache/com.unity.render-pipelines.core@e6c93b445dd3/Editor/Volume/VolumeParameterDrawer.cs"
"Library/PackageCache/com.unity.render-pipelines.core@e6c93b445dd3/Editor/Volume/VolumeProfileEditor.cs"
"Library/PackageCache/com.unity.render-pipelines.core@e6c93b445dd3/Editor/Volume/VolumeProfileFactory.cs"
"Library/PackageCache/com.unity.render-pipelines.core@e6c93b445dd3/Editor/Volume/VolumeProfileUtils.cs"
"Library/PackageCache/com.unity.render-pipelines.core@e6c93b445dd3/Editor/Volume/VolumesPreferences.cs"
"Packages/com.waveharmonic.crest/Editor/Scripts/Utility/Bridges/Unity.RenderPipelines.Core/Editor/Assembly.cs"
-langversion:9.0
/unsafe+
/deterministic
/optimize-
/debug:portable
/nologo
/RuntimeMetadataVersion:v4.0.30319
/nowarn:0169
/nowarn:0649
/nowarn:0282
/nowarn:1701
/nowarn:1702
/utf8output
/preferreduilang:en-US
-warn:0
/additionalfile:"Library/Bee/artifacts/1900b0aEDbg.dag/Unity.RenderPipelines.Core.Editor.UnityAdditionalFile.txt"
##### Custom Environment Variables
DOTNET_MULTILEVEL_LOOKUP=0
##### ExitCode
1
##### Output
Library\PackageCache\com.unity.render-pipelines.core@e6c93b445dd3\Editor\RenderGraph\RenderGraphTestsCore.cs(1,7): error CS0246: The type or namespace name 'NUnit' could not be found (are you missing a using directive or an assembly reference?)

Library\PackageCache\com.unity.render-pipelines.core@e6c93b445dd3\Editor\RenderGraph\RenderGraphTestsCore.cs(128,10): error CS0246: The type or namespace name 'OneTimeSetUpAttribute' could not be found (are you missing a using directive or an assembly reference?)

Library\PackageCache\com.unity.render-pipelines.core@e6c93b445dd3\Editor\RenderGraph\RenderGraphTestsCore.cs(128,10): error CS0246: The type or namespace name 'OneTimeSetUp' could not be found (are you missing a using directive or an assembly reference?)

Library\PackageCache\com.unity.render-pipelines.core@e6c93b445dd3\Editor\RenderGraph\RenderGraphTestsCore.cs(161,10): error CS0246: The type or namespace name 'OneTimeTearDownAttribute' could not be found (are you missing a using directive or an assembly reference?)

Library\PackageCache\com.unity.render-pipelines.core@e6c93b445dd3\Editor\RenderGraph\RenderGraphTestsCore.cs(161,10): error CS0246: The type or namespace name 'OneTimeTearDown' could not be found (are you missing a using directive or an assembly reference?)

Library\PackageCache\com.unity.render-pipelines.core@e6c93b445dd3\Editor\RenderGraph\RenderGraphTestsCore.cs(184,10): error CS0246: The type or namespace name 'TearDownAttribute' could not be found (are you missing a using directive or an assembly reference?)

Library\PackageCache\com.unity.render-pipelines.core@e6c93b445dd3\Editor\RenderGraph\RenderGraphTestsCore.cs(184,10): error CS0246: The type or namespace name 'TearDown' could not be found (are you missing a using directive or an assembly reference?)
*** Tundra build failed (121.08 seconds - 0:02:01), 1030 items updated, 1644 evaluated
## Script Compilation Error for: Csc Library/Bee/artifacts/1900b0aEDbg.dag/Unity.MemoryProfiler.Editor.dll (+2 others)
## CmdLine: "C:\Program Files\Unity\Hub\Editor\6000.4.1f1\Editor\Data\NetCoreRuntime\dotnet.exe" exec "C:/Program Files/Unity/Hub/Editor/6000.4.1f1/Editor/Data/DotNetSdkRoslyn/csc.dll" /nostdlib /noconfig /shared "@Library/Bee/artifacts/1900b0aEDbg.dag/Unity.MemoryProfiler.Editor.rsp" "@Library/Bee/artifacts/1900b0aEDbg.dag/Unity.MemoryProfiler.Editor.rsp2"
## Output:
Library\PackageCache\com.unity.memoryprofiler@485b5ba42ef5\Editor\MemorySnapshot\Reader\QueriedSnapshot\GenericReadOperation.cs(5,7): error CS0246: The type or namespace name 'NUnit' could not be found (are you missing a using directive or an assembly reference?)

## Script Compilation Error for: Csc Library/Bee/artifacts/1900b0aEDbg.dag/Unity.RenderPipelines.Core.Editor.dll (+2 others)
## CmdLine: "C:\Program Files\Unity\Hub\Editor\6000.4.1f1\Editor\Data\NetCoreRuntime\dotnet.exe" exec "C:/Program Files/Unity/Hub/Editor/6000.4.1f1/Editor/Data/DotNetSdkRoslyn/csc.dll" /nostdlib /noconfig /shared "@Library/Bee/artifacts/1900b0aEDbg.dag/Unity.RenderPipelines.Core.Editor.rsp" "@Library/Bee/artifacts/1900b0aEDbg.dag/Unity.RenderPipelines.Core.Editor.rsp2"
## Output:
Library\PackageCache\com.unity.render-pipelines.core@e6c93b445dd3\Editor\RenderGraph\RenderGraphTestsCore.cs(1,7): error CS0246: The type or namespace name 'NUnit' could not be found (are you missing a using directive or an assembly reference?)
Library\PackageCache\com.unity.render-pipelines.core@e6c93b445dd3\Editor\RenderGraph\RenderGraphTestsCore.cs(128,10): error CS0246: The type or namespace name 'OneTimeSetUpAttribute' could not be found (are you missing a using directive or an assembly reference?)
Library\PackageCache\com.unity.render-pipelines.core@e6c93b445dd3\Editor\RenderGraph\RenderGraphTestsCore.cs(128,10): error CS0246: The type or namespace name 'OneTimeSetUp' could not be found (are you missing a using directive or an assembly reference?)
Library\PackageCache\com.unity.render-pipelines.core@e6c93b445dd3\Editor\RenderGraph\RenderGraphTestsCore.cs(161,10): error CS0246: The type or namespace name 'OneTimeTearDownAttribute' could not be found (are you missing a using directive or an assembly reference?)
Library\PackageCache\com.unity.render-pipelines.core@e6c93b445dd3\Editor\RenderGraph\RenderGraphTestsCore.cs(161,10): error CS0246: The type or namespace name 'OneTimeTearDown' could not be found (are you missing a using directive or an assembly reference?)
Library\PackageCache\com.unity.render-pipelines.core@e6c93b445dd3\Editor\RenderGraph\RenderGraphTestsCore.cs(184,10): error CS0246: The type or namespace name 'TearDownAttribute' could not be found (are you missing a using directive or an assembly reference?)
Library\PackageCache\com.unity.render-pipelines.core@e6c93b445dd3\Editor\RenderGraph\RenderGraphTestsCore.cs(184,10): error CS0246: The type or namespace name 'TearDown' could not be found (are you missing a using directive or an assembly reference?)

Assets\MapMagic\Tools\Extensions\Texture2DExtensions.cs(350,48): warning CS0618: 'TextureFormat.PVRTC_RGBA4' is obsolete: 'Texture compression format PVRTC has been deprecated and will be removed in a future release'
Assets\Feel\NiceVibrations\Define\NiceVibrationsDefineSymbols.cs(61,45): warning CS0618: 'PlayerSettings.GetScriptingDefineSymbolsForGroup(BuildTargetGroup)' is obsolete: 'Use GetScriptingDefineSymbols(NamedBuildTarget buildTarget) instead'
Assets\Feel\NiceVibrations\Define\NiceVibrationsDefineSymbols.cs(64,13): warning CS0618: 'PlayerSettings.SetScriptingDefineSymbolsForGroup(BuildTargetGroup, string)' is obsolete: 'Use SetScriptingDefineSymbols(NamedBuildTarget buildTarget, string defines) instead'
Assets\AstarPathfindingProject\Core\AI\AIBase.cs(434,130): warning CS0618: 'Rigidbody2D.isKinematic' is obsolete: 'isKinematic has been deprecated. Please use bodyType.'
Assets\AstarPathfindingProject\Core\Serialization\TinyJson.cs(344,28): warning CS0618: 'Object.FindObjectsOfType<T>(bool)' is obsolete: 'Object.FindObjectsOfType has been deprecated. Use Object.FindObjectsByType instead which lets you decide whether you need the results sorted or not.  FindObjectsOfType sorts the results by InstanceID but if you do not need this using FindObjectSortMode.None is considerably faster.'
Assets\AstarPathfindingProject\Generators\Utilities\RecastMeshGatherer.cs(47,23): warning CS0618: 'Object.FindObjectsOfType<T>()' is obsolete: 'Object.FindObjectsOfType has been deprecated. Use Object.FindObjectsByType instead which lets you decide whether you need the results sorted or not.  FindObjectsOfType sorts the results by InstanceID but if you do not need this using FindObjectSortMode.None is considerably faster.'
Assets\AmplifyImpostors\Plugins\Scripts\HelperExtensions.cs(37,16): warning CS0618: 'ShaderUtil.GetPropertyCount(Shader)' is obsolete: 'Use Shader.GetPropertyCount instead.'
Assets\AmplifyImpostors\Plugins\Scripts\HelperExtensions.cs(40,14): warning CS0618: 'ShaderUtil.GetPropertyType(Shader, int)' is obsolete: 'Use Shader.GetPropertyType instead.'
Assets\AmplifyImpostors\Plugins\Scripts\HelperExtensions.cs(41,16): warning CS0618: 'ShaderUtil.GetPropertyName(Shader, int)' is obsolete: 'Use Shader.GetPropertyName instead.'
Assets\AmplifyImpostors\Plugins\Scripts\HelperExtensions.cs(44,11): warning CS0618: 'ShaderUtil.ShaderPropertyType' is obsolete: 'Use UnityEngine.Rendering.ShaderPropertyType instead.'
Assets\AmplifyImpostors\Plugins\Scripts\HelperExtensions.cs(47,11): warning CS0618: 'ShaderUtil.ShaderPropertyType' is obsolete: 'Use UnityEngine.Rendering.ShaderPropertyType instead.'
Assets\AmplifyImpostors\Plugins\Scripts\HelperExtensions.cs(50,11): warning CS0618: 'ShaderUtil.ShaderPropertyType' is obsolete: 'Use UnityEngine.Rendering.ShaderPropertyType instead.'
Assets\AmplifyImpostors\Plugins\Scripts\HelperExtensions.cs(53,11): warning CS0618: 'ShaderUtil.ShaderPropertyType' is obsolete: 'Use UnityEngine.Rendering.ShaderPropertyType instead.'
Assets\AmplifyImpostors\Plugins\Scripts\HelperExtensions.cs(56,11): warning CS0618: 'ShaderUtil.ShaderPropertyType' is obsolete: 'Use UnityEngine.Rendering.ShaderPropertyType instead.'
Assets\AmplifyImpostors\Plugins\Scripts\HelperExtensions.cs(56,11): warning CS0618: 'ShaderUtil.ShaderPropertyType.TexEnv' is obsolete: 'Use UnityEngine.Rendering.ShaderPropertyType.Texture instead.'
Assets\MeshBaker\scripts\MB3_MBVersionConcrete.cs(83,60): warning CS0618: 'FindObjectsSortMode' is obsolete: 'FindObjectsSortMode has been deprecated. Use the FindObjectsByType overloads that do not take a FindObjectsSortMode parameter.'
Assets\MeshBaker\scripts\MB3_MBVersionConcrete.cs(83,20): warning CS0618: 'Object.FindObjectsByType(Type, FindObjectsSortMode)' is obsolete: 'FindObjectsByType with FindObjectsSortMode parameter has been deprecated. Use FindObjectsByType(Type) or FindObjectsByType(Type, FindObjectsInactive) instead. InstanceID will be replaced in the future with EntityId and previous sort order cannot be maintained.'
Assets\MeshBaker\scripts\MB3_MeshBakerRoot.cs(163,47): warning CS0618: 'Object.GetInstanceID()' is obsolete: 'GetInstanceID is deprecated. Use GetEntityId instead. This will be removed in a future version.'
Assets\MeshBaker\scripts\MB3_MeshBakerRoot.cs(165,36): warning CS0618: 'Object.GetInstanceID()' is obsolete: 'GetInstanceID is deprecated. Use GetEntityId instead. This will be removed in a future version.'
Packages\com.coplaydev.unity-mcp\Runtime\Helpers\ScreenshotUtility.cs(95,73): warning CS0618: 'FindObjectsSortMode' is obsolete: 'FindObjectsSortMode has been deprecated. Use the FindObjectsByType overloads that do not take a FindObjectsSortMode parameter.'
Packages\com.coplaydev.unity-mcp\Runtime\Helpers\ScreenshotUtility.cs(95,28): warning CS0618: 'Object.FindObjectsByType<T>(FindObjectsSortMode)' is obsolete: 'FindObjectsByType with FindObjectsSortMode parameter has been deprecated. Use FindObjectsByType<T>() or FindObjectsByType<T>(FindObjectsInactive) instead. InstanceID will be replaced in the future with EntityId and previous sort order cannot be maintained.'
Packages\com.coplaydev.unity-mcp\Runtime\Serialization\UnityTypeConverters.cs(298,39): warning CS0618: 'Object.GetInstanceID()' is obsolete: 'GetInstanceID is deprecated. Use GetEntityId instead. This will be removed in a future version.'
Packages\com.coplaydev.unity-mcp\Runtime\Serialization\UnityTypeConverters.cs(311,35): warning CS0618: 'Object.GetInstanceID()' is obsolete: 'GetInstanceID is deprecated. Use GetEntityId instead. This will be removed in a future version.'
Packages\com.coplaydev.unity-mcp\Runtime\Serialization\UnityTypeConverters.cs(384,89): warning CS0618: 'EntityId.implicit operator EntityId(int)' is obsolete: 'EntityId will not be representable by an int in the future. This casting operator will be removed in a future version.'
Assets\MapMagic\Brush\Editor\BrushGraphTemplate.cs(31,37): warning CS0618: 'EndNameEditAction' is obsolete: 'EndNameEditAction is obsolete. Use AssetCreationEndAction that uses EntityId instead of int for instance IDs.'
Assets\MapMagic\Nodes\Editor\GraphTemplates.cs(31,32): warning CS0618: 'EndNameEditAction' is obsolete: 'EndNameEditAction is obsolete. Use AssetCreationEndAction that uses EntityId instead of int for instance IDs.'
Assets\MapMagic\Core\Editor\MapMagicInspector.cs(686,27): warning CS0618: 'PlayerSettings.GetScriptingDefineSymbolsForGroup(BuildTargetGroup)' is obsolete: 'Use GetScriptingDefineSymbols(NamedBuildTarget buildTarget) instead'
Assets\MapMagic\Brush\Editor\BrushGraphTemplate.cs(24,5): warning CS0618: 'ProjectWindowUtil.StartNameEditingIfProjectWindowExists(int, EndNameEditAction, string, Texture2D, string)' is obsolete: 'StartNameEditingIfProjectWindowExists(int, EndNameEditAction, string, Texture2D, string) is obsolete. Use StartNameEditingIfProjectWindowExists(EntityId, AssetCreationEndAction, string, Texture2D, string) instead.'
Assets\MapMagic\Core\Editor\MapMagicInspector.cs(699,27): warning CS0618: 'PlayerSettings.GetScriptingDefineSymbolsForGroup(BuildTargetGroup)' is obsolete: 'Use GetScriptingDefineSymbols(NamedBuildTarget buildTarget) instead'
Assets\MapMagic\Core\Editor\MapMagicInspector.cs(711,4): warning CS0618: 'PlayerSettings.SetScriptingDefineSymbolsForGroup(BuildTargetGroup, string)' is obsolete: 'Use SetScriptingDefineSymbols(NamedBuildTarget buildTarget, string defines) instead'
Assets\MapMagic\Nodes\Editor\GraphTemplates.cs(24,5): warning CS0618: 'ProjectWindowUtil.StartNameEditingIfProjectWindowExists(int, EndNameEditAction, string, Texture2D, string)' is obsolete: 'StartNameEditingIfProjectWindowExists(int, EndNameEditAction, string, Texture2D, string) is obsolete. Use StartNameEditingIfProjectWindowExists(EntityId, AssetCreationEndAction, string, Texture2D, string) instead.'
Assets\MapMagic\Brush\Editor\BrushInspector.cs(262,32): warning CS0618: 'Object.FindObjectsOfType<T>()' is obsolete: 'Object.FindObjectsOfType has been deprecated. Use Object.FindObjectsByType instead which lets you decide whether you need the results sorted or not.  FindObjectsOfType sorts the results by InstanceID but if you do not need this using FindObjectSortMode.None is considerably faster.'
Assets\MapMagic\Nodes\Editor\GraphWindow.cs(1153,30): warning CS0618: 'EditorUtility.InstanceIDToObject(int)' is obsolete: 'InstanceIDToObject(int) is obsolete. Use EditorUtility.EntityIdToObject instead.'
Library\PackageCache\com.unity.memoryprofiler@485b5ba42ef5\Editor\MemorySnapshot\Reader\QueriedSnapshot\GenericReadOperation.cs(5,7): error CS0246: The type or namespace name 'NUnit' could not be found (are you missing a using directive or an assembly reference?)
Assets\MeshBaker\Editor\MB3_MBVersionConcreteEditor.cs(211,46): warning CS0618: 'TextureImporterFormat.PVRTC_RGB2' is obsolete: 'Texture compression format PVRTC has been deprecated and will be removed in a future release'
Assets\MeshBaker\Editor\MB3_MBVersionConcreteEditor.cs(212,46): warning CS0618: 'TextureImporterFormat.PVRTC_RGB4' is obsolete: 'Texture compression format PVRTC has been deprecated and will be removed in a future release'
Assets\MeshBaker\Editor\MB3_MBVersionConcreteEditor.cs(213,46): warning CS0618: 'TextureImporterFormat.PVRTC_RGBA2' is obsolete: 'Texture compression format PVRTC has been deprecated and will be removed in a future release'
Assets\MeshBaker\Editor\MB3_MBVersionConcreteEditor.cs(214,46): warning CS0618: 'TextureImporterFormat.PVRTC_RGBA4' is obsolete: 'Texture compression format PVRTC has been deprecated and will be removed in a future release'
Assets\MeshBaker\Editor\MB3_MBVersionConcreteEditor.cs(454,22): warning CS0618: 'TextureFormat.PVRTC_RGB2' is obsolete: 'Texture compression format PVRTC has been deprecated and will be removed in a future release'
Assets\MeshBaker\Editor\MB3_MBVersionConcreteEditor.cs(455,41): warning CS0618: 'TextureImporterFormat.PVRTC_RGB2' is obsolete: 'Texture compression format PVRTC has been deprecated and will be removed in a future release'
Assets\MeshBaker\Editor\MB3_MBVersionConcreteEditor.cs(457,22): warning CS0618: 'TextureFormat.PVRTC_RGB4' is obsolete: 'Texture compression format PVRTC has been deprecated and will be removed in a future release'
Assets\MeshBaker\Editor\MB3_MBVersionConcreteEditor.cs(458,41): warning CS0618: 'TextureImporterFormat.PVRTC_RGB4' is obsolete: 'Texture compression format PVRTC has been deprecated and will be removed in a future release'
Assets\MeshBaker\Editor\MB3_MBVersionConcreteEditor.cs(460,22): warning CS0618: 'TextureFormat.PVRTC_RGBA2' is obsolete: 'Texture compression format PVRTC has been deprecated and will be removed in a future release'
Assets\MeshBaker\Editor\MB3_MBVersionConcreteEditor.cs(461,41): warning CS0618: 'TextureImporterFormat.PVRTC_RGBA2' is obsolete: 'Texture compression format PVRTC has been deprecated and will be removed in a future release'
Assets\MeshBaker\Editor\MB3_MBVersionConcreteEditor.cs(463,22): warning CS0618: 'TextureFormat.PVRTC_RGBA4' is obsolete: 'Texture compression format PVRTC has been deprecated and will be removed in a future release'
Assets\MeshBaker\Editor\MB3_MBVersionConcreteEditor.cs(464,41): warning CS0618: 'TextureImporterFormat.PVRTC_RGBA4' is obsolete: 'Texture compression format PVRTC has been deprecated and will be removed in a future release'
Assets\MeshBaker\Editor\MB3_MeshBakerEditorWindowAddObjectsTab.cs(487,71): warning CS0618: 'Object.GetInstanceID()' is obsolete: 'GetInstanceID is deprecated. Use GetEntityId instead. This will be removed in a future version.'
Assets\MeshBaker\Editor\MB3_MeshBakerEditorWindowAddObjectsTab.cs(490,62): warning CS0618: 'Object.GetInstanceID()' is obsolete: 'GetInstanceID is deprecated. Use GetEntityId instead. This will be removed in a future version.'
Assets\MeshBaker\Editor\MB3_MeshBakerEditorWindowAnalyseSceneTab.cs(475,62): warning CS0618: 'Object.GetInstanceID()' is obsolete: 'GetInstanceID is deprecated. Use GetEntityId instead. This will be removed in a future version.'
Assets\MeshBaker\Editor\MB3_MeshBakerEditorWindowAnalyseSceneTab.cs(482,53): warning CS0618: 'Object.GetInstanceID()' is obsolete: 'GetInstanceID is deprecated. Use GetEntityId instead. This will be removed in a future version.'
Assets\MeshBaker\Editor\MB3_MeshBakerEditorInternal.cs(290,37): warning CS0618: 'Object.GetInstanceID()' is obsolete: 'GetInstanceID is deprecated. Use GetEntityId instead. This will be removed in a future version.'
Assets\MeshBaker\Editor\MB3_MeshBakerEditorInternal.cs(389,37): warning CS0618: 'Object.GetInstanceID()' is obsolete: 'GetInstanceID is deprecated. Use GetEntityId instead. This will be removed in a future version.'
Assets\MeshBaker\Editor\MB_TextureBakerEditorConfigureMultiMaterials.cs(321,62): warning CS0618: 'Object.GetInstanceID()' is obsolete: 'GetInstanceID is deprecated. Use GetEntityId instead. This will be removed in a future version.'
Assets\MeshBaker\Editor\MB_TextureBakerEditorConfigureMultiMaterials.cs(328,53): warning CS0618: 'Object.GetInstanceID()' is obsolete: 'GetInstanceID is deprecated. Use GetEntityId instead. This will be removed in a future version.'
Assets\AstarPathfindingProject\Editor\GraphEditors\GridGeneratorEditor.cs(128,20): warning CS0618: 'Object.FindObjectsOfType<T>()' is obsolete: 'Object.FindObjectsOfType has been deprecated. Use Object.FindObjectsByType instead which lets you decide whether you need the results sorted or not.  FindObjectsOfType sorts the results by InstanceID but if you do not need this using FindObjectSortMode.None is considerably faster.'
Assets\AstarPathfindingProject\Editor\AIBaseEditor.cs(116,131): warning CS0618: 'Rigidbody2D.isKinematic' is obsolete: 'isKinematic has been deprecated. Please use bodyType.'
Assets\AstarPathfindingProject\Editor\AstarUpdateChecker.cs(211,63): warning CS0618: 'Object.FindObjectOfType(Type)' is obsolete: 'Object.FindObjectOfType has been deprecated. Use Object.FindFirstObjectByType instead or if finding any instance is acceptable the faster Object.FindAnyObjectByType'
Assets\AstarPathfindingProject\Editor\AstarUpdateChecker.cs(213,19): warning CS0618: 'Object.FindObjectOfType(Type)' is obsolete: 'Object.FindObjectOfType has been deprecated. Use Object.FindFirstObjectByType instead or if finding any instance is acceptable the faster Object.FindAnyObjectByType'
Assets\Editor\x64\Bakery\scripts\ftDefine.cs(27,23): warning CS0618: 'PlayerSettings.GetScriptingDefineSymbolsForGroup(BuildTargetGroup)' is obsolete: 'Use GetScriptingDefineSymbols(NamedBuildTarget buildTarget) instead'
Assets\Editor\x64\Bakery\scripts\ftDefine.cs(32,13): warning CS0618: 'PlayerSettings.SetScriptingDefineSymbolsForGroup(BuildTargetGroup, string)' is obsolete: 'Use SetScriptingDefineSymbols(NamedBuildTarget buildTarget, string defines) instead'
Assets\Editor\x64\Bakery\scripts\ftLightMeshInspector.cs(76,48): warning CS0618: 'Object.GetInstanceID()' is obsolete: 'GetInstanceID is deprecated. Use GetEntityId instead. This will be removed in a future version.'
Assets\Editor\x64\Bakery\scripts\ftSkyLightInspector.cs(59,48): warning CS0618: 'Object.GetInstanceID()' is obsolete: 'GetInstanceID is deprecated. Use GetEntityId instead. This will be removed in a future version.'
Assets\Editor\x64\Bakery\scripts\ftPointLightInspector.cs(383,48): warning CS0618: 'Object.GetInstanceID()' is obsolete: 'GetInstanceID is deprecated. Use GetEntityId instead. This will be removed in a future version.'
Library\PackageCache\com.unity.render-pipelines.core@e6c93b445dd3\Editor\RenderGraph\RenderGraphTestsCore.cs(1,7): error CS0246: The type or namespace name 'NUnit' could not be found (are you missing a using directive or an assembly reference?)
Library\PackageCache\com.unity.render-pipelines.core@e6c93b445dd3\Editor\RenderGraph\RenderGraphTestsCore.cs(128,10): error CS0246: The type or namespace name 'OneTimeSetUpAttribute' could not be found (are you missing a using directive or an assembly reference?)
Library\PackageCache\com.unity.render-pipelines.core@e6c93b445dd3\Editor\RenderGraph\RenderGraphTestsCore.cs(128,10): error CS0246: The type or namespace name 'OneTimeSetUp' could not be found (are you missing a using directive or an assembly reference?)
Library\PackageCache\com.unity.render-pipelines.core@e6c93b445dd3\Editor\RenderGraph\RenderGraphTestsCore.cs(161,10): error CS0246: The type or namespace name 'OneTimeTearDownAttribute' could not be found (are you missing a using directive or an assembly reference?)
Library\PackageCache\com.unity.render-pipelines.core@e6c93b445dd3\Editor\RenderGraph\RenderGraphTestsCore.cs(161,10): error CS0246: The type or namespace name 'OneTimeTearDown' could not be found (are you missing a using directive or an assembly reference?)
Library\PackageCache\com.unity.render-pipelines.core@e6c93b445dd3\Editor\RenderGraph\RenderGraphTestsCore.cs(184,10): error CS0246: The type or namespace name 'TearDownAttribute' could not be found (are you missing a using directive or an assembly reference?)
Library\PackageCache\com.unity.render-pipelines.core@e6c93b445dd3\Editor\RenderGraph\RenderGraphTestsCore.cs(184,10): error CS0246: The type or namespace name 'TearDown' could not be found (are you missing a using directive or an assembly reference?)
Assets\MapMagic\Core\Plugins\SettingsWindow.cs(62,21): warning CS0618: 'PlayerSettings.GetScriptingDefineSymbolsForGroup(BuildTargetGroup)' is obsolete: 'Use GetScriptingDefineSymbols(NamedBuildTarget buildTarget) instead'
Assets\MapMagic\Core\Plugins\SettingsWindow.cs(78,5): warning CS0618: 'PlayerSettings.SetScriptingDefineSymbolsForGroup(BuildTargetGroup, string)' is obsolete: 'Use SetScriptingDefineSymbols(NamedBuildTarget buildTarget, string defines) instead'
Assets\MapMagic\Core\Plugins\SettingsWindow.cs(110,23): warning CS0618: 'PlayerSettings.GetScriptingDefineSymbolsForGroup(BuildTargetGroup)' is obsolete: 'Use GetScriptingDefineSymbols(NamedBuildTarget buildTarget) instead'
Assets\MapMagic\Core\Plugins\SettingsWindow.cs(189,21): warning CS0618: 'PlayerSettings.GetScriptingDefineSymbolsForGroup(BuildTargetGroup)' is obsolete: 'Use GetScriptingDefineSymbols(NamedBuildTarget buildTarget) instead'
Assets\MapMagic\Core\Plugins\SettingsWindow.cs(215,21): warning CS0618: 'PlayerSettings.GetScriptingDefineSymbolsForGroup(BuildTargetGroup)' is obsolete: 'Use GetScriptingDefineSymbols(NamedBuildTarget buildTarget) instead'
Assets\MapMagic\Core\Plugins\SettingsWindow.cs(233,4): warning CS0618: 'PlayerSettings.SetScriptingDefineSymbolsForGroup(BuildTargetGroup, string)' is obsolete: 'Use SetScriptingDefineSymbols(NamedBuildTarget buildTarget, string defines) instead'
Assets\MapMagic\Core\Plugins\SettingsWindow.cs(308,8): warning CS0618: 'PlayerSettings.GetApiCompatibilityLevel(BuildTargetGroup)' is obsolete: 'Use GetApiCompatibilityLevel(NamedBuildTarget buildTarget) instead'
Assets\MapMagic\Core\Plugins\SettingsWindow.cs(314,7): warning CS0618: 'PlayerSettings.SetApiCompatibilityLevel(BuildTargetGroup, ApiCompatibilityLevel)' is obsolete: 'Use SetApiCompatibilityLevel(NamedBuildTarget buildTarget, ApiCompatibilityLevel value) instead'
Packages\com.coplaydev.unity-mcp\Editor\Resources\Editor\Windows.cs(42,42): warning CS0618: 'Object.GetInstanceID()' is obsolete: 'GetInstanceID is deprecated. Use GetEntityId instead. This will be removed in a future version.'
Packages\com.coplaydev.unity-mcp\Editor\Helpers\GameObjectLookup.cs(73,51): warning CS0618: 'EntityId.implicit operator EntityId(int)' is obsolete: 'EntityId will not be representable by an int in the future. This casting operator will be removed in a future version.'
Packages\com.coplaydev.unity-mcp\Editor\Helpers\GameObjectLookup.cs(158,42): warning CS0618: 'Object.GetInstanceID()' is obsolete: 'GetInstanceID is deprecated. Use GetEntityId instead. This will be removed in a future version.'
Packages\com.coplaydev.unity-mcp\Editor\Helpers\GameObjectSerializer.cs(31,30): warning CS0618: 'Object.GetInstanceID()' is obsolete: 'GetInstanceID is deprecated. Use GetEntityId instead. This will be removed in a future version.'
Packages\com.coplaydev.unity-mcp\Editor\Helpers\GameObjectSerializer.cs(91,56): warning CS0618: 'Object.GetInstanceID()' is obsolete: 'GetInstanceID is deprecated. Use GetEntityId instead. This will be removed in a future version.'
Packages\com.coplaydev.unity-mcp\Editor\Resources\Editor\Selection.cs(24,75): warning CS0618: 'Object.GetInstanceID()' is obsolete: 'GetInstanceID is deprecated. Use GetEntityId instead. This will be removed in a future version.'
Packages\com.coplaydev.unity-mcp\Editor\Resources\Editor\Selection.cs(31,46): warning CS0618: 'Object.GetInstanceID()' is obsolete: 'GetInstanceID is deprecated. Use GetEntityId instead. This will be removed in a future version.'
Packages\com.coplaydev.unity-mcp\Editor\Resources\Editor\Selection.cs(38,45): warning CS0618: 'Object.GetInstanceID()' is obsolete: 'GetInstanceID is deprecated. Use GetEntityId instead. This will be removed in a future version.'
Packages\com.coplaydev.unity-mcp\Editor\Helpers\GameObjectLookup.cs(173,38): warning CS0618: 'Object.GetInstanceID()' is obsolete: 'GetInstanceID is deprecated. Use GetEntityId instead. This will be removed in a future version.'
Packages\com.coplaydev.unity-mcp\Editor\Helpers\GameObjectLookup.cs(190,38): warning CS0618: 'Object.GetInstanceID()' is obsolete: 'GetInstanceID is deprecated. Use GetEntityId instead. This will be removed in a future version.'
Packages\com.coplaydev.unity-mcp\Editor\Helpers\GameObjectLookup.cs(200,34): warning CS0618: 'Object.GetInstanceID()' is obsolete: 'GetInstanceID is deprecated. Use GetEntityId instead. This will be removed in a future version.'
Packages\com.coplaydev.unity-mcp\Editor\Resources\Scene\GameObjectResource.cs(87,33): warning CS0618: 'Object.GetInstanceID()' is obsolete: 'GetInstanceID is deprecated. Use GetEntityId instead. This will be removed in a future version.'
Packages\com.coplaydev.unity-mcp\Editor\Resources\Scene\GameObjectResource.cs(92,30): warning CS0618: 'Object.GetInstanceID()' is obsolete: 'GetInstanceID is deprecated. Use GetEntityId instead. This will be removed in a future version.'
Packages\com.coplaydev.unity-mcp\Editor\Resources\Scene\GameObjectResource.cs(109,53): warning CS0618: 'Object.GetInstanceID()' is obsolete: 'GetInstanceID is deprecated. Use GetEntityId instead. This will be removed in a future version.'
Packages\com.coplaydev.unity-mcp\Editor\Helpers\GameObjectSerializer.cs(147,33): warning CS0618: 'Object.GetInstanceID()' is obsolete: 'GetInstanceID is deprecated. Use GetEntityId instead. This will be removed in a future version.'
Packages\com.coplaydev.unity-mcp\Editor\Helpers\GameObjectLookup.cs(233,30): warning CS0618: 'Object.GetInstanceID()' is obsolete: 'GetInstanceID is deprecated. Use GetEntityId instead. This will be removed in a future version.'
Packages\com.coplaydev.unity-mcp\Editor\Resources\Scene\GameObjectResource.cs(176,42): warning CS0618: 'Object.GetInstanceID()' is obsolete: 'GetInstanceID is deprecated. Use GetEntityId instead. This will be removed in a future version.'
Packages\com.coplaydev.unity-mcp\Editor\Helpers\GameObjectLookup.cs(257,30): warning CS0618: 'Object.GetInstanceID()' is obsolete: 'GetInstanceID is deprecated. Use GetEntityId instead. This will be removed in a future version.'
Packages\com.coplaydev.unity-mcp\Editor\Helpers\GameObjectLookup.cs(277,34): warning CS0618: 'Object.GetInstanceID()' is obsolete: 'GetInstanceID is deprecated. Use GetEntityId instead. This will be removed in a future version.'
Packages\com.coplaydev.unity-mcp\Editor\Helpers\GameObjectSerializer.cs(181,37): warning CS0618: 'Object.GetInstanceID()' is obsolete: 'GetInstanceID is deprecated. Use GetEntityId instead. This will be removed in a future version.'
Packages\com.coplaydev.unity-mcp\Editor\Helpers\GameObjectSerializer.cs(191,53): warning CS0618: 'Object.GetInstanceID()' is obsolete: 'GetInstanceID is deprecated. Use GetEntityId instead. This will be removed in a future version.'
Packages\com.coplaydev.unity-mcp\Editor\Helpers\GameObjectSerializer.cs(192,49): warning CS0618: 'Object.GetInstanceID()' is obsolete: 'GetInstanceID is deprecated. Use GetEntityId instead. This will be removed in a future version.'
Packages\com.coplaydev.unity-mcp\Editor\Helpers\GameObjectSerializer.cs(197,61): warning CS0618: 'Object.GetInstanceID()' is obsolete: 'GetInstanceID is deprecated. Use GetEntityId instead. This will be removed in a future version.'
Packages\com.coplaydev.unity-mcp\Editor\Helpers\GameObjectSerializer.cs(236,90): warning CS0618: 'Object.GetInstanceID()' is obsolete: 'GetInstanceID is deprecated. Use GetEntityId instead. This will be removed in a future version.'
Packages\com.coplaydev.unity-mcp\Editor\Helpers\GameObjectSerializer.cs(259,37): warning CS0618: 'Object.GetInstanceID()' is obsolete: 'GetInstanceID is deprecated. Use GetEntityId instead. This will be removed in a future version.'
Packages\com.coplaydev.unity-mcp\Editor\Helpers\GameObjectSerializer.cs(325,37): warning CS0618: 'Object.GetInstanceID()' is obsolete: 'GetInstanceID is deprecated. Use GetEntityId instead. This will be removed in a future version.'
Packages\com.coplaydev.unity-mcp\Editor\Helpers\GameObjectSerializer.cs(334,33): warning CS0618: 'Object.GetInstanceID()' is obsolete: 'GetInstanceID is deprecated. Use GetEntityId instead. This will be removed in a future version.'
Packages\com.coplaydev.unity-mcp\Editor\Helpers\ComponentOps.cs(968,92): warning CS0618: 'Object.GetInstanceID()' is obsolete: 'GetInstanceID is deprecated. Use GetEntityId instead. This will be removed in a future version.'
Packages\com.coplaydev.unity-mcp\Editor\Tools\Vfx\ParticleControl.cs(93,28): warning CS0618: 'Object.GetInstanceID()' is obsolete: 'GetInstanceID is deprecated. Use GetEntityId instead. This will be removed in a future version.'
Packages\com.coplaydev.unity-mcp\Editor\Tools\Profiler\Operations\SessionOps.cs(24,18): warning CS0219: The variable 'recording' is assigned but its value is never used
Packages\com.coplaydev.unity-mcp\Editor\Tools\Prefabs\ManagePrefabs.cs(165,38): warning CS0618: 'Object.GetInstanceID()' is obsolete: 'GetInstanceID is deprecated. Use GetEntityId instead. This will be removed in a future version.'
Packages\com.coplaydev.unity-mcp\Editor\Tools\ManageComponents.cs(121,34): warning CS0618: 'Object.GetInstanceID()' is obsolete: 'GetInstanceID is deprecated. Use GetEntityId instead. This will be removed in a future version.'
Packages\com.coplaydev.unity-mcp\Editor\Tools\ManageComponents.cs(123,43): warning CS0618: 'Object.GetInstanceID()' is obsolete: 'GetInstanceID is deprecated. Use GetEntityId instead. This will be removed in a future version.'
Packages\com.coplaydev.unity-mcp\Editor\Tools\ManageComponents.cs(165,34): warning CS0618: 'Object.GetInstanceID()' is obsolete: 'GetInstanceID is deprecated. Use GetEntityId instead. This will be removed in a future version.'
Packages\com.coplaydev.unity-mcp\Editor\Tools\Graphics\VolumeOps.cs(127,34): warning CS0618: 'Object.GetInstanceID()' is obsolete: 'GetInstanceID is deprecated. Use GetEntityId instead. This will be removed in a future version.'
Packages\com.coplaydev.unity-mcp\Editor\Tools\Graphics\VolumeOps.cs(192,92): warning CS0618: 'Object.GetInstanceID()' is obsolete: 'GetInstanceID is deprecated. Use GetEntityId instead. This will be removed in a future version.'
Packages\com.coplaydev.unity-mcp\Editor\Tools\ManageComponents.cs(249,42): warning CS0618: 'Object.GetInstanceID()' is obsolete: 'GetInstanceID is deprecated. Use GetEntityId instead. This will be removed in a future version.'
Packages\com.coplaydev.unity-mcp\Editor\Tools\ManageComponents.cs(261,38): warning CS0618: 'Object.GetInstanceID()' is obsolete: 'GetInstanceID is deprecated. Use GetEntityId instead. This will be removed in a future version.'
Packages\com.coplaydev.unity-mcp\Editor\Tools\Physics\PhysicsSimulationOps.cs(100,38): warning CS0618: 'Object.GetInstanceID()' is obsolete: 'GetInstanceID is deprecated. Use GetEntityId instead. This will be removed in a future version.'
Packages\com.coplaydev.unity-mcp\Editor\Tools\Physics\PhysicsSimulationOps.cs(119,38): warning CS0618: 'Object.GetInstanceID()' is obsolete: 'GetInstanceID is deprecated. Use GetEntityId instead. This will be removed in a future version.'
Packages\com.coplaydev.unity-mcp\Editor\Tools\Physics\PhysicsSimulationOps.cs(142,69): warning CS0618: 'FindObjectsSortMode' is obsolete: 'FindObjectsSortMode has been deprecated. Use the FindObjectsByType overloads that do not take a FindObjectsSortMode parameter.'
Packages\com.coplaydev.unity-mcp\Editor\Tools\Physics\PhysicsSimulationOps.cs(142,31): warning CS0618: 'Object.FindObjectsByType<T>(FindObjectsSortMode)' is obsolete: 'FindObjectsByType with FindObjectsSortMode parameter has been deprecated. Use FindObjectsByType<T>() or FindObjectsByType<T>(FindObjectsInactive) instead. InstanceID will be replaced in the future with EntityId and previous sort order cannot be maintained.'
Packages\com.coplaydev.unity-mcp\Editor\Tools\Physics\PhysicsSimulationOps.cs(155,38): warning CS0618: 'Object.GetInstanceID()' is obsolete: 'GetInstanceID is deprecated. Use GetEntityId instead. This will be removed in a future version.'
Packages\com.coplaydev.unity-mcp\Editor\Tools\Physics\PhysicsSimulationOps.cs(169,65): warning CS0618: 'FindObjectsSortMode' is obsolete: 'FindObjectsSortMode has been deprecated. Use the FindObjectsByType overloads that do not take a FindObjectsSortMode parameter.'
Packages\com.coplaydev.unity-mcp\Editor\Tools\Physics\PhysicsSimulationOps.cs(169,29): warning CS0618: 'Object.FindObjectsByType<T>(FindObjectsSortMode)' is obsolete: 'FindObjectsByType with FindObjectsSortMode parameter has been deprecated. Use FindObjectsByType<T>() or FindObjectsByType<T>(FindObjectsInactive) instead. InstanceID will be replaced in the future with EntityId and previous sort order cannot be maintained.'
Packages\com.coplaydev.unity-mcp\Editor\Tools\Physics\PhysicsSimulationOps.cs(182,38): warning CS0618: 'Object.GetInstanceID()' is obsolete: 'GetInstanceID is deprecated. Use GetEntityId instead. This will be removed in a future version.'
Packages\com.coplaydev.unity-mcp\Editor\Tools\ManageMaterial.cs(420,61): warning CS0618: 'Object.GetInstanceID()' is obsolete: 'GetInstanceID is deprecated. Use GetEntityId instead. This will be removed in a future version.'
Packages\com.coplaydev.unity-mcp\Editor\Tools\GameObjects\ManageGameObjectCommon.cs(71,74): warning CS0618: 'Object.GetInstanceID()' is obsolete: 'GetInstanceID is deprecated. Use GetEntityId instead. This will be removed in a future version.'
Packages\com.coplaydev.unity-mcp\Editor\Tools\GameObjects\ManageGameObjectCommon.cs(159,108): warning CS0618: 'FindObjectsSortMode' is obsolete: 'FindObjectsSortMode has been deprecated. Use the FindObjectsByType overloads that do not take a FindObjectsSortMode parameter.'
Packages\com.coplaydev.unity-mcp\Editor\Tools\GameObjects\ManageGameObjectCommon.cs(159,46): warning CS0618: 'Object.FindObjectsByType(Type, FindObjectsInactive, FindObjectsSortMode)' is obsolete: 'FindObjectsByType with FindObjectsSortMode parameter has been deprecated. Use FindObjectsByType(Type) or FindObjectsByType(Type, FindObjectsInactive) instead. InstanceID will be replaced in the future with EntityId and previous sort order cannot be maintained.'
Packages\com.coplaydev.unity-mcp\Editor\Tools\GameObjects\ManageGameObjectCommon.cs(180,80): warning CS0618: 'Object.GetInstanceID()' is obsolete: 'GetInstanceID is deprecated. Use GetEntityId instead. This will be removed in a future version.'
Packages\com.coplaydev.unity-mcp\Editor\Tools\Cameras\CameraHelpers.cs(145,20): warning CS0618: 'Object.FindFirstObjectByType(Type)' is obsolete: 'FindFirstObjectByType has been deprecated because it relies on instance ID ordering. Use FindAnyObjectByType instead, which does not depend on ordering.'
Packages\com.coplaydev.unity-mcp\Editor\Tools\Physics\PhysicsSettingsOps.cs(62,46): warning CS0618: 'Physics2D.autoSyncTransforms' is obsolete: 'Physics2D.autoSyncTransforms has been deprecated please use Physics2D.SyncTransforms instead to manually sync physics transforms when required.'
Packages\com.coplaydev.unity-mcp\Editor\Tools\Cameras\CameraHelpers.cs(157,84): warning CS0618: 'FindObjectsSortMode' is obsolete: 'FindObjectsSortMode has been deprecated. Use the FindObjectsByType overloads that do not take a FindObjectsSortMode parameter.'
Packages\com.coplaydev.unity-mcp\Editor\Tools\Cameras\CameraHelpers.cs(157,27): warning CS0618: 'Object.FindObjectsByType<T>(FindObjectsSortMode)' is obsolete: 'FindObjectsByType with FindObjectsSortMode parameter has been deprecated. Use FindObjectsByType<T>() or FindObjectsByType<T>(FindObjectsInactive) instead. InstanceID will be replaced in the future with EntityId and previous sort order cannot be maintained.'
Packages\com.coplaydev.unity-mcp\Editor\Tools\Graphics\VolumeOps.cs(458,95): warning CS0618: 'FindObjectsSortMode' is obsolete: 'FindObjectsSortMode has been deprecated. Use the FindObjectsByType overloads that do not take a FindObjectsSortMode parameter.'
Packages\com.coplaydev.unity-mcp\Editor\Tools\Graphics\VolumeOps.cs(458,30): warning CS0618: 'Object.FindObjectsByType(Type, FindObjectsSortMode)' is obsolete: 'FindObjectsByType with FindObjectsSortMode parameter has been deprecated. Use FindObjectsByType(Type) or FindObjectsByType(Type, FindObjectsInactive) instead. InstanceID will be replaced in the future with EntityId and previous sort order cannot be maintained.'
Packages\com.coplaydev.unity-mcp\Editor\Tools\ManageScene.cs(602,88): warning CS0618: 'FindObjectsSortMode' is obsolete: 'FindObjectsSortMode has been deprecated. Use the FindObjectsByType overloads that do not take a FindObjectsSortMode parameter.'
Packages\com.coplaydev.unity-mcp\Editor\Tools\ManageScene.cs(602,43): warning CS0618: 'Object.FindObjectsByType<T>(FindObjectsSortMode)' is obsolete: 'FindObjectsByType with FindObjectsSortMode parameter has been deprecated. Use FindObjectsByType<T>() or FindObjectsByType<T>(FindObjectsInactive) instead. InstanceID will be replaced in the future with EntityId and previous sort order cannot be maintained.'
Packages\com.coplaydev.unity-mcp\Editor\Tools\ManageScene.cs(644,110): warning CS0618: 'FindObjectsSortMode' is obsolete: 'FindObjectsSortMode has been deprecated. Use the FindObjectsByType overloads that do not take a FindObjectsSortMode parameter.'
Packages\com.coplaydev.unity-mcp\Editor\Tools\ManageScene.cs(644,65): warning CS0618: 'Object.FindObjectsByType<T>(FindObjectsSortMode)' is obsolete: 'FindObjectsByType with FindObjectsSortMode parameter has been deprecated. Use FindObjectsByType<T>() or FindObjectsByType<T>(FindObjectsInactive) instead. InstanceID will be replaced in the future with EntityId and previous sort order cannot be maintained.'
Packages\com.coplaydev.unity-mcp\Editor\Tools\Graphics\VolumeOps.cs(532,31): warning CS0618: 'Object.GetInstanceID()' is obsolete: 'GetInstanceID is deprecated. Use GetEntityId instead. This will be removed in a future version.'
Packages\com.coplaydev.unity-mcp\Editor\Tools\Cameras\CameraCreate.cs(65,34): warning CS0618: 'Object.GetInstanceID()' is obsolete: 'GetInstanceID is deprecated. Use GetEntityId instead. This will be removed in a future version.'
Packages\com.coplaydev.unity-mcp\Editor\Tools\Physics\PhysicsSettingsOps.cs(284,25): warning CS0618: 'Physics2D.autoSyncTransforms' is obsolete: 'Physics2D.autoSyncTransforms has been deprecated please use Physics2D.SyncTransforms instead to manually sync physics transforms when required.'
Packages\com.coplaydev.unity-mcp\Editor\Tools\ManageAsset.cs(805,38): warning CS0618: 'Object.GetInstanceID()' is obsolete: 'GetInstanceID is deprecated. Use GetEntityId instead. This will be removed in a future version.'
Packages\com.coplaydev.unity-mcp\Editor\Tools\Cameras\CameraCreate.cs(152,34): warning CS0618: 'Object.GetInstanceID()' is obsolete: 'GetInstanceID is deprecated. Use GetEntityId instead. This will be removed in a future version.'
Packages\com.coplaydev.unity-mcp\Editor\Tools\ManageScene.cs(823,84): warning CS0618: 'FindObjectsSortMode' is obsolete: 'FindObjectsSortMode has been deprecated. Use the FindObjectsByType overloads that do not take a FindObjectsSortMode parameter.'
Packages\com.coplaydev.unity-mcp\Editor\Tools\ManageScene.cs(823,37): warning CS0618: 'Object.FindObjectsByType<T>(FindObjectsSortMode)' is obsolete: 'FindObjectsByType with FindObjectsSortMode parameter has been deprecated. Use FindObjectsByType<T>() or FindObjectsByType<T>(FindObjectsInactive) instead. InstanceID will be replaced in the future with EntityId and previous sort order cannot be maintained.'
Packages\com.coplaydev.unity-mcp\Editor\Tools\Physics\PhysicsRigidbodyOps.cs(68,34): warning CS0618: 'Object.GetInstanceID()' is obsolete: 'GetInstanceID is deprecated. Use GetEntityId instead. This will be removed in a future version.'
Packages\com.coplaydev.unity-mcp\Editor\Tools\ProBuilder\ManageProBuilder.cs(598,30): warning CS0618: 'Object.GetInstanceID()' is obsolete: 'GetInstanceID is deprecated. Use GetEntityId instead. This will be removed in a future version.'
Packages\com.coplaydev.unity-mcp\Editor\Tools\Physics\PhysicsRigidbodyOps.cs(116,34): warning CS0618: 'Object.GetInstanceID()' is obsolete: 'GetInstanceID is deprecated. Use GetEntityId instead. This will be removed in a future version.'
Packages\com.coplaydev.unity-mcp\Editor\Tools\Cameras\CameraCreate.cs(176,38): warning CS0618: 'Object.GetInstanceID()' is obsolete: 'GetInstanceID is deprecated. Use GetEntityId instead. This will be removed in a future version.'
Packages\com.coplaydev.unity-mcp\Editor\Tools\Cameras\CameraCreate.cs(244,34): warning CS0618: 'Object.GetInstanceID()' is obsolete: 'GetInstanceID is deprecated. Use GetEntityId instead. This will be removed in a future version.'
Packages\com.coplaydev.unity-mcp\Editor\Tools\Prefabs\ManagePrefabs.cs(1237,30): warning CS0618: 'Object.GetInstanceID()' is obsolete: 'GetInstanceID is deprecated. Use GetEntityId instead. This will be removed in a future version.'
Packages\com.coplaydev.unity-mcp\Editor\Tools\Graphics\SkyboxOps.cs(94,82): warning CS0618: 'Object.GetInstanceID()' is obsolete: 'GetInstanceID is deprecated. Use GetEntityId instead. This will be removed in a future version.'
Packages\com.coplaydev.unity-mcp\Editor\Tools\ManageAsset.cs(1107,36): warning CS0618: 'Object.GetInstanceID()' is obsolete: 'GetInstanceID is deprecated. Use GetEntityId instead. This will be removed in a future version.'
Packages\com.coplaydev.unity-mcp\Editor\Tools\ManageScene.cs(968,84): warning CS0618: 'FindObjectsSortMode' is obsolete: 'FindObjectsSortMode has been deprecated. Use the FindObjectsByType overloads that do not take a FindObjectsSortMode parameter.'
Packages\com.coplaydev.unity-mcp\Editor\Tools\ManageScene.cs(968,37): warning CS0618: 'Object.FindObjectsByType<T>(FindObjectsSortMode)' is obsolete: 'FindObjectsByType with FindObjectsSortMode parameter has been deprecated. Use FindObjectsByType<T>() or FindObjectsByType<T>(FindObjectsInactive) instead. InstanceID will be replaced in the future with EntityId and previous sort order cannot be maintained.'
Packages\com.coplaydev.unity-mcp\Editor\Tools\Cameras\CameraControl.cs(17,89): warning CS0618: 'FindObjectsSortMode' is obsolete: 'FindObjectsSortMode has been deprecated. Use the FindObjectsByType overloads that do not take a FindObjectsSortMode parameter.'
Packages\com.coplaydev.unity-mcp\Editor\Tools\Cameras\CameraControl.cs(17,32): warning CS0618: 'Object.FindObjectsByType<T>(FindObjectsSortMode)' is obsolete: 'FindObjectsByType with FindObjectsSortMode parameter has been deprecated. Use FindObjectsByType<T>() or FindObjectsByType<T>(FindObjectsInactive) instead. InstanceID will be replaced in the future with EntityId and previous sort order cannot be maintained.'
Packages\com.coplaydev.unity-mcp\Editor\Tools\Cameras\CameraControl.cs(29,74): warning CS0618: 'FindObjectsSortMode' is obsolete: 'FindObjectsSortMode has been deprecated. Use the FindObjectsByType overloads that do not take a FindObjectsSortMode parameter.'
Packages\com.coplaydev.unity-mcp\Editor\Tools\Cameras\CameraControl.cs(29,29): warning CS0618: 'Object.FindObjectsByType(Type, FindObjectsSortMode)' is obsolete: 'FindObjectsByType with FindObjectsSortMode parameter has been deprecated. Use FindObjectsByType(Type) or FindObjectsByType(Type, FindObjectsInactive) instead. InstanceID will be replaced in the future with EntityId and previous sort order cannot be maintained.'
Packages\com.coplaydev.unity-mcp\Editor\Tools\Cameras\CameraControl.cs(58,38): warning CS0618: 'Object.GetInstanceID()' is obsolete: 'GetInstanceID is deprecated. Use GetEntityId instead. This will be removed in a future version.'
Packages\com.coplaydev.unity-mcp\Editor\Tools\Cameras\CameraControl.cs(62,101): warning CS0618: 'Object.GetInstanceID()' is obsolete: 'GetInstanceID is deprecated. Use GetEntityId instead. This will be removed in a future version.'
Packages\com.coplaydev.unity-mcp\Editor\Tools\Cameras\CameraControl.cs(63,101): warning CS0618: 'Object.GetInstanceID()' is obsolete: 'GetInstanceID is deprecated. Use GetEntityId instead. This will be removed in a future version.'
Packages\com.coplaydev.unity-mcp\Editor\Tools\Cameras\CameraControl.cs(79,34): warning CS0618: 'Object.GetInstanceID()' is obsolete: 'GetInstanceID is deprecated. Use GetEntityId instead. This will be removed in a future version.'
Packages\com.coplaydev.unity-mcp\Editor\Tools\Cameras\CameraControl.cs(105,40): warning CS0618: 'Object.GetInstanceID()' is obsolete: 'GetInstanceID is deprecated. Use GetEntityId instead. This will be removed in a future version.'
Packages\com.coplaydev.unity-mcp\Editor\Tools\Cameras\CameraControl.cs(112,38): warning CS0618: 'Object.GetInstanceID()' is obsolete: 'GetInstanceID is deprecated. Use GetEntityId instead. This will be removed in a future version.'
Packages\com.coplaydev.unity-mcp\Editor\Tools\GameObjects\GameObjectLookAt.cs(56,34): warning CS0618: 'Object.GetInstanceID()' is obsolete: 'GetInstanceID is deprecated. Use GetEntityId instead. This will be removed in a future version.'
Packages\com.coplaydev.unity-mcp\Editor\Tools\Cameras\CameraControl.cs(150,32): warning CS0618: 'Object.GetInstanceID()' is obsolete: 'GetInstanceID is deprecated. Use GetEntityId instead. This will be removed in a future version.'
Packages\com.coplaydev.unity-mcp\Editor\Tools\Cameras\CameraControl.cs(166,34): warning CS0618: 'Object.GetInstanceID()' is obsolete: 'GetInstanceID is deprecated. Use GetEntityId instead. This will be removed in a future version.'
Packages\com.coplaydev.unity-mcp\Editor\Tools\Cameras\CameraConfigure.cs(39,43): warning CS0618: 'Object.GetInstanceID()' is obsolete: 'GetInstanceID is deprecated. Use GetEntityId instead. This will be removed in a future version.'
Packages\com.coplaydev.unity-mcp\Editor\Tools\Cameras\CameraConfigure.cs(68,43): warning CS0618: 'Object.GetInstanceID()' is obsolete: 'GetInstanceID is deprecated. Use GetEntityId instead. This will be removed in a future version.'
Packages\com.coplaydev.unity-mcp\Editor\Tools\GameObjects\GameObjectDuplicate.cs(80,34): warning CS0618: 'Object.GetInstanceID()' is obsolete: 'GetInstanceID is deprecated. Use GetEntityId instead. This will be removed in a future version.'
Packages\com.coplaydev.unity-mcp\Editor\Tools\Cameras\CameraControl.cs(220,43): warning CS0618: 'Object.GetInstanceID()' is obsolete: 'GetInstanceID is deprecated. Use GetEntityId instead. This will be removed in a future version.'
Packages\com.coplaydev.unity-mcp\Editor\Tools\Cameras\CameraConfigure.cs(91,43): warning CS0618: 'Object.GetInstanceID()' is obsolete: 'GetInstanceID is deprecated. Use GetEntityId instead. This will be removed in a future version.'
Packages\com.coplaydev.unity-mcp\Editor\Tools\Cameras\CameraConfigure.cs(119,43): warning CS0618: 'Object.GetInstanceID()' is obsolete: 'GetInstanceID is deprecated. Use GetEntityId instead. This will be removed in a future version.'
Packages\com.coplaydev.unity-mcp\Editor\Tools\GameObjects\GameObjectDelete.cs(27,32): warning CS0618: 'Object.GetInstanceID()' is obsolete: 'GetInstanceID is deprecated. Use GetEntityId instead. This will be removed in a future version.'
Packages\com.coplaydev.unity-mcp\Editor\Tools\Cameras\CameraControl.cs(249,47): warning CS0618: 'Object.GetInstanceID()' is obsolete: 'GetInstanceID is deprecated. Use GetEntityId instead. This will be removed in a future version.'
Packages\com.coplaydev.unity-mcp\Editor\Tools\Cameras\CameraControl.cs(276,47): warning CS0618: 'Object.GetInstanceID()' is obsolete: 'GetInstanceID is deprecated. Use GetEntityId instead. This will be removed in a future version.'
Packages\com.coplaydev.unity-mcp\Editor\Tools\Cameras\CameraControl.cs(286,34): warning CS0618: 'Object.GetInstanceID()' is obsolete: 'GetInstanceID is deprecated. Use GetEntityId instead. This will be removed in a future version.'
Packages\com.coplaydev.unity-mcp\Editor\Tools\Cameras\CameraConfigure.cs(150,43): warning CS0618: 'Object.GetInstanceID()' is obsolete: 'GetInstanceID is deprecated. Use GetEntityId instead. This will be removed in a future version.'
Packages\com.coplaydev.unity-mcp\Editor\Tools\ManageUI.cs(1036,28): warning CS0618: 'Object.GetInstanceID()' is obsolete: 'GetInstanceID is deprecated. Use GetEntityId instead. This will be removed in a future version.'
Packages\com.coplaydev.unity-mcp\Editor\Tools\Graphics\SkyboxOps.cs(376,34): warning CS0618: 'Object.GetInstanceID()' is obsolete: 'GetInstanceID is deprecated. Use GetEntityId instead. This will be removed in a future version.'
Packages\com.coplaydev.unity-mcp\Editor\Tools\Cameras\CameraConfigure.cs(184,43): warning CS0618: 'Object.GetInstanceID()' is obsolete: 'GetInstanceID is deprecated. Use GetEntityId instead. This will be removed in a future version.'
Packages\com.coplaydev.unity-mcp\Editor\Tools\ManageScene.cs(1220,72): warning CS0618: 'FindObjectsSortMode' is obsolete: 'FindObjectsSortMode has been deprecated. Use the FindObjectsByType overloads that do not take a FindObjectsSortMode parameter.'
Packages\com.coplaydev.unity-mcp\Editor\Tools\ManageScene.cs(1220,27): warning CS0618: 'Object.FindObjectsByType<T>(FindObjectsSortMode)' is obsolete: 'FindObjectsByType with FindObjectsSortMode parameter has been deprecated. Use FindObjectsByType<T>() or FindObjectsByType<T>(FindObjectsInactive) instead. InstanceID will be replaced in the future with EntityId and previous sort order cannot be maintained.'
Packages\com.coplaydev.unity-mcp\Editor\Tools\Cameras\CameraConfigure.cs(221,43): warning CS0618: 'Object.GetInstanceID()' is obsolete: 'GetInstanceID is deprecated. Use GetEntityId instead. This will be removed in a future version.'
Packages\com.coplaydev.unity-mcp\Editor\Tools\Cameras\CameraConfigure.cs(256,43): warning CS0618: 'Object.GetInstanceID()' is obsolete: 'GetInstanceID is deprecated. Use GetEntityId instead. This will be removed in a future version.'
Packages\com.coplaydev.unity-mcp\Editor\Tools\ManageScene.cs(1276,86): warning CS0618: 'FindObjectsSortMode' is obsolete: 'FindObjectsSortMode has been deprecated. Use the FindObjectsByType overloads that do not take a FindObjectsSortMode parameter.'
Packages\com.coplaydev.unity-mcp\Editor\Tools\ManageScene.cs(1276,39): warning CS0618: 'Object.FindObjectsByType<T>(FindObjectsSortMode)' is obsolete: 'FindObjectsByType with FindObjectsSortMode parameter has been deprecated. Use FindObjectsByType<T>() or FindObjectsByType<T>(FindObjectsInactive) instead. InstanceID will be replaced in the future with EntityId and previous sort order cannot be maintained.'
Packages\com.coplaydev.unity-mcp\Editor\Tools\Cameras\CameraConfigure.cs(291,43): warning CS0618: 'Object.GetInstanceID()' is obsolete: 'GetInstanceID is deprecated. Use GetEntityId instead. This will be removed in a future version.'
Packages\com.coplaydev.unity-mcp\Editor\Tools\Physics\PhysicsQueryOps.cs(82,34): warning CS0618: 'Object.GetInstanceID()' is obsolete: 'GetInstanceID is deprecated. Use GetEntityId instead. This will be removed in a future version.'
Packages\com.coplaydev.unity-mcp\Editor\Tools\Cameras\CameraConfigure.cs(323,43): warning CS0618: 'Object.GetInstanceID()' is obsolete: 'GetInstanceID is deprecated. Use GetEntityId instead. This will be removed in a future version.'
Packages\com.coplaydev.unity-mcp\Editor\Tools\Cameras\CameraConfigure.cs(354,43): warning CS0618: 'Object.GetInstanceID()' is obsolete: 'GetInstanceID is deprecated. Use GetEntityId instead. This will be removed in a future version.'
Packages\com.coplaydev.unity-mcp\Editor\Tools\Physics\PhysicsQueryOps.cs(125,34): warning CS0618: 'Object.GetInstanceID()' is obsolete: 'GetInstanceID is deprecated. Use GetEntityId instead. This will be removed in a future version.'
Packages\com.coplaydev.unity-mcp\Editor\Tools\Graphics\LightBakingOps.cs(127,34): warning CS0618: 'Object.GetInstanceID()' is obsolete: 'GetInstanceID is deprecated. Use GetEntityId instead. This will be removed in a future version.'
Packages\com.coplaydev.unity-mcp\Editor\Tools\Graphics\GraphicsHelpers.cs(113,83): warning CS0618: 'FindObjectsSortMode' is obsolete: 'FindObjectsSortMode has been deprecated. Use the FindObjectsByType overloads that do not take a FindObjectsSortMode parameter.'
Packages\com.coplaydev.unity-mcp\Editor\Tools\Graphics\GraphicsHelpers.cs(113,34): warning CS0618: 'Object.FindObjectsByType(Type, FindObjectsSortMode)' is obsolete: 'FindObjectsByType with FindObjectsSortMode parameter has been deprecated. Use FindObjectsByType(Type) or FindObjectsByType(Type, FindObjectsInactive) instead. InstanceID will be replaced in the future with EntityId and previous sort order cannot be maintained.'
Packages\com.coplaydev.unity-mcp\Editor\Tools\Physics\JointOps.cs(143,34): warning CS0618: 'Object.GetInstanceID()' is obsolete: 'GetInstanceID is deprecated. Use GetEntityId instead. This will be removed in a future version.'
Packages\com.coplaydev.unity-mcp\Editor\Tools\Physics\JointOps.cs(144,44): warning CS0618: 'Object.GetInstanceID()' is obsolete: 'GetInstanceID is deprecated. Use GetEntityId instead. This will be removed in a future version.'
Packages\com.coplaydev.unity-mcp\Editor\Tools\Graphics\RendererFeatureOps.cs(165,34): warning CS0618: 'Object.GetInstanceID()' is obsolete: 'GetInstanceID is deprecated. Use GetEntityId instead. This will be removed in a future version.'
Packages\com.coplaydev.unity-mcp\Editor\Tools\Graphics\LightBakingOps.cs(277,34): warning CS0618: 'Object.GetInstanceID()' is obsolete: 'GetInstanceID is deprecated. Use GetEntityId instead. This will be removed in a future version.'
Packages\com.coplaydev.unity-mcp\Editor\Tools\Physics\PhysicsQueryOps.cs(292,34): warning CS0618: 'Object.GetInstanceID()' is obsolete: 'GetInstanceID is deprecated. Use GetEntityId instead. This will be removed in a future version.'
Packages\com.coplaydev.unity-mcp\Editor\Tools\Physics\PhysicsQueryOps.cs(313,34): warning CS0618: 'Object.GetInstanceID()' is obsolete: 'GetInstanceID is deprecated. Use GetEntityId instead. This will be removed in a future version.'
Packages\com.coplaydev.unity-mcp\Editor\Tools\Graphics\LightBakingOps.cs(330,34): warning CS0618: 'Object.GetInstanceID()' is obsolete: 'GetInstanceID is deprecated. Use GetEntityId instead. This will be removed in a future version.'
Packages\com.coplaydev.unity-mcp\Editor\Tools\Graphics\LightBakingOps.cs(386,34): warning CS0618: 'Object.GetInstanceID()' is obsolete: 'GetInstanceID is deprecated. Use GetEntityId instead. This will be removed in a future version.'
Packages\com.coplaydev.unity-mcp\Editor\Tools\Physics\PhysicsQueryOps.cs(467,34): warning CS0618: 'Object.GetInstanceID()' is obsolete: 'GetInstanceID is deprecated. Use GetEntityId instead. This will be removed in a future version.'
Packages\com.coplaydev.unity-mcp\Editor\Tools\ProBuilder\ManageProBuilder.cs(902,30): warning CS0618: 'Object.GetInstanceID()' is obsolete: 'GetInstanceID is deprecated. Use GetEntityId instead. This will be removed in a future version.'
Packages\com.coplaydev.unity-mcp\Editor\Tools\Physics\PhysicsQueryOps.cs(556,34): warning CS0618: 'Object.GetInstanceID()' is obsolete: 'GetInstanceID is deprecated. Use GetEntityId instead. This will be removed in a future version.'
Packages\com.coplaydev.unity-mcp\Editor\Tools\Physics\PhysicsQueryOps.cs(622,34): warning CS0618: 'Object.GetInstanceID()' is obsolete: 'GetInstanceID is deprecated. Use GetEntityId instead. This will be removed in a future version.'
Packages\com.coplaydev.unity-mcp\Editor\Tools\Physics\PhysicsQueryOps.cs(660,34): warning CS0618: 'Object.GetInstanceID()' is obsolete: 'GetInstanceID is deprecated. Use GetEntityId instead. This will be removed in a future version.'
Packages\com.coplaydev.unity-mcp\Editor\Tools\Physics\PhysicsQueryOps.cs(742,34): warning CS0618: 'Object.GetInstanceID()' is obsolete: 'GetInstanceID is deprecated. Use GetEntityId instead. This will be removed in a future version.'
Packages\com.coplaydev.unity-mcp\Editor\Tools\Physics\PhysicsQueryOps.cs(785,34): warning CS0618: 'Object.GetInstanceID()' is obsolete: 'GetInstanceID is deprecated. Use GetEntityId instead. This will be removed in a future version.'
Packages\com.coplaydev.unity-mcp\Editor\Tools\Physics\JointOps.cs(307,34): warning CS0618: 'Object.GetInstanceID()' is obsolete: 'GetInstanceID is deprecated. Use GetEntityId instead. This will be removed in a future version.'
Packages\com.coplaydev.unity-mcp\Editor\Tools\Physics\JointOps.cs(378,44): warning CS0618: 'Object.GetInstanceID()' is obsolete: 'GetInstanceID is deprecated. Use GetEntityId instead. This will be removed in a future version.'
Packages\com.coplaydev.unity-mcp\Editor\Tools\ManageScene.cs(2011,33): warning CS0618: 'Object.GetInstanceID()' is obsolete: 'GetInstanceID is deprecated. Use GetEntityId instead. This will be removed in a future version.'
Packages\com.coplaydev.unity-mcp\Editor\Tools\ProBuilder\ManageProBuilder.cs(2297,34): warning CS0618: 'Object.GetInstanceID()' is obsolete: 'GetInstanceID is deprecated. Use GetEntityId instead. This will be removed in a future version.'
Assets\RealtimeCSG\RealtimeCSG\Plugins\Runtime\Scripts\Components\GeneratedMeshes.cs(49,8): warning CS0618: 'Object.GetInstanceID()' is obsolete: 'GetInstanceID is deprecated. Use GetEntityId instead. This will be removed in a future version.'
Assets\RealtimeCSG\RealtimeCSG\Plugins\Editor\Thirdparty\UnityFBXExporter\FBXUnityMaterialGetter.cs(102,33): warning CS0618: 'Object.GetInstanceID()' is obsolete: 'GetInstanceID is deprecated. Use GetEntityId instead. This will be removed in a future version.'
Assets\RealtimeCSG\RealtimeCSG\Plugins\Runtime\Scripts\Components\GeneratedMeshInstance.cs(169,29): warning CS0618: 'Object.GetInstanceID()' is obsolete: 'GetInstanceID is deprecated. Use GetEntityId instead. This will be removed in a future version.'
Assets\RealtimeCSG\RealtimeCSG\Plugins\Runtime\Scripts\Components\GeneratedMeshInstance.cs(170,26): warning CS0618: 'Object.GetInstanceID()' is obsolete: 'GetInstanceID is deprecated. Use GetEntityId instead. This will be removed in a future version.'
Assets\RealtimeCSG\RealtimeCSG\Plugins\Runtime\Scripts\Components\GeneratedMeshInstance.cs(178,21): warning CS0618: 'Object.GetInstanceID()' is obsolete: 'GetInstanceID is deprecated. Use GetEntityId instead. This will be removed in a future version.'
Assets\RealtimeCSG\RealtimeCSG\Plugins\Editor\Thirdparty\UnityFBXExporter\FBXUnityMaterialGetter.cs(225,31): warning CS0618: 'Object.GetInstanceID()' is obsolete: 'GetInstanceID is deprecated. Use GetEntityId instead. This will be removed in a future version.'
Assets\RealtimeCSG\RealtimeCSG\Plugins\Runtime\Scripts\Components\GeneratedMeshInstance.cs(206,120): warning CS0618: 'Object.GetInstanceID()' is obsolete: 'GetInstanceID is deprecated. Use GetEntityId instead. This will be removed in a future version.'
Assets\RealtimeCSG\RealtimeCSG\Plugins\Runtime\Scripts\Components\GeneratedMeshInstance.cs(209,116): warning CS0618: 'Object.GetInstanceID()' is obsolete: 'GetInstanceID is deprecated. Use GetEntityId instead. This will be removed in a future version.'
Assets\RealtimeCSG\RealtimeCSG\Plugins\Runtime\Scripts\Components\GeneratedMeshInstance.cs(210,116): warning CS0618: 'Object.GetInstanceID()' is obsolete: 'GetInstanceID is deprecated. Use GetEntityId instead. This will be removed in a future version.'
Assets\RealtimeCSG\RealtimeCSG\Plugins\Editor\Scripts\Control\Bindings\NativeMethodBindings.cs(93,48): warning CS0618: 'EditorUtility.InstanceIDToObject(int)' is obsolete: 'InstanceIDToObject(int) is obsolete. Use EditorUtility.EntityIdToObject instead.'
Assets\RealtimeCSG\RealtimeCSG\Plugins\Editor\Scripts\Control\Bindings\NativeMethodBindings.cs(97,53): warning CS0618: 'EditorUtility.InstanceIDToObject(int)' is obsolete: 'InstanceIDToObject(int) is obsolete. Use EditorUtility.EntityIdToObject instead.'
Assets\RealtimeCSG\RealtimeCSG\Plugins\Editor\Scripts\Control\Bindings\NativeMethodBindings.cs(101,55): warning CS0618: 'EditorUtility.InstanceIDToObject(int)' is obsolete: 'InstanceIDToObject(int) is obsolete. Use EditorUtility.EntityIdToObject instead.'
Assets\RealtimeCSG\RealtimeCSG\Plugins\Editor\Scripts\Control\Bindings\NativeMethodBindings.cs(105,39): warning CS0618: 'EditorUtility.InstanceIDToObject(int)' is obsolete: 'InstanceIDToObject(int) is obsolete. Use EditorUtility.EntityIdToObject instead.'
Assets\RealtimeCSG\RealtimeCSG\Plugins\Editor\Scripts\Data\SceneQuery\SceneQueryUtility.cs(889,26): warning CS0618: 'Object.GetInstanceID()' is obsolete: 'GetInstanceID is deprecated. Use GetEntityId instead. This will be removed in a future version.'
Assets\RealtimeCSG\RealtimeCSG\Plugins\Editor\Scripts\Data\SceneQuery\SceneQueryUtility.cs(889,7): warning CS0618: 'Selection.Contains(int)' is obsolete: 'Use Contains() with EntityId instead.'
Assets\RealtimeCSG\RealtimeCSG\Plugins\Editor\Scripts\Data\SceneQuery\SceneQueryUtility.cs(949,37): warning CS0618: 'Object.GetInstanceID()' is obsolete: 'GetInstanceID is deprecated. Use GetEntityId instead. This will be removed in a future version.'
Assets\RealtimeCSG\RealtimeCSG\Plugins\Editor\Scripts\Data\SceneQuery\SceneQueryUtility.cs(949,18): warning CS0618: 'Selection.Contains(int)' is obsolete: 'Use Contains() with EntityId instead.'
Assets\RealtimeCSG\RealtimeCSG\Plugins\Editor\Scripts\Control\Bindings\NativeMethodBindings.cs(304,19): warning CS0618: 'EditorUtility.InstanceIDToObject(int)' is obsolete: 'InstanceIDToObject(int) is obsolete. Use EditorUtility.EntityIdToObject instead.'
Assets\RealtimeCSG\RealtimeCSG\Plugins\Editor\Scripts\Data\SceneQuery\SceneQueryUtility.cs(1010,26): warning CS0618: 'Object.GetInstanceID()' is obsolete: 'GetInstanceID is deprecated. Use GetEntityId instead. This will be removed in a future version.'
Assets\RealtimeCSG\RealtimeCSG\Plugins\Editor\Scripts\Data\SceneQuery\SceneQueryUtility.cs(1010,7): warning CS0618: 'Selection.Contains(int)' is obsolete: 'Use Contains() with EntityId instead.'
Assets\RealtimeCSG\RealtimeCSG\Plugins\Editor\Thirdparty\UnityFBXExporter\FBXUnityMeshGetter.cs(525,35): warning CS0618: 'Object.GetInstanceID()' is obsolete: 'GetInstanceID is deprecated. Use GetEntityId instead. This will be removed in a future version.'
Assets\RealtimeCSG\RealtimeCSG\Plugins\Editor\Thirdparty\UnityFBXExporter\FBXUnityMeshGetter.cs(532,34): warning CS0618: 'Object.GetInstanceID()' is obsolete: 'GetInstanceID is deprecated. Use GetEntityId instead. This will be removed in a future version.'
Assets\RealtimeCSG\RealtimeCSG\Plugins\Editor\Scripts\Control\Managers\UpdateLoop.cs(75,13): warning CS0618: 'EditorApplication.hierarchyWindowItemOnGUI' is obsolete: 'hierarchyWindowItemOnGUI is obsolete. Use hierarchyWindowItemByEntityIdOnGUI instead.'
Assets\RealtimeCSG\RealtimeCSG\Plugins\Editor\Scripts\Control\Managers\UpdateLoop.cs(76,4): warning CS0618: 'EditorApplication.hierarchyWindowItemOnGUI' is obsolete: 'hierarchyWindowItemOnGUI is obsolete. Use hierarchyWindowItemByEntityIdOnGUI instead.'
Assets\RealtimeCSG\RealtimeCSG\Plugins\Editor\Scripts\Data\Hierarchy\ParentNodeDataExtension.cs(69,77): warning CS0618: 'Object.GetInstanceID()' is obsolete: 'GetInstanceID is deprecated. Use GetEntityId instead. This will be removed in a future version.'
Assets\RealtimeCSG\RealtimeCSG\Plugins\Editor\Scripts\Data\Hierarchy\ParentNodeDataExtension.cs(77,31): warning CS0618: 'Object.GetInstanceID()' is obsolete: 'GetInstanceID is deprecated. Use GetEntityId instead. This will be removed in a future version.'
Assets\RealtimeCSG\RealtimeCSG\Plugins\Editor\Scripts\Control\Managers\UnityCompilerDefineManager.cs(58,25): warning CS0618: 'PlayerSettings.GetScriptingDefineSymbolsForGroup(BuildTargetGroup)' is obsolete: 'Use GetScriptingDefineSymbols(NamedBuildTarget buildTarget) instead'
Assets\RealtimeCSG\RealtimeCSG\Plugins\Editor\Scripts\Control\Managers\UnityCompilerDefineManager.cs(112,6): warning CS0618: 'PlayerSettings.SetScriptingDefineSymbolsForGroup(BuildTargetGroup, string)' is obsolete: 'Use SetScriptingDefineSymbols(NamedBuildTarget buildTarget, string defines) instead'
Assets\RealtimeCSG\RealtimeCSG\Plugins\Editor\Scripts\Control\Managers\UpdateLoop.cs(106,4): warning CS0618: 'EditorApplication.hierarchyWindowItemOnGUI' is obsolete: 'hierarchyWindowItemOnGUI is obsolete. Use hierarchyWindowItemByEntityIdOnGUI instead.'
Assets\RealtimeCSG\RealtimeCSG\Plugins\Editor\Scripts\Control\Bindings\NativeMethodBindings.cs(415,20): warning CS0618: 'EditorUtility.InstanceIDToObject(int)' is obsolete: 'InstanceIDToObject(int) is obsolete. Use EditorUtility.EntityIdToObject instead.'
Assets\RealtimeCSG\RealtimeCSG\Plugins\Editor\Scripts\Data\Hierarchy\ParentNodeDataExtension.cs(219,76): warning CS0618: 'Object.GetInstanceID()' is obsolete: 'GetInstanceID is deprecated. Use GetEntityId instead. This will be removed in a future version.'
Assets\RealtimeCSG\RealtimeCSG\Plugins\Editor\Scripts\Data\Hierarchy\ParentNodeDataExtension.cs(229,31): warning CS0618: 'Object.GetInstanceID()' is obsolete: 'GetInstanceID is deprecated. Use GetEntityId instead. This will be removed in a future version.'
Assets\RealtimeCSG\RealtimeCSG\Plugins\Editor\Scripts\Data\Hierarchy\HierarchyItemExtension.cs(195,23): warning CS0618: 'Object.GetInstanceID()' is obsolete: 'GetInstanceID is deprecated. Use GetEntityId instead. This will be removed in a future version.'
Assets\RealtimeCSG\RealtimeCSG\Plugins\Editor\Scripts\Control\Bindings\NativeMethodBindings.cs(627,17): warning CS0618: 'EditorUtility.InstanceIDToObject(int)' is obsolete: 'InstanceIDToObject(int) is obsolete. Use EditorUtility.EntityIdToObject instead.'
Assets\RealtimeCSG\RealtimeCSG\Plugins\Editor\Scripts\Control\Managers\InternalCSGModelManager.DefaultModel.cs(134,10): warning CS0618: 'StaticEditorFlags.NavigationStatic' is obsolete: 'Enum member StaticEditorFlags.NavigationStatic has been deprecated. The precise selection of the objects is now done using NavMeshBuilder.CollectSources() and NavMeshBuildMarkup.'
Assets\RealtimeCSG\RealtimeCSG\Plugins\Editor\Scripts\Control\Managers\InternalCSGModelManager.DefaultModel.cs(136,10): warning CS0618: 'StaticEditorFlags.OffMeshLinkGeneration' is obsolete: 'Enum member StaticEditorFlags.OffMeshLinkGeneration has been deprecated. You can now use NavMeshBuilder.CollectSources() and NavMeshBuildMarkup to nominate the objects that will generate Off-Mesh Links.'
Assets\RealtimeCSG\RealtimeCSG\Plugins\Editor\Scripts\Data\Selection\SelectionUtility.cs(346,21): warning CS0618: 'Object.GetInstanceID()' is obsolete: 'GetInstanceID is deprecated. Use GetEntityId instead. This will be removed in a future version.'
Assets\RealtimeCSG\RealtimeCSG\Plugins\Editor\Scripts\Data\Selection\SelectionUtility.cs(368,32): warning CS0618: 'Object.GetInstanceID()' is obsolete: 'GetInstanceID is deprecated. Use GetEntityId instead. This will be removed in a future version.'
Assets\RealtimeCSG\RealtimeCSG\Plugins\Editor\Scripts\Data\Settings\ColorSettings.cs(170,31): warning CS0618: 'Object.GetInstanceID()' is obsolete: 'GetInstanceID is deprecated. Use GetEntityId instead. This will be removed in a future version.'
Assets\RealtimeCSG\RealtimeCSG\Plugins\Editor\Scripts\Control\Managers\MeshInstanceManager.Export.cs(297,26): warning CS0618: 'EditorUtility.InstanceIDToObject(int)' is obsolete: 'InstanceIDToObject(int) is obsolete. Use EditorUtility.EntityIdToObject instead.'
Assets\RealtimeCSG\RealtimeCSG\Plugins\Editor\Scripts\Data\Selection\SelectionUtility.cs(390,56): warning CS0618: 'Selection.instanceIDs' is obsolete: 'Use entityIds instead.'
Assets\RealtimeCSG\RealtimeCSG\Plugins\Editor\Scripts\Data\Selection\SelectionUtility.cs(396,23): warning CS0618: 'Object.GetInstanceID()' is obsolete: 'GetInstanceID is deprecated. Use GetEntityId instead. This will be removed in a future version.'
Assets\RealtimeCSG\RealtimeCSG\Plugins\Editor\Scripts\Data\Selection\SelectionUtility.cs(410,7): warning CS0618: 'Selection.instanceIDs' is obsolete: 'Use entityIds instead.'
Assets\RealtimeCSG\RealtimeCSG\Plugins\Editor\Scripts\Data\Selection\SelectionUtility.cs(418,23): warning CS0618: 'Object.GetInstanceID()' is obsolete: 'GetInstanceID is deprecated. Use GetEntityId instead. This will be removed in a future version.'
Assets\RealtimeCSG\RealtimeCSG\Plugins\Editor\Scripts\Data\Selection\SelectionUtility.cs(420,6): warning CS0618: 'Selection.instanceIDs' is obsolete: 'Use entityIds instead.'
Assets\RealtimeCSG\RealtimeCSG\Plugins\Editor\Scripts\Data\Selection\SelectionUtility.cs(429,23): warning CS0618: 'Object.GetInstanceID()' is obsolete: 'GetInstanceID is deprecated. Use GetEntityId instead. This will be removed in a future version.'
Assets\RealtimeCSG\RealtimeCSG\Plugins\Editor\Scripts\Data\Selection\SelectionUtility.cs(431,6): warning CS0618: 'Selection.instanceIDs' is obsolete: 'Use entityIds instead.'
Assets\RealtimeCSG\RealtimeCSG\Plugins\API\Legacy\Editor\BrushFactory.cs(60,56): warning CS0618: 'Object.GetInstanceID()' is obsolete: 'GetInstanceID is deprecated. Use GetEntityId instead. This will be removed in a future version.'
Assets\RealtimeCSG\RealtimeCSG\Plugins\API\Legacy\Editor\BrushFactory.cs(61,56): warning CS0618: 'Object.GetInstanceID()' is obsolete: 'GetInstanceID is deprecated. Use GetEntityId instead. This will be removed in a future version.'
Assets\RealtimeCSG\RealtimeCSG\Plugins\Editor\Scripts\Data\Settings\CSGSettings.cs(474,53): warning CS0618: 'Object.GetInstanceID()' is obsolete: 'GetInstanceID is deprecated. Use GetEntityId instead. This will be removed in a future version.'
Assets\RealtimeCSG\RealtimeCSG\Plugins\Editor\Scripts\Data\Settings\CSGSettings.cs(501,51): warning CS0618: 'Object.GetInstanceID()' is obsolete: 'GetInstanceID is deprecated. Use GetEntityId instead. This will be removed in a future version.'
Assets\RealtimeCSG\RealtimeCSG\Plugins\Editor\Scripts\Data\Settings\CSGSettings.cs(508,65): warning CS0618: 'Object.GetInstanceID()' is obsolete: 'GetInstanceID is deprecated. Use GetEntityId instead. This will be removed in a future version.'
Assets\RealtimeCSG\RealtimeCSG\Plugins\Editor\Scripts\View\DragAndDrop\SceneDragTool.Materials.cs(467,28): warning CS0618: 'Object.GetInstanceID()' is obsolete: 'GetInstanceID is deprecated. Use GetEntityId instead. This will be removed in a future version.'
Assets\RealtimeCSG\RealtimeCSG\Plugins\Editor\Scripts\View\GUI\HierarchyWindowItemGUI\HierarchyWindowItemGUI.cs(15,12): warning CS0618: 'EditorUtility.InstanceIDToObject(int)' is obsolete: 'InstanceIDToObject(int) is obsolete. Use EditorUtility.EntityIdToObject instead.'
Assets\RealtimeCSG\RealtimeCSG\Plugins\Editor\Scripts\Control\Managers\MeshInstanceManager.cs(706,15): warning CS0618: 'EditorUtility.InstanceIDToObject(int)' is obsolete: 'InstanceIDToObject(int) is obsolete. Use EditorUtility.EntityIdToObject instead.'
Assets\RealtimeCSG\RealtimeCSG\Plugins\Editor\Scripts\Control\Managers\MeshInstanceManager.cs(793,47): warning CS0618: 'Object.GetInstanceID()' is obsolete: 'GetInstanceID is deprecated. Use GetEntityId instead. This will be removed in a future version.'
Assets\RealtimeCSG\RealtimeCSG\Plugins\Editor\Scripts\Control\Managers\InternalCSGModelManager.Registration.cs(162,13): warning CS0618: 'StaticEditorFlags.NavigationStatic' is obsolete: 'Enum member StaticEditorFlags.NavigationStatic has been deprecated. The precise selection of the objects is now done using NavMeshBuilder.CollectSources() and NavMeshBuildMarkup.'
Assets\RealtimeCSG\RealtimeCSG\Plugins\Editor\Scripts\Control\Managers\InternalCSGModelManager.Registration.cs(164,13): warning CS0618: 'StaticEditorFlags.OffMeshLinkGeneration' is obsolete: 'Enum member StaticEditorFlags.OffMeshLinkGeneration has been deprecated. You can now use NavMeshBuilder.CollectSources() and NavMeshBuildMarkup to nominate the objects that will generate Off-Mesh Links.'
Assets\RealtimeCSG\RealtimeCSG\Plugins\Editor\Scripts\Control\Managers\InternalCSGModelManager.Registration.cs(233,43): warning CS0618: 'Object.GetInstanceID()' is obsolete: 'GetInstanceID is deprecated. Use GetEntityId instead. This will be removed in a future version.'
Assets\RealtimeCSG\RealtimeCSG\Plugins\Editor\Scripts\Control\Managers\InternalCSGModelManager.Registration.cs(348,40): warning CS0618: 'Object.GetInstanceID()' is obsolete: 'GetInstanceID is deprecated. Use GetEntityId instead. This will be removed in a future version.'
Assets\RealtimeCSG\RealtimeCSG\Plugins\Editor\Scripts\Control\Managers\InternalCSGModelManager.Registration.cs(443,40): warning CS0618: 'Object.GetInstanceID()' is obsolete: 'GetInstanceID is deprecated. Use GetEntityId instead. This will be removed in a future version.'
Assets\RealtimeCSG\RealtimeCSG\Plugins\Editor\Scripts\Control\Managers\MeshInstanceManager.cs(957,56): warning CS0618: 'StaticEditorFlags.NavigationStatic' is obsolete: 'Enum member StaticEditorFlags.NavigationStatic has been deprecated. The precise selection of the objects is now done using NavMeshBuilder.CollectSources() and NavMeshBuildMarkup.'
Assets\RealtimeCSG\RealtimeCSG\Plugins\Editor\Scripts\View\GUI\ComponentEditorWindows\CSGModelComponent.Inspector.GUI.cs(1281,51): warning CS0618: 'EditorUtility.InstanceIDToObject(int)' is obsolete: 'InstanceIDToObject(int) is obsolete. Use EditorUtility.EntityIdToObject instead.'
Assets\RealtimeCSG\RealtimeCSG\Plugins\Editor\Scripts\Control\Managers\MeshInstanceManager.cs(979,28): warning CS0618: 'Object.GetInstanceID()' is obsolete: 'GetInstanceID is deprecated. Use GetEntityId instead. This will be removed in a future version.'
Assets\RealtimeCSG\RealtimeCSG\Plugins\Editor\Scripts\Control\Managers\InternalCSGModelManager.Registration.cs(497,32): warning CS0618: 'Object.GetInstanceID()' is obsolete: 'GetInstanceID is deprecated. Use GetEntityId instead. This will be removed in a future version.'
Assets\RealtimeCSG\RealtimeCSG\Plugins\Editor\Scripts\Control\Managers\InternalCSGModelManager.Registration.cs(585,36): warning CS0618: 'Object.GetInstanceID()' is obsolete: 'GetInstanceID is deprecated. Use GetEntityId instead. This will be removed in a future version.'
Assets\RealtimeCSG\RealtimeCSG\Plugins\Editor\Scripts\Control\Managers\InternalCSGModelManager.Registration.cs(657,41): warning CS0618: 'Object.GetInstanceID()' is obsolete: 'GetInstanceID is deprecated. Use GetEntityId instead. This will be removed in a future version.'
Assets\RealtimeCSG\RealtimeCSG\Plugins\Editor\Scripts\Control\Managers\InternalCSGModelManager.Registration.cs(701,43): warning CS0618: 'Object.GetInstanceID()' is obsolete: 'GetInstanceID is deprecated. Use GetEntityId instead. This will be removed in a future version.'
Assets\RealtimeCSG\RealtimeCSG\Plugins\Editor\Scripts\View\GUI\EditModeGUI\EditModes\Generators\Generator.Base.cs(81,31): warning CS0414: The field 'GeneratorBase.previousViewTool' is assigned but its value is never used
Packages\com.waveharmonic.crest\Runtime\Scripts\Utility\Shared\Component\CustomBehaviour.cs(74,101): warning CS0618: 'FindObjectsSortMode' is obsolete: 'FindObjectsSortMode has been deprecated. Use the FindObjectsByType overloads that do not take a FindObjectsSortMode parameter.'
Packages\com.waveharmonic.crest\Runtime\Scripts\Utility\Shared\Component\CustomBehaviour.cs(74,37): warning CS0618: 'Object.FindObjectsByType<T>(FindObjectsInactive, FindObjectsSortMode)' is obsolete: 'FindObjectsByType with FindObjectsSortMode parameter has been deprecated. Use FindObjectsByType<T>() or FindObjectsByType<T>(FindObjectsInactive) instead. InstanceID will be replaced in the future with EntityId and previous sort order cannot be maintained.'
Packages\com.waveharmonic.crest\Runtime\Scripts\Utility\Shared\Component\ManagedBehaviour.cs(64,24): warning CS0618: 'Object.FindFirstObjectByType<T>()' is obsolete: 'FindFirstObjectByType has been deprecated because it relies on instance ID ordering. Use FindAnyObjectByType instead, which does not depend on ordering.'
Packages\com.waveharmonic.crest\Runtime\Scripts\Utility\Shared\Component\EditorBehaviour.cs(91,50): warning CS0618: 'FindObjectsSortMode' is obsolete: 'FindObjectsSortMode has been deprecated. Use the FindObjectsByType overloads that do not take a FindObjectsSortMode parameter.'
Packages\com.waveharmonic.crest\Runtime\Scripts\Utility\Shared\Component\EditorBehaviour.cs(91,21): warning CS0618: 'Object.FindObjectsByType(Type, FindObjectsSortMode)' is obsolete: 'FindObjectsByType with FindObjectsSortMode parameter has been deprecated. Use FindObjectsByType(Type) or FindObjectsByType(Type, FindObjectsInactive) instead. InstanceID will be replaced in the future with EntityId and previous sort order cannot be maintained.'
Assets\Feel\MMTools\Tools\MMPhysics\MMRigidbodyInterface.cs(121,13): warning CS0618: 'Rigidbody2D.isKinematic' is obsolete: 'isKinematic has been deprecated. Please use bodyType.'
Assets\Feel\MMTools\Tools\MMPhysics\MMRigidbodyInterface.cs(253,5): warning CS0618: 'Rigidbody2D.isKinematic' is obsolete: 'isKinematic has been deprecated. Please use bodyType.'
Assets\Feel\MMTools\Tools\MMHelpers\MMDebug.cs(563,41): warning CS0618: 'Object.FindObjectOfType(Type)' is obsolete: 'Object.FindObjectOfType has been deprecated. Use Object.FindFirstObjectByType instead or if finding any instance is acceptable the faster Object.FindAnyObjectByType'
Packages\com.jbooth.microsplat.core\Scripts\Editor\MicroSplatCompressor.cs(80,118): warning CS0618: 'FindObjectsSortMode' is obsolete: 'FindObjectsSortMode has been deprecated. Use the FindObjectsByType overloads that do not take a FindObjectsSortMode parameter.'
Packages\com.jbooth.microsplat.core\Scripts\Editor\MicroSplatCompressor.cs(80,42): warning CS0618: 'Object.FindObjectsByType<T>(FindObjectsInactive, FindObjectsSortMode)' is obsolete: 'FindObjectsByType with FindObjectsSortMode parameter has been deprecated. Use FindObjectsByType<T>() or FindObjectsByType<T>(FindObjectsInactive) instead. InstanceID will be replaced in the future with EntityId and previous sort order cannot be maintained.'
Packages\com.jbooth.microsplat.core\Scripts\Editor\MicroSplatCompressor.cs(93,118): warning CS0618: 'FindObjectsSortMode' is obsolete: 'FindObjectsSortMode has been deprecated. Use the FindObjectsByType overloads that do not take a FindObjectsSortMode parameter.'
Packages\com.jbooth.microsplat.core\Scripts\Editor\MicroSplatCompressor.cs(93,42): warning CS0618: 'Object.FindObjectsByType<T>(FindObjectsInactive, FindObjectsSortMode)' is obsolete: 'FindObjectsByType with FindObjectsSortMode parameter has been deprecated. Use FindObjectsByType<T>() or FindObjectsByType<T>(FindObjectsInactive) instead. InstanceID will be replaced in the future with EntityId and previous sort order cannot be maintained.'
Assets\GPUInstancer\Scripts\Core\Contract\GPUInstancerTerrainManager.cs(270,146): warning CS0618: 'Object.GetInstanceID()' is obsolete: 'GetInstanceID is deprecated. Use GetEntityId instead. This will be removed in a future version.'
Assets\GPUInstancer\Scripts\GPUInstancerEditorSimulator.cs(69,17): warning CS0618: 'RenderPipelineManager.beginFrameRendering' is obsolete: 'beginFrameRendering is deprecated. Use beginContextRendering instead. #from 2023.3'
Assets\GPUInstancer\Scripts\GPUInstancerEditorSimulator.cs(90,17): warning CS0618: 'RenderPipelineManager.beginFrameRendering' is obsolete: 'beginFrameRendering is deprecated. Use beginContextRendering instead. #from 2023.3'
Assets\GPUInstancer\Scripts\GPUInstancerEditorSimulator.cs(147,21): warning CS0618: 'RenderPipelineManager.beginFrameRendering' is obsolete: 'beginFrameRendering is deprecated. Use beginContextRendering instead. #from 2023.3'
Assets\GPUInstancer\Scripts\GPUInstancerEditorSimulator.cs(148,21): warning CS0618: 'RenderPipelineManager.beginFrameRendering' is obsolete: 'beginFrameRendering is deprecated. Use beginContextRendering instead. #from 2023.3'
Assets\GPUInstancer\Scripts\GPUInstancerDetailManager.cs(520,106): warning CS0618: 'Object.GetInstanceID()' is obsolete: 'GetInstanceID is deprecated. Use GetEntityId instead. This will be removed in a future version.'
Assets\GPUInstancer\Scripts\GPUInstancerDetailManager.cs(556,106): warning CS0618: 'Object.GetInstanceID()' is obsolete: 'GetInstanceID is deprecated. Use GetEntityId instead. This will be removed in a future version.'
Assets\GPUInstancer\Scripts\Core\Static\GPUInstancerUtility.cs(885,158): warning CS0618: 'Object.GetInstanceID()' is obsolete: 'GetInstanceID is deprecated. Use GetEntityId instead. This will be removed in a future version.'
Assets\GPUInstancer\Scripts\Core\Static\GPUInstancerUtility.cs(885,262): warning CS0618: 'Object.GetInstanceID()' is obsolete: 'GetInstanceID is deprecated. Use GetEntityId instead. This will be removed in a future version.'
Assets\GPUInstancer\Scripts\Core\Static\GPUInstancerUtility.cs(1351,50): warning CS0618: 'Object.GetInstanceID()' is obsolete: 'GetInstanceID is deprecated. Use GetEntityId instead. This will be removed in a future version.'
Assets\Feel\MMTools\Editor\MMAttributes\MMMonoBehaviourDrawer.cs(72,124): warning CS0618: 'Object.GetInstanceID()' is obsolete: 'GetInstanceID is deprecated. Use GetEntityId instead. This will be removed in a future version.'
Assets\Feel\MMTools\Editor\MMAttributes\MMMonoBehaviourDrawer.cs(133,102): warning CS0618: 'Object.GetInstanceID()' is obsolete: 'GetInstanceID is deprecated. Use GetEntityId instead. This will be removed in a future version.'
Assets\GPUInstancer\Scripts\Editor\GPUInstancerDefines.cs(36,56): warning CS0618: 'PlayerSettings.GetScriptingDefineSymbolsForGroup(BuildTargetGroup)' is obsolete: 'Use GetScriptingDefineSymbols(NamedBuildTarget buildTarget) instead'
Assets\GPUInstancer\Scripts\Editor\GPUInstancerDefines.cs(41,17): warning CS0618: 'PlayerSettings.SetScriptingDefineSymbolsForGroup(BuildTargetGroup, string)' is obsolete: 'Use SetScriptingDefineSymbols(NamedBuildTarget buildTarget, string defines) instead'
Assets\GPUInstancer\Scripts\Editor\PackageImporter\GPUIPackageImporter.cs(48,34): warning CS0618: 'PlayerSettings.GetScriptingDefineSymbolsForGroup(BuildTargetGroup)' is obsolete: 'Use GetScriptingDefineSymbols(NamedBuildTarget buildTarget) instead'
AssetDatabase: script compilation time: 129.015081s
Scripts have compiler errors.
Exiting without the bug reporter. Application will terminate with return code 1