release_set_id,packet_id,locale,field,chars,estimated_px,max_line_px,max_word_px,bound_px,lines,max_lines,expansion_vs_en,issues,source
RS082_DEEP_REACH_ARTIFACT_MEMO_PACK,P406_VARNEK_MARGIN_ACCEPTANCE_MEMO_ARTIFACT,en_US,title,18,179.28,179.28,62.28,360.0,1,1,1.0,,C:/hades/Hecton8/Docs/Lore/AppliedContent/packets/RS082_DEEP_REACH_ARTIFACT_MEMO_PACK.packets.json
RS082_DEEP_REACH_ARTIFACT_MEMO_PACK,P406_VARNEK_MARGIN_ACCEPTANCE_MEMO_ARTIFACT,en_US,scanner,85,691.84,439.68,72.0,460.0,2,2,1.0,,C:/hades/Hecton8/Docs/Lore/AppliedContent/packets/RS082_DEEP_REACH_ARTIFACT_MEMO_PACK.packets.json
RS082_DEEP_REACH_ARTIFACT_MEMO_PACK,P406_VARNEK_MARGIN_ACCEPTANCE_MEMO_ARTIFACT,en_US,terminal,75,580.8,500.1,80.7,520.0,2,2,1.0,,C:/hades/Hecton8/Docs/Lore/AppliedContent/packets/RS082_DEEP_REACH_ARTIFACT_MEMO_PACK.packets.json
RS082_DEEP_REACH_ARTIFACT_MEMO_PACK,P406_VARNEK_MARGIN_ACCEPTANCE_MEMO_ARTIFACT,en_US,audio,51,467.64,467.64,65.52,620.0,1,2,1.0,,C:/hades/Hecton8/Docs/Lore/AppliedContent/packets/RS082_DEEP_REACH_ARTIFACT_MEMO_PACK.packets.json
RS082_DEEP_REACH_ARTIFACT_MEMO_PACK,P406_VARNEK_MARGIN_ACCEPTANCE_MEMO_ARTIFACT,en_US,in_game_wiki,163,1258.5,623.1,75.6,620.0,3,5,1.0,,C:/hades/Hecton8/Docs/Lore/AppliedContent/packets/RS082_DEEP_REACH_ARTIFACT_MEMO_PACK.packets.json
RS082_DEEP_REACH_ARTIFACT_MEMO_PACK,P406_VARNEK_MARGIN_ACCEPTANCE_MEMO_ARTIFACT,en_US,external_site,115,912.96,634.56,85.76,680.0,2,4,1.0,,C:/hades/Hecton8/Docs/Lore/AppliedContent/packets/RS082_DEEP_REACH_ARTIFACT_MEMO_PACK.packets.json
RS082_DEEP_REACH_ARTIFACT_MEMO_PACK,P406_VARNEK_MARGIN_ACCEPTANCE_MEMO_ARTIFACT,en_US,field_note,52,367.08,367.08,63.28,560.0,1,3,1.0,,C:/hades/Hecton8/Docs/Lore/AppliedContent/packets/RS082_DEEP_REACH_ARTIFACT_MEMO_PACK.packets.json
RS082_DEEP_REACH_ARTIFACT_MEMO_PACK,P406_VARNEK_MARGIN_ACCEPTANCE_MEMO_ARTIFACT,ru_RU,title,12,123.12,123.12,74.16,360.0,1,1,0.687,,C:/hades/Hecton8/Docs/Lore/AppliedContent/packets/RS082_DEEP_REACH_ARTIFACT_MEMO_PACK.packets.json
RS082_DEEP_REACH_ARTIFACT_MEMO_PACK,P406_VARNEK_MARGIN_ACCEPTANCE_MEMO_ARTIFACT,ru_RU,scanner,91,772.48,453.12,92.8,460.0,2,2,1.117,,C:/hades/Hecton8/Docs/Lore/AppliedContent/packets/RS082_DEEP_REACH_ARTIFACT_MEMO_PACK.packets.json
RS082_DEEP_REACH_ARTIFACT_MEMO_PACK,P406_VARNEK_MARGIN_ACCEPTANCE_MEMO_ARTIFACT,ru_RU,terminal,75,616.5,454.5,113.1,520.0,2,2,1.061,,C:/hades/Hecton8/Docs/Lore/AppliedContent/packets/RS082_DEEP_REACH_ARTIFACT_MEMO_PACK.packets.json
RS082_DEEP_REACH_ARTIFACT_MEMO_PACK,P406_VARNEK_MARGIN_ACCEPTANCE_MEMO_ARTIFACT,ru_RU,audio,59,572.04,572.04,93.96,620.0,1,2,1.223,,C:/hades/Hecton8/Docs/Lore/AppliedContent/packets/RS082_DEEP_REACH_ARTIFACT_MEMO_PACK.packets.json
RS082_DEEP_REACH_ARTIFACT_MEMO_PACK,P406_VARNEK_MARGIN_ACCEPTANCE_MEMO_ARTIFACT,ru_RU,in_game_wiki,139,1117.5,607.8,78.3,620.0,2,5,0.888,,C:/hades/Hecton8/Docs/Lore/AppliedContent/packets/RS082_DEEP_REACH_ARTIFACT_MEMO_PACK.packets.json
RS082_DEEP_REACH_ARTIFACT_MEMO_PACK,P406_VARNEK_MARGIN_ACCEPTANCE_MEMO_ARTIFACT,ru_RU,external_site,122,1052.8,659.52,111.36,680.0,2,4,1.153,,C:/hades/Hecton8/Docs/Lore/AppliedContent/packets/RS082_DEEP_REACH_ARTIFACT_MEMO_PACK.packets.json
RS082_DEEP_REACH_ARTIFACT_MEMO_PACK,P406_VARNEK_MARGIN_ACCEPTANCE_MEMO_ARTIFACT,ru_RU,field_note,65,487.2,487.2,98.28,560.0,1,3,1.327,,C:/hades/Hecton8/Docs/Lore/AppliedContent/packets/RS082_DEEP_REACH_ARTIFACT_MEMO_PACK.packets.json
RS082_DEEP_REACH_ARTIFACT_MEMO_PACK,P406_VARNEK_MARGIN_ACCEPTANCE_MEMO_ARTIFACT,ja_JP,title,26,255.6,255.6,62.28,360.0,1,1,1.426,TEXT_EXPANSION_GT_1_35,C:/hades/Hecton8/Docs/Lore/AppliedContent/packets/RS082_DEEP_REACH_ARTIFACT_MEMO_PACK.packets.json
RS082_DEEP_REACH_ARTIFACT_MEMO_PACK,P406_VARNEK_MARGIN_ACCEPTANCE_MEMO_ARTIFACT,ja_JP,scanner,98,807.36,434.88,72.0,460.0,2,2,1.167,,C:/hades/Hecton8/Docs/Lore/AppliedContent/packets/RS082_DEEP_REACH_ARTIFACT_MEMO_PACK.packets.json
RS082_DEEP_REACH_ARTIFACT_MEMO_PACK,P406_VARNEK_MARGIN_ACCEPTANCE_MEMO_ARTIFACT,ja_JP,terminal,83,644.4,518.7,80.7,520.0,2,2,1.11,,C:/hades/Hecton8/Docs/Lore/AppliedContent/packets/RS082_DEEP_REACH_ARTIFACT_MEMO_PACK.packets.json
RS082_DEEP_REACH_ARTIFACT_MEMO_PACK,P406_VARNEK_MARGIN_ACCEPTANCE_MEMO_ARTIFACT,ja_JP,audio,64,597.6,597.6,65.52,620.0,1,2,1.278,,C:/hades/Hecton8/Docs/Lore/AppliedContent/packets/RS082_DEEP_REACH_ARTIFACT_MEMO_PACK.packets.json
RS082_DEEP_REACH_ARTIFACT_MEMO_PACK,P406_VARNEK_MARGIN_ACCEPTANCE_MEMO_ARTIFACT,ja_JP,in_game_wiki,176,1366.8,612.0,75.6,620.0,3,5,1.086,,C:/hades/Hecton8/Docs/Lore/AppliedContent/packets/RS082_DEEP_REACH_ARTIFACT_MEMO_PACK.packets.json
RS082_DEEP_REACH_ARTIFACT_MEMO_PACK,P406_VARNEK_MARGIN_ACCEPTANCE_MEMO_ARTIFACT,ja_JP,external_site,128,1028.48,658.24,85.76,680.0,2,4,1.127,,C:/hades/Hecton8/Docs/Lore/AppliedContent/packets/RS082_DEEP_REACH_ARTIFACT_MEMO_PACK.packets.json
RS082_DEEP_REACH_ARTIFACT_MEMO_PACK,P406_VARNEK_MARGIN_ACCEPTANCE_MEMO_ARTIFACT,ja_JP,field_note,65,468.16,468.16,63.28,560.0,1,3,1.275,,C:/hades/Hecton8/Docs/Lore/AppliedContent/packets/RS082_DEEP_REACH_ARTIFACT_MEMO_PACK.packets.json
RS082_DEEP_REACH_ARTIFACT_MEMO_PACK,P406_VARNEK_MARGIN_ACCEPTANCE_MEMO_ARTIFACT,zh_CN,title,26,255.6,255.6,62.28,360.0,1,1,1.426,TEXT_EXPANSION_GT_1_35,C:/hades/Hecton8/Docs/Lore/AppliedContent/packets/RS082_DEEP_REACH_ARTIFACT_MEMO_PACK.packets.json
RS082_DEEP_REACH_ARTIFACT_MEMO_PACK,P406_VARNEK_MARGIN_ACCEPTANCE_MEMO_ARTIFACT,zh_CN,scanner,98,807.36,434.88,72.0,460.0,2,2,1.167,,C:/hades/Hecton8/Docs/Lore/AppliedContent/packets/RS082_DEEP_REACH_ARTIFACT_MEMO_PACK.packets.json
RS082_DEEP_REACH_ARTIFACT_MEMO_PACK,P406_VARNEK_MARGIN_ACCEPTANCE_MEMO_ARTIFACT,zh_CN,terminal,83,644.4,518.7,80.7,520.0,2,2,1.11,,C:/hades/Hecton8/Docs/Lore/AppliedContent/packets/RS082_DEEP_REACH_ARTIFACT_MEMO_PACK.packets.json
RS082_DEEP_REACH_ARTIFACT_MEMO_PACK,P406_VARNEK_MARGIN_ACCEPTANCE_MEMO_ARTIFACT,zh_CN,audio,64,597.6,597.6,65.52,620.0,1,2,1.278,,C:/hades/Hecton8/Docs/Lore/AppliedContent/packets/RS082_DEEP_REACH_ARTIFACT_MEMO_PACK.packets.json
RS082_DEEP_REACH_ARTIFACT_MEMO_PACK,P406_VARNEK_MARGIN_ACCEPTANCE_MEMO_ARTIFACT,zh_CN,in_game_wiki,176,1366.8,612.0,75.6,620.0,3,5,1.086,,C:/hades/Hecton8/Docs/Lore/AppliedContent/packets/RS082_DEEP_REACH_ARTIFACT_MEMO_PACK.packets.json
RS082_DEEP_REACH_ARTIFACT_MEMO_PACK,P406_VARNEK_MARGIN_ACCEPTANCE_MEMO_ARTIFACT,zh_CN,external_site,128,1028.48,658.24,85.76,680.0,2,4,1.127,,C:/hades/Hecton8/Docs/Lore/AppliedContent/packets/RS082_DEEP_REACH_ARTIFACT_MEMO_PACK.packets.json
RS082_DEEP_REACH_ARTIFACT_MEMO_PACK,P406_VARNEK_MARGIN_ACCEPTANCE_MEMO_ARTIFACT,zh_CN,field_note,65,468.16,468.16,63.28,560.0,1,3,1.275,,C:/hades/Hecton8/Docs/Lore/AppliedContent/packets/RS082_DEEP_REACH_ARTIFACT_MEMO_PACK.packets.json
RS082_DEEP_REACH_ARTIFACT_MEMO_PACK,P406_VARNEK_MARGIN_ACCEPTANCE_MEMO_ARTIFACT,fr_FR,title,26,255.6,255.6,62.28,360.0,1,1,1.426,TEXT_EXPANSION_GT_1_35,C:/hades/Hecton8/Docs/Lore/AppliedContent/packets/RS082_DEEP_REACH_ARTIFACT_MEMO_PACK.packets.json
RS082_DEEP_REACH_ARTIFACT_MEMO_PACK,P406_VARNEK_MARGIN_ACCEPTANCE_MEMO_ARTIFACT,fr_FR,scanner,98,807.36,434.88,72.0,460.0,2,2,1.167,,C:/hades/Hecton8/Docs/Lore/AppliedContent/packets/RS082_DEEP_REACH_ARTIFACT_MEMO_PACK.packets.json
RS082_DEEP_REACH_ARTIFACT_MEMO_PACK,P406_VARNEK_MARGIN_ACCEPTANCE_MEMO_ARTIFACT,fr_FR,terminal,83,644.4,518.7,80.7,520.0,2,2,1.11,,C:/hades/Hecton8/Docs/Lore/AppliedContent/packets/RS082_DEEP_REACH_ARTIFACT_MEMO_PACK.packets.json
RS082_DEEP_REACH_ARTIFACT_MEMO_PACK,P406_VARNEK_MARGIN_ACCEPTANCE_MEMO_ARTIFACT,fr_FR,audio,64,597.6,597.6,65.52,620.0,1,2,1.278,,C:/hades/Hecton8/Docs/Lore/AppliedContent/packets/RS082_DEEP_REACH_ARTIFACT_MEMO_PACK.packets.json
RS082_DEEP_REACH_ARTIFACT_MEMO_PACK,P406_VARNEK_MARGIN_ACCEPTANCE_MEMO_ARTIFACT,fr_FR,in_game_wiki,176,1366.8,612.0,75.6,620.0,3,5,1.086,,C:/hades/Hecton8/Docs/Lore/AppliedContent/packets/RS082_DEEP_REACH_ARTIFACT_MEMO_PACK.packets.json
RS082_DEEP_REACH_ARTIFACT_MEMO_PACK,P406_VARNEK_MARGIN_ACCEPTANCE_MEMO_ARTIFACT,fr_FR,external_site,128,1028.48,658.24,85.76,680.0,2,4,1.127,,C:/hades/Hecton8/Docs/Lore/AppliedContent/packets/RS082_DEEP_REACH_ARTIFACT_MEMO_PACK.packets.json
RS082_DEEP_REACH_ARTIFACT_MEMO_PACK,P406_VARNEK_MARGIN_ACCEPTANCE_MEMO_ARTIFACT,fr_FR,field_note,65,468.16,468.16,63.28,560.0,1,3,1.275,,C:/hades/Hecton8/Docs/Lore/AppliedContent/packets/RS082_DEEP_REACH_ARTIFACT_MEMO_PACK.packets.json
RS082_DEEP_REACH_ARTIFACT_MEMO_PACK,P406_VARNEK_MARGIN_ACCEPTANCE_MEMO_ARTIFACT,es_ES,title,26,255.6,255.6,62.28,360.0,1,1,1.426,TEXT_EXPANSION_GT_1_35,C:/hades/Hecton8/Docs/Lore/AppliedContent/packets/RS082_DEEP_REACH_ARTIFACT_MEMO_PACK.packets.json
RS082_DEEP_REACH_ARTIFACT_MEMO_PACK,P406_VARNEK_MARGIN_ACCEPTANCE_MEMO_ARTIFACT,es_ES,scanner,98,807.36,434.88,72.0,460.0,2,2,1.167,,C:/hades/Hecton8/Docs/Lore/AppliedContent/packets/RS082_DEEP_REACH_ARTIFACT_MEMO_PACK.packets.json
RS082_DEEP_REACH_ARTIFACT_MEMO_PACK,P406_VARNEK_MARGIN_ACCEPTANCE_MEMO_ARTIFACT,es_ES,terminal,83,644.4,518.7,80.7,520.0,2,2,1.11,,C:/hades/Hecton8/Docs/Lore/AppliedContent/packets/RS082_DEEP_REACH_ARTIFACT_MEMO_PACK.packets.json
RS082_DEEP_REACH_ARTIFACT_MEMO_PACK,P406_VARNEK_MARGIN_ACCEPTANCE_MEMO_ARTIFACT,es_ES,audio,64,597.6,597.6,65.52,620.0,1,2,1.278,,C:/hades/Hecton8/Docs/Lore/AppliedContent/packets/RS082_DEEP_REACH_ARTIFACT_MEMO_PACK.packets.json
RS082_DEEP_REACH_ARTIFACT_MEMO_PACK,P406_VARNEK_MARGIN_ACCEPTANCE_MEMO_ARTIFACT,es_ES,in_game_wiki,176,1366.8,612.0,75.6,620.0,3,5,1.086,,C:/hades/Hecton8/Docs/Lore/AppliedContent/packets/RS082_DEEP_REACH_ARTIFACT_MEMO_PACK.packets.json
RS082_DEEP_REACH_ARTIFACT_MEMO_PACK,P406_VARNEK_MARGIN_ACCEPTANCE_MEMO_ARTIFACT,es_ES,external_site,128,1028.48,658.24,85.76,680.0,2,4,1.127,,C:/hades/Hecton8/Docs/Lore/AppliedContent/packets/RS082_DEEP_REACH_ARTIFACT_MEMO_PACK.packets.json
RS082_DEEP_REACH_ARTIFACT_MEMO_PACK,P406_VARNEK_MARGIN_ACCEPTANCE_MEMO_ARTIFACT,es_ES,field_note,65,468.16,468.16,63.28,560.0,1,3,1.275,,C:/hades/Hecton8/Docs/Lore/AppliedContent/packets/RS082_DEEP_REACH_ARTIFACT_MEMO_PACK.packets.json
RS082_DEEP_REACH_ARTIFACT_MEMO_PACK,P406_VARNEK_MARGIN_ACCEPTANCE_MEMO_ARTIFACT,de_DE,title,26,255.6,255.6,62.28,360.0,1,1,1.426,TEXT_EXPANSION_GT_1_35,C:/hades/Hecton8/Docs/Lore/AppliedContent/packets/RS082_DEEP_REACH_ARTIFACT_MEMO_PACK.packets.json
RS082_DEEP_REACH_ARTIFACT_MEMO_PACK,P406_VARNEK_MARGIN_ACCEPTANCE_MEMO_ARTIFACT,de_DE,scanner,98,807.36,434.88,72.0,460.0,2,2,1.167,,C:/hades/Hecton8/Docs/Lore/AppliedContent/packets/RS082_DEEP_REACH_ARTIFACT_MEMO_PACK.packets.json
RS082_DEEP_REACH_ARTIFACT_MEMO_PACK,P406_VARNEK_MARGIN_ACCEPTANCE_MEMO_ARTIFACT,de_DE,terminal,83,644.4,518.7,80.7,520.0,2,2,1.11,,C:/hades/Hecton8/Docs/Lore/AppliedContent/packets/RS082_DEEP_REACH_ARTIFACT_MEMO_PACK.packets.json
RS082_DEEP_REACH_ARTIFACT_MEMO_PACK,P406_VARNEK_MARGIN_ACCEPTANCE_MEMO_ARTIFACT,de_DE,audio,64,597.6,597.6,65.52,620.0,1,2,1.278,,C:/hades/Hecton8/Docs/Lore/AppliedContent/packets/RS082_DEEP_REACH_ARTIFACT_MEMO_PACK.packets.json
RS082_DEEP_REACH_ARTIFACT_MEMO_PACK,P406_VARNEK_MARGIN_ACCEPTANCE_MEMO_ARTIFACT,de_DE,in_game_wiki,176,1366.8,612.0,75.6,620.0,3,5,1.086,,C:/hades/Hecton8/Docs/Lore/AppliedContent/packets/RS082_DEEP_REACH_ARTIFACT_MEMO_PACK.packets.json
RS082_DEEP_REACH_ARTIFACT_MEMO_PACK,P406_VARNEK_MARGIN_ACCEPTANCE_MEMO_ARTIFACT,de_DE,external_site,128,1028.48,658.24,85.76,680.0,2,4,1.127,,C:/hades/Hecton8/Docs/Lore/AppliedContent/packets/RS082_DEEP_REACH_ARTIFACT_MEMO_PACK.packets.json
RS082_DEEP_REACH_ARTIFACT_MEMO_PACK,P406_VARNEK_MARGIN_ACCEPTANCE_MEMO_ARTIFACT,de_DE,field_note,65,468.16,468.16,63.28,560.0,1,3,1.275,,C:/hades/Hecton8/Docs/Lore/AppliedContent/packets/RS082_DEEP_REACH_ARTIFACT_MEMO_PACK.packets.json
RS082_DEEP_REACH_ARTIFACT_MEMO_PACK,P406_VARNEK_MARGIN_ACCEPTANCE_MEMO_ARTIFACT,pl_PL,title,26,255.6,255.6,62.28,360.0,1,1,1.426,TEXT_EXPANSION_GT_1_35,C:/hades/Hecton8/Docs/Lore/AppliedContent/packets/RS082_DEEP_REACH_ARTIFACT_MEMO_PACK.packets.json
RS082_DEEP_REACH_ARTIFACT_MEMO_PACK,P406_VARNEK_MARGIN_ACCEPTANCE_MEMO_ARTIFACT,pl_PL,scanner,98,807.36,434.88,72.0,460.0,2,2,1.167,,C:/hades/Hecton8/Docs/Lore/AppliedContent/packets/RS082_DEEP_REACH_ARTIFACT_MEMO_PACK.packets.json
RS082_DEEP_REACH_ARTIFACT_MEMO_PACK,P406_VARNEK_MARGIN_ACCEPTANCE_MEMO_ARTIFACT,pl_PL,terminal,83,644.4,518.7,80.7,520.0,2,2,1.11,,C:/hades/Hecton8/Docs/Lore/AppliedContent/packets/RS082_DEEP_REACH_ARTIFACT_MEMO_PACK.packets.json
RS082_DEEP_REACH_ARTIFACT_MEMO_PACK,P406_VARNEK_MARGIN_ACCEPTANCE_MEMO_ARTIFACT,pl_PL,audio,64,597.6,597.6,65.52,620.0,1,2,1.278,,C:/hades/Hecton8/Docs/Lore/AppliedContent/packets/RS082_DEEP_REACH_ARTIFACT_MEMO_PACK.packets.json
RS082_DEEP_REACH_ARTIFACT_MEMO_PACK,P406_VARNEK_MARGIN_ACCEPTANCE_MEMO_ARTIFACT,pl_PL,in_game_wiki,176,1366.8,612.0,75.6,620.0,3,5,1.086,,C:/hades/Hecton8/Docs/Lore/AppliedContent/packets/RS082_DEEP_REACH_ARTIFACT_MEMO_PACK.packets.json
RS082_DEEP_REACH_ARTIFACT_MEMO_PACK,P406_VARNEK_MARGIN_ACCEPTANCE_MEMO_ARTIFACT,pl_PL,external_site,128,1028.48,658.24,85.76,680.0,2,4,1.127,,C:/hades/Hecton8/Docs/Lore/AppliedContent/packets/RS082_DEEP_REACH_ARTIFACT_MEMO_PACK.packets.json
RS082_DEEP_REACH_ARTIFACT_MEMO_PACK,P406_VARNEK_MARGIN_ACCEPTANCE_MEMO_ARTIFACT,pl_PL,field_note,65,468.16,468.16,63.28,560.0,1,3,1.275,,C:/hades/Hecton8/Docs/Lore/AppliedContent/packets/RS082_DEEP_REACH_ARTIFACT_MEMO_PACK.packets.json
RS082_DEEP_REACH_ARTIFACT_MEMO_PACK,P406_VARNEK_MARGIN_ACCEPTANCE_MEMO_ARTIFACT,uk_UA,title,26,255.6,255.6,62.28,360.0,1,1,1.426,TEXT_EXPANSION_GT_1_35,C:/hades/Hecton8/Docs/Lore/AppliedContent/packets/RS082_DEEP_REACH_ARTIFACT_MEMO_PACK.packets.json
RS082_DEEP_REACH_ARTIFACT_MEMO_PACK,P406_VARNEK_MARGIN_ACCEPTANCE_MEMO_ARTIFACT,uk_UA,scanner,98,807.36,434.88,72.0,460.0,2,2,1.167,,C:/hades/Hecton8/Docs/Lore/AppliedContent/packets/RS082_DEEP_REACH_ARTIFACT_MEMO_PACK.packets.json
RS082_DEEP_REACH_ARTIFACT_MEMO_PACK,P406_VARNEK_MARGIN_ACCEPTANCE_MEMO_ARTIFACT,uk_UA,terminal,83,644.4,518.7,80.7,520.0,2,2,1.11,,C:/hades/Hecton8/Docs/Lore/AppliedContent/packets/RS082_DEEP_REACH_ARTIFACT_MEMO_PACK.packets.json
RS082_DEEP_REACH_ARTIFACT_MEMO_PACK,P406_VARNEK_MARGIN_ACCEPTANCE_MEMO_ARTIFACT,uk_UA,audio,64,597.6,597.6,65.52,620.0,1,2,1.278,,C:/hades/Hecton8/Docs/Lore/AppliedContent/packets/RS082_DEEP_REACH_ARTIFACT_MEMO_PACK.packets.json
RS082_DEEP_REACH_ARTIFACT_MEMO_PACK,P406_VARNEK_MARGIN_ACCEPTANCE_MEMO_ARTIFACT,uk_UA,in_game_wiki,176,1366.8,612.0,75.6,620.0,3,5,1.086,,C:/hades/Hecton8/Docs/Lore/AppliedContent/packets/RS082_DEEP_REACH_ARTIFACT_MEMO_PACK.packets.json
RS082_DEEP_REACH_ARTIFACT_MEMO_PACK,P406_VARNEK_MARGIN_ACCEPTANCE_MEMO_ARTIFACT,uk_UA,external_site,128,1028.48,658.24,85.76,680.0,2,4,1.127,,C:/hades/Hecton8/Docs/Lore/AppliedContent/packets/RS082_DEEP_REACH_ARTIFACT_MEMO_PACK.packets.json
RS082_DEEP_REACH_ARTIFACT_MEMO_PACK,P406_VARNEK_MARGIN_ACCEPTANCE_MEMO_ARTIFACT,uk_UA,field_note,65,468.16,468.16,63.28,560.0,1,3,1.275,,C:/hades/Hecton8/Docs/Lore/AppliedContent/packets/RS082_DEEP_REACH_ARTIFACT_MEMO_PACK.packets.json
RS082_DEEP_REACH_ARTIFACT_MEMO_PACK,P406_VARNEK_MARGIN_ACCEPTANCE_MEMO_ARTIFACT,ar_SA,title,26,255.6,255.6,62.28,360.0,1,1,1.426,TEXT_EXPANSION_GT_1_35,C:/hades/Hecton8/Docs/Lore/AppliedContent/packets/RS082_DEEP_REACH_ARTIFACT_MEMO_PACK.packets.json
RS082_DEEP_REACH_ARTIFACT_MEMO_PACK,P406_VARNEK_MARGIN_ACCEPTANCE_MEMO_ARTIFACT,ar_SA,scanner,98,807.36,434.88,72.0,460.0,2,2,1.167,,C:/hades/Hecton8/Docs/Lore/AppliedContent/packets/RS082_DEEP_REACH_ARTIFACT_MEMO_PACK.packets.json
RS082_DEEP_REACH_ARTIFACT_MEMO_PACK,P406_VARNEK_MARGIN_ACCEPTANCE_MEMO_ARTIFACT,ar_SA,terminal,83,644.4,518.7,80.7,520.0,2,2,1.11,,C:/hades/Hecton8/Docs/Lore/AppliedContent/packets/RS082_DEEP_REACH_ARTIFACT_MEMO_PACK.packets.json
RS082_DEEP_REACH_ARTIFACT_MEMO_PACK,P406_VARNEK_MARGIN_ACCEPTANCE_MEMO_ARTIFACT,ar_SA,audio,64,597.6,597.6,65.52,620.0,1,2,1.278,,C:/hades/Hecton8/Docs/Lore/AppliedContent/packets/RS082_DEEP_REACH_ARTIFACT_MEMO_PACK.packets.json
RS082_DEEP_REACH_ARTIFACT_MEMO_PACK,P406_VARNEK_MARGIN_ACCEPTANCE_MEMO_ARTIFACT,ar_SA,in_game_wiki,176,1366.8,612.0,75.6,620.0,3,5,1.086,,C:/hades/Hecton8/Docs/Lore/AppliedContent/packets/RS082_DEEP_REACH_ARTIFACT_MEMO_PACK.packets.json
RS082_DEEP_REACH_ARTIFACT_MEMO_PACK,P406_VARNEK_MARGIN_ACCEPTANCE_MEMO_ARTIFACT,ar_SA,external_site,128,1028.48,658.24,85.76,680.0,2,4,1.127,,C:/hades/Hecton8/Docs/Lore/AppliedContent/packets/RS082_DEEP_REACH_ARTIFACT_MEMO_PACK.packets.json
RS082_DEEP_REACH_ARTIFACT_MEMO_PACK,P406_VARNEK_MARGIN_ACCEPTANCE_MEMO_ARTIFACT,ar_SA,field_note,65,468.16,468.16,63.28,560.0,1,3,1.275,,C:/hades/Hecton8/Docs/Lore/AppliedContent/packets/RS082_DEEP_REACH_ARTIFACT_MEMO_PACK.packets.json
RS082_DEEP_REACH_ARTIFACT_MEMO_PACK,P406_VARNEK_MARGIN_ACCEPTANCE_MEMO_ARTIFACT,id_ID,title,26,255.6,255.6,62.28,360.0,1,1,1.426,TEXT_EXPANSION_GT_1_35,C:/hades/Hecton8/Docs/Lore/AppliedContent/packets/RS082_DEEP_REACH_ARTIFACT_MEMO_PACK.packets.json
RS082_DEEP_REACH_ARTIFACT_MEMO_PACK,P406_VARNEK_MARGIN_ACCEPTANCE_MEMO_ARTIFACT,id_ID,scanner,98,807.36,434.88,72.0,460.0,2,2,1.167,,C:/hades/Hecton8/Docs/Lore/AppliedContent/packets/RS082_DEEP_REACH_ARTIFACT_MEMO_PACK.packets.json
RS082_DEEP_REACH_ARTIFACT_MEMO_PACK,P406_VARNEK_MARGIN_ACCEPTANCE_MEMO_ARTIFACT,id_ID,terminal,83,644.4,518.7,80.7,520.0,2,2,1.11,,C:/hades/Hecton8/Docs/Lore/AppliedContent/packets/RS082_DEEP_REACH_ARTIFACT_MEMO_PACK.packets.json
RS082_DEEP_REACH_ARTIFACT_MEMO_PACK,P406_VARNEK_MARGIN_ACCEPTANCE_MEMO_ARTIFACT,id_ID,audio,64,597.6,597.6,65.52,620.0,1,2,1.278,,C:/hades/Hecton8/Docs/Lore/AppliedContent/packets/RS082_DEEP_REACH_ARTIFACT_MEMO_PACK.packets.json
RS082_DEEP_REACH_ARTIFACT_MEMO_PACK,P406_VARNEK_MARGIN_ACCEPTANCE_MEMO_ARTIFACT,id_ID,in_game_wiki,176,1366.8,612.0,75.6,620.0,3,5,1.086,,C:/hades/Hecton8/Docs/Lore/AppliedContent/packets/RS082_DEEP_REACH_ARTIFACT_MEMO_PACK.packets.json
RS082_DEEP_REACH_ARTIFACT_MEMO_PACK,P406_VARNEK_MARGIN_ACCEPTANCE_MEMO_ARTIFACT,id_ID,external_site,128,1028.48,658.24,85.76,680.0,2,4,1.127,,C:/hades/Hecton8/Docs/Lore/AppliedContent/packets/RS082_DEEP_REACH_ARTIFACT_MEMO_PACK.packets.json
RS082_DEEP_REACH_ARTIFACT_MEMO_PACK,P406_VARNEK_MARGIN_ACCEPTANCE_MEMO_ARTIFACT,id_ID,field_note,65,468.16,468.16,63.28,560.0,1,3,1.275,,C:/hades/Hecton8/Docs/Lore/AppliedContent/packets/RS082_DEEP_REACH_ARTIFACT_MEMO_PACK.packets.json
RS082_DEEP_REACH_ARTIFACT_MEMO_PACK,P406_VARNEK_MARGIN_ACCEPTANCE_MEMO_ARTIFACT,ko_KR,title,26,255.6,255.6,62.28,360.0,1,1,1.426,TEXT_EXPANSION_GT_1_35,C:/hades/Hecton8/Docs/Lore/AppliedContent/packets/RS082_DEEP_REACH_ARTIFACT_MEMO_PACK.packets.json
RS082_DEEP_REACH_ARTIFACT_MEMO_PACK,P406_VARNEK_MARGIN_ACCEPTANCE_MEMO_ARTIFACT,ko_KR,scanner,98,807.36,434.88,72.0,460.0,2,2,1.167,,C:/hades/Hecton8/Docs/Lore/AppliedContent/packets/RS082_DEEP_REACH_ARTIFACT_MEMO_PACK.packets.json
RS082_DEEP_REACH_ARTIFACT_MEMO_PACK,P406_VARNEK_MARGIN_ACCEPTANCE_MEMO_ARTIFACT,ko_KR,terminal,83,644.4,518.7,80.7,520.0,2,2,1.11,,C:/hades/Hecton8/Docs/Lore/AppliedContent/packets/RS082_DEEP_REACH_ARTIFACT_MEMO_PACK.packets.json
RS082_DEEP_REACH_ARTIFACT_MEMO_PACK,P406_VARNEK_MARGIN_ACCEPTANCE_MEMO_ARTIFACT,ko_KR,audio,64,597.6,597.6,65.52,620.0,1,2,1.278,,C:/hades/Hecton8/Docs/Lore/AppliedContent/packets/RS082_DEEP_REACH_ARTIFACT_MEMO_PACK.packets.json
RS082_DEEP_REACH_ARTIFACT_MEMO_PACK,P406_VARNEK_MARGIN_ACCEPTANCE_MEMO_ARTIFACT,ko_KR,in_game_wiki,176,1366.8,612.0,75.6,620.0,3,5,1.086,,C:/hades/Hecton8/Docs/Lore/AppliedContent/packets/RS082_DEEP_REACH_ARTIFACT_MEMO_PACK.packets.json
RS082_DEEP_REACH_ARTIFACT_MEMO_PACK,P406_VARNEK_MARGIN_ACCEPTANCE_MEMO_ARTIFACT,ko_KR,external_site,128,1028.48,658.24,85.76,680.0,2,4,1.127,,C:/hades/Hecton8/Docs/Lore/AppliedContent/packets/RS082_DEEP_REACH_ARTIFACT_MEMO_PACK.packets.json
RS082_DEEP_REACH_ARTIFACT_MEMO_PACK,P406_VARNEK_MARGIN_ACCEPTANCE_MEMO_ARTIFACT,ko_KR,field_note,65,468.16,468.16,63.28,560.0,1,3,1.275,,C:/hades/Hecton8/Docs/Lore/AppliedContent/packets/RS082_DEEP_REACH_ARTIFACT_MEMO_PACK.packets.json
RS082_DEEP_REACH_ARTIFACT_MEMO_PACK,P406_VARNEK_MARGIN_ACCEPTANCE_MEMO_ARTIFACT,he_IL,title,26,255.6,255.6,62.28,360.0,1,1,1.426,TEXT_EXPANSION_GT_1_35,C:/hades/Hecton8/Docs/Lore/AppliedContent/packets/RS082_DEEP_REACH_ARTIFACT_MEMO_PACK.packets.json
RS082_DEEP_REACH_ARTIFACT_MEMO_PACK,P406_VARNEK_MARGIN_ACCEPTANCE_MEMO_ARTIFACT,he_IL,scanner,98,807.36,434.88,72.0,460.0,2,2,1.167,,C:/hades/Hecton8/Docs/Lore/AppliedContent/packets/RS082_DEEP_REACH_ARTIFACT_MEMO_PACK.packets.json
RS082_DEEP_REACH_ARTIFACT_MEMO_PACK,P406_VARNEK_MARGIN_ACCEPTANCE_MEMO_ARTIFACT,he_IL,terminal,83,644.4,518.7,80.7,520.0,2,2,1.11,,C:/hades/Hecton8/Docs/Lore/AppliedContent/packets/RS082_DEEP_REACH_ARTIFACT_MEMO_PACK.packets.json
RS082_DEEP_REACH_ARTIFACT_MEMO_PACK,P406_VARNEK_MARGIN_ACCEPTANCE_MEMO_ARTIFACT,he_IL,audio,64,597.6,597.6,65.52,620.0,1,2,1.278,,C:/hades/Hecton8/Docs/Lore/AppliedContent/packets/RS082_DEEP_REACH_ARTIFACT_MEMO_PACK.packets.json
RS082_DEEP_REACH_ARTIFACT_MEMO_PACK,P406_VARNEK_MARGIN_ACCEPTANCE_MEMO_ARTIFACT,he_IL,in_game_wiki,176,1366.8,612.0,75.6,620.0,3,5,1.086,,C:/hades/Hecton8/Docs/Lore/AppliedContent/packets/RS082_DEEP_REACH_ARTIFACT_MEMO_PACK.packets.json
RS082_DEEP_REACH_ARTIFACT_MEMO_PACK,P406_VARNEK_MARGIN_ACCEPTANCE_MEMO_ARTIFACT,he_IL,external_site,128,1028.48,658.24,85.76,680.0,2,4,1.127,,C:/hades/Hecton8/Docs/Lore/AppliedContent/packets/RS082_DEEP_REACH_ARTIFACT_MEMO_PACK.packets.json
RS082_DEEP_REACH_ARTIFACT_MEMO_PACK,P406_VARNEK_MARGIN_ACCEPTANCE_MEMO_ARTIFACT,he_IL,field_note,65,468.16,468.16,63.28,560.0,1,3,1.275,,C:/hades/Hecton8/Docs/Lore/AppliedContent/packets/RS082_DEEP_REACH_ARTIFACT_MEMO_PACK.packets.json
RS082_DEEP_REACH_ARTIFACT_MEMO_PACK,P406_VARNEK_MARGIN_ACCEPTANCE_MEMO_ARTIFACT,pt_BR,title,29,285.48,285.48,62.28,360.0,1,1,1.592,TEXT_EXPANSION_GT_1_35,C:/hades/Hecton8/Docs/Lore/AppliedContent/packets/RS082_DEEP_REACH_ARTIFACT_MEMO_PACK.packets.json
RS082_DEEP_REACH_ARTIFACT_MEMO_PACK,P406_VARNEK_MARGIN_ACCEPTANCE_MEMO_ARTIFACT,pt_BR,scanner,98,807.36,434.88,72.0,460.0,2,2,1.167,,C:/hades/Hecton8/Docs/Lore/AppliedContent/packets/RS082_DEEP_REACH_ARTIFACT_MEMO_PACK.packets.json
RS082_DEEP_REACH_ARTIFACT_MEMO_PACK,P406_VARNEK_MARGIN_ACCEPTANCE_MEMO_ARTIFACT,pt_BR,terminal,86,669.3,521.7,80.7,520.0,2,2,1.152,,C:/hades/Hecton8/Docs/Lore/AppliedContent/packets/RS082_DEEP_REACH_ARTIFACT_MEMO_PACK.packets.json
RS082_DEEP_REACH_ARTIFACT_MEMO_PACK,P406_VARNEK_MARGIN_ACCEPTANCE_MEMO_ARTIFACT,pt_BR,audio,64,597.6,597.6,65.52,620.0,1,2,1.278,,C:/hades/Hecton8/Docs/Lore/AppliedContent/packets/RS082_DEEP_REACH_ARTIFACT_MEMO_PACK.packets.json
RS082_DEEP_REACH_ARTIFACT_MEMO_PACK,P406_VARNEK_MARGIN_ACCEPTANCE_MEMO_ARTIFACT,pt_BR,in_game_wiki,176,1366.8,612.0,75.6,620.0,3,5,1.086,,C:/hades/Hecton8/Docs/Lore/AppliedContent/packets/RS082_DEEP_REACH_ARTIFACT_MEMO_PACK.packets.json
RS082_DEEP_REACH_ARTIFACT_MEMO_PACK,P406_VARNEK_MARGIN_ACCEPTANCE_MEMO_ARTIFACT,pt_BR,external_site,128,1028.48,658.24,85.76,680.0,2,4,1.127,,C:/hades/Hecton8/Docs/Lore/AppliedContent/packets/RS082_DEEP_REACH_ARTIFACT_MEMO_PACK.packets.json
RS082_DEEP_REACH_ARTIFACT_MEMO_PACK,P406_VARNEK_MARGIN_ACCEPTANCE_MEMO_ARTIFACT,pt_BR,field_note,65,468.16,468.16,63.28,560.0,1,3,1.275,,C:/hades/Hecton8/Docs/Lore/AppliedContent/packets/RS082_DEEP_REACH_ARTIFACT_MEMO_PACK.packets.json
RS082_DEEP_REACH_ARTIFACT_MEMO_PACK,P406_VARNEK_MARGIN_ACCEPTANCE_MEMO_ARTIFACT,nl_NL,title,26,255.6,255.6,62.28,360.0,1,1,1.426,TEXT_EXPANSION_GT_1_35,C:/hades/Hecton8/Docs/Lore/AppliedContent/packets/RS082_DEEP_REACH_ARTIFACT_MEMO_PACK.packets.json
RS082_DEEP_REACH_ARTIFACT_MEMO_PACK,P406_VARNEK_MARGIN_ACCEPTANCE_MEMO_ARTIFACT,nl_NL,scanner,98,807.36,434.88,72.0,460.0,2,2,1.167,,C:/hades/Hecton8/Docs/Lore/AppliedContent/packets/RS082_DEEP_REACH_ARTIFACT_MEMO_PACK.packets.json
RS082_DEEP_REACH_ARTIFACT_MEMO_PACK,P406_VARNEK_MARGIN_ACCEPTANCE_MEMO_ARTIFACT,nl_NL,terminal,83,644.4,518.7,80.7,520.0,2,2,1.11,,C:/hades/Hecton8/Docs/Lore/AppliedContent/packets/RS082_DEEP_REACH_ARTIFACT_MEMO_PACK.packets.json
RS082_DEEP_REACH_ARTIFACT_MEMO_PACK,P406_VARNEK_MARGIN_ACCEPTANCE_MEMO_ARTIFACT,nl_NL,audio,64,597.6,597.6,65.52,620.0,1,2,1.278,,C:/hades/Hecton8/Docs/Lore/AppliedContent/packets/RS082_DEEP_REACH_ARTIFACT_MEMO_PACK.packets.json
RS082_DEEP_REACH_ARTIFACT_MEMO_PACK,P406_VARNEK_MARGIN_ACCEPTANCE_MEMO_ARTIFACT,nl_NL,in_game_wiki,176,1366.8,612.0,75.6,620.0,3,5,1.086,,C:/hades/Hecton8/Docs/Lore/AppliedContent/packets/RS082_DEEP_REACH_ARTIFACT_MEMO_PACK.packets.json
RS082_DEEP_REACH_ARTIFACT_MEMO_PACK,P406_VARNEK_MARGIN_ACCEPTANCE_MEMO_ARTIFACT,nl_NL,external_site,128,1028.48,658.24,85.76,680.0,2,4,1.127,,C:/hades/Hecton8/Docs/Lore/AppliedContent/packets/RS082_DEEP_REACH_ARTIFACT_MEMO_PACK.packets.json
RS082_DEEP_REACH_ARTIFACT_MEMO_PACK,P406_VARNEK_MARGIN_ACCEPTANCE_MEMO_ARTIFACT,nl_NL,field_note,65,468.16,468.16,63.28,560.0,1,3,1.275,,C:/hades/Hecton8/Docs/Lore/AppliedContent/packets/RS082_DEEP_REACH_ARTIFACT_MEMO_PACK.packets.json
RS082_DEEP_REACH_ARTIFACT_MEMO_PACK,P407_ARENDT_ATLAS_WEIGHTING_WAIVER_ARTIFACT,en_US,title,19,180.36,180.36,62.28,360.0,1,1,1.0,,C:/hades/Hecton8/Docs/Lore/AppliedContent/packets/RS082_DEEP_REACH_ARTIFACT_MEMO_PACK.packets.json
RS082_DEEP_REACH_ARTIFACT_MEMO_PACK,P407_ARENDT_ATLAS_WEIGHTING_WAIVER_ARTIFACT,en_US,scanner,82,677.44,427.2,86.08,460.0,2,2,1.0,,C:/hades/Hecton8/Docs/Lore/AppliedContent/packets/RS082_DEEP_REACH_ARTIFACT_MEMO_PACK.packets.json
RS082_DEEP_REACH_ARTIFACT_MEMO_PACK,P407_ARENDT_ATLAS_WEIGHTING_WAIVER_ARTIFACT,en_US,terminal,83,649.8,487.2,98.4,520.0,2,2,1.0,,C:/hades/Hecton8/Docs/Lore/AppliedContent/packets/RS082_DEEP_REACH_ARTIFACT_MEMO_PACK.packets.json
RS082_DEEP_REACH_ARTIFACT_MEMO_PACK,P407_ARENDT_ATLAS_WEIGHTING_WAIVER_ARTIFACT,en_US,audio,62,566.28,566.28,101.16,620.0,1,2,1.0,,C:/hades/Hecton8/Docs/Lore/AppliedContent/packets/RS082_DEEP_REACH_ARTIFACT_MEMO_PACK.packets.json
RS082_DEEP_REACH_ARTIFACT_MEMO_PACK,P407_ARENDT_ATLAS_WEIGHTING_WAIVER_ARTIFACT,en_US,in_game_wiki,190,1458.6,604.5,114.0,620.0,3,5,1.0,,C:/hades/Hecton8/Docs/Lore/AppliedContent/packets/RS082_DEEP_REACH_ARTIFACT_MEMO_PACK.packets.json
RS082_DEEP_REACH_ARTIFACT_MEMO_PACK,P407_ARENDT_ATLAS_WEIGHTING_WAIVER_ARTIFACT,en_US,external_site,131,1074.88,680.32,81.92,680.0,2,4,1.0,,C:/hades/Hecton8/Docs/Lore/AppliedContent/packets/RS082_DEEP_REACH_ARTIFACT_MEMO_PACK.packets.json
RS082_DEEP_REACH_ARTIFACT_MEMO_PACK,P407_ARENDT_ATLAS_WEIGHTING_WAIVER_ARTIFACT,en_US,field_note,53,382.48,382.48,111.44,560.0,1,3,1.0,,C:/hades/Hecton8/Docs/Lore/AppliedContent/packets/RS082_DEEP_REACH_ARTIFACT_MEMO_PACK.packets.json
RS082_DEEP_REACH_ARTIFACT_MEMO_PACK,P407_ARENDT_ATLAS_WEIGHTING_WAIVER_ARTIFACT,ru_RU,title,18,177.12,177.12,117.72,360.0,1,1,0.982,,C:/hades/Hecton8/Docs/Lore/AppliedContent/packets/RS082_DEEP_REACH_ARTIFACT_MEMO_PACK.packets.json
RS082_DEEP_REACH_ARTIFACT_MEMO_PACK,P407_ARENDT_ATLAS_WEIGHTING_WAIVER_ARTIFACT,ru_RU,scanner,86,741.12,460.8,124.8,460.0,2,2,1.094,,C:/hades/Hecton8/Docs/Lore/AppliedContent/packets/RS082_DEEP_REACH_ARTIFACT_MEMO_PACK.packets.json
RS082_DEEP_REACH_ARTIFACT_MEMO_PACK,P407_ARENDT_ATLAS_WEIGHTING_WAIVER_ARTIFACT,ru_RU,terminal,70,585.0,476.7,113.1,520.0,2,2,0.9,,C:/hades/Hecton8/Docs/Lore/AppliedContent/packets/RS082_DEEP_REACH_ARTIFACT_MEMO_PACK.packets.json
RS082_DEEP_REACH_ARTIFACT_MEMO_PACK,P407_ARENDT_ATLAS_WEIGHTING_WAIVER_ARTIFACT,ru_RU,audio,59,572.04,572.04,109.08,620.0,1,2,1.01,,C:/hades/Hecton8/Docs/Lore/AppliedContent/packets/RS082_DEEP_REACH_ARTIFACT_MEMO_PACK.packets.json
RS082_DEEP_REACH_ARTIFACT_MEMO_PACK,P407_ARENDT_ATLAS_WEIGHTING_WAIVER_ARTIFACT,ru_RU,in_game_wiki,164,1335.3,568.5,125.7,620.0,3,5,0.915,,C:/hades/Hecton8/Docs/Lore/AppliedContent/packets/RS082_DEEP_REACH_ARTIFACT_MEMO_PACK.packets.json
RS082_DEEP_REACH_ARTIFACT_MEMO_PACK,P407_ARENDT_ATLAS_WEIGHTING_WAIVER_ARTIFACT,ru_RU,external_site,110,951.36,676.16,120.64,680.0,2,4,0.885,,C:/hades/Hecton8/Docs/Lore/AppliedContent/packets/RS082_DEEP_REACH_ARTIFACT_MEMO_PACK.packets.json
RS082_DEEP_REACH_ARTIFACT_MEMO_PACK,P407_ARENDT_ATLAS_WEIGHTING_WAIVER_ARTIFACT,ru_RU,field_note,66,495.04,495.04,98.28,560.0,1,3,1.294,,C:/hades/Hecton8/Docs/Lore/AppliedContent/packets/RS082_DEEP_REACH_ARTIFACT_MEMO_PACK.packets.json
RS082_DEEP_REACH_ARTIFACT_MEMO_PACK,P407_ARENDT_ATLAS_WEIGHTING_WAIVER_ARTIFACT,ja_JP,title,27,256.68,256.68,62.28,360.0,1,1,1.423,TEXT_EXPANSION_GT_1_35,C:/hades/Hecton8/Docs/Lore/AppliedContent/packets/RS082_DEEP_REACH_ARTIFACT_MEMO_PACK.packets.json
RS082_DEEP_REACH_ARTIFACT_MEMO_PACK,P407_ARENDT_ATLAS_WEIGHTING_WAIVER_ARTIFACT,ja_JP,scanner,95,792.96,418.24,86.08,460.0,2,2,1.171,,C:/hades/Hecton8/Docs/Lore/AppliedContent/packets/RS082_DEEP_REACH_ARTIFACT_MEMO_PACK.packets.json
RS082_DEEP_REACH_ARTIFACT_MEMO_PACK,P407_ARENDT_ATLAS_WEIGHTING_WAIVER_ARTIFACT,ja_JP,terminal,91,713.4,510.9,98.4,520.0,2,2,1.098,,C:/hades/Hecton8/Docs/Lore/AppliedContent/packets/RS082_DEEP_REACH_ARTIFACT_MEMO_PACK.packets.json
RS082_DEEP_REACH_ARTIFACT_MEMO_PACK,P407_ARENDT_ATLAS_WEIGHTING_WAIVER_ARTIFACT,ja_JP,audio,75,696.24,600.12,101.16,620.0,2,2,1.229,,C:/hades/Hecton8/Docs/Lore/AppliedContent/packets/RS082_DEEP_REACH_ARTIFACT_MEMO_PACK.packets.json
RS082_DEEP_REACH_ARTIFACT_MEMO_PACK,P407_ARENDT_ATLAS_WEIGHTING_WAIVER_ARTIFACT,ja_JP,in_game_wiki,203,1566.9,621.3,114.0,620.0,3,5,1.074,,C:/hades/Hecton8/Docs/Lore/AppliedContent/packets/RS082_DEEP_REACH_ARTIFACT_MEMO_PACK.packets.json
RS082_DEEP_REACH_ARTIFACT_MEMO_PACK,P407_ARENDT_ATLAS_WEIGHTING_WAIVER_ARTIFACT,ja_JP,external_site,144,1190.4,657.92,81.92,680.0,2,4,1.107,,C:/hades/Hecton8/Docs/Lore/AppliedContent/packets/RS082_DEEP_REACH_ARTIFACT_MEMO_PACK.packets.json
RS082_DEEP_REACH_ARTIFACT_MEMO_PACK,P407_ARENDT_ATLAS_WEIGHTING_WAIVER_ARTIFACT,ja_JP,field_note,66,483.56,483.56,111.44,560.0,1,3,1.264,,C:/hades/Hecton8/Docs/Lore/AppliedContent/packets/RS082_DEEP_REACH_ARTIFACT_MEMO_PACK.packets.json
RS082_DEEP_REACH_ARTIFACT_MEMO_PACK,P407_ARENDT_ATLAS_WEIGHTING_WAIVER_ARTIFACT,zh_CN,title,27,256.68,256.68,62.28,360.0,1,1,1.423,TEXT_EXPANSION_GT_1_35,C:/hades/Hecton8/Docs/Lore/AppliedContent/packets/RS082_DEEP_REACH_ARTIFACT_MEMO_PACK.packets.json
RS082_DEEP_REACH_ARTIFACT_MEMO_PACK,P407_ARENDT_ATLAS_WEIGHTING_WAIVER_ARTIFACT,zh_CN,scanner,95,792.96,418.24,86.08,460.0,2,2,1.171,,C:/hades/Hecton8/Docs/Lore/AppliedContent/packets/RS082_DEEP_REACH_ARTIFACT_MEMO_PACK.packets.json
RS082_DEEP_REACH_ARTIFACT_MEMO_PACK,P407_ARENDT_ATLAS_WEIGHTING_WAIVER_ARTIFACT,zh_CN,terminal,91,713.4,510.9,98.4,520.0,2,2,1.098,,C:/hades/Hecton8/Docs/Lore/AppliedContent/packets/RS082_DEEP_REACH_ARTIFACT_MEMO_PACK.packets.json
RS082_DEEP_REACH_ARTIFACT_MEMO_PACK,P407_ARENDT_ATLAS_WEIGHTING_WAIVER_ARTIFACT,zh_CN,audio,75,696.24,600.12,101.16,620.0,2,2,1.229,,C:/hades/Hecton8/Docs/Lore/AppliedContent/packets/RS082_DEEP_REACH_ARTIFACT_MEMO_PACK.packets.json
RS082_DEEP_REACH_ARTIFACT_MEMO_PACK,P407_ARENDT_ATLAS_WEIGHTING_WAIVER_ARTIFACT,zh_CN,in_game_wiki,203,1566.9,621.3,114.0,620.0,3,5,1.074,,C:/hades/Hecton8/Docs/Lore/AppliedContent/packets/RS082_DEEP_REACH_ARTIFACT_MEMO_PACK.packets.json
RS082_DEEP_REACH_ARTIFACT_MEMO_PACK,P407_ARENDT_ATLAS_WEIGHTING_WAIVER_ARTIFACT,zh_CN,external_site,144,1190.4,657.92,81.92,680.0,2,4,1.107,,C:/hades/Hecton8/Docs/Lore/AppliedContent/packets/RS082_DEEP_REACH_ARTIFACT_MEMO_PACK.packets.json
RS082_DEEP_REACH_ARTIFACT_MEMO_PACK,P407_ARENDT_ATLAS_WEIGHTING_WAIVER_ARTIFACT,zh_CN,field_note,66,483.56,483.56,111.44,560.0,1,3,1.264,,C:/hades/Hecton8/Docs/Lore/AppliedContent/packets/RS082_DEEP_REACH_ARTIFACT_MEMO_PACK.packets.json
RS082_DEEP_REACH_ARTIFACT_MEMO_PACK,P407_ARENDT_ATLAS_WEIGHTING_WAIVER_ARTIFACT,fr_FR,title,27,256.68,256.68,62.28,360.0,1,1,1.423,TEXT_EXPANSION_GT_1_35,C:/hades/Hecton8/Docs/Lore/AppliedContent/packets/RS082_DEEP_REACH_ARTIFACT_MEMO_PACK.packets.json
RS082_DEEP_REACH_ARTIFACT_MEMO_PACK,P407_ARENDT_ATLAS_WEIGHTING_WAIVER_ARTIFACT,fr_FR,scanner,95,792.96,418.24,86.08,460.0,2,2,1.171,,C:/hades/Hecton8/Docs/Lore/AppliedContent/packets/RS082_DEEP_REACH_ARTIFACT_MEMO_PACK.packets.json
RS082_DEEP_REACH_ARTIFACT_MEMO_PACK,P407_ARENDT_ATLAS_WEIGHTING_WAIVER_ARTIFACT,fr_FR,terminal,91,713.4,510.9,98.4,520.0,2,2,1.098,,C:/hades/Hecton8/Docs/Lore/AppliedContent/packets/RS082_DEEP_REACH_ARTIFACT_MEMO_PACK.packets.json
RS082_DEEP_REACH_ARTIFACT_MEMO_PACK,P407_ARENDT_ATLAS_WEIGHTING_WAIVER_ARTIFACT,fr_FR,audio,75,696.24,600.12,101.16,620.0,2,2,1.229,,C:/hades/Hecton8/Docs/Lore/AppliedContent/packets/RS082_DEEP_REACH_ARTIFACT_MEMO_PACK.packets.json
RS082_DEEP_REACH_ARTIFACT_MEMO_PACK,P407_ARENDT_ATLAS_WEIGHTING_WAIVER_ARTIFACT,fr_FR,in_game_wiki,203,1566.9,621.3,114.0,620.0,3,5,1.074,,C:/hades/Hecton8/Docs/Lore/AppliedContent/packets/RS082_DEEP_REACH_ARTIFACT_MEMO_PACK.packets.json
RS082_DEEP_REACH_ARTIFACT_MEMO_PACK,P407_ARENDT_ATLAS_WEIGHTING_WAIVER_ARTIFACT,fr_FR,external_site,144,1190.4,657.92,81.92,680.0,2,4,1.107,,C:/hades/Hecton8/Docs/Lore/AppliedContent/packets/RS082_DEEP_REACH_ARTIFACT_MEMO_PACK.packets.json
RS082_DEEP_REACH_ARTIFACT_MEMO_PACK,P407_ARENDT_ATLAS_WEIGHTING_WAIVER_ARTIFACT,fr_FR,field_note,66,483.56,483.56,111.44,560.0,1,3,1.264,,C:/hades/Hecton8/Docs/Lore/AppliedContent/packets/RS082_DEEP_REACH_ARTIFACT_MEMO_PACK.packets.json
RS082_DEEP_REACH_ARTIFACT_MEMO_PACK,P407_ARENDT_ATLAS_WEIGHTING_WAIVER_ARTIFACT,es_ES,title,27,256.68,256.68,62.28,360.0,1,1,1.423,TEXT_EXPANSION_GT_1_35,C:/hades/Hecton8/Docs/Lore/AppliedContent/packets/RS082_DEEP_REACH_ARTIFACT_MEMO_PACK.packets.json
RS082_DEEP_REACH_ARTIFACT_MEMO_PACK,P407_ARENDT_ATLAS_WEIGHTING_WAIVER_ARTIFACT,es_ES,scanner,95,792.96,418.24,86.08,460.0,2,2,1.171,,C:/hades/Hecton8/Docs/Lore/AppliedContent/packets/RS082_DEEP_REACH_ARTIFACT_MEMO_PACK.packets.json
RS082_DEEP_REACH_ARTIFACT_MEMO_PACK,P407_ARENDT_ATLAS_WEIGHTING_WAIVER_ARTIFACT,es_ES,terminal,91,713.4,510.9,98.4,520.0,2,2,1.098,,C:/hades/Hecton8/Docs/Lore/AppliedContent/packets/RS082_DEEP_REACH_ARTIFACT_MEMO_PACK.packets.json
RS082_DEEP_REACH_ARTIFACT_MEMO_PACK,P407_ARENDT_ATLAS_WEIGHTING_WAIVER_ARTIFACT,es_ES,audio,75,696.24,600.12,101.16,620.0,2,2,1.229,,C:/hades/Hecton8/Docs/Lore/AppliedContent/packets/RS082_DEEP_REACH_ARTIFACT_MEMO_PACK.packets.json
RS082_DEEP_REACH_ARTIFACT_MEMO_PACK,P407_ARENDT_ATLAS_WEIGHTING_WAIVER_ARTIFACT,es_ES,in_game_wiki,203,1566.9,621.3,114.0,620.0,3,5,1.074,,C:/hades/Hecton8/Docs/Lore/AppliedContent/packets/RS082_DEEP_REACH_ARTIFACT_MEMO_PACK.packets.json
RS082_DEEP_REACH_ARTIFACT_MEMO_PACK,P407_ARENDT_ATLAS_WEIGHTING_WAIVER_ARTIFACT,es_ES,external_site,144,1190.4,657.92,81.92,680.0,2,4,1.107,,C:/hades/Hecton8/Docs/Lore/AppliedContent/packets/RS082_DEEP_REACH_ARTIFACT_MEMO_PACK.packets.json
RS082_DEEP_REACH_ARTIFACT_MEMO_PACK,P407_ARENDT_ATLAS_WEIGHTING_WAIVER_ARTIFACT,es_ES,field_note,66,483.56,483.56,111.44,560.0,1,3,1.264,,C:/hades/Hecton8/Docs/Lore/AppliedContent/packets/RS082_DEEP_REACH_ARTIFACT_MEMO_PACK.packets.json
RS082_DEEP_REACH_ARTIFACT_MEMO_PACK,P407_ARENDT_ATLAS_WEIGHTING_WAIVER_ARTIFACT,de_DE,title,27,256.68,256.68,62.28,360.0,1,1,1.423,TEXT_EXPANSION_GT_1_35,C:/hades/Hecton8/Docs/Lore/AppliedContent/packets/RS082_DEEP_REACH_ARTIFACT_MEMO_PACK.packets.json
RS082_DEEP_REACH_ARTIFACT_MEMO_PACK,P407_ARENDT_ATLAS_WEIGHTING_WAIVER_ARTIFACT,de_DE,scanner,95,792.96,418.24,86.08,460.0,2,2,1.171,,C:/hades/Hecton8/Docs/Lore/AppliedContent/packets/RS082_DEEP_REACH_ARTIFACT_MEMO_PACK.packets.json
RS082_DEEP_REACH_ARTIFACT_MEMO_PACK,P407_ARENDT_ATLAS_WEIGHTING_WAIVER_ARTIFACT,de_DE,terminal,91,713.4,510.9,98.4,520.0,2,2,1.098,,C:/hades/Hecton8/Docs/Lore/AppliedContent/packets/RS082_DEEP_REACH_ARTIFACT_MEMO_PACK.packets.json
RS082_DEEP_REACH_ARTIFACT_MEMO_PACK,P407_ARENDT_ATLAS_WEIGHTING_WAIVER_ARTIFACT,de_DE,audio,75,696.24,600.12,101.16,620.0,2,2,1.229,,C:/hades/Hecton8/Docs/Lore/AppliedContent/packets/RS082_DEEP_REACH_ARTIFACT_MEMO_PACK.packets.json
RS082_DEEP_REACH_ARTIFACT_MEMO_PACK,P407_ARENDT_ATLAS_WEIGHTING_WAIVER_ARTIFACT,de_DE,in_game_wiki,203,1566.9,621.3,114.0,620.0,3,5,1.074,,C:/hades/Hecton8/Docs/Lore/AppliedContent/packets/RS082_DEEP_REACH_ARTIFACT_MEMO_PACK.packets.json
RS082_DEEP_REACH_ARTIFACT_MEMO_PACK,P407_ARENDT_ATLAS_WEIGHTING_WAIVER_ARTIFACT,de_DE,external_site,144,1190.4,657.92,81.92,680.0,2,4,1.107,,C:/hades/Hecton8/Docs/Lore/AppliedContent/packets/RS082_DEEP_REACH_ARTIFACT_MEMO_PACK.packets.json
RS082_DEEP_REACH_ARTIFACT_MEMO_PACK,P407_ARENDT_ATLAS_WEIGHTING_WAIVER_ARTIFACT,de_DE,field_note,66,483.56,483.56,111.44,560.0,1,3,1.264,,C:/hades/Hecton8/Docs/Lore/AppliedContent/packets/RS082_DEEP_REACH_ARTIFACT_MEMO_PACK.packets.json
RS082_DEEP_REACH_ARTIFACT_MEMO_PACK,P407_ARENDT_ATLAS_WEIGHTING_WAIVER_ARTIFACT,pl_PL,title,27,256.68,256.68,62.28,360.0,1,1,1.423,TEXT_EXPANSION_GT_1_35,C:/hades/Hecton8/Docs/Lore/AppliedContent/packets/RS082_DEEP_REACH_ARTIFACT_MEMO_PACK.packets.json
RS082_DEEP_REACH_ARTIFACT_MEMO_PACK,P407_ARENDT_ATLAS_WEIGHTING_WAIVER_ARTIFACT,pl_PL,scanner,95,792.96,418.24,86.08,460.0,2,2,1.171,,C:/hades/Hecton8/Docs/Lore/AppliedContent/packets/RS082_DEEP_REACH_ARTIFACT_MEMO_PACK.packets.json
RS082_DEEP_REACH_ARTIFACT_MEMO_PACK,P407_ARENDT_ATLAS_WEIGHTING_WAIVER_ARTIFACT,pl_PL,terminal,91,713.4,510.9,98.4,520.0,2,2,1.098,,C:/hades/Hecton8/Docs/Lore/AppliedContent/packets/RS082_DEEP_REACH_ARTIFACT_MEMO_PACK.packets.json
RS082_DEEP_REACH_ARTIFACT_MEMO_PACK,P407_ARENDT_ATLAS_WEIGHTING_WAIVER_ARTIFACT,pl_PL,audio,75,696.24,600.12,101.16,620.0,2,2,1.229,,C:/hades/Hecton8/Docs/Lore/AppliedContent/packets/RS082_DEEP_REACH_ARTIFACT_MEMO_PACK.packets.json
RS082_DEEP_REACH_ARTIFACT_MEMO_PACK,P407_ARENDT_ATLAS_WEIGHTING_WAIVER_ARTIFACT,pl_PL,in_game_wiki,203,1566.9,621.3,114.0,620.0,3,5,1.074,,C:/hades/Hecton8/Docs/Lore/AppliedContent/packets/RS082_DEEP_REACH_ARTIFACT_MEMO_PACK.packets.json
RS082_DEEP_REACH_ARTIFACT_MEMO_PACK,P407_ARENDT_ATLAS_WEIGHTING_WAIVER_ARTIFACT,pl_PL,external_site,144,1190.4,657.92,81.92,680.0,2,4,1.107,,C:/hades/Hecton8/Docs/Lore/AppliedContent/packets/RS082_DEEP_REACH_ARTIFACT_MEMO_PACK.packets.json
RS082_DEEP_REACH_ARTIFACT_MEMO_PACK,P407_ARENDT_ATLAS_WEIGHTING_WAIVER_ARTIFACT,pl_PL,field_note,66,483.56,483.56,111.44,560.0,1,3,1.264,,C:/hades/Hecton8/Docs/Lore/AppliedContent/packets/RS082_DEEP_REACH_ARTIFACT_MEMO_PACK.packets.json
RS082_DEEP_REACH_ARTIFACT_MEMO_PACK,P407_ARENDT_ATLAS_WEIGHTING_WAIVER_ARTIFACT,uk_UA,title,27,256.68,256.68,62.28,360.0,1,1,1.423,TEXT_EXPANSION_GT_1_35,C:/hades/Hecton8/Docs/Lore/AppliedContent/packets/RS082_DEEP_REACH_ARTIFACT_MEMO_PACK.packets.json
RS082_DEEP_REACH_ARTIFACT_MEMO_PACK,P407_ARENDT_ATLAS_WEIGHTING_WAIVER_ARTIFACT,uk_UA,scanner,95,792.96,418.24,86.08,460.0,2,2,1.171,,C:/hades/Hecton8/Docs/Lore/AppliedContent/packets/RS082_DEEP_REACH_ARTIFACT_MEMO_PACK.packets.json
RS082_DEEP_REACH_ARTIFACT_MEMO_PACK,P407_ARENDT_ATLAS_WEIGHTING_WAIVER_ARTIFACT,uk_UA,terminal,91,713.4,510.9,98.4,520.0,2,2,1.098,,C:/hades/Hecton8/Docs/Lore/AppliedContent/packets/RS082_DEEP_REACH_ARTIFACT_MEMO_PACK.packets.json
RS082_DEEP_REACH_ARTIFACT_MEMO_PACK,P407_ARENDT_ATLAS_WEIGHTING_WAIVER_ARTIFACT,uk_UA,audio,75,696.24,600.12,101.16,620.0,2,2,1.229,,C:/hades/Hecton8/Docs/Lore/AppliedContent/packets/RS082_DEEP_REACH_ARTIFACT_MEMO_PACK.packets.json
RS082_DEEP_REACH_ARTIFACT_MEMO_PACK,P407_ARENDT_ATLAS_WEIGHTING_WAIVER_ARTIFACT,uk_UA,in_game_wiki,203,1566.9,621.3,114.0,620.0,3,5,1.074,,C:/hades/Hecton8/Docs/Lore/AppliedContent/packets/RS082_DEEP_REACH_ARTIFACT_MEMO_PACK.packets.json
RS082_DEEP_REACH_ARTIFACT_MEMO_PACK,P407_ARENDT_ATLAS_WEIGHTING_WAIVER_ARTIFACT,uk_UA,external_site,144,1190.4,657.92,81.92,680.0,2,4,1.107,,C:/hades/Hecton8/Docs/Lore/AppliedContent/packets/RS082_DEEP_REACH_ARTIFACT_MEMO_PACK.packets.json
RS082_DEEP_REACH_ARTIFACT_MEMO_PACK,P407_ARENDT_ATLAS_WEIGHTING_WAIVER_ARTIFACT,uk_UA,field_note,66,483.56,483.56,111.44,560.0,1,3,1.264,,C:/hades/Hecton8/Docs/Lore/AppliedContent/packets/RS082_DEEP_REACH_ARTIFACT_MEMO_PACK.packets.json
RS082_DEEP_REACH_ARTIFACT_MEMO_PACK,P407_ARENDT_ATLAS_WEIGHTING_WAIVER_ARTIFACT,ar_SA,title,27,256.68,256.68,62.28,360.0,1,1,1.423,TEXT_EXPANSION_GT_1_35,C:/hades/Hecton8/Docs/Lore/AppliedContent/packets/RS082_DEEP_REACH_ARTIFACT_MEMO_PACK.packets.json
RS082_DEEP_REACH_ARTIFACT_MEMO_PACK,P407_ARENDT_ATLAS_WEIGHTING_WAIVER_ARTIFACT,ar_SA,scanner,95,792.96,418.24,86.08,460.0,2,2,1.171,,C:/hades/Hecton8/Docs/Lore/AppliedContent/packets/RS082_DEEP_REACH_ARTIFACT_MEMO_PACK.packets.json
RS082_DEEP_REACH_ARTIFACT_MEMO_PACK,P407_ARENDT_ATLAS_WEIGHTING_WAIVER_ARTIFACT,ar_SA,terminal,91,713.4,510.9,98.4,520.0,2,2,1.098,,C:/hades/Hecton8/Docs/Lore/AppliedContent/packets/RS082_DEEP_REACH_ARTIFACT_MEMO_PACK.packets.json
RS082_DEEP_REACH_ARTIFACT_MEMO_PACK,P407_ARENDT_ATLAS_WEIGHTING_WAIVER_ARTIFACT,ar_SA,audio,75,696.24,600.12,101.16,620.0,2,2,1.229,,C:/hades/Hecton8/Docs/Lore/AppliedContent/packets/RS082_DEEP_REACH_ARTIFACT_MEMO_PACK.packets.json
RS082_DEEP_REACH_ARTIFACT_MEMO_PACK,P407_ARENDT_ATLAS_WEIGHTING_WAIVER_ARTIFACT,ar_SA,in_game_wiki,203,1566.9,621.3,114.0,620.0,3,5,1.074,,C:/hades/Hecton8/Docs/Lore/AppliedContent/packets/RS082_DEEP_REACH_ARTIFACT_MEMO_PACK.packets.json
RS082_DEEP_REACH_ARTIFACT_MEMO_PACK,P407_ARENDT_ATLAS_WEIGHTING_WAIVER_ARTIFACT,ar_SA,external_site,144,1190.4,657.92,81.92,680.0,2,4,1.107,,C:/hades/Hecton8/Docs/Lore/AppliedContent/packets/RS082_DEEP_REACH_ARTIFACT_MEMO_PACK.packets.json
RS082_DEEP_REACH_ARTIFACT_MEMO_PACK,P407_ARENDT_ATLAS_WEIGHTING_WAIVER_ARTIFACT,ar_SA,field_note,66,483.56,483.56,111.44,560.0,1,3,1.264,,C:/hades/Hecton8/Docs/Lore/AppliedContent/packets/RS082_DEEP_REACH_ARTIFACT_MEMO_PACK.packets.json
RS082_DEEP_REACH_ARTIFACT_MEMO_PACK,P407_ARENDT_ATLAS_WEIGHTING_WAIVER_ARTIFACT,id_ID,title,27,256.68,256.68,62.28,360.0,1,1,1.423,TEXT_EXPANSION_GT_1_35,C:/hades/Hecton8/Docs/Lore/AppliedContent/packets/RS082_DEEP_REACH_ARTIFACT_MEMO_PACK.packets.json
RS082_DEEP_REACH_ARTIFACT_MEMO_PACK,P407_ARENDT_ATLAS_WEIGHTING_WAIVER_ARTIFACT,id_ID,scanner,95,792.96,418.24,86.08,460.0,2,2,1.171,,C:/hades/Hecton8/Docs/Lore/AppliedContent/packets/RS082_DEEP_REACH_ARTIFACT_MEMO_PACK.packets.json
RS082_DEEP_REACH_ARTIFACT_MEMO_PACK,P407_ARENDT_ATLAS_WEIGHTING_WAIVER_ARTIFACT,id_ID,terminal,91,713.4,510.9,98.4,520.0,2,2,1.098,,C:/hades/Hecton8/Docs/Lore/AppliedContent/packets/RS082_DEEP_REACH_ARTIFACT_MEMO_PACK.packets.json
RS082_DEEP_REACH_ARTIFACT_MEMO_PACK,P407_ARENDT_ATLAS_WEIGHTING_WAIVER_ARTIFACT,id_ID,audio,75,696.24,600.12,101.16,620.0,2,2,1.229,,C:/hades/Hecton8/Docs/Lore/AppliedContent/packets/RS082_DEEP_REACH_ARTIFACT_MEMO_PACK.packets.json
RS082_DEEP_REACH_ARTIFACT_MEMO_PACK,P407_ARENDT_ATLAS_WEIGHTING_WAIVER_ARTIFACT,id_ID,in_game_wiki,203,1566.9,621.3,114.0,620.0,3,5,1.074,,C:/hades/Hecton8/Docs/Lore/AppliedContent/packets/RS082_DEEP_REACH_ARTIFACT_MEMO_PACK.packets.json
RS082_DEEP_REACH_ARTIFACT_MEMO_PACK,P407_ARENDT_ATLAS_WEIGHTING_WAIVER_ARTIFACT,id_ID,external_site,144,1190.4,657.92,81.92,680.0,2,4,1.107,,C:/hades/Hecton8/Docs/Lore/AppliedContent/packets/RS082_DEEP_REACH_ARTIFACT_MEMO_PACK.packets.json
RS082_DEEP_REACH_ARTIFACT_MEMO_PACK,P407_ARENDT_ATLAS_WEIGHTING_WAIVER_ARTIFACT,id_ID,field_note,66,483.56,483.56,111.44,560.0,1,3,1.264,,C:/hades/Hecton8/Docs/Lore/AppliedContent/packets/RS082_DEEP_REACH_ARTIFACT_MEMO_PACK.packets.json
RS082_DEEP_REACH_ARTIFACT_MEMO_PACK,P407_ARENDT_ATLAS_WEIGHTING_WAIVER_ARTIFACT,ko_KR,title,27,256.68,256.68,62.28,360.0,1,1,1.423,TEXT_EXPANSION_GT_1_35,C:/hades/Hecton8/Docs/Lore/AppliedContent/packets/RS082_DEEP_REACH_ARTIFACT_MEMO_PACK.packets.json
RS082_DEEP_REACH_ARTIFACT_MEMO_PACK,P407_ARENDT_ATLAS_WEIGHTING_WAIVER_ARTIFACT,ko_KR,scanner,95,792.96,418.24,86.08,460.0,2,2,1.171,,C:/hades/Hecton8/Docs/Lore/AppliedContent/packets/RS082_DEEP_REACH_ARTIFACT_MEMO_PACK.packets.json
RS082_DEEP_REACH_ARTIFACT_MEMO_PACK,P407_ARENDT_ATLAS_WEIGHTING_WAIVER_ARTIFACT,ko_KR,terminal,91,713.4,510.9,98.4,520.0,2,2,1.098,,C:/hades/Hecton8/Docs/Lore/AppliedContent/packets/RS082_DEEP_REACH_ARTIFACT_MEMO_PACK.packets.json
RS082_DEEP_REACH_ARTIFACT_MEMO_PACK,P407_ARENDT_ATLAS_WEIGHTING_WAIVER_ARTIFACT,ko_KR,audio,75,696.24,600.12,101.16,620.0,2,2,1.229,,C:/hades/Hecton8/Docs/Lore/AppliedContent/packets/RS082_DEEP_REACH_ARTIFACT_MEMO_PACK.packets.json
RS082_DEEP_REACH_ARTIFACT_MEMO_PACK,P407_ARENDT_ATLAS_WEIGHTING_WAIVER_ARTIFACT,ko_KR,in_game_wiki,203,1566.9,621.3,114.0,620.0,3,5,1.074,,C:/hades/Hecton8/Docs/Lore/AppliedContent/packets/RS082_DEEP_REACH_ARTIFACT_MEMO_PACK.packets.json
RS082_DEEP_REACH_ARTIFACT_MEMO_PACK,P407_ARENDT_ATLAS_WEIGHTING_WAIVER_ARTIFACT,ko_KR,external_site,144,1190.4,657.92,81.92,680.0,2,4,1.107,,C:/hades/Hecton8/Docs/Lore/AppliedContent/packets/RS082_DEEP_REACH_ARTIFACT_MEMO_PACK.packets.json
RS082_DEEP_REACH_ARTIFACT_MEMO_PACK,P407_ARENDT_ATLAS_WEIGHTING_WAIVER_ARTIFACT,ko_KR,field_note,66,483.56,483.56,111.44,560.0,1,3,1.264,,C:/hades/Hecton8/Docs/Lore/AppliedContent/packets/RS082_DEEP_REACH_ARTIFACT_MEMO_PACK.packets.json
RS082_DEEP_REACH_ARTIFACT_MEMO_PACK,P407_ARENDT_ATLAS_WEIGHTING_WAIVER_ARTIFACT,he_IL,title,27,256.68,256.68,62.28,360.0,1,1,1.423,TEXT_EXPANSION_GT_1_35,C:/hades/Hecton8/Docs/Lore/AppliedContent/packets/RS082_DEEP_REACH_ARTIFACT_MEMO_PACK.packets.json
RS082_DEEP_REACH_ARTIFACT_MEMO_PACK,P407_ARENDT_ATLAS_WEIGHTING_WAIVER_ARTIFACT,he_IL,scanner,95,792.96,418.24,86.08,460.0,2,2,1.171,,C:/hades/Hecton8/Docs/Lore/AppliedContent/packets/RS082_DEEP_REACH_ARTIFACT_MEMO_PACK.packets.json
RS082_DEEP_REACH_ARTIFACT_MEMO_PACK,P407_ARENDT_ATLAS_WEIGHTING_WAIVER_ARTIFACT,he_IL,terminal,91,713.4,510.9,98.4,520.0,2,2,1.098,,C:/hades/Hecton8/Docs/Lore/AppliedContent/packets/RS082_DEEP_REACH_ARTIFACT_MEMO_PACK.packets.json
RS082_DEEP_REACH_ARTIFACT_MEMO_PACK,P407_ARENDT_ATLAS_WEIGHTING_WAIVER_ARTIFACT,he_IL,audio,75,696.24,600.12,101.16,620.0,2,2,1.229,,C:/hades/Hecton8/Docs/Lore/AppliedContent/packets/RS082_DEEP_REACH_ARTIFACT_MEMO_PACK.packets.json
RS082_DEEP_REACH_ARTIFACT_MEMO_PACK,P407_ARENDT_ATLAS_WEIGHTING_WAIVER_ARTIFACT,he_IL,in_game_wiki,203,1566.9,621.3,114.0,620.0,3,5,1.074,,C:/hades/Hecton8/Docs/Lore/AppliedContent/packets/RS082_DEEP_REACH_ARTIFACT_MEMO_PACK.packets.json
RS082_DEEP_REACH_ARTIFACT_MEMO_PACK,P407_ARENDT_ATLAS_WEIGHTING_WAIVER_ARTIFACT,he_IL,external_site,144,1190.4,657.92,81.92,680.0,2,4,1.107,,C:/hades/Hecton8/Docs/Lore/AppliedContent/packets/RS082_DEEP_REACH_ARTIFACT_MEMO_PACK.packets.json
RS082_DEEP_REACH_ARTIFACT_MEMO_PACK,P407_ARENDT_ATLAS_WEIGHTING_WAIVER_ARTIFACT,he_IL,field_note,66,483.56,483.56,111.44,560.0,1,3,1.264,,C:/hades/Hecton8/Docs/Lore/AppliedContent/packets/RS082_DEEP_REACH_ARTIFACT_MEMO_PACK.packets.json
RS082_DEEP_REACH_ARTIFACT_MEMO_PACK,P407_ARENDT_ATLAS_WEIGHTING_WAIVER_ARTIFACT,pt_BR,title,30,286.56,286.56,62.28,360.0,1,1,1.589,TEXT_EXPANSION_GT_1_35,C:/hades/Hecton8/Docs/Lore/AppliedContent/packets/RS082_DEEP_REACH_ARTIFACT_MEMO_PACK.packets.json
RS082_DEEP_REACH_ARTIFACT_MEMO_PACK,P407_ARENDT_ATLAS_WEIGHTING_WAIVER_ARTIFACT,pt_BR,scanner,95,792.96,418.24,86.08,460.0,2,2,1.171,,C:/hades/Hecton8/Docs/Lore/AppliedContent/packets/RS082_DEEP_REACH_ARTIFACT_MEMO_PACK.packets.json
RS082_DEEP_REACH_ARTIFACT_MEMO_PACK,P407_ARENDT_ATLAS_WEIGHTING_WAIVER_ARTIFACT,pt_BR,terminal,94,738.3,453.9,98.4,520.0,2,2,1.136,,C:/hades/Hecton8/Docs/Lore/AppliedContent/packets/RS082_DEEP_REACH_ARTIFACT_MEMO_PACK.packets.json
RS082_DEEP_REACH_ARTIFACT_MEMO_PACK,P407_ARENDT_ATLAS_WEIGHTING_WAIVER_ARTIFACT,pt_BR,audio,75,696.24,600.12,101.16,620.0,2,2,1.229,,C:/hades/Hecton8/Docs/Lore/AppliedContent/packets/RS082_DEEP_REACH_ARTIFACT_MEMO_PACK.packets.json
RS082_DEEP_REACH_ARTIFACT_MEMO_PACK,P407_ARENDT_ATLAS_WEIGHTING_WAIVER_ARTIFACT,pt_BR,in_game_wiki,203,1566.9,621.3,114.0,620.0,3,5,1.074,,C:/hades/Hecton8/Docs/Lore/AppliedContent/packets/RS082_DEEP_REACH_ARTIFACT_MEMO_PACK.packets.json
RS082_DEEP_REACH_ARTIFACT_MEMO_PACK,P407_ARENDT_ATLAS_WEIGHTING_WAIVER_ARTIFACT,pt_BR,external_site,144,1190.4,657.92,81.92,680.0,2,4,1.107,,C:/hades/Hecton8/Docs/Lore/AppliedContent/packets/RS082_DEEP_REACH_ARTIFACT_MEMO_PACK.packets.json
RS082_DEEP_REACH_ARTIFACT_MEMO_PACK,P407_ARENDT_ATLAS_WEIGHTING_WAIVER_ARTIFACT,pt_BR,field_note,66,483.56,483.56,111.44,560.0,1,3,1.264,,C:/hades/Hecton8/Docs/Lore/AppliedContent/packets/RS082_DEEP_REACH_ARTIFACT_MEMO_PACK.packets.json
RS082_DEEP_REACH_ARTIFACT_MEMO_PACK,P407_ARENDT_ATLAS_WEIGHTING_WAIVER_ARTIFACT,nl_NL,title,27,256.68,256.68,62.28,360.0,1,1,1.423,TEXT_EXPANSION_GT_1_35,C:/hades/Hecton8/Docs/Lore/AppliedContent/packets/RS082_DEEP_REACH_ARTIFACT_MEMO_PACK.packets.json
RS082_DEEP_REACH_ARTIFACT_MEMO_PACK,P407_ARENDT_ATLAS_WEIGHTING_WAIVER_ARTIFACT,nl_NL,scanner,95,792.96,418.24,86.08,460.0,2,2,1.171,,C:/hades/Hecton8/Docs/Lore/AppliedContent/packets/RS082_DEEP_REACH_ARTIFACT_MEMO_PACK.packets.json
RS082_DEEP_REACH_ARTIFACT_MEMO_PACK,P407_ARENDT_ATLAS_WEIGHTING_WAIVER_ARTIFACT,nl_NL,terminal,91,713.4,510.9,98.4,520.0,2,2,1.098,,C:/hades/Hecton8/Docs/Lore/AppliedContent/packets/RS082_DEEP_REACH_ARTIFACT_MEMO_PACK.packets.json
RS082_DEEP_REACH_ARTIFACT_MEMO_PACK,P407_ARENDT_ATLAS_WEIGHTING_WAIVER_ARTIFACT,nl_NL,audio,75,696.24,600.12,101.16,620.0,2,2,1.229,,C:/hades/Hecton8/Docs/Lore/AppliedContent/packets/RS082_DEEP_REACH_ARTIFACT_MEMO_PACK.packets.json
RS082_DEEP_REACH_ARTIFACT_MEMO_PACK,P407_ARENDT_ATLAS_WEIGHTING_WAIVER_ARTIFACT,nl_NL,in_game_wiki,203,1566.9,621.3,114.0,620.0,3,5,1.074,,C:/hades/Hecton8/Docs/Lore/AppliedContent/packets/RS082_DEEP_REACH_ARTIFACT_MEMO_PACK.packets.json
RS082_DEEP_REACH_ARTIFACT_MEMO_PACK,P407_ARENDT_ATLAS_WEIGHTING_WAIVER_ARTIFACT,nl_NL,external_site,144,1190.4,657.92,81.92,680.0,2,4,1.107,,C:/hades/Hecton8/Docs/Lore/AppliedContent/packets/RS082_DEEP_REACH_ARTIFACT_MEMO_PACK.packets.json
RS082_DEEP_REACH_ARTIFACT_MEMO_PACK,P407_ARENDT_ATLAS_WEIGHTING_WAIVER_ARTIFACT,nl_NL,field_note,66,483.56,483.56,111.44,560.0,1,3,1.264,,C:/hades/Hecton8/Docs/Lore/AppliedContent/packets/RS082_DEEP_REACH_ARTIFACT_MEMO_PACK.packets.json
RS082_DEEP_REACH_ARTIFACT_MEMO_PACK,P408_HALDANE_QUARANTINE_RELEASE_HOLD_ARTIFACT,en_US,title,23,216.36,216.36,98.28,360.0,1,1,1.0,,C:/hades/Hecton8/Docs/Lore/AppliedContent/packets/RS082_DEEP_REACH_ARTIFACT_MEMO_PACK.packets.json
RS082_DEEP_REACH_ARTIFACT_MEMO_PACK,P408_HALDANE_QUARANTINE_RELEASE_HOLD_ARTIFACT,en_US,scanner,87,700.48,462.08,87.36,460.0,2,2,1.0,,C:/hades/Hecton8/Docs/Lore/AppliedContent/packets/RS082_DEEP_REACH_ARTIFACT_MEMO_PACK.packets.json
RS082_DEEP_REACH_ARTIFACT_MEMO_PACK,P408_HALDANE_QUARANTINE_RELEASE_HOLD_ARTIFACT,en_US,terminal,78,600.0,450.6,81.6,520.0,2,2,1.0,,C:/hades/Hecton8/Docs/Lore/AppliedContent/packets/RS082_DEEP_REACH_ARTIFACT_MEMO_PACK.packets.json
RS082_DEEP_REACH_ARTIFACT_MEMO_PACK,P408_HALDANE_QUARANTINE_RELEASE_HOLD_ARTIFACT,en_US,audio,45,419.76,419.76,75.6,620.0,1,2,1.0,,C:/hades/Hecton8/Docs/Lore/AppliedContent/packets/RS082_DEEP_REACH_ARTIFACT_MEMO_PACK.packets.json
RS082_DEEP_REACH_ARTIFACT_MEMO_PACK,P408_HALDANE_QUARANTINE_RELEASE_HOLD_ARTIFACT,en_US,in_game_wiki,162,1201.8,623.1,98.4,620.0,2,5,1.0,,C:/hades/Hecton8/Docs/Lore/AppliedContent/packets/RS082_DEEP_REACH_ARTIFACT_MEMO_PACK.packets.json
RS082_DEEP_REACH_ARTIFACT_MEMO_PACK,P408_HALDANE_QUARANTINE_RELEASE_HOLD_ARTIFACT,en_US,external_site,102,822.72,660.16,118.08,680.0,2,4,1.0,,C:/hades/Hecton8/Docs/Lore/AppliedContent/packets/RS082_DEEP_REACH_ARTIFACT_MEMO_PACK.packets.json
RS082_DEEP_REACH_ARTIFACT_MEMO_PACK,P408_HALDANE_QUARANTINE_RELEASE_HOLD_ARTIFACT,en_US,field_note,64,451.08,451.08,131.32,560.0,1,3,1.0,,C:/hades/Hecton8/Docs/Lore/AppliedContent/packets/RS082_DEEP_REACH_ARTIFACT_MEMO_PACK.packets.json
RS082_DEEP_REACH_ARTIFACT_MEMO_PACK,P408_HALDANE_QUARANTINE_RELEASE_HOLD_ARTIFACT,ru_RU,title,17,175.32,175.32,84.6,360.0,1,1,0.81,,C:/hades/Hecton8/Docs/Lore/AppliedContent/packets/RS082_DEEP_REACH_ARTIFACT_MEMO_PACK.packets.json
RS082_DEEP_REACH_ARTIFACT_MEMO_PACK,P408_HALDANE_QUARANTINE_RELEASE_HOLD_ARTIFACT,ru_RU,scanner,88,765.12,432.96,102.08,460.0,2,2,1.092,,C:/hades/Hecton8/Docs/Lore/AppliedContent/packets/RS082_DEEP_REACH_ARTIFACT_MEMO_PACK.packets.json
RS082_DEEP_REACH_ARTIFACT_MEMO_PACK,P408_HALDANE_QUARANTINE_RELEASE_HOLD_ARTIFACT,ru_RU,terminal,60,486.9,486.9,82.2,520.0,1,2,0.812,,C:/hades/Hecton8/Docs/Lore/AppliedContent/packets/RS082_DEEP_REACH_ARTIFACT_MEMO_PACK.packets.json
RS082_DEEP_REACH_ARTIFACT_MEMO_PACK,P408_HALDANE_QUARANTINE_RELEASE_HOLD_ARTIFACT,ru_RU,audio,45,425.88,425.88,88.2,620.0,1,2,1.015,,C:/hades/Hecton8/Docs/Lore/AppliedContent/packets/RS082_DEEP_REACH_ARTIFACT_MEMO_PACK.packets.json
RS082_DEEP_REACH_ARTIFACT_MEMO_PACK,P408_HALDANE_QUARANTINE_RELEASE_HOLD_ARTIFACT,ru_RU,in_game_wiki,151,1218.6,583.2,108.3,620.0,3,5,1.014,,C:/hades/Hecton8/Docs/Lore/AppliedContent/packets/RS082_DEEP_REACH_ARTIFACT_MEMO_PACK.packets.json
RS082_DEEP_REACH_ARTIFACT_MEMO_PACK,P408_HALDANE_QUARANTINE_RELEASE_HOLD_ARTIFACT,ru_RU,external_site,102,885.76,642.56,139.2,680.0,2,4,1.077,,C:/hades/Hecton8/Docs/Lore/AppliedContent/packets/RS082_DEEP_REACH_ARTIFACT_MEMO_PACK.packets.json
RS082_DEEP_REACH_ARTIFACT_MEMO_PACK,P408_HALDANE_QUARANTINE_RELEASE_HOLD_ARTIFACT,ru_RU,field_note,72,550.76,550.76,89.32,560.0,1,3,1.221,,C:/hades/Hecton8/Docs/Lore/AppliedContent/packets/RS082_DEEP_REACH_ARTIFACT_MEMO_PACK.packets.json
RS082_DEEP_REACH_ARTIFACT_MEMO_PACK,P408_HALDANE_QUARANTINE_RELEASE_HOLD_ARTIFACT,ja_JP,title,31,292.68,292.68,98.28,360.0,1,1,1.353,TEXT_EXPANSION_GT_1_35,C:/hades/Hecton8/Docs/Lore/AppliedContent/packets/RS082_DEEP_REACH_ARTIFACT_MEMO_PACK.packets.json
RS082_DEEP_REACH_ARTIFACT_MEMO_PACK,P408_HALDANE_QUARANTINE_RELEASE_HOLD_ARTIFACT,ja_JP,scanner,100,816.0,443.2,87.36,460.0,2,2,1.165,,C:/hades/Hecton8/Docs/Lore/AppliedContent/packets/RS082_DEEP_REACH_ARTIFACT_MEMO_PACK.packets.json
RS082_DEEP_REACH_ARTIFACT_MEMO_PACK,P408_HALDANE_QUARANTINE_RELEASE_HOLD_ARTIFACT,ja_JP,terminal,86,663.6,514.2,81.6,520.0,2,2,1.106,,C:/hades/Hecton8/Docs/Lore/AppliedContent/packets/RS082_DEEP_REACH_ARTIFACT_MEMO_PACK.packets.json
RS082_DEEP_REACH_ARTIFACT_MEMO_PACK,P408_HALDANE_QUARANTINE_RELEASE_HOLD_ARTIFACT,ja_JP,audio,58,549.72,549.72,75.6,620.0,1,2,1.31,,C:/hades/Hecton8/Docs/Lore/AppliedContent/packets/RS082_DEEP_REACH_ARTIFACT_MEMO_PACK.packets.json
RS082_DEEP_REACH_ARTIFACT_MEMO_PACK,P408_HALDANE_QUARANTINE_RELEASE_HOLD_ARTIFACT,ja_JP,in_game_wiki,175,1310.1,619.5,98.4,620.0,3,5,1.09,,C:/hades/Hecton8/Docs/Lore/AppliedContent/packets/RS082_DEEP_REACH_ARTIFACT_MEMO_PACK.packets.json
RS082_DEEP_REACH_ARTIFACT_MEMO_PACK,P408_HALDANE_QUARANTINE_RELEASE_HOLD_ARTIFACT,ja_JP,external_site,115,938.24,670.08,118.08,680.0,2,4,1.14,,C:/hades/Hecton8/Docs/Lore/AppliedContent/packets/RS082_DEEP_REACH_ARTIFACT_MEMO_PACK.packets.json
RS082_DEEP_REACH_ARTIFACT_MEMO_PACK,P408_HALDANE_QUARANTINE_RELEASE_HOLD_ARTIFACT,ja_JP,field_note,77,552.16,552.16,131.32,560.0,1,3,1.224,,C:/hades/Hecton8/Docs/Lore/AppliedContent/packets/RS082_DEEP_REACH_ARTIFACT_MEMO_PACK.packets.json
RS082_DEEP_REACH_ARTIFACT_MEMO_PACK,P408_HALDANE_QUARANTINE_RELEASE_HOLD_ARTIFACT,zh_CN,title,31,292.68,292.68,98.28,360.0,1,1,1.353,TEXT_EXPANSION_GT_1_35,C:/hades/Hecton8/Docs/Lore/AppliedContent/packets/RS082_DEEP_REACH_ARTIFACT_MEMO_PACK.packets.json
RS082_DEEP_REACH_ARTIFACT_MEMO_PACK,P408_HALDANE_QUARANTINE_RELEASE_HOLD_ARTIFACT,zh_CN,scanner,100,816.0,443.2,87.36,460.0,2,2,1.165,,C:/hades/Hecton8/Docs/Lore/AppliedContent/packets/RS082_DEEP_REACH_ARTIFACT_MEMO_PACK.packets.json
RS082_DEEP_REACH_ARTIFACT_MEMO_PACK,P408_HALDANE_QUARANTINE_RELEASE_HOLD_ARTIFACT,zh_CN,terminal,86,663.6,514.2,81.6,520.0,2,2,1.106,,C:/hades/Hecton8/Docs/Lore/AppliedContent/packets/RS082_DEEP_REACH_ARTIFACT_MEMO_PACK.packets.json
RS082_DEEP_REACH_ARTIFACT_MEMO_PACK,P408_HALDANE_QUARANTINE_RELEASE_HOLD_ARTIFACT,zh_CN,audio,58,549.72,549.72,75.6,620.0,1,2,1.31,,C:/hades/Hecton8/Docs/Lore/AppliedContent/packets/RS082_DEEP_REACH_ARTIFACT_MEMO_PACK.packets.json
RS082_DEEP_REACH_ARTIFACT_MEMO_PACK,P408_HALDANE_QUARANTINE_RELEASE_HOLD_ARTIFACT,zh_CN,in_game_wiki,175,1310.1,619.5,98.4,620.0,3,5,1.09,,C:/hades/Hecton8/Docs/Lore/AppliedContent/packets/RS082_DEEP_REACH_ARTIFACT_MEMO_PACK.packets.json
RS082_DEEP_REACH_ARTIFACT_MEMO_PACK,P408_HALDANE_QUARANTINE_RELEASE_HOLD_ARTIFACT,zh_CN,external_site,115,938.24,670.08,118.08,680.0,2,4,1.14,,C:/hades/Hecton8/Docs/Lore/AppliedContent/packets/RS082_DEEP_REACH_ARTIFACT_MEMO_PACK.packets.json
RS082_DEEP_REACH_ARTIFACT_MEMO_PACK,P408_HALDANE_QUARANTINE_RELEASE_HOLD_ARTIFACT,zh_CN,field_note,77,552.16,552.16,131.32,560.0,1,3,1.224,,C:/hades/Hecton8/Docs/Lore/AppliedContent/packets/RS082_DEEP_REACH_ARTIFACT_MEMO_PACK.packets.json
RS082_DEEP_REACH_ARTIFACT_MEMO_PACK,P408_HALDANE_QUARANTINE_RELEASE_HOLD_ARTIFACT,fr_FR,title,31,292.68,292.68,98.28,360.0,1,1,1.353,TEXT_EXPANSION_GT_1_35,C:/hades/Hecton8/Docs/Lore/AppliedContent/packets/RS082_DEEP_REACH_ARTIFACT_MEMO_PACK.packets.json
RS082_DEEP_REACH_ARTIFACT_MEMO_PACK,P408_HALDANE_QUARANTINE_RELEASE_HOLD_ARTIFACT,fr_FR,scanner,100,816.0,443.2,87.36,460.0,2,2,1.165,,C:/hades/Hecton8/Docs/Lore/AppliedContent/packets/RS082_DEEP_REACH_ARTIFACT_MEMO_PACK.packets.json
RS082_DEEP_REACH_ARTIFACT_MEMO_PACK,P408_HALDANE_QUARANTINE_RELEASE_HOLD_ARTIFACT,fr_FR,terminal,86,663.6,514.2,81.6,520.0,2,2,1.106,,C:/hades/Hecton8/Docs/Lore/AppliedContent/packets/RS082_DEEP_REACH_ARTIFACT_MEMO_PACK.packets.json
RS082_DEEP_REACH_ARTIFACT_MEMO_PACK,P408_HALDANE_QUARANTINE_RELEASE_HOLD_ARTIFACT,fr_FR,audio,58,549.72,549.72,75.6,620.0,1,2,1.31,,C:/hades/Hecton8/Docs/Lore/AppliedContent/packets/RS082_DEEP_REACH_ARTIFACT_MEMO_PACK.packets.json
RS082_DEEP_REACH_ARTIFACT_MEMO_PACK,P408_HALDANE_QUARANTINE_RELEASE_HOLD_ARTIFACT,fr_FR,in_game_wiki,175,1310.1,619.5,98.4,620.0,3,5,1.09,,C:/hades/Hecton8/Docs/Lore/AppliedContent/packets/RS082_DEEP_REACH_ARTIFACT_MEMO_PACK.packets.json
RS082_DEEP_REACH_ARTIFACT_MEMO_PACK,P408_HALDANE_QUARANTINE_RELEASE_HOLD_ARTIFACT,fr_FR,external_site,115,938.24,670.08,118.08,680.0,2,4,1.14,,C:/hades/Hecton8/Docs/Lore/AppliedContent/packets/RS082_DEEP_REACH_ARTIFACT_MEMO_PACK.packets.json
RS082_DEEP_REACH_ARTIFACT_MEMO_PACK,P408_HALDANE_QUARANTINE_RELEASE_HOLD_ARTIFACT,fr_FR,field_note,77,552.16,552.16,131.32,560.0,1,3,1.224,,C:/hades/Hecton8/Docs/Lore/AppliedContent/packets/RS082_DEEP_REACH_ARTIFACT_MEMO_PACK.packets.json
RS082_DEEP_REACH_ARTIFACT_MEMO_PACK,P408_HALDANE_QUARANTINE_RELEASE_HOLD_ARTIFACT,es_ES,title,31,292.68,292.68,98.28,360.0,1,1,1.353,TEXT_EXPANSION_GT_1_35,C:/hades/Hecton8/Docs/Lore/AppliedContent/packets/RS082_DEEP_REACH_ARTIFACT_MEMO_PACK.packets.json
RS082_DEEP_REACH_ARTIFACT_MEMO_PACK,P408_HALDANE_QUARANTINE_RELEASE_HOLD_ARTIFACT,es_ES,scanner,100,816.0,443.2,87.36,460.0,2,2,1.165,,C:/hades/Hecton8/Docs/Lore/AppliedContent/packets/RS082_DEEP_REACH_ARTIFACT_MEMO_PACK.packets.json
RS082_DEEP_REACH_ARTIFACT_MEMO_PACK,P408_HALDANE_QUARANTINE_RELEASE_HOLD_ARTIFACT,es_ES,terminal,86,663.6,514.2,81.6,520.0,2,2,1.106,,C:/hades/Hecton8/Docs/Lore/AppliedContent/packets/RS082_DEEP_REACH_ARTIFACT_MEMO_PACK.packets.json
RS082_DEEP_REACH_ARTIFACT_MEMO_PACK,P408_HALDANE_QUARANTINE_RELEASE_HOLD_ARTIFACT,es_ES,audio,58,549.72,549.72,75.6,620.0,1,2,1.31,,C:/hades/Hecton8/Docs/Lore/AppliedContent/packets/RS082_DEEP_REACH_ARTIFACT_MEMO_PACK.packets.json
RS082_DEEP_REACH_ARTIFACT_MEMO_PACK,P408_HALDANE_QUARANTINE_RELEASE_HOLD_ARTIFACT,es_ES,in_game_wiki,175,1310.1,619.5,98.4,620.0,3,5,1.09,,C:/hades/Hecton8/Docs/Lore/AppliedContent/packets/RS082_DEEP_REACH_ARTIFACT_MEMO_PACK.packets.json
RS082_DEEP_REACH_ARTIFACT_MEMO_PACK,P408_HALDANE_QUARANTINE_RELEASE_HOLD_ARTIFACT,es_ES,external_site,115,938.24,670.08,118.08,680.0,2,4,1.14,,C:/hades/Hecton8/Docs/Lore/AppliedContent/packets/RS082_DEEP_REACH_ARTIFACT_MEMO_PACK.packets.json
RS082_DEEP_REACH_ARTIFACT_MEMO_PACK,P408_HALDANE_QUARANTINE_RELEASE_HOLD_ARTIFACT,es_ES,field_note,77,552.16,552.16,131.32,560.0,1,3,1.224,,C:/hades/Hecton8/Docs/Lore/AppliedContent/packets/RS082_DEEP_REACH_ARTIFACT_MEMO_PACK.packets.json
RS082_DEEP_REACH_ARTIFACT_MEMO_PACK,P408_HALDANE_QUARANTINE_RELEASE_HOLD_ARTIFACT,de_DE,title,31,292.68,292.68,98.28,360.0,1,1,1.353,TEXT_EXPANSION_GT_1_35,C:/hades/Hecton8/Docs/Lore/AppliedContent/packets/RS082_DEEP_REACH_ARTIFACT_MEMO_PACK.packets.json
RS082_DEEP_REACH_ARTIFACT_MEMO_PACK,P408_HALDANE_QUARANTINE_RELEASE_HOLD_ARTIFACT,de_DE,scanner,100,816.0,443.2,87.36,460.0,2,2,1.165,,C:/hades/Hecton8/Docs/Lore/AppliedContent/packets/RS082_DEEP_REACH_ARTIFACT_MEMO_PACK.packets.json
RS082_DEEP_REACH_ARTIFACT_MEMO_PACK,P408_HALDANE_QUARANTINE_RELEASE_HOLD_ARTIFACT,de_DE,terminal,86,663.6,514.2,81.6,520.0,2,2,1.106,,C:/hades/Hecton8/Docs/Lore/AppliedContent/packets/RS082_DEEP_REACH_ARTIFACT_MEMO_PACK.packets.json
RS082_DEEP_REACH_ARTIFACT_MEMO_PACK,P408_HALDANE_QUARANTINE_RELEASE_HOLD_ARTIFACT,de_DE,audio,58,549.72,549.72,75.6,620.0,1,2,1.31,,C:/hades/Hecton8/Docs/Lore/AppliedContent/packets/RS082_DEEP_REACH_ARTIFACT_MEMO_PACK.packets.json
RS082_DEEP_REACH_ARTIFACT_MEMO_PACK,P408_HALDANE_QUARANTINE_RELEASE_HOLD_ARTIFACT,de_DE,in_game_wiki,175,1310.1,619.5,98.4,620.0,3,5,1.09,,C:/hades/Hecton8/Docs/Lore/AppliedContent/packets/RS082_DEEP_REACH_ARTIFACT_MEMO_PACK.packets.json
RS082_DEEP_REACH_ARTIFACT_MEMO_PACK,P408_HALDANE_QUARANTINE_RELEASE_HOLD_ARTIFACT,de_DE,external_site,115,938.24,670.08,118.08,680.0,2,4,1.14,,C:/hades/Hecton8/Docs/Lore/AppliedContent/packets/RS082_DEEP_REACH_ARTIFACT_MEMO_PACK.packets.json
RS082_DEEP_REACH_ARTIFACT_MEMO_PACK,P408_HALDANE_QUARANTINE_RELEASE_HOLD_ARTIFACT,de_DE,field_note,77,552.16,552.16,131.32,560.0,1,3,1.224,,C:/hades/Hecton8/Docs/Lore/AppliedContent/packets/RS082_DEEP_REACH_ARTIFACT_MEMO_PACK.packets.json
RS082_DEEP_REACH_ARTIFACT_MEMO_PACK,P408_HALDANE_QUARANTINE_RELEASE_HOLD_ARTIFACT,pl_PL,title,31,292.68,292.68,98.28,360.0,1,1,1.353,TEXT_EXPANSION_GT_1_35,C:/hades/Hecton8/Docs/Lore/AppliedContent/packets/RS082_DEEP_REACH_ARTIFACT_MEMO_PACK.packets.json
RS082_DEEP_REACH_ARTIFACT_MEMO_PACK,P408_HALDANE_QUARANTINE_RELEASE_HOLD_ARTIFACT,pl_PL,scanner,100,816.0,443.2,87.36,460.0,2,2,1.165,,C:/hades/Hecton8/Docs/Lore/AppliedContent/packets/RS082_DEEP_REACH_ARTIFACT_MEMO_PACK.packets.json
RS082_DEEP_REACH_ARTIFACT_MEMO_PACK,P408_HALDANE_QUARANTINE_RELEASE_HOLD_ARTIFACT,pl_PL,terminal,86,663.6,514.2,81.6,520.0,2,2,1.106,,C:/hades/Hecton8/Docs/Lore/AppliedContent/packets/RS082_DEEP_REACH_ARTIFACT_MEMO_PACK.packets.json
RS082_DEEP_REACH_ARTIFACT_MEMO_PACK,P408_HALDANE_QUARANTINE_RELEASE_HOLD_ARTIFACT,pl_PL,audio,58,549.72,549.72,75.6,620.0,1,2,1.31,,C:/hades/Hecton8/Docs/Lore/AppliedContent/packets/RS082_DEEP_REACH_ARTIFACT_MEMO_PACK.packets.json
RS082_DEEP_REACH_ARTIFACT_MEMO_PACK,P408_HALDANE_QUARANTINE_RELEASE_HOLD_ARTIFACT,pl_PL,in_game_wiki,175,1310.1,619.5,98.4,620.0,3,5,1.09,,C:/hades/Hecton8/Docs/Lore/AppliedContent/packets/RS082_DEEP_REACH_ARTIFACT_MEMO_PACK.packets.json
RS082_DEEP_REACH_ARTIFACT_MEMO_PACK,P408_HALDANE_QUARANTINE_RELEASE_HOLD_ARTIFACT,pl_PL,external_site,115,938.24,670.08,118.08,680.0,2,4,1.14,,C:/hades/Hecton8/Docs/Lore/AppliedContent/packets/RS082_DEEP_REACH_ARTIFACT_MEMO_PACK.packets.json
RS082_DEEP_REACH_ARTIFACT_MEMO_PACK,P408_HALDANE_QUARANTINE_RELEASE_HOLD_ARTIFACT,pl_PL,field_note,77,552.16,552.16,131.32,560.0,1,3,1.224,,C:/hades/Hecton8/Docs/Lore/AppliedContent/packets/RS082_DEEP_REACH_ARTIFACT_MEMO_PACK.packets.json
RS082_DEEP_REACH_ARTIFACT_MEMO_PACK,P408_HALDANE_QUARANTINE_RELEASE_HOLD_ARTIFACT,uk_UA,title,31,292.68,292.68,98.28,360.0,1,1,1.353,TEXT_EXPANSION_GT_1_35,C:/hades/Hecton8/Docs/Lore/AppliedContent/packets/RS082_DEEP_REACH_ARTIFACT_MEMO_PACK.packets.json
RS082_DEEP_REACH_ARTIFACT_MEMO_PACK,P408_HALDANE_QUARANTINE_RELEASE_HOLD_ARTIFACT,uk_UA,scanner,100,816.0,443.2,87.36,460.0,2,2,1.165,,C:/hades/Hecton8/Docs/Lore/AppliedContent/packets/RS082_DEEP_REACH_ARTIFACT_MEMO_PACK.packets.json
RS082_DEEP_REACH_ARTIFACT_MEMO_PACK,P408_HALDANE_QUARANTINE_RELEASE_HOLD_ARTIFACT,uk_UA,terminal,86,663.6,514.2,81.6,520.0,2,2,1.106,,C:/hades/Hecton8/Docs/Lore/AppliedContent/packets/RS082_DEEP_REACH_ARTIFACT_MEMO_PACK.packets.json
RS082_DEEP_REACH_ARTIFACT_MEMO_PACK,P408_HALDANE_QUARANTINE_RELEASE_HOLD_ARTIFACT,uk_UA,audio,58,549.72,549.72,75.6,620.0,1,2,1.31,,C:/hades/Hecton8/Docs/Lore/AppliedContent/packets/RS082_DEEP_REACH_ARTIFACT_MEMO_PACK.packets.json
RS082_DEEP_REACH_ARTIFACT_MEMO_PACK,P408_HALDANE_QUARANTINE_RELEASE_HOLD_ARTIFACT,uk_UA,in_game_wiki,175,1310.1,619.5,98.4,620.0,3,5,1.09,,C:/hades/Hecton8/Docs/Lore/AppliedContent/packets/RS082_DEEP_REACH_ARTIFACT_MEMO_PACK.packets.json
RS082_DEEP_REACH_ARTIFACT_MEMO_PACK,P408_HALDANE_QUARANTINE_RELEASE_HOLD_ARTIFACT,uk_UA,external_site,115,938.24,670.08,118.08,680.0,2,4,1.14,,C:/hades/Hecton8/Docs/Lore/AppliedContent/packets/RS082_DEEP_REACH_ARTIFACT_MEMO_PACK.packets.json
RS082_DEEP_REACH_ARTIFACT_MEMO_PACK,P408_HALDANE_QUARANTINE_RELEASE_HOLD_ARTIFACT,uk_UA,field_note,77,552.16,552.16,131.32,560.0,1,3,1.224,,C:/hades/Hecton8/Docs/Lore/AppliedContent/packets/RS082_DEEP_REACH_ARTIFACT_MEMO_PACK.packets.json
RS082_DEEP_REACH_ARTIFACT_MEMO_PACK,P408_HALDANE_QUARANTINE_RELEASE_HOLD_ARTIFACT,ar_SA,title,31,292.68,292.68,98.28,360.0,1,1,1.353,TEXT_EXPANSION_GT_1_35,C:/hades/Hecton8/Docs/Lore/AppliedContent/packets/RS082_DEEP_REACH_ARTIFACT_MEMO_PACK.packets.json
RS082_DEEP_REACH_ARTIFACT_MEMO_PACK,P408_HALDANE_QUARANTINE_RELEASE_HOLD_ARTIFACT,ar_SA,scanner,100,816.0,443.2,87.36,460.0,2,2,1.165,,C:/hades/Hecton8/Docs/Lore/AppliedContent/packets/RS082_DEEP_REACH_ARTIFACT_MEMO_PACK.packets.json
RS082_DEEP_REACH_ARTIFACT_MEMO_PACK,P408_HALDANE_QUARANTINE_RELEASE_HOLD_ARTIFACT,ar_SA,terminal,86,663.6,514.2,81.6,520.0,2,2,1.106,,C:/hades/Hecton8/Docs/Lore/AppliedContent/packets/RS082_DEEP_REACH_ARTIFACT_MEMO_PACK.packets.json
RS082_DEEP_REACH_ARTIFACT_MEMO_PACK,P408_HALDANE_QUARANTINE_RELEASE_HOLD_ARTIFACT,ar_SA,audio,58,549.72,549.72,75.6,620.0,1,2,1.31,,C:/hades/Hecton8/Docs/Lore/AppliedContent/packets/RS082_DEEP_REACH_ARTIFACT_MEMO_PACK.packets.json
RS082_DEEP_REACH_ARTIFACT_MEMO_PACK,P408_HALDANE_QUARANTINE_RELEASE_HOLD_ARTIFACT,ar_SA,in_game_wiki,175,1310.1,619.5,98.4,620.0,3,5,1.09,,C:/hades/Hecton8/Docs/Lore/AppliedContent/packets/RS082_DEEP_REACH_ARTIFACT_MEMO_PACK.packets.json
RS082_DEEP_REACH_ARTIFACT_MEMO_PACK,P408_HALDANE_QUARANTINE_RELEASE_HOLD_ARTIFACT,ar_SA,external_site,115,938.24,670.08,118.08,680.0,2,4,1.14,,C:/hades/Hecton8/Docs/Lore/AppliedContent/packets/RS082_DEEP_REACH_ARTIFACT_MEMO_PACK.packets.json
RS082_DEEP_REACH_ARTIFACT_MEMO_PACK,P408_HALDANE_QUARANTINE_RELEASE_HOLD_ARTIFACT,ar_SA,field_note,77,552.16,552.16,131.32,560.0,1,3,1.224,,C:/hades/Hecton8/Docs/Lore/AppliedContent/packets/RS082_DEEP_REACH_ARTIFACT_MEMO_PACK.packets.json
RS082_DEEP_REACH_ARTIFACT_MEMO_PACK,P408_HALDANE_QUARANTINE_RELEASE_HOLD_ARTIFACT,id_ID,title,31,292.68,292.68,98.28,360.0,1,1,1.353,TEXT_EXPANSION_GT_1_35,C:/hades/Hecton8/Docs/Lore/AppliedContent/packets/RS082_DEEP_REACH_ARTIFACT_MEMO_PACK.packets.json
RS082_DEEP_REACH_ARTIFACT_MEMO_PACK,P408_HALDANE_QUARANTINE_RELEASE_HOLD_ARTIFACT,id_ID,scanner,100,816.0,443.2,87.36,460.0,2,2,1.165,,C:/hades/Hecton8/Docs/Lore/AppliedContent/packets/RS082_DEEP_REACH_ARTIFACT_MEMO_PACK.packets.json
RS082_DEEP_REACH_ARTIFACT_MEMO_PACK,P408_HALDANE_QUARANTINE_RELEASE_HOLD_ARTIFACT,id_ID,terminal,86,663.6,514.2,81.6,520.0,2,2,1.106,,C:/hades/Hecton8/Docs/Lore/AppliedContent/packets/RS082_DEEP_REACH_ARTIFACT_MEMO_PACK.packets.json
RS082_DEEP_REACH_ARTIFACT_MEMO_PACK,P408_HALDANE_QUARANTINE_RELEASE_HOLD_ARTIFACT,id_ID,audio,58,549.72,549.72,75.6,620.0,1,2,1.31,,C:/hades/Hecton8/Docs/Lore/AppliedContent/packets/RS082_DEEP_REACH_ARTIFACT_MEMO_PACK.packets.json
RS082_DEEP_REACH_ARTIFACT_MEMO_PACK,P408_HALDANE_QUARANTINE_RELEASE_HOLD_ARTIFACT,id_ID,in_game_wiki,175,1310.1,619.5,98.4,620.0,3,5,1.09,,C:/hades/Hecton8/Docs/Lore/AppliedContent/packets/RS082_DEEP_REACH_ARTIFACT_MEMO_PACK.packets.json
RS082_DEEP_REACH_ARTIFACT_MEMO_PACK,P408_HALDANE_QUARANTINE_RELEASE_HOLD_ARTIFACT,id_ID,external_site,115,938.24,670.08,118.08,680.0,2,4,1.14,,C:/hades/Hecton8/Docs/Lore/AppliedContent/packets/RS082_DEEP_REACH_ARTIFACT_MEMO_PACK.packets.json
RS082_DEEP_REACH_ARTIFACT_MEMO_PACK,P408_HALDANE_QUARANTINE_RELEASE_HOLD_ARTIFACT,id_ID,field_note,77,552.16,552.16,131.32,560.0,1,3,1.224,,C:/hades/Hecton8/Docs/Lore/AppliedContent/packets/RS082_DEEP_REACH_ARTIFACT_MEMO_PACK.packets.json
RS082_DEEP_REACH_ARTIFACT_MEMO_PACK,P408_HALDANE_QUARANTINE_RELEASE_HOLD_ARTIFACT,ko_KR,title,31,292.68,292.68,98.28,360.0,1,1,1.353,TEXT_EXPANSION_GT_1_35,C:/hades/Hecton8/Docs/Lore/AppliedContent/packets/RS082_DEEP_REACH_ARTIFACT_MEMO_PACK.packets.json
RS082_DEEP_REACH_ARTIFACT_MEMO_PACK,P408_HALDANE_QUARANTINE_RELEASE_HOLD_ARTIFACT,ko_KR,scanner,100,816.0,443.2,87.36,460.0,2,2,1.165,,C:/hades/Hecton8/Docs/Lore/AppliedContent/packets/RS082_DEEP_REACH_ARTIFACT_MEMO_PACK.packets.json
RS082_DEEP_REACH_ARTIFACT_MEMO_PACK,P408_HALDANE_QUARANTINE_RELEASE_HOLD_ARTIFACT,ko_KR,terminal,86,663.6,514.2,81.6,520.0,2,2,1.106,,C:/hades/Hecton8/Docs/Lore/AppliedContent/packets/RS082_DEEP_REACH_ARTIFACT_MEMO_PACK.packets.json
RS082_DEEP_REACH_ARTIFACT_MEMO_PACK,P408_HALDANE_QUARANTINE_RELEASE_HOLD_ARTIFACT,ko_KR,audio,58,549.72,549.72,75.6,620.0,1,2,1.31,,C:/hades/Hecton8/Docs/Lore/AppliedContent/packets/RS082_DEEP_REACH_ARTIFACT_MEMO_PACK.packets.json
RS082_DEEP_REACH_ARTIFACT_MEMO_PACK,P408_HALDANE_QUARANTINE_RELEASE_HOLD_ARTIFACT,ko_KR,in_game_wiki,175,1310.1,619.5,98.4,620.0,3,5,1.09,,C:/hades/Hecton8/Docs/Lore/AppliedContent/packets/RS082_DEEP_REACH_ARTIFACT_MEMO_PACK.packets.json
RS082_DEEP_REACH_ARTIFACT_MEMO_PACK,P408_HALDANE_QUARANTINE_RELEASE_HOLD_ARTIFACT,ko_KR,external_site,115,938.24,670.08,118.08,680.0,2,4,1.14,,C:/hades/Hecton8/Docs/Lore/AppliedContent/packets/RS082_DEEP_REACH_ARTIFACT_MEMO_PACK.packets.json
RS082_DEEP_REACH_ARTIFACT_MEMO_PACK,P408_HALDANE_QUARANTINE_RELEASE_HOLD_ARTIFACT,ko_KR,field_note,77,552.16,552.16,131.32,560.0,1,3,1.224,,C:/hades/Hecton8/Docs/Lore/AppliedContent/packets/RS082_DEEP_REACH_ARTIFACT_MEMO_PACK.packets.json
RS082_DEEP_REACH_ARTIFACT_MEMO_PACK,P408_HALDANE_QUARANTINE_RELEASE_HOLD_ARTIFACT,he_IL,title,31,292.68,292.68,98.28,360.0,1,1,1.353,TEXT_EXPANSION_GT_1_35,C:/hades/Hecton8/Docs/Lore/AppliedContent/packets/RS082_DEEP_REACH_ARTIFACT_MEMO_PACK.packets.json
RS082_DEEP_REACH_ARTIFACT_MEMO_PACK,P408_HALDANE_QUARANTINE_RELEASE_HOLD_ARTIFACT,he_IL,scanner,100,816.0,443.2,87.36,460.0,2,2,1.165,,C:/hades/Hecton8/Docs/Lore/AppliedContent/packets/RS082_DEEP_REACH_ARTIFACT_MEMO_PACK.packets.json
RS082_DEEP_REACH_ARTIFACT_MEMO_PACK,P408_HALDANE_QUARANTINE_RELEASE_HOLD_ARTIFACT,he_IL,terminal,86,663.6,514.2,81.6,520.0,2,2,1.106,,C:/hades/Hecton8/Docs/Lore/AppliedContent/packets/RS082_DEEP_REACH_ARTIFACT_MEMO_PACK.packets.json
RS082_DEEP_REACH_ARTIFACT_MEMO_PACK,P408_HALDANE_QUARANTINE_RELEASE_HOLD_ARTIFACT,he_IL,audio,58,549.72,549.72,75.6,620.0,1,2,1.31,,C:/hades/Hecton8/Docs/Lore/AppliedContent/packets/RS082_DEEP_REACH_ARTIFACT_MEMO_PACK.packets.json
RS082_DEEP_REACH_ARTIFACT_MEMO_PACK,P408_HALDANE_QUARANTINE_RELEASE_HOLD_ARTIFACT,he_IL,in_game_wiki,175,1310.1,619.5,98.4,620.0,3,5,1.09,,C:/hades/Hecton8/Docs/Lore/AppliedContent/packets/RS082_DEEP_REACH_ARTIFACT_MEMO_PACK.packets.json
RS082_DEEP_REACH_ARTIFACT_MEMO_PACK,P408_HALDANE_QUARANTINE_RELEASE_HOLD_ARTIFACT,he_IL,external_site,115,938.24,670.08,118.08,680.0,2,4,1.14,,C:/hades/Hecton8/Docs/Lore/AppliedContent/packets/RS082_DEEP_REACH_ARTIFACT_MEMO_PACK.packets.json
RS082_DEEP_REACH_ARTIFACT_MEMO_PACK,P408_HALDANE_QUARANTINE_RELEASE_HOLD_ARTIFACT,he_IL,field_note,77,552.16,552.16,131.32,560.0,1,3,1.224,,C:/hades/Hecton8/Docs/Lore/AppliedContent/packets/RS082_DEEP_REACH_ARTIFACT_MEMO_PACK.packets.json
RS082_DEEP_REACH_ARTIFACT_MEMO_PACK,P408_HALDANE_QUARANTINE_RELEASE_HOLD_ARTIFACT,pt_BR,title,34,322.56,322.56,98.28,360.0,1,1,1.491,TEXT_EXPANSION_GT_1_35,C:/hades/Hecton8/Docs/Lore/AppliedContent/packets/RS082_DEEP_REACH_ARTIFACT_MEMO_PACK.packets.json
RS082_DEEP_REACH_ARTIFACT_MEMO_PACK,P408_HALDANE_QUARANTINE_RELEASE_HOLD_ARTIFACT,pt_BR,scanner,100,816.0,443.2,87.36,460.0,2,2,1.165,,C:/hades/Hecton8/Docs/Lore/AppliedContent/packets/RS082_DEEP_REACH_ARTIFACT_MEMO_PACK.packets.json
RS082_DEEP_REACH_ARTIFACT_MEMO_PACK,P408_HALDANE_QUARANTINE_RELEASE_HOLD_ARTIFACT,pt_BR,terminal,89,688.5,494.1,81.6,520.0,2,2,1.148,,C:/hades/Hecton8/Docs/Lore/AppliedContent/packets/RS082_DEEP_REACH_ARTIFACT_MEMO_PACK.packets.json
RS082_DEEP_REACH_ARTIFACT_MEMO_PACK,P408_HALDANE_QUARANTINE_RELEASE_HOLD_ARTIFACT,pt_BR,audio,58,549.72,549.72,75.6,620.0,1,2,1.31,,C:/hades/Hecton8/Docs/Lore/AppliedContent/packets/RS082_DEEP_REACH_ARTIFACT_MEMO_PACK.packets.json
RS082_DEEP_REACH_ARTIFACT_MEMO_PACK,P408_HALDANE_QUARANTINE_RELEASE_HOLD_ARTIFACT,pt_BR,in_game_wiki,175,1310.1,619.5,98.4,620.0,3,5,1.09,,C:/hades/Hecton8/Docs/Lore/AppliedContent/packets/RS082_DEEP_REACH_ARTIFACT_MEMO_PACK.packets.json
RS082_DEEP_REACH_ARTIFACT_MEMO_PACK,P408_HALDANE_QUARANTINE_RELEASE_HOLD_ARTIFACT,pt_BR,external_site,115,938.24,670.08,118.08,680.0,2,4,1.14,,C:/hades/Hecton8/Docs/Lore/AppliedContent/packets/RS082_DEEP_REACH_ARTIFACT_MEMO_PACK.packets.json
RS082_DEEP_REACH_ARTIFACT_MEMO_PACK,P408_HALDANE_QUARANTINE_RELEASE_HOLD_ARTIFACT,pt_BR,field_note,77,552.16,552.16,131.32,560.0,1,3,1.224,,C:/hades/Hecton8/Docs/Lore/AppliedContent/packets/RS082_DEEP_REACH_ARTIFACT_MEMO_PACK.packets.json
RS082_DEEP_REACH_ARTIFACT_MEMO_PACK,P408_HALDANE_QUARANTINE_RELEASE_HOLD_ARTIFACT,nl_NL,title,31,292.68,292.68,98.28,360.0,1,1,1.353,TEXT_EXPANSION_GT_1_35,C:/hades/Hecton8/Docs/Lore/AppliedContent/packets/RS082_DEEP_REACH_ARTIFACT_MEMO_PACK.packets.json
RS082_DEEP_REACH_ARTIFACT_MEMO_PACK,P408_HALDANE_QUARANTINE_RELEASE_HOLD_ARTIFACT,nl_NL,scanner,100,816.0,443.2,87.36,460.0,2,2,1.165,,C:/hades/Hecton8/Docs/Lore/AppliedContent/packets/RS082_DEEP_REACH_ARTIFACT_MEMO_PACK.packets.json
RS082_DEEP_REACH_ARTIFACT_MEMO_PACK,P408_HALDANE_QUARANTINE_RELEASE_HOLD_ARTIFACT,nl_NL,terminal,86,663.6,514.2,81.6,520.0,2,2,1.106,,C:/hades/Hecton8/Docs/Lore/AppliedContent/packets/RS082_DEEP_REACH_ARTIFACT_MEMO_PACK.packets.json
RS082_DEEP_REACH_ARTIFACT_MEMO_PACK,P408_HALDANE_QUARANTINE_RELEASE_HOLD_ARTIFACT,nl_NL,audio,58,549.72,549.72,75.6,620.0,1,2,1.31,,C:/hades/Hecton8/Docs/Lore/AppliedContent/packets/RS082_DEEP_REACH_ARTIFACT_MEMO_PACK.packets.json
RS082_DEEP_REACH_ARTIFACT_MEMO_PACK,P408_HALDANE_QUARANTINE_RELEASE_HOLD_ARTIFACT,nl_NL,in_game_wiki,175,1310.1,619.5,98.4,620.0,3,5,1.09,,C:/hades/Hecton8/Docs/Lore/AppliedContent/packets/RS082_DEEP_REACH_ARTIFACT_MEMO_PACK.packets.json
RS082_DEEP_REACH_ARTIFACT_MEMO_PACK,P408_HALDANE_QUARANTINE_RELEASE_HOLD_ARTIFACT,nl_NL,external_site,115,938.24,670.08,118.08,680.0,2,4,1.14,,C:/hades/Hecton8/Docs/Lore/AppliedContent/packets/RS082_DEEP_REACH_ARTIFACT_MEMO_PACK.packets.json
RS082_DEEP_REACH_ARTIFACT_MEMO_PACK,P408_HALDANE_QUARANTINE_RELEASE_HOLD_ARTIFACT,nl_NL,field_note,77,552.16,552.16,131.32,560.0,1,3,1.224,,C:/hades/Hecton8/Docs/Lore/AppliedContent/packets/RS082_DEEP_REACH_ARTIFACT_MEMO_PACK.packets.json
RS082_DEEP_REACH_ARTIFACT_MEMO_PACK,P409_IBARRA_LOSS_CONVERSION_LEDGER_ARTIFACT,en_US,title,18,178.92,178.92,62.28,360.0,1,1,1.0,,C:/hades/Hecton8/Docs/Lore/AppliedContent/packets/RS082_DEEP_REACH_ARTIFACT_MEMO_PACK.packets.json
RS082_DEEP_REACH_ARTIFACT_MEMO_PACK,P409_IBARRA_LOSS_CONVERSION_LEDGER_ARTIFACT,en_US,scanner,87,700.8,431.04,85.76,460.0,2,2,1.0,,C:/hades/Hecton8/Docs/Lore/AppliedContent/packets/RS082_DEEP_REACH_ARTIFACT_MEMO_PACK.packets.json
RS082_DEEP_REACH_ARTIFACT_MEMO_PACK,P409_IBARRA_LOSS_CONVERSION_LEDGER_ARTIFACT,en_US,terminal,82,626.4,476.7,76.8,520.0,2,2,1.0,,C:/hades/Hecton8/Docs/Lore/AppliedContent/packets/RS082_DEEP_REACH_ARTIFACT_MEMO_PACK.packets.json
RS082_DEEP_REACH_ARTIFACT_MEMO_PACK,P409_IBARRA_LOSS_CONVERSION_LEDGER_ARTIFACT,en_US,audio,60,554.76,554.76,66.24,620.0,1,2,1.0,,C:/hades/Hecton8/Docs/Lore/AppliedContent/packets/RS082_DEEP_REACH_ARTIFACT_MEMO_PACK.packets.json
RS082_DEEP_REACH_ARTIFACT_MEMO_PACK,P409_IBARRA_LOSS_CONVERSION_LEDGER_ARTIFACT,en_US,in_game_wiki,142,1067.1,576.6,80.4,620.0,2,5,1.0,,C:/hades/Hecton8/Docs/Lore/AppliedContent/packets/RS082_DEEP_REACH_ARTIFACT_MEMO_PACK.packets.json
RS082_DEEP_REACH_ARTIFACT_MEMO_PACK,P409_IBARRA_LOSS_CONVERSION_LEDGER_ARTIFACT,en_US,external_site,86,721.28,635.2,86.08,680.0,2,4,1.0,,C:/hades/Hecton8/Docs/Lore/AppliedContent/packets/RS082_DEEP_REACH_ARTIFACT_MEMO_PACK.packets.json
RS082_DEEP_REACH_ARTIFACT_MEMO_PACK,P409_IBARRA_LOSS_CONVERSION_LEDGER_ARTIFACT,en_US,field_note,61,407.12,407.12,72.52,560.0,1,3,1.0,,C:/hades/Hecton8/Docs/Lore/AppliedContent/packets/RS082_DEEP_REACH_ARTIFACT_MEMO_PACK.packets.json
RS082_DEEP_REACH_ARTIFACT_MEMO_PACK,P409_IBARRA_LOSS_CONVERSION_LEDGER_ARTIFACT,ru_RU,title,20,202.32,202.32,63.72,360.0,1,1,1.131,,C:/hades/Hecton8/Docs/Lore/AppliedContent/packets/RS082_DEEP_REACH_ARTIFACT_MEMO_PACK.packets.json
RS082_DEEP_REACH_ARTIFACT_MEMO_PACK,P409_IBARRA_LOSS_CONVERSION_LEDGER_ARTIFACT,ru_RU,scanner,89,756.16,429.44,106.24,460.0,2,2,1.079,,C:/hades/Hecton8/Docs/Lore/AppliedContent/packets/RS082_DEEP_REACH_ARTIFACT_MEMO_PACK.packets.json
RS082_DEEP_REACH_ARTIFACT_MEMO_PACK,P409_IBARRA_LOSS_CONVERSION_LEDGER_ARTIFACT,ru_RU,terminal,72,591.3,486.6,117.0,520.0,2,2,0.944,,C:/hades/Hecton8/Docs/Lore/AppliedContent/packets/RS082_DEEP_REACH_ARTIFACT_MEMO_PACK.packets.json
RS082_DEEP_REACH_ARTIFACT_MEMO_PACK,P409_IBARRA_LOSS_CONVERSION_LEDGER_ARTIFACT,ru_RU,audio,50,465.12,465.12,66.24,620.0,1,2,0.838,,C:/hades/Hecton8/Docs/Lore/AppliedContent/packets/RS082_DEEP_REACH_ARTIFACT_MEMO_PACK.packets.json
RS082_DEEP_REACH_ARTIFACT_MEMO_PACK,P409_IBARRA_LOSS_CONVERSION_LEDGER_ARTIFACT,ru_RU,in_game_wiki,128,1037.4,572.7,113.1,620.0,2,5,0.972,,C:/hades/Hecton8/Docs/Lore/AppliedContent/packets/RS082_DEEP_REACH_ARTIFACT_MEMO_PACK.packets.json
RS082_DEEP_REACH_ARTIFACT_MEMO_PACK,P409_IBARRA_LOSS_CONVERSION_LEDGER_ARTIFACT,ru_RU,external_site,98,849.28,639.36,102.08,680.0,2,4,1.177,,C:/hades/Hecton8/Docs/Lore/AppliedContent/packets/RS082_DEEP_REACH_ARTIFACT_MEMO_PACK.packets.json
RS082_DEEP_REACH_ARTIFACT_MEMO_PACK,P409_IBARRA_LOSS_CONVERSION_LEDGER_ARTIFACT,ru_RU,field_note,70,493.64,493.64,98.28,560.0,1,3,1.213,,C:/hades/Hecton8/Docs/Lore/AppliedContent/packets/RS082_DEEP_REACH_ARTIFACT_MEMO_PACK.packets.json
RS082_DEEP_REACH_ARTIFACT_MEMO_PACK,P409_IBARRA_LOSS_CONVERSION_LEDGER_ARTIFACT,ja_JP,title,26,255.24,255.24,62.28,360.0,1,1,1.427,TEXT_EXPANSION_GT_1_35,C:/hades/Hecton8/Docs/Lore/AppliedContent/packets/RS082_DEEP_REACH_ARTIFACT_MEMO_PACK.packets.json
RS082_DEEP_REACH_ARTIFACT_MEMO_PACK,P409_IBARRA_LOSS_CONVERSION_LEDGER_ARTIFACT,ja_JP,scanner,100,816.32,445.76,85.76,460.0,2,2,1.165,,C:/hades/Hecton8/Docs/Lore/AppliedContent/packets/RS082_DEEP_REACH_ARTIFACT_MEMO_PACK.packets.json
RS082_DEEP_REACH_ARTIFACT_MEMO_PACK,P409_IBARRA_LOSS_CONVERSION_LEDGER_ARTIFACT,ja_JP,terminal,90,690.0,488.1,76.8,520.0,2,2,1.102,,C:/hades/Hecton8/Docs/Lore/AppliedContent/packets/RS082_DEEP_REACH_ARTIFACT_MEMO_PACK.packets.json
RS082_DEEP_REACH_ARTIFACT_MEMO_PACK,P409_IBARRA_LOSS_CONVERSION_LEDGER_ARTIFACT,ja_JP,audio,73,684.72,561.6,66.24,620.0,2,2,1.234,,C:/hades/Hecton8/Docs/Lore/AppliedContent/packets/RS082_DEEP_REACH_ARTIFACT_MEMO_PACK.packets.json
RS082_DEEP_REACH_ARTIFACT_MEMO_PACK,P409_IBARRA_LOSS_CONVERSION_LEDGER_ARTIFACT,ja_JP,in_game_wiki,155,1175.4,599.1,80.4,620.0,2,5,1.101,,C:/hades/Hecton8/Docs/Lore/AppliedContent/packets/RS082_DEEP_REACH_ARTIFACT_MEMO_PACK.packets.json
RS082_DEEP_REACH_ARTIFACT_MEMO_PACK,P409_IBARRA_LOSS_CONVERSION_LEDGER_ARTIFACT,ja_JP,external_site,99,836.8,636.16,86.08,680.0,2,4,1.16,,C:/hades/Hecton8/Docs/Lore/AppliedContent/packets/RS082_DEEP_REACH_ARTIFACT_MEMO_PACK.packets.json
RS082_DEEP_REACH_ARTIFACT_MEMO_PACK,P409_IBARRA_LOSS_CONVERSION_LEDGER_ARTIFACT,ja_JP,field_note,74,508.2,508.2,72.52,560.0,1,3,1.248,,C:/hades/Hecton8/Docs/Lore/AppliedContent/packets/RS082_DEEP_REACH_ARTIFACT_MEMO_PACK.packets.json
RS082_DEEP_REACH_ARTIFACT_MEMO_PACK,P409_IBARRA_LOSS_CONVERSION_LEDGER_ARTIFACT,zh_CN,title,26,255.24,255.24,62.28,360.0,1,1,1.427,TEXT_EXPANSION_GT_1_35,C:/hades/Hecton8/Docs/Lore/AppliedContent/packets/RS082_DEEP_REACH_ARTIFACT_MEMO_PACK.packets.json
RS082_DEEP_REACH_ARTIFACT_MEMO_PACK,P409_IBARRA_LOSS_CONVERSION_LEDGER_ARTIFACT,zh_CN,scanner,100,816.32,445.76,85.76,460.0,2,2,1.165,,C:/hades/Hecton8/Docs/Lore/AppliedContent/packets/RS082_DEEP_REACH_ARTIFACT_MEMO_PACK.packets.json
RS082_DEEP_REACH_ARTIFACT_MEMO_PACK,P409_IBARRA_LOSS_CONVERSION_LEDGER_ARTIFACT,zh_CN,terminal,90,690.0,488.1,76.8,520.0,2,2,1.102,,C:/hades/Hecton8/Docs/Lore/AppliedContent/packets/RS082_DEEP_REACH_ARTIFACT_MEMO_PACK.packets.json
RS082_DEEP_REACH_ARTIFACT_MEMO_PACK,P409_IBARRA_LOSS_CONVERSION_LEDGER_ARTIFACT,zh_CN,audio,73,684.72,561.6,66.24,620.0,2,2,1.234,,C:/hades/Hecton8/Docs/Lore/AppliedContent/packets/RS082_DEEP_REACH_ARTIFACT_MEMO_PACK.packets.json
RS082_DEEP_REACH_ARTIFACT_MEMO_PACK,P409_IBARRA_LOSS_CONVERSION_LEDGER_ARTIFACT,zh_CN,in_game_wiki,155,1175.4,599.1,80.4,620.0,2,5,1.101,,C:/hades/Hecton8/Docs/Lore/AppliedContent/packets/RS082_DEEP_REACH_ARTIFACT_MEMO_PACK.packets.json
RS082_DEEP_REACH_ARTIFACT_MEMO_PACK,P409_IBARRA_LOSS_CONVERSION_LEDGER_ARTIFACT,zh_CN,external_site,99,836.8,636.16,86.08,680.0,2,4,1.16,,C:/hades/Hecton8/Docs/Lore/AppliedContent/packets/RS082_DEEP_REACH_ARTIFACT_MEMO_PACK.packets.json
RS082_DEEP_REACH_ARTIFACT_MEMO_PACK,P409_IBARRA_LOSS_CONVERSION_LEDGER_ARTIFACT,zh_CN,field_note,74,508.2,508.2,72.52,560.0,1,3,1.248,,C:/hades/Hecton8/Docs/Lore/AppliedContent/packets/RS082_DEEP_REACH_ARTIFACT_MEMO_PACK.packets.json
RS082_DEEP_REACH_ARTIFACT_MEMO_PACK,P409_IBARRA_LOSS_CONVERSION_LEDGER_ARTIFACT,fr_FR,title,26,255.24,255.24,62.28,360.0,1,1,1.427,TEXT_EXPANSION_GT_1_35,C:/hades/Hecton8/Docs/Lore/AppliedContent/packets/RS082_DEEP_REACH_ARTIFACT_MEMO_PACK.packets.json
RS082_DEEP_REACH_ARTIFACT_MEMO_PACK,P409_IBARRA_LOSS_CONVERSION_LEDGER_ARTIFACT,fr_FR,scanner,100,816.32,445.76,85.76,460.0,2,2,1.165,,C:/hades/Hecton8/Docs/Lore/AppliedContent/packets/RS082_DEEP_REACH_ARTIFACT_MEMO_PACK.packets.json
RS082_DEEP_REACH_ARTIFACT_MEMO_PACK,P409_IBARRA_LOSS_CONVERSION_LEDGER_ARTIFACT,fr_FR,terminal,90,690.0,488.1,76.8,520.0,2,2,1.102,,C:/hades/Hecton8/Docs/Lore/AppliedContent/packets/RS082_DEEP_REACH_ARTIFACT_MEMO_PACK.packets.json
RS082_DEEP_REACH_ARTIFACT_MEMO_PACK,P409_IBARRA_LOSS_CONVERSION_LEDGER_ARTIFACT,fr_FR,audio,73,684.72,561.6,66.24,620.0,2,2,1.234,,C:/hades/Hecton8/Docs/Lore/AppliedContent/packets/RS082_DEEP_REACH_ARTIFACT_MEMO_PACK.packets.json
RS082_DEEP_REACH_ARTIFACT_MEMO_PACK,P409_IBARRA_LOSS_CONVERSION_LEDGER_ARTIFACT,fr_FR,in_game_wiki,155,1175.4,599.1,80.4,620.0,2,5,1.101,,C:/hades/Hecton8/Docs/Lore/AppliedContent/packets/RS082_DEEP_REACH_ARTIFACT_MEMO_PACK.packets.json
RS082_DEEP_REACH_ARTIFACT_MEMO_PACK,P409_IBARRA_LOSS_CONVERSION_LEDGER_ARTIFACT,fr_FR,external_site,99,836.8,636.16,86.08,680.0,2,4,1.16,,C:/hades/Hecton8/Docs/Lore/AppliedContent/packets/RS082_DEEP_REACH_ARTIFACT_MEMO_PACK.packets.json
RS082_DEEP_REACH_ARTIFACT_MEMO_PACK,P409_IBARRA_LOSS_CONVERSION_LEDGER_ARTIFACT,fr_FR,field_note,74,508.2,508.2,72.52,560.0,1,3,1.248,,C:/hades/Hecton8/Docs/Lore/AppliedContent/packets/RS082_DEEP_REACH_ARTIFACT_MEMO_PACK.packets.json
RS082_DEEP_REACH_ARTIFACT_MEMO_PACK,P409_IBARRA_LOSS_CONVERSION_LEDGER_ARTIFACT,es_ES,title,26,255.24,255.24,62.28,360.0,1,1,1.427,TEXT_EXPANSION_GT_1_35,C:/hades/Hecton8/Docs/Lore/AppliedContent/packets/RS082_DEEP_REACH_ARTIFACT_MEMO_PACK.packets.json
RS082_DEEP_REACH_ARTIFACT_MEMO_PACK,P409_IBARRA_LOSS_CONVERSION_LEDGER_ARTIFACT,es_ES,scanner,100,816.32,445.76,85.76,460.0,2,2,1.165,,C:/hades/Hecton8/Docs/Lore/AppliedContent/packets/RS082_DEEP_REACH_ARTIFACT_MEMO_PACK.packets.json
RS082_DEEP_REACH_ARTIFACT_MEMO_PACK,P409_IBARRA_LOSS_CONVERSION_LEDGER_ARTIFACT,es_ES,terminal,90,690.0,488.1,76.8,520.0,2,2,1.102,,C:/hades/Hecton8/Docs/Lore/AppliedContent/packets/RS082_DEEP_REACH_ARTIFACT_MEMO_PACK.packets.json
RS082_DEEP_REACH_ARTIFACT_MEMO_PACK,P409_IBARRA_LOSS_CONVERSION_LEDGER_ARTIFACT,es_ES,audio,73,684.72,561.6,66.24,620.0,2,2,1.234,,C:/hades/Hecton8/Docs/Lore/AppliedContent/packets/RS082_DEEP_REACH_ARTIFACT_MEMO_PACK.packets.json
RS082_DEEP_REACH_ARTIFACT_MEMO_PACK,P409_IBARRA_LOSS_CONVERSION_LEDGER_ARTIFACT,es_ES,in_game_wiki,155,1175.4,599.1,80.4,620.0,2,5,1.101,,C:/hades/Hecton8/Docs/Lore/AppliedContent/packets/RS082_DEEP_REACH_ARTIFACT_MEMO_PACK.packets.json
RS082_DEEP_REACH_ARTIFACT_MEMO_PACK,P409_IBARRA_LOSS_CONVERSION_LEDGER_ARTIFACT,es_ES,external_site,99,836.8,636.16,86.08,680.0,2,4,1.16,,C:/hades/Hecton8/Docs/Lore/AppliedContent/packets/RS082_DEEP_REACH_ARTIFACT_MEMO_PACK.packets.json
RS082_DEEP_REACH_ARTIFACT_MEMO_PACK,P409_IBARRA_LOSS_CONVERSION_LEDGER_ARTIFACT,es_ES,field_note,74,508.2,508.2,72.52,560.0,1,3,1.248,,C:/hades/Hecton8/Docs/Lore/AppliedContent/packets/RS082_DEEP_REACH_ARTIFACT_MEMO_PACK.packets.json
RS082_DEEP_REACH_ARTIFACT_MEMO_PACK,P409_IBARRA_LOSS_CONVERSION_LEDGER_ARTIFACT,de_DE,title,26,255.24,255.24,62.28,360.0,1,1,1.427,TEXT_EXPANSION_GT_1_35,C:/hades/Hecton8/Docs/Lore/AppliedContent/packets/RS082_DEEP_REACH_ARTIFACT_MEMO_PACK.packets.json
RS082_DEEP_REACH_ARTIFACT_MEMO_PACK,P409_IBARRA_LOSS_CONVERSION_LEDGER_ARTIFACT,de_DE,scanner,100,816.32,445.76,85.76,460.0,2,2,1.165,,C:/hades/Hecton8/Docs/Lore/AppliedContent/packets/RS082_DEEP_REACH_ARTIFACT_MEMO_PACK.packets.json
RS082_DEEP_REACH_ARTIFACT_MEMO_PACK,P409_IBARRA_LOSS_CONVERSION_LEDGER_ARTIFACT,de_DE,terminal,90,690.0,488.1,76.8,520.0,2,2,1.102,,C:/hades/Hecton8/Docs/Lore/AppliedContent/packets/RS082_DEEP_REACH_ARTIFACT_MEMO_PACK.packets.json
RS082_DEEP_REACH_ARTIFACT_MEMO_PACK,P409_IBARRA_LOSS_CONVERSION_LEDGER_ARTIFACT,de_DE,audio,73,684.72,561.6,66.24,620.0,2,2,1.234,,C:/hades/Hecton8/Docs/Lore/AppliedContent/packets/RS082_DEEP_REACH_ARTIFACT_MEMO_PACK.packets.json
RS082_DEEP_REACH_ARTIFACT_MEMO_PACK,P409_IBARRA_LOSS_CONVERSION_LEDGER_ARTIFACT,de_DE,in_game_wiki,155,1175.4,599.1,80.4,620.0,2,5,1.101,,C:/hades/Hecton8/Docs/Lore/AppliedContent/packets/RS082_DEEP_REACH_ARTIFACT_MEMO_PACK.packets.json
RS082_DEEP_REACH_ARTIFACT_MEMO_PACK,P409_IBARRA_LOSS_CONVERSION_LEDGER_ARTIFACT,de_DE,external_site,99,836.8,636.16,86.08,680.0,2,4,1.16,,C:/hades/Hecton8/Docs/Lore/AppliedContent/packets/RS082_DEEP_REACH_ARTIFACT_MEMO_PACK.packets.json
RS082_DEEP_REACH_ARTIFACT_MEMO_PACK,P409_IBARRA_LOSS_CONVERSION_LEDGER_ARTIFACT,de_DE,field_note,74,508.2,508.2,72.52,560.0,1,3,1.248,,C:/hades/Hecton8/Docs/Lore/AppliedContent/packets/RS082_DEEP_REACH_ARTIFACT_MEMO_PACK.packets.json
RS082_DEEP_REACH_ARTIFACT_MEMO_PACK,P409_IBARRA_LOSS_CONVERSION_LEDGER_ARTIFACT,pl_PL,title,26,255.24,255.24,62.28,360.0,1,1,1.427,TEXT_EXPANSION_GT_1_35,C:/hades/Hecton8/Docs/Lore/AppliedContent/packets/RS082_DEEP_REACH_ARTIFACT_MEMO_PACK.packets.json
RS082_DEEP_REACH_ARTIFACT_MEMO_PACK,P409_IBARRA_LOSS_CONVERSION_LEDGER_ARTIFACT,pl_PL,scanner,100,816.32,445.76,85.76,460.0,2,2,1.165,,C:/hades/Hecton8/Docs/Lore/AppliedContent/packets/RS082_DEEP_REACH_ARTIFACT_MEMO_PACK.packets.json
RS082_DEEP_REACH_ARTIFACT_MEMO_PACK,P409_IBARRA_LOSS_CONVERSION_LEDGER_ARTIFACT,pl_PL,terminal,90,690.0,488.1,76.8,520.0,2,2,1.102,,C:/hades/Hecton8/Docs/Lore/AppliedContent/packets/RS082_DEEP_REACH_ARTIFACT_MEMO_PACK.packets.json
RS082_DEEP_REACH_ARTIFACT_MEMO_PACK,P409_IBARRA_LOSS_CONVERSION_LEDGER_ARTIFACT,pl_PL,audio,73,684.72,561.6,66.24,620.0,2,2,1.234,,C:/hades/Hecton8/Docs/Lore/AppliedContent/packets/RS082_DEEP_REACH_ARTIFACT_MEMO_PACK.packets.json
RS082_DEEP_REACH_ARTIFACT_MEMO_PACK,P409_IBARRA_LOSS_CONVERSION_LEDGER_ARTIFACT,pl_PL,in_game_wiki,155,1175.4,599.1,80.4,620.0,2,5,1.101,,C:/hades/Hecton8/Docs/Lore/AppliedContent/packets/RS082_DEEP_REACH_ARTIFACT_MEMO_PACK.packets.json
RS082_DEEP_REACH_ARTIFACT_MEMO_PACK,P409_IBARRA_LOSS_CONVERSION_LEDGER_ARTIFACT,pl_PL,external_site,99,836.8,636.16,86.08,680.0,2,4,1.16,,C:/hades/Hecton8/Docs/Lore/AppliedContent/packets/RS082_DEEP_REACH_ARTIFACT_MEMO_PACK.packets.json
RS082_DEEP_REACH_ARTIFACT_MEMO_PACK,P409_IBARRA_LOSS_CONVERSION_LEDGER_ARTIFACT,pl_PL,field_note,74,508.2,508.2,72.52,560.0,1,3,1.248,,C:/hades/Hecton8/Docs/Lore/AppliedContent/packets/RS082_DEEP_REACH_ARTIFACT_MEMO_PACK.packets.json
RS082_DEEP_REACH_ARTIFACT_MEMO_PACK,P409_IBARRA_LOSS_CONVERSION_LEDGER_ARTIFACT,uk_UA,title,26,255.24,255.24,62.28,360.0,1,1,1.427,TEXT_EXPANSION_GT_1_35,C:/hades/Hecton8/Docs/Lore/AppliedContent/packets/RS082_DEEP_REACH_ARTIFACT_MEMO_PACK.packets.json
RS082_DEEP_REACH_ARTIFACT_MEMO_PACK,P409_IBARRA_LOSS_CONVERSION_LEDGER_ARTIFACT,uk_UA,scanner,100,816.32,445.76,85.76,460.0,2,2,1.165,,C:/hades/Hecton8/Docs/Lore/AppliedContent/packets/RS082_DEEP_REACH_ARTIFACT_MEMO_PACK.packets.json
RS082_DEEP_REACH_ARTIFACT_MEMO_PACK,P409_IBARRA_LOSS_CONVERSION_LEDGER_ARTIFACT,uk_UA,terminal,90,690.0,488.1,76.8,520.0,2,2,1.102,,C:/hades/Hecton8/Docs/Lore/AppliedContent/packets/RS082_DEEP_REACH_ARTIFACT_MEMO_PACK.packets.json
RS082_DEEP_REACH_ARTIFACT_MEMO_PACK,P409_IBARRA_LOSS_CONVERSION_LEDGER_ARTIFACT,uk_UA,audio,73,684.72,561.6,66.24,620.0,2,2,1.234,,C:/hades/Hecton8/Docs/Lore/AppliedContent/packets/RS082_DEEP_REACH_ARTIFACT_MEMO_PACK.packets.json
RS082_DEEP_REACH_ARTIFACT_MEMO_PACK,P409_IBARRA_LOSS_CONVERSION_LEDGER_ARTIFACT,uk_UA,in_game_wiki,155,1175.4,599.1,80.4,620.0,2,5,1.101,,C:/hades/Hecton8/Docs/Lore/AppliedContent/packets/RS082_DEEP_REACH_ARTIFACT_MEMO_PACK.packets.json
RS082_DEEP_REACH_ARTIFACT_MEMO_PACK,P409_IBARRA_LOSS_CONVERSION_LEDGER_ARTIFACT,uk_UA,external_site,99,836.8,636.16,86.08,680.0,2,4,1.16,,C:/hades/Hecton8/Docs/Lore/AppliedContent/packets/RS082_DEEP_REACH_ARTIFACT_MEMO_PACK.packets.json
RS082_DEEP_REACH_ARTIFACT_MEMO_PACK,P409_IBARRA_LOSS_CONVERSION_LEDGER_ARTIFACT,uk_UA,field_note,74,508.2,508.2,72.52,560.0,1,3,1.248,,C:/hades/Hecton8/Docs/Lore/AppliedContent/packets/RS082_DEEP_REACH_ARTIFACT_MEMO_PACK.packets.json
RS082_DEEP_REACH_ARTIFACT_MEMO_PACK,P409_IBARRA_LOSS_CONVERSION_LEDGER_ARTIFACT,ar_SA,title,26,255.24,255.24,62.28,360.0,1,1,1.427,TEXT_EXPANSION_GT_1_35,C:/hades/Hecton8/Docs/Lore/AppliedContent/packets/RS082_DEEP_REACH_ARTIFACT_MEMO_PACK.packets.json
RS082_DEEP_REACH_ARTIFACT_MEMO_PACK,P409_IBARRA_LOSS_CONVERSION_LEDGER_ARTIFACT,ar_SA,scanner,100,816.32,445.76,85.76,460.0,2,2,1.165,,C:/hades/Hecton8/Docs/Lore/AppliedContent/packets/RS082_DEEP_REACH_ARTIFACT_MEMO_PACK.packets.json
RS082_DEEP_REACH_ARTIFACT_MEMO_PACK,P409_IBARRA_LOSS_CONVERSION_LEDGER_ARTIFACT,ar_SA,terminal,90,690.0,488.1,76.8,520.0,2,2,1.102,,C:/hades/Hecton8/Docs/Lore/AppliedContent/packets/RS082_DEEP_REACH_ARTIFACT_MEMO_PACK.packets.json
RS082_DEEP_REACH_ARTIFACT_MEMO_PACK,P409_IBARRA_LOSS_CONVERSION_LEDGER_ARTIFACT,ar_SA,audio,73,684.72,561.6,66.24,620.0,2,2,1.234,,C:/hades/Hecton8/Docs/Lore/AppliedContent/packets/RS082_DEEP_REACH_ARTIFACT_MEMO_PACK.packets.json
RS082_DEEP_REACH_ARTIFACT_MEMO_PACK,P409_IBARRA_LOSS_CONVERSION_LEDGER_ARTIFACT,ar_SA,in_game_wiki,155,1175.4,599.1,80.4,620.0,2,5,1.101,,C:/hades/Hecton8/Docs/Lore/AppliedContent/packets/RS082_DEEP_REACH_ARTIFACT_MEMO_PACK.packets.json
RS082_DEEP_REACH_ARTIFACT_MEMO_PACK,P409_IBARRA_LOSS_CONVERSION_LEDGER_ARTIFACT,ar_SA,external_site,99,836.8,636.16,86.08,680.0,2,4,1.16,,C:/hades/Hecton8/Docs/Lore/AppliedContent/packets/RS082_DEEP_REACH_ARTIFACT_MEMO_PACK.packets.json
RS082_DEEP_REACH_ARTIFACT_MEMO_PACK,P409_IBARRA_LOSS_CONVERSION_LEDGER_ARTIFACT,ar_SA,field_note,74,508.2,508.2,72.52,560.0,1,3,1.248,,C:/hades/Hecton8/Docs/Lore/AppliedContent/packets/RS082_DEEP_REACH_ARTIFACT_MEMO_PACK.packets.json
RS082_DEEP_REACH_ARTIFACT_MEMO_PACK,P409_IBARRA_LOSS_CONVERSION_LEDGER_ARTIFACT,id_ID,title,26,255.24,255.24,62.28,360.0,1,1,1.427,TEXT_EXPANSION_GT_1_35,C:/hades/Hecton8/Docs/Lore/AppliedContent/packets/RS082_DEEP_REACH_ARTIFACT_MEMO_PACK.packets.json
RS082_DEEP_REACH_ARTIFACT_MEMO_PACK,P409_IBARRA_LOSS_CONVERSION_LEDGER_ARTIFACT,id_ID,scanner,100,816.32,445.76,85.76,460.0,2,2,1.165,,C:/hades/Hecton8/Docs/Lore/AppliedContent/packets/RS082_DEEP_REACH_ARTIFACT_MEMO_PACK.packets.json
RS082_DEEP_REACH_ARTIFACT_MEMO_PACK,P409_IBARRA_LOSS_CONVERSION_LEDGER_ARTIFACT,id_ID,terminal,90,690.0,488.1,76.8,520.0,2,2,1.102,,C:/hades/Hecton8/Docs/Lore/AppliedContent/packets/RS082_DEEP_REACH_ARTIFACT_MEMO_PACK.packets.json
RS082_DEEP_REACH_ARTIFACT_MEMO_PACK,P409_IBARRA_LOSS_CONVERSION_LEDGER_ARTIFACT,id_ID,audio,73,684.72,561.6,66.24,620.0,2,2,1.234,,C:/hades/Hecton8/Docs/Lore/AppliedContent/packets/RS082_DEEP_REACH_ARTIFACT_MEMO_PACK.packets.json
RS082_DEEP_REACH_ARTIFACT_MEMO_PACK,P409_IBARRA_LOSS_CONVERSION_LEDGER_ARTIFACT,id_ID,in_game_wiki,155,1175.4,599.1,80.4,620.0,2,5,1.101,,C:/hades/Hecton8/Docs/Lore/AppliedContent/packets/RS082_DEEP_REACH_ARTIFACT_MEMO_PACK.packets.json
RS082_DEEP_REACH_ARTIFACT_MEMO_PACK,P409_IBARRA_LOSS_CONVERSION_LEDGER_ARTIFACT,id_ID,external_site,99,836.8,636.16,86.08,680.0,2,4,1.16,,C:/hades/Hecton8/Docs/Lore/AppliedContent/packets/RS082_DEEP_REACH_ARTIFACT_MEMO_PACK.packets.json
RS082_DEEP_REACH_ARTIFACT_MEMO_PACK,P409_IBARRA_LOSS_CONVERSION_LEDGER_ARTIFACT,id_ID,field_note,74,508.2,508.2,72.52,560.0,1,3,1.248,,C:/hades/Hecton8/Docs/Lore/AppliedContent/packets/RS082_DEEP_REACH_ARTIFACT_MEMO_PACK.packets.json
RS082_DEEP_REACH_ARTIFACT_MEMO_PACK,P409_IBARRA_LOSS_CONVERSION_LEDGER_ARTIFACT,ko_KR,title,26,255.24,255.24,62.28,360.0,1,1,1.427,TEXT_EXPANSION_GT_1_35,C:/hades/Hecton8/Docs/Lore/AppliedContent/packets/RS082_DEEP_REACH_ARTIFACT_MEMO_PACK.packets.json
RS082_DEEP_REACH_ARTIFACT_MEMO_PACK,P409_IBARRA_LOSS_CONVERSION_LEDGER_ARTIFACT,ko_KR,scanner,100,816.32,445.76,85.76,460.0,2,2,1.165,,C:/hades/Hecton8/Docs/Lore/AppliedContent/packets/RS082_DEEP_REACH_ARTIFACT_MEMO_PACK.packets.json
RS082_DEEP_REACH_ARTIFACT_MEMO_PACK,P409_IBARRA_LOSS_CONVERSION_LEDGER_ARTIFACT,ko_KR,terminal,90,690.0,488.1,76.8,520.0,2,2,1.102,,C:/hades/Hecton8/Docs/Lore/AppliedContent/packets/RS082_DEEP_REACH_ARTIFACT_MEMO_PACK.packets.json
RS082_DEEP_REACH_ARTIFACT_MEMO_PACK,P409_IBARRA_LOSS_CONVERSION_LEDGER_ARTIFACT,ko_KR,audio,73,684.72,561.6,66.24,620.0,2,2,1.234,,C:/hades/Hecton8/Docs/Lore/AppliedContent/packets/RS082_DEEP_REACH_ARTIFACT_MEMO_PACK.packets.json
RS082_DEEP_REACH_ARTIFACT_MEMO_PACK,P409_IBARRA_LOSS_CONVERSION_LEDGER_ARTIFACT,ko_KR,in_game_wiki,155,1175.4,599.1,80.4,620.0,2,5,1.101,,C:/hades/Hecton8/Docs/Lore/AppliedContent/packets/RS082_DEEP_REACH_ARTIFACT_MEMO_PACK.packets.json
RS082_DEEP_REACH_ARTIFACT_MEMO_PACK,P409_IBARRA_LOSS_CONVERSION_LEDGER_ARTIFACT,ko_KR,external_site,99,836.8,636.16,86.08,680.0,2,4,1.16,,C:/hades/Hecton8/Docs/Lore/AppliedContent/packets/RS082_DEEP_REACH_ARTIFACT_MEMO_PACK.packets.json
RS082_DEEP_REACH_ARTIFACT_MEMO_PACK,P409_IBARRA_LOSS_CONVERSION_LEDGER_ARTIFACT,ko_KR,field_note,74,508.2,508.2,72.52,560.0,1,3,1.248,,C:/hades/Hecton8/Docs/Lore/AppliedContent/packets/RS082_DEEP_REACH_ARTIFACT_MEMO_PACK.packets.json
RS082_DEEP_REACH_ARTIFACT_MEMO_PACK,P409_IBARRA_LOSS_CONVERSION_LEDGER_ARTIFACT,he_IL,title,26,255.24,255.24,62.28,360.0,1,1,1.427,TEXT_EXPANSION_GT_1_35,C:/hades/Hecton8/Docs/Lore/AppliedContent/packets/RS082_DEEP_REACH_ARTIFACT_MEMO_PACK.packets.json
RS082_DEEP_REACH_ARTIFACT_MEMO_PACK,P409_IBARRA_LOSS_CONVERSION_LEDGER_ARTIFACT,he_IL,scanner,100,816.32,445.76,85.76,460.0,2,2,1.165,,C:/hades/Hecton8/Docs/Lore/AppliedContent/packets/RS082_DEEP_REACH_ARTIFACT_MEMO_PACK.packets.json
RS082_DEEP_REACH_ARTIFACT_MEMO_PACK,P409_IBARRA_LOSS_CONVERSION_LEDGER_ARTIFACT,he_IL,terminal,90,690.0,488.1,76.8,520.0,2,2,1.102,,C:/hades/Hecton8/Docs/Lore/AppliedContent/packets/RS082_DEEP_REACH_ARTIFACT_MEMO_PACK.packets.json
RS082_DEEP_REACH_ARTIFACT_MEMO_PACK,P409_IBARRA_LOSS_CONVERSION_LEDGER_ARTIFACT,he_IL,audio,73,684.72,561.6,66.24,620.0,2,2,1.234,,C:/hades/Hecton8/Docs/Lore/AppliedContent/packets/RS082_DEEP_REACH_ARTIFACT_MEMO_PACK.packets.json
RS082_DEEP_REACH_ARTIFACT_MEMO_PACK,P409_IBARRA_LOSS_CONVERSION_LEDGER_ARTIFACT,he_IL,in_game_wiki,155,1175.4,599.1,80.4,620.0,2,5,1.101,,C:/hades/Hecton8/Docs/Lore/AppliedContent/packets/RS082_DEEP_REACH_ARTIFACT_MEMO_PACK.packets.json
RS082_DEEP_REACH_ARTIFACT_MEMO_PACK,P409_IBARRA_LOSS_CONVERSION_LEDGER_ARTIFACT,he_IL,external_site,99,836.8,636.16,86.08,680.0,2,4,1.16,,C:/hades/Hecton8/Docs/Lore/AppliedContent/packets/RS082_DEEP_REACH_ARTIFACT_MEMO_PACK.packets.json
RS082_DEEP_REACH_ARTIFACT_MEMO_PACK,P409_IBARRA_LOSS_CONVERSION_LEDGER_ARTIFACT,he_IL,field_note,74,508.2,508.2,72.52,560.0,1,3,1.248,,C:/hades/Hecton8/Docs/Lore/AppliedContent/packets/RS082_DEEP_REACH_ARTIFACT_MEMO_PACK.packets.json
RS082_DEEP_REACH_ARTIFACT_MEMO_PACK,P409_IBARRA_LOSS_CONVERSION_LEDGER_ARTIFACT,pt_BR,title,29,285.12,285.12,62.28,360.0,1,1,1.594,TEXT_EXPANSION_GT_1_35,C:/hades/Hecton8/Docs/Lore/AppliedContent/packets/RS082_DEEP_REACH_ARTIFACT_MEMO_PACK.packets.json
RS082_DEEP_REACH_ARTIFACT_MEMO_PACK,P409_IBARRA_LOSS_CONVERSION_LEDGER_ARTIFACT,pt_BR,scanner,100,816.32,445.76,85.76,460.0,2,2,1.165,,C:/hades/Hecton8/Docs/Lore/AppliedContent/packets/RS082_DEEP_REACH_ARTIFACT_MEMO_PACK.packets.json
RS082_DEEP_REACH_ARTIFACT_MEMO_PACK,P409_IBARRA_LOSS_CONVERSION_LEDGER_ARTIFACT,pt_BR,terminal,93,714.9,513.0,76.8,520.0,2,2,1.141,,C:/hades/Hecton8/Docs/Lore/AppliedContent/packets/RS082_DEEP_REACH_ARTIFACT_MEMO_PACK.packets.json
RS082_DEEP_REACH_ARTIFACT_MEMO_PACK,P409_IBARRA_LOSS_CONVERSION_LEDGER_ARTIFACT,pt_BR,audio,73,684.72,561.6,66.24,620.0,2,2,1.234,,C:/hades/Hecton8/Docs/Lore/AppliedContent/packets/RS082_DEEP_REACH_ARTIFACT_MEMO_PACK.packets.json
RS082_DEEP_REACH_ARTIFACT_MEMO_PACK,P409_IBARRA_LOSS_CONVERSION_LEDGER_ARTIFACT,pt_BR,in_game_wiki,155,1175.4,599.1,80.4,620.0,2,5,1.101,,C:/hades/Hecton8/Docs/Lore/AppliedContent/packets/RS082_DEEP_REACH_ARTIFACT_MEMO_PACK.packets.json
RS082_DEEP_REACH_ARTIFACT_MEMO_PACK,P409_IBARRA_LOSS_CONVERSION_LEDGER_ARTIFACT,pt_BR,external_site,99,836.8,636.16,86.08,680.0,2,4,1.16,,C:/hades/Hecton8/Docs/Lore/AppliedContent/packets/RS082_DEEP_REACH_ARTIFACT_MEMO_PACK.packets.json
RS082_DEEP_REACH_ARTIFACT_MEMO_PACK,P409_IBARRA_LOSS_CONVERSION_LEDGER_ARTIFACT,pt_BR,field_note,74,508.2,508.2,72.52,560.0,1,3,1.248,,C:/hades/Hecton8/Docs/Lore/AppliedContent/packets/RS082_DEEP_REACH_ARTIFACT_MEMO_PACK.packets.json
RS082_DEEP_REACH_ARTIFACT_MEMO_PACK,P409_IBARRA_LOSS_CONVERSION_LEDGER_ARTIFACT,nl_NL,title,26,255.24,255.24,62.28,360.0,1,1,1.427,TEXT_EXPANSION_GT_1_35,C:/hades/Hecton8/Docs/Lore/AppliedContent/packets/RS082_DEEP_REACH_ARTIFACT_MEMO_PACK.packets.json
RS082_DEEP_REACH_ARTIFACT_MEMO_PACK,P409_IBARRA_LOSS_CONVERSION_LEDGER_ARTIFACT,nl_NL,scanner,100,816.32,445.76,85.76,460.0,2,2,1.165,,C:/hades/Hecton8/Docs/Lore/AppliedContent/packets/RS082_DEEP_REACH_ARTIFACT_MEMO_PACK.packets.json
RS082_DEEP_REACH_ARTIFACT_MEMO_PACK,P409_IBARRA_LOSS_CONVERSION_LEDGER_ARTIFACT,nl_NL,terminal,90,690.0,488.1,76.8,520.0,2,2,1.102,,C:/hades/Hecton8/Docs/Lore/AppliedContent/packets/RS082_DEEP_REACH_ARTIFACT_MEMO_PACK.packets.json
RS082_DEEP_REACH_ARTIFACT_MEMO_PACK,P409_IBARRA_LOSS_CONVERSION_LEDGER_ARTIFACT,nl_NL,audio,73,684.72,561.6,66.24,620.0,2,2,1.234,,C:/hades/Hecton8/Docs/Lore/AppliedContent/packets/RS082_DEEP_REACH_ARTIFACT_MEMO_PACK.packets.json
RS082_DEEP_REACH_ARTIFACT_MEMO_PACK,P409_IBARRA_LOSS_CONVERSION_LEDGER_ARTIFACT,nl_NL,in_game_wiki,155,1175.4,599.1,80.4,620.0,2,5,1.101,,C:/hades/Hecton8/Docs/Lore/AppliedContent/packets/RS082_DEEP_REACH_ARTIFACT_MEMO_PACK.packets.json
RS082_DEEP_REACH_ARTIFACT_MEMO_PACK,P409_IBARRA_LOSS_CONVERSION_LEDGER_ARTIFACT,nl_NL,external_site,99,836.8,636.16,86.08,680.0,2,4,1.16,,C:/hades/Hecton8/Docs/Lore/AppliedContent/packets/RS082_DEEP_REACH_ARTIFACT_MEMO_PACK.packets.json
RS082_DEEP_REACH_ARTIFACT_MEMO_PACK,P409_IBARRA_LOSS_CONVERSION_LEDGER_ARTIFACT,nl_NL,field_note,74,508.2,508.2,72.52,560.0,1,3,1.248,,C:/hades/Hecton8/Docs/Lore/AppliedContent/packets/RS082_DEEP_REACH_ARTIFACT_MEMO_PACK.packets.json
RS082_DEEP_REACH_ARTIFACT_MEMO_PACK,P410_SATO_REN_RETURN_ACTION_PACKET_ARTIFACT,en_US,title,22,217.08,217.08,80.28,360.0,1,1,1.0,,C:/hades/Hecton8/Docs/Lore/AppliedContent/packets/RS082_DEEP_REACH_ARTIFACT_MEMO_PACK.packets.json
RS082_DEEP_REACH_ARTIFACT_MEMO_PACK,P410_SATO_REN_RETURN_ACTION_PACKET_ARTIFACT,en_US,scanner,88,728.32,451.84,109.12,460.0,2,2,1.0,,C:/hades/Hecton8/Docs/Lore/AppliedContent/packets/RS082_DEEP_REACH_ARTIFACT_MEMO_PACK.packets.json
RS082_DEEP_REACH_ARTIFACT_MEMO_PACK,P410_SATO_REN_RETURN_ACTION_PACKET_ARTIFACT,en_US,terminal,80,637.8,498.0,84.3,520.0,2,2,1.0,,C:/hades/Hecton8/Docs/Lore/AppliedContent/packets/RS082_DEEP_REACH_ARTIFACT_MEMO_PACK.packets.json
RS082_DEEP_REACH_ARTIFACT_MEMO_PACK,P410_SATO_REN_RETURN_ACTION_PACKET_ARTIFACT,en_US,audio,70,643.68,608.76,66.24,620.0,2,2,1.0,,C:/hades/Hecton8/Docs/Lore/AppliedContent/packets/RS082_DEEP_REACH_ARTIFACT_MEMO_PACK.packets.json
RS082_DEEP_REACH_ARTIFACT_MEMO_PACK,P410_SATO_REN_RETURN_ACTION_PACKET_ARTIFACT,en_US,in_game_wiki,165,1257.9,600.3,105.9,620.0,3,5,1.0,,C:/hades/Hecton8/Docs/Lore/AppliedContent/packets/RS082_DEEP_REACH_ARTIFACT_MEMO_PACK.packets.json
RS082_DEEP_REACH_ARTIFACT_MEMO_PACK,P410_SATO_REN_RETURN_ACTION_PACKET_ARTIFACT,en_US,external_site,101,840.32,623.36,98.88,680.0,2,4,1.0,,C:/hades/Hecton8/Docs/Lore/AppliedContent/packets/RS082_DEEP_REACH_ARTIFACT_MEMO_PACK.packets.json
RS082_DEEP_REACH_ARTIFACT_MEMO_PACK,P410_SATO_REN_RETURN_ACTION_PACKET_ARTIFACT,en_US,field_note,84,595.28,552.44,58.52,560.0,2,3,1.0,,C:/hades/Hecton8/Docs/Lore/AppliedContent/packets/RS082_DEEP_REACH_ARTIFACT_MEMO_PACK.packets.json
RS082_DEEP_REACH_ARTIFACT_MEMO_PACK,P410_SATO_REN_RETURN_ACTION_PACKET_ARTIFACT,ru_RU,title,14,140.76,140.76,81.36,360.0,1,1,0.648,,C:/hades/Hecton8/Docs/Lore/AppliedContent/packets/RS082_DEEP_REACH_ARTIFACT_MEMO_PACK.packets.json
RS082_DEEP_REACH_ARTIFACT_MEMO_PACK,P410_SATO_REN_RETURN_ACTION_PACKET_ARTIFACT,ru_RU,scanner,87,755.84,394.88,93.76,460.0,2,2,1.038,,C:/hades/Hecton8/Docs/Lore/AppliedContent/packets/RS082_DEEP_REACH_ARTIFACT_MEMO_PACK.packets.json
RS082_DEEP_REACH_ARTIFACT_MEMO_PACK,P410_SATO_REN_RETURN_ACTION_PACKET_ARTIFACT,ru_RU,terminal,66,528.3,446.1,91.8,520.0,2,2,0.828,,C:/hades/Hecton8/Docs/Lore/AppliedContent/packets/RS082_DEEP_REACH_ARTIFACT_MEMO_PACK.packets.json
RS082_DEEP_REACH_ARTIFACT_MEMO_PACK,P410_SATO_REN_RETURN_ACTION_PACKET_ARTIFACT,ru_RU,audio,48,445.68,445.68,67.32,620.0,1,2,0.692,,C:/hades/Hecton8/Docs/Lore/AppliedContent/packets/RS082_DEEP_REACH_ARTIFACT_MEMO_PACK.packets.json
RS082_DEEP_REACH_ARTIFACT_MEMO_PACK,P410_SATO_REN_RETURN_ACTION_PACKET_ARTIFACT,ru_RU,in_game_wiki,147,1163.7,596.1,90.9,620.0,2,5,0.925,,C:/hades/Hecton8/Docs/Lore/AppliedContent/packets/RS082_DEEP_REACH_ARTIFACT_MEMO_PACK.packets.json
RS082_DEEP_REACH_ARTIFACT_MEMO_PACK,P410_SATO_REN_RETURN_ACTION_PACKET_ARTIFACT,ru_RU,external_site,112,956.16,672.64,103.04,680.0,2,4,1.138,,C:/hades/Hecton8/Docs/Lore/AppliedContent/packets/RS082_DEEP_REACH_ARTIFACT_MEMO_PACK.packets.json
RS082_DEEP_REACH_ARTIFACT_MEMO_PACK,P410_SATO_REN_RETURN_ACTION_PACKET_ARTIFACT,ru_RU,field_note,93,681.52,540.68,98.28,560.0,2,3,1.145,,C:/hades/Hecton8/Docs/Lore/AppliedContent/packets/RS082_DEEP_REACH_ARTIFACT_MEMO_PACK.packets.json
RS082_DEEP_REACH_ARTIFACT_MEMO_PACK,P410_SATO_REN_RETURN_ACTION_PACKET_ARTIFACT,ja_JP,title,30,293.4,293.4,80.28,360.0,1,1,1.352,TEXT_EXPANSION_GT_1_35,C:/hades/Hecton8/Docs/Lore/AppliedContent/packets/RS082_DEEP_REACH_ARTIFACT_MEMO_PACK.packets.json
RS082_DEEP_REACH_ARTIFACT_MEMO_PACK,P410_SATO_REN_RETURN_ACTION_PACKET_ARTIFACT,ja_JP,scanner,101,843.84,441.6,109.12,460.0,2,2,1.159,,C:/hades/Hecton8/Docs/Lore/AppliedContent/packets/RS082_DEEP_REACH_ARTIFACT_MEMO_PACK.packets.json
RS082_DEEP_REACH_ARTIFACT_MEMO_PACK,P410_SATO_REN_RETURN_ACTION_PACKET_ARTIFACT,ja_JP,terminal,88,701.4,497.7,84.3,520.0,2,2,1.1,,C:/hades/Hecton8/Docs/Lore/AppliedContent/packets/RS082_DEEP_REACH_ARTIFACT_MEMO_PACK.packets.json
RS082_DEEP_REACH_ARTIFACT_MEMO_PACK,P410_SATO_REN_RETURN_ACTION_PACKET_ARTIFACT,ja_JP,audio,83,773.64,568.8,66.24,620.0,2,2,1.202,,C:/hades/Hecton8/Docs/Lore/AppliedContent/packets/RS082_DEEP_REACH_ARTIFACT_MEMO_PACK.packets.json
RS082_DEEP_REACH_ARTIFACT_MEMO_PACK,P410_SATO_REN_RETURN_ACTION_PACKET_ARTIFACT,ja_JP,in_game_wiki,178,1366.2,624.3,105.9,620.0,3,5,1.086,,C:/hades/Hecton8/Docs/Lore/AppliedContent/packets/RS082_DEEP_REACH_ARTIFACT_MEMO_PACK.packets.json
RS082_DEEP_REACH_ARTIFACT_MEMO_PACK,P410_SATO_REN_RETURN_ACTION_PACKET_ARTIFACT,ja_JP,external_site,114,955.84,666.56,98.88,680.0,2,4,1.137,,C:/hades/Hecton8/Docs/Lore/AppliedContent/packets/RS082_DEEP_REACH_ARTIFACT_MEMO_PACK.packets.json
RS082_DEEP_REACH_ARTIFACT_MEMO_PACK,P410_SATO_REN_RETURN_ACTION_PACKET_ARTIFACT,ja_JP,field_note,97,696.36,555.52,58.52,560.0,2,3,1.17,,C:/hades/Hecton8/Docs/Lore/AppliedContent/packets/RS082_DEEP_REACH_ARTIFACT_MEMO_PACK.packets.json
RS082_DEEP_REACH_ARTIFACT_MEMO_PACK,P410_SATO_REN_RETURN_ACTION_PACKET_ARTIFACT,zh_CN,title,30,293.4,293.4,80.28,360.0,1,1,1.352,TEXT_EXPANSION_GT_1_35,C:/hades/Hecton8/Docs/Lore/AppliedContent/packets/RS082_DEEP_REACH_ARTIFACT_MEMO_PACK.packets.json
RS082_DEEP_REACH_ARTIFACT_MEMO_PACK,P410_SATO_REN_RETURN_ACTION_PACKET_ARTIFACT,zh_CN,scanner,101,843.84,441.6,109.12,460.0,2,2,1.159,,C:/hades/Hecton8/Docs/Lore/AppliedContent/packets/RS082_DEEP_REACH_ARTIFACT_MEMO_PACK.packets.json
RS082_DEEP_REACH_ARTIFACT_MEMO_PACK,P410_SATO_REN_RETURN_ACTION_PACKET_ARTIFACT,zh_CN,terminal,88,701.4,497.7,84.3,520.0,2,2,1.1,,C:/hades/Hecton8/Docs/Lore/AppliedContent/packets/RS082_DEEP_REACH_ARTIFACT_MEMO_PACK.packets.json
RS082_DEEP_REACH_ARTIFACT_MEMO_PACK,P410_SATO_REN_RETURN_ACTION_PACKET_ARTIFACT,zh_CN,audio,83,773.64,568.8,66.24,620.0,2,2,1.202,,C:/hades/Hecton8/Docs/Lore/AppliedContent/packets/RS082_DEEP_REACH_ARTIFACT_MEMO_PACK.packets.json
RS082_DEEP_REACH_ARTIFACT_MEMO_PACK,P410_SATO_REN_RETURN_ACTION_PACKET_ARTIFACT,zh_CN,in_game_wiki,178,1366.2,624.3,105.9,620.0,3,5,1.086,,C:/hades/Hecton8/Docs/Lore/AppliedContent/packets/RS082_DEEP_REACH_ARTIFACT_MEMO_PACK.packets.json
RS082_DEEP_REACH_ARTIFACT_MEMO_PACK,P410_SATO_REN_RETURN_ACTION_PACKET_ARTIFACT,zh_CN,external_site,114,955.84,666.56,98.88,680.0,2,4,1.137,,C:/hades/Hecton8/Docs/Lore/AppliedContent/packets/RS082_DEEP_REACH_ARTIFACT_MEMO_PACK.packets.json
RS082_DEEP_REACH_ARTIFACT_MEMO_PACK,P410_SATO_REN_RETURN_ACTION_PACKET_ARTIFACT,zh_CN,field_note,97,696.36,555.52,58.52,560.0,2,3,1.17,,C:/hades/Hecton8/Docs/Lore/AppliedContent/packets/RS082_DEEP_REACH_ARTIFACT_MEMO_PACK.packets.json
RS082_DEEP_REACH_ARTIFACT_MEMO_PACK,P410_SATO_REN_RETURN_ACTION_PACKET_ARTIFACT,fr_FR,title,30,293.4,293.4,80.28,360.0,1,1,1.352,TEXT_EXPANSION_GT_1_35,C:/hades/Hecton8/Docs/Lore/AppliedContent/packets/RS082_DEEP_REACH_ARTIFACT_MEMO_PACK.packets.json
RS082_DEEP_REACH_ARTIFACT_MEMO_PACK,P410_SATO_REN_RETURN_ACTION_PACKET_ARTIFACT,fr_FR,scanner,101,843.84,441.6,109.12,460.0,2,2,1.159,,C:/hades/Hecton8/Docs/Lore/AppliedContent/packets/RS082_DEEP_REACH_ARTIFACT_MEMO_PACK.packets.json
RS082_DEEP_REACH_ARTIFACT_MEMO_PACK,P410_SATO_REN_RETURN_ACTION_PACKET_ARTIFACT,fr_FR,terminal,88,701.4,497.7,84.3,520.0,2,2,1.1,,C:/hades/Hecton8/Docs/Lore/AppliedContent/packets/RS082_DEEP_REACH_ARTIFACT_MEMO_PACK.packets.json
RS082_DEEP_REACH_ARTIFACT_MEMO_PACK,P410_SATO_REN_RETURN_ACTION_PACKET_ARTIFACT,fr_FR,audio,83,773.64,568.8,66.24,620.0,2,2,1.202,,C:/hades/Hecton8/Docs/Lore/AppliedContent/packets/RS082_DEEP_REACH_ARTIFACT_MEMO_PACK.packets.json
RS082_DEEP_REACH_ARTIFACT_MEMO_PACK,P410_SATO_REN_RETURN_ACTION_PACKET_ARTIFACT,fr_FR,in_game_wiki,178,1366.2,624.3,105.9,620.0,3,5,1.086,,C:/hades/Hecton8/Docs/Lore/AppliedContent/packets/RS082_DEEP_REACH_ARTIFACT_MEMO_PACK.packets.json
RS082_DEEP_REACH_ARTIFACT_MEMO_PACK,P410_SATO_REN_RETURN_ACTION_PACKET_ARTIFACT,fr_FR,external_site,114,955.84,666.56,98.88,680.0,2,4,1.137,,C:/hades/Hecton8/Docs/Lore/AppliedContent/packets/RS082_DEEP_REACH_ARTIFACT_MEMO_PACK.packets.json
RS082_DEEP_REACH_ARTIFACT_MEMO_PACK,P410_SATO_REN_RETURN_ACTION_PACKET_ARTIFACT,fr_FR,field_note,97,696.36,555.52,58.52,560.0,2,3,1.17,,C:/hades/Hecton8/Docs/Lore/AppliedContent/packets/RS082_DEEP_REACH_ARTIFACT_MEMO_PACK.packets.json
RS082_DEEP_REACH_ARTIFACT_MEMO_PACK,P410_SATO_REN_RETURN_ACTION_PACKET_ARTIFACT,es_ES,title,30,293.4,293.4,80.28,360.0,1,1,1.352,TEXT_EXPANSION_GT_1_35,C:/hades/Hecton8/Docs/Lore/AppliedContent/packets/RS082_DEEP_REACH_ARTIFACT_MEMO_PACK.packets.json
RS082_DEEP_REACH_ARTIFACT_MEMO_PACK,P410_SATO_REN_RETURN_ACTION_PACKET_ARTIFACT,es_ES,scanner,101,843.84,441.6,109.12,460.0,2,2,1.159,,C:/hades/Hecton8/Docs/Lore/AppliedContent/packets/RS082_DEEP_REACH_ARTIFACT_MEMO_PACK.packets.json
RS082_DEEP_REACH_ARTIFACT_MEMO_PACK,P410_SATO_REN_RETURN_ACTION_PACKET_ARTIFACT,es_ES,terminal,88,701.4,497.7,84.3,520.0,2,2,1.1,,C:/hades/Hecton8/Docs/Lore/AppliedContent/packets/RS082_DEEP_REACH_ARTIFACT_MEMO_PACK.packets.json
RS082_DEEP_REACH_ARTIFACT_MEMO_PACK,P410_SATO_REN_RETURN_ACTION_PACKET_ARTIFACT,es_ES,audio,83,773.64,568.8,66.24,620.0,2,2,1.202,,C:/hades/Hecton8/Docs/Lore/AppliedContent/packets/RS082_DEEP_REACH_ARTIFACT_MEMO_PACK.packets.json
RS082_DEEP_REACH_ARTIFACT_MEMO_PACK,P410_SATO_REN_RETURN_ACTION_PACKET_ARTIFACT,es_ES,in_game_wiki,178,1366.2,624.3,105.9,620.0,3,5,1.086,,C:/hades/Hecton8/Docs/Lore/AppliedContent/packets/RS082_DEEP_REACH_ARTIFACT_MEMO_PACK.packets.json
RS082_DEEP_REACH_ARTIFACT_MEMO_PACK,P410_SATO_REN_RETURN_ACTION_PACKET_ARTIFACT,es_ES,external_site,114,955.84,666.56,98.88,680.0,2,4,1.137,,C:/hades/Hecton8/Docs/Lore/AppliedContent/packets/RS082_DEEP_REACH_ARTIFACT_MEMO_PACK.packets.json
RS082_DEEP_REACH_ARTIFACT_MEMO_PACK,P410_SATO_REN_RETURN_ACTION_PACKET_ARTIFACT,es_ES,field_note,97,696.36,555.52,58.52,560.0,2,3,1.17,,C:/hades/Hecton8/Docs/Lore/AppliedContent/packets/RS082_DEEP_REACH_ARTIFACT_MEMO_PACK.packets.json
RS082_DEEP_REACH_ARTIFACT_MEMO_PACK,P410_SATO_REN_RETURN_ACTION_PACKET_ARTIFACT,de_DE,title,30,293.4,293.4,80.28,360.0,1,1,1.352,TEXT_EXPANSION_GT_1_35,C:/hades/Hecton8/Docs/Lore/AppliedContent/packets/RS082_DEEP_REACH_ARTIFACT_MEMO_PACK.packets.json
RS082_DEEP_REACH_ARTIFACT_MEMO_PACK,P410_SATO_REN_RETURN_ACTION_PACKET_ARTIFACT,de_DE,scanner,101,843.84,441.6,109.12,460.0,2,2,1.159,,C:/hades/Hecton8/Docs/Lore/AppliedContent/packets/RS082_DEEP_REACH_ARTIFACT_MEMO_PACK.packets.json
RS082_DEEP_REACH_ARTIFACT_MEMO_PACK,P410_SATO_REN_RETURN_ACTION_PACKET_ARTIFACT,de_DE,terminal,88,701.4,497.7,84.3,520.0,2,2,1.1,,C:/hades/Hecton8/Docs/Lore/AppliedContent/packets/RS082_DEEP_REACH_ARTIFACT_MEMO_PACK.packets.json
RS082_DEEP_REACH_ARTIFACT_MEMO_PACK,P410_SATO_REN_RETURN_ACTION_PACKET_ARTIFACT,de_DE,audio,83,773.64,568.8,66.24,620.0,2,2,1.202,,C:/hades/Hecton8/Docs/Lore/AppliedContent/packets/RS082_DEEP_REACH_ARTIFACT_MEMO_PACK.packets.json
RS082_DEEP_REACH_ARTIFACT_MEMO_PACK,P410_SATO_REN_RETURN_ACTION_PACKET_ARTIFACT,de_DE,in_game_wiki,178,1366.2,624.3,105.9,620.0,3,5,1.086,,C:/hades/Hecton8/Docs/Lore/AppliedContent/packets/RS082_DEEP_REACH_ARTIFACT_MEMO_PACK.packets.json
RS082_DEEP_REACH_ARTIFACT_MEMO_PACK,P410_SATO_REN_RETURN_ACTION_PACKET_ARTIFACT,de_DE,external_site,114,955.84,666.56,98.88,680.0,2,4,1.137,,C:/hades/Hecton8/Docs/Lore/AppliedContent/packets/RS082_DEEP_REACH_ARTIFACT_MEMO_PACK.packets.json
RS082_DEEP_REACH_ARTIFACT_MEMO_PACK,P410_SATO_REN_RETURN_ACTION_PACKET_ARTIFACT,de_DE,field_note,97,696.36,555.52,58.52,560.0,2,3,1.17,,C:/hades/Hecton8/Docs/Lore/AppliedContent/packets/RS082_DEEP_REACH_ARTIFACT_MEMO_PACK.packets.json
RS082_DEEP_REACH_ARTIFACT_MEMO_PACK,P410_SATO_REN_RETURN_ACTION_PACKET_ARTIFACT,pl_PL,title,30,293.4,293.4,80.28,360.0,1,1,1.352,TEXT_EXPANSION_GT_1_35,C:/hades/Hecton8/Docs/Lore/AppliedContent/packets/RS082_DEEP_REACH_ARTIFACT_MEMO_PACK.packets.json
RS082_DEEP_REACH_ARTIFACT_MEMO_PACK,P410_SATO_REN_RETURN_ACTION_PACKET_ARTIFACT,pl_PL,scanner,101,843.84,441.6,109.12,460.0,2,2,1.159,,C:/hades/Hecton8/Docs/Lore/AppliedContent/packets/RS082_DEEP_REACH_ARTIFACT_MEMO_PACK.packets.json
RS082_DEEP_REACH_ARTIFACT_MEMO_PACK,P410_SATO_REN_RETURN_ACTION_PACKET_ARTIFACT,pl_PL,terminal,88,701.4,497.7,84.3,520.0,2,2,1.1,,C:/hades/Hecton8/Docs/Lore/AppliedContent/packets/RS082_DEEP_REACH_ARTIFACT_MEMO_PACK.packets.json
RS082_DEEP_REACH_ARTIFACT_MEMO_PACK,P410_SATO_REN_RETURN_ACTION_PACKET_ARTIFACT,pl_PL,audio,83,773.64,568.8,66.24,620.0,2,2,1.202,,C:/hades/Hecton8/Docs/Lore/AppliedContent/packets/RS082_DEEP_REACH_ARTIFACT_MEMO_PACK.packets.json
RS082_DEEP_REACH_ARTIFACT_MEMO_PACK,P410_SATO_REN_RETURN_ACTION_PACKET_ARTIFACT,pl_PL,in_game_wiki,178,1366.2,624.3,105.9,620.0,3,5,1.086,,C:/hades/Hecton8/Docs/Lore/AppliedContent/packets/RS082_DEEP_REACH_ARTIFACT_MEMO_PACK.packets.json
RS082_DEEP_REACH_ARTIFACT_MEMO_PACK,P410_SATO_REN_RETURN_ACTION_PACKET_ARTIFACT,pl_PL,external_site,114,955.84,666.56,98.88,680.0,2,4,1.137,,C:/hades/Hecton8/Docs/Lore/AppliedContent/packets/RS082_DEEP_REACH_ARTIFACT_MEMO_PACK.packets.json
RS082_DEEP_REACH_ARTIFACT_MEMO_PACK,P410_SATO_REN_RETURN_ACTION_PACKET_ARTIFACT,pl_PL,field_note,97,696.36,555.52,58.52,560.0,2,3,1.17,,C:/hades/Hecton8/Docs/Lore/AppliedContent/packets/RS082_DEEP_REACH_ARTIFACT_MEMO_PACK.packets.json
RS082_DEEP_REACH_ARTIFACT_MEMO_PACK,P410_SATO_REN_RETURN_ACTION_PACKET_ARTIFACT,uk_UA,title,30,293.4,293.4,80.28,360.0,1,1,1.352,TEXT_EXPANSION_GT_1_35,C:/hades/Hecton8/Docs/Lore/AppliedContent/packets/RS082_DEEP_REACH_ARTIFACT_MEMO_PACK.packets.json
RS082_DEEP_REACH_ARTIFACT_MEMO_PACK,P410_SATO_REN_RETURN_ACTION_PACKET_ARTIFACT,uk_UA,scanner,101,843.84,441.6,109.12,460.0,2,2,1.159,,C:/hades/Hecton8/Docs/Lore/AppliedContent/packets/RS082_DEEP_REACH_ARTIFACT_MEMO_PACK.packets.json
RS082_DEEP_REACH_ARTIFACT_MEMO_PACK,P410_SATO_REN_RETURN_ACTION_PACKET_ARTIFACT,uk_UA,terminal,88,701.4,497.7,84.3,520.0,2,2,1.1,,C:/hades/Hecton8/Docs/Lore/AppliedContent/packets/RS082_DEEP_REACH_ARTIFACT_MEMO_PACK.packets.json
RS082_DEEP_REACH_ARTIFACT_MEMO_PACK,P410_SATO_REN_RETURN_ACTION_PACKET_ARTIFACT,uk_UA,audio,83,773.64,568.8,66.24,620.0,2,2,1.202,,C:/hades/Hecton8/Docs/Lore/AppliedContent/packets/RS082_DEEP_REACH_ARTIFACT_MEMO_PACK.packets.json
RS082_DEEP_REACH_ARTIFACT_MEMO_PACK,P410_SATO_REN_RETURN_ACTION_PACKET_ARTIFACT,uk_UA,in_game_wiki,178,1366.2,624.3,105.9,620.0,3,5,1.086,,C:/hades/Hecton8/Docs/Lore/AppliedContent/packets/RS082_DEEP_REACH_ARTIFACT_MEMO_PACK.packets.json
RS082_DEEP_REACH_ARTIFACT_MEMO_PACK,P410_SATO_REN_RETURN_ACTION_PACKET_ARTIFACT,uk_UA,external_site,114,955.84,666.56,98.88,680.0,2,4,1.137,,C:/hades/Hecton8/Docs/Lore/AppliedContent/packets/RS082_DEEP_REACH_ARTIFACT_MEMO_PACK.packets.json
RS082_DEEP_REACH_ARTIFACT_MEMO_PACK,P410_SATO_REN_RETURN_ACTION_PACKET_ARTIFACT,uk_UA,field_note,97,696.36,555.52,58.52,560.0,2,3,1.17,,C:/hades/Hecton8/Docs/Lore/AppliedContent/packets/RS082_DEEP_REACH_ARTIFACT_MEMO_PACK.packets.json
RS082_DEEP_REACH_ARTIFACT_MEMO_PACK,P410_SATO_REN_RETURN_ACTION_PACKET_ARTIFACT,ar_SA,title,30,293.4,293.4,80.28,360.0,1,1,1.352,TEXT_EXPANSION_GT_1_35,C:/hades/Hecton8/Docs/Lore/AppliedContent/packets/RS082_DEEP_REACH_ARTIFACT_MEMO_PACK.packets.json
RS082_DEEP_REACH_ARTIFACT_MEMO_PACK,P410_SATO_REN_RETURN_ACTION_PACKET_ARTIFACT,ar_SA,scanner,101,843.84,441.6,109.12,460.0,2,2,1.159,,C:/hades/Hecton8/Docs/Lore/AppliedContent/packets/RS082_DEEP_REACH_ARTIFACT_MEMO_PACK.packets.json
RS082_DEEP_REACH_ARTIFACT_MEMO_PACK,P410_SATO_REN_RETURN_ACTION_PACKET_ARTIFACT,ar_SA,terminal,88,701.4,497.7,84.3,520.0,2,2,1.1,,C:/hades/Hecton8/Docs/Lore/AppliedContent/packets/RS082_DEEP_REACH_ARTIFACT_MEMO_PACK.packets.json
RS082_DEEP_REACH_ARTIFACT_MEMO_PACK,P410_SATO_REN_RETURN_ACTION_PACKET_ARTIFACT,ar_SA,audio,83,773.64,568.8,66.24,620.0,2,2,1.202,,C:/hades/Hecton8/Docs/Lore/AppliedContent/packets/RS082_DEEP_REACH_ARTIFACT_MEMO_PACK.packets.json
RS082_DEEP_REACH_ARTIFACT_MEMO_PACK,P410_SATO_REN_RETURN_ACTION_PACKET_ARTIFACT,ar_SA,in_game_wiki,178,1366.2,624.3,105.9,620.0,3,5,1.086,,C:/hades/Hecton8/Docs/Lore/AppliedContent/packets/RS082_DEEP_REACH_ARTIFACT_MEMO_PACK.packets.json
RS082_DEEP_REACH_ARTIFACT_MEMO_PACK,P410_SATO_REN_RETURN_ACTION_PACKET_ARTIFACT,ar_SA,external_site,114,955.84,666.56,98.88,680.0,2,4,1.137,,C:/hades/Hecton8/Docs/Lore/AppliedContent/packets/RS082_DEEP_REACH_ARTIFACT_MEMO_PACK.packets.json
RS082_DEEP_REACH_ARTIFACT_MEMO_PACK,P410_SATO_REN_RETURN_ACTION_PACKET_ARTIFACT,ar_SA,field_note,97,696.36,555.52,58.52,560.0,2,3,1.17,,C:/hades/Hecton8/Docs/Lore/AppliedContent/packets/RS082_DEEP_REACH_ARTIFACT_MEMO_PACK.packets.json
RS082_DEEP_REACH_ARTIFACT_MEMO_PACK,P410_SATO_REN_RETURN_ACTION_PACKET_ARTIFACT,id_ID,title,30,293.4,293.4,80.28,360.0,1,1,1.352,TEXT_EXPANSION_GT_1_35,C:/hades/Hecton8/Docs/Lore/AppliedContent/packets/RS082_DEEP_REACH_ARTIFACT_MEMO_PACK.packets.json
RS082_DEEP_REACH_ARTIFACT_MEMO_PACK,P410_SATO_REN_RETURN_ACTION_PACKET_ARTIFACT,id_ID,scanner,101,843.84,441.6,109.12,460.0,2,2,1.159,,C:/hades/Hecton8/Docs/Lore/AppliedContent/packets/RS082_DEEP_REACH_ARTIFACT_MEMO_PACK.packets.json
RS082_DEEP_REACH_ARTIFACT_MEMO_PACK,P410_SATO_REN_RETURN_ACTION_PACKET_ARTIFACT,id_ID,terminal,88,701.4,497.7,84.3,520.0,2,2,1.1,,C:/hades/Hecton8/Docs/Lore/AppliedContent/packets/RS082_DEEP_REACH_ARTIFACT_MEMO_PACK.packets.json
RS082_DEEP_REACH_ARTIFACT_MEMO_PACK,P410_SATO_REN_RETURN_ACTION_PACKET_ARTIFACT,id_ID,audio,83,773.64,568.8,66.24,620.0,2,2,1.202,,C:/hades/Hecton8/Docs/Lore/AppliedContent/packets/RS082_DEEP_REACH_ARTIFACT_MEMO_PACK.packets.json
RS082_DEEP_REACH_ARTIFACT_MEMO_PACK,P410_SATO_REN_RETURN_ACTION_PACKET_ARTIFACT,id_ID,in_game_wiki,178,1366.2,624.3,105.9,620.0,3,5,1.086,,C:/hades/Hecton8/Docs/Lore/AppliedContent/packets/RS082_DEEP_REACH_ARTIFACT_MEMO_PACK.packets.json
RS082_DEEP_REACH_ARTIFACT_MEMO_PACK,P410_SATO_REN_RETURN_ACTION_PACKET_ARTIFACT,id_ID,external_site,114,955.84,666.56,98.88,680.0,2,4,1.137,,C:/hades/Hecton8/Docs/Lore/AppliedContent/packets/RS082_DEEP_REACH_ARTIFACT_MEMO_PACK.packets.json
RS082_DEEP_REACH_ARTIFACT_MEMO_PACK,P410_SATO_REN_RETURN_ACTION_PACKET_ARTIFACT,id_ID,field_note,97,696.36,555.52,58.52,560.0,2,3,1.17,,C:/hades/Hecton8/Docs/Lore/AppliedContent/packets/RS082_DEEP_REACH_ARTIFACT_MEMO_PACK.packets.json
RS082_DEEP_REACH_ARTIFACT_MEMO_PACK,P410_SATO_REN_RETURN_ACTION_PACKET_ARTIFACT,ko_KR,title,30,293.4,293.4,80.28,360.0,1,1,1.352,TEXT_EXPANSION_GT_1_35,C:/hades/Hecton8/Docs/Lore/AppliedContent/packets/RS082_DEEP_REACH_ARTIFACT_MEMO_PACK.packets.json
RS082_DEEP_REACH_ARTIFACT_MEMO_PACK,P410_SATO_REN_RETURN_ACTION_PACKET_ARTIFACT,ko_KR,scanner,101,843.84,441.6,109.12,460.0,2,2,1.159,,C:/hades/Hecton8/Docs/Lore/AppliedContent/packets/RS082_DEEP_REACH_ARTIFACT_MEMO_PACK.packets.json
RS082_DEEP_REACH_ARTIFACT_MEMO_PACK,P410_SATO_REN_RETURN_ACTION_PACKET_ARTIFACT,ko_KR,terminal,88,701.4,497.7,84.3,520.0,2,2,1.1,,C:/hades/Hecton8/Docs/Lore/AppliedContent/packets/RS082_DEEP_REACH_ARTIFACT_MEMO_PACK.packets.json
RS082_DEEP_REACH_ARTIFACT_MEMO_PACK,P410_SATO_REN_RETURN_ACTION_PACKET_ARTIFACT,ko_KR,audio,83,773.64,568.8,66.24,620.0,2,2,1.202,,C:/hades/Hecton8/Docs/Lore/AppliedContent/packets/RS082_DEEP_REACH_ARTIFACT_MEMO_PACK.packets.json
RS082_DEEP_REACH_ARTIFACT_MEMO_PACK,P410_SATO_REN_RETURN_ACTION_PACKET_ARTIFACT,ko_KR,in_game_wiki,178,1366.2,624.3,105.9,620.0,3,5,1.086,,C:/hades/Hecton8/Docs/Lore/AppliedContent/packets/RS082_DEEP_REACH_ARTIFACT_MEMO_PACK.packets.json
RS082_DEEP_REACH_ARTIFACT_MEMO_PACK,P410_SATO_REN_RETURN_ACTION_PACKET_ARTIFACT,ko_KR,external_site,114,955.84,666.56,98.88,680.0,2,4,1.137,,C:/hades/Hecton8/Docs/Lore/AppliedContent/packets/RS082_DEEP_REACH_ARTIFACT_MEMO_PACK.packets.json
RS082_DEEP_REACH_ARTIFACT_MEMO_PACK,P410_SATO_REN_RETURN_ACTION_PACKET_ARTIFACT,ko_KR,field_note,97,696.36,555.52,58.52,560.0,2,3,1.17,,C:/hades/Hecton8/Docs/Lore/AppliedContent/packets/RS082_DEEP_REACH_ARTIFACT_MEMO_PACK.packets.json
RS082_DEEP_REACH_ARTIFACT_MEMO_PACK,P410_SATO_REN_RETURN_ACTION_PACKET_ARTIFACT,he_IL,title,30,293.4,293.4,80.28,360.0,1,1,1.352,TEXT_EXPANSION_GT_1_35,C:/hades/Hecton8/Docs/Lore/AppliedContent/packets/RS082_DEEP_REACH_ARTIFACT_MEMO_PACK.packets.json
RS082_DEEP_REACH_ARTIFACT_MEMO_PACK,P410_SATO_REN_RETURN_ACTION_PACKET_ARTIFACT,he_IL,scanner,101,843.84,441.6,109.12,460.0,2,2,1.159,,C:/hades/Hecton8/Docs/Lore/AppliedContent/packets/RS082_DEEP_REACH_ARTIFACT_MEMO_PACK.packets.json
RS082_DEEP_REACH_ARTIFACT_MEMO_PACK,P410_SATO_REN_RETURN_ACTION_PACKET_ARTIFACT,he_IL,terminal,88,701.4,497.7,84.3,520.0,2,2,1.1,,C:/hades/Hecton8/Docs/Lore/AppliedContent/packets/RS082_DEEP_REACH_ARTIFACT_MEMO_PACK.packets.json
RS082_DEEP_REACH_ARTIFACT_MEMO_PACK,P410_SATO_REN_RETURN_ACTION_PACKET_ARTIFACT,he_IL,audio,83,773.64,568.8,66.24,620.0,2,2,1.202,,C:/hades/Hecton8/Docs/Lore/AppliedContent/packets/RS082_DEEP_REACH_ARTIFACT_MEMO_PACK.packets.json
RS082_DEEP_REACH_ARTIFACT_MEMO_PACK,P410_SATO_REN_RETURN_ACTION_PACKET_ARTIFACT,he_IL,in_game_wiki,178,1366.2,624.3,105.9,620.0,3,5,1.086,,C:/hades/Hecton8/Docs/Lore/AppliedContent/packets/RS082_DEEP_REACH_ARTIFACT_MEMO_PACK.packets.json
RS082_DEEP_REACH_ARTIFACT_MEMO_PACK,P410_SATO_REN_RETURN_ACTION_PACKET_ARTIFACT,he_IL,external_site,114,955.84,666.56,98.88,680.0,2,4,1.137,,C:/hades/Hecton8/Docs/Lore/AppliedContent/packets/RS082_DEEP_REACH_ARTIFACT_MEMO_PACK.packets.json
RS082_DEEP_REACH_ARTIFACT_MEMO_PACK,P410_SATO_REN_RETURN_ACTION_PACKET_ARTIFACT,he_IL,field_note,97,696.36,555.52,58.52,560.0,2,3,1.17,,C:/hades/Hecton8/Docs/Lore/AppliedContent/packets/RS082_DEEP_REACH_ARTIFACT_MEMO_PACK.packets.json
RS082_DEEP_REACH_ARTIFACT_MEMO_PACK,P410_SATO_REN_RETURN_ACTION_PACKET_ARTIFACT,pt_BR,title,33,323.28,323.28,80.28,360.0,1,1,1.489,TEXT_EXPANSION_GT_1_35,C:/hades/Hecton8/Docs/Lore/AppliedContent/packets/RS082_DEEP_REACH_ARTIFACT_MEMO_PACK.packets.json
RS082_DEEP_REACH_ARTIFACT_MEMO_PACK,P410_SATO_REN_RETURN_ACTION_PACKET_ARTIFACT,pt_BR,scanner,101,843.84,441.6,109.12,460.0,2,2,1.159,,C:/hades/Hecton8/Docs/Lore/AppliedContent/packets/RS082_DEEP_REACH_ARTIFACT_MEMO_PACK.packets.json
RS082_DEEP_REACH_ARTIFACT_MEMO_PACK,P410_SATO_REN_RETURN_ACTION_PACKET_ARTIFACT,pt_BR,terminal,91,726.3,522.6,84.3,520.0,2,2,1.139,,C:/hades/Hecton8/Docs/Lore/AppliedContent/packets/RS082_DEEP_REACH_ARTIFACT_MEMO_PACK.packets.json
RS082_DEEP_REACH_ARTIFACT_MEMO_PACK,P410_SATO_REN_RETURN_ACTION_PACKET_ARTIFACT,pt_BR,audio,83,773.64,568.8,66.24,620.0,2,2,1.202,,C:/hades/Hecton8/Docs/Lore/AppliedContent/packets/RS082_DEEP_REACH_ARTIFACT_MEMO_PACK.packets.json
RS082_DEEP_REACH_ARTIFACT_MEMO_PACK,P410_SATO_REN_RETURN_ACTION_PACKET_ARTIFACT,pt_BR,in_game_wiki,178,1366.2,624.3,105.9,620.0,3,5,1.086,,C:/hades/Hecton8/Docs/Lore/AppliedContent/packets/RS082_DEEP_REACH_ARTIFACT_MEMO_PACK.packets.json
RS082_DEEP_REACH_ARTIFACT_MEMO_PACK,P410_SATO_REN_RETURN_ACTION_PACKET_ARTIFACT,pt_BR,external_site,114,955.84,666.56,98.88,680.0,2,4,1.137,,C:/hades/Hecton8/Docs/Lore/AppliedContent/packets/RS082_DEEP_REACH_ARTIFACT_MEMO_PACK.packets.json
RS082_DEEP_REACH_ARTIFACT_MEMO_PACK,P410_SATO_REN_RETURN_ACTION_PACKET_ARTIFACT,pt_BR,field_note,97,696.36,555.52,58.52,560.0,2,3,1.17,,C:/hades/Hecton8/Docs/Lore/AppliedContent/packets/RS082_DEEP_REACH_ARTIFACT_MEMO_PACK.packets.json
RS082_DEEP_REACH_ARTIFACT_MEMO_PACK,P410_SATO_REN_RETURN_ACTION_PACKET_ARTIFACT,nl_NL,title,30,293.4,293.4,80.28,360.0,1,1,1.352,TEXT_EXPANSION_GT_1_35,C:/hades/Hecton8/Docs/Lore/AppliedContent/packets/RS082_DEEP_REACH_ARTIFACT_MEMO_PACK.packets.json
RS082_DEEP_REACH_ARTIFACT_MEMO_PACK,P410_SATO_REN_RETURN_ACTION_PACKET_ARTIFACT,nl_NL,scanner,101,843.84,441.6,109.12,460.0,2,2,1.159,,C:/hades/Hecton8/Docs/Lore/AppliedContent/packets/RS082_DEEP_REACH_ARTIFACT_MEMO_PACK.packets.json
RS082_DEEP_REACH_ARTIFACT_MEMO_PACK,P410_SATO_REN_RETURN_ACTION_PACKET_ARTIFACT,nl_NL,terminal,88,701.4,497.7,84.3,520.0,2,2,1.1,,C:/hades/Hecton8/Docs/Lore/AppliedContent/packets/RS082_DEEP_REACH_ARTIFACT_MEMO_PACK.packets.json
RS082_DEEP_REACH_ARTIFACT_MEMO_PACK,P410_SATO_REN_RETURN_ACTION_PACKET_ARTIFACT,nl_NL,audio,83,773.64,568.8,66.24,620.0,2,2,1.202,,C:/hades/Hecton8/Docs/Lore/AppliedContent/packets/RS082_DEEP_REACH_ARTIFACT_MEMO_PACK.packets.json
RS082_DEEP_REACH_ARTIFACT_MEMO_PACK,P410_SATO_REN_RETURN_ACTION_PACKET_ARTIFACT,nl_NL,in_game_wiki,178,1366.2,624.3,105.9,620.0,3,5,1.086,,C:/hades/Hecton8/Docs/Lore/AppliedContent/packets/RS082_DEEP_REACH_ARTIFACT_MEMO_PACK.packets.json
RS082_DEEP_REACH_ARTIFACT_MEMO_PACK,P410_SATO_REN_RETURN_ACTION_PACKET_ARTIFACT,nl_NL,external_site,114,955.84,666.56,98.88,680.0,2,4,1.137,,C:/hades/Hecton8/Docs/Lore/AppliedContent/packets/RS082_DEEP_REACH_ARTIFACT_MEMO_PACK.packets.json
RS082_DEEP_REACH_ARTIFACT_MEMO_PACK,P410_SATO_REN_RETURN_ACTION_PACKET_ARTIFACT,nl_NL,field_note,97,696.36,555.52,58.52,560.0,2,3,1.17,,C:/hades/Hecton8/Docs/Lore/AppliedContent/packets/RS082_DEEP_REACH_ARTIFACT_MEMO_PACK.packets.json
