release_set_id,packet_id,locale,field,chars,estimated_px,max_line_px,max_word_px,bound_px,lines,max_lines,expansion_vs_en,issues,source
RS081_COLONY_ANCHOR_WORKER_DOSSIERS,P401_MARA_VENN_PUMP_CHIEF_DOSSIER,en_US,title,20,197.28,197.28,95.04,360.0,1,1,1.0,,C:/hades/Hecton8/Docs/Lore/AppliedContent/packets/RS081_COLONY_ANCHOR_WORKER_DOSSIERS.packets.json
RS081_COLONY_ANCHOR_WORKER_DOSSIERS,P401_MARA_VENN_PUMP_CHIEF_DOSSIER,en_US,scanner,55,461.44,412.48,64.64,460.0,2,2,1.0,,C:/hades/Hecton8/Docs/Lore/AppliedContent/packets/RS081_COLONY_ANCHOR_WORKER_DOSSIERS.packets.json
RS081_COLONY_ANCHOR_WORKER_DOSSIERS,P401_MARA_VENN_PUMP_CHIEF_DOSSIER,en_US,terminal,71,560.1,497.4,98.1,520.0,2,2,1.0,,C:/hades/Hecton8/Docs/Lore/AppliedContent/packets/RS081_COLONY_ANCHOR_WORKER_DOSSIERS.packets.json
RS081_COLONY_ANCHOR_WORKER_DOSSIERS,P401_MARA_VENN_PUMP_CHIEF_DOSSIER,en_US,audio,84,772.2,624.24,80.64,620.0,2,2,1.0,,C:/hades/Hecton8/Docs/Lore/AppliedContent/packets/RS081_COLONY_ANCHOR_WORKER_DOSSIERS.packets.json
RS081_COLONY_ANCHOR_WORKER_DOSSIERS,P401_MARA_VENN_PUMP_CHIEF_DOSSIER,en_US,in_game_wiki,169,1280.7,615.6,75.6,620.0,3,5,1.0,,C:/hades/Hecton8/Docs/Lore/AppliedContent/packets/RS081_COLONY_ANCHOR_WORKER_DOSSIERS.packets.json
RS081_COLONY_ANCHOR_WORKER_DOSSIERS,P401_MARA_VENN_PUMP_CHIEF_DOSSIER,en_US,external_site,104,882.56,670.72,97.92,680.0,2,4,1.0,,C:/hades/Hecton8/Docs/Lore/AppliedContent/packets/RS081_COLONY_ANCHOR_WORKER_DOSSIERS.packets.json
RS081_COLONY_ANCHOR_WORKER_DOSSIERS,P401_MARA_VENN_PUMP_CHIEF_DOSSIER,en_US,field_note,63,443.52,443.52,74.76,560.0,1,3,1.0,,C:/hades/Hecton8/Docs/Lore/AppliedContent/packets/RS081_COLONY_ANCHOR_WORKER_DOSSIERS.packets.json
RS081_COLONY_ANCHOR_WORKER_DOSSIERS,P401_MARA_VENN_PUMP_CHIEF_DOSSIER,ru_RU,title,16,160.56,160.56,111.6,360.0,1,1,0.814,,C:/hades/Hecton8/Docs/Lore/AppliedContent/packets/RS081_COLONY_ANCHOR_WORKER_DOSSIERS.packets.json
RS081_COLONY_ANCHOR_WORKER_DOSSIERS,P401_MARA_VENN_PUMP_CHIEF_DOSSIER,ru_RU,scanner,56,477.44,389.76,87.68,460.0,2,2,1.035,,C:/hades/Hecton8/Docs/Lore/AppliedContent/packets/RS081_COLONY_ANCHOR_WORKER_DOSSIERS.packets.json
RS081_COLONY_ANCHOR_WORKER_DOSSIERS,P401_MARA_VENN_PUMP_CHIEF_DOSSIER,ru_RU,terminal,64,515.1,515.1,105.0,520.0,1,2,0.92,,C:/hades/Hecton8/Docs/Lore/AppliedContent/packets/RS081_COLONY_ANCHOR_WORKER_DOSSIERS.packets.json
RS081_COLONY_ANCHOR_WORKER_DOSSIERS,P401_MARA_VENN_PUMP_CHIEF_DOSSIER,ru_RU,audio,78,751.68,584.28,93.96,620.0,2,2,0.973,,C:/hades/Hecton8/Docs/Lore/AppliedContent/packets/RS081_COLONY_ANCHOR_WORKER_DOSSIERS.packets.json
RS081_COLONY_ANCHOR_WORKER_DOSSIERS,P401_MARA_VENN_PUMP_CHIEF_DOSSIER,ru_RU,in_game_wiki,146,1180.5,592.2,104.4,620.0,2,5,0.922,,C:/hades/Hecton8/Docs/Lore/AppliedContent/packets/RS081_COLONY_ANCHOR_WORKER_DOSSIERS.packets.json
RS081_COLONY_ANCHOR_WORKER_DOSSIERS,P401_MARA_VENN_PUMP_CHIEF_DOSSIER,ru_RU,external_site,104,892.48,654.4,102.08,680.0,2,4,1.011,,C:/hades/Hecton8/Docs/Lore/AppliedContent/packets/RS081_COLONY_ANCHOR_WORKER_DOSSIERS.packets.json
RS081_COLONY_ANCHOR_WORKER_DOSSIERS,P401_MARA_VENN_PUMP_CHIEF_DOSSIER,ru_RU,field_note,60,452.2,452.2,89.32,560.0,1,3,1.02,,C:/hades/Hecton8/Docs/Lore/AppliedContent/packets/RS081_COLONY_ANCHOR_WORKER_DOSSIERS.packets.json
RS081_COLONY_ANCHOR_WORKER_DOSSIERS,P401_MARA_VENN_PUMP_CHIEF_DOSSIER,ja_JP,title,28,273.6,273.6,95.04,360.0,1,1,1.387,TEXT_EXPANSION_GT_1_35,C:/hades/Hecton8/Docs/Lore/AppliedContent/packets/RS081_COLONY_ANCHOR_WORKER_DOSSIERS.packets.json
RS081_COLONY_ANCHOR_WORKER_DOSSIERS,P401_MARA_VENN_PUMP_CHIEF_DOSSIER,ja_JP,scanner,63,529.28,424.96,64.64,460.0,2,2,1.147,,C:/hades/Hecton8/Docs/Lore/AppliedContent/packets/RS081_COLONY_ANCHOR_WORKER_DOSSIERS.packets.json
RS081_COLONY_ANCHOR_WORKER_DOSSIERS,P401_MARA_VENN_PUMP_CHIEF_DOSSIER,ja_JP,terminal,79,623.7,491.7,98.1,520.0,2,2,1.114,,C:/hades/Hecton8/Docs/Lore/AppliedContent/packets/RS081_COLONY_ANCHOR_WORKER_DOSSIERS.packets.json
RS081_COLONY_ANCHOR_WORKER_DOSSIERS,P401_MARA_VENN_PUMP_CHIEF_DOSSIER,ja_JP,audio,97,902.16,625.32,80.64,620.0,2,2,1.168,,C:/hades/Hecton8/Docs/Lore/AppliedContent/packets/RS081_COLONY_ANCHOR_WORKER_DOSSIERS.packets.json
RS081_COLONY_ANCHOR_WORKER_DOSSIERS,P401_MARA_VENN_PUMP_CHIEF_DOSSIER,ja_JP,in_game_wiki,182,1389.0,603.0,75.6,620.0,3,5,1.085,,C:/hades/Hecton8/Docs/Lore/AppliedContent/packets/RS081_COLONY_ANCHOR_WORKER_DOSSIERS.packets.json
RS081_COLONY_ANCHOR_WORKER_DOSSIERS,P401_MARA_VENN_PUMP_CHIEF_DOSSIER,ja_JP,external_site,117,998.08,614.72,97.92,680.0,2,4,1.131,,C:/hades/Hecton8/Docs/Lore/AppliedContent/packets/RS081_COLONY_ANCHOR_WORKER_DOSSIERS.packets.json
RS081_COLONY_ANCHOR_WORKER_DOSSIERS,P401_MARA_VENN_PUMP_CHIEF_DOSSIER,ja_JP,field_note,76,544.6,544.6,74.76,560.0,1,3,1.228,,C:/hades/Hecton8/Docs/Lore/AppliedContent/packets/RS081_COLONY_ANCHOR_WORKER_DOSSIERS.packets.json
RS081_COLONY_ANCHOR_WORKER_DOSSIERS,P401_MARA_VENN_PUMP_CHIEF_DOSSIER,zh_CN,title,28,273.6,273.6,95.04,360.0,1,1,1.387,TEXT_EXPANSION_GT_1_35,C:/hades/Hecton8/Docs/Lore/AppliedContent/packets/RS081_COLONY_ANCHOR_WORKER_DOSSIERS.packets.json
RS081_COLONY_ANCHOR_WORKER_DOSSIERS,P401_MARA_VENN_PUMP_CHIEF_DOSSIER,zh_CN,scanner,63,529.28,424.96,64.64,460.0,2,2,1.147,,C:/hades/Hecton8/Docs/Lore/AppliedContent/packets/RS081_COLONY_ANCHOR_WORKER_DOSSIERS.packets.json
RS081_COLONY_ANCHOR_WORKER_DOSSIERS,P401_MARA_VENN_PUMP_CHIEF_DOSSIER,zh_CN,terminal,79,623.7,491.7,98.1,520.0,2,2,1.114,,C:/hades/Hecton8/Docs/Lore/AppliedContent/packets/RS081_COLONY_ANCHOR_WORKER_DOSSIERS.packets.json
RS081_COLONY_ANCHOR_WORKER_DOSSIERS,P401_MARA_VENN_PUMP_CHIEF_DOSSIER,zh_CN,audio,97,902.16,625.32,80.64,620.0,2,2,1.168,,C:/hades/Hecton8/Docs/Lore/AppliedContent/packets/RS081_COLONY_ANCHOR_WORKER_DOSSIERS.packets.json
RS081_COLONY_ANCHOR_WORKER_DOSSIERS,P401_MARA_VENN_PUMP_CHIEF_DOSSIER,zh_CN,in_game_wiki,182,1389.0,603.0,75.6,620.0,3,5,1.085,,C:/hades/Hecton8/Docs/Lore/AppliedContent/packets/RS081_COLONY_ANCHOR_WORKER_DOSSIERS.packets.json
RS081_COLONY_ANCHOR_WORKER_DOSSIERS,P401_MARA_VENN_PUMP_CHIEF_DOSSIER,zh_CN,external_site,117,998.08,614.72,97.92,680.0,2,4,1.131,,C:/hades/Hecton8/Docs/Lore/AppliedContent/packets/RS081_COLONY_ANCHOR_WORKER_DOSSIERS.packets.json
RS081_COLONY_ANCHOR_WORKER_DOSSIERS,P401_MARA_VENN_PUMP_CHIEF_DOSSIER,zh_CN,field_note,76,544.6,544.6,74.76,560.0,1,3,1.228,,C:/hades/Hecton8/Docs/Lore/AppliedContent/packets/RS081_COLONY_ANCHOR_WORKER_DOSSIERS.packets.json
RS081_COLONY_ANCHOR_WORKER_DOSSIERS,P401_MARA_VENN_PUMP_CHIEF_DOSSIER,fr_FR,title,28,273.6,273.6,95.04,360.0,1,1,1.387,TEXT_EXPANSION_GT_1_35,C:/hades/Hecton8/Docs/Lore/AppliedContent/packets/RS081_COLONY_ANCHOR_WORKER_DOSSIERS.packets.json
RS081_COLONY_ANCHOR_WORKER_DOSSIERS,P401_MARA_VENN_PUMP_CHIEF_DOSSIER,fr_FR,scanner,63,529.28,424.96,64.64,460.0,2,2,1.147,,C:/hades/Hecton8/Docs/Lore/AppliedContent/packets/RS081_COLONY_ANCHOR_WORKER_DOSSIERS.packets.json
RS081_COLONY_ANCHOR_WORKER_DOSSIERS,P401_MARA_VENN_PUMP_CHIEF_DOSSIER,fr_FR,terminal,79,623.7,491.7,98.1,520.0,2,2,1.114,,C:/hades/Hecton8/Docs/Lore/AppliedContent/packets/RS081_COLONY_ANCHOR_WORKER_DOSSIERS.packets.json
RS081_COLONY_ANCHOR_WORKER_DOSSIERS,P401_MARA_VENN_PUMP_CHIEF_DOSSIER,fr_FR,audio,97,902.16,625.32,80.64,620.0,2,2,1.168,,C:/hades/Hecton8/Docs/Lore/AppliedContent/packets/RS081_COLONY_ANCHOR_WORKER_DOSSIERS.packets.json
RS081_COLONY_ANCHOR_WORKER_DOSSIERS,P401_MARA_VENN_PUMP_CHIEF_DOSSIER,fr_FR,in_game_wiki,182,1389.0,603.0,75.6,620.0,3,5,1.085,,C:/hades/Hecton8/Docs/Lore/AppliedContent/packets/RS081_COLONY_ANCHOR_WORKER_DOSSIERS.packets.json
RS081_COLONY_ANCHOR_WORKER_DOSSIERS,P401_MARA_VENN_PUMP_CHIEF_DOSSIER,fr_FR,external_site,117,998.08,614.72,97.92,680.0,2,4,1.131,,C:/hades/Hecton8/Docs/Lore/AppliedContent/packets/RS081_COLONY_ANCHOR_WORKER_DOSSIERS.packets.json
RS081_COLONY_ANCHOR_WORKER_DOSSIERS,P401_MARA_VENN_PUMP_CHIEF_DOSSIER,fr_FR,field_note,76,544.6,544.6,74.76,560.0,1,3,1.228,,C:/hades/Hecton8/Docs/Lore/AppliedContent/packets/RS081_COLONY_ANCHOR_WORKER_DOSSIERS.packets.json
RS081_COLONY_ANCHOR_WORKER_DOSSIERS,P401_MARA_VENN_PUMP_CHIEF_DOSSIER,es_ES,title,28,273.6,273.6,95.04,360.0,1,1,1.387,TEXT_EXPANSION_GT_1_35,C:/hades/Hecton8/Docs/Lore/AppliedContent/packets/RS081_COLONY_ANCHOR_WORKER_DOSSIERS.packets.json
RS081_COLONY_ANCHOR_WORKER_DOSSIERS,P401_MARA_VENN_PUMP_CHIEF_DOSSIER,es_ES,scanner,63,529.28,424.96,64.64,460.0,2,2,1.147,,C:/hades/Hecton8/Docs/Lore/AppliedContent/packets/RS081_COLONY_ANCHOR_WORKER_DOSSIERS.packets.json
RS081_COLONY_ANCHOR_WORKER_DOSSIERS,P401_MARA_VENN_PUMP_CHIEF_DOSSIER,es_ES,terminal,79,623.7,491.7,98.1,520.0,2,2,1.114,,C:/hades/Hecton8/Docs/Lore/AppliedContent/packets/RS081_COLONY_ANCHOR_WORKER_DOSSIERS.packets.json
RS081_COLONY_ANCHOR_WORKER_DOSSIERS,P401_MARA_VENN_PUMP_CHIEF_DOSSIER,es_ES,audio,97,902.16,625.32,80.64,620.0,2,2,1.168,,C:/hades/Hecton8/Docs/Lore/AppliedContent/packets/RS081_COLONY_ANCHOR_WORKER_DOSSIERS.packets.json
RS081_COLONY_ANCHOR_WORKER_DOSSIERS,P401_MARA_VENN_PUMP_CHIEF_DOSSIER,es_ES,in_game_wiki,182,1389.0,603.0,75.6,620.0,3,5,1.085,,C:/hades/Hecton8/Docs/Lore/AppliedContent/packets/RS081_COLONY_ANCHOR_WORKER_DOSSIERS.packets.json
RS081_COLONY_ANCHOR_WORKER_DOSSIERS,P401_MARA_VENN_PUMP_CHIEF_DOSSIER,es_ES,external_site,117,998.08,614.72,97.92,680.0,2,4,1.131,,C:/hades/Hecton8/Docs/Lore/AppliedContent/packets/RS081_COLONY_ANCHOR_WORKER_DOSSIERS.packets.json
RS081_COLONY_ANCHOR_WORKER_DOSSIERS,P401_MARA_VENN_PUMP_CHIEF_DOSSIER,es_ES,field_note,76,544.6,544.6,74.76,560.0,1,3,1.228,,C:/hades/Hecton8/Docs/Lore/AppliedContent/packets/RS081_COLONY_ANCHOR_WORKER_DOSSIERS.packets.json
RS081_COLONY_ANCHOR_WORKER_DOSSIERS,P401_MARA_VENN_PUMP_CHIEF_DOSSIER,de_DE,title,28,273.6,273.6,95.04,360.0,1,1,1.387,TEXT_EXPANSION_GT_1_35,C:/hades/Hecton8/Docs/Lore/AppliedContent/packets/RS081_COLONY_ANCHOR_WORKER_DOSSIERS.packets.json
RS081_COLONY_ANCHOR_WORKER_DOSSIERS,P401_MARA_VENN_PUMP_CHIEF_DOSSIER,de_DE,scanner,63,529.28,424.96,64.64,460.0,2,2,1.147,,C:/hades/Hecton8/Docs/Lore/AppliedContent/packets/RS081_COLONY_ANCHOR_WORKER_DOSSIERS.packets.json
RS081_COLONY_ANCHOR_WORKER_DOSSIERS,P401_MARA_VENN_PUMP_CHIEF_DOSSIER,de_DE,terminal,79,623.7,491.7,98.1,520.0,2,2,1.114,,C:/hades/Hecton8/Docs/Lore/AppliedContent/packets/RS081_COLONY_ANCHOR_WORKER_DOSSIERS.packets.json
RS081_COLONY_ANCHOR_WORKER_DOSSIERS,P401_MARA_VENN_PUMP_CHIEF_DOSSIER,de_DE,audio,97,902.16,625.32,80.64,620.0,2,2,1.168,,C:/hades/Hecton8/Docs/Lore/AppliedContent/packets/RS081_COLONY_ANCHOR_WORKER_DOSSIERS.packets.json
RS081_COLONY_ANCHOR_WORKER_DOSSIERS,P401_MARA_VENN_PUMP_CHIEF_DOSSIER,de_DE,in_game_wiki,182,1389.0,603.0,75.6,620.0,3,5,1.085,,C:/hades/Hecton8/Docs/Lore/AppliedContent/packets/RS081_COLONY_ANCHOR_WORKER_DOSSIERS.packets.json
RS081_COLONY_ANCHOR_WORKER_DOSSIERS,P401_MARA_VENN_PUMP_CHIEF_DOSSIER,de_DE,external_site,117,998.08,614.72,97.92,680.0,2,4,1.131,,C:/hades/Hecton8/Docs/Lore/AppliedContent/packets/RS081_COLONY_ANCHOR_WORKER_DOSSIERS.packets.json
RS081_COLONY_ANCHOR_WORKER_DOSSIERS,P401_MARA_VENN_PUMP_CHIEF_DOSSIER,de_DE,field_note,76,544.6,544.6,74.76,560.0,1,3,1.228,,C:/hades/Hecton8/Docs/Lore/AppliedContent/packets/RS081_COLONY_ANCHOR_WORKER_DOSSIERS.packets.json
RS081_COLONY_ANCHOR_WORKER_DOSSIERS,P401_MARA_VENN_PUMP_CHIEF_DOSSIER,pl_PL,title,28,273.6,273.6,95.04,360.0,1,1,1.387,TEXT_EXPANSION_GT_1_35,C:/hades/Hecton8/Docs/Lore/AppliedContent/packets/RS081_COLONY_ANCHOR_WORKER_DOSSIERS.packets.json
RS081_COLONY_ANCHOR_WORKER_DOSSIERS,P401_MARA_VENN_PUMP_CHIEF_DOSSIER,pl_PL,scanner,63,529.28,424.96,64.64,460.0,2,2,1.147,,C:/hades/Hecton8/Docs/Lore/AppliedContent/packets/RS081_COLONY_ANCHOR_WORKER_DOSSIERS.packets.json
RS081_COLONY_ANCHOR_WORKER_DOSSIERS,P401_MARA_VENN_PUMP_CHIEF_DOSSIER,pl_PL,terminal,79,623.7,491.7,98.1,520.0,2,2,1.114,,C:/hades/Hecton8/Docs/Lore/AppliedContent/packets/RS081_COLONY_ANCHOR_WORKER_DOSSIERS.packets.json
RS081_COLONY_ANCHOR_WORKER_DOSSIERS,P401_MARA_VENN_PUMP_CHIEF_DOSSIER,pl_PL,audio,97,902.16,625.32,80.64,620.0,2,2,1.168,,C:/hades/Hecton8/Docs/Lore/AppliedContent/packets/RS081_COLONY_ANCHOR_WORKER_DOSSIERS.packets.json
RS081_COLONY_ANCHOR_WORKER_DOSSIERS,P401_MARA_VENN_PUMP_CHIEF_DOSSIER,pl_PL,in_game_wiki,182,1389.0,603.0,75.6,620.0,3,5,1.085,,C:/hades/Hecton8/Docs/Lore/AppliedContent/packets/RS081_COLONY_ANCHOR_WORKER_DOSSIERS.packets.json
RS081_COLONY_ANCHOR_WORKER_DOSSIERS,P401_MARA_VENN_PUMP_CHIEF_DOSSIER,pl_PL,external_site,117,998.08,614.72,97.92,680.0,2,4,1.131,,C:/hades/Hecton8/Docs/Lore/AppliedContent/packets/RS081_COLONY_ANCHOR_WORKER_DOSSIERS.packets.json
RS081_COLONY_ANCHOR_WORKER_DOSSIERS,P401_MARA_VENN_PUMP_CHIEF_DOSSIER,pl_PL,field_note,76,544.6,544.6,74.76,560.0,1,3,1.228,,C:/hades/Hecton8/Docs/Lore/AppliedContent/packets/RS081_COLONY_ANCHOR_WORKER_DOSSIERS.packets.json
RS081_COLONY_ANCHOR_WORKER_DOSSIERS,P401_MARA_VENN_PUMP_CHIEF_DOSSIER,uk_UA,title,28,273.6,273.6,95.04,360.0,1,1,1.387,TEXT_EXPANSION_GT_1_35,C:/hades/Hecton8/Docs/Lore/AppliedContent/packets/RS081_COLONY_ANCHOR_WORKER_DOSSIERS.packets.json
RS081_COLONY_ANCHOR_WORKER_DOSSIERS,P401_MARA_VENN_PUMP_CHIEF_DOSSIER,uk_UA,scanner,63,529.28,424.96,64.64,460.0,2,2,1.147,,C:/hades/Hecton8/Docs/Lore/AppliedContent/packets/RS081_COLONY_ANCHOR_WORKER_DOSSIERS.packets.json
RS081_COLONY_ANCHOR_WORKER_DOSSIERS,P401_MARA_VENN_PUMP_CHIEF_DOSSIER,uk_UA,terminal,79,623.7,491.7,98.1,520.0,2,2,1.114,,C:/hades/Hecton8/Docs/Lore/AppliedContent/packets/RS081_COLONY_ANCHOR_WORKER_DOSSIERS.packets.json
RS081_COLONY_ANCHOR_WORKER_DOSSIERS,P401_MARA_VENN_PUMP_CHIEF_DOSSIER,uk_UA,audio,97,902.16,625.32,80.64,620.0,2,2,1.168,,C:/hades/Hecton8/Docs/Lore/AppliedContent/packets/RS081_COLONY_ANCHOR_WORKER_DOSSIERS.packets.json
RS081_COLONY_ANCHOR_WORKER_DOSSIERS,P401_MARA_VENN_PUMP_CHIEF_DOSSIER,uk_UA,in_game_wiki,182,1389.0,603.0,75.6,620.0,3,5,1.085,,C:/hades/Hecton8/Docs/Lore/AppliedContent/packets/RS081_COLONY_ANCHOR_WORKER_DOSSIERS.packets.json
RS081_COLONY_ANCHOR_WORKER_DOSSIERS,P401_MARA_VENN_PUMP_CHIEF_DOSSIER,uk_UA,external_site,117,998.08,614.72,97.92,680.0,2,4,1.131,,C:/hades/Hecton8/Docs/Lore/AppliedContent/packets/RS081_COLONY_ANCHOR_WORKER_DOSSIERS.packets.json
RS081_COLONY_ANCHOR_WORKER_DOSSIERS,P401_MARA_VENN_PUMP_CHIEF_DOSSIER,uk_UA,field_note,76,544.6,544.6,74.76,560.0,1,3,1.228,,C:/hades/Hecton8/Docs/Lore/AppliedContent/packets/RS081_COLONY_ANCHOR_WORKER_DOSSIERS.packets.json
RS081_COLONY_ANCHOR_WORKER_DOSSIERS,P401_MARA_VENN_PUMP_CHIEF_DOSSIER,ar_SA,title,28,273.6,273.6,95.04,360.0,1,1,1.387,TEXT_EXPANSION_GT_1_35,C:/hades/Hecton8/Docs/Lore/AppliedContent/packets/RS081_COLONY_ANCHOR_WORKER_DOSSIERS.packets.json
RS081_COLONY_ANCHOR_WORKER_DOSSIERS,P401_MARA_VENN_PUMP_CHIEF_DOSSIER,ar_SA,scanner,63,529.28,424.96,64.64,460.0,2,2,1.147,,C:/hades/Hecton8/Docs/Lore/AppliedContent/packets/RS081_COLONY_ANCHOR_WORKER_DOSSIERS.packets.json
RS081_COLONY_ANCHOR_WORKER_DOSSIERS,P401_MARA_VENN_PUMP_CHIEF_DOSSIER,ar_SA,terminal,79,623.7,491.7,98.1,520.0,2,2,1.114,,C:/hades/Hecton8/Docs/Lore/AppliedContent/packets/RS081_COLONY_ANCHOR_WORKER_DOSSIERS.packets.json
RS081_COLONY_ANCHOR_WORKER_DOSSIERS,P401_MARA_VENN_PUMP_CHIEF_DOSSIER,ar_SA,audio,97,902.16,625.32,80.64,620.0,2,2,1.168,,C:/hades/Hecton8/Docs/Lore/AppliedContent/packets/RS081_COLONY_ANCHOR_WORKER_DOSSIERS.packets.json
RS081_COLONY_ANCHOR_WORKER_DOSSIERS,P401_MARA_VENN_PUMP_CHIEF_DOSSIER,ar_SA,in_game_wiki,182,1389.0,603.0,75.6,620.0,3,5,1.085,,C:/hades/Hecton8/Docs/Lore/AppliedContent/packets/RS081_COLONY_ANCHOR_WORKER_DOSSIERS.packets.json
RS081_COLONY_ANCHOR_WORKER_DOSSIERS,P401_MARA_VENN_PUMP_CHIEF_DOSSIER,ar_SA,external_site,117,998.08,614.72,97.92,680.0,2,4,1.131,,C:/hades/Hecton8/Docs/Lore/AppliedContent/packets/RS081_COLONY_ANCHOR_WORKER_DOSSIERS.packets.json
RS081_COLONY_ANCHOR_WORKER_DOSSIERS,P401_MARA_VENN_PUMP_CHIEF_DOSSIER,ar_SA,field_note,76,544.6,544.6,74.76,560.0,1,3,1.228,,C:/hades/Hecton8/Docs/Lore/AppliedContent/packets/RS081_COLONY_ANCHOR_WORKER_DOSSIERS.packets.json
RS081_COLONY_ANCHOR_WORKER_DOSSIERS,P401_MARA_VENN_PUMP_CHIEF_DOSSIER,id_ID,title,28,273.6,273.6,95.04,360.0,1,1,1.387,TEXT_EXPANSION_GT_1_35,C:/hades/Hecton8/Docs/Lore/AppliedContent/packets/RS081_COLONY_ANCHOR_WORKER_DOSSIERS.packets.json
RS081_COLONY_ANCHOR_WORKER_DOSSIERS,P401_MARA_VENN_PUMP_CHIEF_DOSSIER,id_ID,scanner,63,529.28,424.96,64.64,460.0,2,2,1.147,,C:/hades/Hecton8/Docs/Lore/AppliedContent/packets/RS081_COLONY_ANCHOR_WORKER_DOSSIERS.packets.json
RS081_COLONY_ANCHOR_WORKER_DOSSIERS,P401_MARA_VENN_PUMP_CHIEF_DOSSIER,id_ID,terminal,79,623.7,491.7,98.1,520.0,2,2,1.114,,C:/hades/Hecton8/Docs/Lore/AppliedContent/packets/RS081_COLONY_ANCHOR_WORKER_DOSSIERS.packets.json
RS081_COLONY_ANCHOR_WORKER_DOSSIERS,P401_MARA_VENN_PUMP_CHIEF_DOSSIER,id_ID,audio,97,902.16,625.32,80.64,620.0,2,2,1.168,,C:/hades/Hecton8/Docs/Lore/AppliedContent/packets/RS081_COLONY_ANCHOR_WORKER_DOSSIERS.packets.json
RS081_COLONY_ANCHOR_WORKER_DOSSIERS,P401_MARA_VENN_PUMP_CHIEF_DOSSIER,id_ID,in_game_wiki,182,1389.0,603.0,75.6,620.0,3,5,1.085,,C:/hades/Hecton8/Docs/Lore/AppliedContent/packets/RS081_COLONY_ANCHOR_WORKER_DOSSIERS.packets.json
RS081_COLONY_ANCHOR_WORKER_DOSSIERS,P401_MARA_VENN_PUMP_CHIEF_DOSSIER,id_ID,external_site,117,998.08,614.72,97.92,680.0,2,4,1.131,,C:/hades/Hecton8/Docs/Lore/AppliedContent/packets/RS081_COLONY_ANCHOR_WORKER_DOSSIERS.packets.json
RS081_COLONY_ANCHOR_WORKER_DOSSIERS,P401_MARA_VENN_PUMP_CHIEF_DOSSIER,id_ID,field_note,76,544.6,544.6,74.76,560.0,1,3,1.228,,C:/hades/Hecton8/Docs/Lore/AppliedContent/packets/RS081_COLONY_ANCHOR_WORKER_DOSSIERS.packets.json
RS081_COLONY_ANCHOR_WORKER_DOSSIERS,P401_MARA_VENN_PUMP_CHIEF_DOSSIER,ko_KR,title,28,273.6,273.6,95.04,360.0,1,1,1.387,TEXT_EXPANSION_GT_1_35,C:/hades/Hecton8/Docs/Lore/AppliedContent/packets/RS081_COLONY_ANCHOR_WORKER_DOSSIERS.packets.json
RS081_COLONY_ANCHOR_WORKER_DOSSIERS,P401_MARA_VENN_PUMP_CHIEF_DOSSIER,ko_KR,scanner,63,529.28,424.96,64.64,460.0,2,2,1.147,,C:/hades/Hecton8/Docs/Lore/AppliedContent/packets/RS081_COLONY_ANCHOR_WORKER_DOSSIERS.packets.json
RS081_COLONY_ANCHOR_WORKER_DOSSIERS,P401_MARA_VENN_PUMP_CHIEF_DOSSIER,ko_KR,terminal,79,623.7,491.7,98.1,520.0,2,2,1.114,,C:/hades/Hecton8/Docs/Lore/AppliedContent/packets/RS081_COLONY_ANCHOR_WORKER_DOSSIERS.packets.json
RS081_COLONY_ANCHOR_WORKER_DOSSIERS,P401_MARA_VENN_PUMP_CHIEF_DOSSIER,ko_KR,audio,97,902.16,625.32,80.64,620.0,2,2,1.168,,C:/hades/Hecton8/Docs/Lore/AppliedContent/packets/RS081_COLONY_ANCHOR_WORKER_DOSSIERS.packets.json
RS081_COLONY_ANCHOR_WORKER_DOSSIERS,P401_MARA_VENN_PUMP_CHIEF_DOSSIER,ko_KR,in_game_wiki,182,1389.0,603.0,75.6,620.0,3,5,1.085,,C:/hades/Hecton8/Docs/Lore/AppliedContent/packets/RS081_COLONY_ANCHOR_WORKER_DOSSIERS.packets.json
RS081_COLONY_ANCHOR_WORKER_DOSSIERS,P401_MARA_VENN_PUMP_CHIEF_DOSSIER,ko_KR,external_site,117,998.08,614.72,97.92,680.0,2,4,1.131,,C:/hades/Hecton8/Docs/Lore/AppliedContent/packets/RS081_COLONY_ANCHOR_WORKER_DOSSIERS.packets.json
RS081_COLONY_ANCHOR_WORKER_DOSSIERS,P401_MARA_VENN_PUMP_CHIEF_DOSSIER,ko_KR,field_note,76,544.6,544.6,74.76,560.0,1,3,1.228,,C:/hades/Hecton8/Docs/Lore/AppliedContent/packets/RS081_COLONY_ANCHOR_WORKER_DOSSIERS.packets.json
RS081_COLONY_ANCHOR_WORKER_DOSSIERS,P401_MARA_VENN_PUMP_CHIEF_DOSSIER,he_IL,title,28,273.6,273.6,95.04,360.0,1,1,1.387,TEXT_EXPANSION_GT_1_35,C:/hades/Hecton8/Docs/Lore/AppliedContent/packets/RS081_COLONY_ANCHOR_WORKER_DOSSIERS.packets.json
RS081_COLONY_ANCHOR_WORKER_DOSSIERS,P401_MARA_VENN_PUMP_CHIEF_DOSSIER,he_IL,scanner,63,529.28,424.96,64.64,460.0,2,2,1.147,,C:/hades/Hecton8/Docs/Lore/AppliedContent/packets/RS081_COLONY_ANCHOR_WORKER_DOSSIERS.packets.json
RS081_COLONY_ANCHOR_WORKER_DOSSIERS,P401_MARA_VENN_PUMP_CHIEF_DOSSIER,he_IL,terminal,79,623.7,491.7,98.1,520.0,2,2,1.114,,C:/hades/Hecton8/Docs/Lore/AppliedContent/packets/RS081_COLONY_ANCHOR_WORKER_DOSSIERS.packets.json
RS081_COLONY_ANCHOR_WORKER_DOSSIERS,P401_MARA_VENN_PUMP_CHIEF_DOSSIER,he_IL,audio,97,902.16,625.32,80.64,620.0,2,2,1.168,,C:/hades/Hecton8/Docs/Lore/AppliedContent/packets/RS081_COLONY_ANCHOR_WORKER_DOSSIERS.packets.json
RS081_COLONY_ANCHOR_WORKER_DOSSIERS,P401_MARA_VENN_PUMP_CHIEF_DOSSIER,he_IL,in_game_wiki,182,1389.0,603.0,75.6,620.0,3,5,1.085,,C:/hades/Hecton8/Docs/Lore/AppliedContent/packets/RS081_COLONY_ANCHOR_WORKER_DOSSIERS.packets.json
RS081_COLONY_ANCHOR_WORKER_DOSSIERS,P401_MARA_VENN_PUMP_CHIEF_DOSSIER,he_IL,external_site,117,998.08,614.72,97.92,680.0,2,4,1.131,,C:/hades/Hecton8/Docs/Lore/AppliedContent/packets/RS081_COLONY_ANCHOR_WORKER_DOSSIERS.packets.json
RS081_COLONY_ANCHOR_WORKER_DOSSIERS,P401_MARA_VENN_PUMP_CHIEF_DOSSIER,he_IL,field_note,76,544.6,544.6,74.76,560.0,1,3,1.228,,C:/hades/Hecton8/Docs/Lore/AppliedContent/packets/RS081_COLONY_ANCHOR_WORKER_DOSSIERS.packets.json
RS081_COLONY_ANCHOR_WORKER_DOSSIERS,P401_MARA_VENN_PUMP_CHIEF_DOSSIER,pt_BR,title,31,303.48,303.48,95.04,360.0,1,1,1.538,TEXT_EXPANSION_GT_1_35,C:/hades/Hecton8/Docs/Lore/AppliedContent/packets/RS081_COLONY_ANCHOR_WORKER_DOSSIERS.packets.json
RS081_COLONY_ANCHOR_WORKER_DOSSIERS,P401_MARA_VENN_PUMP_CHIEF_DOSSIER,pt_BR,scanner,66,555.84,451.52,64.64,460.0,2,2,1.205,,C:/hades/Hecton8/Docs/Lore/AppliedContent/packets/RS081_COLONY_ANCHOR_WORKER_DOSSIERS.packets.json
RS081_COLONY_ANCHOR_WORKER_DOSSIERS,P401_MARA_VENN_PUMP_CHIEF_DOSSIER,pt_BR,terminal,82,648.6,516.6,98.1,520.0,2,2,1.158,,C:/hades/Hecton8/Docs/Lore/AppliedContent/packets/RS081_COLONY_ANCHOR_WORKER_DOSSIERS.packets.json
RS081_COLONY_ANCHOR_WORKER_DOSSIERS,P401_MARA_VENN_PUMP_CHIEF_DOSSIER,pt_BR,audio,97,902.16,625.32,80.64,620.0,2,2,1.168,,C:/hades/Hecton8/Docs/Lore/AppliedContent/packets/RS081_COLONY_ANCHOR_WORKER_DOSSIERS.packets.json
RS081_COLONY_ANCHOR_WORKER_DOSSIERS,P401_MARA_VENN_PUMP_CHIEF_DOSSIER,pt_BR,in_game_wiki,182,1389.0,603.0,75.6,620.0,3,5,1.085,,C:/hades/Hecton8/Docs/Lore/AppliedContent/packets/RS081_COLONY_ANCHOR_WORKER_DOSSIERS.packets.json
RS081_COLONY_ANCHOR_WORKER_DOSSIERS,P401_MARA_VENN_PUMP_CHIEF_DOSSIER,pt_BR,external_site,117,998.08,614.72,97.92,680.0,2,4,1.131,,C:/hades/Hecton8/Docs/Lore/AppliedContent/packets/RS081_COLONY_ANCHOR_WORKER_DOSSIERS.packets.json
RS081_COLONY_ANCHOR_WORKER_DOSSIERS,P401_MARA_VENN_PUMP_CHIEF_DOSSIER,pt_BR,field_note,76,544.6,544.6,74.76,560.0,1,3,1.228,,C:/hades/Hecton8/Docs/Lore/AppliedContent/packets/RS081_COLONY_ANCHOR_WORKER_DOSSIERS.packets.json
RS081_COLONY_ANCHOR_WORKER_DOSSIERS,P401_MARA_VENN_PUMP_CHIEF_DOSSIER,nl_NL,title,28,273.6,273.6,95.04,360.0,1,1,1.387,TEXT_EXPANSION_GT_1_35,C:/hades/Hecton8/Docs/Lore/AppliedContent/packets/RS081_COLONY_ANCHOR_WORKER_DOSSIERS.packets.json
RS081_COLONY_ANCHOR_WORKER_DOSSIERS,P401_MARA_VENN_PUMP_CHIEF_DOSSIER,nl_NL,scanner,63,529.28,424.96,64.64,460.0,2,2,1.147,,C:/hades/Hecton8/Docs/Lore/AppliedContent/packets/RS081_COLONY_ANCHOR_WORKER_DOSSIERS.packets.json
RS081_COLONY_ANCHOR_WORKER_DOSSIERS,P401_MARA_VENN_PUMP_CHIEF_DOSSIER,nl_NL,terminal,79,623.7,491.7,98.1,520.0,2,2,1.114,,C:/hades/Hecton8/Docs/Lore/AppliedContent/packets/RS081_COLONY_ANCHOR_WORKER_DOSSIERS.packets.json
RS081_COLONY_ANCHOR_WORKER_DOSSIERS,P401_MARA_VENN_PUMP_CHIEF_DOSSIER,nl_NL,audio,97,902.16,625.32,80.64,620.0,2,2,1.168,,C:/hades/Hecton8/Docs/Lore/AppliedContent/packets/RS081_COLONY_ANCHOR_WORKER_DOSSIERS.packets.json
RS081_COLONY_ANCHOR_WORKER_DOSSIERS,P401_MARA_VENN_PUMP_CHIEF_DOSSIER,nl_NL,in_game_wiki,182,1389.0,603.0,75.6,620.0,3,5,1.085,,C:/hades/Hecton8/Docs/Lore/AppliedContent/packets/RS081_COLONY_ANCHOR_WORKER_DOSSIERS.packets.json
RS081_COLONY_ANCHOR_WORKER_DOSSIERS,P401_MARA_VENN_PUMP_CHIEF_DOSSIER,nl_NL,external_site,117,998.08,614.72,97.92,680.0,2,4,1.131,,C:/hades/Hecton8/Docs/Lore/AppliedContent/packets/RS081_COLONY_ANCHOR_WORKER_DOSSIERS.packets.json
RS081_COLONY_ANCHOR_WORKER_DOSSIERS,P401_MARA_VENN_PUMP_CHIEF_DOSSIER,nl_NL,field_note,76,544.6,544.6,74.76,560.0,1,3,1.228,,C:/hades/Hecton8/Docs/Lore/AppliedContent/packets/RS081_COLONY_ANCHOR_WORKER_DOSSIERS.packets.json
RS081_COLONY_ANCHOR_WORKER_DOSSIERS,P402_JUNO_KADE_RELAY_NOTARY_DOSSIER,en_US,title,15,144.36,144.36,96.12,360.0,1,1,1.0,,C:/hades/Hecton8/Docs/Lore/AppliedContent/packets/RS081_COLONY_ANCHOR_WORKER_DOSSIERS.packets.json
RS081_COLONY_ANCHOR_WORKER_DOSSIERS,P402_JUNO_KADE_RELAY_NOTARY_DOSSIER,en_US,scanner,61,494.72,445.76,64.64,460.0,2,2,1.0,,C:/hades/Hecton8/Docs/Lore/AppliedContent/packets/RS081_COLONY_ANCHOR_WORKER_DOSSIERS.packets.json
RS081_COLONY_ANCHOR_WORKER_DOSSIERS,P402_JUNO_KADE_RELAY_NOTARY_DOSSIER,en_US,terminal,87,711.3,524.4,98.1,520.0,2,2,1.0,,C:/hades/Hecton8/Docs/Lore/AppliedContent/packets/RS081_COLONY_ANCHOR_WORKER_DOSSIERS.packets.json
RS081_COLONY_ANCHOR_WORKER_DOSSIERS,P402_JUNO_KADE_RELAY_NOTARY_DOSSIER,en_US,audio,69,623.16,553.32,82.08,620.0,2,2,1.0,,C:/hades/Hecton8/Docs/Lore/AppliedContent/packets/RS081_COLONY_ANCHOR_WORKER_DOSSIERS.packets.json
RS081_COLONY_ANCHOR_WORKER_DOSSIERS,P402_JUNO_KADE_RELAY_NOTARY_DOSSIER,en_US,in_game_wiki,171,1323.3,609.0,75.9,620.0,3,5,1.0,,C:/hades/Hecton8/Docs/Lore/AppliedContent/packets/RS081_COLONY_ANCHOR_WORKER_DOSSIERS.packets.json
RS081_COLONY_ANCHOR_WORKER_DOSSIERS,P402_JUNO_KADE_RELAY_NOTARY_DOSSIER,en_US,external_site,105,856.0,657.6,117.12,680.0,2,4,1.0,,C:/hades/Hecton8/Docs/Lore/AppliedContent/packets/RS081_COLONY_ANCHOR_WORKER_DOSSIERS.packets.json
RS081_COLONY_ANCHOR_WORKER_DOSSIERS,P402_JUNO_KADE_RELAY_NOTARY_DOSSIER,en_US,field_note,65,456.68,456.68,108.36,560.0,1,3,1.0,,C:/hades/Hecton8/Docs/Lore/AppliedContent/packets/RS081_COLONY_ANCHOR_WORKER_DOSSIERS.packets.json
RS081_COLONY_ANCHOR_WORKER_DOSSIERS,P402_JUNO_KADE_RELAY_NOTARY_DOSSIER,ru_RU,title,16,160.56,160.56,101.16,360.0,1,1,1.112,,C:/hades/Hecton8/Docs/Lore/AppliedContent/packets/RS081_COLONY_ANCHOR_WORKER_DOSSIERS.packets.json
RS081_COLONY_ANCHOR_WORKER_DOSSIERS,P402_JUNO_KADE_RELAY_NOTARY_DOSSIER,ru_RU,scanner,62,528.0,440.32,92.8,460.0,2,2,1.067,,C:/hades/Hecton8/Docs/Lore/AppliedContent/packets/RS081_COLONY_ANCHOR_WORKER_DOSSIERS.packets.json
RS081_COLONY_ANCHOR_WORKER_DOSSIERS,P402_JUNO_KADE_RELAY_NOTARY_DOSSIER,ru_RU,terminal,74,606.9,476.1,95.4,520.0,2,2,0.853,,C:/hades/Hecton8/Docs/Lore/AppliedContent/packets/RS081_COLONY_ANCHOR_WORKER_DOSSIERS.packets.json
RS081_COLONY_ANCHOR_WORKER_DOSSIERS,P402_JUNO_KADE_RELAY_NOTARY_DOSSIER,ru_RU,audio,71,683.28,588.96,73.08,620.0,2,2,1.096,,C:/hades/Hecton8/Docs/Lore/AppliedContent/packets/RS081_COLONY_ANCHOR_WORKER_DOSSIERS.packets.json
RS081_COLONY_ANCHOR_WORKER_DOSSIERS,P402_JUNO_KADE_RELAY_NOTARY_DOSSIER,ru_RU,in_game_wiki,153,1250.4,605.1,113.1,620.0,3,5,0.945,,C:/hades/Hecton8/Docs/Lore/AppliedContent/packets/RS081_COLONY_ANCHOR_WORKER_DOSSIERS.packets.json
RS081_COLONY_ANCHOR_WORKER_DOSSIERS,P402_JUNO_KADE_RELAY_NOTARY_DOSSIER,ru_RU,external_site,123,1078.08,648.96,124.8,680.0,2,4,1.259,,C:/hades/Hecton8/Docs/Lore/AppliedContent/packets/RS081_COLONY_ANCHOR_WORKER_DOSSIERS.packets.json
RS081_COLONY_ANCHOR_WORKER_DOSSIERS,P402_JUNO_KADE_RELAY_NOTARY_DOSSIER,ru_RU,field_note,73,555.52,555.52,98.28,560.0,1,3,1.216,,C:/hades/Hecton8/Docs/Lore/AppliedContent/packets/RS081_COLONY_ANCHOR_WORKER_DOSSIERS.packets.json
RS081_COLONY_ANCHOR_WORKER_DOSSIERS,P402_JUNO_KADE_RELAY_NOTARY_DOSSIER,ja_JP,title,23,220.68,220.68,96.12,360.0,1,1,1.529,TEXT_EXPANSION_GT_1_35,C:/hades/Hecton8/Docs/Lore/AppliedContent/packets/RS081_COLONY_ANCHOR_WORKER_DOSSIERS.packets.json
RS081_COLONY_ANCHOR_WORKER_DOSSIERS,P402_JUNO_KADE_RELAY_NOTARY_DOSSIER,ja_JP,scanner,69,562.56,403.84,64.64,460.0,2,2,1.137,,C:/hades/Hecton8/Docs/Lore/AppliedContent/packets/RS081_COLONY_ANCHOR_WORKER_DOSSIERS.packets.json
RS081_COLONY_ANCHOR_WORKER_DOSSIERS,P402_JUNO_KADE_RELAY_NOTARY_DOSSIER,ja_JP,terminal,95,774.9,524.4,98.1,520.0,2,2,1.089,,C:/hades/Hecton8/Docs/Lore/AppliedContent/packets/RS081_COLONY_ANCHOR_WORKER_DOSSIERS.packets.json
RS081_COLONY_ANCHOR_WORKER_DOSSIERS,P402_JUNO_KADE_RELAY_NOTARY_DOSSIER,ja_JP,audio,82,753.12,610.56,82.08,620.0,2,2,1.209,,C:/hades/Hecton8/Docs/Lore/AppliedContent/packets/RS081_COLONY_ANCHOR_WORKER_DOSSIERS.packets.json
RS081_COLONY_ANCHOR_WORKER_DOSSIERS,P402_JUNO_KADE_RELAY_NOTARY_DOSSIER,ja_JP,in_game_wiki,184,1431.6,603.3,75.9,620.0,3,5,1.082,,C:/hades/Hecton8/Docs/Lore/AppliedContent/packets/RS081_COLONY_ANCHOR_WORKER_DOSSIERS.packets.json
RS081_COLONY_ANCHOR_WORKER_DOSSIERS,P402_JUNO_KADE_RELAY_NOTARY_DOSSIER,ja_JP,external_site,118,971.52,654.4,117.12,680.0,2,4,1.135,,C:/hades/Hecton8/Docs/Lore/AppliedContent/packets/RS081_COLONY_ANCHOR_WORKER_DOSSIERS.packets.json
RS081_COLONY_ANCHOR_WORKER_DOSSIERS,P402_JUNO_KADE_RELAY_NOTARY_DOSSIER,ja_JP,field_note,78,557.76,557.76,108.36,560.0,1,3,1.221,,C:/hades/Hecton8/Docs/Lore/AppliedContent/packets/RS081_COLONY_ANCHOR_WORKER_DOSSIERS.packets.json
RS081_COLONY_ANCHOR_WORKER_DOSSIERS,P402_JUNO_KADE_RELAY_NOTARY_DOSSIER,zh_CN,title,23,220.68,220.68,96.12,360.0,1,1,1.529,TEXT_EXPANSION_GT_1_35,C:/hades/Hecton8/Docs/Lore/AppliedContent/packets/RS081_COLONY_ANCHOR_WORKER_DOSSIERS.packets.json
RS081_COLONY_ANCHOR_WORKER_DOSSIERS,P402_JUNO_KADE_RELAY_NOTARY_DOSSIER,zh_CN,scanner,69,562.56,403.84,64.64,460.0,2,2,1.137,,C:/hades/Hecton8/Docs/Lore/AppliedContent/packets/RS081_COLONY_ANCHOR_WORKER_DOSSIERS.packets.json
RS081_COLONY_ANCHOR_WORKER_DOSSIERS,P402_JUNO_KADE_RELAY_NOTARY_DOSSIER,zh_CN,terminal,95,774.9,524.4,98.1,520.0,2,2,1.089,,C:/hades/Hecton8/Docs/Lore/AppliedContent/packets/RS081_COLONY_ANCHOR_WORKER_DOSSIERS.packets.json
RS081_COLONY_ANCHOR_WORKER_DOSSIERS,P402_JUNO_KADE_RELAY_NOTARY_DOSSIER,zh_CN,audio,82,753.12,610.56,82.08,620.0,2,2,1.209,,C:/hades/Hecton8/Docs/Lore/AppliedContent/packets/RS081_COLONY_ANCHOR_WORKER_DOSSIERS.packets.json
RS081_COLONY_ANCHOR_WORKER_DOSSIERS,P402_JUNO_KADE_RELAY_NOTARY_DOSSIER,zh_CN,in_game_wiki,184,1431.6,603.3,75.9,620.0,3,5,1.082,,C:/hades/Hecton8/Docs/Lore/AppliedContent/packets/RS081_COLONY_ANCHOR_WORKER_DOSSIERS.packets.json
RS081_COLONY_ANCHOR_WORKER_DOSSIERS,P402_JUNO_KADE_RELAY_NOTARY_DOSSIER,zh_CN,external_site,118,971.52,654.4,117.12,680.0,2,4,1.135,,C:/hades/Hecton8/Docs/Lore/AppliedContent/packets/RS081_COLONY_ANCHOR_WORKER_DOSSIERS.packets.json
RS081_COLONY_ANCHOR_WORKER_DOSSIERS,P402_JUNO_KADE_RELAY_NOTARY_DOSSIER,zh_CN,field_note,78,557.76,557.76,108.36,560.0,1,3,1.221,,C:/hades/Hecton8/Docs/Lore/AppliedContent/packets/RS081_COLONY_ANCHOR_WORKER_DOSSIERS.packets.json
RS081_COLONY_ANCHOR_WORKER_DOSSIERS,P402_JUNO_KADE_RELAY_NOTARY_DOSSIER,fr_FR,title,23,220.68,220.68,96.12,360.0,1,1,1.529,TEXT_EXPANSION_GT_1_35,C:/hades/Hecton8/Docs/Lore/AppliedContent/packets/RS081_COLONY_ANCHOR_WORKER_DOSSIERS.packets.json
RS081_COLONY_ANCHOR_WORKER_DOSSIERS,P402_JUNO_KADE_RELAY_NOTARY_DOSSIER,fr_FR,scanner,69,562.56,403.84,64.64,460.0,2,2,1.137,,C:/hades/Hecton8/Docs/Lore/AppliedContent/packets/RS081_COLONY_ANCHOR_WORKER_DOSSIERS.packets.json
RS081_COLONY_ANCHOR_WORKER_DOSSIERS,P402_JUNO_KADE_RELAY_NOTARY_DOSSIER,fr_FR,terminal,95,774.9,524.4,98.1,520.0,2,2,1.089,,C:/hades/Hecton8/Docs/Lore/AppliedContent/packets/RS081_COLONY_ANCHOR_WORKER_DOSSIERS.packets.json
RS081_COLONY_ANCHOR_WORKER_DOSSIERS,P402_JUNO_KADE_RELAY_NOTARY_DOSSIER,fr_FR,audio,82,753.12,610.56,82.08,620.0,2,2,1.209,,C:/hades/Hecton8/Docs/Lore/AppliedContent/packets/RS081_COLONY_ANCHOR_WORKER_DOSSIERS.packets.json
RS081_COLONY_ANCHOR_WORKER_DOSSIERS,P402_JUNO_KADE_RELAY_NOTARY_DOSSIER,fr_FR,in_game_wiki,184,1431.6,603.3,75.9,620.0,3,5,1.082,,C:/hades/Hecton8/Docs/Lore/AppliedContent/packets/RS081_COLONY_ANCHOR_WORKER_DOSSIERS.packets.json
RS081_COLONY_ANCHOR_WORKER_DOSSIERS,P402_JUNO_KADE_RELAY_NOTARY_DOSSIER,fr_FR,external_site,118,971.52,654.4,117.12,680.0,2,4,1.135,,C:/hades/Hecton8/Docs/Lore/AppliedContent/packets/RS081_COLONY_ANCHOR_WORKER_DOSSIERS.packets.json
RS081_COLONY_ANCHOR_WORKER_DOSSIERS,P402_JUNO_KADE_RELAY_NOTARY_DOSSIER,fr_FR,field_note,78,557.76,557.76,108.36,560.0,1,3,1.221,,C:/hades/Hecton8/Docs/Lore/AppliedContent/packets/RS081_COLONY_ANCHOR_WORKER_DOSSIERS.packets.json
RS081_COLONY_ANCHOR_WORKER_DOSSIERS,P402_JUNO_KADE_RELAY_NOTARY_DOSSIER,es_ES,title,23,220.68,220.68,96.12,360.0,1,1,1.529,TEXT_EXPANSION_GT_1_35,C:/hades/Hecton8/Docs/Lore/AppliedContent/packets/RS081_COLONY_ANCHOR_WORKER_DOSSIERS.packets.json
RS081_COLONY_ANCHOR_WORKER_DOSSIERS,P402_JUNO_KADE_RELAY_NOTARY_DOSSIER,es_ES,scanner,69,562.56,403.84,64.64,460.0,2,2,1.137,,C:/hades/Hecton8/Docs/Lore/AppliedContent/packets/RS081_COLONY_ANCHOR_WORKER_DOSSIERS.packets.json
RS081_COLONY_ANCHOR_WORKER_DOSSIERS,P402_JUNO_KADE_RELAY_NOTARY_DOSSIER,es_ES,terminal,95,774.9,524.4,98.1,520.0,2,2,1.089,,C:/hades/Hecton8/Docs/Lore/AppliedContent/packets/RS081_COLONY_ANCHOR_WORKER_DOSSIERS.packets.json
RS081_COLONY_ANCHOR_WORKER_DOSSIERS,P402_JUNO_KADE_RELAY_NOTARY_DOSSIER,es_ES,audio,82,753.12,610.56,82.08,620.0,2,2,1.209,,C:/hades/Hecton8/Docs/Lore/AppliedContent/packets/RS081_COLONY_ANCHOR_WORKER_DOSSIERS.packets.json
RS081_COLONY_ANCHOR_WORKER_DOSSIERS,P402_JUNO_KADE_RELAY_NOTARY_DOSSIER,es_ES,in_game_wiki,184,1431.6,603.3,75.9,620.0,3,5,1.082,,C:/hades/Hecton8/Docs/Lore/AppliedContent/packets/RS081_COLONY_ANCHOR_WORKER_DOSSIERS.packets.json
RS081_COLONY_ANCHOR_WORKER_DOSSIERS,P402_JUNO_KADE_RELAY_NOTARY_DOSSIER,es_ES,external_site,118,971.52,654.4,117.12,680.0,2,4,1.135,,C:/hades/Hecton8/Docs/Lore/AppliedContent/packets/RS081_COLONY_ANCHOR_WORKER_DOSSIERS.packets.json
RS081_COLONY_ANCHOR_WORKER_DOSSIERS,P402_JUNO_KADE_RELAY_NOTARY_DOSSIER,es_ES,field_note,78,557.76,557.76,108.36,560.0,1,3,1.221,,C:/hades/Hecton8/Docs/Lore/AppliedContent/packets/RS081_COLONY_ANCHOR_WORKER_DOSSIERS.packets.json
RS081_COLONY_ANCHOR_WORKER_DOSSIERS,P402_JUNO_KADE_RELAY_NOTARY_DOSSIER,de_DE,title,23,220.68,220.68,96.12,360.0,1,1,1.529,TEXT_EXPANSION_GT_1_35,C:/hades/Hecton8/Docs/Lore/AppliedContent/packets/RS081_COLONY_ANCHOR_WORKER_DOSSIERS.packets.json
RS081_COLONY_ANCHOR_WORKER_DOSSIERS,P402_JUNO_KADE_RELAY_NOTARY_DOSSIER,de_DE,scanner,69,562.56,403.84,64.64,460.0,2,2,1.137,,C:/hades/Hecton8/Docs/Lore/AppliedContent/packets/RS081_COLONY_ANCHOR_WORKER_DOSSIERS.packets.json
RS081_COLONY_ANCHOR_WORKER_DOSSIERS,P402_JUNO_KADE_RELAY_NOTARY_DOSSIER,de_DE,terminal,95,774.9,524.4,98.1,520.0,2,2,1.089,,C:/hades/Hecton8/Docs/Lore/AppliedContent/packets/RS081_COLONY_ANCHOR_WORKER_DOSSIERS.packets.json
RS081_COLONY_ANCHOR_WORKER_DOSSIERS,P402_JUNO_KADE_RELAY_NOTARY_DOSSIER,de_DE,audio,82,753.12,610.56,82.08,620.0,2,2,1.209,,C:/hades/Hecton8/Docs/Lore/AppliedContent/packets/RS081_COLONY_ANCHOR_WORKER_DOSSIERS.packets.json
RS081_COLONY_ANCHOR_WORKER_DOSSIERS,P402_JUNO_KADE_RELAY_NOTARY_DOSSIER,de_DE,in_game_wiki,184,1431.6,603.3,75.9,620.0,3,5,1.082,,C:/hades/Hecton8/Docs/Lore/AppliedContent/packets/RS081_COLONY_ANCHOR_WORKER_DOSSIERS.packets.json
RS081_COLONY_ANCHOR_WORKER_DOSSIERS,P402_JUNO_KADE_RELAY_NOTARY_DOSSIER,de_DE,external_site,118,971.52,654.4,117.12,680.0,2,4,1.135,,C:/hades/Hecton8/Docs/Lore/AppliedContent/packets/RS081_COLONY_ANCHOR_WORKER_DOSSIERS.packets.json
RS081_COLONY_ANCHOR_WORKER_DOSSIERS,P402_JUNO_KADE_RELAY_NOTARY_DOSSIER,de_DE,field_note,78,557.76,557.76,108.36,560.0,1,3,1.221,,C:/hades/Hecton8/Docs/Lore/AppliedContent/packets/RS081_COLONY_ANCHOR_WORKER_DOSSIERS.packets.json
RS081_COLONY_ANCHOR_WORKER_DOSSIERS,P402_JUNO_KADE_RELAY_NOTARY_DOSSIER,pl_PL,title,23,220.68,220.68,96.12,360.0,1,1,1.529,TEXT_EXPANSION_GT_1_35,C:/hades/Hecton8/Docs/Lore/AppliedContent/packets/RS081_COLONY_ANCHOR_WORKER_DOSSIERS.packets.json
RS081_COLONY_ANCHOR_WORKER_DOSSIERS,P402_JUNO_KADE_RELAY_NOTARY_DOSSIER,pl_PL,scanner,69,562.56,403.84,64.64,460.0,2,2,1.137,,C:/hades/Hecton8/Docs/Lore/AppliedContent/packets/RS081_COLONY_ANCHOR_WORKER_DOSSIERS.packets.json
RS081_COLONY_ANCHOR_WORKER_DOSSIERS,P402_JUNO_KADE_RELAY_NOTARY_DOSSIER,pl_PL,terminal,95,774.9,524.4,98.1,520.0,2,2,1.089,,C:/hades/Hecton8/Docs/Lore/AppliedContent/packets/RS081_COLONY_ANCHOR_WORKER_DOSSIERS.packets.json
RS081_COLONY_ANCHOR_WORKER_DOSSIERS,P402_JUNO_KADE_RELAY_NOTARY_DOSSIER,pl_PL,audio,82,753.12,610.56,82.08,620.0,2,2,1.209,,C:/hades/Hecton8/Docs/Lore/AppliedContent/packets/RS081_COLONY_ANCHOR_WORKER_DOSSIERS.packets.json
RS081_COLONY_ANCHOR_WORKER_DOSSIERS,P402_JUNO_KADE_RELAY_NOTARY_DOSSIER,pl_PL,in_game_wiki,184,1431.6,603.3,75.9,620.0,3,5,1.082,,C:/hades/Hecton8/Docs/Lore/AppliedContent/packets/RS081_COLONY_ANCHOR_WORKER_DOSSIERS.packets.json
RS081_COLONY_ANCHOR_WORKER_DOSSIERS,P402_JUNO_KADE_RELAY_NOTARY_DOSSIER,pl_PL,external_site,118,971.52,654.4,117.12,680.0,2,4,1.135,,C:/hades/Hecton8/Docs/Lore/AppliedContent/packets/RS081_COLONY_ANCHOR_WORKER_DOSSIERS.packets.json
RS081_COLONY_ANCHOR_WORKER_DOSSIERS,P402_JUNO_KADE_RELAY_NOTARY_DOSSIER,pl_PL,field_note,78,557.76,557.76,108.36,560.0,1,3,1.221,,C:/hades/Hecton8/Docs/Lore/AppliedContent/packets/RS081_COLONY_ANCHOR_WORKER_DOSSIERS.packets.json
RS081_COLONY_ANCHOR_WORKER_DOSSIERS,P402_JUNO_KADE_RELAY_NOTARY_DOSSIER,uk_UA,title,23,220.68,220.68,96.12,360.0,1,1,1.529,TEXT_EXPANSION_GT_1_35,C:/hades/Hecton8/Docs/Lore/AppliedContent/packets/RS081_COLONY_ANCHOR_WORKER_DOSSIERS.packets.json
RS081_COLONY_ANCHOR_WORKER_DOSSIERS,P402_JUNO_KADE_RELAY_NOTARY_DOSSIER,uk_UA,scanner,69,562.56,403.84,64.64,460.0,2,2,1.137,,C:/hades/Hecton8/Docs/Lore/AppliedContent/packets/RS081_COLONY_ANCHOR_WORKER_DOSSIERS.packets.json
RS081_COLONY_ANCHOR_WORKER_DOSSIERS,P402_JUNO_KADE_RELAY_NOTARY_DOSSIER,uk_UA,terminal,95,774.9,524.4,98.1,520.0,2,2,1.089,,C:/hades/Hecton8/Docs/Lore/AppliedContent/packets/RS081_COLONY_ANCHOR_WORKER_DOSSIERS.packets.json
RS081_COLONY_ANCHOR_WORKER_DOSSIERS,P402_JUNO_KADE_RELAY_NOTARY_DOSSIER,uk_UA,audio,82,753.12,610.56,82.08,620.0,2,2,1.209,,C:/hades/Hecton8/Docs/Lore/AppliedContent/packets/RS081_COLONY_ANCHOR_WORKER_DOSSIERS.packets.json
RS081_COLONY_ANCHOR_WORKER_DOSSIERS,P402_JUNO_KADE_RELAY_NOTARY_DOSSIER,uk_UA,in_game_wiki,184,1431.6,603.3,75.9,620.0,3,5,1.082,,C:/hades/Hecton8/Docs/Lore/AppliedContent/packets/RS081_COLONY_ANCHOR_WORKER_DOSSIERS.packets.json
RS081_COLONY_ANCHOR_WORKER_DOSSIERS,P402_JUNO_KADE_RELAY_NOTARY_DOSSIER,uk_UA,external_site,118,971.52,654.4,117.12,680.0,2,4,1.135,,C:/hades/Hecton8/Docs/Lore/AppliedContent/packets/RS081_COLONY_ANCHOR_WORKER_DOSSIERS.packets.json
RS081_COLONY_ANCHOR_WORKER_DOSSIERS,P402_JUNO_KADE_RELAY_NOTARY_DOSSIER,uk_UA,field_note,78,557.76,557.76,108.36,560.0,1,3,1.221,,C:/hades/Hecton8/Docs/Lore/AppliedContent/packets/RS081_COLONY_ANCHOR_WORKER_DOSSIERS.packets.json
RS081_COLONY_ANCHOR_WORKER_DOSSIERS,P402_JUNO_KADE_RELAY_NOTARY_DOSSIER,ar_SA,title,23,220.68,220.68,96.12,360.0,1,1,1.529,TEXT_EXPANSION_GT_1_35,C:/hades/Hecton8/Docs/Lore/AppliedContent/packets/RS081_COLONY_ANCHOR_WORKER_DOSSIERS.packets.json
RS081_COLONY_ANCHOR_WORKER_DOSSIERS,P402_JUNO_KADE_RELAY_NOTARY_DOSSIER,ar_SA,scanner,69,562.56,403.84,64.64,460.0,2,2,1.137,,C:/hades/Hecton8/Docs/Lore/AppliedContent/packets/RS081_COLONY_ANCHOR_WORKER_DOSSIERS.packets.json
RS081_COLONY_ANCHOR_WORKER_DOSSIERS,P402_JUNO_KADE_RELAY_NOTARY_DOSSIER,ar_SA,terminal,95,774.9,524.4,98.1,520.0,2,2,1.089,,C:/hades/Hecton8/Docs/Lore/AppliedContent/packets/RS081_COLONY_ANCHOR_WORKER_DOSSIERS.packets.json
RS081_COLONY_ANCHOR_WORKER_DOSSIERS,P402_JUNO_KADE_RELAY_NOTARY_DOSSIER,ar_SA,audio,82,753.12,610.56,82.08,620.0,2,2,1.209,,C:/hades/Hecton8/Docs/Lore/AppliedContent/packets/RS081_COLONY_ANCHOR_WORKER_DOSSIERS.packets.json
RS081_COLONY_ANCHOR_WORKER_DOSSIERS,P402_JUNO_KADE_RELAY_NOTARY_DOSSIER,ar_SA,in_game_wiki,184,1431.6,603.3,75.9,620.0,3,5,1.082,,C:/hades/Hecton8/Docs/Lore/AppliedContent/packets/RS081_COLONY_ANCHOR_WORKER_DOSSIERS.packets.json
RS081_COLONY_ANCHOR_WORKER_DOSSIERS,P402_JUNO_KADE_RELAY_NOTARY_DOSSIER,ar_SA,external_site,118,971.52,654.4,117.12,680.0,2,4,1.135,,C:/hades/Hecton8/Docs/Lore/AppliedContent/packets/RS081_COLONY_ANCHOR_WORKER_DOSSIERS.packets.json
RS081_COLONY_ANCHOR_WORKER_DOSSIERS,P402_JUNO_KADE_RELAY_NOTARY_DOSSIER,ar_SA,field_note,78,557.76,557.76,108.36,560.0,1,3,1.221,,C:/hades/Hecton8/Docs/Lore/AppliedContent/packets/RS081_COLONY_ANCHOR_WORKER_DOSSIERS.packets.json
RS081_COLONY_ANCHOR_WORKER_DOSSIERS,P402_JUNO_KADE_RELAY_NOTARY_DOSSIER,id_ID,title,23,220.68,220.68,96.12,360.0,1,1,1.529,TEXT_EXPANSION_GT_1_35,C:/hades/Hecton8/Docs/Lore/AppliedContent/packets/RS081_COLONY_ANCHOR_WORKER_DOSSIERS.packets.json
RS081_COLONY_ANCHOR_WORKER_DOSSIERS,P402_JUNO_KADE_RELAY_NOTARY_DOSSIER,id_ID,scanner,69,562.56,403.84,64.64,460.0,2,2,1.137,,C:/hades/Hecton8/Docs/Lore/AppliedContent/packets/RS081_COLONY_ANCHOR_WORKER_DOSSIERS.packets.json
RS081_COLONY_ANCHOR_WORKER_DOSSIERS,P402_JUNO_KADE_RELAY_NOTARY_DOSSIER,id_ID,terminal,95,774.9,524.4,98.1,520.0,2,2,1.089,,C:/hades/Hecton8/Docs/Lore/AppliedContent/packets/RS081_COLONY_ANCHOR_WORKER_DOSSIERS.packets.json
RS081_COLONY_ANCHOR_WORKER_DOSSIERS,P402_JUNO_KADE_RELAY_NOTARY_DOSSIER,id_ID,audio,82,753.12,610.56,82.08,620.0,2,2,1.209,,C:/hades/Hecton8/Docs/Lore/AppliedContent/packets/RS081_COLONY_ANCHOR_WORKER_DOSSIERS.packets.json
RS081_COLONY_ANCHOR_WORKER_DOSSIERS,P402_JUNO_KADE_RELAY_NOTARY_DOSSIER,id_ID,in_game_wiki,184,1431.6,603.3,75.9,620.0,3,5,1.082,,C:/hades/Hecton8/Docs/Lore/AppliedContent/packets/RS081_COLONY_ANCHOR_WORKER_DOSSIERS.packets.json
RS081_COLONY_ANCHOR_WORKER_DOSSIERS,P402_JUNO_KADE_RELAY_NOTARY_DOSSIER,id_ID,external_site,118,971.52,654.4,117.12,680.0,2,4,1.135,,C:/hades/Hecton8/Docs/Lore/AppliedContent/packets/RS081_COLONY_ANCHOR_WORKER_DOSSIERS.packets.json
RS081_COLONY_ANCHOR_WORKER_DOSSIERS,P402_JUNO_KADE_RELAY_NOTARY_DOSSIER,id_ID,field_note,78,557.76,557.76,108.36,560.0,1,3,1.221,,C:/hades/Hecton8/Docs/Lore/AppliedContent/packets/RS081_COLONY_ANCHOR_WORKER_DOSSIERS.packets.json
RS081_COLONY_ANCHOR_WORKER_DOSSIERS,P402_JUNO_KADE_RELAY_NOTARY_DOSSIER,ko_KR,title,23,220.68,220.68,96.12,360.0,1,1,1.529,TEXT_EXPANSION_GT_1_35,C:/hades/Hecton8/Docs/Lore/AppliedContent/packets/RS081_COLONY_ANCHOR_WORKER_DOSSIERS.packets.json
RS081_COLONY_ANCHOR_WORKER_DOSSIERS,P402_JUNO_KADE_RELAY_NOTARY_DOSSIER,ko_KR,scanner,69,562.56,403.84,64.64,460.0,2,2,1.137,,C:/hades/Hecton8/Docs/Lore/AppliedContent/packets/RS081_COLONY_ANCHOR_WORKER_DOSSIERS.packets.json
RS081_COLONY_ANCHOR_WORKER_DOSSIERS,P402_JUNO_KADE_RELAY_NOTARY_DOSSIER,ko_KR,terminal,95,774.9,524.4,98.1,520.0,2,2,1.089,,C:/hades/Hecton8/Docs/Lore/AppliedContent/packets/RS081_COLONY_ANCHOR_WORKER_DOSSIERS.packets.json
RS081_COLONY_ANCHOR_WORKER_DOSSIERS,P402_JUNO_KADE_RELAY_NOTARY_DOSSIER,ko_KR,audio,82,753.12,610.56,82.08,620.0,2,2,1.209,,C:/hades/Hecton8/Docs/Lore/AppliedContent/packets/RS081_COLONY_ANCHOR_WORKER_DOSSIERS.packets.json
RS081_COLONY_ANCHOR_WORKER_DOSSIERS,P402_JUNO_KADE_RELAY_NOTARY_DOSSIER,ko_KR,in_game_wiki,184,1431.6,603.3,75.9,620.0,3,5,1.082,,C:/hades/Hecton8/Docs/Lore/AppliedContent/packets/RS081_COLONY_ANCHOR_WORKER_DOSSIERS.packets.json
RS081_COLONY_ANCHOR_WORKER_DOSSIERS,P402_JUNO_KADE_RELAY_NOTARY_DOSSIER,ko_KR,external_site,118,971.52,654.4,117.12,680.0,2,4,1.135,,C:/hades/Hecton8/Docs/Lore/AppliedContent/packets/RS081_COLONY_ANCHOR_WORKER_DOSSIERS.packets.json
RS081_COLONY_ANCHOR_WORKER_DOSSIERS,P402_JUNO_KADE_RELAY_NOTARY_DOSSIER,ko_KR,field_note,78,557.76,557.76,108.36,560.0,1,3,1.221,,C:/hades/Hecton8/Docs/Lore/AppliedContent/packets/RS081_COLONY_ANCHOR_WORKER_DOSSIERS.packets.json
RS081_COLONY_ANCHOR_WORKER_DOSSIERS,P402_JUNO_KADE_RELAY_NOTARY_DOSSIER,he_IL,title,23,220.68,220.68,96.12,360.0,1,1,1.529,TEXT_EXPANSION_GT_1_35,C:/hades/Hecton8/Docs/Lore/AppliedContent/packets/RS081_COLONY_ANCHOR_WORKER_DOSSIERS.packets.json
RS081_COLONY_ANCHOR_WORKER_DOSSIERS,P402_JUNO_KADE_RELAY_NOTARY_DOSSIER,he_IL,scanner,69,562.56,403.84,64.64,460.0,2,2,1.137,,C:/hades/Hecton8/Docs/Lore/AppliedContent/packets/RS081_COLONY_ANCHOR_WORKER_DOSSIERS.packets.json
RS081_COLONY_ANCHOR_WORKER_DOSSIERS,P402_JUNO_KADE_RELAY_NOTARY_DOSSIER,he_IL,terminal,95,774.9,524.4,98.1,520.0,2,2,1.089,,C:/hades/Hecton8/Docs/Lore/AppliedContent/packets/RS081_COLONY_ANCHOR_WORKER_DOSSIERS.packets.json
RS081_COLONY_ANCHOR_WORKER_DOSSIERS,P402_JUNO_KADE_RELAY_NOTARY_DOSSIER,he_IL,audio,82,753.12,610.56,82.08,620.0,2,2,1.209,,C:/hades/Hecton8/Docs/Lore/AppliedContent/packets/RS081_COLONY_ANCHOR_WORKER_DOSSIERS.packets.json
RS081_COLONY_ANCHOR_WORKER_DOSSIERS,P402_JUNO_KADE_RELAY_NOTARY_DOSSIER,he_IL,in_game_wiki,184,1431.6,603.3,75.9,620.0,3,5,1.082,,C:/hades/Hecton8/Docs/Lore/AppliedContent/packets/RS081_COLONY_ANCHOR_WORKER_DOSSIERS.packets.json
RS081_COLONY_ANCHOR_WORKER_DOSSIERS,P402_JUNO_KADE_RELAY_NOTARY_DOSSIER,he_IL,external_site,118,971.52,654.4,117.12,680.0,2,4,1.135,,C:/hades/Hecton8/Docs/Lore/AppliedContent/packets/RS081_COLONY_ANCHOR_WORKER_DOSSIERS.packets.json
RS081_COLONY_ANCHOR_WORKER_DOSSIERS,P402_JUNO_KADE_RELAY_NOTARY_DOSSIER,he_IL,field_note,78,557.76,557.76,108.36,560.0,1,3,1.221,,C:/hades/Hecton8/Docs/Lore/AppliedContent/packets/RS081_COLONY_ANCHOR_WORKER_DOSSIERS.packets.json
RS081_COLONY_ANCHOR_WORKER_DOSSIERS,P402_JUNO_KADE_RELAY_NOTARY_DOSSIER,pt_BR,title,26,250.56,250.56,96.12,360.0,1,1,1.736,TEXT_EXPANSION_GT_1_35,C:/hades/Hecton8/Docs/Lore/AppliedContent/packets/RS081_COLONY_ANCHOR_WORKER_DOSSIERS.packets.json
RS081_COLONY_ANCHOR_WORKER_DOSSIERS,P402_JUNO_KADE_RELAY_NOTARY_DOSSIER,pt_BR,scanner,72,589.12,430.4,64.64,460.0,2,2,1.191,,C:/hades/Hecton8/Docs/Lore/AppliedContent/packets/RS081_COLONY_ANCHOR_WORKER_DOSSIERS.packets.json
RS081_COLONY_ANCHOR_WORKER_DOSSIERS,P402_JUNO_KADE_RELAY_NOTARY_DOSSIER,pt_BR,terminal,98,799.8,502.8,98.1,520.0,2,2,1.124,,C:/hades/Hecton8/Docs/Lore/AppliedContent/packets/RS081_COLONY_ANCHOR_WORKER_DOSSIERS.packets.json
RS081_COLONY_ANCHOR_WORKER_DOSSIERS,P402_JUNO_KADE_RELAY_NOTARY_DOSSIER,pt_BR,audio,82,753.12,610.56,82.08,620.0,2,2,1.209,,C:/hades/Hecton8/Docs/Lore/AppliedContent/packets/RS081_COLONY_ANCHOR_WORKER_DOSSIERS.packets.json
RS081_COLONY_ANCHOR_WORKER_DOSSIERS,P402_JUNO_KADE_RELAY_NOTARY_DOSSIER,pt_BR,in_game_wiki,184,1431.6,603.3,75.9,620.0,3,5,1.082,,C:/hades/Hecton8/Docs/Lore/AppliedContent/packets/RS081_COLONY_ANCHOR_WORKER_DOSSIERS.packets.json
RS081_COLONY_ANCHOR_WORKER_DOSSIERS,P402_JUNO_KADE_RELAY_NOTARY_DOSSIER,pt_BR,external_site,118,971.52,654.4,117.12,680.0,2,4,1.135,,C:/hades/Hecton8/Docs/Lore/AppliedContent/packets/RS081_COLONY_ANCHOR_WORKER_DOSSIERS.packets.json
RS081_COLONY_ANCHOR_WORKER_DOSSIERS,P402_JUNO_KADE_RELAY_NOTARY_DOSSIER,pt_BR,field_note,78,557.76,557.76,108.36,560.0,1,3,1.221,,C:/hades/Hecton8/Docs/Lore/AppliedContent/packets/RS081_COLONY_ANCHOR_WORKER_DOSSIERS.packets.json
RS081_COLONY_ANCHOR_WORKER_DOSSIERS,P402_JUNO_KADE_RELAY_NOTARY_DOSSIER,nl_NL,title,23,220.68,220.68,96.12,360.0,1,1,1.529,TEXT_EXPANSION_GT_1_35,C:/hades/Hecton8/Docs/Lore/AppliedContent/packets/RS081_COLONY_ANCHOR_WORKER_DOSSIERS.packets.json
RS081_COLONY_ANCHOR_WORKER_DOSSIERS,P402_JUNO_KADE_RELAY_NOTARY_DOSSIER,nl_NL,scanner,69,562.56,403.84,64.64,460.0,2,2,1.137,,C:/hades/Hecton8/Docs/Lore/AppliedContent/packets/RS081_COLONY_ANCHOR_WORKER_DOSSIERS.packets.json
RS081_COLONY_ANCHOR_WORKER_DOSSIERS,P402_JUNO_KADE_RELAY_NOTARY_DOSSIER,nl_NL,terminal,95,774.9,524.4,98.1,520.0,2,2,1.089,,C:/hades/Hecton8/Docs/Lore/AppliedContent/packets/RS081_COLONY_ANCHOR_WORKER_DOSSIERS.packets.json
RS081_COLONY_ANCHOR_WORKER_DOSSIERS,P402_JUNO_KADE_RELAY_NOTARY_DOSSIER,nl_NL,audio,82,753.12,610.56,82.08,620.0,2,2,1.209,,C:/hades/Hecton8/Docs/Lore/AppliedContent/packets/RS081_COLONY_ANCHOR_WORKER_DOSSIERS.packets.json
RS081_COLONY_ANCHOR_WORKER_DOSSIERS,P402_JUNO_KADE_RELAY_NOTARY_DOSSIER,nl_NL,in_game_wiki,184,1431.6,603.3,75.9,620.0,3,5,1.082,,C:/hades/Hecton8/Docs/Lore/AppliedContent/packets/RS081_COLONY_ANCHOR_WORKER_DOSSIERS.packets.json
RS081_COLONY_ANCHOR_WORKER_DOSSIERS,P402_JUNO_KADE_RELAY_NOTARY_DOSSIER,nl_NL,external_site,118,971.52,654.4,117.12,680.0,2,4,1.135,,C:/hades/Hecton8/Docs/Lore/AppliedContent/packets/RS081_COLONY_ANCHOR_WORKER_DOSSIERS.packets.json
RS081_COLONY_ANCHOR_WORKER_DOSSIERS,P402_JUNO_KADE_RELAY_NOTARY_DOSSIER,nl_NL,field_note,78,557.76,557.76,108.36,560.0,1,3,1.221,,C:/hades/Hecton8/Docs/Lore/AppliedContent/packets/RS081_COLONY_ANCHOR_WORKER_DOSSIERS.packets.json
RS081_COLONY_ANCHOR_WORKER_DOSSIERS,P403_REN_OKOYE_BRINE_CARTOGRAPHER_DOSSIER,en_US,title,19,182.52,182.52,106.2,360.0,1,1,1.0,,C:/hades/Hecton8/Docs/Lore/AppliedContent/packets/RS081_COLONY_ANCHOR_WORKER_DOSSIERS.packets.json
RS081_COLONY_ANCHOR_WORKER_DOSSIERS,P403_REN_OKOYE_BRINE_CARTOGRAPHER_DOSSIER,en_US,scanner,60,483.2,443.2,67.84,460.0,2,2,1.0,,C:/hades/Hecton8/Docs/Lore/AppliedContent/packets/RS081_COLONY_ANCHOR_WORKER_DOSSIERS.packets.json
RS081_COLONY_ANCHOR_WORKER_DOSSIERS,P403_REN_OKOYE_BRINE_CARTOGRAPHER_DOSSIER,en_US,terminal,88,705.6,508.5,104.1,520.0,2,2,1.0,,C:/hades/Hecton8/Docs/Lore/AppliedContent/packets/RS081_COLONY_ANCHOR_WORKER_DOSSIERS.packets.json
RS081_COLONY_ANCHOR_WORKER_DOSSIERS,P403_REN_OKOYE_BRINE_CARTOGRAPHER_DOSSIER,en_US,audio,69,667.08,565.56,110.16,620.0,2,2,1.0,,C:/hades/Hecton8/Docs/Lore/AppliedContent/packets/RS081_COLONY_ANCHOR_WORKER_DOSSIERS.packets.json
RS081_COLONY_ANCHOR_WORKER_DOSSIERS,P403_REN_OKOYE_BRINE_CARTOGRAPHER_DOSSIER,en_US,in_game_wiki,184,1408.5,614.4,79.8,620.0,3,5,1.0,,C:/hades/Hecton8/Docs/Lore/AppliedContent/packets/RS081_COLONY_ANCHOR_WORKER_DOSSIERS.packets.json
RS081_COLONY_ANCHOR_WORKER_DOSSIERS,P403_REN_OKOYE_BRINE_CARTOGRAPHER_DOSSIER,en_US,external_site,94,780.16,612.8,86.08,680.0,2,4,1.0,,C:/hades/Hecton8/Docs/Lore/AppliedContent/packets/RS081_COLONY_ANCHOR_WORKER_DOSSIERS.packets.json
RS081_COLONY_ANCHOR_WORKER_DOSSIERS,P403_REN_OKOYE_BRINE_CARTOGRAPHER_DOSSIER,en_US,field_note,57,406.0,406.0,95.48,560.0,1,3,1.0,,C:/hades/Hecton8/Docs/Lore/AppliedContent/packets/RS081_COLONY_ANCHOR_WORKER_DOSSIERS.packets.json
RS081_COLONY_ANCHOR_WORKER_DOSSIERS,P403_REN_OKOYE_BRINE_CARTOGRAPHER_DOSSIER,ru_RU,title,17,171.0,171.0,132.48,360.0,1,1,0.937,,C:/hades/Hecton8/Docs/Lore/AppliedContent/packets/RS081_COLONY_ANCHOR_WORKER_DOSSIERS.packets.json
RS081_COLONY_ANCHOR_WORKER_DOSSIERS,P403_REN_OKOYE_BRINE_CARTOGRAPHER_DOSSIER,ru_RU,scanner,69,590.4,436.16,92.8,460.0,2,2,1.222,,C:/hades/Hecton8/Docs/Lore/AppliedContent/packets/RS081_COLONY_ANCHOR_WORKER_DOSSIERS.packets.json
RS081_COLONY_ANCHOR_WORKER_DOSSIERS,P403_REN_OKOYE_BRINE_CARTOGRAPHER_DOSSIER,ru_RU,terminal,79,651.3,515.4,124.2,520.0,2,2,0.923,,C:/hades/Hecton8/Docs/Lore/AppliedContent/packets/RS081_COLONY_ANCHOR_WORKER_DOSSIERS.packets.json
RS081_COLONY_ANCHOR_WORKER_DOSSIERS,P403_REN_OKOYE_BRINE_CARTOGRAPHER_DOSSIER,ru_RU,audio,80,780.12,564.84,119.52,620.0,2,2,1.169,,C:/hades/Hecton8/Docs/Lore/AppliedContent/packets/RS081_COLONY_ANCHOR_WORKER_DOSSIERS.packets.json
RS081_COLONY_ANCHOR_WORKER_DOSSIERS,P403_REN_OKOYE_BRINE_CARTOGRAPHER_DOSSIER,ru_RU,in_game_wiki,159,1295.7,621.6,95.7,620.0,3,5,0.92,,C:/hades/Hecton8/Docs/Lore/AppliedContent/packets/RS081_COLONY_ANCHOR_WORKER_DOSSIERS.packets.json
RS081_COLONY_ANCHOR_WORKER_DOSSIERS,P403_REN_OKOYE_BRINE_CARTOGRAPHER_DOSSIER,ru_RU,external_site,100,868.16,682.24,115.52,680.0,2,4,1.113,,C:/hades/Hecton8/Docs/Lore/AppliedContent/packets/RS081_COLONY_ANCHOR_WORKER_DOSSIERS.packets.json
RS081_COLONY_ANCHOR_WORKER_DOSSIERS,P403_REN_OKOYE_BRINE_CARTOGRAPHER_DOSSIER,ru_RU,field_note,80,609.0,548.52,113.68,560.0,2,3,1.5,,C:/hades/Hecton8/Docs/Lore/AppliedContent/packets/RS081_COLONY_ANCHOR_WORKER_DOSSIERS.packets.json
RS081_COLONY_ANCHOR_WORKER_DOSSIERS,P403_REN_OKOYE_BRINE_CARTOGRAPHER_DOSSIER,ja_JP,title,27,258.84,258.84,106.2,360.0,1,1,1.418,TEXT_EXPANSION_GT_1_35,C:/hades/Hecton8/Docs/Lore/AppliedContent/packets/RS081_COLONY_ANCHOR_WORKER_DOSSIERS.packets.json
RS081_COLONY_ANCHOR_WORKER_DOSSIERS,P403_REN_OKOYE_BRINE_CARTOGRAPHER_DOSSIER,ja_JP,scanner,68,551.04,426.88,67.84,460.0,2,2,1.14,,C:/hades/Hecton8/Docs/Lore/AppliedContent/packets/RS081_COLONY_ANCHOR_WORKER_DOSSIERS.packets.json
RS081_COLONY_ANCHOR_WORKER_DOSSIERS,P403_REN_OKOYE_BRINE_CARTOGRAPHER_DOSSIER,ja_JP,terminal,96,769.2,504.0,104.1,520.0,2,2,1.09,,C:/hades/Hecton8/Docs/Lore/AppliedContent/packets/RS081_COLONY_ANCHOR_WORKER_DOSSIERS.packets.json
RS081_COLONY_ANCHOR_WORKER_DOSSIERS,P403_REN_OKOYE_BRINE_CARTOGRAPHER_DOSSIER,ja_JP,audio,82,797.04,572.4,110.16,620.0,2,2,1.195,,C:/hades/Hecton8/Docs/Lore/AppliedContent/packets/RS081_COLONY_ANCHOR_WORKER_DOSSIERS.packets.json
RS081_COLONY_ANCHOR_WORKER_DOSSIERS,P403_REN_OKOYE_BRINE_CARTOGRAPHER_DOSSIER,ja_JP,in_game_wiki,197,1516.8,622.8,79.8,620.0,3,5,1.077,,C:/hades/Hecton8/Docs/Lore/AppliedContent/packets/RS081_COLONY_ANCHOR_WORKER_DOSSIERS.packets.json
RS081_COLONY_ANCHOR_WORKER_DOSSIERS,P403_REN_OKOYE_BRINE_CARTOGRAPHER_DOSSIER,ja_JP,external_site,107,895.68,618.88,86.08,680.0,2,4,1.148,,C:/hades/Hecton8/Docs/Lore/AppliedContent/packets/RS081_COLONY_ANCHOR_WORKER_DOSSIERS.packets.json
RS081_COLONY_ANCHOR_WORKER_DOSSIERS,P403_REN_OKOYE_BRINE_CARTOGRAPHER_DOSSIER,ja_JP,field_note,70,507.08,507.08,95.48,560.0,1,3,1.249,,C:/hades/Hecton8/Docs/Lore/AppliedContent/packets/RS081_COLONY_ANCHOR_WORKER_DOSSIERS.packets.json
RS081_COLONY_ANCHOR_WORKER_DOSSIERS,P403_REN_OKOYE_BRINE_CARTOGRAPHER_DOSSIER,zh_CN,title,27,258.84,258.84,106.2,360.0,1,1,1.418,TEXT_EXPANSION_GT_1_35,C:/hades/Hecton8/Docs/Lore/AppliedContent/packets/RS081_COLONY_ANCHOR_WORKER_DOSSIERS.packets.json
RS081_COLONY_ANCHOR_WORKER_DOSSIERS,P403_REN_OKOYE_BRINE_CARTOGRAPHER_DOSSIER,zh_CN,scanner,68,551.04,426.88,67.84,460.0,2,2,1.14,,C:/hades/Hecton8/Docs/Lore/AppliedContent/packets/RS081_COLONY_ANCHOR_WORKER_DOSSIERS.packets.json
RS081_COLONY_ANCHOR_WORKER_DOSSIERS,P403_REN_OKOYE_BRINE_CARTOGRAPHER_DOSSIER,zh_CN,terminal,96,769.2,504.0,104.1,520.0,2,2,1.09,,C:/hades/Hecton8/Docs/Lore/AppliedContent/packets/RS081_COLONY_ANCHOR_WORKER_DOSSIERS.packets.json
RS081_COLONY_ANCHOR_WORKER_DOSSIERS,P403_REN_OKOYE_BRINE_CARTOGRAPHER_DOSSIER,zh_CN,audio,82,797.04,572.4,110.16,620.0,2,2,1.195,,C:/hades/Hecton8/Docs/Lore/AppliedContent/packets/RS081_COLONY_ANCHOR_WORKER_DOSSIERS.packets.json
RS081_COLONY_ANCHOR_WORKER_DOSSIERS,P403_REN_OKOYE_BRINE_CARTOGRAPHER_DOSSIER,zh_CN,in_game_wiki,197,1516.8,622.8,79.8,620.0,3,5,1.077,,C:/hades/Hecton8/Docs/Lore/AppliedContent/packets/RS081_COLONY_ANCHOR_WORKER_DOSSIERS.packets.json
RS081_COLONY_ANCHOR_WORKER_DOSSIERS,P403_REN_OKOYE_BRINE_CARTOGRAPHER_DOSSIER,zh_CN,external_site,107,895.68,618.88,86.08,680.0,2,4,1.148,,C:/hades/Hecton8/Docs/Lore/AppliedContent/packets/RS081_COLONY_ANCHOR_WORKER_DOSSIERS.packets.json
RS081_COLONY_ANCHOR_WORKER_DOSSIERS,P403_REN_OKOYE_BRINE_CARTOGRAPHER_DOSSIER,zh_CN,field_note,70,507.08,507.08,95.48,560.0,1,3,1.249,,C:/hades/Hecton8/Docs/Lore/AppliedContent/packets/RS081_COLONY_ANCHOR_WORKER_DOSSIERS.packets.json
RS081_COLONY_ANCHOR_WORKER_DOSSIERS,P403_REN_OKOYE_BRINE_CARTOGRAPHER_DOSSIER,fr_FR,title,27,258.84,258.84,106.2,360.0,1,1,1.418,TEXT_EXPANSION_GT_1_35,C:/hades/Hecton8/Docs/Lore/AppliedContent/packets/RS081_COLONY_ANCHOR_WORKER_DOSSIERS.packets.json
RS081_COLONY_ANCHOR_WORKER_DOSSIERS,P403_REN_OKOYE_BRINE_CARTOGRAPHER_DOSSIER,fr_FR,scanner,68,551.04,426.88,67.84,460.0,2,2,1.14,,C:/hades/Hecton8/Docs/Lore/AppliedContent/packets/RS081_COLONY_ANCHOR_WORKER_DOSSIERS.packets.json
RS081_COLONY_ANCHOR_WORKER_DOSSIERS,P403_REN_OKOYE_BRINE_CARTOGRAPHER_DOSSIER,fr_FR,terminal,96,769.2,504.0,104.1,520.0,2,2,1.09,,C:/hades/Hecton8/Docs/Lore/AppliedContent/packets/RS081_COLONY_ANCHOR_WORKER_DOSSIERS.packets.json
RS081_COLONY_ANCHOR_WORKER_DOSSIERS,P403_REN_OKOYE_BRINE_CARTOGRAPHER_DOSSIER,fr_FR,audio,82,797.04,572.4,110.16,620.0,2,2,1.195,,C:/hades/Hecton8/Docs/Lore/AppliedContent/packets/RS081_COLONY_ANCHOR_WORKER_DOSSIERS.packets.json
RS081_COLONY_ANCHOR_WORKER_DOSSIERS,P403_REN_OKOYE_BRINE_CARTOGRAPHER_DOSSIER,fr_FR,in_game_wiki,197,1516.8,622.8,79.8,620.0,3,5,1.077,,C:/hades/Hecton8/Docs/Lore/AppliedContent/packets/RS081_COLONY_ANCHOR_WORKER_DOSSIERS.packets.json
RS081_COLONY_ANCHOR_WORKER_DOSSIERS,P403_REN_OKOYE_BRINE_CARTOGRAPHER_DOSSIER,fr_FR,external_site,107,895.68,618.88,86.08,680.0,2,4,1.148,,C:/hades/Hecton8/Docs/Lore/AppliedContent/packets/RS081_COLONY_ANCHOR_WORKER_DOSSIERS.packets.json
RS081_COLONY_ANCHOR_WORKER_DOSSIERS,P403_REN_OKOYE_BRINE_CARTOGRAPHER_DOSSIER,fr_FR,field_note,70,507.08,507.08,95.48,560.0,1,3,1.249,,C:/hades/Hecton8/Docs/Lore/AppliedContent/packets/RS081_COLONY_ANCHOR_WORKER_DOSSIERS.packets.json
RS081_COLONY_ANCHOR_WORKER_DOSSIERS,P403_REN_OKOYE_BRINE_CARTOGRAPHER_DOSSIER,es_ES,title,27,258.84,258.84,106.2,360.0,1,1,1.418,TEXT_EXPANSION_GT_1_35,C:/hades/Hecton8/Docs/Lore/AppliedContent/packets/RS081_COLONY_ANCHOR_WORKER_DOSSIERS.packets.json
RS081_COLONY_ANCHOR_WORKER_DOSSIERS,P403_REN_OKOYE_BRINE_CARTOGRAPHER_DOSSIER,es_ES,scanner,68,551.04,426.88,67.84,460.0,2,2,1.14,,C:/hades/Hecton8/Docs/Lore/AppliedContent/packets/RS081_COLONY_ANCHOR_WORKER_DOSSIERS.packets.json
RS081_COLONY_ANCHOR_WORKER_DOSSIERS,P403_REN_OKOYE_BRINE_CARTOGRAPHER_DOSSIER,es_ES,terminal,96,769.2,504.0,104.1,520.0,2,2,1.09,,C:/hades/Hecton8/Docs/Lore/AppliedContent/packets/RS081_COLONY_ANCHOR_WORKER_DOSSIERS.packets.json
RS081_COLONY_ANCHOR_WORKER_DOSSIERS,P403_REN_OKOYE_BRINE_CARTOGRAPHER_DOSSIER,es_ES,audio,82,797.04,572.4,110.16,620.0,2,2,1.195,,C:/hades/Hecton8/Docs/Lore/AppliedContent/packets/RS081_COLONY_ANCHOR_WORKER_DOSSIERS.packets.json
RS081_COLONY_ANCHOR_WORKER_DOSSIERS,P403_REN_OKOYE_BRINE_CARTOGRAPHER_DOSSIER,es_ES,in_game_wiki,197,1516.8,622.8,79.8,620.0,3,5,1.077,,C:/hades/Hecton8/Docs/Lore/AppliedContent/packets/RS081_COLONY_ANCHOR_WORKER_DOSSIERS.packets.json
RS081_COLONY_ANCHOR_WORKER_DOSSIERS,P403_REN_OKOYE_BRINE_CARTOGRAPHER_DOSSIER,es_ES,external_site,107,895.68,618.88,86.08,680.0,2,4,1.148,,C:/hades/Hecton8/Docs/Lore/AppliedContent/packets/RS081_COLONY_ANCHOR_WORKER_DOSSIERS.packets.json
RS081_COLONY_ANCHOR_WORKER_DOSSIERS,P403_REN_OKOYE_BRINE_CARTOGRAPHER_DOSSIER,es_ES,field_note,70,507.08,507.08,95.48,560.0,1,3,1.249,,C:/hades/Hecton8/Docs/Lore/AppliedContent/packets/RS081_COLONY_ANCHOR_WORKER_DOSSIERS.packets.json
RS081_COLONY_ANCHOR_WORKER_DOSSIERS,P403_REN_OKOYE_BRINE_CARTOGRAPHER_DOSSIER,de_DE,title,27,258.84,258.84,106.2,360.0,1,1,1.418,TEXT_EXPANSION_GT_1_35,C:/hades/Hecton8/Docs/Lore/AppliedContent/packets/RS081_COLONY_ANCHOR_WORKER_DOSSIERS.packets.json
RS081_COLONY_ANCHOR_WORKER_DOSSIERS,P403_REN_OKOYE_BRINE_CARTOGRAPHER_DOSSIER,de_DE,scanner,68,551.04,426.88,67.84,460.0,2,2,1.14,,C:/hades/Hecton8/Docs/Lore/AppliedContent/packets/RS081_COLONY_ANCHOR_WORKER_DOSSIERS.packets.json
RS081_COLONY_ANCHOR_WORKER_DOSSIERS,P403_REN_OKOYE_BRINE_CARTOGRAPHER_DOSSIER,de_DE,terminal,96,769.2,504.0,104.1,520.0,2,2,1.09,,C:/hades/Hecton8/Docs/Lore/AppliedContent/packets/RS081_COLONY_ANCHOR_WORKER_DOSSIERS.packets.json
RS081_COLONY_ANCHOR_WORKER_DOSSIERS,P403_REN_OKOYE_BRINE_CARTOGRAPHER_DOSSIER,de_DE,audio,82,797.04,572.4,110.16,620.0,2,2,1.195,,C:/hades/Hecton8/Docs/Lore/AppliedContent/packets/RS081_COLONY_ANCHOR_WORKER_DOSSIERS.packets.json
RS081_COLONY_ANCHOR_WORKER_DOSSIERS,P403_REN_OKOYE_BRINE_CARTOGRAPHER_DOSSIER,de_DE,in_game_wiki,197,1516.8,622.8,79.8,620.0,3,5,1.077,,C:/hades/Hecton8/Docs/Lore/AppliedContent/packets/RS081_COLONY_ANCHOR_WORKER_DOSSIERS.packets.json
RS081_COLONY_ANCHOR_WORKER_DOSSIERS,P403_REN_OKOYE_BRINE_CARTOGRAPHER_DOSSIER,de_DE,external_site,107,895.68,618.88,86.08,680.0,2,4,1.148,,C:/hades/Hecton8/Docs/Lore/AppliedContent/packets/RS081_COLONY_ANCHOR_WORKER_DOSSIERS.packets.json
RS081_COLONY_ANCHOR_WORKER_DOSSIERS,P403_REN_OKOYE_BRINE_CARTOGRAPHER_DOSSIER,de_DE,field_note,70,507.08,507.08,95.48,560.0,1,3,1.249,,C:/hades/Hecton8/Docs/Lore/AppliedContent/packets/RS081_COLONY_ANCHOR_WORKER_DOSSIERS.packets.json
RS081_COLONY_ANCHOR_WORKER_DOSSIERS,P403_REN_OKOYE_BRINE_CARTOGRAPHER_DOSSIER,pl_PL,title,27,258.84,258.84,106.2,360.0,1,1,1.418,TEXT_EXPANSION_GT_1_35,C:/hades/Hecton8/Docs/Lore/AppliedContent/packets/RS081_COLONY_ANCHOR_WORKER_DOSSIERS.packets.json
RS081_COLONY_ANCHOR_WORKER_DOSSIERS,P403_REN_OKOYE_BRINE_CARTOGRAPHER_DOSSIER,pl_PL,scanner,68,551.04,426.88,67.84,460.0,2,2,1.14,,C:/hades/Hecton8/Docs/Lore/AppliedContent/packets/RS081_COLONY_ANCHOR_WORKER_DOSSIERS.packets.json
RS081_COLONY_ANCHOR_WORKER_DOSSIERS,P403_REN_OKOYE_BRINE_CARTOGRAPHER_DOSSIER,pl_PL,terminal,96,769.2,504.0,104.1,520.0,2,2,1.09,,C:/hades/Hecton8/Docs/Lore/AppliedContent/packets/RS081_COLONY_ANCHOR_WORKER_DOSSIERS.packets.json
RS081_COLONY_ANCHOR_WORKER_DOSSIERS,P403_REN_OKOYE_BRINE_CARTOGRAPHER_DOSSIER,pl_PL,audio,82,797.04,572.4,110.16,620.0,2,2,1.195,,C:/hades/Hecton8/Docs/Lore/AppliedContent/packets/RS081_COLONY_ANCHOR_WORKER_DOSSIERS.packets.json
RS081_COLONY_ANCHOR_WORKER_DOSSIERS,P403_REN_OKOYE_BRINE_CARTOGRAPHER_DOSSIER,pl_PL,in_game_wiki,197,1516.8,622.8,79.8,620.0,3,5,1.077,,C:/hades/Hecton8/Docs/Lore/AppliedContent/packets/RS081_COLONY_ANCHOR_WORKER_DOSSIERS.packets.json
RS081_COLONY_ANCHOR_WORKER_DOSSIERS,P403_REN_OKOYE_BRINE_CARTOGRAPHER_DOSSIER,pl_PL,external_site,107,895.68,618.88,86.08,680.0,2,4,1.148,,C:/hades/Hecton8/Docs/Lore/AppliedContent/packets/RS081_COLONY_ANCHOR_WORKER_DOSSIERS.packets.json
RS081_COLONY_ANCHOR_WORKER_DOSSIERS,P403_REN_OKOYE_BRINE_CARTOGRAPHER_DOSSIER,pl_PL,field_note,70,507.08,507.08,95.48,560.0,1,3,1.249,,C:/hades/Hecton8/Docs/Lore/AppliedContent/packets/RS081_COLONY_ANCHOR_WORKER_DOSSIERS.packets.json
RS081_COLONY_ANCHOR_WORKER_DOSSIERS,P403_REN_OKOYE_BRINE_CARTOGRAPHER_DOSSIER,uk_UA,title,27,258.84,258.84,106.2,360.0,1,1,1.418,TEXT_EXPANSION_GT_1_35,C:/hades/Hecton8/Docs/Lore/AppliedContent/packets/RS081_COLONY_ANCHOR_WORKER_DOSSIERS.packets.json
RS081_COLONY_ANCHOR_WORKER_DOSSIERS,P403_REN_OKOYE_BRINE_CARTOGRAPHER_DOSSIER,uk_UA,scanner,68,551.04,426.88,67.84,460.0,2,2,1.14,,C:/hades/Hecton8/Docs/Lore/AppliedContent/packets/RS081_COLONY_ANCHOR_WORKER_DOSSIERS.packets.json
RS081_COLONY_ANCHOR_WORKER_DOSSIERS,P403_REN_OKOYE_BRINE_CARTOGRAPHER_DOSSIER,uk_UA,terminal,96,769.2,504.0,104.1,520.0,2,2,1.09,,C:/hades/Hecton8/Docs/Lore/AppliedContent/packets/RS081_COLONY_ANCHOR_WORKER_DOSSIERS.packets.json
RS081_COLONY_ANCHOR_WORKER_DOSSIERS,P403_REN_OKOYE_BRINE_CARTOGRAPHER_DOSSIER,uk_UA,audio,82,797.04,572.4,110.16,620.0,2,2,1.195,,C:/hades/Hecton8/Docs/Lore/AppliedContent/packets/RS081_COLONY_ANCHOR_WORKER_DOSSIERS.packets.json
RS081_COLONY_ANCHOR_WORKER_DOSSIERS,P403_REN_OKOYE_BRINE_CARTOGRAPHER_DOSSIER,uk_UA,in_game_wiki,197,1516.8,622.8,79.8,620.0,3,5,1.077,,C:/hades/Hecton8/Docs/Lore/AppliedContent/packets/RS081_COLONY_ANCHOR_WORKER_DOSSIERS.packets.json
RS081_COLONY_ANCHOR_WORKER_DOSSIERS,P403_REN_OKOYE_BRINE_CARTOGRAPHER_DOSSIER,uk_UA,external_site,107,895.68,618.88,86.08,680.0,2,4,1.148,,C:/hades/Hecton8/Docs/Lore/AppliedContent/packets/RS081_COLONY_ANCHOR_WORKER_DOSSIERS.packets.json
RS081_COLONY_ANCHOR_WORKER_DOSSIERS,P403_REN_OKOYE_BRINE_CARTOGRAPHER_DOSSIER,uk_UA,field_note,70,507.08,507.08,95.48,560.0,1,3,1.249,,C:/hades/Hecton8/Docs/Lore/AppliedContent/packets/RS081_COLONY_ANCHOR_WORKER_DOSSIERS.packets.json
RS081_COLONY_ANCHOR_WORKER_DOSSIERS,P403_REN_OKOYE_BRINE_CARTOGRAPHER_DOSSIER,ar_SA,title,27,258.84,258.84,106.2,360.0,1,1,1.418,TEXT_EXPANSION_GT_1_35,C:/hades/Hecton8/Docs/Lore/AppliedContent/packets/RS081_COLONY_ANCHOR_WORKER_DOSSIERS.packets.json
RS081_COLONY_ANCHOR_WORKER_DOSSIERS,P403_REN_OKOYE_BRINE_CARTOGRAPHER_DOSSIER,ar_SA,scanner,68,551.04,426.88,67.84,460.0,2,2,1.14,,C:/hades/Hecton8/Docs/Lore/AppliedContent/packets/RS081_COLONY_ANCHOR_WORKER_DOSSIERS.packets.json
RS081_COLONY_ANCHOR_WORKER_DOSSIERS,P403_REN_OKOYE_BRINE_CARTOGRAPHER_DOSSIER,ar_SA,terminal,96,769.2,504.0,104.1,520.0,2,2,1.09,,C:/hades/Hecton8/Docs/Lore/AppliedContent/packets/RS081_COLONY_ANCHOR_WORKER_DOSSIERS.packets.json
RS081_COLONY_ANCHOR_WORKER_DOSSIERS,P403_REN_OKOYE_BRINE_CARTOGRAPHER_DOSSIER,ar_SA,audio,82,797.04,572.4,110.16,620.0,2,2,1.195,,C:/hades/Hecton8/Docs/Lore/AppliedContent/packets/RS081_COLONY_ANCHOR_WORKER_DOSSIERS.packets.json
RS081_COLONY_ANCHOR_WORKER_DOSSIERS,P403_REN_OKOYE_BRINE_CARTOGRAPHER_DOSSIER,ar_SA,in_game_wiki,197,1516.8,622.8,79.8,620.0,3,5,1.077,,C:/hades/Hecton8/Docs/Lore/AppliedContent/packets/RS081_COLONY_ANCHOR_WORKER_DOSSIERS.packets.json
RS081_COLONY_ANCHOR_WORKER_DOSSIERS,P403_REN_OKOYE_BRINE_CARTOGRAPHER_DOSSIER,ar_SA,external_site,107,895.68,618.88,86.08,680.0,2,4,1.148,,C:/hades/Hecton8/Docs/Lore/AppliedContent/packets/RS081_COLONY_ANCHOR_WORKER_DOSSIERS.packets.json
RS081_COLONY_ANCHOR_WORKER_DOSSIERS,P403_REN_OKOYE_BRINE_CARTOGRAPHER_DOSSIER,ar_SA,field_note,70,507.08,507.08,95.48,560.0,1,3,1.249,,C:/hades/Hecton8/Docs/Lore/AppliedContent/packets/RS081_COLONY_ANCHOR_WORKER_DOSSIERS.packets.json
RS081_COLONY_ANCHOR_WORKER_DOSSIERS,P403_REN_OKOYE_BRINE_CARTOGRAPHER_DOSSIER,id_ID,title,27,258.84,258.84,106.2,360.0,1,1,1.418,TEXT_EXPANSION_GT_1_35,C:/hades/Hecton8/Docs/Lore/AppliedContent/packets/RS081_COLONY_ANCHOR_WORKER_DOSSIERS.packets.json
RS081_COLONY_ANCHOR_WORKER_DOSSIERS,P403_REN_OKOYE_BRINE_CARTOGRAPHER_DOSSIER,id_ID,scanner,68,551.04,426.88,67.84,460.0,2,2,1.14,,C:/hades/Hecton8/Docs/Lore/AppliedContent/packets/RS081_COLONY_ANCHOR_WORKER_DOSSIERS.packets.json
RS081_COLONY_ANCHOR_WORKER_DOSSIERS,P403_REN_OKOYE_BRINE_CARTOGRAPHER_DOSSIER,id_ID,terminal,96,769.2,504.0,104.1,520.0,2,2,1.09,,C:/hades/Hecton8/Docs/Lore/AppliedContent/packets/RS081_COLONY_ANCHOR_WORKER_DOSSIERS.packets.json
RS081_COLONY_ANCHOR_WORKER_DOSSIERS,P403_REN_OKOYE_BRINE_CARTOGRAPHER_DOSSIER,id_ID,audio,82,797.04,572.4,110.16,620.0,2,2,1.195,,C:/hades/Hecton8/Docs/Lore/AppliedContent/packets/RS081_COLONY_ANCHOR_WORKER_DOSSIERS.packets.json
RS081_COLONY_ANCHOR_WORKER_DOSSIERS,P403_REN_OKOYE_BRINE_CARTOGRAPHER_DOSSIER,id_ID,in_game_wiki,197,1516.8,622.8,79.8,620.0,3,5,1.077,,C:/hades/Hecton8/Docs/Lore/AppliedContent/packets/RS081_COLONY_ANCHOR_WORKER_DOSSIERS.packets.json
RS081_COLONY_ANCHOR_WORKER_DOSSIERS,P403_REN_OKOYE_BRINE_CARTOGRAPHER_DOSSIER,id_ID,external_site,107,895.68,618.88,86.08,680.0,2,4,1.148,,C:/hades/Hecton8/Docs/Lore/AppliedContent/packets/RS081_COLONY_ANCHOR_WORKER_DOSSIERS.packets.json
RS081_COLONY_ANCHOR_WORKER_DOSSIERS,P403_REN_OKOYE_BRINE_CARTOGRAPHER_DOSSIER,id_ID,field_note,70,507.08,507.08,95.48,560.0,1,3,1.249,,C:/hades/Hecton8/Docs/Lore/AppliedContent/packets/RS081_COLONY_ANCHOR_WORKER_DOSSIERS.packets.json
RS081_COLONY_ANCHOR_WORKER_DOSSIERS,P403_REN_OKOYE_BRINE_CARTOGRAPHER_DOSSIER,ko_KR,title,27,258.84,258.84,106.2,360.0,1,1,1.418,TEXT_EXPANSION_GT_1_35,C:/hades/Hecton8/Docs/Lore/AppliedContent/packets/RS081_COLONY_ANCHOR_WORKER_DOSSIERS.packets.json
RS081_COLONY_ANCHOR_WORKER_DOSSIERS,P403_REN_OKOYE_BRINE_CARTOGRAPHER_DOSSIER,ko_KR,scanner,68,551.04,426.88,67.84,460.0,2,2,1.14,,C:/hades/Hecton8/Docs/Lore/AppliedContent/packets/RS081_COLONY_ANCHOR_WORKER_DOSSIERS.packets.json
RS081_COLONY_ANCHOR_WORKER_DOSSIERS,P403_REN_OKOYE_BRINE_CARTOGRAPHER_DOSSIER,ko_KR,terminal,96,769.2,504.0,104.1,520.0,2,2,1.09,,C:/hades/Hecton8/Docs/Lore/AppliedContent/packets/RS081_COLONY_ANCHOR_WORKER_DOSSIERS.packets.json
RS081_COLONY_ANCHOR_WORKER_DOSSIERS,P403_REN_OKOYE_BRINE_CARTOGRAPHER_DOSSIER,ko_KR,audio,82,797.04,572.4,110.16,620.0,2,2,1.195,,C:/hades/Hecton8/Docs/Lore/AppliedContent/packets/RS081_COLONY_ANCHOR_WORKER_DOSSIERS.packets.json
RS081_COLONY_ANCHOR_WORKER_DOSSIERS,P403_REN_OKOYE_BRINE_CARTOGRAPHER_DOSSIER,ko_KR,in_game_wiki,197,1516.8,622.8,79.8,620.0,3,5,1.077,,C:/hades/Hecton8/Docs/Lore/AppliedContent/packets/RS081_COLONY_ANCHOR_WORKER_DOSSIERS.packets.json
RS081_COLONY_ANCHOR_WORKER_DOSSIERS,P403_REN_OKOYE_BRINE_CARTOGRAPHER_DOSSIER,ko_KR,external_site,107,895.68,618.88,86.08,680.0,2,4,1.148,,C:/hades/Hecton8/Docs/Lore/AppliedContent/packets/RS081_COLONY_ANCHOR_WORKER_DOSSIERS.packets.json
RS081_COLONY_ANCHOR_WORKER_DOSSIERS,P403_REN_OKOYE_BRINE_CARTOGRAPHER_DOSSIER,ko_KR,field_note,70,507.08,507.08,95.48,560.0,1,3,1.249,,C:/hades/Hecton8/Docs/Lore/AppliedContent/packets/RS081_COLONY_ANCHOR_WORKER_DOSSIERS.packets.json
RS081_COLONY_ANCHOR_WORKER_DOSSIERS,P403_REN_OKOYE_BRINE_CARTOGRAPHER_DOSSIER,he_IL,title,27,258.84,258.84,106.2,360.0,1,1,1.418,TEXT_EXPANSION_GT_1_35,C:/hades/Hecton8/Docs/Lore/AppliedContent/packets/RS081_COLONY_ANCHOR_WORKER_DOSSIERS.packets.json
RS081_COLONY_ANCHOR_WORKER_DOSSIERS,P403_REN_OKOYE_BRINE_CARTOGRAPHER_DOSSIER,he_IL,scanner,68,551.04,426.88,67.84,460.0,2,2,1.14,,C:/hades/Hecton8/Docs/Lore/AppliedContent/packets/RS081_COLONY_ANCHOR_WORKER_DOSSIERS.packets.json
RS081_COLONY_ANCHOR_WORKER_DOSSIERS,P403_REN_OKOYE_BRINE_CARTOGRAPHER_DOSSIER,he_IL,terminal,96,769.2,504.0,104.1,520.0,2,2,1.09,,C:/hades/Hecton8/Docs/Lore/AppliedContent/packets/RS081_COLONY_ANCHOR_WORKER_DOSSIERS.packets.json
RS081_COLONY_ANCHOR_WORKER_DOSSIERS,P403_REN_OKOYE_BRINE_CARTOGRAPHER_DOSSIER,he_IL,audio,82,797.04,572.4,110.16,620.0,2,2,1.195,,C:/hades/Hecton8/Docs/Lore/AppliedContent/packets/RS081_COLONY_ANCHOR_WORKER_DOSSIERS.packets.json
RS081_COLONY_ANCHOR_WORKER_DOSSIERS,P403_REN_OKOYE_BRINE_CARTOGRAPHER_DOSSIER,he_IL,in_game_wiki,197,1516.8,622.8,79.8,620.0,3,5,1.077,,C:/hades/Hecton8/Docs/Lore/AppliedContent/packets/RS081_COLONY_ANCHOR_WORKER_DOSSIERS.packets.json
RS081_COLONY_ANCHOR_WORKER_DOSSIERS,P403_REN_OKOYE_BRINE_CARTOGRAPHER_DOSSIER,he_IL,external_site,107,895.68,618.88,86.08,680.0,2,4,1.148,,C:/hades/Hecton8/Docs/Lore/AppliedContent/packets/RS081_COLONY_ANCHOR_WORKER_DOSSIERS.packets.json
RS081_COLONY_ANCHOR_WORKER_DOSSIERS,P403_REN_OKOYE_BRINE_CARTOGRAPHER_DOSSIER,he_IL,field_note,70,507.08,507.08,95.48,560.0,1,3,1.249,,C:/hades/Hecton8/Docs/Lore/AppliedContent/packets/RS081_COLONY_ANCHOR_WORKER_DOSSIERS.packets.json
RS081_COLONY_ANCHOR_WORKER_DOSSIERS,P403_REN_OKOYE_BRINE_CARTOGRAPHER_DOSSIER,pt_BR,title,30,288.72,288.72,106.2,360.0,1,1,1.582,TEXT_EXPANSION_GT_1_35,C:/hades/Hecton8/Docs/Lore/AppliedContent/packets/RS081_COLONY_ANCHOR_WORKER_DOSSIERS.packets.json
RS081_COLONY_ANCHOR_WORKER_DOSSIERS,P403_REN_OKOYE_BRINE_CARTOGRAPHER_DOSSIER,pt_BR,scanner,71,577.6,453.44,67.84,460.0,2,2,1.195,,C:/hades/Hecton8/Docs/Lore/AppliedContent/packets/RS081_COLONY_ANCHOR_WORKER_DOSSIERS.packets.json
RS081_COLONY_ANCHOR_WORKER_DOSSIERS,P403_REN_OKOYE_BRINE_CARTOGRAPHER_DOSSIER,pt_BR,terminal,99,794.1,490.2,104.1,520.0,2,2,1.125,,C:/hades/Hecton8/Docs/Lore/AppliedContent/packets/RS081_COLONY_ANCHOR_WORKER_DOSSIERS.packets.json
RS081_COLONY_ANCHOR_WORKER_DOSSIERS,P403_REN_OKOYE_BRINE_CARTOGRAPHER_DOSSIER,pt_BR,audio,82,797.04,572.4,110.16,620.0,2,2,1.195,,C:/hades/Hecton8/Docs/Lore/AppliedContent/packets/RS081_COLONY_ANCHOR_WORKER_DOSSIERS.packets.json
RS081_COLONY_ANCHOR_WORKER_DOSSIERS,P403_REN_OKOYE_BRINE_CARTOGRAPHER_DOSSIER,pt_BR,in_game_wiki,197,1516.8,622.8,79.8,620.0,3,5,1.077,,C:/hades/Hecton8/Docs/Lore/AppliedContent/packets/RS081_COLONY_ANCHOR_WORKER_DOSSIERS.packets.json
RS081_COLONY_ANCHOR_WORKER_DOSSIERS,P403_REN_OKOYE_BRINE_CARTOGRAPHER_DOSSIER,pt_BR,external_site,107,895.68,618.88,86.08,680.0,2,4,1.148,,C:/hades/Hecton8/Docs/Lore/AppliedContent/packets/RS081_COLONY_ANCHOR_WORKER_DOSSIERS.packets.json
RS081_COLONY_ANCHOR_WORKER_DOSSIERS,P403_REN_OKOYE_BRINE_CARTOGRAPHER_DOSSIER,pt_BR,field_note,70,507.08,507.08,95.48,560.0,1,3,1.249,,C:/hades/Hecton8/Docs/Lore/AppliedContent/packets/RS081_COLONY_ANCHOR_WORKER_DOSSIERS.packets.json
RS081_COLONY_ANCHOR_WORKER_DOSSIERS,P403_REN_OKOYE_BRINE_CARTOGRAPHER_DOSSIER,nl_NL,title,27,258.84,258.84,106.2,360.0,1,1,1.418,TEXT_EXPANSION_GT_1_35,C:/hades/Hecton8/Docs/Lore/AppliedContent/packets/RS081_COLONY_ANCHOR_WORKER_DOSSIERS.packets.json
RS081_COLONY_ANCHOR_WORKER_DOSSIERS,P403_REN_OKOYE_BRINE_CARTOGRAPHER_DOSSIER,nl_NL,scanner,68,551.04,426.88,67.84,460.0,2,2,1.14,,C:/hades/Hecton8/Docs/Lore/AppliedContent/packets/RS081_COLONY_ANCHOR_WORKER_DOSSIERS.packets.json
RS081_COLONY_ANCHOR_WORKER_DOSSIERS,P403_REN_OKOYE_BRINE_CARTOGRAPHER_DOSSIER,nl_NL,terminal,96,769.2,504.0,104.1,520.0,2,2,1.09,,C:/hades/Hecton8/Docs/Lore/AppliedContent/packets/RS081_COLONY_ANCHOR_WORKER_DOSSIERS.packets.json
RS081_COLONY_ANCHOR_WORKER_DOSSIERS,P403_REN_OKOYE_BRINE_CARTOGRAPHER_DOSSIER,nl_NL,audio,82,797.04,572.4,110.16,620.0,2,2,1.195,,C:/hades/Hecton8/Docs/Lore/AppliedContent/packets/RS081_COLONY_ANCHOR_WORKER_DOSSIERS.packets.json
RS081_COLONY_ANCHOR_WORKER_DOSSIERS,P403_REN_OKOYE_BRINE_CARTOGRAPHER_DOSSIER,nl_NL,in_game_wiki,197,1516.8,622.8,79.8,620.0,3,5,1.077,,C:/hades/Hecton8/Docs/Lore/AppliedContent/packets/RS081_COLONY_ANCHOR_WORKER_DOSSIERS.packets.json
RS081_COLONY_ANCHOR_WORKER_DOSSIERS,P403_REN_OKOYE_BRINE_CARTOGRAPHER_DOSSIER,nl_NL,external_site,107,895.68,618.88,86.08,680.0,2,4,1.148,,C:/hades/Hecton8/Docs/Lore/AppliedContent/packets/RS081_COLONY_ANCHOR_WORKER_DOSSIERS.packets.json
RS081_COLONY_ANCHOR_WORKER_DOSSIERS,P403_REN_OKOYE_BRINE_CARTOGRAPHER_DOSSIER,nl_NL,field_note,70,507.08,507.08,95.48,560.0,1,3,1.249,,C:/hades/Hecton8/Docs/Lore/AppliedContent/packets/RS081_COLONY_ANCHOR_WORKER_DOSSIERS.packets.json
RS081_COLONY_ANCHOR_WORKER_DOSSIERS,P404_SAHANA_IQBAL_TRIAGE_MECHANIC_DOSSIER,en_US,title,19,180.36,180.36,111.96,360.0,1,1,1.0,,C:/hades/Hecton8/Docs/Lore/AppliedContent/packets/RS081_COLONY_ANCHOR_WORKER_DOSSIERS.packets.json
RS081_COLONY_ANCHOR_WORKER_DOSSIERS,P404_SAHANA_IQBAL_TRIAGE_MECHANIC_DOSSIER,en_US,scanner,58,476.16,423.04,64.64,460.0,2,2,1.0,,C:/hades/Hecton8/Docs/Lore/AppliedContent/packets/RS081_COLONY_ANCHOR_WORKER_DOSSIERS.packets.json
RS081_COLONY_ANCHOR_WORKER_DOSSIERS,P404_SAHANA_IQBAL_TRIAGE_MECHANIC_DOSSIER,en_US,terminal,89,708.3,498.9,117.9,520.0,2,2,1.0,,C:/hades/Hecton8/Docs/Lore/AppliedContent/packets/RS081_COLONY_ANCHOR_WORKER_DOSSIERS.packets.json
RS081_COLONY_ANCHOR_WORKER_DOSSIERS,P404_SAHANA_IQBAL_TRIAGE_MECHANIC_DOSSIER,en_US,audio,72,659.16,622.8,65.16,620.0,2,2,1.0,,C:/hades/Hecton8/Docs/Lore/AppliedContent/packets/RS081_COLONY_ANCHOR_WORKER_DOSSIERS.packets.json
RS081_COLONY_ANCHOR_WORKER_DOSSIERS,P404_SAHANA_IQBAL_TRIAGE_MECHANIC_DOSSIER,en_US,in_game_wiki,167,1279.8,606.3,80.4,620.0,3,5,1.0,,C:/hades/Hecton8/Docs/Lore/AppliedContent/packets/RS081_COLONY_ANCHOR_WORKER_DOSSIERS.packets.json
RS081_COLONY_ANCHOR_WORKER_DOSSIERS,P404_SAHANA_IQBAL_TRIAGE_MECHANIC_DOSSIER,en_US,external_site,94,781.44,671.68,84.8,680.0,2,4,1.0,,C:/hades/Hecton8/Docs/Lore/AppliedContent/packets/RS081_COLONY_ANCHOR_WORKER_DOSSIERS.packets.json
RS081_COLONY_ANCHOR_WORKER_DOSSIERS,P404_SAHANA_IQBAL_TRIAGE_MECHANIC_DOSSIER,en_US,field_note,61,430.92,430.92,75.04,560.0,1,3,1.0,,C:/hades/Hecton8/Docs/Lore/AppliedContent/packets/RS081_COLONY_ANCHOR_WORKER_DOSSIERS.packets.json
RS081_COLONY_ANCHOR_WORKER_DOSSIERS,P404_SAHANA_IQBAL_TRIAGE_MECHANIC_DOSSIER,ru_RU,title,18,181.44,181.44,111.6,360.0,1,1,1.006,,C:/hades/Hecton8/Docs/Lore/AppliedContent/packets/RS081_COLONY_ANCHOR_WORKER_DOSSIERS.packets.json
RS081_COLONY_ANCHOR_WORKER_DOSSIERS,P404_SAHANA_IQBAL_TRIAGE_MECHANIC_DOSSIER,ru_RU,scanner,60,514.56,426.88,87.68,460.0,2,2,1.081,,C:/hades/Hecton8/Docs/Lore/AppliedContent/packets/RS081_COLONY_ANCHOR_WORKER_DOSSIERS.packets.json
RS081_COLONY_ANCHOR_WORKER_DOSSIERS,P404_SAHANA_IQBAL_TRIAGE_MECHANIC_DOSSIER,ru_RU,terminal,73,596.4,517.8,105.0,520.0,2,2,0.842,,C:/hades/Hecton8/Docs/Lore/AppliedContent/packets/RS081_COLONY_ANCHOR_WORKER_DOSSIERS.packets.json
RS081_COLONY_ANCHOR_WORKER_DOSSIERS,P404_SAHANA_IQBAL_TRIAGE_MECHANIC_DOSSIER,ru_RU,audio,85,820.44,584.28,109.08,620.0,2,2,1.245,,C:/hades/Hecton8/Docs/Lore/AppliedContent/packets/RS081_COLONY_ANCHOR_WORKER_DOSSIERS.packets.json
RS081_COLONY_ANCHOR_WORKER_DOSSIERS,P404_SAHANA_IQBAL_TRIAGE_MECHANIC_DOSSIER,ru_RU,in_game_wiki,143,1161.3,615.3,99.6,620.0,2,5,0.907,,C:/hades/Hecton8/Docs/Lore/AppliedContent/packets/RS081_COLONY_ANCHOR_WORKER_DOSSIERS.packets.json
RS081_COLONY_ANCHOR_WORKER_DOSSIERS,P404_SAHANA_IQBAL_TRIAGE_MECHANIC_DOSSIER,ru_RU,external_site,104,907.2,682.56,111.36,680.0,2,4,1.161,,C:/hades/Hecton8/Docs/Lore/AppliedContent/packets/RS081_COLONY_ANCHOR_WORKER_DOSSIERS.packets.json
RS081_COLONY_ANCHOR_WORKER_DOSSIERS,P404_SAHANA_IQBAL_TRIAGE_MECHANIC_DOSSIER,ru_RU,field_note,78,602.84,550.48,105.56,560.0,2,3,1.399,,C:/hades/Hecton8/Docs/Lore/AppliedContent/packets/RS081_COLONY_ANCHOR_WORKER_DOSSIERS.packets.json
RS081_COLONY_ANCHOR_WORKER_DOSSIERS,P404_SAHANA_IQBAL_TRIAGE_MECHANIC_DOSSIER,ja_JP,title,27,256.68,256.68,111.96,360.0,1,1,1.423,TEXT_EXPANSION_GT_1_35,C:/hades/Hecton8/Docs/Lore/AppliedContent/packets/RS081_COLONY_ANCHOR_WORKER_DOSSIERS.packets.json
RS081_COLONY_ANCHOR_WORKER_DOSSIERS,P404_SAHANA_IQBAL_TRIAGE_MECHANIC_DOSSIER,ja_JP,scanner,66,544.0,449.6,64.64,460.0,2,2,1.142,,C:/hades/Hecton8/Docs/Lore/AppliedContent/packets/RS081_COLONY_ANCHOR_WORKER_DOSSIERS.packets.json
RS081_COLONY_ANCHOR_WORKER_DOSSIERS,P404_SAHANA_IQBAL_TRIAGE_MECHANIC_DOSSIER,ja_JP,terminal,97,771.9,511.5,117.9,520.0,2,2,1.09,,C:/hades/Hecton8/Docs/Lore/AppliedContent/packets/RS081_COLONY_ANCHOR_WORKER_DOSSIERS.packets.json
RS081_COLONY_ANCHOR_WORKER_DOSSIERS,P404_SAHANA_IQBAL_TRIAGE_MECHANIC_DOSSIER,ja_JP,audio,85,789.12,592.92,65.16,620.0,2,2,1.197,,C:/hades/Hecton8/Docs/Lore/AppliedContent/packets/RS081_COLONY_ANCHOR_WORKER_DOSSIERS.packets.json
RS081_COLONY_ANCHOR_WORKER_DOSSIERS,P404_SAHANA_IQBAL_TRIAGE_MECHANIC_DOSSIER,ja_JP,in_game_wiki,180,1388.1,618.9,80.4,620.0,3,5,1.085,,C:/hades/Hecton8/Docs/Lore/AppliedContent/packets/RS081_COLONY_ANCHOR_WORKER_DOSSIERS.packets.json
RS081_COLONY_ANCHOR_WORKER_DOSSIERS,P404_SAHANA_IQBAL_TRIAGE_MECHANIC_DOSSIER,ja_JP,external_site,107,896.96,663.68,84.8,680.0,2,4,1.148,,C:/hades/Hecton8/Docs/Lore/AppliedContent/packets/RS081_COLONY_ANCHOR_WORKER_DOSSIERS.packets.json
RS081_COLONY_ANCHOR_WORKER_DOSSIERS,P404_SAHANA_IQBAL_TRIAGE_MECHANIC_DOSSIER,ja_JP,field_note,74,532.0,532.0,75.04,560.0,1,3,1.235,,C:/hades/Hecton8/Docs/Lore/AppliedContent/packets/RS081_COLONY_ANCHOR_WORKER_DOSSIERS.packets.json
RS081_COLONY_ANCHOR_WORKER_DOSSIERS,P404_SAHANA_IQBAL_TRIAGE_MECHANIC_DOSSIER,zh_CN,title,27,256.68,256.68,111.96,360.0,1,1,1.423,TEXT_EXPANSION_GT_1_35,C:/hades/Hecton8/Docs/Lore/AppliedContent/packets/RS081_COLONY_ANCHOR_WORKER_DOSSIERS.packets.json
RS081_COLONY_ANCHOR_WORKER_DOSSIERS,P404_SAHANA_IQBAL_TRIAGE_MECHANIC_DOSSIER,zh_CN,scanner,66,544.0,449.6,64.64,460.0,2,2,1.142,,C:/hades/Hecton8/Docs/Lore/AppliedContent/packets/RS081_COLONY_ANCHOR_WORKER_DOSSIERS.packets.json
RS081_COLONY_ANCHOR_WORKER_DOSSIERS,P404_SAHANA_IQBAL_TRIAGE_MECHANIC_DOSSIER,zh_CN,terminal,97,771.9,511.5,117.9,520.0,2,2,1.09,,C:/hades/Hecton8/Docs/Lore/AppliedContent/packets/RS081_COLONY_ANCHOR_WORKER_DOSSIERS.packets.json
RS081_COLONY_ANCHOR_WORKER_DOSSIERS,P404_SAHANA_IQBAL_TRIAGE_MECHANIC_DOSSIER,zh_CN,audio,85,789.12,592.92,65.16,620.0,2,2,1.197,,C:/hades/Hecton8/Docs/Lore/AppliedContent/packets/RS081_COLONY_ANCHOR_WORKER_DOSSIERS.packets.json
RS081_COLONY_ANCHOR_WORKER_DOSSIERS,P404_SAHANA_IQBAL_TRIAGE_MECHANIC_DOSSIER,zh_CN,in_game_wiki,180,1388.1,618.9,80.4,620.0,3,5,1.085,,C:/hades/Hecton8/Docs/Lore/AppliedContent/packets/RS081_COLONY_ANCHOR_WORKER_DOSSIERS.packets.json
RS081_COLONY_ANCHOR_WORKER_DOSSIERS,P404_SAHANA_IQBAL_TRIAGE_MECHANIC_DOSSIER,zh_CN,external_site,107,896.96,663.68,84.8,680.0,2,4,1.148,,C:/hades/Hecton8/Docs/Lore/AppliedContent/packets/RS081_COLONY_ANCHOR_WORKER_DOSSIERS.packets.json
RS081_COLONY_ANCHOR_WORKER_DOSSIERS,P404_SAHANA_IQBAL_TRIAGE_MECHANIC_DOSSIER,zh_CN,field_note,74,532.0,532.0,75.04,560.0,1,3,1.235,,C:/hades/Hecton8/Docs/Lore/AppliedContent/packets/RS081_COLONY_ANCHOR_WORKER_DOSSIERS.packets.json
RS081_COLONY_ANCHOR_WORKER_DOSSIERS,P404_SAHANA_IQBAL_TRIAGE_MECHANIC_DOSSIER,fr_FR,title,27,256.68,256.68,111.96,360.0,1,1,1.423,TEXT_EXPANSION_GT_1_35,C:/hades/Hecton8/Docs/Lore/AppliedContent/packets/RS081_COLONY_ANCHOR_WORKER_DOSSIERS.packets.json
RS081_COLONY_ANCHOR_WORKER_DOSSIERS,P404_SAHANA_IQBAL_TRIAGE_MECHANIC_DOSSIER,fr_FR,scanner,66,544.0,449.6,64.64,460.0,2,2,1.142,,C:/hades/Hecton8/Docs/Lore/AppliedContent/packets/RS081_COLONY_ANCHOR_WORKER_DOSSIERS.packets.json
RS081_COLONY_ANCHOR_WORKER_DOSSIERS,P404_SAHANA_IQBAL_TRIAGE_MECHANIC_DOSSIER,fr_FR,terminal,97,771.9,511.5,117.9,520.0,2,2,1.09,,C:/hades/Hecton8/Docs/Lore/AppliedContent/packets/RS081_COLONY_ANCHOR_WORKER_DOSSIERS.packets.json
RS081_COLONY_ANCHOR_WORKER_DOSSIERS,P404_SAHANA_IQBAL_TRIAGE_MECHANIC_DOSSIER,fr_FR,audio,85,789.12,592.92,65.16,620.0,2,2,1.197,,C:/hades/Hecton8/Docs/Lore/AppliedContent/packets/RS081_COLONY_ANCHOR_WORKER_DOSSIERS.packets.json
RS081_COLONY_ANCHOR_WORKER_DOSSIERS,P404_SAHANA_IQBAL_TRIAGE_MECHANIC_DOSSIER,fr_FR,in_game_wiki,180,1388.1,618.9,80.4,620.0,3,5,1.085,,C:/hades/Hecton8/Docs/Lore/AppliedContent/packets/RS081_COLONY_ANCHOR_WORKER_DOSSIERS.packets.json
RS081_COLONY_ANCHOR_WORKER_DOSSIERS,P404_SAHANA_IQBAL_TRIAGE_MECHANIC_DOSSIER,fr_FR,external_site,107,896.96,663.68,84.8,680.0,2,4,1.148,,C:/hades/Hecton8/Docs/Lore/AppliedContent/packets/RS081_COLONY_ANCHOR_WORKER_DOSSIERS.packets.json
RS081_COLONY_ANCHOR_WORKER_DOSSIERS,P404_SAHANA_IQBAL_TRIAGE_MECHANIC_DOSSIER,fr_FR,field_note,74,532.0,532.0,75.04,560.0,1,3,1.235,,C:/hades/Hecton8/Docs/Lore/AppliedContent/packets/RS081_COLONY_ANCHOR_WORKER_DOSSIERS.packets.json
RS081_COLONY_ANCHOR_WORKER_DOSSIERS,P404_SAHANA_IQBAL_TRIAGE_MECHANIC_DOSSIER,es_ES,title,27,256.68,256.68,111.96,360.0,1,1,1.423,TEXT_EXPANSION_GT_1_35,C:/hades/Hecton8/Docs/Lore/AppliedContent/packets/RS081_COLONY_ANCHOR_WORKER_DOSSIERS.packets.json
RS081_COLONY_ANCHOR_WORKER_DOSSIERS,P404_SAHANA_IQBAL_TRIAGE_MECHANIC_DOSSIER,es_ES,scanner,66,544.0,449.6,64.64,460.0,2,2,1.142,,C:/hades/Hecton8/Docs/Lore/AppliedContent/packets/RS081_COLONY_ANCHOR_WORKER_DOSSIERS.packets.json
RS081_COLONY_ANCHOR_WORKER_DOSSIERS,P404_SAHANA_IQBAL_TRIAGE_MECHANIC_DOSSIER,es_ES,terminal,97,771.9,511.5,117.9,520.0,2,2,1.09,,C:/hades/Hecton8/Docs/Lore/AppliedContent/packets/RS081_COLONY_ANCHOR_WORKER_DOSSIERS.packets.json
RS081_COLONY_ANCHOR_WORKER_DOSSIERS,P404_SAHANA_IQBAL_TRIAGE_MECHANIC_DOSSIER,es_ES,audio,85,789.12,592.92,65.16,620.0,2,2,1.197,,C:/hades/Hecton8/Docs/Lore/AppliedContent/packets/RS081_COLONY_ANCHOR_WORKER_DOSSIERS.packets.json
RS081_COLONY_ANCHOR_WORKER_DOSSIERS,P404_SAHANA_IQBAL_TRIAGE_MECHANIC_DOSSIER,es_ES,in_game_wiki,180,1388.1,618.9,80.4,620.0,3,5,1.085,,C:/hades/Hecton8/Docs/Lore/AppliedContent/packets/RS081_COLONY_ANCHOR_WORKER_DOSSIERS.packets.json
RS081_COLONY_ANCHOR_WORKER_DOSSIERS,P404_SAHANA_IQBAL_TRIAGE_MECHANIC_DOSSIER,es_ES,external_site,107,896.96,663.68,84.8,680.0,2,4,1.148,,C:/hades/Hecton8/Docs/Lore/AppliedContent/packets/RS081_COLONY_ANCHOR_WORKER_DOSSIERS.packets.json
RS081_COLONY_ANCHOR_WORKER_DOSSIERS,P404_SAHANA_IQBAL_TRIAGE_MECHANIC_DOSSIER,es_ES,field_note,74,532.0,532.0,75.04,560.0,1,3,1.235,,C:/hades/Hecton8/Docs/Lore/AppliedContent/packets/RS081_COLONY_ANCHOR_WORKER_DOSSIERS.packets.json
RS081_COLONY_ANCHOR_WORKER_DOSSIERS,P404_SAHANA_IQBAL_TRIAGE_MECHANIC_DOSSIER,de_DE,title,27,256.68,256.68,111.96,360.0,1,1,1.423,TEXT_EXPANSION_GT_1_35,C:/hades/Hecton8/Docs/Lore/AppliedContent/packets/RS081_COLONY_ANCHOR_WORKER_DOSSIERS.packets.json
RS081_COLONY_ANCHOR_WORKER_DOSSIERS,P404_SAHANA_IQBAL_TRIAGE_MECHANIC_DOSSIER,de_DE,scanner,66,544.0,449.6,64.64,460.0,2,2,1.142,,C:/hades/Hecton8/Docs/Lore/AppliedContent/packets/RS081_COLONY_ANCHOR_WORKER_DOSSIERS.packets.json
RS081_COLONY_ANCHOR_WORKER_DOSSIERS,P404_SAHANA_IQBAL_TRIAGE_MECHANIC_DOSSIER,de_DE,terminal,97,771.9,511.5,117.9,520.0,2,2,1.09,,C:/hades/Hecton8/Docs/Lore/AppliedContent/packets/RS081_COLONY_ANCHOR_WORKER_DOSSIERS.packets.json
RS081_COLONY_ANCHOR_WORKER_DOSSIERS,P404_SAHANA_IQBAL_TRIAGE_MECHANIC_DOSSIER,de_DE,audio,85,789.12,592.92,65.16,620.0,2,2,1.197,,C:/hades/Hecton8/Docs/Lore/AppliedContent/packets/RS081_COLONY_ANCHOR_WORKER_DOSSIERS.packets.json
RS081_COLONY_ANCHOR_WORKER_DOSSIERS,P404_SAHANA_IQBAL_TRIAGE_MECHANIC_DOSSIER,de_DE,in_game_wiki,180,1388.1,618.9,80.4,620.0,3,5,1.085,,C:/hades/Hecton8/Docs/Lore/AppliedContent/packets/RS081_COLONY_ANCHOR_WORKER_DOSSIERS.packets.json
RS081_COLONY_ANCHOR_WORKER_DOSSIERS,P404_SAHANA_IQBAL_TRIAGE_MECHANIC_DOSSIER,de_DE,external_site,107,896.96,663.68,84.8,680.0,2,4,1.148,,C:/hades/Hecton8/Docs/Lore/AppliedContent/packets/RS081_COLONY_ANCHOR_WORKER_DOSSIERS.packets.json
RS081_COLONY_ANCHOR_WORKER_DOSSIERS,P404_SAHANA_IQBAL_TRIAGE_MECHANIC_DOSSIER,de_DE,field_note,74,532.0,532.0,75.04,560.0,1,3,1.235,,C:/hades/Hecton8/Docs/Lore/AppliedContent/packets/RS081_COLONY_ANCHOR_WORKER_DOSSIERS.packets.json
RS081_COLONY_ANCHOR_WORKER_DOSSIERS,P404_SAHANA_IQBAL_TRIAGE_MECHANIC_DOSSIER,pl_PL,title,27,256.68,256.68,111.96,360.0,1,1,1.423,TEXT_EXPANSION_GT_1_35,C:/hades/Hecton8/Docs/Lore/AppliedContent/packets/RS081_COLONY_ANCHOR_WORKER_DOSSIERS.packets.json
RS081_COLONY_ANCHOR_WORKER_DOSSIERS,P404_SAHANA_IQBAL_TRIAGE_MECHANIC_DOSSIER,pl_PL,scanner,66,544.0,449.6,64.64,460.0,2,2,1.142,,C:/hades/Hecton8/Docs/Lore/AppliedContent/packets/RS081_COLONY_ANCHOR_WORKER_DOSSIERS.packets.json
RS081_COLONY_ANCHOR_WORKER_DOSSIERS,P404_SAHANA_IQBAL_TRIAGE_MECHANIC_DOSSIER,pl_PL,terminal,97,771.9,511.5,117.9,520.0,2,2,1.09,,C:/hades/Hecton8/Docs/Lore/AppliedContent/packets/RS081_COLONY_ANCHOR_WORKER_DOSSIERS.packets.json
RS081_COLONY_ANCHOR_WORKER_DOSSIERS,P404_SAHANA_IQBAL_TRIAGE_MECHANIC_DOSSIER,pl_PL,audio,85,789.12,592.92,65.16,620.0,2,2,1.197,,C:/hades/Hecton8/Docs/Lore/AppliedContent/packets/RS081_COLONY_ANCHOR_WORKER_DOSSIERS.packets.json
RS081_COLONY_ANCHOR_WORKER_DOSSIERS,P404_SAHANA_IQBAL_TRIAGE_MECHANIC_DOSSIER,pl_PL,in_game_wiki,180,1388.1,618.9,80.4,620.0,3,5,1.085,,C:/hades/Hecton8/Docs/Lore/AppliedContent/packets/RS081_COLONY_ANCHOR_WORKER_DOSSIERS.packets.json
RS081_COLONY_ANCHOR_WORKER_DOSSIERS,P404_SAHANA_IQBAL_TRIAGE_MECHANIC_DOSSIER,pl_PL,external_site,107,896.96,663.68,84.8,680.0,2,4,1.148,,C:/hades/Hecton8/Docs/Lore/AppliedContent/packets/RS081_COLONY_ANCHOR_WORKER_DOSSIERS.packets.json
RS081_COLONY_ANCHOR_WORKER_DOSSIERS,P404_SAHANA_IQBAL_TRIAGE_MECHANIC_DOSSIER,pl_PL,field_note,74,532.0,532.0,75.04,560.0,1,3,1.235,,C:/hades/Hecton8/Docs/Lore/AppliedContent/packets/RS081_COLONY_ANCHOR_WORKER_DOSSIERS.packets.json
RS081_COLONY_ANCHOR_WORKER_DOSSIERS,P404_SAHANA_IQBAL_TRIAGE_MECHANIC_DOSSIER,uk_UA,title,27,256.68,256.68,111.96,360.0,1,1,1.423,TEXT_EXPANSION_GT_1_35,C:/hades/Hecton8/Docs/Lore/AppliedContent/packets/RS081_COLONY_ANCHOR_WORKER_DOSSIERS.packets.json
RS081_COLONY_ANCHOR_WORKER_DOSSIERS,P404_SAHANA_IQBAL_TRIAGE_MECHANIC_DOSSIER,uk_UA,scanner,66,544.0,449.6,64.64,460.0,2,2,1.142,,C:/hades/Hecton8/Docs/Lore/AppliedContent/packets/RS081_COLONY_ANCHOR_WORKER_DOSSIERS.packets.json
RS081_COLONY_ANCHOR_WORKER_DOSSIERS,P404_SAHANA_IQBAL_TRIAGE_MECHANIC_DOSSIER,uk_UA,terminal,97,771.9,511.5,117.9,520.0,2,2,1.09,,C:/hades/Hecton8/Docs/Lore/AppliedContent/packets/RS081_COLONY_ANCHOR_WORKER_DOSSIERS.packets.json
RS081_COLONY_ANCHOR_WORKER_DOSSIERS,P404_SAHANA_IQBAL_TRIAGE_MECHANIC_DOSSIER,uk_UA,audio,85,789.12,592.92,65.16,620.0,2,2,1.197,,C:/hades/Hecton8/Docs/Lore/AppliedContent/packets/RS081_COLONY_ANCHOR_WORKER_DOSSIERS.packets.json
RS081_COLONY_ANCHOR_WORKER_DOSSIERS,P404_SAHANA_IQBAL_TRIAGE_MECHANIC_DOSSIER,uk_UA,in_game_wiki,180,1388.1,618.9,80.4,620.0,3,5,1.085,,C:/hades/Hecton8/Docs/Lore/AppliedContent/packets/RS081_COLONY_ANCHOR_WORKER_DOSSIERS.packets.json
RS081_COLONY_ANCHOR_WORKER_DOSSIERS,P404_SAHANA_IQBAL_TRIAGE_MECHANIC_DOSSIER,uk_UA,external_site,107,896.96,663.68,84.8,680.0,2,4,1.148,,C:/hades/Hecton8/Docs/Lore/AppliedContent/packets/RS081_COLONY_ANCHOR_WORKER_DOSSIERS.packets.json
RS081_COLONY_ANCHOR_WORKER_DOSSIERS,P404_SAHANA_IQBAL_TRIAGE_MECHANIC_DOSSIER,uk_UA,field_note,74,532.0,532.0,75.04,560.0,1,3,1.235,,C:/hades/Hecton8/Docs/Lore/AppliedContent/packets/RS081_COLONY_ANCHOR_WORKER_DOSSIERS.packets.json
RS081_COLONY_ANCHOR_WORKER_DOSSIERS,P404_SAHANA_IQBAL_TRIAGE_MECHANIC_DOSSIER,ar_SA,title,27,256.68,256.68,111.96,360.0,1,1,1.423,TEXT_EXPANSION_GT_1_35,C:/hades/Hecton8/Docs/Lore/AppliedContent/packets/RS081_COLONY_ANCHOR_WORKER_DOSSIERS.packets.json
RS081_COLONY_ANCHOR_WORKER_DOSSIERS,P404_SAHANA_IQBAL_TRIAGE_MECHANIC_DOSSIER,ar_SA,scanner,66,544.0,449.6,64.64,460.0,2,2,1.142,,C:/hades/Hecton8/Docs/Lore/AppliedContent/packets/RS081_COLONY_ANCHOR_WORKER_DOSSIERS.packets.json
RS081_COLONY_ANCHOR_WORKER_DOSSIERS,P404_SAHANA_IQBAL_TRIAGE_MECHANIC_DOSSIER,ar_SA,terminal,97,771.9,511.5,117.9,520.0,2,2,1.09,,C:/hades/Hecton8/Docs/Lore/AppliedContent/packets/RS081_COLONY_ANCHOR_WORKER_DOSSIERS.packets.json
RS081_COLONY_ANCHOR_WORKER_DOSSIERS,P404_SAHANA_IQBAL_TRIAGE_MECHANIC_DOSSIER,ar_SA,audio,85,789.12,592.92,65.16,620.0,2,2,1.197,,C:/hades/Hecton8/Docs/Lore/AppliedContent/packets/RS081_COLONY_ANCHOR_WORKER_DOSSIERS.packets.json
RS081_COLONY_ANCHOR_WORKER_DOSSIERS,P404_SAHANA_IQBAL_TRIAGE_MECHANIC_DOSSIER,ar_SA,in_game_wiki,180,1388.1,618.9,80.4,620.0,3,5,1.085,,C:/hades/Hecton8/Docs/Lore/AppliedContent/packets/RS081_COLONY_ANCHOR_WORKER_DOSSIERS.packets.json
RS081_COLONY_ANCHOR_WORKER_DOSSIERS,P404_SAHANA_IQBAL_TRIAGE_MECHANIC_DOSSIER,ar_SA,external_site,107,896.96,663.68,84.8,680.0,2,4,1.148,,C:/hades/Hecton8/Docs/Lore/AppliedContent/packets/RS081_COLONY_ANCHOR_WORKER_DOSSIERS.packets.json
RS081_COLONY_ANCHOR_WORKER_DOSSIERS,P404_SAHANA_IQBAL_TRIAGE_MECHANIC_DOSSIER,ar_SA,field_note,74,532.0,532.0,75.04,560.0,1,3,1.235,,C:/hades/Hecton8/Docs/Lore/AppliedContent/packets/RS081_COLONY_ANCHOR_WORKER_DOSSIERS.packets.json
RS081_COLONY_ANCHOR_WORKER_DOSSIERS,P404_SAHANA_IQBAL_TRIAGE_MECHANIC_DOSSIER,id_ID,title,27,256.68,256.68,111.96,360.0,1,1,1.423,TEXT_EXPANSION_GT_1_35,C:/hades/Hecton8/Docs/Lore/AppliedContent/packets/RS081_COLONY_ANCHOR_WORKER_DOSSIERS.packets.json
RS081_COLONY_ANCHOR_WORKER_DOSSIERS,P404_SAHANA_IQBAL_TRIAGE_MECHANIC_DOSSIER,id_ID,scanner,66,544.0,449.6,64.64,460.0,2,2,1.142,,C:/hades/Hecton8/Docs/Lore/AppliedContent/packets/RS081_COLONY_ANCHOR_WORKER_DOSSIERS.packets.json
RS081_COLONY_ANCHOR_WORKER_DOSSIERS,P404_SAHANA_IQBAL_TRIAGE_MECHANIC_DOSSIER,id_ID,terminal,97,771.9,511.5,117.9,520.0,2,2,1.09,,C:/hades/Hecton8/Docs/Lore/AppliedContent/packets/RS081_COLONY_ANCHOR_WORKER_DOSSIERS.packets.json
RS081_COLONY_ANCHOR_WORKER_DOSSIERS,P404_SAHANA_IQBAL_TRIAGE_MECHANIC_DOSSIER,id_ID,audio,85,789.12,592.92,65.16,620.0,2,2,1.197,,C:/hades/Hecton8/Docs/Lore/AppliedContent/packets/RS081_COLONY_ANCHOR_WORKER_DOSSIERS.packets.json
RS081_COLONY_ANCHOR_WORKER_DOSSIERS,P404_SAHANA_IQBAL_TRIAGE_MECHANIC_DOSSIER,id_ID,in_game_wiki,180,1388.1,618.9,80.4,620.0,3,5,1.085,,C:/hades/Hecton8/Docs/Lore/AppliedContent/packets/RS081_COLONY_ANCHOR_WORKER_DOSSIERS.packets.json
RS081_COLONY_ANCHOR_WORKER_DOSSIERS,P404_SAHANA_IQBAL_TRIAGE_MECHANIC_DOSSIER,id_ID,external_site,107,896.96,663.68,84.8,680.0,2,4,1.148,,C:/hades/Hecton8/Docs/Lore/AppliedContent/packets/RS081_COLONY_ANCHOR_WORKER_DOSSIERS.packets.json
RS081_COLONY_ANCHOR_WORKER_DOSSIERS,P404_SAHANA_IQBAL_TRIAGE_MECHANIC_DOSSIER,id_ID,field_note,74,532.0,532.0,75.04,560.0,1,3,1.235,,C:/hades/Hecton8/Docs/Lore/AppliedContent/packets/RS081_COLONY_ANCHOR_WORKER_DOSSIERS.packets.json
RS081_COLONY_ANCHOR_WORKER_DOSSIERS,P404_SAHANA_IQBAL_TRIAGE_MECHANIC_DOSSIER,ko_KR,title,27,256.68,256.68,111.96,360.0,1,1,1.423,TEXT_EXPANSION_GT_1_35,C:/hades/Hecton8/Docs/Lore/AppliedContent/packets/RS081_COLONY_ANCHOR_WORKER_DOSSIERS.packets.json
RS081_COLONY_ANCHOR_WORKER_DOSSIERS,P404_SAHANA_IQBAL_TRIAGE_MECHANIC_DOSSIER,ko_KR,scanner,66,544.0,449.6,64.64,460.0,2,2,1.142,,C:/hades/Hecton8/Docs/Lore/AppliedContent/packets/RS081_COLONY_ANCHOR_WORKER_DOSSIERS.packets.json
RS081_COLONY_ANCHOR_WORKER_DOSSIERS,P404_SAHANA_IQBAL_TRIAGE_MECHANIC_DOSSIER,ko_KR,terminal,97,771.9,511.5,117.9,520.0,2,2,1.09,,C:/hades/Hecton8/Docs/Lore/AppliedContent/packets/RS081_COLONY_ANCHOR_WORKER_DOSSIERS.packets.json
RS081_COLONY_ANCHOR_WORKER_DOSSIERS,P404_SAHANA_IQBAL_TRIAGE_MECHANIC_DOSSIER,ko_KR,audio,85,789.12,592.92,65.16,620.0,2,2,1.197,,C:/hades/Hecton8/Docs/Lore/AppliedContent/packets/RS081_COLONY_ANCHOR_WORKER_DOSSIERS.packets.json
RS081_COLONY_ANCHOR_WORKER_DOSSIERS,P404_SAHANA_IQBAL_TRIAGE_MECHANIC_DOSSIER,ko_KR,in_game_wiki,180,1388.1,618.9,80.4,620.0,3,5,1.085,,C:/hades/Hecton8/Docs/Lore/AppliedContent/packets/RS081_COLONY_ANCHOR_WORKER_DOSSIERS.packets.json
RS081_COLONY_ANCHOR_WORKER_DOSSIERS,P404_SAHANA_IQBAL_TRIAGE_MECHANIC_DOSSIER,ko_KR,external_site,107,896.96,663.68,84.8,680.0,2,4,1.148,,C:/hades/Hecton8/Docs/Lore/AppliedContent/packets/RS081_COLONY_ANCHOR_WORKER_DOSSIERS.packets.json
RS081_COLONY_ANCHOR_WORKER_DOSSIERS,P404_SAHANA_IQBAL_TRIAGE_MECHANIC_DOSSIER,ko_KR,field_note,74,532.0,532.0,75.04,560.0,1,3,1.235,,C:/hades/Hecton8/Docs/Lore/AppliedContent/packets/RS081_COLONY_ANCHOR_WORKER_DOSSIERS.packets.json
RS081_COLONY_ANCHOR_WORKER_DOSSIERS,P404_SAHANA_IQBAL_TRIAGE_MECHANIC_DOSSIER,he_IL,title,27,256.68,256.68,111.96,360.0,1,1,1.423,TEXT_EXPANSION_GT_1_35,C:/hades/Hecton8/Docs/Lore/AppliedContent/packets/RS081_COLONY_ANCHOR_WORKER_DOSSIERS.packets.json
RS081_COLONY_ANCHOR_WORKER_DOSSIERS,P404_SAHANA_IQBAL_TRIAGE_MECHANIC_DOSSIER,he_IL,scanner,66,544.0,449.6,64.64,460.0,2,2,1.142,,C:/hades/Hecton8/Docs/Lore/AppliedContent/packets/RS081_COLONY_ANCHOR_WORKER_DOSSIERS.packets.json
RS081_COLONY_ANCHOR_WORKER_DOSSIERS,P404_SAHANA_IQBAL_TRIAGE_MECHANIC_DOSSIER,he_IL,terminal,97,771.9,511.5,117.9,520.0,2,2,1.09,,C:/hades/Hecton8/Docs/Lore/AppliedContent/packets/RS081_COLONY_ANCHOR_WORKER_DOSSIERS.packets.json
RS081_COLONY_ANCHOR_WORKER_DOSSIERS,P404_SAHANA_IQBAL_TRIAGE_MECHANIC_DOSSIER,he_IL,audio,85,789.12,592.92,65.16,620.0,2,2,1.197,,C:/hades/Hecton8/Docs/Lore/AppliedContent/packets/RS081_COLONY_ANCHOR_WORKER_DOSSIERS.packets.json
RS081_COLONY_ANCHOR_WORKER_DOSSIERS,P404_SAHANA_IQBAL_TRIAGE_MECHANIC_DOSSIER,he_IL,in_game_wiki,180,1388.1,618.9,80.4,620.0,3,5,1.085,,C:/hades/Hecton8/Docs/Lore/AppliedContent/packets/RS081_COLONY_ANCHOR_WORKER_DOSSIERS.packets.json
RS081_COLONY_ANCHOR_WORKER_DOSSIERS,P404_SAHANA_IQBAL_TRIAGE_MECHANIC_DOSSIER,he_IL,external_site,107,896.96,663.68,84.8,680.0,2,4,1.148,,C:/hades/Hecton8/Docs/Lore/AppliedContent/packets/RS081_COLONY_ANCHOR_WORKER_DOSSIERS.packets.json
RS081_COLONY_ANCHOR_WORKER_DOSSIERS,P404_SAHANA_IQBAL_TRIAGE_MECHANIC_DOSSIER,he_IL,field_note,74,532.0,532.0,75.04,560.0,1,3,1.235,,C:/hades/Hecton8/Docs/Lore/AppliedContent/packets/RS081_COLONY_ANCHOR_WORKER_DOSSIERS.packets.json
RS081_COLONY_ANCHOR_WORKER_DOSSIERS,P404_SAHANA_IQBAL_TRIAGE_MECHANIC_DOSSIER,pt_BR,title,30,286.56,286.56,111.96,360.0,1,1,1.589,TEXT_EXPANSION_GT_1_35,C:/hades/Hecton8/Docs/Lore/AppliedContent/packets/RS081_COLONY_ANCHOR_WORKER_DOSSIERS.packets.json
RS081_COLONY_ANCHOR_WORKER_DOSSIERS,P404_SAHANA_IQBAL_TRIAGE_MECHANIC_DOSSIER,pt_BR,scanner,69,570.56,420.8,64.64,460.0,2,2,1.198,,C:/hades/Hecton8/Docs/Lore/AppliedContent/packets/RS081_COLONY_ANCHOR_WORKER_DOSSIERS.packets.json
RS081_COLONY_ANCHOR_WORKER_DOSSIERS,P404_SAHANA_IQBAL_TRIAGE_MECHANIC_DOSSIER,pt_BR,terminal,100,796.8,506.1,117.9,520.0,2,2,1.125,,C:/hades/Hecton8/Docs/Lore/AppliedContent/packets/RS081_COLONY_ANCHOR_WORKER_DOSSIERS.packets.json
RS081_COLONY_ANCHOR_WORKER_DOSSIERS,P404_SAHANA_IQBAL_TRIAGE_MECHANIC_DOSSIER,pt_BR,audio,85,789.12,592.92,65.16,620.0,2,2,1.197,,C:/hades/Hecton8/Docs/Lore/AppliedContent/packets/RS081_COLONY_ANCHOR_WORKER_DOSSIERS.packets.json
RS081_COLONY_ANCHOR_WORKER_DOSSIERS,P404_SAHANA_IQBAL_TRIAGE_MECHANIC_DOSSIER,pt_BR,in_game_wiki,180,1388.1,618.9,80.4,620.0,3,5,1.085,,C:/hades/Hecton8/Docs/Lore/AppliedContent/packets/RS081_COLONY_ANCHOR_WORKER_DOSSIERS.packets.json
RS081_COLONY_ANCHOR_WORKER_DOSSIERS,P404_SAHANA_IQBAL_TRIAGE_MECHANIC_DOSSIER,pt_BR,external_site,107,896.96,663.68,84.8,680.0,2,4,1.148,,C:/hades/Hecton8/Docs/Lore/AppliedContent/packets/RS081_COLONY_ANCHOR_WORKER_DOSSIERS.packets.json
RS081_COLONY_ANCHOR_WORKER_DOSSIERS,P404_SAHANA_IQBAL_TRIAGE_MECHANIC_DOSSIER,pt_BR,field_note,74,532.0,532.0,75.04,560.0,1,3,1.235,,C:/hades/Hecton8/Docs/Lore/AppliedContent/packets/RS081_COLONY_ANCHOR_WORKER_DOSSIERS.packets.json
RS081_COLONY_ANCHOR_WORKER_DOSSIERS,P404_SAHANA_IQBAL_TRIAGE_MECHANIC_DOSSIER,nl_NL,title,27,256.68,256.68,111.96,360.0,1,1,1.423,TEXT_EXPANSION_GT_1_35,C:/hades/Hecton8/Docs/Lore/AppliedContent/packets/RS081_COLONY_ANCHOR_WORKER_DOSSIERS.packets.json
RS081_COLONY_ANCHOR_WORKER_DOSSIERS,P404_SAHANA_IQBAL_TRIAGE_MECHANIC_DOSSIER,nl_NL,scanner,66,544.0,449.6,64.64,460.0,2,2,1.142,,C:/hades/Hecton8/Docs/Lore/AppliedContent/packets/RS081_COLONY_ANCHOR_WORKER_DOSSIERS.packets.json
RS081_COLONY_ANCHOR_WORKER_DOSSIERS,P404_SAHANA_IQBAL_TRIAGE_MECHANIC_DOSSIER,nl_NL,terminal,97,771.9,511.5,117.9,520.0,2,2,1.09,,C:/hades/Hecton8/Docs/Lore/AppliedContent/packets/RS081_COLONY_ANCHOR_WORKER_DOSSIERS.packets.json
RS081_COLONY_ANCHOR_WORKER_DOSSIERS,P404_SAHANA_IQBAL_TRIAGE_MECHANIC_DOSSIER,nl_NL,audio,85,789.12,592.92,65.16,620.0,2,2,1.197,,C:/hades/Hecton8/Docs/Lore/AppliedContent/packets/RS081_COLONY_ANCHOR_WORKER_DOSSIERS.packets.json
RS081_COLONY_ANCHOR_WORKER_DOSSIERS,P404_SAHANA_IQBAL_TRIAGE_MECHANIC_DOSSIER,nl_NL,in_game_wiki,180,1388.1,618.9,80.4,620.0,3,5,1.085,,C:/hades/Hecton8/Docs/Lore/AppliedContent/packets/RS081_COLONY_ANCHOR_WORKER_DOSSIERS.packets.json
RS081_COLONY_ANCHOR_WORKER_DOSSIERS,P404_SAHANA_IQBAL_TRIAGE_MECHANIC_DOSSIER,nl_NL,external_site,107,896.96,663.68,84.8,680.0,2,4,1.148,,C:/hades/Hecton8/Docs/Lore/AppliedContent/packets/RS081_COLONY_ANCHOR_WORKER_DOSSIERS.packets.json
RS081_COLONY_ANCHOR_WORKER_DOSSIERS,P404_SAHANA_IQBAL_TRIAGE_MECHANIC_DOSSIER,nl_NL,field_note,74,532.0,532.0,75.04,560.0,1,3,1.235,,C:/hades/Hecton8/Docs/Lore/AppliedContent/packets/RS081_COLONY_ANCHOR_WORKER_DOSSIERS.packets.json
RS081_COLONY_ANCHOR_WORKER_DOSSIERS,P405_LIAN_TORRES_VENT_FORGE_OPERATOR_DOSSIER,en_US,title,22,212.76,212.76,110.52,360.0,1,1,1.0,,C:/hades/Hecton8/Docs/Lore/AppliedContent/packets/RS081_COLONY_ANCHOR_WORKER_DOSSIERS.packets.json
RS081_COLONY_ANCHOR_WORKER_DOSSIERS,P405_LIAN_TORRES_VENT_FORGE_OPERATOR_DOSSIER,en_US,scanner,57,462.72,409.6,64.64,460.0,2,2,1.0,,C:/hades/Hecton8/Docs/Lore/AppliedContent/packets/RS081_COLONY_ANCHOR_WORKER_DOSSIERS.packets.json
RS081_COLONY_ANCHOR_WORKER_DOSSIERS,P405_LIAN_TORRES_VENT_FORGE_OPERATOR_DOSSIER,en_US,terminal,88,699.6,501.0,104.1,520.0,2,2,1.0,,C:/hades/Hecton8/Docs/Lore/AppliedContent/packets/RS081_COLONY_ANCHOR_WORKER_DOSSIERS.packets.json
RS081_COLONY_ANCHOR_WORKER_DOSSIERS,P405_LIAN_TORRES_VENT_FORGE_OPERATOR_DOSSIER,en_US,audio,67,598.68,598.68,72.0,620.0,1,2,1.0,,C:/hades/Hecton8/Docs/Lore/AppliedContent/packets/RS081_COLONY_ANCHOR_WORKER_DOSSIERS.packets.json
RS081_COLONY_ANCHOR_WORKER_DOSSIERS,P405_LIAN_TORRES_VENT_FORGE_OPERATOR_DOSSIER,en_US,in_game_wiki,185,1437.0,598.5,84.3,620.0,3,5,1.0,,C:/hades/Hecton8/Docs/Lore/AppliedContent/packets/RS081_COLONY_ANCHOR_WORKER_DOSSIERS.packets.json
RS081_COLONY_ANCHOR_WORKER_DOSSIERS,P405_LIAN_TORRES_VENT_FORGE_OPERATOR_DOSSIER,en_US,external_site,108,878.72,677.12,150.4,680.0,2,4,1.0,,C:/hades/Hecton8/Docs/Lore/AppliedContent/packets/RS081_COLONY_ANCHOR_WORKER_DOSSIERS.packets.json
RS081_COLONY_ANCHOR_WORKER_DOSSIERS,P405_LIAN_TORRES_VENT_FORGE_OPERATOR_DOSSIER,en_US,field_note,53,371.28,371.28,103.32,560.0,1,3,1.0,,C:/hades/Hecton8/Docs/Lore/AppliedContent/packets/RS081_COLONY_ANCHOR_WORKER_DOSSIERS.packets.json
RS081_COLONY_ANCHOR_WORKER_DOSSIERS,P405_LIAN_TORRES_VENT_FORGE_OPERATOR_DOSSIER,ru_RU,title,21,208.44,208.44,159.48,360.0,1,1,0.98,,C:/hades/Hecton8/Docs/Lore/AppliedContent/packets/RS081_COLONY_ANCHOR_WORKER_DOSSIERS.packets.json
RS081_COLONY_ANCHOR_WORKER_DOSSIERS,P405_LIAN_TORRES_VENT_FORGE_OPERATOR_DOSSIER,ru_RU,scanner,61,518.72,431.04,87.68,460.0,2,2,1.121,,C:/hades/Hecton8/Docs/Lore/AppliedContent/packets/RS081_COLONY_ANCHOR_WORKER_DOSSIERS.packets.json
RS081_COLONY_ANCHOR_WORKER_DOSSIERS,P405_LIAN_TORRES_VENT_FORGE_OPERATOR_DOSSIER,ru_RU,terminal,75,620.4,489.6,148.5,520.0,2,2,0.887,,C:/hades/Hecton8/Docs/Lore/AppliedContent/packets/RS081_COLONY_ANCHOR_WORKER_DOSSIERS.packets.json
RS081_COLONY_ANCHOR_WORKER_DOSSIERS,P405_LIAN_TORRES_VENT_FORGE_OPERATOR_DOSSIER,ru_RU,audio,63,608.4,608.4,98.64,620.0,1,2,1.016,,C:/hades/Hecton8/Docs/Lore/AppliedContent/packets/RS081_COLONY_ANCHOR_WORKER_DOSSIERS.packets.json
RS081_COLONY_ANCHOR_WORKER_DOSSIERS,P405_LIAN_TORRES_VENT_FORGE_OPERATOR_DOSSIER,ru_RU,in_game_wiki,156,1272.9,583.2,121.8,620.0,3,5,0.886,,C:/hades/Hecton8/Docs/Lore/AppliedContent/packets/RS081_COLONY_ANCHOR_WORKER_DOSSIERS.packets.json
RS081_COLONY_ANCHOR_WORKER_DOSSIERS,P405_LIAN_TORRES_VENT_FORGE_OPERATOR_DOSSIER,ru_RU,external_site,106,902.4,640.32,92.8,680.0,2,4,1.027,,C:/hades/Hecton8/Docs/Lore/AppliedContent/packets/RS081_COLONY_ANCHOR_WORKER_DOSSIERS.packets.json
RS081_COLONY_ANCHOR_WORKER_DOSSIERS,P405_LIAN_TORRES_VENT_FORGE_OPERATOR_DOSSIER,ru_RU,field_note,56,424.2,424.2,77.84,560.0,1,3,1.143,,C:/hades/Hecton8/Docs/Lore/AppliedContent/packets/RS081_COLONY_ANCHOR_WORKER_DOSSIERS.packets.json
RS081_COLONY_ANCHOR_WORKER_DOSSIERS,P405_LIAN_TORRES_VENT_FORGE_OPERATOR_DOSSIER,ja_JP,title,30,289.08,289.08,110.52,360.0,1,1,1.359,TEXT_EXPANSION_GT_1_35,C:/hades/Hecton8/Docs/Lore/AppliedContent/packets/RS081_COLONY_ANCHOR_WORKER_DOSSIERS.packets.json
RS081_COLONY_ANCHOR_WORKER_DOSSIERS,P405_LIAN_TORRES_VENT_FORGE_OPERATOR_DOSSIER,ja_JP,scanner,65,530.56,436.16,64.64,460.0,2,2,1.147,,C:/hades/Hecton8/Docs/Lore/AppliedContent/packets/RS081_COLONY_ANCHOR_WORKER_DOSSIERS.packets.json
RS081_COLONY_ANCHOR_WORKER_DOSSIERS,P405_LIAN_TORRES_VENT_FORGE_OPERATOR_DOSSIER,ja_JP,terminal,96,763.2,504.3,104.1,520.0,2,2,1.091,,C:/hades/Hecton8/Docs/Lore/AppliedContent/packets/RS081_COLONY_ANCHOR_WORKER_DOSSIERS.packets.json
RS081_COLONY_ANCHOR_WORKER_DOSSIERS,P405_LIAN_TORRES_VENT_FORGE_OPERATOR_DOSSIER,ja_JP,audio,80,728.64,619.56,72.0,620.0,2,2,1.217,,C:/hades/Hecton8/Docs/Lore/AppliedContent/packets/RS081_COLONY_ANCHOR_WORKER_DOSSIERS.packets.json
RS081_COLONY_ANCHOR_WORKER_DOSSIERS,P405_LIAN_TORRES_VENT_FORGE_OPERATOR_DOSSIER,ja_JP,in_game_wiki,198,1545.3,612.0,84.3,620.0,3,5,1.075,,C:/hades/Hecton8/Docs/Lore/AppliedContent/packets/RS081_COLONY_ANCHOR_WORKER_DOSSIERS.packets.json
RS081_COLONY_ANCHOR_WORKER_DOSSIERS,P405_LIAN_TORRES_VENT_FORGE_OPERATOR_DOSSIER,ja_JP,external_site,121,994.24,663.68,150.4,680.0,2,4,1.131,,C:/hades/Hecton8/Docs/Lore/AppliedContent/packets/RS081_COLONY_ANCHOR_WORKER_DOSSIERS.packets.json
RS081_COLONY_ANCHOR_WORKER_DOSSIERS,P405_LIAN_TORRES_VENT_FORGE_OPERATOR_DOSSIER,ja_JP,field_note,66,472.36,472.36,103.32,560.0,1,3,1.272,,C:/hades/Hecton8/Docs/Lore/AppliedContent/packets/RS081_COLONY_ANCHOR_WORKER_DOSSIERS.packets.json
RS081_COLONY_ANCHOR_WORKER_DOSSIERS,P405_LIAN_TORRES_VENT_FORGE_OPERATOR_DOSSIER,zh_CN,title,30,289.08,289.08,110.52,360.0,1,1,1.359,TEXT_EXPANSION_GT_1_35,C:/hades/Hecton8/Docs/Lore/AppliedContent/packets/RS081_COLONY_ANCHOR_WORKER_DOSSIERS.packets.json
RS081_COLONY_ANCHOR_WORKER_DOSSIERS,P405_LIAN_TORRES_VENT_FORGE_OPERATOR_DOSSIER,zh_CN,scanner,65,530.56,436.16,64.64,460.0,2,2,1.147,,C:/hades/Hecton8/Docs/Lore/AppliedContent/packets/RS081_COLONY_ANCHOR_WORKER_DOSSIERS.packets.json
RS081_COLONY_ANCHOR_WORKER_DOSSIERS,P405_LIAN_TORRES_VENT_FORGE_OPERATOR_DOSSIER,zh_CN,terminal,96,763.2,504.3,104.1,520.0,2,2,1.091,,C:/hades/Hecton8/Docs/Lore/AppliedContent/packets/RS081_COLONY_ANCHOR_WORKER_DOSSIERS.packets.json
RS081_COLONY_ANCHOR_WORKER_DOSSIERS,P405_LIAN_TORRES_VENT_FORGE_OPERATOR_DOSSIER,zh_CN,audio,80,728.64,619.56,72.0,620.0,2,2,1.217,,C:/hades/Hecton8/Docs/Lore/AppliedContent/packets/RS081_COLONY_ANCHOR_WORKER_DOSSIERS.packets.json
RS081_COLONY_ANCHOR_WORKER_DOSSIERS,P405_LIAN_TORRES_VENT_FORGE_OPERATOR_DOSSIER,zh_CN,in_game_wiki,198,1545.3,612.0,84.3,620.0,3,5,1.075,,C:/hades/Hecton8/Docs/Lore/AppliedContent/packets/RS081_COLONY_ANCHOR_WORKER_DOSSIERS.packets.json
RS081_COLONY_ANCHOR_WORKER_DOSSIERS,P405_LIAN_TORRES_VENT_FORGE_OPERATOR_DOSSIER,zh_CN,external_site,121,994.24,663.68,150.4,680.0,2,4,1.131,,C:/hades/Hecton8/Docs/Lore/AppliedContent/packets/RS081_COLONY_ANCHOR_WORKER_DOSSIERS.packets.json
RS081_COLONY_ANCHOR_WORKER_DOSSIERS,P405_LIAN_TORRES_VENT_FORGE_OPERATOR_DOSSIER,zh_CN,field_note,66,472.36,472.36,103.32,560.0,1,3,1.272,,C:/hades/Hecton8/Docs/Lore/AppliedContent/packets/RS081_COLONY_ANCHOR_WORKER_DOSSIERS.packets.json
RS081_COLONY_ANCHOR_WORKER_DOSSIERS,P405_LIAN_TORRES_VENT_FORGE_OPERATOR_DOSSIER,fr_FR,title,30,289.08,289.08,110.52,360.0,1,1,1.359,TEXT_EXPANSION_GT_1_35,C:/hades/Hecton8/Docs/Lore/AppliedContent/packets/RS081_COLONY_ANCHOR_WORKER_DOSSIERS.packets.json
RS081_COLONY_ANCHOR_WORKER_DOSSIERS,P405_LIAN_TORRES_VENT_FORGE_OPERATOR_DOSSIER,fr_FR,scanner,65,530.56,436.16,64.64,460.0,2,2,1.147,,C:/hades/Hecton8/Docs/Lore/AppliedContent/packets/RS081_COLONY_ANCHOR_WORKER_DOSSIERS.packets.json
RS081_COLONY_ANCHOR_WORKER_DOSSIERS,P405_LIAN_TORRES_VENT_FORGE_OPERATOR_DOSSIER,fr_FR,terminal,96,763.2,504.3,104.1,520.0,2,2,1.091,,C:/hades/Hecton8/Docs/Lore/AppliedContent/packets/RS081_COLONY_ANCHOR_WORKER_DOSSIERS.packets.json
RS081_COLONY_ANCHOR_WORKER_DOSSIERS,P405_LIAN_TORRES_VENT_FORGE_OPERATOR_DOSSIER,fr_FR,audio,80,728.64,619.56,72.0,620.0,2,2,1.217,,C:/hades/Hecton8/Docs/Lore/AppliedContent/packets/RS081_COLONY_ANCHOR_WORKER_DOSSIERS.packets.json
RS081_COLONY_ANCHOR_WORKER_DOSSIERS,P405_LIAN_TORRES_VENT_FORGE_OPERATOR_DOSSIER,fr_FR,in_game_wiki,198,1545.3,612.0,84.3,620.0,3,5,1.075,,C:/hades/Hecton8/Docs/Lore/AppliedContent/packets/RS081_COLONY_ANCHOR_WORKER_DOSSIERS.packets.json
RS081_COLONY_ANCHOR_WORKER_DOSSIERS,P405_LIAN_TORRES_VENT_FORGE_OPERATOR_DOSSIER,fr_FR,external_site,121,994.24,663.68,150.4,680.0,2,4,1.131,,C:/hades/Hecton8/Docs/Lore/AppliedContent/packets/RS081_COLONY_ANCHOR_WORKER_DOSSIERS.packets.json
RS081_COLONY_ANCHOR_WORKER_DOSSIERS,P405_LIAN_TORRES_VENT_FORGE_OPERATOR_DOSSIER,fr_FR,field_note,66,472.36,472.36,103.32,560.0,1,3,1.272,,C:/hades/Hecton8/Docs/Lore/AppliedContent/packets/RS081_COLONY_ANCHOR_WORKER_DOSSIERS.packets.json
RS081_COLONY_ANCHOR_WORKER_DOSSIERS,P405_LIAN_TORRES_VENT_FORGE_OPERATOR_DOSSIER,es_ES,title,30,289.08,289.08,110.52,360.0,1,1,1.359,TEXT_EXPANSION_GT_1_35,C:/hades/Hecton8/Docs/Lore/AppliedContent/packets/RS081_COLONY_ANCHOR_WORKER_DOSSIERS.packets.json
RS081_COLONY_ANCHOR_WORKER_DOSSIERS,P405_LIAN_TORRES_VENT_FORGE_OPERATOR_DOSSIER,es_ES,scanner,65,530.56,436.16,64.64,460.0,2,2,1.147,,C:/hades/Hecton8/Docs/Lore/AppliedContent/packets/RS081_COLONY_ANCHOR_WORKER_DOSSIERS.packets.json
RS081_COLONY_ANCHOR_WORKER_DOSSIERS,P405_LIAN_TORRES_VENT_FORGE_OPERATOR_DOSSIER,es_ES,terminal,96,763.2,504.3,104.1,520.0,2,2,1.091,,C:/hades/Hecton8/Docs/Lore/AppliedContent/packets/RS081_COLONY_ANCHOR_WORKER_DOSSIERS.packets.json
RS081_COLONY_ANCHOR_WORKER_DOSSIERS,P405_LIAN_TORRES_VENT_FORGE_OPERATOR_DOSSIER,es_ES,audio,80,728.64,619.56,72.0,620.0,2,2,1.217,,C:/hades/Hecton8/Docs/Lore/AppliedContent/packets/RS081_COLONY_ANCHOR_WORKER_DOSSIERS.packets.json
RS081_COLONY_ANCHOR_WORKER_DOSSIERS,P405_LIAN_TORRES_VENT_FORGE_OPERATOR_DOSSIER,es_ES,in_game_wiki,198,1545.3,612.0,84.3,620.0,3,5,1.075,,C:/hades/Hecton8/Docs/Lore/AppliedContent/packets/RS081_COLONY_ANCHOR_WORKER_DOSSIERS.packets.json
RS081_COLONY_ANCHOR_WORKER_DOSSIERS,P405_LIAN_TORRES_VENT_FORGE_OPERATOR_DOSSIER,es_ES,external_site,121,994.24,663.68,150.4,680.0,2,4,1.131,,C:/hades/Hecton8/Docs/Lore/AppliedContent/packets/RS081_COLONY_ANCHOR_WORKER_DOSSIERS.packets.json
RS081_COLONY_ANCHOR_WORKER_DOSSIERS,P405_LIAN_TORRES_VENT_FORGE_OPERATOR_DOSSIER,es_ES,field_note,66,472.36,472.36,103.32,560.0,1,3,1.272,,C:/hades/Hecton8/Docs/Lore/AppliedContent/packets/RS081_COLONY_ANCHOR_WORKER_DOSSIERS.packets.json
RS081_COLONY_ANCHOR_WORKER_DOSSIERS,P405_LIAN_TORRES_VENT_FORGE_OPERATOR_DOSSIER,de_DE,title,30,289.08,289.08,110.52,360.0,1,1,1.359,TEXT_EXPANSION_GT_1_35,C:/hades/Hecton8/Docs/Lore/AppliedContent/packets/RS081_COLONY_ANCHOR_WORKER_DOSSIERS.packets.json
RS081_COLONY_ANCHOR_WORKER_DOSSIERS,P405_LIAN_TORRES_VENT_FORGE_OPERATOR_DOSSIER,de_DE,scanner,65,530.56,436.16,64.64,460.0,2,2,1.147,,C:/hades/Hecton8/Docs/Lore/AppliedContent/packets/RS081_COLONY_ANCHOR_WORKER_DOSSIERS.packets.json
RS081_COLONY_ANCHOR_WORKER_DOSSIERS,P405_LIAN_TORRES_VENT_FORGE_OPERATOR_DOSSIER,de_DE,terminal,96,763.2,504.3,104.1,520.0,2,2,1.091,,C:/hades/Hecton8/Docs/Lore/AppliedContent/packets/RS081_COLONY_ANCHOR_WORKER_DOSSIERS.packets.json
RS081_COLONY_ANCHOR_WORKER_DOSSIERS,P405_LIAN_TORRES_VENT_FORGE_OPERATOR_DOSSIER,de_DE,audio,80,728.64,619.56,72.0,620.0,2,2,1.217,,C:/hades/Hecton8/Docs/Lore/AppliedContent/packets/RS081_COLONY_ANCHOR_WORKER_DOSSIERS.packets.json
RS081_COLONY_ANCHOR_WORKER_DOSSIERS,P405_LIAN_TORRES_VENT_FORGE_OPERATOR_DOSSIER,de_DE,in_game_wiki,198,1545.3,612.0,84.3,620.0,3,5,1.075,,C:/hades/Hecton8/Docs/Lore/AppliedContent/packets/RS081_COLONY_ANCHOR_WORKER_DOSSIERS.packets.json
RS081_COLONY_ANCHOR_WORKER_DOSSIERS,P405_LIAN_TORRES_VENT_FORGE_OPERATOR_DOSSIER,de_DE,external_site,121,994.24,663.68,150.4,680.0,2,4,1.131,,C:/hades/Hecton8/Docs/Lore/AppliedContent/packets/RS081_COLONY_ANCHOR_WORKER_DOSSIERS.packets.json
RS081_COLONY_ANCHOR_WORKER_DOSSIERS,P405_LIAN_TORRES_VENT_FORGE_OPERATOR_DOSSIER,de_DE,field_note,66,472.36,472.36,103.32,560.0,1,3,1.272,,C:/hades/Hecton8/Docs/Lore/AppliedContent/packets/RS081_COLONY_ANCHOR_WORKER_DOSSIERS.packets.json
RS081_COLONY_ANCHOR_WORKER_DOSSIERS,P405_LIAN_TORRES_VENT_FORGE_OPERATOR_DOSSIER,pl_PL,title,30,289.08,289.08,110.52,360.0,1,1,1.359,TEXT_EXPANSION_GT_1_35,C:/hades/Hecton8/Docs/Lore/AppliedContent/packets/RS081_COLONY_ANCHOR_WORKER_DOSSIERS.packets.json
RS081_COLONY_ANCHOR_WORKER_DOSSIERS,P405_LIAN_TORRES_VENT_FORGE_OPERATOR_DOSSIER,pl_PL,scanner,65,530.56,436.16,64.64,460.0,2,2,1.147,,C:/hades/Hecton8/Docs/Lore/AppliedContent/packets/RS081_COLONY_ANCHOR_WORKER_DOSSIERS.packets.json
RS081_COLONY_ANCHOR_WORKER_DOSSIERS,P405_LIAN_TORRES_VENT_FORGE_OPERATOR_DOSSIER,pl_PL,terminal,96,763.2,504.3,104.1,520.0,2,2,1.091,,C:/hades/Hecton8/Docs/Lore/AppliedContent/packets/RS081_COLONY_ANCHOR_WORKER_DOSSIERS.packets.json
RS081_COLONY_ANCHOR_WORKER_DOSSIERS,P405_LIAN_TORRES_VENT_FORGE_OPERATOR_DOSSIER,pl_PL,audio,80,728.64,619.56,72.0,620.0,2,2,1.217,,C:/hades/Hecton8/Docs/Lore/AppliedContent/packets/RS081_COLONY_ANCHOR_WORKER_DOSSIERS.packets.json
RS081_COLONY_ANCHOR_WORKER_DOSSIERS,P405_LIAN_TORRES_VENT_FORGE_OPERATOR_DOSSIER,pl_PL,in_game_wiki,198,1545.3,612.0,84.3,620.0,3,5,1.075,,C:/hades/Hecton8/Docs/Lore/AppliedContent/packets/RS081_COLONY_ANCHOR_WORKER_DOSSIERS.packets.json
RS081_COLONY_ANCHOR_WORKER_DOSSIERS,P405_LIAN_TORRES_VENT_FORGE_OPERATOR_DOSSIER,pl_PL,external_site,121,994.24,663.68,150.4,680.0,2,4,1.131,,C:/hades/Hecton8/Docs/Lore/AppliedContent/packets/RS081_COLONY_ANCHOR_WORKER_DOSSIERS.packets.json
RS081_COLONY_ANCHOR_WORKER_DOSSIERS,P405_LIAN_TORRES_VENT_FORGE_OPERATOR_DOSSIER,pl_PL,field_note,66,472.36,472.36,103.32,560.0,1,3,1.272,,C:/hades/Hecton8/Docs/Lore/AppliedContent/packets/RS081_COLONY_ANCHOR_WORKER_DOSSIERS.packets.json
RS081_COLONY_ANCHOR_WORKER_DOSSIERS,P405_LIAN_TORRES_VENT_FORGE_OPERATOR_DOSSIER,uk_UA,title,30,289.08,289.08,110.52,360.0,1,1,1.359,TEXT_EXPANSION_GT_1_35,C:/hades/Hecton8/Docs/Lore/AppliedContent/packets/RS081_COLONY_ANCHOR_WORKER_DOSSIERS.packets.json
RS081_COLONY_ANCHOR_WORKER_DOSSIERS,P405_LIAN_TORRES_VENT_FORGE_OPERATOR_DOSSIER,uk_UA,scanner,65,530.56,436.16,64.64,460.0,2,2,1.147,,C:/hades/Hecton8/Docs/Lore/AppliedContent/packets/RS081_COLONY_ANCHOR_WORKER_DOSSIERS.packets.json
RS081_COLONY_ANCHOR_WORKER_DOSSIERS,P405_LIAN_TORRES_VENT_FORGE_OPERATOR_DOSSIER,uk_UA,terminal,96,763.2,504.3,104.1,520.0,2,2,1.091,,C:/hades/Hecton8/Docs/Lore/AppliedContent/packets/RS081_COLONY_ANCHOR_WORKER_DOSSIERS.packets.json
RS081_COLONY_ANCHOR_WORKER_DOSSIERS,P405_LIAN_TORRES_VENT_FORGE_OPERATOR_DOSSIER,uk_UA,audio,80,728.64,619.56,72.0,620.0,2,2,1.217,,C:/hades/Hecton8/Docs/Lore/AppliedContent/packets/RS081_COLONY_ANCHOR_WORKER_DOSSIERS.packets.json
RS081_COLONY_ANCHOR_WORKER_DOSSIERS,P405_LIAN_TORRES_VENT_FORGE_OPERATOR_DOSSIER,uk_UA,in_game_wiki,198,1545.3,612.0,84.3,620.0,3,5,1.075,,C:/hades/Hecton8/Docs/Lore/AppliedContent/packets/RS081_COLONY_ANCHOR_WORKER_DOSSIERS.packets.json
RS081_COLONY_ANCHOR_WORKER_DOSSIERS,P405_LIAN_TORRES_VENT_FORGE_OPERATOR_DOSSIER,uk_UA,external_site,121,994.24,663.68,150.4,680.0,2,4,1.131,,C:/hades/Hecton8/Docs/Lore/AppliedContent/packets/RS081_COLONY_ANCHOR_WORKER_DOSSIERS.packets.json
RS081_COLONY_ANCHOR_WORKER_DOSSIERS,P405_LIAN_TORRES_VENT_FORGE_OPERATOR_DOSSIER,uk_UA,field_note,66,472.36,472.36,103.32,560.0,1,3,1.272,,C:/hades/Hecton8/Docs/Lore/AppliedContent/packets/RS081_COLONY_ANCHOR_WORKER_DOSSIERS.packets.json
RS081_COLONY_ANCHOR_WORKER_DOSSIERS,P405_LIAN_TORRES_VENT_FORGE_OPERATOR_DOSSIER,ar_SA,title,30,289.08,289.08,110.52,360.0,1,1,1.359,TEXT_EXPANSION_GT_1_35,C:/hades/Hecton8/Docs/Lore/AppliedContent/packets/RS081_COLONY_ANCHOR_WORKER_DOSSIERS.packets.json
RS081_COLONY_ANCHOR_WORKER_DOSSIERS,P405_LIAN_TORRES_VENT_FORGE_OPERATOR_DOSSIER,ar_SA,scanner,65,530.56,436.16,64.64,460.0,2,2,1.147,,C:/hades/Hecton8/Docs/Lore/AppliedContent/packets/RS081_COLONY_ANCHOR_WORKER_DOSSIERS.packets.json
RS081_COLONY_ANCHOR_WORKER_DOSSIERS,P405_LIAN_TORRES_VENT_FORGE_OPERATOR_DOSSIER,ar_SA,terminal,96,763.2,504.3,104.1,520.0,2,2,1.091,,C:/hades/Hecton8/Docs/Lore/AppliedContent/packets/RS081_COLONY_ANCHOR_WORKER_DOSSIERS.packets.json
RS081_COLONY_ANCHOR_WORKER_DOSSIERS,P405_LIAN_TORRES_VENT_FORGE_OPERATOR_DOSSIER,ar_SA,audio,80,728.64,619.56,72.0,620.0,2,2,1.217,,C:/hades/Hecton8/Docs/Lore/AppliedContent/packets/RS081_COLONY_ANCHOR_WORKER_DOSSIERS.packets.json
RS081_COLONY_ANCHOR_WORKER_DOSSIERS,P405_LIAN_TORRES_VENT_FORGE_OPERATOR_DOSSIER,ar_SA,in_game_wiki,198,1545.3,612.0,84.3,620.0,3,5,1.075,,C:/hades/Hecton8/Docs/Lore/AppliedContent/packets/RS081_COLONY_ANCHOR_WORKER_DOSSIERS.packets.json
RS081_COLONY_ANCHOR_WORKER_DOSSIERS,P405_LIAN_TORRES_VENT_FORGE_OPERATOR_DOSSIER,ar_SA,external_site,121,994.24,663.68,150.4,680.0,2,4,1.131,,C:/hades/Hecton8/Docs/Lore/AppliedContent/packets/RS081_COLONY_ANCHOR_WORKER_DOSSIERS.packets.json
RS081_COLONY_ANCHOR_WORKER_DOSSIERS,P405_LIAN_TORRES_VENT_FORGE_OPERATOR_DOSSIER,ar_SA,field_note,66,472.36,472.36,103.32,560.0,1,3,1.272,,C:/hades/Hecton8/Docs/Lore/AppliedContent/packets/RS081_COLONY_ANCHOR_WORKER_DOSSIERS.packets.json
RS081_COLONY_ANCHOR_WORKER_DOSSIERS,P405_LIAN_TORRES_VENT_FORGE_OPERATOR_DOSSIER,id_ID,title,30,289.08,289.08,110.52,360.0,1,1,1.359,TEXT_EXPANSION_GT_1_35,C:/hades/Hecton8/Docs/Lore/AppliedContent/packets/RS081_COLONY_ANCHOR_WORKER_DOSSIERS.packets.json
RS081_COLONY_ANCHOR_WORKER_DOSSIERS,P405_LIAN_TORRES_VENT_FORGE_OPERATOR_DOSSIER,id_ID,scanner,65,530.56,436.16,64.64,460.0,2,2,1.147,,C:/hades/Hecton8/Docs/Lore/AppliedContent/packets/RS081_COLONY_ANCHOR_WORKER_DOSSIERS.packets.json
RS081_COLONY_ANCHOR_WORKER_DOSSIERS,P405_LIAN_TORRES_VENT_FORGE_OPERATOR_DOSSIER,id_ID,terminal,96,763.2,504.3,104.1,520.0,2,2,1.091,,C:/hades/Hecton8/Docs/Lore/AppliedContent/packets/RS081_COLONY_ANCHOR_WORKER_DOSSIERS.packets.json
RS081_COLONY_ANCHOR_WORKER_DOSSIERS,P405_LIAN_TORRES_VENT_FORGE_OPERATOR_DOSSIER,id_ID,audio,80,728.64,619.56,72.0,620.0,2,2,1.217,,C:/hades/Hecton8/Docs/Lore/AppliedContent/packets/RS081_COLONY_ANCHOR_WORKER_DOSSIERS.packets.json
RS081_COLONY_ANCHOR_WORKER_DOSSIERS,P405_LIAN_TORRES_VENT_FORGE_OPERATOR_DOSSIER,id_ID,in_game_wiki,198,1545.3,612.0,84.3,620.0,3,5,1.075,,C:/hades/Hecton8/Docs/Lore/AppliedContent/packets/RS081_COLONY_ANCHOR_WORKER_DOSSIERS.packets.json
RS081_COLONY_ANCHOR_WORKER_DOSSIERS,P405_LIAN_TORRES_VENT_FORGE_OPERATOR_DOSSIER,id_ID,external_site,121,994.24,663.68,150.4,680.0,2,4,1.131,,C:/hades/Hecton8/Docs/Lore/AppliedContent/packets/RS081_COLONY_ANCHOR_WORKER_DOSSIERS.packets.json
RS081_COLONY_ANCHOR_WORKER_DOSSIERS,P405_LIAN_TORRES_VENT_FORGE_OPERATOR_DOSSIER,id_ID,field_note,66,472.36,472.36,103.32,560.0,1,3,1.272,,C:/hades/Hecton8/Docs/Lore/AppliedContent/packets/RS081_COLONY_ANCHOR_WORKER_DOSSIERS.packets.json
RS081_COLONY_ANCHOR_WORKER_DOSSIERS,P405_LIAN_TORRES_VENT_FORGE_OPERATOR_DOSSIER,ko_KR,title,30,289.08,289.08,110.52,360.0,1,1,1.359,TEXT_EXPANSION_GT_1_35,C:/hades/Hecton8/Docs/Lore/AppliedContent/packets/RS081_COLONY_ANCHOR_WORKER_DOSSIERS.packets.json
RS081_COLONY_ANCHOR_WORKER_DOSSIERS,P405_LIAN_TORRES_VENT_FORGE_OPERATOR_DOSSIER,ko_KR,scanner,65,530.56,436.16,64.64,460.0,2,2,1.147,,C:/hades/Hecton8/Docs/Lore/AppliedContent/packets/RS081_COLONY_ANCHOR_WORKER_DOSSIERS.packets.json
RS081_COLONY_ANCHOR_WORKER_DOSSIERS,P405_LIAN_TORRES_VENT_FORGE_OPERATOR_DOSSIER,ko_KR,terminal,96,763.2,504.3,104.1,520.0,2,2,1.091,,C:/hades/Hecton8/Docs/Lore/AppliedContent/packets/RS081_COLONY_ANCHOR_WORKER_DOSSIERS.packets.json
RS081_COLONY_ANCHOR_WORKER_DOSSIERS,P405_LIAN_TORRES_VENT_FORGE_OPERATOR_DOSSIER,ko_KR,audio,80,728.64,619.56,72.0,620.0,2,2,1.217,,C:/hades/Hecton8/Docs/Lore/AppliedContent/packets/RS081_COLONY_ANCHOR_WORKER_DOSSIERS.packets.json
RS081_COLONY_ANCHOR_WORKER_DOSSIERS,P405_LIAN_TORRES_VENT_FORGE_OPERATOR_DOSSIER,ko_KR,in_game_wiki,198,1545.3,612.0,84.3,620.0,3,5,1.075,,C:/hades/Hecton8/Docs/Lore/AppliedContent/packets/RS081_COLONY_ANCHOR_WORKER_DOSSIERS.packets.json
RS081_COLONY_ANCHOR_WORKER_DOSSIERS,P405_LIAN_TORRES_VENT_FORGE_OPERATOR_DOSSIER,ko_KR,external_site,121,994.24,663.68,150.4,680.0,2,4,1.131,,C:/hades/Hecton8/Docs/Lore/AppliedContent/packets/RS081_COLONY_ANCHOR_WORKER_DOSSIERS.packets.json
RS081_COLONY_ANCHOR_WORKER_DOSSIERS,P405_LIAN_TORRES_VENT_FORGE_OPERATOR_DOSSIER,ko_KR,field_note,66,472.36,472.36,103.32,560.0,1,3,1.272,,C:/hades/Hecton8/Docs/Lore/AppliedContent/packets/RS081_COLONY_ANCHOR_WORKER_DOSSIERS.packets.json
RS081_COLONY_ANCHOR_WORKER_DOSSIERS,P405_LIAN_TORRES_VENT_FORGE_OPERATOR_DOSSIER,he_IL,title,30,289.08,289.08,110.52,360.0,1,1,1.359,TEXT_EXPANSION_GT_1_35,C:/hades/Hecton8/Docs/Lore/AppliedContent/packets/RS081_COLONY_ANCHOR_WORKER_DOSSIERS.packets.json
RS081_COLONY_ANCHOR_WORKER_DOSSIERS,P405_LIAN_TORRES_VENT_FORGE_OPERATOR_DOSSIER,he_IL,scanner,65,530.56,436.16,64.64,460.0,2,2,1.147,,C:/hades/Hecton8/Docs/Lore/AppliedContent/packets/RS081_COLONY_ANCHOR_WORKER_DOSSIERS.packets.json
RS081_COLONY_ANCHOR_WORKER_DOSSIERS,P405_LIAN_TORRES_VENT_FORGE_OPERATOR_DOSSIER,he_IL,terminal,96,763.2,504.3,104.1,520.0,2,2,1.091,,C:/hades/Hecton8/Docs/Lore/AppliedContent/packets/RS081_COLONY_ANCHOR_WORKER_DOSSIERS.packets.json
RS081_COLONY_ANCHOR_WORKER_DOSSIERS,P405_LIAN_TORRES_VENT_FORGE_OPERATOR_DOSSIER,he_IL,audio,80,728.64,619.56,72.0,620.0,2,2,1.217,,C:/hades/Hecton8/Docs/Lore/AppliedContent/packets/RS081_COLONY_ANCHOR_WORKER_DOSSIERS.packets.json
RS081_COLONY_ANCHOR_WORKER_DOSSIERS,P405_LIAN_TORRES_VENT_FORGE_OPERATOR_DOSSIER,he_IL,in_game_wiki,198,1545.3,612.0,84.3,620.0,3,5,1.075,,C:/hades/Hecton8/Docs/Lore/AppliedContent/packets/RS081_COLONY_ANCHOR_WORKER_DOSSIERS.packets.json
RS081_COLONY_ANCHOR_WORKER_DOSSIERS,P405_LIAN_TORRES_VENT_FORGE_OPERATOR_DOSSIER,he_IL,external_site,121,994.24,663.68,150.4,680.0,2,4,1.131,,C:/hades/Hecton8/Docs/Lore/AppliedContent/packets/RS081_COLONY_ANCHOR_WORKER_DOSSIERS.packets.json
RS081_COLONY_ANCHOR_WORKER_DOSSIERS,P405_LIAN_TORRES_VENT_FORGE_OPERATOR_DOSSIER,he_IL,field_note,66,472.36,472.36,103.32,560.0,1,3,1.272,,C:/hades/Hecton8/Docs/Lore/AppliedContent/packets/RS081_COLONY_ANCHOR_WORKER_DOSSIERS.packets.json
RS081_COLONY_ANCHOR_WORKER_DOSSIERS,P405_LIAN_TORRES_VENT_FORGE_OPERATOR_DOSSIER,pt_BR,title,33,318.96,318.96,110.52,360.0,1,1,1.499,TEXT_EXPANSION_GT_1_35,C:/hades/Hecton8/Docs/Lore/AppliedContent/packets/RS081_COLONY_ANCHOR_WORKER_DOSSIERS.packets.json
RS081_COLONY_ANCHOR_WORKER_DOSSIERS,P405_LIAN_TORRES_VENT_FORGE_OPERATOR_DOSSIER,pt_BR,scanner,68,557.12,462.72,64.64,460.0,2,2,1.204,,C:/hades/Hecton8/Docs/Lore/AppliedContent/packets/RS081_COLONY_ANCHOR_WORKER_DOSSIERS.packets.json
RS081_COLONY_ANCHOR_WORKER_DOSSIERS,P405_LIAN_TORRES_VENT_FORGE_OPERATOR_DOSSIER,pt_BR,terminal,99,788.1,456.9,104.1,520.0,2,2,1.127,,C:/hades/Hecton8/Docs/Lore/AppliedContent/packets/RS081_COLONY_ANCHOR_WORKER_DOSSIERS.packets.json
RS081_COLONY_ANCHOR_WORKER_DOSSIERS,P405_LIAN_TORRES_VENT_FORGE_OPERATOR_DOSSIER,pt_BR,audio,80,728.64,619.56,72.0,620.0,2,2,1.217,,C:/hades/Hecton8/Docs/Lore/AppliedContent/packets/RS081_COLONY_ANCHOR_WORKER_DOSSIERS.packets.json
RS081_COLONY_ANCHOR_WORKER_DOSSIERS,P405_LIAN_TORRES_VENT_FORGE_OPERATOR_DOSSIER,pt_BR,in_game_wiki,198,1545.3,612.0,84.3,620.0,3,5,1.075,,C:/hades/Hecton8/Docs/Lore/AppliedContent/packets/RS081_COLONY_ANCHOR_WORKER_DOSSIERS.packets.json
RS081_COLONY_ANCHOR_WORKER_DOSSIERS,P405_LIAN_TORRES_VENT_FORGE_OPERATOR_DOSSIER,pt_BR,external_site,121,994.24,663.68,150.4,680.0,2,4,1.131,,C:/hades/Hecton8/Docs/Lore/AppliedContent/packets/RS081_COLONY_ANCHOR_WORKER_DOSSIERS.packets.json
RS081_COLONY_ANCHOR_WORKER_DOSSIERS,P405_LIAN_TORRES_VENT_FORGE_OPERATOR_DOSSIER,pt_BR,field_note,66,472.36,472.36,103.32,560.0,1,3,1.272,,C:/hades/Hecton8/Docs/Lore/AppliedContent/packets/RS081_COLONY_ANCHOR_WORKER_DOSSIERS.packets.json
RS081_COLONY_ANCHOR_WORKER_DOSSIERS,P405_LIAN_TORRES_VENT_FORGE_OPERATOR_DOSSIER,nl_NL,title,30,289.08,289.08,110.52,360.0,1,1,1.359,TEXT_EXPANSION_GT_1_35,C:/hades/Hecton8/Docs/Lore/AppliedContent/packets/RS081_COLONY_ANCHOR_WORKER_DOSSIERS.packets.json
RS081_COLONY_ANCHOR_WORKER_DOSSIERS,P405_LIAN_TORRES_VENT_FORGE_OPERATOR_DOSSIER,nl_NL,scanner,65,530.56,436.16,64.64,460.0,2,2,1.147,,C:/hades/Hecton8/Docs/Lore/AppliedContent/packets/RS081_COLONY_ANCHOR_WORKER_DOSSIERS.packets.json
RS081_COLONY_ANCHOR_WORKER_DOSSIERS,P405_LIAN_TORRES_VENT_FORGE_OPERATOR_DOSSIER,nl_NL,terminal,96,763.2,504.3,104.1,520.0,2,2,1.091,,C:/hades/Hecton8/Docs/Lore/AppliedContent/packets/RS081_COLONY_ANCHOR_WORKER_DOSSIERS.packets.json
RS081_COLONY_ANCHOR_WORKER_DOSSIERS,P405_LIAN_TORRES_VENT_FORGE_OPERATOR_DOSSIER,nl_NL,audio,80,728.64,619.56,72.0,620.0,2,2,1.217,,C:/hades/Hecton8/Docs/Lore/AppliedContent/packets/RS081_COLONY_ANCHOR_WORKER_DOSSIERS.packets.json
RS081_COLONY_ANCHOR_WORKER_DOSSIERS,P405_LIAN_TORRES_VENT_FORGE_OPERATOR_DOSSIER,nl_NL,in_game_wiki,198,1545.3,612.0,84.3,620.0,3,5,1.075,,C:/hades/Hecton8/Docs/Lore/AppliedContent/packets/RS081_COLONY_ANCHOR_WORKER_DOSSIERS.packets.json
RS081_COLONY_ANCHOR_WORKER_DOSSIERS,P405_LIAN_TORRES_VENT_FORGE_OPERATOR_DOSSIER,nl_NL,external_site,121,994.24,663.68,150.4,680.0,2,4,1.131,,C:/hades/Hecton8/Docs/Lore/AppliedContent/packets/RS081_COLONY_ANCHOR_WORKER_DOSSIERS.packets.json
RS081_COLONY_ANCHOR_WORKER_DOSSIERS,P405_LIAN_TORRES_VENT_FORGE_OPERATOR_DOSSIER,nl_NL,field_note,66,472.36,472.36,103.32,560.0,1,3,1.272,,C:/hades/Hecton8/Docs/Lore/AppliedContent/packets/RS081_COLONY_ANCHOR_WORKER_DOSSIERS.packets.json
