"priority","family","asset_path","blocker_type","static_evidence","likely_owner_packet","required_readback","forbidden_shortcut","proof_required","status"
"P0","flora_coral_fauna","Assets/_Project/Art/TEXTURES/WorldProceduralFlora/Imported/family.coral.branching/albedo___family.coral.branching.png","flora_coral_kelp_proxy_material_contamination","TEXTURE_ACTIVE_ROUTE_BLOCKER_DETAIL P0; disposition=CANDIDATE_BLOCKED_BY_MATERIAL_PROOF; role=bio_material_source; material_count=3; material_slots=Assets/_Project/Art/Materials/World/Photic1428/MAT_H8_PhoticCoralBranching_1428.mat[_BaseMap];Assets/_Project/Art/Materials/World/Photic1457/MAT_H8_PhoticCoralBranching_1457.mat[_BaseMap];Assets/_Project/Art/Materials/WorldProceduralProxy/MAT_family_coral_branching.mat[_BaseMap]; active_scene=Assets/_Project/Scenes/02_HECTON_WORLD.unity; proxy_materials=Assets/_Project/Art/Materials/WorldProceduralProxy/MAT_family_coral_branching.mat; blocker=Proxy/placeholder material reaches route candidates or active scene.","taskslocal/asset_system_20260605/ASSET_OWNER_24_PRODUCT_FACE_MATERIAL_REPAIR_PACKET.md","Unity readback plus final non-proxy material replacement/proof.","No WorldProceduralProxy visible route placement, no proxy as low-tier fallback, no final binding without organic channel semantics and LOD/silhouette proof.","Unity material readback, texture import readback where maps change, material family/channel manifest, h8_1475 proof packet screenshots, Frame Debugger or RenderGraph/Stats evidence, Console, memory/VRAM evidence.","PENDING UNITY READBACK"
"P0","flora_coral_fauna","Assets/_Project/Art/TEXTURES/WorldProceduralFlora/Imported/family.coral.branching/detail___family.coral.branching.png","flora_coral_kelp_proxy_material_contamination","TEXTURE_ACTIVE_ROUTE_BLOCKER_DETAIL P0; disposition=CANDIDATE_BLOCKED_BY_MATERIAL_PROOF; role=bio_material_source; material_count=3; material_slots=Assets/_Project/Art/Materials/World/Photic1428/MAT_H8_PhoticCoralBranching_1428.mat[_DetailMap];Assets/_Project/Art/Materials/World/Photic1457/MAT_H8_PhoticCoralBranching_1457.mat[_DetailMap];Assets/_Project/Art/Materials/WorldProceduralProxy/MAT_family_coral_branching.mat[_DetailMap]; active_scene=Assets/_Project/Scenes/02_HECTON_WORLD.unity; proxy_materials=Assets/_Project/Art/Materials/WorldProceduralProxy/MAT_family_coral_branching.mat; blocker=Proxy/placeholder material reaches route candidates or active scene.","taskslocal/asset_system_20260605/ASSET_OWNER_24_PRODUCT_FACE_MATERIAL_REPAIR_PACKET.md","Unity readback plus final non-proxy material replacement/proof.","No WorldProceduralProxy visible route placement, no proxy as low-tier fallback, no final binding without organic channel semantics and LOD/silhouette proof.","Unity material readback, texture import readback where maps change, material family/channel manifest, h8_1475 proof packet screenshots, Frame Debugger or RenderGraph/Stats evidence, Console, memory/VRAM evidence.","PENDING UNITY READBACK"
"P0","flora_coral_fauna","Assets/_Project/Art/TEXTURES/WorldProceduralFlora/Imported/family.coral.branching/mask___family.coral.branching.png","flora_coral_kelp_proxy_material_contamination","TEXTURE_ACTIVE_ROUTE_BLOCKER_DETAIL P0; disposition=CANDIDATE_BLOCKED_BY_MATERIAL_PROOF; role=packed_mask_source; material_count=3; material_slots=Assets/_Project/Art/Materials/World/Photic1428/MAT_H8_PhoticCoralBranching_1428.mat[_MaskMap];Assets/_Project/Art/Materials/World/Photic1457/MAT_H8_PhoticCoralBranching_1457.mat[_MaskMap];Assets/_Project/Art/Materials/WorldProceduralProxy/MAT_family_coral_branching.mat[_MaskMap]; active_scene=Assets/_Project/Scenes/02_HECTON_WORLD.unity; proxy_materials=Assets/_Project/Art/Materials/WorldProceduralProxy/MAT_family_coral_branching.mat; blocker=Proxy/placeholder material reaches route candidates or active scene.","taskslocal/asset_system_20260605/ASSET_OWNER_24_PRODUCT_FACE_MATERIAL_REPAIR_PACKET.md","Unity readback plus final non-proxy material replacement/proof.","No WorldProceduralProxy visible route placement, no proxy as low-tier fallback, no final binding without organic channel semantics and LOD/silhouette proof.","Unity material readback, texture import readback where maps change, material family/channel manifest, h8_1475 proof packet screenshots, Frame Debugger or RenderGraph/Stats evidence, Console, memory/VRAM evidence.","PENDING UNITY READBACK"
"P0","flora_coral_fauna","Assets/_Project/Art/TEXTURES/WorldProceduralFlora/Imported/family.coral.branching/normal___family.coral.branching.png","flora_coral_kelp_proxy_material_contamination","TEXTURE_ACTIVE_ROUTE_BLOCKER_DETAIL P0; disposition=CANDIDATE_BLOCKED_BY_MATERIAL_PROOF; role=packed_mask_source; material_count=3; material_slots=Assets/_Project/Art/Materials/World/Photic1428/MAT_H8_PhoticCoralBranching_1428.mat[_NormalMap];Assets/_Project/Art/Materials/World/Photic1457/MAT_H8_PhoticCoralBranching_1457.mat[_NormalMap];Assets/_Project/Art/Materials/WorldProceduralProxy/MAT_family_coral_branching.mat[_NormalMap]; active_scene=Assets/_Project/Scenes/02_HECTON_WORLD.unity; proxy_materials=Assets/_Project/Art/Materials/WorldProceduralProxy/MAT_family_coral_branching.mat; blocker=Proxy/placeholder material reaches route candidates or active scene.","taskslocal/asset_system_20260605/ASSET_OWNER_24_PRODUCT_FACE_MATERIAL_REPAIR_PACKET.md","Unity readback plus final non-proxy material replacement/proof.","No WorldProceduralProxy visible route placement, no proxy as low-tier fallback, no final binding without organic channel semantics and LOD/silhouette proof.","Unity material readback, texture import readback where maps change, material family/channel manifest, h8_1475 proof packet screenshots, Frame Debugger or RenderGraph/Stats evidence, Console, memory/VRAM evidence.","PENDING UNITY READBACK"
"P0","flora_coral_fauna","Assets/_Project/Art/TEXTURES/WorldProceduralFlora/Imported/family.coral.brittle/albedo___family.coral.brittle.png","flora_coral_kelp_proxy_material_contamination","TEXTURE_ACTIVE_ROUTE_BLOCKER_DETAIL P0; disposition=CANDIDATE_BLOCKED_BY_MATERIAL_PROOF; role=bio_material_source; material_count=2; material_slots=Assets/_Project/Art/Materials/World/Photic1457/MAT_H8_PhoticCoralBrittle_1457.mat[_BaseMap];Assets/_Project/Art/Materials/WorldProceduralProxy/MAT_family_coral_brittle.mat[_BaseMap]; active_scene=Assets/_Project/Scenes/02_HECTON_WORLD.unity; proxy_materials=Assets/_Project/Art/Materials/WorldProceduralProxy/MAT_family_coral_brittle.mat; blocker=Proxy/placeholder material reaches route candidates or active scene.","taskslocal/asset_system_20260605/ASSET_OWNER_24_PRODUCT_FACE_MATERIAL_REPAIR_PACKET.md","Unity readback plus final non-proxy material replacement/proof.","No WorldProceduralProxy visible route placement, no proxy as low-tier fallback, no final binding without organic channel semantics and LOD/silhouette proof.","Unity material readback, texture import readback where maps change, material family/channel manifest, h8_1475 proof packet screenshots, Frame Debugger or RenderGraph/Stats evidence, Console, memory/VRAM evidence.","PENDING UNITY READBACK"
"P0","flora_coral_fauna","Assets/_Project/Art/TEXTURES/WorldProceduralFlora/Imported/family.coral.brittle/detail___family.coral.brittle.png","flora_coral_kelp_proxy_material_contamination","TEXTURE_ACTIVE_ROUTE_BLOCKER_DETAIL P0; disposition=CANDIDATE_BLOCKED_BY_MATERIAL_PROOF; role=bio_material_source; material_count=2; material_slots=Assets/_Project/Art/Materials/World/Photic1457/MAT_H8_PhoticCoralBrittle_1457.mat[_DetailMap];Assets/_Project/Art/Materials/WorldProceduralProxy/MAT_family_coral_brittle.mat[_DetailMap]; active_scene=Assets/_Project/Scenes/02_HECTON_WORLD.unity; proxy_materials=Assets/_Project/Art/Materials/WorldProceduralProxy/MAT_family_coral_brittle.mat; blocker=Proxy/placeholder material reaches route candidates or active scene.","taskslocal/asset_system_20260605/ASSET_OWNER_24_PRODUCT_FACE_MATERIAL_REPAIR_PACKET.md","Unity readback plus final non-proxy material replacement/proof.","No WorldProceduralProxy visible route placement, no proxy as low-tier fallback, no final binding without organic channel semantics and LOD/silhouette proof.","Unity material readback, texture import readback where maps change, material family/channel manifest, h8_1475 proof packet screenshots, Frame Debugger or RenderGraph/Stats evidence, Console, memory/VRAM evidence.","PENDING UNITY READBACK"
"P0","flora_coral_fauna","Assets/_Project/Art/TEXTURES/WorldProceduralFlora/Imported/family.coral.brittle/mask___family.coral.brittle.png","flora_coral_kelp_proxy_material_contamination","TEXTURE_ACTIVE_ROUTE_BLOCKER_DETAIL P0; disposition=CANDIDATE_BLOCKED_BY_MATERIAL_PROOF; role=packed_mask_source; material_count=2; material_slots=Assets/_Project/Art/Materials/World/Photic1457/MAT_H8_PhoticCoralBrittle_1457.mat[_MaskMap];Assets/_Project/Art/Materials/WorldProceduralProxy/MAT_family_coral_brittle.mat[_MaskMap]; active_scene=Assets/_Project/Scenes/02_HECTON_WORLD.unity; proxy_materials=Assets/_Project/Art/Materials/WorldProceduralProxy/MAT_family_coral_brittle.mat; blocker=Proxy/placeholder material reaches route candidates or active scene.","taskslocal/asset_system_20260605/ASSET_OWNER_24_PRODUCT_FACE_MATERIAL_REPAIR_PACKET.md","Unity readback plus final non-proxy material replacement/proof.","No WorldProceduralProxy visible route placement, no proxy as low-tier fallback, no final binding without organic channel semantics and LOD/silhouette proof.","Unity material readback, texture import readback where maps change, material family/channel manifest, h8_1475 proof packet screenshots, Frame Debugger or RenderGraph/Stats evidence, Console, memory/VRAM evidence.","PENDING UNITY READBACK"
"P0","flora_coral_fauna","Assets/_Project/Art/TEXTURES/WorldProceduralFlora/Imported/family.coral.brittle/normal___family.coral.brittle.png","flora_coral_kelp_proxy_material_contamination","TEXTURE_ACTIVE_ROUTE_BLOCKER_DETAIL P0; disposition=CANDIDATE_BLOCKED_BY_MATERIAL_PROOF; role=packed_mask_source; material_count=2; material_slots=Assets/_Project/Art/Materials/World/Photic1457/MAT_H8_PhoticCoralBrittle_1457.mat[_NormalMap];Assets/_Project/Art/Materials/WorldProceduralProxy/MAT_family_coral_brittle.mat[_NormalMap]; active_scene=Assets/_Project/Scenes/02_HECTON_WORLD.unity; proxy_materials=Assets/_Project/Art/Materials/WorldProceduralProxy/MAT_family_coral_brittle.mat; blocker=Proxy/placeholder material reaches route candidates or active scene.","taskslocal/asset_system_20260605/ASSET_OWNER_24_PRODUCT_FACE_MATERIAL_REPAIR_PACKET.md","Unity readback plus final non-proxy material replacement/proof.","No WorldProceduralProxy visible route placement, no proxy as low-tier fallback, no final binding without organic channel semantics and LOD/silhouette proof.","Unity material readback, texture import readback where maps change, material family/channel manifest, h8_1475 proof packet screenshots, Frame Debugger or RenderGraph/Stats evidence, Console, memory/VRAM evidence.","PENDING UNITY READBACK"
"P0","flora_coral_fauna","Assets/_Project/Art/TEXTURES/WorldProceduralFlora/Imported/family.coral.low/albedo___family.coral.low.png","flora_coral_kelp_proxy_material_contamination","TEXTURE_ACTIVE_ROUTE_BLOCKER_DETAIL P0; disposition=CANDIDATE_BLOCKED_BY_MATERIAL_PROOF; role=bio_material_source; material_count=3; material_slots=Assets/_Project/Art/Materials/World/Photic1428/MAT_H8_PhoticCoralLow_1428.mat[_BaseMap];Assets/_Project/Art/Materials/World/Photic1457/MAT_H8_PhoticCoralLow_1457.mat[_BaseMap];Assets/_Project/Art/Materials/WorldProceduralProxy/MAT_family_coral_low.mat[_BaseMap]; active_scene=Assets/_Project/Scenes/02_HECTON_WORLD.unity; proxy_materials=Assets/_Project/Art/Materials/WorldProceduralProxy/MAT_family_coral_low.mat; blocker=Proxy/placeholder material reaches route candidates or active scene.","taskslocal/asset_system_20260605/ASSET_OWNER_24_PRODUCT_FACE_MATERIAL_REPAIR_PACKET.md","Unity readback plus final non-proxy material replacement/proof.","No WorldProceduralProxy visible route placement, no proxy as low-tier fallback, no final binding without organic channel semantics and LOD/silhouette proof.","Unity material readback, texture import readback where maps change, material family/channel manifest, h8_1475 proof packet screenshots, Frame Debugger or RenderGraph/Stats evidence, Console, memory/VRAM evidence.","PENDING UNITY READBACK"
"P0","flora_coral_fauna","Assets/_Project/Art/TEXTURES/WorldProceduralFlora/Imported/family.coral.low/detail___family.coral.low.png","flora_coral_kelp_proxy_material_contamination","TEXTURE_ACTIVE_ROUTE_BLOCKER_DETAIL P0; disposition=CANDIDATE_BLOCKED_BY_MATERIAL_PROOF; role=bio_material_source; material_count=3; material_slots=Assets/_Project/Art/Materials/World/Photic1428/MAT_H8_PhoticCoralLow_1428.mat[_DetailMap];Assets/_Project/Art/Materials/World/Photic1457/MAT_H8_PhoticCoralLow_1457.mat[_DetailMap];Assets/_Project/Art/Materials/WorldProceduralProxy/MAT_family_coral_low.mat[_DetailMap]; active_scene=Assets/_Project/Scenes/02_HECTON_WORLD.unity; proxy_materials=Assets/_Project/Art/Materials/WorldProceduralProxy/MAT_family_coral_low.mat; blocker=Proxy/placeholder material reaches route candidates or active scene.","taskslocal/asset_system_20260605/ASSET_OWNER_24_PRODUCT_FACE_MATERIAL_REPAIR_PACKET.md","Unity readback plus final non-proxy material replacement/proof.","No WorldProceduralProxy visible route placement, no proxy as low-tier fallback, no final binding without organic channel semantics and LOD/silhouette proof.","Unity material readback, texture import readback where maps change, material family/channel manifest, h8_1475 proof packet screenshots, Frame Debugger or RenderGraph/Stats evidence, Console, memory/VRAM evidence.","PENDING UNITY READBACK"
"P0","flora_coral_fauna","Assets/_Project/Art/TEXTURES/WorldProceduralFlora/Imported/family.coral.low/mask___family.coral.low.png","flora_coral_kelp_proxy_material_contamination","TEXTURE_ACTIVE_ROUTE_BLOCKER_DETAIL P0; disposition=CANDIDATE_BLOCKED_BY_MATERIAL_PROOF; role=packed_mask_source; material_count=3; material_slots=Assets/_Project/Art/Materials/World/Photic1428/MAT_H8_PhoticCoralLow_1428.mat[_MaskMap];Assets/_Project/Art/Materials/World/Photic1457/MAT_H8_PhoticCoralLow_1457.mat[_MaskMap];Assets/_Project/Art/Materials/WorldProceduralProxy/MAT_family_coral_low.mat[_MaskMap]; active_scene=Assets/_Project/Scenes/02_HECTON_WORLD.unity; proxy_materials=Assets/_Project/Art/Materials/WorldProceduralProxy/MAT_family_coral_low.mat; blocker=Proxy/placeholder material reaches route candidates or active scene.","taskslocal/asset_system_20260605/ASSET_OWNER_24_PRODUCT_FACE_MATERIAL_REPAIR_PACKET.md","Unity readback plus final non-proxy material replacement/proof.","No WorldProceduralProxy visible route placement, no proxy as low-tier fallback, no final binding without organic channel semantics and LOD/silhouette proof.","Unity material readback, texture import readback where maps change, material family/channel manifest, h8_1475 proof packet screenshots, Frame Debugger or RenderGraph/Stats evidence, Console, memory/VRAM evidence.","PENDING UNITY READBACK"
"P0","flora_coral_fauna","Assets/_Project/Art/TEXTURES/WorldProceduralFlora/Imported/family.coral.low/normal___family.coral.low.png","flora_coral_kelp_proxy_material_contamination","TEXTURE_ACTIVE_ROUTE_BLOCKER_DETAIL P0; disposition=CANDIDATE_BLOCKED_BY_MATERIAL_PROOF; role=packed_mask_source; material_count=3; material_slots=Assets/_Project/Art/Materials/World/Photic1428/MAT_H8_PhoticCoralLow_1428.mat[_NormalMap];Assets/_Project/Art/Materials/World/Photic1457/MAT_H8_PhoticCoralLow_1457.mat[_NormalMap];Assets/_Project/Art/Materials/WorldProceduralProxy/MAT_family_coral_low.mat[_NormalMap]; active_scene=Assets/_Project/Scenes/02_HECTON_WORLD.unity; proxy_materials=Assets/_Project/Art/Materials/WorldProceduralProxy/MAT_family_coral_low.mat; blocker=Proxy/placeholder material reaches route candidates or active scene.","taskslocal/asset_system_20260605/ASSET_OWNER_24_PRODUCT_FACE_MATERIAL_REPAIR_PACKET.md","Unity readback plus final non-proxy material replacement/proof.","No WorldProceduralProxy visible route placement, no proxy as low-tier fallback, no final binding without organic channel semantics and LOD/silhouette proof.","Unity material readback, texture import readback where maps change, material family/channel manifest, h8_1475 proof packet screenshots, Frame Debugger or RenderGraph/Stats evidence, Console, memory/VRAM evidence.","PENDING UNITY READBACK"
"P0","flora_coral_fauna","Assets/_Project/Art/TEXTURES/WorldProceduralFlora/Imported/family.coral.massive/albedo___family.coral.massive.png","flora_coral_kelp_proxy_material_contamination","TEXTURE_ACTIVE_ROUTE_BLOCKER_DETAIL P0; disposition=CANDIDATE_BLOCKED_BY_MATERIAL_PROOF; role=bio_material_source; material_count=3; material_slots=Assets/_Project/Art/Materials/World/Photic1428/MAT_H8_PhoticCoralMassive_1428.mat[_BaseMap];Assets/_Project/Art/Materials/World/Photic1457/MAT_H8_PhoticCoralMassive_1457.mat[_BaseMap];Assets/_Project/Art/Materials/WorldProceduralProxy/MAT_family_coral_massive.mat[_BaseMap]; active_scene=Assets/_Project/Scenes/02_HECTON_WORLD.unity; proxy_materials=Assets/_Project/Art/Materials/WorldProceduralProxy/MAT_family_coral_massive.mat; blocker=Proxy/placeholder material reaches route candidates or active scene.","taskslocal/asset_system_20260605/ASSET_OWNER_24_PRODUCT_FACE_MATERIAL_REPAIR_PACKET.md","Unity readback plus final non-proxy material replacement/proof.","No WorldProceduralProxy visible route placement, no proxy as low-tier fallback, no final binding without organic channel semantics and LOD/silhouette proof.","Unity material readback, texture import readback where maps change, material family/channel manifest, h8_1475 proof packet screenshots, Frame Debugger or RenderGraph/Stats evidence, Console, memory/VRAM evidence.","PENDING UNITY READBACK"
"P0","flora_coral_fauna","Assets/_Project/Art/TEXTURES/WorldProceduralFlora/Imported/family.coral.massive/detail___family.coral.massive.png","flora_coral_kelp_proxy_material_contamination","TEXTURE_ACTIVE_ROUTE_BLOCKER_DETAIL P0; disposition=CANDIDATE_BLOCKED_BY_MATERIAL_PROOF; role=bio_material_source; material_count=3; material_slots=Assets/_Project/Art/Materials/World/Photic1428/MAT_H8_PhoticCoralMassive_1428.mat[_DetailMap];Assets/_Project/Art/Materials/World/Photic1457/MAT_H8_PhoticCoralMassive_1457.mat[_DetailMap];Assets/_Project/Art/Materials/WorldProceduralProxy/MAT_family_coral_massive.mat[_DetailMap]; active_scene=Assets/_Project/Scenes/02_HECTON_WORLD.unity; proxy_materials=Assets/_Project/Art/Materials/WorldProceduralProxy/MAT_family_coral_massive.mat; blocker=Proxy/placeholder material reaches route candidates or active scene.","taskslocal/asset_system_20260605/ASSET_OWNER_24_PRODUCT_FACE_MATERIAL_REPAIR_PACKET.md","Unity readback plus final non-proxy material replacement/proof.","No WorldProceduralProxy visible route placement, no proxy as low-tier fallback, no final binding without organic channel semantics and LOD/silhouette proof.","Unity material readback, texture import readback where maps change, material family/channel manifest, h8_1475 proof packet screenshots, Frame Debugger or RenderGraph/Stats evidence, Console, memory/VRAM evidence.","PENDING UNITY READBACK"
"P0","flora_coral_fauna","Assets/_Project/Art/TEXTURES/WorldProceduralFlora/Imported/family.coral.massive/mask___family.coral.massive.png","flora_coral_kelp_proxy_material_contamination","TEXTURE_ACTIVE_ROUTE_BLOCKER_DETAIL P0; disposition=CANDIDATE_BLOCKED_BY_MATERIAL_PROOF; role=packed_mask_source; material_count=3; material_slots=Assets/_Project/Art/Materials/World/Photic1428/MAT_H8_PhoticCoralMassive_1428.mat[_MaskMap];Assets/_Project/Art/Materials/World/Photic1457/MAT_H8_PhoticCoralMassive_1457.mat[_MaskMap];Assets/_Project/Art/Materials/WorldProceduralProxy/MAT_family_coral_massive.mat[_MaskMap]; active_scene=Assets/_Project/Scenes/02_HECTON_WORLD.unity; proxy_materials=Assets/_Project/Art/Materials/WorldProceduralProxy/MAT_family_coral_massive.mat; blocker=Proxy/placeholder material reaches route candidates or active scene.","taskslocal/asset_system_20260605/ASSET_OWNER_24_PRODUCT_FACE_MATERIAL_REPAIR_PACKET.md","Unity readback plus final non-proxy material replacement/proof.","No WorldProceduralProxy visible route placement, no proxy as low-tier fallback, no final binding without organic channel semantics and LOD/silhouette proof.","Unity material readback, texture import readback where maps change, material family/channel manifest, h8_1475 proof packet screenshots, Frame Debugger or RenderGraph/Stats evidence, Console, memory/VRAM evidence.","PENDING UNITY READBACK"
"P0","flora_coral_fauna","Assets/_Project/Art/TEXTURES/WorldProceduralFlora/Imported/family.coral.massive/normal___family.coral.massive.png","flora_coral_kelp_proxy_material_contamination","TEXTURE_ACTIVE_ROUTE_BLOCKER_DETAIL P0; disposition=CANDIDATE_BLOCKED_BY_MATERIAL_PROOF; role=packed_mask_source; material_count=3; material_slots=Assets/_Project/Art/Materials/World/Photic1428/MAT_H8_PhoticCoralMassive_1428.mat[_NormalMap];Assets/_Project/Art/Materials/World/Photic1457/MAT_H8_PhoticCoralMassive_1457.mat[_NormalMap];Assets/_Project/Art/Materials/WorldProceduralProxy/MAT_family_coral_massive.mat[_NormalMap]; active_scene=Assets/_Project/Scenes/02_HECTON_WORLD.unity; proxy_materials=Assets/_Project/Art/Materials/WorldProceduralProxy/MAT_family_coral_massive.mat; blocker=Proxy/placeholder material reaches route candidates or active scene.","taskslocal/asset_system_20260605/ASSET_OWNER_24_PRODUCT_FACE_MATERIAL_REPAIR_PACKET.md","Unity readback plus final non-proxy material replacement/proof.","No WorldProceduralProxy visible route placement, no proxy as low-tier fallback, no final binding without organic channel semantics and LOD/silhouette proof.","Unity material readback, texture import readback where maps change, material family/channel manifest, h8_1475 proof packet screenshots, Frame Debugger or RenderGraph/Stats evidence, Console, memory/VRAM evidence.","PENDING UNITY READBACK"
"P0","flora_coral_fauna","Assets/_Project/Art/TEXTURES/WorldProceduralFlora/Imported/family.coral.plate/albedo___family.coral.plate.png","flora_coral_kelp_proxy_material_contamination","TEXTURE_ACTIVE_ROUTE_BLOCKER_DETAIL P0; disposition=CANDIDATE_BLOCKED_BY_MATERIAL_PROOF; role=bio_material_source; material_count=2; material_slots=Assets/_Project/Art/Materials/World/Photic1457/MAT_H8_PhoticCoralPlate_1457.mat[_BaseMap];Assets/_Project/Art/Materials/WorldProceduralProxy/MAT_family_coral_plate.mat[_BaseMap]; active_scene=Assets/_Project/Scenes/02_HECTON_WORLD.unity; proxy_materials=Assets/_Project/Art/Materials/WorldProceduralProxy/MAT_family_coral_plate.mat; blocker=Proxy/placeholder material reaches route candidates or active scene.","taskslocal/asset_system_20260605/ASSET_OWNER_24_PRODUCT_FACE_MATERIAL_REPAIR_PACKET.md","Unity readback plus final non-proxy material replacement/proof.","No WorldProceduralProxy visible route placement, no proxy as low-tier fallback, no final binding without organic channel semantics and LOD/silhouette proof.","Unity material readback, texture import readback where maps change, material family/channel manifest, h8_1475 proof packet screenshots, Frame Debugger or RenderGraph/Stats evidence, Console, memory/VRAM evidence.","PENDING UNITY READBACK"
"P0","flora_coral_fauna","Assets/_Project/Art/TEXTURES/WorldProceduralFlora/Imported/family.coral.plate/detail___family.coral.plate.png","flora_coral_kelp_proxy_material_contamination","TEXTURE_ACTIVE_ROUTE_BLOCKER_DETAIL P0; disposition=CANDIDATE_BLOCKED_BY_MATERIAL_PROOF; role=bio_material_source; material_count=2; material_slots=Assets/_Project/Art/Materials/World/Photic1457/MAT_H8_PhoticCoralPlate_1457.mat[_DetailMap];Assets/_Project/Art/Materials/WorldProceduralProxy/MAT_family_coral_plate.mat[_DetailMap]; active_scene=Assets/_Project/Scenes/02_HECTON_WORLD.unity; proxy_materials=Assets/_Project/Art/Materials/WorldProceduralProxy/MAT_family_coral_plate.mat; blocker=Proxy/placeholder material reaches route candidates or active scene.","taskslocal/asset_system_20260605/ASSET_OWNER_24_PRODUCT_FACE_MATERIAL_REPAIR_PACKET.md","Unity readback plus final non-proxy material replacement/proof.","No WorldProceduralProxy visible route placement, no proxy as low-tier fallback, no final binding without organic channel semantics and LOD/silhouette proof.","Unity material readback, texture import readback where maps change, material family/channel manifest, h8_1475 proof packet screenshots, Frame Debugger or RenderGraph/Stats evidence, Console, memory/VRAM evidence.","PENDING UNITY READBACK"
"P0","flora_coral_fauna","Assets/_Project/Art/TEXTURES/WorldProceduralFlora/Imported/family.coral.plate/mask___family.coral.plate.png","flora_coral_kelp_proxy_material_contamination","TEXTURE_ACTIVE_ROUTE_BLOCKER_DETAIL P0; disposition=CANDIDATE_BLOCKED_BY_MATERIAL_PROOF; role=packed_mask_source; material_count=2; material_slots=Assets/_Project/Art/Materials/World/Photic1457/MAT_H8_PhoticCoralPlate_1457.mat[_MaskMap];Assets/_Project/Art/Materials/WorldProceduralProxy/MAT_family_coral_plate.mat[_MaskMap]; active_scene=Assets/_Project/Scenes/02_HECTON_WORLD.unity; proxy_materials=Assets/_Project/Art/Materials/WorldProceduralProxy/MAT_family_coral_plate.mat; blocker=Proxy/placeholder material reaches route candidates or active scene.","taskslocal/asset_system_20260605/ASSET_OWNER_24_PRODUCT_FACE_MATERIAL_REPAIR_PACKET.md","Unity readback plus final non-proxy material replacement/proof.","No WorldProceduralProxy visible route placement, no proxy as low-tier fallback, no final binding without organic channel semantics and LOD/silhouette proof.","Unity material readback, texture import readback where maps change, material family/channel manifest, h8_1475 proof packet screenshots, Frame Debugger or RenderGraph/Stats evidence, Console, memory/VRAM evidence.","PENDING UNITY READBACK"
"P0","flora_coral_fauna","Assets/_Project/Art/TEXTURES/WorldProceduralFlora/Imported/family.coral.plate/normal___family.coral.plate.png","flora_coral_kelp_proxy_material_contamination","TEXTURE_ACTIVE_ROUTE_BLOCKER_DETAIL P0; disposition=CANDIDATE_BLOCKED_BY_MATERIAL_PROOF; role=packed_mask_source; material_count=2; material_slots=Assets/_Project/Art/Materials/World/Photic1457/MAT_H8_PhoticCoralPlate_1457.mat[_NormalMap];Assets/_Project/Art/Materials/WorldProceduralProxy/MAT_family_coral_plate.mat[_NormalMap]; active_scene=Assets/_Project/Scenes/02_HECTON_WORLD.unity; proxy_materials=Assets/_Project/Art/Materials/WorldProceduralProxy/MAT_family_coral_plate.mat; blocker=Proxy/placeholder material reaches route candidates or active scene.","taskslocal/asset_system_20260605/ASSET_OWNER_24_PRODUCT_FACE_MATERIAL_REPAIR_PACKET.md","Unity readback plus final non-proxy material replacement/proof.","No WorldProceduralProxy visible route placement, no proxy as low-tier fallback, no final binding without organic channel semantics and LOD/silhouette proof.","Unity material readback, texture import readback where maps change, material family/channel manifest, h8_1475 proof packet screenshots, Frame Debugger or RenderGraph/Stats evidence, Console, memory/VRAM evidence.","PENDING UNITY READBACK"
"P0","flora_coral_fauna","Assets/_Project/Art/TEXTURES/WorldProceduralFlora/Imported/family.kelp.abyssal/albedo___family.kelp.abyssal.png","flora_coral_kelp_proxy_material_contamination","TEXTURE_ACTIVE_ROUTE_BLOCKER_DETAIL P0; disposition=CANDIDATE_BLOCKED_BY_MATERIAL_PROOF; role=bio_material_source; material_count=1; material_slots=Assets/_Project/Art/Materials/WorldProceduralProxy/MAT_family_kelp_abyssal.mat[_BaseMap]; active_scene=NONE_STATIC; proxy_materials=Assets/_Project/Art/Materials/WorldProceduralProxy/MAT_family_kelp_abyssal.mat; blocker=Proxy/placeholder material reaches route candidates or active scene.","taskslocal/asset_system_20260605/ASSET_OWNER_24_PRODUCT_FACE_MATERIAL_REPAIR_PACKET.md","Unity readback plus final non-proxy material replacement/proof.","No WorldProceduralProxy visible route placement, no proxy as low-tier fallback, no final binding without organic channel semantics and LOD/silhouette proof.","Unity material readback, texture import readback where maps change, material family/channel manifest, h8_1475 proof packet screenshots, Frame Debugger or RenderGraph/Stats evidence, Console, memory/VRAM evidence.","PENDING UNITY READBACK"
"P0","flora_coral_fauna","Assets/_Project/Art/TEXTURES/WorldProceduralFlora/Imported/family.kelp.abyssal/detail___family.kelp.abyssal.png","flora_coral_kelp_proxy_material_contamination","TEXTURE_ACTIVE_ROUTE_BLOCKER_DETAIL P0; disposition=CANDIDATE_BLOCKED_BY_MATERIAL_PROOF; role=bio_material_source; material_count=1; material_slots=Assets/_Project/Art/Materials/WorldProceduralProxy/MAT_family_kelp_abyssal.mat[_DetailMap]; active_scene=NONE_STATIC; proxy_materials=Assets/_Project/Art/Materials/WorldProceduralProxy/MAT_family_kelp_abyssal.mat; blocker=Proxy/placeholder material reaches route candidates or active scene.","taskslocal/asset_system_20260605/ASSET_OWNER_24_PRODUCT_FACE_MATERIAL_REPAIR_PACKET.md","Unity readback plus final non-proxy material replacement/proof.","No WorldProceduralProxy visible route placement, no proxy as low-tier fallback, no final binding without organic channel semantics and LOD/silhouette proof.","Unity material readback, texture import readback where maps change, material family/channel manifest, h8_1475 proof packet screenshots, Frame Debugger or RenderGraph/Stats evidence, Console, memory/VRAM evidence.","PENDING UNITY READBACK"
"P0","flora_coral_fauna","Assets/_Project/Art/TEXTURES/WorldProceduralFlora/Imported/family.kelp.abyssal/mask___family.kelp.abyssal.png","flora_coral_kelp_proxy_material_contamination","TEXTURE_ACTIVE_ROUTE_BLOCKER_DETAIL P0; disposition=CANDIDATE_BLOCKED_BY_MATERIAL_PROOF; role=packed_mask_source; material_count=1; material_slots=Assets/_Project/Art/Materials/WorldProceduralProxy/MAT_family_kelp_abyssal.mat[_MaskMap]; active_scene=NONE_STATIC; proxy_materials=Assets/_Project/Art/Materials/WorldProceduralProxy/MAT_family_kelp_abyssal.mat; blocker=Proxy/placeholder material reaches route candidates or active scene.","taskslocal/asset_system_20260605/ASSET_OWNER_24_PRODUCT_FACE_MATERIAL_REPAIR_PACKET.md","Unity readback plus final non-proxy material replacement/proof.","No WorldProceduralProxy visible route placement, no proxy as low-tier fallback, no final binding without organic channel semantics and LOD/silhouette proof.","Unity material readback, texture import readback where maps change, material family/channel manifest, h8_1475 proof packet screenshots, Frame Debugger or RenderGraph/Stats evidence, Console, memory/VRAM evidence.","PENDING UNITY READBACK"
"P0","flora_coral_fauna","Assets/_Project/Art/TEXTURES/WorldProceduralFlora/Imported/family.kelp.abyssal/normal___family.kelp.abyssal.png","flora_coral_kelp_proxy_material_contamination","TEXTURE_ACTIVE_ROUTE_BLOCKER_DETAIL P0; disposition=CANDIDATE_BLOCKED_BY_MATERIAL_PROOF; role=packed_mask_source; material_count=1; material_slots=Assets/_Project/Art/Materials/WorldProceduralProxy/MAT_family_kelp_abyssal.mat[_NormalMap]; active_scene=NONE_STATIC; proxy_materials=Assets/_Project/Art/Materials/WorldProceduralProxy/MAT_family_kelp_abyssal.mat; blocker=Proxy/placeholder material reaches route candidates or active scene.","taskslocal/asset_system_20260605/ASSET_OWNER_24_PRODUCT_FACE_MATERIAL_REPAIR_PACKET.md","Unity readback plus final non-proxy material replacement/proof.","No WorldProceduralProxy visible route placement, no proxy as low-tier fallback, no final binding without organic channel semantics and LOD/silhouette proof.","Unity material readback, texture import readback where maps change, material family/channel manifest, h8_1475 proof packet screenshots, Frame Debugger or RenderGraph/Stats evidence, Console, memory/VRAM evidence.","PENDING UNITY READBACK"
"P0","flora_coral_fauna","Assets/_Project/Art/TEXTURES/WorldProceduralFlora/Imported/family.kelp.canopy/albedo___family.kelp.canopy.png","flora_coral_kelp_proxy_material_contamination","TEXTURE_ACTIVE_ROUTE_BLOCKER_DETAIL P0; disposition=CANDIDATE_BLOCKED_BY_MATERIAL_PROOF; role=bio_material_source; material_count=1; material_slots=Assets/_Project/Art/Materials/WorldProceduralProxy/MAT_family_kelp_canopy.mat[_BaseMap]; active_scene=NONE_STATIC; proxy_materials=Assets/_Project/Art/Materials/WorldProceduralProxy/MAT_family_kelp_canopy.mat; blocker=Proxy/placeholder material reaches route candidates or active scene.","taskslocal/asset_system_20260605/ASSET_OWNER_24_PRODUCT_FACE_MATERIAL_REPAIR_PACKET.md","Unity readback plus final non-proxy material replacement/proof.","No WorldProceduralProxy visible route placement, no proxy as low-tier fallback, no final binding without organic channel semantics and LOD/silhouette proof.","Unity material readback, texture import readback where maps change, material family/channel manifest, h8_1475 proof packet screenshots, Frame Debugger or RenderGraph/Stats evidence, Console, memory/VRAM evidence.","PENDING UNITY READBACK"
"P0","flora_coral_fauna","Assets/_Project/Art/TEXTURES/WorldProceduralFlora/Imported/family.kelp.canopy/detail___family.kelp.canopy.png","flora_coral_kelp_proxy_material_contamination","TEXTURE_ACTIVE_ROUTE_BLOCKER_DETAIL P0; disposition=CANDIDATE_BLOCKED_BY_MATERIAL_PROOF; role=bio_material_source; material_count=1; material_slots=Assets/_Project/Art/Materials/WorldProceduralProxy/MAT_family_kelp_canopy.mat[_DetailMap]; active_scene=NONE_STATIC; proxy_materials=Assets/_Project/Art/Materials/WorldProceduralProxy/MAT_family_kelp_canopy.mat; blocker=Proxy/placeholder material reaches route candidates or active scene.","taskslocal/asset_system_20260605/ASSET_OWNER_24_PRODUCT_FACE_MATERIAL_REPAIR_PACKET.md","Unity readback plus final non-proxy material replacement/proof.","No WorldProceduralProxy visible route placement, no proxy as low-tier fallback, no final binding without organic channel semantics and LOD/silhouette proof.","Unity material readback, texture import readback where maps change, material family/channel manifest, h8_1475 proof packet screenshots, Frame Debugger or RenderGraph/Stats evidence, Console, memory/VRAM evidence.","PENDING UNITY READBACK"
"P0","flora_coral_fauna","Assets/_Project/Art/TEXTURES/WorldProceduralFlora/Imported/family.kelp.canopy/mask___family.kelp.canopy.png","flora_coral_kelp_proxy_material_contamination","TEXTURE_ACTIVE_ROUTE_BLOCKER_DETAIL P0; disposition=CANDIDATE_BLOCKED_BY_MATERIAL_PROOF; role=packed_mask_source; material_count=1; material_slots=Assets/_Project/Art/Materials/WorldProceduralProxy/MAT_family_kelp_canopy.mat[_MaskMap]; active_scene=NONE_STATIC; proxy_materials=Assets/_Project/Art/Materials/WorldProceduralProxy/MAT_family_kelp_canopy.mat; blocker=Proxy/placeholder material reaches route candidates or active scene.","taskslocal/asset_system_20260605/ASSET_OWNER_24_PRODUCT_FACE_MATERIAL_REPAIR_PACKET.md","Unity readback plus final non-proxy material replacement/proof.","No WorldProceduralProxy visible route placement, no proxy as low-tier fallback, no final binding without organic channel semantics and LOD/silhouette proof.","Unity material readback, texture import readback where maps change, material family/channel manifest, h8_1475 proof packet screenshots, Frame Debugger or RenderGraph/Stats evidence, Console, memory/VRAM evidence.","PENDING UNITY READBACK"
"P0","flora_coral_fauna","Assets/_Project/Art/TEXTURES/WorldProceduralFlora/Imported/family.kelp.canopy/normal___family.kelp.canopy.png","flora_coral_kelp_proxy_material_contamination","TEXTURE_ACTIVE_ROUTE_BLOCKER_DETAIL P0; disposition=CANDIDATE_BLOCKED_BY_MATERIAL_PROOF; role=packed_mask_source; material_count=1; material_slots=Assets/_Project/Art/Materials/WorldProceduralProxy/MAT_family_kelp_canopy.mat[_NormalMap]; active_scene=NONE_STATIC; proxy_materials=Assets/_Project/Art/Materials/WorldProceduralProxy/MAT_family_kelp_canopy.mat; blocker=Proxy/placeholder material reaches route candidates or active scene.","taskslocal/asset_system_20260605/ASSET_OWNER_24_PRODUCT_FACE_MATERIAL_REPAIR_PACKET.md","Unity readback plus final non-proxy material replacement/proof.","No WorldProceduralProxy visible route placement, no proxy as low-tier fallback, no final binding without organic channel semantics and LOD/silhouette proof.","Unity material readback, texture import readback where maps change, material family/channel manifest, h8_1475 proof packet screenshots, Frame Debugger or RenderGraph/Stats evidence, Console, memory/VRAM evidence.","PENDING UNITY READBACK"
"P0","flora_coral_fauna","Assets/_Project/Art/TEXTURES/WorldProceduralFlora/Imported/family.kelp.patch.dense/albedo___family.kelp.patch.dense.png","flora_coral_kelp_proxy_material_contamination","TEXTURE_ACTIVE_ROUTE_BLOCKER_DETAIL P0; disposition=CANDIDATE_BLOCKED_BY_MATERIAL_PROOF; role=bio_material_source; material_count=2; material_slots=Assets/_Project/Art/Materials/World/Photic1457/MAT_H8_PhoticKelpPatch_1457.mat[_BaseMap];Assets/_Project/Art/Materials/WorldProceduralProxy/MAT_family_kelp_patch_dense.mat[_BaseMap]; active_scene=Assets/_Project/Scenes/02_HECTON_WORLD.unity; proxy_materials=Assets/_Project/Art/Materials/WorldProceduralProxy/MAT_family_kelp_patch_dense.mat; blocker=Proxy/placeholder material reaches route candidates or active scene.","taskslocal/asset_system_20260605/ASSET_OWNER_24_PRODUCT_FACE_MATERIAL_REPAIR_PACKET.md","Unity readback plus final non-proxy material replacement/proof.","No WorldProceduralProxy visible route placement, no proxy as low-tier fallback, no final binding without organic channel semantics and LOD/silhouette proof.","Unity material readback, texture import readback where maps change, material family/channel manifest, h8_1475 proof packet screenshots, Frame Debugger or RenderGraph/Stats evidence, Console, memory/VRAM evidence.","PENDING UNITY READBACK"
"P0","flora_coral_fauna","Assets/_Project/Art/TEXTURES/WorldProceduralFlora/Imported/family.kelp.patch.dense/detail___family.kelp.patch.dense.png","flora_coral_kelp_proxy_material_contamination","TEXTURE_ACTIVE_ROUTE_BLOCKER_DETAIL P0; disposition=CANDIDATE_BLOCKED_BY_MATERIAL_PROOF; role=bio_material_source; material_count=2; material_slots=Assets/_Project/Art/Materials/World/Photic1457/MAT_H8_PhoticKelpPatch_1457.mat[_DetailMap];Assets/_Project/Art/Materials/WorldProceduralProxy/MAT_family_kelp_patch_dense.mat[_DetailMap]; active_scene=Assets/_Project/Scenes/02_HECTON_WORLD.unity; proxy_materials=Assets/_Project/Art/Materials/WorldProceduralProxy/MAT_family_kelp_patch_dense.mat; blocker=Proxy/placeholder material reaches route candidates or active scene.","taskslocal/asset_system_20260605/ASSET_OWNER_24_PRODUCT_FACE_MATERIAL_REPAIR_PACKET.md","Unity readback plus final non-proxy material replacement/proof.","No WorldProceduralProxy visible route placement, no proxy as low-tier fallback, no final binding without organic channel semantics and LOD/silhouette proof.","Unity material readback, texture import readback where maps change, material family/channel manifest, h8_1475 proof packet screenshots, Frame Debugger or RenderGraph/Stats evidence, Console, memory/VRAM evidence.","PENDING UNITY READBACK"
"P0","flora_coral_fauna","Assets/_Project/Art/TEXTURES/WorldProceduralFlora/Imported/family.kelp.patch.dense/mask___family.kelp.patch.dense.png","flora_coral_kelp_proxy_material_contamination","TEXTURE_ACTIVE_ROUTE_BLOCKER_DETAIL P0; disposition=CANDIDATE_BLOCKED_BY_MATERIAL_PROOF; role=packed_mask_source; material_count=2; material_slots=Assets/_Project/Art/Materials/World/Photic1457/MAT_H8_PhoticKelpPatch_1457.mat[_MaskMap];Assets/_Project/Art/Materials/WorldProceduralProxy/MAT_family_kelp_patch_dense.mat[_MaskMap]; active_scene=Assets/_Project/Scenes/02_HECTON_WORLD.unity; proxy_materials=Assets/_Project/Art/Materials/WorldProceduralProxy/MAT_family_kelp_patch_dense.mat; blocker=Proxy/placeholder material reaches route candidates or active scene.","taskslocal/asset_system_20260605/ASSET_OWNER_24_PRODUCT_FACE_MATERIAL_REPAIR_PACKET.md","Unity readback plus final non-proxy material replacement/proof.","No WorldProceduralProxy visible route placement, no proxy as low-tier fallback, no final binding without organic channel semantics and LOD/silhouette proof.","Unity material readback, texture import readback where maps change, material family/channel manifest, h8_1475 proof packet screenshots, Frame Debugger or RenderGraph/Stats evidence, Console, memory/VRAM evidence.","PENDING UNITY READBACK"
"P0","flora_coral_fauna","Assets/_Project/Art/TEXTURES/WorldProceduralFlora/Imported/family.kelp.patch.dense/normal___family.kelp.patch.dense.png","flora_coral_kelp_proxy_material_contamination","TEXTURE_ACTIVE_ROUTE_BLOCKER_DETAIL P0; disposition=CANDIDATE_BLOCKED_BY_MATERIAL_PROOF; role=packed_mask_source; material_count=2; material_slots=Assets/_Project/Art/Materials/World/Photic1457/MAT_H8_PhoticKelpPatch_1457.mat[_NormalMap];Assets/_Project/Art/Materials/WorldProceduralProxy/MAT_family_kelp_patch_dense.mat[_NormalMap]; active_scene=Assets/_Project/Scenes/02_HECTON_WORLD.unity; proxy_materials=Assets/_Project/Art/Materials/WorldProceduralProxy/MAT_family_kelp_patch_dense.mat; blocker=Proxy/placeholder material reaches route candidates or active scene.","taskslocal/asset_system_20260605/ASSET_OWNER_24_PRODUCT_FACE_MATERIAL_REPAIR_PACKET.md","Unity readback plus final non-proxy material replacement/proof.","No WorldProceduralProxy visible route placement, no proxy as low-tier fallback, no final binding without organic channel semantics and LOD/silhouette proof.","Unity material readback, texture import readback where maps change, material family/channel manifest, h8_1475 proof packet screenshots, Frame Debugger or RenderGraph/Stats evidence, Console, memory/VRAM evidence.","PENDING UNITY READBACK"
"P0","flora_coral_fauna","Assets/_Project/Art/TEXTURES/WorldProceduralFlora/Imported/family.kelp.tall/albedo___family.kelp.tall.png","flora_coral_kelp_proxy_material_contamination","TEXTURE_ACTIVE_ROUTE_BLOCKER_DETAIL P0; disposition=CANDIDATE_BLOCKED_BY_MATERIAL_PROOF; role=bio_material_source; material_count=2; material_slots=Assets/_Project/Art/Materials/World/Photic1457/MAT_H8_PhoticKelpTall_1457.mat[_BaseMap];Assets/_Project/Art/Materials/WorldProceduralProxy/MAT_family_kelp_tall.mat[_BaseMap]; active_scene=Assets/_Project/Scenes/02_HECTON_WORLD.unity; proxy_materials=Assets/_Project/Art/Materials/WorldProceduralProxy/MAT_family_kelp_tall.mat; blocker=Proxy/placeholder material reaches route candidates or active scene.","taskslocal/asset_system_20260605/ASSET_OWNER_24_PRODUCT_FACE_MATERIAL_REPAIR_PACKET.md","Unity readback plus final non-proxy material replacement/proof.","No WorldProceduralProxy visible route placement, no proxy as low-tier fallback, no final binding without organic channel semantics and LOD/silhouette proof.","Unity material readback, texture import readback where maps change, material family/channel manifest, h8_1475 proof packet screenshots, Frame Debugger or RenderGraph/Stats evidence, Console, memory/VRAM evidence.","PENDING UNITY READBACK"
"P0","flora_coral_fauna","Assets/_Project/Art/TEXTURES/WorldProceduralFlora/Imported/family.kelp.tall/detail___family.kelp.tall.png","flora_coral_kelp_proxy_material_contamination","TEXTURE_ACTIVE_ROUTE_BLOCKER_DETAIL P0; disposition=CANDIDATE_BLOCKED_BY_MATERIAL_PROOF; role=bio_material_source; material_count=2; material_slots=Assets/_Project/Art/Materials/World/Photic1457/MAT_H8_PhoticKelpTall_1457.mat[_DetailMap];Assets/_Project/Art/Materials/WorldProceduralProxy/MAT_family_kelp_tall.mat[_DetailMap]; active_scene=Assets/_Project/Scenes/02_HECTON_WORLD.unity; proxy_materials=Assets/_Project/Art/Materials/WorldProceduralProxy/MAT_family_kelp_tall.mat; blocker=Proxy/placeholder material reaches route candidates or active scene.","taskslocal/asset_system_20260605/ASSET_OWNER_24_PRODUCT_FACE_MATERIAL_REPAIR_PACKET.md","Unity readback plus final non-proxy material replacement/proof.","No WorldProceduralProxy visible route placement, no proxy as low-tier fallback, no final binding without organic channel semantics and LOD/silhouette proof.","Unity material readback, texture import readback where maps change, material family/channel manifest, h8_1475 proof packet screenshots, Frame Debugger or RenderGraph/Stats evidence, Console, memory/VRAM evidence.","PENDING UNITY READBACK"
"P0","flora_coral_fauna","Assets/_Project/Art/TEXTURES/WorldProceduralFlora/Imported/family.kelp.tall/mask___family.kelp.tall.png","flora_coral_kelp_proxy_material_contamination","TEXTURE_ACTIVE_ROUTE_BLOCKER_DETAIL P0; disposition=CANDIDATE_BLOCKED_BY_MATERIAL_PROOF; role=packed_mask_source; material_count=2; material_slots=Assets/_Project/Art/Materials/World/Photic1457/MAT_H8_PhoticKelpTall_1457.mat[_MaskMap];Assets/_Project/Art/Materials/WorldProceduralProxy/MAT_family_kelp_tall.mat[_MaskMap]; active_scene=Assets/_Project/Scenes/02_HECTON_WORLD.unity; proxy_materials=Assets/_Project/Art/Materials/WorldProceduralProxy/MAT_family_kelp_tall.mat; blocker=Proxy/placeholder material reaches route candidates or active scene.","taskslocal/asset_system_20260605/ASSET_OWNER_24_PRODUCT_FACE_MATERIAL_REPAIR_PACKET.md","Unity readback plus final non-proxy material replacement/proof.","No WorldProceduralProxy visible route placement, no proxy as low-tier fallback, no final binding without organic channel semantics and LOD/silhouette proof.","Unity material readback, texture import readback where maps change, material family/channel manifest, h8_1475 proof packet screenshots, Frame Debugger or RenderGraph/Stats evidence, Console, memory/VRAM evidence.","PENDING UNITY READBACK"
"P0","flora_coral_fauna","Assets/_Project/Art/TEXTURES/WorldProceduralFlora/Imported/family.kelp.tall/normal___family.kelp.tall.png","flora_coral_kelp_proxy_material_contamination","TEXTURE_ACTIVE_ROUTE_BLOCKER_DETAIL P0; disposition=CANDIDATE_BLOCKED_BY_MATERIAL_PROOF; role=packed_mask_source; material_count=2; material_slots=Assets/_Project/Art/Materials/World/Photic1457/MAT_H8_PhoticKelpTall_1457.mat[_NormalMap];Assets/_Project/Art/Materials/WorldProceduralProxy/MAT_family_kelp_tall.mat[_NormalMap]; active_scene=Assets/_Project/Scenes/02_HECTON_WORLD.unity; proxy_materials=Assets/_Project/Art/Materials/WorldProceduralProxy/MAT_family_kelp_tall.mat; blocker=Proxy/placeholder material reaches route candidates or active scene.","taskslocal/asset_system_20260605/ASSET_OWNER_24_PRODUCT_FACE_MATERIAL_REPAIR_PACKET.md","Unity readback plus final non-proxy material replacement/proof.","No WorldProceduralProxy visible route placement, no proxy as low-tier fallback, no final binding without organic channel semantics and LOD/silhouette proof.","Unity material readback, texture import readback where maps change, material family/channel manifest, h8_1475 proof packet screenshots, Frame Debugger or RenderGraph/Stats evidence, Console, memory/VRAM evidence.","PENDING UNITY READBACK"
"P0","flora_coral_fauna","Assets/_Project/Art/TEXTURES/WorldProceduralFlora/TX_ProceduralBio_Shallows_AlbedoAtlas.png","flora_coral_kelp_proxy_material_contamination","TEXTURE_ACTIVE_ROUTE_BLOCKER_DETAIL P0; disposition=CANDIDATE_BLOCKED_BY_MATERIAL_PROOF; role=bio_material_source; material_count=2; material_slots=Assets/_Project/Art/Materials/WorldProceduralProxy/MAT_Flora_ImpostorAtlas.mat[_BaseMap];Assets/_Project/Art/Materials/WorldProceduralProxy/MAT_ProceduralBio_Shallows.mat[_AlbedoAtlas]; active_scene=NONE_STATIC; proxy_materials=Assets/_Project/Art/Materials/WorldProceduralProxy/MAT_Flora_ImpostorAtlas.mat;Assets/_Project/Art/Materials/WorldProceduralProxy/MAT_ProceduralBio_Shallows.mat; blocker=Proxy/placeholder material reaches route candidates or active scene.","taskslocal/asset_system_20260605/ASSET_OWNER_24_PRODUCT_FACE_MATERIAL_REPAIR_PACKET.md","Unity readback plus final non-proxy material replacement/proof.","No WorldProceduralProxy visible route placement, no proxy as low-tier fallback, no final binding without organic channel semantics and LOD/silhouette proof.","Unity material readback, texture import readback where maps change, material family/channel manifest, h8_1475 proof packet screenshots, Frame Debugger or RenderGraph/Stats evidence, Console, memory/VRAM evidence.","PENDING UNITY READBACK"
"P0","flora_coral_fauna","Assets/_Project/Art/TEXTURES/WorldProceduralFlora/TX_ProceduralBio_Shallows_MatCap.png","flora_coral_kelp_proxy_material_contamination","TEXTURE_ACTIVE_ROUTE_BLOCKER_DETAIL P0; disposition=CANDIDATE_BLOCKED_BY_MATERIAL_PROOF; role=bio_material_source; material_count=1; material_slots=Assets/_Project/Art/Materials/WorldProceduralProxy/MAT_ProceduralBio_Shallows.mat[_MatCap]; active_scene=NONE_STATIC; proxy_materials=Assets/_Project/Art/Materials/WorldProceduralProxy/MAT_ProceduralBio_Shallows.mat; blocker=Proxy/placeholder material reaches route candidates or active scene.","taskslocal/asset_system_20260605/ASSET_OWNER_24_PRODUCT_FACE_MATERIAL_REPAIR_PACKET.md","Unity readback plus final non-proxy material replacement/proof.","No WorldProceduralProxy visible route placement, no proxy as low-tier fallback, no final binding without organic channel semantics and LOD/silhouette proof.","Unity material readback, texture import readback where maps change, material family/channel manifest, h8_1475 proof packet screenshots, Frame Debugger or RenderGraph/Stats evidence, Console, memory/VRAM evidence.","PENDING UNITY READBACK"
"P0","flora_coral_fauna","Assets/_Project/Art/TEXTURES/WorldProceduralFlora/TX_ProceduralBio_Shallows_NormalAtlas.png","flora_coral_kelp_proxy_material_contamination","TEXTURE_ACTIVE_ROUTE_BLOCKER_DETAIL P0; disposition=CANDIDATE_BLOCKED_BY_MATERIAL_PROOF; role=packed_mask_source; material_count=1; material_slots=Assets/_Project/Art/Materials/WorldProceduralProxy/MAT_ProceduralBio_Shallows.mat[_NormalAtlas]; active_scene=NONE_STATIC; proxy_materials=Assets/_Project/Art/Materials/WorldProceduralProxy/MAT_ProceduralBio_Shallows.mat; blocker=Proxy/placeholder material reaches route candidates or active scene.","taskslocal/asset_system_20260605/ASSET_OWNER_24_PRODUCT_FACE_MATERIAL_REPAIR_PACKET.md","Unity readback plus final non-proxy material replacement/proof.","No WorldProceduralProxy visible route placement, no proxy as low-tier fallback, no final binding without organic channel semantics and LOD/silhouette proof.","Unity material readback, texture import readback where maps change, material family/channel manifest, h8_1475 proof packet screenshots, Frame Debugger or RenderGraph/Stats evidence, Console, memory/VRAM evidence.","PENDING UNITY READBACK"
"P0","flora_coral_fauna","Assets/_Project/Art/TEXTURES/WorldProceduralFlora/TX_ProceduralBio_Shallows_ORMAtlas.png","flora_coral_kelp_proxy_material_contamination","TEXTURE_ACTIVE_ROUTE_BLOCKER_DETAIL P0; disposition=CANDIDATE_BLOCKED_BY_MATERIAL_PROOF; role=packed_mask_source; material_count=1; material_slots=Assets/_Project/Art/Materials/WorldProceduralProxy/MAT_ProceduralBio_Shallows.mat[_ORMAtlas]; active_scene=NONE_STATIC; proxy_materials=Assets/_Project/Art/Materials/WorldProceduralProxy/MAT_ProceduralBio_Shallows.mat; blocker=Proxy/placeholder material reaches route candidates or active scene.","taskslocal/asset_system_20260605/ASSET_OWNER_24_PRODUCT_FACE_MATERIAL_REPAIR_PACKET.md","Unity readback plus final non-proxy material replacement/proof.","No WorldProceduralProxy visible route placement, no proxy as low-tier fallback, no final binding without organic channel semantics and LOD/silhouette proof.","Unity material readback, texture import readback where maps change, material family/channel manifest, h8_1475 proof packet screenshots, Frame Debugger or RenderGraph/Stats evidence, Console, memory/VRAM evidence.","PENDING UNITY READBACK"
"P0","flora_coral_fauna","Assets/_Project/Data/Flora/GeneratedProxies/Materials/MAT_FloraProxy_Coral.mat","flora_generated_proxy_material_route","MATERIAL_FILE_TECHNICAL_PROPERTIES; material=MAT_FloraProxy_Coral; folder_family=flora_coral_fauna; shader=NONE; texture_guid_refs=0; empty_slots=14; policy=SHADER_GUID_UNRESOLVED_STATIC|NO_TEXTURE_GUIDS|EMPTY_TEXTURE_SLOTS_STATIC; route_risk=FIRST20_ROUTE_READBACK_REQUIRED","taskslocal/asset_system_20260605/ASSET_OWNER_24_PRODUCT_FACE_MATERIAL_REPAIR_PACKET.md","Unity readback required: shader object, effective texture slots, renderer users, scene instance binding, keywords, render queue, material instance count, SRP Batcher/instancing risk.","No proxy/placeholder visible route promotion, no low-tier fallback through proxy material, no raw YAML edit, no per-object material clone.","Unity material readback, texture import readback where maps change, material family/channel manifest, h8_1475 proof packet screenshots, Frame Debugger or RenderGraph/Stats evidence, Console, memory/VRAM evidence.","PENDING UNITY READBACK"
"P0","flora_coral_fauna","Assets/_Project/Data/Flora/GeneratedProxies/Materials/MAT_FloraProxy_Kelp.mat","flora_generated_proxy_material_route","MATERIAL_FILE_TECHNICAL_PROPERTIES; material=MAT_FloraProxy_Kelp; folder_family=flora_coral_fauna; shader=NONE; texture_guid_refs=0; empty_slots=14; policy=SHADER_GUID_UNRESOLVED_STATIC|NO_TEXTURE_GUIDS|EMPTY_TEXTURE_SLOTS_STATIC; route_risk=FIRST20_ROUTE_READBACK_REQUIRED","taskslocal/asset_system_20260605/ASSET_OWNER_24_PRODUCT_FACE_MATERIAL_REPAIR_PACKET.md","Unity readback required: shader object, effective texture slots, renderer users, scene instance binding, keywords, render queue, material instance count, SRP Batcher/instancing risk.","No proxy/placeholder visible route promotion, no low-tier fallback through proxy material, no raw YAML edit, no per-object material clone.","Unity material readback, texture import readback where maps change, material family/channel manifest, h8_1475 proof packet screenshots, Frame Debugger or RenderGraph/Stats evidence, Console, memory/VRAM evidence.","PENDING UNITY READBACK"
"P0","flora_coral_fauna","Assets/_Project/Data/Flora/GeneratedProxies/Materials/MAT_FloraProxy_MicroGrass.mat","flora_generated_proxy_material_route","MATERIAL_FILE_TECHNICAL_PROPERTIES; material=MAT_FloraProxy_MicroGrass; folder_family=flora_coral_fauna; shader=NONE; texture_guid_refs=0; empty_slots=14; policy=SHADER_GUID_UNRESOLVED_STATIC|NO_TEXTURE_GUIDS|EMPTY_TEXTURE_SLOTS_STATIC; route_risk=FIRST20_ROUTE_READBACK_REQUIRED","taskslocal/asset_system_20260605/ASSET_OWNER_24_PRODUCT_FACE_MATERIAL_REPAIR_PACKET.md","Unity readback required: shader object, effective texture slots, renderer users, scene instance binding, keywords, render queue, material instance count, SRP Batcher/instancing risk.","No proxy/placeholder visible route promotion, no low-tier fallback through proxy material, no raw YAML edit, no per-object material clone.","Unity material readback, texture import readback where maps change, material family/channel manifest, h8_1475 proof packet screenshots, Frame Debugger or RenderGraph/Stats evidence, Console, memory/VRAM evidence.","PENDING UNITY READBACK"
"P0","flora_coral_fauna","Assets/_Project/Data/Flora/GeneratedProxies/Materials/MAT_FloraProxy_Sargassum.mat","flora_generated_proxy_material_route","MATERIAL_FILE_TECHNICAL_PROPERTIES; material=MAT_FloraProxy_Sargassum; folder_family=flora_coral_fauna; shader=NONE; texture_guid_refs=0; empty_slots=14; policy=SHADER_GUID_UNRESOLVED_STATIC|NO_TEXTURE_GUIDS|EMPTY_TEXTURE_SLOTS_STATIC; route_risk=FIRST20_ROUTE_READBACK_REQUIRED","taskslocal/asset_system_20260605/ASSET_OWNER_24_PRODUCT_FACE_MATERIAL_REPAIR_PACKET.md","Unity readback required: shader object, effective texture slots, renderer users, scene instance binding, keywords, render queue, material instance count, SRP Batcher/instancing risk.","No proxy/placeholder visible route promotion, no low-tier fallback through proxy material, no raw YAML edit, no per-object material clone.","Unity material readback, texture import readback where maps change, material family/channel manifest, h8_1475 proof packet screenshots, Frame Debugger or RenderGraph/Stats evidence, Console, memory/VRAM evidence.","PENDING UNITY READBACK"
"P0","package_default_material","Packages/com.unity.render-pipelines.universal/Runtime/Materials/Lit.mat","package_default_material_route","ASSET_OWNER_18 material validator: PackageDefaultMaterial/ForbiddenMaterialRoute on Player swim body slots, Item_Titanium, transport prefabs, and Tool_Propulsion_Held.","taskslocal/asset_system_20260605/ASSET_OWNER_24_PRODUCT_FACE_MATERIAL_REPAIR_PACKET.md","Unity readback required: exact renderer slots using URP package default Lit material and replacement material family target per product-face renderer.","No package default Lit material on product-face bodies, tools, pickups, or transport; no temporary material clone; no renderer.material fix-forward.","Unity material readback, texture import readback where maps change, material family/channel manifest, h8_1475 proof packet screenshots, Frame Debugger or RenderGraph/Stats evidence, Console, memory/VRAM evidence.","PENDING UNITY READBACK"
"P0","player_product_face","Assets/_Project/Art/Materials/Gameplay/MAT_PlayerSwimBlockout.mat","player_blockout_material_missing_pbr_roles","MATERIAL_FILE_TECHNICAL_PROPERTIES; material=MAT_PlayerSwimBlockout; folder_family=unclassified_first_party; shader=NONE; texture_guid_refs=0; empty_slots=14; policy=SHADER_GUID_UNRESOLVED_STATIC|NO_TEXTURE_GUIDS|EMPTY_TEXTURE_SLOTS_STATIC; route_risk=MATERIAL_SLOT_READBACK_REQUIRED","taskslocal/asset_system_20260605/ASSET_OWNER_24_PRODUCT_FACE_MATERIAL_REPAIR_PACKET.md","Unity readback required: shader object, effective texture slots, renderer users, scene instance binding, keywords, render queue, material instance count, SRP Batcher/instancing risk.","No blockout material promotion, no package-default substitution, no per-object material clone, no missing PBR role acceptance.","Unity material readback, texture import readback where maps change, material family/channel manifest, h8_1475 proof packet screenshots, Frame Debugger or RenderGraph/Stats evidence, Console, memory/VRAM evidence.","PENDING UNITY READBACK"
"P0","proxy_placeholder","Assets/_Project/Art/Materials/Tools/Mat_Tool_BeaconDeployer_Placeholder.mat","tool_placeholder_material_missing_pbr_roles","MATERIAL_FILE_TECHNICAL_PROPERTIES; material=Mat_Tool_BeaconDeployer_Placeholder; folder_family=proxy_placeholder; shader=Assets/_Project/Art/Shaders/Hecton_ToolDecayLit.shader; texture_guid_refs=0; empty_slots=14; policy=NO_TEXTURE_GUIDS|EMPTY_TEXTURE_SLOTS_STATIC|PROXY_OR_PLACEHOLDER_TOKEN; route_risk=VISIBLE_ROUTE_REJECT_UNTIL_REPLACED","taskslocal/asset_system_20260605/ASSET_OWNER_24_PRODUCT_FACE_MATERIAL_REPAIR_PACKET.md","Unity readback required: shader object, effective texture slots, renderer users, scene instance binding, keywords, render queue, material instance count, SRP Batcher/instancing risk.","No proxy/placeholder visible route promotion, no low-tier fallback through proxy material, no raw YAML edit, no per-object material clone.","Unity material readback, texture import readback where maps change, material family/channel manifest, h8_1475 proof packet screenshots, Frame Debugger or RenderGraph/Stats evidence, Console, memory/VRAM evidence.","PENDING UNITY READBACK"
"P0","proxy_placeholder","Assets/_Project/Art/Materials/Tools/Mat_Tool_Builder_Placeholder.mat","tool_placeholder_material_missing_pbr_roles","MATERIAL_FILE_TECHNICAL_PROPERTIES; material=Mat_Tool_Builder_Placeholder; folder_family=proxy_placeholder; shader=Assets/_Project/Art/Shaders/Hecton_ToolDecayLit.shader; texture_guid_refs=0; empty_slots=14; policy=NO_TEXTURE_GUIDS|EMPTY_TEXTURE_SLOTS_STATIC|PROXY_OR_PLACEHOLDER_TOKEN; route_risk=VISIBLE_ROUTE_REJECT_UNTIL_REPLACED","taskslocal/asset_system_20260605/ASSET_OWNER_24_PRODUCT_FACE_MATERIAL_REPAIR_PACKET.md","Unity readback required: shader object, effective texture slots, renderer users, scene instance binding, keywords, render queue, material instance count, SRP Batcher/instancing risk.","No proxy/placeholder visible route promotion, no low-tier fallback through proxy material, no raw YAML edit, no per-object material clone.","Unity material readback, texture import readback where maps change, material family/channel manifest, h8_1475 proof packet screenshots, Frame Debugger or RenderGraph/Stats evidence, Console, memory/VRAM evidence.","PENDING UNITY READBACK"
"P0","proxy_placeholder","Assets/_Project/Art/Materials/Tools/Mat_Tool_EnvAnalyzer_Placeholder.mat","tool_placeholder_material_missing_pbr_roles","MATERIAL_FILE_TECHNICAL_PROPERTIES; material=Mat_Tool_EnvAnalyzer_Placeholder; folder_family=proxy_placeholder; shader=Assets/_Project/Art/Shaders/Hecton_ToolDecayLit.shader; texture_guid_refs=0; empty_slots=14; policy=NO_TEXTURE_GUIDS|EMPTY_TEXTURE_SLOTS_STATIC|PROXY_OR_PLACEHOLDER_TOKEN; route_risk=VISIBLE_ROUTE_REJECT_UNTIL_REPLACED","taskslocal/asset_system_20260605/ASSET_OWNER_24_PRODUCT_FACE_MATERIAL_REPAIR_PACKET.md","Unity readback required: shader object, effective texture slots, renderer users, scene instance binding, keywords, render queue, material instance count, SRP Batcher/instancing risk.","No proxy/placeholder visible route promotion, no low-tier fallback through proxy material, no raw YAML edit, no per-object material clone.","Unity material readback, texture import readback where maps change, material family/channel manifest, h8_1475 proof packet screenshots, Frame Debugger or RenderGraph/Stats evidence, Console, memory/VRAM evidence.","PENDING UNITY READBACK"
"P0","proxy_placeholder","Assets/_Project/Art/Materials/Tools/Mat_Tool_Flashlight_Placeholder.mat","tool_placeholder_material_missing_pbr_roles","MATERIAL_FILE_TECHNICAL_PROPERTIES; material=Mat_Tool_Flashlight_Placeholder; folder_family=proxy_placeholder; shader=Assets/_Project/Art/Shaders/Hecton_ToolDecayLit.shader; texture_guid_refs=0; empty_slots=14; policy=NO_TEXTURE_GUIDS|EMPTY_TEXTURE_SLOTS_STATIC|PROXY_OR_PLACEHOLDER_TOKEN; route_risk=VISIBLE_ROUTE_REJECT_UNTIL_REPLACED","taskslocal/asset_system_20260605/ASSET_OWNER_24_PRODUCT_FACE_MATERIAL_REPAIR_PACKET.md","Unity readback required: shader object, effective texture slots, renderer users, scene instance binding, keywords, render queue, material instance count, SRP Batcher/instancing risk.","No proxy/placeholder visible route promotion, no low-tier fallback through proxy material, no raw YAML edit, no per-object material clone.","Unity material readback, texture import readback where maps change, material family/channel manifest, h8_1475 proof packet screenshots, Frame Debugger or RenderGraph/Stats evidence, Console, memory/VRAM evidence.","PENDING UNITY READBACK"
"P0","proxy_placeholder","Assets/_Project/Art/Materials/Tools/Mat_Tool_HarpoonLauncher_Placeholder.mat","tool_placeholder_material_missing_pbr_roles","MATERIAL_FILE_TECHNICAL_PROPERTIES; material=Mat_Tool_HarpoonLauncher_Placeholder; folder_family=proxy_placeholder; shader=Assets/_Project/Art/Shaders/Hecton_ToolDecayLit.shader; texture_guid_refs=0; empty_slots=14; policy=NO_TEXTURE_GUIDS|EMPTY_TEXTURE_SLOTS_STATIC|PROXY_OR_PLACEHOLDER_TOKEN; route_risk=VISIBLE_ROUTE_REJECT_UNTIL_REPLACED","taskslocal/asset_system_20260605/ASSET_OWNER_24_PRODUCT_FACE_MATERIAL_REPAIR_PACKET.md","Unity readback required: shader object, effective texture slots, renderer users, scene instance binding, keywords, render queue, material instance count, SRP Batcher/instancing risk.","No proxy/placeholder visible route promotion, no low-tier fallback through proxy material, no raw YAML edit, no per-object material clone.","Unity material readback, texture import readback where maps change, material family/channel manifest, h8_1475 proof packet screenshots, Frame Debugger or RenderGraph/Stats evidence, Console, memory/VRAM evidence.","PENDING UNITY READBACK"
"P0","proxy_placeholder","Assets/_Project/Art/Materials/Tools/Mat_Tool_Knife_Placeholder.mat","tool_placeholder_material_missing_pbr_roles","MATERIAL_FILE_TECHNICAL_PROPERTIES; material=Mat_Tool_Knife_Placeholder; folder_family=proxy_placeholder; shader=Assets/_Project/Art/Shaders/Hecton_ToolDecayLit.shader; texture_guid_refs=0; empty_slots=14; policy=NO_TEXTURE_GUIDS|EMPTY_TEXTURE_SLOTS_STATIC|PROXY_OR_PLACEHOLDER_TOKEN; route_risk=VISIBLE_ROUTE_REJECT_UNTIL_REPLACED","taskslocal/asset_system_20260605/ASSET_OWNER_24_PRODUCT_FACE_MATERIAL_REPAIR_PACKET.md","Unity readback required: shader object, effective texture slots, renderer users, scene instance binding, keywords, render queue, material instance count, SRP Batcher/instancing risk.","No proxy/placeholder visible route promotion, no low-tier fallback through proxy material, no raw YAML edit, no per-object material clone.","Unity material readback, texture import readback where maps change, material family/channel manifest, h8_1475 proof packet screenshots, Frame Debugger or RenderGraph/Stats evidence, Console, memory/VRAM evidence.","PENDING UNITY READBACK"
"P0","proxy_placeholder","Assets/_Project/Art/Materials/Tools/Mat_Tool_LaserCutter_Placeholder.mat","tool_placeholder_material_missing_pbr_roles","MATERIAL_FILE_TECHNICAL_PROPERTIES; material=Mat_Tool_LaserCutter_Placeholder; folder_family=proxy_placeholder; shader=Assets/_Project/Art/Shaders/Hecton_ToolDecayLit.shader; texture_guid_refs=0; empty_slots=14; policy=NO_TEXTURE_GUIDS|EMPTY_TEXTURE_SLOTS_STATIC|PROXY_OR_PLACEHOLDER_TOKEN; route_risk=VISIBLE_ROUTE_REJECT_UNTIL_REPLACED","taskslocal/asset_system_20260605/ASSET_OWNER_24_PRODUCT_FACE_MATERIAL_REPAIR_PACKET.md","Unity readback required: shader object, effective texture slots, renderer users, scene instance binding, keywords, render queue, material instance count, SRP Batcher/instancing risk.","No proxy/placeholder visible route promotion, no low-tier fallback through proxy material, no raw YAML edit, no per-object material clone.","Unity material readback, texture import readback where maps change, material family/channel manifest, h8_1475 proof packet screenshots, Frame Debugger or RenderGraph/Stats evidence, Console, memory/VRAM evidence.","PENDING UNITY READBACK"
"P0","proxy_placeholder","Assets/_Project/Art/Materials/Tools/Mat_Tool_Propulsion_Placeholder.mat","tool_placeholder_material_missing_pbr_roles","MATERIAL_FILE_TECHNICAL_PROPERTIES; material=Mat_Tool_Propulsion_Placeholder; folder_family=proxy_placeholder; shader=Assets/_Project/Art/Shaders/Hecton_ToolDecayLit.shader; texture_guid_refs=0; empty_slots=14; policy=NO_TEXTURE_GUIDS|EMPTY_TEXTURE_SLOTS_STATIC|PROXY_OR_PLACEHOLDER_TOKEN; route_risk=VISIBLE_ROUTE_REJECT_UNTIL_REPLACED","taskslocal/asset_system_20260605/ASSET_OWNER_24_PRODUCT_FACE_MATERIAL_REPAIR_PACKET.md","Unity readback required: shader object, effective texture slots, renderer users, scene instance binding, keywords, render queue, material instance count, SRP Batcher/instancing risk.","No proxy/placeholder visible route promotion, no low-tier fallback through proxy material, no raw YAML edit, no per-object material clone.","Unity material readback, texture import readback where maps change, material family/channel manifest, h8_1475 proof packet screenshots, Frame Debugger or RenderGraph/Stats evidence, Console, memory/VRAM evidence.","PENDING UNITY READBACK"
"P0","proxy_placeholder","Assets/_Project/Art/Materials/Tools/Mat_Tool_Repair_Placeholder.mat","tool_placeholder_material_missing_pbr_roles","MATERIAL_FILE_TECHNICAL_PROPERTIES; material=Mat_Tool_Repair_Placeholder; folder_family=proxy_placeholder; shader=Assets/_Project/Art/Shaders/Hecton_ToolDecayLit.shader; texture_guid_refs=0; empty_slots=14; policy=NO_TEXTURE_GUIDS|EMPTY_TEXTURE_SLOTS_STATIC|PROXY_OR_PLACEHOLDER_TOKEN; route_risk=VISIBLE_ROUTE_REJECT_UNTIL_REPLACED","taskslocal/asset_system_20260605/ASSET_OWNER_24_PRODUCT_FACE_MATERIAL_REPAIR_PACKET.md","Unity readback required: shader object, effective texture slots, renderer users, scene instance binding, keywords, render queue, material instance count, SRP Batcher/instancing risk.","No proxy/placeholder visible route promotion, no low-tier fallback through proxy material, no raw YAML edit, no per-object material clone.","Unity material readback, texture import readback where maps change, material family/channel manifest, h8_1475 proof packet screenshots, Frame Debugger or RenderGraph/Stats evidence, Console, memory/VRAM evidence.","PENDING UNITY READBACK"
"P0","proxy_placeholder","Assets/_Project/Art/Materials/Tools/Mat_Tool_SalvageSampler_Placeholder.mat","tool_placeholder_material_missing_pbr_roles","MATERIAL_FILE_TECHNICAL_PROPERTIES; material=Mat_Tool_SalvageSampler_Placeholder; folder_family=proxy_placeholder; shader=Assets/_Project/Art/Shaders/Hecton_ToolDecayLit.shader; texture_guid_refs=0; empty_slots=14; policy=NO_TEXTURE_GUIDS|EMPTY_TEXTURE_SLOTS_STATIC|PROXY_OR_PLACEHOLDER_TOKEN; route_risk=VISIBLE_ROUTE_REJECT_UNTIL_REPLACED","taskslocal/asset_system_20260605/ASSET_OWNER_24_PRODUCT_FACE_MATERIAL_REPAIR_PACKET.md","Unity readback required: shader object, effective texture slots, renderer users, scene instance binding, keywords, render queue, material instance count, SRP Batcher/instancing risk.","No proxy/placeholder visible route promotion, no low-tier fallback through proxy material, no raw YAML edit, no per-object material clone.","Unity material readback, texture import readback where maps change, material family/channel manifest, h8_1475 proof packet screenshots, Frame Debugger or RenderGraph/Stats evidence, Console, memory/VRAM evidence.","PENDING UNITY READBACK"
"P0","proxy_placeholder","Assets/_Project/Art/Materials/Tools/Mat_Tool_Scanner_Placeholder.mat","tool_placeholder_material_missing_pbr_roles","MATERIAL_FILE_TECHNICAL_PROPERTIES; material=Mat_Tool_Scanner_Placeholder; folder_family=proxy_placeholder; shader=Assets/_Project/Art/Shaders/Hecton_ToolDecayLit.shader; texture_guid_refs=0; empty_slots=14; policy=NO_TEXTURE_GUIDS|EMPTY_TEXTURE_SLOTS_STATIC|PROXY_OR_PLACEHOLDER_TOKEN; route_risk=VISIBLE_ROUTE_REJECT_UNTIL_REPLACED","taskslocal/asset_system_20260605/ASSET_OWNER_24_PRODUCT_FACE_MATERIAL_REPAIR_PACKET.md","Unity readback required: shader object, effective texture slots, renderer users, scene instance binding, keywords, render queue, material instance count, SRP Batcher/instancing risk.","No proxy/placeholder visible route promotion, no low-tier fallback through proxy material, no raw YAML edit, no per-object material clone.","Unity material readback, texture import readback where maps change, material family/channel manifest, h8_1475 proof packet screenshots, Frame Debugger or RenderGraph/Stats evidence, Console, memory/VRAM evidence.","PENDING UNITY READBACK"
"P0","proxy_placeholder","Assets/_Project/Art/Materials/Tools/Mat_Tool_StunPistol_Placeholder.mat","tool_placeholder_material_missing_pbr_roles","MATERIAL_FILE_TECHNICAL_PROPERTIES; material=Mat_Tool_StunPistol_Placeholder; folder_family=proxy_placeholder; shader=Assets/_Project/Art/Shaders/Hecton_ToolDecayLit.shader; texture_guid_refs=0; empty_slots=14; policy=NO_TEXTURE_GUIDS|EMPTY_TEXTURE_SLOTS_STATIC|PROXY_OR_PLACEHOLDER_TOKEN; route_risk=VISIBLE_ROUTE_REJECT_UNTIL_REPLACED","taskslocal/asset_system_20260605/ASSET_OWNER_24_PRODUCT_FACE_MATERIAL_REPAIR_PACKET.md","Unity readback required: shader object, effective texture slots, renderer users, scene instance binding, keywords, render queue, material instance count, SRP Batcher/instancing risk.","No proxy/placeholder visible route promotion, no low-tier fallback through proxy material, no raw YAML edit, no per-object material clone.","Unity material readback, texture import readback where maps change, material family/channel manifest, h8_1475 proof packet screenshots, Frame Debugger or RenderGraph/Stats evidence, Console, memory/VRAM evidence.","PENDING UNITY READBACK"
"P0","proxy_placeholder","Assets/_Project/Art/Materials/WorldProceduralProxy/MAT_family_coral_branching.mat","world_procedural_proxy_material_route","MATERIAL_FILE_TECHNICAL_PROPERTIES; material=MAT_family_coral_branching; folder_family=proxy_placeholder; shader=Assets/_Project/Art/Shaders/Hecton_CoralMaster_GPUI.shader; texture_guid_refs=4; empty_slots=13; policy=EMPTY_TEXTURE_SLOTS_STATIC|WORLDPROCEDURALPROXY_TOKEN; route_risk=VISIBLE_ROUTE_REJECT_UNTIL_REPLACED","taskslocal/asset_system_20260605/ASSET_OWNER_24_PRODUCT_FACE_MATERIAL_REPAIR_PACKET.md","Unity readback required: shader object, effective texture slots, renderer users, scene instance binding, keywords, render queue, material instance count, SRP Batcher/instancing risk.","No proxy/placeholder visible route promotion, no low-tier fallback through proxy material, no raw YAML edit, no per-object material clone.","Unity material readback, texture import readback where maps change, material family/channel manifest, h8_1475 proof packet screenshots, Frame Debugger or RenderGraph/Stats evidence, Console, memory/VRAM evidence.","PENDING UNITY READBACK"
"P0","proxy_placeholder","Assets/_Project/Art/Materials/WorldProceduralProxy/MAT_family_coral_brittle.mat","world_procedural_proxy_material_route","MATERIAL_FILE_TECHNICAL_PROPERTIES; material=MAT_family_coral_brittle; folder_family=proxy_placeholder; shader=Assets/_Project/Art/Shaders/Hecton_CoralMaster_GPUI.shader; texture_guid_refs=4; empty_slots=13; policy=EMPTY_TEXTURE_SLOTS_STATIC|WORLDPROCEDURALPROXY_TOKEN; route_risk=VISIBLE_ROUTE_REJECT_UNTIL_REPLACED","taskslocal/asset_system_20260605/ASSET_OWNER_24_PRODUCT_FACE_MATERIAL_REPAIR_PACKET.md","Unity readback required: shader object, effective texture slots, renderer users, scene instance binding, keywords, render queue, material instance count, SRP Batcher/instancing risk.","No proxy/placeholder visible route promotion, no low-tier fallback through proxy material, no raw YAML edit, no per-object material clone.","Unity material readback, texture import readback where maps change, material family/channel manifest, h8_1475 proof packet screenshots, Frame Debugger or RenderGraph/Stats evidence, Console, memory/VRAM evidence.","PENDING UNITY READBACK"
"P0","proxy_placeholder","Assets/_Project/Art/Materials/WorldProceduralProxy/MAT_family_coral_low.mat","world_procedural_proxy_material_route","MATERIAL_FILE_TECHNICAL_PROPERTIES; material=MAT_family_coral_low; folder_family=proxy_placeholder; shader=Assets/_Project/Art/Shaders/Hecton_CoralMaster_GPUI.shader; texture_guid_refs=4; empty_slots=13; policy=EMPTY_TEXTURE_SLOTS_STATIC|WORLDPROCEDURALPROXY_TOKEN; route_risk=VISIBLE_ROUTE_REJECT_UNTIL_REPLACED","taskslocal/asset_system_20260605/ASSET_OWNER_24_PRODUCT_FACE_MATERIAL_REPAIR_PACKET.md","Unity readback required: shader object, effective texture slots, renderer users, scene instance binding, keywords, render queue, material instance count, SRP Batcher/instancing risk.","No proxy/placeholder visible route promotion, no low-tier fallback through proxy material, no raw YAML edit, no per-object material clone.","Unity material readback, texture import readback where maps change, material family/channel manifest, h8_1475 proof packet screenshots, Frame Debugger or RenderGraph/Stats evidence, Console, memory/VRAM evidence.","PENDING UNITY READBACK"
"P0","proxy_placeholder","Assets/_Project/Art/Materials/WorldProceduralProxy/MAT_family_coral_massive.mat","world_procedural_proxy_material_route","MATERIAL_FILE_TECHNICAL_PROPERTIES; material=MAT_family_coral_massive; folder_family=proxy_placeholder; shader=Assets/_Project/Art/Shaders/Hecton_CoralMaster_GPUI.shader; texture_guid_refs=4; empty_slots=13; policy=EMPTY_TEXTURE_SLOTS_STATIC|WORLDPROCEDURALPROXY_TOKEN; route_risk=VISIBLE_ROUTE_REJECT_UNTIL_REPLACED","taskslocal/asset_system_20260605/ASSET_OWNER_24_PRODUCT_FACE_MATERIAL_REPAIR_PACKET.md","Unity readback required: shader object, effective texture slots, renderer users, scene instance binding, keywords, render queue, material instance count, SRP Batcher/instancing risk.","No proxy/placeholder visible route promotion, no low-tier fallback through proxy material, no raw YAML edit, no per-object material clone.","Unity material readback, texture import readback where maps change, material family/channel manifest, h8_1475 proof packet screenshots, Frame Debugger or RenderGraph/Stats evidence, Console, memory/VRAM evidence.","PENDING UNITY READBACK"
"P0","proxy_placeholder","Assets/_Project/Art/Materials/WorldProceduralProxy/MAT_family_coral_plate.mat","world_procedural_proxy_material_route","MATERIAL_FILE_TECHNICAL_PROPERTIES; material=MAT_family_coral_plate; folder_family=proxy_placeholder; shader=Assets/_Project/Art/Shaders/Hecton_CoralMaster_GPUI.shader; texture_guid_refs=4; empty_slots=13; policy=EMPTY_TEXTURE_SLOTS_STATIC|WORLDPROCEDURALPROXY_TOKEN; route_risk=VISIBLE_ROUTE_REJECT_UNTIL_REPLACED","taskslocal/asset_system_20260605/ASSET_OWNER_24_PRODUCT_FACE_MATERIAL_REPAIR_PACKET.md","Unity readback required: shader object, effective texture slots, renderer users, scene instance binding, keywords, render queue, material instance count, SRP Batcher/instancing risk.","No proxy/placeholder visible route promotion, no low-tier fallback through proxy material, no raw YAML edit, no per-object material clone.","Unity material readback, texture import readback where maps change, material family/channel manifest, h8_1475 proof packet screenshots, Frame Debugger or RenderGraph/Stats evidence, Console, memory/VRAM evidence.","PENDING UNITY READBACK"
"P0","proxy_placeholder","Assets/_Project/Art/Materials/WorldProceduralProxy/MAT_family_kelp_abyssal.mat","world_procedural_proxy_material_route","MATERIAL_FILE_TECHNICAL_PROPERTIES; material=MAT_family_kelp_abyssal; folder_family=proxy_placeholder; shader=Assets/_Project/Art/Shaders/Hecton_KelpMaster_GPUI.shader; texture_guid_refs=4; empty_slots=13; policy=EMPTY_TEXTURE_SLOTS_STATIC|WORLDPROCEDURALPROXY_TOKEN; route_risk=VISIBLE_ROUTE_REJECT_UNTIL_REPLACED","taskslocal/asset_system_20260605/ASSET_OWNER_24_PRODUCT_FACE_MATERIAL_REPAIR_PACKET.md","Unity readback required: shader object, effective texture slots, renderer users, scene instance binding, keywords, render queue, material instance count, SRP Batcher/instancing risk.","No proxy/placeholder visible route promotion, no low-tier fallback through proxy material, no raw YAML edit, no per-object material clone.","Unity material readback, texture import readback where maps change, material family/channel manifest, h8_1475 proof packet screenshots, Frame Debugger or RenderGraph/Stats evidence, Console, memory/VRAM evidence.","PENDING UNITY READBACK"
"P0","proxy_placeholder","Assets/_Project/Art/Materials/WorldProceduralProxy/MAT_family_kelp_canopy.mat","world_procedural_proxy_material_route","MATERIAL_FILE_TECHNICAL_PROPERTIES; material=MAT_family_kelp_canopy; folder_family=proxy_placeholder; shader=Assets/_Project/Art/Shaders/Hecton_KelpMaster_GPUI.shader; texture_guid_refs=4; empty_slots=13; policy=EMPTY_TEXTURE_SLOTS_STATIC|WORLDPROCEDURALPROXY_TOKEN; route_risk=VISIBLE_ROUTE_REJECT_UNTIL_REPLACED","taskslocal/asset_system_20260605/ASSET_OWNER_24_PRODUCT_FACE_MATERIAL_REPAIR_PACKET.md","Unity readback required: shader object, effective texture slots, renderer users, scene instance binding, keywords, render queue, material instance count, SRP Batcher/instancing risk.","No proxy/placeholder visible route promotion, no low-tier fallback through proxy material, no raw YAML edit, no per-object material clone.","Unity material readback, texture import readback where maps change, material family/channel manifest, h8_1475 proof packet screenshots, Frame Debugger or RenderGraph/Stats evidence, Console, memory/VRAM evidence.","PENDING UNITY READBACK"
"P0","proxy_placeholder","Assets/_Project/Art/Materials/WorldProceduralProxy/MAT_family_kelp_patch_dense.mat","world_procedural_proxy_material_route","MATERIAL_FILE_TECHNICAL_PROPERTIES; material=MAT_family_kelp_patch_dense; folder_family=proxy_placeholder; shader=Assets/_Project/Art/Shaders/Hecton_KelpMaster_GPUI.shader; texture_guid_refs=4; empty_slots=13; policy=EMPTY_TEXTURE_SLOTS_STATIC|WORLDPROCEDURALPROXY_TOKEN; route_risk=VISIBLE_ROUTE_REJECT_UNTIL_REPLACED","taskslocal/asset_system_20260605/ASSET_OWNER_24_PRODUCT_FACE_MATERIAL_REPAIR_PACKET.md","Unity readback required: shader object, effective texture slots, renderer users, scene instance binding, keywords, render queue, material instance count, SRP Batcher/instancing risk.","No proxy/placeholder visible route promotion, no low-tier fallback through proxy material, no raw YAML edit, no per-object material clone.","Unity material readback, texture import readback where maps change, material family/channel manifest, h8_1475 proof packet screenshots, Frame Debugger or RenderGraph/Stats evidence, Console, memory/VRAM evidence.","PENDING UNITY READBACK"
"P0","proxy_placeholder","Assets/_Project/Art/Materials/WorldProceduralProxy/MAT_family_kelp_tall.mat","world_procedural_proxy_material_route","MATERIAL_FILE_TECHNICAL_PROPERTIES; material=MAT_family_kelp_tall; folder_family=proxy_placeholder; shader=Assets/_Project/Art/Shaders/Hecton_KelpMaster_GPUI.shader; texture_guid_refs=4; empty_slots=13; policy=EMPTY_TEXTURE_SLOTS_STATIC|WORLDPROCEDURALPROXY_TOKEN; route_risk=VISIBLE_ROUTE_REJECT_UNTIL_REPLACED","taskslocal/asset_system_20260605/ASSET_OWNER_24_PRODUCT_FACE_MATERIAL_REPAIR_PACKET.md","Unity readback required: shader object, effective texture slots, renderer users, scene instance binding, keywords, render queue, material instance count, SRP Batcher/instancing risk.","No proxy/placeholder visible route promotion, no low-tier fallback through proxy material, no raw YAML edit, no per-object material clone.","Unity material readback, texture import readback where maps change, material family/channel manifest, h8_1475 proof packet screenshots, Frame Debugger or RenderGraph/Stats evidence, Console, memory/VRAM evidence.","PENDING UNITY READBACK"
"P0","proxy_placeholder","Assets/_Project/Art/Materials/WorldProceduralProxy/MAT_Flora_ImpostorAtlas.mat","world_procedural_proxy_material_route","MATERIAL_FILE_TECHNICAL_PROPERTIES; material=MAT_Flora_ImpostorAtlas; folder_family=proxy_placeholder; shader=Assets/_Project/Art/Shaders/Hecton_GeologyImpostorBillboard.shader; texture_guid_refs=1; empty_slots=0; policy=WORLDPROCEDURALPROXY_TOKEN; route_risk=VISIBLE_ROUTE_REJECT_UNTIL_REPLACED","taskslocal/asset_system_20260605/ASSET_OWNER_24_PRODUCT_FACE_MATERIAL_REPAIR_PACKET.md","Unity readback required: shader object, effective texture slots, renderer users, scene instance binding, keywords, render queue, material instance count, SRP Batcher/instancing risk.","No proxy/placeholder visible route promotion, no low-tier fallback through proxy material, no raw YAML edit, no per-object material clone.","Unity material readback, texture import readback where maps change, material family/channel manifest, h8_1475 proof packet screenshots, Frame Debugger or RenderGraph/Stats evidence, Console, memory/VRAM evidence.","PENDING UNITY READBACK"
"P0","proxy_placeholder","Assets/_Project/Art/Materials/WorldProceduralProxy/MAT_ProceduralBio_Shallows.mat","world_procedural_proxy_material_route","MATERIAL_FILE_TECHNICAL_PROPERTIES; material=MAT_ProceduralBio_Shallows; folder_family=proxy_placeholder; shader=Assets/_Project/Art/Shaders/Hecton_ProceduralBio.shader; texture_guid_refs=4; empty_slots=0; policy=WORLDPROCEDURALPROXY_TOKEN; route_risk=VISIBLE_ROUTE_REJECT_UNTIL_REPLACED","taskslocal/asset_system_20260605/ASSET_OWNER_24_PRODUCT_FACE_MATERIAL_REPAIR_PACKET.md","Unity readback required: shader object, effective texture slots, renderer users, scene instance binding, keywords, render queue, material instance count, SRP Batcher/instancing risk.","No proxy/placeholder visible route promotion, no low-tier fallback through proxy material, no raw YAML edit, no per-object material clone.","Unity material readback, texture import readback where maps change, material family/channel manifest, h8_1475 proof packet screenshots, Frame Debugger or RenderGraph/Stats evidence, Console, memory/VRAM evidence.","PENDING UNITY READBACK"
"P0","proxy_placeholder","Assets/_Project/Materials/WorldRuntime/ProceduralPlaceholders/Flora/MAT_family_coral_branching_Placeholder.mat","world_runtime_placeholder_material_route","MATERIAL_FILE_TECHNICAL_PROPERTIES; material=MAT_family_coral_branching_Placeholder; folder_family=proxy_placeholder; shader=NONE; texture_guid_refs=0; empty_slots=14; policy=SHADER_GUID_UNRESOLVED_STATIC|NO_TEXTURE_GUIDS|EMPTY_TEXTURE_SLOTS_STATIC|PROXY_OR_PLACEHOLDER_TOKEN; route_risk=VISIBLE_ROUTE_REJECT_UNTIL_REPLACED","taskslocal/asset_system_20260605/ASSET_OWNER_24_PRODUCT_FACE_MATERIAL_REPAIR_PACKET.md","Unity readback required: shader object, effective texture slots, renderer users, scene instance binding, keywords, render queue, material instance count, SRP Batcher/instancing risk.","No proxy/placeholder visible route promotion, no low-tier fallback through proxy material, no raw YAML edit, no per-object material clone.","Unity material readback, texture import readback where maps change, material family/channel manifest, h8_1475 proof packet screenshots, Frame Debugger or RenderGraph/Stats evidence, Console, memory/VRAM evidence.","PENDING UNITY READBACK"
"P0","proxy_placeholder","Assets/_Project/Materials/WorldRuntime/ProceduralPlaceholders/Flora/MAT_family_coral_low_Placeholder.mat","world_runtime_placeholder_material_route","MATERIAL_FILE_TECHNICAL_PROPERTIES; material=MAT_family_coral_low_Placeholder; folder_family=proxy_placeholder; shader=NONE; texture_guid_refs=0; empty_slots=14; policy=SHADER_GUID_UNRESOLVED_STATIC|NO_TEXTURE_GUIDS|EMPTY_TEXTURE_SLOTS_STATIC|PROXY_OR_PLACEHOLDER_TOKEN; route_risk=VISIBLE_ROUTE_REJECT_UNTIL_REPLACED","taskslocal/asset_system_20260605/ASSET_OWNER_24_PRODUCT_FACE_MATERIAL_REPAIR_PACKET.md","Unity readback required: shader object, effective texture slots, renderer users, scene instance binding, keywords, render queue, material instance count, SRP Batcher/instancing risk.","No proxy/placeholder visible route promotion, no low-tier fallback through proxy material, no raw YAML edit, no per-object material clone.","Unity material readback, texture import readback where maps change, material family/channel manifest, h8_1475 proof packet screenshots, Frame Debugger or RenderGraph/Stats evidence, Console, memory/VRAM evidence.","PENDING UNITY READBACK"
"P0","proxy_placeholder","Assets/_Project/Materials/WorldRuntime/ProceduralPlaceholders/Flora/MAT_family_coral_massive_Placeholder.mat","world_runtime_placeholder_material_route","MATERIAL_FILE_TECHNICAL_PROPERTIES; material=MAT_family_coral_massive_Placeholder; folder_family=proxy_placeholder; shader=NONE; texture_guid_refs=0; empty_slots=14; policy=SHADER_GUID_UNRESOLVED_STATIC|NO_TEXTURE_GUIDS|EMPTY_TEXTURE_SLOTS_STATIC|PROXY_OR_PLACEHOLDER_TOKEN; route_risk=VISIBLE_ROUTE_REJECT_UNTIL_REPLACED","taskslocal/asset_system_20260605/ASSET_OWNER_24_PRODUCT_FACE_MATERIAL_REPAIR_PACKET.md","Unity readback required: shader object, effective texture slots, renderer users, scene instance binding, keywords, render queue, material instance count, SRP Batcher/instancing risk.","No proxy/placeholder visible route promotion, no low-tier fallback through proxy material, no raw YAML edit, no per-object material clone.","Unity material readback, texture import readback where maps change, material family/channel manifest, h8_1475 proof packet screenshots, Frame Debugger or RenderGraph/Stats evidence, Console, memory/VRAM evidence.","PENDING UNITY READBACK"
"P0","proxy_placeholder","Assets/_Project/Materials/WorldRuntime/ProceduralPlaceholders/Flora/MAT_family_coral_plate_Placeholder.mat","world_runtime_placeholder_material_route","MATERIAL_FILE_TECHNICAL_PROPERTIES; material=MAT_family_coral_plate_Placeholder; folder_family=proxy_placeholder; shader=NONE; texture_guid_refs=0; empty_slots=14; policy=SHADER_GUID_UNRESOLVED_STATIC|NO_TEXTURE_GUIDS|EMPTY_TEXTURE_SLOTS_STATIC|PROXY_OR_PLACEHOLDER_TOKEN; route_risk=VISIBLE_ROUTE_REJECT_UNTIL_REPLACED","taskslocal/asset_system_20260605/ASSET_OWNER_24_PRODUCT_FACE_MATERIAL_REPAIR_PACKET.md","Unity readback required: shader object, effective texture slots, renderer users, scene instance binding, keywords, render queue, material instance count, SRP Batcher/instancing risk.","No proxy/placeholder visible route promotion, no low-tier fallback through proxy material, no raw YAML edit, no per-object material clone.","Unity material readback, texture import readback where maps change, material family/channel manifest, h8_1475 proof packet screenshots, Frame Debugger or RenderGraph/Stats evidence, Console, memory/VRAM evidence.","PENDING UNITY READBACK"
"P0","proxy_placeholder","Assets/_Project/Materials/WorldRuntime/ProceduralPlaceholders/Flora/MAT_family_kelp_canopy_Placeholder.mat","world_runtime_placeholder_material_route","MATERIAL_FILE_TECHNICAL_PROPERTIES; material=MAT_family_kelp_canopy_Placeholder; folder_family=proxy_placeholder; shader=NONE; texture_guid_refs=0; empty_slots=14; policy=SHADER_GUID_UNRESOLVED_STATIC|NO_TEXTURE_GUIDS|EMPTY_TEXTURE_SLOTS_STATIC|PROXY_OR_PLACEHOLDER_TOKEN; route_risk=VISIBLE_ROUTE_REJECT_UNTIL_REPLACED","taskslocal/asset_system_20260605/ASSET_OWNER_24_PRODUCT_FACE_MATERIAL_REPAIR_PACKET.md","Unity readback required: shader object, effective texture slots, renderer users, scene instance binding, keywords, render queue, material instance count, SRP Batcher/instancing risk.","No proxy/placeholder visible route promotion, no low-tier fallback through proxy material, no raw YAML edit, no per-object material clone.","Unity material readback, texture import readback where maps change, material family/channel manifest, h8_1475 proof packet screenshots, Frame Debugger or RenderGraph/Stats evidence, Console, memory/VRAM evidence.","PENDING UNITY READBACK"
"P0","proxy_placeholder","Assets/_Project/Materials/WorldRuntime/ProceduralPlaceholders/Flora/MAT_family_kelp_patch_dense_Placeholder.mat","world_runtime_placeholder_material_route","MATERIAL_FILE_TECHNICAL_PROPERTIES; material=MAT_family_kelp_patch_dense_Placeholder; folder_family=proxy_placeholder; shader=NONE; texture_guid_refs=0; empty_slots=14; policy=SHADER_GUID_UNRESOLVED_STATIC|NO_TEXTURE_GUIDS|EMPTY_TEXTURE_SLOTS_STATIC|PROXY_OR_PLACEHOLDER_TOKEN; route_risk=VISIBLE_ROUTE_REJECT_UNTIL_REPLACED","taskslocal/asset_system_20260605/ASSET_OWNER_24_PRODUCT_FACE_MATERIAL_REPAIR_PACKET.md","Unity readback required: shader object, effective texture slots, renderer users, scene instance binding, keywords, render queue, material instance count, SRP Batcher/instancing risk.","No proxy/placeholder visible route promotion, no low-tier fallback through proxy material, no raw YAML edit, no per-object material clone.","Unity material readback, texture import readback where maps change, material family/channel manifest, h8_1475 proof packet screenshots, Frame Debugger or RenderGraph/Stats evidence, Console, memory/VRAM evidence.","PENDING UNITY READBACK"
"P0","proxy_placeholder","Assets/_Project/Materials/WorldRuntime/ProceduralPlaceholders/Flora/MAT_family_kelp_tall_Placeholder.mat","world_runtime_placeholder_material_route","MATERIAL_FILE_TECHNICAL_PROPERTIES; material=MAT_family_kelp_tall_Placeholder; folder_family=proxy_placeholder; shader=NONE; texture_guid_refs=0; empty_slots=14; policy=SHADER_GUID_UNRESOLVED_STATIC|NO_TEXTURE_GUIDS|EMPTY_TEXTURE_SLOTS_STATIC|PROXY_OR_PLACEHOLDER_TOKEN; route_risk=VISIBLE_ROUTE_REJECT_UNTIL_REPLACED","taskslocal/asset_system_20260605/ASSET_OWNER_24_PRODUCT_FACE_MATERIAL_REPAIR_PACKET.md","Unity readback required: shader object, effective texture slots, renderer users, scene instance binding, keywords, render queue, material instance count, SRP Batcher/instancing risk.","No proxy/placeholder visible route promotion, no low-tier fallback through proxy material, no raw YAML edit, no per-object material clone.","Unity material readback, texture import readback where maps change, material family/channel manifest, h8_1475 proof packet screenshots, Frame Debugger or RenderGraph/Stats evidence, Console, memory/VRAM evidence.","PENDING UNITY READBACK"
"P0","proxy_placeholder","Assets/_Project/Materials/WorldRuntime/ProceduralPlaceholders/Flora/MAT_family_plant_giant_Placeholder.mat","world_runtime_placeholder_material_route","MATERIAL_FILE_TECHNICAL_PROPERTIES; material=MAT_family_plant_giant_Placeholder; folder_family=proxy_placeholder; shader=NONE; texture_guid_refs=0; empty_slots=14; policy=SHADER_GUID_UNRESOLVED_STATIC|NO_TEXTURE_GUIDS|EMPTY_TEXTURE_SLOTS_STATIC|PROXY_OR_PLACEHOLDER_TOKEN; route_risk=VISIBLE_ROUTE_REJECT_UNTIL_REPLACED","taskslocal/asset_system_20260605/ASSET_OWNER_24_PRODUCT_FACE_MATERIAL_REPAIR_PACKET.md","Unity readback required: shader object, effective texture slots, renderer users, scene instance binding, keywords, render queue, material instance count, SRP Batcher/instancing risk.","No proxy/placeholder visible route promotion, no low-tier fallback through proxy material, no raw YAML edit, no per-object material clone.","Unity material readback, texture import readback where maps change, material family/channel manifest, h8_1475 proof packet screenshots, Frame Debugger or RenderGraph/Stats evidence, Console, memory/VRAM evidence.","PENDING UNITY READBACK"
"P0","sky_aegir_cloud","Assets/_Project/Art/Materials/Celestial/MAT_AegirGasGiant_Impostor_1428.mat","sky_aegir_material_readback_required","MATERIAL_FILE_TECHNICAL_PROPERTIES; material=MAT_AegirGasGiant_Impostor_1428; folder_family=sky_aegir_cloud; shader=Assets/_Project/Art/Shaders/H8_AegirGasGiantImpostor_1428.shader; texture_guid_refs=3; empty_slots=0; policy=STATIC_NO_IMMEDIATE_FLAG; route_risk=FIRST20_ROUTE_READBACK_REQUIRED","taskslocal/asset_system_20260605/ASSET_OWNER_24_PRODUCT_FACE_MATERIAL_REPAIR_PACKET.md","Unity readback required: shader object, effective texture slots, renderer users, scene instance binding, keywords, render queue, material instance count, SRP Batcher/instancing risk.","No darkness, storm grade, noir grade, stale YAML slot patch, duplicate sky owner, or muddy Aegir coverup.","Unity material readback, texture import readback where maps change, material family/channel manifest, h8_1475 proof packet screenshots, Frame Debugger or RenderGraph/Stats evidence, Console, memory/VRAM evidence.","PENDING UNITY READBACK"
"P0","sky_aegir_cloud","Assets/_Project/Art/Materials/Mat_AegirHazeOverlay.mat","sky_aegir_material_readback_required","MATERIAL_FILE_TECHNICAL_PROPERTIES; material=Mat_AegirHazeOverlay; folder_family=sky_aegir_cloud; shader=Assets/_Project/Art/Shaders/Hecton_AegirHazeOverlay.shader; texture_guid_refs=0; empty_slots=0; policy=NO_TEXTURE_GUIDS; route_risk=FIRST20_ROUTE_READBACK_REQUIRED","taskslocal/asset_system_20260605/ASSET_OWNER_24_PRODUCT_FACE_MATERIAL_REPAIR_PACKET.md","Unity readback required: shader object, effective texture slots, renderer users, scene instance binding, keywords, render queue, material instance count, SRP Batcher/instancing risk.","No darkness, storm grade, noir grade, stale YAML slot patch, duplicate sky owner, or muddy Aegir coverup.","Unity material readback, texture import readback where maps change, material family/channel manifest, h8_1475 proof packet screenshots, Frame Debugger or RenderGraph/Stats evidence, Console, memory/VRAM evidence.","PENDING UNITY READBACK"
"P0","sky_aegir_cloud","Assets/_Project/Art/Materials/Mat_HectonSky.mat","sky_aegir_material_readback_required","MATERIAL_FILE_TECHNICAL_PROPERTIES; material=Mat_HectonSky; folder_family=sky_aegir_cloud; shader=Assets/_Project/Art/Shaders/Hecton_AlienSky_Master.shader; texture_guid_refs=3; empty_slots=18; policy=EMPTY_TEXTURE_SLOTS_STATIC; route_risk=FIRST20_ROUTE_READBACK_REQUIRED","taskslocal/asset_system_20260605/ASSET_OWNER_24_PRODUCT_FACE_MATERIAL_REPAIR_PACKET.md","Unity readback required: shader object, effective texture slots, renderer users, scene instance binding, keywords, render queue, material instance count, SRP Batcher/instancing risk.","No darkness, storm grade, noir grade, stale YAML slot patch, duplicate sky owner, or muddy Aegir coverup.","Unity material readback, texture import readback where maps change, material family/channel manifest, h8_1475 proof packet screenshots, Frame Debugger or RenderGraph/Stats evidence, Console, memory/VRAM evidence.","PENDING UNITY READBACK"
"P0","sky_aegir_cloud","Assets/_Project/Art/Materials/Mat_HectonSky_CloudOverlay.mat","sky_aegir_material_readback_required","MATERIAL_FILE_TECHNICAL_PROPERTIES; material=Mat_HectonSky_CloudOverlay; folder_family=sky_aegir_cloud; shader=Assets/_Project/Art/Shaders/Hecton_AlienSky_Master.shader; texture_guid_refs=4; empty_slots=17; policy=EMPTY_TEXTURE_SLOTS_STATIC; route_risk=FIRST20_ROUTE_READBACK_REQUIRED","taskslocal/asset_system_20260605/ASSET_OWNER_24_PRODUCT_FACE_MATERIAL_REPAIR_PACKET.md","Unity readback required: shader object, effective texture slots, renderer users, scene instance binding, keywords, render queue, material instance count, SRP Batcher/instancing risk.","No darkness, storm grade, noir grade, stale YAML slot patch, duplicate sky owner, or muddy Aegir coverup.","Unity material readback, texture import readback where maps change, material family/channel manifest, h8_1475 proof packet screenshots, Frame Debugger or RenderGraph/Stats evidence, Console, memory/VRAM evidence.","PENDING UNITY READBACK"
"P0","sky_aegir_cloud","Assets/_Project/Art/Materials/Sky/MAT_AegirSky_Master.mat","sky_aegir_material_readback_required","MATERIAL_FILE_TECHNICAL_PROPERTIES; material=MAT_AegirSky_Master; folder_family=sky_aegir_cloud; shader=Assets/_Project/Art/Shaders/Sky/Hecton_AegirSky.shader; texture_guid_refs=1; empty_slots=0; policy=STATIC_NO_IMMEDIATE_FLAG; route_risk=FIRST20_ROUTE_READBACK_REQUIRED","taskslocal/asset_system_20260605/ASSET_OWNER_24_PRODUCT_FACE_MATERIAL_REPAIR_PACKET.md","Unity readback required: shader object, effective texture slots, renderer users, scene instance binding, keywords, render queue, material instance count, SRP Batcher/instancing risk.","No darkness, storm grade, noir grade, stale YAML slot patch, duplicate sky owner, or muddy Aegir coverup.","Unity material readback, texture import readback where maps change, material family/channel manifest, h8_1475 proof packet screenshots, Frame Debugger or RenderGraph/Stats evidence, Console, memory/VRAM evidence.","PENDING UNITY READBACK"
"P0","sky_aegir_cloud","Assets/_Project/Art/Materials/Skybox.mat","sky_aegir_material_readback_required","MATERIAL_FILE_TECHNICAL_PROPERTIES; material=Skybox; folder_family=sky_aegir_cloud; shader=NONE; texture_guid_refs=6; empty_slots=9; policy=SHADER_GUID_UNRESOLVED_STATIC|EMPTY_TEXTURE_SLOTS_STATIC|SHADER_KEYWORDS_STATIC; route_risk=FIRST20_ROUTE_READBACK_REQUIRED","taskslocal/asset_system_20260605/ASSET_OWNER_24_PRODUCT_FACE_MATERIAL_REPAIR_PACKET.md","Unity readback required: shader object, effective texture slots, renderer users, scene instance binding, keywords, render queue, material instance count, SRP Batcher/instancing risk.","No darkness, storm grade, noir grade, stale YAML slot patch, duplicate sky owner, or muddy Aegir coverup.","Unity material readback, texture import readback where maps change, material family/channel manifest, h8_1475 proof packet screenshots, Frame Debugger or RenderGraph/Stats evidence, Console, memory/VRAM evidence.","PENDING UNITY READBACK"
"P0","sky_aegir_cloud","Assets/_Project/Art/Materials/World/MAT_H8AegirGasGiantReal_1428.mat","sky_aegir_material_readback_required","MATERIAL_FILE_TECHNICAL_PROPERTIES; material=MAT_H8AegirGasGiantReal_1428; folder_family=sky_aegir_cloud; shader=NONE; texture_guid_refs=2; empty_slots=0; policy=SHADER_GUID_UNRESOLVED_STATIC; route_risk=FIRST20_ROUTE_READBACK_REQUIRED","taskslocal/asset_system_20260605/ASSET_OWNER_24_PRODUCT_FACE_MATERIAL_REPAIR_PACKET.md","Unity readback required: shader object, effective texture slots, renderer users, scene instance binding, keywords, render queue, material instance count, SRP Batcher/instancing risk.","No darkness, storm grade, noir grade, stale YAML slot patch, duplicate sky owner, or muddy Aegir coverup.","Unity material readback, texture import readback where maps change, material family/channel manifest, h8_1475 proof packet screenshots, Frame Debugger or RenderGraph/Stats evidence, Console, memory/VRAM evidence.","PENDING UNITY READBACK"
"P0","sky_aegir_cloud","Assets/_Project/Art/Materials/World/MAT_H8SurfaceSkyCard_1428.mat","sky_aegir_material_readback_required","MATERIAL_FILE_TECHNICAL_PROPERTIES; material=MAT_H8SurfaceSkyCard_1428; folder_family=sky_aegir_cloud; shader=NONE; texture_guid_refs=2; empty_slots=0; policy=SHADER_GUID_UNRESOLVED_STATIC; route_risk=FIRST20_ROUTE_READBACK_REQUIRED","taskslocal/asset_system_20260605/ASSET_OWNER_24_PRODUCT_FACE_MATERIAL_REPAIR_PACKET.md","Unity readback required: shader object, effective texture slots, renderer users, scene instance binding, keywords, render queue, material instance count, SRP Batcher/instancing risk.","No darkness, storm grade, noir grade, stale YAML slot patch, duplicate sky owner, or muddy Aegir coverup.","Unity material readback, texture import readback where maps change, material family/channel manifest, h8_1475 proof packet screenshots, Frame Debugger or RenderGraph/Stats evidence, Console, memory/VRAM evidence.","PENDING UNITY READBACK"
"P0","sky_aegir_cloud","Assets/_Project/Art/Materials/World/MAT_H8SurfaceSkyNoirGradient_1428.mat","sky_aegir_material_readback_required","MATERIAL_FILE_TECHNICAL_PROPERTIES; material=MAT_H8SurfaceSkyNoirGradient_1428; folder_family=sky_aegir_cloud; shader=NONE; texture_guid_refs=2; empty_slots=0; policy=SHADER_GUID_UNRESOLVED_STATIC; route_risk=FIRST20_ROUTE_READBACK_REQUIRED","taskslocal/asset_system_20260605/ASSET_OWNER_24_PRODUCT_FACE_MATERIAL_REPAIR_PACKET.md","Unity readback required: shader object, effective texture slots, renderer users, scene instance binding, keywords, render queue, material instance count, SRP Batcher/instancing risk.","No darkness, storm grade, noir grade, stale YAML slot patch, duplicate sky owner, or muddy Aegir coverup.","Unity material readback, texture import readback where maps change, material family/channel manifest, h8_1475 proof packet screenshots, Frame Debugger or RenderGraph/Stats evidence, Console, memory/VRAM evidence.","PENDING UNITY READBACK"
"P0","sky_aegir_cloud","Assets/_Project/Art/Materials/World/MAT_SurfaceSkyNoirGradient_1428.mat","sky_aegir_material_readback_required","MATERIAL_FILE_TECHNICAL_PROPERTIES; material=MAT_SurfaceSkyNoirGradient_1428; folder_family=sky_aegir_cloud; shader=NONE; texture_guid_refs=2; empty_slots=0; policy=SHADER_GUID_UNRESOLVED_STATIC; route_risk=FIRST20_ROUTE_READBACK_REQUIRED","taskslocal/asset_system_20260605/ASSET_OWNER_24_PRODUCT_FACE_MATERIAL_REPAIR_PACKET.md","Unity readback required: shader object, effective texture slots, renderer users, scene instance binding, keywords, render queue, material instance count, SRP Batcher/instancing risk.","No darkness, storm grade, noir grade, stale YAML slot patch, duplicate sky owner, or muddy Aegir coverup.","Unity material readback, texture import readback where maps change, material family/channel manifest, h8_1475 proof packet screenshots, Frame Debugger or RenderGraph/Stats evidence, Console, memory/VRAM evidence.","PENDING UNITY READBACK"
"P0","sky_aegir_cloud","Assets/_Project/Art/Skyboxes/Mat_Skybox_Day.mat","sky_aegir_material_readback_required","MATERIAL_FILE_TECHNICAL_PROPERTIES; material=Mat_Skybox_Day; folder_family=sky_aegir_cloud; shader=NONE; texture_guid_refs=1; empty_slots=14; policy=SHADER_GUID_UNRESOLVED_STATIC|EMPTY_TEXTURE_SLOTS_STATIC; route_risk=FIRST20_ROUTE_READBACK_REQUIRED","taskslocal/asset_system_20260605/ASSET_OWNER_24_PRODUCT_FACE_MATERIAL_REPAIR_PACKET.md","Unity readback required: shader object, effective texture slots, renderer users, scene instance binding, keywords, render queue, material instance count, SRP Batcher/instancing risk.","No darkness, storm grade, noir grade, stale YAML slot patch, duplicate sky owner, or muddy Aegir coverup.","Unity material readback, texture import readback where maps change, material family/channel manifest, h8_1475 proof packet screenshots, Frame Debugger or RenderGraph/Stats evidence, Console, memory/VRAM evidence.","PENDING UNITY READBACK"
"P0","sky_aegir_cloud","Assets/_Project/Art/Skyboxes/Mat_Skybox_Night.mat","sky_aegir_material_readback_required","MATERIAL_FILE_TECHNICAL_PROPERTIES; material=Mat_Skybox_Night; folder_family=sky_aegir_cloud; shader=NONE; texture_guid_refs=1; empty_slots=14; policy=SHADER_GUID_UNRESOLVED_STATIC|EMPTY_TEXTURE_SLOTS_STATIC; route_risk=FIRST20_ROUTE_READBACK_REQUIRED","taskslocal/asset_system_20260605/ASSET_OWNER_24_PRODUCT_FACE_MATERIAL_REPAIR_PACKET.md","Unity readback required: shader object, effective texture slots, renderer users, scene instance binding, keywords, render queue, material instance count, SRP Batcher/instancing risk.","No darkness, storm grade, noir grade, stale YAML slot patch, duplicate sky owner, or muddy Aegir coverup.","Unity material readback, texture import readback where maps change, material family/channel manifest, h8_1475 proof packet screenshots, Frame Debugger or RenderGraph/Stats evidence, Console, memory/VRAM evidence.","PENDING UNITY READBACK"
"P0","sky_aegir_cloud","Assets/_Project/Art/Skyboxes/Mat_Skybox_Storm.mat","sky_aegir_material_readback_required","MATERIAL_FILE_TECHNICAL_PROPERTIES; material=Mat_Skybox_Storm; folder_family=sky_aegir_cloud; shader=NONE; texture_guid_refs=1; empty_slots=14; policy=SHADER_GUID_UNRESOLVED_STATIC|EMPTY_TEXTURE_SLOTS_STATIC; route_risk=FIRST20_ROUTE_READBACK_REQUIRED","taskslocal/asset_system_20260605/ASSET_OWNER_24_PRODUCT_FACE_MATERIAL_REPAIR_PACKET.md","Unity readback required: shader object, effective texture slots, renderer users, scene instance binding, keywords, render queue, material instance count, SRP Batcher/instancing risk.","No darkness, storm grade, noir grade, stale YAML slot patch, duplicate sky owner, or muddy Aegir coverup.","Unity material readback, texture import readback where maps change, material family/channel manifest, h8_1475 proof packet screenshots, Frame Debugger or RenderGraph/Stats evidence, Console, memory/VRAM evidence.","PENDING UNITY READBACK"
"P0","terrain_geology","Assets/_Project/Art/Models/Rocks/Rock_4_-_UNIVERSALNYY_VYBOR/UNIVERSALNYY_VYBOR_(TEKSTURY)/TOP1Rock028_2K-JPG_AmbientOcclusion.jpg","proxy_placeholder_geology_material_contamination","TEXTURE_ACTIVE_ROUTE_BLOCKER_DETAIL P0; disposition=UNASSIGNED_STATIC_SOURCE; role=unassigned_source; material_count=5; material_slots=Assets/_Project/Art/Materials/WorldProceduralProxy/MAT_family_rock_arch_large.mat[_OcclusionMap];Assets/_Project/Art/Materials/WorldProceduralProxy/MAT_family_rock_cluster_medium.mat[_OcclusionMap];Assets/_Project/Art/Materials/WorldProceduralProxy/MAT_family_rock_small_floor.mat[_OcclusionMap];Assets/_Project/Art/Models/Rocks/Rock_4_-_UNIVERSALNYY_VYBOR/UNIVERSALNYY_VYBOR_(TEKSTURY)/mat_Rock_Shared.mat[_Mask_Map];Assets/_Project/Materials/WorldRuntime/ProceduralPlaceholders/TerrainLod/MAT_family_rock_arch_large_Placeholder.mat[_OcclusionMap]; active_scene=NONE_STATIC; proxy_materials=Assets/_Project/Art/Materials/WorldProceduralProxy/MAT_family_rock_arch_large.mat;Assets/_Project/Art/Materials/WorldProceduralProxy/MAT_family_rock_cluster_medium.mat;Assets/_Project/Art/Materials/WorldProceduralProxy/MAT_family_rock_small_floor.mat;Assets/_Project/Materials/WorldRuntime/ProceduralPlaceholders/TerrainLod/MAT_family_rock_arch_large_Placeholder.mat; blocker=Proxy/placeholder material reaches route candidates or active scene.","taskslocal/asset_system_20260605/ASSET_OWNER_24_PRODUCT_FACE_MATERIAL_REPAIR_PACKET.md","Unity readback plus final non-proxy material replacement/proof.","No proxy or placeholder visible route placement, no raw YAML binding, no final use without cleaned PBR roles and readback.","Unity material readback, texture import readback where maps change, material family/channel manifest, h8_1475 proof packet screenshots, Frame Debugger or RenderGraph/Stats evidence, Console, memory/VRAM evidence.","PENDING UNITY READBACK"
"P0","terrain_geology","Assets/_Project/Art/Models/Rocks/Rock_4_-_UNIVERSALNYY_VYBOR/UNIVERSALNYY_VYBOR_(TEKSTURY)/TOP1Rock028_2K-JPG_Color.jpg","proxy_placeholder_geology_material_contamination","TEXTURE_ACTIVE_ROUTE_BLOCKER_DETAIL P0; disposition=UNASSIGNED_STATIC_SOURCE; role=unassigned_source; material_count=5; material_slots=Assets/_Project/Art/Materials/WorldProceduralProxy/MAT_family_rock_arch_large.mat[_BaseMap|_MainTex];Assets/_Project/Art/Materials/WorldProceduralProxy/MAT_family_rock_cluster_medium.mat[_BaseMap|_MainTex];Assets/_Project/Art/Materials/WorldProceduralProxy/MAT_family_rock_small_floor.mat[_BaseMap|_MainTex];Assets/_Project/Art/Models/Rocks/Rock_4_-_UNIVERSALNYY_VYBOR/UNIVERSALNYY_VYBOR_(TEKSTURY)/mat_Rock_Shared.mat[_Base_Map];Assets/_Project/Materials/WorldRuntime/ProceduralPlaceholders/TerrainLod/MAT_family_rock_arch_large_Placeholder.mat[_BaseMap|_MainTex]; active_scene=NONE_STATIC; proxy_materials=Assets/_Project/Art/Materials/WorldProceduralProxy/MAT_family_rock_arch_large.mat;Assets/_Project/Art/Materials/WorldProceduralProxy/MAT_family_rock_cluster_medium.mat;Assets/_Project/Art/Materials/WorldProceduralProxy/MAT_family_rock_small_floor.mat;Assets/_Project/Materials/WorldRuntime/ProceduralPlaceholders/TerrainLod/MAT_family_rock_arch_large_Placeholder.mat; blocker=Proxy/placeholder material reaches route candidates or active scene.","taskslocal/asset_system_20260605/ASSET_OWNER_24_PRODUCT_FACE_MATERIAL_REPAIR_PACKET.md","Unity readback plus final non-proxy material replacement/proof.","No proxy or placeholder visible route placement, no raw YAML binding, no final use without cleaned PBR roles and readback.","Unity material readback, texture import readback where maps change, material family/channel manifest, h8_1475 proof packet screenshots, Frame Debugger or RenderGraph/Stats evidence, Console, memory/VRAM evidence.","PENDING UNITY READBACK"
"P0","terrain_geology","Assets/_Project/Art/Models/Rocks/Rock_4_-_UNIVERSALNYY_VYBOR/UNIVERSALNYY_VYBOR_(TEKSTURY)/TOP1Rock028_2K-JPG_NormalGL.jpg","proxy_placeholder_geology_material_contamination","TEXTURE_ACTIVE_ROUTE_BLOCKER_DETAIL P0; disposition=UNASSIGNED_STATIC_SOURCE; role=packed_mask_source; material_count=5; material_slots=Assets/_Project/Art/Materials/WorldProceduralProxy/MAT_family_rock_arch_large.mat[_BumpMap];Assets/_Project/Art/Materials/WorldProceduralProxy/MAT_family_rock_cluster_medium.mat[_BumpMap];Assets/_Project/Art/Materials/WorldProceduralProxy/MAT_family_rock_small_floor.mat[_BumpMap];Assets/_Project/Art/Models/Rocks/Rock_4_-_UNIVERSALNYY_VYBOR/UNIVERSALNYY_VYBOR_(TEKSTURY)/mat_Rock_Shared.mat[_Normal_Map];Assets/_Project/Materials/WorldRuntime/ProceduralPlaceholders/TerrainLod/MAT_family_rock_arch_large_Placeholder.mat[_BumpMap]; active_scene=NONE_STATIC; proxy_materials=Assets/_Project/Art/Materials/WorldProceduralProxy/MAT_family_rock_arch_large.mat;Assets/_Project/Art/Materials/WorldProceduralProxy/MAT_family_rock_cluster_medium.mat;Assets/_Project/Art/Materials/WorldProceduralProxy/MAT_family_rock_small_floor.mat;Assets/_Project/Materials/WorldRuntime/ProceduralPlaceholders/TerrainLod/MAT_family_rock_arch_large_Placeholder.mat; blocker=Proxy/placeholder material reaches route candidates or active scene.","taskslocal/asset_system_20260605/ASSET_OWNER_24_PRODUCT_FACE_MATERIAL_REPAIR_PACKET.md","Unity readback plus final non-proxy material replacement/proof.","No proxy or placeholder visible route placement, no raw YAML binding, no final use without cleaned PBR roles and readback.","Unity material readback, texture import readback where maps change, material family/channel manifest, h8_1475 proof packet screenshots, Frame Debugger or RenderGraph/Stats evidence, Console, memory/VRAM evidence.","PENDING UNITY READBACK"
"P0","water_foam_caustic","Assets/_Project/Art/TEXTURES/foam.png","rejected_active_foam_contact_source","TEXTURE_ACTIVE_ROUTE_BLOCKER_DETAIL P0; disposition=REJECTED_VISIBLE_SUPPORT_ONLY; role=foam_reference_only; material_count=8; material_slots=Assets/_Project/Art/Materials/World/MAT_H8SurfaceShoreFoam_1428.mat[_BaseMap|_MainTex];Assets/_Project/Art/Materials/World/Photic1428/MAT_H8_PhoticFloorCaustics_1428.mat[_BaseMap|_MainTex];Assets/_Project/Art/Materials/World/Photic1428/MAT_H8_PhoticShoreFoamOrganic_1428.mat[_BaseMap|_MainTex];Assets/_Project/Art/Materials/World/Photic1428/MAT_H8_PhoticUnderSurfaceShimmer_1428.mat[_BaseMap|_MainTex];Assets/_Project/Art/Materials/World/Photic1458/MAT_H8_SurfaceFoamTopOnly_1458.mat[_BaseMap];Assets/_Project/Art/Materials/World/Photic1459/MAT_H8_SurfaceFoamPatchCloud_1459.mat[_BaseMap];Assets/_Project/Art/Materials/World/Photic1469/MAT_H8_ShorelineFoamFine_1469.mat[_BaseMap|_MainTex];Assets/_Project/_Archive/Mat_Ocean.mat[_FoamTex]; active_scene=Assets/_Project/Scenes/02_HECTON_WORLD.unity; proxy_materials=NONE_STATIC; blocker=Rejected foam/contact source is active-route reachable.","taskslocal/asset_system_20260605/ASSET_OWNER_24_PRODUCT_FACE_MATERIAL_REPAIR_PACKET.md","Unity Crest/ocean readback plus authored contact replacement proof.","No raw YAML, no Crest wrapper or material clone, no turquoise sheet reuse as final, no fog/darkness/bloom coverup.","Unity material readback, texture import readback where maps change, material family/channel manifest, h8_1475 proof packet screenshots, Frame Debugger or RenderGraph/Stats evidence, Console, memory/VRAM evidence.","PENDING UNITY READBACK"
"P0","water_foam_rejected_support","Assets/Crest/Crest/Textures/foam.png","rejected_active_foam_contact_source","TEXTURE_ACTIVE_ROUTE_BLOCKER_DETAIL P0; disposition=REFERENCED_TEXTURE_REVIEW_REQUIRED; role=UNRESOLVED_STATIC; material_count=1; material_slots=Assets/_Project/Art/Materials/World/MAT_SurfaceSplashFoamDirty_1428.mat[_BaseMap]; active_scene=Assets/_Project/Scenes/02_HECTON_WORLD.unity; proxy_materials=NONE_STATIC; blocker=Rejected foam/contact source is active-route reachable.","taskslocal/asset_system_20260605/ASSET_OWNER_24_PRODUCT_FACE_MATERIAL_REPAIR_PACKET.md","Unity Crest/ocean readback plus authored contact replacement proof.","No raw YAML, no Crest wrapper or material clone, no turquoise sheet reuse as final, no fog/darkness/bloom coverup.","Unity material readback, texture import readback where maps change, material family/channel manifest, h8_1475 proof packet screenshots, Frame Debugger or RenderGraph/Stats evidence, Console, memory/VRAM evidence.","PENDING UNITY READBACK"
"P0","water_ocean_contact","Assets/_Project/_Archive/Mat_Ocean.mat","foam_ocean_contact_material_readback_required","MATERIAL_FILE_TECHNICAL_PROPERTIES; material=Mat_Ocean; folder_family=water_ocean_contact; shader=Assets/_Project/_Archive/HectonOcean.shader; texture_guid_refs=2; empty_slots=14; policy=EMPTY_TEXTURE_SLOTS_STATIC|CREST_ROUTE_STATIC_TOKEN; route_risk=FIRST20_ROUTE_READBACK_REQUIRED","taskslocal/asset_system_20260605/ASSET_OWNER_24_PRODUCT_FACE_MATERIAL_REPAIR_PACKET.md","Unity readback required: shader object, effective texture slots, renderer users, scene instance binding, keywords, render queue, material instance count, SRP Batcher/instancing risk.","No Crest wrapper/clone/override, no artist texture in _WD_* wave-data slots, no cheap foam plane, no fog/darkness coverup.","Unity material readback, texture import readback where maps change, material family/channel manifest, h8_1475 proof packet screenshots, Frame Debugger or RenderGraph/Stats evidence, Console, memory/VRAM evidence.","PENDING UNITY READBACK"
"P0","water_ocean_contact","Assets/_Project/Art/Materials/MAT_H8_SurfaceCrestOcean_1428.mat","foam_ocean_contact_material_readback_required","MATERIAL_FILE_TECHNICAL_PROPERTIES; material=MAT_H8_SurfaceCrestOcean_1428; folder_family=water_ocean_contact; shader=Assets/Crest/Crest/Shaders/Ocean.shader; texture_guid_refs=13; empty_slots=1; policy=EMPTY_TEXTURE_SLOTS_STATIC|CREST_ROUTE_STATIC_TOKEN; route_risk=FIRST20_ROUTE_READBACK_REQUIRED","taskslocal/asset_system_20260605/ASSET_OWNER_24_PRODUCT_FACE_MATERIAL_REPAIR_PACKET.md","Unity readback required: shader object, effective texture slots, renderer users, scene instance binding, keywords, render queue, material instance count, SRP Batcher/instancing risk.","No Crest wrapper/clone/override, no artist texture in _WD_* wave-data slots, no cheap foam plane, no fog/darkness coverup.","Unity material readback, texture import readback where maps change, material family/channel manifest, h8_1475 proof packet screenshots, Frame Debugger or RenderGraph/Stats evidence, Console, memory/VRAM evidence.","PENDING UNITY READBACK"
"P0","water_ocean_contact","Assets/_Project/Art/Materials/MAT_H8_SurfaceFoamRibbons_1428.mat","foam_ocean_contact_material_readback_required","MATERIAL_FILE_TECHNICAL_PROPERTIES; material=MAT_H8_SurfaceFoamRibbons_1428; folder_family=water_ocean_contact; shader=NONE; texture_guid_refs=0; empty_slots=2; policy=SHADER_GUID_UNRESOLVED_STATIC|NO_TEXTURE_GUIDS|EMPTY_TEXTURE_SLOTS_STATIC|CUSTOM_RENDER_QUEUE_STATIC; route_risk=FIRST20_ROUTE_READBACK_REQUIRED","taskslocal/asset_system_20260605/ASSET_OWNER_24_PRODUCT_FACE_MATERIAL_REPAIR_PACKET.md","Unity readback required: shader object, effective texture slots, renderer users, scene instance binding, keywords, render queue, material instance count, SRP Batcher/instancing risk.","No Crest wrapper/clone/override, no artist texture in _WD_* wave-data slots, no cheap foam plane, no fog/darkness coverup.","Unity material readback, texture import readback where maps change, material family/channel manifest, h8_1475 proof packet screenshots, Frame Debugger or RenderGraph/Stats evidence, Console, memory/VRAM evidence.","PENDING UNITY READBACK"
"P0","water_ocean_contact","Assets/_Project/Art/Materials/MAT_H8WorldWaterMassVeil_1428.mat","foam_ocean_contact_material_readback_required","MATERIAL_FILE_TECHNICAL_PROPERTIES; material=MAT_H8WorldWaterMassVeil_1428; folder_family=water_ocean_contact; shader=NONE; texture_guid_refs=0; empty_slots=2; policy=SHADER_GUID_UNRESOLVED_STATIC|NO_TEXTURE_GUIDS|EMPTY_TEXTURE_SLOTS_STATIC|CUSTOM_RENDER_QUEUE_STATIC; route_risk=FIRST20_ROUTE_READBACK_REQUIRED","taskslocal/asset_system_20260605/ASSET_OWNER_24_PRODUCT_FACE_MATERIAL_REPAIR_PACKET.md","Unity readback required: shader object, effective texture slots, renderer users, scene instance binding, keywords, render queue, material instance count, SRP Batcher/instancing risk.","No Crest wrapper/clone/override, no artist texture in _WD_* wave-data slots, no cheap foam plane, no fog/darkness coverup.","Unity material readback, texture import readback where maps change, material family/channel manifest, h8_1475 proof packet screenshots, Frame Debugger or RenderGraph/Stats evidence, Console, memory/VRAM evidence.","PENDING UNITY READBACK"
"P0","water_ocean_contact","Assets/_Project/Art/Materials/MAT_SargassumFoamDamping.mat","foam_ocean_contact_material_readback_required","MATERIAL_FILE_TECHNICAL_PROPERTIES; material=MAT_SargassumFoamDamping; folder_family=water_ocean_contact; shader=Assets/_Project/Scripts/Plugins/Crest/Shaders/Crest_SargassumFoamDamping.shader; texture_guid_refs=0; empty_slots=1; policy=NO_TEXTURE_GUIDS|EMPTY_TEXTURE_SLOTS_STATIC|CUSTOM_RENDER_QUEUE_STATIC; route_risk=FIRST20_ROUTE_READBACK_REQUIRED","taskslocal/asset_system_20260605/ASSET_OWNER_24_PRODUCT_FACE_MATERIAL_REPAIR_PACKET.md","Unity readback required: shader object, effective texture slots, renderer users, scene instance binding, keywords, render queue, material instance count, SRP Batcher/instancing risk.","No Crest wrapper/clone/override, no artist texture in _WD_* wave-data slots, no cheap foam plane, no fog/darkness coverup.","Unity material readback, texture import readback where maps change, material family/channel manifest, h8_1475 proof packet screenshots, Frame Debugger or RenderGraph/Stats evidence, Console, memory/VRAM evidence.","PENDING UNITY READBACK"
"P0","water_ocean_contact","Assets/_Project/Art/Materials/Mat_Water.mat","foam_ocean_contact_material_readback_required","MATERIAL_FILE_TECHNICAL_PROPERTIES; material=Mat_Water; folder_family=water_ocean_contact; shader=NONE; texture_guid_refs=0; empty_slots=0; policy=SHADER_GUID_UNRESOLVED_STATIC|NO_TEXTURE_GUIDS; route_risk=FIRST20_ROUTE_READBACK_REQUIRED","taskslocal/asset_system_20260605/ASSET_OWNER_24_PRODUCT_FACE_MATERIAL_REPAIR_PACKET.md","Unity readback required: shader object, effective texture slots, renderer users, scene instance binding, keywords, render queue, material instance count, SRP Batcher/instancing risk.","No Crest wrapper/clone/override, no artist texture in _WD_* wave-data slots, no cheap foam plane, no fog/darkness coverup.","Unity material readback, texture import readback where maps change, material family/channel manifest, h8_1475 proof packet screenshots, Frame Debugger or RenderGraph/Stats evidence, Console, memory/VRAM evidence.","PENDING UNITY READBACK"
"P0","water_ocean_contact","Assets/_Project/Art/Materials/World/MAT_H8SurfaceOceanRead_1428.mat","foam_ocean_contact_material_readback_required","MATERIAL_FILE_TECHNICAL_PROPERTIES; material=MAT_H8SurfaceOceanRead_1428; folder_family=water_ocean_contact; shader=NONE; texture_guid_refs=2; empty_slots=12; policy=SHADER_GUID_UNRESOLVED_STATIC|EMPTY_TEXTURE_SLOTS_STATIC|CUSTOM_RENDER_QUEUE_STATIC; route_risk=FIRST20_ROUTE_READBACK_REQUIRED","taskslocal/asset_system_20260605/ASSET_OWNER_24_PRODUCT_FACE_MATERIAL_REPAIR_PACKET.md","Unity readback required: shader object, effective texture slots, renderer users, scene instance binding, keywords, render queue, material instance count, SRP Batcher/instancing risk.","No Crest wrapper/clone/override, no artist texture in _WD_* wave-data slots, no cheap foam plane, no fog/darkness coverup.","Unity material readback, texture import readback where maps change, material family/channel manifest, h8_1475 proof packet screenshots, Frame Debugger or RenderGraph/Stats evidence, Console, memory/VRAM evidence.","PENDING UNITY READBACK"
"P0","water_ocean_contact","Assets/_Project/Art/Materials/World/MAT_H8SurfaceShoreFoam_1428.mat","foam_ocean_contact_material_readback_required","MATERIAL_FILE_TECHNICAL_PROPERTIES; material=MAT_H8SurfaceShoreFoam_1428; folder_family=water_ocean_contact; shader=Assets/_Project/Art/Shaders/H8_ShorelineFoamRibbon_1428.shader; texture_guid_refs=2; empty_slots=0; policy=CUSTOM_RENDER_QUEUE_STATIC; route_risk=FIRST20_ROUTE_READBACK_REQUIRED","taskslocal/asset_system_20260605/ASSET_OWNER_24_PRODUCT_FACE_MATERIAL_REPAIR_PACKET.md","Unity readback required: shader object, effective texture slots, renderer users, scene instance binding, keywords, render queue, material instance count, SRP Batcher/instancing risk.","No Crest wrapper/clone/override, no artist texture in _WD_* wave-data slots, no cheap foam plane, no fog/darkness coverup.","Unity material readback, texture import readback where maps change, material family/channel manifest, h8_1475 proof packet screenshots, Frame Debugger or RenderGraph/Stats evidence, Console, memory/VRAM evidence.","PENDING UNITY READBACK"
"P0","water_ocean_contact","Assets/_Project/Art/Materials/World/MAT_SurfaceSplashFoamDirty_1428.mat","foam_ocean_contact_material_readback_required","MATERIAL_FILE_TECHNICAL_PROPERTIES; material=MAT_SurfaceSplashFoamDirty_1428; folder_family=water_ocean_contact; shader=Assets/_Project/Art/Shaders/H8_ShorelineFoamRibbon_1428.shader; texture_guid_refs=1; empty_slots=1; policy=EMPTY_TEXTURE_SLOTS_STATIC; route_risk=FIRST20_ROUTE_READBACK_REQUIRED","taskslocal/asset_system_20260605/ASSET_OWNER_24_PRODUCT_FACE_MATERIAL_REPAIR_PACKET.md","Unity readback required: shader object, effective texture slots, renderer users, scene instance binding, keywords, render queue, material instance count, SRP Batcher/instancing risk.","No Crest wrapper/clone/override, no artist texture in _WD_* wave-data slots, no cheap foam plane, no fog/darkness coverup.","Unity material readback, texture import readback where maps change, material family/channel manifest, h8_1475 proof packet screenshots, Frame Debugger or RenderGraph/Stats evidence, Console, memory/VRAM evidence.","PENDING UNITY READBACK"
"P0","water_ocean_contact","Assets/_Project/Art/Materials/World/MAT_SurfaceStormWater_1428.mat","foam_ocean_contact_material_readback_required","MATERIAL_FILE_TECHNICAL_PROPERTIES; material=MAT_SurfaceStormWater_1428; folder_family=water_ocean_contact; shader=NONE; texture_guid_refs=2; empty_slots=12; policy=SHADER_GUID_UNRESOLVED_STATIC|EMPTY_TEXTURE_SLOTS_STATIC; route_risk=FIRST20_ROUTE_READBACK_REQUIRED","taskslocal/asset_system_20260605/ASSET_OWNER_24_PRODUCT_FACE_MATERIAL_REPAIR_PACKET.md","Unity readback required: shader object, effective texture slots, renderer users, scene instance binding, keywords, render queue, material instance count, SRP Batcher/instancing risk.","No Crest wrapper/clone/override, no artist texture in _WD_* wave-data slots, no cheap foam plane, no fog/darkness coverup.","Unity material readback, texture import readback where maps change, material family/channel manifest, h8_1475 proof packet screenshots, Frame Debugger or RenderGraph/Stats evidence, Console, memory/VRAM evidence.","PENDING UNITY READBACK"
"P0","water_ocean_contact","Assets/_Project/Art/Materials/World/MAT_WorldReadableWaterVeil_1428.mat","foam_ocean_contact_material_readback_required","MATERIAL_FILE_TECHNICAL_PROPERTIES; material=MAT_WorldReadableWaterVeil_1428; folder_family=water_ocean_contact; shader=NONE; texture_guid_refs=0; empty_slots=2; policy=SHADER_GUID_UNRESOLVED_STATIC|NO_TEXTURE_GUIDS|EMPTY_TEXTURE_SLOTS_STATIC|CUSTOM_RENDER_QUEUE_STATIC; route_risk=FIRST20_ROUTE_READBACK_REQUIRED","taskslocal/asset_system_20260605/ASSET_OWNER_24_PRODUCT_FACE_MATERIAL_REPAIR_PACKET.md","Unity readback required: shader object, effective texture slots, renderer users, scene instance binding, keywords, render queue, material instance count, SRP Batcher/instancing risk.","No Crest wrapper/clone/override, no artist texture in _WD_* wave-data slots, no cheap foam plane, no fog/darkness coverup.","Unity material readback, texture import readback where maps change, material family/channel manifest, h8_1475 proof packet screenshots, Frame Debugger or RenderGraph/Stats evidence, Console, memory/VRAM evidence.","PENDING UNITY READBACK"
"P0","water_ocean_contact","Assets/_Project/Art/Materials/World/Photic1428/MAT_H8_PhoticShoreFoamOrganic_1428.mat","foam_ocean_contact_material_readback_required","MATERIAL_FILE_TECHNICAL_PROPERTIES; material=MAT_H8_PhoticShoreFoamOrganic_1428; folder_family=water_ocean_contact; shader=Assets/_Project/Art/Shaders/H8_ShorelineFoamRibbon_1428.shader; texture_guid_refs=2; empty_slots=0; policy=CUSTOM_RENDER_QUEUE_STATIC; route_risk=FIRST20_ROUTE_READBACK_REQUIRED","taskslocal/asset_system_20260605/ASSET_OWNER_24_PRODUCT_FACE_MATERIAL_REPAIR_PACKET.md","Unity readback required: shader object, effective texture slots, renderer users, scene instance binding, keywords, render queue, material instance count, SRP Batcher/instancing risk.","No Crest wrapper/clone/override, no artist texture in _WD_* wave-data slots, no cheap foam plane, no fog/darkness coverup.","Unity material readback, texture import readback where maps change, material family/channel manifest, h8_1475 proof packet screenshots, Frame Debugger or RenderGraph/Stats evidence, Console, memory/VRAM evidence.","PENDING UNITY READBACK"
"P0","water_ocean_contact","Assets/_Project/Art/Materials/World/Photic1428/MAT_H8_PhoticSoftWaterHaze_1430.mat","foam_ocean_contact_material_readback_required","MATERIAL_FILE_TECHNICAL_PROPERTIES; material=MAT_H8_PhoticSoftWaterHaze_1430; folder_family=water_ocean_contact; shader=Assets/_Project/Art/Shaders/H8_PhoticWaterVolume_1429.shader; texture_guid_refs=0; empty_slots=0; policy=NO_TEXTURE_GUIDS; route_risk=FIRST20_ROUTE_READBACK_REQUIRED","taskslocal/asset_system_20260605/ASSET_OWNER_24_PRODUCT_FACE_MATERIAL_REPAIR_PACKET.md","Unity readback required: shader object, effective texture slots, renderer users, scene instance binding, keywords, render queue, material instance count, SRP Batcher/instancing risk.","No Crest wrapper/clone/override, no artist texture in _WD_* wave-data slots, no cheap foam plane, no fog/darkness coverup.","Unity material readback, texture import readback where maps change, material family/channel manifest, h8_1475 proof packet screenshots, Frame Debugger or RenderGraph/Stats evidence, Console, memory/VRAM evidence.","PENDING UNITY READBACK"
"P0","water_ocean_contact","Assets/_Project/Art/Materials/World/Photic1428/MAT_H8_PhoticWaterVolumeHaze_1429.mat","foam_ocean_contact_material_readback_required","MATERIAL_FILE_TECHNICAL_PROPERTIES; material=MAT_H8_PhoticWaterVolumeHaze_1429; folder_family=water_ocean_contact; shader=Assets/_Project/Art/Shaders/H8_PhoticWaterVolume_1429.shader; texture_guid_refs=0; empty_slots=0; policy=NO_TEXTURE_GUIDS; route_risk=FIRST20_ROUTE_READBACK_REQUIRED","taskslocal/asset_system_20260605/ASSET_OWNER_24_PRODUCT_FACE_MATERIAL_REPAIR_PACKET.md","Unity readback required: shader object, effective texture slots, renderer users, scene instance binding, keywords, render queue, material instance count, SRP Batcher/instancing risk.","No Crest wrapper/clone/override, no artist texture in _WD_* wave-data slots, no cheap foam plane, no fog/darkness coverup.","Unity material readback, texture import readback where maps change, material family/channel manifest, h8_1475 proof packet screenshots, Frame Debugger or RenderGraph/Stats evidence, Console, memory/VRAM evidence.","PENDING UNITY READBACK"
"P0","water_ocean_contact","Assets/_Project/Art/Materials/World/Photic1428/MAT_H8_ShorelineFoamOrganic_1446.mat","foam_ocean_contact_material_readback_required","MATERIAL_FILE_TECHNICAL_PROPERTIES; material=MAT_H8_ShorelineFoamOrganic_1446; folder_family=water_ocean_contact; shader=Assets/_Project/Art/Shaders/H8_SurfaceFoamVertex_1437.shader; texture_guid_refs=0; empty_slots=0; policy=NO_TEXTURE_GUIDS|CUSTOM_RENDER_QUEUE_STATIC; route_risk=FIRST20_ROUTE_READBACK_REQUIRED","taskslocal/asset_system_20260605/ASSET_OWNER_24_PRODUCT_FACE_MATERIAL_REPAIR_PACKET.md","Unity readback required: shader object, effective texture slots, renderer users, scene instance binding, keywords, render queue, material instance count, SRP Batcher/instancing risk.","No Crest wrapper/clone/override, no artist texture in _WD_* wave-data slots, no cheap foam plane, no fog/darkness coverup.","Unity material readback, texture import readback where maps change, material family/channel manifest, h8_1475 proof packet screenshots, Frame Debugger or RenderGraph/Stats evidence, Console, memory/VRAM evidence.","PENDING UNITY READBACK"
"P0","water_ocean_contact","Assets/_Project/Art/Materials/World/Photic1428/MAT_H8_SurfaceFoamBlob_1447.mat","foam_ocean_contact_material_readback_required","MATERIAL_FILE_TECHNICAL_PROPERTIES; material=MAT_H8_SurfaceFoamBlob_1447; folder_family=water_ocean_contact; shader=Assets/_Project/Art/Shaders/H8_SurfaceFoamBlob_1447.shader; texture_guid_refs=0; empty_slots=0; policy=NO_TEXTURE_GUIDS|CUSTOM_RENDER_QUEUE_STATIC; route_risk=FIRST20_ROUTE_READBACK_REQUIRED","taskslocal/asset_system_20260605/ASSET_OWNER_24_PRODUCT_FACE_MATERIAL_REPAIR_PACKET.md","Unity readback required: shader object, effective texture slots, renderer users, scene instance binding, keywords, render queue, material instance count, SRP Batcher/instancing risk.","No Crest wrapper/clone/override, no artist texture in _WD_* wave-data slots, no cheap foam plane, no fog/darkness coverup.","Unity material readback, texture import readback where maps change, material family/channel manifest, h8_1475 proof packet screenshots, Frame Debugger or RenderGraph/Stats evidence, Console, memory/VRAM evidence.","PENDING UNITY READBACK"
"P0","water_ocean_contact","Assets/_Project/Art/Materials/World/Photic1428/MAT_H8_SurfaceFoamRing_1432.mat","foam_ocean_contact_material_readback_required","MATERIAL_FILE_TECHNICAL_PROPERTIES; material=MAT_H8_SurfaceFoamRing_1432; folder_family=water_ocean_contact; shader=Assets/_Project/Art/Shaders/H8_ShorelineFoamRibbon_1428.shader; texture_guid_refs=0; empty_slots=1; policy=NO_TEXTURE_GUIDS|EMPTY_TEXTURE_SLOTS_STATIC; route_risk=FIRST20_ROUTE_READBACK_REQUIRED","taskslocal/asset_system_20260605/ASSET_OWNER_24_PRODUCT_FACE_MATERIAL_REPAIR_PACKET.md","Unity readback required: shader object, effective texture slots, renderer users, scene instance binding, keywords, render queue, material instance count, SRP Batcher/instancing risk.","No Crest wrapper/clone/override, no artist texture in _WD_* wave-data slots, no cheap foam plane, no fog/darkness coverup.","Unity material readback, texture import readback where maps change, material family/channel manifest, h8_1475 proof packet screenshots, Frame Debugger or RenderGraph/Stats evidence, Console, memory/VRAM evidence.","PENDING UNITY READBACK"
"P0","water_ocean_contact","Assets/_Project/Art/Materials/World/Photic1428/MAT_H8_SurfaceFoamVertex_1437.mat","foam_ocean_contact_material_readback_required","MATERIAL_FILE_TECHNICAL_PROPERTIES; material=MAT_H8_SurfaceFoamVertex_1437; folder_family=water_ocean_contact; shader=Assets/_Project/Art/Shaders/H8_SurfaceFoamVertex_1437.shader; texture_guid_refs=0; empty_slots=0; policy=NO_TEXTURE_GUIDS|CUSTOM_RENDER_QUEUE_STATIC; route_risk=FIRST20_ROUTE_READBACK_REQUIRED","taskslocal/asset_system_20260605/ASSET_OWNER_24_PRODUCT_FACE_MATERIAL_REPAIR_PACKET.md","Unity readback required: shader object, effective texture slots, renderer users, scene instance binding, keywords, render queue, material instance count, SRP Batcher/instancing risk.","No Crest wrapper/clone/override, no artist texture in _WD_* wave-data slots, no cheap foam plane, no fog/darkness coverup.","Unity material readback, texture import readback where maps change, material family/channel manifest, h8_1475 proof packet screenshots, Frame Debugger or RenderGraph/Stats evidence, Console, memory/VRAM evidence.","PENDING UNITY READBACK"
"P0","water_ocean_contact","Assets/_Project/Art/Materials/World/Photic1428/MAT_H8_UnderwaterHorizonHaze_1437.mat","foam_ocean_contact_material_readback_required","MATERIAL_FILE_TECHNICAL_PROPERTIES; material=MAT_H8_UnderwaterHorizonHaze_1437; folder_family=water_ocean_contact; shader=Assets/_Project/Art/Shaders/H8_UnderwaterHorizonHaze_1437.shader; texture_guid_refs=0; empty_slots=0; policy=NO_TEXTURE_GUIDS|CUSTOM_RENDER_QUEUE_STATIC; route_risk=FIRST20_ROUTE_READBACK_REQUIRED","taskslocal/asset_system_20260605/ASSET_OWNER_24_PRODUCT_FACE_MATERIAL_REPAIR_PACKET.md","Unity readback required: shader object, effective texture slots, renderer users, scene instance binding, keywords, render queue, material instance count, SRP Batcher/instancing risk.","No Crest wrapper/clone/override, no artist texture in _WD_* wave-data slots, no cheap foam plane, no fog/darkness coverup.","Unity material readback, texture import readback where maps change, material family/channel manifest, h8_1475 proof packet screenshots, Frame Debugger or RenderGraph/Stats evidence, Console, memory/VRAM evidence.","PENDING UNITY READBACK"
"P0","water_ocean_contact","Assets/_Project/Art/Materials/World/Photic1428/MAT_H8_UnderwaterSpecks_1446.mat","foam_ocean_contact_material_readback_required","MATERIAL_FILE_TECHNICAL_PROPERTIES; material=MAT_H8_UnderwaterSpecks_1446; folder_family=water_ocean_contact; shader=Assets/_Project/Art/Shaders/H8_UnderwaterSpecks_1446.shader; texture_guid_refs=0; empty_slots=0; policy=NO_TEXTURE_GUIDS|CUSTOM_RENDER_QUEUE_STATIC; route_risk=FIRST20_ROUTE_READBACK_REQUIRED","taskslocal/asset_system_20260605/ASSET_OWNER_24_PRODUCT_FACE_MATERIAL_REPAIR_PACKET.md","Unity readback required: shader object, effective texture slots, renderer users, scene instance binding, keywords, render queue, material instance count, SRP Batcher/instancing risk.","No Crest wrapper/clone/override, no artist texture in _WD_* wave-data slots, no cheap foam plane, no fog/darkness coverup.","Unity material readback, texture import readback where maps change, material family/channel manifest, h8_1475 proof packet screenshots, Frame Debugger or RenderGraph/Stats evidence, Console, memory/VRAM evidence.","PENDING UNITY READBACK"
"P0","water_ocean_contact","Assets/_Project/Art/Materials/World/Photic1428/MAT_H8_VisibleFoamUnlit_1436.mat","foam_ocean_contact_material_readback_required","MATERIAL_FILE_TECHNICAL_PROPERTIES; material=MAT_H8_VisibleFoamUnlit_1436; folder_family=water_ocean_contact; shader=NONE; texture_guid_refs=0; empty_slots=2; policy=SHADER_GUID_UNRESOLVED_STATIC|NO_TEXTURE_GUIDS|EMPTY_TEXTURE_SLOTS_STATIC|CUSTOM_RENDER_QUEUE_STATIC; route_risk=FIRST20_ROUTE_READBACK_REQUIRED","taskslocal/asset_system_20260605/ASSET_OWNER_24_PRODUCT_FACE_MATERIAL_REPAIR_PACKET.md","Unity readback required: shader object, effective texture slots, renderer users, scene instance binding, keywords, render queue, material instance count, SRP Batcher/instancing risk.","No Crest wrapper/clone/override, no artist texture in _WD_* wave-data slots, no cheap foam plane, no fog/darkness coverup.","Unity material readback, texture import readback where maps change, material family/channel manifest, h8_1475 proof packet screenshots, Frame Debugger or RenderGraph/Stats evidence, Console, memory/VRAM evidence.","PENDING UNITY READBACK"
"P0","water_ocean_contact","Assets/_Project/Art/Materials/World/Photic1453/MAT_H8_UnderwaterHazeCurtain_1454.mat","foam_ocean_contact_material_readback_required","MATERIAL_FILE_TECHNICAL_PROPERTIES; material=MAT_H8_UnderwaterHazeCurtain_1454; folder_family=water_ocean_contact; shader=Assets/_Project/Art/Shaders/H8_UnderwaterHazeCurtain_1454.shader; texture_guid_refs=0; empty_slots=0; policy=NO_TEXTURE_GUIDS; route_risk=FIRST20_ROUTE_READBACK_REQUIRED","taskslocal/asset_system_20260605/ASSET_OWNER_24_PRODUCT_FACE_MATERIAL_REPAIR_PACKET.md","Unity readback required: shader object, effective texture slots, renderer users, scene instance binding, keywords, render queue, material instance count, SRP Batcher/instancing risk.","No Crest wrapper/clone/override, no artist texture in _WD_* wave-data slots, no cheap foam plane, no fog/darkness coverup.","Unity material readback, texture import readback where maps change, material family/channel manifest, h8_1475 proof packet screenshots, Frame Debugger or RenderGraph/Stats evidence, Console, memory/VRAM evidence.","PENDING UNITY READBACK"
"P0","water_ocean_contact","Assets/_Project/Art/Materials/World/Photic1453/MAT_H8_UnderwaterSurfaceSheet_1455.mat","foam_ocean_contact_material_readback_required","MATERIAL_FILE_TECHNICAL_PROPERTIES; material=MAT_H8_UnderwaterSurfaceSheet_1455; folder_family=water_ocean_contact; shader=Assets/_Project/Art/Shaders/H8_UnderwaterSurfaceSheet_1455.shader; texture_guid_refs=0; empty_slots=0; policy=NO_TEXTURE_GUIDS; route_risk=FIRST20_ROUTE_READBACK_REQUIRED","taskslocal/asset_system_20260605/ASSET_OWNER_24_PRODUCT_FACE_MATERIAL_REPAIR_PACKET.md","Unity readback required: shader object, effective texture slots, renderer users, scene instance binding, keywords, render queue, material instance count, SRP Batcher/instancing risk.","No Crest wrapper/clone/override, no artist texture in _WD_* wave-data slots, no cheap foam plane, no fog/darkness coverup.","Unity material readback, texture import readback where maps change, material family/channel manifest, h8_1475 proof packet screenshots, Frame Debugger or RenderGraph/Stats evidence, Console, memory/VRAM evidence.","PENDING UNITY READBACK"
"P0","water_ocean_contact","Assets/_Project/Art/Materials/World/Photic1458/MAT_H8_SurfaceFoamTopOnly_1458.mat","foam_ocean_contact_material_readback_required","MATERIAL_FILE_TECHNICAL_PROPERTIES; material=MAT_H8_SurfaceFoamTopOnly_1458; folder_family=water_ocean_contact; shader=Assets/_Project/Art/Shaders/H8_ShorelineFoamRibbon_1428.shader; texture_guid_refs=1; empty_slots=0; policy=CUSTOM_RENDER_QUEUE_STATIC; route_risk=FIRST20_ROUTE_READBACK_REQUIRED","taskslocal/asset_system_20260605/ASSET_OWNER_24_PRODUCT_FACE_MATERIAL_REPAIR_PACKET.md","Unity readback required: shader object, effective texture slots, renderer users, scene instance binding, keywords, render queue, material instance count, SRP Batcher/instancing risk.","No Crest wrapper/clone/override, no artist texture in _WD_* wave-data slots, no cheap foam plane, no fog/darkness coverup.","Unity material readback, texture import readback where maps change, material family/channel manifest, h8_1475 proof packet screenshots, Frame Debugger or RenderGraph/Stats evidence, Console, memory/VRAM evidence.","PENDING UNITY READBACK"
"P0","water_ocean_contact","Assets/_Project/Art/Materials/World/Photic1459/MAT_H8_SurfaceFoamPatchCloud_1459.mat","foam_ocean_contact_material_readback_required","MATERIAL_FILE_TECHNICAL_PROPERTIES; material=MAT_H8_SurfaceFoamPatchCloud_1459; folder_family=water_ocean_contact; shader=Assets/_Project/Art/Shaders/H8_ShorelineFoamRibbon_1428.shader; texture_guid_refs=1; empty_slots=0; policy=CUSTOM_RENDER_QUEUE_STATIC; route_risk=FIRST20_ROUTE_READBACK_REQUIRED","taskslocal/asset_system_20260605/ASSET_OWNER_24_PRODUCT_FACE_MATERIAL_REPAIR_PACKET.md","Unity readback required: shader object, effective texture slots, renderer users, scene instance binding, keywords, render queue, material instance count, SRP Batcher/instancing risk.","No Crest wrapper/clone/override, no artist texture in _WD_* wave-data slots, no cheap foam plane, no fog/darkness coverup.","Unity material readback, texture import readback where maps change, material family/channel manifest, h8_1475 proof packet screenshots, Frame Debugger or RenderGraph/Stats evidence, Console, memory/VRAM evidence.","PENDING UNITY READBACK"
"P0","water_ocean_contact","Assets/_Project/Art/Materials/World/Photic1464/MAT_H8_CrestFoamInput_1464.mat","foam_ocean_contact_material_readback_required","MATERIAL_FILE_TECHNICAL_PROPERTIES; material=MAT_H8_CrestFoamInput_1464; folder_family=water_ocean_contact; shader=Assets/Crest/Crest/Shaders/OceanInputs/FoamAddFromVertCol.shader; texture_guid_refs=0; empty_slots=0; policy=NO_TEXTURE_GUIDS|CREST_ROUTE_STATIC_TOKEN|CUSTOM_RENDER_QUEUE_STATIC; route_risk=FIRST20_ROUTE_READBACK_REQUIRED","taskslocal/asset_system_20260605/ASSET_OWNER_24_PRODUCT_FACE_MATERIAL_REPAIR_PACKET.md","Unity readback required: shader object, effective texture slots, renderer users, scene instance binding, keywords, render queue, material instance count, SRP Batcher/instancing risk.","No Crest wrapper/clone/override, no artist texture in _WD_* wave-data slots, no cheap foam plane, no fog/darkness coverup.","Unity material readback, texture import readback where maps change, material family/channel manifest, h8_1475 proof packet screenshots, Frame Debugger or RenderGraph/Stats evidence, Console, memory/VRAM evidence.","PENDING UNITY READBACK"
"P0","water_ocean_contact","Assets/_Project/Art/Materials/World/Photic1469/MAT_H8_ShorelineFoamFine_1469.mat","foam_ocean_contact_material_readback_required","MATERIAL_FILE_TECHNICAL_PROPERTIES; material=MAT_H8_ShorelineFoamFine_1469; folder_family=water_ocean_contact; shader=Assets/_Project/Art/Shaders/H8_ShorelineFoamRibbon_1428.shader; texture_guid_refs=2; empty_slots=0; policy=CUSTOM_RENDER_QUEUE_STATIC; route_risk=FIRST20_ROUTE_READBACK_REQUIRED","taskslocal/asset_system_20260605/ASSET_OWNER_24_PRODUCT_FACE_MATERIAL_REPAIR_PACKET.md","Unity readback required: shader object, effective texture slots, renderer users, scene instance binding, keywords, render queue, material instance count, SRP Batcher/instancing risk.","No Crest wrapper/clone/override, no artist texture in _WD_* wave-data slots, no cheap foam plane, no fog/darkness coverup.","Unity material readback, texture import readback where maps change, material family/channel manifest, h8_1475 proof packet screenshots, Frame Debugger or RenderGraph/Stats evidence, Console, memory/VRAM evidence.","PENDING UNITY READBACK"
"P0","water_ocean_contact","Assets/_Project/Art/RuntimeShell1428/H8_Shell_BlackWater_Teal.mat","foam_ocean_contact_material_readback_required","MATERIAL_FILE_TECHNICAL_PROPERTIES; material=H8_Shell_BlackWater_Teal; folder_family=water_ocean_contact; shader=NONE; texture_guid_refs=0; empty_slots=14; policy=SHADER_GUID_UNRESOLVED_STATIC|NO_TEXTURE_GUIDS|EMPTY_TEXTURE_SLOTS_STATIC; route_risk=FIRST20_ROUTE_READBACK_REQUIRED","taskslocal/asset_system_20260605/ASSET_OWNER_24_PRODUCT_FACE_MATERIAL_REPAIR_PACKET.md","Unity readback required: shader object, effective texture slots, renderer users, scene instance binding, keywords, render queue, material instance count, SRP Batcher/instancing risk.","No Crest wrapper/clone/override, no artist texture in _WD_* wave-data slots, no cheap foam plane, no fog/darkness coverup.","Unity material readback, texture import readback where maps change, material family/channel manifest, h8_1475 proof packet screenshots, Frame Debugger or RenderGraph/Stats evidence, Console, memory/VRAM evidence.","PENDING UNITY READBACK"
"P0","water_ocean_contact","Assets/_Project/Art/RuntimeShell1428/MAT_H8Shell_BlackWater.mat","foam_ocean_contact_material_readback_required","MATERIAL_FILE_TECHNICAL_PROPERTIES; material=MAT_H8Shell_BlackWater; folder_family=water_ocean_contact; shader=NONE; texture_guid_refs=0; empty_slots=14; policy=SHADER_GUID_UNRESOLVED_STATIC|NO_TEXTURE_GUIDS|EMPTY_TEXTURE_SLOTS_STATIC; route_risk=FIRST20_ROUTE_READBACK_REQUIRED","taskslocal/asset_system_20260605/ASSET_OWNER_24_PRODUCT_FACE_MATERIAL_REPAIR_PACKET.md","Unity readback required: shader object, effective texture slots, renderer users, scene instance binding, keywords, render queue, material instance count, SRP Batcher/instancing risk.","No Crest wrapper/clone/override, no artist texture in _WD_* wave-data slots, no cheap foam plane, no fog/darkness coverup.","Unity material readback, texture import readback where maps change, material family/channel manifest, h8_1475 proof packet screenshots, Frame Debugger or RenderGraph/Stats evidence, Console, memory/VRAM evidence.","PENDING UNITY READBACK"
