texture_path,guid,scope,priority_group,candidate_disposition,candidate_role,width,height,size_mb,srgb,mipmaps,streaming_mips,material_count,materials_and_slots,prefab_scene_user_count,prefab_scene_users,direct_prefab_scene_refs,active_build_scene_users,documented_main_handoff_scene_users,visible_route_candidate_users,proxy_placeholder_materials,evidence_class,unknown_or_blocker_notes
Assets/Crest/Crest/Textures/Caustics/Caustics_tex_color.png,24552fd937a31a842aa7ee1c2e14d89d,REFERENCED_TEXTURE,,,,,,,,,,1,Assets/_Project/Art/Materials/MAT_H8_SurfaceCrestOcean_1428.mat[_CausticsTexture],0,,,,,,,STATIC_SOURCE,
Assets/Crest/Crest/Textures/Foam2.png,02e417d5711139342884479f53dbecea,REFERENCED_TEXTURE,,,,,,,,,,1,Assets/_Project/Art/Materials/MAT_H8_SurfaceCrestOcean_1428.mat[_FoamTexture],0,,,,,,,STATIC_SOURCE,
Assets/Crest/Crest/Textures/foam.png,e330b3b94b6bdfb42ab2a9e1ca3a5efc,PRIORITY_TARGET;REFERENCED_TEXTURE,water_foam_rejected_support,,,,,,,,,1,Assets/_Project/Art/Materials/World/MAT_SurfaceSplashFoamDirty_1428.mat[_BaseMap],1,Assets/_Project/Scenes/02_HECTON_WORLD.unity,,Assets/_Project/Scenes/02_HECTON_WORLD.unity,Assets/_Project/Scenes/02_HECTON_WORLD.unity,Assets/_Project/Scenes/02_HECTON_WORLD.unity,,STATIC_SOURCE,
Assets/ScifiFacility/Textures/Base_normal.png,7d09e7c7fffa5a94eadbfb28633eaa1e,REFERENCED_TEXTURE,,,,,,,,,,1,Assets/_Project/Art/Materials/Construction/Mat_LeakWetSheen.mat[_BumpMap],0,,,,,,,STATIC_SOURCE,
Assets/ScifiFacility/Textures/WetGlass_normal.png,a116c6e469d15244ea70d6a8403f52d9,REFERENCED_TEXTURE,,,,,,,,,,1,Assets/_Project/Art/Materials/Construction/Mat_LeakWetSheen.mat[_Normal|_NormalMap],0,,,,,,,STATIC_SOURCE,
Assets/_Project/Art/Models/Rocks/Rock 6/rock6/Mossy_Forest_Rock_vimrfjsaw_Mid_2K_AO.jpg,512b41f0ba0fbc849ad03cdfb72ff0e9,REFERENCED_TEXTURE,,UNASSIGNED_STATIC_SOURCE,unassigned_source,2048,2048,1.951,0,1,1,1,Assets/_Project/Art/Models/Rocks/Rock 6/rock6/rock_6.mat[_OcclusionMap],1,Assets/_Project/Art/Models/Rocks/Rock 6/Mossy_Forest_Rock_vimrfjsaw_Mid.prefab,,,,,,STATIC_SOURCE,runtime_visual_proof_pending
Assets/_Project/Art/Models/Rocks/Rock 6/rock6/Mossy_Forest_Rock_vimrfjsaw_Mid_2K_BaseColor.jpg,df539ea4a198a6943a05337f410ac3e5,REFERENCED_TEXTURE,,UNASSIGNED_STATIC_SOURCE,unassigned_source,2048,2048,1.936,1,1,1,1,Assets/_Project/Art/Models/Rocks/Rock 6/rock6/rock_6.mat[_BaseMap|_MainTex],1,Assets/_Project/Art/Models/Rocks/Rock 6/Mossy_Forest_Rock_vimrfjsaw_Mid.prefab,,,,,,STATIC_SOURCE,runtime_visual_proof_pending
Assets/_Project/Art/Models/Rocks/Rock 6/rock6/Mossy_Forest_Rock_vimrfjsaw_Mid_2K_Normal.jpg,42b6301ed019ef24bb2f037432b1987d,REFERENCED_TEXTURE,,UNASSIGNED_STATIC_SOURCE,packed_mask_source,2048,2048,6.57,0,1,1,2,Assets/_Project/Art/Models/Rocks/Rock 6/rock6/rock_6.mat[_BumpMap];Assets/_Project/Art/Models/Rocks/Rock 7/Materials/2.mat[_BumpMap],2,Assets/_Project/Art/Models/Rocks/Rock 6/Mossy_Forest_Rock_vimrfjsaw_Mid.prefab;Assets/_Project/Art/Models/Rocks/Rock 7/SAMMPLE.prefab,,,,,,STATIC_SOURCE,runtime_visual_proof_pending
Assets/_Project/Art/Models/Rocks/Rock 7/Materials/2.jpg,632fb649277424d44b6c801627c46f4c,REFERENCED_TEXTURE,,UNASSIGNED_STATIC_SOURCE,unassigned_source,4000,4000,5.009,1,1,1,1,Assets/_Project/Art/Models/Rocks/Rock 7/Materials/2.mat[_BaseMap|_MainTex],1,Assets/_Project/Art/Models/Rocks/Rock 7/SAMMPLE.prefab,,,,,,STATIC_SOURCE,runtime_visual_proof_pending
Assets/_Project/Art/Models/Rocks/Rock_4_-_UNIVERSALNYY_VYBOR/UNIVERSALNYY_VYBOR_(TEKSTURY)/Rock063_2K-JPG_AmbientOcclusion.jpg,afba236e73fc20f4faade5595aa5a7d3,REFERENCED_TEXTURE,,UNASSIGNED_STATIC_SOURCE,unassigned_source,2048,1024,1.201,0,1,1,1,Assets/_Project/Art/Models/Rocks/Rock_4_-_UNIVERSALNYY_VYBOR/UNIVERSALNYY_VYBOR_(TEKSTURY)/mat_Rock2.mat[_Mask_Map],0,,,,,,,STATIC_SOURCE,runtime_visual_proof_pending
Assets/_Project/Art/Models/Rocks/Rock_4_-_UNIVERSALNYY_VYBOR/UNIVERSALNYY_VYBOR_(TEKSTURY)/Rock063_2K-JPG_Color.jpg,525a02d89cdb0a847bea49a4d2f2f206,REFERENCED_TEXTURE,,UNASSIGNED_STATIC_SOURCE,unassigned_source,2048,1024,3.277,1,1,1,1,Assets/_Project/Art/Models/Rocks/Rock_4_-_UNIVERSALNYY_VYBOR/UNIVERSALNYY_VYBOR_(TEKSTURY)/mat_Rock2.mat[_Base_Map],0,,,,,,,STATIC_SOURCE,runtime_visual_proof_pending
Assets/_Project/Art/Models/Rocks/Rock_4_-_UNIVERSALNYY_VYBOR/UNIVERSALNYY_VYBOR_(TEKSTURY)/Rock063_2K-JPG_NormalGL.jpg,eda6dbba80b15e944916a884f3b2accf,REFERENCED_TEXTURE,,UNASSIGNED_STATIC_SOURCE,packed_mask_source,2048,1024,3.266,0,1,1,1,Assets/_Project/Art/Models/Rocks/Rock_4_-_UNIVERSALNYY_VYBOR/UNIVERSALNYY_VYBOR_(TEKSTURY)/mat_Rock2.mat[_Normal_Map],0,,,,,,,STATIC_SOURCE,runtime_visual_proof_pending
Assets/_Project/Art/Models/Rocks/Rock_4_-_UNIVERSALNYY_VYBOR/UNIVERSALNYY_VYBOR_(TEKSTURY)/TOP1Rock028_2K-JPG_AmbientOcclusion.jpg,50811981e0d658c488fd16b83fac5fb3,REFERENCED_TEXTURE;PROXY_CONTAMINATION_TEXTURE,,UNASSIGNED_STATIC_SOURCE,unassigned_source,2048,2048,1.685,0,1,1,5,Assets/_Project/Art/Materials/WorldProceduralProxy/MAT_family_rock_arch_large.mat[_OcclusionMap];Assets/_Project/Art/Materials/WorldProceduralProxy/MAT_family_rock_cluster_medium.mat[_OcclusionMap];Assets/_Project/Art/Materials/WorldProceduralProxy/MAT_family_rock_small_floor.mat[_OcclusionMap];Assets/_Project/Art/Models/Rocks/Rock_4_-_UNIVERSALNYY_VYBOR/UNIVERSALNYY_VYBOR_(TEKSTURY)/mat_Rock_Shared.mat[_Mask_Map];Assets/_Project/Materials/WorldRuntime/ProceduralPlaceholders/TerrainLod/MAT_family_rock_arch_large_Placeholder.mat[_OcclusionMap],93,Assets/_Project/Art/Models/Baked/PILLAR1 MESH.prefab;Assets/_Project/Art/Models/Rocks/Rock 5/River_Rock_FBX.prefab;Assets/_Project/Prefabs/Nature/GOTOVYE_PREFABY_KAMNEY/ENV_Arka_1_stonhenzh.prefab;Assets/_Project/Prefabs/Nature/GOTOVYE_PREFABY_KAMNEY/ENV_Bolder_2.prefab;Assets/_Project/Prefabs/Nature/GOTOVYE_PREFABY_KAMNEY/ENV_Kam_s_kuchk_3-3-1.5_.prefab;Assets/_Project/Prefabs/Nature/GOTOVYE_PREFABY_KAMNEY/ENV_Kamen_baz_4-4-2_m.prefab;Assets/_Project/Prefabs/Nature/GOTOVYE_PREFABY_KAMNEY/ENV_Kamen_baz_6-4-4m.prefab;Assets/_Project/Prefabs/Nature/GOTOVYE_PREFABY_KAMNEY/ENV_Kuchka_3_5-5-2.prefab;Assets/_Project/Prefabs/Nature/GOTOVYE_PREFABY_KAMNEY/ENV_Kuchka_4_5-5.prefab;Assets/_Project/Prefabs/Nature/GOTOVYE_PREFABY_KAMNEY/ENV_Kuchka_5_5-5-2.prefab;Assets/_Project/Prefabs/Nature/GOTOVYE_PREFABY_KAMNEY/ENV_Ogrom_skala.prefab;Assets/_Project/Prefabs/Nature/GOTOVYE_PREFABY_KAMNEY/ENV_Ogromennaya_skala.prefab;Assets/_Project/Prefabs/Nature/GOTOVYE_PREFABY_KAMNEY/ENV_PILLAR1.prefab;Assets/_Project/Prefabs/Nature/GOTOVYE_PREFABY_KAMNEY/ENV_Skala2.prefab;Assets/_Project/Prefabs/Nature/GOTOVYE_PREFABY_KAMNEY/ENV_arka1.prefab;Assets/_Project/Prefabs/Nature/GOTOVYE_PREFABY_KAMNEY/ENV_arka2.prefab;Assets/_Project/Prefabs/Nature/GOTOVYE_PREFABY_KAMNEY/ENV_blin_plosk_5_na_5_.prefab;Assets/_Project/Prefabs/Nature/GOTOVYE_PREFABY_KAMNEY/ENV_bolder_1.prefab;Assets/_Project/Prefabs/Nature/GOTOVYE_PREFABY_KAMNEY/ENV_bolshaya_gorizontalnaya.prefab;Assets/_Project/Prefabs/Nature/GOTOVYE_PREFABY_KAMNEY/ENV_donnaya_kucha.prefab;Assets/_Project/Prefabs/Nature/GOTOVYE_PREFABY_KAMNEY/ENV_krugovaya.prefab;Assets/_Project/Prefabs/Nature/GOTOVYE_PREFABY_KAMNEY/ENV_kucha1.prefab;Assets/_Project/Prefabs/Nature/GOTOVYE_PREFABY_KAMNEY/ENV_kucha2.prefab;Assets/_Project/Prefabs/Nature/GOTOVYE_PREFABY_KAMNEY/ENV_kucha_3_bold.prefab;Assets/_Project/Prefabs/Nature/GOTOVYE_PREFABY_KAMNEY/ENV_kuchka_melka_1.prefab;Assets/_Project/Prefabs/Nature/GOTOVYE_PREFABY_KAMNEY/ENV_pillar2.prefab;Assets/_Project/Prefabs/Nature/GOTOVYE_PREFABY_KAMNEY/ENV_skala_bolshaya.prefab;Assets/_Project/Prefabs/Nature/Rocks/Forest_Rock_Shelf.prefab;Assets/_Project/Prefabs/Nature/Rocks/Mossy_Forest_Rock.prefab;Assets/_Project/Prefabs/Nature/Rocks/Nordic_Beach_Rock.prefab;Assets/_Project/Prefabs/Nature/Rocks/Nordic_Beach_Rock_Formation.prefab;Assets/_Project/Prefabs/Nature/Rocks/ProceduralFinals/PFB_Geo_CaveEntrance_00.prefab;Assets/_Project/Prefabs/Nature/Rocks/ProceduralFinals/PFB_Geo_CaveEntrance_01.prefab;Assets/_Project/Prefabs/Nature/Rocks/ProceduralFinals/PFB_Geo_CaveEntrance_02.prefab;Assets/_Project/Prefabs/Nature/Rocks/ProceduralFinals/PFB_Geo_CaveEntrance_03.prefab;Assets/_Project/Prefabs/Nature/Rocks/ProceduralFinals/PFB_Geo_CaveEntrance_04.prefab;Assets/_Project/Prefabs/Nature/Rocks/ProceduralFinals/PFB_Geo_CaveEntrance_05.prefab;Assets/_Project/Prefabs/Nature/Rocks/ProceduralFinals/PFB_Geo_Cave_Entrance.prefab;Assets/_Project/Prefabs/Nature/Rocks/ProceduralFinals/PFB_Geo_LandmarkSpire_00.prefab;Assets/_Project/Prefabs/Nature/Rocks/ProceduralFinals/PFB_Geo_LandmarkSpire_01.prefab;Assets/_Project/Prefabs/Nature/Rocks/ProceduralFinals/PFB_Geo_LandmarkSpire_02.prefab;Assets/_Project/Prefabs/Nature/Rocks/ProceduralFinals/PFB_Geo_LandmarkSpire_03.prefab;Assets/_Project/Prefabs/Nature/Rocks/ProceduralFinals/PFB_Geo_LandmarkSpire_04.prefab;Assets/_Project/Prefabs/Nature/Rocks/ProceduralFinals/PFB_Geo_LandmarkSpire_05.prefab;Assets/_Project/Prefabs/Nature/Rocks/ProceduralFinals/PFB_Geo_Landmark_Spire.prefab;Assets/_Project/Prefabs/Nature/Rocks/ProceduralFinals/PFB_Geo_RockArch_00.prefab;Assets/_Project/Prefabs/Nature/Rocks/ProceduralFinals/PFB_Geo_RockArch_01.prefab;Assets/_Project/Prefabs/Nature/Rocks/ProceduralFinals/PFB_Geo_RockArch_02.prefab;Assets/_Project/Prefabs/Nature/Rocks/ProceduralFinals/PFB_Geo_RockArch_03.prefab;Assets/_Project/Prefabs/Nature/Rocks/ProceduralFinals/PFB_Geo_RockArch_04.prefab;Assets/_Project/Prefabs/Nature/Rocks/ProceduralFinals/PFB_Geo_RockArch_05.prefab;Assets/_Project/Prefabs/Nature/Rocks/ProceduralFinals/PFB_Geo_RockArch_Large.prefab;Assets/_Project/Prefabs/Nature/Rocks/ProceduralFinals/PFB_Geo_RockCluster_00.prefab;Assets/_Project/Prefabs/Nature/Rocks/ProceduralFinals/PFB_Geo_RockCluster_01.prefab;Assets/_Project/Prefabs/Nature/Rocks/ProceduralFinals/PFB_Geo_RockCluster_02.prefab;Assets/_Project/Prefabs/Nature/Rocks/ProceduralFinals/PFB_Geo_RockCluster_03.prefab;Assets/_Project/Prefabs/Nature/Rocks/ProceduralFinals/PFB_Geo_RockCluster_04.prefab;Assets/_Project/Prefabs/Nature/Rocks/ProceduralFinals/PFB_Geo_RockCluster_05.prefab;Assets/_Project/Prefabs/Nature/Rocks/ProceduralFinals/PFB_Geo_RockCluster_06.prefab;Assets/_Project/Prefabs/Nature/Rocks/ProceduralFinals/PFB_Geo_RockCluster_07.prefab;Assets/_Project/Prefabs/Nature/Rocks/ProceduralFinals/PFB_Geo_RockCluster_08.prefab;Assets/_Project/Prefabs/Nature/Rocks/ProceduralFinals/PFB_Geo_RockCluster_09.prefab;Assets/_Project/Prefabs/Nature/Rocks/ProceduralFinals/PFB_Geo_RockFloor_00.prefab;Assets/_Project/Prefabs/Nature/Rocks/ProceduralFinals/PFB_Geo_RockFloor_01.prefab;Assets/_Project/Prefabs/Nature/Rocks/ProceduralFinals/PFB_Geo_RockFloor_02.prefab;Assets/_Project/Prefabs/Nature/Rocks/ProceduralFinals/PFB_Geo_RockFloor_03.prefab;Assets/_Project/Prefabs/Nature/Rocks/ProceduralFinals/PFB_Geo_RockFloor_04.prefab;Assets/_Project/Prefabs/Nature/Rocks/ProceduralFinals/PFB_Geo_RockFloor_05.prefab;Assets/_Project/Prefabs/Nature/Rocks/ProceduralFinals/PFB_Geo_RockFloor_06.prefab;Assets/_Project/Prefabs/Nature/Rocks/ProceduralFinals/PFB_Geo_RockFloor_07.prefab;Assets/_Project/Prefabs/Nature/Rocks/ProceduralFinals/PFB_Geo_RockFloor_08.prefab;Assets/_Project/Prefabs/Nature/Rocks/ProceduralFinals/PFB_Geo_RockFloor_09.prefab;Assets/_Project/Prefabs/Nature/Rocks/ProceduralFinals/PFB_Geo_RockShelf_00.prefab;Assets/_Project/Prefabs/Nature/Rocks/ProceduralFinals/PFB_Geo_RockShelf_01.prefab;Assets/_Project/Prefabs/Nature/Rocks/ProceduralFinals/PFB_Geo_RockShelf_02.prefab;Assets/_Project/Prefabs/Nature/Rocks/ProceduralFinals/PFB_Geo_RockShelf_03.prefab;Assets/_Project/Prefabs/Nature/Rocks/ProceduralFinals/PFB_Geo_RockShelf_04.prefab;Assets/_Project/Prefabs/Nature/Rocks/ProceduralFinals/PFB_Geo_RockShelf_05.prefab;Assets/_Project/Prefabs/Nature/Rocks/ProceduralFinals/PFB_Geo_RockShelf_06.prefab;Assets/_Project/Prefabs/Nature/Rocks/ProceduralFinals/PFB_Geo_RockShelf_07.prefab;Assets/_Project/Prefabs/Nature/Rocks/Rock_Skala.prefab;Assets/_Project/Prefabs/WorldProceduralProxy/PFB_family_rock_arch_large.prefab;Assets/_Project/Prefabs/WorldProceduralProxy/PFB_family_rock_arch_large__arch.prefab;Assets/_Project/Prefabs/WorldProceduralProxy/PFB_family_rock_arch_large__split.prefab;Assets/_Project/Prefabs/WorldProceduralProxy/PFB_family_rock_cluster_medium.prefab;Assets/_Project/Prefabs/WorldProceduralProxy/PFB_family_rock_cluster_medium__cluster.prefab;Assets/_Project/Prefabs/WorldProceduralProxy/PFB_family_rock_cluster_medium__ridge.prefab;Assets/_Project/Prefabs/WorldProceduralProxy/PFB_family_rock_cluster_medium__stack.prefab;Assets/_Project/Prefabs/WorldProceduralProxy/PFB_family_rock_small_floor.prefab;Assets/_Project/Prefabs/WorldProceduralProxy/PFB_family_rock_small_floor__flat.prefab;Assets/_Project/Prefabs/WorldProceduralProxy/PFB_family_rock_small_floor__group.prefab;Assets/_Project/Prefabs/WorldProceduralProxy/PFB_family_rock_small_floor__low.prefab;Assets/_Project/Prefabs/WorldRuntime/ProceduralPlaceholders/TerrainLod/PFB_family_rock_arch_large_Placeholder.prefab,,,,Assets/_Project/Prefabs/Nature/Rocks/ProceduralFinals/PFB_Geo_CaveEntrance_00.prefab;Assets/_Project/Prefabs/Nature/Rocks/ProceduralFinals/PFB_Geo_CaveEntrance_01.prefab;Assets/_Project/Prefabs/Nature/Rocks/ProceduralFinals/PFB_Geo_CaveEntrance_02.prefab;Assets/_Project/Prefabs/Nature/Rocks/ProceduralFinals/PFB_Geo_CaveEntrance_03.prefab;Assets/_Project/Prefabs/Nature/Rocks/ProceduralFinals/PFB_Geo_CaveEntrance_04.prefab;Assets/_Project/Prefabs/Nature/Rocks/ProceduralFinals/PFB_Geo_CaveEntrance_05.prefab;Assets/_Project/Prefabs/Nature/Rocks/ProceduralFinals/PFB_Geo_Cave_Entrance.prefab;Assets/_Project/Prefabs/Nature/Rocks/ProceduralFinals/PFB_Geo_LandmarkSpire_00.prefab;Assets/_Project/Prefabs/Nature/Rocks/ProceduralFinals/PFB_Geo_LandmarkSpire_01.prefab;Assets/_Project/Prefabs/Nature/Rocks/ProceduralFinals/PFB_Geo_LandmarkSpire_02.prefab;Assets/_Project/Prefabs/Nature/Rocks/ProceduralFinals/PFB_Geo_LandmarkSpire_03.prefab;Assets/_Project/Prefabs/Nature/Rocks/ProceduralFinals/PFB_Geo_LandmarkSpire_04.prefab;Assets/_Project/Prefabs/Nature/Rocks/ProceduralFinals/PFB_Geo_LandmarkSpire_05.prefab;Assets/_Project/Prefabs/Nature/Rocks/ProceduralFinals/PFB_Geo_Landmark_Spire.prefab;Assets/_Project/Prefabs/Nature/Rocks/ProceduralFinals/PFB_Geo_RockArch_00.prefab;Assets/_Project/Prefabs/Nature/Rocks/ProceduralFinals/PFB_Geo_RockArch_01.prefab;Assets/_Project/Prefabs/Nature/Rocks/ProceduralFinals/PFB_Geo_RockArch_02.prefab;Assets/_Project/Prefabs/Nature/Rocks/ProceduralFinals/PFB_Geo_RockArch_03.prefab;Assets/_Project/Prefabs/Nature/Rocks/ProceduralFinals/PFB_Geo_RockArch_04.prefab;Assets/_Project/Prefabs/Nature/Rocks/ProceduralFinals/PFB_Geo_RockArch_05.prefab;Assets/_Project/Prefabs/Nature/Rocks/ProceduralFinals/PFB_Geo_RockArch_Large.prefab;Assets/_Project/Prefabs/Nature/Rocks/ProceduralFinals/PFB_Geo_RockCluster_00.prefab;Assets/_Project/Prefabs/Nature/Rocks/ProceduralFinals/PFB_Geo_RockCluster_01.prefab;Assets/_Project/Prefabs/Nature/Rocks/ProceduralFinals/PFB_Geo_RockCluster_02.prefab;Assets/_Project/Prefabs/Nature/Rocks/ProceduralFinals/PFB_Geo_RockCluster_03.prefab;Assets/_Project/Prefabs/Nature/Rocks/ProceduralFinals/PFB_Geo_RockCluster_04.prefab;Assets/_Project/Prefabs/Nature/Rocks/ProceduralFinals/PFB_Geo_RockCluster_05.prefab;Assets/_Project/Prefabs/Nature/Rocks/ProceduralFinals/PFB_Geo_RockCluster_06.prefab;Assets/_Project/Prefabs/Nature/Rocks/ProceduralFinals/PFB_Geo_RockCluster_07.prefab;Assets/_Project/Prefabs/Nature/Rocks/ProceduralFinals/PFB_Geo_RockCluster_08.prefab;Assets/_Project/Prefabs/Nature/Rocks/ProceduralFinals/PFB_Geo_RockCluster_09.prefab;Assets/_Project/Prefabs/Nature/Rocks/ProceduralFinals/PFB_Geo_RockFloor_00.prefab;Assets/_Project/Prefabs/Nature/Rocks/ProceduralFinals/PFB_Geo_RockFloor_01.prefab;Assets/_Project/Prefabs/Nature/Rocks/ProceduralFinals/PFB_Geo_RockFloor_02.prefab;Assets/_Project/Prefabs/Nature/Rocks/ProceduralFinals/PFB_Geo_RockFloor_03.prefab;Assets/_Project/Prefabs/Nature/Rocks/ProceduralFinals/PFB_Geo_RockFloor_04.prefab;Assets/_Project/Prefabs/Nature/Rocks/ProceduralFinals/PFB_Geo_RockFloor_05.prefab;Assets/_Project/Prefabs/Nature/Rocks/ProceduralFinals/PFB_Geo_RockFloor_06.prefab;Assets/_Project/Prefabs/Nature/Rocks/ProceduralFinals/PFB_Geo_RockFloor_07.prefab;Assets/_Project/Prefabs/Nature/Rocks/ProceduralFinals/PFB_Geo_RockFloor_08.prefab;Assets/_Project/Prefabs/Nature/Rocks/ProceduralFinals/PFB_Geo_RockFloor_09.prefab;Assets/_Project/Prefabs/Nature/Rocks/ProceduralFinals/PFB_Geo_RockShelf_00.prefab;Assets/_Project/Prefabs/Nature/Rocks/ProceduralFinals/PFB_Geo_RockShelf_01.prefab;Assets/_Project/Prefabs/Nature/Rocks/ProceduralFinals/PFB_Geo_RockShelf_02.prefab;Assets/_Project/Prefabs/Nature/Rocks/ProceduralFinals/PFB_Geo_RockShelf_03.prefab;Assets/_Project/Prefabs/Nature/Rocks/ProceduralFinals/PFB_Geo_RockShelf_04.prefab;Assets/_Project/Prefabs/Nature/Rocks/ProceduralFinals/PFB_Geo_RockShelf_05.prefab;Assets/_Project/Prefabs/Nature/Rocks/ProceduralFinals/PFB_Geo_RockShelf_06.prefab;Assets/_Project/Prefabs/Nature/Rocks/ProceduralFinals/PFB_Geo_RockShelf_07.prefab;Assets/_Project/Prefabs/WorldProceduralProxy/PFB_family_rock_arch_large.prefab;Assets/_Project/Prefabs/WorldProceduralProxy/PFB_family_rock_arch_large__arch.prefab;Assets/_Project/Prefabs/WorldProceduralProxy/PFB_family_rock_arch_large__split.prefab;Assets/_Project/Prefabs/WorldProceduralProxy/PFB_family_rock_cluster_medium.prefab;Assets/_Project/Prefabs/WorldProceduralProxy/PFB_family_rock_cluster_medium__cluster.prefab;Assets/_Project/Prefabs/WorldProceduralProxy/PFB_family_rock_cluster_medium__ridge.prefab;Assets/_Project/Prefabs/WorldProceduralProxy/PFB_family_rock_cluster_medium__stack.prefab;Assets/_Project/Prefabs/WorldProceduralProxy/PFB_family_rock_small_floor.prefab;Assets/_Project/Prefabs/WorldProceduralProxy/PFB_family_rock_small_floor__flat.prefab;Assets/_Project/Prefabs/WorldProceduralProxy/PFB_family_rock_small_floor__group.prefab;Assets/_Project/Prefabs/WorldProceduralProxy/PFB_family_rock_small_floor__low.prefab;Assets/_Project/Prefabs/WorldRuntime/ProceduralPlaceholders/TerrainLod/PFB_family_rock_arch_large_Placeholder.prefab,Assets/_Project/Art/Materials/WorldProceduralProxy/MAT_family_rock_arch_large.mat;Assets/_Project/Art/Materials/WorldProceduralProxy/MAT_family_rock_cluster_medium.mat;Assets/_Project/Art/Materials/WorldProceduralProxy/MAT_family_rock_small_floor.mat;Assets/_Project/Materials/WorldRuntime/ProceduralPlaceholders/TerrainLod/MAT_family_rock_arch_large_Placeholder.mat,STATIC_SOURCE,runtime_visual_proof_pending
Assets/_Project/Art/Models/Rocks/Rock_4_-_UNIVERSALNYY_VYBOR/UNIVERSALNYY_VYBOR_(TEKSTURY)/TOP1Rock028_2K-JPG_Color.jpg,99a7515839d870349b33fe05325d4170,REFERENCED_TEXTURE;PROXY_CONTAMINATION_TEXTURE,,UNASSIGNED_STATIC_SOURCE,unassigned_source,2048,2048,5.442,1,1,1,5,Assets/_Project/Art/Materials/WorldProceduralProxy/MAT_family_rock_arch_large.mat[_BaseMap|_MainTex];Assets/_Project/Art/Materials/WorldProceduralProxy/MAT_family_rock_cluster_medium.mat[_BaseMap|_MainTex];Assets/_Project/Art/Materials/WorldProceduralProxy/MAT_family_rock_small_floor.mat[_BaseMap|_MainTex];Assets/_Project/Art/Models/Rocks/Rock_4_-_UNIVERSALNYY_VYBOR/UNIVERSALNYY_VYBOR_(TEKSTURY)/mat_Rock_Shared.mat[_Base_Map];Assets/_Project/Materials/WorldRuntime/ProceduralPlaceholders/TerrainLod/MAT_family_rock_arch_large_Placeholder.mat[_BaseMap|_MainTex],93,Assets/_Project/Art/Models/Baked/PILLAR1 MESH.prefab;Assets/_Project/Art/Models/Rocks/Rock 5/River_Rock_FBX.prefab;Assets/_Project/Prefabs/Nature/GOTOVYE_PREFABY_KAMNEY/ENV_Arka_1_stonhenzh.prefab;Assets/_Project/Prefabs/Nature/GOTOVYE_PREFABY_KAMNEY/ENV_Bolder_2.prefab;Assets/_Project/Prefabs/Nature/GOTOVYE_PREFABY_KAMNEY/ENV_Kam_s_kuchk_3-3-1.5_.prefab;Assets/_Project/Prefabs/Nature/GOTOVYE_PREFABY_KAMNEY/ENV_Kamen_baz_4-4-2_m.prefab;Assets/_Project/Prefabs/Nature/GOTOVYE_PREFABY_KAMNEY/ENV_Kamen_baz_6-4-4m.prefab;Assets/_Project/Prefabs/Nature/GOTOVYE_PREFABY_KAMNEY/ENV_Kuchka_3_5-5-2.prefab;Assets/_Project/Prefabs/Nature/GOTOVYE_PREFABY_KAMNEY/ENV_Kuchka_4_5-5.prefab;Assets/_Project/Prefabs/Nature/GOTOVYE_PREFABY_KAMNEY/ENV_Kuchka_5_5-5-2.prefab;Assets/_Project/Prefabs/Nature/GOTOVYE_PREFABY_KAMNEY/ENV_Ogrom_skala.prefab;Assets/_Project/Prefabs/Nature/GOTOVYE_PREFABY_KAMNEY/ENV_Ogromennaya_skala.prefab;Assets/_Project/Prefabs/Nature/GOTOVYE_PREFABY_KAMNEY/ENV_PILLAR1.prefab;Assets/_Project/Prefabs/Nature/GOTOVYE_PREFABY_KAMNEY/ENV_Skala2.prefab;Assets/_Project/Prefabs/Nature/GOTOVYE_PREFABY_KAMNEY/ENV_arka1.prefab;Assets/_Project/Prefabs/Nature/GOTOVYE_PREFABY_KAMNEY/ENV_arka2.prefab;Assets/_Project/Prefabs/Nature/GOTOVYE_PREFABY_KAMNEY/ENV_blin_plosk_5_na_5_.prefab;Assets/_Project/Prefabs/Nature/GOTOVYE_PREFABY_KAMNEY/ENV_bolder_1.prefab;Assets/_Project/Prefabs/Nature/GOTOVYE_PREFABY_KAMNEY/ENV_bolshaya_gorizontalnaya.prefab;Assets/_Project/Prefabs/Nature/GOTOVYE_PREFABY_KAMNEY/ENV_donnaya_kucha.prefab;Assets/_Project/Prefabs/Nature/GOTOVYE_PREFABY_KAMNEY/ENV_krugovaya.prefab;Assets/_Project/Prefabs/Nature/GOTOVYE_PREFABY_KAMNEY/ENV_kucha1.prefab;Assets/_Project/Prefabs/Nature/GOTOVYE_PREFABY_KAMNEY/ENV_kucha2.prefab;Assets/_Project/Prefabs/Nature/GOTOVYE_PREFABY_KAMNEY/ENV_kucha_3_bold.prefab;Assets/_Project/Prefabs/Nature/GOTOVYE_PREFABY_KAMNEY/ENV_kuchka_melka_1.prefab;Assets/_Project/Prefabs/Nature/GOTOVYE_PREFABY_KAMNEY/ENV_pillar2.prefab;Assets/_Project/Prefabs/Nature/GOTOVYE_PREFABY_KAMNEY/ENV_skala_bolshaya.prefab;Assets/_Project/Prefabs/Nature/Rocks/Forest_Rock_Shelf.prefab;Assets/_Project/Prefabs/Nature/Rocks/Mossy_Forest_Rock.prefab;Assets/_Project/Prefabs/Nature/Rocks/Nordic_Beach_Rock.prefab;Assets/_Project/Prefabs/Nature/Rocks/Nordic_Beach_Rock_Formation.prefab;Assets/_Project/Prefabs/Nature/Rocks/ProceduralFinals/PFB_Geo_CaveEntrance_00.prefab;Assets/_Project/Prefabs/Nature/Rocks/ProceduralFinals/PFB_Geo_CaveEntrance_01.prefab;Assets/_Project/Prefabs/Nature/Rocks/ProceduralFinals/PFB_Geo_CaveEntrance_02.prefab;Assets/_Project/Prefabs/Nature/Rocks/ProceduralFinals/PFB_Geo_CaveEntrance_03.prefab;Assets/_Project/Prefabs/Nature/Rocks/ProceduralFinals/PFB_Geo_CaveEntrance_04.prefab;Assets/_Project/Prefabs/Nature/Rocks/ProceduralFinals/PFB_Geo_CaveEntrance_05.prefab;Assets/_Project/Prefabs/Nature/Rocks/ProceduralFinals/PFB_Geo_Cave_Entrance.prefab;Assets/_Project/Prefabs/Nature/Rocks/ProceduralFinals/PFB_Geo_LandmarkSpire_00.prefab;Assets/_Project/Prefabs/Nature/Rocks/ProceduralFinals/PFB_Geo_LandmarkSpire_01.prefab;Assets/_Project/Prefabs/Nature/Rocks/ProceduralFinals/PFB_Geo_LandmarkSpire_02.prefab;Assets/_Project/Prefabs/Nature/Rocks/ProceduralFinals/PFB_Geo_LandmarkSpire_03.prefab;Assets/_Project/Prefabs/Nature/Rocks/ProceduralFinals/PFB_Geo_LandmarkSpire_04.prefab;Assets/_Project/Prefabs/Nature/Rocks/ProceduralFinals/PFB_Geo_LandmarkSpire_05.prefab;Assets/_Project/Prefabs/Nature/Rocks/ProceduralFinals/PFB_Geo_Landmark_Spire.prefab;Assets/_Project/Prefabs/Nature/Rocks/ProceduralFinals/PFB_Geo_RockArch_00.prefab;Assets/_Project/Prefabs/Nature/Rocks/ProceduralFinals/PFB_Geo_RockArch_01.prefab;Assets/_Project/Prefabs/Nature/Rocks/ProceduralFinals/PFB_Geo_RockArch_02.prefab;Assets/_Project/Prefabs/Nature/Rocks/ProceduralFinals/PFB_Geo_RockArch_03.prefab;Assets/_Project/Prefabs/Nature/Rocks/ProceduralFinals/PFB_Geo_RockArch_04.prefab;Assets/_Project/Prefabs/Nature/Rocks/ProceduralFinals/PFB_Geo_RockArch_05.prefab;Assets/_Project/Prefabs/Nature/Rocks/ProceduralFinals/PFB_Geo_RockArch_Large.prefab;Assets/_Project/Prefabs/Nature/Rocks/ProceduralFinals/PFB_Geo_RockCluster_00.prefab;Assets/_Project/Prefabs/Nature/Rocks/ProceduralFinals/PFB_Geo_RockCluster_01.prefab;Assets/_Project/Prefabs/Nature/Rocks/ProceduralFinals/PFB_Geo_RockCluster_02.prefab;Assets/_Project/Prefabs/Nature/Rocks/ProceduralFinals/PFB_Geo_RockCluster_03.prefab;Assets/_Project/Prefabs/Nature/Rocks/ProceduralFinals/PFB_Geo_RockCluster_04.prefab;Assets/_Project/Prefabs/Nature/Rocks/ProceduralFinals/PFB_Geo_RockCluster_05.prefab;Assets/_Project/Prefabs/Nature/Rocks/ProceduralFinals/PFB_Geo_RockCluster_06.prefab;Assets/_Project/Prefabs/Nature/Rocks/ProceduralFinals/PFB_Geo_RockCluster_07.prefab;Assets/_Project/Prefabs/Nature/Rocks/ProceduralFinals/PFB_Geo_RockCluster_08.prefab;Assets/_Project/Prefabs/Nature/Rocks/ProceduralFinals/PFB_Geo_RockCluster_09.prefab;Assets/_Project/Prefabs/Nature/Rocks/ProceduralFinals/PFB_Geo_RockFloor_00.prefab;Assets/_Project/Prefabs/Nature/Rocks/ProceduralFinals/PFB_Geo_RockFloor_01.prefab;Assets/_Project/Prefabs/Nature/Rocks/ProceduralFinals/PFB_Geo_RockFloor_02.prefab;Assets/_Project/Prefabs/Nature/Rocks/ProceduralFinals/PFB_Geo_RockFloor_03.prefab;Assets/_Project/Prefabs/Nature/Rocks/ProceduralFinals/PFB_Geo_RockFloor_04.prefab;Assets/_Project/Prefabs/Nature/Rocks/ProceduralFinals/PFB_Geo_RockFloor_05.prefab;Assets/_Project/Prefabs/Nature/Rocks/ProceduralFinals/PFB_Geo_RockFloor_06.prefab;Assets/_Project/Prefabs/Nature/Rocks/ProceduralFinals/PFB_Geo_RockFloor_07.prefab;Assets/_Project/Prefabs/Nature/Rocks/ProceduralFinals/PFB_Geo_RockFloor_08.prefab;Assets/_Project/Prefabs/Nature/Rocks/ProceduralFinals/PFB_Geo_RockFloor_09.prefab;Assets/_Project/Prefabs/Nature/Rocks/ProceduralFinals/PFB_Geo_RockShelf_00.prefab;Assets/_Project/Prefabs/Nature/Rocks/ProceduralFinals/PFB_Geo_RockShelf_01.prefab;Assets/_Project/Prefabs/Nature/Rocks/ProceduralFinals/PFB_Geo_RockShelf_02.prefab;Assets/_Project/Prefabs/Nature/Rocks/ProceduralFinals/PFB_Geo_RockShelf_03.prefab;Assets/_Project/Prefabs/Nature/Rocks/ProceduralFinals/PFB_Geo_RockShelf_04.prefab;Assets/_Project/Prefabs/Nature/Rocks/ProceduralFinals/PFB_Geo_RockShelf_05.prefab;Assets/_Project/Prefabs/Nature/Rocks/ProceduralFinals/PFB_Geo_RockShelf_06.prefab;Assets/_Project/Prefabs/Nature/Rocks/ProceduralFinals/PFB_Geo_RockShelf_07.prefab;Assets/_Project/Prefabs/Nature/Rocks/Rock_Skala.prefab;Assets/_Project/Prefabs/WorldProceduralProxy/PFB_family_rock_arch_large.prefab;Assets/_Project/Prefabs/WorldProceduralProxy/PFB_family_rock_arch_large__arch.prefab;Assets/_Project/Prefabs/WorldProceduralProxy/PFB_family_rock_arch_large__split.prefab;Assets/_Project/Prefabs/WorldProceduralProxy/PFB_family_rock_cluster_medium.prefab;Assets/_Project/Prefabs/WorldProceduralProxy/PFB_family_rock_cluster_medium__cluster.prefab;Assets/_Project/Prefabs/WorldProceduralProxy/PFB_family_rock_cluster_medium__ridge.prefab;Assets/_Project/Prefabs/WorldProceduralProxy/PFB_family_rock_cluster_medium__stack.prefab;Assets/_Project/Prefabs/WorldProceduralProxy/PFB_family_rock_small_floor.prefab;Assets/_Project/Prefabs/WorldProceduralProxy/PFB_family_rock_small_floor__flat.prefab;Assets/_Project/Prefabs/WorldProceduralProxy/PFB_family_rock_small_floor__group.prefab;Assets/_Project/Prefabs/WorldProceduralProxy/PFB_family_rock_small_floor__low.prefab;Assets/_Project/Prefabs/WorldRuntime/ProceduralPlaceholders/TerrainLod/PFB_family_rock_arch_large_Placeholder.prefab,,,,Assets/_Project/Prefabs/Nature/Rocks/ProceduralFinals/PFB_Geo_CaveEntrance_00.prefab;Assets/_Project/Prefabs/Nature/Rocks/ProceduralFinals/PFB_Geo_CaveEntrance_01.prefab;Assets/_Project/Prefabs/Nature/Rocks/ProceduralFinals/PFB_Geo_CaveEntrance_02.prefab;Assets/_Project/Prefabs/Nature/Rocks/ProceduralFinals/PFB_Geo_CaveEntrance_03.prefab;Assets/_Project/Prefabs/Nature/Rocks/ProceduralFinals/PFB_Geo_CaveEntrance_04.prefab;Assets/_Project/Prefabs/Nature/Rocks/ProceduralFinals/PFB_Geo_CaveEntrance_05.prefab;Assets/_Project/Prefabs/Nature/Rocks/ProceduralFinals/PFB_Geo_Cave_Entrance.prefab;Assets/_Project/Prefabs/Nature/Rocks/ProceduralFinals/PFB_Geo_LandmarkSpire_00.prefab;Assets/_Project/Prefabs/Nature/Rocks/ProceduralFinals/PFB_Geo_LandmarkSpire_01.prefab;Assets/_Project/Prefabs/Nature/Rocks/ProceduralFinals/PFB_Geo_LandmarkSpire_02.prefab;Assets/_Project/Prefabs/Nature/Rocks/ProceduralFinals/PFB_Geo_LandmarkSpire_03.prefab;Assets/_Project/Prefabs/Nature/Rocks/ProceduralFinals/PFB_Geo_LandmarkSpire_04.prefab;Assets/_Project/Prefabs/Nature/Rocks/ProceduralFinals/PFB_Geo_LandmarkSpire_05.prefab;Assets/_Project/Prefabs/Nature/Rocks/ProceduralFinals/PFB_Geo_Landmark_Spire.prefab;Assets/_Project/Prefabs/Nature/Rocks/ProceduralFinals/PFB_Geo_RockArch_00.prefab;Assets/_Project/Prefabs/Nature/Rocks/ProceduralFinals/PFB_Geo_RockArch_01.prefab;Assets/_Project/Prefabs/Nature/Rocks/ProceduralFinals/PFB_Geo_RockArch_02.prefab;Assets/_Project/Prefabs/Nature/Rocks/ProceduralFinals/PFB_Geo_RockArch_03.prefab;Assets/_Project/Prefabs/Nature/Rocks/ProceduralFinals/PFB_Geo_RockArch_04.prefab;Assets/_Project/Prefabs/Nature/Rocks/ProceduralFinals/PFB_Geo_RockArch_05.prefab;Assets/_Project/Prefabs/Nature/Rocks/ProceduralFinals/PFB_Geo_RockArch_Large.prefab;Assets/_Project/Prefabs/Nature/Rocks/ProceduralFinals/PFB_Geo_RockCluster_00.prefab;Assets/_Project/Prefabs/Nature/Rocks/ProceduralFinals/PFB_Geo_RockCluster_01.prefab;Assets/_Project/Prefabs/Nature/Rocks/ProceduralFinals/PFB_Geo_RockCluster_02.prefab;Assets/_Project/Prefabs/Nature/Rocks/ProceduralFinals/PFB_Geo_RockCluster_03.prefab;Assets/_Project/Prefabs/Nature/Rocks/ProceduralFinals/PFB_Geo_RockCluster_04.prefab;Assets/_Project/Prefabs/Nature/Rocks/ProceduralFinals/PFB_Geo_RockCluster_05.prefab;Assets/_Project/Prefabs/Nature/Rocks/ProceduralFinals/PFB_Geo_RockCluster_06.prefab;Assets/_Project/Prefabs/Nature/Rocks/ProceduralFinals/PFB_Geo_RockCluster_07.prefab;Assets/_Project/Prefabs/Nature/Rocks/ProceduralFinals/PFB_Geo_RockCluster_08.prefab;Assets/_Project/Prefabs/Nature/Rocks/ProceduralFinals/PFB_Geo_RockCluster_09.prefab;Assets/_Project/Prefabs/Nature/Rocks/ProceduralFinals/PFB_Geo_RockFloor_00.prefab;Assets/_Project/Prefabs/Nature/Rocks/ProceduralFinals/PFB_Geo_RockFloor_01.prefab;Assets/_Project/Prefabs/Nature/Rocks/ProceduralFinals/PFB_Geo_RockFloor_02.prefab;Assets/_Project/Prefabs/Nature/Rocks/ProceduralFinals/PFB_Geo_RockFloor_03.prefab;Assets/_Project/Prefabs/Nature/Rocks/ProceduralFinals/PFB_Geo_RockFloor_04.prefab;Assets/_Project/Prefabs/Nature/Rocks/ProceduralFinals/PFB_Geo_RockFloor_05.prefab;Assets/_Project/Prefabs/Nature/Rocks/ProceduralFinals/PFB_Geo_RockFloor_06.prefab;Assets/_Project/Prefabs/Nature/Rocks/ProceduralFinals/PFB_Geo_RockFloor_07.prefab;Assets/_Project/Prefabs/Nature/Rocks/ProceduralFinals/PFB_Geo_RockFloor_08.prefab;Assets/_Project/Prefabs/Nature/Rocks/ProceduralFinals/PFB_Geo_RockFloor_09.prefab;Assets/_Project/Prefabs/Nature/Rocks/ProceduralFinals/PFB_Geo_RockShelf_00.prefab;Assets/_Project/Prefabs/Nature/Rocks/ProceduralFinals/PFB_Geo_RockShelf_01.prefab;Assets/_Project/Prefabs/Nature/Rocks/ProceduralFinals/PFB_Geo_RockShelf_02.prefab;Assets/_Project/Prefabs/Nature/Rocks/ProceduralFinals/PFB_Geo_RockShelf_03.prefab;Assets/_Project/Prefabs/Nature/Rocks/ProceduralFinals/PFB_Geo_RockShelf_04.prefab;Assets/_Project/Prefabs/Nature/Rocks/ProceduralFinals/PFB_Geo_RockShelf_05.prefab;Assets/_Project/Prefabs/Nature/Rocks/ProceduralFinals/PFB_Geo_RockShelf_06.prefab;Assets/_Project/Prefabs/Nature/Rocks/ProceduralFinals/PFB_Geo_RockShelf_07.prefab;Assets/_Project/Prefabs/WorldProceduralProxy/PFB_family_rock_arch_large.prefab;Assets/_Project/Prefabs/WorldProceduralProxy/PFB_family_rock_arch_large__arch.prefab;Assets/_Project/Prefabs/WorldProceduralProxy/PFB_family_rock_arch_large__split.prefab;Assets/_Project/Prefabs/WorldProceduralProxy/PFB_family_rock_cluster_medium.prefab;Assets/_Project/Prefabs/WorldProceduralProxy/PFB_family_rock_cluster_medium__cluster.prefab;Assets/_Project/Prefabs/WorldProceduralProxy/PFB_family_rock_cluster_medium__ridge.prefab;Assets/_Project/Prefabs/WorldProceduralProxy/PFB_family_rock_cluster_medium__stack.prefab;Assets/_Project/Prefabs/WorldProceduralProxy/PFB_family_rock_small_floor.prefab;Assets/_Project/Prefabs/WorldProceduralProxy/PFB_family_rock_small_floor__flat.prefab;Assets/_Project/Prefabs/WorldProceduralProxy/PFB_family_rock_small_floor__group.prefab;Assets/_Project/Prefabs/WorldProceduralProxy/PFB_family_rock_small_floor__low.prefab;Assets/_Project/Prefabs/WorldRuntime/ProceduralPlaceholders/TerrainLod/PFB_family_rock_arch_large_Placeholder.prefab,Assets/_Project/Art/Materials/WorldProceduralProxy/MAT_family_rock_arch_large.mat;Assets/_Project/Art/Materials/WorldProceduralProxy/MAT_family_rock_cluster_medium.mat;Assets/_Project/Art/Materials/WorldProceduralProxy/MAT_family_rock_small_floor.mat;Assets/_Project/Materials/WorldRuntime/ProceduralPlaceholders/TerrainLod/MAT_family_rock_arch_large_Placeholder.mat,STATIC_SOURCE,runtime_visual_proof_pending
Assets/_Project/Art/Models/Rocks/Rock_4_-_UNIVERSALNYY_VYBOR/UNIVERSALNYY_VYBOR_(TEKSTURY)/TOP1Rock028_2K-JPG_NormalGL.jpg,22485df57c1f2a148b54f0509ccdfa2d,REFERENCED_TEXTURE;PROXY_CONTAMINATION_TEXTURE,,UNASSIGNED_STATIC_SOURCE,packed_mask_source,2048,2048,9.572,0,1,1,5,Assets/_Project/Art/Materials/WorldProceduralProxy/MAT_family_rock_arch_large.mat[_BumpMap];Assets/_Project/Art/Materials/WorldProceduralProxy/MAT_family_rock_cluster_medium.mat[_BumpMap];Assets/_Project/Art/Materials/WorldProceduralProxy/MAT_family_rock_small_floor.mat[_BumpMap];Assets/_Project/Art/Models/Rocks/Rock_4_-_UNIVERSALNYY_VYBOR/UNIVERSALNYY_VYBOR_(TEKSTURY)/mat_Rock_Shared.mat[_Normal_Map];Assets/_Project/Materials/WorldRuntime/ProceduralPlaceholders/TerrainLod/MAT_family_rock_arch_large_Placeholder.mat[_BumpMap],93,Assets/_Project/Art/Models/Baked/PILLAR1 MESH.prefab;Assets/_Project/Art/Models/Rocks/Rock 5/River_Rock_FBX.prefab;Assets/_Project/Prefabs/Nature/GOTOVYE_PREFABY_KAMNEY/ENV_Arka_1_stonhenzh.prefab;Assets/_Project/Prefabs/Nature/GOTOVYE_PREFABY_KAMNEY/ENV_Bolder_2.prefab;Assets/_Project/Prefabs/Nature/GOTOVYE_PREFABY_KAMNEY/ENV_Kam_s_kuchk_3-3-1.5_.prefab;Assets/_Project/Prefabs/Nature/GOTOVYE_PREFABY_KAMNEY/ENV_Kamen_baz_4-4-2_m.prefab;Assets/_Project/Prefabs/Nature/GOTOVYE_PREFABY_KAMNEY/ENV_Kamen_baz_6-4-4m.prefab;Assets/_Project/Prefabs/Nature/GOTOVYE_PREFABY_KAMNEY/ENV_Kuchka_3_5-5-2.prefab;Assets/_Project/Prefabs/Nature/GOTOVYE_PREFABY_KAMNEY/ENV_Kuchka_4_5-5.prefab;Assets/_Project/Prefabs/Nature/GOTOVYE_PREFABY_KAMNEY/ENV_Kuchka_5_5-5-2.prefab;Assets/_Project/Prefabs/Nature/GOTOVYE_PREFABY_KAMNEY/ENV_Ogrom_skala.prefab;Assets/_Project/Prefabs/Nature/GOTOVYE_PREFABY_KAMNEY/ENV_Ogromennaya_skala.prefab;Assets/_Project/Prefabs/Nature/GOTOVYE_PREFABY_KAMNEY/ENV_PILLAR1.prefab;Assets/_Project/Prefabs/Nature/GOTOVYE_PREFABY_KAMNEY/ENV_Skala2.prefab;Assets/_Project/Prefabs/Nature/GOTOVYE_PREFABY_KAMNEY/ENV_arka1.prefab;Assets/_Project/Prefabs/Nature/GOTOVYE_PREFABY_KAMNEY/ENV_arka2.prefab;Assets/_Project/Prefabs/Nature/GOTOVYE_PREFABY_KAMNEY/ENV_blin_plosk_5_na_5_.prefab;Assets/_Project/Prefabs/Nature/GOTOVYE_PREFABY_KAMNEY/ENV_bolder_1.prefab;Assets/_Project/Prefabs/Nature/GOTOVYE_PREFABY_KAMNEY/ENV_bolshaya_gorizontalnaya.prefab;Assets/_Project/Prefabs/Nature/GOTOVYE_PREFABY_KAMNEY/ENV_donnaya_kucha.prefab;Assets/_Project/Prefabs/Nature/GOTOVYE_PREFABY_KAMNEY/ENV_krugovaya.prefab;Assets/_Project/Prefabs/Nature/GOTOVYE_PREFABY_KAMNEY/ENV_kucha1.prefab;Assets/_Project/Prefabs/Nature/GOTOVYE_PREFABY_KAMNEY/ENV_kucha2.prefab;Assets/_Project/Prefabs/Nature/GOTOVYE_PREFABY_KAMNEY/ENV_kucha_3_bold.prefab;Assets/_Project/Prefabs/Nature/GOTOVYE_PREFABY_KAMNEY/ENV_kuchka_melka_1.prefab;Assets/_Project/Prefabs/Nature/GOTOVYE_PREFABY_KAMNEY/ENV_pillar2.prefab;Assets/_Project/Prefabs/Nature/GOTOVYE_PREFABY_KAMNEY/ENV_skala_bolshaya.prefab;Assets/_Project/Prefabs/Nature/Rocks/Forest_Rock_Shelf.prefab;Assets/_Project/Prefabs/Nature/Rocks/Mossy_Forest_Rock.prefab;Assets/_Project/Prefabs/Nature/Rocks/Nordic_Beach_Rock.prefab;Assets/_Project/Prefabs/Nature/Rocks/Nordic_Beach_Rock_Formation.prefab;Assets/_Project/Prefabs/Nature/Rocks/ProceduralFinals/PFB_Geo_CaveEntrance_00.prefab;Assets/_Project/Prefabs/Nature/Rocks/ProceduralFinals/PFB_Geo_CaveEntrance_01.prefab;Assets/_Project/Prefabs/Nature/Rocks/ProceduralFinals/PFB_Geo_CaveEntrance_02.prefab;Assets/_Project/Prefabs/Nature/Rocks/ProceduralFinals/PFB_Geo_CaveEntrance_03.prefab;Assets/_Project/Prefabs/Nature/Rocks/ProceduralFinals/PFB_Geo_CaveEntrance_04.prefab;Assets/_Project/Prefabs/Nature/Rocks/ProceduralFinals/PFB_Geo_CaveEntrance_05.prefab;Assets/_Project/Prefabs/Nature/Rocks/ProceduralFinals/PFB_Geo_Cave_Entrance.prefab;Assets/_Project/Prefabs/Nature/Rocks/ProceduralFinals/PFB_Geo_LandmarkSpire_00.prefab;Assets/_Project/Prefabs/Nature/Rocks/ProceduralFinals/PFB_Geo_LandmarkSpire_01.prefab;Assets/_Project/Prefabs/Nature/Rocks/ProceduralFinals/PFB_Geo_LandmarkSpire_02.prefab;Assets/_Project/Prefabs/Nature/Rocks/ProceduralFinals/PFB_Geo_LandmarkSpire_03.prefab;Assets/_Project/Prefabs/Nature/Rocks/ProceduralFinals/PFB_Geo_LandmarkSpire_04.prefab;Assets/_Project/Prefabs/Nature/Rocks/ProceduralFinals/PFB_Geo_LandmarkSpire_05.prefab;Assets/_Project/Prefabs/Nature/Rocks/ProceduralFinals/PFB_Geo_Landmark_Spire.prefab;Assets/_Project/Prefabs/Nature/Rocks/ProceduralFinals/PFB_Geo_RockArch_00.prefab;Assets/_Project/Prefabs/Nature/Rocks/ProceduralFinals/PFB_Geo_RockArch_01.prefab;Assets/_Project/Prefabs/Nature/Rocks/ProceduralFinals/PFB_Geo_RockArch_02.prefab;Assets/_Project/Prefabs/Nature/Rocks/ProceduralFinals/PFB_Geo_RockArch_03.prefab;Assets/_Project/Prefabs/Nature/Rocks/ProceduralFinals/PFB_Geo_RockArch_04.prefab;Assets/_Project/Prefabs/Nature/Rocks/ProceduralFinals/PFB_Geo_RockArch_05.prefab;Assets/_Project/Prefabs/Nature/Rocks/ProceduralFinals/PFB_Geo_RockArch_Large.prefab;Assets/_Project/Prefabs/Nature/Rocks/ProceduralFinals/PFB_Geo_RockCluster_00.prefab;Assets/_Project/Prefabs/Nature/Rocks/ProceduralFinals/PFB_Geo_RockCluster_01.prefab;Assets/_Project/Prefabs/Nature/Rocks/ProceduralFinals/PFB_Geo_RockCluster_02.prefab;Assets/_Project/Prefabs/Nature/Rocks/ProceduralFinals/PFB_Geo_RockCluster_03.prefab;Assets/_Project/Prefabs/Nature/Rocks/ProceduralFinals/PFB_Geo_RockCluster_04.prefab;Assets/_Project/Prefabs/Nature/Rocks/ProceduralFinals/PFB_Geo_RockCluster_05.prefab;Assets/_Project/Prefabs/Nature/Rocks/ProceduralFinals/PFB_Geo_RockCluster_06.prefab;Assets/_Project/Prefabs/Nature/Rocks/ProceduralFinals/PFB_Geo_RockCluster_07.prefab;Assets/_Project/Prefabs/Nature/Rocks/ProceduralFinals/PFB_Geo_RockCluster_08.prefab;Assets/_Project/Prefabs/Nature/Rocks/ProceduralFinals/PFB_Geo_RockCluster_09.prefab;Assets/_Project/Prefabs/Nature/Rocks/ProceduralFinals/PFB_Geo_RockFloor_00.prefab;Assets/_Project/Prefabs/Nature/Rocks/ProceduralFinals/PFB_Geo_RockFloor_01.prefab;Assets/_Project/Prefabs/Nature/Rocks/ProceduralFinals/PFB_Geo_RockFloor_02.prefab;Assets/_Project/Prefabs/Nature/Rocks/ProceduralFinals/PFB_Geo_RockFloor_03.prefab;Assets/_Project/Prefabs/Nature/Rocks/ProceduralFinals/PFB_Geo_RockFloor_04.prefab;Assets/_Project/Prefabs/Nature/Rocks/ProceduralFinals/PFB_Geo_RockFloor_05.prefab;Assets/_Project/Prefabs/Nature/Rocks/ProceduralFinals/PFB_Geo_RockFloor_06.prefab;Assets/_Project/Prefabs/Nature/Rocks/ProceduralFinals/PFB_Geo_RockFloor_07.prefab;Assets/_Project/Prefabs/Nature/Rocks/ProceduralFinals/PFB_Geo_RockFloor_08.prefab;Assets/_Project/Prefabs/Nature/Rocks/ProceduralFinals/PFB_Geo_RockFloor_09.prefab;Assets/_Project/Prefabs/Nature/Rocks/ProceduralFinals/PFB_Geo_RockShelf_00.prefab;Assets/_Project/Prefabs/Nature/Rocks/ProceduralFinals/PFB_Geo_RockShelf_01.prefab;Assets/_Project/Prefabs/Nature/Rocks/ProceduralFinals/PFB_Geo_RockShelf_02.prefab;Assets/_Project/Prefabs/Nature/Rocks/ProceduralFinals/PFB_Geo_RockShelf_03.prefab;Assets/_Project/Prefabs/Nature/Rocks/ProceduralFinals/PFB_Geo_RockShelf_04.prefab;Assets/_Project/Prefabs/Nature/Rocks/ProceduralFinals/PFB_Geo_RockShelf_05.prefab;Assets/_Project/Prefabs/Nature/Rocks/ProceduralFinals/PFB_Geo_RockShelf_06.prefab;Assets/_Project/Prefabs/Nature/Rocks/ProceduralFinals/PFB_Geo_RockShelf_07.prefab;Assets/_Project/Prefabs/Nature/Rocks/Rock_Skala.prefab;Assets/_Project/Prefabs/WorldProceduralProxy/PFB_family_rock_arch_large.prefab;Assets/_Project/Prefabs/WorldProceduralProxy/PFB_family_rock_arch_large__arch.prefab;Assets/_Project/Prefabs/WorldProceduralProxy/PFB_family_rock_arch_large__split.prefab;Assets/_Project/Prefabs/WorldProceduralProxy/PFB_family_rock_cluster_medium.prefab;Assets/_Project/Prefabs/WorldProceduralProxy/PFB_family_rock_cluster_medium__cluster.prefab;Assets/_Project/Prefabs/WorldProceduralProxy/PFB_family_rock_cluster_medium__ridge.prefab;Assets/_Project/Prefabs/WorldProceduralProxy/PFB_family_rock_cluster_medium__stack.prefab;Assets/_Project/Prefabs/WorldProceduralProxy/PFB_family_rock_small_floor.prefab;Assets/_Project/Prefabs/WorldProceduralProxy/PFB_family_rock_small_floor__flat.prefab;Assets/_Project/Prefabs/WorldProceduralProxy/PFB_family_rock_small_floor__group.prefab;Assets/_Project/Prefabs/WorldProceduralProxy/PFB_family_rock_small_floor__low.prefab;Assets/_Project/Prefabs/WorldRuntime/ProceduralPlaceholders/TerrainLod/PFB_family_rock_arch_large_Placeholder.prefab,,,,Assets/_Project/Prefabs/Nature/Rocks/ProceduralFinals/PFB_Geo_CaveEntrance_00.prefab;Assets/_Project/Prefabs/Nature/Rocks/ProceduralFinals/PFB_Geo_CaveEntrance_01.prefab;Assets/_Project/Prefabs/Nature/Rocks/ProceduralFinals/PFB_Geo_CaveEntrance_02.prefab;Assets/_Project/Prefabs/Nature/Rocks/ProceduralFinals/PFB_Geo_CaveEntrance_03.prefab;Assets/_Project/Prefabs/Nature/Rocks/ProceduralFinals/PFB_Geo_CaveEntrance_04.prefab;Assets/_Project/Prefabs/Nature/Rocks/ProceduralFinals/PFB_Geo_CaveEntrance_05.prefab;Assets/_Project/Prefabs/Nature/Rocks/ProceduralFinals/PFB_Geo_Cave_Entrance.prefab;Assets/_Project/Prefabs/Nature/Rocks/ProceduralFinals/PFB_Geo_LandmarkSpire_00.prefab;Assets/_Project/Prefabs/Nature/Rocks/ProceduralFinals/PFB_Geo_LandmarkSpire_01.prefab;Assets/_Project/Prefabs/Nature/Rocks/ProceduralFinals/PFB_Geo_LandmarkSpire_02.prefab;Assets/_Project/Prefabs/Nature/Rocks/ProceduralFinals/PFB_Geo_LandmarkSpire_03.prefab;Assets/_Project/Prefabs/Nature/Rocks/ProceduralFinals/PFB_Geo_LandmarkSpire_04.prefab;Assets/_Project/Prefabs/Nature/Rocks/ProceduralFinals/PFB_Geo_LandmarkSpire_05.prefab;Assets/_Project/Prefabs/Nature/Rocks/ProceduralFinals/PFB_Geo_Landmark_Spire.prefab;Assets/_Project/Prefabs/Nature/Rocks/ProceduralFinals/PFB_Geo_RockArch_00.prefab;Assets/_Project/Prefabs/Nature/Rocks/ProceduralFinals/PFB_Geo_RockArch_01.prefab;Assets/_Project/Prefabs/Nature/Rocks/ProceduralFinals/PFB_Geo_RockArch_02.prefab;Assets/_Project/Prefabs/Nature/Rocks/ProceduralFinals/PFB_Geo_RockArch_03.prefab;Assets/_Project/Prefabs/Nature/Rocks/ProceduralFinals/PFB_Geo_RockArch_04.prefab;Assets/_Project/Prefabs/Nature/Rocks/ProceduralFinals/PFB_Geo_RockArch_05.prefab;Assets/_Project/Prefabs/Nature/Rocks/ProceduralFinals/PFB_Geo_RockArch_Large.prefab;Assets/_Project/Prefabs/Nature/Rocks/ProceduralFinals/PFB_Geo_RockCluster_00.prefab;Assets/_Project/Prefabs/Nature/Rocks/ProceduralFinals/PFB_Geo_RockCluster_01.prefab;Assets/_Project/Prefabs/Nature/Rocks/ProceduralFinals/PFB_Geo_RockCluster_02.prefab;Assets/_Project/Prefabs/Nature/Rocks/ProceduralFinals/PFB_Geo_RockCluster_03.prefab;Assets/_Project/Prefabs/Nature/Rocks/ProceduralFinals/PFB_Geo_RockCluster_04.prefab;Assets/_Project/Prefabs/Nature/Rocks/ProceduralFinals/PFB_Geo_RockCluster_05.prefab;Assets/_Project/Prefabs/Nature/Rocks/ProceduralFinals/PFB_Geo_RockCluster_06.prefab;Assets/_Project/Prefabs/Nature/Rocks/ProceduralFinals/PFB_Geo_RockCluster_07.prefab;Assets/_Project/Prefabs/Nature/Rocks/ProceduralFinals/PFB_Geo_RockCluster_08.prefab;Assets/_Project/Prefabs/Nature/Rocks/ProceduralFinals/PFB_Geo_RockCluster_09.prefab;Assets/_Project/Prefabs/Nature/Rocks/ProceduralFinals/PFB_Geo_RockFloor_00.prefab;Assets/_Project/Prefabs/Nature/Rocks/ProceduralFinals/PFB_Geo_RockFloor_01.prefab;Assets/_Project/Prefabs/Nature/Rocks/ProceduralFinals/PFB_Geo_RockFloor_02.prefab;Assets/_Project/Prefabs/Nature/Rocks/ProceduralFinals/PFB_Geo_RockFloor_03.prefab;Assets/_Project/Prefabs/Nature/Rocks/ProceduralFinals/PFB_Geo_RockFloor_04.prefab;Assets/_Project/Prefabs/Nature/Rocks/ProceduralFinals/PFB_Geo_RockFloor_05.prefab;Assets/_Project/Prefabs/Nature/Rocks/ProceduralFinals/PFB_Geo_RockFloor_06.prefab;Assets/_Project/Prefabs/Nature/Rocks/ProceduralFinals/PFB_Geo_RockFloor_07.prefab;Assets/_Project/Prefabs/Nature/Rocks/ProceduralFinals/PFB_Geo_RockFloor_08.prefab;Assets/_Project/Prefabs/Nature/Rocks/ProceduralFinals/PFB_Geo_RockFloor_09.prefab;Assets/_Project/Prefabs/Nature/Rocks/ProceduralFinals/PFB_Geo_RockShelf_00.prefab;Assets/_Project/Prefabs/Nature/Rocks/ProceduralFinals/PFB_Geo_RockShelf_01.prefab;Assets/_Project/Prefabs/Nature/Rocks/ProceduralFinals/PFB_Geo_RockShelf_02.prefab;Assets/_Project/Prefabs/Nature/Rocks/ProceduralFinals/PFB_Geo_RockShelf_03.prefab;Assets/_Project/Prefabs/Nature/Rocks/ProceduralFinals/PFB_Geo_RockShelf_04.prefab;Assets/_Project/Prefabs/Nature/Rocks/ProceduralFinals/PFB_Geo_RockShelf_05.prefab;Assets/_Project/Prefabs/Nature/Rocks/ProceduralFinals/PFB_Geo_RockShelf_06.prefab;Assets/_Project/Prefabs/Nature/Rocks/ProceduralFinals/PFB_Geo_RockShelf_07.prefab;Assets/_Project/Prefabs/WorldProceduralProxy/PFB_family_rock_arch_large.prefab;Assets/_Project/Prefabs/WorldProceduralProxy/PFB_family_rock_arch_large__arch.prefab;Assets/_Project/Prefabs/WorldProceduralProxy/PFB_family_rock_arch_large__split.prefab;Assets/_Project/Prefabs/WorldProceduralProxy/PFB_family_rock_cluster_medium.prefab;Assets/_Project/Prefabs/WorldProceduralProxy/PFB_family_rock_cluster_medium__cluster.prefab;Assets/_Project/Prefabs/WorldProceduralProxy/PFB_family_rock_cluster_medium__ridge.prefab;Assets/_Project/Prefabs/WorldProceduralProxy/PFB_family_rock_cluster_medium__stack.prefab;Assets/_Project/Prefabs/WorldProceduralProxy/PFB_family_rock_small_floor.prefab;Assets/_Project/Prefabs/WorldProceduralProxy/PFB_family_rock_small_floor__flat.prefab;Assets/_Project/Prefabs/WorldProceduralProxy/PFB_family_rock_small_floor__group.prefab;Assets/_Project/Prefabs/WorldProceduralProxy/PFB_family_rock_small_floor__low.prefab;Assets/_Project/Prefabs/WorldRuntime/ProceduralPlaceholders/TerrainLod/PFB_family_rock_arch_large_Placeholder.prefab,Assets/_Project/Art/Materials/WorldProceduralProxy/MAT_family_rock_arch_large.mat;Assets/_Project/Art/Materials/WorldProceduralProxy/MAT_family_rock_cluster_medium.mat;Assets/_Project/Art/Materials/WorldProceduralProxy/MAT_family_rock_small_floor.mat;Assets/_Project/Materials/WorldRuntime/ProceduralPlaceholders/TerrainLod/MAT_family_rock_arch_large_Placeholder.mat,STATIC_SOURCE,runtime_visual_proof_pending
Assets/_Project/Art/Models/Sandbox/Coral_Albedo.png,0e64739e28a8eb34780221992553ae07,PRIORITY_TARGET,terrain_wet_basalt_shell_sand_candidate,SOURCE_CANDIDATE_NEEDS_CLEAN_PBR,sand_shell_source,2048,2048,7.154,1,1,1,0,,0,,,,,,,STATIC_SOURCE,no .mat/.prefab/.unity GUID references found under Assets/_Project scan;runtime_visual_proof_pending
Assets/_Project/Art/Models/Sandbox/Coral_Normal.png,25f6a37bbf8cf6048a6aee6549677993,PRIORITY_TARGET,terrain_wet_basalt_shell_sand_candidate,SOURCE_CANDIDATE_NEEDS_CLEAN_PBR,sand_shell_source,2048,2048,2.677,0,1,1,0,,0,,,,,,,STATIC_SOURCE,no .mat/.prefab/.unity GUID references found under Assets/_Project scan;runtime_visual_proof_pending
Assets/_Project/Art/Skyboxes/panorama_den.png,d80fcb49fdc2d5c41bc099d987cda7b8,REFERENCED_TEXTURE,,UNASSIGNED_STATIC_SOURCE,unassigned_source,1456,720,1.417,1,1,0,2,Assets/_Project/Art/Materials/Mat_Skybox_Final.mat[_DayCubemap];Assets/_Project/Art/Skyboxes/Mat_Skybox_Day.mat[_Tex],1,Assets/_Project/Scenes/02_HECTON_WORLD.unity,,Assets/_Project/Scenes/02_HECTON_WORLD.unity,Assets/_Project/Scenes/02_HECTON_WORLD.unity,Assets/_Project/Scenes/02_HECTON_WORLD.unity,,STATIC_SOURCE,streaming_mips_disabled
Assets/_Project/Art/Skyboxes/panorama_noch.png,90b36f76c3a25014f85e679590843c3f,REFERENCED_TEXTURE,,UNASSIGNED_STATIC_SOURCE,unassigned_source,1472,720,1.732,1,1,0,2,Assets/_Project/Art/Materials/Mat_Skybox_Final.mat[_NightCubemap];Assets/_Project/Art/Skyboxes/Mat_Skybox_Night.mat[_Tex],1,Assets/_Project/Scenes/02_HECTON_WORLD.unity,,Assets/_Project/Scenes/02_HECTON_WORLD.unity,Assets/_Project/Scenes/02_HECTON_WORLD.unity,Assets/_Project/Scenes/02_HECTON_WORLD.unity,,STATIC_SOURCE,streaming_mips_disabled
Assets/_Project/Art/Skyboxes/panorama_shtorm.png,c9af1407bf9a3a242b35be6e9067e5c5,REFERENCED_TEXTURE,,UNASSIGNED_STATIC_SOURCE,packed_mask_source,1472,720,1.559,1,1,0,1,Assets/_Project/Art/Skyboxes/Mat_Skybox_Storm.mat[_Tex],0,,,,,,,STATIC_SOURCE,streaming_mips_disabled;mask_srgb_enabled_or_type_unverified
Assets/_Project/Art/Sprites/cardiogram.png,0481e3849808bfa45bdc304341c1ad80,REFERENCED_TEXTURE,,UNASSIGNED_STATIC_SOURCE,unassigned_source,512,512,0.012,1,0,0,0,,1,Assets/_Project/Prefabs/Suit_HUD_Canvas.prefab,Assets/_Project/Prefabs/Suit_HUD_Canvas.prefab,,,,,STATIC_SOURCE,mips_disabled;streaming_mips_disabled
Assets/_Project/Art/Sprites/oxygen-tank.png,06cb2a88e3c02404b88d06bed65e8240,REFERENCED_TEXTURE,,UI_SOURCE_ATLAS_PROOF_PENDING,ui_sprite_source,512,512,0.015,1,0,0,0,,1,Assets/_Project/Prefabs/Suit_HUD_Canvas.prefab,Assets/_Project/Prefabs/Suit_HUD_Canvas.prefab,,,,,STATIC_SOURCE,runtime_visual_proof_pending
Assets/_Project/Art/Sprites/ring.png,a6aa14cbeca7f2641bad818b67f7ef24,REFERENCED_TEXTURE,,UNASSIGNED_STATIC_SOURCE,unassigned_source,601,616,0.074,1,0,0,0,,1,Assets/_Project/Prefabs/Suit_HUD_Canvas.prefab,Assets/_Project/Prefabs/Suit_HUD_Canvas.prefab,,,,,STATIC_SOURCE,mips_disabled;streaming_mips_disabled
Assets/_Project/Art/Sprites/thunder.png,bc69e267fd38a5944b1b6cb68f7905db,REFERENCED_TEXTURE,,UNASSIGNED_STATIC_SOURCE,unassigned_source,512,512,0.008,1,0,0,0,,1,Assets/_Project/Prefabs/Suit_HUD_Canvas.prefab,Assets/_Project/Prefabs/Suit_HUD_Canvas.prefab,,,,,STATIC_SOURCE,mips_disabled;streaming_mips_disabled
Assets/_Project/Art/TEXTURES/Aegir_storms.png,d9d11072e85a2b54cacd11eaad6614a8,PRIORITY_TARGET;REFERENCED_TEXTURE,sky_aegir_storms,SOURCE_CANDIDATE_BLOCKED_BY_READBACK,aegir_storm_mask_source,4096,2048,0.34,1,1,0,3,Assets/_Project/Art/Materials/Celestial/MAT_AegirGasGiant_Impostor_1428.mat[_StormTex];Assets/_Project/Art/Materials/Mat_GasGiant.mat[_EmissionTex];Assets/_Project/Art/Materials/Sky/MAT_AegirSky_Master.mat[_AegirBandTex],4,Assets/_Project/Prefabs/GasGiant_Aegir.prefab;Assets/_Project/Scenes/01_ORBIT.unity;Assets/_Project/Scenes/02_HECTON_WORLD.unity;Assets/_Project/_PROLOGUE_CONTENT/Prefabs/GasGiant_Aegir.prefab,,Assets/_Project/Scenes/01_ORBIT.unity;Assets/_Project/Scenes/02_HECTON_WORLD.unity,Assets/_Project/Scenes/02_HECTON_WORLD.unity,Assets/_Project/Prefabs/GasGiant_Aegir.prefab;Assets/_Project/Scenes/01_ORBIT.unity;Assets/_Project/Scenes/02_HECTON_WORLD.unity;Assets/_Project/_PROLOGUE_CONTENT/Prefabs/GasGiant_Aegir.prefab,,STATIC_SOURCE,streaming_mips_disabled
Assets/_Project/Art/TEXTURES/Detali/Mineral Seep Mask - second try.png,0a33c45810cb4384d9a6f1e6b61cc315,REFERENCED_TEXTURE,,UNASSIGNED_STATIC_SOURCE,packed_mask_source,1024,1024,2.971,0,1,0,2,Assets/_Project/Art/Materials/Construction/Mat_LeakWetSheen.mat[_RoughnessDirt];Assets/_Project/Art/Materials/Construction/Mat_RuinSeepSheen.mat[_MainTex],3,Assets/_Project/Prefabs/Construction/Final/PFB_Ruin_ClusterMedium.prefab;Assets/_Project/Prefabs/Construction/Final/PFB_Ruin_Megastructure.prefab;Assets/_Project/Prefabs/WorldSupport/Final/PFB_Support_Pocket_Hazard.prefab,,,,Assets/_Project/Prefabs/Construction/Final/PFB_Ruin_ClusterMedium.prefab;Assets/_Project/Prefabs/Construction/Final/PFB_Ruin_Megastructure.prefab,,STATIC_SOURCE,streaming_mips_disabled
Assets/_Project/Art/TEXTURES/Detali/Soft Plume Noise - second try.png,28a3c496966001842a3a14ddb2b5f1e4,REFERENCED_TEXTURE,,UNASSIGNED_STATIC_SOURCE,unassigned_source,1024,1024,1.913,1,1,0,1,Assets/_Project/Art/Materials/VFX/Mat_LeakPlume.mat[unknown_property],2,Assets/_Project/Prefabs/PFB_Submarine_Core.prefab;Assets/_Project/Scenes/02_HECTON_WORLD.unity,,Assets/_Project/Scenes/02_HECTON_WORLD.unity,Assets/_Project/Scenes/02_HECTON_WORLD.unity,Assets/_Project/Scenes/02_HECTON_WORLD.unity,,STATIC_SOURCE,streaming_mips_disabled
Assets/_Project/Art/TEXTURES/Detali/visor droplet mask.png,878d9435dfc23f34aa763fd951914d8b,REFERENCED_TEXTURE,,UNASSIGNED_STATIC_SOURCE,packed_mask_source,1024,1024,1.161,0,1,0,1,Assets/_Project/Art/Materials/Mat_Visor_Glass.mat[_WaterDropletMaskTex],1,Assets/_Project/Prefabs/Player.prefab,,,,,,STATIC_SOURCE,streaming_mips_disabled
Assets/_Project/Art/TEXTURES/Detali/visor runoff normal.png,40c3bd548d32deb449711a8b97318d02,REFERENCED_TEXTURE,,UNASSIGNED_STATIC_SOURCE,packed_mask_source,1024,1024,1.29,0,1,0,1,Assets/_Project/Art/Materials/Mat_Visor_Glass.mat[_WaterRunoffNormalTex],1,Assets/_Project/Prefabs/Player.prefab,,,,,,STATIC_SOURCE,streaming_mips_disabled
Assets/_Project/Art/TEXTURES/Meshy_AI_Alien_barnacles_clust_0301230506_texture.png,540285bc4d328074794d87d59ab9399b,REFERENCED_TEXTURE,,UNASSIGNED_STATIC_SOURCE,unassigned_source,2048,2048,2.656,1,1,0,1,Assets/_Project/Art/Materials/Meshy_AI_Alien_barnacles_clust_0301230506_texture.mat[_BaseMap|_MainTex],0,,,,,,,STATIC_SOURCE,streaming_mips_disabled
Assets/_Project/Art/TEXTURES/Sky/bo2.png,13a5b68ec75a4bc4b804b409e2ddcfe2,REFERENCED_TEXTURE,,UNASSIGNED_STATIC_SOURCE,unassigned_source,2048,2048,4.822,1,1,1,2,Assets/_Project/Art/Materials/Mat_HectonSky.mat[_StarTex];Assets/_Project/Art/Materials/Mat_HectonSky_CloudOverlay.mat[_StarTex],3,Assets/_Project/Prefabs/Sky_System.prefab;Assets/_Project/Scenes/00_BOOTSTRAP.unity;Assets/_Project/Scenes/02_HECTON_WORLD.unity,,Assets/_Project/Scenes/00_BOOTSTRAP.unity;Assets/_Project/Scenes/02_HECTON_WORLD.unity,Assets/_Project/Scenes/00_BOOTSTRAP.unity;Assets/_Project/Scenes/02_HECTON_WORLD.unity,Assets/_Project/Scenes/02_HECTON_WORLD.unity,,STATIC_SOURCE,runtime_visual_proof_pending
Assets/_Project/Art/TEXTURES/Sky/clod1.png,d1e0a899aafb21d4eb46607799c9bfbb,REFERENCED_TEXTURE,,UNASSIGNED_STATIC_SOURCE,unassigned_source,2048,2048,6.086,1,1,1,1,Assets/_Project/Art/Materials/Celestial/MAT_SurfaceCloudPanorama_1428.mat[_CloudTexA],1,Assets/_Project/Scenes/02_HECTON_WORLD.unity,,Assets/_Project/Scenes/02_HECTON_WORLD.unity,Assets/_Project/Scenes/02_HECTON_WORLD.unity,Assets/_Project/Scenes/02_HECTON_WORLD.unity,,STATIC_SOURCE,runtime_visual_proof_pending
Assets/_Project/Art/TEXTURES/Sky/clod2.png,ade59f8348cb0b74e97f6b73d58380b1,REFERENCED_TEXTURE,,UNASSIGNED_STATIC_SOURCE,unassigned_source,2048,2048,5.272,1,1,1,2,Assets/_Project/Art/Materials/Celestial/MAT_SurfaceCloudPanorama_1428.mat[_CloudTexB];Assets/_Project/Art/Materials/Mat_GasGiant.mat[_EmissionMap],1,Assets/_Project/Scenes/02_HECTON_WORLD.unity,,Assets/_Project/Scenes/02_HECTON_WORLD.unity,Assets/_Project/Scenes/02_HECTON_WORLD.unity,Assets/_Project/Scenes/02_HECTON_WORLD.unity,,STATIC_SOURCE,runtime_visual_proof_pending
Assets/_Project/Art/TEXTURES/Sky/oblaka!.png,0457f161a38fbb1489e989696048ed6c,PRIORITY_TARGET;REFERENCED_TEXTURE,sky_oblaka_main_cloud_candidate,SOURCE_CANDIDATE_BLOCKED_BY_READBACK,sky_main_cloud_candidate,2048,2048,5.078,1,1,1,3,Assets/_Project/Art/Materials/Mat_GasGiant.mat[_CelestialOcclusionTex];Assets/_Project/Art/Materials/Mat_HectonSky_CloudOverlay.mat[_MainCloudTex];Assets/_Project/Art/Materials/World/MAT_H8SurfaceCloudDeck_1428.mat[_BaseMap],1,Assets/_Project/Scenes/02_HECTON_WORLD.unity,,Assets/_Project/Scenes/02_HECTON_WORLD.unity,Assets/_Project/Scenes/02_HECTON_WORLD.unity,Assets/_Project/Scenes/02_HECTON_WORLD.unity,,STATIC_SOURCE,runtime_visual_proof_pending
Assets/_Project/Art/TEXTURES/Sky/oblakajip.png,e1aefa60ab4517644bb884257440872b,REFERENCED_TEXTURE,,UNASSIGNED_STATIC_SOURCE,unassigned_source,2048,2048,5.562,1,1,1,3,Assets/_Project/Art/Materials/Celestial/MAT_AegirGasGiant_Impostor_1428.mat[_DetailTex];Assets/_Project/Art/Materials/Celestial/MAT_AtmosphericCloudSheet_1428.mat[_MainTex];Assets/_Project/Art/Materials/Mat_GasGiant.mat[_DetailTex],3,Assets/_Project/Prefabs/GasGiant_Aegir.prefab;Assets/_Project/Scenes/02_HECTON_WORLD.unity;Assets/_Project/_PROLOGUE_CONTENT/Prefabs/GasGiant_Aegir.prefab,,Assets/_Project/Scenes/02_HECTON_WORLD.unity,Assets/_Project/Scenes/02_HECTON_WORLD.unity,Assets/_Project/Prefabs/GasGiant_Aegir.prefab;Assets/_Project/Scenes/02_HECTON_WORLD.unity;Assets/_Project/_PROLOGUE_CONTENT/Prefabs/GasGiant_Aegir.prefab,,STATIC_SOURCE,runtime_visual_proof_pending
Assets/_Project/Art/TEXTURES/TX_H8AegirGasGiantBakedDisc_1428.png,e1b1feb9b4e2dee44a023824a82e7199,PRIORITY_TARGET;REFERENCED_TEXTURE,sky_aegir_baked_disc,SOURCE_PROTOTYPE_NOT_FINAL,aegir_baked_disc_prototype,2048,2048,1.772,1,1,0,1,Assets/_Project/Art/Materials/World/MAT_H8SurfaceGasGiantDisc_1428.mat[_BaseMap|_MainTex],1,Assets/_Project/Scenes/02_HECTON_WORLD.unity,,Assets/_Project/Scenes/02_HECTON_WORLD.unity,Assets/_Project/Scenes/02_HECTON_WORLD.unity,Assets/_Project/Scenes/02_HECTON_WORLD.unity,,STATIC_SOURCE,streaming_mips_disabled;not_final_art
Assets/_Project/Art/TEXTURES/Terrain Textures/basalt/Rock031_1K-JPG_Color.jpg,eb30ac09ce33c84408ff0ffe91546d16,PRIORITY_TARGET;REFERENCED_TEXTURE,terrain_wet_basalt_shell_sand_candidate,SOURCE_CANDIDATE_NEEDS_CLEAN_PBR,wet_basalt_source,1024,1024,1.172,1,1,1,12,Assets/_Project/Art/Materials/Celestial/MAT_CelestialMoon_Khepri.mat[_BaseMap|_MainTex];Assets/_Project/Art/Materials/Celestial/MAT_CelestialMoon_Nammu.mat[_BaseMap|_MainTex];Assets/_Project/Art/Materials/Celestial/MAT_CelestialMoon_Thalos.mat[_BaseMap|_MainTex];Assets/_Project/Art/Materials/Mat_Terrain.mat[_RockTex];Assets/_Project/Art/Materials/World/MAT_H8SurfaceWetBasaltReal_1428.mat[_BaseMap|_MainTex];Assets/_Project/Art/Materials/World/MAT_H8TerrainLit_BasaltSediment_1428.mat[_MainTex|_Splat0];Assets/_Project/Art/Materials/World/MAT_SurfaceIslandWetBasalt_1428.mat[_BaseMap|_MainTex];Assets/_Project/Art/Materials/World/Photic1428/MAT_H8_OrganicRubbleCaps_1446.mat[_BaseMap|_MainTex];Assets/_Project/Art/Materials/World/Photic1428/MAT_H8_OrganicRubbleWet_1444.mat[_BaseMap|_MainTex];Assets/_Project/Art/Materials/World/Photic1428/MAT_H8_PhoticCanyonWetBasalt_1430.mat[_BaseMap|_MainTex];Assets/_Project/Art/Materials/World/Photic1428/MAT_H8_PhoticWetBasalt_1446.mat[_BaseMap|_MainTex];Assets/_Project/Art/Materials/World/Photic1428/MAT_H8_SurfaceWetCoastApron_1435.mat[_BaseMap|_MainTex],2,Assets/_Project/Prefabs/WorldGenerator.prefab;Assets/_Project/Scenes/02_HECTON_WORLD.unity,,Assets/_Project/Scenes/02_HECTON_WORLD.unity,Assets/_Project/Scenes/02_HECTON_WORLD.unity,Assets/_Project/Prefabs/WorldGenerator.prefab;Assets/_Project/Scenes/02_HECTON_WORLD.unity,,STATIC_SOURCE,runtime_visual_proof_pending
Assets/_Project/Art/TEXTURES/Terrain Textures/basalt/Rock031_1K-JPG_NormalGL.jpg,8f3045ca5bc40e844b43ff535bbfa0c8,PRIORITY_TARGET;REFERENCED_TEXTURE,terrain_wet_basalt_shell_sand_candidate,SOURCE_CANDIDATE_NEEDS_CLEAN_PBR,wet_basalt_source,1024,1024,2.438,0,1,1,14,Assets/_Project/Art/Materials/Mat_Terrain.mat[_FlowNormal];Assets/_Project/Art/Materials/World/MAT_H8SurfaceWetBasaltReal_1428.mat[_BumpMap];Assets/_Project/Art/Materials/World/MAT_H8TerrainLit_BasaltSediment_1428.mat[_Normal0];Assets/_Project/Art/Materials/World/MAT_SurfaceIslandWetBasalt_1428.mat[_BumpMap];Assets/_Project/Art/Materials/World/Photic1428/MAT_H8_OrganicRubbleCaps_1446.mat[_BumpMap];Assets/_Project/Art/Materials/World/Photic1428/MAT_H8_OrganicRubbleWet_1444.mat[_BumpMap];Assets/_Project/Art/Materials/World/Photic1428/MAT_H8_PhoticCanyonWetBasalt_1430.mat[_BumpMap];Assets/_Project/Art/Materials/World/Photic1428/MAT_H8_PhoticPorousBasalt_1428.mat[_BumpMap];Assets/_Project/Art/Materials/World/Photic1428/MAT_H8_PhoticReefBasaltSand_1435.mat[_BumpMap];Assets/_Project/Art/Materials/World/Photic1428/MAT_H8_PhoticWetBasaltSand_1428.mat[_BumpMap];Assets/_Project/Art/Materials/World/Photic1428/MAT_H8_PhoticWetBasalt_1446.mat[_BumpMap];Assets/_Project/Art/Materials/World/Photic1428/MAT_H8_SurfaceWetCoastApron_1435.mat[_BumpMap];Assets/_Project/Art/Materials/World/Photic1453/MAT_H8_HeroWetBasaltRock_1453.mat[_BumpMap];Assets/_Project/Art/Materials/World/Photic1464/MAT_H8_WetBasaltDetail_1464.mat[_BumpMap],2,Assets/_Project/Prefabs/WorldGenerator.prefab;Assets/_Project/Scenes/02_HECTON_WORLD.unity,,Assets/_Project/Scenes/02_HECTON_WORLD.unity,Assets/_Project/Scenes/02_HECTON_WORLD.unity,Assets/_Project/Prefabs/WorldGenerator.prefab;Assets/_Project/Scenes/02_HECTON_WORLD.unity,,STATIC_SOURCE,runtime_visual_proof_pending
Assets/_Project/Art/TEXTURES/Terrain Textures/basalt/TX_H8_WetBasaltShoreline_Albedo_1428.png,f423facb87a22fe49b436302764cb854,PRIORITY_TARGET;REFERENCED_TEXTURE,terrain_wet_basalt_shell_sand_candidate,SOURCE_CANDIDATE_NEEDS_CLEAN_PBR,wet_basalt_source,1024,1024,2.931,1,1,0,9,Assets/_Project/Art/Materials/World/Photic1428/MAT_H8_PhoticPorousBasalt_1428.mat[_BaseMap|_MainTex];Assets/_Project/Art/Materials/World/Photic1428/MAT_H8_PhoticReefBasaltSand_1435.mat[_BaseMap|_MainTex];Assets/_Project/Art/Materials/World/Photic1453/MAT_H8_HeroWetBasaltRock_1453.mat[_BaseMap|_MainTex];Assets/_Project/Art/Materials/World/Photic1453/MAT_H8_PhoticHeroTerrain_1453.mat[_BaseMap];Assets/_Project/Art/Materials/World/Photic1462/MAT_H8_PhoticTerrainRebuild_1462.mat[_BaseMap];Assets/_Project/Art/Materials/World/Photic1464/MAT_H8_PhoticRouteTerrain_1464.mat[_BaseMap];Assets/_Project/Art/Materials/World/Photic1464/MAT_H8_WetBasaltDetail_1464.mat[_BaseMap|_MainTex];Assets/_Project/Art/Materials/World/Photic1465/MAT_H8_AuthoredWetBasaltBreakup_1465.mat[_BaseMap|_MainTex];Assets/_Project/Art/Materials/World/Photic1465/MAT_H8_PhoticReefRockAndPlate_1465.mat[_BaseMap|_MainTex],1,Assets/_Project/Scenes/02_HECTON_WORLD.unity,,Assets/_Project/Scenes/02_HECTON_WORLD.unity,Assets/_Project/Scenes/02_HECTON_WORLD.unity,Assets/_Project/Scenes/02_HECTON_WORLD.unity,,STATIC_SOURCE,streaming_mips_disabled
Assets/_Project/Art/TEXTURES/Terrain Textures/gravel/Gravel020_1K-JPG_Color.jpg,40f1f29deb4fb4b4587634886c421607,REFERENCED_TEXTURE,,UNASSIGNED_STATIC_SOURCE,unassigned_source,1024,1024,0.956,1,1,1,1,Assets/_Project/Art/Materials/World/MAT_H8TerrainLit_BasaltSediment_1428.mat[_Splat2],1,Assets/_Project/Scenes/02_HECTON_WORLD.unity,,Assets/_Project/Scenes/02_HECTON_WORLD.unity,Assets/_Project/Scenes/02_HECTON_WORLD.unity,Assets/_Project/Scenes/02_HECTON_WORLD.unity,,STATIC_SOURCE,runtime_visual_proof_pending
Assets/_Project/Art/TEXTURES/Terrain Textures/gravel/Gravel020_1K-JPG_NormalGL.jpg,cd1e36059db3f9345b6adfd339854f13,REFERENCED_TEXTURE,,UNASSIGNED_STATIC_SOURCE,packed_mask_source,1024,1024,2.209,0,1,1,1,Assets/_Project/Art/Materials/World/MAT_H8TerrainLit_BasaltSediment_1428.mat[_Normal2],1,Assets/_Project/Scenes/02_HECTON_WORLD.unity,,Assets/_Project/Scenes/02_HECTON_WORLD.unity,Assets/_Project/Scenes/02_HECTON_WORLD.unity,Assets/_Project/Scenes/02_HECTON_WORLD.unity,,STATIC_SOURCE,runtime_visual_proof_pending
Assets/_Project/Art/TEXTURES/Terrain Textures/rocks/Rocks019_1K-JPG_Color.jpg,2c936ad1a148c7e49ac9981a0362f75c,REFERENCED_TEXTURE,,UNASSIGNED_STATIC_SOURCE,unassigned_source,1024,1024,1.278,1,1,1,9,Assets/_Project/Art/Materials/Celestial/MAT_CelestialMoon_Ione.mat[_BaseMap|_MainTex];Assets/_Project/Art/Materials/Celestial/MAT_CelestialMoon_Pelagia.mat[_BaseMap|_MainTex];Assets/_Project/Art/Materials/Celestial/MAT_CelestialMoon_Varda.mat[_BaseMap|_MainTex];Assets/_Project/Art/Materials/World/MAT_H8SurfaceWetBasaltReal_1428.mat[_DetailAlbedoMap];Assets/_Project/Art/Materials/World/MAT_H8TerrainLit_BasaltSediment_1428.mat[_Splat1];Assets/_Project/Art/Materials/World/Photic1428/MAT_H8_PhoticPillarWetBasalt_1433.mat[_BaseMap|_MainTex];Assets/_Project/Art/Materials/World/Photic1428/MAT_H8_PhoticPorousBasalt_1428.mat[_DetailAlbedoMap];Assets/_Project/Art/Materials/World/Photic1428/MAT_H8_PhoticWetBasaltSand_1428.mat[_DetailAlbedoMap];Assets/_Project/Art/Materials/World/Photic1464/MAT_H8_WetBasaltDetail_1464.mat[_DetailAlbedoMap],1,Assets/_Project/Scenes/02_HECTON_WORLD.unity,,Assets/_Project/Scenes/02_HECTON_WORLD.unity,Assets/_Project/Scenes/02_HECTON_WORLD.unity,Assets/_Project/Scenes/02_HECTON_WORLD.unity,,STATIC_SOURCE,runtime_visual_proof_pending
Assets/_Project/Art/TEXTURES/Terrain Textures/rocks/Rocks019_1K-JPG_NormalGL.jpg,ea33139737fb22f42b9fe76e6d75da1a,REFERENCED_TEXTURE,,UNASSIGNED_STATIC_SOURCE,packed_mask_source,1024,1024,2.216,0,1,1,6,Assets/_Project/Art/Materials/World/MAT_H8SurfaceWetBasaltReal_1428.mat[_DetailNormalMap];Assets/_Project/Art/Materials/World/MAT_H8TerrainLit_BasaltSediment_1428.mat[_Normal1];Assets/_Project/Art/Materials/World/Photic1428/MAT_H8_PhoticPillarWetBasalt_1433.mat[_BumpMap];Assets/_Project/Art/Materials/World/Photic1428/MAT_H8_PhoticPorousBasalt_1428.mat[_DetailNormalMap];Assets/_Project/Art/Materials/World/Photic1428/MAT_H8_PhoticWetBasaltSand_1428.mat[_DetailNormalMap];Assets/_Project/Art/Materials/World/Photic1464/MAT_H8_WetBasaltDetail_1464.mat[_DetailNormalMap],1,Assets/_Project/Scenes/02_HECTON_WORLD.unity,,Assets/_Project/Scenes/02_HECTON_WORLD.unity,Assets/_Project/Scenes/02_HECTON_WORLD.unity,Assets/_Project/Scenes/02_HECTON_WORLD.unity,,STATIC_SOURCE,runtime_visual_proof_pending
Assets/_Project/Art/TEXTURES/Terrain Textures/sand +green/Ground074_1K-JPG_AmbientOcclusion.jpg,7411f37d0b60d5a438896a45cad8b23f,PRIORITY_TARGET,terrain_wet_basalt_shell_sand_candidate,SOURCE_CANDIDATE_NEEDS_CLEAN_PBR,sand_shell_source,1024,1024,0.819,0,1,1,0,,0,,,,,,,STATIC_SOURCE,no .mat/.prefab/.unity GUID references found under Assets/_Project scan;runtime_visual_proof_pending
Assets/_Project/Art/TEXTURES/Terrain Textures/sand +green/Ground074_1K-JPG_Color.jpg,c72fbd0d3d6ce6d41b72467cfb0b3e16,PRIORITY_TARGET;REFERENCED_TEXTURE,terrain_wet_basalt_shell_sand_candidate,SOURCE_CANDIDATE_NEEDS_CLEAN_PBR,sand_shell_source,1024,1024,1.729,1,1,1,1,Assets/_Project/Art/Materials/World/Photic1428/MAT_H8_SurfaceLittoralShelf_1430.mat[_BaseMap|_MainTex],1,Assets/_Project/Scenes/02_HECTON_WORLD.unity,,Assets/_Project/Scenes/02_HECTON_WORLD.unity,Assets/_Project/Scenes/02_HECTON_WORLD.unity,Assets/_Project/Scenes/02_HECTON_WORLD.unity,,STATIC_SOURCE,runtime_visual_proof_pending
Assets/_Project/Art/TEXTURES/Terrain Textures/sand +green/Ground074_1K-JPG_NormalGL.jpg,dcb676eea1067f940a82d4d5c1ccc79e,PRIORITY_TARGET;REFERENCED_TEXTURE,terrain_wet_basalt_shell_sand_candidate,SOURCE_CANDIDATE_NEEDS_CLEAN_PBR,sand_shell_source,1024,1024,2.051,0,1,1,1,Assets/_Project/Art/Materials/World/Photic1428/MAT_H8_SurfaceLittoralShelf_1430.mat[_BumpMap],1,Assets/_Project/Scenes/02_HECTON_WORLD.unity,,Assets/_Project/Scenes/02_HECTON_WORLD.unity,Assets/_Project/Scenes/02_HECTON_WORLD.unity,Assets/_Project/Scenes/02_HECTON_WORLD.unity,,STATIC_SOURCE,runtime_visual_proof_pending
Assets/_Project/Art/TEXTURES/Terrain Textures/sand/Ground079S_1K-PNG_Color.png,b30a2ce580153e945ab7e734d5094b43,PRIORITY_TARGET;REFERENCED_TEXTURE,terrain_wet_basalt_shell_sand_candidate,SOURCE_CANDIDATE_NEEDS_CLEAN_PBR,sand_shell_source,1024,1024,2.114,1,1,1,2,Assets/_Project/Art/Materials/Mat_Terrain.mat[_SandTex];Assets/_Project/Art/Materials/World/MAT_H8TerrainLit_BasaltSediment_1428.mat[_Splat3],2,Assets/_Project/Prefabs/WorldGenerator.prefab;Assets/_Project/Scenes/02_HECTON_WORLD.unity,,Assets/_Project/Scenes/02_HECTON_WORLD.unity,Assets/_Project/Scenes/02_HECTON_WORLD.unity,Assets/_Project/Prefabs/WorldGenerator.prefab;Assets/_Project/Scenes/02_HECTON_WORLD.unity,,STATIC_SOURCE,runtime_visual_proof_pending
Assets/_Project/Art/TEXTURES/Terrain Textures/sand/NORMAL.png,b696535e46c634949914f6635f6c15cd,PRIORITY_TARGET;REFERENCED_TEXTURE,terrain_wet_basalt_shell_sand_candidate,SOURCE_CANDIDATE_NEEDS_CLEAN_PBR,sand_shell_source,2048,1829,3.149,0,1,1,2,Assets/_Project/Art/Materials/World/MAT_H8TerrainLit_BasaltSediment_1428.mat[_Normal3];Assets/_Project/_Archive/Mat_Ocean.mat[_NormalMap],2,Assets/_Project/Prefabs/Hecton Ocean.prefab;Assets/_Project/Scenes/02_HECTON_WORLD.unity,,Assets/_Project/Scenes/02_HECTON_WORLD.unity,Assets/_Project/Scenes/02_HECTON_WORLD.unity,Assets/_Project/Prefabs/Hecton Ocean.prefab;Assets/_Project/Scenes/02_HECTON_WORLD.unity,,STATIC_SOURCE,runtime_visual_proof_pending
Assets/_Project/Art/TEXTURES/WorldProceduralFlora/Imported/family.coral.branching.v2/albedo___family.coral.branching.v2.png,1c292874f29d13347a8f3570221a1448,PRIORITY_TARGET,world_procedural_flora_imported_stack,CANDIDATE_BLOCKED_BY_MATERIAL_PROOF,bio_material_source,1024,1024,2.488,1,1,0,0,,0,,,,,,,STATIC_SOURCE,no .mat/.prefab/.unity GUID references found under Assets/_Project scan;streaming_mips_disabled
Assets/_Project/Art/TEXTURES/WorldProceduralFlora/Imported/family.coral.branching.v2/detail___family.coral.branching.v2.png,754528edc73a6134abdd2ca3f0fee87c,PRIORITY_TARGET,world_procedural_flora_imported_stack,CANDIDATE_BLOCKED_BY_MATERIAL_PROOF,bio_material_source,1024,1024,2.541,0,1,0,0,,0,,,,,,,STATIC_SOURCE,no .mat/.prefab/.unity GUID references found under Assets/_Project scan;streaming_mips_disabled
Assets/_Project/Art/TEXTURES/WorldProceduralFlora/Imported/family.coral.branching.v2/mask___family.coral.branching.v2.png,e53e62bb2f545e0428b4a1f2c9789227,PRIORITY_TARGET,world_procedural_flora_imported_stack,CANDIDATE_BLOCKED_BY_MATERIAL_PROOF,packed_mask_source,1024,1024,2.441,0,1,0,0,,0,,,,,,,STATIC_SOURCE,no .mat/.prefab/.unity GUID references found under Assets/_Project scan;streaming_mips_disabled
Assets/_Project/Art/TEXTURES/WorldProceduralFlora/Imported/family.coral.branching.v2/normal___family.coral.branching.v2.png,27854fd3e7d332f4a95e2d3e690860c3,PRIORITY_TARGET,world_procedural_flora_imported_stack,CANDIDATE_BLOCKED_BY_MATERIAL_PROOF,packed_mask_source,1024,1024,2.407,0,1,0,0,,0,,,,,,,STATIC_SOURCE,no .mat/.prefab/.unity GUID references found under Assets/_Project scan;streaming_mips_disabled
Assets/_Project/Art/TEXTURES/WorldProceduralFlora/Imported/family.coral.branching/albedo___family.coral.branching.png,c70f08134e5a5774ba84502acfd31039,PRIORITY_TARGET;REFERENCED_TEXTURE;PROXY_CONTAMINATION_TEXTURE,world_procedural_flora_imported_stack,CANDIDATE_BLOCKED_BY_MATERIAL_PROOF,bio_material_source,2048,2048,6.822,1,1,0,3,Assets/_Project/Art/Materials/World/Photic1428/MAT_H8_PhoticCoralBranching_1428.mat[_BaseMap];Assets/_Project/Art/Materials/World/Photic1457/MAT_H8_PhoticCoralBranching_1457.mat[_BaseMap];Assets/_Project/Art/Materials/WorldProceduralProxy/MAT_family_coral_branching.mat[_BaseMap],10,Assets/_Project/Prefabs/Nature/Flora/Baked/family_coral_branching/GEN_family_coral_branching__bouquet.prefab;Assets/_Project/Prefabs/Nature/Flora/Baked/family_coral_branching/GEN_family_coral_branching__branch.prefab;Assets/_Project/Prefabs/Nature/Flora/Baked/family_coral_branching/GEN_family_coral_branching__crest.prefab;Assets/_Project/Prefabs/Nature/Flora/Baked/family_coral_branching/GEN_family_coral_branching__fan.prefab;Assets/_Project/Prefabs/Nature/Flora/Baked/family_coral_branching/GEN_family_coral_branching__mass.prefab;Assets/_Project/Prefabs/Nature/Flora/Baked/family_coral_branching/GEN_family_coral_branching__thicket.prefab;Assets/_Project/Prefabs/WorldProceduralProxy/PFB_family_coral_branching.prefab;Assets/_Project/Prefabs/WorldProceduralProxy/PFB_family_coral_branching__branch.prefab;Assets/_Project/Prefabs/WorldProceduralProxy/PFB_family_coral_branching__mass.prefab;Assets/_Project/Scenes/02_HECTON_WORLD.unity,,Assets/_Project/Scenes/02_HECTON_WORLD.unity,Assets/_Project/Scenes/02_HECTON_WORLD.unity,Assets/_Project/Prefabs/Nature/Flora/Baked/family_coral_branching/GEN_family_coral_branching__bouquet.prefab;Assets/_Project/Prefabs/Nature/Flora/Baked/family_coral_branching/GEN_family_coral_branching__branch.prefab;Assets/_Project/Prefabs/Nature/Flora/Baked/family_coral_branching/GEN_family_coral_branching__crest.prefab;Assets/_Project/Prefabs/Nature/Flora/Baked/family_coral_branching/GEN_family_coral_branching__fan.prefab;Assets/_Project/Prefabs/Nature/Flora/Baked/family_coral_branching/GEN_family_coral_branching__mass.prefab;Assets/_Project/Prefabs/Nature/Flora/Baked/family_coral_branching/GEN_family_coral_branching__thicket.prefab;Assets/_Project/Prefabs/WorldProceduralProxy/PFB_family_coral_branching.prefab;Assets/_Project/Prefabs/WorldProceduralProxy/PFB_family_coral_branching__branch.prefab;Assets/_Project/Prefabs/WorldProceduralProxy/PFB_family_coral_branching__mass.prefab;Assets/_Project/Scenes/02_HECTON_WORLD.unity,Assets/_Project/Art/Materials/WorldProceduralProxy/MAT_family_coral_branching.mat,STATIC_SOURCE,streaming_mips_disabled
Assets/_Project/Art/TEXTURES/WorldProceduralFlora/Imported/family.coral.branching/detail___family.coral.branching.png,2c2609f10fa6452459d82d299e3b0cbc,PRIORITY_TARGET;REFERENCED_TEXTURE;PROXY_CONTAMINATION_TEXTURE,world_procedural_flora_imported_stack,CANDIDATE_BLOCKED_BY_MATERIAL_PROOF,bio_material_source,2048,2048,9.108,0,1,0,3,Assets/_Project/Art/Materials/World/Photic1428/MAT_H8_PhoticCoralBranching_1428.mat[_DetailMap];Assets/_Project/Art/Materials/World/Photic1457/MAT_H8_PhoticCoralBranching_1457.mat[_DetailMap];Assets/_Project/Art/Materials/WorldProceduralProxy/MAT_family_coral_branching.mat[_DetailMap],10,Assets/_Project/Prefabs/Nature/Flora/Baked/family_coral_branching/GEN_family_coral_branching__bouquet.prefab;Assets/_Project/Prefabs/Nature/Flora/Baked/family_coral_branching/GEN_family_coral_branching__branch.prefab;Assets/_Project/Prefabs/Nature/Flora/Baked/family_coral_branching/GEN_family_coral_branching__crest.prefab;Assets/_Project/Prefabs/Nature/Flora/Baked/family_coral_branching/GEN_family_coral_branching__fan.prefab;Assets/_Project/Prefabs/Nature/Flora/Baked/family_coral_branching/GEN_family_coral_branching__mass.prefab;Assets/_Project/Prefabs/Nature/Flora/Baked/family_coral_branching/GEN_family_coral_branching__thicket.prefab;Assets/_Project/Prefabs/WorldProceduralProxy/PFB_family_coral_branching.prefab;Assets/_Project/Prefabs/WorldProceduralProxy/PFB_family_coral_branching__branch.prefab;Assets/_Project/Prefabs/WorldProceduralProxy/PFB_family_coral_branching__mass.prefab;Assets/_Project/Scenes/02_HECTON_WORLD.unity,,Assets/_Project/Scenes/02_HECTON_WORLD.unity,Assets/_Project/Scenes/02_HECTON_WORLD.unity,Assets/_Project/Prefabs/Nature/Flora/Baked/family_coral_branching/GEN_family_coral_branching__bouquet.prefab;Assets/_Project/Prefabs/Nature/Flora/Baked/family_coral_branching/GEN_family_coral_branching__branch.prefab;Assets/_Project/Prefabs/Nature/Flora/Baked/family_coral_branching/GEN_family_coral_branching__crest.prefab;Assets/_Project/Prefabs/Nature/Flora/Baked/family_coral_branching/GEN_family_coral_branching__fan.prefab;Assets/_Project/Prefabs/Nature/Flora/Baked/family_coral_branching/GEN_family_coral_branching__mass.prefab;Assets/_Project/Prefabs/Nature/Flora/Baked/family_coral_branching/GEN_family_coral_branching__thicket.prefab;Assets/_Project/Prefabs/WorldProceduralProxy/PFB_family_coral_branching.prefab;Assets/_Project/Prefabs/WorldProceduralProxy/PFB_family_coral_branching__branch.prefab;Assets/_Project/Prefabs/WorldProceduralProxy/PFB_family_coral_branching__mass.prefab;Assets/_Project/Scenes/02_HECTON_WORLD.unity,Assets/_Project/Art/Materials/WorldProceduralProxy/MAT_family_coral_branching.mat,STATIC_SOURCE,streaming_mips_disabled
Assets/_Project/Art/TEXTURES/WorldProceduralFlora/Imported/family.coral.branching/mask___family.coral.branching.png,24757ad2db6be02498bb8d3733e746c5,PRIORITY_TARGET;REFERENCED_TEXTURE;PROXY_CONTAMINATION_TEXTURE,world_procedural_flora_imported_stack,CANDIDATE_BLOCKED_BY_MATERIAL_PROOF,packed_mask_source,2048,2048,6.415,0,1,0,3,Assets/_Project/Art/Materials/World/Photic1428/MAT_H8_PhoticCoralBranching_1428.mat[_MaskMap];Assets/_Project/Art/Materials/World/Photic1457/MAT_H8_PhoticCoralBranching_1457.mat[_MaskMap];Assets/_Project/Art/Materials/WorldProceduralProxy/MAT_family_coral_branching.mat[_MaskMap],10,Assets/_Project/Prefabs/Nature/Flora/Baked/family_coral_branching/GEN_family_coral_branching__bouquet.prefab;Assets/_Project/Prefabs/Nature/Flora/Baked/family_coral_branching/GEN_family_coral_branching__branch.prefab;Assets/_Project/Prefabs/Nature/Flora/Baked/family_coral_branching/GEN_family_coral_branching__crest.prefab;Assets/_Project/Prefabs/Nature/Flora/Baked/family_coral_branching/GEN_family_coral_branching__fan.prefab;Assets/_Project/Prefabs/Nature/Flora/Baked/family_coral_branching/GEN_family_coral_branching__mass.prefab;Assets/_Project/Prefabs/Nature/Flora/Baked/family_coral_branching/GEN_family_coral_branching__thicket.prefab;Assets/_Project/Prefabs/WorldProceduralProxy/PFB_family_coral_branching.prefab;Assets/_Project/Prefabs/WorldProceduralProxy/PFB_family_coral_branching__branch.prefab;Assets/_Project/Prefabs/WorldProceduralProxy/PFB_family_coral_branching__mass.prefab;Assets/_Project/Scenes/02_HECTON_WORLD.unity,,Assets/_Project/Scenes/02_HECTON_WORLD.unity,Assets/_Project/Scenes/02_HECTON_WORLD.unity,Assets/_Project/Prefabs/Nature/Flora/Baked/family_coral_branching/GEN_family_coral_branching__bouquet.prefab;Assets/_Project/Prefabs/Nature/Flora/Baked/family_coral_branching/GEN_family_coral_branching__branch.prefab;Assets/_Project/Prefabs/Nature/Flora/Baked/family_coral_branching/GEN_family_coral_branching__crest.prefab;Assets/_Project/Prefabs/Nature/Flora/Baked/family_coral_branching/GEN_family_coral_branching__fan.prefab;Assets/_Project/Prefabs/Nature/Flora/Baked/family_coral_branching/GEN_family_coral_branching__mass.prefab;Assets/_Project/Prefabs/Nature/Flora/Baked/family_coral_branching/GEN_family_coral_branching__thicket.prefab;Assets/_Project/Prefabs/WorldProceduralProxy/PFB_family_coral_branching.prefab;Assets/_Project/Prefabs/WorldProceduralProxy/PFB_family_coral_branching__branch.prefab;Assets/_Project/Prefabs/WorldProceduralProxy/PFB_family_coral_branching__mass.prefab;Assets/_Project/Scenes/02_HECTON_WORLD.unity,Assets/_Project/Art/Materials/WorldProceduralProxy/MAT_family_coral_branching.mat,STATIC_SOURCE,streaming_mips_disabled
Assets/_Project/Art/TEXTURES/WorldProceduralFlora/Imported/family.coral.branching/normal___family.coral.branching.png,b3eca9c6684ba58468fe6b9fea30a2f3,PRIORITY_TARGET;REFERENCED_TEXTURE;PROXY_CONTAMINATION_TEXTURE,world_procedural_flora_imported_stack,CANDIDATE_BLOCKED_BY_MATERIAL_PROOF,packed_mask_source,2048,2048,6.767,0,1,0,3,Assets/_Project/Art/Materials/World/Photic1428/MAT_H8_PhoticCoralBranching_1428.mat[_NormalMap];Assets/_Project/Art/Materials/World/Photic1457/MAT_H8_PhoticCoralBranching_1457.mat[_NormalMap];Assets/_Project/Art/Materials/WorldProceduralProxy/MAT_family_coral_branching.mat[_NormalMap],10,Assets/_Project/Prefabs/Nature/Flora/Baked/family_coral_branching/GEN_family_coral_branching__bouquet.prefab;Assets/_Project/Prefabs/Nature/Flora/Baked/family_coral_branching/GEN_family_coral_branching__branch.prefab;Assets/_Project/Prefabs/Nature/Flora/Baked/family_coral_branching/GEN_family_coral_branching__crest.prefab;Assets/_Project/Prefabs/Nature/Flora/Baked/family_coral_branching/GEN_family_coral_branching__fan.prefab;Assets/_Project/Prefabs/Nature/Flora/Baked/family_coral_branching/GEN_family_coral_branching__mass.prefab;Assets/_Project/Prefabs/Nature/Flora/Baked/family_coral_branching/GEN_family_coral_branching__thicket.prefab;Assets/_Project/Prefabs/WorldProceduralProxy/PFB_family_coral_branching.prefab;Assets/_Project/Prefabs/WorldProceduralProxy/PFB_family_coral_branching__branch.prefab;Assets/_Project/Prefabs/WorldProceduralProxy/PFB_family_coral_branching__mass.prefab;Assets/_Project/Scenes/02_HECTON_WORLD.unity,,Assets/_Project/Scenes/02_HECTON_WORLD.unity,Assets/_Project/Scenes/02_HECTON_WORLD.unity,Assets/_Project/Prefabs/Nature/Flora/Baked/family_coral_branching/GEN_family_coral_branching__bouquet.prefab;Assets/_Project/Prefabs/Nature/Flora/Baked/family_coral_branching/GEN_family_coral_branching__branch.prefab;Assets/_Project/Prefabs/Nature/Flora/Baked/family_coral_branching/GEN_family_coral_branching__crest.prefab;Assets/_Project/Prefabs/Nature/Flora/Baked/family_coral_branching/GEN_family_coral_branching__fan.prefab;Assets/_Project/Prefabs/Nature/Flora/Baked/family_coral_branching/GEN_family_coral_branching__mass.prefab;Assets/_Project/Prefabs/Nature/Flora/Baked/family_coral_branching/GEN_family_coral_branching__thicket.prefab;Assets/_Project/Prefabs/WorldProceduralProxy/PFB_family_coral_branching.prefab;Assets/_Project/Prefabs/WorldProceduralProxy/PFB_family_coral_branching__branch.prefab;Assets/_Project/Prefabs/WorldProceduralProxy/PFB_family_coral_branching__mass.prefab;Assets/_Project/Scenes/02_HECTON_WORLD.unity,Assets/_Project/Art/Materials/WorldProceduralProxy/MAT_family_coral_branching.mat,STATIC_SOURCE,streaming_mips_disabled
Assets/_Project/Art/TEXTURES/WorldProceduralFlora/Imported/family.coral.brittle/albedo___family.coral.brittle.png,c8cae74f031d06a46a7b8fb01debfd9e,PRIORITY_TARGET;REFERENCED_TEXTURE;PROXY_CONTAMINATION_TEXTURE,world_procedural_flora_imported_stack,CANDIDATE_BLOCKED_BY_MATERIAL_PROOF,bio_material_source,1024,1024,2.448,1,1,0,2,Assets/_Project/Art/Materials/World/Photic1457/MAT_H8_PhoticCoralBrittle_1457.mat[_BaseMap];Assets/_Project/Art/Materials/WorldProceduralProxy/MAT_family_coral_brittle.mat[_BaseMap],13,Assets/_Project/Prefabs/Nature/Flora/Baked/family_coral_brittle/GEN_family_coral_brittle__candelabra.prefab;Assets/_Project/Prefabs/Nature/Flora/Baked/family_coral_brittle/GEN_family_coral_brittle__cathedral.prefab;Assets/_Project/Prefabs/Nature/Flora/Baked/family_coral_brittle/GEN_family_coral_brittle__crown.prefab;Assets/_Project/Prefabs/Nature/Flora/Baked/family_coral_brittle/GEN_family_coral_brittle__fan.prefab;Assets/_Project/Prefabs/Nature/Flora/Baked/family_coral_brittle/GEN_family_coral_brittle__halo.prefab;Assets/_Project/Prefabs/Nature/Flora/Baked/family_coral_brittle/GEN_family_coral_brittle__lace.prefab;Assets/_Project/Prefabs/Nature/Flora/Baked/family_coral_brittle/GEN_family_coral_brittle__spire.prefab;Assets/_Project/Prefabs/Nature/Flora/Baked/family_coral_brittle/GEN_family_coral_brittle__sprig.prefab;Assets/_Project/Prefabs/Nature/Flora/Baked/family_coral_brittle/GEN_family_coral_brittle__thicket.prefab;Assets/_Project/Prefabs/Nature/Flora/Baked/family_coral_brittle/GEN_family_coral_brittle__wreath.prefab;Assets/_Project/Prefabs/WorldProceduralProxy/PFB_family_coral_brittle__fan.prefab;Assets/_Project/Prefabs/WorldProceduralProxy/PFB_family_coral_brittle__sprig.prefab;Assets/_Project/Scenes/02_HECTON_WORLD.unity,,Assets/_Project/Scenes/02_HECTON_WORLD.unity,Assets/_Project/Scenes/02_HECTON_WORLD.unity,Assets/_Project/Prefabs/Nature/Flora/Baked/family_coral_brittle/GEN_family_coral_brittle__candelabra.prefab;Assets/_Project/Prefabs/Nature/Flora/Baked/family_coral_brittle/GEN_family_coral_brittle__cathedral.prefab;Assets/_Project/Prefabs/Nature/Flora/Baked/family_coral_brittle/GEN_family_coral_brittle__crown.prefab;Assets/_Project/Prefabs/Nature/Flora/Baked/family_coral_brittle/GEN_family_coral_brittle__fan.prefab;Assets/_Project/Prefabs/Nature/Flora/Baked/family_coral_brittle/GEN_family_coral_brittle__halo.prefab;Assets/_Project/Prefabs/Nature/Flora/Baked/family_coral_brittle/GEN_family_coral_brittle__lace.prefab;Assets/_Project/Prefabs/Nature/Flora/Baked/family_coral_brittle/GEN_family_coral_brittle__spire.prefab;Assets/_Project/Prefabs/Nature/Flora/Baked/family_coral_brittle/GEN_family_coral_brittle__sprig.prefab;Assets/_Project/Prefabs/Nature/Flora/Baked/family_coral_brittle/GEN_family_coral_brittle__thicket.prefab;Assets/_Project/Prefabs/Nature/Flora/Baked/family_coral_brittle/GEN_family_coral_brittle__wreath.prefab;Assets/_Project/Prefabs/WorldProceduralProxy/PFB_family_coral_brittle__fan.prefab;Assets/_Project/Prefabs/WorldProceduralProxy/PFB_family_coral_brittle__sprig.prefab;Assets/_Project/Scenes/02_HECTON_WORLD.unity,Assets/_Project/Art/Materials/WorldProceduralProxy/MAT_family_coral_brittle.mat,STATIC_SOURCE,streaming_mips_disabled
Assets/_Project/Art/TEXTURES/WorldProceduralFlora/Imported/family.coral.brittle/detail___family.coral.brittle.png,d8525e821b1e9034bba17d9e34bbf50e,PRIORITY_TARGET;REFERENCED_TEXTURE;PROXY_CONTAMINATION_TEXTURE,world_procedural_flora_imported_stack,CANDIDATE_BLOCKED_BY_MATERIAL_PROOF,bio_material_source,1024,1024,2.6,0,1,0,2,Assets/_Project/Art/Materials/World/Photic1457/MAT_H8_PhoticCoralBrittle_1457.mat[_DetailMap];Assets/_Project/Art/Materials/WorldProceduralProxy/MAT_family_coral_brittle.mat[_DetailMap],13,Assets/_Project/Prefabs/Nature/Flora/Baked/family_coral_brittle/GEN_family_coral_brittle__candelabra.prefab;Assets/_Project/Prefabs/Nature/Flora/Baked/family_coral_brittle/GEN_family_coral_brittle__cathedral.prefab;Assets/_Project/Prefabs/Nature/Flora/Baked/family_coral_brittle/GEN_family_coral_brittle__crown.prefab;Assets/_Project/Prefabs/Nature/Flora/Baked/family_coral_brittle/GEN_family_coral_brittle__fan.prefab;Assets/_Project/Prefabs/Nature/Flora/Baked/family_coral_brittle/GEN_family_coral_brittle__halo.prefab;Assets/_Project/Prefabs/Nature/Flora/Baked/family_coral_brittle/GEN_family_coral_brittle__lace.prefab;Assets/_Project/Prefabs/Nature/Flora/Baked/family_coral_brittle/GEN_family_coral_brittle__spire.prefab;Assets/_Project/Prefabs/Nature/Flora/Baked/family_coral_brittle/GEN_family_coral_brittle__sprig.prefab;Assets/_Project/Prefabs/Nature/Flora/Baked/family_coral_brittle/GEN_family_coral_brittle__thicket.prefab;Assets/_Project/Prefabs/Nature/Flora/Baked/family_coral_brittle/GEN_family_coral_brittle__wreath.prefab;Assets/_Project/Prefabs/WorldProceduralProxy/PFB_family_coral_brittle__fan.prefab;Assets/_Project/Prefabs/WorldProceduralProxy/PFB_family_coral_brittle__sprig.prefab;Assets/_Project/Scenes/02_HECTON_WORLD.unity,,Assets/_Project/Scenes/02_HECTON_WORLD.unity,Assets/_Project/Scenes/02_HECTON_WORLD.unity,Assets/_Project/Prefabs/Nature/Flora/Baked/family_coral_brittle/GEN_family_coral_brittle__candelabra.prefab;Assets/_Project/Prefabs/Nature/Flora/Baked/family_coral_brittle/GEN_family_coral_brittle__cathedral.prefab;Assets/_Project/Prefabs/Nature/Flora/Baked/family_coral_brittle/GEN_family_coral_brittle__crown.prefab;Assets/_Project/Prefabs/Nature/Flora/Baked/family_coral_brittle/GEN_family_coral_brittle__fan.prefab;Assets/_Project/Prefabs/Nature/Flora/Baked/family_coral_brittle/GEN_family_coral_brittle__halo.prefab;Assets/_Project/Prefabs/Nature/Flora/Baked/family_coral_brittle/GEN_family_coral_brittle__lace.prefab;Assets/_Project/Prefabs/Nature/Flora/Baked/family_coral_brittle/GEN_family_coral_brittle__spire.prefab;Assets/_Project/Prefabs/Nature/Flora/Baked/family_coral_brittle/GEN_family_coral_brittle__sprig.prefab;Assets/_Project/Prefabs/Nature/Flora/Baked/family_coral_brittle/GEN_family_coral_brittle__thicket.prefab;Assets/_Project/Prefabs/Nature/Flora/Baked/family_coral_brittle/GEN_family_coral_brittle__wreath.prefab;Assets/_Project/Prefabs/WorldProceduralProxy/PFB_family_coral_brittle__fan.prefab;Assets/_Project/Prefabs/WorldProceduralProxy/PFB_family_coral_brittle__sprig.prefab;Assets/_Project/Scenes/02_HECTON_WORLD.unity,Assets/_Project/Art/Materials/WorldProceduralProxy/MAT_family_coral_brittle.mat,STATIC_SOURCE,streaming_mips_disabled
Assets/_Project/Art/TEXTURES/WorldProceduralFlora/Imported/family.coral.brittle/mask___family.coral.brittle.png,616255edb4979bc4f991116fb9ef7eb6,PRIORITY_TARGET;REFERENCED_TEXTURE;PROXY_CONTAMINATION_TEXTURE,world_procedural_flora_imported_stack,CANDIDATE_BLOCKED_BY_MATERIAL_PROOF,packed_mask_source,1024,1024,2.365,0,1,0,2,Assets/_Project/Art/Materials/World/Photic1457/MAT_H8_PhoticCoralBrittle_1457.mat[_MaskMap];Assets/_Project/Art/Materials/WorldProceduralProxy/MAT_family_coral_brittle.mat[_MaskMap],13,Assets/_Project/Prefabs/Nature/Flora/Baked/family_coral_brittle/GEN_family_coral_brittle__candelabra.prefab;Assets/_Project/Prefabs/Nature/Flora/Baked/family_coral_brittle/GEN_family_coral_brittle__cathedral.prefab;Assets/_Project/Prefabs/Nature/Flora/Baked/family_coral_brittle/GEN_family_coral_brittle__crown.prefab;Assets/_Project/Prefabs/Nature/Flora/Baked/family_coral_brittle/GEN_family_coral_brittle__fan.prefab;Assets/_Project/Prefabs/Nature/Flora/Baked/family_coral_brittle/GEN_family_coral_brittle__halo.prefab;Assets/_Project/Prefabs/Nature/Flora/Baked/family_coral_brittle/GEN_family_coral_brittle__lace.prefab;Assets/_Project/Prefabs/Nature/Flora/Baked/family_coral_brittle/GEN_family_coral_brittle__spire.prefab;Assets/_Project/Prefabs/Nature/Flora/Baked/family_coral_brittle/GEN_family_coral_brittle__sprig.prefab;Assets/_Project/Prefabs/Nature/Flora/Baked/family_coral_brittle/GEN_family_coral_brittle__thicket.prefab;Assets/_Project/Prefabs/Nature/Flora/Baked/family_coral_brittle/GEN_family_coral_brittle__wreath.prefab;Assets/_Project/Prefabs/WorldProceduralProxy/PFB_family_coral_brittle__fan.prefab;Assets/_Project/Prefabs/WorldProceduralProxy/PFB_family_coral_brittle__sprig.prefab;Assets/_Project/Scenes/02_HECTON_WORLD.unity,,Assets/_Project/Scenes/02_HECTON_WORLD.unity,Assets/_Project/Scenes/02_HECTON_WORLD.unity,Assets/_Project/Prefabs/Nature/Flora/Baked/family_coral_brittle/GEN_family_coral_brittle__candelabra.prefab;Assets/_Project/Prefabs/Nature/Flora/Baked/family_coral_brittle/GEN_family_coral_brittle__cathedral.prefab;Assets/_Project/Prefabs/Nature/Flora/Baked/family_coral_brittle/GEN_family_coral_brittle__crown.prefab;Assets/_Project/Prefabs/Nature/Flora/Baked/family_coral_brittle/GEN_family_coral_brittle__fan.prefab;Assets/_Project/Prefabs/Nature/Flora/Baked/family_coral_brittle/GEN_family_coral_brittle__halo.prefab;Assets/_Project/Prefabs/Nature/Flora/Baked/family_coral_brittle/GEN_family_coral_brittle__lace.prefab;Assets/_Project/Prefabs/Nature/Flora/Baked/family_coral_brittle/GEN_family_coral_brittle__spire.prefab;Assets/_Project/Prefabs/Nature/Flora/Baked/family_coral_brittle/GEN_family_coral_brittle__sprig.prefab;Assets/_Project/Prefabs/Nature/Flora/Baked/family_coral_brittle/GEN_family_coral_brittle__thicket.prefab;Assets/_Project/Prefabs/Nature/Flora/Baked/family_coral_brittle/GEN_family_coral_brittle__wreath.prefab;Assets/_Project/Prefabs/WorldProceduralProxy/PFB_family_coral_brittle__fan.prefab;Assets/_Project/Prefabs/WorldProceduralProxy/PFB_family_coral_brittle__sprig.prefab;Assets/_Project/Scenes/02_HECTON_WORLD.unity,Assets/_Project/Art/Materials/WorldProceduralProxy/MAT_family_coral_brittle.mat,STATIC_SOURCE,streaming_mips_disabled
Assets/_Project/Art/TEXTURES/WorldProceduralFlora/Imported/family.coral.brittle/normal___family.coral.brittle.png,783eb0807310c06499da923fba549f62,PRIORITY_TARGET;REFERENCED_TEXTURE;PROXY_CONTAMINATION_TEXTURE,world_procedural_flora_imported_stack,CANDIDATE_BLOCKED_BY_MATERIAL_PROOF,packed_mask_source,1024,1024,2.33,0,1,0,2,Assets/_Project/Art/Materials/World/Photic1457/MAT_H8_PhoticCoralBrittle_1457.mat[_NormalMap];Assets/_Project/Art/Materials/WorldProceduralProxy/MAT_family_coral_brittle.mat[_NormalMap],13,Assets/_Project/Prefabs/Nature/Flora/Baked/family_coral_brittle/GEN_family_coral_brittle__candelabra.prefab;Assets/_Project/Prefabs/Nature/Flora/Baked/family_coral_brittle/GEN_family_coral_brittle__cathedral.prefab;Assets/_Project/Prefabs/Nature/Flora/Baked/family_coral_brittle/GEN_family_coral_brittle__crown.prefab;Assets/_Project/Prefabs/Nature/Flora/Baked/family_coral_brittle/GEN_family_coral_brittle__fan.prefab;Assets/_Project/Prefabs/Nature/Flora/Baked/family_coral_brittle/GEN_family_coral_brittle__halo.prefab;Assets/_Project/Prefabs/Nature/Flora/Baked/family_coral_brittle/GEN_family_coral_brittle__lace.prefab;Assets/_Project/Prefabs/Nature/Flora/Baked/family_coral_brittle/GEN_family_coral_brittle__spire.prefab;Assets/_Project/Prefabs/Nature/Flora/Baked/family_coral_brittle/GEN_family_coral_brittle__sprig.prefab;Assets/_Project/Prefabs/Nature/Flora/Baked/family_coral_brittle/GEN_family_coral_brittle__thicket.prefab;Assets/_Project/Prefabs/Nature/Flora/Baked/family_coral_brittle/GEN_family_coral_brittle__wreath.prefab;Assets/_Project/Prefabs/WorldProceduralProxy/PFB_family_coral_brittle__fan.prefab;Assets/_Project/Prefabs/WorldProceduralProxy/PFB_family_coral_brittle__sprig.prefab;Assets/_Project/Scenes/02_HECTON_WORLD.unity,,Assets/_Project/Scenes/02_HECTON_WORLD.unity,Assets/_Project/Scenes/02_HECTON_WORLD.unity,Assets/_Project/Prefabs/Nature/Flora/Baked/family_coral_brittle/GEN_family_coral_brittle__candelabra.prefab;Assets/_Project/Prefabs/Nature/Flora/Baked/family_coral_brittle/GEN_family_coral_brittle__cathedral.prefab;Assets/_Project/Prefabs/Nature/Flora/Baked/family_coral_brittle/GEN_family_coral_brittle__crown.prefab;Assets/_Project/Prefabs/Nature/Flora/Baked/family_coral_brittle/GEN_family_coral_brittle__fan.prefab;Assets/_Project/Prefabs/Nature/Flora/Baked/family_coral_brittle/GEN_family_coral_brittle__halo.prefab;Assets/_Project/Prefabs/Nature/Flora/Baked/family_coral_brittle/GEN_family_coral_brittle__lace.prefab;Assets/_Project/Prefabs/Nature/Flora/Baked/family_coral_brittle/GEN_family_coral_brittle__spire.prefab;Assets/_Project/Prefabs/Nature/Flora/Baked/family_coral_brittle/GEN_family_coral_brittle__sprig.prefab;Assets/_Project/Prefabs/Nature/Flora/Baked/family_coral_brittle/GEN_family_coral_brittle__thicket.prefab;Assets/_Project/Prefabs/Nature/Flora/Baked/family_coral_brittle/GEN_family_coral_brittle__wreath.prefab;Assets/_Project/Prefabs/WorldProceduralProxy/PFB_family_coral_brittle__fan.prefab;Assets/_Project/Prefabs/WorldProceduralProxy/PFB_family_coral_brittle__sprig.prefab;Assets/_Project/Scenes/02_HECTON_WORLD.unity,Assets/_Project/Art/Materials/WorldProceduralProxy/MAT_family_coral_brittle.mat,STATIC_SOURCE,streaming_mips_disabled
Assets/_Project/Art/TEXTURES/WorldProceduralFlora/Imported/family.coral.low/albedo___family.coral.low.png,6562f9467ffe74241bb2f020a02665ea,PRIORITY_TARGET;REFERENCED_TEXTURE;PROXY_CONTAMINATION_TEXTURE,world_procedural_flora_imported_stack,CANDIDATE_BLOCKED_BY_MATERIAL_PROOF,bio_material_source,2048,2048,8.61,1,1,0,3,Assets/_Project/Art/Materials/World/Photic1428/MAT_H8_PhoticCoralLow_1428.mat[_BaseMap];Assets/_Project/Art/Materials/World/Photic1457/MAT_H8_PhoticCoralLow_1457.mat[_BaseMap];Assets/_Project/Art/Materials/WorldProceduralProxy/MAT_family_coral_low.mat[_BaseMap],10,Assets/_Project/Prefabs/Nature/Flora/Baked/family_coral_low/GEN_family_coral_low__bed.prefab;Assets/_Project/Prefabs/Nature/Flora/Baked/family_coral_low/GEN_family_coral_low__knoll.prefab;Assets/_Project/Prefabs/Nature/Flora/Baked/family_coral_low/GEN_family_coral_low__mound.prefab;Assets/_Project/Prefabs/Nature/Flora/Baked/family_coral_low/GEN_family_coral_low__plate.prefab;Assets/_Project/Prefabs/Nature/Flora/Baked/family_coral_low/GEN_family_coral_low__saucer.prefab;Assets/_Project/Prefabs/Nature/Flora/Baked/family_coral_low/GEN_family_coral_low__spread.prefab;Assets/_Project/Prefabs/WorldProceduralProxy/PFB_family_coral_low.prefab;Assets/_Project/Prefabs/WorldProceduralProxy/PFB_family_coral_low__bed.prefab;Assets/_Project/Prefabs/WorldProceduralProxy/PFB_family_coral_low__plate.prefab;Assets/_Project/Scenes/02_HECTON_WORLD.unity,,Assets/_Project/Scenes/02_HECTON_WORLD.unity,Assets/_Project/Scenes/02_HECTON_WORLD.unity,Assets/_Project/Prefabs/Nature/Flora/Baked/family_coral_low/GEN_family_coral_low__bed.prefab;Assets/_Project/Prefabs/Nature/Flora/Baked/family_coral_low/GEN_family_coral_low__knoll.prefab;Assets/_Project/Prefabs/Nature/Flora/Baked/family_coral_low/GEN_family_coral_low__mound.prefab;Assets/_Project/Prefabs/Nature/Flora/Baked/family_coral_low/GEN_family_coral_low__plate.prefab;Assets/_Project/Prefabs/Nature/Flora/Baked/family_coral_low/GEN_family_coral_low__saucer.prefab;Assets/_Project/Prefabs/Nature/Flora/Baked/family_coral_low/GEN_family_coral_low__spread.prefab;Assets/_Project/Prefabs/WorldProceduralProxy/PFB_family_coral_low.prefab;Assets/_Project/Prefabs/WorldProceduralProxy/PFB_family_coral_low__bed.prefab;Assets/_Project/Prefabs/WorldProceduralProxy/PFB_family_coral_low__plate.prefab;Assets/_Project/Scenes/02_HECTON_WORLD.unity,Assets/_Project/Art/Materials/WorldProceduralProxy/MAT_family_coral_low.mat,STATIC_SOURCE,streaming_mips_disabled
Assets/_Project/Art/TEXTURES/WorldProceduralFlora/Imported/family.coral.low/detail___family.coral.low.png,9c9895661eb96ae4ca45c43084da0bd0,PRIORITY_TARGET;REFERENCED_TEXTURE;PROXY_CONTAMINATION_TEXTURE,world_procedural_flora_imported_stack,CANDIDATE_BLOCKED_BY_MATERIAL_PROOF,bio_material_source,2048,2048,10.208,0,1,0,3,Assets/_Project/Art/Materials/World/Photic1428/MAT_H8_PhoticCoralLow_1428.mat[_DetailMap];Assets/_Project/Art/Materials/World/Photic1457/MAT_H8_PhoticCoralLow_1457.mat[_DetailMap];Assets/_Project/Art/Materials/WorldProceduralProxy/MAT_family_coral_low.mat[_DetailMap],10,Assets/_Project/Prefabs/Nature/Flora/Baked/family_coral_low/GEN_family_coral_low__bed.prefab;Assets/_Project/Prefabs/Nature/Flora/Baked/family_coral_low/GEN_family_coral_low__knoll.prefab;Assets/_Project/Prefabs/Nature/Flora/Baked/family_coral_low/GEN_family_coral_low__mound.prefab;Assets/_Project/Prefabs/Nature/Flora/Baked/family_coral_low/GEN_family_coral_low__plate.prefab;Assets/_Project/Prefabs/Nature/Flora/Baked/family_coral_low/GEN_family_coral_low__saucer.prefab;Assets/_Project/Prefabs/Nature/Flora/Baked/family_coral_low/GEN_family_coral_low__spread.prefab;Assets/_Project/Prefabs/WorldProceduralProxy/PFB_family_coral_low.prefab;Assets/_Project/Prefabs/WorldProceduralProxy/PFB_family_coral_low__bed.prefab;Assets/_Project/Prefabs/WorldProceduralProxy/PFB_family_coral_low__plate.prefab;Assets/_Project/Scenes/02_HECTON_WORLD.unity,,Assets/_Project/Scenes/02_HECTON_WORLD.unity,Assets/_Project/Scenes/02_HECTON_WORLD.unity,Assets/_Project/Prefabs/Nature/Flora/Baked/family_coral_low/GEN_family_coral_low__bed.prefab;Assets/_Project/Prefabs/Nature/Flora/Baked/family_coral_low/GEN_family_coral_low__knoll.prefab;Assets/_Project/Prefabs/Nature/Flora/Baked/family_coral_low/GEN_family_coral_low__mound.prefab;Assets/_Project/Prefabs/Nature/Flora/Baked/family_coral_low/GEN_family_coral_low__plate.prefab;Assets/_Project/Prefabs/Nature/Flora/Baked/family_coral_low/GEN_family_coral_low__saucer.prefab;Assets/_Project/Prefabs/Nature/Flora/Baked/family_coral_low/GEN_family_coral_low__spread.prefab;Assets/_Project/Prefabs/WorldProceduralProxy/PFB_family_coral_low.prefab;Assets/_Project/Prefabs/WorldProceduralProxy/PFB_family_coral_low__bed.prefab;Assets/_Project/Prefabs/WorldProceduralProxy/PFB_family_coral_low__plate.prefab;Assets/_Project/Scenes/02_HECTON_WORLD.unity,Assets/_Project/Art/Materials/WorldProceduralProxy/MAT_family_coral_low.mat,STATIC_SOURCE,streaming_mips_disabled
Assets/_Project/Art/TEXTURES/WorldProceduralFlora/Imported/family.coral.low/mask___family.coral.low.png,4e848be68a723434d87446c13911180c,PRIORITY_TARGET;REFERENCED_TEXTURE;PROXY_CONTAMINATION_TEXTURE,world_procedural_flora_imported_stack,CANDIDATE_BLOCKED_BY_MATERIAL_PROOF,packed_mask_source,2048,2048,7.939,0,1,0,3,Assets/_Project/Art/Materials/World/Photic1428/MAT_H8_PhoticCoralLow_1428.mat[_MaskMap];Assets/_Project/Art/Materials/World/Photic1457/MAT_H8_PhoticCoralLow_1457.mat[_MaskMap];Assets/_Project/Art/Materials/WorldProceduralProxy/MAT_family_coral_low.mat[_MaskMap],10,Assets/_Project/Prefabs/Nature/Flora/Baked/family_coral_low/GEN_family_coral_low__bed.prefab;Assets/_Project/Prefabs/Nature/Flora/Baked/family_coral_low/GEN_family_coral_low__knoll.prefab;Assets/_Project/Prefabs/Nature/Flora/Baked/family_coral_low/GEN_family_coral_low__mound.prefab;Assets/_Project/Prefabs/Nature/Flora/Baked/family_coral_low/GEN_family_coral_low__plate.prefab;Assets/_Project/Prefabs/Nature/Flora/Baked/family_coral_low/GEN_family_coral_low__saucer.prefab;Assets/_Project/Prefabs/Nature/Flora/Baked/family_coral_low/GEN_family_coral_low__spread.prefab;Assets/_Project/Prefabs/WorldProceduralProxy/PFB_family_coral_low.prefab;Assets/_Project/Prefabs/WorldProceduralProxy/PFB_family_coral_low__bed.prefab;Assets/_Project/Prefabs/WorldProceduralProxy/PFB_family_coral_low__plate.prefab;Assets/_Project/Scenes/02_HECTON_WORLD.unity,,Assets/_Project/Scenes/02_HECTON_WORLD.unity,Assets/_Project/Scenes/02_HECTON_WORLD.unity,Assets/_Project/Prefabs/Nature/Flora/Baked/family_coral_low/GEN_family_coral_low__bed.prefab;Assets/_Project/Prefabs/Nature/Flora/Baked/family_coral_low/GEN_family_coral_low__knoll.prefab;Assets/_Project/Prefabs/Nature/Flora/Baked/family_coral_low/GEN_family_coral_low__mound.prefab;Assets/_Project/Prefabs/Nature/Flora/Baked/family_coral_low/GEN_family_coral_low__plate.prefab;Assets/_Project/Prefabs/Nature/Flora/Baked/family_coral_low/GEN_family_coral_low__saucer.prefab;Assets/_Project/Prefabs/Nature/Flora/Baked/family_coral_low/GEN_family_coral_low__spread.prefab;Assets/_Project/Prefabs/WorldProceduralProxy/PFB_family_coral_low.prefab;Assets/_Project/Prefabs/WorldProceduralProxy/PFB_family_coral_low__bed.prefab;Assets/_Project/Prefabs/WorldProceduralProxy/PFB_family_coral_low__plate.prefab;Assets/_Project/Scenes/02_HECTON_WORLD.unity,Assets/_Project/Art/Materials/WorldProceduralProxy/MAT_family_coral_low.mat,STATIC_SOURCE,streaming_mips_disabled
Assets/_Project/Art/TEXTURES/WorldProceduralFlora/Imported/family.coral.low/normal___family.coral.low.png,bdd3a42d3dfaed04dbbd14464613c91c,PRIORITY_TARGET;REFERENCED_TEXTURE;PROXY_CONTAMINATION_TEXTURE,world_procedural_flora_imported_stack,CANDIDATE_BLOCKED_BY_MATERIAL_PROOF,packed_mask_source,2048,2048,6.087,0,1,0,3,Assets/_Project/Art/Materials/World/Photic1428/MAT_H8_PhoticCoralLow_1428.mat[_NormalMap];Assets/_Project/Art/Materials/World/Photic1457/MAT_H8_PhoticCoralLow_1457.mat[_NormalMap];Assets/_Project/Art/Materials/WorldProceduralProxy/MAT_family_coral_low.mat[_NormalMap],10,Assets/_Project/Prefabs/Nature/Flora/Baked/family_coral_low/GEN_family_coral_low__bed.prefab;Assets/_Project/Prefabs/Nature/Flora/Baked/family_coral_low/GEN_family_coral_low__knoll.prefab;Assets/_Project/Prefabs/Nature/Flora/Baked/family_coral_low/GEN_family_coral_low__mound.prefab;Assets/_Project/Prefabs/Nature/Flora/Baked/family_coral_low/GEN_family_coral_low__plate.prefab;Assets/_Project/Prefabs/Nature/Flora/Baked/family_coral_low/GEN_family_coral_low__saucer.prefab;Assets/_Project/Prefabs/Nature/Flora/Baked/family_coral_low/GEN_family_coral_low__spread.prefab;Assets/_Project/Prefabs/WorldProceduralProxy/PFB_family_coral_low.prefab;Assets/_Project/Prefabs/WorldProceduralProxy/PFB_family_coral_low__bed.prefab;Assets/_Project/Prefabs/WorldProceduralProxy/PFB_family_coral_low__plate.prefab;Assets/_Project/Scenes/02_HECTON_WORLD.unity,,Assets/_Project/Scenes/02_HECTON_WORLD.unity,Assets/_Project/Scenes/02_HECTON_WORLD.unity,Assets/_Project/Prefabs/Nature/Flora/Baked/family_coral_low/GEN_family_coral_low__bed.prefab;Assets/_Project/Prefabs/Nature/Flora/Baked/family_coral_low/GEN_family_coral_low__knoll.prefab;Assets/_Project/Prefabs/Nature/Flora/Baked/family_coral_low/GEN_family_coral_low__mound.prefab;Assets/_Project/Prefabs/Nature/Flora/Baked/family_coral_low/GEN_family_coral_low__plate.prefab;Assets/_Project/Prefabs/Nature/Flora/Baked/family_coral_low/GEN_family_coral_low__saucer.prefab;Assets/_Project/Prefabs/Nature/Flora/Baked/family_coral_low/GEN_family_coral_low__spread.prefab;Assets/_Project/Prefabs/WorldProceduralProxy/PFB_family_coral_low.prefab;Assets/_Project/Prefabs/WorldProceduralProxy/PFB_family_coral_low__bed.prefab;Assets/_Project/Prefabs/WorldProceduralProxy/PFB_family_coral_low__plate.prefab;Assets/_Project/Scenes/02_HECTON_WORLD.unity,Assets/_Project/Art/Materials/WorldProceduralProxy/MAT_family_coral_low.mat,STATIC_SOURCE,streaming_mips_disabled
Assets/_Project/Art/TEXTURES/WorldProceduralFlora/Imported/family.coral.massive.2/albedo___family.coral.massive.2.png,985d702b3d57fc34d8ff2571307ebc84,PRIORITY_TARGET,world_procedural_flora_imported_stack,CANDIDATE_BLOCKED_BY_MATERIAL_PROOF,bio_material_source,1024,1024,1.998,1,1,0,0,,0,,,,,,,STATIC_SOURCE,no .mat/.prefab/.unity GUID references found under Assets/_Project scan;streaming_mips_disabled
Assets/_Project/Art/TEXTURES/WorldProceduralFlora/Imported/family.coral.massive.2/detail___family.coral.massive.2.png,d5b436274574fbc499a69d51b1d380b4,PRIORITY_TARGET,world_procedural_flora_imported_stack,CANDIDATE_BLOCKED_BY_MATERIAL_PROOF,bio_material_source,1024,1024,2.274,0,1,0,0,,0,,,,,,,STATIC_SOURCE,no .mat/.prefab/.unity GUID references found under Assets/_Project scan;streaming_mips_disabled
Assets/_Project/Art/TEXTURES/WorldProceduralFlora/Imported/family.coral.massive.2/mask___family.coral.massive.2.png,87279fd224741be4eb14642a17e44cad,PRIORITY_TARGET,world_procedural_flora_imported_stack,CANDIDATE_BLOCKED_BY_MATERIAL_PROOF,packed_mask_source,1024,1024,1.994,0,1,0,0,,0,,,,,,,STATIC_SOURCE,no .mat/.prefab/.unity GUID references found under Assets/_Project scan;streaming_mips_disabled
Assets/_Project/Art/TEXTURES/WorldProceduralFlora/Imported/family.coral.massive.2/normal___family.coral.massive.2.png,8d4aaddc791100d42a1dde9ac26cf92e,PRIORITY_TARGET,world_procedural_flora_imported_stack,CANDIDATE_BLOCKED_BY_MATERIAL_PROOF,packed_mask_source,1024,1024,1.286,0,1,0,0,,0,,,,,,,STATIC_SOURCE,no .mat/.prefab/.unity GUID references found under Assets/_Project scan;streaming_mips_disabled
Assets/_Project/Art/TEXTURES/WorldProceduralFlora/Imported/family.coral.massive/albedo___family.coral.massive.png,b509578498ec665489023faf5890ba55,PRIORITY_TARGET;REFERENCED_TEXTURE;PROXY_CONTAMINATION_TEXTURE,world_procedural_flora_imported_stack,CANDIDATE_BLOCKED_BY_MATERIAL_PROOF,bio_material_source,1024,1024,2.301,1,1,0,3,Assets/_Project/Art/Materials/World/Photic1428/MAT_H8_PhoticCoralMassive_1428.mat[_BaseMap];Assets/_Project/Art/Materials/World/Photic1457/MAT_H8_PhoticCoralMassive_1457.mat[_BaseMap];Assets/_Project/Art/Materials/WorldProceduralProxy/MAT_family_coral_massive.mat[_BaseMap],9,Assets/_Project/Prefabs/Nature/Flora/Baked/family_coral_massive/GEN_family_coral_massive__boulder.prefab;Assets/_Project/Prefabs/Nature/Flora/Baked/family_coral_massive/GEN_family_coral_massive__buttress.prefab;Assets/_Project/Prefabs/Nature/Flora/Baked/family_coral_massive/GEN_family_coral_massive__dome.prefab;Assets/_Project/Prefabs/Nature/Flora/Baked/family_coral_massive/GEN_family_coral_massive__head.prefab;Assets/_Project/Prefabs/Nature/Flora/Baked/family_coral_massive/GEN_family_coral_massive__lobed.prefab;Assets/_Project/Prefabs/Nature/Flora/Baked/family_coral_massive/GEN_family_coral_massive__porous.prefab;Assets/_Project/Prefabs/WorldProceduralProxy/PFB_family_coral_massive__head.prefab;Assets/_Project/Prefabs/WorldProceduralProxy/PFB_family_coral_massive__porous.prefab;Assets/_Project/Scenes/02_HECTON_WORLD.unity,,Assets/_Project/Scenes/02_HECTON_WORLD.unity,Assets/_Project/Scenes/02_HECTON_WORLD.unity,Assets/_Project/Prefabs/Nature/Flora/Baked/family_coral_massive/GEN_family_coral_massive__boulder.prefab;Assets/_Project/Prefabs/Nature/Flora/Baked/family_coral_massive/GEN_family_coral_massive__buttress.prefab;Assets/_Project/Prefabs/Nature/Flora/Baked/family_coral_massive/GEN_family_coral_massive__dome.prefab;Assets/_Project/Prefabs/Nature/Flora/Baked/family_coral_massive/GEN_family_coral_massive__head.prefab;Assets/_Project/Prefabs/Nature/Flora/Baked/family_coral_massive/GEN_family_coral_massive__lobed.prefab;Assets/_Project/Prefabs/Nature/Flora/Baked/family_coral_massive/GEN_family_coral_massive__porous.prefab;Assets/_Project/Prefabs/WorldProceduralProxy/PFB_family_coral_massive__head.prefab;Assets/_Project/Prefabs/WorldProceduralProxy/PFB_family_coral_massive__porous.prefab;Assets/_Project/Scenes/02_HECTON_WORLD.unity,Assets/_Project/Art/Materials/WorldProceduralProxy/MAT_family_coral_massive.mat,STATIC_SOURCE,streaming_mips_disabled
Assets/_Project/Art/TEXTURES/WorldProceduralFlora/Imported/family.coral.massive/detail___family.coral.massive.png,9594fa57b6981c7478a1cdb725b966ba,PRIORITY_TARGET;REFERENCED_TEXTURE;PROXY_CONTAMINATION_TEXTURE,world_procedural_flora_imported_stack,CANDIDATE_BLOCKED_BY_MATERIAL_PROOF,bio_material_source,1024,1024,2.414,0,1,0,3,Assets/_Project/Art/Materials/World/Photic1428/MAT_H8_PhoticCoralMassive_1428.mat[_DetailMap];Assets/_Project/Art/Materials/World/Photic1457/MAT_H8_PhoticCoralMassive_1457.mat[_DetailMap];Assets/_Project/Art/Materials/WorldProceduralProxy/MAT_family_coral_massive.mat[_DetailMap],9,Assets/_Project/Prefabs/Nature/Flora/Baked/family_coral_massive/GEN_family_coral_massive__boulder.prefab;Assets/_Project/Prefabs/Nature/Flora/Baked/family_coral_massive/GEN_family_coral_massive__buttress.prefab;Assets/_Project/Prefabs/Nature/Flora/Baked/family_coral_massive/GEN_family_coral_massive__dome.prefab;Assets/_Project/Prefabs/Nature/Flora/Baked/family_coral_massive/GEN_family_coral_massive__head.prefab;Assets/_Project/Prefabs/Nature/Flora/Baked/family_coral_massive/GEN_family_coral_massive__lobed.prefab;Assets/_Project/Prefabs/Nature/Flora/Baked/family_coral_massive/GEN_family_coral_massive__porous.prefab;Assets/_Project/Prefabs/WorldProceduralProxy/PFB_family_coral_massive__head.prefab;Assets/_Project/Prefabs/WorldProceduralProxy/PFB_family_coral_massive__porous.prefab;Assets/_Project/Scenes/02_HECTON_WORLD.unity,,Assets/_Project/Scenes/02_HECTON_WORLD.unity,Assets/_Project/Scenes/02_HECTON_WORLD.unity,Assets/_Project/Prefabs/Nature/Flora/Baked/family_coral_massive/GEN_family_coral_massive__boulder.prefab;Assets/_Project/Prefabs/Nature/Flora/Baked/family_coral_massive/GEN_family_coral_massive__buttress.prefab;Assets/_Project/Prefabs/Nature/Flora/Baked/family_coral_massive/GEN_family_coral_massive__dome.prefab;Assets/_Project/Prefabs/Nature/Flora/Baked/family_coral_massive/GEN_family_coral_massive__head.prefab;Assets/_Project/Prefabs/Nature/Flora/Baked/family_coral_massive/GEN_family_coral_massive__lobed.prefab;Assets/_Project/Prefabs/Nature/Flora/Baked/family_coral_massive/GEN_family_coral_massive__porous.prefab;Assets/_Project/Prefabs/WorldProceduralProxy/PFB_family_coral_massive__head.prefab;Assets/_Project/Prefabs/WorldProceduralProxy/PFB_family_coral_massive__porous.prefab;Assets/_Project/Scenes/02_HECTON_WORLD.unity,Assets/_Project/Art/Materials/WorldProceduralProxy/MAT_family_coral_massive.mat,STATIC_SOURCE,streaming_mips_disabled
Assets/_Project/Art/TEXTURES/WorldProceduralFlora/Imported/family.coral.massive/mask___family.coral.massive.png,3ee8ebb78dafcee499f5a5c4a748fd6a,PRIORITY_TARGET;REFERENCED_TEXTURE;PROXY_CONTAMINATION_TEXTURE,world_procedural_flora_imported_stack,CANDIDATE_BLOCKED_BY_MATERIAL_PROOF,packed_mask_source,1024,1024,1.778,0,1,0,3,Assets/_Project/Art/Materials/World/Photic1428/MAT_H8_PhoticCoralMassive_1428.mat[_MaskMap];Assets/_Project/Art/Materials/World/Photic1457/MAT_H8_PhoticCoralMassive_1457.mat[_MaskMap];Assets/_Project/Art/Materials/WorldProceduralProxy/MAT_family_coral_massive.mat[_MaskMap],9,Assets/_Project/Prefabs/Nature/Flora/Baked/family_coral_massive/GEN_family_coral_massive__boulder.prefab;Assets/_Project/Prefabs/Nature/Flora/Baked/family_coral_massive/GEN_family_coral_massive__buttress.prefab;Assets/_Project/Prefabs/Nature/Flora/Baked/family_coral_massive/GEN_family_coral_massive__dome.prefab;Assets/_Project/Prefabs/Nature/Flora/Baked/family_coral_massive/GEN_family_coral_massive__head.prefab;Assets/_Project/Prefabs/Nature/Flora/Baked/family_coral_massive/GEN_family_coral_massive__lobed.prefab;Assets/_Project/Prefabs/Nature/Flora/Baked/family_coral_massive/GEN_family_coral_massive__porous.prefab;Assets/_Project/Prefabs/WorldProceduralProxy/PFB_family_coral_massive__head.prefab;Assets/_Project/Prefabs/WorldProceduralProxy/PFB_family_coral_massive__porous.prefab;Assets/_Project/Scenes/02_HECTON_WORLD.unity,,Assets/_Project/Scenes/02_HECTON_WORLD.unity,Assets/_Project/Scenes/02_HECTON_WORLD.unity,Assets/_Project/Prefabs/Nature/Flora/Baked/family_coral_massive/GEN_family_coral_massive__boulder.prefab;Assets/_Project/Prefabs/Nature/Flora/Baked/family_coral_massive/GEN_family_coral_massive__buttress.prefab;Assets/_Project/Prefabs/Nature/Flora/Baked/family_coral_massive/GEN_family_coral_massive__dome.prefab;Assets/_Project/Prefabs/Nature/Flora/Baked/family_coral_massive/GEN_family_coral_massive__head.prefab;Assets/_Project/Prefabs/Nature/Flora/Baked/family_coral_massive/GEN_family_coral_massive__lobed.prefab;Assets/_Project/Prefabs/Nature/Flora/Baked/family_coral_massive/GEN_family_coral_massive__porous.prefab;Assets/_Project/Prefabs/WorldProceduralProxy/PFB_family_coral_massive__head.prefab;Assets/_Project/Prefabs/WorldProceduralProxy/PFB_family_coral_massive__porous.prefab;Assets/_Project/Scenes/02_HECTON_WORLD.unity,Assets/_Project/Art/Materials/WorldProceduralProxy/MAT_family_coral_massive.mat,STATIC_SOURCE,streaming_mips_disabled
Assets/_Project/Art/TEXTURES/WorldProceduralFlora/Imported/family.coral.massive/normal___family.coral.massive.png,6cfef5b5e3bb14e44bf1c8afbcb31df5,PRIORITY_TARGET;REFERENCED_TEXTURE;PROXY_CONTAMINATION_TEXTURE,world_procedural_flora_imported_stack,CANDIDATE_BLOCKED_BY_MATERIAL_PROOF,packed_mask_source,1024,1024,1.185,0,1,0,3,Assets/_Project/Art/Materials/World/Photic1428/MAT_H8_PhoticCoralMassive_1428.mat[_NormalMap];Assets/_Project/Art/Materials/World/Photic1457/MAT_H8_PhoticCoralMassive_1457.mat[_NormalMap];Assets/_Project/Art/Materials/WorldProceduralProxy/MAT_family_coral_massive.mat[_NormalMap],9,Assets/_Project/Prefabs/Nature/Flora/Baked/family_coral_massive/GEN_family_coral_massive__boulder.prefab;Assets/_Project/Prefabs/Nature/Flora/Baked/family_coral_massive/GEN_family_coral_massive__buttress.prefab;Assets/_Project/Prefabs/Nature/Flora/Baked/family_coral_massive/GEN_family_coral_massive__dome.prefab;Assets/_Project/Prefabs/Nature/Flora/Baked/family_coral_massive/GEN_family_coral_massive__head.prefab;Assets/_Project/Prefabs/Nature/Flora/Baked/family_coral_massive/GEN_family_coral_massive__lobed.prefab;Assets/_Project/Prefabs/Nature/Flora/Baked/family_coral_massive/GEN_family_coral_massive__porous.prefab;Assets/_Project/Prefabs/WorldProceduralProxy/PFB_family_coral_massive__head.prefab;Assets/_Project/Prefabs/WorldProceduralProxy/PFB_family_coral_massive__porous.prefab;Assets/_Project/Scenes/02_HECTON_WORLD.unity,,Assets/_Project/Scenes/02_HECTON_WORLD.unity,Assets/_Project/Scenes/02_HECTON_WORLD.unity,Assets/_Project/Prefabs/Nature/Flora/Baked/family_coral_massive/GEN_family_coral_massive__boulder.prefab;Assets/_Project/Prefabs/Nature/Flora/Baked/family_coral_massive/GEN_family_coral_massive__buttress.prefab;Assets/_Project/Prefabs/Nature/Flora/Baked/family_coral_massive/GEN_family_coral_massive__dome.prefab;Assets/_Project/Prefabs/Nature/Flora/Baked/family_coral_massive/GEN_family_coral_massive__head.prefab;Assets/_Project/Prefabs/Nature/Flora/Baked/family_coral_massive/GEN_family_coral_massive__lobed.prefab;Assets/_Project/Prefabs/Nature/Flora/Baked/family_coral_massive/GEN_family_coral_massive__porous.prefab;Assets/_Project/Prefabs/WorldProceduralProxy/PFB_family_coral_massive__head.prefab;Assets/_Project/Prefabs/WorldProceduralProxy/PFB_family_coral_massive__porous.prefab;Assets/_Project/Scenes/02_HECTON_WORLD.unity,Assets/_Project/Art/Materials/WorldProceduralProxy/MAT_family_coral_massive.mat,STATIC_SOURCE,streaming_mips_disabled
Assets/_Project/Art/TEXTURES/WorldProceduralFlora/Imported/family.coral.plate/albedo___family.coral.plate.png,fc97a07cbb6483e42a74d94a5bcfd25c,PRIORITY_TARGET;REFERENCED_TEXTURE;PROXY_CONTAMINATION_TEXTURE,world_procedural_flora_imported_stack,CANDIDATE_BLOCKED_BY_MATERIAL_PROOF,bio_material_source,1024,1024,2.306,1,1,0,2,Assets/_Project/Art/Materials/World/Photic1457/MAT_H8_PhoticCoralPlate_1457.mat[_BaseMap];Assets/_Project/Art/Materials/WorldProceduralProxy/MAT_family_coral_plate.mat[_BaseMap],9,Assets/_Project/Prefabs/Nature/Flora/Baked/family_coral_plate/GEN_family_coral_plate__bastion.prefab;Assets/_Project/Prefabs/Nature/Flora/Baked/family_coral_plate/GEN_family_coral_plate__canopy.prefab;Assets/_Project/Prefabs/Nature/Flora/Baked/family_coral_plate/GEN_family_coral_plate__ledge.prefab;Assets/_Project/Prefabs/Nature/Flora/Baked/family_coral_plate/GEN_family_coral_plate__shelf.prefab;Assets/_Project/Prefabs/Nature/Flora/Baked/family_coral_plate/GEN_family_coral_plate__stack.prefab;Assets/_Project/Prefabs/Nature/Flora/Baked/family_coral_plate/GEN_family_coral_plate__terrace.prefab;Assets/_Project/Prefabs/WorldProceduralProxy/PFB_family_coral_plate__ledge.prefab;Assets/_Project/Prefabs/WorldProceduralProxy/PFB_family_coral_plate__shelf.prefab;Assets/_Project/Scenes/02_HECTON_WORLD.unity,,Assets/_Project/Scenes/02_HECTON_WORLD.unity,Assets/_Project/Scenes/02_HECTON_WORLD.unity,Assets/_Project/Prefabs/Nature/Flora/Baked/family_coral_plate/GEN_family_coral_plate__bastion.prefab;Assets/_Project/Prefabs/Nature/Flora/Baked/family_coral_plate/GEN_family_coral_plate__canopy.prefab;Assets/_Project/Prefabs/Nature/Flora/Baked/family_coral_plate/GEN_family_coral_plate__ledge.prefab;Assets/_Project/Prefabs/Nature/Flora/Baked/family_coral_plate/GEN_family_coral_plate__shelf.prefab;Assets/_Project/Prefabs/Nature/Flora/Baked/family_coral_plate/GEN_family_coral_plate__stack.prefab;Assets/_Project/Prefabs/Nature/Flora/Baked/family_coral_plate/GEN_family_coral_plate__terrace.prefab;Assets/_Project/Prefabs/WorldProceduralProxy/PFB_family_coral_plate__ledge.prefab;Assets/_Project/Prefabs/WorldProceduralProxy/PFB_family_coral_plate__shelf.prefab;Assets/_Project/Scenes/02_HECTON_WORLD.unity,Assets/_Project/Art/Materials/WorldProceduralProxy/MAT_family_coral_plate.mat,STATIC_SOURCE,streaming_mips_disabled
Assets/_Project/Art/TEXTURES/WorldProceduralFlora/Imported/family.coral.plate/detail___family.coral.plate.png,71650c196ae92244599d7717284db881,PRIORITY_TARGET;REFERENCED_TEXTURE;PROXY_CONTAMINATION_TEXTURE,world_procedural_flora_imported_stack,CANDIDATE_BLOCKED_BY_MATERIAL_PROOF,bio_material_source,2048,2048,9.862,0,1,0,2,Assets/_Project/Art/Materials/World/Photic1457/MAT_H8_PhoticCoralPlate_1457.mat[_DetailMap];Assets/_Project/Art/Materials/WorldProceduralProxy/MAT_family_coral_plate.mat[_DetailMap],9,Assets/_Project/Prefabs/Nature/Flora/Baked/family_coral_plate/GEN_family_coral_plate__bastion.prefab;Assets/_Project/Prefabs/Nature/Flora/Baked/family_coral_plate/GEN_family_coral_plate__canopy.prefab;Assets/_Project/Prefabs/Nature/Flora/Baked/family_coral_plate/GEN_family_coral_plate__ledge.prefab;Assets/_Project/Prefabs/Nature/Flora/Baked/family_coral_plate/GEN_family_coral_plate__shelf.prefab;Assets/_Project/Prefabs/Nature/Flora/Baked/family_coral_plate/GEN_family_coral_plate__stack.prefab;Assets/_Project/Prefabs/Nature/Flora/Baked/family_coral_plate/GEN_family_coral_plate__terrace.prefab;Assets/_Project/Prefabs/WorldProceduralProxy/PFB_family_coral_plate__ledge.prefab;Assets/_Project/Prefabs/WorldProceduralProxy/PFB_family_coral_plate__shelf.prefab;Assets/_Project/Scenes/02_HECTON_WORLD.unity,,Assets/_Project/Scenes/02_HECTON_WORLD.unity,Assets/_Project/Scenes/02_HECTON_WORLD.unity,Assets/_Project/Prefabs/Nature/Flora/Baked/family_coral_plate/GEN_family_coral_plate__bastion.prefab;Assets/_Project/Prefabs/Nature/Flora/Baked/family_coral_plate/GEN_family_coral_plate__canopy.prefab;Assets/_Project/Prefabs/Nature/Flora/Baked/family_coral_plate/GEN_family_coral_plate__ledge.prefab;Assets/_Project/Prefabs/Nature/Flora/Baked/family_coral_plate/GEN_family_coral_plate__shelf.prefab;Assets/_Project/Prefabs/Nature/Flora/Baked/family_coral_plate/GEN_family_coral_plate__stack.prefab;Assets/_Project/Prefabs/Nature/Flora/Baked/family_coral_plate/GEN_family_coral_plate__terrace.prefab;Assets/_Project/Prefabs/WorldProceduralProxy/PFB_family_coral_plate__ledge.prefab;Assets/_Project/Prefabs/WorldProceduralProxy/PFB_family_coral_plate__shelf.prefab;Assets/_Project/Scenes/02_HECTON_WORLD.unity,Assets/_Project/Art/Materials/WorldProceduralProxy/MAT_family_coral_plate.mat,STATIC_SOURCE,streaming_mips_disabled
Assets/_Project/Art/TEXTURES/WorldProceduralFlora/Imported/family.coral.plate/mask___family.coral.plate.png,1e055846c638b784c840878ece7cf8a2,PRIORITY_TARGET;REFERENCED_TEXTURE;PROXY_CONTAMINATION_TEXTURE,world_procedural_flora_imported_stack,CANDIDATE_BLOCKED_BY_MATERIAL_PROOF,packed_mask_source,2048,2048,6.235,0,1,0,2,Assets/_Project/Art/Materials/World/Photic1457/MAT_H8_PhoticCoralPlate_1457.mat[_MaskMap];Assets/_Project/Art/Materials/WorldProceduralProxy/MAT_family_coral_plate.mat[_MaskMap],9,Assets/_Project/Prefabs/Nature/Flora/Baked/family_coral_plate/GEN_family_coral_plate__bastion.prefab;Assets/_Project/Prefabs/Nature/Flora/Baked/family_coral_plate/GEN_family_coral_plate__canopy.prefab;Assets/_Project/Prefabs/Nature/Flora/Baked/family_coral_plate/GEN_family_coral_plate__ledge.prefab;Assets/_Project/Prefabs/Nature/Flora/Baked/family_coral_plate/GEN_family_coral_plate__shelf.prefab;Assets/_Project/Prefabs/Nature/Flora/Baked/family_coral_plate/GEN_family_coral_plate__stack.prefab;Assets/_Project/Prefabs/Nature/Flora/Baked/family_coral_plate/GEN_family_coral_plate__terrace.prefab;Assets/_Project/Prefabs/WorldProceduralProxy/PFB_family_coral_plate__ledge.prefab;Assets/_Project/Prefabs/WorldProceduralProxy/PFB_family_coral_plate__shelf.prefab;Assets/_Project/Scenes/02_HECTON_WORLD.unity,,Assets/_Project/Scenes/02_HECTON_WORLD.unity,Assets/_Project/Scenes/02_HECTON_WORLD.unity,Assets/_Project/Prefabs/Nature/Flora/Baked/family_coral_plate/GEN_family_coral_plate__bastion.prefab;Assets/_Project/Prefabs/Nature/Flora/Baked/family_coral_plate/GEN_family_coral_plate__canopy.prefab;Assets/_Project/Prefabs/Nature/Flora/Baked/family_coral_plate/GEN_family_coral_plate__ledge.prefab;Assets/_Project/Prefabs/Nature/Flora/Baked/family_coral_plate/GEN_family_coral_plate__shelf.prefab;Assets/_Project/Prefabs/Nature/Flora/Baked/family_coral_plate/GEN_family_coral_plate__stack.prefab;Assets/_Project/Prefabs/Nature/Flora/Baked/family_coral_plate/GEN_family_coral_plate__terrace.prefab;Assets/_Project/Prefabs/WorldProceduralProxy/PFB_family_coral_plate__ledge.prefab;Assets/_Project/Prefabs/WorldProceduralProxy/PFB_family_coral_plate__shelf.prefab;Assets/_Project/Scenes/02_HECTON_WORLD.unity,Assets/_Project/Art/Materials/WorldProceduralProxy/MAT_family_coral_plate.mat,STATIC_SOURCE,streaming_mips_disabled
Assets/_Project/Art/TEXTURES/WorldProceduralFlora/Imported/family.coral.plate/normal___family.coral.plate.png,efc378013e2d4b346879380e5ab24b3b,PRIORITY_TARGET;REFERENCED_TEXTURE;PROXY_CONTAMINATION_TEXTURE,world_procedural_flora_imported_stack,CANDIDATE_BLOCKED_BY_MATERIAL_PROOF,packed_mask_source,1024,1024,2.129,0,1,0,2,Assets/_Project/Art/Materials/World/Photic1457/MAT_H8_PhoticCoralPlate_1457.mat[_NormalMap];Assets/_Project/Art/Materials/WorldProceduralProxy/MAT_family_coral_plate.mat[_NormalMap],9,Assets/_Project/Prefabs/Nature/Flora/Baked/family_coral_plate/GEN_family_coral_plate__bastion.prefab;Assets/_Project/Prefabs/Nature/Flora/Baked/family_coral_plate/GEN_family_coral_plate__canopy.prefab;Assets/_Project/Prefabs/Nature/Flora/Baked/family_coral_plate/GEN_family_coral_plate__ledge.prefab;Assets/_Project/Prefabs/Nature/Flora/Baked/family_coral_plate/GEN_family_coral_plate__shelf.prefab;Assets/_Project/Prefabs/Nature/Flora/Baked/family_coral_plate/GEN_family_coral_plate__stack.prefab;Assets/_Project/Prefabs/Nature/Flora/Baked/family_coral_plate/GEN_family_coral_plate__terrace.prefab;Assets/_Project/Prefabs/WorldProceduralProxy/PFB_family_coral_plate__ledge.prefab;Assets/_Project/Prefabs/WorldProceduralProxy/PFB_family_coral_plate__shelf.prefab;Assets/_Project/Scenes/02_HECTON_WORLD.unity,,Assets/_Project/Scenes/02_HECTON_WORLD.unity,Assets/_Project/Scenes/02_HECTON_WORLD.unity,Assets/_Project/Prefabs/Nature/Flora/Baked/family_coral_plate/GEN_family_coral_plate__bastion.prefab;Assets/_Project/Prefabs/Nature/Flora/Baked/family_coral_plate/GEN_family_coral_plate__canopy.prefab;Assets/_Project/Prefabs/Nature/Flora/Baked/family_coral_plate/GEN_family_coral_plate__ledge.prefab;Assets/_Project/Prefabs/Nature/Flora/Baked/family_coral_plate/GEN_family_coral_plate__shelf.prefab;Assets/_Project/Prefabs/Nature/Flora/Baked/family_coral_plate/GEN_family_coral_plate__stack.prefab;Assets/_Project/Prefabs/Nature/Flora/Baked/family_coral_plate/GEN_family_coral_plate__terrace.prefab;Assets/_Project/Prefabs/WorldProceduralProxy/PFB_family_coral_plate__ledge.prefab;Assets/_Project/Prefabs/WorldProceduralProxy/PFB_family_coral_plate__shelf.prefab;Assets/_Project/Scenes/02_HECTON_WORLD.unity,Assets/_Project/Art/Materials/WorldProceduralProxy/MAT_family_coral_plate.mat,STATIC_SOURCE,streaming_mips_disabled
Assets/_Project/Art/TEXTURES/WorldProceduralFlora/Imported/family.kelp.abyssal/albedo___family.kelp.abyssal.png,97bc2f44c8e754043970091c867d27b3,PRIORITY_TARGET;REFERENCED_TEXTURE;PROXY_CONTAMINATION_TEXTURE,world_procedural_flora_imported_stack,CANDIDATE_BLOCKED_BY_MATERIAL_PROOF,bio_material_source,2048,2048,6.385,1,1,0,1,Assets/_Project/Art/Materials/WorldProceduralProxy/MAT_family_kelp_abyssal.mat[_BaseMap],16,Assets/_Project/Prefabs/Nature/Flora/Baked/family_kelp_abyssal/GEN_family_kelp_abyssal__braid.prefab;Assets/_Project/Prefabs/Nature/Flora/Baked/family_kelp_abyssal/GEN_family_kelp_abyssal__cathedral__s140-240.prefab;Assets/_Project/Prefabs/Nature/Flora/Baked/family_kelp_abyssal/GEN_family_kelp_abyssal__cowl__s110-180.prefab;Assets/_Project/Prefabs/Nature/Flora/Baked/family_kelp_abyssal/GEN_family_kelp_abyssal__lantern__s100-180.prefab;Assets/_Project/Prefabs/Nature/Flora/Baked/family_kelp_abyssal/GEN_family_kelp_abyssal__mantle.prefab;Assets/_Project/Prefabs/Nature/Flora/Baked/family_kelp_abyssal/GEN_family_kelp_abyssal__nodule.prefab;Assets/_Project/Prefabs/Nature/Flora/Baked/family_kelp_abyssal/GEN_family_kelp_abyssal__pennant.prefab;Assets/_Project/Prefabs/Nature/Flora/Baked/family_kelp_abyssal/GEN_family_kelp_abyssal__petal__s100-170.prefab;Assets/_Project/Prefabs/Nature/Flora/Baked/family_kelp_abyssal/GEN_family_kelp_abyssal__reed__s80-140.prefab;Assets/_Project/Prefabs/Nature/Flora/Baked/family_kelp_abyssal/GEN_family_kelp_abyssal__shroud.prefab;Assets/_Project/Prefabs/Nature/Flora/Baked/family_kelp_abyssal/GEN_family_kelp_abyssal__strap.prefab;Assets/_Project/Prefabs/Nature/Flora/Baked/family_kelp_abyssal/GEN_family_kelp_abyssal__tatterveil__s110-185.prefab;Assets/_Project/Prefabs/Nature/Flora/Baked/family_kelp_abyssal/GEN_family_kelp_abyssal__veilwall__s150-240.prefab;Assets/_Project/Prefabs/Nature/Flora/Baked/family_kelp_abyssal/GEN_family_kelp_abyssal__whip.prefab;Assets/_Project/Prefabs/WorldProceduralProxy/PFB_family_kelp_abyssal__shroud.prefab;Assets/_Project/Prefabs/WorldProceduralProxy/PFB_family_kelp_abyssal__strap.prefab,,,,Assets/_Project/Prefabs/Nature/Flora/Baked/family_kelp_abyssal/GEN_family_kelp_abyssal__braid.prefab;Assets/_Project/Prefabs/Nature/Flora/Baked/family_kelp_abyssal/GEN_family_kelp_abyssal__cathedral__s140-240.prefab;Assets/_Project/Prefabs/Nature/Flora/Baked/family_kelp_abyssal/GEN_family_kelp_abyssal__cowl__s110-180.prefab;Assets/_Project/Prefabs/Nature/Flora/Baked/family_kelp_abyssal/GEN_family_kelp_abyssal__lantern__s100-180.prefab;Assets/_Project/Prefabs/Nature/Flora/Baked/family_kelp_abyssal/GEN_family_kelp_abyssal__mantle.prefab;Assets/_Project/Prefabs/Nature/Flora/Baked/family_kelp_abyssal/GEN_family_kelp_abyssal__nodule.prefab;Assets/_Project/Prefabs/Nature/Flora/Baked/family_kelp_abyssal/GEN_family_kelp_abyssal__pennant.prefab;Assets/_Project/Prefabs/Nature/Flora/Baked/family_kelp_abyssal/GEN_family_kelp_abyssal__petal__s100-170.prefab;Assets/_Project/Prefabs/Nature/Flora/Baked/family_kelp_abyssal/GEN_family_kelp_abyssal__reed__s80-140.prefab;Assets/_Project/Prefabs/Nature/Flora/Baked/family_kelp_abyssal/GEN_family_kelp_abyssal__shroud.prefab;Assets/_Project/Prefabs/Nature/Flora/Baked/family_kelp_abyssal/GEN_family_kelp_abyssal__strap.prefab;Assets/_Project/Prefabs/Nature/Flora/Baked/family_kelp_abyssal/GEN_family_kelp_abyssal__tatterveil__s110-185.prefab;Assets/_Project/Prefabs/Nature/Flora/Baked/family_kelp_abyssal/GEN_family_kelp_abyssal__veilwall__s150-240.prefab;Assets/_Project/Prefabs/Nature/Flora/Baked/family_kelp_abyssal/GEN_family_kelp_abyssal__whip.prefab;Assets/_Project/Prefabs/WorldProceduralProxy/PFB_family_kelp_abyssal__shroud.prefab;Assets/_Project/Prefabs/WorldProceduralProxy/PFB_family_kelp_abyssal__strap.prefab,Assets/_Project/Art/Materials/WorldProceduralProxy/MAT_family_kelp_abyssal.mat,STATIC_SOURCE,streaming_mips_disabled
Assets/_Project/Art/TEXTURES/WorldProceduralFlora/Imported/family.kelp.abyssal/detail___family.kelp.abyssal.png,76a51f37ae5f8774189a7dd5129739ca,PRIORITY_TARGET;REFERENCED_TEXTURE;PROXY_CONTAMINATION_TEXTURE,world_procedural_flora_imported_stack,CANDIDATE_BLOCKED_BY_MATERIAL_PROOF,bio_material_source,2048,2048,7.903,0,1,0,1,Assets/_Project/Art/Materials/WorldProceduralProxy/MAT_family_kelp_abyssal.mat[_DetailMap],16,Assets/_Project/Prefabs/Nature/Flora/Baked/family_kelp_abyssal/GEN_family_kelp_abyssal__braid.prefab;Assets/_Project/Prefabs/Nature/Flora/Baked/family_kelp_abyssal/GEN_family_kelp_abyssal__cathedral__s140-240.prefab;Assets/_Project/Prefabs/Nature/Flora/Baked/family_kelp_abyssal/GEN_family_kelp_abyssal__cowl__s110-180.prefab;Assets/_Project/Prefabs/Nature/Flora/Baked/family_kelp_abyssal/GEN_family_kelp_abyssal__lantern__s100-180.prefab;Assets/_Project/Prefabs/Nature/Flora/Baked/family_kelp_abyssal/GEN_family_kelp_abyssal__mantle.prefab;Assets/_Project/Prefabs/Nature/Flora/Baked/family_kelp_abyssal/GEN_family_kelp_abyssal__nodule.prefab;Assets/_Project/Prefabs/Nature/Flora/Baked/family_kelp_abyssal/GEN_family_kelp_abyssal__pennant.prefab;Assets/_Project/Prefabs/Nature/Flora/Baked/family_kelp_abyssal/GEN_family_kelp_abyssal__petal__s100-170.prefab;Assets/_Project/Prefabs/Nature/Flora/Baked/family_kelp_abyssal/GEN_family_kelp_abyssal__reed__s80-140.prefab;Assets/_Project/Prefabs/Nature/Flora/Baked/family_kelp_abyssal/GEN_family_kelp_abyssal__shroud.prefab;Assets/_Project/Prefabs/Nature/Flora/Baked/family_kelp_abyssal/GEN_family_kelp_abyssal__strap.prefab;Assets/_Project/Prefabs/Nature/Flora/Baked/family_kelp_abyssal/GEN_family_kelp_abyssal__tatterveil__s110-185.prefab;Assets/_Project/Prefabs/Nature/Flora/Baked/family_kelp_abyssal/GEN_family_kelp_abyssal__veilwall__s150-240.prefab;Assets/_Project/Prefabs/Nature/Flora/Baked/family_kelp_abyssal/GEN_family_kelp_abyssal__whip.prefab;Assets/_Project/Prefabs/WorldProceduralProxy/PFB_family_kelp_abyssal__shroud.prefab;Assets/_Project/Prefabs/WorldProceduralProxy/PFB_family_kelp_abyssal__strap.prefab,,,,Assets/_Project/Prefabs/Nature/Flora/Baked/family_kelp_abyssal/GEN_family_kelp_abyssal__braid.prefab;Assets/_Project/Prefabs/Nature/Flora/Baked/family_kelp_abyssal/GEN_family_kelp_abyssal__cathedral__s140-240.prefab;Assets/_Project/Prefabs/Nature/Flora/Baked/family_kelp_abyssal/GEN_family_kelp_abyssal__cowl__s110-180.prefab;Assets/_Project/Prefabs/Nature/Flora/Baked/family_kelp_abyssal/GEN_family_kelp_abyssal__lantern__s100-180.prefab;Assets/_Project/Prefabs/Nature/Flora/Baked/family_kelp_abyssal/GEN_family_kelp_abyssal__mantle.prefab;Assets/_Project/Prefabs/Nature/Flora/Baked/family_kelp_abyssal/GEN_family_kelp_abyssal__nodule.prefab;Assets/_Project/Prefabs/Nature/Flora/Baked/family_kelp_abyssal/GEN_family_kelp_abyssal__pennant.prefab;Assets/_Project/Prefabs/Nature/Flora/Baked/family_kelp_abyssal/GEN_family_kelp_abyssal__petal__s100-170.prefab;Assets/_Project/Prefabs/Nature/Flora/Baked/family_kelp_abyssal/GEN_family_kelp_abyssal__reed__s80-140.prefab;Assets/_Project/Prefabs/Nature/Flora/Baked/family_kelp_abyssal/GEN_family_kelp_abyssal__shroud.prefab;Assets/_Project/Prefabs/Nature/Flora/Baked/family_kelp_abyssal/GEN_family_kelp_abyssal__strap.prefab;Assets/_Project/Prefabs/Nature/Flora/Baked/family_kelp_abyssal/GEN_family_kelp_abyssal__tatterveil__s110-185.prefab;Assets/_Project/Prefabs/Nature/Flora/Baked/family_kelp_abyssal/GEN_family_kelp_abyssal__veilwall__s150-240.prefab;Assets/_Project/Prefabs/Nature/Flora/Baked/family_kelp_abyssal/GEN_family_kelp_abyssal__whip.prefab;Assets/_Project/Prefabs/WorldProceduralProxy/PFB_family_kelp_abyssal__shroud.prefab;Assets/_Project/Prefabs/WorldProceduralProxy/PFB_family_kelp_abyssal__strap.prefab,Assets/_Project/Art/Materials/WorldProceduralProxy/MAT_family_kelp_abyssal.mat,STATIC_SOURCE,streaming_mips_disabled
Assets/_Project/Art/TEXTURES/WorldProceduralFlora/Imported/family.kelp.abyssal/mask___family.kelp.abyssal.png,4b61a24bceecc3e4c908d55ff38c8d88,PRIORITY_TARGET;REFERENCED_TEXTURE;PROXY_CONTAMINATION_TEXTURE,world_procedural_flora_imported_stack,CANDIDATE_BLOCKED_BY_MATERIAL_PROOF,packed_mask_source,2048,2048,5.845,0,1,0,1,Assets/_Project/Art/Materials/WorldProceduralProxy/MAT_family_kelp_abyssal.mat[_MaskMap],16,Assets/_Project/Prefabs/Nature/Flora/Baked/family_kelp_abyssal/GEN_family_kelp_abyssal__braid.prefab;Assets/_Project/Prefabs/Nature/Flora/Baked/family_kelp_abyssal/GEN_family_kelp_abyssal__cathedral__s140-240.prefab;Assets/_Project/Prefabs/Nature/Flora/Baked/family_kelp_abyssal/GEN_family_kelp_abyssal__cowl__s110-180.prefab;Assets/_Project/Prefabs/Nature/Flora/Baked/family_kelp_abyssal/GEN_family_kelp_abyssal__lantern__s100-180.prefab;Assets/_Project/Prefabs/Nature/Flora/Baked/family_kelp_abyssal/GEN_family_kelp_abyssal__mantle.prefab;Assets/_Project/Prefabs/Nature/Flora/Baked/family_kelp_abyssal/GEN_family_kelp_abyssal__nodule.prefab;Assets/_Project/Prefabs/Nature/Flora/Baked/family_kelp_abyssal/GEN_family_kelp_abyssal__pennant.prefab;Assets/_Project/Prefabs/Nature/Flora/Baked/family_kelp_abyssal/GEN_family_kelp_abyssal__petal__s100-170.prefab;Assets/_Project/Prefabs/Nature/Flora/Baked/family_kelp_abyssal/GEN_family_kelp_abyssal__reed__s80-140.prefab;Assets/_Project/Prefabs/Nature/Flora/Baked/family_kelp_abyssal/GEN_family_kelp_abyssal__shroud.prefab;Assets/_Project/Prefabs/Nature/Flora/Baked/family_kelp_abyssal/GEN_family_kelp_abyssal__strap.prefab;Assets/_Project/Prefabs/Nature/Flora/Baked/family_kelp_abyssal/GEN_family_kelp_abyssal__tatterveil__s110-185.prefab;Assets/_Project/Prefabs/Nature/Flora/Baked/family_kelp_abyssal/GEN_family_kelp_abyssal__veilwall__s150-240.prefab;Assets/_Project/Prefabs/Nature/Flora/Baked/family_kelp_abyssal/GEN_family_kelp_abyssal__whip.prefab;Assets/_Project/Prefabs/WorldProceduralProxy/PFB_family_kelp_abyssal__shroud.prefab;Assets/_Project/Prefabs/WorldProceduralProxy/PFB_family_kelp_abyssal__strap.prefab,,,,Assets/_Project/Prefabs/Nature/Flora/Baked/family_kelp_abyssal/GEN_family_kelp_abyssal__braid.prefab;Assets/_Project/Prefabs/Nature/Flora/Baked/family_kelp_abyssal/GEN_family_kelp_abyssal__cathedral__s140-240.prefab;Assets/_Project/Prefabs/Nature/Flora/Baked/family_kelp_abyssal/GEN_family_kelp_abyssal__cowl__s110-180.prefab;Assets/_Project/Prefabs/Nature/Flora/Baked/family_kelp_abyssal/GEN_family_kelp_abyssal__lantern__s100-180.prefab;Assets/_Project/Prefabs/Nature/Flora/Baked/family_kelp_abyssal/GEN_family_kelp_abyssal__mantle.prefab;Assets/_Project/Prefabs/Nature/Flora/Baked/family_kelp_abyssal/GEN_family_kelp_abyssal__nodule.prefab;Assets/_Project/Prefabs/Nature/Flora/Baked/family_kelp_abyssal/GEN_family_kelp_abyssal__pennant.prefab;Assets/_Project/Prefabs/Nature/Flora/Baked/family_kelp_abyssal/GEN_family_kelp_abyssal__petal__s100-170.prefab;Assets/_Project/Prefabs/Nature/Flora/Baked/family_kelp_abyssal/GEN_family_kelp_abyssal__reed__s80-140.prefab;Assets/_Project/Prefabs/Nature/Flora/Baked/family_kelp_abyssal/GEN_family_kelp_abyssal__shroud.prefab;Assets/_Project/Prefabs/Nature/Flora/Baked/family_kelp_abyssal/GEN_family_kelp_abyssal__strap.prefab;Assets/_Project/Prefabs/Nature/Flora/Baked/family_kelp_abyssal/GEN_family_kelp_abyssal__tatterveil__s110-185.prefab;Assets/_Project/Prefabs/Nature/Flora/Baked/family_kelp_abyssal/GEN_family_kelp_abyssal__veilwall__s150-240.prefab;Assets/_Project/Prefabs/Nature/Flora/Baked/family_kelp_abyssal/GEN_family_kelp_abyssal__whip.prefab;Assets/_Project/Prefabs/WorldProceduralProxy/PFB_family_kelp_abyssal__shroud.prefab;Assets/_Project/Prefabs/WorldProceduralProxy/PFB_family_kelp_abyssal__strap.prefab,Assets/_Project/Art/Materials/WorldProceduralProxy/MAT_family_kelp_abyssal.mat,STATIC_SOURCE,streaming_mips_disabled
Assets/_Project/Art/TEXTURES/WorldProceduralFlora/Imported/family.kelp.abyssal/normal___family.kelp.abyssal.png,0116829a12ae50c46beaff300c9e3617,PRIORITY_TARGET;REFERENCED_TEXTURE;PROXY_CONTAMINATION_TEXTURE,world_procedural_flora_imported_stack,CANDIDATE_BLOCKED_BY_MATERIAL_PROOF,packed_mask_source,2048,2048,5.955,0,1,0,1,Assets/_Project/Art/Materials/WorldProceduralProxy/MAT_family_kelp_abyssal.mat[_NormalMap],16,Assets/_Project/Prefabs/Nature/Flora/Baked/family_kelp_abyssal/GEN_family_kelp_abyssal__braid.prefab;Assets/_Project/Prefabs/Nature/Flora/Baked/family_kelp_abyssal/GEN_family_kelp_abyssal__cathedral__s140-240.prefab;Assets/_Project/Prefabs/Nature/Flora/Baked/family_kelp_abyssal/GEN_family_kelp_abyssal__cowl__s110-180.prefab;Assets/_Project/Prefabs/Nature/Flora/Baked/family_kelp_abyssal/GEN_family_kelp_abyssal__lantern__s100-180.prefab;Assets/_Project/Prefabs/Nature/Flora/Baked/family_kelp_abyssal/GEN_family_kelp_abyssal__mantle.prefab;Assets/_Project/Prefabs/Nature/Flora/Baked/family_kelp_abyssal/GEN_family_kelp_abyssal__nodule.prefab;Assets/_Project/Prefabs/Nature/Flora/Baked/family_kelp_abyssal/GEN_family_kelp_abyssal__pennant.prefab;Assets/_Project/Prefabs/Nature/Flora/Baked/family_kelp_abyssal/GEN_family_kelp_abyssal__petal__s100-170.prefab;Assets/_Project/Prefabs/Nature/Flora/Baked/family_kelp_abyssal/GEN_family_kelp_abyssal__reed__s80-140.prefab;Assets/_Project/Prefabs/Nature/Flora/Baked/family_kelp_abyssal/GEN_family_kelp_abyssal__shroud.prefab;Assets/_Project/Prefabs/Nature/Flora/Baked/family_kelp_abyssal/GEN_family_kelp_abyssal__strap.prefab;Assets/_Project/Prefabs/Nature/Flora/Baked/family_kelp_abyssal/GEN_family_kelp_abyssal__tatterveil__s110-185.prefab;Assets/_Project/Prefabs/Nature/Flora/Baked/family_kelp_abyssal/GEN_family_kelp_abyssal__veilwall__s150-240.prefab;Assets/_Project/Prefabs/Nature/Flora/Baked/family_kelp_abyssal/GEN_family_kelp_abyssal__whip.prefab;Assets/_Project/Prefabs/WorldProceduralProxy/PFB_family_kelp_abyssal__shroud.prefab;Assets/_Project/Prefabs/WorldProceduralProxy/PFB_family_kelp_abyssal__strap.prefab,,,,Assets/_Project/Prefabs/Nature/Flora/Baked/family_kelp_abyssal/GEN_family_kelp_abyssal__braid.prefab;Assets/_Project/Prefabs/Nature/Flora/Baked/family_kelp_abyssal/GEN_family_kelp_abyssal__cathedral__s140-240.prefab;Assets/_Project/Prefabs/Nature/Flora/Baked/family_kelp_abyssal/GEN_family_kelp_abyssal__cowl__s110-180.prefab;Assets/_Project/Prefabs/Nature/Flora/Baked/family_kelp_abyssal/GEN_family_kelp_abyssal__lantern__s100-180.prefab;Assets/_Project/Prefabs/Nature/Flora/Baked/family_kelp_abyssal/GEN_family_kelp_abyssal__mantle.prefab;Assets/_Project/Prefabs/Nature/Flora/Baked/family_kelp_abyssal/GEN_family_kelp_abyssal__nodule.prefab;Assets/_Project/Prefabs/Nature/Flora/Baked/family_kelp_abyssal/GEN_family_kelp_abyssal__pennant.prefab;Assets/_Project/Prefabs/Nature/Flora/Baked/family_kelp_abyssal/GEN_family_kelp_abyssal__petal__s100-170.prefab;Assets/_Project/Prefabs/Nature/Flora/Baked/family_kelp_abyssal/GEN_family_kelp_abyssal__reed__s80-140.prefab;Assets/_Project/Prefabs/Nature/Flora/Baked/family_kelp_abyssal/GEN_family_kelp_abyssal__shroud.prefab;Assets/_Project/Prefabs/Nature/Flora/Baked/family_kelp_abyssal/GEN_family_kelp_abyssal__strap.prefab;Assets/_Project/Prefabs/Nature/Flora/Baked/family_kelp_abyssal/GEN_family_kelp_abyssal__tatterveil__s110-185.prefab;Assets/_Project/Prefabs/Nature/Flora/Baked/family_kelp_abyssal/GEN_family_kelp_abyssal__veilwall__s150-240.prefab;Assets/_Project/Prefabs/Nature/Flora/Baked/family_kelp_abyssal/GEN_family_kelp_abyssal__whip.prefab;Assets/_Project/Prefabs/WorldProceduralProxy/PFB_family_kelp_abyssal__shroud.prefab;Assets/_Project/Prefabs/WorldProceduralProxy/PFB_family_kelp_abyssal__strap.prefab,Assets/_Project/Art/Materials/WorldProceduralProxy/MAT_family_kelp_abyssal.mat,STATIC_SOURCE,streaming_mips_disabled
Assets/_Project/Art/TEXTURES/WorldProceduralFlora/Imported/family.kelp.canopy/albedo___family.kelp.canopy.png,7345bb44ff3acc5409b8ab1871eb5dba,PRIORITY_TARGET;REFERENCED_TEXTURE;PROXY_CONTAMINATION_TEXTURE,world_procedural_flora_imported_stack,CANDIDATE_BLOCKED_BY_MATERIAL_PROOF,bio_material_source,2048,2048,5.805,1,1,0,1,Assets/_Project/Art/Materials/WorldProceduralProxy/MAT_family_kelp_canopy.mat[_BaseMap],17,Assets/_Project/Prefabs/Nature/Flora/Baked/family_kelp_canopy/GEN_family_kelp_canopy__crown.prefab;Assets/_Project/Prefabs/Nature/Flora/Baked/family_kelp_canopy/GEN_family_kelp_canopy__fan.prefab;Assets/_Project/Prefabs/Nature/Flora/Baked/family_kelp_canopy/GEN_family_kelp_canopy__featherfan__s120-200.prefab;Assets/_Project/Prefabs/Nature/Flora/Baked/family_kelp_canopy/GEN_family_kelp_canopy__frond.prefab;Assets/_Project/Prefabs/Nature/Flora/Baked/family_kelp_canopy/GEN_family_kelp_canopy__laminaria__s105-165.prefab;Assets/_Project/Prefabs/Nature/Flora/Baked/family_kelp_canopy/GEN_family_kelp_canopy__mantle.prefab;Assets/_Project/Prefabs/Nature/Flora/Baked/family_kelp_canopy/GEN_family_kelp_canopy__oar__s110-180.prefab;Assets/_Project/Prefabs/Nature/Flora/Baked/family_kelp_canopy/GEN_family_kelp_canopy__paddlefan__s120-190.prefab;Assets/_Project/Prefabs/Nature/Flora/Baked/family_kelp_canopy/GEN_family_kelp_canopy__rosette.prefab;Assets/_Project/Prefabs/Nature/Flora/Baked/family_kelp_canopy/GEN_family_kelp_canopy__sheetwall__s150-230.prefab;Assets/_Project/Prefabs/Nature/Flora/Baked/family_kelp_canopy/GEN_family_kelp_canopy__splay.prefab;Assets/_Project/Prefabs/Nature/Flora/Baked/family_kelp_canopy/GEN_family_kelp_canopy__tanglemat__s130-205.prefab;Assets/_Project/Prefabs/Nature/Flora/Baked/family_kelp_canopy/GEN_family_kelp_canopy__tapestry__s160-240.prefab;Assets/_Project/Prefabs/Nature/Flora/Baked/family_kelp_canopy/GEN_family_kelp_canopy__veil.prefab;Assets/_Project/Prefabs/Nature/Flora/Baked/family_kelp_canopy/GEN_family_kelp_canopy__windrow__s145-230.prefab;Assets/_Project/Prefabs/WorldProceduralProxy/PFB_family_kelp_canopy__crown.prefab;Assets/_Project/Prefabs/WorldProceduralProxy/PFB_family_kelp_canopy__frond.prefab,,,,Assets/_Project/Prefabs/Nature/Flora/Baked/family_kelp_canopy/GEN_family_kelp_canopy__crown.prefab;Assets/_Project/Prefabs/Nature/Flora/Baked/family_kelp_canopy/GEN_family_kelp_canopy__fan.prefab;Assets/_Project/Prefabs/Nature/Flora/Baked/family_kelp_canopy/GEN_family_kelp_canopy__featherfan__s120-200.prefab;Assets/_Project/Prefabs/Nature/Flora/Baked/family_kelp_canopy/GEN_family_kelp_canopy__frond.prefab;Assets/_Project/Prefabs/Nature/Flora/Baked/family_kelp_canopy/GEN_family_kelp_canopy__laminaria__s105-165.prefab;Assets/_Project/Prefabs/Nature/Flora/Baked/family_kelp_canopy/GEN_family_kelp_canopy__mantle.prefab;Assets/_Project/Prefabs/Nature/Flora/Baked/family_kelp_canopy/GEN_family_kelp_canopy__oar__s110-180.prefab;Assets/_Project/Prefabs/Nature/Flora/Baked/family_kelp_canopy/GEN_family_kelp_canopy__paddlefan__s120-190.prefab;Assets/_Project/Prefabs/Nature/Flora/Baked/family_kelp_canopy/GEN_family_kelp_canopy__rosette.prefab;Assets/_Project/Prefabs/Nature/Flora/Baked/family_kelp_canopy/GEN_family_kelp_canopy__sheetwall__s150-230.prefab;Assets/_Project/Prefabs/Nature/Flora/Baked/family_kelp_canopy/GEN_family_kelp_canopy__splay.prefab;Assets/_Project/Prefabs/Nature/Flora/Baked/family_kelp_canopy/GEN_family_kelp_canopy__tanglemat__s130-205.prefab;Assets/_Project/Prefabs/Nature/Flora/Baked/family_kelp_canopy/GEN_family_kelp_canopy__tapestry__s160-240.prefab;Assets/_Project/Prefabs/Nature/Flora/Baked/family_kelp_canopy/GEN_family_kelp_canopy__veil.prefab;Assets/_Project/Prefabs/Nature/Flora/Baked/family_kelp_canopy/GEN_family_kelp_canopy__windrow__s145-230.prefab;Assets/_Project/Prefabs/WorldProceduralProxy/PFB_family_kelp_canopy__crown.prefab;Assets/_Project/Prefabs/WorldProceduralProxy/PFB_family_kelp_canopy__frond.prefab,Assets/_Project/Art/Materials/WorldProceduralProxy/MAT_family_kelp_canopy.mat,STATIC_SOURCE,streaming_mips_disabled
Assets/_Project/Art/TEXTURES/WorldProceduralFlora/Imported/family.kelp.canopy/detail___family.kelp.canopy.png,d25d90ca35237ef498052fcf7e1e95e2,PRIORITY_TARGET;REFERENCED_TEXTURE;PROXY_CONTAMINATION_TEXTURE,world_procedural_flora_imported_stack,CANDIDATE_BLOCKED_BY_MATERIAL_PROOF,bio_material_source,2048,2048,9.22,0,1,0,1,Assets/_Project/Art/Materials/WorldProceduralProxy/MAT_family_kelp_canopy.mat[_DetailMap],17,Assets/_Project/Prefabs/Nature/Flora/Baked/family_kelp_canopy/GEN_family_kelp_canopy__crown.prefab;Assets/_Project/Prefabs/Nature/Flora/Baked/family_kelp_canopy/GEN_family_kelp_canopy__fan.prefab;Assets/_Project/Prefabs/Nature/Flora/Baked/family_kelp_canopy/GEN_family_kelp_canopy__featherfan__s120-200.prefab;Assets/_Project/Prefabs/Nature/Flora/Baked/family_kelp_canopy/GEN_family_kelp_canopy__frond.prefab;Assets/_Project/Prefabs/Nature/Flora/Baked/family_kelp_canopy/GEN_family_kelp_canopy__laminaria__s105-165.prefab;Assets/_Project/Prefabs/Nature/Flora/Baked/family_kelp_canopy/GEN_family_kelp_canopy__mantle.prefab;Assets/_Project/Prefabs/Nature/Flora/Baked/family_kelp_canopy/GEN_family_kelp_canopy__oar__s110-180.prefab;Assets/_Project/Prefabs/Nature/Flora/Baked/family_kelp_canopy/GEN_family_kelp_canopy__paddlefan__s120-190.prefab;Assets/_Project/Prefabs/Nature/Flora/Baked/family_kelp_canopy/GEN_family_kelp_canopy__rosette.prefab;Assets/_Project/Prefabs/Nature/Flora/Baked/family_kelp_canopy/GEN_family_kelp_canopy__sheetwall__s150-230.prefab;Assets/_Project/Prefabs/Nature/Flora/Baked/family_kelp_canopy/GEN_family_kelp_canopy__splay.prefab;Assets/_Project/Prefabs/Nature/Flora/Baked/family_kelp_canopy/GEN_family_kelp_canopy__tanglemat__s130-205.prefab;Assets/_Project/Prefabs/Nature/Flora/Baked/family_kelp_canopy/GEN_family_kelp_canopy__tapestry__s160-240.prefab;Assets/_Project/Prefabs/Nature/Flora/Baked/family_kelp_canopy/GEN_family_kelp_canopy__veil.prefab;Assets/_Project/Prefabs/Nature/Flora/Baked/family_kelp_canopy/GEN_family_kelp_canopy__windrow__s145-230.prefab;Assets/_Project/Prefabs/WorldProceduralProxy/PFB_family_kelp_canopy__crown.prefab;Assets/_Project/Prefabs/WorldProceduralProxy/PFB_family_kelp_canopy__frond.prefab,,,,Assets/_Project/Prefabs/Nature/Flora/Baked/family_kelp_canopy/GEN_family_kelp_canopy__crown.prefab;Assets/_Project/Prefabs/Nature/Flora/Baked/family_kelp_canopy/GEN_family_kelp_canopy__fan.prefab;Assets/_Project/Prefabs/Nature/Flora/Baked/family_kelp_canopy/GEN_family_kelp_canopy__featherfan__s120-200.prefab;Assets/_Project/Prefabs/Nature/Flora/Baked/family_kelp_canopy/GEN_family_kelp_canopy__frond.prefab;Assets/_Project/Prefabs/Nature/Flora/Baked/family_kelp_canopy/GEN_family_kelp_canopy__laminaria__s105-165.prefab;Assets/_Project/Prefabs/Nature/Flora/Baked/family_kelp_canopy/GEN_family_kelp_canopy__mantle.prefab;Assets/_Project/Prefabs/Nature/Flora/Baked/family_kelp_canopy/GEN_family_kelp_canopy__oar__s110-180.prefab;Assets/_Project/Prefabs/Nature/Flora/Baked/family_kelp_canopy/GEN_family_kelp_canopy__paddlefan__s120-190.prefab;Assets/_Project/Prefabs/Nature/Flora/Baked/family_kelp_canopy/GEN_family_kelp_canopy__rosette.prefab;Assets/_Project/Prefabs/Nature/Flora/Baked/family_kelp_canopy/GEN_family_kelp_canopy__sheetwall__s150-230.prefab;Assets/_Project/Prefabs/Nature/Flora/Baked/family_kelp_canopy/GEN_family_kelp_canopy__splay.prefab;Assets/_Project/Prefabs/Nature/Flora/Baked/family_kelp_canopy/GEN_family_kelp_canopy__tanglemat__s130-205.prefab;Assets/_Project/Prefabs/Nature/Flora/Baked/family_kelp_canopy/GEN_family_kelp_canopy__tapestry__s160-240.prefab;Assets/_Project/Prefabs/Nature/Flora/Baked/family_kelp_canopy/GEN_family_kelp_canopy__veil.prefab;Assets/_Project/Prefabs/Nature/Flora/Baked/family_kelp_canopy/GEN_family_kelp_canopy__windrow__s145-230.prefab;Assets/_Project/Prefabs/WorldProceduralProxy/PFB_family_kelp_canopy__crown.prefab;Assets/_Project/Prefabs/WorldProceduralProxy/PFB_family_kelp_canopy__frond.prefab,Assets/_Project/Art/Materials/WorldProceduralProxy/MAT_family_kelp_canopy.mat,STATIC_SOURCE,streaming_mips_disabled
Assets/_Project/Art/TEXTURES/WorldProceduralFlora/Imported/family.kelp.canopy/mask___family.kelp.canopy.png,a6dee713ec0b4e143b092aae827ec297,PRIORITY_TARGET;REFERENCED_TEXTURE;PROXY_CONTAMINATION_TEXTURE,world_procedural_flora_imported_stack,CANDIDATE_BLOCKED_BY_MATERIAL_PROOF,packed_mask_source,2048,2048,4.32,0,1,0,1,Assets/_Project/Art/Materials/WorldProceduralProxy/MAT_family_kelp_canopy.mat[_MaskMap],17,Assets/_Project/Prefabs/Nature/Flora/Baked/family_kelp_canopy/GEN_family_kelp_canopy__crown.prefab;Assets/_Project/Prefabs/Nature/Flora/Baked/family_kelp_canopy/GEN_family_kelp_canopy__fan.prefab;Assets/_Project/Prefabs/Nature/Flora/Baked/family_kelp_canopy/GEN_family_kelp_canopy__featherfan__s120-200.prefab;Assets/_Project/Prefabs/Nature/Flora/Baked/family_kelp_canopy/GEN_family_kelp_canopy__frond.prefab;Assets/_Project/Prefabs/Nature/Flora/Baked/family_kelp_canopy/GEN_family_kelp_canopy__laminaria__s105-165.prefab;Assets/_Project/Prefabs/Nature/Flora/Baked/family_kelp_canopy/GEN_family_kelp_canopy__mantle.prefab;Assets/_Project/Prefabs/Nature/Flora/Baked/family_kelp_canopy/GEN_family_kelp_canopy__oar__s110-180.prefab;Assets/_Project/Prefabs/Nature/Flora/Baked/family_kelp_canopy/GEN_family_kelp_canopy__paddlefan__s120-190.prefab;Assets/_Project/Prefabs/Nature/Flora/Baked/family_kelp_canopy/GEN_family_kelp_canopy__rosette.prefab;Assets/_Project/Prefabs/Nature/Flora/Baked/family_kelp_canopy/GEN_family_kelp_canopy__sheetwall__s150-230.prefab;Assets/_Project/Prefabs/Nature/Flora/Baked/family_kelp_canopy/GEN_family_kelp_canopy__splay.prefab;Assets/_Project/Prefabs/Nature/Flora/Baked/family_kelp_canopy/GEN_family_kelp_canopy__tanglemat__s130-205.prefab;Assets/_Project/Prefabs/Nature/Flora/Baked/family_kelp_canopy/GEN_family_kelp_canopy__tapestry__s160-240.prefab;Assets/_Project/Prefabs/Nature/Flora/Baked/family_kelp_canopy/GEN_family_kelp_canopy__veil.prefab;Assets/_Project/Prefabs/Nature/Flora/Baked/family_kelp_canopy/GEN_family_kelp_canopy__windrow__s145-230.prefab;Assets/_Project/Prefabs/WorldProceduralProxy/PFB_family_kelp_canopy__crown.prefab;Assets/_Project/Prefabs/WorldProceduralProxy/PFB_family_kelp_canopy__frond.prefab,,,,Assets/_Project/Prefabs/Nature/Flora/Baked/family_kelp_canopy/GEN_family_kelp_canopy__crown.prefab;Assets/_Project/Prefabs/Nature/Flora/Baked/family_kelp_canopy/GEN_family_kelp_canopy__fan.prefab;Assets/_Project/Prefabs/Nature/Flora/Baked/family_kelp_canopy/GEN_family_kelp_canopy__featherfan__s120-200.prefab;Assets/_Project/Prefabs/Nature/Flora/Baked/family_kelp_canopy/GEN_family_kelp_canopy__frond.prefab;Assets/_Project/Prefabs/Nature/Flora/Baked/family_kelp_canopy/GEN_family_kelp_canopy__laminaria__s105-165.prefab;Assets/_Project/Prefabs/Nature/Flora/Baked/family_kelp_canopy/GEN_family_kelp_canopy__mantle.prefab;Assets/_Project/Prefabs/Nature/Flora/Baked/family_kelp_canopy/GEN_family_kelp_canopy__oar__s110-180.prefab;Assets/_Project/Prefabs/Nature/Flora/Baked/family_kelp_canopy/GEN_family_kelp_canopy__paddlefan__s120-190.prefab;Assets/_Project/Prefabs/Nature/Flora/Baked/family_kelp_canopy/GEN_family_kelp_canopy__rosette.prefab;Assets/_Project/Prefabs/Nature/Flora/Baked/family_kelp_canopy/GEN_family_kelp_canopy__sheetwall__s150-230.prefab;Assets/_Project/Prefabs/Nature/Flora/Baked/family_kelp_canopy/GEN_family_kelp_canopy__splay.prefab;Assets/_Project/Prefabs/Nature/Flora/Baked/family_kelp_canopy/GEN_family_kelp_canopy__tanglemat__s130-205.prefab;Assets/_Project/Prefabs/Nature/Flora/Baked/family_kelp_canopy/GEN_family_kelp_canopy__tapestry__s160-240.prefab;Assets/_Project/Prefabs/Nature/Flora/Baked/family_kelp_canopy/GEN_family_kelp_canopy__veil.prefab;Assets/_Project/Prefabs/Nature/Flora/Baked/family_kelp_canopy/GEN_family_kelp_canopy__windrow__s145-230.prefab;Assets/_Project/Prefabs/WorldProceduralProxy/PFB_family_kelp_canopy__crown.prefab;Assets/_Project/Prefabs/WorldProceduralProxy/PFB_family_kelp_canopy__frond.prefab,Assets/_Project/Art/Materials/WorldProceduralProxy/MAT_family_kelp_canopy.mat,STATIC_SOURCE,streaming_mips_disabled
Assets/_Project/Art/TEXTURES/WorldProceduralFlora/Imported/family.kelp.canopy/normal___family.kelp.canopy.png,67d583e8006ef344abf898238cb2b9dc,PRIORITY_TARGET;REFERENCED_TEXTURE;PROXY_CONTAMINATION_TEXTURE,world_procedural_flora_imported_stack,CANDIDATE_BLOCKED_BY_MATERIAL_PROOF,packed_mask_source,2048,2048,5.271,0,1,0,1,Assets/_Project/Art/Materials/WorldProceduralProxy/MAT_family_kelp_canopy.mat[_NormalMap],17,Assets/_Project/Prefabs/Nature/Flora/Baked/family_kelp_canopy/GEN_family_kelp_canopy__crown.prefab;Assets/_Project/Prefabs/Nature/Flora/Baked/family_kelp_canopy/GEN_family_kelp_canopy__fan.prefab;Assets/_Project/Prefabs/Nature/Flora/Baked/family_kelp_canopy/GEN_family_kelp_canopy__featherfan__s120-200.prefab;Assets/_Project/Prefabs/Nature/Flora/Baked/family_kelp_canopy/GEN_family_kelp_canopy__frond.prefab;Assets/_Project/Prefabs/Nature/Flora/Baked/family_kelp_canopy/GEN_family_kelp_canopy__laminaria__s105-165.prefab;Assets/_Project/Prefabs/Nature/Flora/Baked/family_kelp_canopy/GEN_family_kelp_canopy__mantle.prefab;Assets/_Project/Prefabs/Nature/Flora/Baked/family_kelp_canopy/GEN_family_kelp_canopy__oar__s110-180.prefab;Assets/_Project/Prefabs/Nature/Flora/Baked/family_kelp_canopy/GEN_family_kelp_canopy__paddlefan__s120-190.prefab;Assets/_Project/Prefabs/Nature/Flora/Baked/family_kelp_canopy/GEN_family_kelp_canopy__rosette.prefab;Assets/_Project/Prefabs/Nature/Flora/Baked/family_kelp_canopy/GEN_family_kelp_canopy__sheetwall__s150-230.prefab;Assets/_Project/Prefabs/Nature/Flora/Baked/family_kelp_canopy/GEN_family_kelp_canopy__splay.prefab;Assets/_Project/Prefabs/Nature/Flora/Baked/family_kelp_canopy/GEN_family_kelp_canopy__tanglemat__s130-205.prefab;Assets/_Project/Prefabs/Nature/Flora/Baked/family_kelp_canopy/GEN_family_kelp_canopy__tapestry__s160-240.prefab;Assets/_Project/Prefabs/Nature/Flora/Baked/family_kelp_canopy/GEN_family_kelp_canopy__veil.prefab;Assets/_Project/Prefabs/Nature/Flora/Baked/family_kelp_canopy/GEN_family_kelp_canopy__windrow__s145-230.prefab;Assets/_Project/Prefabs/WorldProceduralProxy/PFB_family_kelp_canopy__crown.prefab;Assets/_Project/Prefabs/WorldProceduralProxy/PFB_family_kelp_canopy__frond.prefab,,,,Assets/_Project/Prefabs/Nature/Flora/Baked/family_kelp_canopy/GEN_family_kelp_canopy__crown.prefab;Assets/_Project/Prefabs/Nature/Flora/Baked/family_kelp_canopy/GEN_family_kelp_canopy__fan.prefab;Assets/_Project/Prefabs/Nature/Flora/Baked/family_kelp_canopy/GEN_family_kelp_canopy__featherfan__s120-200.prefab;Assets/_Project/Prefabs/Nature/Flora/Baked/family_kelp_canopy/GEN_family_kelp_canopy__frond.prefab;Assets/_Project/Prefabs/Nature/Flora/Baked/family_kelp_canopy/GEN_family_kelp_canopy__laminaria__s105-165.prefab;Assets/_Project/Prefabs/Nature/Flora/Baked/family_kelp_canopy/GEN_family_kelp_canopy__mantle.prefab;Assets/_Project/Prefabs/Nature/Flora/Baked/family_kelp_canopy/GEN_family_kelp_canopy__oar__s110-180.prefab;Assets/_Project/Prefabs/Nature/Flora/Baked/family_kelp_canopy/GEN_family_kelp_canopy__paddlefan__s120-190.prefab;Assets/_Project/Prefabs/Nature/Flora/Baked/family_kelp_canopy/GEN_family_kelp_canopy__rosette.prefab;Assets/_Project/Prefabs/Nature/Flora/Baked/family_kelp_canopy/GEN_family_kelp_canopy__sheetwall__s150-230.prefab;Assets/_Project/Prefabs/Nature/Flora/Baked/family_kelp_canopy/GEN_family_kelp_canopy__splay.prefab;Assets/_Project/Prefabs/Nature/Flora/Baked/family_kelp_canopy/GEN_family_kelp_canopy__tanglemat__s130-205.prefab;Assets/_Project/Prefabs/Nature/Flora/Baked/family_kelp_canopy/GEN_family_kelp_canopy__tapestry__s160-240.prefab;Assets/_Project/Prefabs/Nature/Flora/Baked/family_kelp_canopy/GEN_family_kelp_canopy__veil.prefab;Assets/_Project/Prefabs/Nature/Flora/Baked/family_kelp_canopy/GEN_family_kelp_canopy__windrow__s145-230.prefab;Assets/_Project/Prefabs/WorldProceduralProxy/PFB_family_kelp_canopy__crown.prefab;Assets/_Project/Prefabs/WorldProceduralProxy/PFB_family_kelp_canopy__frond.prefab,Assets/_Project/Art/Materials/WorldProceduralProxy/MAT_family_kelp_canopy.mat,STATIC_SOURCE,streaming_mips_disabled
Assets/_Project/Art/TEXTURES/WorldProceduralFlora/Imported/family.kelp.patch.dense/albedo___family.kelp.patch.dense.png,4ecb97c57e7835b4b97f8c500a306824,PRIORITY_TARGET;REFERENCED_TEXTURE;PROXY_CONTAMINATION_TEXTURE,world_procedural_flora_imported_stack,CANDIDATE_BLOCKED_BY_MATERIAL_PROOF,bio_material_source,2048,2048,6.349,1,1,0,2,Assets/_Project/Art/Materials/World/Photic1457/MAT_H8_PhoticKelpPatch_1457.mat[_BaseMap];Assets/_Project/Art/Materials/WorldProceduralProxy/MAT_family_kelp_patch_dense.mat[_BaseMap],16,Assets/_Project/Prefabs/Nature/Flora/Baked/family_kelp_patch_dense/GEN_family_kelp_patch_dense__bladder__s80-135.prefab;Assets/_Project/Prefabs/Nature/Flora/Baked/family_kelp_patch_dense/GEN_family_kelp_patch_dense__brush.prefab;Assets/_Project/Prefabs/Nature/Flora/Baked/family_kelp_patch_dense/GEN_family_kelp_patch_dense__drape.prefab;Assets/_Project/Prefabs/Nature/Flora/Baked/family_kelp_patch_dense/GEN_family_kelp_patch_dense__frilltuft__s75-125.prefab;Assets/_Project/Prefabs/Nature/Flora/Baked/family_kelp_patch_dense/GEN_family_kelp_patch_dense__nest__s65-105.prefab;Assets/_Project/Prefabs/Nature/Flora/Baked/family_kelp_patch_dense/GEN_family_kelp_patch_dense__paddlespray__s70-120.prefab;Assets/_Project/Prefabs/Nature/Flora/Baked/family_kelp_patch_dense/GEN_family_kelp_patch_dense__patch.prefab;Assets/_Project/Prefabs/Nature/Flora/Baked/family_kelp_patch_dense/GEN_family_kelp_patch_dense__patch_tall.prefab;Assets/_Project/Prefabs/Nature/Flora/Baked/family_kelp_patch_dense/GEN_family_kelp_patch_dense__ring.prefab;Assets/_Project/Prefabs/Nature/Flora/Baked/family_kelp_patch_dense/GEN_family_kelp_patch_dense__sheet.prefab;Assets/_Project/Prefabs/Nature/Flora/Baked/family_kelp_patch_dense/GEN_family_kelp_patch_dense__sheetwall__s120-185.prefab;Assets/_Project/Prefabs/Nature/Flora/Baked/family_kelp_patch_dense/GEN_family_kelp_patch_dense__tuft.prefab;Assets/_Project/Prefabs/WorldProceduralProxy/PFB_family_kelp_patch_dense.prefab;Assets/_Project/Prefabs/WorldProceduralProxy/PFB_family_kelp_patch_dense__grove.prefab;Assets/_Project/Prefabs/WorldProceduralProxy/PFB_family_kelp_patch_dense__patch.prefab;Assets/_Project/Scenes/02_HECTON_WORLD.unity,,Assets/_Project/Scenes/02_HECTON_WORLD.unity,Assets/_Project/Scenes/02_HECTON_WORLD.unity,Assets/_Project/Prefabs/Nature/Flora/Baked/family_kelp_patch_dense/GEN_family_kelp_patch_dense__bladder__s80-135.prefab;Assets/_Project/Prefabs/Nature/Flora/Baked/family_kelp_patch_dense/GEN_family_kelp_patch_dense__brush.prefab;Assets/_Project/Prefabs/Nature/Flora/Baked/family_kelp_patch_dense/GEN_family_kelp_patch_dense__drape.prefab;Assets/_Project/Prefabs/Nature/Flora/Baked/family_kelp_patch_dense/GEN_family_kelp_patch_dense__frilltuft__s75-125.prefab;Assets/_Project/Prefabs/Nature/Flora/Baked/family_kelp_patch_dense/GEN_family_kelp_patch_dense__nest__s65-105.prefab;Assets/_Project/Prefabs/Nature/Flora/Baked/family_kelp_patch_dense/GEN_family_kelp_patch_dense__paddlespray__s70-120.prefab;Assets/_Project/Prefabs/Nature/Flora/Baked/family_kelp_patch_dense/GEN_family_kelp_patch_dense__patch.prefab;Assets/_Project/Prefabs/Nature/Flora/Baked/family_kelp_patch_dense/GEN_family_kelp_patch_dense__patch_tall.prefab;Assets/_Project/Prefabs/Nature/Flora/Baked/family_kelp_patch_dense/GEN_family_kelp_patch_dense__ring.prefab;Assets/_Project/Prefabs/Nature/Flora/Baked/family_kelp_patch_dense/GEN_family_kelp_patch_dense__sheet.prefab;Assets/_Project/Prefabs/Nature/Flora/Baked/family_kelp_patch_dense/GEN_family_kelp_patch_dense__sheetwall__s120-185.prefab;Assets/_Project/Prefabs/Nature/Flora/Baked/family_kelp_patch_dense/GEN_family_kelp_patch_dense__tuft.prefab;Assets/_Project/Prefabs/WorldProceduralProxy/PFB_family_kelp_patch_dense.prefab;Assets/_Project/Prefabs/WorldProceduralProxy/PFB_family_kelp_patch_dense__grove.prefab;Assets/_Project/Prefabs/WorldProceduralProxy/PFB_family_kelp_patch_dense__patch.prefab;Assets/_Project/Scenes/02_HECTON_WORLD.unity,Assets/_Project/Art/Materials/WorldProceduralProxy/MAT_family_kelp_patch_dense.mat,STATIC_SOURCE,streaming_mips_disabled
Assets/_Project/Art/TEXTURES/WorldProceduralFlora/Imported/family.kelp.patch.dense/detail___family.kelp.patch.dense.png,41788cbf989b5694f8ab9ac72715a2d1,PRIORITY_TARGET;REFERENCED_TEXTURE;PROXY_CONTAMINATION_TEXTURE,world_procedural_flora_imported_stack,CANDIDATE_BLOCKED_BY_MATERIAL_PROOF,bio_material_source,2048,2048,7.43,0,1,0,2,Assets/_Project/Art/Materials/World/Photic1457/MAT_H8_PhoticKelpPatch_1457.mat[_DetailMap];Assets/_Project/Art/Materials/WorldProceduralProxy/MAT_family_kelp_patch_dense.mat[_DetailMap],16,Assets/_Project/Prefabs/Nature/Flora/Baked/family_kelp_patch_dense/GEN_family_kelp_patch_dense__bladder__s80-135.prefab;Assets/_Project/Prefabs/Nature/Flora/Baked/family_kelp_patch_dense/GEN_family_kelp_patch_dense__brush.prefab;Assets/_Project/Prefabs/Nature/Flora/Baked/family_kelp_patch_dense/GEN_family_kelp_patch_dense__drape.prefab;Assets/_Project/Prefabs/Nature/Flora/Baked/family_kelp_patch_dense/GEN_family_kelp_patch_dense__frilltuft__s75-125.prefab;Assets/_Project/Prefabs/Nature/Flora/Baked/family_kelp_patch_dense/GEN_family_kelp_patch_dense__nest__s65-105.prefab;Assets/_Project/Prefabs/Nature/Flora/Baked/family_kelp_patch_dense/GEN_family_kelp_patch_dense__paddlespray__s70-120.prefab;Assets/_Project/Prefabs/Nature/Flora/Baked/family_kelp_patch_dense/GEN_family_kelp_patch_dense__patch.prefab;Assets/_Project/Prefabs/Nature/Flora/Baked/family_kelp_patch_dense/GEN_family_kelp_patch_dense__patch_tall.prefab;Assets/_Project/Prefabs/Nature/Flora/Baked/family_kelp_patch_dense/GEN_family_kelp_patch_dense__ring.prefab;Assets/_Project/Prefabs/Nature/Flora/Baked/family_kelp_patch_dense/GEN_family_kelp_patch_dense__sheet.prefab;Assets/_Project/Prefabs/Nature/Flora/Baked/family_kelp_patch_dense/GEN_family_kelp_patch_dense__sheetwall__s120-185.prefab;Assets/_Project/Prefabs/Nature/Flora/Baked/family_kelp_patch_dense/GEN_family_kelp_patch_dense__tuft.prefab;Assets/_Project/Prefabs/WorldProceduralProxy/PFB_family_kelp_patch_dense.prefab;Assets/_Project/Prefabs/WorldProceduralProxy/PFB_family_kelp_patch_dense__grove.prefab;Assets/_Project/Prefabs/WorldProceduralProxy/PFB_family_kelp_patch_dense__patch.prefab;Assets/_Project/Scenes/02_HECTON_WORLD.unity,,Assets/_Project/Scenes/02_HECTON_WORLD.unity,Assets/_Project/Scenes/02_HECTON_WORLD.unity,Assets/_Project/Prefabs/Nature/Flora/Baked/family_kelp_patch_dense/GEN_family_kelp_patch_dense__bladder__s80-135.prefab;Assets/_Project/Prefabs/Nature/Flora/Baked/family_kelp_patch_dense/GEN_family_kelp_patch_dense__brush.prefab;Assets/_Project/Prefabs/Nature/Flora/Baked/family_kelp_patch_dense/GEN_family_kelp_patch_dense__drape.prefab;Assets/_Project/Prefabs/Nature/Flora/Baked/family_kelp_patch_dense/GEN_family_kelp_patch_dense__frilltuft__s75-125.prefab;Assets/_Project/Prefabs/Nature/Flora/Baked/family_kelp_patch_dense/GEN_family_kelp_patch_dense__nest__s65-105.prefab;Assets/_Project/Prefabs/Nature/Flora/Baked/family_kelp_patch_dense/GEN_family_kelp_patch_dense__paddlespray__s70-120.prefab;Assets/_Project/Prefabs/Nature/Flora/Baked/family_kelp_patch_dense/GEN_family_kelp_patch_dense__patch.prefab;Assets/_Project/Prefabs/Nature/Flora/Baked/family_kelp_patch_dense/GEN_family_kelp_patch_dense__patch_tall.prefab;Assets/_Project/Prefabs/Nature/Flora/Baked/family_kelp_patch_dense/GEN_family_kelp_patch_dense__ring.prefab;Assets/_Project/Prefabs/Nature/Flora/Baked/family_kelp_patch_dense/GEN_family_kelp_patch_dense__sheet.prefab;Assets/_Project/Prefabs/Nature/Flora/Baked/family_kelp_patch_dense/GEN_family_kelp_patch_dense__sheetwall__s120-185.prefab;Assets/_Project/Prefabs/Nature/Flora/Baked/family_kelp_patch_dense/GEN_family_kelp_patch_dense__tuft.prefab;Assets/_Project/Prefabs/WorldProceduralProxy/PFB_family_kelp_patch_dense.prefab;Assets/_Project/Prefabs/WorldProceduralProxy/PFB_family_kelp_patch_dense__grove.prefab;Assets/_Project/Prefabs/WorldProceduralProxy/PFB_family_kelp_patch_dense__patch.prefab;Assets/_Project/Scenes/02_HECTON_WORLD.unity,Assets/_Project/Art/Materials/WorldProceduralProxy/MAT_family_kelp_patch_dense.mat,STATIC_SOURCE,streaming_mips_disabled
Assets/_Project/Art/TEXTURES/WorldProceduralFlora/Imported/family.kelp.patch.dense/mask___family.kelp.patch.dense.png,4aa7904c3a229864baea59317d836be6,PRIORITY_TARGET;REFERENCED_TEXTURE;PROXY_CONTAMINATION_TEXTURE,world_procedural_flora_imported_stack,CANDIDATE_BLOCKED_BY_MATERIAL_PROOF,packed_mask_source,2048,2048,6.022,0,1,0,2,Assets/_Project/Art/Materials/World/Photic1457/MAT_H8_PhoticKelpPatch_1457.mat[_MaskMap];Assets/_Project/Art/Materials/WorldProceduralProxy/MAT_family_kelp_patch_dense.mat[_MaskMap],16,Assets/_Project/Prefabs/Nature/Flora/Baked/family_kelp_patch_dense/GEN_family_kelp_patch_dense__bladder__s80-135.prefab;Assets/_Project/Prefabs/Nature/Flora/Baked/family_kelp_patch_dense/GEN_family_kelp_patch_dense__brush.prefab;Assets/_Project/Prefabs/Nature/Flora/Baked/family_kelp_patch_dense/GEN_family_kelp_patch_dense__drape.prefab;Assets/_Project/Prefabs/Nature/Flora/Baked/family_kelp_patch_dense/GEN_family_kelp_patch_dense__frilltuft__s75-125.prefab;Assets/_Project/Prefabs/Nature/Flora/Baked/family_kelp_patch_dense/GEN_family_kelp_patch_dense__nest__s65-105.prefab;Assets/_Project/Prefabs/Nature/Flora/Baked/family_kelp_patch_dense/GEN_family_kelp_patch_dense__paddlespray__s70-120.prefab;Assets/_Project/Prefabs/Nature/Flora/Baked/family_kelp_patch_dense/GEN_family_kelp_patch_dense__patch.prefab;Assets/_Project/Prefabs/Nature/Flora/Baked/family_kelp_patch_dense/GEN_family_kelp_patch_dense__patch_tall.prefab;Assets/_Project/Prefabs/Nature/Flora/Baked/family_kelp_patch_dense/GEN_family_kelp_patch_dense__ring.prefab;Assets/_Project/Prefabs/Nature/Flora/Baked/family_kelp_patch_dense/GEN_family_kelp_patch_dense__sheet.prefab;Assets/_Project/Prefabs/Nature/Flora/Baked/family_kelp_patch_dense/GEN_family_kelp_patch_dense__sheetwall__s120-185.prefab;Assets/_Project/Prefabs/Nature/Flora/Baked/family_kelp_patch_dense/GEN_family_kelp_patch_dense__tuft.prefab;Assets/_Project/Prefabs/WorldProceduralProxy/PFB_family_kelp_patch_dense.prefab;Assets/_Project/Prefabs/WorldProceduralProxy/PFB_family_kelp_patch_dense__grove.prefab;Assets/_Project/Prefabs/WorldProceduralProxy/PFB_family_kelp_patch_dense__patch.prefab;Assets/_Project/Scenes/02_HECTON_WORLD.unity,,Assets/_Project/Scenes/02_HECTON_WORLD.unity,Assets/_Project/Scenes/02_HECTON_WORLD.unity,Assets/_Project/Prefabs/Nature/Flora/Baked/family_kelp_patch_dense/GEN_family_kelp_patch_dense__bladder__s80-135.prefab;Assets/_Project/Prefabs/Nature/Flora/Baked/family_kelp_patch_dense/GEN_family_kelp_patch_dense__brush.prefab;Assets/_Project/Prefabs/Nature/Flora/Baked/family_kelp_patch_dense/GEN_family_kelp_patch_dense__drape.prefab;Assets/_Project/Prefabs/Nature/Flora/Baked/family_kelp_patch_dense/GEN_family_kelp_patch_dense__frilltuft__s75-125.prefab;Assets/_Project/Prefabs/Nature/Flora/Baked/family_kelp_patch_dense/GEN_family_kelp_patch_dense__nest__s65-105.prefab;Assets/_Project/Prefabs/Nature/Flora/Baked/family_kelp_patch_dense/GEN_family_kelp_patch_dense__paddlespray__s70-120.prefab;Assets/_Project/Prefabs/Nature/Flora/Baked/family_kelp_patch_dense/GEN_family_kelp_patch_dense__patch.prefab;Assets/_Project/Prefabs/Nature/Flora/Baked/family_kelp_patch_dense/GEN_family_kelp_patch_dense__patch_tall.prefab;Assets/_Project/Prefabs/Nature/Flora/Baked/family_kelp_patch_dense/GEN_family_kelp_patch_dense__ring.prefab;Assets/_Project/Prefabs/Nature/Flora/Baked/family_kelp_patch_dense/GEN_family_kelp_patch_dense__sheet.prefab;Assets/_Project/Prefabs/Nature/Flora/Baked/family_kelp_patch_dense/GEN_family_kelp_patch_dense__sheetwall__s120-185.prefab;Assets/_Project/Prefabs/Nature/Flora/Baked/family_kelp_patch_dense/GEN_family_kelp_patch_dense__tuft.prefab;Assets/_Project/Prefabs/WorldProceduralProxy/PFB_family_kelp_patch_dense.prefab;Assets/_Project/Prefabs/WorldProceduralProxy/PFB_family_kelp_patch_dense__grove.prefab;Assets/_Project/Prefabs/WorldProceduralProxy/PFB_family_kelp_patch_dense__patch.prefab;Assets/_Project/Scenes/02_HECTON_WORLD.unity,Assets/_Project/Art/Materials/WorldProceduralProxy/MAT_family_kelp_patch_dense.mat,STATIC_SOURCE,streaming_mips_disabled
Assets/_Project/Art/TEXTURES/WorldProceduralFlora/Imported/family.kelp.patch.dense/normal___family.kelp.patch.dense.png,16ad585542f834c4aa3659b1f8e52192,PRIORITY_TARGET;REFERENCED_TEXTURE;PROXY_CONTAMINATION_TEXTURE,world_procedural_flora_imported_stack,CANDIDATE_BLOCKED_BY_MATERIAL_PROOF,packed_mask_source,2048,2048,6.521,0,1,0,2,Assets/_Project/Art/Materials/World/Photic1457/MAT_H8_PhoticKelpPatch_1457.mat[_NormalMap];Assets/_Project/Art/Materials/WorldProceduralProxy/MAT_family_kelp_patch_dense.mat[_NormalMap],16,Assets/_Project/Prefabs/Nature/Flora/Baked/family_kelp_patch_dense/GEN_family_kelp_patch_dense__bladder__s80-135.prefab;Assets/_Project/Prefabs/Nature/Flora/Baked/family_kelp_patch_dense/GEN_family_kelp_patch_dense__brush.prefab;Assets/_Project/Prefabs/Nature/Flora/Baked/family_kelp_patch_dense/GEN_family_kelp_patch_dense__drape.prefab;Assets/_Project/Prefabs/Nature/Flora/Baked/family_kelp_patch_dense/GEN_family_kelp_patch_dense__frilltuft__s75-125.prefab;Assets/_Project/Prefabs/Nature/Flora/Baked/family_kelp_patch_dense/GEN_family_kelp_patch_dense__nest__s65-105.prefab;Assets/_Project/Prefabs/Nature/Flora/Baked/family_kelp_patch_dense/GEN_family_kelp_patch_dense__paddlespray__s70-120.prefab;Assets/_Project/Prefabs/Nature/Flora/Baked/family_kelp_patch_dense/GEN_family_kelp_patch_dense__patch.prefab;Assets/_Project/Prefabs/Nature/Flora/Baked/family_kelp_patch_dense/GEN_family_kelp_patch_dense__patch_tall.prefab;Assets/_Project/Prefabs/Nature/Flora/Baked/family_kelp_patch_dense/GEN_family_kelp_patch_dense__ring.prefab;Assets/_Project/Prefabs/Nature/Flora/Baked/family_kelp_patch_dense/GEN_family_kelp_patch_dense__sheet.prefab;Assets/_Project/Prefabs/Nature/Flora/Baked/family_kelp_patch_dense/GEN_family_kelp_patch_dense__sheetwall__s120-185.prefab;Assets/_Project/Prefabs/Nature/Flora/Baked/family_kelp_patch_dense/GEN_family_kelp_patch_dense__tuft.prefab;Assets/_Project/Prefabs/WorldProceduralProxy/PFB_family_kelp_patch_dense.prefab;Assets/_Project/Prefabs/WorldProceduralProxy/PFB_family_kelp_patch_dense__grove.prefab;Assets/_Project/Prefabs/WorldProceduralProxy/PFB_family_kelp_patch_dense__patch.prefab;Assets/_Project/Scenes/02_HECTON_WORLD.unity,,Assets/_Project/Scenes/02_HECTON_WORLD.unity,Assets/_Project/Scenes/02_HECTON_WORLD.unity,Assets/_Project/Prefabs/Nature/Flora/Baked/family_kelp_patch_dense/GEN_family_kelp_patch_dense__bladder__s80-135.prefab;Assets/_Project/Prefabs/Nature/Flora/Baked/family_kelp_patch_dense/GEN_family_kelp_patch_dense__brush.prefab;Assets/_Project/Prefabs/Nature/Flora/Baked/family_kelp_patch_dense/GEN_family_kelp_patch_dense__drape.prefab;Assets/_Project/Prefabs/Nature/Flora/Baked/family_kelp_patch_dense/GEN_family_kelp_patch_dense__frilltuft__s75-125.prefab;Assets/_Project/Prefabs/Nature/Flora/Baked/family_kelp_patch_dense/GEN_family_kelp_patch_dense__nest__s65-105.prefab;Assets/_Project/Prefabs/Nature/Flora/Baked/family_kelp_patch_dense/GEN_family_kelp_patch_dense__paddlespray__s70-120.prefab;Assets/_Project/Prefabs/Nature/Flora/Baked/family_kelp_patch_dense/GEN_family_kelp_patch_dense__patch.prefab;Assets/_Project/Prefabs/Nature/Flora/Baked/family_kelp_patch_dense/GEN_family_kelp_patch_dense__patch_tall.prefab;Assets/_Project/Prefabs/Nature/Flora/Baked/family_kelp_patch_dense/GEN_family_kelp_patch_dense__ring.prefab;Assets/_Project/Prefabs/Nature/Flora/Baked/family_kelp_patch_dense/GEN_family_kelp_patch_dense__sheet.prefab;Assets/_Project/Prefabs/Nature/Flora/Baked/family_kelp_patch_dense/GEN_family_kelp_patch_dense__sheetwall__s120-185.prefab;Assets/_Project/Prefabs/Nature/Flora/Baked/family_kelp_patch_dense/GEN_family_kelp_patch_dense__tuft.prefab;Assets/_Project/Prefabs/WorldProceduralProxy/PFB_family_kelp_patch_dense.prefab;Assets/_Project/Prefabs/WorldProceduralProxy/PFB_family_kelp_patch_dense__grove.prefab;Assets/_Project/Prefabs/WorldProceduralProxy/PFB_family_kelp_patch_dense__patch.prefab;Assets/_Project/Scenes/02_HECTON_WORLD.unity,Assets/_Project/Art/Materials/WorldProceduralProxy/MAT_family_kelp_patch_dense.mat,STATIC_SOURCE,streaming_mips_disabled
Assets/_Project/Art/TEXTURES/WorldProceduralFlora/Imported/family.kelp.tall/albedo___family.kelp.tall.png,3323eaad98c0aee49b455e5d4275dd8c,PRIORITY_TARGET;REFERENCED_TEXTURE;PROXY_CONTAMINATION_TEXTURE,world_procedural_flora_imported_stack,CANDIDATE_BLOCKED_BY_MATERIAL_PROOF,bio_material_source,2048,2048,6.022,1,1,0,2,Assets/_Project/Art/Materials/World/Photic1457/MAT_H8_PhoticKelpTall_1457.mat[_BaseMap];Assets/_Project/Art/Materials/WorldProceduralProxy/MAT_family_kelp_tall.mat[_BaseMap],18,Assets/_Project/Prefabs/Nature/Flora/Baked/family_kelp_tall/GEN_family_kelp_tall__banner.prefab;Assets/_Project/Prefabs/Nature/Flora/Baked/family_kelp_tall/GEN_family_kelp_tall__broadleaf__s110-170.prefab;Assets/_Project/Prefabs/Nature/Flora/Baked/family_kelp_tall/GEN_family_kelp_tall__colossus__s160-240.prefab;Assets/_Project/Prefabs/Nature/Flora/Baked/family_kelp_tall/GEN_family_kelp_tall__frondcrest__s105-165.prefab;Assets/_Project/Prefabs/Nature/Flora/Baked/family_kelp_tall/GEN_family_kelp_tall__lamina.prefab;Assets/_Project/Prefabs/Nature/Flora/Baked/family_kelp_tall/GEN_family_kelp_tall__lance.prefab;Assets/_Project/Prefabs/Nature/Flora/Baked/family_kelp_tall/GEN_family_kelp_tall__lean.prefab;Assets/_Project/Prefabs/Nature/Flora/Baked/family_kelp_tall/GEN_family_kelp_tall__paddle__s90-150.prefab;Assets/_Project/Prefabs/Nature/Flora/Baked/family_kelp_tall/GEN_family_kelp_tall__ribbon.prefab;Assets/_Project/Prefabs/Nature/Flora/Baked/family_kelp_tall/GEN_family_kelp_tall__rope.prefab;Assets/_Project/Prefabs/Nature/Flora/Baked/family_kelp_tall/GEN_family_kelp_tall__sail__s115-175.prefab;Assets/_Project/Prefabs/Nature/Flora/Baked/family_kelp_tall/GEN_family_kelp_tall__seedling__s55-90.prefab;Assets/_Project/Prefabs/Nature/Flora/Baked/family_kelp_tall/GEN_family_kelp_tall__stalk.prefab;Assets/_Project/Prefabs/Nature/Flora/Baked/family_kelp_tall/GEN_family_kelp_tall__tower__s130-185.prefab;Assets/_Project/Prefabs/WorldProceduralProxy/PFB_family_kelp_tall.prefab;Assets/_Project/Prefabs/WorldProceduralProxy/PFB_family_kelp_tall__lean.prefab;Assets/_Project/Prefabs/WorldProceduralProxy/PFB_family_kelp_tall__stalk.prefab;Assets/_Project/Scenes/02_HECTON_WORLD.unity,,Assets/_Project/Scenes/02_HECTON_WORLD.unity,Assets/_Project/Scenes/02_HECTON_WORLD.unity,Assets/_Project/Prefabs/Nature/Flora/Baked/family_kelp_tall/GEN_family_kelp_tall__banner.prefab;Assets/_Project/Prefabs/Nature/Flora/Baked/family_kelp_tall/GEN_family_kelp_tall__broadleaf__s110-170.prefab;Assets/_Project/Prefabs/Nature/Flora/Baked/family_kelp_tall/GEN_family_kelp_tall__colossus__s160-240.prefab;Assets/_Project/Prefabs/Nature/Flora/Baked/family_kelp_tall/GEN_family_kelp_tall__frondcrest__s105-165.prefab;Assets/_Project/Prefabs/Nature/Flora/Baked/family_kelp_tall/GEN_family_kelp_tall__lamina.prefab;Assets/_Project/Prefabs/Nature/Flora/Baked/family_kelp_tall/GEN_family_kelp_tall__lance.prefab;Assets/_Project/Prefabs/Nature/Flora/Baked/family_kelp_tall/GEN_family_kelp_tall__lean.prefab;Assets/_Project/Prefabs/Nature/Flora/Baked/family_kelp_tall/GEN_family_kelp_tall__paddle__s90-150.prefab;Assets/_Project/Prefabs/Nature/Flora/Baked/family_kelp_tall/GEN_family_kelp_tall__ribbon.prefab;Assets/_Project/Prefabs/Nature/Flora/Baked/family_kelp_tall/GEN_family_kelp_tall__rope.prefab;Assets/_Project/Prefabs/Nature/Flora/Baked/family_kelp_tall/GEN_family_kelp_tall__sail__s115-175.prefab;Assets/_Project/Prefabs/Nature/Flora/Baked/family_kelp_tall/GEN_family_kelp_tall__seedling__s55-90.prefab;Assets/_Project/Prefabs/Nature/Flora/Baked/family_kelp_tall/GEN_family_kelp_tall__stalk.prefab;Assets/_Project/Prefabs/Nature/Flora/Baked/family_kelp_tall/GEN_family_kelp_tall__tower__s130-185.prefab;Assets/_Project/Prefabs/WorldProceduralProxy/PFB_family_kelp_tall.prefab;Assets/_Project/Prefabs/WorldProceduralProxy/PFB_family_kelp_tall__lean.prefab;Assets/_Project/Prefabs/WorldProceduralProxy/PFB_family_kelp_tall__stalk.prefab;Assets/_Project/Scenes/02_HECTON_WORLD.unity,Assets/_Project/Art/Materials/WorldProceduralProxy/MAT_family_kelp_tall.mat,STATIC_SOURCE,streaming_mips_disabled
Assets/_Project/Art/TEXTURES/WorldProceduralFlora/Imported/family.kelp.tall/detail___family.kelp.tall.png,b5fe1f511a1f7bd49b03f1a9741678d0,PRIORITY_TARGET;REFERENCED_TEXTURE;PROXY_CONTAMINATION_TEXTURE,world_procedural_flora_imported_stack,CANDIDATE_BLOCKED_BY_MATERIAL_PROOF,bio_material_source,2048,2048,6.185,0,1,0,2,Assets/_Project/Art/Materials/World/Photic1457/MAT_H8_PhoticKelpTall_1457.mat[_DetailMap];Assets/_Project/Art/Materials/WorldProceduralProxy/MAT_family_kelp_tall.mat[_DetailMap],18,Assets/_Project/Prefabs/Nature/Flora/Baked/family_kelp_tall/GEN_family_kelp_tall__banner.prefab;Assets/_Project/Prefabs/Nature/Flora/Baked/family_kelp_tall/GEN_family_kelp_tall__broadleaf__s110-170.prefab;Assets/_Project/Prefabs/Nature/Flora/Baked/family_kelp_tall/GEN_family_kelp_tall__colossus__s160-240.prefab;Assets/_Project/Prefabs/Nature/Flora/Baked/family_kelp_tall/GEN_family_kelp_tall__frondcrest__s105-165.prefab;Assets/_Project/Prefabs/Nature/Flora/Baked/family_kelp_tall/GEN_family_kelp_tall__lamina.prefab;Assets/_Project/Prefabs/Nature/Flora/Baked/family_kelp_tall/GEN_family_kelp_tall__lance.prefab;Assets/_Project/Prefabs/Nature/Flora/Baked/family_kelp_tall/GEN_family_kelp_tall__lean.prefab;Assets/_Project/Prefabs/Nature/Flora/Baked/family_kelp_tall/GEN_family_kelp_tall__paddle__s90-150.prefab;Assets/_Project/Prefabs/Nature/Flora/Baked/family_kelp_tall/GEN_family_kelp_tall__ribbon.prefab;Assets/_Project/Prefabs/Nature/Flora/Baked/family_kelp_tall/GEN_family_kelp_tall__rope.prefab;Assets/_Project/Prefabs/Nature/Flora/Baked/family_kelp_tall/GEN_family_kelp_tall__sail__s115-175.prefab;Assets/_Project/Prefabs/Nature/Flora/Baked/family_kelp_tall/GEN_family_kelp_tall__seedling__s55-90.prefab;Assets/_Project/Prefabs/Nature/Flora/Baked/family_kelp_tall/GEN_family_kelp_tall__stalk.prefab;Assets/_Project/Prefabs/Nature/Flora/Baked/family_kelp_tall/GEN_family_kelp_tall__tower__s130-185.prefab;Assets/_Project/Prefabs/WorldProceduralProxy/PFB_family_kelp_tall.prefab;Assets/_Project/Prefabs/WorldProceduralProxy/PFB_family_kelp_tall__lean.prefab;Assets/_Project/Prefabs/WorldProceduralProxy/PFB_family_kelp_tall__stalk.prefab;Assets/_Project/Scenes/02_HECTON_WORLD.unity,,Assets/_Project/Scenes/02_HECTON_WORLD.unity,Assets/_Project/Scenes/02_HECTON_WORLD.unity,Assets/_Project/Prefabs/Nature/Flora/Baked/family_kelp_tall/GEN_family_kelp_tall__banner.prefab;Assets/_Project/Prefabs/Nature/Flora/Baked/family_kelp_tall/GEN_family_kelp_tall__broadleaf__s110-170.prefab;Assets/_Project/Prefabs/Nature/Flora/Baked/family_kelp_tall/GEN_family_kelp_tall__colossus__s160-240.prefab;Assets/_Project/Prefabs/Nature/Flora/Baked/family_kelp_tall/GEN_family_kelp_tall__frondcrest__s105-165.prefab;Assets/_Project/Prefabs/Nature/Flora/Baked/family_kelp_tall/GEN_family_kelp_tall__lamina.prefab;Assets/_Project/Prefabs/Nature/Flora/Baked/family_kelp_tall/GEN_family_kelp_tall__lance.prefab;Assets/_Project/Prefabs/Nature/Flora/Baked/family_kelp_tall/GEN_family_kelp_tall__lean.prefab;Assets/_Project/Prefabs/Nature/Flora/Baked/family_kelp_tall/GEN_family_kelp_tall__paddle__s90-150.prefab;Assets/_Project/Prefabs/Nature/Flora/Baked/family_kelp_tall/GEN_family_kelp_tall__ribbon.prefab;Assets/_Project/Prefabs/Nature/Flora/Baked/family_kelp_tall/GEN_family_kelp_tall__rope.prefab;Assets/_Project/Prefabs/Nature/Flora/Baked/family_kelp_tall/GEN_family_kelp_tall__sail__s115-175.prefab;Assets/_Project/Prefabs/Nature/Flora/Baked/family_kelp_tall/GEN_family_kelp_tall__seedling__s55-90.prefab;Assets/_Project/Prefabs/Nature/Flora/Baked/family_kelp_tall/GEN_family_kelp_tall__stalk.prefab;Assets/_Project/Prefabs/Nature/Flora/Baked/family_kelp_tall/GEN_family_kelp_tall__tower__s130-185.prefab;Assets/_Project/Prefabs/WorldProceduralProxy/PFB_family_kelp_tall.prefab;Assets/_Project/Prefabs/WorldProceduralProxy/PFB_family_kelp_tall__lean.prefab;Assets/_Project/Prefabs/WorldProceduralProxy/PFB_family_kelp_tall__stalk.prefab;Assets/_Project/Scenes/02_HECTON_WORLD.unity,Assets/_Project/Art/Materials/WorldProceduralProxy/MAT_family_kelp_tall.mat,STATIC_SOURCE,streaming_mips_disabled
Assets/_Project/Art/TEXTURES/WorldProceduralFlora/Imported/family.kelp.tall/mask___family.kelp.tall.png,a4e3cc4f692b613439ffa934c0765b66,PRIORITY_TARGET;REFERENCED_TEXTURE;PROXY_CONTAMINATION_TEXTURE,world_procedural_flora_imported_stack,CANDIDATE_BLOCKED_BY_MATERIAL_PROOF,packed_mask_source,2048,2048,4.745,0,1,0,2,Assets/_Project/Art/Materials/World/Photic1457/MAT_H8_PhoticKelpTall_1457.mat[_MaskMap];Assets/_Project/Art/Materials/WorldProceduralProxy/MAT_family_kelp_tall.mat[_MaskMap],18,Assets/_Project/Prefabs/Nature/Flora/Baked/family_kelp_tall/GEN_family_kelp_tall__banner.prefab;Assets/_Project/Prefabs/Nature/Flora/Baked/family_kelp_tall/GEN_family_kelp_tall__broadleaf__s110-170.prefab;Assets/_Project/Prefabs/Nature/Flora/Baked/family_kelp_tall/GEN_family_kelp_tall__colossus__s160-240.prefab;Assets/_Project/Prefabs/Nature/Flora/Baked/family_kelp_tall/GEN_family_kelp_tall__frondcrest__s105-165.prefab;Assets/_Project/Prefabs/Nature/Flora/Baked/family_kelp_tall/GEN_family_kelp_tall__lamina.prefab;Assets/_Project/Prefabs/Nature/Flora/Baked/family_kelp_tall/GEN_family_kelp_tall__lance.prefab;Assets/_Project/Prefabs/Nature/Flora/Baked/family_kelp_tall/GEN_family_kelp_tall__lean.prefab;Assets/_Project/Prefabs/Nature/Flora/Baked/family_kelp_tall/GEN_family_kelp_tall__paddle__s90-150.prefab;Assets/_Project/Prefabs/Nature/Flora/Baked/family_kelp_tall/GEN_family_kelp_tall__ribbon.prefab;Assets/_Project/Prefabs/Nature/Flora/Baked/family_kelp_tall/GEN_family_kelp_tall__rope.prefab;Assets/_Project/Prefabs/Nature/Flora/Baked/family_kelp_tall/GEN_family_kelp_tall__sail__s115-175.prefab;Assets/_Project/Prefabs/Nature/Flora/Baked/family_kelp_tall/GEN_family_kelp_tall__seedling__s55-90.prefab;Assets/_Project/Prefabs/Nature/Flora/Baked/family_kelp_tall/GEN_family_kelp_tall__stalk.prefab;Assets/_Project/Prefabs/Nature/Flora/Baked/family_kelp_tall/GEN_family_kelp_tall__tower__s130-185.prefab;Assets/_Project/Prefabs/WorldProceduralProxy/PFB_family_kelp_tall.prefab;Assets/_Project/Prefabs/WorldProceduralProxy/PFB_family_kelp_tall__lean.prefab;Assets/_Project/Prefabs/WorldProceduralProxy/PFB_family_kelp_tall__stalk.prefab;Assets/_Project/Scenes/02_HECTON_WORLD.unity,,Assets/_Project/Scenes/02_HECTON_WORLD.unity,Assets/_Project/Scenes/02_HECTON_WORLD.unity,Assets/_Project/Prefabs/Nature/Flora/Baked/family_kelp_tall/GEN_family_kelp_tall__banner.prefab;Assets/_Project/Prefabs/Nature/Flora/Baked/family_kelp_tall/GEN_family_kelp_tall__broadleaf__s110-170.prefab;Assets/_Project/Prefabs/Nature/Flora/Baked/family_kelp_tall/GEN_family_kelp_tall__colossus__s160-240.prefab;Assets/_Project/Prefabs/Nature/Flora/Baked/family_kelp_tall/GEN_family_kelp_tall__frondcrest__s105-165.prefab;Assets/_Project/Prefabs/Nature/Flora/Baked/family_kelp_tall/GEN_family_kelp_tall__lamina.prefab;Assets/_Project/Prefabs/Nature/Flora/Baked/family_kelp_tall/GEN_family_kelp_tall__lance.prefab;Assets/_Project/Prefabs/Nature/Flora/Baked/family_kelp_tall/GEN_family_kelp_tall__lean.prefab;Assets/_Project/Prefabs/Nature/Flora/Baked/family_kelp_tall/GEN_family_kelp_tall__paddle__s90-150.prefab;Assets/_Project/Prefabs/Nature/Flora/Baked/family_kelp_tall/GEN_family_kelp_tall__ribbon.prefab;Assets/_Project/Prefabs/Nature/Flora/Baked/family_kelp_tall/GEN_family_kelp_tall__rope.prefab;Assets/_Project/Prefabs/Nature/Flora/Baked/family_kelp_tall/GEN_family_kelp_tall__sail__s115-175.prefab;Assets/_Project/Prefabs/Nature/Flora/Baked/family_kelp_tall/GEN_family_kelp_tall__seedling__s55-90.prefab;Assets/_Project/Prefabs/Nature/Flora/Baked/family_kelp_tall/GEN_family_kelp_tall__stalk.prefab;Assets/_Project/Prefabs/Nature/Flora/Baked/family_kelp_tall/GEN_family_kelp_tall__tower__s130-185.prefab;Assets/_Project/Prefabs/WorldProceduralProxy/PFB_family_kelp_tall.prefab;Assets/_Project/Prefabs/WorldProceduralProxy/PFB_family_kelp_tall__lean.prefab;Assets/_Project/Prefabs/WorldProceduralProxy/PFB_family_kelp_tall__stalk.prefab;Assets/_Project/Scenes/02_HECTON_WORLD.unity,Assets/_Project/Art/Materials/WorldProceduralProxy/MAT_family_kelp_tall.mat,STATIC_SOURCE,streaming_mips_disabled
Assets/_Project/Art/TEXTURES/WorldProceduralFlora/Imported/family.kelp.tall/normal___family.kelp.tall.png,f7ca7e7ec60d73a49b6b5c0d0cad5259,PRIORITY_TARGET;REFERENCED_TEXTURE;PROXY_CONTAMINATION_TEXTURE,world_procedural_flora_imported_stack,CANDIDATE_BLOCKED_BY_MATERIAL_PROOF,packed_mask_source,2048,2048,5.072,0,1,0,2,Assets/_Project/Art/Materials/World/Photic1457/MAT_H8_PhoticKelpTall_1457.mat[_NormalMap];Assets/_Project/Art/Materials/WorldProceduralProxy/MAT_family_kelp_tall.mat[_NormalMap],18,Assets/_Project/Prefabs/Nature/Flora/Baked/family_kelp_tall/GEN_family_kelp_tall__banner.prefab;Assets/_Project/Prefabs/Nature/Flora/Baked/family_kelp_tall/GEN_family_kelp_tall__broadleaf__s110-170.prefab;Assets/_Project/Prefabs/Nature/Flora/Baked/family_kelp_tall/GEN_family_kelp_tall__colossus__s160-240.prefab;Assets/_Project/Prefabs/Nature/Flora/Baked/family_kelp_tall/GEN_family_kelp_tall__frondcrest__s105-165.prefab;Assets/_Project/Prefabs/Nature/Flora/Baked/family_kelp_tall/GEN_family_kelp_tall__lamina.prefab;Assets/_Project/Prefabs/Nature/Flora/Baked/family_kelp_tall/GEN_family_kelp_tall__lance.prefab;Assets/_Project/Prefabs/Nature/Flora/Baked/family_kelp_tall/GEN_family_kelp_tall__lean.prefab;Assets/_Project/Prefabs/Nature/Flora/Baked/family_kelp_tall/GEN_family_kelp_tall__paddle__s90-150.prefab;Assets/_Project/Prefabs/Nature/Flora/Baked/family_kelp_tall/GEN_family_kelp_tall__ribbon.prefab;Assets/_Project/Prefabs/Nature/Flora/Baked/family_kelp_tall/GEN_family_kelp_tall__rope.prefab;Assets/_Project/Prefabs/Nature/Flora/Baked/family_kelp_tall/GEN_family_kelp_tall__sail__s115-175.prefab;Assets/_Project/Prefabs/Nature/Flora/Baked/family_kelp_tall/GEN_family_kelp_tall__seedling__s55-90.prefab;Assets/_Project/Prefabs/Nature/Flora/Baked/family_kelp_tall/GEN_family_kelp_tall__stalk.prefab;Assets/_Project/Prefabs/Nature/Flora/Baked/family_kelp_tall/GEN_family_kelp_tall__tower__s130-185.prefab;Assets/_Project/Prefabs/WorldProceduralProxy/PFB_family_kelp_tall.prefab;Assets/_Project/Prefabs/WorldProceduralProxy/PFB_family_kelp_tall__lean.prefab;Assets/_Project/Prefabs/WorldProceduralProxy/PFB_family_kelp_tall__stalk.prefab;Assets/_Project/Scenes/02_HECTON_WORLD.unity,,Assets/_Project/Scenes/02_HECTON_WORLD.unity,Assets/_Project/Scenes/02_HECTON_WORLD.unity,Assets/_Project/Prefabs/Nature/Flora/Baked/family_kelp_tall/GEN_family_kelp_tall__banner.prefab;Assets/_Project/Prefabs/Nature/Flora/Baked/family_kelp_tall/GEN_family_kelp_tall__broadleaf__s110-170.prefab;Assets/_Project/Prefabs/Nature/Flora/Baked/family_kelp_tall/GEN_family_kelp_tall__colossus__s160-240.prefab;Assets/_Project/Prefabs/Nature/Flora/Baked/family_kelp_tall/GEN_family_kelp_tall__frondcrest__s105-165.prefab;Assets/_Project/Prefabs/Nature/Flora/Baked/family_kelp_tall/GEN_family_kelp_tall__lamina.prefab;Assets/_Project/Prefabs/Nature/Flora/Baked/family_kelp_tall/GEN_family_kelp_tall__lance.prefab;Assets/_Project/Prefabs/Nature/Flora/Baked/family_kelp_tall/GEN_family_kelp_tall__lean.prefab;Assets/_Project/Prefabs/Nature/Flora/Baked/family_kelp_tall/GEN_family_kelp_tall__paddle__s90-150.prefab;Assets/_Project/Prefabs/Nature/Flora/Baked/family_kelp_tall/GEN_family_kelp_tall__ribbon.prefab;Assets/_Project/Prefabs/Nature/Flora/Baked/family_kelp_tall/GEN_family_kelp_tall__rope.prefab;Assets/_Project/Prefabs/Nature/Flora/Baked/family_kelp_tall/GEN_family_kelp_tall__sail__s115-175.prefab;Assets/_Project/Prefabs/Nature/Flora/Baked/family_kelp_tall/GEN_family_kelp_tall__seedling__s55-90.prefab;Assets/_Project/Prefabs/Nature/Flora/Baked/family_kelp_tall/GEN_family_kelp_tall__stalk.prefab;Assets/_Project/Prefabs/Nature/Flora/Baked/family_kelp_tall/GEN_family_kelp_tall__tower__s130-185.prefab;Assets/_Project/Prefabs/WorldProceduralProxy/PFB_family_kelp_tall.prefab;Assets/_Project/Prefabs/WorldProceduralProxy/PFB_family_kelp_tall__lean.prefab;Assets/_Project/Prefabs/WorldProceduralProxy/PFB_family_kelp_tall__stalk.prefab;Assets/_Project/Scenes/02_HECTON_WORLD.unity,Assets/_Project/Art/Materials/WorldProceduralProxy/MAT_family_kelp_tall.mat,STATIC_SOURCE,streaming_mips_disabled
Assets/_Project/Art/TEXTURES/WorldProceduralFlora/TX_ProceduralBio_Shallows_AlbedoAtlas.png,906c737de9c2b3d4fb91944af157d355,REFERENCED_TEXTURE;PROXY_CONTAMINATION_TEXTURE,,CANDIDATE_BLOCKED_BY_MATERIAL_PROOF,bio_material_source,1024,1024,1.665,1,1,0,2,Assets/_Project/Art/Materials/WorldProceduralProxy/MAT_Flora_ImpostorAtlas.mat[_BaseMap];Assets/_Project/Art/Materials/WorldProceduralProxy/MAT_ProceduralBio_Shallows.mat[_AlbedoAtlas],200,Assets/_Project/Prefabs/Nature/Flora/BioForge/Shallows/Kelp/GEN_Shallows_Kelp_000_Flora_5A110101.prefab;Assets/_Project/Prefabs/Nature/Flora/BioForge/Shallows/Kelp/GEN_Shallows_Kelp_001_Flora_69E359F9.prefab;Assets/_Project/Prefabs/Nature/Flora/BioForge/Shallows/Kelp/GEN_Shallows_Kelp_002_Flora_79B5B2F1.prefab;Assets/_Project/Prefabs/Nature/Flora/BioForge/Shallows/Kelp/GEN_Shallows_Kelp_003_Flora_89880BE9.prefab;Assets/_Project/Prefabs/Nature/Flora/BioForge/Shallows/Kelp/GEN_Shallows_Kelp_004_Flora_995A64E1.prefab;Assets/_Project/Prefabs/Nature/Flora/BioForge/Shallows/Kelp/GEN_Shallows_Kelp_005_Flora_A92CBDD9.prefab;Assets/_Project/Prefabs/Nature/Flora/BioForge/Shallows/Kelp/GEN_Shallows_Kelp_006_Flora_B8FF16D1.prefab;Assets/_Project/Prefabs/Nature/Flora/BioForge/Shallows/Kelp/GEN_Shallows_Kelp_007_Flora_C8D16FC9.prefab;Assets/_Project/Prefabs/Nature/Flora/BioForge/Shallows/Kelp/GEN_Shallows_Kelp_008_Flora_D8A3C8C1.prefab;Assets/_Project/Prefabs/Nature/Flora/BioForge/Shallows/Kelp/GEN_Shallows_Kelp_009_Flora_E87621B9.prefab;Assets/_Project/Prefabs/Nature/Flora/BioForge/Shallows/Kelp/GEN_Shallows_Kelp_010_Flora_F8487AB1.prefab;Assets/_Project/Prefabs/Nature/Flora/BioForge/Shallows/Kelp/GEN_Shallows_Kelp_011_Flora_081AD3A9.prefab;Assets/_Project/Prefabs/Nature/Flora/BioForge/Shallows/Kelp/GEN_Shallows_Kelp_012_Flora_17ED2CA1.prefab;Assets/_Project/Prefabs/Nature/Flora/BioForge/Shallows/Kelp/GEN_Shallows_Kelp_013_Flora_27BF8599.prefab;Assets/_Project/Prefabs/Nature/Flora/BioForge/Shallows/Kelp/GEN_Shallows_Kelp_014_Flora_3791DE91.prefab;Assets/_Project/Prefabs/Nature/Flora/BioForge/Shallows/Kelp/GEN_Shallows_Kelp_015_Flora_47643789.prefab;Assets/_Project/Prefabs/Nature/Flora/BioForge/Shallows/Kelp/GEN_Shallows_Kelp_016_Flora_57369081.prefab;Assets/_Project/Prefabs/Nature/Flora/BioForge/Shallows/Kelp/GEN_Shallows_Kelp_017_Flora_6708E979.prefab;Assets/_Project/Prefabs/Nature/Flora/BioForge/Shallows/Kelp/GEN_Shallows_Kelp_018_Flora_76DB4271.prefab;Assets/_Project/Prefabs/Nature/Flora/BioForge/Shallows/Kelp/GEN_Shallows_Kelp_019_Flora_86AD9B69.prefab;Assets/_Project/Prefabs/Nature/Flora/BioForge/Shallows/Kelp/GEN_Shallows_Kelp_020_Flora_967FF461.prefab;Assets/_Project/Prefabs/Nature/Flora/BioForge/Shallows/Kelp/GEN_Shallows_Kelp_021_Flora_A6524D59.prefab;Assets/_Project/Prefabs/Nature/Flora/BioForge/Shallows/Kelp/GEN_Shallows_Kelp_022_Flora_B624A651.prefab;Assets/_Project/Prefabs/Nature/Flora/BioForge/Shallows/Kelp/GEN_Shallows_Kelp_023_Flora_C5F6FF49.prefab;Assets/_Project/Prefabs/Nature/Flora/BioForge/Shallows/Kelp/GEN_Shallows_Kelp_024_Flora_D5C95841.prefab;Assets/_Project/Prefabs/Nature/Flora/BioForge/Shallows/Kelp/GEN_Shallows_Kelp_025_Flora_E59BB139.prefab;Assets/_Project/Prefabs/Nature/Flora/BioForge/Shallows/Kelp/GEN_Shallows_Kelp_026_Flora_F56E0A31.prefab;Assets/_Project/Prefabs/Nature/Flora/BioForge/Shallows/Kelp/GEN_Shallows_Kelp_027_Flora_05406329.prefab;Assets/_Project/Prefabs/Nature/Flora/BioForge/Shallows/Kelp/GEN_Shallows_Kelp_028_Flora_1512BC21.prefab;Assets/_Project/Prefabs/Nature/Flora/BioForge/Shallows/Kelp/GEN_Shallows_Kelp_029_Flora_24E51519.prefab;Assets/_Project/Prefabs/Nature/Flora/BioForge/Shallows/Kelp/GEN_Shallows_Kelp_030_Flora_34B76E11.prefab;Assets/_Project/Prefabs/Nature/Flora/BioForge/Shallows/Kelp/GEN_Shallows_Kelp_031_Flora_4489C709.prefab;Assets/_Project/Prefabs/Nature/Flora/BioForge/Shallows/Kelp/GEN_Shallows_Kelp_032_Flora_545C2001.prefab;Assets/_Project/Prefabs/Nature/Flora/BioForge/Shallows/Kelp/GEN_Shallows_Kelp_033_Flora_642E78F9.prefab;Assets/_Project/Prefabs/Nature/Flora/BioForge/Shallows/Kelp/GEN_Shallows_Kelp_034_Flora_7400D1F1.prefab;Assets/_Project/Prefabs/Nature/Flora/BioForge/Shallows/Kelp/GEN_Shallows_Kelp_035_Flora_83D32AE9.prefab;Assets/_Project/Prefabs/Nature/Flora/BioForge/Shallows/Kelp/GEN_Shallows_Kelp_036_Flora_93A583E1.prefab;Assets/_Project/Prefabs/Nature/Flora/BioForge/Shallows/Kelp/GEN_Shallows_Kelp_037_Flora_A377DCD9.prefab;Assets/_Project/Prefabs/Nature/Flora/BioForge/Shallows/Kelp/GEN_Shallows_Kelp_038_Flora_B34A35D1.prefab;Assets/_Project/Prefabs/Nature/Flora/BioForge/Shallows/Kelp/GEN_Shallows_Kelp_039_Flora_C31C8EC9.prefab;Assets/_Project/Prefabs/Nature/Flora/BioForge/Shallows/Kelp/GEN_Shallows_Kelp_040_Flora_D2EEE7C1.prefab;Assets/_Project/Prefabs/Nature/Flora/BioForge/Shallows/Kelp/GEN_Shallows_Kelp_041_Flora_E2C140B9.prefab;Assets/_Project/Prefabs/Nature/Flora/BioForge/Shallows/Kelp/GEN_Shallows_Kelp_042_Flora_F29399B1.prefab;Assets/_Project/Prefabs/Nature/Flora/BioForge/Shallows/Kelp/GEN_Shallows_Kelp_043_Flora_0265F2A9.prefab;Assets/_Project/Prefabs/Nature/Flora/BioForge/Shallows/Kelp/GEN_Shallows_Kelp_044_Flora_12384BA1.prefab;Assets/_Project/Prefabs/Nature/Flora/BioForge/Shallows/Kelp/GEN_Shallows_Kelp_045_Flora_220AA499.prefab;Assets/_Project/Prefabs/Nature/Flora/BioForge/Shallows/Kelp/GEN_Shallows_Kelp_046_Flora_31DCFD91.prefab;Assets/_Project/Prefabs/Nature/Flora/BioForge/Shallows/Kelp/GEN_Shallows_Kelp_047_Flora_41AF5689.prefab;Assets/_Project/Prefabs/Nature/Flora/BioForge/Shallows/Kelp/GEN_Shallows_Kelp_048_Flora_5181AF81.prefab;Assets/_Project/Prefabs/Nature/Flora/BioForge/Shallows/Kelp/GEN_Shallows_Kelp_049_Flora_61540879.prefab;Assets/_Project/Prefabs/Nature/Flora/BioForge/Shallows/Kelp/GEN_Shallows_Kelp_050_Flora_71266171.prefab;Assets/_Project/Prefabs/Nature/Flora/BioForge/Shallows/Kelp/GEN_Shallows_Kelp_051_Flora_80F8BA69.prefab;Assets/_Project/Prefabs/Nature/Flora/BioForge/Shallows/Kelp/GEN_Shallows_Kelp_052_Flora_90CB1361.prefab;Assets/_Project/Prefabs/Nature/Flora/BioForge/Shallows/Kelp/GEN_Shallows_Kelp_053_Flora_A09D6C59.prefab;Assets/_Project/Prefabs/Nature/Flora/BioForge/Shallows/Kelp/GEN_Shallows_Kelp_054_Flora_B06FC551.prefab;Assets/_Project/Prefabs/Nature/Flora/BioForge/Shallows/Kelp/GEN_Shallows_Kelp_055_Flora_C0421E49.prefab;Assets/_Project/Prefabs/Nature/Flora/BioForge/Shallows/Kelp/GEN_Shallows_Kelp_056_Flora_D0147741.prefab;Assets/_Project/Prefabs/Nature/Flora/BioForge/Shallows/Kelp/GEN_Shallows_Kelp_057_Flora_DFE6D039.prefab;Assets/_Project/Prefabs/Nature/Flora/BioForge/Shallows/Kelp/GEN_Shallows_Kelp_058_Flora_EFB92931.prefab;Assets/_Project/Prefabs/Nature/Flora/BioForge/Shallows/Kelp/GEN_Shallows_Kelp_059_Flora_FF8B8229.prefab;Assets/_Project/Prefabs/Nature/Flora/BioForge/Shallows/Kelp/GEN_Shallows_Kelp_060_Flora_0F5DDB21.prefab;Assets/_Project/Prefabs/Nature/Flora/BioForge/Shallows/Kelp/GEN_Shallows_Kelp_061_Flora_1F303419.prefab;Assets/_Project/Prefabs/Nature/Flora/BioForge/Shallows/Kelp/GEN_Shallows_Kelp_062_Flora_2F028D11.prefab;Assets/_Project/Prefabs/Nature/Flora/BioForge/Shallows/Kelp/GEN_Shallows_Kelp_063_Flora_3ED4E609.prefab;Assets/_Project/Prefabs/Nature/Flora/BioForge/Shallows/Kelp/GEN_Shallows_Kelp_064_Flora_4EA73F01.prefab;Assets/_Project/Prefabs/Nature/Flora/BioForge/Shallows/Kelp/GEN_Shallows_Kelp_065_Flora_5E7997F9.prefab;Assets/_Project/Prefabs/Nature/Flora/BioForge/Shallows/Kelp/GEN_Shallows_Kelp_066_Flora_6E4BF0F1.prefab;Assets/_Project/Prefabs/Nature/Flora/BioForge/Shallows/Kelp/GEN_Shallows_Kelp_067_Flora_7E1E49E9.prefab;Assets/_Project/Prefabs/Nature/Flora/BioForge/Shallows/Kelp/GEN_Shallows_Kelp_068_Flora_8DF0A2E1.prefab;Assets/_Project/Prefabs/Nature/Flora/BioForge/Shallows/Kelp/GEN_Shallows_Kelp_069_Flora_9DC2FBD9.prefab;Assets/_Project/Prefabs/Nature/Flora/BioForge/Shallows/Kelp/GEN_Shallows_Kelp_070_Flora_AD9554D1.prefab;Assets/_Project/Prefabs/Nature/Flora/BioForge/Shallows/Kelp/GEN_Shallows_Kelp_071_Flora_BD67ADC9.prefab;Assets/_Project/Prefabs/Nature/Flora/BioForge/Shallows/Kelp/GEN_Shallows_Kelp_072_Flora_CD3A06C1.prefab;Assets/_Project/Prefabs/Nature/Flora/BioForge/Shallows/Kelp/GEN_Shallows_Kelp_073_Flora_DD0C5FB9.prefab;Assets/_Project/Prefabs/Nature/Flora/BioForge/Shallows/Kelp/GEN_Shallows_Kelp_074_Flora_ECDEB8B1.prefab;Assets/_Project/Prefabs/Nature/Flora/BioForge/Shallows/Kelp/GEN_Shallows_Kelp_075_Flora_FCB111A9.prefab;Assets/_Project/Prefabs/Nature/Flora/BioForge/Shallows/Kelp/GEN_Shallows_Kelp_076_Flora_0C836AA1.prefab;Assets/_Project/Prefabs/Nature/Flora/BioForge/Shallows/Kelp/GEN_Shallows_Kelp_077_Flora_1C55C399.prefab;Assets/_Project/Prefabs/Nature/Flora/BioForge/Shallows/Kelp/GEN_Shallows_Kelp_078_Flora_2C281C91.prefab;Assets/_Project/Prefabs/Nature/Flora/BioForge/Shallows/Kelp/GEN_Shallows_Kelp_079_Flora_3BFA7589.prefab;Assets/_Project/Prefabs/Nature/Flora/BioForge/Shallows/Kelp/GEN_Shallows_Kelp_080_Flora_4BCCCE81.prefab;Assets/_Project/Prefabs/Nature/Flora/BioForge/Shallows/Kelp/GEN_Shallows_Kelp_081_Flora_5B9F2779.prefab;Assets/_Project/Prefabs/Nature/Flora/BioForge/Shallows/Kelp/GEN_Shallows_Kelp_082_Flora_6B718071.prefab;Assets/_Project/Prefabs/Nature/Flora/BioForge/Shallows/Kelp/GEN_Shallows_Kelp_083_Flora_7B43D969.prefab;Assets/_Project/Prefabs/Nature/Flora/BioForge/Shallows/Kelp/GEN_Shallows_Kelp_084_Flora_8B163261.prefab;Assets/_Project/Prefabs/Nature/Flora/BioForge/Shallows/Kelp/GEN_Shallows_Kelp_085_Flora_9AE88B59.prefab;Assets/_Project/Prefabs/Nature/Flora/BioForge/Shallows/Kelp/GEN_Shallows_Kelp_086_Flora_AABAE451.prefab;Assets/_Project/Prefabs/Nature/Flora/BioForge/Shallows/Kelp/GEN_Shallows_Kelp_087_Flora_BA8D3D49.prefab;Assets/_Project/Prefabs/Nature/Flora/BioForge/Shallows/Kelp/GEN_Shallows_Kelp_088_Flora_CA5F9641.prefab;Assets/_Project/Prefabs/Nature/Flora/BioForge/Shallows/Kelp/GEN_Shallows_Kelp_089_Flora_DA31EF39.prefab;Assets/_Project/Prefabs/Nature/Flora/BioForge/Shallows/Kelp/GEN_Shallows_Kelp_090_Flora_EA044831.prefab;Assets/_Project/Prefabs/Nature/Flora/BioForge/Shallows/Kelp/GEN_Shallows_Kelp_091_Flora_F9D6A129.prefab;Assets/_Project/Prefabs/Nature/Flora/BioForge/Shallows/Kelp/GEN_Shallows_Kelp_092_Flora_09A8FA21.prefab;Assets/_Project/Prefabs/Nature/Flora/BioForge/Shallows/Kelp/GEN_Shallows_Kelp_093_Flora_197B5319.prefab;Assets/_Project/Prefabs/Nature/Flora/BioForge/Shallows/Kelp/GEN_Shallows_Kelp_094_Flora_294DAC11.prefab;Assets/_Project/Prefabs/Nature/Flora/BioForge/Shallows/Kelp/GEN_Shallows_Kelp_095_Flora_39200509.prefab;Assets/_Project/Prefabs/Nature/Flora/BioForge/Shallows/Kelp/GEN_Shallows_Kelp_096_Flora_48F25E01.prefab;Assets/_Project/Prefabs/Nature/Flora/BioForge/Shallows/Kelp/GEN_Shallows_Kelp_097_Flora_58C4B6F9.prefab;Assets/_Project/Prefabs/Nature/Flora/BioForge/Shallows/Kelp/GEN_Shallows_Kelp_098_Flora_68970FF1.prefab;Assets/_Project/Prefabs/Nature/Flora/BioForge/Shallows/Kelp/GEN_Shallows_Kelp_099_Flora_786968E9.prefab;Assets/_Project/Prefabs/Nature/Flora/BioForge/Shallows/PorousRock/GEN_Shallows_PorousRock_000_Rock_ABFE290C.prefab;Assets/_Project/Prefabs/Nature/Flora/BioForge/Shallows/PorousRock/GEN_Shallows_PorousRock_001_Rock_EDC47779.prefab;Assets/_Project/Prefabs/Nature/Flora/BioForge/Shallows/PorousRock/GEN_Shallows_PorousRock_002_Rock_2F8AC5E6.prefab;Assets/_Project/Prefabs/Nature/Flora/BioForge/Shallows/PorousRock/GEN_Shallows_PorousRock_003_Rock_71511453.prefab;Assets/_Project/Prefabs/Nature/Flora/BioForge/Shallows/PorousRock/GEN_Shallows_PorousRock_004_Rock_B31762C0.prefab;Assets/_Project/Prefabs/Nature/Flora/BioForge/Shallows/PorousRock/GEN_Shallows_PorousRock_005_Rock_F4DDB12D.prefab;Assets/_Project/Prefabs/Nature/Flora/BioForge/Shallows/PorousRock/GEN_Shallows_PorousRock_006_Rock_36A3FF9A.prefab;Assets/_Project/Prefabs/Nature/Flora/BioForge/Shallows/PorousRock/GEN_Shallows_PorousRock_007_Rock_786A4E07.prefab;Assets/_Project/Prefabs/Nature/Flora/BioForge/Shallows/PorousRock/GEN_Shallows_PorousRock_008_Rock_BA309C74.prefab;Assets/_Project/Prefabs/Nature/Flora/BioForge/Shallows/PorousRock/GEN_Shallows_PorousRock_009_Rock_FBF6EAE1.prefab;Assets/_Project/Prefabs/Nature/Flora/BioForge/Shallows/PorousRock/GEN_Shallows_PorousRock_010_Rock_3DBD394E.prefab;Assets/_Project/Prefabs/Nature/Flora/BioForge/Shallows/PorousRock/GEN_Shallows_PorousRock_011_Rock_7F8387BB.prefab;Assets/_Project/Prefabs/Nature/Flora/BioForge/Shallows/PorousRock/GEN_Shallows_PorousRock_012_Rock_C149D628.prefab;Assets/_Project/Prefabs/Nature/Flora/BioForge/Shallows/PorousRock/GEN_Shallows_PorousRock_013_Rock_03102495.prefab;Assets/_Project/Prefabs/Nature/Flora/BioForge/Shallows/PorousRock/GEN_Shallows_PorousRock_014_Rock_44D67302.prefab;Assets/_Project/Prefabs/Nature/Flora/BioForge/Shallows/PorousRock/GEN_Shallows_PorousRock_015_Rock_869CC16F.prefab;Assets/_Project/Prefabs/Nature/Flora/BioForge/Shallows/PorousRock/GEN_Shallows_PorousRock_016_Rock_C8630FDC.prefab;Assets/_Project/Prefabs/Nature/Flora/BioForge/Shallows/PorousRock/GEN_Shallows_PorousRock_017_Rock_0A295E49.prefab;Assets/_Project/Prefabs/Nature/Flora/BioForge/Shallows/PorousRock/GEN_Shallows_PorousRock_018_Rock_4BEFACB6.prefab;Assets/_Project/Prefabs/Nature/Flora/BioForge/Shallows/PorousRock/GEN_Shallows_PorousRock_019_Rock_8DB5FB23.prefab;Assets/_Project/Prefabs/Nature/Flora/BioForge/Shallows/PorousRock/GEN_Shallows_PorousRock_020_Rock_CF7C4990.prefab;Assets/_Project/Prefabs/Nature/Flora/BioForge/Shallows/PorousRock/GEN_Shallows_PorousRock_021_Rock_114297FD.prefab;Assets/_Project/Prefabs/Nature/Flora/BioForge/Shallows/PorousRock/GEN_Shallows_PorousRock_022_Rock_5308E66A.prefab;Assets/_Project/Prefabs/Nature/Flora/BioForge/Shallows/PorousRock/GEN_Shallows_PorousRock_023_Rock_94CF34D7.prefab;Assets/_Project/Prefabs/Nature/Flora/BioForge/Shallows/PorousRock/GEN_Shallows_PorousRock_024_Rock_D6958344.prefab;Assets/_Project/Prefabs/Nature/Flora/BioForge/Shallows/PorousRock/GEN_Shallows_PorousRock_025_Rock_185BD1B1.prefab;Assets/_Project/Prefabs/Nature/Flora/BioForge/Shallows/PorousRock/GEN_Shallows_PorousRock_026_Rock_5A22201E.prefab;Assets/_Project/Prefabs/Nature/Flora/BioForge/Shallows/PorousRock/GEN_Shallows_PorousRock_027_Rock_9BE86E8B.prefab;Assets/_Project/Prefabs/Nature/Flora/BioForge/Shallows/PorousRock/GEN_Shallows_PorousRock_028_Rock_DDAEBCF8.prefab;Assets/_Project/Prefabs/Nature/Flora/BioForge/Shallows/PorousRock/GEN_Shallows_PorousRock_029_Rock_1F750B65.prefab;Assets/_Project/Prefabs/Nature/Flora/BioForge/Shallows/PorousRock/GEN_Shallows_PorousRock_030_Rock_613B59D2.prefab;Assets/_Project/Prefabs/Nature/Flora/BioForge/Shallows/PorousRock/GEN_Shallows_PorousRock_031_Rock_A301A83F.prefab;Assets/_Project/Prefabs/Nature/Flora/BioForge/Shallows/PorousRock/GEN_Shallows_PorousRock_032_Rock_E4C7F6AC.prefab;Assets/_Project/Prefabs/Nature/Flora/BioForge/Shallows/PorousRock/GEN_Shallows_PorousRock_033_Rock_268E4519.prefab;Assets/_Project/Prefabs/Nature/Flora/BioForge/Shallows/PorousRock/GEN_Shallows_PorousRock_034_Rock_68549386.prefab;Assets/_Project/Prefabs/Nature/Flora/BioForge/Shallows/PorousRock/GEN_Shallows_PorousRock_035_Rock_AA1AE1F3.prefab;Assets/_Project/Prefabs/Nature/Flora/BioForge/Shallows/PorousRock/GEN_Shallows_PorousRock_036_Rock_EBE13060.prefab;Assets/_Project/Prefabs/Nature/Flora/BioForge/Shallows/PorousRock/GEN_Shallows_PorousRock_037_Rock_2DA77ECD.prefab;Assets/_Project/Prefabs/Nature/Flora/BioForge/Shallows/PorousRock/GEN_Shallows_PorousRock_038_Rock_6F6DCD3A.prefab;Assets/_Project/Prefabs/Nature/Flora/BioForge/Shallows/PorousRock/GEN_Shallows_PorousRock_039_Rock_B1341BA7.prefab;Assets/_Project/Prefabs/Nature/Flora/BioForge/Shallows/PorousRock/GEN_Shallows_PorousRock_040_Rock_F2FA6A14.prefab;Assets/_Project/Prefabs/Nature/Flora/BioForge/Shallows/PorousRock/GEN_Shallows_PorousRock_041_Rock_34C0B881.prefab;Assets/_Project/Prefabs/Nature/Flora/BioForge/Shallows/PorousRock/GEN_Shallows_PorousRock_042_Rock_768706EE.prefab;Assets/_Project/Prefabs/Nature/Flora/BioForge/Shallows/PorousRock/GEN_Shallows_PorousRock_043_Rock_B84D555B.prefab;Assets/_Project/Prefabs/Nature/Flora/BioForge/Shallows/PorousRock/GEN_Shallows_PorousRock_044_Rock_FA13A3C8.prefab;Assets/_Project/Prefabs/Nature/Flora/BioForge/Shallows/PorousRock/GEN_Shallows_PorousRock_045_Rock_3BD9F235.prefab;Assets/_Project/Prefabs/Nature/Flora/BioForge/Shallows/PorousRock/GEN_Shallows_PorousRock_046_Rock_7DA040A2.prefab;Assets/_Project/Prefabs/Nature/Flora/BioForge/Shallows/PorousRock/GEN_Shallows_PorousRock_047_Rock_BF668F0F.prefab;Assets/_Project/Prefabs/Nature/Flora/BioForge/Shallows/PorousRock/GEN_Shallows_PorousRock_048_Rock_012CDD7C.prefab;Assets/_Project/Prefabs/Nature/Flora/BioForge/Shallows/PorousRock/GEN_Shallows_PorousRock_049_Rock_42F32BE9.prefab;Assets/_Project/Prefabs/Nature/Flora/BioForge/Shallows/TubeCoral/GEN_Shallows_TubeCoral_000_Flora_5A110001.prefab;Assets/_Project/Prefabs/Nature/Flora/BioForge/Shallows/TubeCoral/GEN_Shallows_TubeCoral_001_Flora_69E358F9.prefab;Assets/_Project/Prefabs/Nature/Flora/BioForge/Shallows/TubeCoral/GEN_Shallows_TubeCoral_002_Flora_79B5B1F1.prefab;Assets/_Project/Prefabs/Nature/Flora/BioForge/Shallows/TubeCoral/GEN_Shallows_TubeCoral_003_Flora_89880AE9.prefab;Assets/_Project/Prefabs/Nature/Flora/BioForge/Shallows/TubeCoral/GEN_Shallows_TubeCoral_004_Flora_995A63E1.prefab;Assets/_Project/Prefabs/Nature/Flora/BioForge/Shallows/TubeCoral/GEN_Shallows_TubeCoral_005_Flora_A92CBCD9.prefab;Assets/_Project/Prefabs/Nature/Flora/BioForge/Shallows/TubeCoral/GEN_Shallows_TubeCoral_006_Flora_B8FF15D1.prefab;Assets/_Project/Prefabs/Nature/Flora/BioForge/Shallows/TubeCoral/GEN_Shallows_TubeCoral_007_Flora_C8D16EC9.prefab;Assets/_Project/Prefabs/Nature/Flora/BioForge/Shallows/TubeCoral/GEN_Shallows_TubeCoral_008_Flora_D8A3C7C1.prefab;Assets/_Project/Prefabs/Nature/Flora/BioForge/Shallows/TubeCoral/GEN_Shallows_TubeCoral_009_Flora_E87620B9.prefab;Assets/_Project/Prefabs/Nature/Flora/BioForge/Shallows/TubeCoral/GEN_Shallows_TubeCoral_010_Flora_F84879B1.prefab;Assets/_Project/Prefabs/Nature/Flora/BioForge/Shallows/TubeCoral/GEN_Shallows_TubeCoral_011_Flora_081AD2A9.prefab;Assets/_Project/Prefabs/Nature/Flora/BioForge/Shallows/TubeCoral/GEN_Shallows_TubeCoral_012_Flora_17ED2BA1.prefab;Assets/_Project/Prefabs/Nature/Flora/BioForge/Shallows/TubeCoral/GEN_Shallows_TubeCoral_013_Flora_27BF8499.prefab;Assets/_Project/Prefabs/Nature/Flora/BioForge/Shallows/TubeCoral/GEN_Shallows_TubeCoral_014_Flora_3791DD91.prefab;Assets/_Project/Prefabs/Nature/Flora/BioForge/Shallows/TubeCoral/GEN_Shallows_TubeCoral_015_Flora_47643689.prefab;Assets/_Project/Prefabs/Nature/Flora/BioForge/Shallows/TubeCoral/GEN_Shallows_TubeCoral_016_Flora_57368F81.prefab;Assets/_Project/Prefabs/Nature/Flora/BioForge/Shallows/TubeCoral/GEN_Shallows_TubeCoral_017_Flora_6708E879.prefab;Assets/_Project/Prefabs/Nature/Flora/BioForge/Shallows/TubeCoral/GEN_Shallows_TubeCoral_018_Flora_76DB4171.prefab;Assets/_Project/Prefabs/Nature/Flora/BioForge/Shallows/TubeCoral/GEN_Shallows_TubeCoral_019_Flora_86AD9A69.prefab;Assets/_Project/Prefabs/Nature/Flora/BioForge/Shallows/TubeCoral/GEN_Shallows_TubeCoral_020_Flora_967FF361.prefab;Assets/_Project/Prefabs/Nature/Flora/BioForge/Shallows/TubeCoral/GEN_Shallows_TubeCoral_021_Flora_A6524C59.prefab;Assets/_Project/Prefabs/Nature/Flora/BioForge/Shallows/TubeCoral/GEN_Shallows_TubeCoral_022_Flora_B624A551.prefab;Assets/_Project/Prefabs/Nature/Flora/BioForge/Shallows/TubeCoral/GEN_Shallows_TubeCoral_023_Flora_C5F6FE49.prefab;Assets/_Project/Prefabs/Nature/Flora/BioForge/Shallows/TubeCoral/GEN_Shallows_TubeCoral_024_Flora_D5C95741.prefab;Assets/_Project/Prefabs/Nature/Flora/BioForge/Shallows/TubeCoral/GEN_Shallows_TubeCoral_025_Flora_E59BB039.prefab;Assets/_Project/Prefabs/Nature/Flora/BioForge/Shallows/TubeCoral/GEN_Shallows_TubeCoral_026_Flora_F56E0931.prefab;Assets/_Project/Prefabs/Nature/Flora/BioForge/Shallows/TubeCoral/GEN_Shallows_TubeCoral_027_Flora_05406229.prefab;Assets/_Project/Prefabs/Nature/Flora/BioForge/Shallows/TubeCoral/GEN_Shallows_TubeCoral_028_Flora_1512BB21.prefab;Assets/_Project/Prefabs/Nature/Flora/BioForge/Shallows/TubeCoral/GEN_Shallows_TubeCoral_029_Flora_24E51419.prefab;Assets/_Project/Prefabs/Nature/Flora/BioForge/Shallows/TubeCoral/GEN_Shallows_TubeCoral_030_Flora_34B76D11.prefab;Assets/_Project/Prefabs/Nature/Flora/BioForge/Shallows/TubeCoral/GEN_Shallows_TubeCoral_031_Flora_4489C609.prefab;Assets/_Project/Prefabs/Nature/Flora/BioForge/Shallows/TubeCoral/GEN_Shallows_TubeCoral_032_Flora_545C1F01.prefab;Assets/_Project/Prefabs/Nature/Flora/BioForge/Shallows/TubeCoral/GEN_Shallows_TubeCoral_033_Flora_642E77F9.prefab;Assets/_Project/Prefabs/Nature/Flora/BioForge/Shallows/TubeCoral/GEN_Shallows_TubeCoral_034_Flora_7400D0F1.prefab;Assets/_Project/Prefabs/Nature/Flora/BioForge/Shallows/TubeCoral/GEN_Shallows_TubeCoral_035_Flora_83D329E9.prefab;Assets/_Project/Prefabs/Nature/Flora/BioForge/Shallows/TubeCoral/GEN_Shallows_TubeCoral_036_Flora_93A582E1.prefab;Assets/_Project/Prefabs/Nature/Flora/BioForge/Shallows/TubeCoral/GEN_Shallows_TubeCoral_037_Flora_A377DBD9.prefab;Assets/_Project/Prefabs/Nature/Flora/BioForge/Shallows/TubeCoral/GEN_Shallows_TubeCoral_038_Flora_B34A34D1.prefab;Assets/_Project/Prefabs/Nature/Flora/BioForge/Shallows/TubeCoral/GEN_Shallows_TubeCoral_039_Flora_C31C8DC9.prefab;Assets/_Project/Prefabs/Nature/Flora/BioForge/Shallows/TubeCoral/GEN_Shallows_TubeCoral_040_Flora_D2EEE6C1.prefab;Assets/_Project/Prefabs/Nature/Flora/BioForge/Shallows/TubeCoral/GEN_Shallows_TubeCoral_041_Flora_E2C13FB9.prefab;Assets/_Project/Prefabs/Nature/Flora/BioForge/Shallows/TubeCoral/GEN_Shallows_TubeCoral_042_Flora_F29398B1.prefab;Assets/_Project/Prefabs/Nature/Flora/BioForge/Shallows/TubeCoral/GEN_Shallows_TubeCoral_043_Flora_0265F1A9.prefab;Assets/_Project/Prefabs/Nature/Flora/BioForge/Shallows/TubeCoral/GEN_Shallows_TubeCoral_044_Flora_12384AA1.prefab;Assets/_Project/Prefabs/Nature/Flora/BioForge/Shallows/TubeCoral/GEN_Shallows_TubeCoral_045_Flora_220AA399.prefab;Assets/_Project/Prefabs/Nature/Flora/BioForge/Shallows/TubeCoral/GEN_Shallows_TubeCoral_046_Flora_31DCFC91.prefab;Assets/_Project/Prefabs/Nature/Flora/BioForge/Shallows/TubeCoral/GEN_Shallows_TubeCoral_047_Flora_41AF5589.prefab;Assets/_Project/Prefabs/Nature/Flora/BioForge/Shallows/TubeCoral/GEN_Shallows_TubeCoral_048_Flora_5181AE81.prefab;Assets/_Project/Prefabs/Nature/Flora/BioForge/Shallows/TubeCoral/GEN_Shallows_TubeCoral_049_Flora_61540779.prefab,,,,Assets/_Project/Prefabs/Nature/Flora/BioForge/Shallows/Kelp/GEN_Shallows_Kelp_000_Flora_5A110101.prefab;Assets/_Project/Prefabs/Nature/Flora/BioForge/Shallows/Kelp/GEN_Shallows_Kelp_001_Flora_69E359F9.prefab;Assets/_Project/Prefabs/Nature/Flora/BioForge/Shallows/Kelp/GEN_Shallows_Kelp_002_Flora_79B5B2F1.prefab;Assets/_Project/Prefabs/Nature/Flora/BioForge/Shallows/Kelp/GEN_Shallows_Kelp_003_Flora_89880BE9.prefab;Assets/_Project/Prefabs/Nature/Flora/BioForge/Shallows/Kelp/GEN_Shallows_Kelp_004_Flora_995A64E1.prefab;Assets/_Project/Prefabs/Nature/Flora/BioForge/Shallows/Kelp/GEN_Shallows_Kelp_005_Flora_A92CBDD9.prefab;Assets/_Project/Prefabs/Nature/Flora/BioForge/Shallows/Kelp/GEN_Shallows_Kelp_006_Flora_B8FF16D1.prefab;Assets/_Project/Prefabs/Nature/Flora/BioForge/Shallows/Kelp/GEN_Shallows_Kelp_007_Flora_C8D16FC9.prefab;Assets/_Project/Prefabs/Nature/Flora/BioForge/Shallows/Kelp/GEN_Shallows_Kelp_008_Flora_D8A3C8C1.prefab;Assets/_Project/Prefabs/Nature/Flora/BioForge/Shallows/Kelp/GEN_Shallows_Kelp_009_Flora_E87621B9.prefab;Assets/_Project/Prefabs/Nature/Flora/BioForge/Shallows/Kelp/GEN_Shallows_Kelp_010_Flora_F8487AB1.prefab;Assets/_Project/Prefabs/Nature/Flora/BioForge/Shallows/Kelp/GEN_Shallows_Kelp_011_Flora_081AD3A9.prefab;Assets/_Project/Prefabs/Nature/Flora/BioForge/Shallows/Kelp/GEN_Shallows_Kelp_012_Flora_17ED2CA1.prefab;Assets/_Project/Prefabs/Nature/Flora/BioForge/Shallows/Kelp/GEN_Shallows_Kelp_013_Flora_27BF8599.prefab;Assets/_Project/Prefabs/Nature/Flora/BioForge/Shallows/Kelp/GEN_Shallows_Kelp_014_Flora_3791DE91.prefab;Assets/_Project/Prefabs/Nature/Flora/BioForge/Shallows/Kelp/GEN_Shallows_Kelp_015_Flora_47643789.prefab;Assets/_Project/Prefabs/Nature/Flora/BioForge/Shallows/Kelp/GEN_Shallows_Kelp_016_Flora_57369081.prefab;Assets/_Project/Prefabs/Nature/Flora/BioForge/Shallows/Kelp/GEN_Shallows_Kelp_017_Flora_6708E979.prefab;Assets/_Project/Prefabs/Nature/Flora/BioForge/Shallows/Kelp/GEN_Shallows_Kelp_018_Flora_76DB4271.prefab;Assets/_Project/Prefabs/Nature/Flora/BioForge/Shallows/Kelp/GEN_Shallows_Kelp_019_Flora_86AD9B69.prefab;Assets/_Project/Prefabs/Nature/Flora/BioForge/Shallows/Kelp/GEN_Shallows_Kelp_020_Flora_967FF461.prefab;Assets/_Project/Prefabs/Nature/Flora/BioForge/Shallows/Kelp/GEN_Shallows_Kelp_021_Flora_A6524D59.prefab;Assets/_Project/Prefabs/Nature/Flora/BioForge/Shallows/Kelp/GEN_Shallows_Kelp_022_Flora_B624A651.prefab;Assets/_Project/Prefabs/Nature/Flora/BioForge/Shallows/Kelp/GEN_Shallows_Kelp_023_Flora_C5F6FF49.prefab;Assets/_Project/Prefabs/Nature/Flora/BioForge/Shallows/Kelp/GEN_Shallows_Kelp_024_Flora_D5C95841.prefab;Assets/_Project/Prefabs/Nature/Flora/BioForge/Shallows/Kelp/GEN_Shallows_Kelp_025_Flora_E59BB139.prefab;Assets/_Project/Prefabs/Nature/Flora/BioForge/Shallows/Kelp/GEN_Shallows_Kelp_026_Flora_F56E0A31.prefab;Assets/_Project/Prefabs/Nature/Flora/BioForge/Shallows/Kelp/GEN_Shallows_Kelp_027_Flora_05406329.prefab;Assets/_Project/Prefabs/Nature/Flora/BioForge/Shallows/Kelp/GEN_Shallows_Kelp_028_Flora_1512BC21.prefab;Assets/_Project/Prefabs/Nature/Flora/BioForge/Shallows/Kelp/GEN_Shallows_Kelp_029_Flora_24E51519.prefab;Assets/_Project/Prefabs/Nature/Flora/BioForge/Shallows/Kelp/GEN_Shallows_Kelp_030_Flora_34B76E11.prefab;Assets/_Project/Prefabs/Nature/Flora/BioForge/Shallows/Kelp/GEN_Shallows_Kelp_031_Flora_4489C709.prefab;Assets/_Project/Prefabs/Nature/Flora/BioForge/Shallows/Kelp/GEN_Shallows_Kelp_032_Flora_545C2001.prefab;Assets/_Project/Prefabs/Nature/Flora/BioForge/Shallows/Kelp/GEN_Shallows_Kelp_033_Flora_642E78F9.prefab;Assets/_Project/Prefabs/Nature/Flora/BioForge/Shallows/Kelp/GEN_Shallows_Kelp_034_Flora_7400D1F1.prefab;Assets/_Project/Prefabs/Nature/Flora/BioForge/Shallows/Kelp/GEN_Shallows_Kelp_035_Flora_83D32AE9.prefab;Assets/_Project/Prefabs/Nature/Flora/BioForge/Shallows/Kelp/GEN_Shallows_Kelp_036_Flora_93A583E1.prefab;Assets/_Project/Prefabs/Nature/Flora/BioForge/Shallows/Kelp/GEN_Shallows_Kelp_037_Flora_A377DCD9.prefab;Assets/_Project/Prefabs/Nature/Flora/BioForge/Shallows/Kelp/GEN_Shallows_Kelp_038_Flora_B34A35D1.prefab;Assets/_Project/Prefabs/Nature/Flora/BioForge/Shallows/Kelp/GEN_Shallows_Kelp_039_Flora_C31C8EC9.prefab;Assets/_Project/Prefabs/Nature/Flora/BioForge/Shallows/Kelp/GEN_Shallows_Kelp_040_Flora_D2EEE7C1.prefab;Assets/_Project/Prefabs/Nature/Flora/BioForge/Shallows/Kelp/GEN_Shallows_Kelp_041_Flora_E2C140B9.prefab;Assets/_Project/Prefabs/Nature/Flora/BioForge/Shallows/Kelp/GEN_Shallows_Kelp_042_Flora_F29399B1.prefab;Assets/_Project/Prefabs/Nature/Flora/BioForge/Shallows/Kelp/GEN_Shallows_Kelp_043_Flora_0265F2A9.prefab;Assets/_Project/Prefabs/Nature/Flora/BioForge/Shallows/Kelp/GEN_Shallows_Kelp_044_Flora_12384BA1.prefab;Assets/_Project/Prefabs/Nature/Flora/BioForge/Shallows/Kelp/GEN_Shallows_Kelp_045_Flora_220AA499.prefab;Assets/_Project/Prefabs/Nature/Flora/BioForge/Shallows/Kelp/GEN_Shallows_Kelp_046_Flora_31DCFD91.prefab;Assets/_Project/Prefabs/Nature/Flora/BioForge/Shallows/Kelp/GEN_Shallows_Kelp_047_Flora_41AF5689.prefab;Assets/_Project/Prefabs/Nature/Flora/BioForge/Shallows/Kelp/GEN_Shallows_Kelp_048_Flora_5181AF81.prefab;Assets/_Project/Prefabs/Nature/Flora/BioForge/Shallows/Kelp/GEN_Shallows_Kelp_049_Flora_61540879.prefab;Assets/_Project/Prefabs/Nature/Flora/BioForge/Shallows/Kelp/GEN_Shallows_Kelp_050_Flora_71266171.prefab;Assets/_Project/Prefabs/Nature/Flora/BioForge/Shallows/Kelp/GEN_Shallows_Kelp_051_Flora_80F8BA69.prefab;Assets/_Project/Prefabs/Nature/Flora/BioForge/Shallows/Kelp/GEN_Shallows_Kelp_052_Flora_90CB1361.prefab;Assets/_Project/Prefabs/Nature/Flora/BioForge/Shallows/Kelp/GEN_Shallows_Kelp_053_Flora_A09D6C59.prefab;Assets/_Project/Prefabs/Nature/Flora/BioForge/Shallows/Kelp/GEN_Shallows_Kelp_054_Flora_B06FC551.prefab;Assets/_Project/Prefabs/Nature/Flora/BioForge/Shallows/Kelp/GEN_Shallows_Kelp_055_Flora_C0421E49.prefab;Assets/_Project/Prefabs/Nature/Flora/BioForge/Shallows/Kelp/GEN_Shallows_Kelp_056_Flora_D0147741.prefab;Assets/_Project/Prefabs/Nature/Flora/BioForge/Shallows/Kelp/GEN_Shallows_Kelp_057_Flora_DFE6D039.prefab;Assets/_Project/Prefabs/Nature/Flora/BioForge/Shallows/Kelp/GEN_Shallows_Kelp_058_Flora_EFB92931.prefab;Assets/_Project/Prefabs/Nature/Flora/BioForge/Shallows/Kelp/GEN_Shallows_Kelp_059_Flora_FF8B8229.prefab;Assets/_Project/Prefabs/Nature/Flora/BioForge/Shallows/Kelp/GEN_Shallows_Kelp_060_Flora_0F5DDB21.prefab;Assets/_Project/Prefabs/Nature/Flora/BioForge/Shallows/Kelp/GEN_Shallows_Kelp_061_Flora_1F303419.prefab;Assets/_Project/Prefabs/Nature/Flora/BioForge/Shallows/Kelp/GEN_Shallows_Kelp_062_Flora_2F028D11.prefab;Assets/_Project/Prefabs/Nature/Flora/BioForge/Shallows/Kelp/GEN_Shallows_Kelp_063_Flora_3ED4E609.prefab;Assets/_Project/Prefabs/Nature/Flora/BioForge/Shallows/Kelp/GEN_Shallows_Kelp_064_Flora_4EA73F01.prefab;Assets/_Project/Prefabs/Nature/Flora/BioForge/Shallows/Kelp/GEN_Shallows_Kelp_065_Flora_5E7997F9.prefab;Assets/_Project/Prefabs/Nature/Flora/BioForge/Shallows/Kelp/GEN_Shallows_Kelp_066_Flora_6E4BF0F1.prefab;Assets/_Project/Prefabs/Nature/Flora/BioForge/Shallows/Kelp/GEN_Shallows_Kelp_067_Flora_7E1E49E9.prefab;Assets/_Project/Prefabs/Nature/Flora/BioForge/Shallows/Kelp/GEN_Shallows_Kelp_068_Flora_8DF0A2E1.prefab;Assets/_Project/Prefabs/Nature/Flora/BioForge/Shallows/Kelp/GEN_Shallows_Kelp_069_Flora_9DC2FBD9.prefab;Assets/_Project/Prefabs/Nature/Flora/BioForge/Shallows/Kelp/GEN_Shallows_Kelp_070_Flora_AD9554D1.prefab;Assets/_Project/Prefabs/Nature/Flora/BioForge/Shallows/Kelp/GEN_Shallows_Kelp_071_Flora_BD67ADC9.prefab;Assets/_Project/Prefabs/Nature/Flora/BioForge/Shallows/Kelp/GEN_Shallows_Kelp_072_Flora_CD3A06C1.prefab;Assets/_Project/Prefabs/Nature/Flora/BioForge/Shallows/Kelp/GEN_Shallows_Kelp_073_Flora_DD0C5FB9.prefab;Assets/_Project/Prefabs/Nature/Flora/BioForge/Shallows/Kelp/GEN_Shallows_Kelp_074_Flora_ECDEB8B1.prefab;Assets/_Project/Prefabs/Nature/Flora/BioForge/Shallows/Kelp/GEN_Shallows_Kelp_075_Flora_FCB111A9.prefab;Assets/_Project/Prefabs/Nature/Flora/BioForge/Shallows/Kelp/GEN_Shallows_Kelp_076_Flora_0C836AA1.prefab;Assets/_Project/Prefabs/Nature/Flora/BioForge/Shallows/Kelp/GEN_Shallows_Kelp_077_Flora_1C55C399.prefab;Assets/_Project/Prefabs/Nature/Flora/BioForge/Shallows/Kelp/GEN_Shallows_Kelp_078_Flora_2C281C91.prefab;Assets/_Project/Prefabs/Nature/Flora/BioForge/Shallows/Kelp/GEN_Shallows_Kelp_079_Flora_3BFA7589.prefab;Assets/_Project/Prefabs/Nature/Flora/BioForge/Shallows/Kelp/GEN_Shallows_Kelp_080_Flora_4BCCCE81.prefab;Assets/_Project/Prefabs/Nature/Flora/BioForge/Shallows/Kelp/GEN_Shallows_Kelp_081_Flora_5B9F2779.prefab;Assets/_Project/Prefabs/Nature/Flora/BioForge/Shallows/Kelp/GEN_Shallows_Kelp_082_Flora_6B718071.prefab;Assets/_Project/Prefabs/Nature/Flora/BioForge/Shallows/Kelp/GEN_Shallows_Kelp_083_Flora_7B43D969.prefab;Assets/_Project/Prefabs/Nature/Flora/BioForge/Shallows/Kelp/GEN_Shallows_Kelp_084_Flora_8B163261.prefab;Assets/_Project/Prefabs/Nature/Flora/BioForge/Shallows/Kelp/GEN_Shallows_Kelp_085_Flora_9AE88B59.prefab;Assets/_Project/Prefabs/Nature/Flora/BioForge/Shallows/Kelp/GEN_Shallows_Kelp_086_Flora_AABAE451.prefab;Assets/_Project/Prefabs/Nature/Flora/BioForge/Shallows/Kelp/GEN_Shallows_Kelp_087_Flora_BA8D3D49.prefab;Assets/_Project/Prefabs/Nature/Flora/BioForge/Shallows/Kelp/GEN_Shallows_Kelp_088_Flora_CA5F9641.prefab;Assets/_Project/Prefabs/Nature/Flora/BioForge/Shallows/Kelp/GEN_Shallows_Kelp_089_Flora_DA31EF39.prefab;Assets/_Project/Prefabs/Nature/Flora/BioForge/Shallows/Kelp/GEN_Shallows_Kelp_090_Flora_EA044831.prefab;Assets/_Project/Prefabs/Nature/Flora/BioForge/Shallows/Kelp/GEN_Shallows_Kelp_091_Flora_F9D6A129.prefab;Assets/_Project/Prefabs/Nature/Flora/BioForge/Shallows/Kelp/GEN_Shallows_Kelp_092_Flora_09A8FA21.prefab;Assets/_Project/Prefabs/Nature/Flora/BioForge/Shallows/Kelp/GEN_Shallows_Kelp_093_Flora_197B5319.prefab;Assets/_Project/Prefabs/Nature/Flora/BioForge/Shallows/Kelp/GEN_Shallows_Kelp_094_Flora_294DAC11.prefab;Assets/_Project/Prefabs/Nature/Flora/BioForge/Shallows/Kelp/GEN_Shallows_Kelp_095_Flora_39200509.prefab;Assets/_Project/Prefabs/Nature/Flora/BioForge/Shallows/Kelp/GEN_Shallows_Kelp_096_Flora_48F25E01.prefab;Assets/_Project/Prefabs/Nature/Flora/BioForge/Shallows/Kelp/GEN_Shallows_Kelp_097_Flora_58C4B6F9.prefab;Assets/_Project/Prefabs/Nature/Flora/BioForge/Shallows/Kelp/GEN_Shallows_Kelp_098_Flora_68970FF1.prefab;Assets/_Project/Prefabs/Nature/Flora/BioForge/Shallows/Kelp/GEN_Shallows_Kelp_099_Flora_786968E9.prefab;Assets/_Project/Prefabs/Nature/Flora/BioForge/Shallows/PorousRock/GEN_Shallows_PorousRock_000_Rock_ABFE290C.prefab;Assets/_Project/Prefabs/Nature/Flora/BioForge/Shallows/PorousRock/GEN_Shallows_PorousRock_001_Rock_EDC47779.prefab;Assets/_Project/Prefabs/Nature/Flora/BioForge/Shallows/PorousRock/GEN_Shallows_PorousRock_002_Rock_2F8AC5E6.prefab;Assets/_Project/Prefabs/Nature/Flora/BioForge/Shallows/PorousRock/GEN_Shallows_PorousRock_003_Rock_71511453.prefab;Assets/_Project/Prefabs/Nature/Flora/BioForge/Shallows/PorousRock/GEN_Shallows_PorousRock_004_Rock_B31762C0.prefab;Assets/_Project/Prefabs/Nature/Flora/BioForge/Shallows/PorousRock/GEN_Shallows_PorousRock_005_Rock_F4DDB12D.prefab;Assets/_Project/Prefabs/Nature/Flora/BioForge/Shallows/PorousRock/GEN_Shallows_PorousRock_006_Rock_36A3FF9A.prefab;Assets/_Project/Prefabs/Nature/Flora/BioForge/Shallows/PorousRock/GEN_Shallows_PorousRock_007_Rock_786A4E07.prefab;Assets/_Project/Prefabs/Nature/Flora/BioForge/Shallows/PorousRock/GEN_Shallows_PorousRock_008_Rock_BA309C74.prefab;Assets/_Project/Prefabs/Nature/Flora/BioForge/Shallows/PorousRock/GEN_Shallows_PorousRock_009_Rock_FBF6EAE1.prefab;Assets/_Project/Prefabs/Nature/Flora/BioForge/Shallows/PorousRock/GEN_Shallows_PorousRock_010_Rock_3DBD394E.prefab;Assets/_Project/Prefabs/Nature/Flora/BioForge/Shallows/PorousRock/GEN_Shallows_PorousRock_011_Rock_7F8387BB.prefab;Assets/_Project/Prefabs/Nature/Flora/BioForge/Shallows/PorousRock/GEN_Shallows_PorousRock_012_Rock_C149D628.prefab;Assets/_Project/Prefabs/Nature/Flora/BioForge/Shallows/PorousRock/GEN_Shallows_PorousRock_013_Rock_03102495.prefab;Assets/_Project/Prefabs/Nature/Flora/BioForge/Shallows/PorousRock/GEN_Shallows_PorousRock_014_Rock_44D67302.prefab;Assets/_Project/Prefabs/Nature/Flora/BioForge/Shallows/PorousRock/GEN_Shallows_PorousRock_015_Rock_869CC16F.prefab;Assets/_Project/Prefabs/Nature/Flora/BioForge/Shallows/PorousRock/GEN_Shallows_PorousRock_016_Rock_C8630FDC.prefab;Assets/_Project/Prefabs/Nature/Flora/BioForge/Shallows/PorousRock/GEN_Shallows_PorousRock_017_Rock_0A295E49.prefab;Assets/_Project/Prefabs/Nature/Flora/BioForge/Shallows/PorousRock/GEN_Shallows_PorousRock_018_Rock_4BEFACB6.prefab;Assets/_Project/Prefabs/Nature/Flora/BioForge/Shallows/PorousRock/GEN_Shallows_PorousRock_019_Rock_8DB5FB23.prefab;Assets/_Project/Prefabs/Nature/Flora/BioForge/Shallows/PorousRock/GEN_Shallows_PorousRock_020_Rock_CF7C4990.prefab;Assets/_Project/Prefabs/Nature/Flora/BioForge/Shallows/PorousRock/GEN_Shallows_PorousRock_021_Rock_114297FD.prefab;Assets/_Project/Prefabs/Nature/Flora/BioForge/Shallows/PorousRock/GEN_Shallows_PorousRock_022_Rock_5308E66A.prefab;Assets/_Project/Prefabs/Nature/Flora/BioForge/Shallows/PorousRock/GEN_Shallows_PorousRock_023_Rock_94CF34D7.prefab;Assets/_Project/Prefabs/Nature/Flora/BioForge/Shallows/PorousRock/GEN_Shallows_PorousRock_024_Rock_D6958344.prefab;Assets/_Project/Prefabs/Nature/Flora/BioForge/Shallows/PorousRock/GEN_Shallows_PorousRock_025_Rock_185BD1B1.prefab;Assets/_Project/Prefabs/Nature/Flora/BioForge/Shallows/PorousRock/GEN_Shallows_PorousRock_026_Rock_5A22201E.prefab;Assets/_Project/Prefabs/Nature/Flora/BioForge/Shallows/PorousRock/GEN_Shallows_PorousRock_027_Rock_9BE86E8B.prefab;Assets/_Project/Prefabs/Nature/Flora/BioForge/Shallows/PorousRock/GEN_Shallows_PorousRock_028_Rock_DDAEBCF8.prefab;Assets/_Project/Prefabs/Nature/Flora/BioForge/Shallows/PorousRock/GEN_Shallows_PorousRock_029_Rock_1F750B65.prefab;Assets/_Project/Prefabs/Nature/Flora/BioForge/Shallows/PorousRock/GEN_Shallows_PorousRock_030_Rock_613B59D2.prefab;Assets/_Project/Prefabs/Nature/Flora/BioForge/Shallows/PorousRock/GEN_Shallows_PorousRock_031_Rock_A301A83F.prefab;Assets/_Project/Prefabs/Nature/Flora/BioForge/Shallows/PorousRock/GEN_Shallows_PorousRock_032_Rock_E4C7F6AC.prefab;Assets/_Project/Prefabs/Nature/Flora/BioForge/Shallows/PorousRock/GEN_Shallows_PorousRock_033_Rock_268E4519.prefab;Assets/_Project/Prefabs/Nature/Flora/BioForge/Shallows/PorousRock/GEN_Shallows_PorousRock_034_Rock_68549386.prefab;Assets/_Project/Prefabs/Nature/Flora/BioForge/Shallows/PorousRock/GEN_Shallows_PorousRock_035_Rock_AA1AE1F3.prefab;Assets/_Project/Prefabs/Nature/Flora/BioForge/Shallows/PorousRock/GEN_Shallows_PorousRock_036_Rock_EBE13060.prefab;Assets/_Project/Prefabs/Nature/Flora/BioForge/Shallows/PorousRock/GEN_Shallows_PorousRock_037_Rock_2DA77ECD.prefab;Assets/_Project/Prefabs/Nature/Flora/BioForge/Shallows/PorousRock/GEN_Shallows_PorousRock_038_Rock_6F6DCD3A.prefab;Assets/_Project/Prefabs/Nature/Flora/BioForge/Shallows/PorousRock/GEN_Shallows_PorousRock_039_Rock_B1341BA7.prefab;Assets/_Project/Prefabs/Nature/Flora/BioForge/Shallows/PorousRock/GEN_Shallows_PorousRock_040_Rock_F2FA6A14.prefab;Assets/_Project/Prefabs/Nature/Flora/BioForge/Shallows/PorousRock/GEN_Shallows_PorousRock_041_Rock_34C0B881.prefab;Assets/_Project/Prefabs/Nature/Flora/BioForge/Shallows/PorousRock/GEN_Shallows_PorousRock_042_Rock_768706EE.prefab;Assets/_Project/Prefabs/Nature/Flora/BioForge/Shallows/PorousRock/GEN_Shallows_PorousRock_043_Rock_B84D555B.prefab;Assets/_Project/Prefabs/Nature/Flora/BioForge/Shallows/PorousRock/GEN_Shallows_PorousRock_044_Rock_FA13A3C8.prefab;Assets/_Project/Prefabs/Nature/Flora/BioForge/Shallows/PorousRock/GEN_Shallows_PorousRock_045_Rock_3BD9F235.prefab;Assets/_Project/Prefabs/Nature/Flora/BioForge/Shallows/PorousRock/GEN_Shallows_PorousRock_046_Rock_7DA040A2.prefab;Assets/_Project/Prefabs/Nature/Flora/BioForge/Shallows/PorousRock/GEN_Shallows_PorousRock_047_Rock_BF668F0F.prefab;Assets/_Project/Prefabs/Nature/Flora/BioForge/Shallows/PorousRock/GEN_Shallows_PorousRock_048_Rock_012CDD7C.prefab;Assets/_Project/Prefabs/Nature/Flora/BioForge/Shallows/PorousRock/GEN_Shallows_PorousRock_049_Rock_42F32BE9.prefab;Assets/_Project/Prefabs/Nature/Flora/BioForge/Shallows/TubeCoral/GEN_Shallows_TubeCoral_000_Flora_5A110001.prefab;Assets/_Project/Prefabs/Nature/Flora/BioForge/Shallows/TubeCoral/GEN_Shallows_TubeCoral_001_Flora_69E358F9.prefab;Assets/_Project/Prefabs/Nature/Flora/BioForge/Shallows/TubeCoral/GEN_Shallows_TubeCoral_002_Flora_79B5B1F1.prefab;Assets/_Project/Prefabs/Nature/Flora/BioForge/Shallows/TubeCoral/GEN_Shallows_TubeCoral_003_Flora_89880AE9.prefab;Assets/_Project/Prefabs/Nature/Flora/BioForge/Shallows/TubeCoral/GEN_Shallows_TubeCoral_004_Flora_995A63E1.prefab;Assets/_Project/Prefabs/Nature/Flora/BioForge/Shallows/TubeCoral/GEN_Shallows_TubeCoral_005_Flora_A92CBCD9.prefab;Assets/_Project/Prefabs/Nature/Flora/BioForge/Shallows/TubeCoral/GEN_Shallows_TubeCoral_006_Flora_B8FF15D1.prefab;Assets/_Project/Prefabs/Nature/Flora/BioForge/Shallows/TubeCoral/GEN_Shallows_TubeCoral_007_Flora_C8D16EC9.prefab;Assets/_Project/Prefabs/Nature/Flora/BioForge/Shallows/TubeCoral/GEN_Shallows_TubeCoral_008_Flora_D8A3C7C1.prefab;Assets/_Project/Prefabs/Nature/Flora/BioForge/Shallows/TubeCoral/GEN_Shallows_TubeCoral_009_Flora_E87620B9.prefab;Assets/_Project/Prefabs/Nature/Flora/BioForge/Shallows/TubeCoral/GEN_Shallows_TubeCoral_010_Flora_F84879B1.prefab;Assets/_Project/Prefabs/Nature/Flora/BioForge/Shallows/TubeCoral/GEN_Shallows_TubeCoral_011_Flora_081AD2A9.prefab;Assets/_Project/Prefabs/Nature/Flora/BioForge/Shallows/TubeCoral/GEN_Shallows_TubeCoral_012_Flora_17ED2BA1.prefab;Assets/_Project/Prefabs/Nature/Flora/BioForge/Shallows/TubeCoral/GEN_Shallows_TubeCoral_013_Flora_27BF8499.prefab;Assets/_Project/Prefabs/Nature/Flora/BioForge/Shallows/TubeCoral/GEN_Shallows_TubeCoral_014_Flora_3791DD91.prefab;Assets/_Project/Prefabs/Nature/Flora/BioForge/Shallows/TubeCoral/GEN_Shallows_TubeCoral_015_Flora_47643689.prefab;Assets/_Project/Prefabs/Nature/Flora/BioForge/Shallows/TubeCoral/GEN_Shallows_TubeCoral_016_Flora_57368F81.prefab;Assets/_Project/Prefabs/Nature/Flora/BioForge/Shallows/TubeCoral/GEN_Shallows_TubeCoral_017_Flora_6708E879.prefab;Assets/_Project/Prefabs/Nature/Flora/BioForge/Shallows/TubeCoral/GEN_Shallows_TubeCoral_018_Flora_76DB4171.prefab;Assets/_Project/Prefabs/Nature/Flora/BioForge/Shallows/TubeCoral/GEN_Shallows_TubeCoral_019_Flora_86AD9A69.prefab;Assets/_Project/Prefabs/Nature/Flora/BioForge/Shallows/TubeCoral/GEN_Shallows_TubeCoral_020_Flora_967FF361.prefab;Assets/_Project/Prefabs/Nature/Flora/BioForge/Shallows/TubeCoral/GEN_Shallows_TubeCoral_021_Flora_A6524C59.prefab;Assets/_Project/Prefabs/Nature/Flora/BioForge/Shallows/TubeCoral/GEN_Shallows_TubeCoral_022_Flora_B624A551.prefab;Assets/_Project/Prefabs/Nature/Flora/BioForge/Shallows/TubeCoral/GEN_Shallows_TubeCoral_023_Flora_C5F6FE49.prefab;Assets/_Project/Prefabs/Nature/Flora/BioForge/Shallows/TubeCoral/GEN_Shallows_TubeCoral_024_Flora_D5C95741.prefab;Assets/_Project/Prefabs/Nature/Flora/BioForge/Shallows/TubeCoral/GEN_Shallows_TubeCoral_025_Flora_E59BB039.prefab;Assets/_Project/Prefabs/Nature/Flora/BioForge/Shallows/TubeCoral/GEN_Shallows_TubeCoral_026_Flora_F56E0931.prefab;Assets/_Project/Prefabs/Nature/Flora/BioForge/Shallows/TubeCoral/GEN_Shallows_TubeCoral_027_Flora_05406229.prefab;Assets/_Project/Prefabs/Nature/Flora/BioForge/Shallows/TubeCoral/GEN_Shallows_TubeCoral_028_Flora_1512BB21.prefab;Assets/_Project/Prefabs/Nature/Flora/BioForge/Shallows/TubeCoral/GEN_Shallows_TubeCoral_029_Flora_24E51419.prefab;Assets/_Project/Prefabs/Nature/Flora/BioForge/Shallows/TubeCoral/GEN_Shallows_TubeCoral_030_Flora_34B76D11.prefab;Assets/_Project/Prefabs/Nature/Flora/BioForge/Shallows/TubeCoral/GEN_Shallows_TubeCoral_031_Flora_4489C609.prefab;Assets/_Project/Prefabs/Nature/Flora/BioForge/Shallows/TubeCoral/GEN_Shallows_TubeCoral_032_Flora_545C1F01.prefab;Assets/_Project/Prefabs/Nature/Flora/BioForge/Shallows/TubeCoral/GEN_Shallows_TubeCoral_033_Flora_642E77F9.prefab;Assets/_Project/Prefabs/Nature/Flora/BioForge/Shallows/TubeCoral/GEN_Shallows_TubeCoral_034_Flora_7400D0F1.prefab;Assets/_Project/Prefabs/Nature/Flora/BioForge/Shallows/TubeCoral/GEN_Shallows_TubeCoral_035_Flora_83D329E9.prefab;Assets/_Project/Prefabs/Nature/Flora/BioForge/Shallows/TubeCoral/GEN_Shallows_TubeCoral_036_Flora_93A582E1.prefab;Assets/_Project/Prefabs/Nature/Flora/BioForge/Shallows/TubeCoral/GEN_Shallows_TubeCoral_037_Flora_A377DBD9.prefab;Assets/_Project/Prefabs/Nature/Flora/BioForge/Shallows/TubeCoral/GEN_Shallows_TubeCoral_038_Flora_B34A34D1.prefab;Assets/_Project/Prefabs/Nature/Flora/BioForge/Shallows/TubeCoral/GEN_Shallows_TubeCoral_039_Flora_C31C8DC9.prefab;Assets/_Project/Prefabs/Nature/Flora/BioForge/Shallows/TubeCoral/GEN_Shallows_TubeCoral_040_Flora_D2EEE6C1.prefab;Assets/_Project/Prefabs/Nature/Flora/BioForge/Shallows/TubeCoral/GEN_Shallows_TubeCoral_041_Flora_E2C13FB9.prefab;Assets/_Project/Prefabs/Nature/Flora/BioForge/Shallows/TubeCoral/GEN_Shallows_TubeCoral_042_Flora_F29398B1.prefab;Assets/_Project/Prefabs/Nature/Flora/BioForge/Shallows/TubeCoral/GEN_Shallows_TubeCoral_043_Flora_0265F1A9.prefab;Assets/_Project/Prefabs/Nature/Flora/BioForge/Shallows/TubeCoral/GEN_Shallows_TubeCoral_044_Flora_12384AA1.prefab;Assets/_Project/Prefabs/Nature/Flora/BioForge/Shallows/TubeCoral/GEN_Shallows_TubeCoral_045_Flora_220AA399.prefab;Assets/_Project/Prefabs/Nature/Flora/BioForge/Shallows/TubeCoral/GEN_Shallows_TubeCoral_046_Flora_31DCFC91.prefab;Assets/_Project/Prefabs/Nature/Flora/BioForge/Shallows/TubeCoral/GEN_Shallows_TubeCoral_047_Flora_41AF5589.prefab;Assets/_Project/Prefabs/Nature/Flora/BioForge/Shallows/TubeCoral/GEN_Shallows_TubeCoral_048_Flora_5181AE81.prefab;Assets/_Project/Prefabs/Nature/Flora/BioForge/Shallows/TubeCoral/GEN_Shallows_TubeCoral_049_Flora_61540779.prefab,Assets/_Project/Art/Materials/WorldProceduralProxy/MAT_Flora_ImpostorAtlas.mat;Assets/_Project/Art/Materials/WorldProceduralProxy/MAT_ProceduralBio_Shallows.mat,STATIC_SOURCE,streaming_mips_disabled
Assets/_Project/Art/TEXTURES/WorldProceduralFlora/TX_ProceduralBio_Shallows_MatCap.png,aee5195c03ee8de46b759b59755a5a50,REFERENCED_TEXTURE;PROXY_CONTAMINATION_TEXTURE,,CANDIDATE_BLOCKED_BY_MATERIAL_PROOF,bio_material_source,1024,1024,0.147,1,1,0,1,Assets/_Project/Art/Materials/WorldProceduralProxy/MAT_ProceduralBio_Shallows.mat[_MatCap],200,Assets/_Project/Prefabs/Nature/Flora/BioForge/Shallows/Kelp/GEN_Shallows_Kelp_000_Flora_5A110101.prefab;Assets/_Project/Prefabs/Nature/Flora/BioForge/Shallows/Kelp/GEN_Shallows_Kelp_001_Flora_69E359F9.prefab;Assets/_Project/Prefabs/Nature/Flora/BioForge/Shallows/Kelp/GEN_Shallows_Kelp_002_Flora_79B5B2F1.prefab;Assets/_Project/Prefabs/Nature/Flora/BioForge/Shallows/Kelp/GEN_Shallows_Kelp_003_Flora_89880BE9.prefab;Assets/_Project/Prefabs/Nature/Flora/BioForge/Shallows/Kelp/GEN_Shallows_Kelp_004_Flora_995A64E1.prefab;Assets/_Project/Prefabs/Nature/Flora/BioForge/Shallows/Kelp/GEN_Shallows_Kelp_005_Flora_A92CBDD9.prefab;Assets/_Project/Prefabs/Nature/Flora/BioForge/Shallows/Kelp/GEN_Shallows_Kelp_006_Flora_B8FF16D1.prefab;Assets/_Project/Prefabs/Nature/Flora/BioForge/Shallows/Kelp/GEN_Shallows_Kelp_007_Flora_C8D16FC9.prefab;Assets/_Project/Prefabs/Nature/Flora/BioForge/Shallows/Kelp/GEN_Shallows_Kelp_008_Flora_D8A3C8C1.prefab;Assets/_Project/Prefabs/Nature/Flora/BioForge/Shallows/Kelp/GEN_Shallows_Kelp_009_Flora_E87621B9.prefab;Assets/_Project/Prefabs/Nature/Flora/BioForge/Shallows/Kelp/GEN_Shallows_Kelp_010_Flora_F8487AB1.prefab;Assets/_Project/Prefabs/Nature/Flora/BioForge/Shallows/Kelp/GEN_Shallows_Kelp_011_Flora_081AD3A9.prefab;Assets/_Project/Prefabs/Nature/Flora/BioForge/Shallows/Kelp/GEN_Shallows_Kelp_012_Flora_17ED2CA1.prefab;Assets/_Project/Prefabs/Nature/Flora/BioForge/Shallows/Kelp/GEN_Shallows_Kelp_013_Flora_27BF8599.prefab;Assets/_Project/Prefabs/Nature/Flora/BioForge/Shallows/Kelp/GEN_Shallows_Kelp_014_Flora_3791DE91.prefab;Assets/_Project/Prefabs/Nature/Flora/BioForge/Shallows/Kelp/GEN_Shallows_Kelp_015_Flora_47643789.prefab;Assets/_Project/Prefabs/Nature/Flora/BioForge/Shallows/Kelp/GEN_Shallows_Kelp_016_Flora_57369081.prefab;Assets/_Project/Prefabs/Nature/Flora/BioForge/Shallows/Kelp/GEN_Shallows_Kelp_017_Flora_6708E979.prefab;Assets/_Project/Prefabs/Nature/Flora/BioForge/Shallows/Kelp/GEN_Shallows_Kelp_018_Flora_76DB4271.prefab;Assets/_Project/Prefabs/Nature/Flora/BioForge/Shallows/Kelp/GEN_Shallows_Kelp_019_Flora_86AD9B69.prefab;Assets/_Project/Prefabs/Nature/Flora/BioForge/Shallows/Kelp/GEN_Shallows_Kelp_020_Flora_967FF461.prefab;Assets/_Project/Prefabs/Nature/Flora/BioForge/Shallows/Kelp/GEN_Shallows_Kelp_021_Flora_A6524D59.prefab;Assets/_Project/Prefabs/Nature/Flora/BioForge/Shallows/Kelp/GEN_Shallows_Kelp_022_Flora_B624A651.prefab;Assets/_Project/Prefabs/Nature/Flora/BioForge/Shallows/Kelp/GEN_Shallows_Kelp_023_Flora_C5F6FF49.prefab;Assets/_Project/Prefabs/Nature/Flora/BioForge/Shallows/Kelp/GEN_Shallows_Kelp_024_Flora_D5C95841.prefab;Assets/_Project/Prefabs/Nature/Flora/BioForge/Shallows/Kelp/GEN_Shallows_Kelp_025_Flora_E59BB139.prefab;Assets/_Project/Prefabs/Nature/Flora/BioForge/Shallows/Kelp/GEN_Shallows_Kelp_026_Flora_F56E0A31.prefab;Assets/_Project/Prefabs/Nature/Flora/BioForge/Shallows/Kelp/GEN_Shallows_Kelp_027_Flora_05406329.prefab;Assets/_Project/Prefabs/Nature/Flora/BioForge/Shallows/Kelp/GEN_Shallows_Kelp_028_Flora_1512BC21.prefab;Assets/_Project/Prefabs/Nature/Flora/BioForge/Shallows/Kelp/GEN_Shallows_Kelp_029_Flora_24E51519.prefab;Assets/_Project/Prefabs/Nature/Flora/BioForge/Shallows/Kelp/GEN_Shallows_Kelp_030_Flora_34B76E11.prefab;Assets/_Project/Prefabs/Nature/Flora/BioForge/Shallows/Kelp/GEN_Shallows_Kelp_031_Flora_4489C709.prefab;Assets/_Project/Prefabs/Nature/Flora/BioForge/Shallows/Kelp/GEN_Shallows_Kelp_032_Flora_545C2001.prefab;Assets/_Project/Prefabs/Nature/Flora/BioForge/Shallows/Kelp/GEN_Shallows_Kelp_033_Flora_642E78F9.prefab;Assets/_Project/Prefabs/Nature/Flora/BioForge/Shallows/Kelp/GEN_Shallows_Kelp_034_Flora_7400D1F1.prefab;Assets/_Project/Prefabs/Nature/Flora/BioForge/Shallows/Kelp/GEN_Shallows_Kelp_035_Flora_83D32AE9.prefab;Assets/_Project/Prefabs/Nature/Flora/BioForge/Shallows/Kelp/GEN_Shallows_Kelp_036_Flora_93A583E1.prefab;Assets/_Project/Prefabs/Nature/Flora/BioForge/Shallows/Kelp/GEN_Shallows_Kelp_037_Flora_A377DCD9.prefab;Assets/_Project/Prefabs/Nature/Flora/BioForge/Shallows/Kelp/GEN_Shallows_Kelp_038_Flora_B34A35D1.prefab;Assets/_Project/Prefabs/Nature/Flora/BioForge/Shallows/Kelp/GEN_Shallows_Kelp_039_Flora_C31C8EC9.prefab;Assets/_Project/Prefabs/Nature/Flora/BioForge/Shallows/Kelp/GEN_Shallows_Kelp_040_Flora_D2EEE7C1.prefab;Assets/_Project/Prefabs/Nature/Flora/BioForge/Shallows/Kelp/GEN_Shallows_Kelp_041_Flora_E2C140B9.prefab;Assets/_Project/Prefabs/Nature/Flora/BioForge/Shallows/Kelp/GEN_Shallows_Kelp_042_Flora_F29399B1.prefab;Assets/_Project/Prefabs/Nature/Flora/BioForge/Shallows/Kelp/GEN_Shallows_Kelp_043_Flora_0265F2A9.prefab;Assets/_Project/Prefabs/Nature/Flora/BioForge/Shallows/Kelp/GEN_Shallows_Kelp_044_Flora_12384BA1.prefab;Assets/_Project/Prefabs/Nature/Flora/BioForge/Shallows/Kelp/GEN_Shallows_Kelp_045_Flora_220AA499.prefab;Assets/_Project/Prefabs/Nature/Flora/BioForge/Shallows/Kelp/GEN_Shallows_Kelp_046_Flora_31DCFD91.prefab;Assets/_Project/Prefabs/Nature/Flora/BioForge/Shallows/Kelp/GEN_Shallows_Kelp_047_Flora_41AF5689.prefab;Assets/_Project/Prefabs/Nature/Flora/BioForge/Shallows/Kelp/GEN_Shallows_Kelp_048_Flora_5181AF81.prefab;Assets/_Project/Prefabs/Nature/Flora/BioForge/Shallows/Kelp/GEN_Shallows_Kelp_049_Flora_61540879.prefab;Assets/_Project/Prefabs/Nature/Flora/BioForge/Shallows/Kelp/GEN_Shallows_Kelp_050_Flora_71266171.prefab;Assets/_Project/Prefabs/Nature/Flora/BioForge/Shallows/Kelp/GEN_Shallows_Kelp_051_Flora_80F8BA69.prefab;Assets/_Project/Prefabs/Nature/Flora/BioForge/Shallows/Kelp/GEN_Shallows_Kelp_052_Flora_90CB1361.prefab;Assets/_Project/Prefabs/Nature/Flora/BioForge/Shallows/Kelp/GEN_Shallows_Kelp_053_Flora_A09D6C59.prefab;Assets/_Project/Prefabs/Nature/Flora/BioForge/Shallows/Kelp/GEN_Shallows_Kelp_054_Flora_B06FC551.prefab;Assets/_Project/Prefabs/Nature/Flora/BioForge/Shallows/Kelp/GEN_Shallows_Kelp_055_Flora_C0421E49.prefab;Assets/_Project/Prefabs/Nature/Flora/BioForge/Shallows/Kelp/GEN_Shallows_Kelp_056_Flora_D0147741.prefab;Assets/_Project/Prefabs/Nature/Flora/BioForge/Shallows/Kelp/GEN_Shallows_Kelp_057_Flora_DFE6D039.prefab;Assets/_Project/Prefabs/Nature/Flora/BioForge/Shallows/Kelp/GEN_Shallows_Kelp_058_Flora_EFB92931.prefab;Assets/_Project/Prefabs/Nature/Flora/BioForge/Shallows/Kelp/GEN_Shallows_Kelp_059_Flora_FF8B8229.prefab;Assets/_Project/Prefabs/Nature/Flora/BioForge/Shallows/Kelp/GEN_Shallows_Kelp_060_Flora_0F5DDB21.prefab;Assets/_Project/Prefabs/Nature/Flora/BioForge/Shallows/Kelp/GEN_Shallows_Kelp_061_Flora_1F303419.prefab;Assets/_Project/Prefabs/Nature/Flora/BioForge/Shallows/Kelp/GEN_Shallows_Kelp_062_Flora_2F028D11.prefab;Assets/_Project/Prefabs/Nature/Flora/BioForge/Shallows/Kelp/GEN_Shallows_Kelp_063_Flora_3ED4E609.prefab;Assets/_Project/Prefabs/Nature/Flora/BioForge/Shallows/Kelp/GEN_Shallows_Kelp_064_Flora_4EA73F01.prefab;Assets/_Project/Prefabs/Nature/Flora/BioForge/Shallows/Kelp/GEN_Shallows_Kelp_065_Flora_5E7997F9.prefab;Assets/_Project/Prefabs/Nature/Flora/BioForge/Shallows/Kelp/GEN_Shallows_Kelp_066_Flora_6E4BF0F1.prefab;Assets/_Project/Prefabs/Nature/Flora/BioForge/Shallows/Kelp/GEN_Shallows_Kelp_067_Flora_7E1E49E9.prefab;Assets/_Project/Prefabs/Nature/Flora/BioForge/Shallows/Kelp/GEN_Shallows_Kelp_068_Flora_8DF0A2E1.prefab;Assets/_Project/Prefabs/Nature/Flora/BioForge/Shallows/Kelp/GEN_Shallows_Kelp_069_Flora_9DC2FBD9.prefab;Assets/_Project/Prefabs/Nature/Flora/BioForge/Shallows/Kelp/GEN_Shallows_Kelp_070_Flora_AD9554D1.prefab;Assets/_Project/Prefabs/Nature/Flora/BioForge/Shallows/Kelp/GEN_Shallows_Kelp_071_Flora_BD67ADC9.prefab;Assets/_Project/Prefabs/Nature/Flora/BioForge/Shallows/Kelp/GEN_Shallows_Kelp_072_Flora_CD3A06C1.prefab;Assets/_Project/Prefabs/Nature/Flora/BioForge/Shallows/Kelp/GEN_Shallows_Kelp_073_Flora_DD0C5FB9.prefab;Assets/_Project/Prefabs/Nature/Flora/BioForge/Shallows/Kelp/GEN_Shallows_Kelp_074_Flora_ECDEB8B1.prefab;Assets/_Project/Prefabs/Nature/Flora/BioForge/Shallows/Kelp/GEN_Shallows_Kelp_075_Flora_FCB111A9.prefab;Assets/_Project/Prefabs/Nature/Flora/BioForge/Shallows/Kelp/GEN_Shallows_Kelp_076_Flora_0C836AA1.prefab;Assets/_Project/Prefabs/Nature/Flora/BioForge/Shallows/Kelp/GEN_Shallows_Kelp_077_Flora_1C55C399.prefab;Assets/_Project/Prefabs/Nature/Flora/BioForge/Shallows/Kelp/GEN_Shallows_Kelp_078_Flora_2C281C91.prefab;Assets/_Project/Prefabs/Nature/Flora/BioForge/Shallows/Kelp/GEN_Shallows_Kelp_079_Flora_3BFA7589.prefab;Assets/_Project/Prefabs/Nature/Flora/BioForge/Shallows/Kelp/GEN_Shallows_Kelp_080_Flora_4BCCCE81.prefab;Assets/_Project/Prefabs/Nature/Flora/BioForge/Shallows/Kelp/GEN_Shallows_Kelp_081_Flora_5B9F2779.prefab;Assets/_Project/Prefabs/Nature/Flora/BioForge/Shallows/Kelp/GEN_Shallows_Kelp_082_Flora_6B718071.prefab;Assets/_Project/Prefabs/Nature/Flora/BioForge/Shallows/Kelp/GEN_Shallows_Kelp_083_Flora_7B43D969.prefab;Assets/_Project/Prefabs/Nature/Flora/BioForge/Shallows/Kelp/GEN_Shallows_Kelp_084_Flora_8B163261.prefab;Assets/_Project/Prefabs/Nature/Flora/BioForge/Shallows/Kelp/GEN_Shallows_Kelp_085_Flora_9AE88B59.prefab;Assets/_Project/Prefabs/Nature/Flora/BioForge/Shallows/Kelp/GEN_Shallows_Kelp_086_Flora_AABAE451.prefab;Assets/_Project/Prefabs/Nature/Flora/BioForge/Shallows/Kelp/GEN_Shallows_Kelp_087_Flora_BA8D3D49.prefab;Assets/_Project/Prefabs/Nature/Flora/BioForge/Shallows/Kelp/GEN_Shallows_Kelp_088_Flora_CA5F9641.prefab;Assets/_Project/Prefabs/Nature/Flora/BioForge/Shallows/Kelp/GEN_Shallows_Kelp_089_Flora_DA31EF39.prefab;Assets/_Project/Prefabs/Nature/Flora/BioForge/Shallows/Kelp/GEN_Shallows_Kelp_090_Flora_EA044831.prefab;Assets/_Project/Prefabs/Nature/Flora/BioForge/Shallows/Kelp/GEN_Shallows_Kelp_091_Flora_F9D6A129.prefab;Assets/_Project/Prefabs/Nature/Flora/BioForge/Shallows/Kelp/GEN_Shallows_Kelp_092_Flora_09A8FA21.prefab;Assets/_Project/Prefabs/Nature/Flora/BioForge/Shallows/Kelp/GEN_Shallows_Kelp_093_Flora_197B5319.prefab;Assets/_Project/Prefabs/Nature/Flora/BioForge/Shallows/Kelp/GEN_Shallows_Kelp_094_Flora_294DAC11.prefab;Assets/_Project/Prefabs/Nature/Flora/BioForge/Shallows/Kelp/GEN_Shallows_Kelp_095_Flora_39200509.prefab;Assets/_Project/Prefabs/Nature/Flora/BioForge/Shallows/Kelp/GEN_Shallows_Kelp_096_Flora_48F25E01.prefab;Assets/_Project/Prefabs/Nature/Flora/BioForge/Shallows/Kelp/GEN_Shallows_Kelp_097_Flora_58C4B6F9.prefab;Assets/_Project/Prefabs/Nature/Flora/BioForge/Shallows/Kelp/GEN_Shallows_Kelp_098_Flora_68970FF1.prefab;Assets/_Project/Prefabs/Nature/Flora/BioForge/Shallows/Kelp/GEN_Shallows_Kelp_099_Flora_786968E9.prefab;Assets/_Project/Prefabs/Nature/Flora/BioForge/Shallows/PorousRock/GEN_Shallows_PorousRock_000_Rock_ABFE290C.prefab;Assets/_Project/Prefabs/Nature/Flora/BioForge/Shallows/PorousRock/GEN_Shallows_PorousRock_001_Rock_EDC47779.prefab;Assets/_Project/Prefabs/Nature/Flora/BioForge/Shallows/PorousRock/GEN_Shallows_PorousRock_002_Rock_2F8AC5E6.prefab;Assets/_Project/Prefabs/Nature/Flora/BioForge/Shallows/PorousRock/GEN_Shallows_PorousRock_003_Rock_71511453.prefab;Assets/_Project/Prefabs/Nature/Flora/BioForge/Shallows/PorousRock/GEN_Shallows_PorousRock_004_Rock_B31762C0.prefab;Assets/_Project/Prefabs/Nature/Flora/BioForge/Shallows/PorousRock/GEN_Shallows_PorousRock_005_Rock_F4DDB12D.prefab;Assets/_Project/Prefabs/Nature/Flora/BioForge/Shallows/PorousRock/GEN_Shallows_PorousRock_006_Rock_36A3FF9A.prefab;Assets/_Project/Prefabs/Nature/Flora/BioForge/Shallows/PorousRock/GEN_Shallows_PorousRock_007_Rock_786A4E07.prefab;Assets/_Project/Prefabs/Nature/Flora/BioForge/Shallows/PorousRock/GEN_Shallows_PorousRock_008_Rock_BA309C74.prefab;Assets/_Project/Prefabs/Nature/Flora/BioForge/Shallows/PorousRock/GEN_Shallows_PorousRock_009_Rock_FBF6EAE1.prefab;Assets/_Project/Prefabs/Nature/Flora/BioForge/Shallows/PorousRock/GEN_Shallows_PorousRock_010_Rock_3DBD394E.prefab;Assets/_Project/Prefabs/Nature/Flora/BioForge/Shallows/PorousRock/GEN_Shallows_PorousRock_011_Rock_7F8387BB.prefab;Assets/_Project/Prefabs/Nature/Flora/BioForge/Shallows/PorousRock/GEN_Shallows_PorousRock_012_Rock_C149D628.prefab;Assets/_Project/Prefabs/Nature/Flora/BioForge/Shallows/PorousRock/GEN_Shallows_PorousRock_013_Rock_03102495.prefab;Assets/_Project/Prefabs/Nature/Flora/BioForge/Shallows/PorousRock/GEN_Shallows_PorousRock_014_Rock_44D67302.prefab;Assets/_Project/Prefabs/Nature/Flora/BioForge/Shallows/PorousRock/GEN_Shallows_PorousRock_015_Rock_869CC16F.prefab;Assets/_Project/Prefabs/Nature/Flora/BioForge/Shallows/PorousRock/GEN_Shallows_PorousRock_016_Rock_C8630FDC.prefab;Assets/_Project/Prefabs/Nature/Flora/BioForge/Shallows/PorousRock/GEN_Shallows_PorousRock_017_Rock_0A295E49.prefab;Assets/_Project/Prefabs/Nature/Flora/BioForge/Shallows/PorousRock/GEN_Shallows_PorousRock_018_Rock_4BEFACB6.prefab;Assets/_Project/Prefabs/Nature/Flora/BioForge/Shallows/PorousRock/GEN_Shallows_PorousRock_019_Rock_8DB5FB23.prefab;Assets/_Project/Prefabs/Nature/Flora/BioForge/Shallows/PorousRock/GEN_Shallows_PorousRock_020_Rock_CF7C4990.prefab;Assets/_Project/Prefabs/Nature/Flora/BioForge/Shallows/PorousRock/GEN_Shallows_PorousRock_021_Rock_114297FD.prefab;Assets/_Project/Prefabs/Nature/Flora/BioForge/Shallows/PorousRock/GEN_Shallows_PorousRock_022_Rock_5308E66A.prefab;Assets/_Project/Prefabs/Nature/Flora/BioForge/Shallows/PorousRock/GEN_Shallows_PorousRock_023_Rock_94CF34D7.prefab;Assets/_Project/Prefabs/Nature/Flora/BioForge/Shallows/PorousRock/GEN_Shallows_PorousRock_024_Rock_D6958344.prefab;Assets/_Project/Prefabs/Nature/Flora/BioForge/Shallows/PorousRock/GEN_Shallows_PorousRock_025_Rock_185BD1B1.prefab;Assets/_Project/Prefabs/Nature/Flora/BioForge/Shallows/PorousRock/GEN_Shallows_PorousRock_026_Rock_5A22201E.prefab;Assets/_Project/Prefabs/Nature/Flora/BioForge/Shallows/PorousRock/GEN_Shallows_PorousRock_027_Rock_9BE86E8B.prefab;Assets/_Project/Prefabs/Nature/Flora/BioForge/Shallows/PorousRock/GEN_Shallows_PorousRock_028_Rock_DDAEBCF8.prefab;Assets/_Project/Prefabs/Nature/Flora/BioForge/Shallows/PorousRock/GEN_Shallows_PorousRock_029_Rock_1F750B65.prefab;Assets/_Project/Prefabs/Nature/Flora/BioForge/Shallows/PorousRock/GEN_Shallows_PorousRock_030_Rock_613B59D2.prefab;Assets/_Project/Prefabs/Nature/Flora/BioForge/Shallows/PorousRock/GEN_Shallows_PorousRock_031_Rock_A301A83F.prefab;Assets/_Project/Prefabs/Nature/Flora/BioForge/Shallows/PorousRock/GEN_Shallows_PorousRock_032_Rock_E4C7F6AC.prefab;Assets/_Project/Prefabs/Nature/Flora/BioForge/Shallows/PorousRock/GEN_Shallows_PorousRock_033_Rock_268E4519.prefab;Assets/_Project/Prefabs/Nature/Flora/BioForge/Shallows/PorousRock/GEN_Shallows_PorousRock_034_Rock_68549386.prefab;Assets/_Project/Prefabs/Nature/Flora/BioForge/Shallows/PorousRock/GEN_Shallows_PorousRock_035_Rock_AA1AE1F3.prefab;Assets/_Project/Prefabs/Nature/Flora/BioForge/Shallows/PorousRock/GEN_Shallows_PorousRock_036_Rock_EBE13060.prefab;Assets/_Project/Prefabs/Nature/Flora/BioForge/Shallows/PorousRock/GEN_Shallows_PorousRock_037_Rock_2DA77ECD.prefab;Assets/_Project/Prefabs/Nature/Flora/BioForge/Shallows/PorousRock/GEN_Shallows_PorousRock_038_Rock_6F6DCD3A.prefab;Assets/_Project/Prefabs/Nature/Flora/BioForge/Shallows/PorousRock/GEN_Shallows_PorousRock_039_Rock_B1341BA7.prefab;Assets/_Project/Prefabs/Nature/Flora/BioForge/Shallows/PorousRock/GEN_Shallows_PorousRock_040_Rock_F2FA6A14.prefab;Assets/_Project/Prefabs/Nature/Flora/BioForge/Shallows/PorousRock/GEN_Shallows_PorousRock_041_Rock_34C0B881.prefab;Assets/_Project/Prefabs/Nature/Flora/BioForge/Shallows/PorousRock/GEN_Shallows_PorousRock_042_Rock_768706EE.prefab;Assets/_Project/Prefabs/Nature/Flora/BioForge/Shallows/PorousRock/GEN_Shallows_PorousRock_043_Rock_B84D555B.prefab;Assets/_Project/Prefabs/Nature/Flora/BioForge/Shallows/PorousRock/GEN_Shallows_PorousRock_044_Rock_FA13A3C8.prefab;Assets/_Project/Prefabs/Nature/Flora/BioForge/Shallows/PorousRock/GEN_Shallows_PorousRock_045_Rock_3BD9F235.prefab;Assets/_Project/Prefabs/Nature/Flora/BioForge/Shallows/PorousRock/GEN_Shallows_PorousRock_046_Rock_7DA040A2.prefab;Assets/_Project/Prefabs/Nature/Flora/BioForge/Shallows/PorousRock/GEN_Shallows_PorousRock_047_Rock_BF668F0F.prefab;Assets/_Project/Prefabs/Nature/Flora/BioForge/Shallows/PorousRock/GEN_Shallows_PorousRock_048_Rock_012CDD7C.prefab;Assets/_Project/Prefabs/Nature/Flora/BioForge/Shallows/PorousRock/GEN_Shallows_PorousRock_049_Rock_42F32BE9.prefab;Assets/_Project/Prefabs/Nature/Flora/BioForge/Shallows/TubeCoral/GEN_Shallows_TubeCoral_000_Flora_5A110001.prefab;Assets/_Project/Prefabs/Nature/Flora/BioForge/Shallows/TubeCoral/GEN_Shallows_TubeCoral_001_Flora_69E358F9.prefab;Assets/_Project/Prefabs/Nature/Flora/BioForge/Shallows/TubeCoral/GEN_Shallows_TubeCoral_002_Flora_79B5B1F1.prefab;Assets/_Project/Prefabs/Nature/Flora/BioForge/Shallows/TubeCoral/GEN_Shallows_TubeCoral_003_Flora_89880AE9.prefab;Assets/_Project/Prefabs/Nature/Flora/BioForge/Shallows/TubeCoral/GEN_Shallows_TubeCoral_004_Flora_995A63E1.prefab;Assets/_Project/Prefabs/Nature/Flora/BioForge/Shallows/TubeCoral/GEN_Shallows_TubeCoral_005_Flora_A92CBCD9.prefab;Assets/_Project/Prefabs/Nature/Flora/BioForge/Shallows/TubeCoral/GEN_Shallows_TubeCoral_006_Flora_B8FF15D1.prefab;Assets/_Project/Prefabs/Nature/Flora/BioForge/Shallows/TubeCoral/GEN_Shallows_TubeCoral_007_Flora_C8D16EC9.prefab;Assets/_Project/Prefabs/Nature/Flora/BioForge/Shallows/TubeCoral/GEN_Shallows_TubeCoral_008_Flora_D8A3C7C1.prefab;Assets/_Project/Prefabs/Nature/Flora/BioForge/Shallows/TubeCoral/GEN_Shallows_TubeCoral_009_Flora_E87620B9.prefab;Assets/_Project/Prefabs/Nature/Flora/BioForge/Shallows/TubeCoral/GEN_Shallows_TubeCoral_010_Flora_F84879B1.prefab;Assets/_Project/Prefabs/Nature/Flora/BioForge/Shallows/TubeCoral/GEN_Shallows_TubeCoral_011_Flora_081AD2A9.prefab;Assets/_Project/Prefabs/Nature/Flora/BioForge/Shallows/TubeCoral/GEN_Shallows_TubeCoral_012_Flora_17ED2BA1.prefab;Assets/_Project/Prefabs/Nature/Flora/BioForge/Shallows/TubeCoral/GEN_Shallows_TubeCoral_013_Flora_27BF8499.prefab;Assets/_Project/Prefabs/Nature/Flora/BioForge/Shallows/TubeCoral/GEN_Shallows_TubeCoral_014_Flora_3791DD91.prefab;Assets/_Project/Prefabs/Nature/Flora/BioForge/Shallows/TubeCoral/GEN_Shallows_TubeCoral_015_Flora_47643689.prefab;Assets/_Project/Prefabs/Nature/Flora/BioForge/Shallows/TubeCoral/GEN_Shallows_TubeCoral_016_Flora_57368F81.prefab;Assets/_Project/Prefabs/Nature/Flora/BioForge/Shallows/TubeCoral/GEN_Shallows_TubeCoral_017_Flora_6708E879.prefab;Assets/_Project/Prefabs/Nature/Flora/BioForge/Shallows/TubeCoral/GEN_Shallows_TubeCoral_018_Flora_76DB4171.prefab;Assets/_Project/Prefabs/Nature/Flora/BioForge/Shallows/TubeCoral/GEN_Shallows_TubeCoral_019_Flora_86AD9A69.prefab;Assets/_Project/Prefabs/Nature/Flora/BioForge/Shallows/TubeCoral/GEN_Shallows_TubeCoral_020_Flora_967FF361.prefab;Assets/_Project/Prefabs/Nature/Flora/BioForge/Shallows/TubeCoral/GEN_Shallows_TubeCoral_021_Flora_A6524C59.prefab;Assets/_Project/Prefabs/Nature/Flora/BioForge/Shallows/TubeCoral/GEN_Shallows_TubeCoral_022_Flora_B624A551.prefab;Assets/_Project/Prefabs/Nature/Flora/BioForge/Shallows/TubeCoral/GEN_Shallows_TubeCoral_023_Flora_C5F6FE49.prefab;Assets/_Project/Prefabs/Nature/Flora/BioForge/Shallows/TubeCoral/GEN_Shallows_TubeCoral_024_Flora_D5C95741.prefab;Assets/_Project/Prefabs/Nature/Flora/BioForge/Shallows/TubeCoral/GEN_Shallows_TubeCoral_025_Flora_E59BB039.prefab;Assets/_Project/Prefabs/Nature/Flora/BioForge/Shallows/TubeCoral/GEN_Shallows_TubeCoral_026_Flora_F56E0931.prefab;Assets/_Project/Prefabs/Nature/Flora/BioForge/Shallows/TubeCoral/GEN_Shallows_TubeCoral_027_Flora_05406229.prefab;Assets/_Project/Prefabs/Nature/Flora/BioForge/Shallows/TubeCoral/GEN_Shallows_TubeCoral_028_Flora_1512BB21.prefab;Assets/_Project/Prefabs/Nature/Flora/BioForge/Shallows/TubeCoral/GEN_Shallows_TubeCoral_029_Flora_24E51419.prefab;Assets/_Project/Prefabs/Nature/Flora/BioForge/Shallows/TubeCoral/GEN_Shallows_TubeCoral_030_Flora_34B76D11.prefab;Assets/_Project/Prefabs/Nature/Flora/BioForge/Shallows/TubeCoral/GEN_Shallows_TubeCoral_031_Flora_4489C609.prefab;Assets/_Project/Prefabs/Nature/Flora/BioForge/Shallows/TubeCoral/GEN_Shallows_TubeCoral_032_Flora_545C1F01.prefab;Assets/_Project/Prefabs/Nature/Flora/BioForge/Shallows/TubeCoral/GEN_Shallows_TubeCoral_033_Flora_642E77F9.prefab;Assets/_Project/Prefabs/Nature/Flora/BioForge/Shallows/TubeCoral/GEN_Shallows_TubeCoral_034_Flora_7400D0F1.prefab;Assets/_Project/Prefabs/Nature/Flora/BioForge/Shallows/TubeCoral/GEN_Shallows_TubeCoral_035_Flora_83D329E9.prefab;Assets/_Project/Prefabs/Nature/Flora/BioForge/Shallows/TubeCoral/GEN_Shallows_TubeCoral_036_Flora_93A582E1.prefab;Assets/_Project/Prefabs/Nature/Flora/BioForge/Shallows/TubeCoral/GEN_Shallows_TubeCoral_037_Flora_A377DBD9.prefab;Assets/_Project/Prefabs/Nature/Flora/BioForge/Shallows/TubeCoral/GEN_Shallows_TubeCoral_038_Flora_B34A34D1.prefab;Assets/_Project/Prefabs/Nature/Flora/BioForge/Shallows/TubeCoral/GEN_Shallows_TubeCoral_039_Flora_C31C8DC9.prefab;Assets/_Project/Prefabs/Nature/Flora/BioForge/Shallows/TubeCoral/GEN_Shallows_TubeCoral_040_Flora_D2EEE6C1.prefab;Assets/_Project/Prefabs/Nature/Flora/BioForge/Shallows/TubeCoral/GEN_Shallows_TubeCoral_041_Flora_E2C13FB9.prefab;Assets/_Project/Prefabs/Nature/Flora/BioForge/Shallows/TubeCoral/GEN_Shallows_TubeCoral_042_Flora_F29398B1.prefab;Assets/_Project/Prefabs/Nature/Flora/BioForge/Shallows/TubeCoral/GEN_Shallows_TubeCoral_043_Flora_0265F1A9.prefab;Assets/_Project/Prefabs/Nature/Flora/BioForge/Shallows/TubeCoral/GEN_Shallows_TubeCoral_044_Flora_12384AA1.prefab;Assets/_Project/Prefabs/Nature/Flora/BioForge/Shallows/TubeCoral/GEN_Shallows_TubeCoral_045_Flora_220AA399.prefab;Assets/_Project/Prefabs/Nature/Flora/BioForge/Shallows/TubeCoral/GEN_Shallows_TubeCoral_046_Flora_31DCFC91.prefab;Assets/_Project/Prefabs/Nature/Flora/BioForge/Shallows/TubeCoral/GEN_Shallows_TubeCoral_047_Flora_41AF5589.prefab;Assets/_Project/Prefabs/Nature/Flora/BioForge/Shallows/TubeCoral/GEN_Shallows_TubeCoral_048_Flora_5181AE81.prefab;Assets/_Project/Prefabs/Nature/Flora/BioForge/Shallows/TubeCoral/GEN_Shallows_TubeCoral_049_Flora_61540779.prefab,,,,Assets/_Project/Prefabs/Nature/Flora/BioForge/Shallows/Kelp/GEN_Shallows_Kelp_000_Flora_5A110101.prefab;Assets/_Project/Prefabs/Nature/Flora/BioForge/Shallows/Kelp/GEN_Shallows_Kelp_001_Flora_69E359F9.prefab;Assets/_Project/Prefabs/Nature/Flora/BioForge/Shallows/Kelp/GEN_Shallows_Kelp_002_Flora_79B5B2F1.prefab;Assets/_Project/Prefabs/Nature/Flora/BioForge/Shallows/Kelp/GEN_Shallows_Kelp_003_Flora_89880BE9.prefab;Assets/_Project/Prefabs/Nature/Flora/BioForge/Shallows/Kelp/GEN_Shallows_Kelp_004_Flora_995A64E1.prefab;Assets/_Project/Prefabs/Nature/Flora/BioForge/Shallows/Kelp/GEN_Shallows_Kelp_005_Flora_A92CBDD9.prefab;Assets/_Project/Prefabs/Nature/Flora/BioForge/Shallows/Kelp/GEN_Shallows_Kelp_006_Flora_B8FF16D1.prefab;Assets/_Project/Prefabs/Nature/Flora/BioForge/Shallows/Kelp/GEN_Shallows_Kelp_007_Flora_C8D16FC9.prefab;Assets/_Project/Prefabs/Nature/Flora/BioForge/Shallows/Kelp/GEN_Shallows_Kelp_008_Flora_D8A3C8C1.prefab;Assets/_Project/Prefabs/Nature/Flora/BioForge/Shallows/Kelp/GEN_Shallows_Kelp_009_Flora_E87621B9.prefab;Assets/_Project/Prefabs/Nature/Flora/BioForge/Shallows/Kelp/GEN_Shallows_Kelp_010_Flora_F8487AB1.prefab;Assets/_Project/Prefabs/Nature/Flora/BioForge/Shallows/Kelp/GEN_Shallows_Kelp_011_Flora_081AD3A9.prefab;Assets/_Project/Prefabs/Nature/Flora/BioForge/Shallows/Kelp/GEN_Shallows_Kelp_012_Flora_17ED2CA1.prefab;Assets/_Project/Prefabs/Nature/Flora/BioForge/Shallows/Kelp/GEN_Shallows_Kelp_013_Flora_27BF8599.prefab;Assets/_Project/Prefabs/Nature/Flora/BioForge/Shallows/Kelp/GEN_Shallows_Kelp_014_Flora_3791DE91.prefab;Assets/_Project/Prefabs/Nature/Flora/BioForge/Shallows/Kelp/GEN_Shallows_Kelp_015_Flora_47643789.prefab;Assets/_Project/Prefabs/Nature/Flora/BioForge/Shallows/Kelp/GEN_Shallows_Kelp_016_Flora_57369081.prefab;Assets/_Project/Prefabs/Nature/Flora/BioForge/Shallows/Kelp/GEN_Shallows_Kelp_017_Flora_6708E979.prefab;Assets/_Project/Prefabs/Nature/Flora/BioForge/Shallows/Kelp/GEN_Shallows_Kelp_018_Flora_76DB4271.prefab;Assets/_Project/Prefabs/Nature/Flora/BioForge/Shallows/Kelp/GEN_Shallows_Kelp_019_Flora_86AD9B69.prefab;Assets/_Project/Prefabs/Nature/Flora/BioForge/Shallows/Kelp/GEN_Shallows_Kelp_020_Flora_967FF461.prefab;Assets/_Project/Prefabs/Nature/Flora/BioForge/Shallows/Kelp/GEN_Shallows_Kelp_021_Flora_A6524D59.prefab;Assets/_Project/Prefabs/Nature/Flora/BioForge/Shallows/Kelp/GEN_Shallows_Kelp_022_Flora_B624A651.prefab;Assets/_Project/Prefabs/Nature/Flora/BioForge/Shallows/Kelp/GEN_Shallows_Kelp_023_Flora_C5F6FF49.prefab;Assets/_Project/Prefabs/Nature/Flora/BioForge/Shallows/Kelp/GEN_Shallows_Kelp_024_Flora_D5C95841.prefab;Assets/_Project/Prefabs/Nature/Flora/BioForge/Shallows/Kelp/GEN_Shallows_Kelp_025_Flora_E59BB139.prefab;Assets/_Project/Prefabs/Nature/Flora/BioForge/Shallows/Kelp/GEN_Shallows_Kelp_026_Flora_F56E0A31.prefab;Assets/_Project/Prefabs/Nature/Flora/BioForge/Shallows/Kelp/GEN_Shallows_Kelp_027_Flora_05406329.prefab;Assets/_Project/Prefabs/Nature/Flora/BioForge/Shallows/Kelp/GEN_Shallows_Kelp_028_Flora_1512BC21.prefab;Assets/_Project/Prefabs/Nature/Flora/BioForge/Shallows/Kelp/GEN_Shallows_Kelp_029_Flora_24E51519.prefab;Assets/_Project/Prefabs/Nature/Flora/BioForge/Shallows/Kelp/GEN_Shallows_Kelp_030_Flora_34B76E11.prefab;Assets/_Project/Prefabs/Nature/Flora/BioForge/Shallows/Kelp/GEN_Shallows_Kelp_031_Flora_4489C709.prefab;Assets/_Project/Prefabs/Nature/Flora/BioForge/Shallows/Kelp/GEN_Shallows_Kelp_032_Flora_545C2001.prefab;Assets/_Project/Prefabs/Nature/Flora/BioForge/Shallows/Kelp/GEN_Shallows_Kelp_033_Flora_642E78F9.prefab;Assets/_Project/Prefabs/Nature/Flora/BioForge/Shallows/Kelp/GEN_Shallows_Kelp_034_Flora_7400D1F1.prefab;Assets/_Project/Prefabs/Nature/Flora/BioForge/Shallows/Kelp/GEN_Shallows_Kelp_035_Flora_83D32AE9.prefab;Assets/_Project/Prefabs/Nature/Flora/BioForge/Shallows/Kelp/GEN_Shallows_Kelp_036_Flora_93A583E1.prefab;Assets/_Project/Prefabs/Nature/Flora/BioForge/Shallows/Kelp/GEN_Shallows_Kelp_037_Flora_A377DCD9.prefab;Assets/_Project/Prefabs/Nature/Flora/BioForge/Shallows/Kelp/GEN_Shallows_Kelp_038_Flora_B34A35D1.prefab;Assets/_Project/Prefabs/Nature/Flora/BioForge/Shallows/Kelp/GEN_Shallows_Kelp_039_Flora_C31C8EC9.prefab;Assets/_Project/Prefabs/Nature/Flora/BioForge/Shallows/Kelp/GEN_Shallows_Kelp_040_Flora_D2EEE7C1.prefab;Assets/_Project/Prefabs/Nature/Flora/BioForge/Shallows/Kelp/GEN_Shallows_Kelp_041_Flora_E2C140B9.prefab;Assets/_Project/Prefabs/Nature/Flora/BioForge/Shallows/Kelp/GEN_Shallows_Kelp_042_Flora_F29399B1.prefab;Assets/_Project/Prefabs/Nature/Flora/BioForge/Shallows/Kelp/GEN_Shallows_Kelp_043_Flora_0265F2A9.prefab;Assets/_Project/Prefabs/Nature/Flora/BioForge/Shallows/Kelp/GEN_Shallows_Kelp_044_Flora_12384BA1.prefab;Assets/_Project/Prefabs/Nature/Flora/BioForge/Shallows/Kelp/GEN_Shallows_Kelp_045_Flora_220AA499.prefab;Assets/_Project/Prefabs/Nature/Flora/BioForge/Shallows/Kelp/GEN_Shallows_Kelp_046_Flora_31DCFD91.prefab;Assets/_Project/Prefabs/Nature/Flora/BioForge/Shallows/Kelp/GEN_Shallows_Kelp_047_Flora_41AF5689.prefab;Assets/_Project/Prefabs/Nature/Flora/BioForge/Shallows/Kelp/GEN_Shallows_Kelp_048_Flora_5181AF81.prefab;Assets/_Project/Prefabs/Nature/Flora/BioForge/Shallows/Kelp/GEN_Shallows_Kelp_049_Flora_61540879.prefab;Assets/_Project/Prefabs/Nature/Flora/BioForge/Shallows/Kelp/GEN_Shallows_Kelp_050_Flora_71266171.prefab;Assets/_Project/Prefabs/Nature/Flora/BioForge/Shallows/Kelp/GEN_Shallows_Kelp_051_Flora_80F8BA69.prefab;Assets/_Project/Prefabs/Nature/Flora/BioForge/Shallows/Kelp/GEN_Shallows_Kelp_052_Flora_90CB1361.prefab;Assets/_Project/Prefabs/Nature/Flora/BioForge/Shallows/Kelp/GEN_Shallows_Kelp_053_Flora_A09D6C59.prefab;Assets/_Project/Prefabs/Nature/Flora/BioForge/Shallows/Kelp/GEN_Shallows_Kelp_054_Flora_B06FC551.prefab;Assets/_Project/Prefabs/Nature/Flora/BioForge/Shallows/Kelp/GEN_Shallows_Kelp_055_Flora_C0421E49.prefab;Assets/_Project/Prefabs/Nature/Flora/BioForge/Shallows/Kelp/GEN_Shallows_Kelp_056_Flora_D0147741.prefab;Assets/_Project/Prefabs/Nature/Flora/BioForge/Shallows/Kelp/GEN_Shallows_Kelp_057_Flora_DFE6D039.prefab;Assets/_Project/Prefabs/Nature/Flora/BioForge/Shallows/Kelp/GEN_Shallows_Kelp_058_Flora_EFB92931.prefab;Assets/_Project/Prefabs/Nature/Flora/BioForge/Shallows/Kelp/GEN_Shallows_Kelp_059_Flora_FF8B8229.prefab;Assets/_Project/Prefabs/Nature/Flora/BioForge/Shallows/Kelp/GEN_Shallows_Kelp_060_Flora_0F5DDB21.prefab;Assets/_Project/Prefabs/Nature/Flora/BioForge/Shallows/Kelp/GEN_Shallows_Kelp_061_Flora_1F303419.prefab;Assets/_Project/Prefabs/Nature/Flora/BioForge/Shallows/Kelp/GEN_Shallows_Kelp_062_Flora_2F028D11.prefab;Assets/_Project/Prefabs/Nature/Flora/BioForge/Shallows/Kelp/GEN_Shallows_Kelp_063_Flora_3ED4E609.prefab;Assets/_Project/Prefabs/Nature/Flora/BioForge/Shallows/Kelp/GEN_Shallows_Kelp_064_Flora_4EA73F01.prefab;Assets/_Project/Prefabs/Nature/Flora/BioForge/Shallows/Kelp/GEN_Shallows_Kelp_065_Flora_5E7997F9.prefab;Assets/_Project/Prefabs/Nature/Flora/BioForge/Shallows/Kelp/GEN_Shallows_Kelp_066_Flora_6E4BF0F1.prefab;Assets/_Project/Prefabs/Nature/Flora/BioForge/Shallows/Kelp/GEN_Shallows_Kelp_067_Flora_7E1E49E9.prefab;Assets/_Project/Prefabs/Nature/Flora/BioForge/Shallows/Kelp/GEN_Shallows_Kelp_068_Flora_8DF0A2E1.prefab;Assets/_Project/Prefabs/Nature/Flora/BioForge/Shallows/Kelp/GEN_Shallows_Kelp_069_Flora_9DC2FBD9.prefab;Assets/_Project/Prefabs/Nature/Flora/BioForge/Shallows/Kelp/GEN_Shallows_Kelp_070_Flora_AD9554D1.prefab;Assets/_Project/Prefabs/Nature/Flora/BioForge/Shallows/Kelp/GEN_Shallows_Kelp_071_Flora_BD67ADC9.prefab;Assets/_Project/Prefabs/Nature/Flora/BioForge/Shallows/Kelp/GEN_Shallows_Kelp_072_Flora_CD3A06C1.prefab;Assets/_Project/Prefabs/Nature/Flora/BioForge/Shallows/Kelp/GEN_Shallows_Kelp_073_Flora_DD0C5FB9.prefab;Assets/_Project/Prefabs/Nature/Flora/BioForge/Shallows/Kelp/GEN_Shallows_Kelp_074_Flora_ECDEB8B1.prefab;Assets/_Project/Prefabs/Nature/Flora/BioForge/Shallows/Kelp/GEN_Shallows_Kelp_075_Flora_FCB111A9.prefab;Assets/_Project/Prefabs/Nature/Flora/BioForge/Shallows/Kelp/GEN_Shallows_Kelp_076_Flora_0C836AA1.prefab;Assets/_Project/Prefabs/Nature/Flora/BioForge/Shallows/Kelp/GEN_Shallows_Kelp_077_Flora_1C55C399.prefab;Assets/_Project/Prefabs/Nature/Flora/BioForge/Shallows/Kelp/GEN_Shallows_Kelp_078_Flora_2C281C91.prefab;Assets/_Project/Prefabs/Nature/Flora/BioForge/Shallows/Kelp/GEN_Shallows_Kelp_079_Flora_3BFA7589.prefab;Assets/_Project/Prefabs/Nature/Flora/BioForge/Shallows/Kelp/GEN_Shallows_Kelp_080_Flora_4BCCCE81.prefab;Assets/_Project/Prefabs/Nature/Flora/BioForge/Shallows/Kelp/GEN_Shallows_Kelp_081_Flora_5B9F2779.prefab;Assets/_Project/Prefabs/Nature/Flora/BioForge/Shallows/Kelp/GEN_Shallows_Kelp_082_Flora_6B718071.prefab;Assets/_Project/Prefabs/Nature/Flora/BioForge/Shallows/Kelp/GEN_Shallows_Kelp_083_Flora_7B43D969.prefab;Assets/_Project/Prefabs/Nature/Flora/BioForge/Shallows/Kelp/GEN_Shallows_Kelp_084_Flora_8B163261.prefab;Assets/_Project/Prefabs/Nature/Flora/BioForge/Shallows/Kelp/GEN_Shallows_Kelp_085_Flora_9AE88B59.prefab;Assets/_Project/Prefabs/Nature/Flora/BioForge/Shallows/Kelp/GEN_Shallows_Kelp_086_Flora_AABAE451.prefab;Assets/_Project/Prefabs/Nature/Flora/BioForge/Shallows/Kelp/GEN_Shallows_Kelp_087_Flora_BA8D3D49.prefab;Assets/_Project/Prefabs/Nature/Flora/BioForge/Shallows/Kelp/GEN_Shallows_Kelp_088_Flora_CA5F9641.prefab;Assets/_Project/Prefabs/Nature/Flora/BioForge/Shallows/Kelp/GEN_Shallows_Kelp_089_Flora_DA31EF39.prefab;Assets/_Project/Prefabs/Nature/Flora/BioForge/Shallows/Kelp/GEN_Shallows_Kelp_090_Flora_EA044831.prefab;Assets/_Project/Prefabs/Nature/Flora/BioForge/Shallows/Kelp/GEN_Shallows_Kelp_091_Flora_F9D6A129.prefab;Assets/_Project/Prefabs/Nature/Flora/BioForge/Shallows/Kelp/GEN_Shallows_Kelp_092_Flora_09A8FA21.prefab;Assets/_Project/Prefabs/Nature/Flora/BioForge/Shallows/Kelp/GEN_Shallows_Kelp_093_Flora_197B5319.prefab;Assets/_Project/Prefabs/Nature/Flora/BioForge/Shallows/Kelp/GEN_Shallows_Kelp_094_Flora_294DAC11.prefab;Assets/_Project/Prefabs/Nature/Flora/BioForge/Shallows/Kelp/GEN_Shallows_Kelp_095_Flora_39200509.prefab;Assets/_Project/Prefabs/Nature/Flora/BioForge/Shallows/Kelp/GEN_Shallows_Kelp_096_Flora_48F25E01.prefab;Assets/_Project/Prefabs/Nature/Flora/BioForge/Shallows/Kelp/GEN_Shallows_Kelp_097_Flora_58C4B6F9.prefab;Assets/_Project/Prefabs/Nature/Flora/BioForge/Shallows/Kelp/GEN_Shallows_Kelp_098_Flora_68970FF1.prefab;Assets/_Project/Prefabs/Nature/Flora/BioForge/Shallows/Kelp/GEN_Shallows_Kelp_099_Flora_786968E9.prefab;Assets/_Project/Prefabs/Nature/Flora/BioForge/Shallows/PorousRock/GEN_Shallows_PorousRock_000_Rock_ABFE290C.prefab;Assets/_Project/Prefabs/Nature/Flora/BioForge/Shallows/PorousRock/GEN_Shallows_PorousRock_001_Rock_EDC47779.prefab;Assets/_Project/Prefabs/Nature/Flora/BioForge/Shallows/PorousRock/GEN_Shallows_PorousRock_002_Rock_2F8AC5E6.prefab;Assets/_Project/Prefabs/Nature/Flora/BioForge/Shallows/PorousRock/GEN_Shallows_PorousRock_003_Rock_71511453.prefab;Assets/_Project/Prefabs/Nature/Flora/BioForge/Shallows/PorousRock/GEN_Shallows_PorousRock_004_Rock_B31762C0.prefab;Assets/_Project/Prefabs/Nature/Flora/BioForge/Shallows/PorousRock/GEN_Shallows_PorousRock_005_Rock_F4DDB12D.prefab;Assets/_Project/Prefabs/Nature/Flora/BioForge/Shallows/PorousRock/GEN_Shallows_PorousRock_006_Rock_36A3FF9A.prefab;Assets/_Project/Prefabs/Nature/Flora/BioForge/Shallows/PorousRock/GEN_Shallows_PorousRock_007_Rock_786A4E07.prefab;Assets/_Project/Prefabs/Nature/Flora/BioForge/Shallows/PorousRock/GEN_Shallows_PorousRock_008_Rock_BA309C74.prefab;Assets/_Project/Prefabs/Nature/Flora/BioForge/Shallows/PorousRock/GEN_Shallows_PorousRock_009_Rock_FBF6EAE1.prefab;Assets/_Project/Prefabs/Nature/Flora/BioForge/Shallows/PorousRock/GEN_Shallows_PorousRock_010_Rock_3DBD394E.prefab;Assets/_Project/Prefabs/Nature/Flora/BioForge/Shallows/PorousRock/GEN_Shallows_PorousRock_011_Rock_7F8387BB.prefab;Assets/_Project/Prefabs/Nature/Flora/BioForge/Shallows/PorousRock/GEN_Shallows_PorousRock_012_Rock_C149D628.prefab;Assets/_Project/Prefabs/Nature/Flora/BioForge/Shallows/PorousRock/GEN_Shallows_PorousRock_013_Rock_03102495.prefab;Assets/_Project/Prefabs/Nature/Flora/BioForge/Shallows/PorousRock/GEN_Shallows_PorousRock_014_Rock_44D67302.prefab;Assets/_Project/Prefabs/Nature/Flora/BioForge/Shallows/PorousRock/GEN_Shallows_PorousRock_015_Rock_869CC16F.prefab;Assets/_Project/Prefabs/Nature/Flora/BioForge/Shallows/PorousRock/GEN_Shallows_PorousRock_016_Rock_C8630FDC.prefab;Assets/_Project/Prefabs/Nature/Flora/BioForge/Shallows/PorousRock/GEN_Shallows_PorousRock_017_Rock_0A295E49.prefab;Assets/_Project/Prefabs/Nature/Flora/BioForge/Shallows/PorousRock/GEN_Shallows_PorousRock_018_Rock_4BEFACB6.prefab;Assets/_Project/Prefabs/Nature/Flora/BioForge/Shallows/PorousRock/GEN_Shallows_PorousRock_019_Rock_8DB5FB23.prefab;Assets/_Project/Prefabs/Nature/Flora/BioForge/Shallows/PorousRock/GEN_Shallows_PorousRock_020_Rock_CF7C4990.prefab;Assets/_Project/Prefabs/Nature/Flora/BioForge/Shallows/PorousRock/GEN_Shallows_PorousRock_021_Rock_114297FD.prefab;Assets/_Project/Prefabs/Nature/Flora/BioForge/Shallows/PorousRock/GEN_Shallows_PorousRock_022_Rock_5308E66A.prefab;Assets/_Project/Prefabs/Nature/Flora/BioForge/Shallows/PorousRock/GEN_Shallows_PorousRock_023_Rock_94CF34D7.prefab;Assets/_Project/Prefabs/Nature/Flora/BioForge/Shallows/PorousRock/GEN_Shallows_PorousRock_024_Rock_D6958344.prefab;Assets/_Project/Prefabs/Nature/Flora/BioForge/Shallows/PorousRock/GEN_Shallows_PorousRock_025_Rock_185BD1B1.prefab;Assets/_Project/Prefabs/Nature/Flora/BioForge/Shallows/PorousRock/GEN_Shallows_PorousRock_026_Rock_5A22201E.prefab;Assets/_Project/Prefabs/Nature/Flora/BioForge/Shallows/PorousRock/GEN_Shallows_PorousRock_027_Rock_9BE86E8B.prefab;Assets/_Project/Prefabs/Nature/Flora/BioForge/Shallows/PorousRock/GEN_Shallows_PorousRock_028_Rock_DDAEBCF8.prefab;Assets/_Project/Prefabs/Nature/Flora/BioForge/Shallows/PorousRock/GEN_Shallows_PorousRock_029_Rock_1F750B65.prefab;Assets/_Project/Prefabs/Nature/Flora/BioForge/Shallows/PorousRock/GEN_Shallows_PorousRock_030_Rock_613B59D2.prefab;Assets/_Project/Prefabs/Nature/Flora/BioForge/Shallows/PorousRock/GEN_Shallows_PorousRock_031_Rock_A301A83F.prefab;Assets/_Project/Prefabs/Nature/Flora/BioForge/Shallows/PorousRock/GEN_Shallows_PorousRock_032_Rock_E4C7F6AC.prefab;Assets/_Project/Prefabs/Nature/Flora/BioForge/Shallows/PorousRock/GEN_Shallows_PorousRock_033_Rock_268E4519.prefab;Assets/_Project/Prefabs/Nature/Flora/BioForge/Shallows/PorousRock/GEN_Shallows_PorousRock_034_Rock_68549386.prefab;Assets/_Project/Prefabs/Nature/Flora/BioForge/Shallows/PorousRock/GEN_Shallows_PorousRock_035_Rock_AA1AE1F3.prefab;Assets/_Project/Prefabs/Nature/Flora/BioForge/Shallows/PorousRock/GEN_Shallows_PorousRock_036_Rock_EBE13060.prefab;Assets/_Project/Prefabs/Nature/Flora/BioForge/Shallows/PorousRock/GEN_Shallows_PorousRock_037_Rock_2DA77ECD.prefab;Assets/_Project/Prefabs/Nature/Flora/BioForge/Shallows/PorousRock/GEN_Shallows_PorousRock_038_Rock_6F6DCD3A.prefab;Assets/_Project/Prefabs/Nature/Flora/BioForge/Shallows/PorousRock/GEN_Shallows_PorousRock_039_Rock_B1341BA7.prefab;Assets/_Project/Prefabs/Nature/Flora/BioForge/Shallows/PorousRock/GEN_Shallows_PorousRock_040_Rock_F2FA6A14.prefab;Assets/_Project/Prefabs/Nature/Flora/BioForge/Shallows/PorousRock/GEN_Shallows_PorousRock_041_Rock_34C0B881.prefab;Assets/_Project/Prefabs/Nature/Flora/BioForge/Shallows/PorousRock/GEN_Shallows_PorousRock_042_Rock_768706EE.prefab;Assets/_Project/Prefabs/Nature/Flora/BioForge/Shallows/PorousRock/GEN_Shallows_PorousRock_043_Rock_B84D555B.prefab;Assets/_Project/Prefabs/Nature/Flora/BioForge/Shallows/PorousRock/GEN_Shallows_PorousRock_044_Rock_FA13A3C8.prefab;Assets/_Project/Prefabs/Nature/Flora/BioForge/Shallows/PorousRock/GEN_Shallows_PorousRock_045_Rock_3BD9F235.prefab;Assets/_Project/Prefabs/Nature/Flora/BioForge/Shallows/PorousRock/GEN_Shallows_PorousRock_046_Rock_7DA040A2.prefab;Assets/_Project/Prefabs/Nature/Flora/BioForge/Shallows/PorousRock/GEN_Shallows_PorousRock_047_Rock_BF668F0F.prefab;Assets/_Project/Prefabs/Nature/Flora/BioForge/Shallows/PorousRock/GEN_Shallows_PorousRock_048_Rock_012CDD7C.prefab;Assets/_Project/Prefabs/Nature/Flora/BioForge/Shallows/PorousRock/GEN_Shallows_PorousRock_049_Rock_42F32BE9.prefab;Assets/_Project/Prefabs/Nature/Flora/BioForge/Shallows/TubeCoral/GEN_Shallows_TubeCoral_000_Flora_5A110001.prefab;Assets/_Project/Prefabs/Nature/Flora/BioForge/Shallows/TubeCoral/GEN_Shallows_TubeCoral_001_Flora_69E358F9.prefab;Assets/_Project/Prefabs/Nature/Flora/BioForge/Shallows/TubeCoral/GEN_Shallows_TubeCoral_002_Flora_79B5B1F1.prefab;Assets/_Project/Prefabs/Nature/Flora/BioForge/Shallows/TubeCoral/GEN_Shallows_TubeCoral_003_Flora_89880AE9.prefab;Assets/_Project/Prefabs/Nature/Flora/BioForge/Shallows/TubeCoral/GEN_Shallows_TubeCoral_004_Flora_995A63E1.prefab;Assets/_Project/Prefabs/Nature/Flora/BioForge/Shallows/TubeCoral/GEN_Shallows_TubeCoral_005_Flora_A92CBCD9.prefab;Assets/_Project/Prefabs/Nature/Flora/BioForge/Shallows/TubeCoral/GEN_Shallows_TubeCoral_006_Flora_B8FF15D1.prefab;Assets/_Project/Prefabs/Nature/Flora/BioForge/Shallows/TubeCoral/GEN_Shallows_TubeCoral_007_Flora_C8D16EC9.prefab;Assets/_Project/Prefabs/Nature/Flora/BioForge/Shallows/TubeCoral/GEN_Shallows_TubeCoral_008_Flora_D8A3C7C1.prefab;Assets/_Project/Prefabs/Nature/Flora/BioForge/Shallows/TubeCoral/GEN_Shallows_TubeCoral_009_Flora_E87620B9.prefab;Assets/_Project/Prefabs/Nature/Flora/BioForge/Shallows/TubeCoral/GEN_Shallows_TubeCoral_010_Flora_F84879B1.prefab;Assets/_Project/Prefabs/Nature/Flora/BioForge/Shallows/TubeCoral/GEN_Shallows_TubeCoral_011_Flora_081AD2A9.prefab;Assets/_Project/Prefabs/Nature/Flora/BioForge/Shallows/TubeCoral/GEN_Shallows_TubeCoral_012_Flora_17ED2BA1.prefab;Assets/_Project/Prefabs/Nature/Flora/BioForge/Shallows/TubeCoral/GEN_Shallows_TubeCoral_013_Flora_27BF8499.prefab;Assets/_Project/Prefabs/Nature/Flora/BioForge/Shallows/TubeCoral/GEN_Shallows_TubeCoral_014_Flora_3791DD91.prefab;Assets/_Project/Prefabs/Nature/Flora/BioForge/Shallows/TubeCoral/GEN_Shallows_TubeCoral_015_Flora_47643689.prefab;Assets/_Project/Prefabs/Nature/Flora/BioForge/Shallows/TubeCoral/GEN_Shallows_TubeCoral_016_Flora_57368F81.prefab;Assets/_Project/Prefabs/Nature/Flora/BioForge/Shallows/TubeCoral/GEN_Shallows_TubeCoral_017_Flora_6708E879.prefab;Assets/_Project/Prefabs/Nature/Flora/BioForge/Shallows/TubeCoral/GEN_Shallows_TubeCoral_018_Flora_76DB4171.prefab;Assets/_Project/Prefabs/Nature/Flora/BioForge/Shallows/TubeCoral/GEN_Shallows_TubeCoral_019_Flora_86AD9A69.prefab;Assets/_Project/Prefabs/Nature/Flora/BioForge/Shallows/TubeCoral/GEN_Shallows_TubeCoral_020_Flora_967FF361.prefab;Assets/_Project/Prefabs/Nature/Flora/BioForge/Shallows/TubeCoral/GEN_Shallows_TubeCoral_021_Flora_A6524C59.prefab;Assets/_Project/Prefabs/Nature/Flora/BioForge/Shallows/TubeCoral/GEN_Shallows_TubeCoral_022_Flora_B624A551.prefab;Assets/_Project/Prefabs/Nature/Flora/BioForge/Shallows/TubeCoral/GEN_Shallows_TubeCoral_023_Flora_C5F6FE49.prefab;Assets/_Project/Prefabs/Nature/Flora/BioForge/Shallows/TubeCoral/GEN_Shallows_TubeCoral_024_Flora_D5C95741.prefab;Assets/_Project/Prefabs/Nature/Flora/BioForge/Shallows/TubeCoral/GEN_Shallows_TubeCoral_025_Flora_E59BB039.prefab;Assets/_Project/Prefabs/Nature/Flora/BioForge/Shallows/TubeCoral/GEN_Shallows_TubeCoral_026_Flora_F56E0931.prefab;Assets/_Project/Prefabs/Nature/Flora/BioForge/Shallows/TubeCoral/GEN_Shallows_TubeCoral_027_Flora_05406229.prefab;Assets/_Project/Prefabs/Nature/Flora/BioForge/Shallows/TubeCoral/GEN_Shallows_TubeCoral_028_Flora_1512BB21.prefab;Assets/_Project/Prefabs/Nature/Flora/BioForge/Shallows/TubeCoral/GEN_Shallows_TubeCoral_029_Flora_24E51419.prefab;Assets/_Project/Prefabs/Nature/Flora/BioForge/Shallows/TubeCoral/GEN_Shallows_TubeCoral_030_Flora_34B76D11.prefab;Assets/_Project/Prefabs/Nature/Flora/BioForge/Shallows/TubeCoral/GEN_Shallows_TubeCoral_031_Flora_4489C609.prefab;Assets/_Project/Prefabs/Nature/Flora/BioForge/Shallows/TubeCoral/GEN_Shallows_TubeCoral_032_Flora_545C1F01.prefab;Assets/_Project/Prefabs/Nature/Flora/BioForge/Shallows/TubeCoral/GEN_Shallows_TubeCoral_033_Flora_642E77F9.prefab;Assets/_Project/Prefabs/Nature/Flora/BioForge/Shallows/TubeCoral/GEN_Shallows_TubeCoral_034_Flora_7400D0F1.prefab;Assets/_Project/Prefabs/Nature/Flora/BioForge/Shallows/TubeCoral/GEN_Shallows_TubeCoral_035_Flora_83D329E9.prefab;Assets/_Project/Prefabs/Nature/Flora/BioForge/Shallows/TubeCoral/GEN_Shallows_TubeCoral_036_Flora_93A582E1.prefab;Assets/_Project/Prefabs/Nature/Flora/BioForge/Shallows/TubeCoral/GEN_Shallows_TubeCoral_037_Flora_A377DBD9.prefab;Assets/_Project/Prefabs/Nature/Flora/BioForge/Shallows/TubeCoral/GEN_Shallows_TubeCoral_038_Flora_B34A34D1.prefab;Assets/_Project/Prefabs/Nature/Flora/BioForge/Shallows/TubeCoral/GEN_Shallows_TubeCoral_039_Flora_C31C8DC9.prefab;Assets/_Project/Prefabs/Nature/Flora/BioForge/Shallows/TubeCoral/GEN_Shallows_TubeCoral_040_Flora_D2EEE6C1.prefab;Assets/_Project/Prefabs/Nature/Flora/BioForge/Shallows/TubeCoral/GEN_Shallows_TubeCoral_041_Flora_E2C13FB9.prefab;Assets/_Project/Prefabs/Nature/Flora/BioForge/Shallows/TubeCoral/GEN_Shallows_TubeCoral_042_Flora_F29398B1.prefab;Assets/_Project/Prefabs/Nature/Flora/BioForge/Shallows/TubeCoral/GEN_Shallows_TubeCoral_043_Flora_0265F1A9.prefab;Assets/_Project/Prefabs/Nature/Flora/BioForge/Shallows/TubeCoral/GEN_Shallows_TubeCoral_044_Flora_12384AA1.prefab;Assets/_Project/Prefabs/Nature/Flora/BioForge/Shallows/TubeCoral/GEN_Shallows_TubeCoral_045_Flora_220AA399.prefab;Assets/_Project/Prefabs/Nature/Flora/BioForge/Shallows/TubeCoral/GEN_Shallows_TubeCoral_046_Flora_31DCFC91.prefab;Assets/_Project/Prefabs/Nature/Flora/BioForge/Shallows/TubeCoral/GEN_Shallows_TubeCoral_047_Flora_41AF5589.prefab;Assets/_Project/Prefabs/Nature/Flora/BioForge/Shallows/TubeCoral/GEN_Shallows_TubeCoral_048_Flora_5181AE81.prefab;Assets/_Project/Prefabs/Nature/Flora/BioForge/Shallows/TubeCoral/GEN_Shallows_TubeCoral_049_Flora_61540779.prefab,Assets/_Project/Art/Materials/WorldProceduralProxy/MAT_ProceduralBio_Shallows.mat,STATIC_SOURCE,streaming_mips_disabled
Assets/_Project/Art/TEXTURES/WorldProceduralFlora/TX_ProceduralBio_Shallows_NormalAtlas.png,c1ddaccdbc01b774093a2beb96a19f1a,REFERENCED_TEXTURE;PROXY_CONTAMINATION_TEXTURE,,CANDIDATE_BLOCKED_BY_MATERIAL_PROOF,packed_mask_source,1024,1024,1.681,0,1,0,1,Assets/_Project/Art/Materials/WorldProceduralProxy/MAT_ProceduralBio_Shallows.mat[_NormalAtlas],200,Assets/_Project/Prefabs/Nature/Flora/BioForge/Shallows/Kelp/GEN_Shallows_Kelp_000_Flora_5A110101.prefab;Assets/_Project/Prefabs/Nature/Flora/BioForge/Shallows/Kelp/GEN_Shallows_Kelp_001_Flora_69E359F9.prefab;Assets/_Project/Prefabs/Nature/Flora/BioForge/Shallows/Kelp/GEN_Shallows_Kelp_002_Flora_79B5B2F1.prefab;Assets/_Project/Prefabs/Nature/Flora/BioForge/Shallows/Kelp/GEN_Shallows_Kelp_003_Flora_89880BE9.prefab;Assets/_Project/Prefabs/Nature/Flora/BioForge/Shallows/Kelp/GEN_Shallows_Kelp_004_Flora_995A64E1.prefab;Assets/_Project/Prefabs/Nature/Flora/BioForge/Shallows/Kelp/GEN_Shallows_Kelp_005_Flora_A92CBDD9.prefab;Assets/_Project/Prefabs/Nature/Flora/BioForge/Shallows/Kelp/GEN_Shallows_Kelp_006_Flora_B8FF16D1.prefab;Assets/_Project/Prefabs/Nature/Flora/BioForge/Shallows/Kelp/GEN_Shallows_Kelp_007_Flora_C8D16FC9.prefab;Assets/_Project/Prefabs/Nature/Flora/BioForge/Shallows/Kelp/GEN_Shallows_Kelp_008_Flora_D8A3C8C1.prefab;Assets/_Project/Prefabs/Nature/Flora/BioForge/Shallows/Kelp/GEN_Shallows_Kelp_009_Flora_E87621B9.prefab;Assets/_Project/Prefabs/Nature/Flora/BioForge/Shallows/Kelp/GEN_Shallows_Kelp_010_Flora_F8487AB1.prefab;Assets/_Project/Prefabs/Nature/Flora/BioForge/Shallows/Kelp/GEN_Shallows_Kelp_011_Flora_081AD3A9.prefab;Assets/_Project/Prefabs/Nature/Flora/BioForge/Shallows/Kelp/GEN_Shallows_Kelp_012_Flora_17ED2CA1.prefab;Assets/_Project/Prefabs/Nature/Flora/BioForge/Shallows/Kelp/GEN_Shallows_Kelp_013_Flora_27BF8599.prefab;Assets/_Project/Prefabs/Nature/Flora/BioForge/Shallows/Kelp/GEN_Shallows_Kelp_014_Flora_3791DE91.prefab;Assets/_Project/Prefabs/Nature/Flora/BioForge/Shallows/Kelp/GEN_Shallows_Kelp_015_Flora_47643789.prefab;Assets/_Project/Prefabs/Nature/Flora/BioForge/Shallows/Kelp/GEN_Shallows_Kelp_016_Flora_57369081.prefab;Assets/_Project/Prefabs/Nature/Flora/BioForge/Shallows/Kelp/GEN_Shallows_Kelp_017_Flora_6708E979.prefab;Assets/_Project/Prefabs/Nature/Flora/BioForge/Shallows/Kelp/GEN_Shallows_Kelp_018_Flora_76DB4271.prefab;Assets/_Project/Prefabs/Nature/Flora/BioForge/Shallows/Kelp/GEN_Shallows_Kelp_019_Flora_86AD9B69.prefab;Assets/_Project/Prefabs/Nature/Flora/BioForge/Shallows/Kelp/GEN_Shallows_Kelp_020_Flora_967FF461.prefab;Assets/_Project/Prefabs/Nature/Flora/BioForge/Shallows/Kelp/GEN_Shallows_Kelp_021_Flora_A6524D59.prefab;Assets/_Project/Prefabs/Nature/Flora/BioForge/Shallows/Kelp/GEN_Shallows_Kelp_022_Flora_B624A651.prefab;Assets/_Project/Prefabs/Nature/Flora/BioForge/Shallows/Kelp/GEN_Shallows_Kelp_023_Flora_C5F6FF49.prefab;Assets/_Project/Prefabs/Nature/Flora/BioForge/Shallows/Kelp/GEN_Shallows_Kelp_024_Flora_D5C95841.prefab;Assets/_Project/Prefabs/Nature/Flora/BioForge/Shallows/Kelp/GEN_Shallows_Kelp_025_Flora_E59BB139.prefab;Assets/_Project/Prefabs/Nature/Flora/BioForge/Shallows/Kelp/GEN_Shallows_Kelp_026_Flora_F56E0A31.prefab;Assets/_Project/Prefabs/Nature/Flora/BioForge/Shallows/Kelp/GEN_Shallows_Kelp_027_Flora_05406329.prefab;Assets/_Project/Prefabs/Nature/Flora/BioForge/Shallows/Kelp/GEN_Shallows_Kelp_028_Flora_1512BC21.prefab;Assets/_Project/Prefabs/Nature/Flora/BioForge/Shallows/Kelp/GEN_Shallows_Kelp_029_Flora_24E51519.prefab;Assets/_Project/Prefabs/Nature/Flora/BioForge/Shallows/Kelp/GEN_Shallows_Kelp_030_Flora_34B76E11.prefab;Assets/_Project/Prefabs/Nature/Flora/BioForge/Shallows/Kelp/GEN_Shallows_Kelp_031_Flora_4489C709.prefab;Assets/_Project/Prefabs/Nature/Flora/BioForge/Shallows/Kelp/GEN_Shallows_Kelp_032_Flora_545C2001.prefab;Assets/_Project/Prefabs/Nature/Flora/BioForge/Shallows/Kelp/GEN_Shallows_Kelp_033_Flora_642E78F9.prefab;Assets/_Project/Prefabs/Nature/Flora/BioForge/Shallows/Kelp/GEN_Shallows_Kelp_034_Flora_7400D1F1.prefab;Assets/_Project/Prefabs/Nature/Flora/BioForge/Shallows/Kelp/GEN_Shallows_Kelp_035_Flora_83D32AE9.prefab;Assets/_Project/Prefabs/Nature/Flora/BioForge/Shallows/Kelp/GEN_Shallows_Kelp_036_Flora_93A583E1.prefab;Assets/_Project/Prefabs/Nature/Flora/BioForge/Shallows/Kelp/GEN_Shallows_Kelp_037_Flora_A377DCD9.prefab;Assets/_Project/Prefabs/Nature/Flora/BioForge/Shallows/Kelp/GEN_Shallows_Kelp_038_Flora_B34A35D1.prefab;Assets/_Project/Prefabs/Nature/Flora/BioForge/Shallows/Kelp/GEN_Shallows_Kelp_039_Flora_C31C8EC9.prefab;Assets/_Project/Prefabs/Nature/Flora/BioForge/Shallows/Kelp/GEN_Shallows_Kelp_040_Flora_D2EEE7C1.prefab;Assets/_Project/Prefabs/Nature/Flora/BioForge/Shallows/Kelp/GEN_Shallows_Kelp_041_Flora_E2C140B9.prefab;Assets/_Project/Prefabs/Nature/Flora/BioForge/Shallows/Kelp/GEN_Shallows_Kelp_042_Flora_F29399B1.prefab;Assets/_Project/Prefabs/Nature/Flora/BioForge/Shallows/Kelp/GEN_Shallows_Kelp_043_Flora_0265F2A9.prefab;Assets/_Project/Prefabs/Nature/Flora/BioForge/Shallows/Kelp/GEN_Shallows_Kelp_044_Flora_12384BA1.prefab;Assets/_Project/Prefabs/Nature/Flora/BioForge/Shallows/Kelp/GEN_Shallows_Kelp_045_Flora_220AA499.prefab;Assets/_Project/Prefabs/Nature/Flora/BioForge/Shallows/Kelp/GEN_Shallows_Kelp_046_Flora_31DCFD91.prefab;Assets/_Project/Prefabs/Nature/Flora/BioForge/Shallows/Kelp/GEN_Shallows_Kelp_047_Flora_41AF5689.prefab;Assets/_Project/Prefabs/Nature/Flora/BioForge/Shallows/Kelp/GEN_Shallows_Kelp_048_Flora_5181AF81.prefab;Assets/_Project/Prefabs/Nature/Flora/BioForge/Shallows/Kelp/GEN_Shallows_Kelp_049_Flora_61540879.prefab;Assets/_Project/Prefabs/Nature/Flora/BioForge/Shallows/Kelp/GEN_Shallows_Kelp_050_Flora_71266171.prefab;Assets/_Project/Prefabs/Nature/Flora/BioForge/Shallows/Kelp/GEN_Shallows_Kelp_051_Flora_80F8BA69.prefab;Assets/_Project/Prefabs/Nature/Flora/BioForge/Shallows/Kelp/GEN_Shallows_Kelp_052_Flora_90CB1361.prefab;Assets/_Project/Prefabs/Nature/Flora/BioForge/Shallows/Kelp/GEN_Shallows_Kelp_053_Flora_A09D6C59.prefab;Assets/_Project/Prefabs/Nature/Flora/BioForge/Shallows/Kelp/GEN_Shallows_Kelp_054_Flora_B06FC551.prefab;Assets/_Project/Prefabs/Nature/Flora/BioForge/Shallows/Kelp/GEN_Shallows_Kelp_055_Flora_C0421E49.prefab;Assets/_Project/Prefabs/Nature/Flora/BioForge/Shallows/Kelp/GEN_Shallows_Kelp_056_Flora_D0147741.prefab;Assets/_Project/Prefabs/Nature/Flora/BioForge/Shallows/Kelp/GEN_Shallows_Kelp_057_Flora_DFE6D039.prefab;Assets/_Project/Prefabs/Nature/Flora/BioForge/Shallows/Kelp/GEN_Shallows_Kelp_058_Flora_EFB92931.prefab;Assets/_Project/Prefabs/Nature/Flora/BioForge/Shallows/Kelp/GEN_Shallows_Kelp_059_Flora_FF8B8229.prefab;Assets/_Project/Prefabs/Nature/Flora/BioForge/Shallows/Kelp/GEN_Shallows_Kelp_060_Flora_0F5DDB21.prefab;Assets/_Project/Prefabs/Nature/Flora/BioForge/Shallows/Kelp/GEN_Shallows_Kelp_061_Flora_1F303419.prefab;Assets/_Project/Prefabs/Nature/Flora/BioForge/Shallows/Kelp/GEN_Shallows_Kelp_062_Flora_2F028D11.prefab;Assets/_Project/Prefabs/Nature/Flora/BioForge/Shallows/Kelp/GEN_Shallows_Kelp_063_Flora_3ED4E609.prefab;Assets/_Project/Prefabs/Nature/Flora/BioForge/Shallows/Kelp/GEN_Shallows_Kelp_064_Flora_4EA73F01.prefab;Assets/_Project/Prefabs/Nature/Flora/BioForge/Shallows/Kelp/GEN_Shallows_Kelp_065_Flora_5E7997F9.prefab;Assets/_Project/Prefabs/Nature/Flora/BioForge/Shallows/Kelp/GEN_Shallows_Kelp_066_Flora_6E4BF0F1.prefab;Assets/_Project/Prefabs/Nature/Flora/BioForge/Shallows/Kelp/GEN_Shallows_Kelp_067_Flora_7E1E49E9.prefab;Assets/_Project/Prefabs/Nature/Flora/BioForge/Shallows/Kelp/GEN_Shallows_Kelp_068_Flora_8DF0A2E1.prefab;Assets/_Project/Prefabs/Nature/Flora/BioForge/Shallows/Kelp/GEN_Shallows_Kelp_069_Flora_9DC2FBD9.prefab;Assets/_Project/Prefabs/Nature/Flora/BioForge/Shallows/Kelp/GEN_Shallows_Kelp_070_Flora_AD9554D1.prefab;Assets/_Project/Prefabs/Nature/Flora/BioForge/Shallows/Kelp/GEN_Shallows_Kelp_071_Flora_BD67ADC9.prefab;Assets/_Project/Prefabs/Nature/Flora/BioForge/Shallows/Kelp/GEN_Shallows_Kelp_072_Flora_CD3A06C1.prefab;Assets/_Project/Prefabs/Nature/Flora/BioForge/Shallows/Kelp/GEN_Shallows_Kelp_073_Flora_DD0C5FB9.prefab;Assets/_Project/Prefabs/Nature/Flora/BioForge/Shallows/Kelp/GEN_Shallows_Kelp_074_Flora_ECDEB8B1.prefab;Assets/_Project/Prefabs/Nature/Flora/BioForge/Shallows/Kelp/GEN_Shallows_Kelp_075_Flora_FCB111A9.prefab;Assets/_Project/Prefabs/Nature/Flora/BioForge/Shallows/Kelp/GEN_Shallows_Kelp_076_Flora_0C836AA1.prefab;Assets/_Project/Prefabs/Nature/Flora/BioForge/Shallows/Kelp/GEN_Shallows_Kelp_077_Flora_1C55C399.prefab;Assets/_Project/Prefabs/Nature/Flora/BioForge/Shallows/Kelp/GEN_Shallows_Kelp_078_Flora_2C281C91.prefab;Assets/_Project/Prefabs/Nature/Flora/BioForge/Shallows/Kelp/GEN_Shallows_Kelp_079_Flora_3BFA7589.prefab;Assets/_Project/Prefabs/Nature/Flora/BioForge/Shallows/Kelp/GEN_Shallows_Kelp_080_Flora_4BCCCE81.prefab;Assets/_Project/Prefabs/Nature/Flora/BioForge/Shallows/Kelp/GEN_Shallows_Kelp_081_Flora_5B9F2779.prefab;Assets/_Project/Prefabs/Nature/Flora/BioForge/Shallows/Kelp/GEN_Shallows_Kelp_082_Flora_6B718071.prefab;Assets/_Project/Prefabs/Nature/Flora/BioForge/Shallows/Kelp/GEN_Shallows_Kelp_083_Flora_7B43D969.prefab;Assets/_Project/Prefabs/Nature/Flora/BioForge/Shallows/Kelp/GEN_Shallows_Kelp_084_Flora_8B163261.prefab;Assets/_Project/Prefabs/Nature/Flora/BioForge/Shallows/Kelp/GEN_Shallows_Kelp_085_Flora_9AE88B59.prefab;Assets/_Project/Prefabs/Nature/Flora/BioForge/Shallows/Kelp/GEN_Shallows_Kelp_086_Flora_AABAE451.prefab;Assets/_Project/Prefabs/Nature/Flora/BioForge/Shallows/Kelp/GEN_Shallows_Kelp_087_Flora_BA8D3D49.prefab;Assets/_Project/Prefabs/Nature/Flora/BioForge/Shallows/Kelp/GEN_Shallows_Kelp_088_Flora_CA5F9641.prefab;Assets/_Project/Prefabs/Nature/Flora/BioForge/Shallows/Kelp/GEN_Shallows_Kelp_089_Flora_DA31EF39.prefab;Assets/_Project/Prefabs/Nature/Flora/BioForge/Shallows/Kelp/GEN_Shallows_Kelp_090_Flora_EA044831.prefab;Assets/_Project/Prefabs/Nature/Flora/BioForge/Shallows/Kelp/GEN_Shallows_Kelp_091_Flora_F9D6A129.prefab;Assets/_Project/Prefabs/Nature/Flora/BioForge/Shallows/Kelp/GEN_Shallows_Kelp_092_Flora_09A8FA21.prefab;Assets/_Project/Prefabs/Nature/Flora/BioForge/Shallows/Kelp/GEN_Shallows_Kelp_093_Flora_197B5319.prefab;Assets/_Project/Prefabs/Nature/Flora/BioForge/Shallows/Kelp/GEN_Shallows_Kelp_094_Flora_294DAC11.prefab;Assets/_Project/Prefabs/Nature/Flora/BioForge/Shallows/Kelp/GEN_Shallows_Kelp_095_Flora_39200509.prefab;Assets/_Project/Prefabs/Nature/Flora/BioForge/Shallows/Kelp/GEN_Shallows_Kelp_096_Flora_48F25E01.prefab;Assets/_Project/Prefabs/Nature/Flora/BioForge/Shallows/Kelp/GEN_Shallows_Kelp_097_Flora_58C4B6F9.prefab;Assets/_Project/Prefabs/Nature/Flora/BioForge/Shallows/Kelp/GEN_Shallows_Kelp_098_Flora_68970FF1.prefab;Assets/_Project/Prefabs/Nature/Flora/BioForge/Shallows/Kelp/GEN_Shallows_Kelp_099_Flora_786968E9.prefab;Assets/_Project/Prefabs/Nature/Flora/BioForge/Shallows/PorousRock/GEN_Shallows_PorousRock_000_Rock_ABFE290C.prefab;Assets/_Project/Prefabs/Nature/Flora/BioForge/Shallows/PorousRock/GEN_Shallows_PorousRock_001_Rock_EDC47779.prefab;Assets/_Project/Prefabs/Nature/Flora/BioForge/Shallows/PorousRock/GEN_Shallows_PorousRock_002_Rock_2F8AC5E6.prefab;Assets/_Project/Prefabs/Nature/Flora/BioForge/Shallows/PorousRock/GEN_Shallows_PorousRock_003_Rock_71511453.prefab;Assets/_Project/Prefabs/Nature/Flora/BioForge/Shallows/PorousRock/GEN_Shallows_PorousRock_004_Rock_B31762C0.prefab;Assets/_Project/Prefabs/Nature/Flora/BioForge/Shallows/PorousRock/GEN_Shallows_PorousRock_005_Rock_F4DDB12D.prefab;Assets/_Project/Prefabs/Nature/Flora/BioForge/Shallows/PorousRock/GEN_Shallows_PorousRock_006_Rock_36A3FF9A.prefab;Assets/_Project/Prefabs/Nature/Flora/BioForge/Shallows/PorousRock/GEN_Shallows_PorousRock_007_Rock_786A4E07.prefab;Assets/_Project/Prefabs/Nature/Flora/BioForge/Shallows/PorousRock/GEN_Shallows_PorousRock_008_Rock_BA309C74.prefab;Assets/_Project/Prefabs/Nature/Flora/BioForge/Shallows/PorousRock/GEN_Shallows_PorousRock_009_Rock_FBF6EAE1.prefab;Assets/_Project/Prefabs/Nature/Flora/BioForge/Shallows/PorousRock/GEN_Shallows_PorousRock_010_Rock_3DBD394E.prefab;Assets/_Project/Prefabs/Nature/Flora/BioForge/Shallows/PorousRock/GEN_Shallows_PorousRock_011_Rock_7F8387BB.prefab;Assets/_Project/Prefabs/Nature/Flora/BioForge/Shallows/PorousRock/GEN_Shallows_PorousRock_012_Rock_C149D628.prefab;Assets/_Project/Prefabs/Nature/Flora/BioForge/Shallows/PorousRock/GEN_Shallows_PorousRock_013_Rock_03102495.prefab;Assets/_Project/Prefabs/Nature/Flora/BioForge/Shallows/PorousRock/GEN_Shallows_PorousRock_014_Rock_44D67302.prefab;Assets/_Project/Prefabs/Nature/Flora/BioForge/Shallows/PorousRock/GEN_Shallows_PorousRock_015_Rock_869CC16F.prefab;Assets/_Project/Prefabs/Nature/Flora/BioForge/Shallows/PorousRock/GEN_Shallows_PorousRock_016_Rock_C8630FDC.prefab;Assets/_Project/Prefabs/Nature/Flora/BioForge/Shallows/PorousRock/GEN_Shallows_PorousRock_017_Rock_0A295E49.prefab;Assets/_Project/Prefabs/Nature/Flora/BioForge/Shallows/PorousRock/GEN_Shallows_PorousRock_018_Rock_4BEFACB6.prefab;Assets/_Project/Prefabs/Nature/Flora/BioForge/Shallows/PorousRock/GEN_Shallows_PorousRock_019_Rock_8DB5FB23.prefab;Assets/_Project/Prefabs/Nature/Flora/BioForge/Shallows/PorousRock/GEN_Shallows_PorousRock_020_Rock_CF7C4990.prefab;Assets/_Project/Prefabs/Nature/Flora/BioForge/Shallows/PorousRock/GEN_Shallows_PorousRock_021_Rock_114297FD.prefab;Assets/_Project/Prefabs/Nature/Flora/BioForge/Shallows/PorousRock/GEN_Shallows_PorousRock_022_Rock_5308E66A.prefab;Assets/_Project/Prefabs/Nature/Flora/BioForge/Shallows/PorousRock/GEN_Shallows_PorousRock_023_Rock_94CF34D7.prefab;Assets/_Project/Prefabs/Nature/Flora/BioForge/Shallows/PorousRock/GEN_Shallows_PorousRock_024_Rock_D6958344.prefab;Assets/_Project/Prefabs/Nature/Flora/BioForge/Shallows/PorousRock/GEN_Shallows_PorousRock_025_Rock_185BD1B1.prefab;Assets/_Project/Prefabs/Nature/Flora/BioForge/Shallows/PorousRock/GEN_Shallows_PorousRock_026_Rock_5A22201E.prefab;Assets/_Project/Prefabs/Nature/Flora/BioForge/Shallows/PorousRock/GEN_Shallows_PorousRock_027_Rock_9BE86E8B.prefab;Assets/_Project/Prefabs/Nature/Flora/BioForge/Shallows/PorousRock/GEN_Shallows_PorousRock_028_Rock_DDAEBCF8.prefab;Assets/_Project/Prefabs/Nature/Flora/BioForge/Shallows/PorousRock/GEN_Shallows_PorousRock_029_Rock_1F750B65.prefab;Assets/_Project/Prefabs/Nature/Flora/BioForge/Shallows/PorousRock/GEN_Shallows_PorousRock_030_Rock_613B59D2.prefab;Assets/_Project/Prefabs/Nature/Flora/BioForge/Shallows/PorousRock/GEN_Shallows_PorousRock_031_Rock_A301A83F.prefab;Assets/_Project/Prefabs/Nature/Flora/BioForge/Shallows/PorousRock/GEN_Shallows_PorousRock_032_Rock_E4C7F6AC.prefab;Assets/_Project/Prefabs/Nature/Flora/BioForge/Shallows/PorousRock/GEN_Shallows_PorousRock_033_Rock_268E4519.prefab;Assets/_Project/Prefabs/Nature/Flora/BioForge/Shallows/PorousRock/GEN_Shallows_PorousRock_034_Rock_68549386.prefab;Assets/_Project/Prefabs/Nature/Flora/BioForge/Shallows/PorousRock/GEN_Shallows_PorousRock_035_Rock_AA1AE1F3.prefab;Assets/_Project/Prefabs/Nature/Flora/BioForge/Shallows/PorousRock/GEN_Shallows_PorousRock_036_Rock_EBE13060.prefab;Assets/_Project/Prefabs/Nature/Flora/BioForge/Shallows/PorousRock/GEN_Shallows_PorousRock_037_Rock_2DA77ECD.prefab;Assets/_Project/Prefabs/Nature/Flora/BioForge/Shallows/PorousRock/GEN_Shallows_PorousRock_038_Rock_6F6DCD3A.prefab;Assets/_Project/Prefabs/Nature/Flora/BioForge/Shallows/PorousRock/GEN_Shallows_PorousRock_039_Rock_B1341BA7.prefab;Assets/_Project/Prefabs/Nature/Flora/BioForge/Shallows/PorousRock/GEN_Shallows_PorousRock_040_Rock_F2FA6A14.prefab;Assets/_Project/Prefabs/Nature/Flora/BioForge/Shallows/PorousRock/GEN_Shallows_PorousRock_041_Rock_34C0B881.prefab;Assets/_Project/Prefabs/Nature/Flora/BioForge/Shallows/PorousRock/GEN_Shallows_PorousRock_042_Rock_768706EE.prefab;Assets/_Project/Prefabs/Nature/Flora/BioForge/Shallows/PorousRock/GEN_Shallows_PorousRock_043_Rock_B84D555B.prefab;Assets/_Project/Prefabs/Nature/Flora/BioForge/Shallows/PorousRock/GEN_Shallows_PorousRock_044_Rock_FA13A3C8.prefab;Assets/_Project/Prefabs/Nature/Flora/BioForge/Shallows/PorousRock/GEN_Shallows_PorousRock_045_Rock_3BD9F235.prefab;Assets/_Project/Prefabs/Nature/Flora/BioForge/Shallows/PorousRock/GEN_Shallows_PorousRock_046_Rock_7DA040A2.prefab;Assets/_Project/Prefabs/Nature/Flora/BioForge/Shallows/PorousRock/GEN_Shallows_PorousRock_047_Rock_BF668F0F.prefab;Assets/_Project/Prefabs/Nature/Flora/BioForge/Shallows/PorousRock/GEN_Shallows_PorousRock_048_Rock_012CDD7C.prefab;Assets/_Project/Prefabs/Nature/Flora/BioForge/Shallows/PorousRock/GEN_Shallows_PorousRock_049_Rock_42F32BE9.prefab;Assets/_Project/Prefabs/Nature/Flora/BioForge/Shallows/TubeCoral/GEN_Shallows_TubeCoral_000_Flora_5A110001.prefab;Assets/_Project/Prefabs/Nature/Flora/BioForge/Shallows/TubeCoral/GEN_Shallows_TubeCoral_001_Flora_69E358F9.prefab;Assets/_Project/Prefabs/Nature/Flora/BioForge/Shallows/TubeCoral/GEN_Shallows_TubeCoral_002_Flora_79B5B1F1.prefab;Assets/_Project/Prefabs/Nature/Flora/BioForge/Shallows/TubeCoral/GEN_Shallows_TubeCoral_003_Flora_89880AE9.prefab;Assets/_Project/Prefabs/Nature/Flora/BioForge/Shallows/TubeCoral/GEN_Shallows_TubeCoral_004_Flora_995A63E1.prefab;Assets/_Project/Prefabs/Nature/Flora/BioForge/Shallows/TubeCoral/GEN_Shallows_TubeCoral_005_Flora_A92CBCD9.prefab;Assets/_Project/Prefabs/Nature/Flora/BioForge/Shallows/TubeCoral/GEN_Shallows_TubeCoral_006_Flora_B8FF15D1.prefab;Assets/_Project/Prefabs/Nature/Flora/BioForge/Shallows/TubeCoral/GEN_Shallows_TubeCoral_007_Flora_C8D16EC9.prefab;Assets/_Project/Prefabs/Nature/Flora/BioForge/Shallows/TubeCoral/GEN_Shallows_TubeCoral_008_Flora_D8A3C7C1.prefab;Assets/_Project/Prefabs/Nature/Flora/BioForge/Shallows/TubeCoral/GEN_Shallows_TubeCoral_009_Flora_E87620B9.prefab;Assets/_Project/Prefabs/Nature/Flora/BioForge/Shallows/TubeCoral/GEN_Shallows_TubeCoral_010_Flora_F84879B1.prefab;Assets/_Project/Prefabs/Nature/Flora/BioForge/Shallows/TubeCoral/GEN_Shallows_TubeCoral_011_Flora_081AD2A9.prefab;Assets/_Project/Prefabs/Nature/Flora/BioForge/Shallows/TubeCoral/GEN_Shallows_TubeCoral_012_Flora_17ED2BA1.prefab;Assets/_Project/Prefabs/Nature/Flora/BioForge/Shallows/TubeCoral/GEN_Shallows_TubeCoral_013_Flora_27BF8499.prefab;Assets/_Project/Prefabs/Nature/Flora/BioForge/Shallows/TubeCoral/GEN_Shallows_TubeCoral_014_Flora_3791DD91.prefab;Assets/_Project/Prefabs/Nature/Flora/BioForge/Shallows/TubeCoral/GEN_Shallows_TubeCoral_015_Flora_47643689.prefab;Assets/_Project/Prefabs/Nature/Flora/BioForge/Shallows/TubeCoral/GEN_Shallows_TubeCoral_016_Flora_57368F81.prefab;Assets/_Project/Prefabs/Nature/Flora/BioForge/Shallows/TubeCoral/GEN_Shallows_TubeCoral_017_Flora_6708E879.prefab;Assets/_Project/Prefabs/Nature/Flora/BioForge/Shallows/TubeCoral/GEN_Shallows_TubeCoral_018_Flora_76DB4171.prefab;Assets/_Project/Prefabs/Nature/Flora/BioForge/Shallows/TubeCoral/GEN_Shallows_TubeCoral_019_Flora_86AD9A69.prefab;Assets/_Project/Prefabs/Nature/Flora/BioForge/Shallows/TubeCoral/GEN_Shallows_TubeCoral_020_Flora_967FF361.prefab;Assets/_Project/Prefabs/Nature/Flora/BioForge/Shallows/TubeCoral/GEN_Shallows_TubeCoral_021_Flora_A6524C59.prefab;Assets/_Project/Prefabs/Nature/Flora/BioForge/Shallows/TubeCoral/GEN_Shallows_TubeCoral_022_Flora_B624A551.prefab;Assets/_Project/Prefabs/Nature/Flora/BioForge/Shallows/TubeCoral/GEN_Shallows_TubeCoral_023_Flora_C5F6FE49.prefab;Assets/_Project/Prefabs/Nature/Flora/BioForge/Shallows/TubeCoral/GEN_Shallows_TubeCoral_024_Flora_D5C95741.prefab;Assets/_Project/Prefabs/Nature/Flora/BioForge/Shallows/TubeCoral/GEN_Shallows_TubeCoral_025_Flora_E59BB039.prefab;Assets/_Project/Prefabs/Nature/Flora/BioForge/Shallows/TubeCoral/GEN_Shallows_TubeCoral_026_Flora_F56E0931.prefab;Assets/_Project/Prefabs/Nature/Flora/BioForge/Shallows/TubeCoral/GEN_Shallows_TubeCoral_027_Flora_05406229.prefab;Assets/_Project/Prefabs/Nature/Flora/BioForge/Shallows/TubeCoral/GEN_Shallows_TubeCoral_028_Flora_1512BB21.prefab;Assets/_Project/Prefabs/Nature/Flora/BioForge/Shallows/TubeCoral/GEN_Shallows_TubeCoral_029_Flora_24E51419.prefab;Assets/_Project/Prefabs/Nature/Flora/BioForge/Shallows/TubeCoral/GEN_Shallows_TubeCoral_030_Flora_34B76D11.prefab;Assets/_Project/Prefabs/Nature/Flora/BioForge/Shallows/TubeCoral/GEN_Shallows_TubeCoral_031_Flora_4489C609.prefab;Assets/_Project/Prefabs/Nature/Flora/BioForge/Shallows/TubeCoral/GEN_Shallows_TubeCoral_032_Flora_545C1F01.prefab;Assets/_Project/Prefabs/Nature/Flora/BioForge/Shallows/TubeCoral/GEN_Shallows_TubeCoral_033_Flora_642E77F9.prefab;Assets/_Project/Prefabs/Nature/Flora/BioForge/Shallows/TubeCoral/GEN_Shallows_TubeCoral_034_Flora_7400D0F1.prefab;Assets/_Project/Prefabs/Nature/Flora/BioForge/Shallows/TubeCoral/GEN_Shallows_TubeCoral_035_Flora_83D329E9.prefab;Assets/_Project/Prefabs/Nature/Flora/BioForge/Shallows/TubeCoral/GEN_Shallows_TubeCoral_036_Flora_93A582E1.prefab;Assets/_Project/Prefabs/Nature/Flora/BioForge/Shallows/TubeCoral/GEN_Shallows_TubeCoral_037_Flora_A377DBD9.prefab;Assets/_Project/Prefabs/Nature/Flora/BioForge/Shallows/TubeCoral/GEN_Shallows_TubeCoral_038_Flora_B34A34D1.prefab;Assets/_Project/Prefabs/Nature/Flora/BioForge/Shallows/TubeCoral/GEN_Shallows_TubeCoral_039_Flora_C31C8DC9.prefab;Assets/_Project/Prefabs/Nature/Flora/BioForge/Shallows/TubeCoral/GEN_Shallows_TubeCoral_040_Flora_D2EEE6C1.prefab;Assets/_Project/Prefabs/Nature/Flora/BioForge/Shallows/TubeCoral/GEN_Shallows_TubeCoral_041_Flora_E2C13FB9.prefab;Assets/_Project/Prefabs/Nature/Flora/BioForge/Shallows/TubeCoral/GEN_Shallows_TubeCoral_042_Flora_F29398B1.prefab;Assets/_Project/Prefabs/Nature/Flora/BioForge/Shallows/TubeCoral/GEN_Shallows_TubeCoral_043_Flora_0265F1A9.prefab;Assets/_Project/Prefabs/Nature/Flora/BioForge/Shallows/TubeCoral/GEN_Shallows_TubeCoral_044_Flora_12384AA1.prefab;Assets/_Project/Prefabs/Nature/Flora/BioForge/Shallows/TubeCoral/GEN_Shallows_TubeCoral_045_Flora_220AA399.prefab;Assets/_Project/Prefabs/Nature/Flora/BioForge/Shallows/TubeCoral/GEN_Shallows_TubeCoral_046_Flora_31DCFC91.prefab;Assets/_Project/Prefabs/Nature/Flora/BioForge/Shallows/TubeCoral/GEN_Shallows_TubeCoral_047_Flora_41AF5589.prefab;Assets/_Project/Prefabs/Nature/Flora/BioForge/Shallows/TubeCoral/GEN_Shallows_TubeCoral_048_Flora_5181AE81.prefab;Assets/_Project/Prefabs/Nature/Flora/BioForge/Shallows/TubeCoral/GEN_Shallows_TubeCoral_049_Flora_61540779.prefab,,,,Assets/_Project/Prefabs/Nature/Flora/BioForge/Shallows/Kelp/GEN_Shallows_Kelp_000_Flora_5A110101.prefab;Assets/_Project/Prefabs/Nature/Flora/BioForge/Shallows/Kelp/GEN_Shallows_Kelp_001_Flora_69E359F9.prefab;Assets/_Project/Prefabs/Nature/Flora/BioForge/Shallows/Kelp/GEN_Shallows_Kelp_002_Flora_79B5B2F1.prefab;Assets/_Project/Prefabs/Nature/Flora/BioForge/Shallows/Kelp/GEN_Shallows_Kelp_003_Flora_89880BE9.prefab;Assets/_Project/Prefabs/Nature/Flora/BioForge/Shallows/Kelp/GEN_Shallows_Kelp_004_Flora_995A64E1.prefab;Assets/_Project/Prefabs/Nature/Flora/BioForge/Shallows/Kelp/GEN_Shallows_Kelp_005_Flora_A92CBDD9.prefab;Assets/_Project/Prefabs/Nature/Flora/BioForge/Shallows/Kelp/GEN_Shallows_Kelp_006_Flora_B8FF16D1.prefab;Assets/_Project/Prefabs/Nature/Flora/BioForge/Shallows/Kelp/GEN_Shallows_Kelp_007_Flora_C8D16FC9.prefab;Assets/_Project/Prefabs/Nature/Flora/BioForge/Shallows/Kelp/GEN_Shallows_Kelp_008_Flora_D8A3C8C1.prefab;Assets/_Project/Prefabs/Nature/Flora/BioForge/Shallows/Kelp/GEN_Shallows_Kelp_009_Flora_E87621B9.prefab;Assets/_Project/Prefabs/Nature/Flora/BioForge/Shallows/Kelp/GEN_Shallows_Kelp_010_Flora_F8487AB1.prefab;Assets/_Project/Prefabs/Nature/Flora/BioForge/Shallows/Kelp/GEN_Shallows_Kelp_011_Flora_081AD3A9.prefab;Assets/_Project/Prefabs/Nature/Flora/BioForge/Shallows/Kelp/GEN_Shallows_Kelp_012_Flora_17ED2CA1.prefab;Assets/_Project/Prefabs/Nature/Flora/BioForge/Shallows/Kelp/GEN_Shallows_Kelp_013_Flora_27BF8599.prefab;Assets/_Project/Prefabs/Nature/Flora/BioForge/Shallows/Kelp/GEN_Shallows_Kelp_014_Flora_3791DE91.prefab;Assets/_Project/Prefabs/Nature/Flora/BioForge/Shallows/Kelp/GEN_Shallows_Kelp_015_Flora_47643789.prefab;Assets/_Project/Prefabs/Nature/Flora/BioForge/Shallows/Kelp/GEN_Shallows_Kelp_016_Flora_57369081.prefab;Assets/_Project/Prefabs/Nature/Flora/BioForge/Shallows/Kelp/GEN_Shallows_Kelp_017_Flora_6708E979.prefab;Assets/_Project/Prefabs/Nature/Flora/BioForge/Shallows/Kelp/GEN_Shallows_Kelp_018_Flora_76DB4271.prefab;Assets/_Project/Prefabs/Nature/Flora/BioForge/Shallows/Kelp/GEN_Shallows_Kelp_019_Flora_86AD9B69.prefab;Assets/_Project/Prefabs/Nature/Flora/BioForge/Shallows/Kelp/GEN_Shallows_Kelp_020_Flora_967FF461.prefab;Assets/_Project/Prefabs/Nature/Flora/BioForge/Shallows/Kelp/GEN_Shallows_Kelp_021_Flora_A6524D59.prefab;Assets/_Project/Prefabs/Nature/Flora/BioForge/Shallows/Kelp/GEN_Shallows_Kelp_022_Flora_B624A651.prefab;Assets/_Project/Prefabs/Nature/Flora/BioForge/Shallows/Kelp/GEN_Shallows_Kelp_023_Flora_C5F6FF49.prefab;Assets/_Project/Prefabs/Nature/Flora/BioForge/Shallows/Kelp/GEN_Shallows_Kelp_024_Flora_D5C95841.prefab;Assets/_Project/Prefabs/Nature/Flora/BioForge/Shallows/Kelp/GEN_Shallows_Kelp_025_Flora_E59BB139.prefab;Assets/_Project/Prefabs/Nature/Flora/BioForge/Shallows/Kelp/GEN_Shallows_Kelp_026_Flora_F56E0A31.prefab;Assets/_Project/Prefabs/Nature/Flora/BioForge/Shallows/Kelp/GEN_Shallows_Kelp_027_Flora_05406329.prefab;Assets/_Project/Prefabs/Nature/Flora/BioForge/Shallows/Kelp/GEN_Shallows_Kelp_028_Flora_1512BC21.prefab;Assets/_Project/Prefabs/Nature/Flora/BioForge/Shallows/Kelp/GEN_Shallows_Kelp_029_Flora_24E51519.prefab;Assets/_Project/Prefabs/Nature/Flora/BioForge/Shallows/Kelp/GEN_Shallows_Kelp_030_Flora_34B76E11.prefab;Assets/_Project/Prefabs/Nature/Flora/BioForge/Shallows/Kelp/GEN_Shallows_Kelp_031_Flora_4489C709.prefab;Assets/_Project/Prefabs/Nature/Flora/BioForge/Shallows/Kelp/GEN_Shallows_Kelp_032_Flora_545C2001.prefab;Assets/_Project/Prefabs/Nature/Flora/BioForge/Shallows/Kelp/GEN_Shallows_Kelp_033_Flora_642E78F9.prefab;Assets/_Project/Prefabs/Nature/Flora/BioForge/Shallows/Kelp/GEN_Shallows_Kelp_034_Flora_7400D1F1.prefab;Assets/_Project/Prefabs/Nature/Flora/BioForge/Shallows/Kelp/GEN_Shallows_Kelp_035_Flora_83D32AE9.prefab;Assets/_Project/Prefabs/Nature/Flora/BioForge/Shallows/Kelp/GEN_Shallows_Kelp_036_Flora_93A583E1.prefab;Assets/_Project/Prefabs/Nature/Flora/BioForge/Shallows/Kelp/GEN_Shallows_Kelp_037_Flora_A377DCD9.prefab;Assets/_Project/Prefabs/Nature/Flora/BioForge/Shallows/Kelp/GEN_Shallows_Kelp_038_Flora_B34A35D1.prefab;Assets/_Project/Prefabs/Nature/Flora/BioForge/Shallows/Kelp/GEN_Shallows_Kelp_039_Flora_C31C8EC9.prefab;Assets/_Project/Prefabs/Nature/Flora/BioForge/Shallows/Kelp/GEN_Shallows_Kelp_040_Flora_D2EEE7C1.prefab;Assets/_Project/Prefabs/Nature/Flora/BioForge/Shallows/Kelp/GEN_Shallows_Kelp_041_Flora_E2C140B9.prefab;Assets/_Project/Prefabs/Nature/Flora/BioForge/Shallows/Kelp/GEN_Shallows_Kelp_042_Flora_F29399B1.prefab;Assets/_Project/Prefabs/Nature/Flora/BioForge/Shallows/Kelp/GEN_Shallows_Kelp_043_Flora_0265F2A9.prefab;Assets/_Project/Prefabs/Nature/Flora/BioForge/Shallows/Kelp/GEN_Shallows_Kelp_044_Flora_12384BA1.prefab;Assets/_Project/Prefabs/Nature/Flora/BioForge/Shallows/Kelp/GEN_Shallows_Kelp_045_Flora_220AA499.prefab;Assets/_Project/Prefabs/Nature/Flora/BioForge/Shallows/Kelp/GEN_Shallows_Kelp_046_Flora_31DCFD91.prefab;Assets/_Project/Prefabs/Nature/Flora/BioForge/Shallows/Kelp/GEN_Shallows_Kelp_047_Flora_41AF5689.prefab;Assets/_Project/Prefabs/Nature/Flora/BioForge/Shallows/Kelp/GEN_Shallows_Kelp_048_Flora_5181AF81.prefab;Assets/_Project/Prefabs/Nature/Flora/BioForge/Shallows/Kelp/GEN_Shallows_Kelp_049_Flora_61540879.prefab;Assets/_Project/Prefabs/Nature/Flora/BioForge/Shallows/Kelp/GEN_Shallows_Kelp_050_Flora_71266171.prefab;Assets/_Project/Prefabs/Nature/Flora/BioForge/Shallows/Kelp/GEN_Shallows_Kelp_051_Flora_80F8BA69.prefab;Assets/_Project/Prefabs/Nature/Flora/BioForge/Shallows/Kelp/GEN_Shallows_Kelp_052_Flora_90CB1361.prefab;Assets/_Project/Prefabs/Nature/Flora/BioForge/Shallows/Kelp/GEN_Shallows_Kelp_053_Flora_A09D6C59.prefab;Assets/_Project/Prefabs/Nature/Flora/BioForge/Shallows/Kelp/GEN_Shallows_Kelp_054_Flora_B06FC551.prefab;Assets/_Project/Prefabs/Nature/Flora/BioForge/Shallows/Kelp/GEN_Shallows_Kelp_055_Flora_C0421E49.prefab;Assets/_Project/Prefabs/Nature/Flora/BioForge/Shallows/Kelp/GEN_Shallows_Kelp_056_Flora_D0147741.prefab;Assets/_Project/Prefabs/Nature/Flora/BioForge/Shallows/Kelp/GEN_Shallows_Kelp_057_Flora_DFE6D039.prefab;Assets/_Project/Prefabs/Nature/Flora/BioForge/Shallows/Kelp/GEN_Shallows_Kelp_058_Flora_EFB92931.prefab;Assets/_Project/Prefabs/Nature/Flora/BioForge/Shallows/Kelp/GEN_Shallows_Kelp_059_Flora_FF8B8229.prefab;Assets/_Project/Prefabs/Nature/Flora/BioForge/Shallows/Kelp/GEN_Shallows_Kelp_060_Flora_0F5DDB21.prefab;Assets/_Project/Prefabs/Nature/Flora/BioForge/Shallows/Kelp/GEN_Shallows_Kelp_061_Flora_1F303419.prefab;Assets/_Project/Prefabs/Nature/Flora/BioForge/Shallows/Kelp/GEN_Shallows_Kelp_062_Flora_2F028D11.prefab;Assets/_Project/Prefabs/Nature/Flora/BioForge/Shallows/Kelp/GEN_Shallows_Kelp_063_Flora_3ED4E609.prefab;Assets/_Project/Prefabs/Nature/Flora/BioForge/Shallows/Kelp/GEN_Shallows_Kelp_064_Flora_4EA73F01.prefab;Assets/_Project/Prefabs/Nature/Flora/BioForge/Shallows/Kelp/GEN_Shallows_Kelp_065_Flora_5E7997F9.prefab;Assets/_Project/Prefabs/Nature/Flora/BioForge/Shallows/Kelp/GEN_Shallows_Kelp_066_Flora_6E4BF0F1.prefab;Assets/_Project/Prefabs/Nature/Flora/BioForge/Shallows/Kelp/GEN_Shallows_Kelp_067_Flora_7E1E49E9.prefab;Assets/_Project/Prefabs/Nature/Flora/BioForge/Shallows/Kelp/GEN_Shallows_Kelp_068_Flora_8DF0A2E1.prefab;Assets/_Project/Prefabs/Nature/Flora/BioForge/Shallows/Kelp/GEN_Shallows_Kelp_069_Flora_9DC2FBD9.prefab;Assets/_Project/Prefabs/Nature/Flora/BioForge/Shallows/Kelp/GEN_Shallows_Kelp_070_Flora_AD9554D1.prefab;Assets/_Project/Prefabs/Nature/Flora/BioForge/Shallows/Kelp/GEN_Shallows_Kelp_071_Flora_BD67ADC9.prefab;Assets/_Project/Prefabs/Nature/Flora/BioForge/Shallows/Kelp/GEN_Shallows_Kelp_072_Flora_CD3A06C1.prefab;Assets/_Project/Prefabs/Nature/Flora/BioForge/Shallows/Kelp/GEN_Shallows_Kelp_073_Flora_DD0C5FB9.prefab;Assets/_Project/Prefabs/Nature/Flora/BioForge/Shallows/Kelp/GEN_Shallows_Kelp_074_Flora_ECDEB8B1.prefab;Assets/_Project/Prefabs/Nature/Flora/BioForge/Shallows/Kelp/GEN_Shallows_Kelp_075_Flora_FCB111A9.prefab;Assets/_Project/Prefabs/Nature/Flora/BioForge/Shallows/Kelp/GEN_Shallows_Kelp_076_Flora_0C836AA1.prefab;Assets/_Project/Prefabs/Nature/Flora/BioForge/Shallows/Kelp/GEN_Shallows_Kelp_077_Flora_1C55C399.prefab;Assets/_Project/Prefabs/Nature/Flora/BioForge/Shallows/Kelp/GEN_Shallows_Kelp_078_Flora_2C281C91.prefab;Assets/_Project/Prefabs/Nature/Flora/BioForge/Shallows/Kelp/GEN_Shallows_Kelp_079_Flora_3BFA7589.prefab;Assets/_Project/Prefabs/Nature/Flora/BioForge/Shallows/Kelp/GEN_Shallows_Kelp_080_Flora_4BCCCE81.prefab;Assets/_Project/Prefabs/Nature/Flora/BioForge/Shallows/Kelp/GEN_Shallows_Kelp_081_Flora_5B9F2779.prefab;Assets/_Project/Prefabs/Nature/Flora/BioForge/Shallows/Kelp/GEN_Shallows_Kelp_082_Flora_6B718071.prefab;Assets/_Project/Prefabs/Nature/Flora/BioForge/Shallows/Kelp/GEN_Shallows_Kelp_083_Flora_7B43D969.prefab;Assets/_Project/Prefabs/Nature/Flora/BioForge/Shallows/Kelp/GEN_Shallows_Kelp_084_Flora_8B163261.prefab;Assets/_Project/Prefabs/Nature/Flora/BioForge/Shallows/Kelp/GEN_Shallows_Kelp_085_Flora_9AE88B59.prefab;Assets/_Project/Prefabs/Nature/Flora/BioForge/Shallows/Kelp/GEN_Shallows_Kelp_086_Flora_AABAE451.prefab;Assets/_Project/Prefabs/Nature/Flora/BioForge/Shallows/Kelp/GEN_Shallows_Kelp_087_Flora_BA8D3D49.prefab;Assets/_Project/Prefabs/Nature/Flora/BioForge/Shallows/Kelp/GEN_Shallows_Kelp_088_Flora_CA5F9641.prefab;Assets/_Project/Prefabs/Nature/Flora/BioForge/Shallows/Kelp/GEN_Shallows_Kelp_089_Flora_DA31EF39.prefab;Assets/_Project/Prefabs/Nature/Flora/BioForge/Shallows/Kelp/GEN_Shallows_Kelp_090_Flora_EA044831.prefab;Assets/_Project/Prefabs/Nature/Flora/BioForge/Shallows/Kelp/GEN_Shallows_Kelp_091_Flora_F9D6A129.prefab;Assets/_Project/Prefabs/Nature/Flora/BioForge/Shallows/Kelp/GEN_Shallows_Kelp_092_Flora_09A8FA21.prefab;Assets/_Project/Prefabs/Nature/Flora/BioForge/Shallows/Kelp/GEN_Shallows_Kelp_093_Flora_197B5319.prefab;Assets/_Project/Prefabs/Nature/Flora/BioForge/Shallows/Kelp/GEN_Shallows_Kelp_094_Flora_294DAC11.prefab;Assets/_Project/Prefabs/Nature/Flora/BioForge/Shallows/Kelp/GEN_Shallows_Kelp_095_Flora_39200509.prefab;Assets/_Project/Prefabs/Nature/Flora/BioForge/Shallows/Kelp/GEN_Shallows_Kelp_096_Flora_48F25E01.prefab;Assets/_Project/Prefabs/Nature/Flora/BioForge/Shallows/Kelp/GEN_Shallows_Kelp_097_Flora_58C4B6F9.prefab;Assets/_Project/Prefabs/Nature/Flora/BioForge/Shallows/Kelp/GEN_Shallows_Kelp_098_Flora_68970FF1.prefab;Assets/_Project/Prefabs/Nature/Flora/BioForge/Shallows/Kelp/GEN_Shallows_Kelp_099_Flora_786968E9.prefab;Assets/_Project/Prefabs/Nature/Flora/BioForge/Shallows/PorousRock/GEN_Shallows_PorousRock_000_Rock_ABFE290C.prefab;Assets/_Project/Prefabs/Nature/Flora/BioForge/Shallows/PorousRock/GEN_Shallows_PorousRock_001_Rock_EDC47779.prefab;Assets/_Project/Prefabs/Nature/Flora/BioForge/Shallows/PorousRock/GEN_Shallows_PorousRock_002_Rock_2F8AC5E6.prefab;Assets/_Project/Prefabs/Nature/Flora/BioForge/Shallows/PorousRock/GEN_Shallows_PorousRock_003_Rock_71511453.prefab;Assets/_Project/Prefabs/Nature/Flora/BioForge/Shallows/PorousRock/GEN_Shallows_PorousRock_004_Rock_B31762C0.prefab;Assets/_Project/Prefabs/Nature/Flora/BioForge/Shallows/PorousRock/GEN_Shallows_PorousRock_005_Rock_F4DDB12D.prefab;Assets/_Project/Prefabs/Nature/Flora/BioForge/Shallows/PorousRock/GEN_Shallows_PorousRock_006_Rock_36A3FF9A.prefab;Assets/_Project/Prefabs/Nature/Flora/BioForge/Shallows/PorousRock/GEN_Shallows_PorousRock_007_Rock_786A4E07.prefab;Assets/_Project/Prefabs/Nature/Flora/BioForge/Shallows/PorousRock/GEN_Shallows_PorousRock_008_Rock_BA309C74.prefab;Assets/_Project/Prefabs/Nature/Flora/BioForge/Shallows/PorousRock/GEN_Shallows_PorousRock_009_Rock_FBF6EAE1.prefab;Assets/_Project/Prefabs/Nature/Flora/BioForge/Shallows/PorousRock/GEN_Shallows_PorousRock_010_Rock_3DBD394E.prefab;Assets/_Project/Prefabs/Nature/Flora/BioForge/Shallows/PorousRock/GEN_Shallows_PorousRock_011_Rock_7F8387BB.prefab;Assets/_Project/Prefabs/Nature/Flora/BioForge/Shallows/PorousRock/GEN_Shallows_PorousRock_012_Rock_C149D628.prefab;Assets/_Project/Prefabs/Nature/Flora/BioForge/Shallows/PorousRock/GEN_Shallows_PorousRock_013_Rock_03102495.prefab;Assets/_Project/Prefabs/Nature/Flora/BioForge/Shallows/PorousRock/GEN_Shallows_PorousRock_014_Rock_44D67302.prefab;Assets/_Project/Prefabs/Nature/Flora/BioForge/Shallows/PorousRock/GEN_Shallows_PorousRock_015_Rock_869CC16F.prefab;Assets/_Project/Prefabs/Nature/Flora/BioForge/Shallows/PorousRock/GEN_Shallows_PorousRock_016_Rock_C8630FDC.prefab;Assets/_Project/Prefabs/Nature/Flora/BioForge/Shallows/PorousRock/GEN_Shallows_PorousRock_017_Rock_0A295E49.prefab;Assets/_Project/Prefabs/Nature/Flora/BioForge/Shallows/PorousRock/GEN_Shallows_PorousRock_018_Rock_4BEFACB6.prefab;Assets/_Project/Prefabs/Nature/Flora/BioForge/Shallows/PorousRock/GEN_Shallows_PorousRock_019_Rock_8DB5FB23.prefab;Assets/_Project/Prefabs/Nature/Flora/BioForge/Shallows/PorousRock/GEN_Shallows_PorousRock_020_Rock_CF7C4990.prefab;Assets/_Project/Prefabs/Nature/Flora/BioForge/Shallows/PorousRock/GEN_Shallows_PorousRock_021_Rock_114297FD.prefab;Assets/_Project/Prefabs/Nature/Flora/BioForge/Shallows/PorousRock/GEN_Shallows_PorousRock_022_Rock_5308E66A.prefab;Assets/_Project/Prefabs/Nature/Flora/BioForge/Shallows/PorousRock/GEN_Shallows_PorousRock_023_Rock_94CF34D7.prefab;Assets/_Project/Prefabs/Nature/Flora/BioForge/Shallows/PorousRock/GEN_Shallows_PorousRock_024_Rock_D6958344.prefab;Assets/_Project/Prefabs/Nature/Flora/BioForge/Shallows/PorousRock/GEN_Shallows_PorousRock_025_Rock_185BD1B1.prefab;Assets/_Project/Prefabs/Nature/Flora/BioForge/Shallows/PorousRock/GEN_Shallows_PorousRock_026_Rock_5A22201E.prefab;Assets/_Project/Prefabs/Nature/Flora/BioForge/Shallows/PorousRock/GEN_Shallows_PorousRock_027_Rock_9BE86E8B.prefab;Assets/_Project/Prefabs/Nature/Flora/BioForge/Shallows/PorousRock/GEN_Shallows_PorousRock_028_Rock_DDAEBCF8.prefab;Assets/_Project/Prefabs/Nature/Flora/BioForge/Shallows/PorousRock/GEN_Shallows_PorousRock_029_Rock_1F750B65.prefab;Assets/_Project/Prefabs/Nature/Flora/BioForge/Shallows/PorousRock/GEN_Shallows_PorousRock_030_Rock_613B59D2.prefab;Assets/_Project/Prefabs/Nature/Flora/BioForge/Shallows/PorousRock/GEN_Shallows_PorousRock_031_Rock_A301A83F.prefab;Assets/_Project/Prefabs/Nature/Flora/BioForge/Shallows/PorousRock/GEN_Shallows_PorousRock_032_Rock_E4C7F6AC.prefab;Assets/_Project/Prefabs/Nature/Flora/BioForge/Shallows/PorousRock/GEN_Shallows_PorousRock_033_Rock_268E4519.prefab;Assets/_Project/Prefabs/Nature/Flora/BioForge/Shallows/PorousRock/GEN_Shallows_PorousRock_034_Rock_68549386.prefab;Assets/_Project/Prefabs/Nature/Flora/BioForge/Shallows/PorousRock/GEN_Shallows_PorousRock_035_Rock_AA1AE1F3.prefab;Assets/_Project/Prefabs/Nature/Flora/BioForge/Shallows/PorousRock/GEN_Shallows_PorousRock_036_Rock_EBE13060.prefab;Assets/_Project/Prefabs/Nature/Flora/BioForge/Shallows/PorousRock/GEN_Shallows_PorousRock_037_Rock_2DA77ECD.prefab;Assets/_Project/Prefabs/Nature/Flora/BioForge/Shallows/PorousRock/GEN_Shallows_PorousRock_038_Rock_6F6DCD3A.prefab;Assets/_Project/Prefabs/Nature/Flora/BioForge/Shallows/PorousRock/GEN_Shallows_PorousRock_039_Rock_B1341BA7.prefab;Assets/_Project/Prefabs/Nature/Flora/BioForge/Shallows/PorousRock/GEN_Shallows_PorousRock_040_Rock_F2FA6A14.prefab;Assets/_Project/Prefabs/Nature/Flora/BioForge/Shallows/PorousRock/GEN_Shallows_PorousRock_041_Rock_34C0B881.prefab;Assets/_Project/Prefabs/Nature/Flora/BioForge/Shallows/PorousRock/GEN_Shallows_PorousRock_042_Rock_768706EE.prefab;Assets/_Project/Prefabs/Nature/Flora/BioForge/Shallows/PorousRock/GEN_Shallows_PorousRock_043_Rock_B84D555B.prefab;Assets/_Project/Prefabs/Nature/Flora/BioForge/Shallows/PorousRock/GEN_Shallows_PorousRock_044_Rock_FA13A3C8.prefab;Assets/_Project/Prefabs/Nature/Flora/BioForge/Shallows/PorousRock/GEN_Shallows_PorousRock_045_Rock_3BD9F235.prefab;Assets/_Project/Prefabs/Nature/Flora/BioForge/Shallows/PorousRock/GEN_Shallows_PorousRock_046_Rock_7DA040A2.prefab;Assets/_Project/Prefabs/Nature/Flora/BioForge/Shallows/PorousRock/GEN_Shallows_PorousRock_047_Rock_BF668F0F.prefab;Assets/_Project/Prefabs/Nature/Flora/BioForge/Shallows/PorousRock/GEN_Shallows_PorousRock_048_Rock_012CDD7C.prefab;Assets/_Project/Prefabs/Nature/Flora/BioForge/Shallows/PorousRock/GEN_Shallows_PorousRock_049_Rock_42F32BE9.prefab;Assets/_Project/Prefabs/Nature/Flora/BioForge/Shallows/TubeCoral/GEN_Shallows_TubeCoral_000_Flora_5A110001.prefab;Assets/_Project/Prefabs/Nature/Flora/BioForge/Shallows/TubeCoral/GEN_Shallows_TubeCoral_001_Flora_69E358F9.prefab;Assets/_Project/Prefabs/Nature/Flora/BioForge/Shallows/TubeCoral/GEN_Shallows_TubeCoral_002_Flora_79B5B1F1.prefab;Assets/_Project/Prefabs/Nature/Flora/BioForge/Shallows/TubeCoral/GEN_Shallows_TubeCoral_003_Flora_89880AE9.prefab;Assets/_Project/Prefabs/Nature/Flora/BioForge/Shallows/TubeCoral/GEN_Shallows_TubeCoral_004_Flora_995A63E1.prefab;Assets/_Project/Prefabs/Nature/Flora/BioForge/Shallows/TubeCoral/GEN_Shallows_TubeCoral_005_Flora_A92CBCD9.prefab;Assets/_Project/Prefabs/Nature/Flora/BioForge/Shallows/TubeCoral/GEN_Shallows_TubeCoral_006_Flora_B8FF15D1.prefab;Assets/_Project/Prefabs/Nature/Flora/BioForge/Shallows/TubeCoral/GEN_Shallows_TubeCoral_007_Flora_C8D16EC9.prefab;Assets/_Project/Prefabs/Nature/Flora/BioForge/Shallows/TubeCoral/GEN_Shallows_TubeCoral_008_Flora_D8A3C7C1.prefab;Assets/_Project/Prefabs/Nature/Flora/BioForge/Shallows/TubeCoral/GEN_Shallows_TubeCoral_009_Flora_E87620B9.prefab;Assets/_Project/Prefabs/Nature/Flora/BioForge/Shallows/TubeCoral/GEN_Shallows_TubeCoral_010_Flora_F84879B1.prefab;Assets/_Project/Prefabs/Nature/Flora/BioForge/Shallows/TubeCoral/GEN_Shallows_TubeCoral_011_Flora_081AD2A9.prefab;Assets/_Project/Prefabs/Nature/Flora/BioForge/Shallows/TubeCoral/GEN_Shallows_TubeCoral_012_Flora_17ED2BA1.prefab;Assets/_Project/Prefabs/Nature/Flora/BioForge/Shallows/TubeCoral/GEN_Shallows_TubeCoral_013_Flora_27BF8499.prefab;Assets/_Project/Prefabs/Nature/Flora/BioForge/Shallows/TubeCoral/GEN_Shallows_TubeCoral_014_Flora_3791DD91.prefab;Assets/_Project/Prefabs/Nature/Flora/BioForge/Shallows/TubeCoral/GEN_Shallows_TubeCoral_015_Flora_47643689.prefab;Assets/_Project/Prefabs/Nature/Flora/BioForge/Shallows/TubeCoral/GEN_Shallows_TubeCoral_016_Flora_57368F81.prefab;Assets/_Project/Prefabs/Nature/Flora/BioForge/Shallows/TubeCoral/GEN_Shallows_TubeCoral_017_Flora_6708E879.prefab;Assets/_Project/Prefabs/Nature/Flora/BioForge/Shallows/TubeCoral/GEN_Shallows_TubeCoral_018_Flora_76DB4171.prefab;Assets/_Project/Prefabs/Nature/Flora/BioForge/Shallows/TubeCoral/GEN_Shallows_TubeCoral_019_Flora_86AD9A69.prefab;Assets/_Project/Prefabs/Nature/Flora/BioForge/Shallows/TubeCoral/GEN_Shallows_TubeCoral_020_Flora_967FF361.prefab;Assets/_Project/Prefabs/Nature/Flora/BioForge/Shallows/TubeCoral/GEN_Shallows_TubeCoral_021_Flora_A6524C59.prefab;Assets/_Project/Prefabs/Nature/Flora/BioForge/Shallows/TubeCoral/GEN_Shallows_TubeCoral_022_Flora_B624A551.prefab;Assets/_Project/Prefabs/Nature/Flora/BioForge/Shallows/TubeCoral/GEN_Shallows_TubeCoral_023_Flora_C5F6FE49.prefab;Assets/_Project/Prefabs/Nature/Flora/BioForge/Shallows/TubeCoral/GEN_Shallows_TubeCoral_024_Flora_D5C95741.prefab;Assets/_Project/Prefabs/Nature/Flora/BioForge/Shallows/TubeCoral/GEN_Shallows_TubeCoral_025_Flora_E59BB039.prefab;Assets/_Project/Prefabs/Nature/Flora/BioForge/Shallows/TubeCoral/GEN_Shallows_TubeCoral_026_Flora_F56E0931.prefab;Assets/_Project/Prefabs/Nature/Flora/BioForge/Shallows/TubeCoral/GEN_Shallows_TubeCoral_027_Flora_05406229.prefab;Assets/_Project/Prefabs/Nature/Flora/BioForge/Shallows/TubeCoral/GEN_Shallows_TubeCoral_028_Flora_1512BB21.prefab;Assets/_Project/Prefabs/Nature/Flora/BioForge/Shallows/TubeCoral/GEN_Shallows_TubeCoral_029_Flora_24E51419.prefab;Assets/_Project/Prefabs/Nature/Flora/BioForge/Shallows/TubeCoral/GEN_Shallows_TubeCoral_030_Flora_34B76D11.prefab;Assets/_Project/Prefabs/Nature/Flora/BioForge/Shallows/TubeCoral/GEN_Shallows_TubeCoral_031_Flora_4489C609.prefab;Assets/_Project/Prefabs/Nature/Flora/BioForge/Shallows/TubeCoral/GEN_Shallows_TubeCoral_032_Flora_545C1F01.prefab;Assets/_Project/Prefabs/Nature/Flora/BioForge/Shallows/TubeCoral/GEN_Shallows_TubeCoral_033_Flora_642E77F9.prefab;Assets/_Project/Prefabs/Nature/Flora/BioForge/Shallows/TubeCoral/GEN_Shallows_TubeCoral_034_Flora_7400D0F1.prefab;Assets/_Project/Prefabs/Nature/Flora/BioForge/Shallows/TubeCoral/GEN_Shallows_TubeCoral_035_Flora_83D329E9.prefab;Assets/_Project/Prefabs/Nature/Flora/BioForge/Shallows/TubeCoral/GEN_Shallows_TubeCoral_036_Flora_93A582E1.prefab;Assets/_Project/Prefabs/Nature/Flora/BioForge/Shallows/TubeCoral/GEN_Shallows_TubeCoral_037_Flora_A377DBD9.prefab;Assets/_Project/Prefabs/Nature/Flora/BioForge/Shallows/TubeCoral/GEN_Shallows_TubeCoral_038_Flora_B34A34D1.prefab;Assets/_Project/Prefabs/Nature/Flora/BioForge/Shallows/TubeCoral/GEN_Shallows_TubeCoral_039_Flora_C31C8DC9.prefab;Assets/_Project/Prefabs/Nature/Flora/BioForge/Shallows/TubeCoral/GEN_Shallows_TubeCoral_040_Flora_D2EEE6C1.prefab;Assets/_Project/Prefabs/Nature/Flora/BioForge/Shallows/TubeCoral/GEN_Shallows_TubeCoral_041_Flora_E2C13FB9.prefab;Assets/_Project/Prefabs/Nature/Flora/BioForge/Shallows/TubeCoral/GEN_Shallows_TubeCoral_042_Flora_F29398B1.prefab;Assets/_Project/Prefabs/Nature/Flora/BioForge/Shallows/TubeCoral/GEN_Shallows_TubeCoral_043_Flora_0265F1A9.prefab;Assets/_Project/Prefabs/Nature/Flora/BioForge/Shallows/TubeCoral/GEN_Shallows_TubeCoral_044_Flora_12384AA1.prefab;Assets/_Project/Prefabs/Nature/Flora/BioForge/Shallows/TubeCoral/GEN_Shallows_TubeCoral_045_Flora_220AA399.prefab;Assets/_Project/Prefabs/Nature/Flora/BioForge/Shallows/TubeCoral/GEN_Shallows_TubeCoral_046_Flora_31DCFC91.prefab;Assets/_Project/Prefabs/Nature/Flora/BioForge/Shallows/TubeCoral/GEN_Shallows_TubeCoral_047_Flora_41AF5589.prefab;Assets/_Project/Prefabs/Nature/Flora/BioForge/Shallows/TubeCoral/GEN_Shallows_TubeCoral_048_Flora_5181AE81.prefab;Assets/_Project/Prefabs/Nature/Flora/BioForge/Shallows/TubeCoral/GEN_Shallows_TubeCoral_049_Flora_61540779.prefab,Assets/_Project/Art/Materials/WorldProceduralProxy/MAT_ProceduralBio_Shallows.mat,STATIC_SOURCE,streaming_mips_disabled
Assets/_Project/Art/TEXTURES/WorldProceduralFlora/TX_ProceduralBio_Shallows_ORMAtlas.png,e3911b6d25a15da4c820858e540fbd5f,REFERENCED_TEXTURE;PROXY_CONTAMINATION_TEXTURE,,CANDIDATE_BLOCKED_BY_MATERIAL_PROOF,packed_mask_source,1024,1024,2.133,1,1,0,1,Assets/_Project/Art/Materials/WorldProceduralProxy/MAT_ProceduralBio_Shallows.mat[_ORMAtlas],200,Assets/_Project/Prefabs/Nature/Flora/BioForge/Shallows/Kelp/GEN_Shallows_Kelp_000_Flora_5A110101.prefab;Assets/_Project/Prefabs/Nature/Flora/BioForge/Shallows/Kelp/GEN_Shallows_Kelp_001_Flora_69E359F9.prefab;Assets/_Project/Prefabs/Nature/Flora/BioForge/Shallows/Kelp/GEN_Shallows_Kelp_002_Flora_79B5B2F1.prefab;Assets/_Project/Prefabs/Nature/Flora/BioForge/Shallows/Kelp/GEN_Shallows_Kelp_003_Flora_89880BE9.prefab;Assets/_Project/Prefabs/Nature/Flora/BioForge/Shallows/Kelp/GEN_Shallows_Kelp_004_Flora_995A64E1.prefab;Assets/_Project/Prefabs/Nature/Flora/BioForge/Shallows/Kelp/GEN_Shallows_Kelp_005_Flora_A92CBDD9.prefab;Assets/_Project/Prefabs/Nature/Flora/BioForge/Shallows/Kelp/GEN_Shallows_Kelp_006_Flora_B8FF16D1.prefab;Assets/_Project/Prefabs/Nature/Flora/BioForge/Shallows/Kelp/GEN_Shallows_Kelp_007_Flora_C8D16FC9.prefab;Assets/_Project/Prefabs/Nature/Flora/BioForge/Shallows/Kelp/GEN_Shallows_Kelp_008_Flora_D8A3C8C1.prefab;Assets/_Project/Prefabs/Nature/Flora/BioForge/Shallows/Kelp/GEN_Shallows_Kelp_009_Flora_E87621B9.prefab;Assets/_Project/Prefabs/Nature/Flora/BioForge/Shallows/Kelp/GEN_Shallows_Kelp_010_Flora_F8487AB1.prefab;Assets/_Project/Prefabs/Nature/Flora/BioForge/Shallows/Kelp/GEN_Shallows_Kelp_011_Flora_081AD3A9.prefab;Assets/_Project/Prefabs/Nature/Flora/BioForge/Shallows/Kelp/GEN_Shallows_Kelp_012_Flora_17ED2CA1.prefab;Assets/_Project/Prefabs/Nature/Flora/BioForge/Shallows/Kelp/GEN_Shallows_Kelp_013_Flora_27BF8599.prefab;Assets/_Project/Prefabs/Nature/Flora/BioForge/Shallows/Kelp/GEN_Shallows_Kelp_014_Flora_3791DE91.prefab;Assets/_Project/Prefabs/Nature/Flora/BioForge/Shallows/Kelp/GEN_Shallows_Kelp_015_Flora_47643789.prefab;Assets/_Project/Prefabs/Nature/Flora/BioForge/Shallows/Kelp/GEN_Shallows_Kelp_016_Flora_57369081.prefab;Assets/_Project/Prefabs/Nature/Flora/BioForge/Shallows/Kelp/GEN_Shallows_Kelp_017_Flora_6708E979.prefab;Assets/_Project/Prefabs/Nature/Flora/BioForge/Shallows/Kelp/GEN_Shallows_Kelp_018_Flora_76DB4271.prefab;Assets/_Project/Prefabs/Nature/Flora/BioForge/Shallows/Kelp/GEN_Shallows_Kelp_019_Flora_86AD9B69.prefab;Assets/_Project/Prefabs/Nature/Flora/BioForge/Shallows/Kelp/GEN_Shallows_Kelp_020_Flora_967FF461.prefab;Assets/_Project/Prefabs/Nature/Flora/BioForge/Shallows/Kelp/GEN_Shallows_Kelp_021_Flora_A6524D59.prefab;Assets/_Project/Prefabs/Nature/Flora/BioForge/Shallows/Kelp/GEN_Shallows_Kelp_022_Flora_B624A651.prefab;Assets/_Project/Prefabs/Nature/Flora/BioForge/Shallows/Kelp/GEN_Shallows_Kelp_023_Flora_C5F6FF49.prefab;Assets/_Project/Prefabs/Nature/Flora/BioForge/Shallows/Kelp/GEN_Shallows_Kelp_024_Flora_D5C95841.prefab;Assets/_Project/Prefabs/Nature/Flora/BioForge/Shallows/Kelp/GEN_Shallows_Kelp_025_Flora_E59BB139.prefab;Assets/_Project/Prefabs/Nature/Flora/BioForge/Shallows/Kelp/GEN_Shallows_Kelp_026_Flora_F56E0A31.prefab;Assets/_Project/Prefabs/Nature/Flora/BioForge/Shallows/Kelp/GEN_Shallows_Kelp_027_Flora_05406329.prefab;Assets/_Project/Prefabs/Nature/Flora/BioForge/Shallows/Kelp/GEN_Shallows_Kelp_028_Flora_1512BC21.prefab;Assets/_Project/Prefabs/Nature/Flora/BioForge/Shallows/Kelp/GEN_Shallows_Kelp_029_Flora_24E51519.prefab;Assets/_Project/Prefabs/Nature/Flora/BioForge/Shallows/Kelp/GEN_Shallows_Kelp_030_Flora_34B76E11.prefab;Assets/_Project/Prefabs/Nature/Flora/BioForge/Shallows/Kelp/GEN_Shallows_Kelp_031_Flora_4489C709.prefab;Assets/_Project/Prefabs/Nature/Flora/BioForge/Shallows/Kelp/GEN_Shallows_Kelp_032_Flora_545C2001.prefab;Assets/_Project/Prefabs/Nature/Flora/BioForge/Shallows/Kelp/GEN_Shallows_Kelp_033_Flora_642E78F9.prefab;Assets/_Project/Prefabs/Nature/Flora/BioForge/Shallows/Kelp/GEN_Shallows_Kelp_034_Flora_7400D1F1.prefab;Assets/_Project/Prefabs/Nature/Flora/BioForge/Shallows/Kelp/GEN_Shallows_Kelp_035_Flora_83D32AE9.prefab;Assets/_Project/Prefabs/Nature/Flora/BioForge/Shallows/Kelp/GEN_Shallows_Kelp_036_Flora_93A583E1.prefab;Assets/_Project/Prefabs/Nature/Flora/BioForge/Shallows/Kelp/GEN_Shallows_Kelp_037_Flora_A377DCD9.prefab;Assets/_Project/Prefabs/Nature/Flora/BioForge/Shallows/Kelp/GEN_Shallows_Kelp_038_Flora_B34A35D1.prefab;Assets/_Project/Prefabs/Nature/Flora/BioForge/Shallows/Kelp/GEN_Shallows_Kelp_039_Flora_C31C8EC9.prefab;Assets/_Project/Prefabs/Nature/Flora/BioForge/Shallows/Kelp/GEN_Shallows_Kelp_040_Flora_D2EEE7C1.prefab;Assets/_Project/Prefabs/Nature/Flora/BioForge/Shallows/Kelp/GEN_Shallows_Kelp_041_Flora_E2C140B9.prefab;Assets/_Project/Prefabs/Nature/Flora/BioForge/Shallows/Kelp/GEN_Shallows_Kelp_042_Flora_F29399B1.prefab;Assets/_Project/Prefabs/Nature/Flora/BioForge/Shallows/Kelp/GEN_Shallows_Kelp_043_Flora_0265F2A9.prefab;Assets/_Project/Prefabs/Nature/Flora/BioForge/Shallows/Kelp/GEN_Shallows_Kelp_044_Flora_12384BA1.prefab;Assets/_Project/Prefabs/Nature/Flora/BioForge/Shallows/Kelp/GEN_Shallows_Kelp_045_Flora_220AA499.prefab;Assets/_Project/Prefabs/Nature/Flora/BioForge/Shallows/Kelp/GEN_Shallows_Kelp_046_Flora_31DCFD91.prefab;Assets/_Project/Prefabs/Nature/Flora/BioForge/Shallows/Kelp/GEN_Shallows_Kelp_047_Flora_41AF5689.prefab;Assets/_Project/Prefabs/Nature/Flora/BioForge/Shallows/Kelp/GEN_Shallows_Kelp_048_Flora_5181AF81.prefab;Assets/_Project/Prefabs/Nature/Flora/BioForge/Shallows/Kelp/GEN_Shallows_Kelp_049_Flora_61540879.prefab;Assets/_Project/Prefabs/Nature/Flora/BioForge/Shallows/Kelp/GEN_Shallows_Kelp_050_Flora_71266171.prefab;Assets/_Project/Prefabs/Nature/Flora/BioForge/Shallows/Kelp/GEN_Shallows_Kelp_051_Flora_80F8BA69.prefab;Assets/_Project/Prefabs/Nature/Flora/BioForge/Shallows/Kelp/GEN_Shallows_Kelp_052_Flora_90CB1361.prefab;Assets/_Project/Prefabs/Nature/Flora/BioForge/Shallows/Kelp/GEN_Shallows_Kelp_053_Flora_A09D6C59.prefab;Assets/_Project/Prefabs/Nature/Flora/BioForge/Shallows/Kelp/GEN_Shallows_Kelp_054_Flora_B06FC551.prefab;Assets/_Project/Prefabs/Nature/Flora/BioForge/Shallows/Kelp/GEN_Shallows_Kelp_055_Flora_C0421E49.prefab;Assets/_Project/Prefabs/Nature/Flora/BioForge/Shallows/Kelp/GEN_Shallows_Kelp_056_Flora_D0147741.prefab;Assets/_Project/Prefabs/Nature/Flora/BioForge/Shallows/Kelp/GEN_Shallows_Kelp_057_Flora_DFE6D039.prefab;Assets/_Project/Prefabs/Nature/Flora/BioForge/Shallows/Kelp/GEN_Shallows_Kelp_058_Flora_EFB92931.prefab;Assets/_Project/Prefabs/Nature/Flora/BioForge/Shallows/Kelp/GEN_Shallows_Kelp_059_Flora_FF8B8229.prefab;Assets/_Project/Prefabs/Nature/Flora/BioForge/Shallows/Kelp/GEN_Shallows_Kelp_060_Flora_0F5DDB21.prefab;Assets/_Project/Prefabs/Nature/Flora/BioForge/Shallows/Kelp/GEN_Shallows_Kelp_061_Flora_1F303419.prefab;Assets/_Project/Prefabs/Nature/Flora/BioForge/Shallows/Kelp/GEN_Shallows_Kelp_062_Flora_2F028D11.prefab;Assets/_Project/Prefabs/Nature/Flora/BioForge/Shallows/Kelp/GEN_Shallows_Kelp_063_Flora_3ED4E609.prefab;Assets/_Project/Prefabs/Nature/Flora/BioForge/Shallows/Kelp/GEN_Shallows_Kelp_064_Flora_4EA73F01.prefab;Assets/_Project/Prefabs/Nature/Flora/BioForge/Shallows/Kelp/GEN_Shallows_Kelp_065_Flora_5E7997F9.prefab;Assets/_Project/Prefabs/Nature/Flora/BioForge/Shallows/Kelp/GEN_Shallows_Kelp_066_Flora_6E4BF0F1.prefab;Assets/_Project/Prefabs/Nature/Flora/BioForge/Shallows/Kelp/GEN_Shallows_Kelp_067_Flora_7E1E49E9.prefab;Assets/_Project/Prefabs/Nature/Flora/BioForge/Shallows/Kelp/GEN_Shallows_Kelp_068_Flora_8DF0A2E1.prefab;Assets/_Project/Prefabs/Nature/Flora/BioForge/Shallows/Kelp/GEN_Shallows_Kelp_069_Flora_9DC2FBD9.prefab;Assets/_Project/Prefabs/Nature/Flora/BioForge/Shallows/Kelp/GEN_Shallows_Kelp_070_Flora_AD9554D1.prefab;Assets/_Project/Prefabs/Nature/Flora/BioForge/Shallows/Kelp/GEN_Shallows_Kelp_071_Flora_BD67ADC9.prefab;Assets/_Project/Prefabs/Nature/Flora/BioForge/Shallows/Kelp/GEN_Shallows_Kelp_072_Flora_CD3A06C1.prefab;Assets/_Project/Prefabs/Nature/Flora/BioForge/Shallows/Kelp/GEN_Shallows_Kelp_073_Flora_DD0C5FB9.prefab;Assets/_Project/Prefabs/Nature/Flora/BioForge/Shallows/Kelp/GEN_Shallows_Kelp_074_Flora_ECDEB8B1.prefab;Assets/_Project/Prefabs/Nature/Flora/BioForge/Shallows/Kelp/GEN_Shallows_Kelp_075_Flora_FCB111A9.prefab;Assets/_Project/Prefabs/Nature/Flora/BioForge/Shallows/Kelp/GEN_Shallows_Kelp_076_Flora_0C836AA1.prefab;Assets/_Project/Prefabs/Nature/Flora/BioForge/Shallows/Kelp/GEN_Shallows_Kelp_077_Flora_1C55C399.prefab;Assets/_Project/Prefabs/Nature/Flora/BioForge/Shallows/Kelp/GEN_Shallows_Kelp_078_Flora_2C281C91.prefab;Assets/_Project/Prefabs/Nature/Flora/BioForge/Shallows/Kelp/GEN_Shallows_Kelp_079_Flora_3BFA7589.prefab;Assets/_Project/Prefabs/Nature/Flora/BioForge/Shallows/Kelp/GEN_Shallows_Kelp_080_Flora_4BCCCE81.prefab;Assets/_Project/Prefabs/Nature/Flora/BioForge/Shallows/Kelp/GEN_Shallows_Kelp_081_Flora_5B9F2779.prefab;Assets/_Project/Prefabs/Nature/Flora/BioForge/Shallows/Kelp/GEN_Shallows_Kelp_082_Flora_6B718071.prefab;Assets/_Project/Prefabs/Nature/Flora/BioForge/Shallows/Kelp/GEN_Shallows_Kelp_083_Flora_7B43D969.prefab;Assets/_Project/Prefabs/Nature/Flora/BioForge/Shallows/Kelp/GEN_Shallows_Kelp_084_Flora_8B163261.prefab;Assets/_Project/Prefabs/Nature/Flora/BioForge/Shallows/Kelp/GEN_Shallows_Kelp_085_Flora_9AE88B59.prefab;Assets/_Project/Prefabs/Nature/Flora/BioForge/Shallows/Kelp/GEN_Shallows_Kelp_086_Flora_AABAE451.prefab;Assets/_Project/Prefabs/Nature/Flora/BioForge/Shallows/Kelp/GEN_Shallows_Kelp_087_Flora_BA8D3D49.prefab;Assets/_Project/Prefabs/Nature/Flora/BioForge/Shallows/Kelp/GEN_Shallows_Kelp_088_Flora_CA5F9641.prefab;Assets/_Project/Prefabs/Nature/Flora/BioForge/Shallows/Kelp/GEN_Shallows_Kelp_089_Flora_DA31EF39.prefab;Assets/_Project/Prefabs/Nature/Flora/BioForge/Shallows/Kelp/GEN_Shallows_Kelp_090_Flora_EA044831.prefab;Assets/_Project/Prefabs/Nature/Flora/BioForge/Shallows/Kelp/GEN_Shallows_Kelp_091_Flora_F9D6A129.prefab;Assets/_Project/Prefabs/Nature/Flora/BioForge/Shallows/Kelp/GEN_Shallows_Kelp_092_Flora_09A8FA21.prefab;Assets/_Project/Prefabs/Nature/Flora/BioForge/Shallows/Kelp/GEN_Shallows_Kelp_093_Flora_197B5319.prefab;Assets/_Project/Prefabs/Nature/Flora/BioForge/Shallows/Kelp/GEN_Shallows_Kelp_094_Flora_294DAC11.prefab;Assets/_Project/Prefabs/Nature/Flora/BioForge/Shallows/Kelp/GEN_Shallows_Kelp_095_Flora_39200509.prefab;Assets/_Project/Prefabs/Nature/Flora/BioForge/Shallows/Kelp/GEN_Shallows_Kelp_096_Flora_48F25E01.prefab;Assets/_Project/Prefabs/Nature/Flora/BioForge/Shallows/Kelp/GEN_Shallows_Kelp_097_Flora_58C4B6F9.prefab;Assets/_Project/Prefabs/Nature/Flora/BioForge/Shallows/Kelp/GEN_Shallows_Kelp_098_Flora_68970FF1.prefab;Assets/_Project/Prefabs/Nature/Flora/BioForge/Shallows/Kelp/GEN_Shallows_Kelp_099_Flora_786968E9.prefab;Assets/_Project/Prefabs/Nature/Flora/BioForge/Shallows/PorousRock/GEN_Shallows_PorousRock_000_Rock_ABFE290C.prefab;Assets/_Project/Prefabs/Nature/Flora/BioForge/Shallows/PorousRock/GEN_Shallows_PorousRock_001_Rock_EDC47779.prefab;Assets/_Project/Prefabs/Nature/Flora/BioForge/Shallows/PorousRock/GEN_Shallows_PorousRock_002_Rock_2F8AC5E6.prefab;Assets/_Project/Prefabs/Nature/Flora/BioForge/Shallows/PorousRock/GEN_Shallows_PorousRock_003_Rock_71511453.prefab;Assets/_Project/Prefabs/Nature/Flora/BioForge/Shallows/PorousRock/GEN_Shallows_PorousRock_004_Rock_B31762C0.prefab;Assets/_Project/Prefabs/Nature/Flora/BioForge/Shallows/PorousRock/GEN_Shallows_PorousRock_005_Rock_F4DDB12D.prefab;Assets/_Project/Prefabs/Nature/Flora/BioForge/Shallows/PorousRock/GEN_Shallows_PorousRock_006_Rock_36A3FF9A.prefab;Assets/_Project/Prefabs/Nature/Flora/BioForge/Shallows/PorousRock/GEN_Shallows_PorousRock_007_Rock_786A4E07.prefab;Assets/_Project/Prefabs/Nature/Flora/BioForge/Shallows/PorousRock/GEN_Shallows_PorousRock_008_Rock_BA309C74.prefab;Assets/_Project/Prefabs/Nature/Flora/BioForge/Shallows/PorousRock/GEN_Shallows_PorousRock_009_Rock_FBF6EAE1.prefab;Assets/_Project/Prefabs/Nature/Flora/BioForge/Shallows/PorousRock/GEN_Shallows_PorousRock_010_Rock_3DBD394E.prefab;Assets/_Project/Prefabs/Nature/Flora/BioForge/Shallows/PorousRock/GEN_Shallows_PorousRock_011_Rock_7F8387BB.prefab;Assets/_Project/Prefabs/Nature/Flora/BioForge/Shallows/PorousRock/GEN_Shallows_PorousRock_012_Rock_C149D628.prefab;Assets/_Project/Prefabs/Nature/Flora/BioForge/Shallows/PorousRock/GEN_Shallows_PorousRock_013_Rock_03102495.prefab;Assets/_Project/Prefabs/Nature/Flora/BioForge/Shallows/PorousRock/GEN_Shallows_PorousRock_014_Rock_44D67302.prefab;Assets/_Project/Prefabs/Nature/Flora/BioForge/Shallows/PorousRock/GEN_Shallows_PorousRock_015_Rock_869CC16F.prefab;Assets/_Project/Prefabs/Nature/Flora/BioForge/Shallows/PorousRock/GEN_Shallows_PorousRock_016_Rock_C8630FDC.prefab;Assets/_Project/Prefabs/Nature/Flora/BioForge/Shallows/PorousRock/GEN_Shallows_PorousRock_017_Rock_0A295E49.prefab;Assets/_Project/Prefabs/Nature/Flora/BioForge/Shallows/PorousRock/GEN_Shallows_PorousRock_018_Rock_4BEFACB6.prefab;Assets/_Project/Prefabs/Nature/Flora/BioForge/Shallows/PorousRock/GEN_Shallows_PorousRock_019_Rock_8DB5FB23.prefab;Assets/_Project/Prefabs/Nature/Flora/BioForge/Shallows/PorousRock/GEN_Shallows_PorousRock_020_Rock_CF7C4990.prefab;Assets/_Project/Prefabs/Nature/Flora/BioForge/Shallows/PorousRock/GEN_Shallows_PorousRock_021_Rock_114297FD.prefab;Assets/_Project/Prefabs/Nature/Flora/BioForge/Shallows/PorousRock/GEN_Shallows_PorousRock_022_Rock_5308E66A.prefab;Assets/_Project/Prefabs/Nature/Flora/BioForge/Shallows/PorousRock/GEN_Shallows_PorousRock_023_Rock_94CF34D7.prefab;Assets/_Project/Prefabs/Nature/Flora/BioForge/Shallows/PorousRock/GEN_Shallows_PorousRock_024_Rock_D6958344.prefab;Assets/_Project/Prefabs/Nature/Flora/BioForge/Shallows/PorousRock/GEN_Shallows_PorousRock_025_Rock_185BD1B1.prefab;Assets/_Project/Prefabs/Nature/Flora/BioForge/Shallows/PorousRock/GEN_Shallows_PorousRock_026_Rock_5A22201E.prefab;Assets/_Project/Prefabs/Nature/Flora/BioForge/Shallows/PorousRock/GEN_Shallows_PorousRock_027_Rock_9BE86E8B.prefab;Assets/_Project/Prefabs/Nature/Flora/BioForge/Shallows/PorousRock/GEN_Shallows_PorousRock_028_Rock_DDAEBCF8.prefab;Assets/_Project/Prefabs/Nature/Flora/BioForge/Shallows/PorousRock/GEN_Shallows_PorousRock_029_Rock_1F750B65.prefab;Assets/_Project/Prefabs/Nature/Flora/BioForge/Shallows/PorousRock/GEN_Shallows_PorousRock_030_Rock_613B59D2.prefab;Assets/_Project/Prefabs/Nature/Flora/BioForge/Shallows/PorousRock/GEN_Shallows_PorousRock_031_Rock_A301A83F.prefab;Assets/_Project/Prefabs/Nature/Flora/BioForge/Shallows/PorousRock/GEN_Shallows_PorousRock_032_Rock_E4C7F6AC.prefab;Assets/_Project/Prefabs/Nature/Flora/BioForge/Shallows/PorousRock/GEN_Shallows_PorousRock_033_Rock_268E4519.prefab;Assets/_Project/Prefabs/Nature/Flora/BioForge/Shallows/PorousRock/GEN_Shallows_PorousRock_034_Rock_68549386.prefab;Assets/_Project/Prefabs/Nature/Flora/BioForge/Shallows/PorousRock/GEN_Shallows_PorousRock_035_Rock_AA1AE1F3.prefab;Assets/_Project/Prefabs/Nature/Flora/BioForge/Shallows/PorousRock/GEN_Shallows_PorousRock_036_Rock_EBE13060.prefab;Assets/_Project/Prefabs/Nature/Flora/BioForge/Shallows/PorousRock/GEN_Shallows_PorousRock_037_Rock_2DA77ECD.prefab;Assets/_Project/Prefabs/Nature/Flora/BioForge/Shallows/PorousRock/GEN_Shallows_PorousRock_038_Rock_6F6DCD3A.prefab;Assets/_Project/Prefabs/Nature/Flora/BioForge/Shallows/PorousRock/GEN_Shallows_PorousRock_039_Rock_B1341BA7.prefab;Assets/_Project/Prefabs/Nature/Flora/BioForge/Shallows/PorousRock/GEN_Shallows_PorousRock_040_Rock_F2FA6A14.prefab;Assets/_Project/Prefabs/Nature/Flora/BioForge/Shallows/PorousRock/GEN_Shallows_PorousRock_041_Rock_34C0B881.prefab;Assets/_Project/Prefabs/Nature/Flora/BioForge/Shallows/PorousRock/GEN_Shallows_PorousRock_042_Rock_768706EE.prefab;Assets/_Project/Prefabs/Nature/Flora/BioForge/Shallows/PorousRock/GEN_Shallows_PorousRock_043_Rock_B84D555B.prefab;Assets/_Project/Prefabs/Nature/Flora/BioForge/Shallows/PorousRock/GEN_Shallows_PorousRock_044_Rock_FA13A3C8.prefab;Assets/_Project/Prefabs/Nature/Flora/BioForge/Shallows/PorousRock/GEN_Shallows_PorousRock_045_Rock_3BD9F235.prefab;Assets/_Project/Prefabs/Nature/Flora/BioForge/Shallows/PorousRock/GEN_Shallows_PorousRock_046_Rock_7DA040A2.prefab;Assets/_Project/Prefabs/Nature/Flora/BioForge/Shallows/PorousRock/GEN_Shallows_PorousRock_047_Rock_BF668F0F.prefab;Assets/_Project/Prefabs/Nature/Flora/BioForge/Shallows/PorousRock/GEN_Shallows_PorousRock_048_Rock_012CDD7C.prefab;Assets/_Project/Prefabs/Nature/Flora/BioForge/Shallows/PorousRock/GEN_Shallows_PorousRock_049_Rock_42F32BE9.prefab;Assets/_Project/Prefabs/Nature/Flora/BioForge/Shallows/TubeCoral/GEN_Shallows_TubeCoral_000_Flora_5A110001.prefab;Assets/_Project/Prefabs/Nature/Flora/BioForge/Shallows/TubeCoral/GEN_Shallows_TubeCoral_001_Flora_69E358F9.prefab;Assets/_Project/Prefabs/Nature/Flora/BioForge/Shallows/TubeCoral/GEN_Shallows_TubeCoral_002_Flora_79B5B1F1.prefab;Assets/_Project/Prefabs/Nature/Flora/BioForge/Shallows/TubeCoral/GEN_Shallows_TubeCoral_003_Flora_89880AE9.prefab;Assets/_Project/Prefabs/Nature/Flora/BioForge/Shallows/TubeCoral/GEN_Shallows_TubeCoral_004_Flora_995A63E1.prefab;Assets/_Project/Prefabs/Nature/Flora/BioForge/Shallows/TubeCoral/GEN_Shallows_TubeCoral_005_Flora_A92CBCD9.prefab;Assets/_Project/Prefabs/Nature/Flora/BioForge/Shallows/TubeCoral/GEN_Shallows_TubeCoral_006_Flora_B8FF15D1.prefab;Assets/_Project/Prefabs/Nature/Flora/BioForge/Shallows/TubeCoral/GEN_Shallows_TubeCoral_007_Flora_C8D16EC9.prefab;Assets/_Project/Prefabs/Nature/Flora/BioForge/Shallows/TubeCoral/GEN_Shallows_TubeCoral_008_Flora_D8A3C7C1.prefab;Assets/_Project/Prefabs/Nature/Flora/BioForge/Shallows/TubeCoral/GEN_Shallows_TubeCoral_009_Flora_E87620B9.prefab;Assets/_Project/Prefabs/Nature/Flora/BioForge/Shallows/TubeCoral/GEN_Shallows_TubeCoral_010_Flora_F84879B1.prefab;Assets/_Project/Prefabs/Nature/Flora/BioForge/Shallows/TubeCoral/GEN_Shallows_TubeCoral_011_Flora_081AD2A9.prefab;Assets/_Project/Prefabs/Nature/Flora/BioForge/Shallows/TubeCoral/GEN_Shallows_TubeCoral_012_Flora_17ED2BA1.prefab;Assets/_Project/Prefabs/Nature/Flora/BioForge/Shallows/TubeCoral/GEN_Shallows_TubeCoral_013_Flora_27BF8499.prefab;Assets/_Project/Prefabs/Nature/Flora/BioForge/Shallows/TubeCoral/GEN_Shallows_TubeCoral_014_Flora_3791DD91.prefab;Assets/_Project/Prefabs/Nature/Flora/BioForge/Shallows/TubeCoral/GEN_Shallows_TubeCoral_015_Flora_47643689.prefab;Assets/_Project/Prefabs/Nature/Flora/BioForge/Shallows/TubeCoral/GEN_Shallows_TubeCoral_016_Flora_57368F81.prefab;Assets/_Project/Prefabs/Nature/Flora/BioForge/Shallows/TubeCoral/GEN_Shallows_TubeCoral_017_Flora_6708E879.prefab;Assets/_Project/Prefabs/Nature/Flora/BioForge/Shallows/TubeCoral/GEN_Shallows_TubeCoral_018_Flora_76DB4171.prefab;Assets/_Project/Prefabs/Nature/Flora/BioForge/Shallows/TubeCoral/GEN_Shallows_TubeCoral_019_Flora_86AD9A69.prefab;Assets/_Project/Prefabs/Nature/Flora/BioForge/Shallows/TubeCoral/GEN_Shallows_TubeCoral_020_Flora_967FF361.prefab;Assets/_Project/Prefabs/Nature/Flora/BioForge/Shallows/TubeCoral/GEN_Shallows_TubeCoral_021_Flora_A6524C59.prefab;Assets/_Project/Prefabs/Nature/Flora/BioForge/Shallows/TubeCoral/GEN_Shallows_TubeCoral_022_Flora_B624A551.prefab;Assets/_Project/Prefabs/Nature/Flora/BioForge/Shallows/TubeCoral/GEN_Shallows_TubeCoral_023_Flora_C5F6FE49.prefab;Assets/_Project/Prefabs/Nature/Flora/BioForge/Shallows/TubeCoral/GEN_Shallows_TubeCoral_024_Flora_D5C95741.prefab;Assets/_Project/Prefabs/Nature/Flora/BioForge/Shallows/TubeCoral/GEN_Shallows_TubeCoral_025_Flora_E59BB039.prefab;Assets/_Project/Prefabs/Nature/Flora/BioForge/Shallows/TubeCoral/GEN_Shallows_TubeCoral_026_Flora_F56E0931.prefab;Assets/_Project/Prefabs/Nature/Flora/BioForge/Shallows/TubeCoral/GEN_Shallows_TubeCoral_027_Flora_05406229.prefab;Assets/_Project/Prefabs/Nature/Flora/BioForge/Shallows/TubeCoral/GEN_Shallows_TubeCoral_028_Flora_1512BB21.prefab;Assets/_Project/Prefabs/Nature/Flora/BioForge/Shallows/TubeCoral/GEN_Shallows_TubeCoral_029_Flora_24E51419.prefab;Assets/_Project/Prefabs/Nature/Flora/BioForge/Shallows/TubeCoral/GEN_Shallows_TubeCoral_030_Flora_34B76D11.prefab;Assets/_Project/Prefabs/Nature/Flora/BioForge/Shallows/TubeCoral/GEN_Shallows_TubeCoral_031_Flora_4489C609.prefab;Assets/_Project/Prefabs/Nature/Flora/BioForge/Shallows/TubeCoral/GEN_Shallows_TubeCoral_032_Flora_545C1F01.prefab;Assets/_Project/Prefabs/Nature/Flora/BioForge/Shallows/TubeCoral/GEN_Shallows_TubeCoral_033_Flora_642E77F9.prefab;Assets/_Project/Prefabs/Nature/Flora/BioForge/Shallows/TubeCoral/GEN_Shallows_TubeCoral_034_Flora_7400D0F1.prefab;Assets/_Project/Prefabs/Nature/Flora/BioForge/Shallows/TubeCoral/GEN_Shallows_TubeCoral_035_Flora_83D329E9.prefab;Assets/_Project/Prefabs/Nature/Flora/BioForge/Shallows/TubeCoral/GEN_Shallows_TubeCoral_036_Flora_93A582E1.prefab;Assets/_Project/Prefabs/Nature/Flora/BioForge/Shallows/TubeCoral/GEN_Shallows_TubeCoral_037_Flora_A377DBD9.prefab;Assets/_Project/Prefabs/Nature/Flora/BioForge/Shallows/TubeCoral/GEN_Shallows_TubeCoral_038_Flora_B34A34D1.prefab;Assets/_Project/Prefabs/Nature/Flora/BioForge/Shallows/TubeCoral/GEN_Shallows_TubeCoral_039_Flora_C31C8DC9.prefab;Assets/_Project/Prefabs/Nature/Flora/BioForge/Shallows/TubeCoral/GEN_Shallows_TubeCoral_040_Flora_D2EEE6C1.prefab;Assets/_Project/Prefabs/Nature/Flora/BioForge/Shallows/TubeCoral/GEN_Shallows_TubeCoral_041_Flora_E2C13FB9.prefab;Assets/_Project/Prefabs/Nature/Flora/BioForge/Shallows/TubeCoral/GEN_Shallows_TubeCoral_042_Flora_F29398B1.prefab;Assets/_Project/Prefabs/Nature/Flora/BioForge/Shallows/TubeCoral/GEN_Shallows_TubeCoral_043_Flora_0265F1A9.prefab;Assets/_Project/Prefabs/Nature/Flora/BioForge/Shallows/TubeCoral/GEN_Shallows_TubeCoral_044_Flora_12384AA1.prefab;Assets/_Project/Prefabs/Nature/Flora/BioForge/Shallows/TubeCoral/GEN_Shallows_TubeCoral_045_Flora_220AA399.prefab;Assets/_Project/Prefabs/Nature/Flora/BioForge/Shallows/TubeCoral/GEN_Shallows_TubeCoral_046_Flora_31DCFC91.prefab;Assets/_Project/Prefabs/Nature/Flora/BioForge/Shallows/TubeCoral/GEN_Shallows_TubeCoral_047_Flora_41AF5589.prefab;Assets/_Project/Prefabs/Nature/Flora/BioForge/Shallows/TubeCoral/GEN_Shallows_TubeCoral_048_Flora_5181AE81.prefab;Assets/_Project/Prefabs/Nature/Flora/BioForge/Shallows/TubeCoral/GEN_Shallows_TubeCoral_049_Flora_61540779.prefab,,,,Assets/_Project/Prefabs/Nature/Flora/BioForge/Shallows/Kelp/GEN_Shallows_Kelp_000_Flora_5A110101.prefab;Assets/_Project/Prefabs/Nature/Flora/BioForge/Shallows/Kelp/GEN_Shallows_Kelp_001_Flora_69E359F9.prefab;Assets/_Project/Prefabs/Nature/Flora/BioForge/Shallows/Kelp/GEN_Shallows_Kelp_002_Flora_79B5B2F1.prefab;Assets/_Project/Prefabs/Nature/Flora/BioForge/Shallows/Kelp/GEN_Shallows_Kelp_003_Flora_89880BE9.prefab;Assets/_Project/Prefabs/Nature/Flora/BioForge/Shallows/Kelp/GEN_Shallows_Kelp_004_Flora_995A64E1.prefab;Assets/_Project/Prefabs/Nature/Flora/BioForge/Shallows/Kelp/GEN_Shallows_Kelp_005_Flora_A92CBDD9.prefab;Assets/_Project/Prefabs/Nature/Flora/BioForge/Shallows/Kelp/GEN_Shallows_Kelp_006_Flora_B8FF16D1.prefab;Assets/_Project/Prefabs/Nature/Flora/BioForge/Shallows/Kelp/GEN_Shallows_Kelp_007_Flora_C8D16FC9.prefab;Assets/_Project/Prefabs/Nature/Flora/BioForge/Shallows/Kelp/GEN_Shallows_Kelp_008_Flora_D8A3C8C1.prefab;Assets/_Project/Prefabs/Nature/Flora/BioForge/Shallows/Kelp/GEN_Shallows_Kelp_009_Flora_E87621B9.prefab;Assets/_Project/Prefabs/Nature/Flora/BioForge/Shallows/Kelp/GEN_Shallows_Kelp_010_Flora_F8487AB1.prefab;Assets/_Project/Prefabs/Nature/Flora/BioForge/Shallows/Kelp/GEN_Shallows_Kelp_011_Flora_081AD3A9.prefab;Assets/_Project/Prefabs/Nature/Flora/BioForge/Shallows/Kelp/GEN_Shallows_Kelp_012_Flora_17ED2CA1.prefab;Assets/_Project/Prefabs/Nature/Flora/BioForge/Shallows/Kelp/GEN_Shallows_Kelp_013_Flora_27BF8599.prefab;Assets/_Project/Prefabs/Nature/Flora/BioForge/Shallows/Kelp/GEN_Shallows_Kelp_014_Flora_3791DE91.prefab;Assets/_Project/Prefabs/Nature/Flora/BioForge/Shallows/Kelp/GEN_Shallows_Kelp_015_Flora_47643789.prefab;Assets/_Project/Prefabs/Nature/Flora/BioForge/Shallows/Kelp/GEN_Shallows_Kelp_016_Flora_57369081.prefab;Assets/_Project/Prefabs/Nature/Flora/BioForge/Shallows/Kelp/GEN_Shallows_Kelp_017_Flora_6708E979.prefab;Assets/_Project/Prefabs/Nature/Flora/BioForge/Shallows/Kelp/GEN_Shallows_Kelp_018_Flora_76DB4271.prefab;Assets/_Project/Prefabs/Nature/Flora/BioForge/Shallows/Kelp/GEN_Shallows_Kelp_019_Flora_86AD9B69.prefab;Assets/_Project/Prefabs/Nature/Flora/BioForge/Shallows/Kelp/GEN_Shallows_Kelp_020_Flora_967FF461.prefab;Assets/_Project/Prefabs/Nature/Flora/BioForge/Shallows/Kelp/GEN_Shallows_Kelp_021_Flora_A6524D59.prefab;Assets/_Project/Prefabs/Nature/Flora/BioForge/Shallows/Kelp/GEN_Shallows_Kelp_022_Flora_B624A651.prefab;Assets/_Project/Prefabs/Nature/Flora/BioForge/Shallows/Kelp/GEN_Shallows_Kelp_023_Flora_C5F6FF49.prefab;Assets/_Project/Prefabs/Nature/Flora/BioForge/Shallows/Kelp/GEN_Shallows_Kelp_024_Flora_D5C95841.prefab;Assets/_Project/Prefabs/Nature/Flora/BioForge/Shallows/Kelp/GEN_Shallows_Kelp_025_Flora_E59BB139.prefab;Assets/_Project/Prefabs/Nature/Flora/BioForge/Shallows/Kelp/GEN_Shallows_Kelp_026_Flora_F56E0A31.prefab;Assets/_Project/Prefabs/Nature/Flora/BioForge/Shallows/Kelp/GEN_Shallows_Kelp_027_Flora_05406329.prefab;Assets/_Project/Prefabs/Nature/Flora/BioForge/Shallows/Kelp/GEN_Shallows_Kelp_028_Flora_1512BC21.prefab;Assets/_Project/Prefabs/Nature/Flora/BioForge/Shallows/Kelp/GEN_Shallows_Kelp_029_Flora_24E51519.prefab;Assets/_Project/Prefabs/Nature/Flora/BioForge/Shallows/Kelp/GEN_Shallows_Kelp_030_Flora_34B76E11.prefab;Assets/_Project/Prefabs/Nature/Flora/BioForge/Shallows/Kelp/GEN_Shallows_Kelp_031_Flora_4489C709.prefab;Assets/_Project/Prefabs/Nature/Flora/BioForge/Shallows/Kelp/GEN_Shallows_Kelp_032_Flora_545C2001.prefab;Assets/_Project/Prefabs/Nature/Flora/BioForge/Shallows/Kelp/GEN_Shallows_Kelp_033_Flora_642E78F9.prefab;Assets/_Project/Prefabs/Nature/Flora/BioForge/Shallows/Kelp/GEN_Shallows_Kelp_034_Flora_7400D1F1.prefab;Assets/_Project/Prefabs/Nature/Flora/BioForge/Shallows/Kelp/GEN_Shallows_Kelp_035_Flora_83D32AE9.prefab;Assets/_Project/Prefabs/Nature/Flora/BioForge/Shallows/Kelp/GEN_Shallows_Kelp_036_Flora_93A583E1.prefab;Assets/_Project/Prefabs/Nature/Flora/BioForge/Shallows/Kelp/GEN_Shallows_Kelp_037_Flora_A377DCD9.prefab;Assets/_Project/Prefabs/Nature/Flora/BioForge/Shallows/Kelp/GEN_Shallows_Kelp_038_Flora_B34A35D1.prefab;Assets/_Project/Prefabs/Nature/Flora/BioForge/Shallows/Kelp/GEN_Shallows_Kelp_039_Flora_C31C8EC9.prefab;Assets/_Project/Prefabs/Nature/Flora/BioForge/Shallows/Kelp/GEN_Shallows_Kelp_040_Flora_D2EEE7C1.prefab;Assets/_Project/Prefabs/Nature/Flora/BioForge/Shallows/Kelp/GEN_Shallows_Kelp_041_Flora_E2C140B9.prefab;Assets/_Project/Prefabs/Nature/Flora/BioForge/Shallows/Kelp/GEN_Shallows_Kelp_042_Flora_F29399B1.prefab;Assets/_Project/Prefabs/Nature/Flora/BioForge/Shallows/Kelp/GEN_Shallows_Kelp_043_Flora_0265F2A9.prefab;Assets/_Project/Prefabs/Nature/Flora/BioForge/Shallows/Kelp/GEN_Shallows_Kelp_044_Flora_12384BA1.prefab;Assets/_Project/Prefabs/Nature/Flora/BioForge/Shallows/Kelp/GEN_Shallows_Kelp_045_Flora_220AA499.prefab;Assets/_Project/Prefabs/Nature/Flora/BioForge/Shallows/Kelp/GEN_Shallows_Kelp_046_Flora_31DCFD91.prefab;Assets/_Project/Prefabs/Nature/Flora/BioForge/Shallows/Kelp/GEN_Shallows_Kelp_047_Flora_41AF5689.prefab;Assets/_Project/Prefabs/Nature/Flora/BioForge/Shallows/Kelp/GEN_Shallows_Kelp_048_Flora_5181AF81.prefab;Assets/_Project/Prefabs/Nature/Flora/BioForge/Shallows/Kelp/GEN_Shallows_Kelp_049_Flora_61540879.prefab;Assets/_Project/Prefabs/Nature/Flora/BioForge/Shallows/Kelp/GEN_Shallows_Kelp_050_Flora_71266171.prefab;Assets/_Project/Prefabs/Nature/Flora/BioForge/Shallows/Kelp/GEN_Shallows_Kelp_051_Flora_80F8BA69.prefab;Assets/_Project/Prefabs/Nature/Flora/BioForge/Shallows/Kelp/GEN_Shallows_Kelp_052_Flora_90CB1361.prefab;Assets/_Project/Prefabs/Nature/Flora/BioForge/Shallows/Kelp/GEN_Shallows_Kelp_053_Flora_A09D6C59.prefab;Assets/_Project/Prefabs/Nature/Flora/BioForge/Shallows/Kelp/GEN_Shallows_Kelp_054_Flora_B06FC551.prefab;Assets/_Project/Prefabs/Nature/Flora/BioForge/Shallows/Kelp/GEN_Shallows_Kelp_055_Flora_C0421E49.prefab;Assets/_Project/Prefabs/Nature/Flora/BioForge/Shallows/Kelp/GEN_Shallows_Kelp_056_Flora_D0147741.prefab;Assets/_Project/Prefabs/Nature/Flora/BioForge/Shallows/Kelp/GEN_Shallows_Kelp_057_Flora_DFE6D039.prefab;Assets/_Project/Prefabs/Nature/Flora/BioForge/Shallows/Kelp/GEN_Shallows_Kelp_058_Flora_EFB92931.prefab;Assets/_Project/Prefabs/Nature/Flora/BioForge/Shallows/Kelp/GEN_Shallows_Kelp_059_Flora_FF8B8229.prefab;Assets/_Project/Prefabs/Nature/Flora/BioForge/Shallows/Kelp/GEN_Shallows_Kelp_060_Flora_0F5DDB21.prefab;Assets/_Project/Prefabs/Nature/Flora/BioForge/Shallows/Kelp/GEN_Shallows_Kelp_061_Flora_1F303419.prefab;Assets/_Project/Prefabs/Nature/Flora/BioForge/Shallows/Kelp/GEN_Shallows_Kelp_062_Flora_2F028D11.prefab;Assets/_Project/Prefabs/Nature/Flora/BioForge/Shallows/Kelp/GEN_Shallows_Kelp_063_Flora_3ED4E609.prefab;Assets/_Project/Prefabs/Nature/Flora/BioForge/Shallows/Kelp/GEN_Shallows_Kelp_064_Flora_4EA73F01.prefab;Assets/_Project/Prefabs/Nature/Flora/BioForge/Shallows/Kelp/GEN_Shallows_Kelp_065_Flora_5E7997F9.prefab;Assets/_Project/Prefabs/Nature/Flora/BioForge/Shallows/Kelp/GEN_Shallows_Kelp_066_Flora_6E4BF0F1.prefab;Assets/_Project/Prefabs/Nature/Flora/BioForge/Shallows/Kelp/GEN_Shallows_Kelp_067_Flora_7E1E49E9.prefab;Assets/_Project/Prefabs/Nature/Flora/BioForge/Shallows/Kelp/GEN_Shallows_Kelp_068_Flora_8DF0A2E1.prefab;Assets/_Project/Prefabs/Nature/Flora/BioForge/Shallows/Kelp/GEN_Shallows_Kelp_069_Flora_9DC2FBD9.prefab;Assets/_Project/Prefabs/Nature/Flora/BioForge/Shallows/Kelp/GEN_Shallows_Kelp_070_Flora_AD9554D1.prefab;Assets/_Project/Prefabs/Nature/Flora/BioForge/Shallows/Kelp/GEN_Shallows_Kelp_071_Flora_BD67ADC9.prefab;Assets/_Project/Prefabs/Nature/Flora/BioForge/Shallows/Kelp/GEN_Shallows_Kelp_072_Flora_CD3A06C1.prefab;Assets/_Project/Prefabs/Nature/Flora/BioForge/Shallows/Kelp/GEN_Shallows_Kelp_073_Flora_DD0C5FB9.prefab;Assets/_Project/Prefabs/Nature/Flora/BioForge/Shallows/Kelp/GEN_Shallows_Kelp_074_Flora_ECDEB8B1.prefab;Assets/_Project/Prefabs/Nature/Flora/BioForge/Shallows/Kelp/GEN_Shallows_Kelp_075_Flora_FCB111A9.prefab;Assets/_Project/Prefabs/Nature/Flora/BioForge/Shallows/Kelp/GEN_Shallows_Kelp_076_Flora_0C836AA1.prefab;Assets/_Project/Prefabs/Nature/Flora/BioForge/Shallows/Kelp/GEN_Shallows_Kelp_077_Flora_1C55C399.prefab;Assets/_Project/Prefabs/Nature/Flora/BioForge/Shallows/Kelp/GEN_Shallows_Kelp_078_Flora_2C281C91.prefab;Assets/_Project/Prefabs/Nature/Flora/BioForge/Shallows/Kelp/GEN_Shallows_Kelp_079_Flora_3BFA7589.prefab;Assets/_Project/Prefabs/Nature/Flora/BioForge/Shallows/Kelp/GEN_Shallows_Kelp_080_Flora_4BCCCE81.prefab;Assets/_Project/Prefabs/Nature/Flora/BioForge/Shallows/Kelp/GEN_Shallows_Kelp_081_Flora_5B9F2779.prefab;Assets/_Project/Prefabs/Nature/Flora/BioForge/Shallows/Kelp/GEN_Shallows_Kelp_082_Flora_6B718071.prefab;Assets/_Project/Prefabs/Nature/Flora/BioForge/Shallows/Kelp/GEN_Shallows_Kelp_083_Flora_7B43D969.prefab;Assets/_Project/Prefabs/Nature/Flora/BioForge/Shallows/Kelp/GEN_Shallows_Kelp_084_Flora_8B163261.prefab;Assets/_Project/Prefabs/Nature/Flora/BioForge/Shallows/Kelp/GEN_Shallows_Kelp_085_Flora_9AE88B59.prefab;Assets/_Project/Prefabs/Nature/Flora/BioForge/Shallows/Kelp/GEN_Shallows_Kelp_086_Flora_AABAE451.prefab;Assets/_Project/Prefabs/Nature/Flora/BioForge/Shallows/Kelp/GEN_Shallows_Kelp_087_Flora_BA8D3D49.prefab;Assets/_Project/Prefabs/Nature/Flora/BioForge/Shallows/Kelp/GEN_Shallows_Kelp_088_Flora_CA5F9641.prefab;Assets/_Project/Prefabs/Nature/Flora/BioForge/Shallows/Kelp/GEN_Shallows_Kelp_089_Flora_DA31EF39.prefab;Assets/_Project/Prefabs/Nature/Flora/BioForge/Shallows/Kelp/GEN_Shallows_Kelp_090_Flora_EA044831.prefab;Assets/_Project/Prefabs/Nature/Flora/BioForge/Shallows/Kelp/GEN_Shallows_Kelp_091_Flora_F9D6A129.prefab;Assets/_Project/Prefabs/Nature/Flora/BioForge/Shallows/Kelp/GEN_Shallows_Kelp_092_Flora_09A8FA21.prefab;Assets/_Project/Prefabs/Nature/Flora/BioForge/Shallows/Kelp/GEN_Shallows_Kelp_093_Flora_197B5319.prefab;Assets/_Project/Prefabs/Nature/Flora/BioForge/Shallows/Kelp/GEN_Shallows_Kelp_094_Flora_294DAC11.prefab;Assets/_Project/Prefabs/Nature/Flora/BioForge/Shallows/Kelp/GEN_Shallows_Kelp_095_Flora_39200509.prefab;Assets/_Project/Prefabs/Nature/Flora/BioForge/Shallows/Kelp/GEN_Shallows_Kelp_096_Flora_48F25E01.prefab;Assets/_Project/Prefabs/Nature/Flora/BioForge/Shallows/Kelp/GEN_Shallows_Kelp_097_Flora_58C4B6F9.prefab;Assets/_Project/Prefabs/Nature/Flora/BioForge/Shallows/Kelp/GEN_Shallows_Kelp_098_Flora_68970FF1.prefab;Assets/_Project/Prefabs/Nature/Flora/BioForge/Shallows/Kelp/GEN_Shallows_Kelp_099_Flora_786968E9.prefab;Assets/_Project/Prefabs/Nature/Flora/BioForge/Shallows/PorousRock/GEN_Shallows_PorousRock_000_Rock_ABFE290C.prefab;Assets/_Project/Prefabs/Nature/Flora/BioForge/Shallows/PorousRock/GEN_Shallows_PorousRock_001_Rock_EDC47779.prefab;Assets/_Project/Prefabs/Nature/Flora/BioForge/Shallows/PorousRock/GEN_Shallows_PorousRock_002_Rock_2F8AC5E6.prefab;Assets/_Project/Prefabs/Nature/Flora/BioForge/Shallows/PorousRock/GEN_Shallows_PorousRock_003_Rock_71511453.prefab;Assets/_Project/Prefabs/Nature/Flora/BioForge/Shallows/PorousRock/GEN_Shallows_PorousRock_004_Rock_B31762C0.prefab;Assets/_Project/Prefabs/Nature/Flora/BioForge/Shallows/PorousRock/GEN_Shallows_PorousRock_005_Rock_F4DDB12D.prefab;Assets/_Project/Prefabs/Nature/Flora/BioForge/Shallows/PorousRock/GEN_Shallows_PorousRock_006_Rock_36A3FF9A.prefab;Assets/_Project/Prefabs/Nature/Flora/BioForge/Shallows/PorousRock/GEN_Shallows_PorousRock_007_Rock_786A4E07.prefab;Assets/_Project/Prefabs/Nature/Flora/BioForge/Shallows/PorousRock/GEN_Shallows_PorousRock_008_Rock_BA309C74.prefab;Assets/_Project/Prefabs/Nature/Flora/BioForge/Shallows/PorousRock/GEN_Shallows_PorousRock_009_Rock_FBF6EAE1.prefab;Assets/_Project/Prefabs/Nature/Flora/BioForge/Shallows/PorousRock/GEN_Shallows_PorousRock_010_Rock_3DBD394E.prefab;Assets/_Project/Prefabs/Nature/Flora/BioForge/Shallows/PorousRock/GEN_Shallows_PorousRock_011_Rock_7F8387BB.prefab;Assets/_Project/Prefabs/Nature/Flora/BioForge/Shallows/PorousRock/GEN_Shallows_PorousRock_012_Rock_C149D628.prefab;Assets/_Project/Prefabs/Nature/Flora/BioForge/Shallows/PorousRock/GEN_Shallows_PorousRock_013_Rock_03102495.prefab;Assets/_Project/Prefabs/Nature/Flora/BioForge/Shallows/PorousRock/GEN_Shallows_PorousRock_014_Rock_44D67302.prefab;Assets/_Project/Prefabs/Nature/Flora/BioForge/Shallows/PorousRock/GEN_Shallows_PorousRock_015_Rock_869CC16F.prefab;Assets/_Project/Prefabs/Nature/Flora/BioForge/Shallows/PorousRock/GEN_Shallows_PorousRock_016_Rock_C8630FDC.prefab;Assets/_Project/Prefabs/Nature/Flora/BioForge/Shallows/PorousRock/GEN_Shallows_PorousRock_017_Rock_0A295E49.prefab;Assets/_Project/Prefabs/Nature/Flora/BioForge/Shallows/PorousRock/GEN_Shallows_PorousRock_018_Rock_4BEFACB6.prefab;Assets/_Project/Prefabs/Nature/Flora/BioForge/Shallows/PorousRock/GEN_Shallows_PorousRock_019_Rock_8DB5FB23.prefab;Assets/_Project/Prefabs/Nature/Flora/BioForge/Shallows/PorousRock/GEN_Shallows_PorousRock_020_Rock_CF7C4990.prefab;Assets/_Project/Prefabs/Nature/Flora/BioForge/Shallows/PorousRock/GEN_Shallows_PorousRock_021_Rock_114297FD.prefab;Assets/_Project/Prefabs/Nature/Flora/BioForge/Shallows/PorousRock/GEN_Shallows_PorousRock_022_Rock_5308E66A.prefab;Assets/_Project/Prefabs/Nature/Flora/BioForge/Shallows/PorousRock/GEN_Shallows_PorousRock_023_Rock_94CF34D7.prefab;Assets/_Project/Prefabs/Nature/Flora/BioForge/Shallows/PorousRock/GEN_Shallows_PorousRock_024_Rock_D6958344.prefab;Assets/_Project/Prefabs/Nature/Flora/BioForge/Shallows/PorousRock/GEN_Shallows_PorousRock_025_Rock_185BD1B1.prefab;Assets/_Project/Prefabs/Nature/Flora/BioForge/Shallows/PorousRock/GEN_Shallows_PorousRock_026_Rock_5A22201E.prefab;Assets/_Project/Prefabs/Nature/Flora/BioForge/Shallows/PorousRock/GEN_Shallows_PorousRock_027_Rock_9BE86E8B.prefab;Assets/_Project/Prefabs/Nature/Flora/BioForge/Shallows/PorousRock/GEN_Shallows_PorousRock_028_Rock_DDAEBCF8.prefab;Assets/_Project/Prefabs/Nature/Flora/BioForge/Shallows/PorousRock/GEN_Shallows_PorousRock_029_Rock_1F750B65.prefab;Assets/_Project/Prefabs/Nature/Flora/BioForge/Shallows/PorousRock/GEN_Shallows_PorousRock_030_Rock_613B59D2.prefab;Assets/_Project/Prefabs/Nature/Flora/BioForge/Shallows/PorousRock/GEN_Shallows_PorousRock_031_Rock_A301A83F.prefab;Assets/_Project/Prefabs/Nature/Flora/BioForge/Shallows/PorousRock/GEN_Shallows_PorousRock_032_Rock_E4C7F6AC.prefab;Assets/_Project/Prefabs/Nature/Flora/BioForge/Shallows/PorousRock/GEN_Shallows_PorousRock_033_Rock_268E4519.prefab;Assets/_Project/Prefabs/Nature/Flora/BioForge/Shallows/PorousRock/GEN_Shallows_PorousRock_034_Rock_68549386.prefab;Assets/_Project/Prefabs/Nature/Flora/BioForge/Shallows/PorousRock/GEN_Shallows_PorousRock_035_Rock_AA1AE1F3.prefab;Assets/_Project/Prefabs/Nature/Flora/BioForge/Shallows/PorousRock/GEN_Shallows_PorousRock_036_Rock_EBE13060.prefab;Assets/_Project/Prefabs/Nature/Flora/BioForge/Shallows/PorousRock/GEN_Shallows_PorousRock_037_Rock_2DA77ECD.prefab;Assets/_Project/Prefabs/Nature/Flora/BioForge/Shallows/PorousRock/GEN_Shallows_PorousRock_038_Rock_6F6DCD3A.prefab;Assets/_Project/Prefabs/Nature/Flora/BioForge/Shallows/PorousRock/GEN_Shallows_PorousRock_039_Rock_B1341BA7.prefab;Assets/_Project/Prefabs/Nature/Flora/BioForge/Shallows/PorousRock/GEN_Shallows_PorousRock_040_Rock_F2FA6A14.prefab;Assets/_Project/Prefabs/Nature/Flora/BioForge/Shallows/PorousRock/GEN_Shallows_PorousRock_041_Rock_34C0B881.prefab;Assets/_Project/Prefabs/Nature/Flora/BioForge/Shallows/PorousRock/GEN_Shallows_PorousRock_042_Rock_768706EE.prefab;Assets/_Project/Prefabs/Nature/Flora/BioForge/Shallows/PorousRock/GEN_Shallows_PorousRock_043_Rock_B84D555B.prefab;Assets/_Project/Prefabs/Nature/Flora/BioForge/Shallows/PorousRock/GEN_Shallows_PorousRock_044_Rock_FA13A3C8.prefab;Assets/_Project/Prefabs/Nature/Flora/BioForge/Shallows/PorousRock/GEN_Shallows_PorousRock_045_Rock_3BD9F235.prefab;Assets/_Project/Prefabs/Nature/Flora/BioForge/Shallows/PorousRock/GEN_Shallows_PorousRock_046_Rock_7DA040A2.prefab;Assets/_Project/Prefabs/Nature/Flora/BioForge/Shallows/PorousRock/GEN_Shallows_PorousRock_047_Rock_BF668F0F.prefab;Assets/_Project/Prefabs/Nature/Flora/BioForge/Shallows/PorousRock/GEN_Shallows_PorousRock_048_Rock_012CDD7C.prefab;Assets/_Project/Prefabs/Nature/Flora/BioForge/Shallows/PorousRock/GEN_Shallows_PorousRock_049_Rock_42F32BE9.prefab;Assets/_Project/Prefabs/Nature/Flora/BioForge/Shallows/TubeCoral/GEN_Shallows_TubeCoral_000_Flora_5A110001.prefab;Assets/_Project/Prefabs/Nature/Flora/BioForge/Shallows/TubeCoral/GEN_Shallows_TubeCoral_001_Flora_69E358F9.prefab;Assets/_Project/Prefabs/Nature/Flora/BioForge/Shallows/TubeCoral/GEN_Shallows_TubeCoral_002_Flora_79B5B1F1.prefab;Assets/_Project/Prefabs/Nature/Flora/BioForge/Shallows/TubeCoral/GEN_Shallows_TubeCoral_003_Flora_89880AE9.prefab;Assets/_Project/Prefabs/Nature/Flora/BioForge/Shallows/TubeCoral/GEN_Shallows_TubeCoral_004_Flora_995A63E1.prefab;Assets/_Project/Prefabs/Nature/Flora/BioForge/Shallows/TubeCoral/GEN_Shallows_TubeCoral_005_Flora_A92CBCD9.prefab;Assets/_Project/Prefabs/Nature/Flora/BioForge/Shallows/TubeCoral/GEN_Shallows_TubeCoral_006_Flora_B8FF15D1.prefab;Assets/_Project/Prefabs/Nature/Flora/BioForge/Shallows/TubeCoral/GEN_Shallows_TubeCoral_007_Flora_C8D16EC9.prefab;Assets/_Project/Prefabs/Nature/Flora/BioForge/Shallows/TubeCoral/GEN_Shallows_TubeCoral_008_Flora_D8A3C7C1.prefab;Assets/_Project/Prefabs/Nature/Flora/BioForge/Shallows/TubeCoral/GEN_Shallows_TubeCoral_009_Flora_E87620B9.prefab;Assets/_Project/Prefabs/Nature/Flora/BioForge/Shallows/TubeCoral/GEN_Shallows_TubeCoral_010_Flora_F84879B1.prefab;Assets/_Project/Prefabs/Nature/Flora/BioForge/Shallows/TubeCoral/GEN_Shallows_TubeCoral_011_Flora_081AD2A9.prefab;Assets/_Project/Prefabs/Nature/Flora/BioForge/Shallows/TubeCoral/GEN_Shallows_TubeCoral_012_Flora_17ED2BA1.prefab;Assets/_Project/Prefabs/Nature/Flora/BioForge/Shallows/TubeCoral/GEN_Shallows_TubeCoral_013_Flora_27BF8499.prefab;Assets/_Project/Prefabs/Nature/Flora/BioForge/Shallows/TubeCoral/GEN_Shallows_TubeCoral_014_Flora_3791DD91.prefab;Assets/_Project/Prefabs/Nature/Flora/BioForge/Shallows/TubeCoral/GEN_Shallows_TubeCoral_015_Flora_47643689.prefab;Assets/_Project/Prefabs/Nature/Flora/BioForge/Shallows/TubeCoral/GEN_Shallows_TubeCoral_016_Flora_57368F81.prefab;Assets/_Project/Prefabs/Nature/Flora/BioForge/Shallows/TubeCoral/GEN_Shallows_TubeCoral_017_Flora_6708E879.prefab;Assets/_Project/Prefabs/Nature/Flora/BioForge/Shallows/TubeCoral/GEN_Shallows_TubeCoral_018_Flora_76DB4171.prefab;Assets/_Project/Prefabs/Nature/Flora/BioForge/Shallows/TubeCoral/GEN_Shallows_TubeCoral_019_Flora_86AD9A69.prefab;Assets/_Project/Prefabs/Nature/Flora/BioForge/Shallows/TubeCoral/GEN_Shallows_TubeCoral_020_Flora_967FF361.prefab;Assets/_Project/Prefabs/Nature/Flora/BioForge/Shallows/TubeCoral/GEN_Shallows_TubeCoral_021_Flora_A6524C59.prefab;Assets/_Project/Prefabs/Nature/Flora/BioForge/Shallows/TubeCoral/GEN_Shallows_TubeCoral_022_Flora_B624A551.prefab;Assets/_Project/Prefabs/Nature/Flora/BioForge/Shallows/TubeCoral/GEN_Shallows_TubeCoral_023_Flora_C5F6FE49.prefab;Assets/_Project/Prefabs/Nature/Flora/BioForge/Shallows/TubeCoral/GEN_Shallows_TubeCoral_024_Flora_D5C95741.prefab;Assets/_Project/Prefabs/Nature/Flora/BioForge/Shallows/TubeCoral/GEN_Shallows_TubeCoral_025_Flora_E59BB039.prefab;Assets/_Project/Prefabs/Nature/Flora/BioForge/Shallows/TubeCoral/GEN_Shallows_TubeCoral_026_Flora_F56E0931.prefab;Assets/_Project/Prefabs/Nature/Flora/BioForge/Shallows/TubeCoral/GEN_Shallows_TubeCoral_027_Flora_05406229.prefab;Assets/_Project/Prefabs/Nature/Flora/BioForge/Shallows/TubeCoral/GEN_Shallows_TubeCoral_028_Flora_1512BB21.prefab;Assets/_Project/Prefabs/Nature/Flora/BioForge/Shallows/TubeCoral/GEN_Shallows_TubeCoral_029_Flora_24E51419.prefab;Assets/_Project/Prefabs/Nature/Flora/BioForge/Shallows/TubeCoral/GEN_Shallows_TubeCoral_030_Flora_34B76D11.prefab;Assets/_Project/Prefabs/Nature/Flora/BioForge/Shallows/TubeCoral/GEN_Shallows_TubeCoral_031_Flora_4489C609.prefab;Assets/_Project/Prefabs/Nature/Flora/BioForge/Shallows/TubeCoral/GEN_Shallows_TubeCoral_032_Flora_545C1F01.prefab;Assets/_Project/Prefabs/Nature/Flora/BioForge/Shallows/TubeCoral/GEN_Shallows_TubeCoral_033_Flora_642E77F9.prefab;Assets/_Project/Prefabs/Nature/Flora/BioForge/Shallows/TubeCoral/GEN_Shallows_TubeCoral_034_Flora_7400D0F1.prefab;Assets/_Project/Prefabs/Nature/Flora/BioForge/Shallows/TubeCoral/GEN_Shallows_TubeCoral_035_Flora_83D329E9.prefab;Assets/_Project/Prefabs/Nature/Flora/BioForge/Shallows/TubeCoral/GEN_Shallows_TubeCoral_036_Flora_93A582E1.prefab;Assets/_Project/Prefabs/Nature/Flora/BioForge/Shallows/TubeCoral/GEN_Shallows_TubeCoral_037_Flora_A377DBD9.prefab;Assets/_Project/Prefabs/Nature/Flora/BioForge/Shallows/TubeCoral/GEN_Shallows_TubeCoral_038_Flora_B34A34D1.prefab;Assets/_Project/Prefabs/Nature/Flora/BioForge/Shallows/TubeCoral/GEN_Shallows_TubeCoral_039_Flora_C31C8DC9.prefab;Assets/_Project/Prefabs/Nature/Flora/BioForge/Shallows/TubeCoral/GEN_Shallows_TubeCoral_040_Flora_D2EEE6C1.prefab;Assets/_Project/Prefabs/Nature/Flora/BioForge/Shallows/TubeCoral/GEN_Shallows_TubeCoral_041_Flora_E2C13FB9.prefab;Assets/_Project/Prefabs/Nature/Flora/BioForge/Shallows/TubeCoral/GEN_Shallows_TubeCoral_042_Flora_F29398B1.prefab;Assets/_Project/Prefabs/Nature/Flora/BioForge/Shallows/TubeCoral/GEN_Shallows_TubeCoral_043_Flora_0265F1A9.prefab;Assets/_Project/Prefabs/Nature/Flora/BioForge/Shallows/TubeCoral/GEN_Shallows_TubeCoral_044_Flora_12384AA1.prefab;Assets/_Project/Prefabs/Nature/Flora/BioForge/Shallows/TubeCoral/GEN_Shallows_TubeCoral_045_Flora_220AA399.prefab;Assets/_Project/Prefabs/Nature/Flora/BioForge/Shallows/TubeCoral/GEN_Shallows_TubeCoral_046_Flora_31DCFC91.prefab;Assets/_Project/Prefabs/Nature/Flora/BioForge/Shallows/TubeCoral/GEN_Shallows_TubeCoral_047_Flora_41AF5589.prefab;Assets/_Project/Prefabs/Nature/Flora/BioForge/Shallows/TubeCoral/GEN_Shallows_TubeCoral_048_Flora_5181AE81.prefab;Assets/_Project/Prefabs/Nature/Flora/BioForge/Shallows/TubeCoral/GEN_Shallows_TubeCoral_049_Flora_61540779.prefab,Assets/_Project/Art/Materials/WorldProceduralProxy/MAT_ProceduralBio_Shallows.mat,STATIC_SOURCE,streaming_mips_disabled;mask_srgb_enabled_or_type_unverified
Assets/_Project/Art/TEXTURES/clouds0_diff.png,6c173d4e1a858b34ca1b7e5610aae988,PRIORITY_TARGET;REFERENCED_TEXTURE,sky_aegir_clouds0_diff,SOURCE_CANDIDATE_BLOCKED_BY_READBACK,aegir_cloud_band_source,4096,2048,10.482,1,1,0,2,Assets/_Project/Art/Materials/Celestial/MAT_AegirGasGiant_Impostor_1428.mat[_MainTex];Assets/_Project/Art/Materials/Mat_GasGiant.mat[_MainTex],3,Assets/_Project/Prefabs/GasGiant_Aegir.prefab;Assets/_Project/Scenes/02_HECTON_WORLD.unity;Assets/_Project/_PROLOGUE_CONTENT/Prefabs/GasGiant_Aegir.prefab,,Assets/_Project/Scenes/02_HECTON_WORLD.unity,Assets/_Project/Scenes/02_HECTON_WORLD.unity,Assets/_Project/Prefabs/GasGiant_Aegir.prefab;Assets/_Project/Scenes/02_HECTON_WORLD.unity;Assets/_Project/_PROLOGUE_CONTENT/Prefabs/GasGiant_Aegir.prefab,,STATIC_SOURCE,streaming_mips_disabled
Assets/_Project/Art/TEXTURES/foam.png,5a090eda5b62ce246909d622e4e48c29,PRIORITY_TARGET;REFERENCED_TEXTURE,water_foam_rejected_support,REJECTED_VISIBLE_SUPPORT_ONLY,foam_reference_only,2048,2048,5.656,1,1,1,8,Assets/_Project/Art/Materials/World/MAT_H8SurfaceShoreFoam_1428.mat[_BaseMap|_MainTex];Assets/_Project/Art/Materials/World/Photic1428/MAT_H8_PhoticFloorCaustics_1428.mat[_BaseMap|_MainTex];Assets/_Project/Art/Materials/World/Photic1428/MAT_H8_PhoticShoreFoamOrganic_1428.mat[_BaseMap|_MainTex];Assets/_Project/Art/Materials/World/Photic1428/MAT_H8_PhoticUnderSurfaceShimmer_1428.mat[_BaseMap|_MainTex];Assets/_Project/Art/Materials/World/Photic1458/MAT_H8_SurfaceFoamTopOnly_1458.mat[_BaseMap];Assets/_Project/Art/Materials/World/Photic1459/MAT_H8_SurfaceFoamPatchCloud_1459.mat[_BaseMap];Assets/_Project/Art/Materials/World/Photic1469/MAT_H8_ShorelineFoamFine_1469.mat[_BaseMap|_MainTex];Assets/_Project/_Archive/Mat_Ocean.mat[_FoamTex],2,Assets/_Project/Prefabs/Hecton Ocean.prefab;Assets/_Project/Scenes/02_HECTON_WORLD.unity,,Assets/_Project/Scenes/02_HECTON_WORLD.unity,Assets/_Project/Scenes/02_HECTON_WORLD.unity,Assets/_Project/Prefabs/Hecton Ocean.prefab;Assets/_Project/Scenes/02_HECTON_WORLD.unity,,STATIC_SOURCE,not_final_art
Assets/_Project/_PROLOGUE_CONTENT/Textures/Planets/Clouds/GASgIANT/Aegir_storms.png,24b48fd635367b243a6d70e16b5c5c8c,PRIORITY_TARGET,sky_aegir_storms,SOURCE_CANDIDATE_BLOCKED_BY_READBACK,aegir_storm_mask_source,4096,2048,0.34,1,1,0,0,,0,,,,,,,STATIC_SOURCE,no .mat/.prefab/.unity GUID references found under Assets/_Project scan;streaming_mips_disabled
Assets/_Project/_PROLOGUE_CONTENT/Textures/Planets/Clouds/GASgIANT/clouds0_diff.png,58d380f7ee3056c40bc2868f906c3e86,PRIORITY_TARGET;REFERENCED_TEXTURE,sky_aegir_clouds0_diff,SOURCE_CANDIDATE_BLOCKED_BY_READBACK,aegir_cloud_band_source,4096,2048,10.482,1,1,0,1,Assets/_Project/Art/Materials/World/MAT_H8AegirGasGiantReal_1428.mat[_BaseMap|_MainTex],0,,,,,,,STATIC_SOURCE,streaming_mips_disabled
Assets/_Project/_PROLOGUE_CONTENT/Textures/Planets/pLANET/clouds0_diff.png,a28f17c802d892f458c30fbb049f2946,PRIORITY_TARGET;REFERENCED_TEXTURE,sky_aegir_clouds0_diff,SOURCE_CANDIDATE_BLOCKED_BY_READBACK,aegir_cloud_band_source,4096,2048,7.011,1,1,0,2,Assets/_Project/_PROLOGUE_CONTENT/Textures/Planets/pLANET/Mat_HectonClouds.mat[_BaseMap|_MainTex];Assets/_Project/_PROLOGUE_CONTENT/Textures/Planets/pLANET/Materials/clouds0_diff.mat[_BaseMap|_MainTex],2,Assets/_Project/Scenes/01_ORBIT.unity;Assets/_Project/_PROLOGUE_CONTENT/Prefabs/oblaka_gekton8.prefab,,Assets/_Project/Scenes/01_ORBIT.unity,,Assets/_Project/Scenes/01_ORBIT.unity,,STATIC_SOURCE,streaming_mips_disabled
Assets/_Project/_PROLOGUE_CONTENT/Textures/Planets/pLANET/surface_bump.png,50eac08ff8e5f6a4c85c40536c5dae72,REFERENCED_TEXTURE,,UNASSIGNED_STATIC_SOURCE,unassigned_source,4096,2048,0.455,1,1,0,1,Assets/_Project/_PROLOGUE_CONTENT/Textures/Planets/pLANET/Mat_HectonSurface.mat[_BumpMap|_ParallaxMap],2,Assets/_Project/Scenes/01_ORBIT.unity;Assets/_Project/_PROLOGUE_CONTENT/Prefabs/Hecton8_Surface.prefab,,Assets/_Project/Scenes/01_ORBIT.unity,,Assets/_Project/Scenes/01_ORBIT.unity,,STATIC_SOURCE,streaming_mips_disabled
Assets/_Project/_PROLOGUE_CONTENT/Textures/Planets/pLANET/surface_diff.png,f0747b837ac9a9b4a8826c1f69aa5924,REFERENCED_TEXTURE,,UNASSIGNED_STATIC_SOURCE,unassigned_source,4096,2048,1.293,1,1,0,1,Assets/_Project/_PROLOGUE_CONTENT/Textures/Planets/pLANET/Mat_HectonSurface.mat[_BaseMap|_MainTex],2,Assets/_Project/Scenes/01_ORBIT.unity;Assets/_Project/_PROLOGUE_CONTENT/Prefabs/Hecton8_Surface.prefab,,Assets/_Project/Scenes/01_ORBIT.unity,,Assets/_Project/Scenes/01_ORBIT.unity,,STATIC_SOURCE,streaming_mips_disabled
Docs/GeneratedAssets/Batch31_LocalPBR/TX_B31_PhoticShellSandSubstrate_2102/TX_B31_PhoticShellSandSubstrate_2102_AlbedoSource.png,,PRIORITY_TARGET;NO_ASSET_GUID,terrain_wet_basalt_shell_sand_candidate,SOURCE_ONLY_NOT_IMPORTED,sand_shell_source,1024,1024,2.208,,,,0,,0,,,,,,,STATIC_DOC,no Unity .meta GUID in Assets; not linkable by GUID scan;source/prototype outside Assets; Unity YAML under Assets/_Project cannot reference this path unless imported;missing_meta;not_final_art
Docs/GeneratedAssets/Batch31_LocalPBR/TX_B31_PhoticShellSandSubstrate_2102/TX_B31_PhoticShellSandSubstrate_2102_Albedo_tile2x2.png,,PRIORITY_TARGET;NO_ASSET_GUID,terrain_wet_basalt_shell_sand_candidate,SOURCE_ONLY_NOT_IMPORTED,sand_shell_source,1024,1024,1.114,,,,0,,0,,,,,,,STATIC_DOC,no Unity .meta GUID in Assets; not linkable by GUID scan;source/prototype outside Assets; Unity YAML under Assets/_Project cannot reference this path unless imported;missing_meta;not_final_art
Docs/GeneratedAssets/Batch31_LocalPBR/TX_B31_PhoticShellSandSubstrate_2102/TX_B31_PhoticShellSandSubstrate_2102_HeightSource.png,,PRIORITY_TARGET;NO_ASSET_GUID,terrain_wet_basalt_shell_sand_candidate,SOURCE_ONLY_NOT_IMPORTED,sand_shell_source,1024,1024,0.855,,,,0,,0,,,,,,,STATIC_DOC,no Unity .meta GUID in Assets; not linkable by GUID scan;source/prototype outside Assets; Unity YAML under Assets/_Project cannot reference this path unless imported;missing_meta;not_final_art
Docs/GeneratedAssets/Batch31_LocalPBR/TX_B31_PhoticShellSandSubstrate_2102/TX_B31_PhoticShellSandSubstrate_2102_MRAOSource.png,,PRIORITY_TARGET;NO_ASSET_GUID,terrain_wet_basalt_shell_sand_candidate,SOURCE_ONLY_NOT_IMPORTED,sand_shell_source,1024,1024,1.263,,,,0,,0,,,,,,,STATIC_DOC,no Unity .meta GUID in Assets; not linkable by GUID scan;source/prototype outside Assets; Unity YAML under Assets/_Project cannot reference this path unless imported;missing_meta;not_final_art
Docs/GeneratedAssets/Batch31_LocalPBR/TX_B31_PhoticShellSandSubstrate_2102/TX_B31_PhoticShellSandSubstrate_2102_NormalSource.png,,PRIORITY_TARGET;NO_ASSET_GUID,terrain_wet_basalt_shell_sand_candidate,SOURCE_ONLY_NOT_IMPORTED,sand_shell_source,1024,1024,2.681,,,,0,,0,,,,,,,STATIC_DOC,no Unity .meta GUID in Assets; not linkable by GUID scan;source/prototype outside Assets; Unity YAML under Assets/_Project cannot reference this path unless imported;missing_meta;not_final_art
Docs/GeneratedAssets/Batch31_LocalPBR/TX_B31_PhoticShellSandSubstrate_2102/TX_B31_PhoticShellSandSubstrate_2102_Normal_tile2x2.png,,PRIORITY_TARGET;NO_ASSET_GUID,terrain_wet_basalt_shell_sand_candidate,SOURCE_ONLY_NOT_IMPORTED,sand_shell_source,1024,1024,1.286,,,,0,,0,,,,,,,STATIC_DOC,no Unity .meta GUID in Assets; not linkable by GUID scan;source/prototype outside Assets; Unity YAML under Assets/_Project cannot reference this path unless imported;missing_meta;not_final_art
Docs/GeneratedAssets/Batch31_LocalPBR/TX_B31_PhoticShellSandSubstrate_2102/TX_B31_PhoticShellSandSubstrate_2102_SourceCrop.png,,PRIORITY_TARGET;NO_ASSET_GUID,terrain_wet_basalt_shell_sand_candidate,SOURCE_ONLY_NOT_IMPORTED,sand_shell_source,1024,1024,2.161,,,,0,,0,,,,,,,STATIC_DOC,no Unity .meta GUID in Assets; not linkable by GUID scan;source/prototype outside Assets; Unity YAML under Assets/_Project cannot reference this path unless imported;missing_meta;not_final_art
Docs/GeneratedAssets/Batch31_LocalPBR/TX_B31_WetBasaltShoreline_1429/TX_B31_WetBasaltShoreline_1429_AlbedoSource.png,,PRIORITY_TARGET;NO_ASSET_GUID,terrain_wet_basalt_shell_sand_candidate,SOURCE_ONLY_NOT_IMPORTED,wet_basalt_source,1024,1024,2.303,,,,0,,0,,,,,,,STATIC_DOC,no Unity .meta GUID in Assets; not linkable by GUID scan;source/prototype outside Assets; Unity YAML under Assets/_Project cannot reference this path unless imported;missing_meta;not_final_art
Docs/GeneratedAssets/Batch31_LocalPBR/TX_B31_WetBasaltShoreline_1429/TX_B31_WetBasaltShoreline_1429_Albedo_tile2x2.png,,PRIORITY_TARGET;NO_ASSET_GUID,terrain_wet_basalt_shell_sand_candidate,SOURCE_ONLY_NOT_IMPORTED,wet_basalt_source,1024,1024,1.283,,,,0,,0,,,,,,,STATIC_DOC,no Unity .meta GUID in Assets; not linkable by GUID scan;source/prototype outside Assets; Unity YAML under Assets/_Project cannot reference this path unless imported;missing_meta;not_final_art
Docs/GeneratedAssets/Batch31_LocalPBR/TX_B31_WetBasaltShoreline_1429/TX_B31_WetBasaltShoreline_1429_HeightSource.png,,PRIORITY_TARGET;NO_ASSET_GUID,terrain_wet_basalt_shell_sand_candidate,SOURCE_ONLY_NOT_IMPORTED,wet_basalt_source,1024,1024,0.847,,,,0,,0,,,,,,,STATIC_DOC,no Unity .meta GUID in Assets; not linkable by GUID scan;source/prototype outside Assets; Unity YAML under Assets/_Project cannot reference this path unless imported;missing_meta;not_final_art
Docs/GeneratedAssets/Batch31_LocalPBR/TX_B31_WetBasaltShoreline_1429/TX_B31_WetBasaltShoreline_1429_MRAOSource.png,,PRIORITY_TARGET;NO_ASSET_GUID,terrain_wet_basalt_shell_sand_candidate,SOURCE_ONLY_NOT_IMPORTED,wet_basalt_source,1024,1024,1.293,,,,0,,0,,,,,,,STATIC_DOC,no Unity .meta GUID in Assets; not linkable by GUID scan;source/prototype outside Assets; Unity YAML under Assets/_Project cannot reference this path unless imported;missing_meta;not_final_art
Docs/GeneratedAssets/Batch31_LocalPBR/TX_B31_WetBasaltShoreline_1429/TX_B31_WetBasaltShoreline_1429_NormalSource.png,,PRIORITY_TARGET;NO_ASSET_GUID,terrain_wet_basalt_shell_sand_candidate,SOURCE_ONLY_NOT_IMPORTED,wet_basalt_source,1024,1024,2.834,,,,0,,0,,,,,,,STATIC_DOC,no Unity .meta GUID in Assets; not linkable by GUID scan;source/prototype outside Assets; Unity YAML under Assets/_Project cannot reference this path unless imported;missing_meta;not_final_art
Docs/GeneratedAssets/Batch31_LocalPBR/TX_B31_WetBasaltShoreline_1429/TX_B31_WetBasaltShoreline_1429_Normal_tile2x2.png,,PRIORITY_TARGET;NO_ASSET_GUID,terrain_wet_basalt_shell_sand_candidate,SOURCE_ONLY_NOT_IMPORTED,wet_basalt_source,1024,1024,1.458,,,,0,,0,,,,,,,STATIC_DOC,no Unity .meta GUID in Assets; not linkable by GUID scan;source/prototype outside Assets; Unity YAML under Assets/_Project cannot reference this path unless imported;missing_meta;not_final_art
Docs/GeneratedAssets/Batch31_LocalPBR/TX_B31_WetBasaltShoreline_1429/TX_B31_WetBasaltShoreline_1429_SourceCrop.png,,PRIORITY_TARGET;NO_ASSET_GUID,terrain_wet_basalt_shell_sand_candidate,SOURCE_ONLY_NOT_IMPORTED,wet_basalt_source,1024,1024,2.333,,,,0,,0,,,,,,,STATIC_DOC,no Unity .meta GUID in Assets; not linkable by GUID scan;source/prototype outside Assets; Unity YAML under Assets/_Project cannot reference this path unless imported;missing_meta;not_final_art
Docs/GeneratedAssets/Batch31_LocalPBR/TX_B31_WetBasaltShoreline_1429_FullSourcePrototype/TX_B31_WetBasaltShoreline_1429_FullSourcePrototype_AlbedoSource.png,,PRIORITY_TARGET;NO_ASSET_GUID,terrain_wet_basalt_shell_sand_candidate,SOURCE_ONLY_NOT_IMPORTED,wet_basalt_source,1024,1024,2.386,,,,0,,0,,,,,,,STATIC_DOC,no Unity .meta GUID in Assets; not linkable by GUID scan;source/prototype outside Assets; Unity YAML under Assets/_Project cannot reference this path unless imported;missing_meta;not_final_art
Docs/GeneratedAssets/Batch31_LocalPBR/TX_B31_WetBasaltShoreline_1429_FullSourcePrototype/TX_B31_WetBasaltShoreline_1429_FullSourcePrototype_Albedo_tile2x2.png,,PRIORITY_TARGET;NO_ASSET_GUID,terrain_wet_basalt_shell_sand_candidate,SOURCE_ONLY_NOT_IMPORTED,wet_basalt_source,1024,1024,1.288,,,,0,,0,,,,,,,STATIC_DOC,no Unity .meta GUID in Assets; not linkable by GUID scan;source/prototype outside Assets; Unity YAML under Assets/_Project cannot reference this path unless imported;missing_meta;not_final_art
Docs/GeneratedAssets/Batch31_LocalPBR/TX_B31_WetBasaltShoreline_1429_FullSourcePrototype/TX_B31_WetBasaltShoreline_1429_FullSourcePrototype_HeightSource.png,,PRIORITY_TARGET;NO_ASSET_GUID,terrain_wet_basalt_shell_sand_candidate,SOURCE_ONLY_NOT_IMPORTED,wet_basalt_source,1024,1024,0.868,,,,0,,0,,,,,,,STATIC_DOC,no Unity .meta GUID in Assets; not linkable by GUID scan;source/prototype outside Assets; Unity YAML under Assets/_Project cannot reference this path unless imported;missing_meta;not_final_art
Docs/GeneratedAssets/Batch31_LocalPBR/TX_B31_WetBasaltShoreline_1429_FullSourcePrototype/TX_B31_WetBasaltShoreline_1429_FullSourcePrototype_MRAOSource.png,,PRIORITY_TARGET;NO_ASSET_GUID,terrain_wet_basalt_shell_sand_candidate,SOURCE_ONLY_NOT_IMPORTED,wet_basalt_source,1024,1024,1.386,,,,0,,0,,,,,,,STATIC_DOC,no Unity .meta GUID in Assets; not linkable by GUID scan;source/prototype outside Assets; Unity YAML under Assets/_Project cannot reference this path unless imported;missing_meta;not_final_art
Docs/GeneratedAssets/Batch31_LocalPBR/TX_B31_WetBasaltShoreline_1429_FullSourcePrototype/TX_B31_WetBasaltShoreline_1429_FullSourcePrototype_NormalSource.png,,PRIORITY_TARGET;NO_ASSET_GUID,terrain_wet_basalt_shell_sand_candidate,SOURCE_ONLY_NOT_IMPORTED,wet_basalt_source,1024,1024,2.815,,,,0,,0,,,,,,,STATIC_DOC,no Unity .meta GUID in Assets; not linkable by GUID scan;source/prototype outside Assets; Unity YAML under Assets/_Project cannot reference this path unless imported;missing_meta;not_final_art
Docs/GeneratedAssets/Batch31_LocalPBR/TX_B31_WetBasaltShoreline_1429_FullSourcePrototype/TX_B31_WetBasaltShoreline_1429_FullSourcePrototype_SourceFull.png,,PRIORITY_TARGET;NO_ASSET_GUID,terrain_wet_basalt_shell_sand_candidate,SOURCE_ONLY_NOT_IMPORTED,wet_basalt_source,1024,1024,2.355,,,,0,,0,,,,,,,STATIC_DOC,no Unity .meta GUID in Assets; not linkable by GUID scan;source/prototype outside Assets; Unity YAML under Assets/_Project cannot reference this path unless imported;missing_meta;not_final_art
Docs/GeneratedAssets/Gemini/Audit/Batch21/tile_previews/TX_B21_PhoticShellSandSubstrate_AlbedoSource_20260604_Gemini_164642_tile2x2.png,,PRIORITY_TARGET;NO_ASSET_GUID,terrain_wet_basalt_shell_sand_candidate,SOURCE_ONLY_NOT_IMPORTED,sand_shell_source,1024,1024,1.122,,,,0,,0,,,,,,,STATIC_DOC,no Unity .meta GUID in Assets; not linkable by GUID scan;source/prototype outside Assets; Unity YAML under Assets/_Project cannot reference this path unless imported;missing_meta;not_final_art
Docs/GeneratedAssets/Gemini/Outputs/Batch21/TX_B21_PhoticShellSandSubstrate_AlbedoSource_20260604_Gemini_164642.png,,PRIORITY_TARGET;NO_ASSET_GUID,terrain_wet_basalt_shell_sand_candidate,SOURCE_ONLY_NOT_IMPORTED,sand_shell_source,1024,1024,2.747,,,,0,,0,,,,,,,STATIC_DOC,no Unity .meta GUID in Assets; not linkable by GUID scan;source/prototype outside Assets; Unity YAML under Assets/_Project cannot reference this path unless imported;missing_meta;not_final_art
Docs/GeneratedAssets/Gemini/QA/1906/TX_H8_WetBasaltShoreline_1428_static_channel_QA_contact_sheet.png,,PRIORITY_TARGET;NO_ASSET_GUID,terrain_wet_basalt_shell_sand_candidate,SOURCE_ONLY_NOT_IMPORTED,wet_basalt_source,1024,568,0.806,,,,0,,0,,,,,,,STATIC_DOC,no Unity .meta GUID in Assets; not linkable by GUID scan;source/prototype outside Assets; Unity YAML under Assets/_Project cannot reference this path unless imported;missing_meta;not_final_art
Docs/GeneratedAssets/Gemini/QA/TX_Gemini_WetBasaltShoreline_Albedo_20260604_tile2x2.jpg,,PRIORITY_TARGET;NO_ASSET_GUID,terrain_wet_basalt_shell_sand_candidate,SOURCE_ONLY_NOT_IMPORTED,wet_basalt_source,2048,2048,2.153,,,,0,,0,,,,,,,STATIC_DOC,no Unity .meta GUID in Assets; not linkable by GUID scan;source/prototype outside Assets; Unity YAML under Assets/_Project cannot reference this path unless imported;missing_meta;not_final_art
Docs/GeneratedAssets/Gemini/QA/WetBasalt1428/GeminiTextureIntake_contact_sheet.png,,PRIORITY_TARGET;NO_ASSET_GUID,terrain_wet_basalt_shell_sand_candidate,SOURCE_ONLY_NOT_IMPORTED,wet_basalt_source,268,268,0.084,,,,0,,0,,,,,,,STATIC_DOC,no Unity .meta GUID in Assets; not linkable by GUID scan;source/prototype outside Assets; Unity YAML under Assets/_Project cannot reference this path unless imported;missing_meta;not_final_art
Docs/GeneratedAssets/Gemini/QA/WetBasalt1428/tile_previews/TX_H8_WetBasaltShoreline_Albedo_1428_tile2x2.png,,PRIORITY_TARGET;NO_ASSET_GUID,terrain_wet_basalt_shell_sand_candidate,SOURCE_ONLY_NOT_IMPORTED,wet_basalt_source,1024,1024,1.309,,,,0,,0,,,,,,,STATIC_DOC,no Unity .meta GUID in Assets; not linkable by GUID scan;source/prototype outside Assets; Unity YAML under Assets/_Project cannot reference this path unless imported;missing_meta;not_final_art
Docs/GeneratedAssets/Gemini/QA/WetBasalt1429/GeminiTextureIntake_contact_sheet.png,,PRIORITY_TARGET;NO_ASSET_GUID,terrain_wet_basalt_shell_sand_candidate,SOURCE_ONLY_NOT_IMPORTED,wet_basalt_source,268,268,0.083,,,,0,,0,,,,,,,STATIC_DOC,no Unity .meta GUID in Assets; not linkable by GUID scan;source/prototype outside Assets; Unity YAML under Assets/_Project cannot reference this path unless imported;missing_meta;not_final_art
Docs/GeneratedAssets/Gemini/QA/WetBasalt1429/tile_previews/TX_H8_WetBasaltShoreline_Albedo_1429_tile2x2.png,,PRIORITY_TARGET;NO_ASSET_GUID,terrain_wet_basalt_shell_sand_candidate,SOURCE_ONLY_NOT_IMPORTED,wet_basalt_source,1024,1024,1.288,,,,0,,0,,,,,,,STATIC_DOC,no Unity .meta GUID in Assets; not linkable by GUID scan;source/prototype outside Assets; Unity YAML under Assets/_Project cannot reference this path unless imported;missing_meta;not_final_art
Docs/GeneratedAssets/Gemini/QA/WetBasalt1429Periodic/GeminiTextureIntake_contact_sheet.png,,PRIORITY_TARGET;NO_ASSET_GUID,terrain_wet_basalt_shell_sand_candidate,SOURCE_ONLY_NOT_IMPORTED,wet_basalt_source,268,268,0.092,,,,0,,0,,,,,,,STATIC_DOC,no Unity .meta GUID in Assets; not linkable by GUID scan;source/prototype outside Assets; Unity YAML under Assets/_Project cannot reference this path unless imported;missing_meta;not_final_art
Docs/GeneratedAssets/Gemini/QA/WetBasalt1429Periodic/tile_previews/TX_H8_WetBasaltShoreline_Albedo_1429_periodic_tile2x2.png,,PRIORITY_TARGET;NO_ASSET_GUID,terrain_wet_basalt_shell_sand_candidate,SOURCE_ONLY_NOT_IMPORTED,wet_basalt_source,1024,1024,1.4,,,,0,,0,,,,,,,STATIC_DOC,no Unity .meta GUID in Assets; not linkable by GUID scan;source/prototype outside Assets; Unity YAML under Assets/_Project cannot reference this path unless imported;missing_meta;not_final_art
Docs/GeneratedAssets/Gemini/QA/WetBasalt1429PeriodicDarkPreserve/GeminiTextureIntake_contact_sheet.png,,PRIORITY_TARGET;NO_ASSET_GUID,terrain_wet_basalt_shell_sand_candidate,SOURCE_ONLY_NOT_IMPORTED,wet_basalt_source,268,268,0.092,,,,0,,0,,,,,,,STATIC_DOC,no Unity .meta GUID in Assets; not linkable by GUID scan;source/prototype outside Assets; Unity YAML under Assets/_Project cannot reference this path unless imported;missing_meta;not_final_art
Docs/GeneratedAssets/Gemini/QA/WetBasalt1429PeriodicDarkPreserve/tile_previews/TX_H8_WetBasaltShoreline_Albedo_1429_periodic_darkpreserve_tile2x2.png,,PRIORITY_TARGET;NO_ASSET_GUID,terrain_wet_basalt_shell_sand_candidate,SOURCE_ONLY_NOT_IMPORTED,wet_basalt_source,1024,1024,1.4,,,,0,,0,,,,,,,STATIC_DOC,no Unity .meta GUID in Assets; not linkable by GUID scan;source/prototype outside Assets; Unity YAML under Assets/_Project cannot reference this path unless imported;missing_meta;not_final_art
Docs/GeneratedAssets/Gemini/QA/WetBasalt1429PeriodicMean/GeminiTextureIntake_contact_sheet.png,,PRIORITY_TARGET;NO_ASSET_GUID,terrain_wet_basalt_shell_sand_candidate,SOURCE_ONLY_NOT_IMPORTED,wet_basalt_source,268,268,0.093,,,,0,,0,,,,,,,STATIC_DOC,no Unity .meta GUID in Assets; not linkable by GUID scan;source/prototype outside Assets; Unity YAML under Assets/_Project cannot reference this path unless imported;missing_meta;not_final_art
Docs/GeneratedAssets/Gemini/QA/WetBasalt1429PeriodicMean/tile_previews/TX_H8_WetBasaltShoreline_Albedo_1429_periodic_mean_tile2x2.png,,PRIORITY_TARGET;NO_ASSET_GUID,terrain_wet_basalt_shell_sand_candidate,SOURCE_ONLY_NOT_IMPORTED,wet_basalt_source,1024,1024,1.392,,,,0,,0,,,,,,,STATIC_DOC,no Unity .meta GUID in Assets; not linkable by GUID scan;source/prototype outside Assets; Unity YAML under Assets/_Project cannot reference this path unless imported;missing_meta;not_final_art
Docs/GeneratedAssets/Gemini/Refined/TX_H8_WetBasaltShoreline_Albedo_1429_periodic.png,,PRIORITY_TARGET;NO_ASSET_GUID,terrain_wet_basalt_shell_sand_candidate,SOURCE_ONLY_NOT_IMPORTED,wet_basalt_source,1024,1024,2.528,,,,0,,0,,,,,,,STATIC_DOC,no Unity .meta GUID in Assets; not linkable by GUID scan;source/prototype outside Assets; Unity YAML under Assets/_Project cannot reference this path unless imported;missing_meta;not_final_art
Docs/GeneratedAssets/Gemini/Refined/TX_H8_WetBasaltShoreline_Albedo_1429_periodic_darkpreserve.png,,PRIORITY_TARGET;NO_ASSET_GUID,terrain_wet_basalt_shell_sand_candidate,SOURCE_ONLY_NOT_IMPORTED,wet_basalt_source,1024,1024,2.528,,,,0,,0,,,,,,,STATIC_DOC,no Unity .meta GUID in Assets; not linkable by GUID scan;source/prototype outside Assets; Unity YAML under Assets/_Project cannot reference this path unless imported;missing_meta;not_final_art
Docs/GeneratedAssets/Gemini/Refined/TX_H8_WetBasaltShoreline_Albedo_1429_periodic_mean.png,,PRIORITY_TARGET;NO_ASSET_GUID,terrain_wet_basalt_shell_sand_candidate,SOURCE_ONLY_NOT_IMPORTED,wet_basalt_source,1024,1024,2.509,,,,0,,0,,,,,,,STATIC_DOC,no Unity .meta GUID in Assets; not linkable by GUID scan;source/prototype outside Assets; Unity YAML under Assets/_Project cannot reference this path unless imported;missing_meta;not_final_art
Docs/GeneratedAssets/Gemini/TX_H8_WetBasaltShoreline_Albedo_1429.png,,PRIORITY_TARGET;NO_ASSET_GUID,terrain_wet_basalt_shell_sand_candidate,SOURCE_ONLY_NOT_IMPORTED,wet_basalt_source,1024,1024,2.894,,,,0,,0,,,,,,,STATIC_DOC,no Unity .meta GUID in Assets; not linkable by GUID scan;source/prototype outside Assets; Unity YAML under Assets/_Project cannot reference this path unless imported;missing_meta;not_final_art
