[Licensing::Module] Trying to connect to existing licensing client channel...
Built from '6000.4/staging' branch; Version is '6000.4.1f1 (8535861f39e1) revision 8729990'; Using compiler version '194234433'; Build Type 'Release'
OS: 'Windows 11  (10.0.26200) CoreSingleLanguage' Language: 'en' Physical Memory: 32407 MB
[Licensing::IpcConnector] Successfully connected to: "LicenseClient-danat" at "2026-04-26T09:50:25.3514284Z"
BatchMode: 1, IsHumanControllingUs: 0, StartBugReporterOnCrash: 0, Is64bit: 1
System  architecture: x64
Process architecture: x64
Date: 2026-04-26T09:50:25Z

COMMAND LINE ARGUMENTS:
C:\Program Files\Unity\Hub\Editor\6000.4.1f1\Editor\Unity.exe
-batchmode
-nographics
-quit
-projectPath
C:\hades\Hecton8
-logFile
C:\hades\Hecton8\.iter18_startup_audit_cold.log
Successfully changed project path to: C:\hades\Hecton8
C:/hades/Hecton8
[UnityMemory] Configuration Parameters - Can be set up in boot.config
    "memorysetup-temp-allocator-size-gi-baking-worker=262144"
    "memorysetup-temp-allocator-size-gi-baking-worker=262144"
    "memorysetup-temp-allocator-size-gi-baking-worker=262144"
    "memorysetup-temp-allocator-size-gi-baking-worker=262144"
    "memorysetup-temp-allocator-size-gi-baking-worker=262144"
    "memorysetup-temp-allocator-size-nav-mesh-worker=65536"
    "memorysetup-temp-allocator-size-audio-worker=65536"
    "memorysetup-temp-allocator-size-cloud-worker=32768"
    "memorysetup-temp-allocator-size-gfx=262144"
    "memorysetup-temp-allocator-size-preload-manager=33554432"
    "memorysetup-temp-allocator-size-job-worker=262144"
    "memorysetup-temp-allocator-size-background-worker=32768"
    "memorysetup-allocator-temp-initial-block-size-main=262144"
    "memorysetup-allocator-temp-initial-block-size-worker=262144"
    "memorysetup-bucket-allocator-granularity=16"
    "memorysetup-bucket-allocator-bucket-count=8"
    "memorysetup-bucket-allocator-block-size=33554432"
    "memorysetup-bucket-allocator-block-count=8"
    "memorysetup-main-allocator-block-size=16777216"
    "memorysetup-thread-allocator-block-size=16777216"
    "memorysetup-gfx-main-allocator-block-size=16777216"
    "memorysetup-gfx-thread-allocator-block-size=16777216"
    "memorysetup-cache-allocator-block-size=4194304"
    "memorysetup-typetree-allocator-block-size=2097152"
    "memorysetup-profiler-bucket-allocator-granularity=16"
    "memorysetup-profiler-bucket-allocator-bucket-count=8"
    "memorysetup-profiler-bucket-allocator-block-size=33554432"
    "memorysetup-profiler-bucket-allocator-block-count=8"
    "memorysetup-profiler-allocator-block-size=16777216"
    "memorysetup-profiler-editor-allocator-block-size=1048576"
    "memorysetup-temp-allocator-size-main=16777216"
    "memorysetup-job-temp-allocator-block-size=2097152"
    "memorysetup-job-temp-allocator-block-size-background=1048576"
    "memorysetup-job-temp-allocator-reduction-small-platforms=262144"
Player connection [17660]  Target information:

Player connection [17660]  * "[IP] 192.168.1.130 [Port] 55504 [Flags] 2 [Guid] 1723626700 [EditorId] 1723626700 [Version] 1048832 [Id] WindowsEditor(7,Shinobu) [Debug] 1 [PackageName] WindowsEditor [ProjectName] Editor" 

Player connection [17660]  * "[IP] 172.18.0.1 [Port] 55504 [Flags] 2 [Guid] 1723626700 [EditorId] 1723626700 [Version] 1048832 [Id] WindowsEditor(7,Shinobu) [Debug] 1 [PackageName] WindowsEditor [ProjectName] Editor" 

Player connection [17660] Host joined multi-casting on [225.0.0.222:54997]...
Player connection [17660] Host joined alternative multi-casting on [225.0.0.222:34997]...
Input System module state changed to: Initialized.
[Physics::Module] Initialized fallback backend.
[Physics::Module] Id: 0xdecafbad
[Package Manager] Connected to IPC stream "Upm-27380" after 0.9 seconds.
[Licensing::Module] Licensing is not yet initialized.
[Licensing::Client] Error: HandshakeResponse reported an error:
	ResponseCode: 505
	ResponseStatus: Unsupported protocol version '1.18.1'.
[Licensing::Module] Error: Failed to handshake to channel: "LicenseClient-danat"
[Licensing::IpcConnector] LicenseClient-danat channel disconnected successfully.
[Licensing::IpcConnector] Channel LicenseClient-danat-6000.4.1 doesn't exist
[Licensing::Module] Successfully launched the LicensingClient (PId: 68148)
[Licensing::IpcConnector] Successfully connected to: "LicenseClient-danat-6000.4.1" at "2026-04-26T09:50:29.0101371Z"
[Licensing::Client] Handshaking with LicensingClient:
  Version:                 1.18.1+9fbee8e
  Session Id:              0b81f6abe12b4b5f882537eabc345ee5
  Correlation Id:          198acc9d8a76ffbacb5d48313547e8b3
  External correlation Id: 8706625302891938801
  Machine Id:              KXBg4HkLZwVfPhjJrzyzSmUVWFw=
[Licensing::Module] Successfully connected to LicensingClient on channel: "LicenseClient-danat-6000.4.1" (connect: 1.29s, validation: 0.12s, handshake: 2.51s)
[Licensing::IpcConnector] Successfully connected to: "LicenseClient-danat-6000.4.1-notifications" at "2026-04-26T09:50:31.6440257Z"
[Licensing::Module] Connected to LicensingClient (PId: 68148, launch time: 0.01, total connection time: 3.93s)
[Licensing::Module] Error: Access token is unavailable; failed to update
[Licensing::Client] Successfully resolved entitlement details
[Licensing::Module] License group:
  Id: 7972536317136-UnityPersXXXX
  Product: Unity Personal
  Type: Assigned
  Expiration: Unlimited
[Licensing::Client] Successfully updated license, isAsync: True, time: 0.02
[Licensing::Client] Successfully resolved entitlement details
[Licensing::Module] Licensing Background thread has ended after 6.35s
[Licensing::Module] Licensing is initialized (took 4.85s).
[Licensing::Client] Successfully resolved entitlement details
Library Redirect Path: Library/
[Physics::Module] Selected backend.
[Physics::Module] Name: PhysX
[Physics::Module] Id: 0xf2b8ea05
[Physics::Module] SDK Version: 4.1.2
[Physics::Module] Integration Version: 1.0.0
[Physics::Module] Threading Mode: Multi-Threaded
Refreshing native plugins compatible for Editor in 539.21 ms, found 27 plugins.
Initialize engine version: 6000.4.1f1 (8535861f39e1)
[Subsystems] Discovering subsystems at path C:/Program Files/Unity/Hub/Editor/6000.4.1f1/Editor/Data/Resources/UnitySubsystems
[Subsystems] Discovering subsystems at path C:/hades/Hecton8/Assets
Forcing GfxDevice: Null
GfxDevice: creating device client; kGfxThreadingModeNonThreaded
NullGfxDevice:
    Version:  NULL 1.0 [1.0]
    Renderer: Null Device
    Vendor:   Unity Technologies
Initialize mono
Mono path[0] = 'C:/Program Files/Unity/Hub/Editor/6000.4.1f1/Editor/Data/Managed'
Mono path[1] = 'C:/Program Files/Unity/Hub/Editor/6000.4.1f1/Editor/Data/MonoBleedingEdge/lib/mono/unityjit-win32'
Mono config path = 'C:/Program Files/Unity/Hub/Editor/6000.4.1f1/Editor/Data/MonoBleedingEdge/etc'
Using monoOptions --debugger-agent=transport=dt_socket,embedding=1,server=y,suspend=n,address=127.0.0.1:56380
CodeReloadManager initialized
Using cacheserver namespaces - metadata:defaultmetadata, artifacts:defaultartifacts
Using cacheserver namespaces - metadata:defaultmetadata, artifacts:defaultartifacts
ImportWorker Server TCP listen port: 0
AcceleratorClientConnectionCallback - disconnected - :0
Begin MonoManager ReloadAssembly
Registering precompiled unity dll's ...
Register platform support module: C:/Program Files/Unity/Hub/Editor/6000.4.1f1/Editor/Data/PlaybackEngines/WindowsStandaloneSupport/UnityEditor.WindowsStandalone.Extensions.dll
Registered in 0.003247 seconds.
Native extension for WindowsStandalone target not found
Package Manager log level set to [2]
ScheduleIndexationOnStartup MainProcess:False IndexOnStartup:True
Mono: successfully reloaded assembly
- Finished resetting the current domain, in  0.887 seconds
Domain Reload Profiling: 2322ms
	BeginReloadAssembly (278ms)
		CreateAndSetChildDomain (9ms)
	RebuildCommonClasses (186ms)
	RebuildNativeTypeToScriptingClass (40ms)
	initialDomainReloadingComplete (178ms)
	LoadAllAssembliesAndSetupDomain (750ms)
		LoadAssemblies (265ms)
		AnalyzeDomain (732ms)
			TypeCache.Refresh (729ms)
				TypeCache.ScanAssembly (699ms)
	FinalizeReload (891ms)
		SetupLoadedEditorAssemblies (0ms)
			InitializePlatformSupportModulesInManaged (94ms)
			BeforeProcessingInitializeOnLoad (181ms)
			ProcessInitializeOnLoadAttributes (175ms)
			ProcessInitializeOnLoadMethodAttributes (178ms)
[Licensing::Client] Successfully resolved entitlement details
Application.AssetDatabase Initial Refresh Start
[Package Manager] Restoring resolved packages state from cache
[Licensing::Client] Successfully resolved entitlement details
[Package Manager] Registered 65 packages:
  Packages from [https://packages.unity.com]:
    com.unity.ai.navigation@2.0.11 (location: C:\hades\Hecton8\Library\PackageCache\com.unity.ai.navigation@78534c21b27d)
    com.unity.collab-proxy@2.11.4 (location: C:\hades\Hecton8\Library\PackageCache\com.unity.collab-proxy@a5329f833fa8)
    com.unity.inputsystem@1.19.0 (location: C:\hades\Hecton8\Library\PackageCache\com.unity.inputsystem@21a28c3a6c83)
    com.unity.memoryprofiler@1.1.12 (location: C:\hades\Hecton8\Library\PackageCache\com.unity.memoryprofiler@485b5ba42ef5)
    com.unity.nuget.newtonsoft-json@3.2.2 (location: C:\hades\Hecton8\Library\PackageCache\com.unity.nuget.newtonsoft-json@4dfd81071c64)
    com.unity.probuilder@6.0.9 (location: C:\hades\Hecton8\Library\PackageCache\com.unity.probuilder@1f279ab829b7)
    com.unity.sharp-zip-lib@1.4.1 (location: C:\hades\Hecton8\Library\PackageCache\com.unity.sharp-zip-lib@f6e4ef34e4d8)
    com.unity.timeline@1.8.11 (location: C:\hades\Hecton8\Library\PackageCache\com.unity.timeline@bfd27f8016ff)
    com.unity.visualscripting@1.9.11 (location: C:\hades\Hecton8\Library\PackageCache\com.unity.visualscripting@8bed5ad90189)
    com.unity.searcher@4.9.4 (location: C:\hades\Hecton8\Library\PackageCache\com.unity.searcher@d45a78918735)
    com.unity.settings-manager@2.1.1 (location: C:\hades\Hecton8\Library\PackageCache\com.unity.settings-manager@0b8638c5ce86)
    com.unity.burst@1.8.28 (location: C:\hades\Hecton8\Library\PackageCache\com.unity.burst@07790c2d06d9)
    com.unity.mathematics@1.3.3 (location: C:\hades\Hecton8\Library\PackageCache\com.unity.mathematics@19a9377c4ffa)
    com.unity.profiling.core@1.0.3 (location: C:\hades\Hecton8\Library\PackageCache\com.unity.profiling.core@8a49f7027d06)
    com.unity.editorcoroutines@1.0.1 (location: C:\hades\Hecton8\Library\PackageCache\com.unity.editorcoroutines@54394ed3283c)
    com.unity.nuget.mono-cecil@1.11.6 (location: C:\hades\Hecton8\Library\PackageCache\com.unity.nuget.mono-cecil@ecb9724e46ff)
    com.unity.test-framework.performance@3.2.0 (location: C:\hades\Hecton8\Library\PackageCache\com.unity.test-framework.performance@0840f58e4562)
  Built-in packages:
    com.unity.2d.sprite@1.0.0 (location: C:\hades\Hecton8\Library\PackageCache\com.unity.2d.sprite@929df5adbb1f)
    com.unity.render-pipelines.universal@17.4.0 (location: C:\hades\Hecton8\Library\PackageCache\com.unity.render-pipelines.universal@580a03820d50)
    com.unity.ugui@2.0.0 (location: C:\hades\Hecton8\Library\PackageCache\com.unity.ugui@d8a2716f3013)
    com.unity.modules.accessibility@1.0.0 (location: C:\hades\Hecton8\Library\PackageCache\com.unity.modules.accessibility)
    com.unity.modules.ai@1.0.0 (location: C:\hades\Hecton8\Library\PackageCache\com.unity.modules.ai)
    com.unity.modules.androidjni@1.0.0 (location: C:\hades\Hecton8\Library\PackageCache\com.unity.modules.androidjni)
    com.unity.modules.animation@1.0.0 (location: C:\hades\Hecton8\Library\PackageCache\com.unity.modules.animation)
    com.unity.modules.assetbundle@1.0.0 (location: C:\hades\Hecton8\Library\PackageCache\com.unity.modules.assetbundle)
    com.unity.modules.audio@1.0.0 (location: C:\hades\Hecton8\Library\PackageCache\com.unity.modules.audio)
    com.unity.modules.cloth@1.0.0 (location: C:\hades\Hecton8\Library\PackageCache\com.unity.modules.cloth)
    com.unity.modules.director@1.0.0 (location: C:\hades\Hecton8\Library\PackageCache\com.unity.modules.director)
    com.unity.modules.imageconversion@1.0.0 (location: C:\hades\Hecton8\Library\PackageCache\com.unity.modules.imageconversion)
    com.unity.modules.imgui@1.0.0 (location: C:\hades\Hecton8\Library\PackageCache\com.unity.modules.imgui)
    com.unity.modules.jsonserialize@1.0.0 (location: C:\hades\Hecton8\Library\PackageCache\com.unity.modules.jsonserialize)
    com.unity.modules.particlesystem@1.0.0 (location: C:\hades\Hecton8\Library\PackageCache\com.unity.modules.particlesystem)
    com.unity.modules.physics@1.0.0 (location: C:\hades\Hecton8\Library\PackageCache\com.unity.modules.physics)
    com.unity.modules.physics2d@1.0.0 (location: C:\hades\Hecton8\Library\PackageCache\com.unity.modules.physics2d)
    com.unity.modules.screencapture@1.0.0 (location: C:\hades\Hecton8\Library\PackageCache\com.unity.modules.screencapture)
    com.unity.modules.terrain@1.0.0 (location: C:\hades\Hecton8\Library\PackageCache\com.unity.modules.terrain)
    com.unity.modules.terrainphysics@1.0.0 (location: C:\hades\Hecton8\Library\PackageCache\com.unity.modules.terrainphysics)
    com.unity.modules.tilemap@1.0.0 (location: C:\hades\Hecton8\Library\PackageCache\com.unity.modules.tilemap)
    com.unity.modules.ui@1.0.0 (location: C:\hades\Hecton8\Library\PackageCache\com.unity.modules.ui)
    com.unity.modules.uielements@1.0.0 (location: C:\hades\Hecton8\Library\PackageCache\com.unity.modules.uielements)
    com.unity.modules.umbra@1.0.0 (location: C:\hades\Hecton8\Library\PackageCache\com.unity.modules.umbra)
    com.unity.modules.unityanalytics@1.0.0 (location: C:\hades\Hecton8\Library\PackageCache\com.unity.modules.unityanalytics)
    com.unity.modules.unitywebrequest@1.0.0 (location: C:\hades\Hecton8\Library\PackageCache\com.unity.modules.unitywebrequest)
    com.unity.modules.unitywebrequestassetbundle@1.0.0 (location: C:\hades\Hecton8\Library\PackageCache\com.unity.modules.unitywebrequestassetbundle)
    com.unity.modules.unitywebrequestaudio@1.0.0 (location: C:\hades\Hecton8\Library\PackageCache\com.unity.modules.unitywebrequestaudio)
    com.unity.modules.unitywebrequesttexture@1.0.0 (location: C:\hades\Hecton8\Library\PackageCache\com.unity.modules.unitywebrequesttexture)
    com.unity.modules.unitywebrequestwww@1.0.0 (location: C:\hades\Hecton8\Library\PackageCache\com.unity.modules.unitywebrequestwww)
    com.unity.modules.vectorgraphics@1.0.0 (location: C:\hades\Hecton8\Library\PackageCache\com.unity.modules.vectorgraphics)
    com.unity.modules.vehicles@1.0.0 (location: C:\hades\Hecton8\Library\PackageCache\com.unity.modules.vehicles)
    com.unity.modules.video@1.0.0 (location: C:\hades\Hecton8\Library\PackageCache\com.unity.modules.video)
    com.unity.modules.vr@1.0.0 (location: C:\hades\Hecton8\Library\PackageCache\com.unity.modules.vr)
    com.unity.modules.wind@1.0.0 (location: C:\hades\Hecton8\Library\PackageCache\com.unity.modules.wind)
    com.unity.modules.xr@1.0.0 (location: C:\hades\Hecton8\Library\PackageCache\com.unity.modules.xr)
    com.unity.render-pipelines.core@17.4.0 (location: C:\hades\Hecton8\Library\PackageCache\com.unity.render-pipelines.core@e6c93b445dd3)
    com.unity.modules.subsystems@1.0.0 (location: C:\hades\Hecton8\Library\PackageCache\com.unity.modules.subsystems)
    com.unity.modules.hierarchycore@1.0.0 (location: C:\hades\Hecton8\Library\PackageCache\com.unity.modules.hierarchycore)
    com.unity.render-pipelines.universal-config@17.4.0 (location: C:\hades\Hecton8\Library\PackageCache\com.unity.render-pipelines.universal-config@0db4263b9e6b)
    com.unity.collections@6.4.0 (location: C:\hades\Hecton8\Library\PackageCache\com.unity.collections@538ace9075bc)
    com.unity.test-framework@1.6.0 (location: C:\hades\Hecton8\Library\PackageCache\com.unity.test-framework@76560ee600cb)
    com.unity.ext.nunit@2.0.5 (location: C:\hades\Hecton8\Library\PackageCache\com.unity.ext.nunit@d8c07649098d)
  Embedded packages:
    com.coplaydev.unity-mcp@file:C:\hades\Hecton8\Packages\com.coplaydev.unity-mcp (location: C:\hades\Hecton8\Packages\com.coplaydev.unity-mcp)
    com.jbooth.microsplat.core@file:C:\hades\Hecton8\Packages\com.jbooth.microsplat.core (location: C:\hades\Hecton8\Packages\com.jbooth.microsplat.core)
    com.jbooth.microsplat.urp2022@file:C:\hades\Hecton8\Packages\com.jbooth.microsplat.urp2022 (location: C:\hades\Hecton8\Packages\com.jbooth.microsplat.urp2022)
    com.unity.shadergraph@file:C:\hades\Hecton8\Packages\com.unity.shadergraph (location: C:\hades\Hecton8\Packages\com.unity.shadergraph)
    com.waveharmonic.crest@file:C:\hades\Hecton8\Packages\com.waveharmonic.crest (location: C:\hades\Hecton8\Packages\com.waveharmonic.crest)
[Subsystems] No new subsystems found in resolved package list.
[Package Manager] Done registering packages in 0.05 seconds
Starting: C:\Program Files\Unity\Hub\Editor\6000.4.1f1\Editor\Data\Tools\BuildPipeline\bee_backend.exe --ipc --defer-dag-verification --dagfile="Library/Bee/1900b0aEDbg.dag" --continue-on-failure --profile="Library/Bee/backend1.traceevents" ScriptAssemblies
WorkingDir: C:/hades/Hecton8
ExitCode: 4 Duration: 0s201ms
[             ] Require frontend run.  Library/Bee/1900b0aEDbg.dag couldn't be loaded
DisplayProgressbar: Compiling Scripts
Starting: C:\Program Files\Unity\Hub\Editor\6000.4.1f1\Editor\Data\netcorerun\netcorerun.exe "C:\Program Files\Unity\Hub\Editor\6000.4.1f1\Editor\Data\Tools\BuildPipeline\ScriptCompilationBuildProgram.exe" "Library/Bee/1900b0aEDbg.dag.json" "Library/Bee/1900b0aEDbg-inputdata.json" "Library\Bee\buildprogram0.traceevents"
WorkingDir: C:/hades/Hecton8
ExitCode: 0 Duration: 5s893ms
Starting: C:\Program Files\Unity\Hub\Editor\6000.4.1f1\Editor\Data\Tools\BuildPipeline\bee_backend.exe --ipc --defer-dag-verification --dagfile="Library/Bee/1900b0aEDbg.dag" --continue-on-failure --dagfilejson="Library\Bee\1900b0aEDbg.dag.json" --profile="Library/Bee/backend2.traceevents" ScriptAssemblies
WorkingDir: C:/hades/Hecton8
ExitCode: 0 Duration: 3m:07s
Finished compiling graph: 1648 nodes, 35587 flattened edges (28539 ToBuild, 284 ToUse), maximum node priority 1952
[   1/1644  0s] WriteText Library/Bee/artifacts/1900b0aEDbg.dag/UnityEngine.UI.UnityAdditionalFile.txt
[   2/1644  0s] WriteText Library/Bee/artifacts/1900b0aEDbg.dag/UnityEngine.UI.rsp2
[   3/1644  0s] MovedFromExtractor Library/Bee/artifacts/mvdfrm/UnityEditor.UIAutomationModule.dll_F08E61232737A8B3.mvfrm
[   4/1644  0s] MovedFromExtractor Library/Bee/artifacts/mvdfrm/UnityEditor.UIElementsModule.dll_6AA8F10E5D2F80B3.mvfrm
[   5/1644  0s] MovedFromExtractor Library/Bee/artifacts/mvdfrm/UnityEditor.TilemapModule.dll_80FF6EFDFAC088FA.mvfrm
[   6/1644  0s] MovedFromExtractor Library/Bee/artifacts/mvdfrm/UnityEditor.TextRenderingModule.dll_EA171C91CDD7F5BB.mvfrm
[   7/1644  0s] MovedFromExtractor Library/Bee/artifacts/mvdfrm/UnityEditor.TreeModule.dll_C160720F53D24016.mvfrm
[   8/1644  0s] MovedFromExtractor Library/Bee/artifacts/mvdfrm/UnityEngine.ShaderVariantAnalyticsModule.dll_CEA71418EA861DC9.mvfrm
[   9/1644  0s] MovedFromExtractor Library/Bee/artifacts/mvdfrm/UnityEditor.UIElementsSamplesModule.dll_C2AE3FA66425CCEA.mvfrm
[  10/1644  0s] MovedFromExtractor Library/Bee/artifacts/mvdfrm/UnityEditor.UIToolkitAuthoringModule.dll_7CF173565A3DC235.mvfrm
[  11/1644  0s] MovedFromExtractor Library/Bee/artifacts/mvdfrm/UnityEditor.SubstanceModule.dll_3AE1990F3773B64C.mvfrm
[  12/1644  0s] MovedFromExtractor Library/Bee/artifacts/mvdfrm/UnityEditor.TextCoreTextEngineModule.dll_9183153ACB3AF793.mvfrm
[  13/1644  0s] MovedFromExtractor Library/Bee/artifacts/mvdfrm/UnityEngine.MarshallingModule.dll_65FB97631FA37605.mvfrm
[  14/1644  0s] MovedFromExtractor Library/Bee/artifacts/mvdfrm/UnityEditor.TextCoreFontEngineModule.dll_499ADEC93BB73E75.mvfrm
[  15/1644  0s] MovedFromExtractor Library/Bee/artifacts/mvdfrm/UnityEngine.LocalizationModule.dll_F910BF10F8AB8ACC.mvfrm
[  16/1644  0s] MovedFromExtractor Library/Bee/artifacts/mvdfrm/UnityEditor.TerrainModule.dll_E203077CE303A7F1.mvfrm
[  17/1644  0s] MovedFromExtractor Library/Bee/artifacts/mvdfrm/UnityEngine.MultiplayerModule.dll_3D3B155AF442D62B.mvfrm
[  18/1644  1s] MovedFromExtractor Library/Bee/artifacts/mvdfrm/UnityEngine.ParticleSystemModule.dll_975829E32EC30A68.mvfrm
[  19/1644  1s] MovedFromExtractor Library/Bee/artifacts/mvdfrm/UnityEditor.ShaderFoundryModule.dll_DF53CA999E2AC0F0.mvfrm
[  20/1644  1s] MovedFromExtractor Library/Bee/artifacts/mvdfrm/UnityEditor.ShaderCompilationModule.dll_CE7CA21E4729C1BA.mvfrm
[  21/1644  1s] MovedFromExtractor Library/Bee/artifacts/mvdfrm/UnityEditor.ShaderBuildSettingsModule.dll_74A9CDCB415B6EA8.mvfrm
[  22/1644  1s] MovedFromExtractor Library/Bee/artifacts/mvdfrm/UnityEditor.SpriteMaskModule.dll_FBBD29448BBB5CA9.mvfrm
[  23/1644  1s] MovedFromExtractor Library/Bee/artifacts/mvdfrm/UnityEditor.SketchUpModule.dll_593B877A6BAB992F.mvfrm
[  24/1644  1s] MovedFromExtractor Library/Bee/artifacts/mvdfrm/UnityEditor.SpriteShapeModule.dll_D12E5699DEE37038.mvfrm
[  25/1644  1s] MovedFromExtractor Library/Bee/artifacts/mvdfrm/UnityEngine.PerformanceReportingModule.dll_2D0753DF6B1C2CC1.mvfrm
[  26/1644  1s] MovedFromExtractor Library/Bee/artifacts/mvdfrm/UnityEditor.SceneViewModule.dll_CFB1EF3D9CDEAB4D.mvfrm
[  27/1644  0s] MovedFromExtractor Library/Bee/artifacts/mvdfrm/UnityEditor.SceneTemplateModule.dll_A073FA567B7B4462.mvfrm
[  28/1644  0s] MovedFromExtractor Library/Bee/artifacts/mvdfrm/UnityEngine.Physics2DModule.dll_AC2D784F2315AA7A.mvfrm
[  29/1644  0s] MovedFromExtractor Library/Bee/artifacts/mvdfrm/UnityEditor.SafeModeModule.dll_7126A22A2079FD18.mvfrm
[  30/1644  0s] MovedFromExtractor Library/Bee/artifacts/mvdfrm/UnityEngine.PhysicsModule.dll_BA3744B872544648.mvfrm
[  31/1644  0s] MovedFromExtractor Library/Bee/artifacts/mvdfrm/UnityEngine.PhysicsBackendPhysXModule.dll_072703658C5DD32A.mvfrm
[  32/1644  0s] MovedFromExtractor Library/Bee/artifacts/mvdfrm/UnityEditor.QuickInstallModule.dll_1ECCC071CC4A4E26.mvfrm
[  33/1644  1s] MovedFromExtractor Library/Bee/artifacts/mvdfrm/UnityEditor.QuickSearchModule.dll_79A9C5DCD91493C1.mvfrm
[  34/1644  1s] MovedFromExtractor Library/Bee/artifacts/mvdfrm/UnityEditor.PropertiesModule.dll_3FCBF5F2DD372B6B.mvfrm
[  35/1644  1s] MovedFromExtractor Library/Bee/artifacts/mvdfrm/UnityEngine.RenderAs2DModule.dll_81B225C0BED58EED.mvfrm
[  36/1644  1s] MovedFromExtractor Library/Bee/artifacts/mvdfrm/UnityEngine.RuntimeInitializeOnLoadManagerInitializerModule.dll_447CDB2DF6CF0F43.mvfrm
[  37/1644  1s] MovedFromExtractor Library/Bee/artifacts/mvdfrm/UnityEngine.PropertiesModule.dll_407A633ADF7B44B6.mvfrm
[  38/1644  1s] MovedFromExtractor Library/Bee/artifacts/mvdfrm/UnityEngine.ScreenCaptureModule.dll_4D189CAE8F98F8EB.mvfrm
[  39/1644  1s] MovedFromExtractor Library/Bee/artifacts/mvdfrm/UnityEngine.TerrainModule.dll_D47DC02748128F36.mvfrm
[  40/1644  1s] MovedFromExtractor Library/Bee/artifacts/mvdfrm/UnityEditor.ProjectAuditorModule.dll_26E872AD676F3BBD.mvfrm
[  41/1644  1s] MovedFromExtractor Library/Bee/artifacts/mvdfrm/UnityEngine.ScriptingModule.dll_76A8E12501A06198.mvfrm
[  42/1644  0s] MovedFromExtractor Library/Bee/artifacts/mvdfrm/UnityEditor.PlayModeModule.dll_B71A93E3BF430C7F.mvfrm
[  43/1644  0s] MovedFromExtractor Library/Bee/artifacts/mvdfrm/UnityEditor.PhysicsModule.dll_C7BC8C0E0D455F03.mvfrm
[  44/1644  0s] MovedFromExtractor Library/Bee/artifacts/mvdfrm/UnityEditor.Physics2DModule.dll_F64787663D95F895.mvfrm
[  45/1644  0s] MovedFromExtractor Library/Bee/artifacts/mvdfrm/UnityEditor.MediaModule.dll_B8B96C62B3B6AA80.mvfrm
[  46/1644  1s] MovedFromExtractor Library/Bee/artifacts/mvdfrm/UnityEditor.PresetsUIModule.dll_4C684517AA143644.mvfrm
[  47/1644  1s] MovedFromExtractor Library/Bee/artifacts/mvdfrm/UnityEditor.MultiplayerModule.dll_377545CBE208C5A6.mvfrm
[  48/1644  0s] MovedFromExtractor Library/Bee/artifacts/mvdfrm/UnityEditor.HierarchyModule.dll_7E761311659B1D01.mvfrm
[  49/1644  0s] MovedFromExtractor Library/Bee/artifacts/mvdfrm/UnityEngine.WindModule.dll_FD242B7C0548946B.mvfrm
[  50/1644  0s] MovedFromExtractor Library/Bee/artifacts/mvdfrm/UnityEngine.SpriteShapeModule.dll_D6F42628F11D80BD.mvfrm
[  51/1644  0s] MovedFromExtractor Library/Bee/artifacts/mvdfrm/UnityEngine.SharedInternalsModule.dll_7FF26BFA1D7A9C62.mvfrm
[  52/1644  0s] MovedFromExtractor Library/Bee/artifacts/mvdfrm/UnityEngine.SpriteMaskModule.dll_FC6B968C8DFF75F4.mvfrm
[  53/1644  0s] MovedFromExtractor Library/Bee/artifacts/mvdfrm/UnityEditor.GridModule.dll_412598EEE46140CE.mvfrm
[  54/1644  0s] MovedFromExtractor Library/Bee/artifacts/mvdfrm/UnityEngine.StreamingModule.dll_141C75AED1A06A23.mvfrm
[  55/1644  0s] MovedFromExtractor Library/Bee/artifacts/mvdfrm/UnityEngine.SubstanceModule.dll_F0C789F81CF36831.mvfrm
[  56/1644  0s] MovedFromExtractor Library/Bee/artifacts/mvdfrm/UnityEngine.TLSModule.dll_1BD89BC28487C51C.mvfrm
[  57/1644  0s] MovedFromExtractor Library/Bee/artifacts/mvdfrm/UnityEngine.SubsystemsModule.dll_6718FCEE5C475E07.mvfrm
[  58/1644  0s] MovedFromExtractor Library/Bee/artifacts/mvdfrm/UnityEditor.GridAndSnapModule.dll_F8532B5103A25457.mvfrm
[  59/1644  0s] MovedFromExtractor Library/Bee/artifacts/mvdfrm/UnityEditor.GraphicsStateCollectionSerializerModule.dll_8C39FEAA0DA16B82.mvfrm
[  60/1644  0s] MovedFromExtractor Library/Bee/artifacts/mvdfrm/UnityEngine.TerrainPhysicsModule.dll_97D2D2B6480604F5.mvfrm
[  61/1644  0s] MovedFromExtractor Library/Bee/artifacts/mvdfrm/UnityEngine.TextCoreFontEngineModule.dll_C7FA5A1C4EB4FD40.mvfrm
[  62/1644  0s] MovedFromExtractor Library/Bee/artifacts/mvdfrm/UnityEditor.GraphViewModule.dll_91020C35A7BBDE3F.mvfrm
[  63/1644  0s] MovedFromExtractor Library/Bee/artifacts/mvdfrm/UnityEditor.GIModule.dll_D894168ED572B89A.mvfrm
[  64/1644  0s] MovedFromExtractor Library/Bee/artifacts/mvdfrm/UnityEditor.GraphToolkitModule.dll_5BCA56DD7B730E78.mvfrm
[  65/1644  0s] MovedFromExtractor Library/Bee/artifacts/mvdfrm/UnityEngine.TextCoreTextEngineModule.dll_0FE2908DDE38B65E.mvfrm
[  66/1644  0s] MovedFromExtractor Library/Bee/artifacts/mvdfrm/UnityEngine.TextRenderingModule.dll_76580EB946D078E0.mvfrm
[  67/1644  0s] MovedFromExtractor Library/Bee/artifacts/mvdfrm/UnityEditor.EditorToolbarModule.dll_7CD489987C8E9A2A.mvfrm
[  68/1644  0s] MovedFromExtractor Library/Bee/artifacts/mvdfrm/UnityEditor.EmbreeModule.dll_B473BBF64AB5E400.mvfrm
[  69/1644  0s] MovedFromExtractor Library/Bee/artifacts/mvdfrm/UnityEngine.TilemapModule.dll_737A27A85FCF703F.mvfrm
[  70/1644  0s] MovedFromExtractor Library/Bee/artifacts/mvdfrm/UnityEngine.UIElementsModule.dll_6B575E565F7399FE.mvfrm
[  71/1644  0s] MovedFromExtractor Library/Bee/artifacts/mvdfrm/UnityEngine.UmbraModule.dll_2DFABB4DF40DFE0A.mvfrm
[  72/1644  0s] MovedFromExtractor Library/Bee/artifacts/mvdfrm/UnityEngine.UIModule.dll_7A39FD3E018809F7.mvfrm
[  73/1644  0s] MovedFromExtractor Library/Bee/artifacts/mvdfrm/UnityEditor.DeviceSimulatorModule.dll_8A426D02B46CDB9A.mvfrm
[  74/1644  0s] MovedFromExtractor Library/Bee/artifacts/mvdfrm/UnityEditor.DiagnosticsModule.dll_EE9A44CF803D9768.mvfrm
[  75/1644  0s] MovedFromExtractor Library/Bee/artifacts/mvdfrm/UnityEngine.UnityAnalyticsModule.dll_B6F79AACDAEA5C64.mvfrm
[  76/1644  0s] MovedFromExtractor Library/Bee/artifacts/mvdfrm/UnityEngine.UnityConnectModule.dll_288703B7AA2FC5B8.mvfrm
[  77/1644  0s] MovedFromExtractor Library/Bee/artifacts/mvdfrm/UnityEngine.UnityAnalyticsCommonModule.dll_C84611238504CB1F.mvfrm
[  78/1644  0s] MovedFromExtractor Library/Bee/artifacts/mvdfrm/UnityEngine.UnityCurlModule.dll_92A4298FF22CA4D2.mvfrm
[  79/1644  0s] MovedFromExtractor Library/Bee/artifacts/mvdfrm/UnityEngine.UnityWebRequestAssetBundleModule.dll_DF186077E6552A35.mvfrm
[  80/1644  0s] MovedFromExtractor Library/Bee/artifacts/mvdfrm/UnityEngine.UnityConsentModule.dll_FA2C9AE3B73A5C08.mvfrm
[  81/1644  0s] MovedFromExtractor Library/Bee/artifacts/mvdfrm/UnityEditor.CoreBusinessMetricsModule.dll_EC6E809C94A36C60.mvfrm
[  82/1644  0s] MovedFromExtractor Library/Bee/artifacts/mvdfrm/UnityEditor.CoreModule.dll_63B47D00CC0CAAD7.mvfrm
[  83/1644  0s] MovedFromExtractor Library/Bee/artifacts/mvdfrm/UnityEngine.UnityWebRequestAudioModule.dll_A503A7BDF186F759.mvfrm
[  84/1644  0s] MovedFromExtractor Library/Bee/artifacts/mvdfrm/UnityEngine.UnityWebRequestModule.dll_0D8034CEB1413B91.mvfrm
[  85/1644  0s] MovedFromExtractor Library/Bee/artifacts/mvdfrm/UnityEngine.UnityWebRequestTextureModule.dll_0DECF6683EB9E24E.mvfrm
[  86/1644  0s] MovedFromExtractor Library/Bee/artifacts/mvdfrm/UnityEngine.VRModule.dll_CD0C23C3A3428F6F.mvfrm
[  87/1644  0s] MovedFromExtractor Library/Bee/artifacts/mvdfrm/UnityEngine.VectorGraphicsModule.dll_2E9F6017C0C980B1.mvfrm
[  88/1644  0s] MovedFromExtractor Library/Bee/artifacts/mvdfrm/UnityEngine.VFXModule.dll_9CB734315AF52E89.mvfrm
[  89/1644  0s] MovedFromExtractor Library/Bee/artifacts/mvdfrm/UnityEngine.VehiclesModule.dll_E4005E2A1E6EA43A.mvfrm
[  90/1644  0s] MovedFromExtractor Library/Bee/artifacts/mvdfrm/UnityEngine.VideoModule.dll_D82F93A029796E3C.mvfrm
[  91/1644  0s] MovedFromExtractor Library/Bee/artifacts/mvdfrm/UnityEngine.UnityWebRequestWWWModule.dll_DAA4D5E9CDF872CA.mvfrm
[  92/1644  0s] MovedFromExtractor Library/Bee/artifacts/mvdfrm/UnityEngine.VirtualTexturingModule.dll_D275118CC3709220.mvfrm
[  93/1644  0s] MovedFromExtractor Library/Bee/artifacts/mvdfrm/UnityEditor.ClothModule.dll_53E1AFCC0F8700D6.mvfrm
[  94/1644  0s] MovedFromExtractor Library/Bee/artifacts/mvdfrm/UnityEditor.BuildProfileModule.dll_3FED72328AC3DFF3.mvfrm
[  95/1644  0s] MovedFromExtractor Library/Bee/artifacts/mvdfrm/UnityEditor.AssetComplianceModule.dll_C31D7CF12F28BFC7.mvfrm
[  96/1644  0s] MovedFromExtractor Library/Bee/artifacts/mvdfrm/UnityEditor.AdaptivePerformanceModule.dll_6C8387226E5C3D66.mvfrm
[  97/1644  0s] MovedFromExtractor Library/Bee/artifacts/mvdfrm/UnityEngine.XRModule.dll_FFCAE6C82C7CDCCD.mvfrm
[  98/1644  0s] MovedFromExtractor Library/Bee/artifacts/mvdfrm/UnityEngine.dll_20AA1C0217A3F3F3.mvfrm
[  99/1644  0s] MovedFromExtractor Library/Bee/artifacts/mvdfrm/UnityEditor.AccessibilityModule.dll_46D873C602F8E8DA.mvfrm
[ 100/1644  0s] MovedFromExtractor Library/Bee/artifacts/mvdfrm/Unity.Scripting.dll_41BDA12E4A0CC03A.mvfrm
[ 101/1644  0s] MovedFromExtractor Library/Bee/artifacts/mvdfrm/UnityEditor.UIBuilderModule.dll_E58AB9521A745773.mvfrm
[ 102/1644  0s] MovedFromExtractor Library/Bee/artifacts/mvdfrm/UnityEngine.InputForUIModule.dll_15F17E15CCB07D36.mvfrm
[ 103/1644  0s] MovedFromExtractor Library/Bee/artifacts/mvdfrm/UnityEngine.InsightsModule.dll_06042D3B2EC2241E.mvfrm
[ 104/1644  0s] MovedFromExtractor Library/Bee/artifacts/mvdfrm/UnityEngine.InputModule.dll_199BD6E5DD1F773B.mvfrm
[ 105/1644  0s] MovedFromExtractor Library/Bee/artifacts/mvdfrm/UnityEngine.JSONSerializeModule.dll_3330EF297B2CCC89.mvfrm
[ 106/1644  0s] MovedFromExtractor Library/Bee/artifacts/mvdfrm/UnityEngine.ImageConversionModule.dll_FBE12D24A64CA112.mvfrm
[ 107/1644  0s] MovedFromExtractor Library/Bee/artifacts/mvdfrm/UnityEngine.InputLegacyModule.dll_4ED813ECD36CFEA4.mvfrm
[ 108/1644  0s] MovedFromExtractor Library/Bee/artifacts/mvdfrm/UnityEngine.IdentifiersModule.dll_961C80C3FDF416CB.mvfrm
[ 109/1644  0s] MovedFromExtractor Library/Bee/artifacts/mvdfrm/UnityEngine.HierarchyCoreModule.dll_4A3402C7EA9EC4F5.mvfrm
[ 110/1644  0s] MovedFromExtractor Library/Bee/artifacts/mvdfrm/UnityEngine.IMGUIModule.dll_EB85AE9C2D18E678.mvfrm
[ 111/1644  0s] MovedFromExtractor Library/Bee/artifacts/mvdfrm/UnityEngine.GridModule.dll_64466C418C66ABF9.mvfrm
[ 112/1644  0s] MovedFromExtractor Library/Bee/artifacts/mvdfrm/UnityEngine.HotReloadModule.dll_E0D046645D4BCE67.mvfrm
[ 113/1644  0s] MovedFromExtractor Library/Bee/artifacts/mvdfrm/UnityEngine.GraphicsStateCollectionSerializerModule.dll_952DCB99DAA0B4E7.mvfrm
[ 114/1644  0s] MovedFromExtractor Library/Bee/artifacts/mvdfrm/UnityEngine.GameCenterModule.dll_133F23FC6C8FE07A.mvfrm
[ 115/1644  1s] MovedFromExtractor Library/Bee/artifacts/mvdfrm/UnityEngine.GIModule.dll_1702A81E40EFEC65.mvfrm
[ 116/1644  1s] MovedFromExtractor Library/Bee/artifacts/mvdfrm/UnityEngine.DirectorModule.dll_6C3D64AAA444D49F.mvfrm
[ 117/1644  0s] MovedFromExtractor Library/Bee/artifacts/mvdfrm/UnityEngine.ContentLoadModule.dll_56A9520F09FDF0A0.mvfrm
[ 118/1644  1s] MovedFromExtractor Library/Bee/artifacts/mvdfrm/UnityEngine.CoreModule.dll_86D5505374121602.mvfrm
[ 119/1644  1s] MovedFromExtractor Library/Bee/artifacts/mvdfrm/UnityEngine.ClusterRendererModule.dll_8FEF2F742427E91E.mvfrm
[ 120/1644  1s] MovedFromExtractor Library/Bee/artifacts/mvdfrm/UnityEngine.CrashReportingModule.dll_4445E096C0B17EDA.mvfrm
[ 121/1644  1s] MovedFromExtractor Library/Bee/artifacts/mvdfrm/UnityEngine.ClusterInputModule.dll_BAC3F4BE612F97D3.mvfrm
[ 122/1644  1s] MovedFromExtractor Library/Bee/artifacts/mvdfrm/UnityEngine.ClothModule.dll_1A0E6C304104317B.mvfrm
[ 123/1644  0s] MovedFromExtractor Library/Bee/artifacts/mvdfrm/UnityEngine.DSPGraphModule.dll_718EC61416A5A5C0.mvfrm
[ 124/1644  1s] MovedFromExtractor Library/Bee/artifacts/mvdfrm/UnityEngine.AudioModule.dll_B3260F3566E75297.mvfrm
[ 125/1644  0s] MovedFromExtractor Library/Bee/artifacts/mvdfrm/UnityEngine.AssetBundleModule.dll_BD92F8CE3B7B48B3.mvfrm
[ 126/1644  0s] MovedFromExtractor Library/Bee/artifacts/mvdfrm/UnityEngine.AccessibilityModule.dll_D31965ED7BF16BFF.mvfrm
[ 127/1644  0s] MovedFromExtractor Library/Bee/artifacts/mvdfrm/UnityEngine.AndroidJNIModule.dll_E8F1D9E1A64EEF89.mvfrm
[ 128/1644  0s] MovedFromExtractor Library/Bee/artifacts/mvdfrm/UnityEngine.AnimationModule.dll_5F87885E8218B2E5.mvfrm
[ 129/1644  0s] MovedFromExtractor Library/Bee/artifacts/mvdfrm/UnityEngine.AIModule.dll_7EC65F10A541044B.mvfrm
[ 130/1644  0s] MovedFromExtractor Library/Bee/artifacts/mvdfrm/UnityEngine.ARModule.dll_38392414025E6314.mvfrm
[ 131/1644  0s] MovedFromExtractor Library/Bee/artifacts/mvdfrm/UnityEditor.dll_EE05D529B930670E.mvfrm
[ 132/1644  0s] MovedFromExtractor Library/Bee/artifacts/mvdfrm/UnityEditor.XRModule.dll_C15C5538C0FFA902.mvfrm
[ 133/1644  0s] MovedFromExtractor Library/Bee/artifacts/mvdfrm/UnityEditor.VFXModule.dll_909591DDEB452084.mvfrm
[ 134/1644  0s] MovedFromExtractor Library/Bee/artifacts/mvdfrm/UnityEditor.VectorGraphicsModule.dll_737AFE7CA4DCECA6.mvfrm
[ 135/1644  0s] MovedFromExtractor Library/Bee/artifacts/mvdfrm/UnityEditor.VideoModule.dll_1202D73BF7FC3D97.mvfrm
[ 136/1644  0s] MovedFromExtractor Library/Bee/artifacts/mvdfrm/UnityEditor.UmbraModule.dll_67CDFEE9C290CD65.mvfrm
[ 137/1644  0s] MovedFromExtractor Library/Bee/artifacts/mvdfrm/UnityEditor.UnityConnectModule.dll_3B277FA8AFA7C50D.mvfrm
[ 138/1644  1s] MovedFromExtractor Library/Bee/artifacts/mvdfrm/Unity.VisualScripting.Antlr3.Runtime.dll_913B07876B50DD4A.mvfrm
[ 139/1644  1s] MovedFromExtractor Library/Bee/artifacts/mvdfrm/Unity.SharpZipLib.dll_DDE7D67D67A98338.mvfrm
[ 140/1644  1s] MovedFromExtractor Library/Bee/artifacts/mvdfrm/UnityEditor.Graphs.dll_0E8862F9323B9E09.mvfrm
[ 141/1644  0s] WriteText Library/Bee/artifacts/1900b0aEDbg.dag/UnityEngine.UI.dll.mvfrm.rsp
[ 142/1644  0s] WriteText Library/Bee/artifacts/1900b0aEDbg.dag/UnityEngine.UI.rsp
[ 143/1644  0s] WriteText Library/Bee/artifacts/1900b0aEDbg.dag/UnityEditor.UI.rsp2
[ 144/1644  0s] WriteText Library/Bee/artifacts/1900b0aEDbg.dag/UnityEditor.UI.UnityAdditionalFile.txt
[ 145/1644  1s] MovedFromExtractor Library/Bee/artifacts/mvdfrm/Unity.Plastic.Newtonsoft.Json.dll_7A8FCD6E5CA97DFD.mvfrm
[ 146/1644  1s] MovedFromExtractor Library/Bee/artifacts/mvdfrm/Unity.Collections.LowLevel.ILSupport.dll_480CD76956675265.mvfrm
[ 147/1644  1s] MovedFromExtractor Library/Bee/artifacts/mvdfrm/UnityEditor.WindowsStandalone.Extensions.dll_B2648E7541E71339.mvfrm
[ 148/1644  1s] MovedFromExtractor Library/Bee/artifacts/mvdfrm/Unity.Plastic.Antlr3.Runtime.dll_F6721D710AFA87B8.mvfrm
[ 149/1644  0s] WriteText Library/Bee/artifacts/1900b0aEDbg.dag/UnityEditor.UI.dll.mvfrm.rsp
[ 150/1644  0s] WriteText Library/Bee/artifacts/1900b0aEDbg.dag/UnityEditor.UI.rsp
[ 151/1644  0s] WriteText Library/Bee/artifacts/1900b0aEDbg.dag/Unity.Mathematics.rsp2
[ 152/1644  0s] WriteText Library/Bee/artifacts/1900b0aEDbg.dag/Unity.Mathematics.UnityAdditionalFile.txt
[ 153/1644  0s] WriteText Library/Bee/artifacts/1900b0aEDbg.dag/Unity.Burst.UnityAdditionalFile.txt
[ 154/1644  0s] WriteText Library/Bee/artifacts/1900b0aEDbg.dag/Unity.Burst.rsp2
[ 155/1644  0s] WriteText Library/Bee/artifacts/1900b0aEDbg.dag/Unity.Mathematics.dll.mvfrm.rsp
[ 156/1644  0s] WriteText Library/Bee/artifacts/1900b0aEDbg.dag/Unity.Mathematics.rsp
[ 157/1644  1s] MovedFromExtractor Library/Bee/artifacts/mvdfrm/Unity.VisualScripting.TextureAssets.dll_76EC09F9FB552B23.mvfrm
[ 158/1644  0s] WriteText Library/Bee/artifacts/1900b0aEDbg.dag/Unity.Burst.dll.mvfrm.rsp
[ 159/1644  0s] WriteText Library/Bee/artifacts/1900b0aEDbg.dag/Unity.Burst.rsp
[ 160/1644  0s] WriteText Library/Bee/artifacts/1900b0aEDbg.dag/Unity.Collections.rsp2
[ 161/1644  0s] WriteText Library/Bee/artifacts/1900b0aEDbg.dag/Unity.Collections.UnityAdditionalFile.txt
[ 162/1644  0s] WriteText Library/Bee/artifacts/1900b0aEDbg.dag/Unity.InputSystem.rsp2
[ 163/1644  0s] WriteText Library/Bee/artifacts/1900b0aEDbg.dag/Unity.InputSystem.UnityAdditionalFile.txt
[ 164/1644  0s] WriteText Library/Bee/artifacts/1900b0aEDbg.dag/Unity.Collections.dll.mvfrm.rsp
[ 165/1644  0s] WriteText Library/Bee/artifacts/1900b0aEDbg.dag/Unity.Collections.rsp
[ 166/1644  0s] WriteText Library/Bee/artifacts/1900b0aEDbg.dag/Unity.InputSystem.dll.mvfrm.rsp
[ 167/1644  0s] WriteText Library/Bee/artifacts/1900b0aEDbg.dag/Unity.InputSystem.rsp
[ 168/1644  0s] WriteText Library/Bee/artifacts/1900b0aEDbg.dag/Unity.RenderPipelines.Core.Runtime.UnityAdditionalFile.txt
[ 169/1644  0s] WriteText Library/Bee/artifacts/1900b0aEDbg.dag/Unity.RenderPipelines.Core.Runtime.rsp2
[ 170/1644  0s] WriteText Library/Bee/artifacts/1900b0aEDbg.dag/Unity.UnifiedRayTracing.Runtime.rsp2
[ 171/1644  0s] WriteText Library/Bee/artifacts/1900b0aEDbg.dag/Unity.UnifiedRayTracing.Runtime.UnityAdditionalFile.txt
[ 172/1644  0s] WriteText Library/Bee/artifacts/1900b0aEDbg.dag/Unity.RenderPipelines.Core.Runtime.dll.mvfrm.rsp
[ 173/1644  0s] WriteText Library/Bee/artifacts/1900b0aEDbg.dag/Unity.RenderPipelines.Core.Runtime.rsp
[ 174/1644  0s] WriteText Library/Bee/artifacts/1900b0aEDbg.dag/Unity.Collections.CodeGen.UnityAdditionalFile.txt
[ 175/1644  0s] WriteText Library/Bee/artifacts/1900b0aEDbg.dag/Unity.Burst.CodeGen.UnityAdditionalFile.txt
[ 176/1644  0s] WriteText Library/Bee/artifacts/1900b0aEDbg.dag/Unity.Burst.CodeGen.rsp2
[ 177/1644  0s] WriteText Library/Bee/artifacts/1900b0aEDbg.dag/Unity.Collections.CodeGen.rsp2
[ 178/1644  0s] WriteText Library/Bee/artifacts/1900b0aEDbg.dag/Unity.UnifiedRayTracing.Runtime.dll.mvfrm.rsp
[ 179/1644  0s] WriteText Library/Bee/artifacts/1900b0aEDbg.dag/Unity.UnifiedRayTracing.Runtime.rsp
[ 180/1644  0s] WriteText Library/Bee/artifacts/1900b0aEDbg.dag/Unity.PathTracing.Runtime.UnityAdditionalFile.txt
[ 181/1644  0s] WriteText Library/Bee/artifacts/1900b0aEDbg.dag/Unity.PathTracing.Runtime.rsp2
[ 182/1644  0s] WriteText Library/Bee/artifacts/1900b0aEDbg.dag/Unity.InternalAPIEngineBridge.RenderPipelines.Core.Runtime.Shared.rsp2
[ 183/1644  0s] WriteText Library/Bee/artifacts/1900b0aEDbg.dag/Unity.InternalAPIEngineBridge.RenderPipelines.Core.Runtime.Shared.UnityAdditionalFile.txt
[ 184/1644  0s] WriteText Library/Bee/artifacts/1900b0aEDbg.dag/Unity.PathTracing.Runtime.dll.mvfrm.rsp
[ 185/1644  0s] WriteText Library/Bee/artifacts/1900b0aEDbg.dag/Unity.PathTracing.Runtime.rsp
[ 186/1644  0s] WriteText Library/Bee/artifacts/1900b0aEDbg.dag/Unity.InternalAPIEngineBridge.RenderPipelines.Core.Runtime.Shared.dll.mvfrm.rsp
[ 187/1644  0s] WriteText Library/Bee/artifacts/1900b0aEDbg.dag/Unity.InternalAPIEngineBridge.RenderPipelines.Core.Runtime.Shared.rsp
[ 188/1644  0s] WriteText Library/Bee/artifacts/1900b0aEDbg.dag/Unity.RenderPipelines.GPUDriven.Runtime.UnityAdditionalFile.txt
[ 189/1644  0s] WriteText Library/Bee/artifacts/1900b0aEDbg.dag/Unity.RenderPipelines.GPUDriven.Runtime.rsp2
[ 190/1644  0s] WriteText Library/Bee/artifacts/1900b0aEDbg.dag/Unity.RenderPipelines.Core.Runtime.Shared.rsp2
[ 191/1644  0s] WriteText Library/Bee/artifacts/1900b0aEDbg.dag/Unity.RenderPipelines.Core.Runtime.Shared.UnityAdditionalFile.txt
[ 192/1644  0s] WriteText Library/Bee/artifacts/1900b0aEDbg.dag/Unity.RenderPipeline.Universal.ShaderLibrary.UnityAdditionalFile.txt
[ 193/1644  0s] WriteText Library/Bee/artifacts/1900b0aEDbg.dag/Unity.RenderPipeline.Universal.ShaderLibrary.rsp2
[ 194/1644  0s] WriteText Library/Bee/artifacts/1900b0aEDbg.dag/Unity.SurfaceCache.Runtime.UnityAdditionalFile.txt
[ 195/1644  0s] WriteText Library/Bee/artifacts/1900b0aEDbg.dag/Unity.SurfaceCache.Runtime.rsp2
[ 196/1644  0s] WriteText Library/Bee/artifacts/1900b0aEDbg.dag/Unity.RenderPipelines.Universal.Config.Runtime.rsp2
[ 197/1644  0s] WriteText Library/Bee/artifacts/1900b0aEDbg.dag/Unity.RenderPipelines.Universal.Config.Runtime.UnityAdditionalFile.txt
[ 198/1644  1s] MovedFromExtractor Library/Bee/artifacts/mvdfrm/Unity.VisualScripting.YamlDotNet.dll_DFCDE0A63A87CD2B.mvfrm
[ 199/1644  0s] MovedFromExtractor Library/Bee/artifacts/mvdfrm/Unity.VisualScripting.IonicZip.dll_E65A41CAD8ADF4A1.mvfrm
[ 200/1644  0s] MovedFromExtractor Library/Bee/artifacts/mvdfrm/UnityEngine.HierarchyModule.dll_345C03FA4B1ACEE6.mvfrm
[ 201/1644  1s] MovedFromExtractor Library/Bee/artifacts/mvdfrm/UnityEngine.AdaptivePerformanceModule.dll_2D131BD8A9A1906B.mvfrm
[ 202/1644  0s] MovedFromExtractor Library/Bee/artifacts/mvdfrm/Unity.Burst.Unsafe.dll_D6A22AC808BC75F4.mvfrm
[ 203/1644  1s] MovedFromExtractor Library/Bee/artifacts/mvdfrm/UnityEngine.NVIDIAModule.dll_0C84D3DDA852FEAE.mvfrm
[ 204/1644  0s] WriteText Library/Bee/artifacts/1900b0aEDbg.dag/Unity.Burst.CodeGen.dll.mvfrm.rsp
[ 205/1644  0s] WriteText Library/Bee/artifacts/1900b0aEDbg.dag/Unity.Collections.CodeGen.dll.mvfrm.rsp
[ 206/1644  0s] WriteText Library/Bee/artifacts/1900b0aEDbg.dag/Unity.Burst.CodeGen.rsp
[ 207/1644  0s] WriteText Library/Bee/artifacts/1900b0aEDbg.dag/Unity.Collections.CodeGen.rsp
[ 208/1644  0s] WriteText Library/Bee/artifacts/1900b0aEDbg.dag/Unity.RenderPipelines.GPUDriven.Runtime.dll.mvfrm.rsp
[ 209/1644  0s] WriteText Library/Bee/artifacts/1900b0aEDbg.dag/Unity.RenderPipelines.GPUDriven.Runtime.rsp
[ 210/1644  0s] WriteText Library/Bee/artifacts/1900b0aEDbg.dag/Unity.RenderPipelines.Core.Runtime.Shared.dll.mvfrm.rsp
[ 211/1644  0s] WriteText Library/Bee/artifacts/1900b0aEDbg.dag/Unity.RenderPipelines.Universal.Runtime.UnityAdditionalFile.txt
[ 212/1644  0s] WriteText Library/Bee/artifacts/1900b0aEDbg.dag/Unity.RenderPipelines.Universal.Runtime.rsp2
[ 213/1644  0s] WriteText Library/Bee/artifacts/1900b0aEDbg.dag/Unity.RenderPipeline.Universal.ShaderLibrary.dll.mvfrm.rsp
[ 214/1644  0s] WriteText Library/Bee/artifacts/1900b0aEDbg.dag/Unity.RenderPipelines.Core.Runtime.Shared.rsp
[ 215/1644  0s] WriteText Library/Bee/artifacts/1900b0aEDbg.dag/Unity.SurfaceCache.Runtime.dll.mvfrm.rsp
[ 216/1644  0s] WriteText Library/Bee/artifacts/1900b0aEDbg.dag/Unity.RenderPipeline.Universal.ShaderLibrary.rsp
[ 217/1644  0s] WriteText Library/Bee/artifacts/1900b0aEDbg.dag/Unity.RenderPipelines.Universal.Config.Runtime.dll.mvfrm.rsp
[ 218/1644  0s] WriteText Library/Bee/artifacts/1900b0aEDbg.dag/Unity.SurfaceCache.Runtime.rsp
[ 219/1644  0s] WriteText Library/Bee/artifacts/1900b0aEDbg.dag/Unity.RenderPipelines.Universal.Config.Runtime.rsp
[ 220/1644  0s] WriteText Library/Bee/artifacts/1900b0aEDbg.dag/Unity.InternalAPIEngineBridge.004.rsp2
[ 221/1644  0s] WriteText Library/Bee/artifacts/1900b0aEDbg.dag/Unity.InternalAPIEngineBridge.004.UnityAdditionalFile.txt
[ 222/1644  0s] WriteText Library/Bee/artifacts/1900b0aEDbg.dag/Unity.InternalAPIEngineBridge.004.dll.mvfrm.rsp
[ 223/1644  0s] WriteText Library/Bee/artifacts/1900b0aEDbg.dag/Unity.InternalAPIEngineBridge.004.rsp
[ 224/1644  1s] MovedFromExtractor Library/Bee/artifacts/mvdfrm/UnityEngine.AMDModule.dll_1D48D85D5D5749C9.mvfrm
[ 225/1644  0s] WriteText Library/Bee/artifacts/1900b0aEDbg.dag/Unity.TextMeshPro.UnityAdditionalFile.txt
[ 226/1644  0s] WriteText Library/Bee/artifacts/1900b0aEDbg.dag/Unity.TextMeshPro.rsp2
[ 227/1644  0s] WriteText Library/Bee/artifacts/1900b0aEDbg.dag/Unity.PathTracing.Editor.rsp2
[ 228/1644  0s] WriteText Library/Bee/artifacts/1900b0aEDbg.dag/Unity.RenderPipelines.Universal.Runtime.dll.mvfrm.rsp
[ 229/1644  0s] WriteText Library/Bee/artifacts/1900b0aEDbg.dag/Unity.PathTracing.Editor.UnityAdditionalFile.txt
[ 230/1644  0s] WriteText Library/Bee/artifacts/1900b0aEDbg.dag/Unity.RenderPipelines.Universal.Runtime.rsp
[ 231/1644  0s] WriteText Library/Bee/artifacts/1900b0aEDbg.dag/Unity.VisualScripting.Core.rsp2
[ 232/1644  0s] WriteText Library/Bee/artifacts/1900b0aEDbg.dag/Unity.VisualScripting.Core.UnityAdditionalFile.txt
[ 233/1644  0s] WriteText Library/Bee/artifacts/1900b0aEDbg.dag/Unity.PathTracing.Editor.rsp
[ 234/1644  0s] WriteText Library/Bee/artifacts/1900b0aEDbg.dag/Unity.RenderPipelines.Core.Editor.rsp2
[ 235/1644  0s] WriteText Library/Bee/artifacts/1900b0aEDbg.dag/Unity.PathTracing.Editor.dll.mvfrm.rsp
[ 236/1644  0s] WriteText Library/Bee/artifacts/1900b0aEDbg.dag/Unity.RenderPipelines.Core.Editor.UnityAdditionalFile.txt
[ 237/1644  0s] WriteText Library/Bee/artifacts/1900b0aEDbg.dag/Unity.TextMeshPro.dll.mvfrm.rsp
[ 238/1644  0s] WriteText Library/Bee/artifacts/1900b0aEDbg.dag/Unity.TextMeshPro.rsp
[ 239/1644  0s] WriteText Library/Bee/artifacts/1900b0aEDbg.dag/Unity.VisualScripting.Core.dll.mvfrm.rsp
[ 240/1644  0s] WriteText Library/Bee/artifacts/1900b0aEDbg.dag/Lofelt.NiceVibrations.rsp2
[ 241/1644  0s] WriteText Library/Bee/artifacts/1900b0aEDbg.dag/Unity.VisualScripting.Core.rsp
[ 242/1644  0s] WriteText Library/Bee/artifacts/1900b0aEDbg.dag/Lofelt.NiceVibrations.UnityAdditionalFile.txt
[ 243/1644  0s] WriteText Library/Bee/artifacts/1900b0aEDbg.dag/Unity.InternalAPIEditorBridge.ShaderGraph.Editor.rsp2
[ 244/1644  0s] WriteText Library/Bee/artifacts/1900b0aEDbg.dag/Unity.InternalAPIEditorBridge.ShaderGraph.Editor.UnityAdditionalFile.txt
[ 245/1644  0s] WriteText Library/Bee/artifacts/1900b0aEDbg.dag/Unity.Searcher.Editor.rsp2
[ 246/1644  0s] WriteText Library/Bee/artifacts/1900b0aEDbg.dag/Unity.Searcher.Editor.UnityAdditionalFile.txt
[ 247/1644  0s] WriteText Library/Bee/artifacts/1900b0aEDbg.dag/Unity.RenderPipelines.Core.Editor.dll.mvfrm.rsp
[ 248/1644  0s] WriteText Library/Bee/artifacts/1900b0aEDbg.dag/Unity.RenderPipelines.Core.Editor.rsp
[ 249/1644  0s] WriteText Library/Bee/artifacts/1900b0aEDbg.dag/Unity.ShaderGraph.Utilities.rsp2
[ 250/1644  0s] WriteResponseFile Library/Bee/artifacts/rsp/4747638433968585886.rsp
[ 251/1644  0s] WriteText Library/Bee/artifacts/1900b0aEDbg.dag/Unity.InternalAPIEditorBridge.ShaderGraph.Editor.dll.mvfrm.rsp
[ 252/1644  0s] WriteText Library/Bee/artifacts/1900b0aEDbg.dag/Unity.Searcher.Editor.dll.mvfrm.rsp
[ 253/1644  0s] WriteText Library/Bee/artifacts/1900b0aEDbg.dag/Unity.Searcher.Editor.rsp
[ 254/1644  0s] WriteText Library/Bee/artifacts/1900b0aEDbg.dag/Unity.InternalAPIEditorBridge.ShaderGraph.Editor.rsp
[ 255/1644  0s] WriteText Library/Bee/artifacts/1900b0aEDbg.dag/Lofelt.NiceVibrations.dll.mvfrm.rsp
[ 256/1644  0s] WriteText Library/Bee/artifacts/1900b0aEDbg.dag/MoreMountains.Tools.rsp2
[ 257/1644  0s] WriteText Library/Bee/artifacts/1900b0aEDbg.dag/Lofelt.NiceVibrations.rsp
[ 258/1644  0s] WriteText Library/Bee/artifacts/1900b0aEDbg.dag/Unity.VisualScripting.Flow.UnityAdditionalFile.txt
[ 259/1644  0s] WriteText Library/Bee/artifacts/1900b0aEDbg.dag/MoreMountains.Tools.UnityAdditionalFile.txt
[ 260/1644  0s] WriteText Library/Bee/artifacts/1900b0aEDbg.dag/Unity.VisualScripting.Flow.rsp2
[ 261/1644  0s] WriteText Library/Bee/artifacts/1900b0aEDbg.dag/Unity.ShaderGraph.Utilities.dll.mvfrm.rsp
[ 262/1644  0s] WriteText Library/Bee/artifacts/1900b0aEDbg.dag/Unity.VisualScripting.Core.Editor.rsp2
[ 263/1644  0s] WriteText Library/Bee/artifacts/1900b0aEDbg.dag/Unity.ShaderGraph.Utilities.rsp
[ 264/1644  0s] WriteText Library/Bee/artifacts/1900b0aEDbg.dag/Unity.VisualScripting.Core.Editor.UnityAdditionalFile.txt
[ 265/1644  1s] MovedFromExtractor Library/Bee/artifacts/mvdfrm/Unity.CompilationPipeline.Common.dll_23E79FBD7388F2A5.mvfrm
[ 266/1644  0s] WriteText Library/Bee/artifacts/1900b0aEDbg.dag/Unity.ShaderGraph.Editor.rsp2
[ 267/1644  0s] WriteText Library/Bee/artifacts/1900b0aEDbg.dag/Unity.VisualScripting.Flow.dll.mvfrm.rsp
[ 268/1644  0s] WriteText Library/Bee/artifacts/1900b0aEDbg.dag/Unity.ShaderGraph.Utilities.UnityAdditionalFile.txt
[ 269/1644  0s] WriteText Library/Bee/artifacts/1900b0aEDbg.dag/Unity.ShaderGraph.Editor.UnityAdditionalFile.txt
[ 270/1644  0s] WriteText Library/Bee/artifacts/1900b0aEDbg.dag/WaveHarmonic.Crest.Shared.UnityAdditionalFile.txt
[ 271/1644  0s] WriteText Library/Bee/artifacts/1900b0aEDbg.dag/WaveHarmonic.Crest.Shared.rsp2
[ 272/1644  0s] WriteText Library/Bee/artifacts/1900b0aEDbg.dag/Unity.VisualScripting.Flow.rsp
[ 273/1644  0s] WriteText Library/Bee/artifacts/1900b0aEDbg.dag/Unity.VisualScripting.Core.Editor.dll.mvfrm.rsp
[ 274/1644  0s] WriteText Library/Bee/artifacts/1900b0aEDbg.dag/Unity.ShaderGraph.Editor.dll.mvfrm.rsp
[ 275/1644  0s] WriteText Library/Bee/artifacts/1900b0aEDbg.dag/MoreMountains.Tools.dll.mvfrm.rsp
[ 276/1644  0s] WriteText Library/Bee/artifacts/1900b0aEDbg.dag/Unity.VisualScripting.Core.Editor.rsp
[ 277/1644  0s] WriteText Library/Bee/artifacts/1900b0aEDbg.dag/Unity.ProBuilder.KdTree.rsp2
[ 278/1644  0s] WriteText Library/Bee/artifacts/1900b0aEDbg.dag/Unity.ShaderGraph.Editor.rsp
[ 279/1644  0s] WriteText Library/Bee/artifacts/1900b0aEDbg.dag/MoreMountains.Tools.rsp
[ 280/1644  0s] WriteText Library/Bee/artifacts/1900b0aEDbg.dag/Unity.ProBuilder.Poly2Tri.UnityAdditionalFile.txt
[ 281/1644  0s] WriteText Library/Bee/artifacts/1900b0aEDbg.dag/Unity.ProBuilder.KdTree.UnityAdditionalFile.txt
[ 282/1644  0s] WriteText Library/Bee/artifacts/1900b0aEDbg.dag/MoreMountains.Feedbacks.rsp2
[ 283/1644  0s] WriteText Library/Bee/artifacts/1900b0aEDbg.dag/Unity.ProBuilder.Poly2Tri.rsp2
[ 284/1644  0s] WriteText Library/Bee/artifacts/1900b0aEDbg.dag/MoreMountains.Feedbacks.UnityAdditionalFile.txt
[ 285/1644  0s] WriteText Library/Bee/artifacts/1900b0aEDbg.dag/Den.Tools.rsp2
[ 286/1644  0s] WriteText Library/Bee/artifacts/1900b0aEDbg.dag/Den.Tools.UnityAdditionalFile.txt
[ 287/1644  0s] WriteText Library/Bee/artifacts/1900b0aEDbg.dag/Unity.VisualScripting.Flow.Editor.UnityAdditionalFile.txt
[ 288/1644  0s] WriteText Library/Bee/artifacts/1900b0aEDbg.dag/Unity.VisualScripting.Flow.Editor.rsp2
[ 289/1644  0s] WriteText Library/Bee/artifacts/1900b0aEDbg.dag/Unity.VisualScripting.State.UnityAdditionalFile.txt
[ 290/1644  0s] WriteText Library/Bee/artifacts/1900b0aEDbg.dag/Unity.VisualScripting.State.rsp2
[ 291/1644  0s] WriteText Library/Bee/artifacts/1900b0aEDbg.dag/Unity.Profiling.Core.rsp2
[ 292/1644  0s] WriteText Library/Bee/artifacts/1900b0aEDbg.dag/Unity.Profiling.Core.UnityAdditionalFile.txt
[ 293/1644  0s] WriteText Library/Bee/artifacts/1900b0aEDbg.dag/Unity.ProBuilder.KdTree.dll.mvfrm.rsp
[ 294/1644  0s] WriteText Library/Bee/artifacts/1900b0aEDbg.dag/Unity.ProBuilder.Poly2Tri.dll.mvfrm.rsp
[ 295/1644  0s] WriteText Library/Bee/artifacts/1900b0aEDbg.dag/WaveHarmonic.Crest.Shared.dll.mvfrm.rsp
[ 296/1644  0s] WriteText Library/Bee/artifacts/1900b0aEDbg.dag/Unity.ProBuilder.Poly2Tri.rsp
[ 297/1644  0s] WriteText Library/Bee/artifacts/1900b0aEDbg.dag/WaveHarmonic.Crest.Shared.rsp
[ 298/1644  0s] WriteText Library/Bee/artifacts/1900b0aEDbg.dag/Unity.ProBuilder.KdTree.rsp
[ 299/1644  0s] WriteText Library/Bee/artifacts/1900b0aEDbg.dag/Unity.ProBuilder.UnityAdditionalFile.txt
[ 300/1644  0s] WriteText Library/Bee/artifacts/1900b0aEDbg.dag/Unity.AI.Navigation.Editor.ConversionSystem.UnityAdditionalFile.txt
[ 301/1644  0s] WriteText Library/Bee/artifacts/1900b0aEDbg.dag/Unity.AI.Navigation.Editor.ConversionSystem.rsp2
[ 302/1644  0s] WriteText Library/Bee/artifacts/1900b0aEDbg.dag/Unity.AI.Navigation.rsp2
[ 303/1644  0s] WriteText Library/Bee/artifacts/1900b0aEDbg.dag/Unity.AI.Navigation.UnityAdditionalFile.txt
[ 304/1644  0s] WriteText Library/Bee/artifacts/1900b0aEDbg.dag/Unity.ProBuilder.rsp2
[ 305/1644  0s] WriteText Library/Bee/artifacts/1900b0aEDbg.dag/Unity.Mathematics.Editor.UnityAdditionalFile.txt
[ 306/1644  0s] WriteText Library/Bee/artifacts/1900b0aEDbg.dag/Unity.RenderPipelines.Universal.2D.Runtime.UnityAdditionalFile.txt
[ 307/1644  0s] WriteText Library/Bee/artifacts/1900b0aEDbg.dag/Unity.RenderPipelines.Core.Editor.Shared.rsp2
[ 308/1644  0s] WriteText Library/Bee/artifacts/1900b0aEDbg.dag/Unity.Burst.Editor.rsp2
[ 309/1644  0s] WriteText Library/Bee/artifacts/1900b0aEDbg.dag/Unity.RenderPipelines.Core.Editor.Shared.UnityAdditionalFile.txt
[ 310/1644  0s] WriteText Library/Bee/artifacts/1900b0aEDbg.dag/Unity.Burst.Editor.UnityAdditionalFile.txt
[ 311/1644  0s] WriteText Library/Bee/artifacts/1900b0aEDbg.dag/Unity.RenderPipelines.Universal.2D.Runtime.rsp2
[ 312/1644  0s] WriteText Library/Bee/artifacts/1900b0aEDbg.dag/Unity.Settings.Editor.UnityAdditionalFile.txt
[ 313/1644  0s] WriteText Library/Bee/artifacts/1900b0aEDbg.dag/Unity.Mathematics.Editor.rsp2
[ 314/1644  0s] WriteText Library/Bee/artifacts/1900b0aEDbg.dag/Unity.ProBuilder.AssetIdRemapUtility.rsp2
[ 315/1644  0s] WriteText Library/Bee/artifacts/1900b0aEDbg.dag/Unity.Settings.Editor.rsp2
[ 316/1644  0s] WriteText Library/Bee/artifacts/1900b0aEDbg.dag/Unity.ProBuilder.AssetIdRemapUtility.UnityAdditionalFile.txt
[ 317/1644  0s] WriteText Library/Bee/artifacts/1900b0aEDbg.dag/Unity.EditorCoroutines.Editor.rsp2
[ 318/1644  0s] WriteText Library/Bee/artifacts/1900b0aEDbg.dag/Unity.MemoryProfiler.UnityAdditionalFile.txt
[ 319/1644  0s] WriteText Library/Bee/artifacts/1900b0aEDbg.dag/Unity.MemoryProfiler.rsp2
[ 320/1644  0s] WriteText Library/Bee/artifacts/1900b0aEDbg.dag/Unity.EditorCoroutines.Editor.UnityAdditionalFile.txt
[ 321/1644  0s] WriteText Library/Bee/artifacts/1900b0aEDbg.dag/WaveHarmonic.Crest.Shared.Editor.UnityAdditionalFile.txt
[ 322/1644  0s] WriteText Library/Bee/artifacts/1900b0aEDbg.dag/WaveHarmonic.Crest.Shared.Editor.rsp2
[ 323/1644  0s] WriteText Library/Bee/artifacts/1900b0aEDbg.dag/Unity.VisualScripting.State.dll.mvfrm.rsp
[ 324/1644  0s] WriteText Library/Bee/artifacts/1900b0aEDbg.dag/Unity.VisualScripting.Flow.Editor.dll.mvfrm.rsp
[ 325/1644  0s] WriteText Library/Bee/artifacts/1900b0aEDbg.dag/Unity.Profiling.Core.dll.mvfrm.rsp
[ 326/1644  0s] WriteText Library/Bee/artifacts/1900b0aEDbg.dag/Unity.VisualScripting.State.rsp
[ 327/1644  0s] WriteText Library/Bee/artifacts/1900b0aEDbg.dag/Unity.Profiling.Core.rsp
[ 328/1644  0s] WriteText Library/Bee/artifacts/1900b0aEDbg.dag/Unity.AI.Navigation.Editor.ConversionSystem.dll.mvfrm.rsp
[ 329/1644  0s] WriteText Library/Bee/artifacts/1900b0aEDbg.dag/Unity.VisualScripting.Flow.Editor.rsp
[ 330/1644  0s] WriteText Library/Bee/artifacts/1900b0aEDbg.dag/Den.Tools.dll.mvfrm.rsp
[ 331/1644  0s] WriteText Library/Bee/artifacts/1900b0aEDbg.dag/Unity.AI.Navigation.Editor.ConversionSystem.rsp
[ 332/1644  0s] WriteText Library/Bee/artifacts/1900b0aEDbg.dag/Unity.ProBuilder.dll.mvfrm.rsp
[ 333/1644  0s] WriteText Library/Bee/artifacts/1900b0aEDbg.dag/MoreMountains.Feedbacks.dll.mvfrm.rsp
[ 334/1644  0s] WriteText Library/Bee/artifacts/1900b0aEDbg.dag/Unity.ProBuilder.AssetIdRemapUtility.dll.mvfrm.rsp
[ 335/1644  0s] WriteText Library/Bee/artifacts/1900b0aEDbg.dag/Den.Tools.rsp
[ 336/1644  0s] WriteText Library/Bee/artifacts/1900b0aEDbg.dag/Unity.EditorCoroutines.Editor.dll.mvfrm.rsp
[ 337/1644  0s] WriteText Library/Bee/artifacts/1900b0aEDbg.dag/Unity.ProBuilder.rsp
[ 338/1644  0s] WriteText Library/Bee/artifacts/1900b0aEDbg.dag/Unity.AI.Navigation.rsp
[ 339/1644  0s] WriteText Library/Bee/artifacts/1900b0aEDbg.dag/Unity.MemoryProfiler.dll.mvfrm.rsp
[ 340/1644  0s] WriteText Library/Bee/artifacts/1900b0aEDbg.dag/Unity.Settings.Editor.dll.mvfrm.rsp
[ 341/1644  0s] WriteText Library/Bee/artifacts/1900b0aEDbg.dag/Unity.ProBuilder.Csg.UnityAdditionalFile.txt
[ 342/1644  0s] WriteText Library/Bee/artifacts/1900b0aEDbg.dag/Unity.ProBuilder.Csg.rsp2
[ 343/1644  0s] WriteText Library/Bee/artifacts/1900b0aEDbg.dag/Unity.ProBuilder.Stl.rsp2
[ 344/1644  0s] WriteText Library/Bee/artifacts/1900b0aEDbg.dag/Unity.ProBuilder.Stl.UnityAdditionalFile.txt
[ 345/1644  0s] WriteText Library/Bee/artifacts/1900b0aEDbg.dag/Unity.EditorCoroutines.Editor.rsp
[ 346/1644  0s] WriteText Library/Bee/artifacts/1900b0aEDbg.dag/Hecton8.Input.Generated.UnityAdditionalFile.txt
[ 347/1644  0s] WriteText Library/Bee/artifacts/1900b0aEDbg.dag/Hecton8.Input.Generated.rsp2
[ 348/1644  0s] WriteText Library/Bee/artifacts/1900b0aEDbg.dag/Unity.Settings.Editor.rsp
[ 349/1644  0s] WriteText Library/Bee/artifacts/1900b0aEDbg.dag/Unity.ProBuilder.AssetIdRemapUtility.rsp
[ 350/1644  0s] WriteText Library/Bee/artifacts/1900b0aEDbg.dag/Unity.RenderPipelines.Core.Editor.Shared.dll.mvfrm.rsp
[ 351/1644  0s] WriteText Library/Bee/artifacts/1900b0aEDbg.dag/MoreMountains.Feedbacks.rsp
[ 352/1644  0s] WriteText Library/Bee/artifacts/1900b0aEDbg.dag/Unity.Burst.Editor.dll.mvfrm.rsp
[ 353/1644  0s] WriteText Library/Bee/artifacts/1900b0aEDbg.dag/Unity.MemoryProfiler.rsp
[ 354/1644  0s] WriteText Library/Bee/artifacts/1900b0aEDbg.dag/Unity.RenderPipelines.Universal.2D.Runtime.dll.mvfrm.rsp
[ 355/1644  0s] WriteText Library/Bee/artifacts/1900b0aEDbg.dag/Unity.RenderPipelines.Core.Editor.Shared.rsp
[ 356/1644  0s] WriteText Library/Bee/artifacts/1900b0aEDbg.dag/Unity.Burst.Editor.rsp
[ 357/1644  0s] WriteText Library/Bee/artifacts/1900b0aEDbg.dag/Unity.RenderPipelines.Universal.2D.Runtime.rsp
[ 358/1644  0s] WriteText Library/Bee/artifacts/1900b0aEDbg.dag/Unity.Mathematics.Editor.rsp
[ 359/1644  0s] WriteText Library/Bee/artifacts/1900b0aEDbg.dag/WaveHarmonic.Crest.rsp2
[ 360/1644  0s] WriteText Library/Bee/artifacts/1900b0aEDbg.dag/WaveHarmonic.Crest.UnityAdditionalFile.txt
[ 361/1644  0s] WriteText Library/Bee/artifacts/1900b0aEDbg.dag/MapMagic.rsp2
[ 362/1644  0s] WriteText Library/Bee/artifacts/1900b0aEDbg.dag/MapMagic.UnityAdditionalFile.txt
[ 363/1644  0s] WriteText Library/Bee/artifacts/1900b0aEDbg.dag/WaveHarmonic.Crest.Shared.Editor.dll.mvfrm.rsp
[ 364/1644  0s] WriteText Library/Bee/artifacts/1900b0aEDbg.dag/Unity.ProBuilder.Stl.dll.mvfrm.rsp
[ 365/1644  0s] WriteText Library/Bee/artifacts/1900b0aEDbg.dag/Unity.ProBuilder.Csg.dll.mvfrm.rsp
[ 366/1644  0s] WriteText Library/Bee/artifacts/1900b0aEDbg.dag/WaveHarmonic.Crest.Shared.Editor.rsp
[ 367/1644  0s] WriteText Library/Bee/artifacts/1900b0aEDbg.dag/Unity.ProBuilder.Stl.rsp
[ 368/1644  0s] WriteText Library/Bee/artifacts/1900b0aEDbg.dag/Unity.ProBuilder.Csg.rsp
[ 369/1644  0s] WriteText Library/Bee/artifacts/1900b0aEDbg.dag/Crest.UnityAdditionalFile.txt
[ 370/1644  0s] WriteText Library/Bee/artifacts/1900b0aEDbg.dag/ShapesRuntime.rsp2
[ 371/1644  0s] WriteText Library/Bee/artifacts/1900b0aEDbg.dag/Unity.AI.Navigation.Editor.UnityAdditionalFile.txt
[ 372/1644  0s] WriteText Library/Bee/artifacts/1900b0aEDbg.dag/GPUInstancer.rsp2
[ 373/1644  0s] WriteText Library/Bee/artifacts/1900b0aEDbg.dag/EasySave3.rsp2
[ 374/1644  0s] WriteText Library/Bee/artifacts/1900b0aEDbg.dag/JBooth.MicroSplat.Core.UnityAdditionalFile.txt
[ 375/1644  0s] WriteText Library/Bee/artifacts/1900b0aEDbg.dag/Unity.Mathematics.Editor.dll.mvfrm.rsp
[ 376/1644  0s] WriteText Library/Bee/artifacts/1900b0aEDbg.dag/Unity.ProBuilder.Editor.UnityAdditionalFile.txt
[ 377/1644  0s] WriteText Library/Bee/artifacts/1900b0aEDbg.dag/VolumetricLightBeam.rsp2
[ 378/1644  0s] WriteText Library/Bee/artifacts/1900b0aEDbg.dag/Unity.AI.Navigation.Editor.rsp2
[ 379/1644  0s] WriteText Library/Bee/artifacts/1900b0aEDbg.dag/Unity.ProBuilder.Editor.rsp2
[ 380/1644  0s] WriteText Library/Bee/artifacts/1900b0aEDbg.dag/Unity.VisualScripting.State.Editor.rsp2
[ 381/1644  0s] WriteText Library/Bee/artifacts/1900b0aEDbg.dag/Unity.Timeline.UnityAdditionalFile.txt
[ 382/1644  0s] WriteText Library/Bee/artifacts/1900b0aEDbg.dag/JBooth.MicroSplat.Core.rsp2
[ 383/1644  0s] WriteText Library/Bee/artifacts/1900b0aEDbg.dag/ShapesRuntime.UnityAdditionalFile.txt
[ 384/1644  0s] WriteText Library/Bee/artifacts/1900b0aEDbg.dag/Unity.Timeline.rsp2
[ 385/1644  0s] WriteText Library/Bee/artifacts/1900b0aEDbg.dag/Unity.VisualScripting.State.Editor.UnityAdditionalFile.txt
[ 386/1644  0s] WriteText Library/Bee/artifacts/1900b0aEDbg.dag/EasySave3.UnityAdditionalFile.txt
[ 387/1644  0s] WriteText Library/Bee/artifacts/1900b0aEDbg.dag/Unity.MemoryProfiler.Editor.UnityAdditionalFile.txt
[ 388/1644  0s] WriteText Library/Bee/artifacts/1900b0aEDbg.dag/Crest.rsp2
[ 389/1644  0s] WriteText Library/Bee/artifacts/1900b0aEDbg.dag/Unity.MemoryProfiler.Editor.rsp2
[ 390/1644  0s] WriteText Library/Bee/artifacts/1900b0aEDbg.dag/GPUInstancer.UnityAdditionalFile.txt
[ 391/1644  0s] WriteText Library/Bee/artifacts/1900b0aEDbg.dag/Hecton8.Input.Generated.dll.mvfrm.rsp
[ 392/1644  0s] WriteText Library/Bee/artifacts/1900b0aEDbg.dag/Unity.AI.Navigation.dll.mvfrm.rsp
[ 393/1644  0s] WriteText Library/Bee/artifacts/1900b0aEDbg.dag/Hecton8.Input.Generated.rsp
[ 394/1644  0s] WriteText Library/Bee/artifacts/1900b0aEDbg.dag/Unity.RenderPipelines.Universal.Editor.UnityAdditionalFile.txt
[ 395/1644  0s] WriteText Library/Bee/artifacts/1900b0aEDbg.dag/AstarPathfindingProject.rsp2
[ 396/1644  0s] WriteText Library/Bee/artifacts/1900b0aEDbg.dag/Unity.RenderPipelines.Universal.Editor.rsp2
[ 397/1644  0s] WriteText Library/Bee/artifacts/1900b0aEDbg.dag/AstarPathfindingProject.UnityAdditionalFile.txt
[ 398/1644  0s] WriteText Library/Bee/artifacts/1900b0aEDbg.dag/Den.Tools.Editor.UnityAdditionalFile.txt
[ 399/1644  0s] WriteText Library/Bee/artifacts/1900b0aEDbg.dag/MoreMountains.Feedbacks.MMTools.rsp2
[ 400/1644  0s] WriteText Library/Bee/artifacts/1900b0aEDbg.dag/Den.Tools.Editor.rsp2
[ 401/1644  0s] WriteText Library/Bee/artifacts/1900b0aEDbg.dag/MoreMountains.Feedbacks.MMTools.UnityAdditionalFile.txt
[ 402/1644  0s] WriteText Library/Bee/artifacts/1900b0aEDbg.dag/Hecton8.Input.UnityAdditionalFile.txt
[ 403/1644  0s] WriteText Library/Bee/artifacts/1900b0aEDbg.dag/Hecton8.Bootstrap.Contracts.UnityAdditionalFile.txt
[ 404/1644  0s] WriteText Library/Bee/artifacts/1900b0aEDbg.dag/Hecton8.World.Contracts.rsp2
[ 405/1644  0s] WriteText Library/Bee/artifacts/1900b0aEDbg.dag/Hecton8.Input.rsp2
[ 406/1644  0s] WriteText Library/Bee/artifacts/1900b0aEDbg.dag/Hecton8.Bootstrap.Contracts.rsp2
[ 407/1644  0s] WriteText Library/Bee/artifacts/1900b0aEDbg.dag/Hecton8.World.Contracts.UnityAdditionalFile.txt
[ 408/1644  0s] WriteText Library/Bee/artifacts/1900b0aEDbg.dag/WaveHarmonic.Crest.dll.mvfrm.rsp
[ 409/1644  0s] WriteText Library/Bee/artifacts/1900b0aEDbg.dag/MapMagic.dll.mvfrm.rsp
[ 410/1644  0s] WriteText Library/Bee/artifacts/1900b0aEDbg.dag/Unity.Timeline.dll.mvfrm.rsp
[ 411/1644  0s] WriteText Library/Bee/artifacts/1900b0aEDbg.dag/Unity.MemoryProfiler.Editor.dll.mvfrm.rsp
[ 412/1644  0s] WriteText Library/Bee/artifacts/1900b0aEDbg.dag/Unity.ProBuilder.Editor.dll.mvfrm.rsp
[ 413/1644  0s] WriteText Library/Bee/artifacts/1900b0aEDbg.dag/Unity.AI.Navigation.Editor.dll.mvfrm.rsp
[ 414/1644  0s] WriteText Library/Bee/artifacts/1900b0aEDbg.dag/Unity.VisualScripting.State.Editor.dll.mvfrm.rsp
[ 415/1644  0s] WriteText Library/Bee/artifacts/1900b0aEDbg.dag/VolumetricLightBeam.UnityAdditionalFile.txt
[ 416/1644  0s] WriteText Library/Bee/artifacts/1900b0aEDbg.dag/WaveHarmonic.Crest.rsp
[ 417/1644  0s] WriteText Library/Bee/artifacts/1900b0aEDbg.dag/Unity.MemoryProfiler.Editor.rsp
[ 418/1644  0s] WriteText Library/Bee/artifacts/1900b0aEDbg.dag/Unity.ProBuilder.Editor.rsp
[ 419/1644  0s] WriteText Library/Bee/artifacts/1900b0aEDbg.dag/Unity.Timeline.rsp
[ 420/1644  0s] WriteText Library/Bee/artifacts/1900b0aEDbg.dag/Unity.VisualScripting.State.Editor.rsp
[ 421/1644  0s] WriteText Library/Bee/artifacts/1900b0aEDbg.dag/ShapesRuntime.dll.mvfrm.rsp
[ 422/1644  0s] WriteText Library/Bee/artifacts/1900b0aEDbg.dag/VolumetricLightBeam.dll.mvfrm.rsp
[ 423/1644  0s] WriteText Library/Bee/artifacts/1900b0aEDbg.dag/JBooth.MicroSplat.Core.dll.mvfrm.rsp
[ 424/1644  0s] WriteText Library/Bee/artifacts/1900b0aEDbg.dag/EasySave3.dll.mvfrm.rsp
[ 425/1644  0s] WriteText Library/Bee/artifacts/1900b0aEDbg.dag/Crest.dll.mvfrm.rsp
[ 426/1644  0s] WriteText Library/Bee/artifacts/1900b0aEDbg.dag/GPUInstancer.dll.mvfrm.rsp
[ 427/1644  0s] WriteText Library/Bee/artifacts/1900b0aEDbg.dag/Unity.PlasticSCM.Editor.UnityAdditionalFile.txt
[ 428/1644  0s] WriteText Library/Bee/artifacts/1900b0aEDbg.dag/Unity.PlasticSCM.Editor.rsp2
[ 429/1644  0s] WriteText Library/Bee/artifacts/1900b0aEDbg.dag/VolumetricLightBeam.rsp
[ 430/1644  0s] WriteText Library/Bee/artifacts/1900b0aEDbg.dag/ShapesRuntime.rsp
[ 431/1644  0s] WriteText Library/Bee/artifacts/1900b0aEDbg.dag/JBooth.MicroSplat.Core.rsp
[ 432/1644  0s] WriteText Library/Bee/artifacts/1900b0aEDbg.dag/Unity.AI.Navigation.Editor.rsp
[ 433/1644  0s] WriteText Library/Bee/artifacts/1900b0aEDbg.dag/EasySave3.rsp
[ 434/1644  0s] WriteText Library/Bee/artifacts/1900b0aEDbg.dag/GPUInstancer.rsp
[ 435/1644  0s] WriteText Library/Bee/artifacts/1900b0aEDbg.dag/Den.Tools.Editor.dll.mvfrm.rsp
[ 436/1644  0s] WriteText Library/Bee/artifacts/1900b0aEDbg.dag/AstarPathfindingProject.dll.mvfrm.rsp
[ 437/1644  0s] WriteText Library/Bee/artifacts/1900b0aEDbg.dag/Crest.rsp
[ 438/1644  0s] WriteText Library/Bee/artifacts/1900b0aEDbg.dag/MoreMountains.Feedbacks.MMTools.dll.mvfrm.rsp
[ 439/1644  0s] WriteText Library/Bee/artifacts/1900b0aEDbg.dag/Hecton8.Bootstrap.Contracts.dll.mvfrm.rsp
[ 440/1644  0s] WriteText Library/Bee/artifacts/1900b0aEDbg.dag/Hecton8.Input.dll.mvfrm.rsp
[ 441/1644  0s] WriteText Library/Bee/artifacts/1900b0aEDbg.dag/Unity.RenderPipelines.Universal.Editor.dll.mvfrm.rsp
[ 442/1644  0s] WriteText Library/Bee/artifacts/1900b0aEDbg.dag/Den.Tools.Editor.rsp
[ 443/1644  0s] WriteText Library/Bee/artifacts/1900b0aEDbg.dag/AstarPathfindingProject.rsp
[ 444/1644  0s] WriteText Library/Bee/artifacts/1900b0aEDbg.dag/MoreMountains.Feedbacks.MMTools.rsp
[ 445/1644  0s] WriteText Library/Bee/artifacts/1900b0aEDbg.dag/MapMagic.rsp
[ 446/1644  0s] WriteText Library/Bee/artifacts/1900b0aEDbg.dag/Unity.RenderPipelines.Universal.Editor.rsp
[ 447/1644  0s] WriteText Library/Bee/artifacts/1900b0aEDbg.dag/Hecton8.Bootstrap.Contracts.rsp
[ 448/1644  0s] WriteText Library/Bee/artifacts/1900b0aEDbg.dag/Hecton8.Input.rsp
[ 449/1644  0s] WriteText Library/Bee/artifacts/1900b0aEDbg.dag/BakeryRuntimeAssembly.rsp2
[ 450/1644  0s] WriteText Library/Bee/artifacts/1900b0aEDbg.dag/JBooth.MicroSplat.Core.Editor.UnityAdditionalFile.txt
[ 451/1644  0s] WriteText Library/Bee/artifacts/1900b0aEDbg.dag/Hecton8.World.Contracts.rsp
[ 452/1644  0s] WriteText Library/Bee/artifacts/1900b0aEDbg.dag/JBooth.MicroSplat.Core.Editor.rsp2
[ 453/1644  0s] WriteText Library/Bee/artifacts/1900b0aEDbg.dag/MapMagic.MicroSplat.rsp2
[ 454/1644  0s] WriteText Library/Bee/artifacts/1900b0aEDbg.dag/MoreMountains.Feedbacks.Cinemachine.UnityAdditionalFile.txt
[ 455/1644  0s] WriteText Library/Bee/artifacts/1900b0aEDbg.dag/MoreMountains.Feedbacks.Cinemachine.rsp2
[ 456/1644  0s] WriteText Library/Bee/artifacts/1900b0aEDbg.dag/MoreMountains.Feedbacks.HDRP.UnityAdditionalFile.txt
[ 457/1644  0s] WriteText Library/Bee/artifacts/1900b0aEDbg.dag/MoreMountains.Feedbacks.HDRP.rsp2
[ 458/1644  0s] WriteText Library/Bee/artifacts/1900b0aEDbg.dag/MoreMountains.Feedbacks.NiceVibrations.UnityAdditionalFile.txt
[ 459/1644  0s] WriteText Library/Bee/artifacts/1900b0aEDbg.dag/MoreMountains.Feedbacks.NiceVibrations.rsp2
[ 460/1644  0s] WriteText Library/Bee/artifacts/1900b0aEDbg.dag/Hecton8.World.Contracts.dll.mvfrm.rsp
[ 461/1644  0s] WriteText Library/Bee/artifacts/1900b0aEDbg.dag/MoreMountains.Feedbacks.PostProcessing.UnityAdditionalFile.txt
[ 462/1644  0s] WriteText Library/Bee/artifacts/1900b0aEDbg.dag/MoreMountains.Feedbacks.URP.UnityAdditionalFile.txt
[ 463/1644  0s] WriteText Library/Bee/artifacts/1900b0aEDbg.dag/MoreMountains.Feedbacks.URP.rsp2
[ 464/1644  0s] WriteText Library/Bee/artifacts/1900b0aEDbg.dag/Hecton8.Core.UnityAdditionalFile.txt
[ 465/1644  0s] WriteText Library/Bee/artifacts/1900b0aEDbg.dag/Hecton8.Core.rsp2
[ 466/1644  0s] WriteText Library/Bee/artifacts/1900b0aEDbg.dag/MoreMountains.Feedbacks.TextMeshPro.UnityAdditionalFile.txt
[ 467/1644  0s] WriteText Library/Bee/artifacts/1900b0aEDbg.dag/MoreMountains.Feedbacks.TextMeshPro.rsp2
[ 468/1644  0s] WriteText Library/Bee/artifacts/1900b0aEDbg.dag/MCPForUnity.Runtime.UnityAdditionalFile.txt
[ 469/1644  0s] WriteText Library/Bee/artifacts/1900b0aEDbg.dag/MCPForUnity.Runtime.rsp2
[ 470/1644  0s] WriteText Library/Bee/artifacts/1900b0aEDbg.dag/PackageToolsEditor.rsp2
[ 471/1644  0s] WriteText Library/Bee/artifacts/1900b0aEDbg.dag/PackageToolsEditor.UnityAdditionalFile.txt
[ 472/1644  0s] WriteText Library/Bee/artifacts/1900b0aEDbg.dag/AmplifyImpostors.Runtime.UnityAdditionalFile.txt
[ 473/1644  0s] WriteText Library/Bee/artifacts/1900b0aEDbg.dag/Tayx.Graphy.UnityAdditionalFile.txt
[ 474/1644  0s] WriteText Library/Bee/artifacts/1900b0aEDbg.dag/Tayx.Graphy.rsp2
[ 475/1644  0s] WriteText Library/Bee/artifacts/1900b0aEDbg.dag/AmplifyImpostors.Runtime.rsp2
[ 476/1644  0s] WriteText Library/Bee/artifacts/1900b0aEDbg.dag/MapMagic.Editor.UnityAdditionalFile.txt
[ 477/1644  0s] WriteText Library/Bee/artifacts/1900b0aEDbg.dag/MapMagic.Editor.rsp2
[ 478/1644  0s] WriteText Library/Bee/artifacts/1900b0aEDbg.dag/MeshBakerCore.rsp2
[ 479/1644  0s] WriteText Library/Bee/artifacts/1900b0aEDbg.dag/MeshBakerCore.UnityAdditionalFile.txt
[ 480/1644  0s] WriteText Library/Bee/artifacts/1900b0aEDbg.dag/BakeryRuntimeAssembly.UnityAdditionalFile.txt
[ 481/1644  0s] WriteText Library/Bee/artifacts/1900b0aEDbg.dag/UnityEditor.UI.Analytics.UnityAdditionalFile.txt
[ 482/1644  0s] WriteText Library/Bee/artifacts/1900b0aEDbg.dag/MoreMountains.Feedbacks.PostProcessing.rsp2
[ 483/1644  0s] WriteText Library/Bee/artifacts/1900b0aEDbg.dag/MapMagic.MicroSplat.UnityAdditionalFile.txt
[ 484/1644  0s] WriteText Library/Bee/artifacts/1900b0aEDbg.dag/Unity.MemoryProfiler.Editor.MemoryProfilerModule.rsp2
[ 485/1644  0s] WriteText Library/Bee/artifacts/1900b0aEDbg.dag/Unity.RenderPipelines.Universal.2D.Editor.Overrides.rsp2
[ 486/1644  0s] WriteText Library/Bee/artifacts/1900b0aEDbg.dag/Unity.VisualScripting.SettingsProvider.Editor.UnityAdditionalFile.txt
[ 487/1644  0s] WriteText Library/Bee/artifacts/1900b0aEDbg.dag/Unity.ProBuilder.AddOns.Editor.UnityAdditionalFile.txt
[ 488/1644  0s] WriteText Library/Bee/artifacts/1900b0aEDbg.dag/Unity.Timeline.Editor.rsp2
[ 489/1644  0s] WriteText Library/Bee/artifacts/1900b0aEDbg.dag/Unity.ProBuilder.AddOns.Editor.rsp2
[ 490/1644  0s] WriteText Library/Bee/artifacts/1900b0aEDbg.dag/Unity.Timeline.Editor.UnityAdditionalFile.txt
[ 491/1644  0s] WriteText Library/Bee/artifacts/1900b0aEDbg.dag/Unity.AI.Navigation.Updater.UnityAdditionalFile.txt
[ 492/1644  0s] WriteText Library/Bee/artifacts/1900b0aEDbg.dag/Unity.TextMeshPro.Editor.rsp2
[ 493/1644  0s] WriteText Library/Bee/artifacts/1900b0aEDbg.dag/Unity.TextMeshPro.Editor.UnityAdditionalFile.txt
[ 494/1644  0s] WriteText Library/Bee/artifacts/1900b0aEDbg.dag/Unity.RenderPipelines.Core.ShaderLibrary.UnityAdditionalFile.txt
[ 495/1644  0s] WriteText Library/Bee/artifacts/1900b0aEDbg.dag/Unity.RenderPipelines.Core.ShaderLibrary.rsp2
[ 496/1644  0s] WriteText Library/Bee/artifacts/1900b0aEDbg.dag/Unity.RenderPipelines.ShaderGraph.ShaderGraphLibrary.rsp2
[ 497/1644  0s] WriteText Library/Bee/artifacts/1900b0aEDbg.dag/Unity.RenderPipelines.Universal.Shaders.UnityAdditionalFile.txt
[ 498/1644  0s] WriteText Library/Bee/artifacts/1900b0aEDbg.dag/Unity.RenderPipelines.Universal.2D.Editor.Overrides.UnityAdditionalFile.txt
[ 499/1644  0s] WriteText Library/Bee/artifacts/1900b0aEDbg.dag/Unity.RenderPipelines.ShaderGraph.ShaderGraphLibrary.UnityAdditionalFile.txt
[ 500/1644  0s] WriteText Library/Bee/artifacts/1900b0aEDbg.dag/Unity.VisualScripting.Shared.Editor.UnityAdditionalFile.txt
[ 501/1644  0s] WriteText Library/Bee/artifacts/1900b0aEDbg.dag/Unity.RenderPipelines.Universal.Shaders.rsp2
[ 502/1644  0s] WriteText Library/Bee/artifacts/1900b0aEDbg.dag/Unity.Rendering.LightTransport.Editor.UnityAdditionalFile.txt
[ 503/1644  0s] WriteText Library/Bee/artifacts/1900b0aEDbg.dag/Unity.VisualScripting.SettingsProvider.Editor.rsp2
[ 504/1644  0s] WriteText Library/Bee/artifacts/1900b0aEDbg.dag/Unity.VisualScripting.Shared.Editor.rsp2
[ 505/1644  0s] WriteText Library/Bee/artifacts/1900b0aEDbg.dag/Unity.Rendering.LightTransport.Editor.rsp2
[ 506/1644  0s] WriteText Library/Bee/artifacts/1900b0aEDbg.dag/Unity.SharpZipLib.Editor.UnityAdditionalFile.txt
[ 507/1644  0s] WriteText Library/Bee/artifacts/1900b0aEDbg.dag/UnityEditor.UI.Analytics.rsp2
[ 508/1644  0s] WriteText Library/Bee/artifacts/1900b0aEDbg.dag/Unity.SharpZipLib.Utils.UnityAdditionalFile.txt
[ 509/1644  0s] WriteText Library/Bee/artifacts/1900b0aEDbg.dag/Unity.AI.Navigation.Updater.rsp2
[ 510/1644  0s] WriteText Library/Bee/artifacts/1900b0aEDbg.dag/Unity.SharpZipLib.Utils.rsp2
[ 511/1644  0s] WriteText Library/Bee/artifacts/1900b0aEDbg.dag/Unity.2D.Sprite.Editor.UnityAdditionalFile.txt
[ 512/1644  0s] WriteText Library/Bee/artifacts/1900b0aEDbg.dag/Unity.2D.Sprite.Editor.rsp2
[ 513/1644  0s] WriteText Library/Bee/artifacts/1900b0aEDbg.dag/Unity.Collections.Editor.UnityAdditionalFile.txt
[ 514/1644  0s] WriteText Library/Bee/artifacts/1900b0aEDbg.dag/Unity.Collections.Editor.rsp2
[ 515/1644  0s] WriteText Library/Bee/artifacts/1900b0aEDbg.dag/Unity.InputSystem.ForUI.UnityAdditionalFile.txt
[ 516/1644  0s] WriteText Library/Bee/artifacts/1900b0aEDbg.dag/Unity.SharpZipLib.Editor.rsp2
[ 517/1644  0s] WriteText Library/Bee/artifacts/1900b0aEDbg.dag/Unity.InputSystem.ForUI.rsp2
[ 518/1644  0s] WriteText Library/Bee/artifacts/1900b0aEDbg.dag/Unity.MemoryProfiler.Editor.MemoryProfilerModule.UnityAdditionalFile.txt
[ 519/1644  0s] WriteText Library/Bee/artifacts/1900b0aEDbg.dag/Unity.PlasticSCM.Editor.dll.mvfrm.rsp
[ 520/1644  0s] WriteText Library/Bee/artifacts/1900b0aEDbg.dag/Unity.PlasticSCM.Editor.rsp
[ 521/1644  0s] WriteText Library/Bee/artifacts/1900b0aEDbg.dag/Hecton8.Core.dll.mvfrm.rsp
[ 522/1644  0s] WriteText Library/Bee/artifacts/1900b0aEDbg.dag/MoreMountains.Feedbacks.TextMeshPro.dll.mvfrm.rsp
[ 523/1644  0s] WriteText Library/Bee/artifacts/1900b0aEDbg.dag/MoreMountains.Feedbacks.NiceVibrations.dll.mvfrm.rsp
[ 524/1644  0s] WriteText Library/Bee/artifacts/1900b0aEDbg.dag/MoreMountains.Feedbacks.HDRP.dll.mvfrm.rsp
[ 525/1644  0s] WriteText Library/Bee/artifacts/1900b0aEDbg.dag/MeshBakerCore.dll.mvfrm.rsp
[ 526/1644  0s] WriteText Library/Bee/artifacts/1900b0aEDbg.dag/MoreMountains.Feedbacks.Cinemachine.dll.mvfrm.rsp
[ 527/1644  0s] WriteText Library/Bee/artifacts/1900b0aEDbg.dag/MCPForUnity.Runtime.dll.mvfrm.rsp
[ 528/1644  0s] WriteText Library/Bee/artifacts/1900b0aEDbg.dag/AmplifyImpostors.Runtime.dll.mvfrm.rsp
[ 529/1644  0s] WriteText Library/Bee/artifacts/1900b0aEDbg.dag/MapMagic.MicroSplat.dll.mvfrm.rsp
[ 530/1644  0s] WriteText Library/Bee/artifacts/1900b0aEDbg.dag/JBooth.MicroSplat.Core.Editor.dll.mvfrm.rsp
[ 531/1644  0s] WriteText Library/Bee/artifacts/1900b0aEDbg.dag/MoreMountains.Feedbacks.PostProcessing.dll.mvfrm.rsp
[ 532/1644  0s] WriteText Library/Bee/artifacts/1900b0aEDbg.dag/MoreMountains.Feedbacks.URP.dll.mvfrm.rsp
[ 533/1644  0s] WriteText Library/Bee/artifacts/1900b0aEDbg.dag/BakeryRuntimeAssembly.dll.mvfrm.rsp
[ 534/1644  0s] WriteText Library/Bee/artifacts/1900b0aEDbg.dag/PackageToolsEditor.dll.mvfrm.rsp
[ 535/1644  0s] WriteText Library/Bee/artifacts/1900b0aEDbg.dag/MapMagic.MicroSplat.rsp
[ 536/1644  0s] WriteText Library/Bee/artifacts/1900b0aEDbg.dag/JBooth.MicroSplat.Core.Editor.rsp
[ 537/1644  0s] WriteText Library/Bee/artifacts/1900b0aEDbg.dag/BakeryRuntimeAssembly.rsp
[ 538/1644  0s] WriteText Library/Bee/artifacts/1900b0aEDbg.dag/MeshBakerCore.rsp
[ 539/1644  0s] WriteText Library/Bee/artifacts/1900b0aEDbg.dag/MapMagic.Editor.rsp
[ 540/1644  0s] WriteText Library/Bee/artifacts/1900b0aEDbg.dag/PackageToolsEditor.rsp
[ 541/1644  0s] WriteText Library/Bee/artifacts/1900b0aEDbg.dag/Hecton8.Core.rsp
[ 542/1644  0s] WriteText Library/Bee/artifacts/1900b0aEDbg.dag/MCPForUnity.Runtime.rsp
[ 543/1644  0s] WriteText Library/Bee/artifacts/1900b0aEDbg.dag/Tayx.Graphy.rsp
[ 544/1644  0s] WriteText Library/Bee/artifacts/1900b0aEDbg.dag/MoreMountains.Feedbacks.TextMeshPro.rsp
[ 545/1644  0s] WriteText Library/Bee/artifacts/1900b0aEDbg.dag/MoreMountains.Feedbacks.PostProcessing.rsp
[ 546/1644  0s] WriteText Library/Bee/artifacts/1900b0aEDbg.dag/MoreMountains.Feedbacks.URP.rsp
[ 547/1644  0s] WriteText Library/Bee/artifacts/1900b0aEDbg.dag/MoreMountains.Feedbacks.NiceVibrations.rsp
[ 548/1644  0s] WriteText Library/Bee/artifacts/1900b0aEDbg.dag/MoreMountains.Feedbacks.HDRP.rsp
[ 549/1644  0s] WriteText Library/Bee/artifacts/1900b0aEDbg.dag/AmplifyImpostors.Runtime.rsp
[ 550/1644  0s] WriteText Library/Bee/artifacts/1900b0aEDbg.dag/MoreMountains.Feedbacks.Cinemachine.rsp
[ 551/1644  0s] WriteText Library/Bee/artifacts/1900b0aEDbg.dag/Tayx.Graphy.dll.mvfrm.rsp
[ 552/1644  0s] WriteText Library/Bee/artifacts/1900b0aEDbg.dag/MapMagic.Editor.dll.mvfrm.rsp
[ 553/1644  0s] WriteText Library/Bee/artifacts/1900b0aEDbg.dag/Unity.Collections.Editor.dll.mvfrm.rsp
[ 554/1644  0s] WriteText Library/Bee/artifacts/1900b0aEDbg.dag/Unity.SharpZipLib.Utils.dll.mvfrm.rsp
[ 555/1644  0s] WriteText Library/Bee/artifacts/1900b0aEDbg.dag/Unity.Timeline.Editor.dll.mvfrm.rsp
[ 556/1644  0s] WriteText Library/Bee/artifacts/1900b0aEDbg.dag/Unity.RenderPipelines.ShaderGraph.ShaderGraphLibrary.dll.mvfrm.rsp
[ 557/1644  0s] WriteText Library/Bee/artifacts/1900b0aEDbg.dag/Unity.MemoryProfiler.Editor.MemoryProfilerModule.dll.mvfrm.rsp
[ 558/1644  0s] WriteText Library/Bee/artifacts/1900b0aEDbg.dag/Unity.RenderPipelines.Core.ShaderLibrary.dll.mvfrm.rsp
[ 559/1644  0s] WriteText Library/Bee/artifacts/1900b0aEDbg.dag/Unity.RenderPipelines.Universal.2D.Editor.Overrides.dll.mvfrm.rsp
[ 560/1644  0s] WriteText Library/Bee/artifacts/1900b0aEDbg.dag/Unity.2D.Sprite.Editor.dll.mvfrm.rsp
[ 561/1644  0s] WriteText Library/Bee/artifacts/1900b0aEDbg.dag/Unity.TextMeshPro.Editor.dll.mvfrm.rsp
[ 562/1644  0s] WriteText Library/Bee/artifacts/1900b0aEDbg.dag/Unity.RenderPipelines.Universal.Shaders.dll.mvfrm.rsp
[ 563/1644  0s] WriteText Library/Bee/artifacts/1900b0aEDbg.dag/Unity.AI.Navigation.Updater.dll.mvfrm.rsp
[ 564/1644  0s] WriteText Library/Bee/artifacts/1900b0aEDbg.dag/Unity.VisualScripting.SettingsProvider.Editor.dll.mvfrm.rsp
[ 565/1644  0s] WriteText Library/Bee/artifacts/1900b0aEDbg.dag/Unity.SharpZipLib.Editor.dll.mvfrm.rsp
[ 566/1644  0s] WriteText Library/Bee/artifacts/1900b0aEDbg.dag/Unity.Rendering.LightTransport.Editor.dll.mvfrm.rsp
[ 567/1644  0s] WriteText Library/Bee/artifacts/1900b0aEDbg.dag/Unity.VisualScripting.Shared.Editor.dll.mvfrm.rsp
[ 568/1644  0s] WriteText Library/Bee/artifacts/1900b0aEDbg.dag/Unity.InputSystem.ForUI.dll.mvfrm.rsp
[ 569/1644  0s] WriteText Library/Bee/artifacts/1900b0aEDbg.dag/MoreMountains.Feedbacks.Authorizations.UnityAdditionalFile.txt
[ 570/1644  0s] WriteText Library/Bee/artifacts/1900b0aEDbg.dag/Hecton8.Editor.rsp2
[ 571/1644  0s] WriteText Library/Bee/artifacts/1900b0aEDbg.dag/Hecton8.Editor.UnityAdditionalFile.txt
[ 572/1644  0s] WriteText Library/Bee/artifacts/1900b0aEDbg.dag/WaveHarmonic.Crest.Scripting.rsp2
[ 573/1644  0s] WriteText Library/Bee/artifacts/1900b0aEDbg.dag/WaveHarmonic.Crest.Scripting.UnityAdditionalFile.txt
[ 574/1644  0s] WriteText Library/Bee/artifacts/1900b0aEDbg.dag/ShapesEditor.rsp2
[ 575/1644  0s] WriteText Library/Bee/artifacts/1900b0aEDbg.dag/ShapesEditor.UnityAdditionalFile.txt
[ 576/1644  0s] WriteText Library/Bee/artifacts/1900b0aEDbg.dag/MoreMountains.Feedbacks.Editor.rsp2
[ 577/1644  0s] WriteText Library/Bee/artifacts/1900b0aEDbg.dag/MoreMountains.Feedbacks.Editor.UnityAdditionalFile.txt
[ 578/1644  0s] WriteText Library/Bee/artifacts/1900b0aEDbg.dag/MapMagic.MicroSplat.Editor.rsp2
[ 579/1644  0s] WriteText Library/Bee/artifacts/1900b0aEDbg.dag/MapMagic.MicroSplat.Editor.UnityAdditionalFile.txt
[ 580/1644  0s] WriteText Library/Bee/artifacts/1900b0aEDbg.dag/VolumetricLightBeam.Editor.rsp2
[ 581/1644  0s] WriteText Library/Bee/artifacts/1900b0aEDbg.dag/VolumetricLightBeam.Editor.UnityAdditionalFile.txt
[ 582/1644  0s] WriteText Library/Bee/artifacts/1900b0aEDbg.dag/MoreMountains.Tools.Editor.rsp2
[ 583/1644  0s] WriteText Library/Bee/artifacts/1900b0aEDbg.dag/MoreMountains.Tools.Editor.UnityAdditionalFile.txt
[ 584/1644  0s] WriteText Library/Bee/artifacts/1900b0aEDbg.dag/GPUInstancer.Editor.rsp2
[ 585/1644  0s] WriteText Library/Bee/artifacts/1900b0aEDbg.dag/GPUInstancer.Editor.UnityAdditionalFile.txt
[ 586/1644  0s] WriteText Library/Bee/artifacts/1900b0aEDbg.dag/Crest.Helpers.Editor.rsp2
[ 587/1644  0s] WriteText Library/Bee/artifacts/1900b0aEDbg.dag/Crest.Helpers.Editor.UnityAdditionalFile.txt
[ 588/1644  0s] WriteText Library/Bee/artifacts/1900b0aEDbg.dag/EasySave3Editor.rsp2
[ 589/1644  0s] WriteText Library/Bee/artifacts/1900b0aEDbg.dag/EasySave3Editor.UnityAdditionalFile.txt
[ 590/1644  0s] WriteText Library/Bee/artifacts/1900b0aEDbg.dag/Tayx.Graphy.Editor.rsp2
[ 591/1644  0s] WriteText Library/Bee/artifacts/1900b0aEDbg.dag/Tayx.Graphy.Editor.UnityAdditionalFile.txt
[ 592/1644  0s] WriteText Library/Bee/artifacts/1900b0aEDbg.dag/Lofelt.NiceVibrations.Editor.rsp2
[ 593/1644  0s] WriteText Library/Bee/artifacts/1900b0aEDbg.dag/Lofelt.NiceVibrations.Editor.UnityAdditionalFile.txt
[ 594/1644  0s] WriteText Library/Bee/artifacts/1900b0aEDbg.dag/Lofelt.NiceVibrations.Demo.rsp2
[ 595/1644  0s] WriteText Library/Bee/artifacts/1900b0aEDbg.dag/Lofelt.NiceVibrations.Demo.UnityAdditionalFile.txt
[ 596/1644  0s] WriteText Library/Bee/artifacts/1900b0aEDbg.dag/AstarPathfindingProjectEditor.rsp2
[ 597/1644  0s] WriteText Library/Bee/artifacts/1900b0aEDbg.dag/AstarPathfindingProjectEditor.UnityAdditionalFile.txt
[ 598/1644  0s] WriteText Library/Bee/artifacts/1900b0aEDbg.dag/Sirenix.OdinInspector.Modules.UnityMathematics.rsp2
[ 599/1644  0s] WriteText Library/Bee/artifacts/1900b0aEDbg.dag/Sirenix.OdinInspector.Modules.UnityMathematics.UnityAdditionalFile.txt
[ 600/1644  0s] WriteText Library/Bee/artifacts/1900b0aEDbg.dag/MeshBakerEditor.rsp2
[ 601/1644  0s] WriteText Library/Bee/artifacts/1900b0aEDbg.dag/MeshBakerEditor.UnityAdditionalFile.txt
[ 602/1644  0s] WriteText Library/Bee/artifacts/1900b0aEDbg.dag/MCPForUnity.Editor.rsp2
[ 603/1644  0s] WriteText Library/Bee/artifacts/1900b0aEDbg.dag/MCPForUnity.Editor.UnityAdditionalFile.txt
[ 604/1644  0s] WriteText Library/Bee/artifacts/1900b0aEDbg.dag/BakeryEditorAssembly.rsp2
[ 605/1644  0s] WriteText Library/Bee/artifacts/1900b0aEDbg.dag/BakeryEditorAssembly.UnityAdditionalFile.txt
[ 606/1644  0s] WriteText Library/Bee/artifacts/1900b0aEDbg.dag/AmplifyImpostors.Editor.rsp2
[ 607/1644  0s] WriteText Library/Bee/artifacts/1900b0aEDbg.dag/AmplifyImpostors.Editor.UnityAdditionalFile.txt
[ 608/1644  0s] WriteText Library/Bee/artifacts/1900b0aEDbg.dag/TechniePhysicsCreator.rsp2
[ 609/1644  0s] WriteText Library/Bee/artifacts/1900b0aEDbg.dag/TechniePhysicsCreator.UnityAdditionalFile.txt
[ 610/1644  0s] WriteText Library/Bee/artifacts/1900b0aEDbg.dag/RealtimeCSG.rsp2
[ 611/1644  0s] WriteText Library/Bee/artifacts/1900b0aEDbg.dag/RealtimeCSG.UnityAdditionalFile.txt
[ 612/1644  0s] WriteText Library/Bee/artifacts/1900b0aEDbg.dag/UnityEditor.UI.Analytics.rsp
[ 613/1644  0s] WriteText Library/Bee/artifacts/1900b0aEDbg.dag/Unity.VisualScripting.Shared.Editor.rsp
[ 614/1644  0s] WriteText Library/Bee/artifacts/1900b0aEDbg.dag/Unity.VisualScripting.SettingsProvider.Editor.rsp
[ 615/1644  0s] WriteText Library/Bee/artifacts/1900b0aEDbg.dag/Unity.Timeline.Editor.rsp
[ 616/1644  0s] WriteText Library/Bee/artifacts/1900b0aEDbg.dag/Unity.TextMeshPro.Editor.rsp
[ 617/1644  0s] WriteText Library/Bee/artifacts/1900b0aEDbg.dag/Unity.SharpZipLib.Utils.rsp
[ 618/1644  0s] WriteText Library/Bee/artifacts/1900b0aEDbg.dag/Unity.SharpZipLib.Editor.rsp
[ 619/1644  0s] WriteText Library/Bee/artifacts/1900b0aEDbg.dag/Unity.Rendering.LightTransport.Editor.rsp
[ 620/1644  0s] WriteText Library/Bee/artifacts/1900b0aEDbg.dag/Unity.RenderPipelines.Universal.Shaders.rsp
[ 621/1644  0s] WriteText Library/Bee/artifacts/1900b0aEDbg.dag/Unity.RenderPipelines.Universal.2D.Editor.Overrides.rsp
[ 622/1644  0s] WriteText Library/Bee/artifacts/1900b0aEDbg.dag/Unity.RenderPipelines.ShaderGraph.ShaderGraphLibrary.rsp
[ 623/1644  0s] WriteText Library/Bee/artifacts/1900b0aEDbg.dag/Unity.RenderPipelines.Core.ShaderLibrary.rsp
[ 624/1644  0s] WriteText Library/Bee/artifacts/1900b0aEDbg.dag/Unity.ProBuilder.AddOns.Editor.rsp
[ 625/1644  0s] WriteText Library/Bee/artifacts/1900b0aEDbg.dag/Unity.MemoryProfiler.Editor.MemoryProfilerModule.rsp
[ 626/1644  0s] WriteText Library/Bee/artifacts/1900b0aEDbg.dag/Unity.InputSystem.ForUI.rsp
[ 627/1644  0s] WriteText Library/Bee/artifacts/1900b0aEDbg.dag/Unity.Collections.Editor.rsp
[ 628/1644  0s] WriteText Library/Bee/artifacts/1900b0aEDbg.dag/Unity.AI.Navigation.Updater.rsp
[ 629/1644  0s] WriteText Library/Bee/artifacts/1900b0aEDbg.dag/Unity.2D.Sprite.Editor.rsp
[ 630/1644  0s] WriteText Library/Bee/artifacts/1900b0aEDbg.dag/MoreMountains.Feedbacks.Authorizations.rsp2
[ 631/1644  0s] WriteText Library/Bee/artifacts/1900b0aEDbg.dag/TechniePhysicsCreator.dll.mvfrm.rsp
[ 632/1644  0s] WriteText Library/Bee/artifacts/1900b0aEDbg.dag/BakeryEditorAssembly.dll.mvfrm.rsp
[ 633/1644  0s] WriteText Library/Bee/artifacts/1900b0aEDbg.dag/MoreMountains.Feedbacks.Editor.dll.mvfrm.rsp
[ 634/1644  0s] WriteText Library/Bee/artifacts/1900b0aEDbg.dag/MapMagic.MicroSplat.Editor.dll.mvfrm.rsp
[ 635/1644  0s] WriteText Library/Bee/artifacts/1900b0aEDbg.dag/MCPForUnity.Editor.dll.mvfrm.rsp
[ 636/1644  0s] WriteText Library/Bee/artifacts/1900b0aEDbg.dag/VolumetricLightBeam.Editor.dll.mvfrm.rsp
[ 637/1644  0s] WriteText Library/Bee/artifacts/1900b0aEDbg.dag/Crest.Helpers.Editor.dll.mvfrm.rsp
[ 638/1644  0s] WriteText Library/Bee/artifacts/1900b0aEDbg.dag/UnityEditor.UI.Analytics.dll.mvfrm.rsp
[ 639/1644  0s] WriteText Library/Bee/artifacts/1900b0aEDbg.dag/MoreMountains.Tools.Editor.dll.mvfrm.rsp
[ 640/1644  0s] WriteText Library/Bee/artifacts/1900b0aEDbg.dag/Unity.ProBuilder.AddOns.Editor.dll.mvfrm.rsp
[ 641/1644  0s] WriteText Library/Bee/artifacts/1900b0aEDbg.dag/GPUInstancer.Editor.dll.mvfrm.rsp
[ 642/1644  0s] WriteText Library/Bee/artifacts/1900b0aEDbg.dag/EasySave3Editor.dll.mvfrm.rsp
[ 643/1644  0s] WriteText Library/Bee/artifacts/1900b0aEDbg.dag/MeshBakerEditor.dll.mvfrm.rsp
[ 644/1644  0s] WriteText Library/Bee/artifacts/1900b0aEDbg.dag/Tayx.Graphy.Editor.dll.mvfrm.rsp
[ 645/1644  0s] WriteText Library/Bee/artifacts/1900b0aEDbg.dag/RealtimeCSG.dll.mvfrm.rsp
[ 646/1644  0s] WriteText Library/Bee/artifacts/1900b0aEDbg.dag/WaveHarmonic.Crest.Scripting.dll.mvfrm.rsp
[ 647/1644  0s] WriteText Library/Bee/artifacts/1900b0aEDbg.dag/AmplifyImpostors.Editor.dll.mvfrm.rsp
[ 648/1644  0s] WriteText Library/Bee/artifacts/1900b0aEDbg.dag/AstarPathfindingProjectEditor.dll.mvfrm.rsp
[ 649/1644  0s] WriteText Library/Bee/artifacts/1900b0aEDbg.dag/ShapesEditor.dll.mvfrm.rsp
[ 650/1644  0s] WriteText Library/Bee/artifacts/1900b0aEDbg.dag/MoreMountains.Feedbacks.Authorizations.dll.mvfrm.rsp
[ 651/1644  0s] WriteText Library/Bee/artifacts/1900b0aEDbg.dag/Sirenix.OdinInspector.Modules.UnityMathematics.dll.mvfrm.rsp
[ 652/1644  0s] WriteText Library/Bee/artifacts/1900b0aEDbg.dag/Lofelt.NiceVibrations.Editor.dll.mvfrm.rsp
[ 653/1644  0s] WriteText Library/Bee/artifacts/1900b0aEDbg.dag/Hecton8.Editor.dll.mvfrm.rsp
[ 654/1644  0s] WriteText Library/Bee/artifacts/1900b0aEDbg.dag/EasySave3Editor.rsp
[ 655/1644  0s] WriteText Library/Bee/artifacts/1900b0aEDbg.dag/BakeryEditorAssembly.rsp
[ 656/1644  0s] WriteText Library/Bee/artifacts/1900b0aEDbg.dag/TechniePhysicsCreator.rsp
[ 657/1644  0s] WriteText Library/Bee/artifacts/1900b0aEDbg.dag/Tayx.Graphy.Editor.rsp
[ 658/1644  0s] WriteText Library/Bee/artifacts/1900b0aEDbg.dag/Sirenix.OdinInspector.Modules.UnityMathematics.rsp
[ 659/1644  0s] WriteText Library/Bee/artifacts/1900b0aEDbg.dag/AmplifyImpostors.Editor.rsp
[ 660/1644  0s] WriteText Library/Bee/artifacts/1900b0aEDbg.dag/Lofelt.NiceVibrations.Demo.rsp
[ 661/1644  0s] WriteText Library/Bee/artifacts/1900b0aEDbg.dag/MoreMountains.Tools.Editor.rsp
[ 662/1644  0s] WriteText Library/Bee/artifacts/1900b0aEDbg.dag/WaveHarmonic.Crest.Scripting.rsp
[ 663/1644  0s] WriteText Library/Bee/artifacts/1900b0aEDbg.dag/VolumetricLightBeam.Editor.rsp
[ 664/1644  0s] WriteText Library/Bee/artifacts/1900b0aEDbg.dag/Hecton8.Editor.rsp
[ 665/1644  0s] WriteText Library/Bee/artifacts/1900b0aEDbg.dag/Crest.Helpers.Editor.rsp
[ 666/1644  0s] WriteText Library/Bee/artifacts/1900b0aEDbg.dag/Lofelt.NiceVibrations.Editor.rsp
[ 667/1644  0s] WriteText Library/Bee/artifacts/1900b0aEDbg.dag/MapMagic.MicroSplat.Editor.rsp
[ 668/1644  0s] WriteText Library/Bee/artifacts/1900b0aEDbg.dag/MoreMountains.Feedbacks.Authorizations.rsp
[ 669/1644  0s] WriteText Library/Bee/artifacts/1900b0aEDbg.dag/Lofelt.NiceVibrations.Demo.dll.mvfrm.rsp
[ 670/1644  0s] WriteText Library/Bee/artifacts/1900b0aEDbg.dag/ShapesEditor.rsp
[ 671/1644  0s] WriteText Library/Bee/artifacts/1900b0aEDbg.dag/MoreMountains.Feedbacks.Editor.rsp
[ 672/1644  0s] WriteText Library/Bee/artifacts/1900b0aEDbg.dag/MeshBakerEditor.rsp
[ 673/1644  0s] WriteText Library/Bee/artifacts/1900b0aEDbg.dag/MCPForUnity.Editor.rsp
[ 674/1644  0s] WriteText Library/Bee/artifacts/1900b0aEDbg.dag/RealtimeCSG.rsp
[ 675/1644  0s] WriteText Library/Bee/artifacts/1900b0aEDbg.dag/GPUInstancer.Editor.rsp
[ 676/1644  0s] WriteText Library/Bee/artifacts/1900b0aEDbg.dag/AstarPathfindingProjectEditor.rsp
[ 677/1644  0s] WriteText Library/Bee/artifacts/1900b0aEDbg.dag/Assembly-CSharp-firstpass.rsp2
[ 678/1644  0s] WriteText Library/Bee/artifacts/1900b0aEDbg.dag/Assembly-CSharp-firstpass.UnityAdditionalFile.txt
[ 679/1644  0s] WriteText Library/Bee/artifacts/1900b0aEDbg.dag/Assembly-CSharp-firstpass.dll.mvfrm.rsp
[ 680/1644  0s] WriteText Library/Bee/artifacts/1900b0aEDbg.dag/Assembly-CSharp-Editor-firstpass.rsp2
[ 681/1644  0s] WriteText Library/Bee/artifacts/1900b0aEDbg.dag/Assembly-CSharp.rsp2
[ 682/1644  0s] WriteText Library/Bee/artifacts/1900b0aEDbg.dag/Assembly-CSharp.UnityAdditionalFile.txt
[ 683/1644  0s] WriteText Library/Bee/artifacts/1900b0aEDbg.dag/Assembly-CSharp-firstpass.rsp
[ 684/1644  0s] WriteText Library/Bee/artifacts/1900b0aEDbg.dag/Assembly-CSharp-Editor-firstpass.UnityAdditionalFile.txt
[ 685/1644  0s] WriteText Library/Bee/artifacts/1900b0aEDbg.dag/Assembly-CSharp.dll.mvfrm.rsp
[ 686/1644  0s] WriteText Library/Bee/artifacts/1900b0aEDbg.dag/Assembly-CSharp-Editor-firstpass.dll.mvfrm.rsp
[ 687/1644  0s] WriteText Library/Bee/artifacts/1900b0aEDbg.dag/Assembly-CSharp-Editor-firstpass.rsp
[ 688/1644  0s] WriteText Library/Bee/artifacts/1900b0aEDbg.dag/WaveHarmonic.Crest.Samples.dll.mvfrm.rsp
[ 689/1644  0s] WriteText Library/Bee/artifacts/1900b0aEDbg.dag/WaveHarmonic.Crest.Editor.Dependents.dll.mvfrm.rsp
[ 690/1644  0s] WriteText Library/Bee/artifacts/1900b0aEDbg.dag/Assembly-CSharp.rsp
[ 691/1644  0s] WriteText Library/Bee/artifacts/1900b0aEDbg.dag/Unity.PlasticSCM.Editor.Entities.dll.mvfrm.rsp
[ 692/1644  0s] WriteText Library/Bee/artifacts/1900b0aEDbg.dag/Unity.CollabProxy.Editor.dll.mvfrm.rsp
[ 693/1644  0s] WriteText Library/Bee/artifacts/1900b0aEDbg.dag/WaveHarmonic.Crest.Editor.dll.mvfrm.rsp
[ 694/1644  0s] WriteText Library/Bee/artifacts/1900b0aEDbg.dag/Assembly-CSharp-Editor.dll.mvfrm.rsp
[ 695/1644  0s] WriteText Library/Bee/artifacts/1900b0aEDbg.dag/WaveHarmonic.Crest.Samples.rsp2
[ 696/1644  0s] WriteText Library/Bee/artifacts/1900b0aEDbg.dag/Technie.PhysicsCreator.Updater.dll.mvfrm.rsp
[ 697/1644  0s] WriteText Library/Bee/artifacts/1900b0aEDbg.dag/MapMagic.Settings.dll.mvfrm.rsp
[ 698/1644  0s] WriteText Library/Bee/artifacts/1900b0aEDbg.dag/WaveHarmonic.Crest.Samples.UnityAdditionalFile.txt
[ 699/1644  0s] WriteText Library/Bee/artifacts/1900b0aEDbg.dag/WaveHarmonic.Crest.Editor.rsp2
[ 700/1644  0s] WriteText Library/Bee/artifacts/1900b0aEDbg.dag/WaveHarmonic.Crest.Editor.UnityAdditionalFile.txt
[ 701/1644  0s] WriteText Library/Bee/artifacts/1900b0aEDbg.dag/Unity.PlasticSCM.Editor.Entities.rsp2
[ 702/1644  0s] WriteText Library/Bee/artifacts/1900b0aEDbg.dag/WaveHarmonic.Crest.Samples.rsp
[ 703/1644  0s] WriteText Library/Bee/artifacts/1900b0aEDbg.dag/MapMagic.Settings.UnityAdditionalFile.txt
[ 704/1644  0s] WriteText Library/Bee/artifacts/1900b0aEDbg.dag/WaveHarmonic.Crest.Editor.Dependents.UnityAdditionalFile.txt
[ 705/1644  0s] WriteText Library/Bee/artifacts/1900b0aEDbg.dag/Technie.PhysicsCreator.Updater.rsp2
[ 706/1644  0s] WriteText Library/Bee/artifacts/1900b0aEDbg.dag/Unity.CollabProxy.Editor.rsp2
[ 707/1644  0s] WriteText Library/Bee/artifacts/1900b0aEDbg.dag/Unity.PlasticSCM.Editor.Entities.UnityAdditionalFile.txt
[ 708/1644  0s] WriteText Library/Bee/artifacts/1900b0aEDbg.dag/Technie.PhysicsCreator.Updater.UnityAdditionalFile.txt
[ 709/1644  0s] WriteText Library/Bee/artifacts/1900b0aEDbg.dag/Assembly-CSharp-Editor.rsp2
[ 710/1644  0s] WriteText Library/Bee/artifacts/1900b0aEDbg.dag/Assembly-CSharp-Editor.UnityAdditionalFile.txt
[ 711/1644  0s] WriteText Library/Bee/artifacts/1900b0aEDbg.dag/MapMagic.Settings.rsp2
[ 712/1644  0s] WriteText Library/Bee/artifacts/1900b0aEDbg.dag/Unity.CollabProxy.Editor.UnityAdditionalFile.txt
[ 713/1644  0s] WriteText Library/Bee/artifacts/1900b0aEDbg.dag/WaveHarmonic.Crest.Editor.Dependents.rsp2
[ 714/1644  0s] WriteText Library/Bee/artifacts/1900b0aEDbg.dag/WaveHarmonic.Crest.Editor.rsp
[ 715/1644  0s] WriteText Library/Bee/artifacts/1900b0aEDbg.dag/MapMagic.Settings.rsp
[ 716/1644  0s] WriteText Library/Bee/artifacts/1900b0aEDbg.dag/Assembly-CSharp-Editor.rsp
[ 717/1644  0s] WriteText Library/Bee/artifacts/1900b0aEDbg.dag/Technie.PhysicsCreator.Updater.rsp
[ 718/1644  0s] WriteText Library/Bee/artifacts/1900b0aEDbg.dag/Unity.PlasticSCM.Editor.Entities.rsp
[ 719/1644  0s] WriteText Library/Bee/artifacts/1900b0aEDbg.dag/WaveHarmonic.Crest.Editor.Dependents.rsp
[ 720/1644  0s] WriteText Library/Bee/artifacts/1900b0aEDbg.dag/Unity.CollabProxy.Editor.rsp
[ 721/1644  0s] WriteResponseFile Library/Bee/artifacts/rsp/16280743343789145462.rsp
[ 722/1644  1s] MovedFromExtractor Library/Bee/artifacts/mvdfrm/Unity.Burst.Cecil.dll_33E0CC4E308768EF.mvfrm
[ 723/1644  0s] WriteResponseFile Library/Bee/artifacts/rsp/16259108325220449070.rsp
[ 724/1644  0s] WriteResponseFile Library/Bee/artifacts/rsp/8352540489763676303.rsp
[ 725/1644  0s] WriteResponseFile Library/Bee/artifacts/rsp/13812888927544324737.rsp
[ 726/1644  0s] WriteResponseFile Library/Bee/artifacts/rsp/16868173504329741775.rsp
[ 727/1644  0s] WriteResponseFile Library/Bee/artifacts/rsp/3050411730461426618.rsp
[ 728/1644  0s] WriteResponseFile Library/Bee/artifacts/rsp/11556721456661460103.rsp
[ 729/1644  0s] WriteResponseFile Library/Bee/artifacts/rsp/5437769195855483410.rsp
[ 730/1644  0s] WriteResponseFile Library/Bee/artifacts/rsp/16245942533418964222.rsp
[ 731/1644  0s] WriteResponseFile Library/Bee/artifacts/rsp/16765266549976182072.rsp
[ 732/1644  0s] WriteResponseFile Library/Bee/artifacts/rsp/1263284055226029663.rsp
[ 733/1644  0s] WriteResponseFile Library/Bee/artifacts/rsp/3591788522332290529.rsp
[ 734/1644  0s] WriteResponseFile Library/Bee/artifacts/rsp/9523896272125829617.rsp
[ 735/1644  0s] WriteResponseFile Library/Bee/artifacts/rsp/12826685123125824019.rsp
[ 736/1644  0s] WriteResponseFile Library/Bee/artifacts/rsp/663317943886722861.rsp
[ 737/1644  0s] WriteResponseFile Library/Bee/artifacts/rsp/10737166954586391488.rsp
[ 738/1644  0s] WriteResponseFile Library/Bee/artifacts/rsp/10061567675400582526.rsp
[ 739/1644  0s] WriteResponseFile Library/Bee/artifacts/rsp/3524915965688733585.rsp
[ 740/1644  0s] WriteResponseFile Library/Bee/artifacts/rsp/8294100515912051134.rsp
[ 741/1644  0s] WriteResponseFile Library/Bee/artifacts/rsp/14811776502145285846.rsp
[ 742/1644  0s] WriteResponseFile Library/Bee/artifacts/rsp/146586721694071335.rsp
[ 743/1644  0s] WriteResponseFile Library/Bee/artifacts/rsp/10024200538832084055.rsp
[ 744/1644  0s] WriteResponseFile Library/Bee/artifacts/rsp/513504051141761607.rsp
[ 745/1644  0s] WriteResponseFile Library/Bee/artifacts/rsp/13278440290851158717.rsp
[ 746/1644  0s] WriteResponseFile Library/Bee/artifacts/rsp/10807252783537422240.rsp
[ 747/1644  0s] WriteResponseFile Library/Bee/artifacts/rsp/2750718114250301858.rsp
[ 748/1644  0s] WriteResponseFile Library/Bee/artifacts/rsp/10655299430136202450.rsp
[ 749/1644  0s] WriteResponseFile Library/Bee/artifacts/rsp/1679197209529901891.rsp
[ 750/1644  0s] WriteResponseFile Library/Bee/artifacts/rsp/997739259942172784.rsp
[ 751/1644  0s] WriteResponseFile Library/Bee/artifacts/rsp/815582727997124698.rsp
[ 752/1644  0s] WriteResponseFile Library/Bee/artifacts/rsp/5068094731376506261.rsp
[ 753/1644  0s] WriteResponseFile Library/Bee/artifacts/rsp/4082344215324493762.rsp
[ 754/1644  0s] WriteResponseFile Library/Bee/artifacts/rsp/11759583280135874267.rsp
[ 755/1644  0s] WriteResponseFile Library/Bee/artifacts/rsp/16080073493790036600.rsp
[ 756/1644  0s] WriteResponseFile Library/Bee/artifacts/rsp/1640936259373679437.rsp
[ 757/1644  0s] WriteResponseFile Library/Bee/artifacts/rsp/4172707023850728460.rsp
[ 758/1644  0s] WriteResponseFile Library/Bee/artifacts/rsp/9761865380786859028.rsp
[ 759/1644  0s] WriteResponseFile Library/Bee/artifacts/rsp/312309801395586450.rsp
[ 760/1644  0s] WriteResponseFile Library/Bee/artifacts/rsp/17206416036114848451.rsp
[ 761/1644  0s] WriteResponseFile Library/Bee/artifacts/rsp/14539713768323031873.rsp
[ 762/1644  0s] WriteResponseFile Library/Bee/artifacts/rsp/1790374775883721841.rsp
[ 763/1644  0s] WriteResponseFile Library/Bee/artifacts/rsp/9263707530294325947.rsp
[ 764/1644  0s] WriteResponseFile Library/Bee/artifacts/rsp/15345395123426929137.rsp
[ 765/1644  0s] WriteResponseFile Library/Bee/artifacts/rsp/8209900647369793526.rsp
[ 766/1644  0s] WriteResponseFile Library/Bee/artifacts/rsp/12642482374746149726.rsp
[ 767/1644  0s] WriteResponseFile Library/Bee/artifacts/rsp/13435875145466805545.rsp
[ 768/1644  0s] WriteResponseFile Library/Bee/artifacts/rsp/8841336325097677336.rsp
[ 769/1644  0s] WriteResponseFile Library/Bee/artifacts/rsp/9206500608165089184.rsp
[ 770/1644  0s] WriteResponseFile Library/Bee/artifacts/rsp/14944518940209746966.rsp
[ 771/1644  0s] WriteResponseFile Library/Bee/artifacts/rsp/12974872470249852953.rsp
[ 772/1644  0s] WriteResponseFile Library/Bee/artifacts/rsp/11029034450048853292.rsp
[ 773/1644  0s] WriteResponseFile Library/Bee/artifacts/rsp/1724611974032065035.rsp
[ 774/1644  0s] WriteResponseFile Library/Bee/artifacts/rsp/15291906493333475604.rsp
[ 775/1644  0s] WriteResponseFile Library/Bee/artifacts/rsp/8842736054171868425.rsp
[ 776/1644  0s] WriteResponseFile Library/Bee/artifacts/rsp/507141329372647684.rsp
[ 777/1644  0s] WriteResponseFile Library/Bee/artifacts/rsp/8385572841680547847.rsp
[ 778/1644  0s] WriteResponseFile Library/Bee/artifacts/rsp/15087186566765641305.rsp
[ 779/1644  0s] WriteResponseFile Library/Bee/artifacts/rsp/9975385383016718558.rsp
[ 780/1644  0s] WriteResponseFile Library/Bee/artifacts/rsp/3701870579560361197.rsp
[ 781/1644  0s] WriteResponseFile Library/Bee/artifacts/rsp/8393518277035340159.rsp
[ 782/1644  0s] WriteResponseFile Library/Bee/artifacts/rsp/13279423640760612673.rsp
[ 783/1644  0s] WriteResponseFile Library/Bee/artifacts/rsp/3297512147342836980.rsp
[ 784/1644  0s] WriteResponseFile Library/Bee/artifacts/rsp/9450249782903758578.rsp
[ 785/1644  0s] WriteResponseFile Library/Bee/artifacts/rsp/12027308485851658839.rsp
[ 786/1644  0s] WriteResponseFile Library/Bee/artifacts/rsp/5169470423345436067.rsp
[ 787/1644  0s] WriteResponseFile Library/Bee/artifacts/rsp/5244213630488137546.rsp
[ 788/1644  0s] WriteResponseFile Library/Bee/artifacts/rsp/8095851013255142305.rsp
[ 789/1644  0s] WriteResponseFile Library/Bee/artifacts/rsp/14651922630097680662.rsp
[ 790/1644  0s] WriteResponseFile Library/Bee/artifacts/rsp/17876187647272723585.rsp
[ 791/1644  0s] WriteResponseFile Library/Bee/artifacts/rsp/1414624249334333641.rsp
[ 792/1644  0s] WriteResponseFile Library/Bee/artifacts/rsp/5865780743437936625.rsp
[ 793/1644  0s] WriteResponseFile Library/Bee/artifacts/rsp/14874015097140158965.rsp
[ 794/1644  0s] WriteResponseFile Library/Bee/artifacts/rsp/5465071027294452425.rsp
[ 795/1644  0s] WriteResponseFile Library/Bee/artifacts/rsp/4193507190395681767.rsp
[ 796/1644  0s] WriteResponseFile Library/Bee/artifacts/rsp/7429754328999314785.rsp
[ 797/1644  0s] WriteResponseFile Library/Bee/artifacts/rsp/10382692468203510510.rsp
[ 798/1644  0s] WriteResponseFile Library/Bee/artifacts/rsp/339782785790857274.rsp
[ 799/1644  0s] WriteResponseFile Library/Bee/artifacts/rsp/11332417161109625413.rsp
[ 800/1644  0s] WriteResponseFile Library/Bee/artifacts/rsp/1368919720426971504.rsp
[ 801/1644  0s] WriteResponseFile Library/Bee/artifacts/rsp/16142651297996988846.rsp
[ 802/1644  0s] WriteResponseFile Library/Bee/artifacts/rsp/5712859670010231491.rsp
[ 803/1644  0s] WriteResponseFile Library/Bee/artifacts/rsp/2994099991019843295.rsp
[ 804/1644  0s] WriteResponseFile Library/Bee/artifacts/rsp/8542480778973874011.rsp
[ 805/1644  0s] WriteResponseFile Library/Bee/artifacts/rsp/1191125675877671024.rsp
[ 806/1644  0s] WriteResponseFile Library/Bee/artifacts/rsp/17626248429526979731.rsp
[ 807/1644  0s] WriteResponseFile Library/Bee/artifacts/rsp/10756517099639384098.rsp
[ 808/1644  0s] WriteResponseFile Library/Bee/artifacts/rsp/14913067531129770977.rsp
[ 809/1644  0s] WriteResponseFile Library/Bee/artifacts/rsp/12391268863132583056.rsp
[ 810/1644  0s] WriteResponseFile Library/Bee/artifacts/rsp/7045526637208854022.rsp
[ 811/1644  0s] WriteResponseFile Library/Bee/artifacts/rsp/862228858913129562.rsp
[ 812/1644  0s] WriteResponseFile Library/Bee/artifacts/rsp/8160633778266953362.rsp
[ 813/1644  0s] WriteResponseFile Library/Bee/artifacts/rsp/7917304513136103991.rsp
[ 814/1644  0s] WriteResponseFile Library/Bee/artifacts/rsp/5147072719652273855.rsp
[ 815/1644  0s] WriteResponseFile Library/Bee/artifacts/rsp/4992332091840867526.rsp
[ 816/1644  0s] WriteResponseFile Library/Bee/artifacts/rsp/7913233347246397287.rsp
[ 817/1644  0s] WriteResponseFile Library/Bee/artifacts/rsp/15985480389207366606.rsp
[ 818/1644  0s] WriteResponseFile Library/Bee/artifacts/rsp/4495572836693869671.rsp
[ 819/1644  0s] WriteResponseFile Library/Bee/artifacts/rsp/12244479590358847285.rsp
[ 820/1644  0s] WriteResponseFile Library/Bee/artifacts/rsp/11793066456053230617.rsp
[ 821/1644  0s] WriteResponseFile Library/Bee/artifacts/rsp/10280151241497969650.rsp
[ 822/1644  0s] WriteResponseFile Library/Bee/artifacts/rsp/17487438117723563502.rsp
[ 823/1644  0s] WriteResponseFile Library/Bee/artifacts/rsp/17183149037825225594.rsp
[ 824/1644  0s] WriteResponseFile Library/Bee/artifacts/rsp/3667958637624612074.rsp
[ 825/1644  0s] WriteResponseFile Library/Bee/artifacts/rsp/16186684979044175686.rsp
[ 826/1644  0s] WriteResponseFile Library/Bee/artifacts/rsp/7480027478895629309.rsp
[ 827/1644  0s] WriteResponseFile Library/Bee/artifacts/rsp/2280164839559588017.rsp
[ 828/1644  0s] WriteResponseFile Library/Bee/artifacts/rsp/8299739285166830595.rsp
[ 829/1644  0s] WriteResponseFile Library/Bee/artifacts/rsp/909421529371613712.rsp
[ 830/1644  0s] WriteResponseFile Library/Bee/artifacts/rsp/5480968442609612319.rsp
[ 831/1644  0s] WriteResponseFile Library/Bee/artifacts/rsp/17988470143670526433.rsp
[ 832/1644  2s] MovedFromExtractor-Combine Library/Bee/artifacts/1900b0aEDbg.dag/UnityEngine.UI.dll.mvfrm
[ 833/1644  0s] WriteResponseFile Library/Bee/artifacts/rsp/7045246832102146154.rsp
[ 834/1644  0s] WriteResponseFile Library/Bee/artifacts/rsp/8259271663070631083.rsp
[ 835/1644  0s] WriteResponseFile Library/Bee/artifacts/rsp/13384744696760241180.rsp
[ 836/1644  0s] WriteResponseFile Library/Bee/artifacts/rsp/2123039382149407573.rsp
[ 837/1644  0s] WriteResponseFile Library/Bee/artifacts/rsp/10769723696871697124.rsp
[ 838/1644  0s] WriteResponseFile Library/Bee/artifacts/rsp/7307018743345469276.rsp
[ 839/1644  0s] WriteResponseFile Library/Bee/artifacts/rsp/4231056368997063253.rsp
[ 840/1644  0s] WriteResponseFile Library/Bee/artifacts/rsp/3700639767894506374.rsp
[ 841/1644  0s] WriteResponseFile Library/Bee/artifacts/rsp/13382816160479536584.rsp
[ 842/1644  0s] WriteResponseFile Library/Bee/artifacts/rsp/10783871755175974729.rsp
[ 843/1644  0s] WriteResponseFile Library/Bee/artifacts/rsp/12423361703144951130.rsp
[ 844/1644  0s] WriteResponseFile Library/Bee/artifacts/rsp/10790154314721026069.rsp
[ 845/1644  2s] MovedFromExtractor Library/Bee/artifacts/mvdfrm/Unity.Burst.Cecil.Mdb.dll_6CD8765DD31BEFEC.mvfrm
[ 846/1644  0s] WriteResponseFile Library/Bee/artifacts/rsp/13367752273439125745.rsp
[ 847/1644  0s] WriteResponseFile Library/Bee/artifacts/rsp/13111862135879654926.rsp
[ 848/1644  0s] WriteResponseFile Library/Bee/artifacts/rsp/13937618220218904785.rsp
[ 849/1644  0s] WriteResponseFile Library/Bee/artifacts/rsp/18171093248618435635.rsp
[ 850/1644  0s] WriteResponseFile Library/Bee/artifacts/rsp/18365255511867171480.rsp
[ 851/1644  0s] WriteResponseFile Library/Bee/artifacts/rsp/10350836612437539011.rsp
[ 852/1644  0s] WriteResponseFile Library/Bee/artifacts/rsp/13682376782780570807.rsp
[ 853/1644  0s] WriteResponseFile Library/Bee/artifacts/rsp/2328560252820195396.rsp
[ 854/1644  0s] WriteResponseFile Library/Bee/artifacts/rsp/15607649557060790178.rsp
[ 855/1644  0s] WriteResponseFile Library/Bee/artifacts/rsp/2349787212995086999.rsp
[ 856/1644  0s] WriteResponseFile Library/Bee/artifacts/rsp/11130754485139705694.rsp
[ 857/1644  0s] WriteResponseFile Library/Bee/artifacts/rsp/17278736735188021267.rsp
[ 858/1644  0s] WriteResponseFile Library/Bee/artifacts/rsp/3374092467779639547.rsp
[ 859/1644  0s] WriteResponseFile Library/Bee/artifacts/rsp/447114772576213250.rsp
[ 860/1644  0s] WriteResponseFile Library/Bee/artifacts/rsp/13283745091630919918.rsp
[ 861/1644  0s] WriteResponseFile Library/Bee/artifacts/rsp/2853590492422197269.rsp
[ 862/1644  0s] WriteResponseFile Library/Bee/artifacts/rsp/15112065493507149036.rsp
[ 863/1644  0s] WriteResponseFile Library/Bee/artifacts/rsp/8482265139851380363.rsp
[ 864/1644  2s] MovedFromExtractor Library/Bee/artifacts/mvdfrm/Unity.Burst.Cecil.Pdb.dll_842AEECD51D0F16F.mvfrm
[ 865/1644  2s] MovedFromExtractor Library/Bee/artifacts/mvdfrm/Unity.Burst.Cecil.Rocks.dll_4C2808B8211B856F.mvfrm
[ 865/1644  0s] Csc Library/Bee/artifacts/1900b0aEDbg.dag/UnityEngine.UI.dll (+2 others) [CacheHit fc282bb803f1814c53f419418e5da98400000000000000000000000000000006]
[ 866/1644  0s] Csc Library/Bee/artifacts/1900b0aEDbg.dag/UnityEngine.UI.dll (+2 others)
[ 868/1644  0s] MovedFromExtractor Library/Bee/artifacts/mvdfrm/UnityEngine.UI.ref.dll_1A140323D56DB509.mvfrm
[ 869/1644  0s] MovedFromExtractor-Combine Library/Bee/artifacts/1900b0aEDbg.dag/UnityEditor.UI.dll.mvfrm
[ 868/1644  0s] Csc Library/Bee/artifacts/1900b0aEDbg.dag/UnityEditor.UI.dll (+2 others) [CacheHit c0905879ddd2a06c315b8094dd6e296f00000000000000000000000000000006]
[ 870/1644  0s] Csc Library/Bee/artifacts/1900b0aEDbg.dag/UnityEditor.UI.dll (+2 others)
[ 872/1644  0s] MovedFromExtractor Library/Bee/artifacts/mvdfrm/UnityEditor.UI.ref.dll_5DAE2CC8CF4B8C9E.mvfrm
[ 873/1644  0s] MovedFromExtractor-Combine Library/Bee/artifacts/1900b0aEDbg.dag/Unity.ShaderGraph.Utilities.dll.mvfrm
[ 874/1644  0s] MovedFromExtractor-Combine Library/Bee/artifacts/1900b0aEDbg.dag/Unity.InternalAPIEditorBridge.ShaderGraph.Editor.dll.mvfrm
[ 875/1644  0s] MovedFromExtractor-Combine Library/Bee/artifacts/1900b0aEDbg.dag/Unity.Burst.dll.mvfrm
[ 876/1644  0s] MovedFromExtractor-Combine Library/Bee/artifacts/1900b0aEDbg.dag/Unity.Searcher.Editor.dll.mvfrm
[ 877/1644  0s] MovedFromExtractor-Combine Library/Bee/artifacts/1900b0aEDbg.dag/Unity.Mathematics.dll.mvfrm
[ 878/1644  0s] MovedFromExtractor-Combine Library/Bee/artifacts/1900b0aEDbg.dag/Unity.InputSystem.dll.mvfrm
[ 879/1644  0s] MovedFromExtractor-Combine Library/Bee/artifacts/1900b0aEDbg.dag/Unity.InternalAPIEngineBridge.RenderPipelines.Core.Runtime.Shared.dll.mvfrm
[ 880/1644  0s] MovedFromExtractor-Combine Library/Bee/artifacts/1900b0aEDbg.dag/Unity.InternalAPIEngineBridge.004.dll.mvfrm
[ 878/1644  0s] Csc Library/Bee/artifacts/1900b0aEDbg.dag/Unity.InternalAPIEditorBridge.ShaderGraph.Editor.dll (+2 others) [CacheHit 2003ea290bc7ea6ad97719e9acde3ca400000000000000000000000000000006]
[ 881/1644  0s] Csc Library/Bee/artifacts/1900b0aEDbg.dag/Unity.InternalAPIEditorBridge.ShaderGraph.Editor.dll (+2 others)
[ 879/1644  0s] Csc Library/Bee/artifacts/1900b0aEDbg.dag/Unity.Searcher.Editor.dll (+2 others) [CacheHit 6e0daae809b5f043b7dbc2f90d26522c00000000000000000000000000000006]
[ 883/1644  0s] Csc Library/Bee/artifacts/1900b0aEDbg.dag/Unity.Searcher.Editor.dll (+2 others)
[ 880/1644  0s] Csc Library/Bee/artifacts/1900b0aEDbg.dag/Unity.ShaderGraph.Utilities.dll (+2 others) [CacheHit 303870d8d265bbe39c8f6610596b1f9400000000000000000000000000000006]
[ 885/1644  0s] Csc Library/Bee/artifacts/1900b0aEDbg.dag/Unity.ShaderGraph.Utilities.dll (+2 others)
[ 881/1644  0s] Csc Library/Bee/artifacts/1900b0aEDbg.dag/Unity.Mathematics.dll (+2 others) [CacheHit ca00fdb584c9fc1f7067615be8a5ed6400000000000000000000000000000006]
[ 887/1644  0s] Csc Library/Bee/artifacts/1900b0aEDbg.dag/Unity.Mathematics.dll (+2 others)
[ 882/1644  0s] Csc Library/Bee/artifacts/1900b0aEDbg.dag/Unity.InputSystem.dll (+2 others) [CacheHit 9c5137c03b31d491bbd1b6f61ded2dab00000000000000000000000000000006]
[ 889/1644  0s] Csc Library/Bee/artifacts/1900b0aEDbg.dag/Unity.InputSystem.dll (+2 others)
[ 883/1644  0s] Csc Library/Bee/artifacts/1900b0aEDbg.dag/Unity.InternalAPIEngineBridge.004.dll (+2 others) [CacheHit 2399a3887a58cac8964bb1c8139c02ae00000000000000000000000000000006]
[ 891/1644  0s] Csc Library/Bee/artifacts/1900b0aEDbg.dag/Unity.InternalAPIEngineBridge.004.dll (+2 others)
[ 884/1644  0s] Csc Library/Bee/artifacts/1900b0aEDbg.dag/Unity.InternalAPIEngineBridge.RenderPipelines.Core.Runtime.Shared.dll (+2 others) [CacheHit 7f282981728156f0a899a64829ad0e3100000000000000000000000000000006]
[ 893/1644  0s] Csc Library/Bee/artifacts/1900b0aEDbg.dag/Unity.InternalAPIEngineBridge.RenderPipelines.Core.Runtime.Shared.dll (+2 others)
[ 885/1644  0s] Csc Library/Bee/artifacts/1900b0aEDbg.dag/Unity.Burst.dll (+2 others) [CacheHit 2b7efecf6fb00e08902f7068b377fbfd00000000000000000000000000000006]
[ 895/1644  0s] Csc Library/Bee/artifacts/1900b0aEDbg.dag/Unity.Burst.dll (+2 others)
[ 897/1644  0s] MovedFromExtractor Library/Bee/artifacts/mvdfrm/Unity.InternalAPIEditorBridge.ShaderGraph.Editor.ref.dll_B735A76068DECA24.mvfrm
[ 898/1644  0s] MovedFromExtractor Library/Bee/artifacts/mvdfrm/Unity.Searcher.Editor.ref.dll_131E0B0FB16513F5.mvfrm
[ 899/1644  0s] MovedFromExtractor Library/Bee/artifacts/mvdfrm/Unity.Mathematics.ref.dll_09002A919DF91B75.mvfrm
[ 900/1644  0s] MovedFromExtractor Library/Bee/artifacts/mvdfrm/Unity.Burst.ref.dll_A9D47564F0C574EF.mvfrm
[ 901/1644  0s] MovedFromExtractor Library/Bee/artifacts/mvdfrm/Unity.InputSystem.ref.dll_1D3F17F22588E4A8.mvfrm
[ 902/1644  0s] MovedFromExtractor Library/Bee/artifacts/mvdfrm/Unity.ShaderGraph.Utilities.ref.dll_32B87C1AE95FBD24.mvfrm
[ 903/1644  0s] MovedFromExtractor Library/Bee/artifacts/mvdfrm/Unity.InternalAPIEngineBridge.004.ref.dll_B8264E1028DEF94D.mvfrm
[ 904/1644  0s] MovedFromExtractor Library/Bee/artifacts/mvdfrm/Unity.InternalAPIEngineBridge.RenderPipelines.Core.Runtime.Shared.ref.dll_3A530D79A20BC870.mvfrm
[ 905/1644  0s] MovedFromExtractor-Combine Library/Bee/artifacts/1900b0aEDbg.dag/Unity.ProBuilder.KdTree.dll.mvfrm
[ 906/1644  0s] MovedFromExtractor-Combine Library/Bee/artifacts/1900b0aEDbg.dag/Unity.ProBuilder.Poly2Tri.dll.mvfrm
[ 907/1644  0s] MovedFromExtractor-Combine Library/Bee/artifacts/1900b0aEDbg.dag/Unity.Profiling.Core.dll.mvfrm
[ 908/1644  0s] MovedFromExtractor-Combine Library/Bee/artifacts/1900b0aEDbg.dag/Unity.Burst.CodeGen.dll.mvfrm
[ 909/1644  0s] MovedFromExtractor-Combine Library/Bee/artifacts/1900b0aEDbg.dag/Unity.Collections.dll.mvfrm
[ 910/1644  0s] MovedFromExtractor-Combine Library/Bee/artifacts/1900b0aEDbg.dag/Unity.VisualScripting.Core.dll.mvfrm
[ 900/1644  0s] Csc Library/Bee/artifacts/1900b0aEDbg.dag/Unity.ProBuilder.KdTree.dll (+2 others) [CacheHit 360fab37445254602be0b2304bd3b42600000000000000000000000000000006]
[ 911/1644  0s] Csc Library/Bee/artifacts/1900b0aEDbg.dag/Unity.ProBuilder.KdTree.dll (+2 others)
[ 913/1644  0s] MovedFromExtractor-Combine Library/Bee/artifacts/1900b0aEDbg.dag/Unity.TextMeshPro.dll.mvfrm
[ 914/1644  0s] MovedFromExtractor-Combine Library/Bee/artifacts/1900b0aEDbg.dag/Lofelt.NiceVibrations.dll.mvfrm
[ 903/1644  0s] Csc Library/Bee/artifacts/1900b0aEDbg.dag/Unity.ProBuilder.Poly2Tri.dll (+2 others) [CacheHit 16168dc01c8e8d5588266fcfd6c9262800000000000000000000000000000006]
[ 915/1644  0s] Csc Library/Bee/artifacts/1900b0aEDbg.dag/Unity.ProBuilder.Poly2Tri.dll (+2 others)
[ 904/1644  0s] Csc Library/Bee/artifacts/1900b0aEDbg.dag/Unity.Profiling.Core.dll (+2 others) [CacheHit 9100b39a0742cbf4dc9989edc74e308c00000000000000000000000000000006]
[ 917/1644  0s] Csc Library/Bee/artifacts/1900b0aEDbg.dag/Unity.Profiling.Core.dll (+2 others)
[ 905/1644  0s] Csc Library/Bee/artifacts/1900b0aEDbg.dag/Unity.Burst.CodeGen.dll (+2 others) [CacheHit 1f58951ec3c37100636eed433ee283f700000000000000000000000000000006]
[ 919/1644  0s] Csc Library/Bee/artifacts/1900b0aEDbg.dag/Unity.Burst.CodeGen.dll (+2 others)
[ 906/1644  0s] Csc Library/Bee/artifacts/1900b0aEDbg.dag/Unity.Collections.dll (+2 others) [CacheHit 511f8234f4d77c8d6dbcbec0e25c481700000000000000000000000000000006]
[ 921/1644  0s] Csc Library/Bee/artifacts/1900b0aEDbg.dag/Unity.Collections.dll (+2 others)
[ 907/1644  0s] Csc Library/Bee/artifacts/1900b0aEDbg.dag/Unity.TextMeshPro.dll (+2 others) [CacheHit 817adc9789e44a0cfefbc6e4d146485000000000000000000000000000000006]
[ 923/1644  0s] Csc Library/Bee/artifacts/1900b0aEDbg.dag/Unity.TextMeshPro.dll (+2 others)
[ 908/1644  0s] Csc Library/Bee/artifacts/1900b0aEDbg.dag/Unity.VisualScripting.Core.dll (+2 others) [CacheHit a02c48e90a499a6101ba9af779b8d82100000000000000000000000000000006]
[ 925/1644  0s] Csc Library/Bee/artifacts/1900b0aEDbg.dag/Unity.VisualScripting.Core.dll (+2 others)
[ 927/1644  0s] MovedFromExtractor Library/Bee/artifacts/mvdfrm/Unity.ProBuilder.KdTree.ref.dll_2BA04A9A84D7F676.mvfrm
[ 928/1644  0s] MovedFromExtractor-Combine Library/Bee/artifacts/1900b0aEDbg.dag/Unity.AI.Navigation.Editor.ConversionSystem.dll.mvfrm
[ 929/1644  0s] MovedFromExtractor-Combine Library/Bee/artifacts/1900b0aEDbg.dag/Unity.AI.Navigation.dll.mvfrm
[ 930/1644  0s] MovedFromExtractor Library/Bee/artifacts/mvdfrm/Unity.ProBuilder.Poly2Tri.ref.dll_C34B41F7D8382524.mvfrm
[ 931/1644  0s] MovedFromExtractor Library/Bee/artifacts/mvdfrm/Unity.Collections.ref.dll_857DC386F81DA2F4.mvfrm
[ 914/1644  0s] Csc Library/Bee/artifacts/1900b0aEDbg.dag/Unity.AI.Navigation.Editor.ConversionSystem.dll (+2 others) [CacheHit 516ad0ba2c46b632c69efdf1e0159fcc00000000000000000000000000000006]
[ 932/1644  0s] Csc Library/Bee/artifacts/1900b0aEDbg.dag/Unity.AI.Navigation.Editor.ConversionSystem.dll (+2 others)
[ 934/1644  0s] MovedFromExtractor Library/Bee/artifacts/mvdfrm/Unity.VisualScripting.Core.ref.dll_2F2D99604E6B235D.mvfrm
[ 935/1644  0s] MovedFromExtractor Library/Bee/artifacts/mvdfrm/Unity.TextMeshPro.ref.dll_A4B478B3CE6E8702.mvfrm
[ 936/1644  0s] MovedFromExtractor-Combine Library/Bee/artifacts/1900b0aEDbg.dag/Den.Tools.dll.mvfrm
[ 918/1644  0s] Csc Library/Bee/artifacts/1900b0aEDbg.dag/Unity.AI.Navigation.dll (+2 others) [CacheHit 54fa73d5acdd21c425f14aaebcc768e100000000000000000000000000000006]
[ 937/1644  0s] Csc Library/Bee/artifacts/1900b0aEDbg.dag/Unity.AI.Navigation.dll (+2 others)
[ 939/1644  0s] MovedFromExtractor-Combine Library/Bee/artifacts/1900b0aEDbg.dag/Unity.ProBuilder.dll.mvfrm
[ 940/1644  0s] MovedFromExtractor-Combine Library/Bee/artifacts/1900b0aEDbg.dag/Unity.RenderPipelines.Core.Runtime.dll.mvfrm
[ 941/1644  0s] MovedFromExtractor-Combine Library/Bee/artifacts/1900b0aEDbg.dag/Unity.UnifiedRayTracing.Runtime.dll.mvfrm
[ 942/1644  0s] MovedFromExtractor-Combine Library/Bee/artifacts/1900b0aEDbg.dag/Unity.Collections.CodeGen.dll.mvfrm
[ 943/1644  0s] MovedFromExtractor-Combine Library/Bee/artifacts/1900b0aEDbg.dag/Unity.VisualScripting.Core.Editor.dll.mvfrm
[ 924/1644  0s] Csc Library/Bee/artifacts/1900b0aEDbg.dag/Unity.ProBuilder.dll (+2 others) [CacheHit 6f163185dbd30800171db30a55321a4300000000000000000000000000000006]
[ 944/1644  0s] Csc Library/Bee/artifacts/1900b0aEDbg.dag/Unity.ProBuilder.dll (+2 others)
[ 946/1644  0s] MovedFromExtractor-Combine Library/Bee/artifacts/1900b0aEDbg.dag/Unity.VisualScripting.Flow.dll.mvfrm
[ 926/1644  0s] Csc Library/Bee/artifacts/1900b0aEDbg.dag/Unity.UnifiedRayTracing.Runtime.dll (+2 others) [CacheHit afbb089ed30450024a5dc5150a8c54d700000000000000000000000000000006]
[ 947/1644  0s] Csc Library/Bee/artifacts/1900b0aEDbg.dag/Unity.UnifiedRayTracing.Runtime.dll (+2 others)
[ 927/1644  0s] Csc Library/Bee/artifacts/1900b0aEDbg.dag/Unity.RenderPipelines.Core.Runtime.dll (+2 others) [CacheHit ee7258a692ddb4dac81f9a23551161a800000000000000000000000000000006]
[ 949/1644  0s] Csc Library/Bee/artifacts/1900b0aEDbg.dag/Unity.RenderPipelines.Core.Runtime.dll (+2 others)
[ 928/1644  0s] Csc Library/Bee/artifacts/1900b0aEDbg.dag/Unity.Collections.CodeGen.dll (+2 others) [CacheHit b444fcb6856fdbe59ce951d87774d6c300000000000000000000000000000006]
[ 951/1644  0s] Csc Library/Bee/artifacts/1900b0aEDbg.dag/Unity.Collections.CodeGen.dll (+2 others)
[ 929/1644  0s] Csc Library/Bee/artifacts/1900b0aEDbg.dag/Unity.VisualScripting.Flow.dll (+2 others) [CacheHit 3acdeaa1350079c9b4661105a205f21d00000000000000000000000000000006]
[ 953/1644  0s] Csc Library/Bee/artifacts/1900b0aEDbg.dag/Unity.VisualScripting.Flow.dll (+2 others)
[ 930/1644  0s] Csc Library/Bee/artifacts/1900b0aEDbg.dag/Unity.VisualScripting.Core.Editor.dll (+2 others) [CacheHit c816e1550efc58a5b37be91203c479a800000000000000000000000000000006]
[ 955/1644  0s] Csc Library/Bee/artifacts/1900b0aEDbg.dag/Unity.VisualScripting.Core.Editor.dll (+2 others)
[ 957/1644  0s] MovedFromExtractor Library/Bee/artifacts/mvdfrm/Unity.UnifiedRayTracing.Runtime.ref.dll_BD7C890244318A53.mvfrm
[ 958/1644  0s] MovedFromExtractor-Combine Library/Bee/artifacts/1900b0aEDbg.dag/Unity.MemoryProfiler.dll.mvfrm
[ 959/1644  0s] MovedFromExtractor Library/Bee/artifacts/mvdfrm/Unity.RenderPipelines.Core.Runtime.ref.dll_7D87AD5D9C29EDF3.mvfrm
[ 960/1644  0s] MovedFromExtractor Library/Bee/artifacts/mvdfrm/Unity.VisualScripting.Flow.ref.dll_763E79B6D074980C.mvfrm
[ 961/1644  0s] MovedFromExtractor Library/Bee/artifacts/mvdfrm/Unity.VisualScripting.Core.Editor.ref.dll_065CC54F8DD2A924.mvfrm
[ 962/1644  1s] MovedFromExtractor-Combine Library/Bee/artifacts/1900b0aEDbg.dag/Unity.EditorCoroutines.Editor.dll.mvfrm
[ 963/1644  1s] MovedFromExtractor-Combine Library/Bee/artifacts/1900b0aEDbg.dag/Unity.Settings.Editor.dll.mvfrm
[ 964/1644  1s] MovedFromExtractor-Combine Library/Bee/artifacts/1900b0aEDbg.dag/Unity.PathTracing.Runtime.dll.mvfrm
[ 965/1644  0s] MovedFromExtractor-Combine Library/Bee/artifacts/1900b0aEDbg.dag/Unity.RenderPipelines.GPUDriven.Runtime.dll.mvfrm
[ 940/1644  0s] Csc Library/Bee/artifacts/1900b0aEDbg.dag/Unity.PathTracing.Runtime.dll (+2 others) [CacheHit f42452036653a3ce02ff79ba34600c7900000000000000000000000000000006]
[ 966/1644  0s] Csc Library/Bee/artifacts/1900b0aEDbg.dag/Unity.PathTracing.Runtime.dll (+2 others)
[ 968/1644  0s] MovedFromExtractor-Combine Library/Bee/artifacts/1900b0aEDbg.dag/Unity.RenderPipelines.Core.Runtime.Shared.dll.mvfrm
[ 969/1644  0s] MovedFromExtractor-Combine Library/Bee/artifacts/1900b0aEDbg.dag/Unity.RenderPipeline.Universal.ShaderLibrary.dll.mvfrm
[ 943/1644  0s] Csc Library/Bee/artifacts/1900b0aEDbg.dag/Unity.RenderPipelines.Core.Runtime.Shared.dll (+2 others) [CacheHit bc98ec95cb3f49a377402ca19fc7393300000000000000000000000000000006]
[ 970/1644  0s] Csc Library/Bee/artifacts/1900b0aEDbg.dag/Unity.RenderPipelines.Core.Runtime.Shared.dll (+2 others)
[ 972/1644  0s] MovedFromExtractor-Combine Library/Bee/artifacts/1900b0aEDbg.dag/Unity.RenderPipelines.Universal.Config.Runtime.dll.mvfrm
[ 945/1644  0s] Csc Library/Bee/artifacts/1900b0aEDbg.dag/Unity.RenderPipelines.GPUDriven.Runtime.dll (+2 others) [CacheHit 9c5ed91a2d8a930c9e99c662fb0e081100000000000000000000000000000006]
[ 973/1644  0s] Csc Library/Bee/artifacts/1900b0aEDbg.dag/Unity.RenderPipelines.GPUDriven.Runtime.dll (+2 others)
[ 946/1644  0s] Csc Library/Bee/artifacts/1900b0aEDbg.dag/Unity.RenderPipeline.Universal.ShaderLibrary.dll (+2 others) [CacheHit 2b0a5075cc830ef897852bc87da3605000000000000000000000000000000006]
[ 975/1644  0s] Csc Library/Bee/artifacts/1900b0aEDbg.dag/Unity.RenderPipeline.Universal.ShaderLibrary.dll (+2 others)
[ 947/1644  0s] Csc Library/Bee/artifacts/1900b0aEDbg.dag/Unity.RenderPipelines.Universal.Config.Runtime.dll (+2 others) [CacheHit de21c73b879433d0d8676f63091fde2400000000000000000000000000000006]
[ 977/1644  0s] Csc Library/Bee/artifacts/1900b0aEDbg.dag/Unity.RenderPipelines.Universal.Config.Runtime.dll (+2 others)
[ 979/1644  0s] MovedFromExtractor Library/Bee/artifacts/mvdfrm/Unity.PathTracing.Runtime.ref.dll_7074D6FEAB6AFD96.mvfrm
[ 980/1644  0s] MovedFromExtractor Library/Bee/artifacts/mvdfrm/Unity.RenderPipelines.Core.Runtime.Shared.ref.dll_6E596EB2D30A6966.mvfrm
[ 981/1644  0s] MovedFromExtractor Library/Bee/artifacts/mvdfrm/Unity.RenderPipelines.GPUDriven.Runtime.ref.dll_61E448DD3ABE9966.mvfrm
[ 982/1644  0s] MovedFromExtractor Library/Bee/artifacts/mvdfrm/Unity.RenderPipeline.Universal.ShaderLibrary.ref.dll_F7477446ADE85C14.mvfrm
[ 983/1644  0s] MovedFromExtractor Library/Bee/artifacts/mvdfrm/Unity.RenderPipelines.Universal.Config.Runtime.ref.dll_BC8D5D2583D4D1E9.mvfrm
[ 984/1644  0s] MovedFromExtractor-Combine Library/Bee/artifacts/1900b0aEDbg.dag/Unity.SurfaceCache.Runtime.dll.mvfrm
[ 985/1644  0s] MovedFromExtractor-Combine Library/Bee/artifacts/1900b0aEDbg.dag/Unity.PathTracing.Editor.dll.mvfrm
[ 986/1644  0s] MovedFromExtractor-Combine Library/Bee/artifacts/1900b0aEDbg.dag/Unity.VisualScripting.Flow.Editor.dll.mvfrm
[ 987/1644  0s] MovedFromExtractor-Combine Library/Bee/artifacts/1900b0aEDbg.dag/Unity.VisualScripting.State.dll.mvfrm
[ 957/1644  0s] Csc Library/Bee/artifacts/1900b0aEDbg.dag/Unity.SurfaceCache.Runtime.dll (+2 others) [CacheHit 0f2751d5e932c27cbd2729484e5cca7b00000000000000000000000000000006]
[ 988/1644  0s] Csc Library/Bee/artifacts/1900b0aEDbg.dag/Unity.SurfaceCache.Runtime.dll (+2 others)
[ 958/1644  0s] Csc Library/Bee/artifacts/1900b0aEDbg.dag/Unity.PathTracing.Editor.dll (+2 others) [CacheHit a228bbb768a8349c68909f9a562baa0900000000000000000000000000000006]
[ 990/1644  0s] Csc Library/Bee/artifacts/1900b0aEDbg.dag/Unity.PathTracing.Editor.dll (+2 others)
[ 959/1644  0s] Csc Library/Bee/artifacts/1900b0aEDbg.dag/Unity.VisualScripting.Flow.Editor.dll (+2 others) [CacheHit 501576c9034b9321b51ec3fad1aa97a400000000000000000000000000000006]
[ 992/1644  0s] Csc Library/Bee/artifacts/1900b0aEDbg.dag/Unity.VisualScripting.Flow.Editor.dll (+2 others)
[ 994/1644  0s] MovedFromExtractor-Combine Library/Bee/artifacts/1900b0aEDbg.dag/Unity.ProBuilder.AssetIdRemapUtility.dll.mvfrm
[ 961/1644  0s] Csc Library/Bee/artifacts/1900b0aEDbg.dag/Unity.VisualScripting.State.dll (+2 others) [CacheHit 45c685ee1298ac3baf9546bb7eb8798b00000000000000000000000000000006]
[ 995/1644  0s] Csc Library/Bee/artifacts/1900b0aEDbg.dag/Unity.VisualScripting.State.dll (+2 others)
[ 962/1644  0s] Csc Library/Bee/artifacts/1900b0aEDbg.dag/Unity.Settings.Editor.dll (+2 others) [CacheHit 163d864211ff52ce43b374edf53b889200000000000000000000000000000006]
[ 997/1644  0s] Csc Library/Bee/artifacts/1900b0aEDbg.dag/Unity.Settings.Editor.dll (+2 others)
[ 963/1644  0s] Csc Library/Bee/artifacts/1900b0aEDbg.dag/Unity.ProBuilder.AssetIdRemapUtility.dll (+2 others) [CacheHit a86e8c78a89a1793d98bdcde8c9f926d00000000000000000000000000000006]
[ 999/1644  0s] Csc Library/Bee/artifacts/1900b0aEDbg.dag/Unity.ProBuilder.AssetIdRemapUtility.dll (+2 others)
[ 964/1644  0s] Csc Library/Bee/artifacts/1900b0aEDbg.dag/Unity.EditorCoroutines.Editor.dll (+2 others) [CacheHit 0d2a9fcbad210a6dcadf639be8bbe7d500000000000000000000000000000006]
[1001/1644  0s] Csc Library/Bee/artifacts/1900b0aEDbg.dag/Unity.EditorCoroutines.Editor.dll (+2 others)
[ 965/1644  0s] Csc Library/Bee/artifacts/1900b0aEDbg.dag/Unity.MemoryProfiler.dll (+2 others) [CacheHit d30dba321b70d72840541c0075b6f8b500000000000000000000000000000006]
[1003/1644  0s] Csc Library/Bee/artifacts/1900b0aEDbg.dag/Unity.MemoryProfiler.dll (+2 others)
[1005/1644  0s] MovedFromExtractor Library/Bee/artifacts/mvdfrm/Unity.SurfaceCache.Runtime.ref.dll_775056B15DCE85C6.mvfrm
[1006/1644  0s] MovedFromExtractor Library/Bee/artifacts/mvdfrm/Unity.PathTracing.Editor.ref.dll_F36D2EA3447D39C5.mvfrm
[1007/1644  0s] MovedFromExtractor-Combine Library/Bee/artifacts/1900b0aEDbg.dag/Unity.Mathematics.Editor.dll.mvfrm
[1008/1644  0s] MovedFromExtractor-Combine Library/Bee/artifacts/1900b0aEDbg.dag/Unity.Burst.Editor.dll.mvfrm
[ 970/1644  0s] Csc Library/Bee/artifacts/1900b0aEDbg.dag/Unity.Mathematics.Editor.dll (+2 others) [CacheHit 8fcdc028bda036b055bcc2f3e6a021f900000000000000000000000000000006]
[1009/1644  0s] Csc Library/Bee/artifacts/1900b0aEDbg.dag/Unity.Mathematics.Editor.dll (+2 others)
[ 971/1644  0s] Csc Library/Bee/artifacts/1900b0aEDbg.dag/Unity.Burst.Editor.dll (+2 others) [CacheHit 85f6a8b16185f08997670b7eb69ef50800000000000000000000000000000006]
[1011/1644  0s] Csc Library/Bee/artifacts/1900b0aEDbg.dag/Unity.Burst.Editor.dll (+2 others)
[1013/1644  0s] MovedFromExtractor-Combine Library/Bee/artifacts/1900b0aEDbg.dag/Unity.ProBuilder.Csg.dll.mvfrm
[1014/1644  0s] MovedFromExtractor-Combine Library/Bee/artifacts/1900b0aEDbg.dag/Unity.RenderPipelines.Universal.Runtime.dll.mvfrm
[1015/1644  0s] MovedFromExtractor-Combine Library/Bee/artifacts/1900b0aEDbg.dag/Unity.RenderPipelines.Core.Editor.dll.mvfrm
[1016/1644  4s] ILPP-Configuration Library/ilpp-configuration.nevergeneratedoutput
[ 976/1644  0s] Csc Library/Bee/artifacts/1900b0aEDbg.dag/Unity.ProBuilder.Csg.dll (+2 others) [CacheHit 89b44083077e7e1cc27eb17e40dfe25d00000000000000000000000000000006]
[1017/1644  0s] Csc Library/Bee/artifacts/1900b0aEDbg.dag/Unity.ProBuilder.Csg.dll (+2 others)
[ 977/1644  0s] Csc Library/Bee/artifacts/1900b0aEDbg.dag/Unity.RenderPipelines.Universal.Runtime.dll (+2 others) [CacheHit b8a408f645cbcff60df6b384f49d0a3400000000000000000000000000000006]
[1019/1644  0s] Csc Library/Bee/artifacts/1900b0aEDbg.dag/Unity.RenderPipelines.Universal.Runtime.dll (+2 others)
[1021/1644  0s] MovedFromExtractor-Combine Library/Bee/artifacts/1900b0aEDbg.dag/Unity.ProBuilder.Stl.dll.mvfrm
[1022/1644  0s] MovedFromExtractor Library/Bee/artifacts/mvdfrm/Unity.VisualScripting.State.ref.dll_06ABD95DCD3386E9.mvfrm
[ 980/1644  0s] Csc Library/Bee/artifacts/1900b0aEDbg.dag/Unity.RenderPipelines.Core.Editor.dll (+2 others) [CacheHit 5699df9cf9c8be795d94ae36451a91a900000000000000000000000000000006]
[1023/1644  0s] Csc Library/Bee/artifacts/1900b0aEDbg.dag/Unity.RenderPipelines.Core.Editor.dll (+2 others)
[1025/1644  0s] MovedFromExtractor-Combine Library/Bee/artifacts/1900b0aEDbg.dag/Hecton8.Input.Generated.dll.mvfrm
[1026/1644  0s] MovedFromExtractor Library/Bee/artifacts/mvdfrm/Unity.VisualScripting.Flow.Editor.ref.dll_838DADFE9CB13465.mvfrm
[ 983/1644  0s] Csc Library/Bee/artifacts/1900b0aEDbg.dag/Unity.ProBuilder.Stl.dll (+2 others) [CacheHit 432813472d7b346be7c77a12974062aa00000000000000000000000000000006]
[1027/1644  0s] Csc Library/Bee/artifacts/1900b0aEDbg.dag/Unity.ProBuilder.Stl.dll (+2 others)
[1029/1644  0s] MovedFromExtractor Library/Bee/artifacts/mvdfrm/Unity.RenderPipelines.Universal.Runtime.ref.dll_20EFA45AC0361BB1.mvfrm
[1030/1644  0s] MovedFromExtractor Library/Bee/artifacts/mvdfrm/Unity.AI.Navigation.ref.dll_4DBD8B01BD2AE419.mvfrm
[1031/1644  0s] MovedFromExtractor Library/Bee/artifacts/mvdfrm/Unity.AI.Navigation.Editor.ConversionSystem.ref.dll_E86391A30E30A641.mvfrm
[1032/1644  0s] MovedFromExtractor Library/Bee/artifacts/mvdfrm/Unity.RenderPipelines.Core.Editor.ref.dll_5F7FF7A966BF64B8.mvfrm
[1033/1644  0s] MovedFromExtractor Library/Bee/artifacts/mvdfrm/Unity.ProBuilder.ref.dll_18B36DF7373A77C5.mvfrm
[1034/1644  0s] MovedFromExtractor Library/Bee/artifacts/mvdfrm/Unity.Profiling.Core.ref.dll_DB5DBB5A21097A5E.mvfrm
[1035/1644  0s] MovedFromExtractor-Combine Library/Bee/artifacts/1900b0aEDbg.dag/MoreMountains.Tools.dll.mvfrm
[1036/1644  0s] MovedFromExtractor-Combine Library/Bee/artifacts/1900b0aEDbg.dag/WaveHarmonic.Crest.Shared.dll.mvfrm
[1037/1644  0s] MovedFromExtractor-Combine Library/Bee/artifacts/1900b0aEDbg.dag/Unity.ShaderGraph.Editor.dll.mvfrm
[1038/1644  0s] MovedFromExtractor-Combine Library/Bee/artifacts/1900b0aEDbg.dag/Unity.RenderPipelines.Core.Editor.Shared.dll.mvfrm
[1039/1644  0s] MovedFromExtractor-Combine Library/Bee/artifacts/1900b0aEDbg.dag/MoreMountains.Feedbacks.dll.mvfrm
[ 995/1644  0s] Csc Library/Bee/artifacts/1900b0aEDbg.dag/WaveHarmonic.Crest.Shared.dll (+2 others) [CacheHit 5822d3243dce6a4ae97f094d83cfd6aa00000000000000000000000000000006]
[1040/1644  0s] Csc Library/Bee/artifacts/1900b0aEDbg.dag/WaveHarmonic.Crest.Shared.dll (+2 others)
Packages\com.waveharmonic.crest\Runtime\Scripts\Utility\Shared\Component\CustomBehaviour.cs(74,101): warning CS0618: 'FindObjectsSortMode' is obsolete: 'FindObjectsSortMode has been deprecated. Use the FindObjectsByType overloads that do not take a FindObjectsSortMode parameter.'


Packages\com.waveharmonic.crest\Runtime\Scripts\Utility\Shared\Component\CustomBehaviour.cs(74,37): warning CS0618: 'Object.FindObjectsByType<T>(FindObjectsInactive, FindObjectsSortMode)' is obsolete: 'FindObjectsByType with FindObjectsSortMode parameter has been deprecated. Use FindObjectsByType<T>() or FindObjectsByType<T>(FindObjectsInactive) instead. InstanceID will be replaced in the future with EntityId and previous sort order cannot be maintained.'


Packages\com.waveharmonic.crest\Runtime\Scripts\Utility\Shared\Component\EditorBehaviour.cs(91,50): warning CS0618: 'FindObjectsSortMode' is obsolete: 'FindObjectsSortMode has been deprecated. Use the FindObjectsByType overloads that do not take a FindObjectsSortMode parameter.'


Packages\com.waveharmonic.crest\Runtime\Scripts\Utility\Shared\Component\EditorBehaviour.cs(91,21): warning CS0618: 'Object.FindObjectsByType(Type, FindObjectsSortMode)' is obsolete: 'FindObjectsByType with FindObjectsSortMode parameter has been deprecated. Use FindObjectsByType(Type) or FindObjectsByType(Type, FindObjectsInactive) instead. InstanceID will be replaced in the future with EntityId and previous sort order cannot be maintained.'


Packages\com.waveharmonic.crest\Runtime\Scripts\Utility\Shared\Component\ManagedBehaviour.cs(64,24): warning CS0618: 'Object.FindFirstObjectByType<T>()' is obsolete: 'FindFirstObjectByType has been deprecated because it relies on instance ID ordering. Use FindAnyObjectByType instead, which does not depend on ordering.'
Packages\com.waveharmonic.crest\Runtime\Scripts\Utility\Shared\Component\CustomBehaviour.cs(74,101): warning CS0618: 'FindObjectsSortMode' is obsolete: 'FindObjectsSortMode has been deprecated. Use the FindObjectsByType overloads that do not take a FindObjectsSortMode parameter.'


Packages\com.waveharmonic.crest\Runtime\Scripts\Utility\Shared\Component\CustomBehaviour.cs(74,37): warning CS0618: 'Object.FindObjectsByType<T>(FindObjectsInactive, FindObjectsSortMode)' is obsolete: 'FindObjectsByType with FindObjectsSortMode parameter has been deprecated. Use FindObjectsByType<T>() or FindObjectsByType<T>(FindObjectsInactive) instead. InstanceID will be replaced in the future with EntityId and previous sort order cannot be maintained.'


Packages\com.waveharmonic.crest\Runtime\Scripts\Utility\Shared\Component\EditorBehaviour.cs(91,50): warning CS0618: 'FindObjectsSortMode' is obsolete: 'FindObjectsSortMode has been deprecated. Use the FindObjectsByType overloads that do not take a FindObjectsSortMode parameter.'


Packages\com.waveharmonic.crest\Runtime\Scripts\Utility\Shared\Component\EditorBehaviour.cs(91,21): warning CS0618: 'Object.FindObjectsByType(Type, FindObjectsSortMode)' is obsolete: 'FindObjectsByType with FindObjectsSortMode parameter has been deprecated. Use FindObjectsByType(Type) or FindObjectsByType(Type, FindObjectsInactive) instead. InstanceID will be replaced in the future with EntityId and previous sort order cannot be maintained.'


Packages\com.waveharmonic.crest\Runtime\Scripts\Utility\Shared\Component\ManagedBehaviour.cs(64,24): warning CS0618: 'Object.FindFirstObjectByType<T>()' is obsolete: 'FindFirstObjectByType has been deprecated because it relies on instance ID ordering. Use FindAnyObjectByType instead, which does not depend on ordering.'
[1042/1644  1s] MovedFromExtractor-Combine Library/Bee/artifacts/1900b0aEDbg.dag/Unity.RenderPipelines.Universal.2D.Runtime.dll.mvfrm
[ 997/1644  0s] Csc Library/Bee/artifacts/1900b0aEDbg.dag/Unity.RenderPipelines.Core.Editor.Shared.dll (+2 others) [CacheHit f3a650837b7720124a042161c12d803200000000000000000000000000000006]
[1043/1644  0s] Csc Library/Bee/artifacts/1900b0aEDbg.dag/Unity.RenderPipelines.Core.Editor.Shared.dll (+2 others)
[1045/1644  1s] MovedFromExtractor Library/Bee/artifacts/mvdfrm/Unity.ProBuilder.AssetIdRemapUtility.ref.dll_9A4910B223D3D1A5.mvfrm
[1046/1644  1s] MovedFromExtractor Library/Bee/artifacts/mvdfrm/Unity.MemoryProfiler.ref.dll_AF3350C053D02AE1.mvfrm
[1000/1644  1s] Csc Library/Bee/artifacts/1900b0aEDbg.dag/Unity.RenderPipelines.Universal.2D.Runtime.dll (+2 others) [CacheHit 53ad1baeb3f9d1ed16a3e24c257d6ae800000000000000000000000000000006]
[1047/1644  1s] Csc Library/Bee/artifacts/1900b0aEDbg.dag/Unity.RenderPipelines.Universal.2D.Runtime.dll (+2 others)
[1049/1644  2s] MovedFromExtractor Library/Bee/artifacts/mvdfrm/Unity.Settings.Editor.ref.dll_7FC13EE358CAD697.mvfrm
[1050/1644  1s] MovedFromExtractor Library/Bee/artifacts/mvdfrm/Unity.EditorCoroutines.Editor.ref.dll_A9E741B2F4D7FC42.mvfrm
[1003/1644  0s] Csc Library/Bee/artifacts/1900b0aEDbg.dag/Unity.ShaderGraph.Editor.dll (+2 others) [CacheHit f2b90db69fd93d671838f7bd6db15d9a00000000000000000000000000000006]
[1051/1644  0s] Csc Library/Bee/artifacts/1900b0aEDbg.dag/Unity.ShaderGraph.Editor.dll (+2 others)
[1053/1644  1s] MovedFromExtractor Library/Bee/artifacts/mvdfrm/Unity.ProBuilder.Stl.ref.dll_7A3D8D04BDCA6202.mvfrm
[1054/1644  0s] MovedFromExtractor Library/Bee/artifacts/mvdfrm/Unity.RenderPipelines.Universal.2D.Runtime.ref.dll_82001F7D16BE63D9.mvfrm
[1055/1644  0s] MovedFromExtractor Library/Bee/artifacts/mvdfrm/Unity.ProBuilder.Csg.ref.dll_11D530B985DA79FE.mvfrm
[1056/1644  0s] MovedFromExtractor Library/Bee/artifacts/mvdfrm/Unity.Burst.Editor.ref.dll_4F7B73E229D756B2.mvfrm
[1057/1644  1s] MovedFromExtractor Library/Bee/artifacts/mvdfrm/Unity.ShaderGraph.Editor.ref.dll_319B33408212A519.mvfrm
[1058/1644  2s] Csc Library/Bee/artifacts/1900b0aEDbg.dag/Hecton8.Input.Generated.dll (+2 others)
[1059/1644 12s] Csc Library/Bee/artifacts/1900b0aEDbg.dag/Lofelt.NiceVibrations.dll (+2 others)
Assets\Feel\NiceVibrations\Define\NiceVibrationsDefineSymbols.cs(65,45): warning CS0618: 'PlayerSettings.GetScriptingDefineSymbolsForGroup(BuildTargetGroup)' is obsolete: 'Use GetScriptingDefineSymbols(NamedBuildTarget buildTarget) instead'

Assets\Feel\NiceVibrations\Define\NiceVibrationsDefineSymbols.cs(68,13): warning CS0618: 'PlayerSettings.SetScriptingDefineSymbolsForGroup(BuildTargetGroup, string)' is obsolete: 'Use SetScriptingDefineSymbols(NamedBuildTarget buildTarget, string defines) instead'
[1060/1644  1s] MovedFromExtractor Library/Bee/artifacts/mvdfrm/Unity.RenderPipelines.Core.Editor.Shared.ref.dll_509C7680761BE5F1.mvfrm
[1061/1644  0s] MovedFromExtractor-Combine Library/Bee/artifacts/1900b0aEDbg.dag/MapMagic.dll.mvfrm
[1062/1644  1s] MovedFromExtractor-Combine Library/Bee/artifacts/1900b0aEDbg.dag/WaveHarmonic.Crest.dll.mvfrm
[1063/1644  1s] MovedFromExtractor Library/Bee/artifacts/mvdfrm/Unity.Mathematics.Editor.ref.dll_BC6BEDEBC6F8BA8C.mvfrm
[1064/1644  0s] MovedFromExtractor-Combine Library/Bee/artifacts/1900b0aEDbg.dag/WaveHarmonic.Crest.Shared.Editor.dll.mvfrm
[1065/1644  0s] MovedFromExtractor-Combine Library/Bee/artifacts/1900b0aEDbg.dag/Unity.ProBuilder.Editor.dll.mvfrm
[1066/1644  0s] MovedFromExtractor-Combine Library/Bee/artifacts/1900b0aEDbg.dag/Unity.MemoryProfiler.Editor.dll.mvfrm
[1067/1644  0s] MovedFromExtractor-Combine Library/Bee/artifacts/1900b0aEDbg.dag/Unity.Timeline.dll.mvfrm
[1068/1644  0s] MovedFromExtractor-Combine Library/Bee/artifacts/1900b0aEDbg.dag/Unity.AI.Navigation.Editor.dll.mvfrm
[1069/1644  0s] MovedFromExtractor-Combine Library/Bee/artifacts/1900b0aEDbg.dag/Unity.VisualScripting.State.Editor.dll.mvfrm
[1021/1644  0s] Csc Library/Bee/artifacts/1900b0aEDbg.dag/WaveHarmonic.Crest.Shared.Editor.dll (+2 others) [CacheHit 892f6d2194e7e1ce80282898194af06700000000000000000000000000000006]
[1070/1644  0s] Csc Library/Bee/artifacts/1900b0aEDbg.dag/WaveHarmonic.Crest.Shared.Editor.dll (+2 others)
[1022/1644  0s] Csc Library/Bee/artifacts/1900b0aEDbg.dag/Unity.MemoryProfiler.Editor.dll (+2 others) [CacheHit 82f1b13bb70788f4f6e2e5a76fa1832d00000000000000000000000000000006]
[1072/1644  0s] Csc Library/Bee/artifacts/1900b0aEDbg.dag/Unity.MemoryProfiler.Editor.dll (+2 others)
[1074/1644 12s] Csc Library/Bee/artifacts/1900b0aEDbg.dag/Den.Tools.dll (+2 others)
Assets\MapMagic\Tools\Extensions\Texture2DExtensions.cs(350,48): warning CS0618: 'TextureFormat.PVRTC_RGBA4' is obsolete: 'Texture compression format PVRTC has been deprecated and will be removed in a future release'
[1023/1644  0s] Csc Library/Bee/artifacts/1900b0aEDbg.dag/Unity.Timeline.dll (+2 others) [CacheHit 11efea8bac2c0d00556c0be029a7d35300000000000000000000000000000006]
[1075/1644  0s] Csc Library/Bee/artifacts/1900b0aEDbg.dag/Unity.Timeline.dll (+2 others)
[1025/1644  0s] Csc Library/Bee/artifacts/1900b0aEDbg.dag/Unity.VisualScripting.State.Editor.dll (+2 others) [CacheHit 24f05688cfd9219e5e68444bc0ab44a300000000000000000000000000000006]
[1077/1644  0s] Csc Library/Bee/artifacts/1900b0aEDbg.dag/Unity.VisualScripting.State.Editor.dll (+2 others)
[1026/1644  0s] Csc Library/Bee/artifacts/1900b0aEDbg.dag/Unity.AI.Navigation.Editor.dll (+2 others) [CacheHit f8445aaf28a8cd7b69b337edfd18db6000000000000000000000000000000006]
[1079/1644  0s] Csc Library/Bee/artifacts/1900b0aEDbg.dag/Unity.AI.Navigation.Editor.dll (+2 others)
[1027/1644  0s] Csc Library/Bee/artifacts/1900b0aEDbg.dag/Unity.ProBuilder.Editor.dll (+2 others) [CacheHit 705071a51a5ec138581dcdc2c224500300000000000000000000000000000006]
[1081/1644  0s] Csc Library/Bee/artifacts/1900b0aEDbg.dag/Unity.ProBuilder.Editor.dll (+2 others)
[1028/1644  0s] Csc Library/Bee/artifacts/1900b0aEDbg.dag/WaveHarmonic.Crest.dll (+2 others) [CacheHit 6f12430b315ab76b44042e7fc58277a800000000000000000000000000000006]
[1083/1644  0s] Csc Library/Bee/artifacts/1900b0aEDbg.dag/WaveHarmonic.Crest.dll (+2 others)
Packages\com.waveharmonic.crest\Runtime\Scripts\WaterRenderer.Universal.cs(169,64): warning CS0618: 'RenderGraphSettings' is obsolete: 'These settings are not used. #from(6000.4)'


Packages\com.waveharmonic.crest\Runtime\Scripts\WaterRenderer.Universal.cs(169,21): warning CS0618: 'RenderGraphSettings.enableRenderCompatibilityMode' is obsolete: 'This property is not used. #from(6000.4)'
Packages\com.waveharmonic.crest\Runtime\Scripts\WaterRenderer.Universal.cs(169,64): warning CS0618: 'RenderGraphSettings' is obsolete: 'These settings are not used. #from(6000.4)'


Packages\com.waveharmonic.crest\Runtime\Scripts\WaterRenderer.Universal.cs(169,21): warning CS0618: 'RenderGraphSettings.enableRenderCompatibilityMode' is obsolete: 'This property is not used. #from(6000.4)'
[1085/1644  0s] MovedFromExtractor-Combine Library/Bee/artifacts/1900b0aEDbg.dag/EasySave3.dll.mvfrm
[1086/1644  0s] MovedFromExtractor-Combine Library/Bee/artifacts/1900b0aEDbg.dag/VolumetricLightBeam.dll.mvfrm
[1087/1644  0s] MovedFromExtractor-Combine Library/Bee/artifacts/1900b0aEDbg.dag/GPUInstancer.dll.mvfrm
[1088/1644  0s] MovedFromExtractor-Combine Library/Bee/artifacts/1900b0aEDbg.dag/JBooth.MicroSplat.Core.dll.mvfrm
[1089/1644  0s] MovedFromExtractor-Combine Library/Bee/artifacts/1900b0aEDbg.dag/Crest.dll.mvfrm
[1090/1644  0s] MovedFromExtractor-Combine Library/Bee/artifacts/1900b0aEDbg.dag/ShapesRuntime.dll.mvfrm
[1035/1644  0s] Csc Library/Bee/artifacts/1900b0aEDbg.dag/JBooth.MicroSplat.Core.dll (+2 others) [CacheHit e6fe1e3fdf68e7f69335904d15709ee400000000000000000000000000000006]
[1091/1644  0s] Csc Library/Bee/artifacts/1900b0aEDbg.dag/JBooth.MicroSplat.Core.dll (+2 others)
[1093/1644  0s] MovedFromExtractor-Combine Library/Bee/artifacts/1900b0aEDbg.dag/AstarPathfindingProject.dll.mvfrm
[1094/1644  0s] MovedFromExtractor-Combine Library/Bee/artifacts/1900b0aEDbg.dag/MoreMountains.Feedbacks.MMTools.dll.mvfrm
[1095/1644  0s] MovedFromExtractor-Combine Library/Bee/artifacts/1900b0aEDbg.dag/Den.Tools.Editor.dll.mvfrm
[1096/1644  0s] MovedFromExtractor-Combine Library/Bee/artifacts/1900b0aEDbg.dag/Hecton8.Input.dll.mvfrm
[1097/1644  0s] MovedFromExtractor-Combine Library/Bee/artifacts/1900b0aEDbg.dag/Hecton8.Bootstrap.Contracts.dll.mvfrm
[1098/1644  0s] MovedFromExtractor-Combine Library/Bee/artifacts/1900b0aEDbg.dag/Unity.RenderPipelines.Universal.Editor.dll.mvfrm
[1099/1644  0s] MovedFromExtractor-Combine Library/Bee/artifacts/1900b0aEDbg.dag/Hecton8.World.Contracts.dll.mvfrm
[1100/1644  6s] Csc Library/Bee/artifacts/1900b0aEDbg.dag/VolumetricLightBeam.dll (+2 others)
[1101/1644  8s] Csc Library/Bee/artifacts/1900b0aEDbg.dag/EasySave3.dll (+2 others)
[1102/1644  8s] Csc Library/Bee/artifacts/1900b0aEDbg.dag/GPUInstancer.dll (+2 others)
Assets\GPUInstancer\Scripts\Core\Contract\GPUInstancerTerrainManager.cs(270,146): warning CS0618: 'Object.GetInstanceID()' is obsolete: 'GetInstanceID is deprecated. Use GetEntityId instead. This will be removed in a future version.'

Assets\GPUInstancer\Scripts\GPUInstancerEditorSimulator.cs(69,17): warning CS0618: 'RenderPipelineManager.beginFrameRendering' is obsolete: 'beginFrameRendering is deprecated. Use beginContextRendering instead. #from 2023.3'

Assets\GPUInstancer\Scripts\GPUInstancerEditorSimulator.cs(90,17): warning CS0618: 'RenderPipelineManager.beginFrameRendering' is obsolete: 'beginFrameRendering is deprecated. Use beginContextRendering instead. #from 2023.3'

Assets\GPUInstancer\Scripts\GPUInstancerEditorSimulator.cs(147,21): warning CS0618: 'RenderPipelineManager.beginFrameRendering' is obsolete: 'beginFrameRendering is deprecated. Use beginContextRendering instead. #from 2023.3'

Assets\GPUInstancer\Scripts\GPUInstancerEditorSimulator.cs(148,21): warning CS0618: 'RenderPipelineManager.beginFrameRendering' is obsolete: 'beginFrameRendering is deprecated. Use beginContextRendering instead. #from 2023.3'

Assets\GPUInstancer\Scripts\GPUInstancerDetailManager.cs(520,106): warning CS0618: 'Object.GetInstanceID()' is obsolete: 'GetInstanceID is deprecated. Use GetEntityId instead. This will be removed in a future version.'

Assets\GPUInstancer\Scripts\GPUInstancerDetailManager.cs(556,106): warning CS0618: 'Object.GetInstanceID()' is obsolete: 'GetInstanceID is deprecated. Use GetEntityId instead. This will be removed in a future version.'

Assets\GPUInstancer\Scripts\Core\Static\GPUInstancerUtility.cs(885,158): warning CS0618: 'Object.GetInstanceID()' is obsolete: 'GetInstanceID is deprecated. Use GetEntityId instead. This will be removed in a future version.'

Assets\GPUInstancer\Scripts\Core\Static\GPUInstancerUtility.cs(885,262): warning CS0618: 'Object.GetInstanceID()' is obsolete: 'GetInstanceID is deprecated. Use GetEntityId instead. This will be removed in a future version.'

Assets\GPUInstancer\Scripts\Core\Static\GPUInstancerUtility.cs(1351,50): warning CS0618: 'Object.GetInstanceID()' is obsolete: 'GetInstanceID is deprecated. Use GetEntityId instead. This will be removed in a future version.'
[1046/1644  0s] Csc Library/Bee/artifacts/1900b0aEDbg.dag/Unity.RenderPipelines.Universal.Editor.dll (+2 others) [CacheHit ea2f4fcd7e7038a61e47f04e5ec1c12100000000000000000000000000000006]
[1103/1644  0s] Csc Library/Bee/artifacts/1900b0aEDbg.dag/Unity.RenderPipelines.Universal.Editor.dll (+2 others)
[1105/1644  8s] Csc Library/Bee/artifacts/1900b0aEDbg.dag/Crest.dll (+2 others)
[1106/1644  1s] Csc Library/Bee/artifacts/1900b0aEDbg.dag/Hecton8.World.Contracts.dll (+2 others)
[1107/1644  0s] MovedFromExtractor Library/Bee/artifacts/mvdfrm/Unity.VisualScripting.State.Editor.ref.dll_8F55C37B46854258.mvfrm
[1108/1644  2s] Csc Library/Bee/artifacts/1900b0aEDbg.dag/Hecton8.Bootstrap.Contracts.dll (+2 others)
[1109/1644  0s] MovedFromExtractor Library/Bee/artifacts/mvdfrm/Unity.Timeline.ref.dll_733236CB90539738.mvfrm
[1110/1644 12s] Csc Library/Bee/artifacts/1900b0aEDbg.dag/MoreMountains.Tools.dll (+2 others)
Assets\Feel\MMTools\Tools\MMPhysics\MMRigidbodyInterface.cs(121,13): warning CS0618: 'Rigidbody2D.isKinematic' is obsolete: 'isKinematic has been deprecated. Please use bodyType.'

Assets\Feel\MMTools\Tools\MMPhysics\MMRigidbodyInterface.cs(253,5): warning CS0618: 'Rigidbody2D.isKinematic' is obsolete: 'isKinematic has been deprecated. Please use bodyType.'

Assets\Feel\MMTools\Tools\MMHelpers\MMDebug.cs(563,41): warning CS0618: 'Object.FindObjectOfType(Type)' is obsolete: 'Object.FindObjectOfType has been deprecated. Use Object.FindFirstObjectByType instead or if finding any instance is acceptable the faster Object.FindAnyObjectByType'
[1111/1644  0s] MovedFromExtractor Library/Bee/artifacts/mvdfrm/Unity.ProBuilder.Editor.ref.dll_C1BD6BF01715933C.mvfrm
[1112/1644  0s] MovedFromExtractor Library/Bee/artifacts/mvdfrm/Unity.AI.Navigation.Editor.ref.dll_D159463F08EBC828.mvfrm
[1113/1644 12s] Csc Library/Bee/artifacts/1900b0aEDbg.dag/MapMagic.dll (+2 others)
[1114/1644  1s] MovedFromExtractor Library/Bee/artifacts/mvdfrm/Unity.MemoryProfiler.Editor.ref.dll_F8A1CA0AAC7005E0.mvfrm
[1115/1644  1s] MovedFromExtractor-Combine Library/Bee/artifacts/1900b0aEDbg.dag/Unity.PlasticSCM.Editor.dll.mvfrm
[1116/1644  3s] Csc Library/Bee/artifacts/1900b0aEDbg.dag/Hecton8.Input.dll (+2 others)
[1117/1644  9s] Csc Library/Bee/artifacts/1900b0aEDbg.dag/Den.Tools.Editor.dll (+2 others)
[1118/1644  1s] MovedFromExtractor-Combine Library/Bee/artifacts/1900b0aEDbg.dag/Tayx.Graphy.dll.mvfrm
[1061/1644  0s] Csc Library/Bee/artifacts/1900b0aEDbg.dag/Unity.PlasticSCM.Editor.dll (+2 others) [CacheHit de5654e2cf8274496aecb573b07569c800000000000000000000000000000006]
[1119/1644  0s] Csc Library/Bee/artifacts/1900b0aEDbg.dag/Unity.PlasticSCM.Editor.dll (+2 others)
[1121/1644  1s] MovedFromExtractor-Combine Library/Bee/artifacts/1900b0aEDbg.dag/MoreMountains.Feedbacks.HDRP.dll.mvfrm
[1122/1644  1s] MovedFromExtractor-Combine Library/Bee/artifacts/1900b0aEDbg.dag/BakeryRuntimeAssembly.dll.mvfrm
[1123/1644  1s] MovedFromExtractor-Combine Library/Bee/artifacts/1900b0aEDbg.dag/MoreMountains.Feedbacks.PostProcessing.dll.mvfrm
[1124/1644  1s] MovedFromExtractor-Combine Library/Bee/artifacts/1900b0aEDbg.dag/MapMagic.MicroSplat.dll.mvfrm
[1125/1644  1s] MovedFromExtractor-Combine Library/Bee/artifacts/1900b0aEDbg.dag/JBooth.MicroSplat.Core.Editor.dll.mvfrm
[1126/1644  1s] MovedFromExtractor-Combine Library/Bee/artifacts/1900b0aEDbg.dag/MoreMountains.Feedbacks.URP.dll.mvfrm
[1127/1644  1s] MovedFromExtractor-Combine Library/Bee/artifacts/1900b0aEDbg.dag/PackageToolsEditor.dll.mvfrm
[1128/1644  1s] MovedFromExtractor-Combine Library/Bee/artifacts/1900b0aEDbg.dag/MCPForUnity.Runtime.dll.mvfrm
[1129/1644  1s] MovedFromExtractor-Combine Library/Bee/artifacts/1900b0aEDbg.dag/AmplifyImpostors.Runtime.dll.mvfrm
[1130/1644  0s] MovedFromExtractor-Combine Library/Bee/artifacts/1900b0aEDbg.dag/Hecton8.Core.dll.mvfrm
[1131/1644  1s] MovedFromExtractor-Combine Library/Bee/artifacts/1900b0aEDbg.dag/MeshBakerCore.dll.mvfrm
[1132/1644  0s] MovedFromExtractor-Combine Library/Bee/artifacts/1900b0aEDbg.dag/MoreMountains.Feedbacks.NiceVibrations.dll.mvfrm
[1133/1644  0s] MovedFromExtractor-Combine Library/Bee/artifacts/1900b0aEDbg.dag/MoreMountains.Feedbacks.TextMeshPro.dll.mvfrm
[1134/1644  0s] MovedFromExtractor-Combine Library/Bee/artifacts/1900b0aEDbg.dag/MapMagic.Editor.dll.mvfrm
[1135/1644  1s] MovedFromExtractor-Combine Library/Bee/artifacts/1900b0aEDbg.dag/MoreMountains.Feedbacks.Cinemachine.dll.mvfrm
[1077/1644  0s] Csc Library/Bee/artifacts/1900b0aEDbg.dag/MCPForUnity.Runtime.dll (+2 others) [CacheHit f137d7ab811bae1aa5c8382801eaa7e600000000000000000000000000000006]
[1136/1644  0s] Csc Library/Bee/artifacts/1900b0aEDbg.dag/MCPForUnity.Runtime.dll (+2 others)
Packages\com.coplaydev.unity-mcp\Runtime\Serialization\UnityTypeConverters.cs(298,39): warning CS0618: 'Object.GetInstanceID()' is obsolete: 'GetInstanceID is deprecated. Use GetEntityId instead. This will be removed in a future version.'


Packages\com.coplaydev.unity-mcp\Runtime\Serialization\UnityTypeConverters.cs(311,35): warning CS0618: 'Object.GetInstanceID()' is obsolete: 'GetInstanceID is deprecated. Use GetEntityId instead. This will be removed in a future version.'


Packages\com.coplaydev.unity-mcp\Runtime\Helpers\ScreenshotUtility.cs(95,73): warning CS0618: 'FindObjectsSortMode' is obsolete: 'FindObjectsSortMode has been deprecated. Use the FindObjectsByType overloads that do not take a FindObjectsSortMode parameter.'


Packages\com.coplaydev.unity-mcp\Runtime\Helpers\ScreenshotUtility.cs(95,28): warning CS0618: 'Object.FindObjectsByType<T>(FindObjectsSortMode)' is obsolete: 'FindObjectsByType with FindObjectsSortMode parameter has been deprecated. Use FindObjectsByType<T>() or FindObjectsByType<T>(FindObjectsInactive) instead. InstanceID will be replaced in the future with EntityId and previous sort order cannot be maintained.'


Packages\com.coplaydev.unity-mcp\Runtime\Serialization\UnityTypeConverters.cs(384,89): warning CS0618: 'EntityId.implicit operator EntityId(int)' is obsolete: 'EntityId will not be representable by an int in the future. This casting operator will be removed in a future version.'
Packages\com.coplaydev.unity-mcp\Runtime\Serialization\UnityTypeConverters.cs(298,39): warning CS0618: 'Object.GetInstanceID()' is obsolete: 'GetInstanceID is deprecated. Use GetEntityId instead. This will be removed in a future version.'


Packages\com.coplaydev.unity-mcp\Runtime\Serialization\UnityTypeConverters.cs(311,35): warning CS0618: 'Object.GetInstanceID()' is obsolete: 'GetInstanceID is deprecated. Use GetEntityId instead. This will be removed in a future version.'


Packages\com.coplaydev.unity-mcp\Runtime\Helpers\ScreenshotUtility.cs(95,73): warning CS0618: 'FindObjectsSortMode' is obsolete: 'FindObjectsSortMode has been deprecated. Use the FindObjectsByType overloads that do not take a FindObjectsSortMode parameter.'


Packages\com.coplaydev.unity-mcp\Runtime\Helpers\ScreenshotUtility.cs(95,28): warning CS0618: 'Object.FindObjectsByType<T>(FindObjectsSortMode)' is obsolete: 'FindObjectsByType with FindObjectsSortMode parameter has been deprecated. Use FindObjectsByType<T>() or FindObjectsByType<T>(FindObjectsInactive) instead. InstanceID will be replaced in the future with EntityId and previous sort order cannot be maintained.'


Packages\com.coplaydev.unity-mcp\Runtime\Serialization\UnityTypeConverters.cs(384,89): warning CS0618: 'EntityId.implicit operator EntityId(int)' is obsolete: 'EntityId will not be representable by an int in the future. This casting operator will be removed in a future version.'
[1138/1644 16s] Csc Library/Bee/artifacts/1900b0aEDbg.dag/ShapesRuntime.dll (+2 others)
[1139/1644 11s] Csc Library/Bee/artifacts/1900b0aEDbg.dag/AstarPathfindingProject.dll (+2 others)
Assets\AstarPathfindingProject\Core\AI\AIBase.cs(434,130): warning CS0618: 'Rigidbody2D.isKinematic' is obsolete: 'isKinematic has been deprecated. Please use bodyType.'

Assets\AstarPathfindingProject\Core\Serialization\TinyJson.cs(344,28): warning CS0618: 'Object.FindObjectsOfType<T>(bool)' is obsolete: 'Object.FindObjectsOfType has been deprecated. Use Object.FindObjectsByType instead which lets you decide whether you need the results sorted or not.  FindObjectsOfType sorts the results by InstanceID but if you do not need this using FindObjectSortMode.None is considerably faster.'

Assets\AstarPathfindingProject\Generators\Utilities\RecastMeshGatherer.cs(47,23): warning CS0618: 'Object.FindObjectsOfType<T>()' is obsolete: 'Object.FindObjectsOfType has been deprecated. Use Object.FindObjectsByType instead which lets you decide whether you need the results sorted or not.  FindObjectsOfType sorts the results by InstanceID but if you do not need this using FindObjectSortMode.None is considerably faster.'
[1079/1644  0s] Csc Library/Bee/artifacts/1900b0aEDbg.dag/JBooth.MicroSplat.Core.Editor.dll (+2 others) [CacheHit bf992ada027dcd244b611549106a1a9400000000000000000000000000000006]
[1140/1644  0s] Csc Library/Bee/artifacts/1900b0aEDbg.dag/JBooth.MicroSplat.Core.Editor.dll (+2 others)
Packages\com.jbooth.microsplat.core\Scripts\Editor\MicroSplatCompressor.cs(80,118): warning CS0618: 'FindObjectsSortMode' is obsolete: 'FindObjectsSortMode has been deprecated. Use the FindObjectsByType overloads that do not take a FindObjectsSortMode parameter.'


Packages\com.jbooth.microsplat.core\Scripts\Editor\MicroSplatCompressor.cs(80,42): warning CS0618: 'Object.FindObjectsByType<T>(FindObjectsInactive, FindObjectsSortMode)' is obsolete: 'FindObjectsByType with FindObjectsSortMode parameter has been deprecated. Use FindObjectsByType<T>() or FindObjectsByType<T>(FindObjectsInactive) instead. InstanceID will be replaced in the future with EntityId and previous sort order cannot be maintained.'


Packages\com.jbooth.microsplat.core\Scripts\Editor\MicroSplatCompressor.cs(93,118): warning CS0618: 'FindObjectsSortMode' is obsolete: 'FindObjectsSortMode has been deprecated. Use the FindObjectsByType overloads that do not take a FindObjectsSortMode parameter.'


Packages\com.jbooth.microsplat.core\Scripts\Editor\MicroSplatCompressor.cs(93,42): warning CS0618: 'Object.FindObjectsByType<T>(FindObjectsInactive, FindObjectsSortMode)' is obsolete: 'FindObjectsByType with FindObjectsSortMode parameter has been deprecated. Use FindObjectsByType<T>() or FindObjectsByType<T>(FindObjectsInactive) instead. InstanceID will be replaced in the future with EntityId and previous sort order cannot be maintained.'
Packages\com.jbooth.microsplat.core\Scripts\Editor\MicroSplatCompressor.cs(80,118): warning CS0618: 'FindObjectsSortMode' is obsolete: 'FindObjectsSortMode has been deprecated. Use the FindObjectsByType overloads that do not take a FindObjectsSortMode parameter.'


Packages\com.jbooth.microsplat.core\Scripts\Editor\MicroSplatCompressor.cs(80,42): warning CS0618: 'Object.FindObjectsByType<T>(FindObjectsInactive, FindObjectsSortMode)' is obsolete: 'FindObjectsByType with FindObjectsSortMode parameter has been deprecated. Use FindObjectsByType<T>() or FindObjectsByType<T>(FindObjectsInactive) instead. InstanceID will be replaced in the future with EntityId and previous sort order cannot be maintained.'


Packages\com.jbooth.microsplat.core\Scripts\Editor\MicroSplatCompressor.cs(93,118): warning CS0618: 'FindObjectsSortMode' is obsolete: 'FindObjectsSortMode has been deprecated. Use the FindObjectsByType overloads that do not take a FindObjectsSortMode parameter.'


Packages\com.jbooth.microsplat.core\Scripts\Editor\MicroSplatCompressor.cs(93,42): warning CS0618: 'Object.FindObjectsByType<T>(FindObjectsInactive, FindObjectsSortMode)' is obsolete: 'FindObjectsByType with FindObjectsSortMode parameter has been deprecated. Use FindObjectsByType<T>() or FindObjectsByType<T>(FindObjectsInactive) instead. InstanceID will be replaced in the future with EntityId and previous sort order cannot be maintained.'
[1142/1644  5s] Csc Library/Bee/artifacts/1900b0aEDbg.dag/MapMagic.MicroSplat.dll (+2 others)
[1143/1644  6s] Csc Library/Bee/artifacts/1900b0aEDbg.dag/PackageToolsEditor.dll (+2 others)
[1144/1644  7s] Csc Library/Bee/artifacts/1900b0aEDbg.dag/AmplifyImpostors.Runtime.dll (+2 others)
Assets\AmplifyImpostors\Plugins\Scripts\HelperExtensions.cs(37,16): warning CS0618: 'ShaderUtil.GetPropertyCount(Shader)' is obsolete: 'Use Shader.GetPropertyCount instead.'

Assets\AmplifyImpostors\Plugins\Scripts\HelperExtensions.cs(40,14): warning CS0618: 'ShaderUtil.GetPropertyType(Shader, int)' is obsolete: 'Use Shader.GetPropertyType instead.'

Assets\AmplifyImpostors\Plugins\Scripts\HelperExtensions.cs(41,16): warning CS0618: 'ShaderUtil.GetPropertyName(Shader, int)' is obsolete: 'Use Shader.GetPropertyName instead.'

Assets\AmplifyImpostors\Plugins\Scripts\HelperExtensions.cs(44,11): warning CS0618: 'ShaderUtil.ShaderPropertyType' is obsolete: 'Use UnityEngine.Rendering.ShaderPropertyType instead.'

Assets\AmplifyImpostors\Plugins\Scripts\HelperExtensions.cs(47,11): warning CS0618: 'ShaderUtil.ShaderPropertyType' is obsolete: 'Use UnityEngine.Rendering.ShaderPropertyType instead.'

Assets\AmplifyImpostors\Plugins\Scripts\HelperExtensions.cs(50,11): warning CS0618: 'ShaderUtil.ShaderPropertyType' is obsolete: 'Use UnityEngine.Rendering.ShaderPropertyType instead.'

Assets\AmplifyImpostors\Plugins\Scripts\HelperExtensions.cs(53,11): warning CS0618: 'ShaderUtil.ShaderPropertyType' is obsolete: 'Use UnityEngine.Rendering.ShaderPropertyType instead.'

Assets\AmplifyImpostors\Plugins\Scripts\HelperExtensions.cs(56,11): warning CS0618: 'ShaderUtil.ShaderPropertyType' is obsolete: 'Use UnityEngine.Rendering.ShaderPropertyType instead.'

Assets\AmplifyImpostors\Plugins\Scripts\HelperExtensions.cs(56,11): warning CS0618: 'ShaderUtil.ShaderPropertyType.TexEnv' is obsolete: 'Use UnityEngine.Rendering.ShaderPropertyType.Texture instead.'
[1145/1644  8s] Csc Library/Bee/artifacts/1900b0aEDbg.dag/MeshBakerCore.dll (+2 others)
Assets\MeshBaker\scripts\MB3_MeshBakerRoot.cs(163,47): warning CS0618: 'Object.GetInstanceID()' is obsolete: 'GetInstanceID is deprecated. Use GetEntityId instead. This will be removed in a future version.'

Assets\MeshBaker\scripts\MB3_MeshBakerRoot.cs(165,36): warning CS0618: 'Object.GetInstanceID()' is obsolete: 'GetInstanceID is deprecated. Use GetEntityId instead. This will be removed in a future version.'

Assets\MeshBaker\scripts\MB3_MBVersionConcrete.cs(83,60): warning CS0618: 'FindObjectsSortMode' is obsolete: 'FindObjectsSortMode has been deprecated. Use the FindObjectsByType overloads that do not take a FindObjectsSortMode parameter.'

Assets\MeshBaker\scripts\MB3_MBVersionConcrete.cs(83,20): warning CS0618: 'Object.FindObjectsByType(Type, FindObjectsSortMode)' is obsolete: 'FindObjectsByType with FindObjectsSortMode parameter has been deprecated. Use FindObjectsByType(Type) or FindObjectsByType(Type, FindObjectsInactive) instead. InstanceID will be replaced in the future with EntityId and previous sort order cannot be maintained.'
[1146/1644  0s] MovedFromExtractor-Combine Library/Bee/artifacts/1900b0aEDbg.dag/Unity.SharpZipLib.Editor.dll.mvfrm
[1147/1644  0s] MovedFromExtractor-Combine Library/Bee/artifacts/1900b0aEDbg.dag/Unity.SharpZipLib.Utils.dll.mvfrm
[1148/1644  0s] MovedFromExtractor-Combine Library/Bee/artifacts/1900b0aEDbg.dag/Unity.RenderPipelines.Universal.Shaders.dll.mvfrm
[1149/1644  0s] MovedFromExtractor-Combine Library/Bee/artifacts/1900b0aEDbg.dag/Unity.RenderPipelines.Universal.2D.Editor.Overrides.dll.mvfrm
[1150/1644  0s] MovedFromExtractor-Combine Library/Bee/artifacts/1900b0aEDbg.dag/Unity.2D.Sprite.Editor.dll.mvfrm
[1151/1644  0s] MovedFromExtractor-Combine Library/Bee/artifacts/1900b0aEDbg.dag/Unity.TextMeshPro.Editor.dll.mvfrm
[1152/1644  0s] MovedFromExtractor-Combine Library/Bee/artifacts/1900b0aEDbg.dag/Unity.Rendering.LightTransport.Editor.dll.mvfrm
[1153/1644  3s] Csc Library/Bee/artifacts/1900b0aEDbg.dag/Tayx.Graphy.dll (+2 others)
[1154/1644  9s] Csc Library/Bee/artifacts/1900b0aEDbg.dag/BakeryRuntimeAssembly.dll (+2 others)
[1155/1644  9s] Csc Library/Bee/artifacts/1900b0aEDbg.dag/MapMagic.Editor.dll (+2 others)
Assets\MapMagic\Brush\Editor\BrushGraphTemplate.cs(31,37): warning CS0618: 'EndNameEditAction' is obsolete: 'EndNameEditAction is obsolete. Use AssetCreationEndAction that uses EntityId instead of int for instance IDs.'

Assets\MapMagic\Nodes\Editor\GraphTemplates.cs(31,32): warning CS0618: 'EndNameEditAction' is obsolete: 'EndNameEditAction is obsolete. Use AssetCreationEndAction that uses EntityId instead of int for instance IDs.'

Assets\MapMagic\Brush\Editor\BrushGraphTemplate.cs(24,5): warning CS0618: 'ProjectWindowUtil.StartNameEditingIfProjectWindowExists(int, EndNameEditAction, string, Texture2D, string)' is obsolete: 'StartNameEditingIfProjectWindowExists(int, EndNameEditAction, string, Texture2D, string) is obsolete. Use StartNameEditingIfProjectWindowExists(EntityId, AssetCreationEndAction, string, Texture2D, string) instead.'

Assets\MapMagic\Brush\Editor\BrushInspector.cs(262,32): warning CS0618: 'Object.FindObjectsOfType<T>()' is obsolete: 'Object.FindObjectsOfType has been deprecated. Use Object.FindObjectsByType instead which lets you decide whether you need the results sorted or not.  FindObjectsOfType sorts the results by InstanceID but if you do not need this using FindObjectSortMode.None is considerably faster.'

Assets\MapMagic\Core\Editor\MapMagicInspector.cs(686,27): warning CS0618: 'PlayerSettings.GetScriptingDefineSymbolsForGroup(BuildTargetGroup)' is obsolete: 'Use GetScriptingDefineSymbols(NamedBuildTarget buildTarget) instead'

Assets\MapMagic\Core\Editor\MapMagicInspector.cs(699,27): warning CS0618: 'PlayerSettings.GetScriptingDefineSymbolsForGroup(BuildTargetGroup)' is obsolete: 'Use GetScriptingDefineSymbols(NamedBuildTarget buildTarget) instead'

Assets\MapMagic\Core\Editor\MapMagicInspector.cs(711,4): warning CS0618: 'PlayerSettings.SetScriptingDefineSymbolsForGroup(BuildTargetGroup, string)' is obsolete: 'Use SetScriptingDefineSymbols(NamedBuildTarget buildTarget, string defines) instead'

Assets\MapMagic\Nodes\Editor\GraphTemplates.cs(24,5): warning CS0618: 'ProjectWindowUtil.StartNameEditingIfProjectWindowExists(int, EndNameEditAction, string, Texture2D, string)' is obsolete: 'StartNameEditingIfProjectWindowExists(int, EndNameEditAction, string, Texture2D, string) is obsolete. Use StartNameEditingIfProjectWindowExists(EntityId, AssetCreationEndAction, string, Texture2D, string) instead.'

Assets\MapMagic\Nodes\Editor\GraphWindow.cs(1153,30): warning CS0618: 'EditorUtility.InstanceIDToObject(int)' is obsolete: 'InstanceIDToObject(int) is obsolete. Use EditorUtility.EntityIdToObject instead.'
[1156/1644  0s] MovedFromExtractor-Combine Library/Bee/artifacts/1900b0aEDbg.dag/Unity.AI.Navigation.Updater.dll.mvfrm
[1157/1644  0s] MovedFromExtractor-Combine Library/Bee/artifacts/1900b0aEDbg.dag/Unity.ProBuilder.AddOns.Editor.dll.mvfrm
[1158/1644  0s] MovedFromExtractor-Combine Library/Bee/artifacts/1900b0aEDbg.dag/Unity.Timeline.Editor.dll.mvfrm
[1159/1644  0s] MovedFromExtractor-Combine Library/Bee/artifacts/1900b0aEDbg.dag/Unity.MemoryProfiler.Editor.MemoryProfilerModule.dll.mvfrm
[1160/1644  0s] MovedFromExtractor-Combine Library/Bee/artifacts/1900b0aEDbg.dag/Unity.RenderPipelines.ShaderGraph.ShaderGraphLibrary.dll.mvfrm
[1161/1644  0s] MovedFromExtractor-Combine Library/Bee/artifacts/1900b0aEDbg.dag/Unity.VisualScripting.SettingsProvider.Editor.dll.mvfrm
[1162/1644  0s] MovedFromExtractor-Combine Library/Bee/artifacts/1900b0aEDbg.dag/Unity.RenderPipelines.Core.ShaderLibrary.dll.mvfrm
[1163/1644  0s] MovedFromExtractor-Combine Library/Bee/artifacts/1900b0aEDbg.dag/Unity.VisualScripting.Shared.Editor.dll.mvfrm
[1164/1644 16s] Csc Library/Bee/artifacts/1900b0aEDbg.dag/MoreMountains.Feedbacks.dll (+2 others)
[1165/1644  0s] MovedFromExtractor-Combine Library/Bee/artifacts/1900b0aEDbg.dag/UnityEditor.UI.Analytics.dll.mvfrm
[1104/1644  0s] Csc Library/Bee/artifacts/1900b0aEDbg.dag/Unity.RenderPipelines.Core.ShaderLibrary.dll (+2 others) [CacheHit da489a947a53c1833ae0a296a42e21da00000000000000000000000000000006]
[1166/1644  0s] Csc Library/Bee/artifacts/1900b0aEDbg.dag/Unity.RenderPipelines.Core.ShaderLibrary.dll (+2 others)
[1168/1644  0s] MovedFromExtractor-Combine Library/Bee/artifacts/1900b0aEDbg.dag/Unity.InputSystem.ForUI.dll.mvfrm
[1107/1644  0s] Csc Library/Bee/artifacts/1900b0aEDbg.dag/Unity.VisualScripting.Shared.Editor.dll (+2 others) [CacheHit 8d4dd3d68fa20bc8147fba35d0185a6800000000000000000000000000000006]
[1169/1644  0s] Csc Library/Bee/artifacts/1900b0aEDbg.dag/Unity.VisualScripting.Shared.Editor.dll (+2 others)
[1108/1644  0s] Csc Library/Bee/artifacts/1900b0aEDbg.dag/UnityEditor.UI.Analytics.dll (+2 others) [CacheHit f115231bfce916c08f6ac43b63fa0cca00000000000000000000000000000006]
[1171/1644  0s] Csc Library/Bee/artifacts/1900b0aEDbg.dag/UnityEditor.UI.Analytics.dll (+2 others)
[1109/1644  0s] Csc Library/Bee/artifacts/1900b0aEDbg.dag/Unity.2D.Sprite.Editor.dll (+2 others) [CacheHit 831f1ac117bcd5091ca1df6156ee9efb00000000000000000000000000000006]
[1173/1644  0s] Csc Library/Bee/artifacts/1900b0aEDbg.dag/Unity.2D.Sprite.Editor.dll (+2 others)
[1175/1644  0s] MovedFromExtractor Library/Bee/artifacts/mvdfrm/Unity.RenderPipelines.Universal.Editor.ref.dll_9B0204A7A5F40BDA.mvfrm
[1176/1644  0s] MovedFromExtractor-Combine Library/Bee/artifacts/1900b0aEDbg.dag/Unity.Collections.Editor.dll.mvfrm
[1112/1644  0s] Csc Library/Bee/artifacts/1900b0aEDbg.dag/Unity.Collections.Editor.dll (+2 others) [CacheHit bec89f80bec52a17bb52cd702cfb050700000000000000000000000000000006]
[1177/1644  0s] Csc Library/Bee/artifacts/1900b0aEDbg.dag/Unity.Collections.Editor.dll (+2 others)
[1113/1644  0s] Csc Library/Bee/artifacts/1900b0aEDbg.dag/Unity.ProBuilder.AddOns.Editor.dll (+2 others) [CacheHit 378db27edf9728526e0dab673946391c00000000000000000000000000000006]
[1179/1644  0s] Csc Library/Bee/artifacts/1900b0aEDbg.dag/Unity.ProBuilder.AddOns.Editor.dll (+2 others)
[1114/1644  0s] Csc Library/Bee/artifacts/1900b0aEDbg.dag/Unity.AI.Navigation.Updater.dll (+2 others) [CacheHit afb38ff23cf4a13cbee120035c270b7400000000000000000000000000000006]
[1181/1644  0s] Csc Library/Bee/artifacts/1900b0aEDbg.dag/Unity.AI.Navigation.Updater.dll (+2 others)
[1115/1644  0s] Csc Library/Bee/artifacts/1900b0aEDbg.dag/Unity.MemoryProfiler.Editor.MemoryProfilerModule.dll (+2 others) [CacheHit 49394258bf08c6a5c89b8ddcc53a7e4e00000000000000000000000000000006]
[1183/1644  0s] Csc Library/Bee/artifacts/1900b0aEDbg.dag/Unity.MemoryProfiler.Editor.MemoryProfilerModule.dll (+2 others)
[1116/1644  0s] Csc Library/Bee/artifacts/1900b0aEDbg.dag/Unity.RenderPipelines.Universal.Shaders.dll (+2 others) [CacheHit 5c2f0c8ab0990edf6d34d20b223d362100000000000000000000000000000006]
[1185/1644  0s] Csc Library/Bee/artifacts/1900b0aEDbg.dag/Unity.RenderPipelines.Universal.Shaders.dll (+2 others)
[1187/1644  2s] Csc Library/Bee/artifacts/1900b0aEDbg.dag/MoreMountains.Feedbacks.NiceVibrations.dll (+2 others)
[1118/1644  0s] Csc Library/Bee/artifacts/1900b0aEDbg.dag/Unity.VisualScripting.SettingsProvider.Editor.dll (+2 others) [CacheHit 7d63411b2fc6263ea39db5b73c502f9200000000000000000000000000000006]
[1188/1644  0s] Csc Library/Bee/artifacts/1900b0aEDbg.dag/Unity.VisualScripting.SettingsProvider.Editor.dll (+2 others)
[1119/1644  0s] Csc Library/Bee/artifacts/1900b0aEDbg.dag/Unity.SharpZipLib.Utils.dll (+2 others) [CacheHit 00868e1dffdc4055b7748ebdd79a5cd600000000000000000000000000000006]
[1190/1644  0s] Csc Library/Bee/artifacts/1900b0aEDbg.dag/Unity.SharpZipLib.Utils.dll (+2 others)
[1120/1644  0s] Csc Library/Bee/artifacts/1900b0aEDbg.dag/Unity.Timeline.Editor.dll (+2 others) [CacheHit 9e6ed3d5a6e0cce16643db3b235a55c900000000000000000000000000000006]
[1192/1644  0s] Csc Library/Bee/artifacts/1900b0aEDbg.dag/Unity.Timeline.Editor.dll (+2 others)
[1194/1644  2s] Csc Library/Bee/artifacts/1900b0aEDbg.dag/MoreMountains.Feedbacks.Cinemachine.dll (+2 others)
[1121/1644  0s] Csc Library/Bee/artifacts/1900b0aEDbg.dag/Unity.RenderPipelines.Universal.2D.Editor.Overrides.dll (+2 others) [CacheHit 8148215a4857755c64dd0d50fb906ce300000000000000000000000000000006]
[1195/1644  0s] Csc Library/Bee/artifacts/1900b0aEDbg.dag/Unity.RenderPipelines.Universal.2D.Editor.Overrides.dll (+2 others)
[1123/1644  0s] Csc Library/Bee/artifacts/1900b0aEDbg.dag/Unity.RenderPipelines.ShaderGraph.ShaderGraphLibrary.dll (+2 others) [CacheHit 2c8860d175bbae5c27629ebc195c855f00000000000000000000000000000006]
[1197/1644  0s] Csc Library/Bee/artifacts/1900b0aEDbg.dag/Unity.RenderPipelines.ShaderGraph.ShaderGraphLibrary.dll (+2 others)
[1124/1644  0s] Csc Library/Bee/artifacts/1900b0aEDbg.dag/Unity.InputSystem.ForUI.dll (+2 others) [CacheHit bc6946528c9f4cc6b5fd88338d29b6c600000000000000000000000000000006]
[1199/1644  0s] Csc Library/Bee/artifacts/1900b0aEDbg.dag/Unity.InputSystem.ForUI.dll (+2 others)
[1125/1644  0s] Csc Library/Bee/artifacts/1900b0aEDbg.dag/Unity.Rendering.LightTransport.Editor.dll (+2 others) [CacheHit 911929dfb981d17732b0aa1950eecdcd00000000000000000000000000000006]
[1201/1644  0s] Csc Library/Bee/artifacts/1900b0aEDbg.dag/Unity.Rendering.LightTransport.Editor.dll (+2 others)
[1126/1644  0s] Csc Library/Bee/artifacts/1900b0aEDbg.dag/Unity.TextMeshPro.Editor.dll (+2 others) [CacheHit 6c94c453b0a43e5ee097ede1fd6d056600000000000000000000000000000006]
[1203/1644  0s] Csc Library/Bee/artifacts/1900b0aEDbg.dag/Unity.TextMeshPro.Editor.dll (+2 others)
[1127/1644  0s] Csc Library/Bee/artifacts/1900b0aEDbg.dag/Unity.SharpZipLib.Editor.dll (+2 others) [CacheHit eeb45390e1aeb1f2a2d233b1c1e4e64c00000000000000000000000000000006]
[1205/1644  0s] Csc Library/Bee/artifacts/1900b0aEDbg.dag/Unity.SharpZipLib.Editor.dll (+2 others)
[1207/1644  3s] Csc Library/Bee/artifacts/1900b0aEDbg.dag/MoreMountains.Feedbacks.URP.dll (+2 others)
[1208/1644  3s] Csc Library/Bee/artifacts/1900b0aEDbg.dag/MoreMountains.Feedbacks.MMTools.dll (+2 others)
[1209/1644  3s] Csc Library/Bee/artifacts/1900b0aEDbg.dag/MoreMountains.Feedbacks.PostProcessing.dll (+2 others)
[1210/1644  0s] MovedFromExtractor-Combine Library/Bee/artifacts/1900b0aEDbg.dag/MeshBakerEditor.dll.mvfrm
[1211/1644  4s] Csc Library/Bee/artifacts/1900b0aEDbg.dag/MoreMountains.Feedbacks.HDRP.dll (+2 others)
[1212/1644  0s] MovedFromExtractor-Combine Library/Bee/artifacts/1900b0aEDbg.dag/GPUInstancer.Editor.dll.mvfrm
[1213/1644  1s] MovedFromExtractor-Combine Library/Bee/artifacts/1900b0aEDbg.dag/EasySave3Editor.dll.mvfrm
[1214/1644  0s] MovedFromExtractor-Combine Library/Bee/artifacts/1900b0aEDbg.dag/Tayx.Graphy.Editor.dll.mvfrm
[1215/1644  1s] MovedFromExtractor-Combine Library/Bee/artifacts/1900b0aEDbg.dag/Lofelt.NiceVibrations.Editor.dll.mvfrm
[1216/1644  1s] MovedFromExtractor-Combine Library/Bee/artifacts/1900b0aEDbg.dag/VolumetricLightBeam.Editor.dll.mvfrm
[1217/1644  0s] MovedFromExtractor-Combine Library/Bee/artifacts/1900b0aEDbg.dag/MoreMountains.Feedbacks.Authorizations.dll.mvfrm
[1218/1644  0s] MovedFromExtractor-Combine Library/Bee/artifacts/1900b0aEDbg.dag/WaveHarmonic.Crest.Scripting.dll.mvfrm
[1219/1644  0s] MovedFromExtractor-Combine Library/Bee/artifacts/1900b0aEDbg.dag/RealtimeCSG.dll.mvfrm
[1220/1644  1s] MovedFromExtractor-Combine Library/Bee/artifacts/1900b0aEDbg.dag/AmplifyImpostors.Editor.dll.mvfrm
[1221/1644  1s] MovedFromExtractor-Combine Library/Bee/artifacts/1900b0aEDbg.dag/MCPForUnity.Editor.dll.mvfrm
[1222/1644  1s] MovedFromExtractor-Combine Library/Bee/artifacts/1900b0aEDbg.dag/BakeryEditorAssembly.dll.mvfrm
[1223/1644  1s] MovedFromExtractor-Combine Library/Bee/artifacts/1900b0aEDbg.dag/Sirenix.OdinInspector.Modules.UnityMathematics.dll.mvfrm
[1224/1644  1s] MovedFromExtractor-Combine Library/Bee/artifacts/1900b0aEDbg.dag/MapMagic.MicroSplat.Editor.dll.mvfrm
[1225/1644  1s] MovedFromExtractor-Combine Library/Bee/artifacts/1900b0aEDbg.dag/MoreMountains.Tools.Editor.dll.mvfrm
[1226/1644  1s] MovedFromExtractor-Combine Library/Bee/artifacts/1900b0aEDbg.dag/TechniePhysicsCreator.dll.mvfrm
[1227/1644  2s] MovedFromExtractor-Combine Library/Bee/artifacts/1900b0aEDbg.dag/Lofelt.NiceVibrations.Demo.dll.mvfrm
[1228/1644  1s] MovedFromExtractor-Combine Library/Bee/artifacts/1900b0aEDbg.dag/ShapesEditor.dll.mvfrm
[1229/1644  2s] MovedFromExtractor-Combine Library/Bee/artifacts/1900b0aEDbg.dag/Hecton8.Editor.dll.mvfrm
[1230/1644  2s] MovedFromExtractor-Combine Library/Bee/artifacts/1900b0aEDbg.dag/AstarPathfindingProjectEditor.dll.mvfrm
[1231/1644  2s] MovedFromExtractor-Combine Library/Bee/artifacts/1900b0aEDbg.dag/Crest.Helpers.Editor.dll.mvfrm
[1232/1644  1s] MovedFromExtractor-Combine Library/Bee/artifacts/1900b0aEDbg.dag/MoreMountains.Feedbacks.Editor.dll.mvfrm
[1233/1644  6s] Csc Library/Bee/artifacts/1900b0aEDbg.dag/MoreMountains.Feedbacks.TextMeshPro.dll (+2 others)
[1234/1644  3s] Csc Library/Bee/artifacts/1900b0aEDbg.dag/Lofelt.NiceVibrations.Demo.dll (+2 others)
[1235/1644  3s] Csc Library/Bee/artifacts/1900b0aEDbg.dag/Crest.Helpers.Editor.dll (+2 others)
[1236/1644  0s] MovedFromExtractor Library/Bee/artifacts/mvdfrm/Unity.PlasticSCM.Editor.ref.dll_038935ADFCD4A11D.mvfrm
[1237/1644  4s] Csc Library/Bee/artifacts/1900b0aEDbg.dag/MoreMountains.Feedbacks.Editor.dll (+2 others)
[1238/1644  3s] Csc Library/Bee/artifacts/1900b0aEDbg.dag/MoreMountains.Feedbacks.Authorizations.dll (+2 others)
[1239/1644  7s] Csc Library/Bee/artifacts/1900b0aEDbg.dag/AstarPathfindingProjectEditor.dll (+2 others)
Assets\AstarPathfindingProject\Editor\AIBaseEditor.cs(116,131): warning CS0618: 'Rigidbody2D.isKinematic' is obsolete: 'isKinematic has been deprecated. Please use bodyType.'

Assets\AstarPathfindingProject\Editor\GraphEditors\GridGeneratorEditor.cs(128,20): warning CS0618: 'Object.FindObjectsOfType<T>()' is obsolete: 'Object.FindObjectsOfType has been deprecated. Use Object.FindObjectsByType instead which lets you decide whether you need the results sorted or not.  FindObjectsOfType sorts the results by InstanceID but if you do not need this using FindObjectSortMode.None is considerably faster.'

Assets\AstarPathfindingProject\Editor\AstarUpdateChecker.cs(213,63): warning CS0618: 'Object.FindObjectOfType(Type)' is obsolete: 'Object.FindObjectOfType has been deprecated. Use Object.FindFirstObjectByType instead or if finding any instance is acceptable the faster Object.FindAnyObjectByType'

Assets\AstarPathfindingProject\Editor\AstarUpdateChecker.cs(215,19): warning CS0618: 'Object.FindObjectOfType(Type)' is obsolete: 'Object.FindObjectOfType has been deprecated. Use Object.FindFirstObjectByType instead or if finding any instance is acceptable the faster Object.FindAnyObjectByType'
[1240/1644  7s] Csc Library/Bee/artifacts/1900b0aEDbg.dag/ShapesEditor.dll (+2 others)
[1241/1644  6s] Csc Library/Bee/artifacts/1900b0aEDbg.dag/MeshBakerEditor.dll (+2 others)
Assets\MeshBaker\Editor\MB3_MBVersionConcreteEditor.cs(211,46): warning CS0618: 'TextureImporterFormat.PVRTC_RGB2' is obsolete: 'Texture compression format PVRTC has been deprecated and will be removed in a future release'

Assets\MeshBaker\Editor\MB3_MBVersionConcreteEditor.cs(212,46): warning CS0618: 'TextureImporterFormat.PVRTC_RGB4' is obsolete: 'Texture compression format PVRTC has been deprecated and will be removed in a future release'

Assets\MeshBaker\Editor\MB3_MBVersionConcreteEditor.cs(213,46): warning CS0618: 'TextureImporterFormat.PVRTC_RGBA2' is obsolete: 'Texture compression format PVRTC has been deprecated and will be removed in a future release'

Assets\MeshBaker\Editor\MB3_MBVersionConcreteEditor.cs(214,46): warning CS0618: 'TextureImporterFormat.PVRTC_RGBA4' is obsolete: 'Texture compression format PVRTC has been deprecated and will be removed in a future release'

Assets\MeshBaker\Editor\MB3_MBVersionConcreteEditor.cs(454,22): warning CS0618: 'TextureFormat.PVRTC_RGB2' is obsolete: 'Texture compression format PVRTC has been deprecated and will be removed in a future release'

Assets\MeshBaker\Editor\MB3_MBVersionConcreteEditor.cs(455,41): warning CS0618: 'TextureImporterFormat.PVRTC_RGB2' is obsolete: 'Texture compression format PVRTC has been deprecated and will be removed in a future release'

Assets\MeshBaker\Editor\MB3_MBVersionConcreteEditor.cs(457,22): warning CS0618: 'TextureFormat.PVRTC_RGB4' is obsolete: 'Texture compression format PVRTC has been deprecated and will be removed in a future release'

Assets\MeshBaker\Editor\MB3_MBVersionConcreteEditor.cs(458,41): warning CS0618: 'TextureImporterFormat.PVRTC_RGB4' is obsolete: 'Texture compression format PVRTC has been deprecated and will be removed in a future release'

Assets\MeshBaker\Editor\MB3_MBVersionConcreteEditor.cs(460,22): warning CS0618: 'TextureFormat.PVRTC_RGBA2' is obsolete: 'Texture compression format PVRTC has been deprecated and will be removed in a future release'

Assets\MeshBaker\Editor\MB3_MBVersionConcreteEditor.cs(461,41): warning CS0618: 'TextureImporterFormat.PVRTC_RGBA2' is obsolete: 'Texture compression format PVRTC has been deprecated and will be removed in a future release'

Assets\MeshBaker\Editor\MB3_MBVersionConcreteEditor.cs(463,22): warning CS0618: 'TextureFormat.PVRTC_RGBA4' is obsolete: 'Texture compression format PVRTC has been deprecated and will be removed in a future release'

Assets\MeshBaker\Editor\MB3_MBVersionConcreteEditor.cs(464,41): warning CS0618: 'TextureImporterFormat.PVRTC_RGBA4' is obsolete: 'Texture compression format PVRTC has been deprecated and will be removed in a future release'

Assets\MeshBaker\Editor\MB_TextureBakerEditorConfigureMultiMaterials.cs(321,62): warning CS0618: 'Object.GetInstanceID()' is obsolete: 'GetInstanceID is deprecated. Use GetEntityId instead. This will be removed in a future version.'

Assets\MeshBaker\Editor\MB_TextureBakerEditorConfigureMultiMaterials.cs(328,53): warning CS0618: 'Object.GetInstanceID()' is obsolete: 'GetInstanceID is deprecated. Use GetEntityId instead. This will be removed in a future version.'

Assets\MeshBaker\Editor\MB3_MeshBakerEditorInternal.cs(290,37): warning CS0618: 'Object.GetInstanceID()' is obsolete: 'GetInstanceID is deprecated. Use GetEntityId instead. This will be removed in a future version.'

Assets\MeshBaker\Editor\MB3_MeshBakerEditorInternal.cs(389,37): warning CS0618: 'Object.GetInstanceID()' is obsolete: 'GetInstanceID is deprecated. Use GetEntityId instead. This will be removed in a future version.'

Assets\MeshBaker\Editor\MB3_MeshBakerEditorWindowAnalyseSceneTab.cs(475,62): warning CS0618: 'Object.GetInstanceID()' is obsolete: 'GetInstanceID is deprecated. Use GetEntityId instead. This will be removed in a future version.'

Assets\MeshBaker\Editor\MB3_MeshBakerEditorWindowAnalyseSceneTab.cs(482,53): warning CS0618: 'Object.GetInstanceID()' is obsolete: 'GetInstanceID is deprecated. Use GetEntityId instead. This will be removed in a future version.'

Assets\MeshBaker\Editor\MB3_MeshBakerEditorWindowAddObjectsTab.cs(487,71): warning CS0618: 'Object.GetInstanceID()' is obsolete: 'GetInstanceID is deprecated. Use GetEntityId instead. This will be removed in a future version.'

Assets\MeshBaker\Editor\MB3_MeshBakerEditorWindowAddObjectsTab.cs(490,62): warning CS0618: 'Object.GetInstanceID()' is obsolete: 'GetInstanceID is deprecated. Use GetEntityId instead. This will be removed in a future version.'
[1242/1644  7s] Csc Library/Bee/artifacts/1900b0aEDbg.dag/TechniePhysicsCreator.dll (+2 others)
[1243/1644  4s] Csc Library/Bee/artifacts/1900b0aEDbg.dag/MoreMountains.Tools.Editor.dll (+2 others)
Assets\Feel\MMTools\Editor\MMAttributes\MMMonoBehaviourDrawer.cs(72,124): warning CS0618: 'Object.GetInstanceID()' is obsolete: 'GetInstanceID is deprecated. Use GetEntityId instead. This will be removed in a future version.'

Assets\Feel\MMTools\Editor\MMAttributes\MMMonoBehaviourDrawer.cs(133,102): warning CS0618: 'Object.GetInstanceID()' is obsolete: 'GetInstanceID is deprecated. Use GetEntityId instead. This will be removed in a future version.'
[1244/1644  1s] Csc Library/Bee/artifacts/1900b0aEDbg.dag/Lofelt.NiceVibrations.Editor.dll (+2 others)
[1245/1644  2s] Csc Library/Bee/artifacts/1900b0aEDbg.dag/Tayx.Graphy.Editor.dll (+2 others)
[1167/1644  0s] Csc Library/Bee/artifacts/1900b0aEDbg.dag/MCPForUnity.Editor.dll (+2 others) [CacheHit e80533bb474d93d2f43aa42aebbd563d00000000000000000000000000000006]
[1246/1644  0s] Csc Library/Bee/artifacts/1900b0aEDbg.dag/MCPForUnity.Editor.dll (+2 others)
Packages\com.coplaydev.unity-mcp\Editor\Helpers\GameObjectLookup.cs(73,51): warning CS0618: 'EntityId.implicit operator EntityId(int)' is obsolete: 'EntityId will not be representable by an int in the future. This casting operator will be removed in a future version.'


Packages\com.coplaydev.unity-mcp\Editor\Helpers\GameObjectLookup.cs(158,42): warning CS0618: 'Object.GetInstanceID()' is obsolete: 'GetInstanceID is deprecated. Use GetEntityId instead. This will be removed in a future version.'


Packages\com.coplaydev.unity-mcp\Editor\Helpers\GameObjectLookup.cs(173,38): warning CS0618: 'Object.GetInstanceID()' is obsolete: 'GetInstanceID is deprecated. Use GetEntityId instead. This will be removed in a future version.'


Packages\com.coplaydev.unity-mcp\Editor\Helpers\GameObjectLookup.cs(190,38): warning CS0618: 'Object.GetInstanceID()' is obsolete: 'GetInstanceID is deprecated. Use GetEntityId instead. This will be removed in a future version.'


Packages\com.coplaydev.unity-mcp\Editor\Helpers\GameObjectLookup.cs(200,34): warning CS0618: 'Object.GetInstanceID()' is obsolete: 'GetInstanceID is deprecated. Use GetEntityId instead. This will be removed in a future version.'


Packages\com.coplaydev.unity-mcp\Editor\Helpers\GameObjectLookup.cs(233,30): warning CS0618: 'Object.GetInstanceID()' is obsolete: 'GetInstanceID is deprecated. Use GetEntityId instead. This will be removed in a future version.'


Packages\com.coplaydev.unity-mcp\Editor\Helpers\GameObjectSerializer.cs(31,30): warning CS0618: 'Object.GetInstanceID()' is obsolete: 'GetInstanceID is deprecated. Use GetEntityId instead. This will be removed in a future version.'


Packages\com.coplaydev.unity-mcp\Editor\Helpers\GameObjectSerializer.cs(91,56): warning CS0618: 'Object.GetInstanceID()' is obsolete: 'GetInstanceID is deprecated. Use GetEntityId instead. This will be removed in a future version.'


Packages\com.coplaydev.unity-mcp\Editor\Helpers\GameObjectLookup.cs(257,30): warning CS0618: 'Object.GetInstanceID()' is obsolete: 'GetInstanceID is deprecated. Use GetEntityId instead. This will be removed in a future version.'


Packages\com.coplaydev.unity-mcp\Editor\Helpers\GameObjectLookup.cs(277,34): warning CS0618: 'Object.GetInstanceID()' is obsolete: 'GetInstanceID is deprecated. Use GetEntityId instead. This will be removed in a future version.'


Packages\com.coplaydev.unity-mcp\Editor\Resources\Editor\Windows.cs(42,42): warning CS0618: 'Object.GetInstanceID()' is obsolete: 'GetInstanceID is deprecated. Use GetEntityId instead. This will be removed in a future version.'


Packages\com.coplaydev.unity-mcp\Editor\Helpers\GameObjectSerializer.cs(147,33): warning CS0618: 'Object.GetInstanceID()' is obsolete: 'GetInstanceID is deprecated. Use GetEntityId instead. This will be removed in a future version.'


Packages\com.coplaydev.unity-mcp\Editor\Helpers\ComponentOps.cs(968,92): warning CS0618: 'Object.GetInstanceID()' is obsolete: 'GetInstanceID is deprecated. Use GetEntityId instead. This will be removed in a future version.'


Packages\com.coplaydev.unity-mcp\Editor\Resources\Scene\GameObjectResource.cs(176,42): warning CS0618: 'Object.GetInstanceID()' is obsolete: 'GetInstanceID is deprecated. Use GetEntityId instead. This will be removed in a future version.'


Packages\com.coplaydev.unity-mcp\Editor\Resources\Scene\GameObjectResource.cs(87,33): warning CS0618: 'Object.GetInstanceID()' is obsolete: 'GetInstanceID is deprecated. Use GetEntityId instead. This will be removed in a future version.'


Packages\com.coplaydev.unity-mcp\Editor\Resources\Scene\GameObjectResource.cs(92,30): warning CS0618: 'Object.GetInstanceID()' is obsolete: 'GetInstanceID is deprecated. Use GetEntityId instead. This will be removed in a future version.'


Packages\com.coplaydev.unity-mcp\Editor\Resources\Scene\GameObjectResource.cs(109,53): warning CS0618: 'Object.GetInstanceID()' is obsolete: 'GetInstanceID is deprecated. Use GetEntityId instead. This will be removed in a future version.'


Packages\com.coplaydev.unity-mcp\Editor\Resources\Editor\Selection.cs(24,75): warning CS0618: 'Object.GetInstanceID()' is obsolete: 'GetInstanceID is deprecated. Use GetEntityId instead. This will be removed in a future version.'


Packages\com.coplaydev.unity-mcp\Editor\Resources\Editor\Selection.cs(31,46): warning CS0618: 'Object.GetInstanceID()' is obsolete: 'GetInstanceID is deprecated. Use GetEntityId instead. This will be removed in a future version.'


Packages\com.coplaydev.unity-mcp\Editor\Resources\Editor\Selection.cs(38,45): warning CS0618: 'Object.GetInstanceID()' is obsolete: 'GetInstanceID is deprecated. Use GetEntityId instead. This will be removed in a future version.'


Packages\com.coplaydev.unity-mcp\Editor\Helpers\GameObjectSerializer.cs(181,37): warning CS0618: 'Object.GetInstanceID()' is obsolete: 'GetInstanceID is deprecated. Use GetEntityId instead. This will be removed in a future version.'


Packages\com.coplaydev.unity-mcp\Editor\Helpers\GameObjectSerializer.cs(191,53): warning CS0618: 'Object.GetInstanceID()' is obsolete: 'GetInstanceID is deprecated. Use GetEntityId instead. This will be removed in a future version.'


Packages\com.coplaydev.unity-mcp\Editor\Helpers\GameObjectSerializer.cs(192,49): warning CS0618: 'Object.GetInstanceID()' is obsolete: 'GetInstanceID is deprecated. Use GetEntityId instead. This will be removed in a future version.'


Packages\com.coplaydev.unity-mcp\Editor\Helpers\GameObjectSerializer.cs(197,61): warning CS0618: 'Object.GetInstanceID()' is obsolete: 'GetInstanceID is deprecated. Use GetEntityId instead. This will be removed in a future version.'


Packages\com.coplaydev.unity-mcp\Editor\Helpers\GameObjectSerializer.cs(236,90): warning CS0618: 'Object.GetInstanceID()' is obsolete: 'GetInstanceID is deprecated. Use GetEntityId instead. This will be removed in a future version.'


Packages\com.coplaydev.unity-mcp\Editor\Helpers\GameObjectSerializer.cs(259,37): warning CS0618: 'Object.GetInstanceID()' is obsolete: 'GetInstanceID is deprecated. Use GetEntityId instead. This will be removed in a future version.'


Packages\com.coplaydev.unity-mcp\Editor\Helpers\GameObjectSerializer.cs(325,37): warning CS0618: 'Object.GetInstanceID()' is obsolete: 'GetInstanceID is deprecated. Use GetEntityId instead. This will be removed in a future version.'


Packages\com.coplaydev.unity-mcp\Editor\Helpers\GameObjectSerializer.cs(334,33): warning CS0618: 'Object.GetInstanceID()' is obsolete: 'GetInstanceID is deprecated. Use GetEntityId instead. This will be removed in a future version.'


Packages\com.coplaydev.unity-mcp\Editor\Tools\Cameras\CameraConfigure.cs(39,43): warning CS0618: 'Object.GetInstanceID()' is obsolete: 'GetInstanceID is deprecated. Use GetEntityId instead. This will be removed in a future version.'


Packages\com.coplaydev.unity-mcp\Editor\Tools\Graphics\LightBakingOps.cs(127,34): warning CS0618: 'Object.GetInstanceID()' is obsolete: 'GetInstanceID is deprecated. Use GetEntityId instead. This will be removed in a future version.'


Packages\com.coplaydev.unity-mcp\Editor\Tools\Cameras\CameraCreate.cs(65,34): warning CS0618: 'Object.GetInstanceID()' is obsolete: 'GetInstanceID is deprecated. Use GetEntityId instead. This will be removed in a future version.'


Packages\com.coplaydev.unity-mcp\Editor\Tools\Cameras\CameraControl.cs(17,89): warning CS0618: 'FindObjectsSortMode' is obsolete: 'FindObjectsSortMode has been deprecated. Use the FindObjectsByType overloads that do not take a FindObjectsSortMode parameter.'


Packages\com.coplaydev.unity-mcp\Editor\Tools\Cameras\CameraControl.cs(17,32): warning CS0618: 'Object.FindObjectsByType<T>(FindObjectsSortMode)' is obsolete: 'FindObjectsByType with FindObjectsSortMode parameter has been deprecated. Use FindObjectsByType<T>() or FindObjectsByType<T>(FindObjectsInactive) instead. InstanceID will be replaced in the future with EntityId and previous sort order cannot be maintained.'


Packages\com.coplaydev.unity-mcp\Editor\Tools\Cameras\CameraControl.cs(29,74): warning CS0618: 'FindObjectsSortMode' is obsolete: 'FindObjectsSortMode has been deprecated. Use the FindObjectsByType overloads that do not take a FindObjectsSortMode parameter.'


Packages\com.coplaydev.unity-mcp\Editor\Tools\Cameras\CameraControl.cs(29,29): warning CS0618: 'Object.FindObjectsByType(Type, FindObjectsSortMode)' is obsolete: 'FindObjectsByType with FindObjectsSortMode parameter has been deprecated. Use FindObjectsByType(Type) or FindObjectsByType(Type, FindObjectsInactive) instead. InstanceID will be replaced in the future with EntityId and previous sort order cannot be maintained.'


Packages\com.coplaydev.unity-mcp\Editor\Tools\Cameras\CameraControl.cs(58,38): warning CS0618: 'Object.GetInstanceID()' is obsolete: 'GetInstanceID is deprecated. Use GetEntityId instead. This will be removed in a future version.'


Packages\com.coplaydev.unity-mcp\Editor\Tools\Cameras\CameraControl.cs(62,101): warning CS0618: 'Object.GetInstanceID()' is obsolete: 'GetInstanceID is deprecated. Use GetEntityId instead. This will be removed in a future version.'


Packages\com.coplaydev.unity-mcp\Editor\Tools\Cameras\CameraControl.cs(63,101): warning CS0618: 'Object.GetInstanceID()' is obsolete: 'GetInstanceID is deprecated. Use GetEntityId instead. This will be removed in a future version.'


Packages\com.coplaydev.unity-mcp\Editor\Tools\Cameras\CameraControl.cs(79,34): warning CS0618: 'Object.GetInstanceID()' is obsolete: 'GetInstanceID is deprecated. Use GetEntityId instead. This will be removed in a future version.'


Packages\com.coplaydev.unity-mcp\Editor\Tools\Cameras\CameraControl.cs(105,40): warning CS0618: 'Object.GetInstanceID()' is obsolete: 'GetInstanceID is deprecated. Use GetEntityId instead. This will be removed in a future version.'


Packages\com.coplaydev.unity-mcp\Editor\Tools\Cameras\CameraControl.cs(112,38): warning CS0618: 'Object.GetInstanceID()' is obsolete: 'GetInstanceID is deprecated. Use GetEntityId instead. This will be removed in a future version.'


Packages\com.coplaydev.unity-mcp\Editor\Tools\Graphics\GraphicsHelpers.cs(113,83): warning CS0618: 'FindObjectsSortMode' is obsolete: 'FindObjectsSortMode has been deprecated. Use the FindObjectsByType overloads that do not take a FindObjectsSortMode parameter.'


Packages\com.coplaydev.unity-mcp\Editor\Tools\Graphics\GraphicsHelpers.cs(113,34): warning CS0618: 'Object.FindObjectsByType(Type, FindObjectsSortMode)' is obsolete: 'FindObjectsByType with FindObjectsSortMode parameter has been deprecated. Use FindObjectsByType(Type) or FindObjectsByType(Type, FindObjectsInactive) instead. InstanceID will be replaced in the future with EntityId and previous sort order cannot be maintained.'


Packages\com.coplaydev.unity-mcp\Editor\Tools\Cameras\CameraConfigure.cs(68,43): warning CS0618: 'Object.GetInstanceID()' is obsolete: 'GetInstanceID is deprecated. Use GetEntityId instead. This will be removed in a future version.'


Packages\com.coplaydev.unity-mcp\Editor\Tools\Cameras\CameraControl.cs(150,32): warning CS0618: 'Object.GetInstanceID()' is obsolete: 'GetInstanceID is deprecated. Use GetEntityId instead. This will be removed in a future version.'


Packages\com.coplaydev.unity-mcp\Editor\Tools\Cameras\CameraControl.cs(166,34): warning CS0618: 'Object.GetInstanceID()' is obsolete: 'GetInstanceID is deprecated. Use GetEntityId instead. This will be removed in a future version.'


Packages\com.coplaydev.unity-mcp\Editor\Tools\Graphics\VolumeOps.cs(127,34): warning CS0618: 'Object.GetInstanceID()' is obsolete: 'GetInstanceID is deprecated. Use GetEntityId instead. This will be removed in a future version.'


Packages\com.coplaydev.unity-mcp\Editor\Tools\Cameras\CameraConfigure.cs(91,43): warning CS0618: 'Object.GetInstanceID()' is obsolete: 'GetInstanceID is deprecated. Use GetEntityId instead. This will be removed in a future version.'


Packages\com.coplaydev.unity-mcp\Editor\Tools\Cameras\CameraHelpers.cs(145,20): warning CS0618: 'Object.FindFirstObjectByType(Type)' is obsolete: 'FindFirstObjectByType has been deprecated because it relies on instance ID ordering. Use FindAnyObjectByType instead, which does not depend on ordering.'


Packages\com.coplaydev.unity-mcp\Editor\Tools\GameObjects\GameObjectDelete.cs(27,32): warning CS0618: 'Object.GetInstanceID()' is obsolete: 'GetInstanceID is deprecated. Use GetEntityId instead. This will be removed in a future version.'


Packages\com.coplaydev.unity-mcp\Editor\Tools\Cameras\CameraHelpers.cs(157,84): warning CS0618: 'FindObjectsSortMode' is obsolete: 'FindObjectsSortMode has been deprecated. Use the FindObjectsByType overloads that do not take a FindObjectsSortMode parameter.'


Packages\com.coplaydev.unity-mcp\Editor\Tools\Cameras\CameraHelpers.cs(157,27): warning CS0618: 'Object.FindObjectsByType<T>(FindObjectsSortMode)' is obsolete: 'FindObjectsByType with FindObjectsSortMode parameter has been deprecated. Use FindObjectsByType<T>() or FindObjectsByType<T>(FindObjectsInactive) instead. InstanceID will be replaced in the future with EntityId and previous sort order cannot be maintained.'


Packages\com.coplaydev.unity-mcp\Editor\Tools\ManageComponents.cs(121,34): warning CS0618: 'Object.GetInstanceID()' is obsolete: 'GetInstanceID is deprecated. Use GetEntityId instead. This will be removed in a future version.'


Packages\com.coplaydev.unity-mcp\Editor\Tools\ManageComponents.cs(123,43): warning CS0618: 'Object.GetInstanceID()' is obsolete: 'GetInstanceID is deprecated. Use GetEntityId instead. This will be removed in a future version.'


Packages\com.coplaydev.unity-mcp\Editor\Tools\Cameras\CameraCreate.cs(152,34): warning CS0618: 'Object.GetInstanceID()' is obsolete: 'GetInstanceID is deprecated. Use GetEntityId instead. This will be removed in a future version.'


Packages\com.coplaydev.unity-mcp\Editor\Tools\Cameras\CameraControl.cs(220,43): warning CS0618: 'Object.GetInstanceID()' is obsolete: 'GetInstanceID is deprecated. Use GetEntityId instead. This will be removed in a future version.'


Packages\com.coplaydev.unity-mcp\Editor\Tools\ManageComponents.cs(165,34): warning CS0618: 'Object.GetInstanceID()' is obsolete: 'GetInstanceID is deprecated. Use GetEntityId instead. This will be removed in a future version.'


Packages\com.coplaydev.unity-mcp\Editor\Tools\GameObjects\ManageGameObjectCommon.cs(71,74): warning CS0618: 'Object.GetInstanceID()' is obsolete: 'GetInstanceID is deprecated. Use GetEntityId instead. This will be removed in a future version.'


Packages\com.coplaydev.unity-mcp\Editor\Tools\GameObjects\ManageGameObjectCommon.cs(159,108): warning CS0618: 'FindObjectsSortMode' is obsolete: 'FindObjectsSortMode has been deprecated. Use the FindObjectsByType overloads that do not take a FindObjectsSortMode parameter.'


Packages\com.coplaydev.unity-mcp\Editor\Tools\GameObjects\ManageGameObjectCommon.cs(159,46): warning CS0618: 'Object.FindObjectsByType(Type, FindObjectsInactive, FindObjectsSortMode)' is obsolete: 'FindObjectsByType with FindObjectsSortMode parameter has been deprecated. Use FindObjectsByType(Type) or FindObjectsByType(Type, FindObjectsInactive) instead. InstanceID will be replaced in the future with EntityId and previous sort order cannot be maintained.'


Packages\com.coplaydev.unity-mcp\Editor\Tools\GameObjects\ManageGameObjectCommon.cs(180,80): warning CS0618: 'Object.GetInstanceID()' is obsolete: 'GetInstanceID is deprecated. Use GetEntityId instead. This will be removed in a future version.'


Packages\com.coplaydev.unity-mcp\Editor\Tools\Cameras\CameraConfigure.cs(119,43): warning CS0618: 'Object.GetInstanceID()' is obsolete: 'GetInstanceID is deprecated. Use GetEntityId instead. This will be removed in a future version.'


Packages\com.coplaydev.unity-mcp\Editor\Tools\Graphics\LightBakingOps.cs(277,34): warning CS0618: 'Object.GetInstanceID()' is obsolete: 'GetInstanceID is deprecated. Use GetEntityId instead. This will be removed in a future version.'


Packages\com.coplaydev.unity-mcp\Editor\Tools\Cameras\CameraControl.cs(249,47): warning CS0618: 'Object.GetInstanceID()' is obsolete: 'GetInstanceID is deprecated. Use GetEntityId instead. This will be removed in a future version.'


Packages\com.coplaydev.unity-mcp\Editor\Tools\Cameras\CameraControl.cs(276,47): warning CS0618: 'Object.GetInstanceID()' is obsolete: 'GetInstanceID is deprecated. Use GetEntityId instead. This will be removed in a future version.'


Packages\com.coplaydev.unity-mcp\Editor\Tools\Cameras\CameraControl.cs(286,34): warning CS0618: 'Object.GetInstanceID()' is obsolete: 'GetInstanceID is deprecated. Use GetEntityId instead. This will be removed in a future version.'


Packages\com.coplaydev.unity-mcp\Editor\Tools\Cameras\CameraCreate.cs(176,38): warning CS0618: 'Object.GetInstanceID()' is obsolete: 'GetInstanceID is deprecated. Use GetEntityId instead. This will be removed in a future version.'


Packages\com.coplaydev.unity-mcp\Editor\Tools\Cameras\CameraCreate.cs(244,34): warning CS0618: 'Object.GetInstanceID()' is obsolete: 'GetInstanceID is deprecated. Use GetEntityId instead. This will be removed in a future version.'


Packages\com.coplaydev.unity-mcp\Editor\Tools\Graphics\LightBakingOps.cs(330,34): warning CS0618: 'Object.GetInstanceID()' is obsolete: 'GetInstanceID is deprecated. Use GetEntityId instead. This will be removed in a future version.'


Packages\com.coplaydev.unity-mcp\Editor\Tools\ManageComponents.cs(249,42): warning CS0618: 'Object.GetInstanceID()' is obsolete: 'GetInstanceID is deprecated. Use GetEntityId instead. This will be removed in a future version.'


Packages\com.coplaydev.unity-mcp\Editor\Tools\ManageComponents.cs(261,38): warning CS0618: 'Object.GetInstanceID()' is obsolete: 'GetInstanceID is deprecated. Use GetEntityId instead. This will be removed in a future version.'


Packages\com.coplaydev.unity-mcp\Editor\Tools\Cameras\CameraConfigure.cs(150,43): warning CS0618: 'Object.GetInstanceID()' is obsolete: 'GetInstanceID is deprecated. Use GetEntityId instead. This will be removed in a future version.'


Packages\com.coplaydev.unity-mcp\Editor\Tools\GameObjects\GameObjectDuplicate.cs(80,34): warning CS0618: 'Object.GetInstanceID()' is obsolete: 'GetInstanceID is deprecated. Use GetEntityId instead. This will be removed in a future version.'


Packages\com.coplaydev.unity-mcp\Editor\Tools\Graphics\LightBakingOps.cs(386,34): warning CS0618: 'Object.GetInstanceID()' is obsolete: 'GetInstanceID is deprecated. Use GetEntityId instead. This will be removed in a future version.'


Packages\com.coplaydev.unity-mcp\Editor\Tools\Graphics\VolumeOps.cs(192,92): warning CS0618: 'Object.GetInstanceID()' is obsolete: 'GetInstanceID is deprecated. Use GetEntityId instead. This will be removed in a future version.'


Packages\com.coplaydev.unity-mcp\Editor\Tools\Cameras\CameraConfigure.cs(184,43): warning CS0618: 'Object.GetInstanceID()' is obsolete: 'GetInstanceID is deprecated. Use GetEntityId instead. This will be removed in a future version.'


Packages\com.coplaydev.unity-mcp\Editor\Tools\GameObjects\GameObjectLookAt.cs(56,34): warning CS0618: 'Object.GetInstanceID()' is obsolete: 'GetInstanceID is deprecated. Use GetEntityId instead. This will be removed in a future version.'


Packages\com.coplaydev.unity-mcp\Editor\Tools\Graphics\SkyboxOps.cs(94,82): warning CS0618: 'Object.GetInstanceID()' is obsolete: 'GetInstanceID is deprecated. Use GetEntityId instead. This will be removed in a future version.'


Packages\com.coplaydev.unity-mcp\Editor\Tools\Cameras\CameraConfigure.cs(221,43): warning CS0618: 'Object.GetInstanceID()' is obsolete: 'GetInstanceID is deprecated. Use GetEntityId instead. This will be removed in a future version.'


Packages\com.coplaydev.unity-mcp\Editor\Tools\ManageMaterial.cs(420,61): warning CS0618: 'Object.GetInstanceID()' is obsolete: 'GetInstanceID is deprecated. Use GetEntityId instead. This will be removed in a future version.'


Packages\com.coplaydev.unity-mcp\Editor\Tools\Graphics\RendererFeatureOps.cs(165,34): warning CS0618: 'Object.GetInstanceID()' is obsolete: 'GetInstanceID is deprecated. Use GetEntityId instead. This will be removed in a future version.'


Packages\com.coplaydev.unity-mcp\Editor\Tools\Cameras\CameraConfigure.cs(256,43): warning CS0618: 'Object.GetInstanceID()' is obsolete: 'GetInstanceID is deprecated. Use GetEntityId instead. This will be removed in a future version.'


Packages\com.coplaydev.unity-mcp\Editor\Tools\Cameras\CameraConfigure.cs(291,43): warning CS0618: 'Object.GetInstanceID()' is obsolete: 'GetInstanceID is deprecated. Use GetEntityId instead. This will be removed in a future version.'


Packages\com.coplaydev.unity-mcp\Editor\Tools\Graphics\SkyboxOps.cs(376,34): warning CS0618: 'Object.GetInstanceID()' is obsolete: 'GetInstanceID is deprecated. Use GetEntityId instead. This will be removed in a future version.'


Packages\com.coplaydev.unity-mcp\Editor\Tools\Cameras\CameraConfigure.cs(323,43): warning CS0618: 'Object.GetInstanceID()' is obsolete: 'GetInstanceID is deprecated. Use GetEntityId instead. This will be removed in a future version.'


Packages\com.coplaydev.unity-mcp\Editor\Tools\ManageScene.cs(602,88): warning CS0618: 'FindObjectsSortMode' is obsolete: 'FindObjectsSortMode has been deprecated. Use the FindObjectsByType overloads that do not take a FindObjectsSortMode parameter.'


Packages\com.coplaydev.unity-mcp\Editor\Tools\ManageScene.cs(602,43): warning CS0618: 'Object.FindObjectsByType<T>(FindObjectsSortMode)' is obsolete: 'FindObjectsByType with FindObjectsSortMode parameter has been deprecated. Use FindObjectsByType<T>() or FindObjectsByType<T>(FindObjectsInactive) instead. InstanceID will be replaced in the future with EntityId and previous sort order cannot be maintained.'


Packages\com.coplaydev.unity-mcp\Editor\Tools\ManageScene.cs(644,110): warning CS0618: 'FindObjectsSortMode' is obsolete: 'FindObjectsSortMode has been deprecated. Use the FindObjectsByType overloads that do not take a FindObjectsSortMode parameter.'


Packages\com.coplaydev.unity-mcp\Editor\Tools\ManageScene.cs(644,65): warning CS0618: 'Object.FindObjectsByType<T>(FindObjectsSortMode)' is obsolete: 'FindObjectsByType with FindObjectsSortMode parameter has been deprecated. Use FindObjectsByType<T>() or FindObjectsByType<T>(FindObjectsInactive) instead. InstanceID will be replaced in the future with EntityId and previous sort order cannot be maintained.'


Packages\com.coplaydev.unity-mcp\Editor\Tools\Cameras\CameraConfigure.cs(354,43): warning CS0618: 'Object.GetInstanceID()' is obsolete: 'GetInstanceID is deprecated. Use GetEntityId instead. This will be removed in a future version.'


Packages\com.coplaydev.unity-mcp\Editor\Tools\ManageScene.cs(823,84): warning CS0618: 'FindObjectsSortMode' is obsolete: 'FindObjectsSortMode has been deprecated. Use the FindObjectsByType overloads that do not take a FindObjectsSortMode parameter.'


Packages\com.coplaydev.unity-mcp\Editor\Tools\ManageScene.cs(823,37): warning CS0618: 'Object.FindObjectsByType<T>(FindObjectsSortMode)' is obsolete: 'FindObjectsByType with FindObjectsSortMode parameter has been deprecated. Use FindObjectsByType<T>() or FindObjectsByType<T>(FindObjectsInactive) instead. InstanceID will be replaced in the future with EntityId and previous sort order cannot be maintained.'


Packages\com.coplaydev.unity-mcp\Editor\Tools\ManageAsset.cs(805,38): warning CS0618: 'Object.GetInstanceID()' is obsolete: 'GetInstanceID is deprecated. Use GetEntityId instead. This will be removed in a future version.'


Packages\com.coplaydev.unity-mcp\Editor\Tools\ManageScene.cs(968,84): warning CS0618: 'FindObjectsSortMode' is obsolete: 'FindObjectsSortMode has been deprecated. Use the FindObjectsByType overloads that do not take a FindObjectsSortMode parameter.'


Packages\com.coplaydev.unity-mcp\Editor\Tools\ManageScene.cs(968,37): warning CS0618: 'Object.FindObjectsByType<T>(FindObjectsSortMode)' is obsolete: 'FindObjectsByType with FindObjectsSortMode parameter has been deprecated. Use FindObjectsByType<T>() or FindObjectsByType<T>(FindObjectsInactive) instead. InstanceID will be replaced in the future with EntityId and previous sort order cannot be maintained.'


Packages\com.coplaydev.unity-mcp\Editor\Tools\Graphics\VolumeOps.cs(458,95): warning CS0618: 'FindObjectsSortMode' is obsolete: 'FindObjectsSortMode has been deprecated. Use the FindObjectsByType overloads that do not take a FindObjectsSortMode parameter.'


Packages\com.coplaydev.unity-mcp\Editor\Tools\Graphics\VolumeOps.cs(458,30): warning CS0618: 'Object.FindObjectsByType(Type, FindObjectsSortMode)' is obsolete: 'FindObjectsByType with FindObjectsSortMode parameter has been deprecated. Use FindObjectsByType(Type) or FindObjectsByType(Type, FindObjectsInactive) instead. InstanceID will be replaced in the future with EntityId and previous sort order cannot be maintained.'


Packages\com.coplaydev.unity-mcp\Editor\Tools\ManageScene.cs(1220,72): warning CS0618: 'FindObjectsSortMode' is obsolete: 'FindObjectsSortMode has been deprecated. Use the FindObjectsByType overloads that do not take a FindObjectsSortMode parameter.'


Packages\com.coplaydev.unity-mcp\Editor\Tools\ManageScene.cs(1220,27): warning CS0618: 'Object.FindObjectsByType<T>(FindObjectsSortMode)' is obsolete: 'FindObjectsByType with FindObjectsSortMode parameter has been deprecated. Use FindObjectsByType<T>() or FindObjectsByType<T>(FindObjectsInactive) instead. InstanceID will be replaced in the future with EntityId and previous sort order cannot be maintained.'


Packages\com.coplaydev.unity-mcp\Editor\Tools\ManageScene.cs(1276,86): warning CS0618: 'FindObjectsSortMode' is obsolete: 'FindObjectsSortMode has been deprecated. Use the FindObjectsByType overloads that do not take a FindObjectsSortMode parameter.'


Packages\com.coplaydev.unity-mcp\Editor\Tools\ManageScene.cs(1276,39): warning CS0618: 'Object.FindObjectsByType<T>(FindObjectsSortMode)' is obsolete: 'FindObjectsByType with FindObjectsSortMode parameter has been deprecated. Use FindObjectsByType<T>() or FindObjectsByType<T>(FindObjectsInactive) instead. InstanceID will be replaced in the future with EntityId and previous sort order cannot be maintained.'


Packages\com.coplaydev.unity-mcp\Editor\Tools\Graphics\VolumeOps.cs(532,31): warning CS0618: 'Object.GetInstanceID()' is obsolete: 'GetInstanceID is deprecated. Use GetEntityId instead. This will be removed in a future version.'


Packages\com.coplaydev.unity-mcp\Editor\Tools\ManageUI.cs(1036,28): warning CS0618: 'Object.GetInstanceID()' is obsolete: 'GetInstanceID is deprecated. Use GetEntityId instead. This will be removed in a future version.'


Packages\com.coplaydev.unity-mcp\Editor\Tools\ManageScene.cs(2011,33): warning CS0618: 'Object.GetInstanceID()' is obsolete: 'GetInstanceID is deprecated. Use GetEntityId instead. This will be removed in a future version.'


Packages\com.coplaydev.unity-mcp\Editor\Tools\Vfx\ParticleControl.cs(93,28): warning CS0618: 'Object.GetInstanceID()' is obsolete: 'GetInstanceID is deprecated. Use GetEntityId instead. This will be removed in a future version.'


Packages\com.coplaydev.unity-mcp\Editor\Tools\Profiler\Operations\SessionOps.cs(24,18): warning CS0219: The variable 'recording' is assigned but its value is never used


Packages\com.coplaydev.unity-mcp\Editor\Tools\Prefabs\ManagePrefabs.cs(165,38): warning CS0618: 'Object.GetInstanceID()' is obsolete: 'GetInstanceID is deprecated. Use GetEntityId instead. This will be removed in a future version.'


Packages\com.coplaydev.unity-mcp\Editor\Tools\ManageAsset.cs(1107,36): warning CS0618: 'Object.GetInstanceID()' is obsolete: 'GetInstanceID is deprecated. Use GetEntityId instead. This will be removed in a future version.'


Packages\com.coplaydev.unity-mcp\Editor\Tools\ProBuilder\ManageProBuilder.cs(598,30): warning CS0618: 'Object.GetInstanceID()' is obsolete: 'GetInstanceID is deprecated. Use GetEntityId instead. This will be removed in a future version.'


Packages\com.coplaydev.unity-mcp\Editor\Tools\Prefabs\ManagePrefabs.cs(1237,30): warning CS0618: 'Object.GetInstanceID()' is obsolete: 'GetInstanceID is deprecated. Use GetEntityId instead. This will be removed in a future version.'


Packages\com.coplaydev.unity-mcp\Editor\Tools\Physics\PhysicsSimulationOps.cs(100,38): warning CS0618: 'Object.GetInstanceID()' is obsolete: 'GetInstanceID is deprecated. Use GetEntityId instead. This will be removed in a future version.'


Packages\com.coplaydev.unity-mcp\Editor\Tools\Physics\PhysicsSimulationOps.cs(119,38): warning CS0618: 'Object.GetInstanceID()' is obsolete: 'GetInstanceID is deprecated. Use GetEntityId instead. This will be removed in a future version.'


Packages\com.coplaydev.unity-mcp\Editor\Tools\Physics\PhysicsSimulationOps.cs(142,69): warning CS0618: 'FindObjectsSortMode' is obsolete: 'FindObjectsSortMode has been deprecated. Use the FindObjectsByType overloads that do not take a FindObjectsSortMode parameter.'


Packages\com.coplaydev.unity-mcp\Editor\Tools\Physics\PhysicsSimulationOps.cs(142,31): warning CS0618: 'Object.FindObjectsByType<T>(FindObjectsSortMode)' is obsolete: 'FindObjectsByType with FindObjectsSortMode parameter has been deprecated. Use FindObjectsByType<T>() or FindObjectsByType<T>(FindObjectsInactive) instead. InstanceID will be replaced in the future with EntityId and previous sort order cannot be maintained.'


Packages\com.coplaydev.unity-mcp\Editor\Tools\Physics\PhysicsSimulationOps.cs(155,38): warning CS0618: 'Object.GetInstanceID()' is obsolete: 'GetInstanceID is deprecated. Use GetEntityId instead. This will be removed in a future version.'


Packages\com.coplaydev.unity-mcp\Editor\Tools\Physics\PhysicsSimulationOps.cs(169,65): warning CS0618: 'FindObjectsSortMode' is obsolete: 'FindObjectsSortMode has been deprecated. Use the FindObjectsByType overloads that do not take a FindObjectsSortMode parameter.'


Packages\com.coplaydev.unity-mcp\Editor\Tools\Physics\PhysicsSimulationOps.cs(169,29): warning CS0618: 'Object.FindObjectsByType<T>(FindObjectsSortMode)' is obsolete: 'FindObjectsByType with FindObjectsSortMode parameter has been deprecated. Use FindObjectsByType<T>() or FindObjectsByType<T>(FindObjectsInactive) instead. InstanceID will be replaced in the future with EntityId and previous sort order cannot be maintained.'


Packages\com.coplaydev.unity-mcp\Editor\Tools\Physics\PhysicsSimulationOps.cs(182,38): warning CS0618: 'Object.GetInstanceID()' is obsolete: 'GetInstanceID is deprecated. Use GetEntityId instead. This will be removed in a future version.'


Packages\com.coplaydev.unity-mcp\Editor\Tools\Physics\PhysicsSettingsOps.cs(62,46): warning CS0618: 'Physics2D.autoSyncTransforms' is obsolete: 'Physics2D.autoSyncTransforms has been deprecated please use Physics2D.SyncTransforms instead to manually sync physics transforms when required.'


Packages\com.coplaydev.unity-mcp\Editor\Tools\ProBuilder\ManageProBuilder.cs(902,30): warning CS0618: 'Object.GetInstanceID()' is obsolete: 'GetInstanceID is deprecated. Use GetEntityId instead. This will be removed in a future version.'


Packages\com.coplaydev.unity-mcp\Editor\Tools\Physics\PhysicsSettingsOps.cs(284,25): warning CS0618: 'Physics2D.autoSyncTransforms' is obsolete: 'Physics2D.autoSyncTransforms has been deprecated please use Physics2D.SyncTransforms instead to manually sync physics transforms when required.'


Packages\com.coplaydev.unity-mcp\Editor\Tools\Physics\PhysicsRigidbodyOps.cs(68,34): warning CS0618: 'Object.GetInstanceID()' is obsolete: 'GetInstanceID is deprecated. Use GetEntityId instead. This will be removed in a future version.'


Packages\com.coplaydev.unity-mcp\Editor\Tools\Physics\PhysicsRigidbodyOps.cs(116,34): warning CS0618: 'Object.GetInstanceID()' is obsolete: 'GetInstanceID is deprecated. Use GetEntityId instead. This will be removed in a future version.'


Packages\com.coplaydev.unity-mcp\Editor\Tools\Physics\JointOps.cs(143,34): warning CS0618: 'Object.GetInstanceID()' is obsolete: 'GetInstanceID is deprecated. Use GetEntityId instead. This will be removed in a future version.'


Packages\com.coplaydev.unity-mcp\Editor\Tools\Physics\JointOps.cs(144,44): warning CS0618: 'Object.GetInstanceID()' is obsolete: 'GetInstanceID is deprecated. Use GetEntityId instead. This will be removed in a future version.'


Packages\com.coplaydev.unity-mcp\Editor\Tools\Physics\PhysicsQueryOps.cs(82,34): warning CS0618: 'Object.GetInstanceID()' is obsolete: 'GetInstanceID is deprecated. Use GetEntityId instead. This will be removed in a future version.'


Packages\com.coplaydev.unity-mcp\Editor\Tools\Physics\PhysicsQueryOps.cs(125,34): warning CS0618: 'Object.GetInstanceID()' is obsolete: 'GetInstanceID is deprecated. Use GetEntityId instead. This will be removed in a future version.'


Packages\com.coplaydev.unity-mcp\Editor\Tools\Physics\JointOps.cs(307,34): warning CS0618: 'Object.GetInstanceID()' is obsolete: 'GetInstanceID is deprecated. Use GetEntityId instead. This will be removed in a future version.'


Packages\com.coplaydev.unity-mcp\Editor\Tools\Physics\JointOps.cs(378,44): warning CS0618: 'Object.GetInstanceID()' is obsolete: 'GetInstanceID is deprecated. Use GetEntityId instead. This will be removed in a future version.'


Packages\com.coplaydev.unity-mcp\Editor\Tools\Physics\PhysicsQueryOps.cs(292,34): warning CS0618: 'Object.GetInstanceID()' is obsolete: 'GetInstanceID is deprecated. Use GetEntityId instead. This will be removed in a future version.'


Packages\com.coplaydev.unity-mcp\Editor\Tools\Physics\PhysicsQueryOps.cs(313,34): warning CS0618: 'Object.GetInstanceID()' is obsolete: 'GetInstanceID is deprecated. Use GetEntityId instead. This will be removed in a future version.'


Packages\com.coplaydev.unity-mcp\Editor\Tools\Physics\PhysicsQueryOps.cs(467,34): warning CS0618: 'Object.GetInstanceID()' is obsolete: 'GetInstanceID is deprecated. Use GetEntityId instead. This will be removed in a future version.'


Packages\com.coplaydev.unity-mcp\Editor\Tools\ProBuilder\ManageProBuilder.cs(2297,34): warning CS0618: 'Object.GetInstanceID()' is obsolete: 'GetInstanceID is deprecated. Use GetEntityId instead. This will be removed in a future version.'


Packages\com.coplaydev.unity-mcp\Editor\Tools\Physics\PhysicsQueryOps.cs(556,34): warning CS0618: 'Object.GetInstanceID()' is obsolete: 'GetInstanceID is deprecated. Use GetEntityId instead. This will be removed in a future version.'


Packages\com.coplaydev.unity-mcp\Editor\Tools\Physics\PhysicsQueryOps.cs(622,34): warning CS0618: 'Object.GetInstanceID()' is obsolete: 'GetInstanceID is deprecated. Use GetEntityId instead. This will be removed in a future version.'


Packages\com.coplaydev.unity-mcp\Editor\Tools\Physics\PhysicsQueryOps.cs(660,34): warning CS0618: 'Object.GetInstanceID()' is obsolete: 'GetInstanceID is deprecated. Use GetEntityId instead. This will be removed in a future version.'


Packages\com.coplaydev.unity-mcp\Editor\Tools\Physics\PhysicsQueryOps.cs(742,34): warning CS0618: 'Object.GetInstanceID()' is obsolete: 'GetInstanceID is deprecated. Use GetEntityId instead. This will be removed in a future version.'


Packages\com.coplaydev.unity-mcp\Editor\Tools\Physics\PhysicsQueryOps.cs(785,34): warning CS0618: 'Object.GetInstanceID()' is obsolete: 'GetInstanceID is deprecated. Use GetEntityId instead. This will be removed in a future version.'
Packages\com.coplaydev.unity-mcp\Editor\Helpers\GameObjectLookup.cs(73,51): warning CS0618: 'EntityId.implicit operator EntityId(int)' is obsolete: 'EntityId will not be representable by an int in the future. This casting operator will be removed in a future version.'


Packages\com.coplaydev.unity-mcp\Editor\Helpers\GameObjectLookup.cs(158,42): warning CS0618: 'Object.GetInstanceID()' is obsolete: 'GetInstanceID is deprecated. Use GetEntityId instead. This will be removed in a future version.'


Packages\com.coplaydev.unity-mcp\Editor\Helpers\GameObjectLookup.cs(173,38): warning CS0618: 'Object.GetInstanceID()' is obsolete: 'GetInstanceID is deprecated. Use GetEntityId instead. This will be removed in a future version.'


Packages\com.coplaydev.unity-mcp\Editor\Helpers\GameObjectLookup.cs(190,38): warning CS0618: 'Object.GetInstanceID()' is obsolete: 'GetInstanceID is deprecated. Use GetEntityId instead. This will be removed in a future version.'


Packages\com.coplaydev.unity-mcp\Editor\Helpers\GameObjectLookup.cs(200,34): warning CS0618: 'Object.GetInstanceID()' is obsolete: 'GetInstanceID is deprecated. Use GetEntityId instead. This will be removed in a future version.'


Packages\com.coplaydev.unity-mcp\Editor\Helpers\GameObjectLookup.cs(233,30): warning CS0618: 'Object.GetInstanceID()' is obsolete: 'GetInstanceID is deprecated. Use GetEntityId instead. This will be removed in a future version.'


Packages\com.coplaydev.unity-mcp\Editor\Helpers\GameObjectSerializer.cs(31,30): warning CS0618: 'Object.GetInstanceID()' is obsolete: 'GetInstanceID is deprecated. Use GetEntityId instead. This will be removed in a future version.'


Packages\com.coplaydev.unity-mcp\Editor\Helpers\GameObjectSerializer.cs(91,56): warning CS0618: 'Object.GetInstanceID()' is obsolete: 'GetInstanceID is deprecated. Use GetEntityId instead. This will be removed in a future version.'


Packages\com.coplaydev.unity-mcp\Editor\Helpers\GameObjectLookup.cs(257,30): warning CS0618: 'Object.GetInstanceID()' is obsolete: 'GetInstanceID is deprecated. Use GetEntityId instead. This will be removed in a future version.'


Packages\com.coplaydev.unity-mcp\Editor\Helpers\GameObjectLookup.cs(277,34): warning CS0618: 'Object.GetInstanceID()' is obsolete: 'GetInstanceID is deprecated. Use GetEntityId instead. This will be removed in a future version.'


Packages\com.coplaydev.unity-mcp\Editor\Resources\Editor\Windows.cs(42,42): warning CS0618: 'Object.GetInstanceID()' is obsolete: 'GetInstanceID is deprecated. Use GetEntityId instead. This will be removed in a future version.'


Packages\com.coplaydev.unity-mcp\Editor\Helpers\GameObjectSerializer.cs(147,33): warning CS0618: 'Object.GetInstanceID()' is obsolete: 'GetInstanceID is deprecated. Use GetEntityId instead. This will be removed in a future version.'


Packages\com.coplaydev.unity-mcp\Editor\Helpers\ComponentOps.cs(968,92): warning CS0618: 'Object.GetInstanceID()' is obsolete: 'GetInstanceID is deprecated. Use GetEntityId instead. This will be removed in a future version.'


Packages\com.coplaydev.unity-mcp\Editor\Resources\Scene\GameObjectResource.cs(176,42): warning CS0618: 'Object.GetInstanceID()' is obsolete: 'GetInstanceID is deprecated. Use GetEntityId instead. This will be removed in a future version.'


Packages\com.coplaydev.unity-mcp\Editor\Resources\Scene\GameObjectResource.cs(87,33): warning CS0618: 'Object.GetInstanceID()' is obsolete: 'GetInstanceID is deprecated. Use GetEntityId instead. This will be removed in a future version.'


Packages\com.coplaydev.unity-mcp\Editor\Resources\Scene\GameObjectResource.cs(92,30): warning CS0618: 'Object.GetInstanceID()' is obsolete: 'GetInstanceID is deprecated. Use GetEntityId instead. This will be removed in a future version.'


Packages\com.coplaydev.unity-mcp\Editor\Resources\Scene\GameObjectResource.cs(109,53): warning CS0618: 'Object.GetInstanceID()' is obsolete: 'GetInstanceID is deprecated. Use GetEntityId instead. This will be removed in a future version.'


Packages\com.coplaydev.unity-mcp\Editor\Resources\Editor\Selection.cs(24,75): warning CS0618: 'Object.GetInstanceID()' is obsolete: 'GetInstanceID is deprecated. Use GetEntityId instead. This will be removed in a future version.'


Packages\com.coplaydev.unity-mcp\Editor\Resources\Editor\Selection.cs(31,46): warning CS0618: 'Object.GetInstanceID()' is obsolete: 'GetInstanceID is deprecated. Use GetEntityId instead. This will be removed in a future version.'


Packages\com.coplaydev.unity-mcp\Editor\Resources\Editor\Selection.cs(38,45): warning CS0618: 'Object.GetInstanceID()' is obsolete: 'GetInstanceID is deprecated. Use GetEntityId instead. This will be removed in a future version.'


Packages\com.coplaydev.unity-mcp\Editor\Helpers\GameObjectSerializer.cs(181,37): warning CS0618: 'Object.GetInstanceID()' is obsolete: 'GetInstanceID is deprecated. Use GetEntityId instead. This will be removed in a future version.'


Packages\com.coplaydev.unity-mcp\Editor\Helpers\GameObjectSerializer.cs(191,53): warning CS0618: 'Object.GetInstanceID()' is obsolete: 'GetInstanceID is deprecated. Use GetEntityId instead. This will be removed in a future version.'


Packages\com.coplaydev.unity-mcp\Editor\Helpers\GameObjectSerializer.cs(192,49): warning CS0618: 'Object.GetInstanceID()' is obsolete: 'GetInstanceID is deprecated. Use GetEntityId instead. This will be removed in a future version.'


Packages\com.coplaydev.unity-mcp\Editor\Helpers\GameObjectSerializer.cs(197,61): warning CS0618: 'Object.GetInstanceID()' is obsolete: 'GetInstanceID is deprecated. Use GetEntityId instead. This will be removed in a future version.'


Packages\com.coplaydev.unity-mcp\Editor\Helpers\GameObjectSerializer.cs(236,90): warning CS0618: 'Object.GetInstanceID()' is obsolete: 'GetInstanceID is deprecated. Use GetEntityId instead. This will be removed in a future version.'


Packages\com.coplaydev.unity-mcp\Editor\Helpers\GameObjectSerializer.cs(259,37): warning CS0618: 'Object.GetInstanceID()' is obsolete: 'GetInstanceID is deprecated. Use GetEntityId instead. This will be removed in a future version.'


Packages\com.coplaydev.unity-mcp\Editor\Helpers\GameObjectSerializer.cs(325,37): warning CS0618: 'Object.GetInstanceID()' is obsolete: 'GetInstanceID is deprecated. Use GetEntityId instead. This will be removed in a future version.'


Packages\com.coplaydev.unity-mcp\Editor\Helpers\GameObjectSerializer.cs(334,33): warning CS0618: 'Object.GetInstanceID()' is obsolete: 'GetInstanceID is deprecated. Use GetEntityId instead. This will be removed in a future version.'


Packages\com.coplaydev.unity-mcp\Editor\Tools\Cameras\CameraConfigure.cs(39,43): warning CS0618: 'Object.GetInstanceID()' is obsolete: 'GetInstanceID is deprecated. Use GetEntityId instead. This will be removed in a future version.'


Packages\com.coplaydev.unity-mcp\Editor\Tools\Graphics\LightBakingOps.cs(127,34): warning CS0618: 'Object.GetInstanceID()' is obsolete: 'GetInstanceID is deprecated. Use GetEntityId instead. This will be removed in a future version.'


Packages\com.coplaydev.unity-mcp\Editor\Tools\Cameras\CameraCreate.cs(65,34): warning CS0618: 'Object.GetInstanceID()' is obsolete: 'GetInstanceID is deprecated. Use GetEntityId instead. This will be removed in a future version.'


Packages\com.coplaydev.unity-mcp\Editor\Tools\Cameras\CameraControl.cs(17,89): warning CS0618: 'FindObjectsSortMode' is obsolete: 'FindObjectsSortMode has been deprecated. Use the FindObjectsByType overloads that do not take a FindObjectsSortMode parameter.'


Packages\com.coplaydev.unity-mcp\Editor\Tools\Cameras\CameraControl.cs(17,32): warning CS0618: 'Object.FindObjectsByType<T>(FindObjectsSortMode)' is obsolete: 'FindObjectsByType with FindObjectsSortMode parameter has been deprecated. Use FindObjectsByType<T>() or FindObjectsByType<T>(FindObjectsInactive) instead. InstanceID will be replaced in the future with EntityId and previous sort order cannot be maintained.'


Packages\com.coplaydev.unity-mcp\Editor\Tools\Cameras\CameraControl.cs(29,74): warning CS0618: 'FindObjectsSortMode' is obsolete: 'FindObjectsSortMode has been deprecated. Use the FindObjectsByType overloads that do not take a FindObjectsSortMode parameter.'


Packages\com.coplaydev.unity-mcp\Editor\Tools\Cameras\CameraControl.cs(29,29): warning CS0618: 'Object.FindObjectsByType(Type, FindObjectsSortMode)' is obsolete: 'FindObjectsByType with FindObjectsSortMode parameter has been deprecated. Use FindObjectsByType(Type) or FindObjectsByType(Type, FindObjectsInactive) instead. InstanceID will be replaced in the future with EntityId and previous sort order cannot be maintained.'


Packages\com.coplaydev.unity-mcp\Editor\Tools\Cameras\CameraControl.cs(58,38): warning CS0618: 'Object.GetInstanceID()' is obsolete: 'GetInstanceID is deprecated. Use GetEntityId instead. This will be removed in a future version.'


Packages\com.coplaydev.unity-mcp\Editor\Tools\Cameras\CameraControl.cs(62,101): warning CS0618: 'Object.GetInstanceID()' is obsolete: 'GetInstanceID is deprecated. Use GetEntityId instead. This will be removed in a future version.'


Packages\com.coplaydev.unity-mcp\Editor\Tools\Cameras\CameraControl.cs(63,101): warning CS0618: 'Object.GetInstanceID()' is obsolete: 'GetInstanceID is deprecated. Use GetEntityId instead. This will be removed in a future version.'


Packages\com.coplaydev.unity-mcp\Editor\Tools\Cameras\CameraControl.cs(79,34): warning CS0618: 'Object.GetInstanceID()' is obsolete: 'GetInstanceID is deprecated. Use GetEntityId instead. This will be removed in a future version.'


Packages\com.coplaydev.unity-mcp\Editor\Tools\Cameras\CameraControl.cs(105,40): warning CS0618: 'Object.GetInstanceID()' is obsolete: 'GetInstanceID is deprecated. Use GetEntityId instead. This will be removed in a future version.'


Packages\com.coplaydev.unity-mcp\Editor\Tools\Cameras\CameraControl.cs(112,38): warning CS0618: 'Object.GetInstanceID()' is obsolete: 'GetInstanceID is deprecated. Use GetEntityId instead. This will be removed in a future version.'


Packages\com.coplaydev.unity-mcp\Editor\Tools\Graphics\GraphicsHelpers.cs(113,83): warning CS0618: 'FindObjectsSortMode' is obsolete: 'FindObjectsSortMode has been deprecated. Use the FindObjectsByType overloads that do not take a FindObjectsSortMode parameter.'


Packages\com.coplaydev.unity-mcp\Editor\Tools\Graphics\GraphicsHelpers.cs(113,34): warning CS0618: 'Object.FindObjectsByType(Type, FindObjectsSortMode)' is obsolete: 'FindObjectsByType with FindObjectsSortMode parameter has been deprecated. Use FindObjectsByType(Type) or FindObjectsByType(Type, FindObjectsInactive) instead. InstanceID will be replaced in the future with EntityId and previous sort order cannot be maintained.'


Packages\com.coplaydev.unity-mcp\Editor\Tools\Cameras\CameraConfigure.cs(68,43): warning CS0618: 'Object.GetInstanceID()' is obsolete: 'GetInstanceID is deprecated. Use GetEntityId instead. This will be removed in a future version.'


Packages\com.coplaydev.unity-mcp\Editor\Tools\Cameras\CameraControl.cs(150,32): warning CS0618: 'Object.GetInstanceID()' is obsolete: 'GetInstanceID is deprecated. Use GetEntityId instead. This will be removed in a future version.'


Packages\com.coplaydev.unity-mcp\Editor\Tools\Cameras\CameraControl.cs(166,34): warning CS0618: 'Object.GetInstanceID()' is obsolete: 'GetInstanceID is deprecated. Use GetEntityId instead. This will be removed in a future version.'


Packages\com.coplaydev.unity-mcp\Editor\Tools\Graphics\VolumeOps.cs(127,34): warning CS0618: 'Object.GetInstanceID()' is obsolete: 'GetInstanceID is deprecated. Use GetEntityId instead. This will be removed in a future version.'


Packages\com.coplaydev.unity-mcp\Editor\Tools\Cameras\CameraConfigure.cs(91,43): warning CS0618: 'Object.GetInstanceID()' is obsolete: 'GetInstanceID is deprecated. Use GetEntityId instead. This will be removed in a future version.'


Packages\com.coplaydev.unity-mcp\Editor\Tools\Cameras\CameraHelpers.cs(145,20): warning CS0618: 'Object.FindFirstObjectByType(Type)' is obsolete: 'FindFirstObjectByType has been deprecated because it relies on instance ID ordering. Use FindAnyObjectByType instead, which does not depend on ordering.'


Packages\com.coplaydev.unity-mcp\Editor\Tools\GameObjects\GameObjectDelete.cs(27,32): warning CS0618: 'Object.GetInstanceID()' is obsolete: 'GetInstanceID is deprecated. Use GetEntityId instead. This will be removed in a future version.'


Packages\com.coplaydev.unity-mcp\Editor\Tools\Cameras\CameraHelpers.cs(157,84): warning CS0618: 'FindObjectsSortMode' is obsolete: 'FindObjectsSortMode has been deprecated. Use the FindObjectsByType overloads that do not take a FindObjectsSortMode parameter.'


Packages\com.coplaydev.unity-mcp\Editor\Tools\Cameras\CameraHelpers.cs(157,27): warning CS0618: 'Object.FindObjectsByType<T>(FindObjectsSortMode)' is obsolete: 'FindObjectsByType with FindObjectsSortMode parameter has been deprecated. Use FindObjectsByType<T>() or FindObjectsByType<T>(FindObjectsInactive) instead. InstanceID will be replaced in the future with EntityId and previous sort order cannot be maintained.'


Packages\com.coplaydev.unity-mcp\Editor\Tools\ManageComponents.cs(121,34): warning CS0618: 'Object.GetInstanceID()' is obsolete: 'GetInstanceID is deprecated. Use GetEntityId instead. This will be removed in a future version.'


Packages\com.coplaydev.unity-mcp\Editor\Tools\ManageComponents.cs(123,43): warning CS0618: 'Object.GetInstanceID()' is obsolete: 'GetInstanceID is deprecated. Use GetEntityId instead. This will be removed in a future version.'


Packages\com.coplaydev.unity-mcp\Editor\Tools\Cameras\CameraCreate.cs(152,34): warning CS0618: 'Object.GetInstanceID()' is obsolete: 'GetInstanceID is deprecated. Use GetEntityId instead. This will be removed in a future version.'


Packages\com.coplaydev.unity-mcp\Editor\Tools\Cameras\CameraControl.cs(220,43): warning CS0618: 'Object.GetInstanceID()' is obsolete: 'GetInstanceID is deprecated. Use GetEntityId instead. This will be removed in a future version.'


Packages\com.coplaydev.unity-mcp\Editor\Tools\ManageComponents.cs(165,34): warning CS0618: 'Object.GetInstanceID()' is obsolete: 'GetInstanceID is deprecated. Use GetEntityId instead. This will be removed in a future version.'


Packages\com.coplaydev.unity-mcp\Editor\Tools\GameObjects\ManageGameObjectCommon.cs(71,74): warning CS0618: 'Object.GetInstanceID()' is obsolete: 'GetInstanceID is deprecated. Use GetEntityId instead. This will be removed in a future version.'


Packages\com.coplaydev.unity-mcp\Editor\Tools\GameObjects\ManageGameObjectCommon.cs(159,108): warning CS0618: 'FindObjectsSortMode' is obsolete: 'FindObjectsSortMode has been deprecated. Use the FindObjectsByType overloads that do not take a FindObjectsSortMode parameter.'


Packages\com.coplaydev.unity-mcp\Editor\Tools\GameObjects\ManageGameObjectCommon.cs(159,46): warning CS0618: 'Object.FindObjectsByType(Type, FindObjectsInactive, FindObjectsSortMode)' is obsolete: 'FindObjectsByType with FindObjectsSortMode parameter has been deprecated. Use FindObjectsByType(Type) or FindObjectsByType(Type, FindObjectsInactive) instead. InstanceID will be replaced in the future with EntityId and previous sort order cannot be maintained.'


Packages\com.coplaydev.unity-mcp\Editor\Tools\GameObjects\ManageGameObjectCommon.cs(180,80): warning CS0618: 'Object.GetInstanceID()' is obsolete: 'GetInstanceID is deprecated. Use GetEntityId instead. This will be removed in a future version.'


Packages\com.coplaydev.unity-mcp\Editor\Tools\Cameras\CameraConfigure.cs(119,43): warning CS0618: 'Object.GetInstanceID()' is obsolete: 'GetInstanceID is deprecated. Use GetEntityId instead. This will be removed in a future version.'


Packages\com.coplaydev.unity-mcp\Editor\Tools\Graphics\LightBakingOps.cs(277,34): warning CS0618: 'Object.GetInstanceID()' is obsolete: 'GetInstanceID is deprecated. Use GetEntityId instead. This will be removed in a future version.'


Packages\com.coplaydev.unity-mcp\Editor\Tools\Cameras\CameraControl.cs(249,47): warning CS0618: 'Object.GetInstanceID()' is obsolete: 'GetInstanceID is deprecated. Use GetEntityId instead. This will be removed in a future version.'


Packages\com.coplaydev.unity-mcp\Editor\Tools\Cameras\CameraControl.cs(276,47): warning CS0618: 'Object.GetInstanceID()' is obsolete: 'GetInstanceID is deprecated. Use GetEntityId instead. This will be removed in a future version.'


Packages\com.coplaydev.unity-mcp\Editor\Tools\Cameras\CameraControl.cs(286,34): warning CS0618: 'Object.GetInstanceID()' is obsolete: 'GetInstanceID is deprecated. Use GetEntityId instead. This will be removed in a future version.'


Packages\com.coplaydev.unity-mcp\Editor\Tools\Cameras\CameraCreate.cs(176,38): warning CS0618: 'Object.GetInstanceID()' is obsolete: 'GetInstanceID is deprecated. Use GetEntityId instead. This will be removed in a future version.'


Packages\com.coplaydev.unity-mcp\Editor\Tools\Cameras\CameraCreate.cs(244,34): warning CS0618: 'Object.GetInstanceID()' is obsolete: 'GetInstanceID is deprecated. Use GetEntityId instead. This will be removed in a future version.'


Packages\com.coplaydev.unity-mcp\Editor\Tools\Graphics\LightBakingOps.cs(330,34): warning CS0618: 'Object.GetInstanceID()' is obsolete: 'GetInstanceID is deprecated. Use GetEntityId instead. This will be removed in a future version.'


Packages\com.coplaydev.unity-mcp\Editor\Tools\ManageComponents.cs(249,42): warning CS0618: 'Object.GetInstanceID()' is obsolete: 'GetInstanceID is deprecated. Use GetEntityId instead. This will be removed in a future version.'


Packages\com.coplaydev.unity-mcp\Editor\Tools\ManageComponents.cs(261,38): warning CS0618: 'Object.GetInstanceID()' is obsolete: 'GetInstanceID is deprecated. Use GetEntityId instead. This will be removed in a future version.'


Packages\com.coplaydev.unity-mcp\Editor\Tools\Cameras\CameraConfigure.cs(150,43): warning CS0618: 'Object.GetInstanceID()' is obsolete: 'GetInstanceID is deprecated. Use GetEntityId instead. This will be removed in a future version.'


Packages\com.coplaydev.unity-mcp\Editor\Tools\GameObjects\GameObjectDuplicate.cs(80,34): warning CS0618: 'Object.GetInstanceID()' is obsolete: 'GetInstanceID is deprecated. Use GetEntityId instead. This will be removed in a future version.'


Packages\com.coplaydev.unity-mcp\Editor\Tools\Graphics\LightBakingOps.cs(386,34): warning CS0618: 'Object.GetInstanceID()' is obsolete: 'GetInstanceID is deprecated. Use GetEntityId instead. This will be removed in a future version.'


Packages\com.coplaydev.unity-mcp\Editor\Tools\Graphics\VolumeOps.cs(192,92): warning CS0618: 'Object.GetInstanceID()' is obsolete: 'GetInstanceID is deprecated. Use GetEntityId instead. This will be removed in a future version.'


Packages\com.coplaydev.unity-mcp\Editor\Tools\Cameras\CameraConfigure.cs(184,43): warning CS0618: 'Object.GetInstanceID()' is obsolete: 'GetInstanceID is deprecated. Use GetEntityId instead. This will be removed in a future version.'


Packages\com.coplaydev.unity-mcp\Editor\Tools\GameObjects\GameObjectLookAt.cs(56,34): warning CS0618: 'Object.GetInstanceID()' is obsolete: 'GetInstanceID is deprecated. Use GetEntityId instead. This will be removed in a future version.'


Packages\com.coplaydev.unity-mcp\Editor\Tools\Graphics\SkyboxOps.cs(94,82): warning CS0618: 'Object.GetInstanceID()' is obsolete: 'GetInstanceID is deprecated. Use GetEntityId instead. This will be removed in a future version.'


Packages\com.coplaydev.unity-mcp\Editor\Tools\Cameras\CameraConfigure.cs(221,43): warning CS0618: 'Object.GetInstanceID()' is obsolete: 'GetInstanceID is deprecated. Use GetEntityId instead. This will be removed in a future version.'


Packages\com.coplaydev.unity-mcp\Editor\Tools\ManageMaterial.cs(420,61): warning CS0618: 'Object.GetInstanceID()' is obsolete: 'GetInstanceID is deprecated. Use GetEntityId instead. This will be removed in a future version.'


Packages\com.coplaydev.unity-mcp\Editor\Tools\Graphics\RendererFeatureOps.cs(165,34): warning CS0618: 'Object.GetInstanceID()' is obsolete: 'GetInstanceID is deprecated. Use GetEntityId instead. This will be removed in a future version.'


Packages\com.coplaydev.unity-mcp\Editor\Tools\Cameras\CameraConfigure.cs(256,43): warning CS0618: 'Object.GetInstanceID()' is obsolete: 'GetInstanceID is deprecated. Use GetEntityId instead. This will be removed in a future version.'


Packages\com.coplaydev.unity-mcp\Editor\Tools\Cameras\CameraConfigure.cs(291,43): warning CS0618: 'Object.GetInstanceID()' is obsolete: 'GetInstanceID is deprecated. Use GetEntityId instead. This will be removed in a future version.'


Packages\com.coplaydev.unity-mcp\Editor\Tools\Graphics\SkyboxOps.cs(376,34): warning CS0618: 'Object.GetInstanceID()' is obsolete: 'GetInstanceID is deprecated. Use GetEntityId instead. This will be removed in a future version.'


Packages\com.coplaydev.unity-mcp\Editor\Tools\Cameras\CameraConfigure.cs(323,43): warning CS0618: 'Object.GetInstanceID()' is obsolete: 'GetInstanceID is deprecated. Use GetEntityId instead. This will be removed in a future version.'


Packages\com.coplaydev.unity-mcp\Editor\Tools\ManageScene.cs(602,88): warning CS0618: 'FindObjectsSortMode' is obsolete: 'FindObjectsSortMode has been deprecated. Use the FindObjectsByType overloads that do not take a FindObjectsSortMode parameter.'


Packages\com.coplaydev.unity-mcp\Editor\Tools\ManageScene.cs(602,43): warning CS0618: 'Object.FindObjectsByType<T>(FindObjectsSortMode)' is obsolete: 'FindObjectsByType with FindObjectsSortMode parameter has been deprecated. Use FindObjectsByType<T>() or FindObjectsByType<T>(FindObjectsInactive) instead. InstanceID will be replaced in the future with EntityId and previous sort order cannot be maintained.'


Packages\com.coplaydev.unity-mcp\Editor\Tools\ManageScene.cs(644,110): warning CS0618: 'FindObjectsSortMode' is obsolete: 'FindObjectsSortMode has been deprecated. Use the FindObjectsByType overloads that do not take a FindObjectsSortMode parameter.'


Packages\com.coplaydev.unity-mcp\Editor\Tools\ManageScene.cs(644,65): warning CS0618: 'Object.FindObjectsByType<T>(FindObjectsSortMode)' is obsolete: 'FindObjectsByType with FindObjectsSortMode parameter has been deprecated. Use FindObjectsByType<T>() or FindObjectsByType<T>(FindObjectsInactive) instead. InstanceID will be replaced in the future with EntityId and previous sort order cannot be maintained.'


Packages\com.coplaydev.unity-mcp\Editor\Tools\Cameras\CameraConfigure.cs(354,43): warning CS0618: 'Object.GetInstanceID()' is obsolete: 'GetInstanceID is deprecated. Use GetEntityId instead. This will be removed in a future version.'


Packages\com.coplaydev.unity-mcp\Editor\Tools\ManageScene.cs(823,84): warning CS0618: 'FindObjectsSortMode' is obsolete: 'FindObjectsSortMode has been deprecated. Use the FindObjectsByType overloads that do not take a FindObjectsSortMode parameter.'


Packages\com.coplaydev.unity-mcp\Editor\Tools\ManageScene.cs(823,37): warning CS0618: 'Object.FindObjectsByType<T>(FindObjectsSortMode)' is obsolete: 'FindObjectsByType with FindObjectsSortMode parameter has been deprecated. Use FindObjectsByType<T>() or FindObjectsByType<T>(FindObjectsInactive) instead. InstanceID will be replaced in the future with EntityId and previous sort order cannot be maintained.'


Packages\com.coplaydev.unity-mcp\Editor\Tools\ManageAsset.cs(805,38): warning CS0618: 'Object.GetInstanceID()' is obsolete: 'GetInstanceID is deprecated. Use GetEntityId instead. This will be removed in a future version.'


Packages\com.coplaydev.unity-mcp\Editor\Tools\ManageScene.cs(968,84): warning CS0618: 'FindObjectsSortMode' is obsolete: 'FindObjectsSortMode has been deprecated. Use the FindObjectsByType overloads that do not take a FindObjectsSortMode parameter.'


Packages\com.coplaydev.unity-mcp\Editor\Tools\ManageScene.cs(968,37): warning CS0618: 'Object.FindObjectsByType<T>(FindObjectsSortMode)' is obsolete: 'FindObjectsByType with FindObjectsSortMode parameter has been deprecated. Use FindObjectsByType<T>() or FindObjectsByType<T>(FindObjectsInactive) instead. InstanceID will be replaced in the future with EntityId and previous sort order cannot be maintained.'


Packages\com.coplaydev.unity-mcp\Editor\Tools\Graphics\VolumeOps.cs(458,95): warning CS0618: 'FindObjectsSortMode' is obsolete: 'FindObjectsSortMode has been deprecated. Use the FindObjectsByType overloads that do not take a FindObjectsSortMode parameter.'


Packages\com.coplaydev.unity-mcp\Editor\Tools\Graphics\VolumeOps.cs(458,30): warning CS0618: 'Object.FindObjectsByType(Type, FindObjectsSortMode)' is obsolete: 'FindObjectsByType with FindObjectsSortMode parameter has been deprecated. Use FindObjectsByType(Type) or FindObjectsByType(Type, FindObjectsInactive) instead. InstanceID will be replaced in the future with EntityId and previous sort order cannot be maintained.'


Packages\com.coplaydev.unity-mcp\Editor\Tools\ManageScene.cs(1220,72): warning CS0618: 'FindObjectsSortMode' is obsolete: 'FindObjectsSortMode has been deprecated. Use the FindObjectsByType overloads that do not take a FindObjectsSortMode parameter.'


Packages\com.coplaydev.unity-mcp\Editor\Tools\ManageScene.cs(1220,27): warning CS0618: 'Object.FindObjectsByType<T>(FindObjectsSortMode)' is obsolete: 'FindObjectsByType with FindObjectsSortMode parameter has been deprecated. Use FindObjectsByType<T>() or FindObjectsByType<T>(FindObjectsInactive) instead. InstanceID will be replaced in the future with EntityId and previous sort order cannot be maintained.'


Packages\com.coplaydev.unity-mcp\Editor\Tools\ManageScene.cs(1276,86): warning CS0618: 'FindObjectsSortMode' is obsolete: 'FindObjectsSortMode has been deprecated. Use the FindObjectsByType overloads that do not take a FindObjectsSortMode parameter.'


Packages\com.coplaydev.unity-mcp\Editor\Tools\ManageScene.cs(1276,39): warning CS0618: 'Object.FindObjectsByType<T>(FindObjectsSortMode)' is obsolete: 'FindObjectsByType with FindObjectsSortMode parameter has been deprecated. Use FindObjectsByType<T>() or FindObjectsByType<T>(FindObjectsInactive) instead. InstanceID will be replaced in the future with EntityId and previous sort order cannot be maintained.'


Packages\com.coplaydev.unity-mcp\Editor\Tools\Graphics\VolumeOps.cs(532,31): warning CS0618: 'Object.GetInstanceID()' is obsolete: 'GetInstanceID is deprecated. Use GetEntityId instead. This will be removed in a future version.'


Packages\com.coplaydev.unity-mcp\Editor\Tools\ManageUI.cs(1036,28): warning CS0618: 'Object.GetInstanceID()' is obsolete: 'GetInstanceID is deprecated. Use GetEntityId instead. This will be removed in a future version.'


Packages\com.coplaydev.unity-mcp\Editor\Tools\ManageScene.cs(2011,33): warning CS0618: 'Object.GetInstanceID()' is obsolete: 'GetInstanceID is deprecated. Use GetEntityId instead. This will be removed in a future version.'


Packages\com.coplaydev.unity-mcp\Editor\Tools\Vfx\ParticleControl.cs(93,28): warning CS0618: 'Object.GetInstanceID()' is obsolete: 'GetInstanceID is deprecated. Use GetEntityId instead. This will be removed in a future version.'


Packages\com.coplaydev.unity-mcp\Editor\Tools\Profiler\Operations\SessionOps.cs(24,18): warning CS0219: The variable 'recording' is assigned but its value is never used


Packages\com.coplaydev.unity-mcp\Editor\Tools\Prefabs\ManagePrefabs.cs(165,38): warning CS0618: 'Object.GetInstanceID()' is obsolete: 'GetInstanceID is deprecated. Use GetEntityId instead. This will be removed in a future version.'


Packages\com.coplaydev.unity-mcp\Editor\Tools\ManageAsset.cs(1107,36): warning CS0618: 'Object.GetInstanceID()' is obsolete: 'GetInstanceID is deprecated. Use GetEntityId instead. This will be removed in a future version.'


Packages\com.coplaydev.unity-mcp\Editor\Tools\ProBuilder\ManageProBuilder.cs(598,30): warning CS0618: 'Object.GetInstanceID()' is obsolete: 'GetInstanceID is deprecated. Use GetEntityId instead. This will be removed in a future version.'


Packages\com.coplaydev.unity-mcp\Editor\Tools\Prefabs\ManagePrefabs.cs(1237,30): warning CS0618: 'Object.GetInstanceID()' is obsolete: 'GetInstanceID is deprecated. Use GetEntityId instead. This will be removed in a future version.'


Packages\com.coplaydev.unity-mcp\Editor\Tools\Physics\PhysicsSimulationOps.cs(100,38): warning CS0618: 'Object.GetInstanceID()' is obsolete: 'GetInstanceID is deprecated. Use GetEntityId instead. This will be removed in a future version.'


Packages\com.coplaydev.unity-mcp\Editor\Tools\Physics\PhysicsSimulationOps.cs(119,38): warning CS0618: 'Object.GetInstanceID()' is obsolete: 'GetInstanceID is deprecated. Use GetEntityId instead. This will be removed in a future version.'


Packages\com.coplaydev.unity-mcp\Editor\Tools\Physics\PhysicsSimulationOps.cs(142,69): warning CS0618: 'FindObjectsSortMode' is obsolete: 'FindObjectsSortMode has been deprecated. Use the FindObjectsByType overloads that do not take a FindObjectsSortMode parameter.'


Packages\com.coplaydev.unity-mcp\Editor\Tools\Physics\PhysicsSimulationOps.cs(142,31): warning CS0618: 'Object.FindObjectsByType<T>(FindObjectsSortMode)' is obsolete: 'FindObjectsByType with FindObjectsSortMode parameter has been deprecated. Use FindObjectsByType<T>() or FindObjectsByType<T>(FindObjectsInactive) instead. InstanceID will be replaced in the future with EntityId and previous sort order cannot be maintained.'


Packages\com.coplaydev.unity-mcp\Editor\Tools\Physics\PhysicsSimulationOps.cs(155,38): warning CS0618: 'Object.GetInstanceID()' is obsolete: 'GetInstanceID is deprecated. Use GetEntityId instead. This will be removed in a future version.'


Packages\com.coplaydev.unity-mcp\Editor\Tools\Physics\PhysicsSimulationOps.cs(169,65): warning CS0618: 'FindObjectsSortMode' is obsolete: 'FindObjectsSortMode has been deprecated. Use the FindObjectsByType overloads that do not take a FindObjectsSortMode parameter.'


Packages\com.coplaydev.unity-mcp\Editor\Tools\Physics\PhysicsSimulationOps.cs(169,29): warning CS0618: 'Object.FindObjectsByType<T>(FindObjectsSortMode)' is obsolete: 'FindObjectsByType with FindObjectsSortMode parameter has been deprecated. Use FindObjectsByType<T>() or FindObjectsByType<T>(FindObjectsInactive) instead. InstanceID will be replaced in the future with EntityId and previous sort order cannot be maintained.'


Packages\com.coplaydev.unity-mcp\Editor\Tools\Physics\PhysicsSimulationOps.cs(182,38): warning CS0618: 'Object.GetInstanceID()' is obsolete: 'GetInstanceID is deprecated. Use GetEntityId instead. This will be removed in a future version.'


Packages\com.coplaydev.unity-mcp\Editor\Tools\Physics\PhysicsSettingsOps.cs(62,46): warning CS0618: 'Physics2D.autoSyncTransforms' is obsolete: 'Physics2D.autoSyncTransforms has been deprecated please use Physics2D.SyncTransforms instead to manually sync physics transforms when required.'


Packages\com.coplaydev.unity-mcp\Editor\Tools\ProBuilder\ManageProBuilder.cs(902,30): warning CS0618: 'Object.GetInstanceID()' is obsolete: 'GetInstanceID is deprecated. Use GetEntityId instead. This will be removed in a future version.'


Packages\com.coplaydev.unity-mcp\Editor\Tools\Physics\PhysicsSettingsOps.cs(284,25): warning CS0618: 'Physics2D.autoSyncTransforms' is obsolete: 'Physics2D.autoSyncTransforms has been deprecated please use Physics2D.SyncTransforms instead to manually sync physics transforms when required.'


Packages\com.coplaydev.unity-mcp\Editor\Tools\Physics\PhysicsRigidbodyOps.cs(68,34): warning CS0618: 'Object.GetInstanceID()' is obsolete: 'GetInstanceID is deprecated. Use GetEntityId instead. This will be removed in a future version.'


Packages\com.coplaydev.unity-mcp\Editor\Tools\Physics\PhysicsRigidbodyOps.cs(116,34): warning CS0618: 'Object.GetInstanceID()' is obsolete: 'GetInstanceID is deprecated. Use GetEntityId instead. This will be removed in a future version.'


Packages\com.coplaydev.unity-mcp\Editor\Tools\Physics\JointOps.cs(143,34): warning CS0618: 'Object.GetInstanceID()' is obsolete: 'GetInstanceID is deprecated. Use GetEntityId instead. This will be removed in a future version.'


Packages\com.coplaydev.unity-mcp\Editor\Tools\Physics\JointOps.cs(144,44): warning CS0618: 'Object.GetInstanceID()' is obsolete: 'GetInstanceID is deprecated. Use GetEntityId instead. This will be removed in a future version.'


Packages\com.coplaydev.unity-mcp\Editor\Tools\Physics\PhysicsQueryOps.cs(82,34): warning CS0618: 'Object.GetInstanceID()' is obsolete: 'GetInstanceID is deprecated. Use GetEntityId instead. This will be removed in a future version.'


Packages\com.coplaydev.unity-mcp\Editor\Tools\Physics\PhysicsQueryOps.cs(125,34): warning CS0618: 'Object.GetInstanceID()' is obsolete: 'GetInstanceID is deprecated. Use GetEntityId instead. This will be removed in a future version.'


Packages\com.coplaydev.unity-mcp\Editor\Tools\Physics\JointOps.cs(307,34): warning CS0618: 'Object.GetInstanceID()' is obsolete: 'GetInstanceID is deprecated. Use GetEntityId instead. This will be removed in a future version.'


Packages\com.coplaydev.unity-mcp\Editor\Tools\Physics\JointOps.cs(378,44): warning CS0618: 'Object.GetInstanceID()' is obsolete: 'GetInstanceID is deprecated. Use GetEntityId instead. This will be removed in a future version.'


Packages\com.coplaydev.unity-mcp\Editor\Tools\Physics\PhysicsQueryOps.cs(292,34): warning CS0618: 'Object.GetInstanceID()' is obsolete: 'GetInstanceID is deprecated. Use GetEntityId instead. This will be removed in a future version.'


Packages\com.coplaydev.unity-mcp\Editor\Tools\Physics\PhysicsQueryOps.cs(313,34): warning CS0618: 'Object.GetInstanceID()' is obsolete: 'GetInstanceID is deprecated. Use GetEntityId instead. This will be removed in a future version.'


Packages\com.coplaydev.unity-mcp\Editor\Tools\Physics\PhysicsQueryOps.cs(467,34): warning CS0618: 'Object.GetInstanceID()' is obsolete: 'GetInstanceID is deprecated. Use GetEntityId instead. This will be removed in a future version.'


Packages\com.coplaydev.unity-mcp\Editor\Tools\ProBuilder\ManageProBuilder.cs(2297,34): warning CS0618: 'Object.GetInstanceID()' is obsolete: 'GetInstanceID is deprecated. Use GetEntityId instead. This will be removed in a future version.'


Packages\com.coplaydev.unity-mcp\Editor\Tools\Physics\PhysicsQueryOps.cs(556,34): warning CS0618: 'Object.GetInstanceID()' is obsolete: 'GetInstanceID is deprecated. Use GetEntityId instead. This will be removed in a future version.'


Packages\com.coplaydev.unity-mcp\Editor\Tools\Physics\PhysicsQueryOps.cs(622,34): warning CS0618: 'Object.GetInstanceID()' is obsolete: 'GetInstanceID is deprecated. Use GetEntityId instead. This will be removed in a future version.'


Packages\com.coplaydev.unity-mcp\Editor\Tools\Physics\PhysicsQueryOps.cs(660,34): warning CS0618: 'Object.GetInstanceID()' is obsolete: 'GetInstanceID is deprecated. Use GetEntityId instead. This will be removed in a future version.'


Packages\com.coplaydev.unity-mcp\Editor\Tools\Physics\PhysicsQueryOps.cs(742,34): warning CS0618: 'Object.GetInstanceID()' is obsolete: 'GetInstanceID is deprecated. Use GetEntityId instead. This will be removed in a future version.'


Packages\com.coplaydev.unity-mcp\Editor\Tools\Physics\PhysicsQueryOps.cs(785,34): warning CS0618: 'Object.GetInstanceID()' is obsolete: 'GetInstanceID is deprecated. Use GetEntityId instead. This will be removed in a future version.'
[1248/1644  2s] Csc Library/Bee/artifacts/1900b0aEDbg.dag/MapMagic.MicroSplat.Editor.dll (+2 others)
[1249/1644  7s] Csc Library/Bee/artifacts/1900b0aEDbg.dag/GPUInstancer.Editor.dll (+2 others)
Assets\GPUInstancer\Scripts\Editor\GPUInstancerDefines.cs(41,56): warning CS0618: 'PlayerSettings.GetScriptingDefineSymbolsForGroup(BuildTargetGroup)' is obsolete: 'Use GetScriptingDefineSymbols(NamedBuildTarget buildTarget) instead'

Assets\GPUInstancer\Scripts\Editor\GPUInstancerDefines.cs(46,17): warning CS0618: 'PlayerSettings.SetScriptingDefineSymbolsForGroup(BuildTargetGroup, string)' is obsolete: 'Use SetScriptingDefineSymbols(NamedBuildTarget buildTarget, string defines) instead'

Assets\GPUInstancer\Scripts\Editor\PackageImporter\GPUIPackageImporter.cs(48,34): warning CS0618: 'PlayerSettings.GetScriptingDefineSymbolsForGroup(BuildTargetGroup)' is obsolete: 'Use GetScriptingDefineSymbols(NamedBuildTarget buildTarget) instead'
[1170/1644  0s] Csc Library/Bee/artifacts/1900b0aEDbg.dag/WaveHarmonic.Crest.Scripting.dll (+2 others) [CacheHit 35d270a743be86d472a41fbba5f272af00000000000000000000000000000006]
[1250/1644  0s] Csc Library/Bee/artifacts/1900b0aEDbg.dag/WaveHarmonic.Crest.Scripting.dll (+2 others)
[1252/1644  1s] MovedFromExtractor Library/Bee/artifacts/mvdfrm/Unity.RenderPipelines.Universal.Shaders.ref.dll_6157B3A3FEA4B6E7.mvfrm
[1253/1644  5s] Csc Library/Bee/artifacts/1900b0aEDbg.dag/EasySave3Editor.dll (+2 others)
[1254/1644  1s] MovedFromExtractor Library/Bee/artifacts/mvdfrm/Unity.AI.Navigation.Updater.ref.dll_624D4C5EA49E89F4.mvfrm
[1255/1644  1s] MovedFromExtractor Library/Bee/artifacts/mvdfrm/Unity.VisualScripting.SettingsProvider.Editor.ref.dll_DB47A982A779F40F.mvfrm
[1256/1644  1s] MovedFromExtractor Library/Bee/artifacts/mvdfrm/Unity.SharpZipLib.Utils.ref.dll_86FD877CAF953450.mvfrm
[1257/1644  1s] MovedFromExtractor Library/Bee/artifacts/mvdfrm/Unity.Timeline.Editor.ref.dll_0DA365A2C678CBF9.mvfrm
[1258/1644  7s] Csc Library/Bee/artifacts/1900b0aEDbg.dag/VolumetricLightBeam.Editor.dll (+2 others)
[1259/1644  0s] MovedFromExtractor Library/Bee/artifacts/mvdfrm/Unity.RenderPipelines.Universal.2D.Editor.Overrides.ref.dll_A312CB27CA64718B.mvfrm
[1260/1644  0s] MovedFromExtractor Library/Bee/artifacts/mvdfrm/Unity.Collections.Editor.ref.dll_06943CB002554FFD.mvfrm
[1261/1644  0s] MovedFromExtractor Library/Bee/artifacts/mvdfrm/Unity.RenderPipelines.ShaderGraph.ShaderGraphLibrary.ref.dll_E04A448D99127221.mvfrm
[1262/1644  0s] MovedFromExtractor Library/Bee/artifacts/mvdfrm/Unity.Rendering.LightTransport.Editor.ref.dll_9663C94B90E9CC95.mvfrm
[1263/1644  0s] MovedFromExtractor Library/Bee/artifacts/mvdfrm/Unity.InputSystem.ForUI.ref.dll_E28700F6E181F737.mvfrm
[1264/1644  7s] Csc Library/Bee/artifacts/1900b0aEDbg.dag/Sirenix.OdinInspector.Modules.UnityMathematics.dll (+2 others)
[1265/1644  0s] MovedFromExtractor Library/Bee/artifacts/mvdfrm/Unity.TextMeshPro.Editor.ref.dll_37E92434B2D8A6CF.mvfrm
[1266/1644  0s] MovedFromExtractor Library/Bee/artifacts/mvdfrm/Unity.ProBuilder.AddOns.Editor.ref.dll_2BB0992EA7CE9E4F.mvfrm
[1267/1644  0s] MovedFromExtractor Library/Bee/artifacts/mvdfrm/Unity.SharpZipLib.Editor.ref.dll_4BFDDCB43C787E74.mvfrm
[1268/1644  0s] MovedFromExtractor Library/Bee/artifacts/mvdfrm/Unity.RenderPipelines.Core.ShaderLibrary.ref.dll_D525208FA1B27961.mvfrm
[1269/1644  0s] MovedFromExtractor Library/Bee/artifacts/mvdfrm/Unity.MemoryProfiler.Editor.MemoryProfilerModule.ref.dll_5C1FDE7A813D346A.mvfrm
[1270/1644  0s] MovedFromExtractor Library/Bee/artifacts/mvdfrm/Unity.VisualScripting.Shared.Editor.ref.dll_634EB3DA1CD7E5BE.mvfrm
[1271/1644  0s] MovedFromExtractor Library/Bee/artifacts/mvdfrm/UnityEditor.UI.Analytics.ref.dll_5DAFC3BAE25E48A6.mvfrm
[1272/1644  0s] MovedFromExtractor Library/Bee/artifacts/mvdfrm/Unity.2D.Sprite.Editor.ref.dll_0169DD889AE82A51.mvfrm
[1273/1644  0s] MovedFromExtractor-Combine Library/Bee/artifacts/1900b0aEDbg.dag/WaveHarmonic.Crest.Editor.Dependents.dll.mvfrm
[1274/1644  0s] MovedFromExtractor-Combine Library/Bee/artifacts/1900b0aEDbg.dag/WaveHarmonic.Crest.Samples.dll.mvfrm
[1275/1644  0s] MovedFromExtractor-Combine Library/Bee/artifacts/1900b0aEDbg.dag/MapMagic.Settings.dll.mvfrm
[1276/1644  8s] Csc Library/Bee/artifacts/1900b0aEDbg.dag/AmplifyImpostors.Editor.dll (+2 others)
[1277/1644  0s] MovedFromExtractor-Combine Library/Bee/artifacts/1900b0aEDbg.dag/Assembly-CSharp-Editor-firstpass.dll.mvfrm
[1278/1644  0s] MovedFromExtractor-Combine Library/Bee/artifacts/1900b0aEDbg.dag/Assembly-CSharp-firstpass.dll.mvfrm
[1279/1644  0s] MovedFromExtractor-Combine Library/Bee/artifacts/1900b0aEDbg.dag/Assembly-CSharp-Editor.dll.mvfrm
[1280/1644  1s] MovedFromExtractor-Combine Library/Bee/artifacts/1900b0aEDbg.dag/Assembly-CSharp.dll.mvfrm
[1281/1644  1s] MovedFromExtractor-Combine Library/Bee/artifacts/1900b0aEDbg.dag/WaveHarmonic.Crest.Editor.dll.mvfrm
[1201/1644  0s] Csc Library/Bee/artifacts/1900b0aEDbg.dag/WaveHarmonic.Crest.Samples.dll (+2 others) [CacheHit ba60d48b19c778f8e296cf4b7b1c86e500000000000000000000000000000006]
[1282/1644  0s] Csc Library/Bee/artifacts/1900b0aEDbg.dag/WaveHarmonic.Crest.Samples.dll (+2 others)
Packages\com.waveharmonic.crest\Shared\Scripts\AlignSceneViewToCamera.cs(37,23): warning CS0618: 'SceneHandle.implicit operator int(SceneHandle)' is obsolete: 'Implicit conversion from SceneHandle to int is deprecated. Use SceneHandle.GetRawData() instead'


Packages\com.waveharmonic.crest\Shared\Scripts\AlignSceneViewToCamera.cs(45,17): warning CS0618: 'SceneHandle.implicit operator SceneHandle(int)' is obsolete: 'Implicit conversion from int to SceneHandle is deprecated. Use SceneHandle.FromRawData(ulong) instead'


Packages\com.waveharmonic.crest\Shared\Scripts\AlignSceneViewToCamera.cs(47,23): warning CS0618: 'SceneHandle.implicit operator int(SceneHandle)' is obsolete: 'Implicit conversion from SceneHandle to int is deprecated. Use SceneHandle.GetRawData() instead'
Packages\com.waveharmonic.crest\Shared\Scripts\AlignSceneViewToCamera.cs(37,23): warning CS0618: 'SceneHandle.implicit operator int(SceneHandle)' is obsolete: 'Implicit conversion from SceneHandle to int is deprecated. Use SceneHandle.GetRawData() instead'


Packages\com.waveharmonic.crest\Shared\Scripts\AlignSceneViewToCamera.cs(45,17): warning CS0618: 'SceneHandle.implicit operator SceneHandle(int)' is obsolete: 'Implicit conversion from int to SceneHandle is deprecated. Use SceneHandle.FromRawData(ulong) instead'


Packages\com.waveharmonic.crest\Shared\Scripts\AlignSceneViewToCamera.cs(47,23): warning CS0618: 'SceneHandle.implicit operator int(SceneHandle)' is obsolete: 'Implicit conversion from SceneHandle to int is deprecated. Use SceneHandle.GetRawData() instead'
[1284/1644  1s] MovedFromExtractor-Combine Library/Bee/artifacts/1900b0aEDbg.dag/Unity.PlasticSCM.Editor.Entities.dll.mvfrm
[1203/1644  1s] Csc Library/Bee/artifacts/1900b0aEDbg.dag/WaveHarmonic.Crest.Editor.dll (+2 others) [CacheHit c690dd04a25a3f4bd0096034063b5f3300000000000000000000000000000006]
[1285/1644  1s] Csc Library/Bee/artifacts/1900b0aEDbg.dag/WaveHarmonic.Crest.Editor.dll (+2 others)
Packages\com.waveharmonic.crest\Editor\Scripts\Editors.cs(103,78): warning CS0618: 'FindObjectsSortMode' is obsolete: 'FindObjectsSortMode has been deprecated. Use the FindObjectsByType overloads that do not take a FindObjectsSortMode parameter.'


Packages\com.waveharmonic.crest\Editor\Scripts\Editors.cs(103,43): warning CS0618: 'Object.FindObjectsByType<T>(FindObjectsSortMode)' is obsolete: 'FindObjectsByType with FindObjectsSortMode parameter has been deprecated. Use FindObjectsByType<T>() or FindObjectsByType<T>(FindObjectsInactive) instead. InstanceID will be replaced in the future with EntityId and previous sort order cannot be maintained.'


Packages\com.waveharmonic.crest\Editor\Scripts\Validators.cs(371,86): warning CS0618: 'FindObjectsSortMode' is obsolete: 'FindObjectsSortMode has been deprecated. Use the FindObjectsByType overloads that do not take a FindObjectsSortMode parameter.'


Packages\com.waveharmonic.crest\Editor\Scripts\Validators.cs(371,17): warning CS0618: 'Object.FindObjectsByType<T>(FindObjectsInactive, FindObjectsSortMode)' is obsolete: 'FindObjectsByType with FindObjectsSortMode parameter has been deprecated. Use FindObjectsByType<T>() or FindObjectsByType<T>(FindObjectsInactive) instead. InstanceID will be replaced in the future with EntityId and previous sort order cannot be maintained.'


Packages\com.waveharmonic.crest\Editor\Scripts\Validators.cs(566,86): warning CS0618: 'FindObjectsSortMode' is obsolete: 'FindObjectsSortMode has been deprecated. Use the FindObjectsByType overloads that do not take a FindObjectsSortMode parameter.'


Packages\com.waveharmonic.crest\Editor\Scripts\Validators.cs(566,17): warning CS0618: 'Object.FindObjectsByType<T>(FindObjectsInactive, FindObjectsSortMode)' is obsolete: 'FindObjectsByType with FindObjectsSortMode parameter has been deprecated. Use FindObjectsByType<T>() or FindObjectsByType<T>(FindObjectsInactive) instead. InstanceID will be replaced in the future with EntityId and previous sort order cannot be maintained.'
Packages\com.waveharmonic.crest\Editor\Scripts\Editors.cs(103,78): warning CS0618: 'FindObjectsSortMode' is obsolete: 'FindObjectsSortMode has been deprecated. Use the FindObjectsByType overloads that do not take a FindObjectsSortMode parameter.'


Packages\com.waveharmonic.crest\Editor\Scripts\Editors.cs(103,43): warning CS0618: 'Object.FindObjectsByType<T>(FindObjectsSortMode)' is obsolete: 'FindObjectsByType with FindObjectsSortMode parameter has been deprecated. Use FindObjectsByType<T>() or FindObjectsByType<T>(FindObjectsInactive) instead. InstanceID will be replaced in the future with EntityId and previous sort order cannot be maintained.'


Packages\com.waveharmonic.crest\Editor\Scripts\Validators.cs(371,86): warning CS0618: 'FindObjectsSortMode' is obsolete: 'FindObjectsSortMode has been deprecated. Use the FindObjectsByType overloads that do not take a FindObjectsSortMode parameter.'


Packages\com.waveharmonic.crest\Editor\Scripts\Validators.cs(371,17): warning CS0618: 'Object.FindObjectsByType<T>(FindObjectsInactive, FindObjectsSortMode)' is obsolete: 'FindObjectsByType with FindObjectsSortMode parameter has been deprecated. Use FindObjectsByType<T>() or FindObjectsByType<T>(FindObjectsInactive) instead. InstanceID will be replaced in the future with EntityId and previous sort order cannot be maintained.'


Packages\com.waveharmonic.crest\Editor\Scripts\Validators.cs(566,86): warning CS0618: 'FindObjectsSortMode' is obsolete: 'FindObjectsSortMode has been deprecated. Use the FindObjectsByType overloads that do not take a FindObjectsSortMode parameter.'


Packages\com.waveharmonic.crest\Editor\Scripts\Validators.cs(566,17): warning CS0618: 'Object.FindObjectsByType<T>(FindObjectsInactive, FindObjectsSortMode)' is obsolete: 'FindObjectsByType with FindObjectsSortMode parameter has been deprecated. Use FindObjectsByType<T>() or FindObjectsByType<T>(FindObjectsInactive) instead. InstanceID will be replaced in the future with EntityId and previous sort order cannot be maintained.'
[1287/1644  1s] MovedFromExtractor-Combine Library/Bee/artifacts/1900b0aEDbg.dag/Technie.PhysicsCreator.Updater.dll.mvfrm
[1288/1644  1s] MovedFromExtractor-Combine Library/Bee/artifacts/1900b0aEDbg.dag/Unity.CollabProxy.Editor.dll.mvfrm
[1206/1644  0s] Csc Library/Bee/artifacts/1900b0aEDbg.dag/Unity.PlasticSCM.Editor.Entities.dll (+2 others) [CacheHit 19fd1222ecc0b338b84a3aa1131a031200000000000000000000000000000006]
[1289/1644  0s] Csc Library/Bee/artifacts/1900b0aEDbg.dag/Unity.PlasticSCM.Editor.Entities.dll (+2 others)
[1207/1644  0s] Csc Library/Bee/artifacts/1900b0aEDbg.dag/WaveHarmonic.Crest.Editor.Dependents.dll (+2 others) [CacheHit 4c675056b260f3ced0b75c4364e2a65d00000000000000000000000000000006]
[1291/1644  0s] Csc Library/Bee/artifacts/1900b0aEDbg.dag/WaveHarmonic.Crest.Editor.Dependents.dll (+2 others)
[1208/1644  0s] Csc Library/Bee/artifacts/1900b0aEDbg.dag/Unity.CollabProxy.Editor.dll (+2 others) [CacheHit 64de03c297bf161799820b2ab12a200a00000000000000000000000000000006]
[1293/1644  0s] Csc Library/Bee/artifacts/1900b0aEDbg.dag/Unity.CollabProxy.Editor.dll (+2 others)
[BUSY      17s] Csc Library/Bee/artifacts/1900b0aEDbg.dag/BakeryEditorAssembly.dll (+2 others)
[BUSY      21s] Csc Library/Bee/artifacts/1900b0aEDbg.dag/RealtimeCSG.dll (+2 others)
[BUSY      16s] Csc Library/Bee/artifacts/1900b0aEDbg.dag/Technie.PhysicsCreator.Updater.dll (+2 others)
[BUSY      31s] Csc Library/Bee/artifacts/1900b0aEDbg.dag/RealtimeCSG.dll (+2 others)
[1295/1644 20s] ILPostProcess Library/Bee/artifacts/1900b0aEDbg.dag/post-processed/WaveHarmonic.Crest.dll (+pdb)
Processing assembly Library/Bee/artifacts/1900b0aEDbg.dag/WaveHarmonic.Crest.dll, with 166 defines and 292 references

processors: Unity.Jobs.CodeGen.JobsILPostProcessor, zzzUnity.Burst.CodeGen.BurstILPostProcessor

running Unity.Jobs.CodeGen.JobsILPostProcessor

running zzzUnity.Burst.CodeGen.BurstILPostProcessor
[1296/1644 20s] ILPostProcess Library/Bee/artifacts/1900b0aEDbg.dag/post-processed/MoreMountains.Feedbacks.Cinemachine.dll (+pdb)
Processing assembly Library/Bee/artifacts/1900b0aEDbg.dag/MoreMountains.Feedbacks.Cinemachine.dll, with 161 defines and 302 references

processors: Unity.Jobs.CodeGen.JobsILPostProcessor, zzzUnity.Burst.CodeGen.BurstILPostProcessor

running Unity.Jobs.CodeGen.JobsILPostProcessor

running zzzUnity.Burst.CodeGen.BurstILPostProcessor
[1297/1644 20s] ILPostProcess Library/Bee/artifacts/1900b0aEDbg.dag/post-processed/JBooth.MicroSplat.Core.dll (+pdb)
Processing assembly Library/Bee/artifacts/1900b0aEDbg.dag/JBooth.MicroSplat.Core.dll, with 163 defines and 262 references

processors: Unity.Jobs.CodeGen.JobsILPostProcessor, zzzUnity.Burst.CodeGen.BurstILPostProcessor

running Unity.Jobs.CodeGen.JobsILPostProcessor

running zzzUnity.Burst.CodeGen.BurstILPostProcessor
[1298/1644 25s] Csc Library/Bee/artifacts/1900b0aEDbg.dag/MapMagic.Settings.dll (+2 others)
Assets\MapMagic\Core\Plugins\SettingsWindow.cs(62,21): warning CS0618: 'PlayerSettings.GetScriptingDefineSymbolsForGroup(BuildTargetGroup)' is obsolete: 'Use GetScriptingDefineSymbols(NamedBuildTarget buildTarget) instead'

Assets\MapMagic\Core\Plugins\SettingsWindow.cs(78,5): warning CS0618: 'PlayerSettings.SetScriptingDefineSymbolsForGroup(BuildTargetGroup, string)' is obsolete: 'Use SetScriptingDefineSymbols(NamedBuildTarget buildTarget, string defines) instead'

Assets\MapMagic\Core\Plugins\SettingsWindow.cs(110,23): warning CS0618: 'PlayerSettings.GetScriptingDefineSymbolsForGroup(BuildTargetGroup)' is obsolete: 'Use GetScriptingDefineSymbols(NamedBuildTarget buildTarget) instead'

Assets\MapMagic\Core\Plugins\SettingsWindow.cs(189,21): warning CS0618: 'PlayerSettings.GetScriptingDefineSymbolsForGroup(BuildTargetGroup)' is obsolete: 'Use GetScriptingDefineSymbols(NamedBuildTarget buildTarget) instead'

Assets\MapMagic\Core\Plugins\SettingsWindow.cs(215,21): warning CS0618: 'PlayerSettings.GetScriptingDefineSymbolsForGroup(BuildTargetGroup)' is obsolete: 'Use GetScriptingDefineSymbols(NamedBuildTarget buildTarget) instead'

Assets\MapMagic\Core\Plugins\SettingsWindow.cs(233,4): warning CS0618: 'PlayerSettings.SetScriptingDefineSymbolsForGroup(BuildTargetGroup, string)' is obsolete: 'Use SetScriptingDefineSymbols(NamedBuildTarget buildTarget, string defines) instead'

Assets\MapMagic\Core\Plugins\SettingsWindow.cs(308,8): warning CS0618: 'PlayerSettings.GetApiCompatibilityLevel(BuildTargetGroup)' is obsolete: 'Use GetApiCompatibilityLevel(NamedBuildTarget buildTarget) instead'

Assets\MapMagic\Core\Plugins\SettingsWindow.cs(314,7): warning CS0618: 'PlayerSettings.SetApiCompatibilityLevel(BuildTargetGroup, ApiCompatibilityLevel)' is obsolete: 'Use SetApiCompatibilityLevel(NamedBuildTarget buildTarget, ApiCompatibilityLevel value) instead'
[1299/1644 24s] Csc Library/Bee/artifacts/1900b0aEDbg.dag/Technie.PhysicsCreator.Updater.dll (+2 others)
[1300/1644 36s] Csc Library/Bee/artifacts/1900b0aEDbg.dag/BakeryEditorAssembly.dll (+2 others)
Assets\Editor\x64\Bakery\scripts\ftDefine.cs(27,23): warning CS0618: 'PlayerSettings.GetScriptingDefineSymbolsForGroup(BuildTargetGroup)' is obsolete: 'Use GetScriptingDefineSymbols(NamedBuildTarget buildTarget) instead'

Assets\Editor\x64\Bakery\scripts\ftDefine.cs(32,13): warning CS0618: 'PlayerSettings.SetScriptingDefineSymbolsForGroup(BuildTargetGroup, string)' is obsolete: 'Use SetScriptingDefineSymbols(NamedBuildTarget buildTarget, string defines) instead'

Assets\Editor\x64\Bakery\scripts\ftLightMeshInspector.cs(76,48): warning CS0618: 'Object.GetInstanceID()' is obsolete: 'GetInstanceID is deprecated. Use GetEntityId instead. This will be removed in a future version.'

Assets\Editor\x64\Bakery\scripts\ftSkyLightInspector.cs(59,48): warning CS0618: 'Object.GetInstanceID()' is obsolete: 'GetInstanceID is deprecated. Use GetEntityId instead. This will be removed in a future version.'

Assets\Editor\x64\Bakery\scripts\ftPointLightInspector.cs(383,48): warning CS0618: 'Object.GetInstanceID()' is obsolete: 'GetInstanceID is deprecated. Use GetEntityId instead. This will be removed in a future version.'
[BUSY      70s] Csc Library/Bee/artifacts/1900b0aEDbg.dag/Hecton8.Core.dll (+2 others)
[1301/1644  8s] ILPostProcess Library/Bee/artifacts/1900b0aEDbg.dag/post-processed/Unity.AI.Navigation.dll (+pdb)
Processing assembly Library/Bee/artifacts/1900b0aEDbg.dag/Unity.AI.Navigation.dll, with 162 defines and 300 references

processors: Unity.Jobs.CodeGen.JobsILPostProcessor, zzzUnity.Burst.CodeGen.BurstILPostProcessor

running Unity.Jobs.CodeGen.JobsILPostProcessor

running zzzUnity.Burst.CodeGen.BurstILPostProcessor
[1302/1644  8s] ILPostProcess Library/Bee/artifacts/1900b0aEDbg.dag/post-processed/Unity.InputSystem.ForUI.dll (+pdb)
Processing assembly Library/Bee/artifacts/1900b0aEDbg.dag/Unity.InputSystem.ForUI.dll, with 161 defines and 301 references

processors: Unity.Jobs.CodeGen.JobsILPostProcessor, zzzUnity.Burst.CodeGen.BurstILPostProcessor

running Unity.Jobs.CodeGen.JobsILPostProcessor

running zzzUnity.Burst.CodeGen.BurstILPostProcessor
[1303/1644  5s] ILPostProcess Library/Bee/artifacts/1900b0aEDbg.dag/post-processed/MapMagic.dll (+pdb)
Processing assembly Library/Bee/artifacts/1900b0aEDbg.dag/MapMagic.dll, with 161 defines and 301 references

processors: Unity.Jobs.CodeGen.JobsILPostProcessor, zzzUnity.Burst.CodeGen.BurstILPostProcessor

running Unity.Jobs.CodeGen.JobsILPostProcessor

running zzzUnity.Burst.CodeGen.BurstILPostProcessor
[1304/1644  8s] ILPostProcess Library/Bee/artifacts/1900b0aEDbg.dag/post-processed/TechniePhysicsCreator.dll (+pdb)
Processing assembly Library/Bee/artifacts/1900b0aEDbg.dag/TechniePhysicsCreator.dll, with 161 defines and 300 references

processors: Unity.Jobs.CodeGen.JobsILPostProcessor, zzzUnity.Burst.CodeGen.BurstILPostProcessor

running Unity.Jobs.CodeGen.JobsILPostProcessor

running zzzUnity.Burst.CodeGen.BurstILPostProcessor
[1305/1644  6s] ILPostProcess Library/Bee/artifacts/1900b0aEDbg.dag/post-processed/Hecton8.Bootstrap.Contracts.dll (+pdb)
Processing assembly Library/Bee/artifacts/1900b0aEDbg.dag/Hecton8.Bootstrap.Contracts.dll, with 161 defines and 300 references

processors: Unity.Jobs.CodeGen.JobsILPostProcessor, zzzUnity.Burst.CodeGen.BurstILPostProcessor

running Unity.Jobs.CodeGen.JobsILPostProcessor

running zzzUnity.Burst.CodeGen.BurstILPostProcessor
[1306/1644 42s] Csc Library/Bee/artifacts/1900b0aEDbg.dag/RealtimeCSG.dll (+2 others)
Assets\RealtimeCSG\RealtimeCSG\Plugins\Editor\Scripts\Control\Bindings\NativeMethodBindings.cs(93,48): warning CS0618: 'EditorUtility.InstanceIDToObject(int)' is obsolete: 'InstanceIDToObject(int) is obsolete. Use EditorUtility.EntityIdToObject instead.'

Assets\RealtimeCSG\RealtimeCSG\Plugins\Editor\Scripts\Control\Bindings\NativeMethodBindings.cs(97,53): warning CS0618: 'EditorUtility.InstanceIDToObject(int)' is obsolete: 'InstanceIDToObject(int) is obsolete. Use EditorUtility.EntityIdToObject instead.'

Assets\RealtimeCSG\RealtimeCSG\Plugins\Editor\Scripts\Control\Bindings\NativeMethodBindings.cs(101,55): warning CS0618: 'EditorUtility.InstanceIDToObject(int)' is obsolete: 'InstanceIDToObject(int) is obsolete. Use EditorUtility.EntityIdToObject instead.'

Assets\RealtimeCSG\RealtimeCSG\Plugins\Editor\Scripts\Control\Bindings\NativeMethodBindings.cs(105,39): warning CS0618: 'EditorUtility.InstanceIDToObject(int)' is obsolete: 'InstanceIDToObject(int) is obsolete. Use EditorUtility.EntityIdToObject instead.'

Assets\RealtimeCSG\RealtimeCSG\Plugins\Runtime\Scripts\Components\GeneratedMeshes.cs(49,8): warning CS0618: 'Object.GetInstanceID()' is obsolete: 'GetInstanceID is deprecated. Use GetEntityId instead. This will be removed in a future version.'

Assets\RealtimeCSG\RealtimeCSG\Plugins\Editor\Thirdparty\UnityFBXExporter\FBXUnityMaterialGetter.cs(102,33): warning CS0618: 'Object.GetInstanceID()' is obsolete: 'GetInstanceID is deprecated. Use GetEntityId instead. This will be removed in a future version.'

Assets\RealtimeCSG\RealtimeCSG\Plugins\Editor\Scripts\Control\Bindings\NativeMethodBindings.cs(304,19): warning CS0618: 'EditorUtility.InstanceIDToObject(int)' is obsolete: 'InstanceIDToObject(int) is obsolete. Use EditorUtility.EntityIdToObject instead.'

Assets\RealtimeCSG\RealtimeCSG\Plugins\Runtime\Scripts\Components\GeneratedMeshInstance.cs(169,29): warning CS0618: 'Object.GetInstanceID()' is obsolete: 'GetInstanceID is deprecated. Use GetEntityId instead. This will be removed in a future version.'

Assets\RealtimeCSG\RealtimeCSG\Plugins\Runtime\Scripts\Components\GeneratedMeshInstance.cs(170,26): warning CS0618: 'Object.GetInstanceID()' is obsolete: 'GetInstanceID is deprecated. Use GetEntityId instead. This will be removed in a future version.'

Assets\RealtimeCSG\RealtimeCSG\Plugins\Runtime\Scripts\Components\GeneratedMeshInstance.cs(178,21): warning CS0618: 'Object.GetInstanceID()' is obsolete: 'GetInstanceID is deprecated. Use GetEntityId instead. This will be removed in a future version.'

Assets\RealtimeCSG\RealtimeCSG\Plugins\Editor\Thirdparty\UnityFBXExporter\FBXUnityMaterialGetter.cs(225,31): warning CS0618: 'Object.GetInstanceID()' is obsolete: 'GetInstanceID is deprecated. Use GetEntityId instead. This will be removed in a future version.'

Assets\RealtimeCSG\RealtimeCSG\Plugins\Runtime\Scripts\Components\GeneratedMeshInstance.cs(206,120): warning CS0618: 'Object.GetInstanceID()' is obsolete: 'GetInstanceID is deprecated. Use GetEntityId instead. This will be removed in a future version.'

Assets\RealtimeCSG\RealtimeCSG\Plugins\Runtime\Scripts\Components\GeneratedMeshInstance.cs(209,116): warning CS0618: 'Object.GetInstanceID()' is obsolete: 'GetInstanceID is deprecated. Use GetEntityId instead. This will be removed in a future version.'

Assets\RealtimeCSG\RealtimeCSG\Plugins\Runtime\Scripts\Components\GeneratedMeshInstance.cs(210,116): warning CS0618: 'Object.GetInstanceID()' is obsolete: 'GetInstanceID is deprecated. Use GetEntityId instead. This will be removed in a future version.'

Assets\RealtimeCSG\RealtimeCSG\Plugins\API\Legacy\Editor\BrushFactory.cs(60,56): warning CS0618: 'Object.GetInstanceID()' is obsolete: 'GetInstanceID is deprecated. Use GetEntityId instead. This will be removed in a future version.'

Assets\RealtimeCSG\RealtimeCSG\Plugins\API\Legacy\Editor\BrushFactory.cs(61,56): warning CS0618: 'Object.GetInstanceID()' is obsolete: 'GetInstanceID is deprecated. Use GetEntityId instead. This will be removed in a future version.'

Assets\RealtimeCSG\RealtimeCSG\Plugins\Editor\Scripts\Control\Bindings\NativeMethodBindings.cs(415,20): warning CS0618: 'EditorUtility.InstanceIDToObject(int)' is obsolete: 'InstanceIDToObject(int) is obsolete. Use EditorUtility.EntityIdToObject instead.'

Assets\RealtimeCSG\RealtimeCSG\Plugins\Editor\Scripts\Control\Bindings\NativeMethodBindings.cs(627,17): warning CS0618: 'EditorUtility.InstanceIDToObject(int)' is obsolete: 'InstanceIDToObject(int) is obsolete. Use EditorUtility.EntityIdToObject instead.'

Assets\RealtimeCSG\RealtimeCSG\Plugins\Editor\Scripts\Control\Managers\InternalCSGModelManager.DefaultModel.cs(134,10): warning CS0618: 'StaticEditorFlags.NavigationStatic' is obsolete: 'Enum member StaticEditorFlags.NavigationStatic has been deprecated. The precise selection of the objects is now done using NavMeshBuilder.CollectSources() and NavMeshBuildMarkup.'

Assets\RealtimeCSG\RealtimeCSG\Plugins\Editor\Scripts\Control\Managers\InternalCSGModelManager.DefaultModel.cs(136,10): warning CS0618: 'StaticEditorFlags.OffMeshLinkGeneration' is obsolete: 'Enum member StaticEditorFlags.OffMeshLinkGeneration has been deprecated. You can now use NavMeshBuilder.CollectSources() and NavMeshBuildMarkup to nominate the objects that will generate Off-Mesh Links.'

Assets\RealtimeCSG\RealtimeCSG\Plugins\Editor\Scripts\Control\Managers\UnityCompilerDefineManager.cs(58,25): warning CS0618: 'PlayerSettings.GetScriptingDefineSymbolsForGroup(BuildTargetGroup)' is obsolete: 'Use GetScriptingDefineSymbols(NamedBuildTarget buildTarget) instead'

Assets\RealtimeCSG\RealtimeCSG\Plugins\Editor\Scripts\Control\Managers\UnityCompilerDefineManager.cs(112,6): warning CS0618: 'PlayerSettings.SetScriptingDefineSymbolsForGroup(BuildTargetGroup, string)' is obsolete: 'Use SetScriptingDefineSymbols(NamedBuildTarget buildTarget, string defines) instead'

Assets\RealtimeCSG\RealtimeCSG\Plugins\Editor\Scripts\Control\Managers\UpdateLoop.cs(107,13): warning CS0618: 'EditorApplication.hierarchyWindowItemOnGUI' is obsolete: 'hierarchyWindowItemOnGUI is obsolete. Use hierarchyWindowItemByEntityIdOnGUI instead.'

Assets\RealtimeCSG\RealtimeCSG\Plugins\Editor\Scripts\Control\Managers\UpdateLoop.cs(108,4): warning CS0618: 'EditorApplication.hierarchyWindowItemOnGUI' is obsolete: 'hierarchyWindowItemOnGUI is obsolete. Use hierarchyWindowItemByEntityIdOnGUI instead.'

Assets\RealtimeCSG\RealtimeCSG\Plugins\Editor\Scripts\Data\SceneQuery\SceneQueryUtility.cs(889,26): warning CS0618: 'Object.GetInstanceID()' is obsolete: 'GetInstanceID is deprecated. Use GetEntityId instead. This will be removed in a future version.'

Assets\RealtimeCSG\RealtimeCSG\Plugins\Editor\Scripts\Data\SceneQuery\SceneQueryUtility.cs(889,7): warning CS0618: 'Selection.Contains(int)' is obsolete: 'Use Contains() with EntityId instead.'

Assets\RealtimeCSG\RealtimeCSG\Plugins\Editor\Scripts\Control\Managers\UpdateLoop.cs(138,4): warning CS0618: 'EditorApplication.hierarchyWindowItemOnGUI' is obsolete: 'hierarchyWindowItemOnGUI is obsolete. Use hierarchyWindowItemByEntityIdOnGUI instead.'

Assets\RealtimeCSG\RealtimeCSG\Plugins\Editor\Scripts\Data\Hierarchy\ParentNodeDataExtension.cs(69,77): warning CS0618: 'Object.GetInstanceID()' is obsolete: 'GetInstanceID is deprecated. Use GetEntityId instead. This will be removed in a future version.'

Assets\RealtimeCSG\RealtimeCSG\Plugins\Editor\Scripts\Data\Hierarchy\ParentNodeDataExtension.cs(77,31): warning CS0618: 'Object.GetInstanceID()' is obsolete: 'GetInstanceID is deprecated. Use GetEntityId instead. This will be removed in a future version.'

Assets\RealtimeCSG\RealtimeCSG\Plugins\Editor\Scripts\Data\SceneQuery\SceneQueryUtility.cs(949,37): warning CS0618: 'Object.GetInstanceID()' is obsolete: 'GetInstanceID is deprecated. Use GetEntityId instead. This will be removed in a future version.'

Assets\RealtimeCSG\RealtimeCSG\Plugins\Editor\Scripts\Data\SceneQuery\SceneQueryUtility.cs(949,18): warning CS0618: 'Selection.Contains(int)' is obsolete: 'Use Contains() with EntityId instead.'

Assets\RealtimeCSG\RealtimeCSG\Plugins\Editor\Scripts\Data\Hierarchy\ParentNodeDataExtension.cs(219,76): warning CS0618: 'Object.GetInstanceID()' is obsolete: 'GetInstanceID is deprecated. Use GetEntityId instead. This will be removed in a future version.'

Assets\RealtimeCSG\RealtimeCSG\Plugins\Editor\Scripts\Data\Hierarchy\ParentNodeDataExtension.cs(229,31): warning CS0618: 'Object.GetInstanceID()' is obsolete: 'GetInstanceID is deprecated. Use GetEntityId instead. This will be removed in a future version.'

Assets\RealtimeCSG\RealtimeCSG\Plugins\Editor\Scripts\Data\Hierarchy\HierarchyItemExtension.cs(195,23): warning CS0618: 'Object.GetInstanceID()' is obsolete: 'GetInstanceID is deprecated. Use GetEntityId instead. This will be removed in a future version.'

Assets\RealtimeCSG\RealtimeCSG\Plugins\Editor\Thirdparty\UnityFBXExporter\FBXUnityMeshGetter.cs(525,35): warning CS0618: 'Object.GetInstanceID()' is obsolete: 'GetInstanceID is deprecated. Use GetEntityId instead. This will be removed in a future version.'

Assets\RealtimeCSG\RealtimeCSG\Plugins\Editor\Thirdparty\UnityFBXExporter\FBXUnityMeshGetter.cs(532,34): warning CS0618: 'Object.GetInstanceID()' is obsolete: 'GetInstanceID is deprecated. Use GetEntityId instead. This will be removed in a future version.'

Assets\RealtimeCSG\RealtimeCSG\Plugins\Editor\Scripts\Data\SceneQuery\SceneQueryUtility.cs(1010,26): warning CS0618: 'Object.GetInstanceID()' is obsolete: 'GetInstanceID is deprecated. Use GetEntityId instead. This will be removed in a future version.'

Assets\RealtimeCSG\RealtimeCSG\Plugins\Editor\Scripts\Data\SceneQuery\SceneQueryUtility.cs(1010,7): warning CS0618: 'Selection.Contains(int)' is obsolete: 'Use Contains() with EntityId instead.'

Assets\RealtimeCSG\RealtimeCSG\Plugins\Editor\Scripts\Data\Settings\ColorSettings.cs(170,31): warning CS0618: 'Object.GetInstanceID()' is obsolete: 'GetInstanceID is deprecated. Use GetEntityId instead. This will be removed in a future version.'

Assets\RealtimeCSG\RealtimeCSG\Plugins\Editor\Scripts\Control\Managers\MeshInstanceManager.Export.cs(297,26): warning CS0618: 'EditorUtility.InstanceIDToObject(int)' is obsolete: 'InstanceIDToObject(int) is obsolete. Use EditorUtility.EntityIdToObject instead.'

Assets\RealtimeCSG\RealtimeCSG\Plugins\Editor\Scripts\View\DragAndDrop\SceneDragTool.Materials.cs(467,28): warning CS0618: 'Object.GetInstanceID()' is obsolete: 'GetInstanceID is deprecated. Use GetEntityId instead. This will be removed in a future version.'

Assets\RealtimeCSG\RealtimeCSG\Plugins\Editor\Scripts\Data\Selection\SelectionUtility.cs(346,21): warning CS0618: 'Object.GetInstanceID()' is obsolete: 'GetInstanceID is deprecated. Use GetEntityId instead. This will be removed in a future version.'

Assets\RealtimeCSG\RealtimeCSG\Plugins\Editor\Scripts\Data\Selection\SelectionUtility.cs(368,32): warning CS0618: 'Object.GetInstanceID()' is obsolete: 'GetInstanceID is deprecated. Use GetEntityId instead. This will be removed in a future version.'

Assets\RealtimeCSG\RealtimeCSG\Plugins\Editor\Scripts\Control\Managers\InternalCSGModelManager.Registration.cs(162,13): warning CS0618: 'StaticEditorFlags.NavigationStatic' is obsolete: 'Enum member StaticEditorFlags.NavigationStatic has been deprecated. The precise selection of the objects is now done using NavMeshBuilder.CollectSources() and NavMeshBuildMarkup.'

Assets\RealtimeCSG\RealtimeCSG\Plugins\Editor\Scripts\Control\Managers\InternalCSGModelManager.Registration.cs(164,13): warning CS0618: 'StaticEditorFlags.OffMeshLinkGeneration' is obsolete: 'Enum member StaticEditorFlags.OffMeshLinkGeneration has been deprecated. You can now use NavMeshBuilder.CollectSources() and NavMeshBuildMarkup to nominate the objects that will generate Off-Mesh Links.'

Assets\RealtimeCSG\RealtimeCSG\Plugins\Editor\Scripts\Data\Selection\SelectionUtility.cs(390,56): warning CS0618: 'Selection.instanceIDs' is obsolete: 'Use entityIds instead.'

Assets\RealtimeCSG\RealtimeCSG\Plugins\Editor\Scripts\Data\Selection\SelectionUtility.cs(396,23): warning CS0618: 'Object.GetInstanceID()' is obsolete: 'GetInstanceID is deprecated. Use GetEntityId instead. This will be removed in a future version.'

Assets\RealtimeCSG\RealtimeCSG\Plugins\Editor\Scripts\Data\Selection\SelectionUtility.cs(410,7): warning CS0618: 'Selection.instanceIDs' is obsolete: 'Use entityIds instead.'

Assets\RealtimeCSG\RealtimeCSG\Plugins\Editor\Scripts\Data\Selection\SelectionUtility.cs(418,23): warning CS0618: 'Object.GetInstanceID()' is obsolete: 'GetInstanceID is deprecated. Use GetEntityId instead. This will be removed in a future version.'

Assets\RealtimeCSG\RealtimeCSG\Plugins\Editor\Scripts\Data\Selection\SelectionUtility.cs(420,6): warning CS0618: 'Selection.instanceIDs' is obsolete: 'Use entityIds instead.'

Assets\RealtimeCSG\RealtimeCSG\Plugins\Editor\Scripts\Data\Selection\SelectionUtility.cs(429,23): warning CS0618: 'Object.GetInstanceID()' is obsolete: 'GetInstanceID is deprecated. Use GetEntityId instead. This will be removed in a future version.'

Assets\RealtimeCSG\RealtimeCSG\Plugins\Editor\Scripts\Data\Selection\SelectionUtility.cs(431,6): warning CS0618: 'Selection.instanceIDs' is obsolete: 'Use entityIds instead.'

Assets\RealtimeCSG\RealtimeCSG\Plugins\Editor\Scripts\Control\Managers\InternalCSGModelManager.Registration.cs(233,43): warning CS0618: 'Object.GetInstanceID()' is obsolete: 'GetInstanceID is deprecated. Use GetEntityId instead. This will be removed in a future version.'

Assets\RealtimeCSG\RealtimeCSG\Plugins\Editor\Scripts\Control\Managers\InternalCSGModelManager.Registration.cs(348,40): warning CS0618: 'Object.GetInstanceID()' is obsolete: 'GetInstanceID is deprecated. Use GetEntityId instead. This will be removed in a future version.'

Assets\RealtimeCSG\RealtimeCSG\Plugins\Editor\Scripts\Control\Managers\InternalCSGModelManager.Registration.cs(443,40): warning CS0618: 'Object.GetInstanceID()' is obsolete: 'GetInstanceID is deprecated. Use GetEntityId instead. This will be removed in a future version.'

Assets\RealtimeCSG\RealtimeCSG\Plugins\Editor\Scripts\Data\Settings\CSGSettings.cs(474,53): warning CS0618: 'Object.GetInstanceID()' is obsolete: 'GetInstanceID is deprecated. Use GetEntityId instead. This will be removed in a future version.'

Assets\RealtimeCSG\RealtimeCSG\Plugins\Editor\Scripts\Data\Settings\CSGSettings.cs(501,51): warning CS0618: 'Object.GetInstanceID()' is obsolete: 'GetInstanceID is deprecated. Use GetEntityId instead. This will be removed in a future version.'

Assets\RealtimeCSG\RealtimeCSG\Plugins\Editor\Scripts\Data\Settings\CSGSettings.cs(508,65): warning CS0618: 'Object.GetInstanceID()' is obsolete: 'GetInstanceID is deprecated. Use GetEntityId instead. This will be removed in a future version.'

Assets\RealtimeCSG\RealtimeCSG\Plugins\Editor\Scripts\Control\Managers\InternalCSGModelManager.Registration.cs(497,32): warning CS0618: 'Object.GetInstanceID()' is obsolete: 'GetInstanceID is deprecated. Use GetEntityId instead. This will be removed in a future version.'

Assets\RealtimeCSG\RealtimeCSG\Plugins\Editor\Scripts\Control\Managers\InternalCSGModelManager.Registration.cs(585,36): warning CS0618: 'Object.GetInstanceID()' is obsolete: 'GetInstanceID is deprecated. Use GetEntityId instead. This will be removed in a future version.'

Assets\RealtimeCSG\RealtimeCSG\Plugins\Editor\Scripts\Control\Managers\InternalCSGModelManager.Registration.cs(657,41): warning CS0618: 'Object.GetInstanceID()' is obsolete: 'GetInstanceID is deprecated. Use GetEntityId instead. This will be removed in a future version.'

Assets\RealtimeCSG\RealtimeCSG\Plugins\Editor\Scripts\Control\Managers\InternalCSGModelManager.Registration.cs(701,43): warning CS0618: 'Object.GetInstanceID()' is obsolete: 'GetInstanceID is deprecated. Use GetEntityId instead. This will be removed in a future version.'

Assets\RealtimeCSG\RealtimeCSG\Plugins\Editor\Scripts\Control\Managers\MeshInstanceManager.cs(706,15): warning CS0618: 'EditorUtility.InstanceIDToObject(int)' is obsolete: 'InstanceIDToObject(int) is obsolete. Use EditorUtility.EntityIdToObject instead.'

Assets\RealtimeCSG\RealtimeCSG\Plugins\Editor\Scripts\Control\Managers\MeshInstanceManager.cs(793,47): warning CS0618: 'Object.GetInstanceID()' is obsolete: 'GetInstanceID is deprecated. Use GetEntityId instead. This will be removed in a future version.'

Assets\RealtimeCSG\RealtimeCSG\Plugins\Editor\Scripts\View\GUI\HierarchyWindowItemGUI\HierarchyWindowItemGUI.cs(15,12): warning CS0618: 'EditorUtility.InstanceIDToObject(int)' is obsolete: 'InstanceIDToObject(int) is obsolete. Use EditorUtility.EntityIdToObject instead.'

Assets\RealtimeCSG\RealtimeCSG\Plugins\Editor\Scripts\Control\Managers\MeshInstanceManager.cs(957,56): warning CS0618: 'StaticEditorFlags.NavigationStatic' is obsolete: 'Enum member StaticEditorFlags.NavigationStatic has been deprecated. The precise selection of the objects is now done using NavMeshBuilder.CollectSources() and NavMeshBuildMarkup.'

Assets\RealtimeCSG\RealtimeCSG\Plugins\Editor\Scripts\Control\Managers\MeshInstanceManager.cs(979,28): warning CS0618: 'Object.GetInstanceID()' is obsolete: 'GetInstanceID is deprecated. Use GetEntityId instead. This will be removed in a future version.'

Assets\RealtimeCSG\RealtimeCSG\Plugins\Editor\Scripts\View\GUI\ComponentEditorWindows\CSGModelComponent.Inspector.GUI.cs(1281,51): warning CS0618: 'EditorUtility.InstanceIDToObject(int)' is obsolete: 'InstanceIDToObject(int) is obsolete. Use EditorUtility.EntityIdToObject instead.'

Assets\RealtimeCSG\RealtimeCSG\Plugins\Editor\Scripts\View\GUI\EditModeGUI\EditModes\Generators\Generator.Base.cs(81,31): warning CS0414: The field 'GeneratorBase.previousViewTool' is assigned but its value is never used
[1307/1644  5s] ILPostProcess Library/Bee/artifacts/1900b0aEDbg.dag/post-processed/Lofelt.NiceVibrations.dll (+pdb)
Processing assembly Library/Bee/artifacts/1900b0aEDbg.dag/Lofelt.NiceVibrations.dll, with 162 defines and 301 references

processors: Unity.Jobs.CodeGen.JobsILPostProcessor, zzzUnity.Burst.CodeGen.BurstILPostProcessor

running Unity.Jobs.CodeGen.JobsILPostProcessor

running zzzUnity.Burst.CodeGen.BurstILPostProcessor
[1308/1644 11s] ILPostProcess Library/Bee/artifacts/1900b0aEDbg.dag/post-processed/Unity.Burst.dll (+pdb)
Processing assembly Library/Bee/artifacts/1900b0aEDbg.dag/Unity.Burst.dll, with 161 defines and 262 references

processors: Unity.Jobs.CodeGen.JobsILPostProcessor, zzzUnity.Burst.CodeGen.BurstILPostProcessor

running Unity.Jobs.CodeGen.JobsILPostProcessor

running zzzUnity.Burst.CodeGen.BurstILPostProcessor
[1309/1644  5s] ILPostProcess Library/Bee/artifacts/1900b0aEDbg.dag/post-processed/Hecton8.Input.dll (+pdb)
Processing assembly Library/Bee/artifacts/1900b0aEDbg.dag/Hecton8.Input.dll, with 161 defines and 303 references

processors: Unity.Jobs.CodeGen.JobsILPostProcessor, zzzUnity.Burst.CodeGen.BurstILPostProcessor

running Unity.Jobs.CodeGen.JobsILPostProcessor

running zzzUnity.Burst.CodeGen.BurstILPostProcessor
[1310/1644  5s] ILPostProcess Library/Bee/artifacts/1900b0aEDbg.dag/post-processed/Unity.RenderPipelines.Universal.Runtime.dll (+pdb)
Processing assembly Library/Bee/artifacts/1900b0aEDbg.dag/Unity.RenderPipelines.Universal.Runtime.dll, with 167 defines and 310 references

processors: Unity.Jobs.CodeGen.JobsILPostProcessor, zzzUnity.Burst.CodeGen.BurstILPostProcessor

running Unity.Jobs.CodeGen.JobsILPostProcessor

running zzzUnity.Burst.CodeGen.BurstILPostProcessor
[1311/1644  4s] ILPostProcess Library/Bee/artifacts/1900b0aEDbg.dag/post-processed/RealtimeCSG.dll (+pdb)
Processing assembly Library/Bee/artifacts/1900b0aEDbg.dag/RealtimeCSG.dll, with 161 defines and 287 references

processors: Unity.Jobs.CodeGen.JobsILPostProcessor, zzzUnity.Burst.CodeGen.BurstILPostProcessor

running Unity.Jobs.CodeGen.JobsILPostProcessor

running zzzUnity.Burst.CodeGen.BurstILPostProcessor
[1312/1644  5s] ILPostProcess Library/Bee/artifacts/1900b0aEDbg.dag/post-processed/MoreMountains.Feedbacks.URP.dll (+pdb)
Processing assembly Library/Bee/artifacts/1900b0aEDbg.dag/MoreMountains.Feedbacks.URP.dll, with 162 defines and 304 references

processors: Unity.Jobs.CodeGen.JobsILPostProcessor, zzzUnity.Burst.CodeGen.BurstILPostProcessor

running Unity.Jobs.CodeGen.JobsILPostProcessor

running zzzUnity.Burst.CodeGen.BurstILPostProcessor
[1313/1644  0s] ILPostProcess Library/Bee/artifacts/1900b0aEDbg.dag/post-processed/Unity.ProBuilder.KdTree.dll (+pdb)
Processing assembly Library/Bee/artifacts/1900b0aEDbg.dag/Unity.ProBuilder.KdTree.dll, with 161 defines and 300 references

processors: Unity.Jobs.CodeGen.JobsILPostProcessor, zzzUnity.Burst.CodeGen.BurstILPostProcessor

running Unity.Jobs.CodeGen.JobsILPostProcessor

running zzzUnity.Burst.CodeGen.BurstILPostProcessor
[1314/1644  0s] ILPostProcess Library/Bee/artifacts/1900b0aEDbg.dag/post-processed/WaveHarmonic.Crest.Scripting.dll (+pdb)
Processing assembly Library/Bee/artifacts/1900b0aEDbg.dag/WaveHarmonic.Crest.Scripting.dll, with 161 defines and 302 references

processors: Unity.Jobs.CodeGen.JobsILPostProcessor, zzzUnity.Burst.CodeGen.BurstILPostProcessor

running Unity.Jobs.CodeGen.JobsILPostProcessor

running zzzUnity.Burst.CodeGen.BurstILPostProcessor
[1315/1644  0s] ILPostProcess Library/Bee/artifacts/1900b0aEDbg.dag/post-processed/WaveHarmonic.Crest.Shared.dll (+pdb)
Processing assembly Library/Bee/artifacts/1900b0aEDbg.dag/WaveHarmonic.Crest.Shared.dll, with 163 defines and 289 references

processors: Unity.Jobs.CodeGen.JobsILPostProcessor, zzzUnity.Burst.CodeGen.BurstILPostProcessor

running Unity.Jobs.CodeGen.JobsILPostProcessor

running zzzUnity.Burst.CodeGen.BurstILPostProcessor
[1316/1644  1s] ILPostProcess Library/Bee/artifacts/1900b0aEDbg.dag/post-processed/Unity.RenderPipeline.Universal.ShaderLibrary.dll (+pdb)
Processing assembly Library/Bee/artifacts/1900b0aEDbg.dag/Unity.RenderPipeline.Universal.ShaderLibrary.dll, with 161 defines and 301 references

processors: Unity.Jobs.CodeGen.JobsILPostProcessor, zzzUnity.Burst.CodeGen.BurstILPostProcessor

running Unity.Jobs.CodeGen.JobsILPostProcessor

running zzzUnity.Burst.CodeGen.BurstILPostProcessor
[1317/1644  0s] ILPostProcess Library/Bee/artifacts/1900b0aEDbg.dag/post-processed/MoreMountains.Feedbacks.HDRP.dll (+pdb)
Processing assembly Library/Bee/artifacts/1900b0aEDbg.dag/MoreMountains.Feedbacks.HDRP.dll, with 161 defines and 303 references

processors: Unity.Jobs.CodeGen.JobsILPostProcessor, zzzUnity.Burst.CodeGen.BurstILPostProcessor

running Unity.Jobs.CodeGen.JobsILPostProcessor

running zzzUnity.Burst.CodeGen.BurstILPostProcessor
[1318/1644 77s] Csc Library/Bee/artifacts/1900b0aEDbg.dag/Hecton8.Core.dll (+2 others)
Assets\_Project\Scripts\Core\HectonUrpTextureRequirementsGuard.cs(57,43): warning CS0618: 'Object.FindFirstObjectByType<T>(FindObjectsInactive)' is obsolete: 'FindFirstObjectByType has been deprecated because it relies on instance ID ordering. Use FindAnyObjectByType instead, which does not depend on ordering.'

Assets\_Project\Scripts\Core\HectonUrpTextureRequirementsGuard.cs(65,21): warning CS0618: 'FindObjectsSortMode' is obsolete: 'FindObjectsSortMode has been deprecated. Use the FindObjectsByType overloads that do not take a FindObjectsSortMode parameter.'

Assets\_Project\Scripts\Core\HectonUrpTextureRequirementsGuard.cs(63,17): warning CS0618: 'Object.FindObjectsByType<T>(FindObjectsInactive, FindObjectsSortMode)' is obsolete: 'FindObjectsByType with FindObjectsSortMode parameter has been deprecated. Use FindObjectsByType<T>() or FindObjectsByType<T>(FindObjectsInactive) instead. InstanceID will be replaced in the future with EntityId and previous sort order cannot be maintained.'

Assets\_Project\Scripts\World\ProceduralWreckGenerator.cs(601,39): warning CS0414: The field 'ProceduralWreckGenerator._debugAsyncGenerationInFlight' is assigned but its value is never used
[1319/1644  0s] ILPostProcess Library/Bee/artifacts/1900b0aEDbg.dag/post-processed/Unity.ProBuilder.Stl.dll (+pdb)
Processing assembly Library/Bee/artifacts/1900b0aEDbg.dag/Unity.ProBuilder.Stl.dll, with 161 defines and 300 references

processors: Unity.Jobs.CodeGen.JobsILPostProcessor, zzzUnity.Burst.CodeGen.BurstILPostProcessor

running Unity.Jobs.CodeGen.JobsILPostProcessor

running zzzUnity.Burst.CodeGen.BurstILPostProcessor
[1320/1644  0s] ILPostProcess Library/Bee/artifacts/1900b0aEDbg.dag/post-processed/WaveHarmonic.Crest.Samples.dll (+pdb)
Processing assembly Library/Bee/artifacts/1900b0aEDbg.dag/WaveHarmonic.Crest.Samples.dll, with 164 defines and 292 references

processors: Unity.Jobs.CodeGen.JobsILPostProcessor, zzzUnity.Burst.CodeGen.BurstILPostProcessor

running Unity.Jobs.CodeGen.JobsILPostProcessor

running zzzUnity.Burst.CodeGen.BurstILPostProcessor
[1321/1644  0s] ILPostProcess Library/Bee/artifacts/1900b0aEDbg.dag/post-processed/UnityEngine.UI.dll (+pdb)
Processing assembly Library/Bee/artifacts/1900b0aEDbg.dag/UnityEngine.UI.dll, with 167 defines and 298 references

processors: Unity.Jobs.CodeGen.JobsILPostProcessor, zzzUnity.Burst.CodeGen.BurstILPostProcessor

running Unity.Jobs.CodeGen.JobsILPostProcessor

running zzzUnity.Burst.CodeGen.BurstILPostProcessor
[1322/1644  5s] Csc Library/Bee/artifacts/1900b0aEDbg.dag/Hecton8.Editor.dll (+2 others)
[1323/1644  8s] ILPostProcess Library/Bee/artifacts/1900b0aEDbg.dag/post-processed/Hecton8.Input.Generated.dll (+pdb)
Processing assembly Library/Bee/artifacts/1900b0aEDbg.dag/Hecton8.Input.Generated.dll, with 161 defines and 301 references

processors: Unity.Jobs.CodeGen.JobsILPostProcessor, zzzUnity.Burst.CodeGen.BurstILPostProcessor

running Unity.Jobs.CodeGen.JobsILPostProcessor

running zzzUnity.Burst.CodeGen.BurstILPostProcessor
[1324/1644  9s] ILPostProcess Library/Bee/artifacts/1900b0aEDbg.dag/post-processed/Unity.RenderPipelines.Core.Runtime.dll (+pdb)
Processing assembly Library/Bee/artifacts/1900b0aEDbg.dag/Unity.RenderPipelines.Core.Runtime.dll, with 165 defines and 304 references

processors: Unity.Jobs.CodeGen.JobsILPostProcessor, zzzUnity.Burst.CodeGen.BurstILPostProcessor

running Unity.Jobs.CodeGen.JobsILPostProcessor

running zzzUnity.Burst.CodeGen.BurstILPostProcessor
[1325/1644  8s] ILPostProcess Library/Bee/artifacts/1900b0aEDbg.dag/post-processed/MoreMountains.Tools.dll (+pdb)
Processing assembly Library/Bee/artifacts/1900b0aEDbg.dag/MoreMountains.Tools.dll, with 163 defines and 305 references

processors: Unity.Jobs.CodeGen.JobsILPostProcessor, zzzUnity.Burst.CodeGen.BurstILPostProcessor

running Unity.Jobs.CodeGen.JobsILPostProcessor

running zzzUnity.Burst.CodeGen.BurstILPostProcessor
[1326/1644  8s] ILPostProcess Library/Bee/artifacts/1900b0aEDbg.dag/post-processed/Unity.RenderPipelines.Universal.Config.Runtime.dll (+pdb)
Processing assembly Library/Bee/artifacts/1900b0aEDbg.dag/Unity.RenderPipelines.Universal.Config.Runtime.dll, with 161 defines and 301 references

processors: Unity.Jobs.CodeGen.JobsILPostProcessor, zzzUnity.Burst.CodeGen.BurstILPostProcessor

running Unity.Jobs.CodeGen.JobsILPostProcessor

running zzzUnity.Burst.CodeGen.BurstILPostProcessor
[1327/1644  4s] Csc Library/Bee/artifacts/1900b0aEDbg.dag/Assembly-CSharp-firstpass.dll (+2 others)
[1328/1644 11s] ILPostProcess Library/Bee/artifacts/1900b0aEDbg.dag/post-processed/Hecton8.World.Contracts.dll (+pdb)
Processing assembly Library/Bee/artifacts/1900b0aEDbg.dag/Hecton8.World.Contracts.dll, with 161 defines and 302 references

processors: Unity.Jobs.CodeGen.JobsILPostProcessor, zzzUnity.Burst.CodeGen.BurstILPostProcessor

running Unity.Jobs.CodeGen.JobsILPostProcessor

running zzzUnity.Burst.CodeGen.BurstILPostProcessor
[1329/1644 11s] ILPostProcess Library/Bee/artifacts/1900b0aEDbg.dag/post-processed/MCPForUnity.Runtime.dll (+pdb)
Processing assembly Library/Bee/artifacts/1900b0aEDbg.dag/MCPForUnity.Runtime.dll, with 161 defines and 300 references

processors: Unity.Jobs.CodeGen.JobsILPostProcessor, zzzUnity.Burst.CodeGen.BurstILPostProcessor

running Unity.Jobs.CodeGen.JobsILPostProcessor

running zzzUnity.Burst.CodeGen.BurstILPostProcessor
[1330/1644  5s] Csc Library/Bee/artifacts/1900b0aEDbg.dag/Assembly-CSharp.dll (+2 others)
[1331/1644  5s] ILPostProcess Library/Bee/artifacts/1900b0aEDbg.dag/post-processed/Unity.InternalAPIEngineBridge.RenderPipelines.Core.Runtime.Shared.dll (+pdb)
Processing assembly Library/Bee/artifacts/1900b0aEDbg.dag/Unity.InternalAPIEngineBridge.RenderPipelines.Core.Runtime.Shared.dll, with 161 defines and 300 references

processors: Unity.Jobs.CodeGen.JobsILPostProcessor, zzzUnity.Burst.CodeGen.BurstILPostProcessor

running Unity.Jobs.CodeGen.JobsILPostProcessor

running zzzUnity.Burst.CodeGen.BurstILPostProcessor
[1332/1644 25s] ILPostProcess Library/Bee/artifacts/1900b0aEDbg.dag/post-processed/Unity.RenderPipelines.GPUDriven.Runtime.dll (+pdb)
Processing assembly Library/Bee/artifacts/1900b0aEDbg.dag/Unity.RenderPipelines.GPUDriven.Runtime.dll, with 161 defines and 304 references

processors: Unity.Jobs.CodeGen.JobsILPostProcessor, zzzUnity.Burst.CodeGen.BurstILPostProcessor

running Unity.Jobs.CodeGen.JobsILPostProcessor

running zzzUnity.Burst.CodeGen.BurstILPostProcessor
[1333/1644  9s] ILPostProcess Library/Bee/artifacts/1900b0aEDbg.dag/post-processed/Tayx.Graphy.dll (+pdb)
Processing assembly Library/Bee/artifacts/1900b0aEDbg.dag/Tayx.Graphy.dll, with 163 defines and 301 references

processors: Unity.Jobs.CodeGen.JobsILPostProcessor, zzzUnity.Burst.CodeGen.BurstILPostProcessor

running Unity.Jobs.CodeGen.JobsILPostProcessor

running zzzUnity.Burst.CodeGen.BurstILPostProcessor
[1334/1644  9s] ILPostProcess Library/Bee/artifacts/1900b0aEDbg.dag/post-processed/Unity.Profiling.Core.dll (+pdb)
Processing assembly Library/Bee/artifacts/1900b0aEDbg.dag/Unity.Profiling.Core.dll, with 161 defines and 300 references

processors: Unity.Jobs.CodeGen.JobsILPostProcessor, zzzUnity.Burst.CodeGen.BurstILPostProcessor

running Unity.Jobs.CodeGen.JobsILPostProcessor

running zzzUnity.Burst.CodeGen.BurstILPostProcessor
[1335/1644  9s] ILPostProcess Library/Bee/artifacts/1900b0aEDbg.dag/post-processed/BakeryRuntimeAssembly.dll (+pdb)
Processing assembly Library/Bee/artifacts/1900b0aEDbg.dag/BakeryRuntimeAssembly.dll, with 161 defines and 300 references

processors: Unity.Jobs.CodeGen.JobsILPostProcessor, zzzUnity.Burst.CodeGen.BurstILPostProcessor

running Unity.Jobs.CodeGen.JobsILPostProcessor

running zzzUnity.Burst.CodeGen.BurstILPostProcessor
[1336/1644  9s] ILPostProcess Library/Bee/artifacts/1900b0aEDbg.dag/post-processed/AmplifyImpostors.Runtime.dll (+pdb)
Processing assembly Library/Bee/artifacts/1900b0aEDbg.dag/AmplifyImpostors.Runtime.dll, with 161 defines and 300 references

processors: Unity.Jobs.CodeGen.JobsILPostProcessor, zzzUnity.Burst.CodeGen.BurstILPostProcessor

running Unity.Jobs.CodeGen.JobsILPostProcessor

running zzzUnity.Burst.CodeGen.BurstILPostProcessor
[1337/1644  3s] ILPostProcess Library/Bee/artifacts/1900b0aEDbg.dag/post-processed/Assembly-CSharp.dll (+pdb)
Processing assembly Library/Bee/artifacts/1900b0aEDbg.dag/Assembly-CSharp.dll, with 161 defines and 409 references

processors: Unity.Jobs.CodeGen.JobsILPostProcessor, zzzUnity.Burst.CodeGen.BurstILPostProcessor

running Unity.Jobs.CodeGen.JobsILPostProcessor

running zzzUnity.Burst.CodeGen.BurstILPostProcessor
[1338/1644  7s] Csc Library/Bee/artifacts/1900b0aEDbg.dag/Assembly-CSharp-Editor-firstpass.dll (+2 others)
[1339/1644  0s] ILPostProcess Library/Bee/artifacts/1900b0aEDbg.dag/post-processed/Unity.MemoryProfiler.dll (+pdb)
Processing assembly Library/Bee/artifacts/1900b0aEDbg.dag/Unity.MemoryProfiler.dll, with 162 defines and 300 references

processors: Unity.Jobs.CodeGen.JobsILPostProcessor, zzzUnity.Burst.CodeGen.BurstILPostProcessor

running Unity.Jobs.CodeGen.JobsILPostProcessor

running zzzUnity.Burst.CodeGen.BurstILPostProcessor
[1340/1644  0s] ILPostProcess Library/Bee/artifacts/1900b0aEDbg.dag/post-processed/Unity.RenderPipelines.Universal.Shaders.dll (+pdb)
Processing assembly Library/Bee/artifacts/1900b0aEDbg.dag/Unity.RenderPipelines.Universal.Shaders.dll, with 161 defines and 300 references

processors: Unity.Jobs.CodeGen.JobsILPostProcessor, zzzUnity.Burst.CodeGen.BurstILPostProcessor

running Unity.Jobs.CodeGen.JobsILPostProcessor

running zzzUnity.Burst.CodeGen.BurstILPostProcessor
[1341/1644  0s] ILPostProcess Library/Bee/artifacts/1900b0aEDbg.dag/post-processed/MoreMountains.Feedbacks.TextMeshPro.dll (+pdb)
Processing assembly Library/Bee/artifacts/1900b0aEDbg.dag/MoreMountains.Feedbacks.TextMeshPro.dll, with 161 defines and 304 references

processors: Unity.Jobs.CodeGen.JobsILPostProcessor, zzzUnity.Burst.CodeGen.BurstILPostProcessor

running Unity.Jobs.CodeGen.JobsILPostProcessor

running zzzUnity.Burst.CodeGen.BurstILPostProcessor
[1342/1644  1s] ILPostProcess Library/Bee/artifacts/1900b0aEDbg.dag/post-processed/Unity.UnifiedRayTracing.Runtime.dll (+pdb)
Processing assembly Library/Bee/artifacts/1900b0aEDbg.dag/Unity.UnifiedRayTracing.Runtime.dll, with 162 defines and 303 references

processors: Unity.Jobs.CodeGen.JobsILPostProcessor, zzzUnity.Burst.CodeGen.BurstILPostProcessor

running Unity.Jobs.CodeGen.JobsILPostProcessor

running zzzUnity.Burst.CodeGen.BurstILPostProcessor
[1343/1644  0s] ILPostProcess Library/Bee/artifacts/1900b0aEDbg.dag/post-processed/Unity.InternalAPIEngineBridge.004.dll (+pdb)
Processing assembly Library/Bee/artifacts/1900b0aEDbg.dag/Unity.InternalAPIEngineBridge.004.dll, with 161 defines and 300 references

processors: Unity.Jobs.CodeGen.JobsILPostProcessor, zzzUnity.Burst.CodeGen.BurstILPostProcessor

running Unity.Jobs.CodeGen.JobsILPostProcessor

running zzzUnity.Burst.CodeGen.BurstILPostProcessor
[1344/1644  1s] Csc Library/Bee/artifacts/1900b0aEDbg.dag/Assembly-CSharp-Editor.dll (+2 others)
[1345/1644  2s] ILPostProcess Library/Bee/artifacts/1900b0aEDbg.dag/post-processed/GPUInstancer.dll (+pdb)
Processing assembly Library/Bee/artifacts/1900b0aEDbg.dag/GPUInstancer.dll, with 166 defines and 302 references

processors: Unity.Jobs.CodeGen.JobsILPostProcessor, zzzUnity.Burst.CodeGen.BurstILPostProcessor

running Unity.Jobs.CodeGen.JobsILPostProcessor

running zzzUnity.Burst.CodeGen.BurstILPostProcessor
[BUSY       6s] ILPostProcess Library/Bee/artifacts/1900b0aEDbg.dag/post-processed/Unity.SurfaceCache.Runtime.dll (+pdb)
[BUSY      11s] ILPostProcess Library/Bee/artifacts/1900b0aEDbg.dag/post-processed/Hecton8.Core.dll (+pdb)
[1346/1644 15s] ILPostProcess Library/Bee/artifacts/1900b0aEDbg.dag/post-processed/MoreMountains.Feedbacks.NiceVibrations.dll (+pdb)
Processing assembly Library/Bee/artifacts/1900b0aEDbg.dag/MoreMountains.Feedbacks.NiceVibrations.dll, with 161 defines and 302 references

processors: Unity.Jobs.CodeGen.JobsILPostProcessor, zzzUnity.Burst.CodeGen.BurstILPostProcessor

running Unity.Jobs.CodeGen.JobsILPostProcessor

running zzzUnity.Burst.CodeGen.BurstILPostProcessor
[1347/1644 14s] ILPostProcess Library/Bee/artifacts/1900b0aEDbg.dag/post-processed/Unity.ProBuilder.Csg.dll (+pdb)
Processing assembly Library/Bee/artifacts/1900b0aEDbg.dag/Unity.ProBuilder.Csg.dll, with 161 defines and 300 references

processors: Unity.Jobs.CodeGen.JobsILPostProcessor, zzzUnity.Burst.CodeGen.BurstILPostProcessor

running Unity.Jobs.CodeGen.JobsILPostProcessor

running zzzUnity.Burst.CodeGen.BurstILPostProcessor
[1348/1644 15s] ILPostProcess Library/Bee/artifacts/1900b0aEDbg.dag/post-processed/Unity.Timeline.dll (+pdb)
Processing assembly Library/Bee/artifacts/1900b0aEDbg.dag/Unity.Timeline.dll, with 162 defines and 300 references

processors: Unity.Jobs.CodeGen.JobsILPostProcessor, zzzUnity.Burst.CodeGen.BurstILPostProcessor

running Unity.Jobs.CodeGen.JobsILPostProcessor

running zzzUnity.Burst.CodeGen.BurstILPostProcessor
[1349/1644 14s] ILPostProcess Library/Bee/artifacts/1900b0aEDbg.dag/post-processed/Unity.ProBuilder.Poly2Tri.dll (+pdb)
Processing assembly Library/Bee/artifacts/1900b0aEDbg.dag/Unity.ProBuilder.Poly2Tri.dll, with 161 defines and 300 references

processors: Unity.Jobs.CodeGen.JobsILPostProcessor, zzzUnity.Burst.CodeGen.BurstILPostProcessor

running Unity.Jobs.CodeGen.JobsILPostProcessor

running zzzUnity.Burst.CodeGen.BurstILPostProcessor
[1350/1644 15s] ILPostProcess Library/Bee/artifacts/1900b0aEDbg.dag/post-processed/Unity.SurfaceCache.Runtime.dll (+pdb)
Processing assembly Library/Bee/artifacts/1900b0aEDbg.dag/Unity.SurfaceCache.Runtime.dll, with 161 defines and 304 references

processors: Unity.Jobs.CodeGen.JobsILPostProcessor, zzzUnity.Burst.CodeGen.BurstILPostProcessor

running Unity.Jobs.CodeGen.JobsILPostProcessor

running zzzUnity.Burst.CodeGen.BurstILPostProcessor
[1351/1644  0s] ILPostProcess Library/Bee/artifacts/1900b0aEDbg.dag/post-processed/Unity.VisualScripting.Core.dll (+pdb)
Processing assembly Library/Bee/artifacts/1900b0aEDbg.dag/Unity.VisualScripting.Core.dll, with 166 defines and 301 references

processors: Unity.Jobs.CodeGen.JobsILPostProcessor, zzzUnity.Burst.CodeGen.BurstILPostProcessor

running Unity.Jobs.CodeGen.JobsILPostProcessor

running zzzUnity.Burst.CodeGen.BurstILPostProcessor
[1352/1644 16s] ILPostProcess Library/Bee/artifacts/1900b0aEDbg.dag/post-processed/MeshBakerCore.dll (+pdb)
Processing assembly Library/Bee/artifacts/1900b0aEDbg.dag/MeshBakerCore.dll, with 161 defines and 300 references

processors: Unity.Jobs.CodeGen.JobsILPostProcessor, zzzUnity.Burst.CodeGen.BurstILPostProcessor

running Unity.Jobs.CodeGen.JobsILPostProcessor

running zzzUnity.Burst.CodeGen.BurstILPostProcessor
[1353/1644 16s] ILPostProcess Library/Bee/artifacts/1900b0aEDbg.dag/post-processed/Unity.PathTracing.Runtime.dll (+pdb)
Processing assembly Library/Bee/artifacts/1900b0aEDbg.dag/Unity.PathTracing.Runtime.dll, with 162 defines and 304 references

processors: Unity.Jobs.CodeGen.JobsILPostProcessor, zzzUnity.Burst.CodeGen.BurstILPostProcessor

running Unity.Jobs.CodeGen.JobsILPostProcessor

running zzzUnity.Burst.CodeGen.BurstILPostProcessor
[1354/1644 16s] ILPostProcess Library/Bee/artifacts/1900b0aEDbg.dag/post-processed/Hecton8.Core.dll (+pdb)
Processing assembly Library/Bee/artifacts/1900b0aEDbg.dag/Hecton8.Core.dll, with 161 defines and 321 references

processors: Unity.Jobs.CodeGen.JobsILPostProcessor, zzzUnity.Burst.CodeGen.BurstILPostProcessor

running Unity.Jobs.CodeGen.JobsILPostProcessor

running zzzUnity.Burst.CodeGen.BurstILPostProcessor
[1355/1644  0s] ILPostProcess Library/Bee/artifacts/1900b0aEDbg.dag/post-processed/Unity.InputSystem.dll (+pdb)
Processing assembly Library/Bee/artifacts/1900b0aEDbg.dag/Unity.InputSystem.dll, with 173 defines and 300 references

processors: Unity.Jobs.CodeGen.JobsILPostProcessor, zzzUnity.Burst.CodeGen.BurstILPostProcessor

running Unity.Jobs.CodeGen.JobsILPostProcessor

running zzzUnity.Burst.CodeGen.BurstILPostProcessor
[1356/1644  1s] ILPostProcess Library/Bee/artifacts/1900b0aEDbg.dag/post-processed/Assembly-CSharp-firstpass.dll (+pdb)
Processing assembly Library/Bee/artifacts/1900b0aEDbg.dag/Assembly-CSharp-firstpass.dll, with 161 defines and 408 references

processors: Unity.Jobs.CodeGen.JobsILPostProcessor, zzzUnity.Burst.CodeGen.BurstILPostProcessor

running Unity.Jobs.CodeGen.JobsILPostProcessor

running zzzUnity.Burst.CodeGen.BurstILPostProcessor
[1357/1644  0s] ILPostProcess Library/Bee/artifacts/1900b0aEDbg.dag/post-processed/MoreMountains.Feedbacks.PostProcessing.dll (+pdb)
Processing assembly Library/Bee/artifacts/1900b0aEDbg.dag/MoreMountains.Feedbacks.PostProcessing.dll, with 161 defines and 302 references

processors: Unity.Jobs.CodeGen.JobsILPostProcessor, zzzUnity.Burst.CodeGen.BurstILPostProcessor

running Unity.Jobs.CodeGen.JobsILPostProcessor

running zzzUnity.Burst.CodeGen.BurstILPostProcessor
[1358/1644  1s] ILPostProcess Library/Bee/artifacts/1900b0aEDbg.dag/post-processed/Unity.SharpZipLib.Utils.dll (+pdb)
Processing assembly Library/Bee/artifacts/1900b0aEDbg.dag/Unity.SharpZipLib.Utils.dll, with 161 defines and 300 references

processors: Unity.Jobs.CodeGen.JobsILPostProcessor, zzzUnity.Burst.CodeGen.BurstILPostProcessor

running Unity.Jobs.CodeGen.JobsILPostProcessor

running zzzUnity.Burst.CodeGen.BurstILPostProcessor
[1359/1644  0s] ILPostProcess Library/Bee/artifacts/1900b0aEDbg.dag/post-processed/MapMagic.MicroSplat.dll (+pdb)
Processing assembly Library/Bee/artifacts/1900b0aEDbg.dag/MapMagic.MicroSplat.dll, with 161 defines and 290 references

processors: Unity.Jobs.CodeGen.JobsILPostProcessor, zzzUnity.Burst.CodeGen.BurstILPostProcessor

running Unity.Jobs.CodeGen.JobsILPostProcessor

running zzzUnity.Burst.CodeGen.BurstILPostProcessor
[1360/1644  0s] ILPostProcess Library/Bee/artifacts/1900b0aEDbg.dag/post-processed/MoreMountains.Feedbacks.dll (+pdb)
Processing assembly Library/Bee/artifacts/1900b0aEDbg.dag/MoreMountains.Feedbacks.dll, with 163 defines and 306 references

processors: Unity.Jobs.CodeGen.JobsILPostProcessor, zzzUnity.Burst.CodeGen.BurstILPostProcessor

running Unity.Jobs.CodeGen.JobsILPostProcessor

running zzzUnity.Burst.CodeGen.BurstILPostProcessor
[1361/1644  0s] ILPostProcess Library/Bee/artifacts/1900b0aEDbg.dag/post-processed/AstarPathfindingProject.dll (+pdb)
Processing assembly Library/Bee/artifacts/1900b0aEDbg.dag/AstarPathfindingProject.dll, with 161 defines and 300 references

processors: Unity.Jobs.CodeGen.JobsILPostProcessor, zzzUnity.Burst.CodeGen.BurstILPostProcessor

running Unity.Jobs.CodeGen.JobsILPostProcessor

running zzzUnity.Burst.CodeGen.BurstILPostProcessor
[1362/1644  0s] ILPostProcess Library/Bee/artifacts/1900b0aEDbg.dag/post-processed/MoreMountains.Feedbacks.MMTools.dll (+pdb)
Processing assembly Library/Bee/artifacts/1900b0aEDbg.dag/MoreMountains.Feedbacks.MMTools.dll, with 162 defines and 303 references

processors: Unity.Jobs.CodeGen.JobsILPostProcessor, zzzUnity.Burst.CodeGen.BurstILPostProcessor

running Unity.Jobs.CodeGen.JobsILPostProcessor

running zzzUnity.Burst.CodeGen.BurstILPostProcessor
[1363/1644  1s] ILPostProcess Library/Bee/artifacts/1900b0aEDbg.dag/post-processed/Den.Tools.dll (+pdb)
Processing assembly Library/Bee/artifacts/1900b0aEDbg.dag/Den.Tools.dll, with 161 defines and 300 references

processors: Unity.Jobs.CodeGen.JobsILPostProcessor, zzzUnity.Burst.CodeGen.BurstILPostProcessor

running Unity.Jobs.CodeGen.JobsILPostProcessor

running zzzUnity.Burst.CodeGen.BurstILPostProcessor
[1364/1644  2s] ILPostProcess Library/Bee/artifacts/1900b0aEDbg.dag/post-processed/Unity.VisualScripting.State.dll (+pdb)
Processing assembly Library/Bee/artifacts/1900b0aEDbg.dag/Unity.VisualScripting.State.dll, with 161 defines and 302 references

processors: Unity.Jobs.CodeGen.JobsILPostProcessor, zzzUnity.Burst.CodeGen.BurstILPostProcessor

running Unity.Jobs.CodeGen.JobsILPostProcessor

running zzzUnity.Burst.CodeGen.BurstILPostProcessor
[1365/1644  2s] ILPostProcess Library/Bee/artifacts/1900b0aEDbg.dag/post-processed/Unity.RenderPipelines.Core.ShaderLibrary.dll (+pdb)
Processing assembly Library/Bee/artifacts/1900b0aEDbg.dag/Unity.RenderPipelines.Core.ShaderLibrary.dll, with 161 defines and 300 references

processors: Unity.Jobs.CodeGen.JobsILPostProcessor, zzzUnity.Burst.CodeGen.BurstILPostProcessor

running Unity.Jobs.CodeGen.JobsILPostProcessor

running zzzUnity.Burst.CodeGen.BurstILPostProcessor
[1366/1644  1s] ILPostProcess Library/Bee/artifacts/1900b0aEDbg.dag/post-processed/Unity.VisualScripting.Flow.dll (+pdb)
Processing assembly Library/Bee/artifacts/1900b0aEDbg.dag/Unity.VisualScripting.Flow.dll, with 169 defines and 302 references

processors: Unity.Jobs.CodeGen.JobsILPostProcessor, zzzUnity.Burst.CodeGen.BurstILPostProcessor

running Unity.Jobs.CodeGen.JobsILPostProcessor

running zzzUnity.Burst.CodeGen.BurstILPostProcessor
[1367/1644  0s] ILPostProcess Library/Bee/artifacts/1900b0aEDbg.dag/post-processed/VolumetricLightBeam.dll (+pdb)
Processing assembly Library/Bee/artifacts/1900b0aEDbg.dag/VolumetricLightBeam.dll, with 161 defines and 302 references

processors: Unity.Jobs.CodeGen.JobsILPostProcessor, zzzUnity.Burst.CodeGen.BurstILPostProcessor

running Unity.Jobs.CodeGen.JobsILPostProcessor

running zzzUnity.Burst.CodeGen.BurstILPostProcessor
[1368/1644  1s] ILPostProcess Library/Bee/artifacts/1900b0aEDbg.dag/post-processed/Unity.RenderPipelines.Universal.2D.Runtime.dll (+pdb)
Processing assembly Library/Bee/artifacts/1900b0aEDbg.dag/Unity.RenderPipelines.Universal.2D.Runtime.dll, with 164 defines and 305 references

processors: Unity.Jobs.CodeGen.JobsILPostProcessor, zzzUnity.Burst.CodeGen.BurstILPostProcessor

running Unity.Jobs.CodeGen.JobsILPostProcessor

running zzzUnity.Burst.CodeGen.BurstILPostProcessor
[1369/1644  1s] ILPostProcess Library/Bee/artifacts/1900b0aEDbg.dag/post-processed/Unity.RenderPipelines.Core.Runtime.Shared.dll (+pdb)
Processing assembly Library/Bee/artifacts/1900b0aEDbg.dag/Unity.RenderPipelines.Core.Runtime.Shared.dll, with 161 defines and 302 references

processors: Unity.Jobs.CodeGen.JobsILPostProcessor, zzzUnity.Burst.CodeGen.BurstILPostProcessor

running Unity.Jobs.CodeGen.JobsILPostProcessor

running zzzUnity.Burst.CodeGen.BurstILPostProcessor
[1370/1644  1s] ILPostProcess Library/Bee/artifacts/1900b0aEDbg.dag/post-processed/Unity.Mathematics.dll (+pdb)
Processing assembly Library/Bee/artifacts/1900b0aEDbg.dag/Unity.Mathematics.dll, with 161 defines and 300 references

processors: Unity.Jobs.CodeGen.JobsILPostProcessor, zzzUnity.Burst.CodeGen.BurstILPostProcessor

running Unity.Jobs.CodeGen.JobsILPostProcessor

running zzzUnity.Burst.CodeGen.BurstILPostProcessor
[1371/1644  1s] ILPostProcess Library/Bee/artifacts/1900b0aEDbg.dag/post-processed/Crest.dll (+pdb)
Processing assembly Library/Bee/artifacts/1900b0aEDbg.dag/Crest.dll, with 167 defines and 305 references

processors: Unity.Jobs.CodeGen.JobsILPostProcessor, zzzUnity.Burst.CodeGen.BurstILPostProcessor

running Unity.Jobs.CodeGen.JobsILPostProcessor

running zzzUnity.Burst.CodeGen.BurstILPostProcessor
[1372/1644  1s] ILPostProcess Library/Bee/artifacts/1900b0aEDbg.dag/post-processed/ShapesRuntime.dll (+pdb)
Processing assembly Library/Bee/artifacts/1900b0aEDbg.dag/ShapesRuntime.dll, with 161 defines and 303 references

processors: Unity.Jobs.CodeGen.JobsILPostProcessor, zzzUnity.Burst.CodeGen.BurstILPostProcessor

running Unity.Jobs.CodeGen.JobsILPostProcessor

running zzzUnity.Burst.CodeGen.BurstILPostProcessor
[1373/1644  1s] ILPostProcess Library/Bee/artifacts/1900b0aEDbg.dag/post-processed/EasySave3.dll (+pdb)
Processing assembly Library/Bee/artifacts/1900b0aEDbg.dag/EasySave3.dll, with 161 defines and 305 references

processors: Unity.Jobs.CodeGen.JobsILPostProcessor, zzzUnity.Burst.CodeGen.BurstILPostProcessor

running Unity.Jobs.CodeGen.JobsILPostProcessor

running zzzUnity.Burst.CodeGen.BurstILPostProcessor
[1374/1644  0s] ILPostProcess Library/Bee/artifacts/1900b0aEDbg.dag/post-processed/Unity.RenderPipelines.ShaderGraph.ShaderGraphLibrary.dll (+pdb)
Processing assembly Library/Bee/artifacts/1900b0aEDbg.dag/Unity.RenderPipelines.ShaderGraph.ShaderGraphLibrary.dll, with 161 defines and 300 references

processors: Unity.Jobs.CodeGen.JobsILPostProcessor, zzzUnity.Burst.CodeGen.BurstILPostProcessor

running Unity.Jobs.CodeGen.JobsILPostProcessor

running zzzUnity.Burst.CodeGen.BurstILPostProcessor
[1375/1644  0s] ILPostProcess Library/Bee/artifacts/1900b0aEDbg.dag/post-processed/MoreMountains.Feedbacks.Authorizations.dll (+pdb)
Processing assembly Library/Bee/artifacts/1900b0aEDbg.dag/MoreMountains.Feedbacks.Authorizations.dll, with 163 defines and 309 references

processors: Unity.Jobs.CodeGen.JobsILPostProcessor, zzzUnity.Burst.CodeGen.BurstILPostProcessor

running Unity.Jobs.CodeGen.JobsILPostProcessor

running zzzUnity.Burst.CodeGen.BurstILPostProcessor
[1376/1644  0s] ILPostProcess Library/Bee/artifacts/1900b0aEDbg.dag/post-processed/Lofelt.NiceVibrations.Demo.dll (+pdb)
Processing assembly Library/Bee/artifacts/1900b0aEDbg.dag/Lofelt.NiceVibrations.Demo.dll, with 161 defines and 301 references

processors: Unity.Jobs.CodeGen.JobsILPostProcessor, zzzUnity.Burst.CodeGen.BurstILPostProcessor

running Unity.Jobs.CodeGen.JobsILPostProcessor

running zzzUnity.Burst.CodeGen.BurstILPostProcessor
[1377/1644  1s] ILPostProcess Library/Bee/artifacts/1900b0aEDbg.dag/post-processed/Unity.ProBuilder.dll (+pdb)
Processing assembly Library/Bee/artifacts/1900b0aEDbg.dag/Unity.ProBuilder.dll, with 162 defines and 302 references

processors: Unity.Jobs.CodeGen.JobsILPostProcessor, zzzUnity.Burst.CodeGen.BurstILPostProcessor

running Unity.Jobs.CodeGen.JobsILPostProcessor

running zzzUnity.Burst.CodeGen.BurstILPostProcessor
[1378/1644  0s] ILPostProcess Library/Bee/artifacts/1900b0aEDbg.dag/post-processed/Unity.MemoryProfiler.Editor.MemoryProfilerModule.dll (+pdb)
Processing assembly Library/Bee/artifacts/1900b0aEDbg.dag/Unity.MemoryProfiler.Editor.MemoryProfilerModule.dll, with 161 defines and 309 references

processors: Unity.Jobs.CodeGen.JobsILPostProcessor, zzzUnity.Burst.CodeGen.BurstILPostProcessor

running Unity.Jobs.CodeGen.JobsILPostProcessor

running zzzUnity.Burst.CodeGen.BurstILPostProcessor
[1379/1644  0s] ILPostProcess Library/Bee/artifacts/1900b0aEDbg.dag/post-processed/Unity.Rendering.LightTransport.Editor.dll (+pdb)
Processing assembly Library/Bee/artifacts/1900b0aEDbg.dag/Unity.Rendering.LightTransport.Editor.dll, with 159 defines and 308 references

processors: Unity.Jobs.CodeGen.JobsILPostProcessor, zzzUnity.Burst.CodeGen.BurstILPostProcessor

running Unity.Jobs.CodeGen.JobsILPostProcessor

running zzzUnity.Burst.CodeGen.BurstILPostProcessor
[1380/1644  0s] ILPostProcess Library/Bee/artifacts/1900b0aEDbg.dag/post-processed/GPUInstancer.Editor.dll (+pdb)
Processing assembly Library/Bee/artifacts/1900b0aEDbg.dag/GPUInstancer.Editor.dll, with 161 defines and 311 references

processors: Unity.Jobs.CodeGen.JobsILPostProcessor, zzzUnity.Burst.CodeGen.BurstILPostProcessor

running Unity.Jobs.CodeGen.JobsILPostProcessor

running zzzUnity.Burst.CodeGen.BurstILPostProcessor
[1381/1644  0s] ILPostProcess Library/Bee/artifacts/1900b0aEDbg.dag/post-processed/Unity.TextMeshPro.dll (+pdb)
Processing assembly Library/Bee/artifacts/1900b0aEDbg.dag/Unity.TextMeshPro.dll, with 162 defines and 301 references

processors: Unity.Jobs.CodeGen.JobsILPostProcessor, zzzUnity.Burst.CodeGen.BurstILPostProcessor

running Unity.Jobs.CodeGen.JobsILPostProcessor

running zzzUnity.Burst.CodeGen.BurstILPostProcessor
[1382/1644  0s] ILPostProcess Library/Bee/artifacts/1900b0aEDbg.dag/post-processed/PackageToolsEditor.dll (+pdb)
Processing assembly Library/Bee/artifacts/1900b0aEDbg.dag/PackageToolsEditor.dll, with 159 defines and 309 references

processors: Unity.Jobs.CodeGen.JobsILPostProcessor, zzzUnity.Burst.CodeGen.BurstILPostProcessor

running Unity.Jobs.CodeGen.JobsILPostProcessor

running zzzUnity.Burst.CodeGen.BurstILPostProcessor
[1383/1644  0s] ILPostProcess Library/Bee/artifacts/1900b0aEDbg.dag/post-processed/MeshBakerEditor.dll (+pdb)
Processing assembly Library/Bee/artifacts/1900b0aEDbg.dag/MeshBakerEditor.dll, with 159 defines and 309 references

processors: Unity.Jobs.CodeGen.JobsILPostProcessor, zzzUnity.Burst.CodeGen.BurstILPostProcessor

running Unity.Jobs.CodeGen.JobsILPostProcessor

running zzzUnity.Burst.CodeGen.BurstILPostProcessor
[1384/1644  0s] ILPostProcess Library/Bee/artifacts/1900b0aEDbg.dag/post-processed/Unity.Searcher.Editor.dll (+pdb)
Processing assembly Library/Bee/artifacts/1900b0aEDbg.dag/Unity.Searcher.Editor.dll, with 159 defines and 308 references

processors: Unity.Jobs.CodeGen.JobsILPostProcessor, zzzUnity.Burst.CodeGen.BurstILPostProcessor

running Unity.Jobs.CodeGen.JobsILPostProcessor

running zzzUnity.Burst.CodeGen.BurstILPostProcessor
[1385/1644  1s] ILPostProcess Library/Bee/artifacts/1900b0aEDbg.dag/post-processed/Unity.SharpZipLib.Editor.dll (+pdb)
Processing assembly Library/Bee/artifacts/1900b0aEDbg.dag/Unity.SharpZipLib.Editor.dll, with 159 defines and 308 references

processors: Unity.Jobs.CodeGen.JobsILPostProcessor, zzzUnity.Burst.CodeGen.BurstILPostProcessor

running Unity.Jobs.CodeGen.JobsILPostProcessor

running zzzUnity.Burst.CodeGen.BurstILPostProcessor
[1386/1644  0s] ILPostProcess Library/Bee/artifacts/1900b0aEDbg.dag/post-processed/Unity.VisualScripting.Flow.Editor.dll (+pdb)
Processing assembly Library/Bee/artifacts/1900b0aEDbg.dag/Unity.VisualScripting.Flow.Editor.dll, with 161 defines and 312 references

processors: Unity.Jobs.CodeGen.JobsILPostProcessor, zzzUnity.Burst.CodeGen.BurstILPostProcessor

running Unity.Jobs.CodeGen.JobsILPostProcessor

running zzzUnity.Burst.CodeGen.BurstILPostProcessor
[1387/1644  0s] ILPostProcess Library/Bee/artifacts/1900b0aEDbg.dag/post-processed/MCPForUnity.Editor.dll (+pdb)
Processing assembly Library/Bee/artifacts/1900b0aEDbg.dag/MCPForUnity.Editor.dll, with 159 defines and 309 references

processors: Unity.Jobs.CodeGen.JobsILPostProcessor, zzzUnity.Burst.CodeGen.BurstILPostProcessor

running Unity.Jobs.CodeGen.JobsILPostProcessor

running zzzUnity.Burst.CodeGen.BurstILPostProcessor
[1388/1644  0s] ILPostProcess Library/Bee/artifacts/1900b0aEDbg.dag/post-processed/Unity.ProBuilder.AddOns.Editor.dll (+pdb)
Processing assembly Library/Bee/artifacts/1900b0aEDbg.dag/Unity.ProBuilder.AddOns.Editor.dll, with 159 defines and 310 references

processors: Unity.Jobs.CodeGen.JobsILPostProcessor, zzzUnity.Burst.CodeGen.BurstILPostProcessor

running Unity.Jobs.CodeGen.JobsILPostProcessor

running zzzUnity.Burst.CodeGen.BurstILPostProcessor
[1389/1644  1s] ILPostProcess Library/Bee/artifacts/1900b0aEDbg.dag/post-processed/Lofelt.NiceVibrations.Editor.dll (+pdb)
Processing assembly Library/Bee/artifacts/1900b0aEDbg.dag/Lofelt.NiceVibrations.Editor.dll, with 159 defines and 309 references

processors: Unity.Jobs.CodeGen.JobsILPostProcessor, zzzUnity.Burst.CodeGen.BurstILPostProcessor

running Unity.Jobs.CodeGen.JobsILPostProcessor

running zzzUnity.Burst.CodeGen.BurstILPostProcessor
[1390/1644  1s] ILPostProcess Library/Bee/artifacts/1900b0aEDbg.dag/post-processed/MoreMountains.Feedbacks.Editor.dll (+pdb)
Processing assembly Library/Bee/artifacts/1900b0aEDbg.dag/MoreMountains.Feedbacks.Editor.dll, with 159 defines and 309 references

processors: Unity.Jobs.CodeGen.JobsILPostProcessor, zzzUnity.Burst.CodeGen.BurstILPostProcessor

running Unity.Jobs.CodeGen.JobsILPostProcessor

running zzzUnity.Burst.CodeGen.BurstILPostProcessor
[1391/1644  1s] ILPostProcess Library/Bee/artifacts/1900b0aEDbg.dag/post-processed/Unity.Timeline.Editor.dll (+pdb)
Processing assembly Library/Bee/artifacts/1900b0aEDbg.dag/Unity.Timeline.Editor.dll, with 160 defines and 309 references

processors: Unity.Jobs.CodeGen.JobsILPostProcessor, zzzUnity.Burst.CodeGen.BurstILPostProcessor

running Unity.Jobs.CodeGen.JobsILPostProcessor

running zzzUnity.Burst.CodeGen.BurstILPostProcessor
[1392/1644  2s] ILPostProcess Library/Bee/artifacts/1900b0aEDbg.dag/post-processed/Technie.PhysicsCreator.Updater.dll (+pdb)
Processing assembly Library/Bee/artifacts/1900b0aEDbg.dag/Technie.PhysicsCreator.Updater.dll, with 159 defines and 308 references

processors: Unity.Jobs.CodeGen.JobsILPostProcessor, zzzUnity.Burst.CodeGen.BurstILPostProcessor

running Unity.Jobs.CodeGen.JobsILPostProcessor

running zzzUnity.Burst.CodeGen.BurstILPostProcessor
[1393/1644  1s] ILPostProcess Library/Bee/artifacts/1900b0aEDbg.dag/post-processed/Unity.AI.Navigation.Editor.dll (+pdb)
Processing assembly Library/Bee/artifacts/1900b0aEDbg.dag/Unity.AI.Navigation.Editor.dll, with 160 defines and 310 references

processors: Unity.Jobs.CodeGen.JobsILPostProcessor, zzzUnity.Burst.CodeGen.BurstILPostProcessor

running Unity.Jobs.CodeGen.JobsILPostProcessor

running zzzUnity.Burst.CodeGen.BurstILPostProcessor
[1394/1644  2s] ILPostProcess Library/Bee/artifacts/1900b0aEDbg.dag/post-processed/AmplifyImpostors.Editor.dll (+pdb)
Processing assembly Library/Bee/artifacts/1900b0aEDbg.dag/AmplifyImpostors.Editor.dll, with 159 defines and 309 references

processors: Unity.Jobs.CodeGen.JobsILPostProcessor, zzzUnity.Burst.CodeGen.BurstILPostProcessor

running Unity.Jobs.CodeGen.JobsILPostProcessor

running zzzUnity.Burst.CodeGen.BurstILPostProcessor
[1395/1644  2s] ILPostProcess Library/Bee/artifacts/1900b0aEDbg.dag/post-processed/Unity.RenderPipelines.Core.Editor.Shared.dll (+pdb)
Processing assembly Library/Bee/artifacts/1900b0aEDbg.dag/Unity.RenderPipelines.Core.Editor.Shared.dll, with 159 defines and 309 references

processors: Unity.Jobs.CodeGen.JobsILPostProcessor, zzzUnity.Burst.CodeGen.BurstILPostProcessor

running Unity.Jobs.CodeGen.JobsILPostProcessor

running zzzUnity.Burst.CodeGen.BurstILPostProcessor
[1396/1644  2s] ILPostProcess Library/Bee/artifacts/1900b0aEDbg.dag/post-processed/Unity.Settings.Editor.dll (+pdb)
Processing assembly Library/Bee/artifacts/1900b0aEDbg.dag/Unity.Settings.Editor.dll, with 159 defines and 308 references

processors: Unity.Jobs.CodeGen.JobsILPostProcessor, zzzUnity.Burst.CodeGen.BurstILPostProcessor

running Unity.Jobs.CodeGen.JobsILPostProcessor

running zzzUnity.Burst.CodeGen.BurstILPostProcessor
[1397/1644  2s] ILPostProcess Library/Bee/artifacts/1900b0aEDbg.dag/post-processed/WaveHarmonic.Crest.Editor.Dependents.dll (+pdb)
Processing assembly Library/Bee/artifacts/1900b0aEDbg.dag/WaveHarmonic.Crest.Editor.Dependents.dll, with 159 defines and 308 references

processors: Unity.Jobs.CodeGen.JobsILPostProcessor, zzzUnity.Burst.CodeGen.BurstILPostProcessor

running Unity.Jobs.CodeGen.JobsILPostProcessor

running zzzUnity.Burst.CodeGen.BurstILPostProcessor
[1398/1644  3s] ILPostProcess Library/Bee/artifacts/1900b0aEDbg.dag/post-processed/AstarPathfindingProjectEditor.dll (+pdb)
Processing assembly Library/Bee/artifacts/1900b0aEDbg.dag/AstarPathfindingProjectEditor.dll, with 159 defines and 310 references

processors: Unity.Jobs.CodeGen.JobsILPostProcessor, zzzUnity.Burst.CodeGen.BurstILPostProcessor

running Unity.Jobs.CodeGen.JobsILPostProcessor

running zzzUnity.Burst.CodeGen.BurstILPostProcessor
[1399/1644  1s] ILPostProcess Library/Bee/artifacts/1900b0aEDbg.dag/post-processed/Unity.VisualScripting.State.Editor.dll (+pdb)
Processing assembly Library/Bee/artifacts/1900b0aEDbg.dag/Unity.VisualScripting.State.Editor.dll, with 159 defines and 313 references

processors: Unity.Jobs.CodeGen.JobsILPostProcessor, zzzUnity.Burst.CodeGen.BurstILPostProcessor

running Unity.Jobs.CodeGen.JobsILPostProcessor

running zzzUnity.Burst.CodeGen.BurstILPostProcessor
[1400/1644  1s] ILPostProcess Library/Bee/artifacts/1900b0aEDbg.dag/post-processed/Den.Tools.Editor.dll (+pdb)
Processing assembly Library/Bee/artifacts/1900b0aEDbg.dag/Den.Tools.Editor.dll, with 159 defines and 309 references

processors: Unity.Jobs.CodeGen.JobsILPostProcessor, zzzUnity.Burst.CodeGen.BurstILPostProcessor

running Unity.Jobs.CodeGen.JobsILPostProcessor

running zzzUnity.Burst.CodeGen.BurstILPostProcessor
[1401/1644  1s] ILPostProcess Library/Bee/artifacts/1900b0aEDbg.dag/post-processed/Unity.EditorCoroutines.Editor.dll (+pdb)
Processing assembly Library/Bee/artifacts/1900b0aEDbg.dag/Unity.EditorCoroutines.Editor.dll, with 159 defines and 308 references

processors: Unity.Jobs.CodeGen.JobsILPostProcessor, zzzUnity.Burst.CodeGen.BurstILPostProcessor

running Unity.Jobs.CodeGen.JobsILPostProcessor

running zzzUnity.Burst.CodeGen.BurstILPostProcessor
[1402/1644  1s] ILPostProcess Library/Bee/artifacts/1900b0aEDbg.dag/post-processed/Unity.Mathematics.Editor.dll (+pdb)
Processing assembly Library/Bee/artifacts/1900b0aEDbg.dag/Unity.Mathematics.Editor.dll, with 159 defines and 309 references

processors: Unity.Jobs.CodeGen.JobsILPostProcessor, zzzUnity.Burst.CodeGen.BurstILPostProcessor

running Unity.Jobs.CodeGen.JobsILPostProcessor

running zzzUnity.Burst.CodeGen.BurstILPostProcessor
[1403/1644  1s] ILPostProcess Library/Bee/artifacts/1900b0aEDbg.dag/post-processed/Unity.Collections.Editor.dll (+pdb)
Processing assembly Library/Bee/artifacts/1900b0aEDbg.dag/Unity.Collections.Editor.dll, with 160 defines and 309 references

processors: Unity.Jobs.CodeGen.JobsILPostProcessor, zzzUnity.Burst.CodeGen.BurstILPostProcessor

running Unity.Jobs.CodeGen.JobsILPostProcessor

running zzzUnity.Burst.CodeGen.BurstILPostProcessor
[1404/1644  3s] ILPostProcess Library/Bee/artifacts/1900b0aEDbg.dag/post-processed/Unity.2D.Sprite.Editor.dll (+pdb)
Processing assembly Library/Bee/artifacts/1900b0aEDbg.dag/Unity.2D.Sprite.Editor.dll, with 159 defines and 308 references

processors: Unity.Jobs.CodeGen.JobsILPostProcessor, zzzUnity.Burst.CodeGen.BurstILPostProcessor

running Unity.Jobs.CodeGen.JobsILPostProcessor

running zzzUnity.Burst.CodeGen.BurstILPostProcessor
[1405/1644  3s] ILPostProcess Library/Bee/artifacts/1900b0aEDbg.dag/post-processed/Unity.Burst.Editor.dll (+pdb)
Processing assembly Library/Bee/artifacts/1900b0aEDbg.dag/Unity.Burst.Editor.dll, with 159 defines and 309 references

processors: Unity.Jobs.CodeGen.JobsILPostProcessor, zzzUnity.Burst.CodeGen.BurstILPostProcessor

running Unity.Jobs.CodeGen.JobsILPostProcessor

running zzzUnity.Burst.CodeGen.BurstILPostProcessor
[1406/1644  1s] ILPostProcess Library/Bee/artifacts/1900b0aEDbg.dag/post-processed/Unity.TextMeshPro.Editor.dll (+pdb)
Processing assembly Library/Bee/artifacts/1900b0aEDbg.dag/Unity.TextMeshPro.Editor.dll, with 159 defines and 310 references

processors: Unity.Jobs.CodeGen.JobsILPostProcessor, zzzUnity.Burst.CodeGen.BurstILPostProcessor

running Unity.Jobs.CodeGen.JobsILPostProcessor

running zzzUnity.Burst.CodeGen.BurstILPostProcessor
[1407/1644  1s] ILPostProcess Library/Bee/artifacts/1900b0aEDbg.dag/post-processed/Unity.VisualScripting.Core.Editor.dll (+pdb)
Processing assembly Library/Bee/artifacts/1900b0aEDbg.dag/Unity.VisualScripting.Core.Editor.dll, with 159 defines and 309 references

processors: Unity.Jobs.CodeGen.JobsILPostProcessor, zzzUnity.Burst.CodeGen.BurstILPostProcessor

running Unity.Jobs.CodeGen.JobsILPostProcessor

running zzzUnity.Burst.CodeGen.BurstILPostProcessor
[1408/1644  1s] ILPostProcess Library/Bee/artifacts/1900b0aEDbg.dag/post-processed/Unity.VisualScripting.SettingsProvider.Editor.dll (+pdb)
Processing assembly Library/Bee/artifacts/1900b0aEDbg.dag/Unity.VisualScripting.SettingsProvider.Editor.dll, with 159 defines and 313 references

processors: Unity.Jobs.CodeGen.JobsILPostProcessor, zzzUnity.Burst.CodeGen.BurstILPostProcessor

running Unity.Jobs.CodeGen.JobsILPostProcessor

running zzzUnity.Burst.CodeGen.BurstILPostProcessor
[1409/1644 12s] ILPostProcess Library/Bee/artifacts/1900b0aEDbg.dag/post-processed/Unity.Collections.dll (+pdb)
Processing assembly Library/Bee/artifacts/1900b0aEDbg.dag/Unity.Collections.dll, with 163 defines and 302 references

processors: Unity.Jobs.CodeGen.JobsILPostProcessor, zzzUnity.Burst.CodeGen.BurstILPostProcessor

running Unity.Jobs.CodeGen.JobsILPostProcessor

running zzzUnity.Burst.CodeGen.BurstILPostProcessor
[1410/1644  0s] ILPostProcess Library/Bee/artifacts/1900b0aEDbg.dag/post-processed/MapMagic.MicroSplat.Editor.dll (+pdb)
Processing assembly Library/Bee/artifacts/1900b0aEDbg.dag/MapMagic.MicroSplat.Editor.dll, with 159 defines and 315 references

processors: Unity.Jobs.CodeGen.JobsILPostProcessor, zzzUnity.Burst.CodeGen.BurstILPostProcessor

running Unity.Jobs.CodeGen.JobsILPostProcessor

running zzzUnity.Burst.CodeGen.BurstILPostProcessor
[1411/1644  0s] ILPostProcess Library/Bee/artifacts/1900b0aEDbg.dag/post-processed/WaveHarmonic.Crest.Shared.Editor.dll (+pdb)
Processing assembly Library/Bee/artifacts/1900b0aEDbg.dag/WaveHarmonic.Crest.Shared.Editor.dll, with 159 defines and 312 references

processors: Unity.Jobs.CodeGen.JobsILPostProcessor, zzzUnity.Burst.CodeGen.BurstILPostProcessor

running Unity.Jobs.CodeGen.JobsILPostProcessor

running zzzUnity.Burst.CodeGen.BurstILPostProcessor
[1412/1644  1s] ILPostProcess Library/Bee/artifacts/1900b0aEDbg.dag/post-processed/MapMagic.Editor.dll (+pdb)
Processing assembly Library/Bee/artifacts/1900b0aEDbg.dag/MapMagic.Editor.dll, with 159 defines and 311 references

processors: Unity.Jobs.CodeGen.JobsILPostProcessor, zzzUnity.Burst.CodeGen.BurstILPostProcessor

running Unity.Jobs.CodeGen.JobsILPostProcessor

running zzzUnity.Burst.CodeGen.BurstILPostProcessor
[1413/1644  1s] ILPostProcess Library/Bee/artifacts/1900b0aEDbg.dag/post-processed/MoreMountains.Tools.Editor.dll (+pdb)
Processing assembly Library/Bee/artifacts/1900b0aEDbg.dag/MoreMountains.Tools.Editor.dll, with 159 defines and 309 references

processors: Unity.Jobs.CodeGen.JobsILPostProcessor, zzzUnity.Burst.CodeGen.BurstILPostProcessor

running Unity.Jobs.CodeGen.JobsILPostProcessor

running zzzUnity.Burst.CodeGen.BurstILPostProcessor
[1414/1644  1s] ILPostProcess Library/Bee/artifacts/1900b0aEDbg.dag/post-processed/Unity.ShaderGraph.Utilities.dll (+pdb)
Processing assembly Library/Bee/artifacts/1900b0aEDbg.dag/Unity.ShaderGraph.Utilities.dll, with 159 defines and 308 references

processors: Unity.Jobs.CodeGen.JobsILPostProcessor, zzzUnity.Burst.CodeGen.BurstILPostProcessor

running Unity.Jobs.CodeGen.JobsILPostProcessor

running zzzUnity.Burst.CodeGen.BurstILPostProcessor
[1415/1644  1s] ILPostProcess Library/Bee/artifacts/1900b0aEDbg.dag/post-processed/Sirenix.OdinInspector.Modules.UnityMathematics.dll (+pdb)
Processing assembly Library/Bee/artifacts/1900b0aEDbg.dag/Sirenix.OdinInspector.Modules.UnityMathematics.dll, with 159 defines and 309 references

processors: Unity.Jobs.CodeGen.JobsILPostProcessor, zzzUnity.Burst.CodeGen.BurstILPostProcessor

running Unity.Jobs.CodeGen.JobsILPostProcessor

running zzzUnity.Burst.CodeGen.BurstILPostProcessor
[1416/1644  1s] ILPostProcess Library/Bee/artifacts/1900b0aEDbg.dag/post-processed/BakeryEditorAssembly.dll (+pdb)
Processing assembly Library/Bee/artifacts/1900b0aEDbg.dag/BakeryEditorAssembly.dll, with 159 defines and 309 references

processors: Unity.Jobs.CodeGen.JobsILPostProcessor, zzzUnity.Burst.CodeGen.BurstILPostProcessor

running Unity.Jobs.CodeGen.JobsILPostProcessor

running zzzUnity.Burst.CodeGen.BurstILPostProcessor
[1417/1644  1s] ILPostProcess Library/Bee/artifacts/1900b0aEDbg.dag/post-processed/JBooth.MicroSplat.Core.Editor.dll (+pdb)
Processing assembly Library/Bee/artifacts/1900b0aEDbg.dag/JBooth.MicroSplat.Core.Editor.dll, with 161 defines and 270 references

processors: Unity.Jobs.CodeGen.JobsILPostProcessor, zzzUnity.Burst.CodeGen.BurstILPostProcessor

running Unity.Jobs.CodeGen.JobsILPostProcessor

running zzzUnity.Burst.CodeGen.BurstILPostProcessor
[1418/1644  1s] ILPostProcess Library/Bee/artifacts/1900b0aEDbg.dag/post-processed/Unity.RenderPipelines.Core.Editor.dll (+pdb)
Processing assembly Library/Bee/artifacts/1900b0aEDbg.dag/Unity.RenderPipelines.Core.Editor.dll, with 161 defines and 316 references

processors: Unity.Jobs.CodeGen.JobsILPostProcessor, zzzUnity.Burst.CodeGen.BurstILPostProcessor

running Unity.Jobs.CodeGen.JobsILPostProcessor

running zzzUnity.Burst.CodeGen.BurstILPostProcessor
[1419/1644  1s] ILPostProcess Library/Bee/artifacts/1900b0aEDbg.dag/post-processed/UnityEditor.UI.dll (+pdb)
Processing assembly Library/Bee/artifacts/1900b0aEDbg.dag/UnityEditor.UI.dll, with 162 defines and 307 references

processors: Unity.Jobs.CodeGen.JobsILPostProcessor, zzzUnity.Burst.CodeGen.BurstILPostProcessor

running Unity.Jobs.CodeGen.JobsILPostProcessor

running zzzUnity.Burst.CodeGen.BurstILPostProcessor
[1420/1644  0s] ILPostProcess Library/Bee/artifacts/1900b0aEDbg.dag/post-processed/Crest.Helpers.Editor.dll (+pdb)
Processing assembly Library/Bee/artifacts/1900b0aEDbg.dag/Crest.Helpers.Editor.dll, with 160 defines and 310 references

processors: Unity.Jobs.CodeGen.JobsILPostProcessor, zzzUnity.Burst.CodeGen.BurstILPostProcessor

running Unity.Jobs.CodeGen.JobsILPostProcessor

running zzzUnity.Burst.CodeGen.BurstILPostProcessor
[1421/1644  0s] ILPostProcess Library/Bee/artifacts/1900b0aEDbg.dag/post-processed/Unity.CollabProxy.Editor.dll (+pdb)
Processing assembly Library/Bee/artifacts/1900b0aEDbg.dag/Unity.CollabProxy.Editor.dll, with 159 defines and 309 references

processors: Unity.Jobs.CodeGen.JobsILPostProcessor, zzzUnity.Burst.CodeGen.BurstILPostProcessor

running Unity.Jobs.CodeGen.JobsILPostProcessor

running zzzUnity.Burst.CodeGen.BurstILPostProcessor
[1422/1644  0s] ILPostProcess Library/Bee/artifacts/1900b0aEDbg.dag/post-processed/Unity.VisualScripting.Shared.Editor.dll (+pdb)
Processing assembly Library/Bee/artifacts/1900b0aEDbg.dag/Unity.VisualScripting.Shared.Editor.dll, with 159 defines and 314 references

processors: Unity.Jobs.CodeGen.JobsILPostProcessor, zzzUnity.Burst.CodeGen.BurstILPostProcessor

running Unity.Jobs.CodeGen.JobsILPostProcessor

running zzzUnity.Burst.CodeGen.BurstILPostProcessor
[1423/1644  0s] ILPostProcess Library/Bee/artifacts/1900b0aEDbg.dag/post-processed/EasySave3Editor.dll (+pdb)
Processing assembly Library/Bee/artifacts/1900b0aEDbg.dag/EasySave3Editor.dll, with 159 defines and 309 references

processors: Unity.Jobs.CodeGen.JobsILPostProcessor, zzzUnity.Burst.CodeGen.BurstILPostProcessor

running Unity.Jobs.CodeGen.JobsILPostProcessor

running zzzUnity.Burst.CodeGen.BurstILPostProcessor
[1424/1644  0s] ILPostProcess Library/Bee/artifacts/1900b0aEDbg.dag/post-processed/Unity.ProBuilder.Editor.dll (+pdb)
Processing assembly Library/Bee/artifacts/1900b0aEDbg.dag/Unity.ProBuilder.Editor.dll, with 159 defines and 313 references

processors: Unity.Jobs.CodeGen.JobsILPostProcessor, zzzUnity.Burst.CodeGen.BurstILPostProcessor

running Unity.Jobs.CodeGen.JobsILPostProcessor

running zzzUnity.Burst.CodeGen.BurstILPostProcessor
[1425/1644  0s] ILPostProcess Library/Bee/artifacts/1900b0aEDbg.dag/post-processed/VolumetricLightBeam.Editor.dll (+pdb)
Processing assembly Library/Bee/artifacts/1900b0aEDbg.dag/VolumetricLightBeam.Editor.dll, with 159 defines and 309 references

processors: Unity.Jobs.CodeGen.JobsILPostProcessor, zzzUnity.Burst.CodeGen.BurstILPostProcessor

running Unity.Jobs.CodeGen.JobsILPostProcessor

running zzzUnity.Burst.CodeGen.BurstILPostProcessor
[1426/1644  0s] ILPostProcess Library/Bee/artifacts/1900b0aEDbg.dag/post-processed/Tayx.Graphy.Editor.dll (+pdb)
Processing assembly Library/Bee/artifacts/1900b0aEDbg.dag/Tayx.Graphy.Editor.dll, with 160 defines and 309 references

processors: Unity.Jobs.CodeGen.JobsILPostProcessor, zzzUnity.Burst.CodeGen.BurstILPostProcessor

running Unity.Jobs.CodeGen.JobsILPostProcessor

running zzzUnity.Burst.CodeGen.BurstILPostProcessor
[1427/1644  0s] ILPostProcess Library/Bee/artifacts/1900b0aEDbg.dag/post-processed/WaveHarmonic.Crest.Editor.dll (+pdb)
Processing assembly Library/Bee/artifacts/1900b0aEDbg.dag/WaveHarmonic.Crest.Editor.dll, with 162 defines and 316 references

processors: Unity.Jobs.CodeGen.JobsILPostProcessor, zzzUnity.Burst.CodeGen.BurstILPostProcessor

running Unity.Jobs.CodeGen.JobsILPostProcessor

running zzzUnity.Burst.CodeGen.BurstILPostProcessor
[1428/1644  1s] ILPostProcess Library/Bee/artifacts/1900b0aEDbg.dag/post-processed/Assembly-CSharp-Editor-firstpass.dll (+pdb)
Processing assembly Library/Bee/artifacts/1900b0aEDbg.dag/Assembly-CSharp-Editor-firstpass.dll, with 159 defines and 430 references

processors: Unity.Jobs.CodeGen.JobsILPostProcessor, zzzUnity.Burst.CodeGen.BurstILPostProcessor

running Unity.Jobs.CodeGen.JobsILPostProcessor

running zzzUnity.Burst.CodeGen.BurstILPostProcessor
[1429/1644  0s] ILPostProcess Library/Bee/artifacts/1900b0aEDbg.dag/post-processed/MapMagic.Settings.dll (+pdb)
Processing assembly Library/Bee/artifacts/1900b0aEDbg.dag/MapMagic.Settings.dll, with 159 defines and 308 references

processors: Unity.Jobs.CodeGen.JobsILPostProcessor, zzzUnity.Burst.CodeGen.BurstILPostProcessor

running Unity.Jobs.CodeGen.JobsILPostProcessor

running zzzUnity.Burst.CodeGen.BurstILPostProcessor
[1430/1644  0s] ILPostProcess Library/Bee/artifacts/1900b0aEDbg.dag/post-processed/Unity.AI.Navigation.Updater.dll (+pdb)
Processing assembly Library/Bee/artifacts/1900b0aEDbg.dag/Unity.AI.Navigation.Updater.dll, with 159 defines and 311 references

processors: Unity.Jobs.CodeGen.JobsILPostProcessor, zzzUnity.Burst.CodeGen.BurstILPostProcessor

running Unity.Jobs.CodeGen.JobsILPostProcessor

running zzzUnity.Burst.CodeGen.BurstILPostProcessor
[1431/1644  0s] ILPostProcess Library/Bee/artifacts/1900b0aEDbg.dag/post-processed/ShapesEditor.dll (+pdb)
Processing assembly Library/Bee/artifacts/1900b0aEDbg.dag/ShapesEditor.dll, with 159 defines and 312 references

processors: Unity.Jobs.CodeGen.JobsILPostProcessor, zzzUnity.Burst.CodeGen.BurstILPostProcessor

running Unity.Jobs.CodeGen.JobsILPostProcessor

running zzzUnity.Burst.CodeGen.BurstILPostProcessor
[1432/1644  0s] ILPostProcess Library/Bee/artifacts/1900b0aEDbg.dag/post-processed/UnityEditor.UI.Analytics.dll (+pdb)
Processing assembly Library/Bee/artifacts/1900b0aEDbg.dag/UnityEditor.UI.Analytics.dll, with 159 defines and 309 references

processors: Unity.Jobs.CodeGen.JobsILPostProcessor, zzzUnity.Burst.CodeGen.BurstILPostProcessor

running Unity.Jobs.CodeGen.JobsILPostProcessor

running zzzUnity.Burst.CodeGen.BurstILPostProcessor
[1433/1644  0s] ILPostProcess Library/Bee/artifacts/1900b0aEDbg.dag/post-processed/Unity.PlasticSCM.Editor.dll (+pdb)
Processing assembly Library/Bee/artifacts/1900b0aEDbg.dag/Unity.PlasticSCM.Editor.dll, with 159 defines and 271 references

processors: Unity.Jobs.CodeGen.JobsILPostProcessor, zzzUnity.Burst.CodeGen.BurstILPostProcessor

running Unity.Jobs.CodeGen.JobsILPostProcessor

running zzzUnity.Burst.CodeGen.BurstILPostProcessor
[1434/1644  0s] ILPostProcess Library/Bee/artifacts/1900b0aEDbg.dag/post-processed/Unity.PlasticSCM.Editor.Entities.dll (+pdb)
Processing assembly Library/Bee/artifacts/1900b0aEDbg.dag/Unity.PlasticSCM.Editor.Entities.dll, with 159 defines and 309 references

processors: Unity.Jobs.CodeGen.JobsILPostProcessor, zzzUnity.Burst.CodeGen.BurstILPostProcessor

running Unity.Jobs.CodeGen.JobsILPostProcessor

running zzzUnity.Burst.CodeGen.BurstILPostProcessor
[1435/1644  0s] ILPostProcess Library/Bee/artifacts/1900b0aEDbg.dag/post-processed/Unity.PathTracing.Editor.dll (+pdb)
Processing assembly Library/Bee/artifacts/1900b0aEDbg.dag/Unity.PathTracing.Editor.dll, with 160 defines and 312 references

processors: Unity.Jobs.CodeGen.JobsILPostProcessor, zzzUnity.Burst.CodeGen.BurstILPostProcessor

running Unity.Jobs.CodeGen.JobsILPostProcessor

running zzzUnity.Burst.CodeGen.BurstILPostProcessor
[1436/1644  1s] ILPostProcess Library/Bee/artifacts/1900b0aEDbg.dag/post-processed/Assembly-CSharp-Editor.dll (+pdb)
Processing assembly Library/Bee/artifacts/1900b0aEDbg.dag/Assembly-CSharp-Editor.dll, with 159 defines and 432 references

processors: Unity.Jobs.CodeGen.JobsILPostProcessor, zzzUnity.Burst.CodeGen.BurstILPostProcessor

running Unity.Jobs.CodeGen.JobsILPostProcessor

running zzzUnity.Burst.CodeGen.BurstILPostProcessor
[1437/1644  0s] ILPostProcess Library/Bee/artifacts/1900b0aEDbg.dag/post-processed/Unity.RenderPipelines.Universal.2D.Editor.Overrides.dll (+pdb)
Processing assembly Library/Bee/artifacts/1900b0aEDbg.dag/Unity.RenderPipelines.Universal.2D.Editor.Overrides.dll, with 160 defines and 318 references

processors: Unity.Jobs.CodeGen.JobsILPostProcessor, zzzUnity.Burst.CodeGen.BurstILPostProcessor

running Unity.Jobs.CodeGen.JobsILPostProcessor

running zzzUnity.Burst.CodeGen.BurstILPostProcessor
[1438/1644  0s] ILPostProcess Library/Bee/artifacts/1900b0aEDbg.dag/post-processed/Unity.RenderPipelines.Universal.Editor.dll (+pdb)
Processing assembly Library/Bee/artifacts/1900b0aEDbg.dag/Unity.RenderPipelines.Universal.Editor.dll, with 160 defines and 321 references

processors: Unity.Jobs.CodeGen.JobsILPostProcessor, zzzUnity.Burst.CodeGen.BurstILPostProcessor

running Unity.Jobs.CodeGen.JobsILPostProcessor

running zzzUnity.Burst.CodeGen.BurstILPostProcessor
[1439/1644  0s] CopyFiles Library/ScriptAssemblies/Unity.RenderPipelines.GPUDriven.Runtime.dll
[1440/1644  0s] CopyFiles Library/ScriptAssemblies/Hecton8.Input.dll
[1441/1644  0s] CopyFiles Library/ScriptAssemblies/UnityEngine.UI.dll
[1442/1644  0s] CopyFiles Library/ScriptAssemblies/Unity.ProBuilder.KdTree.dll
[1443/1644  0s] CopyFiles Library/ScriptAssemblies/Unity.InternalAPIEngineBridge.RenderPipelines.Core.Runtime.Shared.dll
[1444/1644  0s] CopyFiles Library/ScriptAssemblies/Unity.VisualScripting.Flow.dll
[1445/1644  0s] CopyFiles Library/ScriptAssemblies/Unity.MemoryProfiler.dll
[1446/1644  0s] CopyFiles Library/ScriptAssemblies/GPUInstancer.dll
[1447/1644  0s] CopyFiles Library/ScriptAssemblies/TechniePhysicsCreator.dll
[1448/1644  0s] CopyFiles Library/ScriptAssemblies/RealtimeCSG.dll
[1449/1644  0s] CopyFiles Library/ScriptAssemblies/MoreMountains.Feedbacks.TextMeshPro.dll
[1450/1644  0s] CopyFiles Library/ScriptAssemblies/Assembly-CSharp.dll
[1451/1644  0s] CopyFiles Library/ScriptAssemblies/Unity.TextMeshPro.dll
[1452/1644  0s] CopyFiles Library/ScriptAssemblies/MeshBakerCore.dll
[1453/1644  0s] CopyFiles Library/ScriptAssemblies/Unity.RenderPipelines.ShaderGraph.ShaderGraphLibrary.dll
[1454/1644  0s] CopyFiles Library/ScriptAssemblies/ShapesRuntime.dll
[1455/1644  0s] CopyFiles Library/ScriptAssemblies/Unity.Mathematics.dll
[1456/1644  0s] CopyFiles Library/ScriptAssemblies/Unity.ProBuilder.dll
[1457/1644  0s] CopyFiles Library/ScriptAssemblies/Unity.UnifiedRayTracing.Runtime.dll
[1458/1644  0s] CopyFiles Library/ScriptAssemblies/Unity.VisualScripting.State.dll
[1459/1644  0s] CopyFiles Library/ScriptAssemblies/Den.Tools.dll
[1460/1644  0s] CopyFiles Library/ScriptAssemblies/WaveHarmonic.Crest.Scripting.dll
[1461/1644  0s] CopyFiles Library/ScriptAssemblies/Unity.RenderPipelines.Universal.Config.Runtime.dll
[1462/1644  0s] CopyFiles Library/ScriptAssemblies/BakeryRuntimeAssembly.dll
[1463/1644  0s] CopyFiles Library/ScriptAssemblies/MapMagic.MicroSplat.dll
[1464/1644  0s] CopyFiles Library/ScriptAssemblies/JBooth.MicroSplat.Core.dll
[1465/1644  0s] CopyFiles Library/ScriptAssemblies/MCPForUnity.Runtime.dll
[1466/1644  0s] CopyFiles Library/ScriptAssemblies/MoreMountains.Feedbacks.Cinemachine.dll
[1467/1644  0s] CopyFiles Library/ScriptAssemblies/Unity.Burst.dll
[1468/1644  0s] CopyFiles Library/ScriptAssemblies/AmplifyImpostors.Runtime.dll
[1469/1644  0s] CopyFiles Library/ScriptAssemblies/Unity.VisualScripting.Core.dll
[1470/1644  0s] CopyFiles Library/ScriptAssemblies/Unity.SurfaceCache.Runtime.dll
[1471/1644  0s] CopyFiles Library/ScriptAssemblies/Unity.RenderPipelines.Universal.Runtime.dll
[1472/1644  0s] CopyFiles Library/ScriptAssemblies/Hecton8.Bootstrap.Contracts.dll
[1473/1644  0s] CopyFiles Library/ScriptAssemblies/Lofelt.NiceVibrations.Demo.dll
[1474/1644  0s] CopyFiles Library/ScriptAssemblies/Unity.PathTracing.Runtime.dll
[1475/1644  0s] CopyFiles Library/ScriptAssemblies/Unity.InternalAPIEngineBridge.004.dll
[1476/1644  0s] CopyFiles Library/ScriptAssemblies/MoreMountains.Feedbacks.URP.dll
[1477/1644  0s] CopyFiles Library/ScriptAssemblies/WaveHarmonic.Crest.dll
[1478/1644  0s] CopyFiles Library/ScriptAssemblies/Hecton8.World.Contracts.dll
[1479/1644  0s] CopyFiles Library/ScriptAssemblies/VolumetricLightBeam.dll
[1480/1644  0s] CopyFiles Library/ScriptAssemblies/Lofelt.NiceVibrations.dll
[1481/1644  0s] CopyFiles Library/ScriptAssemblies/Unity.RenderPipelines.Core.Runtime.dll
[1482/1644  0s] CopyFiles Library/ScriptAssemblies/Unity.RenderPipelines.Core.ShaderLibrary.dll
[1483/1644  0s] CopyFiles Library/ScriptAssemblies/Tayx.Graphy.dll
[1484/1644  0s] CopyFiles Library/ScriptAssemblies/Hecton8.Core.dll
[1485/1644  0s] CopyFiles Library/ScriptAssemblies/MoreMountains.Feedbacks.MMTools.dll
[1486/1644  0s] CopyFiles Library/ScriptAssemblies/WaveHarmonic.Crest.Shared.dll
[1487/1644  0s] CopyFiles Library/ScriptAssemblies/Unity.ProBuilder.Csg.dll
[1488/1644  0s] CopyFiles Library/ScriptAssemblies/MoreMountains.Feedbacks.NiceVibrations.dll
[1489/1644  0s] CopyFiles Library/ScriptAssemblies/AstarPathfindingProject.dll
[1490/1644  0s] CopyFiles Library/ScriptAssemblies/MoreMountains.Feedbacks.dll
[1491/1644  0s] CopyFiles Library/ScriptAssemblies/MoreMountains.Tools.dll
[1492/1644  0s] CopyFiles Library/ScriptAssemblies/Unity.InputSystem.ForUI.dll
[1493/1644  0s] CopyFiles Library/ScriptAssemblies/MoreMountains.Feedbacks.Authorizations.dll
[1494/1644  0s] CopyFiles Library/ScriptAssemblies/Unity.AI.Navigation.dll
[1495/1644  0s] CopyFiles Library/ScriptAssemblies/Unity.SharpZipLib.Utils.dll
[1496/1644  0s] CopyFiles Library/ScriptAssemblies/Unity.ProBuilder.Stl.dll
[1497/1644  0s] CopyFiles Library/ScriptAssemblies/MoreMountains.Feedbacks.PostProcessing.dll
[1498/1644  0s] CopyFiles Library/ScriptAssemblies/Unity.ProBuilder.Poly2Tri.dll
[1499/1644  0s] CopyFiles Library/ScriptAssemblies/Unity.Timeline.dll
[1500/1644  0s] CopyFiles Library/ScriptAssemblies/Assembly-CSharp-firstpass.dll
[1501/1644  0s] CopyFiles Library/ScriptAssemblies/Unity.RenderPipeline.Universal.ShaderLibrary.dll
[1502/1644  0s] CopyFiles Library/ScriptAssemblies/Unity.RenderPipelines.Core.Runtime.Shared.dll
[1503/1644  0s] CopyFiles Library/ScriptAssemblies/Unity.RenderPipelines.Universal.2D.Runtime.dll
[1504/1644  0s] CopyFiles Library/ScriptAssemblies/Unity.Profiling.Core.dll
[1505/1644  0s] CopyFiles Library/ScriptAssemblies/Unity.Collections.dll
[1506/1644  0s] CopyFiles Library/ScriptAssemblies/MoreMountains.Feedbacks.HDRP.dll
[1507/1644  0s] CopyFiles Library/ScriptAssemblies/Unity.InputSystem.dll
[1508/1644  0s] CopyFiles Library/ScriptAssemblies/Hecton8.Input.Generated.dll
[1509/1644  0s] CopyFiles Library/ScriptAssemblies/WaveHarmonic.Crest.Samples.dll
[1510/1644  0s] CopyFiles Library/ScriptAssemblies/MapMagic.dll
[1511/1644  0s] CopyFiles Library/ScriptAssemblies/Unity.RenderPipelines.Universal.Shaders.dll
[1512/1644  0s] CopyFiles Library/ScriptAssemblies/Crest.dll
[1513/1644  0s] CopyFiles Library/ScriptAssemblies/Assembly-CSharp-Editor.dll
[1514/1644  0s] CopyFiles Library/ScriptAssemblies/EasySave3.dll
[1515/1644  0s] CopyFiles Library/ScriptAssemblies/Assembly-CSharp-Editor.pdb
[1516/1644  0s] CopyFiles Library/ScriptAssemblies/Unity.RenderPipelines.Universal.Editor.pdb
[1517/1644  0s] CopyFiles Library/ScriptAssemblies/Unity.RenderPipelines.Universal.Editor.dll
[1518/1644  0s] CopyFiles Library/ScriptAssemblies/Unity.RenderPipelines.Universal.2D.Editor.Overrides.dll
[1519/1644  0s] CopyFiles Library/ScriptAssemblies/Unity.RenderPipelines.Universal.2D.Editor.Overrides.pdb
[1520/1644  0s] CopyFiles Library/ScriptAssemblies/Unity.PathTracing.Editor.pdb
[1521/1644  0s] CopyFiles Library/ScriptAssemblies/Unity.PathTracing.Editor.dll
[1522/1644  0s] CopyFiles Library/ScriptAssemblies/Unity.PlasticSCM.Editor.Entities.dll
[1523/1644  0s] CopyFiles Library/ScriptAssemblies/Unity.PlasticSCM.Editor.Entities.pdb
[1524/1644  0s] CopyFiles Library/ScriptAssemblies/Unity.PlasticSCM.Editor.dll
[1525/1644  0s] CopyFiles Library/ScriptAssemblies/UnityEditor.UI.Analytics.dll
[1526/1644  0s] CopyFiles Library/ScriptAssemblies/UnityEditor.UI.Analytics.pdb
[1527/1644  0s] CopyFiles Library/ScriptAssemblies/Unity.PlasticSCM.Editor.pdb
[1528/1644  0s] CopyFiles Library/ScriptAssemblies/ShapesEditor.pdb
[1529/1644  0s] CopyFiles Library/ScriptAssemblies/Unity.AI.Navigation.Updater.dll
[1530/1644  0s] CopyFiles Library/ScriptAssemblies/Unity.AI.Navigation.Updater.pdb
[1531/1644  0s] CopyFiles Library/ScriptAssemblies/ShapesEditor.dll
[1532/1644  0s] CopyFiles Library/ScriptAssemblies/MapMagic.Settings.pdb
[1533/1644  0s] CopyFiles Library/ScriptAssemblies/MapMagic.Settings.dll
[1534/1644  0s] CopyFiles Library/ScriptAssemblies/Assembly-CSharp-Editor-firstpass.dll
[1535/1644  0s] CopyFiles Library/ScriptAssemblies/Assembly-CSharp-Editor-firstpass.pdb
[1536/1644  0s] CopyFiles Library/ScriptAssemblies/WaveHarmonic.Crest.Editor.dll
[1537/1644  0s] CopyFiles Library/ScriptAssemblies/Tayx.Graphy.Editor.pdb
[1538/1644  0s] CopyFiles Library/ScriptAssemblies/Tayx.Graphy.Editor.dll
[1539/1644  0s] CopyFiles Library/ScriptAssemblies/VolumetricLightBeam.Editor.pdb
[1540/1644  0s] CopyFiles Library/ScriptAssemblies/VolumetricLightBeam.Editor.dll
[1541/1644  0s] CopyFiles Library/ScriptAssemblies/WaveHarmonic.Crest.Editor.pdb
[1542/1644  0s] CopyFiles Library/ScriptAssemblies/Unity.ProBuilder.Editor.dll
[1543/1644  0s] CopyFiles Library/ScriptAssemblies/Unity.VisualScripting.Shared.Editor.pdb
[1544/1644  0s] CopyFiles Library/ScriptAssemblies/Unity.ProBuilder.Editor.pdb
[1545/1644  0s] CopyFiles Library/ScriptAssemblies/Unity.VisualScripting.Shared.Editor.dll
[1546/1644  0s] CopyFiles Library/ScriptAssemblies/EasySave3Editor.dll
[1547/1644  0s] CopyFiles Library/ScriptAssemblies/EasySave3Editor.pdb
[1548/1644  0s] CopyFiles Library/ScriptAssemblies/Unity.CollabProxy.Editor.pdb
[1549/1644  0s] CopyFiles Library/ScriptAssemblies/Unity.CollabProxy.Editor.dll
[1550/1644  0s] CopyFiles Library/ScriptAssemblies/Crest.Helpers.Editor.dll
[1551/1644  0s] CopyFiles Library/ScriptAssemblies/Crest.Helpers.Editor.pdb
[1552/1644  0s] CopyFiles Library/ScriptAssemblies/UnityEditor.UI.pdb
[1553/1644  0s] CopyFiles Library/ScriptAssemblies/UnityEditor.UI.dll
[1554/1644  0s] CopyFiles Library/ScriptAssemblies/Unity.RenderPipelines.Core.Editor.pdb
[1555/1644  0s] CopyFiles Library/ScriptAssemblies/Unity.RenderPipelines.Core.Editor.dll
[1556/1644  0s] CopyFiles Library/ScriptAssemblies/JBooth.MicroSplat.Core.Editor.dll
[1557/1644  0s] CopyFiles Library/ScriptAssemblies/JBooth.MicroSplat.Core.Editor.pdb
[1558/1644  0s] CopyFiles Library/ScriptAssemblies/BakeryEditorAssembly.pdb
[1559/1644  0s] CopyFiles Library/ScriptAssemblies/BakeryEditorAssembly.dll
[1560/1644  0s] CopyFiles Library/ScriptAssemblies/MoreMountains.Tools.Editor.pdb
[1561/1644  0s] CopyFiles Library/ScriptAssemblies/Sirenix.OdinInspector.Modules.UnityMathematics.pdb
[1562/1644  0s] CopyFiles Library/ScriptAssemblies/MoreMountains.Tools.Editor.dll
[1563/1644  0s] CopyFiles Library/ScriptAssemblies/Sirenix.OdinInspector.Modules.UnityMathematics.dll
[1564/1644  0s] CopyFiles Library/ScriptAssemblies/MapMagic.Editor.pdb
[1565/1644  0s] CopyFiles Library/ScriptAssemblies/MapMagic.Editor.dll
[1566/1644  0s] CopyFiles Library/ScriptAssemblies/Unity.ShaderGraph.Utilities.dll
[1567/1644  0s] CopyFiles Library/ScriptAssemblies/Unity.ShaderGraph.Utilities.pdb
[1568/1644  0s] CopyFiles Library/ScriptAssemblies/WaveHarmonic.Crest.Shared.Editor.pdb
[1569/1644  0s] CopyFiles Library/ScriptAssemblies/MapMagic.MicroSplat.Editor.pdb
[1570/1644  0s] CopyFiles Library/ScriptAssemblies/WaveHarmonic.Crest.Shared.Editor.dll
[1571/1644  0s] CopyFiles Library/ScriptAssemblies/MapMagic.MicroSplat.Editor.dll
[1572/1644  0s] CopyFiles Library/ScriptAssemblies/Unity.VisualScripting.SettingsProvider.Editor.pdb
[1573/1644  0s] CopyFiles Library/ScriptAssemblies/Unity.VisualScripting.SettingsProvider.Editor.dll
[1574/1644  0s] CopyFiles Library/ScriptAssemblies/Unity.TextMeshPro.Editor.pdb
[1575/1644  0s] CopyFiles Library/ScriptAssemblies/Unity.TextMeshPro.Editor.dll
[1576/1644  0s] CopyFiles Library/ScriptAssemblies/Unity.VisualScripting.Core.Editor.pdb
[1577/1644  0s] CopyFiles Library/ScriptAssemblies/Unity.VisualScripting.Core.Editor.dll
[1578/1644  0s] CopyFiles Library/ScriptAssemblies/Unity.Collections.pdb
[1579/1644  0s] CopyFiles Library/ScriptAssemblies/Unity.2D.Sprite.Editor.pdb
[1580/1644  0s] CopyFiles Library/ScriptAssemblies/Unity.2D.Sprite.Editor.dll
[1581/1644  0s] CopyFiles Library/ScriptAssemblies/Unity.Burst.Editor.pdb
[1582/1644  0s] CopyFiles Library/ScriptAssemblies/Unity.Burst.Editor.dll
[1583/1644  0s] CopyFiles Library/ScriptAssemblies/Unity.Collections.Editor.pdb
[1584/1644  0s] CopyFiles Library/ScriptAssemblies/Unity.Collections.Editor.dll
[1585/1644  0s] CopyFiles Library/ScriptAssemblies/Unity.Mathematics.Editor.dll
[1586/1644  0s] CopyFiles Library/ScriptAssemblies/Unity.Mathematics.Editor.pdb
[1587/1644  0s] CopyFiles Library/ScriptAssemblies/Unity.EditorCoroutines.Editor.pdb
[1588/1644  0s] CopyFiles Library/ScriptAssemblies/Den.Tools.Editor.dll
[1589/1644  0s] CopyFiles Library/ScriptAssemblies/Unity.EditorCoroutines.Editor.dll
[1590/1644  0s] CopyFiles Library/ScriptAssemblies/Den.Tools.Editor.pdb
[1591/1644  0s] CopyFiles Library/ScriptAssemblies/AstarPathfindingProjectEditor.dll
[1592/1644  0s] CopyFiles Library/ScriptAssemblies/AstarPathfindingProjectEditor.pdb
[1593/1644  0s] CopyFiles Library/ScriptAssemblies/WaveHarmonic.Crest.Editor.Dependents.dll
[1594/1644  0s] CopyFiles Library/ScriptAssemblies/WaveHarmonic.Crest.Editor.Dependents.pdb
[1595/1644  0s] CopyFiles Library/ScriptAssemblies/Unity.VisualScripting.State.Editor.dll
[1596/1644  0s] CopyFiles Library/ScriptAssemblies/Unity.VisualScripting.State.Editor.pdb
[1597/1644  0s] CopyFiles Library/ScriptAssemblies/Unity.Settings.Editor.pdb
[1598/1644  0s] CopyFiles Library/ScriptAssemblies/Unity.RenderPipelines.Core.Editor.Shared.dll
[1599/1644  0s] CopyFiles Library/ScriptAssemblies/Unity.Settings.Editor.dll
[1600/1644  0s] CopyFiles Library/ScriptAssemblies/Unity.RenderPipelines.Core.Editor.Shared.pdb
[1601/1644  0s] CopyFiles Library/ScriptAssemblies/AmplifyImpostors.Editor.dll
[1602/1644  0s] CopyFiles Library/ScriptAssemblies/AmplifyImpostors.Editor.pdb
[1603/1644  0s] CopyFiles Library/ScriptAssemblies/Unity.AI.Navigation.Editor.pdb
[1604/1644  0s] CopyFiles Library/ScriptAssemblies/Unity.AI.Navigation.Editor.dll
[1605/1644  0s] CopyFiles Library/ScriptAssemblies/Technie.PhysicsCreator.Updater.dll
[1606/1644  0s] CopyFiles Library/ScriptAssemblies/Technie.PhysicsCreator.Updater.pdb
[1607/1644  0s] CopyFiles Library/ScriptAssemblies/Unity.Timeline.Editor.pdb
[1608/1644  0s] CopyFiles Library/ScriptAssemblies/Unity.Timeline.Editor.dll
[1609/1644  0s] CopyFiles Library/ScriptAssemblies/MoreMountains.Feedbacks.Editor.dll
[1610/1644  0s] CopyFiles Library/ScriptAssemblies/MoreMountains.Feedbacks.Editor.pdb
[1611/1644  0s] CopyFiles Library/ScriptAssemblies/Lofelt.NiceVibrations.Editor.pdb
[1612/1644  0s] CopyFiles Library/ScriptAssemblies/Lofelt.NiceVibrations.Editor.dll
[1613/1644  0s] CopyFiles Library/ScriptAssemblies/Unity.ProBuilder.AddOns.Editor.dll
[1614/1644  0s] CopyFiles Library/ScriptAssemblies/Unity.ProBuilder.AddOns.Editor.pdb
[1615/1644  0s] CopyFiles Library/ScriptAssemblies/MCPForUnity.Editor.pdb
[1616/1644  0s] CopyFiles Library/ScriptAssemblies/MCPForUnity.Editor.dll
[1617/1644  0s] CopyFiles Library/ScriptAssemblies/Unity.VisualScripting.Flow.Editor.pdb
[1618/1644  0s] CopyFiles Library/ScriptAssemblies/Unity.SharpZipLib.Editor.pdb
[1619/1644  0s] CopyFiles Library/ScriptAssemblies/Unity.SharpZipLib.Editor.dll
[1620/1644  0s] CopyFiles Library/ScriptAssemblies/Unity.Searcher.Editor.pdb
[1621/1644  0s] CopyFiles Library/ScriptAssemblies/Unity.VisualScripting.Flow.Editor.dll
[1622/1644  0s] CopyFiles Library/ScriptAssemblies/Unity.Searcher.Editor.dll
[1623/1644  0s] CopyFiles Library/ScriptAssemblies/MeshBakerEditor.pdb
[1624/1644  0s] CopyFiles Library/ScriptAssemblies/MeshBakerEditor.dll
[1625/1644  0s] CopyFiles Library/ScriptAssemblies/PackageToolsEditor.dll
[1626/1644  0s] CopyFiles Library/ScriptAssemblies/PackageToolsEditor.pdb
[1627/1644  0s] CopyFiles Library/ScriptAssemblies/Unity.TextMeshPro.pdb
[1628/1644  0s] CopyFiles Library/ScriptAssemblies/GPUInstancer.Editor.dll
[1629/1644  0s] CopyFiles Library/ScriptAssemblies/GPUInstancer.Editor.pdb
[1630/1644  0s] CopyFiles Library/ScriptAssemblies/Unity.Rendering.LightTransport.Editor.dll
[1631/1644  0s] CopyFiles Library/ScriptAssemblies/Unity.Rendering.LightTransport.Editor.pdb
[1632/1644  0s] CopyFiles Library/ScriptAssemblies/Unity.MemoryProfiler.Editor.MemoryProfilerModule.pdb
[1633/1644  0s] CopyFiles Library/ScriptAssemblies/Lofelt.NiceVibrations.Demo.pdb
[1634/1644  0s] CopyFiles Library/ScriptAssemblies/MoreMountains.Feedbacks.Authorizations.pdb
[1635/1644  0s] CopyFiles Library/ScriptAssemblies/Unity.ProBuilder.pdb
[1636/1644  0s] CopyFiles Library/ScriptAssemblies/Unity.RenderPipelines.ShaderGraph.ShaderGraphLibrary.pdb
[1637/1644  0s] CopyFiles Library/ScriptAssemblies/Crest.pdb
[1638/1644  0s] CopyFiles Library/ScriptAssemblies/ShapesRuntime.pdb
[1639/1644  0s] CopyFiles Library/ScriptAssemblies/EasySave3.pdb
[1640/1644  0s] CopyFiles Library/ScriptAssemblies/Unity.Mathematics.pdb
[1641/1644  0s] CopyFiles Library/ScriptAssemblies/Unity.RenderPipelines.Core.Runtime.Shared.pdb
[1642/1644  0s] CopyFiles Library/ScriptAssemblies/Unity.RenderPipelines.Universal.2D.Runtime.pdb
[1643/1644  0s] CopyFiles Library/ScriptAssemblies/Unity.VisualScripting.State.pdb
[1644/1644  0s] CopyFiles Library/ScriptAssemblies/Unity.MemoryProfiler.Editor.MemoryProfilerModule.dll
[1645/1644  0s] CopyFiles Library/ScriptAssemblies/VolumetricLightBeam.pdb
[1646/1644  0s] CopyFiles Library/ScriptAssemblies/Unity.VisualScripting.Flow.pdb
[1647/1644  0s] CopyFiles Library/ScriptAssemblies/Unity.RenderPipelines.Core.ShaderLibrary.pdb
[1648/1644  0s] CopyFiles Library/ScriptAssemblies/Den.Tools.pdb
[1649/1644  0s] CopyFiles Library/ScriptAssemblies/MoreMountains.Feedbacks.MMTools.pdb
[1650/1644  0s] CopyFiles Library/ScriptAssemblies/MoreMountains.Feedbacks.pdb
[1651/1644  0s] CopyFiles Library/ScriptAssemblies/MapMagic.MicroSplat.pdb
[1652/1644  0s] CopyFiles Library/ScriptAssemblies/Unity.SharpZipLib.Utils.pdb
[1653/1644  0s] CopyFiles Library/ScriptAssemblies/MoreMountains.Feedbacks.PostProcessing.pdb
[1654/1644  0s] CopyFiles Library/ScriptAssemblies/Assembly-CSharp-firstpass.pdb
[1655/1644  0s] CopyFiles Library/ScriptAssemblies/AstarPathfindingProject.pdb
[1656/1644  0s] CopyFiles Library/ScriptAssemblies/Unity.InputSystem.pdb
[1657/1644  0s] CopyFiles Library/ScriptAssemblies/Unity.PathTracing.Runtime.pdb
[1658/1644  0s] CopyFiles Library/ScriptAssemblies/MeshBakerCore.pdb
[1659/1644  0s] CopyFiles Library/ScriptAssemblies/Unity.VisualScripting.Core.pdb
[1660/1644  0s] CopyFiles Library/ScriptAssemblies/Unity.Timeline.pdb
[1661/1644  0s] CopyFiles Library/ScriptAssemblies/Unity.SurfaceCache.Runtime.pdb
[1662/1644  0s] CopyFiles Library/ScriptAssemblies/MoreMountains.Feedbacks.NiceVibrations.pdb
[1663/1644  0s] CopyFiles Library/ScriptAssemblies/Unity.ProBuilder.Poly2Tri.pdb
[1664/1644  0s] CopyFiles Library/ScriptAssemblies/Unity.ProBuilder.Csg.pdb
[1665/1644  0s] CopyFiles Library/ScriptAssemblies/GPUInstancer.pdb
[1666/1644  0s] CopyFiles Library/ScriptAssemblies/Unity.InternalAPIEngineBridge.004.pdb
[1667/1644  0s] CopyFiles Library/ScriptAssemblies/Unity.UnifiedRayTracing.Runtime.pdb
[1668/1644  0s] CopyFiles Library/ScriptAssemblies/MoreMountains.Feedbacks.TextMeshPro.pdb
[1669/1644  0s] CopyFiles Library/ScriptAssemblies/Unity.RenderPipelines.Universal.Shaders.pdb
[1670/1644  0s] CopyFiles Library/ScriptAssemblies/Hecton8.Core.pdb
[1671/1644  0s] CopyFiles Library/ScriptAssemblies/Unity.MemoryProfiler.pdb
[1672/1644  0s] CopyFiles Library/ScriptAssemblies/BakeryRuntimeAssembly.pdb
[1673/1644  0s] CopyFiles Library/ScriptAssemblies/Assembly-CSharp.pdb
[1674/1644  0s] CopyFiles Library/ScriptAssemblies/AmplifyImpostors.Runtime.pdb
[1675/1644  0s] CopyFiles Library/ScriptAssemblies/Unity.InternalAPIEngineBridge.RenderPipelines.Core.Runtime.Shared.pdb
[1676/1644  0s] CopyFiles Library/ScriptAssemblies/Unity.Profiling.Core.pdb
[1677/1644  0s] CopyFiles Library/ScriptAssemblies/Unity.RenderPipelines.GPUDriven.Runtime.pdb
[1678/1644  0s] CopyFiles Library/ScriptAssemblies/Tayx.Graphy.pdb
[1679/1644  0s] CopyFiles Library/ScriptAssemblies/Hecton8.World.Contracts.pdb
[1680/1644  0s] CopyFiles Library/ScriptAssemblies/Unity.RenderPipelines.Universal.Config.Runtime.pdb
[1681/1644  0s] CopyFiles Library/ScriptAssemblies/MCPForUnity.Runtime.pdb
[1682/1644  0s] CopyFiles Library/ScriptAssemblies/Unity.RenderPipelines.Core.Runtime.pdb
[1683/1644  0s] CopyFiles Library/ScriptAssemblies/Hecton8.Input.Generated.pdb
[1684/1644  0s] CopyFiles Library/ScriptAssemblies/WaveHarmonic.Crest.Samples.pdb
[1685/1644  0s] CopyFiles Library/ScriptAssemblies/UnityEngine.UI.pdb
[1686/1644  0s] CopyFiles Library/ScriptAssemblies/Unity.ProBuilder.Stl.pdb
[1687/1644  0s] CopyFiles Library/ScriptAssemblies/Unity.RenderPipeline.Universal.ShaderLibrary.pdb
[1688/1644  0s] CopyFiles Library/ScriptAssemblies/MoreMountains.Feedbacks.HDRP.pdb
[1689/1644  0s] CopyFiles Library/ScriptAssemblies/Unity.ProBuilder.KdTree.pdb
[1690/1644  0s] CopyFiles Library/ScriptAssemblies/MoreMountains.Feedbacks.URP.pdb
[1691/1644  0s] CopyFiles Library/ScriptAssemblies/WaveHarmonic.Crest.Shared.pdb
[1692/1644  0s] CopyFiles Library/ScriptAssemblies/WaveHarmonic.Crest.Scripting.pdb
[1693/1644  0s] CopyFiles Library/ScriptAssemblies/RealtimeCSG.pdb
[1694/1644  0s] CopyFiles Library/ScriptAssemblies/MoreMountains.Tools.pdb
[1695/1644  0s] CopyFiles Library/ScriptAssemblies/Unity.Burst.pdb
[1696/1644  0s] CopyFiles Library/ScriptAssemblies/Unity.RenderPipelines.Universal.Runtime.pdb
[1697/1644  0s] CopyFiles Library/ScriptAssemblies/Hecton8.Input.pdb
[1698/1644  0s] CopyFiles Library/ScriptAssemblies/Lofelt.NiceVibrations.pdb
[1699/1644  0s] CopyFiles Library/ScriptAssemblies/TechniePhysicsCreator.pdb
[1700/1644  0s] CopyFiles Library/ScriptAssemblies/Hecton8.Bootstrap.Contracts.pdb
[1701/1644  0s] CopyFiles Library/ScriptAssemblies/Unity.InputSystem.ForUI.pdb
[1702/1644  0s] CopyFiles Library/ScriptAssemblies/MapMagic.pdb
[1703/1644  0s] CopyFiles Library/ScriptAssemblies/Unity.AI.Navigation.pdb
[1704/1644  0s] CopyFiles Library/ScriptAssemblies/MoreMountains.Feedbacks.Cinemachine.pdb
[1705/1644  0s] CopyFiles Library/ScriptAssemblies/JBooth.MicroSplat.Core.pdb
[1706/1644  0s] CopyFiles Library/ScriptAssemblies/Unity.Collections.CodeGen.dll
[1707/1644  0s] CopyFiles Library/ScriptAssemblies/WaveHarmonic.Crest.pdb
[1708/1644  0s] CopyFiles Library/ScriptAssemblies/Unity.Burst.CodeGen.pdb
[1709/1644  0s] CopyFiles Library/ScriptAssemblies/Unity.Collections.CodeGen.pdb
[1710/1644  0s] CopyFiles Library/ScriptAssemblies/Unity.Burst.CodeGen.dll
[1711/1644  1s] ILPostProcess Library/Bee/artifacts/1900b0aEDbg.dag/post-processed/Unity.ProBuilder.AssetIdRemapUtility.dll (+pdb)
Processing assembly Library/Bee/artifacts/1900b0aEDbg.dag/Unity.ProBuilder.AssetIdRemapUtility.dll, with 159 defines and 308 references

processors: Unity.Jobs.CodeGen.JobsILPostProcessor, zzzUnity.Burst.CodeGen.BurstILPostProcessor

running Unity.Jobs.CodeGen.JobsILPostProcessor

running zzzUnity.Burst.CodeGen.BurstILPostProcessor
[1712/1644  0s] CopyFiles Library/ScriptAssemblies/Unity.ProBuilder.AssetIdRemapUtility.pdb
[1713/1644  0s] CopyFiles Library/ScriptAssemblies/Unity.ProBuilder.AssetIdRemapUtility.dll
[1714/1644  1s] ILPostProcess Library/Bee/artifacts/1900b0aEDbg.dag/post-processed/Unity.ShaderGraph.Editor.dll (+pdb)
Processing assembly Library/Bee/artifacts/1900b0aEDbg.dag/Unity.ShaderGraph.Editor.dll, with 159 defines and 313 references

processors: Unity.Jobs.CodeGen.JobsILPostProcessor, zzzUnity.Burst.CodeGen.BurstILPostProcessor

running Unity.Jobs.CodeGen.JobsILPostProcessor

running zzzUnity.Burst.CodeGen.BurstILPostProcessor
[1715/1644  0s] CopyFiles Library/ScriptAssemblies/Unity.ShaderGraph.Editor.pdb
[1716/1644  0s] CopyFiles Library/ScriptAssemblies/Unity.ShaderGraph.Editor.dll
[1717/1644  1s] ILPostProcess Library/Bee/artifacts/1900b0aEDbg.dag/post-processed/Unity.AI.Navigation.Editor.ConversionSystem.dll (+pdb)
Processing assembly Library/Bee/artifacts/1900b0aEDbg.dag/Unity.AI.Navigation.Editor.ConversionSystem.dll, with 159 defines and 308 references

processors: Unity.Jobs.CodeGen.JobsILPostProcessor, zzzUnity.Burst.CodeGen.BurstILPostProcessor

running Unity.Jobs.CodeGen.JobsILPostProcessor

running zzzUnity.Burst.CodeGen.BurstILPostProcessor
[1718/1644  0s] CopyFiles Library/ScriptAssemblies/Unity.AI.Navigation.Editor.ConversionSystem.dll
[1719/1644  0s] CopyFiles Library/ScriptAssemblies/Unity.AI.Navigation.Editor.ConversionSystem.pdb
[1720/1644  1s] ILPostProcess Library/Bee/artifacts/1900b0aEDbg.dag/post-processed/Unity.InternalAPIEditorBridge.ShaderGraph.Editor.dll (+pdb)
Processing assembly Library/Bee/artifacts/1900b0aEDbg.dag/Unity.InternalAPIEditorBridge.ShaderGraph.Editor.dll, with 159 defines and 308 references

processors: Unity.Jobs.CodeGen.JobsILPostProcessor, zzzUnity.Burst.CodeGen.BurstILPostProcessor

running Unity.Jobs.CodeGen.JobsILPostProcessor

running zzzUnity.Burst.CodeGen.BurstILPostProcessor
[1721/1644  1s] ILPostProcess Library/Bee/artifacts/1900b0aEDbg.dag/post-processed/Hecton8.Editor.dll (+pdb)
Processing assembly Library/Bee/artifacts/1900b0aEDbg.dag/Hecton8.Editor.dll, with 159 defines and 320 references

processors: Unity.Jobs.CodeGen.JobsILPostProcessor, zzzUnity.Burst.CodeGen.BurstILPostProcessor

running Unity.Jobs.CodeGen.JobsILPostProcessor

running zzzUnity.Burst.CodeGen.BurstILPostProcessor
[1722/1644  0s] CopyFiles Library/ScriptAssemblies/Hecton8.Editor.pdb
[1723/1644  0s] CopyFiles Library/ScriptAssemblies/Hecton8.Editor.dll
[1724/1644  0s] CopyFiles Library/ScriptAssemblies/Unity.InternalAPIEditorBridge.ShaderGraph.Editor.dll
[1725/1644  0s] CopyFiles Library/ScriptAssemblies/Unity.InternalAPIEditorBridge.ShaderGraph.Editor.pdb
[1726/1644  3s] ILPostProcess Library/Bee/artifacts/1900b0aEDbg.dag/post-processed/Unity.MemoryProfiler.Editor.dll (+pdb)
Processing assembly Library/Bee/artifacts/1900b0aEDbg.dag/Unity.MemoryProfiler.Editor.dll, with 166 defines and 314 references

processors: Unity.Jobs.CodeGen.JobsILPostProcessor, zzzUnity.Burst.CodeGen.BurstILPostProcessor

running Unity.Jobs.CodeGen.JobsILPostProcessor

running zzzUnity.Burst.CodeGen.BurstILPostProcessor
[1727/1644  0s] CopyFiles Library/ScriptAssemblies/Unity.MemoryProfiler.Editor.pdb
[1728/1644  0s] CopyFiles Library/ScriptAssemblies/Unity.MemoryProfiler.Editor.dll
*** Tundra build success (187.52 seconds - 0:03:07), 1558 items updated, 1644 evaluated
Packages\com.waveharmonic.crest\Runtime\Scripts\Utility\Shared\Component\CustomBehaviour.cs(74,101): warning CS0618: 'FindObjectsSortMode' is obsolete: 'FindObjectsSortMode has been deprecated. Use the FindObjectsByType overloads that do not take a FindObjectsSortMode parameter.'
Packages\com.waveharmonic.crest\Runtime\Scripts\Utility\Shared\Component\CustomBehaviour.cs(74,37): warning CS0618: 'Object.FindObjectsByType<T>(FindObjectsInactive, FindObjectsSortMode)' is obsolete: 'FindObjectsByType with FindObjectsSortMode parameter has been deprecated. Use FindObjectsByType<T>() or FindObjectsByType<T>(FindObjectsInactive) instead. InstanceID will be replaced in the future with EntityId and previous sort order cannot be maintained.'
Packages\com.waveharmonic.crest\Runtime\Scripts\Utility\Shared\Component\EditorBehaviour.cs(91,50): warning CS0618: 'FindObjectsSortMode' is obsolete: 'FindObjectsSortMode has been deprecated. Use the FindObjectsByType overloads that do not take a FindObjectsSortMode parameter.'
Packages\com.waveharmonic.crest\Runtime\Scripts\Utility\Shared\Component\EditorBehaviour.cs(91,21): warning CS0618: 'Object.FindObjectsByType(Type, FindObjectsSortMode)' is obsolete: 'FindObjectsByType with FindObjectsSortMode parameter has been deprecated. Use FindObjectsByType(Type) or FindObjectsByType(Type, FindObjectsInactive) instead. InstanceID will be replaced in the future with EntityId and previous sort order cannot be maintained.'
Packages\com.waveharmonic.crest\Runtime\Scripts\Utility\Shared\Component\ManagedBehaviour.cs(64,24): warning CS0618: 'Object.FindFirstObjectByType<T>()' is obsolete: 'FindFirstObjectByType has been deprecated because it relies on instance ID ordering. Use FindAnyObjectByType instead, which does not depend on ordering.'
Assets\Feel\NiceVibrations\Define\NiceVibrationsDefineSymbols.cs(65,45): warning CS0618: 'PlayerSettings.GetScriptingDefineSymbolsForGroup(BuildTargetGroup)' is obsolete: 'Use GetScriptingDefineSymbols(NamedBuildTarget buildTarget) instead'
Assets\Feel\NiceVibrations\Define\NiceVibrationsDefineSymbols.cs(68,13): warning CS0618: 'PlayerSettings.SetScriptingDefineSymbolsForGroup(BuildTargetGroup, string)' is obsolete: 'Use SetScriptingDefineSymbols(NamedBuildTarget buildTarget, string defines) instead'
Assets\MapMagic\Tools\Extensions\Texture2DExtensions.cs(350,48): warning CS0618: 'TextureFormat.PVRTC_RGBA4' is obsolete: 'Texture compression format PVRTC has been deprecated and will be removed in a future release'
Packages\com.waveharmonic.crest\Runtime\Scripts\WaterRenderer.Universal.cs(169,64): warning CS0618: 'RenderGraphSettings' is obsolete: 'These settings are not used. #from(6000.4)'
Packages\com.waveharmonic.crest\Runtime\Scripts\WaterRenderer.Universal.cs(169,21): warning CS0618: 'RenderGraphSettings.enableRenderCompatibilityMode' is obsolete: 'This property is not used. #from(6000.4)'
Assets\GPUInstancer\Scripts\Core\Contract\GPUInstancerTerrainManager.cs(270,146): warning CS0618: 'Object.GetInstanceID()' is obsolete: 'GetInstanceID is deprecated. Use GetEntityId instead. This will be removed in a future version.'
Assets\GPUInstancer\Scripts\GPUInstancerEditorSimulator.cs(69,17): warning CS0618: 'RenderPipelineManager.beginFrameRendering' is obsolete: 'beginFrameRendering is deprecated. Use beginContextRendering instead. #from 2023.3'
Assets\GPUInstancer\Scripts\GPUInstancerEditorSimulator.cs(90,17): warning CS0618: 'RenderPipelineManager.beginFrameRendering' is obsolete: 'beginFrameRendering is deprecated. Use beginContextRendering instead. #from 2023.3'
Assets\GPUInstancer\Scripts\GPUInstancerEditorSimulator.cs(147,21): warning CS0618: 'RenderPipelineManager.beginFrameRendering' is obsolete: 'beginFrameRendering is deprecated. Use beginContextRendering instead. #from 2023.3'
Assets\GPUInstancer\Scripts\GPUInstancerEditorSimulator.cs(148,21): warning CS0618: 'RenderPipelineManager.beginFrameRendering' is obsolete: 'beginFrameRendering is deprecated. Use beginContextRendering instead. #from 2023.3'
Assets\GPUInstancer\Scripts\GPUInstancerDetailManager.cs(520,106): warning CS0618: 'Object.GetInstanceID()' is obsolete: 'GetInstanceID is deprecated. Use GetEntityId instead. This will be removed in a future version.'
Assets\GPUInstancer\Scripts\GPUInstancerDetailManager.cs(556,106): warning CS0618: 'Object.GetInstanceID()' is obsolete: 'GetInstanceID is deprecated. Use GetEntityId instead. This will be removed in a future version.'
Assets\GPUInstancer\Scripts\Core\Static\GPUInstancerUtility.cs(885,158): warning CS0618: 'Object.GetInstanceID()' is obsolete: 'GetInstanceID is deprecated. Use GetEntityId instead. This will be removed in a future version.'
Assets\GPUInstancer\Scripts\Core\Static\GPUInstancerUtility.cs(885,262): warning CS0618: 'Object.GetInstanceID()' is obsolete: 'GetInstanceID is deprecated. Use GetEntityId instead. This will be removed in a future version.'
Assets\GPUInstancer\Scripts\Core\Static\GPUInstancerUtility.cs(1351,50): warning CS0618: 'Object.GetInstanceID()' is obsolete: 'GetInstanceID is deprecated. Use GetEntityId instead. This will be removed in a future version.'
Assets\Feel\MMTools\Tools\MMPhysics\MMRigidbodyInterface.cs(121,13): warning CS0618: 'Rigidbody2D.isKinematic' is obsolete: 'isKinematic has been deprecated. Please use bodyType.'
Assets\Feel\MMTools\Tools\MMPhysics\MMRigidbodyInterface.cs(253,5): warning CS0618: 'Rigidbody2D.isKinematic' is obsolete: 'isKinematic has been deprecated. Please use bodyType.'
Assets\Feel\MMTools\Tools\MMHelpers\MMDebug.cs(563,41): warning CS0618: 'Object.FindObjectOfType(Type)' is obsolete: 'Object.FindObjectOfType has been deprecated. Use Object.FindFirstObjectByType instead or if finding any instance is acceptable the faster Object.FindAnyObjectByType'
Packages\com.coplaydev.unity-mcp\Runtime\Serialization\UnityTypeConverters.cs(298,39): warning CS0618: 'Object.GetInstanceID()' is obsolete: 'GetInstanceID is deprecated. Use GetEntityId instead. This will be removed in a future version.'
Packages\com.coplaydev.unity-mcp\Runtime\Serialization\UnityTypeConverters.cs(311,35): warning CS0618: 'Object.GetInstanceID()' is obsolete: 'GetInstanceID is deprecated. Use GetEntityId instead. This will be removed in a future version.'
Packages\com.coplaydev.unity-mcp\Runtime\Helpers\ScreenshotUtility.cs(95,73): warning CS0618: 'FindObjectsSortMode' is obsolete: 'FindObjectsSortMode has been deprecated. Use the FindObjectsByType overloads that do not take a FindObjectsSortMode parameter.'
Packages\com.coplaydev.unity-mcp\Runtime\Helpers\ScreenshotUtility.cs(95,28): warning CS0618: 'Object.FindObjectsByType<T>(FindObjectsSortMode)' is obsolete: 'FindObjectsByType with FindObjectsSortMode parameter has been deprecated. Use FindObjectsByType<T>() or FindObjectsByType<T>(FindObjectsInactive) instead. InstanceID will be replaced in the future with EntityId and previous sort order cannot be maintained.'
Packages\com.coplaydev.unity-mcp\Runtime\Serialization\UnityTypeConverters.cs(384,89): warning CS0618: 'EntityId.implicit operator EntityId(int)' is obsolete: 'EntityId will not be representable by an int in the future. This casting operator will be removed in a future version.'
Assets\AstarPathfindingProject\Core\AI\AIBase.cs(434,130): warning CS0618: 'Rigidbody2D.isKinematic' is obsolete: 'isKinematic has been deprecated. Please use bodyType.'
Assets\AstarPathfindingProject\Core\Serialization\TinyJson.cs(344,28): warning CS0618: 'Object.FindObjectsOfType<T>(bool)' is obsolete: 'Object.FindObjectsOfType has been deprecated. Use Object.FindObjectsByType instead which lets you decide whether you need the results sorted or not.  FindObjectsOfType sorts the results by InstanceID but if you do not need this using FindObjectSortMode.None is considerably faster.'
Assets\AstarPathfindingProject\Generators\Utilities\RecastMeshGatherer.cs(47,23): warning CS0618: 'Object.FindObjectsOfType<T>()' is obsolete: 'Object.FindObjectsOfType has been deprecated. Use Object.FindObjectsByType instead which lets you decide whether you need the results sorted or not.  FindObjectsOfType sorts the results by InstanceID but if you do not need this using FindObjectSortMode.None is considerably faster.'
Packages\com.jbooth.microsplat.core\Scripts\Editor\MicroSplatCompressor.cs(80,118): warning CS0618: 'FindObjectsSortMode' is obsolete: 'FindObjectsSortMode has been deprecated. Use the FindObjectsByType overloads that do not take a FindObjectsSortMode parameter.'
Packages\com.jbooth.microsplat.core\Scripts\Editor\MicroSplatCompressor.cs(80,42): warning CS0618: 'Object.FindObjectsByType<T>(FindObjectsInactive, FindObjectsSortMode)' is obsolete: 'FindObjectsByType with FindObjectsSortMode parameter has been deprecated. Use FindObjectsByType<T>() or FindObjectsByType<T>(FindObjectsInactive) instead. InstanceID will be replaced in the future with EntityId and previous sort order cannot be maintained.'
Packages\com.jbooth.microsplat.core\Scripts\Editor\MicroSplatCompressor.cs(93,118): warning CS0618: 'FindObjectsSortMode' is obsolete: 'FindObjectsSortMode has been deprecated. Use the FindObjectsByType overloads that do not take a FindObjectsSortMode parameter.'
Packages\com.jbooth.microsplat.core\Scripts\Editor\MicroSplatCompressor.cs(93,42): warning CS0618: 'Object.FindObjectsByType<T>(FindObjectsInactive, FindObjectsSortMode)' is obsolete: 'FindObjectsByType with FindObjectsSortMode parameter has been deprecated. Use FindObjectsByType<T>() or FindObjectsByType<T>(FindObjectsInactive) instead. InstanceID will be replaced in the future with EntityId and previous sort order cannot be maintained.'
Assets\AmplifyImpostors\Plugins\Scripts\HelperExtensions.cs(37,16): warning CS0618: 'ShaderUtil.GetPropertyCount(Shader)' is obsolete: 'Use Shader.GetPropertyCount instead.'
Assets\AmplifyImpostors\Plugins\Scripts\HelperExtensions.cs(40,14): warning CS0618: 'ShaderUtil.GetPropertyType(Shader, int)' is obsolete: 'Use Shader.GetPropertyType instead.'
Assets\AmplifyImpostors\Plugins\Scripts\HelperExtensions.cs(41,16): warning CS0618: 'ShaderUtil.GetPropertyName(Shader, int)' is obsolete: 'Use Shader.GetPropertyName instead.'
Assets\AmplifyImpostors\Plugins\Scripts\HelperExtensions.cs(44,11): warning CS0618: 'ShaderUtil.ShaderPropertyType' is obsolete: 'Use UnityEngine.Rendering.ShaderPropertyType instead.'
Assets\AmplifyImpostors\Plugins\Scripts\HelperExtensions.cs(47,11): warning CS0618: 'ShaderUtil.ShaderPropertyType' is obsolete: 'Use UnityEngine.Rendering.ShaderPropertyType instead.'
Assets\AmplifyImpostors\Plugins\Scripts\HelperExtensions.cs(50,11): warning CS0618: 'ShaderUtil.ShaderPropertyType' is obsolete: 'Use UnityEngine.Rendering.ShaderPropertyType instead.'
Assets\AmplifyImpostors\Plugins\Scripts\HelperExtensions.cs(53,11): warning CS0618: 'ShaderUtil.ShaderPropertyType' is obsolete: 'Use UnityEngine.Rendering.ShaderPropertyType instead.'
Assets\AmplifyImpostors\Plugins\Scripts\HelperExtensions.cs(56,11): warning CS0618: 'ShaderUtil.ShaderPropertyType' is obsolete: 'Use UnityEngine.Rendering.ShaderPropertyType instead.'
Assets\AmplifyImpostors\Plugins\Scripts\HelperExtensions.cs(56,11): warning CS0618: 'ShaderUtil.ShaderPropertyType.TexEnv' is obsolete: 'Use UnityEngine.Rendering.ShaderPropertyType.Texture instead.'
Assets\MeshBaker\scripts\MB3_MeshBakerRoot.cs(163,47): warning CS0618: 'Object.GetInstanceID()' is obsolete: 'GetInstanceID is deprecated. Use GetEntityId instead. This will be removed in a future version.'
Assets\MeshBaker\scripts\MB3_MeshBakerRoot.cs(165,36): warning CS0618: 'Object.GetInstanceID()' is obsolete: 'GetInstanceID is deprecated. Use GetEntityId instead. This will be removed in a future version.'
Assets\MeshBaker\scripts\MB3_MBVersionConcrete.cs(83,60): warning CS0618: 'FindObjectsSortMode' is obsolete: 'FindObjectsSortMode has been deprecated. Use the FindObjectsByType overloads that do not take a FindObjectsSortMode parameter.'
Assets\MeshBaker\scripts\MB3_MBVersionConcrete.cs(83,20): warning CS0618: 'Object.FindObjectsByType(Type, FindObjectsSortMode)' is obsolete: 'FindObjectsByType with FindObjectsSortMode parameter has been deprecated. Use FindObjectsByType(Type) or FindObjectsByType(Type, FindObjectsInactive) instead. InstanceID will be replaced in the future with EntityId and previous sort order cannot be maintained.'
Assets\MapMagic\Brush\Editor\BrushGraphTemplate.cs(31,37): warning CS0618: 'EndNameEditAction' is obsolete: 'EndNameEditAction is obsolete. Use AssetCreationEndAction that uses EntityId instead of int for instance IDs.'
Assets\MapMagic\Nodes\Editor\GraphTemplates.cs(31,32): warning CS0618: 'EndNameEditAction' is obsolete: 'EndNameEditAction is obsolete. Use AssetCreationEndAction that uses EntityId instead of int for instance IDs.'
Assets\MapMagic\Brush\Editor\BrushGraphTemplate.cs(24,5): warning CS0618: 'ProjectWindowUtil.StartNameEditingIfProjectWindowExists(int, EndNameEditAction, string, Texture2D, string)' is obsolete: 'StartNameEditingIfProjectWindowExists(int, EndNameEditAction, string, Texture2D, string) is obsolete. Use StartNameEditingIfProjectWindowExists(EntityId, AssetCreationEndAction, string, Texture2D, string) instead.'
Assets\MapMagic\Brush\Editor\BrushInspector.cs(262,32): warning CS0618: 'Object.FindObjectsOfType<T>()' is obsolete: 'Object.FindObjectsOfType has been deprecated. Use Object.FindObjectsByType instead which lets you decide whether you need the results sorted or not.  FindObjectsOfType sorts the results by InstanceID but if you do not need this using FindObjectSortMode.None is considerably faster.'
Assets\MapMagic\Core\Editor\MapMagicInspector.cs(686,27): warning CS0618: 'PlayerSettings.GetScriptingDefineSymbolsForGroup(BuildTargetGroup)' is obsolete: 'Use GetScriptingDefineSymbols(NamedBuildTarget buildTarget) instead'
Assets\MapMagic\Core\Editor\MapMagicInspector.cs(699,27): warning CS0618: 'PlayerSettings.GetScriptingDefineSymbolsForGroup(BuildTargetGroup)' is obsolete: 'Use GetScriptingDefineSymbols(NamedBuildTarget buildTarget) instead'
Assets\MapMagic\Core\Editor\MapMagicInspector.cs(711,4): warning CS0618: 'PlayerSettings.SetScriptingDefineSymbolsForGroup(BuildTargetGroup, string)' is obsolete: 'Use SetScriptingDefineSymbols(NamedBuildTarget buildTarget, string defines) instead'
Assets\MapMagic\Nodes\Editor\GraphTemplates.cs(24,5): warning CS0618: 'ProjectWindowUtil.StartNameEditingIfProjectWindowExists(int, EndNameEditAction, string, Texture2D, string)' is obsolete: 'StartNameEditingIfProjectWindowExists(int, EndNameEditAction, string, Texture2D, string) is obsolete. Use StartNameEditingIfProjectWindowExists(EntityId, AssetCreationEndAction, string, Texture2D, string) instead.'
Assets\MapMagic\Nodes\Editor\GraphWindow.cs(1153,30): warning CS0618: 'EditorUtility.InstanceIDToObject(int)' is obsolete: 'InstanceIDToObject(int) is obsolete. Use EditorUtility.EntityIdToObject instead.'
Assets\AstarPathfindingProject\Editor\AIBaseEditor.cs(116,131): warning CS0618: 'Rigidbody2D.isKinematic' is obsolete: 'isKinematic has been deprecated. Please use bodyType.'
Assets\AstarPathfindingProject\Editor\GraphEditors\GridGeneratorEditor.cs(128,20): warning CS0618: 'Object.FindObjectsOfType<T>()' is obsolete: 'Object.FindObjectsOfType has been deprecated. Use Object.FindObjectsByType instead which lets you decide whether you need the results sorted or not.  FindObjectsOfType sorts the results by InstanceID but if you do not need this using FindObjectSortMode.None is considerably faster.'
Assets\AstarPathfindingProject\Editor\AstarUpdateChecker.cs(213,63): warning CS0618: 'Object.FindObjectOfType(Type)' is obsolete: 'Object.FindObjectOfType has been deprecated. Use Object.FindFirstObjectByType instead or if finding any instance is acceptable the faster Object.FindAnyObjectByType'
Assets\AstarPathfindingProject\Editor\AstarUpdateChecker.cs(215,19): warning CS0618: 'Object.FindObjectOfType(Type)' is obsolete: 'Object.FindObjectOfType has been deprecated. Use Object.FindFirstObjectByType instead or if finding any instance is acceptable the faster Object.FindAnyObjectByType'
Assets\MeshBaker\Editor\MB3_MBVersionConcreteEditor.cs(211,46): warning CS0618: 'TextureImporterFormat.PVRTC_RGB2' is obsolete: 'Texture compression format PVRTC has been deprecated and will be removed in a future release'
Assets\MeshBaker\Editor\MB3_MBVersionConcreteEditor.cs(212,46): warning CS0618: 'TextureImporterFormat.PVRTC_RGB4' is obsolete: 'Texture compression format PVRTC has been deprecated and will be removed in a future release'
Assets\MeshBaker\Editor\MB3_MBVersionConcreteEditor.cs(213,46): warning CS0618: 'TextureImporterFormat.PVRTC_RGBA2' is obsolete: 'Texture compression format PVRTC has been deprecated and will be removed in a future release'
Assets\MeshBaker\Editor\MB3_MBVersionConcreteEditor.cs(214,46): warning CS0618: 'TextureImporterFormat.PVRTC_RGBA4' is obsolete: 'Texture compression format PVRTC has been deprecated and will be removed in a future release'
Assets\MeshBaker\Editor\MB3_MBVersionConcreteEditor.cs(454,22): warning CS0618: 'TextureFormat.PVRTC_RGB2' is obsolete: 'Texture compression format PVRTC has been deprecated and will be removed in a future release'
Assets\MeshBaker\Editor\MB3_MBVersionConcreteEditor.cs(455,41): warning CS0618: 'TextureImporterFormat.PVRTC_RGB2' is obsolete: 'Texture compression format PVRTC has been deprecated and will be removed in a future release'
Assets\MeshBaker\Editor\MB3_MBVersionConcreteEditor.cs(457,22): warning CS0618: 'TextureFormat.PVRTC_RGB4' is obsolete: 'Texture compression format PVRTC has been deprecated and will be removed in a future release'
Assets\MeshBaker\Editor\MB3_MBVersionConcreteEditor.cs(458,41): warning CS0618: 'TextureImporterFormat.PVRTC_RGB4' is obsolete: 'Texture compression format PVRTC has been deprecated and will be removed in a future release'
Assets\MeshBaker\Editor\MB3_MBVersionConcreteEditor.cs(460,22): warning CS0618: 'TextureFormat.PVRTC_RGBA2' is obsolete: 'Texture compression format PVRTC has been deprecated and will be removed in a future release'
Assets\MeshBaker\Editor\MB3_MBVersionConcreteEditor.cs(461,41): warning CS0618: 'TextureImporterFormat.PVRTC_RGBA2' is obsolete: 'Texture compression format PVRTC has been deprecated and will be removed in a future release'
Assets\MeshBaker\Editor\MB3_MBVersionConcreteEditor.cs(463,22): warning CS0618: 'TextureFormat.PVRTC_RGBA4' is obsolete: 'Texture compression format PVRTC has been deprecated and will be removed in a future release'
Assets\MeshBaker\Editor\MB3_MBVersionConcreteEditor.cs(464,41): warning CS0618: 'TextureImporterFormat.PVRTC_RGBA4' is obsolete: 'Texture compression format PVRTC has been deprecated and will be removed in a future release'
Assets\MeshBaker\Editor\MB_TextureBakerEditorConfigureMultiMaterials.cs(321,62): warning CS0618: 'Object.GetInstanceID()' is obsolete: 'GetInstanceID is deprecated. Use GetEntityId instead. This will be removed in a future version.'
Assets\MeshBaker\Editor\MB_TextureBakerEditorConfigureMultiMaterials.cs(328,53): warning CS0618: 'Object.GetInstanceID()' is obsolete: 'GetInstanceID is deprecated. Use GetEntityId instead. This will be removed in a future version.'
Assets\MeshBaker\Editor\MB3_MeshBakerEditorInternal.cs(290,37): warning CS0618: 'Object.GetInstanceID()' is obsolete: 'GetInstanceID is deprecated. Use GetEntityId instead. This will be removed in a future version.'
Assets\MeshBaker\Editor\MB3_MeshBakerEditorInternal.cs(389,37): warning CS0618: 'Object.GetInstanceID()' is obsolete: 'GetInstanceID is deprecated. Use GetEntityId instead. This will be removed in a future version.'
Assets\MeshBaker\Editor\MB3_MeshBakerEditorWindowAnalyseSceneTab.cs(475,62): warning CS0618: 'Object.GetInstanceID()' is obsolete: 'GetInstanceID is deprecated. Use GetEntityId instead. This will be removed in a future version.'
Assets\MeshBaker\Editor\MB3_MeshBakerEditorWindowAnalyseSceneTab.cs(482,53): warning CS0618: 'Object.GetInstanceID()' is obsolete: 'GetInstanceID is deprecated. Use GetEntityId instead. This will be removed in a future version.'
Assets\MeshBaker\Editor\MB3_MeshBakerEditorWindowAddObjectsTab.cs(487,71): warning CS0618: 'Object.GetInstanceID()' is obsolete: 'GetInstanceID is deprecated. Use GetEntityId instead. This will be removed in a future version.'
Assets\MeshBaker\Editor\MB3_MeshBakerEditorWindowAddObjectsTab.cs(490,62): warning CS0618: 'Object.GetInstanceID()' is obsolete: 'GetInstanceID is deprecated. Use GetEntityId instead. This will be removed in a future version.'
Assets\Feel\MMTools\Editor\MMAttributes\MMMonoBehaviourDrawer.cs(72,124): warning CS0618: 'Object.GetInstanceID()' is obsolete: 'GetInstanceID is deprecated. Use GetEntityId instead. This will be removed in a future version.'
Assets\Feel\MMTools\Editor\MMAttributes\MMMonoBehaviourDrawer.cs(133,102): warning CS0618: 'Object.GetInstanceID()' is obsolete: 'GetInstanceID is deprecated. Use GetEntityId instead. This will be removed in a future version.'
Packages\com.coplaydev.unity-mcp\Editor\Helpers\GameObjectLookup.cs(73,51): warning CS0618: 'EntityId.implicit operator EntityId(int)' is obsolete: 'EntityId will not be representable by an int in the future. This casting operator will be removed in a future version.'
Packages\com.coplaydev.unity-mcp\Editor\Helpers\GameObjectLookup.cs(158,42): warning CS0618: 'Object.GetInstanceID()' is obsolete: 'GetInstanceID is deprecated. Use GetEntityId instead. This will be removed in a future version.'
Packages\com.coplaydev.unity-mcp\Editor\Helpers\GameObjectLookup.cs(173,38): warning CS0618: 'Object.GetInstanceID()' is obsolete: 'GetInstanceID is deprecated. Use GetEntityId instead. This will be removed in a future version.'
Packages\com.coplaydev.unity-mcp\Editor\Helpers\GameObjectLookup.cs(190,38): warning CS0618: 'Object.GetInstanceID()' is obsolete: 'GetInstanceID is deprecated. Use GetEntityId instead. This will be removed in a future version.'
Packages\com.coplaydev.unity-mcp\Editor\Helpers\GameObjectLookup.cs(200,34): warning CS0618: 'Object.GetInstanceID()' is obsolete: 'GetInstanceID is deprecated. Use GetEntityId instead. This will be removed in a future version.'
Packages\com.coplaydev.unity-mcp\Editor\Helpers\GameObjectLookup.cs(233,30): warning CS0618: 'Object.GetInstanceID()' is obsolete: 'GetInstanceID is deprecated. Use GetEntityId instead. This will be removed in a future version.'
Packages\com.coplaydev.unity-mcp\Editor\Helpers\GameObjectSerializer.cs(31,30): warning CS0618: 'Object.GetInstanceID()' is obsolete: 'GetInstanceID is deprecated. Use GetEntityId instead. This will be removed in a future version.'
Packages\com.coplaydev.unity-mcp\Editor\Helpers\GameObjectSerializer.cs(91,56): warning CS0618: 'Object.GetInstanceID()' is obsolete: 'GetInstanceID is deprecated. Use GetEntityId instead. This will be removed in a future version.'
Packages\com.coplaydev.unity-mcp\Editor\Helpers\GameObjectLookup.cs(257,30): warning CS0618: 'Object.GetInstanceID()' is obsolete: 'GetInstanceID is deprecated. Use GetEntityId instead. This will be removed in a future version.'
Packages\com.coplaydev.unity-mcp\Editor\Helpers\GameObjectLookup.cs(277,34): warning CS0618: 'Object.GetInstanceID()' is obsolete: 'GetInstanceID is deprecated. Use GetEntityId instead. This will be removed in a future version.'
Packages\com.coplaydev.unity-mcp\Editor\Resources\Editor\Windows.cs(42,42): warning CS0618: 'Object.GetInstanceID()' is obsolete: 'GetInstanceID is deprecated. Use GetEntityId instead. This will be removed in a future version.'
Packages\com.coplaydev.unity-mcp\Editor\Helpers\GameObjectSerializer.cs(147,33): warning CS0618: 'Object.GetInstanceID()' is obsolete: 'GetInstanceID is deprecated. Use GetEntityId instead. This will be removed in a future version.'
Packages\com.coplaydev.unity-mcp\Editor\Helpers\ComponentOps.cs(968,92): warning CS0618: 'Object.GetInstanceID()' is obsolete: 'GetInstanceID is deprecated. Use GetEntityId instead. This will be removed in a future version.'
Packages\com.coplaydev.unity-mcp\Editor\Resources\Scene\GameObjectResource.cs(176,42): warning CS0618: 'Object.GetInstanceID()' is obsolete: 'GetInstanceID is deprecated. Use GetEntityId instead. This will be removed in a future version.'
Packages\com.coplaydev.unity-mcp\Editor\Resources\Scene\GameObjectResource.cs(87,33): warning CS0618: 'Object.GetInstanceID()' is obsolete: 'GetInstanceID is deprecated. Use GetEntityId instead. This will be removed in a future version.'
Packages\com.coplaydev.unity-mcp\Editor\Resources\Scene\GameObjectResource.cs(92,30): warning CS0618: 'Object.GetInstanceID()' is obsolete: 'GetInstanceID is deprecated. Use GetEntityId instead. This will be removed in a future version.'
Packages\com.coplaydev.unity-mcp\Editor\Resources\Scene\GameObjectResource.cs(109,53): warning CS0618: 'Object.GetInstanceID()' is obsolete: 'GetInstanceID is deprecated. Use GetEntityId instead. This will be removed in a future version.'
Packages\com.coplaydev.unity-mcp\Editor\Resources\Editor\Selection.cs(24,75): warning CS0618: 'Object.GetInstanceID()' is obsolete: 'GetInstanceID is deprecated. Use GetEntityId instead. This will be removed in a future version.'
Packages\com.coplaydev.unity-mcp\Editor\Resources\Editor\Selection.cs(31,46): warning CS0618: 'Object.GetInstanceID()' is obsolete: 'GetInstanceID is deprecated. Use GetEntityId instead. This will be removed in a future version.'
Packages\com.coplaydev.unity-mcp\Editor\Resources\Editor\Selection.cs(38,45): warning CS0618: 'Object.GetInstanceID()' is obsolete: 'GetInstanceID is deprecated. Use GetEntityId instead. This will be removed in a future version.'
Packages\com.coplaydev.unity-mcp\Editor\Helpers\GameObjectSerializer.cs(181,37): warning CS0618: 'Object.GetInstanceID()' is obsolete: 'GetInstanceID is deprecated. Use GetEntityId instead. This will be removed in a future version.'
Packages\com.coplaydev.unity-mcp\Editor\Helpers\GameObjectSerializer.cs(191,53): warning CS0618: 'Object.GetInstanceID()' is obsolete: 'GetInstanceID is deprecated. Use GetEntityId instead. This will be removed in a future version.'
Packages\com.coplaydev.unity-mcp\Editor\Helpers\GameObjectSerializer.cs(192,49): warning CS0618: 'Object.GetInstanceID()' is obsolete: 'GetInstanceID is deprecated. Use GetEntityId instead. This will be removed in a future version.'
Packages\com.coplaydev.unity-mcp\Editor\Helpers\GameObjectSerializer.cs(197,61): warning CS0618: 'Object.GetInstanceID()' is obsolete: 'GetInstanceID is deprecated. Use GetEntityId instead. This will be removed in a future version.'
Packages\com.coplaydev.unity-mcp\Editor\Helpers\GameObjectSerializer.cs(236,90): warning CS0618: 'Object.GetInstanceID()' is obsolete: 'GetInstanceID is deprecated. Use GetEntityId instead. This will be removed in a future version.'
Packages\com.coplaydev.unity-mcp\Editor\Helpers\GameObjectSerializer.cs(259,37): warning CS0618: 'Object.GetInstanceID()' is obsolete: 'GetInstanceID is deprecated. Use GetEntityId instead. This will be removed in a future version.'
Packages\com.coplaydev.unity-mcp\Editor\Helpers\GameObjectSerializer.cs(325,37): warning CS0618: 'Object.GetInstanceID()' is obsolete: 'GetInstanceID is deprecated. Use GetEntityId instead. This will be removed in a future version.'
Packages\com.coplaydev.unity-mcp\Editor\Helpers\GameObjectSerializer.cs(334,33): warning CS0618: 'Object.GetInstanceID()' is obsolete: 'GetInstanceID is deprecated. Use GetEntityId instead. This will be removed in a future version.'
Packages\com.coplaydev.unity-mcp\Editor\Tools\Cameras\CameraConfigure.cs(39,43): warning CS0618: 'Object.GetInstanceID()' is obsolete: 'GetInstanceID is deprecated. Use GetEntityId instead. This will be removed in a future version.'
Packages\com.coplaydev.unity-mcp\Editor\Tools\Graphics\LightBakingOps.cs(127,34): warning CS0618: 'Object.GetInstanceID()' is obsolete: 'GetInstanceID is deprecated. Use GetEntityId instead. This will be removed in a future version.'
Packages\com.coplaydev.unity-mcp\Editor\Tools\Cameras\CameraCreate.cs(65,34): warning CS0618: 'Object.GetInstanceID()' is obsolete: 'GetInstanceID is deprecated. Use GetEntityId instead. This will be removed in a future version.'
Packages\com.coplaydev.unity-mcp\Editor\Tools\Cameras\CameraControl.cs(17,89): warning CS0618: 'FindObjectsSortMode' is obsolete: 'FindObjectsSortMode has been deprecated. Use the FindObjectsByType overloads that do not take a FindObjectsSortMode parameter.'
Packages\com.coplaydev.unity-mcp\Editor\Tools\Cameras\CameraControl.cs(17,32): warning CS0618: 'Object.FindObjectsByType<T>(FindObjectsSortMode)' is obsolete: 'FindObjectsByType with FindObjectsSortMode parameter has been deprecated. Use FindObjectsByType<T>() or FindObjectsByType<T>(FindObjectsInactive) instead. InstanceID will be replaced in the future with EntityId and previous sort order cannot be maintained.'
Packages\com.coplaydev.unity-mcp\Editor\Tools\Cameras\CameraControl.cs(29,74): warning CS0618: 'FindObjectsSortMode' is obsolete: 'FindObjectsSortMode has been deprecated. Use the FindObjectsByType overloads that do not take a FindObjectsSortMode parameter.'
Packages\com.coplaydev.unity-mcp\Editor\Tools\Cameras\CameraControl.cs(29,29): warning CS0618: 'Object.FindObjectsByType(Type, FindObjectsSortMode)' is obsolete: 'FindObjectsByType with FindObjectsSortMode parameter has been deprecated. Use FindObjectsByType(Type) or FindObjectsByType(Type, FindObjectsInactive) instead. InstanceID will be replaced in the future with EntityId and previous sort order cannot be maintained.'
Packages\com.coplaydev.unity-mcp\Editor\Tools\Cameras\CameraControl.cs(58,38): warning CS0618: 'Object.GetInstanceID()' is obsolete: 'GetInstanceID is deprecated. Use GetEntityId instead. This will be removed in a future version.'
Packages\com.coplaydev.unity-mcp\Editor\Tools\Cameras\CameraControl.cs(62,101): warning CS0618: 'Object.GetInstanceID()' is obsolete: 'GetInstanceID is deprecated. Use GetEntityId instead. This will be removed in a future version.'
Packages\com.coplaydev.unity-mcp\Editor\Tools\Cameras\CameraControl.cs(63,101): warning CS0618: 'Object.GetInstanceID()' is obsolete: 'GetInstanceID is deprecated. Use GetEntityId instead. This will be removed in a future version.'
Packages\com.coplaydev.unity-mcp\Editor\Tools\Cameras\CameraControl.cs(79,34): warning CS0618: 'Object.GetInstanceID()' is obsolete: 'GetInstanceID is deprecated. Use GetEntityId instead. This will be removed in a future version.'
Packages\com.coplaydev.unity-mcp\Editor\Tools\Cameras\CameraControl.cs(105,40): warning CS0618: 'Object.GetInstanceID()' is obsolete: 'GetInstanceID is deprecated. Use GetEntityId instead. This will be removed in a future version.'
Packages\com.coplaydev.unity-mcp\Editor\Tools\Cameras\CameraControl.cs(112,38): warning CS0618: 'Object.GetInstanceID()' is obsolete: 'GetInstanceID is deprecated. Use GetEntityId instead. This will be removed in a future version.'
Packages\com.coplaydev.unity-mcp\Editor\Tools\Graphics\GraphicsHelpers.cs(113,83): warning CS0618: 'FindObjectsSortMode' is obsolete: 'FindObjectsSortMode has been deprecated. Use the FindObjectsByType overloads that do not take a FindObjectsSortMode parameter.'
Packages\com.coplaydev.unity-mcp\Editor\Tools\Graphics\GraphicsHelpers.cs(113,34): warning CS0618: 'Object.FindObjectsByType(Type, FindObjectsSortMode)' is obsolete: 'FindObjectsByType with FindObjectsSortMode parameter has been deprecated. Use FindObjectsByType(Type) or FindObjectsByType(Type, FindObjectsInactive) instead. InstanceID will be replaced in the future with EntityId and previous sort order cannot be maintained.'
Packages\com.coplaydev.unity-mcp\Editor\Tools\Cameras\CameraConfigure.cs(68,43): warning CS0618: 'Object.GetInstanceID()' is obsolete: 'GetInstanceID is deprecated. Use GetEntityId instead. This will be removed in a future version.'
Packages\com.coplaydev.unity-mcp\Editor\Tools\Cameras\CameraControl.cs(150,32): warning CS0618: 'Object.GetInstanceID()' is obsolete: 'GetInstanceID is deprecated. Use GetEntityId instead. This will be removed in a future version.'
Packages\com.coplaydev.unity-mcp\Editor\Tools\Cameras\CameraControl.cs(166,34): warning CS0618: 'Object.GetInstanceID()' is obsolete: 'GetInstanceID is deprecated. Use GetEntityId instead. This will be removed in a future version.'
Packages\com.coplaydev.unity-mcp\Editor\Tools\Graphics\VolumeOps.cs(127,34): warning CS0618: 'Object.GetInstanceID()' is obsolete: 'GetInstanceID is deprecated. Use GetEntityId instead. This will be removed in a future version.'
Packages\com.coplaydev.unity-mcp\Editor\Tools\Cameras\CameraConfigure.cs(91,43): warning CS0618: 'Object.GetInstanceID()' is obsolete: 'GetInstanceID is deprecated. Use GetEntityId instead. This will be removed in a future version.'
Packages\com.coplaydev.unity-mcp\Editor\Tools\Cameras\CameraHelpers.cs(145,20): warning CS0618: 'Object.FindFirstObjectByType(Type)' is obsolete: 'FindFirstObjectByType has been deprecated because it relies on instance ID ordering. Use FindAnyObjectByType instead, which does not depend on ordering.'
Packages\com.coplaydev.unity-mcp\Editor\Tools\GameObjects\GameObjectDelete.cs(27,32): warning CS0618: 'Object.GetInstanceID()' is obsolete: 'GetInstanceID is deprecated. Use GetEntityId instead. This will be removed in a future version.'
Packages\com.coplaydev.unity-mcp\Editor\Tools\Cameras\CameraHelpers.cs(157,84): warning CS0618: 'FindObjectsSortMode' is obsolete: 'FindObjectsSortMode has been deprecated. Use the FindObjectsByType overloads that do not take a FindObjectsSortMode parameter.'
Packages\com.coplaydev.unity-mcp\Editor\Tools\Cameras\CameraHelpers.cs(157,27): warning CS0618: 'Object.FindObjectsByType<T>(FindObjectsSortMode)' is obsolete: 'FindObjectsByType with FindObjectsSortMode parameter has been deprecated. Use FindObjectsByType<T>() or FindObjectsByType<T>(FindObjectsInactive) instead. InstanceID will be replaced in the future with EntityId and previous sort order cannot be maintained.'
Packages\com.coplaydev.unity-mcp\Editor\Tools\ManageComponents.cs(121,34): warning CS0618: 'Object.GetInstanceID()' is obsolete: 'GetInstanceID is deprecated. Use GetEntityId instead. This will be removed in a future version.'
Packages\com.coplaydev.unity-mcp\Editor\Tools\ManageComponents.cs(123,43): warning CS0618: 'Object.GetInstanceID()' is obsolete: 'GetInstanceID is deprecated. Use GetEntityId instead. This will be removed in a future version.'
Packages\com.coplaydev.unity-mcp\Editor\Tools\Cameras\CameraCreate.cs(152,34): warning CS0618: 'Object.GetInstanceID()' is obsolete: 'GetInstanceID is deprecated. Use GetEntityId instead. This will be removed in a future version.'
Packages\com.coplaydev.unity-mcp\Editor\Tools\Cameras\CameraControl.cs(220,43): warning CS0618: 'Object.GetInstanceID()' is obsolete: 'GetInstanceID is deprecated. Use GetEntityId instead. This will be removed in a future version.'
Packages\com.coplaydev.unity-mcp\Editor\Tools\ManageComponents.cs(165,34): warning CS0618: 'Object.GetInstanceID()' is obsolete: 'GetInstanceID is deprecated. Use GetEntityId instead. This will be removed in a future version.'
Packages\com.coplaydev.unity-mcp\Editor\Tools\GameObjects\ManageGameObjectCommon.cs(71,74): warning CS0618: 'Object.GetInstanceID()' is obsolete: 'GetInstanceID is deprecated. Use GetEntityId instead. This will be removed in a future version.'
Packages\com.coplaydev.unity-mcp\Editor\Tools\GameObjects\ManageGameObjectCommon.cs(159,108): warning CS0618: 'FindObjectsSortMode' is obsolete: 'FindObjectsSortMode has been deprecated. Use the FindObjectsByType overloads that do not take a FindObjectsSortMode parameter.'
Packages\com.coplaydev.unity-mcp\Editor\Tools\GameObjects\ManageGameObjectCommon.cs(159,46): warning CS0618: 'Object.FindObjectsByType(Type, FindObjectsInactive, FindObjectsSortMode)' is obsolete: 'FindObjectsByType with FindObjectsSortMode parameter has been deprecated. Use FindObjectsByType(Type) or FindObjectsByType(Type, FindObjectsInactive) instead. InstanceID will be replaced in the future with EntityId and previous sort order cannot be maintained.'
Packages\com.coplaydev.unity-mcp\Editor\Tools\GameObjects\ManageGameObjectCommon.cs(180,80): warning CS0618: 'Object.GetInstanceID()' is obsolete: 'GetInstanceID is deprecated. Use GetEntityId instead. This will be removed in a future version.'
Packages\com.coplaydev.unity-mcp\Editor\Tools\Cameras\CameraConfigure.cs(119,43): warning CS0618: 'Object.GetInstanceID()' is obsolete: 'GetInstanceID is deprecated. Use GetEntityId instead. This will be removed in a future version.'
Packages\com.coplaydev.unity-mcp\Editor\Tools\Graphics\LightBakingOps.cs(277,34): warning CS0618: 'Object.GetInstanceID()' is obsolete: 'GetInstanceID is deprecated. Use GetEntityId instead. This will be removed in a future version.'
Packages\com.coplaydev.unity-mcp\Editor\Tools\Cameras\CameraControl.cs(249,47): warning CS0618: 'Object.GetInstanceID()' is obsolete: 'GetInstanceID is deprecated. Use GetEntityId instead. This will be removed in a future version.'
Packages\com.coplaydev.unity-mcp\Editor\Tools\Cameras\CameraControl.cs(276,47): warning CS0618: 'Object.GetInstanceID()' is obsolete: 'GetInstanceID is deprecated. Use GetEntityId instead. This will be removed in a future version.'
Packages\com.coplaydev.unity-mcp\Editor\Tools\Cameras\CameraControl.cs(286,34): warning CS0618: 'Object.GetInstanceID()' is obsolete: 'GetInstanceID is deprecated. Use GetEntityId instead. This will be removed in a future version.'
Packages\com.coplaydev.unity-mcp\Editor\Tools\Cameras\CameraCreate.cs(176,38): warning CS0618: 'Object.GetInstanceID()' is obsolete: 'GetInstanceID is deprecated. Use GetEntityId instead. This will be removed in a future version.'
Packages\com.coplaydev.unity-mcp\Editor\Tools\Cameras\CameraCreate.cs(244,34): warning CS0618: 'Object.GetInstanceID()' is obsolete: 'GetInstanceID is deprecated. Use GetEntityId instead. This will be removed in a future version.'
Packages\com.coplaydev.unity-mcp\Editor\Tools\Graphics\LightBakingOps.cs(330,34): warning CS0618: 'Object.GetInstanceID()' is obsolete: 'GetInstanceID is deprecated. Use GetEntityId instead. This will be removed in a future version.'
Packages\com.coplaydev.unity-mcp\Editor\Tools\ManageComponents.cs(249,42): warning CS0618: 'Object.GetInstanceID()' is obsolete: 'GetInstanceID is deprecated. Use GetEntityId instead. This will be removed in a future version.'
Packages\com.coplaydev.unity-mcp\Editor\Tools\ManageComponents.cs(261,38): warning CS0618: 'Object.GetInstanceID()' is obsolete: 'GetInstanceID is deprecated. Use GetEntityId instead. This will be removed in a future version.'
Packages\com.coplaydev.unity-mcp\Editor\Tools\Cameras\CameraConfigure.cs(150,43): warning CS0618: 'Object.GetInstanceID()' is obsolete: 'GetInstanceID is deprecated. Use GetEntityId instead. This will be removed in a future version.'
Packages\com.coplaydev.unity-mcp\Editor\Tools\GameObjects\GameObjectDuplicate.cs(80,34): warning CS0618: 'Object.GetInstanceID()' is obsolete: 'GetInstanceID is deprecated. Use GetEntityId instead. This will be removed in a future version.'
Packages\com.coplaydev.unity-mcp\Editor\Tools\Graphics\LightBakingOps.cs(386,34): warning CS0618: 'Object.GetInstanceID()' is obsolete: 'GetInstanceID is deprecated. Use GetEntityId instead. This will be removed in a future version.'
Packages\com.coplaydev.unity-mcp\Editor\Tools\Graphics\VolumeOps.cs(192,92): warning CS0618: 'Object.GetInstanceID()' is obsolete: 'GetInstanceID is deprecated. Use GetEntityId instead. This will be removed in a future version.'
Packages\com.coplaydev.unity-mcp\Editor\Tools\Cameras\CameraConfigure.cs(184,43): warning CS0618: 'Object.GetInstanceID()' is obsolete: 'GetInstanceID is deprecated. Use GetEntityId instead. This will be removed in a future version.'
Packages\com.coplaydev.unity-mcp\Editor\Tools\GameObjects\GameObjectLookAt.cs(56,34): warning CS0618: 'Object.GetInstanceID()' is obsolete: 'GetInstanceID is deprecated. Use GetEntityId instead. This will be removed in a future version.'
Packages\com.coplaydev.unity-mcp\Editor\Tools\Graphics\SkyboxOps.cs(94,82): warning CS0618: 'Object.GetInstanceID()' is obsolete: 'GetInstanceID is deprecated. Use GetEntityId instead. This will be removed in a future version.'
Packages\com.coplaydev.unity-mcp\Editor\Tools\Cameras\CameraConfigure.cs(221,43): warning CS0618: 'Object.GetInstanceID()' is obsolete: 'GetInstanceID is deprecated. Use GetEntityId instead. This will be removed in a future version.'
Packages\com.coplaydev.unity-mcp\Editor\Tools\ManageMaterial.cs(420,61): warning CS0618: 'Object.GetInstanceID()' is obsolete: 'GetInstanceID is deprecated. Use GetEntityId instead. This will be removed in a future version.'
Packages\com.coplaydev.unity-mcp\Editor\Tools\Graphics\RendererFeatureOps.cs(165,34): warning CS0618: 'Object.GetInstanceID()' is obsolete: 'GetInstanceID is deprecated. Use GetEntityId instead. This will be removed in a future version.'
Packages\com.coplaydev.unity-mcp\Editor\Tools\Cameras\CameraConfigure.cs(256,43): warning CS0618: 'Object.GetInstanceID()' is obsolete: 'GetInstanceID is deprecated. Use GetEntityId instead. This will be removed in a future version.'
Packages\com.coplaydev.unity-mcp\Editor\Tools\Cameras\CameraConfigure.cs(291,43): warning CS0618: 'Object.GetInstanceID()' is obsolete: 'GetInstanceID is deprecated. Use GetEntityId instead. This will be removed in a future version.'
Packages\com.coplaydev.unity-mcp\Editor\Tools\Graphics\SkyboxOps.cs(376,34): warning CS0618: 'Object.GetInstanceID()' is obsolete: 'GetInstanceID is deprecated. Use GetEntityId instead. This will be removed in a future version.'
Packages\com.coplaydev.unity-mcp\Editor\Tools\Cameras\CameraConfigure.cs(323,43): warning CS0618: 'Object.GetInstanceID()' is obsolete: 'GetInstanceID is deprecated. Use GetEntityId instead. This will be removed in a future version.'
Packages\com.coplaydev.unity-mcp\Editor\Tools\ManageScene.cs(602,88): warning CS0618: 'FindObjectsSortMode' is obsolete: 'FindObjectsSortMode has been deprecated. Use the FindObjectsByType overloads that do not take a FindObjectsSortMode parameter.'
Packages\com.coplaydev.unity-mcp\Editor\Tools\ManageScene.cs(602,43): warning CS0618: 'Object.FindObjectsByType<T>(FindObjectsSortMode)' is obsolete: 'FindObjectsByType with FindObjectsSortMode parameter has been deprecated. Use FindObjectsByType<T>() or FindObjectsByType<T>(FindObjectsInactive) instead. InstanceID will be replaced in the future with EntityId and previous sort order cannot be maintained.'
Packages\com.coplaydev.unity-mcp\Editor\Tools\ManageScene.cs(644,110): warning CS0618: 'FindObjectsSortMode' is obsolete: 'FindObjectsSortMode has been deprecated. Use the FindObjectsByType overloads that do not take a FindObjectsSortMode parameter.'
Packages\com.coplaydev.unity-mcp\Editor\Tools\ManageScene.cs(644,65): warning CS0618: 'Object.FindObjectsByType<T>(FindObjectsSortMode)' is obsolete: 'FindObjectsByType with FindObjectsSortMode parameter has been deprecated. Use FindObjectsByType<T>() or FindObjectsByType<T>(FindObjectsInactive) instead. InstanceID will be replaced in the future with EntityId and previous sort order cannot be maintained.'
Packages\com.coplaydev.unity-mcp\Editor\Tools\Cameras\CameraConfigure.cs(354,43): warning CS0618: 'Object.GetInstanceID()' is obsolete: 'GetInstanceID is deprecated. Use GetEntityId instead. This will be removed in a future version.'
Packages\com.coplaydev.unity-mcp\Editor\Tools\ManageScene.cs(823,84): warning CS0618: 'FindObjectsSortMode' is obsolete: 'FindObjectsSortMode has been deprecated. Use the FindObjectsByType overloads that do not take a FindObjectsSortMode parameter.'
Packages\com.coplaydev.unity-mcp\Editor\Tools\ManageScene.cs(823,37): warning CS0618: 'Object.FindObjectsByType<T>(FindObjectsSortMode)' is obsolete: 'FindObjectsByType with FindObjectsSortMode parameter has been deprecated. Use FindObjectsByType<T>() or FindObjectsByType<T>(FindObjectsInactive) instead. InstanceID will be replaced in the future with EntityId and previous sort order cannot be maintained.'
Packages\com.coplaydev.unity-mcp\Editor\Tools\ManageAsset.cs(805,38): warning CS0618: 'Object.GetInstanceID()' is obsolete: 'GetInstanceID is deprecated. Use GetEntityId instead. This will be removed in a future version.'
Packages\com.coplaydev.unity-mcp\Editor\Tools\ManageScene.cs(968,84): warning CS0618: 'FindObjectsSortMode' is obsolete: 'FindObjectsSortMode has been deprecated. Use the FindObjectsByType overloads that do not take a FindObjectsSortMode parameter.'
Packages\com.coplaydev.unity-mcp\Editor\Tools\ManageScene.cs(968,37): warning CS0618: 'Object.FindObjectsByType<T>(FindObjectsSortMode)' is obsolete: 'FindObjectsByType with FindObjectsSortMode parameter has been deprecated. Use FindObjectsByType<T>() or FindObjectsByType<T>(FindObjectsInactive) instead. InstanceID will be replaced in the future with EntityId and previous sort order cannot be maintained.'
Packages\com.coplaydev.unity-mcp\Editor\Tools\Graphics\VolumeOps.cs(458,95): warning CS0618: 'FindObjectsSortMode' is obsolete: 'FindObjectsSortMode has been deprecated. Use the FindObjectsByType overloads that do not take a FindObjectsSortMode parameter.'
Packages\com.coplaydev.unity-mcp\Editor\Tools\Graphics\VolumeOps.cs(458,30): warning CS0618: 'Object.FindObjectsByType(Type, FindObjectsSortMode)' is obsolete: 'FindObjectsByType with FindObjectsSortMode parameter has been deprecated. Use FindObjectsByType(Type) or FindObjectsByType(Type, FindObjectsInactive) instead. InstanceID will be replaced in the future with EntityId and previous sort order cannot be maintained.'
Packages\com.coplaydev.unity-mcp\Editor\Tools\ManageScene.cs(1220,72): warning CS0618: 'FindObjectsSortMode' is obsolete: 'FindObjectsSortMode has been deprecated. Use the FindObjectsByType overloads that do not take a FindObjectsSortMode parameter.'
Packages\com.coplaydev.unity-mcp\Editor\Tools\ManageScene.cs(1220,27): warning CS0618: 'Object.FindObjectsByType<T>(FindObjectsSortMode)' is obsolete: 'FindObjectsByType with FindObjectsSortMode parameter has been deprecated. Use FindObjectsByType<T>() or FindObjectsByType<T>(FindObjectsInactive) instead. InstanceID will be replaced in the future with EntityId and previous sort order cannot be maintained.'
Packages\com.coplaydev.unity-mcp\Editor\Tools\ManageScene.cs(1276,86): warning CS0618: 'FindObjectsSortMode' is obsolete: 'FindObjectsSortMode has been deprecated. Use the FindObjectsByType overloads that do not take a FindObjectsSortMode parameter.'
Packages\com.coplaydev.unity-mcp\Editor\Tools\ManageScene.cs(1276,39): warning CS0618: 'Object.FindObjectsByType<T>(FindObjectsSortMode)' is obsolete: 'FindObjectsByType with FindObjectsSortMode parameter has been deprecated. Use FindObjectsByType<T>() or FindObjectsByType<T>(FindObjectsInactive) instead. InstanceID will be replaced in the future with EntityId and previous sort order cannot be maintained.'
Packages\com.coplaydev.unity-mcp\Editor\Tools\Graphics\VolumeOps.cs(532,31): warning CS0618: 'Object.GetInstanceID()' is obsolete: 'GetInstanceID is deprecated. Use GetEntityId instead. This will be removed in a future version.'
Packages\com.coplaydev.unity-mcp\Editor\Tools\ManageUI.cs(1036,28): warning CS0618: 'Object.GetInstanceID()' is obsolete: 'GetInstanceID is deprecated. Use GetEntityId instead. This will be removed in a future version.'
Packages\com.coplaydev.unity-mcp\Editor\Tools\ManageScene.cs(2011,33): warning CS0618: 'Object.GetInstanceID()' is obsolete: 'GetInstanceID is deprecated. Use GetEntityId instead. This will be removed in a future version.'
Packages\com.coplaydev.unity-mcp\Editor\Tools\Vfx\ParticleControl.cs(93,28): warning CS0618: 'Object.GetInstanceID()' is obsolete: 'GetInstanceID is deprecated. Use GetEntityId instead. This will be removed in a future version.'
Packages\com.coplaydev.unity-mcp\Editor\Tools\Profiler\Operations\SessionOps.cs(24,18): warning CS0219: The variable 'recording' is assigned but its value is never used
Packages\com.coplaydev.unity-mcp\Editor\Tools\Prefabs\ManagePrefabs.cs(165,38): warning CS0618: 'Object.GetInstanceID()' is obsolete: 'GetInstanceID is deprecated. Use GetEntityId instead. This will be removed in a future version.'
Packages\com.coplaydev.unity-mcp\Editor\Tools\ManageAsset.cs(1107,36): warning CS0618: 'Object.GetInstanceID()' is obsolete: 'GetInstanceID is deprecated. Use GetEntityId instead. This will be removed in a future version.'
Packages\com.coplaydev.unity-mcp\Editor\Tools\ProBuilder\ManageProBuilder.cs(598,30): warning CS0618: 'Object.GetInstanceID()' is obsolete: 'GetInstanceID is deprecated. Use GetEntityId instead. This will be removed in a future version.'
Packages\com.coplaydev.unity-mcp\Editor\Tools\Prefabs\ManagePrefabs.cs(1237,30): warning CS0618: 'Object.GetInstanceID()' is obsolete: 'GetInstanceID is deprecated. Use GetEntityId instead. This will be removed in a future version.'
Packages\com.coplaydev.unity-mcp\Editor\Tools\Physics\PhysicsSimulationOps.cs(100,38): warning CS0618: 'Object.GetInstanceID()' is obsolete: 'GetInstanceID is deprecated. Use GetEntityId instead. This will be removed in a future version.'
Packages\com.coplaydev.unity-mcp\Editor\Tools\Physics\PhysicsSimulationOps.cs(119,38): warning CS0618: 'Object.GetInstanceID()' is obsolete: 'GetInstanceID is deprecated. Use GetEntityId instead. This will be removed in a future version.'
Packages\com.coplaydev.unity-mcp\Editor\Tools\Physics\PhysicsSimulationOps.cs(142,69): warning CS0618: 'FindObjectsSortMode' is obsolete: 'FindObjectsSortMode has been deprecated. Use the FindObjectsByType overloads that do not take a FindObjectsSortMode parameter.'
Packages\com.coplaydev.unity-mcp\Editor\Tools\Physics\PhysicsSimulationOps.cs(142,31): warning CS0618: 'Object.FindObjectsByType<T>(FindObjectsSortMode)' is obsolete: 'FindObjectsByType with FindObjectsSortMode parameter has been deprecated. Use FindObjectsByType<T>() or FindObjectsByType<T>(FindObjectsInactive) instead. InstanceID will be replaced in the future with EntityId and previous sort order cannot be maintained.'
Packages\com.coplaydev.unity-mcp\Editor\Tools\Physics\PhysicsSimulationOps.cs(155,38): warning CS0618: 'Object.GetInstanceID()' is obsolete: 'GetInstanceID is deprecated. Use GetEntityId instead. This will be removed in a future version.'
Packages\com.coplaydev.unity-mcp\Editor\Tools\Physics\PhysicsSimulationOps.cs(169,65): warning CS0618: 'FindObjectsSortMode' is obsolete: 'FindObjectsSortMode has been deprecated. Use the FindObjectsByType overloads that do not take a FindObjectsSortMode parameter.'
Packages\com.coplaydev.unity-mcp\Editor\Tools\Physics\PhysicsSimulationOps.cs(169,29): warning CS0618: 'Object.FindObjectsByType<T>(FindObjectsSortMode)' is obsolete: 'FindObjectsByType with FindObjectsSortMode parameter has been deprecated. Use FindObjectsByType<T>() or FindObjectsByType<T>(FindObjectsInactive) instead. InstanceID will be replaced in the future with EntityId and previous sort order cannot be maintained.'
Packages\com.coplaydev.unity-mcp\Editor\Tools\Physics\PhysicsSimulationOps.cs(182,38): warning CS0618: 'Object.GetInstanceID()' is obsolete: 'GetInstanceID is deprecated. Use GetEntityId instead. This will be removed in a future version.'
Packages\com.coplaydev.unity-mcp\Editor\Tools\Physics\PhysicsSettingsOps.cs(62,46): warning CS0618: 'Physics2D.autoSyncTransforms' is obsolete: 'Physics2D.autoSyncTransforms has been deprecated please use Physics2D.SyncTransforms instead to manually sync physics transforms when required.'
Packages\com.coplaydev.unity-mcp\Editor\Tools\ProBuilder\ManageProBuilder.cs(902,30): warning CS0618: 'Object.GetInstanceID()' is obsolete: 'GetInstanceID is deprecated. Use GetEntityId instead. This will be removed in a future version.'
Packages\com.coplaydev.unity-mcp\Editor\Tools\Physics\PhysicsSettingsOps.cs(284,25): warning CS0618: 'Physics2D.autoSyncTransforms' is obsolete: 'Physics2D.autoSyncTransforms has been deprecated please use Physics2D.SyncTransforms instead to manually sync physics transforms when required.'
Packages\com.coplaydev.unity-mcp\Editor\Tools\Physics\PhysicsRigidbodyOps.cs(68,34): warning CS0618: 'Object.GetInstanceID()' is obsolete: 'GetInstanceID is deprecated. Use GetEntityId instead. This will be removed in a future version.'
Packages\com.coplaydev.unity-mcp\Editor\Tools\Physics\PhysicsRigidbodyOps.cs(116,34): warning CS0618: 'Object.GetInstanceID()' is obsolete: 'GetInstanceID is deprecated. Use GetEntityId instead. This will be removed in a future version.'
Packages\com.coplaydev.unity-mcp\Editor\Tools\Physics\JointOps.cs(143,34): warning CS0618: 'Object.GetInstanceID()' is obsolete: 'GetInstanceID is deprecated. Use GetEntityId instead. This will be removed in a future version.'
Packages\com.coplaydev.unity-mcp\Editor\Tools\Physics\JointOps.cs(144,44): warning CS0618: 'Object.GetInstanceID()' is obsolete: 'GetInstanceID is deprecated. Use GetEntityId instead. This will be removed in a future version.'
Packages\com.coplaydev.unity-mcp\Editor\Tools\Physics\PhysicsQueryOps.cs(82,34): warning CS0618: 'Object.GetInstanceID()' is obsolete: 'GetInstanceID is deprecated. Use GetEntityId instead. This will be removed in a future version.'
Packages\com.coplaydev.unity-mcp\Editor\Tools\Physics\PhysicsQueryOps.cs(125,34): warning CS0618: 'Object.GetInstanceID()' is obsolete: 'GetInstanceID is deprecated. Use GetEntityId instead. This will be removed in a future version.'
Packages\com.coplaydev.unity-mcp\Editor\Tools\Physics\JointOps.cs(307,34): warning CS0618: 'Object.GetInstanceID()' is obsolete: 'GetInstanceID is deprecated. Use GetEntityId instead. This will be removed in a future version.'
Packages\com.coplaydev.unity-mcp\Editor\Tools\Physics\JointOps.cs(378,44): warning CS0618: 'Object.GetInstanceID()' is obsolete: 'GetInstanceID is deprecated. Use GetEntityId instead. This will be removed in a future version.'
Packages\com.coplaydev.unity-mcp\Editor\Tools\Physics\PhysicsQueryOps.cs(292,34): warning CS0618: 'Object.GetInstanceID()' is obsolete: 'GetInstanceID is deprecated. Use GetEntityId instead. This will be removed in a future version.'
Packages\com.coplaydev.unity-mcp\Editor\Tools\Physics\PhysicsQueryOps.cs(313,34): warning CS0618: 'Object.GetInstanceID()' is obsolete: 'GetInstanceID is deprecated. Use GetEntityId instead. This will be removed in a future version.'
Packages\com.coplaydev.unity-mcp\Editor\Tools\Physics\PhysicsQueryOps.cs(467,34): warning CS0618: 'Object.GetInstanceID()' is obsolete: 'GetInstanceID is deprecated. Use GetEntityId instead. This will be removed in a future version.'
Packages\com.coplaydev.unity-mcp\Editor\Tools\ProBuilder\ManageProBuilder.cs(2297,34): warning CS0618: 'Object.GetInstanceID()' is obsolete: 'GetInstanceID is deprecated. Use GetEntityId instead. This will be removed in a future version.'
Packages\com.coplaydev.unity-mcp\Editor\Tools\Physics\PhysicsQueryOps.cs(556,34): warning CS0618: 'Object.GetInstanceID()' is obsolete: 'GetInstanceID is deprecated. Use GetEntityId instead. This will be removed in a future version.'
Packages\com.coplaydev.unity-mcp\Editor\Tools\Physics\PhysicsQueryOps.cs(622,34): warning CS0618: 'Object.GetInstanceID()' is obsolete: 'GetInstanceID is deprecated. Use GetEntityId instead. This will be removed in a future version.'
Packages\com.coplaydev.unity-mcp\Editor\Tools\Physics\PhysicsQueryOps.cs(660,34): warning CS0618: 'Object.GetInstanceID()' is obsolete: 'GetInstanceID is deprecated. Use GetEntityId instead. This will be removed in a future version.'
Packages\com.coplaydev.unity-mcp\Editor\Tools\Physics\PhysicsQueryOps.cs(742,34): warning CS0618: 'Object.GetInstanceID()' is obsolete: 'GetInstanceID is deprecated. Use GetEntityId instead. This will be removed in a future version.'
Packages\com.coplaydev.unity-mcp\Editor\Tools\Physics\PhysicsQueryOps.cs(785,34): warning CS0618: 'Object.GetInstanceID()' is obsolete: 'GetInstanceID is deprecated. Use GetEntityId instead. This will be removed in a future version.'
Assets\GPUInstancer\Scripts\Editor\GPUInstancerDefines.cs(41,56): warning CS0618: 'PlayerSettings.GetScriptingDefineSymbolsForGroup(BuildTargetGroup)' is obsolete: 'Use GetScriptingDefineSymbols(NamedBuildTarget buildTarget) instead'
Assets\GPUInstancer\Scripts\Editor\GPUInstancerDefines.cs(46,17): warning CS0618: 'PlayerSettings.SetScriptingDefineSymbolsForGroup(BuildTargetGroup, string)' is obsolete: 'Use SetScriptingDefineSymbols(NamedBuildTarget buildTarget, string defines) instead'
Assets\GPUInstancer\Scripts\Editor\PackageImporter\GPUIPackageImporter.cs(48,34): warning CS0618: 'PlayerSettings.GetScriptingDefineSymbolsForGroup(BuildTargetGroup)' is obsolete: 'Use GetScriptingDefineSymbols(NamedBuildTarget buildTarget) instead'
Packages\com.waveharmonic.crest\Shared\Scripts\AlignSceneViewToCamera.cs(37,23): warning CS0618: 'SceneHandle.implicit operator int(SceneHandle)' is obsolete: 'Implicit conversion from SceneHandle to int is deprecated. Use SceneHandle.GetRawData() instead'
Packages\com.waveharmonic.crest\Shared\Scripts\AlignSceneViewToCamera.cs(45,17): warning CS0618: 'SceneHandle.implicit operator SceneHandle(int)' is obsolete: 'Implicit conversion from int to SceneHandle is deprecated. Use SceneHandle.FromRawData(ulong) instead'
Packages\com.waveharmonic.crest\Shared\Scripts\AlignSceneViewToCamera.cs(47,23): warning CS0618: 'SceneHandle.implicit operator int(SceneHandle)' is obsolete: 'Implicit conversion from SceneHandle to int is deprecated. Use SceneHandle.GetRawData() instead'
Packages\com.waveharmonic.crest\Editor\Scripts\Editors.cs(103,78): warning CS0618: 'FindObjectsSortMode' is obsolete: 'FindObjectsSortMode has been deprecated. Use the FindObjectsByType overloads that do not take a FindObjectsSortMode parameter.'
Packages\com.waveharmonic.crest\Editor\Scripts\Editors.cs(103,43): warning CS0618: 'Object.FindObjectsByType<T>(FindObjectsSortMode)' is obsolete: 'FindObjectsByType with FindObjectsSortMode parameter has been deprecated. Use FindObjectsByType<T>() or FindObjectsByType<T>(FindObjectsInactive) instead. InstanceID will be replaced in the future with EntityId and previous sort order cannot be maintained.'
Packages\com.waveharmonic.crest\Editor\Scripts\Validators.cs(371,86): warning CS0618: 'FindObjectsSortMode' is obsolete: 'FindObjectsSortMode has been deprecated. Use the FindObjectsByType overloads that do not take a FindObjectsSortMode parameter.'
Packages\com.waveharmonic.crest\Editor\Scripts\Validators.cs(371,17): warning CS0618: 'Object.FindObjectsByType<T>(FindObjectsInactive, FindObjectsSortMode)' is obsolete: 'FindObjectsByType with FindObjectsSortMode parameter has been deprecated. Use FindObjectsByType<T>() or FindObjectsByType<T>(FindObjectsInactive) instead. InstanceID will be replaced in the future with EntityId and previous sort order cannot be maintained.'
Packages\com.waveharmonic.crest\Editor\Scripts\Validators.cs(566,86): warning CS0618: 'FindObjectsSortMode' is obsolete: 'FindObjectsSortMode has been deprecated. Use the FindObjectsByType overloads that do not take a FindObjectsSortMode parameter.'
Packages\com.waveharmonic.crest\Editor\Scripts\Validators.cs(566,17): warning CS0618: 'Object.FindObjectsByType<T>(FindObjectsInactive, FindObjectsSortMode)' is obsolete: 'FindObjectsByType with FindObjectsSortMode parameter has been deprecated. Use FindObjectsByType<T>() or FindObjectsByType<T>(FindObjectsInactive) instead. InstanceID will be replaced in the future with EntityId and previous sort order cannot be maintained.'
Assets\MapMagic\Core\Plugins\SettingsWindow.cs(62,21): warning CS0618: 'PlayerSettings.GetScriptingDefineSymbolsForGroup(BuildTargetGroup)' is obsolete: 'Use GetScriptingDefineSymbols(NamedBuildTarget buildTarget) instead'
Assets\MapMagic\Core\Plugins\SettingsWindow.cs(78,5): warning CS0618: 'PlayerSettings.SetScriptingDefineSymbolsForGroup(BuildTargetGroup, string)' is obsolete: 'Use SetScriptingDefineSymbols(NamedBuildTarget buildTarget, string defines) instead'
Assets\MapMagic\Core\Plugins\SettingsWindow.cs(110,23): warning CS0618: 'PlayerSettings.GetScriptingDefineSymbolsForGroup(BuildTargetGroup)' is obsolete: 'Use GetScriptingDefineSymbols(NamedBuildTarget buildTarget) instead'
Assets\MapMagic\Core\Plugins\SettingsWindow.cs(189,21): warning CS0618: 'PlayerSettings.GetScriptingDefineSymbolsForGroup(BuildTargetGroup)' is obsolete: 'Use GetScriptingDefineSymbols(NamedBuildTarget buildTarget) instead'
Assets\MapMagic\Core\Plugins\SettingsWindow.cs(215,21): warning CS0618: 'PlayerSettings.GetScriptingDefineSymbolsForGroup(BuildTargetGroup)' is obsolete: 'Use GetScriptingDefineSymbols(NamedBuildTarget buildTarget) instead'
Assets\MapMagic\Core\Plugins\SettingsWindow.cs(233,4): warning CS0618: 'PlayerSettings.SetScriptingDefineSymbolsForGroup(BuildTargetGroup, string)' is obsolete: 'Use SetScriptingDefineSymbols(NamedBuildTarget buildTarget, string defines) instead'
Assets\MapMagic\Core\Plugins\SettingsWindow.cs(308,8): warning CS0618: 'PlayerSettings.GetApiCompatibilityLevel(BuildTargetGroup)' is obsolete: 'Use GetApiCompatibilityLevel(NamedBuildTarget buildTarget) instead'
Assets\MapMagic\Core\Plugins\SettingsWindow.cs(314,7): warning CS0618: 'PlayerSettings.SetApiCompatibilityLevel(BuildTargetGroup, ApiCompatibilityLevel)' is obsolete: 'Use SetApiCompatibilityLevel(NamedBuildTarget buildTarget, ApiCompatibilityLevel value) instead'
Assets\Editor\x64\Bakery\scripts\ftDefine.cs(27,23): warning CS0618: 'PlayerSettings.GetScriptingDefineSymbolsForGroup(BuildTargetGroup)' is obsolete: 'Use GetScriptingDefineSymbols(NamedBuildTarget buildTarget) instead'
Assets\Editor\x64\Bakery\scripts\ftDefine.cs(32,13): warning CS0618: 'PlayerSettings.SetScriptingDefineSymbolsForGroup(BuildTargetGroup, string)' is obsolete: 'Use SetScriptingDefineSymbols(NamedBuildTarget buildTarget, string defines) instead'
Assets\Editor\x64\Bakery\scripts\ftLightMeshInspector.cs(76,48): warning CS0618: 'Object.GetInstanceID()' is obsolete: 'GetInstanceID is deprecated. Use GetEntityId instead. This will be removed in a future version.'
Assets\Editor\x64\Bakery\scripts\ftSkyLightInspector.cs(59,48): warning CS0618: 'Object.GetInstanceID()' is obsolete: 'GetInstanceID is deprecated. Use GetEntityId instead. This will be removed in a future version.'
Assets\Editor\x64\Bakery\scripts\ftPointLightInspector.cs(383,48): warning CS0618: 'Object.GetInstanceID()' is obsolete: 'GetInstanceID is deprecated. Use GetEntityId instead. This will be removed in a future version.'
Assets\RealtimeCSG\RealtimeCSG\Plugins\Editor\Scripts\Control\Bindings\NativeMethodBindings.cs(93,48): warning CS0618: 'EditorUtility.InstanceIDToObject(int)' is obsolete: 'InstanceIDToObject(int) is obsolete. Use EditorUtility.EntityIdToObject instead.'
Assets\RealtimeCSG\RealtimeCSG\Plugins\Editor\Scripts\Control\Bindings\NativeMethodBindings.cs(97,53): warning CS0618: 'EditorUtility.InstanceIDToObject(int)' is obsolete: 'InstanceIDToObject(int) is obsolete. Use EditorUtility.EntityIdToObject instead.'
Assets\RealtimeCSG\RealtimeCSG\Plugins\Editor\Scripts\Control\Bindings\NativeMethodBindings.cs(101,55): warning CS0618: 'EditorUtility.InstanceIDToObject(int)' is obsolete: 'InstanceIDToObject(int) is obsolete. Use EditorUtility.EntityIdToObject instead.'
Assets\RealtimeCSG\RealtimeCSG\Plugins\Editor\Scripts\Control\Bindings\NativeMethodBindings.cs(105,39): warning CS0618: 'EditorUtility.InstanceIDToObject(int)' is obsolete: 'InstanceIDToObject(int) is obsolete. Use EditorUtility.EntityIdToObject instead.'
Assets\RealtimeCSG\RealtimeCSG\Plugins\Runtime\Scripts\Components\GeneratedMeshes.cs(49,8): warning CS0618: 'Object.GetInstanceID()' is obsolete: 'GetInstanceID is deprecated. Use GetEntityId instead. This will be removed in a future version.'
Assets\RealtimeCSG\RealtimeCSG\Plugins\Editor\Thirdparty\UnityFBXExporter\FBXUnityMaterialGetter.cs(102,33): warning CS0618: 'Object.GetInstanceID()' is obsolete: 'GetInstanceID is deprecated. Use GetEntityId instead. This will be removed in a future version.'
Assets\RealtimeCSG\RealtimeCSG\Plugins\Editor\Scripts\Control\Bindings\NativeMethodBindings.cs(304,19): warning CS0618: 'EditorUtility.InstanceIDToObject(int)' is obsolete: 'InstanceIDToObject(int) is obsolete. Use EditorUtility.EntityIdToObject instead.'
Assets\RealtimeCSG\RealtimeCSG\Plugins\Runtime\Scripts\Components\GeneratedMeshInstance.cs(169,29): warning CS0618: 'Object.GetInstanceID()' is obsolete: 'GetInstanceID is deprecated. Use GetEntityId instead. This will be removed in a future version.'
Assets\RealtimeCSG\RealtimeCSG\Plugins\Runtime\Scripts\Components\GeneratedMeshInstance.cs(170,26): warning CS0618: 'Object.GetInstanceID()' is obsolete: 'GetInstanceID is deprecated. Use GetEntityId instead. This will be removed in a future version.'
Assets\RealtimeCSG\RealtimeCSG\Plugins\Runtime\Scripts\Components\GeneratedMeshInstance.cs(178,21): warning CS0618: 'Object.GetInstanceID()' is obsolete: 'GetInstanceID is deprecated. Use GetEntityId instead. This will be removed in a future version.'
Assets\RealtimeCSG\RealtimeCSG\Plugins\Editor\Thirdparty\UnityFBXExporter\FBXUnityMaterialGetter.cs(225,31): warning CS0618: 'Object.GetInstanceID()' is obsolete: 'GetInstanceID is deprecated. Use GetEntityId instead. This will be removed in a future version.'
Assets\RealtimeCSG\RealtimeCSG\Plugins\Runtime\Scripts\Components\GeneratedMeshInstance.cs(206,120): warning CS0618: 'Object.GetInstanceID()' is obsolete: 'GetInstanceID is deprecated. Use GetEntityId instead. This will be removed in a future version.'
Assets\RealtimeCSG\RealtimeCSG\Plugins\Runtime\Scripts\Components\GeneratedMeshInstance.cs(209,116): warning CS0618: 'Object.GetInstanceID()' is obsolete: 'GetInstanceID is deprecated. Use GetEntityId instead. This will be removed in a future version.'
Assets\RealtimeCSG\RealtimeCSG\Plugins\Runtime\Scripts\Components\GeneratedMeshInstance.cs(210,116): warning CS0618: 'Object.GetInstanceID()' is obsolete: 'GetInstanceID is deprecated. Use GetEntityId instead. This will be removed in a future version.'
Assets\RealtimeCSG\RealtimeCSG\Plugins\API\Legacy\Editor\BrushFactory.cs(60,56): warning CS0618: 'Object.GetInstanceID()' is obsolete: 'GetInstanceID is deprecated. Use GetEntityId instead. This will be removed in a future version.'
Assets\RealtimeCSG\RealtimeCSG\Plugins\API\Legacy\Editor\BrushFactory.cs(61,56): warning CS0618: 'Object.GetInstanceID()' is obsolete: 'GetInstanceID is deprecated. Use GetEntityId instead. This will be removed in a future version.'
Assets\RealtimeCSG\RealtimeCSG\Plugins\Editor\Scripts\Control\Bindings\NativeMethodBindings.cs(415,20): warning CS0618: 'EditorUtility.InstanceIDToObject(int)' is obsolete: 'InstanceIDToObject(int) is obsolete. Use EditorUtility.EntityIdToObject instead.'
Assets\RealtimeCSG\RealtimeCSG\Plugins\Editor\Scripts\Control\Bindings\NativeMethodBindings.cs(627,17): warning CS0618: 'EditorUtility.InstanceIDToObject(int)' is obsolete: 'InstanceIDToObject(int) is obsolete. Use EditorUtility.EntityIdToObject instead.'
Assets\RealtimeCSG\RealtimeCSG\Plugins\Editor\Scripts\Control\Managers\InternalCSGModelManager.DefaultModel.cs(134,10): warning CS0618: 'StaticEditorFlags.NavigationStatic' is obsolete: 'Enum member StaticEditorFlags.NavigationStatic has been deprecated. The precise selection of the objects is now done using NavMeshBuilder.CollectSources() and NavMeshBuildMarkup.'
Assets\RealtimeCSG\RealtimeCSG\Plugins\Editor\Scripts\Control\Managers\InternalCSGModelManager.DefaultModel.cs(136,10): warning CS0618: 'StaticEditorFlags.OffMeshLinkGeneration' is obsolete: 'Enum member StaticEditorFlags.OffMeshLinkGeneration has been deprecated. You can now use NavMeshBuilder.CollectSources() and NavMeshBuildMarkup to nominate the objects that will generate Off-Mesh Links.'
Assets\RealtimeCSG\RealtimeCSG\Plugins\Editor\Scripts\Control\Managers\UnityCompilerDefineManager.cs(58,25): warning CS0618: 'PlayerSettings.GetScriptingDefineSymbolsForGroup(BuildTargetGroup)' is obsolete: 'Use GetScriptingDefineSymbols(NamedBuildTarget buildTarget) instead'
Assets\RealtimeCSG\RealtimeCSG\Plugins\Editor\Scripts\Control\Managers\UnityCompilerDefineManager.cs(112,6): warning CS0618: 'PlayerSettings.SetScriptingDefineSymbolsForGroup(BuildTargetGroup, string)' is obsolete: 'Use SetScriptingDefineSymbols(NamedBuildTarget buildTarget, string defines) instead'
Assets\RealtimeCSG\RealtimeCSG\Plugins\Editor\Scripts\Control\Managers\UpdateLoop.cs(107,13): warning CS0618: 'EditorApplication.hierarchyWindowItemOnGUI' is obsolete: 'hierarchyWindowItemOnGUI is obsolete. Use hierarchyWindowItemByEntityIdOnGUI instead.'
Assets\RealtimeCSG\RealtimeCSG\Plugins\Editor\Scripts\Control\Managers\UpdateLoop.cs(108,4): warning CS0618: 'EditorApplication.hierarchyWindowItemOnGUI' is obsolete: 'hierarchyWindowItemOnGUI is obsolete. Use hierarchyWindowItemByEntityIdOnGUI instead.'
Assets\RealtimeCSG\RealtimeCSG\Plugins\Editor\Scripts\Data\SceneQuery\SceneQueryUtility.cs(889,26): warning CS0618: 'Object.GetInstanceID()' is obsolete: 'GetInstanceID is deprecated. Use GetEntityId instead. This will be removed in a future version.'
Assets\RealtimeCSG\RealtimeCSG\Plugins\Editor\Scripts\Data\SceneQuery\SceneQueryUtility.cs(889,7): warning CS0618: 'Selection.Contains(int)' is obsolete: 'Use Contains() with EntityId instead.'
Assets\RealtimeCSG\RealtimeCSG\Plugins\Editor\Scripts\Control\Managers\UpdateLoop.cs(138,4): warning CS0618: 'EditorApplication.hierarchyWindowItemOnGUI' is obsolete: 'hierarchyWindowItemOnGUI is obsolete. Use hierarchyWindowItemByEntityIdOnGUI instead.'
Assets\RealtimeCSG\RealtimeCSG\Plugins\Editor\Scripts\Data\Hierarchy\ParentNodeDataExtension.cs(69,77): warning CS0618: 'Object.GetInstanceID()' is obsolete: 'GetInstanceID is deprecated. Use GetEntityId instead. This will be removed in a future version.'
Assets\RealtimeCSG\RealtimeCSG\Plugins\Editor\Scripts\Data\Hierarchy\ParentNodeDataExtension.cs(77,31): warning CS0618: 'Object.GetInstanceID()' is obsolete: 'GetInstanceID is deprecated. Use GetEntityId instead. This will be removed in a future version.'
Assets\RealtimeCSG\RealtimeCSG\Plugins\Editor\Scripts\Data\SceneQuery\SceneQueryUtility.cs(949,37): warning CS0618: 'Object.GetInstanceID()' is obsolete: 'GetInstanceID is deprecated. Use GetEntityId instead. This will be removed in a future version.'
Assets\RealtimeCSG\RealtimeCSG\Plugins\Editor\Scripts\Data\SceneQuery\SceneQueryUtility.cs(949,18): warning CS0618: 'Selection.Contains(int)' is obsolete: 'Use Contains() with EntityId instead.'
Assets\RealtimeCSG\RealtimeCSG\Plugins\Editor\Scripts\Data\Hierarchy\ParentNodeDataExtension.cs(219,76): warning CS0618: 'Object.GetInstanceID()' is obsolete: 'GetInstanceID is deprecated. Use GetEntityId instead. This will be removed in a future version.'
Assets\RealtimeCSG\RealtimeCSG\Plugins\Editor\Scripts\Data\Hierarchy\ParentNodeDataExtension.cs(229,31): warning CS0618: 'Object.GetInstanceID()' is obsolete: 'GetInstanceID is deprecated. Use GetEntityId instead. This will be removed in a future version.'
Assets\RealtimeCSG\RealtimeCSG\Plugins\Editor\Scripts\Data\Hierarchy\HierarchyItemExtension.cs(195,23): warning CS0618: 'Object.GetInstanceID()' is obsolete: 'GetInstanceID is deprecated. Use GetEntityId instead. This will be removed in a future version.'
Assets\RealtimeCSG\RealtimeCSG\Plugins\Editor\Thirdparty\UnityFBXExporter\FBXUnityMeshGetter.cs(525,35): warning CS0618: 'Object.GetInstanceID()' is obsolete: 'GetInstanceID is deprecated. Use GetEntityId instead. This will be removed in a future version.'
Assets\RealtimeCSG\RealtimeCSG\Plugins\Editor\Thirdparty\UnityFBXExporter\FBXUnityMeshGetter.cs(532,34): warning CS0618: 'Object.GetInstanceID()' is obsolete: 'GetInstanceID is deprecated. Use GetEntityId instead. This will be removed in a future version.'
Assets\RealtimeCSG\RealtimeCSG\Plugins\Editor\Scripts\Data\SceneQuery\SceneQueryUtility.cs(1010,26): warning CS0618: 'Object.GetInstanceID()' is obsolete: 'GetInstanceID is deprecated. Use GetEntityId instead. This will be removed in a future version.'
Assets\RealtimeCSG\RealtimeCSG\Plugins\Editor\Scripts\Data\SceneQuery\SceneQueryUtility.cs(1010,7): warning CS0618: 'Selection.Contains(int)' is obsolete: 'Use Contains() with EntityId instead.'
Assets\RealtimeCSG\RealtimeCSG\Plugins\Editor\Scripts\Data\Settings\ColorSettings.cs(170,31): warning CS0618: 'Object.GetInstanceID()' is obsolete: 'GetInstanceID is deprecated. Use GetEntityId instead. This will be removed in a future version.'
Assets\RealtimeCSG\RealtimeCSG\Plugins\Editor\Scripts\Control\Managers\MeshInstanceManager.Export.cs(297,26): warning CS0618: 'EditorUtility.InstanceIDToObject(int)' is obsolete: 'InstanceIDToObject(int) is obsolete. Use EditorUtility.EntityIdToObject instead.'
Assets\RealtimeCSG\RealtimeCSG\Plugins\Editor\Scripts\View\DragAndDrop\SceneDragTool.Materials.cs(467,28): warning CS0618: 'Object.GetInstanceID()' is obsolete: 'GetInstanceID is deprecated. Use GetEntityId instead. This will be removed in a future version.'
Assets\RealtimeCSG\RealtimeCSG\Plugins\Editor\Scripts\Data\Selection\SelectionUtility.cs(346,21): warning CS0618: 'Object.GetInstanceID()' is obsolete: 'GetInstanceID is deprecated. Use GetEntityId instead. This will be removed in a future version.'
Assets\RealtimeCSG\RealtimeCSG\Plugins\Editor\Scripts\Data\Selection\SelectionUtility.cs(368,32): warning CS0618: 'Object.GetInstanceID()' is obsolete: 'GetInstanceID is deprecated. Use GetEntityId instead. This will be removed in a future version.'
Assets\RealtimeCSG\RealtimeCSG\Plugins\Editor\Scripts\Control\Managers\InternalCSGModelManager.Registration.cs(162,13): warning CS0618: 'StaticEditorFlags.NavigationStatic' is obsolete: 'Enum member StaticEditorFlags.NavigationStatic has been deprecated. The precise selection of the objects is now done using NavMeshBuilder.CollectSources() and NavMeshBuildMarkup.'
Assets\RealtimeCSG\RealtimeCSG\Plugins\Editor\Scripts\Control\Managers\InternalCSGModelManager.Registration.cs(164,13): warning CS0618: 'StaticEditorFlags.OffMeshLinkGeneration' is obsolete: 'Enum member StaticEditorFlags.OffMeshLinkGeneration has been deprecated. You can now use NavMeshBuilder.CollectSources() and NavMeshBuildMarkup to nominate the objects that will generate Off-Mesh Links.'
Assets\RealtimeCSG\RealtimeCSG\Plugins\Editor\Scripts\Data\Selection\SelectionUtility.cs(390,56): warning CS0618: 'Selection.instanceIDs' is obsolete: 'Use entityIds instead.'
Assets\RealtimeCSG\RealtimeCSG\Plugins\Editor\Scripts\Data\Selection\SelectionUtility.cs(396,23): warning CS0618: 'Object.GetInstanceID()' is obsolete: 'GetInstanceID is deprecated. Use GetEntityId instead. This will be removed in a future version.'
Assets\RealtimeCSG\RealtimeCSG\Plugins\Editor\Scripts\Data\Selection\SelectionUtility.cs(410,7): warning CS0618: 'Selection.instanceIDs' is obsolete: 'Use entityIds instead.'
Assets\RealtimeCSG\RealtimeCSG\Plugins\Editor\Scripts\Data\Selection\SelectionUtility.cs(418,23): warning CS0618: 'Object.GetInstanceID()' is obsolete: 'GetInstanceID is deprecated. Use GetEntityId instead. This will be removed in a future version.'
Assets\RealtimeCSG\RealtimeCSG\Plugins\Editor\Scripts\Data\Selection\SelectionUtility.cs(420,6): warning CS0618: 'Selection.instanceIDs' is obsolete: 'Use entityIds instead.'
Assets\RealtimeCSG\RealtimeCSG\Plugins\Editor\Scripts\Data\Selection\SelectionUtility.cs(429,23): warning CS0618: 'Object.GetInstanceID()' is obsolete: 'GetInstanceID is deprecated. Use GetEntityId instead. This will be removed in a future version.'
Assets\RealtimeCSG\RealtimeCSG\Plugins\Editor\Scripts\Data\Selection\SelectionUtility.cs(431,6): warning CS0618: 'Selection.instanceIDs' is obsolete: 'Use entityIds instead.'
Assets\RealtimeCSG\RealtimeCSG\Plugins\Editor\Scripts\Control\Managers\InternalCSGModelManager.Registration.cs(233,43): warning CS0618: 'Object.GetInstanceID()' is obsolete: 'GetInstanceID is deprecated. Use GetEntityId instead. This will be removed in a future version.'
Assets\RealtimeCSG\RealtimeCSG\Plugins\Editor\Scripts\Control\Managers\InternalCSGModelManager.Registration.cs(348,40): warning CS0618: 'Object.GetInstanceID()' is obsolete: 'GetInstanceID is deprecated. Use GetEntityId instead. This will be removed in a future version.'
Assets\RealtimeCSG\RealtimeCSG\Plugins\Editor\Scripts\Control\Managers\InternalCSGModelManager.Registration.cs(443,40): warning CS0618: 'Object.GetInstanceID()' is obsolete: 'GetInstanceID is deprecated. Use GetEntityId instead. This will be removed in a future version.'
Assets\RealtimeCSG\RealtimeCSG\Plugins\Editor\Scripts\Data\Settings\CSGSettings.cs(474,53): warning CS0618: 'Object.GetInstanceID()' is obsolete: 'GetInstanceID is deprecated. Use GetEntityId instead. This will be removed in a future version.'
Assets\RealtimeCSG\RealtimeCSG\Plugins\Editor\Scripts\Data\Settings\CSGSettings.cs(501,51): warning CS0618: 'Object.GetInstanceID()' is obsolete: 'GetInstanceID is deprecated. Use GetEntityId instead. This will be removed in a future version.'
Assets\RealtimeCSG\RealtimeCSG\Plugins\Editor\Scripts\Data\Settings\CSGSettings.cs(508,65): warning CS0618: 'Object.GetInstanceID()' is obsolete: 'GetInstanceID is deprecated. Use GetEntityId instead. This will be removed in a future version.'
Assets\RealtimeCSG\RealtimeCSG\Plugins\Editor\Scripts\Control\Managers\InternalCSGModelManager.Registration.cs(497,32): warning CS0618: 'Object.GetInstanceID()' is obsolete: 'GetInstanceID is deprecated. Use GetEntityId instead. This will be removed in a future version.'
Assets\RealtimeCSG\RealtimeCSG\Plugins\Editor\Scripts\Control\Managers\InternalCSGModelManager.Registration.cs(585,36): warning CS0618: 'Object.GetInstanceID()' is obsolete: 'GetInstanceID is deprecated. Use GetEntityId instead. This will be removed in a future version.'
Assets\RealtimeCSG\RealtimeCSG\Plugins\Editor\Scripts\Control\Managers\InternalCSGModelManager.Registration.cs(657,41): warning CS0618: 'Object.GetInstanceID()' is obsolete: 'GetInstanceID is deprecated. Use GetEntityId instead. This will be removed in a future version.'
Assets\RealtimeCSG\RealtimeCSG\Plugins\Editor\Scripts\Control\Managers\InternalCSGModelManager.Registration.cs(701,43): warning CS0618: 'Object.GetInstanceID()' is obsolete: 'GetInstanceID is deprecated. Use GetEntityId instead. This will be removed in a future version.'
Assets\RealtimeCSG\RealtimeCSG\Plugins\Editor\Scripts\Control\Managers\MeshInstanceManager.cs(706,15): warning CS0618: 'EditorUtility.InstanceIDToObject(int)' is obsolete: 'InstanceIDToObject(int) is obsolete. Use EditorUtility.EntityIdToObject instead.'
Assets\RealtimeCSG\RealtimeCSG\Plugins\Editor\Scripts\Control\Managers\MeshInstanceManager.cs(793,47): warning CS0618: 'Object.GetInstanceID()' is obsolete: 'GetInstanceID is deprecated. Use GetEntityId instead. This will be removed in a future version.'
Assets\RealtimeCSG\RealtimeCSG\Plugins\Editor\Scripts\View\GUI\HierarchyWindowItemGUI\HierarchyWindowItemGUI.cs(15,12): warning CS0618: 'EditorUtility.InstanceIDToObject(int)' is obsolete: 'InstanceIDToObject(int) is obsolete. Use EditorUtility.EntityIdToObject instead.'
Assets\RealtimeCSG\RealtimeCSG\Plugins\Editor\Scripts\Control\Managers\MeshInstanceManager.cs(957,56): warning CS0618: 'StaticEditorFlags.NavigationStatic' is obsolete: 'Enum member StaticEditorFlags.NavigationStatic has been deprecated. The precise selection of the objects is now done using NavMeshBuilder.CollectSources() and NavMeshBuildMarkup.'
Assets\RealtimeCSG\RealtimeCSG\Plugins\Editor\Scripts\Control\Managers\MeshInstanceManager.cs(979,28): warning CS0618: 'Object.GetInstanceID()' is obsolete: 'GetInstanceID is deprecated. Use GetEntityId instead. This will be removed in a future version.'
Assets\RealtimeCSG\RealtimeCSG\Plugins\Editor\Scripts\View\GUI\ComponentEditorWindows\CSGModelComponent.Inspector.GUI.cs(1281,51): warning CS0618: 'EditorUtility.InstanceIDToObject(int)' is obsolete: 'InstanceIDToObject(int) is obsolete. Use EditorUtility.EntityIdToObject instead.'
Assets\RealtimeCSG\RealtimeCSG\Plugins\Editor\Scripts\View\GUI\EditModeGUI\EditModes\Generators\Generator.Base.cs(81,31): warning CS0414: The field 'GeneratorBase.previousViewTool' is assigned but its value is never used
Assets\_Project\Scripts\Core\HectonUrpTextureRequirementsGuard.cs(57,43): warning CS0618: 'Object.FindFirstObjectByType<T>(FindObjectsInactive)' is obsolete: 'FindFirstObjectByType has been deprecated because it relies on instance ID ordering. Use FindAnyObjectByType instead, which does not depend on ordering.'
Assets\_Project\Scripts\Core\HectonUrpTextureRequirementsGuard.cs(65,21): warning CS0618: 'FindObjectsSortMode' is obsolete: 'FindObjectsSortMode has been deprecated. Use the FindObjectsByType overloads that do not take a FindObjectsSortMode parameter.'
Assets\_Project\Scripts\Core\HectonUrpTextureRequirementsGuard.cs(63,17): warning CS0618: 'Object.FindObjectsByType<T>(FindObjectsInactive, FindObjectsSortMode)' is obsolete: 'FindObjectsByType with FindObjectsSortMode parameter has been deprecated. Use FindObjectsByType<T>() or FindObjectsByType<T>(FindObjectsInactive) instead. InstanceID will be replaced in the future with EntityId and previous sort order cannot be maintained.'
Assets\_Project\Scripts\World\ProceduralWreckGenerator.cs(601,39): warning CS0414: The field 'ProceduralWreckGenerator._debugAsyncGenerationInFlight' is assigned but its value is never used
AssetDatabase: script compilation time: 196.744334s
Begin MonoManager ReloadAssembly
[Licensing::Client] Successfully resolved entitlement details
Assembly DocCodeExamples.dll at Library/ScriptAssemblies/DocCodeExamples.dll not valid. Loading of assembly skipped.
Assembly Hecton8.EditModeTests.dll at Library/ScriptAssemblies/Hecton8.EditModeTests.dll not valid. Loading of assembly skipped.
Assembly Hecton8.PlayModeTests.dll at Library/ScriptAssemblies/Hecton8.PlayModeTests.dll not valid. Loading of assembly skipped.
Assembly Hecton8.World.Dots.dll at Library/ScriptAssemblies/Hecton8.World.Dots.dll not valid. Loading of assembly skipped.
Assembly TestNewCustomAssembly.dll at Library/ScriptAssemblies/TestNewCustomAssembly.dll not valid. Loading of assembly skipped.
Assembly Unity.2D.Sprite.Package.EditorTests.dll at Library/ScriptAssemblies/Unity.2D.Sprite.Package.EditorTests.dll not valid. Loading of assembly skipped.
Assembly Unity.Collections.BurstCompatibilityGen.dll at Library/ScriptAssemblies/Unity.Collections.BurstCompatibilityGen.dll not valid. Loading of assembly skipped.
Assembly Unity.Collections.DocCodeSamples.dll at Library/ScriptAssemblies/Unity.Collections.DocCodeSamples.dll not valid. Loading of assembly skipped.
Assembly Unity.Collections.PerformanceTests.dll at Library/ScriptAssemblies/Unity.Collections.PerformanceTests.dll not valid. Loading of assembly skipped.
Assembly Unity.Collections.Tests.dll at Library/ScriptAssemblies/Unity.Collections.Tests.dll not valid. Loading of assembly skipped.
Assembly Unity.Collections.Tests.Playmode.dll at Library/ScriptAssemblies/Unity.Collections.Tests.Playmode.dll not valid. Loading of assembly skipped.
Assembly Unity.InputSystem.DocCodeSamples.dll at Library/ScriptAssemblies/Unity.InputSystem.DocCodeSamples.dll not valid. Loading of assembly skipped.
Assembly Unity.InputSystem.IntegrationTests.dll at Library/ScriptAssemblies/Unity.InputSystem.IntegrationTests.dll not valid. Loading of assembly skipped.
Assembly Unity.InputSystem.TestFramework.dll at Library/ScriptAssemblies/Unity.InputSystem.TestFramework.dll not valid. Loading of assembly skipped.
Assembly Unity.Mathematics.Tests.dll at Library/ScriptAssemblies/Unity.Mathematics.Tests.dll not valid. Loading of assembly skipped.
Assembly Unity.Nuget.Mono-Cecil.dll at Library/ScriptAssemblies/Unity.Nuget.Mono-Cecil.dll not valid. Loading of assembly skipped.
Assembly Unity.PathTracing.Editor.Tests.dll at Library/ScriptAssemblies/Unity.PathTracing.Editor.Tests.dll not valid. Loading of assembly skipped.
Assembly Unity.PathTracing.Runtime.Tests.dll at Library/ScriptAssemblies/Unity.PathTracing.Runtime.Tests.dll not valid. Loading of assembly skipped.
Assembly Unity.PerformanceTesting.dll at Library/ScriptAssemblies/Unity.PerformanceTesting.dll not valid. Loading of assembly skipped.
Assembly Unity.PerformanceTesting.Editor.dll at Library/ScriptAssemblies/Unity.PerformanceTesting.Editor.dll not valid. Loading of assembly skipped.
Assembly Unity.RenderPipelines.Core.Editor.Tests.dll at Library/ScriptAssemblies/Unity.RenderPipelines.Core.Editor.Tests.dll not valid. Loading of assembly skipped.
Assembly Unity.RenderPipelines.Core.Runtime.Tests.dll at Library/ScriptAssemblies/Unity.RenderPipelines.Core.Runtime.Tests.dll not valid. Loading of assembly skipped.
Assembly Unity.RenderPipelines.Universal.Config.Editor.Tests.dll at Library/ScriptAssemblies/Unity.RenderPipelines.Universal.Config.Editor.Tests.dll not valid. Loading of assembly skipped.
Assembly Unity.RenderPipelines.Universal.Editor.Tests.dll at Library/ScriptAssemblies/Unity.RenderPipelines.Universal.Editor.Tests.dll not valid. Loading of assembly skipped.
Assembly Unity.RenderPipelines.Universal.Runtime.Tests.dll at Library/ScriptAssemblies/Unity.RenderPipelines.Universal.Runtime.Tests.dll not valid. Loading of assembly skipped.
Assembly Unity.Searcher.EditorTests.dll at Library/ScriptAssemblies/Unity.Searcher.EditorTests.dll not valid. Loading of assembly skipped.
Assembly Unity.Settings.Tests.dll at Library/ScriptAssemblies/Unity.Settings.Tests.dll not valid. Loading of assembly skipped.
Assembly Unity.ShaderGraph.Editor.Tests.dll at Library/ScriptAssemblies/Unity.ShaderGraph.Editor.Tests.dll not valid. Loading of assembly skipped.
Assembly Unity.SharpZipLib.Editor.Tests.dll at Library/ScriptAssemblies/Unity.SharpZipLib.Editor.Tests.dll not valid. Loading of assembly skipped.
Assembly Unity.SharpZipLib.Tests.dll at Library/ScriptAssemblies/Unity.SharpZipLib.Tests.dll not valid. Loading of assembly skipped.
Assembly Unity.TextMeshPro.Editor.Tests.dll at Library/ScriptAssemblies/Unity.TextMeshPro.Editor.Tests.dll not valid. Loading of assembly skipped.
Assembly Unity.TextMeshPro.Tests.dll at Library/ScriptAssemblies/Unity.TextMeshPro.Tests.dll not valid. Loading of assembly skipped.
Assembly Unity.UnifiedRayTracing.Editor.Tests.dll at Library/ScriptAssemblies/Unity.UnifiedRayTracing.Editor.Tests.dll not valid. Loading of assembly skipped.
Assembly Unity.VisualScripting.DocCodeExamples.dll at Library/ScriptAssemblies/Unity.VisualScripting.DocCodeExamples.dll not valid. Loading of assembly skipped.
Assembly UnityEditor.TestRunner.dll at Library/ScriptAssemblies/UnityEditor.TestRunner.dll not valid. Loading of assembly skipped.
Assembly UnityEditor.UI.Common.Tests.dll at Library/ScriptAssemblies/UnityEditor.UI.Common.Tests.dll not valid. Loading of assembly skipped.
Assembly UnityEditor.UI.EditorTests.dll at Library/ScriptAssemblies/UnityEditor.UI.EditorTests.dll not valid. Loading of assembly skipped.
Assembly UnityEngine.TestRunner.dll at Library/ScriptAssemblies/UnityEngine.TestRunner.dll not valid. Loading of assembly skipped.
Assembly UnityEngine.UI.Tests.dll at Library/ScriptAssemblies/UnityEngine.UI.Tests.dll not valid. Loading of assembly skipped.
Refreshing native plugins compatible for Editor in 15.90 ms, found 30 plugins.
Native extension for WindowsStandalone target not found
Refreshing native plugins compatible for Editor in 32.91 ms, found 30 plugins.
Launched and connected shader compiler UnityShaderCompiler.exe after 0.04 seconds
[MODES] ModeService[none].Initialize
[MODES] ModeService[none].LoadModes
[MODES] Loading mode Default (0) for mode-current-id-Submerge
ScheduleIndexationOnStartup MainProcess:True IndexOnStartup:True
Mono: successfully reloaded assembly
- Finished resetting the current domain, in 27.945 seconds
Domain Reload Profiling: 31616ms
	BeginReloadAssembly (535ms)
		DisableScriptedObjects (40ms)
		CreateAndSetChildDomain (177ms)
	RebuildCommonClasses (112ms)
	RebuildNativeTypeToScriptingClass (31ms)
	initialDomainReloadingComplete (155ms)
	LoadAllAssembliesAndSetupDomain (2836ms)
		LoadAssemblies (1153ms)
		AnalyzeDomain (1839ms)
			TypeCache.Refresh (1262ms)
				TypeCache.ScanAssembly (1186ms)
			BuildScriptInfoCaches (400ms)
			ResolveRequiredComponents (167ms)
	FinalizeReload (27947ms)
		SetupLoadedEditorAssemblies (0ms)
			InitializePlatformSupportModulesInManaged (107ms)
			BeforeProcessingInitializeOnLoad (1260ms)
			ProcessInitializeOnLoadAttributes (21867ms)
			ProcessInitializeOnLoadMethodAttributes (2260ms)
			AfterProcessingInitializeOnLoad (17ms)
			EditorAssembliesLoaded (4ms)
		AwakeInstancesAfterBackupRestoration (21ms)
(Values over 0.050ms)
Asset Pipeline Refresh (id=969012fb67c82c04ea6743fc205dd360): Total: 231.311 seconds - Initiated by InitialRefreshV2(ForceSynchronousImport)
	Summary:
		Imports: total=0 (actual=0, local cache=0, cache server=0)
		Asset DB Process Time: managed=0 ms, native=30258 ms
		Asset DB Callback time: managed=174 ms, native=64 ms
		Scripting: domain reloads=1, domain reload time=3681 ms, compile time=196748 ms, other=380 ms
		Project Asset Count: scripts=2916, non-scripts=10129
		Asset File Changes: new=0, changed=0, moved=0, deleted=0
		Scan Filter Count: 0
	InvokePackagesCallback: 70.716ms
	ApplyChangesToAssetFolders: 2.262ms
	Scan: 405.671ms
	CategorizeScriptCompilationAssets: 181.937ms
	ProcessAssetsWithTransientArtifactChanges: 641.996ms
	CategorizeAssets: 422.489ms
	CompileScripts: 196747.764ms
	ImportOutOfDateAssets: 28009.014ms (27996.579ms without children)
		ReloadNativeAssets: 0.098ms
		UnloadImportedAssets: 2.670ms
		EnsureUptoDateAssetsAreRegisteredWithGuidPM: 6.298ms
		OnDemandSchedulerStart: 3.351ms
	PostProcessAllAssets: 175.111ms
		MonoPostProcessAllAssets: 174.977ms
			UniversalRenderPipelineGlobalSettingsPostprocessor.OnPostprocessAllAssets 55.234ms
			AssetPostprocessor.OnPostprocessAllAssets 33.545ms
			SpeedTree9Postprocessor.OnPostprocessAllAssets 9.493ms
			WindowAssetPostprocessingWatcher.OnPostprocessAllAssets 8.670ms
			SyncVS.PostprocessSyncProject 7.891ms
			AssetPostProcessor.OnPostprocessAllAssets 3.616ms
			RenderPipelineGlobalSettingsPostprocessor.OnPostprocessAllAssets 2.549ms
			InputActionAssetPostprocessor.OnPostprocessAllAssets 1.755ms
			ReferencedClipsPostProcessor.OnPostprocessAllAssets 1.205ms
			TerrainToolbarOverlayPostProcessor.OnPostprocessAllAssets 1.116ms
			ProjectSettingsPostprocessor.OnPostprocessAllAssets 0.904ms
			AssetDatabaseCallbacks.OnPostprocessAllAssets 0.768ms
	UnloadStreamsBegin: 4.300ms
	PersistCurrentRevisions: 1.216ms
	GenerateScriptTypeHashes: 32.619ms
	GenerateScriptTypeSerializationHashes: 44.674ms
	Untracked: 4642.536ms

Application.AssetDatabase Initial Refresh End
Shader Hidden/ChartRasterizerHardware is not supported: GPU does not support conservative rasterization
Scanning for USB devices : 2.905ms
Initializing Unity extensions:
GetVirtualKey: Could not map char: z (122) to any virtual key
GetVirtualKey: Could not map char: y (121) to any virtual key
GetVirtualKey: Could not map char: x (120) to any virtual key
GetVirtualKey: Could not map char: c (99) to any virtual key
GetVirtualKey: Could not map char: v (118) to any virtual key
GetVirtualKey: Could not map char: V (86) to any virtual key
GetVirtualKey: Could not map char: d (100) to any virtual key
GetVirtualKey: Could not map char: f (102) to any virtual key
GetVirtualKey: Could not map char: f (102) to any virtual key
GetVirtualKey: Could not map char: a (97) to any virtual key
GetVirtualKey: Could not map char: d (100) to any virtual key
GetVirtualKey: Could not map char: c (99) to any virtual key
GetVirtualKey: Could not map char: r (114) to any virtual key
GetVirtualKey: Could not map char: i (105) to any virtual key
GetVirtualKey: Could not map char: l (108) to any virtual key
GetVirtualKey: Could not map char: f (102) to any virtual key
GetVirtualKey: Could not map char: k (107) to any virtual key
GetVirtualKey: Could not map char: p (112) to any virtual key
GetVirtualKey: Could not map char: p (112) to any virtual key
GetVirtualKey: Could not map char: p (112) to any virtual key
GetVirtualKey: Could not map char: c (99) to any virtual key
GetVirtualKey: Could not map char: r (114) to any virtual key
GetVirtualKey: Could not map char: P (80) to any virtual key
GetVirtualKey: Could not map char: n (110) to any virtual key
GetVirtualKey: Could not map char: n (110) to any virtual key
GetVirtualKey: Could not map char: g (103) to any virtual key
GetVirtualKey: Could not map char: f (102) to any virtual key
GetVirtualKey: Could not map char: f (102) to any virtual key
GetVirtualKey: Could not map char: a (97) to any virtual key
GetVirtualKey: Could not map char: a (97) to any virtual key
GetVirtualKey: Could not map char: K (75) to any virtual key
GetVirtualKey: Could not map char: G (71) to any virtual key
GetVirtualKey: Could not map char: L (76) to any virtual key
GetVirtualKey: Could not map char: R (82) to any virtual key
GetVirtualKey: Could not map char: G (71) to any virtual key
GetVirtualKey: Could not map char: X (88) to any virtual key
GetVirtualKey: Could not map char: E (69) to any virtual key
GetVirtualKey: Could not map char: N (78) to any virtual key
GetVirtualKey: Could not map char: U (85) to any virtual key
GetVirtualKey: Could not map char: E (69) to any virtual key
GetVirtualKey: Could not map char: S (83) to any virtual key
GetVirtualKey: Could not map char: X (88) to any virtual key
GetVirtualKey: Could not map char: V (86) to any virtual key
GetVirtualKey: Could not map char: m (109) to any virtual key
GetVirtualKey: Could not map char: c (99) to any virtual key
GetVirtualKey: Could not map char: u (117) to any virtual key
GetVirtualKey: Could not map char: n (110) to any virtual key
GetVirtualKey: Could not map char: o (111) to any virtual key
GetVirtualKey: Could not map char: s (115) to any virtual key
GetVirtualKey: Could not map char: s (115) to any virtual key
GetVirtualKey: Could not map char: b (98) to any virtual key
GetVirtualKey: Could not map char: b (98) to any virtual key
Unloading 569 Unused Serialized files (Serialized files now loaded: 0)
Unloading 11316 unused Assets / (147.5 MB). Loaded Objects now: 11679.
Memory consumption went from 0.51 GB to 372.0 MB.
Total: 157.002600 ms (FindLiveObjects: 2.376400 ms CreateObjectMapping: 4.995300 ms MarkObjects: 48.088600 ms  DeleteObjects: 101.532600 ms)

Batchmode quit successfully invoked - shutting down!
Curl error 42: Callback aborted
UnassignedReferenceException: The variable m_AtlasTextures of TMP_FontAsset has not been assigned.
You probably need to assign the m_AtlasTextures variable of the TMP_FontAsset script in the inspector.
  at UnityEngine.Object+MarshalledUnityObject.TryThrowEditorNullExceptionObject (UnityEngine.Object unityObj, System.String parameterName) [0x000c6] in <5ea200363ab142a582463089d51cabd3>:0 
  at UnityEngine.Bindings.ThrowHelper.ThrowNullReferenceException (System.Object obj) [0x0000a] in <5ea200363ab142a582463089d51cabd3>:0 
  at UnityEngine.Texture.GetDataWidth () [0x00006] in <5ea200363ab142a582463089d51cabd3>:0 
  at UnityEngine.Texture.get_width () [0x00000] in <5ea200363ab142a582463089d51cabd3>:0 
  at TMPro.EditorEventCallbacks+<>c.<InitializeFontAssetResourceChangeCallBacks>b__0_0 () [0x00024] in .\Library\PackageCache\com.unity.ugui@d8a2716f3013\Editor\TMP\TMP_EditorResourceManager.cs:34 
  at UnityEditor.EditorApplication.Internal_EditorApplicationQuit () [0x00019] in <3b89d68715d841fd8878d2557b46f30d>:0 

(Filename: ./Library/PackageCache/com.unity.ugui@d8a2716f3013/Editor/TMP/TMP_EditorResourceManager.cs Line: 34)

[Physics::Module] Cleanup current backend.
[Physics::Module] Id: 0xf2b8ea05
Input System module state changed to: ShutdownInProgress.
Input Polling Thread exited.
Input System module state changed to: Shutdown.
[Licensing::IpcConnector] LicenseClient-danat-6000.4.1-notifications channel disconnected successfully.
[Licensing::IpcConnector] LicenseClient-danat-6000.4.1 channel disconnected successfully.
AcceleratorClientConnectionCallback - disconnected - :0
Cleanup mono
CodeReloadManager destroyed
Exiting batchmode successfully now!
Exiting without the bug reporter. Application will terminate with return code 0