"evidence_class","source_kind","source_asset","source_line","profile_asset","profile_id","profile_label","section","cue_id","role_code","role_label","tension","weight","volume","clip_guid","ledger_path","ledger_cue_id","duration_sec","load_type","compression","quality","config_field","referenced_guid","referenced_asset_path","referenced_profile_id","direct_ref_context","notes"
"STATIC_SOURCE","CONFIG_NULL","Assets/_Project/Data/Audio/Music/Configs/MusicDirectorConfig_Global.asset","25","","","","ConfigMixer","","","MixerGroup","","","","","","","","","","","_musicMixerGroup","","","","","null mixer group ref in static config"
"STATIC_SOURCE","CONFIG_NULL","Assets/_Project/Data/Audio/Music/Configs/MusicDirectorConfig_Global.asset","26","","","","ConfigMixer","","","MixerGroup","","","","","","","","","","","_stingerMixerGroup","","","","","null mixer group ref in static config"
"STATIC_SOURCE","CONFIG_PREFAB","Assets/_Project/Data/Audio/Music/Configs/MusicDirectorConfig_Global.asset","27","","","","RuntimePrefab","","","RuntimeOwner","","","","","","","","","","","_runtimeDirectorPrefab","7a86aa3ad745a104d84c2f6622d12430","Assets/_Project/Prefabs/Audio/PFB_HectonMusicDirectorRoot.prefab","","","runtime director prefab ref; not an audio clip"
"STATIC_SOURCE","CONFIG_PROFILE","Assets/_Project/Data/Audio/Music/Configs/MusicDirectorConfig_Global.asset","15","","","","ConfigProfile","","","ProfileRoute","","","","","","","","","","","_mainMenuProfile","a000aeb555c4daf43854afbd92c1f90e","Assets/_Project/Data/Audio/Music/Profiles/MusicProfile_MainMenu.asset","music.profile.main_menu","","MusicDirector route profile"
"STATIC_SOURCE","CONFIG_PROFILE","Assets/_Project/Data/Audio/Music/Configs/MusicDirectorConfig_Global.asset","16","","","","ConfigProfile","","","ProfileRoute","","","","","","","","","","","_prologueProfile","0cb5b6deded87d54983fe8faf4b8e5ef","Assets/_Project/Data/Audio/Music/Profiles/MusicProfile_Prologue.asset","music.profile.prologue","","MusicDirector route profile"
"STATIC_SOURCE","CONFIG_PROFILE","Assets/_Project/Data/Audio/Music/Configs/MusicDirectorConfig_Global.asset","17","","","","ConfigProfile","","","ProfileRoute","","","","","","","","","","","_shallowProfile","5c06f44782ad09b46930905adc0afd58","Assets/_Project/Data/Audio/Music/Profiles/MusicProfile_Shallow.asset","music.profile.shallow","","MusicDirector route profile"
"STATIC_SOURCE","CONFIG_PROFILE","Assets/_Project/Data/Audio/Music/Configs/MusicDirectorConfig_Global.asset","18","","","","ConfigProfile","","","ProfileRoute","","","","","","","","","","","_shelfProfile","7425e2778fc51b7479d751c2041d8989","Assets/_Project/Data/Audio/Music/Profiles/MusicProfile_Shelf.asset","music.profile.shelf","","MusicDirector route profile"
"STATIC_SOURCE","CONFIG_PROFILE","Assets/_Project/Data/Audio/Music/Configs/MusicDirectorConfig_Global.asset","19","","","","ConfigProfile","","","ProfileRoute","","","","","","","","","","","_abyssProfile","519c105bce6086e48b69182e2951ca40","Assets/_Project/Data/Audio/Music/Profiles/MusicProfile_Abyss.asset","music.profile.abyss","","MusicDirector route profile"
"STATIC_SOURCE","CONFIG_PROFILE","Assets/_Project/Data/Audio/Music/Configs/MusicDirectorConfig_Global.asset","20","","","","ConfigProfile","","","ProfileRoute","","","","","","","","","","","_caveProfile","5b422ca990e5df94aa44756cd8034fc3","Assets/_Project/Data/Audio/Music/Profiles/MusicProfile_Cave.asset","music.profile.cave","","MusicDirector route profile"
"STATIC_SOURCE","CONFIG_PROFILE","Assets/_Project/Data/Audio/Music/Configs/MusicDirectorConfig_Global.asset","21","","","","ConfigProfile","","","ProfileRoute","","","","","","","","","","","_thermalProfile","a1a53362b69461a49a59c04b635d606b","Assets/_Project/Data/Audio/Music/Profiles/MusicProfile_Thermal.asset","music.profile.thermal","","MusicDirector route profile"
"STATIC_SOURCE","CONFIG_PROFILE","Assets/_Project/Data/Audio/Music/Configs/MusicDirectorConfig_Global.asset","22","","","","ConfigProfile","","","ProfileRoute","","","","","","","","","","","_baseProfile","d6f8719a6c773c24cb57a95c21c775d8","Assets/_Project/Data/Audio/Music/Profiles/MusicProfile_Base.asset","music.profile.base","","MusicDirector route profile"
"STATIC_SOURCE","CONFIG_PROFILE","Assets/_Project/Data/Audio/Music/Configs/MusicDirectorConfig_Global.asset","23","","","","ConfigProfile","","","ProfileRoute","","","","","","","","","","","_combatProfile","f336cbafe44b5ae4bb4d4dc08d358e74","Assets/_Project/Data/Audio/Music/Profiles/MusicProfile_Combat.asset","music.profile.combat","","MusicDirector route profile"
"STATIC_SOURCE","CONFIG_PROFILE","Assets/_Project/Data/Audio/Music/Configs/MusicDirectorConfig_Global.asset","24","","","","ConfigProfile","","","ProfileRoute","","","","","","","","","","","_fallbackProfile","6054f072908319f4f85ef9ee8c453e0f","Assets/_Project/Data/Audio/Music/Profiles/MusicProfile_Fallback.asset","music.profile.fallback","","MusicDirector route profile"
"STATIC_SOURCE","DIRECT_PREFAB_AUDIO_REF","Assets/_Project/Prefabs/Player.prefab","137","","","","PrefabYamlGuid","","","DirectPrefabAudioRef","","","","0d1a03d1d70c9dd448ad1fbab16de520","Assets/_Project/Audio/Underwater Ambient.wav","UNDERWATER_AMBIENT","193","Streaming","Vorbis","0.45","","","","","m_Resource: {fileID: 8300000, guid: 0d1a03d1d70c9dd448ad1fbab16de520, type: 3}","prefab has direct AudioClip GUID reference under Assets/_Project"
"STATIC_SOURCE","DIRECT_PREFAB_AUDIO_REF","Assets/_Project/Prefabs/Player.prefab","239","","","","PrefabYamlGuid","","","DirectPrefabAudioRef","","","","0d1a03d1d70c9dd448ad1fbab16de520","Assets/_Project/Audio/Underwater Ambient.wav","UNDERWATER_AMBIENT","193","Streaming","Vorbis","0.45","","","","","_driverClip: {fileID: 8300000, guid: 0d1a03d1d70c9dd448ad1fbab16de520, type: 3}","prefab has direct AudioClip GUID reference under Assets/_Project"
"STATIC_SOURCE","DIRECT_PREFAB_AUDIO_REF","Assets/_Project/Prefabs/Player.prefab","816","","","","PrefabYamlGuid","","","DirectPrefabAudioRef","","","","f3fed263f13391449b00022b3f15d478","Assets/_Project/Audio/Footsteps/Default/default step (gravel - mud) (1).ogg","DEFAULT_STEP_GRAVEL_MUD_1","0.375","DecompressOnLoad","ADPCM","0.7","","","","","- {fileID: 8300000, guid: f3fed263f13391449b00022b3f15d478, type: 3}","prefab has direct AudioClip GUID reference under Assets/_Project"
"STATIC_SOURCE","DIRECT_PREFAB_AUDIO_REF","Assets/_Project/Prefabs/Player.prefab","817","","","","PrefabYamlGuid","","","DirectPrefabAudioRef","","","","8844ab71f4eaa804b9e363948cb94daa","Assets/_Project/Audio/Footsteps/Default/default step (gravel - mud) (2).ogg","DEFAULT_STEP_GRAVEL_MUD_2","0.375","DecompressOnLoad","ADPCM","0.7","","","","","- {fileID: 8300000, guid: 8844ab71f4eaa804b9e363948cb94daa, type: 3}","prefab has direct AudioClip GUID reference under Assets/_Project"
"STATIC_SOURCE","DIRECT_PREFAB_AUDIO_REF","Assets/_Project/Prefabs/Player.prefab","818","","","","PrefabYamlGuid","","","DirectPrefabAudioRef","","","","6119bea1e867b5e46a9d3e075b9f3365","Assets/_Project/Audio/Footsteps/Default/default step (gravel - mud) (3).ogg","DEFAULT_STEP_GRAVEL_MUD_3","0.375","DecompressOnLoad","ADPCM","0.7","","","","","- {fileID: 8300000, guid: 6119bea1e867b5e46a9d3e075b9f3365, type: 3}","prefab has direct AudioClip GUID reference under Assets/_Project"
"STATIC_SOURCE","DIRECT_PREFAB_AUDIO_REF","Assets/_Project/Prefabs/Player.prefab","819","","","","PrefabYamlGuid","","","DirectPrefabAudioRef","","","","de79afe5eafb5244dbcad6220d54166e","Assets/_Project/Audio/Footsteps/Default/default step (gravel - mud) (4).ogg","DEFAULT_STEP_GRAVEL_MUD_4","0.375","DecompressOnLoad","ADPCM","0.7","","","","","- {fileID: 8300000, guid: de79afe5eafb5244dbcad6220d54166e, type: 3}","prefab has direct AudioClip GUID reference under Assets/_Project"
"STATIC_SOURCE","DIRECT_PREFAB_AUDIO_REF","Assets/_Project/Prefabs/Player.prefab","825","","","","PrefabYamlGuid","","","DirectPrefabAudioRef","","","","4f6eaa50d86a5034297ba1acff055824","Assets/_Project/Audio/Footsteps/Metal/metal step (1).wav","METAL_STEP_1","0.614","DecompressOnLoad","ADPCM","0.59999996","","","","","- {fileID: 8300000, guid: 4f6eaa50d86a5034297ba1acff055824, type: 3}","prefab has direct AudioClip GUID reference under Assets/_Project"
"STATIC_SOURCE","DIRECT_PREFAB_AUDIO_REF","Assets/_Project/Prefabs/Player.prefab","826","","","","PrefabYamlGuid","","","DirectPrefabAudioRef","","","","0a586c7508fe1184b831895d12d7b22c","Assets/_Project/Audio/Footsteps/Metal/metal step (2).wav","METAL_STEP_2","0.914","DecompressOnLoad","ADPCM","0.59999996","","","","","- {fileID: 8300000, guid: 0a586c7508fe1184b831895d12d7b22c, type: 3}","prefab has direct AudioClip GUID reference under Assets/_Project"
"STATIC_SOURCE","DIRECT_PREFAB_AUDIO_REF","Assets/_Project/Prefabs/Player.prefab","827","","","","PrefabYamlGuid","","","DirectPrefabAudioRef","","","","74eadb62ba935f24fa2a7a85e3a3a3fe","Assets/_Project/Audio/Footsteps/Metal/metal step (3).wav","METAL_STEP_3","0.706","CompressedInMemory","ADPCM","0.59999996","","","","","- {fileID: 8300000, guid: 74eadb62ba935f24fa2a7a85e3a3a3fe, type: 3}","prefab has direct AudioClip GUID reference under Assets/_Project"
"STATIC_SOURCE","DIRECT_PREFAB_AUDIO_REF","Assets/_Project/Prefabs/Player.prefab","828","","","","PrefabYamlGuid","","","DirectPrefabAudioRef","","","","16af121886e02eb46928a26d331751bf","Assets/_Project/Audio/Footsteps/Metal/metal step (4).wav","METAL_STEP_4","0.73","CompressedInMemory","ADPCM","0.59999996","","","","","- {fileID: 8300000, guid: 16af121886e02eb46928a26d331751bf, type: 3}","prefab has direct AudioClip GUID reference under Assets/_Project"
"STATIC_SOURCE","DIRECT_PREFAB_AUDIO_REF","Assets/_Project/Prefabs/Player.prefab","834","","","","PrefabYamlGuid","","","DirectPrefabAudioRef","","","","fc514ddc85e8ef6489bdf78e70417fbf","Assets/_Project/Audio/Footsteps/Sand/sand step  (1).wav","SAND_STEP_1","0.44","DecompressOnLoad","ADPCM","0.68","","","","","- {fileID: 8300000, guid: fc514ddc85e8ef6489bdf78e70417fbf, type: 3}","prefab has direct AudioClip GUID reference under Assets/_Project"
"STATIC_SOURCE","DIRECT_PREFAB_AUDIO_REF","Assets/_Project/Prefabs/Player.prefab","835","","","","PrefabYamlGuid","","","DirectPrefabAudioRef","","","","b78173725753a7c41beef13935bdb00c","Assets/_Project/Audio/Footsteps/Sand/sand step  (2).wav","SAND_STEP_2","0.517","DecompressOnLoad","ADPCM","0.68","","","","","- {fileID: 8300000, guid: b78173725753a7c41beef13935bdb00c, type: 3}","prefab has direct AudioClip GUID reference under Assets/_Project"
"STATIC_SOURCE","DIRECT_PREFAB_AUDIO_REF","Assets/_Project/Prefabs/Player.prefab","836","","","","PrefabYamlGuid","","","DirectPrefabAudioRef","","","","0a5a5a393c33ed849800be2904ae20b0","Assets/_Project/Audio/Footsteps/Sand/sand step  (3).wav","SAND_STEP_3","0.726","DecompressOnLoad","ADPCM","0.68","","","","","- {fileID: 8300000, guid: 0a5a5a393c33ed849800be2904ae20b0, type: 3}","prefab has direct AudioClip GUID reference under Assets/_Project"
"STATIC_SOURCE","DIRECT_PREFAB_AUDIO_REF","Assets/_Project/Prefabs/Player.prefab","837","","","","PrefabYamlGuid","","","DirectPrefabAudioRef","","","","9a583b7a6b1359c40913ecb529a2efa3","Assets/_Project/Audio/Footsteps/Sand/sand step  (4).wav","SAND_STEP_4","0.569","DecompressOnLoad","ADPCM","0.68","","","","","- {fileID: 8300000, guid: 9a583b7a6b1359c40913ecb529a2efa3, type: 3}","prefab has direct AudioClip GUID reference under Assets/_Project"
"STATIC_SOURCE","DIRECT_PREFAB_AUDIO_REF","Assets/_Project/Prefabs/Player.prefab","843","","","","PrefabYamlGuid","","","DirectPrefabAudioRef","","","","48ef994c704d32944bb778971ac37ff2","Assets/_Project/Audio/Footsteps/Rock/rock step (1).wav","ROCK_STEP_1","0.525","DecompressOnLoad","ADPCM","1","","","","","- {fileID: 8300000, guid: 48ef994c704d32944bb778971ac37ff2, type: 3}","prefab has direct AudioClip GUID reference under Assets/_Project"
"STATIC_SOURCE","DIRECT_PREFAB_AUDIO_REF","Assets/_Project/Prefabs/Player.prefab","844","","","","PrefabYamlGuid","","","DirectPrefabAudioRef","","","","33cd15fae82795f4fa51e9ea4ef89f93","Assets/_Project/Audio/Footsteps/Rock/rock step (2).wav","ROCK_STEP_2","0.476","DecompressOnLoad","ADPCM","1","","","","","- {fileID: 8300000, guid: 33cd15fae82795f4fa51e9ea4ef89f93, type: 3}","prefab has direct AudioClip GUID reference under Assets/_Project"
"STATIC_SOURCE","DIRECT_PREFAB_AUDIO_REF","Assets/_Project/Prefabs/Player.prefab","845","","","","PrefabYamlGuid","","","DirectPrefabAudioRef","","","","b8cce0d6fe5092444ac63dd4f87e593b","Assets/_Project/Audio/Footsteps/Rock/rock step (3).wav","ROCK_STEP_3","0.42","DecompressOnLoad","ADPCM","1","","","","","- {fileID: 8300000, guid: b8cce0d6fe5092444ac63dd4f87e593b, type: 3}","prefab has direct AudioClip GUID reference under Assets/_Project"
"STATIC_SOURCE","DIRECT_PREFAB_AUDIO_REF","Assets/_Project/Prefabs/Player.prefab","846","","","","PrefabYamlGuid","","","DirectPrefabAudioRef","","","","26031565b83a3a74982cf01eb298c29b","Assets/_Project/Audio/Footsteps/Rock/rock step (4).wav","ROCK_STEP_4","0.49","DecompressOnLoad","ADPCM","1","","","","","- {fileID: 8300000, guid: 26031565b83a3a74982cf01eb298c29b, type: 3}","prefab has direct AudioClip GUID reference under Assets/_Project"
"STATIC_SOURCE","DIRECT_PREFAB_AUDIO_REF","Assets/_Project/Prefabs/Player.prefab","852","","","","PrefabYamlGuid","","","DirectPrefabAudioRef","","","","1c5c9f764bb4e6246b9d970128f34122","Assets/_Project/Audio/Footsteps/Wet/wet step (1).wav","WET_STEP_1","0.832","DecompressOnLoad","ADPCM","0.65","","","","","- {fileID: 8300000, guid: 1c5c9f764bb4e6246b9d970128f34122, type: 3}","prefab has direct AudioClip GUID reference under Assets/_Project"
"STATIC_SOURCE","DIRECT_PREFAB_AUDIO_REF","Assets/_Project/Prefabs/Player.prefab","853","","","","PrefabYamlGuid","","","DirectPrefabAudioRef","","","","f105edf1739644343a1fda6aa3e6be51","Assets/_Project/Audio/Footsteps/Wet/wet step (2).wav","WET_STEP_2","0.962","CompressedInMemory","ADPCM","0.65","","","","","- {fileID: 8300000, guid: f105edf1739644343a1fda6aa3e6be51, type: 3}","prefab has direct AudioClip GUID reference under Assets/_Project"
"STATIC_SOURCE","DIRECT_PREFAB_AUDIO_REF","Assets/_Project/Prefabs/Player.prefab","854","","","","PrefabYamlGuid","","","DirectPrefabAudioRef","","","","4ec994f577df19141a54d24ac69c18c0","Assets/_Project/Audio/Footsteps/Wet/wet step (3).wav","WET_STEP_3","0.771","DecompressOnLoad","ADPCM","0.65","","","","","- {fileID: 8300000, guid: 4ec994f577df19141a54d24ac69c18c0, type: 3}","prefab has direct AudioClip GUID reference under Assets/_Project"
"STATIC_SOURCE","DIRECT_PREFAB_AUDIO_REF","Assets/_Project/Prefabs/Player.prefab","855","","","","PrefabYamlGuid","","","DirectPrefabAudioRef","","","","9794c77463ff3a843a844a6040768170","Assets/_Project/Audio/Footsteps/Wet/wet step (4).wav","WET_STEP_4","0.984","DecompressOnLoad","ADPCM","0.65","","","","","- {fileID: 8300000, guid: 9794c77463ff3a843a844a6040768170, type: 3}","prefab has direct AudioClip GUID reference under Assets/_Project"
"STATIC_SOURCE","DIRECT_PREFAB_AUDIO_REF","Assets/_Project/Prefabs/Player.prefab","1066","","","","PrefabYamlGuid","","","DirectPrefabAudioRef","","","","15bc31b4390305143a4b7f6a365a5a88","Assets/_Project/Audio/Movement/dive_splash.wav","DIVE_SPLASH","1.729","CompressedInMemory","ADPCM","0.7","","","","","waterEntrySplashClip: {fileID: 8300000, guid: 15bc31b4390305143a4b7f6a365a5a88, type: 3}","prefab has direct AudioClip GUID reference under Assets/_Project"
"STATIC_SOURCE","DIRECT_PREFAB_AUDIO_REF","Assets/_Project/Prefabs/Player.prefab","1067","","","","PrefabYamlGuid","","","DirectPrefabAudioRef","","","","15bc31b4390305143a4b7f6a365a5a88","Assets/_Project/Audio/Movement/dive_splash.wav","DIVE_SPLASH","1.729","CompressedInMemory","ADPCM","0.7","","","","","waterExitSplashClip: {fileID: 8300000, guid: 15bc31b4390305143a4b7f6a365a5a88, type: 3}","prefab has direct AudioClip GUID reference under Assets/_Project"
"STATIC_SOURCE","DIRECT_PREFAB_AUDIO_REF","Assets/_Project/Prefabs/Player.prefab","1612","","","","PrefabYamlGuid","","","DirectPrefabAudioRef","","","","e4cd905e355be6c4eadf8ff9a6b8aff6","Assets/_Project/Audio/UI/blow ui sound (notif or option).mp3","BLOW_UI_SOUND_NOTIF_OR_OPTION","1.44","CompressedInMemory","ADPCM","1","","","","","openSound: {fileID: 8300000, guid: e4cd905e355be6c4eadf8ff9a6b8aff6, type: 3}","prefab has direct AudioClip GUID reference under Assets/_Project"
"STATIC_SOURCE","DIRECT_PREFAB_AUDIO_REF","Assets/_Project/Prefabs/Player.prefab","1613","","","","PrefabYamlGuid","","","DirectPrefabAudioRef","","","","1c435bf08460e9a4eb733ac067520435","Assets/_Project/Audio/UI/electro (nope) sound.flac","ELECTRO_NOPE_SOUND","1.673","DecompressOnLoad","ADPCM","1","","","","","closeSound: {fileID: 8300000, guid: 1c435bf08460e9a4eb733ac067520435, type: 3}","prefab has direct AudioClip GUID reference under Assets/_Project"
"STATIC_SOURCE","DIRECT_PREFAB_AUDIO_REF","Assets/_Project/Prefabs/Player.prefab","1614","","","","PrefabYamlGuid","","","DirectPrefabAudioRef","","","","c1c5616d9797e3440b9ef52131f1c3e0","Assets/_Project/Audio/UI/click sound.wav","CLICK_SOUND","0.172","DecompressOnLoad","ADPCM","1","","","","","tabSwitchSound: {fileID: 8300000, guid: c1c5616d9797e3440b9ef52131f1c3e0, type: 3}","prefab has direct AudioClip GUID reference under Assets/_Project"
"STATIC_SOURCE","DIRECT_PREFAB_AUDIO_REF","Assets/_Project/Prefabs/Player.prefab","1615","","","","PrefabYamlGuid","","","DirectPrefabAudioRef","","","","e4cd905e355be6c4eadf8ff9a6b8aff6","Assets/_Project/Audio/UI/blow ui sound (notif or option).mp3","BLOW_UI_SOUND_NOTIF_OR_OPTION","1.44","CompressedInMemory","ADPCM","1","","","","","lowBatterySound: {fileID: 8300000, guid: e4cd905e355be6c4eadf8ff9a6b8aff6, type: 3}","prefab has direct AudioClip GUID reference under Assets/_Project"
"STATIC_SOURCE","PROFILE_BLEED","Assets/_Project/Data/Audio/Music/Profiles/MusicProfile_Abyss.asset","188","MusicProfile_Abyss","music.profile.abyss","Abyss","CalmBleedProfiles","","","ProfileBlend","","10","","","","","","","","","","7425e2778fc51b7479d751c2041d8989","Assets/_Project/Data/Audio/Music/Profiles/MusicProfile_Shelf.asset","music.profile.shelf","","foreign profile bleed"
"STATIC_SOURCE","PROFILE_BLEED","Assets/_Project/Data/Audio/Music/Profiles/MusicProfile_Abyss.asset","190","MusicProfile_Abyss","music.profile.abyss","Abyss","CalmBleedProfiles","","","ProfileBlend","","25","","","","","","","","","","6054f072908319f4f85ef9ee8c453e0f","Assets/_Project/Data/Audio/Music/Profiles/MusicProfile_Fallback.asset","music.profile.fallback","","foreign profile bleed"
"STATIC_SOURCE","PROFILE_BLEED","Assets/_Project/Data/Audio/Music/Profiles/MusicProfile_Abyss.asset","193","MusicProfile_Abyss","music.profile.abyss","Abyss","TenseBleedProfiles","","","ProfileBlend","","10","","","","","","","","","","a1a53362b69461a49a59c04b635d606b","Assets/_Project/Data/Audio/Music/Profiles/MusicProfile_Thermal.asset","music.profile.thermal","","foreign profile bleed"
"STATIC_SOURCE","PROFILE_BLEED","Assets/_Project/Data/Audio/Music/Profiles/MusicProfile_Abyss.asset","195","MusicProfile_Abyss","music.profile.abyss","Abyss","TenseBleedProfiles","","","ProfileBlend","","15","","","","","","","","","","f336cbafe44b5ae4bb4d4dc08d358e74","Assets/_Project/Data/Audio/Music/Profiles/MusicProfile_Combat.asset","music.profile.combat","","foreign profile bleed"
"STATIC_SOURCE","PROFILE_BLEED","Assets/_Project/Data/Audio/Music/Profiles/MusicProfile_Abyss.asset","197","MusicProfile_Abyss","music.profile.abyss","Abyss","TenseBleedProfiles","","","ProfileBlend","","10","","","","","","","","","","6054f072908319f4f85ef9ee8c453e0f","Assets/_Project/Data/Audio/Music/Profiles/MusicProfile_Fallback.asset","music.profile.fallback","","foreign profile bleed"
"STATIC_SOURCE","PROFILE_BLEED","Assets/_Project/Data/Audio/Music/Profiles/MusicProfile_Cave.asset","164","MusicProfile_Cave","music.profile.cave","Cave","CalmBleedProfiles","","","ProfileBlend","","8","","","","","","","","","","519c105bce6086e48b69182e2951ca40","Assets/_Project/Data/Audio/Music/Profiles/MusicProfile_Abyss.asset","music.profile.abyss","","foreign profile bleed"
"STATIC_SOURCE","PROFILE_BLEED","Assets/_Project/Data/Audio/Music/Profiles/MusicProfile_Cave.asset","166","MusicProfile_Cave","music.profile.cave","Cave","CalmBleedProfiles","","","ProfileBlend","","6","","","","","","","","","","6054f072908319f4f85ef9ee8c453e0f","Assets/_Project/Data/Audio/Music/Profiles/MusicProfile_Fallback.asset","music.profile.fallback","","foreign profile bleed"
"STATIC_SOURCE","PROFILE_BLEED","Assets/_Project/Data/Audio/Music/Profiles/MusicProfile_Cave.asset","169","MusicProfile_Cave","music.profile.cave","Cave","TenseBleedProfiles","","","ProfileBlend","","8","","","","","","","","","","a1a53362b69461a49a59c04b635d606b","Assets/_Project/Data/Audio/Music/Profiles/MusicProfile_Thermal.asset","music.profile.thermal","","foreign profile bleed"
"STATIC_SOURCE","PROFILE_BLEED","Assets/_Project/Data/Audio/Music/Profiles/MusicProfile_Cave.asset","171","MusicProfile_Cave","music.profile.cave","Cave","TenseBleedProfiles","","","ProfileBlend","","8","","","","","","","","","","f336cbafe44b5ae4bb4d4dc08d358e74","Assets/_Project/Data/Audio/Music/Profiles/MusicProfile_Combat.asset","music.profile.combat","","foreign profile bleed"
"STATIC_SOURCE","PROFILE_BLEED","Assets/_Project/Data/Audio/Music/Profiles/MusicProfile_Cave.asset","173","MusicProfile_Cave","music.profile.cave","Cave","TenseBleedProfiles","","","ProfileBlend","","6","","","","","","","","","","6054f072908319f4f85ef9ee8c453e0f","Assets/_Project/Data/Audio/Music/Profiles/MusicProfile_Fallback.asset","music.profile.fallback","","foreign profile bleed"
"STATIC_SOURCE","PROFILE_BLEED","Assets/_Project/Data/Audio/Music/Profiles/MusicProfile_Combat.asset","105","MusicProfile_Combat","music.profile.combat","Combat","TenseBleedProfiles","","","ProfileBlend","","10","","","","","","","","","","519c105bce6086e48b69182e2951ca40","Assets/_Project/Data/Audio/Music/Profiles/MusicProfile_Abyss.asset","music.profile.abyss","","foreign profile bleed"
"STATIC_SOURCE","PROFILE_BLEED","Assets/_Project/Data/Audio/Music/Profiles/MusicProfile_Combat.asset","107","MusicProfile_Combat","music.profile.combat","Combat","TenseBleedProfiles","","","ProfileBlend","","10","","","","","","","","","","a1a53362b69461a49a59c04b635d606b","Assets/_Project/Data/Audio/Music/Profiles/MusicProfile_Thermal.asset","music.profile.thermal","","foreign profile bleed"
"STATIC_SOURCE","PROFILE_BLEED","Assets/_Project/Data/Audio/Music/Profiles/MusicProfile_Combat.asset","109","MusicProfile_Combat","music.profile.combat","Combat","TenseBleedProfiles","","","ProfileBlend","","10","","","","","","","","","","6054f072908319f4f85ef9ee8c453e0f","Assets/_Project/Data/Audio/Music/Profiles/MusicProfile_Fallback.asset","music.profile.fallback","","foreign profile bleed"
"STATIC_SOURCE","PROFILE_BLEED","Assets/_Project/Data/Audio/Music/Profiles/MusicProfile_Fallback.asset","200","MusicProfile_Fallback","music.profile.fallback","Fallback Ambient","CalmBleedProfiles","","","ProfileBlend","","10","","","","","","","","","","5c06f44782ad09b46930905adc0afd58","Assets/_Project/Data/Audio/Music/Profiles/MusicProfile_Shallow.asset","music.profile.shallow","","foreign profile bleed"
"STATIC_SOURCE","PROFILE_BLEED","Assets/_Project/Data/Audio/Music/Profiles/MusicProfile_Fallback.asset","202","MusicProfile_Fallback","music.profile.fallback","Fallback Ambient","CalmBleedProfiles","","","ProfileBlend","","10","","","","","","","","","","7425e2778fc51b7479d751c2041d8989","Assets/_Project/Data/Audio/Music/Profiles/MusicProfile_Shelf.asset","music.profile.shelf","","foreign profile bleed"
"STATIC_SOURCE","PROFILE_BLEED","Assets/_Project/Data/Audio/Music/Profiles/MusicProfile_Fallback.asset","204","MusicProfile_Fallback","music.profile.fallback","Fallback Ambient","CalmBleedProfiles","","","ProfileBlend","","10","","","","","","","","","","519c105bce6086e48b69182e2951ca40","Assets/_Project/Data/Audio/Music/Profiles/MusicProfile_Abyss.asset","music.profile.abyss","","foreign profile bleed"
"STATIC_SOURCE","PROFILE_BLEED","Assets/_Project/Data/Audio/Music/Profiles/MusicProfile_Fallback.asset","207","MusicProfile_Fallback","music.profile.fallback","Fallback Ambient","TenseBleedProfiles","","","ProfileBlend","","10","","","","","","","","","","519c105bce6086e48b69182e2951ca40","Assets/_Project/Data/Audio/Music/Profiles/MusicProfile_Abyss.asset","music.profile.abyss","","foreign profile bleed"
"STATIC_SOURCE","PROFILE_BLEED","Assets/_Project/Data/Audio/Music/Profiles/MusicProfile_Fallback.asset","209","MusicProfile_Fallback","music.profile.fallback","Fallback Ambient","TenseBleedProfiles","","","ProfileBlend","","10","","","","","","","","","","f336cbafe44b5ae4bb4d4dc08d358e74","Assets/_Project/Data/Audio/Music/Profiles/MusicProfile_Combat.asset","music.profile.combat","","foreign profile bleed"
"STATIC_SOURCE","PROFILE_BLEED","Assets/_Project/Data/Audio/Music/Profiles/MusicProfile_Prologue.asset","44","MusicProfile_Prologue","music.profile.prologue","Prologue","CalmBleedProfiles","","","ProfileBlend","","20","","","","","","","","","","a000aeb555c4daf43854afbd92c1f90e","Assets/_Project/Data/Audio/Music/Profiles/MusicProfile_MainMenu.asset","music.profile.main_menu","","foreign profile bleed"
"STATIC_SOURCE","PROFILE_BLEED","Assets/_Project/Data/Audio/Music/Profiles/MusicProfile_Prologue.asset","46","MusicProfile_Prologue","music.profile.prologue","Prologue","CalmBleedProfiles","","","ProfileBlend","","10","","","","","","","","","","7425e2778fc51b7479d751c2041d8989","Assets/_Project/Data/Audio/Music/Profiles/MusicProfile_Shelf.asset","music.profile.shelf","","foreign profile bleed"
"STATIC_SOURCE","PROFILE_BLEED","Assets/_Project/Data/Audio/Music/Profiles/MusicProfile_Prologue.asset","49","MusicProfile_Prologue","music.profile.prologue","Prologue","TenseBleedProfiles","","","ProfileBlend","","20","","","","","","","","","","7425e2778fc51b7479d751c2041d8989","Assets/_Project/Data/Audio/Music/Profiles/MusicProfile_Shelf.asset","music.profile.shelf","","foreign profile bleed"
"STATIC_SOURCE","PROFILE_BLEED","Assets/_Project/Data/Audio/Music/Profiles/MusicProfile_Shallow.asset","134","MusicProfile_Shallow","music.profile.shallow","Shallow Water","CalmBleedProfiles","","","ProfileBlend","","20","","","","","","","","","","7425e2778fc51b7479d751c2041d8989","Assets/_Project/Data/Audio/Music/Profiles/MusicProfile_Shelf.asset","music.profile.shelf","","foreign profile bleed"
"STATIC_SOURCE","PROFILE_BLEED","Assets/_Project/Data/Audio/Music/Profiles/MusicProfile_Shallow.asset","136","MusicProfile_Shallow","music.profile.shallow","Shallow Water","CalmBleedProfiles","","","ProfileBlend","","20","","","","","","","","","","6054f072908319f4f85ef9ee8c453e0f","Assets/_Project/Data/Audio/Music/Profiles/MusicProfile_Fallback.asset","music.profile.fallback","","foreign profile bleed"
"STATIC_SOURCE","PROFILE_BLEED","Assets/_Project/Data/Audio/Music/Profiles/MusicProfile_Shallow.asset","139","MusicProfile_Shallow","music.profile.shallow","Shallow Water","TenseBleedProfiles","","","ProfileBlend","","20","","","","","","","","","","7425e2778fc51b7479d751c2041d8989","Assets/_Project/Data/Audio/Music/Profiles/MusicProfile_Shelf.asset","music.profile.shelf","","foreign profile bleed"
"STATIC_SOURCE","PROFILE_BLEED","Assets/_Project/Data/Audio/Music/Profiles/MusicProfile_Shallow.asset","141","MusicProfile_Shallow","music.profile.shallow","Shallow Water","TenseBleedProfiles","","","ProfileBlend","","10","","","","","","","","","","f336cbafe44b5ae4bb4d4dc08d358e74","Assets/_Project/Data/Audio/Music/Profiles/MusicProfile_Combat.asset","music.profile.combat","","foreign profile bleed"
"STATIC_SOURCE","PROFILE_BLEED","Assets/_Project/Data/Audio/Music/Profiles/MusicProfile_Shallow.asset","143","MusicProfile_Shallow","music.profile.shallow","Shallow Water","TenseBleedProfiles","","","ProfileBlend","","10","","","","","","","","","","6054f072908319f4f85ef9ee8c453e0f","Assets/_Project/Data/Audio/Music/Profiles/MusicProfile_Fallback.asset","music.profile.fallback","","foreign profile bleed"
"STATIC_SOURCE","PROFILE_BLEED","Assets/_Project/Data/Audio/Music/Profiles/MusicProfile_Shelf.asset","158","MusicProfile_Shelf","music.profile.shelf","Shelf","CalmBleedProfiles","","","ProfileBlend","","15","","","","","","","","","","5c06f44782ad09b46930905adc0afd58","Assets/_Project/Data/Audio/Music/Profiles/MusicProfile_Shallow.asset","music.profile.shallow","","foreign profile bleed"
"STATIC_SOURCE","PROFILE_BLEED","Assets/_Project/Data/Audio/Music/Profiles/MusicProfile_Shelf.asset","160","MusicProfile_Shelf","music.profile.shelf","Shelf","CalmBleedProfiles","","","ProfileBlend","","15","","","","","","","","","","519c105bce6086e48b69182e2951ca40","Assets/_Project/Data/Audio/Music/Profiles/MusicProfile_Abyss.asset","music.profile.abyss","","foreign profile bleed"
"STATIC_SOURCE","PROFILE_BLEED","Assets/_Project/Data/Audio/Music/Profiles/MusicProfile_Shelf.asset","162","MusicProfile_Shelf","music.profile.shelf","Shelf","CalmBleedProfiles","","","ProfileBlend","","10","","","","","","","","","","6054f072908319f4f85ef9ee8c453e0f","Assets/_Project/Data/Audio/Music/Profiles/MusicProfile_Fallback.asset","music.profile.fallback","","foreign profile bleed"
"STATIC_SOURCE","PROFILE_BLEED","Assets/_Project/Data/Audio/Music/Profiles/MusicProfile_Shelf.asset","165","MusicProfile_Shelf","music.profile.shelf","Shelf","TenseBleedProfiles","","","ProfileBlend","","20","","","","","","","","","","519c105bce6086e48b69182e2951ca40","Assets/_Project/Data/Audio/Music/Profiles/MusicProfile_Abyss.asset","music.profile.abyss","","foreign profile bleed"
"STATIC_SOURCE","PROFILE_BLEED","Assets/_Project/Data/Audio/Music/Profiles/MusicProfile_Shelf.asset","167","MusicProfile_Shelf","music.profile.shelf","Shelf","TenseBleedProfiles","","","ProfileBlend","","20","","","","","","","","","","6054f072908319f4f85ef9ee8c453e0f","Assets/_Project/Data/Audio/Music/Profiles/MusicProfile_Fallback.asset","music.profile.fallback","","foreign profile bleed"
"STATIC_SOURCE","PROFILE_BLEED","Assets/_Project/Data/Audio/Music/Profiles/MusicProfile_Thermal.asset","116","MusicProfile_Thermal","music.profile.thermal","Thermal","CalmBleedProfiles","","","ProfileBlend","","6","","","","","","","","","","519c105bce6086e48b69182e2951ca40","Assets/_Project/Data/Audio/Music/Profiles/MusicProfile_Abyss.asset","music.profile.abyss","","foreign profile bleed"
"STATIC_SOURCE","PROFILE_BLEED","Assets/_Project/Data/Audio/Music/Profiles/MusicProfile_Thermal.asset","118","MusicProfile_Thermal","music.profile.thermal","Thermal","CalmBleedProfiles","","","ProfileBlend","","4","","","","","","","","","","5b422ca990e5df94aa44756cd8034fc3","Assets/_Project/Data/Audio/Music/Profiles/MusicProfile_Cave.asset","music.profile.cave","","foreign profile bleed"
"STATIC_SOURCE","PROFILE_BLEED","Assets/_Project/Data/Audio/Music/Profiles/MusicProfile_Thermal.asset","121","MusicProfile_Thermal","music.profile.thermal","Thermal","TenseBleedProfiles","","","ProfileBlend","","6","","","","","","","","","","519c105bce6086e48b69182e2951ca40","Assets/_Project/Data/Audio/Music/Profiles/MusicProfile_Abyss.asset","music.profile.abyss","","foreign profile bleed"
"STATIC_SOURCE","PROFILE_BLEED","Assets/_Project/Data/Audio/Music/Profiles/MusicProfile_Thermal.asset","123","MusicProfile_Thermal","music.profile.thermal","Thermal","TenseBleedProfiles","","","ProfileBlend","","8","","","","","","","","","","f336cbafe44b5ae4bb4d4dc08d358e74","Assets/_Project/Data/Audio/Music/Profiles/MusicProfile_Combat.asset","music.profile.combat","","foreign profile bleed"
"STATIC_SOURCE","PROFILE_BLEED","Assets/_Project/Data/Audio/Music/Profiles/MusicProfile_Thermal.asset","125","MusicProfile_Thermal","music.profile.thermal","Thermal","TenseBleedProfiles","","","ProfileBlend","","4","","","","","","","","","","5b422ca990e5df94aa44756cd8034fc3","Assets/_Project/Data/Audio/Music/Profiles/MusicProfile_Cave.asset","music.profile.cave","","foreign profile bleed"
"STATIC_SOURCE","PROFILE_CUE","Assets/_Project/Data/Audio/Music/Profiles/MusicProfile_Abyss.asset","31","MusicProfile_Abyss","music.profile.abyss","Abyss","CalmLongTracks","music.abyss_1_pitch_black_silence","0","ExplorationLong","0.46","2","1","63f143c777ae8af499b6954befe6ccc5","Assets/_Project/Audio/Music for Game/abyss_1_Pitch-Black Silence.ogg","ABYSS_1_PITCH_BLACK_SILENCE","113.96","Streaming","Vorbis","0.7","","","","","",""
"STATIC_SOURCE","PROFILE_CUE","Assets/_Project/Data/Audio/Music/Profiles/MusicProfile_Abyss.asset","37","MusicProfile_Abyss","music.profile.abyss","Abyss","CalmLongTracks","music.abyss_2_twelve_leagues_of_iron","0","ExplorationLong","0.46","1","0.891","a187645d2d46d3d4aa0b483a34aad155","Assets/_Project/Audio/Music for Game/abyss_2_Twelve_Leagues_of_Iron.ogg","ABYSS_2_TWELVE_LEAGUES_OF_IRON","175.517","Streaming","Vorbis","0.7","","","","","",""
"STATIC_SOURCE","PROFILE_CUE","Assets/_Project/Data/Audio/Music/Profiles/MusicProfile_Abyss.asset","43","MusicProfile_Abyss","music.profile.abyss","Abyss","CalmLongTracks","music.abyss_4_hull_at_capacity","0","ExplorationLong","0.46","1","0.891","a12bb84c606f9a14097de15fdf8634cc","Assets/_Project/Audio/Music for Game/abyss_4_Hull_At_Capacity.ogg","ABYSS_4_HULL_AT_CAPACITY","175.882","Streaming","Vorbis","0.7","","","","","",""
"STATIC_SOURCE","PROFILE_CUE","Assets/_Project/Data/Audio/Music/Profiles/MusicProfile_Abyss.asset","49","MusicProfile_Abyss","music.profile.abyss","Abyss","CalmLongTracks","music.abyss_6_deep_water_pressure_hum_1","0","ExplorationLong","0.46","1","0.902","42f25d8afa4a7cc49abe0a7f17f01b43","Assets/_Project/Audio/Music for Game/abyss_6_Deep Water Pressure Hum (1).ogg","ABYSS_6_DEEP_WATER_PRESSURE_HUM_1","317.28","Streaming","Vorbis","0.7","","","","","",""
"STATIC_SOURCE","PROFILE_CUE","Assets/_Project/Data/Audio/Music/Profiles/MusicProfile_Abyss.asset","55","MusicProfile_Abyss","music.profile.abyss","Abyss","CalmLongTracks","music.abyss_8_below_the_surface_weight","0","ExplorationLong","0.46","1","0.891","65f8cf11926c5a84495494927315d7e6","Assets/_Project/Audio/Music for Game/abyss_8_Below_the_Surface_Weight.ogg","ABYSS_8_BELOW_THE_SURFACE_WEIGHT","153.887","Streaming","Vorbis","0.7","","","","","",""
"STATIC_SOURCE","PROFILE_CUE","Assets/_Project/Data/Audio/Music/Profiles/MusicProfile_Abyss.asset","62","MusicProfile_Abyss","music.profile.abyss","Abyss","TenseLongTracks","music.abyss_10_or_ambient_deep_5_seven_miles_under","0","ExplorationLong","0.74","1","0.891","c7e0b4a00f2e5e94d813c7103ff5b093","Assets/_Project/Audio/Music for Game/abyss_10_or_ambient_deep_5_Seven_Miles_Under.ogg","ABYSS_10_OR_AMBIENT_DEEP_5_SEVEN_MILES_UNDER","145.842","Streaming","Vorbis","0.7","","","","","",""
"STATIC_SOURCE","PROFILE_CUE","Assets/_Project/Data/Audio/Music/Profiles/MusicProfile_Abyss.asset","68","MusicProfile_Abyss","music.profile.abyss","Abyss","TenseLongTracks","music.abyss_3_deep_trench_drone","0","ExplorationLong","0.74","1","0.966","3a023ba67b5204d448442ef2f68d0e59","Assets/_Project/Audio/Music for Game/abyss_3_Deep Trench Drone.ogg","ABYSS_3_DEEP_TRENCH_DRONE","372.96","Streaming","Vorbis","0.7","","","","","",""
"STATIC_SOURCE","PROFILE_CUE","Assets/_Project/Data/Audio/Music/Profiles/MusicProfile_Abyss.asset","74","MusicProfile_Abyss","music.profile.abyss","Abyss","TenseLongTracks","music.abyss_5_hull_under_strain","0","ExplorationLong","0.74","2","0.891","365f3b3f6be78ed4186fa7058eaf87ee","Assets/_Project/Audio/Music for Game/abyss_5_Hull_Under_Strain.ogg","ABYSS_5_HULL_UNDER_STRAIN","155.873","Streaming","Vorbis","0.7","","","","","",""
"STATIC_SOURCE","PROFILE_CUE","Assets/_Project/Data/Audio/Music/Profiles/MusicProfile_Abyss.asset","80","MusicProfile_Abyss","music.profile.abyss","Abyss","TenseLongTracks","music.abyss_7_deep_water_pressure_hum","0","ExplorationLong","0.74","2","0.977","a5a0383509f8d3c4682d3aa70c7f5d6c","Assets/_Project/Audio/Music for Game/abyss_7_Deep Water Pressure Hum.ogg","ABYSS_7_DEEP_WATER_PRESSURE_HUM","253.28","Streaming","Vorbis","0.7","","","","","",""
"STATIC_SOURCE","PROFILE_CUE","Assets/_Project/Data/Audio/Music/Profiles/MusicProfile_Abyss.asset","86","MusicProfile_Abyss","music.profile.abyss","Abyss","TenseLongTracks","music.abyss_9_iron_under_pressure","0","ExplorationLong","0.74","2","0.891","7c4438b65a3c226429e075306f519510","Assets/_Project/Audio/Music for Game/abyss_9_Iron_Under_Pressure.ogg","ABYSS_9_IRON_UNDER_PRESSURE","142.08","Streaming","Vorbis","0.7","","","","","",""
"STATIC_SOURCE","PROFILE_CUE","Assets/_Project/Data/Audio/Music/Profiles/MusicProfile_Abyss.asset","92","MusicProfile_Abyss","music.profile.abyss","Abyss","TenseLongTracks","music.ambient_deep_1_underwater_muffled_silence","0","ExplorationLong","0.74","1","1","2120a917b8f58f5419996f894b1ff0f5","Assets/_Project/Audio/Music for Game/ambient_deep_1_Underwater Muffled Silence.ogg","AMBIENT_DEEP_1_UNDERWATER_MUFFLED_SILENCE","171.36","Streaming","Vorbis","0.7","","","","","",""
"STATIC_SOURCE","PROFILE_CUE","Assets/_Project/Data/Audio/Music/Profiles/MusicProfile_Abyss.asset","98","MusicProfile_Abyss","music.profile.abyss","Abyss","TenseLongTracks","music.ambient_deep_2_underwater_muffled_silence_1","0","ExplorationLong","0.74","1","1","34fb078072f9f6f4b99660bbb59d1c72","Assets/_Project/Audio/Music for Game/ambient_deep_2_Underwater Muffled Silence (1).ogg","AMBIENT_DEEP_2_UNDERWATER_MUFFLED_SILENCE_1","112.12","Streaming","Vorbis","0.7","","","","","",""
"STATIC_SOURCE","PROFILE_CUE","Assets/_Project/Data/Audio/Music/Profiles/MusicProfile_Abyss.asset","104","MusicProfile_Abyss","music.profile.abyss","Abyss","TenseLongTracks","music.ambient_deep_3_the_leviathan_s_watch","0","ExplorationLong","0.74","2","0.891","d3a15dddd81061d47b05349f9a252a09","Assets/_Project/Audio/Music for Game/ambient_deep_3_The_Leviathan_s_Watch.ogg","AMBIENT_DEEP_3_THE_LEVIATHAN_S_WATCH","142.028","Streaming","Vorbis","0.7","","","","","",""
"STATIC_SOURCE","PROFILE_CUE","Assets/_Project/Data/Audio/Music/Profiles/MusicProfile_Abyss.asset","110","MusicProfile_Abyss","music.profile.abyss","Abyss","TenseLongTracks","music.ambient_deep_4_krasiviy_six_miles_under","0","ExplorationLong","0.74","1","0.891","acf3b500352a7944899d97bbf37655f5","Assets/_Project/Audio/Music for Game/ambient_deep_4_krasiviy_Six_Miles_Under.ogg","AMBIENT_DEEP_4_KRASIVIY_SIX_MILES_UNDER","146.26","Streaming","Vorbis","0.7","","","","","",""
"STATIC_SOURCE","PROFILE_CUE","Assets/_Project/Data/Audio/Music/Profiles/MusicProfile_Abyss.asset","119","MusicProfile_Abyss","music.profile.abyss","Abyss","DiscoveryStingers","music.stinger_discovery_1_the_sunken_gate","4","DiscoveryStinger","0.5","1","0.917","81b174c662ccc04439985601bf432933","Assets/_Project/Audio/Music for Game/stinger_discovery_1_The_Sunken_Gate.ogg","STINGER_DISCOVERY_1_THE_SUNKEN_GATE","30.772","Streaming","Vorbis","0.7","","","","","",""
"STATIC_SOURCE","PROFILE_CUE","Assets/_Project/Data/Audio/Music/Profiles/MusicProfile_Abyss.asset","125","MusicProfile_Abyss","music.profile.abyss","Abyss","DiscoveryStingers","music.stinger_discovery_2_the_sunken_archive","4","DiscoveryStinger","0.5","1","0.917","1d02a115923b51a4f8f672755ccae79b","Assets/_Project/Audio/Music for Game/stinger_discovery_2_The_Sunken_Archive.ogg","STINGER_DISCOVERY_2_THE_SUNKEN_ARCHIVE","30.772","Streaming","Vorbis","0.7","","","","","",""
"STATIC_SOURCE","PROFILE_CUE","Assets/_Project/Data/Audio/Music/Profiles/MusicProfile_Abyss.asset","131","MusicProfile_Abyss","music.profile.abyss","Abyss","DiscoveryStingers","music.stinger_discovery_3_the_sunken_observatory","4","DiscoveryStinger","0.5","1","0.917","db4ef760f2874e34e8ec3f9d07362a90","Assets/_Project/Audio/Music for Game/stinger_discovery_3_The_Sunken_Observatory.ogg","STINGER_DISCOVERY_3_THE_SUNKEN_OBSERVATORY","30.772","Streaming","Vorbis","0.7","","","","","",""
"STATIC_SOURCE","PROFILE_CUE","Assets/_Project/Data/Audio/Music/Profiles/MusicProfile_Abyss.asset","137","MusicProfile_Abyss","music.profile.abyss","Abyss","DiscoveryStingers","music.stinger_discovery_4_the_sunken_observatory","4","DiscoveryStinger","0.5","1","0.917","3c54a92fe3f41814e93d1ade62f7d32a","Assets/_Project/Audio/Music for Game/stinger_discovery_4_The_Sunken_Observatory.ogg","STINGER_DISCOVERY_4_THE_SUNKEN_OBSERVATORY","30.772","Streaming","Vorbis","0.7","","","","","",""
"STATIC_SOURCE","PROFILE_CUE","Assets/_Project/Data/Audio/Music/Profiles/MusicProfile_Abyss.asset","143","MusicProfile_Abyss","music.profile.abyss","Abyss","DiscoveryStingers","music.stinger_discovery_5_the_sunken_relic","4","DiscoveryStinger","0.5","1","0.917","7d69df16d9f2cc2479fa609a64af98f7","Assets/_Project/Audio/Music for Game/stinger_discovery_5_The_Sunken_Relic.ogg","STINGER_DISCOVERY_5_THE_SUNKEN_RELIC","30.772","Streaming","Vorbis","0.7","","","","","",""
"STATIC_SOURCE","PROFILE_CUE","Assets/_Project/Data/Audio/Music/Profiles/MusicProfile_Abyss.asset","149","MusicProfile_Abyss","music.profile.abyss","Abyss","DiscoveryStingers","music.stinger_hallucination_1_beneath_the_tide","4","DiscoveryStinger","0.5","1","0.917","768a73eccd87c184caf6f887803a490c","Assets/_Project/Audio/Music for Game/stinger_hallucination_1_Beneath_the_Tide.ogg","STINGER_HALLUCINATION_1_BENEATH_THE_TIDE","30.772","Streaming","Vorbis","0.7","","","","","",""
"STATIC_SOURCE","PROFILE_CUE","Assets/_Project/Data/Audio/Music/Profiles/MusicProfile_Abyss.asset","156","MusicProfile_Abyss","music.profile.abyss","Abyss","DangerStingers","music.stinger_dangerous_1_iron_teeth","5","DangerStinger","0.95","1","0.917","ef4fb939718b1124daf5bbdcf98c8ed8","Assets/_Project/Audio/Music for Game/stinger_dangerous_1_Iron_Teeth.ogg","STINGER_DANGEROUS_1_IRON_TEETH","30.093","Streaming","Vorbis","0.7","","","","","",""
"STATIC_SOURCE","PROFILE_CUE","Assets/_Project/Data/Audio/Music/Profiles/MusicProfile_Abyss.asset","162","MusicProfile_Abyss","music.profile.abyss","Abyss","DangerStingers","music.stinger_dangerous_2heartbeat_under_floorboards","5","DangerStinger","0.95","1","0.917","c8be0393845ff744a86f64139d6ad1ee","Assets/_Project/Audio/Music for Game/stinger_dangerous_2Heartbeat_Under_Floorboards.ogg","STINGER_DANGEROUS_2HEARTBEAT_UNDER_FLOORBOARDS","30.772","Streaming","Vorbis","0.7","","","","","",""
"STATIC_SOURCE","PROFILE_CUE","Assets/_Project/Data/Audio/Music/Profiles/MusicProfile_Abyss.asset","169","MusicProfile_Abyss","music.profile.abyss","Abyss","RecoveryStingers","music.stinger_being_saved_1release_at_depth","6","RecoveryStinger","0.22","1","0.917","2cee222960dc8d54098777e03cbd6adc","Assets/_Project/Audio/Music for Game/stinger_being_saved_1Release_At_Depth.ogg","STINGER_BEING_SAVED_1RELEASE_AT_DEPTH","26.88","Streaming","Vorbis","0.7","","","","","",""
"STATIC_SOURCE","PROFILE_CUE","Assets/_Project/Data/Audio/Music/Profiles/MusicProfile_Abyss.asset","175","MusicProfile_Abyss","music.profile.abyss","Abyss","RecoveryStingers","music.stinger_being_saved_2_pressure_gives_way","6","RecoveryStinger","0.22","1","0.917","80df90f723d55ac43a0246898788db4b","Assets/_Project/Audio/Music for Game/stinger_being_saved_2_Pressure_Gives_Way.ogg","STINGER_BEING_SAVED_2_PRESSURE_GIVES_WAY","26.436","Streaming","Vorbis","0.7","","","","","",""
"STATIC_SOURCE","PROFILE_CUE","Assets/_Project/Data/Audio/Music/Profiles/MusicProfile_Abyss.asset","181","MusicProfile_Abyss","music.profile.abyss","Abyss","RecoveryStingers","music.stinger_being_saved_3_first_breath_above","6","RecoveryStinger","0.22","1","0.917","170a7c1910c0b0b45a511f62e93d2f83","Assets/_Project/Audio/Music for Game/stinger_being_saved_3_First_Breath_Above.ogg","STINGER_BEING_SAVED_3_FIRST_BREATH_ABOVE","26.567","Streaming","Vorbis","0.7","","","","","",""
"STATIC_SOURCE","PROFILE_CUE","Assets/_Project/Data/Audio/Music/Profiles/MusicProfile_Base.asset","31","MusicProfile_Base","music.profile.base","Base Interior","CalmLongTracks","music.wam_base_lofi_11_beneath_the_iron_hull","0","ExplorationLong","0.18","1","0.866","f154b8d2565ef2c4194b81bf4c32b9e5","Assets/_Project/Audio/Music for Game/wam_base_lofi_11_Beneath_The_Iron_Hull.ogg","WAM_BASE_LOFI_11_BENEATH_THE_IRON_HULL","175.647","Streaming","Vorbis","0.7","","","","","",""
"STATIC_SOURCE","PROFILE_CUE","Assets/_Project/Data/Audio/Music/Profiles/MusicProfile_Base.asset","37","MusicProfile_Base","music.profile.base","Base Interior","CalmLongTracks","music.warm_base_lofi_1_muffled_underwater_hum","0","ExplorationLong","0.18","3","0.972","768a8f8f32e0e6e47b83d7e8023dea4f","Assets/_Project/Audio/Music for Game/warm_base_lofi_1_Muffled Underwater Hum.ogg","WARM_BASE_LOFI_1_MUFFLED_UNDERWATER_HUM","154.04","Streaming","Vorbis","0.7","","","","","",""
"STATIC_SOURCE","PROFILE_CUE","Assets/_Project/Data/Audio/Music/Profiles/MusicProfile_Base.asset","43","MusicProfile_Base","music.profile.base","Base Interior","CalmLongTracks","music.warm_base_lofi_10_chill_midnight_at_the_pressure_gate","0","ExplorationLong","0.18","1","0.866","066e15ab95dea604a8d1a63593f6e38e","Assets/_Project/Audio/Music for Game/warm_base_lofi_10_chill_Midnight_at_the_Pressure_Gate.ogg","WARM_BASE_LOFI_10_CHILL_MIDNIGHT_AT_THE_PRESSURE_GATE","175.203","Streaming","Vorbis","0.7","","","","","",""
"STATIC_SOURCE","PROFILE_CUE","Assets/_Project/Data/Audio/Music/Profiles/MusicProfile_Base.asset","49","MusicProfile_Base","music.profile.base","Base Interior","CalmLongTracks","music.warm_base_lofi_2_muffled_underwater_hum_1","0","ExplorationLong","0.18","3","0.928","8f32822a202a88547ac2034a1c095f85","Assets/_Project/Audio/Music for Game/warm_base_lofi_2_Muffled Underwater Hum (1).ogg","WARM_BASE_LOFI_2_MUFFLED_UNDERWATER_HUM_1","265","Streaming","Vorbis","0.7","","","","","",""
"STATIC_SOURCE","PROFILE_CUE","Assets/_Project/Data/Audio/Music/Profiles/MusicProfile_Base.asset","55","MusicProfile_Base","music.profile.base","Base Interior","CalmLongTracks","music.warm_base_lofi_3_underwater_hum","0","ExplorationLong","0.18","3","0.827","abd13bbe420ec9b4dbc18836d84ee874","Assets/_Project/Audio/Music for Game/warm_base_lofi_3_Underwater Hum.ogg","WARM_BASE_LOFI_3_UNDERWATER_HUM","106.08","Streaming","Vorbis","0.7","","","","","",""
"STATIC_SOURCE","PROFILE_CUE","Assets/_Project/Data/Audio/Music/Profiles/MusicProfile_Base.asset","61","MusicProfile_Base","music.profile.base","Base Interior","CalmLongTracks","music.warm_base_lofi_4_underwater_hum_1","0","ExplorationLong","0.18","3","0.994","70ec3422f2fd4eb40982cb6d00b68ac6","Assets/_Project/Audio/Music for Game/warm_base_lofi_4_Underwater Hum (1).ogg","WARM_BASE_LOFI_4_UNDERWATER_HUM_1","97.84","Streaming","Vorbis","0.7","","","","","",""
"STATIC_SOURCE","PROFILE_CUE","Assets/_Project/Data/Audio/Music/Profiles/MusicProfile_Base.asset","67","MusicProfile_Base","music.profile.base","Base Interior","CalmLongTracks","music.warm_base_lofi_5_iron_hull_lullaby","0","ExplorationLong","0.18","3","0.866","059c7d8007169c644a13ec64e7c3b385","Assets/_Project/Audio/Music for Game/warm_base_lofi_5_Iron_Hull_Lullaby.ogg","WARM_BASE_LOFI_5_IRON_HULL_LULLABY","134.269","Streaming","Vorbis","0.7","","","","","",""
"STATIC_SOURCE","PROFILE_CUE","Assets/_Project/Data/Audio/Music/Profiles/MusicProfile_Base.asset","73","MusicProfile_Base","music.profile.base","Base Interior","CalmLongTracks","music.warm_base_lofi_6_vinyl_warmth_echo","0","ExplorationLong","0.18","3","1","a3fc0813d890f2b49b4127bafc9c868c","Assets/_Project/Audio/Music for Game/warm_base_lofi_6_Vinyl Warmth Echo.ogg","WARM_BASE_LOFI_6_VINYL_WARMTH_ECHO","129.16","Streaming","Vorbis","0.7","","","","","",""
"STATIC_SOURCE","PROFILE_CUE","Assets/_Project/Data/Audio/Music/Profiles/MusicProfile_Base.asset","79","MusicProfile_Base","music.profile.base","Base Interior","CalmLongTracks","music.warm_base_lofi_7_vinyl_warmth_echo_1","0","ExplorationLong","0.18","3","1","2df6e5f8a95fb7047a177a696ed0b46d","Assets/_Project/Audio/Music for Game/warm_base_lofi_7_Vinyl Warmth Echo (1).ogg","WARM_BASE_LOFI_7_VINYL_WARMTH_ECHO_1","190.92","Streaming","Vorbis","0.7","","","","","",""
"STATIC_SOURCE","PROFILE_CUE","Assets/_Project/Data/Audio/Music/Profiles/MusicProfile_Base.asset","85","MusicProfile_Base","music.profile.base","Base Interior","CalmLongTracks","music.warm_base_lofi_8_vinyl_crackle","0","ExplorationLong","0.18","3","0.846","2bd4b1725928a9148a154797eab74854","Assets/_Project/Audio/Music for Game/warm_base_lofi_8_Vinyl Crackle.ogg","WARM_BASE_LOFI_8_VINYL_CRACKLE","178.36","Streaming","Vorbis","0.7","","","","","",""
"STATIC_SOURCE","PROFILE_CUE","Assets/_Project/Data/Audio/Music/Profiles/MusicProfile_Base.asset","91","MusicProfile_Base","music.profile.base","Base Interior","CalmLongTracks","music.warm_base_lofi_9_vinyl_crackle_1","0","ExplorationLong","0.18","3","0.983","bd0cf680e8f1e8e49ab8d054efc3a89e","Assets/_Project/Audio/Music for Game/warm_base_lofi_9_Vinyl Crackle (1).ogg","WARM_BASE_LOFI_9_VINYL_CRACKLE_1","174.96","Streaming","Vorbis","0.7","","","","","",""
"STATIC_SOURCE","PROFILE_CUE","Assets/_Project/Data/Audio/Music/Profiles/MusicProfile_Base.asset","103","MusicProfile_Base","music.profile.base","Base Interior","RecoveryStingers","music.stinger_being_saved_1release_at_depth","6","RecoveryStinger","0.18","1","0.917","2cee222960dc8d54098777e03cbd6adc","Assets/_Project/Audio/Music for Game/stinger_being_saved_1Release_At_Depth.ogg","STINGER_BEING_SAVED_1RELEASE_AT_DEPTH","26.88","Streaming","Vorbis","0.7","","","","","",""
"STATIC_SOURCE","PROFILE_CUE","Assets/_Project/Data/Audio/Music/Profiles/MusicProfile_Base.asset","109","MusicProfile_Base","music.profile.base","Base Interior","RecoveryStingers","music.stinger_being_saved_2_pressure_gives_way","6","RecoveryStinger","0.18","1","0.917","80df90f723d55ac43a0246898788db4b","Assets/_Project/Audio/Music for Game/stinger_being_saved_2_Pressure_Gives_Way.ogg","STINGER_BEING_SAVED_2_PRESSURE_GIVES_WAY","26.436","Streaming","Vorbis","0.7","","","","","",""
"STATIC_SOURCE","PROFILE_CUE","Assets/_Project/Data/Audio/Music/Profiles/MusicProfile_Base.asset","115","MusicProfile_Base","music.profile.base","Base Interior","RecoveryStingers","music.stinger_being_saved_3_first_breath_above","6","RecoveryStinger","0.18","1","0.917","170a7c1910c0b0b45a511f62e93d2f83","Assets/_Project/Audio/Music for Game/stinger_being_saved_3_First_Breath_Above.ogg","STINGER_BEING_SAVED_3_FIRST_BREATH_ABOVE","26.567","Streaming","Vorbis","0.7","","","","","",""
"STATIC_SOURCE","PROFILE_CUE","Assets/_Project/Data/Audio/Music/Profiles/MusicProfile_Cave.asset","31","MusicProfile_Cave","music.profile.cave","Cave","CalmLongTracks","music.cave_ambient_1_pitch_black_silence","0","ExplorationLong","0.42","3","0.923","fe727dabd2c9e3f4e8eafc492522d4ce","Assets/_Project/Audio/Music for Game/cave_ambient_1_Pitch-Black Silence.ogg","CAVE_AMBIENT_1_PITCH_BLACK_SILENCE","234.96","Streaming","Vorbis","0.7","","","","","",""
"STATIC_SOURCE","PROFILE_CUE","Assets/_Project/Data/Audio/Music/Profiles/MusicProfile_Cave.asset","37","MusicProfile_Cave","music.profile.cave","Cave","CalmLongTracks","music.cave_ambient_2_pitch_black_silence","0","ExplorationLong","0.42","3","0.861","aabfefae74c85d44a91fa9e3863324e1","Assets/_Project/Audio/Music for Game/cave_ambient_2_Pitch Black Silence.ogg","CAVE_AMBIENT_2_PITCH_BLACK_SILENCE","199.96","Streaming","Vorbis","0.7","","","","","",""
"STATIC_SOURCE","PROFILE_CUE","Assets/_Project/Data/Audio/Music/Profiles/MusicProfile_Cave.asset","43","MusicProfile_Cave","music.profile.cave","Cave","CalmLongTracks","music.cave_ambient_4_sub_bass_pressure","0","ExplorationLong","0.42","1","1","cdef1f05e4d7c4249b1827fe762791ed","Assets/_Project/Audio/Music for Game/cave_ambient_4_Sub-bass Pressure.ogg","CAVE_AMBIENT_4_SUB_BASS_PRESSURE","304.96","Streaming","Vorbis","0.7","","","","","",""
"STATIC_SOURCE","PROFILE_CUE","Assets/_Project/Data/Audio/Music/Profiles/MusicProfile_Cave.asset","49","MusicProfile_Cave","music.profile.cave","Cave","CalmLongTracks","music.cave_ambient_6_vinyl_underwater_ruins","0","ExplorationLong","0.42","3","0.741","5a48601cb08017f4fa518a9aadb101e4","Assets/_Project/Audio/Music for Game/cave_ambient_6_Vinyl Underwater Ruins.ogg","CAVE_AMBIENT_6_VINYL_UNDERWATER_RUINS","260.08","Streaming","Vorbis","0.7","","","","","",""
"STATIC_SOURCE","PROFILE_CUE","Assets/_Project/Data/Audio/Music/Profiles/MusicProfile_Cave.asset","55","MusicProfile_Cave","music.profile.cave","Cave","CalmLongTracks","music.cave_ambient_8_cavern_click_scrape","0","ExplorationLong","0.42","2","0.851","106e7be27a028e649a5c5281ebbb8fdf","Assets/_Project/Audio/Music for Game/cave_ambient_8_Cavern Click-Scrape.ogg","CAVE_AMBIENT_8_CAVERN_CLICK_SCRAPE","202.04","Streaming","Vorbis","0.7","","","","","",""
"STATIC_SOURCE","PROFILE_CUE","Assets/_Project/Data/Audio/Music/Profiles/MusicProfile_Cave.asset","62","MusicProfile_Cave","music.profile.cave","Cave","TenseLongTracks","music.cave_ambient_10_volcanic_steam_ritual","0","ExplorationLong","0.66","3","0.902","c069b52ff68a85b45bbfb7068ae19e8a","Assets/_Project/Audio/Music for Game/cave_ambient_10_Volcanic Steam Ritual.ogg","CAVE_AMBIENT_10_VOLCANIC_STEAM_RITUAL","154.92","Streaming","Vorbis","0.7","","","","","",""
"STATIC_SOURCE","PROFILE_CUE","Assets/_Project/Data/Audio/Music/Profiles/MusicProfile_Cave.asset","68","MusicProfile_Cave","music.profile.cave","Cave","TenseLongTracks","music.cave_ambient_3_sub_bass_pressure","0","ExplorationLong","0.66","3","0.7","7b92e59587ad31f4b93b6d3850e5546b","Assets/_Project/Audio/Music for Game/cave_ambient_3_Sub-bass Pressure.ogg","CAVE_AMBIENT_3_SUB_BASS_PRESSURE","90.36","Streaming","Vorbis","0.7","","","","","",""
"STATIC_SOURCE","PROFILE_CUE","Assets/_Project/Data/Audio/Music/Profiles/MusicProfile_Cave.asset","74","MusicProfile_Cave","music.profile.cave","Cave","TenseLongTracks","music.cave_ambient_5_cavern_click_scrape","0","ExplorationLong","0.66","2","0.989","32e21a4abca161342bb21ac95b4cb88a","Assets/_Project/Audio/Music for Game/cave_ambient_5_Cavern Click-Scrape.ogg","CAVE_AMBIENT_5_CAVERN_CLICK_SCRAPE","171.64","Streaming","Vorbis","0.7","","","","","",""
"STATIC_SOURCE","PROFILE_CUE","Assets/_Project/Data/Audio/Music/Profiles/MusicProfile_Cave.asset","80","MusicProfile_Cave","music.profile.cave","Cave","TenseLongTracks","music.cave_ambient_7_vinyl_underwater_ruins_1","0","ExplorationLong","0.66","2","0.841","81d4ad154384a634eb7d2c3311e4bc3f","Assets/_Project/Audio/Music for Game/cave_ambient_7_Vinyl Underwater Ruins (1).ogg","CAVE_AMBIENT_7_VINYL_UNDERWATER_RUINS_1","254.4","Streaming","Vorbis","0.7","","","","","",""
"STATIC_SOURCE","PROFILE_CUE","Assets/_Project/Data/Audio/Music/Profiles/MusicProfile_Cave.asset","86","MusicProfile_Cave","music.profile.cave","Cave","TenseLongTracks","music.cave_ambient_9_volcanic_hiss_anthem","0","ExplorationLong","0.66","3","0.891","75d65fd413ccd124eaa0d4af54748974","Assets/_Project/Audio/Music for Game/cave_ambient_9_Volcanic Hiss Anthem.ogg","CAVE_AMBIENT_9_VOLCANIC_HISS_ANTHEM","199.96","Streaming","Vorbis","0.7","","","","","",""
"STATIC_SOURCE","PROFILE_CUE","Assets/_Project/Data/Audio/Music/Profiles/MusicProfile_Cave.asset","95","MusicProfile_Cave","music.profile.cave","Cave","DiscoveryStingers","music.stinger_discovery_1_the_sunken_gate","4","DiscoveryStinger","0.5","1","0.917","81b174c662ccc04439985601bf432933","Assets/_Project/Audio/Music for Game/stinger_discovery_1_The_Sunken_Gate.ogg","STINGER_DISCOVERY_1_THE_SUNKEN_GATE","30.772","Streaming","Vorbis","0.7","","","","","",""
"STATIC_SOURCE","PROFILE_CUE","Assets/_Project/Data/Audio/Music/Profiles/MusicProfile_Cave.asset","101","MusicProfile_Cave","music.profile.cave","Cave","DiscoveryStingers","music.stinger_discovery_2_the_sunken_archive","4","DiscoveryStinger","0.5","1","0.917","1d02a115923b51a4f8f672755ccae79b","Assets/_Project/Audio/Music for Game/stinger_discovery_2_The_Sunken_Archive.ogg","STINGER_DISCOVERY_2_THE_SUNKEN_ARCHIVE","30.772","Streaming","Vorbis","0.7","","","","","",""
"STATIC_SOURCE","PROFILE_CUE","Assets/_Project/Data/Audio/Music/Profiles/MusicProfile_Cave.asset","107","MusicProfile_Cave","music.profile.cave","Cave","DiscoveryStingers","music.stinger_discovery_3_the_sunken_observatory","4","DiscoveryStinger","0.5","1","0.917","db4ef760f2874e34e8ec3f9d07362a90","Assets/_Project/Audio/Music for Game/stinger_discovery_3_The_Sunken_Observatory.ogg","STINGER_DISCOVERY_3_THE_SUNKEN_OBSERVATORY","30.772","Streaming","Vorbis","0.7","","","","","",""
"STATIC_SOURCE","PROFILE_CUE","Assets/_Project/Data/Audio/Music/Profiles/MusicProfile_Cave.asset","113","MusicProfile_Cave","music.profile.cave","Cave","DiscoveryStingers","music.stinger_discovery_4_the_sunken_observatory","4","DiscoveryStinger","0.5","1","0.917","3c54a92fe3f41814e93d1ade62f7d32a","Assets/_Project/Audio/Music for Game/stinger_discovery_4_The_Sunken_Observatory.ogg","STINGER_DISCOVERY_4_THE_SUNKEN_OBSERVATORY","30.772","Streaming","Vorbis","0.7","","","","","",""
"STATIC_SOURCE","PROFILE_CUE","Assets/_Project/Data/Audio/Music/Profiles/MusicProfile_Cave.asset","119","MusicProfile_Cave","music.profile.cave","Cave","DiscoveryStingers","music.stinger_discovery_5_the_sunken_relic","4","DiscoveryStinger","0.5","1","0.917","7d69df16d9f2cc2479fa609a64af98f7","Assets/_Project/Audio/Music for Game/stinger_discovery_5_The_Sunken_Relic.ogg","STINGER_DISCOVERY_5_THE_SUNKEN_RELIC","30.772","Streaming","Vorbis","0.7","","","","","",""
"STATIC_SOURCE","PROFILE_CUE","Assets/_Project/Data/Audio/Music/Profiles/MusicProfile_Cave.asset","125","MusicProfile_Cave","music.profile.cave","Cave","DiscoveryStingers","music.stinger_hallucination_1_beneath_the_tide","4","DiscoveryStinger","0.5","1","0.917","768a73eccd87c184caf6f887803a490c","Assets/_Project/Audio/Music for Game/stinger_hallucination_1_Beneath_the_Tide.ogg","STINGER_HALLUCINATION_1_BENEATH_THE_TIDE","30.772","Streaming","Vorbis","0.7","","","","","",""
"STATIC_SOURCE","PROFILE_CUE","Assets/_Project/Data/Audio/Music/Profiles/MusicProfile_Cave.asset","132","MusicProfile_Cave","music.profile.cave","Cave","DangerStingers","music.stinger_dangerous_1_iron_teeth","5","DangerStinger","0.95","1","0.917","ef4fb939718b1124daf5bbdcf98c8ed8","Assets/_Project/Audio/Music for Game/stinger_dangerous_1_Iron_Teeth.ogg","STINGER_DANGEROUS_1_IRON_TEETH","30.093","Streaming","Vorbis","0.7","","","","","",""
"STATIC_SOURCE","PROFILE_CUE","Assets/_Project/Data/Audio/Music/Profiles/MusicProfile_Cave.asset","138","MusicProfile_Cave","music.profile.cave","Cave","DangerStingers","music.stinger_dangerous_2heartbeat_under_floorboards","5","DangerStinger","0.95","1","0.917","c8be0393845ff744a86f64139d6ad1ee","Assets/_Project/Audio/Music for Game/stinger_dangerous_2Heartbeat_Under_Floorboards.ogg","STINGER_DANGEROUS_2HEARTBEAT_UNDER_FLOORBOARDS","30.772","Streaming","Vorbis","0.7","","","","","",""
"STATIC_SOURCE","PROFILE_CUE","Assets/_Project/Data/Audio/Music/Profiles/MusicProfile_Cave.asset","145","MusicProfile_Cave","music.profile.cave","Cave","RecoveryStingers","music.stinger_being_saved_1release_at_depth","6","RecoveryStinger","0.22","1","0.917","2cee222960dc8d54098777e03cbd6adc","Assets/_Project/Audio/Music for Game/stinger_being_saved_1Release_At_Depth.ogg","STINGER_BEING_SAVED_1RELEASE_AT_DEPTH","26.88","Streaming","Vorbis","0.7","","","","","",""
"STATIC_SOURCE","PROFILE_CUE","Assets/_Project/Data/Audio/Music/Profiles/MusicProfile_Cave.asset","151","MusicProfile_Cave","music.profile.cave","Cave","RecoveryStingers","music.stinger_being_saved_2_pressure_gives_way","6","RecoveryStinger","0.22","1","0.917","80df90f723d55ac43a0246898788db4b","Assets/_Project/Audio/Music for Game/stinger_being_saved_2_Pressure_Gives_Way.ogg","STINGER_BEING_SAVED_2_PRESSURE_GIVES_WAY","26.436","Streaming","Vorbis","0.7","","","","","",""
"STATIC_SOURCE","PROFILE_CUE","Assets/_Project/Data/Audio/Music/Profiles/MusicProfile_Cave.asset","157","MusicProfile_Cave","music.profile.cave","Cave","RecoveryStingers","music.stinger_being_saved_3_first_breath_above","6","RecoveryStinger","0.22","1","0.917","170a7c1910c0b0b45a511f62e93d2f83","Assets/_Project/Audio/Music for Game/stinger_being_saved_3_First_Breath_Above.ogg","STINGER_BEING_SAVED_3_FIRST_BREATH_ABOVE","26.567","Streaming","Vorbis","0.7","","","","","",""
"STATIC_SOURCE","PROFILE_CUE","Assets/_Project/Data/Audio/Music/Profiles/MusicProfile_Combat.asset","32","MusicProfile_Combat","music.profile.combat","Combat","TenseLongTracks","music.being_attacked_1_metallic_alarm_panic","2","CombatLong","0.92","1","0.939","054f500f297e56549a8c78ff8ef2f168","Assets/_Project/Audio/Music for Game/being_attacked_1_Metallic Alarm Panic.ogg","BEING_ATTACKED_1_METALLIC_ALARM_PANIC","179.44","Streaming","Vorbis","0.7","","","","","",""
"STATIC_SOURCE","PROFILE_CUE","Assets/_Project/Data/Audio/Music/Profiles/MusicProfile_Combat.asset","38","MusicProfile_Combat","music.profile.combat","Combat","TenseLongTracks","music.being_attacked_2_metallic_alarm_panic_1","2","CombatLong","0.92","1","1","e8e5f71b9a4bf1a4e817f21006fac253","Assets/_Project/Audio/Music for Game/being_attacked_2_Metallic Alarm Panic (1).ogg","BEING_ATTACKED_2_METALLIC_ALARM_PANIC_1","184.64","Streaming","Vorbis","0.7","","","","","",""
"STATIC_SOURCE","PROFILE_CUE","Assets/_Project/Data/Audio/Music/Profiles/MusicProfile_Combat.asset","44","MusicProfile_Combat","music.profile.combat","Combat","TenseLongTracks","music.being_attacked_3_metallic_alarm","2","CombatLong","0.92","1","0.939","1853600af657d204495cca9569d7876c","Assets/_Project/Audio/Music for Game/being_attacked_3_Metallic Alarm.ogg","BEING_ATTACKED_3_METALLIC_ALARM","153.6","Streaming","Vorbis","0.7","","","","","",""
"STATIC_SOURCE","PROFILE_CUE","Assets/_Project/Data/Audio/Music/Profiles/MusicProfile_Combat.asset","50","MusicProfile_Combat","music.profile.combat","Combat","TenseLongTracks","music.being_attacked_4_metallic_alarm_1","2","CombatLong","0.92","1","0.827","0a9c94b9fae7fa2469c77d7fccf0832f","Assets/_Project/Audio/Music for Game/being_attacked_4_Metallic Alarm (1).ogg","BEING_ATTACKED_4_METALLIC_ALARM_1","169.96","Streaming","Vorbis","0.7","","","","","",""
"STATIC_SOURCE","PROFILE_CUE","Assets/_Project/Data/Audio/Music/Profiles/MusicProfile_Combat.asset","58","MusicProfile_Combat","music.profile.combat","Combat","TenseShortTracks","music.danger_zatmenie_1_distant_metallic_groan","3","CombatShort","0.94","1","0.917","5d1593e1d1e1cc341847c32c4a3c3f4c","Assets/_Project/Audio/Music for Game/danger_zatmenie_1_Distant Metallic Groan.ogg","DANGER_ZATMENIE_1_DISTANT_METALLIC_GROAN","163.8","Streaming","Vorbis","0.7","","","","","",""
"STATIC_SOURCE","PROFILE_CUE","Assets/_Project/Data/Audio/Music/Profiles/MusicProfile_Combat.asset","64","MusicProfile_Combat","music.profile.combat","Combat","TenseShortTracks","music.danger_zatmenie_2_abandoned_depths","3","CombatShort","0.94","1","0.649","c7454eac9fe308c42b277982ed62ceef","Assets/_Project/Audio/Music for Game/danger_zatmenie_2_Abandoned Depths.ogg","DANGER_ZATMENIE_2_ABANDONED_DEPTHS","479.96","Streaming","Vorbis","0.7","","","","","",""
"STATIC_SOURCE","PROFILE_CUE","Assets/_Project/Data/Audio/Music/Profiles/MusicProfile_Combat.asset","72","MusicProfile_Combat","music.profile.combat","Combat","DangerStingers","music.stinger_dangerous_1_iron_teeth","5","DangerStinger","0.98","1","0.917","ef4fb939718b1124daf5bbdcf98c8ed8","Assets/_Project/Audio/Music for Game/stinger_dangerous_1_Iron_Teeth.ogg","STINGER_DANGEROUS_1_IRON_TEETH","30.093","Streaming","Vorbis","0.7","","","","","",""
"STATIC_SOURCE","PROFILE_CUE","Assets/_Project/Data/Audio/Music/Profiles/MusicProfile_Combat.asset","78","MusicProfile_Combat","music.profile.combat","Combat","DangerStingers","music.stinger_dangerous_2heartbeat_under_floorboards","5","DangerStinger","0.98","1","0.917","c8be0393845ff744a86f64139d6ad1ee","Assets/_Project/Audio/Music for Game/stinger_dangerous_2Heartbeat_Under_Floorboards.ogg","STINGER_DANGEROUS_2HEARTBEAT_UNDER_FLOORBOARDS","30.772","Streaming","Vorbis","0.7","","","","","",""
"STATIC_SOURCE","PROFILE_CUE","Assets/_Project/Data/Audio/Music/Profiles/MusicProfile_Combat.asset","85","MusicProfile_Combat","music.profile.combat","Combat","RecoveryStingers","music.stinger_being_saved_1release_at_depth","6","RecoveryStinger","0.22","1","0.917","2cee222960dc8d54098777e03cbd6adc","Assets/_Project/Audio/Music for Game/stinger_being_saved_1Release_At_Depth.ogg","STINGER_BEING_SAVED_1RELEASE_AT_DEPTH","26.88","Streaming","Vorbis","0.7","","","","","",""
"STATIC_SOURCE","PROFILE_CUE","Assets/_Project/Data/Audio/Music/Profiles/MusicProfile_Combat.asset","91","MusicProfile_Combat","music.profile.combat","Combat","RecoveryStingers","music.stinger_being_saved_2_pressure_gives_way","6","RecoveryStinger","0.22","1","0.917","80df90f723d55ac43a0246898788db4b","Assets/_Project/Audio/Music for Game/stinger_being_saved_2_Pressure_Gives_Way.ogg","STINGER_BEING_SAVED_2_PRESSURE_GIVES_WAY","26.436","Streaming","Vorbis","0.7","","","","","",""
"STATIC_SOURCE","PROFILE_CUE","Assets/_Project/Data/Audio/Music/Profiles/MusicProfile_Combat.asset","97","MusicProfile_Combat","music.profile.combat","Combat","RecoveryStingers","music.stinger_being_saved_3_first_breath_above","6","RecoveryStinger","0.22","1","0.917","170a7c1910c0b0b45a511f62e93d2f83","Assets/_Project/Audio/Music for Game/stinger_being_saved_3_First_Breath_Above.ogg","STINGER_BEING_SAVED_3_FIRST_BREATH_ABOVE","26.567","Streaming","Vorbis","0.7","","","","","",""
"STATIC_SOURCE","PROFILE_CUE","Assets/_Project/Data/Audio/Music/Profiles/MusicProfile_Fallback.asset","31","MusicProfile_Fallback","music.profile.fallback","Fallback Ambient","CalmLongTracks","music.ambient_dlinni_1_sub_bass_throb","0","ExplorationLong","0.34","1","0.794","873eecfdae0703744963096d4b3755e1","Assets/_Project/Audio/Music for Game/ambient_dlinni_1_Sub-Bass Throb.ogg","AMBIENT_DLINNI_1_SUB_BASS_THROB","407.72","Streaming","Vorbis","0.7","","","","","",""
"STATIC_SOURCE","PROFILE_CUE","Assets/_Project/Data/Audio/Music/Profiles/MusicProfile_Fallback.asset","37","MusicProfile_Fallback","music.profile.fallback","Fallback Ambient","CalmLongTracks","music.ambient_dlinni_2_sub_bass_hive","0","ExplorationLong","0.34","1","0.692","8021b6e138973464ba78f8f43add5d76","Assets/_Project/Audio/Music for Game/ambient_dlinni_2_Sub-Bass Hive.ogg","AMBIENT_DLINNI_2_SUB_BASS_HIVE","379.08","Streaming","Vorbis","0.7","","","","","",""
"STATIC_SOURCE","PROFILE_CUE","Assets/_Project/Data/Audio/Music/Profiles/MusicProfile_Fallback.asset","43","MusicProfile_Fallback","music.profile.fallback","Fallback Ambient","CalmLongTracks","music.dead_reefs_1_aquatic_hissdrift","0","ExplorationLong","0.34","1","0.7","355a86e5fcc5e0a42aaf58a5d7d80a4a","Assets/_Project/Audio/Music for Game/dead_reefs_1_Aquatic Hissdrift.ogg","DEAD_REEFS_1_AQUATIC_HISSDRIFT","280.12","Streaming","Vorbis","0.7","","","","","",""
"STATIC_SOURCE","PROFILE_CUE","Assets/_Project/Data/Audio/Music/Profiles/MusicProfile_Fallback.asset","49","MusicProfile_Fallback","music.profile.fallback","Fallback Ambient","CalmLongTracks","music.dead_reefs_2_aquatic_hissdrift_1","0","ExplorationLong","0.34","1","1","742aaff105b50604e9dabc72227afee9","Assets/_Project/Audio/Music for Game/dead_reefs_2_Aquatic Hissdrift (1).ogg","DEAD_REEFS_2_AQUATIC_HISSDRIFT_1","86.6","Streaming","Vorbis","0.7","","","","","",""
"STATIC_SOURCE","PROFILE_CUE","Assets/_Project/Data/Audio/Music/Profiles/MusicProfile_Fallback.asset","55","MusicProfile_Fallback","music.profile.fallback","Fallback Ambient","CalmLongTracks","music.dead_reefs_3_aquatic_tape_hiss","0","ExplorationLong","0.34","1","0.989","4682766f6be7347409865ffbd1a0ebaa","Assets/_Project/Audio/Music for Game/dead_reefs_3_Aquatic Tape Hiss.ogg","DEAD_REEFS_3_AQUATIC_TAPE_HISS","260.56","Streaming","Vorbis","0.7","","","","","",""
"STATIC_SOURCE","PROFILE_CUE","Assets/_Project/Data/Audio/Music/Profiles/MusicProfile_Fallback.asset","61","MusicProfile_Fallback","music.profile.fallback","Fallback Ambient","CalmLongTracks","music.dead_reefs_4_aquatic_tape_hiss_1","0","ExplorationLong","0.34","1","0.944","2c3eb41fa27400d4dbe6ce327497b07f","Assets/_Project/Audio/Music for Game/dead_reefs_4_Aquatic Tape Hiss (1).ogg","DEAD_REEFS_4_AQUATIC_TAPE_HISS_1","244.76","Streaming","Vorbis","0.7","","","","","",""
"STATIC_SOURCE","PROFILE_CUE","Assets/_Project/Data/Audio/Music/Profiles/MusicProfile_Fallback.asset","67","MusicProfile_Fallback","music.profile.fallback","Fallback Ambient","CalmLongTracks","music.dead_reefs_5_the_sunken_archway","0","ExplorationLong","0.34","1","0.891","60d78a7d59785714f8a55160d8c457c3","Assets/_Project/Audio/Music for Game/dead_reefs_5_The_Sunken_Archway.ogg","DEAD_REEFS_5_THE_SUNKEN_ARCHWAY","176.901","Streaming","Vorbis","0.7","","","","","",""
"STATIC_SOURCE","PROFILE_CUE","Assets/_Project/Data/Audio/Music/Profiles/MusicProfile_Fallback.asset","74","MusicProfile_Fallback","music.profile.fallback","Fallback Ambient","TenseLongTracks","music.ambient_deep_1_underwater_muffled_silence","0","ExplorationLong","0.68","1","1","2120a917b8f58f5419996f894b1ff0f5","Assets/_Project/Audio/Music for Game/ambient_deep_1_Underwater Muffled Silence.ogg","AMBIENT_DEEP_1_UNDERWATER_MUFFLED_SILENCE","171.36","Streaming","Vorbis","0.7","","","","","",""
"STATIC_SOURCE","PROFILE_CUE","Assets/_Project/Data/Audio/Music/Profiles/MusicProfile_Fallback.asset","80","MusicProfile_Fallback","music.profile.fallback","Fallback Ambient","TenseLongTracks","music.ambient_deep_2_underwater_muffled_silence_1","0","ExplorationLong","0.68","1","1","34fb078072f9f6f4b99660bbb59d1c72","Assets/_Project/Audio/Music for Game/ambient_deep_2_Underwater Muffled Silence (1).ogg","AMBIENT_DEEP_2_UNDERWATER_MUFFLED_SILENCE_1","112.12","Streaming","Vorbis","0.7","","","","","",""
"STATIC_SOURCE","PROFILE_CUE","Assets/_Project/Data/Audio/Music/Profiles/MusicProfile_Fallback.asset","86","MusicProfile_Fallback","music.profile.fallback","Fallback Ambient","TenseLongTracks","music.ambient_deep_3_the_leviathan_s_watch","0","ExplorationLong","0.68","2","0.891","d3a15dddd81061d47b05349f9a252a09","Assets/_Project/Audio/Music for Game/ambient_deep_3_The_Leviathan_s_Watch.ogg","AMBIENT_DEEP_3_THE_LEVIATHAN_S_WATCH","142.028","Streaming","Vorbis","0.7","","","","","",""
"STATIC_SOURCE","PROFILE_CUE","Assets/_Project/Data/Audio/Music/Profiles/MusicProfile_Fallback.asset","92","MusicProfile_Fallback","music.profile.fallback","Fallback Ambient","TenseLongTracks","music.ambient_deep_4_krasiviy_six_miles_under","0","ExplorationLong","0.68","1","0.891","acf3b500352a7944899d97bbf37655f5","Assets/_Project/Audio/Music for Game/ambient_deep_4_krasiviy_Six_Miles_Under.ogg","AMBIENT_DEEP_4_KRASIVIY_SIX_MILES_UNDER","146.26","Streaming","Vorbis","0.7","","","","","",""
"STATIC_SOURCE","PROFILE_CUE","Assets/_Project/Data/Audio/Music/Profiles/MusicProfile_Fallback.asset","99","MusicProfile_Fallback","music.profile.fallback","Fallback Ambient","CalmShortTracks","music.ambient_korotki_1_sub_bass_throb","1","ExplorationShort","0.4","1","0.724","29d4affbaac6d784e9046c6117145790","Assets/_Project/Audio/Music for Game/ambient_korotki_1_Sub-Bass Throb.ogg","AMBIENT_KOROTKI_1_SUB_BASS_THROB","132.48","Streaming","Vorbis","0.7","","","","","",""
"STATIC_SOURCE","PROFILE_CUE","Assets/_Project/Data/Audio/Music/Profiles/MusicProfile_Fallback.asset","105","MusicProfile_Fallback","music.profile.fallback","Fallback Ambient","CalmShortTracks","music.ambient_korotki_2_sub_bass_throb_1","1","ExplorationShort","0.4","1","1","433f105a3218f0842906b5c6b048d1dc","Assets/_Project/Audio/Music for Game/ambient_korotki_2_Sub-Bass Throb (1).ogg","AMBIENT_KOROTKI_2_SUB_BASS_THROB_1","74.44","Streaming","Vorbis","0.7","","","","","",""
"STATIC_SOURCE","PROFILE_CUE","Assets/_Project/Data/Audio/Music/Profiles/MusicProfile_Fallback.asset","111","MusicProfile_Fallback","music.profile.fallback","Fallback Ambient","CalmShortTracks","music.ambient_korotki_3_sub_bass_throb_2","1","ExplorationShort","0.4","1","0.724","5403cbd50472e6f45b3095a536e38f87","Assets/_Project/Audio/Music for Game/ambient_korotki_3_Sub-Bass Throb (2).ogg","AMBIENT_KOROTKI_3_SUB_BASS_THROB_2","53.76","Streaming","Vorbis","0.7","","","","","",""
"STATIC_SOURCE","PROFILE_CUE","Assets/_Project/Data/Audio/Music/Profiles/MusicProfile_Fallback.asset","118","MusicProfile_Fallback","music.profile.fallback","Fallback Ambient","TenseShortTracks","music.danger_zatmenie_1_distant_metallic_groan","3","CombatShort","0.9","1","0.917","5d1593e1d1e1cc341847c32c4a3c3f4c","Assets/_Project/Audio/Music for Game/danger_zatmenie_1_Distant Metallic Groan.ogg","DANGER_ZATMENIE_1_DISTANT_METALLIC_GROAN","163.8","Streaming","Vorbis","0.7","","","","","",""
"STATIC_SOURCE","PROFILE_CUE","Assets/_Project/Data/Audio/Music/Profiles/MusicProfile_Fallback.asset","124","MusicProfile_Fallback","music.profile.fallback","Fallback Ambient","TenseShortTracks","music.danger_zatmenie_2_abandoned_depths","3","CombatShort","0.9","1","0.649","c7454eac9fe308c42b277982ed62ceef","Assets/_Project/Audio/Music for Game/danger_zatmenie_2_Abandoned Depths.ogg","DANGER_ZATMENIE_2_ABANDONED_DEPTHS","479.96","Streaming","Vorbis","0.7","","","","","",""
"STATIC_SOURCE","PROFILE_CUE","Assets/_Project/Data/Audio/Music/Profiles/MusicProfile_Fallback.asset","131","MusicProfile_Fallback","music.profile.fallback","Fallback Ambient","DiscoveryStingers","music.stinger_discovery_1_the_sunken_gate","4","DiscoveryStinger","0.5","1","0.917","81b174c662ccc04439985601bf432933","Assets/_Project/Audio/Music for Game/stinger_discovery_1_The_Sunken_Gate.ogg","STINGER_DISCOVERY_1_THE_SUNKEN_GATE","30.772","Streaming","Vorbis","0.7","","","","","",""
"STATIC_SOURCE","PROFILE_CUE","Assets/_Project/Data/Audio/Music/Profiles/MusicProfile_Fallback.asset","137","MusicProfile_Fallback","music.profile.fallback","Fallback Ambient","DiscoveryStingers","music.stinger_discovery_2_the_sunken_archive","4","DiscoveryStinger","0.5","1","0.917","1d02a115923b51a4f8f672755ccae79b","Assets/_Project/Audio/Music for Game/stinger_discovery_2_The_Sunken_Archive.ogg","STINGER_DISCOVERY_2_THE_SUNKEN_ARCHIVE","30.772","Streaming","Vorbis","0.7","","","","","",""
"STATIC_SOURCE","PROFILE_CUE","Assets/_Project/Data/Audio/Music/Profiles/MusicProfile_Fallback.asset","143","MusicProfile_Fallback","music.profile.fallback","Fallback Ambient","DiscoveryStingers","music.stinger_discovery_3_the_sunken_observatory","4","DiscoveryStinger","0.5","1","0.917","db4ef760f2874e34e8ec3f9d07362a90","Assets/_Project/Audio/Music for Game/stinger_discovery_3_The_Sunken_Observatory.ogg","STINGER_DISCOVERY_3_THE_SUNKEN_OBSERVATORY","30.772","Streaming","Vorbis","0.7","","","","","",""
"STATIC_SOURCE","PROFILE_CUE","Assets/_Project/Data/Audio/Music/Profiles/MusicProfile_Fallback.asset","149","MusicProfile_Fallback","music.profile.fallback","Fallback Ambient","DiscoveryStingers","music.stinger_discovery_4_the_sunken_observatory","4","DiscoveryStinger","0.5","1","0.917","3c54a92fe3f41814e93d1ade62f7d32a","Assets/_Project/Audio/Music for Game/stinger_discovery_4_The_Sunken_Observatory.ogg","STINGER_DISCOVERY_4_THE_SUNKEN_OBSERVATORY","30.772","Streaming","Vorbis","0.7","","","","","",""
"STATIC_SOURCE","PROFILE_CUE","Assets/_Project/Data/Audio/Music/Profiles/MusicProfile_Fallback.asset","155","MusicProfile_Fallback","music.profile.fallback","Fallback Ambient","DiscoveryStingers","music.stinger_discovery_5_the_sunken_relic","4","DiscoveryStinger","0.5","1","0.917","7d69df16d9f2cc2479fa609a64af98f7","Assets/_Project/Audio/Music for Game/stinger_discovery_5_The_Sunken_Relic.ogg","STINGER_DISCOVERY_5_THE_SUNKEN_RELIC","30.772","Streaming","Vorbis","0.7","","","","","",""
"STATIC_SOURCE","PROFILE_CUE","Assets/_Project/Data/Audio/Music/Profiles/MusicProfile_Fallback.asset","161","MusicProfile_Fallback","music.profile.fallback","Fallback Ambient","DiscoveryStingers","music.stinger_hallucination_1_beneath_the_tide","4","DiscoveryStinger","0.5","1","0.917","768a73eccd87c184caf6f887803a490c","Assets/_Project/Audio/Music for Game/stinger_hallucination_1_Beneath_the_Tide.ogg","STINGER_HALLUCINATION_1_BENEATH_THE_TIDE","30.772","Streaming","Vorbis","0.7","","","","","",""
"STATIC_SOURCE","PROFILE_CUE","Assets/_Project/Data/Audio/Music/Profiles/MusicProfile_Fallback.asset","168","MusicProfile_Fallback","music.profile.fallback","Fallback Ambient","DangerStingers","music.stinger_dangerous_1_iron_teeth","5","DangerStinger","0.95","1","0.917","ef4fb939718b1124daf5bbdcf98c8ed8","Assets/_Project/Audio/Music for Game/stinger_dangerous_1_Iron_Teeth.ogg","STINGER_DANGEROUS_1_IRON_TEETH","30.093","Streaming","Vorbis","0.7","","","","","",""
"STATIC_SOURCE","PROFILE_CUE","Assets/_Project/Data/Audio/Music/Profiles/MusicProfile_Fallback.asset","174","MusicProfile_Fallback","music.profile.fallback","Fallback Ambient","DangerStingers","music.stinger_dangerous_2heartbeat_under_floorboards","5","DangerStinger","0.95","1","0.917","c8be0393845ff744a86f64139d6ad1ee","Assets/_Project/Audio/Music for Game/stinger_dangerous_2Heartbeat_Under_Floorboards.ogg","STINGER_DANGEROUS_2HEARTBEAT_UNDER_FLOORBOARDS","30.772","Streaming","Vorbis","0.7","","","","","",""
"STATIC_SOURCE","PROFILE_CUE","Assets/_Project/Data/Audio/Music/Profiles/MusicProfile_Fallback.asset","181","MusicProfile_Fallback","music.profile.fallback","Fallback Ambient","RecoveryStingers","music.stinger_being_saved_1release_at_depth","6","RecoveryStinger","0.22","1","0.917","2cee222960dc8d54098777e03cbd6adc","Assets/_Project/Audio/Music for Game/stinger_being_saved_1Release_At_Depth.ogg","STINGER_BEING_SAVED_1RELEASE_AT_DEPTH","26.88","Streaming","Vorbis","0.7","","","","","",""
"STATIC_SOURCE","PROFILE_CUE","Assets/_Project/Data/Audio/Music/Profiles/MusicProfile_Fallback.asset","187","MusicProfile_Fallback","music.profile.fallback","Fallback Ambient","RecoveryStingers","music.stinger_being_saved_2_pressure_gives_way","6","RecoveryStinger","0.22","1","0.917","80df90f723d55ac43a0246898788db4b","Assets/_Project/Audio/Music for Game/stinger_being_saved_2_Pressure_Gives_Way.ogg","STINGER_BEING_SAVED_2_PRESSURE_GIVES_WAY","26.436","Streaming","Vorbis","0.7","","","","","",""
"STATIC_SOURCE","PROFILE_CUE","Assets/_Project/Data/Audio/Music/Profiles/MusicProfile_Fallback.asset","193","MusicProfile_Fallback","music.profile.fallback","Fallback Ambient","RecoveryStingers","music.stinger_being_saved_3_first_breath_above","6","RecoveryStinger","0.22","1","0.917","170a7c1910c0b0b45a511f62e93d2f83","Assets/_Project/Audio/Music for Game/stinger_being_saved_3_First_Breath_Above.ogg","STINGER_BEING_SAVED_3_FIRST_BREATH_ABOVE","26.567","Streaming","Vorbis","0.7","","","","","",""
"STATIC_SOURCE","PROFILE_CUE","Assets/_Project/Data/Audio/Music/Profiles/MusicProfile_MainMenu.asset","31","MusicProfile_MainMenu","music.profile.main_menu","Main Menu","CalmLongTracks","music.main_menu_1_sun_under_water","7","Menu","0.1","1","0.917","507c59559ae41eb46b475787e8d1b100","Assets/_Project/Audio/Music for Game/main_menu_1_Sun_Under_Water.ogg","MAIN_MENU_1_SUN_UNDER_WATER","144.849","Streaming","Vorbis","0.7","","","","","",""
"STATIC_SOURCE","PROFILE_CUE","Assets/_Project/Data/Audio/Music/Profiles/MusicProfile_MainMenu.asset","37","MusicProfile_MainMenu","music.profile.main_menu","Main Menu","CalmLongTracks","music.main_menu_2_beneath_the_weight_of_miles","7","Menu","0.1","1","0.917","22ae131c0bebe4d4691995e8878796bc","Assets/_Project/Audio/Music for Game/main_menu_2_Beneath_the_Weight_of_Miles.ogg","MAIN_MENU_2_BENEATH_THE_WEIGHT_OF_MILES","165.904","Streaming","Vorbis","0.7","","","","","",""
"STATIC_SOURCE","PROFILE_CUE","Assets/_Project/Data/Audio/Music/Profiles/MusicProfile_Prologue.asset","31","MusicProfile_Prologue","music.profile.prologue","Prologue","CalmLongTracks","music.prologue_1_iron_heavy_rain","8","Prologue","0.32","1","0.891","9290c542008720742929db961ffb572c","Assets/_Project/Audio/Music for Game/prologue_1__Iron_Heavy_Rain.ogg","PROLOGUE_1_IRON_HEAVY_RAIN","144.248","Streaming","Vorbis","0.7","","","","","",""
"STATIC_SOURCE","PROFILE_CUE","Assets/_Project/Data/Audio/Music/Profiles/MusicProfile_Shallow.asset","31","MusicProfile_Shallow","music.profile.shallow","Shallow Water","CalmLongTracks","music.melkovodie_1_vinyl_kelp_glow","0","ExplorationLong","0.22","2","0.933","0f76da8c8fd1d6c49b3a30187cb21880","Assets/_Project/Audio/Music for Game/melkovodie_1_Vinyl Kelp Glow.ogg","MELKOVODIE_1_VINYL_KELP_GLOW","296.48","Streaming","Vorbis","0.7","","","","","",""
"STATIC_SOURCE","PROFILE_CUE","Assets/_Project/Data/Audio/Music/Profiles/MusicProfile_Shallow.asset","37","MusicProfile_Shallow","music.profile.shallow","Shallow Water","CalmLongTracks","music.melkovodie_3_underwater_reverbfall","0","ExplorationLong","0.22","2","1","764ebd5631f6fa441a067bc021dc3b0d","Assets/_Project/Audio/Music for Game/melkovodie_3_Underwater Reverbfall.ogg","MELKOVODIE_3_UNDERWATER_REVERBFALL","210.48","Streaming","Vorbis","0.7","","","","","",""
"STATIC_SOURCE","PROFILE_CUE","Assets/_Project/Data/Audio/Music/Profiles/MusicProfile_Shallow.asset","43","MusicProfile_Shallow","music.profile.shallow","Shallow Water","CalmLongTracks","music.melkovodie_5_prism_in_the_trench","0","ExplorationLong","0.22","2","0.891","f7ccf49a2d418c54f9204070e2d10159","Assets/_Project/Audio/Music for Game/melkovodie_5_Prism_in_the_Trench.ogg","MELKOVODIE_5_PRISM_IN_THE_TRENCH","111.647","Streaming","Vorbis","0.7","","","","","",""
"STATIC_SOURCE","PROFILE_CUE","Assets/_Project/Data/Audio/Music/Profiles/MusicProfile_Shallow.asset","50","MusicProfile_Shallow","music.profile.shallow","Shallow Water","TenseLongTracks","music.melkovodie_2_the_weight_of_blue_light","0","ExplorationLong","0.58","1","0.891","34bd1cdff6a3bfb48bae383d4d792176","Assets/_Project/Audio/Music for Game/melkovodie_2_The_Weight_of_Blue_Light.ogg","MELKOVODIE_2_THE_WEIGHT_OF_BLUE_LIGHT","172.565","Streaming","Vorbis","0.7","","","","","",""
"STATIC_SOURCE","PROFILE_CUE","Assets/_Project/Data/Audio/Music/Profiles/MusicProfile_Shallow.asset","56","MusicProfile_Shallow","music.profile.shallow","Shallow Water","TenseLongTracks","music.melkovodie_4_underwater_reverbfall_1","0","ExplorationLong","0.58","1","0.891","c493fd762e2d1d5479a7d1009a741db3","Assets/_Project/Audio/Music for Game/melkovodie_4_Underwater Reverbfall (1).ogg","MELKOVODIE_4_UNDERWATER_REVERBFALL_1","227.4","Streaming","Vorbis","0.7","","","","","",""
"STATIC_SOURCE","PROFILE_CUE","Assets/_Project/Data/Audio/Music/Profiles/MusicProfile_Shallow.asset","63","MusicProfile_Shallow","music.profile.shallow","Shallow Water","CalmShortTracks","music.melkovodie_6_short30sec_beneath_the_glass_grove","1","ExplorationShort","0.28","1","0.891","b6a88ebc713fed943a1b20a62eb34d1d","Assets/_Project/Audio/Music for Game/melkovodie_6_short30sec_Beneath_the_Glass_Grove.ogg","MELKOVODIE_6_SHORT30SEC_BENEATH_THE_GLASS_GROVE","30.694","Streaming","Vorbis","0.7","","","","","",""
"STATIC_SOURCE","PROFILE_CUE","Assets/_Project/Data/Audio/Music/Profiles/MusicProfile_Shallow.asset","71","MusicProfile_Shallow","music.profile.shallow","Shallow Water","DiscoveryStingers","music.stinger_discovery_1_the_sunken_gate","4","DiscoveryStinger","0.5","1","0.917","81b174c662ccc04439985601bf432933","Assets/_Project/Audio/Music for Game/stinger_discovery_1_The_Sunken_Gate.ogg","STINGER_DISCOVERY_1_THE_SUNKEN_GATE","30.772","Streaming","Vorbis","0.7","","","","","",""
"STATIC_SOURCE","PROFILE_CUE","Assets/_Project/Data/Audio/Music/Profiles/MusicProfile_Shallow.asset","77","MusicProfile_Shallow","music.profile.shallow","Shallow Water","DiscoveryStingers","music.stinger_discovery_2_the_sunken_archive","4","DiscoveryStinger","0.5","1","0.917","1d02a115923b51a4f8f672755ccae79b","Assets/_Project/Audio/Music for Game/stinger_discovery_2_The_Sunken_Archive.ogg","STINGER_DISCOVERY_2_THE_SUNKEN_ARCHIVE","30.772","Streaming","Vorbis","0.7","","","","","",""
"STATIC_SOURCE","PROFILE_CUE","Assets/_Project/Data/Audio/Music/Profiles/MusicProfile_Shallow.asset","83","MusicProfile_Shallow","music.profile.shallow","Shallow Water","DiscoveryStingers","music.stinger_discovery_3_the_sunken_observatory","4","DiscoveryStinger","0.5","1","0.917","db4ef760f2874e34e8ec3f9d07362a90","Assets/_Project/Audio/Music for Game/stinger_discovery_3_The_Sunken_Observatory.ogg","STINGER_DISCOVERY_3_THE_SUNKEN_OBSERVATORY","30.772","Streaming","Vorbis","0.7","","","","","",""
"STATIC_SOURCE","PROFILE_CUE","Assets/_Project/Data/Audio/Music/Profiles/MusicProfile_Shallow.asset","89","MusicProfile_Shallow","music.profile.shallow","Shallow Water","DiscoveryStingers","music.stinger_discovery_4_the_sunken_observatory","4","DiscoveryStinger","0.5","1","0.917","3c54a92fe3f41814e93d1ade62f7d32a","Assets/_Project/Audio/Music for Game/stinger_discovery_4_The_Sunken_Observatory.ogg","STINGER_DISCOVERY_4_THE_SUNKEN_OBSERVATORY","30.772","Streaming","Vorbis","0.7","","","","","",""
"STATIC_SOURCE","PROFILE_CUE","Assets/_Project/Data/Audio/Music/Profiles/MusicProfile_Shallow.asset","95","MusicProfile_Shallow","music.profile.shallow","Shallow Water","DiscoveryStingers","music.stinger_discovery_5_the_sunken_relic","4","DiscoveryStinger","0.5","1","0.917","7d69df16d9f2cc2479fa609a64af98f7","Assets/_Project/Audio/Music for Game/stinger_discovery_5_The_Sunken_Relic.ogg","STINGER_DISCOVERY_5_THE_SUNKEN_RELIC","30.772","Streaming","Vorbis","0.7","","","","","",""
"STATIC_SOURCE","PROFILE_CUE","Assets/_Project/Data/Audio/Music/Profiles/MusicProfile_Shallow.asset","102","MusicProfile_Shallow","music.profile.shallow","Shallow Water","DangerStingers","music.stinger_dangerous_1_iron_teeth","5","DangerStinger","0.95","1","0.917","ef4fb939718b1124daf5bbdcf98c8ed8","Assets/_Project/Audio/Music for Game/stinger_dangerous_1_Iron_Teeth.ogg","STINGER_DANGEROUS_1_IRON_TEETH","30.093","Streaming","Vorbis","0.7","","","","","",""
"STATIC_SOURCE","PROFILE_CUE","Assets/_Project/Data/Audio/Music/Profiles/MusicProfile_Shallow.asset","108","MusicProfile_Shallow","music.profile.shallow","Shallow Water","DangerStingers","music.stinger_dangerous_2heartbeat_under_floorboards","5","DangerStinger","0.95","1","0.917","c8be0393845ff744a86f64139d6ad1ee","Assets/_Project/Audio/Music for Game/stinger_dangerous_2Heartbeat_Under_Floorboards.ogg","STINGER_DANGEROUS_2HEARTBEAT_UNDER_FLOORBOARDS","30.772","Streaming","Vorbis","0.7","","","","","",""
"STATIC_SOURCE","PROFILE_CUE","Assets/_Project/Data/Audio/Music/Profiles/MusicProfile_Shallow.asset","115","MusicProfile_Shallow","music.profile.shallow","Shallow Water","RecoveryStingers","music.stinger_being_saved_1release_at_depth","6","RecoveryStinger","0.22","1","0.917","2cee222960dc8d54098777e03cbd6adc","Assets/_Project/Audio/Music for Game/stinger_being_saved_1Release_At_Depth.ogg","STINGER_BEING_SAVED_1RELEASE_AT_DEPTH","26.88","Streaming","Vorbis","0.7","","","","","",""
"STATIC_SOURCE","PROFILE_CUE","Assets/_Project/Data/Audio/Music/Profiles/MusicProfile_Shallow.asset","121","MusicProfile_Shallow","music.profile.shallow","Shallow Water","RecoveryStingers","music.stinger_being_saved_2_pressure_gives_way","6","RecoveryStinger","0.22","1","0.917","80df90f723d55ac43a0246898788db4b","Assets/_Project/Audio/Music for Game/stinger_being_saved_2_Pressure_Gives_Way.ogg","STINGER_BEING_SAVED_2_PRESSURE_GIVES_WAY","26.436","Streaming","Vorbis","0.7","","","","","",""
"STATIC_SOURCE","PROFILE_CUE","Assets/_Project/Data/Audio/Music/Profiles/MusicProfile_Shallow.asset","127","MusicProfile_Shallow","music.profile.shallow","Shallow Water","RecoveryStingers","music.stinger_being_saved_3_first_breath_above","6","RecoveryStinger","0.22","1","0.917","170a7c1910c0b0b45a511f62e93d2f83","Assets/_Project/Audio/Music for Game/stinger_being_saved_3_First_Breath_Above.ogg","STINGER_BEING_SAVED_3_FIRST_BREATH_ABOVE","26.567","Streaming","Vorbis","0.7","","","","","",""
"STATIC_SOURCE","PROFILE_CUE","Assets/_Project/Data/Audio/Music/Profiles/MusicProfile_Shelf.asset","31","MusicProfile_Shelf","music.profile.shelf","Shelf","CalmLongTracks","music.shelf_1_abandoned_depths","0","ExplorationLong","0.35","1","0.49","9b74e65cca9e90e4b8cc1170fd6ea3a9","Assets/_Project/Audio/Music for Game/shelf_1_Abandoned Depths.ogg","SHELF_1_ABANDONED_DEPTHS","479.96","Streaming","Vorbis","0.7","","","","","",""
"STATIC_SOURCE","PROFILE_CUE","Assets/_Project/Data/Audio/Music/Profiles/MusicProfile_Shelf.asset","37","MusicProfile_Shelf","music.profile.shelf","Shelf","CalmLongTracks","music.shelf_2_abandoned_depths_1","0","ExplorationLong","0.35","1","0.75","635e7af42d11c884a9b72dd82cacf283","Assets/_Project/Audio/Music for Game/shelf_2_Abandoned Depths (1).ogg","SHELF_2_ABANDONED_DEPTHS_1","479.96","Streaming","Vorbis","0.7","","","","","",""
"STATIC_SOURCE","PROFILE_CUE","Assets/_Project/Data/Audio/Music/Profiles/MusicProfile_Shelf.asset","43","MusicProfile_Shelf","music.profile.shelf","Shelf","CalmLongTracks","music.shelf_4_abandoned_subfloor_rumble","0","ExplorationLong","0.35","1","0.977","75263f0b79067364d8455f326056d670","Assets/_Project/Audio/Music for Game/shelf_4_Abandoned Subfloor Rumble.ogg","SHELF_4_ABANDONED_SUBFLOOR_RUMBLE","177.84","Streaming","Vorbis","0.7","","","","","",""
"STATIC_SOURCE","PROFILE_CUE","Assets/_Project/Data/Audio/Music/Profiles/MusicProfile_Shelf.asset","49","MusicProfile_Shelf","music.profile.shelf","Shelf","CalmLongTracks","music.shelf_6_decaying_analog_static","0","ExplorationLong","0.35","1","0.933","a179d94f742b5294cbdc1e2b5a0d9e98","Assets/_Project/Audio/Music for Game/shelf_6_Decaying Analog Static.ogg","SHELF_6_DECAYING_ANALOG_STATIC","187.48","Streaming","Vorbis","0.7","","","","","",""
"STATIC_SOURCE","PROFILE_CUE","Assets/_Project/Data/Audio/Music/Profiles/MusicProfile_Shelf.asset","55","MusicProfile_Shelf","music.profile.shelf","Shelf","CalmLongTracks","music.shelf_8_deep_sea_tapeflutter","0","ExplorationLong","0.35","1","0.716","e766de4563cd25d428001c08da2458ed","Assets/_Project/Audio/Music for Game/shelf_8_Deep-Sea Tapeflutter.ogg","SHELF_8_DEEP_SEA_TAPEFLUTTER","250.12","Streaming","Vorbis","0.7","","","","","",""
"STATIC_SOURCE","PROFILE_CUE","Assets/_Project/Data/Audio/Music/Profiles/MusicProfile_Shelf.asset","62","MusicProfile_Shelf","music.profile.shelf","Shelf","TenseLongTracks","music.shelf_10_below_the_hull","0","ExplorationLong","0.62","1","0.891","110db8772e7fec44bbcf30415d7fade6","Assets/_Project/Audio/Music for Game/shelf_10_Below_the_Hull.ogg","SHELF_10_BELOW_THE_HULL","177.006","Streaming","Vorbis","0.7","","","","","",""
"STATIC_SOURCE","PROFILE_CUE","Assets/_Project/Data/Audio/Music/Profiles/MusicProfile_Shelf.asset","68","MusicProfile_Shelf","music.profile.shelf","Shelf","TenseLongTracks","music.shelf_3_weight_of_the_water","0","ExplorationLong","0.62","1","0.891","5a809bbd357371a4586ad95ccc6e49c3","Assets/_Project/Audio/Music for Game/Shelf_3_Weight_of_the_Water.ogg","SHELF_3_WEIGHT_OF_THE_WATER","118.7","Streaming","Vorbis","0.7","","","","","",""
"STATIC_SOURCE","PROFILE_CUE","Assets/_Project/Data/Audio/Music/Profiles/MusicProfile_Shelf.asset","74","MusicProfile_Shelf","music.profile.shelf","Shelf","TenseLongTracks","music.shelf_5_abandoned_subfloor_rumble_1","0","ExplorationLong","0.62","1","0.977","d8b1c5096602f7249ae0d1839bba676d","Assets/_Project/Audio/Music for Game/shelf_5_Abandoned Subfloor Rumble (1).ogg","SHELF_5_ABANDONED_SUBFLOOR_RUMBLE_1","217.12","Streaming","Vorbis","0.7","","","","","",""
"STATIC_SOURCE","PROFILE_CUE","Assets/_Project/Data/Audio/Music/Profiles/MusicProfile_Shelf.asset","80","MusicProfile_Shelf","music.profile.shelf","Shelf","TenseLongTracks","music.shelf_7_decaying_analog_static","0","ExplorationLong","0.62","2","0.785","869facded6bbd5f47afbcd1cd6ebdb06","Assets/_Project/Audio/Music for Game/shelf_7_Decaying Analog Static.ogg","SHELF_7_DECAYING_ANALOG_STATIC","285.76","Streaming","Vorbis","0.7","","","","","",""
"STATIC_SOURCE","PROFILE_CUE","Assets/_Project/Data/Audio/Music/Profiles/MusicProfile_Shelf.asset","86","MusicProfile_Shelf","music.profile.shelf","Shelf","TenseLongTracks","music.shelf_9_deep_sea_tapeflutter_1","0","ExplorationLong","0.62","1","1","33b501ec941541542bee6537b7f64321","Assets/_Project/Audio/Music for Game/shelf_9_Deep-Sea Tapeflutter (1).ogg","SHELF_9_DEEP_SEA_TAPEFLUTTER_1","259.76","Streaming","Vorbis","0.7","","","","","",""
"STATIC_SOURCE","PROFILE_CUE","Assets/_Project/Data/Audio/Music/Profiles/MusicProfile_Shelf.asset","95","MusicProfile_Shelf","music.profile.shelf","Shelf","DiscoveryStingers","music.stinger_discovery_1_the_sunken_gate","4","DiscoveryStinger","0.5","1","0.917","81b174c662ccc04439985601bf432933","Assets/_Project/Audio/Music for Game/stinger_discovery_1_The_Sunken_Gate.ogg","STINGER_DISCOVERY_1_THE_SUNKEN_GATE","30.772","Streaming","Vorbis","0.7","","","","","",""
"STATIC_SOURCE","PROFILE_CUE","Assets/_Project/Data/Audio/Music/Profiles/MusicProfile_Shelf.asset","101","MusicProfile_Shelf","music.profile.shelf","Shelf","DiscoveryStingers","music.stinger_discovery_2_the_sunken_archive","4","DiscoveryStinger","0.5","1","0.917","1d02a115923b51a4f8f672755ccae79b","Assets/_Project/Audio/Music for Game/stinger_discovery_2_The_Sunken_Archive.ogg","STINGER_DISCOVERY_2_THE_SUNKEN_ARCHIVE","30.772","Streaming","Vorbis","0.7","","","","","",""
"STATIC_SOURCE","PROFILE_CUE","Assets/_Project/Data/Audio/Music/Profiles/MusicProfile_Shelf.asset","107","MusicProfile_Shelf","music.profile.shelf","Shelf","DiscoveryStingers","music.stinger_discovery_3_the_sunken_observatory","4","DiscoveryStinger","0.5","1","0.917","db4ef760f2874e34e8ec3f9d07362a90","Assets/_Project/Audio/Music for Game/stinger_discovery_3_The_Sunken_Observatory.ogg","STINGER_DISCOVERY_3_THE_SUNKEN_OBSERVATORY","30.772","Streaming","Vorbis","0.7","","","","","",""
"STATIC_SOURCE","PROFILE_CUE","Assets/_Project/Data/Audio/Music/Profiles/MusicProfile_Shelf.asset","113","MusicProfile_Shelf","music.profile.shelf","Shelf","DiscoveryStingers","music.stinger_discovery_4_the_sunken_observatory","4","DiscoveryStinger","0.5","1","0.917","3c54a92fe3f41814e93d1ade62f7d32a","Assets/_Project/Audio/Music for Game/stinger_discovery_4_The_Sunken_Observatory.ogg","STINGER_DISCOVERY_4_THE_SUNKEN_OBSERVATORY","30.772","Streaming","Vorbis","0.7","","","","","",""
"STATIC_SOURCE","PROFILE_CUE","Assets/_Project/Data/Audio/Music/Profiles/MusicProfile_Shelf.asset","119","MusicProfile_Shelf","music.profile.shelf","Shelf","DiscoveryStingers","music.stinger_discovery_5_the_sunken_relic","4","DiscoveryStinger","0.5","1","0.917","7d69df16d9f2cc2479fa609a64af98f7","Assets/_Project/Audio/Music for Game/stinger_discovery_5_The_Sunken_Relic.ogg","STINGER_DISCOVERY_5_THE_SUNKEN_RELIC","30.772","Streaming","Vorbis","0.7","","","","","",""
"STATIC_SOURCE","PROFILE_CUE","Assets/_Project/Data/Audio/Music/Profiles/MusicProfile_Shelf.asset","126","MusicProfile_Shelf","music.profile.shelf","Shelf","DangerStingers","music.stinger_dangerous_1_iron_teeth","5","DangerStinger","0.95","1","0.917","ef4fb939718b1124daf5bbdcf98c8ed8","Assets/_Project/Audio/Music for Game/stinger_dangerous_1_Iron_Teeth.ogg","STINGER_DANGEROUS_1_IRON_TEETH","30.093","Streaming","Vorbis","0.7","","","","","",""
"STATIC_SOURCE","PROFILE_CUE","Assets/_Project/Data/Audio/Music/Profiles/MusicProfile_Shelf.asset","132","MusicProfile_Shelf","music.profile.shelf","Shelf","DangerStingers","music.stinger_dangerous_2heartbeat_under_floorboards","5","DangerStinger","0.95","1","0.917","c8be0393845ff744a86f64139d6ad1ee","Assets/_Project/Audio/Music for Game/stinger_dangerous_2Heartbeat_Under_Floorboards.ogg","STINGER_DANGEROUS_2HEARTBEAT_UNDER_FLOORBOARDS","30.772","Streaming","Vorbis","0.7","","","","","",""
"STATIC_SOURCE","PROFILE_CUE","Assets/_Project/Data/Audio/Music/Profiles/MusicProfile_Shelf.asset","139","MusicProfile_Shelf","music.profile.shelf","Shelf","RecoveryStingers","music.stinger_being_saved_1release_at_depth","6","RecoveryStinger","0.22","1","0.917","2cee222960dc8d54098777e03cbd6adc","Assets/_Project/Audio/Music for Game/stinger_being_saved_1Release_At_Depth.ogg","STINGER_BEING_SAVED_1RELEASE_AT_DEPTH","26.88","Streaming","Vorbis","0.7","","","","","",""
"STATIC_SOURCE","PROFILE_CUE","Assets/_Project/Data/Audio/Music/Profiles/MusicProfile_Shelf.asset","145","MusicProfile_Shelf","music.profile.shelf","Shelf","RecoveryStingers","music.stinger_being_saved_2_pressure_gives_way","6","RecoveryStinger","0.22","1","0.917","80df90f723d55ac43a0246898788db4b","Assets/_Project/Audio/Music for Game/stinger_being_saved_2_Pressure_Gives_Way.ogg","STINGER_BEING_SAVED_2_PRESSURE_GIVES_WAY","26.436","Streaming","Vorbis","0.7","","","","","",""
"STATIC_SOURCE","PROFILE_CUE","Assets/_Project/Data/Audio/Music/Profiles/MusicProfile_Shelf.asset","151","MusicProfile_Shelf","music.profile.shelf","Shelf","RecoveryStingers","music.stinger_being_saved_3_first_breath_above","6","RecoveryStinger","0.22","1","0.917","170a7c1910c0b0b45a511f62e93d2f83","Assets/_Project/Audio/Music for Game/stinger_being_saved_3_First_Breath_Above.ogg","STINGER_BEING_SAVED_3_FIRST_BREATH_ABOVE","26.567","Streaming","Vorbis","0.7","","","","","",""
"STATIC_SOURCE","PROFILE_CUE","Assets/_Project/Data/Audio/Music/Profiles/MusicProfile_Thermal.asset","31","MusicProfile_Thermal","music.profile.thermal","Thermal","CalmLongTracks","music.abyss_termal_1_steam_drip_clatter","0","ExplorationLong","0.5","3","0.881","7dbd272888010294ab50f702b4c91409","Assets/_Project/Audio/Music for Game/abyss_termal_1_Steam-Drip Clatter.ogg","ABYSS_TERMAL_1_STEAM_DRIP_CLATTER","137.28","Streaming","Vorbis","0.7","","","","","",""
"STATIC_SOURCE","PROFILE_CUE","Assets/_Project/Data/Audio/Music/Profiles/MusicProfile_Thermal.asset","37","MusicProfile_Thermal","music.profile.thermal","Thermal","CalmLongTracks","music.abyss_termal_3_steam_teeth_ritual_1","0","ExplorationLong","0.5","3","1","83498fc204c498f44a78c28d8ff03c52","Assets/_Project/Audio/Music for Game/abyss_termal_3_Steam-Teeth Ritual (1).ogg","ABYSS_TERMAL_3_STEAM_TEETH_RITUAL_1","212.2","Streaming","Vorbis","0.7","","","","","",""
"STATIC_SOURCE","PROFILE_CUE","Assets/_Project/Data/Audio/Music/Profiles/MusicProfile_Thermal.asset","44","MusicProfile_Thermal","music.profile.thermal","Thermal","TenseLongTracks","music.abyss_termal_2_steam_teeth_ritual","0","ExplorationLong","0.76","3","1","c68749f3ec3bbd0439868253a3066989","Assets/_Project/Audio/Music for Game/abyss_termal_2_Steam-Teeth Ritual.ogg","ABYSS_TERMAL_2_STEAM_TEETH_RITUAL","158.72","Streaming","Vorbis","0.7","","","","","",""
"STATIC_SOURCE","PROFILE_CUE","Assets/_Project/Data/Audio/Music/Profiles/MusicProfile_Thermal.asset","53","MusicProfile_Thermal","music.profile.thermal","Thermal","DiscoveryStingers","music.stinger_discovery_1_the_sunken_gate","4","DiscoveryStinger","0.5","1","0.917","81b174c662ccc04439985601bf432933","Assets/_Project/Audio/Music for Game/stinger_discovery_1_The_Sunken_Gate.ogg","STINGER_DISCOVERY_1_THE_SUNKEN_GATE","30.772","Streaming","Vorbis","0.7","","","","","",""
"STATIC_SOURCE","PROFILE_CUE","Assets/_Project/Data/Audio/Music/Profiles/MusicProfile_Thermal.asset","59","MusicProfile_Thermal","music.profile.thermal","Thermal","DiscoveryStingers","music.stinger_discovery_2_the_sunken_archive","4","DiscoveryStinger","0.5","1","0.917","1d02a115923b51a4f8f672755ccae79b","Assets/_Project/Audio/Music for Game/stinger_discovery_2_The_Sunken_Archive.ogg","STINGER_DISCOVERY_2_THE_SUNKEN_ARCHIVE","30.772","Streaming","Vorbis","0.7","","","","","",""
"STATIC_SOURCE","PROFILE_CUE","Assets/_Project/Data/Audio/Music/Profiles/MusicProfile_Thermal.asset","65","MusicProfile_Thermal","music.profile.thermal","Thermal","DiscoveryStingers","music.stinger_discovery_3_the_sunken_observatory","4","DiscoveryStinger","0.5","1","0.917","db4ef760f2874e34e8ec3f9d07362a90","Assets/_Project/Audio/Music for Game/stinger_discovery_3_The_Sunken_Observatory.ogg","STINGER_DISCOVERY_3_THE_SUNKEN_OBSERVATORY","30.772","Streaming","Vorbis","0.7","","","","","",""
"STATIC_SOURCE","PROFILE_CUE","Assets/_Project/Data/Audio/Music/Profiles/MusicProfile_Thermal.asset","71","MusicProfile_Thermal","music.profile.thermal","Thermal","DiscoveryStingers","music.stinger_discovery_4_the_sunken_observatory","4","DiscoveryStinger","0.5","1","0.917","3c54a92fe3f41814e93d1ade62f7d32a","Assets/_Project/Audio/Music for Game/stinger_discovery_4_The_Sunken_Observatory.ogg","STINGER_DISCOVERY_4_THE_SUNKEN_OBSERVATORY","30.772","Streaming","Vorbis","0.7","","","","","",""
"STATIC_SOURCE","PROFILE_CUE","Assets/_Project/Data/Audio/Music/Profiles/MusicProfile_Thermal.asset","77","MusicProfile_Thermal","music.profile.thermal","Thermal","DiscoveryStingers","music.stinger_discovery_5_the_sunken_relic","4","DiscoveryStinger","0.5","1","0.917","7d69df16d9f2cc2479fa609a64af98f7","Assets/_Project/Audio/Music for Game/stinger_discovery_5_The_Sunken_Relic.ogg","STINGER_DISCOVERY_5_THE_SUNKEN_RELIC","30.772","Streaming","Vorbis","0.7","","","","","",""
"STATIC_SOURCE","PROFILE_CUE","Assets/_Project/Data/Audio/Music/Profiles/MusicProfile_Thermal.asset","84","MusicProfile_Thermal","music.profile.thermal","Thermal","DangerStingers","music.stinger_dangerous_1_iron_teeth","5","DangerStinger","0.95","1","0.917","ef4fb939718b1124daf5bbdcf98c8ed8","Assets/_Project/Audio/Music for Game/stinger_dangerous_1_Iron_Teeth.ogg","STINGER_DANGEROUS_1_IRON_TEETH","30.093","Streaming","Vorbis","0.7","","","","","",""
"STATIC_SOURCE","PROFILE_CUE","Assets/_Project/Data/Audio/Music/Profiles/MusicProfile_Thermal.asset","90","MusicProfile_Thermal","music.profile.thermal","Thermal","DangerStingers","music.stinger_dangerous_2heartbeat_under_floorboards","5","DangerStinger","0.95","1","0.917","c8be0393845ff744a86f64139d6ad1ee","Assets/_Project/Audio/Music for Game/stinger_dangerous_2Heartbeat_Under_Floorboards.ogg","STINGER_DANGEROUS_2HEARTBEAT_UNDER_FLOORBOARDS","30.772","Streaming","Vorbis","0.7","","","","","",""
"STATIC_SOURCE","PROFILE_CUE","Assets/_Project/Data/Audio/Music/Profiles/MusicProfile_Thermal.asset","97","MusicProfile_Thermal","music.profile.thermal","Thermal","RecoveryStingers","music.stinger_being_saved_1release_at_depth","6","RecoveryStinger","0.22","1","0.917","2cee222960dc8d54098777e03cbd6adc","Assets/_Project/Audio/Music for Game/stinger_being_saved_1Release_At_Depth.ogg","STINGER_BEING_SAVED_1RELEASE_AT_DEPTH","26.88","Streaming","Vorbis","0.7","","","","","",""
"STATIC_SOURCE","PROFILE_CUE","Assets/_Project/Data/Audio/Music/Profiles/MusicProfile_Thermal.asset","103","MusicProfile_Thermal","music.profile.thermal","Thermal","RecoveryStingers","music.stinger_being_saved_2_pressure_gives_way","6","RecoveryStinger","0.22","1","0.917","80df90f723d55ac43a0246898788db4b","Assets/_Project/Audio/Music for Game/stinger_being_saved_2_Pressure_Gives_Way.ogg","STINGER_BEING_SAVED_2_PRESSURE_GIVES_WAY","26.436","Streaming","Vorbis","0.7","","","","","",""
"STATIC_SOURCE","PROFILE_CUE","Assets/_Project/Data/Audio/Music/Profiles/MusicProfile_Thermal.asset","109","MusicProfile_Thermal","music.profile.thermal","Thermal","RecoveryStingers","music.stinger_being_saved_3_first_breath_above","6","RecoveryStinger","0.22","1","0.917","170a7c1910c0b0b45a511f62e93d2f83","Assets/_Project/Audio/Music for Game/stinger_being_saved_3_First_Breath_Above.ogg","STINGER_BEING_SAVED_3_FIRST_BREATH_ABOVE","26.567","Streaming","Vorbis","0.7","","","","","",""
