TIMESTAMP: 2026-05-22T13:41:05.8256043+04:00
TARGET: Hecton8.slnx
C:\hades\Hecton8\Assets\AmplifyImpostors\Plugins\Scripts\HelperExtensions.cs(37,16): warning CS0618: 'ShaderUtil.GetPropertyCount(Shader)' is obsolete: 'Use Shader.GetPropertyCount instead.' [C:\hades\Hecton8\AmplifyImpostors.Runtime.csproj]
C:\hades\Hecton8\Assets\AmplifyImpostors\Plugins\Scripts\HelperExtensions.cs(40,14): warning CS0618: 'ShaderUtil.GetPropertyType(Shader, int)' is obsolete: 'Use Shader.GetPropertyType instead.' [C:\hades\Hecton8\AmplifyImpostors.Runtime.csproj]
C:\hades\Hecton8\Assets\AmplifyImpostors\Plugins\Scripts\HelperExtensions.cs(41,16): warning CS0618: 'ShaderUtil.GetPropertyName(Shader, int)' is obsolete: 'Use Shader.GetPropertyName instead.' [C:\hades\Hecton8\AmplifyImpostors.Runtime.csproj]
C:\hades\Hecton8\Assets\AmplifyImpostors\Plugins\Scripts\HelperExtensions.cs(44,11): warning CS0618: 'ShaderUtil.ShaderPropertyType' is obsolete: 'Use UnityEngine.Rendering.ShaderPropertyType instead.' [C:\hades\Hecton8\AmplifyImpostors.Runtime.csproj]
C:\hades\Hecton8\Assets\AmplifyImpostors\Plugins\Scripts\HelperExtensions.cs(47,11): warning CS0618: 'ShaderUtil.ShaderPropertyType' is obsolete: 'Use UnityEngine.Rendering.ShaderPropertyType instead.' [C:\hades\Hecton8\AmplifyImpostors.Runtime.csproj]
C:\hades\Hecton8\Assets\AmplifyImpostors\Plugins\Scripts\HelperExtensions.cs(50,11): warning CS0618: 'ShaderUtil.ShaderPropertyType' is obsolete: 'Use UnityEngine.Rendering.ShaderPropertyType instead.' [C:\hades\Hecton8\AmplifyImpostors.Runtime.csproj]
C:\hades\Hecton8\Assets\AmplifyImpostors\Plugins\Scripts\HelperExtensions.cs(53,11): warning CS0618: 'ShaderUtil.ShaderPropertyType' is obsolete: 'Use UnityEngine.Rendering.ShaderPropertyType instead.' [C:\hades\Hecton8\AmplifyImpostors.Runtime.csproj]
C:\hades\Hecton8\Assets\AmplifyImpostors\Plugins\Scripts\HelperExtensions.cs(56,11): warning CS0618: 'ShaderUtil.ShaderPropertyType' is obsolete: 'Use UnityEngine.Rendering.ShaderPropertyType instead.' [C:\hades\Hecton8\AmplifyImpostors.Runtime.csproj]
C:\hades\Hecton8\Assets\AmplifyImpostors\Plugins\Scripts\HelperExtensions.cs(56,11): warning CS0618: 'ShaderUtil.ShaderPropertyType.TexEnv' is obsolete: 'Use UnityEngine.Rendering.ShaderPropertyType.Texture instead.' [C:\hades\Hecton8\AmplifyImpostors.Runtime.csproj]
  AmplifyImpostors.Runtime -> C:\hades\Hecton8\Temp\bin\Debug\AmplifyImpostors.Runtime.dll
  AmplifyImpostors.Editor -> C:\hades\Hecton8\Temp\bin\Debug\AmplifyImpostors.Editor.dll
  BakeryRuntimeAssembly -> C:\hades\Hecton8\Temp\bin\Debug\BakeryRuntimeAssembly.dll
C:\hades\Hecton8\Assets\Feel\NiceVibrations\Define\NiceVibrationsDefineSymbols.cs(65,45): warning CS0618: 'PlayerSettings.GetScriptingDefineSymbolsForGroup(BuildTargetGroup)' is obsolete: 'Use GetScriptingDefineSymbols(NamedBuildTarget buildTarget) instead' [C:\hades\Hecton8\Lofelt.NiceVibrations.csproj]
C:\hades\Hecton8\Assets\Feel\NiceVibrations\Define\NiceVibrationsDefineSymbols.cs(68,13): warning CS0618: 'PlayerSettings.SetScriptingDefineSymbolsForGroup(BuildTargetGroup, string)' is obsolete: 'Use SetScriptingDefineSymbols(NamedBuildTarget buildTarget, string defines) instead' [C:\hades\Hecton8\Lofelt.NiceVibrations.csproj]
C:\hades\Hecton8\Assets\Feel\NiceVibrations\Scripts\Components\DeviceCapabilities.cs(133,29): warning CS0649: Field 'DeviceCapabilities._hasEmphasis' is never assigned to, and will always have its default value false [C:\hades\Hecton8\Lofelt.NiceVibrations.csproj]
C:\hades\Hecton8\Assets\Feel\NiceVibrations\Scripts\Components\DeviceCapabilities.cs(97,29): warning CS0649: Field 'DeviceCapabilities._hasFrequencyControl' is never assigned to, and will always have its default value false [C:\hades\Hecton8\Lofelt.NiceVibrations.csproj]
C:\hades\Hecton8\Assets\Feel\NiceVibrations\Scripts\Components\DeviceCapabilities.cs(121,29): warning CS0649: Field 'DeviceCapabilities._hasFrequencyModulation' is never assigned to, and will always have its default value false [C:\hades\Hecton8\Lofelt.NiceVibrations.csproj]
C:\hades\Hecton8\Assets\Feel\NiceVibrations\Scripts\Components\DeviceCapabilities.cs(157,29): warning CS0649: Field 'DeviceCapabilities._canLoop' is never assigned to, and will always have its default value false [C:\hades\Hecton8\Lofelt.NiceVibrations.csproj]
C:\hades\Hecton8\Assets\Feel\NiceVibrations\Scripts\Components\DeviceCapabilities.cs(109,29): warning CS0649: Field 'DeviceCapabilities._hasAmplitudeModulation' is never assigned to, and will always have its default value false [C:\hades\Hecton8\Lofelt.NiceVibrations.csproj]
C:\hades\Hecton8\Assets\Feel\NiceVibrations\Scripts\Components\DeviceCapabilities.cs(85,29): warning CS0649: Field 'DeviceCapabilities._hasAmplitudeControl' is never assigned to, and will always have its default value false [C:\hades\Hecton8\Lofelt.NiceVibrations.csproj]
C:\hades\Hecton8\Assets\Feel\NiceVibrations\Scripts\Components\DeviceCapabilities.cs(145,29): warning CS0649: Field 'DeviceCapabilities._canEmulateEmphasis' is never assigned to, and will always have its default value false [C:\hades\Hecton8\Lofelt.NiceVibrations.csproj]
  Lofelt.NiceVibrations -> C:\hades\Hecton8\Temp\bin\Debug\Lofelt.NiceVibrations.dll
C:\hades\Hecton8\Assets\Editor\x64\Bakery\scripts\ftLightMeshInspector.cs(76,48): warning CS0618: 'Object.GetInstanceID()' is obsolete: 'GetInstanceID is deprecated. Use GetEntityId instead. This will be removed in a future version.' [C:\hades\Hecton8\BakeryEditorAssembly.csproj]
C:\hades\Hecton8\Assets\Editor\x64\Bakery\scripts\ftSkyLightInspector.cs(59,48): warning CS0618: 'Object.GetInstanceID()' is obsolete: 'GetInstanceID is deprecated. Use GetEntityId instead. This will be removed in a future version.' [C:\hades\Hecton8\BakeryEditorAssembly.csproj]
C:\hades\Hecton8\Assets\Editor\x64\Bakery\scripts\ftPointLightInspector.cs(383,48): warning CS0618: 'Object.GetInstanceID()' is obsolete: 'GetInstanceID is deprecated. Use GetEntityId instead. This will be removed in a future version.' [C:\hades\Hecton8\BakeryEditorAssembly.csproj]
C:\hades\Hecton8\Assets\Editor\x64\Bakery\scripts\ftDefine.cs(27,23): warning CS0618: 'PlayerSettings.GetScriptingDefineSymbolsForGroup(BuildTargetGroup)' is obsolete: 'Use GetScriptingDefineSymbols(NamedBuildTarget buildTarget) instead' [C:\hades\Hecton8\BakeryEditorAssembly.csproj]
C:\hades\Hecton8\Assets\Editor\x64\Bakery\scripts\ftDefine.cs(32,13): warning CS0618: 'PlayerSettings.SetScriptingDefineSymbolsForGroup(BuildTargetGroup, string)' is obsolete: 'Use SetScriptingDefineSymbols(NamedBuildTarget buildTarget, string defines) instead' [C:\hades\Hecton8\BakeryEditorAssembly.csproj]
  BakeryEditorAssembly -> C:\hades\Hecton8\Temp\bin\Debug\BakeryEditorAssembly.dll
C:\hades\Hecton8\Library\PackageCache\com.unity.render-pipelines.universal@580a03820d50\Runtime\Passes\CopyColorPass.cs(148,36): warning CS0649: Field 'CopyColorPass.PassData.destination' is never assigned to, and will always have its default value [C:\hades\Hecton8\Unity.RenderPipelines.Universal.Runtime.csproj]
C:\hades\Hecton8\Library\PackageCache\com.unity.render-pipelines.universal@580a03820d50\Runtime\Decal\DBuffer\DBufferRenderPass.cs(72,31): warning CS0649: Field 'DBufferRenderPass.PassData.dBufferDepth' is never assigned to, and will always have its default value null [C:\hades\Hecton8\Unity.RenderPipelines.Universal.Runtime.csproj]
C:\hades\Hecton8\Library\PackageCache\com.unity.render-pipelines.universal@580a03820d50\Runtime\Passes\PostProcess\UberPostProcessPass.cs(57,36): warning CS0649: Field 'UberPostProcessPass.UberPostPassData.internalLutTexture' is never assigned to, and will always have its default value [C:\hades\Hecton8\Unity.RenderPipelines.Universal.Runtime.csproj]
C:\hades\Hecton8\Library\PackageCache\com.unity.render-pipelines.universal@580a03820d50\Runtime\Passes\DeferredPass.cs(31,38): warning CS0649: Field 'DeferredPass.PassData.gbuffer' is never assigned to, and will always have its default value null [C:\hades\Hecton8\Unity.RenderPipelines.Universal.Runtime.csproj]
C:\hades\Hecton8\Library\PackageCache\com.unity.render-pipelines.universal@580a03820d50\Runtime\RendererFeatures\OnTilePostProcessPass.cs(305,26): warning CS0649: Field 'OnTilePostProcessPass.PassData.scaleBias' is never assigned to, and will always have its default value [C:\hades\Hecton8\Unity.RenderPipelines.Universal.Runtime.csproj]
C:\hades\Hecton8\Library\PackageCache\com.unity.render-pipelines.universal@580a03820d50\Runtime\Decal\DBuffer\DBufferRenderPass.cs(73,33): warning CS0649: Field 'DBufferRenderPass.PassData.dBufferColorHandles' is never assigned to, and will always have its default value null [C:\hades\Hecton8\Unity.RenderPipelines.Universal.Runtime.csproj]
C:\hades\Hecton8\Library\PackageCache\com.unity.render-pipelines.universal@580a03820d50\Runtime\Passes\MainLightShadowCasterPass.cs(61,36): warning CS0649: Field 'MainLightShadowCasterPass.PassData.shadowmapTexture' is never assigned to, and will always have its default value [C:\hades\Hecton8\Unity.RenderPipelines.Universal.Runtime.csproj]
C:\hades\Hecton8\Library\PackageCache\com.unity.render-pipelines.universal@580a03820d50\Runtime\Passes\AdditionalLightsShadowCasterPass.cs(72,26): warning CS0649: Field 'AdditionalLightsShadowCasterPass.PassData.shadowmapID' is never assigned to, and will always have its default value 0 [C:\hades\Hecton8\Unity.RenderPipelines.Universal.Runtime.csproj]
C:\hades\Hecton8\Library\PackageCache\com.unity.render-pipelines.universal@580a03820d50\Runtime\Passes\RenderObjectsPass.cs(196,35): warning CS0649: Field 'RenderObjectsPass.PassData.rendererList' is never assigned to, and will always have its default value [C:\hades\Hecton8\Unity.RenderPipelines.Universal.Runtime.csproj]
C:\hades\Hecton8\Library\PackageCache\com.unity.render-pipelines.universal@580a03820d50\Runtime\Passes\AdditionalLightsShadowCasterPass.cs(78,36): warning CS0649: Field 'AdditionalLightsShadowCasterPass.PassData.shadowmapTexture' is never assigned to, and will always have its default value [C:\hades\Hecton8\Unity.RenderPipelines.Universal.Runtime.csproj]
C:\hades\Hecton8\Library\PackageCache\com.unity.render-pipelines.universal@580a03820d50\Runtime\Passes\MotionVectorRenderPass.cs(130,35): warning CS0649: Field 'MotionVectorRenderPass.PassData.rendererList' is never assigned to, and will always have its default value [C:\hades\Hecton8\Unity.RenderPipelines.Universal.Runtime.csproj]
C:\hades\Hecton8\Library\PackageCache\com.unity.render-pipelines.universal@580a03820d50\Runtime\Passes\PostProcess\DepthOfFieldBokehProcessPass.cs(60,36): warning CS0649: Field 'DepthOfFieldBokehPostProcessPass.DoFBokehPassData.halfCoCTexture' is never assigned to, and will always have its default value [C:\hades\Hecton8\Unity.RenderPipelines.Universal.Runtime.csproj]
  Unity.RenderPipelines.Universal.Runtime -> C:\hades\Hecton8\Temp\bin\Debug\Unity.RenderPipelines.Universal.Runtime.dll
  Hecton8.Input.Generated -> C:\hades\Hecton8\Temp\bin\Debug\Hecton8.Input.Generated.dll
C:\hades\Hecton8\Assets\MapMagic\Tools\Extensions\Texture2DExtensions.cs(350,48): warning CS0618: 'TextureFormat.PVRTC_RGBA4' is obsolete: 'Texture compression format PVRTC has been deprecated and will be removed in a future release' [C:\hades\Hecton8\Den.Tools.csproj]
  Den.Tools -> C:\hades\Hecton8\Temp\bin\Debug\Den.Tools.dll
  EasySave3 -> C:\hades\Hecton8\Temp\bin\Debug\EasySave3.dll
  MapMagic -> C:\hades\Hecton8\Temp\bin\Debug\MapMagic.dll
  EasySave3Editor -> C:\hades\Hecton8\Temp\bin\Debug\EasySave3Editor.dll
C:\hades\Hecton8\Assets\GPUInstancer\Scripts\Core\Contract\GPUInstancerTerrainManager.cs(270,146): warning CS0618: 'Object.GetInstanceID()' is obsolete: 'GetInstanceID is deprecated. Use GetEntityId instead. This will be removed in a future version.' [C:\hades\Hecton8\GPUInstancer.csproj]
C:\hades\Hecton8\Assets\GPUInstancer\Scripts\GPUInstancerEditorSimulator.cs(69,17): warning CS0618: 'RenderPipelineManager.beginFrameRendering' is obsolete: 'beginFrameRendering is deprecated. Use beginContextRendering instead. #from 2023.3' [C:\hades\Hecton8\GPUInstancer.csproj]
C:\hades\Hecton8\Assets\GPUInstancer\Scripts\GPUInstancerDetailManager.cs(520,106): warning CS0618: 'Object.GetInstanceID()' is obsolete: 'GetInstanceID is deprecated. Use GetEntityId instead. This will be removed in a future version.' [C:\hades\Hecton8\GPUInstancer.csproj]
C:\hades\Hecton8\Assets\GPUInstancer\Scripts\GPUInstancerEditorSimulator.cs(90,17): warning CS0618: 'RenderPipelineManager.beginFrameRendering' is obsolete: 'beginFrameRendering is deprecated. Use beginContextRendering instead. #from 2023.3' [C:\hades\Hecton8\GPUInstancer.csproj]
C:\hades\Hecton8\Assets\GPUInstancer\Scripts\GPUInstancerDetailManager.cs(556,106): warning CS0618: 'Object.GetInstanceID()' is obsolete: 'GetInstanceID is deprecated. Use GetEntityId instead. This will be removed in a future version.' [C:\hades\Hecton8\GPUInstancer.csproj]
C:\hades\Hecton8\Assets\GPUInstancer\Scripts\GPUInstancerEditorSimulator.cs(147,21): warning CS0618: 'RenderPipelineManager.beginFrameRendering' is obsolete: 'beginFrameRendering is deprecated. Use beginContextRendering instead. #from 2023.3' [C:\hades\Hecton8\GPUInstancer.csproj]
C:\hades\Hecton8\Assets\GPUInstancer\Scripts\GPUInstancerEditorSimulator.cs(148,21): warning CS0618: 'RenderPipelineManager.beginFrameRendering' is obsolete: 'beginFrameRendering is deprecated. Use beginContextRendering instead. #from 2023.3' [C:\hades\Hecton8\GPUInstancer.csproj]
C:\hades\Hecton8\Assets\GPUInstancer\Scripts\Core\Static\GPUInstancerUtility.cs(885,158): warning CS0618: 'Object.GetInstanceID()' is obsolete: 'GetInstanceID is deprecated. Use GetEntityId instead. This will be removed in a future version.' [C:\hades\Hecton8\GPUInstancer.csproj]
C:\hades\Hecton8\Assets\GPUInstancer\Scripts\Core\Static\GPUInstancerUtility.cs(885,262): warning CS0618: 'Object.GetInstanceID()' is obsolete: 'GetInstanceID is deprecated. Use GetEntityId instead. This will be removed in a future version.' [C:\hades\Hecton8\GPUInstancer.csproj]
C:\hades\Hecton8\Assets\GPUInstancer\Scripts\Core\Static\GPUInstancerUtility.cs(1351,50): warning CS0618: 'Object.GetInstanceID()' is obsolete: 'GetInstanceID is deprecated. Use GetEntityId instead. This will be removed in a future version.' [C:\hades\Hecton8\GPUInstancer.csproj]
  GPUInstancer -> C:\hades\Hecton8\Temp\bin\Debug\GPUInstancer.dll
  Den.Tools.Editor -> C:\hades\Hecton8\Temp\bin\Debug\Den.Tools.Editor.dll
  Sirenix.OdinInspector.Modules.UnityMathematics -> C:\hades\Hecton8\Temp\bin\Debug\Sirenix.OdinInspector.Modules.UnityMathematics.dll
C:\hades\Hecton8\Assets\MapMagic\Brush\Editor\BrushGraphTemplate.cs(31,37): warning CS0618: 'EndNameEditAction' is obsolete: 'EndNameEditAction is obsolete. Use AssetCreationEndAction that uses EntityId instead of int for instance IDs.' [C:\hades\Hecton8\MapMagic.Editor.csproj]
C:\hades\Hecton8\Assets\MapMagic\Nodes\Editor\GraphTemplates.cs(31,32): warning CS0618: 'EndNameEditAction' is obsolete: 'EndNameEditAction is obsolete. Use AssetCreationEndAction that uses EntityId instead of int for instance IDs.' [C:\hades\Hecton8\MapMagic.Editor.csproj]
C:\hades\Hecton8\Assets\MapMagic\Nodes\Editor\GraphTemplates.cs(24,5): warning CS0618: 'ProjectWindowUtil.StartNameEditingIfProjectWindowExists(int, EndNameEditAction, string, Texture2D, string)' is obsolete: 'StartNameEditingIfProjectWindowExists(int, EndNameEditAction, string, Texture2D, string) is obsolete. Use StartNameEditingIfProjectWindowExists(EntityId, AssetCreationEndAction, string, Texture2D, string) instead.' [C:\hades\Hecton8\MapMagic.Editor.csproj]
C:\hades\Hecton8\Assets\MapMagic\Core\Editor\MapMagicInspector.cs(686,27): warning CS0618: 'PlayerSettings.GetScriptingDefineSymbolsForGroup(BuildTargetGroup)' is obsolete: 'Use GetScriptingDefineSymbols(NamedBuildTarget buildTarget) instead' [C:\hades\Hecton8\MapMagic.Editor.csproj]
C:\hades\Hecton8\Assets\MapMagic\Core\Editor\MapMagicInspector.cs(699,27): warning CS0618: 'PlayerSettings.GetScriptingDefineSymbolsForGroup(BuildTargetGroup)' is obsolete: 'Use GetScriptingDefineSymbols(NamedBuildTarget buildTarget) instead' [C:\hades\Hecton8\MapMagic.Editor.csproj]
C:\hades\Hecton8\Assets\MapMagic\Core\Editor\MapMagicInspector.cs(711,4): warning CS0618: 'PlayerSettings.SetScriptingDefineSymbolsForGroup(BuildTargetGroup, string)' is obsolete: 'Use SetScriptingDefineSymbols(NamedBuildTarget buildTarget, string defines) instead' [C:\hades\Hecton8\MapMagic.Editor.csproj]
C:\hades\Hecton8\Assets\MapMagic\Brush\Editor\BrushGraphTemplate.cs(24,5): warning CS0618: 'ProjectWindowUtil.StartNameEditingIfProjectWindowExists(int, EndNameEditAction, string, Texture2D, string)' is obsolete: 'StartNameEditingIfProjectWindowExists(int, EndNameEditAction, string, Texture2D, string) is obsolete. Use StartNameEditingIfProjectWindowExists(EntityId, AssetCreationEndAction, string, Texture2D, string) instead.' [C:\hades\Hecton8\MapMagic.Editor.csproj]
C:\hades\Hecton8\Assets\MapMagic\Brush\Editor\BrushInspector.cs(262,99): warning CS0618: 'FindObjectsSortMode' is obsolete: 'FindObjectsSortMode has been deprecated. Use the FindObjectsByType overloads that do not take a FindObjectsSortMode parameter.' [C:\hades\Hecton8\MapMagic.Editor.csproj]
C:\hades\Hecton8\Assets\MapMagic\Brush\Editor\BrushInspector.cs(262,32): warning CS0618: 'Object.FindObjectsByType<T>(FindObjectsInactive, FindObjectsSortMode)' is obsolete: 'FindObjectsByType with FindObjectsSortMode parameter has been deprecated. Use FindObjectsByType<T>() or FindObjectsByType<T>(FindObjectsInactive) instead. InstanceID will be replaced in the future with EntityId and previous sort order cannot be maintained.' [C:\hades\Hecton8\MapMagic.Editor.csproj]
C:\hades\Hecton8\Assets\MapMagic\Nodes\Editor\GraphWindow.cs(1153,30): warning CS0618: 'EditorUtility.InstanceIDToObject(int)' is obsolete: 'InstanceIDToObject(int) is obsolete. Use EditorUtility.EntityIdToObject instead.' [C:\hades\Hecton8\MapMagic.Editor.csproj]
  MapMagic.Editor -> C:\hades\Hecton8\Temp\bin\Debug\MapMagic.Editor.dll
  Hecton8.Bootstrap.Contracts -> C:\hades\Hecton8\Temp\bin\Debug\Hecton8.Bootstrap.Contracts.dll
C:\hades\Hecton8\Assets\GPUInstancer\Scripts\Editor\PackageImporter\GPUIPackageImporter.cs(48,34): warning CS0618: 'PlayerSettings.GetScriptingDefineSymbolsForGroup(BuildTargetGroup)' is obsolete: 'Use GetScriptingDefineSymbols(NamedBuildTarget buildTarget) instead' [C:\hades\Hecton8\GPUInstancer.Editor.csproj]
C:\hades\Hecton8\Assets\GPUInstancer\Scripts\Editor\GPUInstancerDefines.cs(41,56): warning CS0618: 'PlayerSettings.GetScriptingDefineSymbolsForGroup(BuildTargetGroup)' is obsolete: 'Use GetScriptingDefineSymbols(NamedBuildTarget buildTarget) instead' [C:\hades\Hecton8\GPUInstancer.Editor.csproj]
C:\hades\Hecton8\Assets\GPUInstancer\Scripts\Editor\GPUInstancerDefines.cs(46,17): warning CS0618: 'PlayerSettings.SetScriptingDefineSymbolsForGroup(BuildTargetGroup, string)' is obsolete: 'Use SetScriptingDefineSymbols(NamedBuildTarget buildTarget, string defines) instead' [C:\hades\Hecton8\GPUInstancer.Editor.csproj]
  GPUInstancer.Editor -> C:\hades\Hecton8\Temp\bin\Debug\GPUInstancer.Editor.dll
C:\hades\Hecton8\Assets\AstarPathfindingProject\Core\Serialization\TinyJson.cs(344,116): warning CS0618: 'FindObjectsSortMode' is obsolete: 'FindObjectsSortMode has been deprecated. Use the FindObjectsByType overloads that do not take a FindObjectsSortMode parameter.' [C:\hades\Hecton8\AstarPathfindingProject.csproj]
C:\hades\Hecton8\Assets\AstarPathfindingProject\Core\Serialization\TinyJson.cs(344,28): warning CS0618: 'Object.FindObjectsByType<T>(FindObjectsInactive, FindObjectsSortMode)' is obsolete: 'FindObjectsByType with FindObjectsSortMode parameter has been deprecated. Use FindObjectsByType<T>() or FindObjectsByType<T>(FindObjectsInactive) instead. InstanceID will be replaced in the future with EntityId and previous sort order cannot be maintained.' [C:\hades\Hecton8\AstarPathfindingProject.csproj]
C:\hades\Hecton8\Assets\AstarPathfindingProject\Core\AI\AIBase.cs(434,130): warning CS0618: 'Rigidbody2D.isKinematic' is obsolete: 'isKinematic has been deprecated. Please use bodyType.' [C:\hades\Hecton8\AstarPathfindingProject.csproj]
C:\hades\Hecton8\Assets\AstarPathfindingProject\Generators\Utilities\RecastMeshGatherer.cs(47,93): warning CS0618: 'FindObjectsSortMode' is obsolete: 'FindObjectsSortMode has been deprecated. Use the FindObjectsByType overloads that do not take a FindObjectsSortMode parameter.' [C:\hades\Hecton8\AstarPathfindingProject.csproj]
C:\hades\Hecton8\Assets\AstarPathfindingProject\Generators\Utilities\RecastMeshGatherer.cs(47,23): warning CS0618: 'Object.FindObjectsByType<T>(FindObjectsInactive, FindObjectsSortMode)' is obsolete: 'FindObjectsByType with FindObjectsSortMode parameter has been deprecated. Use FindObjectsByType<T>() or FindObjectsByType<T>(FindObjectsInactive) instead. InstanceID will be replaced in the future with EntityId and previous sort order cannot be maintained.' [C:\hades\Hecton8\AstarPathfindingProject.csproj]
C:\hades\Hecton8\Assets\AstarPathfindingProject\RVO\RVOObstacle.cs(108,15): warning UNT0006: The Unity message 'OnDrawGizmos' has an incorrect signature. (https://github.com/microsoft/Microsoft.Unity.Analyzers/blob/main/doc/UNT0006.md) [C:\hades\Hecton8\AstarPathfindingProject.csproj]
C:\hades\Hecton8\Assets\AstarPathfindingProject\Core\Misc\NodeLink2.cs(232,15): warning UNT0006: The Unity message 'OnDrawGizmos' has an incorrect signature. (https://github.com/microsoft/Microsoft.Unity.Analyzers/blob/main/doc/UNT0006.md) [C:\hades\Hecton8\AstarPathfindingProject.csproj]
C:\hades\Hecton8\Assets\AstarPathfindingProject\Core\GraphUpdateScene.cs(315,8): warning UNT0006: The Unity message 'OnDrawGizmos' has an incorrect signature. (https://github.com/microsoft/Microsoft.Unity.Analyzers/blob/main/doc/UNT0006.md) [C:\hades\Hecton8\AstarPathfindingProject.csproj]
C:\hades\Hecton8\Assets\AstarPathfindingProject\Core\Misc\NodeLink3.cs(288,15): warning UNT0006: The Unity message 'OnDrawGizmos' has an incorrect signature. (https://github.com/microsoft/Microsoft.Unity.Analyzers/blob/main/doc/UNT0006.md) [C:\hades\Hecton8\AstarPathfindingProject.csproj]
  AstarPathfindingProject -> C:\hades\Hecton8\Temp\bin\Debug\AstarPathfindingProject.dll
C:\hades\Hecton8\Library\PackageCache\com.unity.render-pipelines.core@e6c93b445dd3\Editor\RenderGraph\RenderGraphViewer.cs(315,34): warning CS0649: Field 'RenderGraphViewer.PassElementInfo.rightGridLine' is never assigned to, and will always have its default value null [C:\hades\Hecton8\Unity.RenderPipelines.Core.Editor.csproj]
  Unity.RenderPipelines.Core.Editor -> C:\hades\Hecton8\Temp\bin\Debug\Unity.RenderPipelines.Core.Editor.dll
  ShapesRuntime -> C:\hades\Hecton8\Temp\bin\Debug\ShapesRuntime.dll
  JBooth.MicroSplat.Core -> C:\hades\Hecton8\Temp\bin\Debug\JBooth.MicroSplat.Core.dll
C:\hades\Hecton8\Assets\Crest\Crest\Scripts\Helpers\Helpers.cs(368,48): warning CS0618: 'FindObjectsSortMode' is obsolete: 'FindObjectsSortMode has been deprecated. Use the FindObjectsByType overloads that do not take a FindObjectsSortMode parameter.' [C:\hades\Hecton8\Crest.csproj]
C:\hades\Hecton8\Assets\Crest\Crest\Scripts\Helpers\Helpers.cs(368,20): warning CS0618: 'Object.FindObjectsByType<T>(FindObjectsSortMode)' is obsolete: 'FindObjectsByType with FindObjectsSortMode parameter has been deprecated. Use FindObjectsByType<T>() or FindObjectsByType<T>(FindObjectsInactive) instead. InstanceID will be replaced in the future with EntityId and previous sort order cannot be maintained.' [C:\hades\Hecton8\Crest.csproj]
C:\hades\Hecton8\Assets\Crest\Crest\Scripts\Shapes\ShapeGerstner.cs(84,28): warning CS0649: Field 'ShapeGerstner.GerstnerWaveComponent4._omega' is never assigned to, and will always have its default value [C:\hades\Hecton8\Crest.csproj]
C:\hades\Hecton8\Assets\Crest\Crest\Scripts\Shapes\ShapeGerstner.cs(83,28): warning CS0649: Field 'ShapeGerstner.GerstnerWaveComponent4._waveDirZ' is never assigned to, and will always have its default value [C:\hades\Hecton8\Crest.csproj]
C:\hades\Hecton8\Assets\Crest\Crest\Scripts\LodData\RegisterHeightInput.cs(47,25): warning CS0649: Field 'RegisterHeightInput.DebugFields._drawBounds' is never assigned to, and will always have its default value false [C:\hades\Hecton8\Crest.csproj]
C:\hades\Hecton8\Assets\Crest\Crest\Scripts\Shapes\ShapeGerstner.cs(86,28): warning CS0649: Field 'ShapeGerstner.GerstnerWaveComponent4._chopAmp' is never assigned to, and will always have its default value [C:\hades\Hecton8\Crest.csproj]
C:\hades\Hecton8\Assets\Crest\Crest\Scripts\Shapes\ShapeGerstner.cs(81,28): warning CS0649: Field 'ShapeGerstner.GerstnerWaveComponent4._amp' is never assigned to, and will always have its default value [C:\hades\Hecton8\Crest.csproj]
C:\hades\Hecton8\Assets\Crest\Crest\Scripts\Shapes\ShapeGerstner.cs(82,28): warning CS0649: Field 'ShapeGerstner.GerstnerWaveComponent4._waveDirX' is never assigned to, and will always have its default value [C:\hades\Hecton8\Crest.csproj]
C:\hades\Hecton8\Assets\Crest\Crest\Scripts\Shapes\ShapeGerstner.cs(80,28): warning CS0649: Field 'ShapeGerstner.GerstnerWaveComponent4._twoPiOverWavelength' is never assigned to, and will always have its default value [C:\hades\Hecton8\Crest.csproj]
C:\hades\Hecton8\Assets\Crest\Crest\Scripts\Shapes\FFT\FFTBakedData.cs(148,25): warning CS0649: Field 'FFTBakedData.SpatialInterpolationData._indexBase' is never assigned to, and will always have its default value [C:\hades\Hecton8\Crest.csproj]
C:\hades\Hecton8\Assets\Crest\Crest\Scripts\Shapes\ShapeGerstner.cs(85,28): warning CS0649: Field 'ShapeGerstner.GerstnerWaveComponent4._phase' is never assigned to, and will always have its default value [C:\hades\Hecton8\Crest.csproj]
C:\hades\Hecton8\Assets\Crest\Crest\Scripts\Shapes\ShapeGerstner.cs(88,28): warning CS0649: Field 'ShapeGerstner.GerstnerWaveComponent4._amp2' is never assigned to, and will always have its default value [C:\hades\Hecton8\Crest.csproj]
C:\hades\Hecton8\Assets\Crest\Crest\Scripts\Shapes\ShapeGerstner.cs(89,28): warning CS0649: Field 'ShapeGerstner.GerstnerWaveComponent4._chopAmp2' is never assigned to, and will always have its default value [C:\hades\Hecton8\Crest.csproj]
C:\hades\Hecton8\Assets\Crest\Crest\Scripts\Shapes\ShapeGerstner.cs(90,28): warning CS0649: Field 'ShapeGerstner.GerstnerWaveComponent4._phase2' is never assigned to, and will always have its default value [C:\hades\Hecton8\Crest.csproj]
  Crest -> C:\hades\Hecton8\Temp\bin\Debug\Crest.dll
C:\hades\Hecton8\Assets\Crest\Crest\Scripts\Editor\FFTBakedDataPreview.cs(21,24): warning CS0649: Field 'FFTBakedDataPreview._previousTarget' is never assigned to, and will always have its default value null [C:\hades\Hecton8\Crest.Helpers.Editor.csproj]
  Crest.Helpers.Editor -> C:\hades\Hecton8\Temp\bin\Debug\Crest.Helpers.Editor.dll
C:\hades\Hecton8\Assets\MapMagic\Core\Plugins\SettingsWindow.cs(62,21): warning CS0618: 'PlayerSettings.GetScriptingDefineSymbolsForGroup(BuildTargetGroup)' is obsolete: 'Use GetScriptingDefineSymbols(NamedBuildTarget buildTarget) instead' [C:\hades\Hecton8\MapMagic.Settings.csproj]
C:\hades\Hecton8\Assets\MapMagic\Core\Plugins\SettingsWindow.cs(78,5): warning CS0618: 'PlayerSettings.SetScriptingDefineSymbolsForGroup(BuildTargetGroup, string)' is obsolete: 'Use SetScriptingDefineSymbols(NamedBuildTarget buildTarget, string defines) instead' [C:\hades\Hecton8\MapMagic.Settings.csproj]
C:\hades\Hecton8\Assets\MapMagic\Core\Plugins\SettingsWindow.cs(110,23): warning CS0618: 'PlayerSettings.GetScriptingDefineSymbolsForGroup(BuildTargetGroup)' is obsolete: 'Use GetScriptingDefineSymbols(NamedBuildTarget buildTarget) instead' [C:\hades\Hecton8\MapMagic.Settings.csproj]
C:\hades\Hecton8\Assets\MapMagic\Core\Plugins\SettingsWindow.cs(189,21): warning CS0618: 'PlayerSettings.GetScriptingDefineSymbolsForGroup(BuildTargetGroup)' is obsolete: 'Use GetScriptingDefineSymbols(NamedBuildTarget buildTarget) instead' [C:\hades\Hecton8\MapMagic.Settings.csproj]
C:\hades\Hecton8\Assets\MapMagic\Core\Plugins\SettingsWindow.cs(215,21): warning CS0618: 'PlayerSettings.GetScriptingDefineSymbolsForGroup(BuildTargetGroup)' is obsolete: 'Use GetScriptingDefineSymbols(NamedBuildTarget buildTarget) instead' [C:\hades\Hecton8\MapMagic.Settings.csproj]
C:\hades\Hecton8\Assets\MapMagic\Core\Plugins\SettingsWindow.cs(233,4): warning CS0618: 'PlayerSettings.SetScriptingDefineSymbolsForGroup(BuildTargetGroup, string)' is obsolete: 'Use SetScriptingDefineSymbols(NamedBuildTarget buildTarget, string defines) instead' [C:\hades\Hecton8\MapMagic.Settings.csproj]
C:\hades\Hecton8\Assets\MapMagic\Core\Plugins\SettingsWindow.cs(308,8): warning CS0618: 'PlayerSettings.GetApiCompatibilityLevel(BuildTargetGroup)' is obsolete: 'Use GetApiCompatibilityLevel(NamedBuildTarget buildTarget) instead' [C:\hades\Hecton8\MapMagic.Settings.csproj]
C:\hades\Hecton8\Assets\MapMagic\Core\Plugins\SettingsWindow.cs(314,7): warning CS0618: 'PlayerSettings.SetApiCompatibilityLevel(BuildTargetGroup, ApiCompatibilityLevel)' is obsolete: 'Use SetApiCompatibilityLevel(NamedBuildTarget buildTarget, ApiCompatibilityLevel value) instead' [C:\hades\Hecton8\MapMagic.Settings.csproj]
  MapMagic.Settings -> C:\hades\Hecton8\Temp\bin\Debug\MapMagic.Settings.dll
  Technie.PhysicsCreator.Updater -> C:\hades\Hecton8\Temp\bin\Debug\Technie.PhysicsCreator.Updater.dll
C:\hades\Hecton8\Assets\_Project\Scripts\Audio\HectonMusicDirector.cs(514,13): warning CS0162: Unreachable code detected [C:\hades\Hecton8\Hecton8.Core.csproj]
C:\hades\Hecton8\Assets\_Project\Scripts\Audio\HectonMusicDirector.cs(890,13): warning CS0162: Unreachable code detected [C:\hades\Hecton8\Hecton8.Core.csproj]
C:\hades\Hecton8\Assets\_Project\Scripts\Audio\HectonMusicDirector.cs(1249,13): warning CS0162: Unreachable code detected [C:\hades\Hecton8\Hecton8.Core.csproj]
C:\hades\Hecton8\Assets\_Project\Scripts\Audio\HectonMusicDirector.cs(1917,13): warning CS0162: Unreachable code detected [C:\hades\Hecton8\Hecton8.Core.csproj]
C:\hades\Hecton8\Assets\_Project\Scripts\Audio\HectonMusicDirector.cs(1949,13): warning CS0162: Unreachable code detected [C:\hades\Hecton8\Hecton8.Core.csproj]
C:\hades\Hecton8\Assets\_Project\Scripts\Audio\HectonMusicDirector.cs(2457,13): warning CS0162: Unreachable code detected [C:\hades\Hecton8\Hecton8.Core.csproj]
C:\hades\Hecton8\Assets\_Project\Scripts\Audio\HectonMusicDirector.cs(2687,13): warning CS0162: Unreachable code detected [C:\hades\Hecton8\Hecton8.Core.csproj]
C:\hades\Hecton8\Assets\_Project\Scripts\Audio\HectonMusicDirector.cs(2750,13): warning CS0162: Unreachable code detected [C:\hades\Hecton8\Hecton8.Core.csproj]
C:\hades\Hecton8\Assets\_Project\Scripts\Tools\LaserCutterDodContracts.cs(300,17): warning CS0162: Unreachable code detected [C:\hades\Hecton8\Hecton8.Core.csproj]
C:\hades\Hecton8\Assets\_Project\Scripts\WorldGenerativeGeologyTerrainSeamApplier.cs(28,26): warning CS0649: Field 'WorldGenerativeGeologyTerrainSeamApplier.SeismicTrenchState.DepthMeters' is never assigned to, and will always have its default value 0 [C:\hades\Hecton8\Hecton8.Core.csproj]
C:\hades\Hecton8\Assets\_Project\Scripts\Core\Memory\GlobalDataVault.cs(4114,24): warning CS0649: Field 'GlobalDataVault.VaultDefragmentationJob.EndBufferID' is never assigned to, and will always have its default value 0 [C:\hades\Hecton8\Hecton8.Core.csproj]
C:\hades\Hecton8\Assets\_Project\Scripts\WorldGenerativeGeologyTerrainSeamApplier.cs(25,25): warning CS0649: Field 'WorldGenerativeGeologyTerrainSeamApplier.SeismicTrenchState.TrenchId' is never assigned to, and will always have its default value 0 [C:\hades\Hecton8\Hecton8.Core.csproj]
C:\hades\Hecton8\Assets\_Project\Scripts\Fauna\PredatorCognitionDomain.cs(5531,27): warning CS0649: Field 'PredatorCognitionDomain.PredatorCognitionJob.ChemicalGridOrigin' is never assigned to, and will always have its default value [C:\hades\Hecton8\Hecton8.Core.csproj]
C:\hades\Hecton8\Assets\_Project\Scripts\GlobalPhysicsStateManager.cs(614,26): warning CS0649: Field 'GlobalPhysicsStateManager.PhysicsDistanceCullingJob.WakeDistanceMeters' is never assigned to, and will always have its default value 0 [C:\hades\Hecton8\Hecton8.Core.csproj]
C:\hades\Hecton8\Assets\_Project\Scripts\WorldGenerativeGeologyTerrainSeamApplier.cs(27,28): warning CS0649: Field 'WorldGenerativeGeologyTerrainSeamApplier.SeismicTrenchState.AbsoluteEnd' is never assigned to, and will always have its default value [C:\hades\Hecton8\Hecton8.Core.csproj]
C:\hades\Hecton8\Assets\_Project\Scripts\GlobalPhysicsStateManager.cs(619,25): warning CS0649: Field 'GlobalPhysicsStateManager.PhysicsDistanceCullingJob.AbyssalDepthCull' is never assigned to, and will always have its default value 0 [C:\hades\Hecton8\Hecton8.Core.csproj]
C:\hades\Hecton8\Assets\_Project\Scripts\Fauna\PredatorCognitionDomain.cs(5532,27): warning CS0649: Field 'PredatorCognitionDomain.PredatorCognitionJob.ChemicalGridCellSize' is never assigned to, and will always have its default value [C:\hades\Hecton8\Hecton8.Core.csproj]
C:\hades\Hecton8\Assets\_Project\Scripts\WorldGenerativeGeologyTerrainSeamApplier.cs(29,26): warning CS0649: Field 'WorldGenerativeGeologyTerrainSeamApplier.SeismicTrenchState.Slope' is never assigned to, and will always have its default value 0 [C:\hades\Hecton8\Hecton8.Core.csproj]
C:\hades\Hecton8\Assets\_Project\Scripts\Core\Memory\GlobalDataVault.cs(4113,24): warning CS0649: Field 'GlobalDataVault.VaultDefragmentationJob.StartBufferID' is never assigned to, and will always have its default value 0 [C:\hades\Hecton8\Hecton8.Core.csproj]
C:\hades\Hecton8\Assets\_Project\Scripts\WorldGenerativeGeologyTerrainSeamApplier.cs(26,28): warning CS0649: Field 'WorldGenerativeGeologyTerrainSeamApplier.SeismicTrenchState.AbsoluteStart' is never assigned to, and will always have its default value [C:\hades\Hecton8\Hecton8.Core.csproj]
C:\hades\Hecton8\Assets\_Project\Scripts\Core\Memory\GlobalDataVault.cs(4111,72): warning CS0649: Field 'GlobalDataVault.VaultDefragmentationJob.ArenaBase' is never assigned to, and will always have its default value [C:\hades\Hecton8\Hecton8.Core.csproj]
C:\hades\Hecton8\Assets\_Project\Scripts\GlobalPhysicsStateManager.cs(618,26): warning CS0649: Field 'GlobalPhysicsStateManager.PhysicsDistanceCullingJob.MeshColliderRestoreDistanceMeters' is never assigned to, and will always have its default value 0 [C:\hades\Hecton8\Hecton8.Core.csproj]
C:\hades\Hecton8\Assets\_Project\Scripts\Fauna\PredatorCognitionDomain.cs(5530,25): warning CS0649: Field 'PredatorCognitionDomain.PredatorCognitionJob.ChemicalGridDimensions' is never assigned to, and will always have its default value [C:\hades\Hecton8\Hecton8.Core.csproj]
C:\hades\Hecton8\Assets\_Project\Scripts\GlobalPhysicsStateManager.cs(613,26): warning CS0649: Field 'GlobalPhysicsStateManager.PhysicsDistanceCullingJob.SleepDistanceMeters' is never assigned to, and will always have its default value 0 [C:\hades\Hecton8\Hecton8.Core.csproj]
C:\hades\Hecton8\Assets\_Project\Scripts\GlobalPhysicsStateManager.cs(612,27): warning CS0649: Field 'GlobalPhysicsStateManager.PhysicsDistanceCullingJob.CameraForward' is never assigned to, and will always have its default value [C:\hades\Hecton8\Hecton8.Core.csproj]
C:\hades\Hecton8\Assets\_Project\Scripts\GlobalPhysicsStateManager.cs(616,26): warning CS0649: Field 'GlobalPhysicsStateManager.PhysicsDistanceCullingJob.KinematicWakeDistanceMeters' is never assigned to, and will always have its default value 0 [C:\hades\Hecton8\Hecton8.Core.csproj]
C:\hades\Hecton8\Assets\_Project\Scripts\GlobalPhysicsStateManager.cs(617,26): warning CS0649: Field 'GlobalPhysicsStateManager.PhysicsDistanceCullingJob.MeshColliderStripDistanceMeters' is never assigned to, and will always have its default value 0 [C:\hades\Hecton8\Hecton8.Core.csproj]
C:\hades\Hecton8\Assets\_Project\Scripts\GlobalPhysicsStateManager.cs(615,26): warning CS0649: Field 'GlobalPhysicsStateManager.PhysicsDistanceCullingJob.KinematicSleepDistanceMeters' is never assigned to, and will always have its default value 0 [C:\hades\Hecton8\Hecton8.Core.csproj]
C:\hades\Hecton8\Assets\_Project\Scripts\WorldGenerativeGeologyTerrainSeamApplier.cs(30,26): warning CS0649: Field 'WorldGenerativeGeologyTerrainSeamApplier.SeismicTrenchState.InfluenceRadius' is never assigned to, and will always have its default value 0 [C:\hades\Hecton8\Hecton8.Core.csproj]
  Hecton8.Core -> C:\hades\Hecton8\Temp\bin\Debug\Hecton8.Core.dll
  VolumetricLightBeam -> C:\hades\Hecton8\Temp\bin\Debug\VolumetricLightBeam.dll
  Lofelt.NiceVibrations.Editor -> C:\hades\Hecton8\Temp\bin\Debug\Lofelt.NiceVibrations.Editor.dll
C:\hades\Hecton8\Assets\Feel\MMTools\Tools\MMPhysics\MMRigidbodyInterface.cs(121,13): warning CS0618: 'Rigidbody2D.isKinematic' is obsolete: 'isKinematic has been deprecated. Please use bodyType.' [C:\hades\Hecton8\MoreMountains.Tools.csproj]
C:\hades\Hecton8\Assets\Feel\MMTools\Tools\MMPhysics\MMRigidbodyInterface.cs(253,5): warning CS0618: 'Rigidbody2D.isKinematic' is obsolete: 'isKinematic has been deprecated. Please use bodyType.' [C:\hades\Hecton8\MoreMountains.Tools.csproj]
C:\hades\Hecton8\Assets\Feel\MMTools\Tools\MMHelpers\MMDebug.cs(563,41): warning CS0618: 'Object.FindObjectOfType(Type)' is obsolete: 'Object.FindObjectOfType has been deprecated. Use Object.FindFirstObjectByType instead or if finding any instance is acceptable the faster Object.FindAnyObjectByType' [C:\hades\Hecton8\MoreMountains.Tools.csproj]
  MoreMountains.Tools -> C:\hades\Hecton8\Temp\bin\Debug\MoreMountains.Tools.dll
  MoreMountains.Feedbacks -> C:\hades\Hecton8\Temp\bin\Debug\MoreMountains.Feedbacks.dll
  VolumetricLightBeam.Editor -> C:\hades\Hecton8\Temp\bin\Debug\VolumetricLightBeam.Editor.dll
  Hecton8.Editor -> C:\hades\Hecton8\Temp\bin\Debug\Hecton8.Editor.dll
C:\hades\Hecton8\Packages\com.unity.shadergraph\Editor\Drawing\Views\MaterialGraphView.cs(66,18): warning CS0618: 'ITransform.position' is obsolete: 'When reading the value, use VisualElement.resolvedStyle.translate. When writing the value, use VisualElement.style.translate instead.' [C:\hades\Hecton8\Unity.ShaderGraph.Editor.csproj]
C:\hades\Hecton8\Packages\com.unity.shadergraph\Editor\Drawing\Views\MaterialGraphView.cs(68,31): warning CS0618: 'ITransform.position' is obsolete: 'When reading the value, use VisualElement.resolvedStyle.translate. When writing the value, use VisualElement.style.translate instead.' [C:\hades\Hecton8\Unity.ShaderGraph.Editor.csproj]
C:\hades\Hecton8\Packages\com.unity.shadergraph\Editor\Drawing\Views\MaterialGraphView.cs(69,28): warning CS0618: 'ITransform.scale' is obsolete: 'When reading the value, use VisualElement.resolvedStyle.scale. When writing the value, use VisualElement.style.scale instead.' [C:\hades\Hecton8\Unity.ShaderGraph.Editor.csproj]
C:\hades\Hecton8\Packages\com.unity.shadergraph\Editor\Drawing\Inspector\MasterPreviewView.cs(32,14): warning CS0649: Field 'MasterPreviewView.m_PreviousMesh' is never assigned to, and will always have its default value null [C:\hades\Hecton8\Unity.ShaderGraph.Editor.csproj]
  Unity.ShaderGraph.Editor -> C:\hades\Hecton8\Temp\bin\Debug\Unity.ShaderGraph.Editor.dll
  MoreMountains.Feedbacks.HDRP -> C:\hades\Hecton8\Temp\bin\Debug\MoreMountains.Feedbacks.HDRP.dll
  MoreMountains.Feedbacks.URP -> C:\hades\Hecton8\Temp\bin\Debug\MoreMountains.Feedbacks.URP.dll
C:\hades\Hecton8\Assets\MeshBaker\scripts\MB3_MBVersionConcrete.cs(80,60): warning CS0618: 'FindObjectsSortMode' is obsolete: 'FindObjectsSortMode has been deprecated. Use the FindObjectsByType overloads that do not take a FindObjectsSortMode parameter.' [C:\hades\Hecton8\MeshBakerCore.csproj]
C:\hades\Hecton8\Assets\MeshBaker\scripts\MB3_MBVersionConcrete.cs(80,20): warning CS0618: 'Object.FindObjectsByType(Type, FindObjectsSortMode)' is obsolete: 'FindObjectsByType with FindObjectsSortMode parameter has been deprecated. Use FindObjectsByType(Type) or FindObjectsByType(Type, FindObjectsInactive) instead. InstanceID will be replaced in the future with EntityId and previous sort order cannot be maintained.' [C:\hades\Hecton8\MeshBakerCore.csproj]
C:\hades\Hecton8\Assets\MeshBaker\scripts\MB3_MeshBakerRoot.cs(163,47): warning CS0618: 'Object.GetInstanceID()' is obsolete: 'GetInstanceID is deprecated. Use GetEntityId instead. This will be removed in a future version.' [C:\hades\Hecton8\MeshBakerCore.csproj]
C:\hades\Hecton8\Assets\MeshBaker\scripts\MB3_MeshBakerRoot.cs(165,36): warning CS0618: 'Object.GetInstanceID()' is obsolete: 'GetInstanceID is deprecated. Use GetEntityId instead. This will be removed in a future version.' [C:\hades\Hecton8\MeshBakerCore.csproj]
  MeshBakerCore -> C:\hades\Hecton8\Temp\bin\Debug\MeshBakerCore.dll
  MoreMountains.Feedbacks.PostProcessing -> C:\hades\Hecton8\Temp\bin\Debug\MoreMountains.Feedbacks.PostProcessing.dll
  Hecton8.World.Contracts -> C:\hades\Hecton8\Temp\bin\Debug\Hecton8.World.Contracts.dll
C:\hades\Hecton8\Library\PackageCache\com.unity.render-pipelines.universal@580a03820d50\Editor\ShaderBuildPreprocessor.cs(162,29): warning CS0649: Field 'ShaderBuildPreprocessor.s_KeepOffVariantForAdditionalLights' is never assigned to, and will always have its default value false [C:\hades\Hecton8\Unity.RenderPipelines.Universal.Editor.csproj]
C:\hades\Hecton8\Library\PackageCache\com.unity.render-pipelines.universal@580a03820d50\Editor\Analytics\AssetReimporterAnalytic.cs(45,18): warning CS0649: Field 'AssetReimporterAnalytic.Analytic.m_Data' is never assigned to, and will always have its default value null [C:\hades\Hecton8\Unity.RenderPipelines.Universal.Editor.csproj]
C:\hades\Hecton8\Library\PackageCache\com.unity.render-pipelines.universal@580a03820d50\Editor\ShaderGraph\Targets\UniversalDecalSubTarget.cs(52,24): warning CS0649: Field 'UniversalDecalSubTarget.DecalData.drawOrder' is never assigned to, and will always have its default value 0 [C:\hades\Hecton8\Unity.RenderPipelines.Universal.Editor.csproj]
  Unity.RenderPipelines.Universal.Editor -> C:\hades\Hecton8\Temp\bin\Debug\Unity.RenderPipelines.Universal.Editor.dll
  Tayx.Graphy -> C:\hades\Hecton8\Temp\bin\Debug\Tayx.Graphy.dll
  MapMagic.MicroSplat -> C:\hades\Hecton8\Temp\bin\Debug\MapMagic.MicroSplat.dll
  JBooth.MicroSplat.Core.Editor -> C:\hades\Hecton8\Temp\bin\Debug\JBooth.MicroSplat.Core.Editor.dll
  MapMagic.MicroSplat.Editor -> C:\hades\Hecton8\Temp\bin\Debug\MapMagic.MicroSplat.Editor.dll
  PackageToolsEditor -> C:\hades\Hecton8\Temp\bin\Debug\PackageToolsEditor.dll
  MoreMountains.Feedbacks.Cinemachine -> C:\hades\Hecton8\Temp\bin\Debug\MoreMountains.Feedbacks.Cinemachine.dll
  MoreMountains.Feedbacks.MMTools -> C:\hades\Hecton8\Temp\bin\Debug\MoreMountains.Feedbacks.MMTools.dll
  MoreMountains.Feedbacks.NiceVibrations -> C:\hades\Hecton8\Temp\bin\Debug\MoreMountains.Feedbacks.NiceVibrations.dll
  MoreMountains.Feedbacks.TextMeshPro -> C:\hades\Hecton8\Temp\bin\Debug\MoreMountains.Feedbacks.TextMeshPro.dll
  MoreMountains.Feedbacks.Authorizations -> C:\hades\Hecton8\Temp\bin\Debug\MoreMountains.Feedbacks.Authorizations.dll
  Lofelt.NiceVibrations.Demo -> C:\hades\Hecton8\Temp\bin\Debug\Lofelt.NiceVibrations.Demo.dll
  TechniePhysicsCreator -> C:\hades\Hecton8\Temp\bin\Debug\TechniePhysicsCreator.dll
  Hecton8.Input -> C:\hades\Hecton8\Temp\bin\Debug\Hecton8.Input.dll
C:\hades\Hecton8\Assets\AstarPathfindingProject\Editor\GraphEditors\GridGeneratorEditor.cs(128,69): warning CS0618: 'FindObjectsSortMode' is obsolete: 'FindObjectsSortMode has been deprecated. Use the FindObjectsByType overloads that do not take a FindObjectsSortMode parameter.' [C:\hades\Hecton8\AstarPathfindingProjectEditor.csproj]
C:\hades\Hecton8\Assets\AstarPathfindingProject\Editor\GraphEditors\GridGeneratorEditor.cs(128,20): warning CS0618: 'Object.FindObjectsByType<T>(FindObjectsSortMode)' is obsolete: 'FindObjectsByType with FindObjectsSortMode parameter has been deprecated. Use FindObjectsByType<T>() or FindObjectsByType<T>(FindObjectsInactive) instead. InstanceID will be replaced in the future with EntityId and previous sort order cannot be maintained.' [C:\hades\Hecton8\AstarPathfindingProjectEditor.csproj]
C:\hades\Hecton8\Assets\AstarPathfindingProject\Editor\AIBaseEditor.cs(116,131): warning CS0618: 'Rigidbody2D.isKinematic' is obsolete: 'isKinematic has been deprecated. Please use bodyType.' [C:\hades\Hecton8\AstarPathfindingProjectEditor.csproj]
C:\hades\Hecton8\Assets\AstarPathfindingProject\Editor\AstarUpdateChecker.cs(213,63): warning CS0618: 'Object.FindObjectOfType(Type)' is obsolete: 'Object.FindObjectOfType has been deprecated. Use Object.FindFirstObjectByType instead or if finding any instance is acceptable the faster Object.FindAnyObjectByType' [C:\hades\Hecton8\AstarPathfindingProjectEditor.csproj]
C:\hades\Hecton8\Assets\AstarPathfindingProject\Editor\AstarUpdateChecker.cs(215,19): warning CS0618: 'Object.FindObjectOfType(Type)' is obsolete: 'Object.FindObjectOfType has been deprecated. Use Object.FindFirstObjectByType instead or if finding any instance is acceptable the faster Object.FindAnyObjectByType' [C:\hades\Hecton8\AstarPathfindingProjectEditor.csproj]
  AstarPathfindingProjectEditor -> C:\hades\Hecton8\Temp\bin\Debug\AstarPathfindingProjectEditor.dll
  MoreMountains.Feedbacks.Editor -> C:\hades\Hecton8\Temp\bin\Debug\MoreMountains.Feedbacks.Editor.dll
  ShapesEditor -> C:\hades\Hecton8\Temp\bin\Debug\ShapesEditor.dll
C:\hades\Hecton8\Assets\MeshBaker\Editor\MB3_MBVersionConcreteEditor.cs(211,46): warning CS0618: 'TextureImporterFormat.PVRTC_RGB2' is obsolete: 'Texture compression format PVRTC has been deprecated and will be removed in a future release' [C:\hades\Hecton8\MeshBakerEditor.csproj]
C:\hades\Hecton8\Assets\MeshBaker\Editor\MB3_MBVersionConcreteEditor.cs(212,46): warning CS0618: 'TextureImporterFormat.PVRTC_RGB4' is obsolete: 'Texture compression format PVRTC has been deprecated and will be removed in a future release' [C:\hades\Hecton8\MeshBakerEditor.csproj]
C:\hades\Hecton8\Assets\MeshBaker\Editor\MB3_MBVersionConcreteEditor.cs(213,46): warning CS0618: 'TextureImporterFormat.PVRTC_RGBA2' is obsolete: 'Texture compression format PVRTC has been deprecated and will be removed in a future release' [C:\hades\Hecton8\MeshBakerEditor.csproj]
C:\hades\Hecton8\Assets\MeshBaker\Editor\MB3_MBVersionConcreteEditor.cs(214,46): warning CS0618: 'TextureImporterFormat.PVRTC_RGBA4' is obsolete: 'Texture compression format PVRTC has been deprecated and will be removed in a future release' [C:\hades\Hecton8\MeshBakerEditor.csproj]
C:\hades\Hecton8\Assets\MeshBaker\Editor\MB3_MBVersionConcreteEditor.cs(454,22): warning CS0618: 'TextureFormat.PVRTC_RGB2' is obsolete: 'Texture compression format PVRTC has been deprecated and will be removed in a future release' [C:\hades\Hecton8\MeshBakerEditor.csproj]
C:\hades\Hecton8\Assets\MeshBaker\Editor\MB3_MBVersionConcreteEditor.cs(455,41): warning CS0618: 'TextureImporterFormat.PVRTC_RGB2' is obsolete: 'Texture compression format PVRTC has been deprecated and will be removed in a future release' [C:\hades\Hecton8\MeshBakerEditor.csproj]
C:\hades\Hecton8\Assets\MeshBaker\Editor\MB3_MBVersionConcreteEditor.cs(457,22): warning CS0618: 'TextureFormat.PVRTC_RGB4' is obsolete: 'Texture compression format PVRTC has been deprecated and will be removed in a future release' [C:\hades\Hecton8\MeshBakerEditor.csproj]
C:\hades\Hecton8\Assets\MeshBaker\Editor\MB3_MBVersionConcreteEditor.cs(458,41): warning CS0618: 'TextureImporterFormat.PVRTC_RGB4' is obsolete: 'Texture compression format PVRTC has been deprecated and will be removed in a future release' [C:\hades\Hecton8\MeshBakerEditor.csproj]
C:\hades\Hecton8\Assets\MeshBaker\Editor\MB3_MBVersionConcreteEditor.cs(460,22): warning CS0618: 'TextureFormat.PVRTC_RGBA2' is obsolete: 'Texture compression format PVRTC has been deprecated and will be removed in a future release' [C:\hades\Hecton8\MeshBakerEditor.csproj]
C:\hades\Hecton8\Assets\MeshBaker\Editor\MB3_MBVersionConcreteEditor.cs(461,41): warning CS0618: 'TextureImporterFormat.PVRTC_RGBA2' is obsolete: 'Texture compression format PVRTC has been deprecated and will be removed in a future release' [C:\hades\Hecton8\MeshBakerEditor.csproj]
C:\hades\Hecton8\Assets\MeshBaker\Editor\MB3_MBVersionConcreteEditor.cs(463,22): warning CS0618: 'TextureFormat.PVRTC_RGBA4' is obsolete: 'Texture compression format PVRTC has been deprecated and will be removed in a future release' [C:\hades\Hecton8\MeshBakerEditor.csproj]
C:\hades\Hecton8\Assets\MeshBaker\Editor\MB3_MBVersionConcreteEditor.cs(464,41): warning CS0618: 'TextureImporterFormat.PVRTC_RGBA4' is obsolete: 'Texture compression format PVRTC has been deprecated and will be removed in a future release' [C:\hades\Hecton8\MeshBakerEditor.csproj]
C:\hades\Hecton8\Assets\MeshBaker\Editor\MB3_MeshBakerEditorInternal.cs(290,37): warning CS0618: 'Object.GetInstanceID()' is obsolete: 'GetInstanceID is deprecated. Use GetEntityId instead. This will be removed in a future version.' [C:\hades\Hecton8\MeshBakerEditor.csproj]
C:\hades\Hecton8\Assets\MeshBaker\Editor\MB3_MeshBakerEditorInternal.cs(389,37): warning CS0618: 'Object.GetInstanceID()' is obsolete: 'GetInstanceID is deprecated. Use GetEntityId instead. This will be removed in a future version.' [C:\hades\Hecton8\MeshBakerEditor.csproj]
C:\hades\Hecton8\Assets\MeshBaker\Editor\MB_TextureBakerEditorConfigureMultiMaterials.cs(321,62): warning CS0618: 'Object.GetInstanceID()' is obsolete: 'GetInstanceID is deprecated. Use GetEntityId instead. This will be removed in a future version.' [C:\hades\Hecton8\MeshBakerEditor.csproj]
C:\hades\Hecton8\Assets\MeshBaker\Editor\MB_TextureBakerEditorConfigureMultiMaterials.cs(328,53): warning CS0618: 'Object.GetInstanceID()' is obsolete: 'GetInstanceID is deprecated. Use GetEntityId instead. This will be removed in a future version.' [C:\hades\Hecton8\MeshBakerEditor.csproj]
C:\hades\Hecton8\Assets\MeshBaker\Editor\MB3_MeshBakerEditorWindowAnalyseSceneTab.cs(475,62): warning CS0618: 'Object.GetInstanceID()' is obsolete: 'GetInstanceID is deprecated. Use GetEntityId instead. This will be removed in a future version.' [C:\hades\Hecton8\MeshBakerEditor.csproj]
C:\hades\Hecton8\Assets\MeshBaker\Editor\MB3_MeshBakerEditorWindowAnalyseSceneTab.cs(482,53): warning CS0618: 'Object.GetInstanceID()' is obsolete: 'GetInstanceID is deprecated. Use GetEntityId instead. This will be removed in a future version.' [C:\hades\Hecton8\MeshBakerEditor.csproj]
C:\hades\Hecton8\Assets\MeshBaker\Editor\MB3_MeshBakerEditorWindowAddObjectsTab.cs(487,71): warning CS0618: 'Object.GetInstanceID()' is obsolete: 'GetInstanceID is deprecated. Use GetEntityId instead. This will be removed in a future version.' [C:\hades\Hecton8\MeshBakerEditor.csproj]
C:\hades\Hecton8\Assets\MeshBaker\Editor\MB3_MeshBakerEditorWindowAddObjectsTab.cs(490,62): warning CS0618: 'Object.GetInstanceID()' is obsolete: 'GetInstanceID is deprecated. Use GetEntityId instead. This will be removed in a future version.' [C:\hades\Hecton8\MeshBakerEditor.csproj]
  MeshBakerEditor -> C:\hades\Hecton8\Temp\bin\Debug\MeshBakerEditor.dll
C:\hades\Hecton8\Assets\Feel\MMTools\Editor\MMAttributes\MMMonoBehaviourDrawer.cs(72,124): warning CS0618: 'Object.GetInstanceID()' is obsolete: 'GetInstanceID is deprecated. Use GetEntityId instead. This will be removed in a future version.' [C:\hades\Hecton8\MoreMountains.Tools.Editor.csproj]
C:\hades\Hecton8\Assets\Feel\MMTools\Editor\MMAttributes\MMMonoBehaviourDrawer.cs(133,102): warning CS0618: 'Object.GetInstanceID()' is obsolete: 'GetInstanceID is deprecated. Use GetEntityId instead. This will be removed in a future version.' [C:\hades\Hecton8\MoreMountains.Tools.Editor.csproj]
  MoreMountains.Tools.Editor -> C:\hades\Hecton8\Temp\bin\Debug\MoreMountains.Tools.Editor.dll
  Tayx.Graphy.Editor -> C:\hades\Hecton8\Temp\bin\Debug\Tayx.Graphy.Editor.dll
  Hecton8.World.Dots -> C:\hades\Hecton8\Temp\bin\Debug\Hecton8.World.Dots.dll
  Assembly-CSharp-firstpass -> C:\hades\Hecton8\Temp\bin\Debug\Assembly-CSharp-firstpass.dll
  Assembly-CSharp -> C:\hades\Hecton8\Temp\bin\Debug\Assembly-CSharp.dll
  Assembly-CSharp-Editor-firstpass -> C:\hades\Hecton8\Temp\bin\Debug\Assembly-CSharp-Editor-firstpass.dll
  Assembly-CSharp-Editor -> C:\hades\Hecton8\Temp\bin\Debug\Assembly-CSharp-Editor.dll

Build succeeded.

C:\hades\Hecton8\Assets\AmplifyImpostors\Plugins\Scripts\HelperExtensions.cs(37,16): warning CS0618: 'ShaderUtil.GetPropertyCount(Shader)' is obsolete: 'Use Shader.GetPropertyCount instead.' [C:\hades\Hecton8\AmplifyImpostors.Runtime.csproj]
C:\hades\Hecton8\Assets\AmplifyImpostors\Plugins\Scripts\HelperExtensions.cs(40,14): warning CS0618: 'ShaderUtil.GetPropertyType(Shader, int)' is obsolete: 'Use Shader.GetPropertyType instead.' [C:\hades\Hecton8\AmplifyImpostors.Runtime.csproj]
C:\hades\Hecton8\Assets\AmplifyImpostors\Plugins\Scripts\HelperExtensions.cs(41,16): warning CS0618: 'ShaderUtil.GetPropertyName(Shader, int)' is obsolete: 'Use Shader.GetPropertyName instead.' [C:\hades\Hecton8\AmplifyImpostors.Runtime.csproj]
C:\hades\Hecton8\Assets\AmplifyImpostors\Plugins\Scripts\HelperExtensions.cs(44,11): warning CS0618: 'ShaderUtil.ShaderPropertyType' is obsolete: 'Use UnityEngine.Rendering.ShaderPropertyType instead.' [C:\hades\Hecton8\AmplifyImpostors.Runtime.csproj]
C:\hades\Hecton8\Assets\AmplifyImpostors\Plugins\Scripts\HelperExtensions.cs(47,11): warning CS0618: 'ShaderUtil.ShaderPropertyType' is obsolete: 'Use UnityEngine.Rendering.ShaderPropertyType instead.' [C:\hades\Hecton8\AmplifyImpostors.Runtime.csproj]
C:\hades\Hecton8\Assets\AmplifyImpostors\Plugins\Scripts\HelperExtensions.cs(50,11): warning CS0618: 'ShaderUtil.ShaderPropertyType' is obsolete: 'Use UnityEngine.Rendering.ShaderPropertyType instead.' [C:\hades\Hecton8\AmplifyImpostors.Runtime.csproj]
C:\hades\Hecton8\Assets\AmplifyImpostors\Plugins\Scripts\HelperExtensions.cs(53,11): warning CS0618: 'ShaderUtil.ShaderPropertyType' is obsolete: 'Use UnityEngine.Rendering.ShaderPropertyType instead.' [C:\hades\Hecton8\AmplifyImpostors.Runtime.csproj]
C:\hades\Hecton8\Assets\AmplifyImpostors\Plugins\Scripts\HelperExtensions.cs(56,11): warning CS0618: 'ShaderUtil.ShaderPropertyType' is obsolete: 'Use UnityEngine.Rendering.ShaderPropertyType instead.' [C:\hades\Hecton8\AmplifyImpostors.Runtime.csproj]
C:\hades\Hecton8\Assets\AmplifyImpostors\Plugins\Scripts\HelperExtensions.cs(56,11): warning CS0618: 'ShaderUtil.ShaderPropertyType.TexEnv' is obsolete: 'Use UnityEngine.Rendering.ShaderPropertyType.Texture instead.' [C:\hades\Hecton8\AmplifyImpostors.Runtime.csproj]
C:\hades\Hecton8\Assets\Feel\NiceVibrations\Define\NiceVibrationsDefineSymbols.cs(65,45): warning CS0618: 'PlayerSettings.GetScriptingDefineSymbolsForGroup(BuildTargetGroup)' is obsolete: 'Use GetScriptingDefineSymbols(NamedBuildTarget buildTarget) instead' [C:\hades\Hecton8\Lofelt.NiceVibrations.csproj]
C:\hades\Hecton8\Assets\Feel\NiceVibrations\Define\NiceVibrationsDefineSymbols.cs(68,13): warning CS0618: 'PlayerSettings.SetScriptingDefineSymbolsForGroup(BuildTargetGroup, string)' is obsolete: 'Use SetScriptingDefineSymbols(NamedBuildTarget buildTarget, string defines) instead' [C:\hades\Hecton8\Lofelt.NiceVibrations.csproj]
C:\hades\Hecton8\Assets\Feel\NiceVibrations\Scripts\Components\DeviceCapabilities.cs(133,29): warning CS0649: Field 'DeviceCapabilities._hasEmphasis' is never assigned to, and will always have its default value false [C:\hades\Hecton8\Lofelt.NiceVibrations.csproj]
C:\hades\Hecton8\Assets\Feel\NiceVibrations\Scripts\Components\DeviceCapabilities.cs(97,29): warning CS0649: Field 'DeviceCapabilities._hasFrequencyControl' is never assigned to, and will always have its default value false [C:\hades\Hecton8\Lofelt.NiceVibrations.csproj]
C:\hades\Hecton8\Assets\Feel\NiceVibrations\Scripts\Components\DeviceCapabilities.cs(121,29): warning CS0649: Field 'DeviceCapabilities._hasFrequencyModulation' is never assigned to, and will always have its default value false [C:\hades\Hecton8\Lofelt.NiceVibrations.csproj]
C:\hades\Hecton8\Assets\Feel\NiceVibrations\Scripts\Components\DeviceCapabilities.cs(157,29): warning CS0649: Field 'DeviceCapabilities._canLoop' is never assigned to, and will always have its default value false [C:\hades\Hecton8\Lofelt.NiceVibrations.csproj]
C:\hades\Hecton8\Assets\Feel\NiceVibrations\Scripts\Components\DeviceCapabilities.cs(109,29): warning CS0649: Field 'DeviceCapabilities._hasAmplitudeModulation' is never assigned to, and will always have its default value false [C:\hades\Hecton8\Lofelt.NiceVibrations.csproj]
C:\hades\Hecton8\Assets\Feel\NiceVibrations\Scripts\Components\DeviceCapabilities.cs(85,29): warning CS0649: Field 'DeviceCapabilities._hasAmplitudeControl' is never assigned to, and will always have its default value false [C:\hades\Hecton8\Lofelt.NiceVibrations.csproj]
C:\hades\Hecton8\Assets\Feel\NiceVibrations\Scripts\Components\DeviceCapabilities.cs(145,29): warning CS0649: Field 'DeviceCapabilities._canEmulateEmphasis' is never assigned to, and will always have its default value false [C:\hades\Hecton8\Lofelt.NiceVibrations.csproj]
C:\hades\Hecton8\Assets\Editor\x64\Bakery\scripts\ftLightMeshInspector.cs(76,48): warning CS0618: 'Object.GetInstanceID()' is obsolete: 'GetInstanceID is deprecated. Use GetEntityId instead. This will be removed in a future version.' [C:\hades\Hecton8\BakeryEditorAssembly.csproj]
C:\hades\Hecton8\Assets\Editor\x64\Bakery\scripts\ftSkyLightInspector.cs(59,48): warning CS0618: 'Object.GetInstanceID()' is obsolete: 'GetInstanceID is deprecated. Use GetEntityId instead. This will be removed in a future version.' [C:\hades\Hecton8\BakeryEditorAssembly.csproj]
C:\hades\Hecton8\Assets\Editor\x64\Bakery\scripts\ftPointLightInspector.cs(383,48): warning CS0618: 'Object.GetInstanceID()' is obsolete: 'GetInstanceID is deprecated. Use GetEntityId instead. This will be removed in a future version.' [C:\hades\Hecton8\BakeryEditorAssembly.csproj]
C:\hades\Hecton8\Assets\Editor\x64\Bakery\scripts\ftDefine.cs(27,23): warning CS0618: 'PlayerSettings.GetScriptingDefineSymbolsForGroup(BuildTargetGroup)' is obsolete: 'Use GetScriptingDefineSymbols(NamedBuildTarget buildTarget) instead' [C:\hades\Hecton8\BakeryEditorAssembly.csproj]
C:\hades\Hecton8\Assets\Editor\x64\Bakery\scripts\ftDefine.cs(32,13): warning CS0618: 'PlayerSettings.SetScriptingDefineSymbolsForGroup(BuildTargetGroup, string)' is obsolete: 'Use SetScriptingDefineSymbols(NamedBuildTarget buildTarget, string defines) instead' [C:\hades\Hecton8\BakeryEditorAssembly.csproj]
C:\hades\Hecton8\Library\PackageCache\com.unity.render-pipelines.universal@580a03820d50\Runtime\Passes\CopyColorPass.cs(148,36): warning CS0649: Field 'CopyColorPass.PassData.destination' is never assigned to, and will always have its default value [C:\hades\Hecton8\Unity.RenderPipelines.Universal.Runtime.csproj]
C:\hades\Hecton8\Library\PackageCache\com.unity.render-pipelines.universal@580a03820d50\Runtime\Decal\DBuffer\DBufferRenderPass.cs(72,31): warning CS0649: Field 'DBufferRenderPass.PassData.dBufferDepth' is never assigned to, and will always have its default value null [C:\hades\Hecton8\Unity.RenderPipelines.Universal.Runtime.csproj]
C:\hades\Hecton8\Library\PackageCache\com.unity.render-pipelines.universal@580a03820d50\Runtime\Passes\PostProcess\UberPostProcessPass.cs(57,36): warning CS0649: Field 'UberPostProcessPass.UberPostPassData.internalLutTexture' is never assigned to, and will always have its default value [C:\hades\Hecton8\Unity.RenderPipelines.Universal.Runtime.csproj]
C:\hades\Hecton8\Library\PackageCache\com.unity.render-pipelines.universal@580a03820d50\Runtime\Passes\DeferredPass.cs(31,38): warning CS0649: Field 'DeferredPass.PassData.gbuffer' is never assigned to, and will always have its default value null [C:\hades\Hecton8\Unity.RenderPipelines.Universal.Runtime.csproj]
C:\hades\Hecton8\Library\PackageCache\com.unity.render-pipelines.universal@580a03820d50\Runtime\RendererFeatures\OnTilePostProcessPass.cs(305,26): warning CS0649: Field 'OnTilePostProcessPass.PassData.scaleBias' is never assigned to, and will always have its default value [C:\hades\Hecton8\Unity.RenderPipelines.Universal.Runtime.csproj]
C:\hades\Hecton8\Library\PackageCache\com.unity.render-pipelines.universal@580a03820d50\Runtime\Decal\DBuffer\DBufferRenderPass.cs(73,33): warning CS0649: Field 'DBufferRenderPass.PassData.dBufferColorHandles' is never assigned to, and will always have its default value null [C:\hades\Hecton8\Unity.RenderPipelines.Universal.Runtime.csproj]
C:\hades\Hecton8\Library\PackageCache\com.unity.render-pipelines.universal@580a03820d50\Runtime\Passes\MainLightShadowCasterPass.cs(61,36): warning CS0649: Field 'MainLightShadowCasterPass.PassData.shadowmapTexture' is never assigned to, and will always have its default value [C:\hades\Hecton8\Unity.RenderPipelines.Universal.Runtime.csproj]
C:\hades\Hecton8\Library\PackageCache\com.unity.render-pipelines.universal@580a03820d50\Runtime\Passes\AdditionalLightsShadowCasterPass.cs(72,26): warning CS0649: Field 'AdditionalLightsShadowCasterPass.PassData.shadowmapID' is never assigned to, and will always have its default value 0 [C:\hades\Hecton8\Unity.RenderPipelines.Universal.Runtime.csproj]
C:\hades\Hecton8\Library\PackageCache\com.unity.render-pipelines.universal@580a03820d50\Runtime\Passes\RenderObjectsPass.cs(196,35): warning CS0649: Field 'RenderObjectsPass.PassData.rendererList' is never assigned to, and will always have its default value [C:\hades\Hecton8\Unity.RenderPipelines.Universal.Runtime.csproj]
C:\hades\Hecton8\Library\PackageCache\com.unity.render-pipelines.universal@580a03820d50\Runtime\Passes\AdditionalLightsShadowCasterPass.cs(78,36): warning CS0649: Field 'AdditionalLightsShadowCasterPass.PassData.shadowmapTexture' is never assigned to, and will always have its default value [C:\hades\Hecton8\Unity.RenderPipelines.Universal.Runtime.csproj]
C:\hades\Hecton8\Library\PackageCache\com.unity.render-pipelines.universal@580a03820d50\Runtime\Passes\MotionVectorRenderPass.cs(130,35): warning CS0649: Field 'MotionVectorRenderPass.PassData.rendererList' is never assigned to, and will always have its default value [C:\hades\Hecton8\Unity.RenderPipelines.Universal.Runtime.csproj]
C:\hades\Hecton8\Library\PackageCache\com.unity.render-pipelines.universal@580a03820d50\Runtime\Passes\PostProcess\DepthOfFieldBokehProcessPass.cs(60,36): warning CS0649: Field 'DepthOfFieldBokehPostProcessPass.DoFBokehPassData.halfCoCTexture' is never assigned to, and will always have its default value [C:\hades\Hecton8\Unity.RenderPipelines.Universal.Runtime.csproj]
C:\hades\Hecton8\Assets\MapMagic\Tools\Extensions\Texture2DExtensions.cs(350,48): warning CS0618: 'TextureFormat.PVRTC_RGBA4' is obsolete: 'Texture compression format PVRTC has been deprecated and will be removed in a future release' [C:\hades\Hecton8\Den.Tools.csproj]
C:\hades\Hecton8\Assets\GPUInstancer\Scripts\Core\Contract\GPUInstancerTerrainManager.cs(270,146): warning CS0618: 'Object.GetInstanceID()' is obsolete: 'GetInstanceID is deprecated. Use GetEntityId instead. This will be removed in a future version.' [C:\hades\Hecton8\GPUInstancer.csproj]
C:\hades\Hecton8\Assets\GPUInstancer\Scripts\GPUInstancerEditorSimulator.cs(69,17): warning CS0618: 'RenderPipelineManager.beginFrameRendering' is obsolete: 'beginFrameRendering is deprecated. Use beginContextRendering instead. #from 2023.3' [C:\hades\Hecton8\GPUInstancer.csproj]
C:\hades\Hecton8\Assets\GPUInstancer\Scripts\GPUInstancerDetailManager.cs(520,106): warning CS0618: 'Object.GetInstanceID()' is obsolete: 'GetInstanceID is deprecated. Use GetEntityId instead. This will be removed in a future version.' [C:\hades\Hecton8\GPUInstancer.csproj]
C:\hades\Hecton8\Assets\GPUInstancer\Scripts\GPUInstancerEditorSimulator.cs(90,17): warning CS0618: 'RenderPipelineManager.beginFrameRendering' is obsolete: 'beginFrameRendering is deprecated. Use beginContextRendering instead. #from 2023.3' [C:\hades\Hecton8\GPUInstancer.csproj]
C:\hades\Hecton8\Assets\GPUInstancer\Scripts\GPUInstancerDetailManager.cs(556,106): warning CS0618: 'Object.GetInstanceID()' is obsolete: 'GetInstanceID is deprecated. Use GetEntityId instead. This will be removed in a future version.' [C:\hades\Hecton8\GPUInstancer.csproj]
C:\hades\Hecton8\Assets\GPUInstancer\Scripts\GPUInstancerEditorSimulator.cs(147,21): warning CS0618: 'RenderPipelineManager.beginFrameRendering' is obsolete: 'beginFrameRendering is deprecated. Use beginContextRendering instead. #from 2023.3' [C:\hades\Hecton8\GPUInstancer.csproj]
C:\hades\Hecton8\Assets\GPUInstancer\Scripts\GPUInstancerEditorSimulator.cs(148,21): warning CS0618: 'RenderPipelineManager.beginFrameRendering' is obsolete: 'beginFrameRendering is deprecated. Use beginContextRendering instead. #from 2023.3' [C:\hades\Hecton8\GPUInstancer.csproj]
C:\hades\Hecton8\Assets\GPUInstancer\Scripts\Core\Static\GPUInstancerUtility.cs(885,158): warning CS0618: 'Object.GetInstanceID()' is obsolete: 'GetInstanceID is deprecated. Use GetEntityId instead. This will be removed in a future version.' [C:\hades\Hecton8\GPUInstancer.csproj]
C:\hades\Hecton8\Assets\GPUInstancer\Scripts\Core\Static\GPUInstancerUtility.cs(885,262): warning CS0618: 'Object.GetInstanceID()' is obsolete: 'GetInstanceID is deprecated. Use GetEntityId instead. This will be removed in a future version.' [C:\hades\Hecton8\GPUInstancer.csproj]
C:\hades\Hecton8\Assets\GPUInstancer\Scripts\Core\Static\GPUInstancerUtility.cs(1351,50): warning CS0618: 'Object.GetInstanceID()' is obsolete: 'GetInstanceID is deprecated. Use GetEntityId instead. This will be removed in a future version.' [C:\hades\Hecton8\GPUInstancer.csproj]
C:\hades\Hecton8\Assets\MapMagic\Brush\Editor\BrushGraphTemplate.cs(31,37): warning CS0618: 'EndNameEditAction' is obsolete: 'EndNameEditAction is obsolete. Use AssetCreationEndAction that uses EntityId instead of int for instance IDs.' [C:\hades\Hecton8\MapMagic.Editor.csproj]
C:\hades\Hecton8\Assets\MapMagic\Nodes\Editor\GraphTemplates.cs(31,32): warning CS0618: 'EndNameEditAction' is obsolete: 'EndNameEditAction is obsolete. Use AssetCreationEndAction that uses EntityId instead of int for instance IDs.' [C:\hades\Hecton8\MapMagic.Editor.csproj]
C:\hades\Hecton8\Assets\MapMagic\Nodes\Editor\GraphTemplates.cs(24,5): warning CS0618: 'ProjectWindowUtil.StartNameEditingIfProjectWindowExists(int, EndNameEditAction, string, Texture2D, string)' is obsolete: 'StartNameEditingIfProjectWindowExists(int, EndNameEditAction, string, Texture2D, string) is obsolete. Use StartNameEditingIfProjectWindowExists(EntityId, AssetCreationEndAction, string, Texture2D, string) instead.' [C:\hades\Hecton8\MapMagic.Editor.csproj]
C:\hades\Hecton8\Assets\MapMagic\Core\Editor\MapMagicInspector.cs(686,27): warning CS0618: 'PlayerSettings.GetScriptingDefineSymbolsForGroup(BuildTargetGroup)' is obsolete: 'Use GetScriptingDefineSymbols(NamedBuildTarget buildTarget) instead' [C:\hades\Hecton8\MapMagic.Editor.csproj]
C:\hades\Hecton8\Assets\MapMagic\Core\Editor\MapMagicInspector.cs(699,27): warning CS0618: 'PlayerSettings.GetScriptingDefineSymbolsForGroup(BuildTargetGroup)' is obsolete: 'Use GetScriptingDefineSymbols(NamedBuildTarget buildTarget) instead' [C:\hades\Hecton8\MapMagic.Editor.csproj]
C:\hades\Hecton8\Assets\MapMagic\Core\Editor\MapMagicInspector.cs(711,4): warning CS0618: 'PlayerSettings.SetScriptingDefineSymbolsForGroup(BuildTargetGroup, string)' is obsolete: 'Use SetScriptingDefineSymbols(NamedBuildTarget buildTarget, string defines) instead' [C:\hades\Hecton8\MapMagic.Editor.csproj]
C:\hades\Hecton8\Assets\MapMagic\Brush\Editor\BrushGraphTemplate.cs(24,5): warning CS0618: 'ProjectWindowUtil.StartNameEditingIfProjectWindowExists(int, EndNameEditAction, string, Texture2D, string)' is obsolete: 'StartNameEditingIfProjectWindowExists(int, EndNameEditAction, string, Texture2D, string) is obsolete. Use StartNameEditingIfProjectWindowExists(EntityId, AssetCreationEndAction, string, Texture2D, string) instead.' [C:\hades\Hecton8\MapMagic.Editor.csproj]
C:\hades\Hecton8\Assets\MapMagic\Brush\Editor\BrushInspector.cs(262,99): warning CS0618: 'FindObjectsSortMode' is obsolete: 'FindObjectsSortMode has been deprecated. Use the FindObjectsByType overloads that do not take a FindObjectsSortMode parameter.' [C:\hades\Hecton8\MapMagic.Editor.csproj]
C:\hades\Hecton8\Assets\MapMagic\Brush\Editor\BrushInspector.cs(262,32): warning CS0618: 'Object.FindObjectsByType<T>(FindObjectsInactive, FindObjectsSortMode)' is obsolete: 'FindObjectsByType with FindObjectsSortMode parameter has been deprecated. Use FindObjectsByType<T>() or FindObjectsByType<T>(FindObjectsInactive) instead. InstanceID will be replaced in the future with EntityId and previous sort order cannot be maintained.' [C:\hades\Hecton8\MapMagic.Editor.csproj]
C:\hades\Hecton8\Assets\MapMagic\Nodes\Editor\GraphWindow.cs(1153,30): warning CS0618: 'EditorUtility.InstanceIDToObject(int)' is obsolete: 'InstanceIDToObject(int) is obsolete. Use EditorUtility.EntityIdToObject instead.' [C:\hades\Hecton8\MapMagic.Editor.csproj]
C:\hades\Hecton8\Assets\GPUInstancer\Scripts\Editor\PackageImporter\GPUIPackageImporter.cs(48,34): warning CS0618: 'PlayerSettings.GetScriptingDefineSymbolsForGroup(BuildTargetGroup)' is obsolete: 'Use GetScriptingDefineSymbols(NamedBuildTarget buildTarget) instead' [C:\hades\Hecton8\GPUInstancer.Editor.csproj]
C:\hades\Hecton8\Assets\GPUInstancer\Scripts\Editor\GPUInstancerDefines.cs(41,56): warning CS0618: 'PlayerSettings.GetScriptingDefineSymbolsForGroup(BuildTargetGroup)' is obsolete: 'Use GetScriptingDefineSymbols(NamedBuildTarget buildTarget) instead' [C:\hades\Hecton8\GPUInstancer.Editor.csproj]
C:\hades\Hecton8\Assets\GPUInstancer\Scripts\Editor\GPUInstancerDefines.cs(46,17): warning CS0618: 'PlayerSettings.SetScriptingDefineSymbolsForGroup(BuildTargetGroup, string)' is obsolete: 'Use SetScriptingDefineSymbols(NamedBuildTarget buildTarget, string defines) instead' [C:\hades\Hecton8\GPUInstancer.Editor.csproj]
C:\hades\Hecton8\Assets\AstarPathfindingProject\Core\Serialization\TinyJson.cs(344,116): warning CS0618: 'FindObjectsSortMode' is obsolete: 'FindObjectsSortMode has been deprecated. Use the FindObjectsByType overloads that do not take a FindObjectsSortMode parameter.' [C:\hades\Hecton8\AstarPathfindingProject.csproj]
C:\hades\Hecton8\Assets\AstarPathfindingProject\Core\Serialization\TinyJson.cs(344,28): warning CS0618: 'Object.FindObjectsByType<T>(FindObjectsInactive, FindObjectsSortMode)' is obsolete: 'FindObjectsByType with FindObjectsSortMode parameter has been deprecated. Use FindObjectsByType<T>() or FindObjectsByType<T>(FindObjectsInactive) instead. InstanceID will be replaced in the future with EntityId and previous sort order cannot be maintained.' [C:\hades\Hecton8\AstarPathfindingProject.csproj]
C:\hades\Hecton8\Assets\AstarPathfindingProject\Core\AI\AIBase.cs(434,130): warning CS0618: 'Rigidbody2D.isKinematic' is obsolete: 'isKinematic has been deprecated. Please use bodyType.' [C:\hades\Hecton8\AstarPathfindingProject.csproj]
C:\hades\Hecton8\Assets\AstarPathfindingProject\Generators\Utilities\RecastMeshGatherer.cs(47,93): warning CS0618: 'FindObjectsSortMode' is obsolete: 'FindObjectsSortMode has been deprecated. Use the FindObjectsByType overloads that do not take a FindObjectsSortMode parameter.' [C:\hades\Hecton8\AstarPathfindingProject.csproj]
C:\hades\Hecton8\Assets\AstarPathfindingProject\Generators\Utilities\RecastMeshGatherer.cs(47,23): warning CS0618: 'Object.FindObjectsByType<T>(FindObjectsInactive, FindObjectsSortMode)' is obsolete: 'FindObjectsByType with FindObjectsSortMode parameter has been deprecated. Use FindObjectsByType<T>() or FindObjectsByType<T>(FindObjectsInactive) instead. InstanceID will be replaced in the future with EntityId and previous sort order cannot be maintained.' [C:\hades\Hecton8\AstarPathfindingProject.csproj]
C:\hades\Hecton8\Assets\AstarPathfindingProject\RVO\RVOObstacle.cs(108,15): warning UNT0006: The Unity message 'OnDrawGizmos' has an incorrect signature. (https://github.com/microsoft/Microsoft.Unity.Analyzers/blob/main/doc/UNT0006.md) [C:\hades\Hecton8\AstarPathfindingProject.csproj]
C:\hades\Hecton8\Assets\AstarPathfindingProject\Core\Misc\NodeLink2.cs(232,15): warning UNT0006: The Unity message 'OnDrawGizmos' has an incorrect signature. (https://github.com/microsoft/Microsoft.Unity.Analyzers/blob/main/doc/UNT0006.md) [C:\hades\Hecton8\AstarPathfindingProject.csproj]
C:\hades\Hecton8\Assets\AstarPathfindingProject\Core\GraphUpdateScene.cs(315,8): warning UNT0006: The Unity message 'OnDrawGizmos' has an incorrect signature. (https://github.com/microsoft/Microsoft.Unity.Analyzers/blob/main/doc/UNT0006.md) [C:\hades\Hecton8\AstarPathfindingProject.csproj]
C:\hades\Hecton8\Assets\AstarPathfindingProject\Core\Misc\NodeLink3.cs(288,15): warning UNT0006: The Unity message 'OnDrawGizmos' has an incorrect signature. (https://github.com/microsoft/Microsoft.Unity.Analyzers/blob/main/doc/UNT0006.md) [C:\hades\Hecton8\AstarPathfindingProject.csproj]
C:\hades\Hecton8\Library\PackageCache\com.unity.render-pipelines.core@e6c93b445dd3\Editor\RenderGraph\RenderGraphViewer.cs(315,34): warning CS0649: Field 'RenderGraphViewer.PassElementInfo.rightGridLine' is never assigned to, and will always have its default value null [C:\hades\Hecton8\Unity.RenderPipelines.Core.Editor.csproj]
C:\hades\Hecton8\Assets\Crest\Crest\Scripts\Helpers\Helpers.cs(368,48): warning CS0618: 'FindObjectsSortMode' is obsolete: 'FindObjectsSortMode has been deprecated. Use the FindObjectsByType overloads that do not take a FindObjectsSortMode parameter.' [C:\hades\Hecton8\Crest.csproj]
C:\hades\Hecton8\Assets\Crest\Crest\Scripts\Helpers\Helpers.cs(368,20): warning CS0618: 'Object.FindObjectsByType<T>(FindObjectsSortMode)' is obsolete: 'FindObjectsByType with FindObjectsSortMode parameter has been deprecated. Use FindObjectsByType<T>() or FindObjectsByType<T>(FindObjectsInactive) instead. InstanceID will be replaced in the future with EntityId and previous sort order cannot be maintained.' [C:\hades\Hecton8\Crest.csproj]
C:\hades\Hecton8\Assets\Crest\Crest\Scripts\Shapes\ShapeGerstner.cs(84,28): warning CS0649: Field 'ShapeGerstner.GerstnerWaveComponent4._omega' is never assigned to, and will always have its default value [C:\hades\Hecton8\Crest.csproj]
C:\hades\Hecton8\Assets\Crest\Crest\Scripts\Shapes\ShapeGerstner.cs(83,28): warning CS0649: Field 'ShapeGerstner.GerstnerWaveComponent4._waveDirZ' is never assigned to, and will always have its default value [C:\hades\Hecton8\Crest.csproj]
C:\hades\Hecton8\Assets\Crest\Crest\Scripts\LodData\RegisterHeightInput.cs(47,25): warning CS0649: Field 'RegisterHeightInput.DebugFields._drawBounds' is never assigned to, and will always have its default value false [C:\hades\Hecton8\Crest.csproj]
C:\hades\Hecton8\Assets\Crest\Crest\Scripts\Shapes\ShapeGerstner.cs(86,28): warning CS0649: Field 'ShapeGerstner.GerstnerWaveComponent4._chopAmp' is never assigned to, and will always have its default value [C:\hades\Hecton8\Crest.csproj]
C:\hades\Hecton8\Assets\Crest\Crest\Scripts\Shapes\ShapeGerstner.cs(81,28): warning CS0649: Field 'ShapeGerstner.GerstnerWaveComponent4._amp' is never assigned to, and will always have its default value [C:\hades\Hecton8\Crest.csproj]
C:\hades\Hecton8\Assets\Crest\Crest\Scripts\Shapes\ShapeGerstner.cs(82,28): warning CS0649: Field 'ShapeGerstner.GerstnerWaveComponent4._waveDirX' is never assigned to, and will always have its default value [C:\hades\Hecton8\Crest.csproj]
C:\hades\Hecton8\Assets\Crest\Crest\Scripts\Shapes\ShapeGerstner.cs(80,28): warning CS0649: Field 'ShapeGerstner.GerstnerWaveComponent4._twoPiOverWavelength' is never assigned to, and will always have its default value [C:\hades\Hecton8\Crest.csproj]
C:\hades\Hecton8\Assets\Crest\Crest\Scripts\Shapes\FFT\FFTBakedData.cs(148,25): warning CS0649: Field 'FFTBakedData.SpatialInterpolationData._indexBase' is never assigned to, and will always have its default value [C:\hades\Hecton8\Crest.csproj]
C:\hades\Hecton8\Assets\Crest\Crest\Scripts\Shapes\ShapeGerstner.cs(85,28): warning CS0649: Field 'ShapeGerstner.GerstnerWaveComponent4._phase' is never assigned to, and will always have its default value [C:\hades\Hecton8\Crest.csproj]
C:\hades\Hecton8\Assets\Crest\Crest\Scripts\Shapes\ShapeGerstner.cs(88,28): warning CS0649: Field 'ShapeGerstner.GerstnerWaveComponent4._amp2' is never assigned to, and will always have its default value [C:\hades\Hecton8\Crest.csproj]
C:\hades\Hecton8\Assets\Crest\Crest\Scripts\Shapes\ShapeGerstner.cs(89,28): warning CS0649: Field 'ShapeGerstner.GerstnerWaveComponent4._chopAmp2' is never assigned to, and will always have its default value [C:\hades\Hecton8\Crest.csproj]
C:\hades\Hecton8\Assets\Crest\Crest\Scripts\Shapes\ShapeGerstner.cs(90,28): warning CS0649: Field 'ShapeGerstner.GerstnerWaveComponent4._phase2' is never assigned to, and will always have its default value [C:\hades\Hecton8\Crest.csproj]
C:\hades\Hecton8\Assets\Crest\Crest\Scripts\Editor\FFTBakedDataPreview.cs(21,24): warning CS0649: Field 'FFTBakedDataPreview._previousTarget' is never assigned to, and will always have its default value null [C:\hades\Hecton8\Crest.Helpers.Editor.csproj]
C:\hades\Hecton8\Assets\MapMagic\Core\Plugins\SettingsWindow.cs(62,21): warning CS0618: 'PlayerSettings.GetScriptingDefineSymbolsForGroup(BuildTargetGroup)' is obsolete: 'Use GetScriptingDefineSymbols(NamedBuildTarget buildTarget) instead' [C:\hades\Hecton8\MapMagic.Settings.csproj]
C:\hades\Hecton8\Assets\MapMagic\Core\Plugins\SettingsWindow.cs(78,5): warning CS0618: 'PlayerSettings.SetScriptingDefineSymbolsForGroup(BuildTargetGroup, string)' is obsolete: 'Use SetScriptingDefineSymbols(NamedBuildTarget buildTarget, string defines) instead' [C:\hades\Hecton8\MapMagic.Settings.csproj]
C:\hades\Hecton8\Assets\MapMagic\Core\Plugins\SettingsWindow.cs(110,23): warning CS0618: 'PlayerSettings.GetScriptingDefineSymbolsForGroup(BuildTargetGroup)' is obsolete: 'Use GetScriptingDefineSymbols(NamedBuildTarget buildTarget) instead' [C:\hades\Hecton8\MapMagic.Settings.csproj]
C:\hades\Hecton8\Assets\MapMagic\Core\Plugins\SettingsWindow.cs(189,21): warning CS0618: 'PlayerSettings.GetScriptingDefineSymbolsForGroup(BuildTargetGroup)' is obsolete: 'Use GetScriptingDefineSymbols(NamedBuildTarget buildTarget) instead' [C:\hades\Hecton8\MapMagic.Settings.csproj]
C:\hades\Hecton8\Assets\MapMagic\Core\Plugins\SettingsWindow.cs(215,21): warning CS0618: 'PlayerSettings.GetScriptingDefineSymbolsForGroup(BuildTargetGroup)' is obsolete: 'Use GetScriptingDefineSymbols(NamedBuildTarget buildTarget) instead' [C:\hades\Hecton8\MapMagic.Settings.csproj]
C:\hades\Hecton8\Assets\MapMagic\Core\Plugins\SettingsWindow.cs(233,4): warning CS0618: 'PlayerSettings.SetScriptingDefineSymbolsForGroup(BuildTargetGroup, string)' is obsolete: 'Use SetScriptingDefineSymbols(NamedBuildTarget buildTarget, string defines) instead' [C:\hades\Hecton8\MapMagic.Settings.csproj]
C:\hades\Hecton8\Assets\MapMagic\Core\Plugins\SettingsWindow.cs(308,8): warning CS0618: 'PlayerSettings.GetApiCompatibilityLevel(BuildTargetGroup)' is obsolete: 'Use GetApiCompatibilityLevel(NamedBuildTarget buildTarget) instead' [C:\hades\Hecton8\MapMagic.Settings.csproj]
C:\hades\Hecton8\Assets\MapMagic\Core\Plugins\SettingsWindow.cs(314,7): warning CS0618: 'PlayerSettings.SetApiCompatibilityLevel(BuildTargetGroup, ApiCompatibilityLevel)' is obsolete: 'Use SetApiCompatibilityLevel(NamedBuildTarget buildTarget, ApiCompatibilityLevel value) instead' [C:\hades\Hecton8\MapMagic.Settings.csproj]
C:\hades\Hecton8\Assets\_Project\Scripts\Audio\HectonMusicDirector.cs(514,13): warning CS0162: Unreachable code detected [C:\hades\Hecton8\Hecton8.Core.csproj]
C:\hades\Hecton8\Assets\_Project\Scripts\Audio\HectonMusicDirector.cs(890,13): warning CS0162: Unreachable code detected [C:\hades\Hecton8\Hecton8.Core.csproj]
C:\hades\Hecton8\Assets\_Project\Scripts\Audio\HectonMusicDirector.cs(1249,13): warning CS0162: Unreachable code detected [C:\hades\Hecton8\Hecton8.Core.csproj]
C:\hades\Hecton8\Assets\_Project\Scripts\Audio\HectonMusicDirector.cs(1917,13): warning CS0162: Unreachable code detected [C:\hades\Hecton8\Hecton8.Core.csproj]
C:\hades\Hecton8\Assets\_Project\Scripts\Audio\HectonMusicDirector.cs(1949,13): warning CS0162: Unreachable code detected [C:\hades\Hecton8\Hecton8.Core.csproj]
C:\hades\Hecton8\Assets\_Project\Scripts\Audio\HectonMusicDirector.cs(2457,13): warning CS0162: Unreachable code detected [C:\hades\Hecton8\Hecton8.Core.csproj]
C:\hades\Hecton8\Assets\_Project\Scripts\Audio\HectonMusicDirector.cs(2687,13): warning CS0162: Unreachable code detected [C:\hades\Hecton8\Hecton8.Core.csproj]
C:\hades\Hecton8\Assets\_Project\Scripts\Audio\HectonMusicDirector.cs(2750,13): warning CS0162: Unreachable code detected [C:\hades\Hecton8\Hecton8.Core.csproj]
C:\hades\Hecton8\Assets\_Project\Scripts\Tools\LaserCutterDodContracts.cs(300,17): warning CS0162: Unreachable code detected [C:\hades\Hecton8\Hecton8.Core.csproj]
C:\hades\Hecton8\Assets\_Project\Scripts\WorldGenerativeGeologyTerrainSeamApplier.cs(28,26): warning CS0649: Field 'WorldGenerativeGeologyTerrainSeamApplier.SeismicTrenchState.DepthMeters' is never assigned to, and will always have its default value 0 [C:\hades\Hecton8\Hecton8.Core.csproj]
C:\hades\Hecton8\Assets\_Project\Scripts\Core\Memory\GlobalDataVault.cs(4114,24): warning CS0649: Field 'GlobalDataVault.VaultDefragmentationJob.EndBufferID' is never assigned to, and will always have its default value 0 [C:\hades\Hecton8\Hecton8.Core.csproj]
C:\hades\Hecton8\Assets\_Project\Scripts\WorldGenerativeGeologyTerrainSeamApplier.cs(25,25): warning CS0649: Field 'WorldGenerativeGeologyTerrainSeamApplier.SeismicTrenchState.TrenchId' is never assigned to, and will always have its default value 0 [C:\hades\Hecton8\Hecton8.Core.csproj]
C:\hades\Hecton8\Assets\_Project\Scripts\Fauna\PredatorCognitionDomain.cs(5531,27): warning CS0649: Field 'PredatorCognitionDomain.PredatorCognitionJob.ChemicalGridOrigin' is never assigned to, and will always have its default value [C:\hades\Hecton8\Hecton8.Core.csproj]
C:\hades\Hecton8\Assets\_Project\Scripts\GlobalPhysicsStateManager.cs(614,26): warning CS0649: Field 'GlobalPhysicsStateManager.PhysicsDistanceCullingJob.WakeDistanceMeters' is never assigned to, and will always have its default value 0 [C:\hades\Hecton8\Hecton8.Core.csproj]
C:\hades\Hecton8\Assets\_Project\Scripts\WorldGenerativeGeologyTerrainSeamApplier.cs(27,28): warning CS0649: Field 'WorldGenerativeGeologyTerrainSeamApplier.SeismicTrenchState.AbsoluteEnd' is never assigned to, and will always have its default value [C:\hades\Hecton8\Hecton8.Core.csproj]
C:\hades\Hecton8\Assets\_Project\Scripts\GlobalPhysicsStateManager.cs(619,25): warning CS0649: Field 'GlobalPhysicsStateManager.PhysicsDistanceCullingJob.AbyssalDepthCull' is never assigned to, and will always have its default value 0 [C:\hades\Hecton8\Hecton8.Core.csproj]
C:\hades\Hecton8\Assets\_Project\Scripts\Fauna\PredatorCognitionDomain.cs(5532,27): warning CS0649: Field 'PredatorCognitionDomain.PredatorCognitionJob.ChemicalGridCellSize' is never assigned to, and will always have its default value [C:\hades\Hecton8\Hecton8.Core.csproj]
C:\hades\Hecton8\Assets\_Project\Scripts\WorldGenerativeGeologyTerrainSeamApplier.cs(29,26): warning CS0649: Field 'WorldGenerativeGeologyTerrainSeamApplier.SeismicTrenchState.Slope' is never assigned to, and will always have its default value 0 [C:\hades\Hecton8\Hecton8.Core.csproj]
C:\hades\Hecton8\Assets\_Project\Scripts\Core\Memory\GlobalDataVault.cs(4113,24): warning CS0649: Field 'GlobalDataVault.VaultDefragmentationJob.StartBufferID' is never assigned to, and will always have its default value 0 [C:\hades\Hecton8\Hecton8.Core.csproj]
C:\hades\Hecton8\Assets\_Project\Scripts\WorldGenerativeGeologyTerrainSeamApplier.cs(26,28): warning CS0649: Field 'WorldGenerativeGeologyTerrainSeamApplier.SeismicTrenchState.AbsoluteStart' is never assigned to, and will always have its default value [C:\hades\Hecton8\Hecton8.Core.csproj]
C:\hades\Hecton8\Assets\_Project\Scripts\Core\Memory\GlobalDataVault.cs(4111,72): warning CS0649: Field 'GlobalDataVault.VaultDefragmentationJob.ArenaBase' is never assigned to, and will always have its default value [C:\hades\Hecton8\Hecton8.Core.csproj]
C:\hades\Hecton8\Assets\_Project\Scripts\GlobalPhysicsStateManager.cs(618,26): warning CS0649: Field 'GlobalPhysicsStateManager.PhysicsDistanceCullingJob.MeshColliderRestoreDistanceMeters' is never assigned to, and will always have its default value 0 [C:\hades\Hecton8\Hecton8.Core.csproj]
C:\hades\Hecton8\Assets\_Project\Scripts\Fauna\PredatorCognitionDomain.cs(5530,25): warning CS0649: Field 'PredatorCognitionDomain.PredatorCognitionJob.ChemicalGridDimensions' is never assigned to, and will always have its default value [C:\hades\Hecton8\Hecton8.Core.csproj]
C:\hades\Hecton8\Assets\_Project\Scripts\GlobalPhysicsStateManager.cs(613,26): warning CS0649: Field 'GlobalPhysicsStateManager.PhysicsDistanceCullingJob.SleepDistanceMeters' is never assigned to, and will always have its default value 0 [C:\hades\Hecton8\Hecton8.Core.csproj]
C:\hades\Hecton8\Assets\_Project\Scripts\GlobalPhysicsStateManager.cs(612,27): warning CS0649: Field 'GlobalPhysicsStateManager.PhysicsDistanceCullingJob.CameraForward' is never assigned to, and will always have its default value [C:\hades\Hecton8\Hecton8.Core.csproj]
C:\hades\Hecton8\Assets\_Project\Scripts\GlobalPhysicsStateManager.cs(616,26): warning CS0649: Field 'GlobalPhysicsStateManager.PhysicsDistanceCullingJob.KinematicWakeDistanceMeters' is never assigned to, and will always have its default value 0 [C:\hades\Hecton8\Hecton8.Core.csproj]
C:\hades\Hecton8\Assets\_Project\Scripts\GlobalPhysicsStateManager.cs(617,26): warning CS0649: Field 'GlobalPhysicsStateManager.PhysicsDistanceCullingJob.MeshColliderStripDistanceMeters' is never assigned to, and will always have its default value 0 [C:\hades\Hecton8\Hecton8.Core.csproj]
C:\hades\Hecton8\Assets\_Project\Scripts\GlobalPhysicsStateManager.cs(615,26): warning CS0649: Field 'GlobalPhysicsStateManager.PhysicsDistanceCullingJob.KinematicSleepDistanceMeters' is never assigned to, and will always have its default value 0 [C:\hades\Hecton8\Hecton8.Core.csproj]
C:\hades\Hecton8\Assets\_Project\Scripts\WorldGenerativeGeologyTerrainSeamApplier.cs(30,26): warning CS0649: Field 'WorldGenerativeGeologyTerrainSeamApplier.SeismicTrenchState.InfluenceRadius' is never assigned to, and will always have its default value 0 [C:\hades\Hecton8\Hecton8.Core.csproj]
C:\hades\Hecton8\Assets\Feel\MMTools\Tools\MMPhysics\MMRigidbodyInterface.cs(121,13): warning CS0618: 'Rigidbody2D.isKinematic' is obsolete: 'isKinematic has been deprecated. Please use bodyType.' [C:\hades\Hecton8\MoreMountains.Tools.csproj]
C:\hades\Hecton8\Assets\Feel\MMTools\Tools\MMPhysics\MMRigidbodyInterface.cs(253,5): warning CS0618: 'Rigidbody2D.isKinematic' is obsolete: 'isKinematic has been deprecated. Please use bodyType.' [C:\hades\Hecton8\MoreMountains.Tools.csproj]
C:\hades\Hecton8\Assets\Feel\MMTools\Tools\MMHelpers\MMDebug.cs(563,41): warning CS0618: 'Object.FindObjectOfType(Type)' is obsolete: 'Object.FindObjectOfType has been deprecated. Use Object.FindFirstObjectByType instead or if finding any instance is acceptable the faster Object.FindAnyObjectByType' [C:\hades\Hecton8\MoreMountains.Tools.csproj]
C:\hades\Hecton8\Packages\com.unity.shadergraph\Editor\Drawing\Views\MaterialGraphView.cs(66,18): warning CS0618: 'ITransform.position' is obsolete: 'When reading the value, use VisualElement.resolvedStyle.translate. When writing the value, use VisualElement.style.translate instead.' [C:\hades\Hecton8\Unity.ShaderGraph.Editor.csproj]
C:\hades\Hecton8\Packages\com.unity.shadergraph\Editor\Drawing\Views\MaterialGraphView.cs(68,31): warning CS0618: 'ITransform.position' is obsolete: 'When reading the value, use VisualElement.resolvedStyle.translate. When writing the value, use VisualElement.style.translate instead.' [C:\hades\Hecton8\Unity.ShaderGraph.Editor.csproj]
C:\hades\Hecton8\Packages\com.unity.shadergraph\Editor\Drawing\Views\MaterialGraphView.cs(69,28): warning CS0618: 'ITransform.scale' is obsolete: 'When reading the value, use VisualElement.resolvedStyle.scale. When writing the value, use VisualElement.style.scale instead.' [C:\hades\Hecton8\Unity.ShaderGraph.Editor.csproj]
C:\hades\Hecton8\Packages\com.unity.shadergraph\Editor\Drawing\Inspector\MasterPreviewView.cs(32,14): warning CS0649: Field 'MasterPreviewView.m_PreviousMesh' is never assigned to, and will always have its default value null [C:\hades\Hecton8\Unity.ShaderGraph.Editor.csproj]
C:\hades\Hecton8\Assets\MeshBaker\scripts\MB3_MBVersionConcrete.cs(80,60): warning CS0618: 'FindObjectsSortMode' is obsolete: 'FindObjectsSortMode has been deprecated. Use the FindObjectsByType overloads that do not take a FindObjectsSortMode parameter.' [C:\hades\Hecton8\MeshBakerCore.csproj]
C:\hades\Hecton8\Assets\MeshBaker\scripts\MB3_MBVersionConcrete.cs(80,20): warning CS0618: 'Object.FindObjectsByType(Type, FindObjectsSortMode)' is obsolete: 'FindObjectsByType with FindObjectsSortMode parameter has been deprecated. Use FindObjectsByType(Type) or FindObjectsByType(Type, FindObjectsInactive) instead. InstanceID will be replaced in the future with EntityId and previous sort order cannot be maintained.' [C:\hades\Hecton8\MeshBakerCore.csproj]
C:\hades\Hecton8\Assets\MeshBaker\scripts\MB3_MeshBakerRoot.cs(163,47): warning CS0618: 'Object.GetInstanceID()' is obsolete: 'GetInstanceID is deprecated. Use GetEntityId instead. This will be removed in a future version.' [C:\hades\Hecton8\MeshBakerCore.csproj]
C:\hades\Hecton8\Assets\MeshBaker\scripts\MB3_MeshBakerRoot.cs(165,36): warning CS0618: 'Object.GetInstanceID()' is obsolete: 'GetInstanceID is deprecated. Use GetEntityId instead. This will be removed in a future version.' [C:\hades\Hecton8\MeshBakerCore.csproj]
C:\hades\Hecton8\Library\PackageCache\com.unity.render-pipelines.universal@580a03820d50\Editor\ShaderBuildPreprocessor.cs(162,29): warning CS0649: Field 'ShaderBuildPreprocessor.s_KeepOffVariantForAdditionalLights' is never assigned to, and will always have its default value false [C:\hades\Hecton8\Unity.RenderPipelines.Universal.Editor.csproj]
C:\hades\Hecton8\Library\PackageCache\com.unity.render-pipelines.universal@580a03820d50\Editor\Analytics\AssetReimporterAnalytic.cs(45,18): warning CS0649: Field 'AssetReimporterAnalytic.Analytic.m_Data' is never assigned to, and will always have its default value null [C:\hades\Hecton8\Unity.RenderPipelines.Universal.Editor.csproj]
C:\hades\Hecton8\Library\PackageCache\com.unity.render-pipelines.universal@580a03820d50\Editor\ShaderGraph\Targets\UniversalDecalSubTarget.cs(52,24): warning CS0649: Field 'UniversalDecalSubTarget.DecalData.drawOrder' is never assigned to, and will always have its default value 0 [C:\hades\Hecton8\Unity.RenderPipelines.Universal.Editor.csproj]
C:\hades\Hecton8\Assets\AstarPathfindingProject\Editor\GraphEditors\GridGeneratorEditor.cs(128,69): warning CS0618: 'FindObjectsSortMode' is obsolete: 'FindObjectsSortMode has been deprecated. Use the FindObjectsByType overloads that do not take a FindObjectsSortMode parameter.' [C:\hades\Hecton8\AstarPathfindingProjectEditor.csproj]
C:\hades\Hecton8\Assets\AstarPathfindingProject\Editor\GraphEditors\GridGeneratorEditor.cs(128,20): warning CS0618: 'Object.FindObjectsByType<T>(FindObjectsSortMode)' is obsolete: 'FindObjectsByType with FindObjectsSortMode parameter has been deprecated. Use FindObjectsByType<T>() or FindObjectsByType<T>(FindObjectsInactive) instead. InstanceID will be replaced in the future with EntityId and previous sort order cannot be maintained.' [C:\hades\Hecton8\AstarPathfindingProjectEditor.csproj]
C:\hades\Hecton8\Assets\AstarPathfindingProject\Editor\AIBaseEditor.cs(116,131): warning CS0618: 'Rigidbody2D.isKinematic' is obsolete: 'isKinematic has been deprecated. Please use bodyType.' [C:\hades\Hecton8\AstarPathfindingProjectEditor.csproj]
C:\hades\Hecton8\Assets\AstarPathfindingProject\Editor\AstarUpdateChecker.cs(213,63): warning CS0618: 'Object.FindObjectOfType(Type)' is obsolete: 'Object.FindObjectOfType has been deprecated. Use Object.FindFirstObjectByType instead or if finding any instance is acceptable the faster Object.FindAnyObjectByType' [C:\hades\Hecton8\AstarPathfindingProjectEditor.csproj]
C:\hades\Hecton8\Assets\AstarPathfindingProject\Editor\AstarUpdateChecker.cs(215,19): warning CS0618: 'Object.FindObjectOfType(Type)' is obsolete: 'Object.FindObjectOfType has been deprecated. Use Object.FindFirstObjectByType instead or if finding any instance is acceptable the faster Object.FindAnyObjectByType' [C:\hades\Hecton8\AstarPathfindingProjectEditor.csproj]
C:\hades\Hecton8\Assets\MeshBaker\Editor\MB3_MBVersionConcreteEditor.cs(211,46): warning CS0618: 'TextureImporterFormat.PVRTC_RGB2' is obsolete: 'Texture compression format PVRTC has been deprecated and will be removed in a future release' [C:\hades\Hecton8\MeshBakerEditor.csproj]
C:\hades\Hecton8\Assets\MeshBaker\Editor\MB3_MBVersionConcreteEditor.cs(212,46): warning CS0618: 'TextureImporterFormat.PVRTC_RGB4' is obsolete: 'Texture compression format PVRTC has been deprecated and will be removed in a future release' [C:\hades\Hecton8\MeshBakerEditor.csproj]
C:\hades\Hecton8\Assets\MeshBaker\Editor\MB3_MBVersionConcreteEditor.cs(213,46): warning CS0618: 'TextureImporterFormat.PVRTC_RGBA2' is obsolete: 'Texture compression format PVRTC has been deprecated and will be removed in a future release' [C:\hades\Hecton8\MeshBakerEditor.csproj]
C:\hades\Hecton8\Assets\MeshBaker\Editor\MB3_MBVersionConcreteEditor.cs(214,46): warning CS0618: 'TextureImporterFormat.PVRTC_RGBA4' is obsolete: 'Texture compression format PVRTC has been deprecated and will be removed in a future release' [C:\hades\Hecton8\MeshBakerEditor.csproj]
C:\hades\Hecton8\Assets\MeshBaker\Editor\MB3_MBVersionConcreteEditor.cs(454,22): warning CS0618: 'TextureFormat.PVRTC_RGB2' is obsolete: 'Texture compression format PVRTC has been deprecated and will be removed in a future release' [C:\hades\Hecton8\MeshBakerEditor.csproj]
C:\hades\Hecton8\Assets\MeshBaker\Editor\MB3_MBVersionConcreteEditor.cs(455,41): warning CS0618: 'TextureImporterFormat.PVRTC_RGB2' is obsolete: 'Texture compression format PVRTC has been deprecated and will be removed in a future release' [C:\hades\Hecton8\MeshBakerEditor.csproj]
C:\hades\Hecton8\Assets\MeshBaker\Editor\MB3_MBVersionConcreteEditor.cs(457,22): warning CS0618: 'TextureFormat.PVRTC_RGB4' is obsolete: 'Texture compression format PVRTC has been deprecated and will be removed in a future release' [C:\hades\Hecton8\MeshBakerEditor.csproj]
C:\hades\Hecton8\Assets\MeshBaker\Editor\MB3_MBVersionConcreteEditor.cs(458,41): warning CS0618: 'TextureImporterFormat.PVRTC_RGB4' is obsolete: 'Texture compression format PVRTC has been deprecated and will be removed in a future release' [C:\hades\Hecton8\MeshBakerEditor.csproj]
C:\hades\Hecton8\Assets\MeshBaker\Editor\MB3_MBVersionConcreteEditor.cs(460,22): warning CS0618: 'TextureFormat.PVRTC_RGBA2' is obsolete: 'Texture compression format PVRTC has been deprecated and will be removed in a future release' [C:\hades\Hecton8\MeshBakerEditor.csproj]
C:\hades\Hecton8\Assets\MeshBaker\Editor\MB3_MBVersionConcreteEditor.cs(461,41): warning CS0618: 'TextureImporterFormat.PVRTC_RGBA2' is obsolete: 'Texture compression format PVRTC has been deprecated and will be removed in a future release' [C:\hades\Hecton8\MeshBakerEditor.csproj]
C:\hades\Hecton8\Assets\MeshBaker\Editor\MB3_MBVersionConcreteEditor.cs(463,22): warning CS0618: 'TextureFormat.PVRTC_RGBA4' is obsolete: 'Texture compression format PVRTC has been deprecated and will be removed in a future release' [C:\hades\Hecton8\MeshBakerEditor.csproj]
C:\hades\Hecton8\Assets\MeshBaker\Editor\MB3_MBVersionConcreteEditor.cs(464,41): warning CS0618: 'TextureImporterFormat.PVRTC_RGBA4' is obsolete: 'Texture compression format PVRTC has been deprecated and will be removed in a future release' [C:\hades\Hecton8\MeshBakerEditor.csproj]
C:\hades\Hecton8\Assets\MeshBaker\Editor\MB3_MeshBakerEditorInternal.cs(290,37): warning CS0618: 'Object.GetInstanceID()' is obsolete: 'GetInstanceID is deprecated. Use GetEntityId instead. This will be removed in a future version.' [C:\hades\Hecton8\MeshBakerEditor.csproj]
C:\hades\Hecton8\Assets\MeshBaker\Editor\MB3_MeshBakerEditorInternal.cs(389,37): warning CS0618: 'Object.GetInstanceID()' is obsolete: 'GetInstanceID is deprecated. Use GetEntityId instead. This will be removed in a future version.' [C:\hades\Hecton8\MeshBakerEditor.csproj]
C:\hades\Hecton8\Assets\MeshBaker\Editor\MB_TextureBakerEditorConfigureMultiMaterials.cs(321,62): warning CS0618: 'Object.GetInstanceID()' is obsolete: 'GetInstanceID is deprecated. Use GetEntityId instead. This will be removed in a future version.' [C:\hades\Hecton8\MeshBakerEditor.csproj]
C:\hades\Hecton8\Assets\MeshBaker\Editor\MB_TextureBakerEditorConfigureMultiMaterials.cs(328,53): warning CS0618: 'Object.GetInstanceID()' is obsolete: 'GetInstanceID is deprecated. Use GetEntityId instead. This will be removed in a future version.' [C:\hades\Hecton8\MeshBakerEditor.csproj]
C:\hades\Hecton8\Assets\MeshBaker\Editor\MB3_MeshBakerEditorWindowAnalyseSceneTab.cs(475,62): warning CS0618: 'Object.GetInstanceID()' is obsolete: 'GetInstanceID is deprecated. Use GetEntityId instead. This will be removed in a future version.' [C:\hades\Hecton8\MeshBakerEditor.csproj]
C:\hades\Hecton8\Assets\MeshBaker\Editor\MB3_MeshBakerEditorWindowAnalyseSceneTab.cs(482,53): warning CS0618: 'Object.GetInstanceID()' is obsolete: 'GetInstanceID is deprecated. Use GetEntityId instead. This will be removed in a future version.' [C:\hades\Hecton8\MeshBakerEditor.csproj]
C:\hades\Hecton8\Assets\MeshBaker\Editor\MB3_MeshBakerEditorWindowAddObjectsTab.cs(487,71): warning CS0618: 'Object.GetInstanceID()' is obsolete: 'GetInstanceID is deprecated. Use GetEntityId instead. This will be removed in a future version.' [C:\hades\Hecton8\MeshBakerEditor.csproj]
C:\hades\Hecton8\Assets\MeshBaker\Editor\MB3_MeshBakerEditorWindowAddObjectsTab.cs(490,62): warning CS0618: 'Object.GetInstanceID()' is obsolete: 'GetInstanceID is deprecated. Use GetEntityId instead. This will be removed in a future version.' [C:\hades\Hecton8\MeshBakerEditor.csproj]
C:\hades\Hecton8\Assets\Feel\MMTools\Editor\MMAttributes\MMMonoBehaviourDrawer.cs(72,124): warning CS0618: 'Object.GetInstanceID()' is obsolete: 'GetInstanceID is deprecated. Use GetEntityId instead. This will be removed in a future version.' [C:\hades\Hecton8\MoreMountains.Tools.Editor.csproj]
C:\hades\Hecton8\Assets\Feel\MMTools\Editor\MMAttributes\MMMonoBehaviourDrawer.cs(133,102): warning CS0618: 'Object.GetInstanceID()' is obsolete: 'GetInstanceID is deprecated. Use GetEntityId instead. This will be removed in a future version.' [C:\hades\Hecton8\MoreMountains.Tools.Editor.csproj]
    162 Warning(s)
    0 Error(s)

Time Elapsed 00:01:53.35
EXIT_CODE: 0
TARGET: AIToASE.csproj
  AmplifyImpostors.Runtime -> C:\hades\Hecton8\Temp\bin\Debug\AmplifyImpostors.Runtime.dll
  AmplifyImpostors.Editor -> C:\hades\Hecton8\Temp\bin\Debug\AmplifyImpostors.Editor.dll
  AIToASE -> C:\hades\Hecton8\Temp\bin\Debug\AIToASE.dll

Build succeeded.
    0 Warning(s)
    0 Error(s)

Time Elapsed 00:00:04.31
EXIT_CODE: 0
TARGET: AmplifyShaderEditor.csproj
  AmplifyShaderEditor -> C:\hades\Hecton8\Temp\bin\Debug\AmplifyShaderEditor.dll

Build succeeded.
    0 Warning(s)
    0 Error(s)

Time Elapsed 00:00:01.15
EXIT_CODE: 0
TARGET: Hecton8.PlayModeTests.csproj
  Hecton8.Core -> C:\hades\Hecton8\Temp\bin\Debug\Hecton8.Core.dll
  Hecton8.PlayModeTests -> C:\hades\Hecton8\Temp\bin\Debug\Hecton8.PlayModeTests.dll

Build succeeded.
    0 Warning(s)
    0 Error(s)

Time Elapsed 00:00:01.92
EXIT_CODE: 0
TARGET: RealtimeCSG.csproj
  RealtimeCSG -> C:\hades\Hecton8\Temp\bin\Debug\RealtimeCSG.dll

Build succeeded.
    0 Warning(s)
    0 Error(s)

Time Elapsed 00:00:00.74
EXIT_CODE: 0
TARGET: TechniePhysicsCreatorEditor.csproj
  TechniePhysicsCreator -> C:\hades\Hecton8\Temp\bin\Debug\TechniePhysicsCreator.dll
  TechniePhysicsCreatorEditor -> C:\hades\Hecton8\Temp\bin\Debug\TechniePhysicsCreatorEditor.dll

Build succeeded.
    0 Warning(s)
    0 Error(s)

Time Elapsed 00:00:01.52
EXIT_CODE: 0
TARGET: Tools\RoslynAnalyzers\Hecton8.PlatformNeutralityAnalyzer\Hecton8.PlatformNeutralityAnalyzer.csproj
  Hecton8.PlatformNeutralityAnalyzer -> C:\hades\Hecton8\Tools\RoslynAnalyzers\Hecton8.PlatformNeutralityAnalyzer\bin\Debug\netstandard2.0\Hecton8.PlatformNeutralityAnalyzer.dll

Build succeeded.
    0 Warning(s)
    0 Error(s)

Time Elapsed 00:00:00.84
EXIT_CODE: 0
TARGET: Tools\SignalBusContractAuditCli\SignalBusContractAuditCli.csproj
  SignalBusContractAuditCli -> C:\hades\Hecton8\Tools\SignalBusContractAuditCli\bin\Debug\net8.0\SignalBusContractAuditCli.dll

Build succeeded.
    0 Warning(s)
    0 Error(s)

Time Elapsed 00:00:01.83
EXIT_CODE: 0
TARGET: Docs\DEPRECATED\Documentation_Bundles_2026-05-21_SANITIZED\SPACE_ENGINE_RESEARCH\SpaceEngineResearchSmokeTester.csproj
  SpaceEngineResearchSmokeTester -> C:\hades\Hecton8\Docs\DEPRECATED\Documentation_Bundles_2026-05-21_SANITIZED\SPACE_ENGINE_RESEARCH\bin\Debug\net10.0\SpaceEngineResearchSmokeTester.dll

Build succeeded.
    0 Warning(s)
    0 Error(s)

Time Elapsed 00:00:01.14
EXIT_CODE: 0
TARGET: Docs\DEPRECATED\Documentation_Bundles_2026-05-21_SANITIZED\SPACE_ENGINE_RESEARCH\HectonSandboxAbyssalShelfStandaloneSmoke\HectonSandboxAbyssalShelfStandaloneSmoke.csproj
  HectonSandboxAbyssalShelfStandaloneSmoke -> C:\hades\Hecton8\Docs\DEPRECATED\Documentation_Bundles_2026-05-21_SANITIZED\SPACE_ENGINE_RESEARCH\HectonSandboxAbyssalShelfStandaloneSmoke\bin\Debug\net10.0\HectonSandboxAbyssalShelfStandaloneSmoke.dll

Build succeeded.
    0 Warning(s)
    0 Error(s)

Time Elapsed 00:00:00.89
EXIT_CODE: 0
