[Licensing::Module] Trying to connect to existing licensing client channel...
Built from '6000.4/staging' branch; Version is '6000.4.1f1 (8535861f39e1) revision 8729990'; Using compiler version '194234433'; Build Type 'Release'
OS: 'Windows 11  (10.0.26200) CoreSingleLanguage' Language: 'en' Physical Memory: 32407 MB
BatchMode: 1, IsHumanControllingUs: 0, StartBugReporterOnCrash: 0, Is64bit: 1
System  architecture: x64
Process architecture: x64
Date: 2026-05-22T15:05:31Z
[Licensing::IpcConnector] Channel LicenseClient-danat doesn't exist
[Licensing::Module] Successfully launched the LicensingClient (PId: 14736)

COMMAND LINE ARGUMENTS:
C:\Program Files\Unity\Hub\Editor\6000.4.1f1\Editor\Unity.exe
-batchmode
-quit
-nographics
-projectPath
C:\hades\Hecton8
-runTests
-testPlatform
EditMode
-assemblyNames
Hecton8.EditModeTests
-testFilter
Hecton8.Tests.Editor.NetcodeDesyncFuzzerEditTests.HeadlessRollbackFuzzer_ConvergesUnderPacketLoss
-runSynchronously
-testResults
C:\hades\Hecton8\Docs\AgentLogs\Unity_BUILD_MEDIC_20260522_190531_EditMode_NetcodeDesyncFuzzer_Targeted_AfterAsmdefNamespaceFix.xml
-logFile
C:\hades\Hecton8\Docs\AgentLogs\Unity_BUILD_MEDIC_20260522_190531_EditMode_NetcodeDesyncFuzzer_Targeted_AfterAsmdefNamespaceFix.log
Successfully changed project path to: C:\hades\Hecton8
C:/hades/Hecton8
[UnityMemory] Configuration Parameters - Can be set up in boot.config
    "memorysetup-temp-allocator-size-gi-baking-worker=262144"
    "memorysetup-temp-allocator-size-gi-baking-worker=262144"
    "memorysetup-temp-allocator-size-gi-baking-worker=262144"
    "memorysetup-temp-allocator-size-gi-baking-worker=262144"
    "memorysetup-temp-allocator-size-gi-baking-worker=262144"
    "memorysetup-temp-allocator-size-nav-mesh-worker=65536"
    "memorysetup-temp-allocator-size-audio-worker=65536"
    "memorysetup-temp-allocator-size-cloud-worker=32768"
    "memorysetup-temp-allocator-size-gfx=262144"
    "memorysetup-temp-allocator-size-preload-manager=33554432"
    "memorysetup-temp-allocator-size-job-worker=262144"
    "memorysetup-temp-allocator-size-background-worker=32768"
    "memorysetup-allocator-temp-initial-block-size-main=262144"
    "memorysetup-allocator-temp-initial-block-size-worker=262144"
    "memorysetup-bucket-allocator-granularity=16"
    "memorysetup-bucket-allocator-bucket-count=8"
    "memorysetup-bucket-allocator-block-size=33554432"
    "memorysetup-bucket-allocator-block-count=8"
    "memorysetup-main-allocator-block-size=16777216"
    "memorysetup-thread-allocator-block-size=16777216"
    "memorysetup-gfx-main-allocator-block-size=16777216"
    "memorysetup-gfx-thread-allocator-block-size=16777216"
    "memorysetup-cache-allocator-block-size=4194304"
    "memorysetup-typetree-allocator-block-size=2097152"
    "memorysetup-profiler-bucket-allocator-granularity=16"
    "memorysetup-profiler-bucket-allocator-bucket-count=8"
    "memorysetup-profiler-bucket-allocator-block-size=33554432"
    "memorysetup-profiler-bucket-allocator-block-count=8"
    "memorysetup-profiler-allocator-block-size=16777216"
    "memorysetup-profiler-editor-allocator-block-size=1048576"
    "memorysetup-temp-allocator-size-main=16777216"
    "memorysetup-job-temp-allocator-block-size=2097152"
    "memorysetup-job-temp-allocator-block-size-background=1048576"
    "memorysetup-job-temp-allocator-reduction-small-platforms=262144"
Player connection [10612]  Target information:

Player connection [10612]  * "[IP] 192.168.1.130 [Port] 55504 [Flags] 2 [Guid] 566571081 [EditorId] 566571081 [Version] 1048832 [Id] WindowsEditor(7,Shinobu) [Debug] 1 [PackageName] WindowsEditor [ProjectName] Editor" 

Player connection [10612]  * "[IP] 10.77.0.2 [Port] 55504 [Flags] 2 [Guid] 566571081 [EditorId] 566571081 [Version] 1048832 [Id] WindowsEditor(7,Shinobu) [Debug] 1 [PackageName] WindowsEditor [ProjectName] Editor" 

Player connection [10612] Host joined multi-casting on [225.0.0.222:54997]...
Player connection [10612] Host joined alternative multi-casting on [225.0.0.222:34997]...
Input System module state changed to: Initialized.
[Physics::Module] Initialized fallback backend.
[Physics::Module] Id: 0xdecafbad
[Licensing::IpcConnector] Successfully connected to: "LicenseClient-danat" at "2026-05-22T15:05:32.5513954Z"
[Package Manager] Connected to IPC stream "Upm-14748" after 1.2 seconds.
[Licensing::Module] Licensing is not yet initialized.
[Licensing::Client] Handshaking with LicensingClient:
  Version:                 1.18.1+9fbee8e
  Session Id:              0af093d54fba4607a9106c4623dac8f9
  Correlation Id:          0973345b6217b896c5ce4266e35a7d77
  External correlation Id: 538340290213081803
  Machine Id:              KXBg4HkLZwVfPhjJrzyzSmUVWFw=
[Licensing::Module] Successfully connected to LicensingClient on channel: "LicenseClient-danat" (connect: 0.86s, validation: 0.25s, handshake: 2.46s)
[Licensing::IpcConnector] Successfully connected to: "LicenseClient-danat-notifications" at "2026-05-22T15:05:35.2614496Z"
[Licensing::Module] Connected to LicensingClient (PId: 14736, launch time: 0.00, total connection time: 3.57s)
[Licensing::Module] Error: Access token is unavailable; failed to update
[Licensing::Client] Successfully resolved entitlement details
[Licensing::Module] License group:
  Id: 7972536317136-UnityPersXXXX
  Product: Unity Personal
  Type: Assigned
  Expiration: Unlimited
[Licensing::Client] Successfully updated license, isAsync: True, time: 0.13
[Licensing::Module] Licensing Background thread has ended after 3.77s
[Licensing::Module] Licensing is initialized (took 2.19s).
[Licensing::Client] Successfully resolved entitlement details
Library Redirect Path: Library/
[Physics::Module] Selected backend.
[Physics::Module] Name: PhysX
[Physics::Module] Id: 0xf2b8ea05
[Physics::Module] SDK Version: 4.1.2
[Physics::Module] Integration Version: 1.0.0
[Physics::Module] Threading Mode: Multi-Threaded
Refreshing native plugins compatible for Editor in 536.68 ms, found 27 plugins.
Initialize engine version: 6000.4.1f1 (8535861f39e1)
[Subsystems] Discovering subsystems at path C:/Program Files/Unity/Hub/Editor/6000.4.1f1/Editor/Data/Resources/UnitySubsystems
[Subsystems] Discovering subsystems at path C:/hades/Hecton8/Assets
Forcing GfxDevice: Null
GfxDevice: creating device client; kGfxThreadingModeNonThreaded
NullGfxDevice:
    Version:  NULL 1.0 [1.0]
    Renderer: Null Device
    Vendor:   Unity Technologies
Initialize mono
Mono path[0] = 'C:/Program Files/Unity/Hub/Editor/6000.4.1f1/Editor/Data/Managed'
Mono path[1] = 'C:/Program Files/Unity/Hub/Editor/6000.4.1f1/Editor/Data/MonoBleedingEdge/lib/mono/unityjit-win32'
Mono config path = 'C:/Program Files/Unity/Hub/Editor/6000.4.1f1/Editor/Data/MonoBleedingEdge/etc'
Using monoOptions --debugger-agent=transport=dt_socket,embedding=1,server=y,suspend=n,address=127.0.0.1:56748
CodeReloadManager initialized
Using cacheserver namespaces - metadata:defaultmetadata, artifacts:defaultartifacts
Using cacheserver namespaces - metadata:defaultmetadata, artifacts:defaultartifacts
ImportWorker Server TCP listen port: 0
AcceleratorClientConnectionCallback - disconnected - :0
Begin MonoManager ReloadAssembly
Registering precompiled unity dll's ...
Register platform support module: C:/Program Files/Unity/Hub/Editor/6000.4.1f1/Editor/Data/PlaybackEngines/MacStandaloneSupport/UnityEditor.OSXStandalone.Extensions.dll
Register platform support module: C:/Program Files/Unity/Hub/Editor/6000.4.1f1/Editor/Data/PlaybackEngines/WindowsStandaloneSupport/UnityEditor.WindowsStandalone.Extensions.dll
[Licensing::Client] Successfully resolved entitlement details
Register platform support module: C:/Program Files/Unity/Hub/Editor/6000.4.1f1/Editor/Data/PlaybackEngines/AndroidPlayer/UnityEditor.Android.Extensions.dll
Register platform support module: C:/Program Files/Unity/Hub/Editor/6000.4.1f1/Editor/Data/PlaybackEngines/LinuxStandaloneSupport/UnityEditor.LinuxStandalone.Extensions.dll
Registered in 0.011036 seconds.
Native extension for LinuxStandalone target not found
Native extension for Android target not found
Native extension for WindowsStandalone target not found
Native extension for OSXStandalone target not found
Package Manager log level set to [2]
[Licensing::Client] Successfully resolved entitlement details
ScheduleIndexationOnStartup MainProcess:False IndexOnStartup:True
Mono: successfully reloaded assembly
- Finished resetting the current domain, in 10.633 seconds
Domain Reload Profiling: 12024ms
	BeginReloadAssembly (406ms)
		CreateAndSetChildDomain (10ms)
	RebuildCommonClasses (147ms)
	RebuildNativeTypeToScriptingClass (58ms)
	initialDomainReloadingComplete (178ms)
	LoadAllAssembliesAndSetupDomain (599ms)
		LoadAssemblies (393ms)
		AnalyzeDomain (572ms)
			TypeCache.Refresh (567ms)
				TypeCache.ScanAssembly (536ms)
	FinalizeReload (10637ms)
		SetupLoadedEditorAssemblies (0ms)
			InitializePlatformSupportModulesInManaged (138ms)
			BeforeProcessingInitializeOnLoad (296ms)
			ProcessInitializeOnLoadAttributes (523ms)
			ProcessInitializeOnLoadMethodAttributes (9511ms)
[Licensing::Client] Successfully resolved entitlement details
Application.AssetDatabase Initial Refresh Start
[Package Manager] Restoring resolved packages state from cache
[Licensing::Client] Successfully resolved entitlement details
[Package Manager] Registered 73 packages:
  Packages from [https://packages.unity.com]:
    com.unity.ai.navigation@2.0.11 (location: C:\hades\Hecton8\Library\PackageCache\com.unity.ai.navigation@78534c21b27d)
    com.unity.addressables@2.7.6 (location: C:\hades\Hecton8\Library\PackageCache\com.unity.addressables@45e9abf44299)
    com.unity.collab-proxy@2.11.4 (location: C:\hades\Hecton8\Library\PackageCache\com.unity.collab-proxy@a5329f833fa8)
    com.unity.inputsystem@1.19.0 (location: C:\hades\Hecton8\Library\PackageCache\com.unity.inputsystem@21a28c3a6c83)
    com.unity.memoryprofiler@1.1.12 (location: C:\hades\Hecton8\Library\PackageCache\com.unity.memoryprofiler@485b5ba42ef5)
    com.unity.nuget.newtonsoft-json@3.2.2 (location: C:\hades\Hecton8\Library\PackageCache\com.unity.nuget.newtonsoft-json@4dfd81071c64)
    com.unity.probuilder@6.0.9 (location: C:\hades\Hecton8\Library\PackageCache\com.unity.probuilder@1f279ab829b7)
    com.unity.sharp-zip-lib@1.4.1 (location: C:\hades\Hecton8\Library\PackageCache\com.unity.sharp-zip-lib@f6e4ef34e4d8)
    com.unity.timeline@1.8.11 (location: C:\hades\Hecton8\Library\PackageCache\com.unity.timeline@bfd27f8016ff)
    com.unity.visualscripting@1.9.11 (location: C:\hades\Hecton8\Library\PackageCache\com.unity.visualscripting@8bed5ad90189)
    com.unity.xr.management@4.6.0 (location: C:\hades\Hecton8\Library\PackageCache\com.unity.xr.management@ca5b202bb583)
    com.unity.xr.meta-openxr@2.5.0 (location: C:\hades\Hecton8\Library\PackageCache\com.unity.xr.meta-openxr@dae986a05b5c)
    com.unity.xr.openxr@1.17.0 (location: C:\hades\Hecton8\Library\PackageCache\com.unity.xr.openxr@5dc08d6a3e5b)
    com.unity.searcher@4.9.4 (location: C:\hades\Hecton8\Library\PackageCache\com.unity.searcher@d45a78918735)
    com.unity.xr.core-utils@2.5.3 (location: C:\hades\Hecton8\Library\PackageCache\com.unity.xr.core-utils@f0450cbac8d6)
    com.unity.xr.legacyinputhelpers@3.0.1 (location: C:\hades\Hecton8\Library\PackageCache\com.unity.xr.legacyinputhelpers@3f62d634f63b)
    com.unity.xr.arfoundation@6.5.0 (location: C:\hades\Hecton8\Library\PackageCache\com.unity.xr.arfoundation@13d2457b468b)
    com.unity.xr.compositionlayers@2.4.0 (location: C:\hades\Hecton8\Library\PackageCache\com.unity.xr.compositionlayers@461024b1d757)
    com.unity.settings-manager@2.1.1 (location: C:\hades\Hecton8\Library\PackageCache\com.unity.settings-manager@0b8638c5ce86)
    com.unity.burst@1.8.28 (location: C:\hades\Hecton8\Library\PackageCache\com.unity.burst@07790c2d06d9)
    com.unity.mathematics@1.3.3 (location: C:\hades\Hecton8\Library\PackageCache\com.unity.mathematics@19a9377c4ffa)
    com.unity.profiling.core@1.0.3 (location: C:\hades\Hecton8\Library\PackageCache\com.unity.profiling.core@8a49f7027d06)
    com.unity.editorcoroutines@1.0.1 (location: C:\hades\Hecton8\Library\PackageCache\com.unity.editorcoroutines@54394ed3283c)
    com.unity.scriptablebuildpipeline@2.6.1 (location: C:\hades\Hecton8\Library\PackageCache\com.unity.scriptablebuildpipeline@36e3b5898ee2)
    com.unity.nuget.mono-cecil@1.11.6 (location: C:\hades\Hecton8\Library\PackageCache\com.unity.nuget.mono-cecil@ecb9724e46ff)
    com.unity.test-framework.performance@3.2.0 (location: C:\hades\Hecton8\Library\PackageCache\com.unity.test-framework.performance@0840f58e4562)
  Built-in packages:
    com.unity.2d.sprite@1.0.0 (location: C:\hades\Hecton8\Library\PackageCache\com.unity.2d.sprite@929df5adbb1f)
    com.unity.render-pipelines.universal@17.4.0 (location: C:\hades\Hecton8\Library\PackageCache\com.unity.render-pipelines.universal@580a03820d50)
    com.unity.ugui@2.0.0 (location: C:\hades\Hecton8\Library\PackageCache\com.unity.ugui@d8a2716f3013)
    com.unity.modules.accessibility@1.0.0 (location: C:\hades\Hecton8\Library\PackageCache\com.unity.modules.accessibility)
    com.unity.modules.ai@1.0.0 (location: C:\hades\Hecton8\Library\PackageCache\com.unity.modules.ai)
    com.unity.modules.androidjni@1.0.0 (location: C:\hades\Hecton8\Library\PackageCache\com.unity.modules.androidjni)
    com.unity.modules.animation@1.0.0 (location: C:\hades\Hecton8\Library\PackageCache\com.unity.modules.animation)
    com.unity.modules.assetbundle@1.0.0 (location: C:\hades\Hecton8\Library\PackageCache\com.unity.modules.assetbundle)
    com.unity.modules.audio@1.0.0 (location: C:\hades\Hecton8\Library\PackageCache\com.unity.modules.audio)
    com.unity.modules.cloth@1.0.0 (location: C:\hades\Hecton8\Library\PackageCache\com.unity.modules.cloth)
    com.unity.modules.director@1.0.0 (location: C:\hades\Hecton8\Library\PackageCache\com.unity.modules.director)
    com.unity.modules.imageconversion@1.0.0 (location: C:\hades\Hecton8\Library\PackageCache\com.unity.modules.imageconversion)
    com.unity.modules.imgui@1.0.0 (location: C:\hades\Hecton8\Library\PackageCache\com.unity.modules.imgui)
    com.unity.modules.jsonserialize@1.0.0 (location: C:\hades\Hecton8\Library\PackageCache\com.unity.modules.jsonserialize)
    com.unity.modules.particlesystem@1.0.0 (location: C:\hades\Hecton8\Library\PackageCache\com.unity.modules.particlesystem)
    com.unity.modules.physics@1.0.0 (location: C:\hades\Hecton8\Library\PackageCache\com.unity.modules.physics)
    com.unity.modules.physics2d@1.0.0 (location: C:\hades\Hecton8\Library\PackageCache\com.unity.modules.physics2d)
    com.unity.modules.screencapture@1.0.0 (location: C:\hades\Hecton8\Library\PackageCache\com.unity.modules.screencapture)
    com.unity.modules.terrain@1.0.0 (location: C:\hades\Hecton8\Library\PackageCache\com.unity.modules.terrain)
    com.unity.modules.terrainphysics@1.0.0 (location: C:\hades\Hecton8\Library\PackageCache\com.unity.modules.terrainphysics)
    com.unity.modules.tilemap@1.0.0 (location: C:\hades\Hecton8\Library\PackageCache\com.unity.modules.tilemap)
    com.unity.modules.ui@1.0.0 (location: C:\hades\Hecton8\Library\PackageCache\com.unity.modules.ui)
    com.unity.modules.uielements@1.0.0 (location: C:\hades\Hecton8\Library\PackageCache\com.unity.modules.uielements)
    com.unity.modules.umbra@1.0.0 (location: C:\hades\Hecton8\Library\PackageCache\com.unity.modules.umbra)
    com.unity.modules.unityanalytics@1.0.0 (location: C:\hades\Hecton8\Library\PackageCache\com.unity.modules.unityanalytics)
    com.unity.modules.unitywebrequest@1.0.0 (location: C:\hades\Hecton8\Library\PackageCache\com.unity.modules.unitywebrequest)
    com.unity.modules.unitywebrequestassetbundle@1.0.0 (location: C:\hades\Hecton8\Library\PackageCache\com.unity.modules.unitywebrequestassetbundle)
    com.unity.modules.unitywebrequestaudio@1.0.0 (location: C:\hades\Hecton8\Library\PackageCache\com.unity.modules.unitywebrequestaudio)
    com.unity.modules.unitywebrequesttexture@1.0.0 (location: C:\hades\Hecton8\Library\PackageCache\com.unity.modules.unitywebrequesttexture)
    com.unity.modules.unitywebrequestwww@1.0.0 (location: C:\hades\Hecton8\Library\PackageCache\com.unity.modules.unitywebrequestwww)
    com.unity.modules.vectorgraphics@1.0.0 (location: C:\hades\Hecton8\Library\PackageCache\com.unity.modules.vectorgraphics)
    com.unity.modules.vehicles@1.0.0 (location: C:\hades\Hecton8\Library\PackageCache\com.unity.modules.vehicles)
    com.unity.modules.video@1.0.0 (location: C:\hades\Hecton8\Library\PackageCache\com.unity.modules.video)
    com.unity.modules.vr@1.0.0 (location: C:\hades\Hecton8\Library\PackageCache\com.unity.modules.vr)
    com.unity.modules.wind@1.0.0 (location: C:\hades\Hecton8\Library\PackageCache\com.unity.modules.wind)
    com.unity.modules.xr@1.0.0 (location: C:\hades\Hecton8\Library\PackageCache\com.unity.modules.xr)
    com.unity.render-pipelines.core@17.4.0 (location: C:\hades\Hecton8\Library\PackageCache\com.unity.render-pipelines.core@e6c93b445dd3)
    com.unity.modules.subsystems@1.0.0 (location: C:\hades\Hecton8\Library\PackageCache\com.unity.modules.subsystems)
    com.unity.modules.hierarchycore@1.0.0 (location: C:\hades\Hecton8\Library\PackageCache\com.unity.modules.hierarchycore)
    com.unity.render-pipelines.universal-config@17.4.0 (location: C:\hades\Hecton8\Library\PackageCache\com.unity.render-pipelines.universal-config@0db4263b9e6b)
    com.unity.collections@6.4.0 (location: C:\hades\Hecton8\Library\PackageCache\com.unity.collections@538ace9075bc)
    com.unity.test-framework@1.6.0 (location: C:\hades\Hecton8\Library\PackageCache\com.unity.test-framework@76560ee600cb)
    com.unity.ext.nunit@2.0.5 (location: C:\hades\Hecton8\Library\PackageCache\com.unity.ext.nunit@d8c07649098d)
  Embedded packages:
    com.jbooth.microsplat.core@file:C:\hades\Hecton8\Packages\com.jbooth.microsplat.core (location: C:\hades\Hecton8\Packages\com.jbooth.microsplat.core)
    com.jbooth.microsplat.urp2022@file:C:\hades\Hecton8\Packages\com.jbooth.microsplat.urp2022 (location: C:\hades\Hecton8\Packages\com.jbooth.microsplat.urp2022)
    com.unity.shadergraph@file:C:\hades\Hecton8\Packages\com.unity.shadergraph (location: C:\hades\Hecton8\Packages\com.unity.shadergraph)
  Git packages:
    com.coplaydev.unity-mcp@https://github.com/CoplayDev/unity-mcp.git?path=/MCPForUnity#beta (location: C:\hades\Hecton8\Library\PackageCache\com.coplaydev.unity-mcp@fbdb152757bd)
[Subsystems] Looking for new subsystems at path C:\hades\Hecton8\Library\PackageCache\com.unity.xr.meta-openxr@dae986a05b5c
[Subsystems] Novel subsystem found at Library/PackageCache/com.unity.xr.meta-openxr@dae986a05b5c/Runtime/UnitySubsystemsManifest.json
[Subsystems] Discovering subsystems at path C:/Program Files/Unity/Hub/Editor/6000.4.1f1/Editor/Data/Resources/UnitySubsystems
[Subsystems] Discovering subsystems at path C:/hades/Hecton8/Assets
[Subsystems] Discovering subsystems at path C:\hades\Hecton8\Library\PackageCache\com.unity.xr.meta-openxr@dae986a05b5c
[Subsystems] No descriptors matched for  examples in Library/PackageCache/com.unity.xr.meta-openxr@dae986a05b5c/Runtime/UnitySubsystemsManifest.json.
[Subsystems] No descriptors matched for  inputs in Library/PackageCache/com.unity.xr.meta-openxr@dae986a05b5c/Runtime/UnitySubsystemsManifest.json.
[Subsystems] No descriptors matched for  displays in Library/PackageCache/com.unity.xr.meta-openxr@dae986a05b5c/Runtime/UnitySubsystemsManifest.json.
[Subsystems] 1 'meshings' descriptors matched in Library/PackageCache/com.unity.xr.meta-openxr@dae986a05b5c/Runtime/UnitySubsystemsManifest.json
[Subsystems] Discovering subsystems at path C:\hades\Hecton8\Library\PackageCache\com.unity.xr.openxr@5dc08d6a3e5b
[Subsystems] No descriptors matched for  examples in Library/PackageCache/com.unity.xr.openxr@5dc08d6a3e5b/Runtime/UnitySubsystemsManifest.json.
[Subsystems] 1 'inputs' descriptors matched in Library/PackageCache/com.unity.xr.openxr@5dc08d6a3e5b/Runtime/UnitySubsystemsManifest.json
[Subsystems] 1 'displays' descriptors matched in Library/PackageCache/com.unity.xr.openxr@5dc08d6a3e5b/Runtime/UnitySubsystemsManifest.json
[Subsystems] No descriptors matched for  meshings in Library/PackageCache/com.unity.xr.openxr@5dc08d6a3e5b/Runtime/UnitySubsystemsManifest.json.
[Subsystems] Discovering subsystems at path C:\hades\Hecton8\Library\PackageCache\com.unity.xr.arfoundation@13d2457b468b
[Subsystems] No descriptors matched for  examples in Library/PackageCache/com.unity.xr.arfoundation@13d2457b468b/Runtime/UnitySubsystemsManifest.json.
[Subsystems] 1 'inputs' descriptors matched in Library/PackageCache/com.unity.xr.arfoundation@13d2457b468b/Runtime/UnitySubsystemsManifest.json
[Subsystems] No descriptors matched for  displays in Library/PackageCache/com.unity.xr.arfoundation@13d2457b468b/Runtime/UnitySubsystemsManifest.json.
[Subsystems] 1 'meshings' descriptors matched in Library/PackageCache/com.unity.xr.arfoundation@13d2457b468b/Runtime/UnitySubsystemsManifest.json
[Package Manager] Done registering packages in 0.04 seconds
[ScriptCompilation] Requested script compilation because: Assembly Definition File(s) changed
[ScriptCompilation] Requested script compilation because: AssetDatabase observed changes in script compilation related files
Starting: C:\Program Files\Unity\Hub\Editor\6000.4.1f1\Editor\Data\Tools\BuildPipeline\bee_backend.exe --ipc --defer-dag-verification --dagfile="Library/Bee/1900b0aEDbg.dag" --continue-on-failure --profile="Library/Bee/backend1.traceevents" ScriptAssemblies
WorkingDir: C:/hades/Hecton8
DisplayProgressbar: Compiling Scripts
Starting: C:\Program Files\Unity\Hub\Editor\6000.4.1f1\Editor\Data\netcorerun\netcorerun.exe "C:\Program Files\Unity\Hub\Editor\6000.4.1f1\Editor\Data\Tools\BuildPipeline\ScriptCompilationBuildProgram.exe" "Library/Bee/1900b0aEDbg.dag.json" "Library/Bee/1900b0aEDbg-inputdata.json" "Library\Bee\buildprogram0.traceevents"
WorkingDir: C:/hades/Hecton8
ExitCode: 4 Duration: 1m:37s
[2643/3789  1s] ILPP-Configuration Library/ilpp-configuration.nevergeneratedoutput
Rebuilding DAG because FileSignature timestamp changed: Library/Bee/1900b0aEDbg-inputdata.json
[BUSY       6s] Csc Library/Bee/artifacts/1900b0aEDbg.dag/Hecton8.AI.Cognition.Editor.dll (+2 others)
[BUSY      11s] Csc Library/Bee/artifacts/1900b0aEDbg.dag/Hecton8.World.BiotaDensityMapBaker.Editor.dll (+2 others)
[3385/3789 14s] Csc Library/Bee/artifacts/1900b0aEDbg.dag/Hecton8.World.BiotaDensityMapBaker.Editor.dll (+2 others)
[BUSY      20s] Csc Library/Bee/artifacts/1900b0aEDbg.dag/Hecton8.Core.dll (+2 others)
[BUSY      30s] Csc Library/Bee/artifacts/1900b0aEDbg.dag/Hecton8.Core.dll (+2 others)
[BUSY      41s] Csc Library/Bee/artifacts/1900b0aEDbg.dag/Hecton8.Core.dll (+2 others)
[BUSY      51s] Csc Library/Bee/artifacts/1900b0aEDbg.dag/Hecton8.Core.dll (+2 others)
[BUSY      62s] Csc Library/Bee/artifacts/1900b0aEDbg.dag/Hecton8.Core.dll (+2 others)
[BUSY      73s] Csc Library/Bee/artifacts/1900b0aEDbg.dag/Hecton8.Core.dll (+2 others)
[BUSY      83s] Csc Library/Bee/artifacts/1900b0aEDbg.dag/Hecton8.Core.dll (+2 others)
[BUSY      93s] Csc Library/Bee/artifacts/1900b0aEDbg.dag/Hecton8.Core.dll (+2 others)
[3386/3789 97s] Csc Library/Bee/artifacts/1900b0aEDbg.dag/Hecton8.Core.dll (+2 others)
*** Tundra requires additional run (97.88 seconds - 0:01:37), 4 items updated, 3384 evaluated
ExitCode: 0 Duration: 17s
Starting: C:\Program Files\Unity\Hub\Editor\6000.4.1f1\Editor\Data\Tools\BuildPipeline\bee_backend.exe --ipc --defer-dag-verification --dagfile="Library/Bee/1900b0aEDbg.dag" --continue-on-failure --dagfilejson="Library\Bee\1900b0aEDbg.dag.json" --profile="Library/Bee/backend2.traceevents" ScriptAssemblies
WorkingDir: C:/hades/Hecton8
ExitCode: 0 Duration: 2m:51s
Finished compiling graph: 3793 nodes, 103217 flattened edges (76373 ToBuild, 704 ToUse), maximum node priority 5377
[1614/3789  0s] WriteText Library/Bee/artifacts/1900b0aEDbg.dag/Hecton8.AI.Cognition.Editor.rsp
[1932/3789  0s] WriteResponseFile Library/Bee/artifacts/rsp/7510824040315406347.rsp
[2448/3789  0s] Csc Library/Bee/artifacts/1900b0aEDbg.dag/Hecton8.Rendering.BilateralDrs.dll (+2 others)
[2481/3789  1s] Csc Library/Bee/artifacts/1900b0aEDbg.dag/Hecton8.Crest.Bridge.dll (+2 others)
[2483/3789  1s] Csc Library/Bee/artifacts/1900b0aEDbg.dag/Hecton8.Inventory.Routing.Runtime.dll (+2 others)
[2484/3789  1s] Csc Library/Bee/artifacts/1900b0aEDbg.dag/Hecton8.Dev.SpaceEngine098.dll (+2 others)
[2485/3789  1s] Csc Library/Bee/artifacts/1900b0aEDbg.dag/Hecton8.Graphics.Scalability.dll (+2 others)
[2498/3789  1s] Csc Library/Bee/artifacts/1900b0aEDbg.dag/Hecton8.Plugins.dll (+2 others)
[2503/3789  1s] Csc Library/Bee/artifacts/1900b0aEDbg.dag/Hecton8.Lighting.dll (+2 others)
[2504/3789  1s] Csc Library/Bee/artifacts/1900b0aEDbg.dag/Hecton8.SeedShipAnomaly.Runtime.dll (+2 others)
[2505/3789  1s] Csc Library/Bee/artifacts/1900b0aEDbg.dag/Hecton8.Rendering.OceanSinglePass.dll (+2 others)
[2506/3789  1s] Csc Library/Bee/artifacts/1900b0aEDbg.dag/Hecton8.InventoryRouting.Editor.dll (+2 others)
[2507/3789  1s] Csc Library/Bee/artifacts/1900b0aEDbg.dag/Hecton8.Gameplay.Loot.Contracts.dll (+2 others)
[2509/3789  1s] Csc Library/Bee/artifacts/1900b0aEDbg.dag/Hecton8.Tools.ToolKinematics.dll (+2 others)
[2510/3789  2s] Csc Library/Bee/artifacts/1900b0aEDbg.dag/Hecton8.QA.Headless.dll (+2 others)
[2512/3789  1s] Csc Library/Bee/artifacts/1900b0aEDbg.dag/Hecton8.Lighting.Editor.dll (+2 others)
[2516/3789  3s] Csc Library/Bee/artifacts/1900b0aEDbg.dag/Hecton8.Physics.Buoyancy.Runtime.dll (+2 others)
[2517/3789  3s] Csc Library/Bee/artifacts/1900b0aEDbg.dag/Hecton8.VFX.JacobianFoam.Runtime.dll (+2 others)
[2518/3789  3s] Csc Library/Bee/artifacts/1900b0aEDbg.dag/Hecton8.Habitat.Deformation.dll (+2 others)
[2519/3789  3s] Csc Library/Bee/artifacts/1900b0aEDbg.dag/Hecton8.Animation.FaunaProcedural.dll (+2 others)
[2520/3789  3s] Csc Library/Bee/artifacts/1900b0aEDbg.dag/Hecton8.Crest.Bridge.Editor.dll (+2 others)
[2521/3789  3s] Csc Library/Bee/artifacts/1900b0aEDbg.dag/Hecton8.World.ShinobuBiomimetic.dll (+2 others)
[2522/3789  3s] Csc Library/Bee/artifacts/1900b0aEDbg.dag/Hecton8.Power.Generators.dll (+2 others)
[2523/3789  3s] Csc Library/Bee/artifacts/1900b0aEDbg.dag/Hecton8.VFX.Bioluminescence.Runtime.dll (+2 others)
[2524/3789  3s] Csc Library/Bee/artifacts/1900b0aEDbg.dag/Hecton8.Graphics.Materials.dll (+2 others)
[2526/3789  2s] Csc Library/Bee/artifacts/1900b0aEDbg.dag/Hecton8.Rendering.WaterOptics.dll (+2 others)
[2529/3789  7s] Csc Library/Bee/artifacts/1900b0aEDbg.dag/Hecton8.Editor.dll (+2 others)
[             ] Modification date of `Assets\_Project\Scripts\Editor\NutrientDrift\NutrientDriftTunerWindow.cs` changed while running `Csc Library/Bee/artifacts/1900b0aEDbg.dag/Hecton8.Editor.dll (+2 others)`. Old timestamp: 134239255868594090, new timestamp: 134239360769404904
[2533/3789  3s] Csc Library/Bee/artifacts/1900b0aEDbg.dag/Hecton8.Physiology.dll (+2 others)
[2535/3789  3s] Csc Library/Bee/artifacts/1900b0aEDbg.dag/Hecton8.Thermodynamics.dll (+2 others)
[2536/3789  1s] Csc Library/Bee/artifacts/1900b0aEDbg.dag/Hecton8.VFX.PlasmaBeam.Runtime.dll (+2 others)
[2538/3789  2s] Csc Library/Bee/artifacts/1900b0aEDbg.dag/Hecton8.World.FloraAmbientSway.dll (+2 others)
[2539/3789  1s] Csc Library/Bee/artifacts/1900b0aEDbg.dag/Hecton8.Power.BatteryChargerLogistics.Runtime.dll (+2 others)
[2637/3789  2s] Csc Library/Bee/artifacts/1900b0aEDbg.dag/Hecton8.World.Economy.dll (+2 others)
[2640/3789  1s] Csc Library/Bee/artifacts/1900b0aEDbg.dag/Hecton8.Atmosphere.StormPropagation.Runtime.dll (+2 others)
[2642/3789  1s] Csc Library/Bee/artifacts/1900b0aEDbg.dag/Hecton8.AI.Pathfinding.dll (+2 others)
[2643/3789  1s] Csc Library/Bee/artifacts/1900b0aEDbg.dag/Hecton8.Graphics.Culling.dll (+2 others)
[2644/3789 13s] ILPP-Configuration Library/ilpp-configuration.nevergeneratedoutput
[2646/3789  2s] Csc Library/Bee/artifacts/1900b0aEDbg.dag/Hecton8.QA.dll (+2 others)
[2647/3789  2s] Csc Library/Bee/artifacts/1900b0aEDbg.dag/Hecton8.Graphics.Caustics.dll (+2 others)
[2648/3789  2s] Csc Library/Bee/artifacts/1900b0aEDbg.dag/Hecton8.Vehicles.VFX.dll (+2 others)
[2650/3789  3s] Csc Library/Bee/artifacts/1900b0aEDbg.dag/Hecton8.Audio.Synthesis.dll (+2 others)
[2654/3789  2s] Csc Library/Bee/artifacts/1900b0aEDbg.dag/Hecton8.World.Outposts.dll (+2 others)
[2655/3789  2s] Csc Library/Bee/artifacts/1900b0aEDbg.dag/Hecton8.Prologue.Space.dll (+2 others)
[2657/3789  2s] Csc Library/Bee/artifacts/1900b0aEDbg.dag/Hecton8.Gameplay.Mining.dll (+2 others)
[2658/3789  1s] Csc Library/Bee/artifacts/1900b0aEDbg.dag/Hecton8.Narrative.Campaign.dll (+2 others)
[2659/3789  0s] Csc Library/Bee/artifacts/1900b0aEDbg.dag/Hecton8.World.Streaming.dll (+2 others)
[2662/3789  1s] Csc Library/Bee/artifacts/1900b0aEDbg.dag/Hecton8.AI.Ambient.dll (+2 others)
[2663/3789  1s] Csc Library/Bee/artifacts/1900b0aEDbg.dag/Hecton8.VFX.Materials.dll (+2 others)
[2664/3789  1s] Csc Library/Bee/artifacts/1900b0aEDbg.dag/Hecton8.VFX.Debris.dll (+2 others)
[2665/3789  1s] Csc Library/Bee/artifacts/1900b0aEDbg.dag/Hecton8.Gameplay.Loot.dll (+2 others)
[2667/3789  1s] Csc Library/Bee/artifacts/1900b0aEDbg.dag/Hecton8.PlayModeTests.dll (+2 others)
[2669/3789  1s] Csc Library/Bee/artifacts/1900b0aEDbg.dag/Hecton8.UI.Tools.dll (+2 others)
[2671/3789  1s] Csc Library/Bee/artifacts/1900b0aEDbg.dag/Hecton8.UI.VR.dll (+2 others)
[2672/3789  1s] Csc Library/Bee/artifacts/1900b0aEDbg.dag/Hecton8.Core.Hardware.dll (+2 others)
[2673/3789  1s] Csc Library/Bee/artifacts/1900b0aEDbg.dag/Hecton8.UI.Navigation.dll (+2 others)
[2674/3789  1s] Csc Library/Bee/artifacts/1900b0aEDbg.dag/Hecton8.Audio.Prologue.dll (+2 others)
[2682/3789  1s] Csc Library/Bee/artifacts/1900b0aEDbg.dag/Hecton8.Narrative.Prologue.dll (+2 others)
[2683/3789  1s] Csc Library/Bee/artifacts/1900b0aEDbg.dag/Hecton8.Prologue.VFX.dll (+2 others)
[2685/3789  1s] Csc Library/Bee/artifacts/1900b0aEDbg.dag/Hecton8.Core.Content.Editor.dll (+2 others)
[2686/3789  1s] Csc Library/Bee/artifacts/1900b0aEDbg.dag/Hecton8.UI.Diegetic.dll (+2 others)
[2687/3789  1s] Csc Library/Bee/artifacts/1900b0aEDbg.dag/Hecton8.Rendering.WaterOptics.Editor.dll (+2 others)
[2688/3789  2s] Csc Library/Bee/artifacts/1900b0aEDbg.dag/Hecton8.Project.Editor.dll (+2 others)
[2689/3789  3s] Csc Library/Bee/artifacts/1900b0aEDbg.dag/Hecton8.Optimization.Editor.dll (+2 others)
[2690/3789  3s] Csc Library/Bee/artifacts/1900b0aEDbg.dag/Hecton8.VFX.JacobianFoam.Editor.dll (+2 others)
[2691/3789  3s] Csc Library/Bee/artifacts/1900b0aEDbg.dag/Hecton8.QA.Headless.Editor.dll (+2 others)
[2692/3789  3s] Csc Library/Bee/artifacts/1900b0aEDbg.dag/Hecton8.Cartography.Editor.dll (+2 others)
[2693/3789  4s] Csc Library/Bee/artifacts/1900b0aEDbg.dag/Hecton8.EditModeTests.dll (+2 others)
[2695/3789  4s] Csc Library/Bee/artifacts/1900b0aEDbg.dag/Hecton8.UI.TerminalOS.Editor.dll (+2 others)
[2697/3789  4s] Csc Library/Bee/artifacts/1900b0aEDbg.dag/Hecton8.Animation.FaunaProcedural.Editor.dll (+2 others)
[2699/3789  3s] Csc Library/Bee/artifacts/1900b0aEDbg.dag/Hecton8.SaveSystem.Editor.dll (+2 others)
[2700/3789  3s] Csc Library/Bee/artifacts/1900b0aEDbg.dag/Hecton8.World.ProceduralWreckage.Editor.dll (+2 others)
[2705/3789  4s] Csc Library/Bee/artifacts/1900b0aEDbg.dag/Hecton8.SeedShipAnomaly.Editor.dll (+2 others)
[2706/3789  3s] Csc Library/Bee/artifacts/1900b0aEDbg.dag/Hecton8.World.VoxelSurfaceNets.Editor.dll (+2 others)
[2709/3789  3s] Csc Library/Bee/artifacts/1900b0aEDbg.dag/Hecton8.AI.Pathfinding.Editor.dll (+2 others)
[2710/3789  5s] Csc Library/Bee/artifacts/1900b0aEDbg.dag/Hecton8.DataMonolith.Editor.dll (+2 others)
[2713/3789  3s] Csc Library/Bee/artifacts/1900b0aEDbg.dag/Hecton8.Atmosphere.StormPropagation.Editor.dll (+2 others)
[2714/3789  3s] Csc Library/Bee/artifacts/1900b0aEDbg.dag/Hecton8.Physiology.Editor.dll (+2 others)
[2716/3789  3s] Csc Library/Bee/artifacts/1900b0aEDbg.dag/Hecton8.World.Economy.Editor.dll (+2 others)
[2719/3789  2s] Csc Library/Bee/artifacts/1900b0aEDbg.dag/Hecton8.World.FloraAmbientSway.Editor.dll (+2 others)
[2721/3789  2s] Csc Library/Bee/artifacts/1900b0aEDbg.dag/Hecton8.Tools.ToolKinematics.Editor.dll (+2 others)
[2722/3789  3s] Csc Library/Bee/artifacts/1900b0aEDbg.dag/Hecton8.QA.Editor.dll (+2 others)
[2724/3789  2s] Csc Library/Bee/artifacts/1900b0aEDbg.dag/Hecton8.AI.Cognition.Editor.dll (+2 others)
[2725/3789  3s] Csc Library/Bee/artifacts/1900b0aEDbg.dag/Hecton8.Audio.Synthesis.Editor.dll (+2 others)
[2726/3789  3s] Csc Library/Bee/artifacts/1900b0aEDbg.dag/Hecton8.World.ShinobuBiomimetic.Editor.dll (+2 others)
[2727/3789  3s] Csc Library/Bee/artifacts/1900b0aEDbg.dag/Hecton8.UI.Editor.dll (+2 others)
[2731/3789  3s] Csc Library/Bee/artifacts/1900b0aEDbg.dag/Hecton8.World.ProceduralCoral.Editor.dll (+2 others)
[2736/3789  2s] Csc Library/Bee/artifacts/1900b0aEDbg.dag/Hecton8.SaveSystem.EditModeTests.dll (+2 others)
[2741/3789  3s] Csc Library/Bee/artifacts/1900b0aEDbg.dag/Hecton8.World.HydraulicErosionForge.Editor.dll (+2 others)
[2744/3789  1s] Csc Library/Bee/artifacts/1900b0aEDbg.dag/Hecton8.Physics.Vehicles.Editor.dll (+2 others)
[2745/3789  3s] Csc Library/Bee/artifacts/1900b0aEDbg.dag/Hecton8.Power.BatteryChargerLogistics.Editor.dll (+2 others)
[2756/3789  2s] Csc Library/Bee/artifacts/1900b0aEDbg.dag/Hecton8.Physics.Buoyancy.Editor.dll (+2 others)
[2758/3789  1s] Csc Library/Bee/artifacts/1900b0aEDbg.dag/Hecton8.Physics.KCC.Editor.dll (+2 others)
[2759/3789  1s] Csc Library/Bee/artifacts/1900b0aEDbg.dag/Hecton8.Core.Bridge.Editor.dll (+2 others)
[2764/3789  2s] ILPostProcess Library/Bee/artifacts/1900b0aEDbg.dag/post-processed/Hecton8.World.Streaming.dll (+pdb)
Processing assembly Library/Bee/artifacts/1900b0aEDbg.dag/Hecton8.World.Streaming.dll, with 158 defines and 308 references

processors: Unity.Jobs.CodeGen.JobsILPostProcessor, zzzUnity.Burst.CodeGen.BurstILPostProcessor

running Unity.Jobs.CodeGen.JobsILPostProcessor

running zzzUnity.Burst.CodeGen.BurstILPostProcessor
[2772/3789  2s] ILPostProcess Library/Bee/artifacts/1900b0aEDbg.dag/post-processed/Hecton8.Gameplay.Loot.dll (+pdb)
Processing assembly Library/Bee/artifacts/1900b0aEDbg.dag/Hecton8.Gameplay.Loot.dll, with 157 defines and 312 references

processors: Unity.Jobs.CodeGen.JobsILPostProcessor, zzzUnity.Burst.CodeGen.BurstILPostProcessor

running Unity.Jobs.CodeGen.JobsILPostProcessor

running zzzUnity.Burst.CodeGen.BurstILPostProcessor
[2773/3789  0s] ILPostProcess Library/Bee/artifacts/1900b0aEDbg.dag/post-processed/Hecton8.UI.VR.dll (+pdb)
Processing assembly Library/Bee/artifacts/1900b0aEDbg.dag/Hecton8.UI.VR.dll, with 157 defines and 313 references

processors: Unity.Jobs.CodeGen.JobsILPostProcessor, zzzUnity.Burst.CodeGen.BurstILPostProcessor

running Unity.Jobs.CodeGen.JobsILPostProcessor

running zzzUnity.Burst.CodeGen.BurstILPostProcessor
[2778/3789  5s] ILPostProcess Library/Bee/artifacts/1900b0aEDbg.dag/post-processed/Hecton8.Rendering.BilateralDrs.dll (+pdb)
Processing assembly Library/Bee/artifacts/1900b0aEDbg.dag/Hecton8.Rendering.BilateralDrs.dll, with 157 defines and 314 references

processors: Unity.Jobs.CodeGen.JobsILPostProcessor, zzzUnity.Burst.CodeGen.BurstILPostProcessor

running Unity.Jobs.CodeGen.JobsILPostProcessor

running zzzUnity.Burst.CodeGen.BurstILPostProcessor
[2779/3789  6s] ILPostProcess Library/Bee/artifacts/1900b0aEDbg.dag/post-processed/Hecton8.Gameplay.Loot.Contracts.dll (+pdb)
Processing assembly Library/Bee/artifacts/1900b0aEDbg.dag/Hecton8.Gameplay.Loot.Contracts.dll, with 157 defines and 311 references

processors: Unity.Jobs.CodeGen.JobsILPostProcessor, zzzUnity.Burst.CodeGen.BurstILPostProcessor

running Unity.Jobs.CodeGen.JobsILPostProcessor

running zzzUnity.Burst.CodeGen.BurstILPostProcessor
[2780/3789  4s] ILPostProcess Library/Bee/artifacts/1900b0aEDbg.dag/post-processed/Hecton8.AI.Ambient.dll (+pdb)
Processing assembly Library/Bee/artifacts/1900b0aEDbg.dag/Hecton8.AI.Ambient.dll, with 157 defines and 312 references

processors: Unity.Jobs.CodeGen.JobsILPostProcessor, zzzUnity.Burst.CodeGen.BurstILPostProcessor

running Unity.Jobs.CodeGen.JobsILPostProcessor

running zzzUnity.Burst.CodeGen.BurstILPostProcessor
[2781/3789  5s] ILPostProcess Library/Bee/artifacts/1900b0aEDbg.dag/post-processed/Hecton8.Physics.Buoyancy.Runtime.dll (+pdb)
Processing assembly Library/Bee/artifacts/1900b0aEDbg.dag/Hecton8.Physics.Buoyancy.Runtime.dll, with 157 defines and 312 references

processors: Unity.Jobs.CodeGen.JobsILPostProcessor, zzzUnity.Burst.CodeGen.BurstILPostProcessor

running Unity.Jobs.CodeGen.JobsILPostProcessor

running zzzUnity.Burst.CodeGen.BurstILPostProcessor
[2782/3789  4s] ILPostProcess Library/Bee/artifacts/1900b0aEDbg.dag/post-processed/Hecton8.World.ShinobuBiomimetic.dll (+pdb)
Processing assembly Library/Bee/artifacts/1900b0aEDbg.dag/Hecton8.World.ShinobuBiomimetic.dll, with 157 defines and 312 references

processors: Unity.Jobs.CodeGen.JobsILPostProcessor, zzzUnity.Burst.CodeGen.BurstILPostProcessor

running Unity.Jobs.CodeGen.JobsILPostProcessor

running zzzUnity.Burst.CodeGen.BurstILPostProcessor
[2783/3789  5s] ILPostProcess Library/Bee/artifacts/1900b0aEDbg.dag/post-processed/Hecton8.Rendering.OceanSinglePass.dll (+pdb)
Processing assembly Library/Bee/artifacts/1900b0aEDbg.dag/Hecton8.Rendering.OceanSinglePass.dll, with 157 defines and 315 references

processors: Unity.Jobs.CodeGen.JobsILPostProcessor, zzzUnity.Burst.CodeGen.BurstILPostProcessor

running Unity.Jobs.CodeGen.JobsILPostProcessor

running zzzUnity.Burst.CodeGen.BurstILPostProcessor
[2803/3789  2s] ILPostProcess Library/Bee/artifacts/1900b0aEDbg.dag/post-processed/Assembly-CSharp.dll (+pdb)
Processing assembly Library/Bee/artifacts/1900b0aEDbg.dag/Assembly-CSharp.dll, with 157 defines and 442 references

processors: Unity.Jobs.CodeGen.JobsILPostProcessor, zzzUnity.Burst.CodeGen.BurstILPostProcessor

running Unity.Jobs.CodeGen.JobsILPostProcessor

running zzzUnity.Burst.CodeGen.BurstILPostProcessor
[2806/3789  0s] ILPostProcess Library/Bee/artifacts/1900b0aEDbg.dag/post-processed/Hecton8.World.FloraAmbientSway.dll (+pdb)
Processing assembly Library/Bee/artifacts/1900b0aEDbg.dag/Hecton8.World.FloraAmbientSway.dll, with 157 defines and 313 references

processors: Unity.Jobs.CodeGen.JobsILPostProcessor, zzzUnity.Burst.CodeGen.BurstILPostProcessor

running Unity.Jobs.CodeGen.JobsILPostProcessor

running zzzUnity.Burst.CodeGen.BurstILPostProcessor
[2812/3789  0s] ILPostProcess Library/Bee/artifacts/1900b0aEDbg.dag/post-processed/Hecton8.Graphics.Materials.dll (+pdb)
Processing assembly Library/Bee/artifacts/1900b0aEDbg.dag/Hecton8.Graphics.Materials.dll, with 157 defines and 313 references

processors: Unity.Jobs.CodeGen.JobsILPostProcessor, zzzUnity.Burst.CodeGen.BurstILPostProcessor

running Unity.Jobs.CodeGen.JobsILPostProcessor

running zzzUnity.Burst.CodeGen.BurstILPostProcessor
[2813/3789  0s] ILPostProcess Library/Bee/artifacts/1900b0aEDbg.dag/post-processed/Hecton8.Lighting.dll (+pdb)
Processing assembly Library/Bee/artifacts/1900b0aEDbg.dag/Hecton8.Lighting.dll, with 157 defines and 314 references

processors: Unity.Jobs.CodeGen.JobsILPostProcessor, zzzUnity.Burst.CodeGen.BurstILPostProcessor

running Unity.Jobs.CodeGen.JobsILPostProcessor

running zzzUnity.Burst.CodeGen.BurstILPostProcessor
[2814/3789  0s] ILPostProcess Library/Bee/artifacts/1900b0aEDbg.dag/post-processed/Hecton8.AI.Pathfinding.dll (+pdb)
Processing assembly Library/Bee/artifacts/1900b0aEDbg.dag/Hecton8.AI.Pathfinding.dll, with 157 defines and 312 references

processors: Unity.Jobs.CodeGen.JobsILPostProcessor, zzzUnity.Burst.CodeGen.BurstILPostProcessor

running Unity.Jobs.CodeGen.JobsILPostProcessor

running zzzUnity.Burst.CodeGen.BurstILPostProcessor
[2815/3789  0s] ILPostProcess Library/Bee/artifacts/1900b0aEDbg.dag/post-processed/Hecton8.QA.Headless.dll (+pdb)
Processing assembly Library/Bee/artifacts/1900b0aEDbg.dag/Hecton8.QA.Headless.dll, with 157 defines and 312 references

processors: Unity.Jobs.CodeGen.JobsILPostProcessor, zzzUnity.Burst.CodeGen.BurstILPostProcessor

running Unity.Jobs.CodeGen.JobsILPostProcessor

running zzzUnity.Burst.CodeGen.BurstILPostProcessor
[2816/3789  0s] ILPostProcess Library/Bee/artifacts/1900b0aEDbg.dag/post-processed/Hecton8.SeedShipAnomaly.Runtime.dll (+pdb)
Processing assembly Library/Bee/artifacts/1900b0aEDbg.dag/Hecton8.SeedShipAnomaly.Runtime.dll, with 157 defines and 312 references

processors: Unity.Jobs.CodeGen.JobsILPostProcessor, zzzUnity.Burst.CodeGen.BurstILPostProcessor

running Unity.Jobs.CodeGen.JobsILPostProcessor

running zzzUnity.Burst.CodeGen.BurstILPostProcessor
[2830/3789  2s] ILPostProcess Library/Bee/artifacts/1900b0aEDbg.dag/post-processed/Hecton8.Plugins.dll (+pdb)
Processing assembly Library/Bee/artifacts/1900b0aEDbg.dag/Hecton8.Plugins.dll, with 157 defines and 314 references

processors: Unity.Jobs.CodeGen.JobsILPostProcessor, zzzUnity.Burst.CodeGen.BurstILPostProcessor

running Unity.Jobs.CodeGen.JobsILPostProcessor

running zzzUnity.Burst.CodeGen.BurstILPostProcessor
[2843/3789  0s] ILPostProcess Library/Bee/artifacts/1900b0aEDbg.dag/post-processed/Hecton8.VFX.JacobianFoam.Runtime.dll (+pdb)
Processing assembly Library/Bee/artifacts/1900b0aEDbg.dag/Hecton8.VFX.JacobianFoam.Runtime.dll, with 157 defines and 314 references

processors: Unity.Jobs.CodeGen.JobsILPostProcessor, zzzUnity.Burst.CodeGen.BurstILPostProcessor

running Unity.Jobs.CodeGen.JobsILPostProcessor

running zzzUnity.Burst.CodeGen.BurstILPostProcessor
[2844/3789  0s] ILPostProcess Library/Bee/artifacts/1900b0aEDbg.dag/post-processed/Hecton8.PlayModeTests.dll (+pdb)
Processing assembly Library/Bee/artifacts/1900b0aEDbg.dag/Hecton8.PlayModeTests.dll, with 157 defines and 270 references

processors: Unity.Jobs.CodeGen.JobsILPostProcessor, zzzUnity.Burst.CodeGen.BurstILPostProcessor

running Unity.Jobs.CodeGen.JobsILPostProcessor

running zzzUnity.Burst.CodeGen.BurstILPostProcessor
[2852/3789  0s] ILPostProcess Library/Bee/artifacts/1900b0aEDbg.dag/post-processed/Hecton8.Gameplay.Mining.dll (+pdb)
Processing assembly Library/Bee/artifacts/1900b0aEDbg.dag/Hecton8.Gameplay.Mining.dll, with 157 defines and 314 references

processors: Unity.Jobs.CodeGen.JobsILPostProcessor, zzzUnity.Burst.CodeGen.BurstILPostProcessor

running Unity.Jobs.CodeGen.JobsILPostProcessor

running zzzUnity.Burst.CodeGen.BurstILPostProcessor
[2853/3789  0s] ILPostProcess Library/Bee/artifacts/1900b0aEDbg.dag/post-processed/Hecton8.Audio.Prologue.dll (+pdb)
Processing assembly Library/Bee/artifacts/1900b0aEDbg.dag/Hecton8.Audio.Prologue.dll, with 157 defines and 311 references

processors: Unity.Jobs.CodeGen.JobsILPostProcessor, zzzUnity.Burst.CodeGen.BurstILPostProcessor

running Unity.Jobs.CodeGen.JobsILPostProcessor

running zzzUnity.Burst.CodeGen.BurstILPostProcessor
[2854/3789  0s] ILPostProcess Library/Bee/artifacts/1900b0aEDbg.dag/post-processed/Hecton8.Habitat.Deformation.dll (+pdb)
Processing assembly Library/Bee/artifacts/1900b0aEDbg.dag/Hecton8.Habitat.Deformation.dll, with 157 defines and 315 references

processors: Unity.Jobs.CodeGen.JobsILPostProcessor, zzzUnity.Burst.CodeGen.BurstILPostProcessor

running Unity.Jobs.CodeGen.JobsILPostProcessor

running zzzUnity.Burst.CodeGen.BurstILPostProcessor
[2855/3789  0s] ILPostProcess Library/Bee/artifacts/1900b0aEDbg.dag/post-processed/Hecton8.Graphics.Scalability.dll (+pdb)
Processing assembly Library/Bee/artifacts/1900b0aEDbg.dag/Hecton8.Graphics.Scalability.dll, with 157 defines and 315 references

processors: Unity.Jobs.CodeGen.JobsILPostProcessor, zzzUnity.Burst.CodeGen.BurstILPostProcessor

running Unity.Jobs.CodeGen.JobsILPostProcessor

running zzzUnity.Burst.CodeGen.BurstILPostProcessor
[2856/3789  0s] ILPostProcess Library/Bee/artifacts/1900b0aEDbg.dag/post-processed/Hecton8.Rendering.WaterOptics.dll (+pdb)
Processing assembly Library/Bee/artifacts/1900b0aEDbg.dag/Hecton8.Rendering.WaterOptics.dll, with 157 defines and 314 references

processors: Unity.Jobs.CodeGen.JobsILPostProcessor, zzzUnity.Burst.CodeGen.BurstILPostProcessor

running Unity.Jobs.CodeGen.JobsILPostProcessor

running zzzUnity.Burst.CodeGen.BurstILPostProcessor
[2857/3789  0s] ILPostProcess Library/Bee/artifacts/1900b0aEDbg.dag/post-processed/Assembly-CSharp-firstpass.dll (+pdb)
Processing assembly Library/Bee/artifacts/1900b0aEDbg.dag/Assembly-CSharp-firstpass.dll, with 157 defines and 441 references

processors: Unity.Jobs.CodeGen.JobsILPostProcessor, zzzUnity.Burst.CodeGen.BurstILPostProcessor

running Unity.Jobs.CodeGen.JobsILPostProcessor

running zzzUnity.Burst.CodeGen.BurstILPostProcessor
[2867/3789  0s] ILPostProcess Library/Bee/artifacts/1900b0aEDbg.dag/post-processed/Hecton8.UI.Tools.dll (+pdb)
Processing assembly Library/Bee/artifacts/1900b0aEDbg.dag/Hecton8.UI.Tools.dll, with 157 defines and 310 references

processors: Unity.Jobs.CodeGen.JobsILPostProcessor, zzzUnity.Burst.CodeGen.BurstILPostProcessor

running Unity.Jobs.CodeGen.JobsILPostProcessor

running zzzUnity.Burst.CodeGen.BurstILPostProcessor
[2868/3789  0s] ILPostProcess Library/Bee/artifacts/1900b0aEDbg.dag/post-processed/Hecton8.Inventory.Routing.Runtime.dll (+pdb)
Processing assembly Library/Bee/artifacts/1900b0aEDbg.dag/Hecton8.Inventory.Routing.Runtime.dll, with 157 defines and 312 references

processors: Unity.Jobs.CodeGen.JobsILPostProcessor, zzzUnity.Burst.CodeGen.BurstILPostProcessor

running Unity.Jobs.CodeGen.JobsILPostProcessor

running zzzUnity.Burst.CodeGen.BurstILPostProcessor
[2869/3789  0s] ILPostProcess Library/Bee/artifacts/1900b0aEDbg.dag/post-processed/Hecton8.Tools.ToolKinematics.dll (+pdb)
Processing assembly Library/Bee/artifacts/1900b0aEDbg.dag/Hecton8.Tools.ToolKinematics.dll, with 157 defines and 313 references

processors: Unity.Jobs.CodeGen.JobsILPostProcessor, zzzUnity.Burst.CodeGen.BurstILPostProcessor

running Unity.Jobs.CodeGen.JobsILPostProcessor

running zzzUnity.Burst.CodeGen.BurstILPostProcessor
[2874/3789  0s] ILPostProcess Library/Bee/artifacts/1900b0aEDbg.dag/post-processed/Hecton8.QA.dll (+pdb)
Processing assembly Library/Bee/artifacts/1900b0aEDbg.dag/Hecton8.QA.dll, with 157 defines and 310 references

processors: Unity.Jobs.CodeGen.JobsILPostProcessor, zzzUnity.Burst.CodeGen.BurstILPostProcessor

running Unity.Jobs.CodeGen.JobsILPostProcessor

running zzzUnity.Burst.CodeGen.BurstILPostProcessor
[2888/3789  0s] ILPostProcess Library/Bee/artifacts/1900b0aEDbg.dag/post-processed/Hecton8.World.Outposts.dll (+pdb)
Processing assembly Library/Bee/artifacts/1900b0aEDbg.dag/Hecton8.World.Outposts.dll, with 157 defines and 313 references

processors: Unity.Jobs.CodeGen.JobsILPostProcessor, zzzUnity.Burst.CodeGen.BurstILPostProcessor

running Unity.Jobs.CodeGen.JobsILPostProcessor

running zzzUnity.Burst.CodeGen.BurstILPostProcessor
[2889/3789  0s] ILPostProcess Library/Bee/artifacts/1900b0aEDbg.dag/post-processed/Hecton8.Power.Generators.dll (+pdb)
Processing assembly Library/Bee/artifacts/1900b0aEDbg.dag/Hecton8.Power.Generators.dll, with 157 defines and 313 references

processors: Unity.Jobs.CodeGen.JobsILPostProcessor, zzzUnity.Burst.CodeGen.BurstILPostProcessor

running Unity.Jobs.CodeGen.JobsILPostProcessor

running zzzUnity.Burst.CodeGen.BurstILPostProcessor
[2890/3789  0s] ILPostProcess Library/Bee/artifacts/1900b0aEDbg.dag/post-processed/Hecton8.World.Economy.dll (+pdb)
Processing assembly Library/Bee/artifacts/1900b0aEDbg.dag/Hecton8.World.Economy.dll, with 157 defines and 314 references

processors: Unity.Jobs.CodeGen.JobsILPostProcessor, zzzUnity.Burst.CodeGen.BurstILPostProcessor

running Unity.Jobs.CodeGen.JobsILPostProcessor

running zzzUnity.Burst.CodeGen.BurstILPostProcessor
[2895/3789  0s] ILPostProcess Library/Bee/artifacts/1900b0aEDbg.dag/post-processed/Hecton8.Prologue.VFX.dll (+pdb)
Processing assembly Library/Bee/artifacts/1900b0aEDbg.dag/Hecton8.Prologue.VFX.dll, with 157 defines and 311 references

processors: Unity.Jobs.CodeGen.JobsILPostProcessor, zzzUnity.Burst.CodeGen.BurstILPostProcessor

running Unity.Jobs.CodeGen.JobsILPostProcessor

running zzzUnity.Burst.CodeGen.BurstILPostProcessor
[2896/3789  1s] ILPostProcess Library/Bee/artifacts/1900b0aEDbg.dag/post-processed/Hecton8.Physiology.dll (+pdb)
Processing assembly Library/Bee/artifacts/1900b0aEDbg.dag/Hecton8.Physiology.dll, with 157 defines and 312 references

processors: Unity.Jobs.CodeGen.JobsILPostProcessor, zzzUnity.Burst.CodeGen.BurstILPostProcessor

running Unity.Jobs.CodeGen.JobsILPostProcessor

running zzzUnity.Burst.CodeGen.BurstILPostProcessor
[2900/3789  0s] ILPostProcess Library/Bee/artifacts/1900b0aEDbg.dag/post-processed/Hecton8.Core.Hardware.dll (+pdb)
Processing assembly Library/Bee/artifacts/1900b0aEDbg.dag/Hecton8.Core.Hardware.dll, with 157 defines and 313 references

processors: Unity.Jobs.CodeGen.JobsILPostProcessor, zzzUnity.Burst.CodeGen.BurstILPostProcessor

running Unity.Jobs.CodeGen.JobsILPostProcessor

running zzzUnity.Burst.CodeGen.BurstILPostProcessor
[2903/3789  0s] ILPostProcess Library/Bee/artifacts/1900b0aEDbg.dag/post-processed/Hecton8.VFX.Materials.dll (+pdb)
Processing assembly Library/Bee/artifacts/1900b0aEDbg.dag/Hecton8.VFX.Materials.dll, with 157 defines and 311 references

processors: Unity.Jobs.CodeGen.JobsILPostProcessor, zzzUnity.Burst.CodeGen.BurstILPostProcessor

running Unity.Jobs.CodeGen.JobsILPostProcessor

running zzzUnity.Burst.CodeGen.BurstILPostProcessor
[BUSY       6s] ILPostProcess Library/Bee/artifacts/1900b0aEDbg.dag/post-processed/Hecton8.Core.dll (+pdb)
[2904/3789  9s] ILPostProcess Library/Bee/artifacts/1900b0aEDbg.dag/post-processed/Hecton8.Graphics.Caustics.dll (+pdb)
Processing assembly Library/Bee/artifacts/1900b0aEDbg.dag/Hecton8.Graphics.Caustics.dll, with 157 defines and 312 references

processors: Unity.Jobs.CodeGen.JobsILPostProcessor, zzzUnity.Burst.CodeGen.BurstILPostProcessor

running Unity.Jobs.CodeGen.JobsILPostProcessor

running zzzUnity.Burst.CodeGen.BurstILPostProcessor
[2905/3789  9s] ILPostProcess Library/Bee/artifacts/1900b0aEDbg.dag/post-processed/Hecton8.Prologue.Space.dll (+pdb)
Processing assembly Library/Bee/artifacts/1900b0aEDbg.dag/Hecton8.Prologue.Space.dll, with 157 defines and 312 references

processors: Unity.Jobs.CodeGen.JobsILPostProcessor, zzzUnity.Burst.CodeGen.BurstILPostProcessor

running Unity.Jobs.CodeGen.JobsILPostProcessor

running zzzUnity.Burst.CodeGen.BurstILPostProcessor
[2906/3789  9s] ILPostProcess Library/Bee/artifacts/1900b0aEDbg.dag/post-processed/Hecton8.UI.Diegetic.dll (+pdb)
Processing assembly Library/Bee/artifacts/1900b0aEDbg.dag/Hecton8.UI.Diegetic.dll, with 157 defines and 313 references

processors: Unity.Jobs.CodeGen.JobsILPostProcessor, zzzUnity.Burst.CodeGen.BurstILPostProcessor

running Unity.Jobs.CodeGen.JobsILPostProcessor

running zzzUnity.Burst.CodeGen.BurstILPostProcessor
[2911/3789 10s] ILPostProcess Library/Bee/artifacts/1900b0aEDbg.dag/post-processed/Hecton8.Audio.Synthesis.dll (+pdb)
Processing assembly Library/Bee/artifacts/1900b0aEDbg.dag/Hecton8.Audio.Synthesis.dll, with 157 defines and 312 references

processors: Unity.Jobs.CodeGen.JobsILPostProcessor, zzzUnity.Burst.CodeGen.BurstILPostProcessor

running Unity.Jobs.CodeGen.JobsILPostProcessor

running zzzUnity.Burst.CodeGen.BurstILPostProcessor
[2912/3789  9s] ILPostProcess Library/Bee/artifacts/1900b0aEDbg.dag/post-processed/Hecton8.VFX.Bioluminescence.Runtime.dll (+pdb)
Processing assembly Library/Bee/artifacts/1900b0aEDbg.dag/Hecton8.VFX.Bioluminescence.Runtime.dll, with 157 defines and 313 references

processors: Unity.Jobs.CodeGen.JobsILPostProcessor, zzzUnity.Burst.CodeGen.BurstILPostProcessor

running Unity.Jobs.CodeGen.JobsILPostProcessor

running zzzUnity.Burst.CodeGen.BurstILPostProcessor
[2913/3789  9s] ILPostProcess Library/Bee/artifacts/1900b0aEDbg.dag/post-processed/Hecton8.VFX.PlasmaBeam.Runtime.dll (+pdb)
Processing assembly Library/Bee/artifacts/1900b0aEDbg.dag/Hecton8.VFX.PlasmaBeam.Runtime.dll, with 157 defines and 313 references

processors: Unity.Jobs.CodeGen.JobsILPostProcessor, zzzUnity.Burst.CodeGen.BurstILPostProcessor

running Unity.Jobs.CodeGen.JobsILPostProcessor

running zzzUnity.Burst.CodeGen.BurstILPostProcessor
[2916/3789  3s] ILPostProcess Library/Bee/artifacts/1900b0aEDbg.dag/post-processed/Hecton8.Graphics.Culling.dll (+pdb)
Processing assembly Library/Bee/artifacts/1900b0aEDbg.dag/Hecton8.Graphics.Culling.dll, with 157 defines and 313 references

processors: Unity.Jobs.CodeGen.JobsILPostProcessor, zzzUnity.Burst.CodeGen.BurstILPostProcessor

running Unity.Jobs.CodeGen.JobsILPostProcessor

running zzzUnity.Burst.CodeGen.BurstILPostProcessor
[2917/3789  3s] ILPostProcess Library/Bee/artifacts/1900b0aEDbg.dag/post-processed/Hecton8.VFX.Debris.dll (+pdb)
Processing assembly Library/Bee/artifacts/1900b0aEDbg.dag/Hecton8.VFX.Debris.dll, with 157 defines and 313 references

processors: Unity.Jobs.CodeGen.JobsILPostProcessor, zzzUnity.Burst.CodeGen.BurstILPostProcessor

running Unity.Jobs.CodeGen.JobsILPostProcessor

running zzzUnity.Burst.CodeGen.BurstILPostProcessor
[2918/3789  4s] ILPostProcess Library/Bee/artifacts/1900b0aEDbg.dag/post-processed/Hecton8.Atmosphere.StormPropagation.Runtime.dll (+pdb)
Processing assembly Library/Bee/artifacts/1900b0aEDbg.dag/Hecton8.Atmosphere.StormPropagation.Runtime.dll, with 157 defines and 312 references

processors: Unity.Jobs.CodeGen.JobsILPostProcessor, zzzUnity.Burst.CodeGen.BurstILPostProcessor

running Unity.Jobs.CodeGen.JobsILPostProcessor

running zzzUnity.Burst.CodeGen.BurstILPostProcessor
[2928/3789 13s] ILPostProcess Library/Bee/artifacts/1900b0aEDbg.dag/post-processed/Hecton8.Animation.FaunaProcedural.dll (+pdb)
Processing assembly Library/Bee/artifacts/1900b0aEDbg.dag/Hecton8.Animation.FaunaProcedural.dll, with 157 defines and 312 references

processors: Unity.Jobs.CodeGen.JobsILPostProcessor, zzzUnity.Burst.CodeGen.BurstILPostProcessor

running Unity.Jobs.CodeGen.JobsILPostProcessor

running zzzUnity.Burst.CodeGen.BurstILPostProcessor
[2929/3789  4s] ILPostProcess Library/Bee/artifacts/1900b0aEDbg.dag/post-processed/Hecton8.UI.Navigation.dll (+pdb)
Processing assembly Library/Bee/artifacts/1900b0aEDbg.dag/Hecton8.UI.Navigation.dll, with 157 defines and 313 references

processors: Unity.Jobs.CodeGen.JobsILPostProcessor, zzzUnity.Burst.CodeGen.BurstILPostProcessor

running Unity.Jobs.CodeGen.JobsILPostProcessor

running zzzUnity.Burst.CodeGen.BurstILPostProcessor
[2934/3789  4s] ILPostProcess Library/Bee/artifacts/1900b0aEDbg.dag/post-processed/Hecton8.Vehicles.VFX.dll (+pdb)
Processing assembly Library/Bee/artifacts/1900b0aEDbg.dag/Hecton8.Vehicles.VFX.dll, with 157 defines and 312 references

processors: Unity.Jobs.CodeGen.JobsILPostProcessor, zzzUnity.Burst.CodeGen.BurstILPostProcessor

running Unity.Jobs.CodeGen.JobsILPostProcessor

running zzzUnity.Burst.CodeGen.BurstILPostProcessor
[2939/3789  4s] ILPostProcess Library/Bee/artifacts/1900b0aEDbg.dag/post-processed/Hecton8.Crest.Bridge.dll (+pdb)
Processing assembly Library/Bee/artifacts/1900b0aEDbg.dag/Hecton8.Crest.Bridge.dll, with 157 defines and 318 references

processors: Unity.Jobs.CodeGen.JobsILPostProcessor, zzzUnity.Burst.CodeGen.BurstILPostProcessor

running Unity.Jobs.CodeGen.JobsILPostProcessor

running zzzUnity.Burst.CodeGen.BurstILPostProcessor
[2943/3789  0s] ILPostProcess Library/Bee/artifacts/1900b0aEDbg.dag/post-processed/Hecton8.Dev.SpaceEngine098.dll (+pdb)
Processing assembly Library/Bee/artifacts/1900b0aEDbg.dag/Hecton8.Dev.SpaceEngine098.dll, with 157 defines and 310 references

processors: Unity.Jobs.CodeGen.JobsILPostProcessor, zzzUnity.Burst.CodeGen.BurstILPostProcessor

running Unity.Jobs.CodeGen.JobsILPostProcessor

running zzzUnity.Burst.CodeGen.BurstILPostProcessor
[2944/3789  0s] ILPostProcess Library/Bee/artifacts/1900b0aEDbg.dag/post-processed/Hecton8.Narrative.Prologue.dll (+pdb)
Processing assembly Library/Bee/artifacts/1900b0aEDbg.dag/Hecton8.Narrative.Prologue.dll, with 157 defines and 310 references

processors: Unity.Jobs.CodeGen.JobsILPostProcessor, zzzUnity.Burst.CodeGen.BurstILPostProcessor

running Unity.Jobs.CodeGen.JobsILPostProcessor

running zzzUnity.Burst.CodeGen.BurstILPostProcessor
[2947/3789  0s] ILPostProcess Library/Bee/artifacts/1900b0aEDbg.dag/post-processed/Hecton8.Thermodynamics.dll (+pdb)
Processing assembly Library/Bee/artifacts/1900b0aEDbg.dag/Hecton8.Thermodynamics.dll, with 157 defines and 312 references

processors: Unity.Jobs.CodeGen.JobsILPostProcessor, zzzUnity.Burst.CodeGen.BurstILPostProcessor

running Unity.Jobs.CodeGen.JobsILPostProcessor

running zzzUnity.Burst.CodeGen.BurstILPostProcessor
[2948/3789  0s] ILPostProcess Library/Bee/artifacts/1900b0aEDbg.dag/post-processed/Hecton8.Power.BatteryChargerLogistics.Runtime.dll (+pdb)
Processing assembly Library/Bee/artifacts/1900b0aEDbg.dag/Hecton8.Power.BatteryChargerLogistics.Runtime.dll, with 157 defines and 312 references

processors: Unity.Jobs.CodeGen.JobsILPostProcessor, zzzUnity.Burst.CodeGen.BurstILPostProcessor

running Unity.Jobs.CodeGen.JobsILPostProcessor

running zzzUnity.Burst.CodeGen.BurstILPostProcessor
[2949/3789  0s] ILPostProcess Library/Bee/artifacts/1900b0aEDbg.dag/post-processed/Hecton8.Narrative.Campaign.dll (+pdb)
Processing assembly Library/Bee/artifacts/1900b0aEDbg.dag/Hecton8.Narrative.Campaign.dll, with 157 defines and 312 references

processors: Unity.Jobs.CodeGen.JobsILPostProcessor, zzzUnity.Burst.CodeGen.BurstILPostProcessor

running Unity.Jobs.CodeGen.JobsILPostProcessor

running zzzUnity.Burst.CodeGen.BurstILPostProcessor
[2950/3789  0s] ILPostProcess Library/Bee/artifacts/1900b0aEDbg.dag/post-processed/Hecton8.QA.Headless.Editor.dll (+pdb)
Processing assembly Library/Bee/artifacts/1900b0aEDbg.dag/Hecton8.QA.Headless.Editor.dll, with 155 defines and 319 references

processors: Unity.Jobs.CodeGen.JobsILPostProcessor, zzzUnity.Burst.CodeGen.BurstILPostProcessor

running Unity.Jobs.CodeGen.JobsILPostProcessor

running zzzUnity.Burst.CodeGen.BurstILPostProcessor
[2955/3789  0s] ILPostProcess Library/Bee/artifacts/1900b0aEDbg.dag/post-processed/Hecton8.World.Economy.Editor.dll (+pdb)
Processing assembly Library/Bee/artifacts/1900b0aEDbg.dag/Hecton8.World.Economy.Editor.dll, with 155 defines and 323 references

processors: Unity.Jobs.CodeGen.JobsILPostProcessor, zzzUnity.Burst.CodeGen.BurstILPostProcessor

running Unity.Jobs.CodeGen.JobsILPostProcessor

running zzzUnity.Burst.CodeGen.BurstILPostProcessor
[2956/3789  1s] ILPostProcess Library/Bee/artifacts/1900b0aEDbg.dag/post-processed/Hecton8.SaveSystem.EditModeTests.dll (+pdb)
Processing assembly Library/Bee/artifacts/1900b0aEDbg.dag/Hecton8.SaveSystem.EditModeTests.dll, with 155 defines and 318 references

processors: Unity.Jobs.CodeGen.JobsILPostProcessor, zzzUnity.Burst.CodeGen.BurstILPostProcessor

running Unity.Jobs.CodeGen.JobsILPostProcessor

running zzzUnity.Burst.CodeGen.BurstILPostProcessor
[2958/3789  0s] ILPostProcess Library/Bee/artifacts/1900b0aEDbg.dag/post-processed/Hecton8.QA.Editor.dll (+pdb)
Processing assembly Library/Bee/artifacts/1900b0aEDbg.dag/Hecton8.QA.Editor.dll, with 155 defines and 320 references

processors: Unity.Jobs.CodeGen.JobsILPostProcessor, zzzUnity.Burst.CodeGen.BurstILPostProcessor

running Unity.Jobs.CodeGen.JobsILPostProcessor

running zzzUnity.Burst.CodeGen.BurstILPostProcessor
[BUSY      21s] ILPostProcess Library/Bee/artifacts/1900b0aEDbg.dag/post-processed/Hecton8.Core.dll (+pdb)
[BUSY      10s] ILPostProcess Library/Bee/artifacts/1900b0aEDbg.dag/post-processed/Hecton8.Animation.FaunaProcedural.Editor.dll (+pdb)
[2961/3789 12s] ILPostProcess Library/Bee/artifacts/1900b0aEDbg.dag/post-processed/Assembly-CSharp-Editor.dll (+pdb)
Processing assembly Library/Bee/artifacts/1900b0aEDbg.dag/Assembly-CSharp-Editor.dll, with 155 defines and 470 references

processors: Unity.Jobs.CodeGen.JobsILPostProcessor, zzzUnity.Burst.CodeGen.BurstILPostProcessor

running Unity.Jobs.CodeGen.JobsILPostProcessor

running zzzUnity.Burst.CodeGen.BurstILPostProcessor
[2962/3789 12s] ILPostProcess Library/Bee/artifacts/1900b0aEDbg.dag/post-processed/Hecton8.UI.Editor.dll (+pdb)
Processing assembly Library/Bee/artifacts/1900b0aEDbg.dag/Hecton8.UI.Editor.dll, with 155 defines and 319 references

processors: Unity.Jobs.CodeGen.JobsILPostProcessor, zzzUnity.Burst.CodeGen.BurstILPostProcessor

running Unity.Jobs.CodeGen.JobsILPostProcessor

running zzzUnity.Burst.CodeGen.BurstILPostProcessor
[2964/3789 12s] ILPostProcess Library/Bee/artifacts/1900b0aEDbg.dag/post-processed/Hecton8.Crest.Bridge.Editor.dll (+pdb)
Processing assembly Library/Bee/artifacts/1900b0aEDbg.dag/Hecton8.Crest.Bridge.Editor.dll, with 156 defines and 344 references

processors: Unity.Jobs.CodeGen.JobsILPostProcessor, zzzUnity.Burst.CodeGen.BurstILPostProcessor

running Unity.Jobs.CodeGen.JobsILPostProcessor

running zzzUnity.Burst.CodeGen.BurstILPostProcessor
[2968/3789 14s] ILPostProcess Library/Bee/artifacts/1900b0aEDbg.dag/post-processed/Hecton8.Animation.FaunaProcedural.Editor.dll (+pdb)
Processing assembly Library/Bee/artifacts/1900b0aEDbg.dag/Hecton8.Animation.FaunaProcedural.Editor.dll, with 155 defines and 322 references

processors: Unity.Jobs.CodeGen.JobsILPostProcessor, zzzUnity.Burst.CodeGen.BurstILPostProcessor

running Unity.Jobs.CodeGen.JobsILPostProcessor

running zzzUnity.Burst.CodeGen.BurstILPostProcessor
[2969/3789 15s] ILPostProcess Library/Bee/artifacts/1900b0aEDbg.dag/post-processed/Hecton8.Tools.ToolKinematics.Editor.dll (+pdb)
Processing assembly Library/Bee/artifacts/1900b0aEDbg.dag/Hecton8.Tools.ToolKinematics.Editor.dll, with 155 defines and 323 references

processors: Unity.Jobs.CodeGen.JobsILPostProcessor, zzzUnity.Burst.CodeGen.BurstILPostProcessor

running Unity.Jobs.CodeGen.JobsILPostProcessor

running zzzUnity.Burst.CodeGen.BurstILPostProcessor
[2976/3789  3s] ILPostProcess Library/Bee/artifacts/1900b0aEDbg.dag/post-processed/Hecton8.InventoryRouting.Editor.dll (+pdb)
Processing assembly Library/Bee/artifacts/1900b0aEDbg.dag/Hecton8.InventoryRouting.Editor.dll, with 155 defines and 323 references

processors: Unity.Jobs.CodeGen.JobsILPostProcessor, zzzUnity.Burst.CodeGen.BurstILPostProcessor

running Unity.Jobs.CodeGen.JobsILPostProcessor

running zzzUnity.Burst.CodeGen.BurstILPostProcessor
[2977/3789  1s] ILPostProcess Library/Bee/artifacts/1900b0aEDbg.dag/post-processed/Hecton8.AI.Cognition.Editor.dll (+pdb)
Processing assembly Library/Bee/artifacts/1900b0aEDbg.dag/Hecton8.AI.Cognition.Editor.dll, with 155 defines and 322 references

processors: Unity.Jobs.CodeGen.JobsILPostProcessor, zzzUnity.Burst.CodeGen.BurstILPostProcessor

running Unity.Jobs.CodeGen.JobsILPostProcessor

running zzzUnity.Burst.CodeGen.BurstILPostProcessor
[2978/3789  1s] ILPostProcess Library/Bee/artifacts/1900b0aEDbg.dag/post-processed/Hecton8.Audio.Synthesis.Editor.dll (+pdb)
Processing assembly Library/Bee/artifacts/1900b0aEDbg.dag/Hecton8.Audio.Synthesis.Editor.dll, with 155 defines and 322 references

processors: Unity.Jobs.CodeGen.JobsILPostProcessor, zzzUnity.Burst.CodeGen.BurstILPostProcessor

running Unity.Jobs.CodeGen.JobsILPostProcessor

running zzzUnity.Burst.CodeGen.BurstILPostProcessor
[2987/3789  4s] ILPostProcess Library/Bee/artifacts/1900b0aEDbg.dag/post-processed/Hecton8.Graphics.Culling.Editor.dll (+pdb)
Processing assembly Library/Bee/artifacts/1900b0aEDbg.dag/Hecton8.Graphics.Culling.Editor.dll, with 155 defines and 319 references

processors: Unity.Jobs.CodeGen.JobsILPostProcessor, zzzUnity.Burst.CodeGen.BurstILPostProcessor

running Unity.Jobs.CodeGen.JobsILPostProcessor

running zzzUnity.Burst.CodeGen.BurstILPostProcessor
[2988/3789 16s] ILPostProcess Library/Bee/artifacts/1900b0aEDbg.dag/post-processed/Hecton8.Lighting.Editor.dll (+pdb)
Processing assembly Library/Bee/artifacts/1900b0aEDbg.dag/Hecton8.Lighting.Editor.dll, with 155 defines and 322 references

processors: Unity.Jobs.CodeGen.JobsILPostProcessor, zzzUnity.Burst.CodeGen.BurstILPostProcessor

running Unity.Jobs.CodeGen.JobsILPostProcessor

running zzzUnity.Burst.CodeGen.BurstILPostProcessor
[2989/3789  4s] ILPostProcess Library/Bee/artifacts/1900b0aEDbg.dag/post-processed/Hecton8.AI.Pathfinding.Editor.dll (+pdb)
Processing assembly Library/Bee/artifacts/1900b0aEDbg.dag/Hecton8.AI.Pathfinding.Editor.dll, with 155 defines and 322 references

processors: Unity.Jobs.CodeGen.JobsILPostProcessor, zzzUnity.Burst.CodeGen.BurstILPostProcessor

running Unity.Jobs.CodeGen.JobsILPostProcessor

running zzzUnity.Burst.CodeGen.BurstILPostProcessor
[2992/3789 17s] ILPostProcess Library/Bee/artifacts/1900b0aEDbg.dag/post-processed/Hecton8.EditModeTests.dll (+pdb)
Processing assembly Library/Bee/artifacts/1900b0aEDbg.dag/Hecton8.EditModeTests.dll, with 155 defines and 331 references

processors: Unity.Jobs.CodeGen.JobsILPostProcessor, zzzUnity.Burst.CodeGen.BurstILPostProcessor

running Unity.Jobs.CodeGen.JobsILPostProcessor

running zzzUnity.Burst.CodeGen.BurstILPostProcessor
[2994/3789  1s] ILPostProcess Library/Bee/artifacts/1900b0aEDbg.dag/post-processed/Hecton8.VFX.Bioluminescence.Editor.dll (+pdb)
Processing assembly Library/Bee/artifacts/1900b0aEDbg.dag/Hecton8.VFX.Bioluminescence.Editor.dll, with 155 defines and 319 references

processors: Unity.Jobs.CodeGen.JobsILPostProcessor, zzzUnity.Burst.CodeGen.BurstILPostProcessor

running Unity.Jobs.CodeGen.JobsILPostProcessor

running zzzUnity.Burst.CodeGen.BurstILPostProcessor
[2997/3789  1s] ILPostProcess Library/Bee/artifacts/1900b0aEDbg.dag/post-processed/Hecton8.Physics.Buoyancy.Editor.dll (+pdb)
Processing assembly Library/Bee/artifacts/1900b0aEDbg.dag/Hecton8.Physics.Buoyancy.Editor.dll, with 155 defines and 286 references

processors: Unity.Jobs.CodeGen.JobsILPostProcessor, zzzUnity.Burst.CodeGen.BurstILPostProcessor

running Unity.Jobs.CodeGen.JobsILPostProcessor

running zzzUnity.Burst.CodeGen.BurstILPostProcessor
[3003/3789  2s] ILPostProcess Library/Bee/artifacts/1900b0aEDbg.dag/post-processed/Hecton8.Physics.KCC.Editor.dll (+pdb)
Processing assembly Library/Bee/artifacts/1900b0aEDbg.dag/Hecton8.Physics.KCC.Editor.dll, with 155 defines and 286 references

processors: Unity.Jobs.CodeGen.JobsILPostProcessor, zzzUnity.Burst.CodeGen.BurstILPostProcessor

running Unity.Jobs.CodeGen.JobsILPostProcessor

running zzzUnity.Burst.CodeGen.BurstILPostProcessor
[3005/3789  1s] ILPostProcess Library/Bee/artifacts/1900b0aEDbg.dag/post-processed/Hecton8.World.ShinobuBiomimetic.Editor.dll (+pdb)
Processing assembly Library/Bee/artifacts/1900b0aEDbg.dag/Hecton8.World.ShinobuBiomimetic.Editor.dll, with 155 defines and 322 references

processors: Unity.Jobs.CodeGen.JobsILPostProcessor, zzzUnity.Burst.CodeGen.BurstILPostProcessor

running Unity.Jobs.CodeGen.JobsILPostProcessor

running zzzUnity.Burst.CodeGen.BurstILPostProcessor
[3019/3789  2s] ILPostProcess Library/Bee/artifacts/1900b0aEDbg.dag/post-processed/Hecton8.Core.Bridge.Editor.dll (+pdb)
Processing assembly Library/Bee/artifacts/1900b0aEDbg.dag/Hecton8.Core.Bridge.Editor.dll, with 156 defines and 323 references

processors: Unity.Jobs.CodeGen.JobsILPostProcessor, zzzUnity.Burst.CodeGen.BurstILPostProcessor

running Unity.Jobs.CodeGen.JobsILPostProcessor

running zzzUnity.Burst.CodeGen.BurstILPostProcessor
[3021/3789  2s] ILPostProcess Library/Bee/artifacts/1900b0aEDbg.dag/post-processed/Hecton8.Habitat.Deformation.Editor.dll (+pdb)
Processing assembly Library/Bee/artifacts/1900b0aEDbg.dag/Hecton8.Habitat.Deformation.Editor.dll, with 155 defines and 319 references

processors: Unity.Jobs.CodeGen.JobsILPostProcessor, zzzUnity.Burst.CodeGen.BurstILPostProcessor

running Unity.Jobs.CodeGen.JobsILPostProcessor

running zzzUnity.Burst.CodeGen.BurstILPostProcessor
[3023/3789  3s] ILPostProcess Library/Bee/artifacts/1900b0aEDbg.dag/post-processed/Hecton8.Physics.Vehicles.Editor.dll (+pdb)
Processing assembly Library/Bee/artifacts/1900b0aEDbg.dag/Hecton8.Physics.Vehicles.Editor.dll, with 155 defines and 284 references

processors: Unity.Jobs.CodeGen.JobsILPostProcessor, zzzUnity.Burst.CodeGen.BurstILPostProcessor

running Unity.Jobs.CodeGen.JobsILPostProcessor

running zzzUnity.Burst.CodeGen.BurstILPostProcessor
[3026/3789  3s] ILPostProcess Library/Bee/artifacts/1900b0aEDbg.dag/post-processed/Hecton8.VFX.JacobianFoam.Editor.dll (+pdb)
Processing assembly Library/Bee/artifacts/1900b0aEDbg.dag/Hecton8.VFX.JacobianFoam.Editor.dll, with 155 defines and 325 references

processors: Unity.Jobs.CodeGen.JobsILPostProcessor, zzzUnity.Burst.CodeGen.BurstILPostProcessor

running Unity.Jobs.CodeGen.JobsILPostProcessor

running zzzUnity.Burst.CodeGen.BurstILPostProcessor
[3031/3789  1s] ILPostProcess Library/Bee/artifacts/1900b0aEDbg.dag/post-processed/Hecton8.Graphics.Materials.Editor.dll (+pdb)
Processing assembly Library/Bee/artifacts/1900b0aEDbg.dag/Hecton8.Graphics.Materials.Editor.dll, with 155 defines and 319 references

processors: Unity.Jobs.CodeGen.JobsILPostProcessor, zzzUnity.Burst.CodeGen.BurstILPostProcessor

running Unity.Jobs.CodeGen.JobsILPostProcessor

running zzzUnity.Burst.CodeGen.BurstILPostProcessor
[BUSY       7s] ILPostProcess Library/Bee/artifacts/1900b0aEDbg.dag/post-processed/Hecton8.Cartography.Editor.dll (+pdb)
[3040/3789 14s] ILPostProcess Library/Bee/artifacts/1900b0aEDbg.dag/post-processed/Hecton8.Atmosphere.StormPropagation.Editor.dll (+pdb)
Processing assembly Library/Bee/artifacts/1900b0aEDbg.dag/Hecton8.Atmosphere.StormPropagation.Editor.dll, with 155 defines and 322 references

processors: Unity.Jobs.CodeGen.JobsILPostProcessor, zzzUnity.Burst.CodeGen.BurstILPostProcessor

running Unity.Jobs.CodeGen.JobsILPostProcessor

running zzzUnity.Burst.CodeGen.BurstILPostProcessor
[3041/3789 12s] ILPostProcess Library/Bee/artifacts/1900b0aEDbg.dag/post-processed/Hecton8.SeedShipAnomaly.Editor.dll (+pdb)
Processing assembly Library/Bee/artifacts/1900b0aEDbg.dag/Hecton8.SeedShipAnomaly.Editor.dll, with 155 defines and 322 references

processors: Unity.Jobs.CodeGen.JobsILPostProcessor, zzzUnity.Burst.CodeGen.BurstILPostProcessor

running Unity.Jobs.CodeGen.JobsILPostProcessor

running zzzUnity.Burst.CodeGen.BurstILPostProcessor
[3042/3789 12s] ILPostProcess Library/Bee/artifacts/1900b0aEDbg.dag/post-processed/Hecton8.UI.TerminalOS.Editor.dll (+pdb)
Processing assembly Library/Bee/artifacts/1900b0aEDbg.dag/Hecton8.UI.TerminalOS.Editor.dll, with 155 defines and 319 references

processors: Unity.Jobs.CodeGen.JobsILPostProcessor, zzzUnity.Burst.CodeGen.BurstILPostProcessor

running Unity.Jobs.CodeGen.JobsILPostProcessor

running zzzUnity.Burst.CodeGen.BurstILPostProcessor
[3052/3789 12s] ILPostProcess Library/Bee/artifacts/1900b0aEDbg.dag/post-processed/Hecton8.Cartography.Editor.dll (+pdb)
Processing assembly Library/Bee/artifacts/1900b0aEDbg.dag/Hecton8.Cartography.Editor.dll, with 155 defines and 319 references

processors: Unity.Jobs.CodeGen.JobsILPostProcessor, zzzUnity.Burst.CodeGen.BurstILPostProcessor

running Unity.Jobs.CodeGen.JobsILPostProcessor

running zzzUnity.Burst.CodeGen.BurstILPostProcessor
[3059/3789 14s] ILPostProcess Library/Bee/artifacts/1900b0aEDbg.dag/post-processed/Hecton8.World.BiotaDensityMapBaker.Editor.dll (+pdb)
Processing assembly Library/Bee/artifacts/1900b0aEDbg.dag/Hecton8.World.BiotaDensityMapBaker.Editor.dll, with 155 defines and 319 references

processors: Unity.Jobs.CodeGen.JobsILPostProcessor, zzzUnity.Burst.CodeGen.BurstILPostProcessor

running Unity.Jobs.CodeGen.JobsILPostProcessor

running zzzUnity.Burst.CodeGen.BurstILPostProcessor
[BUSY       6s] ILPostProcess Library/Bee/artifacts/1900b0aEDbg.dag/post-processed/Hecton8.SaveSystem.Editor.dll (+pdb)
[BUSY      10s] ILPostProcess Library/Bee/artifacts/1900b0aEDbg.dag/post-processed/Hecton8.Core.Content.Editor.dll (+pdb)
[BUSY      16s] ILPostProcess Library/Bee/artifacts/1900b0aEDbg.dag/post-processed/Hecton8.SaveSystem.Editor.dll (+pdb)
[3062/3789 18s] ILPostProcess Library/Bee/artifacts/1900b0aEDbg.dag/post-processed/Hecton8.SaveSystem.Editor.dll (+pdb)
Processing assembly Library/Bee/artifacts/1900b0aEDbg.dag/Hecton8.SaveSystem.Editor.dll, with 155 defines and 318 references

processors: Unity.Jobs.CodeGen.JobsILPostProcessor, zzzUnity.Burst.CodeGen.BurstILPostProcessor

running Unity.Jobs.CodeGen.JobsILPostProcessor

running zzzUnity.Burst.CodeGen.BurstILPostProcessor
[3063/3789 16s] ILPostProcess Library/Bee/artifacts/1900b0aEDbg.dag/post-processed/Hecton8.Core.Content.Editor.dll (+pdb)
Processing assembly Library/Bee/artifacts/1900b0aEDbg.dag/Hecton8.Core.Content.Editor.dll, with 156 defines and 320 references

processors: Unity.Jobs.CodeGen.JobsILPostProcessor, zzzUnity.Burst.CodeGen.BurstILPostProcessor

running Unity.Jobs.CodeGen.JobsILPostProcessor

running zzzUnity.Burst.CodeGen.BurstILPostProcessor
[BUSY      33s] ILPostProcess Library/Bee/artifacts/1900b0aEDbg.dag/post-processed/Hecton8.World.HydraulicErosionForge.Editor.dll (+pdb)
[3068/3789 23s] ILPostProcess Library/Bee/artifacts/1900b0aEDbg.dag/post-processed/Hecton8.Project.Editor.dll (+pdb)
Processing assembly Library/Bee/artifacts/1900b0aEDbg.dag/Hecton8.Project.Editor.dll, with 156 defines and 339 references

processors: Unity.Jobs.CodeGen.JobsILPostProcessor, zzzUnity.Burst.CodeGen.BurstILPostProcessor

running Unity.Jobs.CodeGen.JobsILPostProcessor

running zzzUnity.Burst.CodeGen.BurstILPostProcessor
[3069/3789 24s] ILPostProcess Library/Bee/artifacts/1900b0aEDbg.dag/post-processed/Hecton8.World.ProceduralWreckage.Editor.dll (+pdb)
Processing assembly Library/Bee/artifacts/1900b0aEDbg.dag/Hecton8.World.ProceduralWreckage.Editor.dll, with 155 defines and 322 references

processors: Unity.Jobs.CodeGen.JobsILPostProcessor, zzzUnity.Burst.CodeGen.BurstILPostProcessor

running Unity.Jobs.CodeGen.JobsILPostProcessor

running zzzUnity.Burst.CodeGen.BurstILPostProcessor
[3071/3789 36s] ILPostProcess Library/Bee/artifacts/1900b0aEDbg.dag/post-processed/Hecton8.World.VoxelSurfaceNets.Editor.dll (+pdb)
Processing assembly Library/Bee/artifacts/1900b0aEDbg.dag/Hecton8.World.VoxelSurfaceNets.Editor.dll, with 155 defines and 322 references

processors: Unity.Jobs.CodeGen.JobsILPostProcessor, zzzUnity.Burst.CodeGen.BurstILPostProcessor

running Unity.Jobs.CodeGen.JobsILPostProcessor

running zzzUnity.Burst.CodeGen.BurstILPostProcessor
[3072/3789 25s] ILPostProcess Library/Bee/artifacts/1900b0aEDbg.dag/post-processed/Hecton8.Power.BatteryChargerLogistics.Editor.dll (+pdb)
Processing assembly Library/Bee/artifacts/1900b0aEDbg.dag/Hecton8.Power.BatteryChargerLogistics.Editor.dll, with 155 defines and 320 references

processors: Unity.Jobs.CodeGen.JobsILPostProcessor, zzzUnity.Burst.CodeGen.BurstILPostProcessor

running Unity.Jobs.CodeGen.JobsILPostProcessor

running zzzUnity.Burst.CodeGen.BurstILPostProcessor
[BUSY      12s] ILPostProcess Library/Bee/artifacts/1900b0aEDbg.dag/post-processed/Hecton8.World.ProceduralCoral.Editor.dll (+pdb)
[3073/3789  8s] ILPostProcess Library/Bee/artifacts/1900b0aEDbg.dag/post-processed/Hecton8.Optimization.Editor.dll (+pdb)
Processing assembly Library/Bee/artifacts/1900b0aEDbg.dag/Hecton8.Optimization.Editor.dll, with 155 defines and 317 references

processors: Unity.Jobs.CodeGen.JobsILPostProcessor, zzzUnity.Burst.CodeGen.BurstILPostProcessor

running Unity.Jobs.CodeGen.JobsILPostProcessor

running zzzUnity.Burst.CodeGen.BurstILPostProcessor
[3077/3789 19s] ILPostProcess Library/Bee/artifacts/1900b0aEDbg.dag/post-processed/Hecton8.Rendering.WaterOptics.Editor.dll (+pdb)
Processing assembly Library/Bee/artifacts/1900b0aEDbg.dag/Hecton8.Rendering.WaterOptics.Editor.dll, with 155 defines and 323 references

processors: Unity.Jobs.CodeGen.JobsILPostProcessor, zzzUnity.Burst.CodeGen.BurstILPostProcessor

running Unity.Jobs.CodeGen.JobsILPostProcessor

running zzzUnity.Burst.CodeGen.BurstILPostProcessor
[3078/3789 47s] ILPostProcess Library/Bee/artifacts/1900b0aEDbg.dag/post-processed/Hecton8.World.HydraulicErosionForge.Editor.dll (+pdb)
Processing assembly Library/Bee/artifacts/1900b0aEDbg.dag/Hecton8.World.HydraulicErosionForge.Editor.dll, with 155 defines and 320 references

processors: Unity.Jobs.CodeGen.JobsILPostProcessor, zzzUnity.Burst.CodeGen.BurstILPostProcessor

running Unity.Jobs.CodeGen.JobsILPostProcessor

running zzzUnity.Burst.CodeGen.BurstILPostProcessor
[3079/3789 14s] ILPostProcess Library/Bee/artifacts/1900b0aEDbg.dag/post-processed/Hecton8.VFX.PlasmaBeam.Editor.dll (+pdb)
Processing assembly Library/Bee/artifacts/1900b0aEDbg.dag/Hecton8.VFX.PlasmaBeam.Editor.dll, with 155 defines and 319 references

processors: Unity.Jobs.CodeGen.JobsILPostProcessor, zzzUnity.Burst.CodeGen.BurstILPostProcessor

running Unity.Jobs.CodeGen.JobsILPostProcessor

running zzzUnity.Burst.CodeGen.BurstILPostProcessor
[3080/3789 19s] ILPostProcess Library/Bee/artifacts/1900b0aEDbg.dag/post-processed/Hecton8.World.ProceduralCoral.Editor.dll (+pdb)
Processing assembly Library/Bee/artifacts/1900b0aEDbg.dag/Hecton8.World.ProceduralCoral.Editor.dll, with 155 defines and 322 references

processors: Unity.Jobs.CodeGen.JobsILPostProcessor, zzzUnity.Burst.CodeGen.BurstILPostProcessor

running Unity.Jobs.CodeGen.JobsILPostProcessor

running zzzUnity.Burst.CodeGen.BurstILPostProcessor
[3086/3789  0s] CopyFiles Library/ScriptAssemblies/Hecton8.UI.Diegetic.dll
[3097/3789  0s] CopyFiles Library/ScriptAssemblies/Hecton8.World.ShinobuBiomimetic.dll
[3099/3789  0s] CopyFiles Library/ScriptAssemblies/Hecton8.Graphics.Culling.dll
[3101/3789  0s] CopyFiles Library/ScriptAssemblies/Hecton8.VFX.PlasmaBeam.Runtime.dll
[3113/3789  0s] CopyFiles Library/ScriptAssemblies/Hecton8.Audio.Synthesis.dll
[3115/3789  0s] CopyFiles Library/ScriptAssemblies/Hecton8.Prologue.VFX.dll
[3118/3789  0s] CopyFiles Library/ScriptAssemblies/Hecton8.Rendering.BilateralDrs.dll
[3122/3789  0s] CopyFiles Library/ScriptAssemblies/Hecton8.UI.Navigation.dll
[3134/3789  0s] CopyFiles Library/ScriptAssemblies/Hecton8.Animation.FaunaProcedural.dll
[3138/3789  0s] CopyFiles Library/ScriptAssemblies/Hecton8.AI.Pathfinding.dll
[3141/3789  0s] CopyFiles Library/ScriptAssemblies/Hecton8.Narrative.Campaign.dll
[3144/3789  0s] CopyFiles Library/ScriptAssemblies/Hecton8.SeedShipAnomaly.Runtime.dll
[3145/3789  0s] CopyFiles Library/ScriptAssemblies/Hecton8.Audio.Prologue.dll
[3149/3789  0s] CopyFiles Library/ScriptAssemblies/Hecton8.Rendering.WaterOptics.dll
[3156/3789  0s] CopyFiles Library/ScriptAssemblies/Hecton8.VFX.Bioluminescence.Runtime.dll
[3157/3789  0s] CopyFiles Library/ScriptAssemblies/Hecton8.VFX.JacobianFoam.Runtime.dll
[3163/3789  0s] CopyFiles Library/ScriptAssemblies/Hecton8.UI.VR.dll
[3167/3789  0s] CopyFiles Library/ScriptAssemblies/Hecton8.Graphics.Caustics.dll
[3169/3789  0s] CopyFiles Library/ScriptAssemblies/Hecton8.Graphics.Materials.dll
[3171/3789  0s] CopyFiles Library/ScriptAssemblies/Hecton8.Rendering.OceanSinglePass.dll
[3175/3789  0s] CopyFiles Library/ScriptAssemblies/Hecton8.World.Outposts.dll
[3179/3789  0s] CopyFiles Library/ScriptAssemblies/Hecton8.VFX.Debris.dll
[3182/3789  0s] CopyFiles Library/ScriptAssemblies/Hecton8.Power.Generators.dll
[3187/3789  0s] CopyFiles Library/ScriptAssemblies/Hecton8.World.Economy.dll
[3189/3789  0s] CopyFiles Library/ScriptAssemblies/Hecton8.Gameplay.Loot.Contracts.dll
[3190/3789  0s] CopyFiles Library/ScriptAssemblies/Hecton8.QA.dll
[3198/3789  0s] CopyFiles Library/ScriptAssemblies/Hecton8.Lighting.dll
[3205/3789  0s] CopyFiles Library/ScriptAssemblies/Hecton8.Thermodynamics.dll
[3212/3789  0s] CopyFiles Library/ScriptAssemblies/Hecton8.Graphics.Scalability.dll
[3219/3789  0s] CopyFiles Library/ScriptAssemblies/Hecton8.Narrative.Prologue.dll
[3220/3789  0s] CopyFiles Library/ScriptAssemblies/Hecton8.Gameplay.Loot.dll
[3222/3789  0s] CopyFiles Library/ScriptAssemblies/Hecton8.World.FloraAmbientSway.dll
[3223/3789  0s] CopyFiles Library/ScriptAssemblies/Hecton8.World.Streaming.dll
[3226/3789  0s] CopyFiles Library/ScriptAssemblies/Hecton8.QA.Headless.dll
[3229/3789  0s] CopyFiles Library/ScriptAssemblies/Hecton8.UI.Tools.dll
[3236/3789  0s] CopyFiles Library/ScriptAssemblies/Hecton8.Inventory.Routing.Runtime.dll
[3242/3789  0s] CopyFiles Library/ScriptAssemblies/Hecton8.VFX.Materials.dll
[3246/3789  0s] CopyFiles Library/ScriptAssemblies/Hecton8.Core.Hardware.dll
[3247/3789  0s] CopyFiles Library/ScriptAssemblies/Hecton8.Physics.Buoyancy.Runtime.dll
[3251/3789  0s] CopyFiles Library/ScriptAssemblies/Hecton8.Power.BatteryChargerLogistics.Runtime.dll
[3254/3789  0s] CopyFiles Library/ScriptAssemblies/Hecton8.AI.Ambient.dll
[3259/3789  0s] CopyFiles Library/ScriptAssemblies/Hecton8.Plugins.dll
[3260/3789  0s] CopyFiles Library/ScriptAssemblies/Hecton8.Vehicles.VFX.dll
[3262/3789  0s] CopyFiles Library/ScriptAssemblies/Hecton8.Atmosphere.StormPropagation.Runtime.dll
[3265/3789  0s] CopyFiles Library/ScriptAssemblies/Hecton8.Prologue.Space.dll
[3272/3789  0s] CopyFiles Library/ScriptAssemblies/Hecton8.Physiology.dll
[3274/3789  0s] CopyFiles Library/ScriptAssemblies/Hecton8.Tools.ToolKinematics.dll
[3278/3789  0s] CopyFiles Library/ScriptAssemblies/Hecton8.Gameplay.Mining.dll
[3280/3789  0s] CopyFiles Library/ScriptAssemblies/Hecton8.Habitat.Deformation.dll
[3281/3789  0s] CopyFiles Library/ScriptAssemblies/Hecton8.Dev.SpaceEngine098.dll
[3282/3789  0s] CopyFiles Library/ScriptAssemblies/Hecton8.PlayModeTests.dll
[3293/3789  0s] CopyFiles Library/ScriptAssemblies/Hecton8.Crest.Bridge.dll
[3294/3789  0s] CopyFiles Library/ScriptAssemblies/Hecton8.World.ProceduralCoral.Editor.dll
[3295/3789  0s] CopyFiles Library/ScriptAssemblies/Hecton8.World.ProceduralCoral.Editor.pdb
[3296/3789  0s] CopyFiles Library/ScriptAssemblies/Hecton8.World.HydraulicErosionForge.Editor.dll
[3297/3789  0s] CopyFiles Library/ScriptAssemblies/Hecton8.World.HydraulicErosionForge.Editor.pdb
[3298/3789  0s] CopyFiles Library/ScriptAssemblies/Hecton8.Rendering.WaterOptics.Editor.dll
[3305/3789  0s] CopyFiles Library/ScriptAssemblies/Hecton8.Rendering.WaterOptics.Editor.pdb
[3306/3789  0s] CopyFiles Library/ScriptAssemblies/Hecton8.Optimization.Editor.dll
[3307/3789  0s] CopyFiles Library/ScriptAssemblies/Hecton8.Optimization.Editor.pdb
[3308/3789  0s] CopyFiles Library/ScriptAssemblies/Hecton8.Power.BatteryChargerLogistics.Editor.pdb
[3309/3789  0s] CopyFiles Library/ScriptAssemblies/Hecton8.Power.BatteryChargerLogistics.Editor.dll
[3310/3789  0s] CopyFiles Library/ScriptAssemblies/Hecton8.World.VoxelSurfaceNets.Editor.pdb
[3313/3789  0s] CopyFiles Library/ScriptAssemblies/Hecton8.World.VoxelSurfaceNets.Editor.dll
[3314/3789  0s] CopyFiles Library/ScriptAssemblies/Hecton8.World.ProceduralWreckage.Editor.pdb
[3315/3789  0s] CopyFiles Library/ScriptAssemblies/Hecton8.World.ProceduralWreckage.Editor.dll
[3316/3789  0s] CopyFiles Library/ScriptAssemblies/Hecton8.Project.Editor.dll
[3317/3789  0s] CopyFiles Library/ScriptAssemblies/Hecton8.Project.Editor.pdb
[3324/3789  0s] CopyFiles Library/ScriptAssemblies/Hecton8.Core.Content.Editor.pdb
[3327/3789  0s] CopyFiles Library/ScriptAssemblies/Hecton8.Core.Content.Editor.dll
[3328/3789  0s] CopyFiles Library/ScriptAssemblies/Hecton8.SaveSystem.Editor.dll
[3333/3789  0s] CopyFiles Library/ScriptAssemblies/Hecton8.SaveSystem.Editor.pdb
[3334/3789  0s] CopyFiles Library/ScriptAssemblies/Hecton8.World.BiotaDensityMapBaker.Editor.pdb
[3338/3789  0s] CopyFiles Library/ScriptAssemblies/Hecton8.World.BiotaDensityMapBaker.Editor.dll
[3348/3789  0s] CopyFiles Library/ScriptAssemblies/Hecton8.Cartography.Editor.dll
[3354/3789  0s] CopyFiles Library/ScriptAssemblies/Hecton8.Cartography.Editor.pdb
[3366/3789  0s] CopyFiles Library/ScriptAssemblies/Hecton8.UI.TerminalOS.Editor.pdb
[3367/3789  0s] CopyFiles Library/ScriptAssemblies/Hecton8.UI.TerminalOS.Editor.dll
[3370/3789  0s] CopyFiles Library/ScriptAssemblies/Hecton8.SeedShipAnomaly.Editor.dll
[3371/3789  0s] CopyFiles Library/ScriptAssemblies/Hecton8.SeedShipAnomaly.Editor.pdb
[3372/3789  0s] CopyFiles Library/ScriptAssemblies/Hecton8.Atmosphere.StormPropagation.Editor.pdb
[3382/3789  0s] CopyFiles Library/ScriptAssemblies/Hecton8.Atmosphere.StormPropagation.Editor.dll
[3400/3789  0s] CopyFiles Library/ScriptAssemblies/Hecton8.VFX.JacobianFoam.Editor.pdb
[3404/3789  0s] CopyFiles Library/ScriptAssemblies/Hecton8.VFX.JacobianFoam.Editor.dll
[3406/3789  0s] CopyFiles Library/ScriptAssemblies/Hecton8.Physics.Vehicles.Editor.pdb
[3409/3789  0s] CopyFiles Library/ScriptAssemblies/Hecton8.Physics.Vehicles.Editor.dll
[3414/3789  0s] CopyFiles Library/ScriptAssemblies/Hecton8.Core.Bridge.Editor.pdb
[3416/3789  0s] CopyFiles Library/ScriptAssemblies/Hecton8.Core.Bridge.Editor.dll
[3442/3789  0s] CopyFiles Library/ScriptAssemblies/Hecton8.World.ShinobuBiomimetic.Editor.pdb
[3445/3789  0s] CopyFiles Library/ScriptAssemblies/Hecton8.World.ShinobuBiomimetic.Editor.dll
[3446/3789  0s] CopyFiles Library/ScriptAssemblies/Hecton8.Physics.KCC.Editor.pdb
[3447/3789  0s] CopyFiles Library/ScriptAssemblies/Hecton8.Physics.KCC.Editor.dll
[3458/3789  0s] CopyFiles Library/ScriptAssemblies/Hecton8.Physics.Buoyancy.Editor.pdb
[3462/3789  0s] CopyFiles Library/ScriptAssemblies/Hecton8.Physics.Buoyancy.Editor.dll
[3468/3789  0s] CopyFiles Library/ScriptAssemblies/Hecton8.EditModeTests.pdb
[3473/3789  0s] CopyFiles Library/ScriptAssemblies/Hecton8.EditModeTests.dll
[3474/3789  0s] CopyFiles Library/ScriptAssemblies/Hecton8.AI.Pathfinding.Editor.pdb
[3475/3789  0s] CopyFiles Library/ScriptAssemblies/Hecton8.AI.Pathfinding.Editor.dll
[3476/3789  0s] CopyFiles Library/ScriptAssemblies/Hecton8.Lighting.Editor.dll
[3479/3789  0s] CopyFiles Library/ScriptAssemblies/Hecton8.Lighting.Editor.pdb
[3488/3789  0s] CopyFiles Library/ScriptAssemblies/Hecton8.Audio.Synthesis.Editor.dll
[3489/3789  0s] CopyFiles Library/ScriptAssemblies/Hecton8.Audio.Synthesis.Editor.pdb
[3498/3789  0s] CopyFiles Library/ScriptAssemblies/Hecton8.AI.Cognition.Editor.dll
[3499/3789  0s] CopyFiles Library/ScriptAssemblies/Hecton8.AI.Cognition.Editor.pdb
[3500/3789  0s] CopyFiles Library/ScriptAssemblies/Hecton8.InventoryRouting.Editor.pdb
[3501/3789  0s] CopyFiles Library/ScriptAssemblies/Hecton8.InventoryRouting.Editor.dll
[3514/3789  0s] CopyFiles Library/ScriptAssemblies/Hecton8.Tools.ToolKinematics.Editor.dll
[3515/3789  0s] CopyFiles Library/ScriptAssemblies/Hecton8.Tools.ToolKinematics.Editor.pdb
[3516/3789  0s] CopyFiles Library/ScriptAssemblies/Hecton8.Animation.FaunaProcedural.Editor.pdb
[3518/3789  0s] CopyFiles Library/ScriptAssemblies/Hecton8.Animation.FaunaProcedural.Editor.dll
[3524/3789  0s] CopyFiles Library/ScriptAssemblies/Hecton8.Crest.Bridge.Editor.pdb
[3525/3789  0s] CopyFiles Library/ScriptAssemblies/Hecton8.Crest.Bridge.Editor.dll
[3528/3789  0s] CopyFiles Library/ScriptAssemblies/Hecton8.UI.Editor.pdb
[3529/3789  0s] CopyFiles Library/ScriptAssemblies/Hecton8.UI.Editor.dll
[3536/3789  0s] CopyFiles Library/ScriptAssemblies/Hecton8.QA.Editor.pdb
[3538/3789  0s] CopyFiles Library/ScriptAssemblies/Hecton8.QA.Editor.dll
[3540/3789  0s] CopyFiles Library/ScriptAssemblies/Hecton8.SaveSystem.EditModeTests.dll
[3541/3789  0s] CopyFiles Library/ScriptAssemblies/Hecton8.SaveSystem.EditModeTests.pdb
[3542/3789  0s] CopyFiles Library/ScriptAssemblies/Hecton8.World.Economy.Editor.dll
[3543/3789  0s] CopyFiles Library/ScriptAssemblies/Hecton8.World.Economy.Editor.pdb
[3552/3789  0s] CopyFiles Library/ScriptAssemblies/Hecton8.QA.Headless.Editor.pdb
[3553/3789  0s] CopyFiles Library/ScriptAssemblies/Hecton8.QA.Headless.Editor.dll
[3554/3789  0s] CopyFiles Library/ScriptAssemblies/Hecton8.Narrative.Campaign.pdb
[3555/3789  0s] CopyFiles Library/ScriptAssemblies/Hecton8.Power.BatteryChargerLogistics.Runtime.pdb
[3558/3789  0s] CopyFiles Library/ScriptAssemblies/Hecton8.Thermodynamics.pdb
[3559/3789  0s] CopyFiles Library/ScriptAssemblies/Hecton8.Narrative.Prologue.pdb
[3564/3789  0s] CopyFiles Library/ScriptAssemblies/Hecton8.Dev.SpaceEngine098.pdb
[3569/3789  0s] CopyFiles Library/ScriptAssemblies/Hecton8.Crest.Bridge.pdb
[3577/3789  0s] CopyFiles Library/ScriptAssemblies/Hecton8.Vehicles.VFX.pdb
[3578/3789  0s] CopyFiles Library/ScriptAssemblies/Hecton8.UI.Navigation.pdb
[3588/3789  0s] CopyFiles Library/ScriptAssemblies/Hecton8.Animation.FaunaProcedural.pdb
[3589/3789  0s] CopyFiles Library/ScriptAssemblies/Hecton8.VFX.Debris.pdb
[3590/3789  0s] CopyFiles Library/ScriptAssemblies/Hecton8.Graphics.Culling.pdb
[3593/3789  0s] CopyFiles Library/ScriptAssemblies/Hecton8.Atmosphere.StormPropagation.Runtime.pdb
[3594/3789  0s] CopyFiles Library/ScriptAssemblies/Hecton8.VFX.PlasmaBeam.Runtime.pdb
[3595/3789  0s] CopyFiles Library/ScriptAssemblies/Hecton8.Audio.Synthesis.pdb
[3600/3789  0s] CopyFiles Library/ScriptAssemblies/Hecton8.UI.Diegetic.pdb
[3601/3789  0s] CopyFiles Library/ScriptAssemblies/Hecton8.Graphics.Caustics.pdb
[3602/3789  0s] CopyFiles Library/ScriptAssemblies/Hecton8.VFX.Bioluminescence.Runtime.pdb
[3603/3789  0s] CopyFiles Library/ScriptAssemblies/Hecton8.Prologue.Space.pdb
[3606/3789  0s] CopyFiles Library/ScriptAssemblies/Hecton8.Core.Hardware.pdb
[3610/3789  0s] CopyFiles Library/ScriptAssemblies/Hecton8.VFX.Materials.pdb
[3611/3789  0s] CopyFiles Library/ScriptAssemblies/Hecton8.Physiology.pdb
[3616/3789  0s] CopyFiles Library/ScriptAssemblies/Hecton8.Prologue.VFX.pdb
[3617/3789  0s] CopyFiles Library/ScriptAssemblies/Hecton8.World.Outposts.pdb
[3618/3789  0s] CopyFiles Library/ScriptAssemblies/Hecton8.World.Economy.pdb
[3620/3789  0s] CopyFiles Library/ScriptAssemblies/Hecton8.Power.Generators.pdb
[3634/3789  0s] CopyFiles Library/ScriptAssemblies/Hecton8.QA.pdb
[3635/3789  0s] CopyFiles Library/ScriptAssemblies/Hecton8.Tools.ToolKinematics.pdb
[3639/3789  0s] CopyFiles Library/ScriptAssemblies/Hecton8.Inventory.Routing.Runtime.pdb
[3640/3789  0s] CopyFiles Library/ScriptAssemblies/Hecton8.UI.Tools.pdb
[3650/3789  0s] CopyFiles Library/ScriptAssemblies/Hecton8.Graphics.Scalability.pdb
[3652/3789  0s] CopyFiles Library/ScriptAssemblies/Hecton8.Rendering.WaterOptics.pdb
[3653/3789  0s] CopyFiles Library/ScriptAssemblies/Hecton8.Habitat.Deformation.pdb
[3654/3789  0s] CopyFiles Library/ScriptAssemblies/Hecton8.Audio.Prologue.pdb
[3662/3789  0s] CopyFiles Library/ScriptAssemblies/Hecton8.Gameplay.Mining.pdb
[3663/3789  0s] CopyFiles Library/ScriptAssemblies/Hecton8.PlayModeTests.pdb
[3670/3789  0s] CopyFiles Library/ScriptAssemblies/Hecton8.VFX.JacobianFoam.Runtime.pdb
[3686/3789  0s] CopyFiles Library/ScriptAssemblies/Hecton8.Plugins.pdb
[3691/3789  0s] CopyFiles Library/ScriptAssemblies/Hecton8.SeedShipAnomaly.Runtime.pdb
[3692/3789  0s] CopyFiles Library/ScriptAssemblies/Hecton8.QA.Headless.pdb
[3693/3789  0s] CopyFiles Library/ScriptAssemblies/Hecton8.AI.Pathfinding.pdb
[3694/3789  0s] CopyFiles Library/ScriptAssemblies/Hecton8.Graphics.Materials.pdb
[3700/3789  0s] CopyFiles Library/ScriptAssemblies/Hecton8.World.FloraAmbientSway.pdb
[3702/3789  0s] CopyFiles Library/ScriptAssemblies/Hecton8.Lighting.pdb
[3709/3789  0s] CopyFiles Library/ScriptAssemblies/Hecton8.World.ShinobuBiomimetic.pdb
[3722/3789  0s] CopyFiles Library/ScriptAssemblies/Hecton8.Rendering.OceanSinglePass.pdb
[3726/3789  0s] CopyFiles Library/ScriptAssemblies/Hecton8.AI.Ambient.pdb
[3727/3789  0s] CopyFiles Library/ScriptAssemblies/Hecton8.Physics.Buoyancy.Runtime.pdb
[3728/3789  0s] CopyFiles Library/ScriptAssemblies/Hecton8.Rendering.BilateralDrs.pdb
[3729/3789  0s] CopyFiles Library/ScriptAssemblies/Hecton8.Gameplay.Loot.Contracts.pdb
[3734/3789  0s] CopyFiles Library/ScriptAssemblies/Hecton8.UI.VR.pdb
[3742/3789  0s] CopyFiles Library/ScriptAssemblies/Hecton8.Gameplay.Loot.pdb
[3767/3789  0s] CopyFiles Library/ScriptAssemblies/Hecton8.World.Streaming.pdb
[3771/3789  1s] ILPostProcess Library/Bee/artifacts/1900b0aEDbg.dag/post-processed/Hecton8.Physiology.Editor.dll (+pdb)
Processing assembly Library/Bee/artifacts/1900b0aEDbg.dag/Hecton8.Physiology.Editor.dll, with 155 defines and 322 references

processors: Unity.Jobs.CodeGen.JobsILPostProcessor, zzzUnity.Burst.CodeGen.BurstILPostProcessor

running Unity.Jobs.CodeGen.JobsILPostProcessor

running zzzUnity.Burst.CodeGen.BurstILPostProcessor
[3772/3789  0s] CopyFiles Library/ScriptAssemblies/Hecton8.Physiology.Editor.dll
[3773/3789  0s] CopyFiles Library/ScriptAssemblies/Hecton8.Physiology.Editor.pdb
[3774/3789  1s] ILPostProcess Library/Bee/artifacts/1900b0aEDbg.dag/post-processed/Hecton8.DataMonolith.Editor.dll (+pdb)
Processing assembly Library/Bee/artifacts/1900b0aEDbg.dag/Hecton8.DataMonolith.Editor.dll, with 155 defines and 320 references

processors: Unity.Jobs.CodeGen.JobsILPostProcessor, zzzUnity.Burst.CodeGen.BurstILPostProcessor

running Unity.Jobs.CodeGen.JobsILPostProcessor

running zzzUnity.Burst.CodeGen.BurstILPostProcessor
[3775/3789  0s] CopyFiles Library/ScriptAssemblies/Hecton8.DataMonolith.Editor.pdb
[3776/3789  0s] CopyFiles Library/ScriptAssemblies/Hecton8.DataMonolith.Editor.dll
[3777/3789  6s] ILPostProcess Library/Bee/artifacts/1900b0aEDbg.dag/post-processed/Hecton8.World.FloraAmbientSway.Editor.dll (+pdb)
Processing assembly Library/Bee/artifacts/1900b0aEDbg.dag/Hecton8.World.FloraAmbientSway.Editor.dll, with 155 defines and 321 references

processors: Unity.Jobs.CodeGen.JobsILPostProcessor, zzzUnity.Burst.CodeGen.BurstILPostProcessor

running Unity.Jobs.CodeGen.JobsILPostProcessor

running zzzUnity.Burst.CodeGen.BurstILPostProcessor
[3778/3789  0s] CopyFiles Library/ScriptAssemblies/Hecton8.World.FloraAmbientSway.Editor.pdb
[3779/3789  0s] CopyFiles Library/ScriptAssemblies/Hecton8.World.FloraAmbientSway.Editor.dll
[3780/3789 19s] ILPostProcess Library/Bee/artifacts/1900b0aEDbg.dag/post-processed/Assembly-CSharp-Editor-firstpass.dll (+pdb)
Processing assembly Library/Bee/artifacts/1900b0aEDbg.dag/Assembly-CSharp-Editor-firstpass.dll, with 155 defines and 468 references

processors: Unity.Jobs.CodeGen.JobsILPostProcessor, zzzUnity.Burst.CodeGen.BurstILPostProcessor

running Unity.Jobs.CodeGen.JobsILPostProcessor

running zzzUnity.Burst.CodeGen.BurstILPostProcessor
[3783/3789 23s] ILPostProcess Library/Bee/artifacts/1900b0aEDbg.dag/post-processed/Hecton8.Editor.dll (+pdb)
Processing assembly Library/Bee/artifacts/1900b0aEDbg.dag/Hecton8.Editor.dll, with 156 defines and 343 references

processors: Unity.Jobs.CodeGen.JobsILPostProcessor, zzzUnity.Burst.CodeGen.BurstILPostProcessor

running Unity.Jobs.CodeGen.JobsILPostProcessor

running zzzUnity.Burst.CodeGen.BurstILPostProcessor
[3784/3789  0s] CopyFiles Library/ScriptAssemblies/Hecton8.Editor.pdb
[3785/3789  0s] CopyFiles Library/ScriptAssemblies/Hecton8.Editor.dll
[BUSY     101s] ILPostProcess Library/Bee/artifacts/1900b0aEDbg.dag/post-processed/Hecton8.Core.dll (+pdb)
[BUSY     112s] ILPostProcess Library/Bee/artifacts/1900b0aEDbg.dag/post-processed/Hecton8.Core.dll (+pdb)
[BUSY     122s] ILPostProcess Library/Bee/artifacts/1900b0aEDbg.dag/post-processed/Hecton8.Core.dll (+pdb)
[3786/3789 130s] ILPostProcess Library/Bee/artifacts/1900b0aEDbg.dag/post-processed/Hecton8.Core.dll (+pdb)
Processing assembly Library/Bee/artifacts/1900b0aEDbg.dag/Hecton8.Core.dll, with 158 defines and 348 references

processors: Unity.Jobs.CodeGen.JobsILPostProcessor, zzzUnity.Burst.CodeGen.BurstILPostProcessor

running Unity.Jobs.CodeGen.JobsILPostProcessor

running zzzUnity.Burst.CodeGen.BurstILPostProcessor
[3787/3789  0s] CopyFiles Library/ScriptAssemblies/Hecton8.Core.pdb
[3788/3789  0s] CopyFiles Library/ScriptAssemblies/Hecton8.Core.dll
*** Tundra build success (171.88 seconds - 0:02:51), 378 items updated, 3789 evaluated
AssetDatabase: script compilation time: 290.091697s
[ScriptCompilation] Requested script compilation because: AssetDatabase observed changes in script compilation related files
[Licensing::Client] Successfully resolved entitlement details
Total cache size 265484168
Total cache size after purge 265484168, took 00:00:01.8148845
Starting: C:\Program Files\Unity\Hub\Editor\6000.4.1f1\Editor\Data\Tools\BuildPipeline\bee_backend.exe --ipc --defer-dag-verification --dagfile="Library/Bee/1900b0aEDbg.dag" --continue-on-failure --profile="Library/Bee/backend1.traceevents" ScriptAssemblies
WorkingDir: C:/hades/Hecton8
ExitCode: 0 Duration: 2m:20s
[2644/3789  0s] ILPP-Configuration Library/ilpp-configuration.nevergeneratedoutput
[BUSY       6s] Csc Library/Bee/artifacts/1900b0aEDbg.dag/Hecton8.Core.dll (+2 others)
[BUSY      16s] Csc Library/Bee/artifacts/1900b0aEDbg.dag/Hecton8.Core.dll (+2 others)
[BUSY      26s] Csc Library/Bee/artifacts/1900b0aEDbg.dag/Hecton8.Core.dll (+2 others)
[BUSY      37s] Csc Library/Bee/artifacts/1900b0aEDbg.dag/Hecton8.Core.dll (+2 others)
[3389/3789 39s] Csc Library/Bee/artifacts/1900b0aEDbg.dag/Hecton8.Core.dll (+2 others)
[             ] Modification date of `Assets\_Project\Scripts\Fauna\PredatorCognitionDomain_Steering.cs` changed while running `Csc Library/Bee/artifacts/1900b0aEDbg.dag/Hecton8.Core.dll (+2 others)`. Old timestamp: 134239361983946854, new timestamp: 134239362577932630
[3390/3789  1s] Csc Library/Bee/artifacts/1900b0aEDbg.dag/Hecton8.Dev.SpaceEngine098.dll (+2 others)
[3391/3789  1s] Csc Library/Bee/artifacts/1900b0aEDbg.dag/Hecton8.Inventory.Routing.Runtime.dll (+2 others)
[3392/3789  1s] Csc Library/Bee/artifacts/1900b0aEDbg.dag/Hecton8.Graphics.Scalability.dll (+2 others)
[3393/3789  1s] Csc Library/Bee/artifacts/1900b0aEDbg.dag/Hecton8.Rendering.BilateralDrs.dll (+2 others)
[3394/3789  1s] Csc Library/Bee/artifacts/1900b0aEDbg.dag/Hecton8.QA.Headless.dll (+2 others)
[3395/3789  1s] Csc Library/Bee/artifacts/1900b0aEDbg.dag/Hecton8.Lighting.dll (+2 others)
[3396/3789  1s] Csc Library/Bee/artifacts/1900b0aEDbg.dag/Hecton8.Crest.Bridge.dll (+2 others)
[3397/3789  1s] Csc Library/Bee/artifacts/1900b0aEDbg.dag/Hecton8.Plugins.dll (+2 others)
[3398/3789  1s] Csc Library/Bee/artifacts/1900b0aEDbg.dag/Hecton8.Rendering.OceanSinglePass.dll (+2 others)
[3399/3789  1s] Csc Library/Bee/artifacts/1900b0aEDbg.dag/Hecton8.SeedShipAnomaly.Runtime.dll (+2 others)
[3400/3789  1s] Csc Library/Bee/artifacts/1900b0aEDbg.dag/Hecton8.Gameplay.Loot.Contracts.dll (+2 others)
[3401/3789  1s] Csc Library/Bee/artifacts/1900b0aEDbg.dag/Hecton8.Crest.Bridge.Editor.dll (+2 others)
[3402/3789  1s] Csc Library/Bee/artifacts/1900b0aEDbg.dag/Hecton8.Thermodynamics.dll (+2 others)
[3403/3789  1s] Csc Library/Bee/artifacts/1900b0aEDbg.dag/Hecton8.InventoryRouting.Editor.dll (+2 others)
[3404/3789  1s] Csc Library/Bee/artifacts/1900b0aEDbg.dag/Hecton8.Lighting.Editor.dll (+2 others)
[3406/3789  2s] Csc Library/Bee/artifacts/1900b0aEDbg.dag/Hecton8.QA.dll (+2 others)
[3407/3789  2s] Csc Library/Bee/artifacts/1900b0aEDbg.dag/Hecton8.Animation.FaunaProcedural.dll (+2 others)
[3408/3789  2s] Csc Library/Bee/artifacts/1900b0aEDbg.dag/Hecton8.World.Economy.dll (+2 others)
[3409/3789  2s] Csc Library/Bee/artifacts/1900b0aEDbg.dag/Hecton8.AI.Pathfinding.dll (+2 others)
[3410/3789  2s] Csc Library/Bee/artifacts/1900b0aEDbg.dag/Hecton8.World.FloraAmbientSway.dll (+2 others)
[3411/3789  3s] Csc Library/Bee/artifacts/1900b0aEDbg.dag/Hecton8.Graphics.Materials.dll (+2 others)
[3412/3789  3s] Csc Library/Bee/artifacts/1900b0aEDbg.dag/Hecton8.Power.BatteryChargerLogistics.Runtime.dll (+2 others)
[3413/3789  6s] Csc Library/Bee/artifacts/1900b0aEDbg.dag/Hecton8.Editor.dll (+2 others)
[3414/3789  3s] Csc Library/Bee/artifacts/1900b0aEDbg.dag/Hecton8.Power.Generators.dll (+2 others)
[3415/3789  3s] Csc Library/Bee/artifacts/1900b0aEDbg.dag/Hecton8.VFX.JacobianFoam.Runtime.dll (+2 others)
[3416/3789  3s] Csc Library/Bee/artifacts/1900b0aEDbg.dag/Hecton8.Graphics.Culling.dll (+2 others)
[3419/3789  3s] Csc Library/Bee/artifacts/1900b0aEDbg.dag/Hecton8.Tools.ToolKinematics.dll (+2 others)
[3420/3789  3s] Csc Library/Bee/artifacts/1900b0aEDbg.dag/Hecton8.Physiology.dll (+2 others)
[3421/3789  2s] Csc Library/Bee/artifacts/1900b0aEDbg.dag/Hecton8.Physics.Buoyancy.Runtime.dll (+2 others)
[3422/3789  3s] Csc Library/Bee/artifacts/1900b0aEDbg.dag/Hecton8.VFX.Bioluminescence.Runtime.dll (+2 others)
[3423/3789  3s] Csc Library/Bee/artifacts/1900b0aEDbg.dag/Hecton8.Habitat.Deformation.dll (+2 others)
[3424/3789  2s] Csc Library/Bee/artifacts/1900b0aEDbg.dag/Hecton8.VFX.PlasmaBeam.Runtime.dll (+2 others)
[3425/3789  2s] Csc Library/Bee/artifacts/1900b0aEDbg.dag/Hecton8.Atmosphere.StormPropagation.Runtime.dll (+2 others)
[3426/3789  3s] Csc Library/Bee/artifacts/1900b0aEDbg.dag/Hecton8.World.ShinobuBiomimetic.dll (+2 others)
[3427/3789  3s] Csc Library/Bee/artifacts/1900b0aEDbg.dag/Hecton8.Rendering.WaterOptics.dll (+2 others)
[3428/3789  3s] Csc Library/Bee/artifacts/1900b0aEDbg.dag/Hecton8.UI.Tools.dll (+2 others)
[3429/3789  4s] Csc Library/Bee/artifacts/1900b0aEDbg.dag/Hecton8.Audio.Synthesis.dll (+2 others)
[3430/3789  3s] Csc Library/Bee/artifacts/1900b0aEDbg.dag/Hecton8.UI.Navigation.dll (+2 others)
[3431/3789  3s] Csc Library/Bee/artifacts/1900b0aEDbg.dag/Hecton8.AI.Ambient.dll (+2 others)
[3432/3789  3s] Csc Library/Bee/artifacts/1900b0aEDbg.dag/Hecton8.World.Outposts.dll (+2 others)
[3433/3789  2s] Csc Library/Bee/artifacts/1900b0aEDbg.dag/Hecton8.PlayModeTests.dll (+2 others)
[3434/3789  2s] Csc Library/Bee/artifacts/1900b0aEDbg.dag/Hecton8.Audio.Prologue.dll (+2 others)
[3435/3789  2s] Csc Library/Bee/artifacts/1900b0aEDbg.dag/Hecton8.Graphics.Caustics.dll (+2 others)
[3436/3789  2s] Csc Library/Bee/artifacts/1900b0aEDbg.dag/Hecton8.World.Streaming.dll (+2 others)
[3437/3789  2s] Csc Library/Bee/artifacts/1900b0aEDbg.dag/Hecton8.Core.Hardware.dll (+2 others)
[3438/3789  2s] Csc Library/Bee/artifacts/1900b0aEDbg.dag/Hecton8.VFX.Debris.dll (+2 others)
[3439/3789  1s] Csc Library/Bee/artifacts/1900b0aEDbg.dag/Hecton8.Gameplay.Loot.dll (+2 others)
[3440/3789  2s] Csc Library/Bee/artifacts/1900b0aEDbg.dag/Hecton8.Gameplay.Mining.dll (+2 others)
[3441/3789  2s] Csc Library/Bee/artifacts/1900b0aEDbg.dag/Hecton8.Prologue.VFX.dll (+2 others)
[3442/3789  1s] Csc Library/Bee/artifacts/1900b0aEDbg.dag/Hecton8.UI.Diegetic.dll (+2 others)
[3443/3789  1s] Csc Library/Bee/artifacts/1900b0aEDbg.dag/Hecton8.Narrative.Prologue.dll (+2 others)
[3444/3789  1s] Csc Library/Bee/artifacts/1900b0aEDbg.dag/Hecton8.UI.VR.dll (+2 others)
[3445/3789  1s] Csc Library/Bee/artifacts/1900b0aEDbg.dag/Hecton8.Vehicles.VFX.dll (+2 others)
[3446/3789  1s] Csc Library/Bee/artifacts/1900b0aEDbg.dag/Hecton8.Prologue.Space.dll (+2 others)
[3447/3789  1s] Csc Library/Bee/artifacts/1900b0aEDbg.dag/Hecton8.VFX.Materials.dll (+2 others)
[3449/3789  1s] Csc Library/Bee/artifacts/1900b0aEDbg.dag/Hecton8.Narrative.Campaign.dll (+2 others)
[3451/3789  1s] Csc Library/Bee/artifacts/1900b0aEDbg.dag/Hecton8.UI.Editor.dll (+2 others)
[3452/3789  2s] Csc Library/Bee/artifacts/1900b0aEDbg.dag/Hecton8.World.VoxelSurfaceNets.Editor.dll (+2 others)
[3453/3789  1s] Csc Library/Bee/artifacts/1900b0aEDbg.dag/Hecton8.VFX.JacobianFoam.Editor.dll (+2 others)
[3454/3789  2s] Csc Library/Bee/artifacts/1900b0aEDbg.dag/Hecton8.EditModeTests.dll (+2 others)
[3455/3789  2s] Csc Library/Bee/artifacts/1900b0aEDbg.dag/Hecton8.DataMonolith.Editor.dll (+2 others)
[3456/3789  2s] Csc Library/Bee/artifacts/1900b0aEDbg.dag/Hecton8.World.ProceduralCoral.Editor.dll (+2 others)
[3457/3789  2s] Csc Library/Bee/artifacts/1900b0aEDbg.dag/Hecton8.SaveSystem.Editor.dll (+2 others)
[3458/3789  2s] Csc Library/Bee/artifacts/1900b0aEDbg.dag/Hecton8.QA.Headless.Editor.dll (+2 others)
[3459/3789  2s] Csc Library/Bee/artifacts/1900b0aEDbg.dag/Hecton8.SeedShipAnomaly.Editor.dll (+2 others)
[3460/3789  2s] Csc Library/Bee/artifacts/1900b0aEDbg.dag/Hecton8.Tools.ToolKinematics.Editor.dll (+2 others)
[3461/3789  1s] Csc Library/Bee/artifacts/1900b0aEDbg.dag/Hecton8.Physiology.Editor.dll (+2 others)
[3462/3789  1s] Csc Library/Bee/artifacts/1900b0aEDbg.dag/Hecton8.SaveSystem.EditModeTests.dll (+2 others)
[3464/3789  2s] Csc Library/Bee/artifacts/1900b0aEDbg.dag/Hecton8.Project.Editor.dll (+2 others)
[3466/3789  1s] Csc Library/Bee/artifacts/1900b0aEDbg.dag/Hecton8.Physics.Buoyancy.Editor.dll (+2 others)
[3467/3789  1s] Csc Library/Bee/artifacts/1900b0aEDbg.dag/Hecton8.Core.Bridge.Editor.dll (+2 others)
[3468/3789  2s] Csc Library/Bee/artifacts/1900b0aEDbg.dag/Hecton8.Physics.KCC.Editor.dll (+2 others)
[3469/3789  1s] Csc Library/Bee/artifacts/1900b0aEDbg.dag/Hecton8.QA.Editor.dll (+2 others)
[3471/3789  1s] Csc Library/Bee/artifacts/1900b0aEDbg.dag/Hecton8.Atmosphere.StormPropagation.Editor.dll (+2 others)
[3472/3789  1s] Csc Library/Bee/artifacts/1900b0aEDbg.dag/Hecton8.Animation.FaunaProcedural.Editor.dll (+2 others)
[3473/3789  1s] Csc Library/Bee/artifacts/1900b0aEDbg.dag/Hecton8.Physics.Vehicles.Editor.dll (+2 others)
[3474/3789  1s] Csc Library/Bee/artifacts/1900b0aEDbg.dag/Hecton8.World.ShinobuBiomimetic.Editor.dll (+2 others)
[3475/3789  1s] Csc Library/Bee/artifacts/1900b0aEDbg.dag/Hecton8.Core.Content.Editor.dll (+2 others)
[3476/3789  1s] Csc Library/Bee/artifacts/1900b0aEDbg.dag/Hecton8.Rendering.WaterOptics.Editor.dll (+2 others)
[3477/3789  1s] Csc Library/Bee/artifacts/1900b0aEDbg.dag/Hecton8.Optimization.Editor.dll (+2 others)
[3479/3789  1s] Csc Library/Bee/artifacts/1900b0aEDbg.dag/Hecton8.Audio.Synthesis.Editor.dll (+2 others)
[3480/3789  1s] Csc Library/Bee/artifacts/1900b0aEDbg.dag/Hecton8.World.Economy.Editor.dll (+2 others)
[3481/3789  1s] Csc Library/Bee/artifacts/1900b0aEDbg.dag/Hecton8.UI.TerminalOS.Editor.dll (+2 others)
[3482/3789  1s] Csc Library/Bee/artifacts/1900b0aEDbg.dag/Hecton8.AI.Pathfinding.Editor.dll (+2 others)
[3483/3789  1s] Csc Library/Bee/artifacts/1900b0aEDbg.dag/Hecton8.Cartography.Editor.dll (+2 others)
[3484/3789  1s] Csc Library/Bee/artifacts/1900b0aEDbg.dag/Hecton8.World.FloraAmbientSway.Editor.dll (+2 others)
[3485/3789  1s] Csc Library/Bee/artifacts/1900b0aEDbg.dag/Hecton8.AI.Cognition.Editor.dll (+2 others)
[3486/3789  1s] Csc Library/Bee/artifacts/1900b0aEDbg.dag/Hecton8.Power.BatteryChargerLogistics.Editor.dll (+2 others)
[3487/3789  1s] Csc Library/Bee/artifacts/1900b0aEDbg.dag/Hecton8.World.ProceduralWreckage.Editor.dll (+2 others)
[3488/3789  1s] Csc Library/Bee/artifacts/1900b0aEDbg.dag/Hecton8.World.HydraulicErosionForge.Editor.dll (+2 others)
[3489/3789  2s] ILPostProcess Library/Bee/artifacts/1900b0aEDbg.dag/post-processed/Hecton8.Rendering.WaterOptics.dll (+pdb)
Processing assembly Library/Bee/artifacts/1900b0aEDbg.dag/Hecton8.Rendering.WaterOptics.dll, with 157 defines and 314 references

processors: Unity.Jobs.CodeGen.JobsILPostProcessor, zzzUnity.Burst.CodeGen.BurstILPostProcessor

running Unity.Jobs.CodeGen.JobsILPostProcessor

running zzzUnity.Burst.CodeGen.BurstILPostProcessor
[3490/3789  3s] ILPostProcess Library/Bee/artifacts/1900b0aEDbg.dag/post-processed/Hecton8.World.ShinobuBiomimetic.dll (+pdb)
Processing assembly Library/Bee/artifacts/1900b0aEDbg.dag/Hecton8.World.ShinobuBiomimetic.dll, with 157 defines and 312 references

processors: Unity.Jobs.CodeGen.JobsILPostProcessor, zzzUnity.Burst.CodeGen.BurstILPostProcessor

running Unity.Jobs.CodeGen.JobsILPostProcessor

running zzzUnity.Burst.CodeGen.BurstILPostProcessor
[3491/3789  3s] ILPostProcess Library/Bee/artifacts/1900b0aEDbg.dag/post-processed/Hecton8.VFX.PlasmaBeam.Runtime.dll (+pdb)
Processing assembly Library/Bee/artifacts/1900b0aEDbg.dag/Hecton8.VFX.PlasmaBeam.Runtime.dll, with 157 defines and 313 references

processors: Unity.Jobs.CodeGen.JobsILPostProcessor, zzzUnity.Burst.CodeGen.BurstILPostProcessor

running Unity.Jobs.CodeGen.JobsILPostProcessor

running zzzUnity.Burst.CodeGen.BurstILPostProcessor
[BUSY       7s] ILPostProcess Library/Bee/artifacts/1900b0aEDbg.dag/post-processed/Hecton8.UI.Navigation.dll (+pdb)
[3492/3789  9s] ILPostProcess Library/Bee/artifacts/1900b0aEDbg.dag/post-processed/Hecton8.AI.Ambient.dll (+pdb)
Processing assembly Library/Bee/artifacts/1900b0aEDbg.dag/Hecton8.AI.Ambient.dll, with 157 defines and 312 references

processors: Unity.Jobs.CodeGen.JobsILPostProcessor, zzzUnity.Burst.CodeGen.BurstILPostProcessor

running Unity.Jobs.CodeGen.JobsILPostProcessor

running zzzUnity.Burst.CodeGen.BurstILPostProcessor
[3493/3789 10s] ILPostProcess Library/Bee/artifacts/1900b0aEDbg.dag/post-processed/Hecton8.UI.Tools.dll (+pdb)
Processing assembly Library/Bee/artifacts/1900b0aEDbg.dag/Hecton8.UI.Tools.dll, with 157 defines and 310 references

processors: Unity.Jobs.CodeGen.JobsILPostProcessor, zzzUnity.Burst.CodeGen.BurstILPostProcessor

running Unity.Jobs.CodeGen.JobsILPostProcessor

running zzzUnity.Burst.CodeGen.BurstILPostProcessor
[3494/3789  9s] ILPostProcess Library/Bee/artifacts/1900b0aEDbg.dag/post-processed/Hecton8.Audio.Synthesis.dll (+pdb)
Processing assembly Library/Bee/artifacts/1900b0aEDbg.dag/Hecton8.Audio.Synthesis.dll, with 157 defines and 312 references

processors: Unity.Jobs.CodeGen.JobsILPostProcessor, zzzUnity.Burst.CodeGen.BurstILPostProcessor

running Unity.Jobs.CodeGen.JobsILPostProcessor

running zzzUnity.Burst.CodeGen.BurstILPostProcessor
[3495/3789  9s] ILPostProcess Library/Bee/artifacts/1900b0aEDbg.dag/post-processed/Hecton8.UI.Navigation.dll (+pdb)
Processing assembly Library/Bee/artifacts/1900b0aEDbg.dag/Hecton8.UI.Navigation.dll, with 157 defines and 313 references

processors: Unity.Jobs.CodeGen.JobsILPostProcessor, zzzUnity.Burst.CodeGen.BurstILPostProcessor

running Unity.Jobs.CodeGen.JobsILPostProcessor

running zzzUnity.Burst.CodeGen.BurstILPostProcessor
[3496/3789 11s] ILPostProcess Library/Bee/artifacts/1900b0aEDbg.dag/post-processed/Hecton8.Atmosphere.StormPropagation.Runtime.dll (+pdb)
Processing assembly Library/Bee/artifacts/1900b0aEDbg.dag/Hecton8.Atmosphere.StormPropagation.Runtime.dll, with 157 defines and 312 references

processors: Unity.Jobs.CodeGen.JobsILPostProcessor, zzzUnity.Burst.CodeGen.BurstILPostProcessor

running Unity.Jobs.CodeGen.JobsILPostProcessor

running zzzUnity.Burst.CodeGen.BurstILPostProcessor
[3497/3789  8s] ILPostProcess Library/Bee/artifacts/1900b0aEDbg.dag/post-processed/Hecton8.Gameplay.Loot.Contracts.dll (+pdb)
Processing assembly Library/Bee/artifacts/1900b0aEDbg.dag/Hecton8.Gameplay.Loot.Contracts.dll, with 157 defines and 311 references

processors: Unity.Jobs.CodeGen.JobsILPostProcessor, zzzUnity.Burst.CodeGen.BurstILPostProcessor

running Unity.Jobs.CodeGen.JobsILPostProcessor

running zzzUnity.Burst.CodeGen.BurstILPostProcessor
[3498/3789  9s] ILPostProcess Library/Bee/artifacts/1900b0aEDbg.dag/post-processed/Hecton8.Power.Generators.dll (+pdb)
Processing assembly Library/Bee/artifacts/1900b0aEDbg.dag/Hecton8.Power.Generators.dll, with 157 defines and 313 references

processors: Unity.Jobs.CodeGen.JobsILPostProcessor, zzzUnity.Burst.CodeGen.BurstILPostProcessor

running Unity.Jobs.CodeGen.JobsILPostProcessor

running zzzUnity.Burst.CodeGen.BurstILPostProcessor
[3499/3789  9s] ILPostProcess Library/Bee/artifacts/1900b0aEDbg.dag/post-processed/Hecton8.Power.BatteryChargerLogistics.Runtime.dll (+pdb)
Processing assembly Library/Bee/artifacts/1900b0aEDbg.dag/Hecton8.Power.BatteryChargerLogistics.Runtime.dll, with 157 defines and 312 references

processors: Unity.Jobs.CodeGen.JobsILPostProcessor, zzzUnity.Burst.CodeGen.BurstILPostProcessor

running Unity.Jobs.CodeGen.JobsILPostProcessor

running zzzUnity.Burst.CodeGen.BurstILPostProcessor
[BUSY       7s] ILPostProcess Library/Bee/artifacts/1900b0aEDbg.dag/post-processed/Hecton8.VFX.JacobianFoam.Runtime.dll (+pdb)
[BUSY      10s] ILPostProcess Library/Bee/artifacts/1900b0aEDbg.dag/post-processed/Hecton8.Physics.Buoyancy.Runtime.dll (+pdb)
[3500/3789 14s] ILPostProcess Library/Bee/artifacts/1900b0aEDbg.dag/post-processed/Hecton8.Physiology.dll (+pdb)
Processing assembly Library/Bee/artifacts/1900b0aEDbg.dag/Hecton8.Physiology.dll, with 157 defines and 312 references

processors: Unity.Jobs.CodeGen.JobsILPostProcessor, zzzUnity.Burst.CodeGen.BurstILPostProcessor

running Unity.Jobs.CodeGen.JobsILPostProcessor

running zzzUnity.Burst.CodeGen.BurstILPostProcessor
[3501/3789 15s] ILPostProcess Library/Bee/artifacts/1900b0aEDbg.dag/post-processed/Hecton8.VFX.JacobianFoam.Runtime.dll (+pdb)
Processing assembly Library/Bee/artifacts/1900b0aEDbg.dag/Hecton8.VFX.JacobianFoam.Runtime.dll, with 157 defines and 314 references

processors: Unity.Jobs.CodeGen.JobsILPostProcessor, zzzUnity.Burst.CodeGen.BurstILPostProcessor

running Unity.Jobs.CodeGen.JobsILPostProcessor

running zzzUnity.Burst.CodeGen.BurstILPostProcessor
[3502/3789 13s] ILPostProcess Library/Bee/artifacts/1900b0aEDbg.dag/post-processed/Hecton8.Physics.Buoyancy.Runtime.dll (+pdb)
Processing assembly Library/Bee/artifacts/1900b0aEDbg.dag/Hecton8.Physics.Buoyancy.Runtime.dll, with 157 defines and 312 references

processors: Unity.Jobs.CodeGen.JobsILPostProcessor, zzzUnity.Burst.CodeGen.BurstILPostProcessor

running Unity.Jobs.CodeGen.JobsILPostProcessor

running zzzUnity.Burst.CodeGen.BurstILPostProcessor
[3503/3789 14s] ILPostProcess Library/Bee/artifacts/1900b0aEDbg.dag/post-processed/Assembly-CSharp.dll (+pdb)
Processing assembly Library/Bee/artifacts/1900b0aEDbg.dag/Assembly-CSharp.dll, with 157 defines and 442 references

processors: Unity.Jobs.CodeGen.JobsILPostProcessor, zzzUnity.Burst.CodeGen.BurstILPostProcessor

running Unity.Jobs.CodeGen.JobsILPostProcessor

running zzzUnity.Burst.CodeGen.BurstILPostProcessor
[3504/3789 15s] ILPostProcess Library/Bee/artifacts/1900b0aEDbg.dag/post-processed/Hecton8.Graphics.Culling.dll (+pdb)
Processing assembly Library/Bee/artifacts/1900b0aEDbg.dag/Hecton8.Graphics.Culling.dll, with 157 defines and 313 references

processors: Unity.Jobs.CodeGen.JobsILPostProcessor, zzzUnity.Burst.CodeGen.BurstILPostProcessor

running Unity.Jobs.CodeGen.JobsILPostProcessor

running zzzUnity.Burst.CodeGen.BurstILPostProcessor
[3505/3789 13s] ILPostProcess Library/Bee/artifacts/1900b0aEDbg.dag/post-processed/Hecton8.VFX.Bioluminescence.Runtime.dll (+pdb)
Processing assembly Library/Bee/artifacts/1900b0aEDbg.dag/Hecton8.VFX.Bioluminescence.Runtime.dll, with 157 defines and 313 references

processors: Unity.Jobs.CodeGen.JobsILPostProcessor, zzzUnity.Burst.CodeGen.BurstILPostProcessor

running Unity.Jobs.CodeGen.JobsILPostProcessor

running zzzUnity.Burst.CodeGen.BurstILPostProcessor
[3506/3789 15s] ILPostProcess Library/Bee/artifacts/1900b0aEDbg.dag/post-processed/Hecton8.Tools.ToolKinematics.dll (+pdb)
Processing assembly Library/Bee/artifacts/1900b0aEDbg.dag/Hecton8.Tools.ToolKinematics.dll, with 157 defines and 313 references

processors: Unity.Jobs.CodeGen.JobsILPostProcessor, zzzUnity.Burst.CodeGen.BurstILPostProcessor

running Unity.Jobs.CodeGen.JobsILPostProcessor

running zzzUnity.Burst.CodeGen.BurstILPostProcessor
[3507/3789 13s] ILPostProcess Library/Bee/artifacts/1900b0aEDbg.dag/post-processed/Hecton8.AI.Pathfinding.dll (+pdb)
Processing assembly Library/Bee/artifacts/1900b0aEDbg.dag/Hecton8.AI.Pathfinding.dll, with 157 defines and 312 references

processors: Unity.Jobs.CodeGen.JobsILPostProcessor, zzzUnity.Burst.CodeGen.BurstILPostProcessor

running Unity.Jobs.CodeGen.JobsILPostProcessor

running zzzUnity.Burst.CodeGen.BurstILPostProcessor
[3508/3789  0s] ILPostProcess Library/Bee/artifacts/1900b0aEDbg.dag/post-processed/Hecton8.Graphics.Caustics.dll (+pdb)
Processing assembly Library/Bee/artifacts/1900b0aEDbg.dag/Hecton8.Graphics.Caustics.dll, with 157 defines and 312 references

processors: Unity.Jobs.CodeGen.JobsILPostProcessor, zzzUnity.Burst.CodeGen.BurstILPostProcessor

running Unity.Jobs.CodeGen.JobsILPostProcessor

running zzzUnity.Burst.CodeGen.BurstILPostProcessor
[3509/3789  0s] ILPostProcess Library/Bee/artifacts/1900b0aEDbg.dag/post-processed/Hecton8.Narrative.Prologue.dll (+pdb)
Processing assembly Library/Bee/artifacts/1900b0aEDbg.dag/Hecton8.Narrative.Prologue.dll, with 157 defines and 310 references

processors: Unity.Jobs.CodeGen.JobsILPostProcessor, zzzUnity.Burst.CodeGen.BurstILPostProcessor

running Unity.Jobs.CodeGen.JobsILPostProcessor

running zzzUnity.Burst.CodeGen.BurstILPostProcessor
[3510/3789  1s] ILPostProcess Library/Bee/artifacts/1900b0aEDbg.dag/post-processed/Hecton8.Gameplay.Loot.dll (+pdb)
Processing assembly Library/Bee/artifacts/1900b0aEDbg.dag/Hecton8.Gameplay.Loot.dll, with 157 defines and 312 references

processors: Unity.Jobs.CodeGen.JobsILPostProcessor, zzzUnity.Burst.CodeGen.BurstILPostProcessor

running Unity.Jobs.CodeGen.JobsILPostProcessor

running zzzUnity.Burst.CodeGen.BurstILPostProcessor
[3511/3789  1s] ILPostProcess Library/Bee/artifacts/1900b0aEDbg.dag/post-processed/Hecton8.Habitat.Deformation.dll (+pdb)
Processing assembly Library/Bee/artifacts/1900b0aEDbg.dag/Hecton8.Habitat.Deformation.dll, with 157 defines and 315 references

processors: Unity.Jobs.CodeGen.JobsILPostProcessor, zzzUnity.Burst.CodeGen.BurstILPostProcessor

running Unity.Jobs.CodeGen.JobsILPostProcessor

running zzzUnity.Burst.CodeGen.BurstILPostProcessor
[3512/3789  1s] ILPostProcess Library/Bee/artifacts/1900b0aEDbg.dag/post-processed/Hecton8.Prologue.VFX.dll (+pdb)
Processing assembly Library/Bee/artifacts/1900b0aEDbg.dag/Hecton8.Prologue.VFX.dll, with 157 defines and 311 references

processors: Unity.Jobs.CodeGen.JobsILPostProcessor, zzzUnity.Burst.CodeGen.BurstILPostProcessor

running Unity.Jobs.CodeGen.JobsILPostProcessor

running zzzUnity.Burst.CodeGen.BurstILPostProcessor
[3513/3789  1s] ILPostProcess Library/Bee/artifacts/1900b0aEDbg.dag/post-processed/Hecton8.Core.Hardware.dll (+pdb)
Processing assembly Library/Bee/artifacts/1900b0aEDbg.dag/Hecton8.Core.Hardware.dll, with 157 defines and 313 references

processors: Unity.Jobs.CodeGen.JobsILPostProcessor, zzzUnity.Burst.CodeGen.BurstILPostProcessor

running Unity.Jobs.CodeGen.JobsILPostProcessor

running zzzUnity.Burst.CodeGen.BurstILPostProcessor
[3514/3789  1s] ILPostProcess Library/Bee/artifacts/1900b0aEDbg.dag/post-processed/Hecton8.Vehicles.VFX.dll (+pdb)
Processing assembly Library/Bee/artifacts/1900b0aEDbg.dag/Hecton8.Vehicles.VFX.dll, with 157 defines and 312 references

processors: Unity.Jobs.CodeGen.JobsILPostProcessor, zzzUnity.Burst.CodeGen.BurstILPostProcessor

running Unity.Jobs.CodeGen.JobsILPostProcessor

running zzzUnity.Burst.CodeGen.BurstILPostProcessor
[3515/3789  1s] ILPostProcess Library/Bee/artifacts/1900b0aEDbg.dag/post-processed/Hecton8.World.Streaming.dll (+pdb)
Processing assembly Library/Bee/artifacts/1900b0aEDbg.dag/Hecton8.World.Streaming.dll, with 158 defines and 308 references

processors: Unity.Jobs.CodeGen.JobsILPostProcessor, zzzUnity.Burst.CodeGen.BurstILPostProcessor

running Unity.Jobs.CodeGen.JobsILPostProcessor

running zzzUnity.Burst.CodeGen.BurstILPostProcessor
[3516/3789  1s] ILPostProcess Library/Bee/artifacts/1900b0aEDbg.dag/post-processed/Hecton8.VFX.Materials.dll (+pdb)
Processing assembly Library/Bee/artifacts/1900b0aEDbg.dag/Hecton8.VFX.Materials.dll, with 157 defines and 311 references

processors: Unity.Jobs.CodeGen.JobsILPostProcessor, zzzUnity.Burst.CodeGen.BurstILPostProcessor

running Unity.Jobs.CodeGen.JobsILPostProcessor

running zzzUnity.Burst.CodeGen.BurstILPostProcessor
[3517/3789  0s] ILPostProcess Library/Bee/artifacts/1900b0aEDbg.dag/post-processed/Hecton8.Rendering.BilateralDrs.dll (+pdb)
Processing assembly Library/Bee/artifacts/1900b0aEDbg.dag/Hecton8.Rendering.BilateralDrs.dll, with 157 defines and 314 references

processors: Unity.Jobs.CodeGen.JobsILPostProcessor, zzzUnity.Burst.CodeGen.BurstILPostProcessor

running Unity.Jobs.CodeGen.JobsILPostProcessor

running zzzUnity.Burst.CodeGen.BurstILPostProcessor
[3518/3789  1s] ILPostProcess Library/Bee/artifacts/1900b0aEDbg.dag/post-processed/Hecton8.Narrative.Campaign.dll (+pdb)
Processing assembly Library/Bee/artifacts/1900b0aEDbg.dag/Hecton8.Narrative.Campaign.dll, with 157 defines and 312 references

processors: Unity.Jobs.CodeGen.JobsILPostProcessor, zzzUnity.Burst.CodeGen.BurstILPostProcessor

running Unity.Jobs.CodeGen.JobsILPostProcessor

running zzzUnity.Burst.CodeGen.BurstILPostProcessor
[3519/3789  1s] ILPostProcess Library/Bee/artifacts/1900b0aEDbg.dag/post-processed/Hecton8.Inventory.Routing.Runtime.dll (+pdb)
Processing assembly Library/Bee/artifacts/1900b0aEDbg.dag/Hecton8.Inventory.Routing.Runtime.dll, with 157 defines and 312 references

processors: Unity.Jobs.CodeGen.JobsILPostProcessor, zzzUnity.Burst.CodeGen.BurstILPostProcessor

running Unity.Jobs.CodeGen.JobsILPostProcessor

running zzzUnity.Burst.CodeGen.BurstILPostProcessor
[3520/3789  0s] ILPostProcess Library/Bee/artifacts/1900b0aEDbg.dag/post-processed/Hecton8.PlayModeTests.dll (+pdb)
Processing assembly Library/Bee/artifacts/1900b0aEDbg.dag/Hecton8.PlayModeTests.dll, with 157 defines and 270 references

processors: Unity.Jobs.CodeGen.JobsILPostProcessor, zzzUnity.Burst.CodeGen.BurstILPostProcessor

running Unity.Jobs.CodeGen.JobsILPostProcessor

running zzzUnity.Burst.CodeGen.BurstILPostProcessor
[3521/3789  1s] ILPostProcess Library/Bee/artifacts/1900b0aEDbg.dag/post-processed/Hecton8.Lighting.dll (+pdb)
Processing assembly Library/Bee/artifacts/1900b0aEDbg.dag/Hecton8.Lighting.dll, with 157 defines and 314 references

processors: Unity.Jobs.CodeGen.JobsILPostProcessor, zzzUnity.Burst.CodeGen.BurstILPostProcessor

running Unity.Jobs.CodeGen.JobsILPostProcessor

running zzzUnity.Burst.CodeGen.BurstILPostProcessor
[3522/3789  0s] ILPostProcess Library/Bee/artifacts/1900b0aEDbg.dag/post-processed/Hecton8.UI.VR.dll (+pdb)
Processing assembly Library/Bee/artifacts/1900b0aEDbg.dag/Hecton8.UI.VR.dll, with 157 defines and 313 references

processors: Unity.Jobs.CodeGen.JobsILPostProcessor, zzzUnity.Burst.CodeGen.BurstILPostProcessor

running Unity.Jobs.CodeGen.JobsILPostProcessor

running zzzUnity.Burst.CodeGen.BurstILPostProcessor
[3523/3789  0s] ILPostProcess Library/Bee/artifacts/1900b0aEDbg.dag/post-processed/Hecton8.Gameplay.Mining.dll (+pdb)
Processing assembly Library/Bee/artifacts/1900b0aEDbg.dag/Hecton8.Gameplay.Mining.dll, with 157 defines and 314 references

processors: Unity.Jobs.CodeGen.JobsILPostProcessor, zzzUnity.Burst.CodeGen.BurstILPostProcessor

running Unity.Jobs.CodeGen.JobsILPostProcessor

running zzzUnity.Burst.CodeGen.BurstILPostProcessor
[3524/3789  1s] ILPostProcess Library/Bee/artifacts/1900b0aEDbg.dag/post-processed/Hecton8.Plugins.dll (+pdb)
Processing assembly Library/Bee/artifacts/1900b0aEDbg.dag/Hecton8.Plugins.dll, with 157 defines and 314 references

processors: Unity.Jobs.CodeGen.JobsILPostProcessor, zzzUnity.Burst.CodeGen.BurstILPostProcessor

running Unity.Jobs.CodeGen.JobsILPostProcessor

running zzzUnity.Burst.CodeGen.BurstILPostProcessor
[3525/3789  0s] ILPostProcess Library/Bee/artifacts/1900b0aEDbg.dag/post-processed/Hecton8.SeedShipAnomaly.Runtime.dll (+pdb)
Processing assembly Library/Bee/artifacts/1900b0aEDbg.dag/Hecton8.SeedShipAnomaly.Runtime.dll, with 157 defines and 312 references

processors: Unity.Jobs.CodeGen.JobsILPostProcessor, zzzUnity.Burst.CodeGen.BurstILPostProcessor

running Unity.Jobs.CodeGen.JobsILPostProcessor

running zzzUnity.Burst.CodeGen.BurstILPostProcessor
[3526/3789  0s] ILPostProcess Library/Bee/artifacts/1900b0aEDbg.dag/post-processed/Hecton8.Prologue.Space.dll (+pdb)
Processing assembly Library/Bee/artifacts/1900b0aEDbg.dag/Hecton8.Prologue.Space.dll, with 157 defines and 312 references

processors: Unity.Jobs.CodeGen.JobsILPostProcessor, zzzUnity.Burst.CodeGen.BurstILPostProcessor

running Unity.Jobs.CodeGen.JobsILPostProcessor

running zzzUnity.Burst.CodeGen.BurstILPostProcessor
[3527/3789  1s] ILPostProcess Library/Bee/artifacts/1900b0aEDbg.dag/post-processed/Hecton8.VFX.Debris.dll (+pdb)
Processing assembly Library/Bee/artifacts/1900b0aEDbg.dag/Hecton8.VFX.Debris.dll, with 157 defines and 313 references

processors: Unity.Jobs.CodeGen.JobsILPostProcessor, zzzUnity.Burst.CodeGen.BurstILPostProcessor

running Unity.Jobs.CodeGen.JobsILPostProcessor

running zzzUnity.Burst.CodeGen.BurstILPostProcessor
[3528/3789  1s] ILPostProcess Library/Bee/artifacts/1900b0aEDbg.dag/post-processed/Hecton8.Crest.Bridge.dll (+pdb)
Processing assembly Library/Bee/artifacts/1900b0aEDbg.dag/Hecton8.Crest.Bridge.dll, with 157 defines and 318 references

processors: Unity.Jobs.CodeGen.JobsILPostProcessor, zzzUnity.Burst.CodeGen.BurstILPostProcessor

running Unity.Jobs.CodeGen.JobsILPostProcessor

running zzzUnity.Burst.CodeGen.BurstILPostProcessor
[3529/3789  2s] ILPostProcess Library/Bee/artifacts/1900b0aEDbg.dag/post-processed/Hecton8.Graphics.Materials.dll (+pdb)
Processing assembly Library/Bee/artifacts/1900b0aEDbg.dag/Hecton8.Graphics.Materials.dll, with 157 defines and 313 references

processors: Unity.Jobs.CodeGen.JobsILPostProcessor, zzzUnity.Burst.CodeGen.BurstILPostProcessor

running Unity.Jobs.CodeGen.JobsILPostProcessor

running zzzUnity.Burst.CodeGen.BurstILPostProcessor
[3530/3789  2s] ILPostProcess Library/Bee/artifacts/1900b0aEDbg.dag/post-processed/Hecton8.Graphics.Scalability.dll (+pdb)
Processing assembly Library/Bee/artifacts/1900b0aEDbg.dag/Hecton8.Graphics.Scalability.dll, with 157 defines and 315 references

processors: Unity.Jobs.CodeGen.JobsILPostProcessor, zzzUnity.Burst.CodeGen.BurstILPostProcessor

running Unity.Jobs.CodeGen.JobsILPostProcessor

running zzzUnity.Burst.CodeGen.BurstILPostProcessor
[3531/3789  2s] ILPostProcess Library/Bee/artifacts/1900b0aEDbg.dag/post-processed/Hecton8.QA.Headless.dll (+pdb)
Processing assembly Library/Bee/artifacts/1900b0aEDbg.dag/Hecton8.QA.Headless.dll, with 157 defines and 312 references

processors: Unity.Jobs.CodeGen.JobsILPostProcessor, zzzUnity.Burst.CodeGen.BurstILPostProcessor

running Unity.Jobs.CodeGen.JobsILPostProcessor

running zzzUnity.Burst.CodeGen.BurstILPostProcessor
[3532/3789  2s] ILPostProcess Library/Bee/artifacts/1900b0aEDbg.dag/post-processed/Hecton8.UI.Diegetic.dll (+pdb)
Processing assembly Library/Bee/artifacts/1900b0aEDbg.dag/Hecton8.UI.Diegetic.dll, with 157 defines and 313 references

processors: Unity.Jobs.CodeGen.JobsILPostProcessor, zzzUnity.Burst.CodeGen.BurstILPostProcessor

running Unity.Jobs.CodeGen.JobsILPostProcessor

running zzzUnity.Burst.CodeGen.BurstILPostProcessor
[3533/3789  2s] ILPostProcess Library/Bee/artifacts/1900b0aEDbg.dag/post-processed/Hecton8.World.Economy.dll (+pdb)
Processing assembly Library/Bee/artifacts/1900b0aEDbg.dag/Hecton8.World.Economy.dll, with 157 defines and 314 references

processors: Unity.Jobs.CodeGen.JobsILPostProcessor, zzzUnity.Burst.CodeGen.BurstILPostProcessor

running Unity.Jobs.CodeGen.JobsILPostProcessor

running zzzUnity.Burst.CodeGen.BurstILPostProcessor
[3534/3789  1s] ILPostProcess Library/Bee/artifacts/1900b0aEDbg.dag/post-processed/Hecton8.Dev.SpaceEngine098.dll (+pdb)
Processing assembly Library/Bee/artifacts/1900b0aEDbg.dag/Hecton8.Dev.SpaceEngine098.dll, with 157 defines and 310 references

processors: Unity.Jobs.CodeGen.JobsILPostProcessor, zzzUnity.Burst.CodeGen.BurstILPostProcessor

running Unity.Jobs.CodeGen.JobsILPostProcessor

running zzzUnity.Burst.CodeGen.BurstILPostProcessor
[3535/3789  0s] ILPostProcess Library/Bee/artifacts/1900b0aEDbg.dag/post-processed/Hecton8.Animation.FaunaProcedural.dll (+pdb)
Processing assembly Library/Bee/artifacts/1900b0aEDbg.dag/Hecton8.Animation.FaunaProcedural.dll, with 157 defines and 312 references

processors: Unity.Jobs.CodeGen.JobsILPostProcessor, zzzUnity.Burst.CodeGen.BurstILPostProcessor

running Unity.Jobs.CodeGen.JobsILPostProcessor

running zzzUnity.Burst.CodeGen.BurstILPostProcessor
[3536/3789  5s] ILPostProcess Library/Bee/artifacts/1900b0aEDbg.dag/post-processed/Assembly-CSharp-firstpass.dll (+pdb)
Processing assembly Library/Bee/artifacts/1900b0aEDbg.dag/Assembly-CSharp-firstpass.dll, with 157 defines and 441 references

processors: Unity.Jobs.CodeGen.JobsILPostProcessor, zzzUnity.Burst.CodeGen.BurstILPostProcessor

running Unity.Jobs.CodeGen.JobsILPostProcessor

running zzzUnity.Burst.CodeGen.BurstILPostProcessor
[3537/3789  3s] ILPostProcess Library/Bee/artifacts/1900b0aEDbg.dag/post-processed/Hecton8.World.Outposts.dll (+pdb)
Processing assembly Library/Bee/artifacts/1900b0aEDbg.dag/Hecton8.World.Outposts.dll, with 157 defines and 313 references

processors: Unity.Jobs.CodeGen.JobsILPostProcessor, zzzUnity.Burst.CodeGen.BurstILPostProcessor

running Unity.Jobs.CodeGen.JobsILPostProcessor

running zzzUnity.Burst.CodeGen.BurstILPostProcessor
[3538/3789  3s] ILPostProcess Library/Bee/artifacts/1900b0aEDbg.dag/post-processed/Hecton8.Rendering.OceanSinglePass.dll (+pdb)
Processing assembly Library/Bee/artifacts/1900b0aEDbg.dag/Hecton8.Rendering.OceanSinglePass.dll, with 157 defines and 315 references

processors: Unity.Jobs.CodeGen.JobsILPostProcessor, zzzUnity.Burst.CodeGen.BurstILPostProcessor

running Unity.Jobs.CodeGen.JobsILPostProcessor

running zzzUnity.Burst.CodeGen.BurstILPostProcessor
[3539/3789  3s] ILPostProcess Library/Bee/artifacts/1900b0aEDbg.dag/post-processed/Hecton8.Thermodynamics.dll (+pdb)
Processing assembly Library/Bee/artifacts/1900b0aEDbg.dag/Hecton8.Thermodynamics.dll, with 157 defines and 312 references

processors: Unity.Jobs.CodeGen.JobsILPostProcessor, zzzUnity.Burst.CodeGen.BurstILPostProcessor

running Unity.Jobs.CodeGen.JobsILPostProcessor

running zzzUnity.Burst.CodeGen.BurstILPostProcessor
[3540/3789  3s] ILPostProcess Library/Bee/artifacts/1900b0aEDbg.dag/post-processed/Hecton8.Audio.Prologue.dll (+pdb)
Processing assembly Library/Bee/artifacts/1900b0aEDbg.dag/Hecton8.Audio.Prologue.dll, with 157 defines and 311 references

processors: Unity.Jobs.CodeGen.JobsILPostProcessor, zzzUnity.Burst.CodeGen.BurstILPostProcessor

running Unity.Jobs.CodeGen.JobsILPostProcessor

running zzzUnity.Burst.CodeGen.BurstILPostProcessor
[3541/3789  2s] ILPostProcess Library/Bee/artifacts/1900b0aEDbg.dag/post-processed/Hecton8.QA.dll (+pdb)
Processing assembly Library/Bee/artifacts/1900b0aEDbg.dag/Hecton8.QA.dll, with 157 defines and 310 references

processors: Unity.Jobs.CodeGen.JobsILPostProcessor, zzzUnity.Burst.CodeGen.BurstILPostProcessor

running Unity.Jobs.CodeGen.JobsILPostProcessor

running zzzUnity.Burst.CodeGen.BurstILPostProcessor
[3542/3789  0s] ILPostProcess Library/Bee/artifacts/1900b0aEDbg.dag/post-processed/Hecton8.VFX.Bioluminescence.Editor.dll (+pdb)
Processing assembly Library/Bee/artifacts/1900b0aEDbg.dag/Hecton8.VFX.Bioluminescence.Editor.dll, with 155 defines and 319 references

processors: Unity.Jobs.CodeGen.JobsILPostProcessor, zzzUnity.Burst.CodeGen.BurstILPostProcessor

running Unity.Jobs.CodeGen.JobsILPostProcessor

running zzzUnity.Burst.CodeGen.BurstILPostProcessor
[3543/3789  6s] ILPostProcess Library/Bee/artifacts/1900b0aEDbg.dag/post-processed/Hecton8.World.FloraAmbientSway.dll (+pdb)
Processing assembly Library/Bee/artifacts/1900b0aEDbg.dag/Hecton8.World.FloraAmbientSway.dll, with 157 defines and 313 references

processors: Unity.Jobs.CodeGen.JobsILPostProcessor, zzzUnity.Burst.CodeGen.BurstILPostProcessor

running Unity.Jobs.CodeGen.JobsILPostProcessor

running zzzUnity.Burst.CodeGen.BurstILPostProcessor
[3544/3789  3s] ILPostProcess Library/Bee/artifacts/1900b0aEDbg.dag/post-processed/Hecton8.Animation.FaunaProcedural.Editor.dll (+pdb)
Processing assembly Library/Bee/artifacts/1900b0aEDbg.dag/Hecton8.Animation.FaunaProcedural.Editor.dll, with 155 defines and 322 references

processors: Unity.Jobs.CodeGen.JobsILPostProcessor, zzzUnity.Burst.CodeGen.BurstILPostProcessor

running Unity.Jobs.CodeGen.JobsILPostProcessor

running zzzUnity.Burst.CodeGen.BurstILPostProcessor
[3545/3789  3s] ILPostProcess Library/Bee/artifacts/1900b0aEDbg.dag/post-processed/Hecton8.VFX.PlasmaBeam.Editor.dll (+pdb)
Processing assembly Library/Bee/artifacts/1900b0aEDbg.dag/Hecton8.VFX.PlasmaBeam.Editor.dll, with 155 defines and 319 references

processors: Unity.Jobs.CodeGen.JobsILPostProcessor, zzzUnity.Burst.CodeGen.BurstILPostProcessor

running Unity.Jobs.CodeGen.JobsILPostProcessor

running zzzUnity.Burst.CodeGen.BurstILPostProcessor
[3546/3789  3s] ILPostProcess Library/Bee/artifacts/1900b0aEDbg.dag/post-processed/Assembly-CSharp-Editor.dll (+pdb)
Processing assembly Library/Bee/artifacts/1900b0aEDbg.dag/Assembly-CSharp-Editor.dll, with 155 defines and 470 references

processors: Unity.Jobs.CodeGen.JobsILPostProcessor, zzzUnity.Burst.CodeGen.BurstILPostProcessor

running Unity.Jobs.CodeGen.JobsILPostProcessor

running zzzUnity.Burst.CodeGen.BurstILPostProcessor
[3547/3789  3s] ILPostProcess Library/Bee/artifacts/1900b0aEDbg.dag/post-processed/Hecton8.Lighting.Editor.dll (+pdb)
Processing assembly Library/Bee/artifacts/1900b0aEDbg.dag/Hecton8.Lighting.Editor.dll, with 155 defines and 322 references

processors: Unity.Jobs.CodeGen.JobsILPostProcessor, zzzUnity.Burst.CodeGen.BurstILPostProcessor

running Unity.Jobs.CodeGen.JobsILPostProcessor

running zzzUnity.Burst.CodeGen.BurstILPostProcessor
[3548/3789  3s] ILPostProcess Library/Bee/artifacts/1900b0aEDbg.dag/post-processed/Hecton8.AI.Pathfinding.Editor.dll (+pdb)
Processing assembly Library/Bee/artifacts/1900b0aEDbg.dag/Hecton8.AI.Pathfinding.Editor.dll, with 155 defines and 322 references

processors: Unity.Jobs.CodeGen.JobsILPostProcessor, zzzUnity.Burst.CodeGen.BurstILPostProcessor

running Unity.Jobs.CodeGen.JobsILPostProcessor

running zzzUnity.Burst.CodeGen.BurstILPostProcessor
[3549/3789  3s] ILPostProcess Library/Bee/artifacts/1900b0aEDbg.dag/post-processed/Hecton8.Graphics.Materials.Editor.dll (+pdb)
Processing assembly Library/Bee/artifacts/1900b0aEDbg.dag/Hecton8.Graphics.Materials.Editor.dll, with 155 defines and 319 references

processors: Unity.Jobs.CodeGen.JobsILPostProcessor, zzzUnity.Burst.CodeGen.BurstILPostProcessor

running Unity.Jobs.CodeGen.JobsILPostProcessor

running zzzUnity.Burst.CodeGen.BurstILPostProcessor
[3550/3789  0s] ILPostProcess Library/Bee/artifacts/1900b0aEDbg.dag/post-processed/Hecton8.World.FloraAmbientSway.Editor.dll (+pdb)
Processing assembly Library/Bee/artifacts/1900b0aEDbg.dag/Hecton8.World.FloraAmbientSway.Editor.dll, with 155 defines and 321 references

processors: Unity.Jobs.CodeGen.JobsILPostProcessor, zzzUnity.Burst.CodeGen.BurstILPostProcessor

running Unity.Jobs.CodeGen.JobsILPostProcessor

running zzzUnity.Burst.CodeGen.BurstILPostProcessor
[3551/3789  0s] ILPostProcess Library/Bee/artifacts/1900b0aEDbg.dag/post-processed/Hecton8.World.VoxelSurfaceNets.Editor.dll (+pdb)
Processing assembly Library/Bee/artifacts/1900b0aEDbg.dag/Hecton8.World.VoxelSurfaceNets.Editor.dll, with 155 defines and 322 references

processors: Unity.Jobs.CodeGen.JobsILPostProcessor, zzzUnity.Burst.CodeGen.BurstILPostProcessor

running Unity.Jobs.CodeGen.JobsILPostProcessor

running zzzUnity.Burst.CodeGen.BurstILPostProcessor
[3552/3789  0s] ILPostProcess Library/Bee/artifacts/1900b0aEDbg.dag/post-processed/Hecton8.World.ProceduralCoral.Editor.dll (+pdb)
Processing assembly Library/Bee/artifacts/1900b0aEDbg.dag/Hecton8.World.ProceduralCoral.Editor.dll, with 155 defines and 322 references

processors: Unity.Jobs.CodeGen.JobsILPostProcessor, zzzUnity.Burst.CodeGen.BurstILPostProcessor

running Unity.Jobs.CodeGen.JobsILPostProcessor

running zzzUnity.Burst.CodeGen.BurstILPostProcessor
[3553/3789  0s] ILPostProcess Library/Bee/artifacts/1900b0aEDbg.dag/post-processed/Hecton8.Physics.KCC.Editor.dll (+pdb)
Processing assembly Library/Bee/artifacts/1900b0aEDbg.dag/Hecton8.Physics.KCC.Editor.dll, with 155 defines and 286 references

processors: Unity.Jobs.CodeGen.JobsILPostProcessor, zzzUnity.Burst.CodeGen.BurstILPostProcessor

running Unity.Jobs.CodeGen.JobsILPostProcessor

running zzzUnity.Burst.CodeGen.BurstILPostProcessor
[3554/3789  0s] ILPostProcess Library/Bee/artifacts/1900b0aEDbg.dag/post-processed/Hecton8.World.ShinobuBiomimetic.Editor.dll (+pdb)
Processing assembly Library/Bee/artifacts/1900b0aEDbg.dag/Hecton8.World.ShinobuBiomimetic.Editor.dll, with 155 defines and 322 references

processors: Unity.Jobs.CodeGen.JobsILPostProcessor, zzzUnity.Burst.CodeGen.BurstILPostProcessor

running Unity.Jobs.CodeGen.JobsILPostProcessor

running zzzUnity.Burst.CodeGen.BurstILPostProcessor
[3555/3789  0s] ILPostProcess Library/Bee/artifacts/1900b0aEDbg.dag/post-processed/Hecton8.UI.Editor.dll (+pdb)
Processing assembly Library/Bee/artifacts/1900b0aEDbg.dag/Hecton8.UI.Editor.dll, with 155 defines and 319 references

processors: Unity.Jobs.CodeGen.JobsILPostProcessor, zzzUnity.Burst.CodeGen.BurstILPostProcessor

running Unity.Jobs.CodeGen.JobsILPostProcessor

running zzzUnity.Burst.CodeGen.BurstILPostProcessor
[3556/3789  0s] ILPostProcess Library/Bee/artifacts/1900b0aEDbg.dag/post-processed/Hecton8.Physics.Buoyancy.Editor.dll (+pdb)
Processing assembly Library/Bee/artifacts/1900b0aEDbg.dag/Hecton8.Physics.Buoyancy.Editor.dll, with 155 defines and 286 references

processors: Unity.Jobs.CodeGen.JobsILPostProcessor, zzzUnity.Burst.CodeGen.BurstILPostProcessor

running Unity.Jobs.CodeGen.JobsILPostProcessor

running zzzUnity.Burst.CodeGen.BurstILPostProcessor
[3557/3789  0s] ILPostProcess Library/Bee/artifacts/1900b0aEDbg.dag/post-processed/Hecton8.SeedShipAnomaly.Editor.dll (+pdb)
Processing assembly Library/Bee/artifacts/1900b0aEDbg.dag/Hecton8.SeedShipAnomaly.Editor.dll, with 155 defines and 322 references

processors: Unity.Jobs.CodeGen.JobsILPostProcessor, zzzUnity.Burst.CodeGen.BurstILPostProcessor

running Unity.Jobs.CodeGen.JobsILPostProcessor

running zzzUnity.Burst.CodeGen.BurstILPostProcessor
[3558/3789  1s] ILPostProcess Library/Bee/artifacts/1900b0aEDbg.dag/post-processed/Hecton8.World.HydraulicErosionForge.Editor.dll (+pdb)
Processing assembly Library/Bee/artifacts/1900b0aEDbg.dag/Hecton8.World.HydraulicErosionForge.Editor.dll, with 155 defines and 320 references

processors: Unity.Jobs.CodeGen.JobsILPostProcessor, zzzUnity.Burst.CodeGen.BurstILPostProcessor

running Unity.Jobs.CodeGen.JobsILPostProcessor

running zzzUnity.Burst.CodeGen.BurstILPostProcessor
[3559/3789  0s] ILPostProcess Library/Bee/artifacts/1900b0aEDbg.dag/post-processed/Hecton8.Core.Bridge.Editor.dll (+pdb)
Processing assembly Library/Bee/artifacts/1900b0aEDbg.dag/Hecton8.Core.Bridge.Editor.dll, with 156 defines and 323 references

processors: Unity.Jobs.CodeGen.JobsILPostProcessor, zzzUnity.Burst.CodeGen.BurstILPostProcessor

running Unity.Jobs.CodeGen.JobsILPostProcessor

running zzzUnity.Burst.CodeGen.BurstILPostProcessor
[3560/3789  0s] ILPostProcess Library/Bee/artifacts/1900b0aEDbg.dag/post-processed/Hecton8.Habitat.Deformation.Editor.dll (+pdb)
Processing assembly Library/Bee/artifacts/1900b0aEDbg.dag/Hecton8.Habitat.Deformation.Editor.dll, with 155 defines and 319 references

processors: Unity.Jobs.CodeGen.JobsILPostProcessor, zzzUnity.Burst.CodeGen.BurstILPostProcessor

running Unity.Jobs.CodeGen.JobsILPostProcessor

running zzzUnity.Burst.CodeGen.BurstILPostProcessor
[3561/3789  0s] ILPostProcess Library/Bee/artifacts/1900b0aEDbg.dag/post-processed/Hecton8.Rendering.WaterOptics.Editor.dll (+pdb)
Processing assembly Library/Bee/artifacts/1900b0aEDbg.dag/Hecton8.Rendering.WaterOptics.Editor.dll, with 155 defines and 323 references

processors: Unity.Jobs.CodeGen.JobsILPostProcessor, zzzUnity.Burst.CodeGen.BurstILPostProcessor

running Unity.Jobs.CodeGen.JobsILPostProcessor

running zzzUnity.Burst.CodeGen.BurstILPostProcessor
[3562/3789  0s] ILPostProcess Library/Bee/artifacts/1900b0aEDbg.dag/post-processed/Hecton8.Core.Content.Editor.dll (+pdb)
Processing assembly Library/Bee/artifacts/1900b0aEDbg.dag/Hecton8.Core.Content.Editor.dll, with 156 defines and 320 references

processors: Unity.Jobs.CodeGen.JobsILPostProcessor, zzzUnity.Burst.CodeGen.BurstILPostProcessor

running Unity.Jobs.CodeGen.JobsILPostProcessor

running zzzUnity.Burst.CodeGen.BurstILPostProcessor
[3563/3789  1s] ILPostProcess Library/Bee/artifacts/1900b0aEDbg.dag/post-processed/Hecton8.DataMonolith.Editor.dll (+pdb)
Processing assembly Library/Bee/artifacts/1900b0aEDbg.dag/Hecton8.DataMonolith.Editor.dll, with 155 defines and 320 references

processors: Unity.Jobs.CodeGen.JobsILPostProcessor, zzzUnity.Burst.CodeGen.BurstILPostProcessor

running Unity.Jobs.CodeGen.JobsILPostProcessor

running zzzUnity.Burst.CodeGen.BurstILPostProcessor
[3564/3789  0s] ILPostProcess Library/Bee/artifacts/1900b0aEDbg.dag/post-processed/Hecton8.Cartography.Editor.dll (+pdb)
Processing assembly Library/Bee/artifacts/1900b0aEDbg.dag/Hecton8.Cartography.Editor.dll, with 155 defines and 319 references

processors: Unity.Jobs.CodeGen.JobsILPostProcessor, zzzUnity.Burst.CodeGen.BurstILPostProcessor

running Unity.Jobs.CodeGen.JobsILPostProcessor

running zzzUnity.Burst.CodeGen.BurstILPostProcessor
[3565/3789  0s] ILPostProcess Library/Bee/artifacts/1900b0aEDbg.dag/post-processed/Hecton8.SaveSystem.Editor.dll (+pdb)
Processing assembly Library/Bee/artifacts/1900b0aEDbg.dag/Hecton8.SaveSystem.Editor.dll, with 155 defines and 318 references

processors: Unity.Jobs.CodeGen.JobsILPostProcessor, zzzUnity.Burst.CodeGen.BurstILPostProcessor

running Unity.Jobs.CodeGen.JobsILPostProcessor

running zzzUnity.Burst.CodeGen.BurstILPostProcessor
[3566/3789  0s] ILPostProcess Library/Bee/artifacts/1900b0aEDbg.dag/post-processed/Hecton8.Optimization.Editor.dll (+pdb)
Processing assembly Library/Bee/artifacts/1900b0aEDbg.dag/Hecton8.Optimization.Editor.dll, with 155 defines and 317 references

processors: Unity.Jobs.CodeGen.JobsILPostProcessor, zzzUnity.Burst.CodeGen.BurstILPostProcessor

running Unity.Jobs.CodeGen.JobsILPostProcessor

running zzzUnity.Burst.CodeGen.BurstILPostProcessor
[3567/3789  0s] ILPostProcess Library/Bee/artifacts/1900b0aEDbg.dag/post-processed/Hecton8.Atmosphere.StormPropagation.Editor.dll (+pdb)
Processing assembly Library/Bee/artifacts/1900b0aEDbg.dag/Hecton8.Atmosphere.StormPropagation.Editor.dll, with 155 defines and 322 references

processors: Unity.Jobs.CodeGen.JobsILPostProcessor, zzzUnity.Burst.CodeGen.BurstILPostProcessor

running Unity.Jobs.CodeGen.JobsILPostProcessor

running zzzUnity.Burst.CodeGen.BurstILPostProcessor
[3568/3789  0s] ILPostProcess Library/Bee/artifacts/1900b0aEDbg.dag/post-processed/Hecton8.AI.Cognition.Editor.dll (+pdb)
Processing assembly Library/Bee/artifacts/1900b0aEDbg.dag/Hecton8.AI.Cognition.Editor.dll, with 155 defines and 322 references

processors: Unity.Jobs.CodeGen.JobsILPostProcessor, zzzUnity.Burst.CodeGen.BurstILPostProcessor

running Unity.Jobs.CodeGen.JobsILPostProcessor

running zzzUnity.Burst.CodeGen.BurstILPostProcessor
[3569/3789  0s] ILPostProcess Library/Bee/artifacts/1900b0aEDbg.dag/post-processed/Hecton8.VFX.JacobianFoam.Editor.dll (+pdb)
Processing assembly Library/Bee/artifacts/1900b0aEDbg.dag/Hecton8.VFX.JacobianFoam.Editor.dll, with 155 defines and 325 references

processors: Unity.Jobs.CodeGen.JobsILPostProcessor, zzzUnity.Burst.CodeGen.BurstILPostProcessor

running Unity.Jobs.CodeGen.JobsILPostProcessor

running zzzUnity.Burst.CodeGen.BurstILPostProcessor
[3570/3789  0s] ILPostProcess Library/Bee/artifacts/1900b0aEDbg.dag/post-processed/Hecton8.Physics.Vehicles.Editor.dll (+pdb)
Processing assembly Library/Bee/artifacts/1900b0aEDbg.dag/Hecton8.Physics.Vehicles.Editor.dll, with 155 defines and 284 references

processors: Unity.Jobs.CodeGen.JobsILPostProcessor, zzzUnity.Burst.CodeGen.BurstILPostProcessor

running Unity.Jobs.CodeGen.JobsILPostProcessor

running zzzUnity.Burst.CodeGen.BurstILPostProcessor
[3571/3789  1s] ILPostProcess Library/Bee/artifacts/1900b0aEDbg.dag/post-processed/Hecton8.Audio.Synthesis.Editor.dll (+pdb)
Processing assembly Library/Bee/artifacts/1900b0aEDbg.dag/Hecton8.Audio.Synthesis.Editor.dll, with 155 defines and 322 references

processors: Unity.Jobs.CodeGen.JobsILPostProcessor, zzzUnity.Burst.CodeGen.BurstILPostProcessor

running Unity.Jobs.CodeGen.JobsILPostProcessor

running zzzUnity.Burst.CodeGen.BurstILPostProcessor
[3572/3789  0s] ILPostProcess Library/Bee/artifacts/1900b0aEDbg.dag/post-processed/Hecton8.Project.Editor.dll (+pdb)
Processing assembly Library/Bee/artifacts/1900b0aEDbg.dag/Hecton8.Project.Editor.dll, with 156 defines and 339 references

processors: Unity.Jobs.CodeGen.JobsILPostProcessor, zzzUnity.Burst.CodeGen.BurstILPostProcessor

running Unity.Jobs.CodeGen.JobsILPostProcessor

running zzzUnity.Burst.CodeGen.BurstILPostProcessor
[3573/3789  1s] ILPostProcess Library/Bee/artifacts/1900b0aEDbg.dag/post-processed/Assembly-CSharp-Editor-firstpass.dll (+pdb)
Processing assembly Library/Bee/artifacts/1900b0aEDbg.dag/Assembly-CSharp-Editor-firstpass.dll, with 155 defines and 468 references

processors: Unity.Jobs.CodeGen.JobsILPostProcessor, zzzUnity.Burst.CodeGen.BurstILPostProcessor

running Unity.Jobs.CodeGen.JobsILPostProcessor

running zzzUnity.Burst.CodeGen.BurstILPostProcessor
[3574/3789  1s] ILPostProcess Library/Bee/artifacts/1900b0aEDbg.dag/post-processed/Hecton8.EditModeTests.dll (+pdb)
Processing assembly Library/Bee/artifacts/1900b0aEDbg.dag/Hecton8.EditModeTests.dll, with 155 defines and 331 references

processors: Unity.Jobs.CodeGen.JobsILPostProcessor, zzzUnity.Burst.CodeGen.BurstILPostProcessor

running Unity.Jobs.CodeGen.JobsILPostProcessor

running zzzUnity.Burst.CodeGen.BurstILPostProcessor
[3575/3789  0s] ILPostProcess Library/Bee/artifacts/1900b0aEDbg.dag/post-processed/Hecton8.Physiology.Editor.dll (+pdb)
Processing assembly Library/Bee/artifacts/1900b0aEDbg.dag/Hecton8.Physiology.Editor.dll, with 155 defines and 322 references

processors: Unity.Jobs.CodeGen.JobsILPostProcessor, zzzUnity.Burst.CodeGen.BurstILPostProcessor

running Unity.Jobs.CodeGen.JobsILPostProcessor

running zzzUnity.Burst.CodeGen.BurstILPostProcessor
[3576/3789  0s] ILPostProcess Library/Bee/artifacts/1900b0aEDbg.dag/post-processed/Hecton8.Crest.Bridge.Editor.dll (+pdb)
Processing assembly Library/Bee/artifacts/1900b0aEDbg.dag/Hecton8.Crest.Bridge.Editor.dll, with 156 defines and 344 references

processors: Unity.Jobs.CodeGen.JobsILPostProcessor, zzzUnity.Burst.CodeGen.BurstILPostProcessor

running Unity.Jobs.CodeGen.JobsILPostProcessor

running zzzUnity.Burst.CodeGen.BurstILPostProcessor
[3577/3789  0s] ILPostProcess Library/Bee/artifacts/1900b0aEDbg.dag/post-processed/Hecton8.World.Economy.Editor.dll (+pdb)
Processing assembly Library/Bee/artifacts/1900b0aEDbg.dag/Hecton8.World.Economy.Editor.dll, with 155 defines and 323 references

processors: Unity.Jobs.CodeGen.JobsILPostProcessor, zzzUnity.Burst.CodeGen.BurstILPostProcessor

running Unity.Jobs.CodeGen.JobsILPostProcessor

running zzzUnity.Burst.CodeGen.BurstILPostProcessor
[3578/3789  0s] ILPostProcess Library/Bee/artifacts/1900b0aEDbg.dag/post-processed/Hecton8.UI.TerminalOS.Editor.dll (+pdb)
Processing assembly Library/Bee/artifacts/1900b0aEDbg.dag/Hecton8.UI.TerminalOS.Editor.dll, with 155 defines and 319 references

processors: Unity.Jobs.CodeGen.JobsILPostProcessor, zzzUnity.Burst.CodeGen.BurstILPostProcessor

running Unity.Jobs.CodeGen.JobsILPostProcessor

running zzzUnity.Burst.CodeGen.BurstILPostProcessor
[3579/3789  0s] ILPostProcess Library/Bee/artifacts/1900b0aEDbg.dag/post-processed/Hecton8.Power.BatteryChargerLogistics.Editor.dll (+pdb)
Processing assembly Library/Bee/artifacts/1900b0aEDbg.dag/Hecton8.Power.BatteryChargerLogistics.Editor.dll, with 155 defines and 320 references

processors: Unity.Jobs.CodeGen.JobsILPostProcessor, zzzUnity.Burst.CodeGen.BurstILPostProcessor

running Unity.Jobs.CodeGen.JobsILPostProcessor

running zzzUnity.Burst.CodeGen.BurstILPostProcessor
[3580/3789  0s] ILPostProcess Library/Bee/artifacts/1900b0aEDbg.dag/post-processed/Hecton8.Tools.ToolKinematics.Editor.dll (+pdb)
Processing assembly Library/Bee/artifacts/1900b0aEDbg.dag/Hecton8.Tools.ToolKinematics.Editor.dll, with 155 defines and 323 references

processors: Unity.Jobs.CodeGen.JobsILPostProcessor, zzzUnity.Burst.CodeGen.BurstILPostProcessor

running Unity.Jobs.CodeGen.JobsILPostProcessor

running zzzUnity.Burst.CodeGen.BurstILPostProcessor
[3581/3789  0s] ILPostProcess Library/Bee/artifacts/1900b0aEDbg.dag/post-processed/Hecton8.QA.Headless.Editor.dll (+pdb)
Processing assembly Library/Bee/artifacts/1900b0aEDbg.dag/Hecton8.QA.Headless.Editor.dll, with 155 defines and 319 references

processors: Unity.Jobs.CodeGen.JobsILPostProcessor, zzzUnity.Burst.CodeGen.BurstILPostProcessor

running Unity.Jobs.CodeGen.JobsILPostProcessor

running zzzUnity.Burst.CodeGen.BurstILPostProcessor
[3582/3789  0s] CopyFiles Library/ScriptAssemblies/Hecton8.Thermodynamics.dll
[3583/3789  0s] CopyFiles Library/ScriptAssemblies/Hecton8.Rendering.BilateralDrs.dll
[3584/3789  0s] CopyFiles Library/ScriptAssemblies/Hecton8.VFX.Materials.dll
[3585/3789  0s] CopyFiles Library/ScriptAssemblies/Hecton8.Vehicles.VFX.dll
[3586/3789  0s] CopyFiles Library/ScriptAssemblies/Hecton8.Power.BatteryChargerLogistics.Runtime.dll
[3587/3789  0s] CopyFiles Library/ScriptAssemblies/Hecton8.Graphics.Caustics.dll
[3589/3789  0s] CopyFiles Library/ScriptAssemblies/Hecton8.Graphics.Culling.dll
[3590/3789  0s] CopyFiles Library/ScriptAssemblies/Hecton8.Habitat.Deformation.dll
[3591/3789  0s] CopyFiles Library/ScriptAssemblies/Hecton8.VFX.JacobianFoam.Runtime.dll
[3592/3789  0s] CopyFiles Library/ScriptAssemblies/Hecton8.World.Outposts.dll
[3593/3789  0s] CopyFiles Library/ScriptAssemblies/Hecton8.UI.Diegetic.dll
[3594/3789  0s] CopyFiles Library/ScriptAssemblies/Hecton8.UI.Tools.dll
[3595/3789  0s] CopyFiles Library/ScriptAssemblies/Hecton8.Audio.Prologue.dll
[3596/3789  0s] CopyFiles Library/ScriptAssemblies/Hecton8.Tools.ToolKinematics.dll
[3597/3789  0s] CopyFiles Library/ScriptAssemblies/Hecton8.Atmosphere.StormPropagation.Runtime.dll
[3598/3789  0s] CopyFiles Library/ScriptAssemblies/Hecton8.Audio.Synthesis.dll
[3599/3789  0s] CopyFiles Library/ScriptAssemblies/Hecton8.AI.Pathfinding.dll
[3600/3789  0s] CopyFiles Library/ScriptAssemblies/Hecton8.PlayModeTests.dll
[3602/3789  0s] CopyFiles Library/ScriptAssemblies/Hecton8.Power.Generators.dll
[3603/3789  0s] CopyFiles Library/ScriptAssemblies/Hecton8.Gameplay.Loot.Contracts.dll
[3604/3789  0s] CopyFiles Library/ScriptAssemblies/Hecton8.World.FloraAmbientSway.dll
[3605/3789  0s] CopyFiles Library/ScriptAssemblies/Hecton8.Gameplay.Loot.dll
[3606/3789  0s] CopyFiles Library/ScriptAssemblies/Hecton8.World.Economy.dll
[3607/3789  0s] CopyFiles Library/ScriptAssemblies/Hecton8.Graphics.Scalability.dll
[3608/3789  0s] CopyFiles Library/ScriptAssemblies/Hecton8.Physics.Buoyancy.Runtime.dll
[3609/3789  0s] CopyFiles Library/ScriptAssemblies/Hecton8.UI.VR.dll
[3610/3789  0s] CopyFiles Library/ScriptAssemblies/Hecton8.Graphics.Materials.dll
[3611/3789  0s] CopyFiles Library/ScriptAssemblies/Hecton8.World.ShinobuBiomimetic.dll
[3612/3789  0s] CopyFiles Library/ScriptAssemblies/Hecton8.Crest.Bridge.dll
[3613/3789  0s] CopyFiles Library/ScriptAssemblies/Hecton8.Prologue.VFX.dll
[3614/3789  0s] CopyFiles Library/ScriptAssemblies/Hecton8.World.Streaming.dll
[3615/3789  0s] CopyFiles Library/ScriptAssemblies/Hecton8.VFX.Debris.dll
[3616/3789  0s] CopyFiles Library/ScriptAssemblies/Hecton8.Narrative.Campaign.dll
[3617/3789  0s] CopyFiles Library/ScriptAssemblies/Hecton8.Prologue.Space.dll
[3618/3789  0s] CopyFiles Library/ScriptAssemblies/Hecton8.Lighting.dll
[3619/3789  0s] CopyFiles Library/ScriptAssemblies/Hecton8.SeedShipAnomaly.Runtime.dll
[3620/3789  0s] CopyFiles Library/ScriptAssemblies/Hecton8.Animation.FaunaProcedural.dll
[3621/3789  0s] CopyFiles Library/ScriptAssemblies/Hecton8.Physiology.dll
[3622/3789  0s] CopyFiles Library/ScriptAssemblies/Hecton8.Dev.SpaceEngine098.dll
[3623/3789  0s] CopyFiles Library/ScriptAssemblies/Hecton8.Plugins.dll
[3624/3789  0s] CopyFiles Library/ScriptAssemblies/Hecton8.UI.Navigation.dll
[3625/3789  0s] CopyFiles Library/ScriptAssemblies/Hecton8.Core.Hardware.dll
[3626/3789  0s] CopyFiles Library/ScriptAssemblies/Hecton8.QA.Headless.dll
[3627/3789  0s] CopyFiles Library/ScriptAssemblies/Hecton8.Gameplay.Mining.dll
[3628/3789  0s] CopyFiles Library/ScriptAssemblies/Hecton8.QA.dll
[3629/3789  0s] CopyFiles Library/ScriptAssemblies/Hecton8.Rendering.OceanSinglePass.dll
[3630/3789  0s] CopyFiles Library/ScriptAssemblies/Hecton8.Narrative.Prologue.dll
[3631/3789  0s] CopyFiles Library/ScriptAssemblies/Hecton8.AI.Ambient.dll
[3632/3789  0s] CopyFiles Library/ScriptAssemblies/Hecton8.VFX.PlasmaBeam.Runtime.dll
[3633/3789  0s] CopyFiles Library/ScriptAssemblies/Hecton8.Rendering.WaterOptics.dll
[3634/3789  0s] CopyFiles Library/ScriptAssemblies/Hecton8.VFX.Bioluminescence.Runtime.dll
[3635/3789  0s] CopyFiles Library/ScriptAssemblies/Hecton8.Inventory.Routing.Runtime.dll
[3636/3789  0s] CopyFiles Library/ScriptAssemblies/Hecton8.QA.Headless.Editor.pdb
[3637/3789  0s] CopyFiles Library/ScriptAssemblies/Hecton8.QA.Headless.Editor.dll
[3638/3789  0s] CopyFiles Library/ScriptAssemblies/Hecton8.Tools.ToolKinematics.Editor.pdb
[3639/3789  0s] CopyFiles Library/ScriptAssemblies/Hecton8.Tools.ToolKinematics.Editor.dll
[3640/3789  0s] CopyFiles Library/ScriptAssemblies/Hecton8.Power.BatteryChargerLogistics.Editor.pdb
[3641/3789  0s] CopyFiles Library/ScriptAssemblies/Hecton8.Power.BatteryChargerLogistics.Editor.dll
[3642/3789  0s] CopyFiles Library/ScriptAssemblies/Hecton8.UI.TerminalOS.Editor.dll
[3643/3789  0s] CopyFiles Library/ScriptAssemblies/Hecton8.UI.TerminalOS.Editor.pdb
[3644/3789  0s] ILPostProcess Library/Bee/artifacts/1900b0aEDbg.dag/post-processed/Hecton8.InventoryRouting.Editor.dll (+pdb)
Processing assembly Library/Bee/artifacts/1900b0aEDbg.dag/Hecton8.InventoryRouting.Editor.dll, with 155 defines and 323 references

processors: Unity.Jobs.CodeGen.JobsILPostProcessor, zzzUnity.Burst.CodeGen.BurstILPostProcessor

running Unity.Jobs.CodeGen.JobsILPostProcessor

running zzzUnity.Burst.CodeGen.BurstILPostProcessor
[3645/3789  0s] CopyFiles Library/ScriptAssemblies/Hecton8.World.Economy.Editor.dll
[3646/3789  0s] CopyFiles Library/ScriptAssemblies/Hecton8.World.Economy.Editor.pdb
[3647/3789  0s] CopyFiles Library/ScriptAssemblies/Hecton8.Crest.Bridge.Editor.dll
[3648/3789  0s] CopyFiles Library/ScriptAssemblies/Hecton8.Crest.Bridge.Editor.pdb
[3649/3789  0s] CopyFiles Library/ScriptAssemblies/Hecton8.Physiology.Editor.dll
[3650/3789  0s] CopyFiles Library/ScriptAssemblies/Hecton8.Physiology.Editor.pdb
[3651/3789  0s] CopyFiles Library/ScriptAssemblies/Hecton8.EditModeTests.pdb
[3652/3789  0s] CopyFiles Library/ScriptAssemblies/Hecton8.EditModeTests.dll
[3655/3789  0s] CopyFiles Library/ScriptAssemblies/Hecton8.Project.Editor.dll
[3656/3789  0s] CopyFiles Library/ScriptAssemblies/Hecton8.Project.Editor.pdb
[3657/3789  0s] CopyFiles Library/ScriptAssemblies/Hecton8.Audio.Synthesis.Editor.pdb
[3658/3789  0s] CopyFiles Library/ScriptAssemblies/Hecton8.Audio.Synthesis.Editor.dll
[3659/3789  0s] CopyFiles Library/ScriptAssemblies/Hecton8.Physics.Vehicles.Editor.dll
[3660/3789  0s] CopyFiles Library/ScriptAssemblies/Hecton8.Physics.Vehicles.Editor.pdb
[3661/3789  0s] CopyFiles Library/ScriptAssemblies/Hecton8.VFX.JacobianFoam.Editor.pdb
[3662/3789  0s] CopyFiles Library/ScriptAssemblies/Hecton8.VFX.JacobianFoam.Editor.dll
[3663/3789  0s] CopyFiles Library/ScriptAssemblies/Hecton8.AI.Cognition.Editor.dll
[3664/3789  0s] CopyFiles Library/ScriptAssemblies/Hecton8.AI.Cognition.Editor.pdb
[3665/3789  0s] CopyFiles Library/ScriptAssemblies/Hecton8.Atmosphere.StormPropagation.Editor.dll
[3666/3789  0s] CopyFiles Library/ScriptAssemblies/Hecton8.Atmosphere.StormPropagation.Editor.pdb
[3667/3789  0s] CopyFiles Library/ScriptAssemblies/Hecton8.Optimization.Editor.dll
[3668/3789  0s] CopyFiles Library/ScriptAssemblies/Hecton8.Optimization.Editor.pdb
[3669/3789  0s] CopyFiles Library/ScriptAssemblies/Hecton8.SaveSystem.Editor.dll
[3670/3789  0s] CopyFiles Library/ScriptAssemblies/Hecton8.SaveSystem.Editor.pdb
[3671/3789  0s] CopyFiles Library/ScriptAssemblies/Hecton8.Cartography.Editor.pdb
[3672/3789  0s] CopyFiles Library/ScriptAssemblies/Hecton8.Cartography.Editor.dll
[3673/3789  0s] CopyFiles Library/ScriptAssemblies/Hecton8.DataMonolith.Editor.dll
[3674/3789  0s] CopyFiles Library/ScriptAssemblies/Hecton8.DataMonolith.Editor.pdb
[3675/3789  0s] CopyFiles Library/ScriptAssemblies/Hecton8.Rendering.WaterOptics.Editor.dll
[3676/3789  0s] CopyFiles Library/ScriptAssemblies/Hecton8.Rendering.WaterOptics.Editor.pdb
[3677/3789  0s] CopyFiles Library/ScriptAssemblies/Hecton8.Core.Content.Editor.dll
[3678/3789  0s] CopyFiles Library/ScriptAssemblies/Hecton8.Core.Content.Editor.pdb
[3681/3789  0s] CopyFiles Library/ScriptAssemblies/Hecton8.Core.Bridge.Editor.pdb
[3682/3789  0s] CopyFiles Library/ScriptAssemblies/Hecton8.Core.Bridge.Editor.dll
[3683/3789  0s] CopyFiles Library/ScriptAssemblies/Hecton8.World.HydraulicErosionForge.Editor.dll
[3684/3789  0s] CopyFiles Library/ScriptAssemblies/Hecton8.InventoryRouting.Editor.dll
[3685/3789  0s] CopyFiles Library/ScriptAssemblies/Hecton8.InventoryRouting.Editor.pdb
[3686/3789  0s] CopyFiles Library/ScriptAssemblies/Hecton8.World.HydraulicErosionForge.Editor.pdb
[3687/3789  0s] CopyFiles Library/ScriptAssemblies/Hecton8.SeedShipAnomaly.Editor.pdb
[3688/3789  0s] CopyFiles Library/ScriptAssemblies/Hecton8.SeedShipAnomaly.Editor.dll
[3689/3789  0s] CopyFiles Library/ScriptAssemblies/Hecton8.Physics.Buoyancy.Editor.pdb
[3690/3789  0s] CopyFiles Library/ScriptAssemblies/Hecton8.Physics.Buoyancy.Editor.dll
[3691/3789  0s] CopyFiles Library/ScriptAssemblies/Hecton8.World.ShinobuBiomimetic.Editor.dll
[3692/3789  0s] CopyFiles Library/ScriptAssemblies/Hecton8.World.ShinobuBiomimetic.Editor.pdb
[3693/3789  0s] CopyFiles Library/ScriptAssemblies/Hecton8.UI.Editor.pdb
[3694/3789  0s] CopyFiles Library/ScriptAssemblies/Hecton8.UI.Editor.dll
[3695/3789  0s] CopyFiles Library/ScriptAssemblies/Hecton8.Physics.KCC.Editor.pdb
[3696/3789  0s] CopyFiles Library/ScriptAssemblies/Hecton8.Physics.KCC.Editor.dll
[3697/3789  0s] CopyFiles Library/ScriptAssemblies/Hecton8.World.ProceduralCoral.Editor.dll
[3698/3789  0s] CopyFiles Library/ScriptAssemblies/Hecton8.World.ProceduralCoral.Editor.pdb
[3699/3789  0s] CopyFiles Library/ScriptAssemblies/Hecton8.World.VoxelSurfaceNets.Editor.pdb
[3700/3789  0s] CopyFiles Library/ScriptAssemblies/Hecton8.World.VoxelSurfaceNets.Editor.dll
[3701/3789  0s] CopyFiles Library/ScriptAssemblies/Hecton8.World.FloraAmbientSway.Editor.pdb
[3702/3789  0s] CopyFiles Library/ScriptAssemblies/Hecton8.World.FloraAmbientSway.Editor.dll
[3703/3789  0s] CopyFiles Library/ScriptAssemblies/Hecton8.AI.Pathfinding.Editor.pdb
[3706/3789  0s] CopyFiles Library/ScriptAssemblies/Hecton8.AI.Pathfinding.Editor.dll
[3707/3789  0s] CopyFiles Library/ScriptAssemblies/Hecton8.Lighting.Editor.dll
[3710/3789  0s] CopyFiles Library/ScriptAssemblies/Hecton8.Lighting.Editor.pdb
[3711/3789  0s] CopyFiles Library/ScriptAssemblies/Hecton8.Animation.FaunaProcedural.Editor.pdb
[3712/3789  0s] CopyFiles Library/ScriptAssemblies/Hecton8.Animation.FaunaProcedural.Editor.dll
[3717/3789  0s] CopyFiles Library/ScriptAssemblies/Hecton8.World.FloraAmbientSway.pdb
[3718/3789  0s] CopyFiles Library/ScriptAssemblies/Hecton8.QA.pdb
[3719/3789  0s] CopyFiles Library/ScriptAssemblies/Hecton8.Audio.Prologue.pdb
[3720/3789  0s] CopyFiles Library/ScriptAssemblies/Hecton8.Rendering.OceanSinglePass.pdb
[3721/3789  0s] CopyFiles Library/ScriptAssemblies/Hecton8.Thermodynamics.pdb
[3722/3789  0s] CopyFiles Library/ScriptAssemblies/Hecton8.World.Outposts.pdb
[3724/3789  0s] CopyFiles Library/ScriptAssemblies/Hecton8.Dev.SpaceEngine098.pdb
[3725/3789  0s] CopyFiles Library/ScriptAssemblies/Hecton8.Animation.FaunaProcedural.pdb
[3726/3789  0s] CopyFiles Library/ScriptAssemblies/Hecton8.World.Economy.pdb
[3727/3789  0s] CopyFiles Library/ScriptAssemblies/Hecton8.QA.Headless.pdb
[3728/3789  0s] CopyFiles Library/ScriptAssemblies/Hecton8.Graphics.Scalability.pdb
[3729/3789  0s] CopyFiles Library/ScriptAssemblies/Hecton8.UI.Diegetic.pdb
[3730/3789  0s] CopyFiles Library/ScriptAssemblies/Hecton8.Graphics.Materials.pdb
[3731/3789  0s] CopyFiles Library/ScriptAssemblies/Hecton8.Crest.Bridge.pdb
[3732/3789  0s] CopyFiles Library/ScriptAssemblies/Hecton8.VFX.Debris.pdb
[3733/3789  0s] CopyFiles Library/ScriptAssemblies/Hecton8.Prologue.Space.pdb
[3734/3789  0s] CopyFiles Library/ScriptAssemblies/Hecton8.SeedShipAnomaly.Runtime.pdb
[3735/3789  0s] CopyFiles Library/ScriptAssemblies/Hecton8.Plugins.pdb
[3736/3789  0s] CopyFiles Library/ScriptAssemblies/Hecton8.Gameplay.Mining.pdb
[3737/3789  0s] CopyFiles Library/ScriptAssemblies/Hecton8.UI.VR.pdb
[3738/3789  0s] CopyFiles Library/ScriptAssemblies/Hecton8.Lighting.pdb
[3739/3789  0s] CopyFiles Library/ScriptAssemblies/Hecton8.PlayModeTests.pdb
[3740/3789  0s] CopyFiles Library/ScriptAssemblies/Hecton8.Narrative.Campaign.pdb
[3741/3789  0s] CopyFiles Library/ScriptAssemblies/Hecton8.Inventory.Routing.Runtime.pdb
[3742/3789  0s] CopyFiles Library/ScriptAssemblies/Hecton8.Rendering.BilateralDrs.pdb
[3743/3789  0s] CopyFiles Library/ScriptAssemblies/Hecton8.VFX.Materials.pdb
[3744/3789  0s] CopyFiles Library/ScriptAssemblies/Hecton8.Vehicles.VFX.pdb
[3745/3789  0s] CopyFiles Library/ScriptAssemblies/Hecton8.Core.Hardware.pdb
[3746/3789  0s] CopyFiles Library/ScriptAssemblies/Hecton8.Prologue.VFX.pdb
[3747/3789  0s] CopyFiles Library/ScriptAssemblies/Hecton8.Habitat.Deformation.pdb
[3748/3789  0s] CopyFiles Library/ScriptAssemblies/Hecton8.Gameplay.Loot.pdb
[3749/3789  0s] CopyFiles Library/ScriptAssemblies/Hecton8.Narrative.Prologue.pdb
[3750/3789  0s] CopyFiles Library/ScriptAssemblies/Hecton8.World.Streaming.pdb
[3751/3789  0s] CopyFiles Library/ScriptAssemblies/Hecton8.Graphics.Caustics.pdb
[3752/3789  0s] CopyFiles Library/ScriptAssemblies/Hecton8.AI.Pathfinding.pdb
[3753/3789  0s] CopyFiles Library/ScriptAssemblies/Hecton8.VFX.Bioluminescence.Runtime.pdb
[3754/3789  0s] CopyFiles Library/ScriptAssemblies/Hecton8.Tools.ToolKinematics.pdb
[3756/3789  0s] CopyFiles Library/ScriptAssemblies/Hecton8.Graphics.Culling.pdb
[3757/3789  0s] CopyFiles Library/ScriptAssemblies/Hecton8.Physiology.pdb
[3758/3789  0s] CopyFiles Library/ScriptAssemblies/Hecton8.VFX.JacobianFoam.Runtime.pdb
[3759/3789  0s] CopyFiles Library/ScriptAssemblies/Hecton8.Physics.Buoyancy.Runtime.pdb
[3760/3789  0s] CopyFiles Library/ScriptAssemblies/Hecton8.Power.BatteryChargerLogistics.Runtime.pdb
[3761/3789  0s] CopyFiles Library/ScriptAssemblies/Hecton8.Power.Generators.pdb
[3762/3789  0s] CopyFiles Library/ScriptAssemblies/Hecton8.Gameplay.Loot.Contracts.pdb
[3763/3789  0s] CopyFiles Library/ScriptAssemblies/Hecton8.Atmosphere.StormPropagation.Runtime.pdb
[3764/3789  0s] CopyFiles Library/ScriptAssemblies/Hecton8.UI.Navigation.pdb
[3765/3789  0s] CopyFiles Library/ScriptAssemblies/Hecton8.Audio.Synthesis.pdb
[3766/3789  0s] CopyFiles Library/ScriptAssemblies/Hecton8.UI.Tools.pdb
[3767/3789  0s] CopyFiles Library/ScriptAssemblies/Hecton8.AI.Ambient.pdb
[3768/3789  0s] CopyFiles Library/ScriptAssemblies/Hecton8.VFX.PlasmaBeam.Runtime.pdb
[3769/3789  0s] CopyFiles Library/ScriptAssemblies/Hecton8.World.ShinobuBiomimetic.pdb
[3770/3789  0s] CopyFiles Library/ScriptAssemblies/Hecton8.Rendering.WaterOptics.pdb
[3771/3789  0s] ILPostProcess Library/Bee/artifacts/1900b0aEDbg.dag/post-processed/Hecton8.Graphics.Culling.Editor.dll (+pdb)
Processing assembly Library/Bee/artifacts/1900b0aEDbg.dag/Hecton8.Graphics.Culling.Editor.dll, with 155 defines and 319 references

processors: Unity.Jobs.CodeGen.JobsILPostProcessor, zzzUnity.Burst.CodeGen.BurstILPostProcessor

running Unity.Jobs.CodeGen.JobsILPostProcessor

running zzzUnity.Burst.CodeGen.BurstILPostProcessor
[3772/3789  0s] ILPostProcess Library/Bee/artifacts/1900b0aEDbg.dag/post-processed/Hecton8.World.ProceduralWreckage.Editor.dll (+pdb)
Processing assembly Library/Bee/artifacts/1900b0aEDbg.dag/Hecton8.World.ProceduralWreckage.Editor.dll, with 155 defines and 322 references

processors: Unity.Jobs.CodeGen.JobsILPostProcessor, zzzUnity.Burst.CodeGen.BurstILPostProcessor

running Unity.Jobs.CodeGen.JobsILPostProcessor

running zzzUnity.Burst.CodeGen.BurstILPostProcessor
[3775/3789  0s] ILPostProcess Library/Bee/artifacts/1900b0aEDbg.dag/post-processed/Hecton8.QA.Editor.dll (+pdb)
Processing assembly Library/Bee/artifacts/1900b0aEDbg.dag/Hecton8.QA.Editor.dll, with 155 defines and 320 references

processors: Unity.Jobs.CodeGen.JobsILPostProcessor, zzzUnity.Burst.CodeGen.BurstILPostProcessor

running Unity.Jobs.CodeGen.JobsILPostProcessor

running zzzUnity.Burst.CodeGen.BurstILPostProcessor
[3776/3789  0s] CopyFiles Library/ScriptAssemblies/Hecton8.World.ProceduralWreckage.Editor.dll
[3777/3789  0s] CopyFiles Library/ScriptAssemblies/Hecton8.World.ProceduralWreckage.Editor.pdb
[3778/3789  0s] CopyFiles Library/ScriptAssemblies/Hecton8.QA.Editor.pdb
[3779/3789  0s] CopyFiles Library/ScriptAssemblies/Hecton8.QA.Editor.dll
[3780/3789  0s] ILPostProcess Library/Bee/artifacts/1900b0aEDbg.dag/post-processed/Hecton8.SaveSystem.EditModeTests.dll (+pdb)
Processing assembly Library/Bee/artifacts/1900b0aEDbg.dag/Hecton8.SaveSystem.EditModeTests.dll, with 155 defines and 318 references

processors: Unity.Jobs.CodeGen.JobsILPostProcessor, zzzUnity.Burst.CodeGen.BurstILPostProcessor

running Unity.Jobs.CodeGen.JobsILPostProcessor

running zzzUnity.Burst.CodeGen.BurstILPostProcessor
[3781/3789  0s] CopyFiles Library/ScriptAssemblies/Hecton8.SaveSystem.EditModeTests.pdb
[3782/3789  0s] CopyFiles Library/ScriptAssemblies/Hecton8.SaveSystem.EditModeTests.dll
[3783/3789  3s] ILPostProcess Library/Bee/artifacts/1900b0aEDbg.dag/post-processed/Hecton8.Editor.dll (+pdb)
Processing assembly Library/Bee/artifacts/1900b0aEDbg.dag/Hecton8.Editor.dll, with 156 defines and 343 references

processors: Unity.Jobs.CodeGen.JobsILPostProcessor, zzzUnity.Burst.CodeGen.BurstILPostProcessor

running Unity.Jobs.CodeGen.JobsILPostProcessor

running zzzUnity.Burst.CodeGen.BurstILPostProcessor
[3784/3789  0s] CopyFiles Library/ScriptAssemblies/Hecton8.Editor.pdb
[3785/3789  0s] CopyFiles Library/ScriptAssemblies/Hecton8.Editor.dll
[BUSY      21s] ILPostProcess Library/Bee/artifacts/1900b0aEDbg.dag/post-processed/Hecton8.Core.dll (+pdb)
[BUSY      32s] ILPostProcess Library/Bee/artifacts/1900b0aEDbg.dag/post-processed/Hecton8.Core.dll (+pdb)
[BUSY      42s] ILPostProcess Library/Bee/artifacts/1900b0aEDbg.dag/post-processed/Hecton8.Core.dll (+pdb)
[3786/3789 46s] ILPostProcess Library/Bee/artifacts/1900b0aEDbg.dag/post-processed/Hecton8.Core.dll (+pdb)
Processing assembly Library/Bee/artifacts/1900b0aEDbg.dag/Hecton8.Core.dll, with 158 defines and 348 references

processors: Unity.Jobs.CodeGen.JobsILPostProcessor, zzzUnity.Burst.CodeGen.BurstILPostProcessor

running Unity.Jobs.CodeGen.JobsILPostProcessor

running zzzUnity.Burst.CodeGen.BurstILPostProcessor
[3787/3789  0s] CopyFiles Library/ScriptAssemblies/Hecton8.Core.pdb
[3788/3789  0s] CopyFiles Library/ScriptAssemblies/Hecton8.Core.dll
*** Tundra build success (139.89 seconds - 0:02:19), 374 items updated, 3789 evaluated
[ScriptCompilation] Requested script compilation because: AssetDatabase observed changes in script compilation related files
[Licensing::Client] Successfully resolved entitlement details
Total cache size 265484168
Total cache size after purge 265484168, took 00:00:02.1610384
Starting: C:\Program Files\Unity\Hub\Editor\6000.4.1f1\Editor\Data\Tools\BuildPipeline\bee_backend.exe --ipc --defer-dag-verification --dagfile="Library/Bee/1900b0aEDbg.dag" --continue-on-failure --profile="Library/Bee/backend1.traceevents" ScriptAssemblies
WorkingDir: C:/hades/Hecton8
ExitCode: 0 Duration: 1m:06s
[2643/3789  0s] ILPP-Configuration Library/ilpp-configuration.nevergeneratedoutput
[3385/3789  1s] Csc Library/Bee/artifacts/1900b0aEDbg.dag/Hecton8.World.BiotaDensityMapBaker.Editor.dll (+2 others)
[3386/3789  3s] ILPostProcess Library/Bee/artifacts/1900b0aEDbg.dag/post-processed/Hecton8.World.BiotaDensityMapBaker.Editor.dll (+pdb)
Processing assembly Library/Bee/artifacts/1900b0aEDbg.dag/Hecton8.World.BiotaDensityMapBaker.Editor.dll, with 155 defines and 319 references

processors: Unity.Jobs.CodeGen.JobsILPostProcessor, zzzUnity.Burst.CodeGen.BurstILPostProcessor

running Unity.Jobs.CodeGen.JobsILPostProcessor

running zzzUnity.Burst.CodeGen.BurstILPostProcessor
[3387/3789  0s] CopyFiles Library/ScriptAssemblies/Hecton8.World.BiotaDensityMapBaker.Editor.dll
[3388/3789  0s] CopyFiles Library/ScriptAssemblies/Hecton8.World.BiotaDensityMapBaker.Editor.pdb
[BUSY      11s] Csc Library/Bee/artifacts/1900b0aEDbg.dag/Hecton8.Core.dll (+2 others)
[BUSY      21s] Csc Library/Bee/artifacts/1900b0aEDbg.dag/Hecton8.Core.dll (+2 others)
[BUSY      31s] Csc Library/Bee/artifacts/1900b0aEDbg.dag/Hecton8.Core.dll (+2 others)
[3389/3789 34s] Csc Library/Bee/artifacts/1900b0aEDbg.dag/Hecton8.Core.dll (+2 others)
[3487/3789  0s] Csc Library/Bee/artifacts/1900b0aEDbg.dag/Hecton8.AI.Pathfinding.dll (+2 others)
[3489/3789  1s] ILPostProcess Library/Bee/artifacts/1900b0aEDbg.dag/post-processed/Hecton8.Core.Hardware.dll (+pdb)
Processing assembly Library/Bee/artifacts/1900b0aEDbg.dag/Hecton8.Core.Hardware.dll, with 157 defines and 313 references

processors: Unity.Jobs.CodeGen.JobsILPostProcessor, zzzUnity.Burst.CodeGen.BurstILPostProcessor

running Unity.Jobs.CodeGen.JobsILPostProcessor

running zzzUnity.Burst.CodeGen.BurstILPostProcessor
[3490/3789  2s] ILPostProcess Library/Bee/artifacts/1900b0aEDbg.dag/post-processed/Hecton8.Rendering.BilateralDrs.dll (+pdb)
Processing assembly Library/Bee/artifacts/1900b0aEDbg.dag/Hecton8.Rendering.BilateralDrs.dll, with 157 defines and 314 references

processors: Unity.Jobs.CodeGen.JobsILPostProcessor, zzzUnity.Burst.CodeGen.BurstILPostProcessor

running Unity.Jobs.CodeGen.JobsILPostProcessor

running zzzUnity.Burst.CodeGen.BurstILPostProcessor
[3491/3789  2s] ILPostProcess Library/Bee/artifacts/1900b0aEDbg.dag/post-processed/Hecton8.Vehicles.VFX.dll (+pdb)
Processing assembly Library/Bee/artifacts/1900b0aEDbg.dag/Hecton8.Vehicles.VFX.dll, with 157 defines and 312 references

processors: Unity.Jobs.CodeGen.JobsILPostProcessor, zzzUnity.Burst.CodeGen.BurstILPostProcessor

running Unity.Jobs.CodeGen.JobsILPostProcessor

running zzzUnity.Burst.CodeGen.BurstILPostProcessor
[3492/3789  1s] ILPostProcess Library/Bee/artifacts/1900b0aEDbg.dag/post-processed/Hecton8.VFX.JacobianFoam.Runtime.dll (+pdb)
Processing assembly Library/Bee/artifacts/1900b0aEDbg.dag/Hecton8.VFX.JacobianFoam.Runtime.dll, with 157 defines and 314 references

processors: Unity.Jobs.CodeGen.JobsILPostProcessor, zzzUnity.Burst.CodeGen.BurstILPostProcessor

running Unity.Jobs.CodeGen.JobsILPostProcessor

running zzzUnity.Burst.CodeGen.BurstILPostProcessor
[3493/3789  2s] ILPostProcess Library/Bee/artifacts/1900b0aEDbg.dag/post-processed/Hecton8.World.FloraAmbientSway.dll (+pdb)
Processing assembly Library/Bee/artifacts/1900b0aEDbg.dag/Hecton8.World.FloraAmbientSway.dll, with 157 defines and 313 references

processors: Unity.Jobs.CodeGen.JobsILPostProcessor, zzzUnity.Burst.CodeGen.BurstILPostProcessor

running Unity.Jobs.CodeGen.JobsILPostProcessor

running zzzUnity.Burst.CodeGen.BurstILPostProcessor
[3494/3789  0s] ILPostProcess Library/Bee/artifacts/1900b0aEDbg.dag/post-processed/Hecton8.Rendering.WaterOptics.dll (+pdb)
Processing assembly Library/Bee/artifacts/1900b0aEDbg.dag/Hecton8.Rendering.WaterOptics.dll, with 157 defines and 314 references

processors: Unity.Jobs.CodeGen.JobsILPostProcessor, zzzUnity.Burst.CodeGen.BurstILPostProcessor

running Unity.Jobs.CodeGen.JobsILPostProcessor

running zzzUnity.Burst.CodeGen.BurstILPostProcessor
[3495/3789  2s] ILPostProcess Library/Bee/artifacts/1900b0aEDbg.dag/post-processed/Hecton8.VFX.Debris.dll (+pdb)
Processing assembly Library/Bee/artifacts/1900b0aEDbg.dag/Hecton8.VFX.Debris.dll, with 157 defines and 313 references

processors: Unity.Jobs.CodeGen.JobsILPostProcessor, zzzUnity.Burst.CodeGen.BurstILPostProcessor

running Unity.Jobs.CodeGen.JobsILPostProcessor

running zzzUnity.Burst.CodeGen.BurstILPostProcessor
[3496/3789  2s] ILPostProcess Library/Bee/artifacts/1900b0aEDbg.dag/post-processed/Hecton8.Audio.Synthesis.dll (+pdb)
Processing assembly Library/Bee/artifacts/1900b0aEDbg.dag/Hecton8.Audio.Synthesis.dll, with 157 defines and 312 references

processors: Unity.Jobs.CodeGen.JobsILPostProcessor, zzzUnity.Burst.CodeGen.BurstILPostProcessor

running Unity.Jobs.CodeGen.JobsILPostProcessor

running zzzUnity.Burst.CodeGen.BurstILPostProcessor
[3497/3789  2s] ILPostProcess Library/Bee/artifacts/1900b0aEDbg.dag/post-processed/Hecton8.AI.Ambient.dll (+pdb)
Processing assembly Library/Bee/artifacts/1900b0aEDbg.dag/Hecton8.AI.Ambient.dll, with 157 defines and 312 references

processors: Unity.Jobs.CodeGen.JobsILPostProcessor, zzzUnity.Burst.CodeGen.BurstILPostProcessor

running Unity.Jobs.CodeGen.JobsILPostProcessor

running zzzUnity.Burst.CodeGen.BurstILPostProcessor
[3498/3789  0s] ILPostProcess Library/Bee/artifacts/1900b0aEDbg.dag/post-processed/Hecton8.Animation.FaunaProcedural.dll (+pdb)
Processing assembly Library/Bee/artifacts/1900b0aEDbg.dag/Hecton8.Animation.FaunaProcedural.dll, with 157 defines and 312 references

processors: Unity.Jobs.CodeGen.JobsILPostProcessor, zzzUnity.Burst.CodeGen.BurstILPostProcessor

running Unity.Jobs.CodeGen.JobsILPostProcessor

running zzzUnity.Burst.CodeGen.BurstILPostProcessor
[3499/3789  0s] ILPostProcess Library/Bee/artifacts/1900b0aEDbg.dag/post-processed/Hecton8.Gameplay.Loot.dll (+pdb)
Processing assembly Library/Bee/artifacts/1900b0aEDbg.dag/Hecton8.Gameplay.Loot.dll, with 157 defines and 312 references

processors: Unity.Jobs.CodeGen.JobsILPostProcessor, zzzUnity.Burst.CodeGen.BurstILPostProcessor

running Unity.Jobs.CodeGen.JobsILPostProcessor

running zzzUnity.Burst.CodeGen.BurstILPostProcessor
[3500/3789  0s] ILPostProcess Library/Bee/artifacts/1900b0aEDbg.dag/post-processed/Hecton8.Physics.Buoyancy.Runtime.dll (+pdb)
Processing assembly Library/Bee/artifacts/1900b0aEDbg.dag/Hecton8.Physics.Buoyancy.Runtime.dll, with 157 defines and 312 references

processors: Unity.Jobs.CodeGen.JobsILPostProcessor, zzzUnity.Burst.CodeGen.BurstILPostProcessor

running Unity.Jobs.CodeGen.JobsILPostProcessor

running zzzUnity.Burst.CodeGen.BurstILPostProcessor
[3501/3789  0s] ILPostProcess Library/Bee/artifacts/1900b0aEDbg.dag/post-processed/Hecton8.Graphics.Culling.dll (+pdb)
Processing assembly Library/Bee/artifacts/1900b0aEDbg.dag/Hecton8.Graphics.Culling.dll, with 157 defines and 313 references

processors: Unity.Jobs.CodeGen.JobsILPostProcessor, zzzUnity.Burst.CodeGen.BurstILPostProcessor

running Unity.Jobs.CodeGen.JobsILPostProcessor

running zzzUnity.Burst.CodeGen.BurstILPostProcessor
[3502/3789  0s] ILPostProcess Library/Bee/artifacts/1900b0aEDbg.dag/post-processed/Hecton8.Gameplay.Mining.dll (+pdb)
Processing assembly Library/Bee/artifacts/1900b0aEDbg.dag/Hecton8.Gameplay.Mining.dll, with 157 defines and 314 references

processors: Unity.Jobs.CodeGen.JobsILPostProcessor, zzzUnity.Burst.CodeGen.BurstILPostProcessor

running Unity.Jobs.CodeGen.JobsILPostProcessor

running zzzUnity.Burst.CodeGen.BurstILPostProcessor
[3503/3789  1s] ILPostProcess Library/Bee/artifacts/1900b0aEDbg.dag/post-processed/Hecton8.Plugins.dll (+pdb)
Processing assembly Library/Bee/artifacts/1900b0aEDbg.dag/Hecton8.Plugins.dll, with 157 defines and 314 references

processors: Unity.Jobs.CodeGen.JobsILPostProcessor, zzzUnity.Burst.CodeGen.BurstILPostProcessor

running Unity.Jobs.CodeGen.JobsILPostProcessor

running zzzUnity.Burst.CodeGen.BurstILPostProcessor
[3504/3789  1s] ILPostProcess Library/Bee/artifacts/1900b0aEDbg.dag/post-processed/Hecton8.Tools.ToolKinematics.dll (+pdb)
Processing assembly Library/Bee/artifacts/1900b0aEDbg.dag/Hecton8.Tools.ToolKinematics.dll, with 157 defines and 313 references

processors: Unity.Jobs.CodeGen.JobsILPostProcessor, zzzUnity.Burst.CodeGen.BurstILPostProcessor

running Unity.Jobs.CodeGen.JobsILPostProcessor

running zzzUnity.Burst.CodeGen.BurstILPostProcessor
[3505/3789  1s] ILPostProcess Library/Bee/artifacts/1900b0aEDbg.dag/post-processed/Hecton8.Thermodynamics.dll (+pdb)
Processing assembly Library/Bee/artifacts/1900b0aEDbg.dag/Hecton8.Thermodynamics.dll, with 157 defines and 312 references

processors: Unity.Jobs.CodeGen.JobsILPostProcessor, zzzUnity.Burst.CodeGen.BurstILPostProcessor

running Unity.Jobs.CodeGen.JobsILPostProcessor

running zzzUnity.Burst.CodeGen.BurstILPostProcessor
[3506/3789  1s] ILPostProcess Library/Bee/artifacts/1900b0aEDbg.dag/post-processed/Hecton8.VFX.Bioluminescence.Runtime.dll (+pdb)
Processing assembly Library/Bee/artifacts/1900b0aEDbg.dag/Hecton8.VFX.Bioluminescence.Runtime.dll, with 157 defines and 313 references

processors: Unity.Jobs.CodeGen.JobsILPostProcessor, zzzUnity.Burst.CodeGen.BurstILPostProcessor

running Unity.Jobs.CodeGen.JobsILPostProcessor

running zzzUnity.Burst.CodeGen.BurstILPostProcessor
[3507/3789  1s] ILPostProcess Library/Bee/artifacts/1900b0aEDbg.dag/post-processed/Hecton8.World.Streaming.dll (+pdb)
Processing assembly Library/Bee/artifacts/1900b0aEDbg.dag/Hecton8.World.Streaming.dll, with 158 defines and 308 references

processors: Unity.Jobs.CodeGen.JobsILPostProcessor, zzzUnity.Burst.CodeGen.BurstILPostProcessor

running Unity.Jobs.CodeGen.JobsILPostProcessor

running zzzUnity.Burst.CodeGen.BurstILPostProcessor
[3508/3789  1s] ILPostProcess Library/Bee/artifacts/1900b0aEDbg.dag/post-processed/Hecton8.Graphics.Caustics.dll (+pdb)
Processing assembly Library/Bee/artifacts/1900b0aEDbg.dag/Hecton8.Graphics.Caustics.dll, with 157 defines and 312 references

processors: Unity.Jobs.CodeGen.JobsILPostProcessor, zzzUnity.Burst.CodeGen.BurstILPostProcessor

running Unity.Jobs.CodeGen.JobsILPostProcessor

running zzzUnity.Burst.CodeGen.BurstILPostProcessor
[3509/3789  0s] ILPostProcess Library/Bee/artifacts/1900b0aEDbg.dag/post-processed/Hecton8.PlayModeTests.dll (+pdb)
Processing assembly Library/Bee/artifacts/1900b0aEDbg.dag/Hecton8.PlayModeTests.dll, with 157 defines and 270 references

processors: Unity.Jobs.CodeGen.JobsILPostProcessor, zzzUnity.Burst.CodeGen.BurstILPostProcessor

running Unity.Jobs.CodeGen.JobsILPostProcessor

running zzzUnity.Burst.CodeGen.BurstILPostProcessor
[BUSY       6s] ILPostProcess Library/Bee/artifacts/1900b0aEDbg.dag/post-processed/Hecton8.AI.Pathfinding.dll (+pdb)
[3510/3789  7s] ILPostProcess Library/Bee/artifacts/1900b0aEDbg.dag/post-processed/Hecton8.UI.Navigation.dll (+pdb)
Processing assembly Library/Bee/artifacts/1900b0aEDbg.dag/Hecton8.UI.Navigation.dll, with 157 defines and 313 references

processors: Unity.Jobs.CodeGen.JobsILPostProcessor, zzzUnity.Burst.CodeGen.BurstILPostProcessor

running Unity.Jobs.CodeGen.JobsILPostProcessor

running zzzUnity.Burst.CodeGen.BurstILPostProcessor
[3511/3789  7s] ILPostProcess Library/Bee/artifacts/1900b0aEDbg.dag/post-processed/Hecton8.Narrative.Campaign.dll (+pdb)
Processing assembly Library/Bee/artifacts/1900b0aEDbg.dag/Hecton8.Narrative.Campaign.dll, with 157 defines and 312 references

processors: Unity.Jobs.CodeGen.JobsILPostProcessor, zzzUnity.Burst.CodeGen.BurstILPostProcessor

running Unity.Jobs.CodeGen.JobsILPostProcessor

running zzzUnity.Burst.CodeGen.BurstILPostProcessor
[3512/3789  8s] ILPostProcess Library/Bee/artifacts/1900b0aEDbg.dag/post-processed/Hecton8.AI.Pathfinding.dll (+pdb)
Processing assembly Library/Bee/artifacts/1900b0aEDbg.dag/Hecton8.AI.Pathfinding.dll, with 157 defines and 312 references

processors: Unity.Jobs.CodeGen.JobsILPostProcessor, zzzUnity.Burst.CodeGen.BurstILPostProcessor

running Unity.Jobs.CodeGen.JobsILPostProcessor

running zzzUnity.Burst.CodeGen.BurstILPostProcessor
[3513/3789  7s] ILPostProcess Library/Bee/artifacts/1900b0aEDbg.dag/post-processed/Hecton8.World.Outposts.dll (+pdb)
Processing assembly Library/Bee/artifacts/1900b0aEDbg.dag/Hecton8.World.Outposts.dll, with 157 defines and 313 references

processors: Unity.Jobs.CodeGen.JobsILPostProcessor, zzzUnity.Burst.CodeGen.BurstILPostProcessor

running Unity.Jobs.CodeGen.JobsILPostProcessor

running zzzUnity.Burst.CodeGen.BurstILPostProcessor
[3514/3789  7s] ILPostProcess Library/Bee/artifacts/1900b0aEDbg.dag/post-processed/Hecton8.SeedShipAnomaly.Runtime.dll (+pdb)
Processing assembly Library/Bee/artifacts/1900b0aEDbg.dag/Hecton8.SeedShipAnomaly.Runtime.dll, with 157 defines and 312 references

processors: Unity.Jobs.CodeGen.JobsILPostProcessor, zzzUnity.Burst.CodeGen.BurstILPostProcessor

running Unity.Jobs.CodeGen.JobsILPostProcessor

running zzzUnity.Burst.CodeGen.BurstILPostProcessor
[3515/3789  7s] ILPostProcess Library/Bee/artifacts/1900b0aEDbg.dag/post-processed/Assembly-CSharp-firstpass.dll (+pdb)
Processing assembly Library/Bee/artifacts/1900b0aEDbg.dag/Assembly-CSharp-firstpass.dll, with 157 defines and 441 references

processors: Unity.Jobs.CodeGen.JobsILPostProcessor, zzzUnity.Burst.CodeGen.BurstILPostProcessor

running Unity.Jobs.CodeGen.JobsILPostProcessor

running zzzUnity.Burst.CodeGen.BurstILPostProcessor
[3516/3789  0s] ILPostProcess Library/Bee/artifacts/1900b0aEDbg.dag/post-processed/Hecton8.Narrative.Prologue.dll (+pdb)
Processing assembly Library/Bee/artifacts/1900b0aEDbg.dag/Hecton8.Narrative.Prologue.dll, with 157 defines and 310 references

processors: Unity.Jobs.CodeGen.JobsILPostProcessor, zzzUnity.Burst.CodeGen.BurstILPostProcessor

running Unity.Jobs.CodeGen.JobsILPostProcessor

running zzzUnity.Burst.CodeGen.BurstILPostProcessor
[3517/3789  0s] ILPostProcess Library/Bee/artifacts/1900b0aEDbg.dag/post-processed/Hecton8.Gameplay.Loot.Contracts.dll (+pdb)
Processing assembly Library/Bee/artifacts/1900b0aEDbg.dag/Hecton8.Gameplay.Loot.Contracts.dll, with 157 defines and 311 references

processors: Unity.Jobs.CodeGen.JobsILPostProcessor, zzzUnity.Burst.CodeGen.BurstILPostProcessor

running Unity.Jobs.CodeGen.JobsILPostProcessor

running zzzUnity.Burst.CodeGen.BurstILPostProcessor
[3518/3789  0s] ILPostProcess Library/Bee/artifacts/1900b0aEDbg.dag/post-processed/Hecton8.Rendering.OceanSinglePass.dll (+pdb)
Processing assembly Library/Bee/artifacts/1900b0aEDbg.dag/Hecton8.Rendering.OceanSinglePass.dll, with 157 defines and 315 references

processors: Unity.Jobs.CodeGen.JobsILPostProcessor, zzzUnity.Burst.CodeGen.BurstILPostProcessor

running Unity.Jobs.CodeGen.JobsILPostProcessor

running zzzUnity.Burst.CodeGen.BurstILPostProcessor
[3519/3789  7s] ILPostProcess Library/Bee/artifacts/1900b0aEDbg.dag/post-processed/Hecton8.Crest.Bridge.dll (+pdb)
Processing assembly Library/Bee/artifacts/1900b0aEDbg.dag/Hecton8.Crest.Bridge.dll, with 157 defines and 318 references

processors: Unity.Jobs.CodeGen.JobsILPostProcessor, zzzUnity.Burst.CodeGen.BurstILPostProcessor

running Unity.Jobs.CodeGen.JobsILPostProcessor

running zzzUnity.Burst.CodeGen.BurstILPostProcessor
[3520/3789  0s] ILPostProcess Library/Bee/artifacts/1900b0aEDbg.dag/post-processed/Hecton8.Power.BatteryChargerLogistics.Runtime.dll (+pdb)
Processing assembly Library/Bee/artifacts/1900b0aEDbg.dag/Hecton8.Power.BatteryChargerLogistics.Runtime.dll, with 157 defines and 312 references

processors: Unity.Jobs.CodeGen.JobsILPostProcessor, zzzUnity.Burst.CodeGen.BurstILPostProcessor

running Unity.Jobs.CodeGen.JobsILPostProcessor

running zzzUnity.Burst.CodeGen.BurstILPostProcessor
[3521/3789  0s] ILPostProcess Library/Bee/artifacts/1900b0aEDbg.dag/post-processed/Hecton8.Inventory.Routing.Runtime.dll (+pdb)
Processing assembly Library/Bee/artifacts/1900b0aEDbg.dag/Hecton8.Inventory.Routing.Runtime.dll, with 157 defines and 312 references

processors: Unity.Jobs.CodeGen.JobsILPostProcessor, zzzUnity.Burst.CodeGen.BurstILPostProcessor

running Unity.Jobs.CodeGen.JobsILPostProcessor

running zzzUnity.Burst.CodeGen.BurstILPostProcessor
[3522/3789  0s] ILPostProcess Library/Bee/artifacts/1900b0aEDbg.dag/post-processed/Hecton8.UI.Tools.dll (+pdb)
Processing assembly Library/Bee/artifacts/1900b0aEDbg.dag/Hecton8.UI.Tools.dll, with 157 defines and 310 references

processors: Unity.Jobs.CodeGen.JobsILPostProcessor, zzzUnity.Burst.CodeGen.BurstILPostProcessor

running Unity.Jobs.CodeGen.JobsILPostProcessor

running zzzUnity.Burst.CodeGen.BurstILPostProcessor
[3523/3789  0s] ILPostProcess Library/Bee/artifacts/1900b0aEDbg.dag/post-processed/Hecton8.VFX.PlasmaBeam.Runtime.dll (+pdb)
Processing assembly Library/Bee/artifacts/1900b0aEDbg.dag/Hecton8.VFX.PlasmaBeam.Runtime.dll, with 157 defines and 313 references

processors: Unity.Jobs.CodeGen.JobsILPostProcessor, zzzUnity.Burst.CodeGen.BurstILPostProcessor

running Unity.Jobs.CodeGen.JobsILPostProcessor

running zzzUnity.Burst.CodeGen.BurstILPostProcessor
[3524/3789  0s] ILPostProcess Library/Bee/artifacts/1900b0aEDbg.dag/post-processed/Hecton8.Prologue.Space.dll (+pdb)
Processing assembly Library/Bee/artifacts/1900b0aEDbg.dag/Hecton8.Prologue.Space.dll, with 157 defines and 312 references

processors: Unity.Jobs.CodeGen.JobsILPostProcessor, zzzUnity.Burst.CodeGen.BurstILPostProcessor

running Unity.Jobs.CodeGen.JobsILPostProcessor

running zzzUnity.Burst.CodeGen.BurstILPostProcessor
[3525/3789  0s] ILPostProcess Library/Bee/artifacts/1900b0aEDbg.dag/post-processed/Hecton8.Dev.SpaceEngine098.dll (+pdb)
Processing assembly Library/Bee/artifacts/1900b0aEDbg.dag/Hecton8.Dev.SpaceEngine098.dll, with 157 defines and 310 references

processors: Unity.Jobs.CodeGen.JobsILPostProcessor, zzzUnity.Burst.CodeGen.BurstILPostProcessor

running Unity.Jobs.CodeGen.JobsILPostProcessor

running zzzUnity.Burst.CodeGen.BurstILPostProcessor
[3526/3789  0s] ILPostProcess Library/Bee/artifacts/1900b0aEDbg.dag/post-processed/Hecton8.Prologue.VFX.dll (+pdb)
Processing assembly Library/Bee/artifacts/1900b0aEDbg.dag/Hecton8.Prologue.VFX.dll, with 157 defines and 311 references

processors: Unity.Jobs.CodeGen.JobsILPostProcessor, zzzUnity.Burst.CodeGen.BurstILPostProcessor

running Unity.Jobs.CodeGen.JobsILPostProcessor

running zzzUnity.Burst.CodeGen.BurstILPostProcessor
[3527/3789  0s] ILPostProcess Library/Bee/artifacts/1900b0aEDbg.dag/post-processed/Hecton8.Audio.Prologue.dll (+pdb)
Processing assembly Library/Bee/artifacts/1900b0aEDbg.dag/Hecton8.Audio.Prologue.dll, with 157 defines and 311 references

processors: Unity.Jobs.CodeGen.JobsILPostProcessor, zzzUnity.Burst.CodeGen.BurstILPostProcessor

running Unity.Jobs.CodeGen.JobsILPostProcessor

running zzzUnity.Burst.CodeGen.BurstILPostProcessor
[3528/3789  0s] ILPostProcess Library/Bee/artifacts/1900b0aEDbg.dag/post-processed/Hecton8.Graphics.Scalability.dll (+pdb)
Processing assembly Library/Bee/artifacts/1900b0aEDbg.dag/Hecton8.Graphics.Scalability.dll, with 157 defines and 315 references

processors: Unity.Jobs.CodeGen.JobsILPostProcessor, zzzUnity.Burst.CodeGen.BurstILPostProcessor

running Unity.Jobs.CodeGen.JobsILPostProcessor

running zzzUnity.Burst.CodeGen.BurstILPostProcessor
[3529/3789  0s] ILPostProcess Library/Bee/artifacts/1900b0aEDbg.dag/post-processed/Hecton8.QA.dll (+pdb)
Processing assembly Library/Bee/artifacts/1900b0aEDbg.dag/Hecton8.QA.dll, with 157 defines and 310 references

processors: Unity.Jobs.CodeGen.JobsILPostProcessor, zzzUnity.Burst.CodeGen.BurstILPostProcessor

running Unity.Jobs.CodeGen.JobsILPostProcessor

running zzzUnity.Burst.CodeGen.BurstILPostProcessor
[3530/3789  0s] ILPostProcess Library/Bee/artifacts/1900b0aEDbg.dag/post-processed/Hecton8.Lighting.dll (+pdb)
Processing assembly Library/Bee/artifacts/1900b0aEDbg.dag/Hecton8.Lighting.dll, with 157 defines and 314 references

processors: Unity.Jobs.CodeGen.JobsILPostProcessor, zzzUnity.Burst.CodeGen.BurstILPostProcessor

running Unity.Jobs.CodeGen.JobsILPostProcessor

running zzzUnity.Burst.CodeGen.BurstILPostProcessor
[3531/3789  0s] ILPostProcess Library/Bee/artifacts/1900b0aEDbg.dag/post-processed/Hecton8.UI.VR.dll (+pdb)
Processing assembly Library/Bee/artifacts/1900b0aEDbg.dag/Hecton8.UI.VR.dll, with 157 defines and 313 references

processors: Unity.Jobs.CodeGen.JobsILPostProcessor, zzzUnity.Burst.CodeGen.BurstILPostProcessor

running Unity.Jobs.CodeGen.JobsILPostProcessor

running zzzUnity.Burst.CodeGen.BurstILPostProcessor
[3532/3789  0s] ILPostProcess Library/Bee/artifacts/1900b0aEDbg.dag/post-processed/Hecton8.Habitat.Deformation.dll (+pdb)
Processing assembly Library/Bee/artifacts/1900b0aEDbg.dag/Hecton8.Habitat.Deformation.dll, with 157 defines and 315 references

processors: Unity.Jobs.CodeGen.JobsILPostProcessor, zzzUnity.Burst.CodeGen.BurstILPostProcessor

running Unity.Jobs.CodeGen.JobsILPostProcessor

running zzzUnity.Burst.CodeGen.BurstILPostProcessor
[3533/3789  0s] ILPostProcess Library/Bee/artifacts/1900b0aEDbg.dag/post-processed/Assembly-CSharp.dll (+pdb)
Processing assembly Library/Bee/artifacts/1900b0aEDbg.dag/Assembly-CSharp.dll, with 157 defines and 442 references

processors: Unity.Jobs.CodeGen.JobsILPostProcessor, zzzUnity.Burst.CodeGen.BurstILPostProcessor

running Unity.Jobs.CodeGen.JobsILPostProcessor

running zzzUnity.Burst.CodeGen.BurstILPostProcessor
[3534/3789  0s] ILPostProcess Library/Bee/artifacts/1900b0aEDbg.dag/post-processed/Hecton8.VFX.Materials.dll (+pdb)
Processing assembly Library/Bee/artifacts/1900b0aEDbg.dag/Hecton8.VFX.Materials.dll, with 157 defines and 311 references

processors: Unity.Jobs.CodeGen.JobsILPostProcessor, zzzUnity.Burst.CodeGen.BurstILPostProcessor

running Unity.Jobs.CodeGen.JobsILPostProcessor

running zzzUnity.Burst.CodeGen.BurstILPostProcessor
[3535/3789  0s] ILPostProcess Library/Bee/artifacts/1900b0aEDbg.dag/post-processed/Hecton8.Atmosphere.StormPropagation.Runtime.dll (+pdb)
Processing assembly Library/Bee/artifacts/1900b0aEDbg.dag/Hecton8.Atmosphere.StormPropagation.Runtime.dll, with 157 defines and 312 references

processors: Unity.Jobs.CodeGen.JobsILPostProcessor, zzzUnity.Burst.CodeGen.BurstILPostProcessor

running Unity.Jobs.CodeGen.JobsILPostProcessor

running zzzUnity.Burst.CodeGen.BurstILPostProcessor
[3536/3789  0s] ILPostProcess Library/Bee/artifacts/1900b0aEDbg.dag/post-processed/Hecton8.UI.Diegetic.dll (+pdb)
Processing assembly Library/Bee/artifacts/1900b0aEDbg.dag/Hecton8.UI.Diegetic.dll, with 157 defines and 313 references

processors: Unity.Jobs.CodeGen.JobsILPostProcessor, zzzUnity.Burst.CodeGen.BurstILPostProcessor

running Unity.Jobs.CodeGen.JobsILPostProcessor

running zzzUnity.Burst.CodeGen.BurstILPostProcessor
[3537/3789  1s] ILPostProcess Library/Bee/artifacts/1900b0aEDbg.dag/post-processed/Hecton8.QA.Headless.dll (+pdb)
Processing assembly Library/Bee/artifacts/1900b0aEDbg.dag/Hecton8.QA.Headless.dll, with 157 defines and 312 references

processors: Unity.Jobs.CodeGen.JobsILPostProcessor, zzzUnity.Burst.CodeGen.BurstILPostProcessor

running Unity.Jobs.CodeGen.JobsILPostProcessor

running zzzUnity.Burst.CodeGen.BurstILPostProcessor
[3538/3789  0s] ILPostProcess Library/Bee/artifacts/1900b0aEDbg.dag/post-processed/Hecton8.World.Economy.dll (+pdb)
Processing assembly Library/Bee/artifacts/1900b0aEDbg.dag/Hecton8.World.Economy.dll, with 157 defines and 314 references

processors: Unity.Jobs.CodeGen.JobsILPostProcessor, zzzUnity.Burst.CodeGen.BurstILPostProcessor

running Unity.Jobs.CodeGen.JobsILPostProcessor

running zzzUnity.Burst.CodeGen.BurstILPostProcessor
[3539/3789  0s] ILPostProcess Library/Bee/artifacts/1900b0aEDbg.dag/post-processed/Hecton8.World.ShinobuBiomimetic.dll (+pdb)
Processing assembly Library/Bee/artifacts/1900b0aEDbg.dag/Hecton8.World.ShinobuBiomimetic.dll, with 157 defines and 312 references

processors: Unity.Jobs.CodeGen.JobsILPostProcessor, zzzUnity.Burst.CodeGen.BurstILPostProcessor

running Unity.Jobs.CodeGen.JobsILPostProcessor

running zzzUnity.Burst.CodeGen.BurstILPostProcessor
[3540/3789  0s] ILPostProcess Library/Bee/artifacts/1900b0aEDbg.dag/post-processed/Hecton8.Graphics.Materials.dll (+pdb)
Processing assembly Library/Bee/artifacts/1900b0aEDbg.dag/Hecton8.Graphics.Materials.dll, with 157 defines and 313 references

processors: Unity.Jobs.CodeGen.JobsILPostProcessor, zzzUnity.Burst.CodeGen.BurstILPostProcessor

running Unity.Jobs.CodeGen.JobsILPostProcessor

running zzzUnity.Burst.CodeGen.BurstILPostProcessor
[3541/3789  1s] ILPostProcess Library/Bee/artifacts/1900b0aEDbg.dag/post-processed/Hecton8.Physiology.dll (+pdb)
Processing assembly Library/Bee/artifacts/1900b0aEDbg.dag/Hecton8.Physiology.dll, with 157 defines and 312 references

processors: Unity.Jobs.CodeGen.JobsILPostProcessor, zzzUnity.Burst.CodeGen.BurstILPostProcessor

running Unity.Jobs.CodeGen.JobsILPostProcessor

running zzzUnity.Burst.CodeGen.BurstILPostProcessor
[3542/3789  0s] ILPostProcess Library/Bee/artifacts/1900b0aEDbg.dag/post-processed/Hecton8.UI.TerminalOS.Editor.dll (+pdb)
Processing assembly Library/Bee/artifacts/1900b0aEDbg.dag/Hecton8.UI.TerminalOS.Editor.dll, with 155 defines and 319 references

processors: Unity.Jobs.CodeGen.JobsILPostProcessor, zzzUnity.Burst.CodeGen.BurstILPostProcessor

running Unity.Jobs.CodeGen.JobsILPostProcessor

running zzzUnity.Burst.CodeGen.BurstILPostProcessor
[3543/3789  0s] ILPostProcess Library/Bee/artifacts/1900b0aEDbg.dag/post-processed/Hecton8.Power.Generators.dll (+pdb)
Processing assembly Library/Bee/artifacts/1900b0aEDbg.dag/Hecton8.Power.Generators.dll, with 157 defines and 313 references

processors: Unity.Jobs.CodeGen.JobsILPostProcessor, zzzUnity.Burst.CodeGen.BurstILPostProcessor

running Unity.Jobs.CodeGen.JobsILPostProcessor

running zzzUnity.Burst.CodeGen.BurstILPostProcessor
[3544/3789  0s] ILPostProcess Library/Bee/artifacts/1900b0aEDbg.dag/post-processed/Hecton8.Core.Content.Editor.dll (+pdb)
Processing assembly Library/Bee/artifacts/1900b0aEDbg.dag/Hecton8.Core.Content.Editor.dll, with 156 defines and 320 references

processors: Unity.Jobs.CodeGen.JobsILPostProcessor, zzzUnity.Burst.CodeGen.BurstILPostProcessor

running Unity.Jobs.CodeGen.JobsILPostProcessor

running zzzUnity.Burst.CodeGen.BurstILPostProcessor
[3545/3789  0s] ILPostProcess Library/Bee/artifacts/1900b0aEDbg.dag/post-processed/Hecton8.DataMonolith.Editor.dll (+pdb)
Processing assembly Library/Bee/artifacts/1900b0aEDbg.dag/Hecton8.DataMonolith.Editor.dll, with 155 defines and 320 references

processors: Unity.Jobs.CodeGen.JobsILPostProcessor, zzzUnity.Burst.CodeGen.BurstILPostProcessor

running Unity.Jobs.CodeGen.JobsILPostProcessor

running zzzUnity.Burst.CodeGen.BurstILPostProcessor
[3546/3789  0s] ILPostProcess Library/Bee/artifacts/1900b0aEDbg.dag/post-processed/Hecton8.VFX.Bioluminescence.Editor.dll (+pdb)
Processing assembly Library/Bee/artifacts/1900b0aEDbg.dag/Hecton8.VFX.Bioluminescence.Editor.dll, with 155 defines and 319 references

processors: Unity.Jobs.CodeGen.JobsILPostProcessor, zzzUnity.Burst.CodeGen.BurstILPostProcessor

running Unity.Jobs.CodeGen.JobsILPostProcessor

running zzzUnity.Burst.CodeGen.BurstILPostProcessor
[3547/3789  0s] ILPostProcess Library/Bee/artifacts/1900b0aEDbg.dag/post-processed/Hecton8.Atmosphere.StormPropagation.Editor.dll (+pdb)
Processing assembly Library/Bee/artifacts/1900b0aEDbg.dag/Hecton8.Atmosphere.StormPropagation.Editor.dll, with 155 defines and 322 references

processors: Unity.Jobs.CodeGen.JobsILPostProcessor, zzzUnity.Burst.CodeGen.BurstILPostProcessor

running Unity.Jobs.CodeGen.JobsILPostProcessor

running zzzUnity.Burst.CodeGen.BurstILPostProcessor
[3548/3789  0s] ILPostProcess Library/Bee/artifacts/1900b0aEDbg.dag/post-processed/Hecton8.Animation.FaunaProcedural.Editor.dll (+pdb)
Processing assembly Library/Bee/artifacts/1900b0aEDbg.dag/Hecton8.Animation.FaunaProcedural.Editor.dll, with 155 defines and 322 references

processors: Unity.Jobs.CodeGen.JobsILPostProcessor, zzzUnity.Burst.CodeGen.BurstILPostProcessor

running Unity.Jobs.CodeGen.JobsILPostProcessor

running zzzUnity.Burst.CodeGen.BurstILPostProcessor
[3549/3789  0s] ILPostProcess Library/Bee/artifacts/1900b0aEDbg.dag/post-processed/Hecton8.Graphics.Culling.Editor.dll (+pdb)
Processing assembly Library/Bee/artifacts/1900b0aEDbg.dag/Hecton8.Graphics.Culling.Editor.dll, with 155 defines and 319 references

processors: Unity.Jobs.CodeGen.JobsILPostProcessor, zzzUnity.Burst.CodeGen.BurstILPostProcessor

running Unity.Jobs.CodeGen.JobsILPostProcessor

running zzzUnity.Burst.CodeGen.BurstILPostProcessor
[3550/3789  0s] ILPostProcess Library/Bee/artifacts/1900b0aEDbg.dag/post-processed/Hecton8.Crest.Bridge.Editor.dll (+pdb)
Processing assembly Library/Bee/artifacts/1900b0aEDbg.dag/Hecton8.Crest.Bridge.Editor.dll, with 156 defines and 344 references

processors: Unity.Jobs.CodeGen.JobsILPostProcessor, zzzUnity.Burst.CodeGen.BurstILPostProcessor

running Unity.Jobs.CodeGen.JobsILPostProcessor

running zzzUnity.Burst.CodeGen.BurstILPostProcessor
[3551/3789  0s] ILPostProcess Library/Bee/artifacts/1900b0aEDbg.dag/post-processed/Hecton8.AI.Pathfinding.Editor.dll (+pdb)
Processing assembly Library/Bee/artifacts/1900b0aEDbg.dag/Hecton8.AI.Pathfinding.Editor.dll, with 155 defines and 322 references

processors: Unity.Jobs.CodeGen.JobsILPostProcessor, zzzUnity.Burst.CodeGen.BurstILPostProcessor

running Unity.Jobs.CodeGen.JobsILPostProcessor

running zzzUnity.Burst.CodeGen.BurstILPostProcessor
[3552/3789  0s] ILPostProcess Library/Bee/artifacts/1900b0aEDbg.dag/post-processed/Hecton8.Habitat.Deformation.Editor.dll (+pdb)
Processing assembly Library/Bee/artifacts/1900b0aEDbg.dag/Hecton8.Habitat.Deformation.Editor.dll, with 155 defines and 319 references

processors: Unity.Jobs.CodeGen.JobsILPostProcessor, zzzUnity.Burst.CodeGen.BurstILPostProcessor

running Unity.Jobs.CodeGen.JobsILPostProcessor

running zzzUnity.Burst.CodeGen.BurstILPostProcessor
[3553/3789  1s] ILPostProcess Library/Bee/artifacts/1900b0aEDbg.dag/post-processed/Hecton8.World.ShinobuBiomimetic.Editor.dll (+pdb)
Processing assembly Library/Bee/artifacts/1900b0aEDbg.dag/Hecton8.World.ShinobuBiomimetic.Editor.dll, with 155 defines and 322 references

processors: Unity.Jobs.CodeGen.JobsILPostProcessor, zzzUnity.Burst.CodeGen.BurstILPostProcessor

running Unity.Jobs.CodeGen.JobsILPostProcessor

running zzzUnity.Burst.CodeGen.BurstILPostProcessor
[3554/3789  0s] ILPostProcess Library/Bee/artifacts/1900b0aEDbg.dag/post-processed/Hecton8.SaveSystem.Editor.dll (+pdb)
Processing assembly Library/Bee/artifacts/1900b0aEDbg.dag/Hecton8.SaveSystem.Editor.dll, with 155 defines and 318 references

processors: Unity.Jobs.CodeGen.JobsILPostProcessor, zzzUnity.Burst.CodeGen.BurstILPostProcessor

running Unity.Jobs.CodeGen.JobsILPostProcessor

running zzzUnity.Burst.CodeGen.BurstILPostProcessor
[3555/3789  0s] ILPostProcess Library/Bee/artifacts/1900b0aEDbg.dag/post-processed/Hecton8.QA.Headless.Editor.dll (+pdb)
Processing assembly Library/Bee/artifacts/1900b0aEDbg.dag/Hecton8.QA.Headless.Editor.dll, with 155 defines and 319 references

processors: Unity.Jobs.CodeGen.JobsILPostProcessor, zzzUnity.Burst.CodeGen.BurstILPostProcessor

running Unity.Jobs.CodeGen.JobsILPostProcessor

running zzzUnity.Burst.CodeGen.BurstILPostProcessor
[3556/3789  0s] ILPostProcess Library/Bee/artifacts/1900b0aEDbg.dag/post-processed/Assembly-CSharp-Editor.dll (+pdb)
Processing assembly Library/Bee/artifacts/1900b0aEDbg.dag/Assembly-CSharp-Editor.dll, with 155 defines and 470 references

processors: Unity.Jobs.CodeGen.JobsILPostProcessor, zzzUnity.Burst.CodeGen.BurstILPostProcessor

running Unity.Jobs.CodeGen.JobsILPostProcessor

running zzzUnity.Burst.CodeGen.BurstILPostProcessor
[3557/3789  1s] ILPostProcess Library/Bee/artifacts/1900b0aEDbg.dag/post-processed/Hecton8.World.ProceduralCoral.Editor.dll (+pdb)
Processing assembly Library/Bee/artifacts/1900b0aEDbg.dag/Hecton8.World.ProceduralCoral.Editor.dll, with 155 defines and 322 references

processors: Unity.Jobs.CodeGen.JobsILPostProcessor, zzzUnity.Burst.CodeGen.BurstILPostProcessor

running Unity.Jobs.CodeGen.JobsILPostProcessor

running zzzUnity.Burst.CodeGen.BurstILPostProcessor
[3558/3789  0s] ILPostProcess Library/Bee/artifacts/1900b0aEDbg.dag/post-processed/Hecton8.VFX.JacobianFoam.Editor.dll (+pdb)
Processing assembly Library/Bee/artifacts/1900b0aEDbg.dag/Hecton8.VFX.JacobianFoam.Editor.dll, with 155 defines and 325 references

processors: Unity.Jobs.CodeGen.JobsILPostProcessor, zzzUnity.Burst.CodeGen.BurstILPostProcessor

running Unity.Jobs.CodeGen.JobsILPostProcessor

running zzzUnity.Burst.CodeGen.BurstILPostProcessor
[3559/3789  1s] ILPostProcess Library/Bee/artifacts/1900b0aEDbg.dag/post-processed/Hecton8.World.HydraulicErosionForge.Editor.dll (+pdb)
Processing assembly Library/Bee/artifacts/1900b0aEDbg.dag/Hecton8.World.HydraulicErosionForge.Editor.dll, with 155 defines and 320 references

processors: Unity.Jobs.CodeGen.JobsILPostProcessor, zzzUnity.Burst.CodeGen.BurstILPostProcessor

running Unity.Jobs.CodeGen.JobsILPostProcessor

running zzzUnity.Burst.CodeGen.BurstILPostProcessor
[3560/3789  0s] ILPostProcess Library/Bee/artifacts/1900b0aEDbg.dag/post-processed/Hecton8.World.FloraAmbientSway.Editor.dll (+pdb)
Processing assembly Library/Bee/artifacts/1900b0aEDbg.dag/Hecton8.World.FloraAmbientSway.Editor.dll, with 155 defines and 321 references

processors: Unity.Jobs.CodeGen.JobsILPostProcessor, zzzUnity.Burst.CodeGen.BurstILPostProcessor

running Unity.Jobs.CodeGen.JobsILPostProcessor

running zzzUnity.Burst.CodeGen.BurstILPostProcessor
[3561/3789  0s] ILPostProcess Library/Bee/artifacts/1900b0aEDbg.dag/post-processed/Hecton8.Audio.Synthesis.Editor.dll (+pdb)
Processing assembly Library/Bee/artifacts/1900b0aEDbg.dag/Hecton8.Audio.Synthesis.Editor.dll, with 155 defines and 322 references

processors: Unity.Jobs.CodeGen.JobsILPostProcessor, zzzUnity.Burst.CodeGen.BurstILPostProcessor

running Unity.Jobs.CodeGen.JobsILPostProcessor

running zzzUnity.Burst.CodeGen.BurstILPostProcessor
[3562/3789  0s] ILPostProcess Library/Bee/artifacts/1900b0aEDbg.dag/post-processed/Hecton8.Physics.Vehicles.Editor.dll (+pdb)
Processing assembly Library/Bee/artifacts/1900b0aEDbg.dag/Hecton8.Physics.Vehicles.Editor.dll, with 155 defines and 284 references

processors: Unity.Jobs.CodeGen.JobsILPostProcessor, zzzUnity.Burst.CodeGen.BurstILPostProcessor

running Unity.Jobs.CodeGen.JobsILPostProcessor

running zzzUnity.Burst.CodeGen.BurstILPostProcessor
[3563/3789  0s] ILPostProcess Library/Bee/artifacts/1900b0aEDbg.dag/post-processed/Hecton8.World.ProceduralWreckage.Editor.dll (+pdb)
Processing assembly Library/Bee/artifacts/1900b0aEDbg.dag/Hecton8.World.ProceduralWreckage.Editor.dll, with 155 defines and 322 references

processors: Unity.Jobs.CodeGen.JobsILPostProcessor, zzzUnity.Burst.CodeGen.BurstILPostProcessor

running Unity.Jobs.CodeGen.JobsILPostProcessor

running zzzUnity.Burst.CodeGen.BurstILPostProcessor
[3564/3789  0s] ILPostProcess Library/Bee/artifacts/1900b0aEDbg.dag/post-processed/Hecton8.Physics.Buoyancy.Editor.dll (+pdb)
Processing assembly Library/Bee/artifacts/1900b0aEDbg.dag/Hecton8.Physics.Buoyancy.Editor.dll, with 155 defines and 286 references

processors: Unity.Jobs.CodeGen.JobsILPostProcessor, zzzUnity.Burst.CodeGen.BurstILPostProcessor

running Unity.Jobs.CodeGen.JobsILPostProcessor

running zzzUnity.Burst.CodeGen.BurstILPostProcessor
[3565/3789  0s] ILPostProcess Library/Bee/artifacts/1900b0aEDbg.dag/post-processed/Hecton8.Rendering.WaterOptics.Editor.dll (+pdb)
Processing assembly Library/Bee/artifacts/1900b0aEDbg.dag/Hecton8.Rendering.WaterOptics.Editor.dll, with 155 defines and 323 references

processors: Unity.Jobs.CodeGen.JobsILPostProcessor, zzzUnity.Burst.CodeGen.BurstILPostProcessor

running Unity.Jobs.CodeGen.JobsILPostProcessor

running zzzUnity.Burst.CodeGen.BurstILPostProcessor
[3566/3789  0s] ILPostProcess Library/Bee/artifacts/1900b0aEDbg.dag/post-processed/Hecton8.Power.BatteryChargerLogistics.Editor.dll (+pdb)
Processing assembly Library/Bee/artifacts/1900b0aEDbg.dag/Hecton8.Power.BatteryChargerLogistics.Editor.dll, with 155 defines and 320 references

processors: Unity.Jobs.CodeGen.JobsILPostProcessor, zzzUnity.Burst.CodeGen.BurstILPostProcessor

running Unity.Jobs.CodeGen.JobsILPostProcessor

running zzzUnity.Burst.CodeGen.BurstILPostProcessor
[3567/3789  0s] ILPostProcess Library/Bee/artifacts/1900b0aEDbg.dag/post-processed/Hecton8.SeedShipAnomaly.Editor.dll (+pdb)
Processing assembly Library/Bee/artifacts/1900b0aEDbg.dag/Hecton8.SeedShipAnomaly.Editor.dll, with 155 defines and 322 references

processors: Unity.Jobs.CodeGen.JobsILPostProcessor, zzzUnity.Burst.CodeGen.BurstILPostProcessor

running Unity.Jobs.CodeGen.JobsILPostProcessor

running zzzUnity.Burst.CodeGen.BurstILPostProcessor
[3568/3789  0s] ILPostProcess Library/Bee/artifacts/1900b0aEDbg.dag/post-processed/Hecton8.World.Economy.Editor.dll (+pdb)
Processing assembly Library/Bee/artifacts/1900b0aEDbg.dag/Hecton8.World.Economy.Editor.dll, with 155 defines and 323 references

processors: Unity.Jobs.CodeGen.JobsILPostProcessor, zzzUnity.Burst.CodeGen.BurstILPostProcessor

running Unity.Jobs.CodeGen.JobsILPostProcessor

running zzzUnity.Burst.CodeGen.BurstILPostProcessor
[3569/3789  0s] ILPostProcess Library/Bee/artifacts/1900b0aEDbg.dag/post-processed/Hecton8.Cartography.Editor.dll (+pdb)
Processing assembly Library/Bee/artifacts/1900b0aEDbg.dag/Hecton8.Cartography.Editor.dll, with 155 defines and 319 references

processors: Unity.Jobs.CodeGen.JobsILPostProcessor, zzzUnity.Burst.CodeGen.BurstILPostProcessor

running Unity.Jobs.CodeGen.JobsILPostProcessor

running zzzUnity.Burst.CodeGen.BurstILPostProcessor
[3570/3789  1s] ILPostProcess Library/Bee/artifacts/1900b0aEDbg.dag/post-processed/Hecton8.Project.Editor.dll (+pdb)
Processing assembly Library/Bee/artifacts/1900b0aEDbg.dag/Hecton8.Project.Editor.dll, with 156 defines and 339 references

processors: Unity.Jobs.CodeGen.JobsILPostProcessor, zzzUnity.Burst.CodeGen.BurstILPostProcessor

running Unity.Jobs.CodeGen.JobsILPostProcessor

running zzzUnity.Burst.CodeGen.BurstILPostProcessor
[3571/3789  0s] ILPostProcess Library/Bee/artifacts/1900b0aEDbg.dag/post-processed/Hecton8.VFX.PlasmaBeam.Editor.dll (+pdb)
Processing assembly Library/Bee/artifacts/1900b0aEDbg.dag/Hecton8.VFX.PlasmaBeam.Editor.dll, with 155 defines and 319 references

processors: Unity.Jobs.CodeGen.JobsILPostProcessor, zzzUnity.Burst.CodeGen.BurstILPostProcessor

running Unity.Jobs.CodeGen.JobsILPostProcessor

running zzzUnity.Burst.CodeGen.BurstILPostProcessor
[3572/3789  0s] ILPostProcess Library/Bee/artifacts/1900b0aEDbg.dag/post-processed/Hecton8.Graphics.Materials.Editor.dll (+pdb)
Processing assembly Library/Bee/artifacts/1900b0aEDbg.dag/Hecton8.Graphics.Materials.Editor.dll, with 155 defines and 319 references

processors: Unity.Jobs.CodeGen.JobsILPostProcessor, zzzUnity.Burst.CodeGen.BurstILPostProcessor

running Unity.Jobs.CodeGen.JobsILPostProcessor

running zzzUnity.Burst.CodeGen.BurstILPostProcessor
[3573/3789  0s] ILPostProcess Library/Bee/artifacts/1900b0aEDbg.dag/post-processed/Hecton8.Optimization.Editor.dll (+pdb)
Processing assembly Library/Bee/artifacts/1900b0aEDbg.dag/Hecton8.Optimization.Editor.dll, with 155 defines and 317 references

processors: Unity.Jobs.CodeGen.JobsILPostProcessor, zzzUnity.Burst.CodeGen.BurstILPostProcessor

running Unity.Jobs.CodeGen.JobsILPostProcessor

running zzzUnity.Burst.CodeGen.BurstILPostProcessor
[3574/3789  0s] ILPostProcess Library/Bee/artifacts/1900b0aEDbg.dag/post-processed/Hecton8.InventoryRouting.Editor.dll (+pdb)
Processing assembly Library/Bee/artifacts/1900b0aEDbg.dag/Hecton8.InventoryRouting.Editor.dll, with 155 defines and 323 references

processors: Unity.Jobs.CodeGen.JobsILPostProcessor, zzzUnity.Burst.CodeGen.BurstILPostProcessor

running Unity.Jobs.CodeGen.JobsILPostProcessor

running zzzUnity.Burst.CodeGen.BurstILPostProcessor
[3575/3789  1s] ILPostProcess Library/Bee/artifacts/1900b0aEDbg.dag/post-processed/Hecton8.EditModeTests.dll (+pdb)
Processing assembly Library/Bee/artifacts/1900b0aEDbg.dag/Hecton8.EditModeTests.dll, with 155 defines and 331 references

processors: Unity.Jobs.CodeGen.JobsILPostProcessor, zzzUnity.Burst.CodeGen.BurstILPostProcessor

running Unity.Jobs.CodeGen.JobsILPostProcessor

running zzzUnity.Burst.CodeGen.BurstILPostProcessor
[3576/3789  0s] ILPostProcess Library/Bee/artifacts/1900b0aEDbg.dag/post-processed/Hecton8.Physics.KCC.Editor.dll (+pdb)
Processing assembly Library/Bee/artifacts/1900b0aEDbg.dag/Hecton8.Physics.KCC.Editor.dll, with 155 defines and 286 references

processors: Unity.Jobs.CodeGen.JobsILPostProcessor, zzzUnity.Burst.CodeGen.BurstILPostProcessor

running Unity.Jobs.CodeGen.JobsILPostProcessor

running zzzUnity.Burst.CodeGen.BurstILPostProcessor
[3577/3789  0s] ILPostProcess Library/Bee/artifacts/1900b0aEDbg.dag/post-processed/Hecton8.Lighting.Editor.dll (+pdb)
Processing assembly Library/Bee/artifacts/1900b0aEDbg.dag/Hecton8.Lighting.Editor.dll, with 155 defines and 322 references

processors: Unity.Jobs.CodeGen.JobsILPostProcessor, zzzUnity.Burst.CodeGen.BurstILPostProcessor

running Unity.Jobs.CodeGen.JobsILPostProcessor

running zzzUnity.Burst.CodeGen.BurstILPostProcessor
[3578/3789  1s] ILPostProcess Library/Bee/artifacts/1900b0aEDbg.dag/post-processed/Assembly-CSharp-Editor-firstpass.dll (+pdb)
Processing assembly Library/Bee/artifacts/1900b0aEDbg.dag/Assembly-CSharp-Editor-firstpass.dll, with 155 defines and 468 references

processors: Unity.Jobs.CodeGen.JobsILPostProcessor, zzzUnity.Burst.CodeGen.BurstILPostProcessor

running Unity.Jobs.CodeGen.JobsILPostProcessor

running zzzUnity.Burst.CodeGen.BurstILPostProcessor
[3579/3789  0s] ILPostProcess Library/Bee/artifacts/1900b0aEDbg.dag/post-processed/Hecton8.World.VoxelSurfaceNets.Editor.dll (+pdb)
Processing assembly Library/Bee/artifacts/1900b0aEDbg.dag/Hecton8.World.VoxelSurfaceNets.Editor.dll, with 155 defines and 322 references

processors: Unity.Jobs.CodeGen.JobsILPostProcessor, zzzUnity.Burst.CodeGen.BurstILPostProcessor

running Unity.Jobs.CodeGen.JobsILPostProcessor

running zzzUnity.Burst.CodeGen.BurstILPostProcessor
[3580/3789  0s] ILPostProcess Library/Bee/artifacts/1900b0aEDbg.dag/post-processed/Hecton8.QA.Editor.dll (+pdb)
Processing assembly Library/Bee/artifacts/1900b0aEDbg.dag/Hecton8.QA.Editor.dll, with 155 defines and 320 references

processors: Unity.Jobs.CodeGen.JobsILPostProcessor, zzzUnity.Burst.CodeGen.BurstILPostProcessor

running Unity.Jobs.CodeGen.JobsILPostProcessor

running zzzUnity.Burst.CodeGen.BurstILPostProcessor
[3581/3789  0s] ILPostProcess Library/Bee/artifacts/1900b0aEDbg.dag/post-processed/Hecton8.UI.Editor.dll (+pdb)
Processing assembly Library/Bee/artifacts/1900b0aEDbg.dag/Hecton8.UI.Editor.dll, with 155 defines and 319 references

processors: Unity.Jobs.CodeGen.JobsILPostProcessor, zzzUnity.Burst.CodeGen.BurstILPostProcessor

running Unity.Jobs.CodeGen.JobsILPostProcessor

running zzzUnity.Burst.CodeGen.BurstILPostProcessor
[3622/3789  0s] CopyFiles Library/ScriptAssemblies/Hecton8.AI.Pathfinding.dll
[3690/3789  0s] ILPostProcess Library/Bee/artifacts/1900b0aEDbg.dag/post-processed/Hecton8.AI.Cognition.Editor.dll (+pdb)
Processing assembly Library/Bee/artifacts/1900b0aEDbg.dag/Hecton8.AI.Cognition.Editor.dll, with 155 defines and 322 references

processors: Unity.Jobs.CodeGen.JobsILPostProcessor, zzzUnity.Burst.CodeGen.BurstILPostProcessor

running Unity.Jobs.CodeGen.JobsILPostProcessor

running zzzUnity.Burst.CodeGen.BurstILPostProcessor
[3746/3789  0s] CopyFiles Library/ScriptAssemblies/Hecton8.AI.Pathfinding.pdb
[3771/3789  0s] ILPostProcess Library/Bee/artifacts/1900b0aEDbg.dag/post-processed/Hecton8.Core.Bridge.Editor.dll (+pdb)
Processing assembly Library/Bee/artifacts/1900b0aEDbg.dag/Hecton8.Core.Bridge.Editor.dll, with 156 defines and 323 references

processors: Unity.Jobs.CodeGen.JobsILPostProcessor, zzzUnity.Burst.CodeGen.BurstILPostProcessor

running Unity.Jobs.CodeGen.JobsILPostProcessor

running zzzUnity.Burst.CodeGen.BurstILPostProcessor
[3774/3789  0s] ILPostProcess Library/Bee/artifacts/1900b0aEDbg.dag/post-processed/Hecton8.SaveSystem.EditModeTests.dll (+pdb)
Processing assembly Library/Bee/artifacts/1900b0aEDbg.dag/Hecton8.SaveSystem.EditModeTests.dll, with 155 defines and 318 references

processors: Unity.Jobs.CodeGen.JobsILPostProcessor, zzzUnity.Burst.CodeGen.BurstILPostProcessor

running Unity.Jobs.CodeGen.JobsILPostProcessor

running zzzUnity.Burst.CodeGen.BurstILPostProcessor
[3775/3789  0s] ILPostProcess Library/Bee/artifacts/1900b0aEDbg.dag/post-processed/Hecton8.Physiology.Editor.dll (+pdb)
Processing assembly Library/Bee/artifacts/1900b0aEDbg.dag/Hecton8.Physiology.Editor.dll, with 155 defines and 322 references

processors: Unity.Jobs.CodeGen.JobsILPostProcessor, zzzUnity.Burst.CodeGen.BurstILPostProcessor

running Unity.Jobs.CodeGen.JobsILPostProcessor

running zzzUnity.Burst.CodeGen.BurstILPostProcessor
[3776/3789  0s] ILPostProcess Library/Bee/artifacts/1900b0aEDbg.dag/post-processed/Hecton8.Tools.ToolKinematics.Editor.dll (+pdb)
Processing assembly Library/Bee/artifacts/1900b0aEDbg.dag/Hecton8.Tools.ToolKinematics.Editor.dll, with 155 defines and 323 references

processors: Unity.Jobs.CodeGen.JobsILPostProcessor, zzzUnity.Burst.CodeGen.BurstILPostProcessor

running Unity.Jobs.CodeGen.JobsILPostProcessor

running zzzUnity.Burst.CodeGen.BurstILPostProcessor
[3783/3789  2s] ILPostProcess Library/Bee/artifacts/1900b0aEDbg.dag/post-processed/Hecton8.Editor.dll (+pdb)
Processing assembly Library/Bee/artifacts/1900b0aEDbg.dag/Hecton8.Editor.dll, with 156 defines and 343 references

processors: Unity.Jobs.CodeGen.JobsILPostProcessor, zzzUnity.Burst.CodeGen.BurstILPostProcessor

running Unity.Jobs.CodeGen.JobsILPostProcessor

running zzzUnity.Burst.CodeGen.BurstILPostProcessor
[BUSY      22s] ILPostProcess Library/Bee/artifacts/1900b0aEDbg.dag/post-processed/Hecton8.Core.dll (+pdb)
[3786/3789 28s] ILPostProcess Library/Bee/artifacts/1900b0aEDbg.dag/post-processed/Hecton8.Core.dll (+pdb)
Processing assembly Library/Bee/artifacts/1900b0aEDbg.dag/Hecton8.Core.dll, with 158 defines and 348 references

processors: Unity.Jobs.CodeGen.JobsILPostProcessor, zzzUnity.Burst.CodeGen.BurstILPostProcessor

running Unity.Jobs.CodeGen.JobsILPostProcessor

running zzzUnity.Burst.CodeGen.BurstILPostProcessor
[3787/3789  0s] CopyFiles Library/ScriptAssemblies/Hecton8.Core.pdb
[3788/3789  0s] CopyFiles Library/ScriptAssemblies/Hecton8.Core.dll
*** Tundra build success (66.92 seconds - 0:01:06), 111 items updated, 3789 evaluated
Total cache size 265484168
Total cache size after purge 265484168, took 00:00:00.6545006
[ScriptCompilation] Requested script compilation because: AssetDatabase observed changes in script compilation related files
[Licensing::Client] Successfully resolved entitlement details
Starting: C:\Program Files\Unity\Hub\Editor\6000.4.1f1\Editor\Data\Tools\BuildPipeline\bee_backend.exe --ipc --defer-dag-verification --dagfile="Library/Bee/1900b0aEDbg.dag" --continue-on-failure --profile="Library/Bee/backend1.traceevents" ScriptAssemblies
WorkingDir: C:/hades/Hecton8
Starting: C:\Program Files\Unity\Hub\Editor\6000.4.1f1\Editor\Data\netcorerun\netcorerun.exe "C:\Program Files\Unity\Hub\Editor\6000.4.1f1\Editor\Data\Tools\BuildPipeline\ScriptCompilationBuildProgram.exe" "Library/Bee/1900b0aEDbg.dag.json" "Library/Bee/1900b0aEDbg-inputdata.json" "Library\Bee\buildprogram0.traceevents"
WorkingDir: C:/hades/Hecton8
ExitCode: 4 Duration: 33s
[2642/3789  0s] ILPP-Configuration Library/ilpp-configuration.nevergeneratedoutput
[3381/3789  1s] Csc Library/Bee/artifacts/1900b0aEDbg.dag/Hecton8.World.BiotaDensityMapBaker.Editor.dll (+2 others)
[3382/3789  2s] Csc Library/Bee/artifacts/1900b0aEDbg.dag/Hecton8.AI.Cognition.dll (+2 others)
Rebuilding DAG because FileSignature timestamp changed: Library/Bee/1900b0aEDbg-inputdata.json
[3383/3789  4s] ILPostProcess Library/Bee/artifacts/1900b0aEDbg.dag/post-processed/Hecton8.World.BiotaDensityMapBaker.Editor.dll (+pdb)
Processing assembly Library/Bee/artifacts/1900b0aEDbg.dag/Hecton8.World.BiotaDensityMapBaker.Editor.dll, with 155 defines and 319 references

processors: Unity.Jobs.CodeGen.JobsILPostProcessor, zzzUnity.Burst.CodeGen.BurstILPostProcessor

running Unity.Jobs.CodeGen.JobsILPostProcessor

running zzzUnity.Burst.CodeGen.BurstILPostProcessor
[3384/3789  4s] ILPostProcess Library/Bee/artifacts/1900b0aEDbg.dag/post-processed/Hecton8.AI.Cognition.dll (+pdb)
Processing assembly Library/Bee/artifacts/1900b0aEDbg.dag/Hecton8.AI.Cognition.dll, with 157 defines and 311 references

processors: Unity.Jobs.CodeGen.JobsILPostProcessor, zzzUnity.Burst.CodeGen.BurstILPostProcessor

running Unity.Jobs.CodeGen.JobsILPostProcessor

running zzzUnity.Burst.CodeGen.BurstILPostProcessor
[BUSY      10s] Csc Library/Bee/artifacts/1900b0aEDbg.dag/Hecton8.Core.dll (+2 others)
[BUSY      20s] Csc Library/Bee/artifacts/1900b0aEDbg.dag/Hecton8.Core.dll (+2 others)
[BUSY      31s] Csc Library/Bee/artifacts/1900b0aEDbg.dag/Hecton8.Core.dll (+2 others)
[3385/3789 31s] Csc Library/Bee/artifacts/1900b0aEDbg.dag/Hecton8.Core.dll (+2 others)
*** Tundra requires additional run (33.77 seconds), 6 items updated, 3382 evaluated
ExitCode: 0 Duration: 9s8ms
Starting: C:\Program Files\Unity\Hub\Editor\6000.4.1f1\Editor\Data\Tools\BuildPipeline\bee_backend.exe --ipc --defer-dag-verification --dagfile="Library/Bee/1900b0aEDbg.dag" --continue-on-failure --dagfilejson="Library\Bee\1900b0aEDbg.dag.json" --profile="Library/Bee/backend2.traceevents" ScriptAssemblies
WorkingDir: C:/hades/Hecton8
ExitCode: 0 Duration: 1m:05s
Finished compiling graph: 3793 nodes, 103217 flattened edges (76373 ToBuild, 704 ToUse), maximum node priority 5377
[ 460/3789  0s] WriteText Library/Bee/artifacts/1900b0aEDbg.dag/Hecton8.AI.Cognition.rsp
[2642/3789  0s] ILPP-Configuration Library/ilpp-configuration.nevergeneratedoutput
[3381/3789  0s] Csc Library/Bee/artifacts/1900b0aEDbg.dag/Hecton8.AI.Cognition.dll (+2 others)
[3382/3789  0s] Csc Library/Bee/artifacts/1900b0aEDbg.dag/Hecton8.World.BiotaDensityMapBaker.Editor.dll (+2 others)
[3383/3789  1s] ILPostProcess Library/Bee/artifacts/1900b0aEDbg.dag/post-processed/Hecton8.AI.Cognition.dll (+pdb)
Processing assembly Library/Bee/artifacts/1900b0aEDbg.dag/Hecton8.AI.Cognition.dll, with 157 defines and 311 references

processors: Unity.Jobs.CodeGen.JobsILPostProcessor, zzzUnity.Burst.CodeGen.BurstILPostProcessor

running Unity.Jobs.CodeGen.JobsILPostProcessor

running zzzUnity.Burst.CodeGen.BurstILPostProcessor
[3384/3789  1s] ILPostProcess Library/Bee/artifacts/1900b0aEDbg.dag/post-processed/Hecton8.World.BiotaDensityMapBaker.Editor.dll (+pdb)
Processing assembly Library/Bee/artifacts/1900b0aEDbg.dag/Hecton8.World.BiotaDensityMapBaker.Editor.dll, with 155 defines and 319 references

processors: Unity.Jobs.CodeGen.JobsILPostProcessor, zzzUnity.Burst.CodeGen.BurstILPostProcessor

running Unity.Jobs.CodeGen.JobsILPostProcessor

running zzzUnity.Burst.CodeGen.BurstILPostProcessor
[3385/3789  0s] CopyFiles Library/ScriptAssemblies/Hecton8.AI.Cognition.dll
[3386/3789  0s] CopyFiles Library/ScriptAssemblies/Hecton8.AI.Cognition.pdb
[3387/3789  0s] CopyFiles Library/ScriptAssemblies/Hecton8.World.BiotaDensityMapBaker.Editor.pdb
[3388/3789  0s] CopyFiles Library/ScriptAssemblies/Hecton8.World.BiotaDensityMapBaker.Editor.dll
[BUSY       7s] Csc Library/Bee/artifacts/1900b0aEDbg.dag/Hecton8.Core.dll (+2 others)
[BUSY      17s] Csc Library/Bee/artifacts/1900b0aEDbg.dag/Hecton8.Core.dll (+2 others)
[BUSY      28s] Csc Library/Bee/artifacts/1900b0aEDbg.dag/Hecton8.Core.dll (+2 others)
[3389/3789 29s] Csc Library/Bee/artifacts/1900b0aEDbg.dag/Hecton8.Core.dll (+2 others)
[             ] Modification date of `Assets\_Project\Scripts\AI\Ecosystem\ShinobuEcosystemBalancer.cs` changed while running `Csc Library/Bee/artifacts/1900b0aEDbg.dag/Hecton8.Core.dll (+2 others)`. Old timestamp: 134239361757657885, new timestamp: 134239365246256198
[3486/3789  0s] Csc Library/Bee/artifacts/1900b0aEDbg.dag/Hecton8.AI.Cognition.Editor.dll (+2 others)
[3487/3789  1s] ILPostProcess Library/Bee/artifacts/1900b0aEDbg.dag/post-processed/Hecton8.Narrative.Prologue.dll (+pdb)
Processing assembly Library/Bee/artifacts/1900b0aEDbg.dag/Hecton8.Narrative.Prologue.dll, with 157 defines and 310 references

processors: Unity.Jobs.CodeGen.JobsILPostProcessor, zzzUnity.Burst.CodeGen.BurstILPostProcessor

running Unity.Jobs.CodeGen.JobsILPostProcessor

running zzzUnity.Burst.CodeGen.BurstILPostProcessor
[3488/3789  2s] ILPostProcess Library/Bee/artifacts/1900b0aEDbg.dag/post-processed/Hecton8.Prologue.VFX.dll (+pdb)
Processing assembly Library/Bee/artifacts/1900b0aEDbg.dag/Hecton8.Prologue.VFX.dll, with 157 defines and 311 references

processors: Unity.Jobs.CodeGen.JobsILPostProcessor, zzzUnity.Burst.CodeGen.BurstILPostProcessor

running Unity.Jobs.CodeGen.JobsILPostProcessor

running zzzUnity.Burst.CodeGen.BurstILPostProcessor
[3489/3789  4s] Csc Library/Bee/artifacts/1900b0aEDbg.dag/Hecton8.Editor.dll (+2 others)
[             ] Modification date of `Assets\_Project\Scripts\Editor\OOP_Query_Scanner.cs` changed while running `Csc Library/Bee/artifacts/1900b0aEDbg.dag/Hecton8.Editor.dll (+2 others)`. Old timestamp: 134239362016731489, new timestamp: 134239365367483864
[3490/3789  1s] Csc Library/Bee/artifacts/1900b0aEDbg.dag/Hecton8.EditModeTests.dll (+2 others)
[3491/3789  7s] ILPostProcess Library/Bee/artifacts/1900b0aEDbg.dag/post-processed/Assembly-CSharp.dll (+pdb)
Processing assembly Library/Bee/artifacts/1900b0aEDbg.dag/Assembly-CSharp.dll, with 157 defines and 442 references

processors: Unity.Jobs.CodeGen.JobsILPostProcessor, zzzUnity.Burst.CodeGen.BurstILPostProcessor

running Unity.Jobs.CodeGen.JobsILPostProcessor

running zzzUnity.Burst.CodeGen.BurstILPostProcessor
[3492/3789  5s] ILPostProcess Library/Bee/artifacts/1900b0aEDbg.dag/post-processed/Hecton8.Core.Hardware.dll (+pdb)
Processing assembly Library/Bee/artifacts/1900b0aEDbg.dag/Hecton8.Core.Hardware.dll, with 157 defines and 313 references

processors: Unity.Jobs.CodeGen.JobsILPostProcessor, zzzUnity.Burst.CodeGen.BurstILPostProcessor

running Unity.Jobs.CodeGen.JobsILPostProcessor

running zzzUnity.Burst.CodeGen.BurstILPostProcessor
[3493/3789  6s] ILPostProcess Library/Bee/artifacts/1900b0aEDbg.dag/post-processed/Hecton8.Narrative.Campaign.dll (+pdb)
Processing assembly Library/Bee/artifacts/1900b0aEDbg.dag/Hecton8.Narrative.Campaign.dll, with 157 defines and 312 references

processors: Unity.Jobs.CodeGen.JobsILPostProcessor, zzzUnity.Burst.CodeGen.BurstILPostProcessor

running Unity.Jobs.CodeGen.JobsILPostProcessor

running zzzUnity.Burst.CodeGen.BurstILPostProcessor
[3494/3789  6s] ILPostProcess Library/Bee/artifacts/1900b0aEDbg.dag/post-processed/Hecton8.Plugins.dll (+pdb)
Processing assembly Library/Bee/artifacts/1900b0aEDbg.dag/Hecton8.Plugins.dll, with 157 defines and 314 references

processors: Unity.Jobs.CodeGen.JobsILPostProcessor, zzzUnity.Burst.CodeGen.BurstILPostProcessor

running Unity.Jobs.CodeGen.JobsILPostProcessor

running zzzUnity.Burst.CodeGen.BurstILPostProcessor
[3495/3789  7s] ILPostProcess Library/Bee/artifacts/1900b0aEDbg.dag/post-processed/Hecton8.Gameplay.Mining.dll (+pdb)
Processing assembly Library/Bee/artifacts/1900b0aEDbg.dag/Hecton8.Gameplay.Mining.dll, with 157 defines and 314 references

processors: Unity.Jobs.CodeGen.JobsILPostProcessor, zzzUnity.Burst.CodeGen.BurstILPostProcessor

running Unity.Jobs.CodeGen.JobsILPostProcessor

running zzzUnity.Burst.CodeGen.BurstILPostProcessor
[3496/3789  7s] ILPostProcess Library/Bee/artifacts/1900b0aEDbg.dag/post-processed/Hecton8.UI.Navigation.dll (+pdb)
Processing assembly Library/Bee/artifacts/1900b0aEDbg.dag/Hecton8.UI.Navigation.dll, with 157 defines and 313 references

processors: Unity.Jobs.CodeGen.JobsILPostProcessor, zzzUnity.Burst.CodeGen.BurstILPostProcessor

running Unity.Jobs.CodeGen.JobsILPostProcessor

running zzzUnity.Burst.CodeGen.BurstILPostProcessor
[3497/3789  5s] ILPostProcess Library/Bee/artifacts/1900b0aEDbg.dag/post-processed/Hecton8.Rendering.WaterOptics.dll (+pdb)
Processing assembly Library/Bee/artifacts/1900b0aEDbg.dag/Hecton8.Rendering.WaterOptics.dll, with 157 defines and 314 references

processors: Unity.Jobs.CodeGen.JobsILPostProcessor, zzzUnity.Burst.CodeGen.BurstILPostProcessor

running Unity.Jobs.CodeGen.JobsILPostProcessor

running zzzUnity.Burst.CodeGen.BurstILPostProcessor
[3498/3789  1s] ILPostProcess Library/Bee/artifacts/1900b0aEDbg.dag/post-processed/Hecton8.Animation.FaunaProcedural.dll (+pdb)
Processing assembly Library/Bee/artifacts/1900b0aEDbg.dag/Hecton8.Animation.FaunaProcedural.dll, with 157 defines and 312 references

processors: Unity.Jobs.CodeGen.JobsILPostProcessor, zzzUnity.Burst.CodeGen.BurstILPostProcessor

running Unity.Jobs.CodeGen.JobsILPostProcessor

running zzzUnity.Burst.CodeGen.BurstILPostProcessor
[3499/3789  1s] ILPostProcess Library/Bee/artifacts/1900b0aEDbg.dag/post-processed/Hecton8.Physics.Buoyancy.Runtime.dll (+pdb)
Processing assembly Library/Bee/artifacts/1900b0aEDbg.dag/Hecton8.Physics.Buoyancy.Runtime.dll, with 157 defines and 312 references

processors: Unity.Jobs.CodeGen.JobsILPostProcessor, zzzUnity.Burst.CodeGen.BurstILPostProcessor

running Unity.Jobs.CodeGen.JobsILPostProcessor

running zzzUnity.Burst.CodeGen.BurstILPostProcessor
[3500/3789  1s] ILPostProcess Library/Bee/artifacts/1900b0aEDbg.dag/post-processed/Hecton8.VFX.PlasmaBeam.Runtime.dll (+pdb)
Processing assembly Library/Bee/artifacts/1900b0aEDbg.dag/Hecton8.VFX.PlasmaBeam.Runtime.dll, with 157 defines and 313 references

processors: Unity.Jobs.CodeGen.JobsILPostProcessor, zzzUnity.Burst.CodeGen.BurstILPostProcessor

running Unity.Jobs.CodeGen.JobsILPostProcessor

running zzzUnity.Burst.CodeGen.BurstILPostProcessor
[3501/3789  1s] ILPostProcess Library/Bee/artifacts/1900b0aEDbg.dag/post-processed/Hecton8.Habitat.Deformation.dll (+pdb)
Processing assembly Library/Bee/artifacts/1900b0aEDbg.dag/Hecton8.Habitat.Deformation.dll, with 157 defines and 315 references

processors: Unity.Jobs.CodeGen.JobsILPostProcessor, zzzUnity.Burst.CodeGen.BurstILPostProcessor

running Unity.Jobs.CodeGen.JobsILPostProcessor

running zzzUnity.Burst.CodeGen.BurstILPostProcessor
[3502/3789  1s] ILPostProcess Library/Bee/artifacts/1900b0aEDbg.dag/post-processed/Hecton8.Graphics.Culling.dll (+pdb)
Processing assembly Library/Bee/artifacts/1900b0aEDbg.dag/Hecton8.Graphics.Culling.dll, with 157 defines and 313 references

processors: Unity.Jobs.CodeGen.JobsILPostProcessor, zzzUnity.Burst.CodeGen.BurstILPostProcessor

running Unity.Jobs.CodeGen.JobsILPostProcessor

running zzzUnity.Burst.CodeGen.BurstILPostProcessor
[3503/3789  2s] ILPostProcess Library/Bee/artifacts/1900b0aEDbg.dag/post-processed/Assembly-CSharp-firstpass.dll (+pdb)
Processing assembly Library/Bee/artifacts/1900b0aEDbg.dag/Assembly-CSharp-firstpass.dll, with 157 defines and 441 references

processors: Unity.Jobs.CodeGen.JobsILPostProcessor, zzzUnity.Burst.CodeGen.BurstILPostProcessor

running Unity.Jobs.CodeGen.JobsILPostProcessor

running zzzUnity.Burst.CodeGen.BurstILPostProcessor
[3504/3789  1s] ILPostProcess Library/Bee/artifacts/1900b0aEDbg.dag/post-processed/Hecton8.VFX.Bioluminescence.Runtime.dll (+pdb)
Processing assembly Library/Bee/artifacts/1900b0aEDbg.dag/Hecton8.VFX.Bioluminescence.Runtime.dll, with 157 defines and 313 references

processors: Unity.Jobs.CodeGen.JobsILPostProcessor, zzzUnity.Burst.CodeGen.BurstILPostProcessor

running Unity.Jobs.CodeGen.JobsILPostProcessor

running zzzUnity.Burst.CodeGen.BurstILPostProcessor
[3505/3789  1s] ILPostProcess Library/Bee/artifacts/1900b0aEDbg.dag/post-processed/Hecton8.VFX.JacobianFoam.Runtime.dll (+pdb)
Processing assembly Library/Bee/artifacts/1900b0aEDbg.dag/Hecton8.VFX.JacobianFoam.Runtime.dll, with 157 defines and 314 references

processors: Unity.Jobs.CodeGen.JobsILPostProcessor, zzzUnity.Burst.CodeGen.BurstILPostProcessor

running Unity.Jobs.CodeGen.JobsILPostProcessor

running zzzUnity.Burst.CodeGen.BurstILPostProcessor
[3506/3789  0s] ILPostProcess Library/Bee/artifacts/1900b0aEDbg.dag/post-processed/Hecton8.UI.Tools.dll (+pdb)
Processing assembly Library/Bee/artifacts/1900b0aEDbg.dag/Hecton8.UI.Tools.dll, with 157 defines and 310 references

processors: Unity.Jobs.CodeGen.JobsILPostProcessor, zzzUnity.Burst.CodeGen.BurstILPostProcessor

running Unity.Jobs.CodeGen.JobsILPostProcessor

running zzzUnity.Burst.CodeGen.BurstILPostProcessor
[3507/3789  0s] ILPostProcess Library/Bee/artifacts/1900b0aEDbg.dag/post-processed/Hecton8.World.Streaming.dll (+pdb)
Processing assembly Library/Bee/artifacts/1900b0aEDbg.dag/Hecton8.World.Streaming.dll, with 158 defines and 308 references

processors: Unity.Jobs.CodeGen.JobsILPostProcessor, zzzUnity.Burst.CodeGen.BurstILPostProcessor

running Unity.Jobs.CodeGen.JobsILPostProcessor

running zzzUnity.Burst.CodeGen.BurstILPostProcessor
[3508/3789  0s] ILPostProcess Library/Bee/artifacts/1900b0aEDbg.dag/post-processed/Hecton8.UI.VR.dll (+pdb)
Processing assembly Library/Bee/artifacts/1900b0aEDbg.dag/Hecton8.UI.VR.dll, with 157 defines and 313 references

processors: Unity.Jobs.CodeGen.JobsILPostProcessor, zzzUnity.Burst.CodeGen.BurstILPostProcessor

running Unity.Jobs.CodeGen.JobsILPostProcessor

running zzzUnity.Burst.CodeGen.BurstILPostProcessor
[3509/3789  0s] ILPostProcess Library/Bee/artifacts/1900b0aEDbg.dag/post-processed/Hecton8.Audio.Prologue.dll (+pdb)
Processing assembly Library/Bee/artifacts/1900b0aEDbg.dag/Hecton8.Audio.Prologue.dll, with 157 defines and 311 references

processors: Unity.Jobs.CodeGen.JobsILPostProcessor, zzzUnity.Burst.CodeGen.BurstILPostProcessor

running Unity.Jobs.CodeGen.JobsILPostProcessor

running zzzUnity.Burst.CodeGen.BurstILPostProcessor
[3510/3789  0s] ILPostProcess Library/Bee/artifacts/1900b0aEDbg.dag/post-processed/Hecton8.Rendering.BilateralDrs.dll (+pdb)
Processing assembly Library/Bee/artifacts/1900b0aEDbg.dag/Hecton8.Rendering.BilateralDrs.dll, with 157 defines and 314 references

processors: Unity.Jobs.CodeGen.JobsILPostProcessor, zzzUnity.Burst.CodeGen.BurstILPostProcessor

running Unity.Jobs.CodeGen.JobsILPostProcessor

running zzzUnity.Burst.CodeGen.BurstILPostProcessor
[3511/3789  0s] ILPostProcess Library/Bee/artifacts/1900b0aEDbg.dag/post-processed/Hecton8.Prologue.Space.dll (+pdb)
Processing assembly Library/Bee/artifacts/1900b0aEDbg.dag/Hecton8.Prologue.Space.dll, with 157 defines and 312 references

processors: Unity.Jobs.CodeGen.JobsILPostProcessor, zzzUnity.Burst.CodeGen.BurstILPostProcessor

running Unity.Jobs.CodeGen.JobsILPostProcessor

running zzzUnity.Burst.CodeGen.BurstILPostProcessor
[3512/3789  0s] ILPostProcess Library/Bee/artifacts/1900b0aEDbg.dag/post-processed/Hecton8.Crest.Bridge.dll (+pdb)
Processing assembly Library/Bee/artifacts/1900b0aEDbg.dag/Hecton8.Crest.Bridge.dll, with 157 defines and 318 references

processors: Unity.Jobs.CodeGen.JobsILPostProcessor, zzzUnity.Burst.CodeGen.BurstILPostProcessor

running Unity.Jobs.CodeGen.JobsILPostProcessor

running zzzUnity.Burst.CodeGen.BurstILPostProcessor
[3513/3789  0s] ILPostProcess Library/Bee/artifacts/1900b0aEDbg.dag/post-processed/Hecton8.Graphics.Materials.dll (+pdb)
Processing assembly Library/Bee/artifacts/1900b0aEDbg.dag/Hecton8.Graphics.Materials.dll, with 157 defines and 313 references

processors: Unity.Jobs.CodeGen.JobsILPostProcessor, zzzUnity.Burst.CodeGen.BurstILPostProcessor

running Unity.Jobs.CodeGen.JobsILPostProcessor

running zzzUnity.Burst.CodeGen.BurstILPostProcessor
[3514/3789  0s] ILPostProcess Library/Bee/artifacts/1900b0aEDbg.dag/post-processed/Hecton8.World.FloraAmbientSway.dll (+pdb)
Processing assembly Library/Bee/artifacts/1900b0aEDbg.dag/Hecton8.World.FloraAmbientSway.dll, with 157 defines and 313 references

processors: Unity.Jobs.CodeGen.JobsILPostProcessor, zzzUnity.Burst.CodeGen.BurstILPostProcessor

running Unity.Jobs.CodeGen.JobsILPostProcessor

running zzzUnity.Burst.CodeGen.BurstILPostProcessor
[3515/3789  1s] ILPostProcess Library/Bee/artifacts/1900b0aEDbg.dag/post-processed/Hecton8.QA.dll (+pdb)
Processing assembly Library/Bee/artifacts/1900b0aEDbg.dag/Hecton8.QA.dll, with 157 defines and 310 references

processors: Unity.Jobs.CodeGen.JobsILPostProcessor, zzzUnity.Burst.CodeGen.BurstILPostProcessor

running Unity.Jobs.CodeGen.JobsILPostProcessor

running zzzUnity.Burst.CodeGen.BurstILPostProcessor
[3516/3789  1s] ILPostProcess Library/Bee/artifacts/1900b0aEDbg.dag/post-processed/Hecton8.Graphics.Scalability.dll (+pdb)
Processing assembly Library/Bee/artifacts/1900b0aEDbg.dag/Hecton8.Graphics.Scalability.dll, with 157 defines and 315 references

processors: Unity.Jobs.CodeGen.JobsILPostProcessor, zzzUnity.Burst.CodeGen.BurstILPostProcessor

running Unity.Jobs.CodeGen.JobsILPostProcessor

running zzzUnity.Burst.CodeGen.BurstILPostProcessor
[3517/3789  1s] ILPostProcess Library/Bee/artifacts/1900b0aEDbg.dag/post-processed/Hecton8.World.Economy.dll (+pdb)
Processing assembly Library/Bee/artifacts/1900b0aEDbg.dag/Hecton8.World.Economy.dll, with 157 defines and 314 references

processors: Unity.Jobs.CodeGen.JobsILPostProcessor, zzzUnity.Burst.CodeGen.BurstILPostProcessor

running Unity.Jobs.CodeGen.JobsILPostProcessor

running zzzUnity.Burst.CodeGen.BurstILPostProcessor
[3518/3789  1s] ILPostProcess Library/Bee/artifacts/1900b0aEDbg.dag/post-processed/Hecton8.Inventory.Routing.Runtime.dll (+pdb)
Processing assembly Library/Bee/artifacts/1900b0aEDbg.dag/Hecton8.Inventory.Routing.Runtime.dll, with 157 defines and 312 references

processors: Unity.Jobs.CodeGen.JobsILPostProcessor, zzzUnity.Burst.CodeGen.BurstILPostProcessor

running Unity.Jobs.CodeGen.JobsILPostProcessor

running zzzUnity.Burst.CodeGen.BurstILPostProcessor
[3519/3789  2s] ILPostProcess Library/Bee/artifacts/1900b0aEDbg.dag/post-processed/Hecton8.Vehicles.VFX.dll (+pdb)
Processing assembly Library/Bee/artifacts/1900b0aEDbg.dag/Hecton8.Vehicles.VFX.dll, with 157 defines and 312 references

processors: Unity.Jobs.CodeGen.JobsILPostProcessor, zzzUnity.Burst.CodeGen.BurstILPostProcessor

running Unity.Jobs.CodeGen.JobsILPostProcessor

running zzzUnity.Burst.CodeGen.BurstILPostProcessor
[3520/3789  1s] ILPostProcess Library/Bee/artifacts/1900b0aEDbg.dag/post-processed/Hecton8.Gameplay.Loot.dll (+pdb)
Processing assembly Library/Bee/artifacts/1900b0aEDbg.dag/Hecton8.Gameplay.Loot.dll, with 157 defines and 312 references

processors: Unity.Jobs.CodeGen.JobsILPostProcessor, zzzUnity.Burst.CodeGen.BurstILPostProcessor

running Unity.Jobs.CodeGen.JobsILPostProcessor

running zzzUnity.Burst.CodeGen.BurstILPostProcessor
[3521/3789  1s] ILPostProcess Library/Bee/artifacts/1900b0aEDbg.dag/post-processed/Hecton8.World.ShinobuBiomimetic.dll (+pdb)
Processing assembly Library/Bee/artifacts/1900b0aEDbg.dag/Hecton8.World.ShinobuBiomimetic.dll, with 157 defines and 312 references

processors: Unity.Jobs.CodeGen.JobsILPostProcessor, zzzUnity.Burst.CodeGen.BurstILPostProcessor

running Unity.Jobs.CodeGen.JobsILPostProcessor

running zzzUnity.Burst.CodeGen.BurstILPostProcessor
[3522/3789  1s] ILPostProcess Library/Bee/artifacts/1900b0aEDbg.dag/post-processed/Hecton8.SeedShipAnomaly.Runtime.dll (+pdb)
Processing assembly Library/Bee/artifacts/1900b0aEDbg.dag/Hecton8.SeedShipAnomaly.Runtime.dll, with 157 defines and 312 references

processors: Unity.Jobs.CodeGen.JobsILPostProcessor, zzzUnity.Burst.CodeGen.BurstILPostProcessor

running Unity.Jobs.CodeGen.JobsILPostProcessor

running zzzUnity.Burst.CodeGen.BurstILPostProcessor
[3523/3789  0s] ILPostProcess Library/Bee/artifacts/1900b0aEDbg.dag/post-processed/Hecton8.Graphics.Caustics.dll (+pdb)
Processing assembly Library/Bee/artifacts/1900b0aEDbg.dag/Hecton8.Graphics.Caustics.dll, with 157 defines and 312 references

processors: Unity.Jobs.CodeGen.JobsILPostProcessor, zzzUnity.Burst.CodeGen.BurstILPostProcessor

running Unity.Jobs.CodeGen.JobsILPostProcessor

running zzzUnity.Burst.CodeGen.BurstILPostProcessor
[3524/3789  0s] ILPostProcess Library/Bee/artifacts/1900b0aEDbg.dag/post-processed/Hecton8.Dev.SpaceEngine098.dll (+pdb)
Processing assembly Library/Bee/artifacts/1900b0aEDbg.dag/Hecton8.Dev.SpaceEngine098.dll, with 157 defines and 310 references

processors: Unity.Jobs.CodeGen.JobsILPostProcessor, zzzUnity.Burst.CodeGen.BurstILPostProcessor

running Unity.Jobs.CodeGen.JobsILPostProcessor

running zzzUnity.Burst.CodeGen.BurstILPostProcessor
[3525/3789  0s] ILPostProcess Library/Bee/artifacts/1900b0aEDbg.dag/post-processed/Hecton8.Tools.ToolKinematics.dll (+pdb)
Processing assembly Library/Bee/artifacts/1900b0aEDbg.dag/Hecton8.Tools.ToolKinematics.dll, with 157 defines and 313 references

processors: Unity.Jobs.CodeGen.JobsILPostProcessor, zzzUnity.Burst.CodeGen.BurstILPostProcessor

running Unity.Jobs.CodeGen.JobsILPostProcessor

running zzzUnity.Burst.CodeGen.BurstILPostProcessor
[3526/3789  0s] ILPostProcess Library/Bee/artifacts/1900b0aEDbg.dag/post-processed/Hecton8.VFX.Materials.dll (+pdb)
Processing assembly Library/Bee/artifacts/1900b0aEDbg.dag/Hecton8.VFX.Materials.dll, with 157 defines and 311 references

processors: Unity.Jobs.CodeGen.JobsILPostProcessor, zzzUnity.Burst.CodeGen.BurstILPostProcessor

running Unity.Jobs.CodeGen.JobsILPostProcessor

running zzzUnity.Burst.CodeGen.BurstILPostProcessor
[3527/3789  0s] ILPostProcess Library/Bee/artifacts/1900b0aEDbg.dag/post-processed/Hecton8.Lighting.dll (+pdb)
Processing assembly Library/Bee/artifacts/1900b0aEDbg.dag/Hecton8.Lighting.dll, with 157 defines and 314 references

processors: Unity.Jobs.CodeGen.JobsILPostProcessor, zzzUnity.Burst.CodeGen.BurstILPostProcessor

running Unity.Jobs.CodeGen.JobsILPostProcessor

running zzzUnity.Burst.CodeGen.BurstILPostProcessor
[3528/3789  0s] ILPostProcess Library/Bee/artifacts/1900b0aEDbg.dag/post-processed/Hecton8.UI.Diegetic.dll (+pdb)
Processing assembly Library/Bee/artifacts/1900b0aEDbg.dag/Hecton8.UI.Diegetic.dll, with 157 defines and 313 references

processors: Unity.Jobs.CodeGen.JobsILPostProcessor, zzzUnity.Burst.CodeGen.BurstILPostProcessor

running Unity.Jobs.CodeGen.JobsILPostProcessor

running zzzUnity.Burst.CodeGen.BurstILPostProcessor
[3529/3789  0s] ILPostProcess Library/Bee/artifacts/1900b0aEDbg.dag/post-processed/Hecton8.AI.Ambient.dll (+pdb)
Processing assembly Library/Bee/artifacts/1900b0aEDbg.dag/Hecton8.AI.Ambient.dll, with 157 defines and 312 references

processors: Unity.Jobs.CodeGen.JobsILPostProcessor, zzzUnity.Burst.CodeGen.BurstILPostProcessor

running Unity.Jobs.CodeGen.JobsILPostProcessor

running zzzUnity.Burst.CodeGen.BurstILPostProcessor
[3530/3789  0s] ILPostProcess Library/Bee/artifacts/1900b0aEDbg.dag/post-processed/Hecton8.Gameplay.Loot.Contracts.dll (+pdb)
Processing assembly Library/Bee/artifacts/1900b0aEDbg.dag/Hecton8.Gameplay.Loot.Contracts.dll, with 157 defines and 311 references

processors: Unity.Jobs.CodeGen.JobsILPostProcessor, zzzUnity.Burst.CodeGen.BurstILPostProcessor

running Unity.Jobs.CodeGen.JobsILPostProcessor

running zzzUnity.Burst.CodeGen.BurstILPostProcessor
[3531/3789  0s] ILPostProcess Library/Bee/artifacts/1900b0aEDbg.dag/post-processed/Hecton8.PlayModeTests.dll (+pdb)
Processing assembly Library/Bee/artifacts/1900b0aEDbg.dag/Hecton8.PlayModeTests.dll, with 157 defines and 270 references

processors: Unity.Jobs.CodeGen.JobsILPostProcessor, zzzUnity.Burst.CodeGen.BurstILPostProcessor

running Unity.Jobs.CodeGen.JobsILPostProcessor

running zzzUnity.Burst.CodeGen.BurstILPostProcessor
[3532/3789  0s] ILPostProcess Library/Bee/artifacts/1900b0aEDbg.dag/post-processed/Hecton8.Rendering.OceanSinglePass.dll (+pdb)
Processing assembly Library/Bee/artifacts/1900b0aEDbg.dag/Hecton8.Rendering.OceanSinglePass.dll, with 157 defines and 315 references

processors: Unity.Jobs.CodeGen.JobsILPostProcessor, zzzUnity.Burst.CodeGen.BurstILPostProcessor

running Unity.Jobs.CodeGen.JobsILPostProcessor

running zzzUnity.Burst.CodeGen.BurstILPostProcessor
[3533/3789  1s] ILPostProcess Library/Bee/artifacts/1900b0aEDbg.dag/post-processed/Hecton8.Atmosphere.StormPropagation.Runtime.dll (+pdb)
Processing assembly Library/Bee/artifacts/1900b0aEDbg.dag/Hecton8.Atmosphere.StormPropagation.Runtime.dll, with 157 defines and 312 references

processors: Unity.Jobs.CodeGen.JobsILPostProcessor, zzzUnity.Burst.CodeGen.BurstILPostProcessor

running Unity.Jobs.CodeGen.JobsILPostProcessor

running zzzUnity.Burst.CodeGen.BurstILPostProcessor
[3534/3789  1s] ILPostProcess Library/Bee/artifacts/1900b0aEDbg.dag/post-processed/Hecton8.VFX.Debris.dll (+pdb)
Processing assembly Library/Bee/artifacts/1900b0aEDbg.dag/Hecton8.VFX.Debris.dll, with 157 defines and 313 references

processors: Unity.Jobs.CodeGen.JobsILPostProcessor, zzzUnity.Burst.CodeGen.BurstILPostProcessor

running Unity.Jobs.CodeGen.JobsILPostProcessor

running zzzUnity.Burst.CodeGen.BurstILPostProcessor
[3535/3789  1s] ILPostProcess Library/Bee/artifacts/1900b0aEDbg.dag/post-processed/Hecton8.Power.BatteryChargerLogistics.Runtime.dll (+pdb)
Processing assembly Library/Bee/artifacts/1900b0aEDbg.dag/Hecton8.Power.BatteryChargerLogistics.Runtime.dll, with 157 defines and 312 references

processors: Unity.Jobs.CodeGen.JobsILPostProcessor, zzzUnity.Burst.CodeGen.BurstILPostProcessor

running Unity.Jobs.CodeGen.JobsILPostProcessor

running zzzUnity.Burst.CodeGen.BurstILPostProcessor
[3536/3789  1s] ILPostProcess Library/Bee/artifacts/1900b0aEDbg.dag/post-processed/Hecton8.Power.Generators.dll (+pdb)
Processing assembly Library/Bee/artifacts/1900b0aEDbg.dag/Hecton8.Power.Generators.dll, with 157 defines and 313 references

processors: Unity.Jobs.CodeGen.JobsILPostProcessor, zzzUnity.Burst.CodeGen.BurstILPostProcessor

running Unity.Jobs.CodeGen.JobsILPostProcessor

running zzzUnity.Burst.CodeGen.BurstILPostProcessor
[3537/3789  1s] ILPostProcess Library/Bee/artifacts/1900b0aEDbg.dag/post-processed/Hecton8.QA.Headless.dll (+pdb)
Processing assembly Library/Bee/artifacts/1900b0aEDbg.dag/Hecton8.QA.Headless.dll, with 157 defines and 312 references

processors: Unity.Jobs.CodeGen.JobsILPostProcessor, zzzUnity.Burst.CodeGen.BurstILPostProcessor

running Unity.Jobs.CodeGen.JobsILPostProcessor

running zzzUnity.Burst.CodeGen.BurstILPostProcessor
[3538/3789  1s] ILPostProcess Library/Bee/artifacts/1900b0aEDbg.dag/post-processed/Hecton8.Physiology.dll (+pdb)
Processing assembly Library/Bee/artifacts/1900b0aEDbg.dag/Hecton8.Physiology.dll, with 157 defines and 312 references

processors: Unity.Jobs.CodeGen.JobsILPostProcessor, zzzUnity.Burst.CodeGen.BurstILPostProcessor

running Unity.Jobs.CodeGen.JobsILPostProcessor

running zzzUnity.Burst.CodeGen.BurstILPostProcessor
[3539/3789  0s] ILPostProcess Library/Bee/artifacts/1900b0aEDbg.dag/post-processed/Hecton8.Core.Content.Editor.dll (+pdb)
Processing assembly Library/Bee/artifacts/1900b0aEDbg.dag/Hecton8.Core.Content.Editor.dll, with 156 defines and 320 references

processors: Unity.Jobs.CodeGen.JobsILPostProcessor, zzzUnity.Burst.CodeGen.BurstILPostProcessor

running Unity.Jobs.CodeGen.JobsILPostProcessor

running zzzUnity.Burst.CodeGen.BurstILPostProcessor
[3540/3789  0s] ILPostProcess Library/Bee/artifacts/1900b0aEDbg.dag/post-processed/Hecton8.Rendering.WaterOptics.Editor.dll (+pdb)
Processing assembly Library/Bee/artifacts/1900b0aEDbg.dag/Hecton8.Rendering.WaterOptics.Editor.dll, with 155 defines and 323 references

processors: Unity.Jobs.CodeGen.JobsILPostProcessor, zzzUnity.Burst.CodeGen.BurstILPostProcessor

running Unity.Jobs.CodeGen.JobsILPostProcessor

running zzzUnity.Burst.CodeGen.BurstILPostProcessor
[3541/3789  1s] ILPostProcess Library/Bee/artifacts/1900b0aEDbg.dag/post-processed/Hecton8.World.Outposts.dll (+pdb)
Processing assembly Library/Bee/artifacts/1900b0aEDbg.dag/Hecton8.World.Outposts.dll, with 157 defines and 313 references

processors: Unity.Jobs.CodeGen.JobsILPostProcessor, zzzUnity.Burst.CodeGen.BurstILPostProcessor

running Unity.Jobs.CodeGen.JobsILPostProcessor

running zzzUnity.Burst.CodeGen.BurstILPostProcessor
[3542/3789  0s] ILPostProcess Library/Bee/artifacts/1900b0aEDbg.dag/post-processed/Hecton8.InventoryRouting.Editor.dll (+pdb)
Processing assembly Library/Bee/artifacts/1900b0aEDbg.dag/Hecton8.InventoryRouting.Editor.dll, with 155 defines and 323 references

processors: Unity.Jobs.CodeGen.JobsILPostProcessor, zzzUnity.Burst.CodeGen.BurstILPostProcessor

running Unity.Jobs.CodeGen.JobsILPostProcessor

running zzzUnity.Burst.CodeGen.BurstILPostProcessor
[3543/3789  1s] ILPostProcess Library/Bee/artifacts/1900b0aEDbg.dag/post-processed/Hecton8.Thermodynamics.dll (+pdb)
Processing assembly Library/Bee/artifacts/1900b0aEDbg.dag/Hecton8.Thermodynamics.dll, with 157 defines and 312 references

processors: Unity.Jobs.CodeGen.JobsILPostProcessor, zzzUnity.Burst.CodeGen.BurstILPostProcessor

running Unity.Jobs.CodeGen.JobsILPostProcessor

running zzzUnity.Burst.CodeGen.BurstILPostProcessor
[3544/3789  0s] ILPostProcess Library/Bee/artifacts/1900b0aEDbg.dag/post-processed/Hecton8.Audio.Synthesis.Editor.dll (+pdb)
Processing assembly Library/Bee/artifacts/1900b0aEDbg.dag/Hecton8.Audio.Synthesis.Editor.dll, with 155 defines and 322 references

processors: Unity.Jobs.CodeGen.JobsILPostProcessor, zzzUnity.Burst.CodeGen.BurstILPostProcessor

running Unity.Jobs.CodeGen.JobsILPostProcessor

running zzzUnity.Burst.CodeGen.BurstILPostProcessor
[3545/3789  2s] ILPostProcess Library/Bee/artifacts/1900b0aEDbg.dag/post-processed/Hecton8.AI.Pathfinding.dll (+pdb)
Processing assembly Library/Bee/artifacts/1900b0aEDbg.dag/Hecton8.AI.Pathfinding.dll, with 157 defines and 312 references

processors: Unity.Jobs.CodeGen.JobsILPostProcessor, zzzUnity.Burst.CodeGen.BurstILPostProcessor

running Unity.Jobs.CodeGen.JobsILPostProcessor

running zzzUnity.Burst.CodeGen.BurstILPostProcessor
[3546/3789  1s] ILPostProcess Library/Bee/artifacts/1900b0aEDbg.dag/post-processed/Hecton8.Audio.Synthesis.dll (+pdb)
Processing assembly Library/Bee/artifacts/1900b0aEDbg.dag/Hecton8.Audio.Synthesis.dll, with 157 defines and 312 references

processors: Unity.Jobs.CodeGen.JobsILPostProcessor, zzzUnity.Burst.CodeGen.BurstILPostProcessor

running Unity.Jobs.CodeGen.JobsILPostProcessor

running zzzUnity.Burst.CodeGen.BurstILPostProcessor
[3547/3789  1s] ILPostProcess Library/Bee/artifacts/1900b0aEDbg.dag/post-processed/Hecton8.Tools.ToolKinematics.Editor.dll (+pdb)
Processing assembly Library/Bee/artifacts/1900b0aEDbg.dag/Hecton8.Tools.ToolKinematics.Editor.dll, with 155 defines and 323 references

processors: Unity.Jobs.CodeGen.JobsILPostProcessor, zzzUnity.Burst.CodeGen.BurstILPostProcessor

running Unity.Jobs.CodeGen.JobsILPostProcessor

running zzzUnity.Burst.CodeGen.BurstILPostProcessor
[3548/3789  0s] ILPostProcess Library/Bee/artifacts/1900b0aEDbg.dag/post-processed/Hecton8.QA.Headless.Editor.dll (+pdb)
Processing assembly Library/Bee/artifacts/1900b0aEDbg.dag/Hecton8.QA.Headless.Editor.dll, with 155 defines and 319 references

processors: Unity.Jobs.CodeGen.JobsILPostProcessor, zzzUnity.Burst.CodeGen.BurstILPostProcessor

running Unity.Jobs.CodeGen.JobsILPostProcessor

running zzzUnity.Burst.CodeGen.BurstILPostProcessor
[3549/3789  0s] ILPostProcess Library/Bee/artifacts/1900b0aEDbg.dag/post-processed/Hecton8.World.FloraAmbientSway.Editor.dll (+pdb)
Processing assembly Library/Bee/artifacts/1900b0aEDbg.dag/Hecton8.World.FloraAmbientSway.Editor.dll, with 155 defines and 321 references

processors: Unity.Jobs.CodeGen.JobsILPostProcessor, zzzUnity.Burst.CodeGen.BurstILPostProcessor

running Unity.Jobs.CodeGen.JobsILPostProcessor

running zzzUnity.Burst.CodeGen.BurstILPostProcessor
[3550/3789  1s] ILPostProcess Library/Bee/artifacts/1900b0aEDbg.dag/post-processed/Hecton8.Power.BatteryChargerLogistics.Editor.dll (+pdb)
Processing assembly Library/Bee/artifacts/1900b0aEDbg.dag/Hecton8.Power.BatteryChargerLogistics.Editor.dll, with 155 defines and 320 references

processors: Unity.Jobs.CodeGen.JobsILPostProcessor, zzzUnity.Burst.CodeGen.BurstILPostProcessor

running Unity.Jobs.CodeGen.JobsILPostProcessor

running zzzUnity.Burst.CodeGen.BurstILPostProcessor
[3551/3789  0s] ILPostProcess Library/Bee/artifacts/1900b0aEDbg.dag/post-processed/Hecton8.World.ProceduralCoral.Editor.dll (+pdb)
Processing assembly Library/Bee/artifacts/1900b0aEDbg.dag/Hecton8.World.ProceduralCoral.Editor.dll, with 155 defines and 322 references

processors: Unity.Jobs.CodeGen.JobsILPostProcessor, zzzUnity.Burst.CodeGen.BurstILPostProcessor

running Unity.Jobs.CodeGen.JobsILPostProcessor

running zzzUnity.Burst.CodeGen.BurstILPostProcessor
[3552/3789  0s] ILPostProcess Library/Bee/artifacts/1900b0aEDbg.dag/post-processed/Hecton8.Physics.Buoyancy.Editor.dll (+pdb)
Processing assembly Library/Bee/artifacts/1900b0aEDbg.dag/Hecton8.Physics.Buoyancy.Editor.dll, with 155 defines and 286 references

processors: Unity.Jobs.CodeGen.JobsILPostProcessor, zzzUnity.Burst.CodeGen.BurstILPostProcessor

running Unity.Jobs.CodeGen.JobsILPostProcessor

running zzzUnity.Burst.CodeGen.BurstILPostProcessor
[3553/3789  1s] ILPostProcess Library/Bee/artifacts/1900b0aEDbg.dag/post-processed/Assembly-CSharp-Editor-firstpass.dll (+pdb)
Processing assembly Library/Bee/artifacts/1900b0aEDbg.dag/Assembly-CSharp-Editor-firstpass.dll, with 155 defines and 468 references

processors: Unity.Jobs.CodeGen.JobsILPostProcessor, zzzUnity.Burst.CodeGen.BurstILPostProcessor

running Unity.Jobs.CodeGen.JobsILPostProcessor

running zzzUnity.Burst.CodeGen.BurstILPostProcessor
[3554/3789  1s] ILPostProcess Library/Bee/artifacts/1900b0aEDbg.dag/post-processed/Hecton8.Graphics.Materials.Editor.dll (+pdb)
Processing assembly Library/Bee/artifacts/1900b0aEDbg.dag/Hecton8.Graphics.Materials.Editor.dll, with 155 defines and 319 references

processors: Unity.Jobs.CodeGen.JobsILPostProcessor, zzzUnity.Burst.CodeGen.BurstILPostProcessor

running Unity.Jobs.CodeGen.JobsILPostProcessor

running zzzUnity.Burst.CodeGen.BurstILPostProcessor
[3555/3789  0s] ILPostProcess Library/Bee/artifacts/1900b0aEDbg.dag/post-processed/Hecton8.SaveSystem.Editor.dll (+pdb)
Processing assembly Library/Bee/artifacts/1900b0aEDbg.dag/Hecton8.SaveSystem.Editor.dll, with 155 defines and 318 references

processors: Unity.Jobs.CodeGen.JobsILPostProcessor, zzzUnity.Burst.CodeGen.BurstILPostProcessor

running Unity.Jobs.CodeGen.JobsILPostProcessor

running zzzUnity.Burst.CodeGen.BurstILPostProcessor
[3556/3789  0s] ILPostProcess Library/Bee/artifacts/1900b0aEDbg.dag/post-processed/Hecton8.Core.Bridge.Editor.dll (+pdb)
Processing assembly Library/Bee/artifacts/1900b0aEDbg.dag/Hecton8.Core.Bridge.Editor.dll, with 156 defines and 323 references

processors: Unity.Jobs.CodeGen.JobsILPostProcessor, zzzUnity.Burst.CodeGen.BurstILPostProcessor

running Unity.Jobs.CodeGen.JobsILPostProcessor

running zzzUnity.Burst.CodeGen.BurstILPostProcessor
[3557/3789  0s] ILPostProcess Library/Bee/artifacts/1900b0aEDbg.dag/post-processed/Hecton8.Habitat.Deformation.Editor.dll (+pdb)
Processing assembly Library/Bee/artifacts/1900b0aEDbg.dag/Hecton8.Habitat.Deformation.Editor.dll, with 155 defines and 319 references

processors: Unity.Jobs.CodeGen.JobsILPostProcessor, zzzUnity.Burst.CodeGen.BurstILPostProcessor

running Unity.Jobs.CodeGen.JobsILPostProcessor

running zzzUnity.Burst.CodeGen.BurstILPostProcessor
[3558/3789  0s] ILPostProcess Library/Bee/artifacts/1900b0aEDbg.dag/post-processed/Hecton8.VFX.Bioluminescence.Editor.dll (+pdb)
Processing assembly Library/Bee/artifacts/1900b0aEDbg.dag/Hecton8.VFX.Bioluminescence.Editor.dll, with 155 defines and 319 references

processors: Unity.Jobs.CodeGen.JobsILPostProcessor, zzzUnity.Burst.CodeGen.BurstILPostProcessor

running Unity.Jobs.CodeGen.JobsILPostProcessor

running zzzUnity.Burst.CodeGen.BurstILPostProcessor
[3559/3789  0s] ILPostProcess Library/Bee/artifacts/1900b0aEDbg.dag/post-processed/Hecton8.World.ProceduralWreckage.Editor.dll (+pdb)
Processing assembly Library/Bee/artifacts/1900b0aEDbg.dag/Hecton8.World.ProceduralWreckage.Editor.dll, with 155 defines and 322 references

processors: Unity.Jobs.CodeGen.JobsILPostProcessor, zzzUnity.Burst.CodeGen.BurstILPostProcessor

running Unity.Jobs.CodeGen.JobsILPostProcessor

running zzzUnity.Burst.CodeGen.BurstILPostProcessor
[3560/3789  0s] ILPostProcess Library/Bee/artifacts/1900b0aEDbg.dag/post-processed/Hecton8.UI.TerminalOS.Editor.dll (+pdb)
Processing assembly Library/Bee/artifacts/1900b0aEDbg.dag/Hecton8.UI.TerminalOS.Editor.dll, with 155 defines and 319 references

processors: Unity.Jobs.CodeGen.JobsILPostProcessor, zzzUnity.Burst.CodeGen.BurstILPostProcessor

running Unity.Jobs.CodeGen.JobsILPostProcessor

running zzzUnity.Burst.CodeGen.BurstILPostProcessor
[3561/3789  0s] ILPostProcess Library/Bee/artifacts/1900b0aEDbg.dag/post-processed/Hecton8.World.ShinobuBiomimetic.Editor.dll (+pdb)
Processing assembly Library/Bee/artifacts/1900b0aEDbg.dag/Hecton8.World.ShinobuBiomimetic.Editor.dll, with 155 defines and 322 references

processors: Unity.Jobs.CodeGen.JobsILPostProcessor, zzzUnity.Burst.CodeGen.BurstILPostProcessor

running Unity.Jobs.CodeGen.JobsILPostProcessor

running zzzUnity.Burst.CodeGen.BurstILPostProcessor
[3562/3789  0s] ILPostProcess Library/Bee/artifacts/1900b0aEDbg.dag/post-processed/Hecton8.World.Economy.Editor.dll (+pdb)
Processing assembly Library/Bee/artifacts/1900b0aEDbg.dag/Hecton8.World.Economy.Editor.dll, with 155 defines and 323 references

processors: Unity.Jobs.CodeGen.JobsILPostProcessor, zzzUnity.Burst.CodeGen.BurstILPostProcessor

running Unity.Jobs.CodeGen.JobsILPostProcessor

running zzzUnity.Burst.CodeGen.BurstILPostProcessor
[3563/3789  0s] ILPostProcess Library/Bee/artifacts/1900b0aEDbg.dag/post-processed/Hecton8.Cartography.Editor.dll (+pdb)
Processing assembly Library/Bee/artifacts/1900b0aEDbg.dag/Hecton8.Cartography.Editor.dll, with 155 defines and 319 references

processors: Unity.Jobs.CodeGen.JobsILPostProcessor, zzzUnity.Burst.CodeGen.BurstILPostProcessor

running Unity.Jobs.CodeGen.JobsILPostProcessor

running zzzUnity.Burst.CodeGen.BurstILPostProcessor
[3564/3789  1s] ILPostProcess Library/Bee/artifacts/1900b0aEDbg.dag/post-processed/Hecton8.Physics.Vehicles.Editor.dll (+pdb)
Processing assembly Library/Bee/artifacts/1900b0aEDbg.dag/Hecton8.Physics.Vehicles.Editor.dll, with 155 defines and 284 references

processors: Unity.Jobs.CodeGen.JobsILPostProcessor, zzzUnity.Burst.CodeGen.BurstILPostProcessor

running Unity.Jobs.CodeGen.JobsILPostProcessor

running zzzUnity.Burst.CodeGen.BurstILPostProcessor
[3565/3789  0s] ILPostProcess Library/Bee/artifacts/1900b0aEDbg.dag/post-processed/Hecton8.World.HydraulicErosionForge.Editor.dll (+pdb)
Processing assembly Library/Bee/artifacts/1900b0aEDbg.dag/Hecton8.World.HydraulicErosionForge.Editor.dll, with 155 defines and 320 references

processors: Unity.Jobs.CodeGen.JobsILPostProcessor, zzzUnity.Burst.CodeGen.BurstILPostProcessor

running Unity.Jobs.CodeGen.JobsILPostProcessor

running zzzUnity.Burst.CodeGen.BurstILPostProcessor
[3566/3789  1s] ILPostProcess Library/Bee/artifacts/1900b0aEDbg.dag/post-processed/Hecton8.Project.Editor.dll (+pdb)
Processing assembly Library/Bee/artifacts/1900b0aEDbg.dag/Hecton8.Project.Editor.dll, with 156 defines and 339 references

processors: Unity.Jobs.CodeGen.JobsILPostProcessor, zzzUnity.Burst.CodeGen.BurstILPostProcessor

running Unity.Jobs.CodeGen.JobsILPostProcessor

running zzzUnity.Burst.CodeGen.BurstILPostProcessor
[3567/3789  0s] ILPostProcess Library/Bee/artifacts/1900b0aEDbg.dag/post-processed/Hecton8.Crest.Bridge.Editor.dll (+pdb)
Processing assembly Library/Bee/artifacts/1900b0aEDbg.dag/Hecton8.Crest.Bridge.Editor.dll, with 156 defines and 344 references

processors: Unity.Jobs.CodeGen.JobsILPostProcessor, zzzUnity.Burst.CodeGen.BurstILPostProcessor

running Unity.Jobs.CodeGen.JobsILPostProcessor

running zzzUnity.Burst.CodeGen.BurstILPostProcessor
[3568/3789  0s] ILPostProcess Library/Bee/artifacts/1900b0aEDbg.dag/post-processed/Hecton8.VFX.JacobianFoam.Editor.dll (+pdb)
Processing assembly Library/Bee/artifacts/1900b0aEDbg.dag/Hecton8.VFX.JacobianFoam.Editor.dll, with 155 defines and 325 references

processors: Unity.Jobs.CodeGen.JobsILPostProcessor, zzzUnity.Burst.CodeGen.BurstILPostProcessor

running Unity.Jobs.CodeGen.JobsILPostProcessor

running zzzUnity.Burst.CodeGen.BurstILPostProcessor
[3569/3789  0s] ILPostProcess Library/Bee/artifacts/1900b0aEDbg.dag/post-processed/Hecton8.SeedShipAnomaly.Editor.dll (+pdb)
Processing assembly Library/Bee/artifacts/1900b0aEDbg.dag/Hecton8.SeedShipAnomaly.Editor.dll, with 155 defines and 322 references

processors: Unity.Jobs.CodeGen.JobsILPostProcessor, zzzUnity.Burst.CodeGen.BurstILPostProcessor

running Unity.Jobs.CodeGen.JobsILPostProcessor

running zzzUnity.Burst.CodeGen.BurstILPostProcessor
[3570/3789  0s] ILPostProcess Library/Bee/artifacts/1900b0aEDbg.dag/post-processed/Hecton8.World.VoxelSurfaceNets.Editor.dll (+pdb)
Processing assembly Library/Bee/artifacts/1900b0aEDbg.dag/Hecton8.World.VoxelSurfaceNets.Editor.dll, with 155 defines and 322 references

processors: Unity.Jobs.CodeGen.JobsILPostProcessor, zzzUnity.Burst.CodeGen.BurstILPostProcessor

running Unity.Jobs.CodeGen.JobsILPostProcessor

running zzzUnity.Burst.CodeGen.BurstILPostProcessor
[3571/3789  0s] ILPostProcess Library/Bee/artifacts/1900b0aEDbg.dag/post-processed/Hecton8.VFX.PlasmaBeam.Editor.dll (+pdb)
Processing assembly Library/Bee/artifacts/1900b0aEDbg.dag/Hecton8.VFX.PlasmaBeam.Editor.dll, with 155 defines and 319 references

processors: Unity.Jobs.CodeGen.JobsILPostProcessor, zzzUnity.Burst.CodeGen.BurstILPostProcessor

running Unity.Jobs.CodeGen.JobsILPostProcessor

running zzzUnity.Burst.CodeGen.BurstILPostProcessor
[3572/3789  1s] ILPostProcess Library/Bee/artifacts/1900b0aEDbg.dag/post-processed/Hecton8.AI.Cognition.Editor.dll (+pdb)
Processing assembly Library/Bee/artifacts/1900b0aEDbg.dag/Hecton8.AI.Cognition.Editor.dll, with 155 defines and 322 references

processors: Unity.Jobs.CodeGen.JobsILPostProcessor, zzzUnity.Burst.CodeGen.BurstILPostProcessor

running Unity.Jobs.CodeGen.JobsILPostProcessor

running zzzUnity.Burst.CodeGen.BurstILPostProcessor
[3573/3789  1s] ILPostProcess Library/Bee/artifacts/1900b0aEDbg.dag/post-processed/Hecton8.AI.Pathfinding.Editor.dll (+pdb)
Processing assembly Library/Bee/artifacts/1900b0aEDbg.dag/Hecton8.AI.Pathfinding.Editor.dll, with 155 defines and 322 references

processors: Unity.Jobs.CodeGen.JobsILPostProcessor, zzzUnity.Burst.CodeGen.BurstILPostProcessor

running Unity.Jobs.CodeGen.JobsILPostProcessor

running zzzUnity.Burst.CodeGen.BurstILPostProcessor
[3574/3789  1s] ILPostProcess Library/Bee/artifacts/1900b0aEDbg.dag/post-processed/Hecton8.Graphics.Culling.Editor.dll (+pdb)
Processing assembly Library/Bee/artifacts/1900b0aEDbg.dag/Hecton8.Graphics.Culling.Editor.dll, with 155 defines and 319 references

processors: Unity.Jobs.CodeGen.JobsILPostProcessor, zzzUnity.Burst.CodeGen.BurstILPostProcessor

running Unity.Jobs.CodeGen.JobsILPostProcessor

running zzzUnity.Burst.CodeGen.BurstILPostProcessor
[3575/3789  1s] ILPostProcess Library/Bee/artifacts/1900b0aEDbg.dag/post-processed/Hecton8.Physics.KCC.Editor.dll (+pdb)
Processing assembly Library/Bee/artifacts/1900b0aEDbg.dag/Hecton8.Physics.KCC.Editor.dll, with 155 defines and 286 references

processors: Unity.Jobs.CodeGen.JobsILPostProcessor, zzzUnity.Burst.CodeGen.BurstILPostProcessor

running Unity.Jobs.CodeGen.JobsILPostProcessor

running zzzUnity.Burst.CodeGen.BurstILPostProcessor
[3576/3789  0s] ILPostProcess Library/Bee/artifacts/1900b0aEDbg.dag/post-processed/Hecton8.Atmosphere.StormPropagation.Editor.dll (+pdb)
Processing assembly Library/Bee/artifacts/1900b0aEDbg.dag/Hecton8.Atmosphere.StormPropagation.Editor.dll, with 155 defines and 322 references

processors: Unity.Jobs.CodeGen.JobsILPostProcessor, zzzUnity.Burst.CodeGen.BurstILPostProcessor

running Unity.Jobs.CodeGen.JobsILPostProcessor

running zzzUnity.Burst.CodeGen.BurstILPostProcessor
[3577/3789  0s] ILPostProcess Library/Bee/artifacts/1900b0aEDbg.dag/post-processed/Assembly-CSharp-Editor.dll (+pdb)
Processing assembly Library/Bee/artifacts/1900b0aEDbg.dag/Assembly-CSharp-Editor.dll, with 155 defines and 470 references

processors: Unity.Jobs.CodeGen.JobsILPostProcessor, zzzUnity.Burst.CodeGen.BurstILPostProcessor

running Unity.Jobs.CodeGen.JobsILPostProcessor

running zzzUnity.Burst.CodeGen.BurstILPostProcessor
[3578/3789  0s] ILPostProcess Library/Bee/artifacts/1900b0aEDbg.dag/post-processed/Hecton8.QA.Editor.dll (+pdb)
Processing assembly Library/Bee/artifacts/1900b0aEDbg.dag/Hecton8.QA.Editor.dll, with 155 defines and 320 references

processors: Unity.Jobs.CodeGen.JobsILPostProcessor, zzzUnity.Burst.CodeGen.BurstILPostProcessor

running Unity.Jobs.CodeGen.JobsILPostProcessor

running zzzUnity.Burst.CodeGen.BurstILPostProcessor
[3579/3789  0s] ILPostProcess Library/Bee/artifacts/1900b0aEDbg.dag/post-processed/Hecton8.SaveSystem.EditModeTests.dll (+pdb)
Processing assembly Library/Bee/artifacts/1900b0aEDbg.dag/Hecton8.SaveSystem.EditModeTests.dll, with 155 defines and 318 references

processors: Unity.Jobs.CodeGen.JobsILPostProcessor, zzzUnity.Burst.CodeGen.BurstILPostProcessor

running Unity.Jobs.CodeGen.JobsILPostProcessor

running zzzUnity.Burst.CodeGen.BurstILPostProcessor
[3580/3789  0s] ILPostProcess Library/Bee/artifacts/1900b0aEDbg.dag/post-processed/Hecton8.DataMonolith.Editor.dll (+pdb)
Processing assembly Library/Bee/artifacts/1900b0aEDbg.dag/Hecton8.DataMonolith.Editor.dll, with 155 defines and 320 references

processors: Unity.Jobs.CodeGen.JobsILPostProcessor, zzzUnity.Burst.CodeGen.BurstILPostProcessor

running Unity.Jobs.CodeGen.JobsILPostProcessor

running zzzUnity.Burst.CodeGen.BurstILPostProcessor
[3581/3789  0s] ILPostProcess Library/Bee/artifacts/1900b0aEDbg.dag/post-processed/Hecton8.Lighting.Editor.dll (+pdb)
Processing assembly Library/Bee/artifacts/1900b0aEDbg.dag/Hecton8.Lighting.Editor.dll, with 155 defines and 322 references

processors: Unity.Jobs.CodeGen.JobsILPostProcessor, zzzUnity.Burst.CodeGen.BurstILPostProcessor

running Unity.Jobs.CodeGen.JobsILPostProcessor

running zzzUnity.Burst.CodeGen.BurstILPostProcessor
[3582/3789  0s] ILPostProcess Library/Bee/artifacts/1900b0aEDbg.dag/post-processed/Hecton8.UI.Editor.dll (+pdb)
Processing assembly Library/Bee/artifacts/1900b0aEDbg.dag/Hecton8.UI.Editor.dll, with 155 defines and 319 references

processors: Unity.Jobs.CodeGen.JobsILPostProcessor, zzzUnity.Burst.CodeGen.BurstILPostProcessor

running Unity.Jobs.CodeGen.JobsILPostProcessor

running zzzUnity.Burst.CodeGen.BurstILPostProcessor
[3657/3789  0s] CopyFiles Library/ScriptAssemblies/Hecton8.AI.Cognition.Editor.dll
[3658/3789  0s] CopyFiles Library/ScriptAssemblies/Hecton8.AI.Cognition.Editor.pdb
[3771/3789  0s] ILPostProcess Library/Bee/artifacts/1900b0aEDbg.dag/post-processed/Hecton8.Animation.FaunaProcedural.Editor.dll (+pdb)
Processing assembly Library/Bee/artifacts/1900b0aEDbg.dag/Hecton8.Animation.FaunaProcedural.Editor.dll, with 155 defines and 322 references

processors: Unity.Jobs.CodeGen.JobsILPostProcessor, zzzUnity.Burst.CodeGen.BurstILPostProcessor

running Unity.Jobs.CodeGen.JobsILPostProcessor

running zzzUnity.Burst.CodeGen.BurstILPostProcessor
[3772/3789  0s] ILPostProcess Library/Bee/artifacts/1900b0aEDbg.dag/post-processed/Hecton8.Physiology.Editor.dll (+pdb)
Processing assembly Library/Bee/artifacts/1900b0aEDbg.dag/Hecton8.Physiology.Editor.dll, with 155 defines and 322 references

processors: Unity.Jobs.CodeGen.JobsILPostProcessor, zzzUnity.Burst.CodeGen.BurstILPostProcessor

running Unity.Jobs.CodeGen.JobsILPostProcessor

running zzzUnity.Burst.CodeGen.BurstILPostProcessor
[3773/3789  0s] ILPostProcess Library/Bee/artifacts/1900b0aEDbg.dag/post-processed/Hecton8.Optimization.Editor.dll (+pdb)
Processing assembly Library/Bee/artifacts/1900b0aEDbg.dag/Hecton8.Optimization.Editor.dll, with 155 defines and 317 references

processors: Unity.Jobs.CodeGen.JobsILPostProcessor, zzzUnity.Burst.CodeGen.BurstILPostProcessor

running Unity.Jobs.CodeGen.JobsILPostProcessor

running zzzUnity.Burst.CodeGen.BurstILPostProcessor
[3780/3789  0s] ILPostProcess Library/Bee/artifacts/1900b0aEDbg.dag/post-processed/Hecton8.EditModeTests.dll (+pdb)
Processing assembly Library/Bee/artifacts/1900b0aEDbg.dag/Hecton8.EditModeTests.dll, with 155 defines and 331 references

processors: Unity.Jobs.CodeGen.JobsILPostProcessor, zzzUnity.Burst.CodeGen.BurstILPostProcessor

running Unity.Jobs.CodeGen.JobsILPostProcessor

running zzzUnity.Burst.CodeGen.BurstILPostProcessor
[3781/3789  0s] CopyFiles Library/ScriptAssemblies/Hecton8.EditModeTests.pdb
[3782/3789  0s] CopyFiles Library/ScriptAssemblies/Hecton8.EditModeTests.dll
[3783/3789  2s] ILPostProcess Library/Bee/artifacts/1900b0aEDbg.dag/post-processed/Hecton8.Editor.dll (+pdb)
Processing assembly Library/Bee/artifacts/1900b0aEDbg.dag/Hecton8.Editor.dll, with 156 defines and 343 references

processors: Unity.Jobs.CodeGen.JobsILPostProcessor, zzzUnity.Burst.CodeGen.BurstILPostProcessor

running Unity.Jobs.CodeGen.JobsILPostProcessor

running zzzUnity.Burst.CodeGen.BurstILPostProcessor
[3784/3789  0s] CopyFiles Library/ScriptAssemblies/Hecton8.Editor.pdb
[3785/3789  0s] CopyFiles Library/ScriptAssemblies/Hecton8.Editor.dll
[BUSY      14s] ILPostProcess Library/Bee/artifacts/1900b0aEDbg.dag/post-processed/Hecton8.Core.dll (+pdb)
[3786/3789 20s] ILPostProcess Library/Bee/artifacts/1900b0aEDbg.dag/post-processed/Hecton8.Core.dll (+pdb)
Processing assembly Library/Bee/artifacts/1900b0aEDbg.dag/Hecton8.Core.dll, with 158 defines and 348 references

processors: Unity.Jobs.CodeGen.JobsILPostProcessor, zzzUnity.Burst.CodeGen.BurstILPostProcessor

running Unity.Jobs.CodeGen.JobsILPostProcessor

running zzzUnity.Burst.CodeGen.BurstILPostProcessor
[3787/3789  0s] CopyFiles Library/ScriptAssemblies/Hecton8.Core.pdb
[3788/3789  0s] CopyFiles Library/ScriptAssemblies/Hecton8.Core.dll
*** Tundra build success (65.42 seconds - 0:01:05), 122 items updated, 3789 evaluated
[ScriptCompilation] Requested script compilation because: AssetDatabase observed changes in script compilation related files
[Licensing::Client] Successfully resolved entitlement details
Total cache size 265484168
Total cache size after purge 265484168, took 00:00:00.6710792
Starting: C:\Program Files\Unity\Hub\Editor\6000.4.1f1\Editor\Data\Tools\BuildPipeline\bee_backend.exe --ipc --defer-dag-verification --dagfile="Library/Bee/1900b0aEDbg.dag" --continue-on-failure --profile="Library/Bee/backend1.traceevents" ScriptAssemblies
WorkingDir: C:/hades/Hecton8
ExitCode: 0 Duration: 1m:39s
[2632/3789  0s] ILPP-Configuration Library/ilpp-configuration.nevergeneratedoutput
[3341/3789  1s] Csc Library/Bee/artifacts/1900b0aEDbg.dag/Hecton8.Core.Memory.dll (+2 others)
[3342/3789  1s] Csc Library/Bee/artifacts/1900b0aEDbg.dag/Hecton8.Core.Database.dll (+2 others)
[3343/3789  1s] Csc Library/Bee/artifacts/1900b0aEDbg.dag/Hecton8.Animation.IK.dll (+2 others)
[3344/3789  1s] Csc Library/Bee/artifacts/1900b0aEDbg.dag/Hecton8.AI.Cognition.dll (+2 others)
[3345/3789  1s] Csc Library/Bee/artifacts/1900b0aEDbg.dag/Hecton8.Core.Scheduling.dll (+2 others)
[3346/3789  1s] Csc Library/Bee/artifacts/1900b0aEDbg.dag/Hecton8.Cartography.dll (+2 others)
[3347/3789  1s] Csc Library/Bee/artifacts/1900b0aEDbg.dag/Hecton8.World.ProceduralCoral.dll (+2 others)
[3348/3789  1s] Csc Library/Bee/artifacts/1900b0aEDbg.dag/Hecton8.Environment.Fluids.dll (+2 others)
[3349/3789  1s] Csc Library/Bee/artifacts/1900b0aEDbg.dag/Hecton8.Core.Bucketing.dll (+2 others)
[3350/3789  0s] Csc Library/Bee/artifacts/1900b0aEDbg.dag/Hecton8.World.ProceduralWreckage.dll (+2 others)
[3351/3789  0s] Csc Library/Bee/artifacts/1900b0aEDbg.dag/Hecton8.World.VoxelSurfaceNets.dll (+2 others)
[3352/3789  0s] Csc Library/Bee/artifacts/1900b0aEDbg.dag/Hecton8.World.OfflineHadalTrenchBaker.Editor.dll (+2 others)
[3353/3789  2s] ILPostProcess Library/Bee/artifacts/1900b0aEDbg.dag/post-processed/Hecton8.Cartography.dll (+pdb)
Processing assembly Library/Bee/artifacts/1900b0aEDbg.dag/Hecton8.Cartography.dll, with 157 defines and 313 references

processors: Unity.Jobs.CodeGen.JobsILPostProcessor, zzzUnity.Burst.CodeGen.BurstILPostProcessor

running Unity.Jobs.CodeGen.JobsILPostProcessor

running zzzUnity.Burst.CodeGen.BurstILPostProcessor
[3354/3789  2s] ILPostProcess Library/Bee/artifacts/1900b0aEDbg.dag/post-processed/Hecton8.World.ProceduralWreckage.dll (+pdb)
Processing assembly Library/Bee/artifacts/1900b0aEDbg.dag/Hecton8.World.ProceduralWreckage.dll, with 157 defines and 311 references

processors: Unity.Jobs.CodeGen.JobsILPostProcessor, zzzUnity.Burst.CodeGen.BurstILPostProcessor

running Unity.Jobs.CodeGen.JobsILPostProcessor

running zzzUnity.Burst.CodeGen.BurstILPostProcessor
[3355/3789  2s] ILPostProcess Library/Bee/artifacts/1900b0aEDbg.dag/post-processed/Hecton8.World.ProceduralCoral.dll (+pdb)
Processing assembly Library/Bee/artifacts/1900b0aEDbg.dag/Hecton8.World.ProceduralCoral.dll, with 157 defines and 311 references

processors: Unity.Jobs.CodeGen.JobsILPostProcessor, zzzUnity.Burst.CodeGen.BurstILPostProcessor

running Unity.Jobs.CodeGen.JobsILPostProcessor

running zzzUnity.Burst.CodeGen.BurstILPostProcessor
[3356/3789  2s] ILPostProcess Library/Bee/artifacts/1900b0aEDbg.dag/post-processed/Hecton8.AI.Cognition.dll (+pdb)
Processing assembly Library/Bee/artifacts/1900b0aEDbg.dag/Hecton8.AI.Cognition.dll, with 157 defines and 311 references

processors: Unity.Jobs.CodeGen.JobsILPostProcessor, zzzUnity.Burst.CodeGen.BurstILPostProcessor

running Unity.Jobs.CodeGen.JobsILPostProcessor

running zzzUnity.Burst.CodeGen.BurstILPostProcessor
[3357/3789  1s] ILPostProcess Library/Bee/artifacts/1900b0aEDbg.dag/post-processed/Hecton8.World.VoxelSurfaceNets.dll (+pdb)
Processing assembly Library/Bee/artifacts/1900b0aEDbg.dag/Hecton8.World.VoxelSurfaceNets.dll, with 157 defines and 311 references

processors: Unity.Jobs.CodeGen.JobsILPostProcessor, zzzUnity.Burst.CodeGen.BurstILPostProcessor

running Unity.Jobs.CodeGen.JobsILPostProcessor

running zzzUnity.Burst.CodeGen.BurstILPostProcessor
[3358/3789  2s] ILPostProcess Library/Bee/artifacts/1900b0aEDbg.dag/post-processed/Hecton8.Environment.Fluids.dll (+pdb)
Processing assembly Library/Bee/artifacts/1900b0aEDbg.dag/Hecton8.Environment.Fluids.dll, with 157 defines and 312 references

processors: Unity.Jobs.CodeGen.JobsILPostProcessor, zzzUnity.Burst.CodeGen.BurstILPostProcessor

running Unity.Jobs.CodeGen.JobsILPostProcessor

running zzzUnity.Burst.CodeGen.BurstILPostProcessor
[3359/3789  1s] ILPostProcess Library/Bee/artifacts/1900b0aEDbg.dag/post-processed/Hecton8.Core.Bucketing.dll (+pdb)
Processing assembly Library/Bee/artifacts/1900b0aEDbg.dag/Hecton8.Core.Bucketing.dll, with 157 defines and 311 references

processors: Unity.Jobs.CodeGen.JobsILPostProcessor, zzzUnity.Burst.CodeGen.BurstILPostProcessor

running Unity.Jobs.CodeGen.JobsILPostProcessor

running zzzUnity.Burst.CodeGen.BurstILPostProcessor
[3360/3789  0s] CopyFiles Library/ScriptAssemblies/Hecton8.Environment.Fluids.dll
[3361/3789  0s] CopyFiles Library/ScriptAssemblies/Hecton8.World.VoxelSurfaceNets.dll
[3362/3789  0s] CopyFiles Library/ScriptAssemblies/Hecton8.AI.Cognition.dll
[3363/3789  0s] CopyFiles Library/ScriptAssemblies/Hecton8.World.ProceduralCoral.dll
[3364/3789  0s] CopyFiles Library/ScriptAssemblies/Hecton8.World.ProceduralWreckage.dll
[3365/3789  0s] CopyFiles Library/ScriptAssemblies/Hecton8.Core.Bucketing.dll
[3366/3789  0s] CopyFiles Library/ScriptAssemblies/Hecton8.Cartography.dll
[3367/3789  0s] CopyFiles Library/ScriptAssemblies/Hecton8.Core.Bucketing.pdb
[3368/3789  0s] CopyFiles Library/ScriptAssemblies/Hecton8.Environment.Fluids.pdb
[3369/3789  0s] CopyFiles Library/ScriptAssemblies/Hecton8.AI.Cognition.pdb
[3370/3789  0s] CopyFiles Library/ScriptAssemblies/Hecton8.World.VoxelSurfaceNets.pdb
[3371/3789  0s] CopyFiles Library/ScriptAssemblies/Hecton8.World.ProceduralCoral.pdb
[3372/3789  0s] CopyFiles Library/ScriptAssemblies/Hecton8.World.ProceduralWreckage.pdb
[3373/3789  0s] CopyFiles Library/ScriptAssemblies/Hecton8.Cartography.pdb
[3374/3789  0s] ILPostProcess Library/Bee/artifacts/1900b0aEDbg.dag/post-processed/Hecton8.Core.Database.dll (+pdb)
Processing assembly Library/Bee/artifacts/1900b0aEDbg.dag/Hecton8.Core.Database.dll, with 157 defines and 310 references

processors: Unity.Jobs.CodeGen.JobsILPostProcessor, zzzUnity.Burst.CodeGen.BurstILPostProcessor

running Unity.Jobs.CodeGen.JobsILPostProcessor

running zzzUnity.Burst.CodeGen.BurstILPostProcessor
[3375/3789  0s] ILPostProcess Library/Bee/artifacts/1900b0aEDbg.dag/post-processed/Hecton8.Core.Scheduling.dll (+pdb)
Processing assembly Library/Bee/artifacts/1900b0aEDbg.dag/Hecton8.Core.Scheduling.dll, with 157 defines and 311 references

processors: Unity.Jobs.CodeGen.JobsILPostProcessor, zzzUnity.Burst.CodeGen.BurstILPostProcessor

running Unity.Jobs.CodeGen.JobsILPostProcessor

running zzzUnity.Burst.CodeGen.BurstILPostProcessor
[3376/3789  0s] CopyFiles Library/ScriptAssemblies/Hecton8.Core.Database.pdb
[3377/3789  0s] CopyFiles Library/ScriptAssemblies/Hecton8.Core.Database.dll
[3378/3789  0s] CopyFiles Library/ScriptAssemblies/Hecton8.Core.Scheduling.dll
[3379/3789  0s] CopyFiles Library/ScriptAssemblies/Hecton8.Core.Scheduling.pdb
[3380/3789  0s] ILPostProcess Library/Bee/artifacts/1900b0aEDbg.dag/post-processed/Hecton8.Animation.IK.dll (+pdb)
Processing assembly Library/Bee/artifacts/1900b0aEDbg.dag/Hecton8.Animation.IK.dll, with 157 defines and 311 references

processors: Unity.Jobs.CodeGen.JobsILPostProcessor, zzzUnity.Burst.CodeGen.BurstILPostProcessor

running Unity.Jobs.CodeGen.JobsILPostProcessor

running zzzUnity.Burst.CodeGen.BurstILPostProcessor
[3381/3789  0s] CopyFiles Library/ScriptAssemblies/Hecton8.Animation.IK.dll
[3382/3789  0s] CopyFiles Library/ScriptAssemblies/Hecton8.Animation.IK.pdb
[3383/3789  0s] ILPostProcess Library/Bee/artifacts/1900b0aEDbg.dag/post-processed/Hecton8.World.OfflineHadalTrenchBaker.Editor.dll (+pdb)
Processing assembly Library/Bee/artifacts/1900b0aEDbg.dag/Hecton8.World.OfflineHadalTrenchBaker.Editor.dll, with 155 defines and 321 references

processors: Unity.Jobs.CodeGen.JobsILPostProcessor, zzzUnity.Burst.CodeGen.BurstILPostProcessor

running Unity.Jobs.CodeGen.JobsILPostProcessor

running zzzUnity.Burst.CodeGen.BurstILPostProcessor
[3384/3789  0s] ILPostProcess Library/Bee/artifacts/1900b0aEDbg.dag/post-processed/Hecton8.Core.Memory.dll (+pdb)
Processing assembly Library/Bee/artifacts/1900b0aEDbg.dag/Hecton8.Core.Memory.dll, with 157 defines and 310 references

processors: Unity.Jobs.CodeGen.JobsILPostProcessor, zzzUnity.Burst.CodeGen.BurstILPostProcessor

running Unity.Jobs.CodeGen.JobsILPostProcessor

running zzzUnity.Burst.CodeGen.BurstILPostProcessor
[3385/3789  0s] CopyFiles Library/ScriptAssemblies/Hecton8.World.OfflineHadalTrenchBaker.Editor.pdb
[3386/3789  0s] CopyFiles Library/ScriptAssemblies/Hecton8.World.OfflineHadalTrenchBaker.Editor.dll
[3387/3789  0s] CopyFiles Library/ScriptAssemblies/Hecton8.Core.Memory.dll
[3388/3789  0s] CopyFiles Library/ScriptAssemblies/Hecton8.Core.Memory.pdb
[BUSY       8s] Csc Library/Bee/artifacts/1900b0aEDbg.dag/Hecton8.Core.dll (+2 others)
[BUSY      18s] Csc Library/Bee/artifacts/1900b0aEDbg.dag/Hecton8.Core.dll (+2 others)
[3389/3789 28s] Csc Library/Bee/artifacts/1900b0aEDbg.dag/Hecton8.Core.dll (+2 others)
[             ] Modification date of `Assets\_Project\Scripts\World\Editor\SpawnZoneSdfValidationEditor.cs` changed while running `Csc Library/Bee/artifacts/1900b0aEDbg.dag/Hecton8.Core.dll (+2 others)`. Old timestamp: 134239356681158207, new timestamp: 134239365717043569
[3390/3789  0s] Csc Library/Bee/artifacts/1900b0aEDbg.dag/Hecton8.Dev.SpaceEngine098.dll (+2 others)
[3391/3789  1s] Csc Library/Bee/artifacts/1900b0aEDbg.dag/Hecton8.Crest.Bridge.dll (+2 others)
[3392/3789  1s] Csc Library/Bee/artifacts/1900b0aEDbg.dag/Hecton8.Lighting.dll (+2 others)
[3393/3789  1s] Csc Library/Bee/artifacts/1900b0aEDbg.dag/Hecton8.Graphics.Scalability.dll (+2 others)
[3394/3789  1s] Csc Library/Bee/artifacts/1900b0aEDbg.dag/Hecton8.QA.Headless.dll (+2 others)
[3395/3789  1s] Csc Library/Bee/artifacts/1900b0aEDbg.dag/Hecton8.Plugins.dll (+2 others)
[3396/3789  1s] Csc Library/Bee/artifacts/1900b0aEDbg.dag/Hecton8.Inventory.Routing.Runtime.dll (+2 others)
[3397/3789  1s] Csc Library/Bee/artifacts/1900b0aEDbg.dag/Hecton8.Rendering.BilateralDrs.dll (+2 others)
[3398/3789  1s] Csc Library/Bee/artifacts/1900b0aEDbg.dag/Hecton8.Rendering.OceanSinglePass.dll (+2 others)
[3399/3789  1s] Csc Library/Bee/artifacts/1900b0aEDbg.dag/Hecton8.SeedShipAnomaly.Runtime.dll (+2 others)
[3400/3789  0s] Csc Library/Bee/artifacts/1900b0aEDbg.dag/Hecton8.Atmosphere.StormPropagation.Runtime.dll (+2 others)
[3401/3789  0s] Csc Library/Bee/artifacts/1900b0aEDbg.dag/Hecton8.Gameplay.Loot.Contracts.dll (+2 others)
[3402/3789  1s] Csc Library/Bee/artifacts/1900b0aEDbg.dag/Hecton8.Lighting.Editor.dll (+2 others)
[3403/3789  1s] Csc Library/Bee/artifacts/1900b0aEDbg.dag/Hecton8.Thermodynamics.dll (+2 others)
[3404/3789  1s] Csc Library/Bee/artifacts/1900b0aEDbg.dag/Hecton8.InventoryRouting.Editor.dll (+2 others)
[3406/3789  1s] Csc Library/Bee/artifacts/1900b0aEDbg.dag/Hecton8.World.Economy.dll (+2 others)
[3407/3789  1s] Csc Library/Bee/artifacts/1900b0aEDbg.dag/Hecton8.Animation.FaunaProcedural.dll (+2 others)
[3408/3789  1s] Csc Library/Bee/artifacts/1900b0aEDbg.dag/Hecton8.Habitat.Deformation.dll (+2 others)
[3409/3789  1s] Csc Library/Bee/artifacts/1900b0aEDbg.dag/Hecton8.Tools.ToolKinematics.dll (+2 others)
[3410/3789  1s] Csc Library/Bee/artifacts/1900b0aEDbg.dag/Hecton8.Audio.Synthesis.dll (+2 others)
[3411/3789  1s] Csc Library/Bee/artifacts/1900b0aEDbg.dag/Hecton8.AI.Pathfinding.dll (+2 others)
[3412/3789  1s] Csc Library/Bee/artifacts/1900b0aEDbg.dag/Hecton8.World.FloraAmbientSway.dll (+2 others)
[3413/3789  1s] Csc Library/Bee/artifacts/1900b0aEDbg.dag/Hecton8.World.ShinobuBiomimetic.dll (+2 others)
[3414/3789  1s] Csc Library/Bee/artifacts/1900b0aEDbg.dag/Hecton8.Crest.Bridge.Editor.dll (+2 others)
[3415/3789  1s] Csc Library/Bee/artifacts/1900b0aEDbg.dag/Hecton8.Power.Generators.dll (+2 others)
[3416/3789  1s] Csc Library/Bee/artifacts/1900b0aEDbg.dag/Hecton8.Graphics.Materials.dll (+2 others)
[3419/3789  1s] Csc Library/Bee/artifacts/1900b0aEDbg.dag/Hecton8.Physics.Buoyancy.Runtime.dll (+2 others)
[3420/3789  2s] Csc Library/Bee/artifacts/1900b0aEDbg.dag/Hecton8.Graphics.Culling.dll (+2 others)
[3421/3789  2s] Csc Library/Bee/artifacts/1900b0aEDbg.dag/Hecton8.VFX.Bioluminescence.Runtime.dll (+2 others)
[3422/3789  2s] Csc Library/Bee/artifacts/1900b0aEDbg.dag/Hecton8.Rendering.WaterOptics.dll (+2 others)
[3423/3789  2s] Csc Library/Bee/artifacts/1900b0aEDbg.dag/Hecton8.VFX.JacobianFoam.Runtime.dll (+2 others)
[3424/3789  2s] Csc Library/Bee/artifacts/1900b0aEDbg.dag/Hecton8.QA.dll (+2 others)
[3425/3789  3s] Csc Library/Bee/artifacts/1900b0aEDbg.dag/Hecton8.VFX.PlasmaBeam.Runtime.dll (+2 others)
[3426/3789  6s] Csc Library/Bee/artifacts/1900b0aEDbg.dag/Hecton8.Editor.dll (+2 others)
[3427/3789  5s] Csc Library/Bee/artifacts/1900b0aEDbg.dag/Hecton8.Power.BatteryChargerLogistics.Runtime.dll (+2 others)
[3428/3789  5s] Csc Library/Bee/artifacts/1900b0aEDbg.dag/Hecton8.UI.Tools.dll (+2 others)
[3429/3789  5s] Csc Library/Bee/artifacts/1900b0aEDbg.dag/Hecton8.VFX.Materials.dll (+2 others)
[3430/3789  5s] Csc Library/Bee/artifacts/1900b0aEDbg.dag/Hecton8.Physiology.dll (+2 others)
[3431/3789  4s] Csc Library/Bee/artifacts/1900b0aEDbg.dag/Hecton8.PlayModeTests.dll (+2 others)
[3432/3789  5s] Csc Library/Bee/artifacts/1900b0aEDbg.dag/Hecton8.World.Outposts.dll (+2 others)
[3433/3789  3s] Csc Library/Bee/artifacts/1900b0aEDbg.dag/Hecton8.Gameplay.Mining.dll (+2 others)
[3434/3789  6s] Csc Library/Bee/artifacts/1900b0aEDbg.dag/Hecton8.AI.Ambient.dll (+2 others)
[3435/3789  3s] Csc Library/Bee/artifacts/1900b0aEDbg.dag/Hecton8.Audio.Prologue.dll (+2 others)
[3436/3789  3s] Csc Library/Bee/artifacts/1900b0aEDbg.dag/Hecton8.VFX.Debris.dll (+2 others)
[3437/3789  3s] Csc Library/Bee/artifacts/1900b0aEDbg.dag/Hecton8.Narrative.Campaign.dll (+2 others)
[3438/3789  1s] Csc Library/Bee/artifacts/1900b0aEDbg.dag/Hecton8.UI.Diegetic.dll (+2 others)
[3439/3789  2s] Csc Library/Bee/artifacts/1900b0aEDbg.dag/Hecton8.World.Streaming.dll (+2 others)
[3440/3789  3s] Csc Library/Bee/artifacts/1900b0aEDbg.dag/Hecton8.Gameplay.Loot.dll (+2 others)
[3441/3789  1s] Csc Library/Bee/artifacts/1900b0aEDbg.dag/Hecton8.Prologue.VFX.dll (+2 others)
[3442/3789  2s] Csc Library/Bee/artifacts/1900b0aEDbg.dag/Hecton8.Graphics.Caustics.dll (+2 others)
[3443/3789  1s] Csc Library/Bee/artifacts/1900b0aEDbg.dag/Hecton8.Narrative.Prologue.dll (+2 others)
[3444/3789  1s] Csc Library/Bee/artifacts/1900b0aEDbg.dag/Hecton8.UI.VR.dll (+2 others)
[3445/3789  1s] Csc Library/Bee/artifacts/1900b0aEDbg.dag/Hecton8.Vehicles.VFX.dll (+2 others)
[3446/3789  0s] Csc Library/Bee/artifacts/1900b0aEDbg.dag/Hecton8.UI.Navigation.dll (+2 others)
[3448/3789  1s] Csc Library/Bee/artifacts/1900b0aEDbg.dag/Hecton8.Prologue.Space.dll (+2 others)
[3449/3789  0s] Csc Library/Bee/artifacts/1900b0aEDbg.dag/Hecton8.World.VoxelSurfaceNets.Editor.dll (+2 others)
[3451/3789  1s] Csc Library/Bee/artifacts/1900b0aEDbg.dag/Hecton8.Core.Hardware.dll (+2 others)
[3452/3789  1s] Csc Library/Bee/artifacts/1900b0aEDbg.dag/Hecton8.World.ShinobuBiomimetic.Editor.dll (+2 others)
[3453/3789  1s] Csc Library/Bee/artifacts/1900b0aEDbg.dag/Hecton8.Project.Editor.dll (+2 others)
[3454/3789  1s] Csc Library/Bee/artifacts/1900b0aEDbg.dag/Hecton8.UI.Editor.dll (+2 others)
[3455/3789  0s] Csc Library/Bee/artifacts/1900b0aEDbg.dag/Hecton8.SaveSystem.Editor.dll (+2 others)
[3458/3789  0s] Csc Library/Bee/artifacts/1900b0aEDbg.dag/Hecton8.World.ProceduralCoral.Editor.dll (+2 others)
[3459/3789  1s] Csc Library/Bee/artifacts/1900b0aEDbg.dag/Hecton8.DataMonolith.Editor.dll (+2 others)
[3460/3789  1s] Csc Library/Bee/artifacts/1900b0aEDbg.dag/Hecton8.QA.Headless.Editor.dll (+2 others)
[3461/3789  1s] Csc Library/Bee/artifacts/1900b0aEDbg.dag/Hecton8.SeedShipAnomaly.Editor.dll (+2 others)
[3463/3789  1s] Csc Library/Bee/artifacts/1900b0aEDbg.dag/Hecton8.Physics.Buoyancy.Editor.dll (+2 others)
[3465/3789  0s] Csc Library/Bee/artifacts/1900b0aEDbg.dag/Hecton8.Atmosphere.StormPropagation.Editor.dll (+2 others)
[3466/3789  1s] Csc Library/Bee/artifacts/1900b0aEDbg.dag/Hecton8.Core.Bridge.Editor.dll (+2 others)
[3467/3789  1s] Csc Library/Bee/artifacts/1900b0aEDbg.dag/Hecton8.World.Economy.Editor.dll (+2 others)
[3468/3789  1s] Csc Library/Bee/artifacts/1900b0aEDbg.dag/Hecton8.Core.Content.Editor.dll (+2 others)
[3469/3789  0s] Csc Library/Bee/artifacts/1900b0aEDbg.dag/Hecton8.SaveSystem.EditModeTests.dll (+2 others)
[3470/3789  0s] Csc Library/Bee/artifacts/1900b0aEDbg.dag/Hecton8.QA.Editor.dll (+2 others)
[3471/3789  1s] Csc Library/Bee/artifacts/1900b0aEDbg.dag/Hecton8.Rendering.WaterOptics.Editor.dll (+2 others)
[3472/3789  1s] Csc Library/Bee/artifacts/1900b0aEDbg.dag/Hecton8.UI.TerminalOS.Editor.dll (+2 others)
[3473/3789  1s] Csc Library/Bee/artifacts/1900b0aEDbg.dag/Hecton8.EditModeTests.dll (+2 others)
[3474/3789  1s] Csc Library/Bee/artifacts/1900b0aEDbg.dag/Hecton8.Physics.Vehicles.Editor.dll (+2 others)
[3475/3789  1s] Csc Library/Bee/artifacts/1900b0aEDbg.dag/Hecton8.Power.BatteryChargerLogistics.Editor.dll (+2 others)
[3476/3789  1s] Csc Library/Bee/artifacts/1900b0aEDbg.dag/Hecton8.Physics.KCC.Editor.dll (+2 others)
[3477/3789  1s] Csc Library/Bee/artifacts/1900b0aEDbg.dag/Hecton8.Animation.FaunaProcedural.Editor.dll (+2 others)
[3478/3789  1s] Csc Library/Bee/artifacts/1900b0aEDbg.dag/Hecton8.VFX.JacobianFoam.Editor.dll (+2 others)
[3479/3789  0s] Csc Library/Bee/artifacts/1900b0aEDbg.dag/Hecton8.Cartography.Editor.dll (+2 others)
[3480/3789  1s] Csc Library/Bee/artifacts/1900b0aEDbg.dag/Hecton8.Optimization.Editor.dll (+2 others)
[3481/3789  1s] Csc Library/Bee/artifacts/1900b0aEDbg.dag/Hecton8.Physiology.Editor.dll (+2 others)
[3482/3789  0s] Csc Library/Bee/artifacts/1900b0aEDbg.dag/Hecton8.Tools.ToolKinematics.Editor.dll (+2 others)
[3483/3789  0s] Csc Library/Bee/artifacts/1900b0aEDbg.dag/Hecton8.Audio.Synthesis.Editor.dll (+2 others)
[3484/3789  0s] Csc Library/Bee/artifacts/1900b0aEDbg.dag/Hecton8.AI.Cognition.Editor.dll (+2 others)
[             ] Modification date of `Assets\_Project\Scripts\AI\Cognition\Editor\OOP_FSM_Scanner.cs` changed while running `Csc Library/Bee/artifacts/1900b0aEDbg.dag/Hecton8.AI.Cognition.Editor.dll (+2 others)`. Old timestamp: 134239364491408785, new timestamp: 134239366079654027
[3485/3789  0s] Csc Library/Bee/artifacts/1900b0aEDbg.dag/Hecton8.AI.Pathfinding.Editor.dll (+2 others)
[3486/3789  0s] Csc Library/Bee/artifacts/1900b0aEDbg.dag/Hecton8.World.ProceduralWreckage.Editor.dll (+2 others)
[3487/3789  0s] Csc Library/Bee/artifacts/1900b0aEDbg.dag/Hecton8.World.FloraAmbientSway.Editor.dll (+2 others)
[3488/3789  0s] Csc Library/Bee/artifacts/1900b0aEDbg.dag/Hecton8.World.HydraulicErosionForge.Editor.dll (+2 others)
[3489/3789  1s] ILPostProcess Library/Bee/artifacts/1900b0aEDbg.dag/post-processed/Hecton8.QA.dll (+pdb)
Processing assembly Library/Bee/artifacts/1900b0aEDbg.dag/Hecton8.QA.dll, with 157 defines and 310 references

processors: Unity.Jobs.CodeGen.JobsILPostProcessor, zzzUnity.Burst.CodeGen.BurstILPostProcessor

running Unity.Jobs.CodeGen.JobsILPostProcessor

running zzzUnity.Burst.CodeGen.BurstILPostProcessor
[3490/3789  1s] ILPostProcess Library/Bee/artifacts/1900b0aEDbg.dag/post-processed/Hecton8.VFX.Materials.dll (+pdb)
Processing assembly Library/Bee/artifacts/1900b0aEDbg.dag/Hecton8.VFX.Materials.dll, with 157 defines and 311 references

processors: Unity.Jobs.CodeGen.JobsILPostProcessor, zzzUnity.Burst.CodeGen.BurstILPostProcessor

running Unity.Jobs.CodeGen.JobsILPostProcessor

running zzzUnity.Burst.CodeGen.BurstILPostProcessor
[3491/3789  1s] ILPostProcess Library/Bee/artifacts/1900b0aEDbg.dag/post-processed/Hecton8.Power.BatteryChargerLogistics.Runtime.dll (+pdb)
Processing assembly Library/Bee/artifacts/1900b0aEDbg.dag/Hecton8.Power.BatteryChargerLogistics.Runtime.dll, with 157 defines and 312 references

processors: Unity.Jobs.CodeGen.JobsILPostProcessor, zzzUnity.Burst.CodeGen.BurstILPostProcessor

running Unity.Jobs.CodeGen.JobsILPostProcessor

running zzzUnity.Burst.CodeGen.BurstILPostProcessor
[3492/3789  1s] ILPostProcess Library/Bee/artifacts/1900b0aEDbg.dag/post-processed/Hecton8.UI.Tools.dll (+pdb)
Processing assembly Library/Bee/artifacts/1900b0aEDbg.dag/Hecton8.UI.Tools.dll, with 157 defines and 310 references

processors: Unity.Jobs.CodeGen.JobsILPostProcessor, zzzUnity.Burst.CodeGen.BurstILPostProcessor

running Unity.Jobs.CodeGen.JobsILPostProcessor

running zzzUnity.Burst.CodeGen.BurstILPostProcessor
[3493/3789  1s] ILPostProcess Library/Bee/artifacts/1900b0aEDbg.dag/post-processed/Hecton8.PlayModeTests.dll (+pdb)
Processing assembly Library/Bee/artifacts/1900b0aEDbg.dag/Hecton8.PlayModeTests.dll, with 157 defines and 270 references

processors: Unity.Jobs.CodeGen.JobsILPostProcessor, zzzUnity.Burst.CodeGen.BurstILPostProcessor

running Unity.Jobs.CodeGen.JobsILPostProcessor

running zzzUnity.Burst.CodeGen.BurstILPostProcessor
[3494/3789  0s] ILPostProcess Library/Bee/artifacts/1900b0aEDbg.dag/post-processed/Hecton8.World.FloraAmbientSway.dll (+pdb)
Processing assembly Library/Bee/artifacts/1900b0aEDbg.dag/Hecton8.World.FloraAmbientSway.dll, with 157 defines and 313 references

processors: Unity.Jobs.CodeGen.JobsILPostProcessor, zzzUnity.Burst.CodeGen.BurstILPostProcessor

running Unity.Jobs.CodeGen.JobsILPostProcessor

running zzzUnity.Burst.CodeGen.BurstILPostProcessor
[3495/3789  1s] ILPostProcess Library/Bee/artifacts/1900b0aEDbg.dag/post-processed/Hecton8.VFX.PlasmaBeam.Runtime.dll (+pdb)
Processing assembly Library/Bee/artifacts/1900b0aEDbg.dag/Hecton8.VFX.PlasmaBeam.Runtime.dll, with 157 defines and 313 references

processors: Unity.Jobs.CodeGen.JobsILPostProcessor, zzzUnity.Burst.CodeGen.BurstILPostProcessor

running Unity.Jobs.CodeGen.JobsILPostProcessor

running zzzUnity.Burst.CodeGen.BurstILPostProcessor
[3496/3789  2s] ILPostProcess Library/Bee/artifacts/1900b0aEDbg.dag/post-processed/Hecton8.World.Economy.dll (+pdb)
Processing assembly Library/Bee/artifacts/1900b0aEDbg.dag/Hecton8.World.Economy.dll, with 157 defines and 314 references

processors: Unity.Jobs.CodeGen.JobsILPostProcessor, zzzUnity.Burst.CodeGen.BurstILPostProcessor

running Unity.Jobs.CodeGen.JobsILPostProcessor

running zzzUnity.Burst.CodeGen.BurstILPostProcessor
[3497/3789  0s] ILPostProcess Library/Bee/artifacts/1900b0aEDbg.dag/post-processed/Hecton8.Power.Generators.dll (+pdb)
Processing assembly Library/Bee/artifacts/1900b0aEDbg.dag/Hecton8.Power.Generators.dll, with 157 defines and 313 references

processors: Unity.Jobs.CodeGen.JobsILPostProcessor, zzzUnity.Burst.CodeGen.BurstILPostProcessor

running Unity.Jobs.CodeGen.JobsILPostProcessor

running zzzUnity.Burst.CodeGen.BurstILPostProcessor
[3498/3789  0s] ILPostProcess Library/Bee/artifacts/1900b0aEDbg.dag/post-processed/Hecton8.Gameplay.Loot.Contracts.dll (+pdb)
Processing assembly Library/Bee/artifacts/1900b0aEDbg.dag/Hecton8.Gameplay.Loot.Contracts.dll, with 157 defines and 311 references

processors: Unity.Jobs.CodeGen.JobsILPostProcessor, zzzUnity.Burst.CodeGen.BurstILPostProcessor

running Unity.Jobs.CodeGen.JobsILPostProcessor

running zzzUnity.Burst.CodeGen.BurstILPostProcessor
[3499/3789  1s] ILPostProcess Library/Bee/artifacts/1900b0aEDbg.dag/post-processed/Hecton8.Physiology.dll (+pdb)
Processing assembly Library/Bee/artifacts/1900b0aEDbg.dag/Hecton8.Physiology.dll, with 157 defines and 312 references

processors: Unity.Jobs.CodeGen.JobsILPostProcessor, zzzUnity.Burst.CodeGen.BurstILPostProcessor

running Unity.Jobs.CodeGen.JobsILPostProcessor

running zzzUnity.Burst.CodeGen.BurstILPostProcessor
[3500/3789  1s] ILPostProcess Library/Bee/artifacts/1900b0aEDbg.dag/post-processed/Hecton8.Physics.Buoyancy.Runtime.dll (+pdb)
Processing assembly Library/Bee/artifacts/1900b0aEDbg.dag/Hecton8.Physics.Buoyancy.Runtime.dll, with 157 defines and 312 references

processors: Unity.Jobs.CodeGen.JobsILPostProcessor, zzzUnity.Burst.CodeGen.BurstILPostProcessor

running Unity.Jobs.CodeGen.JobsILPostProcessor

running zzzUnity.Burst.CodeGen.BurstILPostProcessor
[3501/3789  1s] ILPostProcess Library/Bee/artifacts/1900b0aEDbg.dag/post-processed/Hecton8.VFX.Bioluminescence.Runtime.dll (+pdb)
Processing assembly Library/Bee/artifacts/1900b0aEDbg.dag/Hecton8.VFX.Bioluminescence.Runtime.dll, with 157 defines and 313 references

processors: Unity.Jobs.CodeGen.JobsILPostProcessor, zzzUnity.Burst.CodeGen.BurstILPostProcessor

running Unity.Jobs.CodeGen.JobsILPostProcessor

running zzzUnity.Burst.CodeGen.BurstILPostProcessor
[3502/3789  1s] ILPostProcess Library/Bee/artifacts/1900b0aEDbg.dag/post-processed/Hecton8.Tools.ToolKinematics.dll (+pdb)
Processing assembly Library/Bee/artifacts/1900b0aEDbg.dag/Hecton8.Tools.ToolKinematics.dll, with 157 defines and 313 references

processors: Unity.Jobs.CodeGen.JobsILPostProcessor, zzzUnity.Burst.CodeGen.BurstILPostProcessor

running Unity.Jobs.CodeGen.JobsILPostProcessor

running zzzUnity.Burst.CodeGen.BurstILPostProcessor
[3503/3789  2s] ILPostProcess Library/Bee/artifacts/1900b0aEDbg.dag/post-processed/Hecton8.World.ShinobuBiomimetic.dll (+pdb)
Processing assembly Library/Bee/artifacts/1900b0aEDbg.dag/Hecton8.World.ShinobuBiomimetic.dll, with 157 defines and 312 references

processors: Unity.Jobs.CodeGen.JobsILPostProcessor, zzzUnity.Burst.CodeGen.BurstILPostProcessor

running Unity.Jobs.CodeGen.JobsILPostProcessor

running zzzUnity.Burst.CodeGen.BurstILPostProcessor
[3504/3789  1s] ILPostProcess Library/Bee/artifacts/1900b0aEDbg.dag/post-processed/Hecton8.Graphics.Culling.dll (+pdb)
Processing assembly Library/Bee/artifacts/1900b0aEDbg.dag/Hecton8.Graphics.Culling.dll, with 157 defines and 313 references

processors: Unity.Jobs.CodeGen.JobsILPostProcessor, zzzUnity.Burst.CodeGen.BurstILPostProcessor

running Unity.Jobs.CodeGen.JobsILPostProcessor

running zzzUnity.Burst.CodeGen.BurstILPostProcessor
[3505/3789  1s] ILPostProcess Library/Bee/artifacts/1900b0aEDbg.dag/post-processed/Hecton8.Rendering.WaterOptics.dll (+pdb)
Processing assembly Library/Bee/artifacts/1900b0aEDbg.dag/Hecton8.Rendering.WaterOptics.dll, with 157 defines and 314 references

processors: Unity.Jobs.CodeGen.JobsILPostProcessor, zzzUnity.Burst.CodeGen.BurstILPostProcessor

running Unity.Jobs.CodeGen.JobsILPostProcessor

running zzzUnity.Burst.CodeGen.BurstILPostProcessor
[3506/3789  1s] ILPostProcess Library/Bee/artifacts/1900b0aEDbg.dag/post-processed/Assembly-CSharp.dll (+pdb)
Processing assembly Library/Bee/artifacts/1900b0aEDbg.dag/Assembly-CSharp.dll, with 157 defines and 442 references

processors: Unity.Jobs.CodeGen.JobsILPostProcessor, zzzUnity.Burst.CodeGen.BurstILPostProcessor

running Unity.Jobs.CodeGen.JobsILPostProcessor

running zzzUnity.Burst.CodeGen.BurstILPostProcessor
[3507/3789  1s] ILPostProcess Library/Bee/artifacts/1900b0aEDbg.dag/post-processed/Hecton8.Graphics.Materials.dll (+pdb)
Processing assembly Library/Bee/artifacts/1900b0aEDbg.dag/Hecton8.Graphics.Materials.dll, with 157 defines and 313 references

processors: Unity.Jobs.CodeGen.JobsILPostProcessor, zzzUnity.Burst.CodeGen.BurstILPostProcessor

running Unity.Jobs.CodeGen.JobsILPostProcessor

running zzzUnity.Burst.CodeGen.BurstILPostProcessor
[3508/3789  0s] ILPostProcess Library/Bee/artifacts/1900b0aEDbg.dag/post-processed/Hecton8.World.Streaming.dll (+pdb)
Processing assembly Library/Bee/artifacts/1900b0aEDbg.dag/Hecton8.World.Streaming.dll, with 158 defines and 308 references

processors: Unity.Jobs.CodeGen.JobsILPostProcessor, zzzUnity.Burst.CodeGen.BurstILPostProcessor

running Unity.Jobs.CodeGen.JobsILPostProcessor

running zzzUnity.Burst.CodeGen.BurstILPostProcessor
[3509/3789  0s] ILPostProcess Library/Bee/artifacts/1900b0aEDbg.dag/post-processed/Hecton8.Narrative.Prologue.dll (+pdb)
Processing assembly Library/Bee/artifacts/1900b0aEDbg.dag/Hecton8.Narrative.Prologue.dll, with 157 defines and 310 references

processors: Unity.Jobs.CodeGen.JobsILPostProcessor, zzzUnity.Burst.CodeGen.BurstILPostProcessor

running Unity.Jobs.CodeGen.JobsILPostProcessor

running zzzUnity.Burst.CodeGen.BurstILPostProcessor
[3510/3789  0s] ILPostProcess Library/Bee/artifacts/1900b0aEDbg.dag/post-processed/Hecton8.Audio.Prologue.dll (+pdb)
Processing assembly Library/Bee/artifacts/1900b0aEDbg.dag/Hecton8.Audio.Prologue.dll, with 157 defines and 311 references

processors: Unity.Jobs.CodeGen.JobsILPostProcessor, zzzUnity.Burst.CodeGen.BurstILPostProcessor

running Unity.Jobs.CodeGen.JobsILPostProcessor

running zzzUnity.Burst.CodeGen.BurstILPostProcessor
[3511/3789  0s] ILPostProcess Library/Bee/artifacts/1900b0aEDbg.dag/post-processed/Hecton8.VFX.JacobianFoam.Runtime.dll (+pdb)
Processing assembly Library/Bee/artifacts/1900b0aEDbg.dag/Hecton8.VFX.JacobianFoam.Runtime.dll, with 157 defines and 314 references

processors: Unity.Jobs.CodeGen.JobsILPostProcessor, zzzUnity.Burst.CodeGen.BurstILPostProcessor

running Unity.Jobs.CodeGen.JobsILPostProcessor

running zzzUnity.Burst.CodeGen.BurstILPostProcessor
[3512/3789  0s] ILPostProcess Library/Bee/artifacts/1900b0aEDbg.dag/post-processed/Hecton8.Prologue.VFX.dll (+pdb)
Processing assembly Library/Bee/artifacts/1900b0aEDbg.dag/Hecton8.Prologue.VFX.dll, with 157 defines and 311 references

processors: Unity.Jobs.CodeGen.JobsILPostProcessor, zzzUnity.Burst.CodeGen.BurstILPostProcessor

running Unity.Jobs.CodeGen.JobsILPostProcessor

running zzzUnity.Burst.CodeGen.BurstILPostProcessor
[3513/3789  0s] ILPostProcess Library/Bee/artifacts/1900b0aEDbg.dag/post-processed/Hecton8.VFX.Debris.dll (+pdb)
Processing assembly Library/Bee/artifacts/1900b0aEDbg.dag/Hecton8.VFX.Debris.dll, with 157 defines and 313 references

processors: Unity.Jobs.CodeGen.JobsILPostProcessor, zzzUnity.Burst.CodeGen.BurstILPostProcessor

running Unity.Jobs.CodeGen.JobsILPostProcessor

running zzzUnity.Burst.CodeGen.BurstILPostProcessor
[3514/3789  0s] ILPostProcess Library/Bee/artifacts/1900b0aEDbg.dag/post-processed/Hecton8.Narrative.Campaign.dll (+pdb)
Processing assembly Library/Bee/artifacts/1900b0aEDbg.dag/Hecton8.Narrative.Campaign.dll, with 157 defines and 312 references

processors: Unity.Jobs.CodeGen.JobsILPostProcessor, zzzUnity.Burst.CodeGen.BurstILPostProcessor

running Unity.Jobs.CodeGen.JobsILPostProcessor

running zzzUnity.Burst.CodeGen.BurstILPostProcessor
[3515/3789  0s] ILPostProcess Library/Bee/artifacts/1900b0aEDbg.dag/post-processed/Hecton8.Dev.SpaceEngine098.dll (+pdb)
Processing assembly Library/Bee/artifacts/1900b0aEDbg.dag/Hecton8.Dev.SpaceEngine098.dll, with 157 defines and 310 references

processors: Unity.Jobs.CodeGen.JobsILPostProcessor, zzzUnity.Burst.CodeGen.BurstILPostProcessor

running Unity.Jobs.CodeGen.JobsILPostProcessor

running zzzUnity.Burst.CodeGen.BurstILPostProcessor
[3516/3789  1s] ILPostProcess Library/Bee/artifacts/1900b0aEDbg.dag/post-processed/Hecton8.Vehicles.VFX.dll (+pdb)
Processing assembly Library/Bee/artifacts/1900b0aEDbg.dag/Hecton8.Vehicles.VFX.dll, with 157 defines and 312 references

processors: Unity.Jobs.CodeGen.JobsILPostProcessor, zzzUnity.Burst.CodeGen.BurstILPostProcessor

running Unity.Jobs.CodeGen.JobsILPostProcessor

running zzzUnity.Burst.CodeGen.BurstILPostProcessor
[3517/3789  1s] ILPostProcess Library/Bee/artifacts/1900b0aEDbg.dag/post-processed/Hecton8.Crest.Bridge.dll (+pdb)
Processing assembly Library/Bee/artifacts/1900b0aEDbg.dag/Hecton8.Crest.Bridge.dll, with 157 defines and 318 references

processors: Unity.Jobs.CodeGen.JobsILPostProcessor, zzzUnity.Burst.CodeGen.BurstILPostProcessor

running Unity.Jobs.CodeGen.JobsILPostProcessor

running zzzUnity.Burst.CodeGen.BurstILPostProcessor
[3518/3789  1s] ILPostProcess Library/Bee/artifacts/1900b0aEDbg.dag/post-processed/Hecton8.Rendering.OceanSinglePass.dll (+pdb)
Processing assembly Library/Bee/artifacts/1900b0aEDbg.dag/Hecton8.Rendering.OceanSinglePass.dll, with 157 defines and 315 references

processors: Unity.Jobs.CodeGen.JobsILPostProcessor, zzzUnity.Burst.CodeGen.BurstILPostProcessor

running Unity.Jobs.CodeGen.JobsILPostProcessor

running zzzUnity.Burst.CodeGen.BurstILPostProcessor
[3519/3789  1s] ILPostProcess Library/Bee/artifacts/1900b0aEDbg.dag/post-processed/Hecton8.Core.Hardware.dll (+pdb)
Processing assembly Library/Bee/artifacts/1900b0aEDbg.dag/Hecton8.Core.Hardware.dll, with 157 defines and 313 references

processors: Unity.Jobs.CodeGen.JobsILPostProcessor, zzzUnity.Burst.CodeGen.BurstILPostProcessor

running Unity.Jobs.CodeGen.JobsILPostProcessor

running zzzUnity.Burst.CodeGen.BurstILPostProcessor
[3520/3789  1s] ILPostProcess Library/Bee/artifacts/1900b0aEDbg.dag/post-processed/Hecton8.Inventory.Routing.Runtime.dll (+pdb)
Processing assembly Library/Bee/artifacts/1900b0aEDbg.dag/Hecton8.Inventory.Routing.Runtime.dll, with 157 defines and 312 references

processors: Unity.Jobs.CodeGen.JobsILPostProcessor, zzzUnity.Burst.CodeGen.BurstILPostProcessor

running Unity.Jobs.CodeGen.JobsILPostProcessor

running zzzUnity.Burst.CodeGen.BurstILPostProcessor
[3521/3789  2s] ILPostProcess Library/Bee/artifacts/1900b0aEDbg.dag/post-processed/Hecton8.QA.Headless.dll (+pdb)
Processing assembly Library/Bee/artifacts/1900b0aEDbg.dag/Hecton8.QA.Headless.dll, with 157 defines and 312 references

processors: Unity.Jobs.CodeGen.JobsILPostProcessor, zzzUnity.Burst.CodeGen.BurstILPostProcessor

running Unity.Jobs.CodeGen.JobsILPostProcessor

running zzzUnity.Burst.CodeGen.BurstILPostProcessor
[3522/3789  1s] ILPostProcess Library/Bee/artifacts/1900b0aEDbg.dag/post-processed/Hecton8.Gameplay.Mining.dll (+pdb)
Processing assembly Library/Bee/artifacts/1900b0aEDbg.dag/Hecton8.Gameplay.Mining.dll, with 157 defines and 314 references

processors: Unity.Jobs.CodeGen.JobsILPostProcessor, zzzUnity.Burst.CodeGen.BurstILPostProcessor

running Unity.Jobs.CodeGen.JobsILPostProcessor

running zzzUnity.Burst.CodeGen.BurstILPostProcessor
[3523/3789  0s] ILPostProcess Library/Bee/artifacts/1900b0aEDbg.dag/post-processed/Hecton8.UI.VR.dll (+pdb)
Processing assembly Library/Bee/artifacts/1900b0aEDbg.dag/Hecton8.UI.VR.dll, with 157 defines and 313 references

processors: Unity.Jobs.CodeGen.JobsILPostProcessor, zzzUnity.Burst.CodeGen.BurstILPostProcessor

running Unity.Jobs.CodeGen.JobsILPostProcessor

running zzzUnity.Burst.CodeGen.BurstILPostProcessor
[3524/3789  1s] ILPostProcess Library/Bee/artifacts/1900b0aEDbg.dag/post-processed/Hecton8.Prologue.Space.dll (+pdb)
Processing assembly Library/Bee/artifacts/1900b0aEDbg.dag/Hecton8.Prologue.Space.dll, with 157 defines and 312 references

processors: Unity.Jobs.CodeGen.JobsILPostProcessor, zzzUnity.Burst.CodeGen.BurstILPostProcessor

running Unity.Jobs.CodeGen.JobsILPostProcessor

running zzzUnity.Burst.CodeGen.BurstILPostProcessor
[3525/3789  0s] ILPostProcess Library/Bee/artifacts/1900b0aEDbg.dag/post-processed/Hecton8.UI.Diegetic.dll (+pdb)
Processing assembly Library/Bee/artifacts/1900b0aEDbg.dag/Hecton8.UI.Diegetic.dll, with 157 defines and 313 references

processors: Unity.Jobs.CodeGen.JobsILPostProcessor, zzzUnity.Burst.CodeGen.BurstILPostProcessor

running Unity.Jobs.CodeGen.JobsILPostProcessor

running zzzUnity.Burst.CodeGen.BurstILPostProcessor
[3526/3789  1s] ILPostProcess Library/Bee/artifacts/1900b0aEDbg.dag/post-processed/Hecton8.Gameplay.Loot.dll (+pdb)
Processing assembly Library/Bee/artifacts/1900b0aEDbg.dag/Hecton8.Gameplay.Loot.dll, with 157 defines and 312 references

processors: Unity.Jobs.CodeGen.JobsILPostProcessor, zzzUnity.Burst.CodeGen.BurstILPostProcessor

running Unity.Jobs.CodeGen.JobsILPostProcessor

running zzzUnity.Burst.CodeGen.BurstILPostProcessor
[3527/3789  0s] ILPostProcess Library/Bee/artifacts/1900b0aEDbg.dag/post-processed/Hecton8.UI.Navigation.dll (+pdb)
Processing assembly Library/Bee/artifacts/1900b0aEDbg.dag/Hecton8.UI.Navigation.dll, with 157 defines and 313 references

processors: Unity.Jobs.CodeGen.JobsILPostProcessor, zzzUnity.Burst.CodeGen.BurstILPostProcessor

running Unity.Jobs.CodeGen.JobsILPostProcessor

running zzzUnity.Burst.CodeGen.BurstILPostProcessor
[3528/3789  0s] ILPostProcess Library/Bee/artifacts/1900b0aEDbg.dag/post-processed/Hecton8.Graphics.Caustics.dll (+pdb)
Processing assembly Library/Bee/artifacts/1900b0aEDbg.dag/Hecton8.Graphics.Caustics.dll, with 157 defines and 312 references

processors: Unity.Jobs.CodeGen.JobsILPostProcessor, zzzUnity.Burst.CodeGen.BurstILPostProcessor

running Unity.Jobs.CodeGen.JobsILPostProcessor

running zzzUnity.Burst.CodeGen.BurstILPostProcessor
[3529/3789  2s] ILPostProcess Library/Bee/artifacts/1900b0aEDbg.dag/post-processed/Hecton8.Atmosphere.StormPropagation.Runtime.dll (+pdb)
Processing assembly Library/Bee/artifacts/1900b0aEDbg.dag/Hecton8.Atmosphere.StormPropagation.Runtime.dll, with 157 defines and 312 references

processors: Unity.Jobs.CodeGen.JobsILPostProcessor, zzzUnity.Burst.CodeGen.BurstILPostProcessor

running Unity.Jobs.CodeGen.JobsILPostProcessor

running zzzUnity.Burst.CodeGen.BurstILPostProcessor
[3530/3789  1s] ILPostProcess Library/Bee/artifacts/1900b0aEDbg.dag/post-processed/Hecton8.Graphics.Scalability.dll (+pdb)
Processing assembly Library/Bee/artifacts/1900b0aEDbg.dag/Hecton8.Graphics.Scalability.dll, with 157 defines and 315 references

processors: Unity.Jobs.CodeGen.JobsILPostProcessor, zzzUnity.Burst.CodeGen.BurstILPostProcessor

running Unity.Jobs.CodeGen.JobsILPostProcessor

running zzzUnity.Burst.CodeGen.BurstILPostProcessor
[3531/3789  2s] ILPostProcess Library/Bee/artifacts/1900b0aEDbg.dag/post-processed/Hecton8.AI.Pathfinding.dll (+pdb)
Processing assembly Library/Bee/artifacts/1900b0aEDbg.dag/Hecton8.AI.Pathfinding.dll, with 157 defines and 312 references

processors: Unity.Jobs.CodeGen.JobsILPostProcessor, zzzUnity.Burst.CodeGen.BurstILPostProcessor

running Unity.Jobs.CodeGen.JobsILPostProcessor

running zzzUnity.Burst.CodeGen.BurstILPostProcessor
[3532/3789  5s] ILPostProcess Library/Bee/artifacts/1900b0aEDbg.dag/post-processed/Hecton8.Rendering.BilateralDrs.dll (+pdb)
Processing assembly Library/Bee/artifacts/1900b0aEDbg.dag/Hecton8.Rendering.BilateralDrs.dll, with 157 defines and 314 references

processors: Unity.Jobs.CodeGen.JobsILPostProcessor, zzzUnity.Burst.CodeGen.BurstILPostProcessor

running Unity.Jobs.CodeGen.JobsILPostProcessor

running zzzUnity.Burst.CodeGen.BurstILPostProcessor
[3533/3789  3s] ILPostProcess Library/Bee/artifacts/1900b0aEDbg.dag/post-processed/Hecton8.Thermodynamics.dll (+pdb)
Processing assembly Library/Bee/artifacts/1900b0aEDbg.dag/Hecton8.Thermodynamics.dll, with 157 defines and 312 references

processors: Unity.Jobs.CodeGen.JobsILPostProcessor, zzzUnity.Burst.CodeGen.BurstILPostProcessor

running Unity.Jobs.CodeGen.JobsILPostProcessor

running zzzUnity.Burst.CodeGen.BurstILPostProcessor
[3534/3789  4s] ILPostProcess Library/Bee/artifacts/1900b0aEDbg.dag/post-processed/Hecton8.Plugins.dll (+pdb)
Processing assembly Library/Bee/artifacts/1900b0aEDbg.dag/Hecton8.Plugins.dll, with 157 defines and 314 references

processors: Unity.Jobs.CodeGen.JobsILPostProcessor, zzzUnity.Burst.CodeGen.BurstILPostProcessor

running Unity.Jobs.CodeGen.JobsILPostProcessor

running zzzUnity.Burst.CodeGen.BurstILPostProcessor
[3535/3789  3s] ILPostProcess Library/Bee/artifacts/1900b0aEDbg.dag/post-processed/Hecton8.Lighting.dll (+pdb)
Processing assembly Library/Bee/artifacts/1900b0aEDbg.dag/Hecton8.Lighting.dll, with 157 defines and 314 references

processors: Unity.Jobs.CodeGen.JobsILPostProcessor, zzzUnity.Burst.CodeGen.BurstILPostProcessor

running Unity.Jobs.CodeGen.JobsILPostProcessor

running zzzUnity.Burst.CodeGen.BurstILPostProcessor
[3536/3789  4s] ILPostProcess Library/Bee/artifacts/1900b0aEDbg.dag/post-processed/Hecton8.Habitat.Deformation.dll (+pdb)
Processing assembly Library/Bee/artifacts/1900b0aEDbg.dag/Hecton8.Habitat.Deformation.dll, with 157 defines and 315 references

processors: Unity.Jobs.CodeGen.JobsILPostProcessor, zzzUnity.Burst.CodeGen.BurstILPostProcessor

running Unity.Jobs.CodeGen.JobsILPostProcessor

running zzzUnity.Burst.CodeGen.BurstILPostProcessor
[3537/3789  3s] ILPostProcess Library/Bee/artifacts/1900b0aEDbg.dag/post-processed/Hecton8.World.Outposts.dll (+pdb)
Processing assembly Library/Bee/artifacts/1900b0aEDbg.dag/Hecton8.World.Outposts.dll, with 157 defines and 313 references

processors: Unity.Jobs.CodeGen.JobsILPostProcessor, zzzUnity.Burst.CodeGen.BurstILPostProcessor

running Unity.Jobs.CodeGen.JobsILPostProcessor

running zzzUnity.Burst.CodeGen.BurstILPostProcessor
[3538/3789  2s] ILPostProcess Library/Bee/artifacts/1900b0aEDbg.dag/post-processed/Hecton8.SeedShipAnomaly.Runtime.dll (+pdb)
Processing assembly Library/Bee/artifacts/1900b0aEDbg.dag/Hecton8.SeedShipAnomaly.Runtime.dll, with 157 defines and 312 references

processors: Unity.Jobs.CodeGen.JobsILPostProcessor, zzzUnity.Burst.CodeGen.BurstILPostProcessor

running Unity.Jobs.CodeGen.JobsILPostProcessor

running zzzUnity.Burst.CodeGen.BurstILPostProcessor
[3539/3789  0s] ILPostProcess Library/Bee/artifacts/1900b0aEDbg.dag/post-processed/Hecton8.QA.Editor.dll (+pdb)
Processing assembly Library/Bee/artifacts/1900b0aEDbg.dag/Hecton8.QA.Editor.dll, with 155 defines and 320 references

processors: Unity.Jobs.CodeGen.JobsILPostProcessor, zzzUnity.Burst.CodeGen.BurstILPostProcessor

running Unity.Jobs.CodeGen.JobsILPostProcessor

running zzzUnity.Burst.CodeGen.BurstILPostProcessor
[3540/3789  0s] ILPostProcess Library/Bee/artifacts/1900b0aEDbg.dag/post-processed/Hecton8.AI.Ambient.dll (+pdb)
Processing assembly Library/Bee/artifacts/1900b0aEDbg.dag/Hecton8.AI.Ambient.dll, with 157 defines and 312 references

processors: Unity.Jobs.CodeGen.JobsILPostProcessor, zzzUnity.Burst.CodeGen.BurstILPostProcessor

running Unity.Jobs.CodeGen.JobsILPostProcessor

running zzzUnity.Burst.CodeGen.BurstILPostProcessor
[3541/3789  2s] ILPostProcess Library/Bee/artifacts/1900b0aEDbg.dag/post-processed/Hecton8.Animation.FaunaProcedural.dll (+pdb)
Processing assembly Library/Bee/artifacts/1900b0aEDbg.dag/Hecton8.Animation.FaunaProcedural.dll, with 157 defines and 312 references

processors: Unity.Jobs.CodeGen.JobsILPostProcessor, zzzUnity.Burst.CodeGen.BurstILPostProcessor

running Unity.Jobs.CodeGen.JobsILPostProcessor

running zzzUnity.Burst.CodeGen.BurstILPostProcessor
[3542/3789  0s] ILPostProcess Library/Bee/artifacts/1900b0aEDbg.dag/post-processed/Hecton8.World.VoxelSurfaceNets.Editor.dll (+pdb)
Processing assembly Library/Bee/artifacts/1900b0aEDbg.dag/Hecton8.World.VoxelSurfaceNets.Editor.dll, with 155 defines and 322 references

processors: Unity.Jobs.CodeGen.JobsILPostProcessor, zzzUnity.Burst.CodeGen.BurstILPostProcessor

running Unity.Jobs.CodeGen.JobsILPostProcessor

running zzzUnity.Burst.CodeGen.BurstILPostProcessor
[3543/3789  0s] ILPostProcess Library/Bee/artifacts/1900b0aEDbg.dag/post-processed/Hecton8.Audio.Synthesis.dll (+pdb)
Processing assembly Library/Bee/artifacts/1900b0aEDbg.dag/Hecton8.Audio.Synthesis.dll, with 157 defines and 312 references

processors: Unity.Jobs.CodeGen.JobsILPostProcessor, zzzUnity.Burst.CodeGen.BurstILPostProcessor

running Unity.Jobs.CodeGen.JobsILPostProcessor

running zzzUnity.Burst.CodeGen.BurstILPostProcessor
[3544/3789  0s] ILPostProcess Library/Bee/artifacts/1900b0aEDbg.dag/post-processed/Hecton8.VFX.JacobianFoam.Editor.dll (+pdb)
Processing assembly Library/Bee/artifacts/1900b0aEDbg.dag/Hecton8.VFX.JacobianFoam.Editor.dll, with 155 defines and 325 references

processors: Unity.Jobs.CodeGen.JobsILPostProcessor, zzzUnity.Burst.CodeGen.BurstILPostProcessor

running Unity.Jobs.CodeGen.JobsILPostProcessor

running zzzUnity.Burst.CodeGen.BurstILPostProcessor
[3545/3789  0s] ILPostProcess Library/Bee/artifacts/1900b0aEDbg.dag/post-processed/Hecton8.SeedShipAnomaly.Editor.dll (+pdb)
Processing assembly Library/Bee/artifacts/1900b0aEDbg.dag/Hecton8.SeedShipAnomaly.Editor.dll, with 155 defines and 322 references

processors: Unity.Jobs.CodeGen.JobsILPostProcessor, zzzUnity.Burst.CodeGen.BurstILPostProcessor

running Unity.Jobs.CodeGen.JobsILPostProcessor

running zzzUnity.Burst.CodeGen.BurstILPostProcessor
[3546/3789  1s] ILPostProcess Library/Bee/artifacts/1900b0aEDbg.dag/post-processed/Hecton8.Tools.ToolKinematics.Editor.dll (+pdb)
Processing assembly Library/Bee/artifacts/1900b0aEDbg.dag/Hecton8.Tools.ToolKinematics.Editor.dll, with 155 defines and 323 references

processors: Unity.Jobs.CodeGen.JobsILPostProcessor, zzzUnity.Burst.CodeGen.BurstILPostProcessor

running Unity.Jobs.CodeGen.JobsILPostProcessor

running zzzUnity.Burst.CodeGen.BurstILPostProcessor
[3547/3789  2s] ILPostProcess Library/Bee/artifacts/1900b0aEDbg.dag/post-processed/Hecton8.UI.TerminalOS.Editor.dll (+pdb)
Processing assembly Library/Bee/artifacts/1900b0aEDbg.dag/Hecton8.UI.TerminalOS.Editor.dll, with 155 defines and 319 references

processors: Unity.Jobs.CodeGen.JobsILPostProcessor, zzzUnity.Burst.CodeGen.BurstILPostProcessor

running Unity.Jobs.CodeGen.JobsILPostProcessor

running zzzUnity.Burst.CodeGen.BurstILPostProcessor
[3548/3789  2s] ILPostProcess Library/Bee/artifacts/1900b0aEDbg.dag/post-processed/Assembly-CSharp-firstpass.dll (+pdb)
Processing assembly Library/Bee/artifacts/1900b0aEDbg.dag/Assembly-CSharp-firstpass.dll, with 157 defines and 441 references

processors: Unity.Jobs.CodeGen.JobsILPostProcessor, zzzUnity.Burst.CodeGen.BurstILPostProcessor

running Unity.Jobs.CodeGen.JobsILPostProcessor

running zzzUnity.Burst.CodeGen.BurstILPostProcessor
[3549/3789  1s] ILPostProcess Library/Bee/artifacts/1900b0aEDbg.dag/post-processed/Hecton8.Graphics.Culling.Editor.dll (+pdb)
Processing assembly Library/Bee/artifacts/1900b0aEDbg.dag/Hecton8.Graphics.Culling.Editor.dll, with 155 defines and 319 references

processors: Unity.Jobs.CodeGen.JobsILPostProcessor, zzzUnity.Burst.CodeGen.BurstILPostProcessor

running Unity.Jobs.CodeGen.JobsILPostProcessor

running zzzUnity.Burst.CodeGen.BurstILPostProcessor
[3550/3789  1s] ILPostProcess Library/Bee/artifacts/1900b0aEDbg.dag/post-processed/Hecton8.AI.Cognition.Editor.dll (+pdb)
Processing assembly Library/Bee/artifacts/1900b0aEDbg.dag/Hecton8.AI.Cognition.Editor.dll, with 155 defines and 322 references

processors: Unity.Jobs.CodeGen.JobsILPostProcessor, zzzUnity.Burst.CodeGen.BurstILPostProcessor

running Unity.Jobs.CodeGen.JobsILPostProcessor

running zzzUnity.Burst.CodeGen.BurstILPostProcessor
[3551/3789  2s] ILPostProcess Library/Bee/artifacts/1900b0aEDbg.dag/post-processed/Hecton8.Crest.Bridge.Editor.dll (+pdb)
Processing assembly Library/Bee/artifacts/1900b0aEDbg.dag/Hecton8.Crest.Bridge.Editor.dll, with 156 defines and 344 references

processors: Unity.Jobs.CodeGen.JobsILPostProcessor, zzzUnity.Burst.CodeGen.BurstILPostProcessor

running Unity.Jobs.CodeGen.JobsILPostProcessor

running zzzUnity.Burst.CodeGen.BurstILPostProcessor
[3552/3789  0s] ILPostProcess Library/Bee/artifacts/1900b0aEDbg.dag/post-processed/Hecton8.Core.Content.Editor.dll (+pdb)
Processing assembly Library/Bee/artifacts/1900b0aEDbg.dag/Hecton8.Core.Content.Editor.dll, with 156 defines and 320 references

processors: Unity.Jobs.CodeGen.JobsILPostProcessor, zzzUnity.Burst.CodeGen.BurstILPostProcessor

running Unity.Jobs.CodeGen.JobsILPostProcessor

running zzzUnity.Burst.CodeGen.BurstILPostProcessor
[3553/3789  1s] ILPostProcess Library/Bee/artifacts/1900b0aEDbg.dag/post-processed/Hecton8.World.HydraulicErosionForge.Editor.dll (+pdb)
Processing assembly Library/Bee/artifacts/1900b0aEDbg.dag/Hecton8.World.HydraulicErosionForge.Editor.dll, with 155 defines and 320 references

processors: Unity.Jobs.CodeGen.JobsILPostProcessor, zzzUnity.Burst.CodeGen.BurstILPostProcessor

running Unity.Jobs.CodeGen.JobsILPostProcessor

running zzzUnity.Burst.CodeGen.BurstILPostProcessor
[3554/3789  0s] ILPostProcess Library/Bee/artifacts/1900b0aEDbg.dag/post-processed/Hecton8.Physics.Vehicles.Editor.dll (+pdb)
Processing assembly Library/Bee/artifacts/1900b0aEDbg.dag/Hecton8.Physics.Vehicles.Editor.dll, with 155 defines and 284 references

processors: Unity.Jobs.CodeGen.JobsILPostProcessor, zzzUnity.Burst.CodeGen.BurstILPostProcessor

running Unity.Jobs.CodeGen.JobsILPostProcessor

running zzzUnity.Burst.CodeGen.BurstILPostProcessor
[3555/3789  0s] ILPostProcess Library/Bee/artifacts/1900b0aEDbg.dag/post-processed/Hecton8.Core.Bridge.Editor.dll (+pdb)
Processing assembly Library/Bee/artifacts/1900b0aEDbg.dag/Hecton8.Core.Bridge.Editor.dll, with 156 defines and 323 references

processors: Unity.Jobs.CodeGen.JobsILPostProcessor, zzzUnity.Burst.CodeGen.BurstILPostProcessor

running Unity.Jobs.CodeGen.JobsILPostProcessor

running zzzUnity.Burst.CodeGen.BurstILPostProcessor
[3556/3789  2s] ILPostProcess Library/Bee/artifacts/1900b0aEDbg.dag/post-processed/Assembly-CSharp-Editor.dll (+pdb)
Processing assembly Library/Bee/artifacts/1900b0aEDbg.dag/Assembly-CSharp-Editor.dll, with 155 defines and 470 references

processors: Unity.Jobs.CodeGen.JobsILPostProcessor, zzzUnity.Burst.CodeGen.BurstILPostProcessor

running Unity.Jobs.CodeGen.JobsILPostProcessor

running zzzUnity.Burst.CodeGen.BurstILPostProcessor
[3557/3789  2s] ILPostProcess Library/Bee/artifacts/1900b0aEDbg.dag/post-processed/Hecton8.World.ShinobuBiomimetic.Editor.dll (+pdb)
Processing assembly Library/Bee/artifacts/1900b0aEDbg.dag/Hecton8.World.ShinobuBiomimetic.Editor.dll, with 155 defines and 322 references

processors: Unity.Jobs.CodeGen.JobsILPostProcessor, zzzUnity.Burst.CodeGen.BurstILPostProcessor

running Unity.Jobs.CodeGen.JobsILPostProcessor

running zzzUnity.Burst.CodeGen.BurstILPostProcessor
[3558/3789  2s] ILPostProcess Library/Bee/artifacts/1900b0aEDbg.dag/post-processed/Hecton8.UI.Editor.dll (+pdb)
Processing assembly Library/Bee/artifacts/1900b0aEDbg.dag/Hecton8.UI.Editor.dll, with 155 defines and 319 references

processors: Unity.Jobs.CodeGen.JobsILPostProcessor, zzzUnity.Burst.CodeGen.BurstILPostProcessor

running Unity.Jobs.CodeGen.JobsILPostProcessor

running zzzUnity.Burst.CodeGen.BurstILPostProcessor
[3559/3789  2s] ILPostProcess Library/Bee/artifacts/1900b0aEDbg.dag/post-processed/Hecton8.Atmosphere.StormPropagation.Editor.dll (+pdb)
Processing assembly Library/Bee/artifacts/1900b0aEDbg.dag/Hecton8.Atmosphere.StormPropagation.Editor.dll, with 155 defines and 322 references

processors: Unity.Jobs.CodeGen.JobsILPostProcessor, zzzUnity.Burst.CodeGen.BurstILPostProcessor

running Unity.Jobs.CodeGen.JobsILPostProcessor

running zzzUnity.Burst.CodeGen.BurstILPostProcessor
[3560/3789  4s] ILPostProcess Library/Bee/artifacts/1900b0aEDbg.dag/post-processed/Hecton8.DataMonolith.Editor.dll (+pdb)
Processing assembly Library/Bee/artifacts/1900b0aEDbg.dag/Hecton8.DataMonolith.Editor.dll, with 155 defines and 320 references

processors: Unity.Jobs.CodeGen.JobsILPostProcessor, zzzUnity.Burst.CodeGen.BurstILPostProcessor

running Unity.Jobs.CodeGen.JobsILPostProcessor

running zzzUnity.Burst.CodeGen.BurstILPostProcessor
[3561/3789  2s] ILPostProcess Library/Bee/artifacts/1900b0aEDbg.dag/post-processed/Hecton8.Rendering.WaterOptics.Editor.dll (+pdb)
Processing assembly Library/Bee/artifacts/1900b0aEDbg.dag/Hecton8.Rendering.WaterOptics.Editor.dll, with 155 defines and 323 references

processors: Unity.Jobs.CodeGen.JobsILPostProcessor, zzzUnity.Burst.CodeGen.BurstILPostProcessor

running Unity.Jobs.CodeGen.JobsILPostProcessor

running zzzUnity.Burst.CodeGen.BurstILPostProcessor
[3562/3789  5s] ILPostProcess Library/Bee/artifacts/1900b0aEDbg.dag/post-processed/Hecton8.Physics.KCC.Editor.dll (+pdb)
Processing assembly Library/Bee/artifacts/1900b0aEDbg.dag/Hecton8.Physics.KCC.Editor.dll, with 155 defines and 286 references

processors: Unity.Jobs.CodeGen.JobsILPostProcessor, zzzUnity.Burst.CodeGen.BurstILPostProcessor

running Unity.Jobs.CodeGen.JobsILPostProcessor

running zzzUnity.Burst.CodeGen.BurstILPostProcessor
[3563/3789  3s] ILPostProcess Library/Bee/artifacts/1900b0aEDbg.dag/post-processed/Hecton8.Power.BatteryChargerLogistics.Editor.dll (+pdb)
Processing assembly Library/Bee/artifacts/1900b0aEDbg.dag/Hecton8.Power.BatteryChargerLogistics.Editor.dll, with 155 defines and 320 references

processors: Unity.Jobs.CodeGen.JobsILPostProcessor, zzzUnity.Burst.CodeGen.BurstILPostProcessor

running Unity.Jobs.CodeGen.JobsILPostProcessor

running zzzUnity.Burst.CodeGen.BurstILPostProcessor
[3564/3789  1s] ILPostProcess Library/Bee/artifacts/1900b0aEDbg.dag/post-processed/Hecton8.VFX.Bioluminescence.Editor.dll (+pdb)
Processing assembly Library/Bee/artifacts/1900b0aEDbg.dag/Hecton8.VFX.Bioluminescence.Editor.dll, with 155 defines and 319 references

processors: Unity.Jobs.CodeGen.JobsILPostProcessor, zzzUnity.Burst.CodeGen.BurstILPostProcessor

running Unity.Jobs.CodeGen.JobsILPostProcessor

running zzzUnity.Burst.CodeGen.BurstILPostProcessor
[3565/3789  6s] ILPostProcess Library/Bee/artifacts/1900b0aEDbg.dag/post-processed/Hecton8.World.Economy.Editor.dll (+pdb)
Processing assembly Library/Bee/artifacts/1900b0aEDbg.dag/Hecton8.World.Economy.Editor.dll, with 155 defines and 323 references

processors: Unity.Jobs.CodeGen.JobsILPostProcessor, zzzUnity.Burst.CodeGen.BurstILPostProcessor

running Unity.Jobs.CodeGen.JobsILPostProcessor

running zzzUnity.Burst.CodeGen.BurstILPostProcessor
[3566/3789  0s] ILPostProcess Library/Bee/artifacts/1900b0aEDbg.dag/post-processed/Hecton8.Cartography.Editor.dll (+pdb)
Processing assembly Library/Bee/artifacts/1900b0aEDbg.dag/Hecton8.Cartography.Editor.dll, with 155 defines and 319 references

processors: Unity.Jobs.CodeGen.JobsILPostProcessor, zzzUnity.Burst.CodeGen.BurstILPostProcessor

running Unity.Jobs.CodeGen.JobsILPostProcessor

running zzzUnity.Burst.CodeGen.BurstILPostProcessor
[3567/3789  3s] ILPostProcess Library/Bee/artifacts/1900b0aEDbg.dag/post-processed/Hecton8.AI.Pathfinding.Editor.dll (+pdb)
Processing assembly Library/Bee/artifacts/1900b0aEDbg.dag/Hecton8.AI.Pathfinding.Editor.dll, with 155 defines and 322 references

processors: Unity.Jobs.CodeGen.JobsILPostProcessor, zzzUnity.Burst.CodeGen.BurstILPostProcessor

running Unity.Jobs.CodeGen.JobsILPostProcessor

running zzzUnity.Burst.CodeGen.BurstILPostProcessor
[3568/3789  3s] ILPostProcess Library/Bee/artifacts/1900b0aEDbg.dag/post-processed/Hecton8.Audio.Synthesis.Editor.dll (+pdb)
Processing assembly Library/Bee/artifacts/1900b0aEDbg.dag/Hecton8.Audio.Synthesis.Editor.dll, with 155 defines and 322 references

processors: Unity.Jobs.CodeGen.JobsILPostProcessor, zzzUnity.Burst.CodeGen.BurstILPostProcessor

running Unity.Jobs.CodeGen.JobsILPostProcessor

running zzzUnity.Burst.CodeGen.BurstILPostProcessor
[3569/3789  1s] ILPostProcess Library/Bee/artifacts/1900b0aEDbg.dag/post-processed/Hecton8.Project.Editor.dll (+pdb)
Processing assembly Library/Bee/artifacts/1900b0aEDbg.dag/Hecton8.Project.Editor.dll, with 156 defines and 339 references

processors: Unity.Jobs.CodeGen.JobsILPostProcessor, zzzUnity.Burst.CodeGen.BurstILPostProcessor

running Unity.Jobs.CodeGen.JobsILPostProcessor

running zzzUnity.Burst.CodeGen.BurstILPostProcessor
[3570/3789  0s] ILPostProcess Library/Bee/artifacts/1900b0aEDbg.dag/post-processed/Hecton8.VFX.PlasmaBeam.Editor.dll (+pdb)
Processing assembly Library/Bee/artifacts/1900b0aEDbg.dag/Hecton8.VFX.PlasmaBeam.Editor.dll, with 155 defines and 319 references

processors: Unity.Jobs.CodeGen.JobsILPostProcessor, zzzUnity.Burst.CodeGen.BurstILPostProcessor

running Unity.Jobs.CodeGen.JobsILPostProcessor

running zzzUnity.Burst.CodeGen.BurstILPostProcessor
[3571/3789  2s] ILPostProcess Library/Bee/artifacts/1900b0aEDbg.dag/post-processed/Hecton8.Animation.FaunaProcedural.Editor.dll (+pdb)
Processing assembly Library/Bee/artifacts/1900b0aEDbg.dag/Hecton8.Animation.FaunaProcedural.Editor.dll, with 155 defines and 322 references

processors: Unity.Jobs.CodeGen.JobsILPostProcessor, zzzUnity.Burst.CodeGen.BurstILPostProcessor

running Unity.Jobs.CodeGen.JobsILPostProcessor

running zzzUnity.Burst.CodeGen.BurstILPostProcessor
[3572/3789  1s] ILPostProcess Library/Bee/artifacts/1900b0aEDbg.dag/post-processed/Hecton8.SaveSystem.Editor.dll (+pdb)
Processing assembly Library/Bee/artifacts/1900b0aEDbg.dag/Hecton8.SaveSystem.Editor.dll, with 155 defines and 318 references

processors: Unity.Jobs.CodeGen.JobsILPostProcessor, zzzUnity.Burst.CodeGen.BurstILPostProcessor

running Unity.Jobs.CodeGen.JobsILPostProcessor

running zzzUnity.Burst.CodeGen.BurstILPostProcessor
[3573/3789  1s] ILPostProcess Library/Bee/artifacts/1900b0aEDbg.dag/post-processed/Hecton8.Lighting.Editor.dll (+pdb)
Processing assembly Library/Bee/artifacts/1900b0aEDbg.dag/Hecton8.Lighting.Editor.dll, with 155 defines and 322 references

processors: Unity.Jobs.CodeGen.JobsILPostProcessor, zzzUnity.Burst.CodeGen.BurstILPostProcessor

running Unity.Jobs.CodeGen.JobsILPostProcessor

running zzzUnity.Burst.CodeGen.BurstILPostProcessor
[3574/3789  1s] ILPostProcess Library/Bee/artifacts/1900b0aEDbg.dag/post-processed/Hecton8.Habitat.Deformation.Editor.dll (+pdb)
Processing assembly Library/Bee/artifacts/1900b0aEDbg.dag/Hecton8.Habitat.Deformation.Editor.dll, with 155 defines and 319 references

processors: Unity.Jobs.CodeGen.JobsILPostProcessor, zzzUnity.Burst.CodeGen.BurstILPostProcessor

running Unity.Jobs.CodeGen.JobsILPostProcessor

running zzzUnity.Burst.CodeGen.BurstILPostProcessor
[3575/3789  4s] ILPostProcess Library/Bee/artifacts/1900b0aEDbg.dag/post-processed/Assembly-CSharp-Editor-firstpass.dll (+pdb)
Processing assembly Library/Bee/artifacts/1900b0aEDbg.dag/Assembly-CSharp-Editor-firstpass.dll, with 155 defines and 468 references

processors: Unity.Jobs.CodeGen.JobsILPostProcessor, zzzUnity.Burst.CodeGen.BurstILPostProcessor

running Unity.Jobs.CodeGen.JobsILPostProcessor

running zzzUnity.Burst.CodeGen.BurstILPostProcessor
[3576/3789  3s] ILPostProcess Library/Bee/artifacts/1900b0aEDbg.dag/post-processed/Hecton8.Physiology.Editor.dll (+pdb)
Processing assembly Library/Bee/artifacts/1900b0aEDbg.dag/Hecton8.Physiology.Editor.dll, with 155 defines and 322 references

processors: Unity.Jobs.CodeGen.JobsILPostProcessor, zzzUnity.Burst.CodeGen.BurstILPostProcessor

running Unity.Jobs.CodeGen.JobsILPostProcessor

running zzzUnity.Burst.CodeGen.BurstILPostProcessor
[3577/3789  4s] ILPostProcess Library/Bee/artifacts/1900b0aEDbg.dag/post-processed/Hecton8.EditModeTests.dll (+pdb)
Processing assembly Library/Bee/artifacts/1900b0aEDbg.dag/Hecton8.EditModeTests.dll, with 155 defines and 331 references

processors: Unity.Jobs.CodeGen.JobsILPostProcessor, zzzUnity.Burst.CodeGen.BurstILPostProcessor

running Unity.Jobs.CodeGen.JobsILPostProcessor

running zzzUnity.Burst.CodeGen.BurstILPostProcessor
[3578/3789  2s] ILPostProcess Library/Bee/artifacts/1900b0aEDbg.dag/post-processed/Hecton8.World.ProceduralWreckage.Editor.dll (+pdb)
Processing assembly Library/Bee/artifacts/1900b0aEDbg.dag/Hecton8.World.ProceduralWreckage.Editor.dll, with 155 defines and 322 references

processors: Unity.Jobs.CodeGen.JobsILPostProcessor, zzzUnity.Burst.CodeGen.BurstILPostProcessor

running Unity.Jobs.CodeGen.JobsILPostProcessor

running zzzUnity.Burst.CodeGen.BurstILPostProcessor
[3579/3789  2s] ILPostProcess Library/Bee/artifacts/1900b0aEDbg.dag/post-processed/Hecton8.Optimization.Editor.dll (+pdb)
Processing assembly Library/Bee/artifacts/1900b0aEDbg.dag/Hecton8.Optimization.Editor.dll, with 155 defines and 317 references

processors: Unity.Jobs.CodeGen.JobsILPostProcessor, zzzUnity.Burst.CodeGen.BurstILPostProcessor

running Unity.Jobs.CodeGen.JobsILPostProcessor

running zzzUnity.Burst.CodeGen.BurstILPostProcessor
[3580/3789  0s] ILPostProcess Library/Bee/artifacts/1900b0aEDbg.dag/post-processed/Hecton8.QA.Headless.Editor.dll (+pdb)
Processing assembly Library/Bee/artifacts/1900b0aEDbg.dag/Hecton8.QA.Headless.Editor.dll, with 155 defines and 319 references

processors: Unity.Jobs.CodeGen.JobsILPostProcessor, zzzUnity.Burst.CodeGen.BurstILPostProcessor

running Unity.Jobs.CodeGen.JobsILPostProcessor

running zzzUnity.Burst.CodeGen.BurstILPostProcessor
[3581/3789  3s] ILPostProcess Library/Bee/artifacts/1900b0aEDbg.dag/post-processed/Hecton8.InventoryRouting.Editor.dll (+pdb)
Processing assembly Library/Bee/artifacts/1900b0aEDbg.dag/Hecton8.InventoryRouting.Editor.dll, with 155 defines and 323 references

processors: Unity.Jobs.CodeGen.JobsILPostProcessor, zzzUnity.Burst.CodeGen.BurstILPostProcessor

running Unity.Jobs.CodeGen.JobsILPostProcessor

running zzzUnity.Burst.CodeGen.BurstILPostProcessor
[3582/3789  0s] CopyFiles Library/ScriptAssemblies/Hecton8.SeedShipAnomaly.Runtime.dll
[3583/3789  0s] CopyFiles Library/ScriptAssemblies/Hecton8.Crest.Bridge.dll
[3584/3789  0s] CopyFiles Library/ScriptAssemblies/Hecton8.Tools.ToolKinematics.dll
[3585/3789  0s] CopyFiles Library/ScriptAssemblies/Hecton8.Animation.FaunaProcedural.dll
[3586/3789  0s] CopyFiles Library/ScriptAssemblies/Hecton8.Core.Hardware.dll
[3587/3789  0s] CopyFiles Library/ScriptAssemblies/Hecton8.VFX.Debris.dll
[3588/3789  0s] CopyFiles Library/ScriptAssemblies/Hecton8.Physics.Buoyancy.Runtime.dll
[3589/3789  0s] CopyFiles Library/ScriptAssemblies/Hecton8.Graphics.Culling.dll
[3590/3789  0s] CopyFiles Library/ScriptAssemblies/Hecton8.Dev.SpaceEngine098.dll
[3591/3789  0s] CopyFiles Library/ScriptAssemblies/Hecton8.Rendering.BilateralDrs.dll
[3592/3789  0s] CopyFiles Library/ScriptAssemblies/Hecton8.World.Outposts.dll
[3593/3789  0s] CopyFiles Library/ScriptAssemblies/Hecton8.Graphics.Scalability.dll
[3594/3789  0s] CopyFiles Library/ScriptAssemblies/Hecton8.Graphics.Caustics.dll
[3595/3789  0s] CopyFiles Library/ScriptAssemblies/Hecton8.Narrative.Campaign.dll
[3596/3789  0s] CopyFiles Library/ScriptAssemblies/Hecton8.World.Economy.dll
[3597/3789  0s] CopyFiles Library/ScriptAssemblies/Hecton8.Lighting.dll
[3598/3789  0s] CopyFiles Library/ScriptAssemblies/Hecton8.VFX.Materials.dll
[3599/3789  0s] CopyFiles Library/ScriptAssemblies/Hecton8.AI.Ambient.dll
[3600/3789  0s] CopyFiles Library/ScriptAssemblies/Hecton8.Inventory.Routing.Runtime.dll
[3601/3789  0s] CopyFiles Library/ScriptAssemblies/Hecton8.Habitat.Deformation.dll
[3602/3789  0s] CopyFiles Library/ScriptAssemblies/Hecton8.Rendering.OceanSinglePass.dll
[3603/3789  0s] CopyFiles Library/ScriptAssemblies/Hecton8.Gameplay.Loot.dll
[3604/3789  0s] CopyFiles Library/ScriptAssemblies/Hecton8.Audio.Synthesis.dll
[3605/3789  0s] CopyFiles Library/ScriptAssemblies/Hecton8.AI.Pathfinding.dll
[3606/3789  0s] CopyFiles Library/ScriptAssemblies/Hecton8.VFX.PlasmaBeam.Runtime.dll
[3607/3789  0s] CopyFiles Library/ScriptAssemblies/Hecton8.World.FloraAmbientSway.dll
[3608/3789  0s] CopyFiles Library/ScriptAssemblies/Hecton8.Power.BatteryChargerLogistics.Runtime.dll
[3609/3789  0s] CopyFiles Library/ScriptAssemblies/Hecton8.Gameplay.Mining.dll
[3610/3789  0s] CopyFiles Library/ScriptAssemblies/Hecton8.Atmosphere.StormPropagation.Runtime.dll
[3611/3789  0s] ILPostProcess Library/Bee/artifacts/1900b0aEDbg.dag/post-processed/Hecton8.Graphics.Materials.Editor.dll (+pdb)
Processing assembly Library/Bee/artifacts/1900b0aEDbg.dag/Hecton8.Graphics.Materials.Editor.dll, with 155 defines and 319 references

processors: Unity.Jobs.CodeGen.JobsILPostProcessor, zzzUnity.Burst.CodeGen.BurstILPostProcessor

running Unity.Jobs.CodeGen.JobsILPostProcessor

running zzzUnity.Burst.CodeGen.BurstILPostProcessor
[3612/3789  0s] CopyFiles Library/ScriptAssemblies/Hecton8.UI.Navigation.dll
[3613/3789  0s] CopyFiles Library/ScriptAssemblies/Hecton8.World.Streaming.dll
[3614/3789  0s] CopyFiles Library/ScriptAssemblies/Hecton8.VFX.Bioluminescence.Runtime.dll
[3615/3789  0s] CopyFiles Library/ScriptAssemblies/Hecton8.Narrative.Prologue.dll
[3616/3789  0s] CopyFiles Library/ScriptAssemblies/Hecton8.UI.Tools.dll
[3618/3789  0s] CopyFiles Library/ScriptAssemblies/Hecton8.Graphics.Materials.dll
[3619/3789  0s] CopyFiles Library/ScriptAssemblies/Hecton8.QA.Headless.dll
[3620/3789  0s] CopyFiles Library/ScriptAssemblies/Hecton8.QA.dll
[3621/3789  0s] CopyFiles Library/ScriptAssemblies/Hecton8.VFX.JacobianFoam.Runtime.dll
[3622/3789  0s] CopyFiles Library/ScriptAssemblies/Hecton8.World.ShinobuBiomimetic.dll
[3623/3789  0s] CopyFiles Library/ScriptAssemblies/Hecton8.Plugins.dll
[3624/3789  0s] CopyFiles Library/ScriptAssemblies/Hecton8.Prologue.Space.dll
[3625/3789  0s] CopyFiles Library/ScriptAssemblies/Hecton8.Thermodynamics.dll
[3626/3789  0s] CopyFiles Library/ScriptAssemblies/Hecton8.Vehicles.VFX.dll
[3627/3789  0s] CopyFiles Library/ScriptAssemblies/Hecton8.Audio.Prologue.dll
[3628/3789  0s] CopyFiles Library/ScriptAssemblies/Hecton8.UI.VR.dll
[3629/3789  0s] CopyFiles Library/ScriptAssemblies/Hecton8.Prologue.VFX.dll
[3630/3789  0s] CopyFiles Library/ScriptAssemblies/Hecton8.Power.Generators.dll
[3631/3789  0s] CopyFiles Library/ScriptAssemblies/Hecton8.Gameplay.Loot.Contracts.dll
[3632/3789  0s] CopyFiles Library/ScriptAssemblies/Hecton8.PlayModeTests.dll
[3633/3789  0s] CopyFiles Library/ScriptAssemblies/Hecton8.UI.Diegetic.dll
[3635/3789  0s] CopyFiles Library/ScriptAssemblies/Hecton8.Rendering.WaterOptics.dll
[3636/3789  0s] CopyFiles Library/ScriptAssemblies/Hecton8.Physiology.dll
[3637/3789  0s] CopyFiles Library/ScriptAssemblies/Hecton8.InventoryRouting.Editor.pdb
[3638/3789  0s] CopyFiles Library/ScriptAssemblies/Hecton8.InventoryRouting.Editor.dll
[3639/3789  0s] CopyFiles Library/ScriptAssemblies/Hecton8.QA.Headless.Editor.pdb
[3640/3789  0s] CopyFiles Library/ScriptAssemblies/Hecton8.QA.Headless.Editor.dll
[3641/3789  0s] CopyFiles Library/ScriptAssemblies/Hecton8.Optimization.Editor.dll
[3642/3789  0s] CopyFiles Library/ScriptAssemblies/Hecton8.Optimization.Editor.pdb
[3643/3789  0s] CopyFiles Library/ScriptAssemblies/Hecton8.World.ProceduralWreckage.Editor.pdb
[3644/3789  0s] CopyFiles Library/ScriptAssemblies/Hecton8.World.ProceduralWreckage.Editor.dll
[3645/3789  0s] CopyFiles Library/ScriptAssemblies/Hecton8.Physiology.Editor.dll
[3646/3789  0s] CopyFiles Library/ScriptAssemblies/Hecton8.Physiology.Editor.pdb
[3647/3789  0s] CopyFiles Library/ScriptAssemblies/Hecton8.EditModeTests.pdb
[3648/3789  0s] CopyFiles Library/ScriptAssemblies/Hecton8.EditModeTests.dll
[3655/3789  0s] CopyFiles Library/ScriptAssemblies/Hecton8.Lighting.Editor.dll
[3656/3789  0s] CopyFiles Library/ScriptAssemblies/Hecton8.Lighting.Editor.pdb
[3657/3789  0s] CopyFiles Library/ScriptAssemblies/Hecton8.SaveSystem.Editor.dll
[3658/3789  0s] CopyFiles Library/ScriptAssemblies/Hecton8.SaveSystem.Editor.pdb
[3659/3789  0s] CopyFiles Library/ScriptAssemblies/Hecton8.Animation.FaunaProcedural.Editor.pdb
[3660/3789  0s] CopyFiles Library/ScriptAssemblies/Hecton8.Animation.FaunaProcedural.Editor.dll
[3663/3789  0s] CopyFiles Library/ScriptAssemblies/Hecton8.Project.Editor.pdb
[3664/3789  0s] CopyFiles Library/ScriptAssemblies/Hecton8.Project.Editor.dll
[3665/3789  0s] CopyFiles Library/ScriptAssemblies/Hecton8.Audio.Synthesis.Editor.pdb
[3666/3789  0s] CopyFiles Library/ScriptAssemblies/Hecton8.Audio.Synthesis.Editor.dll
[3667/3789  0s] CopyFiles Library/ScriptAssemblies/Hecton8.AI.Pathfinding.Editor.pdb
[3668/3789  0s] CopyFiles Library/ScriptAssemblies/Hecton8.AI.Pathfinding.Editor.dll
[3669/3789  0s] CopyFiles Library/ScriptAssemblies/Hecton8.Cartography.Editor.pdb
[3670/3789  0s] CopyFiles Library/ScriptAssemblies/Hecton8.Cartography.Editor.dll
[3671/3789  0s] ILPostProcess Library/Bee/artifacts/1900b0aEDbg.dag/post-processed/Hecton8.World.FloraAmbientSway.Editor.dll (+pdb)
Processing assembly Library/Bee/artifacts/1900b0aEDbg.dag/Hecton8.World.FloraAmbientSway.Editor.dll, with 155 defines and 321 references

processors: Unity.Jobs.CodeGen.JobsILPostProcessor, zzzUnity.Burst.CodeGen.BurstILPostProcessor

running Unity.Jobs.CodeGen.JobsILPostProcessor

running zzzUnity.Burst.CodeGen.BurstILPostProcessor
[3672/3789  0s] CopyFiles Library/ScriptAssemblies/Hecton8.World.Economy.Editor.dll
[3673/3789  0s] CopyFiles Library/ScriptAssemblies/Hecton8.World.Economy.Editor.pdb
[3676/3789  0s] CopyFiles Library/ScriptAssemblies/Hecton8.Power.BatteryChargerLogistics.Editor.pdb
[3677/3789  0s] CopyFiles Library/ScriptAssemblies/Hecton8.Power.BatteryChargerLogistics.Editor.dll
[3678/3789  0s] CopyFiles Library/ScriptAssemblies/Hecton8.Physics.KCC.Editor.pdb
[3679/3789  0s] CopyFiles Library/ScriptAssemblies/Hecton8.Physics.KCC.Editor.dll
[3680/3789  0s] CopyFiles Library/ScriptAssemblies/Hecton8.Rendering.WaterOptics.Editor.dll
[3681/3789  0s] CopyFiles Library/ScriptAssemblies/Hecton8.Rendering.WaterOptics.Editor.pdb
[3682/3789  0s] CopyFiles Library/ScriptAssemblies/Hecton8.DataMonolith.Editor.dll
[3683/3789  0s] CopyFiles Library/ScriptAssemblies/Hecton8.UI.Editor.pdb
[3684/3789  0s] CopyFiles Library/ScriptAssemblies/Hecton8.UI.Editor.dll
[3685/3789  0s] CopyFiles Library/ScriptAssemblies/Hecton8.Atmosphere.StormPropagation.Editor.dll
[3686/3789  0s] CopyFiles Library/ScriptAssemblies/Hecton8.Atmosphere.StormPropagation.Editor.pdb
[3687/3789  0s] CopyFiles Library/ScriptAssemblies/Hecton8.World.ShinobuBiomimetic.Editor.dll
[3688/3789  0s] CopyFiles Library/ScriptAssemblies/Hecton8.World.ShinobuBiomimetic.Editor.pdb
[3691/3789  0s] CopyFiles Library/ScriptAssemblies/Hecton8.Core.Bridge.Editor.pdb
[3692/3789  0s] CopyFiles Library/ScriptAssemblies/Hecton8.Core.Bridge.Editor.dll
[3693/3789  0s] CopyFiles Library/ScriptAssemblies/Hecton8.Physics.Vehicles.Editor.dll
[3694/3789  0s] CopyFiles Library/ScriptAssemblies/Hecton8.Physics.Vehicles.Editor.pdb
[3695/3789  0s] CopyFiles Library/ScriptAssemblies/Hecton8.World.HydraulicErosionForge.Editor.dll
[3696/3789  0s] CopyFiles Library/ScriptAssemblies/Hecton8.World.HydraulicErosionForge.Editor.pdb
[3697/3789  0s] CopyFiles Library/ScriptAssemblies/Hecton8.Core.Content.Editor.dll
[3698/3789  0s] CopyFiles Library/ScriptAssemblies/Hecton8.DataMonolith.Editor.pdb
[3699/3789  0s] CopyFiles Library/ScriptAssemblies/Hecton8.Crest.Bridge.Editor.dll
[3700/3789  0s] CopyFiles Library/ScriptAssemblies/Hecton8.Crest.Bridge.Editor.pdb
[3701/3789  0s] CopyFiles Library/ScriptAssemblies/Hecton8.UI.TerminalOS.Editor.dll
[3702/3789  0s] CopyFiles Library/ScriptAssemblies/Hecton8.UI.TerminalOS.Editor.pdb
[3705/3789  0s] CopyFiles Library/ScriptAssemblies/Hecton8.AI.Cognition.Editor.dll
[3706/3789  0s] CopyFiles Library/ScriptAssemblies/Hecton8.AI.Cognition.Editor.pdb
[3707/3789  0s] CopyFiles Library/ScriptAssemblies/Hecton8.Tools.ToolKinematics.Editor.pdb
[3708/3789  0s] CopyFiles Library/ScriptAssemblies/Hecton8.Tools.ToolKinematics.Editor.dll
[3710/3789  0s] CopyFiles Library/ScriptAssemblies/Hecton8.SeedShipAnomaly.Editor.pdb
[3711/3789  0s] CopyFiles Library/ScriptAssemblies/Hecton8.SeedShipAnomaly.Editor.dll
[3712/3789  0s] CopyFiles Library/ScriptAssemblies/Hecton8.VFX.JacobianFoam.Editor.pdb
[3713/3789  0s] CopyFiles Library/ScriptAssemblies/Hecton8.VFX.JacobianFoam.Editor.dll
[3714/3789  0s] CopyFiles Library/ScriptAssemblies/Hecton8.Audio.Synthesis.pdb
[3715/3789  0s] CopyFiles Library/ScriptAssemblies/Hecton8.World.VoxelSurfaceNets.Editor.pdb
[3716/3789  0s] CopyFiles Library/ScriptAssemblies/Hecton8.World.VoxelSurfaceNets.Editor.dll
[3717/3789  0s] CopyFiles Library/ScriptAssemblies/Hecton8.QA.Editor.dll
[3718/3789  0s] CopyFiles Library/ScriptAssemblies/Hecton8.QA.Editor.pdb
[3719/3789  0s] CopyFiles Library/ScriptAssemblies/Hecton8.Animation.FaunaProcedural.pdb
[3720/3789  0s] CopyFiles Library/ScriptAssemblies/Hecton8.AI.Ambient.pdb
[3721/3789  0s] CopyFiles Library/ScriptAssemblies/Hecton8.SeedShipAnomaly.Runtime.pdb
[3722/3789  0s] CopyFiles Library/ScriptAssemblies/Hecton8.World.Outposts.pdb
[3723/3789  0s] CopyFiles Library/ScriptAssemblies/Hecton8.Habitat.Deformation.pdb
[3724/3789  0s] CopyFiles Library/ScriptAssemblies/Hecton8.Core.Content.Editor.pdb
[3725/3789  0s] CopyFiles Library/ScriptAssemblies/Hecton8.Lighting.pdb
[3726/3789  0s] CopyFiles Library/ScriptAssemblies/Hecton8.Plugins.pdb
[3727/3789  0s] CopyFiles Library/ScriptAssemblies/Hecton8.Thermodynamics.pdb
[3728/3789  0s] CopyFiles Library/ScriptAssemblies/Hecton8.Rendering.BilateralDrs.pdb
[3729/3789  0s] CopyFiles Library/ScriptAssemblies/Hecton8.World.FloraAmbientSway.Editor.dll
[3730/3789  0s] CopyFiles Library/ScriptAssemblies/Hecton8.World.FloraAmbientSway.Editor.pdb
[3731/3789  0s] CopyFiles Library/ScriptAssemblies/Hecton8.Graphics.Scalability.pdb
[3732/3789  0s] CopyFiles Library/ScriptAssemblies/Hecton8.Atmosphere.StormPropagation.Runtime.pdb
[3733/3789  0s] CopyFiles Library/ScriptAssemblies/Hecton8.Graphics.Caustics.pdb
[3734/3789  0s] CopyFiles Library/ScriptAssemblies/Hecton8.UI.Navigation.pdb
[3735/3789  0s] CopyFiles Library/ScriptAssemblies/Hecton8.Gameplay.Loot.pdb
[3736/3789  0s] CopyFiles Library/ScriptAssemblies/Hecton8.UI.Diegetic.pdb
[3737/3789  0s] CopyFiles Library/ScriptAssemblies/Hecton8.Prologue.Space.pdb
[3738/3789  0s] CopyFiles Library/ScriptAssemblies/Hecton8.UI.VR.pdb
[3739/3789  0s] CopyFiles Library/ScriptAssemblies/Hecton8.Gameplay.Mining.pdb
[3740/3789  0s] CopyFiles Library/ScriptAssemblies/Hecton8.QA.Headless.pdb
[3741/3789  0s] CopyFiles Library/ScriptAssemblies/Hecton8.Inventory.Routing.Runtime.pdb
[3742/3789  0s] CopyFiles Library/ScriptAssemblies/Hecton8.Core.Hardware.pdb
[3743/3789  0s] CopyFiles Library/ScriptAssemblies/Hecton8.Rendering.OceanSinglePass.pdb
[3744/3789  0s] CopyFiles Library/ScriptAssemblies/Hecton8.AI.Pathfinding.pdb
[3745/3789  0s] CopyFiles Library/ScriptAssemblies/Hecton8.Crest.Bridge.pdb
[3746/3789  0s] CopyFiles Library/ScriptAssemblies/Hecton8.Vehicles.VFX.pdb
[3747/3789  0s] CopyFiles Library/ScriptAssemblies/Hecton8.Dev.SpaceEngine098.pdb
[3748/3789  0s] CopyFiles Library/ScriptAssemblies/Hecton8.Narrative.Campaign.pdb
[3749/3789  0s] CopyFiles Library/ScriptAssemblies/Hecton8.VFX.Debris.pdb
[3750/3789  0s] CopyFiles Library/ScriptAssemblies/Hecton8.VFX.JacobianFoam.Runtime.pdb
[3751/3789  0s] CopyFiles Library/ScriptAssemblies/Hecton8.Prologue.VFX.pdb
[3752/3789  0s] CopyFiles Library/ScriptAssemblies/Hecton8.Audio.Prologue.pdb
[3753/3789  0s] CopyFiles Library/ScriptAssemblies/Hecton8.Narrative.Prologue.pdb
[3754/3789  0s] CopyFiles Library/ScriptAssemblies/Hecton8.World.Streaming.pdb
[3756/3789  0s] CopyFiles Library/ScriptAssemblies/Hecton8.Graphics.Materials.pdb
[3757/3789  0s] CopyFiles Library/ScriptAssemblies/Hecton8.Rendering.WaterOptics.pdb
[3758/3789  0s] CopyFiles Library/ScriptAssemblies/Hecton8.Graphics.Culling.pdb
[3759/3789  0s] CopyFiles Library/ScriptAssemblies/Hecton8.Tools.ToolKinematics.pdb
[3760/3789  0s] CopyFiles Library/ScriptAssemblies/Hecton8.World.ShinobuBiomimetic.pdb
[3761/3789  0s] CopyFiles Library/ScriptAssemblies/Hecton8.VFX.Bioluminescence.Runtime.pdb
[3762/3789  0s] CopyFiles Library/ScriptAssemblies/Hecton8.Physics.Buoyancy.Runtime.pdb
[3763/3789  0s] CopyFiles Library/ScriptAssemblies/Hecton8.Physiology.pdb
[3764/3789  0s] CopyFiles Library/ScriptAssemblies/Hecton8.Power.Generators.pdb
[3765/3789  0s] CopyFiles Library/ScriptAssemblies/Hecton8.Gameplay.Loot.Contracts.pdb
[3766/3789  0s] CopyFiles Library/ScriptAssemblies/Hecton8.World.Economy.pdb
[3767/3789  0s] CopyFiles Library/ScriptAssemblies/Hecton8.VFX.PlasmaBeam.Runtime.pdb
[3768/3789  0s] CopyFiles Library/ScriptAssemblies/Hecton8.World.FloraAmbientSway.pdb
[3769/3789  0s] CopyFiles Library/ScriptAssemblies/Hecton8.PlayModeTests.pdb
[3770/3789  0s] CopyFiles Library/ScriptAssemblies/Hecton8.UI.Tools.pdb
[3771/3789  0s] CopyFiles Library/ScriptAssemblies/Hecton8.Power.BatteryChargerLogistics.Runtime.pdb
[3772/3789  0s] CopyFiles Library/ScriptAssemblies/Hecton8.VFX.Materials.pdb
[3773/3789  0s] CopyFiles Library/ScriptAssemblies/Hecton8.QA.pdb
[3774/3789  0s] ILPostProcess Library/Bee/artifacts/1900b0aEDbg.dag/post-processed/Hecton8.World.ProceduralCoral.Editor.dll (+pdb)
Processing assembly Library/Bee/artifacts/1900b0aEDbg.dag/Hecton8.World.ProceduralCoral.Editor.dll, with 155 defines and 322 references

processors: Unity.Jobs.CodeGen.JobsILPostProcessor, zzzUnity.Burst.CodeGen.BurstILPostProcessor

running Unity.Jobs.CodeGen.JobsILPostProcessor

running zzzUnity.Burst.CodeGen.BurstILPostProcessor
[3775/3789  0s] CopyFiles Library/ScriptAssemblies/Hecton8.World.ProceduralCoral.Editor.dll
[3776/3789  0s] CopyFiles Library/ScriptAssemblies/Hecton8.World.ProceduralCoral.Editor.pdb
[3777/3789  1s] ILPostProcess Library/Bee/artifacts/1900b0aEDbg.dag/post-processed/Hecton8.Physics.Buoyancy.Editor.dll (+pdb)
Processing assembly Library/Bee/artifacts/1900b0aEDbg.dag/Hecton8.Physics.Buoyancy.Editor.dll, with 155 defines and 286 references

processors: Unity.Jobs.CodeGen.JobsILPostProcessor, zzzUnity.Burst.CodeGen.BurstILPostProcessor

running Unity.Jobs.CodeGen.JobsILPostProcessor

running zzzUnity.Burst.CodeGen.BurstILPostProcessor
[3778/3789  0s] CopyFiles Library/ScriptAssemblies/Hecton8.Physics.Buoyancy.Editor.dll
[3779/3789  0s] CopyFiles Library/ScriptAssemblies/Hecton8.Physics.Buoyancy.Editor.pdb
[3780/3789  1s] ILPostProcess Library/Bee/artifacts/1900b0aEDbg.dag/post-processed/Hecton8.SaveSystem.EditModeTests.dll (+pdb)
Processing assembly Library/Bee/artifacts/1900b0aEDbg.dag/Hecton8.SaveSystem.EditModeTests.dll, with 155 defines and 318 references

processors: Unity.Jobs.CodeGen.JobsILPostProcessor, zzzUnity.Burst.CodeGen.BurstILPostProcessor

running Unity.Jobs.CodeGen.JobsILPostProcessor

running zzzUnity.Burst.CodeGen.BurstILPostProcessor
[3781/3789  0s] CopyFiles Library/ScriptAssemblies/Hecton8.SaveSystem.EditModeTests.pdb
[3782/3789  0s] CopyFiles Library/ScriptAssemblies/Hecton8.SaveSystem.EditModeTests.dll
[3783/3789  8s] ILPostProcess Library/Bee/artifacts/1900b0aEDbg.dag/post-processed/Hecton8.Editor.dll (+pdb)
Processing assembly Library/Bee/artifacts/1900b0aEDbg.dag/Hecton8.Editor.dll, with 156 defines and 343 references

processors: Unity.Jobs.CodeGen.JobsILPostProcessor, zzzUnity.Burst.CodeGen.BurstILPostProcessor

running Unity.Jobs.CodeGen.JobsILPostProcessor

running zzzUnity.Burst.CodeGen.BurstILPostProcessor
[3784/3789  0s] CopyFiles Library/ScriptAssemblies/Hecton8.Editor.pdb
[3785/3789  0s] CopyFiles Library/ScriptAssemblies/Hecton8.Editor.dll
[BUSY      24s] ILPostProcess Library/Bee/artifacts/1900b0aEDbg.dag/post-processed/Hecton8.Core.dll (+pdb)
[BUSY      34s] ILPostProcess Library/Bee/artifacts/1900b0aEDbg.dag/post-processed/Hecton8.Core.dll (+pdb)
[3786/3789 36s] ILPostProcess Library/Bee/artifacts/1900b0aEDbg.dag/post-processed/Hecton8.Core.dll (+pdb)
Processing assembly Library/Bee/artifacts/1900b0aEDbg.dag/Hecton8.Core.dll, with 158 defines and 348 references

processors: Unity.Jobs.CodeGen.JobsILPostProcessor, zzzUnity.Burst.CodeGen.BurstILPostProcessor

running Unity.Jobs.CodeGen.JobsILPostProcessor

running zzzUnity.Burst.CodeGen.BurstILPostProcessor
[3787/3789  0s] CopyFiles Library/ScriptAssemblies/Hecton8.Core.pdb
[3788/3789  0s] CopyFiles Library/ScriptAssemblies/Hecton8.Core.dll
*** Tundra build success (99.71 seconds - 0:01:39), 422 items updated, 3789 evaluated
[ScriptCompilation] Requested script compilation because: AssetDatabase observed changes in script compilation related files
[Licensing::Client] Successfully resolved entitlement details
Total cache size 265484168
Total cache size after purge 265484168, took 00:00:00.7013774
Starting: C:\Program Files\Unity\Hub\Editor\6000.4.1f1\Editor\Data\Tools\BuildPipeline\bee_backend.exe --ipc --defer-dag-verification --dagfile="Library/Bee/1900b0aEDbg.dag" --continue-on-failure --profile="Library/Bee/backend1.traceevents" ScriptAssemblies
WorkingDir: C:/hades/Hecton8
Starting: C:\Program Files\Unity\Hub\Editor\6000.4.1f1\Editor\Data\netcorerun\netcorerun.exe "C:\Program Files\Unity\Hub\Editor\6000.4.1f1\Editor\Data\Tools\BuildPipeline\ScriptCompilationBuildProgram.exe" "Library/Bee/1900b0aEDbg.dag.json" "Library/Bee/1900b0aEDbg-inputdata.json" "Library\Bee\buildprogram0.traceevents"
WorkingDir: C:/hades/Hecton8
ExitCode: 4 Duration: 10s
[2643/3789  0s] ILPP-Configuration Library/ilpp-configuration.nevergeneratedoutput
[3385/3789  0s] Csc Library/Bee/artifacts/1900b0aEDbg.dag/Hecton8.Animation.IK.dll (+2 others)
[3386/3789  0s] ILPostProcess Library/Bee/artifacts/1900b0aEDbg.dag/post-processed/Hecton8.Animation.IK.dll (+pdb)
Processing assembly Library/Bee/artifacts/1900b0aEDbg.dag/Hecton8.Animation.IK.dll, with 157 defines and 311 references

processors: Unity.Jobs.CodeGen.JobsILPostProcessor, zzzUnity.Burst.CodeGen.BurstILPostProcessor

running Unity.Jobs.CodeGen.JobsILPostProcessor

running zzzUnity.Burst.CodeGen.BurstILPostProcessor
[3387/3789  0s] CopyFiles Library/ScriptAssemblies/Hecton8.Animation.IK.pdb
[3388/3789  0s] CopyFiles Library/ScriptAssemblies/Hecton8.Animation.IK.dll
Rebuilding DAG because FileSignature timestamp changed: Library/Bee/1900b0aEDbg-inputdata.json
[BUSY       6s] Csc Library/Bee/artifacts/1900b0aEDbg.dag/Hecton8.Core.dll (+2 others)
*** Tundra requires additional run (10.01 seconds), 6 items updated, 3388 evaluated
ExitCode: 0 Duration: 15s
Starting: C:\Program Files\Unity\Hub\Editor\6000.4.1f1\Editor\Data\Tools\BuildPipeline\bee_backend.exe --ipc --defer-dag-verification --dagfile="Library/Bee/1900b0aEDbg.dag" --continue-on-failure --dagfilejson="Library\Bee\1900b0aEDbg.dag.json" --profile="Library/Bee/backend2.traceevents" ScriptAssemblies
WorkingDir: C:/hades/Hecton8
## Script Compilation Error for: Csc Library/Bee/artifacts/1900b0aEDbg.dag/Hecton8.Core.dll (+2 others)
## CmdLine: "C:\Program Files\Unity\Hub\Editor\6000.4.1f1\Editor\Data\NetCoreRuntime\dotnet.exe" exec "C:/Program Files/Unity/Hub/Editor/6000.4.1f1/Editor/Data/DotNetSdkRoslyn/csc.dll" /nostdlib /noconfig /shared "@Library/Bee/artifacts/1900b0aEDbg.dag/Hecton8.Core.rsp" "@Library/Bee/artifacts/1900b0aEDbg.dag/Hecton8.Core.rsp2"
## Output:
Assets\_Project\Scripts\Fauna\LeviathanTentacleVerletSolver.cs(535,17): error CS0246: The type or namespace name 'HectonFluidEngine' could not be found (are you missing a using directive or an assembly reference?)

ExitCode: 3 Duration: 26s
Finished compiling graph: 3793 nodes, 103217 flattened edges (76373 ToBuild, 704 ToUse), maximum node priority 5377
[ 455/3789  0s] WriteText Library/Bee/artifacts/1900b0aEDbg.dag/Hecton8.AI.Cognition.rsp
[2643/3789  0s] ILPP-Configuration Library/ilpp-configuration.nevergeneratedoutput
[3385/3789  2s] Csc Library/Bee/artifacts/1900b0aEDbg.dag/Hecton8.AI.Cognition.dll (+2 others)
[3386/3789  3s] ILPostProcess Library/Bee/artifacts/1900b0aEDbg.dag/post-processed/Hecton8.AI.Cognition.dll (+pdb)
Processing assembly Library/Bee/artifacts/1900b0aEDbg.dag/Hecton8.AI.Cognition.dll, with 157 defines and 311 references

processors: Unity.Jobs.CodeGen.JobsILPostProcessor, zzzUnity.Burst.CodeGen.BurstILPostProcessor

running Unity.Jobs.CodeGen.JobsILPostProcessor

running zzzUnity.Burst.CodeGen.BurstILPostProcessor
[3387/3789  0s] CopyFiles Library/ScriptAssemblies/Hecton8.AI.Cognition.pdb
[3388/3789  0s] CopyFiles Library/ScriptAssemblies/Hecton8.AI.Cognition.dll
[BUSY       9s] Csc Library/Bee/artifacts/1900b0aEDbg.dag/Hecton8.Core.dll (+2 others)
[3389/3789 15s] Csc Library/Bee/artifacts/1900b0aEDbg.dag/Hecton8.Core.dll (+2 others)
##### CommandLine
"C:\Program Files\Unity\Hub\Editor\6000.4.1f1\Editor\Data\NetCoreRuntime\dotnet.exe" exec "C:/Program Files/Unity/Hub/Editor/6000.4.1f1/Editor/Data/DotNetSdkRoslyn/csc.dll" /nostdlib /noconfig /shared "@Library/Bee/artifacts/1900b0aEDbg.dag/Hecton8.Core.rsp" "@Library/Bee/artifacts/1900b0aEDbg.dag/Hecton8.Core.rsp2"
##### Contents of Library\Bee\artifacts\1900b0aEDbg.dag\Hecton8.Core.rsp
-target:library
-out:"Library/Bee/artifacts/1900b0aEDbg.dag/Hecton8.Core.dll"
-refout:"Library/Bee/artifacts/1900b0aEDbg.dag/Hecton8.Core.ref.dll"
-define:UNITY_6000_4_1
-define:UNITY_6000_4
-define:UNITY_6000
-define:UNITY_5_3_OR_NEWER
-define:UNITY_5_4_OR_NEWER
-define:UNITY_5_5_OR_NEWER
-define:UNITY_5_6_OR_NEWER
-define:UNITY_2017_1_OR_NEWER
-define:UNITY_2017_2_OR_NEWER
-define:UNITY_2017_3_OR_NEWER
-define:UNITY_2017_4_OR_NEWER
-define:UNITY_2018_1_OR_NEWER
-define:UNITY_2018_2_OR_NEWER
-define:UNITY_2018_3_OR_NEWER
-define:UNITY_2018_4_OR_NEWER
-define:UNITY_2019_1_OR_NEWER
-define:UNITY_2019_2_OR_NEWER
-define:UNITY_2019_3_OR_NEWER
-define:UNITY_2019_4_OR_NEWER
-define:UNITY_2020_1_OR_NEWER
-define:UNITY_2020_2_OR_NEWER
-define:UNITY_2020_3_OR_NEWER
-define:UNITY_2021_1_OR_NEWER
-define:UNITY_2021_2_OR_NEWER
-define:UNITY_2021_3_OR_NEWER
-define:UNITY_2022_1_OR_NEWER
-define:UNITY_2022_2_OR_NEWER
-define:UNITY_2022_3_OR_NEWER
-define:UNITY_2023_1_OR_NEWER
-define:UNITY_2023_2_OR_NEWER
-define:UNITY_2023_3_OR_NEWER
-define:UNITY_6000_0_OR_NEWER
-define:UNITY_6000_1_OR_NEWER
-define:UNITY_6000_2_OR_NEWER
-define:UNITY_6000_3_OR_NEWER
-define:UNITY_6000_4_OR_NEWER
-define:PLATFORM_ARCH_64
-define:UNITY_64
-define:UNITY_INCLUDE_TESTS
-define:ENABLE_AR
-define:ENABLE_AUDIO
-define:ENABLE_AUDIO_SCRIPTABLE_PIPELINE
-define:ENABLE_CACHING
-define:ENABLE_CLOTH
-define:ENABLE_EVENT_QUEUE
-define:ENABLE_MICROPHONE
-define:ENABLE_MULTIPLE_DISPLAYS
-define:ENABLE_PHYSICS
-define:ENABLE_TEXTURE_STREAMING
-define:ENABLE_VIRTUALTEXTURING
-define:ENABLE_LZMA
-define:ENABLE_UNITYEVENTS
-define:ENABLE_VR
-define:ENABLE_WEBCAM
-define:ENABLE_UNITYWEBREQUEST
-define:ENABLE_WWW
-define:ENABLE_CLOUD_SERVICES
-define:ENABLE_CLOUD_SERVICES_ADS
-define:ENABLE_CLOUD_SERVICES_USE_WEBREQUEST
-define:ENABLE_UNITY_CONSENT
-define:ENABLE_UNITY_CLOUD_IDENTIFIERS
-define:ENABLE_CLOUD_SERVICES_CRASH_REPORTING
-define:ENABLE_CLOUD_SERVICES_NATIVE_CRASH_REPORTING
-define:ENABLE_CLOUD_SERVICES_PURCHASING
-define:ENABLE_CLOUD_SERVICES_ANALYTICS
-define:ENABLE_CLOUD_SERVICES_BUILD
-define:ENABLE_EDITOR_GAME_SERVICES
-define:ENABLE_UNITY_GAME_SERVICES_ANALYTICS_SUPPORT
-define:ENABLE_CLOUD_LICENSE
-define:ENABLE_EDITOR_HUB_LICENSE
-define:ENABLE_WEBSOCKET_CLIENT
-define:ENABLE_GENERATE_NATIVE_PLUGINS_FOR_ASSEMBLIES_API
-define:ENABLE_DIRECTOR_AUDIO
-define:ENABLE_DIRECTOR_TEXTURE
-define:ENABLE_MANAGED_JOBS
-define:ENABLE_MANAGED_TRANSFORM_JOBS
-define:ENABLE_MANAGED_ANIMATION_JOBS
-define:ENABLE_MANAGED_AUDIO_JOBS
-define:ENABLE_MANAGED_UNITYTLS
-define:INCLUDE_DYNAMIC_GI
-define:ENABLE_SCRIPTING_GC_WBARRIERS
-define:PLATFORM_SUPPORTS_MONO
-define:RENDER_SOFTWARE_CURSOR
-define:ENABLE_MARSHALLING_TESTS
-define:ENABLE_VIDEO
-define:ENABLE_NAVIGATION_OFFMESHLINK_TO_NAVMESHLINK
-define:ENABLE_ACCELERATOR_CLIENT_DEBUGGING
-define:ENABLE_ACCESSIBILITY_SCREEN_READER
-define:TEXTCORE_1_0_OR_NEWER
-define:EDITOR_ONLY_NAVMESH_BUILDER_DEPRECATED
-define:PLATFORM_STANDALONE_WIN
-define:PLATFORM_STANDALONE
-define:UNITY_STANDALONE_WIN
-define:UNITY_STANDALONE
-define:ENABLE_RUNTIME_GI
-define:ENABLE_MOVIES
-define:ENABLE_NETWORK
-define:ENABLE_NVIDIA
-define:ENABLE_AMD
-define:ENABLE_CRUNCH_TEXTURE_COMPRESSION
-define:ENABLE_CLOUD_SERVICES_ENGINE_DIAGNOSTICS
-define:ENABLE_OUT_OF_PROCESS_CRASH_HANDLER
-define:ENABLE_CLUSTER_SYNC
-define:ENABLE_CLUSTERINPUT
-define:PLATFORM_UPDATES_TIME_OUTSIDE_OF_PLAYER_LOOP
-define:GFXDEVICE_WAITFOREVENT_MESSAGEPUMP
-define:PLATFORM_USES_EXPLICIT_MEMORY_MANAGER_INITIALIZER
-define:PLATFORM_SUPPORTS_WAIT_FOR_PRESENTATION
-define:PLATFORM_SUPPORTS_SPLIT_GRAPHICS_JOBS
-define:ENABLE_MONO
-define:NET_STANDARD_2_0
-define:NET_STANDARD
-define:NET_STANDARD_2_1
-define:NETSTANDARD
-define:NETSTANDARD2_1
-define:ENABLE_PROFILER
-define:ENABLE_PROFILER_ASSISTANT_INTEGRATION
-define:DEBUG
-define:TRACE
-define:UNITY_ASSERTIONS
-define:UNITY_EDITOR
-define:UNITY_EDITOR_64
-define:UNITY_EDITOR_WIN
-define:ENABLE_UNITY_COLLECTIONS_CHECKS
-define:ENABLE_BURST_AOT
-define:UNITY_TEAM_LICENSE
-define:ENABLE_CUSTOM_RENDER_TEXTURE
-define:ENABLE_DIRECTOR
-define:ENABLE_LOCALIZATION
-define:ENABLE_SPRITES
-define:ENABLE_TERRAIN
-define:ENABLE_TILEMAP
-define:ENABLE_TIMELINE
-define:ENABLE_INPUT_SYSTEM
-define:TEXTCORE_FONT_ENGINE_1_5_OR_NEWER
-define:TEXTCORE_TEXT_ENGINE_1_5_OR_NEWER
-define:TEXTCORE_FONT_ENGINE_1_6_OR_NEWER
-define:DOTWEEN
-define:CREST_OCEAN
-define:CREST_URP
-define:__MICROSPLAT__
-define:MAPMAGIC2
-define:MM_NATIVE
-define:UNITY_VISUAL_SCRIPTING
-define:GPU_INSTANCER
-define:ODIN_INSPECTOR
-define:ODIN_INSPECTOR_3
-define:ODIN_INSPECTOR_3_1
-define:AMPLIFY_SHADER_EDITOR
-define:SHAPES_URP
-define:MOREMOUNTAINS_NICEVIBRATIONS_INSTALLED
-define:BAKERY_INCLUDED
-define:VLB_URP
-define:ODIN_INSPECTOR_3_2
-define:ODIN_INSPECTOR_3_3
-define:UNITY_ADDRESSABLES_EXIST
-define:CSHARP_7_OR_LATER
-define:CSHARP_7_3_OR_NEWER
-r:"Assets/AstarPathfindingProject/Plugins/Clipper/Pathfinding.ClipperLib.dll"
-r:"Assets/AstarPathfindingProject/Plugins/DotNetZip/Pathfinding.Ionic.Zip.Reduced.dll"
-r:"Assets/AstarPathfindingProject/Plugins/Poly2Tri/Pathfinding.Poly2Tri.dll"
-r:"Assets/Candice AI for Games/Scripts/Libs/Candice Save System/Plugins/Mono.Data.Sqlite.dll"
-r:"Assets/MeshBaker/Libs/MeshBakerEditorLib.dll"
-r:"Assets/MeshBaker/Libs/MeshBakerLib.dll"
-r:"Assets/Plugins/Demigiant/DOTween/DOTween.dll"
-r:"Assets/Plugins/Demigiant/DOTween/Editor/DOTweenEditor.dll"
-r:"Assets/Plugins/Demigiant/DOTweenPro/DOTweenPro.dll"
-r:"Assets/Plugins/Demigiant/DOTweenPro/Editor/DOTweenProEditor.dll"
-r:"Assets/Plugins/Demigiant/DemiLib/Core/DemiLib.dll"
-r:"Assets/Plugins/Demigiant/DemiLib/Core/Editor/DemiEditor.dll"
-r:"Assets/Plugins/Editor/RelationsInspector/RelationsInspector.dll"
-r:"Assets/Plugins/Roslyn/Microsoft.CodeAnalysis.CSharp.dll"
-r:"Assets/Plugins/Roslyn/Microsoft.CodeAnalysis.dll"
-r:"Assets/Plugins/Roslyn/System.Collections.Immutable.dll"
-r:"Assets/Plugins/Roslyn/System.Reflection.Metadata.dll"
-r:"Assets/Plugins/Sirenix/Assemblies/Sirenix.OdinInspector.Attributes.dll"
-r:"Assets/Plugins/Sirenix/Assemblies/Sirenix.OdinInspector.Editor.dll"
-r:"Assets/Plugins/Sirenix/Assemblies/Sirenix.Reflection.Editor.dll"
-r:"Assets/Plugins/Sirenix/Assemblies/Sirenix.Serialization.Config.dll"
-r:"Assets/Plugins/Sirenix/Assemblies/Sirenix.Serialization.dll"
-r:"Assets/Plugins/Sirenix/Assemblies/Sirenix.Utilities.Editor.dll"
-r:"Assets/Plugins/Sirenix/Assemblies/Sirenix.Utilities.dll"
-r:"C:/Program Files/Unity/Hub/Editor/6000.4.1f1/Editor/Data/Managed/UnityEditor.Graphs.dll"
-r:"C:/Program Files/Unity/Hub/Editor/6000.4.1f1/Editor/Data/Managed/UnityEngine/Unity.Scripting.dll"
-r:"C:/Program Files/Unity/Hub/Editor/6000.4.1f1/Editor/Data/Managed/UnityEngine/UnityEditor.AccessibilityModule.dll"
-r:"C:/Program Files/Unity/Hub/Editor/6000.4.1f1/Editor/Data/Managed/UnityEngine/UnityEditor.AdaptivePerformanceModule.dll"
-r:"C:/Program Files/Unity/Hub/Editor/6000.4.1f1/Editor/Data/Managed/UnityEngine/UnityEditor.AssetComplianceModule.dll"
-r:"C:/Program Files/Unity/Hub/Editor/6000.4.1f1/Editor/Data/Managed/UnityEngine/UnityEditor.BuildProfileModule.dll"
-r:"C:/Program Files/Unity/Hub/Editor/6000.4.1f1/Editor/Data/Managed/UnityEngine/UnityEditor.ClothModule.dll"
-r:"C:/Program Files/Unity/Hub/Editor/6000.4.1f1/Editor/Data/Managed/UnityEngine/UnityEditor.CoreBusinessMetricsModule.dll"
-r:"C:/Program Files/Unity/Hub/Editor/6000.4.1f1/Editor/Data/Managed/UnityEngine/UnityEditor.CoreModule.dll"
-r:"C:/Program Files/Unity/Hub/Editor/6000.4.1f1/Editor/Data/Managed/UnityEngine/UnityEditor.DeviceSimulatorModule.dll"
-r:"C:/Program Files/Unity/Hub/Editor/6000.4.1f1/Editor/Data/Managed/UnityEngine/UnityEditor.DiagnosticsModule.dll"
-r:"C:/Program Files/Unity/Hub/Editor/6000.4.1f1/Editor/Data/Managed/UnityEngine/UnityEditor.EditorToolbarModule.dll"
-r:"C:/Program Files/Unity/Hub/Editor/6000.4.1f1/Editor/Data/Managed/UnityEngine/UnityEditor.EmbreeModule.dll"
-r:"C:/Program Files/Unity/Hub/Editor/6000.4.1f1/Editor/Data/Managed/UnityEngine/UnityEditor.GIModule.dll"
-r:"C:/Program Files/Unity/Hub/Editor/6000.4.1f1/Editor/Data/Managed/UnityEngine/UnityEditor.GraphToolkitModule.dll"
-r:"C:/Program Files/Unity/Hub/Editor/6000.4.1f1/Editor/Data/Managed/UnityEngine/UnityEditor.GraphViewModule.dll"
-r:"C:/Program Files/Unity/Hub/Editor/6000.4.1f1/Editor/Data/Managed/UnityEngine/UnityEditor.GraphicsStateCollectionSerializerModule.dll"
-r:"C:/Program Files/Unity/Hub/Editor/6000.4.1f1/Editor/Data/Managed/UnityEngine/UnityEditor.GridAndSnapModule.dll"
-r:"C:/Program Files/Unity/Hub/Editor/6000.4.1f1/Editor/Data/Managed/UnityEngine/UnityEditor.GridModule.dll"
-r:"C:/Program Files/Unity/Hub/Editor/6000.4.1f1/Editor/Data/Managed/UnityEngine/UnityEditor.HierarchyModule.dll"
-r:"C:/Program Files/Unity/Hub/Editor/6000.4.1f1/Editor/Data/Managed/UnityEngine/UnityEditor.MediaModule.dll"
-r:"C:/Program Files/Unity/Hub/Editor/6000.4.1f1/Editor/Data/Managed/UnityEngine/UnityEditor.MultiplayerModule.dll"
-r:"C:/Program Files/Unity/Hub/Editor/6000.4.1f1/Editor/Data/Managed/UnityEngine/UnityEditor.Physics2DModule.dll"
-r:"C:/Program Files/Unity/Hub/Editor/6000.4.1f1/Editor/Data/Managed/UnityEngine/UnityEditor.PhysicsModule.dll"
-r:"C:/Program Files/Unity/Hub/Editor/6000.4.1f1/Editor/Data/Managed/UnityEngine/UnityEditor.PlayModeModule.dll"
-r:"C:/Program Files/Unity/Hub/Editor/6000.4.1f1/Editor/Data/Managed/UnityEngine/UnityEditor.PresetsUIModule.dll"
-r:"C:/Program Files/Unity/Hub/Editor/6000.4.1f1/Editor/Data/Managed/UnityEngine/UnityEditor.ProjectAuditorModule.dll"
-r:"C:/Program Files/Unity/Hub/Editor/6000.4.1f1/Editor/Data/Managed/UnityEngine/UnityEditor.PropertiesModule.dll"
-r:"C:/Program Files/Unity/Hub/Editor/6000.4.1f1/Editor/Data/Managed/UnityEngine/UnityEditor.QuickInstallModule.dll"
-r:"C:/Program Files/Unity/Hub/Editor/6000.4.1f1/Editor/Data/Managed/UnityEngine/UnityEditor.QuickSearchModule.dll"
-r:"C:/Program Files/Unity/Hub/Editor/6000.4.1f1/Editor/Data/Managed/UnityEngine/UnityEditor.SafeModeModule.dll"
-r:"C:/Program Files/Unity/Hub/Editor/6000.4.1f1/Editor/Data/Managed/UnityEngine/UnityEditor.SceneTemplateModule.dll"
-r:"C:/Program Files/Unity/Hub/Editor/6000.4.1f1/Editor/Data/Managed/UnityEngine/UnityEditor.SceneViewModule.dll"
-r:"C:/Program Files/Unity/Hub/Editor/6000.4.1f1/Editor/Data/Managed/UnityEngine/UnityEditor.ShaderBuildSettingsModule.dll"
-r:"C:/Program Files/Unity/Hub/Editor/6000.4.1f1/Editor/Data/Managed/UnityEngine/UnityEditor.ShaderCompilationModule.dll"
-r:"C:/Program Files/Unity/Hub/Editor/6000.4.1f1/Editor/Data/Managed/UnityEngine/UnityEditor.ShaderFoundryModule.dll"
-r:"C:/Program Files/Unity/Hub/Editor/6000.4.1f1/Editor/Data/Managed/UnityEngine/UnityEditor.SketchUpModule.dll"
-r:"C:/Program Files/Unity/Hub/Editor/6000.4.1f1/Editor/Data/Managed/UnityEngine/UnityEditor.SpriteMaskModule.dll"
-r:"C:/Program Files/Unity/Hub/Editor/6000.4.1f1/Editor/Data/Managed/UnityEngine/UnityEditor.SpriteShapeModule.dll"
-r:"C:/Program Files/Unity/Hub/Editor/6000.4.1f1/Editor/Data/Managed/UnityEngine/UnityEditor.SubstanceModule.dll"
-r:"C:/Program Files/Unity/Hub/Editor/6000.4.1f1/Editor/Data/Managed/UnityEngine/UnityEditor.TerrainModule.dll"
-r:"C:/Program Files/Unity/Hub/Editor/6000.4.1f1/Editor/Data/Managed/UnityEngine/UnityEditor.TextCoreFontEngineModule.dll"
-r:"C:/Program Files/Unity/Hub/Editor/6000.4.1f1/Editor/Data/Managed/UnityEngine/UnityEditor.TextCoreTextEngineModule.dll"
-r:"C:/Program Files/Unity/Hub/Editor/6000.4.1f1/Editor/Data/Managed/UnityEngine/UnityEditor.TextRenderingModule.dll"
-r:"C:/Program Files/Unity/Hub/Editor/6000.4.1f1/Editor/Data/Managed/UnityEngine/UnityEditor.TilemapModule.dll"
-r:"C:/Program Files/Unity/Hub/Editor/6000.4.1f1/Editor/Data/Managed/UnityEngine/UnityEditor.TreeModule.dll"
-r:"C:/Program Files/Unity/Hub/Editor/6000.4.1f1/Editor/Data/Managed/UnityEngine/UnityEditor.UIAutomationModule.dll"
-r:"C:/Program Files/Unity/Hub/Editor/6000.4.1f1/Editor/Data/Managed/UnityEngine/UnityEditor.UIBuilderModule.dll"
-r:"C:/Program Files/Unity/Hub/Editor/6000.4.1f1/Editor/Data/Managed/UnityEngine/UnityEditor.UIElementsModule.dll"
-r:"C:/Program Files/Unity/Hub/Editor/6000.4.1f1/Editor/Data/Managed/UnityEngine/UnityEditor.UIElementsSamplesModule.dll"
-r:"C:/Program Files/Unity/Hub/Editor/6000.4.1f1/Editor/Data/Managed/UnityEngine/UnityEditor.UIToolkitAuthoringModule.dll"
-r:"C:/Program Files/Unity/Hub/Editor/6000.4.1f1/Editor/Data/Managed/UnityEngine/UnityEditor.UmbraModule.dll"
-r:"C:/Program Files/Unity/Hub/Editor/6000.4.1f1/Editor/Data/Managed/UnityEngine/UnityEditor.UnityConnectModule.dll"
-r:"C:/Program Files/Unity/Hub/Editor/6000.4.1f1/Editor/Data/Managed/UnityEngine/UnityEditor.VFXModule.dll"
-r:"C:/Program Files/Unity/Hub/Editor/6000.4.1f1/Editor/Data/Managed/UnityEngine/UnityEditor.VectorGraphicsModule.dll"
-r:"C:/Program Files/Unity/Hub/Editor/6000.4.1f1/Editor/Data/Managed/UnityEngine/UnityEditor.VideoModule.dll"
-r:"C:/Program Files/Unity/Hub/Editor/6000.4.1f1/Editor/Data/Managed/UnityEngine/UnityEditor.XRModule.dll"
-r:"C:/Program Files/Unity/Hub/Editor/6000.4.1f1/Editor/Data/Managed/UnityEngine/UnityEditor.dll"
-r:"C:/Program Files/Unity/Hub/Editor/6000.4.1f1/Editor/Data/Managed/UnityEngine/UnityEngine.AIModule.dll"
-r:"C:/Program Files/Unity/Hub/Editor/6000.4.1f1/Editor/Data/Managed/UnityEngine/UnityEngine.ARModule.dll"
-r:"C:/Program Files/Unity/Hub/Editor/6000.4.1f1/Editor/Data/Managed/UnityEngine/UnityEngine.AccessibilityModule.dll"
-r:"C:/Program Files/Unity/Hub/Editor/6000.4.1f1/Editor/Data/Managed/UnityEngine/UnityEngine.AndroidJNIModule.dll"
-r:"C:/Program Files/Unity/Hub/Editor/6000.4.1f1/Editor/Data/Managed/UnityEngine/UnityEngine.AnimationModule.dll"
-r:"C:/Program Files/Unity/Hub/Editor/6000.4.1f1/Editor/Data/Managed/UnityEngine/UnityEngine.AssetBundleModule.dll"
-r:"C:/Program Files/Unity/Hub/Editor/6000.4.1f1/Editor/Data/Managed/UnityEngine/UnityEngine.AudioModule.dll"
-r:"C:/Program Files/Unity/Hub/Editor/6000.4.1f1/Editor/Data/Managed/UnityEngine/UnityEngine.ClothModule.dll"
-r:"C:/Program Files/Unity/Hub/Editor/6000.4.1f1/Editor/Data/Managed/UnityEngine/UnityEngine.ClusterInputModule.dll"
-r:"C:/Program Files/Unity/Hub/Editor/6000.4.1f1/Editor/Data/Managed/UnityEngine/UnityEngine.ClusterRendererModule.dll"
-r:"C:/Program Files/Unity/Hub/Editor/6000.4.1f1/Editor/Data/Managed/UnityEngine/UnityEngine.ContentLoadModule.dll"
-r:"C:/Program Files/Unity/Hub/Editor/6000.4.1f1/Editor/Data/Managed/UnityEngine/UnityEngine.CoreModule.dll"
-r:"C:/Program Files/Unity/Hub/Editor/6000.4.1f1/Editor/Data/Managed/UnityEngine/UnityEngine.CrashReportingModule.dll"
-r:"C:/Program Files/Unity/Hub/Editor/6000.4.1f1/Editor/Data/Managed/UnityEngine/UnityEngine.DSPGraphModule.dll"
-r:"C:/Program Files/Unity/Hub/Editor/6000.4.1f1/Editor/Data/Managed/UnityEngine/UnityEngine.DirectorModule.dll"
-r:"C:/Program Files/Unity/Hub/Editor/6000.4.1f1/Editor/Data/Managed/UnityEngine/UnityEngine.GIModule.dll"
-r:"C:/Program Files/Unity/Hub/Editor/6000.4.1f1/Editor/Data/Managed/UnityEngine/UnityEngine.GameCenterModule.dll"
-r:"C:/Program Files/Unity/Hub/Editor/6000.4.1f1/Editor/Data/Managed/UnityEngine/UnityEngine.GraphicsStateCollectionSerializerModule.dll"
-r:"C:/Program Files/Unity/Hub/Editor/6000.4.1f1/Editor/Data/Managed/UnityEngine/UnityEngine.GridModule.dll"
-r:"C:/Program Files/Unity/Hub/Editor/6000.4.1f1/Editor/Data/Managed/UnityEngine/UnityEngine.HierarchyCoreModule.dll"
-r:"C:/Program Files/Unity/Hub/Editor/6000.4.1f1/Editor/Data/Managed/UnityEngine/UnityEngine.HotReloadModule.dll"
-r:"C:/Program Files/Unity/Hub/Editor/6000.4.1f1/Editor/Data/Managed/UnityEngine/UnityEngine.IMGUIModule.dll"
-r:"C:/Program Files/Unity/Hub/Editor/6000.4.1f1/Editor/Data/Managed/UnityEngine/UnityEngine.IdentifiersModule.dll"
-r:"C:/Program Files/Unity/Hub/Editor/6000.4.1f1/Editor/Data/Managed/UnityEngine/UnityEngine.ImageConversionModule.dll"
-r:"C:/Program Files/Unity/Hub/Editor/6000.4.1f1/Editor/Data/Managed/UnityEngine/UnityEngine.InputForUIModule.dll"
-r:"C:/Program Files/Unity/Hub/Editor/6000.4.1f1/Editor/Data/Managed/UnityEngine/UnityEngine.InputLegacyModule.dll"
-r:"C:/Program Files/Unity/Hub/Editor/6000.4.1f1/Editor/Data/Managed/UnityEngine/UnityEngine.InputModule.dll"
-r:"C:/Program Files/Unity/Hub/Editor/6000.4.1f1/Editor/Data/Managed/UnityEngine/UnityEngine.InsightsModule.dll"
-r:"C:/Program Files/Unity/Hub/Editor/6000.4.1f1/Editor/Data/Managed/UnityEngine/UnityEngine.JSONSerializeModule.dll"
-r:"C:/Program Files/Unity/Hub/Editor/6000.4.1f1/Editor/Data/Managed/UnityEngine/UnityEngine.LocalizationModule.dll"
-r:"C:/Program Files/Unity/Hub/Editor/6000.4.1f1/Editor/Data/Managed/UnityEngine/UnityEngine.MarshallingModule.dll"
-r:"C:/Program Files/Unity/Hub/Editor/6000.4.1f1/Editor/Data/Managed/UnityEngine/UnityEngine.MultiplayerModule.dll"
-r:"C:/Program Files/Unity/Hub/Editor/6000.4.1f1/Editor/Data/Managed/UnityEngine/UnityEngine.ParticleSystemModule.dll"
-r:"C:/Program Files/Unity/Hub/Editor/6000.4.1f1/Editor/Data/Managed/UnityEngine/UnityEngine.PerformanceReportingModule.dll"
-r:"C:/Program Files/Unity/Hub/Editor/6000.4.1f1/Editor/Data/Managed/UnityEngine/UnityEngine.Physics2DModule.dll"
-r:"C:/Program Files/Unity/Hub/Editor/6000.4.1f1/Editor/Data/Managed/UnityEngine/UnityEngine.PhysicsBackendPhysXModule.dll"
-r:"C:/Program Files/Unity/Hub/Editor/6000.4.1f1/Editor/Data/Managed/UnityEngine/UnityEngine.PhysicsModule.dll"
-r:"C:/Program Files/Unity/Hub/Editor/6000.4.1f1/Editor/Data/Managed/UnityEngine/UnityEngine.PropertiesModule.dll"
-r:"C:/Program Files/Unity/Hub/Editor/6000.4.1f1/Editor/Data/Managed/UnityEngine/UnityEngine.RenderAs2DModule.dll"
-r:"C:/Program Files/Unity/Hub/Editor/6000.4.1f1/Editor/Data/Managed/UnityEngine/UnityEngine.RuntimeInitializeOnLoadManagerInitializerModule.dll"
-r:"C:/Program Files/Unity/Hub/Editor/6000.4.1f1/Editor/Data/Managed/UnityEngine/UnityEngine.ScreenCaptureModule.dll"
-r:"C:/Program Files/Unity/Hub/Editor/6000.4.1f1/Editor/Data/Managed/UnityEngine/UnityEngine.ScriptingModule.dll"
-r:"C:/Program Files/Unity/Hub/Editor/6000.4.1f1/Editor/Data/Managed/UnityEngine/UnityEngine.ShaderVariantAnalyticsModule.dll"
-r:"C:/Program Files/Unity/Hub/Editor/6000.4.1f1/Editor/Data/Managed/UnityEngine/UnityEngine.SharedInternalsModule.dll"
-r:"C:/Program Files/Unity/Hub/Editor/6000.4.1f1/Editor/Data/Managed/UnityEngine/UnityEngine.SpriteMaskModule.dll"
-r:"C:/Program Files/Unity/Hub/Editor/6000.4.1f1/Editor/Data/Managed/UnityEngine/UnityEngine.SpriteShapeModule.dll"
-r:"C:/Program Files/Unity/Hub/Editor/6000.4.1f1/Editor/Data/Managed/UnityEngine/UnityEngine.StreamingModule.dll"
-r:"C:/Program Files/Unity/Hub/Editor/6000.4.1f1/Editor/Data/Managed/UnityEngine/UnityEngine.SubstanceModule.dll"
-r:"C:/Program Files/Unity/Hub/Editor/6000.4.1f1/Editor/Data/Managed/UnityEngine/UnityEngine.SubsystemsModule.dll"
-r:"C:/Program Files/Unity/Hub/Editor/6000.4.1f1/Editor/Data/Managed/UnityEngine/UnityEngine.TLSModule.dll"
-r:"C:/Program Files/Unity/Hub/Editor/6000.4.1f1/Editor/Data/Managed/UnityEngine/UnityEngine.TerrainModule.dll"
-r:"C:/Program Files/Unity/Hub/Editor/6000.4.1f1/Editor/Data/Managed/UnityEngine/UnityEngine.TerrainPhysicsModule.dll"
-r:"C:/Program Files/Unity/Hub/Editor/6000.4.1f1/Editor/Data/Managed/UnityEngine/UnityEngine.TextCoreFontEngineModule.dll"
-r:"C:/Program Files/Unity/Hub/Editor/6000.4.1f1/Editor/Data/Managed/UnityEngine/UnityEngine.TextCoreTextEngineModule.dll"
-r:"C:/Program Files/Unity/Hub/Editor/6000.4.1f1/Editor/Data/Managed/UnityEngine/UnityEngine.TextRenderingModule.dll"
-r:"C:/Program Files/Unity/Hub/Editor/6000.4.1f1/Editor/Data/Managed/UnityEngine/UnityEngine.TilemapModule.dll"
-r:"C:/Program Files/Unity/Hub/Editor/6000.4.1f1/Editor/Data/Managed/UnityEngine/UnityEngine.UIElementsModule.dll"
-r:"C:/Program Files/Unity/Hub/Editor/6000.4.1f1/Editor/Data/Managed/UnityEngine/UnityEngine.UIModule.dll"
-r:"C:/Program Files/Unity/Hub/Editor/6000.4.1f1/Editor/Data/Managed/UnityEngine/UnityEngine.UmbraModule.dll"
-r:"C:/Program Files/Unity/Hub/Editor/6000.4.1f1/Editor/Data/Managed/UnityEngine/UnityEngine.UnityAnalyticsCommonModule.dll"
-r:"C:/Program Files/Unity/Hub/Editor/6000.4.1f1/Editor/Data/Managed/UnityEngine/UnityEngine.UnityAnalyticsModule.dll"
-r:"C:/Program Files/Unity/Hub/Editor/6000.4.1f1/Editor/Data/Managed/UnityEngine/UnityEngine.UnityConnectModule.dll"
-r:"C:/Program Files/Unity/Hub/Editor/6000.4.1f1/Editor/Data/Managed/UnityEngine/UnityEngine.UnityConsentModule.dll"
-r:"C:/Program Files/Unity/Hub/Editor/6000.4.1f1/Editor/Data/Managed/UnityEngine/UnityEngine.UnityCurlModule.dll"
-r:"C:/Program Files/Unity/Hub/Editor/6000.4.1f1/Editor/Data/Managed/UnityEngine/UnityEngine.UnityWebRequestAssetBundleModule.dll"
-r:"C:/Program Files/Unity/Hub/Editor/6000.4.1f1/Editor/Data/Managed/UnityEngine/UnityEngine.UnityWebRequestAudioModule.dll"
-r:"C:/Program Files/Unity/Hub/Editor/6000.4.1f1/Editor/Data/Managed/UnityEngine/UnityEngine.UnityWebRequestModule.dll"
-r:"C:/Program Files/Unity/Hub/Editor/6000.4.1f1/Editor/Data/Managed/UnityEngine/UnityEngine.UnityWebRequestTextureModule.dll"
-r:"C:/Program Files/Unity/Hub/Editor/6000.4.1f1/Editor/Data/Managed/UnityEngine/UnityEngine.UnityWebRequestWWWModule.dll"
-r:"C:/Program Files/Unity/Hub/Editor/6000.4.1f1/Editor/Data/Managed/UnityEngine/UnityEngine.VFXModule.dll"
-r:"C:/Program Files/Unity/Hub/Editor/6000.4.1f1/Editor/Data/Managed/UnityEngine/UnityEngine.VRModule.dll"
-r:"C:/Program Files/Unity/Hub/Editor/6000.4.1f1/Editor/Data/Managed/UnityEngine/UnityEngine.VectorGraphicsModule.dll"
-r:"C:/Program Files/Unity/Hub/Editor/6000.4.1f1/Editor/Data/Managed/UnityEngine/UnityEngine.VehiclesModule.dll"
-r:"C:/Program Files/Unity/Hub/Editor/6000.4.1f1/Editor/Data/Managed/UnityEngine/UnityEngine.VideoModule.dll"
-r:"C:/Program Files/Unity/Hub/Editor/6000.4.1f1/Editor/Data/Managed/UnityEngine/UnityEngine.VirtualTexturingModule.dll"
-r:"C:/Program Files/Unity/Hub/Editor/6000.4.1f1/Editor/Data/Managed/UnityEngine/UnityEngine.WindModule.dll"
-r:"C:/Program Files/Unity/Hub/Editor/6000.4.1f1/Editor/Data/Managed/UnityEngine/UnityEngine.XRModule.dll"
-r:"C:/Program Files/Unity/Hub/Editor/6000.4.1f1/Editor/Data/Managed/UnityEngine/UnityEngine.dll"
-r:"C:/Program Files/Unity/Hub/Editor/6000.4.1f1/Editor/Data/NetStandard/Extensions/2.0.0/System.Runtime.InteropServices.WindowsRuntime.dll"
-r:"C:/Program Files/Unity/Hub/Editor/6000.4.1f1/Editor/Data/NetStandard/compat/2.1.0/shims/netfx/System.ComponentModel.Composition.dll"
-r:"C:/Program Files/Unity/Hub/Editor/6000.4.1f1/Editor/Data/NetStandard/compat/2.1.0/shims/netfx/System.Core.dll"
-r:"C:/Program Files/Unity/Hub/Editor/6000.4.1f1/Editor/Data/NetStandard/compat/2.1.0/shims/netfx/System.Data.dll"
-r:"C:/Program Files/Unity/Hub/Editor/6000.4.1f1/Editor/Data/NetStandard/compat/2.1.0/shims/netfx/System.Drawing.dll"
-r:"C:/Program Files/Unity/Hub/Editor/6000.4.1f1/Editor/Data/NetStandard/compat/2.1.0/shims/netfx/System.IO.Compression.FileSystem.dll"
-r:"C:/Program Files/Unity/Hub/Editor/6000.4.1f1/Editor/Data/NetStandard/compat/2.1.0/shims/netfx/System.Net.dll"
-r:"C:/Program Files/Unity/Hub/Editor/6000.4.1f1/Editor/Data/NetStandard/compat/2.1.0/shims/netfx/System.Numerics.dll"
-r:"C:/Program Files/Unity/Hub/Editor/6000.4.1f1/Editor/Data/NetStandard/compat/2.1.0/shims/netfx/System.Runtime.Serialization.dll"
-r:"C:/Program Files/Unity/Hub/Editor/6000.4.1f1/Editor/Data/NetStandard/compat/2.1.0/shims/netfx/System.ServiceModel.Web.dll"
-r:"C:/Program Files/Unity/Hub/Editor/6000.4.1f1/Editor/Data/NetStandard/compat/2.1.0/shims/netfx/System.Transactions.dll"
-r:"C:/Program Files/Unity/Hub/Editor/6000.4.1f1/Editor/Data/NetStandard/compat/2.1.0/shims/netfx/System.Web.dll"
-r:"C:/Program Files/Unity/Hub/Editor/6000.4.1f1/Editor/Data/NetStandard/compat/2.1.0/shims/netfx/System.Windows.dll"
-r:"C:/Program Files/Unity/Hub/Editor/6000.4.1f1/Editor/Data/NetStandard/compat/2.1.0/shims/netfx/System.Xml.Linq.dll"
-r:"C:/Program Files/Unity/Hub/Editor/6000.4.1f1/Editor/Data/NetStandard/compat/2.1.0/shims/netfx/System.Xml.Serialization.dll"
-r:"C:/Program Files/Unity/Hub/Editor/6000.4.1f1/Editor/Data/NetStandard/compat/2.1.0/shims/netfx/System.Xml.dll"
-r:"C:/Program Files/Unity/Hub/Editor/6000.4.1f1/Editor/Data/NetStandard/compat/2.1.0/shims/netfx/System.dll"
-r:"C:/Program Files/Unity/Hub/Editor/6000.4.1f1/Editor/Data/NetStandard/compat/2.1.0/shims/netfx/mscorlib.dll"
-r:"C:/Program Files/Unity/Hub/Editor/6000.4.1f1/Editor/Data/NetStandard/compat/2.1.0/shims/netstandard/Microsoft.Win32.Primitives.dll"
-r:"C:/Program Files/Unity/Hub/Editor/6000.4.1f1/Editor/Data/NetStandard/compat/2.1.0/shims/netstandard/System.AppContext.dll"
-r:"C:/Program Files/Unity/Hub/Editor/6000.4.1f1/Editor/Data/NetStandard/compat/2.1.0/shims/netstandard/System.Buffers.dll"
-r:"C:/Program Files/Unity/Hub/Editor/6000.4.1f1/Editor/Data/NetStandard/compat/2.1.0/shims/netstandard/System.Collections.Concurrent.dll"
-r:"C:/Program Files/Unity/Hub/Editor/6000.4.1f1/Editor/Data/NetStandard/compat/2.1.0/shims/netstandard/System.Collections.NonGeneric.dll"
-r:"C:/Program Files/Unity/Hub/Editor/6000.4.1f1/Editor/Data/NetStandard/compat/2.1.0/shims/netstandard/System.Collections.Specialized.dll"
-r:"C:/Program Files/Unity/Hub/Editor/6000.4.1f1/Editor/Data/NetStandard/compat/2.1.0/shims/netstandard/System.Collections.dll"
-r:"C:/Program Files/Unity/Hub/Editor/6000.4.1f1/Editor/Data/NetStandard/compat/2.1.0/shims/netstandard/System.ComponentModel.EventBasedAsync.dll"
-r:"C:/Program Files/Unity/Hub/Editor/6000.4.1f1/Editor/Data/NetStandard/compat/2.1.0/shims/netstandard/System.ComponentModel.Primitives.dll"
-r:"C:/Program Files/Unity/Hub/Editor/6000.4.1f1/Editor/Data/NetStandard/compat/2.1.0/shims/netstandard/System.ComponentModel.TypeConverter.dll"
-r:"C:/Program Files/Unity/Hub/Editor/6000.4.1f1/Editor/Data/NetStandard/compat/2.1.0/shims/netstandard/System.ComponentModel.dll"
-r:"C:/Program Files/Unity/Hub/Editor/6000.4.1f1/Editor/Data/NetStandard/compat/2.1.0/shims/netstandard/System.Console.dll"
-r:"C:/Program Files/Unity/Hub/Editor/6000.4.1f1/Editor/Data/NetStandard/compat/2.1.0/shims/netstandard/System.Data.Common.dll"
-r:"C:/Program Files/Unity/Hub/Editor/6000.4.1f1/Editor/Data/NetStandard/compat/2.1.0/shims/netstandard/System.Diagnostics.Contracts.dll"
-r:"C:/Program Files/Unity/Hub/Editor/6000.4.1f1/Editor/Data/NetStandard/compat/2.1.0/shims/netstandard/System.Diagnostics.Debug.dll"
-r:"C:/Program Files/Unity/Hub/Editor/6000.4.1f1/Editor/Data/NetStandard/compat/2.1.0/shims/netstandard/System.Diagnostics.FileVersionInfo.dll"
-r:"C:/Program Files/Unity/Hub/Editor/6000.4.1f1/Editor/Data/NetStandard/compat/2.1.0/shims/netstandard/System.Diagnostics.Process.dll"
-r:"C:/Program Files/Unity/Hub/Editor/6000.4.1f1/Editor/Data/NetStandard/compat/2.1.0/shims/netstandard/System.Diagnostics.StackTrace.dll"
-r:"C:/Program Files/Unity/Hub/Editor/6000.4.1f1/Editor/Data/NetStandard/compat/2.1.0/shims/netstandard/System.Diagnostics.TextWriterTraceListener.dll"
-r:"C:/Program Files/Unity/Hub/Editor/6000.4.1f1/Editor/Data/NetStandard/compat/2.1.0/shims/netstandard/System.Diagnostics.Tools.dll"
-r:"C:/Program Files/Unity/Hub/Editor/6000.4.1f1/Editor/Data/NetStandard/compat/2.1.0/shims/netstandard/System.Diagnostics.TraceSource.dll"
-r:"C:/Program Files/Unity/Hub/Editor/6000.4.1f1/Editor/Data/NetStandard/compat/2.1.0/shims/netstandard/System.Diagnostics.Tracing.dll"
-r:"C:/Program Files/Unity/Hub/Editor/6000.4.1f1/Editor/Data/NetStandard/compat/2.1.0/shims/netstandard/System.Drawing.Primitives.dll"
-r:"C:/Program Files/Unity/Hub/Editor/6000.4.1f1/Editor/Data/NetStandard/compat/2.1.0/shims/netstandard/System.Dynamic.Runtime.dll"
-r:"C:/Program Files/Unity/Hub/Editor/6000.4.1f1/Editor/Data/NetStandard/compat/2.1.0/shims/netstandard/System.Globalization.Calendars.dll"
-r:"C:/Program Files/Unity/Hub/Editor/6000.4.1f1/Editor/Data/NetStandard/compat/2.1.0/shims/netstandard/System.Globalization.Extensions.dll"
-r:"C:/Program Files/Unity/Hub/Editor/6000.4.1f1/Editor/Data/NetStandard/compat/2.1.0/shims/netstandard/System.Globalization.dll"
-r:"C:/Program Files/Unity/Hub/Editor/6000.4.1f1/Editor/Data/NetStandard/compat/2.1.0/shims/netstandard/System.IO.Compression.ZipFile.dll"
-r:"C:/Program Files/Unity/Hub/Editor/6000.4.1f1/Editor/Data/NetStandard/compat/2.1.0/shims/netstandard/System.IO.Compression.dll"
-r:"C:/Program Files/Unity/Hub/Editor/6000.4.1f1/Editor/Data/NetStandard/compat/2.1.0/shims/netstandard/System.IO.FileSystem.DriveInfo.dll"
-r:"C:/Program Files/Unity/Hub/Editor/6000.4.1f1/Editor/Data/NetStandard/compat/2.1.0/shims/netstandard/System.IO.FileSystem.Primitives.dll"
-r:"C:/Program Files/Unity/Hub/Editor/6000.4.1f1/Editor/Data/NetStandard/compat/2.1.0/shims/netstandard/System.IO.FileSystem.Watcher.dll"
-r:"C:/Program Files/Unity/Hub/Editor/6000.4.1f1/Editor/Data/NetStandard/compat/2.1.0/shims/netstandard/System.IO.FileSystem.dll"
-r:"C:/Program Files/Unity/Hub/Editor/6000.4.1f1/Editor/Data/NetStandard/compat/2.1.0/shims/netstandard/System.IO.IsolatedStorage.dll"
-r:"C:/Program Files/Unity/Hub/Editor/6000.4.1f1/Editor/Data/NetStandard/compat/2.1.0/shims/netstandard/System.IO.MemoryMappedFiles.dll"
-r:"C:/Program Files/Unity/Hub/Editor/6000.4.1f1/Editor/Data/NetStandard/compat/2.1.0/shims/netstandard/System.IO.Pipes.dll"
-r:"C:/Program Files/Unity/Hub/Editor/6000.4.1f1/Editor/Data/NetStandard/compat/2.1.0/shims/netstandard/System.IO.UnmanagedMemoryStream.dll"
-r:"C:/Program Files/Unity/Hub/Editor/6000.4.1f1/Editor/Data/NetStandard/compat/2.1.0/shims/netstandard/System.IO.dll"
-r:"C:/Program Files/Unity/Hub/Editor/6000.4.1f1/Editor/Data/NetStandard/compat/2.1.0/shims/netstandard/System.Linq.Expressions.dll"
-r:"C:/Program Files/Unity/Hub/Editor/6000.4.1f1/Editor/Data/NetStandard/compat/2.1.0/shims/netstandard/System.Linq.Parallel.dll"
-r:"C:/Program Files/Unity/Hub/Editor/6000.4.1f1/Editor/Data/NetStandard/compat/2.1.0/shims/netstandard/System.Linq.Queryable.dll"
-r:"C:/Program Files/Unity/Hub/Editor/6000.4.1f1/Editor/Data/NetStandard/compat/2.1.0/shims/netstandard/System.Linq.dll"
-r:"C:/Program Files/Unity/Hub/Editor/6000.4.1f1/Editor/Data/NetStandard/compat/2.1.0/shims/netstandard/System.Memory.dll"
-r:"C:/Program Files/Unity/Hub/Editor/6000.4.1f1/Editor/Data/NetStandard/compat/2.1.0/shims/netstandard/System.Net.Http.dll"
-r:"C:/Program Files/Unity/Hub/Editor/6000.4.1f1/Editor/Data/NetStandard/compat/2.1.0/shims/netstandard/System.Net.NameResolution.dll"
-r:"C:/Program Files/Unity/Hub/Editor/6000.4.1f1/Editor/Data/NetStandard/compat/2.1.0/shims/netstandard/System.Net.NetworkInformation.dll"
-r:"C:/Program Files/Unity/Hub/Editor/6000.4.1f1/Editor/Data/NetStandard/compat/2.1.0/shims/netstandard/System.Net.Ping.dll"
-r:"C:/Program Files/Unity/Hub/Editor/6000.4.1f1/Editor/Data/NetStandard/compat/2.1.0/shims/netstandard/System.Net.Primitives.dll"
-r:"C:/Program Files/Unity/Hub/Editor/6000.4.1f1/Editor/Data/NetStandard/compat/2.1.0/shims/netstandard/System.Net.Requests.dll"
-r:"C:/Program Files/Unity/Hub/Editor/6000.4.1f1/Editor/Data/NetStandard/compat/2.1.0/shims/netstandard/System.Net.Security.dll"
-r:"C:/Program Files/Unity/Hub/Editor/6000.4.1f1/Editor/Data/NetStandard/compat/2.1.0/shims/netstandard/System.Net.Sockets.dll"
-r:"C:/Program Files/Unity/Hub/Editor/6000.4.1f1/Editor/Data/NetStandard/compat/2.1.0/shims/netstandard/System.Net.WebHeaderCollection.dll"
-r:"C:/Program Files/Unity/Hub/Editor/6000.4.1f1/Editor/Data/NetStandard/compat/2.1.0/shims/netstandard/System.Net.WebSockets.Client.dll"
-r:"C:/Program Files/Unity/Hub/Editor/6000.4.1f1/Editor/Data/NetStandard/compat/2.1.0/shims/netstandard/System.Net.WebSockets.dll"
-r:"C:/Program Files/Unity/Hub/Editor/6000.4.1f1/Editor/Data/NetStandard/compat/2.1.0/shims/netstandard/System.Numerics.Vectors.dll"
-r:"C:/Program Files/Unity/Hub/Editor/6000.4.1f1/Editor/Data/NetStandard/compat/2.1.0/shims/netstandard/System.ObjectModel.dll"
-r:"C:/Program Files/Unity/Hub/Editor/6000.4.1f1/Editor/Data/NetStandard/compat/2.1.0/shims/netstandard/System.Reflection.DispatchProxy.dll"
-r:"C:/Program Files/Unity/Hub/Editor/6000.4.1f1/Editor/Data/NetStandard/compat/2.1.0/shims/netstandard/System.Reflection.Emit.ILGeneration.dll"
-r:"C:/Program Files/Unity/Hub/Editor/6000.4.1f1/Editor/Data/NetStandard/compat/2.1.0/shims/netstandard/System.Reflection.Emit.Lightweight.dll"
-r:"C:/Program Files/Unity/Hub/Editor/6000.4.1f1/Editor/Data/NetStandard/compat/2.1.0/shims/netstandard/System.Reflection.Emit.dll"
-r:"C:/Program Files/Unity/Hub/Editor/6000.4.1f1/Editor/Data/NetStandard/compat/2.1.0/shims/netstandard/System.Reflection.Extensions.dll"
-r:"C:/Program Files/Unity/Hub/Editor/6000.4.1f1/Editor/Data/NetStandard/compat/2.1.0/shims/netstandard/System.Reflection.Primitives.dll"
-r:"C:/Program Files/Unity/Hub/Editor/6000.4.1f1/Editor/Data/NetStandard/compat/2.1.0/shims/netstandard/System.Reflection.dll"
-r:"C:/Program Files/Unity/Hub/Editor/6000.4.1f1/Editor/Data/NetStandard/compat/2.1.0/shims/netstandard/System.Resources.Reader.dll"
-r:"C:/Program Files/Unity/Hub/Editor/6000.4.1f1/Editor/Data/NetStandard/compat/2.1.0/shims/netstandard/System.Resources.ResourceManager.dll"
-r:"C:/Program Files/Unity/Hub/Editor/6000.4.1f1/Editor/Data/NetStandard/compat/2.1.0/shims/netstandard/System.Resources.Writer.dll"
-r:"C:/Program Files/Unity/Hub/Editor/6000.4.1f1/Editor/Data/NetStandard/compat/2.1.0/shims/netstandard/System.Runtime.CompilerServices.VisualC.dll"
-r:"C:/Program Files/Unity/Hub/Editor/6000.4.1f1/Editor/Data/NetStandard/compat/2.1.0/shims/netstandard/System.Runtime.Extensions.dll"
-r:"C:/Program Files/Unity/Hub/Editor/6000.4.1f1/Editor/Data/NetStandard/compat/2.1.0/shims/netstandard/System.Runtime.Handles.dll"
-r:"C:/Program Files/Unity/Hub/Editor/6000.4.1f1/Editor/Data/NetStandard/compat/2.1.0/shims/netstandard/System.Runtime.InteropServices.RuntimeInformation.dll"
-r:"C:/Program Files/Unity/Hub/Editor/6000.4.1f1/Editor/Data/NetStandard/compat/2.1.0/shims/netstandard/System.Runtime.InteropServices.dll"
-r:"C:/Program Files/Unity/Hub/Editor/6000.4.1f1/Editor/Data/NetStandard/compat/2.1.0/shims/netstandard/System.Runtime.Numerics.dll"
-r:"C:/Program Files/Unity/Hub/Editor/6000.4.1f1/Editor/Data/NetStandard/compat/2.1.0/shims/netstandard/System.Runtime.Serialization.Formatters.dll"
-r:"C:/Program Files/Unity/Hub/Editor/6000.4.1f1/Editor/Data/NetStandard/compat/2.1.0/shims/netstandard/System.Runtime.Serialization.Json.dll"
-r:"C:/Program Files/Unity/Hub/Editor/6000.4.1f1/Editor/Data/NetStandard/compat/2.1.0/shims/netstandard/System.Runtime.Serialization.Primitives.dll"
-r:"C:/Program Files/Unity/Hub/Editor/6000.4.1f1/Editor/Data/NetStandard/compat/2.1.0/shims/netstandard/System.Runtime.Serialization.Xml.dll"
-r:"C:/Program Files/Unity/Hub/Editor/6000.4.1f1/Editor/Data/NetStandard/compat/2.1.0/shims/netstandard/System.Runtime.dll"
-r:"C:/Program Files/Unity/Hub/Editor/6000.4.1f1/Editor/Data/NetStandard/compat/2.1.0/shims/netstandard/System.Security.Claims.dll"
-r:"C:/Program Files/Unity/Hub/Editor/6000.4.1f1/Editor/Data/NetStandard/compat/2.1.0/shims/netstandard/System.Security.Cryptography.Algorithms.dll"
-r:"C:/Program Files/Unity/Hub/Editor/6000.4.1f1/Editor/Data/NetStandard/compat/2.1.0/shims/netstandard/System.Security.Cryptography.Csp.dll"
-r:"C:/Program Files/Unity/Hub/Editor/6000.4.1f1/Editor/Data/NetStandard/compat/2.1.0/shims/netstandard/System.Security.Cryptography.Encoding.dll"
-r:"C:/Program Files/Unity/Hub/Editor/6000.4.1f1/Editor/Data/NetStandard/compat/2.1.0/shims/netstandard/System.Security.Cryptography.Primitives.dll"
-r:"C:/Program Files/Unity/Hub/Editor/6000.4.1f1/Editor/Data/NetStandard/compat/2.1.0/shims/netstandard/System.Security.Cryptography.X509Certificates.dll"
-r:"C:/Program Files/Unity/Hub/Editor/6000.4.1f1/Editor/Data/NetStandard/compat/2.1.0/shims/netstandard/System.Security.Principal.dll"
-r:"C:/Program Files/Unity/Hub/Editor/6000.4.1f1/Editor/Data/NetStandard/compat/2.1.0/shims/netstandard/System.Security.SecureString.dll"
-r:"C:/Program Files/Unity/Hub/Editor/6000.4.1f1/Editor/Data/NetStandard/compat/2.1.0/shims/netstandard/System.Text.Encoding.Extensions.dll"
-r:"C:/Program Files/Unity/Hub/Editor/6000.4.1f1/Editor/Data/NetStandard/compat/2.1.0/shims/netstandard/System.Text.Encoding.dll"
-r:"C:/Program Files/Unity/Hub/Editor/6000.4.1f1/Editor/Data/NetStandard/compat/2.1.0/shims/netstandard/System.Text.RegularExpressions.dll"
-r:"C:/Program Files/Unity/Hub/Editor/6000.4.1f1/Editor/Data/NetStandard/compat/2.1.0/shims/netstandard/System.Threading.Overlapped.dll"
-r:"C:/Program Files/Unity/Hub/Editor/6000.4.1f1/Editor/Data/NetStandard/compat/2.1.0/shims/netstandard/System.Threading.Tasks.Extensions.dll"
-r:"C:/Program Files/Unity/Hub/Editor/6000.4.1f1/Editor/Data/NetStandard/compat/2.1.0/shims/netstandard/System.Threading.Tasks.Parallel.dll"
-r:"C:/Program Files/Unity/Hub/Editor/6000.4.1f1/Editor/Data/NetStandard/compat/2.1.0/shims/netstandard/System.Threading.Tasks.dll"
-r:"C:/Program Files/Unity/Hub/Editor/6000.4.1f1/Editor/Data/NetStandard/compat/2.1.0/shims/netstandard/System.Threading.Thread.dll"
-r:"C:/Program Files/Unity/Hub/Editor/6000.4.1f1/Editor/Data/NetStandard/compat/2.1.0/shims/netstandard/System.Threading.ThreadPool.dll"
-r:"C:/Program Files/Unity/Hub/Editor/6000.4.1f1/Editor/Data/NetStandard/compat/2.1.0/shims/netstandard/System.Threading.Timer.dll"
-r:"C:/Program Files/Unity/Hub/Editor/6000.4.1f1/Editor/Data/NetStandard/compat/2.1.0/shims/netstandard/System.Threading.dll"
-r:"C:/Program Files/Unity/Hub/Editor/6000.4.1f1/Editor/Data/NetStandard/compat/2.1.0/shims/netstandard/System.ValueTuple.dll"
-r:"C:/Program Files/Unity/Hub/Editor/6000.4.1f1/Editor/Data/NetStandard/compat/2.1.0/shims/netstandard/System.Xml.ReaderWriter.dll"
-r:"C:/Program Files/Unity/Hub/Editor/6000.4.1f1/Editor/Data/NetStandard/compat/2.1.0/shims/netstandard/System.Xml.XDocument.dll"
-r:"C:/Program Files/Unity/Hub/Editor/6000.4.1f1/Editor/Data/NetStandard/compat/2.1.0/shims/netstandard/System.Xml.XPath.XDocument.dll"
-r:"C:/Program Files/Unity/Hub/Editor/6000.4.1f1/Editor/Data/NetStandard/compat/2.1.0/shims/netstandard/System.Xml.XPath.dll"
-r:"C:/Program Files/Unity/Hub/Editor/6000.4.1f1/Editor/Data/NetStandard/compat/2.1.0/shims/netstandard/System.Xml.XmlDocument.dll"
-r:"C:/Program Files/Unity/Hub/Editor/6000.4.1f1/Editor/Data/NetStandard/compat/2.1.0/shims/netstandard/System.Xml.XmlSerializer.dll"
-r:"C:/Program Files/Unity/Hub/Editor/6000.4.1f1/Editor/Data/NetStandard/ref/2.1.0/netstandard.dll"
-r:"C:/Program Files/Unity/Hub/Editor/6000.4.1f1/Editor/Data/PlaybackEngines/AndroidPlayer/Unity.Android.Gradle.dll"
-r:"C:/Program Files/Unity/Hub/Editor/6000.4.1f1/Editor/Data/PlaybackEngines/AndroidPlayer/Unity.Android.Types.dll"
-r:"C:/Program Files/Unity/Hub/Editor/6000.4.1f1/Editor/Data/PlaybackEngines/AndroidPlayer/UnityEditor.Android.Extensions.dll"
-r:"C:/Program Files/Unity/Hub/Editor/6000.4.1f1/Editor/Data/PlaybackEngines/LinuxStandaloneSupport/UnityEditor.LinuxStandalone.Extensions.dll"
-r:"C:/Program Files/Unity/Hub/Editor/6000.4.1f1/Editor/Data/PlaybackEngines/MacStandaloneSupport/UnityEditor.OSXStandalone.Extensions.dll"
-r:"C:/Program Files/Unity/Hub/Editor/6000.4.1f1/Editor/Data/PlaybackEngines/MacStandaloneSupport/UnityEditor.iOS.Extensions.Xcode.dll"
-r:"C:/Program Files/Unity/Hub/Editor/6000.4.1f1/Editor/Data/PlaybackEngines/WindowsStandaloneSupport/UnityEditor.WindowsStandalone.Extensions.dll"
-r:"Library/PackageCache/com.unity.collab-proxy@a5329f833fa8/Lib/Editor/Unity.Plastic.Antlr3.Runtime.dll"
-r:"Library/PackageCache/com.unity.collab-proxy@a5329f833fa8/Lib/Editor/Unity.Plastic.Newtonsoft.Json.dll"
-r:"Library/PackageCache/com.unity.collab-proxy@a5329f833fa8/Lib/Editor/log4netPlastic.dll"
-r:"Library/PackageCache/com.unity.collab-proxy@a5329f833fa8/Lib/Editor/unityplastic.dll"
-r:"Library/PackageCache/com.unity.collections@538ace9075bc/Unity.Collections.LowLevel.ILSupport/Unity.Collections.LowLevel.ILSupport.dll"
-r:"Library/PackageCache/com.unity.collections@538ace9075bc/Unity.Collections.Tests/System.IO.Hashing/System.IO.Hashing.dll"
-r:"Library/PackageCache/com.unity.collections@538ace9075bc/Unity.Collections.Tests/System.Runtime.CompilerServices.Unsafe/System.Runtime.CompilerServices.Unsafe.dll"
-r:"Library/PackageCache/com.unity.ext.nunit@d8c07649098d/net40/unity-custom/nunit.framework.dll"
-r:"Library/PackageCache/com.unity.nuget.mono-cecil@ecb9724e46ff/Mono.Cecil.dll"
-r:"Library/PackageCache/com.unity.nuget.newtonsoft-json@4dfd81071c64/Runtime/Newtonsoft.Json.dll"
-r:"Library/PackageCache/com.unity.sharp-zip-lib@f6e4ef34e4d8/Runtime/Unity.SharpZipLib.dll"
-r:"Library/PackageCache/com.unity.visualscripting@8bed5ad90189/Editor/VisualScripting.Core/Dependencies/DotNetZip/Unity.VisualScripting.IonicZip.dll"
-r:"Library/PackageCache/com.unity.visualscripting@8bed5ad90189/Editor/VisualScripting.Core/Dependencies/YamlDotNet/Unity.VisualScripting.YamlDotNet.dll"
-r:"Library/PackageCache/com.unity.visualscripting@8bed5ad90189/Editor/VisualScripting.Core/EditorAssetResources/Unity.VisualScripting.TextureAssets.dll"
-r:"Library/PackageCache/com.unity.visualscripting@8bed5ad90189/Runtime/VisualScripting.Flow/Dependencies/NCalc/Unity.VisualScripting.Antlr3.Runtime.dll"
-r:"Library/Bee/artifacts/1900b0aEDbg.dag/GPUInstancer.ref.dll"
-r:"Library/Bee/artifacts/1900b0aEDbg.dag/Hecton8.AI.Cognition.ref.dll"
-r:"Library/Bee/artifacts/1900b0aEDbg.dag/Hecton8.AI.Ecology.Migration.ref.dll"
-r:"Library/Bee/artifacts/1900b0aEDbg.dag/Hecton8.Animation.IK.ref.dll"
-r:"Library/Bee/artifacts/1900b0aEDbg.dag/Hecton8.Audio.Echolocation.ref.dll"
-r:"Library/Bee/artifacts/1900b0aEDbg.dag/Hecton8.Audio.Propagation.ref.dll"
-r:"Library/Bee/artifacts/1900b0aEDbg.dag/Hecton8.Audio.Virtualization.Contracts.ref.dll"
-r:"Library/Bee/artifacts/1900b0aEDbg.dag/Hecton8.Audio.Virtualization.ref.dll"
-r:"Library/Bee/artifacts/1900b0aEDbg.dag/Hecton8.Bootstrap.Contracts.ref.dll"
-r:"Library/Bee/artifacts/1900b0aEDbg.dag/Hecton8.Cartography.ref.dll"
-r:"Library/Bee/artifacts/1900b0aEDbg.dag/Hecton8.Core.Bucketing.ref.dll"
-r:"Library/Bee/artifacts/1900b0aEDbg.dag/Hecton8.Core.Contracts.ref.dll"
-r:"Library/Bee/artifacts/1900b0aEDbg.dag/Hecton8.Core.Database.ref.dll"
-r:"Library/Bee/artifacts/1900b0aEDbg.dag/Hecton8.Core.Memory.ref.dll"
-r:"Library/Bee/artifacts/1900b0aEDbg.dag/Hecton8.Core.Persistence.Paging.ref.dll"
-r:"Library/Bee/artifacts/1900b0aEDbg.dag/Hecton8.Core.Scheduling.ref.dll"
-r:"Library/Bee/artifacts/1900b0aEDbg.dag/Hecton8.Environment.Fluids.Contracts.ref.dll"
-r:"Library/Bee/artifacts/1900b0aEDbg.dag/Hecton8.Environment.Fluids.ref.dll"
-r:"Library/Bee/artifacts/1900b0aEDbg.dag/Hecton8.Input.ref.dll"
-r:"Library/Bee/artifacts/1900b0aEDbg.dag/Hecton8.Inventory.Algorithms.ref.dll"
-r:"Library/Bee/artifacts/1900b0aEDbg.dag/Hecton8.Inventory.Corrosion.Contracts.ref.dll"
-r:"Library/Bee/artifacts/1900b0aEDbg.dag/Hecton8.Inventory.Corrosion.ref.dll"
-r:"Library/Bee/artifacts/1900b0aEDbg.dag/Hecton8.Logistics.Grid.Contracts.ref.dll"
-r:"Library/Bee/artifacts/1900b0aEDbg.dag/Hecton8.Logistics.Grid.ref.dll"
-r:"Library/Bee/artifacts/1900b0aEDbg.dag/Hecton8.Logistics.ref.dll"
-r:"Library/Bee/artifacts/1900b0aEDbg.dag/Hecton8.Physics.CCD.ref.dll"
-r:"Library/Bee/artifacts/1900b0aEDbg.dag/Hecton8.Physics.Determinism.ref.dll"
-r:"Library/Bee/artifacts/1900b0aEDbg.dag/Hecton8.Tools.ToolKinematics.Contracts.ref.dll"
-r:"Library/Bee/artifacts/1900b0aEDbg.dag/Hecton8.UI.Diegetic.Contracts.ref.dll"
-r:"Library/Bee/artifacts/1900b0aEDbg.dag/Hecton8.UI.Localization.ref.dll"
-r:"Library/Bee/artifacts/1900b0aEDbg.dag/Hecton8.World.Contracts.ref.dll"
-r:"Library/Bee/artifacts/1900b0aEDbg.dag/Hecton8.World.Terrain.ref.dll"
-r:"Library/Bee/artifacts/1900b0aEDbg.dag/Unity.Addressables.ref.dll"
-r:"Library/Bee/artifacts/1900b0aEDbg.dag/Unity.Burst.ref.dll"
-r:"Library/Bee/artifacts/1900b0aEDbg.dag/Unity.Collections.ref.dll"
-r:"Library/Bee/artifacts/1900b0aEDbg.dag/Unity.InputSystem.ref.dll"
-r:"Library/Bee/artifacts/1900b0aEDbg.dag/Unity.Mathematics.ref.dll"
-r:"Library/Bee/artifacts/1900b0aEDbg.dag/Unity.Profiling.Core.ref.dll"
-r:"Library/Bee/artifacts/1900b0aEDbg.dag/Unity.RenderPipelines.Core.Runtime.ref.dll"
-r:"Library/Bee/artifacts/1900b0aEDbg.dag/Unity.RenderPipelines.Universal.Runtime.ref.dll"
-r:"Library/Bee/artifacts/1900b0aEDbg.dag/Unity.ResourceManager.ref.dll"
-r:"Library/Bee/artifacts/1900b0aEDbg.dag/Unity.TextMeshPro.ref.dll"
-r:"Library/Bee/artifacts/1900b0aEDbg.dag/UnityEditor.UI.ref.dll"
-r:"Library/Bee/artifacts/1900b0aEDbg.dag/UnityEngine.UI.ref.dll"
-analyzer:"C:/Program Files/Unity/Hub/Editor/6000.4.1f1/Editor/Data/Tools/BuildPipeline/Unity.SourceGenerators/Unity.Properties.SourceGenerator.dll"
-analyzer:"C:/Program Files/Unity/Hub/Editor/6000.4.1f1/Editor/Data/Tools/BuildPipeline/Unity.SourceGenerators/Unity.SourceGenerators.dll"
-analyzer:"C:/Program Files/Unity/Hub/Editor/6000.4.1f1/Editor/Data/Tools/BuildPipeline/Unity.SourceGenerators/Unity.UIToolkit.SourceGenerator.dll"
"Assets/_Project/Scripts/AI/Ecosystem/EcosystemPopulationBalancer.cs"
"Assets/_Project/Scripts/AI/Ecosystem/ShinobuEcosystemBalancer.FlockingAvoidance.cs"
"Assets/_Project/Scripts/AI/Ecosystem/ShinobuEcosystemBalancer.cs"
"Assets/_Project/Scripts/AI/Ecosystem/ShinobuFloraFaunaSymbiosisSolver.cs"
"Assets/_Project/Scripts/AI/Ecosystem/ShinobuSpatialGridSolver.cs"
"Assets/_Project/Scripts/AI/Perception/RetinalAdaptationVault.cs"
"Assets/_Project/Scripts/AI/Perception/RetinalExposureMath.cs"
"Assets/_Project/Scripts/AI/Sensory/AcousticEchoLocationRuntime.cs"
"Assets/_Project/Scripts/AcousticZoneController.cs"
"Assets/_Project/Scripts/AmbientWaterMotion.cs"
"Assets/_Project/Scripts/AmbientWaterMotionManager.cs"
"Assets/_Project/Scripts/AmbientWaterMotionProfile.cs"
"Assets/_Project/Scripts/Animation/Fauna/ProceduralBiteIkJobs.cs"
"Assets/_Project/Scripts/Animation/KineticCharacter/KineticCharacterAnimatorJobs.cs"
"Assets/_Project/Scripts/Animation/KineticCharacter/KineticCharacterAnimatorRuntime.cs"
"Assets/_Project/Scripts/Animation/KineticCharacter/KineticCharacterAnimatorTypes.cs"
"Assets/_Project/Scripts/Animation/Locomotion/LadderClimbIkJobs.cs"
"Assets/_Project/Scripts/Animation/Locomotion/ProceduralLadderClimbRuntime.cs"
"Assets/_Project/Scripts/AssemblyInfo.cs"
"Assets/_Project/Scripts/AsyncLoadHelper.cs"
"Assets/_Project/Scripts/AtlasSignal/Atlas6DirectiveSystem.cs"
"Assets/_Project/Scripts/AtlasSignal/AtlasSignalDecoder.cs"
"Assets/_Project/Scripts/AtlasSignal/AtlasSignalEvents.cs"
"Assets/_Project/Scripts/AtlasSignal/AtlasSignalSystem.cs"
"Assets/_Project/Scripts/AtlasSignal/SignalBeacon.cs"
"Assets/_Project/Scripts/Atmosphere/AtmosphericLightingState.cs"
"Assets/_Project/Scripts/Atmosphere/BaseAtmosphereEngine.cs"
"Assets/_Project/Scripts/Atmosphere/BaseAtmosphereLogisticsEditor.cs"
"Assets/_Project/Scripts/Atmosphere/BaseAtmosphereLogisticsGizmo.cs"
"Assets/_Project/Scripts/Atmosphere/BaseAtmosphereLogisticsJobs.cs"
"Assets/_Project/Scripts/Atmosphere/BaseAtmosphereLogisticsRuntime.cs"
"Assets/_Project/Scripts/Atmosphere/BaseAtmosphereLogisticsTypes.cs"
"Assets/_Project/Scripts/Atmosphere/BaseAtmosphereMath.cs"
"Assets/_Project/Scripts/Atmosphere/GasDynamicsSolver.cs"
"Assets/_Project/Scripts/Atmosphere/HectonSurfaceWeatherDirector.cs"
"Assets/_Project/Scripts/Atmosphere/ShinobuAtmosphereWaveTunerWindow.cs"
"Assets/_Project/Scripts/Atmosphere/ShinobuOceanSurfaceAtmosphereContracts.cs"
"Assets/_Project/Scripts/Atmosphere/ShinobuOceanSurfaceAtmosphereRuntime.cs"
"Assets/_Project/Scripts/Atmosphere/SurfaceWeatherMath.cs"
"Assets/_Project/Scripts/Atmosphere/SurfaceWeatherProfile.cs"
"Assets/_Project/Scripts/Atmosphere/SurfaceWeatherVfxRig.cs"
"Assets/_Project/Scripts/Atmosphere/ToxicOutgassingChemistryRuntime.cs"
"Assets/_Project/Scripts/Atmosphere/ToxicOutgassingChemistryTypes.cs"
"Assets/_Project/Scripts/AtmosphereProfile.cs"
"Assets/_Project/Scripts/Audio/AcousticReverbPresetTrigger.cs"
"Assets/_Project/Scripts/Audio/AdaptiveStem/AdaptiveStemAudioMixer.cs"
"Assets/_Project/Scripts/Audio/AtmosphericAudioRuntimeInstaller.cs"
"Assets/_Project/Scripts/Audio/AudioMaterialProfile.cs"
"Assets/_Project/Scripts/Audio/DeepPsychosisController.cs"
"Assets/_Project/Scripts/Audio/Editor/AbyssalAcousticsTunerWindow.cs"
"Assets/_Project/Scripts/Audio/Editor/AdaptiveAudioTunerWindow.cs"
"Assets/_Project/Scripts/Audio/Editor/AdvancedAcousticsSmokeTester.cs"
"Assets/_Project/Scripts/Audio/Editor/AudioImportDictator.cs"
"Assets/_Project/Scripts/Audio/Editor/AudioOmegaAutonomySmokeTester.cs"
"Assets/_Project/Scripts/Audio/Editor/DSPThreadSafetySmokeTester.cs"
"Assets/_Project/Scripts/Audio/Editor/GranularSynthTunerWindow.cs"
"Assets/_Project/Scripts/Audio/Editor/SabineReverbDspTunerWindow.cs"
"Assets/_Project/Scripts/Audio/Editor/ShinobuAcousticDspSmokeTester.cs"
"Assets/_Project/Scripts/Audio/HectonMusicBiomeProfile.cs"
"Assets/_Project/Scripts/Audio/HectonMusicClip.cs"
"Assets/_Project/Scripts/Audio/HectonMusicDirector.cs"
"Assets/_Project/Scripts/Audio/HectonMusicDirectorAnchor.cs"
"Assets/_Project/Scripts/Audio/HectonMusicDirectorConfig.cs"
"Assets/_Project/Scripts/Audio/HectonSensoryKernelNativeBridge.cs"
"Assets/_Project/Scripts/Audio/MusicVoicePool.cs"
"Assets/_Project/Scripts/Audio/NativeAudioFrameRingBuffer.cs"
"Assets/_Project/Scripts/Audio/PlayerCriticalBufferJobs.cs"
"Assets/_Project/Scripts/Audio/PlayerCriticalMetallicGrainBank.cs"
"Assets/_Project/Scripts/Audio/PlayerCriticalProceduralAudioRenderer.cs"
"Assets/_Project/Scripts/Audio/ProceduralAudioEvents.cs"
"Assets/_Project/Scripts/Audio/VocalWarningSystem.cs"
"Assets/_Project/Scripts/AudioLog/AudioLogData.cs"
"Assets/_Project/Scripts/AudioLog/AudioLogDiscoveryBitMask.cs"
"Assets/_Project/Scripts/AudioLog/AudioLogEvents.cs"
"Assets/_Project/Scripts/AudioLog/AudioLogPickup.cs"
"Assets/_Project/Scripts/AudioLog/AudioLogSystem.cs"
"Assets/_Project/Scripts/AutomationOmegaSmokeTester.cs"
"Assets/_Project/Scripts/AutomationSmokeTester.cs"
"Assets/_Project/Scripts/BarterRuntimeSmokeTester.cs"
"Assets/_Project/Scripts/BaseModule.cs"
"Assets/_Project/Scripts/BaseModuleTemplate.cs"
"Assets/_Project/Scripts/BaseStressRuntimeSmokeTester.cs"
"Assets/_Project/Scripts/BeaconDeployerTool.cs"
"Assets/_Project/Scripts/BeaconNetworkSystem.cs"
"Assets/_Project/Scripts/BeaconRuntime.cs"
"Assets/_Project/Scripts/BiomeDiscoveryBitMask.cs"
"Assets/_Project/Scripts/BiomeMatrixDirector.cs"
"Assets/_Project/Scripts/BiomeSamplerCache.cs"
"Assets/_Project/Scripts/Bootstrap/BootstrapController.cs"
"Assets/_Project/Scripts/Bootstrap/BootstrapEvents.cs"
"Assets/_Project/Scripts/Bootstrap/BootstrapHealthMonitor.cs"
"Assets/_Project/Scripts/Bootstrap/BootstrapRegistryCycleValidator.cs"
"Assets/_Project/Scripts/Bootstrap/BootstrapRouteEnforcer.cs"
"Assets/_Project/Scripts/Bootstrap/GameBootstrapper.cs"
"Assets/_Project/Scripts/Bootstrap/HectonLoreSystemsRoot.cs"
"Assets/_Project/Scripts/Bootstrap/SceneGuard.cs"
"Assets/_Project/Scripts/Bootstrap/SceneInstantiationGate.cs"
"Assets/_Project/Scripts/Build/BuildInfo.cs"
"Assets/_Project/Scripts/Build/BuildInfoHudPresenter.cs"
"Assets/_Project/Scripts/BuildTools/BuildPlaytestEntry.cs"
"Assets/_Project/Scripts/BuildableData.cs"
"Assets/_Project/Scripts/BuilderRuntimeSmokeTester.cs"
"Assets/_Project/Scripts/BuilderTool.cs"
"Assets/_Project/Scripts/BuoyancyObject.cs"
"Assets/_Project/Scripts/BuoyancyProfile.cs"
"Assets/_Project/Scripts/CameraJuiceProcessor.cs"
"Assets/_Project/Scripts/CaveBioRootsGenerator.cs"
"Assets/_Project/Scripts/CaveBiomeTemplate.cs"
"Assets/_Project/Scripts/CaveDressingConfig.cs"
"Assets/_Project/Scripts/CaveFaunaContext.cs"
"Assets/_Project/Scripts/CaveGlowingTissueRuntimeBuilder.cs"
"Assets/_Project/Scripts/CaveGraphGenerator.cs"
"Assets/_Project/Scripts/CaveRuntimeBoundsUtility.cs"
"Assets/_Project/Scripts/CaveSedimentShelfRuntimeBuilder.cs"
"Assets/_Project/Scripts/CaveServiceRemnantRuntimeBuilder.cs"
"Assets/_Project/Scripts/CaveTypes.cs"
"Assets/_Project/Scripts/CaveWallGrowthRuntimeBuilder.cs"
"Assets/_Project/Scripts/Compatibility/AddressablesCompatibility.cs"
"Assets/_Project/Scripts/Compatibility/LegacyStubs/DefaultFlowFieldProfile.cs"
"Assets/_Project/Scripts/ComponentCache.cs"
"Assets/_Project/Scripts/Construction/AutomataTemplate.cs"
"Assets/_Project/Scripts/Construction/AutonomousExtractorSystem.cs"
"Assets/_Project/Scripts/Construction/BaseDegradationSystem.cs"
"Assets/_Project/Scripts/Construction/BaseLogisticsNetwork.cs"
"Assets/_Project/Scripts/Construction/BaseModuleCatalogRuntime.cs"
"Assets/_Project/Scripts/Construction/BaseModuleNavModifier.cs"
"Assets/_Project/Scripts/Construction/BatteryBankModule.cs"
"Assets/_Project/Scripts/Construction/BatteryChargerModule.cs"
"Assets/_Project/Scripts/Construction/BotanyPlanterModule.cs"
"Assets/_Project/Scripts/Construction/BulkheadContainmentContracts.cs"
"Assets/_Project/Scripts/Construction/BulkheadContainmentJobs.cs"
"Assets/_Project/Scripts/Construction/BulkheadContainmentRuntime.cs"
"Assets/_Project/Scripts/Construction/ConstructionRuntimeProxyFactory.cs"
"Assets/_Project/Scripts/Construction/ConstructionSignals.cs"
"Assets/_Project/Scripts/Construction/CultivationManager.cs"
"Assets/_Project/Scripts/Construction/DeepDrillModule.cs"
"Assets/_Project/Scripts/Construction/DroneCognitionJob.cs"
"Assets/_Project/Scripts/Construction/DroneFleetManager.cs"
"Assets/_Project/Scripts/Construction/DroneFleetNavigationKernel.cs"
"Assets/_Project/Scripts/Construction/Editor/BulkheadContainmentEditor.cs"
"Assets/_Project/Scripts/Construction/Editor/FoundationSnappingCalculatorEditor.cs"
"Assets/_Project/Scripts/Construction/FluidPipeGraphRuntime.cs"
"Assets/_Project/Scripts/Construction/FoundationPylonGpuBatch.cs"
"Assets/_Project/Scripts/Construction/FoundationSnappingCalculatorData.cs"
"Assets/_Project/Scripts/Construction/FoundationSnappingCalculatorJobs.cs"
"Assets/_Project/Scripts/Construction/HabitatConstructionManager.cs"
"Assets/_Project/Scripts/Construction/HabitatGraphManager.cs"
"Assets/_Project/Scripts/Construction/HabitatStressJobs.cs"
"Assets/_Project/Scripts/Construction/HectonBlueprintPreviewBatch.cs"
"Assets/_Project/Scripts/Construction/LogisticsPipeNode.cs"
"Assets/_Project/Scripts/Construction/LogisticsPipeRoutingKernel.cs"
"Assets/_Project/Scripts/Construction/LogisticsPipeTransportScheduler.cs"
"Assets/_Project/Scripts/Construction/LogisticsRouteScratchMemory.cs"
"Assets/_Project/Scripts/Construction/LogisticsSorterModule.cs"
"Assets/_Project/Scripts/Construction/MaintenanceStationModule.cs"
"Assets/_Project/Scripts/Construction/ModularBaseConstructionValidator.cs"
"Assets/_Project/Scripts/Construction/ModuleIntegrityComponent.cs"
"Assets/_Project/Scripts/Construction/ModuleLifeSupportComponent.cs"
"Assets/_Project/Scripts/Construction/RepairDroneEntity.cs"
"Assets/_Project/Scripts/Construction/RepairDroneHub.cs"
"Assets/_Project/Scripts/Construction/RepairStation.cs"
"Assets/_Project/Scripts/Construction/ShinobuSocketConstructionData.cs"
"Assets/_Project/Scripts/Construction/ShinobuSocketConstructionJobs.cs"
"Assets/_Project/Scripts/Construction/StructuralIntegrityProfile.cs"
"Assets/_Project/Scripts/Construction/SumpPumpPipeGridContracts.cs"
"Assets/_Project/Scripts/Construction/SumpPumpPipeGridJobs.cs"
"Assets/_Project/Scripts/Construction/SumpPumpPipeGridRuntime.cs"
"Assets/_Project/Scripts/Construction/TransitionHatchMeshState.cs"
"Assets/_Project/Scripts/Construction/VRConstructionWeldTarget.cs"
"Assets/_Project/Scripts/Construction/VRPipeBlueprintPreview.cs"
"Assets/_Project/Scripts/Construction/VehicleDockingModule.cs"
"Assets/_Project/Scripts/Construction/WaterPumpModule.cs"
"Assets/_Project/Scripts/ConstructionManager.cs"
"Assets/_Project/Scripts/ControlScheme.cs"
"Assets/_Project/Scripts/Core/Arm64AlignmentFaultGizmo.cs"
"Assets/_Project/Scripts/Core/BatteryChargerLogisticsBridge.cs"
"Assets/_Project/Scripts/Core/BinaryLayoutManifest.cs"
"Assets/_Project/Scripts/Core/BlackBoxHeartbeatThread.cs"
"Assets/_Project/Scripts/Core/Bridge/Generated/H8DesignFacadeContracts.generated.cs"
"Assets/_Project/Scripts/Core/Bridge/H8BridgeBinaryLayoutVerifier.cs"
"Assets/_Project/Scripts/Core/Bridge/H8BridgeContracts.cs"
"Assets/_Project/Scripts/Core/Bridge/H8BridgeFacadeRuntime.cs"
"Assets/_Project/Scripts/Core/Bridge/H8DesignDataFacade.cs"
"Assets/_Project/Scripts/Core/Bridge/H8InputMappingFacade.cs"
"Assets/_Project/Scripts/Core/Bridge/H8PrefabRegistry.cs"
"Assets/_Project/Scripts/Core/Bridge/H8PrefabRegistryRuntimeBinder.cs"
"Assets/_Project/Scripts/Core/BulkheadContainmentIntentBus.cs"
"Assets/_Project/Scripts/Core/BurstCallback.cs"
"Assets/_Project/Scripts/Core/CameraJuiceSignals.cs"
"Assets/_Project/Scripts/Core/CinematicMath.cs"
"Assets/_Project/Scripts/Core/ConnectionSplineBatchRenderer.cs"
"Assets/_Project/Scripts/Core/Content/ContentAssetHashMap.cs"
"Assets/_Project/Scripts/Core/Content/ContentLoreBinaryProvider.cs"
"Assets/_Project/Scripts/Core/Content/ContentRuntimeServices.cs"
"Assets/_Project/Scripts/Core/Content/ContentSaveSlotTopology.cs"
"Assets/_Project/Scripts/Core/Content/ObjectBatchBase.cs"
"Assets/_Project/Scripts/Core/Content/VisibilityProxyBase.cs"
"Assets/_Project/Scripts/Core/Data/BabelDictionaryStore.cs"
"Assets/_Project/Scripts/Core/Data/Editor/CacheBTreeTopologyXRayWindow.cs"
"Assets/_Project/Scripts/Core/Data/H8DataBaker.cs"
"Assets/_Project/Scripts/Core/Data/H8StaticDataContracts.cs"
"Assets/_Project/Scripts/Core/Data/H8StaticDataSanity.cs"
"Assets/_Project/Scripts/Core/Data/InventoryCost.cs"
"Assets/_Project/Scripts/Core/Data/StaticDataStore.cs"
"Assets/_Project/Scripts/Core/DependencyAttribute.cs"
"Assets/_Project/Scripts/Core/Determinism/LockstepStateValidator.cs"
"Assets/_Project/Scripts/Core/DeterministicReplaySeed.cs"
"Assets/_Project/Scripts/Core/Diagnostics/AsynchronousTelemetryExporter.cs"
"Assets/_Project/Scripts/Core/Diagnostics/Visuals/ArchitectEyeDebugSignal.cs"
"Assets/_Project/Scripts/Core/Diagnostics/Visuals/ArchitectEyePdaCommandConsole.cs"
"Assets/_Project/Scripts/Core/Diagnostics/Visuals/ArchitectEyeVisualizer.cs"
"Assets/_Project/Scripts/Core/Diagnostics/Visuals/Editor/ArchitectEyeBlackBoxTimelineViewer.cs"
"Assets/_Project/Scripts/Core/Diagnostics/Visuals/VaultMemoryGizmoVisualizer.cs"
"Assets/_Project/Scripts/Core/Diagnostics/Visuals/VaultProbeUtility.cs"
"Assets/_Project/Scripts/Core/DispatcherJobFence.cs"
"Assets/_Project/Scripts/Core/DistanceMath.cs"
"Assets/_Project/Scripts/Core/DodReplayRecorder.cs"
"Assets/_Project/Scripts/Core/Editor/InputCurveHapticsTunerWindow.cs"
"Assets/_Project/Scripts/Core/EnumFastComparer.cs"
"Assets/_Project/Scripts/Core/EnvironmentRuntimeContextService.cs"
"Assets/_Project/Scripts/Core/ExosuitKinematicAuthority.cs"
"Assets/_Project/Scripts/Core/FixedCharBuffer.cs"
"Assets/_Project/Scripts/Core/FoveatedSimulationManager.cs"
"Assets/_Project/Scripts/Core/FrameTimeWatchdog.cs"
"Assets/_Project/Scripts/Core/GCMonitor.cs"
"Assets/_Project/Scripts/Core/GameStartContext.cs"
"Assets/_Project/Scripts/Core/Generated/H8Hashes.cs"
"Assets/_Project/Scripts/Core/Generated/H8LoreHashes.cs"
"Assets/_Project/Scripts/Core/Generated/H8QuestMasks.cs"
"Assets/_Project/Scripts/Core/GlobalRegistry.BatteryChargerLogistics.cs"
"Assets/_Project/Scripts/Core/GlobalRegistry.cs"
"Assets/_Project/Scripts/Core/GlobalRegistryContracts.cs"
"Assets/_Project/Scripts/Core/GlobalSignals.cs"
"Assets/_Project/Scripts/Core/GlobalTelemetryBus.Blackbox.cs"
"Assets/_Project/Scripts/Core/GlobalTelemetryBus.cs"
"Assets/_Project/Scripts/Core/H8Debug.cs"
"Assets/_Project/Scripts/Core/HardwareProfileCatalog.cs"
"Assets/_Project/Scripts/Core/HardwareTierDetector.cs"
"Assets/_Project/Scripts/Core/HectonArenaAllocator.cs"
"Assets/_Project/Scripts/Core/HectonLayerMasks.cs"
"Assets/_Project/Scripts/Core/HectonNativeBridge.cs"
"Assets/_Project/Scripts/Core/HectonPersistentPathPolicy.cs"
"Assets/_Project/Scripts/Core/HectonShadowBudgetLight.cs"
"Assets/_Project/Scripts/Core/HectonSpatialIntrinsics.cs"
"Assets/_Project/Scripts/Core/HectonThreadPriorityPolicy.cs"
"Assets/_Project/Scripts/Core/HectonUrpShadowBudgetGuard.cs"
"Assets/_Project/Scripts/Core/HectonUrpTextureRequirementsGuard.cs"
"Assets/_Project/Scripts/Core/HectonXRManager.cs"
"Assets/_Project/Scripts/Core/HectonXRRuntimeState.cs"
"Assets/_Project/Scripts/Core/HomeostasisBrain.ScalabilityDictator.cs"
"Assets/_Project/Scripts/Core/HomeostasisBrain.cs"
"Assets/_Project/Scripts/Core/IDispatcherRaycastReceiver.cs"
"Assets/_Project/Scripts/Core/IOceanVisualBridge.cs"
"Assets/_Project/Scripts/Core/IPlatformIntegration.cs"
"Assets/_Project/Scripts/Core/InputDeterminismDtos.cs"
"Assets/_Project/Scripts/Core/InputDispatcher.cs"
"Assets/_Project/Scripts/Core/InstanceCullingServiceRegistryBridge.cs"
"Assets/_Project/Scripts/Core/JobAdmissionTelemetryBridge.cs"
"Assets/_Project/Scripts/Core/JobFenceManager.cs"
"Assets/_Project/Scripts/Core/LogisticsPipeBuilder.cs"
"Assets/_Project/Scripts/Core/MacroDatabaseSignalBridge.cs"
"Assets/_Project/Scripts/Core/MaterialPropertyBlockRegistry.cs"
"Assets/_Project/Scripts/Core/MathGuard.cs"
"Assets/_Project/Scripts/Core/MemoryBudgetTracker.cs"
"Assets/_Project/Scripts/Core/MemoryInquisitor.cs"
"Assets/_Project/Scripts/Core/MemorySentinelRuntime.cs"
"Assets/_Project/Scripts/Core/NativeAllocationTrackerRuntimeBridge.cs"
"Assets/_Project/Scripts/Core/NativeArenaAllocator.cs"
"Assets/_Project/Scripts/Core/NativeArenaArray.cs"
"Assets/_Project/Scripts/Core/NativeBitmask256.cs"
"Assets/_Project/Scripts/Core/NativeMemorySentinel.cs"
"Assets/_Project/Scripts/Core/NativeMemoryTrackingBridgeInstaller.cs"
"Assets/_Project/Scripts/Core/NativeQuery.cs"
"Assets/_Project/Scripts/Core/NativeRingBuffer.cs"
"Assets/_Project/Scripts/Core/OceanKinematicsRuntimeService.cs"
"Assets/_Project/Scripts/Core/OculusFfrEnforcer.cs"
"Assets/_Project/Scripts/Core/Origin/AupOriginShiftCoordinator.cs"
"Assets/_Project/Scripts/Core/Origin/AupPrecisionJobs.cs"
"Assets/_Project/Scripts/Core/PlatformAdaptiveBudgetGovernor.cs"
"Assets/_Project/Scripts/Core/PlatformBatteryWatchdog.cs"
"Assets/_Project/Scripts/Core/PlatformPrecisionClock.cs"
"Assets/_Project/Scripts/Core/PlayerInputState.cs"
"Assets/_Project/Scripts/Core/PlayerInventoryManager.cs"
"Assets/_Project/Scripts/Core/PlayerLookTargetPromptCache.cs"
"Assets/_Project/Scripts/Core/PlayerRuntimeContext.cs"
"Assets/_Project/Scripts/Core/PlayerRuntimeContextService.cs"
"Assets/_Project/Scripts/Core/PlayerSensoryManager.cs"
"Assets/_Project/Scripts/Core/PowerGridRuntimeService.cs"
"Assets/_Project/Scripts/Core/PrologueSequenceRegistryBridge.cs"
"Assets/_Project/Scripts/Core/RebindingManager.cs"
"Assets/_Project/Scripts/Core/RegistryBucket.cs"
"Assets/_Project/Scripts/Core/RenderSettingsBridgeContracts.cs"
"Assets/_Project/Scripts/Core/RenderSettingsLifecycleGuard.cs"
"Assets/_Project/Scripts/Core/RuntimeWatchdog.cs"
"Assets/_Project/Scripts/Core/SceneRuntimeService.cs"
"Assets/_Project/Scripts/Core/SceneTransitionAudioContracts.cs"
"Assets/_Project/Scripts/Core/Signals/CoreDeterminismSignals.cs"
"Assets/_Project/Scripts/Core/Signals/PhysicsWakeSignalContracts.cs"
"Assets/_Project/Scripts/Core/Signals/PlayerMovementPresentationSignals.cs"
"Assets/_Project/Scripts/Core/Signals/PrologueReentrySignals.cs"
"Assets/_Project/Scripts/Core/Signals/SignalCorridorMockSignalGenerators.cs"
"Assets/_Project/Scripts/Core/Signals/SignalWardenRuntime.cs"
"Assets/_Project/Scripts/Core/StackQueue.cs"
"Assets/_Project/Scripts/Core/SteamDeckInputPal.cs"
"Assets/_Project/Scripts/Core/SteamDeckRadialMenu.cs"
"Assets/_Project/Scripts/Core/SystemDispatcher.cs"
"Assets/_Project/Scripts/Core/SystemDispatcherContracts.cs"
"Assets/_Project/Scripts/Core/ThreadSafeCommandQueue.cs"
"Assets/_Project/Scripts/Core/UIStateStore.cs"
"Assets/_Project/Scripts/Core/UnsafeArenaAllocator.cs"
"Assets/_Project/Scripts/Core/UnsafeMemoryCopyGuard.cs"
"Assets/_Project/Scripts/Core/VRAMBudgetTracker.cs"
"Assets/_Project/Scripts/Core/VoxelUnsafeExtensions.cs"
"Assets/_Project/Scripts/Core/ZeroGCFormatter.cs"
"Assets/_Project/Scripts/CraftingEvents.cs"
"Assets/_Project/Scripts/CraftingRuntimeSmokeTester.cs"
"Assets/_Project/Scripts/CraftingSystem.cs"
"Assets/_Project/Scripts/CrashTelemetryBuffer.cs"
"Assets/_Project/Scripts/CreatureArchetypeData.cs"
"Assets/_Project/Scripts/CurrentManager.cs"
"Assets/_Project/Scripts/CurrentVolume.cs"
"Assets/_Project/Scripts/Data/BiomeContentPackContract.cs"
"Assets/_Project/Scripts/Data/Monolith/H8CreatureSoAReconstructJob.cs"
"Assets/_Project/Scripts/Data/Monolith/H8DataHash.cs"
"Assets/_Project/Scripts/Data/Monolith/H8DataMonolithTypes.cs"
"Assets/_Project/Scripts/Data/Monolith/H8StaticDataArena.cs"
"Assets/_Project/Scripts/Data/ResearchDataTemplate.cs"
"Assets/_Project/Scripts/Data/ScannerUpgradeTemplate.cs"
"Assets/_Project/Scripts/Data/XenoBiologyTree.cs"
"Assets/_Project/Scripts/DemoDoor.cs"
"Assets/_Project/Scripts/DemoFirstPersonController.cs"
"Assets/_Project/Scripts/Dev/BiomeBoundarySdfSmokeTester.cs"
"Assets/_Project/Scripts/Dev/BotController.cs"
"Assets/_Project/Scripts/Dev/CelestialCataclysmSmokeTester.cs"
"Assets/_Project/Scripts/Dev/CelestialTimeLapseDebugger.cs"
"Assets/_Project/Scripts/Dev/EditorPlayModeDiagnostics.cs"
"Assets/_Project/Scripts/Dev/HabitatStressSmokeTester.cs"
"Assets/_Project/Scripts/Dev/IL2CPPCrashTelemetryDebugMenu.cs"
"Assets/_Project/Scripts/Dev/NarrativeProgressionSmokeTester.cs"
"Assets/_Project/Scripts/Dev/OmegaAutonomySmokeTester.cs"
"Assets/_Project/Scripts/Dev/ShellVerificationRuntimeSmokeTester.cs"
"Assets/_Project/Scripts/Economy/EconomyInflationProfile.cs"
"Assets/_Project/Scripts/Economy/EconomyRuntimeInstaller.cs"
"Assets/_Project/Scripts/Economy/LootTable.cs"
"Assets/_Project/Scripts/Economy/RecyclingRegistry.cs"
"Assets/_Project/Scripts/Economy/ResourceRecyclerModule.cs"
"Assets/_Project/Scripts/Economy/ResourceScarcityDirector.cs"
"Assets/_Project/Scripts/Economy/ResourceStack.cs"
"Assets/_Project/Scripts/Economy/ScrapManager.cs"
"Assets/_Project/Scripts/Economy/TradeMarauderRuntime.cs"
"Assets/_Project/Scripts/Ecosystem/CreatureGeneticsProfile.cs"
"Assets/_Project/Scripts/Ecosystem/EcosystemHealthDirector.cs"
"Assets/_Project/Scripts/Ecosystem/EcosystemMigrationProfile.cs"
"Assets/_Project/Scripts/Ecosystem/EcosystemRuntimeInstaller.cs"
"Assets/_Project/Scripts/Ecosystem/Editor/FaunaGeneticsTunerWindow.cs"
"Assets/_Project/Scripts/Ecosystem/Editor/MacroEcosystemTunerWindow.cs"
"Assets/_Project/Scripts/Ecosystem/Editor/OOP_Boid_Scanner.cs"
"Assets/_Project/Scripts/Ecosystem/Editor/OOP_Spawner_Scanner.cs"
"Assets/_Project/Scripts/Ecosystem/Editor/OOP_Variant_Scanner.cs"
"Assets/_Project/Scripts/Ecosystem/FaunaBiomeMutationDefinition.cs"
"Assets/_Project/Scripts/Ecosystem/FaunaBrain.Ecosystem.cs"
"Assets/_Project/Scripts/Ecosystem/FaunaGeneticTraits.cs"
"Assets/_Project/Scripts/Ecosystem/FaunaGeneticsManager.cs"
"Assets/_Project/Scripts/Ecosystem/FaunaGenome64.cs"
"Assets/_Project/Scripts/Ecosystem/MacroEcosystemHeatmapGizmo.cs"
"Assets/_Project/Scripts/Ecosystem/MacroEcosystemMathematicianRuntime.cs"
"Assets/_Project/Scripts/Ecosystem/MacroEcosystemMathematicianRuntime_SHINOBU300_Audit.cs"
"Assets/_Project/Scripts/Ecosystem/MigrationDirector.cs"
"Assets/_Project/Scripts/Ecosystem/NutrientDriftRuntime.cs"
"Assets/_Project/Scripts/EncounterDirector.cs"
"Assets/_Project/Scripts/EncounterProfile.cs"
"Assets/_Project/Scripts/EntityChangeDetector.cs"
"Assets/_Project/Scripts/Environment/GlobalWeatherDirector.cs"
"Assets/_Project/Scripts/Environment/HectonSeismicTideDirector.cs"
"Assets/_Project/Scripts/Environment/WeatherEvents.cs"
"Assets/_Project/Scripts/Environment/WeatherProfile.cs"
"Assets/_Project/Scripts/EnvironmentState.cs"
"Assets/_Project/Scripts/EnvironmentalAnalyzerTool.cs"
"Assets/_Project/Scripts/Equipment/Auxiliary/AuxiliaryDeploymentDebugGizmo.cs"
"Assets/_Project/Scripts/Equipment/Auxiliary/AuxiliaryEquipmentContracts.cs"
"Assets/_Project/Scripts/Equipment/Auxiliary/AuxiliaryEquipmentJobs.cs"
"Assets/_Project/Scripts/Equipment/Auxiliary/AuxiliaryEquipmentProfilesCsvParser.cs"
"Assets/_Project/Scripts/Equipment/Auxiliary/AuxiliaryEquipmentRouterRuntime.cs"
"Assets/_Project/Scripts/Equipment/Auxiliary/Editor/AuxiliaryEquipmentEditorTools.cs"
"Assets/_Project/Scripts/FabricationAssemblerRuntime.cs"
"Assets/_Project/Scripts/FabricationRuntimeSmokeTester.cs"
"Assets/_Project/Scripts/Fabricator.cs"
"Assets/_Project/Scripts/FabricatorPhysicalActuator.cs"
"Assets/_Project/Scripts/FastCandidateMap.cs"
"Assets/_Project/Scripts/Fauna/ApexTerritoryProfile.cs"
"Assets/_Project/Scripts/Fauna/CreatureDamageManager.cs"
"Assets/_Project/Scripts/Fauna/FaunaBrain.Compatibility.cs"
"Assets/_Project/Scripts/Fauna/FaunaBrain.Foveated.cs"
"Assets/_Project/Scripts/Fauna/FaunaBrain.cs"
"Assets/_Project/Scripts/Fauna/FaunaDataTemplate.cs"
"Assets/_Project/Scripts/Fauna/FaunaKinematicsRuntime.cs"
"Assets/_Project/Scripts/Fauna/FaunaLogicalLodTier.cs"
"Assets/_Project/Scripts/Fauna/FaunaPOI.cs"
"Assets/_Project/Scripts/Fauna/FaunaPresentationService.cs"
"Assets/_Project/Scripts/Fauna/FaunaScanRuntimeRegistry.cs"
"Assets/_Project/Scripts/Fauna/FaunaSensorSuite.cs"
"Assets/_Project/Scripts/Fauna/FaunaSimplifiedRagdollHandoff.cs"
"Assets/_Project/Scripts/Fauna/FaunaSimulationEngine.cs"
"Assets/_Project/Scripts/Fauna/FaunaSpeciesProfile.cs"
"Assets/_Project/Scripts/Fauna/FaunaStateMachine.cs"
"Assets/_Project/Scripts/Fauna/FaunaSteeringEngine.cs"
"Assets/_Project/Scripts/Fauna/FaunaTentacleConstrainedIk.cs"
"Assets/_Project/Scripts/Fauna/FaunaTier1LodProxyRegistry.cs"
"Assets/_Project/Scripts/Fauna/LeviathanTentacleVerletSolver.cs"
"Assets/_Project/Scripts/Fauna/MesofaunaBehavioralStateMachine.cs"
"Assets/_Project/Scripts/Fauna/MesofaunaFsmDebugGizmo.cs"
"Assets/_Project/Scripts/Fauna/PredatorCognitionDomain.cs"
"Assets/_Project/Scripts/Fauna/PredatorCognitionDomain_Steering.cs"
"Assets/_Project/Scripts/Fauna/ProceduralCrabLegIKRuntime.cs"
"Assets/_Project/Scripts/Fauna/StressDrivenSpawnDirector.cs"
"Assets/_Project/Scripts/Fauna/StressDrivenSpawnDirectorGizmo.cs"
"Assets/_Project/Scripts/FaunaBiomeData.cs"
"Assets/_Project/Scripts/FaunaDirector.cs"
"Assets/_Project/Scripts/FaunaRuntimeSmokeTester.cs"
"Assets/_Project/Scripts/FieldLoadoutAdvisor.cs"
"Assets/_Project/Scripts/FieldOperationLogSystem.cs"
"Assets/_Project/Scripts/FieldTargetDescriptor.cs"
"Assets/_Project/Scripts/FieldTargetSemantics.cs"
"Assets/_Project/Scripts/FieldToolRuntimeSmokeTester.cs"
"Assets/_Project/Scripts/FlashlightTool.cs"
"Assets/_Project/Scripts/FlowFieldProfile.cs"
"Assets/_Project/Scripts/FlowFieldVisualizer.cs"
"Assets/_Project/Scripts/FluidCompartmentTemplate.cs"
"Assets/_Project/Scripts/FluidIncursionSmokeTester.cs"
"Assets/_Project/Scripts/GameTickManager.cs"
"Assets/_Project/Scripts/Gameplay/BarterOfferCatalog.cs"
"Assets/_Project/Scripts/Gameplay/BarterOfferData.cs"
"Assets/_Project/Scripts/Gameplay/BaseAirlock.cs"
"Assets/_Project/Scripts/Gameplay/BaseAirlockEvents.cs"
"Assets/_Project/Scripts/Gameplay/BaseModuleCondensationSurface.cs"
"Assets/_Project/Scripts/Gameplay/BatteryCharger.cs"
"Assets/_Project/Scripts/Gameplay/BeaconRegistry.cs"
"Assets/_Project/Scripts/Gameplay/BioReactor.cs"
"Assets/_Project/Scripts/Gameplay/CelestialCataclysmSystem.cs"
"Assets/_Project/Scripts/Gameplay/ClimbableLadder.cs"
"Assets/_Project/Scripts/Gameplay/Combat/BallisticsEditorFacade.cs"
"Assets/_Project/Scripts/Gameplay/Combat/BallisticsRuntime.cs"
"Assets/_Project/Scripts/Gameplay/Combat/CombatDamageRuntime.cs"
"Assets/_Project/Scripts/Gameplay/ConsumableItem.cs"
"Assets/_Project/Scripts/Gameplay/ContextualPhysicalIkMath.cs"
"Assets/_Project/Scripts/Gameplay/ContextualPhysicalIkRig.cs"
"Assets/_Project/Scripts/Gameplay/ContextualPhysicalIkRuntime.cs"
"Assets/_Project/Scripts/Gameplay/DataArchaeologyRuntime.cs"
"Assets/_Project/Scripts/Gameplay/DebrisManager.cs"
"Assets/_Project/Scripts/Gameplay/DeployableBeacon.cs"
"Assets/_Project/Scripts/Gameplay/DeployableFlare.cs"
"Assets/_Project/Scripts/Gameplay/DirectorMissionBridge.cs"
"Assets/_Project/Scripts/Gameplay/EclipseGameplaySystem.cs"
"Assets/_Project/Scripts/Gameplay/Editor/ScannerLoreDatabaseSyncTunerWindow.cs"
"Assets/_Project/Scripts/Gameplay/EndingSystem.cs"
"Assets/_Project/Scripts/Gameplay/EndingTerminalInteractable.cs"
"Assets/_Project/Scripts/Gameplay/EnvironmentalHazard.cs"
"Assets/_Project/Scripts/Gameplay/FirstHourDirector.cs"
"Assets/_Project/Scripts/Gameplay/Floater.cs"
"Assets/_Project/Scripts/Gameplay/FloraProjectile.cs"
"Assets/_Project/Scripts/Gameplay/GravTrap.cs"
"Assets/_Project/Scripts/Gameplay/HabitatIntegrityManager.cs"
"Assets/_Project/Scripts/Gameplay/HarvestableOutcrop.cs"
"Assets/_Project/Scripts/Gameplay/HarvestablePlant.cs"
"Assets/_Project/Scripts/Gameplay/HazardExposureNotifier.cs"
"Assets/_Project/Scripts/Gameplay/HazardMutationProfile.cs"
"Assets/_Project/Scripts/Gameplay/HazardType.cs"
"Assets/_Project/Scripts/Gameplay/HazardZoneManager.cs"
"Assets/_Project/Scripts/Gameplay/HazardZoneProfile.cs"
"Assets/_Project/Scripts/Gameplay/HeavyTowWinch.cs"
"Assets/_Project/Scripts/Gameplay/HectonCameraState.cs"
"Assets/_Project/Scripts/Gameplay/HectonHazardManager.cs"
"Assets/_Project/Scripts/Gameplay/HectonHazardSource.cs"
"Assets/_Project/Scripts/Gameplay/HectonPlayerCameraRig.cs"
"Assets/_Project/Scripts/Gameplay/HectonPlayerEnvironmentHandler.cs"
"Assets/_Project/Scripts/Gameplay/HectonPlayerHealth.cs"
"Assets/_Project/Scripts/Gameplay/HectonPlayerInputHandler.cs"
"Assets/_Project/Scripts/Gameplay/HectonPlayerMotor.cs"
"Assets/_Project/Scripts/Gameplay/HectonPlayerState.cs"
"Assets/_Project/Scripts/Gameplay/HectonPlayerStateMachine.cs"
"Assets/_Project/Scripts/Gameplay/HectonScanRenderRegistry.cs"
"Assets/_Project/Scripts/Gameplay/HectonScannedRenderTarget.cs"
"Assets/_Project/Scripts/Gameplay/HectonSubmarineOS.cs"
"Assets/_Project/Scripts/Gameplay/HostileFlora.cs"
"Assets/_Project/Scripts/Gameplay/IEnvironmentHandler.cs"
"Assets/_Project/Scripts/Gameplay/IHectonPlayerEnvironmentHandler.cs"
"Assets/_Project/Scripts/Gameplay/IHectonPlayerStateMachine.cs"
"Assets/_Project/Scripts/Gameplay/IKinematicVehicleTransportSource.cs"
"Assets/_Project/Scripts/Gameplay/IMotorForces.cs"
"Assets/_Project/Scripts/Gameplay/IPlayerTransportLifecycleOwner.cs"
"Assets/_Project/Scripts/Gameplay/IPlayerTransportSource.cs"
"Assets/_Project/Scripts/Gameplay/ISubmarineRuntimeContext.cs"
"Assets/_Project/Scripts/Gameplay/ITowSnapReceiver.cs"
"Assets/_Project/Scripts/Gameplay/ITransportPlatform.cs"
"Assets/_Project/Scripts/Gameplay/ItemHighlight.cs"
"Assets/_Project/Scripts/Gameplay/LifePodDamageSystem.cs"
"Assets/_Project/Scripts/Gameplay/LifePodFireExtinguisherNozzle.cs"
"Assets/_Project/Scripts/Gameplay/LifePodTactilePrologueController.cs"
"Assets/_Project/Scripts/Gameplay/MantaEmergencyWreck.cs"
"Assets/_Project/Scripts/Gameplay/MantaScooter.cs"
"Assets/_Project/Scripts/Gameplay/MessageTerminal.cs"
"Assets/_Project/Scripts/Gameplay/MeteorSplashQuadVfx.cs"
"Assets/_Project/Scripts/Gameplay/MissionData.cs"
"Assets/_Project/Scripts/Gameplay/MissionManager.cs"
"Assets/_Project/Scripts/Gameplay/MountablePlayerTransport.cs"
"Assets/_Project/Scripts/Gameplay/OxygenBubble.cs"
"Assets/_Project/Scripts/Gameplay/OxygenPlant.cs"
"Assets/_Project/Scripts/Gameplay/PDAExchangeSystem.cs"
"Assets/_Project/Scripts/Gameplay/PlayerActionController.cs"
"Assets/_Project/Scripts/Gameplay/PlayerDeathReconciliationBridge.cs"
"Assets/_Project/Scripts/Gameplay/PlayerExpressionManager.cs"
"Assets/_Project/Scripts/Gameplay/PlayerExpressionProfile.cs"
"Assets/_Project/Scripts/Gameplay/PlayerKinematicsRuntime.cs"
"Assets/_Project/Scripts/Gameplay/PlayerMovementBrineRuntimeSystem.cs"
"Assets/_Project/Scripts/Gameplay/PlayerNoiseEmitter.cs"
"Assets/_Project/Scripts/Gameplay/PlayerSignalEvents.cs"
"Assets/_Project/Scripts/Gameplay/PlayerSwimBlockoutRig.Body.cs"
"Assets/_Project/Scripts/Gameplay/PlayerSwimBlockoutRig.cs"
"Assets/_Project/Scripts/Gameplay/PlayerSwimMotor.cs"
"Assets/_Project/Scripts/Gameplay/PlayerSwimPresentationController.cs"
"Assets/_Project/Scripts/Gameplay/PlayerSwimPresentationMode.cs"
"Assets/_Project/Scripts/Gameplay/PlayerToolSwimContract.cs"
"Assets/_Project/Scripts/Gameplay/PlayerToolSwimHandedness.cs"
"Assets/_Project/Scripts/Gameplay/PlayerTransportBinder.cs"
"Assets/_Project/Scripts/Gameplay/PlayerTransportCoordinator.cs"
"Assets/_Project/Scripts/Gameplay/PlayerTransportFeelContract.cs"
"Assets/_Project/Scripts/Gameplay/PlayerTransportOccupancyMode.cs"
"Assets/_Project/Scripts/Gameplay/PlayerTransportOrientationMode.cs"
"Assets/_Project/Scripts/Gameplay/PlayerTransportPreset.cs"
"Assets/_Project/Scripts/Gameplay/ProceduralFabrikArmJobs.cs"
"Assets/_Project/Scripts/Gameplay/RadiationHazard.cs"
"Assets/_Project/Scripts/Gameplay/RadiationHazardGrid.cs"
"Assets/_Project/Scripts/Gameplay/RandomEventMeteorMath.cs"
"Assets/_Project/Scripts/Gameplay/RandomEventSystem.cs"
"Assets/_Project/Scripts/Gameplay/ResearchDirector.cs"
"Assets/_Project/Scripts/Gameplay/RuntimeSurvivalStats.cs"
"Assets/_Project/Scripts/Gameplay/SargassumCutResponder.cs"
"Assets/_Project/Scripts/Gameplay/SargassumMovementInfluence.cs"
"Assets/_Project/Scripts/Gameplay/SargassumPhysicsZone.cs"
"Assets/_Project/Scripts/Gameplay/ScannableFragment.cs"
"Assets/_Project/Scripts/Gameplay/ScannerDataMiningRouter.cs"
"Assets/_Project/Scripts/Gameplay/SealedDoor.cs"
"Assets/_Project/Scripts/Gameplay/SolarPanel.cs"
"Assets/_Project/Scripts/Gameplay/SomaticKinematicsRuntime.cs"
"Assets/_Project/Scripts/Gameplay/SomaticSurvivalMath.cs"
"Assets/_Project/Scripts/Gameplay/StorageCrate.cs"
"Assets/_Project/Scripts/Gameplay/SubmarineAutoLevelBallastController.cs"
"Assets/_Project/Scripts/Gameplay/SubmarineCompoundColliderAuthoring.cs"
"Assets/_Project/Scripts/Gameplay/SubmarineCoreDirector.cs"
"Assets/_Project/Scripts/Gameplay/SubmarineProfile.cs"
"Assets/_Project/Scripts/Gameplay/SubmarineStationKeepingController.cs"
"Assets/_Project/Scripts/Gameplay/SuitMeshUpdateEvents.cs"
"Assets/_Project/Scripts/Gameplay/SuitUpgradeData.cs"
"Assets/_Project/Scripts/Gameplay/SuitUpgradeManager.cs"
"Assets/_Project/Scripts/Gameplay/SuitUpgradeResolver.cs"
"Assets/_Project/Scripts/Gameplay/SurvivalPhysiologyScalarJob.cs"
"Assets/_Project/Scripts/Gameplay/SurvivalStatusMasks.cs"
"Assets/_Project/Scripts/Gameplay/SwimPresentationProfile.cs"
"Assets/_Project/Scripts/Gameplay/SwimPresentationProfileLibrary.cs"
"Assets/_Project/Scripts/Gameplay/ToolEffectEvents.cs"
"Assets/_Project/Scripts/Gameplay/ToxinHazard.cs"
"Assets/_Project/Scripts/Gameplay/TransportChargingStation.cs"
"Assets/_Project/Scripts/Gameplay/TraumaDispatcher.cs"
"Assets/_Project/Scripts/Gameplay/VRSomaticProvider.Comfort.cs"
"Assets/_Project/Scripts/Gameplay/VRSomaticProvider.cs"
"Assets/_Project/Scripts/Gameplay/VRSomaticRuntimeBootstrap.cs"
"Assets/_Project/Scripts/Gameplay/VehicleCommandSignals.cs"
"Assets/_Project/Scripts/Gameplay/VehicleMotor.cs"
"Assets/_Project/Scripts/Gameplay/VehicleUpgradeModule.cs"
"Assets/_Project/Scripts/Gameplay/WaterTransitionHandler.cs"
"Assets/_Project/Scripts/GlobalPhysicsStateManager.cs"
"Assets/_Project/Scripts/Graphics/VR/FoveatedRenderCommander.cs"
"Assets/_Project/Scripts/GravityTetherTool.cs"
"Assets/_Project/Scripts/HUDNotification.cs"
"Assets/_Project/Scripts/HUDQuickBar.cs"
"Assets/_Project/Scripts/HarpoonLauncherTool.cs"
"Assets/_Project/Scripts/HectonAtmosphereManager.cs"
"Assets/_Project/Scripts/HectonBiomeFamilyProfile.cs"
"Assets/_Project/Scripts/HectonBiomeLandmarkPlanProfile.cs"
"Assets/_Project/Scripts/HectonBiomeMatrixCatalog.cs"
"Assets/_Project/Scripts/HectonBiomeMatrixProfile.cs"
"Assets/_Project/Scripts/HectonBiomePlayProfile.cs"
"Assets/_Project/Scripts/HectonBiomeProfile.cs"
"Assets/_Project/Scripts/HectonBiomeRegistry.cs"
"Assets/_Project/Scripts/HectonBiomeResourceChannelProfile.cs"
"Assets/_Project/Scripts/HectonBiomeResourcePlanProfile.cs"
"Assets/_Project/Scripts/HectonBiomeSpatialPatternProfile.cs"
"Assets/_Project/Scripts/HectonBoidController.cs"
"Assets/_Project/Scripts/HectonCelestialEngine.cs"
"Assets/_Project/Scripts/HectonContactJob.cs"
"Assets/_Project/Scripts/HectonDirectorAI.cs"
"Assets/_Project/Scripts/HectonDiscoveryManager.cs"
"Assets/_Project/Scripts/HectonFabricatorUI.cs"
"Assets/_Project/Scripts/HectonFaunaFamilyProfile.cs"
"Assets/_Project/Scripts/HectonFloatingOrigin.cs"
"Assets/_Project/Scripts/HectonFluidEngine.cs"
"Assets/_Project/Scripts/HectonInventoryUI.cs"
"Assets/_Project/Scripts/HectonItem.cs"
"Assets/_Project/Scripts/HectonNarrativeDirector.cs"
"Assets/_Project/Scripts/HectonOceanKinematicsBridgeBase.cs"
"Assets/_Project/Scripts/HectonOceanPalette.cs"
"Assets/_Project/Scripts/HectonOceanRegistry.cs"
"Assets/_Project/Scripts/HectonPlayerMovement.cs"
"Assets/_Project/Scripts/HectonPlayerSpawner.cs"
"Assets/_Project/Scripts/HectonRockManager.cs"
"Assets/_Project/Scripts/HectonScanMarkerSystem.cs"
"Assets/_Project/Scripts/HectonSocketHelper.cs"
"Assets/_Project/Scripts/HectonSuitHUDExtensions.cs"
"Assets/_Project/Scripts/HectonSuitHUD_v4.cs"
"Assets/_Project/Scripts/HectonSurvivalSystem.cs"
"Assets/_Project/Scripts/HectonUnderwaterVisuals.cs"
"Assets/_Project/Scripts/HectonVoxelEngine.cs"
"Assets/_Project/Scripts/HectonVoxelVolume.cs"
"Assets/_Project/Scripts/HectonWorldGenerator.cs"
"Assets/_Project/Scripts/HydrationScheduler.cs"
"Assets/_Project/Scripts/ICuttable.cs"
"Assets/_Project/Scripts/IFabricator.cs"
"Assets/_Project/Scripts/IHectonOceanKinematics.cs"
"Assets/_Project/Scripts/IOceanKinematics.cs"
"Assets/_Project/Scripts/IOriginShiftListener.cs"
"Assets/_Project/Scripts/IPoolable.cs"
"Assets/_Project/Scripts/IPowerComponent.cs"
"Assets/_Project/Scripts/ISaveable.cs"
"Assets/_Project/Scripts/ITickable.cs"
"Assets/_Project/Scripts/Interaction/EquipmentInteractionContracts.cs"
"Assets/_Project/Scripts/Interaction/EquipmentInteractionHandler.cs"
"Assets/_Project/Scripts/Interaction/HeavyCarryInteractable.cs"
"Assets/_Project/Scripts/Interaction/IInteractable.cs"
"Assets/_Project/Scripts/Interaction/IKinematicRepairTarget.cs"
"Assets/_Project/Scripts/Interaction/InteractableRegistry.cs"
"Assets/_Project/Scripts/Interaction/InteractionEvents.cs"
"Assets/_Project/Scripts/Interaction/InteractionUI.cs"
"Assets/_Project/Scripts/Interaction/InventoryPickupContracts.cs"
"Assets/_Project/Scripts/Interaction/KinematicTerminalInteractionBridge.cs"
"Assets/_Project/Scripts/Interaction/LifePodSeatStrapCoordinator.cs"
"Assets/_Project/Scripts/Interaction/LifePodSeatStrapLatch.cs"
"Assets/_Project/Scripts/Interaction/PhysicalBatteryCompartment.cs"
"Assets/_Project/Scripts/Interaction/PhysicalHandController.cs"
"Assets/_Project/Scripts/Interaction/PhysicalHandReceiverRegistry.cs"
"Assets/_Project/Scripts/Interaction/PhysicalHandSide.cs"
"Assets/_Project/Scripts/Interaction/PhysicalInteractionHandler.cs"
"Assets/_Project/Scripts/Interaction/PhysicalSnapSwitch.cs"
"Assets/_Project/Scripts/Interaction/PhysicalToolGripOffsets.cs"
"Assets/_Project/Scripts/Interaction/PlayerInteraction.cs"
"Assets/_Project/Scripts/Interaction/SaveStation.cs"
"Assets/_Project/Scripts/Interaction/SuitDamageEvents.cs"
"Assets/_Project/Scripts/Interaction/VRCableDragPlug.cs"
"Assets/_Project/Scripts/Interaction/VRInteractionKinematicBridge.cs"
"Assets/_Project/Scripts/Interaction/VRLeakPatchWeldTarget.cs"
"Assets/_Project/Scripts/Interaction/VRValveWheelHandle.cs"
"Assets/_Project/Scripts/InteractionHighlighter.cs"
"Assets/_Project/Scripts/Inventory/InventorySoAUtility.cs"
"Assets/_Project/Scripts/Inventory/ItemPhysicalMetadata.cs"
"Assets/_Project/Scripts/Inventory/ItemTemplateRegistry.cs"
"Assets/_Project/Scripts/Inventory/PressurizedContainer.cs"
"Assets/_Project/Scripts/Inventory/Shinobu19EconomyLedger.cs"
"Assets/_Project/Scripts/InventoryEvents.cs"
"Assets/_Project/Scripts/InventoryGrid.cs"
"Assets/_Project/Scripts/ItemCatalog.cs"
"Assets/_Project/Scripts/ItemData.cs"
"Assets/_Project/Scripts/Items/PickupItem.cs"
"Assets/_Project/Scripts/KnifeTool.cs"
"Assets/_Project/Scripts/LandingImpactVFX.cs"
"Assets/_Project/Scripts/LaserCutter.cs"
"Assets/_Project/Scripts/LightDetectionSystem.cs"
"Assets/_Project/Scripts/LocKeys.Generated.cs"
"Assets/_Project/Scripts/LocNumericBuffer.cs"
"Assets/_Project/Scripts/LocRegistry.cs"
"Assets/_Project/Scripts/LocalizationEvents.cs"
"Assets/_Project/Scripts/LocalizationKeys.cs"
"Assets/_Project/Scripts/LocalizationManager.cs"
"Assets/_Project/Scripts/LocalizedAudioClipSet.cs"
"Assets/_Project/Scripts/LocalizedInlineIconResolver.cs"
"Assets/_Project/Scripts/LocalizedMeasurementFormatter.cs"
"Assets/_Project/Scripts/LocalizedSpriteRenderer.cs"
"Assets/_Project/Scripts/LocalizedTextReference.cs"
"Assets/_Project/Scripts/LocalizedWorldSign.cs"
"Assets/_Project/Scripts/LogicSpannerTool.cs"
"Assets/_Project/Scripts/MainMenuController.cs"
"Assets/_Project/Scripts/MainMenuInputRoutingGuard.cs"
"Assets/_Project/Scripts/MapMagicBridge.cs"
"Assets/_Project/Scripts/Meta/DifficultyModifierData.cs"
"Assets/_Project/Scripts/Meta/DynamicDifficultyDirector.cs"
"Assets/_Project/Scripts/Meta/GlobalProfileData.cs"
"Assets/_Project/Scripts/Meta/GlobalProfileManager.cs"
"Assets/_Project/Scripts/Meta/MetaBuffInjector.cs"
"Assets/_Project/Scripts/Meta/MetaProfileUtility.cs"
"Assets/_Project/Scripts/Meta/MetaRuntimeInstaller.cs"
"Assets/_Project/Scripts/Meta/MetaUpgradeRegistry.cs"
"Assets/_Project/Scripts/Meta/RunModifierController.cs"
"Assets/_Project/Scripts/ModalWindow.cs"
"Assets/_Project/Scripts/ModdingAPI/Editor/ModApiSandboxTunerWindow.cs"
"Assets/_Project/Scripts/ModdingAPI/Editor/ModKernelInspectorWindow.cs"
"Assets/_Project/Scripts/ModdingAPI/FutureCommandSandboxValidator.cs"
"Assets/_Project/Scripts/ModdingAPI/HectonAPI.cs"
"Assets/_Project/Scripts/ModdingAPI/HectonEventBus.cs"
"Assets/_Project/Scripts/ModdingAPI/HectonGameEvents.cs"
"Assets/_Project/Scripts/ModdingAPI/IHectonMod.cs"
"Assets/_Project/Scripts/ModdingAPI/IModResourceProxy.cs"
"Assets/_Project/Scripts/ModdingAPI/IllegalContractException.cs"
"Assets/_Project/Scripts/ModdingAPI/ModAssetManager.cs"
"Assets/_Project/Scripts/ModdingAPI/ModCommandDispatcher.cs"
"Assets/_Project/Scripts/ModdingAPI/ModEventContracts.cs"
"Assets/_Project/Scripts/ModdingAPI/ModEventProjectionBridge.cs"
"Assets/_Project/Scripts/ModdingAPI/ModLoader.cs"
"Assets/_Project/Scripts/ModdingAPI/ModLocalizationBridge.cs"
"Assets/_Project/Scripts/ModdingAPI/ModMenuModEntryView.cs"
"Assets/_Project/Scripts/ModdingAPI/ModMenuSettingSliderView.cs"
"Assets/_Project/Scripts/ModdingAPI/ModMenuSettingToggleView.cs"
"Assets/_Project/Scripts/ModdingAPI/ModMenuUIController.cs"
"Assets/_Project/Scripts/ModdingAPI/ModMetadata.cs"
"Assets/_Project/Scripts/ModdingAPI/ModRegistryEvents.cs"
"Assets/_Project/Scripts/ModdingAPI/ModRuntimeInfo.cs"
"Assets/_Project/Scripts/ModdingAPI/ModRuntimeState.cs"
"Assets/_Project/Scripts/ModdingAPI/ModSettingsRegistry.cs"
"Assets/_Project/Scripts/ModdingAPI/ModSpatialContracts.cs"
"Assets/_Project/Scripts/ModdingAPI/ModWorldPersistenceManager.cs"
"Assets/_Project/Scripts/ModularEquipmentEngine.cs"
"Assets/_Project/Scripts/ModuleCatalog.cs"
"Assets/_Project/Scripts/ModuleMarker.cs"
"Assets/_Project/Scripts/ModuleSocket.cs"
"Assets/_Project/Scripts/ModuleStatusEvents.cs"
"Assets/_Project/Scripts/Narrative/ColonistLoreRegistry.cs"
"Assets/_Project/Scripts/Narrative/CorporateOrderSystem.cs"
"Assets/_Project/Scripts/Narrative/DeepReachCorporationData.cs"
"Assets/_Project/Scripts/Narrative/FaunaLoreRegistry.cs"
"Assets/_Project/Scripts/Narrative/LoreDatabaseManager.cs"
"Assets/_Project/Scripts/Narrative/LoreEncyclopediaLazyProxy.cs"
"Assets/_Project/Scripts/Narrative/LoreMmfEncyclopedia.cs"
"Assets/_Project/Scripts/Narrative/NarrativeRuntimeInstaller.cs"
"Assets/_Project/Scripts/Narrative/ProceduralLoreDirector.cs"
"Assets/_Project/Scripts/NarrativeDiscovery.cs"
"Assets/_Project/Scripts/NarrativeEvents.cs"
"Assets/_Project/Scripts/Networking/HectonNetworkManager.cs"
"Assets/_Project/Scripts/Networking/HectonRollbackNetcodeRuntime.cs"
"Assets/_Project/Scripts/Networking/RollbackNetcodeContracts.cs"
"Assets/_Project/Scripts/NoiseSystem.cs"
"Assets/_Project/Scripts/ObjectPoolDiagnostics.cs"
"Assets/_Project/Scripts/ObjectPoolManager.cs"
"Assets/_Project/Scripts/ObserverRelativeCelestialBody.cs"
"Assets/_Project/Scripts/OmegaSurvivalKinematicsSmokeTester.cs"
"Assets/_Project/Scripts/Optimization/AssetLifecycleGovernor.cs"
"Assets/_Project/Scripts/Optimization/AssetLoadDispatcher.cs"
"Assets/_Project/Scripts/Optimization/AssetRecord.cs"
"Assets/_Project/Scripts/Optimization/CameraRTManager.cs"
"Assets/_Project/Scripts/Optimization/GeneratedAssetGuidIdTable.cs"
"Assets/_Project/Scripts/Optimization/HardwareProfiler.cs"
"Assets/_Project/Scripts/Optimization/PostFXRTManager.cs"
"Assets/_Project/Scripts/Optimization/PreInitAssetIdMap.cs"
"Assets/_Project/Scripts/Optimization/RenderTextureAllocationRecord.cs"
"Assets/_Project/Scripts/Optimization/RenderTextureLifecycleTracker.cs"
"Assets/_Project/Scripts/Optimization/RenderTexturePool.cs"
"Assets/_Project/Scripts/Optimization/UIRTManager.cs"
"Assets/_Project/Scripts/Optimization/VRAMBudgetThresholds.cs"
"Assets/_Project/Scripts/Optimization/VRAMEnforcer.cs"
"Assets/_Project/Scripts/Optimization/VRAMMonitor.cs"
"Assets/_Project/Scripts/Optimization/VRAMOptimizationBootstrap.cs"
"Assets/_Project/Scripts/Optimization/VRAMPressureMonitor.cs"
"Assets/_Project/Scripts/Optimization/VisorRTManager.cs"
"Assets/_Project/Scripts/OriginShiftEventData.cs"
"Assets/_Project/Scripts/PDA/PDALogbookManager.cs"
"Assets/_Project/Scripts/PDA/PDAMarkerHUDElement.cs"
"Assets/_Project/Scripts/PDA/PDAMarkerRegistry.cs"
"Assets/_Project/Scripts/PDA/PDARuntimeInstaller.cs"
"Assets/_Project/Scripts/PDA/PDAUtility.cs"
"Assets/_Project/Scripts/PDA/PlayerExplorationTracker.cs"
"Assets/_Project/Scripts/PDAInventoryTab.cs"
"Assets/_Project/Scripts/PerformanceMonitor.cs"
"Assets/_Project/Scripts/PersistentIDConverter.cs"
"Assets/_Project/Scripts/Physics/Buoyancy/AnalyticalGerstnerWaveContracts.cs"
"Assets/_Project/Scripts/Physics/Buoyancy/AnalyticalGerstnerWaveJobs.cs"
"Assets/_Project/Scripts/Physics/Buoyancy/AnalyticalGerstnerWaveRuntime.cs"
"Assets/_Project/Scripts/Physics/Buoyancy/AnalyticalWaveTunerWindow.Editor.cs"
"Assets/_Project/Scripts/Physics/Buoyancy/BuoyancyDisplacementContracts.cs"
"Assets/_Project/Scripts/Physics/Buoyancy/BuoyancyDisplacementJobs.cs"
"Assets/_Project/Scripts/Physics/Buoyancy/BuoyancyDisplacementRuntime.cs"
"Assets/_Project/Scripts/Physics/Buoyancy/BuoyancySimdVectorization.cs"
"Assets/_Project/Scripts/Physics/Buoyancy/GlobalPhysicsStateManager.BuoyancyBridge.cs"
"Assets/_Project/Scripts/Physics/Buoyancy/PhysicsApplySystem.BuoyancyQueue.cs"
"Assets/_Project/Scripts/Physics/CablePhysicsDebugGizmo132.cs"
"Assets/_Project/Scripts/Physics/CablePhysicsSolver132.cs"
"Assets/_Project/Scripts/Physics/Cavitation/AbyssalCavitationContracts.cs"
"Assets/_Project/Scripts/Physics/Cavitation/AbyssalCavitationRuntime.cs"
"Assets/_Project/Scripts/Physics/Editor/HabitatFluidIncursionTunerWindow.cs"
"Assets/_Project/Scripts/Physics/Exosuit/Editor/ExosuitKinematicsTunerWindow.cs"
"Assets/_Project/Scripts/Physics/Exosuit/Editor/Exosuit_Physics_Inquisition.cs"
"Assets/_Project/Scripts/Physics/Exosuit/ExosuitKinematicsContracts.cs"
"Assets/_Project/Scripts/Physics/Exosuit/ExosuitKinematicsJobs.cs"
"Assets/_Project/Scripts/Physics/Exosuit/ExosuitKinematicsRuntime.cs"
"Assets/_Project/Scripts/Physics/FluidFeedbackListener.cs"
"Assets/_Project/Scripts/Physics/FluidMathCore.cs"
"Assets/_Project/Scripts/Physics/GlobalPhysicsStateManager.Shinobu37PhysicsCulling.cs"
"Assets/_Project/Scripts/Physics/GlobalPhysicsStateManager.WakeRequests.cs"
"Assets/_Project/Scripts/Physics/HabitatFluidIncursionContracts.cs"
"Assets/_Project/Scripts/Physics/HabitatFluidIncursionCsv.cs"
"Assets/_Project/Scripts/Physics/HabitatFluidIncursionDirector.cs"
"Assets/_Project/Scripts/Physics/HabitatFluidIncursionJobs.cs"
"Assets/_Project/Scripts/Physics/KCC/HydrodynamicKccRuntime.cs"
"Assets/_Project/Scripts/Physics/KCC/KinematicSleepStateJobs.cs"
"Assets/_Project/Scripts/Physics/KCC/SdfSqueezeJob.cs"
"Assets/_Project/Scripts/Physics/PhysicsDeterminismSignals.cs"
"Assets/_Project/Scripts/Physics/Seaglide/Editor/SeaglideHydrodynamicsEditorTools.cs"
"Assets/_Project/Scripts/Physics/Seaglide/PhysicsApplySystem.SeaglideQueue.cs"
"Assets/_Project/Scripts/Physics/Seaglide/SeaglideHydrodynamicsContracts.cs"
"Assets/_Project/Scripts/Physics/Seaglide/SeaglideHydrodynamicsJobs.cs"
"Assets/_Project/Scripts/Physics/Seaglide/SeaglideHydrodynamicsRuntime.cs"
"Assets/_Project/Scripts/Physics/Seaglide/SeaglideVehicleProfileCsv.cs"
"Assets/_Project/Scripts/Physics/TetherAupVerletJobs.cs"
"Assets/_Project/Scripts/Physics/TetherBlackBoxDumpWriter.cs"
"Assets/_Project/Scripts/Physics/TetherSignals.cs"
"Assets/_Project/Scripts/Physics/TetherVerletJobs.cs"
"Assets/_Project/Scripts/Physics/Vehicles/Automation/DockingAutopilotService.cs"
"Assets/_Project/Scripts/Physics/Vehicles/Automation/Editor/SubmarineAutopilotTunerWindow.cs"
"Assets/_Project/Scripts/Physics/Vehicles/Automation/SubmarineAutopilotSdfNavigator.cs"
"Assets/_Project/Scripts/Physics/Vehicles/SubmarineDynamicsContracts.cs"
"Assets/_Project/Scripts/Physics/Vehicles/SubmarineDynamicsRuntime.cs"
"Assets/_Project/Scripts/Physics/Vehicles/VehicleComponentDamageContracts.cs"
"Assets/_Project/Scripts/Physics/Vehicles/VehicleComponentDamageJobs.cs"
"Assets/_Project/Scripts/Physics/Vehicles/VehicleComponentDamageRuntime.cs"
"Assets/_Project/Scripts/Physics/VerletCableDTOs.cs"
"Assets/_Project/Scripts/PhysicsApplySystem.cs"
"Assets/_Project/Scripts/PlayerBuilder.cs"
"Assets/_Project/Scripts/PlayerFlashlight.cs"
"Assets/_Project/Scripts/PlayerFootstepAudio.cs"
"Assets/_Project/Scripts/PlayerInventory.cs"
"Assets/_Project/Scripts/PlayerLocomotionMode.cs"
"Assets/_Project/Scripts/PlayerPDA.cs"
"Assets/_Project/Scripts/PlayerThrusterAudio.cs"
"Assets/_Project/Scripts/PlayerTool.cs"
"Assets/_Project/Scripts/PlayerToolManager.cs"
"Assets/_Project/Scripts/Power/LogisticsNetworkGraph.cs"
"Assets/_Project/Scripts/Power/PowerGridJacobiContracts.cs"
"Assets/_Project/Scripts/Power/PowerGridModuleData.cs"
"Assets/_Project/Scripts/Power/PowerGridTelemetryEvents.cs"
"Assets/_Project/Scripts/Power/PowerRelayNode.cs"
"Assets/_Project/Scripts/Power/ReactorCoreProfile.cs"
"Assets/_Project/Scripts/Power/ShinobuLogisticsRouter.cs"
"Assets/_Project/Scripts/Power/SolverConvergenceXRayWindow.cs"
"Assets/_Project/Scripts/Power/SubmarineOsThermalGridGizmo.cs"
"Assets/_Project/Scripts/Power/SubmarineOsThermalGridRuntime.cs"
"Assets/_Project/Scripts/Power/WfcOutpostGridRegistry.cs"
"Assets/_Project/Scripts/Power/WfcOutpostPowerBootRuntime.cs"
"Assets/_Project/Scripts/PowerGrid.cs"
"Assets/_Project/Scripts/PowerGridManager.cs"
"Assets/_Project/Scripts/PowerNode.cs"
"Assets/_Project/Scripts/PrefabRegistry.cs"
"Assets/_Project/Scripts/ProceduralFamily_Fauna.cs"
"Assets/_Project/Scripts/ProfilerRegistry.cs"
"Assets/_Project/Scripts/Progression/NarrativeProgressionBridge.cs"
"Assets/_Project/Scripts/Progression/PDAContextualAdvisorySystem.cs"
"Assets/_Project/Scripts/Progression/PlayerAchievementRegistry.cs"
"Assets/_Project/Scripts/Progression/ProgressionRuntimeInstaller.cs"
"Assets/_Project/Scripts/PropulsionTool.cs"
"Assets/_Project/Scripts/ProximityColliderSystem.cs"
"Assets/_Project/Scripts/QueryCacheContext.cs"
"Assets/_Project/Scripts/Quest/MissionMarkerSystem.cs"
"Assets/_Project/Scripts/Quest/NarrativeDagInspectorWindow.cs"
"Assets/_Project/Scripts/Quest/QuestDagDataLoading.cs"
"Assets/_Project/Scripts/Quest/QuestDagMockSignalJobs.cs"
"Assets/_Project/Scripts/Quest/QuestDagResolverRuntime.cs"
"Assets/_Project/Scripts/Quest/QuestDagRuntimeTypes.cs"
"Assets/_Project/Scripts/Quest/QuestData.cs"
"Assets/_Project/Scripts/Quest/QuestEvents.cs"
"Assets/_Project/Scripts/Quest/QuestGraphEvaluator.cs"
"Assets/_Project/Scripts/Quest/QuestManager.cs"
"Assets/_Project/Scripts/Quest/QuestRuntimeTypes.cs"
"Assets/_Project/Scripts/Quest/QuestStateManager.cs"
"Assets/_Project/Scripts/RTLProcessor.cs"
"Assets/_Project/Scripts/RaycastBatchHelper.cs"
"Assets/_Project/Scripts/RecipeData.cs"
"Assets/_Project/Scripts/Rendering/AbyssalCaustics/AbyssalCausticsContracts.cs"
"Assets/_Project/Scripts/Rendering/AbyssalCaustics/AbyssalDeferredCausticsRuntime.cs"
"Assets/_Project/Scripts/Rendering/AbyssalCaustics/Editor/AbyssalCausticsLayoutAudit.cs"
"Assets/_Project/Scripts/Rendering/AbyssalCaustics/Editor/AbyssalCausticsTunerWindow.cs"
"Assets/_Project/Scripts/Rendering/AbyssalCaustics/HectonDeferredCausticsFeature.cs"
"Assets/_Project/Scripts/Rendering/GlobalShaderDispatcher.cs"
"Assets/_Project/Scripts/Rendering/HectonShaderGlobalDataVaultBridge.cs"
"Assets/_Project/Scripts/Rendering/HectonUberNoirRuntimeBridge.cs"
"Assets/_Project/Scripts/Rendering/LutArrayResolver.cs"
"Assets/_Project/Scripts/Rendering/Scatter/GpuScatterLodManager.cs"
"Assets/_Project/Scripts/RepairTool.cs"
"Assets/_Project/Scripts/ResourceNode.cs"
"Assets/_Project/Scripts/RockAttachmentData.cs"
"Assets/_Project/Scripts/RockDataLink.cs"
"Assets/_Project/Scripts/RuntimeDiagnosticsTrace.cs"
"Assets/_Project/Scripts/RuntimeInstanceId.cs"
"Assets/_Project/Scripts/RuntimePerformanceProfiler.cs"
"Assets/_Project/Scripts/SalvageSamplerTool.cs"
"Assets/_Project/Scripts/SaveBinaryPayloadCodec.cs"
"Assets/_Project/Scripts/SaveBinaryStorage.cs"
"Assets/_Project/Scripts/SaveBinaryStorageNativeArrayExtensions.cs"
"Assets/_Project/Scripts/SaveData.cs"
"Assets/_Project/Scripts/SaveDataMigration.cs"
"Assets/_Project/Scripts/SaveDataMigration_AupV8.cs"
"Assets/_Project/Scripts/SaveEvents.cs"
"Assets/_Project/Scripts/SaveIndexedSectorBoundsMath.cs"
"Assets/_Project/Scripts/SaveManager.cs"
"Assets/_Project/Scripts/SaveMetadata.cs"
"Assets/_Project/Scripts/SavePersistenceOmegaSmokeTester.cs"
"Assets/_Project/Scripts/SaveRecoverySmokeTester.cs"
"Assets/_Project/Scripts/SaveSidecarStorage.cs"
"Assets/_Project/Scripts/SaveSlotAuditResult.cs"
"Assets/_Project/Scripts/SaveSlotInfo.cs"
"Assets/_Project/Scripts/SaveSlotMaintenanceRecord.cs"
"Assets/_Project/Scripts/SaveSlotRepairResult.cs"
"Assets/_Project/Scripts/SaveSlotUI.cs"
"Assets/_Project/Scripts/SaveSystem/Editor/EntitySaveTunerWindow.cs"
"Assets/_Project/Scripts/SaveSystem/Editor/VoxelSaveTunerWindow.cs"
"Assets/_Project/Scripts/SaveSystem/EntityDeltaCompressionArchitecture.cs"
"Assets/_Project/Scripts/SaveSystem/EntityDeltaGizmoProbe.cs"
"Assets/_Project/Scripts/SaveSystem/H8BinaryWorldPager.cs"
"Assets/_Project/Scripts/SaveSystem/H8WalInspector.cs"
"Assets/_Project/Scripts/SaveSystem/SaveDeltaCompression.cs"
"Assets/_Project/Scripts/SaveSystem/SaveMasterHashV10.cs"
"Assets/_Project/Scripts/SaveSystem/SaveStateMerkleTree.cs"
"Assets/_Project/Scripts/SaveSystem/SteamCloudSaveConflictResolver.cs"
"Assets/_Project/Scripts/SaveSystem/VoxelDeltaCompressionArchitecture.cs"
"Assets/_Project/Scripts/SaveSystem/WalIntegrityFuzzerCore.cs"
"Assets/_Project/Scripts/SaveSystemRuntimeSmokeTester.cs"
"Assets/_Project/Scripts/SaveThumbnailCaptureFeature.cs"
"Assets/_Project/Scripts/SaveThumbnailSystem.cs"
"Assets/_Project/Scripts/ScanEvents.cs"
"Assets/_Project/Scripts/ScanLogSystem.cs"
"Assets/_Project/Scripts/ScanRuntimeSmokeTester.cs"
"Assets/_Project/Scripts/ScannableCategoryUtility.cs"
"Assets/_Project/Scripts/ScannableTarget.cs"
"Assets/_Project/Scripts/ScannerTool.cs"
"Assets/_Project/Scripts/ScatterBudgetController.cs"
"Assets/_Project/Scripts/ScavengePopulator.cs"
"Assets/_Project/Scripts/Scavenging/HarvestableTemplate.cs"
"Assets/_Project/Scripts/Scavenging/ResourceNodeTemplate.cs"
"Assets/_Project/Scripts/Scavenging/ScavengingLootOracle.cs"
"Assets/_Project/Scripts/SeamGapDitherRenderer.cs"
"Assets/_Project/Scripts/SeamRegistry.cs"
"Assets/_Project/Scripts/SkySystemFollowCamera.cs"
"Assets/_Project/Scripts/SpatialAudioManager.cs"
"Assets/_Project/Scripts/StringBuilderPool.cs"
"Assets/_Project/Scripts/StunPistolTool.cs"
"Assets/_Project/Scripts/SubmarineAtmosphereSystem.cs"
"Assets/_Project/Scripts/SubmarineElectrolysisModule.cs"
"Assets/_Project/Scripts/SubmarineFluidDynamics.cs"
"Assets/_Project/Scripts/SubmarineStructuralGrid.cs"
"Assets/_Project/Scripts/SuitData.cs"
"Assets/_Project/Scripts/SuitHUDProfile.cs"
"Assets/_Project/Scripts/SurfaceStateUtility.cs"
"Assets/_Project/Scripts/SurvivalKinematicsSmokeTester.cs"
"Assets/_Project/Scripts/SurvivalStats.cs"
"Assets/_Project/Scripts/TerrainChunkGeneratedEvents.cs"
"Assets/_Project/Scripts/TetherClass.cs"
"Assets/_Project/Scripts/TetherInstance.cs"
"Assets/_Project/Scripts/TetherManager.cs"
"Assets/_Project/Scripts/TetherProfileSO.cs"
"Assets/_Project/Scripts/ThermalGeyser.cs"
"Assets/_Project/Scripts/ThermalMeltSmokeTester.cs"
"Assets/_Project/Scripts/ThermalSurvivalSmokeTester.cs"
"Assets/_Project/Scripts/ThermalUpdraftVolume.cs"
"Assets/_Project/Scripts/ThreatCostTable.cs"
"Assets/_Project/Scripts/ToolHitUtility.cs"
"Assets/_Project/Scripts/ToolLoadoutProvisioner.cs"
"Assets/_Project/Scripts/ToolRuntimeSmokeTester.cs"
"Assets/_Project/Scripts/ToolStagingSpawner.cs"
"Assets/_Project/Scripts/ToolTrialRangeRuntimeSmokeTester.cs"
"Assets/_Project/Scripts/Tools/Editor/Cutter_Raycast_Inquisition.cs"
"Assets/_Project/Scripts/Tools/Editor/LaserCutterPhysicsTunerWindow.cs"
"Assets/_Project/Scripts/Tools/EquipmentHardwareSpecsCsvParser.cs"
"Assets/_Project/Scripts/Tools/EquipmentThermalBatteryContracts.cs"
"Assets/_Project/Scripts/Tools/HapticWaveformLibrary.cs"
"Assets/_Project/Scripts/Tools/IBatteryTool.cs"
"Assets/_Project/Scripts/Tools/LaserCutterDodContracts.cs"
"Assets/_Project/Scripts/Tools/LaserCutterDodDebugGizmo.cs"
"Assets/_Project/Scripts/Tools/LaserCutterDodJobs.cs"
"Assets/_Project/Scripts/Tools/LaserCutterDodRuntime.cs"
"Assets/_Project/Scripts/Tools/LaserCutterSpecsCsvParser.cs"
"Assets/_Project/Scripts/Tools/PauseSystemVerifier.cs"
"Assets/_Project/Scripts/Tools/PerformanceBudgetController.cs"
"Assets/_Project/Scripts/Tools/PerformanceMonitor.cs"
"Assets/_Project/Scripts/Tools/SceneTransitionVerifier.cs"
"Assets/_Project/Scripts/Tools/StateRecoveryVerifier.cs"
"Assets/_Project/Scripts/Tools/ToolDurabilitySystem.cs"
"Assets/_Project/Scripts/Tools/ToolHapticsRuntime.cs"
"Assets/_Project/Scripts/Tools/ToolLoadoutPreset.cs"
"Assets/_Project/Scripts/Tools/ToolMetadata.cs"
"Assets/_Project/Scripts/Tools/ToolModuleData.cs"
"Assets/_Project/Scripts/Tools/ToolUpgradeData.cs"
"Assets/_Project/Scripts/Tools/ToolUpgradeSystem.cs"
"Assets/_Project/Scripts/Tools/UpgradeMatrixCompiler.cs"
"Assets/_Project/Scripts/Tools/UpgradeMatrixDebugGizmo.cs"
"Assets/_Project/Scripts/Tools/VerificationRuntimeProbe.cs"
"Assets/_Project/Scripts/Tools/WfcLaserCutRuntime.cs"
"Assets/_Project/Scripts/UI/ARWaypointOverlay.cs"
"Assets/_Project/Scripts/UI/AcousticEcholocationTranslator.cs"
"Assets/_Project/Scripts/UI/AcousticRadarSphereRenderer.cs"
"Assets/_Project/Scripts/UI/ActionProgressHUD.cs"
"Assets/_Project/Scripts/UI/AnalogGaugeNeedle3D.cs"
"Assets/_Project/Scripts/UI/AudioWaveformAnimator.cs"
"Assets/_Project/Scripts/UI/BIOSMessageStreamer.cs"
"Assets/_Project/Scripts/UI/BabelSubtitleSyncRuntime.cs"
"Assets/_Project/Scripts/UI/BaseIntegrityHUD.cs"
"Assets/_Project/Scripts/UI/BeaconHUDElement.cs"
"Assets/_Project/Scripts/UI/BlackBoxMetricDashboard.cs"
"Assets/_Project/Scripts/UI/BuilderStatusOverlay.cs"
"Assets/_Project/Scripts/UI/CharBufferPool.cs"
"Assets/_Project/Scripts/UI/DiegeticGlitchSurgeonRuntime.cs"
"Assets/_Project/Scripts/UI/DiegeticHudManualLayout.cs"
"Assets/_Project/Scripts/UI/DiegeticHudTextNode.cs"
"Assets/_Project/Scripts/UI/DiegeticPDAController.cs"
"Assets/_Project/Scripts/UI/DiegeticPanelController.cs"
"Assets/_Project/Scripts/UI/DiegeticPdaFocusDistanceController.cs"
"Assets/_Project/Scripts/UI/DiegeticTooltipSystem.cs"
"Assets/_Project/Scripts/UI/DiegeticVisorHudMesh.cs"
"Assets/_Project/Scripts/UI/EngineHealthOverlay.cs"
"Assets/_Project/Scripts/UI/FakeRadarBlipController.cs"
"Assets/_Project/Scripts/UI/FontAssetRecovery.cs"
"Assets/_Project/Scripts/UI/FontStreamingManager.cs"
"Assets/_Project/Scripts/UI/GhostSignalUtility.cs"
"Assets/_Project/Scripts/UI/GlitchEncoder.cs"
"Assets/_Project/Scripts/UI/GlitchTable.cs"
"Assets/_Project/Scripts/UI/HUDSaveNotificationLink.cs"
"Assets/_Project/Scripts/UI/HectonOSBootManager.cs"
"Assets/_Project/Scripts/UI/HectonSubmarineOsDisplay.cs"
"Assets/_Project/Scripts/UI/HectonTextNode.cs"
"Assets/_Project/Scripts/UI/HectonUIScaler.cs"
"Assets/_Project/Scripts/UI/HphiReactiveUiTelemetry.cs"
"Assets/_Project/Scripts/UI/HudNumericStringCache.cs"
"Assets/_Project/Scripts/UI/InteractionUI.cs"
"Assets/_Project/Scripts/UI/LabelSwapScheduler.cs"
"Assets/_Project/Scripts/UI/LoadingScreenController.cs"
"Assets/_Project/Scripts/UI/LoadingTipsDisplay.cs"
"Assets/_Project/Scripts/UI/LocOverflowHandler.cs"
"Assets/_Project/Scripts/UI/LocalizedFontResolver.cs"
"Assets/_Project/Scripts/UI/LocalizedLayoutMirror.cs"
"Assets/_Project/Scripts/UI/LocalizedTMPAutoSizer.cs"
"Assets/_Project/Scripts/UI/LocalizedTextMadnessFx.cs"
"Assets/_Project/Scripts/UI/MainMenuAudioIntegration.cs"
"Assets/_Project/Scripts/UI/NotificationEvents.cs"
"Assets/_Project/Scripts/UI/PDAAtlasSignalTab.cs"
"Assets/_Project/Scripts/UI/PDABarterTab.cs"
"Assets/_Project/Scripts/UI/PDAConstructionTab.cs"
"Assets/_Project/Scripts/UI/PDAControlsRebindUI.cs"
"Assets/_Project/Scripts/UI/PDADataArchaeologyDecryptLabel.cs"
"Assets/_Project/Scripts/UI/PDADataLogTab.cs"
"Assets/_Project/Scripts/UI/PDADeathMemoryDump.cs"
"Assets/_Project/Scripts/UI/PDADecryptionSpectrogramPanel.cs"
"Assets/_Project/Scripts/UI/PDAEncyclopediaStreamer.cs"
"Assets/_Project/Scripts/UI/PDAIntrusionManager.cs"
"Assets/_Project/Scripts/UI/PDAInventoryFilterButton.cs"
"Assets/_Project/Scripts/UI/PDALoadoutTab.cs"
"Assets/_Project/Scripts/UI/PDAMapTab.cs"
"Assets/_Project/Scripts/UI/PDAShellChrome.cs"
"Assets/_Project/Scripts/UI/PDASpectrumTab.cs"
"Assets/_Project/Scripts/UI/PDATabButton.cs"
"Assets/_Project/Scripts/UI/PauseControlsPanel.cs"
"Assets/_Project/Scripts/UI/PauseMenuAudioIntegration.cs"
"Assets/_Project/Scripts/UI/PauseMenuController.cs"
"Assets/_Project/Scripts/UI/PauseMenuHost.cs"
"Assets/_Project/Scripts/UI/PdaH8lrLoreStore.cs"
"Assets/_Project/Scripts/UI/PhysicalPanelButton.cs"
"Assets/_Project/Scripts/UI/PhysicalPanelDial.cs"
"Assets/_Project/Scripts/UI/PhysicalTerminalKeyboard.cs"
"Assets/_Project/Scripts/UI/RelayHUDElement.cs"
"Assets/_Project/Scripts/UI/RelayHUDRuntimeBootstrap.cs"
"Assets/_Project/Scripts/UI/SaveSlotHoverPreview.cs"
"Assets/_Project/Scripts/UI/SaveSlotThumbnail.cs"
"Assets/_Project/Scripts/UI/SaveThumbnailCapture.cs"
"Assets/_Project/Scripts/UI/SettingsComparisonView.cs"
"Assets/_Project/Scripts/UI/SettingsLivePreview.cs"
"Assets/_Project/Scripts/UI/SettingsManager.cs"
"Assets/_Project/Scripts/UI/SettingsPanel.cs"
"Assets/_Project/Scripts/UI/SettingsPanelAnimator.cs"
"Assets/_Project/Scripts/UI/SettingsPanelProfiler.cs"
"Assets/_Project/Scripts/UI/ShaderCompassRibbon.cs"
"Assets/_Project/Scripts/UI/SonarHoloCompass.cs"
"Assets/_Project/Scripts/UI/SubmarineSonarHoloMapRenderer.cs"
"Assets/_Project/Scripts/UI/SubnauticaSystemsDebugUI.cs"
"Assets/_Project/Scripts/UI/SubtitleManager.cs"
"Assets/_Project/Scripts/UI/SuitAdvisoryController.cs"
"Assets/_Project/Scripts/UI/SuitHUDV4CanvasOverlay.cs"
"Assets/_Project/Scripts/UI/SurvivalHUDController.cs"
"Assets/_Project/Scripts/UI/TMP_TextRegistry.cs"
"Assets/_Project/Scripts/UI/TerminalOS/TerminalOsRuntime.cs"
"Assets/_Project/Scripts/UI/TerminalOS/TerminalOsTypes.cs"
"Assets/_Project/Scripts/UI/TopographicalSonar/TopographicalSonarSynthesizer.cs"
"Assets/_Project/Scripts/UI/UIAudioFeedback.cs"
"Assets/_Project/Scripts/UI/UIButtonAudioTrigger.cs"
"Assets/_Project/Scripts/UI/UIFadeTransition.cs"
"Assets/_Project/Scripts/UI/UIParticleEffect.cs"
"Assets/_Project/Scripts/UI/UIScreenShake.cs"
"Assets/_Project/Scripts/UI/UISliderValueDisplay.cs"
"Assets/_Project/Scripts/UI/UITooltip.cs"
"Assets/_Project/Scripts/UI/VehicleSubOsCockpitRuntime.cs"
"Assets/_Project/Scripts/UI/WorldSpaceTMPSharpnessController.cs"
"Assets/_Project/Scripts/UI/WristHologramHudRuntime.cs"
"Assets/_Project/Scripts/UIRuntimeSmokeTester.cs"
"Assets/_Project/Scripts/VFX/BiomeProfile.cs"
"Assets/_Project/Scripts/VFX/CameraJuiceSystem.cs"
"Assets/_Project/Scripts/VFX/HectonMarineSnowRenderer.cs"
"Assets/_Project/Scripts/VFX/NativeTrailRenderer.cs"
"Assets/_Project/Scripts/VFX/PropwashGpuContracts.cs"
"Assets/_Project/Scripts/VFX/ShakeProfile.cs"
"Assets/_Project/Scripts/VFX/VFXEmissionProfile.cs"
"Assets/_Project/Scripts/VFX/VfxComputeParticleBudgetCatalog.cs"
"Assets/_Project/Scripts/VFX/VolumetricFogContracts.cs"
"Assets/_Project/Scripts/VFX/VolumetricSiltContracts.cs"
"Assets/_Project/Scripts/VFX/Wakes/WakeDisplacementData.cs"
"Assets/_Project/Scripts/Vehicles/Automation/DroneDockingSignals.cs"
"Assets/_Project/Scripts/Visor/CausticsProjectorManager.cs"
"Assets/_Project/Scripts/Visor/DeferredDecalPass.cs"
"Assets/_Project/Scripts/Visor/DiegeticVisorLensRuntime.cs"
"Assets/_Project/Scripts/Visor/DiegeticVisorLensTypes.cs"
"Assets/_Project/Scripts/Visor/DynamicDecalGizmoVisualizer.cs"
"Assets/_Project/Scripts/Visor/DynamicDecalVaultRuntime.cs"
"Assets/_Project/Scripts/Visor/Editor/ScreenSpaceDecalTunerWindow.cs"
"Assets/_Project/Scripts/Visor/Editor/VisorHudArTunerWindow.cs"
"Assets/_Project/Scripts/Visor/HectonAbyssalSsdoFeature.cs"
"Assets/_Project/Scripts/Visor/HectonAtmosphereSootFeature.cs"
"Assets/_Project/Scripts/Visor/HectonBiolumSSGIFeature.cs"
"Assets/_Project/Scripts/Visor/HectonBiosDiagnosticFeature.cs"
"Assets/_Project/Scripts/Visor/HectonBiosDiagnosticState.cs"
"Assets/_Project/Scripts/Visor/HectonDrsRenderFeatureGate.cs"
"Assets/_Project/Scripts/Visor/HectonDryVolumeFeature.cs"
"Assets/_Project/Scripts/Visor/HectonDryVolumeStencilSource.cs"
"Assets/_Project/Scripts/Visor/HectonFillrateDepthPrepassFeature.cs"
"Assets/_Project/Scripts/Visor/HectonFlashlightVoxelShadowProvider.cs"
"Assets/_Project/Scripts/Visor/HectonFluidAdvectionRenderFeature.cs"
"Assets/_Project/Scripts/Visor/HectonHalfResParticlesFeature.cs"
"Assets/_Project/Scripts/Visor/HectonHolographicEdgeFeature.cs"
"Assets/_Project/Scripts/Visor/HectonNoirDepthFogFeature.cs"
"Assets/_Project/Scripts/Visor/HectonOverdrawHeatmapFeature.cs"
"Assets/_Project/Scripts/Visor/HectonRetinaDistortionFeature.cs"
"Assets/_Project/Scripts/Visor/HectonScannerProjectionFeature.cs"
"Assets/_Project/Scripts/Visor/HectonScooterVolumetricShaftsFeature.cs"
"Assets/_Project/Scripts/Visor/HectonSonarPointCloudFeature.cs"
"Assets/_Project/Scripts/Visor/HectonStochasticSsrFeature.cs"
"Assets/_Project/Scripts/Visor/HectonVRBrownoutFeature.cs"
"Assets/_Project/Scripts/Visor/HectonVRDiegeticFocusController.cs"
"Assets/_Project/Scripts/Visor/HectonVisorARStencilRendererFeature.cs"
"Assets/_Project/Scripts/Visor/HectonVisorFluidDistortionFeature.cs"
"Assets/_Project/Scripts/Visor/HectonVisorStencilPreviewGizmo.cs"
"Assets/_Project/Scripts/Visor/HectonVisorUberPostFeature.Noir.cs"
"Assets/_Project/Scripts/Visor/HectonVisorUberPostFeature.cs"
"Assets/_Project/Scripts/Visor/HectonVolumetricParticulateFogFeature.cs"
"Assets/_Project/Scripts/Visor/HectonVoxelSsaoFeature.cs"
"Assets/_Project/Scripts/Visor/InternalFloodWaterlineRuntime.cs"
"Assets/_Project/Scripts/Visor/PlayerStressVFX.cs"
"Assets/_Project/Scripts/Visor/SonarGridOverlay.cs"
"Assets/_Project/Scripts/Visor/SpectrumSystem.cs"
"Assets/_Project/Scripts/Visor/SuitHUDPresentationController.cs"
"Assets/_Project/Scripts/Visor/SuitHUDScreenCompositor.cs"
"Assets/_Project/Scripts/Visor/VisorHUDController.cs"
"Assets/_Project/Scripts/Visor/VolumetricLightFeature.cs"
"Assets/_Project/Scripts/VisualBudgetSmokeTester.cs"
"Assets/_Project/Scripts/VisualCascadeSmokeTester.cs"
"Assets/_Project/Scripts/VisualOmegaSmokeTester.cs"
"Assets/_Project/Scripts/VortexVolume.cs"
"Assets/_Project/Scripts/VoxelChunkModifiedEvents.cs"
"Assets/_Project/Scripts/VoxelDeformationSmokeTester.cs"
"Assets/_Project/Scripts/VoxelDeltaPersistenceDTO.cs"
"Assets/_Project/Scripts/VoxelDeltaProcessor.cs"
"Assets/_Project/Scripts/VoxelRuntimeIntegrityUtility.cs"
"Assets/_Project/Scripts/VoxelSeamDirector.cs"
"Assets/_Project/Scripts/World/AUPMath.cs"
"Assets/_Project/Scripts/World/AbsoluteUniversePositionBlit.cs"
"Assets/_Project/Scripts/World/AbyssalFluidDecalManager.cs"
"Assets/_Project/Scripts/World/AbyssalThermalManager.cs"
"Assets/_Project/Scripts/World/AcousticOcclusionUtility.cs"
"Assets/_Project/Scripts/World/BasePollutionManager.cs"
"Assets/_Project/Scripts/World/BioCableIK.cs"
"Assets/_Project/Scripts/World/Biolum/CaveBiolumZone.cs"
"Assets/_Project/Scripts/World/Biolum/FloorBiolumZone.cs"
"Assets/_Project/Scripts/World/Biolum/HectonBiolumDiffusionVolume.cs"
"Assets/_Project/Scripts/World/Biolum/HectonBiolumManager.cs"
"Assets/_Project/Scripts/World/Biolum/HectonBiolumZone.cs"
"Assets/_Project/Scripts/World/Biolum/OceanBiolumZone.cs"
"Assets/_Project/Scripts/World/BiomeMatrixSmokeTester.cs"
"Assets/_Project/Scripts/World/BiomeTransitionFogBlendJobs.cs"
"Assets/_Project/Scripts/World/BiomeTransitionSmokeTester.cs"
"Assets/_Project/Scripts/World/Biomes/BiomeBoundarySdfJobs.cs"
"Assets/_Project/Scripts/World/Biomes/BiomeBoundarySdfRuntime.cs"
"Assets/_Project/Scripts/World/Biomes/BiomeBoundarySdfRuntimeBootstrap.cs"
"Assets/_Project/Scripts/World/Biomes/BiomeTransitionManagerRuntime.cs"
"Assets/_Project/Scripts/World/Biomes/Editor/BiomeTransitionTunerWindow.cs"
"Assets/_Project/Scripts/World/BoidStructValidator.cs"
"Assets/_Project/Scripts/World/ChemicalInfluenceGrid.cs"
"Assets/_Project/Scripts/World/ChunkLocalOffsetQuantization.cs"
"Assets/_Project/Scripts/World/CullingManager.cs"
"Assets/_Project/Scripts/World/DepthZoneDirector.cs"
"Assets/_Project/Scripts/World/DepthZoneProfile.cs"
"Assets/_Project/Scripts/World/DestructibleOrganicManager.cs"
"Assets/_Project/Scripts/World/DispatcherJobSwap.cs"
"Assets/_Project/Scripts/World/DropBuffer.cs"
"Assets/_Project/Scripts/World/DynamicResolutionScaler.cs"
"Assets/_Project/Scripts/World/EcosystemBalanceProfile.cs"
"Assets/_Project/Scripts/World/EcosystemDirector.cs"
"Assets/_Project/Scripts/World/EcosystemEnvelope.cs"
"Assets/_Project/Scripts/World/Editor/AbyssalScentTunerWindow.cs"
"Assets/_Project/Scripts/World/Editor/SpawnZoneSdfValidationEditor.cs"
"Assets/_Project/Scripts/World/Editor/Synchronous_IO_Scanner.cs"
"Assets/_Project/Scripts/World/Editor/TerrainChunkPagerTunerWindow.cs"
"Assets/_Project/Scripts/World/EmergencyServiceRelay.cs"
"Assets/_Project/Scripts/World/EmergencyServiceRelayDirector.cs"
"Assets/_Project/Scripts/World/EmergencyServiceRelayEvents.cs"
"Assets/_Project/Scripts/World/EntropyYieldJob.cs"
"Assets/_Project/Scripts/World/EnvironmentalStrainManager.cs"
"Assets/_Project/Scripts/World/ErosionHarnessJobs.cs"
"Assets/_Project/Scripts/World/FaunaSpatialHashRegistry.cs"
"Assets/_Project/Scripts/World/FloraBrain.cs"
"Assets/_Project/Scripts/World/FloraDataTemplate.cs"
"Assets/_Project/Scripts/World/FloraGenomics/FloraGenomeContracts.cs"
"Assets/_Project/Scripts/World/FloraGenomics/FloraGenomeCsvHotloader.cs"
"Assets/_Project/Scripts/World/FloraGenomics/FloraGenomeJobs.cs"
"Assets/_Project/Scripts/World/FloraGenomics/FloraGenomeVaultRuntime.cs"
"Assets/_Project/Scripts/World/FloraInteractionManager.cs"
"Assets/_Project/Scripts/World/FloraRegrowthDirector.cs"
"Assets/_Project/Scripts/World/GPR/GroundRadarJobs.cs"
"Assets/_Project/Scripts/World/GPUScatterDirector.cs"
"Assets/_Project/Scripts/World/GeneticTraitProfile.cs"
"Assets/_Project/Scripts/World/GlobalWorldSampler.cs"
"Assets/_Project/Scripts/World/GroundPenetratingRadarRuntime.cs"
"Assets/_Project/Scripts/World/HLODInstance.cs"
"Assets/_Project/Scripts/World/HectonAnomalyBrineJobs.cs"
"Assets/_Project/Scripts/World/HectonAnomalyEngine.cs"
"Assets/_Project/Scripts/World/HectonAnomalyFeatureJobs.cs"
"Assets/_Project/Scripts/World/HectonAnomalyResourceBinding.cs"
"Assets/_Project/Scripts/World/HectonAnomalySdfJobs.cs"
"Assets/_Project/Scripts/World/HectonBatchRendererGroupUtility.cs"
"Assets/_Project/Scripts/World/HectonBiolumController.cs"
"Assets/_Project/Scripts/World/HectonBrinePoolMeshGenerator.cs"
"Assets/_Project/Scripts/World/HectonBrineToxicMudGrid.cs"
"Assets/_Project/Scripts/World/HectonCaveVoxelAmbientOcclusionController.cs"
"Assets/_Project/Scripts/World/HectonCaveVoxelLightingVolume.cs"
"Assets/_Project/Scripts/World/HectonDistantLandmarkRenderer.cs"
"Assets/_Project/Scripts/World/HectonHLODRenderer.cs"
"Assets/_Project/Scripts/World/HectonIndirectVegetationContracts.cs"
"Assets/_Project/Scripts/World/HectonIndirectVegetationRenderer.cs"
"Assets/_Project/Scripts/World/HectonMapMagicVegetationBridge.cs"
"Assets/_Project/Scripts/World/HectonMapMagicVegetationBridgeFloraVisualSway.cs"
"Assets/_Project/Scripts/World/HectonOctahedralImpostorBakeJobs.cs"
"Assets/_Project/Scripts/World/HectonOctahedralImpostorData.cs"
"Assets/_Project/Scripts/World/HectonOctahedralImpostorRenderer.cs"
"Assets/_Project/Scripts/World/HectonOctahedralImpostorTypes.cs"
"Assets/_Project/Scripts/World/HectonProceduralVegetationStripBuilder.cs"
"Assets/_Project/Scripts/World/HectonSandboxAbyssalShelfJobs.cs"
"Assets/_Project/Scripts/World/HectonSandboxAbyssalShelfSmokeTester.cs"
"Assets/_Project/Scripts/World/HectonSpatialHash.cs"
"Assets/_Project/Scripts/World/HectonVegetationConstants.cs"
"Assets/_Project/Scripts/World/HectonVoxelStreamingBridge.cs"
"Assets/_Project/Scripts/World/HectonWorldStreamingTypes.cs"
"Assets/_Project/Scripts/World/HydraulicErosionJob.cs"
"Assets/_Project/Scripts/World/HydraulicErosionMetricsJob.cs"
"Assets/_Project/Scripts/World/ISargassumMassiveDisplacementReceiver.cs"
"Assets/_Project/Scripts/World/ImpostorSystem.cs"
"Assets/_Project/Scripts/World/InstancedFloraRenderer.cs"
"Assets/_Project/Scripts/World/LODSystemManager.cs"
"Assets/_Project/Scripts/World/PersistentWorldRegistry.cs"
"Assets/_Project/Scripts/World/PlanetaryCanvasSmokeTester.cs"
"Assets/_Project/Scripts/World/ProceduralFamily_Fauna.cs"
"Assets/_Project/Scripts/World/ProceduralFamily_Flora.cs"
"Assets/_Project/Scripts/World/ProceduralWreckGenerator.cs"
"Assets/_Project/Scripts/World/ProxyLightRegistry.cs"
"Assets/_Project/Scripts/World/ResourceDistributionDirector.cs"
"Assets/_Project/Scripts/World/ResourceYieldMath.cs"
"Assets/_Project/Scripts/World/SamplingSnapshot.cs"
"Assets/_Project/Scripts/World/SargassumCollapseChunk.cs"
"Assets/_Project/Scripts/World/SargassumCrestDampingController.cs"
"Assets/_Project/Scripts/World/SargassumCutManager.cs"
"Assets/_Project/Scripts/World/SargassumDebrisParticleSystem.cs"
"Assets/_Project/Scripts/World/SargassumGlobalDragManager.cs"
"Assets/_Project/Scripts/World/SargassumMicroFaunaBoids.cs"
"Assets/_Project/Scripts/World/ScatterBackendBindingBridge.cs"
"Assets/_Project/Scripts/World/ScatterBackendBindingState.cs"
"Assets/_Project/Scripts/World/ScatterBackendParityReference.cs"
"Assets/_Project/Scripts/World/ScatterBackendRequestFactory.cs"
"Assets/_Project/Scripts/World/ScatterBackendRuntimeHost.cs"
"Assets/_Project/Scripts/World/ScatterBackendRuntimeStatus.cs"
"Assets/_Project/Scripts/World/ScatterBackendScheduleRequest.cs"
"Assets/_Project/Scripts/World/ScatterBackendShadowCompletion.cs"
"Assets/_Project/Scripts/World/ScatterBackendSupportContext.cs"
"Assets/_Project/Scripts/World/ScatterCandidateEvaluator.cs"
"Assets/_Project/Scripts/World/ScatterClassicBackendAdapters.cs"
"Assets/_Project/Scripts/World/ScatterDiagnosticsTracker.cs"
"Assets/_Project/Scripts/World/ScatterEvaluationEngine.cs"
"Assets/_Project/Scripts/World/ScatterEvaluator.cs"
"Assets/_Project/Scripts/World/ScatterGPUIBackend.cs"
"Assets/_Project/Scripts/World/ScatterHeuristicsUtility.cs"
"Assets/_Project/Scripts/World/ScatterHybridRuntimeEntryPoint.cs"
"Assets/_Project/Scripts/World/ScatterInstancingService.cs"
"Assets/_Project/Scripts/World/ScatterMath.cs"
"Assets/_Project/Scripts/World/ScatterRebuildProfileSnapshot.cs"
"Assets/_Project/Scripts/World/ScatterReconcileMetrics.cs"
"Assets/_Project/Scripts/World/ScatterRuntimeBackendFacade.cs"
"Assets/_Project/Scripts/World/SedimentAccumulationManager.cs"
"Assets/_Project/Scripts/World/ShinobuStreamingRuntime.cs"
"Assets/_Project/Scripts/World/SoundscapeSystem.cs"
"Assets/_Project/Scripts/World/SpatialSonarSnapshot.cs"
"Assets/_Project/Scripts/World/SpawnZoneSdfValidation.cs"
"Assets/_Project/Scripts/World/TOOL_Procedural_Wreckage_Generator.cs"
"Assets/_Project/Scripts/World/TectonicActivityProfile.cs"
"Assets/_Project/Scripts/World/TerrainChunkPagerRuntime.cs"
"Assets/_Project/Scripts/World/TerrainChunkPagerTypes.cs"
"Assets/_Project/Scripts/World/ThermalSlumpingJob.cs"
"Assets/_Project/Scripts/World/VegetationCapacityUtilities.cs"
"Assets/_Project/Scripts/World/VegetationChunkResidencyDirector.cs"
"Assets/_Project/Scripts/World/VegetationDensityQueryService.cs"
"Assets/_Project/Scripts/World/VegetationFlowFieldIntegrator.cs"
"Assets/_Project/Scripts/World/VegetationMath.cs"
"Assets/_Project/Scripts/World/VegetationMemoryPool.cs"
"Assets/_Project/Scripts/World/VegetationNavGridSynchronizer.cs"
"Assets/_Project/Scripts/World/VegetationPersistenceManager.cs"
"Assets/_Project/Scripts/World/VegetationPredatorFearField.cs"
"Assets/_Project/Scripts/World/VegetationTerrainHoleSynchronizer.cs"
"Assets/_Project/Scripts/World/VegetationThermalSampler.cs"
"Assets/_Project/Scripts/World/VegetationThreatAndStructureService.cs"
"Assets/_Project/Scripts/World/VegetationTileCacheResidency.cs"
"Assets/_Project/Scripts/World/VolcanicUpdraftDirector.cs"
"Assets/_Project/Scripts/World/VolumetricBiomeSmokeTester.cs"
"Assets/_Project/Scripts/World/VoxelDynamicNavGridRuntime.cs"
"Assets/_Project/Scripts/World/VoxelDynamicNavGridRuntimeLifecycle.cs"
"Assets/_Project/Scripts/World/WorldChunkResidencyManager.cs"
"Assets/_Project/Scripts/World/WorldGenRegistrySmokeTester.cs"
"Assets/_Project/Scripts/World/WorldGenerativeGeologyTelemetry.cs"
"Assets/_Project/Scripts/World/WorldLODSceneBootstrap.cs"
"Assets/_Project/Scripts/World/WorldPickupStateCodec.cs"
"Assets/_Project/Scripts/World/WorldProceduralTerrainFakeOverhangJobs.cs"
"Assets/_Project/Scripts/World/WorldProceduralTerrainSplatmapJobs.cs"
"Assets/_Project/Scripts/World/WorldProceduralTerrainTectonicDisplacementJobs.cs"
"Assets/_Project/Scripts/World/WorldProceduralTerrainTerraceJobs.cs"
"Assets/_Project/Scripts/World/WorldProceduralTerrainThermalWeatheringJobs.cs"
"Assets/_Project/Scripts/World/WorldReadabilityDirector.cs"
"Assets/_Project/Scripts/World/WorldReadabilityRuntimeBootstrap.cs"
"Assets/_Project/Scripts/World/WorldShippingContentFilter.cs"
"Assets/_Project/Scripts/World/WorldShippingSceneRuntimeGuard.cs"
"Assets/_Project/Scripts/World/WorldSpatialHashGrid.cs"
"Assets/_Project/Scripts/World/WorldVolumetricBiomeClassificationJobs.cs"
"Assets/_Project/Scripts/World/WreckMaterialRegistry.cs"
"Assets/_Project/Scripts/WorldCaveDirector.cs"
"Assets/_Project/Scripts/WorldChunkCoordinate.cs"
"Assets/_Project/Scripts/WorldChunkStreamingProfile.cs"
"Assets/_Project/Scripts/WorldContentDirector.cs"
"Assets/_Project/Scripts/WorldContentProfile.cs"
"Assets/_Project/Scripts/WorldContentSocket.cs"
"Assets/_Project/Scripts/WorldExpeditionLoopProfile.cs"
"Assets/_Project/Scripts/WorldFaunaSpawnRegistry.cs"
"Assets/_Project/Scripts/WorldFidelityRoot.cs"
"Assets/_Project/Scripts/WorldGeneratedPrimitiveFactory.cs"
"Assets/_Project/Scripts/WorldGenerativeGeologyIntegrationDirector.cs"
"Assets/_Project/Scripts/WorldGenerativeGeologyMeshBuilder.cs"
"Assets/_Project/Scripts/WorldGenerativeGeologyProfile.cs"
"Assets/_Project/Scripts/WorldGenerativeGeologyRuntimeSmokeTester.cs"
"Assets/_Project/Scripts/WorldGenerativeGeologySeamExecutionDirector.cs"
"Assets/_Project/Scripts/WorldGenerativeGeologySeamPlan.cs"
"Assets/_Project/Scripts/WorldGenerativeGeologyService.cs"
"Assets/_Project/Scripts/WorldGenerativeGeologyTerrainSeamApplier.cs"
"Assets/_Project/Scripts/WorldGenerativeGeologyVoxelBlendRequest.cs"
"Assets/_Project/Scripts/WorldGenerativeGeologyVoxelBridgeDirector.cs"
"Assets/_Project/Scripts/WorldInterestAnchor.cs"
"Assets/_Project/Scripts/WorldInterestDirector.cs"
"Assets/_Project/Scripts/WorldMacroZoneCoordinate.cs"
"Assets/_Project/Scripts/WorldMotivationProfile.cs"
"Assets/_Project/Scripts/WorldPopulationDirector.cs"
"Assets/_Project/Scripts/WorldPopulationRule.cs"
"Assets/_Project/Scripts/WorldPrefabFamilyProfile.cs"
"Assets/_Project/Scripts/WorldProceduralBiomeFamilyContextCatalog.cs"
"Assets/_Project/Scripts/WorldProceduralBiomeFamilyContextProfile.cs"
"Assets/_Project/Scripts/WorldProceduralClusterFocus.cs"
"Assets/_Project/Scripts/WorldProceduralFaunaMood.cs"
"Assets/_Project/Scripts/WorldProceduralFieldSampler.cs"
"Assets/_Project/Scripts/WorldProceduralFillDirector.cs"
"Assets/_Project/Scripts/WorldProceduralPattern.cs"
"Assets/_Project/Scripts/WorldProceduralPatternCatalog.cs"
"Assets/_Project/Scripts/WorldProceduralPatternProfile.cs"
"Assets/_Project/Scripts/WorldProceduralPlaceholderMarker.cs"
"Assets/_Project/Scripts/WorldProceduralPlacementRule.cs"
"Assets/_Project/Scripts/WorldProceduralProxyInstance.cs"
"Assets/_Project/Scripts/WorldProceduralScatterDirector.cs"
"Assets/_Project/Scripts/WorldProceduralScatterDirectorBackendContexts.cs"
"Assets/_Project/Scripts/WorldProceduralScatterDirectorBackendIntegration.cs"
"Assets/_Project/Scripts/WorldProceduralScatterDirectorCandidateAcceptance.cs"
"Assets/_Project/Scripts/WorldProceduralScatterDirectorDiagnosticsContexts.cs"
"Assets/_Project/Scripts/WorldProceduralScatterDirectorEnvironmentalEnvelope.cs"
"Assets/_Project/Scripts/WorldProceduralScatterDirectorMigratorySargassum.cs"
"Assets/_Project/Scripts/WorldProceduralScatterDirectorPlacementRetentionContexts.cs"
"Assets/_Project/Scripts/WorldProceduralScatterDirectorPlacementTypes.cs"
"Assets/_Project/Scripts/WorldProceduralScatterDirectorReconcileContexts.cs"
"Assets/_Project/Scripts/WorldProceduralScatterDirectorRescueContexts.cs"
"Assets/_Project/Scripts/WorldProceduralScatterDirectorRuntimeStateContexts.cs"
"Assets/_Project/Scripts/WorldProceduralScatterDirectorSamplingPipeline.cs"
"Assets/_Project/Scripts/WorldProceduralScatterDirectorSpatialHelpers.cs"
"Assets/_Project/Scripts/WorldProceduralScatterDirectorSpawnBatchContexts.cs"
"Assets/_Project/Scripts/WorldProceduralScatterWorkingMemory.cs"
"Assets/_Project/Scripts/WorldProceduralStateRegistry.cs"
"Assets/_Project/Scripts/WorldProceduralStructureFocus.cs"
"Assets/_Project/Scripts/WorldRuntimeReferenceUtility.cs"
"Assets/_Project/Scripts/WorldSandboxAttractionProfile.cs"
"Assets/_Project/Scripts/WorldSliceAnchor.cs"
"Assets/_Project/Scripts/WorldSliceDirector.cs"
"Assets/_Project/Scripts/WorldStateManager.cs"
"Assets/_Project/Scripts/WorldStreamingDirector.cs"
"Assets/_Project/Scripts/WorldStreamingLayer.cs"
"Assets/_Project/Scripts/WorldZoneAnchor.cs"
"Assets/_Project/Scripts/WorldZoneDirector.cs"
"Assets/_Project/Scripts/WorldZonePlanProfile.cs"
"Assets/_Project/Scripts/WorldZoneProfile.cs"
"Assets/_Project/Scripts/ZeroGCStringCache.cs"
-langversion:9.0
/unsafe+
/deterministic
/optimize-
/debug:portable
/nologo
/RuntimeMetadataVersion:v4.0.30319
/nowarn:0169
/nowarn:0649
/nowarn:0282
/nowarn:1701
/nowarn:1702
/utf8output
/preferreduilang:en-US
/additionalfile:"Library/Bee/artifacts/1900b0aEDbg.dag/Hecton8.Core.UnityAdditionalFile.txt"
##### Custom Environment Variables
DOTNET_MULTILEVEL_LOOKUP=0
##### ExitCode
1
##### Output
Assets\_Project\Scripts\Fauna\LeviathanTentacleVerletSolver.cs(535,17): error CS0246: The type or namespace name 'HectonFluidEngine' could not be found (are you missing a using directive or an assembly reference?)
*** Tundra build failed (26.78 seconds), 7 items updated, 3789 evaluatedAssets\_Project\Scripts\Fauna\LeviathanTentacleVerletSolver.cs(535,17): error CS0246: The type or namespace name 'HectonFluidEngine' could not be found (are you missing a using directive or an assembly reference?)

Total cache size 265484168
Total cache size after purge 265484168, took 00:00:01.0662658
[ScriptCompilation] Requested script compilation because: AssetDatabase observed changes in script compilation related files
Starting: C:\Program Files\Unity\Hub\Editor\6000.4.1f1\Editor\Data\Tools\BuildPipeline\bee_backend.exe --ipc --defer-dag-verification --dagfile="Library/Bee/1900b0aEDbg.dag" --continue-on-failure --profile="Library/Bee/backend1.traceevents" ScriptAssemblies
WorkingDir: C:/hades/Hecton8
[Licensing::Client] Successfully resolved entitlement details
Starting: C:\Program Files\Unity\Hub\Editor\6000.4.1f1\Editor\Data\netcorerun\netcorerun.exe "C:\Program Files\Unity\Hub\Editor\6000.4.1f1\Editor\Data\Tools\BuildPipeline\ScriptCompilationBuildProgram.exe" "Library/Bee/1900b0aEDbg.dag.json" "Library/Bee/1900b0aEDbg-inputdata.json" "Library\Bee\buildprogram0.traceevents"
WorkingDir: C:/hades/Hecton8
ExitCode: 4 Duration: 22s
[2644/3789  0s] ILPP-Configuration Library/ilpp-configuration.nevergeneratedoutput
Rebuilding DAG because FileSignature timestamp changed: Library/Bee/1900b0aEDbg-inputdata.json
[BUSY       6s] Csc Library/Bee/artifacts/1900b0aEDbg.dag/Hecton8.Core.dll (+2 others)
[BUSY      16s] Csc Library/Bee/artifacts/1900b0aEDbg.dag/Hecton8.Core.dll (+2 others)
[             ] Modification date of `Assets\_Project\Scripts\Fauna\PredatorCognitionDomain_Steering.cs` changed while running `Csc Library/Bee/artifacts/1900b0aEDbg.dag/Hecton8.Core.dll (+2 others)`. Old timestamp: 134239363712384921, new timestamp: 134239367356177399
*** Tundra requires additional run (22.12 seconds), 2 items updated, 3388 evaluated
ExitCode: 0 Duration: 15s
Starting: C:\Program Files\Unity\Hub\Editor\6000.4.1f1\Editor\Data\Tools\BuildPipeline\bee_backend.exe --ipc --defer-dag-verification --dagfile="Library/Bee/1900b0aEDbg.dag" --continue-on-failure --dagfilejson="Library\Bee\1900b0aEDbg.dag.json" --profile="Library/Bee/backend2.traceevents" ScriptAssemblies
WorkingDir: C:/hades/Hecton8
## Script Compilation Error for: Csc Library/Bee/artifacts/1900b0aEDbg.dag/Hecton8.Core.dll (+2 others)
## CmdLine: "C:\Program Files\Unity\Hub\Editor\6000.4.1f1\Editor\Data\NetCoreRuntime\dotnet.exe" exec "C:/Program Files/Unity/Hub/Editor/6000.4.1f1/Editor/Data/DotNetSdkRoslyn/csc.dll" /nostdlib /noconfig /shared "@Library/Bee/artifacts/1900b0aEDbg.dag/Hecton8.Core.rsp" "@Library/Bee/artifacts/1900b0aEDbg.dag/Hecton8.Core.rsp2"
## Output:
Assets\_Project\Scripts\VFX\Parasites\ParasiteSwarmContracts.cs(8,15): error CS0234: The type or namespace name 'Thermodynamics' does not exist in the namespace 'Hecton8' (are you missing an assembly reference?)
Assets\_Project\Scripts\Fauna\LeviathanTentacleVerletSolver.cs(535,17): error CS0246: The type or namespace name 'HectonFluidEngine' could not be found (are you missing a using directive or an assembly reference?)
Assets\_Project\Scripts\VFX\Parasites\ParasiteSwarmContracts.cs(630,72): error CS0246: The type or namespace name 'HeatSourceDTO' could not be found (are you missing a using directive or an assembly reference?)
Assets\_Project\Scripts\VFX\Parasites\ParasiteSwarmContracts.cs(645,73): error CS0246: The type or namespace name 'ThermalCellDTO' could not be found (are you missing a using directive or an assembly reference?)
Assets\_Project\Scripts\VFX\Parasites\ParasiteSwarmContracts.cs(575,48): error CS0246: The type or namespace name 'HeatSourceDTO' could not be found (are you missing a using directive or an assembly reference?)
Assets\_Project\Scripts\VFX\Parasites\ParasiteSwarmContracts.cs(576,48): error CS0246: The type or namespace name 'ThermalCellDTO' could not be found (are you missing a using directive or an assembly reference?)

Assets\_Project\Scripts\VFX\Parasites\ParasiteSwarmContracts.cs(8,15): error CS0234: The type or namespace name 'Thermodynamics' does not exist in the namespace 'Hecton8' (are you missing an assembly reference?)
Assets\_Project\Scripts\Fauna\LeviathanTentacleVerletSolver.cs(535,17): error CS0246: The type or namespace name 'HectonFluidEngine' could not be found (are you missing a using directive or an assembly reference?)
Assets\_Project\Scripts\VFX\Parasites\ParasiteSwarmContracts.cs(630,72): error CS0246: The type or namespace name 'HeatSourceDTO' could not be found (are you missing a using directive or an assembly reference?)
Assets\_Project\Scripts\VFX\Parasites\ParasiteSwarmContracts.cs(645,73): error CS0246: The type or namespace name 'ThermalCellDTO' could not be found (are you missing a using directive or an assembly reference?)
Assets\_Project\Scripts\VFX\Parasites\ParasiteSwarmContracts.cs(575,48): error CS0246: The type or namespace name 'HeatSourceDTO' could not be found (are you missing a using directive or an assembly reference?)
Assets\_Project\Scripts\VFX\Parasites\ParasiteSwarmContracts.cs(576,48): error CS0246: The type or namespace name 'ThermalCellDTO' could not be found (are you missing a using directive or an assembly reference?)
ExitCode: 3 Duration: 26s
Finished compiling graph: 3793 nodes, 103217 flattened edges (76373 ToBuild, 704 ToUse), maximum node priority 5377
[ 603/3789  0s] WriteText Library/Bee/artifacts/1900b0aEDbg.dag/Hecton8.Core.rsp
[2644/3789  0s] ILPP-Configuration Library/ilpp-configuration.nevergeneratedoutput
[BUSY       6s] Csc Library/Bee/artifacts/1900b0aEDbg.dag/Hecton8.Core.dll (+2 others)
[BUSY      17s] Csc Library/Bee/artifacts/1900b0aEDbg.dag/Hecton8.Core.dll (+2 others)
[             ] Modification date of `Assets\_Project\Scripts\Fauna\PredatorCognitionDomain.cs` changed while running `Csc Library/Bee/artifacts/1900b0aEDbg.dag/Hecton8.Core.dll (+2 others)`. Old timestamp: 134239199013933944, new timestamp: 134239367859174320
[3389/3789 20s] Csc Library/Bee/artifacts/1900b0aEDbg.dag/Hecton8.Core.dll (+2 others)
##### CommandLine
"C:\Program Files\Unity\Hub\Editor\6000.4.1f1\Editor\Data\NetCoreRuntime\dotnet.exe" exec "C:/Program Files/Unity/Hub/Editor/6000.4.1f1/Editor/Data/DotNetSdkRoslyn/csc.dll" /nostdlib /noconfig /shared "@Library/Bee/artifacts/1900b0aEDbg.dag/Hecton8.Core.rsp" "@Library/Bee/artifacts/1900b0aEDbg.dag/Hecton8.Core.rsp2"
##### Contents of Library\Bee\artifacts\1900b0aEDbg.dag\Hecton8.Core.rsp
-target:library
-out:"Library/Bee/artifacts/1900b0aEDbg.dag/Hecton8.Core.dll"
-refout:"Library/Bee/artifacts/1900b0aEDbg.dag/Hecton8.Core.ref.dll"
-define:UNITY_6000_4_1
-define:UNITY_6000_4
-define:UNITY_6000
-define:UNITY_5_3_OR_NEWER
-define:UNITY_5_4_OR_NEWER
-define:UNITY_5_5_OR_NEWER
-define:UNITY_5_6_OR_NEWER
-define:UNITY_2017_1_OR_NEWER
-define:UNITY_2017_2_OR_NEWER
-define:UNITY_2017_3_OR_NEWER
-define:UNITY_2017_4_OR_NEWER
-define:UNITY_2018_1_OR_NEWER
-define:UNITY_2018_2_OR_NEWER
-define:UNITY_2018_3_OR_NEWER
-define:UNITY_2018_4_OR_NEWER
-define:UNITY_2019_1_OR_NEWER
-define:UNITY_2019_2_OR_NEWER
-define:UNITY_2019_3_OR_NEWER
-define:UNITY_2019_4_OR_NEWER
-define:UNITY_2020_1_OR_NEWER
-define:UNITY_2020_2_OR_NEWER
-define:UNITY_2020_3_OR_NEWER
-define:UNITY_2021_1_OR_NEWER
-define:UNITY_2021_2_OR_NEWER
-define:UNITY_2021_3_OR_NEWER
-define:UNITY_2022_1_OR_NEWER
-define:UNITY_2022_2_OR_NEWER
-define:UNITY_2022_3_OR_NEWER
-define:UNITY_2023_1_OR_NEWER
-define:UNITY_2023_2_OR_NEWER
-define:UNITY_2023_3_OR_NEWER
-define:UNITY_6000_0_OR_NEWER
-define:UNITY_6000_1_OR_NEWER
-define:UNITY_6000_2_OR_NEWER
-define:UNITY_6000_3_OR_NEWER
-define:UNITY_6000_4_OR_NEWER
-define:PLATFORM_ARCH_64
-define:UNITY_64
-define:UNITY_INCLUDE_TESTS
-define:ENABLE_AR
-define:ENABLE_AUDIO
-define:ENABLE_AUDIO_SCRIPTABLE_PIPELINE
-define:ENABLE_CACHING
-define:ENABLE_CLOTH
-define:ENABLE_EVENT_QUEUE
-define:ENABLE_MICROPHONE
-define:ENABLE_MULTIPLE_DISPLAYS
-define:ENABLE_PHYSICS
-define:ENABLE_TEXTURE_STREAMING
-define:ENABLE_VIRTUALTEXTURING
-define:ENABLE_LZMA
-define:ENABLE_UNITYEVENTS
-define:ENABLE_VR
-define:ENABLE_WEBCAM
-define:ENABLE_UNITYWEBREQUEST
-define:ENABLE_WWW
-define:ENABLE_CLOUD_SERVICES
-define:ENABLE_CLOUD_SERVICES_ADS
-define:ENABLE_CLOUD_SERVICES_USE_WEBREQUEST
-define:ENABLE_UNITY_CONSENT
-define:ENABLE_UNITY_CLOUD_IDENTIFIERS
-define:ENABLE_CLOUD_SERVICES_CRASH_REPORTING
-define:ENABLE_CLOUD_SERVICES_NATIVE_CRASH_REPORTING
-define:ENABLE_CLOUD_SERVICES_PURCHASING
-define:ENABLE_CLOUD_SERVICES_ANALYTICS
-define:ENABLE_CLOUD_SERVICES_BUILD
-define:ENABLE_EDITOR_GAME_SERVICES
-define:ENABLE_UNITY_GAME_SERVICES_ANALYTICS_SUPPORT
-define:ENABLE_CLOUD_LICENSE
-define:ENABLE_EDITOR_HUB_LICENSE
-define:ENABLE_WEBSOCKET_CLIENT
-define:ENABLE_GENERATE_NATIVE_PLUGINS_FOR_ASSEMBLIES_API
-define:ENABLE_DIRECTOR_AUDIO
-define:ENABLE_DIRECTOR_TEXTURE
-define:ENABLE_MANAGED_JOBS
-define:ENABLE_MANAGED_TRANSFORM_JOBS
-define:ENABLE_MANAGED_ANIMATION_JOBS
-define:ENABLE_MANAGED_AUDIO_JOBS
-define:ENABLE_MANAGED_UNITYTLS
-define:INCLUDE_DYNAMIC_GI
-define:ENABLE_SCRIPTING_GC_WBARRIERS
-define:PLATFORM_SUPPORTS_MONO
-define:RENDER_SOFTWARE_CURSOR
-define:ENABLE_MARSHALLING_TESTS
-define:ENABLE_VIDEO
-define:ENABLE_NAVIGATION_OFFMESHLINK_TO_NAVMESHLINK
-define:ENABLE_ACCELERATOR_CLIENT_DEBUGGING
-define:ENABLE_ACCESSIBILITY_SCREEN_READER
-define:TEXTCORE_1_0_OR_NEWER
-define:EDITOR_ONLY_NAVMESH_BUILDER_DEPRECATED
-define:PLATFORM_STANDALONE_WIN
-define:PLATFORM_STANDALONE
-define:UNITY_STANDALONE_WIN
-define:UNITY_STANDALONE
-define:ENABLE_RUNTIME_GI
-define:ENABLE_MOVIES
-define:ENABLE_NETWORK
-define:ENABLE_NVIDIA
-define:ENABLE_AMD
-define:ENABLE_CRUNCH_TEXTURE_COMPRESSION
-define:ENABLE_CLOUD_SERVICES_ENGINE_DIAGNOSTICS
-define:ENABLE_OUT_OF_PROCESS_CRASH_HANDLER
-define:ENABLE_CLUSTER_SYNC
-define:ENABLE_CLUSTERINPUT
-define:PLATFORM_UPDATES_TIME_OUTSIDE_OF_PLAYER_LOOP
-define:GFXDEVICE_WAITFOREVENT_MESSAGEPUMP
-define:PLATFORM_USES_EXPLICIT_MEMORY_MANAGER_INITIALIZER
-define:PLATFORM_SUPPORTS_WAIT_FOR_PRESENTATION
-define:PLATFORM_SUPPORTS_SPLIT_GRAPHICS_JOBS
-define:ENABLE_MONO
-define:NET_STANDARD_2_0
-define:NET_STANDARD
-define:NET_STANDARD_2_1
-define:NETSTANDARD
-define:NETSTANDARD2_1
-define:ENABLE_PROFILER
-define:ENABLE_PROFILER_ASSISTANT_INTEGRATION
-define:DEBUG
-define:TRACE
-define:UNITY_ASSERTIONS
-define:UNITY_EDITOR
-define:UNITY_EDITOR_64
-define:UNITY_EDITOR_WIN
-define:ENABLE_UNITY_COLLECTIONS_CHECKS
-define:ENABLE_BURST_AOT
-define:UNITY_TEAM_LICENSE
-define:ENABLE_CUSTOM_RENDER_TEXTURE
-define:ENABLE_DIRECTOR
-define:ENABLE_LOCALIZATION
-define:ENABLE_SPRITES
-define:ENABLE_TERRAIN
-define:ENABLE_TILEMAP
-define:ENABLE_TIMELINE
-define:ENABLE_INPUT_SYSTEM
-define:TEXTCORE_FONT_ENGINE_1_5_OR_NEWER
-define:TEXTCORE_TEXT_ENGINE_1_5_OR_NEWER
-define:TEXTCORE_FONT_ENGINE_1_6_OR_NEWER
-define:DOTWEEN
-define:CREST_OCEAN
-define:CREST_URP
-define:__MICROSPLAT__
-define:MAPMAGIC2
-define:MM_NATIVE
-define:UNITY_VISUAL_SCRIPTING
-define:GPU_INSTANCER
-define:ODIN_INSPECTOR
-define:ODIN_INSPECTOR_3
-define:ODIN_INSPECTOR_3_1
-define:AMPLIFY_SHADER_EDITOR
-define:SHAPES_URP
-define:MOREMOUNTAINS_NICEVIBRATIONS_INSTALLED
-define:BAKERY_INCLUDED
-define:VLB_URP
-define:ODIN_INSPECTOR_3_2
-define:ODIN_INSPECTOR_3_3
-define:UNITY_ADDRESSABLES_EXIST
-define:CSHARP_7_OR_LATER
-define:CSHARP_7_3_OR_NEWER
-r:"Assets/AstarPathfindingProject/Plugins/Clipper/Pathfinding.ClipperLib.dll"
-r:"Assets/AstarPathfindingProject/Plugins/DotNetZip/Pathfinding.Ionic.Zip.Reduced.dll"
-r:"Assets/AstarPathfindingProject/Plugins/Poly2Tri/Pathfinding.Poly2Tri.dll"
-r:"Assets/Candice AI for Games/Scripts/Libs/Candice Save System/Plugins/Mono.Data.Sqlite.dll"
-r:"Assets/MeshBaker/Libs/MeshBakerEditorLib.dll"
-r:"Assets/MeshBaker/Libs/MeshBakerLib.dll"
-r:"Assets/Plugins/Demigiant/DOTween/DOTween.dll"
-r:"Assets/Plugins/Demigiant/DOTween/Editor/DOTweenEditor.dll"
-r:"Assets/Plugins/Demigiant/DOTweenPro/DOTweenPro.dll"
-r:"Assets/Plugins/Demigiant/DOTweenPro/Editor/DOTweenProEditor.dll"
-r:"Assets/Plugins/Demigiant/DemiLib/Core/DemiLib.dll"
-r:"Assets/Plugins/Demigiant/DemiLib/Core/Editor/DemiEditor.dll"
-r:"Assets/Plugins/Editor/RelationsInspector/RelationsInspector.dll"
-r:"Assets/Plugins/Roslyn/Microsoft.CodeAnalysis.CSharp.dll"
-r:"Assets/Plugins/Roslyn/Microsoft.CodeAnalysis.dll"
-r:"Assets/Plugins/Roslyn/System.Collections.Immutable.dll"
-r:"Assets/Plugins/Roslyn/System.Reflection.Metadata.dll"
-r:"Assets/Plugins/Sirenix/Assemblies/Sirenix.OdinInspector.Attributes.dll"
-r:"Assets/Plugins/Sirenix/Assemblies/Sirenix.OdinInspector.Editor.dll"
-r:"Assets/Plugins/Sirenix/Assemblies/Sirenix.Reflection.Editor.dll"
-r:"Assets/Plugins/Sirenix/Assemblies/Sirenix.Serialization.Config.dll"
-r:"Assets/Plugins/Sirenix/Assemblies/Sirenix.Serialization.dll"
-r:"Assets/Plugins/Sirenix/Assemblies/Sirenix.Utilities.Editor.dll"
-r:"Assets/Plugins/Sirenix/Assemblies/Sirenix.Utilities.dll"
-r:"C:/Program Files/Unity/Hub/Editor/6000.4.1f1/Editor/Data/Managed/UnityEditor.Graphs.dll"
-r:"C:/Program Files/Unity/Hub/Editor/6000.4.1f1/Editor/Data/Managed/UnityEngine/Unity.Scripting.dll"
-r:"C:/Program Files/Unity/Hub/Editor/6000.4.1f1/Editor/Data/Managed/UnityEngine/UnityEditor.AccessibilityModule.dll"
-r:"C:/Program Files/Unity/Hub/Editor/6000.4.1f1/Editor/Data/Managed/UnityEngine/UnityEditor.AdaptivePerformanceModule.dll"
-r:"C:/Program Files/Unity/Hub/Editor/6000.4.1f1/Editor/Data/Managed/UnityEngine/UnityEditor.AssetComplianceModule.dll"
-r:"C:/Program Files/Unity/Hub/Editor/6000.4.1f1/Editor/Data/Managed/UnityEngine/UnityEditor.BuildProfileModule.dll"
-r:"C:/Program Files/Unity/Hub/Editor/6000.4.1f1/Editor/Data/Managed/UnityEngine/UnityEditor.ClothModule.dll"
-r:"C:/Program Files/Unity/Hub/Editor/6000.4.1f1/Editor/Data/Managed/UnityEngine/UnityEditor.CoreBusinessMetricsModule.dll"
-r:"C:/Program Files/Unity/Hub/Editor/6000.4.1f1/Editor/Data/Managed/UnityEngine/UnityEditor.CoreModule.dll"
-r:"C:/Program Files/Unity/Hub/Editor/6000.4.1f1/Editor/Data/Managed/UnityEngine/UnityEditor.DeviceSimulatorModule.dll"
-r:"C:/Program Files/Unity/Hub/Editor/6000.4.1f1/Editor/Data/Managed/UnityEngine/UnityEditor.DiagnosticsModule.dll"
-r:"C:/Program Files/Unity/Hub/Editor/6000.4.1f1/Editor/Data/Managed/UnityEngine/UnityEditor.EditorToolbarModule.dll"
-r:"C:/Program Files/Unity/Hub/Editor/6000.4.1f1/Editor/Data/Managed/UnityEngine/UnityEditor.EmbreeModule.dll"
-r:"C:/Program Files/Unity/Hub/Editor/6000.4.1f1/Editor/Data/Managed/UnityEngine/UnityEditor.GIModule.dll"
-r:"C:/Program Files/Unity/Hub/Editor/6000.4.1f1/Editor/Data/Managed/UnityEngine/UnityEditor.GraphToolkitModule.dll"
-r:"C:/Program Files/Unity/Hub/Editor/6000.4.1f1/Editor/Data/Managed/UnityEngine/UnityEditor.GraphViewModule.dll"
-r:"C:/Program Files/Unity/Hub/Editor/6000.4.1f1/Editor/Data/Managed/UnityEngine/UnityEditor.GraphicsStateCollectionSerializerModule.dll"
-r:"C:/Program Files/Unity/Hub/Editor/6000.4.1f1/Editor/Data/Managed/UnityEngine/UnityEditor.GridAndSnapModule.dll"
-r:"C:/Program Files/Unity/Hub/Editor/6000.4.1f1/Editor/Data/Managed/UnityEngine/UnityEditor.GridModule.dll"
-r:"C:/Program Files/Unity/Hub/Editor/6000.4.1f1/Editor/Data/Managed/UnityEngine/UnityEditor.HierarchyModule.dll"
-r:"C:/Program Files/Unity/Hub/Editor/6000.4.1f1/Editor/Data/Managed/UnityEngine/UnityEditor.MediaModule.dll"
-r:"C:/Program Files/Unity/Hub/Editor/6000.4.1f1/Editor/Data/Managed/UnityEngine/UnityEditor.MultiplayerModule.dll"
-r:"C:/Program Files/Unity/Hub/Editor/6000.4.1f1/Editor/Data/Managed/UnityEngine/UnityEditor.Physics2DModule.dll"
-r:"C:/Program Files/Unity/Hub/Editor/6000.4.1f1/Editor/Data/Managed/UnityEngine/UnityEditor.PhysicsModule.dll"
-r:"C:/Program Files/Unity/Hub/Editor/6000.4.1f1/Editor/Data/Managed/UnityEngine/UnityEditor.PlayModeModule.dll"
-r:"C:/Program Files/Unity/Hub/Editor/6000.4.1f1/Editor/Data/Managed/UnityEngine/UnityEditor.PresetsUIModule.dll"
-r:"C:/Program Files/Unity/Hub/Editor/6000.4.1f1/Editor/Data/Managed/UnityEngine/UnityEditor.ProjectAuditorModule.dll"
-r:"C:/Program Files/Unity/Hub/Editor/6000.4.1f1/Editor/Data/Managed/UnityEngine/UnityEditor.PropertiesModule.dll"
-r:"C:/Program Files/Unity/Hub/Editor/6000.4.1f1/Editor/Data/Managed/UnityEngine/UnityEditor.QuickInstallModule.dll"
-r:"C:/Program Files/Unity/Hub/Editor/6000.4.1f1/Editor/Data/Managed/UnityEngine/UnityEditor.QuickSearchModule.dll"
-r:"C:/Program Files/Unity/Hub/Editor/6000.4.1f1/Editor/Data/Managed/UnityEngine/UnityEditor.SafeModeModule.dll"
-r:"C:/Program Files/Unity/Hub/Editor/6000.4.1f1/Editor/Data/Managed/UnityEngine/UnityEditor.SceneTemplateModule.dll"
-r:"C:/Program Files/Unity/Hub/Editor/6000.4.1f1/Editor/Data/Managed/UnityEngine/UnityEditor.SceneViewModule.dll"
-r:"C:/Program Files/Unity/Hub/Editor/6000.4.1f1/Editor/Data/Managed/UnityEngine/UnityEditor.ShaderBuildSettingsModule.dll"
-r:"C:/Program Files/Unity/Hub/Editor/6000.4.1f1/Editor/Data/Managed/UnityEngine/UnityEditor.ShaderCompilationModule.dll"
-r:"C:/Program Files/Unity/Hub/Editor/6000.4.1f1/Editor/Data/Managed/UnityEngine/UnityEditor.ShaderFoundryModule.dll"
-r:"C:/Program Files/Unity/Hub/Editor/6000.4.1f1/Editor/Data/Managed/UnityEngine/UnityEditor.SketchUpModule.dll"
-r:"C:/Program Files/Unity/Hub/Editor/6000.4.1f1/Editor/Data/Managed/UnityEngine/UnityEditor.SpriteMaskModule.dll"
-r:"C:/Program Files/Unity/Hub/Editor/6000.4.1f1/Editor/Data/Managed/UnityEngine/UnityEditor.SpriteShapeModule.dll"
-r:"C:/Program Files/Unity/Hub/Editor/6000.4.1f1/Editor/Data/Managed/UnityEngine/UnityEditor.SubstanceModule.dll"
-r:"C:/Program Files/Unity/Hub/Editor/6000.4.1f1/Editor/Data/Managed/UnityEngine/UnityEditor.TerrainModule.dll"
-r:"C:/Program Files/Unity/Hub/Editor/6000.4.1f1/Editor/Data/Managed/UnityEngine/UnityEditor.TextCoreFontEngineModule.dll"
-r:"C:/Program Files/Unity/Hub/Editor/6000.4.1f1/Editor/Data/Managed/UnityEngine/UnityEditor.TextCoreTextEngineModule.dll"
-r:"C:/Program Files/Unity/Hub/Editor/6000.4.1f1/Editor/Data/Managed/UnityEngine/UnityEditor.TextRenderingModule.dll"
-r:"C:/Program Files/Unity/Hub/Editor/6000.4.1f1/Editor/Data/Managed/UnityEngine/UnityEditor.TilemapModule.dll"
-r:"C:/Program Files/Unity/Hub/Editor/6000.4.1f1/Editor/Data/Managed/UnityEngine/UnityEditor.TreeModule.dll"
-r:"C:/Program Files/Unity/Hub/Editor/6000.4.1f1/Editor/Data/Managed/UnityEngine/UnityEditor.UIAutomationModule.dll"
-r:"C:/Program Files/Unity/Hub/Editor/6000.4.1f1/Editor/Data/Managed/UnityEngine/UnityEditor.UIBuilderModule.dll"
-r:"C:/Program Files/Unity/Hub/Editor/6000.4.1f1/Editor/Data/Managed/UnityEngine/UnityEditor.UIElementsModule.dll"
-r:"C:/Program Files/Unity/Hub/Editor/6000.4.1f1/Editor/Data/Managed/UnityEngine/UnityEditor.UIElementsSamplesModule.dll"
-r:"C:/Program Files/Unity/Hub/Editor/6000.4.1f1/Editor/Data/Managed/UnityEngine/UnityEditor.UIToolkitAuthoringModule.dll"
-r:"C:/Program Files/Unity/Hub/Editor/6000.4.1f1/Editor/Data/Managed/UnityEngine/UnityEditor.UmbraModule.dll"
-r:"C:/Program Files/Unity/Hub/Editor/6000.4.1f1/Editor/Data/Managed/UnityEngine/UnityEditor.UnityConnectModule.dll"
-r:"C:/Program Files/Unity/Hub/Editor/6000.4.1f1/Editor/Data/Managed/UnityEngine/UnityEditor.VFXModule.dll"
-r:"C:/Program Files/Unity/Hub/Editor/6000.4.1f1/Editor/Data/Managed/UnityEngine/UnityEditor.VectorGraphicsModule.dll"
-r:"C:/Program Files/Unity/Hub/Editor/6000.4.1f1/Editor/Data/Managed/UnityEngine/UnityEditor.VideoModule.dll"
-r:"C:/Program Files/Unity/Hub/Editor/6000.4.1f1/Editor/Data/Managed/UnityEngine/UnityEditor.XRModule.dll"
-r:"C:/Program Files/Unity/Hub/Editor/6000.4.1f1/Editor/Data/Managed/UnityEngine/UnityEditor.dll"
-r:"C:/Program Files/Unity/Hub/Editor/6000.4.1f1/Editor/Data/Managed/UnityEngine/UnityEngine.AIModule.dll"
-r:"C:/Program Files/Unity/Hub/Editor/6000.4.1f1/Editor/Data/Managed/UnityEngine/UnityEngine.ARModule.dll"
-r:"C:/Program Files/Unity/Hub/Editor/6000.4.1f1/Editor/Data/Managed/UnityEngine/UnityEngine.AccessibilityModule.dll"
-r:"C:/Program Files/Unity/Hub/Editor/6000.4.1f1/Editor/Data/Managed/UnityEngine/UnityEngine.AndroidJNIModule.dll"
-r:"C:/Program Files/Unity/Hub/Editor/6000.4.1f1/Editor/Data/Managed/UnityEngine/UnityEngine.AnimationModule.dll"
-r:"C:/Program Files/Unity/Hub/Editor/6000.4.1f1/Editor/Data/Managed/UnityEngine/UnityEngine.AssetBundleModule.dll"
-r:"C:/Program Files/Unity/Hub/Editor/6000.4.1f1/Editor/Data/Managed/UnityEngine/UnityEngine.AudioModule.dll"
-r:"C:/Program Files/Unity/Hub/Editor/6000.4.1f1/Editor/Data/Managed/UnityEngine/UnityEngine.ClothModule.dll"
-r:"C:/Program Files/Unity/Hub/Editor/6000.4.1f1/Editor/Data/Managed/UnityEngine/UnityEngine.ClusterInputModule.dll"
-r:"C:/Program Files/Unity/Hub/Editor/6000.4.1f1/Editor/Data/Managed/UnityEngine/UnityEngine.ClusterRendererModule.dll"
-r:"C:/Program Files/Unity/Hub/Editor/6000.4.1f1/Editor/Data/Managed/UnityEngine/UnityEngine.ContentLoadModule.dll"
-r:"C:/Program Files/Unity/Hub/Editor/6000.4.1f1/Editor/Data/Managed/UnityEngine/UnityEngine.CoreModule.dll"
-r:"C:/Program Files/Unity/Hub/Editor/6000.4.1f1/Editor/Data/Managed/UnityEngine/UnityEngine.CrashReportingModule.dll"
-r:"C:/Program Files/Unity/Hub/Editor/6000.4.1f1/Editor/Data/Managed/UnityEngine/UnityEngine.DSPGraphModule.dll"
-r:"C:/Program Files/Unity/Hub/Editor/6000.4.1f1/Editor/Data/Managed/UnityEngine/UnityEngine.DirectorModule.dll"
-r:"C:/Program Files/Unity/Hub/Editor/6000.4.1f1/Editor/Data/Managed/UnityEngine/UnityEngine.GIModule.dll"
-r:"C:/Program Files/Unity/Hub/Editor/6000.4.1f1/Editor/Data/Managed/UnityEngine/UnityEngine.GameCenterModule.dll"
-r:"C:/Program Files/Unity/Hub/Editor/6000.4.1f1/Editor/Data/Managed/UnityEngine/UnityEngine.GraphicsStateCollectionSerializerModule.dll"
-r:"C:/Program Files/Unity/Hub/Editor/6000.4.1f1/Editor/Data/Managed/UnityEngine/UnityEngine.GridModule.dll"
-r:"C:/Program Files/Unity/Hub/Editor/6000.4.1f1/Editor/Data/Managed/UnityEngine/UnityEngine.HierarchyCoreModule.dll"
-r:"C:/Program Files/Unity/Hub/Editor/6000.4.1f1/Editor/Data/Managed/UnityEngine/UnityEngine.HotReloadModule.dll"
-r:"C:/Program Files/Unity/Hub/Editor/6000.4.1f1/Editor/Data/Managed/UnityEngine/UnityEngine.IMGUIModule.dll"
-r:"C:/Program Files/Unity/Hub/Editor/6000.4.1f1/Editor/Data/Managed/UnityEngine/UnityEngine.IdentifiersModule.dll"
-r:"C:/Program Files/Unity/Hub/Editor/6000.4.1f1/Editor/Data/Managed/UnityEngine/UnityEngine.ImageConversionModule.dll"
-r:"C:/Program Files/Unity/Hub/Editor/6000.4.1f1/Editor/Data/Managed/UnityEngine/UnityEngine.InputForUIModule.dll"
-r:"C:/Program Files/Unity/Hub/Editor/6000.4.1f1/Editor/Data/Managed/UnityEngine/UnityEngine.InputLegacyModule.dll"
-r:"C:/Program Files/Unity/Hub/Editor/6000.4.1f1/Editor/Data/Managed/UnityEngine/UnityEngine.InputModule.dll"
-r:"C:/Program Files/Unity/Hub/Editor/6000.4.1f1/Editor/Data/Managed/UnityEngine/UnityEngine.InsightsModule.dll"
-r:"C:/Program Files/Unity/Hub/Editor/6000.4.1f1/Editor/Data/Managed/UnityEngine/UnityEngine.JSONSerializeModule.dll"
-r:"C:/Program Files/Unity/Hub/Editor/6000.4.1f1/Editor/Data/Managed/UnityEngine/UnityEngine.LocalizationModule.dll"
-r:"C:/Program Files/Unity/Hub/Editor/6000.4.1f1/Editor/Data/Managed/UnityEngine/UnityEngine.MarshallingModule.dll"
-r:"C:/Program Files/Unity/Hub/Editor/6000.4.1f1/Editor/Data/Managed/UnityEngine/UnityEngine.MultiplayerModule.dll"
-r:"C:/Program Files/Unity/Hub/Editor/6000.4.1f1/Editor/Data/Managed/UnityEngine/UnityEngine.ParticleSystemModule.dll"
-r:"C:/Program Files/Unity/Hub/Editor/6000.4.1f1/Editor/Data/Managed/UnityEngine/UnityEngine.PerformanceReportingModule.dll"
-r:"C:/Program Files/Unity/Hub/Editor/6000.4.1f1/Editor/Data/Managed/UnityEngine/UnityEngine.Physics2DModule.dll"
-r:"C:/Program Files/Unity/Hub/Editor/6000.4.1f1/Editor/Data/Managed/UnityEngine/UnityEngine.PhysicsBackendPhysXModule.dll"
-r:"C:/Program Files/Unity/Hub/Editor/6000.4.1f1/Editor/Data/Managed/UnityEngine/UnityEngine.PhysicsModule.dll"
-r:"C:/Program Files/Unity/Hub/Editor/6000.4.1f1/Editor/Data/Managed/UnityEngine/UnityEngine.PropertiesModule.dll"
-r:"C:/Program Files/Unity/Hub/Editor/6000.4.1f1/Editor/Data/Managed/UnityEngine/UnityEngine.RenderAs2DModule.dll"
-r:"C:/Program Files/Unity/Hub/Editor/6000.4.1f1/Editor/Data/Managed/UnityEngine/UnityEngine.RuntimeInitializeOnLoadManagerInitializerModule.dll"
-r:"C:/Program Files/Unity/Hub/Editor/6000.4.1f1/Editor/Data/Managed/UnityEngine/UnityEngine.ScreenCaptureModule.dll"
-r:"C:/Program Files/Unity/Hub/Editor/6000.4.1f1/Editor/Data/Managed/UnityEngine/UnityEngine.ScriptingModule.dll"
-r:"C:/Program Files/Unity/Hub/Editor/6000.4.1f1/Editor/Data/Managed/UnityEngine/UnityEngine.ShaderVariantAnalyticsModule.dll"
-r:"C:/Program Files/Unity/Hub/Editor/6000.4.1f1/Editor/Data/Managed/UnityEngine/UnityEngine.SharedInternalsModule.dll"
-r:"C:/Program Files/Unity/Hub/Editor/6000.4.1f1/Editor/Data/Managed/UnityEngine/UnityEngine.SpriteMaskModule.dll"
-r:"C:/Program Files/Unity/Hub/Editor/6000.4.1f1/Editor/Data/Managed/UnityEngine/UnityEngine.SpriteShapeModule.dll"
-r:"C:/Program Files/Unity/Hub/Editor/6000.4.1f1/Editor/Data/Managed/UnityEngine/UnityEngine.StreamingModule.dll"
-r:"C:/Program Files/Unity/Hub/Editor/6000.4.1f1/Editor/Data/Managed/UnityEngine/UnityEngine.SubstanceModule.dll"
-r:"C:/Program Files/Unity/Hub/Editor/6000.4.1f1/Editor/Data/Managed/UnityEngine/UnityEngine.SubsystemsModule.dll"
-r:"C:/Program Files/Unity/Hub/Editor/6000.4.1f1/Editor/Data/Managed/UnityEngine/UnityEngine.TLSModule.dll"
-r:"C:/Program Files/Unity/Hub/Editor/6000.4.1f1/Editor/Data/Managed/UnityEngine/UnityEngine.TerrainModule.dll"
-r:"C:/Program Files/Unity/Hub/Editor/6000.4.1f1/Editor/Data/Managed/UnityEngine/UnityEngine.TerrainPhysicsModule.dll"
-r:"C:/Program Files/Unity/Hub/Editor/6000.4.1f1/Editor/Data/Managed/UnityEngine/UnityEngine.TextCoreFontEngineModule.dll"
-r:"C:/Program Files/Unity/Hub/Editor/6000.4.1f1/Editor/Data/Managed/UnityEngine/UnityEngine.TextCoreTextEngineModule.dll"
-r:"C:/Program Files/Unity/Hub/Editor/6000.4.1f1/Editor/Data/Managed/UnityEngine/UnityEngine.TextRenderingModule.dll"
-r:"C:/Program Files/Unity/Hub/Editor/6000.4.1f1/Editor/Data/Managed/UnityEngine/UnityEngine.TilemapModule.dll"
-r:"C:/Program Files/Unity/Hub/Editor/6000.4.1f1/Editor/Data/Managed/UnityEngine/UnityEngine.UIElementsModule.dll"
-r:"C:/Program Files/Unity/Hub/Editor/6000.4.1f1/Editor/Data/Managed/UnityEngine/UnityEngine.UIModule.dll"
-r:"C:/Program Files/Unity/Hub/Editor/6000.4.1f1/Editor/Data/Managed/UnityEngine/UnityEngine.UmbraModule.dll"
-r:"C:/Program Files/Unity/Hub/Editor/6000.4.1f1/Editor/Data/Managed/UnityEngine/UnityEngine.UnityAnalyticsCommonModule.dll"
-r:"C:/Program Files/Unity/Hub/Editor/6000.4.1f1/Editor/Data/Managed/UnityEngine/UnityEngine.UnityAnalyticsModule.dll"
-r:"C:/Program Files/Unity/Hub/Editor/6000.4.1f1/Editor/Data/Managed/UnityEngine/UnityEngine.UnityConnectModule.dll"
-r:"C:/Program Files/Unity/Hub/Editor/6000.4.1f1/Editor/Data/Managed/UnityEngine/UnityEngine.UnityConsentModule.dll"
-r:"C:/Program Files/Unity/Hub/Editor/6000.4.1f1/Editor/Data/Managed/UnityEngine/UnityEngine.UnityCurlModule.dll"
-r:"C:/Program Files/Unity/Hub/Editor/6000.4.1f1/Editor/Data/Managed/UnityEngine/UnityEngine.UnityWebRequestAssetBundleModule.dll"
-r:"C:/Program Files/Unity/Hub/Editor/6000.4.1f1/Editor/Data/Managed/UnityEngine/UnityEngine.UnityWebRequestAudioModule.dll"
-r:"C:/Program Files/Unity/Hub/Editor/6000.4.1f1/Editor/Data/Managed/UnityEngine/UnityEngine.UnityWebRequestModule.dll"
-r:"C:/Program Files/Unity/Hub/Editor/6000.4.1f1/Editor/Data/Managed/UnityEngine/UnityEngine.UnityWebRequestTextureModule.dll"
-r:"C:/Program Files/Unity/Hub/Editor/6000.4.1f1/Editor/Data/Managed/UnityEngine/UnityEngine.UnityWebRequestWWWModule.dll"
-r:"C:/Program Files/Unity/Hub/Editor/6000.4.1f1/Editor/Data/Managed/UnityEngine/UnityEngine.VFXModule.dll"
-r:"C:/Program Files/Unity/Hub/Editor/6000.4.1f1/Editor/Data/Managed/UnityEngine/UnityEngine.VRModule.dll"
-r:"C:/Program Files/Unity/Hub/Editor/6000.4.1f1/Editor/Data/Managed/UnityEngine/UnityEngine.VectorGraphicsModule.dll"
-r:"C:/Program Files/Unity/Hub/Editor/6000.4.1f1/Editor/Data/Managed/UnityEngine/UnityEngine.VehiclesModule.dll"
-r:"C:/Program Files/Unity/Hub/Editor/6000.4.1f1/Editor/Data/Managed/UnityEngine/UnityEngine.VideoModule.dll"
-r:"C:/Program Files/Unity/Hub/Editor/6000.4.1f1/Editor/Data/Managed/UnityEngine/UnityEngine.VirtualTexturingModule.dll"
-r:"C:/Program Files/Unity/Hub/Editor/6000.4.1f1/Editor/Data/Managed/UnityEngine/UnityEngine.WindModule.dll"
-r:"C:/Program Files/Unity/Hub/Editor/6000.4.1f1/Editor/Data/Managed/UnityEngine/UnityEngine.XRModule.dll"
-r:"C:/Program Files/Unity/Hub/Editor/6000.4.1f1/Editor/Data/Managed/UnityEngine/UnityEngine.dll"
-r:"C:/Program Files/Unity/Hub/Editor/6000.4.1f1/Editor/Data/NetStandard/Extensions/2.0.0/System.Runtime.InteropServices.WindowsRuntime.dll"
-r:"C:/Program Files/Unity/Hub/Editor/6000.4.1f1/Editor/Data/NetStandard/compat/2.1.0/shims/netfx/System.ComponentModel.Composition.dll"
-r:"C:/Program Files/Unity/Hub/Editor/6000.4.1f1/Editor/Data/NetStandard/compat/2.1.0/shims/netfx/System.Core.dll"
-r:"C:/Program Files/Unity/Hub/Editor/6000.4.1f1/Editor/Data/NetStandard/compat/2.1.0/shims/netfx/System.Data.dll"
-r:"C:/Program Files/Unity/Hub/Editor/6000.4.1f1/Editor/Data/NetStandard/compat/2.1.0/shims/netfx/System.Drawing.dll"
-r:"C:/Program Files/Unity/Hub/Editor/6000.4.1f1/Editor/Data/NetStandard/compat/2.1.0/shims/netfx/System.IO.Compression.FileSystem.dll"
-r:"C:/Program Files/Unity/Hub/Editor/6000.4.1f1/Editor/Data/NetStandard/compat/2.1.0/shims/netfx/System.Net.dll"
-r:"C:/Program Files/Unity/Hub/Editor/6000.4.1f1/Editor/Data/NetStandard/compat/2.1.0/shims/netfx/System.Numerics.dll"
-r:"C:/Program Files/Unity/Hub/Editor/6000.4.1f1/Editor/Data/NetStandard/compat/2.1.0/shims/netfx/System.Runtime.Serialization.dll"
-r:"C:/Program Files/Unity/Hub/Editor/6000.4.1f1/Editor/Data/NetStandard/compat/2.1.0/shims/netfx/System.ServiceModel.Web.dll"
-r:"C:/Program Files/Unity/Hub/Editor/6000.4.1f1/Editor/Data/NetStandard/compat/2.1.0/shims/netfx/System.Transactions.dll"
-r:"C:/Program Files/Unity/Hub/Editor/6000.4.1f1/Editor/Data/NetStandard/compat/2.1.0/shims/netfx/System.Web.dll"
-r:"C:/Program Files/Unity/Hub/Editor/6000.4.1f1/Editor/Data/NetStandard/compat/2.1.0/shims/netfx/System.Windows.dll"
-r:"C:/Program Files/Unity/Hub/Editor/6000.4.1f1/Editor/Data/NetStandard/compat/2.1.0/shims/netfx/System.Xml.Linq.dll"
-r:"C:/Program Files/Unity/Hub/Editor/6000.4.1f1/Editor/Data/NetStandard/compat/2.1.0/shims/netfx/System.Xml.Serialization.dll"
-r:"C:/Program Files/Unity/Hub/Editor/6000.4.1f1/Editor/Data/NetStandard/compat/2.1.0/shims/netfx/System.Xml.dll"
-r:"C:/Program Files/Unity/Hub/Editor/6000.4.1f1/Editor/Data/NetStandard/compat/2.1.0/shims/netfx/System.dll"
-r:"C:/Program Files/Unity/Hub/Editor/6000.4.1f1/Editor/Data/NetStandard/compat/2.1.0/shims/netfx/mscorlib.dll"
-r:"C:/Program Files/Unity/Hub/Editor/6000.4.1f1/Editor/Data/NetStandard/compat/2.1.0/shims/netstandard/Microsoft.Win32.Primitives.dll"
-r:"C:/Program Files/Unity/Hub/Editor/6000.4.1f1/Editor/Data/NetStandard/compat/2.1.0/shims/netstandard/System.AppContext.dll"
-r:"C:/Program Files/Unity/Hub/Editor/6000.4.1f1/Editor/Data/NetStandard/compat/2.1.0/shims/netstandard/System.Buffers.dll"
-r:"C:/Program Files/Unity/Hub/Editor/6000.4.1f1/Editor/Data/NetStandard/compat/2.1.0/shims/netstandard/System.Collections.Concurrent.dll"
-r:"C:/Program Files/Unity/Hub/Editor/6000.4.1f1/Editor/Data/NetStandard/compat/2.1.0/shims/netstandard/System.Collections.NonGeneric.dll"
-r:"C:/Program Files/Unity/Hub/Editor/6000.4.1f1/Editor/Data/NetStandard/compat/2.1.0/shims/netstandard/System.Collections.Specialized.dll"
-r:"C:/Program Files/Unity/Hub/Editor/6000.4.1f1/Editor/Data/NetStandard/compat/2.1.0/shims/netstandard/System.Collections.dll"
-r:"C:/Program Files/Unity/Hub/Editor/6000.4.1f1/Editor/Data/NetStandard/compat/2.1.0/shims/netstandard/System.ComponentModel.EventBasedAsync.dll"
-r:"C:/Program Files/Unity/Hub/Editor/6000.4.1f1/Editor/Data/NetStandard/compat/2.1.0/shims/netstandard/System.ComponentModel.Primitives.dll"
-r:"C:/Program Files/Unity/Hub/Editor/6000.4.1f1/Editor/Data/NetStandard/compat/2.1.0/shims/netstandard/System.ComponentModel.TypeConverter.dll"
-r:"C:/Program Files/Unity/Hub/Editor/6000.4.1f1/Editor/Data/NetStandard/compat/2.1.0/shims/netstandard/System.ComponentModel.dll"
-r:"C:/Program Files/Unity/Hub/Editor/6000.4.1f1/Editor/Data/NetStandard/compat/2.1.0/shims/netstandard/System.Console.dll"
-r:"C:/Program Files/Unity/Hub/Editor/6000.4.1f1/Editor/Data/NetStandard/compat/2.1.0/shims/netstandard/System.Data.Common.dll"
-r:"C:/Program Files/Unity/Hub/Editor/6000.4.1f1/Editor/Data/NetStandard/compat/2.1.0/shims/netstandard/System.Diagnostics.Contracts.dll"
-r:"C:/Program Files/Unity/Hub/Editor/6000.4.1f1/Editor/Data/NetStandard/compat/2.1.0/shims/netstandard/System.Diagnostics.Debug.dll"
-r:"C:/Program Files/Unity/Hub/Editor/6000.4.1f1/Editor/Data/NetStandard/compat/2.1.0/shims/netstandard/System.Diagnostics.FileVersionInfo.dll"
-r:"C:/Program Files/Unity/Hub/Editor/6000.4.1f1/Editor/Data/NetStandard/compat/2.1.0/shims/netstandard/System.Diagnostics.Process.dll"
-r:"C:/Program Files/Unity/Hub/Editor/6000.4.1f1/Editor/Data/NetStandard/compat/2.1.0/shims/netstandard/System.Diagnostics.StackTrace.dll"
-r:"C:/Program Files/Unity/Hub/Editor/6000.4.1f1/Editor/Data/NetStandard/compat/2.1.0/shims/netstandard/System.Diagnostics.TextWriterTraceListener.dll"
-r:"C:/Program Files/Unity/Hub/Editor/6000.4.1f1/Editor/Data/NetStandard/compat/2.1.0/shims/netstandard/System.Diagnostics.Tools.dll"
-r:"C:/Program Files/Unity/Hub/Editor/6000.4.1f1/Editor/Data/NetStandard/compat/2.1.0/shims/netstandard/System.Diagnostics.TraceSource.dll"
-r:"C:/Program Files/Unity/Hub/Editor/6000.4.1f1/Editor/Data/NetStandard/compat/2.1.0/shims/netstandard/System.Diagnostics.Tracing.dll"
-r:"C:/Program Files/Unity/Hub/Editor/6000.4.1f1/Editor/Data/NetStandard/compat/2.1.0/shims/netstandard/System.Drawing.Primitives.dll"
-r:"C:/Program Files/Unity/Hub/Editor/6000.4.1f1/Editor/Data/NetStandard/compat/2.1.0/shims/netstandard/System.Dynamic.Runtime.dll"
-r:"C:/Program Files/Unity/Hub/Editor/6000.4.1f1/Editor/Data/NetStandard/compat/2.1.0/shims/netstandard/System.Globalization.Calendars.dll"
-r:"C:/Program Files/Unity/Hub/Editor/6000.4.1f1/Editor/Data/NetStandard/compat/2.1.0/shims/netstandard/System.Globalization.Extensions.dll"
-r:"C:/Program Files/Unity/Hub/Editor/6000.4.1f1/Editor/Data/NetStandard/compat/2.1.0/shims/netstandard/System.Globalization.dll"
-r:"C:/Program Files/Unity/Hub/Editor/6000.4.1f1/Editor/Data/NetStandard/compat/2.1.0/shims/netstandard/System.IO.Compression.ZipFile.dll"
-r:"C:/Program Files/Unity/Hub/Editor/6000.4.1f1/Editor/Data/NetStandard/compat/2.1.0/shims/netstandard/System.IO.Compression.dll"
-r:"C:/Program Files/Unity/Hub/Editor/6000.4.1f1/Editor/Data/NetStandard/compat/2.1.0/shims/netstandard/System.IO.FileSystem.DriveInfo.dll"
-r:"C:/Program Files/Unity/Hub/Editor/6000.4.1f1/Editor/Data/NetStandard/compat/2.1.0/shims/netstandard/System.IO.FileSystem.Primitives.dll"
-r:"C:/Program Files/Unity/Hub/Editor/6000.4.1f1/Editor/Data/NetStandard/compat/2.1.0/shims/netstandard/System.IO.FileSystem.Watcher.dll"
-r:"C:/Program Files/Unity/Hub/Editor/6000.4.1f1/Editor/Data/NetStandard/compat/2.1.0/shims/netstandard/System.IO.FileSystem.dll"
-r:"C:/Program Files/Unity/Hub/Editor/6000.4.1f1/Editor/Data/NetStandard/compat/2.1.0/shims/netstandard/System.IO.IsolatedStorage.dll"
-r:"C:/Program Files/Unity/Hub/Editor/6000.4.1f1/Editor/Data/NetStandard/compat/2.1.0/shims/netstandard/System.IO.MemoryMappedFiles.dll"
-r:"C:/Program Files/Unity/Hub/Editor/6000.4.1f1/Editor/Data/NetStandard/compat/2.1.0/shims/netstandard/System.IO.Pipes.dll"
-r:"C:/Program Files/Unity/Hub/Editor/6000.4.1f1/Editor/Data/NetStandard/compat/2.1.0/shims/netstandard/System.IO.UnmanagedMemoryStream.dll"
-r:"C:/Program Files/Unity/Hub/Editor/6000.4.1f1/Editor/Data/NetStandard/compat/2.1.0/shims/netstandard/System.IO.dll"
-r:"C:/Program Files/Unity/Hub/Editor/6000.4.1f1/Editor/Data/NetStandard/compat/2.1.0/shims/netstandard/System.Linq.Expressions.dll"
-r:"C:/Program Files/Unity/Hub/Editor/6000.4.1f1/Editor/Data/NetStandard/compat/2.1.0/shims/netstandard/System.Linq.Parallel.dll"
-r:"C:/Program Files/Unity/Hub/Editor/6000.4.1f1/Editor/Data/NetStandard/compat/2.1.0/shims/netstandard/System.Linq.Queryable.dll"
-r:"C:/Program Files/Unity/Hub/Editor/6000.4.1f1/Editor/Data/NetStandard/compat/2.1.0/shims/netstandard/System.Linq.dll"
-r:"C:/Program Files/Unity/Hub/Editor/6000.4.1f1/Editor/Data/NetStandard/compat/2.1.0/shims/netstandard/System.Memory.dll"
-r:"C:/Program Files/Unity/Hub/Editor/6000.4.1f1/Editor/Data/NetStandard/compat/2.1.0/shims/netstandard/System.Net.Http.dll"
-r:"C:/Program Files/Unity/Hub/Editor/6000.4.1f1/Editor/Data/NetStandard/compat/2.1.0/shims/netstandard/System.Net.NameResolution.dll"
-r:"C:/Program Files/Unity/Hub/Editor/6000.4.1f1/Editor/Data/NetStandard/compat/2.1.0/shims/netstandard/System.Net.NetworkInformation.dll"
-r:"C:/Program Files/Unity/Hub/Editor/6000.4.1f1/Editor/Data/NetStandard/compat/2.1.0/shims/netstandard/System.Net.Ping.dll"
-r:"C:/Program Files/Unity/Hub/Editor/6000.4.1f1/Editor/Data/NetStandard/compat/2.1.0/shims/netstandard/System.Net.Primitives.dll"
-r:"C:/Program Files/Unity/Hub/Editor/6000.4.1f1/Editor/Data/NetStandard/compat/2.1.0/shims/netstandard/System.Net.Requests.dll"
-r:"C:/Program Files/Unity/Hub/Editor/6000.4.1f1/Editor/Data/NetStandard/compat/2.1.0/shims/netstandard/System.Net.Security.dll"
-r:"C:/Program Files/Unity/Hub/Editor/6000.4.1f1/Editor/Data/NetStandard/compat/2.1.0/shims/netstandard/System.Net.Sockets.dll"
-r:"C:/Program Files/Unity/Hub/Editor/6000.4.1f1/Editor/Data/NetStandard/compat/2.1.0/shims/netstandard/System.Net.WebHeaderCollection.dll"
-r:"C:/Program Files/Unity/Hub/Editor/6000.4.1f1/Editor/Data/NetStandard/compat/2.1.0/shims/netstandard/System.Net.WebSockets.Client.dll"
-r:"C:/Program Files/Unity/Hub/Editor/6000.4.1f1/Editor/Data/NetStandard/compat/2.1.0/shims/netstandard/System.Net.WebSockets.dll"
-r:"C:/Program Files/Unity/Hub/Editor/6000.4.1f1/Editor/Data/NetStandard/compat/2.1.0/shims/netstandard/System.Numerics.Vectors.dll"
-r:"C:/Program Files/Unity/Hub/Editor/6000.4.1f1/Editor/Data/NetStandard/compat/2.1.0/shims/netstandard/System.ObjectModel.dll"
-r:"C:/Program Files/Unity/Hub/Editor/6000.4.1f1/Editor/Data/NetStandard/compat/2.1.0/shims/netstandard/System.Reflection.DispatchProxy.dll"
-r:"C:/Program Files/Unity/Hub/Editor/6000.4.1f1/Editor/Data/NetStandard/compat/2.1.0/shims/netstandard/System.Reflection.Emit.ILGeneration.dll"
-r:"C:/Program Files/Unity/Hub/Editor/6000.4.1f1/Editor/Data/NetStandard/compat/2.1.0/shims/netstandard/System.Reflection.Emit.Lightweight.dll"
-r:"C:/Program Files/Unity/Hub/Editor/6000.4.1f1/Editor/Data/NetStandard/compat/2.1.0/shims/netstandard/System.Reflection.Emit.dll"
-r:"C:/Program Files/Unity/Hub/Editor/6000.4.1f1/Editor/Data/NetStandard/compat/2.1.0/shims/netstandard/System.Reflection.Extensions.dll"
-r:"C:/Program Files/Unity/Hub/Editor/6000.4.1f1/Editor/Data/NetStandard/compat/2.1.0/shims/netstandard/System.Reflection.Primitives.dll"
-r:"C:/Program Files/Unity/Hub/Editor/6000.4.1f1/Editor/Data/NetStandard/compat/2.1.0/shims/netstandard/System.Reflection.dll"
-r:"C:/Program Files/Unity/Hub/Editor/6000.4.1f1/Editor/Data/NetStandard/compat/2.1.0/shims/netstandard/System.Resources.Reader.dll"
-r:"C:/Program Files/Unity/Hub/Editor/6000.4.1f1/Editor/Data/NetStandard/compat/2.1.0/shims/netstandard/System.Resources.ResourceManager.dll"
-r:"C:/Program Files/Unity/Hub/Editor/6000.4.1f1/Editor/Data/NetStandard/compat/2.1.0/shims/netstandard/System.Resources.Writer.dll"
-r:"C:/Program Files/Unity/Hub/Editor/6000.4.1f1/Editor/Data/NetStandard/compat/2.1.0/shims/netstandard/System.Runtime.CompilerServices.VisualC.dll"
-r:"C:/Program Files/Unity/Hub/Editor/6000.4.1f1/Editor/Data/NetStandard/compat/2.1.0/shims/netstandard/System.Runtime.Extensions.dll"
-r:"C:/Program Files/Unity/Hub/Editor/6000.4.1f1/Editor/Data/NetStandard/compat/2.1.0/shims/netstandard/System.Runtime.Handles.dll"
-r:"C:/Program Files/Unity/Hub/Editor/6000.4.1f1/Editor/Data/NetStandard/compat/2.1.0/shims/netstandard/System.Runtime.InteropServices.RuntimeInformation.dll"
-r:"C:/Program Files/Unity/Hub/Editor/6000.4.1f1/Editor/Data/NetStandard/compat/2.1.0/shims/netstandard/System.Runtime.InteropServices.dll"
-r:"C:/Program Files/Unity/Hub/Editor/6000.4.1f1/Editor/Data/NetStandard/compat/2.1.0/shims/netstandard/System.Runtime.Numerics.dll"
-r:"C:/Program Files/Unity/Hub/Editor/6000.4.1f1/Editor/Data/NetStandard/compat/2.1.0/shims/netstandard/System.Runtime.Serialization.Formatters.dll"
-r:"C:/Program Files/Unity/Hub/Editor/6000.4.1f1/Editor/Data/NetStandard/compat/2.1.0/shims/netstandard/System.Runtime.Serialization.Json.dll"
-r:"C:/Program Files/Unity/Hub/Editor/6000.4.1f1/Editor/Data/NetStandard/compat/2.1.0/shims/netstandard/System.Runtime.Serialization.Primitives.dll"
-r:"C:/Program Files/Unity/Hub/Editor/6000.4.1f1/Editor/Data/NetStandard/compat/2.1.0/shims/netstandard/System.Runtime.Serialization.Xml.dll"
-r:"C:/Program Files/Unity/Hub/Editor/6000.4.1f1/Editor/Data/NetStandard/compat/2.1.0/shims/netstandard/System.Runtime.dll"
-r:"C:/Program Files/Unity/Hub/Editor/6000.4.1f1/Editor/Data/NetStandard/compat/2.1.0/shims/netstandard/System.Security.Claims.dll"
-r:"C:/Program Files/Unity/Hub/Editor/6000.4.1f1/Editor/Data/NetStandard/compat/2.1.0/shims/netstandard/System.Security.Cryptography.Algorithms.dll"
-r:"C:/Program Files/Unity/Hub/Editor/6000.4.1f1/Editor/Data/NetStandard/compat/2.1.0/shims/netstandard/System.Security.Cryptography.Csp.dll"
-r:"C:/Program Files/Unity/Hub/Editor/6000.4.1f1/Editor/Data/NetStandard/compat/2.1.0/shims/netstandard/System.Security.Cryptography.Encoding.dll"
-r:"C:/Program Files/Unity/Hub/Editor/6000.4.1f1/Editor/Data/NetStandard/compat/2.1.0/shims/netstandard/System.Security.Cryptography.Primitives.dll"
-r:"C:/Program Files/Unity/Hub/Editor/6000.4.1f1/Editor/Data/NetStandard/compat/2.1.0/shims/netstandard/System.Security.Cryptography.X509Certificates.dll"
-r:"C:/Program Files/Unity/Hub/Editor/6000.4.1f1/Editor/Data/NetStandard/compat/2.1.0/shims/netstandard/System.Security.Principal.dll"
-r:"C:/Program Files/Unity/Hub/Editor/6000.4.1f1/Editor/Data/NetStandard/compat/2.1.0/shims/netstandard/System.Security.SecureString.dll"
-r:"C:/Program Files/Unity/Hub/Editor/6000.4.1f1/Editor/Data/NetStandard/compat/2.1.0/shims/netstandard/System.Text.Encoding.Extensions.dll"
-r:"C:/Program Files/Unity/Hub/Editor/6000.4.1f1/Editor/Data/NetStandard/compat/2.1.0/shims/netstandard/System.Text.Encoding.dll"
-r:"C:/Program Files/Unity/Hub/Editor/6000.4.1f1/Editor/Data/NetStandard/compat/2.1.0/shims/netstandard/System.Text.RegularExpressions.dll"
-r:"C:/Program Files/Unity/Hub/Editor/6000.4.1f1/Editor/Data/NetStandard/compat/2.1.0/shims/netstandard/System.Threading.Overlapped.dll"
-r:"C:/Program Files/Unity/Hub/Editor/6000.4.1f1/Editor/Data/NetStandard/compat/2.1.0/shims/netstandard/System.Threading.Tasks.Extensions.dll"
-r:"C:/Program Files/Unity/Hub/Editor/6000.4.1f1/Editor/Data/NetStandard/compat/2.1.0/shims/netstandard/System.Threading.Tasks.Parallel.dll"
-r:"C:/Program Files/Unity/Hub/Editor/6000.4.1f1/Editor/Data/NetStandard/compat/2.1.0/shims/netstandard/System.Threading.Tasks.dll"
-r:"C:/Program Files/Unity/Hub/Editor/6000.4.1f1/Editor/Data/NetStandard/compat/2.1.0/shims/netstandard/System.Threading.Thread.dll"
-r:"C:/Program Files/Unity/Hub/Editor/6000.4.1f1/Editor/Data/NetStandard/compat/2.1.0/shims/netstandard/System.Threading.ThreadPool.dll"
-r:"C:/Program Files/Unity/Hub/Editor/6000.4.1f1/Editor/Data/NetStandard/compat/2.1.0/shims/netstandard/System.Threading.Timer.dll"
-r:"C:/Program Files/Unity/Hub/Editor/6000.4.1f1/Editor/Data/NetStandard/compat/2.1.0/shims/netstandard/System.Threading.dll"
-r:"C:/Program Files/Unity/Hub/Editor/6000.4.1f1/Editor/Data/NetStandard/compat/2.1.0/shims/netstandard/System.ValueTuple.dll"
-r:"C:/Program Files/Unity/Hub/Editor/6000.4.1f1/Editor/Data/NetStandard/compat/2.1.0/shims/netstandard/System.Xml.ReaderWriter.dll"
-r:"C:/Program Files/Unity/Hub/Editor/6000.4.1f1/Editor/Data/NetStandard/compat/2.1.0/shims/netstandard/System.Xml.XDocument.dll"
-r:"C:/Program Files/Unity/Hub/Editor/6000.4.1f1/Editor/Data/NetStandard/compat/2.1.0/shims/netstandard/System.Xml.XPath.XDocument.dll"
-r:"C:/Program Files/Unity/Hub/Editor/6000.4.1f1/Editor/Data/NetStandard/compat/2.1.0/shims/netstandard/System.Xml.XPath.dll"
-r:"C:/Program Files/Unity/Hub/Editor/6000.4.1f1/Editor/Data/NetStandard/compat/2.1.0/shims/netstandard/System.Xml.XmlDocument.dll"
-r:"C:/Program Files/Unity/Hub/Editor/6000.4.1f1/Editor/Data/NetStandard/compat/2.1.0/shims/netstandard/System.Xml.XmlSerializer.dll"
-r:"C:/Program Files/Unity/Hub/Editor/6000.4.1f1/Editor/Data/NetStandard/ref/2.1.0/netstandard.dll"
-r:"C:/Program Files/Unity/Hub/Editor/6000.4.1f1/Editor/Data/PlaybackEngines/AndroidPlayer/Unity.Android.Gradle.dll"
-r:"C:/Program Files/Unity/Hub/Editor/6000.4.1f1/Editor/Data/PlaybackEngines/AndroidPlayer/Unity.Android.Types.dll"
-r:"C:/Program Files/Unity/Hub/Editor/6000.4.1f1/Editor/Data/PlaybackEngines/AndroidPlayer/UnityEditor.Android.Extensions.dll"
-r:"C:/Program Files/Unity/Hub/Editor/6000.4.1f1/Editor/Data/PlaybackEngines/LinuxStandaloneSupport/UnityEditor.LinuxStandalone.Extensions.dll"
-r:"C:/Program Files/Unity/Hub/Editor/6000.4.1f1/Editor/Data/PlaybackEngines/MacStandaloneSupport/UnityEditor.OSXStandalone.Extensions.dll"
-r:"C:/Program Files/Unity/Hub/Editor/6000.4.1f1/Editor/Data/PlaybackEngines/MacStandaloneSupport/UnityEditor.iOS.Extensions.Xcode.dll"
-r:"C:/Program Files/Unity/Hub/Editor/6000.4.1f1/Editor/Data/PlaybackEngines/WindowsStandaloneSupport/UnityEditor.WindowsStandalone.Extensions.dll"
-r:"Library/PackageCache/com.unity.collab-proxy@a5329f833fa8/Lib/Editor/Unity.Plastic.Antlr3.Runtime.dll"
-r:"Library/PackageCache/com.unity.collab-proxy@a5329f833fa8/Lib/Editor/Unity.Plastic.Newtonsoft.Json.dll"
-r:"Library/PackageCache/com.unity.collab-proxy@a5329f833fa8/Lib/Editor/log4netPlastic.dll"
-r:"Library/PackageCache/com.unity.collab-proxy@a5329f833fa8/Lib/Editor/unityplastic.dll"
-r:"Library/PackageCache/com.unity.collections@538ace9075bc/Unity.Collections.LowLevel.ILSupport/Unity.Collections.LowLevel.ILSupport.dll"
-r:"Library/PackageCache/com.unity.collections@538ace9075bc/Unity.Collections.Tests/System.IO.Hashing/System.IO.Hashing.dll"
-r:"Library/PackageCache/com.unity.collections@538ace9075bc/Unity.Collections.Tests/System.Runtime.CompilerServices.Unsafe/System.Runtime.CompilerServices.Unsafe.dll"
-r:"Library/PackageCache/com.unity.ext.nunit@d8c07649098d/net40/unity-custom/nunit.framework.dll"
-r:"Library/PackageCache/com.unity.nuget.mono-cecil@ecb9724e46ff/Mono.Cecil.dll"
-r:"Library/PackageCache/com.unity.nuget.newtonsoft-json@4dfd81071c64/Runtime/Newtonsoft.Json.dll"
-r:"Library/PackageCache/com.unity.sharp-zip-lib@f6e4ef34e4d8/Runtime/Unity.SharpZipLib.dll"
-r:"Library/PackageCache/com.unity.visualscripting@8bed5ad90189/Editor/VisualScripting.Core/Dependencies/DotNetZip/Unity.VisualScripting.IonicZip.dll"
-r:"Library/PackageCache/com.unity.visualscripting@8bed5ad90189/Editor/VisualScripting.Core/Dependencies/YamlDotNet/Unity.VisualScripting.YamlDotNet.dll"
-r:"Library/PackageCache/com.unity.visualscripting@8bed5ad90189/Editor/VisualScripting.Core/EditorAssetResources/Unity.VisualScripting.TextureAssets.dll"
-r:"Library/PackageCache/com.unity.visualscripting@8bed5ad90189/Runtime/VisualScripting.Flow/Dependencies/NCalc/Unity.VisualScripting.Antlr3.Runtime.dll"
-r:"Library/Bee/artifacts/1900b0aEDbg.dag/GPUInstancer.ref.dll"
-r:"Library/Bee/artifacts/1900b0aEDbg.dag/Hecton8.AI.Cognition.ref.dll"
-r:"Library/Bee/artifacts/1900b0aEDbg.dag/Hecton8.AI.Ecology.Migration.ref.dll"
-r:"Library/Bee/artifacts/1900b0aEDbg.dag/Hecton8.Animation.IK.ref.dll"
-r:"Library/Bee/artifacts/1900b0aEDbg.dag/Hecton8.Audio.Echolocation.ref.dll"
-r:"Library/Bee/artifacts/1900b0aEDbg.dag/Hecton8.Audio.Propagation.ref.dll"
-r:"Library/Bee/artifacts/1900b0aEDbg.dag/Hecton8.Audio.Virtualization.Contracts.ref.dll"
-r:"Library/Bee/artifacts/1900b0aEDbg.dag/Hecton8.Audio.Virtualization.ref.dll"
-r:"Library/Bee/artifacts/1900b0aEDbg.dag/Hecton8.Bootstrap.Contracts.ref.dll"
-r:"Library/Bee/artifacts/1900b0aEDbg.dag/Hecton8.Cartography.ref.dll"
-r:"Library/Bee/artifacts/1900b0aEDbg.dag/Hecton8.Core.Bucketing.ref.dll"
-r:"Library/Bee/artifacts/1900b0aEDbg.dag/Hecton8.Core.Contracts.ref.dll"
-r:"Library/Bee/artifacts/1900b0aEDbg.dag/Hecton8.Core.Database.ref.dll"
-r:"Library/Bee/artifacts/1900b0aEDbg.dag/Hecton8.Core.Memory.ref.dll"
-r:"Library/Bee/artifacts/1900b0aEDbg.dag/Hecton8.Core.Persistence.Paging.ref.dll"
-r:"Library/Bee/artifacts/1900b0aEDbg.dag/Hecton8.Core.Scheduling.ref.dll"
-r:"Library/Bee/artifacts/1900b0aEDbg.dag/Hecton8.Environment.Fluids.Contracts.ref.dll"
-r:"Library/Bee/artifacts/1900b0aEDbg.dag/Hecton8.Environment.Fluids.ref.dll"
-r:"Library/Bee/artifacts/1900b0aEDbg.dag/Hecton8.Input.ref.dll"
-r:"Library/Bee/artifacts/1900b0aEDbg.dag/Hecton8.Inventory.Algorithms.ref.dll"
-r:"Library/Bee/artifacts/1900b0aEDbg.dag/Hecton8.Inventory.Corrosion.Contracts.ref.dll"
-r:"Library/Bee/artifacts/1900b0aEDbg.dag/Hecton8.Inventory.Corrosion.ref.dll"
-r:"Library/Bee/artifacts/1900b0aEDbg.dag/Hecton8.Logistics.Grid.Contracts.ref.dll"
-r:"Library/Bee/artifacts/1900b0aEDbg.dag/Hecton8.Logistics.Grid.ref.dll"
-r:"Library/Bee/artifacts/1900b0aEDbg.dag/Hecton8.Logistics.ref.dll"
-r:"Library/Bee/artifacts/1900b0aEDbg.dag/Hecton8.Physics.CCD.ref.dll"
-r:"Library/Bee/artifacts/1900b0aEDbg.dag/Hecton8.Physics.Determinism.ref.dll"
-r:"Library/Bee/artifacts/1900b0aEDbg.dag/Hecton8.Tools.ToolKinematics.Contracts.ref.dll"
-r:"Library/Bee/artifacts/1900b0aEDbg.dag/Hecton8.UI.Diegetic.Contracts.ref.dll"
-r:"Library/Bee/artifacts/1900b0aEDbg.dag/Hecton8.UI.Localization.ref.dll"
-r:"Library/Bee/artifacts/1900b0aEDbg.dag/Hecton8.World.Contracts.ref.dll"
-r:"Library/Bee/artifacts/1900b0aEDbg.dag/Hecton8.World.Terrain.ref.dll"
-r:"Library/Bee/artifacts/1900b0aEDbg.dag/Unity.Addressables.ref.dll"
-r:"Library/Bee/artifacts/1900b0aEDbg.dag/Unity.Burst.ref.dll"
-r:"Library/Bee/artifacts/1900b0aEDbg.dag/Unity.Collections.ref.dll"
-r:"Library/Bee/artifacts/1900b0aEDbg.dag/Unity.InputSystem.ref.dll"
-r:"Library/Bee/artifacts/1900b0aEDbg.dag/Unity.Mathematics.ref.dll"
-r:"Library/Bee/artifacts/1900b0aEDbg.dag/Unity.Profiling.Core.ref.dll"
-r:"Library/Bee/artifacts/1900b0aEDbg.dag/Unity.RenderPipelines.Core.Runtime.ref.dll"
-r:"Library/Bee/artifacts/1900b0aEDbg.dag/Unity.RenderPipelines.Universal.Runtime.ref.dll"
-r:"Library/Bee/artifacts/1900b0aEDbg.dag/Unity.ResourceManager.ref.dll"
-r:"Library/Bee/artifacts/1900b0aEDbg.dag/Unity.TextMeshPro.ref.dll"
-r:"Library/Bee/artifacts/1900b0aEDbg.dag/UnityEditor.UI.ref.dll"
-r:"Library/Bee/artifacts/1900b0aEDbg.dag/UnityEngine.UI.ref.dll"
-analyzer:"C:/Program Files/Unity/Hub/Editor/6000.4.1f1/Editor/Data/Tools/BuildPipeline/Unity.SourceGenerators/Unity.Properties.SourceGenerator.dll"
-analyzer:"C:/Program Files/Unity/Hub/Editor/6000.4.1f1/Editor/Data/Tools/BuildPipeline/Unity.SourceGenerators/Unity.SourceGenerators.dll"
-analyzer:"C:/Program Files/Unity/Hub/Editor/6000.4.1f1/Editor/Data/Tools/BuildPipeline/Unity.SourceGenerators/Unity.UIToolkit.SourceGenerator.dll"
"Assets/_Project/Scripts/AI/Ecosystem/EcosystemPopulationBalancer.cs"
"Assets/_Project/Scripts/AI/Ecosystem/ShinobuEcosystemBalancer.FlockingAvoidance.cs"
"Assets/_Project/Scripts/AI/Ecosystem/ShinobuEcosystemBalancer.cs"
"Assets/_Project/Scripts/AI/Ecosystem/ShinobuFloraFaunaSymbiosisSolver.cs"
"Assets/_Project/Scripts/AI/Ecosystem/ShinobuSpatialGridSolver.cs"
"Assets/_Project/Scripts/AI/Perception/RetinalAdaptationVault.cs"
"Assets/_Project/Scripts/AI/Perception/RetinalExposureMath.cs"
"Assets/_Project/Scripts/AI/Sensory/AcousticEchoLocationRuntime.cs"
"Assets/_Project/Scripts/AcousticZoneController.cs"
"Assets/_Project/Scripts/AmbientWaterMotion.cs"
"Assets/_Project/Scripts/AmbientWaterMotionManager.cs"
"Assets/_Project/Scripts/AmbientWaterMotionProfile.cs"
"Assets/_Project/Scripts/Animation/Fauna/ProceduralBiteIkJobs.cs"
"Assets/_Project/Scripts/Animation/KineticCharacter/KineticCharacterAnimatorJobs.cs"
"Assets/_Project/Scripts/Animation/KineticCharacter/KineticCharacterAnimatorRuntime.cs"
"Assets/_Project/Scripts/Animation/KineticCharacter/KineticCharacterAnimatorTypes.cs"
"Assets/_Project/Scripts/Animation/Locomotion/LadderClimbIkJobs.cs"
"Assets/_Project/Scripts/Animation/Locomotion/ProceduralLadderClimbRuntime.cs"
"Assets/_Project/Scripts/AssemblyInfo.cs"
"Assets/_Project/Scripts/AsyncLoadHelper.cs"
"Assets/_Project/Scripts/AtlasSignal/Atlas6DirectiveSystem.cs"
"Assets/_Project/Scripts/AtlasSignal/AtlasSignalDecoder.cs"
"Assets/_Project/Scripts/AtlasSignal/AtlasSignalEvents.cs"
"Assets/_Project/Scripts/AtlasSignal/AtlasSignalSystem.cs"
"Assets/_Project/Scripts/AtlasSignal/SignalBeacon.cs"
"Assets/_Project/Scripts/Atmosphere/AtmosphericLightingState.cs"
"Assets/_Project/Scripts/Atmosphere/BaseAtmosphereEngine.cs"
"Assets/_Project/Scripts/Atmosphere/BaseAtmosphereLogisticsEditor.cs"
"Assets/_Project/Scripts/Atmosphere/BaseAtmosphereLogisticsGizmo.cs"
"Assets/_Project/Scripts/Atmosphere/BaseAtmosphereLogisticsJobs.cs"
"Assets/_Project/Scripts/Atmosphere/BaseAtmosphereLogisticsRuntime.cs"
"Assets/_Project/Scripts/Atmosphere/BaseAtmosphereLogisticsTypes.cs"
"Assets/_Project/Scripts/Atmosphere/BaseAtmosphereMath.cs"
"Assets/_Project/Scripts/Atmosphere/GasDynamicsSolver.cs"
"Assets/_Project/Scripts/Atmosphere/HectonSurfaceWeatherDirector.cs"
"Assets/_Project/Scripts/Atmosphere/ShinobuAtmosphereWaveTunerWindow.cs"
"Assets/_Project/Scripts/Atmosphere/ShinobuOceanSurfaceAtmosphereContracts.cs"
"Assets/_Project/Scripts/Atmosphere/ShinobuOceanSurfaceAtmosphereRuntime.cs"
"Assets/_Project/Scripts/Atmosphere/SurfaceWeatherMath.cs"
"Assets/_Project/Scripts/Atmosphere/SurfaceWeatherProfile.cs"
"Assets/_Project/Scripts/Atmosphere/SurfaceWeatherVfxRig.cs"
"Assets/_Project/Scripts/Atmosphere/ToxicOutgassingChemistryRuntime.cs"
"Assets/_Project/Scripts/Atmosphere/ToxicOutgassingChemistryTypes.cs"
"Assets/_Project/Scripts/AtmosphereProfile.cs"
"Assets/_Project/Scripts/Audio/AcousticReverbPresetTrigger.cs"
"Assets/_Project/Scripts/Audio/AdaptiveStem/AdaptiveStemAudioMixer.cs"
"Assets/_Project/Scripts/Audio/AtmosphericAudioRuntimeInstaller.cs"
"Assets/_Project/Scripts/Audio/AudioMaterialProfile.cs"
"Assets/_Project/Scripts/Audio/DeepPsychosisController.cs"
"Assets/_Project/Scripts/Audio/Editor/AbyssalAcousticsTunerWindow.cs"
"Assets/_Project/Scripts/Audio/Editor/AdaptiveAudioTunerWindow.cs"
"Assets/_Project/Scripts/Audio/Editor/AdvancedAcousticsSmokeTester.cs"
"Assets/_Project/Scripts/Audio/Editor/AudioImportDictator.cs"
"Assets/_Project/Scripts/Audio/Editor/AudioOmegaAutonomySmokeTester.cs"
"Assets/_Project/Scripts/Audio/Editor/DSPThreadSafetySmokeTester.cs"
"Assets/_Project/Scripts/Audio/Editor/GranularSynthTunerWindow.cs"
"Assets/_Project/Scripts/Audio/Editor/SabineReverbDspTunerWindow.cs"
"Assets/_Project/Scripts/Audio/Editor/ShinobuAcousticDspSmokeTester.cs"
"Assets/_Project/Scripts/Audio/HectonMusicBiomeProfile.cs"
"Assets/_Project/Scripts/Audio/HectonMusicClip.cs"
"Assets/_Project/Scripts/Audio/HectonMusicDirector.cs"
"Assets/_Project/Scripts/Audio/HectonMusicDirectorAnchor.cs"
"Assets/_Project/Scripts/Audio/HectonMusicDirectorConfig.cs"
"Assets/_Project/Scripts/Audio/HectonSensoryKernelNativeBridge.cs"
"Assets/_Project/Scripts/Audio/MusicVoicePool.cs"
"Assets/_Project/Scripts/Audio/NativeAudioFrameRingBuffer.cs"
"Assets/_Project/Scripts/Audio/PlayerCriticalBufferJobs.cs"
"Assets/_Project/Scripts/Audio/PlayerCriticalMetallicGrainBank.cs"
"Assets/_Project/Scripts/Audio/PlayerCriticalProceduralAudioRenderer.cs"
"Assets/_Project/Scripts/Audio/ProceduralAudioEvents.cs"
"Assets/_Project/Scripts/Audio/VocalWarningSystem.cs"
"Assets/_Project/Scripts/AudioLog/AudioLogData.cs"
"Assets/_Project/Scripts/AudioLog/AudioLogDiscoveryBitMask.cs"
"Assets/_Project/Scripts/AudioLog/AudioLogEvents.cs"
"Assets/_Project/Scripts/AudioLog/AudioLogPickup.cs"
"Assets/_Project/Scripts/AudioLog/AudioLogSystem.cs"
"Assets/_Project/Scripts/AutomationOmegaSmokeTester.cs"
"Assets/_Project/Scripts/AutomationSmokeTester.cs"
"Assets/_Project/Scripts/BarterRuntimeSmokeTester.cs"
"Assets/_Project/Scripts/BaseModule.cs"
"Assets/_Project/Scripts/BaseModuleTemplate.cs"
"Assets/_Project/Scripts/BaseStressRuntimeSmokeTester.cs"
"Assets/_Project/Scripts/BeaconDeployerTool.cs"
"Assets/_Project/Scripts/BeaconNetworkSystem.cs"
"Assets/_Project/Scripts/BeaconRuntime.cs"
"Assets/_Project/Scripts/BiomeDiscoveryBitMask.cs"
"Assets/_Project/Scripts/BiomeMatrixDirector.cs"
"Assets/_Project/Scripts/BiomeSamplerCache.cs"
"Assets/_Project/Scripts/Bootstrap/BootstrapController.cs"
"Assets/_Project/Scripts/Bootstrap/BootstrapEvents.cs"
"Assets/_Project/Scripts/Bootstrap/BootstrapHealthMonitor.cs"
"Assets/_Project/Scripts/Bootstrap/BootstrapRegistryCycleValidator.cs"
"Assets/_Project/Scripts/Bootstrap/BootstrapRouteEnforcer.cs"
"Assets/_Project/Scripts/Bootstrap/GameBootstrapper.cs"
"Assets/_Project/Scripts/Bootstrap/HectonLoreSystemsRoot.cs"
"Assets/_Project/Scripts/Bootstrap/SceneGuard.cs"
"Assets/_Project/Scripts/Bootstrap/SceneInstantiationGate.cs"
"Assets/_Project/Scripts/Build/BuildInfo.cs"
"Assets/_Project/Scripts/Build/BuildInfoHudPresenter.cs"
"Assets/_Project/Scripts/BuildTools/BuildPlaytestEntry.cs"
"Assets/_Project/Scripts/BuildableData.cs"
"Assets/_Project/Scripts/BuilderRuntimeSmokeTester.cs"
"Assets/_Project/Scripts/BuilderTool.cs"
"Assets/_Project/Scripts/BuoyancyObject.cs"
"Assets/_Project/Scripts/BuoyancyProfile.cs"
"Assets/_Project/Scripts/CameraJuiceProcessor.cs"
"Assets/_Project/Scripts/CaveBioRootsGenerator.cs"
"Assets/_Project/Scripts/CaveBiomeTemplate.cs"
"Assets/_Project/Scripts/CaveDressingConfig.cs"
"Assets/_Project/Scripts/CaveFaunaContext.cs"
"Assets/_Project/Scripts/CaveGlowingTissueRuntimeBuilder.cs"
"Assets/_Project/Scripts/CaveGraphGenerator.cs"
"Assets/_Project/Scripts/CaveRuntimeBoundsUtility.cs"
"Assets/_Project/Scripts/CaveSedimentShelfRuntimeBuilder.cs"
"Assets/_Project/Scripts/CaveServiceRemnantRuntimeBuilder.cs"
"Assets/_Project/Scripts/CaveTypes.cs"
"Assets/_Project/Scripts/CaveWallGrowthRuntimeBuilder.cs"
"Assets/_Project/Scripts/Compatibility/AddressablesCompatibility.cs"
"Assets/_Project/Scripts/Compatibility/LegacyStubs/DefaultFlowFieldProfile.cs"
"Assets/_Project/Scripts/ComponentCache.cs"
"Assets/_Project/Scripts/Construction/AutomataTemplate.cs"
"Assets/_Project/Scripts/Construction/AutonomousExtractorSystem.cs"
"Assets/_Project/Scripts/Construction/BaseDegradationSystem.cs"
"Assets/_Project/Scripts/Construction/BaseLogisticsNetwork.cs"
"Assets/_Project/Scripts/Construction/BaseModuleCatalogRuntime.cs"
"Assets/_Project/Scripts/Construction/BaseModuleNavModifier.cs"
"Assets/_Project/Scripts/Construction/BatteryBankModule.cs"
"Assets/_Project/Scripts/Construction/BatteryChargerModule.cs"
"Assets/_Project/Scripts/Construction/BotanyPlanterModule.cs"
"Assets/_Project/Scripts/Construction/BulkheadContainmentContracts.cs"
"Assets/_Project/Scripts/Construction/BulkheadContainmentJobs.cs"
"Assets/_Project/Scripts/Construction/BulkheadContainmentRuntime.cs"
"Assets/_Project/Scripts/Construction/ConstructionRuntimeProxyFactory.cs"
"Assets/_Project/Scripts/Construction/ConstructionSignals.cs"
"Assets/_Project/Scripts/Construction/CultivationManager.cs"
"Assets/_Project/Scripts/Construction/DeepDrillModule.cs"
"Assets/_Project/Scripts/Construction/DroneCognitionJob.cs"
"Assets/_Project/Scripts/Construction/DroneFleetManager.cs"
"Assets/_Project/Scripts/Construction/DroneFleetNavigationKernel.cs"
"Assets/_Project/Scripts/Construction/Editor/BulkheadContainmentEditor.cs"
"Assets/_Project/Scripts/Construction/Editor/FoundationSnappingCalculatorEditor.cs"
"Assets/_Project/Scripts/Construction/FluidPipeGraphRuntime.cs"
"Assets/_Project/Scripts/Construction/FoundationPylonGpuBatch.cs"
"Assets/_Project/Scripts/Construction/FoundationSnappingCalculatorData.cs"
"Assets/_Project/Scripts/Construction/FoundationSnappingCalculatorJobs.cs"
"Assets/_Project/Scripts/Construction/HabitatConstructionManager.cs"
"Assets/_Project/Scripts/Construction/HabitatGraphManager.cs"
"Assets/_Project/Scripts/Construction/HabitatStressJobs.cs"
"Assets/_Project/Scripts/Construction/HectonBlueprintPreviewBatch.cs"
"Assets/_Project/Scripts/Construction/LogisticsPipeNode.cs"
"Assets/_Project/Scripts/Construction/LogisticsPipeRoutingKernel.cs"
"Assets/_Project/Scripts/Construction/LogisticsPipeTransportScheduler.cs"
"Assets/_Project/Scripts/Construction/LogisticsRouteScratchMemory.cs"
"Assets/_Project/Scripts/Construction/LogisticsSorterModule.cs"
"Assets/_Project/Scripts/Construction/MaintenanceStationModule.cs"
"Assets/_Project/Scripts/Construction/ModularBaseConstructionValidator.cs"
"Assets/_Project/Scripts/Construction/ModuleIntegrityComponent.cs"
"Assets/_Project/Scripts/Construction/ModuleLifeSupportComponent.cs"
"Assets/_Project/Scripts/Construction/RepairDroneEntity.cs"
"Assets/_Project/Scripts/Construction/RepairDroneHub.cs"
"Assets/_Project/Scripts/Construction/RepairStation.cs"
"Assets/_Project/Scripts/Construction/ShinobuSocketConstructionData.cs"
"Assets/_Project/Scripts/Construction/ShinobuSocketConstructionJobs.cs"
"Assets/_Project/Scripts/Construction/StructuralIntegrityProfile.cs"
"Assets/_Project/Scripts/Construction/SumpPumpPipeGridContracts.cs"
"Assets/_Project/Scripts/Construction/SumpPumpPipeGridJobs.cs"
"Assets/_Project/Scripts/Construction/SumpPumpPipeGridRuntime.cs"
"Assets/_Project/Scripts/Construction/TransitionHatchMeshState.cs"
"Assets/_Project/Scripts/Construction/VRConstructionWeldTarget.cs"
"Assets/_Project/Scripts/Construction/VRPipeBlueprintPreview.cs"
"Assets/_Project/Scripts/Construction/VehicleDockingModule.cs"
"Assets/_Project/Scripts/Construction/WaterPumpModule.cs"
"Assets/_Project/Scripts/ConstructionManager.cs"
"Assets/_Project/Scripts/ControlScheme.cs"
"Assets/_Project/Scripts/Core/Arm64AlignmentFaultGizmo.cs"
"Assets/_Project/Scripts/Core/BatteryChargerLogisticsBridge.cs"
"Assets/_Project/Scripts/Core/BinaryLayoutManifest.cs"
"Assets/_Project/Scripts/Core/BlackBoxHeartbeatThread.cs"
"Assets/_Project/Scripts/Core/Bridge/Generated/H8DesignFacadeContracts.generated.cs"
"Assets/_Project/Scripts/Core/Bridge/H8BridgeBinaryLayoutVerifier.cs"
"Assets/_Project/Scripts/Core/Bridge/H8BridgeContracts.cs"
"Assets/_Project/Scripts/Core/Bridge/H8BridgeFacadeRuntime.cs"
"Assets/_Project/Scripts/Core/Bridge/H8DesignDataFacade.cs"
"Assets/_Project/Scripts/Core/Bridge/H8InputMappingFacade.cs"
"Assets/_Project/Scripts/Core/Bridge/H8PrefabRegistry.cs"
"Assets/_Project/Scripts/Core/Bridge/H8PrefabRegistryRuntimeBinder.cs"
"Assets/_Project/Scripts/Core/BulkheadContainmentIntentBus.cs"
"Assets/_Project/Scripts/Core/BurstCallback.cs"
"Assets/_Project/Scripts/Core/CameraJuiceSignals.cs"
"Assets/_Project/Scripts/Core/CinematicMath.cs"
"Assets/_Project/Scripts/Core/ConnectionSplineBatchRenderer.cs"
"Assets/_Project/Scripts/Core/Content/ContentAssetHashMap.cs"
"Assets/_Project/Scripts/Core/Content/ContentLoreBinaryProvider.cs"
"Assets/_Project/Scripts/Core/Content/ContentRuntimeServices.cs"
"Assets/_Project/Scripts/Core/Content/ContentSaveSlotTopology.cs"
"Assets/_Project/Scripts/Core/Content/ObjectBatchBase.cs"
"Assets/_Project/Scripts/Core/Content/VisibilityProxyBase.cs"
"Assets/_Project/Scripts/Core/Data/BabelDictionaryStore.cs"
"Assets/_Project/Scripts/Core/Data/Editor/CacheBTreeTopologyXRayWindow.cs"
"Assets/_Project/Scripts/Core/Data/H8DataBaker.cs"
"Assets/_Project/Scripts/Core/Data/H8StaticDataContracts.cs"
"Assets/_Project/Scripts/Core/Data/H8StaticDataSanity.cs"
"Assets/_Project/Scripts/Core/Data/InventoryCost.cs"
"Assets/_Project/Scripts/Core/Data/StaticDataStore.cs"
"Assets/_Project/Scripts/Core/DependencyAttribute.cs"
"Assets/_Project/Scripts/Core/Determinism/LockstepStateValidator.cs"
"Assets/_Project/Scripts/Core/DeterministicReplaySeed.cs"
"Assets/_Project/Scripts/Core/Diagnostics/AsynchronousTelemetryExporter.cs"
"Assets/_Project/Scripts/Core/Diagnostics/Visuals/ArchitectEyeDebugSignal.cs"
"Assets/_Project/Scripts/Core/Diagnostics/Visuals/ArchitectEyePdaCommandConsole.cs"
"Assets/_Project/Scripts/Core/Diagnostics/Visuals/ArchitectEyeVisualizer.cs"
"Assets/_Project/Scripts/Core/Diagnostics/Visuals/Editor/ArchitectEyeBlackBoxTimelineViewer.cs"
"Assets/_Project/Scripts/Core/Diagnostics/Visuals/VaultMemoryGizmoVisualizer.cs"
"Assets/_Project/Scripts/Core/Diagnostics/Visuals/VaultProbeUtility.cs"
"Assets/_Project/Scripts/Core/DispatcherJobFence.cs"
"Assets/_Project/Scripts/Core/DistanceMath.cs"
"Assets/_Project/Scripts/Core/DodReplayRecorder.cs"
"Assets/_Project/Scripts/Core/Editor/InputCurveHapticsTunerWindow.cs"
"Assets/_Project/Scripts/Core/EnumFastComparer.cs"
"Assets/_Project/Scripts/Core/EnvironmentRuntimeContextService.cs"
"Assets/_Project/Scripts/Core/ExosuitKinematicAuthority.cs"
"Assets/_Project/Scripts/Core/FixedCharBuffer.cs"
"Assets/_Project/Scripts/Core/FoveatedSimulationManager.cs"
"Assets/_Project/Scripts/Core/FrameTimeWatchdog.cs"
"Assets/_Project/Scripts/Core/GCMonitor.cs"
"Assets/_Project/Scripts/Core/GameStartContext.cs"
"Assets/_Project/Scripts/Core/Generated/H8Hashes.cs"
"Assets/_Project/Scripts/Core/Generated/H8LoreHashes.cs"
"Assets/_Project/Scripts/Core/Generated/H8QuestMasks.cs"
"Assets/_Project/Scripts/Core/GlobalRegistry.BatteryChargerLogistics.cs"
"Assets/_Project/Scripts/Core/GlobalRegistry.cs"
"Assets/_Project/Scripts/Core/GlobalRegistryContracts.cs"
"Assets/_Project/Scripts/Core/GlobalSignals.cs"
"Assets/_Project/Scripts/Core/GlobalTelemetryBus.Blackbox.cs"
"Assets/_Project/Scripts/Core/GlobalTelemetryBus.cs"
"Assets/_Project/Scripts/Core/H8Debug.cs"
"Assets/_Project/Scripts/Core/HardwareProfileCatalog.cs"
"Assets/_Project/Scripts/Core/HardwareTierDetector.cs"
"Assets/_Project/Scripts/Core/HectonArenaAllocator.cs"
"Assets/_Project/Scripts/Core/HectonLayerMasks.cs"
"Assets/_Project/Scripts/Core/HectonNativeBridge.cs"
"Assets/_Project/Scripts/Core/HectonPersistentPathPolicy.cs"
"Assets/_Project/Scripts/Core/HectonShadowBudgetLight.cs"
"Assets/_Project/Scripts/Core/HectonSpatialIntrinsics.cs"
"Assets/_Project/Scripts/Core/HectonThreadPriorityPolicy.cs"
"Assets/_Project/Scripts/Core/HectonUrpShadowBudgetGuard.cs"
"Assets/_Project/Scripts/Core/HectonUrpTextureRequirementsGuard.cs"
"Assets/_Project/Scripts/Core/HectonXRManager.cs"
"Assets/_Project/Scripts/Core/HectonXRRuntimeState.cs"
"Assets/_Project/Scripts/Core/HomeostasisBrain.ScalabilityDictator.cs"
"Assets/_Project/Scripts/Core/HomeostasisBrain.cs"
"Assets/_Project/Scripts/Core/IDispatcherRaycastReceiver.cs"
"Assets/_Project/Scripts/Core/IOceanVisualBridge.cs"
"Assets/_Project/Scripts/Core/IPlatformIntegration.cs"
"Assets/_Project/Scripts/Core/InputDeterminismDtos.cs"
"Assets/_Project/Scripts/Core/InputDispatcher.cs"
"Assets/_Project/Scripts/Core/InstanceCullingServiceRegistryBridge.cs"
"Assets/_Project/Scripts/Core/JobAdmissionTelemetryBridge.cs"
"Assets/_Project/Scripts/Core/JobFenceManager.cs"
"Assets/_Project/Scripts/Core/LogisticsPipeBuilder.cs"
"Assets/_Project/Scripts/Core/MacroDatabaseSignalBridge.cs"
"Assets/_Project/Scripts/Core/MaterialPropertyBlockRegistry.cs"
"Assets/_Project/Scripts/Core/MathGuard.cs"
"Assets/_Project/Scripts/Core/MemoryBudgetTracker.cs"
"Assets/_Project/Scripts/Core/MemoryInquisitor.cs"
"Assets/_Project/Scripts/Core/MemorySentinelRuntime.cs"
"Assets/_Project/Scripts/Core/NativeAllocationTrackerRuntimeBridge.cs"
"Assets/_Project/Scripts/Core/NativeArenaAllocator.cs"
"Assets/_Project/Scripts/Core/NativeArenaArray.cs"
"Assets/_Project/Scripts/Core/NativeBitmask256.cs"
"Assets/_Project/Scripts/Core/NativeMemorySentinel.cs"
"Assets/_Project/Scripts/Core/NativeMemoryTrackingBridgeInstaller.cs"
"Assets/_Project/Scripts/Core/NativeQuery.cs"
"Assets/_Project/Scripts/Core/NativeRingBuffer.cs"
"Assets/_Project/Scripts/Core/OceanKinematicsRuntimeService.cs"
"Assets/_Project/Scripts/Core/OculusFfrEnforcer.cs"
"Assets/_Project/Scripts/Core/Origin/AupOriginShiftCoordinator.cs"
"Assets/_Project/Scripts/Core/Origin/AupPrecisionJobs.cs"
"Assets/_Project/Scripts/Core/PlatformAdaptiveBudgetGovernor.cs"
"Assets/_Project/Scripts/Core/PlatformBatteryWatchdog.cs"
"Assets/_Project/Scripts/Core/PlatformPrecisionClock.cs"
"Assets/_Project/Scripts/Core/PlayerInputState.cs"
"Assets/_Project/Scripts/Core/PlayerInventoryManager.cs"
"Assets/_Project/Scripts/Core/PlayerLookTargetPromptCache.cs"
"Assets/_Project/Scripts/Core/PlayerRuntimeContext.cs"
"Assets/_Project/Scripts/Core/PlayerRuntimeContextService.cs"
"Assets/_Project/Scripts/Core/PlayerSensoryManager.cs"
"Assets/_Project/Scripts/Core/PowerGridRuntimeService.cs"
"Assets/_Project/Scripts/Core/PrologueSequenceRegistryBridge.cs"
"Assets/_Project/Scripts/Core/RebindingManager.cs"
"Assets/_Project/Scripts/Core/RegistryBucket.cs"
"Assets/_Project/Scripts/Core/RenderSettingsBridgeContracts.cs"
"Assets/_Project/Scripts/Core/RenderSettingsLifecycleGuard.cs"
"Assets/_Project/Scripts/Core/RuntimeWatchdog.cs"
"Assets/_Project/Scripts/Core/SceneRuntimeService.cs"
"Assets/_Project/Scripts/Core/SceneTransitionAudioContracts.cs"
"Assets/_Project/Scripts/Core/Signals/CoreDeterminismSignals.cs"
"Assets/_Project/Scripts/Core/Signals/PhysicsWakeSignalContracts.cs"
"Assets/_Project/Scripts/Core/Signals/PlayerMovementPresentationSignals.cs"
"Assets/_Project/Scripts/Core/Signals/PrologueReentrySignals.cs"
"Assets/_Project/Scripts/Core/Signals/SignalCorridorMockSignalGenerators.cs"
"Assets/_Project/Scripts/Core/Signals/SignalWardenRuntime.cs"
"Assets/_Project/Scripts/Core/StackQueue.cs"
"Assets/_Project/Scripts/Core/SteamDeckInputPal.cs"
"Assets/_Project/Scripts/Core/SteamDeckRadialMenu.cs"
"Assets/_Project/Scripts/Core/SystemDispatcher.cs"
"Assets/_Project/Scripts/Core/SystemDispatcherContracts.cs"
"Assets/_Project/Scripts/Core/ThreadSafeCommandQueue.cs"
"Assets/_Project/Scripts/Core/UIStateStore.cs"
"Assets/_Project/Scripts/Core/UnsafeArenaAllocator.cs"
"Assets/_Project/Scripts/Core/UnsafeMemoryCopyGuard.cs"
"Assets/_Project/Scripts/Core/VRAMBudgetTracker.cs"
"Assets/_Project/Scripts/Core/VoxelUnsafeExtensions.cs"
"Assets/_Project/Scripts/Core/ZeroGCFormatter.cs"
"Assets/_Project/Scripts/CraftingEvents.cs"
"Assets/_Project/Scripts/CraftingRuntimeSmokeTester.cs"
"Assets/_Project/Scripts/CraftingSystem.cs"
"Assets/_Project/Scripts/CrashTelemetryBuffer.cs"
"Assets/_Project/Scripts/CreatureArchetypeData.cs"
"Assets/_Project/Scripts/CurrentManager.cs"
"Assets/_Project/Scripts/CurrentVolume.cs"
"Assets/_Project/Scripts/Data/BiomeContentPackContract.cs"
"Assets/_Project/Scripts/Data/Monolith/H8CreatureSoAReconstructJob.cs"
"Assets/_Project/Scripts/Data/Monolith/H8DataHash.cs"
"Assets/_Project/Scripts/Data/Monolith/H8DataMonolithTypes.cs"
"Assets/_Project/Scripts/Data/Monolith/H8StaticDataArena.cs"
"Assets/_Project/Scripts/Data/ResearchDataTemplate.cs"
"Assets/_Project/Scripts/Data/ScannerUpgradeTemplate.cs"
"Assets/_Project/Scripts/Data/XenoBiologyTree.cs"
"Assets/_Project/Scripts/DemoDoor.cs"
"Assets/_Project/Scripts/DemoFirstPersonController.cs"
"Assets/_Project/Scripts/Dev/BiomeBoundarySdfSmokeTester.cs"
"Assets/_Project/Scripts/Dev/BotController.cs"
"Assets/_Project/Scripts/Dev/CelestialCataclysmSmokeTester.cs"
"Assets/_Project/Scripts/Dev/CelestialTimeLapseDebugger.cs"
"Assets/_Project/Scripts/Dev/EditorPlayModeDiagnostics.cs"
"Assets/_Project/Scripts/Dev/HabitatStressSmokeTester.cs"
"Assets/_Project/Scripts/Dev/IL2CPPCrashTelemetryDebugMenu.cs"
"Assets/_Project/Scripts/Dev/NarrativeProgressionSmokeTester.cs"
"Assets/_Project/Scripts/Dev/OmegaAutonomySmokeTester.cs"
"Assets/_Project/Scripts/Dev/ShellVerificationRuntimeSmokeTester.cs"
"Assets/_Project/Scripts/Economy/EconomyInflationProfile.cs"
"Assets/_Project/Scripts/Economy/EconomyRuntimeInstaller.cs"
"Assets/_Project/Scripts/Economy/LootTable.cs"
"Assets/_Project/Scripts/Economy/RecyclingRegistry.cs"
"Assets/_Project/Scripts/Economy/ResourceRecyclerModule.cs"
"Assets/_Project/Scripts/Economy/ResourceScarcityDirector.cs"
"Assets/_Project/Scripts/Economy/ResourceStack.cs"
"Assets/_Project/Scripts/Economy/ScrapManager.cs"
"Assets/_Project/Scripts/Economy/TradeMarauderRuntime.cs"
"Assets/_Project/Scripts/Ecosystem/CreatureGeneticsProfile.cs"
"Assets/_Project/Scripts/Ecosystem/EcosystemHealthDirector.cs"
"Assets/_Project/Scripts/Ecosystem/EcosystemMigrationProfile.cs"
"Assets/_Project/Scripts/Ecosystem/EcosystemRuntimeInstaller.cs"
"Assets/_Project/Scripts/Ecosystem/Editor/FaunaGeneticsTunerWindow.cs"
"Assets/_Project/Scripts/Ecosystem/Editor/MacroEcosystemTunerWindow.cs"
"Assets/_Project/Scripts/Ecosystem/Editor/OOP_Boid_Scanner.cs"
"Assets/_Project/Scripts/Ecosystem/Editor/OOP_Spawner_Scanner.cs"
"Assets/_Project/Scripts/Ecosystem/Editor/OOP_Variant_Scanner.cs"
"Assets/_Project/Scripts/Ecosystem/FaunaBiomeMutationDefinition.cs"
"Assets/_Project/Scripts/Ecosystem/FaunaBrain.Ecosystem.cs"
"Assets/_Project/Scripts/Ecosystem/FaunaGeneticTraits.cs"
"Assets/_Project/Scripts/Ecosystem/FaunaGeneticsManager.cs"
"Assets/_Project/Scripts/Ecosystem/FaunaGenome64.cs"
"Assets/_Project/Scripts/Ecosystem/MacroEcosystemHeatmapGizmo.cs"
"Assets/_Project/Scripts/Ecosystem/MacroEcosystemMathematicianRuntime.cs"
"Assets/_Project/Scripts/Ecosystem/MacroEcosystemMathematicianRuntime_SHINOBU300_Audit.cs"
"Assets/_Project/Scripts/Ecosystem/MigrationDirector.cs"
"Assets/_Project/Scripts/Ecosystem/NutrientDriftRuntime.cs"
"Assets/_Project/Scripts/EncounterDirector.cs"
"Assets/_Project/Scripts/EncounterProfile.cs"
"Assets/_Project/Scripts/EntityChangeDetector.cs"
"Assets/_Project/Scripts/Environment/GlobalWeatherDirector.cs"
"Assets/_Project/Scripts/Environment/HectonSeismicTideDirector.cs"
"Assets/_Project/Scripts/Environment/WeatherEvents.cs"
"Assets/_Project/Scripts/Environment/WeatherProfile.cs"
"Assets/_Project/Scripts/EnvironmentState.cs"
"Assets/_Project/Scripts/EnvironmentalAnalyzerTool.cs"
"Assets/_Project/Scripts/Equipment/Auxiliary/AuxiliaryDeploymentDebugGizmo.cs"
"Assets/_Project/Scripts/Equipment/Auxiliary/AuxiliaryEquipmentContracts.cs"
"Assets/_Project/Scripts/Equipment/Auxiliary/AuxiliaryEquipmentJobs.cs"
"Assets/_Project/Scripts/Equipment/Auxiliary/AuxiliaryEquipmentProfilesCsvParser.cs"
"Assets/_Project/Scripts/Equipment/Auxiliary/AuxiliaryEquipmentRouterRuntime.cs"
"Assets/_Project/Scripts/Equipment/Auxiliary/Editor/AuxiliaryEquipmentEditorTools.cs"
"Assets/_Project/Scripts/FabricationAssemblerRuntime.cs"
"Assets/_Project/Scripts/FabricationRuntimeSmokeTester.cs"
"Assets/_Project/Scripts/Fabricator.cs"
"Assets/_Project/Scripts/FabricatorPhysicalActuator.cs"
"Assets/_Project/Scripts/FastCandidateMap.cs"
"Assets/_Project/Scripts/Fauna/ApexTerritoryProfile.cs"
"Assets/_Project/Scripts/Fauna/CreatureDamageManager.cs"
"Assets/_Project/Scripts/Fauna/FaunaBrain.Compatibility.cs"
"Assets/_Project/Scripts/Fauna/FaunaBrain.Foveated.cs"
"Assets/_Project/Scripts/Fauna/FaunaBrain.cs"
"Assets/_Project/Scripts/Fauna/FaunaDataTemplate.cs"
"Assets/_Project/Scripts/Fauna/FaunaKinematicsRuntime.cs"
"Assets/_Project/Scripts/Fauna/FaunaLogicalLodTier.cs"
"Assets/_Project/Scripts/Fauna/FaunaPOI.cs"
"Assets/_Project/Scripts/Fauna/FaunaPresentationService.cs"
"Assets/_Project/Scripts/Fauna/FaunaScanRuntimeRegistry.cs"
"Assets/_Project/Scripts/Fauna/FaunaSensorSuite.cs"
"Assets/_Project/Scripts/Fauna/FaunaSimplifiedRagdollHandoff.cs"
"Assets/_Project/Scripts/Fauna/FaunaSimulationEngine.cs"
"Assets/_Project/Scripts/Fauna/FaunaSpeciesProfile.cs"
"Assets/_Project/Scripts/Fauna/FaunaStateMachine.cs"
"Assets/_Project/Scripts/Fauna/FaunaSteeringEngine.cs"
"Assets/_Project/Scripts/Fauna/FaunaTentacleConstrainedIk.cs"
"Assets/_Project/Scripts/Fauna/FaunaTier1LodProxyRegistry.cs"
"Assets/_Project/Scripts/Fauna/LeviathanTentacleVerletSolver.cs"
"Assets/_Project/Scripts/Fauna/MesofaunaBehavioralStateMachine.cs"
"Assets/_Project/Scripts/Fauna/MesofaunaFsmDebugGizmo.cs"
"Assets/_Project/Scripts/Fauna/PredatorCognitionDomain.cs"
"Assets/_Project/Scripts/Fauna/PredatorCognitionDomain_Steering.cs"
"Assets/_Project/Scripts/Fauna/ProceduralCrabLegIKRuntime.cs"
"Assets/_Project/Scripts/Fauna/StressDrivenSpawnDirector.cs"
"Assets/_Project/Scripts/Fauna/StressDrivenSpawnDirectorGizmo.cs"
"Assets/_Project/Scripts/FaunaBiomeData.cs"
"Assets/_Project/Scripts/FaunaDirector.cs"
"Assets/_Project/Scripts/FaunaRuntimeSmokeTester.cs"
"Assets/_Project/Scripts/FieldLoadoutAdvisor.cs"
"Assets/_Project/Scripts/FieldOperationLogSystem.cs"
"Assets/_Project/Scripts/FieldTargetDescriptor.cs"
"Assets/_Project/Scripts/FieldTargetSemantics.cs"
"Assets/_Project/Scripts/FieldToolRuntimeSmokeTester.cs"
"Assets/_Project/Scripts/FlashlightTool.cs"
"Assets/_Project/Scripts/FlowFieldProfile.cs"
"Assets/_Project/Scripts/FlowFieldVisualizer.cs"
"Assets/_Project/Scripts/FluidCompartmentTemplate.cs"
"Assets/_Project/Scripts/FluidIncursionSmokeTester.cs"
"Assets/_Project/Scripts/GameTickManager.cs"
"Assets/_Project/Scripts/Gameplay/BarterOfferCatalog.cs"
"Assets/_Project/Scripts/Gameplay/BarterOfferData.cs"
"Assets/_Project/Scripts/Gameplay/BaseAirlock.cs"
"Assets/_Project/Scripts/Gameplay/BaseAirlockEvents.cs"
"Assets/_Project/Scripts/Gameplay/BaseModuleCondensationSurface.cs"
"Assets/_Project/Scripts/Gameplay/BatteryCharger.cs"
"Assets/_Project/Scripts/Gameplay/BeaconRegistry.cs"
"Assets/_Project/Scripts/Gameplay/BioReactor.cs"
"Assets/_Project/Scripts/Gameplay/CelestialCataclysmSystem.cs"
"Assets/_Project/Scripts/Gameplay/ClimbableLadder.cs"
"Assets/_Project/Scripts/Gameplay/Combat/BallisticsEditorFacade.cs"
"Assets/_Project/Scripts/Gameplay/Combat/BallisticsRuntime.cs"
"Assets/_Project/Scripts/Gameplay/Combat/CombatDamageRuntime.cs"
"Assets/_Project/Scripts/Gameplay/ConsumableItem.cs"
"Assets/_Project/Scripts/Gameplay/ContextualPhysicalIkMath.cs"
"Assets/_Project/Scripts/Gameplay/ContextualPhysicalIkRig.cs"
"Assets/_Project/Scripts/Gameplay/ContextualPhysicalIkRuntime.cs"
"Assets/_Project/Scripts/Gameplay/DataArchaeologyRuntime.cs"
"Assets/_Project/Scripts/Gameplay/DebrisManager.cs"
"Assets/_Project/Scripts/Gameplay/DeployableBeacon.cs"
"Assets/_Project/Scripts/Gameplay/DeployableFlare.cs"
"Assets/_Project/Scripts/Gameplay/DirectorMissionBridge.cs"
"Assets/_Project/Scripts/Gameplay/EclipseGameplaySystem.cs"
"Assets/_Project/Scripts/Gameplay/Editor/ScannerLoreDatabaseSyncTunerWindow.cs"
"Assets/_Project/Scripts/Gameplay/EndingSystem.cs"
"Assets/_Project/Scripts/Gameplay/EndingTerminalInteractable.cs"
"Assets/_Project/Scripts/Gameplay/EnvironmentalHazard.cs"
"Assets/_Project/Scripts/Gameplay/FirstHourDirector.cs"
"Assets/_Project/Scripts/Gameplay/Floater.cs"
"Assets/_Project/Scripts/Gameplay/FloraProjectile.cs"
"Assets/_Project/Scripts/Gameplay/GravTrap.cs"
"Assets/_Project/Scripts/Gameplay/HabitatIntegrityManager.cs"
"Assets/_Project/Scripts/Gameplay/HarvestableOutcrop.cs"
"Assets/_Project/Scripts/Gameplay/HarvestablePlant.cs"
"Assets/_Project/Scripts/Gameplay/HazardExposureNotifier.cs"
"Assets/_Project/Scripts/Gameplay/HazardMutationProfile.cs"
"Assets/_Project/Scripts/Gameplay/HazardType.cs"
"Assets/_Project/Scripts/Gameplay/HazardZoneManager.cs"
"Assets/_Project/Scripts/Gameplay/HazardZoneProfile.cs"
"Assets/_Project/Scripts/Gameplay/HeavyTowWinch.cs"
"Assets/_Project/Scripts/Gameplay/HectonCameraState.cs"
"Assets/_Project/Scripts/Gameplay/HectonHazardManager.cs"
"Assets/_Project/Scripts/Gameplay/HectonHazardSource.cs"
"Assets/_Project/Scripts/Gameplay/HectonPlayerCameraRig.cs"
"Assets/_Project/Scripts/Gameplay/HectonPlayerEnvironmentHandler.cs"
"Assets/_Project/Scripts/Gameplay/HectonPlayerHealth.cs"
"Assets/_Project/Scripts/Gameplay/HectonPlayerInputHandler.cs"
"Assets/_Project/Scripts/Gameplay/HectonPlayerMotor.cs"
"Assets/_Project/Scripts/Gameplay/HectonPlayerState.cs"
"Assets/_Project/Scripts/Gameplay/HectonPlayerStateMachine.cs"
"Assets/_Project/Scripts/Gameplay/HectonScanRenderRegistry.cs"
"Assets/_Project/Scripts/Gameplay/HectonScannedRenderTarget.cs"
"Assets/_Project/Scripts/Gameplay/HectonSubmarineOS.cs"
"Assets/_Project/Scripts/Gameplay/HostileFlora.cs"
"Assets/_Project/Scripts/Gameplay/IEnvironmentHandler.cs"
"Assets/_Project/Scripts/Gameplay/IHectonPlayerEnvironmentHandler.cs"
"Assets/_Project/Scripts/Gameplay/IHectonPlayerStateMachine.cs"
"Assets/_Project/Scripts/Gameplay/IKinematicVehicleTransportSource.cs"
"Assets/_Project/Scripts/Gameplay/IMotorForces.cs"
"Assets/_Project/Scripts/Gameplay/IPlayerTransportLifecycleOwner.cs"
"Assets/_Project/Scripts/Gameplay/IPlayerTransportSource.cs"
"Assets/_Project/Scripts/Gameplay/ISubmarineRuntimeContext.cs"
"Assets/_Project/Scripts/Gameplay/ITowSnapReceiver.cs"
"Assets/_Project/Scripts/Gameplay/ITransportPlatform.cs"
"Assets/_Project/Scripts/Gameplay/ItemHighlight.cs"
"Assets/_Project/Scripts/Gameplay/LifePodDamageSystem.cs"
"Assets/_Project/Scripts/Gameplay/LifePodFireExtinguisherNozzle.cs"
"Assets/_Project/Scripts/Gameplay/LifePodTactilePrologueController.cs"
"Assets/_Project/Scripts/Gameplay/MantaEmergencyWreck.cs"
"Assets/_Project/Scripts/Gameplay/MantaScooter.cs"
"Assets/_Project/Scripts/Gameplay/MessageTerminal.cs"
"Assets/_Project/Scripts/Gameplay/MeteorSplashQuadVfx.cs"
"Assets/_Project/Scripts/Gameplay/MissionData.cs"
"Assets/_Project/Scripts/Gameplay/MissionManager.cs"
"Assets/_Project/Scripts/Gameplay/MountablePlayerTransport.cs"
"Assets/_Project/Scripts/Gameplay/OxygenBubble.cs"
"Assets/_Project/Scripts/Gameplay/OxygenPlant.cs"
"Assets/_Project/Scripts/Gameplay/PDAExchangeSystem.cs"
"Assets/_Project/Scripts/Gameplay/PlayerActionController.cs"
"Assets/_Project/Scripts/Gameplay/PlayerDeathReconciliationBridge.cs"
"Assets/_Project/Scripts/Gameplay/PlayerExpressionManager.cs"
"Assets/_Project/Scripts/Gameplay/PlayerExpressionProfile.cs"
"Assets/_Project/Scripts/Gameplay/PlayerKinematicsRuntime.cs"
"Assets/_Project/Scripts/Gameplay/PlayerMovementBrineRuntimeSystem.cs"
"Assets/_Project/Scripts/Gameplay/PlayerNoiseEmitter.cs"
"Assets/_Project/Scripts/Gameplay/PlayerSignalEvents.cs"
"Assets/_Project/Scripts/Gameplay/PlayerSwimBlockoutRig.Body.cs"
"Assets/_Project/Scripts/Gameplay/PlayerSwimBlockoutRig.cs"
"Assets/_Project/Scripts/Gameplay/PlayerSwimMotor.cs"
"Assets/_Project/Scripts/Gameplay/PlayerSwimPresentationController.cs"
"Assets/_Project/Scripts/Gameplay/PlayerSwimPresentationMode.cs"
"Assets/_Project/Scripts/Gameplay/PlayerToolSwimContract.cs"
"Assets/_Project/Scripts/Gameplay/PlayerToolSwimHandedness.cs"
"Assets/_Project/Scripts/Gameplay/PlayerTransportBinder.cs"
"Assets/_Project/Scripts/Gameplay/PlayerTransportCoordinator.cs"
"Assets/_Project/Scripts/Gameplay/PlayerTransportFeelContract.cs"
"Assets/_Project/Scripts/Gameplay/PlayerTransportOccupancyMode.cs"
"Assets/_Project/Scripts/Gameplay/PlayerTransportOrientationMode.cs"
"Assets/_Project/Scripts/Gameplay/PlayerTransportPreset.cs"
"Assets/_Project/Scripts/Gameplay/ProceduralFabrikArmJobs.cs"
"Assets/_Project/Scripts/Gameplay/RadiationHazard.cs"
"Assets/_Project/Scripts/Gameplay/RadiationHazardGrid.cs"
"Assets/_Project/Scripts/Gameplay/RandomEventMeteorMath.cs"
"Assets/_Project/Scripts/Gameplay/RandomEventSystem.cs"
"Assets/_Project/Scripts/Gameplay/ResearchDirector.cs"
"Assets/_Project/Scripts/Gameplay/RuntimeSurvivalStats.cs"
"Assets/_Project/Scripts/Gameplay/SargassumCutResponder.cs"
"Assets/_Project/Scripts/Gameplay/SargassumMovementInfluence.cs"
"Assets/_Project/Scripts/Gameplay/SargassumPhysicsZone.cs"
"Assets/_Project/Scripts/Gameplay/ScannableFragment.cs"
"Assets/_Project/Scripts/Gameplay/ScannerDataMiningRouter.cs"
"Assets/_Project/Scripts/Gameplay/SealedDoor.cs"
"Assets/_Project/Scripts/Gameplay/SolarPanel.cs"
"Assets/_Project/Scripts/Gameplay/SomaticKinematicsRuntime.cs"
"Assets/_Project/Scripts/Gameplay/SomaticSurvivalMath.cs"
"Assets/_Project/Scripts/Gameplay/StorageCrate.cs"
"Assets/_Project/Scripts/Gameplay/SubmarineAutoLevelBallastController.cs"
"Assets/_Project/Scripts/Gameplay/SubmarineCompoundColliderAuthoring.cs"
"Assets/_Project/Scripts/Gameplay/SubmarineCoreDirector.cs"
"Assets/_Project/Scripts/Gameplay/SubmarineProfile.cs"
"Assets/_Project/Scripts/Gameplay/SubmarineStationKeepingController.cs"
"Assets/_Project/Scripts/Gameplay/SuitMeshUpdateEvents.cs"
"Assets/_Project/Scripts/Gameplay/SuitUpgradeData.cs"
"Assets/_Project/Scripts/Gameplay/SuitUpgradeManager.cs"
"Assets/_Project/Scripts/Gameplay/SuitUpgradeResolver.cs"
"Assets/_Project/Scripts/Gameplay/SurvivalPhysiologyScalarJob.cs"
"Assets/_Project/Scripts/Gameplay/SurvivalStatusMasks.cs"
"Assets/_Project/Scripts/Gameplay/SwimPresentationProfile.cs"
"Assets/_Project/Scripts/Gameplay/SwimPresentationProfileLibrary.cs"
"Assets/_Project/Scripts/Gameplay/ToolEffectEvents.cs"
"Assets/_Project/Scripts/Gameplay/ToxinHazard.cs"
"Assets/_Project/Scripts/Gameplay/TransportChargingStation.cs"
"Assets/_Project/Scripts/Gameplay/TraumaDispatcher.cs"
"Assets/_Project/Scripts/Gameplay/VRSomaticProvider.Comfort.cs"
"Assets/_Project/Scripts/Gameplay/VRSomaticProvider.cs"
"Assets/_Project/Scripts/Gameplay/VRSomaticRuntimeBootstrap.cs"
"Assets/_Project/Scripts/Gameplay/VehicleCommandSignals.cs"
"Assets/_Project/Scripts/Gameplay/VehicleMotor.cs"
"Assets/_Project/Scripts/Gameplay/VehicleUpgradeModule.cs"
"Assets/_Project/Scripts/Gameplay/WaterTransitionHandler.cs"
"Assets/_Project/Scripts/GlobalPhysicsStateManager.cs"
"Assets/_Project/Scripts/Graphics/VR/FoveatedRenderCommander.cs"
"Assets/_Project/Scripts/GravityTetherTool.cs"
"Assets/_Project/Scripts/HUDNotification.cs"
"Assets/_Project/Scripts/HUDQuickBar.cs"
"Assets/_Project/Scripts/HarpoonLauncherTool.cs"
"Assets/_Project/Scripts/HectonAtmosphereManager.cs"
"Assets/_Project/Scripts/HectonBiomeFamilyProfile.cs"
"Assets/_Project/Scripts/HectonBiomeLandmarkPlanProfile.cs"
"Assets/_Project/Scripts/HectonBiomeMatrixCatalog.cs"
"Assets/_Project/Scripts/HectonBiomeMatrixProfile.cs"
"Assets/_Project/Scripts/HectonBiomePlayProfile.cs"
"Assets/_Project/Scripts/HectonBiomeProfile.cs"
"Assets/_Project/Scripts/HectonBiomeRegistry.cs"
"Assets/_Project/Scripts/HectonBiomeResourceChannelProfile.cs"
"Assets/_Project/Scripts/HectonBiomeResourcePlanProfile.cs"
"Assets/_Project/Scripts/HectonBiomeSpatialPatternProfile.cs"
"Assets/_Project/Scripts/HectonBoidController.cs"
"Assets/_Project/Scripts/HectonCelestialEngine.cs"
"Assets/_Project/Scripts/HectonContactJob.cs"
"Assets/_Project/Scripts/HectonDirectorAI.cs"
"Assets/_Project/Scripts/HectonDiscoveryManager.cs"
"Assets/_Project/Scripts/HectonFabricatorUI.cs"
"Assets/_Project/Scripts/HectonFaunaFamilyProfile.cs"
"Assets/_Project/Scripts/HectonFloatingOrigin.cs"
"Assets/_Project/Scripts/HectonFluidEngine.cs"
"Assets/_Project/Scripts/HectonInventoryUI.cs"
"Assets/_Project/Scripts/HectonItem.cs"
"Assets/_Project/Scripts/HectonNarrativeDirector.cs"
"Assets/_Project/Scripts/HectonOceanKinematicsBridgeBase.cs"
"Assets/_Project/Scripts/HectonOceanPalette.cs"
"Assets/_Project/Scripts/HectonOceanRegistry.cs"
"Assets/_Project/Scripts/HectonPlayerMovement.cs"
"Assets/_Project/Scripts/HectonPlayerSpawner.cs"
"Assets/_Project/Scripts/HectonRockManager.cs"
"Assets/_Project/Scripts/HectonScanMarkerSystem.cs"
"Assets/_Project/Scripts/HectonSocketHelper.cs"
"Assets/_Project/Scripts/HectonSuitHUDExtensions.cs"
"Assets/_Project/Scripts/HectonSuitHUD_v4.cs"
"Assets/_Project/Scripts/HectonSurvivalSystem.cs"
"Assets/_Project/Scripts/HectonUnderwaterVisuals.cs"
"Assets/_Project/Scripts/HectonVoxelEngine.cs"
"Assets/_Project/Scripts/HectonVoxelVolume.cs"
"Assets/_Project/Scripts/HectonWorldGenerator.cs"
"Assets/_Project/Scripts/HydrationScheduler.cs"
"Assets/_Project/Scripts/ICuttable.cs"
"Assets/_Project/Scripts/IFabricator.cs"
"Assets/_Project/Scripts/IHectonOceanKinematics.cs"
"Assets/_Project/Scripts/IOceanKinematics.cs"
"Assets/_Project/Scripts/IOriginShiftListener.cs"
"Assets/_Project/Scripts/IPoolable.cs"
"Assets/_Project/Scripts/IPowerComponent.cs"
"Assets/_Project/Scripts/ISaveable.cs"
"Assets/_Project/Scripts/ITickable.cs"
"Assets/_Project/Scripts/Interaction/EquipmentInteractionContracts.cs"
"Assets/_Project/Scripts/Interaction/EquipmentInteractionHandler.cs"
"Assets/_Project/Scripts/Interaction/HeavyCarryInteractable.cs"
"Assets/_Project/Scripts/Interaction/IInteractable.cs"
"Assets/_Project/Scripts/Interaction/IKinematicRepairTarget.cs"
"Assets/_Project/Scripts/Interaction/InteractableRegistry.cs"
"Assets/_Project/Scripts/Interaction/InteractionEvents.cs"
"Assets/_Project/Scripts/Interaction/InteractionUI.cs"
"Assets/_Project/Scripts/Interaction/InventoryPickupContracts.cs"
"Assets/_Project/Scripts/Interaction/KinematicTerminalInteractionBridge.cs"
"Assets/_Project/Scripts/Interaction/LifePodSeatStrapCoordinator.cs"
"Assets/_Project/Scripts/Interaction/LifePodSeatStrapLatch.cs"
"Assets/_Project/Scripts/Interaction/PhysicalBatteryCompartment.cs"
"Assets/_Project/Scripts/Interaction/PhysicalHandController.cs"
"Assets/_Project/Scripts/Interaction/PhysicalHandReceiverRegistry.cs"
"Assets/_Project/Scripts/Interaction/PhysicalHandSide.cs"
"Assets/_Project/Scripts/Interaction/PhysicalInteractionHandler.cs"
"Assets/_Project/Scripts/Interaction/PhysicalSnapSwitch.cs"
"Assets/_Project/Scripts/Interaction/PhysicalToolGripOffsets.cs"
"Assets/_Project/Scripts/Interaction/PlayerInteraction.cs"
"Assets/_Project/Scripts/Interaction/SaveStation.cs"
"Assets/_Project/Scripts/Interaction/SuitDamageEvents.cs"
"Assets/_Project/Scripts/Interaction/VRCableDragPlug.cs"
"Assets/_Project/Scripts/Interaction/VRInteractionKinematicBridge.cs"
"Assets/_Project/Scripts/Interaction/VRLeakPatchWeldTarget.cs"
"Assets/_Project/Scripts/Interaction/VRValveWheelHandle.cs"
"Assets/_Project/Scripts/InteractionHighlighter.cs"
"Assets/_Project/Scripts/Inventory/InventorySoAUtility.cs"
"Assets/_Project/Scripts/Inventory/ItemPhysicalMetadata.cs"
"Assets/_Project/Scripts/Inventory/ItemTemplateRegistry.cs"
"Assets/_Project/Scripts/Inventory/PressurizedContainer.cs"
"Assets/_Project/Scripts/Inventory/Shinobu19EconomyLedger.cs"
"Assets/_Project/Scripts/InventoryEvents.cs"
"Assets/_Project/Scripts/InventoryGrid.cs"
"Assets/_Project/Scripts/ItemCatalog.cs"
"Assets/_Project/Scripts/ItemData.cs"
"Assets/_Project/Scripts/Items/PickupItem.cs"
"Assets/_Project/Scripts/KnifeTool.cs"
"Assets/_Project/Scripts/LandingImpactVFX.cs"
"Assets/_Project/Scripts/LaserCutter.cs"
"Assets/_Project/Scripts/LightDetectionSystem.cs"
"Assets/_Project/Scripts/LocKeys.Generated.cs"
"Assets/_Project/Scripts/LocNumericBuffer.cs"
"Assets/_Project/Scripts/LocRegistry.cs"
"Assets/_Project/Scripts/LocalizationEvents.cs"
"Assets/_Project/Scripts/LocalizationKeys.cs"
"Assets/_Project/Scripts/LocalizationManager.cs"
"Assets/_Project/Scripts/LocalizedAudioClipSet.cs"
"Assets/_Project/Scripts/LocalizedInlineIconResolver.cs"
"Assets/_Project/Scripts/LocalizedMeasurementFormatter.cs"
"Assets/_Project/Scripts/LocalizedSpriteRenderer.cs"
"Assets/_Project/Scripts/LocalizedTextReference.cs"
"Assets/_Project/Scripts/LocalizedWorldSign.cs"
"Assets/_Project/Scripts/LogicSpannerTool.cs"
"Assets/_Project/Scripts/MainMenuController.cs"
"Assets/_Project/Scripts/MainMenuInputRoutingGuard.cs"
"Assets/_Project/Scripts/MapMagicBridge.cs"
"Assets/_Project/Scripts/Meta/DifficultyModifierData.cs"
"Assets/_Project/Scripts/Meta/DynamicDifficultyDirector.cs"
"Assets/_Project/Scripts/Meta/GlobalProfileData.cs"
"Assets/_Project/Scripts/Meta/GlobalProfileManager.cs"
"Assets/_Project/Scripts/Meta/MetaBuffInjector.cs"
"Assets/_Project/Scripts/Meta/MetaProfileUtility.cs"
"Assets/_Project/Scripts/Meta/MetaRuntimeInstaller.cs"
"Assets/_Project/Scripts/Meta/MetaUpgradeRegistry.cs"
"Assets/_Project/Scripts/Meta/RunModifierController.cs"
"Assets/_Project/Scripts/ModalWindow.cs"
"Assets/_Project/Scripts/ModdingAPI/Editor/ModApiSandboxTunerWindow.cs"
"Assets/_Project/Scripts/ModdingAPI/Editor/ModKernelInspectorWindow.cs"
"Assets/_Project/Scripts/ModdingAPI/FutureCommandSandboxValidator.cs"
"Assets/_Project/Scripts/ModdingAPI/HectonAPI.cs"
"Assets/_Project/Scripts/ModdingAPI/HectonEventBus.cs"
"Assets/_Project/Scripts/ModdingAPI/HectonGameEvents.cs"
"Assets/_Project/Scripts/ModdingAPI/IHectonMod.cs"
"Assets/_Project/Scripts/ModdingAPI/IModResourceProxy.cs"
"Assets/_Project/Scripts/ModdingAPI/IllegalContractException.cs"
"Assets/_Project/Scripts/ModdingAPI/ModAssetManager.cs"
"Assets/_Project/Scripts/ModdingAPI/ModCommandDispatcher.cs"
"Assets/_Project/Scripts/ModdingAPI/ModEventContracts.cs"
"Assets/_Project/Scripts/ModdingAPI/ModEventProjectionBridge.cs"
"Assets/_Project/Scripts/ModdingAPI/ModLoader.cs"
"Assets/_Project/Scripts/ModdingAPI/ModLocalizationBridge.cs"
"Assets/_Project/Scripts/ModdingAPI/ModMenuModEntryView.cs"
"Assets/_Project/Scripts/ModdingAPI/ModMenuSettingSliderView.cs"
"Assets/_Project/Scripts/ModdingAPI/ModMenuSettingToggleView.cs"
"Assets/_Project/Scripts/ModdingAPI/ModMenuUIController.cs"
"Assets/_Project/Scripts/ModdingAPI/ModMetadata.cs"
"Assets/_Project/Scripts/ModdingAPI/ModRegistryEvents.cs"
"Assets/_Project/Scripts/ModdingAPI/ModRuntimeInfo.cs"
"Assets/_Project/Scripts/ModdingAPI/ModRuntimeState.cs"
"Assets/_Project/Scripts/ModdingAPI/ModSettingsRegistry.cs"
"Assets/_Project/Scripts/ModdingAPI/ModSpatialContracts.cs"
"Assets/_Project/Scripts/ModdingAPI/ModWorldPersistenceManager.cs"
"Assets/_Project/Scripts/ModularEquipmentEngine.cs"
"Assets/_Project/Scripts/ModuleCatalog.cs"
"Assets/_Project/Scripts/ModuleMarker.cs"
"Assets/_Project/Scripts/ModuleSocket.cs"
"Assets/_Project/Scripts/ModuleStatusEvents.cs"
"Assets/_Project/Scripts/Narrative/ColonistLoreRegistry.cs"
"Assets/_Project/Scripts/Narrative/CorporateOrderSystem.cs"
"Assets/_Project/Scripts/Narrative/DeepReachCorporationData.cs"
"Assets/_Project/Scripts/Narrative/FaunaLoreRegistry.cs"
"Assets/_Project/Scripts/Narrative/LoreDatabaseManager.cs"
"Assets/_Project/Scripts/Narrative/LoreEncyclopediaLazyProxy.cs"
"Assets/_Project/Scripts/Narrative/LoreMmfEncyclopedia.cs"
"Assets/_Project/Scripts/Narrative/NarrativeRuntimeInstaller.cs"
"Assets/_Project/Scripts/Narrative/ProceduralLoreDirector.cs"
"Assets/_Project/Scripts/NarrativeDiscovery.cs"
"Assets/_Project/Scripts/NarrativeEvents.cs"
"Assets/_Project/Scripts/Networking/HectonNetworkManager.cs"
"Assets/_Project/Scripts/Networking/HectonRollbackNetcodeRuntime.cs"
"Assets/_Project/Scripts/Networking/RollbackNetcodeContracts.cs"
"Assets/_Project/Scripts/NoiseSystem.cs"
"Assets/_Project/Scripts/ObjectPoolDiagnostics.cs"
"Assets/_Project/Scripts/ObjectPoolManager.cs"
"Assets/_Project/Scripts/ObserverRelativeCelestialBody.cs"
"Assets/_Project/Scripts/OmegaSurvivalKinematicsSmokeTester.cs"
"Assets/_Project/Scripts/Optimization/AssetLifecycleGovernor.cs"
"Assets/_Project/Scripts/Optimization/AssetLoadDispatcher.cs"
"Assets/_Project/Scripts/Optimization/AssetRecord.cs"
"Assets/_Project/Scripts/Optimization/CameraRTManager.cs"
"Assets/_Project/Scripts/Optimization/GeneratedAssetGuidIdTable.cs"
"Assets/_Project/Scripts/Optimization/HardwareProfiler.cs"
"Assets/_Project/Scripts/Optimization/PostFXRTManager.cs"
"Assets/_Project/Scripts/Optimization/PreInitAssetIdMap.cs"
"Assets/_Project/Scripts/Optimization/RenderTextureAllocationRecord.cs"
"Assets/_Project/Scripts/Optimization/RenderTextureLifecycleTracker.cs"
"Assets/_Project/Scripts/Optimization/RenderTexturePool.cs"
"Assets/_Project/Scripts/Optimization/UIRTManager.cs"
"Assets/_Project/Scripts/Optimization/VRAMBudgetThresholds.cs"
"Assets/_Project/Scripts/Optimization/VRAMEnforcer.cs"
"Assets/_Project/Scripts/Optimization/VRAMMonitor.cs"
"Assets/_Project/Scripts/Optimization/VRAMOptimizationBootstrap.cs"
"Assets/_Project/Scripts/Optimization/VRAMPressureMonitor.cs"
"Assets/_Project/Scripts/Optimization/VisorRTManager.cs"
"Assets/_Project/Scripts/OriginShiftEventData.cs"
"Assets/_Project/Scripts/PDA/PDALogbookManager.cs"
"Assets/_Project/Scripts/PDA/PDAMarkerHUDElement.cs"
"Assets/_Project/Scripts/PDA/PDAMarkerRegistry.cs"
"Assets/_Project/Scripts/PDA/PDARuntimeInstaller.cs"
"Assets/_Project/Scripts/PDA/PDAUtility.cs"
"Assets/_Project/Scripts/PDA/PlayerExplorationTracker.cs"
"Assets/_Project/Scripts/PDAInventoryTab.cs"
"Assets/_Project/Scripts/PerformanceMonitor.cs"
"Assets/_Project/Scripts/PersistentIDConverter.cs"
"Assets/_Project/Scripts/Physics/Buoyancy/AnalyticalGerstnerWaveContracts.cs"
"Assets/_Project/Scripts/Physics/Buoyancy/AnalyticalGerstnerWaveJobs.cs"
"Assets/_Project/Scripts/Physics/Buoyancy/AnalyticalGerstnerWaveRuntime.cs"
"Assets/_Project/Scripts/Physics/Buoyancy/AnalyticalWaveTunerWindow.Editor.cs"
"Assets/_Project/Scripts/Physics/Buoyancy/BuoyancyDisplacementContracts.cs"
"Assets/_Project/Scripts/Physics/Buoyancy/BuoyancyDisplacementJobs.cs"
"Assets/_Project/Scripts/Physics/Buoyancy/BuoyancyDisplacementRuntime.cs"
"Assets/_Project/Scripts/Physics/Buoyancy/BuoyancySimdVectorization.cs"
"Assets/_Project/Scripts/Physics/Buoyancy/GlobalPhysicsStateManager.BuoyancyBridge.cs"
"Assets/_Project/Scripts/Physics/Buoyancy/PhysicsApplySystem.BuoyancyQueue.cs"
"Assets/_Project/Scripts/Physics/CablePhysicsDebugGizmo132.cs"
"Assets/_Project/Scripts/Physics/CablePhysicsSolver132.cs"
"Assets/_Project/Scripts/Physics/Cavitation/AbyssalCavitationContracts.cs"
"Assets/_Project/Scripts/Physics/Cavitation/AbyssalCavitationRuntime.cs"
"Assets/_Project/Scripts/Physics/Editor/HabitatFluidIncursionTunerWindow.cs"
"Assets/_Project/Scripts/Physics/Exosuit/Editor/ExosuitKinematicsTunerWindow.cs"
"Assets/_Project/Scripts/Physics/Exosuit/Editor/Exosuit_Physics_Inquisition.cs"
"Assets/_Project/Scripts/Physics/Exosuit/ExosuitKinematicsContracts.cs"
"Assets/_Project/Scripts/Physics/Exosuit/ExosuitKinematicsJobs.cs"
"Assets/_Project/Scripts/Physics/Exosuit/ExosuitKinematicsRuntime.cs"
"Assets/_Project/Scripts/Physics/FluidFeedbackListener.cs"
"Assets/_Project/Scripts/Physics/FluidMathCore.cs"
"Assets/_Project/Scripts/Physics/GlobalPhysicsStateManager.Shinobu37PhysicsCulling.cs"
"Assets/_Project/Scripts/Physics/GlobalPhysicsStateManager.WakeRequests.cs"
"Assets/_Project/Scripts/Physics/HabitatFluidIncursionContracts.cs"
"Assets/_Project/Scripts/Physics/HabitatFluidIncursionCsv.cs"
"Assets/_Project/Scripts/Physics/HabitatFluidIncursionDirector.cs"
"Assets/_Project/Scripts/Physics/HabitatFluidIncursionJobs.cs"
"Assets/_Project/Scripts/Physics/KCC/HydrodynamicKccRuntime.cs"
"Assets/_Project/Scripts/Physics/KCC/KinematicSleepStateJobs.cs"
"Assets/_Project/Scripts/Physics/KCC/SdfSqueezeJob.cs"
"Assets/_Project/Scripts/Physics/PhysicsDeterminismSignals.cs"
"Assets/_Project/Scripts/Physics/Seaglide/Editor/SeaglideHydrodynamicsEditorTools.cs"
"Assets/_Project/Scripts/Physics/Seaglide/PhysicsApplySystem.SeaglideQueue.cs"
"Assets/_Project/Scripts/Physics/Seaglide/SeaglideHydrodynamicsContracts.cs"
"Assets/_Project/Scripts/Physics/Seaglide/SeaglideHydrodynamicsJobs.cs"
"Assets/_Project/Scripts/Physics/Seaglide/SeaglideHydrodynamicsRuntime.cs"
"Assets/_Project/Scripts/Physics/Seaglide/SeaglideVehicleProfileCsv.cs"
"Assets/_Project/Scripts/Physics/TetherAupVerletJobs.cs"
"Assets/_Project/Scripts/Physics/TetherBlackBoxDumpWriter.cs"
"Assets/_Project/Scripts/Physics/TetherSignals.cs"
"Assets/_Project/Scripts/Physics/TetherVerletJobs.cs"
"Assets/_Project/Scripts/Physics/Vehicles/Automation/DockingAutopilotService.cs"
"Assets/_Project/Scripts/Physics/Vehicles/Automation/Editor/SubmarineAutopilotTunerWindow.cs"
"Assets/_Project/Scripts/Physics/Vehicles/Automation/SubmarineAutopilotSdfNavigator.cs"
"Assets/_Project/Scripts/Physics/Vehicles/SubmarineDynamicsContracts.cs"
"Assets/_Project/Scripts/Physics/Vehicles/SubmarineDynamicsRuntime.cs"
"Assets/_Project/Scripts/Physics/Vehicles/VehicleComponentDamageContracts.cs"
"Assets/_Project/Scripts/Physics/Vehicles/VehicleComponentDamageJobs.cs"
"Assets/_Project/Scripts/Physics/Vehicles/VehicleComponentDamageRuntime.cs"
"Assets/_Project/Scripts/Physics/VerletCableDTOs.cs"
"Assets/_Project/Scripts/PhysicsApplySystem.cs"
"Assets/_Project/Scripts/PlayerBuilder.cs"
"Assets/_Project/Scripts/PlayerFlashlight.cs"
"Assets/_Project/Scripts/PlayerFootstepAudio.cs"
"Assets/_Project/Scripts/PlayerInventory.cs"
"Assets/_Project/Scripts/PlayerLocomotionMode.cs"
"Assets/_Project/Scripts/PlayerPDA.cs"
"Assets/_Project/Scripts/PlayerThrusterAudio.cs"
"Assets/_Project/Scripts/PlayerTool.cs"
"Assets/_Project/Scripts/PlayerToolManager.cs"
"Assets/_Project/Scripts/Power/LogisticsNetworkGraph.cs"
"Assets/_Project/Scripts/Power/PowerGridJacobiContracts.cs"
"Assets/_Project/Scripts/Power/PowerGridModuleData.cs"
"Assets/_Project/Scripts/Power/PowerGridTelemetryEvents.cs"
"Assets/_Project/Scripts/Power/PowerRelayNode.cs"
"Assets/_Project/Scripts/Power/ReactorCoreProfile.cs"
"Assets/_Project/Scripts/Power/ShinobuLogisticsRouter.cs"
"Assets/_Project/Scripts/Power/SolverConvergenceXRayWindow.cs"
"Assets/_Project/Scripts/Power/SubmarineOsThermalGridGizmo.cs"
"Assets/_Project/Scripts/Power/SubmarineOsThermalGridRuntime.cs"
"Assets/_Project/Scripts/Power/WfcOutpostGridRegistry.cs"
"Assets/_Project/Scripts/Power/WfcOutpostPowerBootRuntime.cs"
"Assets/_Project/Scripts/PowerGrid.cs"
"Assets/_Project/Scripts/PowerGridManager.cs"
"Assets/_Project/Scripts/PowerNode.cs"
"Assets/_Project/Scripts/PrefabRegistry.cs"
"Assets/_Project/Scripts/ProceduralFamily_Fauna.cs"
"Assets/_Project/Scripts/ProfilerRegistry.cs"
"Assets/_Project/Scripts/Progression/NarrativeProgressionBridge.cs"
"Assets/_Project/Scripts/Progression/PDAContextualAdvisorySystem.cs"
"Assets/_Project/Scripts/Progression/PlayerAchievementRegistry.cs"
"Assets/_Project/Scripts/Progression/ProgressionRuntimeInstaller.cs"
"Assets/_Project/Scripts/PropulsionTool.cs"
"Assets/_Project/Scripts/ProximityColliderSystem.cs"
"Assets/_Project/Scripts/QueryCacheContext.cs"
"Assets/_Project/Scripts/Quest/MissionMarkerSystem.cs"
"Assets/_Project/Scripts/Quest/NarrativeDagInspectorWindow.cs"
"Assets/_Project/Scripts/Quest/QuestDagDataLoading.cs"
"Assets/_Project/Scripts/Quest/QuestDagMockSignalJobs.cs"
"Assets/_Project/Scripts/Quest/QuestDagResolverRuntime.cs"
"Assets/_Project/Scripts/Quest/QuestDagRuntimeTypes.cs"
"Assets/_Project/Scripts/Quest/QuestData.cs"
"Assets/_Project/Scripts/Quest/QuestEvents.cs"
"Assets/_Project/Scripts/Quest/QuestGraphEvaluator.cs"
"Assets/_Project/Scripts/Quest/QuestManager.cs"
"Assets/_Project/Scripts/Quest/QuestRuntimeTypes.cs"
"Assets/_Project/Scripts/Quest/QuestStateManager.cs"
"Assets/_Project/Scripts/RTLProcessor.cs"
"Assets/_Project/Scripts/RaycastBatchHelper.cs"
"Assets/_Project/Scripts/RecipeData.cs"
"Assets/_Project/Scripts/Rendering/AbyssalCaustics/AbyssalCausticsContracts.cs"
"Assets/_Project/Scripts/Rendering/AbyssalCaustics/AbyssalDeferredCausticsRuntime.cs"
"Assets/_Project/Scripts/Rendering/AbyssalCaustics/Editor/AbyssalCausticsLayoutAudit.cs"
"Assets/_Project/Scripts/Rendering/AbyssalCaustics/Editor/AbyssalCausticsTunerWindow.cs"
"Assets/_Project/Scripts/Rendering/AbyssalCaustics/HectonDeferredCausticsFeature.cs"
"Assets/_Project/Scripts/Rendering/GlobalShaderDispatcher.cs"
"Assets/_Project/Scripts/Rendering/HectonShaderGlobalDataVaultBridge.cs"
"Assets/_Project/Scripts/Rendering/HectonUberNoirRuntimeBridge.cs"
"Assets/_Project/Scripts/Rendering/LutArrayResolver.cs"
"Assets/_Project/Scripts/Rendering/Scatter/GpuScatterLodManager.cs"
"Assets/_Project/Scripts/RepairTool.cs"
"Assets/_Project/Scripts/ResourceNode.cs"
"Assets/_Project/Scripts/RockAttachmentData.cs"
"Assets/_Project/Scripts/RockDataLink.cs"
"Assets/_Project/Scripts/RuntimeDiagnosticsTrace.cs"
"Assets/_Project/Scripts/RuntimeInstanceId.cs"
"Assets/_Project/Scripts/RuntimePerformanceProfiler.cs"
"Assets/_Project/Scripts/SalvageSamplerTool.cs"
"Assets/_Project/Scripts/SaveBinaryPayloadCodec.cs"
"Assets/_Project/Scripts/SaveBinaryStorage.cs"
"Assets/_Project/Scripts/SaveBinaryStorageNativeArrayExtensions.cs"
"Assets/_Project/Scripts/SaveData.cs"
"Assets/_Project/Scripts/SaveDataMigration.cs"
"Assets/_Project/Scripts/SaveDataMigration_AupV8.cs"
"Assets/_Project/Scripts/SaveEvents.cs"
"Assets/_Project/Scripts/SaveIndexedSectorBoundsMath.cs"
"Assets/_Project/Scripts/SaveManager.cs"
"Assets/_Project/Scripts/SaveMetadata.cs"
"Assets/_Project/Scripts/SavePersistenceOmegaSmokeTester.cs"
"Assets/_Project/Scripts/SaveRecoverySmokeTester.cs"
"Assets/_Project/Scripts/SaveSidecarStorage.cs"
"Assets/_Project/Scripts/SaveSlotAuditResult.cs"
"Assets/_Project/Scripts/SaveSlotInfo.cs"
"Assets/_Project/Scripts/SaveSlotMaintenanceRecord.cs"
"Assets/_Project/Scripts/SaveSlotRepairResult.cs"
"Assets/_Project/Scripts/SaveSlotUI.cs"
"Assets/_Project/Scripts/SaveSystem/Editor/EntitySaveTunerWindow.cs"
"Assets/_Project/Scripts/SaveSystem/Editor/VoxelSaveTunerWindow.cs"
"Assets/_Project/Scripts/SaveSystem/EntityDeltaCompressionArchitecture.cs"
"Assets/_Project/Scripts/SaveSystem/EntityDeltaGizmoProbe.cs"
"Assets/_Project/Scripts/SaveSystem/H8BinaryWorldPager.cs"
"Assets/_Project/Scripts/SaveSystem/H8WalInspector.cs"
"Assets/_Project/Scripts/SaveSystem/SaveDeltaCompression.cs"
"Assets/_Project/Scripts/SaveSystem/SaveMasterHashV10.cs"
"Assets/_Project/Scripts/SaveSystem/SaveStateMerkleTree.cs"
"Assets/_Project/Scripts/SaveSystem/SteamCloudSaveConflictResolver.cs"
"Assets/_Project/Scripts/SaveSystem/VoxelDeltaCompressionArchitecture.cs"
"Assets/_Project/Scripts/SaveSystem/WalIntegrityFuzzerCore.cs"
"Assets/_Project/Scripts/SaveSystemRuntimeSmokeTester.cs"
"Assets/_Project/Scripts/SaveThumbnailCaptureFeature.cs"
"Assets/_Project/Scripts/SaveThumbnailSystem.cs"
"Assets/_Project/Scripts/ScanEvents.cs"
"Assets/_Project/Scripts/ScanLogSystem.cs"
"Assets/_Project/Scripts/ScanRuntimeSmokeTester.cs"
"Assets/_Project/Scripts/ScannableCategoryUtility.cs"
"Assets/_Project/Scripts/ScannableTarget.cs"
"Assets/_Project/Scripts/ScannerTool.cs"
"Assets/_Project/Scripts/ScatterBudgetController.cs"
"Assets/_Project/Scripts/ScavengePopulator.cs"
"Assets/_Project/Scripts/Scavenging/HarvestableTemplate.cs"
"Assets/_Project/Scripts/Scavenging/ResourceNodeTemplate.cs"
"Assets/_Project/Scripts/Scavenging/ScavengingLootOracle.cs"
"Assets/_Project/Scripts/SeamGapDitherRenderer.cs"
"Assets/_Project/Scripts/SeamRegistry.cs"
"Assets/_Project/Scripts/SkySystemFollowCamera.cs"
"Assets/_Project/Scripts/SpatialAudioManager.cs"
"Assets/_Project/Scripts/StringBuilderPool.cs"
"Assets/_Project/Scripts/StunPistolTool.cs"
"Assets/_Project/Scripts/SubmarineAtmosphereSystem.cs"
"Assets/_Project/Scripts/SubmarineElectrolysisModule.cs"
"Assets/_Project/Scripts/SubmarineFluidDynamics.cs"
"Assets/_Project/Scripts/SubmarineStructuralGrid.cs"
"Assets/_Project/Scripts/SuitData.cs"
"Assets/_Project/Scripts/SuitHUDProfile.cs"
"Assets/_Project/Scripts/SurfaceStateUtility.cs"
"Assets/_Project/Scripts/SurvivalKinematicsSmokeTester.cs"
"Assets/_Project/Scripts/SurvivalStats.cs"
"Assets/_Project/Scripts/TerrainChunkGeneratedEvents.cs"
"Assets/_Project/Scripts/TetherClass.cs"
"Assets/_Project/Scripts/TetherInstance.cs"
"Assets/_Project/Scripts/TetherManager.cs"
"Assets/_Project/Scripts/TetherProfileSO.cs"
"Assets/_Project/Scripts/ThermalGeyser.cs"
"Assets/_Project/Scripts/ThermalMeltSmokeTester.cs"
"Assets/_Project/Scripts/ThermalSurvivalSmokeTester.cs"
"Assets/_Project/Scripts/ThermalUpdraftVolume.cs"
"Assets/_Project/Scripts/ThreatCostTable.cs"
"Assets/_Project/Scripts/ToolHitUtility.cs"
"Assets/_Project/Scripts/ToolLoadoutProvisioner.cs"
"Assets/_Project/Scripts/ToolRuntimeSmokeTester.cs"
"Assets/_Project/Scripts/ToolStagingSpawner.cs"
"Assets/_Project/Scripts/ToolTrialRangeRuntimeSmokeTester.cs"
"Assets/_Project/Scripts/Tools/Editor/Cutter_Raycast_Inquisition.cs"
"Assets/_Project/Scripts/Tools/Editor/LaserCutterPhysicsTunerWindow.cs"
"Assets/_Project/Scripts/Tools/EquipmentHardwareSpecsCsvParser.cs"
"Assets/_Project/Scripts/Tools/EquipmentThermalBatteryContracts.cs"
"Assets/_Project/Scripts/Tools/HapticWaveformLibrary.cs"
"Assets/_Project/Scripts/Tools/IBatteryTool.cs"
"Assets/_Project/Scripts/Tools/LaserCutterDodContracts.cs"
"Assets/_Project/Scripts/Tools/LaserCutterDodDebugGizmo.cs"
"Assets/_Project/Scripts/Tools/LaserCutterDodJobs.cs"
"Assets/_Project/Scripts/Tools/LaserCutterDodRuntime.cs"
"Assets/_Project/Scripts/Tools/LaserCutterSpecsCsvParser.cs"
"Assets/_Project/Scripts/Tools/PauseSystemVerifier.cs"
"Assets/_Project/Scripts/Tools/PerformanceBudgetController.cs"
"Assets/_Project/Scripts/Tools/PerformanceMonitor.cs"
"Assets/_Project/Scripts/Tools/SceneTransitionVerifier.cs"
"Assets/_Project/Scripts/Tools/StateRecoveryVerifier.cs"
"Assets/_Project/Scripts/Tools/ToolDurabilitySystem.cs"
"Assets/_Project/Scripts/Tools/ToolHapticsRuntime.cs"
"Assets/_Project/Scripts/Tools/ToolLoadoutPreset.cs"
"Assets/_Project/Scripts/Tools/ToolMetadata.cs"
"Assets/_Project/Scripts/Tools/ToolModuleData.cs"
"Assets/_Project/Scripts/Tools/ToolUpgradeData.cs"
"Assets/_Project/Scripts/Tools/ToolUpgradeSystem.cs"
"Assets/_Project/Scripts/Tools/UpgradeMatrixCompiler.cs"
"Assets/_Project/Scripts/Tools/UpgradeMatrixDebugGizmo.cs"
"Assets/_Project/Scripts/Tools/VerificationRuntimeProbe.cs"
"Assets/_Project/Scripts/Tools/WfcLaserCutRuntime.cs"
"Assets/_Project/Scripts/UI/ARWaypointOverlay.cs"
"Assets/_Project/Scripts/UI/AcousticEcholocationTranslator.cs"
"Assets/_Project/Scripts/UI/AcousticRadarSphereRenderer.cs"
"Assets/_Project/Scripts/UI/ActionProgressHUD.cs"
"Assets/_Project/Scripts/UI/AnalogGaugeNeedle3D.cs"
"Assets/_Project/Scripts/UI/AudioWaveformAnimator.cs"
"Assets/_Project/Scripts/UI/BIOSMessageStreamer.cs"
"Assets/_Project/Scripts/UI/BabelSubtitleSyncRuntime.cs"
"Assets/_Project/Scripts/UI/BaseIntegrityHUD.cs"
"Assets/_Project/Scripts/UI/BeaconHUDElement.cs"
"Assets/_Project/Scripts/UI/BlackBoxMetricDashboard.cs"
"Assets/_Project/Scripts/UI/BuilderStatusOverlay.cs"
"Assets/_Project/Scripts/UI/CharBufferPool.cs"
"Assets/_Project/Scripts/UI/DiegeticGlitchSurgeonRuntime.cs"
"Assets/_Project/Scripts/UI/DiegeticHudManualLayout.cs"
"Assets/_Project/Scripts/UI/DiegeticHudTextNode.cs"
"Assets/_Project/Scripts/UI/DiegeticPDAController.cs"
"Assets/_Project/Scripts/UI/DiegeticPanelController.cs"
"Assets/_Project/Scripts/UI/DiegeticPdaFocusDistanceController.cs"
"Assets/_Project/Scripts/UI/DiegeticTooltipSystem.cs"
"Assets/_Project/Scripts/UI/DiegeticVisorHudMesh.cs"
"Assets/_Project/Scripts/UI/EngineHealthOverlay.cs"
"Assets/_Project/Scripts/UI/FakeRadarBlipController.cs"
"Assets/_Project/Scripts/UI/FontAssetRecovery.cs"
"Assets/_Project/Scripts/UI/FontStreamingManager.cs"
"Assets/_Project/Scripts/UI/GhostSignalUtility.cs"
"Assets/_Project/Scripts/UI/GlitchEncoder.cs"
"Assets/_Project/Scripts/UI/GlitchTable.cs"
"Assets/_Project/Scripts/UI/HUDSaveNotificationLink.cs"
"Assets/_Project/Scripts/UI/HectonOSBootManager.cs"
"Assets/_Project/Scripts/UI/HectonSubmarineOsDisplay.cs"
"Assets/_Project/Scripts/UI/HectonTextNode.cs"
"Assets/_Project/Scripts/UI/HectonUIScaler.cs"
"Assets/_Project/Scripts/UI/HphiReactiveUiTelemetry.cs"
"Assets/_Project/Scripts/UI/HudNumericStringCache.cs"
"Assets/_Project/Scripts/UI/InteractionUI.cs"
"Assets/_Project/Scripts/UI/LabelSwapScheduler.cs"
"Assets/_Project/Scripts/UI/LoadingScreenController.cs"
"Assets/_Project/Scripts/UI/LoadingTipsDisplay.cs"
"Assets/_Project/Scripts/UI/LocOverflowHandler.cs"
"Assets/_Project/Scripts/UI/LocalizedFontResolver.cs"
"Assets/_Project/Scripts/UI/LocalizedLayoutMirror.cs"
"Assets/_Project/Scripts/UI/LocalizedTMPAutoSizer.cs"
"Assets/_Project/Scripts/UI/LocalizedTextMadnessFx.cs"
"Assets/_Project/Scripts/UI/MainMenuAudioIntegration.cs"
"Assets/_Project/Scripts/UI/NotificationEvents.cs"
"Assets/_Project/Scripts/UI/PDAAtlasSignalTab.cs"
"Assets/_Project/Scripts/UI/PDABarterTab.cs"
"Assets/_Project/Scripts/UI/PDAConstructionTab.cs"
"Assets/_Project/Scripts/UI/PDAControlsRebindUI.cs"
"Assets/_Project/Scripts/UI/PDADataArchaeologyDecryptLabel.cs"
"Assets/_Project/Scripts/UI/PDADataLogTab.cs"
"Assets/_Project/Scripts/UI/PDADeathMemoryDump.cs"
"Assets/_Project/Scripts/UI/PDADecryptionSpectrogramPanel.cs"
"Assets/_Project/Scripts/UI/PDAEncyclopediaStreamer.cs"
"Assets/_Project/Scripts/UI/PDAIntrusionManager.cs"
"Assets/_Project/Scripts/UI/PDAInventoryFilterButton.cs"
"Assets/_Project/Scripts/UI/PDALoadoutTab.cs"
"Assets/_Project/Scripts/UI/PDAMapTab.cs"
"Assets/_Project/Scripts/UI/PDAShellChrome.cs"
"Assets/_Project/Scripts/UI/PDASpectrumTab.cs"
"Assets/_Project/Scripts/UI/PDATabButton.cs"
"Assets/_Project/Scripts/UI/PauseControlsPanel.cs"
"Assets/_Project/Scripts/UI/PauseMenuAudioIntegration.cs"
"Assets/_Project/Scripts/UI/PauseMenuController.cs"
"Assets/_Project/Scripts/UI/PauseMenuHost.cs"
"Assets/_Project/Scripts/UI/PdaH8lrLoreStore.cs"
"Assets/_Project/Scripts/UI/PhysicalPanelButton.cs"
"Assets/_Project/Scripts/UI/PhysicalPanelDial.cs"
"Assets/_Project/Scripts/UI/PhysicalTerminalKeyboard.cs"
"Assets/_Project/Scripts/UI/RelayHUDElement.cs"
"Assets/_Project/Scripts/UI/RelayHUDRuntimeBootstrap.cs"
"Assets/_Project/Scripts/UI/SaveSlotHoverPreview.cs"
"Assets/_Project/Scripts/UI/SaveSlotThumbnail.cs"
"Assets/_Project/Scripts/UI/SaveThumbnailCapture.cs"
"Assets/_Project/Scripts/UI/SettingsComparisonView.cs"
"Assets/_Project/Scripts/UI/SettingsLivePreview.cs"
"Assets/_Project/Scripts/UI/SettingsManager.cs"
"Assets/_Project/Scripts/UI/SettingsPanel.cs"
"Assets/_Project/Scripts/UI/SettingsPanelAnimator.cs"
"Assets/_Project/Scripts/UI/SettingsPanelProfiler.cs"
"Assets/_Project/Scripts/UI/ShaderCompassRibbon.cs"
"Assets/_Project/Scripts/UI/SonarHoloCompass.cs"
"Assets/_Project/Scripts/UI/SubmarineSonarHoloMapRenderer.cs"
"Assets/_Project/Scripts/UI/SubnauticaSystemsDebugUI.cs"
"Assets/_Project/Scripts/UI/SubtitleManager.cs"
"Assets/_Project/Scripts/UI/SuitAdvisoryController.cs"
"Assets/_Project/Scripts/UI/SuitHUDV4CanvasOverlay.cs"
"Assets/_Project/Scripts/UI/SurvivalHUDController.cs"
"Assets/_Project/Scripts/UI/TMP_TextRegistry.cs"
"Assets/_Project/Scripts/UI/TerminalOS/TerminalOsRuntime.cs"
"Assets/_Project/Scripts/UI/TerminalOS/TerminalOsTypes.cs"
"Assets/_Project/Scripts/UI/TopographicalSonar/TopographicalSonarSynthesizer.cs"
"Assets/_Project/Scripts/UI/UIAudioFeedback.cs"
"Assets/_Project/Scripts/UI/UIButtonAudioTrigger.cs"
"Assets/_Project/Scripts/UI/UIFadeTransition.cs"
"Assets/_Project/Scripts/UI/UIParticleEffect.cs"
"Assets/_Project/Scripts/UI/UIScreenShake.cs"
"Assets/_Project/Scripts/UI/UISliderValueDisplay.cs"
"Assets/_Project/Scripts/UI/UITooltip.cs"
"Assets/_Project/Scripts/UI/VehicleSubOsCockpitRuntime.cs"
"Assets/_Project/Scripts/UI/WorldSpaceTMPSharpnessController.cs"
"Assets/_Project/Scripts/UI/WristHologramHudRuntime.cs"
"Assets/_Project/Scripts/UIRuntimeSmokeTester.cs"
"Assets/_Project/Scripts/VFX/BiomeProfile.cs"
"Assets/_Project/Scripts/VFX/CameraJuiceSystem.cs"
"Assets/_Project/Scripts/VFX/HectonMarineSnowRenderer.cs"
"Assets/_Project/Scripts/VFX/NativeTrailRenderer.cs"
"Assets/_Project/Scripts/VFX/Parasites/ParasiteSwarmContracts.cs"
"Assets/_Project/Scripts/VFX/PropwashGpuContracts.cs"
"Assets/_Project/Scripts/VFX/ShakeProfile.cs"
"Assets/_Project/Scripts/VFX/VFXEmissionProfile.cs"
"Assets/_Project/Scripts/VFX/VfxComputeParticleBudgetCatalog.cs"
"Assets/_Project/Scripts/VFX/VolumetricFogContracts.cs"
"Assets/_Project/Scripts/VFX/VolumetricSiltContracts.cs"
"Assets/_Project/Scripts/VFX/Wakes/WakeDisplacementData.cs"
"Assets/_Project/Scripts/Vehicles/Automation/DroneDockingSignals.cs"
"Assets/_Project/Scripts/Visor/CausticsProjectorManager.cs"
"Assets/_Project/Scripts/Visor/DeferredDecalPass.cs"
"Assets/_Project/Scripts/Visor/DiegeticVisorLensRuntime.cs"
"Assets/_Project/Scripts/Visor/DiegeticVisorLensTypes.cs"
"Assets/_Project/Scripts/Visor/DynamicDecalGizmoVisualizer.cs"
"Assets/_Project/Scripts/Visor/DynamicDecalVaultRuntime.cs"
"Assets/_Project/Scripts/Visor/Editor/ScreenSpaceDecalTunerWindow.cs"
"Assets/_Project/Scripts/Visor/Editor/VisorHudArTunerWindow.cs"
"Assets/_Project/Scripts/Visor/HectonAbyssalSsdoFeature.cs"
"Assets/_Project/Scripts/Visor/HectonAtmosphereSootFeature.cs"
"Assets/_Project/Scripts/Visor/HectonBiolumSSGIFeature.cs"
"Assets/_Project/Scripts/Visor/HectonBiosDiagnosticFeature.cs"
"Assets/_Project/Scripts/Visor/HectonBiosDiagnosticState.cs"
"Assets/_Project/Scripts/Visor/HectonDrsRenderFeatureGate.cs"
"Assets/_Project/Scripts/Visor/HectonDryVolumeFeature.cs"
"Assets/_Project/Scripts/Visor/HectonDryVolumeStencilSource.cs"
"Assets/_Project/Scripts/Visor/HectonFillrateDepthPrepassFeature.cs"
"Assets/_Project/Scripts/Visor/HectonFlashlightVoxelShadowProvider.cs"
"Assets/_Project/Scripts/Visor/HectonFluidAdvectionRenderFeature.cs"
"Assets/_Project/Scripts/Visor/HectonHalfResParticlesFeature.cs"
"Assets/_Project/Scripts/Visor/HectonHolographicEdgeFeature.cs"
"Assets/_Project/Scripts/Visor/HectonNoirDepthFogFeature.cs"
"Assets/_Project/Scripts/Visor/HectonOverdrawHeatmapFeature.cs"
"Assets/_Project/Scripts/Visor/HectonRetinaDistortionFeature.cs"
"Assets/_Project/Scripts/Visor/HectonScannerProjectionFeature.cs"
"Assets/_Project/Scripts/Visor/HectonScooterVolumetricShaftsFeature.cs"
"Assets/_Project/Scripts/Visor/HectonSonarPointCloudFeature.cs"
"Assets/_Project/Scripts/Visor/HectonStochasticSsrFeature.cs"
"Assets/_Project/Scripts/Visor/HectonVRBrownoutFeature.cs"
"Assets/_Project/Scripts/Visor/HectonVRDiegeticFocusController.cs"
"Assets/_Project/Scripts/Visor/HectonVisorARStencilRendererFeature.cs"
"Assets/_Project/Scripts/Visor/HectonVisorFluidDistortionFeature.cs"
"Assets/_Project/Scripts/Visor/HectonVisorStencilPreviewGizmo.cs"
"Assets/_Project/Scripts/Visor/HectonVisorUberPostFeature.Noir.cs"
"Assets/_Project/Scripts/Visor/HectonVisorUberPostFeature.cs"
"Assets/_Project/Scripts/Visor/HectonVolumetricParticulateFogFeature.cs"
"Assets/_Project/Scripts/Visor/HectonVoxelSsaoFeature.cs"
"Assets/_Project/Scripts/Visor/InternalFloodWaterlineRuntime.cs"
"Assets/_Project/Scripts/Visor/PlayerStressVFX.cs"
"Assets/_Project/Scripts/Visor/SonarGridOverlay.cs"
"Assets/_Project/Scripts/Visor/SpectrumSystem.cs"
"Assets/_Project/Scripts/Visor/SuitHUDPresentationController.cs"
"Assets/_Project/Scripts/Visor/SuitHUDScreenCompositor.cs"
"Assets/_Project/Scripts/Visor/VisorHUDController.cs"
"Assets/_Project/Scripts/Visor/VolumetricLightFeature.cs"
"Assets/_Project/Scripts/VisualBudgetSmokeTester.cs"
"Assets/_Project/Scripts/VisualCascadeSmokeTester.cs"
"Assets/_Project/Scripts/VisualOmegaSmokeTester.cs"
"Assets/_Project/Scripts/VortexVolume.cs"
"Assets/_Project/Scripts/VoxelChunkModifiedEvents.cs"
"Assets/_Project/Scripts/VoxelDeformationSmokeTester.cs"
"Assets/_Project/Scripts/VoxelDeltaPersistenceDTO.cs"
"Assets/_Project/Scripts/VoxelDeltaProcessor.cs"
"Assets/_Project/Scripts/VoxelRuntimeIntegrityUtility.cs"
"Assets/_Project/Scripts/VoxelSeamDirector.cs"
"Assets/_Project/Scripts/World/AUPMath.cs"
"Assets/_Project/Scripts/World/AbsoluteUniversePositionBlit.cs"
"Assets/_Project/Scripts/World/AbyssalFluidDecalManager.cs"
"Assets/_Project/Scripts/World/AbyssalThermalManager.cs"
"Assets/_Project/Scripts/World/AcousticOcclusionUtility.cs"
"Assets/_Project/Scripts/World/BasePollutionManager.cs"
"Assets/_Project/Scripts/World/BioCableIK.cs"
"Assets/_Project/Scripts/World/Biolum/CaveBiolumZone.cs"
"Assets/_Project/Scripts/World/Biolum/FloorBiolumZone.cs"
"Assets/_Project/Scripts/World/Biolum/HectonBiolumDiffusionVolume.cs"
"Assets/_Project/Scripts/World/Biolum/HectonBiolumManager.cs"
"Assets/_Project/Scripts/World/Biolum/HectonBiolumZone.cs"
"Assets/_Project/Scripts/World/Biolum/OceanBiolumZone.cs"
"Assets/_Project/Scripts/World/BiomeMatrixSmokeTester.cs"
"Assets/_Project/Scripts/World/BiomeTransitionFogBlendJobs.cs"
"Assets/_Project/Scripts/World/BiomeTransitionSmokeTester.cs"
"Assets/_Project/Scripts/World/Biomes/BiomeBoundarySdfJobs.cs"
"Assets/_Project/Scripts/World/Biomes/BiomeBoundarySdfRuntime.cs"
"Assets/_Project/Scripts/World/Biomes/BiomeBoundarySdfRuntimeBootstrap.cs"
"Assets/_Project/Scripts/World/Biomes/BiomeTransitionManagerRuntime.cs"
"Assets/_Project/Scripts/World/Biomes/Editor/BiomeTransitionTunerWindow.cs"
"Assets/_Project/Scripts/World/BoidStructValidator.cs"
"Assets/_Project/Scripts/World/ChemicalInfluenceGrid.cs"
"Assets/_Project/Scripts/World/ChunkLocalOffsetQuantization.cs"
"Assets/_Project/Scripts/World/CullingManager.cs"
"Assets/_Project/Scripts/World/DepthZoneDirector.cs"
"Assets/_Project/Scripts/World/DepthZoneProfile.cs"
"Assets/_Project/Scripts/World/DestructibleOrganicManager.cs"
"Assets/_Project/Scripts/World/DispatcherJobSwap.cs"
"Assets/_Project/Scripts/World/DropBuffer.cs"
"Assets/_Project/Scripts/World/DynamicResolutionScaler.cs"
"Assets/_Project/Scripts/World/EcosystemBalanceProfile.cs"
"Assets/_Project/Scripts/World/EcosystemDirector.cs"
"Assets/_Project/Scripts/World/EcosystemEnvelope.cs"
"Assets/_Project/Scripts/World/Editor/AbyssalScentTunerWindow.cs"
"Assets/_Project/Scripts/World/Editor/SpawnZoneSdfValidationEditor.cs"
"Assets/_Project/Scripts/World/Editor/Synchronous_IO_Scanner.cs"
"Assets/_Project/Scripts/World/Editor/TerrainChunkPagerTunerWindow.cs"
"Assets/_Project/Scripts/World/EmergencyServiceRelay.cs"
"Assets/_Project/Scripts/World/EmergencyServiceRelayDirector.cs"
"Assets/_Project/Scripts/World/EmergencyServiceRelayEvents.cs"
"Assets/_Project/Scripts/World/EntropyYieldJob.cs"
"Assets/_Project/Scripts/World/EnvironmentalStrainManager.cs"
"Assets/_Project/Scripts/World/ErosionHarnessJobs.cs"
"Assets/_Project/Scripts/World/FaunaSpatialHashRegistry.cs"
"Assets/_Project/Scripts/World/FloraBrain.cs"
"Assets/_Project/Scripts/World/FloraDataTemplate.cs"
"Assets/_Project/Scripts/World/FloraGenomics/FloraGenomeContracts.cs"
"Assets/_Project/Scripts/World/FloraGenomics/FloraGenomeCsvHotloader.cs"
"Assets/_Project/Scripts/World/FloraGenomics/FloraGenomeJobs.cs"
"Assets/_Project/Scripts/World/FloraGenomics/FloraGenomeVaultRuntime.cs"
"Assets/_Project/Scripts/World/FloraInteractionManager.cs"
"Assets/_Project/Scripts/World/FloraRegrowthDirector.cs"
"Assets/_Project/Scripts/World/GPR/GroundRadarJobs.cs"
"Assets/_Project/Scripts/World/GPUScatterDirector.cs"
"Assets/_Project/Scripts/World/GeneticTraitProfile.cs"
"Assets/_Project/Scripts/World/GlobalWorldSampler.cs"
"Assets/_Project/Scripts/World/GroundPenetratingRadarRuntime.cs"
"Assets/_Project/Scripts/World/HLODInstance.cs"
"Assets/_Project/Scripts/World/HectonAnomalyBrineJobs.cs"
"Assets/_Project/Scripts/World/HectonAnomalyEngine.cs"
"Assets/_Project/Scripts/World/HectonAnomalyFeatureJobs.cs"
"Assets/_Project/Scripts/World/HectonAnomalyResourceBinding.cs"
"Assets/_Project/Scripts/World/HectonAnomalySdfJobs.cs"
"Assets/_Project/Scripts/World/HectonBatchRendererGroupUtility.cs"
"Assets/_Project/Scripts/World/HectonBiolumController.cs"
"Assets/_Project/Scripts/World/HectonBrinePoolMeshGenerator.cs"
"Assets/_Project/Scripts/World/HectonBrineToxicMudGrid.cs"
"Assets/_Project/Scripts/World/HectonCaveVoxelAmbientOcclusionController.cs"
"Assets/_Project/Scripts/World/HectonCaveVoxelLightingVolume.cs"
"Assets/_Project/Scripts/World/HectonDistantLandmarkRenderer.cs"
"Assets/_Project/Scripts/World/HectonHLODRenderer.cs"
"Assets/_Project/Scripts/World/HectonIndirectVegetationContracts.cs"
"Assets/_Project/Scripts/World/HectonIndirectVegetationRenderer.cs"
"Assets/_Project/Scripts/World/HectonMapMagicVegetationBridge.cs"
"Assets/_Project/Scripts/World/HectonMapMagicVegetationBridgeFloraVisualSway.cs"
"Assets/_Project/Scripts/World/HectonOctahedralImpostorBakeJobs.cs"
"Assets/_Project/Scripts/World/HectonOctahedralImpostorData.cs"
"Assets/_Project/Scripts/World/HectonOctahedralImpostorRenderer.cs"
"Assets/_Project/Scripts/World/HectonOctahedralImpostorTypes.cs"
"Assets/_Project/Scripts/World/HectonProceduralVegetationStripBuilder.cs"
"Assets/_Project/Scripts/World/HectonSandboxAbyssalShelfJobs.cs"
"Assets/_Project/Scripts/World/HectonSandboxAbyssalShelfSmokeTester.cs"
"Assets/_Project/Scripts/World/HectonSpatialHash.cs"
"Assets/_Project/Scripts/World/HectonVegetationConstants.cs"
"Assets/_Project/Scripts/World/HectonVoxelStreamingBridge.cs"
"Assets/_Project/Scripts/World/HectonWorldStreamingTypes.cs"
"Assets/_Project/Scripts/World/HydraulicErosionJob.cs"
"Assets/_Project/Scripts/World/HydraulicErosionMetricsJob.cs"
"Assets/_Project/Scripts/World/ISargassumMassiveDisplacementReceiver.cs"
"Assets/_Project/Scripts/World/ImpostorSystem.cs"
"Assets/_Project/Scripts/World/InstancedFloraRenderer.cs"
"Assets/_Project/Scripts/World/LODSystemManager.cs"
"Assets/_Project/Scripts/World/PersistentWorldRegistry.cs"
"Assets/_Project/Scripts/World/PlanetaryCanvasSmokeTester.cs"
"Assets/_Project/Scripts/World/ProceduralFamily_Fauna.cs"
"Assets/_Project/Scripts/World/ProceduralFamily_Flora.cs"
"Assets/_Project/Scripts/World/ProceduralWreckGenerator.cs"
"Assets/_Project/Scripts/World/ProxyLightRegistry.cs"
"Assets/_Project/Scripts/World/ResourceDistributionDirector.cs"
"Assets/_Project/Scripts/World/ResourceYieldMath.cs"
"Assets/_Project/Scripts/World/SamplingSnapshot.cs"
"Assets/_Project/Scripts/World/SargassumCollapseChunk.cs"
"Assets/_Project/Scripts/World/SargassumCrestDampingController.cs"
"Assets/_Project/Scripts/World/SargassumCutManager.cs"
"Assets/_Project/Scripts/World/SargassumDebrisParticleSystem.cs"
"Assets/_Project/Scripts/World/SargassumGlobalDragManager.cs"
"Assets/_Project/Scripts/World/SargassumMicroFaunaBoids.cs"
"Assets/_Project/Scripts/World/ScatterBackendBindingBridge.cs"
"Assets/_Project/Scripts/World/ScatterBackendBindingState.cs"
"Assets/_Project/Scripts/World/ScatterBackendParityReference.cs"
"Assets/_Project/Scripts/World/ScatterBackendRequestFactory.cs"
"Assets/_Project/Scripts/World/ScatterBackendRuntimeHost.cs"
"Assets/_Project/Scripts/World/ScatterBackendRuntimeStatus.cs"
"Assets/_Project/Scripts/World/ScatterBackendScheduleRequest.cs"
"Assets/_Project/Scripts/World/ScatterBackendShadowCompletion.cs"
"Assets/_Project/Scripts/World/ScatterBackendSupportContext.cs"
"Assets/_Project/Scripts/World/ScatterCandidateEvaluator.cs"
"Assets/_Project/Scripts/World/ScatterClassicBackendAdapters.cs"
"Assets/_Project/Scripts/World/ScatterDiagnosticsTracker.cs"
"Assets/_Project/Scripts/World/ScatterEvaluationEngine.cs"
"Assets/_Project/Scripts/World/ScatterEvaluator.cs"
"Assets/_Project/Scripts/World/ScatterGPUIBackend.cs"
"Assets/_Project/Scripts/World/ScatterHeuristicsUtility.cs"
"Assets/_Project/Scripts/World/ScatterHybridRuntimeEntryPoint.cs"
"Assets/_Project/Scripts/World/ScatterInstancingService.cs"
"Assets/_Project/Scripts/World/ScatterMath.cs"
"Assets/_Project/Scripts/World/ScatterRebuildProfileSnapshot.cs"
"Assets/_Project/Scripts/World/ScatterReconcileMetrics.cs"
"Assets/_Project/Scripts/World/ScatterRuntimeBackendFacade.cs"
"Assets/_Project/Scripts/World/SedimentAccumulationManager.cs"
"Assets/_Project/Scripts/World/ShinobuStreamingRuntime.cs"
"Assets/_Project/Scripts/World/SoundscapeSystem.cs"
"Assets/_Project/Scripts/World/SpatialSonarSnapshot.cs"
"Assets/_Project/Scripts/World/SpawnZoneSdfValidation.cs"
"Assets/_Project/Scripts/World/TOOL_Procedural_Wreckage_Generator.cs"
"Assets/_Project/Scripts/World/TectonicActivityProfile.cs"
"Assets/_Project/Scripts/World/TerrainChunkPagerRuntime.cs"
"Assets/_Project/Scripts/World/TerrainChunkPagerTypes.cs"
"Assets/_Project/Scripts/World/ThermalSlumpingJob.cs"
"Assets/_Project/Scripts/World/VegetationCapacityUtilities.cs"
"Assets/_Project/Scripts/World/VegetationChunkResidencyDirector.cs"
"Assets/_Project/Scripts/World/VegetationDensityQueryService.cs"
"Assets/_Project/Scripts/World/VegetationFlowFieldIntegrator.cs"
"Assets/_Project/Scripts/World/VegetationMath.cs"
"Assets/_Project/Scripts/World/VegetationMemoryPool.cs"
"Assets/_Project/Scripts/World/VegetationNavGridSynchronizer.cs"
"Assets/_Project/Scripts/World/VegetationPersistenceManager.cs"
"Assets/_Project/Scripts/World/VegetationPredatorFearField.cs"
"Assets/_Project/Scripts/World/VegetationTerrainHoleSynchronizer.cs"
"Assets/_Project/Scripts/World/VegetationThermalSampler.cs"
"Assets/_Project/Scripts/World/VegetationThreatAndStructureService.cs"
"Assets/_Project/Scripts/World/VegetationTileCacheResidency.cs"
"Assets/_Project/Scripts/World/VolcanicUpdraftDirector.cs"
"Assets/_Project/Scripts/World/VolumetricBiomeSmokeTester.cs"
"Assets/_Project/Scripts/World/VoxelDynamicNavGridRuntime.cs"
"Assets/_Project/Scripts/World/VoxelDynamicNavGridRuntimeLifecycle.cs"
"Assets/_Project/Scripts/World/WorldChunkResidencyManager.cs"
"Assets/_Project/Scripts/World/WorldGenRegistrySmokeTester.cs"
"Assets/_Project/Scripts/World/WorldGenerativeGeologyTelemetry.cs"
"Assets/_Project/Scripts/World/WorldLODSceneBootstrap.cs"
"Assets/_Project/Scripts/World/WorldPickupStateCodec.cs"
"Assets/_Project/Scripts/World/WorldProceduralTerrainFakeOverhangJobs.cs"
"Assets/_Project/Scripts/World/WorldProceduralTerrainSplatmapJobs.cs"
"Assets/_Project/Scripts/World/WorldProceduralTerrainTectonicDisplacementJobs.cs"
"Assets/_Project/Scripts/World/WorldProceduralTerrainTerraceJobs.cs"
"Assets/_Project/Scripts/World/WorldProceduralTerrainThermalWeatheringJobs.cs"
"Assets/_Project/Scripts/World/WorldReadabilityDirector.cs"
"Assets/_Project/Scripts/World/WorldReadabilityRuntimeBootstrap.cs"
"Assets/_Project/Scripts/World/WorldShippingContentFilter.cs"
"Assets/_Project/Scripts/World/WorldShippingSceneRuntimeGuard.cs"
"Assets/_Project/Scripts/World/WorldSpatialHashGrid.cs"
"Assets/_Project/Scripts/World/WorldVolumetricBiomeClassificationJobs.cs"
"Assets/_Project/Scripts/World/WreckMaterialRegistry.cs"
"Assets/_Project/Scripts/WorldCaveDirector.cs"
"Assets/_Project/Scripts/WorldChunkCoordinate.cs"
"Assets/_Project/Scripts/WorldChunkStreamingProfile.cs"
"Assets/_Project/Scripts/WorldContentDirector.cs"
"Assets/_Project/Scripts/WorldContentProfile.cs"
"Assets/_Project/Scripts/WorldContentSocket.cs"
"Assets/_Project/Scripts/WorldExpeditionLoopProfile.cs"
"Assets/_Project/Scripts/WorldFaunaSpawnRegistry.cs"
"Assets/_Project/Scripts/WorldFidelityRoot.cs"
"Assets/_Project/Scripts/WorldGeneratedPrimitiveFactory.cs"
"Assets/_Project/Scripts/WorldGenerativeGeologyIntegrationDirector.cs"
"Assets/_Project/Scripts/WorldGenerativeGeologyMeshBuilder.cs"
"Assets/_Project/Scripts/WorldGenerativeGeologyProfile.cs"
"Assets/_Project/Scripts/WorldGenerativeGeologyRuntimeSmokeTester.cs"
"Assets/_Project/Scripts/WorldGenerativeGeologySeamExecutionDirector.cs"
"Assets/_Project/Scripts/WorldGenerativeGeologySeamPlan.cs"
"Assets/_Project/Scripts/WorldGenerativeGeologyService.cs"
"Assets/_Project/Scripts/WorldGenerativeGeologyTerrainSeamApplier.cs"
"Assets/_Project/Scripts/WorldGenerativeGeologyVoxelBlendRequest.cs"
"Assets/_Project/Scripts/WorldGenerativeGeologyVoxelBridgeDirector.cs"
"Assets/_Project/Scripts/WorldInterestAnchor.cs"
"Assets/_Project/Scripts/WorldInterestDirector.cs"
"Assets/_Project/Scripts/WorldMacroZoneCoordinate.cs"
"Assets/_Project/Scripts/WorldMotivationProfile.cs"
"Assets/_Project/Scripts/WorldPopulationDirector.cs"
"Assets/_Project/Scripts/WorldPopulationRule.cs"
"Assets/_Project/Scripts/WorldPrefabFamilyProfile.cs"
"Assets/_Project/Scripts/WorldProceduralBiomeFamilyContextCatalog.cs"
"Assets/_Project/Scripts/WorldProceduralBiomeFamilyContextProfile.cs"
"Assets/_Project/Scripts/WorldProceduralClusterFocus.cs"
"Assets/_Project/Scripts/WorldProceduralFaunaMood.cs"
"Assets/_Project/Scripts/WorldProceduralFieldSampler.cs"
"Assets/_Project/Scripts/WorldProceduralFillDirector.cs"
"Assets/_Project/Scripts/WorldProceduralPattern.cs"
"Assets/_Project/Scripts/WorldProceduralPatternCatalog.cs"
"Assets/_Project/Scripts/WorldProceduralPatternProfile.cs"
"Assets/_Project/Scripts/WorldProceduralPlaceholderMarker.cs"
"Assets/_Project/Scripts/WorldProceduralPlacementRule.cs"
"Assets/_Project/Scripts/WorldProceduralProxyInstance.cs"
"Assets/_Project/Scripts/WorldProceduralScatterDirector.cs"
"Assets/_Project/Scripts/WorldProceduralScatterDirectorBackendContexts.cs"
"Assets/_Project/Scripts/WorldProceduralScatterDirectorBackendIntegration.cs"
"Assets/_Project/Scripts/WorldProceduralScatterDirectorCandidateAcceptance.cs"
"Assets/_Project/Scripts/WorldProceduralScatterDirectorDiagnosticsContexts.cs"
"Assets/_Project/Scripts/WorldProceduralScatterDirectorEnvironmentalEnvelope.cs"
"Assets/_Project/Scripts/WorldProceduralScatterDirectorMigratorySargassum.cs"
"Assets/_Project/Scripts/WorldProceduralScatterDirectorPlacementRetentionContexts.cs"
"Assets/_Project/Scripts/WorldProceduralScatterDirectorPlacementTypes.cs"
"Assets/_Project/Scripts/WorldProceduralScatterDirectorReconcileContexts.cs"
"Assets/_Project/Scripts/WorldProceduralScatterDirectorRescueContexts.cs"
"Assets/_Project/Scripts/WorldProceduralScatterDirectorRuntimeStateContexts.cs"
"Assets/_Project/Scripts/WorldProceduralScatterDirectorSamplingPipeline.cs"
"Assets/_Project/Scripts/WorldProceduralScatterDirectorSpatialHelpers.cs"
"Assets/_Project/Scripts/WorldProceduralScatterDirectorSpawnBatchContexts.cs"
"Assets/_Project/Scripts/WorldProceduralScatterWorkingMemory.cs"
"Assets/_Project/Scripts/WorldProceduralStateRegistry.cs"
"Assets/_Project/Scripts/WorldProceduralStructureFocus.cs"
"Assets/_Project/Scripts/WorldRuntimeReferenceUtility.cs"
"Assets/_Project/Scripts/WorldSandboxAttractionProfile.cs"
"Assets/_Project/Scripts/WorldSliceAnchor.cs"
"Assets/_Project/Scripts/WorldSliceDirector.cs"
"Assets/_Project/Scripts/WorldStateManager.cs"
"Assets/_Project/Scripts/WorldStreamingDirector.cs"
"Assets/_Project/Scripts/WorldStreamingLayer.cs"
"Assets/_Project/Scripts/WorldZoneAnchor.cs"
"Assets/_Project/Scripts/WorldZoneDirector.cs"
"Assets/_Project/Scripts/WorldZonePlanProfile.cs"
"Assets/_Project/Scripts/WorldZoneProfile.cs"
"Assets/_Project/Scripts/ZeroGCStringCache.cs"
-langversion:9.0
/unsafe+
/deterministic
/optimize-
/debug:portable
/nologo
/RuntimeMetadataVersion:v4.0.30319
/nowarn:0169
/nowarn:0649
/nowarn:0282
/nowarn:1701
/nowarn:1702
/utf8output
/preferreduilang:en-US
/additionalfile:"Library/Bee/artifacts/1900b0aEDbg.dag/Hecton8.Core.UnityAdditionalFile.txt"
##### Custom Environment Variables
DOTNET_MULTILEVEL_LOOKUP=0
##### ExitCode
1
##### Output
Assets\_Project\Scripts\VFX\Parasites\ParasiteSwarmContracts.cs(8,15): error CS0234: The type or namespace name 'Thermodynamics' does not exist in the namespace 'Hecton8' (are you missing an assembly reference?)

Assets\_Project\Scripts\Fauna\LeviathanTentacleVerletSolver.cs(535,17): error CS0246: The type or namespace name 'HectonFluidEngine' could not be found (are you missing a using directive or an assembly reference?)

Assets\_Project\Scripts\VFX\Parasites\ParasiteSwarmContracts.cs(630,72): error CS0246: The type or namespace name 'HeatSourceDTO' could not be found (are you missing a using directive or an assembly reference?)

Assets\_Project\Scripts\VFX\Parasites\ParasiteSwarmContracts.cs(645,73): error CS0246: The type or namespace name 'ThermalCellDTO' could not be found (are you missing a using directive or an assembly reference?)

Assets\_Project\Scripts\VFX\Parasites\ParasiteSwarmContracts.cs(575,48): error CS0246: The type or namespace name 'HeatSourceDTO' could not be found (are you missing a using directive or an assembly reference?)

Assets\_Project\Scripts\VFX\Parasites\ParasiteSwarmContracts.cs(576,48): error CS0246: The type or namespace name 'ThermalCellDTO' could not be found (are you missing a using directive or an assembly reference?)
*** Tundra build failed (26.37 seconds), 3 items updated, 3789 evaluated
Total cache size 265484168
Total cache size after purge 265484168, took 00:00:01.4624231
[ScriptCompilation] Requested script compilation because: AssetDatabase observed changes in script compilation related files
[Licensing::Client] Successfully resolved entitlement details
Starting: C:\Program Files\Unity\Hub\Editor\6000.4.1f1\Editor\Data\Tools\BuildPipeline\bee_backend.exe --ipc --defer-dag-verification --dagfile="Library/Bee/1900b0aEDbg.dag" --continue-on-failure --profile="Library/Bee/backend1.traceevents" ScriptAssemblies
WorkingDir: C:/hades/Hecton8
Starting: C:\Program Files\Unity\Hub\Editor\6000.4.1f1\Editor\Data\netcorerun\netcorerun.exe "C:\Program Files\Unity\Hub\Editor\6000.4.1f1\Editor\Data\Tools\BuildPipeline\ScriptCompilationBuildProgram.exe" "Library/Bee/1900b0aEDbg.dag.json" "Library/Bee/1900b0aEDbg-inputdata.json" "Library\Bee\buildprogram0.traceevents"
WorkingDir: C:/hades/Hecton8
ExitCode: 4 Duration: 21s
[2644/3789  0s] ILPP-Configuration Library/ilpp-configuration.nevergeneratedoutput
[BUSY       6s] Csc Library/Bee/artifacts/1900b0aEDbg.dag/Hecton8.Core.dll (+2 others)
Rebuilding DAG because FileSignature timestamp changed: Library/Bee/1900b0aEDbg-inputdata.json
[BUSY      16s] Csc Library/Bee/artifacts/1900b0aEDbg.dag/Hecton8.Core.dll (+2 others)
[             ] Modification date of `Assets\_Project\Scripts\Fauna\PredatorCognitionDomain.cs` changed while running `Csc Library/Bee/artifacts/1900b0aEDbg.dag/Hecton8.Core.dll (+2 others)`. Old timestamp: 134239367859174320, new timestamp: 134239368091066995
*** Tundra requires additional run (20.93 seconds), 2 items updated, 3388 evaluated
ExitCode: 0 Duration: 15s
Starting: C:\Program Files\Unity\Hub\Editor\6000.4.1f1\Editor\Data\Tools\BuildPipeline\bee_backend.exe --ipc --defer-dag-verification --dagfile="Library/Bee/1900b0aEDbg.dag" --continue-on-failure --dagfilejson="Library\Bee\1900b0aEDbg.dag.json" --profile="Library/Bee/backend2.traceevents" ScriptAssemblies
WorkingDir: C:/hades/Hecton8
