[Licensing::Module] Trying to connect to existing licensing client channel...
Built from '6000.4/staging' branch; Version is '6000.4.1f1 (8535861f39e1) revision 8729990'; Using compiler version '194234433'; Build Type 'Release'
[Licensing::IpcConnector] Channel LicenseClient-danat doesn't exist
OS: 'Windows 11  (10.0.26200) CoreSingleLanguage' Language: 'en' Physical Memory: 32407 MB
BatchMode: 1, IsHumanControllingUs: 0, StartBugReporterOnCrash: 0, Is64bit: 1
System  architecture: x64
Process architecture: x64
Date: 2026-05-22T12:09:26Z
[Licensing::Module] Successfully launched the LicensingClient (PId: 12120)

COMMAND LINE ARGUMENTS:
C:\Program Files\Unity\Hub\Editor\6000.4.1f1\Editor\Unity.exe
-batchmode
-quit
-nographics
-projectPath
C:\hades\Hecton8
-logFile
C:\hades\Hecton8\Docs\AgentLogs\Unity_BUILD_MEDIC_20260522_160926_BatchmodeCompile_AfterVaultLayoutFix.log
Successfully changed project path to: C:\hades\Hecton8
C:/hades/Hecton8
[Licensing::IpcConnector] Successfully connected to: "LicenseClient-danat" at "2026-05-22T12:09:26.7005441Z"
[UnityMemory] Configuration Parameters - Can be set up in boot.config
    "memorysetup-temp-allocator-size-gi-baking-worker=262144"
    "memorysetup-temp-allocator-size-gi-baking-worker=262144"
    "memorysetup-temp-allocator-size-gi-baking-worker=262144"
    "memorysetup-temp-allocator-size-gi-baking-worker=262144"
    "memorysetup-temp-allocator-size-gi-baking-worker=262144"
    "memorysetup-temp-allocator-size-nav-mesh-worker=65536"
    "memorysetup-temp-allocator-size-audio-worker=65536"
    "memorysetup-temp-allocator-size-cloud-worker=32768"
    "memorysetup-temp-allocator-size-gfx=262144"
    "memorysetup-temp-allocator-size-preload-manager=33554432"
    "memorysetup-temp-allocator-size-job-worker=262144"
    "memorysetup-temp-allocator-size-background-worker=32768"
    "memorysetup-allocator-temp-initial-block-size-main=262144"
    "memorysetup-allocator-temp-initial-block-size-worker=262144"
    "memorysetup-bucket-allocator-granularity=16"
    "memorysetup-bucket-allocator-bucket-count=8"
    "memorysetup-bucket-allocator-block-size=33554432"
    "memorysetup-bucket-allocator-block-count=8"
    "memorysetup-main-allocator-block-size=16777216"
    "memorysetup-thread-allocator-block-size=16777216"
    "memorysetup-gfx-main-allocator-block-size=16777216"
    "memorysetup-gfx-thread-allocator-block-size=16777216"
    "memorysetup-cache-allocator-block-size=4194304"
    "memorysetup-typetree-allocator-block-size=2097152"
    "memorysetup-profiler-bucket-allocator-granularity=16"
    "memorysetup-profiler-bucket-allocator-bucket-count=8"
    "memorysetup-profiler-bucket-allocator-block-size=33554432"
    "memorysetup-profiler-bucket-allocator-block-count=8"
    "memorysetup-profiler-allocator-block-size=16777216"
    "memorysetup-profiler-editor-allocator-block-size=1048576"
    "memorysetup-temp-allocator-size-main=16777216"
    "memorysetup-job-temp-allocator-block-size=2097152"
    "memorysetup-job-temp-allocator-block-size-background=1048576"
    "memorysetup-job-temp-allocator-reduction-small-platforms=262144"
Player connection [6092]  Target information:

Player connection [6092]  * "[IP] 192.168.1.130 [Port] 55504 [Flags] 2 [Guid] 3859909938 [EditorId] 3859909938 [Version] 1048832 [Id] WindowsEditor(7,Shinobu) [Debug] 1 [PackageName] WindowsEditor [ProjectName] Editor" 

Player connection [6092]  * "[IP] 10.77.0.2 [Port] 55504 [Flags] 2 [Guid] 3859909938 [EditorId] 3859909938 [Version] 1048832 [Id] WindowsEditor(7,Shinobu) [Debug] 1 [PackageName] WindowsEditor [ProjectName] Editor" 

Player connection [6092] Host joined multi-casting on [225.0.0.222:54997]...
Player connection [6092] Host joined alternative multi-casting on [225.0.0.222:34997]...
Input System module state changed to: Initialized.
[Physics::Module] Initialized fallback backend.
[Physics::Module] Id: 0xdecafbad
[Package Manager] Connected to IPC stream "Upm-1340" after 0.2 seconds.
[Licensing::Module] Licensing is not yet initialized.
[Licensing::Client] Handshaking with LicensingClient:
  Version:                 1.18.1+9fbee8e
  Session Id:              7b6619e0ff4e42b79b7bf87a4b424972
  Correlation Id:          2676b056cc2bea8749d24e9438a4d6b9
  External correlation Id: 4796425548992812447
  Machine Id:              KXBg4HkLZwVfPhjJrzyzSmUVWFw=
[Licensing::Module] Successfully connected to LicensingClient on channel: "LicenseClient-danat" (connect: 0.37s, validation: 0.04s, handshake: 1.07s)
[Licensing::IpcConnector] Successfully connected to: "LicenseClient-danat-notifications" at "2026-05-22T12:09:27.8132029Z"
[Licensing::Module] Connected to LicensingClient (PId: 12120, launch time: 0.00, total connection time: 1.49s)
[Licensing::Module] Error: Access token is unavailable; failed to update
[Licensing::Client] Successfully resolved entitlement details
[Licensing::Module] License group:
  Id: 7972536317136-UnityPersXXXX
  Product: Unity Personal
  Type: Assigned
  Expiration: Unlimited
[Licensing::Client] Successfully updated license, isAsync: True, time: 0.01
[Licensing::Client] Successfully resolved entitlement details
[Licensing::Module] Licensing Background thread has ended after 1.51s
[Licensing::Module] Licensing is initialized (took 0.49s).
[Licensing::Client] Successfully resolved entitlement details
Library Redirect Path: Library/
[Physics::Module] Selected backend.
[Physics::Module] Name: PhysX
[Physics::Module] Id: 0xf2b8ea05
[Physics::Module] SDK Version: 4.1.2
[Physics::Module] Integration Version: 1.0.0
[Physics::Module] Threading Mode: Multi-Threaded
Artifact Garbage Collection - Removed 575 unused hashed content files
Refreshing native plugins compatible for Editor in 166.43 ms, found 27 plugins.
Initialize engine version: 6000.4.1f1 (8535861f39e1)
[Subsystems] Discovering subsystems at path C:/Program Files/Unity/Hub/Editor/6000.4.1f1/Editor/Data/Resources/UnitySubsystems
[Subsystems] Discovering subsystems at path C:/hades/Hecton8/Assets
Forcing GfxDevice: Null
GfxDevice: creating device client; kGfxThreadingModeNonThreaded
NullGfxDevice:
    Version:  NULL 1.0 [1.0]
    Renderer: Null Device
    Vendor:   Unity Technologies
Initialize mono
Mono path[0] = 'C:/Program Files/Unity/Hub/Editor/6000.4.1f1/Editor/Data/Managed'
Mono path[1] = 'C:/Program Files/Unity/Hub/Editor/6000.4.1f1/Editor/Data/MonoBleedingEdge/lib/mono/unityjit-win32'
Mono config path = 'C:/Program Files/Unity/Hub/Editor/6000.4.1f1/Editor/Data/MonoBleedingEdge/etc'
Using monoOptions --debugger-agent=transport=dt_socket,embedding=1,server=y,suspend=n,address=127.0.0.1:56340
CodeReloadManager initialized
Using cacheserver namespaces - metadata:defaultmetadata, artifacts:defaultartifacts
Using cacheserver namespaces - metadata:defaultmetadata, artifacts:defaultartifacts
ImportWorker Server TCP listen port: 0
AcceleratorClientConnectionCallback - disconnected - :0
Begin MonoManager ReloadAssembly
Registering precompiled unity dll's ...
Register platform support module: C:/Program Files/Unity/Hub/Editor/6000.4.1f1/Editor/Data/PlaybackEngines/MacStandaloneSupport/UnityEditor.OSXStandalone.Extensions.dll
Register platform support module: C:/Program Files/Unity/Hub/Editor/6000.4.1f1/Editor/Data/PlaybackEngines/WindowsStandaloneSupport/UnityEditor.WindowsStandalone.Extensions.dll
[Licensing::Client] Successfully resolved entitlement details
Register platform support module: C:/Program Files/Unity/Hub/Editor/6000.4.1f1/Editor/Data/PlaybackEngines/AndroidPlayer/UnityEditor.Android.Extensions.dll
Register platform support module: C:/Program Files/Unity/Hub/Editor/6000.4.1f1/Editor/Data/PlaybackEngines/LinuxStandaloneSupport/UnityEditor.LinuxStandalone.Extensions.dll
Registered in 0.004234 seconds.
Native extension for LinuxStandalone target not found
Native extension for Android target not found
Native extension for WindowsStandalone target not found
Native extension for OSXStandalone target not found
Package Manager log level set to [2]
[Licensing::Client] Successfully resolved entitlement details
ScheduleIndexationOnStartup MainProcess:False IndexOnStartup:True
Mono: successfully reloaded assembly
- Finished resetting the current domain, in  5.371 seconds
Domain Reload Profiling: 5802ms
	BeginReloadAssembly (109ms)
		CreateAndSetChildDomain (3ms)
	RebuildCommonClasses (36ms)
	RebuildNativeTypeToScriptingClass (14ms)
	initialDomainReloadingComplete (54ms)
	LoadAllAssembliesAndSetupDomain (217ms)
		LoadAssemblies (105ms)
		AnalyzeDomain (206ms)
			TypeCache.Refresh (205ms)
				TypeCache.ScanAssembly (191ms)
	FinalizeReload (5373ms)
		SetupLoadedEditorAssemblies (0ms)
			InitializePlatformSupportModulesInManaged (61ms)
			BeforeProcessingInitializeOnLoad (91ms)
			ProcessInitializeOnLoadAttributes (103ms)
			ProcessInitializeOnLoadMethodAttributes (5046ms)
[Licensing::Client] Successfully resolved entitlement details
Application.AssetDatabase Initial Refresh Start
[Package Manager] Restoring resolved packages state from cache
[Licensing::Client] Successfully resolved entitlement details
[Package Manager] Registered 73 packages:
  Packages from [https://packages.unity.com]:
    com.unity.ai.navigation@2.0.11 (location: C:\hades\Hecton8\Library\PackageCache\com.unity.ai.navigation@78534c21b27d)
    com.unity.addressables@2.7.6 (location: C:\hades\Hecton8\Library\PackageCache\com.unity.addressables@45e9abf44299)
    com.unity.collab-proxy@2.11.4 (location: C:\hades\Hecton8\Library\PackageCache\com.unity.collab-proxy@a5329f833fa8)
    com.unity.inputsystem@1.19.0 (location: C:\hades\Hecton8\Library\PackageCache\com.unity.inputsystem@21a28c3a6c83)
    com.unity.memoryprofiler@1.1.12 (location: C:\hades\Hecton8\Library\PackageCache\com.unity.memoryprofiler@485b5ba42ef5)
    com.unity.nuget.newtonsoft-json@3.2.2 (location: C:\hades\Hecton8\Library\PackageCache\com.unity.nuget.newtonsoft-json@4dfd81071c64)
    com.unity.probuilder@6.0.9 (location: C:\hades\Hecton8\Library\PackageCache\com.unity.probuilder@1f279ab829b7)
    com.unity.sharp-zip-lib@1.4.1 (location: C:\hades\Hecton8\Library\PackageCache\com.unity.sharp-zip-lib@f6e4ef34e4d8)
    com.unity.timeline@1.8.11 (location: C:\hades\Hecton8\Library\PackageCache\com.unity.timeline@bfd27f8016ff)
    com.unity.visualscripting@1.9.11 (location: C:\hades\Hecton8\Library\PackageCache\com.unity.visualscripting@8bed5ad90189)
    com.unity.xr.management@4.6.0 (location: C:\hades\Hecton8\Library\PackageCache\com.unity.xr.management@ca5b202bb583)
    com.unity.xr.meta-openxr@2.5.0 (location: C:\hades\Hecton8\Library\PackageCache\com.unity.xr.meta-openxr@dae986a05b5c)
    com.unity.xr.openxr@1.17.0 (location: C:\hades\Hecton8\Library\PackageCache\com.unity.xr.openxr@5dc08d6a3e5b)
    com.unity.searcher@4.9.4 (location: C:\hades\Hecton8\Library\PackageCache\com.unity.searcher@d45a78918735)
    com.unity.xr.core-utils@2.5.3 (location: C:\hades\Hecton8\Library\PackageCache\com.unity.xr.core-utils@f0450cbac8d6)
    com.unity.xr.legacyinputhelpers@3.0.1 (location: C:\hades\Hecton8\Library\PackageCache\com.unity.xr.legacyinputhelpers@3f62d634f63b)
    com.unity.xr.arfoundation@6.5.0 (location: C:\hades\Hecton8\Library\PackageCache\com.unity.xr.arfoundation@13d2457b468b)
    com.unity.xr.compositionlayers@2.4.0 (location: C:\hades\Hecton8\Library\PackageCache\com.unity.xr.compositionlayers@461024b1d757)
    com.unity.settings-manager@2.1.1 (location: C:\hades\Hecton8\Library\PackageCache\com.unity.settings-manager@0b8638c5ce86)
    com.unity.burst@1.8.28 (location: C:\hades\Hecton8\Library\PackageCache\com.unity.burst@07790c2d06d9)
    com.unity.mathematics@1.3.3 (location: C:\hades\Hecton8\Library\PackageCache\com.unity.mathematics@19a9377c4ffa)
    com.unity.profiling.core@1.0.3 (location: C:\hades\Hecton8\Library\PackageCache\com.unity.profiling.core@8a49f7027d06)
    com.unity.editorcoroutines@1.0.1 (location: C:\hades\Hecton8\Library\PackageCache\com.unity.editorcoroutines@54394ed3283c)
    com.unity.scriptablebuildpipeline@2.6.1 (location: C:\hades\Hecton8\Library\PackageCache\com.unity.scriptablebuildpipeline@36e3b5898ee2)
    com.unity.nuget.mono-cecil@1.11.6 (location: C:\hades\Hecton8\Library\PackageCache\com.unity.nuget.mono-cecil@ecb9724e46ff)
    com.unity.test-framework.performance@3.2.0 (location: C:\hades\Hecton8\Library\PackageCache\com.unity.test-framework.performance@0840f58e4562)
  Built-in packages:
    com.unity.2d.sprite@1.0.0 (location: C:\hades\Hecton8\Library\PackageCache\com.unity.2d.sprite@929df5adbb1f)
    com.unity.render-pipelines.universal@17.4.0 (location: C:\hades\Hecton8\Library\PackageCache\com.unity.render-pipelines.universal@580a03820d50)
    com.unity.ugui@2.0.0 (location: C:\hades\Hecton8\Library\PackageCache\com.unity.ugui@d8a2716f3013)
    com.unity.modules.accessibility@1.0.0 (location: C:\hades\Hecton8\Library\PackageCache\com.unity.modules.accessibility)
    com.unity.modules.ai@1.0.0 (location: C:\hades\Hecton8\Library\PackageCache\com.unity.modules.ai)
    com.unity.modules.androidjni@1.0.0 (location: C:\hades\Hecton8\Library\PackageCache\com.unity.modules.androidjni)
    com.unity.modules.animation@1.0.0 (location: C:\hades\Hecton8\Library\PackageCache\com.unity.modules.animation)
    com.unity.modules.assetbundle@1.0.0 (location: C:\hades\Hecton8\Library\PackageCache\com.unity.modules.assetbundle)
    com.unity.modules.audio@1.0.0 (location: C:\hades\Hecton8\Library\PackageCache\com.unity.modules.audio)
    com.unity.modules.cloth@1.0.0 (location: C:\hades\Hecton8\Library\PackageCache\com.unity.modules.cloth)
    com.unity.modules.director@1.0.0 (location: C:\hades\Hecton8\Library\PackageCache\com.unity.modules.director)
    com.unity.modules.imageconversion@1.0.0 (location: C:\hades\Hecton8\Library\PackageCache\com.unity.modules.imageconversion)
    com.unity.modules.imgui@1.0.0 (location: C:\hades\Hecton8\Library\PackageCache\com.unity.modules.imgui)
    com.unity.modules.jsonserialize@1.0.0 (location: C:\hades\Hecton8\Library\PackageCache\com.unity.modules.jsonserialize)
    com.unity.modules.particlesystem@1.0.0 (location: C:\hades\Hecton8\Library\PackageCache\com.unity.modules.particlesystem)
    com.unity.modules.physics@1.0.0 (location: C:\hades\Hecton8\Library\PackageCache\com.unity.modules.physics)
    com.unity.modules.physics2d@1.0.0 (location: C:\hades\Hecton8\Library\PackageCache\com.unity.modules.physics2d)
    com.unity.modules.screencapture@1.0.0 (location: C:\hades\Hecton8\Library\PackageCache\com.unity.modules.screencapture)
    com.unity.modules.terrain@1.0.0 (location: C:\hades\Hecton8\Library\PackageCache\com.unity.modules.terrain)
    com.unity.modules.terrainphysics@1.0.0 (location: C:\hades\Hecton8\Library\PackageCache\com.unity.modules.terrainphysics)
    com.unity.modules.tilemap@1.0.0 (location: C:\hades\Hecton8\Library\PackageCache\com.unity.modules.tilemap)
    com.unity.modules.ui@1.0.0 (location: C:\hades\Hecton8\Library\PackageCache\com.unity.modules.ui)
    com.unity.modules.uielements@1.0.0 (location: C:\hades\Hecton8\Library\PackageCache\com.unity.modules.uielements)
    com.unity.modules.umbra@1.0.0 (location: C:\hades\Hecton8\Library\PackageCache\com.unity.modules.umbra)
    com.unity.modules.unityanalytics@1.0.0 (location: C:\hades\Hecton8\Library\PackageCache\com.unity.modules.unityanalytics)
    com.unity.modules.unitywebrequest@1.0.0 (location: C:\hades\Hecton8\Library\PackageCache\com.unity.modules.unitywebrequest)
    com.unity.modules.unitywebrequestassetbundle@1.0.0 (location: C:\hades\Hecton8\Library\PackageCache\com.unity.modules.unitywebrequestassetbundle)
    com.unity.modules.unitywebrequestaudio@1.0.0 (location: C:\hades\Hecton8\Library\PackageCache\com.unity.modules.unitywebrequestaudio)
    com.unity.modules.unitywebrequesttexture@1.0.0 (location: C:\hades\Hecton8\Library\PackageCache\com.unity.modules.unitywebrequesttexture)
    com.unity.modules.unitywebrequestwww@1.0.0 (location: C:\hades\Hecton8\Library\PackageCache\com.unity.modules.unitywebrequestwww)
    com.unity.modules.vectorgraphics@1.0.0 (location: C:\hades\Hecton8\Library\PackageCache\com.unity.modules.vectorgraphics)
    com.unity.modules.vehicles@1.0.0 (location: C:\hades\Hecton8\Library\PackageCache\com.unity.modules.vehicles)
    com.unity.modules.video@1.0.0 (location: C:\hades\Hecton8\Library\PackageCache\com.unity.modules.video)
    com.unity.modules.vr@1.0.0 (location: C:\hades\Hecton8\Library\PackageCache\com.unity.modules.vr)
    com.unity.modules.wind@1.0.0 (location: C:\hades\Hecton8\Library\PackageCache\com.unity.modules.wind)
    com.unity.modules.xr@1.0.0 (location: C:\hades\Hecton8\Library\PackageCache\com.unity.modules.xr)
    com.unity.render-pipelines.core@17.4.0 (location: C:\hades\Hecton8\Library\PackageCache\com.unity.render-pipelines.core@e6c93b445dd3)
    com.unity.modules.subsystems@1.0.0 (location: C:\hades\Hecton8\Library\PackageCache\com.unity.modules.subsystems)
    com.unity.modules.hierarchycore@1.0.0 (location: C:\hades\Hecton8\Library\PackageCache\com.unity.modules.hierarchycore)
    com.unity.render-pipelines.universal-config@17.4.0 (location: C:\hades\Hecton8\Library\PackageCache\com.unity.render-pipelines.universal-config@0db4263b9e6b)
    com.unity.collections@6.4.0 (location: C:\hades\Hecton8\Library\PackageCache\com.unity.collections@538ace9075bc)
    com.unity.test-framework@1.6.0 (location: C:\hades\Hecton8\Library\PackageCache\com.unity.test-framework@76560ee600cb)
    com.unity.ext.nunit@2.0.5 (location: C:\hades\Hecton8\Library\PackageCache\com.unity.ext.nunit@d8c07649098d)
  Embedded packages:
    com.jbooth.microsplat.core@file:C:\hades\Hecton8\Packages\com.jbooth.microsplat.core (location: C:\hades\Hecton8\Packages\com.jbooth.microsplat.core)
    com.jbooth.microsplat.urp2022@file:C:\hades\Hecton8\Packages\com.jbooth.microsplat.urp2022 (location: C:\hades\Hecton8\Packages\com.jbooth.microsplat.urp2022)
    com.unity.shadergraph@file:C:\hades\Hecton8\Packages\com.unity.shadergraph (location: C:\hades\Hecton8\Packages\com.unity.shadergraph)
  Git packages:
    com.coplaydev.unity-mcp@https://github.com/CoplayDev/unity-mcp.git?path=/MCPForUnity#beta (location: C:\hades\Hecton8\Library\PackageCache\com.coplaydev.unity-mcp@fbdb152757bd)
[Subsystems] Looking for new subsystems at path C:\hades\Hecton8\Library\PackageCache\com.unity.xr.meta-openxr@dae986a05b5c
[Subsystems] Novel subsystem found at Library/PackageCache/com.unity.xr.meta-openxr@dae986a05b5c/Runtime/UnitySubsystemsManifest.json
[Subsystems] Discovering subsystems at path C:/Program Files/Unity/Hub/Editor/6000.4.1f1/Editor/Data/Resources/UnitySubsystems
[Subsystems] Discovering subsystems at path C:/hades/Hecton8/Assets
[Subsystems] Discovering subsystems at path C:\hades\Hecton8\Library\PackageCache\com.unity.xr.meta-openxr@dae986a05b5c
[Subsystems] No descriptors matched for  examples in Library/PackageCache/com.unity.xr.meta-openxr@dae986a05b5c/Runtime/UnitySubsystemsManifest.json.
[Subsystems] No descriptors matched for  inputs in Library/PackageCache/com.unity.xr.meta-openxr@dae986a05b5c/Runtime/UnitySubsystemsManifest.json.
[Subsystems] No descriptors matched for  displays in Library/PackageCache/com.unity.xr.meta-openxr@dae986a05b5c/Runtime/UnitySubsystemsManifest.json.
[Subsystems] 1 'meshings' descriptors matched in Library/PackageCache/com.unity.xr.meta-openxr@dae986a05b5c/Runtime/UnitySubsystemsManifest.json
[Subsystems] Discovering subsystems at path C:\hades\Hecton8\Library\PackageCache\com.unity.xr.openxr@5dc08d6a3e5b
[Subsystems] No descriptors matched for  examples in Library/PackageCache/com.unity.xr.openxr@5dc08d6a3e5b/Runtime/UnitySubsystemsManifest.json.
[Subsystems] 1 'inputs' descriptors matched in Library/PackageCache/com.unity.xr.openxr@5dc08d6a3e5b/Runtime/UnitySubsystemsManifest.json
[Subsystems] 1 'displays' descriptors matched in Library/PackageCache/com.unity.xr.openxr@5dc08d6a3e5b/Runtime/UnitySubsystemsManifest.json
[Subsystems] No descriptors matched for  meshings in Library/PackageCache/com.unity.xr.openxr@5dc08d6a3e5b/Runtime/UnitySubsystemsManifest.json.
[Subsystems] Discovering subsystems at path C:\hades\Hecton8\Library\PackageCache\com.unity.xr.arfoundation@13d2457b468b
[Subsystems] No descriptors matched for  examples in Library/PackageCache/com.unity.xr.arfoundation@13d2457b468b/Runtime/UnitySubsystemsManifest.json.
[Subsystems] 1 'inputs' descriptors matched in Library/PackageCache/com.unity.xr.arfoundation@13d2457b468b/Runtime/UnitySubsystemsManifest.json
[Subsystems] No descriptors matched for  displays in Library/PackageCache/com.unity.xr.arfoundation@13d2457b468b/Runtime/UnitySubsystemsManifest.json.
[Subsystems] 1 'meshings' descriptors matched in Library/PackageCache/com.unity.xr.arfoundation@13d2457b468b/Runtime/UnitySubsystemsManifest.json
[Package Manager] Done registering packages in 0.02 seconds
[ScriptCompilation] Requested script compilation because: AssetDatabase observed changes in script compilation related files
Starting: C:\Program Files\Unity\Hub\Editor\6000.4.1f1\Editor\Data\Tools\BuildPipeline\bee_backend.exe --ipc --defer-dag-verification --dagfile="Library/Bee/1900b0aEDbg.dag" --continue-on-failure --profile="Library/Bee/backend1.traceevents" ScriptAssemblies
WorkingDir: C:/hades/Hecton8
DisplayProgressbar: Compiling Scripts
ExitCode: 0 Duration: 1m:12s
[2632/3789  0s] ILPP-Configuration Library/ilpp-configuration.nevergeneratedoutput
[3341/3789  1s] Csc Library/Bee/artifacts/1900b0aEDbg.dag/Hecton8.Core.Memory.dll (+2 others)
[3342/3789  0s] Csc Library/Bee/artifacts/1900b0aEDbg.dag/Hecton8.Environment.Fluids.dll (+2 others)
[3343/3789  0s] Csc Library/Bee/artifacts/1900b0aEDbg.dag/Hecton8.Core.Scheduling.dll (+2 others)
[3344/3789  0s] Csc Library/Bee/artifacts/1900b0aEDbg.dag/Hecton8.Core.Bucketing.dll (+2 others)
[3345/3789  0s] Csc Library/Bee/artifacts/1900b0aEDbg.dag/Hecton8.Cartography.dll (+2 others)
[3346/3789  0s] Csc Library/Bee/artifacts/1900b0aEDbg.dag/Hecton8.World.ProceduralCoral.dll (+2 others)
[3347/3789  0s] Csc Library/Bee/artifacts/1900b0aEDbg.dag/Hecton8.Core.Database.dll (+2 others)
[3348/3789  0s] Csc Library/Bee/artifacts/1900b0aEDbg.dag/Hecton8.Animation.IK.dll (+2 others)
[3349/3789  1s] Csc Library/Bee/artifacts/1900b0aEDbg.dag/Hecton8.AI.Cognition.dll (+2 others)
[3350/3789  0s] Csc Library/Bee/artifacts/1900b0aEDbg.dag/Hecton8.World.ProceduralWreckage.dll (+2 others)
[3351/3789  0s] Csc Library/Bee/artifacts/1900b0aEDbg.dag/Hecton8.World.VoxelSurfaceNets.dll (+2 others)
[3352/3789  0s] Csc Library/Bee/artifacts/1900b0aEDbg.dag/Hecton8.World.OfflineHadalTrenchBaker.Editor.dll (+2 others)
[3353/3789  3s] ILPostProcess Library/Bee/artifacts/1900b0aEDbg.dag/post-processed/Hecton8.Core.Database.dll (+pdb)
Processing assembly Library/Bee/artifacts/1900b0aEDbg.dag/Hecton8.Core.Database.dll, with 157 defines and 310 references

processors: Unity.Jobs.CodeGen.JobsILPostProcessor, zzzUnity.Burst.CodeGen.BurstILPostProcessor

running Unity.Jobs.CodeGen.JobsILPostProcessor

running zzzUnity.Burst.CodeGen.BurstILPostProcessor
[3354/3789  3s] ILPostProcess Library/Bee/artifacts/1900b0aEDbg.dag/post-processed/Hecton8.World.ProceduralCoral.dll (+pdb)
Processing assembly Library/Bee/artifacts/1900b0aEDbg.dag/Hecton8.World.ProceduralCoral.dll, with 157 defines and 311 references

processors: Unity.Jobs.CodeGen.JobsILPostProcessor, zzzUnity.Burst.CodeGen.BurstILPostProcessor

running Unity.Jobs.CodeGen.JobsILPostProcessor

running zzzUnity.Burst.CodeGen.BurstILPostProcessor
[3355/3789  3s] ILPostProcess Library/Bee/artifacts/1900b0aEDbg.dag/post-processed/Hecton8.Cartography.dll (+pdb)
Processing assembly Library/Bee/artifacts/1900b0aEDbg.dag/Hecton8.Cartography.dll, with 157 defines and 313 references

processors: Unity.Jobs.CodeGen.JobsILPostProcessor, zzzUnity.Burst.CodeGen.BurstILPostProcessor

running Unity.Jobs.CodeGen.JobsILPostProcessor

running zzzUnity.Burst.CodeGen.BurstILPostProcessor
[3356/3789  3s] ILPostProcess Library/Bee/artifacts/1900b0aEDbg.dag/post-processed/Hecton8.Animation.IK.dll (+pdb)
Processing assembly Library/Bee/artifacts/1900b0aEDbg.dag/Hecton8.Animation.IK.dll, with 157 defines and 311 references

processors: Unity.Jobs.CodeGen.JobsILPostProcessor, zzzUnity.Burst.CodeGen.BurstILPostProcessor

running Unity.Jobs.CodeGen.JobsILPostProcessor

running zzzUnity.Burst.CodeGen.BurstILPostProcessor
[3357/3789  2s] ILPostProcess Library/Bee/artifacts/1900b0aEDbg.dag/post-processed/Hecton8.World.ProceduralWreckage.dll (+pdb)
Processing assembly Library/Bee/artifacts/1900b0aEDbg.dag/Hecton8.World.ProceduralWreckage.dll, with 157 defines and 311 references

processors: Unity.Jobs.CodeGen.JobsILPostProcessor, zzzUnity.Burst.CodeGen.BurstILPostProcessor

running Unity.Jobs.CodeGen.JobsILPostProcessor

running zzzUnity.Burst.CodeGen.BurstILPostProcessor
[3358/3789  2s] ILPostProcess Library/Bee/artifacts/1900b0aEDbg.dag/post-processed/Hecton8.World.VoxelSurfaceNets.dll (+pdb)
Processing assembly Library/Bee/artifacts/1900b0aEDbg.dag/Hecton8.World.VoxelSurfaceNets.dll, with 157 defines and 311 references

processors: Unity.Jobs.CodeGen.JobsILPostProcessor, zzzUnity.Burst.CodeGen.BurstILPostProcessor

running Unity.Jobs.CodeGen.JobsILPostProcessor

running zzzUnity.Burst.CodeGen.BurstILPostProcessor
[3359/3789  0s] CopyFiles Library/ScriptAssemblies/Hecton8.World.VoxelSurfaceNets.dll
[3360/3789  0s] CopyFiles Library/ScriptAssemblies/Hecton8.World.ProceduralWreckage.dll
[3361/3789  0s] CopyFiles Library/ScriptAssemblies/Hecton8.Animation.IK.dll
[3362/3789  0s] CopyFiles Library/ScriptAssemblies/Hecton8.Cartography.dll
[3363/3789  0s] CopyFiles Library/ScriptAssemblies/Hecton8.World.ProceduralCoral.dll
[3364/3789  0s] CopyFiles Library/ScriptAssemblies/Hecton8.Core.Database.dll
[3365/3789  0s] CopyFiles Library/ScriptAssemblies/Hecton8.World.VoxelSurfaceNets.pdb
[3366/3789  0s] CopyFiles Library/ScriptAssemblies/Hecton8.World.ProceduralWreckage.pdb
[3367/3789  0s] CopyFiles Library/ScriptAssemblies/Hecton8.Animation.IK.pdb
[3368/3789  0s] CopyFiles Library/ScriptAssemblies/Hecton8.Cartography.pdb
[3369/3789  0s] CopyFiles Library/ScriptAssemblies/Hecton8.World.ProceduralCoral.pdb
[3370/3789  0s] CopyFiles Library/ScriptAssemblies/Hecton8.Core.Database.pdb
[3371/3789  0s] ILPostProcess Library/Bee/artifacts/1900b0aEDbg.dag/post-processed/Hecton8.Core.Scheduling.dll (+pdb)
Processing assembly Library/Bee/artifacts/1900b0aEDbg.dag/Hecton8.Core.Scheduling.dll, with 157 defines and 311 references

processors: Unity.Jobs.CodeGen.JobsILPostProcessor, zzzUnity.Burst.CodeGen.BurstILPostProcessor

running Unity.Jobs.CodeGen.JobsILPostProcessor

running zzzUnity.Burst.CodeGen.BurstILPostProcessor
[3372/3789  0s] CopyFiles Library/ScriptAssemblies/Hecton8.Core.Scheduling.dll
[3373/3789  0s] CopyFiles Library/ScriptAssemblies/Hecton8.Core.Scheduling.pdb
[3374/3789  2s] ILPostProcess Library/Bee/artifacts/1900b0aEDbg.dag/post-processed/Hecton8.AI.Cognition.dll (+pdb)
Processing assembly Library/Bee/artifacts/1900b0aEDbg.dag/Hecton8.AI.Cognition.dll, with 157 defines and 311 references

processors: Unity.Jobs.CodeGen.JobsILPostProcessor, zzzUnity.Burst.CodeGen.BurstILPostProcessor

running Unity.Jobs.CodeGen.JobsILPostProcessor

running zzzUnity.Burst.CodeGen.BurstILPostProcessor
[3375/3789  0s] ILPostProcess Library/Bee/artifacts/1900b0aEDbg.dag/post-processed/Hecton8.Core.Bucketing.dll (+pdb)
Processing assembly Library/Bee/artifacts/1900b0aEDbg.dag/Hecton8.Core.Bucketing.dll, with 157 defines and 311 references

processors: Unity.Jobs.CodeGen.JobsILPostProcessor, zzzUnity.Burst.CodeGen.BurstILPostProcessor

running Unity.Jobs.CodeGen.JobsILPostProcessor

running zzzUnity.Burst.CodeGen.BurstILPostProcessor
[3376/3789  0s] CopyFiles Library/ScriptAssemblies/Hecton8.AI.Cognition.pdb
[3377/3789  0s] CopyFiles Library/ScriptAssemblies/Hecton8.AI.Cognition.dll
[3378/3789  0s] CopyFiles Library/ScriptAssemblies/Hecton8.Core.Bucketing.pdb
[3379/3789  0s] CopyFiles Library/ScriptAssemblies/Hecton8.Core.Bucketing.dll
[3380/3789  0s] ILPostProcess Library/Bee/artifacts/1900b0aEDbg.dag/post-processed/Hecton8.Environment.Fluids.dll (+pdb)
Processing assembly Library/Bee/artifacts/1900b0aEDbg.dag/Hecton8.Environment.Fluids.dll, with 157 defines and 312 references

processors: Unity.Jobs.CodeGen.JobsILPostProcessor, zzzUnity.Burst.CodeGen.BurstILPostProcessor

running Unity.Jobs.CodeGen.JobsILPostProcessor

running zzzUnity.Burst.CodeGen.BurstILPostProcessor
[3381/3789  0s] CopyFiles Library/ScriptAssemblies/Hecton8.Environment.Fluids.pdb
[3382/3789  0s] CopyFiles Library/ScriptAssemblies/Hecton8.Environment.Fluids.dll
[3383/3789  0s] ILPostProcess Library/Bee/artifacts/1900b0aEDbg.dag/post-processed/Hecton8.World.OfflineHadalTrenchBaker.Editor.dll (+pdb)
Processing assembly Library/Bee/artifacts/1900b0aEDbg.dag/Hecton8.World.OfflineHadalTrenchBaker.Editor.dll, with 155 defines and 321 references

processors: Unity.Jobs.CodeGen.JobsILPostProcessor, zzzUnity.Burst.CodeGen.BurstILPostProcessor

running Unity.Jobs.CodeGen.JobsILPostProcessor

running zzzUnity.Burst.CodeGen.BurstILPostProcessor
[3384/3789  0s] ILPostProcess Library/Bee/artifacts/1900b0aEDbg.dag/post-processed/Hecton8.Core.Memory.dll (+pdb)
Processing assembly Library/Bee/artifacts/1900b0aEDbg.dag/Hecton8.Core.Memory.dll, with 157 defines and 310 references

processors: Unity.Jobs.CodeGen.JobsILPostProcessor, zzzUnity.Burst.CodeGen.BurstILPostProcessor

running Unity.Jobs.CodeGen.JobsILPostProcessor

running zzzUnity.Burst.CodeGen.BurstILPostProcessor
[3385/3789  0s] CopyFiles Library/ScriptAssemblies/Hecton8.World.OfflineHadalTrenchBaker.Editor.pdb
[3386/3789  0s] CopyFiles Library/ScriptAssemblies/Hecton8.World.OfflineHadalTrenchBaker.Editor.dll
[3387/3789  0s] CopyFiles Library/ScriptAssemblies/Hecton8.Core.Memory.pdb
[3388/3789  0s] CopyFiles Library/ScriptAssemblies/Hecton8.Core.Memory.dll
[BUSY       9s] Csc Library/Bee/artifacts/1900b0aEDbg.dag/Hecton8.Core.dll (+2 others)
[BUSY      19s] Csc Library/Bee/artifacts/1900b0aEDbg.dag/Hecton8.Core.dll (+2 others)
[BUSY      29s] Csc Library/Bee/artifacts/1900b0aEDbg.dag/Hecton8.Core.dll (+2 others)
[BUSY      39s] Csc Library/Bee/artifacts/1900b0aEDbg.dag/Hecton8.Core.dll (+2 others)
[3389/3789 45s] Csc Library/Bee/artifacts/1900b0aEDbg.dag/Hecton8.Core.dll (+2 others)
[3392/3789  0s] Csc Library/Bee/artifacts/1900b0aEDbg.dag/Hecton8.Inventory.Routing.Runtime.dll (+2 others)
[3393/3789  0s] Csc Library/Bee/artifacts/1900b0aEDbg.dag/Hecton8.Rendering.OceanSinglePass.dll (+2 others)
[3395/3789  0s] Csc Library/Bee/artifacts/1900b0aEDbg.dag/Hecton8.Rendering.BilateralDrs.dll (+2 others)
[3396/3789  0s] Csc Library/Bee/artifacts/1900b0aEDbg.dag/Hecton8.SeedShipAnomaly.Runtime.dll (+2 others)
[3397/3789  0s] Csc Library/Bee/artifacts/1900b0aEDbg.dag/Hecton8.Graphics.Scalability.dll (+2 others)
[3398/3789  0s] Csc Library/Bee/artifacts/1900b0aEDbg.dag/Hecton8.Crest.Bridge.dll (+2 others)
[3399/3789  0s] Csc Library/Bee/artifacts/1900b0aEDbg.dag/Hecton8.QA.Headless.dll (+2 others)
[3400/3789  0s] Csc Library/Bee/artifacts/1900b0aEDbg.dag/Hecton8.Lighting.dll (+2 others)
[3401/3789  0s] Csc Library/Bee/artifacts/1900b0aEDbg.dag/Hecton8.Atmosphere.StormPropagation.Runtime.dll (+2 others)
[3402/3789  0s] Csc Library/Bee/artifacts/1900b0aEDbg.dag/Hecton8.World.ShinobuBiomimetic.dll (+2 others)
[3403/3789  0s] Csc Library/Bee/artifacts/1900b0aEDbg.dag/Hecton8.InventoryRouting.Editor.dll (+2 others)
[3405/3789  0s] Csc Library/Bee/artifacts/1900b0aEDbg.dag/Hecton8.Lighting.Editor.dll (+2 others)
[3406/3789  0s] Csc Library/Bee/artifacts/1900b0aEDbg.dag/Hecton8.Crest.Bridge.Editor.dll (+2 others)
[3408/3789  0s] Csc Library/Bee/artifacts/1900b0aEDbg.dag/Hecton8.Tools.ToolKinematics.dll (+2 others)
[3409/3789  1s] Csc Library/Bee/artifacts/1900b0aEDbg.dag/Hecton8.Thermodynamics.dll (+2 others)
[3410/3789  1s] Csc Library/Bee/artifacts/1900b0aEDbg.dag/Hecton8.VFX.Bioluminescence.Runtime.dll (+2 others)
[3411/3789  0s] Csc Library/Bee/artifacts/1900b0aEDbg.dag/Hecton8.VFX.JacobianFoam.Runtime.dll (+2 others)
[3412/3789  0s] Csc Library/Bee/artifacts/1900b0aEDbg.dag/Hecton8.Rendering.WaterOptics.dll (+2 others)
[3413/3789  0s] Csc Library/Bee/artifacts/1900b0aEDbg.dag/Hecton8.Graphics.Culling.dll (+2 others)
[3414/3789  0s] Csc Library/Bee/artifacts/1900b0aEDbg.dag/Hecton8.World.FloraAmbientSway.dll (+2 others)
[3415/3789  0s] Csc Library/Bee/artifacts/1900b0aEDbg.dag/Hecton8.VFX.PlasmaBeam.Runtime.dll (+2 others)
[3416/3789  1s] Csc Library/Bee/artifacts/1900b0aEDbg.dag/Hecton8.Habitat.Deformation.dll (+2 others)
[3419/3789  0s] Csc Library/Bee/artifacts/1900b0aEDbg.dag/Hecton8.Graphics.Materials.dll (+2 others)
[3420/3789  0s] Csc Library/Bee/artifacts/1900b0aEDbg.dag/Hecton8.Audio.Synthesis.dll (+2 others)
[3421/3789  0s] Csc Library/Bee/artifacts/1900b0aEDbg.dag/Hecton8.AI.Pathfinding.dll (+2 others)
[3422/3789  0s] Csc Library/Bee/artifacts/1900b0aEDbg.dag/Hecton8.Physics.Buoyancy.Runtime.dll (+2 others)
[3423/3789  0s] Csc Library/Bee/artifacts/1900b0aEDbg.dag/Hecton8.Animation.FaunaProcedural.dll (+2 others)
[3424/3789  0s] Csc Library/Bee/artifacts/1900b0aEDbg.dag/Hecton8.Power.Generators.dll (+2 others)
[3425/3789  0s] Csc Library/Bee/artifacts/1900b0aEDbg.dag/Hecton8.Power.BatteryChargerLogistics.Runtime.dll (+2 others)
[3428/3789  1s] Csc Library/Bee/artifacts/1900b0aEDbg.dag/Hecton8.World.Economy.dll (+2 others)
[3429/3789  1s] Csc Library/Bee/artifacts/1900b0aEDbg.dag/Hecton8.Physiology.dll (+2 others)
[3430/3789  0s] Csc Library/Bee/artifacts/1900b0aEDbg.dag/Hecton8.UI.Navigation.dll (+2 others)
[3434/3789  0s] Csc Library/Bee/artifacts/1900b0aEDbg.dag/Hecton8.Vehicles.VFX.dll (+2 others)
[3435/3789  0s] Csc Library/Bee/artifacts/1900b0aEDbg.dag/Hecton8.Prologue.Space.dll (+2 others)
[3436/3789  0s] Csc Library/Bee/artifacts/1900b0aEDbg.dag/Hecton8.VFX.Debris.dll (+2 others)
[3439/3789  0s] Csc Library/Bee/artifacts/1900b0aEDbg.dag/Hecton8.Core.Hardware.dll (+2 others)
[3442/3789  0s] Csc Library/Bee/artifacts/1900b0aEDbg.dag/Hecton8.Gameplay.Mining.dll (+2 others)
[3448/3789  0s] Csc Library/Bee/artifacts/1900b0aEDbg.dag/Hecton8.PlayModeTests.dll (+2 others)
[3449/3789  0s] Csc Library/Bee/artifacts/1900b0aEDbg.dag/Hecton8.Graphics.Caustics.dll (+2 others)
[3455/3789  0s] Csc Library/Bee/artifacts/1900b0aEDbg.dag/Hecton8.AI.Ambient.dll (+2 others)
[3456/3789  0s] Csc Library/Bee/artifacts/1900b0aEDbg.dag/Hecton8.VFX.Materials.dll (+2 others)
[3457/3789  2s] Csc Library/Bee/artifacts/1900b0aEDbg.dag/Hecton8.World.VoxelSurfaceNets.Editor.dll (+2 others)
[3459/3789  2s] Csc Library/Bee/artifacts/1900b0aEDbg.dag/Hecton8.World.ProceduralCoral.Editor.dll (+2 others)
[3460/3789  2s] Csc Library/Bee/artifacts/1900b0aEDbg.dag/Hecton8.Gameplay.Loot.dll (+2 others)
[3461/3789  2s] Csc Library/Bee/artifacts/1900b0aEDbg.dag/Hecton8.SeedShipAnomaly.Editor.dll (+2 others)
[3462/3789  2s] Csc Library/Bee/artifacts/1900b0aEDbg.dag/Hecton8.Atmosphere.StormPropagation.Editor.dll (+2 others)
[3467/3789  1s] Csc Library/Bee/artifacts/1900b0aEDbg.dag/Hecton8.Audio.Synthesis.Editor.dll (+2 others)
[3468/3789  1s] Csc Library/Bee/artifacts/1900b0aEDbg.dag/Hecton8.World.ShinobuBiomimetic.Editor.dll (+2 others)
[3470/3789  0s] Csc Library/Bee/artifacts/1900b0aEDbg.dag/Hecton8.Physics.KCC.Editor.dll (+2 others)
[3471/3789  0s] Csc Library/Bee/artifacts/1900b0aEDbg.dag/Hecton8.Animation.FaunaProcedural.Editor.dll (+2 others)
[3473/3789  0s] Csc Library/Bee/artifacts/1900b0aEDbg.dag/Hecton8.AI.Pathfinding.Editor.dll (+2 others)
[3474/3789  0s] Csc Library/Bee/artifacts/1900b0aEDbg.dag/Hecton8.Physics.Buoyancy.Editor.dll (+2 others)
[3475/3789  0s] Csc Library/Bee/artifacts/1900b0aEDbg.dag/Hecton8.World.Economy.Editor.dll (+2 others)
[3478/3789  0s] Csc Library/Bee/artifacts/1900b0aEDbg.dag/Hecton8.Physiology.Editor.dll (+2 others)
[3480/3789  4s] Csc Library/Bee/artifacts/1900b0aEDbg.dag/Hecton8.Editor.dll (+2 others)
[3481/3789  0s] Csc Library/Bee/artifacts/1900b0aEDbg.dag/Hecton8.Project.Editor.dll (+2 others)
[3482/3789  0s] Csc Library/Bee/artifacts/1900b0aEDbg.dag/Hecton8.Tools.ToolKinematics.Editor.dll (+2 others)
[3483/3789  0s] Csc Library/Bee/artifacts/1900b0aEDbg.dag/Hecton8.Core.Bridge.Editor.dll (+2 others)
[3484/3789  0s] Csc Library/Bee/artifacts/1900b0aEDbg.dag/Hecton8.World.ProceduralWreckage.Editor.dll (+2 others)
[3485/3789  0s] Csc Library/Bee/artifacts/1900b0aEDbg.dag/Hecton8.VFX.JacobianFoam.Editor.dll (+2 others)
[3486/3789  0s] Csc Library/Bee/artifacts/1900b0aEDbg.dag/Hecton8.AI.Cognition.Editor.dll (+2 others)
[3487/3789  0s] Csc Library/Bee/artifacts/1900b0aEDbg.dag/Hecton8.Rendering.WaterOptics.Editor.dll (+2 others)
[3488/3789  0s] ILPostProcess Library/Bee/artifacts/1900b0aEDbg.dag/post-processed/Hecton8.Rendering.WaterOptics.dll (+pdb)
Processing assembly Library/Bee/artifacts/1900b0aEDbg.dag/Hecton8.Rendering.WaterOptics.dll, with 157 defines and 314 references

processors: Unity.Jobs.CodeGen.JobsILPostProcessor, zzzUnity.Burst.CodeGen.BurstILPostProcessor

running Unity.Jobs.CodeGen.JobsILPostProcessor

running zzzUnity.Burst.CodeGen.BurstILPostProcessor
[3489/3789  0s] Csc Library/Bee/artifacts/1900b0aEDbg.dag/Hecton8.EditModeTests.dll (+2 others)
[3490/3789  1s] ILPostProcess Library/Bee/artifacts/1900b0aEDbg.dag/post-processed/Hecton8.Physiology.dll (+pdb)
Processing assembly Library/Bee/artifacts/1900b0aEDbg.dag/Hecton8.Physiology.dll, with 157 defines and 312 references

processors: Unity.Jobs.CodeGen.JobsILPostProcessor, zzzUnity.Burst.CodeGen.BurstILPostProcessor

running Unity.Jobs.CodeGen.JobsILPostProcessor

running zzzUnity.Burst.CodeGen.BurstILPostProcessor
[3491/3789  1s] ILPostProcess Library/Bee/artifacts/1900b0aEDbg.dag/post-processed/Hecton8.World.Outposts.dll (+pdb)
Processing assembly Library/Bee/artifacts/1900b0aEDbg.dag/Hecton8.World.Outposts.dll, with 157 defines and 313 references

processors: Unity.Jobs.CodeGen.JobsILPostProcessor, zzzUnity.Burst.CodeGen.BurstILPostProcessor

running Unity.Jobs.CodeGen.JobsILPostProcessor

running zzzUnity.Burst.CodeGen.BurstILPostProcessor
[3492/3789  1s] ILPostProcess Library/Bee/artifacts/1900b0aEDbg.dag/post-processed/Hecton8.World.Economy.dll (+pdb)
Processing assembly Library/Bee/artifacts/1900b0aEDbg.dag/Hecton8.World.Economy.dll, with 157 defines and 314 references

processors: Unity.Jobs.CodeGen.JobsILPostProcessor, zzzUnity.Burst.CodeGen.BurstILPostProcessor

running Unity.Jobs.CodeGen.JobsILPostProcessor

running zzzUnity.Burst.CodeGen.BurstILPostProcessor
[3493/3789  1s] ILPostProcess Library/Bee/artifacts/1900b0aEDbg.dag/post-processed/Hecton8.UI.Navigation.dll (+pdb)
Processing assembly Library/Bee/artifacts/1900b0aEDbg.dag/Hecton8.UI.Navigation.dll, with 157 defines and 313 references

processors: Unity.Jobs.CodeGen.JobsILPostProcessor, zzzUnity.Burst.CodeGen.BurstILPostProcessor

running Unity.Jobs.CodeGen.JobsILPostProcessor

running zzzUnity.Burst.CodeGen.BurstILPostProcessor
[3494/3789  1s] ILPostProcess Library/Bee/artifacts/1900b0aEDbg.dag/post-processed/Hecton8.Narrative.Campaign.dll (+pdb)
Processing assembly Library/Bee/artifacts/1900b0aEDbg.dag/Hecton8.Narrative.Campaign.dll, with 157 defines and 312 references

processors: Unity.Jobs.CodeGen.JobsILPostProcessor, zzzUnity.Burst.CodeGen.BurstILPostProcessor

running Unity.Jobs.CodeGen.JobsILPostProcessor

running zzzUnity.Burst.CodeGen.BurstILPostProcessor
[3495/3789  1s] ILPostProcess Library/Bee/artifacts/1900b0aEDbg.dag/post-processed/Hecton8.Lighting.dll (+pdb)
Processing assembly Library/Bee/artifacts/1900b0aEDbg.dag/Hecton8.Lighting.dll, with 157 defines and 314 references

processors: Unity.Jobs.CodeGen.JobsILPostProcessor, zzzUnity.Burst.CodeGen.BurstILPostProcessor

running Unity.Jobs.CodeGen.JobsILPostProcessor

running zzzUnity.Burst.CodeGen.BurstILPostProcessor
[3496/3789  0s] ILPostProcess Library/Bee/artifacts/1900b0aEDbg.dag/post-processed/Hecton8.Gameplay.Loot.dll (+pdb)
Processing assembly Library/Bee/artifacts/1900b0aEDbg.dag/Hecton8.Gameplay.Loot.dll, with 157 defines and 312 references

processors: Unity.Jobs.CodeGen.JobsILPostProcessor, zzzUnity.Burst.CodeGen.BurstILPostProcessor

running Unity.Jobs.CodeGen.JobsILPostProcessor

running zzzUnity.Burst.CodeGen.BurstILPostProcessor
[3497/3789  1s] ILPostProcess Library/Bee/artifacts/1900b0aEDbg.dag/post-processed/Hecton8.Graphics.Culling.dll (+pdb)
Processing assembly Library/Bee/artifacts/1900b0aEDbg.dag/Hecton8.Graphics.Culling.dll, with 157 defines and 313 references

processors: Unity.Jobs.CodeGen.JobsILPostProcessor, zzzUnity.Burst.CodeGen.BurstILPostProcessor

running Unity.Jobs.CodeGen.JobsILPostProcessor

running zzzUnity.Burst.CodeGen.BurstILPostProcessor
[3498/3789  1s] ILPostProcess Library/Bee/artifacts/1900b0aEDbg.dag/post-processed/Hecton8.Atmosphere.StormPropagation.Runtime.dll (+pdb)
Processing assembly Library/Bee/artifacts/1900b0aEDbg.dag/Hecton8.Atmosphere.StormPropagation.Runtime.dll, with 157 defines and 312 references

processors: Unity.Jobs.CodeGen.JobsILPostProcessor, zzzUnity.Burst.CodeGen.BurstILPostProcessor

running Unity.Jobs.CodeGen.JobsILPostProcessor

running zzzUnity.Burst.CodeGen.BurstILPostProcessor
[3499/3789  1s] ILPostProcess Library/Bee/artifacts/1900b0aEDbg.dag/post-processed/Hecton8.Habitat.Deformation.dll (+pdb)
Processing assembly Library/Bee/artifacts/1900b0aEDbg.dag/Hecton8.Habitat.Deformation.dll, with 157 defines and 315 references

processors: Unity.Jobs.CodeGen.JobsILPostProcessor, zzzUnity.Burst.CodeGen.BurstILPostProcessor

running Unity.Jobs.CodeGen.JobsILPostProcessor

running zzzUnity.Burst.CodeGen.BurstILPostProcessor
[3500/3789  1s] ILPostProcess Library/Bee/artifacts/1900b0aEDbg.dag/post-processed/Hecton8.VFX.PlasmaBeam.Runtime.dll (+pdb)
Processing assembly Library/Bee/artifacts/1900b0aEDbg.dag/Hecton8.VFX.PlasmaBeam.Runtime.dll, with 157 defines and 313 references

processors: Unity.Jobs.CodeGen.JobsILPostProcessor, zzzUnity.Burst.CodeGen.BurstILPostProcessor

running Unity.Jobs.CodeGen.JobsILPostProcessor

running zzzUnity.Burst.CodeGen.BurstILPostProcessor
[3501/3789  1s] ILPostProcess Library/Bee/artifacts/1900b0aEDbg.dag/post-processed/Hecton8.Audio.Synthesis.dll (+pdb)
Processing assembly Library/Bee/artifacts/1900b0aEDbg.dag/Hecton8.Audio.Synthesis.dll, with 157 defines and 312 references

processors: Unity.Jobs.CodeGen.JobsILPostProcessor, zzzUnity.Burst.CodeGen.BurstILPostProcessor

running Unity.Jobs.CodeGen.JobsILPostProcessor

running zzzUnity.Burst.CodeGen.BurstILPostProcessor
[3502/3789  1s] ILPostProcess Library/Bee/artifacts/1900b0aEDbg.dag/post-processed/Hecton8.World.FloraAmbientSway.dll (+pdb)
Processing assembly Library/Bee/artifacts/1900b0aEDbg.dag/Hecton8.World.FloraAmbientSway.dll, with 157 defines and 313 references

processors: Unity.Jobs.CodeGen.JobsILPostProcessor, zzzUnity.Burst.CodeGen.BurstILPostProcessor

running Unity.Jobs.CodeGen.JobsILPostProcessor

running zzzUnity.Burst.CodeGen.BurstILPostProcessor
[3503/3789  1s] ILPostProcess Library/Bee/artifacts/1900b0aEDbg.dag/post-processed/Hecton8.Graphics.Materials.dll (+pdb)
Processing assembly Library/Bee/artifacts/1900b0aEDbg.dag/Hecton8.Graphics.Materials.dll, with 157 defines and 313 references

processors: Unity.Jobs.CodeGen.JobsILPostProcessor, zzzUnity.Burst.CodeGen.BurstILPostProcessor

running Unity.Jobs.CodeGen.JobsILPostProcessor

running zzzUnity.Burst.CodeGen.BurstILPostProcessor
[3504/3789  1s] ILPostProcess Library/Bee/artifacts/1900b0aEDbg.dag/post-processed/Assembly-CSharp.dll (+pdb)
Processing assembly Library/Bee/artifacts/1900b0aEDbg.dag/Assembly-CSharp.dll, with 157 defines and 442 references

processors: Unity.Jobs.CodeGen.JobsILPostProcessor, zzzUnity.Burst.CodeGen.BurstILPostProcessor

running Unity.Jobs.CodeGen.JobsILPostProcessor

running zzzUnity.Burst.CodeGen.BurstILPostProcessor
[3505/3789  0s] ILPostProcess Library/Bee/artifacts/1900b0aEDbg.dag/post-processed/Hecton8.UI.Tools.dll (+pdb)
Processing assembly Library/Bee/artifacts/1900b0aEDbg.dag/Hecton8.UI.Tools.dll, with 157 defines and 310 references

processors: Unity.Jobs.CodeGen.JobsILPostProcessor, zzzUnity.Burst.CodeGen.BurstILPostProcessor

running Unity.Jobs.CodeGen.JobsILPostProcessor

running zzzUnity.Burst.CodeGen.BurstILPostProcessor
[3506/3789  1s] ILPostProcess Library/Bee/artifacts/1900b0aEDbg.dag/post-processed/Hecton8.AI.Pathfinding.dll (+pdb)
Processing assembly Library/Bee/artifacts/1900b0aEDbg.dag/Hecton8.AI.Pathfinding.dll, with 157 defines and 312 references

processors: Unity.Jobs.CodeGen.JobsILPostProcessor, zzzUnity.Burst.CodeGen.BurstILPostProcessor

running Unity.Jobs.CodeGen.JobsILPostProcessor

running zzzUnity.Burst.CodeGen.BurstILPostProcessor
[3507/3789  0s] ILPostProcess Library/Bee/artifacts/1900b0aEDbg.dag/post-processed/Hecton8.Narrative.Prologue.dll (+pdb)
Processing assembly Library/Bee/artifacts/1900b0aEDbg.dag/Hecton8.Narrative.Prologue.dll, with 157 defines and 310 references

processors: Unity.Jobs.CodeGen.JobsILPostProcessor, zzzUnity.Burst.CodeGen.BurstILPostProcessor

running Unity.Jobs.CodeGen.JobsILPostProcessor

running zzzUnity.Burst.CodeGen.BurstILPostProcessor
[3508/3789  0s] ILPostProcess Library/Bee/artifacts/1900b0aEDbg.dag/post-processed/Hecton8.Core.Hardware.dll (+pdb)
Processing assembly Library/Bee/artifacts/1900b0aEDbg.dag/Hecton8.Core.Hardware.dll, with 157 defines and 313 references

processors: Unity.Jobs.CodeGen.JobsILPostProcessor, zzzUnity.Burst.CodeGen.BurstILPostProcessor

running Unity.Jobs.CodeGen.JobsILPostProcessor

running zzzUnity.Burst.CodeGen.BurstILPostProcessor
[3509/3789  0s] ILPostProcess Library/Bee/artifacts/1900b0aEDbg.dag/post-processed/Hecton8.Vehicles.VFX.dll (+pdb)
Processing assembly Library/Bee/artifacts/1900b0aEDbg.dag/Hecton8.Vehicles.VFX.dll, with 157 defines and 312 references

processors: Unity.Jobs.CodeGen.JobsILPostProcessor, zzzUnity.Burst.CodeGen.BurstILPostProcessor

running Unity.Jobs.CodeGen.JobsILPostProcessor

running zzzUnity.Burst.CodeGen.BurstILPostProcessor
[3510/3789  0s] ILPostProcess Library/Bee/artifacts/1900b0aEDbg.dag/post-processed/Hecton8.Physics.Buoyancy.Runtime.dll (+pdb)
Processing assembly Library/Bee/artifacts/1900b0aEDbg.dag/Hecton8.Physics.Buoyancy.Runtime.dll, with 157 defines and 312 references

processors: Unity.Jobs.CodeGen.JobsILPostProcessor, zzzUnity.Burst.CodeGen.BurstILPostProcessor

running Unity.Jobs.CodeGen.JobsILPostProcessor

running zzzUnity.Burst.CodeGen.BurstILPostProcessor
[3511/3789  0s] ILPostProcess Library/Bee/artifacts/1900b0aEDbg.dag/post-processed/Hecton8.Power.BatteryChargerLogistics.Runtime.dll (+pdb)
Processing assembly Library/Bee/artifacts/1900b0aEDbg.dag/Hecton8.Power.BatteryChargerLogistics.Runtime.dll, with 157 defines and 312 references

processors: Unity.Jobs.CodeGen.JobsILPostProcessor, zzzUnity.Burst.CodeGen.BurstILPostProcessor

running Unity.Jobs.CodeGen.JobsILPostProcessor

running zzzUnity.Burst.CodeGen.BurstILPostProcessor
[3512/3789  0s] ILPostProcess Library/Bee/artifacts/1900b0aEDbg.dag/post-processed/Hecton8.VFX.Bioluminescence.Runtime.dll (+pdb)
Processing assembly Library/Bee/artifacts/1900b0aEDbg.dag/Hecton8.VFX.Bioluminescence.Runtime.dll, with 157 defines and 313 references

processors: Unity.Jobs.CodeGen.JobsILPostProcessor, zzzUnity.Burst.CodeGen.BurstILPostProcessor

running Unity.Jobs.CodeGen.JobsILPostProcessor

running zzzUnity.Burst.CodeGen.BurstILPostProcessor
[3513/3789  0s] ILPostProcess Library/Bee/artifacts/1900b0aEDbg.dag/post-processed/Hecton8.Plugins.dll (+pdb)
Processing assembly Library/Bee/artifacts/1900b0aEDbg.dag/Hecton8.Plugins.dll, with 157 defines and 314 references

processors: Unity.Jobs.CodeGen.JobsILPostProcessor, zzzUnity.Burst.CodeGen.BurstILPostProcessor

running Unity.Jobs.CodeGen.JobsILPostProcessor

running zzzUnity.Burst.CodeGen.BurstILPostProcessor
[3514/3789  0s] ILPostProcess Library/Bee/artifacts/1900b0aEDbg.dag/post-processed/Hecton8.Gameplay.Loot.Contracts.dll (+pdb)
Processing assembly Library/Bee/artifacts/1900b0aEDbg.dag/Hecton8.Gameplay.Loot.Contracts.dll, with 157 defines and 311 references

processors: Unity.Jobs.CodeGen.JobsILPostProcessor, zzzUnity.Burst.CodeGen.BurstILPostProcessor

running Unity.Jobs.CodeGen.JobsILPostProcessor

running zzzUnity.Burst.CodeGen.BurstILPostProcessor
[3515/3789  0s] ILPostProcess Library/Bee/artifacts/1900b0aEDbg.dag/post-processed/Hecton8.VFX.Debris.dll (+pdb)
Processing assembly Library/Bee/artifacts/1900b0aEDbg.dag/Hecton8.VFX.Debris.dll, with 157 defines and 313 references

processors: Unity.Jobs.CodeGen.JobsILPostProcessor, zzzUnity.Burst.CodeGen.BurstILPostProcessor

running Unity.Jobs.CodeGen.JobsILPostProcessor

running zzzUnity.Burst.CodeGen.BurstILPostProcessor
[3516/3789  0s] ILPostProcess Library/Bee/artifacts/1900b0aEDbg.dag/post-processed/Hecton8.Rendering.OceanSinglePass.dll (+pdb)
Processing assembly Library/Bee/artifacts/1900b0aEDbg.dag/Hecton8.Rendering.OceanSinglePass.dll, with 157 defines and 315 references

processors: Unity.Jobs.CodeGen.JobsILPostProcessor, zzzUnity.Burst.CodeGen.BurstILPostProcessor

running Unity.Jobs.CodeGen.JobsILPostProcessor

running zzzUnity.Burst.CodeGen.BurstILPostProcessor
[3517/3789  0s] ILPostProcess Library/Bee/artifacts/1900b0aEDbg.dag/post-processed/Hecton8.SeedShipAnomaly.Runtime.dll (+pdb)
Processing assembly Library/Bee/artifacts/1900b0aEDbg.dag/Hecton8.SeedShipAnomaly.Runtime.dll, with 157 defines and 312 references

processors: Unity.Jobs.CodeGen.JobsILPostProcessor, zzzUnity.Burst.CodeGen.BurstILPostProcessor

running Unity.Jobs.CodeGen.JobsILPostProcessor

running zzzUnity.Burst.CodeGen.BurstILPostProcessor
[3518/3789  0s] ILPostProcess Library/Bee/artifacts/1900b0aEDbg.dag/post-processed/Hecton8.World.Streaming.dll (+pdb)
Processing assembly Library/Bee/artifacts/1900b0aEDbg.dag/Hecton8.World.Streaming.dll, with 158 defines and 308 references

processors: Unity.Jobs.CodeGen.JobsILPostProcessor, zzzUnity.Burst.CodeGen.BurstILPostProcessor

running Unity.Jobs.CodeGen.JobsILPostProcessor

running zzzUnity.Burst.CodeGen.BurstILPostProcessor
[3519/3789  0s] ILPostProcess Library/Bee/artifacts/1900b0aEDbg.dag/post-processed/Hecton8.Graphics.Scalability.dll (+pdb)
Processing assembly Library/Bee/artifacts/1900b0aEDbg.dag/Hecton8.Graphics.Scalability.dll, with 157 defines and 315 references

processors: Unity.Jobs.CodeGen.JobsILPostProcessor, zzzUnity.Burst.CodeGen.BurstILPostProcessor

running Unity.Jobs.CodeGen.JobsILPostProcessor

running zzzUnity.Burst.CodeGen.BurstILPostProcessor
[3520/3789  0s] ILPostProcess Library/Bee/artifacts/1900b0aEDbg.dag/post-processed/Hecton8.Audio.Prologue.dll (+pdb)
Processing assembly Library/Bee/artifacts/1900b0aEDbg.dag/Hecton8.Audio.Prologue.dll, with 157 defines and 311 references

processors: Unity.Jobs.CodeGen.JobsILPostProcessor, zzzUnity.Burst.CodeGen.BurstILPostProcessor

running Unity.Jobs.CodeGen.JobsILPostProcessor

running zzzUnity.Burst.CodeGen.BurstILPostProcessor
[3521/3789  0s] ILPostProcess Library/Bee/artifacts/1900b0aEDbg.dag/post-processed/Hecton8.Dev.SpaceEngine098.dll (+pdb)
Processing assembly Library/Bee/artifacts/1900b0aEDbg.dag/Hecton8.Dev.SpaceEngine098.dll, with 157 defines and 310 references

processors: Unity.Jobs.CodeGen.JobsILPostProcessor, zzzUnity.Burst.CodeGen.BurstILPostProcessor

running Unity.Jobs.CodeGen.JobsILPostProcessor

running zzzUnity.Burst.CodeGen.BurstILPostProcessor
[3522/3789  0s] ILPostProcess Library/Bee/artifacts/1900b0aEDbg.dag/post-processed/Hecton8.QA.Headless.dll (+pdb)
Processing assembly Library/Bee/artifacts/1900b0aEDbg.dag/Hecton8.QA.Headless.dll, with 157 defines and 312 references

processors: Unity.Jobs.CodeGen.JobsILPostProcessor, zzzUnity.Burst.CodeGen.BurstILPostProcessor

running Unity.Jobs.CodeGen.JobsILPostProcessor

running zzzUnity.Burst.CodeGen.BurstILPostProcessor
[3523/3789  0s] ILPostProcess Library/Bee/artifacts/1900b0aEDbg.dag/post-processed/Hecton8.UI.VR.dll (+pdb)
Processing assembly Library/Bee/artifacts/1900b0aEDbg.dag/Hecton8.UI.VR.dll, with 157 defines and 313 references

processors: Unity.Jobs.CodeGen.JobsILPostProcessor, zzzUnity.Burst.CodeGen.BurstILPostProcessor

running Unity.Jobs.CodeGen.JobsILPostProcessor

running zzzUnity.Burst.CodeGen.BurstILPostProcessor
[3524/3789  0s] ILPostProcess Library/Bee/artifacts/1900b0aEDbg.dag/post-processed/Hecton8.PlayModeTests.dll (+pdb)
Processing assembly Library/Bee/artifacts/1900b0aEDbg.dag/Hecton8.PlayModeTests.dll, with 157 defines and 270 references

processors: Unity.Jobs.CodeGen.JobsILPostProcessor, zzzUnity.Burst.CodeGen.BurstILPostProcessor

running Unity.Jobs.CodeGen.JobsILPostProcessor

running zzzUnity.Burst.CodeGen.BurstILPostProcessor
[3525/3789  0s] ILPostProcess Library/Bee/artifacts/1900b0aEDbg.dag/post-processed/Hecton8.AI.Ambient.dll (+pdb)
Processing assembly Library/Bee/artifacts/1900b0aEDbg.dag/Hecton8.AI.Ambient.dll, with 157 defines and 312 references

processors: Unity.Jobs.CodeGen.JobsILPostProcessor, zzzUnity.Burst.CodeGen.BurstILPostProcessor

running Unity.Jobs.CodeGen.JobsILPostProcessor

running zzzUnity.Burst.CodeGen.BurstILPostProcessor
[3526/3789  0s] ILPostProcess Library/Bee/artifacts/1900b0aEDbg.dag/post-processed/Hecton8.UI.Diegetic.dll (+pdb)
Processing assembly Library/Bee/artifacts/1900b0aEDbg.dag/Hecton8.UI.Diegetic.dll, with 157 defines and 313 references

processors: Unity.Jobs.CodeGen.JobsILPostProcessor, zzzUnity.Burst.CodeGen.BurstILPostProcessor

running Unity.Jobs.CodeGen.JobsILPostProcessor

running zzzUnity.Burst.CodeGen.BurstILPostProcessor
[3527/3789  0s] ILPostProcess Library/Bee/artifacts/1900b0aEDbg.dag/post-processed/Hecton8.Graphics.Caustics.dll (+pdb)
Processing assembly Library/Bee/artifacts/1900b0aEDbg.dag/Hecton8.Graphics.Caustics.dll, with 157 defines and 312 references

processors: Unity.Jobs.CodeGen.JobsILPostProcessor, zzzUnity.Burst.CodeGen.BurstILPostProcessor

running Unity.Jobs.CodeGen.JobsILPostProcessor

running zzzUnity.Burst.CodeGen.BurstILPostProcessor
[3528/3789  0s] ILPostProcess Library/Bee/artifacts/1900b0aEDbg.dag/post-processed/Hecton8.VFX.Materials.dll (+pdb)
Processing assembly Library/Bee/artifacts/1900b0aEDbg.dag/Hecton8.VFX.Materials.dll, with 157 defines and 311 references

processors: Unity.Jobs.CodeGen.JobsILPostProcessor, zzzUnity.Burst.CodeGen.BurstILPostProcessor

running Unity.Jobs.CodeGen.JobsILPostProcessor

running zzzUnity.Burst.CodeGen.BurstILPostProcessor
[3529/3789  1s] ILPostProcess Library/Bee/artifacts/1900b0aEDbg.dag/post-processed/Hecton8.Inventory.Routing.Runtime.dll (+pdb)
Processing assembly Library/Bee/artifacts/1900b0aEDbg.dag/Hecton8.Inventory.Routing.Runtime.dll, with 157 defines and 312 references

processors: Unity.Jobs.CodeGen.JobsILPostProcessor, zzzUnity.Burst.CodeGen.BurstILPostProcessor

running Unity.Jobs.CodeGen.JobsILPostProcessor

running zzzUnity.Burst.CodeGen.BurstILPostProcessor
[3530/3789  1s] ILPostProcess Library/Bee/artifacts/1900b0aEDbg.dag/post-processed/Hecton8.QA.dll (+pdb)
Processing assembly Library/Bee/artifacts/1900b0aEDbg.dag/Hecton8.QA.dll, with 157 defines and 310 references

processors: Unity.Jobs.CodeGen.JobsILPostProcessor, zzzUnity.Burst.CodeGen.BurstILPostProcessor

running Unity.Jobs.CodeGen.JobsILPostProcessor

running zzzUnity.Burst.CodeGen.BurstILPostProcessor
[3531/3789  1s] ILPostProcess Library/Bee/artifacts/1900b0aEDbg.dag/post-processed/Hecton8.Crest.Bridge.dll (+pdb)
Processing assembly Library/Bee/artifacts/1900b0aEDbg.dag/Hecton8.Crest.Bridge.dll, with 157 defines and 318 references

processors: Unity.Jobs.CodeGen.JobsILPostProcessor, zzzUnity.Burst.CodeGen.BurstILPostProcessor

running Unity.Jobs.CodeGen.JobsILPostProcessor

running zzzUnity.Burst.CodeGen.BurstILPostProcessor
[3532/3789  1s] ILPostProcess Library/Bee/artifacts/1900b0aEDbg.dag/post-processed/Hecton8.Gameplay.Mining.dll (+pdb)
Processing assembly Library/Bee/artifacts/1900b0aEDbg.dag/Hecton8.Gameplay.Mining.dll, with 157 defines and 314 references

processors: Unity.Jobs.CodeGen.JobsILPostProcessor, zzzUnity.Burst.CodeGen.BurstILPostProcessor

running Unity.Jobs.CodeGen.JobsILPostProcessor

running zzzUnity.Burst.CodeGen.BurstILPostProcessor
[3533/3789  1s] ILPostProcess Library/Bee/artifacts/1900b0aEDbg.dag/post-processed/Hecton8.Animation.FaunaProcedural.dll (+pdb)
Processing assembly Library/Bee/artifacts/1900b0aEDbg.dag/Hecton8.Animation.FaunaProcedural.dll, with 157 defines and 312 references

processors: Unity.Jobs.CodeGen.JobsILPostProcessor, zzzUnity.Burst.CodeGen.BurstILPostProcessor

running Unity.Jobs.CodeGen.JobsILPostProcessor

running zzzUnity.Burst.CodeGen.BurstILPostProcessor
[3534/3789  1s] ILPostProcess Library/Bee/artifacts/1900b0aEDbg.dag/post-processed/Hecton8.Thermodynamics.dll (+pdb)
Processing assembly Library/Bee/artifacts/1900b0aEDbg.dag/Hecton8.Thermodynamics.dll, with 157 defines and 312 references

processors: Unity.Jobs.CodeGen.JobsILPostProcessor, zzzUnity.Burst.CodeGen.BurstILPostProcessor

running Unity.Jobs.CodeGen.JobsILPostProcessor

running zzzUnity.Burst.CodeGen.BurstILPostProcessor
[3535/3789  1s] ILPostProcess Library/Bee/artifacts/1900b0aEDbg.dag/post-processed/Hecton8.Rendering.BilateralDrs.dll (+pdb)
Processing assembly Library/Bee/artifacts/1900b0aEDbg.dag/Hecton8.Rendering.BilateralDrs.dll, with 157 defines and 314 references

processors: Unity.Jobs.CodeGen.JobsILPostProcessor, zzzUnity.Burst.CodeGen.BurstILPostProcessor

running Unity.Jobs.CodeGen.JobsILPostProcessor

running zzzUnity.Burst.CodeGen.BurstILPostProcessor
[3536/3789  0s] ILPostProcess Library/Bee/artifacts/1900b0aEDbg.dag/post-processed/Hecton8.Power.Generators.dll (+pdb)
Processing assembly Library/Bee/artifacts/1900b0aEDbg.dag/Hecton8.Power.Generators.dll, with 157 defines and 313 references

processors: Unity.Jobs.CodeGen.JobsILPostProcessor, zzzUnity.Burst.CodeGen.BurstILPostProcessor

running Unity.Jobs.CodeGen.JobsILPostProcessor

running zzzUnity.Burst.CodeGen.BurstILPostProcessor
[3537/3789  0s] ILPostProcess Library/Bee/artifacts/1900b0aEDbg.dag/post-processed/Hecton8.Prologue.VFX.dll (+pdb)
Processing assembly Library/Bee/artifacts/1900b0aEDbg.dag/Hecton8.Prologue.VFX.dll, with 157 defines and 311 references

processors: Unity.Jobs.CodeGen.JobsILPostProcessor, zzzUnity.Burst.CodeGen.BurstILPostProcessor

running Unity.Jobs.CodeGen.JobsILPostProcessor

running zzzUnity.Burst.CodeGen.BurstILPostProcessor
[3538/3789  0s] ILPostProcess Library/Bee/artifacts/1900b0aEDbg.dag/post-processed/Hecton8.World.ShinobuBiomimetic.dll (+pdb)
Processing assembly Library/Bee/artifacts/1900b0aEDbg.dag/Hecton8.World.ShinobuBiomimetic.dll, with 157 defines and 312 references

processors: Unity.Jobs.CodeGen.JobsILPostProcessor, zzzUnity.Burst.CodeGen.BurstILPostProcessor

running Unity.Jobs.CodeGen.JobsILPostProcessor

running zzzUnity.Burst.CodeGen.BurstILPostProcessor
[3539/3789  0s] ILPostProcess Library/Bee/artifacts/1900b0aEDbg.dag/post-processed/Hecton8.Prologue.Space.dll (+pdb)
Processing assembly Library/Bee/artifacts/1900b0aEDbg.dag/Hecton8.Prologue.Space.dll, with 157 defines and 312 references

processors: Unity.Jobs.CodeGen.JobsILPostProcessor, zzzUnity.Burst.CodeGen.BurstILPostProcessor

running Unity.Jobs.CodeGen.JobsILPostProcessor

running zzzUnity.Burst.CodeGen.BurstILPostProcessor
[3540/3789  0s] ILPostProcess Library/Bee/artifacts/1900b0aEDbg.dag/post-processed/Hecton8.Tools.ToolKinematics.dll (+pdb)
Processing assembly Library/Bee/artifacts/1900b0aEDbg.dag/Hecton8.Tools.ToolKinematics.dll, with 157 defines and 313 references

processors: Unity.Jobs.CodeGen.JobsILPostProcessor, zzzUnity.Burst.CodeGen.BurstILPostProcessor

running Unity.Jobs.CodeGen.JobsILPostProcessor

running zzzUnity.Burst.CodeGen.BurstILPostProcessor
[3541/3789  0s] ILPostProcess Library/Bee/artifacts/1900b0aEDbg.dag/post-processed/Hecton8.VFX.JacobianFoam.Runtime.dll (+pdb)
Processing assembly Library/Bee/artifacts/1900b0aEDbg.dag/Hecton8.VFX.JacobianFoam.Runtime.dll, with 157 defines and 314 references

processors: Unity.Jobs.CodeGen.JobsILPostProcessor, zzzUnity.Burst.CodeGen.BurstILPostProcessor

running Unity.Jobs.CodeGen.JobsILPostProcessor

running zzzUnity.Burst.CodeGen.BurstILPostProcessor
[3542/3789  0s] ILPostProcess Library/Bee/artifacts/1900b0aEDbg.dag/post-processed/Hecton8.Optimization.Editor.dll (+pdb)
Processing assembly Library/Bee/artifacts/1900b0aEDbg.dag/Hecton8.Optimization.Editor.dll, with 155 defines and 317 references

processors: Unity.Jobs.CodeGen.JobsILPostProcessor, zzzUnity.Burst.CodeGen.BurstILPostProcessor

running Unity.Jobs.CodeGen.JobsILPostProcessor

running zzzUnity.Burst.CodeGen.BurstILPostProcessor
[3543/3789  0s] ILPostProcess Library/Bee/artifacts/1900b0aEDbg.dag/post-processed/Hecton8.UI.Editor.dll (+pdb)
Processing assembly Library/Bee/artifacts/1900b0aEDbg.dag/Hecton8.UI.Editor.dll, with 155 defines and 319 references

processors: Unity.Jobs.CodeGen.JobsILPostProcessor, zzzUnity.Burst.CodeGen.BurstILPostProcessor

running Unity.Jobs.CodeGen.JobsILPostProcessor

running zzzUnity.Burst.CodeGen.BurstILPostProcessor
[3544/3789  0s] ILPostProcess Library/Bee/artifacts/1900b0aEDbg.dag/post-processed/Hecton8.UI.TerminalOS.Editor.dll (+pdb)
Processing assembly Library/Bee/artifacts/1900b0aEDbg.dag/Hecton8.UI.TerminalOS.Editor.dll, with 155 defines and 319 references

processors: Unity.Jobs.CodeGen.JobsILPostProcessor, zzzUnity.Burst.CodeGen.BurstILPostProcessor

running Unity.Jobs.CodeGen.JobsILPostProcessor

running zzzUnity.Burst.CodeGen.BurstILPostProcessor
[3545/3789  0s] ILPostProcess Library/Bee/artifacts/1900b0aEDbg.dag/post-processed/Hecton8.Physics.KCC.Editor.dll (+pdb)
Processing assembly Library/Bee/artifacts/1900b0aEDbg.dag/Hecton8.Physics.KCC.Editor.dll, with 155 defines and 286 references

processors: Unity.Jobs.CodeGen.JobsILPostProcessor, zzzUnity.Burst.CodeGen.BurstILPostProcessor

running Unity.Jobs.CodeGen.JobsILPostProcessor

running zzzUnity.Burst.CodeGen.BurstILPostProcessor
[3546/3789  0s] ILPostProcess Library/Bee/artifacts/1900b0aEDbg.dag/post-processed/Assembly-CSharp-firstpass.dll (+pdb)
Processing assembly Library/Bee/artifacts/1900b0aEDbg.dag/Assembly-CSharp-firstpass.dll, with 157 defines and 441 references

processors: Unity.Jobs.CodeGen.JobsILPostProcessor, zzzUnity.Burst.CodeGen.BurstILPostProcessor

running Unity.Jobs.CodeGen.JobsILPostProcessor

running zzzUnity.Burst.CodeGen.BurstILPostProcessor
[3547/3789  0s] ILPostProcess Library/Bee/artifacts/1900b0aEDbg.dag/post-processed/Hecton8.Crest.Bridge.Editor.dll (+pdb)
Processing assembly Library/Bee/artifacts/1900b0aEDbg.dag/Hecton8.Crest.Bridge.Editor.dll, with 156 defines and 344 references

processors: Unity.Jobs.CodeGen.JobsILPostProcessor, zzzUnity.Burst.CodeGen.BurstILPostProcessor

running Unity.Jobs.CodeGen.JobsILPostProcessor

running zzzUnity.Burst.CodeGen.BurstILPostProcessor
[3548/3789  0s] ILPostProcess Library/Bee/artifacts/1900b0aEDbg.dag/post-processed/Hecton8.Tools.ToolKinematics.Editor.dll (+pdb)
Processing assembly Library/Bee/artifacts/1900b0aEDbg.dag/Hecton8.Tools.ToolKinematics.Editor.dll, with 155 defines and 323 references

processors: Unity.Jobs.CodeGen.JobsILPostProcessor, zzzUnity.Burst.CodeGen.BurstILPostProcessor

running Unity.Jobs.CodeGen.JobsILPostProcessor

running zzzUnity.Burst.CodeGen.BurstILPostProcessor
[3549/3789  0s] ILPostProcess Library/Bee/artifacts/1900b0aEDbg.dag/post-processed/Hecton8.World.HydraulicErosionForge.Editor.dll (+pdb)
Processing assembly Library/Bee/artifacts/1900b0aEDbg.dag/Hecton8.World.HydraulicErosionForge.Editor.dll, with 155 defines and 320 references

processors: Unity.Jobs.CodeGen.JobsILPostProcessor, zzzUnity.Burst.CodeGen.BurstILPostProcessor

running Unity.Jobs.CodeGen.JobsILPostProcessor

running zzzUnity.Burst.CodeGen.BurstILPostProcessor
[3550/3789  0s] ILPostProcess Library/Bee/artifacts/1900b0aEDbg.dag/post-processed/Hecton8.Physiology.Editor.dll (+pdb)
Processing assembly Library/Bee/artifacts/1900b0aEDbg.dag/Hecton8.Physiology.Editor.dll, with 155 defines and 322 references

processors: Unity.Jobs.CodeGen.JobsILPostProcessor, zzzUnity.Burst.CodeGen.BurstILPostProcessor

running Unity.Jobs.CodeGen.JobsILPostProcessor

running zzzUnity.Burst.CodeGen.BurstILPostProcessor
[3551/3789  0s] ILPostProcess Library/Bee/artifacts/1900b0aEDbg.dag/post-processed/Hecton8.Graphics.Materials.Editor.dll (+pdb)
Processing assembly Library/Bee/artifacts/1900b0aEDbg.dag/Hecton8.Graphics.Materials.Editor.dll, with 155 defines and 319 references

processors: Unity.Jobs.CodeGen.JobsILPostProcessor, zzzUnity.Burst.CodeGen.BurstILPostProcessor

running Unity.Jobs.CodeGen.JobsILPostProcessor

running zzzUnity.Burst.CodeGen.BurstILPostProcessor
[3552/3789  0s] ILPostProcess Library/Bee/artifacts/1900b0aEDbg.dag/post-processed/Hecton8.Lighting.Editor.dll (+pdb)
Processing assembly Library/Bee/artifacts/1900b0aEDbg.dag/Hecton8.Lighting.Editor.dll, with 155 defines and 322 references

processors: Unity.Jobs.CodeGen.JobsILPostProcessor, zzzUnity.Burst.CodeGen.BurstILPostProcessor

running Unity.Jobs.CodeGen.JobsILPostProcessor

running zzzUnity.Burst.CodeGen.BurstILPostProcessor
[3553/3789  0s] ILPostProcess Library/Bee/artifacts/1900b0aEDbg.dag/post-processed/Hecton8.VFX.PlasmaBeam.Editor.dll (+pdb)
Processing assembly Library/Bee/artifacts/1900b0aEDbg.dag/Hecton8.VFX.PlasmaBeam.Editor.dll, with 155 defines and 319 references

processors: Unity.Jobs.CodeGen.JobsILPostProcessor, zzzUnity.Burst.CodeGen.BurstILPostProcessor

running Unity.Jobs.CodeGen.JobsILPostProcessor

running zzzUnity.Burst.CodeGen.BurstILPostProcessor
[3554/3789  0s] ILPostProcess Library/Bee/artifacts/1900b0aEDbg.dag/post-processed/Hecton8.Cartography.Editor.dll (+pdb)
Processing assembly Library/Bee/artifacts/1900b0aEDbg.dag/Hecton8.Cartography.Editor.dll, with 155 defines and 319 references

processors: Unity.Jobs.CodeGen.JobsILPostProcessor, zzzUnity.Burst.CodeGen.BurstILPostProcessor

running Unity.Jobs.CodeGen.JobsILPostProcessor

running zzzUnity.Burst.CodeGen.BurstILPostProcessor
[3555/3789  0s] ILPostProcess Library/Bee/artifacts/1900b0aEDbg.dag/post-processed/Hecton8.World.ShinobuBiomimetic.Editor.dll (+pdb)
Processing assembly Library/Bee/artifacts/1900b0aEDbg.dag/Hecton8.World.ShinobuBiomimetic.Editor.dll, with 155 defines and 322 references

processors: Unity.Jobs.CodeGen.JobsILPostProcessor, zzzUnity.Burst.CodeGen.BurstILPostProcessor

running Unity.Jobs.CodeGen.JobsILPostProcessor

running zzzUnity.Burst.CodeGen.BurstILPostProcessor
[3556/3789  0s] ILPostProcess Library/Bee/artifacts/1900b0aEDbg.dag/post-processed/Hecton8.Habitat.Deformation.Editor.dll (+pdb)
Processing assembly Library/Bee/artifacts/1900b0aEDbg.dag/Hecton8.Habitat.Deformation.Editor.dll, with 155 defines and 319 references

processors: Unity.Jobs.CodeGen.JobsILPostProcessor, zzzUnity.Burst.CodeGen.BurstILPostProcessor

running Unity.Jobs.CodeGen.JobsILPostProcessor

running zzzUnity.Burst.CodeGen.BurstILPostProcessor
[3557/3789  0s] ILPostProcess Library/Bee/artifacts/1900b0aEDbg.dag/post-processed/Hecton8.QA.Editor.dll (+pdb)
Processing assembly Library/Bee/artifacts/1900b0aEDbg.dag/Hecton8.QA.Editor.dll, with 155 defines and 320 references

processors: Unity.Jobs.CodeGen.JobsILPostProcessor, zzzUnity.Burst.CodeGen.BurstILPostProcessor

running Unity.Jobs.CodeGen.JobsILPostProcessor

running zzzUnity.Burst.CodeGen.BurstILPostProcessor
[3558/3789  0s] ILPostProcess Library/Bee/artifacts/1900b0aEDbg.dag/post-processed/Hecton8.DataMonolith.Editor.dll (+pdb)
Processing assembly Library/Bee/artifacts/1900b0aEDbg.dag/Hecton8.DataMonolith.Editor.dll, with 155 defines and 320 references

processors: Unity.Jobs.CodeGen.JobsILPostProcessor, zzzUnity.Burst.CodeGen.BurstILPostProcessor

running Unity.Jobs.CodeGen.JobsILPostProcessor

running zzzUnity.Burst.CodeGen.BurstILPostProcessor
[3559/3789  0s] ILPostProcess Library/Bee/artifacts/1900b0aEDbg.dag/post-processed/Hecton8.Atmosphere.StormPropagation.Editor.dll (+pdb)
Processing assembly Library/Bee/artifacts/1900b0aEDbg.dag/Hecton8.Atmosphere.StormPropagation.Editor.dll, with 155 defines and 322 references

processors: Unity.Jobs.CodeGen.JobsILPostProcessor, zzzUnity.Burst.CodeGen.BurstILPostProcessor

running Unity.Jobs.CodeGen.JobsILPostProcessor

running zzzUnity.Burst.CodeGen.BurstILPostProcessor
[3560/3789  0s] ILPostProcess Library/Bee/artifacts/1900b0aEDbg.dag/post-processed/Hecton8.SaveSystem.EditModeTests.dll (+pdb)
Processing assembly Library/Bee/artifacts/1900b0aEDbg.dag/Hecton8.SaveSystem.EditModeTests.dll, with 155 defines and 318 references

processors: Unity.Jobs.CodeGen.JobsILPostProcessor, zzzUnity.Burst.CodeGen.BurstILPostProcessor

running Unity.Jobs.CodeGen.JobsILPostProcessor

running zzzUnity.Burst.CodeGen.BurstILPostProcessor
[3561/3789  0s] ILPostProcess Library/Bee/artifacts/1900b0aEDbg.dag/post-processed/Hecton8.Animation.FaunaProcedural.Editor.dll (+pdb)
Processing assembly Library/Bee/artifacts/1900b0aEDbg.dag/Hecton8.Animation.FaunaProcedural.Editor.dll, with 155 defines and 322 references

processors: Unity.Jobs.CodeGen.JobsILPostProcessor, zzzUnity.Burst.CodeGen.BurstILPostProcessor

running Unity.Jobs.CodeGen.JobsILPostProcessor

running zzzUnity.Burst.CodeGen.BurstILPostProcessor
[3562/3789  0s] ILPostProcess Library/Bee/artifacts/1900b0aEDbg.dag/post-processed/Hecton8.Physics.Buoyancy.Editor.dll (+pdb)
Processing assembly Library/Bee/artifacts/1900b0aEDbg.dag/Hecton8.Physics.Buoyancy.Editor.dll, with 155 defines and 286 references

processors: Unity.Jobs.CodeGen.JobsILPostProcessor, zzzUnity.Burst.CodeGen.BurstILPostProcessor

running Unity.Jobs.CodeGen.JobsILPostProcessor

running zzzUnity.Burst.CodeGen.BurstILPostProcessor
[3563/3789  0s] ILPostProcess Library/Bee/artifacts/1900b0aEDbg.dag/post-processed/Hecton8.Core.Bridge.Editor.dll (+pdb)
Processing assembly Library/Bee/artifacts/1900b0aEDbg.dag/Hecton8.Core.Bridge.Editor.dll, with 156 defines and 323 references

processors: Unity.Jobs.CodeGen.JobsILPostProcessor, zzzUnity.Burst.CodeGen.BurstILPostProcessor

running Unity.Jobs.CodeGen.JobsILPostProcessor

running zzzUnity.Burst.CodeGen.BurstILPostProcessor
[3564/3789  0s] ILPostProcess Library/Bee/artifacts/1900b0aEDbg.dag/post-processed/Hecton8.Audio.Synthesis.Editor.dll (+pdb)
Processing assembly Library/Bee/artifacts/1900b0aEDbg.dag/Hecton8.Audio.Synthesis.Editor.dll, with 155 defines and 322 references

processors: Unity.Jobs.CodeGen.JobsILPostProcessor, zzzUnity.Burst.CodeGen.BurstILPostProcessor

running Unity.Jobs.CodeGen.JobsILPostProcessor

running zzzUnity.Burst.CodeGen.BurstILPostProcessor
[3565/3789  0s] ILPostProcess Library/Bee/artifacts/1900b0aEDbg.dag/post-processed/Hecton8.QA.Headless.Editor.dll (+pdb)
Processing assembly Library/Bee/artifacts/1900b0aEDbg.dag/Hecton8.QA.Headless.Editor.dll, with 155 defines and 319 references

processors: Unity.Jobs.CodeGen.JobsILPostProcessor, zzzUnity.Burst.CodeGen.BurstILPostProcessor

running Unity.Jobs.CodeGen.JobsILPostProcessor

running zzzUnity.Burst.CodeGen.BurstILPostProcessor
[3566/3789  0s] ILPostProcess Library/Bee/artifacts/1900b0aEDbg.dag/post-processed/Hecton8.VFX.Bioluminescence.Editor.dll (+pdb)
Processing assembly Library/Bee/artifacts/1900b0aEDbg.dag/Hecton8.VFX.Bioluminescence.Editor.dll, with 155 defines and 319 references

processors: Unity.Jobs.CodeGen.JobsILPostProcessor, zzzUnity.Burst.CodeGen.BurstILPostProcessor

running Unity.Jobs.CodeGen.JobsILPostProcessor

running zzzUnity.Burst.CodeGen.BurstILPostProcessor
[3567/3789  0s] ILPostProcess Library/Bee/artifacts/1900b0aEDbg.dag/post-processed/Hecton8.SaveSystem.Editor.dll (+pdb)
Processing assembly Library/Bee/artifacts/1900b0aEDbg.dag/Hecton8.SaveSystem.Editor.dll, with 155 defines and 318 references

processors: Unity.Jobs.CodeGen.JobsILPostProcessor, zzzUnity.Burst.CodeGen.BurstILPostProcessor

running Unity.Jobs.CodeGen.JobsILPostProcessor

running zzzUnity.Burst.CodeGen.BurstILPostProcessor
[3568/3789  0s] ILPostProcess Library/Bee/artifacts/1900b0aEDbg.dag/post-processed/Hecton8.World.Economy.Editor.dll (+pdb)
Processing assembly Library/Bee/artifacts/1900b0aEDbg.dag/Hecton8.World.Economy.Editor.dll, with 155 defines and 323 references

processors: Unity.Jobs.CodeGen.JobsILPostProcessor, zzzUnity.Burst.CodeGen.BurstILPostProcessor

running Unity.Jobs.CodeGen.JobsILPostProcessor

running zzzUnity.Burst.CodeGen.BurstILPostProcessor
[3569/3789  0s] ILPostProcess Library/Bee/artifacts/1900b0aEDbg.dag/post-processed/Hecton8.AI.Pathfinding.Editor.dll (+pdb)
Processing assembly Library/Bee/artifacts/1900b0aEDbg.dag/Hecton8.AI.Pathfinding.Editor.dll, with 155 defines and 322 references

processors: Unity.Jobs.CodeGen.JobsILPostProcessor, zzzUnity.Burst.CodeGen.BurstILPostProcessor

running Unity.Jobs.CodeGen.JobsILPostProcessor

running zzzUnity.Burst.CodeGen.BurstILPostProcessor
[3570/3789  0s] ILPostProcess Library/Bee/artifacts/1900b0aEDbg.dag/post-processed/Assembly-CSharp-Editor.dll (+pdb)
Processing assembly Library/Bee/artifacts/1900b0aEDbg.dag/Assembly-CSharp-Editor.dll, with 155 defines and 470 references

processors: Unity.Jobs.CodeGen.JobsILPostProcessor, zzzUnity.Burst.CodeGen.BurstILPostProcessor

running Unity.Jobs.CodeGen.JobsILPostProcessor

running zzzUnity.Burst.CodeGen.BurstILPostProcessor
[3571/3789  0s] ILPostProcess Library/Bee/artifacts/1900b0aEDbg.dag/post-processed/Hecton8.Graphics.Culling.Editor.dll (+pdb)
Processing assembly Library/Bee/artifacts/1900b0aEDbg.dag/Hecton8.Graphics.Culling.Editor.dll, with 155 defines and 319 references

processors: Unity.Jobs.CodeGen.JobsILPostProcessor, zzzUnity.Burst.CodeGen.BurstILPostProcessor

running Unity.Jobs.CodeGen.JobsILPostProcessor

running zzzUnity.Burst.CodeGen.BurstILPostProcessor
[3572/3789  0s] ILPostProcess Library/Bee/artifacts/1900b0aEDbg.dag/post-processed/Hecton8.InventoryRouting.Editor.dll (+pdb)
Processing assembly Library/Bee/artifacts/1900b0aEDbg.dag/Hecton8.InventoryRouting.Editor.dll, with 155 defines and 323 references

processors: Unity.Jobs.CodeGen.JobsILPostProcessor, zzzUnity.Burst.CodeGen.BurstILPostProcessor

running Unity.Jobs.CodeGen.JobsILPostProcessor

running zzzUnity.Burst.CodeGen.BurstILPostProcessor
[3573/3789  0s] ILPostProcess Library/Bee/artifacts/1900b0aEDbg.dag/post-processed/Hecton8.Core.Content.Editor.dll (+pdb)
Processing assembly Library/Bee/artifacts/1900b0aEDbg.dag/Hecton8.Core.Content.Editor.dll, with 156 defines and 320 references

processors: Unity.Jobs.CodeGen.JobsILPostProcessor, zzzUnity.Burst.CodeGen.BurstILPostProcessor

running Unity.Jobs.CodeGen.JobsILPostProcessor

running zzzUnity.Burst.CodeGen.BurstILPostProcessor
[3574/3789  0s] ILPostProcess Library/Bee/artifacts/1900b0aEDbg.dag/post-processed/Hecton8.EditModeTests.dll (+pdb)
Processing assembly Library/Bee/artifacts/1900b0aEDbg.dag/Hecton8.EditModeTests.dll, with 155 defines and 331 references

processors: Unity.Jobs.CodeGen.JobsILPostProcessor, zzzUnity.Burst.CodeGen.BurstILPostProcessor

running Unity.Jobs.CodeGen.JobsILPostProcessor

running zzzUnity.Burst.CodeGen.BurstILPostProcessor
[3575/3789  0s] ILPostProcess Library/Bee/artifacts/1900b0aEDbg.dag/post-processed/Hecton8.World.ProceduralWreckage.Editor.dll (+pdb)
Processing assembly Library/Bee/artifacts/1900b0aEDbg.dag/Hecton8.World.ProceduralWreckage.Editor.dll, with 155 defines and 322 references

processors: Unity.Jobs.CodeGen.JobsILPostProcessor, zzzUnity.Burst.CodeGen.BurstILPostProcessor

running Unity.Jobs.CodeGen.JobsILPostProcessor

running zzzUnity.Burst.CodeGen.BurstILPostProcessor
[3576/3789  0s] ILPostProcess Library/Bee/artifacts/1900b0aEDbg.dag/post-processed/Hecton8.SeedShipAnomaly.Editor.dll (+pdb)
Processing assembly Library/Bee/artifacts/1900b0aEDbg.dag/Hecton8.SeedShipAnomaly.Editor.dll, with 155 defines and 322 references

processors: Unity.Jobs.CodeGen.JobsILPostProcessor, zzzUnity.Burst.CodeGen.BurstILPostProcessor

running Unity.Jobs.CodeGen.JobsILPostProcessor

running zzzUnity.Burst.CodeGen.BurstILPostProcessor
[3577/3789  0s] ILPostProcess Library/Bee/artifacts/1900b0aEDbg.dag/post-processed/Hecton8.AI.Cognition.Editor.dll (+pdb)
Processing assembly Library/Bee/artifacts/1900b0aEDbg.dag/Hecton8.AI.Cognition.Editor.dll, with 155 defines and 322 references

processors: Unity.Jobs.CodeGen.JobsILPostProcessor, zzzUnity.Burst.CodeGen.BurstILPostProcessor

running Unity.Jobs.CodeGen.JobsILPostProcessor

running zzzUnity.Burst.CodeGen.BurstILPostProcessor
[3578/3789  0s] ILPostProcess Library/Bee/artifacts/1900b0aEDbg.dag/post-processed/Hecton8.VFX.JacobianFoam.Editor.dll (+pdb)
Processing assembly Library/Bee/artifacts/1900b0aEDbg.dag/Hecton8.VFX.JacobianFoam.Editor.dll, with 155 defines and 325 references

processors: Unity.Jobs.CodeGen.JobsILPostProcessor, zzzUnity.Burst.CodeGen.BurstILPostProcessor

running Unity.Jobs.CodeGen.JobsILPostProcessor

running zzzUnity.Burst.CodeGen.BurstILPostProcessor
[3579/3789  1s] ILPostProcess Library/Bee/artifacts/1900b0aEDbg.dag/post-processed/Assembly-CSharp-Editor-firstpass.dll (+pdb)
Processing assembly Library/Bee/artifacts/1900b0aEDbg.dag/Assembly-CSharp-Editor-firstpass.dll, with 155 defines and 468 references

processors: Unity.Jobs.CodeGen.JobsILPostProcessor, zzzUnity.Burst.CodeGen.BurstILPostProcessor

running Unity.Jobs.CodeGen.JobsILPostProcessor

running zzzUnity.Burst.CodeGen.BurstILPostProcessor
[3580/3789  0s] ILPostProcess Library/Bee/artifacts/1900b0aEDbg.dag/post-processed/Hecton8.World.FloraAmbientSway.Editor.dll (+pdb)
Processing assembly Library/Bee/artifacts/1900b0aEDbg.dag/Hecton8.World.FloraAmbientSway.Editor.dll, with 155 defines and 321 references

processors: Unity.Jobs.CodeGen.JobsILPostProcessor, zzzUnity.Burst.CodeGen.BurstILPostProcessor

running Unity.Jobs.CodeGen.JobsILPostProcessor

running zzzUnity.Burst.CodeGen.BurstILPostProcessor
[3581/3789  0s] ILPostProcess Library/Bee/artifacts/1900b0aEDbg.dag/post-processed/Hecton8.Rendering.WaterOptics.Editor.dll (+pdb)
Processing assembly Library/Bee/artifacts/1900b0aEDbg.dag/Hecton8.Rendering.WaterOptics.Editor.dll, with 155 defines and 323 references

processors: Unity.Jobs.CodeGen.JobsILPostProcessor, zzzUnity.Burst.CodeGen.BurstILPostProcessor

running Unity.Jobs.CodeGen.JobsILPostProcessor

running zzzUnity.Burst.CodeGen.BurstILPostProcessor
[3582/3789  0s] ILPostProcess Library/Bee/artifacts/1900b0aEDbg.dag/post-processed/Hecton8.Project.Editor.dll (+pdb)
Processing assembly Library/Bee/artifacts/1900b0aEDbg.dag/Hecton8.Project.Editor.dll, with 156 defines and 339 references

processors: Unity.Jobs.CodeGen.JobsILPostProcessor, zzzUnity.Burst.CodeGen.BurstILPostProcessor

running Unity.Jobs.CodeGen.JobsILPostProcessor

running zzzUnity.Burst.CodeGen.BurstILPostProcessor
[3583/3789  0s] CopyFiles Library/ScriptAssemblies/Hecton8.World.ShinobuBiomimetic.dll
[3584/3789  0s] CopyFiles Library/ScriptAssemblies/Hecton8.Atmosphere.StormPropagation.Runtime.dll
[3585/3789  0s] CopyFiles Library/ScriptAssemblies/Hecton8.Rendering.WaterOptics.dll
[3586/3789  0s] CopyFiles Library/ScriptAssemblies/Hecton8.SeedShipAnomaly.Runtime.dll
[3587/3789  0s] CopyFiles Library/ScriptAssemblies/Hecton8.Power.BatteryChargerLogistics.Runtime.dll
[3588/3789  0s] CopyFiles Library/ScriptAssemblies/Hecton8.World.Economy.dll
[3590/3789  0s] CopyFiles Library/ScriptAssemblies/Hecton8.Graphics.Scalability.dll
[3591/3789  0s] CopyFiles Library/ScriptAssemblies/Hecton8.Rendering.OceanSinglePass.dll
[3592/3789  0s] CopyFiles Library/ScriptAssemblies/Hecton8.Audio.Synthesis.dll
[3594/3789  0s] CopyFiles Library/ScriptAssemblies/Hecton8.Habitat.Deformation.dll
[3596/3789  0s] CopyFiles Library/ScriptAssemblies/Hecton8.VFX.Materials.dll
[3597/3789  0s] CopyFiles Library/ScriptAssemblies/Hecton8.Graphics.Materials.dll
[3598/3789  0s] CopyFiles Library/ScriptAssemblies/Hecton8.Tools.ToolKinematics.dll
[3599/3789  0s] CopyFiles Library/ScriptAssemblies/Hecton8.VFX.Bioluminescence.Runtime.dll
[3600/3789  0s] CopyFiles Library/ScriptAssemblies/Hecton8.Lighting.dll
[3602/3789  0s] CopyFiles Library/ScriptAssemblies/Hecton8.Prologue.Space.dll
[3603/3789  0s] CopyFiles Library/ScriptAssemblies/Hecton8.UI.Navigation.dll
[3604/3789  0s] CopyFiles Library/ScriptAssemblies/Hecton8.Power.Generators.dll
[3605/3789  0s] CopyFiles Library/ScriptAssemblies/Hecton8.World.FloraAmbientSway.dll
[3606/3789  0s] CopyFiles Library/ScriptAssemblies/Hecton8.Graphics.Caustics.dll
[3607/3789  0s] CopyFiles Library/ScriptAssemblies/Hecton8.Physiology.dll
[3608/3789  0s] CopyFiles Library/ScriptAssemblies/Hecton8.Gameplay.Mining.dll
[3609/3789  0s] CopyFiles Library/ScriptAssemblies/Hecton8.Animation.FaunaProcedural.dll
[3610/3789  0s] CopyFiles Library/ScriptAssemblies/Hecton8.Physics.Buoyancy.Runtime.dll
[3612/3789  0s] CopyFiles Library/ScriptAssemblies/Hecton8.Crest.Bridge.dll
[3614/3789  0s] CopyFiles Library/ScriptAssemblies/Hecton8.Core.Hardware.dll
[3615/3789  0s] CopyFiles Library/ScriptAssemblies/Hecton8.VFX.PlasmaBeam.Runtime.dll
[3616/3789  0s] CopyFiles Library/ScriptAssemblies/Hecton8.Graphics.Culling.dll
[3619/3789  0s] CopyFiles Library/ScriptAssemblies/Hecton8.VFX.Debris.dll
[3622/3789  0s] CopyFiles Library/ScriptAssemblies/Hecton8.AI.Ambient.dll
[3623/3789  0s] CopyFiles Library/ScriptAssemblies/Hecton8.Rendering.BilateralDrs.dll
[3624/3789  0s] CopyFiles Library/ScriptAssemblies/Hecton8.Vehicles.VFX.dll
[3625/3789  0s] CopyFiles Library/ScriptAssemblies/Hecton8.Thermodynamics.dll
[3626/3789  0s] CopyFiles Library/ScriptAssemblies/Hecton8.Gameplay.Loot.dll
[3628/3789  0s] CopyFiles Library/ScriptAssemblies/Hecton8.QA.Headless.dll
[3632/3789  0s] CopyFiles Library/ScriptAssemblies/Hecton8.VFX.JacobianFoam.Runtime.dll
[3633/3789  0s] CopyFiles Library/ScriptAssemblies/Hecton8.AI.Pathfinding.dll
[3635/3789  0s] CopyFiles Library/ScriptAssemblies/Hecton8.Inventory.Routing.Runtime.dll
[3636/3789  0s] CopyFiles Library/ScriptAssemblies/Hecton8.PlayModeTests.dll
[3637/3789  0s] CopyFiles Library/ScriptAssemblies/Hecton8.Rendering.WaterOptics.Editor.dll
[3638/3789  0s] CopyFiles Library/ScriptAssemblies/Hecton8.Rendering.WaterOptics.Editor.pdb
[3639/3789  0s] CopyFiles Library/ScriptAssemblies/Hecton8.Project.Editor.dll
[3644/3789  0s] CopyFiles Library/ScriptAssemblies/Hecton8.VFX.JacobianFoam.Editor.pdb
[3645/3789  0s] ILPostProcess Library/Bee/artifacts/1900b0aEDbg.dag/post-processed/Hecton8.World.VoxelSurfaceNets.Editor.dll (+pdb)
Processing assembly Library/Bee/artifacts/1900b0aEDbg.dag/Hecton8.World.VoxelSurfaceNets.Editor.dll, with 155 defines and 322 references

processors: Unity.Jobs.CodeGen.JobsILPostProcessor, zzzUnity.Burst.CodeGen.BurstILPostProcessor

running Unity.Jobs.CodeGen.JobsILPostProcessor

running zzzUnity.Burst.CodeGen.BurstILPostProcessor
[3646/3789  0s] CopyFiles Library/ScriptAssemblies/Hecton8.VFX.JacobianFoam.Editor.dll
[3647/3789  0s] CopyFiles Library/ScriptAssemblies/Hecton8.AI.Cognition.Editor.dll
[3648/3789  0s] CopyFiles Library/ScriptAssemblies/Hecton8.Project.Editor.pdb
[3649/3789  0s] CopyFiles Library/ScriptAssemblies/Hecton8.AI.Cognition.Editor.pdb
[3650/3789  0s] CopyFiles Library/ScriptAssemblies/Hecton8.SeedShipAnomaly.Editor.pdb
[3651/3789  0s] CopyFiles Library/ScriptAssemblies/Hecton8.SeedShipAnomaly.Editor.dll
[3652/3789  0s] CopyFiles Library/ScriptAssemblies/Hecton8.World.ProceduralWreckage.Editor.pdb
[3653/3789  0s] CopyFiles Library/ScriptAssemblies/Hecton8.World.ProceduralWreckage.Editor.dll
[3654/3789  0s] CopyFiles Library/ScriptAssemblies/Hecton8.EditModeTests.pdb
[3655/3789  0s] CopyFiles Library/ScriptAssemblies/Hecton8.EditModeTests.dll
[3658/3789  0s] CopyFiles Library/ScriptAssemblies/Hecton8.InventoryRouting.Editor.pdb
[3659/3789  0s] CopyFiles Library/ScriptAssemblies/Hecton8.InventoryRouting.Editor.dll
[3664/3789  0s] CopyFiles Library/ScriptAssemblies/Hecton8.AI.Pathfinding.Editor.dll
[3665/3789  0s] CopyFiles Library/ScriptAssemblies/Hecton8.AI.Pathfinding.Editor.pdb
[3668/3789  0s] CopyFiles Library/ScriptAssemblies/Hecton8.World.Economy.Editor.dll
[3669/3789  0s] CopyFiles Library/ScriptAssemblies/Hecton8.World.Economy.Editor.pdb
[3674/3789  0s] CopyFiles Library/ScriptAssemblies/Hecton8.Audio.Synthesis.Editor.pdb
[3675/3789  0s] CopyFiles Library/ScriptAssemblies/Hecton8.Audio.Synthesis.Editor.dll
[3676/3789  0s] CopyFiles Library/ScriptAssemblies/Hecton8.Core.Bridge.Editor.pdb
[3677/3789  0s] CopyFiles Library/ScriptAssemblies/Hecton8.Core.Bridge.Editor.dll
[3678/3789  0s] CopyFiles Library/ScriptAssemblies/Hecton8.Physics.Buoyancy.Editor.pdb
[3679/3789  0s] CopyFiles Library/ScriptAssemblies/Hecton8.Physics.Buoyancy.Editor.dll
[3680/3789  0s] CopyFiles Library/ScriptAssemblies/Hecton8.Animation.FaunaProcedural.Editor.pdb
[3682/3789  0s] CopyFiles Library/ScriptAssemblies/Hecton8.Animation.FaunaProcedural.Editor.dll
[3684/3789  0s] CopyFiles Library/ScriptAssemblies/Hecton8.Atmosphere.StormPropagation.Editor.dll
[3685/3789  0s] CopyFiles Library/ScriptAssemblies/Hecton8.Atmosphere.StormPropagation.Editor.pdb
[3692/3789  0s] CopyFiles Library/ScriptAssemblies/Hecton8.World.ShinobuBiomimetic.Editor.dll
[3693/3789  0s] CopyFiles Library/ScriptAssemblies/Hecton8.World.ShinobuBiomimetic.Editor.pdb
[3698/3789  0s] CopyFiles Library/ScriptAssemblies/Hecton8.Lighting.Editor.dll
[3700/3789  0s] CopyFiles Library/ScriptAssemblies/Hecton8.Lighting.Editor.pdb
[3702/3789  0s] CopyFiles Library/ScriptAssemblies/Hecton8.Physiology.Editor.dll
[3703/3789  0s] CopyFiles Library/ScriptAssemblies/Hecton8.Physiology.Editor.pdb
[3706/3789  0s] CopyFiles Library/ScriptAssemblies/Hecton8.Tools.ToolKinematics.Editor.pdb
[3707/3789  0s] CopyFiles Library/ScriptAssemblies/Hecton8.Tools.ToolKinematics.Editor.dll
[3708/3789  0s] CopyFiles Library/ScriptAssemblies/Hecton8.Crest.Bridge.Editor.pdb
[3709/3789  0s] CopyFiles Library/ScriptAssemblies/Hecton8.Crest.Bridge.Editor.dll
[3711/3789  0s] CopyFiles Library/ScriptAssemblies/Hecton8.Physics.KCC.Editor.pdb
[3712/3789  0s] CopyFiles Library/ScriptAssemblies/Hecton8.Physics.KCC.Editor.dll
[3719/3789  0s] CopyFiles Library/ScriptAssemblies/Hecton8.VFX.JacobianFoam.Runtime.pdb
[3720/3789  0s] CopyFiles Library/ScriptAssemblies/Hecton8.Tools.ToolKinematics.pdb
[3721/3789  0s] CopyFiles Library/ScriptAssemblies/Hecton8.Prologue.Space.pdb
[3722/3789  0s] CopyFiles Library/ScriptAssemblies/Hecton8.World.ShinobuBiomimetic.pdb
[3724/3789  0s] CopyFiles Library/ScriptAssemblies/Hecton8.Power.Generators.pdb
[3725/3789  0s] CopyFiles Library/ScriptAssemblies/Hecton8.Rendering.BilateralDrs.pdb
[3726/3789  0s] CopyFiles Library/ScriptAssemblies/Hecton8.Thermodynamics.pdb
[3727/3789  0s] CopyFiles Library/ScriptAssemblies/Hecton8.Animation.FaunaProcedural.pdb
[3729/3789  0s] CopyFiles Library/ScriptAssemblies/Hecton8.Crest.Bridge.pdb
[3730/3789  0s] CopyFiles Library/ScriptAssemblies/Hecton8.Gameplay.Mining.pdb
[3731/3789  0s] CopyFiles Library/ScriptAssemblies/Hecton8.Inventory.Routing.Runtime.pdb
[3732/3789  0s] CopyFiles Library/ScriptAssemblies/Hecton8.VFX.Materials.pdb
[3734/3789  0s] CopyFiles Library/ScriptAssemblies/Hecton8.Graphics.Caustics.pdb
[3735/3789  0s] CopyFiles Library/ScriptAssemblies/Hecton8.AI.Ambient.pdb
[3736/3789  0s] CopyFiles Library/ScriptAssemblies/Hecton8.QA.Headless.pdb
[3737/3789  0s] CopyFiles Library/ScriptAssemblies/Hecton8.PlayModeTests.pdb
[3742/3789  0s] CopyFiles Library/ScriptAssemblies/Hecton8.Graphics.Scalability.pdb
[3743/3789  0s] CopyFiles Library/ScriptAssemblies/Hecton8.SeedShipAnomaly.Runtime.pdb
[3744/3789  0s] CopyFiles Library/ScriptAssemblies/Hecton8.Rendering.OceanSinglePass.pdb
[3745/3789  0s] CopyFiles Library/ScriptAssemblies/Hecton8.VFX.Debris.pdb
[3748/3789  0s] CopyFiles Library/ScriptAssemblies/Hecton8.VFX.Bioluminescence.Runtime.pdb
[3749/3789  0s] CopyFiles Library/ScriptAssemblies/Hecton8.Power.BatteryChargerLogistics.Runtime.pdb
[3750/3789  0s] CopyFiles Library/ScriptAssemblies/Hecton8.Physics.Buoyancy.Runtime.pdb
[3751/3789  0s] CopyFiles Library/ScriptAssemblies/Hecton8.Core.Hardware.pdb
[3753/3789  0s] CopyFiles Library/ScriptAssemblies/Hecton8.Vehicles.VFX.pdb
[3754/3789  0s] CopyFiles Library/ScriptAssemblies/Hecton8.AI.Pathfinding.pdb
[3757/3789  0s] CopyFiles Library/ScriptAssemblies/Hecton8.Audio.Synthesis.pdb
[3758/3789  0s] CopyFiles Library/ScriptAssemblies/Hecton8.World.FloraAmbientSway.pdb
[3759/3789  0s] CopyFiles Library/ScriptAssemblies/Hecton8.Atmosphere.StormPropagation.Runtime.pdb
[3760/3789  0s] CopyFiles Library/ScriptAssemblies/Hecton8.Graphics.Materials.pdb
[3761/3789  0s] CopyFiles Library/ScriptAssemblies/Hecton8.World.VoxelSurfaceNets.Editor.pdb
[3762/3789  0s] CopyFiles Library/ScriptAssemblies/Hecton8.World.VoxelSurfaceNets.Editor.dll
[3763/3789  0s] CopyFiles Library/ScriptAssemblies/Hecton8.Habitat.Deformation.pdb
[3764/3789  0s] CopyFiles Library/ScriptAssemblies/Hecton8.VFX.PlasmaBeam.Runtime.pdb
[3765/3789  0s] CopyFiles Library/ScriptAssemblies/Hecton8.Graphics.Culling.pdb
[3766/3789  0s] CopyFiles Library/ScriptAssemblies/Hecton8.Lighting.pdb
[3769/3789  0s] CopyFiles Library/ScriptAssemblies/Hecton8.Gameplay.Loot.pdb
[3770/3789  0s] CopyFiles Library/ScriptAssemblies/Hecton8.UI.Navigation.pdb
[3771/3789  0s] CopyFiles Library/ScriptAssemblies/Hecton8.World.Economy.pdb
[3772/3789  0s] CopyFiles Library/ScriptAssemblies/Hecton8.Physiology.pdb
[3773/3789  0s] CopyFiles Library/ScriptAssemblies/Hecton8.Rendering.WaterOptics.pdb
[3774/3789  0s] ILPostProcess Library/Bee/artifacts/1900b0aEDbg.dag/post-processed/Hecton8.Physics.Vehicles.Editor.dll (+pdb)
Processing assembly Library/Bee/artifacts/1900b0aEDbg.dag/Hecton8.Physics.Vehicles.Editor.dll, with 155 defines and 284 references

processors: Unity.Jobs.CodeGen.JobsILPostProcessor, zzzUnity.Burst.CodeGen.BurstILPostProcessor

running Unity.Jobs.CodeGen.JobsILPostProcessor

running zzzUnity.Burst.CodeGen.BurstILPostProcessor
[3775/3789  0s] ILPostProcess Library/Bee/artifacts/1900b0aEDbg.dag/post-processed/Hecton8.World.ProceduralCoral.Editor.dll (+pdb)
Processing assembly Library/Bee/artifacts/1900b0aEDbg.dag/Hecton8.World.ProceduralCoral.Editor.dll, with 155 defines and 322 references

processors: Unity.Jobs.CodeGen.JobsILPostProcessor, zzzUnity.Burst.CodeGen.BurstILPostProcessor

running Unity.Jobs.CodeGen.JobsILPostProcessor

running zzzUnity.Burst.CodeGen.BurstILPostProcessor
[3778/3789  0s] CopyFiles Library/ScriptAssemblies/Hecton8.World.ProceduralCoral.Editor.dll
[3779/3789  0s] CopyFiles Library/ScriptAssemblies/Hecton8.World.ProceduralCoral.Editor.pdb
[3780/3789  0s] ILPostProcess Library/Bee/artifacts/1900b0aEDbg.dag/post-processed/Hecton8.Power.BatteryChargerLogistics.Editor.dll (+pdb)
Processing assembly Library/Bee/artifacts/1900b0aEDbg.dag/Hecton8.Power.BatteryChargerLogistics.Editor.dll, with 155 defines and 320 references

processors: Unity.Jobs.CodeGen.JobsILPostProcessor, zzzUnity.Burst.CodeGen.BurstILPostProcessor

running Unity.Jobs.CodeGen.JobsILPostProcessor

running zzzUnity.Burst.CodeGen.BurstILPostProcessor
[3783/3789  2s] ILPostProcess Library/Bee/artifacts/1900b0aEDbg.dag/post-processed/Hecton8.Editor.dll (+pdb)
Processing assembly Library/Bee/artifacts/1900b0aEDbg.dag/Hecton8.Editor.dll, with 156 defines and 343 references

processors: Unity.Jobs.CodeGen.JobsILPostProcessor, zzzUnity.Burst.CodeGen.BurstILPostProcessor

running Unity.Jobs.CodeGen.JobsILPostProcessor

running zzzUnity.Burst.CodeGen.BurstILPostProcessor
[3784/3789  0s] CopyFiles Library/ScriptAssemblies/Hecton8.Editor.pdb
[3785/3789  0s] CopyFiles Library/ScriptAssemblies/Hecton8.Editor.dll
[3786/3789 12s] ILPostProcess Library/Bee/artifacts/1900b0aEDbg.dag/post-processed/Hecton8.Core.dll (+pdb)
Processing assembly Library/Bee/artifacts/1900b0aEDbg.dag/Hecton8.Core.dll, with 158 defines and 348 references

processors: Unity.Jobs.CodeGen.JobsILPostProcessor, zzzUnity.Burst.CodeGen.BurstILPostProcessor

running Unity.Jobs.CodeGen.JobsILPostProcessor

running zzzUnity.Burst.CodeGen.BurstILPostProcessor
[3787/3789  0s] CopyFiles Library/ScriptAssemblies/Hecton8.Core.pdb
[3788/3789  0s] CopyFiles Library/ScriptAssemblies/Hecton8.Core.dll
*** Tundra build success (72.32 seconds - 0:01:12), 341 items updated, 3789 evaluated
AssetDatabase: script compilation time: 73.057631s
Begin MonoManager ReloadAssembly
[Licensing::Client] Successfully resolved entitlement details
Assembly DocCodeExamples.dll at Library/ScriptAssemblies/DocCodeExamples.dll not valid. Loading of assembly skipped.
Assembly Hecton8.World.Dots.dll at Library/ScriptAssemblies/Hecton8.World.Dots.dll not valid. Loading of assembly skipped.
Assembly TestNewCustomAssembly.dll at Library/ScriptAssemblies/TestNewCustomAssembly.dll not valid. Loading of assembly skipped.
Assembly Unity.2D.Sprite.Package.EditorTests.dll at Library/ScriptAssemblies/Unity.2D.Sprite.Package.EditorTests.dll not valid. Loading of assembly skipped.
Assembly Unity.Addressables.Editor.Tests.dll at Library/ScriptAssemblies/Unity.Addressables.Editor.Tests.dll not valid. Loading of assembly skipped.
Assembly Unity.Addressables.Runtime.Tests.dll at Library/ScriptAssemblies/Unity.Addressables.Runtime.Tests.dll not valid. Loading of assembly skipped.
Assembly Unity.Collections.BurstCompatibilityGen.dll at Library/ScriptAssemblies/Unity.Collections.BurstCompatibilityGen.dll not valid. Loading of assembly skipped.
Assembly Unity.Collections.DocCodeSamples.dll at Library/ScriptAssemblies/Unity.Collections.DocCodeSamples.dll not valid. Loading of assembly skipped.
Assembly Unity.Collections.PerformanceTests.dll at Library/ScriptAssemblies/Unity.Collections.PerformanceTests.dll not valid. Loading of assembly skipped.
Assembly Unity.Collections.Tests.dll at Library/ScriptAssemblies/Unity.Collections.Tests.dll not valid. Loading of assembly skipped.
Assembly Unity.Collections.Tests.Playmode.dll at Library/ScriptAssemblies/Unity.Collections.Tests.Playmode.dll not valid. Loading of assembly skipped.
Assembly Unity.InputSystem.IntegrationTests.dll at Library/ScriptAssemblies/Unity.InputSystem.IntegrationTests.dll not valid. Loading of assembly skipped.
Assembly Unity.Mathematics.Tests.dll at Library/ScriptAssemblies/Unity.Mathematics.Tests.dll not valid. Loading of assembly skipped.
Assembly Unity.Nuget.Mono-Cecil.dll at Library/ScriptAssemblies/Unity.Nuget.Mono-Cecil.dll not valid. Loading of assembly skipped.
Assembly Unity.PathTracing.Editor.Tests.dll at Library/ScriptAssemblies/Unity.PathTracing.Editor.Tests.dll not valid. Loading of assembly skipped.
Assembly Unity.PathTracing.Runtime.Tests.dll at Library/ScriptAssemblies/Unity.PathTracing.Runtime.Tests.dll not valid. Loading of assembly skipped.
Assembly Unity.RenderPipelines.Core.Editor.Tests.dll at Library/ScriptAssemblies/Unity.RenderPipelines.Core.Editor.Tests.dll not valid. Loading of assembly skipped.
Assembly Unity.RenderPipelines.Core.Runtime.Tests.dll at Library/ScriptAssemblies/Unity.RenderPipelines.Core.Runtime.Tests.dll not valid. Loading of assembly skipped.
Assembly Unity.RenderPipelines.Universal.Config.Editor.Tests.dll at Library/ScriptAssemblies/Unity.RenderPipelines.Universal.Config.Editor.Tests.dll not valid. Loading of assembly skipped.
Assembly Unity.RenderPipelines.Universal.Editor.Tests.dll at Library/ScriptAssemblies/Unity.RenderPipelines.Universal.Editor.Tests.dll not valid. Loading of assembly skipped.
Assembly Unity.RenderPipelines.Universal.Runtime.Tests.dll at Library/ScriptAssemblies/Unity.RenderPipelines.Universal.Runtime.Tests.dll not valid. Loading of assembly skipped.
Assembly Unity.ResourceManager.Tests.dll at Library/ScriptAssemblies/Unity.ResourceManager.Tests.dll not valid. Loading of assembly skipped.
Assembly Unity.ScriptableBuildPipeline.Editor.Tests.dll at Library/ScriptAssemblies/Unity.ScriptableBuildPipeline.Editor.Tests.dll not valid. Loading of assembly skipped.
Assembly Unity.ScriptableBuildPipeline.Tests.dll at Library/ScriptAssemblies/Unity.ScriptableBuildPipeline.Tests.dll not valid. Loading of assembly skipped.
Assembly Unity.ScriptableBuildPipelineTests.Runtime.Tests.dll at Library/ScriptAssemblies/Unity.ScriptableBuildPipelineTests.Runtime.Tests.dll not valid. Loading of assembly skipped.
Assembly Unity.Searcher.EditorTests.dll at Library/ScriptAssemblies/Unity.Searcher.EditorTests.dll not valid. Loading of assembly skipped.
Assembly Unity.Settings.Tests.dll at Library/ScriptAssemblies/Unity.Settings.Tests.dll not valid. Loading of assembly skipped.
Assembly Unity.ShaderGraph.Editor.Tests.dll at Library/ScriptAssemblies/Unity.ShaderGraph.Editor.Tests.dll not valid. Loading of assembly skipped.
Assembly Unity.SharpZipLib.Editor.Tests.dll at Library/ScriptAssemblies/Unity.SharpZipLib.Editor.Tests.dll not valid. Loading of assembly skipped.
Assembly Unity.SharpZipLib.Tests.dll at Library/ScriptAssemblies/Unity.SharpZipLib.Tests.dll not valid. Loading of assembly skipped.
Assembly Unity.TextMeshPro.Editor.Tests.dll at Library/ScriptAssemblies/Unity.TextMeshPro.Editor.Tests.dll not valid. Loading of assembly skipped.
Assembly Unity.TextMeshPro.Tests.dll at Library/ScriptAssemblies/Unity.TextMeshPro.Tests.dll not valid. Loading of assembly skipped.
Assembly Unity.UnifiedRayTracing.Editor.Tests.dll at Library/ScriptAssemblies/Unity.UnifiedRayTracing.Editor.Tests.dll not valid. Loading of assembly skipped.
Assembly Unity.XR.ARFoundation.CodeSamples.Editor.Tests.dll at Library/ScriptAssemblies/Unity.XR.ARFoundation.CodeSamples.Editor.Tests.dll not valid. Loading of assembly skipped.
Assembly Unity.XR.ARFoundation.CodeSamples.Tests.dll at Library/ScriptAssemblies/Unity.XR.ARFoundation.CodeSamples.Tests.dll not valid. Loading of assembly skipped.
Assembly Unity.XR.ARFoundation.Editor.Tests.dll at Library/ScriptAssemblies/Unity.XR.ARFoundation.Editor.Tests.dll not valid. Loading of assembly skipped.
Assembly Unity.XR.ARFoundation.InternalUtils.Editor.Tests.dll at Library/ScriptAssemblies/Unity.XR.ARFoundation.InternalUtils.Editor.Tests.dll not valid. Loading of assembly skipped.
Assembly Unity.XR.ARFoundation.Runtime.Tests.dll at Library/ScriptAssemblies/Unity.XR.ARFoundation.Runtime.Tests.dll not valid. Loading of assembly skipped.
Assembly Unity.XR.ARSubsystems.Editor.Tests.dll at Library/ScriptAssemblies/Unity.XR.ARSubsystems.Editor.Tests.dll not valid. Loading of assembly skipped.
Assembly Unity.XR.CompositionLayers.Editor.Tests.dll at Library/ScriptAssemblies/Unity.XR.CompositionLayers.Editor.Tests.dll not valid. Loading of assembly skipped.
Assembly Unity.XR.CompositionLayers.Tests.dll at Library/ScriptAssemblies/Unity.XR.CompositionLayers.Tests.dll not valid. Loading of assembly skipped.
Assembly Unity.XR.CoreUtils.CodeSamples.Tests.dll at Library/ScriptAssemblies/Unity.XR.CoreUtils.CodeSamples.Tests.dll not valid. Loading of assembly skipped.
Assembly Unity.XR.CoreUtils.Editor.Tests.dll at Library/ScriptAssemblies/Unity.XR.CoreUtils.Editor.Tests.dll not valid. Loading of assembly skipped.
Assembly Unity.XR.CoreUtils.Tests.dll at Library/ScriptAssemblies/Unity.XR.CoreUtils.Tests.dll not valid. Loading of assembly skipped.
Assembly Unity.XR.Management.EditorTests.dll at Library/ScriptAssemblies/Unity.XR.Management.EditorTests.dll not valid. Loading of assembly skipped.
Assembly Unity.XR.Management.TestPackage.dll at Library/ScriptAssemblies/Unity.XR.Management.TestPackage.dll not valid. Loading of assembly skipped.
Assembly Unity.XR.Management.TestPackage.Editor.dll at Library/ScriptAssemblies/Unity.XR.Management.TestPackage.Editor.dll not valid. Loading of assembly skipped.
Assembly Unity.XR.Management.Tests.dll at Library/ScriptAssemblies/Unity.XR.Management.Tests.dll not valid. Loading of assembly skipped.
Assembly Unity.XR.Management.Tests.Standalone.dll at Library/ScriptAssemblies/Unity.XR.Management.Tests.Standalone.dll not valid. Loading of assembly skipped.
Assembly Unity.XR.MetaOpenXR.CodeSamples.Tests.dll at Library/ScriptAssemblies/Unity.XR.MetaOpenXR.CodeSamples.Tests.dll not valid. Loading of assembly skipped.
Assembly Unity.XR.MetaOpenXR.Editor.Tests.dll at Library/ScriptAssemblies/Unity.XR.MetaOpenXR.Editor.Tests.dll not valid. Loading of assembly skipped.
Assembly Unity.XR.MetaOpenXR.Tests.dll at Library/ScriptAssemblies/Unity.XR.MetaOpenXR.Tests.dll not valid. Loading of assembly skipped.
Assembly Unity.XR.OpenXR.Editor.Tests.dll at Library/ScriptAssemblies/Unity.XR.OpenXR.Editor.Tests.dll not valid. Loading of assembly skipped.
Assembly Unity.XR.OpenXR.Tests.dll at Library/ScriptAssemblies/Unity.XR.OpenXR.Tests.dll not valid. Loading of assembly skipped.
Assembly Unity.XR.OpenXR.Ubuntu.Tests.dll at Library/ScriptAssemblies/Unity.XR.OpenXR.Ubuntu.Tests.dll not valid. Loading of assembly skipped.
Assembly Unity.XR.Simulation.Editor.Tests.dll at Library/ScriptAssemblies/Unity.XR.Simulation.Editor.Tests.dll not valid. Loading of assembly skipped.
Assembly Unity.XR.Simulation.Runtime.Tests.dll at Library/ScriptAssemblies/Unity.XR.Simulation.Runtime.Tests.dll not valid. Loading of assembly skipped.
Assembly Unity.XR.TestSupport.dll at Library/ScriptAssemblies/Unity.XR.TestSupport.dll not valid. Loading of assembly skipped.
Assembly Unity.XR.TestTooling.Editor.Tests.dll at Library/ScriptAssemblies/Unity.XR.TestTooling.Editor.Tests.dll not valid. Loading of assembly skipped.
Assembly UnityEditor.UI.Common.Tests.dll at Library/ScriptAssemblies/UnityEditor.UI.Common.Tests.dll not valid. Loading of assembly skipped.
Assembly UnityEditor.UI.EditorTests.dll at Library/ScriptAssemblies/UnityEditor.UI.EditorTests.dll not valid. Loading of assembly skipped.
Assembly UnityEditor.XR.LegacyInputHelpers.Tests.dll at Library/ScriptAssemblies/UnityEditor.XR.LegacyInputHelpers.Tests.dll not valid. Loading of assembly skipped.
Assembly UnityEngine.SpatialTracking.Tests.dll at Library/ScriptAssemblies/UnityEngine.SpatialTracking.Tests.dll not valid. Loading of assembly skipped.
Assembly UnityEngine.UI.Tests.dll at Library/ScriptAssemblies/UnityEngine.UI.Tests.dll not valid. Loading of assembly skipped.
Assembly UnityEngine.XR.OpenXR.CodeSamples.Editor.Tests.dll at Library/ScriptAssemblies/UnityEngine.XR.OpenXR.CodeSamples.Editor.Tests.dll not valid. Loading of assembly skipped.
Script error (ShinobuAtmosphereWaveTunerWindow): OnDrawGizmos() can not take parameters.
Script error (ScreenSpaceDecalTunerWindow): OnDrawGizmos() can not take parameters.
Script error (PhysicsCullingTunerWindow): OnDrawGizmos() can not take parameters.
Script error (VerletTowTunerWindow): OnDrawGizmos() can not take parameters.
Script error (EquipmentThermoElectricTunerWindow): OnDrawGizmos() can not take parameters.
Script error (ShinobuPoiTopologyTunerWindow): OnDrawGizmos() can not take parameters.
Script error (HullIntegrityTunerWindow): OnDrawGizmos() can not take parameters.
Script error (ToxicOutgassingTunerWindow): OnDrawGizmos() can not take parameters.
Script error (PlasmaBeamTunerWindow): OnDrawGizmos() can not take parameters.
Script error (NutrientDriftTunerWindow): OnDrawGizmos() can not take parameters.
Script error (SubmarineDynoTunerWindow): OnDrawGizmos() can not take parameters.
Script error (TradeMarauderTunerWindow): OnDrawGizmos() can not take parameters.
Script error (BlackboxXRayViewer): OnDrawGizmos() can not take parameters.
Refreshing native plugins compatible for Editor in 8.83 ms, found 38 plugins.
Script error (BlackboxXRayViewer): OnDrawGizmos() can not take parameters.
Script error (ToxicOutgassingTunerWindow): OnDrawGizmos() can not take parameters.
Script error (TradeMarauderTunerWindow): OnDrawGizmos() can not take parameters.
Script error (NutrientDriftTunerWindow): OnDrawGizmos() can not take parameters.
Script error (SubmarineDynoTunerWindow): OnDrawGizmos() can not take parameters.
Script error (PlasmaBeamTunerWindow): OnDrawGizmos() can not take parameters.
Script error (PhysicsCullingTunerWindow): OnDrawGizmos() can not take parameters.
Script error (EquipmentThermoElectricTunerWindow): OnDrawGizmos() can not take parameters.
Script error (HullIntegrityTunerWindow): OnDrawGizmos() can not take parameters.
Script error (ShinobuPoiTopologyTunerWindow): OnDrawGizmos() can not take parameters.
Script error (VerletTowTunerWindow): OnDrawGizmos() can not take parameters.
Script error (ScreenSpaceDecalTunerWindow): OnDrawGizmos() can not take parameters.
Script error (ShinobuAtmosphereWaveTunerWindow): OnDrawGizmos() can not take parameters.
Native extension for LinuxStandalone target not found
Native extension for Android target not found
Native extension for WindowsStandalone target not found
Native extension for OSXStandalone target not found
Refreshing native plugins compatible for Editor in 8.06 ms, found 38 plugins.
System.InvalidOperationException: Hecton8.AI.Cognition.ApexBrainAcousticEchoTap: Pack parameter is forbidden for ARM64 signal payloads.
Hecton8.AI.Cognition.ApexProximitySignal: Pack parameter is forbidden for ARM64 signal payloads.
Hecton8.AI.Cognition.MockCombatDamageSignal: Pack parameter is forbidden for ARM64 signal payloads.
Hecton8.AI.Cognition.ApexPanicSignal: Pack parameter is forbidden for ARM64 signal payloads.
Hecton8.Core.Contracts.MockQualityWeightSignal: Pack parameter is forbidden for ARM64 signal payloads.
Hecton8.Core.Contracts.MockReconstructionInputSignal: Pack parameter is forbidden for ARM64 signal payloads.
Hecton8.Core.Contracts.Signals.FrameTimeSignal: Pack parameter is forbidden for ARM64 signal payloads.
Hecton8.Core.Contracts.Signals.KillSwitchSignal: Pack parameter is forbidden for ARM64 signal payloads.
Hecton8.Core.Contracts.Signals.SystemKillSwitchBitsSignal: Pack parameter is forbidden for ARM64 signal payloads.
Hecton8.Core.Contracts.Signals.CullingOverloadSignal: Pack parameter is forbidden for ARM64 signal payloads.
Hecton8.Core.Contracts.Signals.SaveCompletedSignal: Pack parameter is forbidden for ARM64 signal payloads.
Hecton8.Core.Contracts.Signals.SaveStatusSignal: Pack parameter is forbidden for ARM64 signal payloads.
Hecton8.Core.Contracts.Signals.GlobalTimeSyncSignal: Pack parameter is forbidden for ARM64 signal payloads.
Hecton8.Core.Contracts.Signals.TimeDilationSignal: Pack parameter is forbidden for ARM64 signal payloads.
Hecton8.Core.Contracts.Signals.SimulationPauseSignal: Pack parameter is forbidden for ARM64 signal payloads.
Hecton8.Core.Contracts.Signals.BulletTimeVisualSignal: Pack parameter is forbidden for ARM64 signal payloads.
Hecton8.Core.Contracts.Signals.MemoryDesyncSignal: Pack parameter is forbidden for ARM64 signal payloads.
Hecton8.Core.Contracts.Signals.HashDeltaUpdateSignal: Pack parameter is forbidden for ARM64 signal payloads.
Hecton8.Core.Contracts.Signals.MemorySentinelRollbackSignal: Pack parameter is forbidden for ARM64 signal payloads.
Hecton8.Core.Contracts.Signals.ModdedGameMaskSignal: Pack parameter is forbidden for ARM64 signal payloads.
Hecton8.Core.Contracts.Signals.MockAupRebaseSignal: Pack parameter is forbidden for ARM64 signal payloads.
Hecton8.Core.Contracts.Signals.RadarJamSignal: Pack parameter is forbidden for ARM64 signal payloads.
Hecton8.Core.Contracts.Signals.CoreHackedSignal: Pack parameter is forbidden for ARM64 signal payloads.
Hecton8.Core.Contracts.Signals.MockHudSignal: Pack parameter is forbidden for ARM64 signal payloads.
Hecton8.Core.Contracts.Signals.DynamicMusicScalarSignal: Pack parameter is forbidden for ARM64 signal payloads.
Hecton8.Core.Contracts.Signals.PlayerRespawnSignal: Pack parameter is forbidden for ARM64 signal payloads.
Hecton8.Core.Contracts.Signals.ReactorDamageSignal: Pack parameter is forbidden for ARM64 signal payloads.
Hecton8.Core.Contracts.Signals.VisualScavengeSignal: Pack parameter is forbidden for ARM64 signal payloads.
Hecton.Localization.LocalizationLanguageChangedSignal: Pack parameter is forbidden for ARM64 signal payloads.
Hecton8.Visor.VisorBreachSignal: Pack parameter is forbidden for ARM64 signal payloads.
Hecton8.Quest.StateChangedSignal: Pack parameter is forbidden for ARM64 signal payloads.
Hecton8.Quest.MockStoryEventSignal: Pack parameter is forbidden for ARM64 signal payloads.
Hecton8.Quest.MockPlayerPositionSignal: Pack parameter is forbidden for ARM64 signal payloads.
Hecton8.Quest.QuestDagMockItemAcquiredSignal: Pack parameter is forbidden for ARM64 signal payloads.
Hecton8.Networking.RollbackRequiredSignal: Pack parameter is forbidden for ARM64 signal payloads.
Hecton8.Modding.ModSpawnRequestSignal: Pack parameter is forbidden for ARM64 signal payloads.
Hecton8.Modding.ModAssetReferenceSignal: Pack parameter is forbidden for ARM64 signal payloads.
Hecton8.Modding.MockAcousticSignal: Pack parameter is forbidden for ARM64 signal payloads.
Hecton8.Modding.MockDamageSignal: Pack parameter is forbidden for ARM64 signal payloads.
Hecton8.Modding.ModFutureDevNullSignal: Pack parameter is forbidden for ARM64 signal payloads.
Hecton8.Modding.SurvivalOverrideSignal: Pack parameter is forbidden for ARM64 signal payloads.
Hecton8.Modding.HapticPulseSignal: Pack parameter is forbidden for ARM64 signal payloads.
Hecton8.Modding.SubtitleCueSignal: Pack parameter is forbidden for ARM64 signal payloads.
Hecton8.Modding.ModCommand: Pack parameter is forbidden for ARM64 native queue payloads.
Hecton8.Modding.ModEventDto: Pack parameter is forbidden for ARM64 native queue payloads.
Hecton8.Modding.ModRegistryEventPayload: Pack parameter is forbidden for ARM64 native queue payloads.
Hecton8.Modding.long3: Pack parameter is forbidden for ARM64 native queue payloads.
Hecton8.Modding.ModAup: Pack parameter is forbidden for ARM64 native queue payloads.
Hecton8.Modding.ModAupCommand: Pack parameter is forbidden for ARM64 native queue payloads.
Hecton8.Modding.ModAupResponse: Pack parameter is forbidden for ARM64 native queue payloads.
Hecton8.Modding.ModRenderInstanceCommand: Pack parameter is forbidden for ARM64 native queue payloads.
Hecton8.Modding.ModRaycastResultPayload: Pack parameter is forbidden for ARM64 native queue payloads.
Hecton8.Modding.ModInteractionRejectedPayload: Pack parameter is forbidden for ARM64 signal payloads.
Hecton8.Modding.ModCriticalMemoryEvictionPayload: Pack parameter is forbidden for ARM64 native queue payloads.
Hecton8.Inventory.MockItemAcquiredSignal: Pack parameter is forbidden for ARM64 signal payloads.
Hecton8.Inventory.MockCraftingRequestSignal: Pack parameter is forbidden for ARM64 signal payloads.
Hecton8.Inventory.MockConsumeSignal: Pack parameter is forbidden for ARM64 signal payloads.
Hecton8.Inventory.MockToolUsedSignal: Pack parameter is forbidden for ARM64 signal payloads.
Hecton8.Inventory.ToolBrokenSignal: Pack parameter is forbidden for ARM64 signal payloads.
Hecton8.Inventory.EncumbranceSignal: Pack parameter is forbidden for ARM64 signal payloads.
Hecton8.Inventory.EquipItemSignal: Pack parameter is forbidden for ARM64 signal payloads.
Hecton8.Inventory.MockHotbarSelectSignal: Pack parameter is forbidden for ARM64 signal payloads.
Hecton8.Inventory.DebrisDestroyedSignal: Pack parameter is forbidden for ARM64 signal payloads.
Hecton8.Inventory.InventoryEventPayload: Pack parameter is forbidden for ARM64 native queue payloads.
Hecton8.Inventory.InventoryPhysicalDropRequestPayload: Pack parameter is forbidden for ARM64 native queue payloads.
Hecton8.UI.BaseIntegrityEventPayload: Pack parameter is forbidden for ARM64 native queue payloads.
Hecton8.UI.TerminalClickSignal: Pack parameter is forbidden for ARM64 signal payloads.
Hecton8.UI.TerminalCommandSignal: Pack parameter is forbidden for ARM64 signal payloads.
Hecton8.UI.TerminalUnlockedSignal: Pack parameter is forbidden for ARM64 signal payloads.
Hecton8.Equipment.Auxiliary.AuxiliaryFlareLightSignal: Pack parameter is forbidden for ARM64 signal payloads.
Hecton8.Equipment.Auxiliary.AuxiliarySonarRequestSignal: Pack parameter is forbidden for ARM64 signal payloads.
Hecton8.Equipment.Auxiliary.AuxiliaryTetherConnectionSignal: Pack parameter is forbidden for ARM64 signal payloads.
Hecton8.Economy.MockInventoryTransactionSignal: Pack parameter is forbidden for ARM64 signal payloads.
Hecton8.Tools.EquipmentOverheatSignal: Pack parameter is forbidden for ARM64 signal payloads.
Hecton8.Tools.ToolDepletedSignal: Pack parameter is forbidden for ARM64 signal payloads.
Hecton8.Crafting.FabricationCompletedSignal: Pack parameter is forbidden for ARM64 signal payloads.
Hecton8.Crafting.FabricationTickSignal: Pack parameter is forbidden for ARM64 signal payloads.
Hecton8.Construction.ConstructionPreviewSignal: Pack parameter is forbidden for ARM64 signal payloads.
Hecton8.Construction.FloraExclusionSignal: Pack parameter is forbidden for ARM64 signal payloads.
Hecton8.Construction.DroneFleetMockRepairSignal: Pack parameter is forbidden for ARM64 signal payloads.
Hecton8.Construction.DroneFleetMockMiningSignal: Pack parameter is forbidden for ARM64 signal payloads.
Hecton8.Construction.DroneFleetInventoryTransactionSignal: Pack parameter is forbidden for ARM64 signal payloads.
Hecton8.Construction.BaseStructuralWarningSignal: Pack parameter is forbidden for ARM64 signal payloads.
Hecton8.Gameplay.MeteorShowerEvent: Pack parameter is forbidden for ARM64 native queue payloads.
Hecton8.Gameplay.SeismicShockwaveEvent: Pack parameter is forbidden for ARM64 native queue payloads.
Hecton8.Gameplay.RandomEventStartedPayload: Pack parameter is forbidden for ARM64 native queue payloads.
Hecton8.Atmosphere.ToxicityExposureSignal: Pack parameter is forbidden for ARM64 signal payloads.
Hecton8.Atmosphere.ToxicBioluminescenceSignal: Pack parameter is forbidden for ARM64 signal payloads.
Hecton8.Core.Data.MockTextRequestSignal: Pack parameter is forbidden for ARM64 signal payloads.
Hecton8.Core.Data.PlayVoiceOverSignal: Pack parameter is forbidden for ARM64 signal payloads.
Hecton8.Core.Contracts.Signals.WaterlineBreachSignal: Pack parameter is forbidden for ARM64 signal payloads.
Hecton8.Core.Contracts.Signals.ScalabilityChangedEvent: Pack parameter is forbidden for ARM64 signal payloads.
Hecton8.Core.Contracts.Signals.AcousticZoneChangedEvent: Pack parameter is forbidden for ARM64 signal payloads.
Hecton8.Core.Contracts.Signals.HabitatFloodAcousticMuffleSignal: Pack parameter is forbidden for ARM64 signal payloads.
Hecton8.Core.Contracts.Signals.DirectorAIMusicSignal: Pack parameter is forbidden for ARM64 signal payloads.
Hecton8.Core.Contracts.Signals.AudioEvent: Pack parameter is forbidden for ARM64 signal payloads.
Hecton8.Core.Contracts.Signals.DataVaultUpdateSignal: Pack parameter is forbidden for ARM64 signal payloads.
Hecton8.Core.Contracts.Signals.PrefabAcousticSignatureSignal: Pack parameter is forbidden for ARM64 signal payloads.
Hecton8.Core.Contracts.Signals.PrefabLoreLinkSignal: Pack parameter is forbidden for ARM64 signal payloads.
Hecton8.Core.Contracts.Signals.DebugSignal: Pack parameter is forbidden for ARM64 signal payloads.
Hecton8.Core.Contracts.Signals.SystemHealthSignal: Pack parameter is forbidden for ARM64 signal payloads.
Hecton8.Core.Contracts.Signals.ReentryVfxStateSignal: Pack parameter is forbidden for ARM64 signal payloads.
Hecton8.Core.Contracts.Signals.VisorDropletSignal: Pack parameter is forbidden for ARM64 signal payloads.
Hecton8.Core.Contracts.Signals.InputSignal: Pack parameter is forbidden for ARM64 signal payloads.
Hecton8.Core.Contracts.Signals.StateCorrectionSignal: Pack parameter is forbidden for ARM64 signal payloads.
Hecton8.Core.Contracts.Signals.DesyncDetectedSignal: Pack parameter is forbidden for ARM64 signal payloads.
Hecton8.Core.Contracts.Signals.SyncFenceSignal: Pack parameter is forbidden for ARM64 signal payloads.
Hecton8.Core.Contracts.Signals.KccVelocitySignal: Pack parameter is forbidden for ARM64 signal payloads.
Hecton8.Core.Contracts.Signals.TetherTensionSignal: Pack parameter is forbidden for ARM64 signal payloads.
Hecton8.Core.Contracts.Signals.TetherSnappedSignal: Pack parameter is forbidden for ARM64 signal payloads.
Hecton8.Core.Contracts.Signals.TetherFiredSignal: Pack parameter is forbidden for ARM64 signal payloads.
Hecton8.Core.Contracts.Signals.DockingRequestSignal: Pack parameter is forbidden for ARM64 signal payloads.
Hecton8.Core.Contracts.Signals.DockingCompleteSignal: Pack parameter is forbidden for ARM64 signal payloads.
Hecton8.Core.Contracts.Signals.DockingFailedSignal: Pack parameter is forbidden for ARM64 signal payloads.
Hecton8.Core.Contracts.Signals.VoxelCarveEvent: Pack parameter is forbidden for ARM64 signal payloads.
Hecton8.Core.Contracts.Signals.VisualFlareSignal: Pack parameter is forbidden for ARM64 signal payloads.
Hecton8.Core.Contracts.Signals.CameraJuiceImpactSignal: Pack parameter is forbidden for ARM64 signal payloads.
Hecton8.Core.Contracts.Signals.InputStateSignal: Pack parameter is forbidden for ARM64 signal payloads.
Hecton8.Core.Contracts.Signals.LockstepSnapshotSignal: Pack parameter is forbidden for ARM64 signal payloads.
Hecton8.Core.Contracts.Signals.SystemGlitchSignal: Pack parameter is forbidden for ARM64 signal payloads.
Hecton8.Core.Contracts.Signals.LaserCutterEventPayload: Pack parameter is forbidden for ARM64 signal payloads.
Hecton8.Core.Contracts.Signals.SplashEvent: Pack parameter is forbidden for ARM64 signal payloads.
Hecton8.Core.Contracts.Signals.PhysicsEventPayload: Pack parameter is forbidden for ARM64 signal payloads.
Hecton8.Core.Contracts.Signals.DeferredSubmarineImpactSignal: Pack parameter is forbidden for ARM64 signal payloads.
Hecton8.Core.Contracts.Signals.PlayerInputSignal: Pack parameter is forbidden for ARM64 signal payloads.
Hecton8.Core.Contracts.Signals.PlayerLookTargetSignal: Pack parameter is forbidden for ARM64 signal payloads.
Hecton8.Core.Contracts.Signals.ImpactSignal: Pack parameter is forbidden for ARM64 signal payloads.
Hecton8.Core.Contracts.Signals.HighSpeedImpactSignal: Pack parameter is forbidden for ARM64 signal payloads.
Hecton8.Core.Contracts.Signals.HapticRequest: Pack parameter is forbidden for ARM64 signal payloads.
Hecton8.Core.Contracts.Signals.PlayerStateSignal: Pack parameter is forbidden for ARM64 signal payloads.
Hecton8.Core.Contracts.Signals.SurvivalVitalsChangedSignal: Pack parameter is forbidden for ARM64 signal payloads.
Hecton8.Core.Contracts.Signals.PlayerActionProgressSignal: Pack parameter is forbidden for ARM64 signal payloads.
Hecton8.Core.Contracts.Signals.PlayerActionCompletedSignal: Pack parameter is forbidden for ARM64 signal payloads.
Hecton8.Core.Contracts.Signals.PlayerActionCancelledSignal: Pack parameter is forbidden for ARM64 signal payloads.
Hecton8.Core.Contracts.Signals.InventoryCommandSignal: Pack parameter is forbidden for ARM64 signal payloads.
Hecton8.Core.Contracts.Signals.InventoryChangedSignal: Pack parameter is forbidden for ARM64 signal payloads.
Hecton8.Core.Contracts.Signals.ItemDurabilityChangedSignal: Pack parameter is forbidden for ARM64 signal payloads.
Hecton8.Core.Contracts.Signals.ItemAcquiredSignal: Pack parameter is forbidden for ARM64 signal payloads.
Hecton8.Core.Contracts.Signals.RadiationDoseSignal: Pack parameter is forbidden for ARM64 signal payloads.
Hecton8.Core.Contracts.Signals.TemperatureChangedSignal: Pack parameter is forbidden for ARM64 signal payloads.
Hecton8.Core.Contracts.Signals.ThermalSourceSignal: Pack parameter is forbidden for ARM64 signal payloads.
Hecton8.Core.Contracts.Signals.RadiationSourceSignal: Pack parameter is forbidden for ARM64 signal payloads.
Hecton8.Core.Contracts.Signals.ResourceDepletionDeltaSignal: Pack parameter is forbidden for ARM64 signal payloads.
Hecton8.Core.Contracts.Signals.AupPreShiftSignal: Pack parameter is forbidden for ARM64 signal payloads.
Hecton8.Core.Contracts.Signals.AupShiftSignal: Pack parameter is forbidden for ARM64 signal payloads.
Hecton8.Core.Contracts.Signals.DropPodLandedSignal: Pack parameter is forbidden for ARM64 signal payloads.
Hecton8.Core.Contracts.Signals.WakeGeneratedSignal: Pack parameter is forbidden for ARM64 signal payloads.
Hecton8.Core.Contracts.Signals.FluidImpulseSignal: Pack parameter is forbidden for ARM64 signal payloads.
Hecton8.Core.Contracts.Signals.BubbleSpawnSignal: Pack parameter is forbidden for ARM64 signal payloads.
Hecton8.Core.Contracts.Signals.ProgressionEventSignal: Pack parameter is forbidden for ARM64 signal payloads.
Hecton8.Core.Contracts.Signals.GlobalWorldStateSignal: Pack parameter is forbidden for ARM64 signal payloads.
Hecton8.Core.Contracts.Signals.BiomeChangedSignal: Pack parameter is forbidden for ARM64 signal payloads.
Hecton8.Core.Contracts.Signals.BiomeGradientSignal: Pack parameter is forbidden for ARM64 signal payloads.
Hecton8.Core.Contracts.Signals.NarrativeFocusSignal: Pack parameter is forbidden for ARM64 signal payloads.
Hecton8.Core.Contracts.Signals.FocusBrokenSignal: Pack parameter is forbidden for ARM64 signal payloads.
Hecton8.Core.Contracts.Signals.MixerStateSignal: Pack parameter is forbidden for ARM64 signal payloads.
Hecton8.Core.Contracts.Signals.NarrativeHudWaypointSignal: Pack parameter is forbidden for ARM64 signal payloads.
Hecton8.Core.Contracts.Signals.SoundscapeProfileSignal: Pack parameter is forbidden for ARM64 signal payloads.
Hecton8.Core.Contracts.Signals.NarrativePoiStateSignal: Pack parameter is forbidden for ARM64 signal payloads.
Hecton8.Core.Contracts.Signals.BrownoutSignal: Pack parameter is forbidden for ARM64 signal payloads.
Hecton8.Core.Contracts.Signals.DebrisSpawnSignal: Pack parameter is forbidden for ARM64 signal payloads.
Hecton8.Core.Contracts.Signals.DeflectSignal: Pack parameter is forbidden for ARM64 signal payloads.
Hecton8.Core.Contracts.Signals.EntityDeathSignal: Pack parameter is forbidden for ARM64 signal payloads.
Hecton8.Core.Contracts.Signals.EntitySpawnSignal: Pack parameter is forbidden for ARM64 signal payloads.
Hecton8.Core.Contracts.Signals.SolarFlareSignal: Pack parameter is forbidden for ARM64 signal payloads.
Hecton8.Core.Contracts.Signals.RebaseSignal: Pack parameter is forbidden for ARM64 signal payloads.
Hecton8.Core.Contracts.Signals.ControlSignal: Pack parameter is forbidden for ARM64 signal payloads.
Hecton8.Core.Contracts.Signals.AnomalySignal: Pack parameter is forbidden for ARM64 signal payloads.
Hecton8.Core.Contracts.Signals.AnomalyProximitySignal: Pack parameter is forbidden for ARM64 signal payloads.
Hecton8.Core.Contracts.Signals.CompassCalibratedSignal: Pack parameter is forbidden for ARM64 signal payloads.
Hecton8.Core.Contracts.Signals.TelemetryAnomalySignal: Pack parameter is forbidden for ARM64 signal payloads.
Hecton8.Core.Contracts.Signals.CrashTelemetrySignal: Pack parameter is forbidden for ARM64 signal payloads.
Hecton8.Core.Contracts.Signals.HabitatConstructionSignal: Pack parameter is forbidden for ARM64 signal payloads.
Hecton8.Core.Contracts.Signals.DeconstructRequestSignal: Pack parameter is forbidden for ARM64 signal payloads.
Hecton8.Core.Contracts.Signals.DeconstructResultSignal: Pack parameter is forbidden for ARM64 signal payloads.
Hecton8.Core.Contracts.Signals.ModuleDeconstructSignal: Pack parameter is forbidden for ARM64 signal payloads.
Hecton8.Core.Contracts.Signals.VitalWarningSignal: Pack parameter is forbidden for ARM64 signal payloads.
Hecton8.Core.Contracts.Signals.CrushWarningSignal: Pack parameter is forbidden for ARM64 signal payloads.
Hecton8.Core.Contracts.Signals.SubtitleSignal: Pack parameter is forbidden for ARM64 signal payloads.
Hecton8.Core.Contracts.Signals.VocalWarningSignal: Pack parameter is forbidden for ARM64 signal payloads.
Hecton8.Core.Contracts.Signals.VocalCueSignal: Pack parameter is forbidden for ARM64 signal payloads.
Hecton8.Core.Contracts.Signals.DataReloadSignal: Pack parameter is forbidden for ARM64 signal payloads.
Hecton8.Core.Contracts.Signals.MemoryPressureSignal: Pack parameter is forbidden for ARM64 signal payloads.
Hecton8.Core.Contracts.Signals.MemoryAddressShiftSignal: Pack parameter is forbidden for ARM64 signal payloads.
Hecton8.Core.Contracts.Signals.ResolutionChangedSignal: Pack parameter is forbidden for ARM64 signal payloads.
Hecton8.Core.Contracts.Signals.SystemHealthIndexSignal: Pack parameter is forbidden for ARM64 signal payloads.
Hecton8.Core.Contracts.Signals.CpuStarvationSignal: Pack parameter is forbidden for ARM64 signal payloads.
Hecton8.Core.Contracts.Signals.AcousticPingSignal: Pack parameter is forbidden for ARM64 signal payloads.
Hecton8.Core.Contracts.Signals.MovementAcousticSignal: Pack parameter is forbidden for ARM64 signal payloads.
Hecton8.Core.Contracts.Signals.SwarmDispersedSignal: Pack parameter is forbidden for ARM64 signal payloads.
Hecton8.Core.Contracts.Signals.SectorResidencyHydratedSignal: Pack parameter is forbidden for ARM64 signal payloads.
Hecton8.Core.Contracts.Signals.SectorDehydratedSignal: Pack parameter is forbidden for ARM64 signal payloads.
Hecton8.Core.Contracts.Signals.ChunkDehydratedSignal: Pack parameter is forbidden for ARM64 signal payloads.
Hecton8.Core.Contracts.Signals.SonarPingSignal: Pack parameter is forbidden for ARM64 signal payloads.
Hecton8.Core.Contracts.Signals.HypoxiaSignal: Pack parameter is forbidden for ARM64 signal payloads.
Hecton8.Core.Contracts.Signals.OxygenCriticalSignal: Pack parameter is forbidden for ARM64 signal payloads.
Hecton8.Core.Contracts.Signals.InteractionUiSignal: Pack parameter is forbidden for ARM64 signal payloads.
Hecton8.Core.Contracts.Signals.UIRescaleRequestSignal: Pack parameter is forbidden for ARM64 signal payloads.
Hecton8.Core.Contracts.Signals.FluidIncursionSignal: Pack parameter is forbidden for ARM64 signal payloads.
Hecton8.Core.Contracts.Signals.SubmarineFloodStateSignal: Pack parameter is forbidden for ARM64 signal payloads.
Hecton8.Core.Contracts.Signals.FluidDensityChangedSignal: Pack parameter is forbidden for ARM64 signal payloads.
Hecton8.Core.Contracts.Signals.PipeRuptureSignal: Pack parameter is forbidden for ARM64 signal payloads.
Hecton8.Core.Contracts.Signals.SpectrumScanSignal: Pack parameter is forbidden for ARM64 signal payloads.
Hecton8.Core.Contracts.Signals.RigidbodySleepSignal: Pack parameter is forbidden for ARM64 signal payloads.
Hecton8.Core.Contracts.Signals.ScannerToolActiveSignal: Pack parameter is forbidden for ARM64 signal payloads.
Hecton8.Core.Contracts.Signals.ScanCompleteSignal: Pack parameter is forbidden for ARM64 signal payloads.
Hecton8.Core.Contracts.Signals.LoreFragmentScannedSignal: Pack parameter is forbidden for ARM64 signal payloads.
Hecton8.Core.Contracts.Signals.BlueprintUnlockedSignal: Pack parameter is forbidden for ARM64 signal payloads.
Hecton8.Core.Contracts.Signals.CraftingStartedSignal: Pack parameter is forbidden for ARM64 signal payloads.
Hecton8.Core.Contracts.Signals.CraftingCompletedSignal: Pack parameter is forbidden for ARM64 signal payloads.
Hecton8.Core.Contracts.Signals.ToolStateChangedSignal: Pack parameter is forbidden for ARM64 signal payloads.
Hecton8.Core.Contracts.Signals.ToolLoadoutChangedSignal: Pack parameter is forbidden for ARM64 signal payloads.
Hecton8.Core.Contracts.Signals.ToolAcousticSignal: Pack parameter is forbidden for ARM64 signal payloads.
Hecton8.Core.Contracts.Signals.PowerDrainSignal: Pack parameter is forbidden for ARM64 signal payloads.
Hecton8.Core.Contracts.Signals.ToolTriggerSignal: Pack parameter is forbidden for ARM64 signal payloads.
Hecton8.Core.Contracts.Signals.StorageDebtSignal: Pack parameter is forbidden for ARM64 signal payloads.
Hecton8.Core.Contracts.Signals.StreamingTurbulenceSignal: Pack parameter is forbidden for ARM64 signal payloads.
Hecton8.Core.Contracts.Signals.AtmosphericReentrySignal: Pack parameter is forbidden for ARM64 signal payloads.
Hecton8.Core.Contracts.Signals.PrologueCompleteSignal: Pack parameter is forbidden for ARM64 signal payloads.
Hecton8.Core.Contracts.Signals.ManualOverridePulledSignal: Pack parameter is forbidden for ARM64 signal payloads.
Hecton8.Core.Contracts.Signals.HUDNotificationSignal: Pack parameter is forbidden for ARM64 signal payloads.
Hecton8.Core.Contracts.Signals.DiegeticHudSignal: Pack parameter is forbidden for ARM64 signal payloads.
Hecton8.Core.Contracts.Signals.ScanLogChangedSignal: Pack parameter is forbidden for ARM64 signal payloads.
Hecton8.Core.Contracts.Signals.PdaExchangeStateChangedSignal: Pack parameter is forbidden for ARM64 signal payloads.
Hecton8.Core.Contracts.Signals.VehicleUpgradesChangedSignal: Pack parameter is forbidden for ARM64 signal payloads.
Hecton8.Core.Contracts.Signals.ThermalStateChangedSignal: Pack parameter is forbidden for ARM64 signal payloads.
Hecton8.Core.Contracts.Signals.BatteryLevelSignal: Pack parameter is forbidden for ARM64 signal payloads.
Hecton8.Core.Contracts.Signals.ReconDataSignal: Pack parameter is forbidden for ARM64 signal payloads.
Hecton8.Core.Contracts.Signals.SaveLifecycleSignal: Pack parameter is forbidden for ARM64 signal payloads.
Hecton8.Core.Contracts.Signals.MacroDatabaseSectorHydrationSignal: Pack parameter is forbidden for ARM64 signal payloads.
Hecton8.Core.Contracts.Signals.WfcOutpostGeneratedSignal: Pack parameter is forbidden for ARM64 signal payloads.
Hecton8.Core.Contracts.Signals.WfcOutpostStateChangedSignal: Pack parameter is forbidden for ARM64 signal payloads.
Hecton8.Core.Contracts.Signals.WfcOutpostDoorPowerSignal: Pack parameter is forbidden for ARM64 signal payloads.
Hecton8.Core.Contracts.Signals.SaveMetadataReadySignal: Pack parameter is forbidden for ARM64 signal payloads.
Hecton8.Core.Contracts.Signals.ComplianceViolationSignal: Pack parameter is forbidden for ARM64 signal payloads.
Hecton8.Core.Contracts.Signals.SeismicSignal: Pack parameter is forbidden for ARM64 signal payloads.
Hecton8.Core.Contracts.Signals.WeatherStrengthSignal: Pack parameter is forbidden for ARM64 signal payloads.
Hecton8.Core.Contracts.Signals.ItemDecaySignal: Pack parameter is forbidden for ARM64 signal payloads.
Hecton8.Core.Contracts.Signals.LightLevelSignal: Pack parameter is forbidden for ARM64 signal payloads.
Hecton8.Core.Contracts.Signals.SubmarineLightsChangedSignal: Pack parameter is forbidden for ARM64 signal payloads.
Hecton8.Core.Contracts.Signals.FaunaStateChangedSignal: Pack parameter is forbidden for ARM64 signal payloads.
Hecton8.Core.Contracts.Signals.PhysiologyStateSignal: Pack parameter is forbidden for ARM64 signal payloads.
Hecton8.Core.Contracts.Signals.PlayerStressSignal: Pack parameter is forbidden for ARM64 signal payloads.
Hecton8.Core.Contracts.Signals.TraumaSignal: Pack parameter is forbidden for ARM64 signal payloads.
Hecton8.Core.Contracts.Signals.CameraPositionSignal: Pack parameter is forbidden for ARM64 signal payloads.
Hecton8.Core.Contracts.Signals.CameraFrustumSignal: Pack parameter is forbidden for ARM64 signal payloads.
Hecton8.Core.Contracts.Signals.CombatDamageSignal: Pack parameter is forbidden for ARM64 signal payloads.
Hecton8.Core.Contracts.Signals.HullDeformedSignal: Pack parameter is forbidden for ARM64 signal payloads.
Hecton8.Core.Contracts.Signals.HullRepairedSignal: Pack parameter is forbidden for ARM64 signal payloads.
Hecton8.Core.Contracts.Signals.BaseModuleCompromisedSignal: Pack parameter is forbidden for ARM64 signal payloads.
Hecton8.Core.Contracts.Signals.PlayerBaseEnterSignal: Pack parameter is forbidden for ARM64 signal payloads.
Hecton8.Core.Contracts.Signals.PlayerBaseExitSignal: Pack parameter is forbidden for ARM64 signal payloads.
Hecton8.Core.Contracts.Signals.WeatherChangedSignal: Pack parameter is forbidden for ARM64 signal payloads.
Hecton8.Core.Contracts.Signals.SystemPauseSignal: Pack parameter is forbidden for ARM64 signal payloads.
Hecton8.Core.Contracts.Signals.SimulationBucketSyncSignal: Pack parameter is forbidden for ARM64 signal payloads.
Hecton8.Core.Contracts.Signals.FramePacingWarningSignal: Pack parameter is forbidden for ARM64 signal payloads.
Hecton8.Core.Contracts.Signals.WakeRequestSignal: Pack parameter is forbidden for ARM64 signal payloads.
Hecton8.Core.Contracts.Signals.PlayerFootstepSignal: Pack parameter is forbidden for ARM64 signal payloads.
Hecton8.Core.Contracts.Signals.PlayerWaterSplashSignal: Pack parameter is forbidden for ARM64 signal payloads.
Hecton8.Core.Contracts.Signals.WaterTransitionSignal: Pack parameter is forbidden for ARM64 signal payloads.
Hecton8.Core.Contracts.Signals.PlayerExhaleSignal: Pack parameter is forbidden for ARM64 signal payloads.
Hecton8.Core.Contracts.Signals.PlayerSprintStateSignal: Pack parameter is forbidden for ARM64 signal payloads.
Hecton8.Core.Contracts.Signals.PlayerFatalPressureSignal: Pack parameter is forbidden for ARM64 signal payloads.
Hecton8.Core.Contracts.Signals.PlayerTransportBailoutSignal: Pack parameter is forbidden for ARM64 signal payloads.
Hecton8.Core.Contracts.Signals.MockPlayerFootstepSignal: Pack parameter is forbidden for ARM64 signal payloads.
Hecton8.Core.Contracts.Signals.SignalWardenMockDamageSignal: Pack parameter is forbidden for ARM64 signal payloads.
Hecton8.Core.Contracts.Signals.MockRockCollisionSignal: Pack parameter is forbidden for ARM64 signal payloads.
Hecton8.Core.Contracts.Signals.MacroCollisionSignal: Pack parameter is forbidden for ARM64 signal payloads.
Hecton8.Core.Contracts.Signals.MockNarrativeTriggerSignal: Pack parameter is forbidden for ARM64 signal payloads.
Hecton8.Core.Contracts.Signals.SeismicShockwaveSignal: Pack parameter is forbidden for ARM64 signal payloads.
Hecton8.Core.Contracts.Signals.EclipseGameplayEventPayload: Pack parameter is forbidden for ARM64 signal payloads.
Hecton8.Core.Contracts.Signals.DebrisAvalancheSignal: Pack parameter is forbidden for ARM64 signal payloads.
Hecton8.Core.Contracts.Signals.AcousticShockwaveSignal: Pack parameter is forbidden for ARM64 signal payloads.
Hecton8.Core.Contracts.Signals.GlobalPanicSignal: Pack parameter is forbidden for ARM64 signal payloads.
Hecton8.Core.Contracts.Signals.EncyclopediaUnlockSignal: Pack parameter is forbidden for ARM64 signal payloads.
Hecton8.Core.Contracts.Signals.EntityDepletedSignal: Pack parameter is forbidden for ARM64 signal payloads.
Hecton8.Core.Contracts.Signals.ShinobuPlayerExertionSignal: Pack parameter is forbidden for ARM64 signal payloads.
Hecton8.Core.Contracts.Signals.VehicleCommandSignal: Pack parameter is forbidden for ARM64 signal payloads.
Hecton8.Core.Contracts.Signals.SubtitleCueSignal: Pack parameter is forbidden for ARM64 signal payloads.
Hecton8.Core.Contracts.Signals.FloraSpawnedSignal: Pack parameter is forbidden for ARM64 signal payloads.
Hecton8.Physics.SeaglidePropulsionRequestSignal: Pack parameter is forbidden for ARM64 signal payloads.
Hecton8.Physics.Vehicles.MockFloodSignal: Pack parameter is forbidden for ARM64 signal payloads.
Hecton8.Physics.Vehicles.MockImpactSignal: Pack parameter is forbidden for ARM64 signal payloads.
Hecton8.Physics.Vehicles.CavitationAcousticSignal: Pack parameter is forbidden for ARM64 signal payloads.
Hecton8.Physics.Vehicles.VehicleHazardSignal: Pack parameter is forbidden for ARM64 signal payloads.
Hecton8.Physics.Exosuit.MechHapticSignalDTO: Pack parameter is forbidden for ARM64 signal payloads.
Hecton8.Physics.Exosuit.SiltExplosionSignal: Pack parameter is forbidden for ARM64 signal payloads.
Hecton8.Physics.Exosuit.ExosuitAcousticEchoTap: Pack parameter is forbidden for ARM64 signal payloads.
Hecton8.AI.Ecosystem.MockPredatorSignal: Pack parameter is forbidden for ARM64 signal payloads.
Hecton8.Habitat.Deformation.BaseIntegrityEventPayload: Pack parameter is forbidden for ARM64 signal payloads.
Hecton8.Inventory.LogisticsTransferSignal: Pack parameter is forbidden for ARM64 signal payloads.
Hecton8.Physiology.CardiacPulseSignal: Pack parameter is forbidden for ARM64 signal payloads.
Hecton8.Thermodynamics.ThermalUpdraftSignal: Pack parameter is forbidden for ARM64 signal payloads.
Hecton8.Thermodynamics.ThermodynamicsMockDamageSignal: Pack parameter is forbidden for ARM64 signal payloads.
Hecton8.Tools.ToolKinematics.Contracts.MockTriggerPullSignal: Pack parameter is forbidden for ARM64 signal payloads.
Hecton8.Tools.ToolKinematics.Contracts.MockCarveRequestSignal: Pack parameter is forbidden for ARM64 signal payloads.
Hecton8.Tools.ToolKinematics.Contracts.ToolHeatSignal: Pack parameter is forbidden for ARM64 signal payloads.
Hecton8.Tools.ToolKinematics.Contracts.VfxSparkRequestSignal: Pack parameter is forbidden for ARM64 signal payloads.
Hecton8.VFX.Debris.DeltaCrusherMockLaserFireSignal: Pack parameter is forbidden for ARM64 signal payloads.
Hecton8.VFX.PlasmaBeam.MockLaserFireSignal: Pack parameter is forbidden for ARM64 signal payloads.
Hecton8.VFX.PlasmaBeam.PlasmaBeamAcousticEchoTap: Pack parameter is forbidden for ARM64 signal payloads.
Hecton8.World.TerrainChunkGeneratedSignal: Pack parameter is forbidden for ARM64 signal payloads.

  at Hecton8.Editor.SignalPayloadLayoutValidator.ValidateAllSignalLayouts () [0x000de] in C:\hades\Hecton8\Assets\_Project\Scripts\Editor\SignalPayloadLayoutValidator.cs:88 
  at Hecton8.Editor.SignalPayloadLayoutValidator..cctor () [0x000ca] in C:\hades\Hecton8\Assets\_Project\Scripts\Editor\SignalPayloadLayoutValidator.cs:47 
UnityEngine.Debug:ExtractStackTraceNoAlloc (byte*,int,string)
UnityEngine.StackTraceUtility:ExtractStackTrace ()
UnityEngine.DebugLogHandler:Internal_Log (UnityEngine.LogType,UnityEngine.LogOption,string,UnityEngine.Object)
UnityEngine.DebugLogHandler:LogFormat (UnityEngine.LogType,UnityEngine.Object,string,object[])
UnityEngine.Logger:Log (UnityEngine.LogType,object)
UnityEngine.Debug:LogError (object)
UnityEditor.EditorAssemblies:ProcessInitializeOnLoadAttributes (System.Type[])

Launched and connected shader compiler UnityShaderCompiler.exe after 0.02 seconds
[MODES] ModeService[none].Initialize
[MODES] ModeService[none].LoadModes
[MODES] Loading mode Default (0) for mode-current-id-Submerge
ScheduleIndexationOnStartup MainProcess:True IndexOnStartup:True
Mono: successfully reloaded assembly
- Finished resetting the current domain, in 19.608 seconds
Domain Reload Profiling: 21483ms
	BeginReloadAssembly (299ms)
		DisableScriptedObjects (13ms)
		CreateAndSetChildDomain (148ms)
	RebuildCommonClasses (38ms)
	RebuildNativeTypeToScriptingClass (15ms)
	initialDomainReloadingComplete (86ms)
	LoadAllAssembliesAndSetupDomain (1437ms)
		LoadAssemblies (742ms)
		AnalyzeDomain (760ms)
			TypeCache.Refresh (524ms)
				TypeCache.ScanAssembly (488ms)
			BuildScriptInfoCaches (192ms)
			ResolveRequiredComponents (39ms)
	FinalizeReload (19609ms)
		SetupLoadedEditorAssemblies (0ms)
			InitializePlatformSupportModulesInManaged (40ms)
			BeforeProcessingInitializeOnLoad (463ms)
			ProcessInitializeOnLoadAttributes (17067ms)
			ProcessInitializeOnLoadMethodAttributes (1532ms)
			AfterProcessingInitializeOnLoad (6ms)
			EditorAssembliesLoaded (3ms)
		AwakeInstancesAfterBackupRestoration (11ms)
Start importing Assets/XR/Settings/OpenXR Package Settings.asset using Guid(3f1a06542f0878947a6b0e0bbec9c860) (NativeFormatImporter) -> (Import Result ID: 'bfa631b957454ccf6aff7afaaac0f784') in 0.0307961 seconds [static dependencies only]. Details - ImportResultOutputID=b9e2d291cc00cd438ec02be3198669e3 DependenciesID=8bd46596b82ce43214742941c924ddbc StaticDependenciesID=0d0a93352d0ab97c2740270d4564e496 
Start importing Assets/_Project/Prefabs/Suit_HUD_Canvas.prefab using Guid(e286dd44e529d8b4498750dd0abbbfd8) (PrefabImporter) -> (Import Result ID: '118fe151b2d7a41bf98c65e4bab8db28') in 0.4408011 seconds [static and dynamic dependencies]. Details - ImportResultOutputID=6514e7735acd04e4699bfc2865c20b34 DependenciesID=32d83b68f166c1f23dc68fb7ebf0de96 StaticDependenciesID=4660deaebe8ac2cf106f9bf73717c476 
Start importing Assets/_Project/Prefabs/Transport/PFB_ScoutGlider_Transport.prefab using Guid(832d4fbbaa0c0b8478ae3f1daa26041a) (PrefabImporter)Creating missing VehicleMotor component for MountablePlayerTransport in PFB_ScoutGlider_Transport.
 -> (Import Result ID: '38a32fecdbdf4dc32a7d0334cd66f678') in 0.0134651 seconds [static and dynamic dependencies]. Details - ImportResultOutputID=6740a0bff8e7cdc57983daf42e612e81 DependenciesID=f648417f4aae2fbcdf2889fec637ad85 StaticDependenciesID=db59eb0726f9d4913f0cd8acb7f184f1 
Start importing Assets/_Project/Prefabs/Tools/Held/Tool_Builder_Held.prefab using Guid(93bb5a6d42216914abf2e747410b61b1) (PrefabImporter) -> (Import Result ID: '7427cfe2e1b9722d0190bd7e7bc6553c') in 0.0135803 seconds [static and dynamic dependencies]. Details - ImportResultOutputID=0d7a433923813989cc09fd6e84215c11 DependenciesID=061b95313778d420f13b700378a21f32 StaticDependenciesID=8c0d7c988305871e69ec61d381566764 
Start importing Assets/_Project/Prefabs/Item_Titanium.prefab using Guid(64bf1bfdf2fc079449f22ccd9187776e) (PrefabImporter) -> (Import Result ID: '0cdda9078ed84309384e75b36aee439f') in 0.0097606 seconds [static and dynamic dependencies]. Details - ImportResultOutputID=6ca84599879b67b323d7947def0fbf48 DependenciesID=d3c3f5522117b1b58bdf8533a2393328 StaticDependenciesID=b8074dd51e73a3ddb252f734aa592f20 
Start importing Assets/_Project/Prefabs/Tools/Held/Tool_Scanner_Held.prefab using Guid(05435af412193ed4db5fc75a2598b92e) (PrefabImporter)Creating missing HectonScanMarkerSystem component for ScannerTool in Tool_Scanner_Held.
Creating missing DataArchaeologyRuntime component for ScannerTool in Tool_Scanner_Held.
 -> (Import Result ID: 'f915a69bd89aacdd97077578ceb108f1') in 0.0123106 seconds [static and dynamic dependencies]. Details - ImportResultOutputID=57aa88210f69b13dca187b57410af7a7 DependenciesID=d6392a59c4adfdb0dde5c11339110aa6 StaticDependenciesID=edc60765994efc8c969402e07b269fbf 
Start importing Assets/_Project/Prefabs/Tools/Held/Tool_SalvageSampler_Held.prefab using Guid(f57d76c5db394a34aa52a3e94785f1de) (PrefabImporter) -> (Import Result ID: 'b270c7adedfa943e3f5dd206fb1c80d9') in 0.0068526 seconds [static and dynamic dependencies]. Details - ImportResultOutputID=13ecaf1acfa4e1b8b44b7dc317653c5e DependenciesID=bbaf250bc42556a2c64582350e599631 StaticDependenciesID=65e874464168085d38289c0952fd892b 
Start importing Assets/_Project/Prefabs/Transport/PFB_CargoSled_Transport.prefab using Guid(16c9ce262edc1d4488c219f7daba997a) (PrefabImporter)Creating missing VehicleMotor component for MountablePlayerTransport in PFB_CargoSled_Transport.
 -> (Import Result ID: '0d4d396d483e4e5fd31d0b76fc57e058') in 0.0061356 seconds [static and dynamic dependencies]. Details - ImportResultOutputID=650cadef2aebc9c4859aa9f6e832ba43 DependenciesID=8578af5ac2fe7ea87abd2e75279a7f78 StaticDependenciesID=e23a446cf3c06569ecae9ad8307d6045 
Start importing Assets/_Project/Prefabs/Construction/Final/PFB_Module_Corridor.prefab using Guid(7693821d1cc09294fbd732cffd8a94ea) (PrefabImporter) -> (Import Result ID: '8fa83e644423debf5ca6c4d6da4e9987') in 0.0416759 seconds [static and dynamic dependencies]. Details - ImportResultOutputID=4cbfd48d42e1dd3b9909acfd7ebd7642 DependenciesID=72b4990caf2633844144ce10f9f02795 StaticDependenciesID=2af322546cc430ff06f79ef2d62695ec 
Start importing Assets/_Project/Prefabs/PFB_Submarine_Core.prefab using Guid(39120a22964d34d44874eb621c3e6c92) (PrefabImporter) -> (Import Result ID: '47828d76bc2fd38e55a70a10ef9aa179') in 0.0250278 seconds [static and dynamic dependencies]. Details - ImportResultOutputID=eed0705659d0b2b7d665e569490745a2 DependenciesID=a53661cb0833ccc18ebdbf3b42f3439c StaticDependenciesID=d8a0b16edb58a858114e1c17ef140428 
Start importing Assets/_Project/Prefabs/Ocean_Crest.prefab using Guid(0a7f97b6028cb014e80782578e9bf734) (PrefabImporter) -> (Import Result ID: '5c777b6287b7e5ad3b46196fb823ba3c') in 0.0474242 seconds [static and dynamic dependencies]. Details - ImportResultOutputID=aacefda74b5bb255787acff7531410d3 DependenciesID=31c615e3bc6cb2b90bf77fa8d8afb495 StaticDependenciesID=c9d1abe7b2b5b1f711df13454e9b54de 
Start importing Assets/_Project/Prefabs/Audio/PFB_HectonMusicDirectorRoot.prefab using Guid(7a86aa3ad745a104d84c2f6622d12430) (PrefabImporter) -> (Import Result ID: '2fc926b3003face4f59f60e94fbbdd97') in 0.0071146 seconds [static and dynamic dependencies]. Details - ImportResultOutputID=96425d07af5c8c80dfeddccac4fd362e DependenciesID=a061e45ee18a9411f61eacafdc698d34 StaticDependenciesID=2d966b6a428af7fa10318fab2435936d 
Start importing Assets/_Project/Prefabs/Tools/Held/Tool_StunPistol_Held.prefab using Guid(8aba6c744939ce54ab4d6ed98e920b77) (PrefabImporter) -> (Import Result ID: '4b3126e5eb848aedf52d87c8eb41027e') in 0.0052112 seconds [static and dynamic dependencies]. Details - ImportResultOutputID=8b895928aaefd16f2719fbbae589c8b4 DependenciesID=097810baec5381f29a9b64153ce7f37d StaticDependenciesID=04f630455921bed6ecd9e996fa11771e 
Start importing Assets/_Project/Prefabs/Audio/PFB_SpatialAudioManagerRoot.prefab using Guid(7b8d2abcec8e0ef489f524af26aa7198) (PrefabImporter) -> (Import Result ID: 'cdf7b877a28d95fea2567ec870259ced') in 0.0158499 seconds [static and dynamic dependencies]. Details - ImportResultOutputID=7a7d0fd108b9bdc515ad9608f6a9c303 DependenciesID=a60bcc1cb31c6d6507c3cdbb83378d58 StaticDependenciesID=38dc3b8c4260c54bc05a8b8e5adb0526 
Start importing Assets/_Project/Prefabs/Player.prefab using Guid(1c4db7a430141e5408e01b6ce4ed19d7) (PrefabImporter)Creating missing Volume component for LandingImpactVFX in Main Camera.
 -> (Import Result ID: 'b13ad6fe41475fd102855a386945da11') in 0.1996954 seconds [static and dynamic dependencies]. Details - ImportResultOutputID=2091a6f1de25aeb7bfcf58ce3cbd4134 DependenciesID=fe921b311477eb986defea47454dac4b StaticDependenciesID=3f871ca2bc21c50a0c995c0774993079 
Start importing Assets/_Project/Prefabs/Tools/Held/Tool_EnvAnalyzer_Held.prefab using Guid(6c238274f01396e4abf84994c62699e5) (PrefabImporter) -> (Import Result ID: '338b00d6d18b134ad5674c0e819a32e1') in 0.0056193 seconds [static and dynamic dependencies]. Details - ImportResultOutputID=b3c9f0c44b4ffb9e6bfd85fe2a4b99dc DependenciesID=b3ecbca77f82538f58f8d327b0557b22 StaticDependenciesID=c8500b70655ba59890123b8d177662e8 
Start importing Assets/_Project/Prefabs/Tools/Held/Tool_LaserCutter_Held.prefab using Guid(9ca050d6528fee3448cf92682aff30f2) (PrefabImporter) -> (Import Result ID: '06dc591121226b3f8c7e29ebb5140bba') in 0.0061667 seconds [static and dynamic dependencies]. Details - ImportResultOutputID=1e97cb9566b6b477dfcbb4fb7f8a0412 DependenciesID=741c18e0caf562bc1bae3354ae6635ad StaticDependenciesID=c7c9cfb7c461e222bf4f1f4a8e46a728 
Start importing Assets/_Project/Prefabs/Tools/Held/Tool_Repair_Held.prefab using Guid(5d922653eb929b94e9882b6e241eefa9) (PrefabImporter) -> (Import Result ID: '02814c95c31f88e49ab545b1f02b6a22') in 0.004662 seconds [static and dynamic dependencies]. Details - ImportResultOutputID=e42e5413d9691e829271793d9030bbdc DependenciesID=b9d84bd4e6dfb1ff637649c103eaf89d StaticDependenciesID=30bdfcedabcd68a9bd63579554f65984 
Start importing Assets/_Project/Prefabs/Tools/Held/Tool_Propulsion_Held.prefab using Guid(5dc3c28d8d02bdd4e85ce79380a857df) (PrefabImporter) -> (Import Result ID: '9ba26de9ad65c496a1957e3c4c997a93') in 0.0054776 seconds [static and dynamic dependencies]. Details - ImportResultOutputID=158bb023ccd2e17e377da9b5f6e5dfbb DependenciesID=39a44aead38d623e69f282c5ee4d8b58 StaticDependenciesID=d4450eed2b76b5d9f7b846957bf780c4 
Start importing Assets/_Project/Prefabs/Tools/Held/Tool_HarpoonLauncher_Held.prefab using Guid(5d4c7102c6623d842a18e690fd88ea2e) (PrefabImporter) -> (Import Result ID: '9b56ca49920ad971a37c3ff919af19aa') in 0.0067539 seconds [static and dynamic dependencies]. Details - ImportResultOutputID=6fa8a06c0e5b13f31e8a48e938057345 DependenciesID=350cc93106f79e2db40c4fd3015169e2 StaticDependenciesID=382e840e4c454ce47e859720c1fe4752 
Start importing Assets/_Project/Prefabs/Tools/Held/Tool_Flashlight_Held.prefab using Guid(cd122cc810f53fb4e943bcca187c5735) (PrefabImporter) -> (Import Result ID: '4b6b12441782fb92e693cf459a3638d6') in 0.0057579 seconds [static and dynamic dependencies]. Details - ImportResultOutputID=614d595ec02cbca5dbbd167253d0d004 DependenciesID=f426797ec4bd5d67099cf8d4b39bdb76 StaticDependenciesID=9835d6006f67a8b124dde617ea811cd6 
Start importing Assets/_Project/Prefabs/Tools/Held/Tool_BeaconDeployer_Held.prefab using Guid(cd9a43bda1d7a2740b47629d54731c97) (PrefabImporter) -> (Import Result ID: '0aec3b29352fb908e00ec31e44cd32dc') in 0.0043213 seconds [static and dynamic dependencies]. Details - ImportResultOutputID=88d4d6772743a586043ae07cc79784e4 DependenciesID=c29c4d4b17cbc85aecc0c5782cce9ea9 StaticDependenciesID=f475e248bb9364aed03ad050e5e3d43c 
Start importing Assets/_Project/Prefabs/Sky_System.prefab using Guid(0f6bce861507514438034ae0ebadea15) (PrefabImporter) -> (Import Result ID: 'a490ca360ee707be4522114452761204') in 0.004034 seconds [static and dynamic dependencies]. Details - ImportResultOutputID=e0df8661d00e3a3057ae0202206f11c8 DependenciesID=63a60759723250cc534b9366a51349aa StaticDependenciesID=8523cdec1c7b808c7906c0233a7b8c4e 
Start importing Assets/_Project/Prefabs/Construction/Final/PFB_Module_Foundation.prefab using Guid(3fd47dbaa6552004b99e7b71e2a866d0) (PrefabImporter) -> (Import Result ID: '7321ad20b8826aba45ad2fad913454c8') in 0.0093142 seconds [static and dynamic dependencies]. Details - ImportResultOutputID=457dcab5a3218bda187cf137567deaf8 DependenciesID=33c6e50f27caa22eb92211430d374b75 StaticDependenciesID=4c035b0b55f3fec3f288c58ecfbe68e4 
Start importing Assets/_Project/Prefabs/Tools/Held/Tool_Knife_Held.prefab using Guid(3fe44b7eed0229040aa15c0270b92326) (PrefabImporter) -> (Import Result ID: 'acd067e712a5f26599ecf123c1c71547') in 0.0044459 seconds [static and dynamic dependencies]. Details - ImportResultOutputID=84ad4fcbd509d3ac4bbc1fa7b478d020 DependenciesID=69eaf52d7f65aa5680418b35b0d80965 StaticDependenciesID=c52ff91b597c38a0ef0aa33559d86f87 
Start importing Assets/_Project/Prefabs/Transport/PFB_Exosuit_Frame_Transport.prefab using Guid(6fee25ed65d04954aa5b6680109ad556) (PrefabImporter)Creating missing VehicleMotor component for MountablePlayerTransport in PFB_Exosuit_Frame_Transport.
 -> (Import Result ID: '45ce656cd01267dc79088860276867e1') in 0.0051128 seconds [static and dynamic dependencies]. Details - ImportResultOutputID=c25a98fed5958b69f0700f4f29d4d92b DependenciesID=8075d4ca2488c0d66a9e4f259c09fb4f StaticDependenciesID=bc6557334fa1feec70538f857d50ff01 
Start importing Assets/_Project/Prefabs/Transport/PFB_MicroSub_Transport.prefab using Guid(df0fcd068bc14132bbfe12ba8cb02367) (PrefabImporter)Creating missing VehicleMotor component for MountablePlayerTransport in PFB_MicroSub_Transport.
 -> (Import Result ID: 'b9fe00c6db910ca3760b302e80fe2006') in 0.0051966 seconds [static and dynamic dependencies]. Details - ImportResultOutputID=877bca280b81e145808f1f0145cff583 DependenciesID=03ca4dbabff8f948bc4a60004cc218e4 StaticDependenciesID=b7765ef305abbe3361f263bc664d4f13 
Refreshing native plugins compatible for Editor in 11.13 ms, found 38 plugins.
(Values over 0.050ms)
Asset Pipeline Refresh (id=bf18c6a6d5cb2b242a12567b6719e4b1): Total: 97.922 seconds - Initiated by InitialRefreshV2(ForceSynchronousImport)
	Summary:
		Imports: total=26 (actual=26, local cache=0, cache server=0)
		Asset DB Process Time: managed=15 ms, native=21875 ms
		Asset DB Callback time: managed=789 ms, native=42 ms
		Scripting: domain reloads=1, domain reload time=1884 ms, compile time=73059 ms, other=254 ms
		Project Asset Count: scripts=3698, non-scripts=11524
		Asset File Changes: new=0, changed=2, moved=0, deleted=0
		Scan Filter Count: 0
	InvokePackagesCallback: 21.414ms
	ApplyChangesToAssetFolders: 1.561ms
	Scan: 232.011ms
	OnSourceAssetsModified: 2.063ms
	CategorizeScriptCompilationAssets: 87.305ms
	ProcessAssetsWithTransientArtifactChanges: 240.793ms
	CategorizeAssets: 300.286ms
	CompileScripts: 73059.304ms
	ImportOutOfDateAssets: 20650.642ms (19647.307ms without children)
		ImportManagerImport: 989.563ms (34.002ms without children)
			UpdateCategorizedAssets: 0.410ms
		ReloadNativeAssets: 0.128ms
		UnloadImportedAssets: 4.849ms
		ReloadImportedAssets: 0.289ms
		EnsureUptoDateAssetsAreRegisteredWithGuidPM: 6.657ms
		OnDemandSchedulerStart: 2.055ms
	PostProcessAllAssets: 796.030ms
		XRBuildSystem.XRAssetImported 5.292ms
		PostProcessCallbackCreateDeferredMaterials 0.156ms
		ShaderAssetModifiedCallback 0.127ms
		RaytracingShaderImportPostprocess 0.101ms
		ComputeShaderImportPostprocess 0.094ms
		LocalizationDatabase.AssetDatabasePostprocessCallback 0.076ms
		SpeedTreeImporter.PostprocessAllAssets 0.076ms
		BlockShaderImporter.PostprocessAllAssets 0.065ms
		AssemblyValidation.PostprocessAllAssets 0.050ms
		MonoPostProcessAllAssets: 787.437ms
			AssetPostprocessor.OnPostprocessAllAssets 561.895ms
			StyleCatalogPostProcessor.OnPostprocessAllAssets 68.638ms
			AssetCallbacks.OnPostprocessAllAssets 28.089ms
			UniversalRenderPipelineGlobalSettingsPostprocessor.OnPostprocessAllAssets 24.885ms
			BuilderAssetPostprocessor.OnPostprocessAllAssets 10.145ms
			ShaderGraphAssetPostProcessor.OnPostprocessAllAssets 8.498ms
			H8DataMonolithSourceWatcher.OnPostprocessAllAssets 7.990ms
			WindowAssetPostprocessingWatcher.OnPostprocessAllAssets 4.031ms
			SpeedTree9Postprocessor.OnPostprocessAllAssets 3.681ms
			TemplatePostProcessor.OnPostprocessAllAssets 2.763ms
			HectonAssetIntegrityGuard.OnPostprocessAllAssets 2.642ms
			SyncVS.PostprocessSyncProject 2.625ms
			AssetChangedListener.OnPostprocessAllAssets 2.564ms
			RetainedModeAssetPostprocessor.OnPostprocessAllAssets 2.539ms
			UtilityWindowPostProcessor.OnPostprocessAllAssets 2.530ms
			MatrixAssetTexturePostprocessor.OnPostprocessAllAssets 2.256ms
			PostProcessor.OnPostprocessAllAssets 2.103ms
			AddressablesAssetPostProcessor.OnPostprocessAllAssets 1.979ms
			MaterialPostprocessor.OnPostprocessAllAssets 1.893ms
			TextAssetPostProcessor.OnPostprocessAllAssets 1.605ms
			TextureArrayPreProcessor.OnPostprocessAllAssets 1.351ms
			RenderPipelineGlobalSettingsPostprocessor.OnPostprocessAllAssets 1.250ms
			InputActionAssetPostprocessor.OnPostprocessAllAssets 1.138ms
			SpriteEditorTexturePostprocessor.OnPostprocessAllAssets 1.096ms
			InputActionJsonNameModifierAssetProcessor.OnPostprocessAllAssets 1.048ms
			UVCSAssetPostprocessor.OnPostprocessAllAssets 0.900ms
			TMPro_TexturePostProcessor.OnPostprocessAllAssets 0.778ms
			ArtifactBrowserPostProcessor.OnPostprocessAllAssets 0.630ms
			SamplePostprocessor.OnPostprocessAllAssets 0.595ms
			AssetPathToTypes.OnPostprocessAllAssets 0.556ms
			ReferencedClipsPostProcessor.OnPostprocessAllAssets 0.529ms
			EnvironmentAssetPostprocessor.OnPostprocessAllAssets 0.517ms
			AssetEvents.OnPostprocessAllAssets 0.506ms
			AudioMixerPostprocessor.OnPostprocessAllAssets 0.465ms
			ConfigAssetsTracker.OnPostprocessAllAssets 0.401ms
			AssetDatabaseCallbacks.OnPostprocessAllAssets 0.307ms
			TerrainToolbarOverlayPostProcessor.OnPostprocessAllAssets 0.305ms
			ProjectSettingsPostprocessor.OnPostprocessAllAssets 0.284ms
			SpeedTreePostProcessor.OnPostprocessAllAssets 0.281ms
			ScenarioDriftAssetsTracker.OnPostprocessAllAssets 0.230ms
			AudioContainerPostProcessor.OnPostprocessAllAssets 0.122ms
	PostAssetChangesProfiler: 15.623ms
	UnloadStreamsBegin: 1.569ms
	PersistCurrentRevisions: 1.230ms
	GenerateScriptTypeHashes: 21.348ms
	GenerateScriptTypeSerializationHashes: 27.508ms
	Untracked: 2509.025ms

Application.AssetDatabase Initial Refresh End
Shader Hidden/ChartRasterizerHardware is not supported: GPU does not support conservative rasterization
Scanning for USB devices : 2.177ms
Initializing Unity extensions:
[Licensing::Client] Successfully resolved entitlement details
GetVirtualKey: Could not map char: z (122) to any virtual key
GetVirtualKey: Could not map char: y (121) to any virtual key
GetVirtualKey: Could not map char: x (120) to any virtual key
GetVirtualKey: Could not map char: c (99) to any virtual key
GetVirtualKey: Could not map char: v (118) to any virtual key
GetVirtualKey: Could not map char: V (86) to any virtual key
GetVirtualKey: Could not map char: d (100) to any virtual key
GetVirtualKey: Could not map char: f (102) to any virtual key
GetVirtualKey: Could not map char: f (102) to any virtual key
GetVirtualKey: Could not map char: a (97) to any virtual key
GetVirtualKey: Could not map char: d (100) to any virtual key
GetVirtualKey: Could not map char: c (99) to any virtual key
GetVirtualKey: Could not map char: r (114) to any virtual key
GetVirtualKey: Could not map char: i (105) to any virtual key
GetVirtualKey: Could not map char: l (108) to any virtual key
GetVirtualKey: Could not map char: f (102) to any virtual key
GetVirtualKey: Could not map char: k (107) to any virtual key
GetVirtualKey: Could not map char: p (112) to any virtual key
GetVirtualKey: Could not map char: p (112) to any virtual key
GetVirtualKey: Could not map char: p (112) to any virtual key
GetVirtualKey: Could not map char: c (99) to any virtual key
GetVirtualKey: Could not map char: r (114) to any virtual key
GetVirtualKey: Could not map char: P (80) to any virtual key
GetVirtualKey: Could not map char: n (110) to any virtual key
GetVirtualKey: Could not map char: n (110) to any virtual key
GetVirtualKey: Could not map char: g (103) to any virtual key
GetVirtualKey: Could not map char: f (102) to any virtual key
GetVirtualKey: Could not map char: f (102) to any virtual key
GetVirtualKey: Could not map char: a (97) to any virtual key
GetVirtualKey: Could not map char: a (97) to any virtual key
GetVirtualKey: Could not map char: K (75) to any virtual key
GetVirtualKey: Could not map char: G (71) to any virtual key
GetVirtualKey: Could not map char: L (76) to any virtual key
GetVirtualKey: Could not map char: R (82) to any virtual key
GetVirtualKey: Could not map char: G (71) to any virtual key
GetVirtualKey: Could not map char: X (88) to any virtual key
GetVirtualKey: Could not map char: E (69) to any virtual key
GetVirtualKey: Could not map char: N (78) to any virtual key
GetVirtualKey: Could not map char: U (85) to any virtual key
GetVirtualKey: Could not map char: E (69) to any virtual key
GetVirtualKey: Could not map char: S (83) to any virtual key
GetVirtualKey: Could not map char: X (88) to any virtual key
GetVirtualKey: Could not map char: V (86) to any virtual key
GetVirtualKey: Could not map char: m (109) to any virtual key
GetVirtualKey: Could not map char: c (99) to any virtual key
GetVirtualKey: Could not map char: u (117) to any virtual key
GetVirtualKey: Could not map char: n (110) to any virtual key
GetVirtualKey: Could not map char: o (111) to any virtual key
GetVirtualKey: Could not map char: s (115) to any virtual key
GetVirtualKey: Could not map char: s (115) to any virtual key
GetVirtualKey: Could not map char: b (98) to any virtual key
GetVirtualKey: Could not map char: b (98) to any virtual key
Unloading 622 Unused Serialized files (Serialized files now loaded: 0)
Unloading 14305 unused Assets / (155.3 MB). Loaded Objects now: 14623.
Memory consumption went from 0.59 GB to 451.9 MB.
Total: 114.422900 ms (FindLiveObjects: 1.605000 ms CreateObjectMapping: 1.713400 ms MarkObjects: 53.967200 ms  DeleteObjects: 57.133000 ms)

GetVirtualKey: Could not map char: z (122) to any virtual key
GetVirtualKey: Could not map char: y (121) to any virtual key
GetVirtualKey: Could not map char: x (120) to any virtual key
GetVirtualKey: Could not map char: c (99) to any virtual key
GetVirtualKey: Could not map char: v (118) to any virtual key
GetVirtualKey: Could not map char: V (86) to any virtual key
GetVirtualKey: Could not map char: d (100) to any virtual key
GetVirtualKey: Could not map char: f (102) to any virtual key
GetVirtualKey: Could not map char: f (102) to any virtual key
GetVirtualKey: Could not map char: a (97) to any virtual key
GetVirtualKey: Could not map char: d (100) to any virtual key
GetVirtualKey: Could not map char: c (99) to any virtual key
GetVirtualKey: Could not map char: r (114) to any virtual key
GetVirtualKey: Could not map char: i (105) to any virtual key
GetVirtualKey: Could not map char: l (108) to any virtual key
GetVirtualKey: Could not map char: f (102) to any virtual key
GetVirtualKey: Could not map char: k (107) to any virtual key
GetVirtualKey: Could not map char: p (112) to any virtual key
GetVirtualKey: Could not map char: p (112) to any virtual key
GetVirtualKey: Could not map char: p (112) to any virtual key
GetVirtualKey: Could not map char: c (99) to any virtual key
GetVirtualKey: Could not map char: r (114) to any virtual key
GetVirtualKey: Could not map char: P (80) to any virtual key
GetVirtualKey: Could not map char: n (110) to any virtual key
GetVirtualKey: Could not map char: n (110) to any virtual key
GetVirtualKey: Could not map char: g (103) to any virtual key
GetVirtualKey: Could not map char: f (102) to any virtual key
GetVirtualKey: Could not map char: f (102) to any virtual key
GetVirtualKey: Could not map char: a (97) to any virtual key
GetVirtualKey: Could not map char: a (97) to any virtual key
GetVirtualKey: Could not map char: K (75) to any virtual key
GetVirtualKey: Could not map char: G (71) to any virtual key
GetVirtualKey: Could not map char: L (76) to any virtual key
GetVirtualKey: Could not map char: R (82) to any virtual key
GetVirtualKey: Could not map char: G (71) to any virtual key
GetVirtualKey: Could not map char: X (88) to any virtual key
GetVirtualKey: Could not map char: E (69) to any virtual key
GetVirtualKey: Could not map char: N (78) to any virtual key
GetVirtualKey: Could not map char: U (85) to any virtual key
GetVirtualKey: Could not map char: E (69) to any virtual key
GetVirtualKey: Could not map char: S (83) to any virtual key
GetVirtualKey: Could not map char: X (88) to any virtual key
GetVirtualKey: Could not map char: V (86) to any virtual key
GetVirtualKey: Could not map char: m (109) to any virtual key
GetVirtualKey: Could not map char: c (99) to any virtual key
GetVirtualKey: Could not map char: u (117) to any virtual key
GetVirtualKey: Could not map char: n (110) to any virtual key
GetVirtualKey: Could not map char: o (111) to any virtual key
GetVirtualKey: Could not map char: s (115) to any virtual key
GetVirtualKey: Could not map char: s (115) to any virtual key
GetVirtualKey: Could not map char: b (98) to any virtual key
GetVirtualKey: Could not map char: b (98) to any virtual key
Batchmode quit successfully invoked - shutting down!
Curl error 42: Callback aborted
<b><color=#2EA3FF>MCP-FOR-UNITY</color></b>: No process found listening on port 8088
UnityEngine.Debug:ExtractStackTraceNoAlloc (byte*,int,string)
UnityEngine.StackTraceUtility:ExtractStackTrace ()
UnityEngine.DebugLogHandler:Internal_Log (UnityEngine.LogType,UnityEngine.LogOption,string,UnityEngine.Object)
UnityEngine.DebugLogHandler:LogFormat (UnityEngine.LogType,UnityEngine.Object,string,object[])
UnityEngine.Logger:Log (UnityEngine.LogType,object)
UnityEngine.Debug:Log (object)
MCPForUnity.Editor.Helpers.McpLog:Info (string,bool) (at ./Library/PackageCache/com.coplaydev.unity-mcp@fbdb152757bd/Editor/Helpers/McpLog.cs:40)
MCPForUnity.Editor.Services.ServerManagementService:StopLocalHttpServerInternal (bool,System.Nullable`1<int>,bool) (at ./Library/PackageCache/com.coplaydev.unity-mcp@fbdb152757bd/Editor/Services/ServerManagementService.cs:712)
MCPForUnity.Editor.Services.ServerManagementService:StopLocalHttpServer () (at ./Library/PackageCache/com.coplaydev.unity-mcp@fbdb152757bd/Editor/Services/ServerManagementService.cs:349)
MCPForUnity.Editor.Services.McpEditorShutdownCleanup:OnEditorQuitting () (at ./Library/PackageCache/com.coplaydev.unity-mcp@fbdb152757bd/Editor/Services/McpEditorShutdownCleanup.cs:60)
UnityEditor.EditorApplication:Internal_EditorApplicationQuit ()

(Filename: ./Library/PackageCache/com.coplaydev.unity-mcp@fbdb152757bd/Editor/Helpers/McpLog.cs Line: 40)

Killing ADB server in 2.0560833 seconds.
[Physics::Module] Cleanup current backend.
[Physics::Module] Id: 0xf2b8ea05
Input System module state changed to: ShutdownInProgress.
Input Polling Thread exited.
Input System module state changed to: Shutdown.
[Licensing::IpcConnector] LicenseClient-danat-notifications channel disconnected successfully.
[Licensing::IpcConnector] LicenseClient-danat channel disconnected successfully.
AcceleratorClientConnectionCallback - disconnected - :0
Cleanup mono
CodeReloadManager destroyed
Exiting batchmode successfully now!
Exiting without the bug reporter. Application will terminate with return code 0