Path,Shader,RenderQueue,KeywordCount,Keywords,Flags
"Assets/_Project/_Archive/Mat_Ocean.mat","Hecton/HectonOcean",2450,0,"","TRANSPARENT_QUEUE_FILLRATE_RISK"
"Assets/_Project/_PROLOGUE_CONTENT/Textures/Planets/pLANET/Mat_HectonClouds.mat","Universal Render Pipeline/Lit",3000,2,"_ALPHAPREMULTIPLY_ON|_SURFACE_TYPE_TRANSPARENT","TRANSPARENT_QUEUE_FILLRATE_RISK"
"Assets/_Project/_PROLOGUE_CONTENT/Textures/Planets/pLANET/Mat_HectonSurface.mat","Universal Render Pipeline/Lit",2000,2,"_NORMALMAP|_PARALLAXMAP",""
"Assets/_Project/_PROLOGUE_CONTENT/Textures/Planets/pLANET/Materials/clouds0_diff.mat","Universal Render Pipeline/Lit",2000,0,"",""
"Assets/_Project/Art/Fonts/NotoSans-Regular.ttf","GUI/Text Shader",3000,0,"","TRANSPARENT_QUEUE_FILLRATE_RISK"
"Assets/_Project/Art/Fonts/NotoSansArabic-Regular.ttf","GUI/Text Shader",3000,0,"","TRANSPARENT_QUEUE_FILLRATE_RISK"
"Assets/_Project/Art/Fonts/NotoSansCJKjp-Regular.otf","GUI/Text Shader",3000,0,"","TRANSPARENT_QUEUE_FILLRATE_RISK"
"Assets/_Project/Art/Fonts/NotoSansCJKsc-Regular.otf","GUI/Text Shader",3000,0,"","TRANSPARENT_QUEUE_FILLRATE_RISK"
"Assets/_Project/Art/Materials/Celestial/MAT_CelestialMoon_Ione.mat","HECTON/Celestial/Hecton_CelestialMoon",2000,0,"",""
"Assets/_Project/Art/Materials/Celestial/MAT_CelestialMoon_Khepri.mat","HECTON/Celestial/Hecton_CelestialMoon",2000,0,"",""
"Assets/_Project/Art/Materials/Celestial/MAT_CelestialMoon_Nammu.mat","HECTON/Celestial/Hecton_CelestialMoon",2000,0,"",""
"Assets/_Project/Art/Materials/Celestial/MAT_CelestialMoon_Pelagia.mat","HECTON/Celestial/Hecton_CelestialMoon",2000,0,"",""
"Assets/_Project/Art/Materials/Celestial/MAT_CelestialMoon_Thalos.mat","HECTON/Celestial/Hecton_CelestialMoon",2000,0,"",""
"Assets/_Project/Art/Materials/Celestial/MAT_CelestialMoon_Varda.mat","HECTON/Celestial/Hecton_CelestialMoon",2000,0,"",""
"Assets/_Project/Art/Materials/Construction/Mat_BuildGhost_Invalid.mat","Universal Render Pipeline/Lit",3000,2,"_ALPHAPREMULTIPLY_ON|_SURFACE_TYPE_TRANSPARENT","TRANSPARENT_QUEUE_FILLRATE_RISK"
"Assets/_Project/Art/Materials/Construction/Mat_BuildGhost_Valid.mat","Universal Render Pipeline/Lit",3000,2,"_ALPHAPREMULTIPLY_ON|_SURFACE_TYPE_TRANSPARENT","TRANSPARENT_QUEUE_FILLRATE_RISK"
"Assets/_Project/Art/Materials/Construction/Mat_LeakWetSheen.mat","Triplebrick/Glass",3000,2,"_ALPHABLEND_ON|_NORMALMAP","TRANSPARENT_QUEUE_FILLRATE_RISK"
"Assets/_Project/Art/Materials/Construction/Mat_Module_Corridor.mat","Hecton8/Environment/Hecton_DryZoneLit",2000,0,"",""
"Assets/_Project/Art/Materials/Construction/Mat_Module_CurrentTurbine.mat","Hecton8/Environment/Hecton_DryZoneLit",2000,0,"",""
"Assets/_Project/Art/Materials/Construction/Mat_Module_Foundation.mat","Hecton8/Environment/Hecton_DryZoneLit",2000,0,"",""
"Assets/_Project/Art/Materials/Construction/Mat_Module_Pylon.mat","Hecton8/Environment/Hecton_DryZoneLit",2000,0,"",""
"Assets/_Project/Art/Materials/Construction/Mat_Module_ServicePump.mat","Hecton8/Environment/Hecton_DryZoneLit",2000,0,"",""
"Assets/_Project/Art/Materials/Construction/Mat_RuinSeepSheen.mat","HECTON/Environment/RuinSeepSheen",3000,0,"","TRANSPARENT_QUEUE_FILLRATE_RISK"
"Assets/_Project/Art/Materials/Construction/Mat_ToolTrial_Anchor.mat","Universal Render Pipeline/Lit",2000,0,"",""
"Assets/_Project/Art/Materials/Construction/Mat_ToolTrial_Cargo.mat","Universal Render Pipeline/Lit",2000,0,"",""
"Assets/_Project/Art/Materials/Construction/Mat_ToolTrial_Combat.mat","Universal Render Pipeline/Lit",2000,0,"",""
"Assets/_Project/Art/Materials/Construction/Mat_ToolTrial_Dark.mat","Universal Render Pipeline/Lit",2000,0,"",""
"Assets/_Project/Art/Materials/Construction/Mat_ToolTrial_Dormant.mat","Universal Render Pipeline/Lit",2000,0,"",""
"Assets/_Project/Art/Materials/Construction/Mat_ToolTrial_Heavy.mat","Universal Render Pipeline/Lit",2000,0,"",""
"Assets/_Project/Art/Materials/Construction/Mat_ToolTrial_Scan.mat","Universal Render Pipeline/Lit",2000,0,"",""
"Assets/_Project/Art/Materials/Diagnostics/MAT_ErrorCube.mat","Universal Render Pipeline/Lit",2000,0,"",""
"Assets/_Project/Art/Materials/Fonts/NotoSans-Regular SDF.asset","TextMeshPro/Distance Field",3000,0,"","TRANSPARENT_QUEUE_FILLRATE_RISK"
"Assets/_Project/Art/Materials/Fonts/NotoSansArabic-Prime SDF.asset","TextMeshPro/Distance Field",3000,0,"","TRANSPARENT_QUEUE_FILLRATE_RISK"
"Assets/_Project/Art/Materials/Fonts/NotoSansArabic-Regular SDF.asset","TextMeshPro/Distance Field",3000,0,"","TRANSPARENT_QUEUE_FILLRATE_RISK"
"Assets/_Project/Art/Materials/Fonts/NotoSansCJKjp-Regular SDF.asset","TextMeshPro/Distance Field",3000,0,"","TRANSPARENT_QUEUE_FILLRATE_RISK"
"Assets/_Project/Art/Materials/Fonts/NotoSansCJKsc-Regular SDF.asset","TextMeshPro/Distance Field",3000,0,"","TRANSPARENT_QUEUE_FILLRATE_RISK"
"Assets/_Project/Art/Materials/Fonts/tekst.ttf","GUI/Text Shader",3000,0,"","TRANSPARENT_QUEUE_FILLRATE_RISK"
"Assets/_Project/Art/Materials/Fonts/tekst_SDF.asset","TextMeshPro/Distance Field",3000,0,"","TRANSPARENT_QUEUE_FILLRATE_RISK"
"Assets/_Project/Art/Materials/Fonts/tsifry.ttf","GUI/Text Shader",3000,0,"","TRANSPARENT_QUEUE_FILLRATE_RISK"
"Assets/_Project/Art/Materials/Fonts/tsifry_SDF.asset","TextMeshPro/Distance Field",3000,1,"GLOW_ON","TRANSPARENT_QUEUE_FILLRATE_RISK"
"Assets/_Project/Art/Materials/Gameplay/MAT_PlayerSwimBlockout.mat","Universal Render Pipeline/Lit",2000,0,"",""
"Assets/_Project/Art/Materials/MAT_AbyssalBlackSmoke.mat","Hecton8/VFX/AbyssalBlackSmoke",2480,0,"","TRANSPARENT_QUEUE_FILLRATE_RISK"
"Assets/_Project/Art/Materials/Mat_AegirHazeOverlay.mat","HECTON/Sky/Hecton_AegirHazeOverlay",3000,0,"","TRANSPARENT_QUEUE_FILLRATE_RISK"
"Assets/_Project/Art/Materials/MAT_Diegetic_HUD_V4_Projection.mat","Hecton8/UI/HUDDiegeticProjectionUnlit",4100,0,"","TRANSPARENT_QUEUE_FILLRATE_RISK"
"Assets/_Project/Art/Materials/Mat_GasGiant.mat","HECTON/Celestial/SG_GasGiant_Master",2000,0,"",""
"Assets/_Project/Art/Materials/Mat_HectonSky.mat","HECTON/Sky/Hecton_AlienSky_Master",1000,0,"",""
"Assets/_Project/Art/Materials/Mat_HectonSky_CloudOverlay.mat","HECTON/Sky/Hecton_AlienSky_Master",3000,0,"","TRANSPARENT_QUEUE_FILLRATE_RISK"
"Assets/_Project/Art/Materials/MAT_SargassumFoamDamping.mat","Crest/Inputs/Foam/Sargassum Damping",3000,0,"","TRANSPARENT_QUEUE_FILLRATE_RISK"
"Assets/_Project/Art/Materials/MAT_SargassumMicroFaunaBoids.mat","Hecton8/BoidFishInstanced",2000,0,"",""
"Assets/_Project/Art/Materials/MAT_SargassumOilFilm.mat","Crest/Inputs/Albedo/Sargassum Oil Film",2450,0,"","TRANSPARENT_QUEUE_FILLRATE_RISK"
"Assets/_Project/Art/Materials/MAT_SargassumWaveDamping.mat","Crest/Inputs/Animated Waves/Sargassum Damping",2000,0,"",""
"Assets/_Project/Art/Materials/Mat_Shelf.mat","Universal Render Pipeline/Lit",2000,0,"",""
"Assets/_Project/Art/Materials/Mat_Skybox_Final.mat","Hecton/SkyboxBlend",1000,0,"",""
"Assets/_Project/Art/Materials/Mat_Sun.mat","Hecton/Celestial/Sun",2550,0,"","TRANSPARENT_QUEUE_FILLRATE_RISK"
"Assets/_Project/Art/Materials/Mat_Terrain.mat","HECTON/Terrain/TerrainMaster",2000,0,"",""
"Assets/_Project/Art/Materials/Mat_TriplanarRock.mat","2D/RenderAs2D-Flattening",3000,0,"","TRANSPARENT_QUEUE_FILLRATE_RISK"
"Assets/_Project/Art/Materials/Mat_Visor_Glass.mat","NASAPunk/SuitVisor",2470,3,"_ALPHAPREMULTIPLY_ON|_EMISSION|_SURFACE_TYPE_TRANSPARENT","TRANSPARENT_QUEUE_FILLRATE_RISK"
"Assets/_Project/Art/Materials/Mat_Water.mat","Universal Render Pipeline/Lit",2000,1,"_EMISSION",""
"Assets/_Project/Art/Materials/Meshy_AI_Alien_barnacles_clust_0301230506_texture.fbx","Universal Render Pipeline/Lit",2000,0,"",""
"Assets/_Project/Art/Materials/Meshy_AI_Alien_barnacles_clust_0301230506_texture.mat","Universal Render Pipeline/Lit",2000,0,"",""
"Assets/_Project/Art/Materials/Nature/ProceduralOrganicMisc/Mat_Organic_EggNest.mat","Universal Render Pipeline/Lit",2000,0,"",""
"Assets/_Project/Art/Materials/Nature/ProceduralOrganicMisc/Mat_Organic_EggShell.mat","Universal Render Pipeline/Lit",2000,0,"",""
"Assets/_Project/Art/Materials/Nature/ProceduralOrganicMisc/Mat_Organic_PlantBud.mat","Universal Render Pipeline/Lit",2000,0,"",""
"Assets/_Project/Art/Materials/Nature/ProceduralOrganicMisc/Mat_Organic_PlantCanopy.mat","Universal Render Pipeline/Lit",2000,0,"",""
"Assets/_Project/Art/Materials/Nature/ProceduralOrganicMisc/Mat_Organic_PlantStem.mat","Universal Render Pipeline/Lit",2000,0,"",""
"Assets/_Project/Art/Materials/red.mat","Universal Render Pipeline/Lit",2000,0,"",""
"Assets/_Project/Art/Materials/Resources/Mat_Resource_Copper.mat","Universal Render Pipeline/Lit",2000,0,"",""
"Assets/_Project/Art/Materials/Resources/Mat_Resource_Fiber.mat","Universal Render Pipeline/Lit",2000,0,"",""
"Assets/_Project/Art/Materials/Resources/Mat_Resource_Membrane.mat","Universal Render Pipeline/Lit",2000,0,"",""
"Assets/_Project/Art/Materials/Resources/Mat_Resource_Resin.mat","Universal Render Pipeline/Lit",2000,0,"",""
"Assets/_Project/Art/Materials/Resources/Mat_Resource_Scrap.mat","Universal Render Pipeline/Lit",2000,0,"",""
"Assets/_Project/Art/Materials/Resources/Mat_Resource_Silica.mat","Universal Render Pipeline/Lit",2000,0,"",""
"Assets/_Project/Art/Materials/Resources/Mat_Resource_Silver.mat","Universal Render Pipeline/Lit",2000,0,"",""
"Assets/_Project/Art/Materials/Resources/Mat_Resource_Sulfur.mat","Universal Render Pipeline/Lit",2000,0,"",""
"Assets/_Project/Art/Materials/Sand.mat","Universal Render Pipeline/Lit",2000,1,"_EMISSION",""
"Assets/_Project/Art/Materials/Skybox.mat","Skybox/6 Sided",1000,0,"",""
"Assets/_Project/Art/Materials/Snow.mat","Universal Render Pipeline/Lit",2000,1,"_EMISSION",""
"Assets/_Project/Art/Materials/terrain 1.mat","Universal Render Pipeline/Lit",2000,0,"",""
"Assets/_Project/Art/Materials/terrain 2.mat","Universal Render Pipeline/Lit",2000,0,"",""
"Assets/_Project/Art/Materials/terrain.mat","Hidden/InternalErrorShader",2000,0,"",""
"Assets/_Project/Art/Materials/Tools/Mat_Tool_BeaconDeployer_Placeholder.mat","Universal Render Pipeline/Lit",2000,0,"",""
"Assets/_Project/Art/Materials/Tools/Mat_Tool_Builder_Placeholder.mat","Universal Render Pipeline/Lit",2000,0,"",""
"Assets/_Project/Art/Materials/Tools/Mat_Tool_EnvAnalyzer_Placeholder.mat","Universal Render Pipeline/Lit",2000,0,"",""
"Assets/_Project/Art/Materials/Tools/Mat_Tool_Flashlight_Placeholder.mat","Universal Render Pipeline/Lit",2000,0,"",""
"Assets/_Project/Art/Materials/Tools/Mat_Tool_HarpoonLauncher_Placeholder.mat","Universal Render Pipeline/Lit",2000,0,"",""
"Assets/_Project/Art/Materials/Tools/Mat_Tool_Knife_Placeholder.mat","Universal Render Pipeline/Lit",2000,0,"",""
"Assets/_Project/Art/Materials/Tools/Mat_Tool_LaserCutter_Placeholder.mat","Universal Render Pipeline/Lit",2000,0,"",""
"Assets/_Project/Art/Materials/Tools/Mat_Tool_Propulsion_Placeholder.mat","Universal Render Pipeline/Lit",2000,0,"",""
"Assets/_Project/Art/Materials/Tools/Mat_Tool_Repair_Placeholder.mat","Universal Render Pipeline/Lit",2000,0,"",""
"Assets/_Project/Art/Materials/Tools/Mat_Tool_SalvageSampler_Placeholder.mat","Universal Render Pipeline/Lit",2000,0,"",""
"Assets/_Project/Art/Materials/Tools/Mat_Tool_Scanner_Placeholder.mat","Universal Render Pipeline/Lit",2000,0,"",""
"Assets/_Project/Art/Materials/Tools/Mat_Tool_StunPistol_Placeholder.mat","Universal Render Pipeline/Lit",2000,0,"",""
"Assets/_Project/Art/Materials/VFX/MAT_AbyssalFluidDecal.mat","HECTON/World/AbyssalFluidDecal",2490,0,"","TRANSPARENT_QUEUE_FILLRATE_RISK"
"Assets/_Project/Art/Materials/VFX/Mat_LeakPlume.mat","HECTON/VFX/LeakPlume",3000,0,"","TRANSPARENT_QUEUE_FILLRATE_RISK"
"Assets/_Project/Art/Materials/VFX/MAT_LightningBolt.mat","Universal Render Pipeline/Particles/Unlit",2000,1,"_FLIPBOOKBLENDING_OFF",""
"Assets/_Project/Art/Materials/WorldProceduralProxy/MAT_family_cave_entrance.mat","Universal Render Pipeline/Lit",2000,0,"",""
"Assets/_Project/Art/Materials/WorldProceduralProxy/MAT_family_coral_branching.mat","GPUInstancer/Hecton8/Flora/CoralMaster",2000,4,"_QUALITY_MX350|_ENVIRONMENTREFLECTIONS_OFF|_RECEIVE_SHADOWS_OFF|_SPECULARHIGHLIGHTS_OFF",""
"Assets/_Project/Art/Materials/WorldProceduralProxy/MAT_family_coral_brittle.mat","GPUInstancer/Hecton8/Flora/CoralMaster",2000,1,"_QUALITY_MX350",""
"Assets/_Project/Art/Materials/WorldProceduralProxy/MAT_family_coral_low.mat","GPUInstancer/Hecton8/Flora/CoralMaster",2000,4,"_QUALITY_MX350|_ENVIRONMENTREFLECTIONS_OFF|_RECEIVE_SHADOWS_OFF|_SPECULARHIGHLIGHTS_OFF",""
"Assets/_Project/Art/Materials/WorldProceduralProxy/MAT_family_coral_massive.mat","GPUInstancer/Hecton8/Flora/CoralMaster",2000,4,"_QUALITY_MX350|_ENVIRONMENTREFLECTIONS_OFF|_RECEIVE_SHADOWS_OFF|_SPECULARHIGHLIGHTS_OFF",""
"Assets/_Project/Art/Materials/WorldProceduralProxy/MAT_family_coral_plate.mat","GPUInstancer/Hecton8/Flora/CoralMaster",2000,4,"_QUALITY_MX350|_ENVIRONMENTREFLECTIONS_OFF|_RECEIVE_SHADOWS_OFF|_SPECULARHIGHLIGHTS_OFF",""
"Assets/_Project/Art/Materials/WorldProceduralProxy/MAT_family_creature_spawn_passive.mat","Universal Render Pipeline/Lit",2000,0,"",""
"Assets/_Project/Art/Materials/WorldProceduralProxy/MAT_family_creature_spawn_predator.mat","Universal Render Pipeline/Lit",2000,0,"",""
"Assets/_Project/Art/Materials/WorldProceduralProxy/MAT_family_creature_zone_abyss_apex.mat","Universal Render Pipeline/Lit",2000,0,"",""
"Assets/_Project/Art/Materials/WorldProceduralProxy/MAT_family_creature_zone_large_threat.mat","Universal Render Pipeline/Lit",2000,0,"",""
"Assets/_Project/Art/Materials/WorldProceduralProxy/MAT_family_creature_zone_reef_apex.mat","Universal Render Pipeline/Lit",2000,0,"",""
"Assets/_Project/Art/Materials/WorldProceduralProxy/MAT_family_creature_zone_ruin_apex.mat","Universal Render Pipeline/Lit",2000,0,"",""
"Assets/_Project/Art/Materials/WorldProceduralProxy/MAT_family_debris_field.mat","Universal Render Pipeline/Lit",2000,0,"",""
"Assets/_Project/Art/Materials/WorldProceduralProxy/MAT_family_debris_scatter.mat","Universal Render Pipeline/Lit",2000,0,"",""
"Assets/_Project/Art/Materials/WorldProceduralProxy/MAT_family_egg_cluster.mat","Universal Render Pipeline/Lit",2000,0,"",""
"Assets/_Project/Art/Materials/WorldProceduralProxy/MAT_family_kelp_abyssal.mat","GPUInstancer/Hecton8/Flora/KelpMaster",2000,1,"_QUALITY_MX350",""
"Assets/_Project/Art/Materials/WorldProceduralProxy/MAT_family_kelp_canopy.mat","GPUInstancer/Hecton8/Flora/KelpMaster",2000,1,"_QUALITY_MX350",""
"Assets/_Project/Art/Materials/WorldProceduralProxy/MAT_family_kelp_patch_dense.mat","GPUInstancer/Hecton8/Flora/KelpMaster",2000,1,"_QUALITY_MX350",""
"Assets/_Project/Art/Materials/WorldProceduralProxy/MAT_family_kelp_tall.mat","GPUInstancer/Hecton8/Flora/KelpMaster",2000,1,"_QUALITY_MX350",""
"Assets/_Project/Art/Materials/WorldProceduralProxy/MAT_family_landmark_spire.mat","Universal Render Pipeline/Lit",2000,0,"",""
"Assets/_Project/Art/Materials/WorldProceduralProxy/MAT_family_plant_giant.mat","Universal Render Pipeline/Lit",2000,0,"",""
"Assets/_Project/Art/Materials/WorldProceduralProxy/MAT_family_pocket_hazard.mat","Universal Render Pipeline/Lit",2000,0,"",""
"Assets/_Project/Art/Materials/WorldProceduralProxy/MAT_family_pocket_resource.mat","Universal Render Pipeline/Lit",2000,0,"",""
"Assets/_Project/Art/Materials/WorldProceduralProxy/MAT_family_pocket_safe.mat","Universal Render Pipeline/Lit",2000,0,"",""
"Assets/_Project/Art/Materials/WorldProceduralProxy/MAT_family_rock_arch_large.mat","Universal Render Pipeline/Lit",2000,2,"_NORMALMAP|_OCCLUSIONMAP",""
"Assets/_Project/Art/Materials/WorldProceduralProxy/MAT_family_rock_cluster_medium.mat","Universal Render Pipeline/Lit",2000,2,"_NORMALMAP|_OCCLUSIONMAP",""
"Assets/_Project/Art/Materials/WorldProceduralProxy/MAT_family_rock_shelf_large.mat","Universal Render Pipeline/Lit",2000,0,"",""
"Assets/_Project/Art/Materials/WorldProceduralProxy/MAT_family_rock_small_floor.mat","Universal Render Pipeline/Lit",2000,2,"_NORMALMAP|_OCCLUSIONMAP",""
"Assets/_Project/Art/Materials/WorldProceduralProxy/MAT_family_route_power.mat","Universal Render Pipeline/Lit",2000,0,"",""
"Assets/_Project/Art/Materials/WorldProceduralProxy/MAT_family_ruin_cluster_medium.mat","Universal Render Pipeline/Lit",2000,0,"",""
"Assets/_Project/Art/Materials/WorldProceduralProxy/MAT_family_ruin_megastructure.mat","Universal Render Pipeline/Lit",2000,0,"",""
"Assets/_Project/Art/Materials/WorldProceduralProxy/MAT_family_ruin_module_single.mat","Universal Render Pipeline/Lit",2000,0,"",""
"Assets/_Project/Art/Materials/WorldProceduralProxy/MAT_family_service_scar.mat","Universal Render Pipeline/Lit",2000,0,"",""
"Assets/_Project/Art/Materials/WorldProceduralProxy/MAT_sargassum_leaf_scraps.mat","Universal Render Pipeline/Particles/Unlit",2450,2,"_ALPHATEST_ON|_FLIPBOOKBLENDING_OFF","TRANSPARENT_QUEUE_FILLRATE_RISK"
"Assets/_Project/Art/Materials/WorldProceduralProxy/MAT_sargassum_type2.mat","Hecton8/Flora/SargassumMaster",2450,0,"","TRANSPARENT_QUEUE_FILLRATE_RISK"
"Assets/_Project/Art/Materials/WorldSupport/Mat_Support_AbyssApex.mat","Universal Render Pipeline/Lit",2000,0,"",""
"Assets/_Project/Art/Materials/WorldSupport/Mat_Support_CreaturePassive.mat","Universal Render Pipeline/Lit",2000,0,"",""
"Assets/_Project/Art/Materials/WorldSupport/Mat_Support_CreaturePredator.mat","Universal Render Pipeline/Lit",2000,0,"",""
"Assets/_Project/Art/Materials/WorldSupport/Mat_Support_HazardPocket.mat","Universal Render Pipeline/Lit",2000,0,"",""
"Assets/_Project/Art/Materials/WorldSupport/Mat_Support_ReefApex.mat","Universal Render Pipeline/Lit",2000,0,"",""
"Assets/_Project/Art/Materials/WorldSupport/Mat_Support_ResourcePocket.mat","Universal Render Pipeline/Lit",2000,0,"",""
"Assets/_Project/Art/Materials/WorldSupport/Mat_Support_RuinApex.mat","Universal Render Pipeline/Lit",2000,0,"",""
"Assets/_Project/Art/Materials/WorldSupport/Mat_Support_SafePocket.mat","Universal Render Pipeline/Lit",2000,0,"",""
"Assets/_Project/Art/Models/Rocks/Rock 5/orig/River_Rock_FBX.fbx","Universal Render Pipeline/Lit",2000,0,"",""
"Assets/_Project/Art/Models/Rocks/Rock 6/rock6/Mossy_Forest_Rock_vimrfjsaw_Mid.fbx","Universal Render Pipeline/Lit",2000,0,"",""
"Assets/_Project/Art/Models/Rocks/Rock 6/rock6/rock_6.mat","Universal Render Pipeline/Lit",2000,2,"_NORMALMAP|_OCCLUSIONMAP",""
"Assets/_Project/Art/Models/Rocks/Rock 7/Materials/2.mat","Universal Render Pipeline/Lit",2000,1,"_NORMALMAP",""
"Assets/_Project/Art/Models/Rocks/Rock 7/SAMMPLE.fbx","Universal Render Pipeline/Lit",2000,1,"_NORMALMAP",""
"Assets/_Project/Art/Models/Rocks/Rock_4_-_UNIVERSALNYY_VYBOR/UNIVERSALNYY_VYBOR_(TEKSTURY)/Forest_Rock_Shelf_wgpqfjl_Mid.fbx","Universal Render Pipeline/Lit",2000,0,"",""
"Assets/_Project/Art/Models/Rocks/Rock_4_-_UNIVERSALNYY_VYBOR/UNIVERSALNYY_VYBOR_(TEKSTURY)/mat_Rock2.mat","Hidden/InternalErrorShader",2000,0,"",""
"Assets/_Project/Art/Models/Rocks/Rock_4_-_UNIVERSALNYY_VYBOR/UNIVERSALNYY_VYBOR_(TEKSTURY)/mat_Rock_Shared.mat","Hidden/InternalErrorShader",2000,0,"",""
"Assets/_Project/Art/Models/Rocks/Rock_4_-_UNIVERSALNYY_VYBOR/UNIVERSALNYY_VYBOR_(TEKSTURY)/Mossy_Forest_Rock_vimrfjsaw_Mid.fbx","Universal Render Pipeline/Lit",2000,0,"",""
"Assets/_Project/Art/Models/Rocks/Rock_4_-_UNIVERSALNYY_VYBOR/UNIVERSALNYY_VYBOR_(TEKSTURY)/Nordic_Beach_Rock_uknoehp_Mid.fbx","Universal Render Pipeline/Lit",2000,0,"",""
"Assets/_Project/Art/Models/Rocks/Rock_4_-_UNIVERSALNYY_VYBOR/UNIVERSALNYY_VYBOR_(TEKSTURY)/Rock_4.fbx","Universal Render Pipeline/Lit",2000,1,"_NORMALMAP",""
"Assets/_Project/Art/Skyboxes/Mat_Skybox_Day.mat","Skybox/Cubemap",1000,0,"",""
"Assets/_Project/Art/Skyboxes/Mat_Skybox_Night.mat","Skybox/Cubemap",1000,0,"",""
"Assets/_Project/Art/Skyboxes/Mat_Skybox_Storm.mat","Skybox/Cubemap",1000,0,"",""
"Assets/_Project/Data/AI/GeneratedProxies/Materials/Mat_DroneProxy.mat","Universal Render Pipeline/Lit",2000,0,"",""
"Assets/_Project/Data/AI/GeneratedProxies/Materials/Mat_HeavyHunterProxy.mat","Universal Render Pipeline/Lit",2000,0,"",""
"Assets/_Project/Data/AI/GeneratedProxies/Materials/Mat_HunterProxy.mat","Universal Render Pipeline/Lit",2000,0,"",""
"Assets/_Project/Data/AI/GeneratedProxies/Materials/Mat_LeviathanProxy.mat","Universal Render Pipeline/Lit",2000,0,"",""
"Assets/_Project/Data/AI/GeneratedProxies/Materials/Mat_SmallPassiveProxy.mat","Universal Render Pipeline/Lit",2000,0,"",""
"Assets/_Project/Data/AI/GeneratedProxies/Materials/Mat_TerritorialProxy.mat","Universal Render Pipeline/Lit",2000,0,"",""
"Assets/_Project/Data/Flora/GeneratedProxies/Materials/MAT_FloraProxy_Coral.mat","Universal Render Pipeline/Lit",2000,0,"",""
"Assets/_Project/Data/Flora/GeneratedProxies/Materials/MAT_FloraProxy_Kelp.mat","Universal Render Pipeline/Lit",2000,0,"",""
"Assets/_Project/Data/Flora/GeneratedProxies/Materials/MAT_FloraProxy_MicroGrass.mat","Universal Render Pipeline/Lit",2000,0,"",""
"Assets/_Project/Data/Flora/GeneratedProxies/Materials/MAT_FloraProxy_Sargassum.mat","Universal Render Pipeline/Lit",2000,0,"",""
"Assets/_Project/Data/LiberationSans SDF - Fallback.asset","TextMeshPro/Mobile/Distance Field",3000,0,"","TRANSPARENT_QUEUE_FILLRATE_RISK"
"Assets/_Project/Data/LiberationSans SDF.asset","TextMeshPro/Mobile/Distance Field",3000,0,"","TRANSPARENT_QUEUE_FILLRATE_RISK"
"Assets/_Project/Materials/WorldRuntime/ProceduralPlaceholders/Construction/MAT_family_pocket_hazard_Placeholder.mat","Universal Render Pipeline/Lit",2000,0,"",""
"Assets/_Project/Materials/WorldRuntime/ProceduralPlaceholders/Construction/MAT_family_pocket_safe_Placeholder.mat","Universal Render Pipeline/Lit",2000,0,"",""
"Assets/_Project/Materials/WorldRuntime/ProceduralPlaceholders/Construction/MAT_family_route_power_Placeholder.mat","Universal Render Pipeline/Lit",2000,0,"",""
"Assets/_Project/Materials/WorldRuntime/ProceduralPlaceholders/Construction/MAT_family_ruin_cluster_medium_Placeholder.mat","Universal Render Pipeline/Lit",2000,0,"",""
"Assets/_Project/Materials/WorldRuntime/ProceduralPlaceholders/Construction/MAT_family_ruin_megastructure_Placeholder.mat","Universal Render Pipeline/Lit",2000,0,"",""
"Assets/_Project/Materials/WorldRuntime/ProceduralPlaceholders/Construction/MAT_family_ruin_module_single_Placeholder.mat","Universal Render Pipeline/Lit",2000,0,"",""
"Assets/_Project/Materials/WorldRuntime/ProceduralPlaceholders/Construction/MAT_family_service_scar_Placeholder.mat","Universal Render Pipeline/Lit",2000,0,"",""
"Assets/_Project/Materials/WorldRuntime/ProceduralPlaceholders/Debris/MAT_family_debris_field_Placeholder.mat","Universal Render Pipeline/Lit",2000,0,"",""
"Assets/_Project/Materials/WorldRuntime/ProceduralPlaceholders/Debris/MAT_family_debris_scatter_Placeholder.mat","Universal Render Pipeline/Lit",2000,0,"",""
"Assets/_Project/Materials/WorldRuntime/ProceduralPlaceholders/Fauna/MAT_family_creature_spawn_passive_Placeholder.mat","Universal Render Pipeline/Lit",2000,0,"",""
"Assets/_Project/Materials/WorldRuntime/ProceduralPlaceholders/Fauna/MAT_family_creature_spawn_predator_Placeholder.mat","Universal Render Pipeline/Lit",2000,0,"",""
"Assets/_Project/Materials/WorldRuntime/ProceduralPlaceholders/Fauna/MAT_family_egg_cluster_Placeholder.mat","Universal Render Pipeline/Lit",2000,0,"",""
"Assets/_Project/Materials/WorldRuntime/ProceduralPlaceholders/Flora/MAT_family_coral_branching_Placeholder.mat","Universal Render Pipeline/Lit",2000,0,"",""
"Assets/_Project/Materials/WorldRuntime/ProceduralPlaceholders/Flora/MAT_family_coral_low_Placeholder.mat","Universal Render Pipeline/Lit",2000,0,"",""
"Assets/_Project/Materials/WorldRuntime/ProceduralPlaceholders/Flora/MAT_family_coral_massive_Placeholder.mat","Universal Render Pipeline/Lit",2000,0,"",""
"Assets/_Project/Materials/WorldRuntime/ProceduralPlaceholders/Flora/MAT_family_coral_plate_Placeholder.mat","Universal Render Pipeline/Lit",2000,0,"",""
"Assets/_Project/Materials/WorldRuntime/ProceduralPlaceholders/Flora/MAT_family_kelp_canopy_Placeholder.mat","Universal Render Pipeline/Lit",2000,0,"",""
"Assets/_Project/Materials/WorldRuntime/ProceduralPlaceholders/Flora/MAT_family_kelp_patch_dense_Placeholder.mat","Universal Render Pipeline/Lit",2000,0,"",""
"Assets/_Project/Materials/WorldRuntime/ProceduralPlaceholders/Flora/MAT_family_kelp_tall_Placeholder.mat","Universal Render Pipeline/Lit",2000,0,"",""
"Assets/_Project/Materials/WorldRuntime/ProceduralPlaceholders/Flora/MAT_family_plant_giant_Placeholder.mat","Universal Render Pipeline/Lit",2000,0,"",""
"Assets/_Project/Materials/WorldRuntime/ProceduralPlaceholders/LargeThreats/MAT_family_creature_zone_abyss_apex_Placeholder.mat","Universal Render Pipeline/Lit",2000,0,"",""
"Assets/_Project/Materials/WorldRuntime/ProceduralPlaceholders/LargeThreats/MAT_family_creature_zone_large_threat_Placeholder.mat","Universal Render Pipeline/Lit",2000,0,"",""
"Assets/_Project/Materials/WorldRuntime/ProceduralPlaceholders/LargeThreats/MAT_family_creature_zone_reef_apex_Placeholder.mat","Universal Render Pipeline/Lit",2000,0,"",""
"Assets/_Project/Materials/WorldRuntime/ProceduralPlaceholders/LargeThreats/MAT_family_creature_zone_ruin_apex_Placeholder.mat","Universal Render Pipeline/Lit",2000,0,"",""
"Assets/_Project/Materials/WorldRuntime/ProceduralPlaceholders/Resources/MAT_family_pocket_resource_Placeholder.mat","Universal Render Pipeline/Lit",2000,0,"",""
"Assets/_Project/Materials/WorldRuntime/ProceduralPlaceholders/TerrainLod/MAT_family_cave_entrance_Placeholder.mat","Universal Render Pipeline/Lit",2000,0,"",""
"Assets/_Project/Materials/WorldRuntime/ProceduralPlaceholders/TerrainLod/MAT_family_landmark_spire_Placeholder.mat","Universal Render Pipeline/Lit",2000,0,"",""
"Assets/_Project/Materials/WorldRuntime/ProceduralPlaceholders/TerrainLod/MAT_family_rock_arch_large_Placeholder.mat","Universal Render Pipeline/Lit",2000,2,"_NORMALMAP|_OCCLUSIONMAP",""
"Assets/_Project/Materials/WorldRuntime/ProceduralPlaceholders/TerrainLod/MAT_family_rock_cluster_medium_Placeholder.mat","Universal Render Pipeline/Lit",2000,0,"",""
"Assets/_Project/Materials/WorldRuntime/ProceduralPlaceholders/TerrainLod/MAT_family_rock_small_floor_Placeholder.mat","Universal Render Pipeline/Lit",2000,0,"",""
"Assets/AstarPathfindingProject/Editor/EditorAssets/Materials/Navmesh.mat","Hidden/AstarPathfindingProject/Navmesh",3001,0,"","TRANSPARENT_QUEUE_FILLRATE_RISK"
"Assets/AstarPathfindingProject/Editor/EditorAssets/Materials/NavmeshOutline.mat","Hidden/AstarPathfindingProject/Navmesh Outline",2000,0,"",""
"Assets/Bakery/ftDefaultAreaLightMat.mat","Bakery/Light",2000,0,"",""
"Assets/Bakery/shader/ShaderGraph/URP/BakeryURPDirSpec.mat","Hidden/InternalErrorShader",2000,0,"",""
"Assets/Bakery/shader/ShaderGraph/URP/BakeryURPNonLinearLightProbe.mat","Hidden/InternalErrorShader",2000,0,"",""
"Assets/Bakery/shader/ShaderGraph/URP/BakeryURPRNM.mat","Hidden/InternalErrorShader",2000,0,"",""
"Assets/Bakery/shader/ShaderGraph/URP/BakeryURPSH.mat","Hidden/InternalErrorShader",2000,0,"",""
"Assets/Bakery/shader/ShaderGraph/URP/BakeryURPSHGraph_Subtractive.mat","Hidden/InternalErrorShader",2000,0,"",""
"Assets/Bakery/shader/ShaderGraph/URP/BakeryURPSHSpec.mat","Hidden/InternalErrorShader",2000,0,"",""
"Assets/Bakery/shader/ShaderGraph/URP/BakeryURPSHSpecGraph_Subtractive.mat","Hidden/InternalErrorShader",2000,0,"",""
"Assets/Bakery/shader/ShaderGraph/URP/BakeryURPVertexColor.mat","Hidden/InternalErrorShader",2000,0,"",""
"Assets/Bakery/shader/ShaderGraph/URP/BakeryURPVolume.mat","Hidden/InternalErrorShader",2000,0,"",""
"Assets/Bakery/shader/ShaderGraph/URP/BakeryURPVolumeSpec.mat","Hidden/InternalErrorShader",2000,0,"",""
"Assets/Candice AI for Games/Ground.mat","Universal Render Pipeline/Lit",2000,0,"",""
"Assets/Candice AI for Games/Prefabs/Ground.mat","Universal Render Pipeline/Lit",2000,0,"",""
"Assets/Crest/Crest/Materials/Ocean-Underwater.mat","Crest/Ocean URP",2900,16,"_APPLYNORMALMAPPING_ON|_CLIPSURFACE_ON|_CLIPUNDERTERRAIN_ON|_FOAM3DLIGHTING_ON|_FOAM_ON|_PROCEDURALSKY_ON|_SHADOWS_ON|_SUBSURFACESCATTERING_ON|_SUBSURFACESHALLOWCOLOUR_ON|_TRANSPARENCY_ON|_UNDERWATER_ON|_VARYSMOOTHNESSOVERDISTANCE_ON|_COMPUTEDIRECTIONALLIGHT_ON|_DEBUGMULTIPLYBYLIGHT0COLOR_ON|_PROJECTION_BOTH|_SUBSURFACEHEIGHTLERP_ON","KEYWORD_BLOAT_GT_8|TRANSPARENT_QUEUE_FILLRATE_RISK"
"Assets/Crest/Crest/Materials/Ocean.mat","Crest/Ocean URP",2900,15,"_ALBEDO_ON|_CLIPSURFACE_ON|_CLIPUNDERTERRAIN_ON|_FOAM_ON|_PROCEDURALSKY_ON|_SHADOWS_ON|_SUBSURFACESCATTERING_ON|_SUBSURFACESHALLOWCOLOUR_ON|_TRANSPARENCY_ON|_UNDERWATER_ON|_VARYSMOOTHNESSOVERDISTANCE_ON|_COMPUTEDIRECTIONALLIGHT_ON|_DEBUGMULTIPLYBYLIGHT0COLOR_ON|_PROJECTION_BOTH|_SUBSURFACEHEIGHTLERP_ON","KEYWORD_BLOAT_GT_8|TRANSPARENT_QUEUE_FILLRATE_RISK"
"Assets/Crest/Crest/Materials/Ocean_UnderwaterCurtain.mat","Crest/Ocean URP",2900,15,"_APPLYNORMALMAPPING_ON|_FLOW_ON|_FOAM3DLIGHTING_ON|_FOAM_ON|_PLANARREFLECTIONS_ON|_SHADOWS_ON|_SUBSURFACESCATTERING_ON|_SUBSURFACESHALLOWCOLOUR_ON|_TRANSPARENCY_ON|_UNDERWATER_ON|_VARYSMOOTHNESSOVERDISTANCE_ON|_COMPUTEDIRECTIONALLIGHT_ON|_DEBUGMULTIPLYBYLIGHT0COLOR_ON|_PROJECTION_BOTH|_SUBSURFACEHEIGHTLERP_ON","KEYWORD_BLOAT_GT_8|TRANSPARENT_QUEUE_FILLRATE_RISK"
"Assets/Crest/Crest/Materials/Ocean_UnderwaterMeniscus.mat","Crest/Underwater Meniscus",2901,0,"","TRANSPARENT_QUEUE_FILLRATE_RISK"
"Assets/Crest/Crest/Materials/OceanInputs/AlbedoColor.mat","Crest/Inputs/Albedo/Color",2000,0,"",""
"Assets/Crest/Crest/Materials/OceanInputs/ClipSurfaceConvexHull.mat","Crest/Inputs/Clip Surface/Convex Hull",2000,0,"",""
"Assets/Crest/Crest/Materials/OceanInputs/ClipSurfaceIncludeArea.mat","Crest/Inputs/Clip Surface/Include Area",1990,0,"",""
"Assets/Crest/Crest/Materials/OceanInputs/ClipSurfaceRemoveArea.mat","Crest/Inputs/Clip Surface/Remove Area",2000,0,"",""
"Assets/Crest/Crest/Materials/OceanInputs/FoamOverride.mat","Crest/Inputs/Foam/Override Foam",3000,0,"","TRANSPARENT_QUEUE_FILLRATE_RISK"
"Assets/Crest/Crest/Materials/OceanInputs/Resources/Internal_SphereWaterInteraction.mat","Crest/Inputs/Dynamic Waves/Sphere-Water Interaction",2000,0,"",""
"Assets/Crest/Crest/Materials/OceanInputs/ShadowOverride.mat","Crest/Inputs/Shadows/Override Shadows",2000,0,"",""
"Assets/Crest/Crest/Materials/OceanInputs/WaterBodyGerstnerPatch.mat","Crest/Inputs/Animated Waves/Gerstner Batch Geometry",2000,0,"",""
"Assets/Crest/Crest/Materials/OceanInputs/WaterLevelFromGeometry.mat","Crest/Inputs/Sea Floor Depth/Set Base Water Height Using Geometry",2000,1,"_SETHEIGHTSBELOWSEALEVEL_ON",""
"Assets/Crest/Crest/Materials/OceanInputs/WavesScaleByFactor.mat","Crest/Inputs/All/Scale By Factor",2000,0,"",""
"Assets/Feel/MMTools/Demos/MMBezierLineRenderer/MMBezierLineRendererSkybox.mat","MoreMountains/MMSkybox",2000,0,"",""
"Assets/Feel/MMTools/Demos/MMFollowTarget/MMFollowTargetDemoGroundMaterial.mat","Universal Render Pipeline/Lit",2000,4,"_METALLICSPECGLOSSMAP|_NORMALMAP|_OCCLUSIONMAP|_METALLICGLOSSMAP",""
"Assets/Feel/MMTools/Demos/MMGhostCamera/Materials/MMGhostCameraBuildings.mat","Universal Render Pipeline/Lit",2000,0,"",""
"Assets/Feel/MMTools/Demos/MMGhostCamera/Materials/MMGhostCameraDark.mat","Universal Render Pipeline/Lit",2000,0,"",""
"Assets/Feel/MMTools/Demos/MMGhostCamera/Materials/MMGhostCameraGround.mat","Universal Render Pipeline/Lit",2000,0,"",""
"Assets/Feel/MMTools/Demos/MMGhostCamera/Materials/MMGhostCameraSkybox.mat","MoreMountains/MMSkybox",2000,0,"",""
"Assets/Feel/MMTools/Demos/MMGhostCamera/Materials/MMGhostCameraSpheres.mat","Universal Render Pipeline/Lit",2000,1,"_EMISSION",""
"Assets/Feel/MMTools/Demos/MMGhostCamera/Models/MMGhostCameraCity.fbx","Universal Render Pipeline/Lit",2000,0,"",""
"Assets/Feel/MMTools/Demos/MMGizmos/MMGizmoDemoSkybox.mat","MoreMountains/MMSkybox",2000,0,"",""
"Assets/Feel/MMTools/Demos/MMTween/Fonts/Lato/SDF/Lato SDF.asset","TextMeshPro/Distance Field",3000,0,"","TRANSPARENT_QUEUE_FILLRATE_RISK"
"Assets/Feel/MMTools/Demos/MMTween/Fonts/Lato/SDF/Lato-Black SDF.asset","TextMeshPro/Distance Field",3000,0,"","TRANSPARENT_QUEUE_FILLRATE_RISK"
"Assets/Feel/MMTools/Demos/MMTween/Fonts/Lato/SDF/Lato-BlackItalic SDF.asset","TextMeshPro/Distance Field",3000,0,"","TRANSPARENT_QUEUE_FILLRATE_RISK"
"Assets/Feel/MMTools/Demos/MMTween/Fonts/Lato/SDF/Lato-Bold SDF.asset","TextMeshPro/Distance Field",3000,0,"","TRANSPARENT_QUEUE_FILLRATE_RISK"
"Assets/Feel/MMTools/Demos/MMTween/Fonts/Lato/SDF/Lato-BoldItalic SDF.asset","TextMeshPro/Distance Field",3000,0,"","TRANSPARENT_QUEUE_FILLRATE_RISK"
"Assets/Feel/MMTools/Demos/MMTween/Fonts/Lato/SDF/Lato-Hairline SDF.asset","TextMeshPro/Distance Field",3000,0,"","TRANSPARENT_QUEUE_FILLRATE_RISK"
"Assets/Feel/MMTools/Demos/MMTween/Fonts/Lato/SDF/Lato-HairlineItalic SDF.asset","TextMeshPro/Distance Field",3000,0,"","TRANSPARENT_QUEUE_FILLRATE_RISK"
"Assets/Feel/MMTools/Demos/MMTween/Fonts/Lato/SDF/Lato-Heavy SDF.asset","TextMeshPro/Distance Field",3000,0,"","TRANSPARENT_QUEUE_FILLRATE_RISK"
"Assets/Feel/MMTools/Demos/MMTween/Fonts/Lato/SDF/Lato-HeavyItalic SDF.asset","TextMeshPro/Distance Field",3000,0,"","TRANSPARENT_QUEUE_FILLRATE_RISK"
"Assets/Feel/MMTools/Demos/MMTween/Fonts/Lato/SDF/Lato-Italic SDF.asset","TextMeshPro/Distance Field",3000,0,"","TRANSPARENT_QUEUE_FILLRATE_RISK"
"Assets/Feel/MMTools/Demos/MMTween/Fonts/Lato/SDF/Lato-Light SDF.asset","TextMeshPro/Distance Field",3000,0,"","TRANSPARENT_QUEUE_FILLRATE_RISK"
"Assets/Feel/MMTools/Demos/MMTween/Fonts/Lato/SDF/Lato-LightItalic SDF.asset","TextMeshPro/Distance Field",3000,0,"","TRANSPARENT_QUEUE_FILLRATE_RISK"
"Assets/Feel/MMTools/Demos/MMTween/Fonts/Lato/SDF/Lato-Medium SDF.asset","TextMeshPro/Distance Field",3000,0,"","TRANSPARENT_QUEUE_FILLRATE_RISK"
"Assets/Feel/MMTools/Demos/MMTween/Fonts/Lato/SDF/Lato-MediumItalic SDF.asset","TextMeshPro/Distance Field",3000,0,"","TRANSPARENT_QUEUE_FILLRATE_RISK"
"Assets/Feel/MMTools/Demos/MMTween/Fonts/Lato/SDF/Lato-Semibold SDF.asset","TextMeshPro/Distance Field",3000,0,"","TRANSPARENT_QUEUE_FILLRATE_RISK"
"Assets/Feel/MMTools/Demos/MMTween/Fonts/Lato/SDF/Lato-SemiboldItalic SDF.asset","TextMeshPro/Distance Field",3000,0,"","TRANSPARENT_QUEUE_FILLRATE_RISK"
"Assets/Feel/MMTools/Demos/MMTween/Fonts/Lato/SDF/Lato-Thin SDF.asset","TextMeshPro/Distance Field",3000,0,"","TRANSPARENT_QUEUE_FILLRATE_RISK"
"Assets/Feel/MMTools/Demos/MMTween/Fonts/Lato/SDF/Lato-ThinItalic SDF.asset","TextMeshPro/Distance Field",3000,0,"","TRANSPARENT_QUEUE_FILLRATE_RISK"
"Assets/Feel/MMTools/Demos/MMTween/Fonts/Lato/TTF/Lato-Black.ttf","GUI/Text Shader",3000,0,"","TRANSPARENT_QUEUE_FILLRATE_RISK"
"Assets/Feel/MMTools/Demos/MMTween/Fonts/Lato/TTF/Lato-BlackItalic.ttf","GUI/Text Shader",3000,0,"","TRANSPARENT_QUEUE_FILLRATE_RISK"
"Assets/Feel/MMTools/Demos/MMTween/Fonts/Lato/TTF/Lato-Bold.ttf","GUI/Text Shader",3000,0,"","TRANSPARENT_QUEUE_FILLRATE_RISK"
"Assets/Feel/MMTools/Demos/MMTween/Fonts/Lato/TTF/Lato-BoldItalic.ttf","GUI/Text Shader",3000,0,"","TRANSPARENT_QUEUE_FILLRATE_RISK"
"Assets/Feel/MMTools/Demos/MMTween/Fonts/Lato/TTF/Lato-Hairline.ttf","GUI/Text Shader",3000,0,"","TRANSPARENT_QUEUE_FILLRATE_RISK"
"Assets/Feel/MMTools/Demos/MMTween/Fonts/Lato/TTF/Lato-HairlineItalic.ttf","GUI/Text Shader",3000,0,"","TRANSPARENT_QUEUE_FILLRATE_RISK"
"Assets/Feel/MMTools/Demos/MMTween/Fonts/Lato/TTF/Lato-Heavy.ttf","GUI/Text Shader",3000,0,"","TRANSPARENT_QUEUE_FILLRATE_RISK"
"Assets/Feel/MMTools/Demos/MMTween/Fonts/Lato/TTF/Lato-HeavyItalic.ttf","GUI/Text Shader",3000,0,"","TRANSPARENT_QUEUE_FILLRATE_RISK"
"Assets/Feel/MMTools/Demos/MMTween/Fonts/Lato/TTF/Lato-Italic.ttf","GUI/Text Shader",3000,0,"","TRANSPARENT_QUEUE_FILLRATE_RISK"
"Assets/Feel/MMTools/Demos/MMTween/Fonts/Lato/TTF/Lato-Light.ttf","GUI/Text Shader",3000,0,"","TRANSPARENT_QUEUE_FILLRATE_RISK"
"Assets/Feel/MMTools/Demos/MMTween/Fonts/Lato/TTF/Lato-LightItalic.ttf","GUI/Text Shader",3000,0,"","TRANSPARENT_QUEUE_FILLRATE_RISK"
"Assets/Feel/MMTools/Demos/MMTween/Fonts/Lato/TTF/Lato-Medium.ttf","GUI/Text Shader",3000,0,"","TRANSPARENT_QUEUE_FILLRATE_RISK"
"Assets/Feel/MMTools/Demos/MMTween/Fonts/Lato/TTF/Lato-MediumItalic.ttf","GUI/Text Shader",3000,0,"","TRANSPARENT_QUEUE_FILLRATE_RISK"
"Assets/Feel/MMTools/Demos/MMTween/Fonts/Lato/TTF/Lato-Regular.ttf","GUI/Text Shader",3000,0,"","TRANSPARENT_QUEUE_FILLRATE_RISK"
"Assets/Feel/MMTools/Demos/MMTween/Fonts/Lato/TTF/Lato-Semibold.ttf","GUI/Text Shader",3000,0,"","TRANSPARENT_QUEUE_FILLRATE_RISK"
"Assets/Feel/MMTools/Demos/MMTween/Fonts/Lato/TTF/Lato-SemiboldItalic.ttf","GUI/Text Shader",3000,0,"","TRANSPARENT_QUEUE_FILLRATE_RISK"
"Assets/Feel/MMTools/Demos/MMTween/Fonts/Lato/TTF/Lato-Thin.ttf","GUI/Text Shader",3000,0,"","TRANSPARENT_QUEUE_FILLRATE_RISK"
"Assets/Feel/MMTools/Demos/MMTween/Fonts/Lato/TTF/Lato-ThinItalic.ttf","GUI/Text Shader",3000,0,"","TRANSPARENT_QUEUE_FILLRATE_RISK"
"Assets/Feel/MMTools/Demos/MMTween/Materials/MMPlotterCurvePointMaterial.mat","Universal Render Pipeline/Lit",2000,1,"_EMISSION",""
"Assets/Feel/MMTools/Demos/MMTween/Materials/MMPlotterLineMaterial.mat","Sprites/Default",3000,0,"","TRANSPARENT_QUEUE_FILLRATE_RISK"
"Assets/Feel/MMTools/Demos/MMTween/Materials/MMPlotterPointMaterial 1.mat","Unlit/Color",2000,0,"",""
"Assets/Feel/MMTools/Demos/MMTween/Materials/MMPlotterPointMaterial 2.mat","Unlit/Color",2000,0,"",""
"Assets/Feel/MMTools/Demos/MMTween/Materials/MMPlotterPointMaterial 3.mat","Unlit/Color",2000,0,"",""
"Assets/Feel/MMTools/Demos/MMTween/Materials/MMPlotterPointMaterial 4.mat","Unlit/Color",2000,0,"",""
"Assets/Feel/MMTools/Demos/MMTween/Materials/MMPlotterPointMaterial 5.mat","Unlit/Color",2000,0,"",""
"Assets/Feel/MMTools/Demos/MMTween/Materials/MMPlotterPointMaterial 6.mat","Unlit/Color",2000,0,"",""
"Assets/Feel/MMTools/Demos/MMTween/Materials/MMPlotterPointMaterial 7.mat","Unlit/Color",2000,0,"",""
"Assets/Feel/MMTools/Demos/MMTween/Materials/MMPlotterPointMaterial 8.mat","Unlit/Color",2000,0,"",""
"Assets/Feel/MMTools/Demos/MMTween/Materials/MMPlotterPointMaterial 9.mat","Unlit/Color",2000,0,"",""
"Assets/Feel/MMTools/Demos/MMTween/Materials/MMPlotterPointMaterial 10.mat","Unlit/Color",2000,0,"",""
"Assets/Feel/MMTools/Demos/MMTween/Materials/MMPlotterPointMaterial 11.mat","Unlit/Color",2000,0,"",""
"Assets/Feel/MMTools/Demos/MMTween/Materials/MMPlotterPointMaterial.mat","Unlit/Color",2000,0,"",""
"Assets/Feel/MMTools/Tools/MMAchievements/Fonts/orange kid.ttf","GUI/Text Shader",3000,0,"","TRANSPARENT_QUEUE_FILLRATE_RISK"
"Assets/Feel/MMTools/Tools/MMGUI/Materials/MMFaderRoundMaterialMask.mat","UI/Default",3000,1,"UNITY_UI_ALPHACLIP","TRANSPARENT_QUEUE_FILLRATE_RISK"
"Assets/Feel/MMTools/Tools/MMGUI/Materials/MMFaderRoundMaterialMasked.mat","UI/Default",3000,0,"","TRANSPARENT_QUEUE_FILLRATE_RISK"
"Assets/Feel/MMTools/Tools/MMPrototypeTextures/MMBRP_Materials/MMBPR_BlueCrosses.mat","Universal Render Pipeline/Lit",2000,4,"_METALLICSPECGLOSSMAP|_NORMALMAP|_OCCLUSIONMAP|_METALLICGLOSSMAP",""
"Assets/Feel/MMTools/Tools/MMPrototypeTextures/MMBRP_Materials/MMBPR_BlueDots.mat","Universal Render Pipeline/Lit",2000,4,"_METALLICSPECGLOSSMAP|_NORMALMAP|_OCCLUSIONMAP|_METALLICGLOSSMAP",""
"Assets/Feel/MMTools/Tools/MMPrototypeTextures/MMBRP_Materials/MMBPR_BlueFrame.mat","Universal Render Pipeline/Lit",2000,4,"_METALLICSPECGLOSSMAP|_NORMALMAP|_OCCLUSIONMAP|_METALLICGLOSSMAP",""
"Assets/Feel/MMTools/Tools/MMPrototypeTextures/MMBRP_Materials/MMBPR_BlueSquares.mat","Universal Render Pipeline/Lit",2000,4,"_METALLICSPECGLOSSMAP|_NORMALMAP|_OCCLUSIONMAP|_METALLICGLOSSMAP",""
"Assets/Feel/MMTools/Tools/MMPrototypeTextures/MMBRP_Materials/MMBPR_DarkGreyCrosses.mat","Universal Render Pipeline/Lit",2000,4,"_METALLICSPECGLOSSMAP|_NORMALMAP|_OCCLUSIONMAP|_METALLICGLOSSMAP",""
"Assets/Feel/MMTools/Tools/MMPrototypeTextures/MMBRP_Materials/MMBPR_DarkGreyDots.mat","Universal Render Pipeline/Lit",2000,4,"_METALLICSPECGLOSSMAP|_NORMALMAP|_OCCLUSIONMAP|_METALLICGLOSSMAP",""
"Assets/Feel/MMTools/Tools/MMPrototypeTextures/MMBRP_Materials/MMBPR_DarkGreyFrame.mat","Universal Render Pipeline/Lit",2000,4,"_METALLICSPECGLOSSMAP|_NORMALMAP|_OCCLUSIONMAP|_METALLICGLOSSMAP",""
"Assets/Feel/MMTools/Tools/MMPrototypeTextures/MMBRP_Materials/MMBPR_DarkGreySquares.mat","Universal Render Pipeline/Lit",2000,4,"_METALLICSPECGLOSSMAP|_NORMALMAP|_OCCLUSIONMAP|_METALLICGLOSSMAP",""
"Assets/Feel/MMTools/Tools/MMPrototypeTextures/MMBRP_Materials/MMBPR_GreenCrosses.mat","Universal Render Pipeline/Lit",2000,4,"_METALLICSPECGLOSSMAP|_NORMALMAP|_OCCLUSIONMAP|_METALLICGLOSSMAP",""
"Assets/Feel/MMTools/Tools/MMPrototypeTextures/MMBRP_Materials/MMBPR_GreenDots.mat","Universal Render Pipeline/Lit",2000,4,"_METALLICSPECGLOSSMAP|_NORMALMAP|_OCCLUSIONMAP|_METALLICGLOSSMAP",""
"Assets/Feel/MMTools/Tools/MMPrototypeTextures/MMBRP_Materials/MMBPR_GreenFrame.mat","Universal Render Pipeline/Lit",2000,4,"_METALLICSPECGLOSSMAP|_NORMALMAP|_OCCLUSIONMAP|_METALLICGLOSSMAP",""
"Assets/Feel/MMTools/Tools/MMPrototypeTextures/MMBRP_Materials/MMBPR_GreenSquares.mat","Universal Render Pipeline/Lit",2000,4,"_METALLICSPECGLOSSMAP|_NORMALMAP|_OCCLUSIONMAP|_METALLICGLOSSMAP",""
"Assets/Feel/MMTools/Tools/MMPrototypeTextures/MMBRP_Materials/MMBPR_LightGreyCrosses.mat","Universal Render Pipeline/Lit",2000,4,"_METALLICSPECGLOSSMAP|_NORMALMAP|_OCCLUSIONMAP|_METALLICGLOSSMAP",""
"Assets/Feel/MMTools/Tools/MMPrototypeTextures/MMBRP_Materials/MMBPR_LightGreyDots.mat","Universal Render Pipeline/Lit",2000,4,"_METALLICSPECGLOSSMAP|_NORMALMAP|_OCCLUSIONMAP|_METALLICGLOSSMAP",""
"Assets/Feel/MMTools/Tools/MMPrototypeTextures/MMBRP_Materials/MMBPR_LightGreyFrame.mat","Universal Render Pipeline/Lit",2000,4,"_METALLICSPECGLOSSMAP|_NORMALMAP|_OCCLUSIONMAP|_METALLICGLOSSMAP",""
"Assets/Feel/MMTools/Tools/MMPrototypeTextures/MMBRP_Materials/MMBPR_LightGreySquares.mat","Universal Render Pipeline/Lit",2000,4,"_METALLICSPECGLOSSMAP|_NORMALMAP|_OCCLUSIONMAP|_METALLICGLOSSMAP",""
"Assets/Feel/MMTools/Tools/MMPrototypeTextures/MMBRP_Materials/MMBPR_RedCrosses.mat","Universal Render Pipeline/Lit",2000,4,"_METALLICSPECGLOSSMAP|_NORMALMAP|_OCCLUSIONMAP|_METALLICGLOSSMAP",""
"Assets/Feel/MMTools/Tools/MMPrototypeTextures/MMBRP_Materials/MMBPR_RedDots.mat","Universal Render Pipeline/Lit",2000,4,"_METALLICSPECGLOSSMAP|_NORMALMAP|_OCCLUSIONMAP|_METALLICGLOSSMAP",""
"Assets/Feel/MMTools/Tools/MMPrototypeTextures/MMBRP_Materials/MMBPR_RedFrame.mat","Universal Render Pipeline/Lit",2000,4,"_METALLICSPECGLOSSMAP|_NORMALMAP|_OCCLUSIONMAP|_METALLICGLOSSMAP",""
"Assets/Feel/MMTools/Tools/MMPrototypeTextures/MMBRP_Materials/MMBPR_RedSquares.mat","Universal Render Pipeline/Lit",2000,4,"_METALLICSPECGLOSSMAP|_NORMALMAP|_OCCLUSIONMAP|_METALLICGLOSSMAP",""
"Assets/Feel/MMTools/Tools/MMPrototypeTextures/MMBRP_Materials/MMBPR_YellowCrosses.mat","Universal Render Pipeline/Lit",2000,4,"_METALLICSPECGLOSSMAP|_NORMALMAP|_OCCLUSIONMAP|_METALLICGLOSSMAP",""
"Assets/Feel/MMTools/Tools/MMPrototypeTextures/MMBRP_Materials/MMBPR_YellowDots.mat","Universal Render Pipeline/Lit",2000,4,"_METALLICSPECGLOSSMAP|_NORMALMAP|_OCCLUSIONMAP|_METALLICGLOSSMAP",""
"Assets/Feel/MMTools/Tools/MMPrototypeTextures/MMBRP_Materials/MMBPR_YellowFrame.mat","Universal Render Pipeline/Lit",2000,4,"_METALLICSPECGLOSSMAP|_NORMALMAP|_OCCLUSIONMAP|_METALLICGLOSSMAP",""
"Assets/Feel/MMTools/Tools/MMPrototypeTextures/MMBRP_Materials/MMBPR_YellowSquares.mat","Universal Render Pipeline/Lit",2000,4,"_METALLICSPECGLOSSMAP|_NORMALMAP|_OCCLUSIONMAP|_METALLICGLOSSMAP",""
"Assets/Feel/MMTools/Tools/MMPrototypeTextures/MMBRP_Materials/Neutral/MMBRP_NeutralBlack.mat","Universal Render Pipeline/Lit",2000,5,"_METALLICSPECGLOSSMAP|_NORMALMAP|_OCCLUSIONMAP|_SPECGLOSSMAP|_METALLICGLOSSMAP",""
"Assets/Feel/MMTools/Tools/MMPrototypeTextures/MMBRP_Materials/Neutral/MMBRP_NeutralCheckers.mat","Universal Render Pipeline/Lit",2000,5,"_METALLICSPECGLOSSMAP|_NORMALMAP|_OCCLUSIONMAP|_SPECGLOSSMAP|_METALLICGLOSSMAP",""
"Assets/Feel/MMTools/Tools/MMPrototypeTextures/MMBRP_Materials/Skybox/MMBRP_BlueSkybox.mat","Skybox/Procedural",1000,2,"_SUNDISK_HIGH_QUALITY|_METALLIC_SETUP",""
"Assets/Feel/MMTools/Tools/MMVFX/MMRipple/MMRippleBubble1.mat","MoreMountains/MMRipple",4000,0,"","TRANSPARENT_QUEUE_FILLRATE_RISK"
"Assets/Feel/MMTools/Tools/MMVFX/MMRipple/MMRippleCircle1.mat","MoreMountains/MMRipple",4000,0,"","TRANSPARENT_QUEUE_FILLRATE_RISK"
"Assets/Feel/MMTools/Tools/MMVFX/MMRipple/MMRippleCircle2.mat","MoreMountains/MMRipple",4000,0,"","TRANSPARENT_QUEUE_FILLRATE_RISK"
"Assets/Feel/MMTools/Tools/MMVFX/MMRipple/MMRippleCircle3.mat","MoreMountains/MMRipple",4000,0,"","TRANSPARENT_QUEUE_FILLRATE_RISK"
"Assets/Feel/MMTools/Tools/MMVFX/MMRipple/MMRippleRosace1.mat","MoreMountains/MMRipple",4000,0,"","TRANSPARENT_QUEUE_FILLRATE_RISK"
"Assets/Feel/MMTools/Tools/MMVFX/MMRipple/MMRippleSaw1.mat","MoreMountains/MMRipple",4000,0,"","TRANSPARENT_QUEUE_FILLRATE_RISK"
"Assets/Feel/MMTools/Tools/MMVFX/MMRipple/MMRippleSaw2.mat","MoreMountains/MMRipple",4000,0,"","TRANSPARENT_QUEUE_FILLRATE_RISK"
"Assets/Feel/MMTools/Tools/MMVFX/MMRipple/MMRippleSpiral1.mat","MoreMountains/MMRipple",4000,0,"","TRANSPARENT_QUEUE_FILLRATE_RISK"
"Assets/Feel/MMTools/Tools/MMVFX/MMRipple/MMRippleSpiral2.mat","MoreMountains/MMRipple",4000,0,"","TRANSPARENT_QUEUE_FILLRATE_RISK"
"Assets/Feel/MMTools/Tools/MMVFX/MMRipple/MMRippleSquare1.mat","MoreMountains/MMRipple",4000,0,"","TRANSPARENT_QUEUE_FILLRATE_RISK"
"Assets/Feel/MMTools/Tools/MMVFX/MMRipple/MMRippleWaves1.mat","MoreMountains/MMRipple",4000,0,"","TRANSPARENT_QUEUE_FILLRATE_RISK"
"Assets/Feel/NiceVibrations/Demo/_Common/Fonts/BIG JOHN.otf","GUI/Text Shader",3000,0,"","TRANSPARENT_QUEUE_FILLRATE_RISK"
"Assets/Feel/NiceVibrations/Demo/_Common/Fonts/RobotoMono-Bold.ttf","GUI/Text Shader",3000,0,"","TRANSPARENT_QUEUE_FILLRATE_RISK"
"Assets/Feel/NiceVibrations/Demo/_Common/Fonts/RobotoMono-Light.ttf","GUI/Text Shader",3000,0,"","TRANSPARENT_QUEUE_FILLRATE_RISK"
"Assets/Feel/NiceVibrations/Demo/_Common/Fonts/RobotoMono-Medium.ttf","GUI/Text Shader",3000,0,"","TRANSPARENT_QUEUE_FILLRATE_RISK"
"Assets/Feel/NiceVibrations/Demo/_Common/Fonts/RobotoMono-Regular.ttf","GUI/Text Shader",3000,0,"","TRANSPARENT_QUEUE_FILLRATE_RISK"
"Assets/Feel/NiceVibrations/Demo/_Common/Shaders/CurveMaterial.mat","Unlit/Color",2000,0,"",""
"Assets/Feel/NiceVibrations/Demo/_Common/Shaders/MaskedUI.mat","MoreMountains/MaskedUI",3000,1,"UNITY_UI_ALPHACLIP","TRANSPARENT_QUEUE_FILLRATE_RISK"
"Assets/Feel/NiceVibrations/Demo/DemoAssets/BallDemo/Sprites/NVBallParticle.mat","UI/Unlit/Transparent",3000,0,"","TRANSPARENT_QUEUE_FILLRATE_RISK"
"Assets/Graphy - Ultimate Stats Monitor/Font/Northwest-Bold/NORTHWEST-B.otf","GUI/Text Shader",3000,0,"","TRANSPARENT_QUEUE_FILLRATE_RISK"
"Assets/Graphy - Ultimate Stats Monitor/Font/Roboto/Roboto-Bold.ttf","GUI/Text Shader",3000,0,"","TRANSPARENT_QUEUE_FILLRATE_RISK"
"Assets/Graphy - Ultimate Stats Monitor/Font/Roboto/Roboto-Regular.ttf","GUI/Text Shader",3000,0,"","TRANSPARENT_QUEUE_FILLRATE_RISK"
"Assets/Graphy - Ultimate Stats Monitor/Materials/Audio_Spectrum_Graph.mat","Graphy/Graph Standard",4500,0,"","TRANSPARENT_QUEUE_FILLRATE_RISK"
"Assets/Graphy - Ultimate Stats Monitor/Materials/Audio_Spectrum_Highest_Values_Graph.mat","Graphy/Graph Standard",4500,0,"","TRANSPARENT_QUEUE_FILLRATE_RISK"
"Assets/Graphy - Ultimate Stats Monitor/Materials/FPS_Graph.mat","Graphy/Graph Mobile",3000,0,"","TRANSPARENT_QUEUE_FILLRATE_RISK"
"Assets/Graphy - Ultimate Stats Monitor/Materials/RAM_Allocated_Graph.mat","Graphy/Graph Standard",4500,0,"","TRANSPARENT_QUEUE_FILLRATE_RISK"
"Assets/Graphy - Ultimate Stats Monitor/Materials/RAM_Mono_Graph.mat","Graphy/Graph Standard",4500,0,"","TRANSPARENT_QUEUE_FILLRATE_RISK"
"Assets/Graphy - Ultimate Stats Monitor/Materials/RAM_Reserved_Graph.mat","Graphy/Graph Standard",4500,0,"","TRANSPARENT_QUEUE_FILLRATE_RISK"
"Assets/Particle Attractor by Moonflower Carnivore/Materials/glow_dot_add.mat","Particles/Additive Intensify",3000,0,"","TRANSPARENT_QUEUE_FILLRATE_RISK"
"Assets/Particle Attractor by Moonflower Carnivore/Materials/particle trail additive intensify.mat","Particles/Additive Intensify",3000,0,"","TRANSPARENT_QUEUE_FILLRATE_RISK"
"Assets/Particle Attractor by Moonflower Carnivore/Materials/particle trail additive.mat","Mobile/Particles/Additive",3000,0,"","TRANSPARENT_QUEUE_FILLRATE_RISK"
"Assets/Plugins/DarkTonic/MasterAudio/ExampleScenes/Materials/arrow.mat","Unlit/Transparent",3000,0,"","TRANSPARENT_QUEUE_FILLRATE_RISK"
"Assets/Plugins/DarkTonic/MasterAudio/ExampleScenes/Materials/planet.mat","Unlit/Transparent",3000,0,"","TRANSPARENT_QUEUE_FILLRATE_RISK"
"Assets/Plugins/DarkTonic/MasterAudio/ExampleScenes/Materials/ship.mat","Unlit/Transparent",3000,0,"","TRANSPARENT_QUEUE_FILLRATE_RISK"
"Assets/RealtimeCSG/RealtimeCSG/Plugins/Runtime/Resources/RealtimeCSG/Materials/Floor.mat","Universal Render Pipeline/Lit",2000,0,"",""
"Assets/RealtimeCSG/RealtimeCSG/Plugins/Runtime/Resources/RealtimeCSG/Materials/Metal.mat","Universal Render Pipeline/Lit",2000,3,"_DETAIL_MULX2|_METALLICSPECGLOSSMAP|_METALLICGLOSSMAP",""
"Assets/RealtimeCSG/RealtimeCSG/Plugins/Runtime/Resources/RealtimeCSG/Materials/Wall.mat","Universal Render Pipeline/Lit",2000,0,"",""
"Assets/RealtimeCSG/RealtimeCSG/Plugins/Runtime/Resources/RealtimeCSG/Materials/Window.mat","Universal Render Pipeline/Lit",2000,0,"",""
"Assets/ScifiFacility/Materials/_ExampleMats/Theme_1/Base_Color_04.mat","Triplebrick/Base_Normal_Blend",2000,2,"_DETAIL_MULX2|_NORMALMAP",""
"Assets/ScifiFacility/Materials/_ExampleMats/Theme_1/Base_Color_05.mat","Triplebrick/Base_Normal_Blend",2000,2,"_DETAIL_MULX2|_NORMALMAP",""
"Assets/ScifiFacility/Materials/_ExampleMats/Theme_1/Base_Color_06.mat","Triplebrick/Base_Normal_Blend",2000,2,"_DETAIL_MULX2|_NORMALMAP",""
"Assets/ScifiFacility/Materials/_ExampleMats/Theme_1/Base_Color_16.mat","Triplebrick/Base_Normal_Blend",2000,2,"_DETAIL_MULX2|_NORMALMAP",""
"Assets/ScifiFacility/Materials/_ExampleMats/Theme_1/Base_Color_17.mat","Triplebrick/Base_Normal_Blend",2000,2,"_DETAIL_MULX2|_NORMALMAP",""
"Assets/ScifiFacility/Materials/_ExampleMats/Theme_1/Base_Color_18.mat","Triplebrick/Base_Normal_Blend",2000,2,"_DETAIL_MULX2|_NORMALMAP",""
"Assets/ScifiFacility/Materials/_ExampleMats/Theme_1/Base_Color_19.mat","Triplebrick/Base_Normal_Blend",2000,2,"_DETAIL_MULX2|_NORMALMAP",""
"Assets/ScifiFacility/Materials/_ExampleMats/Theme_1/Base_Color_20.mat","Triplebrick/Base_Normal_Blend",2000,2,"_DETAIL_MULX2|_NORMALMAP",""
"Assets/ScifiFacility/Materials/_ExampleMats/Theme_1/Base_Color_21.mat","Triplebrick/Base_Normal_Blend",2000,2,"_DETAIL_MULX2|_NORMALMAP",""
"Assets/ScifiFacility/Materials/_ExampleMats/Theme_1/Base_Stripes 1.mat","Triplebrick/Cutout_Single_Channel",2000,1,"_ALPHATEST_ON",""
"Assets/ScifiFacility/Materials/_ExampleMats/Theme_1/Base_Stripes 2.mat","Triplebrick/Cutout_Single_Channel",2000,1,"_ALPHATEST_ON",""
"Assets/ScifiFacility/Materials/_ExampleMats/Theme_1/Base_Stripes 3.mat","Triplebrick/Cutout_Single_Channel",2000,1,"_ALPHATEST_ON",""
"Assets/ScifiFacility/Materials/_ExampleMats/Theme_2/Base_Color_07.mat","Triplebrick/Base_Normal_Blend",2000,2,"_DETAIL_MULX2|_NORMALMAP",""
"Assets/ScifiFacility/Materials/_ExampleMats/Theme_2/Base_Color_08.mat","Triplebrick/Base_Normal_Blend",2000,2,"_DETAIL_MULX2|_NORMALMAP",""
"Assets/ScifiFacility/Materials/_ExampleMats/Theme_2/Base_Color_09.mat","Triplebrick/Base_Normal_Blend",2000,2,"_DETAIL_MULX2|_NORMALMAP",""
"Assets/ScifiFacility/Materials/_ExampleMats/Theme_2/Base_Color_10.mat","Triplebrick/Base_Normal_Blend",2000,2,"_DETAIL_MULX2|_NORMALMAP",""
"Assets/ScifiFacility/Materials/_ExampleMats/Theme_2/Base_Color_11.mat","Triplebrick/Base_Normal_Blend",2000,2,"_DETAIL_MULX2|_NORMALMAP",""
"Assets/ScifiFacility/Materials/_ExampleMats/Theme_2/Base_Color_12.mat","Triplebrick/Base_Normal_Blend",2000,2,"_DETAIL_MULX2|_NORMALMAP",""
"Assets/ScifiFacility/Materials/_ExampleMats/Theme_2/Base_Color_13.mat","Triplebrick/Base_Normal_Blend",2000,2,"_DETAIL_MULX2|_NORMALMAP",""
"Assets/ScifiFacility/Materials/_ExampleMats/Theme_2/Base_Color_14.mat","Triplebrick/Base_Normal_Blend",2000,2,"_DETAIL_MULX2|_NORMALMAP",""
"Assets/ScifiFacility/Materials/_ExampleMats/Theme_2/Base_Color_15.mat","Triplebrick/Base_Normal_Blend",2000,2,"_DETAIL_MULX2|_NORMALMAP",""
"Assets/ScifiFacility/Materials/_ExampleMats/Theme_2/Base_Stripes 2.mat","Triplebrick/Cutout_Single_Channel",2000,1,"_ALPHATEST_ON",""
"Assets/ScifiFacility/Materials/_ExampleMats/Theme_2/Base_Stripes 3.mat","Triplebrick/Cutout_Single_Channel",2000,1,"_ALPHATEST_ON",""
"Assets/ScifiFacility/Materials/_ExampleMats/Theme_2/Base_Stripes 4.mat","Triplebrick/Cutout_Single_Channel",2000,1,"_ALPHATEST_ON",""
"Assets/ScifiFacility/Materials/_ExampleMats/Theme_3/Base_Color_10.mat","Triplebrick/Base_Normal_Blend",2000,2,"_DETAIL_MULX2|_NORMALMAP",""
"Assets/ScifiFacility/Materials/_ExampleMats/Theme_3/Base_Color_11.mat","Triplebrick/Base_Normal_Blend",2000,2,"_DETAIL_MULX2|_NORMALMAP",""
"Assets/ScifiFacility/Materials/_ExampleMats/Theme_3/Base_Color_12.mat","Triplebrick/Base_Normal_Blend",2000,2,"_DETAIL_MULX2|_NORMALMAP",""
"Assets/ScifiFacility/Materials/_ExampleMats/Theme_3/Base_Color_13.mat","Triplebrick/Base_Normal_Blend",2000,2,"_DETAIL_MULX2|_NORMALMAP",""
"Assets/ScifiFacility/Materials/_ExampleMats/Theme_3/Base_Color_14.mat","Triplebrick/Base_Normal_Blend",2000,2,"_DETAIL_MULX2|_NORMALMAP",""
"Assets/ScifiFacility/Materials/_ExampleMats/Theme_3/Base_Color_15.mat","Triplebrick/Base_Normal_Blend",2000,2,"_DETAIL_MULX2|_NORMALMAP",""
"Assets/ScifiFacility/Materials/_ExampleMats/Theme_3/Base_Color_16.mat","Triplebrick/Base_Normal_Blend",2000,2,"_DETAIL_MULX2|_NORMALMAP",""
"Assets/ScifiFacility/Materials/_ExampleMats/Theme_3/Base_Color_17.mat","Triplebrick/Base_Normal_Blend",2000,2,"_DETAIL_MULX2|_NORMALMAP",""
"Assets/ScifiFacility/Materials/_ExampleMats/Theme_3/Base_Color_18.mat","Triplebrick/Base_Normal_Blend",2000,2,"_DETAIL_MULX2|_NORMALMAP",""
"Assets/ScifiFacility/Materials/_ExampleMats/Theme_3/Base_Stripes 3.mat","Triplebrick/Cutout_Single_Channel",2000,1,"_ALPHATEST_ON",""
"Assets/ScifiFacility/Materials/_ExampleMats/Theme_3/Base_Stripes 4.mat","Triplebrick/Cutout_Single_Channel",2000,1,"_ALPHATEST_ON",""
"Assets/ScifiFacility/Materials/_ExampleMats/Theme_3/Base_Stripes 5.mat","Triplebrick/Cutout_Single_Channel",2000,1,"_ALPHATEST_ON",""
"Assets/ScifiFacility/Materials/_ExampleMats/Theme_4/Base_Color_13.mat","Triplebrick/Base_Normal_Blend",2000,2,"_DETAIL_MULX2|_NORMALMAP",""
"Assets/ScifiFacility/Materials/_ExampleMats/Theme_4/Base_Color_14.mat","Triplebrick/Base_Normal_Blend",2000,2,"_DETAIL_MULX2|_NORMALMAP",""
"Assets/ScifiFacility/Materials/_ExampleMats/Theme_4/Base_Color_15.mat","Triplebrick/Base_Normal_Blend",2000,2,"_DETAIL_MULX2|_NORMALMAP",""
"Assets/ScifiFacility/Materials/_ExampleMats/Theme_4/Base_Color_16.mat","Triplebrick/Base_Normal_Blend",2000,2,"_DETAIL_MULX2|_NORMALMAP",""
"Assets/ScifiFacility/Materials/_ExampleMats/Theme_4/Base_Color_17.mat","Triplebrick/Base_Normal_Blend",2000,2,"_DETAIL_MULX2|_NORMALMAP",""
"Assets/ScifiFacility/Materials/_ExampleMats/Theme_4/Base_Color_18.mat","Triplebrick/Base_Normal_Blend",2000,2,"_DETAIL_MULX2|_NORMALMAP",""
"Assets/ScifiFacility/Materials/_ExampleMats/Theme_4/Base_Color_19.mat","Triplebrick/Base_Normal_Blend",2000,2,"_DETAIL_MULX2|_NORMALMAP",""
"Assets/ScifiFacility/Materials/_ExampleMats/Theme_4/Base_Color_20.mat","Triplebrick/Base_Normal_Blend",2000,2,"_DETAIL_MULX2|_NORMALMAP",""
"Assets/ScifiFacility/Materials/_ExampleMats/Theme_4/Base_Color_21.mat","Triplebrick/Base_Normal_Blend",2000,2,"_DETAIL_MULX2|_NORMALMAP",""
"Assets/ScifiFacility/Materials/_ExampleMats/Theme_4/Base_Color_22.mat","Triplebrick/Base_Normal_Blend",2000,2,"_DETAIL_MULX2|_NORMALMAP",""
"Assets/ScifiFacility/Materials/_ExampleMats/Theme_4/Base_Stripes 4.mat","Triplebrick/Cutout_Single_Channel",2000,1,"_ALPHATEST_ON",""
"Assets/ScifiFacility/Materials/_ExampleMats/Theme_4/Base_Stripes 5.mat","Triplebrick/Cutout_Single_Channel",2000,1,"_ALPHATEST_ON",""
"Assets/ScifiFacility/Materials/_ExampleMats/Theme_4/Base_Stripes 6.mat","Triplebrick/Cutout_Single_Channel",2000,1,"_ALPHATEST_ON",""
"Assets/ScifiFacility/Materials/Base_Color_01.mat","Triplebrick/Base_Normal_Blend",2000,2,"_DETAIL_MULX2|_NORMALMAP",""
"Assets/ScifiFacility/Materials/Base_Color_02.mat","Triplebrick/Base_Normal_Blend",2000,2,"_DETAIL_MULX2|_NORMALMAP",""
"Assets/ScifiFacility/Materials/Base_Color_03.mat","Triplebrick/Base_Normal_Blend",2000,2,"_DETAIL_MULX2|_NORMALMAP",""
"Assets/ScifiFacility/Materials/Base_Metal_Alloy.mat","Triplebrick/Base_Normal_Blend",2000,2,"_DETAIL_MULX2|_NORMALMAP",""
"Assets/ScifiFacility/Materials/Base_Metal_Alloy_brushed.mat","Triplebrick/Base_Normal_Blend",2000,2,"_DETAIL_MULX2|_NORMALMAP",""
"Assets/ScifiFacility/Materials/Base_Metal_Elox_01.mat","Triplebrick/Base_Normal_Blend",2000,2,"_DETAIL_MULX2|_NORMALMAP",""
"Assets/ScifiFacility/Materials/Base_Metal_Elox_02.mat","Triplebrick/Base_Normal_Blend",2000,2,"_DETAIL_MULX2|_NORMALMAP",""
"Assets/ScifiFacility/Materials/Base_Metal_Elox_03.mat","Triplebrick/Base_Normal_Replace",2000,2,"_DETAIL_MULX2|_NORMALMAP",""
"Assets/ScifiFacility/Materials/Base_Metal_Mirror.mat","Triplebrick/Base_Normal_Blend",2000,2,"_DETAIL_MULX2|_NORMALMAP",""
"Assets/ScifiFacility/Materials/Base_Paint_Orange.mat","Triplebrick/Base_Normal_Blend",2000,2,"_DETAIL_MULX2|_NORMALMAP",""
"Assets/ScifiFacility/Materials/Base_Plastic_01.mat","Triplebrick/Base_Normal_Replace",2000,2,"_DETAIL_MULX2|_NORMALMAP",""
"Assets/ScifiFacility/Materials/Base_Plastic_02.mat","Triplebrick/Base_Normal_Replace",2000,2,"_DETAIL_MULX2|_NORMALMAP",""
"Assets/ScifiFacility/Materials/Base_Rubber.mat","Triplebrick/Base_Normal_Replace",2000,2,"_DETAIL_MULX2|_NORMALMAP",""
"Assets/ScifiFacility/Materials/Base_Stripes.mat","Triplebrick/Cutout_Single_Channel",2000,1,"_ALPHATEST_ON",""
"Assets/ScifiFacility/Materials/Controlpanel.mat","Universal Render Pipeline/Lit",2000,4,"_EMISSION|_METALLICSPECGLOSSMAP|_NORMALMAP|_SMOOTHNESS_TEXTURE_ALBEDO_CHANNEL_A",""
"Assets/ScifiFacility/Materials/Detail_01.mat","Universal Render Pipeline/Lit",2000,3,"_METALLICSPECGLOSSMAP|_NORMALMAP|_OCCLUSIONMAP",""
"Assets/ScifiFacility/Materials/Detail_03.mat","Universal Render Pipeline/Lit",2000,4,"_METALLICSPECGLOSSMAP|_NORMALMAP|_OCCLUSIONMAP|_SMOOTHNESS_TEXTURE_ALBEDO_CHANNEL_A",""
"Assets/ScifiFacility/Materials/Detail_04.mat","Universal Render Pipeline/Lit",2000,4,"_METALLICSPECGLOSSMAP|_NORMALMAP|_OCCLUSIONMAP|_SMOOTHNESS_TEXTURE_ALBEDO_CHANNEL_A",""
"Assets/ScifiFacility/Materials/Detail_05.mat","Universal Render Pipeline/Lit",2000,4,"_METALLICSPECGLOSSMAP|_NORMALMAP|_OCCLUSIONMAP|_SMOOTHNESS_TEXTURE_ALBEDO_CHANNEL_A",""
"Assets/ScifiFacility/Materials/Fabric_01.mat","Universal Render Pipeline/Lit",2000,2,"_NORMALMAP|_SMOOTHNESS_TEXTURE_ALBEDO_CHANNEL_A",""
"Assets/ScifiFacility/Materials/Fabric_02.mat","Universal Render Pipeline/Lit",2000,2,"_NORMALMAP|_SMOOTHNESS_TEXTURE_ALBEDO_CHANNEL_A",""
"Assets/ScifiFacility/Materials/Fabric_03.mat","Universal Render Pipeline/Lit",2000,2,"_NORMALMAP|_SMOOTHNESS_TEXTURE_ALBEDO_CHANNEL_A",""
"Assets/ScifiFacility/Materials/FabricCoated_01.mat","Universal Render Pipeline/Lit",2000,3,"_ENVIRONMENTREFLECTIONS_OFF|_METALLICSPECGLOSSMAP|_NORMALMAP",""
"Assets/ScifiFacility/Materials/FabricCoated_02.mat","Universal Render Pipeline/Lit",2000,3,"_ENVIRONMENTREFLECTIONS_OFF|_METALLICSPECGLOSSMAP|_NORMALMAP",""
"Assets/ScifiFacility/Materials/FabricCoated_03.mat","Universal Render Pipeline/Lit",2000,3,"_ENVIRONMENTREFLECTIONS_OFF|_METALLICSPECGLOSSMAP|_NORMALMAP",""
"Assets/ScifiFacility/Materials/Fluid.mat","Triplebrick/Fluid",2000,2,"_ALPHABLEND_ON|_NORMALMAP",""
"Assets/ScifiFacility/Materials/Glass 1.mat","Triplebrick/Glass",3000,2,"_ALPHABLEND_ON|_NORMALMAP","TRANSPARENT_QUEUE_FILLRATE_RISK"
"Assets/ScifiFacility/Materials/Glass 2.mat","Triplebrick/Glass",3000,2,"_ALPHABLEND_ON|_NORMALMAP","TRANSPARENT_QUEUE_FILLRATE_RISK"
"Assets/ScifiFacility/Materials/Glass.mat","Triplebrick/Glass",3000,2,"_ALPHABLEND_ON|_NORMALMAP","TRANSPARENT_QUEUE_FILLRATE_RISK"
"Assets/ScifiFacility/Materials/GlassWet.mat","Triplebrick/Glass",3000,2,"_ALPHABLEND_ON|_NORMALMAP","TRANSPARENT_QUEUE_FILLRATE_RISK"
"Assets/ScifiFacility/Materials/Hull.mat","Universal Render Pipeline/Lit",2000,1,"_NORMALMAP",""
"Assets/ScifiFacility/Materials/keyboard.mat","Universal Render Pipeline/Lit",2000,0,"",""
"Assets/ScifiFacility/Materials/Labels.mat","Triplebrick/Cutout_Single_RGB",2000,0,"",""
"Assets/ScifiFacility/Materials/Lights.mat","Universal Render Pipeline/Lit",2000,4,"_EMISSION|_METALLICSPECGLOSSMAP|_NORMALMAP|_SMOOTHNESS_TEXTURE_ALBEDO_CHANNEL_A",""
"Assets/ScifiFacility/Materials/Lights_green.mat","Universal Render Pipeline/Lit",2000,4,"_EMISSION|_METALLICSPECGLOSSMAP|_NORMALMAP|_SMOOTHNESS_TEXTURE_ALBEDO_CHANNEL_A",""
"Assets/ScifiFacility/Materials/Lights_off.mat","Universal Render Pipeline/Lit",2000,4,"_EMISSION|_METALLICSPECGLOSSMAP|_NORMALMAP|_SMOOTHNESS_TEXTURE_ALBEDO_CHANNEL_A",""
"Assets/ScifiFacility/Materials/Machinery.mat","Universal Render Pipeline/Lit",2000,3,"_METALLICSPECGLOSSMAP|_NORMALMAP|_SMOOTHNESS_TEXTURE_ALBEDO_CHANNEL_A",""
"Assets/ScifiFacility/Materials/Plants.mat","Universal Render Pipeline/Lit",2450,2,"_ALPHATEST_ON|_NORMALMAP","TRANSPARENT_QUEUE_FILLRATE_RISK"
"Assets/ScifiFacility/Materials/screens.mat","Universal Render Pipeline/Lit",2000,1,"_EMISSION",""
"Assets/ScifiFacility/Materials/Sky_hdr.mat","Skybox/Cubemap",1000,0,"",""
"Assets/ScifiFacility/Materials/Sky_stars.mat","Skybox/Cubemap",1000,0,"",""
"Assets/ScifiFacility/Materials/Sphere.mat","Unlit/Texture",2000,1,"_EMISSION",""
"Assets/ScifiFacility/Materials/Sphere_Background.mat","Unlit/Color",2000,0,"",""
"Assets/ScifiFacility/Materials/Stripes_orange.mat","Triplebrick/Cutout_Single_Channel",2000,1,"_ALPHATEST_ON",""
"Assets/ScifiFacility/Materials/Stripes_white.mat","Triplebrick/Cutout_Single_Channel",2000,1,"_ALPHATEST_ON",""
"Assets/ScifiFacility/Materials/Text_01.mat","Universal Render Pipeline/Lit",2450,1,"_ALPHATEST_ON","TRANSPARENT_QUEUE_FILLRATE_RISK"
"Assets/ScifiFacility/Materials/Text_02.mat","Universal Render Pipeline/Lit",2450,1,"_ALPHATEST_ON","TRANSPARENT_QUEUE_FILLRATE_RISK"
"Assets/ScifiFacility/Materials/Text_03.mat","Universal Render Pipeline/Lit",2450,1,"_ALPHATEST_ON","TRANSPARENT_QUEUE_FILLRATE_RISK"
"Assets/ScifiFacility/Materials/TransparentObjects.mat","Universal Render Pipeline/Lit",2450,2,"_ALPHATEST_ON|_NORMALMAP","TRANSPARENT_QUEUE_FILLRATE_RISK"
"Assets/ScifiFacility/Materials/Tubes.mat","Universal Render Pipeline/Lit",2000,4,"_METALLICSPECGLOSSMAP|_NORMALMAP|_OCCLUSIONMAP|_SMOOTHNESS_TEXTURE_ALBEDO_CHANNEL_A",""
"Assets/ScifiFacility/Materials/WarningLight.mat","Universal Render Pipeline/Lit",2000,1,"_EMISSION",""
"Assets/ShaderGraph_Dissolve/URP/Materials/Checkborad.mat","Universal Render Pipeline/Lit",2000,0,"",""
"Assets/ShaderGraph_Dissolve/URP/Materials/Shader Graphs_Dissolve_Dissolve_Direction_Metallic.mat","Hidden/InternalErrorShader",2000,2,"BOOLEAN_DIRECTION_FROM_EULERANGLE_ON|BOOLEAN_USE_WROLDSPACE_ON",""
"Assets/ShaderGraph_Dissolve/URP/Materials/Shader Graphs_Dissolve_Dissolve_Direction_Metallic_DoubleSide 1.mat","Hidden/InternalErrorShader",2000,1,"BOOLEAN_USE_WROLDSPACE_ON",""
"Assets/ShaderGraph_Dissolve/URP/Materials/Shader Graphs_Dissolve_Dissolve_Direction_Metallic_DoubleSide.mat","Hidden/InternalErrorShader",2000,1,"BOOLEAN_USE_WROLDSPACE_ON",""
"Assets/ShaderGraph_Dissolve/URP/Materials/Shader Graphs_Dissolve_Dissolve_Direction_Metallic_DoubleSide_WorldSpaceOffest 1.mat","Hidden/InternalErrorShader",2000,1,"BOOLEAN_USE_WROLDSPACE_ON",""
"Assets/ShaderGraph_Dissolve/URP/Materials/Shader Graphs_Dissolve_Dissolve_Direction_Metallic_DoubleSide_WorldSpaceOffest.mat","Hidden/InternalErrorShader",2000,0,"",""
"Assets/ShaderGraph_Dissolve/URP/Materials/Shader Graphs_Dissolve_Dissolve_Direction_Specular.mat","Hidden/InternalErrorShader",2000,1,"BOOLEAN_DIRECTION_FROM_EULERANGLE_ON",""
"Assets/ShaderGraph_Dissolve/URP/Materials/Shader Graphs_Dissolve_Dissolve_Metallic.mat","Hidden/InternalErrorShader",2000,0,"",""
"Assets/Shapes/Shaders/Generated Materials/Cone Additive.mat","Shapes/Cone Additive",3000,0,"","TRANSPARENT_QUEUE_FILLRATE_RISK"
"Assets/Shapes/Shaders/Generated Materials/Cone ColorBurn.mat","Shapes/Cone ColorBurn",3000,0,"","TRANSPARENT_QUEUE_FILLRATE_RISK"
"Assets/Shapes/Shaders/Generated Materials/Cone ColorDodge.mat","Shapes/Cone ColorDodge",3000,0,"","TRANSPARENT_QUEUE_FILLRATE_RISK"
"Assets/Shapes/Shaders/Generated Materials/Cone Darken.mat","Shapes/Cone Darken",3000,0,"","TRANSPARENT_QUEUE_FILLRATE_RISK"
"Assets/Shapes/Shaders/Generated Materials/Cone Lighten.mat","Shapes/Cone Lighten",3000,0,"","TRANSPARENT_QUEUE_FILLRATE_RISK"
"Assets/Shapes/Shaders/Generated Materials/Cone LinearBurn.mat","Shapes/Cone LinearBurn",3000,0,"","TRANSPARENT_QUEUE_FILLRATE_RISK"
"Assets/Shapes/Shaders/Generated Materials/Cone Multiplicative.mat","Shapes/Cone Multiplicative",3000,0,"","TRANSPARENT_QUEUE_FILLRATE_RISK"
"Assets/Shapes/Shaders/Generated Materials/Cone Opaque.mat","Shapes/Cone Opaque",2450,0,"","TRANSPARENT_QUEUE_FILLRATE_RISK"
"Assets/Shapes/Shaders/Generated Materials/Cone Screen.mat","Shapes/Cone Screen",3000,0,"","TRANSPARENT_QUEUE_FILLRATE_RISK"
"Assets/Shapes/Shaders/Generated Materials/Cone Subtractive.mat","Shapes/Cone Subtractive",3000,0,"","TRANSPARENT_QUEUE_FILLRATE_RISK"
"Assets/Shapes/Shaders/Generated Materials/Cone Transparent.mat","Shapes/Cone Transparent",3000,0,"","TRANSPARENT_QUEUE_FILLRATE_RISK"
"Assets/Shapes/Shaders/Generated Materials/Cuboid Additive.mat","Shapes/Cuboid Additive",3000,0,"","TRANSPARENT_QUEUE_FILLRATE_RISK"
"Assets/Shapes/Shaders/Generated Materials/Cuboid ColorBurn.mat","Shapes/Cuboid ColorBurn",3000,0,"","TRANSPARENT_QUEUE_FILLRATE_RISK"
"Assets/Shapes/Shaders/Generated Materials/Cuboid ColorDodge.mat","Shapes/Cuboid ColorDodge",3000,0,"","TRANSPARENT_QUEUE_FILLRATE_RISK"
"Assets/Shapes/Shaders/Generated Materials/Cuboid Darken.mat","Shapes/Cuboid Darken",3000,0,"","TRANSPARENT_QUEUE_FILLRATE_RISK"
"Assets/Shapes/Shaders/Generated Materials/Cuboid Lighten.mat","Shapes/Cuboid Lighten",3000,0,"","TRANSPARENT_QUEUE_FILLRATE_RISK"
"Assets/Shapes/Shaders/Generated Materials/Cuboid LinearBurn.mat","Shapes/Cuboid LinearBurn",3000,0,"","TRANSPARENT_QUEUE_FILLRATE_RISK"
"Assets/Shapes/Shaders/Generated Materials/Cuboid Multiplicative.mat","Shapes/Cuboid Multiplicative",3000,0,"","TRANSPARENT_QUEUE_FILLRATE_RISK"
"Assets/Shapes/Shaders/Generated Materials/Cuboid Opaque.mat","Shapes/Cuboid Opaque",2450,0,"","TRANSPARENT_QUEUE_FILLRATE_RISK"
"Assets/Shapes/Shaders/Generated Materials/Cuboid Screen.mat","Shapes/Cuboid Screen",3000,0,"","TRANSPARENT_QUEUE_FILLRATE_RISK"
"Assets/Shapes/Shaders/Generated Materials/Cuboid Subtractive.mat","Shapes/Cuboid Subtractive",3000,0,"","TRANSPARENT_QUEUE_FILLRATE_RISK"
"Assets/Shapes/Shaders/Generated Materials/Cuboid Transparent.mat","Shapes/Cuboid Transparent",3000,0,"","TRANSPARENT_QUEUE_FILLRATE_RISK"
"Assets/Shapes/Shaders/Generated Materials/Disc Additive (INNER_RADIUS)(SECTOR).mat","Shapes/Disc Additive",3000,2,"INNER_RADIUS|SECTOR","TRANSPARENT_QUEUE_FILLRATE_RISK"
"Assets/Shapes/Shaders/Generated Materials/Disc Additive (INNER_RADIUS).mat","Shapes/Disc Additive",3000,1,"INNER_RADIUS","TRANSPARENT_QUEUE_FILLRATE_RISK"
"Assets/Shapes/Shaders/Generated Materials/Disc Additive (SECTOR).mat","Shapes/Disc Additive",3000,1,"SECTOR","TRANSPARENT_QUEUE_FILLRATE_RISK"
"Assets/Shapes/Shaders/Generated Materials/Disc Additive [INNER_RADIUS].mat","Shapes/Disc Additive",3000,1,"INNER_RADIUS","TRANSPARENT_QUEUE_FILLRATE_RISK"
"Assets/Shapes/Shaders/Generated Materials/Disc Additive [INNER_RADIUS][SECTOR].mat","Shapes/Disc Additive",3000,2,"INNER_RADIUS|SECTOR","TRANSPARENT_QUEUE_FILLRATE_RISK"
"Assets/Shapes/Shaders/Generated Materials/Disc Additive [SECTOR].mat","Shapes/Disc Additive",3000,1,"SECTOR","TRANSPARENT_QUEUE_FILLRATE_RISK"
"Assets/Shapes/Shaders/Generated Materials/Disc Additive.mat","Shapes/Disc Additive",3000,0,"","TRANSPARENT_QUEUE_FILLRATE_RISK"
"Assets/Shapes/Shaders/Generated Materials/Disc ColorBurn (INNER_RADIUS)(SECTOR).mat","Shapes/Disc ColorBurn",3000,2,"INNER_RADIUS|SECTOR","TRANSPARENT_QUEUE_FILLRATE_RISK"
"Assets/Shapes/Shaders/Generated Materials/Disc ColorBurn (INNER_RADIUS).mat","Shapes/Disc ColorBurn",3000,1,"INNER_RADIUS","TRANSPARENT_QUEUE_FILLRATE_RISK"
"Assets/Shapes/Shaders/Generated Materials/Disc ColorBurn (SECTOR).mat","Shapes/Disc ColorBurn",3000,1,"SECTOR","TRANSPARENT_QUEUE_FILLRATE_RISK"
"Assets/Shapes/Shaders/Generated Materials/Disc ColorBurn [INNER_RADIUS].mat","Shapes/Disc ColorBurn",3000,1,"INNER_RADIUS","TRANSPARENT_QUEUE_FILLRATE_RISK"
"Assets/Shapes/Shaders/Generated Materials/Disc ColorBurn [INNER_RADIUS][SECTOR].mat","Shapes/Disc ColorBurn",3000,2,"INNER_RADIUS|SECTOR","TRANSPARENT_QUEUE_FILLRATE_RISK"
"Assets/Shapes/Shaders/Generated Materials/Disc ColorBurn [SECTOR].mat","Shapes/Disc ColorBurn",3000,1,"SECTOR","TRANSPARENT_QUEUE_FILLRATE_RISK"
"Assets/Shapes/Shaders/Generated Materials/Disc ColorBurn.mat","Shapes/Disc ColorBurn",3000,0,"","TRANSPARENT_QUEUE_FILLRATE_RISK"
"Assets/Shapes/Shaders/Generated Materials/Disc ColorDodge (INNER_RADIUS)(SECTOR).mat","Shapes/Disc ColorDodge",3000,2,"INNER_RADIUS|SECTOR","TRANSPARENT_QUEUE_FILLRATE_RISK"
"Assets/Shapes/Shaders/Generated Materials/Disc ColorDodge (INNER_RADIUS).mat","Shapes/Disc ColorDodge",3000,1,"INNER_RADIUS","TRANSPARENT_QUEUE_FILLRATE_RISK"
"Assets/Shapes/Shaders/Generated Materials/Disc ColorDodge (SECTOR).mat","Shapes/Disc ColorDodge",3000,1,"SECTOR","TRANSPARENT_QUEUE_FILLRATE_RISK"
"Assets/Shapes/Shaders/Generated Materials/Disc ColorDodge [INNER_RADIUS].mat","Shapes/Disc ColorDodge",3000,1,"INNER_RADIUS","TRANSPARENT_QUEUE_FILLRATE_RISK"
"Assets/Shapes/Shaders/Generated Materials/Disc ColorDodge [INNER_RADIUS][SECTOR].mat","Shapes/Disc ColorDodge",3000,2,"INNER_RADIUS|SECTOR","TRANSPARENT_QUEUE_FILLRATE_RISK"
"Assets/Shapes/Shaders/Generated Materials/Disc ColorDodge [SECTOR].mat","Shapes/Disc ColorDodge",3000,1,"SECTOR","TRANSPARENT_QUEUE_FILLRATE_RISK"
"Assets/Shapes/Shaders/Generated Materials/Disc ColorDodge.mat","Shapes/Disc ColorDodge",3000,0,"","TRANSPARENT_QUEUE_FILLRATE_RISK"
"Assets/Shapes/Shaders/Generated Materials/Disc Darken (INNER_RADIUS)(SECTOR).mat","Shapes/Disc Darken",3000,2,"INNER_RADIUS|SECTOR","TRANSPARENT_QUEUE_FILLRATE_RISK"
"Assets/Shapes/Shaders/Generated Materials/Disc Darken (INNER_RADIUS).mat","Shapes/Disc Darken",3000,1,"INNER_RADIUS","TRANSPARENT_QUEUE_FILLRATE_RISK"
"Assets/Shapes/Shaders/Generated Materials/Disc Darken (SECTOR).mat","Shapes/Disc Darken",3000,1,"SECTOR","TRANSPARENT_QUEUE_FILLRATE_RISK"
"Assets/Shapes/Shaders/Generated Materials/Disc Darken [INNER_RADIUS].mat","Shapes/Disc Darken",3000,1,"INNER_RADIUS","TRANSPARENT_QUEUE_FILLRATE_RISK"
"Assets/Shapes/Shaders/Generated Materials/Disc Darken [INNER_RADIUS][SECTOR].mat","Shapes/Disc Darken",3000,2,"INNER_RADIUS|SECTOR","TRANSPARENT_QUEUE_FILLRATE_RISK"
"Assets/Shapes/Shaders/Generated Materials/Disc Darken [SECTOR].mat","Shapes/Disc Darken",3000,1,"SECTOR","TRANSPARENT_QUEUE_FILLRATE_RISK"
"Assets/Shapes/Shaders/Generated Materials/Disc Darken.mat","Shapes/Disc Darken",3000,0,"","TRANSPARENT_QUEUE_FILLRATE_RISK"
"Assets/Shapes/Shaders/Generated Materials/Disc Lighten (INNER_RADIUS)(SECTOR).mat","Shapes/Disc Lighten",3000,2,"INNER_RADIUS|SECTOR","TRANSPARENT_QUEUE_FILLRATE_RISK"
"Assets/Shapes/Shaders/Generated Materials/Disc Lighten (INNER_RADIUS).mat","Shapes/Disc Lighten",3000,1,"INNER_RADIUS","TRANSPARENT_QUEUE_FILLRATE_RISK"
"Assets/Shapes/Shaders/Generated Materials/Disc Lighten (SECTOR).mat","Shapes/Disc Lighten",3000,1,"SECTOR","TRANSPARENT_QUEUE_FILLRATE_RISK"
"Assets/Shapes/Shaders/Generated Materials/Disc Lighten [INNER_RADIUS].mat","Shapes/Disc Lighten",3000,1,"INNER_RADIUS","TRANSPARENT_QUEUE_FILLRATE_RISK"
"Assets/Shapes/Shaders/Generated Materials/Disc Lighten [INNER_RADIUS][SECTOR].mat","Shapes/Disc Lighten",3000,2,"INNER_RADIUS|SECTOR","TRANSPARENT_QUEUE_FILLRATE_RISK"
"Assets/Shapes/Shaders/Generated Materials/Disc Lighten [SECTOR].mat","Shapes/Disc Lighten",3000,1,"SECTOR","TRANSPARENT_QUEUE_FILLRATE_RISK"
"Assets/Shapes/Shaders/Generated Materials/Disc Lighten.mat","Shapes/Disc Lighten",3000,0,"","TRANSPARENT_QUEUE_FILLRATE_RISK"
"Assets/Shapes/Shaders/Generated Materials/Disc LinearBurn (INNER_RADIUS)(SECTOR).mat","Shapes/Disc LinearBurn",3000,2,"INNER_RADIUS|SECTOR","TRANSPARENT_QUEUE_FILLRATE_RISK"
"Assets/Shapes/Shaders/Generated Materials/Disc LinearBurn (INNER_RADIUS).mat","Shapes/Disc LinearBurn",3000,1,"INNER_RADIUS","TRANSPARENT_QUEUE_FILLRATE_RISK"
"Assets/Shapes/Shaders/Generated Materials/Disc LinearBurn (SECTOR).mat","Shapes/Disc LinearBurn",3000,1,"SECTOR","TRANSPARENT_QUEUE_FILLRATE_RISK"
"Assets/Shapes/Shaders/Generated Materials/Disc LinearBurn [INNER_RADIUS].mat","Shapes/Disc LinearBurn",3000,1,"INNER_RADIUS","TRANSPARENT_QUEUE_FILLRATE_RISK"
"Assets/Shapes/Shaders/Generated Materials/Disc LinearBurn [INNER_RADIUS][SECTOR].mat","Shapes/Disc LinearBurn",3000,2,"INNER_RADIUS|SECTOR","TRANSPARENT_QUEUE_FILLRATE_RISK"
"Assets/Shapes/Shaders/Generated Materials/Disc LinearBurn [SECTOR].mat","Shapes/Disc LinearBurn",3000,1,"SECTOR","TRANSPARENT_QUEUE_FILLRATE_RISK"
"Assets/Shapes/Shaders/Generated Materials/Disc LinearBurn.mat","Shapes/Disc LinearBurn",3000,0,"","TRANSPARENT_QUEUE_FILLRATE_RISK"
"Assets/Shapes/Shaders/Generated Materials/Disc Multiplicative (INNER_RADIUS)(SECTOR).mat","Shapes/Disc Multiplicative",3000,2,"INNER_RADIUS|SECTOR","TRANSPARENT_QUEUE_FILLRATE_RISK"
"Assets/Shapes/Shaders/Generated Materials/Disc Multiplicative (INNER_RADIUS).mat","Shapes/Disc Multiplicative",3000,1,"INNER_RADIUS","TRANSPARENT_QUEUE_FILLRATE_RISK"
"Assets/Shapes/Shaders/Generated Materials/Disc Multiplicative (SECTOR).mat","Shapes/Disc Multiplicative",3000,1,"SECTOR","TRANSPARENT_QUEUE_FILLRATE_RISK"
"Assets/Shapes/Shaders/Generated Materials/Disc Multiplicative [INNER_RADIUS].mat","Shapes/Disc Multiplicative",3000,1,"INNER_RADIUS","TRANSPARENT_QUEUE_FILLRATE_RISK"
"Assets/Shapes/Shaders/Generated Materials/Disc Multiplicative [INNER_RADIUS][SECTOR].mat","Shapes/Disc Multiplicative",3000,2,"INNER_RADIUS|SECTOR","TRANSPARENT_QUEUE_FILLRATE_RISK"
"Assets/Shapes/Shaders/Generated Materials/Disc Multiplicative [SECTOR].mat","Shapes/Disc Multiplicative",3000,1,"SECTOR","TRANSPARENT_QUEUE_FILLRATE_RISK"
"Assets/Shapes/Shaders/Generated Materials/Disc Multiplicative.mat","Shapes/Disc Multiplicative",3000,0,"","TRANSPARENT_QUEUE_FILLRATE_RISK"
"Assets/Shapes/Shaders/Generated Materials/Disc Opaque (INNER_RADIUS)(SECTOR).mat","Shapes/Disc Opaque",2450,2,"INNER_RADIUS|SECTOR","TRANSPARENT_QUEUE_FILLRATE_RISK"
"Assets/Shapes/Shaders/Generated Materials/Disc Opaque (INNER_RADIUS).mat","Shapes/Disc Opaque",2450,1,"INNER_RADIUS","TRANSPARENT_QUEUE_FILLRATE_RISK"
"Assets/Shapes/Shaders/Generated Materials/Disc Opaque (SECTOR).mat","Shapes/Disc Opaque",2450,1,"SECTOR","TRANSPARENT_QUEUE_FILLRATE_RISK"
"Assets/Shapes/Shaders/Generated Materials/Disc Opaque [INNER_RADIUS].mat","Shapes/Disc Opaque",2450,1,"INNER_RADIUS","TRANSPARENT_QUEUE_FILLRATE_RISK"
"Assets/Shapes/Shaders/Generated Materials/Disc Opaque [INNER_RADIUS][SECTOR].mat","Shapes/Disc Opaque",2450,2,"INNER_RADIUS|SECTOR","TRANSPARENT_QUEUE_FILLRATE_RISK"
"Assets/Shapes/Shaders/Generated Materials/Disc Opaque [SECTOR].mat","Shapes/Disc Opaque",2450,1,"SECTOR","TRANSPARENT_QUEUE_FILLRATE_RISK"
"Assets/Shapes/Shaders/Generated Materials/Disc Opaque.mat","Shapes/Disc Opaque",2450,0,"","TRANSPARENT_QUEUE_FILLRATE_RISK"
"Assets/Shapes/Shaders/Generated Materials/Disc Screen (INNER_RADIUS)(SECTOR).mat","Shapes/Disc Screen",3000,2,"INNER_RADIUS|SECTOR","TRANSPARENT_QUEUE_FILLRATE_RISK"
"Assets/Shapes/Shaders/Generated Materials/Disc Screen (INNER_RADIUS).mat","Shapes/Disc Screen",3000,1,"INNER_RADIUS","TRANSPARENT_QUEUE_FILLRATE_RISK"
"Assets/Shapes/Shaders/Generated Materials/Disc Screen (SECTOR).mat","Shapes/Disc Screen",3000,1,"SECTOR","TRANSPARENT_QUEUE_FILLRATE_RISK"
"Assets/Shapes/Shaders/Generated Materials/Disc Screen [INNER_RADIUS].mat","Shapes/Disc Screen",3000,1,"INNER_RADIUS","TRANSPARENT_QUEUE_FILLRATE_RISK"
"Assets/Shapes/Shaders/Generated Materials/Disc Screen [INNER_RADIUS][SECTOR].mat","Shapes/Disc Screen",3000,2,"INNER_RADIUS|SECTOR","TRANSPARENT_QUEUE_FILLRATE_RISK"
"Assets/Shapes/Shaders/Generated Materials/Disc Screen [SECTOR].mat","Shapes/Disc Screen",3000,1,"SECTOR","TRANSPARENT_QUEUE_FILLRATE_RISK"
"Assets/Shapes/Shaders/Generated Materials/Disc Screen.mat","Shapes/Disc Screen",3000,0,"","TRANSPARENT_QUEUE_FILLRATE_RISK"
"Assets/Shapes/Shaders/Generated Materials/Disc Subtractive (INNER_RADIUS)(SECTOR).mat","Shapes/Disc Subtractive",3000,2,"INNER_RADIUS|SECTOR","TRANSPARENT_QUEUE_FILLRATE_RISK"
"Assets/Shapes/Shaders/Generated Materials/Disc Subtractive (INNER_RADIUS).mat","Shapes/Disc Subtractive",3000,1,"INNER_RADIUS","TRANSPARENT_QUEUE_FILLRATE_RISK"
"Assets/Shapes/Shaders/Generated Materials/Disc Subtractive (SECTOR).mat","Shapes/Disc Subtractive",3000,1,"SECTOR","TRANSPARENT_QUEUE_FILLRATE_RISK"
"Assets/Shapes/Shaders/Generated Materials/Disc Subtractive [INNER_RADIUS].mat","Shapes/Disc Subtractive",3000,1,"INNER_RADIUS","TRANSPARENT_QUEUE_FILLRATE_RISK"
"Assets/Shapes/Shaders/Generated Materials/Disc Subtractive [INNER_RADIUS][SECTOR].mat","Shapes/Disc Subtractive",3000,2,"INNER_RADIUS|SECTOR","TRANSPARENT_QUEUE_FILLRATE_RISK"
"Assets/Shapes/Shaders/Generated Materials/Disc Subtractive [SECTOR].mat","Shapes/Disc Subtractive",3000,1,"SECTOR","TRANSPARENT_QUEUE_FILLRATE_RISK"
"Assets/Shapes/Shaders/Generated Materials/Disc Subtractive.mat","Shapes/Disc Subtractive",3000,0,"","TRANSPARENT_QUEUE_FILLRATE_RISK"
"Assets/Shapes/Shaders/Generated Materials/Disc Transparent (INNER_RADIUS)(SECTOR).mat","Shapes/Disc Transparent",3000,2,"INNER_RADIUS|SECTOR","TRANSPARENT_QUEUE_FILLRATE_RISK"
"Assets/Shapes/Shaders/Generated Materials/Disc Transparent (INNER_RADIUS).mat","Shapes/Disc Transparent",3000,1,"INNER_RADIUS","TRANSPARENT_QUEUE_FILLRATE_RISK"
"Assets/Shapes/Shaders/Generated Materials/Disc Transparent (SECTOR).mat","Shapes/Disc Transparent",3000,1,"SECTOR","TRANSPARENT_QUEUE_FILLRATE_RISK"
"Assets/Shapes/Shaders/Generated Materials/Disc Transparent [INNER_RADIUS].mat","Shapes/Disc Transparent",3000,1,"INNER_RADIUS","TRANSPARENT_QUEUE_FILLRATE_RISK"
"Assets/Shapes/Shaders/Generated Materials/Disc Transparent [INNER_RADIUS][SECTOR].mat","Shapes/Disc Transparent",3000,2,"INNER_RADIUS|SECTOR","TRANSPARENT_QUEUE_FILLRATE_RISK"
"Assets/Shapes/Shaders/Generated Materials/Disc Transparent [SECTOR].mat","Shapes/Disc Transparent",3000,1,"SECTOR","TRANSPARENT_QUEUE_FILLRATE_RISK"
"Assets/Shapes/Shaders/Generated Materials/Disc Transparent.mat","Shapes/Disc Transparent",3000,0,"","TRANSPARENT_QUEUE_FILLRATE_RISK"
"Assets/Shapes/Shaders/Generated Materials/Line 2D Additive (CAP_ROUND).mat","Shapes/Line 2D Additive",3000,1,"CAP_ROUND","TRANSPARENT_QUEUE_FILLRATE_RISK"
"Assets/Shapes/Shaders/Generated Materials/Line 2D Additive (CAP_SQUARE).mat","Shapes/Line 2D Additive",3000,1,"CAP_SQUARE","TRANSPARENT_QUEUE_FILLRATE_RISK"
"Assets/Shapes/Shaders/Generated Materials/Line 2D Additive [CAP_ROUND].mat","Shapes/Line 2D Additive",3000,1,"CAP_ROUND","TRANSPARENT_QUEUE_FILLRATE_RISK"
"Assets/Shapes/Shaders/Generated Materials/Line 2D Additive [CAP_SQUARE].mat","Shapes/Line 2D Additive",3000,1,"CAP_SQUARE","TRANSPARENT_QUEUE_FILLRATE_RISK"
"Assets/Shapes/Shaders/Generated Materials/Line 2D Additive.mat","Shapes/Line 2D Additive",3000,0,"","TRANSPARENT_QUEUE_FILLRATE_RISK"
"Assets/Shapes/Shaders/Generated Materials/Line 2D ColorBurn (CAP_ROUND).mat","Shapes/Line 2D ColorBurn",3000,1,"CAP_ROUND","TRANSPARENT_QUEUE_FILLRATE_RISK"
"Assets/Shapes/Shaders/Generated Materials/Line 2D ColorBurn (CAP_SQUARE).mat","Shapes/Line 2D ColorBurn",3000,1,"CAP_SQUARE","TRANSPARENT_QUEUE_FILLRATE_RISK"
"Assets/Shapes/Shaders/Generated Materials/Line 2D ColorBurn [CAP_ROUND].mat","Shapes/Line 2D ColorBurn",3000,1,"CAP_ROUND","TRANSPARENT_QUEUE_FILLRATE_RISK"
"Assets/Shapes/Shaders/Generated Materials/Line 2D ColorBurn [CAP_SQUARE].mat","Shapes/Line 2D ColorBurn",3000,1,"CAP_SQUARE","TRANSPARENT_QUEUE_FILLRATE_RISK"
"Assets/Shapes/Shaders/Generated Materials/Line 2D ColorBurn.mat","Shapes/Line 2D ColorBurn",3000,0,"","TRANSPARENT_QUEUE_FILLRATE_RISK"
"Assets/Shapes/Shaders/Generated Materials/Line 2D ColorDodge (CAP_ROUND).mat","Shapes/Line 2D ColorDodge",3000,1,"CAP_ROUND","TRANSPARENT_QUEUE_FILLRATE_RISK"
"Assets/Shapes/Shaders/Generated Materials/Line 2D ColorDodge (CAP_SQUARE).mat","Shapes/Line 2D ColorDodge",3000,1,"CAP_SQUARE","TRANSPARENT_QUEUE_FILLRATE_RISK"
"Assets/Shapes/Shaders/Generated Materials/Line 2D ColorDodge [CAP_ROUND].mat","Shapes/Line 2D ColorDodge",3000,1,"CAP_ROUND","TRANSPARENT_QUEUE_FILLRATE_RISK"
"Assets/Shapes/Shaders/Generated Materials/Line 2D ColorDodge [CAP_SQUARE].mat","Shapes/Line 2D ColorDodge",3000,1,"CAP_SQUARE","TRANSPARENT_QUEUE_FILLRATE_RISK"
"Assets/Shapes/Shaders/Generated Materials/Line 2D ColorDodge.mat","Shapes/Line 2D ColorDodge",3000,0,"","TRANSPARENT_QUEUE_FILLRATE_RISK"
"Assets/Shapes/Shaders/Generated Materials/Line 2D Darken (CAP_ROUND).mat","Shapes/Line 2D Darken",3000,1,"CAP_ROUND","TRANSPARENT_QUEUE_FILLRATE_RISK"
"Assets/Shapes/Shaders/Generated Materials/Line 2D Darken (CAP_SQUARE).mat","Shapes/Line 2D Darken",3000,1,"CAP_SQUARE","TRANSPARENT_QUEUE_FILLRATE_RISK"
"Assets/Shapes/Shaders/Generated Materials/Line 2D Darken [CAP_ROUND].mat","Shapes/Line 2D Darken",3000,1,"CAP_ROUND","TRANSPARENT_QUEUE_FILLRATE_RISK"
"Assets/Shapes/Shaders/Generated Materials/Line 2D Darken [CAP_SQUARE].mat","Shapes/Line 2D Darken",3000,1,"CAP_SQUARE","TRANSPARENT_QUEUE_FILLRATE_RISK"
"Assets/Shapes/Shaders/Generated Materials/Line 2D Darken.mat","Shapes/Line 2D Darken",3000,0,"","TRANSPARENT_QUEUE_FILLRATE_RISK"
"Assets/Shapes/Shaders/Generated Materials/Line 2D Lighten (CAP_ROUND).mat","Shapes/Line 2D Lighten",3000,1,"CAP_ROUND","TRANSPARENT_QUEUE_FILLRATE_RISK"
"Assets/Shapes/Shaders/Generated Materials/Line 2D Lighten (CAP_SQUARE).mat","Shapes/Line 2D Lighten",3000,1,"CAP_SQUARE","TRANSPARENT_QUEUE_FILLRATE_RISK"
"Assets/Shapes/Shaders/Generated Materials/Line 2D Lighten [CAP_ROUND].mat","Shapes/Line 2D Lighten",3000,1,"CAP_ROUND","TRANSPARENT_QUEUE_FILLRATE_RISK"
"Assets/Shapes/Shaders/Generated Materials/Line 2D Lighten [CAP_SQUARE].mat","Shapes/Line 2D Lighten",3000,1,"CAP_SQUARE","TRANSPARENT_QUEUE_FILLRATE_RISK"
"Assets/Shapes/Shaders/Generated Materials/Line 2D Lighten.mat","Shapes/Line 2D Lighten",3000,0,"","TRANSPARENT_QUEUE_FILLRATE_RISK"
"Assets/Shapes/Shaders/Generated Materials/Line 2D LinearBurn (CAP_ROUND).mat","Shapes/Line 2D LinearBurn",3000,1,"CAP_ROUND","TRANSPARENT_QUEUE_FILLRATE_RISK"
"Assets/Shapes/Shaders/Generated Materials/Line 2D LinearBurn (CAP_SQUARE).mat","Shapes/Line 2D LinearBurn",3000,1,"CAP_SQUARE","TRANSPARENT_QUEUE_FILLRATE_RISK"
"Assets/Shapes/Shaders/Generated Materials/Line 2D LinearBurn [CAP_ROUND].mat","Shapes/Line 2D LinearBurn",3000,1,"CAP_ROUND","TRANSPARENT_QUEUE_FILLRATE_RISK"
"Assets/Shapes/Shaders/Generated Materials/Line 2D LinearBurn [CAP_SQUARE].mat","Shapes/Line 2D LinearBurn",3000,1,"CAP_SQUARE","TRANSPARENT_QUEUE_FILLRATE_RISK"
"Assets/Shapes/Shaders/Generated Materials/Line 2D LinearBurn.mat","Shapes/Line 2D LinearBurn",3000,0,"","TRANSPARENT_QUEUE_FILLRATE_RISK"
"Assets/Shapes/Shaders/Generated Materials/Line 2D Multiplicative (CAP_ROUND).mat","Shapes/Line 2D Multiplicative",3000,1,"CAP_ROUND","TRANSPARENT_QUEUE_FILLRATE_RISK"
"Assets/Shapes/Shaders/Generated Materials/Line 2D Multiplicative (CAP_SQUARE).mat","Shapes/Line 2D Multiplicative",3000,1,"CAP_SQUARE","TRANSPARENT_QUEUE_FILLRATE_RISK"
"Assets/Shapes/Shaders/Generated Materials/Line 2D Multiplicative [CAP_ROUND].mat","Shapes/Line 2D Multiplicative",3000,1,"CAP_ROUND","TRANSPARENT_QUEUE_FILLRATE_RISK"
"Assets/Shapes/Shaders/Generated Materials/Line 2D Multiplicative [CAP_SQUARE].mat","Shapes/Line 2D Multiplicative",3000,1,"CAP_SQUARE","TRANSPARENT_QUEUE_FILLRATE_RISK"
"Assets/Shapes/Shaders/Generated Materials/Line 2D Multiplicative.mat","Shapes/Line 2D Multiplicative",3000,0,"","TRANSPARENT_QUEUE_FILLRATE_RISK"
"Assets/Shapes/Shaders/Generated Materials/Line 2D Opaque (CAP_ROUND).mat","Shapes/Line 2D Opaque",2450,1,"CAP_ROUND","TRANSPARENT_QUEUE_FILLRATE_RISK"
"Assets/Shapes/Shaders/Generated Materials/Line 2D Opaque (CAP_SQUARE).mat","Shapes/Line 2D Opaque",2450,1,"CAP_SQUARE","TRANSPARENT_QUEUE_FILLRATE_RISK"
"Assets/Shapes/Shaders/Generated Materials/Line 2D Opaque [CAP_ROUND].mat","Shapes/Line 2D Opaque",2450,1,"CAP_ROUND","TRANSPARENT_QUEUE_FILLRATE_RISK"
"Assets/Shapes/Shaders/Generated Materials/Line 2D Opaque [CAP_SQUARE].mat","Shapes/Line 2D Opaque",2450,1,"CAP_SQUARE","TRANSPARENT_QUEUE_FILLRATE_RISK"
"Assets/Shapes/Shaders/Generated Materials/Line 2D Opaque.mat","Shapes/Line 2D Opaque",2450,0,"","TRANSPARENT_QUEUE_FILLRATE_RISK"
"Assets/Shapes/Shaders/Generated Materials/Line 2D Screen (CAP_ROUND).mat","Shapes/Line 2D Screen",3000,1,"CAP_ROUND","TRANSPARENT_QUEUE_FILLRATE_RISK"
"Assets/Shapes/Shaders/Generated Materials/Line 2D Screen (CAP_SQUARE).mat","Shapes/Line 2D Screen",3000,1,"CAP_SQUARE","TRANSPARENT_QUEUE_FILLRATE_RISK"
"Assets/Shapes/Shaders/Generated Materials/Line 2D Screen [CAP_ROUND].mat","Shapes/Line 2D Screen",3000,1,"CAP_ROUND","TRANSPARENT_QUEUE_FILLRATE_RISK"
"Assets/Shapes/Shaders/Generated Materials/Line 2D Screen [CAP_SQUARE].mat","Shapes/Line 2D Screen",3000,1,"CAP_SQUARE","TRANSPARENT_QUEUE_FILLRATE_RISK"
"Assets/Shapes/Shaders/Generated Materials/Line 2D Screen.mat","Shapes/Line 2D Screen",3000,0,"","TRANSPARENT_QUEUE_FILLRATE_RISK"
"Assets/Shapes/Shaders/Generated Materials/Line 2D Subtractive (CAP_ROUND).mat","Shapes/Line 2D Subtractive",3000,1,"CAP_ROUND","TRANSPARENT_QUEUE_FILLRATE_RISK"
"Assets/Shapes/Shaders/Generated Materials/Line 2D Subtractive (CAP_SQUARE).mat","Shapes/Line 2D Subtractive",3000,1,"CAP_SQUARE","TRANSPARENT_QUEUE_FILLRATE_RISK"
"Assets/Shapes/Shaders/Generated Materials/Line 2D Subtractive [CAP_ROUND].mat","Shapes/Line 2D Subtractive",3000,1,"CAP_ROUND","TRANSPARENT_QUEUE_FILLRATE_RISK"
"Assets/Shapes/Shaders/Generated Materials/Line 2D Subtractive [CAP_SQUARE].mat","Shapes/Line 2D Subtractive",3000,1,"CAP_SQUARE","TRANSPARENT_QUEUE_FILLRATE_RISK"
"Assets/Shapes/Shaders/Generated Materials/Line 2D Subtractive.mat","Shapes/Line 2D Subtractive",3000,0,"","TRANSPARENT_QUEUE_FILLRATE_RISK"
"Assets/Shapes/Shaders/Generated Materials/Line 2D Transparent (CAP_ROUND).mat","Shapes/Line 2D Transparent",3000,1,"CAP_ROUND","TRANSPARENT_QUEUE_FILLRATE_RISK"
"Assets/Shapes/Shaders/Generated Materials/Line 2D Transparent (CAP_SQUARE).mat","Shapes/Line 2D Transparent",3000,1,"CAP_SQUARE","TRANSPARENT_QUEUE_FILLRATE_RISK"
"Assets/Shapes/Shaders/Generated Materials/Line 2D Transparent [CAP_ROUND].mat","Shapes/Line 2D Transparent",3000,1,"CAP_ROUND","TRANSPARENT_QUEUE_FILLRATE_RISK"
"Assets/Shapes/Shaders/Generated Materials/Line 2D Transparent [CAP_SQUARE].mat","Shapes/Line 2D Transparent",3000,1,"CAP_SQUARE","TRANSPARENT_QUEUE_FILLRATE_RISK"
"Assets/Shapes/Shaders/Generated Materials/Line 2D Transparent.mat","Shapes/Line 2D Transparent",3000,0,"","TRANSPARENT_QUEUE_FILLRATE_RISK"
"Assets/Shapes/Shaders/Generated Materials/Line 3D Additive (CAP_ROUND).mat","Shapes/Line 3D Additive",3000,1,"CAP_ROUND","TRANSPARENT_QUEUE_FILLRATE_RISK"
"Assets/Shapes/Shaders/Generated Materials/Line 3D Additive (CAP_SQUARE).mat","Shapes/Line 3D Additive",3000,1,"CAP_SQUARE","TRANSPARENT_QUEUE_FILLRATE_RISK"
"Assets/Shapes/Shaders/Generated Materials/Line 3D Additive [CAP_ROUND].mat","Shapes/Line 3D Additive",3000,1,"CAP_ROUND","TRANSPARENT_QUEUE_FILLRATE_RISK"
"Assets/Shapes/Shaders/Generated Materials/Line 3D Additive [CAP_SQUARE].mat","Shapes/Line 3D Additive",3000,1,"CAP_SQUARE","TRANSPARENT_QUEUE_FILLRATE_RISK"
"Assets/Shapes/Shaders/Generated Materials/Line 3D Additive.mat","Shapes/Line 3D Additive",3000,0,"","TRANSPARENT_QUEUE_FILLRATE_RISK"
"Assets/Shapes/Shaders/Generated Materials/Line 3D ColorBurn (CAP_ROUND).mat","Shapes/Line 3D ColorBurn",3000,1,"CAP_ROUND","TRANSPARENT_QUEUE_FILLRATE_RISK"
"Assets/Shapes/Shaders/Generated Materials/Line 3D ColorBurn (CAP_SQUARE).mat","Shapes/Line 3D ColorBurn",3000,1,"CAP_SQUARE","TRANSPARENT_QUEUE_FILLRATE_RISK"
"Assets/Shapes/Shaders/Generated Materials/Line 3D ColorBurn [CAP_ROUND].mat","Shapes/Line 3D ColorBurn",3000,1,"CAP_ROUND","TRANSPARENT_QUEUE_FILLRATE_RISK"
"Assets/Shapes/Shaders/Generated Materials/Line 3D ColorBurn [CAP_SQUARE].mat","Shapes/Line 3D ColorBurn",3000,1,"CAP_SQUARE","TRANSPARENT_QUEUE_FILLRATE_RISK"
"Assets/Shapes/Shaders/Generated Materials/Line 3D ColorBurn.mat","Shapes/Line 3D ColorBurn",3000,0,"","TRANSPARENT_QUEUE_FILLRATE_RISK"
"Assets/Shapes/Shaders/Generated Materials/Line 3D ColorDodge (CAP_ROUND).mat","Shapes/Line 3D ColorDodge",3000,1,"CAP_ROUND","TRANSPARENT_QUEUE_FILLRATE_RISK"
"Assets/Shapes/Shaders/Generated Materials/Line 3D ColorDodge (CAP_SQUARE).mat","Shapes/Line 3D ColorDodge",3000,1,"CAP_SQUARE","TRANSPARENT_QUEUE_FILLRATE_RISK"
"Assets/Shapes/Shaders/Generated Materials/Line 3D ColorDodge [CAP_ROUND].mat","Shapes/Line 3D ColorDodge",3000,1,"CAP_ROUND","TRANSPARENT_QUEUE_FILLRATE_RISK"
"Assets/Shapes/Shaders/Generated Materials/Line 3D ColorDodge [CAP_SQUARE].mat","Shapes/Line 3D ColorDodge",3000,1,"CAP_SQUARE","TRANSPARENT_QUEUE_FILLRATE_RISK"
"Assets/Shapes/Shaders/Generated Materials/Line 3D ColorDodge.mat","Shapes/Line 3D ColorDodge",3000,0,"","TRANSPARENT_QUEUE_FILLRATE_RISK"
"Assets/Shapes/Shaders/Generated Materials/Line 3D Darken (CAP_ROUND).mat","Shapes/Line 3D Darken",3000,1,"CAP_ROUND","TRANSPARENT_QUEUE_FILLRATE_RISK"
"Assets/Shapes/Shaders/Generated Materials/Line 3D Darken (CAP_SQUARE).mat","Shapes/Line 3D Darken",3000,1,"CAP_SQUARE","TRANSPARENT_QUEUE_FILLRATE_RISK"
"Assets/Shapes/Shaders/Generated Materials/Line 3D Darken [CAP_ROUND].mat","Shapes/Line 3D Darken",3000,1,"CAP_ROUND","TRANSPARENT_QUEUE_FILLRATE_RISK"
"Assets/Shapes/Shaders/Generated Materials/Line 3D Darken [CAP_SQUARE].mat","Shapes/Line 3D Darken",3000,1,"CAP_SQUARE","TRANSPARENT_QUEUE_FILLRATE_RISK"
"Assets/Shapes/Shaders/Generated Materials/Line 3D Darken.mat","Shapes/Line 3D Darken",3000,0,"","TRANSPARENT_QUEUE_FILLRATE_RISK"
"Assets/Shapes/Shaders/Generated Materials/Line 3D Lighten (CAP_ROUND).mat","Shapes/Line 3D Lighten",3000,1,"CAP_ROUND","TRANSPARENT_QUEUE_FILLRATE_RISK"
"Assets/Shapes/Shaders/Generated Materials/Line 3D Lighten (CAP_SQUARE).mat","Shapes/Line 3D Lighten",3000,1,"CAP_SQUARE","TRANSPARENT_QUEUE_FILLRATE_RISK"
"Assets/Shapes/Shaders/Generated Materials/Line 3D Lighten [CAP_ROUND].mat","Shapes/Line 3D Lighten",3000,1,"CAP_ROUND","TRANSPARENT_QUEUE_FILLRATE_RISK"
"Assets/Shapes/Shaders/Generated Materials/Line 3D Lighten [CAP_SQUARE].mat","Shapes/Line 3D Lighten",3000,1,"CAP_SQUARE","TRANSPARENT_QUEUE_FILLRATE_RISK"
"Assets/Shapes/Shaders/Generated Materials/Line 3D Lighten.mat","Shapes/Line 3D Lighten",3000,0,"","TRANSPARENT_QUEUE_FILLRATE_RISK"
"Assets/Shapes/Shaders/Generated Materials/Line 3D LinearBurn (CAP_ROUND).mat","Shapes/Line 3D LinearBurn",3000,1,"CAP_ROUND","TRANSPARENT_QUEUE_FILLRATE_RISK"
"Assets/Shapes/Shaders/Generated Materials/Line 3D LinearBurn (CAP_SQUARE).mat","Shapes/Line 3D LinearBurn",3000,1,"CAP_SQUARE","TRANSPARENT_QUEUE_FILLRATE_RISK"
"Assets/Shapes/Shaders/Generated Materials/Line 3D LinearBurn [CAP_ROUND].mat","Shapes/Line 3D LinearBurn",3000,1,"CAP_ROUND","TRANSPARENT_QUEUE_FILLRATE_RISK"
"Assets/Shapes/Shaders/Generated Materials/Line 3D LinearBurn [CAP_SQUARE].mat","Shapes/Line 3D LinearBurn",3000,1,"CAP_SQUARE","TRANSPARENT_QUEUE_FILLRATE_RISK"
"Assets/Shapes/Shaders/Generated Materials/Line 3D LinearBurn.mat","Shapes/Line 3D LinearBurn",3000,0,"","TRANSPARENT_QUEUE_FILLRATE_RISK"
"Assets/Shapes/Shaders/Generated Materials/Line 3D Multiplicative (CAP_ROUND).mat","Shapes/Line 3D Multiplicative",3000,1,"CAP_ROUND","TRANSPARENT_QUEUE_FILLRATE_RISK"
"Assets/Shapes/Shaders/Generated Materials/Line 3D Multiplicative (CAP_SQUARE).mat","Shapes/Line 3D Multiplicative",3000,1,"CAP_SQUARE","TRANSPARENT_QUEUE_FILLRATE_RISK"
"Assets/Shapes/Shaders/Generated Materials/Line 3D Multiplicative [CAP_ROUND].mat","Shapes/Line 3D Multiplicative",3000,1,"CAP_ROUND","TRANSPARENT_QUEUE_FILLRATE_RISK"
"Assets/Shapes/Shaders/Generated Materials/Line 3D Multiplicative [CAP_SQUARE].mat","Shapes/Line 3D Multiplicative",3000,1,"CAP_SQUARE","TRANSPARENT_QUEUE_FILLRATE_RISK"
"Assets/Shapes/Shaders/Generated Materials/Line 3D Multiplicative.mat","Shapes/Line 3D Multiplicative",3000,0,"","TRANSPARENT_QUEUE_FILLRATE_RISK"
"Assets/Shapes/Shaders/Generated Materials/Line 3D Opaque (CAP_ROUND).mat","Shapes/Line 3D Opaque",2450,1,"CAP_ROUND","TRANSPARENT_QUEUE_FILLRATE_RISK"
"Assets/Shapes/Shaders/Generated Materials/Line 3D Opaque (CAP_SQUARE).mat","Shapes/Line 3D Opaque",2450,1,"CAP_SQUARE","TRANSPARENT_QUEUE_FILLRATE_RISK"
"Assets/Shapes/Shaders/Generated Materials/Line 3D Opaque [CAP_ROUND].mat","Shapes/Line 3D Opaque",2450,1,"CAP_ROUND","TRANSPARENT_QUEUE_FILLRATE_RISK"
"Assets/Shapes/Shaders/Generated Materials/Line 3D Opaque [CAP_SQUARE].mat","Shapes/Line 3D Opaque",2450,1,"CAP_SQUARE","TRANSPARENT_QUEUE_FILLRATE_RISK"
"Assets/Shapes/Shaders/Generated Materials/Line 3D Opaque.mat","Shapes/Line 3D Opaque",2450,0,"","TRANSPARENT_QUEUE_FILLRATE_RISK"
"Assets/Shapes/Shaders/Generated Materials/Line 3D Screen (CAP_ROUND).mat","Shapes/Line 3D Screen",3000,1,"CAP_ROUND","TRANSPARENT_QUEUE_FILLRATE_RISK"
"Assets/Shapes/Shaders/Generated Materials/Line 3D Screen (CAP_SQUARE).mat","Shapes/Line 3D Screen",3000,1,"CAP_SQUARE","TRANSPARENT_QUEUE_FILLRATE_RISK"
"Assets/Shapes/Shaders/Generated Materials/Line 3D Screen [CAP_ROUND].mat","Shapes/Line 3D Screen",3000,1,"CAP_ROUND","TRANSPARENT_QUEUE_FILLRATE_RISK"
"Assets/Shapes/Shaders/Generated Materials/Line 3D Screen [CAP_SQUARE].mat","Shapes/Line 3D Screen",3000,1,"CAP_SQUARE","TRANSPARENT_QUEUE_FILLRATE_RISK"
"Assets/Shapes/Shaders/Generated Materials/Line 3D Screen.mat","Shapes/Line 3D Screen",3000,0,"","TRANSPARENT_QUEUE_FILLRATE_RISK"
"Assets/Shapes/Shaders/Generated Materials/Line 3D Subtractive (CAP_ROUND).mat","Shapes/Line 3D Subtractive",3000,1,"CAP_ROUND","TRANSPARENT_QUEUE_FILLRATE_RISK"
"Assets/Shapes/Shaders/Generated Materials/Line 3D Subtractive (CAP_SQUARE).mat","Shapes/Line 3D Subtractive",3000,1,"CAP_SQUARE","TRANSPARENT_QUEUE_FILLRATE_RISK"
"Assets/Shapes/Shaders/Generated Materials/Line 3D Subtractive [CAP_ROUND].mat","Shapes/Line 3D Subtractive",3000,1,"CAP_ROUND","TRANSPARENT_QUEUE_FILLRATE_RISK"
"Assets/Shapes/Shaders/Generated Materials/Line 3D Subtractive [CAP_SQUARE].mat","Shapes/Line 3D Subtractive",3000,1,"CAP_SQUARE","TRANSPARENT_QUEUE_FILLRATE_RISK"
"Assets/Shapes/Shaders/Generated Materials/Line 3D Subtractive.mat","Shapes/Line 3D Subtractive",3000,0,"","TRANSPARENT_QUEUE_FILLRATE_RISK"
"Assets/Shapes/Shaders/Generated Materials/Line 3D Transparent (CAP_ROUND).mat","Shapes/Line 3D Transparent",3000,1,"CAP_ROUND","TRANSPARENT_QUEUE_FILLRATE_RISK"
"Assets/Shapes/Shaders/Generated Materials/Line 3D Transparent (CAP_SQUARE).mat","Shapes/Line 3D Transparent",3000,1,"CAP_SQUARE","TRANSPARENT_QUEUE_FILLRATE_RISK"
"Assets/Shapes/Shaders/Generated Materials/Line 3D Transparent [CAP_ROUND].mat","Shapes/Line 3D Transparent",3000,1,"CAP_ROUND","TRANSPARENT_QUEUE_FILLRATE_RISK"
"Assets/Shapes/Shaders/Generated Materials/Line 3D Transparent [CAP_SQUARE].mat","Shapes/Line 3D Transparent",3000,1,"CAP_SQUARE","TRANSPARENT_QUEUE_FILLRATE_RISK"
"Assets/Shapes/Shaders/Generated Materials/Line 3D Transparent.mat","Shapes/Line 3D Transparent",3000,0,"","TRANSPARENT_QUEUE_FILLRATE_RISK"
"Assets/Shapes/Shaders/Generated Materials/Polygon Additive.mat","Shapes/Polygon Additive",3000,0,"","TRANSPARENT_QUEUE_FILLRATE_RISK"
"Assets/Shapes/Shaders/Generated Materials/Polygon ColorBurn.mat","Shapes/Polygon ColorBurn",3000,0,"","TRANSPARENT_QUEUE_FILLRATE_RISK"
"Assets/Shapes/Shaders/Generated Materials/Polygon ColorDodge.mat","Shapes/Polygon ColorDodge",3000,0,"","TRANSPARENT_QUEUE_FILLRATE_RISK"
"Assets/Shapes/Shaders/Generated Materials/Polygon Darken.mat","Shapes/Polygon Darken",3000,0,"","TRANSPARENT_QUEUE_FILLRATE_RISK"
"Assets/Shapes/Shaders/Generated Materials/Polygon Lighten.mat","Shapes/Polygon Lighten",3000,0,"","TRANSPARENT_QUEUE_FILLRATE_RISK"
"Assets/Shapes/Shaders/Generated Materials/Polygon LinearBurn.mat","Shapes/Polygon LinearBurn",3000,0,"","TRANSPARENT_QUEUE_FILLRATE_RISK"
"Assets/Shapes/Shaders/Generated Materials/Polygon Multiplicative.mat","Shapes/Polygon Multiplicative",3000,0,"","TRANSPARENT_QUEUE_FILLRATE_RISK"
"Assets/Shapes/Shaders/Generated Materials/Polygon Opaque.mat","Shapes/Polygon Opaque",2450,0,"","TRANSPARENT_QUEUE_FILLRATE_RISK"
"Assets/Shapes/Shaders/Generated Materials/Polygon Screen.mat","Shapes/Polygon Screen",3000,0,"","TRANSPARENT_QUEUE_FILLRATE_RISK"
"Assets/Shapes/Shaders/Generated Materials/Polygon Subtractive.mat","Shapes/Polygon Subtractive",3000,0,"","TRANSPARENT_QUEUE_FILLRATE_RISK"
"Assets/Shapes/Shaders/Generated Materials/Polygon Transparent.mat","Shapes/Polygon Transparent",3000,0,"","TRANSPARENT_QUEUE_FILLRATE_RISK"
"Assets/Shapes/Shaders/Generated Materials/Polyline 2D Additive (IS_JOIN_MESH)(JOIN_BEVEL).mat","Shapes/Polyline 2D Additive",3000,2,"IS_JOIN_MESH|JOIN_BEVEL","TRANSPARENT_QUEUE_FILLRATE_RISK"
"Assets/Shapes/Shaders/Generated Materials/Polyline 2D Additive (IS_JOIN_MESH)(JOIN_MITER).mat","Shapes/Polyline 2D Additive",3000,2,"IS_JOIN_MESH|JOIN_MITER","TRANSPARENT_QUEUE_FILLRATE_RISK"
"Assets/Shapes/Shaders/Generated Materials/Polyline 2D Additive (IS_JOIN_MESH)(JOIN_ROUND).mat","Shapes/Polyline 2D Additive",3000,2,"IS_JOIN_MESH|JOIN_ROUND","TRANSPARENT_QUEUE_FILLRATE_RISK"
"Assets/Shapes/Shaders/Generated Materials/Polyline 2D Additive (IS_JOIN_MESH).mat","Shapes/Polyline 2D Additive",3000,1,"IS_JOIN_MESH","TRANSPARENT_QUEUE_FILLRATE_RISK"
"Assets/Shapes/Shaders/Generated Materials/Polyline 2D Additive (JOIN_BEVEL).mat","Shapes/Polyline 2D Additive",3000,1,"JOIN_BEVEL","TRANSPARENT_QUEUE_FILLRATE_RISK"
"Assets/Shapes/Shaders/Generated Materials/Polyline 2D Additive (JOIN_MITER).mat","Shapes/Polyline 2D Additive",3000,1,"JOIN_MITER","TRANSPARENT_QUEUE_FILLRATE_RISK"
"Assets/Shapes/Shaders/Generated Materials/Polyline 2D Additive (JOIN_ROUND).mat","Shapes/Polyline 2D Additive",3000,1,"JOIN_ROUND","TRANSPARENT_QUEUE_FILLRATE_RISK"
"Assets/Shapes/Shaders/Generated Materials/Polyline 2D Additive [IS_JOIN_MESH].mat","Shapes/Polyline 2D Additive",3000,1,"IS_JOIN_MESH","TRANSPARENT_QUEUE_FILLRATE_RISK"
"Assets/Shapes/Shaders/Generated Materials/Polyline 2D Additive [IS_JOIN_MESH][JOIN_BEVEL].mat","Shapes/Polyline 2D Additive",3000,2,"IS_JOIN_MESH|JOIN_BEVEL","TRANSPARENT_QUEUE_FILLRATE_RISK"
"Assets/Shapes/Shaders/Generated Materials/Polyline 2D Additive [IS_JOIN_MESH][JOIN_MITER].mat","Shapes/Polyline 2D Additive",3000,2,"IS_JOIN_MESH|JOIN_MITER","TRANSPARENT_QUEUE_FILLRATE_RISK"
"Assets/Shapes/Shaders/Generated Materials/Polyline 2D Additive [IS_JOIN_MESH][JOIN_ROUND].mat","Shapes/Polyline 2D Additive",3000,2,"IS_JOIN_MESH|JOIN_ROUND","TRANSPARENT_QUEUE_FILLRATE_RISK"
"Assets/Shapes/Shaders/Generated Materials/Polyline 2D Additive [JOIN_BEVEL].mat","Shapes/Polyline 2D Additive",3000,1,"JOIN_BEVEL","TRANSPARENT_QUEUE_FILLRATE_RISK"
"Assets/Shapes/Shaders/Generated Materials/Polyline 2D Additive [JOIN_MITER].mat","Shapes/Polyline 2D Additive",3000,1,"JOIN_MITER","TRANSPARENT_QUEUE_FILLRATE_RISK"
"Assets/Shapes/Shaders/Generated Materials/Polyline 2D Additive [JOIN_ROUND].mat","Shapes/Polyline 2D Additive",3000,1,"JOIN_ROUND","TRANSPARENT_QUEUE_FILLRATE_RISK"
"Assets/Shapes/Shaders/Generated Materials/Polyline 2D Additive.mat","Shapes/Polyline 2D Additive",3000,0,"","TRANSPARENT_QUEUE_FILLRATE_RISK"
"Assets/Shapes/Shaders/Generated Materials/Polyline 2D ColorBurn (IS_JOIN_MESH)(JOIN_BEVEL).mat","Shapes/Polyline 2D ColorBurn",3000,2,"IS_JOIN_MESH|JOIN_BEVEL","TRANSPARENT_QUEUE_FILLRATE_RISK"
"Assets/Shapes/Shaders/Generated Materials/Polyline 2D ColorBurn (IS_JOIN_MESH)(JOIN_MITER).mat","Shapes/Polyline 2D ColorBurn",3000,2,"IS_JOIN_MESH|JOIN_MITER","TRANSPARENT_QUEUE_FILLRATE_RISK"
"Assets/Shapes/Shaders/Generated Materials/Polyline 2D ColorBurn (IS_JOIN_MESH)(JOIN_ROUND).mat","Shapes/Polyline 2D ColorBurn",3000,2,"IS_JOIN_MESH|JOIN_ROUND","TRANSPARENT_QUEUE_FILLRATE_RISK"
"Assets/Shapes/Shaders/Generated Materials/Polyline 2D ColorBurn (IS_JOIN_MESH).mat","Shapes/Polyline 2D ColorBurn",3000,1,"IS_JOIN_MESH","TRANSPARENT_QUEUE_FILLRATE_RISK"
"Assets/Shapes/Shaders/Generated Materials/Polyline 2D ColorBurn (JOIN_BEVEL).mat","Shapes/Polyline 2D ColorBurn",3000,1,"JOIN_BEVEL","TRANSPARENT_QUEUE_FILLRATE_RISK"
"Assets/Shapes/Shaders/Generated Materials/Polyline 2D ColorBurn (JOIN_MITER).mat","Shapes/Polyline 2D ColorBurn",3000,1,"JOIN_MITER","TRANSPARENT_QUEUE_FILLRATE_RISK"
"Assets/Shapes/Shaders/Generated Materials/Polyline 2D ColorBurn (JOIN_ROUND).mat","Shapes/Polyline 2D ColorBurn",3000,1,"JOIN_ROUND","TRANSPARENT_QUEUE_FILLRATE_RISK"
"Assets/Shapes/Shaders/Generated Materials/Polyline 2D ColorBurn [IS_JOIN_MESH].mat","Shapes/Polyline 2D ColorBurn",3000,1,"IS_JOIN_MESH","TRANSPARENT_QUEUE_FILLRATE_RISK"
"Assets/Shapes/Shaders/Generated Materials/Polyline 2D ColorBurn [IS_JOIN_MESH][JOIN_BEVEL].mat","Shapes/Polyline 2D ColorBurn",3000,2,"IS_JOIN_MESH|JOIN_BEVEL","TRANSPARENT_QUEUE_FILLRATE_RISK"
"Assets/Shapes/Shaders/Generated Materials/Polyline 2D ColorBurn [IS_JOIN_MESH][JOIN_MITER].mat","Shapes/Polyline 2D ColorBurn",3000,2,"IS_JOIN_MESH|JOIN_MITER","TRANSPARENT_QUEUE_FILLRATE_RISK"
"Assets/Shapes/Shaders/Generated Materials/Polyline 2D ColorBurn [IS_JOIN_MESH][JOIN_ROUND].mat","Shapes/Polyline 2D ColorBurn",3000,2,"IS_JOIN_MESH|JOIN_ROUND","TRANSPARENT_QUEUE_FILLRATE_RISK"
"Assets/Shapes/Shaders/Generated Materials/Polyline 2D ColorBurn [JOIN_BEVEL].mat","Shapes/Polyline 2D ColorBurn",3000,1,"JOIN_BEVEL","TRANSPARENT_QUEUE_FILLRATE_RISK"
"Assets/Shapes/Shaders/Generated Materials/Polyline 2D ColorBurn [JOIN_MITER].mat","Shapes/Polyline 2D ColorBurn",3000,1,"JOIN_MITER","TRANSPARENT_QUEUE_FILLRATE_RISK"
"Assets/Shapes/Shaders/Generated Materials/Polyline 2D ColorBurn [JOIN_ROUND].mat","Shapes/Polyline 2D ColorBurn",3000,1,"JOIN_ROUND","TRANSPARENT_QUEUE_FILLRATE_RISK"
"Assets/Shapes/Shaders/Generated Materials/Polyline 2D ColorBurn.mat","Shapes/Polyline 2D ColorBurn",3000,0,"","TRANSPARENT_QUEUE_FILLRATE_RISK"
"Assets/Shapes/Shaders/Generated Materials/Polyline 2D ColorDodge (IS_JOIN_MESH)(JOIN_BEVEL).mat","Shapes/Polyline 2D ColorDodge",3000,2,"IS_JOIN_MESH|JOIN_BEVEL","TRANSPARENT_QUEUE_FILLRATE_RISK"
"Assets/Shapes/Shaders/Generated Materials/Polyline 2D ColorDodge (IS_JOIN_MESH)(JOIN_MITER).mat","Shapes/Polyline 2D ColorDodge",3000,2,"IS_JOIN_MESH|JOIN_MITER","TRANSPARENT_QUEUE_FILLRATE_RISK"
"Assets/Shapes/Shaders/Generated Materials/Polyline 2D ColorDodge (IS_JOIN_MESH)(JOIN_ROUND).mat","Shapes/Polyline 2D ColorDodge",3000,2,"IS_JOIN_MESH|JOIN_ROUND","TRANSPARENT_QUEUE_FILLRATE_RISK"
"Assets/Shapes/Shaders/Generated Materials/Polyline 2D ColorDodge (IS_JOIN_MESH).mat","Shapes/Polyline 2D ColorDodge",3000,1,"IS_JOIN_MESH","TRANSPARENT_QUEUE_FILLRATE_RISK"
"Assets/Shapes/Shaders/Generated Materials/Polyline 2D ColorDodge (JOIN_BEVEL).mat","Shapes/Polyline 2D ColorDodge",3000,1,"JOIN_BEVEL","TRANSPARENT_QUEUE_FILLRATE_RISK"
"Assets/Shapes/Shaders/Generated Materials/Polyline 2D ColorDodge (JOIN_MITER).mat","Shapes/Polyline 2D ColorDodge",3000,1,"JOIN_MITER","TRANSPARENT_QUEUE_FILLRATE_RISK"
"Assets/Shapes/Shaders/Generated Materials/Polyline 2D ColorDodge (JOIN_ROUND).mat","Shapes/Polyline 2D ColorDodge",3000,1,"JOIN_ROUND","TRANSPARENT_QUEUE_FILLRATE_RISK"
"Assets/Shapes/Shaders/Generated Materials/Polyline 2D ColorDodge [IS_JOIN_MESH].mat","Shapes/Polyline 2D ColorDodge",3000,1,"IS_JOIN_MESH","TRANSPARENT_QUEUE_FILLRATE_RISK"
"Assets/Shapes/Shaders/Generated Materials/Polyline 2D ColorDodge [IS_JOIN_MESH][JOIN_BEVEL].mat","Shapes/Polyline 2D ColorDodge",3000,2,"IS_JOIN_MESH|JOIN_BEVEL","TRANSPARENT_QUEUE_FILLRATE_RISK"
"Assets/Shapes/Shaders/Generated Materials/Polyline 2D ColorDodge [IS_JOIN_MESH][JOIN_MITER].mat","Shapes/Polyline 2D ColorDodge",3000,2,"IS_JOIN_MESH|JOIN_MITER","TRANSPARENT_QUEUE_FILLRATE_RISK"
"Assets/Shapes/Shaders/Generated Materials/Polyline 2D ColorDodge [IS_JOIN_MESH][JOIN_ROUND].mat","Shapes/Polyline 2D ColorDodge",3000,2,"IS_JOIN_MESH|JOIN_ROUND","TRANSPARENT_QUEUE_FILLRATE_RISK"
"Assets/Shapes/Shaders/Generated Materials/Polyline 2D ColorDodge [JOIN_BEVEL].mat","Shapes/Polyline 2D ColorDodge",3000,1,"JOIN_BEVEL","TRANSPARENT_QUEUE_FILLRATE_RISK"
"Assets/Shapes/Shaders/Generated Materials/Polyline 2D ColorDodge [JOIN_MITER].mat","Shapes/Polyline 2D ColorDodge",3000,1,"JOIN_MITER","TRANSPARENT_QUEUE_FILLRATE_RISK"
"Assets/Shapes/Shaders/Generated Materials/Polyline 2D ColorDodge [JOIN_ROUND].mat","Shapes/Polyline 2D ColorDodge",3000,1,"JOIN_ROUND","TRANSPARENT_QUEUE_FILLRATE_RISK"
"Assets/Shapes/Shaders/Generated Materials/Polyline 2D ColorDodge.mat","Shapes/Polyline 2D ColorDodge",3000,0,"","TRANSPARENT_QUEUE_FILLRATE_RISK"
"Assets/Shapes/Shaders/Generated Materials/Polyline 2D Darken (IS_JOIN_MESH)(JOIN_BEVEL).mat","Shapes/Polyline 2D Darken",3000,2,"IS_JOIN_MESH|JOIN_BEVEL","TRANSPARENT_QUEUE_FILLRATE_RISK"
"Assets/Shapes/Shaders/Generated Materials/Polyline 2D Darken (IS_JOIN_MESH)(JOIN_MITER).mat","Shapes/Polyline 2D Darken",3000,2,"IS_JOIN_MESH|JOIN_MITER","TRANSPARENT_QUEUE_FILLRATE_RISK"
"Assets/Shapes/Shaders/Generated Materials/Polyline 2D Darken (IS_JOIN_MESH)(JOIN_ROUND).mat","Shapes/Polyline 2D Darken",3000,2,"IS_JOIN_MESH|JOIN_ROUND","TRANSPARENT_QUEUE_FILLRATE_RISK"
"Assets/Shapes/Shaders/Generated Materials/Polyline 2D Darken (IS_JOIN_MESH).mat","Shapes/Polyline 2D Darken",3000,1,"IS_JOIN_MESH","TRANSPARENT_QUEUE_FILLRATE_RISK"
"Assets/Shapes/Shaders/Generated Materials/Polyline 2D Darken (JOIN_BEVEL).mat","Shapes/Polyline 2D Darken",3000,1,"JOIN_BEVEL","TRANSPARENT_QUEUE_FILLRATE_RISK"
"Assets/Shapes/Shaders/Generated Materials/Polyline 2D Darken (JOIN_MITER).mat","Shapes/Polyline 2D Darken",3000,1,"JOIN_MITER","TRANSPARENT_QUEUE_FILLRATE_RISK"
"Assets/Shapes/Shaders/Generated Materials/Polyline 2D Darken (JOIN_ROUND).mat","Shapes/Polyline 2D Darken",3000,1,"JOIN_ROUND","TRANSPARENT_QUEUE_FILLRATE_RISK"
"Assets/Shapes/Shaders/Generated Materials/Polyline 2D Darken [IS_JOIN_MESH].mat","Shapes/Polyline 2D Darken",3000,1,"IS_JOIN_MESH","TRANSPARENT_QUEUE_FILLRATE_RISK"
"Assets/Shapes/Shaders/Generated Materials/Polyline 2D Darken [IS_JOIN_MESH][JOIN_BEVEL].mat","Shapes/Polyline 2D Darken",3000,2,"IS_JOIN_MESH|JOIN_BEVEL","TRANSPARENT_QUEUE_FILLRATE_RISK"
"Assets/Shapes/Shaders/Generated Materials/Polyline 2D Darken [IS_JOIN_MESH][JOIN_MITER].mat","Shapes/Polyline 2D Darken",3000,2,"IS_JOIN_MESH|JOIN_MITER","TRANSPARENT_QUEUE_FILLRATE_RISK"
"Assets/Shapes/Shaders/Generated Materials/Polyline 2D Darken [IS_JOIN_MESH][JOIN_ROUND].mat","Shapes/Polyline 2D Darken",3000,2,"IS_JOIN_MESH|JOIN_ROUND","TRANSPARENT_QUEUE_FILLRATE_RISK"
"Assets/Shapes/Shaders/Generated Materials/Polyline 2D Darken [JOIN_BEVEL].mat","Shapes/Polyline 2D Darken",3000,1,"JOIN_BEVEL","TRANSPARENT_QUEUE_FILLRATE_RISK"
"Assets/Shapes/Shaders/Generated Materials/Polyline 2D Darken [JOIN_MITER].mat","Shapes/Polyline 2D Darken",3000,1,"JOIN_MITER","TRANSPARENT_QUEUE_FILLRATE_RISK"
"Assets/Shapes/Shaders/Generated Materials/Polyline 2D Darken [JOIN_ROUND].mat","Shapes/Polyline 2D Darken",3000,1,"JOIN_ROUND","TRANSPARENT_QUEUE_FILLRATE_RISK"
"Assets/Shapes/Shaders/Generated Materials/Polyline 2D Darken.mat","Shapes/Polyline 2D Darken",3000,0,"","TRANSPARENT_QUEUE_FILLRATE_RISK"
"Assets/Shapes/Shaders/Generated Materials/Polyline 2D Lighten (IS_JOIN_MESH)(JOIN_BEVEL).mat","Shapes/Polyline 2D Lighten",3000,2,"IS_JOIN_MESH|JOIN_BEVEL","TRANSPARENT_QUEUE_FILLRATE_RISK"
"Assets/Shapes/Shaders/Generated Materials/Polyline 2D Lighten (IS_JOIN_MESH)(JOIN_MITER).mat","Shapes/Polyline 2D Lighten",3000,2,"IS_JOIN_MESH|JOIN_MITER","TRANSPARENT_QUEUE_FILLRATE_RISK"
"Assets/Shapes/Shaders/Generated Materials/Polyline 2D Lighten (IS_JOIN_MESH)(JOIN_ROUND).mat","Shapes/Polyline 2D Lighten",3000,2,"IS_JOIN_MESH|JOIN_ROUND","TRANSPARENT_QUEUE_FILLRATE_RISK"
"Assets/Shapes/Shaders/Generated Materials/Polyline 2D Lighten (IS_JOIN_MESH).mat","Shapes/Polyline 2D Lighten",3000,1,"IS_JOIN_MESH","TRANSPARENT_QUEUE_FILLRATE_RISK"
"Assets/Shapes/Shaders/Generated Materials/Polyline 2D Lighten (JOIN_BEVEL).mat","Shapes/Polyline 2D Lighten",3000,1,"JOIN_BEVEL","TRANSPARENT_QUEUE_FILLRATE_RISK"
"Assets/Shapes/Shaders/Generated Materials/Polyline 2D Lighten (JOIN_MITER).mat","Shapes/Polyline 2D Lighten",3000,1,"JOIN_MITER","TRANSPARENT_QUEUE_FILLRATE_RISK"
"Assets/Shapes/Shaders/Generated Materials/Polyline 2D Lighten (JOIN_ROUND).mat","Shapes/Polyline 2D Lighten",3000,1,"JOIN_ROUND","TRANSPARENT_QUEUE_FILLRATE_RISK"
"Assets/Shapes/Shaders/Generated Materials/Polyline 2D Lighten [IS_JOIN_MESH].mat","Shapes/Polyline 2D Lighten",3000,1,"IS_JOIN_MESH","TRANSPARENT_QUEUE_FILLRATE_RISK"
"Assets/Shapes/Shaders/Generated Materials/Polyline 2D Lighten [IS_JOIN_MESH][JOIN_BEVEL].mat","Shapes/Polyline 2D Lighten",3000,2,"IS_JOIN_MESH|JOIN_BEVEL","TRANSPARENT_QUEUE_FILLRATE_RISK"
"Assets/Shapes/Shaders/Generated Materials/Polyline 2D Lighten [IS_JOIN_MESH][JOIN_MITER].mat","Shapes/Polyline 2D Lighten",3000,2,"IS_JOIN_MESH|JOIN_MITER","TRANSPARENT_QUEUE_FILLRATE_RISK"
"Assets/Shapes/Shaders/Generated Materials/Polyline 2D Lighten [IS_JOIN_MESH][JOIN_ROUND].mat","Shapes/Polyline 2D Lighten",3000,2,"IS_JOIN_MESH|JOIN_ROUND","TRANSPARENT_QUEUE_FILLRATE_RISK"
"Assets/Shapes/Shaders/Generated Materials/Polyline 2D Lighten [JOIN_BEVEL].mat","Shapes/Polyline 2D Lighten",3000,1,"JOIN_BEVEL","TRANSPARENT_QUEUE_FILLRATE_RISK"
"Assets/Shapes/Shaders/Generated Materials/Polyline 2D Lighten [JOIN_MITER].mat","Shapes/Polyline 2D Lighten",3000,1,"JOIN_MITER","TRANSPARENT_QUEUE_FILLRATE_RISK"
"Assets/Shapes/Shaders/Generated Materials/Polyline 2D Lighten [JOIN_ROUND].mat","Shapes/Polyline 2D Lighten",3000,1,"JOIN_ROUND","TRANSPARENT_QUEUE_FILLRATE_RISK"
"Assets/Shapes/Shaders/Generated Materials/Polyline 2D Lighten.mat","Shapes/Polyline 2D Lighten",3000,0,"","TRANSPARENT_QUEUE_FILLRATE_RISK"
"Assets/Shapes/Shaders/Generated Materials/Polyline 2D LinearBurn (IS_JOIN_MESH)(JOIN_BEVEL).mat","Shapes/Polyline 2D LinearBurn",3000,2,"IS_JOIN_MESH|JOIN_BEVEL","TRANSPARENT_QUEUE_FILLRATE_RISK"
"Assets/Shapes/Shaders/Generated Materials/Polyline 2D LinearBurn (IS_JOIN_MESH)(JOIN_MITER).mat","Shapes/Polyline 2D LinearBurn",3000,2,"IS_JOIN_MESH|JOIN_MITER","TRANSPARENT_QUEUE_FILLRATE_RISK"
"Assets/Shapes/Shaders/Generated Materials/Polyline 2D LinearBurn (IS_JOIN_MESH)(JOIN_ROUND).mat","Shapes/Polyline 2D LinearBurn",3000,2,"IS_JOIN_MESH|JOIN_ROUND","TRANSPARENT_QUEUE_FILLRATE_RISK"
"Assets/Shapes/Shaders/Generated Materials/Polyline 2D LinearBurn (IS_JOIN_MESH).mat","Shapes/Polyline 2D LinearBurn",3000,1,"IS_JOIN_MESH","TRANSPARENT_QUEUE_FILLRATE_RISK"
"Assets/Shapes/Shaders/Generated Materials/Polyline 2D LinearBurn (JOIN_BEVEL).mat","Shapes/Polyline 2D LinearBurn",3000,1,"JOIN_BEVEL","TRANSPARENT_QUEUE_FILLRATE_RISK"
"Assets/Shapes/Shaders/Generated Materials/Polyline 2D LinearBurn (JOIN_MITER).mat","Shapes/Polyline 2D LinearBurn",3000,1,"JOIN_MITER","TRANSPARENT_QUEUE_FILLRATE_RISK"
"Assets/Shapes/Shaders/Generated Materials/Polyline 2D LinearBurn (JOIN_ROUND).mat","Shapes/Polyline 2D LinearBurn",3000,1,"JOIN_ROUND","TRANSPARENT_QUEUE_FILLRATE_RISK"
"Assets/Shapes/Shaders/Generated Materials/Polyline 2D LinearBurn [IS_JOIN_MESH].mat","Shapes/Polyline 2D LinearBurn",3000,1,"IS_JOIN_MESH","TRANSPARENT_QUEUE_FILLRATE_RISK"
"Assets/Shapes/Shaders/Generated Materials/Polyline 2D LinearBurn [IS_JOIN_MESH][JOIN_BEVEL].mat","Shapes/Polyline 2D LinearBurn",3000,2,"IS_JOIN_MESH|JOIN_BEVEL","TRANSPARENT_QUEUE_FILLRATE_RISK"
"Assets/Shapes/Shaders/Generated Materials/Polyline 2D LinearBurn [IS_JOIN_MESH][JOIN_MITER].mat","Shapes/Polyline 2D LinearBurn",3000,2,"IS_JOIN_MESH|JOIN_MITER","TRANSPARENT_QUEUE_FILLRATE_RISK"
"Assets/Shapes/Shaders/Generated Materials/Polyline 2D LinearBurn [IS_JOIN_MESH][JOIN_ROUND].mat","Shapes/Polyline 2D LinearBurn",3000,2,"IS_JOIN_MESH|JOIN_ROUND","TRANSPARENT_QUEUE_FILLRATE_RISK"
"Assets/Shapes/Shaders/Generated Materials/Polyline 2D LinearBurn [JOIN_BEVEL].mat","Shapes/Polyline 2D LinearBurn",3000,1,"JOIN_BEVEL","TRANSPARENT_QUEUE_FILLRATE_RISK"
"Assets/Shapes/Shaders/Generated Materials/Polyline 2D LinearBurn [JOIN_MITER].mat","Shapes/Polyline 2D LinearBurn",3000,1,"JOIN_MITER","TRANSPARENT_QUEUE_FILLRATE_RISK"
"Assets/Shapes/Shaders/Generated Materials/Polyline 2D LinearBurn [JOIN_ROUND].mat","Shapes/Polyline 2D LinearBurn",3000,1,"JOIN_ROUND","TRANSPARENT_QUEUE_FILLRATE_RISK"
"Assets/Shapes/Shaders/Generated Materials/Polyline 2D LinearBurn.mat","Shapes/Polyline 2D LinearBurn",3000,0,"","TRANSPARENT_QUEUE_FILLRATE_RISK"
"Assets/Shapes/Shaders/Generated Materials/Polyline 2D Multiplicative (IS_JOIN_MESH)(JOIN_BEVEL).mat","Shapes/Polyline 2D Multiplicative",3000,2,"IS_JOIN_MESH|JOIN_BEVEL","TRANSPARENT_QUEUE_FILLRATE_RISK"
"Assets/Shapes/Shaders/Generated Materials/Polyline 2D Multiplicative (IS_JOIN_MESH)(JOIN_MITER).mat","Shapes/Polyline 2D Multiplicative",3000,2,"IS_JOIN_MESH|JOIN_MITER","TRANSPARENT_QUEUE_FILLRATE_RISK"
"Assets/Shapes/Shaders/Generated Materials/Polyline 2D Multiplicative (IS_JOIN_MESH)(JOIN_ROUND).mat","Shapes/Polyline 2D Multiplicative",3000,2,"IS_JOIN_MESH|JOIN_ROUND","TRANSPARENT_QUEUE_FILLRATE_RISK"
"Assets/Shapes/Shaders/Generated Materials/Polyline 2D Multiplicative (IS_JOIN_MESH).mat","Shapes/Polyline 2D Multiplicative",3000,1,"IS_JOIN_MESH","TRANSPARENT_QUEUE_FILLRATE_RISK"
"Assets/Shapes/Shaders/Generated Materials/Polyline 2D Multiplicative (JOIN_BEVEL).mat","Shapes/Polyline 2D Multiplicative",3000,1,"JOIN_BEVEL","TRANSPARENT_QUEUE_FILLRATE_RISK"
"Assets/Shapes/Shaders/Generated Materials/Polyline 2D Multiplicative (JOIN_MITER).mat","Shapes/Polyline 2D Multiplicative",3000,1,"JOIN_MITER","TRANSPARENT_QUEUE_FILLRATE_RISK"
"Assets/Shapes/Shaders/Generated Materials/Polyline 2D Multiplicative (JOIN_ROUND).mat","Shapes/Polyline 2D Multiplicative",3000,1,"JOIN_ROUND","TRANSPARENT_QUEUE_FILLRATE_RISK"
"Assets/Shapes/Shaders/Generated Materials/Polyline 2D Multiplicative [IS_JOIN_MESH].mat","Shapes/Polyline 2D Multiplicative",3000,1,"IS_JOIN_MESH","TRANSPARENT_QUEUE_FILLRATE_RISK"
"Assets/Shapes/Shaders/Generated Materials/Polyline 2D Multiplicative [IS_JOIN_MESH][JOIN_BEVEL].mat","Shapes/Polyline 2D Multiplicative",3000,2,"IS_JOIN_MESH|JOIN_BEVEL","TRANSPARENT_QUEUE_FILLRATE_RISK"
"Assets/Shapes/Shaders/Generated Materials/Polyline 2D Multiplicative [IS_JOIN_MESH][JOIN_MITER].mat","Shapes/Polyline 2D Multiplicative",3000,2,"IS_JOIN_MESH|JOIN_MITER","TRANSPARENT_QUEUE_FILLRATE_RISK"
"Assets/Shapes/Shaders/Generated Materials/Polyline 2D Multiplicative [IS_JOIN_MESH][JOIN_ROUND].mat","Shapes/Polyline 2D Multiplicative",3000,2,"IS_JOIN_MESH|JOIN_ROUND","TRANSPARENT_QUEUE_FILLRATE_RISK"
"Assets/Shapes/Shaders/Generated Materials/Polyline 2D Multiplicative [JOIN_BEVEL].mat","Shapes/Polyline 2D Multiplicative",3000,1,"JOIN_BEVEL","TRANSPARENT_QUEUE_FILLRATE_RISK"
"Assets/Shapes/Shaders/Generated Materials/Polyline 2D Multiplicative [JOIN_MITER].mat","Shapes/Polyline 2D Multiplicative",3000,1,"JOIN_MITER","TRANSPARENT_QUEUE_FILLRATE_RISK"
"Assets/Shapes/Shaders/Generated Materials/Polyline 2D Multiplicative [JOIN_ROUND].mat","Shapes/Polyline 2D Multiplicative",3000,1,"JOIN_ROUND","TRANSPARENT_QUEUE_FILLRATE_RISK"
"Assets/Shapes/Shaders/Generated Materials/Polyline 2D Multiplicative.mat","Shapes/Polyline 2D Multiplicative",3000,0,"","TRANSPARENT_QUEUE_FILLRATE_RISK"
"Assets/Shapes/Shaders/Generated Materials/Polyline 2D Opaque (IS_JOIN_MESH)(JOIN_BEVEL).mat","Shapes/Polyline 2D Opaque",2450,2,"IS_JOIN_MESH|JOIN_BEVEL","TRANSPARENT_QUEUE_FILLRATE_RISK"
"Assets/Shapes/Shaders/Generated Materials/Polyline 2D Opaque (IS_JOIN_MESH)(JOIN_MITER).mat","Shapes/Polyline 2D Opaque",2450,2,"IS_JOIN_MESH|JOIN_MITER","TRANSPARENT_QUEUE_FILLRATE_RISK"
"Assets/Shapes/Shaders/Generated Materials/Polyline 2D Opaque (IS_JOIN_MESH)(JOIN_ROUND).mat","Shapes/Polyline 2D Opaque",2450,2,"IS_JOIN_MESH|JOIN_ROUND","TRANSPARENT_QUEUE_FILLRATE_RISK"
"Assets/Shapes/Shaders/Generated Materials/Polyline 2D Opaque (IS_JOIN_MESH).mat","Shapes/Polyline 2D Opaque",2450,1,"IS_JOIN_MESH","TRANSPARENT_QUEUE_FILLRATE_RISK"
"Assets/Shapes/Shaders/Generated Materials/Polyline 2D Opaque (JOIN_BEVEL).mat","Shapes/Polyline 2D Opaque",2450,1,"JOIN_BEVEL","TRANSPARENT_QUEUE_FILLRATE_RISK"
"Assets/Shapes/Shaders/Generated Materials/Polyline 2D Opaque (JOIN_MITER).mat","Shapes/Polyline 2D Opaque",2450,1,"JOIN_MITER","TRANSPARENT_QUEUE_FILLRATE_RISK"
"Assets/Shapes/Shaders/Generated Materials/Polyline 2D Opaque (JOIN_ROUND).mat","Shapes/Polyline 2D Opaque",2450,1,"JOIN_ROUND","TRANSPARENT_QUEUE_FILLRATE_RISK"
"Assets/Shapes/Shaders/Generated Materials/Polyline 2D Opaque [IS_JOIN_MESH].mat","Shapes/Polyline 2D Opaque",2450,1,"IS_JOIN_MESH","TRANSPARENT_QUEUE_FILLRATE_RISK"
"Assets/Shapes/Shaders/Generated Materials/Polyline 2D Opaque [IS_JOIN_MESH][JOIN_BEVEL].mat","Shapes/Polyline 2D Opaque",2450,2,"IS_JOIN_MESH|JOIN_BEVEL","TRANSPARENT_QUEUE_FILLRATE_RISK"
"Assets/Shapes/Shaders/Generated Materials/Polyline 2D Opaque [IS_JOIN_MESH][JOIN_MITER].mat","Shapes/Polyline 2D Opaque",2450,2,"IS_JOIN_MESH|JOIN_MITER","TRANSPARENT_QUEUE_FILLRATE_RISK"
"Assets/Shapes/Shaders/Generated Materials/Polyline 2D Opaque [IS_JOIN_MESH][JOIN_ROUND].mat","Shapes/Polyline 2D Opaque",2450,2,"IS_JOIN_MESH|JOIN_ROUND","TRANSPARENT_QUEUE_FILLRATE_RISK"
"Assets/Shapes/Shaders/Generated Materials/Polyline 2D Opaque [JOIN_BEVEL].mat","Shapes/Polyline 2D Opaque",2450,1,"JOIN_BEVEL","TRANSPARENT_QUEUE_FILLRATE_RISK"
"Assets/Shapes/Shaders/Generated Materials/Polyline 2D Opaque [JOIN_MITER].mat","Shapes/Polyline 2D Opaque",2450,1,"JOIN_MITER","TRANSPARENT_QUEUE_FILLRATE_RISK"
"Assets/Shapes/Shaders/Generated Materials/Polyline 2D Opaque [JOIN_ROUND].mat","Shapes/Polyline 2D Opaque",2450,1,"JOIN_ROUND","TRANSPARENT_QUEUE_FILLRATE_RISK"
"Assets/Shapes/Shaders/Generated Materials/Polyline 2D Opaque.mat","Shapes/Polyline 2D Opaque",2450,0,"","TRANSPARENT_QUEUE_FILLRATE_RISK"
"Assets/Shapes/Shaders/Generated Materials/Polyline 2D Screen (IS_JOIN_MESH)(JOIN_BEVEL).mat","Shapes/Polyline 2D Screen",3000,2,"IS_JOIN_MESH|JOIN_BEVEL","TRANSPARENT_QUEUE_FILLRATE_RISK"
"Assets/Shapes/Shaders/Generated Materials/Polyline 2D Screen (IS_JOIN_MESH)(JOIN_MITER).mat","Shapes/Polyline 2D Screen",3000,2,"IS_JOIN_MESH|JOIN_MITER","TRANSPARENT_QUEUE_FILLRATE_RISK"
"Assets/Shapes/Shaders/Generated Materials/Polyline 2D Screen (IS_JOIN_MESH)(JOIN_ROUND).mat","Shapes/Polyline 2D Screen",3000,2,"IS_JOIN_MESH|JOIN_ROUND","TRANSPARENT_QUEUE_FILLRATE_RISK"
"Assets/Shapes/Shaders/Generated Materials/Polyline 2D Screen (IS_JOIN_MESH).mat","Shapes/Polyline 2D Screen",3000,1,"IS_JOIN_MESH","TRANSPARENT_QUEUE_FILLRATE_RISK"
"Assets/Shapes/Shaders/Generated Materials/Polyline 2D Screen (JOIN_BEVEL).mat","Shapes/Polyline 2D Screen",3000,1,"JOIN_BEVEL","TRANSPARENT_QUEUE_FILLRATE_RISK"
"Assets/Shapes/Shaders/Generated Materials/Polyline 2D Screen (JOIN_MITER).mat","Shapes/Polyline 2D Screen",3000,1,"JOIN_MITER","TRANSPARENT_QUEUE_FILLRATE_RISK"
"Assets/Shapes/Shaders/Generated Materials/Polyline 2D Screen (JOIN_ROUND).mat","Shapes/Polyline 2D Screen",3000,1,"JOIN_ROUND","TRANSPARENT_QUEUE_FILLRATE_RISK"
"Assets/Shapes/Shaders/Generated Materials/Polyline 2D Screen [IS_JOIN_MESH].mat","Shapes/Polyline 2D Screen",3000,1,"IS_JOIN_MESH","TRANSPARENT_QUEUE_FILLRATE_RISK"
"Assets/Shapes/Shaders/Generated Materials/Polyline 2D Screen [IS_JOIN_MESH][JOIN_BEVEL].mat","Shapes/Polyline 2D Screen",3000,2,"IS_JOIN_MESH|JOIN_BEVEL","TRANSPARENT_QUEUE_FILLRATE_RISK"
"Assets/Shapes/Shaders/Generated Materials/Polyline 2D Screen [IS_JOIN_MESH][JOIN_MITER].mat","Shapes/Polyline 2D Screen",3000,2,"IS_JOIN_MESH|JOIN_MITER","TRANSPARENT_QUEUE_FILLRATE_RISK"
"Assets/Shapes/Shaders/Generated Materials/Polyline 2D Screen [IS_JOIN_MESH][JOIN_ROUND].mat","Shapes/Polyline 2D Screen",3000,2,"IS_JOIN_MESH|JOIN_ROUND","TRANSPARENT_QUEUE_FILLRATE_RISK"
"Assets/Shapes/Shaders/Generated Materials/Polyline 2D Screen [JOIN_BEVEL].mat","Shapes/Polyline 2D Screen",3000,1,"JOIN_BEVEL","TRANSPARENT_QUEUE_FILLRATE_RISK"
"Assets/Shapes/Shaders/Generated Materials/Polyline 2D Screen [JOIN_MITER].mat","Shapes/Polyline 2D Screen",3000,1,"JOIN_MITER","TRANSPARENT_QUEUE_FILLRATE_RISK"
"Assets/Shapes/Shaders/Generated Materials/Polyline 2D Screen [JOIN_ROUND].mat","Shapes/Polyline 2D Screen",3000,1,"JOIN_ROUND","TRANSPARENT_QUEUE_FILLRATE_RISK"
"Assets/Shapes/Shaders/Generated Materials/Polyline 2D Screen.mat","Shapes/Polyline 2D Screen",3000,0,"","TRANSPARENT_QUEUE_FILLRATE_RISK"
"Assets/Shapes/Shaders/Generated Materials/Polyline 2D Subtractive (IS_JOIN_MESH)(JOIN_BEVEL).mat","Shapes/Polyline 2D Subtractive",3000,2,"IS_JOIN_MESH|JOIN_BEVEL","TRANSPARENT_QUEUE_FILLRATE_RISK"
"Assets/Shapes/Shaders/Generated Materials/Polyline 2D Subtractive (IS_JOIN_MESH)(JOIN_MITER).mat","Shapes/Polyline 2D Subtractive",3000,2,"IS_JOIN_MESH|JOIN_MITER","TRANSPARENT_QUEUE_FILLRATE_RISK"
"Assets/Shapes/Shaders/Generated Materials/Polyline 2D Subtractive (IS_JOIN_MESH)(JOIN_ROUND).mat","Shapes/Polyline 2D Subtractive",3000,2,"IS_JOIN_MESH|JOIN_ROUND","TRANSPARENT_QUEUE_FILLRATE_RISK"
"Assets/Shapes/Shaders/Generated Materials/Polyline 2D Subtractive (IS_JOIN_MESH).mat","Shapes/Polyline 2D Subtractive",3000,1,"IS_JOIN_MESH","TRANSPARENT_QUEUE_FILLRATE_RISK"
"Assets/Shapes/Shaders/Generated Materials/Polyline 2D Subtractive (JOIN_BEVEL).mat","Shapes/Polyline 2D Subtractive",3000,1,"JOIN_BEVEL","TRANSPARENT_QUEUE_FILLRATE_RISK"
"Assets/Shapes/Shaders/Generated Materials/Polyline 2D Subtractive (JOIN_MITER).mat","Shapes/Polyline 2D Subtractive",3000,1,"JOIN_MITER","TRANSPARENT_QUEUE_FILLRATE_RISK"
"Assets/Shapes/Shaders/Generated Materials/Polyline 2D Subtractive (JOIN_ROUND).mat","Shapes/Polyline 2D Subtractive",3000,1,"JOIN_ROUND","TRANSPARENT_QUEUE_FILLRATE_RISK"
"Assets/Shapes/Shaders/Generated Materials/Polyline 2D Subtractive [IS_JOIN_MESH].mat","Shapes/Polyline 2D Subtractive",3000,1,"IS_JOIN_MESH","TRANSPARENT_QUEUE_FILLRATE_RISK"
"Assets/Shapes/Shaders/Generated Materials/Polyline 2D Subtractive [IS_JOIN_MESH][JOIN_BEVEL].mat","Shapes/Polyline 2D Subtractive",3000,2,"IS_JOIN_MESH|JOIN_BEVEL","TRANSPARENT_QUEUE_FILLRATE_RISK"
"Assets/Shapes/Shaders/Generated Materials/Polyline 2D Subtractive [IS_JOIN_MESH][JOIN_MITER].mat","Shapes/Polyline 2D Subtractive",3000,2,"IS_JOIN_MESH|JOIN_MITER","TRANSPARENT_QUEUE_FILLRATE_RISK"
"Assets/Shapes/Shaders/Generated Materials/Polyline 2D Subtractive [IS_JOIN_MESH][JOIN_ROUND].mat","Shapes/Polyline 2D Subtractive",3000,2,"IS_JOIN_MESH|JOIN_ROUND","TRANSPARENT_QUEUE_FILLRATE_RISK"
"Assets/Shapes/Shaders/Generated Materials/Polyline 2D Subtractive [JOIN_BEVEL].mat","Shapes/Polyline 2D Subtractive",3000,1,"JOIN_BEVEL","TRANSPARENT_QUEUE_FILLRATE_RISK"
"Assets/Shapes/Shaders/Generated Materials/Polyline 2D Subtractive [JOIN_MITER].mat","Shapes/Polyline 2D Subtractive",3000,1,"JOIN_MITER","TRANSPARENT_QUEUE_FILLRATE_RISK"
"Assets/Shapes/Shaders/Generated Materials/Polyline 2D Subtractive [JOIN_ROUND].mat","Shapes/Polyline 2D Subtractive",3000,1,"JOIN_ROUND","TRANSPARENT_QUEUE_FILLRATE_RISK"
"Assets/Shapes/Shaders/Generated Materials/Polyline 2D Subtractive.mat","Shapes/Polyline 2D Subtractive",3000,0,"","TRANSPARENT_QUEUE_FILLRATE_RISK"
"Assets/Shapes/Shaders/Generated Materials/Polyline 2D Transparent (IS_JOIN_MESH)(JOIN_BEVEL).mat","Shapes/Polyline 2D Transparent",3000,2,"IS_JOIN_MESH|JOIN_BEVEL","TRANSPARENT_QUEUE_FILLRATE_RISK"
"Assets/Shapes/Shaders/Generated Materials/Polyline 2D Transparent (IS_JOIN_MESH)(JOIN_MITER).mat","Shapes/Polyline 2D Transparent",3000,2,"IS_JOIN_MESH|JOIN_MITER","TRANSPARENT_QUEUE_FILLRATE_RISK"
"Assets/Shapes/Shaders/Generated Materials/Polyline 2D Transparent (IS_JOIN_MESH)(JOIN_ROUND).mat","Shapes/Polyline 2D Transparent",3000,2,"IS_JOIN_MESH|JOIN_ROUND","TRANSPARENT_QUEUE_FILLRATE_RISK"
"Assets/Shapes/Shaders/Generated Materials/Polyline 2D Transparent (IS_JOIN_MESH).mat","Shapes/Polyline 2D Transparent",3000,1,"IS_JOIN_MESH","TRANSPARENT_QUEUE_FILLRATE_RISK"
"Assets/Shapes/Shaders/Generated Materials/Polyline 2D Transparent (JOIN_BEVEL).mat","Shapes/Polyline 2D Transparent",3000,1,"JOIN_BEVEL","TRANSPARENT_QUEUE_FILLRATE_RISK"
"Assets/Shapes/Shaders/Generated Materials/Polyline 2D Transparent (JOIN_MITER).mat","Shapes/Polyline 2D Transparent",3000,1,"JOIN_MITER","TRANSPARENT_QUEUE_FILLRATE_RISK"
"Assets/Shapes/Shaders/Generated Materials/Polyline 2D Transparent (JOIN_ROUND).mat","Shapes/Polyline 2D Transparent",3000,1,"JOIN_ROUND","TRANSPARENT_QUEUE_FILLRATE_RISK"
"Assets/Shapes/Shaders/Generated Materials/Polyline 2D Transparent [IS_JOIN_MESH].mat","Shapes/Polyline 2D Transparent",3000,1,"IS_JOIN_MESH","TRANSPARENT_QUEUE_FILLRATE_RISK"
"Assets/Shapes/Shaders/Generated Materials/Polyline 2D Transparent [IS_JOIN_MESH][JOIN_BEVEL].mat","Shapes/Polyline 2D Transparent",3000,2,"IS_JOIN_MESH|JOIN_BEVEL","TRANSPARENT_QUEUE_FILLRATE_RISK"
"Assets/Shapes/Shaders/Generated Materials/Polyline 2D Transparent [IS_JOIN_MESH][JOIN_MITER].mat","Shapes/Polyline 2D Transparent",3000,2,"IS_JOIN_MESH|JOIN_MITER","TRANSPARENT_QUEUE_FILLRATE_RISK"
"Assets/Shapes/Shaders/Generated Materials/Polyline 2D Transparent [IS_JOIN_MESH][JOIN_ROUND].mat","Shapes/Polyline 2D Transparent",3000,2,"IS_JOIN_MESH|JOIN_ROUND","TRANSPARENT_QUEUE_FILLRATE_RISK"
"Assets/Shapes/Shaders/Generated Materials/Polyline 2D Transparent [JOIN_BEVEL].mat","Shapes/Polyline 2D Transparent",3000,1,"JOIN_BEVEL","TRANSPARENT_QUEUE_FILLRATE_RISK"
"Assets/Shapes/Shaders/Generated Materials/Polyline 2D Transparent [JOIN_MITER].mat","Shapes/Polyline 2D Transparent",3000,1,"JOIN_MITER","TRANSPARENT_QUEUE_FILLRATE_RISK"
"Assets/Shapes/Shaders/Generated Materials/Polyline 2D Transparent [JOIN_ROUND].mat","Shapes/Polyline 2D Transparent",3000,1,"JOIN_ROUND","TRANSPARENT_QUEUE_FILLRATE_RISK"
"Assets/Shapes/Shaders/Generated Materials/Polyline 2D Transparent.mat","Shapes/Polyline 2D Transparent",3000,0,"","TRANSPARENT_QUEUE_FILLRATE_RISK"
"Assets/Shapes/Shaders/Generated Materials/Quad Additive.mat","Shapes/Quad Additive",3000,0,"","TRANSPARENT_QUEUE_FILLRATE_RISK"
"Assets/Shapes/Shaders/Generated Materials/Quad ColorBurn.mat","Shapes/Quad ColorBurn",3000,0,"","TRANSPARENT_QUEUE_FILLRATE_RISK"
"Assets/Shapes/Shaders/Generated Materials/Quad ColorDodge.mat","Shapes/Quad ColorDodge",3000,0,"","TRANSPARENT_QUEUE_FILLRATE_RISK"
"Assets/Shapes/Shaders/Generated Materials/Quad Darken.mat","Shapes/Quad Darken",3000,0,"","TRANSPARENT_QUEUE_FILLRATE_RISK"
"Assets/Shapes/Shaders/Generated Materials/Quad Lighten.mat","Shapes/Quad Lighten",3000,0,"","TRANSPARENT_QUEUE_FILLRATE_RISK"
"Assets/Shapes/Shaders/Generated Materials/Quad LinearBurn.mat","Shapes/Quad LinearBurn",3000,0,"","TRANSPARENT_QUEUE_FILLRATE_RISK"
"Assets/Shapes/Shaders/Generated Materials/Quad Multiplicative.mat","Shapes/Quad Multiplicative",3000,0,"","TRANSPARENT_QUEUE_FILLRATE_RISK"
"Assets/Shapes/Shaders/Generated Materials/Quad Opaque.mat","Shapes/Quad Opaque",2450,0,"","TRANSPARENT_QUEUE_FILLRATE_RISK"
"Assets/Shapes/Shaders/Generated Materials/Quad Screen.mat","Shapes/Quad Screen",3000,0,"","TRANSPARENT_QUEUE_FILLRATE_RISK"
"Assets/Shapes/Shaders/Generated Materials/Quad Subtractive.mat","Shapes/Quad Subtractive",3000,0,"","TRANSPARENT_QUEUE_FILLRATE_RISK"
"Assets/Shapes/Shaders/Generated Materials/Quad Transparent.mat","Shapes/Quad Transparent",3000,0,"","TRANSPARENT_QUEUE_FILLRATE_RISK"
"Assets/Shapes/Shaders/Generated Materials/Rect Additive (BORDERED).mat","Shapes/Rect Additive",3000,1,"BORDERED","TRANSPARENT_QUEUE_FILLRATE_RISK"
"Assets/Shapes/Shaders/Generated Materials/Rect Additive (CORNER_RADIUS)(BORDERED).mat","Shapes/Rect Additive",3000,2,"BORDERED|CORNER_RADIUS","TRANSPARENT_QUEUE_FILLRATE_RISK"
"Assets/Shapes/Shaders/Generated Materials/Rect Additive (CORNER_RADIUS).mat","Shapes/Rect Additive",3000,1,"CORNER_RADIUS","TRANSPARENT_QUEUE_FILLRATE_RISK"
"Assets/Shapes/Shaders/Generated Materials/Rect Additive [BORDERED].mat","Shapes/Rect Additive",3000,1,"BORDERED","TRANSPARENT_QUEUE_FILLRATE_RISK"
"Assets/Shapes/Shaders/Generated Materials/Rect Additive [CORNER_RADIUS].mat","Shapes/Rect Additive",3000,1,"CORNER_RADIUS","TRANSPARENT_QUEUE_FILLRATE_RISK"
"Assets/Shapes/Shaders/Generated Materials/Rect Additive [CORNER_RADIUS][BORDERED].mat","Shapes/Rect Additive",3000,2,"BORDERED|CORNER_RADIUS","TRANSPARENT_QUEUE_FILLRATE_RISK"
"Assets/Shapes/Shaders/Generated Materials/Rect Additive.mat","Shapes/Rect Additive",3000,0,"","TRANSPARENT_QUEUE_FILLRATE_RISK"
"Assets/Shapes/Shaders/Generated Materials/Rect ColorBurn (BORDERED).mat","Shapes/Rect ColorBurn",3000,1,"BORDERED","TRANSPARENT_QUEUE_FILLRATE_RISK"
"Assets/Shapes/Shaders/Generated Materials/Rect ColorBurn (CORNER_RADIUS)(BORDERED).mat","Shapes/Rect ColorBurn",3000,2,"BORDERED|CORNER_RADIUS","TRANSPARENT_QUEUE_FILLRATE_RISK"
"Assets/Shapes/Shaders/Generated Materials/Rect ColorBurn (CORNER_RADIUS).mat","Shapes/Rect ColorBurn",3000,1,"CORNER_RADIUS","TRANSPARENT_QUEUE_FILLRATE_RISK"
"Assets/Shapes/Shaders/Generated Materials/Rect ColorBurn [BORDERED].mat","Shapes/Rect ColorBurn",3000,1,"BORDERED","TRANSPARENT_QUEUE_FILLRATE_RISK"
"Assets/Shapes/Shaders/Generated Materials/Rect ColorBurn [CORNER_RADIUS].mat","Shapes/Rect ColorBurn",3000,1,"CORNER_RADIUS","TRANSPARENT_QUEUE_FILLRATE_RISK"
"Assets/Shapes/Shaders/Generated Materials/Rect ColorBurn [CORNER_RADIUS][BORDERED].mat","Shapes/Rect ColorBurn",3000,2,"BORDERED|CORNER_RADIUS","TRANSPARENT_QUEUE_FILLRATE_RISK"
"Assets/Shapes/Shaders/Generated Materials/Rect ColorBurn.mat","Shapes/Rect ColorBurn",3000,0,"","TRANSPARENT_QUEUE_FILLRATE_RISK"
"Assets/Shapes/Shaders/Generated Materials/Rect ColorDodge (BORDERED).mat","Shapes/Rect ColorDodge",3000,1,"BORDERED","TRANSPARENT_QUEUE_FILLRATE_RISK"
"Assets/Shapes/Shaders/Generated Materials/Rect ColorDodge (CORNER_RADIUS)(BORDERED).mat","Shapes/Rect ColorDodge",3000,2,"BORDERED|CORNER_RADIUS","TRANSPARENT_QUEUE_FILLRATE_RISK"
"Assets/Shapes/Shaders/Generated Materials/Rect ColorDodge (CORNER_RADIUS).mat","Shapes/Rect ColorDodge",3000,1,"CORNER_RADIUS","TRANSPARENT_QUEUE_FILLRATE_RISK"
"Assets/Shapes/Shaders/Generated Materials/Rect ColorDodge [BORDERED].mat","Shapes/Rect ColorDodge",3000,1,"BORDERED","TRANSPARENT_QUEUE_FILLRATE_RISK"
"Assets/Shapes/Shaders/Generated Materials/Rect ColorDodge [CORNER_RADIUS].mat","Shapes/Rect ColorDodge",3000,1,"CORNER_RADIUS","TRANSPARENT_QUEUE_FILLRATE_RISK"
"Assets/Shapes/Shaders/Generated Materials/Rect ColorDodge [CORNER_RADIUS][BORDERED].mat","Shapes/Rect ColorDodge",3000,2,"BORDERED|CORNER_RADIUS","TRANSPARENT_QUEUE_FILLRATE_RISK"
"Assets/Shapes/Shaders/Generated Materials/Rect ColorDodge.mat","Shapes/Rect ColorDodge",3000,0,"","TRANSPARENT_QUEUE_FILLRATE_RISK"
"Assets/Shapes/Shaders/Generated Materials/Rect Darken (BORDERED).mat","Shapes/Rect Darken",3000,1,"BORDERED","TRANSPARENT_QUEUE_FILLRATE_RISK"
"Assets/Shapes/Shaders/Generated Materials/Rect Darken (CORNER_RADIUS)(BORDERED).mat","Shapes/Rect Darken",3000,2,"BORDERED|CORNER_RADIUS","TRANSPARENT_QUEUE_FILLRATE_RISK"
"Assets/Shapes/Shaders/Generated Materials/Rect Darken (CORNER_RADIUS).mat","Shapes/Rect Darken",3000,1,"CORNER_RADIUS","TRANSPARENT_QUEUE_FILLRATE_RISK"
"Assets/Shapes/Shaders/Generated Materials/Rect Darken [BORDERED].mat","Shapes/Rect Darken",3000,1,"BORDERED","TRANSPARENT_QUEUE_FILLRATE_RISK"
"Assets/Shapes/Shaders/Generated Materials/Rect Darken [CORNER_RADIUS].mat","Shapes/Rect Darken",3000,1,"CORNER_RADIUS","TRANSPARENT_QUEUE_FILLRATE_RISK"
"Assets/Shapes/Shaders/Generated Materials/Rect Darken [CORNER_RADIUS][BORDERED].mat","Shapes/Rect Darken",3000,2,"BORDERED|CORNER_RADIUS","TRANSPARENT_QUEUE_FILLRATE_RISK"
"Assets/Shapes/Shaders/Generated Materials/Rect Darken.mat","Shapes/Rect Darken",3000,0,"","TRANSPARENT_QUEUE_FILLRATE_RISK"
"Assets/Shapes/Shaders/Generated Materials/Rect Lighten (BORDERED).mat","Shapes/Rect Lighten",3000,1,"BORDERED","TRANSPARENT_QUEUE_FILLRATE_RISK"
"Assets/Shapes/Shaders/Generated Materials/Rect Lighten (CORNER_RADIUS)(BORDERED).mat","Shapes/Rect Lighten",3000,2,"BORDERED|CORNER_RADIUS","TRANSPARENT_QUEUE_FILLRATE_RISK"
"Assets/Shapes/Shaders/Generated Materials/Rect Lighten (CORNER_RADIUS).mat","Shapes/Rect Lighten",3000,1,"CORNER_RADIUS","TRANSPARENT_QUEUE_FILLRATE_RISK"
"Assets/Shapes/Shaders/Generated Materials/Rect Lighten [BORDERED].mat","Shapes/Rect Lighten",3000,1,"BORDERED","TRANSPARENT_QUEUE_FILLRATE_RISK"
"Assets/Shapes/Shaders/Generated Materials/Rect Lighten [CORNER_RADIUS].mat","Shapes/Rect Lighten",3000,1,"CORNER_RADIUS","TRANSPARENT_QUEUE_FILLRATE_RISK"
"Assets/Shapes/Shaders/Generated Materials/Rect Lighten [CORNER_RADIUS][BORDERED].mat","Shapes/Rect Lighten",3000,2,"BORDERED|CORNER_RADIUS","TRANSPARENT_QUEUE_FILLRATE_RISK"
"Assets/Shapes/Shaders/Generated Materials/Rect Lighten.mat","Shapes/Rect Lighten",3000,0,"","TRANSPARENT_QUEUE_FILLRATE_RISK"
"Assets/Shapes/Shaders/Generated Materials/Rect LinearBurn (BORDERED).mat","Shapes/Rect LinearBurn",3000,1,"BORDERED","TRANSPARENT_QUEUE_FILLRATE_RISK"
"Assets/Shapes/Shaders/Generated Materials/Rect LinearBurn (CORNER_RADIUS)(BORDERED).mat","Shapes/Rect LinearBurn",3000,2,"BORDERED|CORNER_RADIUS","TRANSPARENT_QUEUE_FILLRATE_RISK"
"Assets/Shapes/Shaders/Generated Materials/Rect LinearBurn (CORNER_RADIUS).mat","Shapes/Rect LinearBurn",3000,1,"CORNER_RADIUS","TRANSPARENT_QUEUE_FILLRATE_RISK"
"Assets/Shapes/Shaders/Generated Materials/Rect LinearBurn [BORDERED].mat","Shapes/Rect LinearBurn",3000,1,"BORDERED","TRANSPARENT_QUEUE_FILLRATE_RISK"
"Assets/Shapes/Shaders/Generated Materials/Rect LinearBurn [CORNER_RADIUS].mat","Shapes/Rect LinearBurn",3000,1,"CORNER_RADIUS","TRANSPARENT_QUEUE_FILLRATE_RISK"
"Assets/Shapes/Shaders/Generated Materials/Rect LinearBurn [CORNER_RADIUS][BORDERED].mat","Shapes/Rect LinearBurn",3000,2,"BORDERED|CORNER_RADIUS","TRANSPARENT_QUEUE_FILLRATE_RISK"
"Assets/Shapes/Shaders/Generated Materials/Rect LinearBurn.mat","Shapes/Rect LinearBurn",3000,0,"","TRANSPARENT_QUEUE_FILLRATE_RISK"
"Assets/Shapes/Shaders/Generated Materials/Rect Multiplicative (BORDERED).mat","Shapes/Rect Multiplicative",3000,1,"BORDERED","TRANSPARENT_QUEUE_FILLRATE_RISK"
"Assets/Shapes/Shaders/Generated Materials/Rect Multiplicative (CORNER_RADIUS)(BORDERED).mat","Shapes/Rect Multiplicative",3000,2,"BORDERED|CORNER_RADIUS","TRANSPARENT_QUEUE_FILLRATE_RISK"
"Assets/Shapes/Shaders/Generated Materials/Rect Multiplicative (CORNER_RADIUS).mat","Shapes/Rect Multiplicative",3000,1,"CORNER_RADIUS","TRANSPARENT_QUEUE_FILLRATE_RISK"
"Assets/Shapes/Shaders/Generated Materials/Rect Multiplicative [BORDERED].mat","Shapes/Rect Multiplicative",3000,1,"BORDERED","TRANSPARENT_QUEUE_FILLRATE_RISK"
"Assets/Shapes/Shaders/Generated Materials/Rect Multiplicative [CORNER_RADIUS].mat","Shapes/Rect Multiplicative",3000,1,"CORNER_RADIUS","TRANSPARENT_QUEUE_FILLRATE_RISK"
"Assets/Shapes/Shaders/Generated Materials/Rect Multiplicative [CORNER_RADIUS][BORDERED].mat","Shapes/Rect Multiplicative",3000,2,"BORDERED|CORNER_RADIUS","TRANSPARENT_QUEUE_FILLRATE_RISK"
"Assets/Shapes/Shaders/Generated Materials/Rect Multiplicative.mat","Shapes/Rect Multiplicative",3000,0,"","TRANSPARENT_QUEUE_FILLRATE_RISK"
"Assets/Shapes/Shaders/Generated Materials/Rect Opaque (BORDERED).mat","Shapes/Rect Opaque",2450,1,"BORDERED","TRANSPARENT_QUEUE_FILLRATE_RISK"
"Assets/Shapes/Shaders/Generated Materials/Rect Opaque (CORNER_RADIUS)(BORDERED).mat","Shapes/Rect Opaque",2450,2,"BORDERED|CORNER_RADIUS","TRANSPARENT_QUEUE_FILLRATE_RISK"
"Assets/Shapes/Shaders/Generated Materials/Rect Opaque (CORNER_RADIUS).mat","Shapes/Rect Opaque",2450,1,"CORNER_RADIUS","TRANSPARENT_QUEUE_FILLRATE_RISK"
"Assets/Shapes/Shaders/Generated Materials/Rect Opaque [BORDERED].mat","Shapes/Rect Opaque",2450,1,"BORDERED","TRANSPARENT_QUEUE_FILLRATE_RISK"
"Assets/Shapes/Shaders/Generated Materials/Rect Opaque [CORNER_RADIUS].mat","Shapes/Rect Opaque",2450,1,"CORNER_RADIUS","TRANSPARENT_QUEUE_FILLRATE_RISK"
"Assets/Shapes/Shaders/Generated Materials/Rect Opaque [CORNER_RADIUS][BORDERED].mat","Shapes/Rect Opaque",2450,2,"BORDERED|CORNER_RADIUS","TRANSPARENT_QUEUE_FILLRATE_RISK"
"Assets/Shapes/Shaders/Generated Materials/Rect Opaque.mat","Shapes/Rect Opaque",2450,0,"","TRANSPARENT_QUEUE_FILLRATE_RISK"
"Assets/Shapes/Shaders/Generated Materials/Rect Screen (BORDERED).mat","Shapes/Rect Screen",3000,1,"BORDERED","TRANSPARENT_QUEUE_FILLRATE_RISK"
"Assets/Shapes/Shaders/Generated Materials/Rect Screen (CORNER_RADIUS)(BORDERED).mat","Shapes/Rect Screen",3000,2,"BORDERED|CORNER_RADIUS","TRANSPARENT_QUEUE_FILLRATE_RISK"
"Assets/Shapes/Shaders/Generated Materials/Rect Screen (CORNER_RADIUS).mat","Shapes/Rect Screen",3000,1,"CORNER_RADIUS","TRANSPARENT_QUEUE_FILLRATE_RISK"
"Assets/Shapes/Shaders/Generated Materials/Rect Screen [BORDERED].mat","Shapes/Rect Screen",3000,1,"BORDERED","TRANSPARENT_QUEUE_FILLRATE_RISK"
"Assets/Shapes/Shaders/Generated Materials/Rect Screen [CORNER_RADIUS].mat","Shapes/Rect Screen",3000,1,"CORNER_RADIUS","TRANSPARENT_QUEUE_FILLRATE_RISK"
"Assets/Shapes/Shaders/Generated Materials/Rect Screen [CORNER_RADIUS][BORDERED].mat","Shapes/Rect Screen",3000,2,"BORDERED|CORNER_RADIUS","TRANSPARENT_QUEUE_FILLRATE_RISK"
"Assets/Shapes/Shaders/Generated Materials/Rect Screen.mat","Shapes/Rect Screen",3000,0,"","TRANSPARENT_QUEUE_FILLRATE_RISK"
"Assets/Shapes/Shaders/Generated Materials/Rect Subtractive (BORDERED).mat","Shapes/Rect Subtractive",3000,1,"BORDERED","TRANSPARENT_QUEUE_FILLRATE_RISK"
"Assets/Shapes/Shaders/Generated Materials/Rect Subtractive (CORNER_RADIUS)(BORDERED).mat","Shapes/Rect Subtractive",3000,2,"BORDERED|CORNER_RADIUS","TRANSPARENT_QUEUE_FILLRATE_RISK"
"Assets/Shapes/Shaders/Generated Materials/Rect Subtractive (CORNER_RADIUS).mat","Shapes/Rect Subtractive",3000,1,"CORNER_RADIUS","TRANSPARENT_QUEUE_FILLRATE_RISK"
"Assets/Shapes/Shaders/Generated Materials/Rect Subtractive [BORDERED].mat","Shapes/Rect Subtractive",3000,1,"BORDERED","TRANSPARENT_QUEUE_FILLRATE_RISK"
"Assets/Shapes/Shaders/Generated Materials/Rect Subtractive [CORNER_RADIUS].mat","Shapes/Rect Subtractive",3000,1,"CORNER_RADIUS","TRANSPARENT_QUEUE_FILLRATE_RISK"
"Assets/Shapes/Shaders/Generated Materials/Rect Subtractive [CORNER_RADIUS][BORDERED].mat","Shapes/Rect Subtractive",3000,2,"BORDERED|CORNER_RADIUS","TRANSPARENT_QUEUE_FILLRATE_RISK"
"Assets/Shapes/Shaders/Generated Materials/Rect Subtractive.mat","Shapes/Rect Subtractive",3000,0,"","TRANSPARENT_QUEUE_FILLRATE_RISK"
"Assets/Shapes/Shaders/Generated Materials/Rect Transparent (BORDERED).mat","Shapes/Rect Transparent",3000,1,"BORDERED","TRANSPARENT_QUEUE_FILLRATE_RISK"
"Assets/Shapes/Shaders/Generated Materials/Rect Transparent (CORNER_RADIUS)(BORDERED).mat","Shapes/Rect Transparent",3000,2,"BORDERED|CORNER_RADIUS","TRANSPARENT_QUEUE_FILLRATE_RISK"
"Assets/Shapes/Shaders/Generated Materials/Rect Transparent (CORNER_RADIUS).mat","Shapes/Rect Transparent",3000,1,"CORNER_RADIUS","TRANSPARENT_QUEUE_FILLRATE_RISK"
"Assets/Shapes/Shaders/Generated Materials/Rect Transparent [BORDERED].mat","Shapes/Rect Transparent",3000,1,"BORDERED","TRANSPARENT_QUEUE_FILLRATE_RISK"
"Assets/Shapes/Shaders/Generated Materials/Rect Transparent [CORNER_RADIUS].mat","Shapes/Rect Transparent",3000,1,"CORNER_RADIUS","TRANSPARENT_QUEUE_FILLRATE_RISK"
"Assets/Shapes/Shaders/Generated Materials/Rect Transparent [CORNER_RADIUS][BORDERED].mat","Shapes/Rect Transparent",3000,2,"BORDERED|CORNER_RADIUS","TRANSPARENT_QUEUE_FILLRATE_RISK"
"Assets/Shapes/Shaders/Generated Materials/Rect Transparent.mat","Shapes/Rect Transparent",3000,0,"","TRANSPARENT_QUEUE_FILLRATE_RISK"
"Assets/Shapes/Shaders/Generated Materials/Regular Polygon Additive.mat","Shapes/Regular Polygon Additive",3000,0,"","TRANSPARENT_QUEUE_FILLRATE_RISK"
"Assets/Shapes/Shaders/Generated Materials/Regular Polygon ColorBurn.mat","Shapes/Regular Polygon ColorBurn",3000,0,"","TRANSPARENT_QUEUE_FILLRATE_RISK"
"Assets/Shapes/Shaders/Generated Materials/Regular Polygon ColorDodge.mat","Shapes/Regular Polygon ColorDodge",3000,0,"","TRANSPARENT_QUEUE_FILLRATE_RISK"
"Assets/Shapes/Shaders/Generated Materials/Regular Polygon Darken.mat","Shapes/Regular Polygon Darken",3000,0,"","TRANSPARENT_QUEUE_FILLRATE_RISK"
"Assets/Shapes/Shaders/Generated Materials/Regular Polygon Lighten.mat","Shapes/Regular Polygon Lighten",3000,0,"","TRANSPARENT_QUEUE_FILLRATE_RISK"
"Assets/Shapes/Shaders/Generated Materials/Regular Polygon LinearBurn.mat","Shapes/Regular Polygon LinearBurn",3000,0,"","TRANSPARENT_QUEUE_FILLRATE_RISK"
"Assets/Shapes/Shaders/Generated Materials/Regular Polygon Multiplicative.mat","Shapes/Regular Polygon Multiplicative",3000,0,"","TRANSPARENT_QUEUE_FILLRATE_RISK"
"Assets/Shapes/Shaders/Generated Materials/Regular Polygon Opaque.mat","Shapes/Regular Polygon Opaque",2450,0,"","TRANSPARENT_QUEUE_FILLRATE_RISK"
"Assets/Shapes/Shaders/Generated Materials/Regular Polygon Screen.mat","Shapes/Regular Polygon Screen",3000,0,"","TRANSPARENT_QUEUE_FILLRATE_RISK"
"Assets/Shapes/Shaders/Generated Materials/Regular Polygon Subtractive.mat","Shapes/Regular Polygon Subtractive",3000,0,"","TRANSPARENT_QUEUE_FILLRATE_RISK"
"Assets/Shapes/Shaders/Generated Materials/Regular Polygon Transparent.mat","Shapes/Regular Polygon Transparent",3000,0,"","TRANSPARENT_QUEUE_FILLRATE_RISK"
"Assets/Shapes/Shaders/Generated Materials/Sphere Additive.mat","Shapes/Sphere Additive",3000,0,"","TRANSPARENT_QUEUE_FILLRATE_RISK"
"Assets/Shapes/Shaders/Generated Materials/Sphere ColorBurn.mat","Shapes/Sphere ColorBurn",3000,0,"","TRANSPARENT_QUEUE_FILLRATE_RISK"
"Assets/Shapes/Shaders/Generated Materials/Sphere ColorDodge.mat","Shapes/Sphere ColorDodge",3000,0,"","TRANSPARENT_QUEUE_FILLRATE_RISK"
"Assets/Shapes/Shaders/Generated Materials/Sphere Darken.mat","Shapes/Sphere Darken",3000,0,"","TRANSPARENT_QUEUE_FILLRATE_RISK"
"Assets/Shapes/Shaders/Generated Materials/Sphere Lighten.mat","Shapes/Sphere Lighten",3000,0,"","TRANSPARENT_QUEUE_FILLRATE_RISK"
"Assets/Shapes/Shaders/Generated Materials/Sphere LinearBurn.mat","Shapes/Sphere LinearBurn",3000,0,"","TRANSPARENT_QUEUE_FILLRATE_RISK"
"Assets/Shapes/Shaders/Generated Materials/Sphere Multiplicative.mat","Shapes/Sphere Multiplicative",3000,0,"","TRANSPARENT_QUEUE_FILLRATE_RISK"
"Assets/Shapes/Shaders/Generated Materials/Sphere Opaque.mat","Shapes/Sphere Opaque",2450,0,"","TRANSPARENT_QUEUE_FILLRATE_RISK"
"Assets/Shapes/Shaders/Generated Materials/Sphere Screen.mat","Shapes/Sphere Screen",3000,0,"","TRANSPARENT_QUEUE_FILLRATE_RISK"
"Assets/Shapes/Shaders/Generated Materials/Sphere Subtractive.mat","Shapes/Sphere Subtractive",3000,0,"","TRANSPARENT_QUEUE_FILLRATE_RISK"
"Assets/Shapes/Shaders/Generated Materials/Sphere Transparent.mat","Shapes/Sphere Transparent",3000,0,"","TRANSPARENT_QUEUE_FILLRATE_RISK"
"Assets/Shapes/Shaders/Generated Materials/Texture Additive.mat","Shapes/Texture Additive",3000,0,"","TRANSPARENT_QUEUE_FILLRATE_RISK"
"Assets/Shapes/Shaders/Generated Materials/Texture ColorBurn.mat","Shapes/Texture ColorBurn",3000,0,"","TRANSPARENT_QUEUE_FILLRATE_RISK"
"Assets/Shapes/Shaders/Generated Materials/Texture ColorDodge.mat","Shapes/Texture ColorDodge",3000,0,"","TRANSPARENT_QUEUE_FILLRATE_RISK"
"Assets/Shapes/Shaders/Generated Materials/Texture Darken.mat","Shapes/Texture Darken",3000,0,"","TRANSPARENT_QUEUE_FILLRATE_RISK"
"Assets/Shapes/Shaders/Generated Materials/Texture Lighten.mat","Shapes/Texture Lighten",3000,0,"","TRANSPARENT_QUEUE_FILLRATE_RISK"
"Assets/Shapes/Shaders/Generated Materials/Texture LinearBurn.mat","Shapes/Texture LinearBurn",3000,0,"","TRANSPARENT_QUEUE_FILLRATE_RISK"
"Assets/Shapes/Shaders/Generated Materials/Texture Multiplicative.mat","Shapes/Texture Multiplicative",3000,0,"","TRANSPARENT_QUEUE_FILLRATE_RISK"
"Assets/Shapes/Shaders/Generated Materials/Texture Opaque.mat","Shapes/Texture Opaque",2450,0,"","TRANSPARENT_QUEUE_FILLRATE_RISK"
"Assets/Shapes/Shaders/Generated Materials/Texture Screen.mat","Shapes/Texture Screen",3000,0,"","TRANSPARENT_QUEUE_FILLRATE_RISK"
"Assets/Shapes/Shaders/Generated Materials/Texture Subtractive.mat","Shapes/Texture Subtractive",3000,0,"","TRANSPARENT_QUEUE_FILLRATE_RISK"
"Assets/Shapes/Shaders/Generated Materials/Texture Transparent.mat","Shapes/Texture Transparent",3000,0,"","TRANSPARENT_QUEUE_FILLRATE_RISK"
"Assets/Shapes/Shaders/Generated Materials/Torus Additive.mat","Shapes/Torus Additive",3000,0,"","TRANSPARENT_QUEUE_FILLRATE_RISK"
"Assets/Shapes/Shaders/Generated Materials/Torus ColorBurn.mat","Shapes/Torus ColorBurn",3000,0,"","TRANSPARENT_QUEUE_FILLRATE_RISK"
"Assets/Shapes/Shaders/Generated Materials/Torus ColorDodge.mat","Shapes/Torus ColorDodge",3000,0,"","TRANSPARENT_QUEUE_FILLRATE_RISK"
"Assets/Shapes/Shaders/Generated Materials/Torus Darken.mat","Shapes/Torus Darken",3000,0,"","TRANSPARENT_QUEUE_FILLRATE_RISK"
"Assets/Shapes/Shaders/Generated Materials/Torus Lighten.mat","Shapes/Torus Lighten",3000,0,"","TRANSPARENT_QUEUE_FILLRATE_RISK"
"Assets/Shapes/Shaders/Generated Materials/Torus LinearBurn.mat","Shapes/Torus LinearBurn",3000,0,"","TRANSPARENT_QUEUE_FILLRATE_RISK"
"Assets/Shapes/Shaders/Generated Materials/Torus Multiplicative.mat","Shapes/Torus Multiplicative",3000,0,"","TRANSPARENT_QUEUE_FILLRATE_RISK"
"Assets/Shapes/Shaders/Generated Materials/Torus Opaque.mat","Shapes/Torus Opaque",2450,0,"","TRANSPARENT_QUEUE_FILLRATE_RISK"
"Assets/Shapes/Shaders/Generated Materials/Torus Screen.mat","Shapes/Torus Screen",3000,0,"","TRANSPARENT_QUEUE_FILLRATE_RISK"
"Assets/Shapes/Shaders/Generated Materials/Torus Subtractive.mat","Shapes/Torus Subtractive",3000,0,"","TRANSPARENT_QUEUE_FILLRATE_RISK"
"Assets/Shapes/Shaders/Generated Materials/Torus Transparent.mat","Shapes/Torus Transparent",3000,0,"","TRANSPARENT_QUEUE_FILLRATE_RISK"
"Assets/Shapes/Shaders/Generated Materials/Triangle Additive.mat","Shapes/Triangle Additive",3000,0,"","TRANSPARENT_QUEUE_FILLRATE_RISK"
"Assets/Shapes/Shaders/Generated Materials/Triangle ColorBurn.mat","Shapes/Triangle ColorBurn",3000,0,"","TRANSPARENT_QUEUE_FILLRATE_RISK"
"Assets/Shapes/Shaders/Generated Materials/Triangle ColorDodge.mat","Shapes/Triangle ColorDodge",3000,0,"","TRANSPARENT_QUEUE_FILLRATE_RISK"
"Assets/Shapes/Shaders/Generated Materials/Triangle Darken.mat","Shapes/Triangle Darken",3000,0,"","TRANSPARENT_QUEUE_FILLRATE_RISK"
"Assets/Shapes/Shaders/Generated Materials/Triangle Lighten.mat","Shapes/Triangle Lighten",3000,0,"","TRANSPARENT_QUEUE_FILLRATE_RISK"
"Assets/Shapes/Shaders/Generated Materials/Triangle LinearBurn.mat","Shapes/Triangle LinearBurn",3000,0,"","TRANSPARENT_QUEUE_FILLRATE_RISK"
"Assets/Shapes/Shaders/Generated Materials/Triangle Multiplicative.mat","Shapes/Triangle Multiplicative",3000,0,"","TRANSPARENT_QUEUE_FILLRATE_RISK"
"Assets/Shapes/Shaders/Generated Materials/Triangle Opaque.mat","Shapes/Triangle Opaque",2450,0,"","TRANSPARENT_QUEUE_FILLRATE_RISK"
"Assets/Shapes/Shaders/Generated Materials/Triangle Screen.mat","Shapes/Triangle Screen",3000,0,"","TRANSPARENT_QUEUE_FILLRATE_RISK"
"Assets/Shapes/Shaders/Generated Materials/Triangle Subtractive.mat","Shapes/Triangle Subtractive",3000,0,"","TRANSPARENT_QUEUE_FILLRATE_RISK"
"Assets/Shapes/Shaders/Generated Materials/Triangle Transparent.mat","Shapes/Triangle Transparent",3000,0,"","TRANSPARENT_QUEUE_FILLRATE_RISK"
"Assets/Shapes/Textures/Inconsolata/Inconsolata-SemiBold SDF.asset","TextMeshPro/Distance Field",3000,0,"","TRANSPARENT_QUEUE_FILLRATE_RISK"
"Assets/Shapes/Textures/Inconsolata/Inconsolata-SemiBold.ttf","GUI/Text Shader",3000,0,"","TRANSPARENT_QUEUE_FILLRATE_RISK"
"Assets/TextMesh Pro/Fonts/LiberationSans.ttf","GUI/Text Shader",3000,0,"","TRANSPARENT_QUEUE_FILLRATE_RISK"
"Assets/VolumetricLightBeam/Resources/DustParticles.mat","Legacy Shaders/Particles/Alpha Blended",3000,0,"","TRANSPARENT_QUEUE_FILLRATE_RISK"
"Assets/VolumetricLightBeam/Shaders/VLBDummyMaterialHD.mat","Hidden/VLB_HD_URP_Default",3000,0,"","TRANSPARENT_QUEUE_FILLRATE_RISK"
"Assets/VolumetricLightBeam/Shaders/VLBDummyMaterialSD.mat","Hidden/VLB_SD_URP_Default",3000,0,"","TRANSPARENT_QUEUE_FILLRATE_RISK"
