Path,Shader,RenderQueue,KeywordCount,Flags,CinematicFake
"Assets/_Project/_Archive/Mat_Ocean.mat","Hecton/HectonOcean",2450,0,"TRANSPARENT_QUEUE_FILLRATE_RISK","Opaque+dither/cutout where possible; split high-tier variants from MX350 material"
"Assets/_Project/_PROLOGUE_CONTENT/Textures/Planets/pLANET/Mat_HectonClouds.mat","Universal Render Pipeline/Lit",3000,2,"TRANSPARENT_QUEUE_FILLRATE_RISK","Opaque+dither/cutout where possible; split high-tier variants from MX350 material"
"Assets/_Project/Art/Fonts/NotoSans-Regular.ttf","GUI/Text Shader",3000,0,"TRANSPARENT_QUEUE_FILLRATE_RISK","Opaque+dither/cutout where possible; split high-tier variants from MX350 material"
"Assets/_Project/Art/Fonts/NotoSansArabic-Regular.ttf","GUI/Text Shader",3000,0,"TRANSPARENT_QUEUE_FILLRATE_RISK","Opaque+dither/cutout where possible; split high-tier variants from MX350 material"
"Assets/_Project/Art/Fonts/NotoSansCJKjp-Regular.otf","GUI/Text Shader",3000,0,"TRANSPARENT_QUEUE_FILLRATE_RISK","Opaque+dither/cutout where possible; split high-tier variants from MX350 material"
"Assets/_Project/Art/Fonts/NotoSansCJKsc-Regular.otf","GUI/Text Shader",3000,0,"TRANSPARENT_QUEUE_FILLRATE_RISK","Opaque+dither/cutout where possible; split high-tier variants from MX350 material"
"Assets/_Project/Art/Materials/Construction/Mat_BuildGhost_Invalid.mat","Universal Render Pipeline/Lit",3000,2,"TRANSPARENT_QUEUE_FILLRATE_RISK","Opaque+dither/cutout where possible; split high-tier variants from MX350 material"
"Assets/_Project/Art/Materials/Construction/Mat_BuildGhost_Valid.mat","Universal Render Pipeline/Lit",3000,2,"TRANSPARENT_QUEUE_FILLRATE_RISK","Opaque+dither/cutout where possible; split high-tier variants from MX350 material"
"Assets/_Project/Art/Materials/Construction/Mat_LeakWetSheen.mat","Triplebrick/Glass",3000,2,"TRANSPARENT_QUEUE_FILLRATE_RISK","Opaque+dither/cutout where possible; split high-tier variants from MX350 material"
"Assets/_Project/Art/Materials/Construction/Mat_RuinSeepSheen.mat","HECTON/Environment/RuinSeepSheen",3000,0,"TRANSPARENT_QUEUE_FILLRATE_RISK","Opaque+dither/cutout where possible; split high-tier variants from MX350 material"
"Assets/_Project/Art/Materials/Fonts/NotoSans-Regular SDF.asset","TextMeshPro/Distance Field",3000,0,"TRANSPARENT_QUEUE_FILLRATE_RISK","Opaque+dither/cutout where possible; split high-tier variants from MX350 material"
"Assets/_Project/Art/Materials/Fonts/NotoSansArabic-Prime SDF.asset","TextMeshPro/Distance Field",3000,0,"TRANSPARENT_QUEUE_FILLRATE_RISK","Opaque+dither/cutout where possible; split high-tier variants from MX350 material"
"Assets/_Project/Art/Materials/Fonts/NotoSansArabic-Regular SDF.asset","TextMeshPro/Distance Field",3000,0,"TRANSPARENT_QUEUE_FILLRATE_RISK","Opaque+dither/cutout where possible; split high-tier variants from MX350 material"
"Assets/_Project/Art/Materials/Fonts/NotoSansCJKjp-Regular SDF.asset","TextMeshPro/Distance Field",3000,0,"TRANSPARENT_QUEUE_FILLRATE_RISK","Opaque+dither/cutout where possible; split high-tier variants from MX350 material"
"Assets/_Project/Art/Materials/Fonts/NotoSansCJKsc-Regular SDF.asset","TextMeshPro/Distance Field",3000,0,"TRANSPARENT_QUEUE_FILLRATE_RISK","Opaque+dither/cutout where possible; split high-tier variants from MX350 material"
"Assets/_Project/Art/Materials/Fonts/tekst.ttf","GUI/Text Shader",3000,0,"TRANSPARENT_QUEUE_FILLRATE_RISK","Opaque+dither/cutout where possible; split high-tier variants from MX350 material"
"Assets/_Project/Art/Materials/Fonts/tekst_SDF.asset","TextMeshPro/Distance Field",3000,0,"TRANSPARENT_QUEUE_FILLRATE_RISK","Opaque+dither/cutout where possible; split high-tier variants from MX350 material"
"Assets/_Project/Art/Materials/Fonts/tsifry.ttf","GUI/Text Shader",3000,0,"TRANSPARENT_QUEUE_FILLRATE_RISK","Opaque+dither/cutout where possible; split high-tier variants from MX350 material"
"Assets/_Project/Art/Materials/Fonts/tsifry_SDF.asset","TextMeshPro/Distance Field",3000,1,"TRANSPARENT_QUEUE_FILLRATE_RISK","Opaque+dither/cutout where possible; split high-tier variants from MX350 material"
"Assets/_Project/Art/Materials/MAT_AbyssalBlackSmoke.mat","Hecton8/VFX/AbyssalBlackSmoke",2480,0,"TRANSPARENT_QUEUE_FILLRATE_RISK","Opaque+dither/cutout where possible; split high-tier variants from MX350 material"
"Assets/_Project/Art/Materials/Mat_AegirHazeOverlay.mat","HECTON/Sky/Hecton_AegirHazeOverlay",3000,0,"TRANSPARENT_QUEUE_FILLRATE_RISK","Opaque+dither/cutout where possible; split high-tier variants from MX350 material"
"Assets/_Project/Art/Materials/MAT_Diegetic_HUD_V4_Projection.mat","Hecton8/UI/HUDDiegeticProjectionUnlit",4100,0,"TRANSPARENT_QUEUE_FILLRATE_RISK","Opaque+dither/cutout where possible; split high-tier variants from MX350 material"
"Assets/_Project/Art/Materials/Mat_HectonSky_CloudOverlay.mat","HECTON/Sky/Hecton_AlienSky_Master",3000,0,"TRANSPARENT_QUEUE_FILLRATE_RISK","Opaque+dither/cutout where possible; split high-tier variants from MX350 material"
"Assets/_Project/Art/Materials/MAT_SargassumFoamDamping.mat","Crest/Inputs/Foam/Sargassum Damping",3000,0,"TRANSPARENT_QUEUE_FILLRATE_RISK","Opaque+dither/cutout where possible; split high-tier variants from MX350 material"
"Assets/_Project/Art/Materials/MAT_SargassumOilFilm.mat","Crest/Inputs/Albedo/Sargassum Oil Film",2450,0,"TRANSPARENT_QUEUE_FILLRATE_RISK","Opaque+dither/cutout where possible; split high-tier variants from MX350 material"
"Assets/_Project/Art/Materials/Mat_Sun.mat","Hecton/Celestial/Sun",2550,0,"TRANSPARENT_QUEUE_FILLRATE_RISK","Opaque+dither/cutout where possible; split high-tier variants from MX350 material"
"Assets/_Project/Art/Materials/Mat_TriplanarRock.mat","2D/RenderAs2D-Flattening",3000,0,"TRANSPARENT_QUEUE_FILLRATE_RISK","Opaque+dither/cutout where possible; split high-tier variants from MX350 material"
"Assets/_Project/Art/Materials/Mat_Visor_Glass.mat","NASAPunk/SuitVisor",2470,3,"TRANSPARENT_QUEUE_FILLRATE_RISK","Opaque+dither/cutout where possible; split high-tier variants from MX350 material"
"Assets/_Project/Art/Materials/VFX/MAT_AbyssalFluidDecal.mat","HECTON/World/AbyssalFluidDecal",2490,0,"TRANSPARENT_QUEUE_FILLRATE_RISK","Opaque+dither/cutout where possible; split high-tier variants from MX350 material"
"Assets/_Project/Art/Materials/VFX/Mat_LeakPlume.mat","HECTON/VFX/LeakPlume",3000,0,"TRANSPARENT_QUEUE_FILLRATE_RISK","Opaque+dither/cutout where possible; split high-tier variants from MX350 material"
"Assets/_Project/Art/Materials/WorldProceduralProxy/MAT_sargassum_leaf_scraps.mat","Universal Render Pipeline/Particles/Unlit",2450,2,"TRANSPARENT_QUEUE_FILLRATE_RISK","Opaque+dither/cutout where possible; split high-tier variants from MX350 material"
"Assets/_Project/Art/Materials/WorldProceduralProxy/MAT_sargassum_type2.mat","Hecton8/Flora/SargassumMaster",2450,0,"TRANSPARENT_QUEUE_FILLRATE_RISK","Opaque+dither/cutout where possible; split high-tier variants from MX350 material"
"Assets/_Project/Data/LiberationSans SDF - Fallback.asset","TextMeshPro/Mobile/Distance Field",3000,0,"TRANSPARENT_QUEUE_FILLRATE_RISK","Opaque+dither/cutout where possible; split high-tier variants from MX350 material"
"Assets/_Project/Data/LiberationSans SDF.asset","TextMeshPro/Mobile/Distance Field",3000,0,"TRANSPARENT_QUEUE_FILLRATE_RISK","Opaque+dither/cutout where possible; split high-tier variants from MX350 material"
"Assets/AstarPathfindingProject/Editor/EditorAssets/Materials/Navmesh.mat","Hidden/AstarPathfindingProject/Navmesh",3001,0,"TRANSPARENT_QUEUE_FILLRATE_RISK","Opaque+dither/cutout where possible; split high-tier variants from MX350 material"
"Assets/Crest/Crest/Materials/Ocean-Underwater.mat","Crest/Ocean URP",2900,16,"KEYWORD_BLOAT_GT_8|TRANSPARENT_QUEUE_FILLRATE_RISK","Opaque+dither/cutout where possible; split high-tier variants from MX350 material"
"Assets/Crest/Crest/Materials/Ocean.mat","Crest/Ocean URP",2900,15,"KEYWORD_BLOAT_GT_8|TRANSPARENT_QUEUE_FILLRATE_RISK","Opaque+dither/cutout where possible; split high-tier variants from MX350 material"
"Assets/Crest/Crest/Materials/Ocean_UnderwaterCurtain.mat","Crest/Ocean URP",2900,15,"KEYWORD_BLOAT_GT_8|TRANSPARENT_QUEUE_FILLRATE_RISK","Opaque+dither/cutout where possible; split high-tier variants from MX350 material"
"Assets/Crest/Crest/Materials/Ocean_UnderwaterMeniscus.mat","Crest/Underwater Meniscus",2901,0,"TRANSPARENT_QUEUE_FILLRATE_RISK","Opaque+dither/cutout where possible; split high-tier variants from MX350 material"
"Assets/Crest/Crest/Materials/OceanInputs/FoamOverride.mat","Crest/Inputs/Foam/Override Foam",3000,0,"TRANSPARENT_QUEUE_FILLRATE_RISK","Opaque+dither/cutout where possible; split high-tier variants from MX350 material"
"Assets/Feel/MMTools/Demos/MMTween/Fonts/Lato/SDF/Lato SDF.asset","TextMeshPro/Distance Field",3000,0,"TRANSPARENT_QUEUE_FILLRATE_RISK","Opaque+dither/cutout where possible; split high-tier variants from MX350 material"
"Assets/Feel/MMTools/Demos/MMTween/Fonts/Lato/SDF/Lato-Black SDF.asset","TextMeshPro/Distance Field",3000,0,"TRANSPARENT_QUEUE_FILLRATE_RISK","Opaque+dither/cutout where possible; split high-tier variants from MX350 material"
"Assets/Feel/MMTools/Demos/MMTween/Fonts/Lato/SDF/Lato-BlackItalic SDF.asset","TextMeshPro/Distance Field",3000,0,"TRANSPARENT_QUEUE_FILLRATE_RISK","Opaque+dither/cutout where possible; split high-tier variants from MX350 material"
"Assets/Feel/MMTools/Demos/MMTween/Fonts/Lato/SDF/Lato-Bold SDF.asset","TextMeshPro/Distance Field",3000,0,"TRANSPARENT_QUEUE_FILLRATE_RISK","Opaque+dither/cutout where possible; split high-tier variants from MX350 material"
"Assets/Feel/MMTools/Demos/MMTween/Fonts/Lato/SDF/Lato-BoldItalic SDF.asset","TextMeshPro/Distance Field",3000,0,"TRANSPARENT_QUEUE_FILLRATE_RISK","Opaque+dither/cutout where possible; split high-tier variants from MX350 material"
"Assets/Feel/MMTools/Demos/MMTween/Fonts/Lato/SDF/Lato-Hairline SDF.asset","TextMeshPro/Distance Field",3000,0,"TRANSPARENT_QUEUE_FILLRATE_RISK","Opaque+dither/cutout where possible; split high-tier variants from MX350 material"
"Assets/Feel/MMTools/Demos/MMTween/Fonts/Lato/SDF/Lato-HairlineItalic SDF.asset","TextMeshPro/Distance Field",3000,0,"TRANSPARENT_QUEUE_FILLRATE_RISK","Opaque+dither/cutout where possible; split high-tier variants from MX350 material"
"Assets/Feel/MMTools/Demos/MMTween/Fonts/Lato/SDF/Lato-Heavy SDF.asset","TextMeshPro/Distance Field",3000,0,"TRANSPARENT_QUEUE_FILLRATE_RISK","Opaque+dither/cutout where possible; split high-tier variants from MX350 material"
"Assets/Feel/MMTools/Demos/MMTween/Fonts/Lato/SDF/Lato-HeavyItalic SDF.asset","TextMeshPro/Distance Field",3000,0,"TRANSPARENT_QUEUE_FILLRATE_RISK","Opaque+dither/cutout where possible; split high-tier variants from MX350 material"
"Assets/Feel/MMTools/Demos/MMTween/Fonts/Lato/SDF/Lato-Italic SDF.asset","TextMeshPro/Distance Field",3000,0,"TRANSPARENT_QUEUE_FILLRATE_RISK","Opaque+dither/cutout where possible; split high-tier variants from MX350 material"
"Assets/Feel/MMTools/Demos/MMTween/Fonts/Lato/SDF/Lato-Light SDF.asset","TextMeshPro/Distance Field",3000,0,"TRANSPARENT_QUEUE_FILLRATE_RISK","Opaque+dither/cutout where possible; split high-tier variants from MX350 material"
"Assets/Feel/MMTools/Demos/MMTween/Fonts/Lato/SDF/Lato-LightItalic SDF.asset","TextMeshPro/Distance Field",3000,0,"TRANSPARENT_QUEUE_FILLRATE_RISK","Opaque+dither/cutout where possible; split high-tier variants from MX350 material"
"Assets/Feel/MMTools/Demos/MMTween/Fonts/Lato/SDF/Lato-Medium SDF.asset","TextMeshPro/Distance Field",3000,0,"TRANSPARENT_QUEUE_FILLRATE_RISK","Opaque+dither/cutout where possible; split high-tier variants from MX350 material"
"Assets/Feel/MMTools/Demos/MMTween/Fonts/Lato/SDF/Lato-MediumItalic SDF.asset","TextMeshPro/Distance Field",3000,0,"TRANSPARENT_QUEUE_FILLRATE_RISK","Opaque+dither/cutout where possible; split high-tier variants from MX350 material"
"Assets/Feel/MMTools/Demos/MMTween/Fonts/Lato/SDF/Lato-Semibold SDF.asset","TextMeshPro/Distance Field",3000,0,"TRANSPARENT_QUEUE_FILLRATE_RISK","Opaque+dither/cutout where possible; split high-tier variants from MX350 material"
"Assets/Feel/MMTools/Demos/MMTween/Fonts/Lato/SDF/Lato-SemiboldItalic SDF.asset","TextMeshPro/Distance Field",3000,0,"TRANSPARENT_QUEUE_FILLRATE_RISK","Opaque+dither/cutout where possible; split high-tier variants from MX350 material"
"Assets/Feel/MMTools/Demos/MMTween/Fonts/Lato/SDF/Lato-Thin SDF.asset","TextMeshPro/Distance Field",3000,0,"TRANSPARENT_QUEUE_FILLRATE_RISK","Opaque+dither/cutout where possible; split high-tier variants from MX350 material"
"Assets/Feel/MMTools/Demos/MMTween/Fonts/Lato/SDF/Lato-ThinItalic SDF.asset","TextMeshPro/Distance Field",3000,0,"TRANSPARENT_QUEUE_FILLRATE_RISK","Opaque+dither/cutout where possible; split high-tier variants from MX350 material"
"Assets/Feel/MMTools/Demos/MMTween/Fonts/Lato/TTF/Lato-Black.ttf","GUI/Text Shader",3000,0,"TRANSPARENT_QUEUE_FILLRATE_RISK","Opaque+dither/cutout where possible; split high-tier variants from MX350 material"
"Assets/Feel/MMTools/Demos/MMTween/Fonts/Lato/TTF/Lato-BlackItalic.ttf","GUI/Text Shader",3000,0,"TRANSPARENT_QUEUE_FILLRATE_RISK","Opaque+dither/cutout where possible; split high-tier variants from MX350 material"
"Assets/Feel/MMTools/Demos/MMTween/Fonts/Lato/TTF/Lato-Bold.ttf","GUI/Text Shader",3000,0,"TRANSPARENT_QUEUE_FILLRATE_RISK","Opaque+dither/cutout where possible; split high-tier variants from MX350 material"
"Assets/Feel/MMTools/Demos/MMTween/Fonts/Lato/TTF/Lato-BoldItalic.ttf","GUI/Text Shader",3000,0,"TRANSPARENT_QUEUE_FILLRATE_RISK","Opaque+dither/cutout where possible; split high-tier variants from MX350 material"
"Assets/Feel/MMTools/Demos/MMTween/Fonts/Lato/TTF/Lato-Hairline.ttf","GUI/Text Shader",3000,0,"TRANSPARENT_QUEUE_FILLRATE_RISK","Opaque+dither/cutout where possible; split high-tier variants from MX350 material"
"Assets/Feel/MMTools/Demos/MMTween/Fonts/Lato/TTF/Lato-HairlineItalic.ttf","GUI/Text Shader",3000,0,"TRANSPARENT_QUEUE_FILLRATE_RISK","Opaque+dither/cutout where possible; split high-tier variants from MX350 material"
"Assets/Feel/MMTools/Demos/MMTween/Fonts/Lato/TTF/Lato-Heavy.ttf","GUI/Text Shader",3000,0,"TRANSPARENT_QUEUE_FILLRATE_RISK","Opaque+dither/cutout where possible; split high-tier variants from MX350 material"
"Assets/Feel/MMTools/Demos/MMTween/Fonts/Lato/TTF/Lato-HeavyItalic.ttf","GUI/Text Shader",3000,0,"TRANSPARENT_QUEUE_FILLRATE_RISK","Opaque+dither/cutout where possible; split high-tier variants from MX350 material"
"Assets/Feel/MMTools/Demos/MMTween/Fonts/Lato/TTF/Lato-Italic.ttf","GUI/Text Shader",3000,0,"TRANSPARENT_QUEUE_FILLRATE_RISK","Opaque+dither/cutout where possible; split high-tier variants from MX350 material"
"Assets/Feel/MMTools/Demos/MMTween/Fonts/Lato/TTF/Lato-Light.ttf","GUI/Text Shader",3000,0,"TRANSPARENT_QUEUE_FILLRATE_RISK","Opaque+dither/cutout where possible; split high-tier variants from MX350 material"
"Assets/Feel/MMTools/Demos/MMTween/Fonts/Lato/TTF/Lato-LightItalic.ttf","GUI/Text Shader",3000,0,"TRANSPARENT_QUEUE_FILLRATE_RISK","Opaque+dither/cutout where possible; split high-tier variants from MX350 material"
"Assets/Feel/MMTools/Demos/MMTween/Fonts/Lato/TTF/Lato-Medium.ttf","GUI/Text Shader",3000,0,"TRANSPARENT_QUEUE_FILLRATE_RISK","Opaque+dither/cutout where possible; split high-tier variants from MX350 material"
"Assets/Feel/MMTools/Demos/MMTween/Fonts/Lato/TTF/Lato-MediumItalic.ttf","GUI/Text Shader",3000,0,"TRANSPARENT_QUEUE_FILLRATE_RISK","Opaque+dither/cutout where possible; split high-tier variants from MX350 material"
"Assets/Feel/MMTools/Demos/MMTween/Fonts/Lato/TTF/Lato-Regular.ttf","GUI/Text Shader",3000,0,"TRANSPARENT_QUEUE_FILLRATE_RISK","Opaque+dither/cutout where possible; split high-tier variants from MX350 material"
"Assets/Feel/MMTools/Demos/MMTween/Fonts/Lato/TTF/Lato-Semibold.ttf","GUI/Text Shader",3000,0,"TRANSPARENT_QUEUE_FILLRATE_RISK","Opaque+dither/cutout where possible; split high-tier variants from MX350 material"
"Assets/Feel/MMTools/Demos/MMTween/Fonts/Lato/TTF/Lato-SemiboldItalic.ttf","GUI/Text Shader",3000,0,"TRANSPARENT_QUEUE_FILLRATE_RISK","Opaque+dither/cutout where possible; split high-tier variants from MX350 material"
"Assets/Feel/MMTools/Demos/MMTween/Fonts/Lato/TTF/Lato-Thin.ttf","GUI/Text Shader",3000,0,"TRANSPARENT_QUEUE_FILLRATE_RISK","Opaque+dither/cutout where possible; split high-tier variants from MX350 material"
"Assets/Feel/MMTools/Demos/MMTween/Fonts/Lato/TTF/Lato-ThinItalic.ttf","GUI/Text Shader",3000,0,"TRANSPARENT_QUEUE_FILLRATE_RISK","Opaque+dither/cutout where possible; split high-tier variants from MX350 material"
"Assets/Feel/MMTools/Demos/MMTween/Materials/MMPlotterLineMaterial.mat","Sprites/Default",3000,0,"TRANSPARENT_QUEUE_FILLRATE_RISK","Opaque+dither/cutout where possible; split high-tier variants from MX350 material"
"Assets/Feel/MMTools/Tools/MMAchievements/Fonts/orange kid.ttf","GUI/Text Shader",3000,0,"TRANSPARENT_QUEUE_FILLRATE_RISK","Opaque+dither/cutout where possible; split high-tier variants from MX350 material"
"Assets/Feel/MMTools/Tools/MMGUI/Materials/MMFaderRoundMaterialMask.mat","UI/Default",3000,1,"TRANSPARENT_QUEUE_FILLRATE_RISK","Opaque+dither/cutout where possible; split high-tier variants from MX350 material"
"Assets/Feel/MMTools/Tools/MMGUI/Materials/MMFaderRoundMaterialMasked.mat","UI/Default",3000,0,"TRANSPARENT_QUEUE_FILLRATE_RISK","Opaque+dither/cutout where possible; split high-tier variants from MX350 material"
"Assets/Feel/MMTools/Tools/MMVFX/MMRipple/MMRippleBubble1.mat","MoreMountains/MMRipple",4000,0,"TRANSPARENT_QUEUE_FILLRATE_RISK","Opaque+dither/cutout where possible; split high-tier variants from MX350 material"
"Assets/Feel/MMTools/Tools/MMVFX/MMRipple/MMRippleCircle1.mat","MoreMountains/MMRipple",4000,0,"TRANSPARENT_QUEUE_FILLRATE_RISK","Opaque+dither/cutout where possible; split high-tier variants from MX350 material"
"Assets/Feel/MMTools/Tools/MMVFX/MMRipple/MMRippleCircle2.mat","MoreMountains/MMRipple",4000,0,"TRANSPARENT_QUEUE_FILLRATE_RISK","Opaque+dither/cutout where possible; split high-tier variants from MX350 material"
"Assets/Feel/MMTools/Tools/MMVFX/MMRipple/MMRippleCircle3.mat","MoreMountains/MMRipple",4000,0,"TRANSPARENT_QUEUE_FILLRATE_RISK","Opaque+dither/cutout where possible; split high-tier variants from MX350 material"
"Assets/Feel/MMTools/Tools/MMVFX/MMRipple/MMRippleRosace1.mat","MoreMountains/MMRipple",4000,0,"TRANSPARENT_QUEUE_FILLRATE_RISK","Opaque+dither/cutout where possible; split high-tier variants from MX350 material"
"Assets/Feel/MMTools/Tools/MMVFX/MMRipple/MMRippleSaw1.mat","MoreMountains/MMRipple",4000,0,"TRANSPARENT_QUEUE_FILLRATE_RISK","Opaque+dither/cutout where possible; split high-tier variants from MX350 material"
"Assets/Feel/MMTools/Tools/MMVFX/MMRipple/MMRippleSaw2.mat","MoreMountains/MMRipple",4000,0,"TRANSPARENT_QUEUE_FILLRATE_RISK","Opaque+dither/cutout where possible; split high-tier variants from MX350 material"
"Assets/Feel/MMTools/Tools/MMVFX/MMRipple/MMRippleSpiral1.mat","MoreMountains/MMRipple",4000,0,"TRANSPARENT_QUEUE_FILLRATE_RISK","Opaque+dither/cutout where possible; split high-tier variants from MX350 material"
"Assets/Feel/MMTools/Tools/MMVFX/MMRipple/MMRippleSpiral2.mat","MoreMountains/MMRipple",4000,0,"TRANSPARENT_QUEUE_FILLRATE_RISK","Opaque+dither/cutout where possible; split high-tier variants from MX350 material"
"Assets/Feel/MMTools/Tools/MMVFX/MMRipple/MMRippleSquare1.mat","MoreMountains/MMRipple",4000,0,"TRANSPARENT_QUEUE_FILLRATE_RISK","Opaque+dither/cutout where possible; split high-tier variants from MX350 material"
"Assets/Feel/MMTools/Tools/MMVFX/MMRipple/MMRippleWaves1.mat","MoreMountains/MMRipple",4000,0,"TRANSPARENT_QUEUE_FILLRATE_RISK","Opaque+dither/cutout where possible; split high-tier variants from MX350 material"
"Assets/Feel/NiceVibrations/Demo/_Common/Fonts/BIG JOHN.otf","GUI/Text Shader",3000,0,"TRANSPARENT_QUEUE_FILLRATE_RISK","Opaque+dither/cutout where possible; split high-tier variants from MX350 material"
"Assets/Feel/NiceVibrations/Demo/_Common/Fonts/RobotoMono-Bold.ttf","GUI/Text Shader",3000,0,"TRANSPARENT_QUEUE_FILLRATE_RISK","Opaque+dither/cutout where possible; split high-tier variants from MX350 material"
"Assets/Feel/NiceVibrations/Demo/_Common/Fonts/RobotoMono-Light.ttf","GUI/Text Shader",3000,0,"TRANSPARENT_QUEUE_FILLRATE_RISK","Opaque+dither/cutout where possible; split high-tier variants from MX350 material"
"Assets/Feel/NiceVibrations/Demo/_Common/Fonts/RobotoMono-Medium.ttf","GUI/Text Shader",3000,0,"TRANSPARENT_QUEUE_FILLRATE_RISK","Opaque+dither/cutout where possible; split high-tier variants from MX350 material"
"Assets/Feel/NiceVibrations/Demo/_Common/Fonts/RobotoMono-Regular.ttf","GUI/Text Shader",3000,0,"TRANSPARENT_QUEUE_FILLRATE_RISK","Opaque+dither/cutout where possible; split high-tier variants from MX350 material"
"Assets/Feel/NiceVibrations/Demo/_Common/Shaders/MaskedUI.mat","MoreMountains/MaskedUI",3000,1,"TRANSPARENT_QUEUE_FILLRATE_RISK","Opaque+dither/cutout where possible; split high-tier variants from MX350 material"
"Assets/Feel/NiceVibrations/Demo/DemoAssets/BallDemo/Sprites/NVBallParticle.mat","UI/Unlit/Transparent",3000,0,"TRANSPARENT_QUEUE_FILLRATE_RISK","Opaque+dither/cutout where possible; split high-tier variants from MX350 material"
"Assets/Graphy - Ultimate Stats Monitor/Font/Northwest-Bold/NORTHWEST-B.otf","GUI/Text Shader",3000,0,"TRANSPARENT_QUEUE_FILLRATE_RISK","Opaque+dither/cutout where possible; split high-tier variants from MX350 material"
"Assets/Graphy - Ultimate Stats Monitor/Font/Roboto/Roboto-Bold.ttf","GUI/Text Shader",3000,0,"TRANSPARENT_QUEUE_FILLRATE_RISK","Opaque+dither/cutout where possible; split high-tier variants from MX350 material"
"Assets/Graphy - Ultimate Stats Monitor/Font/Roboto/Roboto-Regular.ttf","GUI/Text Shader",3000,0,"TRANSPARENT_QUEUE_FILLRATE_RISK","Opaque+dither/cutout where possible; split high-tier variants from MX350 material"
"Assets/Graphy - Ultimate Stats Monitor/Materials/Audio_Spectrum_Graph.mat","Graphy/Graph Standard",4500,0,"TRANSPARENT_QUEUE_FILLRATE_RISK","Opaque+dither/cutout where possible; split high-tier variants from MX350 material"
"Assets/Graphy - Ultimate Stats Monitor/Materials/Audio_Spectrum_Highest_Values_Graph.mat","Graphy/Graph Standard",4500,0,"TRANSPARENT_QUEUE_FILLRATE_RISK","Opaque+dither/cutout where possible; split high-tier variants from MX350 material"
"Assets/Graphy - Ultimate Stats Monitor/Materials/FPS_Graph.mat","Graphy/Graph Mobile",3000,0,"TRANSPARENT_QUEUE_FILLRATE_RISK","Opaque+dither/cutout where possible; split high-tier variants from MX350 material"
"Assets/Graphy - Ultimate Stats Monitor/Materials/RAM_Allocated_Graph.mat","Graphy/Graph Standard",4500,0,"TRANSPARENT_QUEUE_FILLRATE_RISK","Opaque+dither/cutout where possible; split high-tier variants from MX350 material"
"Assets/Graphy - Ultimate Stats Monitor/Materials/RAM_Mono_Graph.mat","Graphy/Graph Standard",4500,0,"TRANSPARENT_QUEUE_FILLRATE_RISK","Opaque+dither/cutout where possible; split high-tier variants from MX350 material"
"Assets/Graphy - Ultimate Stats Monitor/Materials/RAM_Reserved_Graph.mat","Graphy/Graph Standard",4500,0,"TRANSPARENT_QUEUE_FILLRATE_RISK","Opaque+dither/cutout where possible; split high-tier variants from MX350 material"
"Assets/Particle Attractor by Moonflower Carnivore/Materials/glow_dot_add.mat","Particles/Additive Intensify",3000,0,"TRANSPARENT_QUEUE_FILLRATE_RISK","Opaque+dither/cutout where possible; split high-tier variants from MX350 material"
"Assets/Particle Attractor by Moonflower Carnivore/Materials/particle trail additive intensify.mat","Particles/Additive Intensify",3000,0,"TRANSPARENT_QUEUE_FILLRATE_RISK","Opaque+dither/cutout where possible; split high-tier variants from MX350 material"
"Assets/Particle Attractor by Moonflower Carnivore/Materials/particle trail additive.mat","Mobile/Particles/Additive",3000,0,"TRANSPARENT_QUEUE_FILLRATE_RISK","Opaque+dither/cutout where possible; split high-tier variants from MX350 material"
"Assets/Plugins/DarkTonic/MasterAudio/ExampleScenes/Materials/arrow.mat","Unlit/Transparent",3000,0,"TRANSPARENT_QUEUE_FILLRATE_RISK","Opaque+dither/cutout where possible; split high-tier variants from MX350 material"
"Assets/Plugins/DarkTonic/MasterAudio/ExampleScenes/Materials/planet.mat","Unlit/Transparent",3000,0,"TRANSPARENT_QUEUE_FILLRATE_RISK","Opaque+dither/cutout where possible; split high-tier variants from MX350 material"
"Assets/Plugins/DarkTonic/MasterAudio/ExampleScenes/Materials/ship.mat","Unlit/Transparent",3000,0,"TRANSPARENT_QUEUE_FILLRATE_RISK","Opaque+dither/cutout where possible; split high-tier variants from MX350 material"
"Assets/ScifiFacility/Materials/Glass 1.mat","Triplebrick/Glass",3000,2,"TRANSPARENT_QUEUE_FILLRATE_RISK","Opaque+dither/cutout where possible; split high-tier variants from MX350 material"
"Assets/ScifiFacility/Materials/Glass 2.mat","Triplebrick/Glass",3000,2,"TRANSPARENT_QUEUE_FILLRATE_RISK","Opaque+dither/cutout where possible; split high-tier variants from MX350 material"
"Assets/ScifiFacility/Materials/Glass.mat","Triplebrick/Glass",3000,2,"TRANSPARENT_QUEUE_FILLRATE_RISK","Opaque+dither/cutout where possible; split high-tier variants from MX350 material"
"Assets/ScifiFacility/Materials/GlassWet.mat","Triplebrick/Glass",3000,2,"TRANSPARENT_QUEUE_FILLRATE_RISK","Opaque+dither/cutout where possible; split high-tier variants from MX350 material"
"Assets/ScifiFacility/Materials/Plants.mat","Universal Render Pipeline/Lit",2450,2,"TRANSPARENT_QUEUE_FILLRATE_RISK","Opaque+dither/cutout where possible; split high-tier variants from MX350 material"
"Assets/ScifiFacility/Materials/Text_01.mat","Universal Render Pipeline/Lit",2450,1,"TRANSPARENT_QUEUE_FILLRATE_RISK","Opaque+dither/cutout where possible; split high-tier variants from MX350 material"
"Assets/ScifiFacility/Materials/Text_02.mat","Universal Render Pipeline/Lit",2450,1,"TRANSPARENT_QUEUE_FILLRATE_RISK","Opaque+dither/cutout where possible; split high-tier variants from MX350 material"
"Assets/ScifiFacility/Materials/Text_03.mat","Universal Render Pipeline/Lit",2450,1,"TRANSPARENT_QUEUE_FILLRATE_RISK","Opaque+dither/cutout where possible; split high-tier variants from MX350 material"
"Assets/ScifiFacility/Materials/TransparentObjects.mat","Universal Render Pipeline/Lit",2450,2,"TRANSPARENT_QUEUE_FILLRATE_RISK","Opaque+dither/cutout where possible; split high-tier variants from MX350 material"
"Assets/Shapes/Shaders/Generated Materials/Cone Additive.mat","Shapes/Cone Additive",3000,0,"TRANSPARENT_QUEUE_FILLRATE_RISK","Opaque+dither/cutout where possible; split high-tier variants from MX350 material"
"Assets/Shapes/Shaders/Generated Materials/Cone ColorBurn.mat","Shapes/Cone ColorBurn",3000,0,"TRANSPARENT_QUEUE_FILLRATE_RISK","Opaque+dither/cutout where possible; split high-tier variants from MX350 material"
"Assets/Shapes/Shaders/Generated Materials/Cone ColorDodge.mat","Shapes/Cone ColorDodge",3000,0,"TRANSPARENT_QUEUE_FILLRATE_RISK","Opaque+dither/cutout where possible; split high-tier variants from MX350 material"
"Assets/Shapes/Shaders/Generated Materials/Cone Darken.mat","Shapes/Cone Darken",3000,0,"TRANSPARENT_QUEUE_FILLRATE_RISK","Opaque+dither/cutout where possible; split high-tier variants from MX350 material"
"Assets/Shapes/Shaders/Generated Materials/Cone Lighten.mat","Shapes/Cone Lighten",3000,0,"TRANSPARENT_QUEUE_FILLRATE_RISK","Opaque+dither/cutout where possible; split high-tier variants from MX350 material"
"Assets/Shapes/Shaders/Generated Materials/Cone LinearBurn.mat","Shapes/Cone LinearBurn",3000,0,"TRANSPARENT_QUEUE_FILLRATE_RISK","Opaque+dither/cutout where possible; split high-tier variants from MX350 material"
"Assets/Shapes/Shaders/Generated Materials/Cone Multiplicative.mat","Shapes/Cone Multiplicative",3000,0,"TRANSPARENT_QUEUE_FILLRATE_RISK","Opaque+dither/cutout where possible; split high-tier variants from MX350 material"
"Assets/Shapes/Shaders/Generated Materials/Cone Opaque.mat","Shapes/Cone Opaque",2450,0,"TRANSPARENT_QUEUE_FILLRATE_RISK","Opaque+dither/cutout where possible; split high-tier variants from MX350 material"
"Assets/Shapes/Shaders/Generated Materials/Cone Screen.mat","Shapes/Cone Screen",3000,0,"TRANSPARENT_QUEUE_FILLRATE_RISK","Opaque+dither/cutout where possible; split high-tier variants from MX350 material"
"Assets/Shapes/Shaders/Generated Materials/Cone Subtractive.mat","Shapes/Cone Subtractive",3000,0,"TRANSPARENT_QUEUE_FILLRATE_RISK","Opaque+dither/cutout where possible; split high-tier variants from MX350 material"
"Assets/Shapes/Shaders/Generated Materials/Cone Transparent.mat","Shapes/Cone Transparent",3000,0,"TRANSPARENT_QUEUE_FILLRATE_RISK","Opaque+dither/cutout where possible; split high-tier variants from MX350 material"
"Assets/Shapes/Shaders/Generated Materials/Cuboid Additive.mat","Shapes/Cuboid Additive",3000,0,"TRANSPARENT_QUEUE_FILLRATE_RISK","Opaque+dither/cutout where possible; split high-tier variants from MX350 material"
"Assets/Shapes/Shaders/Generated Materials/Cuboid ColorBurn.mat","Shapes/Cuboid ColorBurn",3000,0,"TRANSPARENT_QUEUE_FILLRATE_RISK","Opaque+dither/cutout where possible; split high-tier variants from MX350 material"
"Assets/Shapes/Shaders/Generated Materials/Cuboid ColorDodge.mat","Shapes/Cuboid ColorDodge",3000,0,"TRANSPARENT_QUEUE_FILLRATE_RISK","Opaque+dither/cutout where possible; split high-tier variants from MX350 material"
"Assets/Shapes/Shaders/Generated Materials/Cuboid Darken.mat","Shapes/Cuboid Darken",3000,0,"TRANSPARENT_QUEUE_FILLRATE_RISK","Opaque+dither/cutout where possible; split high-tier variants from MX350 material"
"Assets/Shapes/Shaders/Generated Materials/Cuboid Lighten.mat","Shapes/Cuboid Lighten",3000,0,"TRANSPARENT_QUEUE_FILLRATE_RISK","Opaque+dither/cutout where possible; split high-tier variants from MX350 material"
"Assets/Shapes/Shaders/Generated Materials/Cuboid LinearBurn.mat","Shapes/Cuboid LinearBurn",3000,0,"TRANSPARENT_QUEUE_FILLRATE_RISK","Opaque+dither/cutout where possible; split high-tier variants from MX350 material"
"Assets/Shapes/Shaders/Generated Materials/Cuboid Multiplicative.mat","Shapes/Cuboid Multiplicative",3000,0,"TRANSPARENT_QUEUE_FILLRATE_RISK","Opaque+dither/cutout where possible; split high-tier variants from MX350 material"
"Assets/Shapes/Shaders/Generated Materials/Cuboid Opaque.mat","Shapes/Cuboid Opaque",2450,0,"TRANSPARENT_QUEUE_FILLRATE_RISK","Opaque+dither/cutout where possible; split high-tier variants from MX350 material"
"Assets/Shapes/Shaders/Generated Materials/Cuboid Screen.mat","Shapes/Cuboid Screen",3000,0,"TRANSPARENT_QUEUE_FILLRATE_RISK","Opaque+dither/cutout where possible; split high-tier variants from MX350 material"
"Assets/Shapes/Shaders/Generated Materials/Cuboid Subtractive.mat","Shapes/Cuboid Subtractive",3000,0,"TRANSPARENT_QUEUE_FILLRATE_RISK","Opaque+dither/cutout where possible; split high-tier variants from MX350 material"
"Assets/Shapes/Shaders/Generated Materials/Cuboid Transparent.mat","Shapes/Cuboid Transparent",3000,0,"TRANSPARENT_QUEUE_FILLRATE_RISK","Opaque+dither/cutout where possible; split high-tier variants from MX350 material"
"Assets/Shapes/Shaders/Generated Materials/Disc Additive (INNER_RADIUS)(SECTOR).mat","Shapes/Disc Additive",3000,2,"TRANSPARENT_QUEUE_FILLRATE_RISK","Opaque+dither/cutout where possible; split high-tier variants from MX350 material"
"Assets/Shapes/Shaders/Generated Materials/Disc Additive (INNER_RADIUS).mat","Shapes/Disc Additive",3000,1,"TRANSPARENT_QUEUE_FILLRATE_RISK","Opaque+dither/cutout where possible; split high-tier variants from MX350 material"
"Assets/Shapes/Shaders/Generated Materials/Disc Additive (SECTOR).mat","Shapes/Disc Additive",3000,1,"TRANSPARENT_QUEUE_FILLRATE_RISK","Opaque+dither/cutout where possible; split high-tier variants from MX350 material"
"Assets/Shapes/Shaders/Generated Materials/Disc Additive [INNER_RADIUS].mat","Shapes/Disc Additive",3000,1,"TRANSPARENT_QUEUE_FILLRATE_RISK","Opaque+dither/cutout where possible; split high-tier variants from MX350 material"
"Assets/Shapes/Shaders/Generated Materials/Disc Additive [INNER_RADIUS][SECTOR].mat","Shapes/Disc Additive",3000,2,"TRANSPARENT_QUEUE_FILLRATE_RISK","Opaque+dither/cutout where possible; split high-tier variants from MX350 material"
"Assets/Shapes/Shaders/Generated Materials/Disc Additive [SECTOR].mat","Shapes/Disc Additive",3000,1,"TRANSPARENT_QUEUE_FILLRATE_RISK","Opaque+dither/cutout where possible; split high-tier variants from MX350 material"
"Assets/Shapes/Shaders/Generated Materials/Disc Additive.mat","Shapes/Disc Additive",3000,0,"TRANSPARENT_QUEUE_FILLRATE_RISK","Opaque+dither/cutout where possible; split high-tier variants from MX350 material"
"Assets/Shapes/Shaders/Generated Materials/Disc ColorBurn (INNER_RADIUS)(SECTOR).mat","Shapes/Disc ColorBurn",3000,2,"TRANSPARENT_QUEUE_FILLRATE_RISK","Opaque+dither/cutout where possible; split high-tier variants from MX350 material"
"Assets/Shapes/Shaders/Generated Materials/Disc ColorBurn (INNER_RADIUS).mat","Shapes/Disc ColorBurn",3000,1,"TRANSPARENT_QUEUE_FILLRATE_RISK","Opaque+dither/cutout where possible; split high-tier variants from MX350 material"
"Assets/Shapes/Shaders/Generated Materials/Disc ColorBurn (SECTOR).mat","Shapes/Disc ColorBurn",3000,1,"TRANSPARENT_QUEUE_FILLRATE_RISK","Opaque+dither/cutout where possible; split high-tier variants from MX350 material"
"Assets/Shapes/Shaders/Generated Materials/Disc ColorBurn [INNER_RADIUS].mat","Shapes/Disc ColorBurn",3000,1,"TRANSPARENT_QUEUE_FILLRATE_RISK","Opaque+dither/cutout where possible; split high-tier variants from MX350 material"
"Assets/Shapes/Shaders/Generated Materials/Disc ColorBurn [INNER_RADIUS][SECTOR].mat","Shapes/Disc ColorBurn",3000,2,"TRANSPARENT_QUEUE_FILLRATE_RISK","Opaque+dither/cutout where possible; split high-tier variants from MX350 material"
"Assets/Shapes/Shaders/Generated Materials/Disc ColorBurn [SECTOR].mat","Shapes/Disc ColorBurn",3000,1,"TRANSPARENT_QUEUE_FILLRATE_RISK","Opaque+dither/cutout where possible; split high-tier variants from MX350 material"
"Assets/Shapes/Shaders/Generated Materials/Disc ColorBurn.mat","Shapes/Disc ColorBurn",3000,0,"TRANSPARENT_QUEUE_FILLRATE_RISK","Opaque+dither/cutout where possible; split high-tier variants from MX350 material"
"Assets/Shapes/Shaders/Generated Materials/Disc ColorDodge (INNER_RADIUS)(SECTOR).mat","Shapes/Disc ColorDodge",3000,2,"TRANSPARENT_QUEUE_FILLRATE_RISK","Opaque+dither/cutout where possible; split high-tier variants from MX350 material"
"Assets/Shapes/Shaders/Generated Materials/Disc ColorDodge (INNER_RADIUS).mat","Shapes/Disc ColorDodge",3000,1,"TRANSPARENT_QUEUE_FILLRATE_RISK","Opaque+dither/cutout where possible; split high-tier variants from MX350 material"
"Assets/Shapes/Shaders/Generated Materials/Disc ColorDodge (SECTOR).mat","Shapes/Disc ColorDodge",3000,1,"TRANSPARENT_QUEUE_FILLRATE_RISK","Opaque+dither/cutout where possible; split high-tier variants from MX350 material"
"Assets/Shapes/Shaders/Generated Materials/Disc ColorDodge [INNER_RADIUS].mat","Shapes/Disc ColorDodge",3000,1,"TRANSPARENT_QUEUE_FILLRATE_RISK","Opaque+dither/cutout where possible; split high-tier variants from MX350 material"
"Assets/Shapes/Shaders/Generated Materials/Disc ColorDodge [INNER_RADIUS][SECTOR].mat","Shapes/Disc ColorDodge",3000,2,"TRANSPARENT_QUEUE_FILLRATE_RISK","Opaque+dither/cutout where possible; split high-tier variants from MX350 material"
"Assets/Shapes/Shaders/Generated Materials/Disc ColorDodge [SECTOR].mat","Shapes/Disc ColorDodge",3000,1,"TRANSPARENT_QUEUE_FILLRATE_RISK","Opaque+dither/cutout where possible; split high-tier variants from MX350 material"
"Assets/Shapes/Shaders/Generated Materials/Disc ColorDodge.mat","Shapes/Disc ColorDodge",3000,0,"TRANSPARENT_QUEUE_FILLRATE_RISK","Opaque+dither/cutout where possible; split high-tier variants from MX350 material"
"Assets/Shapes/Shaders/Generated Materials/Disc Darken (INNER_RADIUS)(SECTOR).mat","Shapes/Disc Darken",3000,2,"TRANSPARENT_QUEUE_FILLRATE_RISK","Opaque+dither/cutout where possible; split high-tier variants from MX350 material"
"Assets/Shapes/Shaders/Generated Materials/Disc Darken (INNER_RADIUS).mat","Shapes/Disc Darken",3000,1,"TRANSPARENT_QUEUE_FILLRATE_RISK","Opaque+dither/cutout where possible; split high-tier variants from MX350 material"
"Assets/Shapes/Shaders/Generated Materials/Disc Darken (SECTOR).mat","Shapes/Disc Darken",3000,1,"TRANSPARENT_QUEUE_FILLRATE_RISK","Opaque+dither/cutout where possible; split high-tier variants from MX350 material"
"Assets/Shapes/Shaders/Generated Materials/Disc Darken [INNER_RADIUS].mat","Shapes/Disc Darken",3000,1,"TRANSPARENT_QUEUE_FILLRATE_RISK","Opaque+dither/cutout where possible; split high-tier variants from MX350 material"
"Assets/Shapes/Shaders/Generated Materials/Disc Darken [INNER_RADIUS][SECTOR].mat","Shapes/Disc Darken",3000,2,"TRANSPARENT_QUEUE_FILLRATE_RISK","Opaque+dither/cutout where possible; split high-tier variants from MX350 material"
"Assets/Shapes/Shaders/Generated Materials/Disc Darken [SECTOR].mat","Shapes/Disc Darken",3000,1,"TRANSPARENT_QUEUE_FILLRATE_RISK","Opaque+dither/cutout where possible; split high-tier variants from MX350 material"
"Assets/Shapes/Shaders/Generated Materials/Disc Darken.mat","Shapes/Disc Darken",3000,0,"TRANSPARENT_QUEUE_FILLRATE_RISK","Opaque+dither/cutout where possible; split high-tier variants from MX350 material"
"Assets/Shapes/Shaders/Generated Materials/Disc Lighten (INNER_RADIUS)(SECTOR).mat","Shapes/Disc Lighten",3000,2,"TRANSPARENT_QUEUE_FILLRATE_RISK","Opaque+dither/cutout where possible; split high-tier variants from MX350 material"
"Assets/Shapes/Shaders/Generated Materials/Disc Lighten (INNER_RADIUS).mat","Shapes/Disc Lighten",3000,1,"TRANSPARENT_QUEUE_FILLRATE_RISK","Opaque+dither/cutout where possible; split high-tier variants from MX350 material"
"Assets/Shapes/Shaders/Generated Materials/Disc Lighten (SECTOR).mat","Shapes/Disc Lighten",3000,1,"TRANSPARENT_QUEUE_FILLRATE_RISK","Opaque+dither/cutout where possible; split high-tier variants from MX350 material"
"Assets/Shapes/Shaders/Generated Materials/Disc Lighten [INNER_RADIUS].mat","Shapes/Disc Lighten",3000,1,"TRANSPARENT_QUEUE_FILLRATE_RISK","Opaque+dither/cutout where possible; split high-tier variants from MX350 material"
"Assets/Shapes/Shaders/Generated Materials/Disc Lighten [INNER_RADIUS][SECTOR].mat","Shapes/Disc Lighten",3000,2,"TRANSPARENT_QUEUE_FILLRATE_RISK","Opaque+dither/cutout where possible; split high-tier variants from MX350 material"
"Assets/Shapes/Shaders/Generated Materials/Disc Lighten [SECTOR].mat","Shapes/Disc Lighten",3000,1,"TRANSPARENT_QUEUE_FILLRATE_RISK","Opaque+dither/cutout where possible; split high-tier variants from MX350 material"
"Assets/Shapes/Shaders/Generated Materials/Disc Lighten.mat","Shapes/Disc Lighten",3000,0,"TRANSPARENT_QUEUE_FILLRATE_RISK","Opaque+dither/cutout where possible; split high-tier variants from MX350 material"
"Assets/Shapes/Shaders/Generated Materials/Disc LinearBurn (INNER_RADIUS)(SECTOR).mat","Shapes/Disc LinearBurn",3000,2,"TRANSPARENT_QUEUE_FILLRATE_RISK","Opaque+dither/cutout where possible; split high-tier variants from MX350 material"
"Assets/Shapes/Shaders/Generated Materials/Disc LinearBurn (INNER_RADIUS).mat","Shapes/Disc LinearBurn",3000,1,"TRANSPARENT_QUEUE_FILLRATE_RISK","Opaque+dither/cutout where possible; split high-tier variants from MX350 material"
"Assets/Shapes/Shaders/Generated Materials/Disc LinearBurn (SECTOR).mat","Shapes/Disc LinearBurn",3000,1,"TRANSPARENT_QUEUE_FILLRATE_RISK","Opaque+dither/cutout where possible; split high-tier variants from MX350 material"
"Assets/Shapes/Shaders/Generated Materials/Disc LinearBurn [INNER_RADIUS].mat","Shapes/Disc LinearBurn",3000,1,"TRANSPARENT_QUEUE_FILLRATE_RISK","Opaque+dither/cutout where possible; split high-tier variants from MX350 material"
"Assets/Shapes/Shaders/Generated Materials/Disc LinearBurn [INNER_RADIUS][SECTOR].mat","Shapes/Disc LinearBurn",3000,2,"TRANSPARENT_QUEUE_FILLRATE_RISK","Opaque+dither/cutout where possible; split high-tier variants from MX350 material"
"Assets/Shapes/Shaders/Generated Materials/Disc LinearBurn [SECTOR].mat","Shapes/Disc LinearBurn",3000,1,"TRANSPARENT_QUEUE_FILLRATE_RISK","Opaque+dither/cutout where possible; split high-tier variants from MX350 material"
"Assets/Shapes/Shaders/Generated Materials/Disc LinearBurn.mat","Shapes/Disc LinearBurn",3000,0,"TRANSPARENT_QUEUE_FILLRATE_RISK","Opaque+dither/cutout where possible; split high-tier variants from MX350 material"
"Assets/Shapes/Shaders/Generated Materials/Disc Multiplicative (INNER_RADIUS)(SECTOR).mat","Shapes/Disc Multiplicative",3000,2,"TRANSPARENT_QUEUE_FILLRATE_RISK","Opaque+dither/cutout where possible; split high-tier variants from MX350 material"
"Assets/Shapes/Shaders/Generated Materials/Disc Multiplicative (INNER_RADIUS).mat","Shapes/Disc Multiplicative",3000,1,"TRANSPARENT_QUEUE_FILLRATE_RISK","Opaque+dither/cutout where possible; split high-tier variants from MX350 material"
"Assets/Shapes/Shaders/Generated Materials/Disc Multiplicative (SECTOR).mat","Shapes/Disc Multiplicative",3000,1,"TRANSPARENT_QUEUE_FILLRATE_RISK","Opaque+dither/cutout where possible; split high-tier variants from MX350 material"
"Assets/Shapes/Shaders/Generated Materials/Disc Multiplicative [INNER_RADIUS].mat","Shapes/Disc Multiplicative",3000,1,"TRANSPARENT_QUEUE_FILLRATE_RISK","Opaque+dither/cutout where possible; split high-tier variants from MX350 material"
"Assets/Shapes/Shaders/Generated Materials/Disc Multiplicative [INNER_RADIUS][SECTOR].mat","Shapes/Disc Multiplicative",3000,2,"TRANSPARENT_QUEUE_FILLRATE_RISK","Opaque+dither/cutout where possible; split high-tier variants from MX350 material"
"Assets/Shapes/Shaders/Generated Materials/Disc Multiplicative [SECTOR].mat","Shapes/Disc Multiplicative",3000,1,"TRANSPARENT_QUEUE_FILLRATE_RISK","Opaque+dither/cutout where possible; split high-tier variants from MX350 material"
"Assets/Shapes/Shaders/Generated Materials/Disc Multiplicative.mat","Shapes/Disc Multiplicative",3000,0,"TRANSPARENT_QUEUE_FILLRATE_RISK","Opaque+dither/cutout where possible; split high-tier variants from MX350 material"
"Assets/Shapes/Shaders/Generated Materials/Disc Opaque (INNER_RADIUS)(SECTOR).mat","Shapes/Disc Opaque",2450,2,"TRANSPARENT_QUEUE_FILLRATE_RISK","Opaque+dither/cutout where possible; split high-tier variants from MX350 material"
"Assets/Shapes/Shaders/Generated Materials/Disc Opaque (INNER_RADIUS).mat","Shapes/Disc Opaque",2450,1,"TRANSPARENT_QUEUE_FILLRATE_RISK","Opaque+dither/cutout where possible; split high-tier variants from MX350 material"
"Assets/Shapes/Shaders/Generated Materials/Disc Opaque (SECTOR).mat","Shapes/Disc Opaque",2450,1,"TRANSPARENT_QUEUE_FILLRATE_RISK","Opaque+dither/cutout where possible; split high-tier variants from MX350 material"
"Assets/Shapes/Shaders/Generated Materials/Disc Opaque [INNER_RADIUS].mat","Shapes/Disc Opaque",2450,1,"TRANSPARENT_QUEUE_FILLRATE_RISK","Opaque+dither/cutout where possible; split high-tier variants from MX350 material"
"Assets/Shapes/Shaders/Generated Materials/Disc Opaque [INNER_RADIUS][SECTOR].mat","Shapes/Disc Opaque",2450,2,"TRANSPARENT_QUEUE_FILLRATE_RISK","Opaque+dither/cutout where possible; split high-tier variants from MX350 material"
"Assets/Shapes/Shaders/Generated Materials/Disc Opaque [SECTOR].mat","Shapes/Disc Opaque",2450,1,"TRANSPARENT_QUEUE_FILLRATE_RISK","Opaque+dither/cutout where possible; split high-tier variants from MX350 material"
"Assets/Shapes/Shaders/Generated Materials/Disc Opaque.mat","Shapes/Disc Opaque",2450,0,"TRANSPARENT_QUEUE_FILLRATE_RISK","Opaque+dither/cutout where possible; split high-tier variants from MX350 material"
"Assets/Shapes/Shaders/Generated Materials/Disc Screen (INNER_RADIUS)(SECTOR).mat","Shapes/Disc Screen",3000,2,"TRANSPARENT_QUEUE_FILLRATE_RISK","Opaque+dither/cutout where possible; split high-tier variants from MX350 material"
"Assets/Shapes/Shaders/Generated Materials/Disc Screen (INNER_RADIUS).mat","Shapes/Disc Screen",3000,1,"TRANSPARENT_QUEUE_FILLRATE_RISK","Opaque+dither/cutout where possible; split high-tier variants from MX350 material"
"Assets/Shapes/Shaders/Generated Materials/Disc Screen (SECTOR).mat","Shapes/Disc Screen",3000,1,"TRANSPARENT_QUEUE_FILLRATE_RISK","Opaque+dither/cutout where possible; split high-tier variants from MX350 material"
"Assets/Shapes/Shaders/Generated Materials/Disc Screen [INNER_RADIUS].mat","Shapes/Disc Screen",3000,1,"TRANSPARENT_QUEUE_FILLRATE_RISK","Opaque+dither/cutout where possible; split high-tier variants from MX350 material"
"Assets/Shapes/Shaders/Generated Materials/Disc Screen [INNER_RADIUS][SECTOR].mat","Shapes/Disc Screen",3000,2,"TRANSPARENT_QUEUE_FILLRATE_RISK","Opaque+dither/cutout where possible; split high-tier variants from MX350 material"
"Assets/Shapes/Shaders/Generated Materials/Disc Screen [SECTOR].mat","Shapes/Disc Screen",3000,1,"TRANSPARENT_QUEUE_FILLRATE_RISK","Opaque+dither/cutout where possible; split high-tier variants from MX350 material"
"Assets/Shapes/Shaders/Generated Materials/Disc Screen.mat","Shapes/Disc Screen",3000,0,"TRANSPARENT_QUEUE_FILLRATE_RISK","Opaque+dither/cutout where possible; split high-tier variants from MX350 material"
"Assets/Shapes/Shaders/Generated Materials/Disc Subtractive (INNER_RADIUS)(SECTOR).mat","Shapes/Disc Subtractive",3000,2,"TRANSPARENT_QUEUE_FILLRATE_RISK","Opaque+dither/cutout where possible; split high-tier variants from MX350 material"
"Assets/Shapes/Shaders/Generated Materials/Disc Subtractive (INNER_RADIUS).mat","Shapes/Disc Subtractive",3000,1,"TRANSPARENT_QUEUE_FILLRATE_RISK","Opaque+dither/cutout where possible; split high-tier variants from MX350 material"
"Assets/Shapes/Shaders/Generated Materials/Disc Subtractive (SECTOR).mat","Shapes/Disc Subtractive",3000,1,"TRANSPARENT_QUEUE_FILLRATE_RISK","Opaque+dither/cutout where possible; split high-tier variants from MX350 material"
"Assets/Shapes/Shaders/Generated Materials/Disc Subtractive [INNER_RADIUS].mat","Shapes/Disc Subtractive",3000,1,"TRANSPARENT_QUEUE_FILLRATE_RISK","Opaque+dither/cutout where possible; split high-tier variants from MX350 material"
"Assets/Shapes/Shaders/Generated Materials/Disc Subtractive [INNER_RADIUS][SECTOR].mat","Shapes/Disc Subtractive",3000,2,"TRANSPARENT_QUEUE_FILLRATE_RISK","Opaque+dither/cutout where possible; split high-tier variants from MX350 material"
"Assets/Shapes/Shaders/Generated Materials/Disc Subtractive [SECTOR].mat","Shapes/Disc Subtractive",3000,1,"TRANSPARENT_QUEUE_FILLRATE_RISK","Opaque+dither/cutout where possible; split high-tier variants from MX350 material"
"Assets/Shapes/Shaders/Generated Materials/Disc Subtractive.mat","Shapes/Disc Subtractive",3000,0,"TRANSPARENT_QUEUE_FILLRATE_RISK","Opaque+dither/cutout where possible; split high-tier variants from MX350 material"
"Assets/Shapes/Shaders/Generated Materials/Disc Transparent (INNER_RADIUS)(SECTOR).mat","Shapes/Disc Transparent",3000,2,"TRANSPARENT_QUEUE_FILLRATE_RISK","Opaque+dither/cutout where possible; split high-tier variants from MX350 material"
"Assets/Shapes/Shaders/Generated Materials/Disc Transparent (INNER_RADIUS).mat","Shapes/Disc Transparent",3000,1,"TRANSPARENT_QUEUE_FILLRATE_RISK","Opaque+dither/cutout where possible; split high-tier variants from MX350 material"
"Assets/Shapes/Shaders/Generated Materials/Disc Transparent (SECTOR).mat","Shapes/Disc Transparent",3000,1,"TRANSPARENT_QUEUE_FILLRATE_RISK","Opaque+dither/cutout where possible; split high-tier variants from MX350 material"
"Assets/Shapes/Shaders/Generated Materials/Disc Transparent [INNER_RADIUS].mat","Shapes/Disc Transparent",3000,1,"TRANSPARENT_QUEUE_FILLRATE_RISK","Opaque+dither/cutout where possible; split high-tier variants from MX350 material"
"Assets/Shapes/Shaders/Generated Materials/Disc Transparent [INNER_RADIUS][SECTOR].mat","Shapes/Disc Transparent",3000,2,"TRANSPARENT_QUEUE_FILLRATE_RISK","Opaque+dither/cutout where possible; split high-tier variants from MX350 material"
"Assets/Shapes/Shaders/Generated Materials/Disc Transparent [SECTOR].mat","Shapes/Disc Transparent",3000,1,"TRANSPARENT_QUEUE_FILLRATE_RISK","Opaque+dither/cutout where possible; split high-tier variants from MX350 material"
"Assets/Shapes/Shaders/Generated Materials/Disc Transparent.mat","Shapes/Disc Transparent",3000,0,"TRANSPARENT_QUEUE_FILLRATE_RISK","Opaque+dither/cutout where possible; split high-tier variants from MX350 material"
"Assets/Shapes/Shaders/Generated Materials/Line 2D Additive (CAP_ROUND).mat","Shapes/Line 2D Additive",3000,1,"TRANSPARENT_QUEUE_FILLRATE_RISK","Opaque+dither/cutout where possible; split high-tier variants from MX350 material"
"Assets/Shapes/Shaders/Generated Materials/Line 2D Additive (CAP_SQUARE).mat","Shapes/Line 2D Additive",3000,1,"TRANSPARENT_QUEUE_FILLRATE_RISK","Opaque+dither/cutout where possible; split high-tier variants from MX350 material"
"Assets/Shapes/Shaders/Generated Materials/Line 2D Additive [CAP_ROUND].mat","Shapes/Line 2D Additive",3000,1,"TRANSPARENT_QUEUE_FILLRATE_RISK","Opaque+dither/cutout where possible; split high-tier variants from MX350 material"
"Assets/Shapes/Shaders/Generated Materials/Line 2D Additive [CAP_SQUARE].mat","Shapes/Line 2D Additive",3000,1,"TRANSPARENT_QUEUE_FILLRATE_RISK","Opaque+dither/cutout where possible; split high-tier variants from MX350 material"
"Assets/Shapes/Shaders/Generated Materials/Line 2D Additive.mat","Shapes/Line 2D Additive",3000,0,"TRANSPARENT_QUEUE_FILLRATE_RISK","Opaque+dither/cutout where possible; split high-tier variants from MX350 material"
"Assets/Shapes/Shaders/Generated Materials/Line 2D ColorBurn (CAP_ROUND).mat","Shapes/Line 2D ColorBurn",3000,1,"TRANSPARENT_QUEUE_FILLRATE_RISK","Opaque+dither/cutout where possible; split high-tier variants from MX350 material"
"Assets/Shapes/Shaders/Generated Materials/Line 2D ColorBurn (CAP_SQUARE).mat","Shapes/Line 2D ColorBurn",3000,1,"TRANSPARENT_QUEUE_FILLRATE_RISK","Opaque+dither/cutout where possible; split high-tier variants from MX350 material"
"Assets/Shapes/Shaders/Generated Materials/Line 2D ColorBurn [CAP_ROUND].mat","Shapes/Line 2D ColorBurn",3000,1,"TRANSPARENT_QUEUE_FILLRATE_RISK","Opaque+dither/cutout where possible; split high-tier variants from MX350 material"
"Assets/Shapes/Shaders/Generated Materials/Line 2D ColorBurn [CAP_SQUARE].mat","Shapes/Line 2D ColorBurn",3000,1,"TRANSPARENT_QUEUE_FILLRATE_RISK","Opaque+dither/cutout where possible; split high-tier variants from MX350 material"
"Assets/Shapes/Shaders/Generated Materials/Line 2D ColorBurn.mat","Shapes/Line 2D ColorBurn",3000,0,"TRANSPARENT_QUEUE_FILLRATE_RISK","Opaque+dither/cutout where possible; split high-tier variants from MX350 material"
"Assets/Shapes/Shaders/Generated Materials/Line 2D ColorDodge (CAP_ROUND).mat","Shapes/Line 2D ColorDodge",3000,1,"TRANSPARENT_QUEUE_FILLRATE_RISK","Opaque+dither/cutout where possible; split high-tier variants from MX350 material"
"Assets/Shapes/Shaders/Generated Materials/Line 2D ColorDodge (CAP_SQUARE).mat","Shapes/Line 2D ColorDodge",3000,1,"TRANSPARENT_QUEUE_FILLRATE_RISK","Opaque+dither/cutout where possible; split high-tier variants from MX350 material"
"Assets/Shapes/Shaders/Generated Materials/Line 2D ColorDodge [CAP_ROUND].mat","Shapes/Line 2D ColorDodge",3000,1,"TRANSPARENT_QUEUE_FILLRATE_RISK","Opaque+dither/cutout where possible; split high-tier variants from MX350 material"
"Assets/Shapes/Shaders/Generated Materials/Line 2D ColorDodge [CAP_SQUARE].mat","Shapes/Line 2D ColorDodge",3000,1,"TRANSPARENT_QUEUE_FILLRATE_RISK","Opaque+dither/cutout where possible; split high-tier variants from MX350 material"
"Assets/Shapes/Shaders/Generated Materials/Line 2D ColorDodge.mat","Shapes/Line 2D ColorDodge",3000,0,"TRANSPARENT_QUEUE_FILLRATE_RISK","Opaque+dither/cutout where possible; split high-tier variants from MX350 material"
"Assets/Shapes/Shaders/Generated Materials/Line 2D Darken (CAP_ROUND).mat","Shapes/Line 2D Darken",3000,1,"TRANSPARENT_QUEUE_FILLRATE_RISK","Opaque+dither/cutout where possible; split high-tier variants from MX350 material"
"Assets/Shapes/Shaders/Generated Materials/Line 2D Darken (CAP_SQUARE).mat","Shapes/Line 2D Darken",3000,1,"TRANSPARENT_QUEUE_FILLRATE_RISK","Opaque+dither/cutout where possible; split high-tier variants from MX350 material"
"Assets/Shapes/Shaders/Generated Materials/Line 2D Darken [CAP_ROUND].mat","Shapes/Line 2D Darken",3000,1,"TRANSPARENT_QUEUE_FILLRATE_RISK","Opaque+dither/cutout where possible; split high-tier variants from MX350 material"
"Assets/Shapes/Shaders/Generated Materials/Line 2D Darken [CAP_SQUARE].mat","Shapes/Line 2D Darken",3000,1,"TRANSPARENT_QUEUE_FILLRATE_RISK","Opaque+dither/cutout where possible; split high-tier variants from MX350 material"
"Assets/Shapes/Shaders/Generated Materials/Line 2D Darken.mat","Shapes/Line 2D Darken",3000,0,"TRANSPARENT_QUEUE_FILLRATE_RISK","Opaque+dither/cutout where possible; split high-tier variants from MX350 material"
"Assets/Shapes/Shaders/Generated Materials/Line 2D Lighten (CAP_ROUND).mat","Shapes/Line 2D Lighten",3000,1,"TRANSPARENT_QUEUE_FILLRATE_RISK","Opaque+dither/cutout where possible; split high-tier variants from MX350 material"
"Assets/Shapes/Shaders/Generated Materials/Line 2D Lighten (CAP_SQUARE).mat","Shapes/Line 2D Lighten",3000,1,"TRANSPARENT_QUEUE_FILLRATE_RISK","Opaque+dither/cutout where possible; split high-tier variants from MX350 material"
"Assets/Shapes/Shaders/Generated Materials/Line 2D Lighten [CAP_ROUND].mat","Shapes/Line 2D Lighten",3000,1,"TRANSPARENT_QUEUE_FILLRATE_RISK","Opaque+dither/cutout where possible; split high-tier variants from MX350 material"
"Assets/Shapes/Shaders/Generated Materials/Line 2D Lighten [CAP_SQUARE].mat","Shapes/Line 2D Lighten",3000,1,"TRANSPARENT_QUEUE_FILLRATE_RISK","Opaque+dither/cutout where possible; split high-tier variants from MX350 material"
"Assets/Shapes/Shaders/Generated Materials/Line 2D Lighten.mat","Shapes/Line 2D Lighten",3000,0,"TRANSPARENT_QUEUE_FILLRATE_RISK","Opaque+dither/cutout where possible; split high-tier variants from MX350 material"
"Assets/Shapes/Shaders/Generated Materials/Line 2D LinearBurn (CAP_ROUND).mat","Shapes/Line 2D LinearBurn",3000,1,"TRANSPARENT_QUEUE_FILLRATE_RISK","Opaque+dither/cutout where possible; split high-tier variants from MX350 material"
"Assets/Shapes/Shaders/Generated Materials/Line 2D LinearBurn (CAP_SQUARE).mat","Shapes/Line 2D LinearBurn",3000,1,"TRANSPARENT_QUEUE_FILLRATE_RISK","Opaque+dither/cutout where possible; split high-tier variants from MX350 material"
"Assets/Shapes/Shaders/Generated Materials/Line 2D LinearBurn [CAP_ROUND].mat","Shapes/Line 2D LinearBurn",3000,1,"TRANSPARENT_QUEUE_FILLRATE_RISK","Opaque+dither/cutout where possible; split high-tier variants from MX350 material"
"Assets/Shapes/Shaders/Generated Materials/Line 2D LinearBurn [CAP_SQUARE].mat","Shapes/Line 2D LinearBurn",3000,1,"TRANSPARENT_QUEUE_FILLRATE_RISK","Opaque+dither/cutout where possible; split high-tier variants from MX350 material"
"Assets/Shapes/Shaders/Generated Materials/Line 2D LinearBurn.mat","Shapes/Line 2D LinearBurn",3000,0,"TRANSPARENT_QUEUE_FILLRATE_RISK","Opaque+dither/cutout where possible; split high-tier variants from MX350 material"
"Assets/Shapes/Shaders/Generated Materials/Line 2D Multiplicative (CAP_ROUND).mat","Shapes/Line 2D Multiplicative",3000,1,"TRANSPARENT_QUEUE_FILLRATE_RISK","Opaque+dither/cutout where possible; split high-tier variants from MX350 material"
"Assets/Shapes/Shaders/Generated Materials/Line 2D Multiplicative (CAP_SQUARE).mat","Shapes/Line 2D Multiplicative",3000,1,"TRANSPARENT_QUEUE_FILLRATE_RISK","Opaque+dither/cutout where possible; split high-tier variants from MX350 material"
"Assets/Shapes/Shaders/Generated Materials/Line 2D Multiplicative [CAP_ROUND].mat","Shapes/Line 2D Multiplicative",3000,1,"TRANSPARENT_QUEUE_FILLRATE_RISK","Opaque+dither/cutout where possible; split high-tier variants from MX350 material"
"Assets/Shapes/Shaders/Generated Materials/Line 2D Multiplicative [CAP_SQUARE].mat","Shapes/Line 2D Multiplicative",3000,1,"TRANSPARENT_QUEUE_FILLRATE_RISK","Opaque+dither/cutout where possible; split high-tier variants from MX350 material"
"Assets/Shapes/Shaders/Generated Materials/Line 2D Multiplicative.mat","Shapes/Line 2D Multiplicative",3000,0,"TRANSPARENT_QUEUE_FILLRATE_RISK","Opaque+dither/cutout where possible; split high-tier variants from MX350 material"
"Assets/Shapes/Shaders/Generated Materials/Line 2D Opaque (CAP_ROUND).mat","Shapes/Line 2D Opaque",2450,1,"TRANSPARENT_QUEUE_FILLRATE_RISK","Opaque+dither/cutout where possible; split high-tier variants from MX350 material"
"Assets/Shapes/Shaders/Generated Materials/Line 2D Opaque (CAP_SQUARE).mat","Shapes/Line 2D Opaque",2450,1,"TRANSPARENT_QUEUE_FILLRATE_RISK","Opaque+dither/cutout where possible; split high-tier variants from MX350 material"
"Assets/Shapes/Shaders/Generated Materials/Line 2D Opaque [CAP_ROUND].mat","Shapes/Line 2D Opaque",2450,1,"TRANSPARENT_QUEUE_FILLRATE_RISK","Opaque+dither/cutout where possible; split high-tier variants from MX350 material"
"Assets/Shapes/Shaders/Generated Materials/Line 2D Opaque [CAP_SQUARE].mat","Shapes/Line 2D Opaque",2450,1,"TRANSPARENT_QUEUE_FILLRATE_RISK","Opaque+dither/cutout where possible; split high-tier variants from MX350 material"
"Assets/Shapes/Shaders/Generated Materials/Line 2D Opaque.mat","Shapes/Line 2D Opaque",2450,0,"TRANSPARENT_QUEUE_FILLRATE_RISK","Opaque+dither/cutout where possible; split high-tier variants from MX350 material"
"Assets/Shapes/Shaders/Generated Materials/Line 2D Screen (CAP_ROUND).mat","Shapes/Line 2D Screen",3000,1,"TRANSPARENT_QUEUE_FILLRATE_RISK","Opaque+dither/cutout where possible; split high-tier variants from MX350 material"
"Assets/Shapes/Shaders/Generated Materials/Line 2D Screen (CAP_SQUARE).mat","Shapes/Line 2D Screen",3000,1,"TRANSPARENT_QUEUE_FILLRATE_RISK","Opaque+dither/cutout where possible; split high-tier variants from MX350 material"
"Assets/Shapes/Shaders/Generated Materials/Line 2D Screen [CAP_ROUND].mat","Shapes/Line 2D Screen",3000,1,"TRANSPARENT_QUEUE_FILLRATE_RISK","Opaque+dither/cutout where possible; split high-tier variants from MX350 material"
"Assets/Shapes/Shaders/Generated Materials/Line 2D Screen [CAP_SQUARE].mat","Shapes/Line 2D Screen",3000,1,"TRANSPARENT_QUEUE_FILLRATE_RISK","Opaque+dither/cutout where possible; split high-tier variants from MX350 material"
"Assets/Shapes/Shaders/Generated Materials/Line 2D Screen.mat","Shapes/Line 2D Screen",3000,0,"TRANSPARENT_QUEUE_FILLRATE_RISK","Opaque+dither/cutout where possible; split high-tier variants from MX350 material"
"Assets/Shapes/Shaders/Generated Materials/Line 2D Subtractive (CAP_ROUND).mat","Shapes/Line 2D Subtractive",3000,1,"TRANSPARENT_QUEUE_FILLRATE_RISK","Opaque+dither/cutout where possible; split high-tier variants from MX350 material"
"Assets/Shapes/Shaders/Generated Materials/Line 2D Subtractive (CAP_SQUARE).mat","Shapes/Line 2D Subtractive",3000,1,"TRANSPARENT_QUEUE_FILLRATE_RISK","Opaque+dither/cutout where possible; split high-tier variants from MX350 material"
"Assets/Shapes/Shaders/Generated Materials/Line 2D Subtractive [CAP_ROUND].mat","Shapes/Line 2D Subtractive",3000,1,"TRANSPARENT_QUEUE_FILLRATE_RISK","Opaque+dither/cutout where possible; split high-tier variants from MX350 material"
"Assets/Shapes/Shaders/Generated Materials/Line 2D Subtractive [CAP_SQUARE].mat","Shapes/Line 2D Subtractive",3000,1,"TRANSPARENT_QUEUE_FILLRATE_RISK","Opaque+dither/cutout where possible; split high-tier variants from MX350 material"
"Assets/Shapes/Shaders/Generated Materials/Line 2D Subtractive.mat","Shapes/Line 2D Subtractive",3000,0,"TRANSPARENT_QUEUE_FILLRATE_RISK","Opaque+dither/cutout where possible; split high-tier variants from MX350 material"
"Assets/Shapes/Shaders/Generated Materials/Line 2D Transparent (CAP_ROUND).mat","Shapes/Line 2D Transparent",3000,1,"TRANSPARENT_QUEUE_FILLRATE_RISK","Opaque+dither/cutout where possible; split high-tier variants from MX350 material"
"Assets/Shapes/Shaders/Generated Materials/Line 2D Transparent (CAP_SQUARE).mat","Shapes/Line 2D Transparent",3000,1,"TRANSPARENT_QUEUE_FILLRATE_RISK","Opaque+dither/cutout where possible; split high-tier variants from MX350 material"
"Assets/Shapes/Shaders/Generated Materials/Line 2D Transparent [CAP_ROUND].mat","Shapes/Line 2D Transparent",3000,1,"TRANSPARENT_QUEUE_FILLRATE_RISK","Opaque+dither/cutout where possible; split high-tier variants from MX350 material"
"Assets/Shapes/Shaders/Generated Materials/Line 2D Transparent [CAP_SQUARE].mat","Shapes/Line 2D Transparent",3000,1,"TRANSPARENT_QUEUE_FILLRATE_RISK","Opaque+dither/cutout where possible; split high-tier variants from MX350 material"
"Assets/Shapes/Shaders/Generated Materials/Line 2D Transparent.mat","Shapes/Line 2D Transparent",3000,0,"TRANSPARENT_QUEUE_FILLRATE_RISK","Opaque+dither/cutout where possible; split high-tier variants from MX350 material"
"Assets/Shapes/Shaders/Generated Materials/Line 3D Additive (CAP_ROUND).mat","Shapes/Line 3D Additive",3000,1,"TRANSPARENT_QUEUE_FILLRATE_RISK","Opaque+dither/cutout where possible; split high-tier variants from MX350 material"
"Assets/Shapes/Shaders/Generated Materials/Line 3D Additive (CAP_SQUARE).mat","Shapes/Line 3D Additive",3000,1,"TRANSPARENT_QUEUE_FILLRATE_RISK","Opaque+dither/cutout where possible; split high-tier variants from MX350 material"
"Assets/Shapes/Shaders/Generated Materials/Line 3D Additive [CAP_ROUND].mat","Shapes/Line 3D Additive",3000,1,"TRANSPARENT_QUEUE_FILLRATE_RISK","Opaque+dither/cutout where possible; split high-tier variants from MX350 material"
"Assets/Shapes/Shaders/Generated Materials/Line 3D Additive [CAP_SQUARE].mat","Shapes/Line 3D Additive",3000,1,"TRANSPARENT_QUEUE_FILLRATE_RISK","Opaque+dither/cutout where possible; split high-tier variants from MX350 material"
"Assets/Shapes/Shaders/Generated Materials/Line 3D Additive.mat","Shapes/Line 3D Additive",3000,0,"TRANSPARENT_QUEUE_FILLRATE_RISK","Opaque+dither/cutout where possible; split high-tier variants from MX350 material"
"Assets/Shapes/Shaders/Generated Materials/Line 3D ColorBurn (CAP_ROUND).mat","Shapes/Line 3D ColorBurn",3000,1,"TRANSPARENT_QUEUE_FILLRATE_RISK","Opaque+dither/cutout where possible; split high-tier variants from MX350 material"
"Assets/Shapes/Shaders/Generated Materials/Line 3D ColorBurn (CAP_SQUARE).mat","Shapes/Line 3D ColorBurn",3000,1,"TRANSPARENT_QUEUE_FILLRATE_RISK","Opaque+dither/cutout where possible; split high-tier variants from MX350 material"
"Assets/Shapes/Shaders/Generated Materials/Line 3D ColorBurn [CAP_ROUND].mat","Shapes/Line 3D ColorBurn",3000,1,"TRANSPARENT_QUEUE_FILLRATE_RISK","Opaque+dither/cutout where possible; split high-tier variants from MX350 material"
"Assets/Shapes/Shaders/Generated Materials/Line 3D ColorBurn [CAP_SQUARE].mat","Shapes/Line 3D ColorBurn",3000,1,"TRANSPARENT_QUEUE_FILLRATE_RISK","Opaque+dither/cutout where possible; split high-tier variants from MX350 material"
"Assets/Shapes/Shaders/Generated Materials/Line 3D ColorBurn.mat","Shapes/Line 3D ColorBurn",3000,0,"TRANSPARENT_QUEUE_FILLRATE_RISK","Opaque+dither/cutout where possible; split high-tier variants from MX350 material"
"Assets/Shapes/Shaders/Generated Materials/Line 3D ColorDodge (CAP_ROUND).mat","Shapes/Line 3D ColorDodge",3000,1,"TRANSPARENT_QUEUE_FILLRATE_RISK","Opaque+dither/cutout where possible; split high-tier variants from MX350 material"
"Assets/Shapes/Shaders/Generated Materials/Line 3D ColorDodge (CAP_SQUARE).mat","Shapes/Line 3D ColorDodge",3000,1,"TRANSPARENT_QUEUE_FILLRATE_RISK","Opaque+dither/cutout where possible; split high-tier variants from MX350 material"
"Assets/Shapes/Shaders/Generated Materials/Line 3D ColorDodge [CAP_ROUND].mat","Shapes/Line 3D ColorDodge",3000,1,"TRANSPARENT_QUEUE_FILLRATE_RISK","Opaque+dither/cutout where possible; split high-tier variants from MX350 material"
"Assets/Shapes/Shaders/Generated Materials/Line 3D ColorDodge [CAP_SQUARE].mat","Shapes/Line 3D ColorDodge",3000,1,"TRANSPARENT_QUEUE_FILLRATE_RISK","Opaque+dither/cutout where possible; split high-tier variants from MX350 material"
"Assets/Shapes/Shaders/Generated Materials/Line 3D ColorDodge.mat","Shapes/Line 3D ColorDodge",3000,0,"TRANSPARENT_QUEUE_FILLRATE_RISK","Opaque+dither/cutout where possible; split high-tier variants from MX350 material"
"Assets/Shapes/Shaders/Generated Materials/Line 3D Darken (CAP_ROUND).mat","Shapes/Line 3D Darken",3000,1,"TRANSPARENT_QUEUE_FILLRATE_RISK","Opaque+dither/cutout where possible; split high-tier variants from MX350 material"
"Assets/Shapes/Shaders/Generated Materials/Line 3D Darken (CAP_SQUARE).mat","Shapes/Line 3D Darken",3000,1,"TRANSPARENT_QUEUE_FILLRATE_RISK","Opaque+dither/cutout where possible; split high-tier variants from MX350 material"
"Assets/Shapes/Shaders/Generated Materials/Line 3D Darken [CAP_ROUND].mat","Shapes/Line 3D Darken",3000,1,"TRANSPARENT_QUEUE_FILLRATE_RISK","Opaque+dither/cutout where possible; split high-tier variants from MX350 material"
"Assets/Shapes/Shaders/Generated Materials/Line 3D Darken [CAP_SQUARE].mat","Shapes/Line 3D Darken",3000,1,"TRANSPARENT_QUEUE_FILLRATE_RISK","Opaque+dither/cutout where possible; split high-tier variants from MX350 material"
"Assets/Shapes/Shaders/Generated Materials/Line 3D Darken.mat","Shapes/Line 3D Darken",3000,0,"TRANSPARENT_QUEUE_FILLRATE_RISK","Opaque+dither/cutout where possible; split high-tier variants from MX350 material"
"Assets/Shapes/Shaders/Generated Materials/Line 3D Lighten (CAP_ROUND).mat","Shapes/Line 3D Lighten",3000,1,"TRANSPARENT_QUEUE_FILLRATE_RISK","Opaque+dither/cutout where possible; split high-tier variants from MX350 material"
"Assets/Shapes/Shaders/Generated Materials/Line 3D Lighten (CAP_SQUARE).mat","Shapes/Line 3D Lighten",3000,1,"TRANSPARENT_QUEUE_FILLRATE_RISK","Opaque+dither/cutout where possible; split high-tier variants from MX350 material"
"Assets/Shapes/Shaders/Generated Materials/Line 3D Lighten [CAP_ROUND].mat","Shapes/Line 3D Lighten",3000,1,"TRANSPARENT_QUEUE_FILLRATE_RISK","Opaque+dither/cutout where possible; split high-tier variants from MX350 material"
"Assets/Shapes/Shaders/Generated Materials/Line 3D Lighten [CAP_SQUARE].mat","Shapes/Line 3D Lighten",3000,1,"TRANSPARENT_QUEUE_FILLRATE_RISK","Opaque+dither/cutout where possible; split high-tier variants from MX350 material"
"Assets/Shapes/Shaders/Generated Materials/Line 3D Lighten.mat","Shapes/Line 3D Lighten",3000,0,"TRANSPARENT_QUEUE_FILLRATE_RISK","Opaque+dither/cutout where possible; split high-tier variants from MX350 material"
"Assets/Shapes/Shaders/Generated Materials/Line 3D LinearBurn (CAP_ROUND).mat","Shapes/Line 3D LinearBurn",3000,1,"TRANSPARENT_QUEUE_FILLRATE_RISK","Opaque+dither/cutout where possible; split high-tier variants from MX350 material"
"Assets/Shapes/Shaders/Generated Materials/Line 3D LinearBurn (CAP_SQUARE).mat","Shapes/Line 3D LinearBurn",3000,1,"TRANSPARENT_QUEUE_FILLRATE_RISK","Opaque+dither/cutout where possible; split high-tier variants from MX350 material"
"Assets/Shapes/Shaders/Generated Materials/Line 3D LinearBurn [CAP_ROUND].mat","Shapes/Line 3D LinearBurn",3000,1,"TRANSPARENT_QUEUE_FILLRATE_RISK","Opaque+dither/cutout where possible; split high-tier variants from MX350 material"
"Assets/Shapes/Shaders/Generated Materials/Line 3D LinearBurn [CAP_SQUARE].mat","Shapes/Line 3D LinearBurn",3000,1,"TRANSPARENT_QUEUE_FILLRATE_RISK","Opaque+dither/cutout where possible; split high-tier variants from MX350 material"
"Assets/Shapes/Shaders/Generated Materials/Line 3D LinearBurn.mat","Shapes/Line 3D LinearBurn",3000,0,"TRANSPARENT_QUEUE_FILLRATE_RISK","Opaque+dither/cutout where possible; split high-tier variants from MX350 material"
"Assets/Shapes/Shaders/Generated Materials/Line 3D Multiplicative (CAP_ROUND).mat","Shapes/Line 3D Multiplicative",3000,1,"TRANSPARENT_QUEUE_FILLRATE_RISK","Opaque+dither/cutout where possible; split high-tier variants from MX350 material"
"Assets/Shapes/Shaders/Generated Materials/Line 3D Multiplicative (CAP_SQUARE).mat","Shapes/Line 3D Multiplicative",3000,1,"TRANSPARENT_QUEUE_FILLRATE_RISK","Opaque+dither/cutout where possible; split high-tier variants from MX350 material"
"Assets/Shapes/Shaders/Generated Materials/Line 3D Multiplicative [CAP_ROUND].mat","Shapes/Line 3D Multiplicative",3000,1,"TRANSPARENT_QUEUE_FILLRATE_RISK","Opaque+dither/cutout where possible; split high-tier variants from MX350 material"
"Assets/Shapes/Shaders/Generated Materials/Line 3D Multiplicative [CAP_SQUARE].mat","Shapes/Line 3D Multiplicative",3000,1,"TRANSPARENT_QUEUE_FILLRATE_RISK","Opaque+dither/cutout where possible; split high-tier variants from MX350 material"
"Assets/Shapes/Shaders/Generated Materials/Line 3D Multiplicative.mat","Shapes/Line 3D Multiplicative",3000,0,"TRANSPARENT_QUEUE_FILLRATE_RISK","Opaque+dither/cutout where possible; split high-tier variants from MX350 material"
"Assets/Shapes/Shaders/Generated Materials/Line 3D Opaque (CAP_ROUND).mat","Shapes/Line 3D Opaque",2450,1,"TRANSPARENT_QUEUE_FILLRATE_RISK","Opaque+dither/cutout where possible; split high-tier variants from MX350 material"
"Assets/Shapes/Shaders/Generated Materials/Line 3D Opaque (CAP_SQUARE).mat","Shapes/Line 3D Opaque",2450,1,"TRANSPARENT_QUEUE_FILLRATE_RISK","Opaque+dither/cutout where possible; split high-tier variants from MX350 material"
"Assets/Shapes/Shaders/Generated Materials/Line 3D Opaque [CAP_ROUND].mat","Shapes/Line 3D Opaque",2450,1,"TRANSPARENT_QUEUE_FILLRATE_RISK","Opaque+dither/cutout where possible; split high-tier variants from MX350 material"
"Assets/Shapes/Shaders/Generated Materials/Line 3D Opaque [CAP_SQUARE].mat","Shapes/Line 3D Opaque",2450,1,"TRANSPARENT_QUEUE_FILLRATE_RISK","Opaque+dither/cutout where possible; split high-tier variants from MX350 material"
"Assets/Shapes/Shaders/Generated Materials/Line 3D Opaque.mat","Shapes/Line 3D Opaque",2450,0,"TRANSPARENT_QUEUE_FILLRATE_RISK","Opaque+dither/cutout where possible; split high-tier variants from MX350 material"
"Assets/Shapes/Shaders/Generated Materials/Line 3D Screen (CAP_ROUND).mat","Shapes/Line 3D Screen",3000,1,"TRANSPARENT_QUEUE_FILLRATE_RISK","Opaque+dither/cutout where possible; split high-tier variants from MX350 material"
"Assets/Shapes/Shaders/Generated Materials/Line 3D Screen (CAP_SQUARE).mat","Shapes/Line 3D Screen",3000,1,"TRANSPARENT_QUEUE_FILLRATE_RISK","Opaque+dither/cutout where possible; split high-tier variants from MX350 material"
"Assets/Shapes/Shaders/Generated Materials/Line 3D Screen [CAP_ROUND].mat","Shapes/Line 3D Screen",3000,1,"TRANSPARENT_QUEUE_FILLRATE_RISK","Opaque+dither/cutout where possible; split high-tier variants from MX350 material"
"Assets/Shapes/Shaders/Generated Materials/Line 3D Screen [CAP_SQUARE].mat","Shapes/Line 3D Screen",3000,1,"TRANSPARENT_QUEUE_FILLRATE_RISK","Opaque+dither/cutout where possible; split high-tier variants from MX350 material"
"Assets/Shapes/Shaders/Generated Materials/Line 3D Screen.mat","Shapes/Line 3D Screen",3000,0,"TRANSPARENT_QUEUE_FILLRATE_RISK","Opaque+dither/cutout where possible; split high-tier variants from MX350 material"
"Assets/Shapes/Shaders/Generated Materials/Line 3D Subtractive (CAP_ROUND).mat","Shapes/Line 3D Subtractive",3000,1,"TRANSPARENT_QUEUE_FILLRATE_RISK","Opaque+dither/cutout where possible; split high-tier variants from MX350 material"
"Assets/Shapes/Shaders/Generated Materials/Line 3D Subtractive (CAP_SQUARE).mat","Shapes/Line 3D Subtractive",3000,1,"TRANSPARENT_QUEUE_FILLRATE_RISK","Opaque+dither/cutout where possible; split high-tier variants from MX350 material"
"Assets/Shapes/Shaders/Generated Materials/Line 3D Subtractive [CAP_ROUND].mat","Shapes/Line 3D Subtractive",3000,1,"TRANSPARENT_QUEUE_FILLRATE_RISK","Opaque+dither/cutout where possible; split high-tier variants from MX350 material"
"Assets/Shapes/Shaders/Generated Materials/Line 3D Subtractive [CAP_SQUARE].mat","Shapes/Line 3D Subtractive",3000,1,"TRANSPARENT_QUEUE_FILLRATE_RISK","Opaque+dither/cutout where possible; split high-tier variants from MX350 material"
"Assets/Shapes/Shaders/Generated Materials/Line 3D Subtractive.mat","Shapes/Line 3D Subtractive",3000,0,"TRANSPARENT_QUEUE_FILLRATE_RISK","Opaque+dither/cutout where possible; split high-tier variants from MX350 material"
"Assets/Shapes/Shaders/Generated Materials/Line 3D Transparent (CAP_ROUND).mat","Shapes/Line 3D Transparent",3000,1,"TRANSPARENT_QUEUE_FILLRATE_RISK","Opaque+dither/cutout where possible; split high-tier variants from MX350 material"
"Assets/Shapes/Shaders/Generated Materials/Line 3D Transparent (CAP_SQUARE).mat","Shapes/Line 3D Transparent",3000,1,"TRANSPARENT_QUEUE_FILLRATE_RISK","Opaque+dither/cutout where possible; split high-tier variants from MX350 material"
"Assets/Shapes/Shaders/Generated Materials/Line 3D Transparent [CAP_ROUND].mat","Shapes/Line 3D Transparent",3000,1,"TRANSPARENT_QUEUE_FILLRATE_RISK","Opaque+dither/cutout where possible; split high-tier variants from MX350 material"
"Assets/Shapes/Shaders/Generated Materials/Line 3D Transparent [CAP_SQUARE].mat","Shapes/Line 3D Transparent",3000,1,"TRANSPARENT_QUEUE_FILLRATE_RISK","Opaque+dither/cutout where possible; split high-tier variants from MX350 material"
"Assets/Shapes/Shaders/Generated Materials/Line 3D Transparent.mat","Shapes/Line 3D Transparent",3000,0,"TRANSPARENT_QUEUE_FILLRATE_RISK","Opaque+dither/cutout where possible; split high-tier variants from MX350 material"
"Assets/Shapes/Shaders/Generated Materials/Polygon Additive.mat","Shapes/Polygon Additive",3000,0,"TRANSPARENT_QUEUE_FILLRATE_RISK","Opaque+dither/cutout where possible; split high-tier variants from MX350 material"
"Assets/Shapes/Shaders/Generated Materials/Polygon ColorBurn.mat","Shapes/Polygon ColorBurn",3000,0,"TRANSPARENT_QUEUE_FILLRATE_RISK","Opaque+dither/cutout where possible; split high-tier variants from MX350 material"
"Assets/Shapes/Shaders/Generated Materials/Polygon ColorDodge.mat","Shapes/Polygon ColorDodge",3000,0,"TRANSPARENT_QUEUE_FILLRATE_RISK","Opaque+dither/cutout where possible; split high-tier variants from MX350 material"
"Assets/Shapes/Shaders/Generated Materials/Polygon Darken.mat","Shapes/Polygon Darken",3000,0,"TRANSPARENT_QUEUE_FILLRATE_RISK","Opaque+dither/cutout where possible; split high-tier variants from MX350 material"
"Assets/Shapes/Shaders/Generated Materials/Polygon Lighten.mat","Shapes/Polygon Lighten",3000,0,"TRANSPARENT_QUEUE_FILLRATE_RISK","Opaque+dither/cutout where possible; split high-tier variants from MX350 material"
"Assets/Shapes/Shaders/Generated Materials/Polygon LinearBurn.mat","Shapes/Polygon LinearBurn",3000,0,"TRANSPARENT_QUEUE_FILLRATE_RISK","Opaque+dither/cutout where possible; split high-tier variants from MX350 material"
"Assets/Shapes/Shaders/Generated Materials/Polygon Multiplicative.mat","Shapes/Polygon Multiplicative",3000,0,"TRANSPARENT_QUEUE_FILLRATE_RISK","Opaque+dither/cutout where possible; split high-tier variants from MX350 material"
"Assets/Shapes/Shaders/Generated Materials/Polygon Opaque.mat","Shapes/Polygon Opaque",2450,0,"TRANSPARENT_QUEUE_FILLRATE_RISK","Opaque+dither/cutout where possible; split high-tier variants from MX350 material"
"Assets/Shapes/Shaders/Generated Materials/Polygon Screen.mat","Shapes/Polygon Screen",3000,0,"TRANSPARENT_QUEUE_FILLRATE_RISK","Opaque+dither/cutout where possible; split high-tier variants from MX350 material"
"Assets/Shapes/Shaders/Generated Materials/Polygon Subtractive.mat","Shapes/Polygon Subtractive",3000,0,"TRANSPARENT_QUEUE_FILLRATE_RISK","Opaque+dither/cutout where possible; split high-tier variants from MX350 material"
"Assets/Shapes/Shaders/Generated Materials/Polygon Transparent.mat","Shapes/Polygon Transparent",3000,0,"TRANSPARENT_QUEUE_FILLRATE_RISK","Opaque+dither/cutout where possible; split high-tier variants from MX350 material"
"Assets/Shapes/Shaders/Generated Materials/Polyline 2D Additive (IS_JOIN_MESH)(JOIN_BEVEL).mat","Shapes/Polyline 2D Additive",3000,2,"TRANSPARENT_QUEUE_FILLRATE_RISK","Opaque+dither/cutout where possible; split high-tier variants from MX350 material"
"Assets/Shapes/Shaders/Generated Materials/Polyline 2D Additive (IS_JOIN_MESH)(JOIN_MITER).mat","Shapes/Polyline 2D Additive",3000,2,"TRANSPARENT_QUEUE_FILLRATE_RISK","Opaque+dither/cutout where possible; split high-tier variants from MX350 material"
"Assets/Shapes/Shaders/Generated Materials/Polyline 2D Additive (IS_JOIN_MESH)(JOIN_ROUND).mat","Shapes/Polyline 2D Additive",3000,2,"TRANSPARENT_QUEUE_FILLRATE_RISK","Opaque+dither/cutout where possible; split high-tier variants from MX350 material"
"Assets/Shapes/Shaders/Generated Materials/Polyline 2D Additive (IS_JOIN_MESH).mat","Shapes/Polyline 2D Additive",3000,1,"TRANSPARENT_QUEUE_FILLRATE_RISK","Opaque+dither/cutout where possible; split high-tier variants from MX350 material"
"Assets/Shapes/Shaders/Generated Materials/Polyline 2D Additive (JOIN_BEVEL).mat","Shapes/Polyline 2D Additive",3000,1,"TRANSPARENT_QUEUE_FILLRATE_RISK","Opaque+dither/cutout where possible; split high-tier variants from MX350 material"
"Assets/Shapes/Shaders/Generated Materials/Polyline 2D Additive (JOIN_MITER).mat","Shapes/Polyline 2D Additive",3000,1,"TRANSPARENT_QUEUE_FILLRATE_RISK","Opaque+dither/cutout where possible; split high-tier variants from MX350 material"
"Assets/Shapes/Shaders/Generated Materials/Polyline 2D Additive (JOIN_ROUND).mat","Shapes/Polyline 2D Additive",3000,1,"TRANSPARENT_QUEUE_FILLRATE_RISK","Opaque+dither/cutout where possible; split high-tier variants from MX350 material"
"Assets/Shapes/Shaders/Generated Materials/Polyline 2D Additive [IS_JOIN_MESH].mat","Shapes/Polyline 2D Additive",3000,1,"TRANSPARENT_QUEUE_FILLRATE_RISK","Opaque+dither/cutout where possible; split high-tier variants from MX350 material"
"Assets/Shapes/Shaders/Generated Materials/Polyline 2D Additive [IS_JOIN_MESH][JOIN_BEVEL].mat","Shapes/Polyline 2D Additive",3000,2,"TRANSPARENT_QUEUE_FILLRATE_RISK","Opaque+dither/cutout where possible; split high-tier variants from MX350 material"
"Assets/Shapes/Shaders/Generated Materials/Polyline 2D Additive [IS_JOIN_MESH][JOIN_MITER].mat","Shapes/Polyline 2D Additive",3000,2,"TRANSPARENT_QUEUE_FILLRATE_RISK","Opaque+dither/cutout where possible; split high-tier variants from MX350 material"
"Assets/Shapes/Shaders/Generated Materials/Polyline 2D Additive [IS_JOIN_MESH][JOIN_ROUND].mat","Shapes/Polyline 2D Additive",3000,2,"TRANSPARENT_QUEUE_FILLRATE_RISK","Opaque+dither/cutout where possible; split high-tier variants from MX350 material"
"Assets/Shapes/Shaders/Generated Materials/Polyline 2D Additive [JOIN_BEVEL].mat","Shapes/Polyline 2D Additive",3000,1,"TRANSPARENT_QUEUE_FILLRATE_RISK","Opaque+dither/cutout where possible; split high-tier variants from MX350 material"
"Assets/Shapes/Shaders/Generated Materials/Polyline 2D Additive [JOIN_MITER].mat","Shapes/Polyline 2D Additive",3000,1,"TRANSPARENT_QUEUE_FILLRATE_RISK","Opaque+dither/cutout where possible; split high-tier variants from MX350 material"
"Assets/Shapes/Shaders/Generated Materials/Polyline 2D Additive [JOIN_ROUND].mat","Shapes/Polyline 2D Additive",3000,1,"TRANSPARENT_QUEUE_FILLRATE_RISK","Opaque+dither/cutout where possible; split high-tier variants from MX350 material"
"Assets/Shapes/Shaders/Generated Materials/Polyline 2D Additive.mat","Shapes/Polyline 2D Additive",3000,0,"TRANSPARENT_QUEUE_FILLRATE_RISK","Opaque+dither/cutout where possible; split high-tier variants from MX350 material"
"Assets/Shapes/Shaders/Generated Materials/Polyline 2D ColorBurn (IS_JOIN_MESH)(JOIN_BEVEL).mat","Shapes/Polyline 2D ColorBurn",3000,2,"TRANSPARENT_QUEUE_FILLRATE_RISK","Opaque+dither/cutout where possible; split high-tier variants from MX350 material"
"Assets/Shapes/Shaders/Generated Materials/Polyline 2D ColorBurn (IS_JOIN_MESH)(JOIN_MITER).mat","Shapes/Polyline 2D ColorBurn",3000,2,"TRANSPARENT_QUEUE_FILLRATE_RISK","Opaque+dither/cutout where possible; split high-tier variants from MX350 material"
"Assets/Shapes/Shaders/Generated Materials/Polyline 2D ColorBurn (IS_JOIN_MESH)(JOIN_ROUND).mat","Shapes/Polyline 2D ColorBurn",3000,2,"TRANSPARENT_QUEUE_FILLRATE_RISK","Opaque+dither/cutout where possible; split high-tier variants from MX350 material"
"Assets/Shapes/Shaders/Generated Materials/Polyline 2D ColorBurn (IS_JOIN_MESH).mat","Shapes/Polyline 2D ColorBurn",3000,1,"TRANSPARENT_QUEUE_FILLRATE_RISK","Opaque+dither/cutout where possible; split high-tier variants from MX350 material"
"Assets/Shapes/Shaders/Generated Materials/Polyline 2D ColorBurn (JOIN_BEVEL).mat","Shapes/Polyline 2D ColorBurn",3000,1,"TRANSPARENT_QUEUE_FILLRATE_RISK","Opaque+dither/cutout where possible; split high-tier variants from MX350 material"
"Assets/Shapes/Shaders/Generated Materials/Polyline 2D ColorBurn (JOIN_MITER).mat","Shapes/Polyline 2D ColorBurn",3000,1,"TRANSPARENT_QUEUE_FILLRATE_RISK","Opaque+dither/cutout where possible; split high-tier variants from MX350 material"
"Assets/Shapes/Shaders/Generated Materials/Polyline 2D ColorBurn (JOIN_ROUND).mat","Shapes/Polyline 2D ColorBurn",3000,1,"TRANSPARENT_QUEUE_FILLRATE_RISK","Opaque+dither/cutout where possible; split high-tier variants from MX350 material"
"Assets/Shapes/Shaders/Generated Materials/Polyline 2D ColorBurn [IS_JOIN_MESH].mat","Shapes/Polyline 2D ColorBurn",3000,1,"TRANSPARENT_QUEUE_FILLRATE_RISK","Opaque+dither/cutout where possible; split high-tier variants from MX350 material"
"Assets/Shapes/Shaders/Generated Materials/Polyline 2D ColorBurn [IS_JOIN_MESH][JOIN_BEVEL].mat","Shapes/Polyline 2D ColorBurn",3000,2,"TRANSPARENT_QUEUE_FILLRATE_RISK","Opaque+dither/cutout where possible; split high-tier variants from MX350 material"
"Assets/Shapes/Shaders/Generated Materials/Polyline 2D ColorBurn [IS_JOIN_MESH][JOIN_MITER].mat","Shapes/Polyline 2D ColorBurn",3000,2,"TRANSPARENT_QUEUE_FILLRATE_RISK","Opaque+dither/cutout where possible; split high-tier variants from MX350 material"
"Assets/Shapes/Shaders/Generated Materials/Polyline 2D ColorBurn [IS_JOIN_MESH][JOIN_ROUND].mat","Shapes/Polyline 2D ColorBurn",3000,2,"TRANSPARENT_QUEUE_FILLRATE_RISK","Opaque+dither/cutout where possible; split high-tier variants from MX350 material"
"Assets/Shapes/Shaders/Generated Materials/Polyline 2D ColorBurn [JOIN_BEVEL].mat","Shapes/Polyline 2D ColorBurn",3000,1,"TRANSPARENT_QUEUE_FILLRATE_RISK","Opaque+dither/cutout where possible; split high-tier variants from MX350 material"
"Assets/Shapes/Shaders/Generated Materials/Polyline 2D ColorBurn [JOIN_MITER].mat","Shapes/Polyline 2D ColorBurn",3000,1,"TRANSPARENT_QUEUE_FILLRATE_RISK","Opaque+dither/cutout where possible; split high-tier variants from MX350 material"
"Assets/Shapes/Shaders/Generated Materials/Polyline 2D ColorBurn [JOIN_ROUND].mat","Shapes/Polyline 2D ColorBurn",3000,1,"TRANSPARENT_QUEUE_FILLRATE_RISK","Opaque+dither/cutout where possible; split high-tier variants from MX350 material"
"Assets/Shapes/Shaders/Generated Materials/Polyline 2D ColorBurn.mat","Shapes/Polyline 2D ColorBurn",3000,0,"TRANSPARENT_QUEUE_FILLRATE_RISK","Opaque+dither/cutout where possible; split high-tier variants from MX350 material"
"Assets/Shapes/Shaders/Generated Materials/Polyline 2D ColorDodge (IS_JOIN_MESH)(JOIN_BEVEL).mat","Shapes/Polyline 2D ColorDodge",3000,2,"TRANSPARENT_QUEUE_FILLRATE_RISK","Opaque+dither/cutout where possible; split high-tier variants from MX350 material"
"Assets/Shapes/Shaders/Generated Materials/Polyline 2D ColorDodge (IS_JOIN_MESH)(JOIN_MITER).mat","Shapes/Polyline 2D ColorDodge",3000,2,"TRANSPARENT_QUEUE_FILLRATE_RISK","Opaque+dither/cutout where possible; split high-tier variants from MX350 material"
"Assets/Shapes/Shaders/Generated Materials/Polyline 2D ColorDodge (IS_JOIN_MESH)(JOIN_ROUND).mat","Shapes/Polyline 2D ColorDodge",3000,2,"TRANSPARENT_QUEUE_FILLRATE_RISK","Opaque+dither/cutout where possible; split high-tier variants from MX350 material"
"Assets/Shapes/Shaders/Generated Materials/Polyline 2D ColorDodge (IS_JOIN_MESH).mat","Shapes/Polyline 2D ColorDodge",3000,1,"TRANSPARENT_QUEUE_FILLRATE_RISK","Opaque+dither/cutout where possible; split high-tier variants from MX350 material"
"Assets/Shapes/Shaders/Generated Materials/Polyline 2D ColorDodge (JOIN_BEVEL).mat","Shapes/Polyline 2D ColorDodge",3000,1,"TRANSPARENT_QUEUE_FILLRATE_RISK","Opaque+dither/cutout where possible; split high-tier variants from MX350 material"
"Assets/Shapes/Shaders/Generated Materials/Polyline 2D ColorDodge (JOIN_MITER).mat","Shapes/Polyline 2D ColorDodge",3000,1,"TRANSPARENT_QUEUE_FILLRATE_RISK","Opaque+dither/cutout where possible; split high-tier variants from MX350 material"
"Assets/Shapes/Shaders/Generated Materials/Polyline 2D ColorDodge (JOIN_ROUND).mat","Shapes/Polyline 2D ColorDodge",3000,1,"TRANSPARENT_QUEUE_FILLRATE_RISK","Opaque+dither/cutout where possible; split high-tier variants from MX350 material"
"Assets/Shapes/Shaders/Generated Materials/Polyline 2D ColorDodge [IS_JOIN_MESH].mat","Shapes/Polyline 2D ColorDodge",3000,1,"TRANSPARENT_QUEUE_FILLRATE_RISK","Opaque+dither/cutout where possible; split high-tier variants from MX350 material"
"Assets/Shapes/Shaders/Generated Materials/Polyline 2D ColorDodge [IS_JOIN_MESH][JOIN_BEVEL].mat","Shapes/Polyline 2D ColorDodge",3000,2,"TRANSPARENT_QUEUE_FILLRATE_RISK","Opaque+dither/cutout where possible; split high-tier variants from MX350 material"
"Assets/Shapes/Shaders/Generated Materials/Polyline 2D ColorDodge [IS_JOIN_MESH][JOIN_MITER].mat","Shapes/Polyline 2D ColorDodge",3000,2,"TRANSPARENT_QUEUE_FILLRATE_RISK","Opaque+dither/cutout where possible; split high-tier variants from MX350 material"
"Assets/Shapes/Shaders/Generated Materials/Polyline 2D ColorDodge [IS_JOIN_MESH][JOIN_ROUND].mat","Shapes/Polyline 2D ColorDodge",3000,2,"TRANSPARENT_QUEUE_FILLRATE_RISK","Opaque+dither/cutout where possible; split high-tier variants from MX350 material"
"Assets/Shapes/Shaders/Generated Materials/Polyline 2D ColorDodge [JOIN_BEVEL].mat","Shapes/Polyline 2D ColorDodge",3000,1,"TRANSPARENT_QUEUE_FILLRATE_RISK","Opaque+dither/cutout where possible; split high-tier variants from MX350 material"
"Assets/Shapes/Shaders/Generated Materials/Polyline 2D ColorDodge [JOIN_MITER].mat","Shapes/Polyline 2D ColorDodge",3000,1,"TRANSPARENT_QUEUE_FILLRATE_RISK","Opaque+dither/cutout where possible; split high-tier variants from MX350 material"
"Assets/Shapes/Shaders/Generated Materials/Polyline 2D ColorDodge [JOIN_ROUND].mat","Shapes/Polyline 2D ColorDodge",3000,1,"TRANSPARENT_QUEUE_FILLRATE_RISK","Opaque+dither/cutout where possible; split high-tier variants from MX350 material"
"Assets/Shapes/Shaders/Generated Materials/Polyline 2D ColorDodge.mat","Shapes/Polyline 2D ColorDodge",3000,0,"TRANSPARENT_QUEUE_FILLRATE_RISK","Opaque+dither/cutout where possible; split high-tier variants from MX350 material"
"Assets/Shapes/Shaders/Generated Materials/Polyline 2D Darken (IS_JOIN_MESH)(JOIN_BEVEL).mat","Shapes/Polyline 2D Darken",3000,2,"TRANSPARENT_QUEUE_FILLRATE_RISK","Opaque+dither/cutout where possible; split high-tier variants from MX350 material"
"Assets/Shapes/Shaders/Generated Materials/Polyline 2D Darken (IS_JOIN_MESH)(JOIN_MITER).mat","Shapes/Polyline 2D Darken",3000,2,"TRANSPARENT_QUEUE_FILLRATE_RISK","Opaque+dither/cutout where possible; split high-tier variants from MX350 material"
"Assets/Shapes/Shaders/Generated Materials/Polyline 2D Darken (IS_JOIN_MESH)(JOIN_ROUND).mat","Shapes/Polyline 2D Darken",3000,2,"TRANSPARENT_QUEUE_FILLRATE_RISK","Opaque+dither/cutout where possible; split high-tier variants from MX350 material"
"Assets/Shapes/Shaders/Generated Materials/Polyline 2D Darken (IS_JOIN_MESH).mat","Shapes/Polyline 2D Darken",3000,1,"TRANSPARENT_QUEUE_FILLRATE_RISK","Opaque+dither/cutout where possible; split high-tier variants from MX350 material"
"Assets/Shapes/Shaders/Generated Materials/Polyline 2D Darken (JOIN_BEVEL).mat","Shapes/Polyline 2D Darken",3000,1,"TRANSPARENT_QUEUE_FILLRATE_RISK","Opaque+dither/cutout where possible; split high-tier variants from MX350 material"
"Assets/Shapes/Shaders/Generated Materials/Polyline 2D Darken (JOIN_MITER).mat","Shapes/Polyline 2D Darken",3000,1,"TRANSPARENT_QUEUE_FILLRATE_RISK","Opaque+dither/cutout where possible; split high-tier variants from MX350 material"
"Assets/Shapes/Shaders/Generated Materials/Polyline 2D Darken (JOIN_ROUND).mat","Shapes/Polyline 2D Darken",3000,1,"TRANSPARENT_QUEUE_FILLRATE_RISK","Opaque+dither/cutout where possible; split high-tier variants from MX350 material"
"Assets/Shapes/Shaders/Generated Materials/Polyline 2D Darken [IS_JOIN_MESH].mat","Shapes/Polyline 2D Darken",3000,1,"TRANSPARENT_QUEUE_FILLRATE_RISK","Opaque+dither/cutout where possible; split high-tier variants from MX350 material"
"Assets/Shapes/Shaders/Generated Materials/Polyline 2D Darken [IS_JOIN_MESH][JOIN_BEVEL].mat","Shapes/Polyline 2D Darken",3000,2,"TRANSPARENT_QUEUE_FILLRATE_RISK","Opaque+dither/cutout where possible; split high-tier variants from MX350 material"
"Assets/Shapes/Shaders/Generated Materials/Polyline 2D Darken [IS_JOIN_MESH][JOIN_MITER].mat","Shapes/Polyline 2D Darken",3000,2,"TRANSPARENT_QUEUE_FILLRATE_RISK","Opaque+dither/cutout where possible; split high-tier variants from MX350 material"
"Assets/Shapes/Shaders/Generated Materials/Polyline 2D Darken [IS_JOIN_MESH][JOIN_ROUND].mat","Shapes/Polyline 2D Darken",3000,2,"TRANSPARENT_QUEUE_FILLRATE_RISK","Opaque+dither/cutout where possible; split high-tier variants from MX350 material"
"Assets/Shapes/Shaders/Generated Materials/Polyline 2D Darken [JOIN_BEVEL].mat","Shapes/Polyline 2D Darken",3000,1,"TRANSPARENT_QUEUE_FILLRATE_RISK","Opaque+dither/cutout where possible; split high-tier variants from MX350 material"
"Assets/Shapes/Shaders/Generated Materials/Polyline 2D Darken [JOIN_MITER].mat","Shapes/Polyline 2D Darken",3000,1,"TRANSPARENT_QUEUE_FILLRATE_RISK","Opaque+dither/cutout where possible; split high-tier variants from MX350 material"
"Assets/Shapes/Shaders/Generated Materials/Polyline 2D Darken [JOIN_ROUND].mat","Shapes/Polyline 2D Darken",3000,1,"TRANSPARENT_QUEUE_FILLRATE_RISK","Opaque+dither/cutout where possible; split high-tier variants from MX350 material"
"Assets/Shapes/Shaders/Generated Materials/Polyline 2D Darken.mat","Shapes/Polyline 2D Darken",3000,0,"TRANSPARENT_QUEUE_FILLRATE_RISK","Opaque+dither/cutout where possible; split high-tier variants from MX350 material"
"Assets/Shapes/Shaders/Generated Materials/Polyline 2D Lighten (IS_JOIN_MESH)(JOIN_BEVEL).mat","Shapes/Polyline 2D Lighten",3000,2,"TRANSPARENT_QUEUE_FILLRATE_RISK","Opaque+dither/cutout where possible; split high-tier variants from MX350 material"
"Assets/Shapes/Shaders/Generated Materials/Polyline 2D Lighten (IS_JOIN_MESH)(JOIN_MITER).mat","Shapes/Polyline 2D Lighten",3000,2,"TRANSPARENT_QUEUE_FILLRATE_RISK","Opaque+dither/cutout where possible; split high-tier variants from MX350 material"
"Assets/Shapes/Shaders/Generated Materials/Polyline 2D Lighten (IS_JOIN_MESH)(JOIN_ROUND).mat","Shapes/Polyline 2D Lighten",3000,2,"TRANSPARENT_QUEUE_FILLRATE_RISK","Opaque+dither/cutout where possible; split high-tier variants from MX350 material"
"Assets/Shapes/Shaders/Generated Materials/Polyline 2D Lighten (IS_JOIN_MESH).mat","Shapes/Polyline 2D Lighten",3000,1,"TRANSPARENT_QUEUE_FILLRATE_RISK","Opaque+dither/cutout where possible; split high-tier variants from MX350 material"
"Assets/Shapes/Shaders/Generated Materials/Polyline 2D Lighten (JOIN_BEVEL).mat","Shapes/Polyline 2D Lighten",3000,1,"TRANSPARENT_QUEUE_FILLRATE_RISK","Opaque+dither/cutout where possible; split high-tier variants from MX350 material"
"Assets/Shapes/Shaders/Generated Materials/Polyline 2D Lighten (JOIN_MITER).mat","Shapes/Polyline 2D Lighten",3000,1,"TRANSPARENT_QUEUE_FILLRATE_RISK","Opaque+dither/cutout where possible; split high-tier variants from MX350 material"
"Assets/Shapes/Shaders/Generated Materials/Polyline 2D Lighten (JOIN_ROUND).mat","Shapes/Polyline 2D Lighten",3000,1,"TRANSPARENT_QUEUE_FILLRATE_RISK","Opaque+dither/cutout where possible; split high-tier variants from MX350 material"
"Assets/Shapes/Shaders/Generated Materials/Polyline 2D Lighten [IS_JOIN_MESH].mat","Shapes/Polyline 2D Lighten",3000,1,"TRANSPARENT_QUEUE_FILLRATE_RISK","Opaque+dither/cutout where possible; split high-tier variants from MX350 material"
"Assets/Shapes/Shaders/Generated Materials/Polyline 2D Lighten [IS_JOIN_MESH][JOIN_BEVEL].mat","Shapes/Polyline 2D Lighten",3000,2,"TRANSPARENT_QUEUE_FILLRATE_RISK","Opaque+dither/cutout where possible; split high-tier variants from MX350 material"
"Assets/Shapes/Shaders/Generated Materials/Polyline 2D Lighten [IS_JOIN_MESH][JOIN_MITER].mat","Shapes/Polyline 2D Lighten",3000,2,"TRANSPARENT_QUEUE_FILLRATE_RISK","Opaque+dither/cutout where possible; split high-tier variants from MX350 material"
"Assets/Shapes/Shaders/Generated Materials/Polyline 2D Lighten [IS_JOIN_MESH][JOIN_ROUND].mat","Shapes/Polyline 2D Lighten",3000,2,"TRANSPARENT_QUEUE_FILLRATE_RISK","Opaque+dither/cutout where possible; split high-tier variants from MX350 material"
"Assets/Shapes/Shaders/Generated Materials/Polyline 2D Lighten [JOIN_BEVEL].mat","Shapes/Polyline 2D Lighten",3000,1,"TRANSPARENT_QUEUE_FILLRATE_RISK","Opaque+dither/cutout where possible; split high-tier variants from MX350 material"
"Assets/Shapes/Shaders/Generated Materials/Polyline 2D Lighten [JOIN_MITER].mat","Shapes/Polyline 2D Lighten",3000,1,"TRANSPARENT_QUEUE_FILLRATE_RISK","Opaque+dither/cutout where possible; split high-tier variants from MX350 material"
"Assets/Shapes/Shaders/Generated Materials/Polyline 2D Lighten [JOIN_ROUND].mat","Shapes/Polyline 2D Lighten",3000,1,"TRANSPARENT_QUEUE_FILLRATE_RISK","Opaque+dither/cutout where possible; split high-tier variants from MX350 material"
"Assets/Shapes/Shaders/Generated Materials/Polyline 2D Lighten.mat","Shapes/Polyline 2D Lighten",3000,0,"TRANSPARENT_QUEUE_FILLRATE_RISK","Opaque+dither/cutout where possible; split high-tier variants from MX350 material"
"Assets/Shapes/Shaders/Generated Materials/Polyline 2D LinearBurn (IS_JOIN_MESH)(JOIN_BEVEL).mat","Shapes/Polyline 2D LinearBurn",3000,2,"TRANSPARENT_QUEUE_FILLRATE_RISK","Opaque+dither/cutout where possible; split high-tier variants from MX350 material"
"Assets/Shapes/Shaders/Generated Materials/Polyline 2D LinearBurn (IS_JOIN_MESH)(JOIN_MITER).mat","Shapes/Polyline 2D LinearBurn",3000,2,"TRANSPARENT_QUEUE_FILLRATE_RISK","Opaque+dither/cutout where possible; split high-tier variants from MX350 material"
"Assets/Shapes/Shaders/Generated Materials/Polyline 2D LinearBurn (IS_JOIN_MESH)(JOIN_ROUND).mat","Shapes/Polyline 2D LinearBurn",3000,2,"TRANSPARENT_QUEUE_FILLRATE_RISK","Opaque+dither/cutout where possible; split high-tier variants from MX350 material"
"Assets/Shapes/Shaders/Generated Materials/Polyline 2D LinearBurn (IS_JOIN_MESH).mat","Shapes/Polyline 2D LinearBurn",3000,1,"TRANSPARENT_QUEUE_FILLRATE_RISK","Opaque+dither/cutout where possible; split high-tier variants from MX350 material"
"Assets/Shapes/Shaders/Generated Materials/Polyline 2D LinearBurn (JOIN_BEVEL).mat","Shapes/Polyline 2D LinearBurn",3000,1,"TRANSPARENT_QUEUE_FILLRATE_RISK","Opaque+dither/cutout where possible; split high-tier variants from MX350 material"
"Assets/Shapes/Shaders/Generated Materials/Polyline 2D LinearBurn (JOIN_MITER).mat","Shapes/Polyline 2D LinearBurn",3000,1,"TRANSPARENT_QUEUE_FILLRATE_RISK","Opaque+dither/cutout where possible; split high-tier variants from MX350 material"
"Assets/Shapes/Shaders/Generated Materials/Polyline 2D LinearBurn (JOIN_ROUND).mat","Shapes/Polyline 2D LinearBurn",3000,1,"TRANSPARENT_QUEUE_FILLRATE_RISK","Opaque+dither/cutout where possible; split high-tier variants from MX350 material"
"Assets/Shapes/Shaders/Generated Materials/Polyline 2D LinearBurn [IS_JOIN_MESH].mat","Shapes/Polyline 2D LinearBurn",3000,1,"TRANSPARENT_QUEUE_FILLRATE_RISK","Opaque+dither/cutout where possible; split high-tier variants from MX350 material"
"Assets/Shapes/Shaders/Generated Materials/Polyline 2D LinearBurn [IS_JOIN_MESH][JOIN_BEVEL].mat","Shapes/Polyline 2D LinearBurn",3000,2,"TRANSPARENT_QUEUE_FILLRATE_RISK","Opaque+dither/cutout where possible; split high-tier variants from MX350 material"
"Assets/Shapes/Shaders/Generated Materials/Polyline 2D LinearBurn [IS_JOIN_MESH][JOIN_MITER].mat","Shapes/Polyline 2D LinearBurn",3000,2,"TRANSPARENT_QUEUE_FILLRATE_RISK","Opaque+dither/cutout where possible; split high-tier variants from MX350 material"
"Assets/Shapes/Shaders/Generated Materials/Polyline 2D LinearBurn [IS_JOIN_MESH][JOIN_ROUND].mat","Shapes/Polyline 2D LinearBurn",3000,2,"TRANSPARENT_QUEUE_FILLRATE_RISK","Opaque+dither/cutout where possible; split high-tier variants from MX350 material"
"Assets/Shapes/Shaders/Generated Materials/Polyline 2D LinearBurn [JOIN_BEVEL].mat","Shapes/Polyline 2D LinearBurn",3000,1,"TRANSPARENT_QUEUE_FILLRATE_RISK","Opaque+dither/cutout where possible; split high-tier variants from MX350 material"
"Assets/Shapes/Shaders/Generated Materials/Polyline 2D LinearBurn [JOIN_MITER].mat","Shapes/Polyline 2D LinearBurn",3000,1,"TRANSPARENT_QUEUE_FILLRATE_RISK","Opaque+dither/cutout where possible; split high-tier variants from MX350 material"
"Assets/Shapes/Shaders/Generated Materials/Polyline 2D LinearBurn [JOIN_ROUND].mat","Shapes/Polyline 2D LinearBurn",3000,1,"TRANSPARENT_QUEUE_FILLRATE_RISK","Opaque+dither/cutout where possible; split high-tier variants from MX350 material"
"Assets/Shapes/Shaders/Generated Materials/Polyline 2D LinearBurn.mat","Shapes/Polyline 2D LinearBurn",3000,0,"TRANSPARENT_QUEUE_FILLRATE_RISK","Opaque+dither/cutout where possible; split high-tier variants from MX350 material"
"Assets/Shapes/Shaders/Generated Materials/Polyline 2D Multiplicative (IS_JOIN_MESH)(JOIN_BEVEL).mat","Shapes/Polyline 2D Multiplicative",3000,2,"TRANSPARENT_QUEUE_FILLRATE_RISK","Opaque+dither/cutout where possible; split high-tier variants from MX350 material"
"Assets/Shapes/Shaders/Generated Materials/Polyline 2D Multiplicative (IS_JOIN_MESH)(JOIN_MITER).mat","Shapes/Polyline 2D Multiplicative",3000,2,"TRANSPARENT_QUEUE_FILLRATE_RISK","Opaque+dither/cutout where possible; split high-tier variants from MX350 material"
"Assets/Shapes/Shaders/Generated Materials/Polyline 2D Multiplicative (IS_JOIN_MESH)(JOIN_ROUND).mat","Shapes/Polyline 2D Multiplicative",3000,2,"TRANSPARENT_QUEUE_FILLRATE_RISK","Opaque+dither/cutout where possible; split high-tier variants from MX350 material"
"Assets/Shapes/Shaders/Generated Materials/Polyline 2D Multiplicative (IS_JOIN_MESH).mat","Shapes/Polyline 2D Multiplicative",3000,1,"TRANSPARENT_QUEUE_FILLRATE_RISK","Opaque+dither/cutout where possible; split high-tier variants from MX350 material"
"Assets/Shapes/Shaders/Generated Materials/Polyline 2D Multiplicative (JOIN_BEVEL).mat","Shapes/Polyline 2D Multiplicative",3000,1,"TRANSPARENT_QUEUE_FILLRATE_RISK","Opaque+dither/cutout where possible; split high-tier variants from MX350 material"
"Assets/Shapes/Shaders/Generated Materials/Polyline 2D Multiplicative (JOIN_MITER).mat","Shapes/Polyline 2D Multiplicative",3000,1,"TRANSPARENT_QUEUE_FILLRATE_RISK","Opaque+dither/cutout where possible; split high-tier variants from MX350 material"
"Assets/Shapes/Shaders/Generated Materials/Polyline 2D Multiplicative (JOIN_ROUND).mat","Shapes/Polyline 2D Multiplicative",3000,1,"TRANSPARENT_QUEUE_FILLRATE_RISK","Opaque+dither/cutout where possible; split high-tier variants from MX350 material"
"Assets/Shapes/Shaders/Generated Materials/Polyline 2D Multiplicative [IS_JOIN_MESH].mat","Shapes/Polyline 2D Multiplicative",3000,1,"TRANSPARENT_QUEUE_FILLRATE_RISK","Opaque+dither/cutout where possible; split high-tier variants from MX350 material"
"Assets/Shapes/Shaders/Generated Materials/Polyline 2D Multiplicative [IS_JOIN_MESH][JOIN_BEVEL].mat","Shapes/Polyline 2D Multiplicative",3000,2,"TRANSPARENT_QUEUE_FILLRATE_RISK","Opaque+dither/cutout where possible; split high-tier variants from MX350 material"
"Assets/Shapes/Shaders/Generated Materials/Polyline 2D Multiplicative [IS_JOIN_MESH][JOIN_MITER].mat","Shapes/Polyline 2D Multiplicative",3000,2,"TRANSPARENT_QUEUE_FILLRATE_RISK","Opaque+dither/cutout where possible; split high-tier variants from MX350 material"
"Assets/Shapes/Shaders/Generated Materials/Polyline 2D Multiplicative [IS_JOIN_MESH][JOIN_ROUND].mat","Shapes/Polyline 2D Multiplicative",3000,2,"TRANSPARENT_QUEUE_FILLRATE_RISK","Opaque+dither/cutout where possible; split high-tier variants from MX350 material"
"Assets/Shapes/Shaders/Generated Materials/Polyline 2D Multiplicative [JOIN_BEVEL].mat","Shapes/Polyline 2D Multiplicative",3000,1,"TRANSPARENT_QUEUE_FILLRATE_RISK","Opaque+dither/cutout where possible; split high-tier variants from MX350 material"
"Assets/Shapes/Shaders/Generated Materials/Polyline 2D Multiplicative [JOIN_MITER].mat","Shapes/Polyline 2D Multiplicative",3000,1,"TRANSPARENT_QUEUE_FILLRATE_RISK","Opaque+dither/cutout where possible; split high-tier variants from MX350 material"
"Assets/Shapes/Shaders/Generated Materials/Polyline 2D Multiplicative [JOIN_ROUND].mat","Shapes/Polyline 2D Multiplicative",3000,1,"TRANSPARENT_QUEUE_FILLRATE_RISK","Opaque+dither/cutout where possible; split high-tier variants from MX350 material"
"Assets/Shapes/Shaders/Generated Materials/Polyline 2D Multiplicative.mat","Shapes/Polyline 2D Multiplicative",3000,0,"TRANSPARENT_QUEUE_FILLRATE_RISK","Opaque+dither/cutout where possible; split high-tier variants from MX350 material"
"Assets/Shapes/Shaders/Generated Materials/Polyline 2D Opaque (IS_JOIN_MESH)(JOIN_BEVEL).mat","Shapes/Polyline 2D Opaque",2450,2,"TRANSPARENT_QUEUE_FILLRATE_RISK","Opaque+dither/cutout where possible; split high-tier variants from MX350 material"
"Assets/Shapes/Shaders/Generated Materials/Polyline 2D Opaque (IS_JOIN_MESH)(JOIN_MITER).mat","Shapes/Polyline 2D Opaque",2450,2,"TRANSPARENT_QUEUE_FILLRATE_RISK","Opaque+dither/cutout where possible; split high-tier variants from MX350 material"
"Assets/Shapes/Shaders/Generated Materials/Polyline 2D Opaque (IS_JOIN_MESH)(JOIN_ROUND).mat","Shapes/Polyline 2D Opaque",2450,2,"TRANSPARENT_QUEUE_FILLRATE_RISK","Opaque+dither/cutout where possible; split high-tier variants from MX350 material"
"Assets/Shapes/Shaders/Generated Materials/Polyline 2D Opaque (IS_JOIN_MESH).mat","Shapes/Polyline 2D Opaque",2450,1,"TRANSPARENT_QUEUE_FILLRATE_RISK","Opaque+dither/cutout where possible; split high-tier variants from MX350 material"
"Assets/Shapes/Shaders/Generated Materials/Polyline 2D Opaque (JOIN_BEVEL).mat","Shapes/Polyline 2D Opaque",2450,1,"TRANSPARENT_QUEUE_FILLRATE_RISK","Opaque+dither/cutout where possible; split high-tier variants from MX350 material"
"Assets/Shapes/Shaders/Generated Materials/Polyline 2D Opaque (JOIN_MITER).mat","Shapes/Polyline 2D Opaque",2450,1,"TRANSPARENT_QUEUE_FILLRATE_RISK","Opaque+dither/cutout where possible; split high-tier variants from MX350 material"
"Assets/Shapes/Shaders/Generated Materials/Polyline 2D Opaque (JOIN_ROUND).mat","Shapes/Polyline 2D Opaque",2450,1,"TRANSPARENT_QUEUE_FILLRATE_RISK","Opaque+dither/cutout where possible; split high-tier variants from MX350 material"
"Assets/Shapes/Shaders/Generated Materials/Polyline 2D Opaque [IS_JOIN_MESH].mat","Shapes/Polyline 2D Opaque",2450,1,"TRANSPARENT_QUEUE_FILLRATE_RISK","Opaque+dither/cutout where possible; split high-tier variants from MX350 material"
"Assets/Shapes/Shaders/Generated Materials/Polyline 2D Opaque [IS_JOIN_MESH][JOIN_BEVEL].mat","Shapes/Polyline 2D Opaque",2450,2,"TRANSPARENT_QUEUE_FILLRATE_RISK","Opaque+dither/cutout where possible; split high-tier variants from MX350 material"
"Assets/Shapes/Shaders/Generated Materials/Polyline 2D Opaque [IS_JOIN_MESH][JOIN_MITER].mat","Shapes/Polyline 2D Opaque",2450,2,"TRANSPARENT_QUEUE_FILLRATE_RISK","Opaque+dither/cutout where possible; split high-tier variants from MX350 material"
"Assets/Shapes/Shaders/Generated Materials/Polyline 2D Opaque [IS_JOIN_MESH][JOIN_ROUND].mat","Shapes/Polyline 2D Opaque",2450,2,"TRANSPARENT_QUEUE_FILLRATE_RISK","Opaque+dither/cutout where possible; split high-tier variants from MX350 material"
"Assets/Shapes/Shaders/Generated Materials/Polyline 2D Opaque [JOIN_BEVEL].mat","Shapes/Polyline 2D Opaque",2450,1,"TRANSPARENT_QUEUE_FILLRATE_RISK","Opaque+dither/cutout where possible; split high-tier variants from MX350 material"
"Assets/Shapes/Shaders/Generated Materials/Polyline 2D Opaque [JOIN_MITER].mat","Shapes/Polyline 2D Opaque",2450,1,"TRANSPARENT_QUEUE_FILLRATE_RISK","Opaque+dither/cutout where possible; split high-tier variants from MX350 material"
"Assets/Shapes/Shaders/Generated Materials/Polyline 2D Opaque [JOIN_ROUND].mat","Shapes/Polyline 2D Opaque",2450,1,"TRANSPARENT_QUEUE_FILLRATE_RISK","Opaque+dither/cutout where possible; split high-tier variants from MX350 material"
"Assets/Shapes/Shaders/Generated Materials/Polyline 2D Opaque.mat","Shapes/Polyline 2D Opaque",2450,0,"TRANSPARENT_QUEUE_FILLRATE_RISK","Opaque+dither/cutout where possible; split high-tier variants from MX350 material"
"Assets/Shapes/Shaders/Generated Materials/Polyline 2D Screen (IS_JOIN_MESH)(JOIN_BEVEL).mat","Shapes/Polyline 2D Screen",3000,2,"TRANSPARENT_QUEUE_FILLRATE_RISK","Opaque+dither/cutout where possible; split high-tier variants from MX350 material"
"Assets/Shapes/Shaders/Generated Materials/Polyline 2D Screen (IS_JOIN_MESH)(JOIN_MITER).mat","Shapes/Polyline 2D Screen",3000,2,"TRANSPARENT_QUEUE_FILLRATE_RISK","Opaque+dither/cutout where possible; split high-tier variants from MX350 material"
"Assets/Shapes/Shaders/Generated Materials/Polyline 2D Screen (IS_JOIN_MESH)(JOIN_ROUND).mat","Shapes/Polyline 2D Screen",3000,2,"TRANSPARENT_QUEUE_FILLRATE_RISK","Opaque+dither/cutout where possible; split high-tier variants from MX350 material"
"Assets/Shapes/Shaders/Generated Materials/Polyline 2D Screen (IS_JOIN_MESH).mat","Shapes/Polyline 2D Screen",3000,1,"TRANSPARENT_QUEUE_FILLRATE_RISK","Opaque+dither/cutout where possible; split high-tier variants from MX350 material"
"Assets/Shapes/Shaders/Generated Materials/Polyline 2D Screen (JOIN_BEVEL).mat","Shapes/Polyline 2D Screen",3000,1,"TRANSPARENT_QUEUE_FILLRATE_RISK","Opaque+dither/cutout where possible; split high-tier variants from MX350 material"
"Assets/Shapes/Shaders/Generated Materials/Polyline 2D Screen (JOIN_MITER).mat","Shapes/Polyline 2D Screen",3000,1,"TRANSPARENT_QUEUE_FILLRATE_RISK","Opaque+dither/cutout where possible; split high-tier variants from MX350 material"
"Assets/Shapes/Shaders/Generated Materials/Polyline 2D Screen (JOIN_ROUND).mat","Shapes/Polyline 2D Screen",3000,1,"TRANSPARENT_QUEUE_FILLRATE_RISK","Opaque+dither/cutout where possible; split high-tier variants from MX350 material"
"Assets/Shapes/Shaders/Generated Materials/Polyline 2D Screen [IS_JOIN_MESH].mat","Shapes/Polyline 2D Screen",3000,1,"TRANSPARENT_QUEUE_FILLRATE_RISK","Opaque+dither/cutout where possible; split high-tier variants from MX350 material"
"Assets/Shapes/Shaders/Generated Materials/Polyline 2D Screen [IS_JOIN_MESH][JOIN_BEVEL].mat","Shapes/Polyline 2D Screen",3000,2,"TRANSPARENT_QUEUE_FILLRATE_RISK","Opaque+dither/cutout where possible; split high-tier variants from MX350 material"
"Assets/Shapes/Shaders/Generated Materials/Polyline 2D Screen [IS_JOIN_MESH][JOIN_MITER].mat","Shapes/Polyline 2D Screen",3000,2,"TRANSPARENT_QUEUE_FILLRATE_RISK","Opaque+dither/cutout where possible; split high-tier variants from MX350 material"
"Assets/Shapes/Shaders/Generated Materials/Polyline 2D Screen [IS_JOIN_MESH][JOIN_ROUND].mat","Shapes/Polyline 2D Screen",3000,2,"TRANSPARENT_QUEUE_FILLRATE_RISK","Opaque+dither/cutout where possible; split high-tier variants from MX350 material"
"Assets/Shapes/Shaders/Generated Materials/Polyline 2D Screen [JOIN_BEVEL].mat","Shapes/Polyline 2D Screen",3000,1,"TRANSPARENT_QUEUE_FILLRATE_RISK","Opaque+dither/cutout where possible; split high-tier variants from MX350 material"
"Assets/Shapes/Shaders/Generated Materials/Polyline 2D Screen [JOIN_MITER].mat","Shapes/Polyline 2D Screen",3000,1,"TRANSPARENT_QUEUE_FILLRATE_RISK","Opaque+dither/cutout where possible; split high-tier variants from MX350 material"
"Assets/Shapes/Shaders/Generated Materials/Polyline 2D Screen [JOIN_ROUND].mat","Shapes/Polyline 2D Screen",3000,1,"TRANSPARENT_QUEUE_FILLRATE_RISK","Opaque+dither/cutout where possible; split high-tier variants from MX350 material"
"Assets/Shapes/Shaders/Generated Materials/Polyline 2D Screen.mat","Shapes/Polyline 2D Screen",3000,0,"TRANSPARENT_QUEUE_FILLRATE_RISK","Opaque+dither/cutout where possible; split high-tier variants from MX350 material"
"Assets/Shapes/Shaders/Generated Materials/Polyline 2D Subtractive (IS_JOIN_MESH)(JOIN_BEVEL).mat","Shapes/Polyline 2D Subtractive",3000,2,"TRANSPARENT_QUEUE_FILLRATE_RISK","Opaque+dither/cutout where possible; split high-tier variants from MX350 material"
"Assets/Shapes/Shaders/Generated Materials/Polyline 2D Subtractive (IS_JOIN_MESH)(JOIN_MITER).mat","Shapes/Polyline 2D Subtractive",3000,2,"TRANSPARENT_QUEUE_FILLRATE_RISK","Opaque+dither/cutout where possible; split high-tier variants from MX350 material"
"Assets/Shapes/Shaders/Generated Materials/Polyline 2D Subtractive (IS_JOIN_MESH)(JOIN_ROUND).mat","Shapes/Polyline 2D Subtractive",3000,2,"TRANSPARENT_QUEUE_FILLRATE_RISK","Opaque+dither/cutout where possible; split high-tier variants from MX350 material"
"Assets/Shapes/Shaders/Generated Materials/Polyline 2D Subtractive (IS_JOIN_MESH).mat","Shapes/Polyline 2D Subtractive",3000,1,"TRANSPARENT_QUEUE_FILLRATE_RISK","Opaque+dither/cutout where possible; split high-tier variants from MX350 material"
"Assets/Shapes/Shaders/Generated Materials/Polyline 2D Subtractive (JOIN_BEVEL).mat","Shapes/Polyline 2D Subtractive",3000,1,"TRANSPARENT_QUEUE_FILLRATE_RISK","Opaque+dither/cutout where possible; split high-tier variants from MX350 material"
"Assets/Shapes/Shaders/Generated Materials/Polyline 2D Subtractive (JOIN_MITER).mat","Shapes/Polyline 2D Subtractive",3000,1,"TRANSPARENT_QUEUE_FILLRATE_RISK","Opaque+dither/cutout where possible; split high-tier variants from MX350 material"
"Assets/Shapes/Shaders/Generated Materials/Polyline 2D Subtractive (JOIN_ROUND).mat","Shapes/Polyline 2D Subtractive",3000,1,"TRANSPARENT_QUEUE_FILLRATE_RISK","Opaque+dither/cutout where possible; split high-tier variants from MX350 material"
"Assets/Shapes/Shaders/Generated Materials/Polyline 2D Subtractive [IS_JOIN_MESH].mat","Shapes/Polyline 2D Subtractive",3000,1,"TRANSPARENT_QUEUE_FILLRATE_RISK","Opaque+dither/cutout where possible; split high-tier variants from MX350 material"
"Assets/Shapes/Shaders/Generated Materials/Polyline 2D Subtractive [IS_JOIN_MESH][JOIN_BEVEL].mat","Shapes/Polyline 2D Subtractive",3000,2,"TRANSPARENT_QUEUE_FILLRATE_RISK","Opaque+dither/cutout where possible; split high-tier variants from MX350 material"
"Assets/Shapes/Shaders/Generated Materials/Polyline 2D Subtractive [IS_JOIN_MESH][JOIN_MITER].mat","Shapes/Polyline 2D Subtractive",3000,2,"TRANSPARENT_QUEUE_FILLRATE_RISK","Opaque+dither/cutout where possible; split high-tier variants from MX350 material"
"Assets/Shapes/Shaders/Generated Materials/Polyline 2D Subtractive [IS_JOIN_MESH][JOIN_ROUND].mat","Shapes/Polyline 2D Subtractive",3000,2,"TRANSPARENT_QUEUE_FILLRATE_RISK","Opaque+dither/cutout where possible; split high-tier variants from MX350 material"
"Assets/Shapes/Shaders/Generated Materials/Polyline 2D Subtractive [JOIN_BEVEL].mat","Shapes/Polyline 2D Subtractive",3000,1,"TRANSPARENT_QUEUE_FILLRATE_RISK","Opaque+dither/cutout where possible; split high-tier variants from MX350 material"
"Assets/Shapes/Shaders/Generated Materials/Polyline 2D Subtractive [JOIN_MITER].mat","Shapes/Polyline 2D Subtractive",3000,1,"TRANSPARENT_QUEUE_FILLRATE_RISK","Opaque+dither/cutout where possible; split high-tier variants from MX350 material"
"Assets/Shapes/Shaders/Generated Materials/Polyline 2D Subtractive [JOIN_ROUND].mat","Shapes/Polyline 2D Subtractive",3000,1,"TRANSPARENT_QUEUE_FILLRATE_RISK","Opaque+dither/cutout where possible; split high-tier variants from MX350 material"
"Assets/Shapes/Shaders/Generated Materials/Polyline 2D Subtractive.mat","Shapes/Polyline 2D Subtractive",3000,0,"TRANSPARENT_QUEUE_FILLRATE_RISK","Opaque+dither/cutout where possible; split high-tier variants from MX350 material"
"Assets/Shapes/Shaders/Generated Materials/Polyline 2D Transparent (IS_JOIN_MESH)(JOIN_BEVEL).mat","Shapes/Polyline 2D Transparent",3000,2,"TRANSPARENT_QUEUE_FILLRATE_RISK","Opaque+dither/cutout where possible; split high-tier variants from MX350 material"
"Assets/Shapes/Shaders/Generated Materials/Polyline 2D Transparent (IS_JOIN_MESH)(JOIN_MITER).mat","Shapes/Polyline 2D Transparent",3000,2,"TRANSPARENT_QUEUE_FILLRATE_RISK","Opaque+dither/cutout where possible; split high-tier variants from MX350 material"
"Assets/Shapes/Shaders/Generated Materials/Polyline 2D Transparent (IS_JOIN_MESH)(JOIN_ROUND).mat","Shapes/Polyline 2D Transparent",3000,2,"TRANSPARENT_QUEUE_FILLRATE_RISK","Opaque+dither/cutout where possible; split high-tier variants from MX350 material"
"Assets/Shapes/Shaders/Generated Materials/Polyline 2D Transparent (IS_JOIN_MESH).mat","Shapes/Polyline 2D Transparent",3000,1,"TRANSPARENT_QUEUE_FILLRATE_RISK","Opaque+dither/cutout where possible; split high-tier variants from MX350 material"
"Assets/Shapes/Shaders/Generated Materials/Polyline 2D Transparent (JOIN_BEVEL).mat","Shapes/Polyline 2D Transparent",3000,1,"TRANSPARENT_QUEUE_FILLRATE_RISK","Opaque+dither/cutout where possible; split high-tier variants from MX350 material"
"Assets/Shapes/Shaders/Generated Materials/Polyline 2D Transparent (JOIN_MITER).mat","Shapes/Polyline 2D Transparent",3000,1,"TRANSPARENT_QUEUE_FILLRATE_RISK","Opaque+dither/cutout where possible; split high-tier variants from MX350 material"
"Assets/Shapes/Shaders/Generated Materials/Polyline 2D Transparent (JOIN_ROUND).mat","Shapes/Polyline 2D Transparent",3000,1,"TRANSPARENT_QUEUE_FILLRATE_RISK","Opaque+dither/cutout where possible; split high-tier variants from MX350 material"
"Assets/Shapes/Shaders/Generated Materials/Polyline 2D Transparent [IS_JOIN_MESH].mat","Shapes/Polyline 2D Transparent",3000,1,"TRANSPARENT_QUEUE_FILLRATE_RISK","Opaque+dither/cutout where possible; split high-tier variants from MX350 material"
"Assets/Shapes/Shaders/Generated Materials/Polyline 2D Transparent [IS_JOIN_MESH][JOIN_BEVEL].mat","Shapes/Polyline 2D Transparent",3000,2,"TRANSPARENT_QUEUE_FILLRATE_RISK","Opaque+dither/cutout where possible; split high-tier variants from MX350 material"
"Assets/Shapes/Shaders/Generated Materials/Polyline 2D Transparent [IS_JOIN_MESH][JOIN_MITER].mat","Shapes/Polyline 2D Transparent",3000,2,"TRANSPARENT_QUEUE_FILLRATE_RISK","Opaque+dither/cutout where possible; split high-tier variants from MX350 material"
"Assets/Shapes/Shaders/Generated Materials/Polyline 2D Transparent [IS_JOIN_MESH][JOIN_ROUND].mat","Shapes/Polyline 2D Transparent",3000,2,"TRANSPARENT_QUEUE_FILLRATE_RISK","Opaque+dither/cutout where possible; split high-tier variants from MX350 material"
"Assets/Shapes/Shaders/Generated Materials/Polyline 2D Transparent [JOIN_BEVEL].mat","Shapes/Polyline 2D Transparent",3000,1,"TRANSPARENT_QUEUE_FILLRATE_RISK","Opaque+dither/cutout where possible; split high-tier variants from MX350 material"
"Assets/Shapes/Shaders/Generated Materials/Polyline 2D Transparent [JOIN_MITER].mat","Shapes/Polyline 2D Transparent",3000,1,"TRANSPARENT_QUEUE_FILLRATE_RISK","Opaque+dither/cutout where possible; split high-tier variants from MX350 material"
"Assets/Shapes/Shaders/Generated Materials/Polyline 2D Transparent [JOIN_ROUND].mat","Shapes/Polyline 2D Transparent",3000,1,"TRANSPARENT_QUEUE_FILLRATE_RISK","Opaque+dither/cutout where possible; split high-tier variants from MX350 material"
"Assets/Shapes/Shaders/Generated Materials/Polyline 2D Transparent.mat","Shapes/Polyline 2D Transparent",3000,0,"TRANSPARENT_QUEUE_FILLRATE_RISK","Opaque+dither/cutout where possible; split high-tier variants from MX350 material"
"Assets/Shapes/Shaders/Generated Materials/Quad Additive.mat","Shapes/Quad Additive",3000,0,"TRANSPARENT_QUEUE_FILLRATE_RISK","Opaque+dither/cutout where possible; split high-tier variants from MX350 material"
"Assets/Shapes/Shaders/Generated Materials/Quad ColorBurn.mat","Shapes/Quad ColorBurn",3000,0,"TRANSPARENT_QUEUE_FILLRATE_RISK","Opaque+dither/cutout where possible; split high-tier variants from MX350 material"
"Assets/Shapes/Shaders/Generated Materials/Quad ColorDodge.mat","Shapes/Quad ColorDodge",3000,0,"TRANSPARENT_QUEUE_FILLRATE_RISK","Opaque+dither/cutout where possible; split high-tier variants from MX350 material"
"Assets/Shapes/Shaders/Generated Materials/Quad Darken.mat","Shapes/Quad Darken",3000,0,"TRANSPARENT_QUEUE_FILLRATE_RISK","Opaque+dither/cutout where possible; split high-tier variants from MX350 material"
"Assets/Shapes/Shaders/Generated Materials/Quad Lighten.mat","Shapes/Quad Lighten",3000,0,"TRANSPARENT_QUEUE_FILLRATE_RISK","Opaque+dither/cutout where possible; split high-tier variants from MX350 material"
"Assets/Shapes/Shaders/Generated Materials/Quad LinearBurn.mat","Shapes/Quad LinearBurn",3000,0,"TRANSPARENT_QUEUE_FILLRATE_RISK","Opaque+dither/cutout where possible; split high-tier variants from MX350 material"
"Assets/Shapes/Shaders/Generated Materials/Quad Multiplicative.mat","Shapes/Quad Multiplicative",3000,0,"TRANSPARENT_QUEUE_FILLRATE_RISK","Opaque+dither/cutout where possible; split high-tier variants from MX350 material"
"Assets/Shapes/Shaders/Generated Materials/Quad Opaque.mat","Shapes/Quad Opaque",2450,0,"TRANSPARENT_QUEUE_FILLRATE_RISK","Opaque+dither/cutout where possible; split high-tier variants from MX350 material"
"Assets/Shapes/Shaders/Generated Materials/Quad Screen.mat","Shapes/Quad Screen",3000,0,"TRANSPARENT_QUEUE_FILLRATE_RISK","Opaque+dither/cutout where possible; split high-tier variants from MX350 material"
"Assets/Shapes/Shaders/Generated Materials/Quad Subtractive.mat","Shapes/Quad Subtractive",3000,0,"TRANSPARENT_QUEUE_FILLRATE_RISK","Opaque+dither/cutout where possible; split high-tier variants from MX350 material"
"Assets/Shapes/Shaders/Generated Materials/Quad Transparent.mat","Shapes/Quad Transparent",3000,0,"TRANSPARENT_QUEUE_FILLRATE_RISK","Opaque+dither/cutout where possible; split high-tier variants from MX350 material"
"Assets/Shapes/Shaders/Generated Materials/Rect Additive (BORDERED).mat","Shapes/Rect Additive",3000,1,"TRANSPARENT_QUEUE_FILLRATE_RISK","Opaque+dither/cutout where possible; split high-tier variants from MX350 material"
"Assets/Shapes/Shaders/Generated Materials/Rect Additive (CORNER_RADIUS)(BORDERED).mat","Shapes/Rect Additive",3000,2,"TRANSPARENT_QUEUE_FILLRATE_RISK","Opaque+dither/cutout where possible; split high-tier variants from MX350 material"
"Assets/Shapes/Shaders/Generated Materials/Rect Additive (CORNER_RADIUS).mat","Shapes/Rect Additive",3000,1,"TRANSPARENT_QUEUE_FILLRATE_RISK","Opaque+dither/cutout where possible; split high-tier variants from MX350 material"
"Assets/Shapes/Shaders/Generated Materials/Rect Additive [BORDERED].mat","Shapes/Rect Additive",3000,1,"TRANSPARENT_QUEUE_FILLRATE_RISK","Opaque+dither/cutout where possible; split high-tier variants from MX350 material"
"Assets/Shapes/Shaders/Generated Materials/Rect Additive [CORNER_RADIUS].mat","Shapes/Rect Additive",3000,1,"TRANSPARENT_QUEUE_FILLRATE_RISK","Opaque+dither/cutout where possible; split high-tier variants from MX350 material"
"Assets/Shapes/Shaders/Generated Materials/Rect Additive [CORNER_RADIUS][BORDERED].mat","Shapes/Rect Additive",3000,2,"TRANSPARENT_QUEUE_FILLRATE_RISK","Opaque+dither/cutout where possible; split high-tier variants from MX350 material"
"Assets/Shapes/Shaders/Generated Materials/Rect Additive.mat","Shapes/Rect Additive",3000,0,"TRANSPARENT_QUEUE_FILLRATE_RISK","Opaque+dither/cutout where possible; split high-tier variants from MX350 material"
"Assets/Shapes/Shaders/Generated Materials/Rect ColorBurn (BORDERED).mat","Shapes/Rect ColorBurn",3000,1,"TRANSPARENT_QUEUE_FILLRATE_RISK","Opaque+dither/cutout where possible; split high-tier variants from MX350 material"
"Assets/Shapes/Shaders/Generated Materials/Rect ColorBurn (CORNER_RADIUS)(BORDERED).mat","Shapes/Rect ColorBurn",3000,2,"TRANSPARENT_QUEUE_FILLRATE_RISK","Opaque+dither/cutout where possible; split high-tier variants from MX350 material"
"Assets/Shapes/Shaders/Generated Materials/Rect ColorBurn (CORNER_RADIUS).mat","Shapes/Rect ColorBurn",3000,1,"TRANSPARENT_QUEUE_FILLRATE_RISK","Opaque+dither/cutout where possible; split high-tier variants from MX350 material"
"Assets/Shapes/Shaders/Generated Materials/Rect ColorBurn [BORDERED].mat","Shapes/Rect ColorBurn",3000,1,"TRANSPARENT_QUEUE_FILLRATE_RISK","Opaque+dither/cutout where possible; split high-tier variants from MX350 material"
"Assets/Shapes/Shaders/Generated Materials/Rect ColorBurn [CORNER_RADIUS].mat","Shapes/Rect ColorBurn",3000,1,"TRANSPARENT_QUEUE_FILLRATE_RISK","Opaque+dither/cutout where possible; split high-tier variants from MX350 material"
"Assets/Shapes/Shaders/Generated Materials/Rect ColorBurn [CORNER_RADIUS][BORDERED].mat","Shapes/Rect ColorBurn",3000,2,"TRANSPARENT_QUEUE_FILLRATE_RISK","Opaque+dither/cutout where possible; split high-tier variants from MX350 material"
"Assets/Shapes/Shaders/Generated Materials/Rect ColorBurn.mat","Shapes/Rect ColorBurn",3000,0,"TRANSPARENT_QUEUE_FILLRATE_RISK","Opaque+dither/cutout where possible; split high-tier variants from MX350 material"
"Assets/Shapes/Shaders/Generated Materials/Rect ColorDodge (BORDERED).mat","Shapes/Rect ColorDodge",3000,1,"TRANSPARENT_QUEUE_FILLRATE_RISK","Opaque+dither/cutout where possible; split high-tier variants from MX350 material"
"Assets/Shapes/Shaders/Generated Materials/Rect ColorDodge (CORNER_RADIUS)(BORDERED).mat","Shapes/Rect ColorDodge",3000,2,"TRANSPARENT_QUEUE_FILLRATE_RISK","Opaque+dither/cutout where possible; split high-tier variants from MX350 material"
"Assets/Shapes/Shaders/Generated Materials/Rect ColorDodge (CORNER_RADIUS).mat","Shapes/Rect ColorDodge",3000,1,"TRANSPARENT_QUEUE_FILLRATE_RISK","Opaque+dither/cutout where possible; split high-tier variants from MX350 material"
"Assets/Shapes/Shaders/Generated Materials/Rect ColorDodge [BORDERED].mat","Shapes/Rect ColorDodge",3000,1,"TRANSPARENT_QUEUE_FILLRATE_RISK","Opaque+dither/cutout where possible; split high-tier variants from MX350 material"
"Assets/Shapes/Shaders/Generated Materials/Rect ColorDodge [CORNER_RADIUS].mat","Shapes/Rect ColorDodge",3000,1,"TRANSPARENT_QUEUE_FILLRATE_RISK","Opaque+dither/cutout where possible; split high-tier variants from MX350 material"
"Assets/Shapes/Shaders/Generated Materials/Rect ColorDodge [CORNER_RADIUS][BORDERED].mat","Shapes/Rect ColorDodge",3000,2,"TRANSPARENT_QUEUE_FILLRATE_RISK","Opaque+dither/cutout where possible; split high-tier variants from MX350 material"
"Assets/Shapes/Shaders/Generated Materials/Rect ColorDodge.mat","Shapes/Rect ColorDodge",3000,0,"TRANSPARENT_QUEUE_FILLRATE_RISK","Opaque+dither/cutout where possible; split high-tier variants from MX350 material"
"Assets/Shapes/Shaders/Generated Materials/Rect Darken (BORDERED).mat","Shapes/Rect Darken",3000,1,"TRANSPARENT_QUEUE_FILLRATE_RISK","Opaque+dither/cutout where possible; split high-tier variants from MX350 material"
"Assets/Shapes/Shaders/Generated Materials/Rect Darken (CORNER_RADIUS)(BORDERED).mat","Shapes/Rect Darken",3000,2,"TRANSPARENT_QUEUE_FILLRATE_RISK","Opaque+dither/cutout where possible; split high-tier variants from MX350 material"
"Assets/Shapes/Shaders/Generated Materials/Rect Darken (CORNER_RADIUS).mat","Shapes/Rect Darken",3000,1,"TRANSPARENT_QUEUE_FILLRATE_RISK","Opaque+dither/cutout where possible; split high-tier variants from MX350 material"
"Assets/Shapes/Shaders/Generated Materials/Rect Darken [BORDERED].mat","Shapes/Rect Darken",3000,1,"TRANSPARENT_QUEUE_FILLRATE_RISK","Opaque+dither/cutout where possible; split high-tier variants from MX350 material"
"Assets/Shapes/Shaders/Generated Materials/Rect Darken [CORNER_RADIUS].mat","Shapes/Rect Darken",3000,1,"TRANSPARENT_QUEUE_FILLRATE_RISK","Opaque+dither/cutout where possible; split high-tier variants from MX350 material"
"Assets/Shapes/Shaders/Generated Materials/Rect Darken [CORNER_RADIUS][BORDERED].mat","Shapes/Rect Darken",3000,2,"TRANSPARENT_QUEUE_FILLRATE_RISK","Opaque+dither/cutout where possible; split high-tier variants from MX350 material"
"Assets/Shapes/Shaders/Generated Materials/Rect Darken.mat","Shapes/Rect Darken",3000,0,"TRANSPARENT_QUEUE_FILLRATE_RISK","Opaque+dither/cutout where possible; split high-tier variants from MX350 material"
"Assets/Shapes/Shaders/Generated Materials/Rect Lighten (BORDERED).mat","Shapes/Rect Lighten",3000,1,"TRANSPARENT_QUEUE_FILLRATE_RISK","Opaque+dither/cutout where possible; split high-tier variants from MX350 material"
"Assets/Shapes/Shaders/Generated Materials/Rect Lighten (CORNER_RADIUS)(BORDERED).mat","Shapes/Rect Lighten",3000,2,"TRANSPARENT_QUEUE_FILLRATE_RISK","Opaque+dither/cutout where possible; split high-tier variants from MX350 material"
"Assets/Shapes/Shaders/Generated Materials/Rect Lighten (CORNER_RADIUS).mat","Shapes/Rect Lighten",3000,1,"TRANSPARENT_QUEUE_FILLRATE_RISK","Opaque+dither/cutout where possible; split high-tier variants from MX350 material"
"Assets/Shapes/Shaders/Generated Materials/Rect Lighten [BORDERED].mat","Shapes/Rect Lighten",3000,1,"TRANSPARENT_QUEUE_FILLRATE_RISK","Opaque+dither/cutout where possible; split high-tier variants from MX350 material"
"Assets/Shapes/Shaders/Generated Materials/Rect Lighten [CORNER_RADIUS].mat","Shapes/Rect Lighten",3000,1,"TRANSPARENT_QUEUE_FILLRATE_RISK","Opaque+dither/cutout where possible; split high-tier variants from MX350 material"
"Assets/Shapes/Shaders/Generated Materials/Rect Lighten [CORNER_RADIUS][BORDERED].mat","Shapes/Rect Lighten",3000,2,"TRANSPARENT_QUEUE_FILLRATE_RISK","Opaque+dither/cutout where possible; split high-tier variants from MX350 material"
"Assets/Shapes/Shaders/Generated Materials/Rect Lighten.mat","Shapes/Rect Lighten",3000,0,"TRANSPARENT_QUEUE_FILLRATE_RISK","Opaque+dither/cutout where possible; split high-tier variants from MX350 material"
"Assets/Shapes/Shaders/Generated Materials/Rect LinearBurn (BORDERED).mat","Shapes/Rect LinearBurn",3000,1,"TRANSPARENT_QUEUE_FILLRATE_RISK","Opaque+dither/cutout where possible; split high-tier variants from MX350 material"
"Assets/Shapes/Shaders/Generated Materials/Rect LinearBurn (CORNER_RADIUS)(BORDERED).mat","Shapes/Rect LinearBurn",3000,2,"TRANSPARENT_QUEUE_FILLRATE_RISK","Opaque+dither/cutout where possible; split high-tier variants from MX350 material"
"Assets/Shapes/Shaders/Generated Materials/Rect LinearBurn (CORNER_RADIUS).mat","Shapes/Rect LinearBurn",3000,1,"TRANSPARENT_QUEUE_FILLRATE_RISK","Opaque+dither/cutout where possible; split high-tier variants from MX350 material"
"Assets/Shapes/Shaders/Generated Materials/Rect LinearBurn [BORDERED].mat","Shapes/Rect LinearBurn",3000,1,"TRANSPARENT_QUEUE_FILLRATE_RISK","Opaque+dither/cutout where possible; split high-tier variants from MX350 material"
"Assets/Shapes/Shaders/Generated Materials/Rect LinearBurn [CORNER_RADIUS].mat","Shapes/Rect LinearBurn",3000,1,"TRANSPARENT_QUEUE_FILLRATE_RISK","Opaque+dither/cutout where possible; split high-tier variants from MX350 material"
"Assets/Shapes/Shaders/Generated Materials/Rect LinearBurn [CORNER_RADIUS][BORDERED].mat","Shapes/Rect LinearBurn",3000,2,"TRANSPARENT_QUEUE_FILLRATE_RISK","Opaque+dither/cutout where possible; split high-tier variants from MX350 material"
"Assets/Shapes/Shaders/Generated Materials/Rect LinearBurn.mat","Shapes/Rect LinearBurn",3000,0,"TRANSPARENT_QUEUE_FILLRATE_RISK","Opaque+dither/cutout where possible; split high-tier variants from MX350 material"
"Assets/Shapes/Shaders/Generated Materials/Rect Multiplicative (BORDERED).mat","Shapes/Rect Multiplicative",3000,1,"TRANSPARENT_QUEUE_FILLRATE_RISK","Opaque+dither/cutout where possible; split high-tier variants from MX350 material"
"Assets/Shapes/Shaders/Generated Materials/Rect Multiplicative (CORNER_RADIUS)(BORDERED).mat","Shapes/Rect Multiplicative",3000,2,"TRANSPARENT_QUEUE_FILLRATE_RISK","Opaque+dither/cutout where possible; split high-tier variants from MX350 material"
"Assets/Shapes/Shaders/Generated Materials/Rect Multiplicative (CORNER_RADIUS).mat","Shapes/Rect Multiplicative",3000,1,"TRANSPARENT_QUEUE_FILLRATE_RISK","Opaque+dither/cutout where possible; split high-tier variants from MX350 material"
"Assets/Shapes/Shaders/Generated Materials/Rect Multiplicative [BORDERED].mat","Shapes/Rect Multiplicative",3000,1,"TRANSPARENT_QUEUE_FILLRATE_RISK","Opaque+dither/cutout where possible; split high-tier variants from MX350 material"
"Assets/Shapes/Shaders/Generated Materials/Rect Multiplicative [CORNER_RADIUS].mat","Shapes/Rect Multiplicative",3000,1,"TRANSPARENT_QUEUE_FILLRATE_RISK","Opaque+dither/cutout where possible; split high-tier variants from MX350 material"
"Assets/Shapes/Shaders/Generated Materials/Rect Multiplicative [CORNER_RADIUS][BORDERED].mat","Shapes/Rect Multiplicative",3000,2,"TRANSPARENT_QUEUE_FILLRATE_RISK","Opaque+dither/cutout where possible; split high-tier variants from MX350 material"
"Assets/Shapes/Shaders/Generated Materials/Rect Multiplicative.mat","Shapes/Rect Multiplicative",3000,0,"TRANSPARENT_QUEUE_FILLRATE_RISK","Opaque+dither/cutout where possible; split high-tier variants from MX350 material"
"Assets/Shapes/Shaders/Generated Materials/Rect Opaque (BORDERED).mat","Shapes/Rect Opaque",2450,1,"TRANSPARENT_QUEUE_FILLRATE_RISK","Opaque+dither/cutout where possible; split high-tier variants from MX350 material"
"Assets/Shapes/Shaders/Generated Materials/Rect Opaque (CORNER_RADIUS)(BORDERED).mat","Shapes/Rect Opaque",2450,2,"TRANSPARENT_QUEUE_FILLRATE_RISK","Opaque+dither/cutout where possible; split high-tier variants from MX350 material"
"Assets/Shapes/Shaders/Generated Materials/Rect Opaque (CORNER_RADIUS).mat","Shapes/Rect Opaque",2450,1,"TRANSPARENT_QUEUE_FILLRATE_RISK","Opaque+dither/cutout where possible; split high-tier variants from MX350 material"
"Assets/Shapes/Shaders/Generated Materials/Rect Opaque [BORDERED].mat","Shapes/Rect Opaque",2450,1,"TRANSPARENT_QUEUE_FILLRATE_RISK","Opaque+dither/cutout where possible; split high-tier variants from MX350 material"
"Assets/Shapes/Shaders/Generated Materials/Rect Opaque [CORNER_RADIUS].mat","Shapes/Rect Opaque",2450,1,"TRANSPARENT_QUEUE_FILLRATE_RISK","Opaque+dither/cutout where possible; split high-tier variants from MX350 material"
"Assets/Shapes/Shaders/Generated Materials/Rect Opaque [CORNER_RADIUS][BORDERED].mat","Shapes/Rect Opaque",2450,2,"TRANSPARENT_QUEUE_FILLRATE_RISK","Opaque+dither/cutout where possible; split high-tier variants from MX350 material"
"Assets/Shapes/Shaders/Generated Materials/Rect Opaque.mat","Shapes/Rect Opaque",2450,0,"TRANSPARENT_QUEUE_FILLRATE_RISK","Opaque+dither/cutout where possible; split high-tier variants from MX350 material"
"Assets/Shapes/Shaders/Generated Materials/Rect Screen (BORDERED).mat","Shapes/Rect Screen",3000,1,"TRANSPARENT_QUEUE_FILLRATE_RISK","Opaque+dither/cutout where possible; split high-tier variants from MX350 material"
"Assets/Shapes/Shaders/Generated Materials/Rect Screen (CORNER_RADIUS)(BORDERED).mat","Shapes/Rect Screen",3000,2,"TRANSPARENT_QUEUE_FILLRATE_RISK","Opaque+dither/cutout where possible; split high-tier variants from MX350 material"
"Assets/Shapes/Shaders/Generated Materials/Rect Screen (CORNER_RADIUS).mat","Shapes/Rect Screen",3000,1,"TRANSPARENT_QUEUE_FILLRATE_RISK","Opaque+dither/cutout where possible; split high-tier variants from MX350 material"
"Assets/Shapes/Shaders/Generated Materials/Rect Screen [BORDERED].mat","Shapes/Rect Screen",3000,1,"TRANSPARENT_QUEUE_FILLRATE_RISK","Opaque+dither/cutout where possible; split high-tier variants from MX350 material"
"Assets/Shapes/Shaders/Generated Materials/Rect Screen [CORNER_RADIUS].mat","Shapes/Rect Screen",3000,1,"TRANSPARENT_QUEUE_FILLRATE_RISK","Opaque+dither/cutout where possible; split high-tier variants from MX350 material"
"Assets/Shapes/Shaders/Generated Materials/Rect Screen [CORNER_RADIUS][BORDERED].mat","Shapes/Rect Screen",3000,2,"TRANSPARENT_QUEUE_FILLRATE_RISK","Opaque+dither/cutout where possible; split high-tier variants from MX350 material"
"Assets/Shapes/Shaders/Generated Materials/Rect Screen.mat","Shapes/Rect Screen",3000,0,"TRANSPARENT_QUEUE_FILLRATE_RISK","Opaque+dither/cutout where possible; split high-tier variants from MX350 material"
"Assets/Shapes/Shaders/Generated Materials/Rect Subtractive (BORDERED).mat","Shapes/Rect Subtractive",3000,1,"TRANSPARENT_QUEUE_FILLRATE_RISK","Opaque+dither/cutout where possible; split high-tier variants from MX350 material"
"Assets/Shapes/Shaders/Generated Materials/Rect Subtractive (CORNER_RADIUS)(BORDERED).mat","Shapes/Rect Subtractive",3000,2,"TRANSPARENT_QUEUE_FILLRATE_RISK","Opaque+dither/cutout where possible; split high-tier variants from MX350 material"
"Assets/Shapes/Shaders/Generated Materials/Rect Subtractive (CORNER_RADIUS).mat","Shapes/Rect Subtractive",3000,1,"TRANSPARENT_QUEUE_FILLRATE_RISK","Opaque+dither/cutout where possible; split high-tier variants from MX350 material"
"Assets/Shapes/Shaders/Generated Materials/Rect Subtractive [BORDERED].mat","Shapes/Rect Subtractive",3000,1,"TRANSPARENT_QUEUE_FILLRATE_RISK","Opaque+dither/cutout where possible; split high-tier variants from MX350 material"
"Assets/Shapes/Shaders/Generated Materials/Rect Subtractive [CORNER_RADIUS].mat","Shapes/Rect Subtractive",3000,1,"TRANSPARENT_QUEUE_FILLRATE_RISK","Opaque+dither/cutout where possible; split high-tier variants from MX350 material"
"Assets/Shapes/Shaders/Generated Materials/Rect Subtractive [CORNER_RADIUS][BORDERED].mat","Shapes/Rect Subtractive",3000,2,"TRANSPARENT_QUEUE_FILLRATE_RISK","Opaque+dither/cutout where possible; split high-tier variants from MX350 material"
"Assets/Shapes/Shaders/Generated Materials/Rect Subtractive.mat","Shapes/Rect Subtractive",3000,0,"TRANSPARENT_QUEUE_FILLRATE_RISK","Opaque+dither/cutout where possible; split high-tier variants from MX350 material"
"Assets/Shapes/Shaders/Generated Materials/Rect Transparent (BORDERED).mat","Shapes/Rect Transparent",3000,1,"TRANSPARENT_QUEUE_FILLRATE_RISK","Opaque+dither/cutout where possible; split high-tier variants from MX350 material"
"Assets/Shapes/Shaders/Generated Materials/Rect Transparent (CORNER_RADIUS)(BORDERED).mat","Shapes/Rect Transparent",3000,2,"TRANSPARENT_QUEUE_FILLRATE_RISK","Opaque+dither/cutout where possible; split high-tier variants from MX350 material"
"Assets/Shapes/Shaders/Generated Materials/Rect Transparent (CORNER_RADIUS).mat","Shapes/Rect Transparent",3000,1,"TRANSPARENT_QUEUE_FILLRATE_RISK","Opaque+dither/cutout where possible; split high-tier variants from MX350 material"
"Assets/Shapes/Shaders/Generated Materials/Rect Transparent [BORDERED].mat","Shapes/Rect Transparent",3000,1,"TRANSPARENT_QUEUE_FILLRATE_RISK","Opaque+dither/cutout where possible; split high-tier variants from MX350 material"
"Assets/Shapes/Shaders/Generated Materials/Rect Transparent [CORNER_RADIUS].mat","Shapes/Rect Transparent",3000,1,"TRANSPARENT_QUEUE_FILLRATE_RISK","Opaque+dither/cutout where possible; split high-tier variants from MX350 material"
"Assets/Shapes/Shaders/Generated Materials/Rect Transparent [CORNER_RADIUS][BORDERED].mat","Shapes/Rect Transparent",3000,2,"TRANSPARENT_QUEUE_FILLRATE_RISK","Opaque+dither/cutout where possible; split high-tier variants from MX350 material"
"Assets/Shapes/Shaders/Generated Materials/Rect Transparent.mat","Shapes/Rect Transparent",3000,0,"TRANSPARENT_QUEUE_FILLRATE_RISK","Opaque+dither/cutout where possible; split high-tier variants from MX350 material"
"Assets/Shapes/Shaders/Generated Materials/Regular Polygon Additive.mat","Shapes/Regular Polygon Additive",3000,0,"TRANSPARENT_QUEUE_FILLRATE_RISK","Opaque+dither/cutout where possible; split high-tier variants from MX350 material"
"Assets/Shapes/Shaders/Generated Materials/Regular Polygon ColorBurn.mat","Shapes/Regular Polygon ColorBurn",3000,0,"TRANSPARENT_QUEUE_FILLRATE_RISK","Opaque+dither/cutout where possible; split high-tier variants from MX350 material"
"Assets/Shapes/Shaders/Generated Materials/Regular Polygon ColorDodge.mat","Shapes/Regular Polygon ColorDodge",3000,0,"TRANSPARENT_QUEUE_FILLRATE_RISK","Opaque+dither/cutout where possible; split high-tier variants from MX350 material"
"Assets/Shapes/Shaders/Generated Materials/Regular Polygon Darken.mat","Shapes/Regular Polygon Darken",3000,0,"TRANSPARENT_QUEUE_FILLRATE_RISK","Opaque+dither/cutout where possible; split high-tier variants from MX350 material"
"Assets/Shapes/Shaders/Generated Materials/Regular Polygon Lighten.mat","Shapes/Regular Polygon Lighten",3000,0,"TRANSPARENT_QUEUE_FILLRATE_RISK","Opaque+dither/cutout where possible; split high-tier variants from MX350 material"
"Assets/Shapes/Shaders/Generated Materials/Regular Polygon LinearBurn.mat","Shapes/Regular Polygon LinearBurn",3000,0,"TRANSPARENT_QUEUE_FILLRATE_RISK","Opaque+dither/cutout where possible; split high-tier variants from MX350 material"
"Assets/Shapes/Shaders/Generated Materials/Regular Polygon Multiplicative.mat","Shapes/Regular Polygon Multiplicative",3000,0,"TRANSPARENT_QUEUE_FILLRATE_RISK","Opaque+dither/cutout where possible; split high-tier variants from MX350 material"
"Assets/Shapes/Shaders/Generated Materials/Regular Polygon Opaque.mat","Shapes/Regular Polygon Opaque",2450,0,"TRANSPARENT_QUEUE_FILLRATE_RISK","Opaque+dither/cutout where possible; split high-tier variants from MX350 material"
"Assets/Shapes/Shaders/Generated Materials/Regular Polygon Screen.mat","Shapes/Regular Polygon Screen",3000,0,"TRANSPARENT_QUEUE_FILLRATE_RISK","Opaque+dither/cutout where possible; split high-tier variants from MX350 material"
"Assets/Shapes/Shaders/Generated Materials/Regular Polygon Subtractive.mat","Shapes/Regular Polygon Subtractive",3000,0,"TRANSPARENT_QUEUE_FILLRATE_RISK","Opaque+dither/cutout where possible; split high-tier variants from MX350 material"
"Assets/Shapes/Shaders/Generated Materials/Regular Polygon Transparent.mat","Shapes/Regular Polygon Transparent",3000,0,"TRANSPARENT_QUEUE_FILLRATE_RISK","Opaque+dither/cutout where possible; split high-tier variants from MX350 material"
"Assets/Shapes/Shaders/Generated Materials/Sphere Additive.mat","Shapes/Sphere Additive",3000,0,"TRANSPARENT_QUEUE_FILLRATE_RISK","Opaque+dither/cutout where possible; split high-tier variants from MX350 material"
"Assets/Shapes/Shaders/Generated Materials/Sphere ColorBurn.mat","Shapes/Sphere ColorBurn",3000,0,"TRANSPARENT_QUEUE_FILLRATE_RISK","Opaque+dither/cutout where possible; split high-tier variants from MX350 material"
"Assets/Shapes/Shaders/Generated Materials/Sphere ColorDodge.mat","Shapes/Sphere ColorDodge",3000,0,"TRANSPARENT_QUEUE_FILLRATE_RISK","Opaque+dither/cutout where possible; split high-tier variants from MX350 material"
"Assets/Shapes/Shaders/Generated Materials/Sphere Darken.mat","Shapes/Sphere Darken",3000,0,"TRANSPARENT_QUEUE_FILLRATE_RISK","Opaque+dither/cutout where possible; split high-tier variants from MX350 material"
"Assets/Shapes/Shaders/Generated Materials/Sphere Lighten.mat","Shapes/Sphere Lighten",3000,0,"TRANSPARENT_QUEUE_FILLRATE_RISK","Opaque+dither/cutout where possible; split high-tier variants from MX350 material"
"Assets/Shapes/Shaders/Generated Materials/Sphere LinearBurn.mat","Shapes/Sphere LinearBurn",3000,0,"TRANSPARENT_QUEUE_FILLRATE_RISK","Opaque+dither/cutout where possible; split high-tier variants from MX350 material"
"Assets/Shapes/Shaders/Generated Materials/Sphere Multiplicative.mat","Shapes/Sphere Multiplicative",3000,0,"TRANSPARENT_QUEUE_FILLRATE_RISK","Opaque+dither/cutout where possible; split high-tier variants from MX350 material"
"Assets/Shapes/Shaders/Generated Materials/Sphere Opaque.mat","Shapes/Sphere Opaque",2450,0,"TRANSPARENT_QUEUE_FILLRATE_RISK","Opaque+dither/cutout where possible; split high-tier variants from MX350 material"
"Assets/Shapes/Shaders/Generated Materials/Sphere Screen.mat","Shapes/Sphere Screen",3000,0,"TRANSPARENT_QUEUE_FILLRATE_RISK","Opaque+dither/cutout where possible; split high-tier variants from MX350 material"
"Assets/Shapes/Shaders/Generated Materials/Sphere Subtractive.mat","Shapes/Sphere Subtractive",3000,0,"TRANSPARENT_QUEUE_FILLRATE_RISK","Opaque+dither/cutout where possible; split high-tier variants from MX350 material"
"Assets/Shapes/Shaders/Generated Materials/Sphere Transparent.mat","Shapes/Sphere Transparent",3000,0,"TRANSPARENT_QUEUE_FILLRATE_RISK","Opaque+dither/cutout where possible; split high-tier variants from MX350 material"
"Assets/Shapes/Shaders/Generated Materials/Texture Additive.mat","Shapes/Texture Additive",3000,0,"TRANSPARENT_QUEUE_FILLRATE_RISK","Opaque+dither/cutout where possible; split high-tier variants from MX350 material"
"Assets/Shapes/Shaders/Generated Materials/Texture ColorBurn.mat","Shapes/Texture ColorBurn",3000,0,"TRANSPARENT_QUEUE_FILLRATE_RISK","Opaque+dither/cutout where possible; split high-tier variants from MX350 material"
"Assets/Shapes/Shaders/Generated Materials/Texture ColorDodge.mat","Shapes/Texture ColorDodge",3000,0,"TRANSPARENT_QUEUE_FILLRATE_RISK","Opaque+dither/cutout where possible; split high-tier variants from MX350 material"
"Assets/Shapes/Shaders/Generated Materials/Texture Darken.mat","Shapes/Texture Darken",3000,0,"TRANSPARENT_QUEUE_FILLRATE_RISK","Opaque+dither/cutout where possible; split high-tier variants from MX350 material"
"Assets/Shapes/Shaders/Generated Materials/Texture Lighten.mat","Shapes/Texture Lighten",3000,0,"TRANSPARENT_QUEUE_FILLRATE_RISK","Opaque+dither/cutout where possible; split high-tier variants from MX350 material"
"Assets/Shapes/Shaders/Generated Materials/Texture LinearBurn.mat","Shapes/Texture LinearBurn",3000,0,"TRANSPARENT_QUEUE_FILLRATE_RISK","Opaque+dither/cutout where possible; split high-tier variants from MX350 material"
"Assets/Shapes/Shaders/Generated Materials/Texture Multiplicative.mat","Shapes/Texture Multiplicative",3000,0,"TRANSPARENT_QUEUE_FILLRATE_RISK","Opaque+dither/cutout where possible; split high-tier variants from MX350 material"
"Assets/Shapes/Shaders/Generated Materials/Texture Opaque.mat","Shapes/Texture Opaque",2450,0,"TRANSPARENT_QUEUE_FILLRATE_RISK","Opaque+dither/cutout where possible; split high-tier variants from MX350 material"
"Assets/Shapes/Shaders/Generated Materials/Texture Screen.mat","Shapes/Texture Screen",3000,0,"TRANSPARENT_QUEUE_FILLRATE_RISK","Opaque+dither/cutout where possible; split high-tier variants from MX350 material"
"Assets/Shapes/Shaders/Generated Materials/Texture Subtractive.mat","Shapes/Texture Subtractive",3000,0,"TRANSPARENT_QUEUE_FILLRATE_RISK","Opaque+dither/cutout where possible; split high-tier variants from MX350 material"
"Assets/Shapes/Shaders/Generated Materials/Texture Transparent.mat","Shapes/Texture Transparent",3000,0,"TRANSPARENT_QUEUE_FILLRATE_RISK","Opaque+dither/cutout where possible; split high-tier variants from MX350 material"
"Assets/Shapes/Shaders/Generated Materials/Torus Additive.mat","Shapes/Torus Additive",3000,0,"TRANSPARENT_QUEUE_FILLRATE_RISK","Opaque+dither/cutout where possible; split high-tier variants from MX350 material"
"Assets/Shapes/Shaders/Generated Materials/Torus ColorBurn.mat","Shapes/Torus ColorBurn",3000,0,"TRANSPARENT_QUEUE_FILLRATE_RISK","Opaque+dither/cutout where possible; split high-tier variants from MX350 material"
"Assets/Shapes/Shaders/Generated Materials/Torus ColorDodge.mat","Shapes/Torus ColorDodge",3000,0,"TRANSPARENT_QUEUE_FILLRATE_RISK","Opaque+dither/cutout where possible; split high-tier variants from MX350 material"
"Assets/Shapes/Shaders/Generated Materials/Torus Darken.mat","Shapes/Torus Darken",3000,0,"TRANSPARENT_QUEUE_FILLRATE_RISK","Opaque+dither/cutout where possible; split high-tier variants from MX350 material"
"Assets/Shapes/Shaders/Generated Materials/Torus Lighten.mat","Shapes/Torus Lighten",3000,0,"TRANSPARENT_QUEUE_FILLRATE_RISK","Opaque+dither/cutout where possible; split high-tier variants from MX350 material"
"Assets/Shapes/Shaders/Generated Materials/Torus LinearBurn.mat","Shapes/Torus LinearBurn",3000,0,"TRANSPARENT_QUEUE_FILLRATE_RISK","Opaque+dither/cutout where possible; split high-tier variants from MX350 material"
"Assets/Shapes/Shaders/Generated Materials/Torus Multiplicative.mat","Shapes/Torus Multiplicative",3000,0,"TRANSPARENT_QUEUE_FILLRATE_RISK","Opaque+dither/cutout where possible; split high-tier variants from MX350 material"
"Assets/Shapes/Shaders/Generated Materials/Torus Opaque.mat","Shapes/Torus Opaque",2450,0,"TRANSPARENT_QUEUE_FILLRATE_RISK","Opaque+dither/cutout where possible; split high-tier variants from MX350 material"
"Assets/Shapes/Shaders/Generated Materials/Torus Screen.mat","Shapes/Torus Screen",3000,0,"TRANSPARENT_QUEUE_FILLRATE_RISK","Opaque+dither/cutout where possible; split high-tier variants from MX350 material"
"Assets/Shapes/Shaders/Generated Materials/Torus Subtractive.mat","Shapes/Torus Subtractive",3000,0,"TRANSPARENT_QUEUE_FILLRATE_RISK","Opaque+dither/cutout where possible; split high-tier variants from MX350 material"
"Assets/Shapes/Shaders/Generated Materials/Torus Transparent.mat","Shapes/Torus Transparent",3000,0,"TRANSPARENT_QUEUE_FILLRATE_RISK","Opaque+dither/cutout where possible; split high-tier variants from MX350 material"
"Assets/Shapes/Shaders/Generated Materials/Triangle Additive.mat","Shapes/Triangle Additive",3000,0,"TRANSPARENT_QUEUE_FILLRATE_RISK","Opaque+dither/cutout where possible; split high-tier variants from MX350 material"
"Assets/Shapes/Shaders/Generated Materials/Triangle ColorBurn.mat","Shapes/Triangle ColorBurn",3000,0,"TRANSPARENT_QUEUE_FILLRATE_RISK","Opaque+dither/cutout where possible; split high-tier variants from MX350 material"
"Assets/Shapes/Shaders/Generated Materials/Triangle ColorDodge.mat","Shapes/Triangle ColorDodge",3000,0,"TRANSPARENT_QUEUE_FILLRATE_RISK","Opaque+dither/cutout where possible; split high-tier variants from MX350 material"
"Assets/Shapes/Shaders/Generated Materials/Triangle Darken.mat","Shapes/Triangle Darken",3000,0,"TRANSPARENT_QUEUE_FILLRATE_RISK","Opaque+dither/cutout where possible; split high-tier variants from MX350 material"
"Assets/Shapes/Shaders/Generated Materials/Triangle Lighten.mat","Shapes/Triangle Lighten",3000,0,"TRANSPARENT_QUEUE_FILLRATE_RISK","Opaque+dither/cutout where possible; split high-tier variants from MX350 material"
"Assets/Shapes/Shaders/Generated Materials/Triangle LinearBurn.mat","Shapes/Triangle LinearBurn",3000,0,"TRANSPARENT_QUEUE_FILLRATE_RISK","Opaque+dither/cutout where possible; split high-tier variants from MX350 material"
"Assets/Shapes/Shaders/Generated Materials/Triangle Multiplicative.mat","Shapes/Triangle Multiplicative",3000,0,"TRANSPARENT_QUEUE_FILLRATE_RISK","Opaque+dither/cutout where possible; split high-tier variants from MX350 material"
"Assets/Shapes/Shaders/Generated Materials/Triangle Opaque.mat","Shapes/Triangle Opaque",2450,0,"TRANSPARENT_QUEUE_FILLRATE_RISK","Opaque+dither/cutout where possible; split high-tier variants from MX350 material"
"Assets/Shapes/Shaders/Generated Materials/Triangle Screen.mat","Shapes/Triangle Screen",3000,0,"TRANSPARENT_QUEUE_FILLRATE_RISK","Opaque+dither/cutout where possible; split high-tier variants from MX350 material"
"Assets/Shapes/Shaders/Generated Materials/Triangle Subtractive.mat","Shapes/Triangle Subtractive",3000,0,"TRANSPARENT_QUEUE_FILLRATE_RISK","Opaque+dither/cutout where possible; split high-tier variants from MX350 material"
"Assets/Shapes/Shaders/Generated Materials/Triangle Transparent.mat","Shapes/Triangle Transparent",3000,0,"TRANSPARENT_QUEUE_FILLRATE_RISK","Opaque+dither/cutout where possible; split high-tier variants from MX350 material"
"Assets/Shapes/Textures/Inconsolata/Inconsolata-SemiBold SDF.asset","TextMeshPro/Distance Field",3000,0,"TRANSPARENT_QUEUE_FILLRATE_RISK","Opaque+dither/cutout where possible; split high-tier variants from MX350 material"
"Assets/Shapes/Textures/Inconsolata/Inconsolata-SemiBold.ttf","GUI/Text Shader",3000,0,"TRANSPARENT_QUEUE_FILLRATE_RISK","Opaque+dither/cutout where possible; split high-tier variants from MX350 material"
"Assets/TextMesh Pro/Fonts/LiberationSans.ttf","GUI/Text Shader",3000,0,"TRANSPARENT_QUEUE_FILLRATE_RISK","Opaque+dither/cutout where possible; split high-tier variants from MX350 material"
"Assets/VolumetricLightBeam/Resources/DustParticles.mat","Legacy Shaders/Particles/Alpha Blended",3000,0,"TRANSPARENT_QUEUE_FILLRATE_RISK","Opaque+dither/cutout where possible; split high-tier variants from MX350 material"
"Assets/VolumetricLightBeam/Shaders/VLBDummyMaterialHD.mat","Hidden/VLB_HD_URP_Default",3000,0,"TRANSPARENT_QUEUE_FILLRATE_RISK","Opaque+dither/cutout where possible; split high-tier variants from MX350 material"
"Assets/VolumetricLightBeam/Shaders/VLBDummyMaterialSD.mat","Hidden/VLB_SD_URP_Default",3000,0,"TRANSPARENT_QUEUE_FILLRATE_RISK","Opaque+dither/cutout where possible; split high-tier variants from MX350 material"
