release_set_id,packet_id,locale,field,chars,estimated_px,max_line_px,max_word_px,bound_px,lines,max_lines,expansion_vs_en,issues,source
RS056_NATIVE_LOCALIZATION_REVIEW_PACK,P276_RU_NATIVE_REVIEW_LOCK,en_US,title,21,203.04,203.04,62.64,360.0,1,1,1.0,,C:/hades/Hecton8/Docs/Lore/AppliedContent/packets/RS056_NATIVE_LOCALIZATION_REVIEW_PACK.packets.json
RS056_NATIVE_LOCALIZATION_REVIEW_PACK,P276_RU_NATIVE_REVIEW_LOCK,en_US,scanner,43,327.68,327.68,67.2,460.0,1,2,1.0,,C:/hades/Hecton8/Docs/Lore/AppliedContent/packets/RS056_NATIVE_LOCALIZATION_REVIEW_PACK.packets.json
RS056_NATIVE_LOCALIZATION_REVIEW_PACK,P276_RU_NATIVE_REVIEW_LOCK,en_US,terminal,77,608.7,525.0,83.7,520.0,2,2,1.0,,C:/hades/Hecton8/Docs/Lore/AppliedContent/packets/RS056_NATIVE_LOCALIZATION_REVIEW_PACK.packets.json
RS056_NATIVE_LOCALIZATION_REVIEW_PACK,P276_RU_NATIVE_REVIEW_LOCK,en_US,audio,31,289.8,289.8,70.92,620.0,1,2,1.0,,C:/hades/Hecton8/Docs/Lore/AppliedContent/packets/RS056_NATIVE_LOCALIZATION_REVIEW_PACK.packets.json
RS056_NATIVE_LOCALIZATION_REVIEW_PACK,P276_RU_NATIVE_REVIEW_LOCK,en_US,in_game_wiki,64,495.0,495.0,56.7,620.0,1,5,1.0,,C:/hades/Hecton8/Docs/Lore/AppliedContent/packets/RS056_NATIVE_LOCALIZATION_REVIEW_PACK.packets.json
RS056_NATIVE_LOCALIZATION_REVIEW_PACK,P276_RU_NATIVE_REVIEW_LOCK,en_US,external_site,110,908.16,679.04,100.48,680.0,2,4,1.0,,C:/hades/Hecton8/Docs/Lore/AppliedContent/packets/RS056_NATIVE_LOCALIZATION_REVIEW_PACK.packets.json
RS056_NATIVE_LOCALIZATION_REVIEW_PACK,P276_RU_NATIVE_REVIEW_LOCK,en_US,field_note,115,819.84,505.12,78.68,560.0,2,3,1.0,,C:/hades/Hecton8/Docs/Lore/AppliedContent/packets/RS056_NATIVE_LOCALIZATION_REVIEW_PACK.packets.json
RS056_NATIVE_LOCALIZATION_REVIEW_PACK,P276_RU_NATIVE_REVIEW_LOCK,ru_RU,title,31,299.16,299.16,123.12,360.0,1,1,1.473,TEXT_EXPANSION_GT_1_35,C:/hades/Hecton8/Docs/Lore/AppliedContent/packets/RS056_NATIVE_LOCALIZATION_REVIEW_PACK.packets.json
RS056_NATIVE_LOCALIZATION_REVIEW_PACK,P276_RU_NATIVE_REVIEW_LOCK,ru_RU,scanner,45,376.96,376.96,84.48,460.0,1,2,1.15,,C:/hades/Hecton8/Docs/Lore/AppliedContent/packets/RS056_NATIVE_LOCALIZATION_REVIEW_PACK.packets.json
RS056_NATIVE_LOCALIZATION_REVIEW_PACK,P276_RU_NATIVE_REVIEW_LOCK,ru_RU,terminal,79,635.4,468.9,82.2,520.0,2,2,1.044,,C:/hades/Hecton8/Docs/Lore/AppliedContent/packets/RS056_NATIVE_LOCALIZATION_REVIEW_PACK.packets.json
RS056_NATIVE_LOCALIZATION_REVIEW_PACK,P276_RU_NATIVE_REVIEW_LOCK,ru_RU,audio,26,253.8,253.8,98.64,620.0,1,2,0.876,,C:/hades/Hecton8/Docs/Lore/AppliedContent/packets/RS056_NATIVE_LOCALIZATION_REVIEW_PACK.packets.json
RS056_NATIVE_LOCALIZATION_REVIEW_PACK,P276_RU_NATIVE_REVIEW_LOCK,ru_RU,in_game_wiki,66,526.5,526.5,102.6,620.0,1,5,1.064,,C:/hades/Hecton8/Docs/Lore/AppliedContent/packets/RS056_NATIVE_LOCALIZATION_REVIEW_PACK.packets.json
RS056_NATIVE_LOCALIZATION_REVIEW_PACK,P276_RU_NATIVE_REVIEW_LOCK,ru_RU,external_site,104,902.08,670.08,111.36,680.0,2,4,0.993,,C:/hades/Hecton8/Docs/Lore/AppliedContent/packets/RS056_NATIVE_LOCALIZATION_REVIEW_PACK.packets.json
RS056_NATIVE_LOCALIZATION_REVIEW_PACK,P276_RU_NATIVE_REVIEW_LOCK,ru_RU,field_note,125,921.48,563.08,105.56,560.0,2,3,1.124,,C:/hades/Hecton8/Docs/Lore/AppliedContent/packets/RS056_NATIVE_LOCALIZATION_REVIEW_PACK.packets.json
RS056_NATIVE_LOCALIZATION_REVIEW_PACK,P276_RU_NATIVE_REVIEW_LOCK,ja_JP,title,64,586.8,332.64,103.68,360.0,2,1,2.89,TEXT_OVERFLOW_LINES;TEXT_EXPANSION_GT_1_35;DRAFT_PREFIX_LONG,C:/hades/Hecton8/Docs/Lore/AppliedContent/packets/RS056_NATIVE_LOCALIZATION_REVIEW_PACK.packets.json
RS056_NATIVE_LOCALIZATION_REVIEW_PACK,P276_RU_NATIVE_REVIEW_LOCK,ja_JP,scanner,86,668.8,456.32,92.16,460.0,2,2,2.041,TEXT_EXPANSION_GT_1_35;DRAFT_PREFIX_LONG,C:/hades/Hecton8/Docs/Lore/AppliedContent/packets/RS056_NATIVE_LOCALIZATION_REVIEW_PACK.packets.json
RS056_NATIVE_LOCALIZATION_REVIEW_PACK,P276_RU_NATIVE_REVIEW_LOCK,ja_JP,terminal,120,928.5,485.4,86.4,520.0,2,2,1.525,TEXT_EXPANSION_GT_1_35;DRAFT_PREFIX_LONG,C:/hades/Hecton8/Docs/Lore/AppliedContent/packets/RS056_NATIVE_LOCALIZATION_REVIEW_PACK.packets.json
RS056_NATIVE_LOCALIZATION_REVIEW_PACK,P276_RU_NATIVE_REVIEW_LOCK,ja_JP,audio,74,673.56,612.72,103.68,620.0,2,2,2.324,TEXT_EXPANSION_GT_1_35;DRAFT_PREFIX_LONG,C:/hades/Hecton8/Docs/Lore/AppliedContent/packets/RS056_NATIVE_LOCALIZATION_REVIEW_PACK.packets.json
RS056_NATIVE_LOCALIZATION_REVIEW_PACK,P276_RU_NATIVE_REVIEW_LOCK,ja_JP,in_game_wiki,107,814.8,623.1,86.4,620.0,2,5,1.646,DRAFT_PREFIX_LONG,C:/hades/Hecton8/Docs/Lore/AppliedContent/packets/RS056_NATIVE_LOCALIZATION_REVIEW_PACK.packets.json
RS056_NATIVE_LOCALIZATION_REVIEW_PACK,P276_RU_NATIVE_REVIEW_LOCK,ja_JP,external_site,153,1249.28,650.24,100.48,680.0,2,4,1.376,DRAFT_PREFIX_LONG,C:/hades/Hecton8/Docs/Lore/AppliedContent/packets/RS056_NATIVE_LOCALIZATION_REVIEW_PACK.packets.json
RS056_NATIVE_LOCALIZATION_REVIEW_PACK,P276_RU_NATIVE_REVIEW_LOCK,ja_JP,field_note,158,1118.32,523.6,80.64,560.0,3,3,1.364,DRAFT_PREFIX_LONG,C:/hades/Hecton8/Docs/Lore/AppliedContent/packets/RS056_NATIVE_LOCALIZATION_REVIEW_PACK.packets.json
RS056_NATIVE_LOCALIZATION_REVIEW_PACK,P276_RU_NATIVE_REVIEW_LOCK,zh_CN,title,64,586.8,332.64,103.68,360.0,2,1,2.89,TEXT_OVERFLOW_LINES;TEXT_EXPANSION_GT_1_35;DRAFT_PREFIX_LONG,C:/hades/Hecton8/Docs/Lore/AppliedContent/packets/RS056_NATIVE_LOCALIZATION_REVIEW_PACK.packets.json
RS056_NATIVE_LOCALIZATION_REVIEW_PACK,P276_RU_NATIVE_REVIEW_LOCK,zh_CN,scanner,86,668.8,456.32,92.16,460.0,2,2,2.041,TEXT_EXPANSION_GT_1_35;DRAFT_PREFIX_LONG,C:/hades/Hecton8/Docs/Lore/AppliedContent/packets/RS056_NATIVE_LOCALIZATION_REVIEW_PACK.packets.json
RS056_NATIVE_LOCALIZATION_REVIEW_PACK,P276_RU_NATIVE_REVIEW_LOCK,zh_CN,terminal,120,928.5,485.4,86.4,520.0,2,2,1.525,TEXT_EXPANSION_GT_1_35;DRAFT_PREFIX_LONG,C:/hades/Hecton8/Docs/Lore/AppliedContent/packets/RS056_NATIVE_LOCALIZATION_REVIEW_PACK.packets.json
RS056_NATIVE_LOCALIZATION_REVIEW_PACK,P276_RU_NATIVE_REVIEW_LOCK,zh_CN,audio,74,673.56,612.72,103.68,620.0,2,2,2.324,TEXT_EXPANSION_GT_1_35;DRAFT_PREFIX_LONG,C:/hades/Hecton8/Docs/Lore/AppliedContent/packets/RS056_NATIVE_LOCALIZATION_REVIEW_PACK.packets.json
RS056_NATIVE_LOCALIZATION_REVIEW_PACK,P276_RU_NATIVE_REVIEW_LOCK,zh_CN,in_game_wiki,107,814.8,623.1,86.4,620.0,2,5,1.646,DRAFT_PREFIX_LONG,C:/hades/Hecton8/Docs/Lore/AppliedContent/packets/RS056_NATIVE_LOCALIZATION_REVIEW_PACK.packets.json
RS056_NATIVE_LOCALIZATION_REVIEW_PACK,P276_RU_NATIVE_REVIEW_LOCK,zh_CN,external_site,153,1249.28,650.24,100.48,680.0,2,4,1.376,DRAFT_PREFIX_LONG,C:/hades/Hecton8/Docs/Lore/AppliedContent/packets/RS056_NATIVE_LOCALIZATION_REVIEW_PACK.packets.json
RS056_NATIVE_LOCALIZATION_REVIEW_PACK,P276_RU_NATIVE_REVIEW_LOCK,zh_CN,field_note,158,1118.32,523.6,80.64,560.0,3,3,1.364,DRAFT_PREFIX_LONG,C:/hades/Hecton8/Docs/Lore/AppliedContent/packets/RS056_NATIVE_LOCALIZATION_REVIEW_PACK.packets.json
RS056_NATIVE_LOCALIZATION_REVIEW_PACK,P276_RU_NATIVE_REVIEW_LOCK,fr_FR,title,64,586.8,332.64,103.68,360.0,2,1,2.89,TEXT_OVERFLOW_LINES;TEXT_EXPANSION_GT_1_35;DRAFT_PREFIX_LONG,C:/hades/Hecton8/Docs/Lore/AppliedContent/packets/RS056_NATIVE_LOCALIZATION_REVIEW_PACK.packets.json
RS056_NATIVE_LOCALIZATION_REVIEW_PACK,P276_RU_NATIVE_REVIEW_LOCK,fr_FR,scanner,86,668.8,456.32,92.16,460.0,2,2,2.041,TEXT_EXPANSION_GT_1_35;DRAFT_PREFIX_LONG,C:/hades/Hecton8/Docs/Lore/AppliedContent/packets/RS056_NATIVE_LOCALIZATION_REVIEW_PACK.packets.json
RS056_NATIVE_LOCALIZATION_REVIEW_PACK,P276_RU_NATIVE_REVIEW_LOCK,fr_FR,terminal,120,928.5,485.4,86.4,520.0,2,2,1.525,TEXT_EXPANSION_GT_1_35;DRAFT_PREFIX_LONG,C:/hades/Hecton8/Docs/Lore/AppliedContent/packets/RS056_NATIVE_LOCALIZATION_REVIEW_PACK.packets.json
RS056_NATIVE_LOCALIZATION_REVIEW_PACK,P276_RU_NATIVE_REVIEW_LOCK,fr_FR,audio,74,673.56,612.72,103.68,620.0,2,2,2.324,TEXT_EXPANSION_GT_1_35;DRAFT_PREFIX_LONG,C:/hades/Hecton8/Docs/Lore/AppliedContent/packets/RS056_NATIVE_LOCALIZATION_REVIEW_PACK.packets.json
RS056_NATIVE_LOCALIZATION_REVIEW_PACK,P276_RU_NATIVE_REVIEW_LOCK,fr_FR,in_game_wiki,107,814.8,623.1,86.4,620.0,2,5,1.646,DRAFT_PREFIX_LONG,C:/hades/Hecton8/Docs/Lore/AppliedContent/packets/RS056_NATIVE_LOCALIZATION_REVIEW_PACK.packets.json
RS056_NATIVE_LOCALIZATION_REVIEW_PACK,P276_RU_NATIVE_REVIEW_LOCK,fr_FR,external_site,153,1249.28,650.24,100.48,680.0,2,4,1.376,DRAFT_PREFIX_LONG,C:/hades/Hecton8/Docs/Lore/AppliedContent/packets/RS056_NATIVE_LOCALIZATION_REVIEW_PACK.packets.json
RS056_NATIVE_LOCALIZATION_REVIEW_PACK,P276_RU_NATIVE_REVIEW_LOCK,fr_FR,field_note,158,1118.32,523.6,80.64,560.0,3,3,1.364,DRAFT_PREFIX_LONG,C:/hades/Hecton8/Docs/Lore/AppliedContent/packets/RS056_NATIVE_LOCALIZATION_REVIEW_PACK.packets.json
RS056_NATIVE_LOCALIZATION_REVIEW_PACK,P276_RU_NATIVE_REVIEW_LOCK,es_ES,title,64,586.8,332.64,103.68,360.0,2,1,2.89,TEXT_OVERFLOW_LINES;TEXT_EXPANSION_GT_1_35;DRAFT_PREFIX_LONG,C:/hades/Hecton8/Docs/Lore/AppliedContent/packets/RS056_NATIVE_LOCALIZATION_REVIEW_PACK.packets.json
RS056_NATIVE_LOCALIZATION_REVIEW_PACK,P276_RU_NATIVE_REVIEW_LOCK,es_ES,scanner,86,668.8,456.32,92.16,460.0,2,2,2.041,TEXT_EXPANSION_GT_1_35;DRAFT_PREFIX_LONG,C:/hades/Hecton8/Docs/Lore/AppliedContent/packets/RS056_NATIVE_LOCALIZATION_REVIEW_PACK.packets.json
RS056_NATIVE_LOCALIZATION_REVIEW_PACK,P276_RU_NATIVE_REVIEW_LOCK,es_ES,terminal,120,928.5,485.4,86.4,520.0,2,2,1.525,TEXT_EXPANSION_GT_1_35;DRAFT_PREFIX_LONG,C:/hades/Hecton8/Docs/Lore/AppliedContent/packets/RS056_NATIVE_LOCALIZATION_REVIEW_PACK.packets.json
RS056_NATIVE_LOCALIZATION_REVIEW_PACK,P276_RU_NATIVE_REVIEW_LOCK,es_ES,audio,74,673.56,612.72,103.68,620.0,2,2,2.324,TEXT_EXPANSION_GT_1_35;DRAFT_PREFIX_LONG,C:/hades/Hecton8/Docs/Lore/AppliedContent/packets/RS056_NATIVE_LOCALIZATION_REVIEW_PACK.packets.json
RS056_NATIVE_LOCALIZATION_REVIEW_PACK,P276_RU_NATIVE_REVIEW_LOCK,es_ES,in_game_wiki,107,814.8,623.1,86.4,620.0,2,5,1.646,DRAFT_PREFIX_LONG,C:/hades/Hecton8/Docs/Lore/AppliedContent/packets/RS056_NATIVE_LOCALIZATION_REVIEW_PACK.packets.json
RS056_NATIVE_LOCALIZATION_REVIEW_PACK,P276_RU_NATIVE_REVIEW_LOCK,es_ES,external_site,153,1249.28,650.24,100.48,680.0,2,4,1.376,DRAFT_PREFIX_LONG,C:/hades/Hecton8/Docs/Lore/AppliedContent/packets/RS056_NATIVE_LOCALIZATION_REVIEW_PACK.packets.json
RS056_NATIVE_LOCALIZATION_REVIEW_PACK,P276_RU_NATIVE_REVIEW_LOCK,es_ES,field_note,158,1118.32,523.6,80.64,560.0,3,3,1.364,DRAFT_PREFIX_LONG,C:/hades/Hecton8/Docs/Lore/AppliedContent/packets/RS056_NATIVE_LOCALIZATION_REVIEW_PACK.packets.json
RS056_NATIVE_LOCALIZATION_REVIEW_PACK,P276_RU_NATIVE_REVIEW_LOCK,de_DE,title,64,586.8,332.64,103.68,360.0,2,1,2.89,TEXT_OVERFLOW_LINES;TEXT_EXPANSION_GT_1_35;DRAFT_PREFIX_LONG,C:/hades/Hecton8/Docs/Lore/AppliedContent/packets/RS056_NATIVE_LOCALIZATION_REVIEW_PACK.packets.json
RS056_NATIVE_LOCALIZATION_REVIEW_PACK,P276_RU_NATIVE_REVIEW_LOCK,de_DE,scanner,86,668.8,456.32,92.16,460.0,2,2,2.041,TEXT_EXPANSION_GT_1_35;DRAFT_PREFIX_LONG,C:/hades/Hecton8/Docs/Lore/AppliedContent/packets/RS056_NATIVE_LOCALIZATION_REVIEW_PACK.packets.json
RS056_NATIVE_LOCALIZATION_REVIEW_PACK,P276_RU_NATIVE_REVIEW_LOCK,de_DE,terminal,120,928.5,485.4,86.4,520.0,2,2,1.525,TEXT_EXPANSION_GT_1_35;DRAFT_PREFIX_LONG,C:/hades/Hecton8/Docs/Lore/AppliedContent/packets/RS056_NATIVE_LOCALIZATION_REVIEW_PACK.packets.json
RS056_NATIVE_LOCALIZATION_REVIEW_PACK,P276_RU_NATIVE_REVIEW_LOCK,de_DE,audio,74,673.56,612.72,103.68,620.0,2,2,2.324,TEXT_EXPANSION_GT_1_35;DRAFT_PREFIX_LONG,C:/hades/Hecton8/Docs/Lore/AppliedContent/packets/RS056_NATIVE_LOCALIZATION_REVIEW_PACK.packets.json
RS056_NATIVE_LOCALIZATION_REVIEW_PACK,P276_RU_NATIVE_REVIEW_LOCK,de_DE,in_game_wiki,107,814.8,623.1,86.4,620.0,2,5,1.646,DRAFT_PREFIX_LONG,C:/hades/Hecton8/Docs/Lore/AppliedContent/packets/RS056_NATIVE_LOCALIZATION_REVIEW_PACK.packets.json
RS056_NATIVE_LOCALIZATION_REVIEW_PACK,P276_RU_NATIVE_REVIEW_LOCK,de_DE,external_site,153,1249.28,650.24,100.48,680.0,2,4,1.376,DRAFT_PREFIX_LONG,C:/hades/Hecton8/Docs/Lore/AppliedContent/packets/RS056_NATIVE_LOCALIZATION_REVIEW_PACK.packets.json
RS056_NATIVE_LOCALIZATION_REVIEW_PACK,P276_RU_NATIVE_REVIEW_LOCK,de_DE,field_note,158,1118.32,523.6,80.64,560.0,3,3,1.364,DRAFT_PREFIX_LONG,C:/hades/Hecton8/Docs/Lore/AppliedContent/packets/RS056_NATIVE_LOCALIZATION_REVIEW_PACK.packets.json
RS056_NATIVE_LOCALIZATION_REVIEW_PACK,P276_RU_NATIVE_REVIEW_LOCK,pl_PL,title,64,586.8,332.64,103.68,360.0,2,1,2.89,TEXT_OVERFLOW_LINES;TEXT_EXPANSION_GT_1_35;DRAFT_PREFIX_LONG,C:/hades/Hecton8/Docs/Lore/AppliedContent/packets/RS056_NATIVE_LOCALIZATION_REVIEW_PACK.packets.json
RS056_NATIVE_LOCALIZATION_REVIEW_PACK,P276_RU_NATIVE_REVIEW_LOCK,pl_PL,scanner,86,668.8,456.32,92.16,460.0,2,2,2.041,TEXT_EXPANSION_GT_1_35;DRAFT_PREFIX_LONG,C:/hades/Hecton8/Docs/Lore/AppliedContent/packets/RS056_NATIVE_LOCALIZATION_REVIEW_PACK.packets.json
RS056_NATIVE_LOCALIZATION_REVIEW_PACK,P276_RU_NATIVE_REVIEW_LOCK,pl_PL,terminal,120,928.5,485.4,86.4,520.0,2,2,1.525,TEXT_EXPANSION_GT_1_35;DRAFT_PREFIX_LONG,C:/hades/Hecton8/Docs/Lore/AppliedContent/packets/RS056_NATIVE_LOCALIZATION_REVIEW_PACK.packets.json
RS056_NATIVE_LOCALIZATION_REVIEW_PACK,P276_RU_NATIVE_REVIEW_LOCK,pl_PL,audio,74,673.56,612.72,103.68,620.0,2,2,2.324,TEXT_EXPANSION_GT_1_35;DRAFT_PREFIX_LONG,C:/hades/Hecton8/Docs/Lore/AppliedContent/packets/RS056_NATIVE_LOCALIZATION_REVIEW_PACK.packets.json
RS056_NATIVE_LOCALIZATION_REVIEW_PACK,P276_RU_NATIVE_REVIEW_LOCK,pl_PL,in_game_wiki,107,814.8,623.1,86.4,620.0,2,5,1.646,DRAFT_PREFIX_LONG,C:/hades/Hecton8/Docs/Lore/AppliedContent/packets/RS056_NATIVE_LOCALIZATION_REVIEW_PACK.packets.json
RS056_NATIVE_LOCALIZATION_REVIEW_PACK,P276_RU_NATIVE_REVIEW_LOCK,pl_PL,external_site,153,1249.28,650.24,100.48,680.0,2,4,1.376,DRAFT_PREFIX_LONG,C:/hades/Hecton8/Docs/Lore/AppliedContent/packets/RS056_NATIVE_LOCALIZATION_REVIEW_PACK.packets.json
RS056_NATIVE_LOCALIZATION_REVIEW_PACK,P276_RU_NATIVE_REVIEW_LOCK,pl_PL,field_note,158,1118.32,523.6,80.64,560.0,3,3,1.364,DRAFT_PREFIX_LONG,C:/hades/Hecton8/Docs/Lore/AppliedContent/packets/RS056_NATIVE_LOCALIZATION_REVIEW_PACK.packets.json
RS056_NATIVE_LOCALIZATION_REVIEW_PACK,P276_RU_NATIVE_REVIEW_LOCK,uk_UA,title,64,586.8,332.64,103.68,360.0,2,1,2.89,TEXT_OVERFLOW_LINES;TEXT_EXPANSION_GT_1_35;DRAFT_PREFIX_LONG,C:/hades/Hecton8/Docs/Lore/AppliedContent/packets/RS056_NATIVE_LOCALIZATION_REVIEW_PACK.packets.json
RS056_NATIVE_LOCALIZATION_REVIEW_PACK,P276_RU_NATIVE_REVIEW_LOCK,uk_UA,scanner,86,668.8,456.32,92.16,460.0,2,2,2.041,TEXT_EXPANSION_GT_1_35;DRAFT_PREFIX_LONG,C:/hades/Hecton8/Docs/Lore/AppliedContent/packets/RS056_NATIVE_LOCALIZATION_REVIEW_PACK.packets.json
RS056_NATIVE_LOCALIZATION_REVIEW_PACK,P276_RU_NATIVE_REVIEW_LOCK,uk_UA,terminal,120,928.5,485.4,86.4,520.0,2,2,1.525,TEXT_EXPANSION_GT_1_35;DRAFT_PREFIX_LONG,C:/hades/Hecton8/Docs/Lore/AppliedContent/packets/RS056_NATIVE_LOCALIZATION_REVIEW_PACK.packets.json
RS056_NATIVE_LOCALIZATION_REVIEW_PACK,P276_RU_NATIVE_REVIEW_LOCK,uk_UA,audio,74,673.56,612.72,103.68,620.0,2,2,2.324,TEXT_EXPANSION_GT_1_35;DRAFT_PREFIX_LONG,C:/hades/Hecton8/Docs/Lore/AppliedContent/packets/RS056_NATIVE_LOCALIZATION_REVIEW_PACK.packets.json
RS056_NATIVE_LOCALIZATION_REVIEW_PACK,P276_RU_NATIVE_REVIEW_LOCK,uk_UA,in_game_wiki,107,814.8,623.1,86.4,620.0,2,5,1.646,DRAFT_PREFIX_LONG,C:/hades/Hecton8/Docs/Lore/AppliedContent/packets/RS056_NATIVE_LOCALIZATION_REVIEW_PACK.packets.json
RS056_NATIVE_LOCALIZATION_REVIEW_PACK,P276_RU_NATIVE_REVIEW_LOCK,uk_UA,external_site,153,1249.28,650.24,100.48,680.0,2,4,1.376,DRAFT_PREFIX_LONG,C:/hades/Hecton8/Docs/Lore/AppliedContent/packets/RS056_NATIVE_LOCALIZATION_REVIEW_PACK.packets.json
RS056_NATIVE_LOCALIZATION_REVIEW_PACK,P276_RU_NATIVE_REVIEW_LOCK,uk_UA,field_note,158,1118.32,523.6,80.64,560.0,3,3,1.364,DRAFT_PREFIX_LONG,C:/hades/Hecton8/Docs/Lore/AppliedContent/packets/RS056_NATIVE_LOCALIZATION_REVIEW_PACK.packets.json
RS056_NATIVE_LOCALIZATION_REVIEW_PACK,P276_RU_NATIVE_REVIEW_LOCK,ar_SA,title,64,586.8,332.64,103.68,360.0,2,1,2.89,TEXT_OVERFLOW_LINES;TEXT_EXPANSION_GT_1_35;DRAFT_PREFIX_LONG,C:/hades/Hecton8/Docs/Lore/AppliedContent/packets/RS056_NATIVE_LOCALIZATION_REVIEW_PACK.packets.json
RS056_NATIVE_LOCALIZATION_REVIEW_PACK,P276_RU_NATIVE_REVIEW_LOCK,ar_SA,scanner,86,668.8,456.32,92.16,460.0,2,2,2.041,TEXT_EXPANSION_GT_1_35;DRAFT_PREFIX_LONG,C:/hades/Hecton8/Docs/Lore/AppliedContent/packets/RS056_NATIVE_LOCALIZATION_REVIEW_PACK.packets.json
RS056_NATIVE_LOCALIZATION_REVIEW_PACK,P276_RU_NATIVE_REVIEW_LOCK,ar_SA,terminal,120,928.5,485.4,86.4,520.0,2,2,1.525,TEXT_EXPANSION_GT_1_35;DRAFT_PREFIX_LONG,C:/hades/Hecton8/Docs/Lore/AppliedContent/packets/RS056_NATIVE_LOCALIZATION_REVIEW_PACK.packets.json
RS056_NATIVE_LOCALIZATION_REVIEW_PACK,P276_RU_NATIVE_REVIEW_LOCK,ar_SA,audio,74,673.56,612.72,103.68,620.0,2,2,2.324,TEXT_EXPANSION_GT_1_35;DRAFT_PREFIX_LONG,C:/hades/Hecton8/Docs/Lore/AppliedContent/packets/RS056_NATIVE_LOCALIZATION_REVIEW_PACK.packets.json
RS056_NATIVE_LOCALIZATION_REVIEW_PACK,P276_RU_NATIVE_REVIEW_LOCK,ar_SA,in_game_wiki,107,814.8,623.1,86.4,620.0,2,5,1.646,DRAFT_PREFIX_LONG,C:/hades/Hecton8/Docs/Lore/AppliedContent/packets/RS056_NATIVE_LOCALIZATION_REVIEW_PACK.packets.json
RS056_NATIVE_LOCALIZATION_REVIEW_PACK,P276_RU_NATIVE_REVIEW_LOCK,ar_SA,external_site,153,1249.28,650.24,100.48,680.0,2,4,1.376,DRAFT_PREFIX_LONG,C:/hades/Hecton8/Docs/Lore/AppliedContent/packets/RS056_NATIVE_LOCALIZATION_REVIEW_PACK.packets.json
RS056_NATIVE_LOCALIZATION_REVIEW_PACK,P276_RU_NATIVE_REVIEW_LOCK,ar_SA,field_note,158,1118.32,523.6,80.64,560.0,3,3,1.364,DRAFT_PREFIX_LONG,C:/hades/Hecton8/Docs/Lore/AppliedContent/packets/RS056_NATIVE_LOCALIZATION_REVIEW_PACK.packets.json
RS056_NATIVE_LOCALIZATION_REVIEW_PACK,P276_RU_NATIVE_REVIEW_LOCK,id_ID,title,64,586.8,332.64,103.68,360.0,2,1,2.89,TEXT_OVERFLOW_LINES;TEXT_EXPANSION_GT_1_35;DRAFT_PREFIX_LONG,C:/hades/Hecton8/Docs/Lore/AppliedContent/packets/RS056_NATIVE_LOCALIZATION_REVIEW_PACK.packets.json
RS056_NATIVE_LOCALIZATION_REVIEW_PACK,P276_RU_NATIVE_REVIEW_LOCK,id_ID,scanner,86,668.8,456.32,92.16,460.0,2,2,2.041,TEXT_EXPANSION_GT_1_35;DRAFT_PREFIX_LONG,C:/hades/Hecton8/Docs/Lore/AppliedContent/packets/RS056_NATIVE_LOCALIZATION_REVIEW_PACK.packets.json
RS056_NATIVE_LOCALIZATION_REVIEW_PACK,P276_RU_NATIVE_REVIEW_LOCK,id_ID,terminal,120,928.5,485.4,86.4,520.0,2,2,1.525,TEXT_EXPANSION_GT_1_35;DRAFT_PREFIX_LONG,C:/hades/Hecton8/Docs/Lore/AppliedContent/packets/RS056_NATIVE_LOCALIZATION_REVIEW_PACK.packets.json
RS056_NATIVE_LOCALIZATION_REVIEW_PACK,P276_RU_NATIVE_REVIEW_LOCK,id_ID,audio,74,673.56,612.72,103.68,620.0,2,2,2.324,TEXT_EXPANSION_GT_1_35;DRAFT_PREFIX_LONG,C:/hades/Hecton8/Docs/Lore/AppliedContent/packets/RS056_NATIVE_LOCALIZATION_REVIEW_PACK.packets.json
RS056_NATIVE_LOCALIZATION_REVIEW_PACK,P276_RU_NATIVE_REVIEW_LOCK,id_ID,in_game_wiki,107,814.8,623.1,86.4,620.0,2,5,1.646,DRAFT_PREFIX_LONG,C:/hades/Hecton8/Docs/Lore/AppliedContent/packets/RS056_NATIVE_LOCALIZATION_REVIEW_PACK.packets.json
RS056_NATIVE_LOCALIZATION_REVIEW_PACK,P276_RU_NATIVE_REVIEW_LOCK,id_ID,external_site,153,1249.28,650.24,100.48,680.0,2,4,1.376,DRAFT_PREFIX_LONG,C:/hades/Hecton8/Docs/Lore/AppliedContent/packets/RS056_NATIVE_LOCALIZATION_REVIEW_PACK.packets.json
RS056_NATIVE_LOCALIZATION_REVIEW_PACK,P276_RU_NATIVE_REVIEW_LOCK,id_ID,field_note,158,1118.32,523.6,80.64,560.0,3,3,1.364,DRAFT_PREFIX_LONG,C:/hades/Hecton8/Docs/Lore/AppliedContent/packets/RS056_NATIVE_LOCALIZATION_REVIEW_PACK.packets.json
RS056_NATIVE_LOCALIZATION_REVIEW_PACK,P276_RU_NATIVE_REVIEW_LOCK,ko_KR,title,64,586.8,332.64,103.68,360.0,2,1,2.89,TEXT_OVERFLOW_LINES;TEXT_EXPANSION_GT_1_35;DRAFT_PREFIX_LONG,C:/hades/Hecton8/Docs/Lore/AppliedContent/packets/RS056_NATIVE_LOCALIZATION_REVIEW_PACK.packets.json
RS056_NATIVE_LOCALIZATION_REVIEW_PACK,P276_RU_NATIVE_REVIEW_LOCK,ko_KR,scanner,86,668.8,456.32,92.16,460.0,2,2,2.041,TEXT_EXPANSION_GT_1_35;DRAFT_PREFIX_LONG,C:/hades/Hecton8/Docs/Lore/AppliedContent/packets/RS056_NATIVE_LOCALIZATION_REVIEW_PACK.packets.json
RS056_NATIVE_LOCALIZATION_REVIEW_PACK,P276_RU_NATIVE_REVIEW_LOCK,ko_KR,terminal,120,928.5,485.4,86.4,520.0,2,2,1.525,TEXT_EXPANSION_GT_1_35;DRAFT_PREFIX_LONG,C:/hades/Hecton8/Docs/Lore/AppliedContent/packets/RS056_NATIVE_LOCALIZATION_REVIEW_PACK.packets.json
RS056_NATIVE_LOCALIZATION_REVIEW_PACK,P276_RU_NATIVE_REVIEW_LOCK,ko_KR,audio,74,673.56,612.72,103.68,620.0,2,2,2.324,TEXT_EXPANSION_GT_1_35;DRAFT_PREFIX_LONG,C:/hades/Hecton8/Docs/Lore/AppliedContent/packets/RS056_NATIVE_LOCALIZATION_REVIEW_PACK.packets.json
RS056_NATIVE_LOCALIZATION_REVIEW_PACK,P276_RU_NATIVE_REVIEW_LOCK,ko_KR,in_game_wiki,107,814.8,623.1,86.4,620.0,2,5,1.646,DRAFT_PREFIX_LONG,C:/hades/Hecton8/Docs/Lore/AppliedContent/packets/RS056_NATIVE_LOCALIZATION_REVIEW_PACK.packets.json
RS056_NATIVE_LOCALIZATION_REVIEW_PACK,P276_RU_NATIVE_REVIEW_LOCK,ko_KR,external_site,153,1249.28,650.24,100.48,680.0,2,4,1.376,DRAFT_PREFIX_LONG,C:/hades/Hecton8/Docs/Lore/AppliedContent/packets/RS056_NATIVE_LOCALIZATION_REVIEW_PACK.packets.json
RS056_NATIVE_LOCALIZATION_REVIEW_PACK,P276_RU_NATIVE_REVIEW_LOCK,ko_KR,field_note,158,1118.32,523.6,80.64,560.0,3,3,1.364,DRAFT_PREFIX_LONG,C:/hades/Hecton8/Docs/Lore/AppliedContent/packets/RS056_NATIVE_LOCALIZATION_REVIEW_PACK.packets.json
RS056_NATIVE_LOCALIZATION_REVIEW_PACK,P276_RU_NATIVE_REVIEW_LOCK,he_IL,title,64,586.8,332.64,103.68,360.0,2,1,2.89,TEXT_OVERFLOW_LINES;TEXT_EXPANSION_GT_1_35;DRAFT_PREFIX_LONG,C:/hades/Hecton8/Docs/Lore/AppliedContent/packets/RS056_NATIVE_LOCALIZATION_REVIEW_PACK.packets.json
RS056_NATIVE_LOCALIZATION_REVIEW_PACK,P276_RU_NATIVE_REVIEW_LOCK,he_IL,scanner,86,668.8,456.32,92.16,460.0,2,2,2.041,TEXT_EXPANSION_GT_1_35;DRAFT_PREFIX_LONG,C:/hades/Hecton8/Docs/Lore/AppliedContent/packets/RS056_NATIVE_LOCALIZATION_REVIEW_PACK.packets.json
RS056_NATIVE_LOCALIZATION_REVIEW_PACK,P276_RU_NATIVE_REVIEW_LOCK,he_IL,terminal,120,928.5,485.4,86.4,520.0,2,2,1.525,TEXT_EXPANSION_GT_1_35;DRAFT_PREFIX_LONG,C:/hades/Hecton8/Docs/Lore/AppliedContent/packets/RS056_NATIVE_LOCALIZATION_REVIEW_PACK.packets.json
RS056_NATIVE_LOCALIZATION_REVIEW_PACK,P276_RU_NATIVE_REVIEW_LOCK,he_IL,audio,74,673.56,612.72,103.68,620.0,2,2,2.324,TEXT_EXPANSION_GT_1_35;DRAFT_PREFIX_LONG,C:/hades/Hecton8/Docs/Lore/AppliedContent/packets/RS056_NATIVE_LOCALIZATION_REVIEW_PACK.packets.json
RS056_NATIVE_LOCALIZATION_REVIEW_PACK,P276_RU_NATIVE_REVIEW_LOCK,he_IL,in_game_wiki,107,814.8,623.1,86.4,620.0,2,5,1.646,DRAFT_PREFIX_LONG,C:/hades/Hecton8/Docs/Lore/AppliedContent/packets/RS056_NATIVE_LOCALIZATION_REVIEW_PACK.packets.json
RS056_NATIVE_LOCALIZATION_REVIEW_PACK,P276_RU_NATIVE_REVIEW_LOCK,he_IL,external_site,153,1249.28,650.24,100.48,680.0,2,4,1.376,DRAFT_PREFIX_LONG,C:/hades/Hecton8/Docs/Lore/AppliedContent/packets/RS056_NATIVE_LOCALIZATION_REVIEW_PACK.packets.json
RS056_NATIVE_LOCALIZATION_REVIEW_PACK,P276_RU_NATIVE_REVIEW_LOCK,he_IL,field_note,158,1118.32,523.6,80.64,560.0,3,3,1.364,DRAFT_PREFIX_LONG,C:/hades/Hecton8/Docs/Lore/AppliedContent/packets/RS056_NATIVE_LOCALIZATION_REVIEW_PACK.packets.json
RS056_NATIVE_LOCALIZATION_REVIEW_PACK,P276_RU_NATIVE_REVIEW_LOCK,pt_BR,title,67,616.68,362.52,103.68,360.0,2,1,3.037,TEXT_OVERFLOW_LINES;TEXT_EXPANSION_GT_1_35,C:/hades/Hecton8/Docs/Lore/AppliedContent/packets/RS056_NATIVE_LOCALIZATION_REVIEW_PACK.packets.json
RS056_NATIVE_LOCALIZATION_REVIEW_PACK,P276_RU_NATIVE_REVIEW_LOCK,pt_BR,scanner,89,695.36,450.56,92.16,460.0,2,2,2.122,TEXT_EXPANSION_GT_1_35,C:/hades/Hecton8/Docs/Lore/AppliedContent/packets/RS056_NATIVE_LOCALIZATION_REVIEW_PACK.packets.json
RS056_NATIVE_LOCALIZATION_REVIEW_PACK,P276_RU_NATIVE_REVIEW_LOCK,pt_BR,terminal,123,953.4,510.3,86.4,520.0,2,2,1.566,TEXT_EXPANSION_GT_1_35,C:/hades/Hecton8/Docs/Lore/AppliedContent/packets/RS056_NATIVE_LOCALIZATION_REVIEW_PACK.packets.json
RS056_NATIVE_LOCALIZATION_REVIEW_PACK,P276_RU_NATIVE_REVIEW_LOCK,pt_BR,audio,77,703.44,565.56,103.68,620.0,2,2,2.427,TEXT_EXPANSION_GT_1_35,C:/hades/Hecton8/Docs/Lore/AppliedContent/packets/RS056_NATIVE_LOCALIZATION_REVIEW_PACK.packets.json
RS056_NATIVE_LOCALIZATION_REVIEW_PACK,P276_RU_NATIVE_REVIEW_LOCK,pt_BR,in_game_wiki,110,839.7,617.7,86.4,620.0,2,5,1.696,,C:/hades/Hecton8/Docs/Lore/AppliedContent/packets/RS056_NATIVE_LOCALIZATION_REVIEW_PACK.packets.json
RS056_NATIVE_LOCALIZATION_REVIEW_PACK,P276_RU_NATIVE_REVIEW_LOCK,pt_BR,external_site,156,1275.84,676.8,100.48,680.0,2,4,1.405,,C:/hades/Hecton8/Docs/Lore/AppliedContent/packets/RS056_NATIVE_LOCALIZATION_REVIEW_PACK.packets.json
RS056_NATIVE_LOCALIZATION_REVIEW_PACK,P276_RU_NATIVE_REVIEW_LOCK,pt_BR,field_note,161,1141.56,523.6,80.64,560.0,3,3,1.392,,C:/hades/Hecton8/Docs/Lore/AppliedContent/packets/RS056_NATIVE_LOCALIZATION_REVIEW_PACK.packets.json
RS056_NATIVE_LOCALIZATION_REVIEW_PACK,P276_RU_NATIVE_REVIEW_LOCK,nl_NL,title,64,586.8,332.64,103.68,360.0,2,1,2.89,TEXT_OVERFLOW_LINES;TEXT_EXPANSION_GT_1_35;DRAFT_PREFIX_LONG,C:/hades/Hecton8/Docs/Lore/AppliedContent/packets/RS056_NATIVE_LOCALIZATION_REVIEW_PACK.packets.json
RS056_NATIVE_LOCALIZATION_REVIEW_PACK,P276_RU_NATIVE_REVIEW_LOCK,nl_NL,scanner,86,668.8,456.32,92.16,460.0,2,2,2.041,TEXT_EXPANSION_GT_1_35;DRAFT_PREFIX_LONG,C:/hades/Hecton8/Docs/Lore/AppliedContent/packets/RS056_NATIVE_LOCALIZATION_REVIEW_PACK.packets.json
RS056_NATIVE_LOCALIZATION_REVIEW_PACK,P276_RU_NATIVE_REVIEW_LOCK,nl_NL,terminal,120,928.5,485.4,86.4,520.0,2,2,1.525,TEXT_EXPANSION_GT_1_35;DRAFT_PREFIX_LONG,C:/hades/Hecton8/Docs/Lore/AppliedContent/packets/RS056_NATIVE_LOCALIZATION_REVIEW_PACK.packets.json
RS056_NATIVE_LOCALIZATION_REVIEW_PACK,P276_RU_NATIVE_REVIEW_LOCK,nl_NL,audio,74,673.56,612.72,103.68,620.0,2,2,2.324,TEXT_EXPANSION_GT_1_35;DRAFT_PREFIX_LONG,C:/hades/Hecton8/Docs/Lore/AppliedContent/packets/RS056_NATIVE_LOCALIZATION_REVIEW_PACK.packets.json
RS056_NATIVE_LOCALIZATION_REVIEW_PACK,P276_RU_NATIVE_REVIEW_LOCK,nl_NL,in_game_wiki,107,814.8,623.1,86.4,620.0,2,5,1.646,DRAFT_PREFIX_LONG,C:/hades/Hecton8/Docs/Lore/AppliedContent/packets/RS056_NATIVE_LOCALIZATION_REVIEW_PACK.packets.json
RS056_NATIVE_LOCALIZATION_REVIEW_PACK,P276_RU_NATIVE_REVIEW_LOCK,nl_NL,external_site,153,1249.28,650.24,100.48,680.0,2,4,1.376,DRAFT_PREFIX_LONG,C:/hades/Hecton8/Docs/Lore/AppliedContent/packets/RS056_NATIVE_LOCALIZATION_REVIEW_PACK.packets.json
RS056_NATIVE_LOCALIZATION_REVIEW_PACK,P276_RU_NATIVE_REVIEW_LOCK,nl_NL,field_note,158,1118.32,523.6,80.64,560.0,3,3,1.364,DRAFT_PREFIX_LONG,C:/hades/Hecton8/Docs/Lore/AppliedContent/packets/RS056_NATIVE_LOCALIZATION_REVIEW_PACK.packets.json
RS056_NATIVE_LOCALIZATION_REVIEW_PACK,P277_CJK_REVIEW_LOCK,en_US,title,15,149.04,149.04,62.64,360.0,1,1,1.0,,C:/hades/Hecton8/Docs/Lore/AppliedContent/packets/RS056_NATIVE_LOCALIZATION_REVIEW_PACK.packets.json
RS056_NATIVE_LOCALIZATION_REVIEW_PACK,P277_CJK_REVIEW_LOCK,en_US,scanner,35,282.24,282.24,59.2,460.0,1,2,1.0,,C:/hades/Hecton8/Docs/Lore/AppliedContent/packets/RS056_NATIVE_LOCALIZATION_REVIEW_PACK.packets.json
RS056_NATIVE_LOCALIZATION_REVIEW_PACK,P277_CJK_REVIEW_LOCK,en_US,terminal,88,677.4,467.7,111.3,520.0,2,2,1.0,,C:/hades/Hecton8/Docs/Lore/AppliedContent/packets/RS056_NATIVE_LOCALIZATION_REVIEW_PACK.packets.json
RS056_NATIVE_LOCALIZATION_REVIEW_PACK,P277_CJK_REVIEW_LOCK,en_US,audio,51,453.96,453.96,81.0,620.0,1,2,1.0,,C:/hades/Hecton8/Docs/Lore/AppliedContent/packets/RS056_NATIVE_LOCALIZATION_REVIEW_PACK.packets.json
RS056_NATIVE_LOCALIZATION_REVIEW_PACK,P277_CJK_REVIEW_LOCK,en_US,in_game_wiki,86,675.3,604.2,72.6,620.0,2,5,1.0,,C:/hades/Hecton8/Docs/Lore/AppliedContent/packets/RS056_NATIVE_LOCALIZATION_REVIEW_PACK.packets.json
RS056_NATIVE_LOCALIZATION_REVIEW_PACK,P277_CJK_REVIEW_LOCK,en_US,external_site,92,766.08,674.88,91.2,680.0,2,4,1.0,,C:/hades/Hecton8/Docs/Lore/AppliedContent/packets/RS056_NATIVE_LOCALIZATION_REVIEW_PACK.packets.json
RS056_NATIVE_LOCALIZATION_REVIEW_PACK,P277_CJK_REVIEW_LOCK,en_US,field_note,122,864.36,442.12,150.36,560.0,2,3,1.0,,C:/hades/Hecton8/Docs/Lore/AppliedContent/packets/RS056_NATIVE_LOCALIZATION_REVIEW_PACK.packets.json
RS056_NATIVE_LOCALIZATION_REVIEW_PACK,P277_CJK_REVIEW_LOCK,ru_RU,title,19,189.0,189.0,60.84,360.0,1,1,1.268,,C:/hades/Hecton8/Docs/Lore/AppliedContent/packets/RS056_NATIVE_LOCALIZATION_REVIEW_PACK.packets.json
RS056_NATIVE_LOCALIZATION_REVIEW_PACK,P277_CJK_REVIEW_LOCK,ru_RU,scanner,39,326.08,326.08,64.96,460.0,1,2,1.155,,C:/hades/Hecton8/Docs/Lore/AppliedContent/packets/RS056_NATIVE_LOCALIZATION_REVIEW_PACK.packets.json
RS056_NATIVE_LOCALIZATION_REVIEW_PACK,P277_CJK_REVIEW_LOCK,ru_RU,terminal,84,660.9,478.8,111.3,520.0,2,2,0.976,,C:/hades/Hecton8/Docs/Lore/AppliedContent/packets/RS056_NATIVE_LOCALIZATION_REVIEW_PACK.packets.json
RS056_NATIVE_LOCALIZATION_REVIEW_PACK,P277_CJK_REVIEW_LOCK,ru_RU,audio,60,573.12,573.12,88.2,620.0,1,2,1.262,,C:/hades/Hecton8/Docs/Lore/AppliedContent/packets/RS056_NATIVE_LOCALIZATION_REVIEW_PACK.packets.json
RS056_NATIVE_LOCALIZATION_REVIEW_PACK,P277_CJK_REVIEW_LOCK,ru_RU,in_game_wiki,76,607.2,607.2,72.6,620.0,1,5,0.899,,C:/hades/Hecton8/Docs/Lore/AppliedContent/packets/RS056_NATIVE_LOCALIZATION_REVIEW_PACK.packets.json
RS056_NATIVE_LOCALIZATION_REVIEW_PACK,P277_CJK_REVIEW_LOCK,ru_RU,external_site,70,609.6,609.6,139.2,680.0,1,4,0.796,,C:/hades/Hecton8/Docs/Lore/AppliedContent/packets/RS056_NATIVE_LOCALIZATION_REVIEW_PACK.packets.json
RS056_NATIVE_LOCALIZATION_REVIEW_PACK,P277_CJK_REVIEW_LOCK,ru_RU,field_note,120,848.96,442.12,150.36,560.0,2,3,0.982,,C:/hades/Hecton8/Docs/Lore/AppliedContent/packets/RS056_NATIVE_LOCALIZATION_REVIEW_PACK.packets.json
RS056_NATIVE_LOCALIZATION_REVIEW_PACK,P277_CJK_REVIEW_LOCK,ja_JP,title,58,532.8,332.64,103.68,360.0,2,1,3.575,TEXT_OVERFLOW_LINES;TEXT_EXPANSION_GT_1_35;DRAFT_PREFIX_LONG,C:/hades/Hecton8/Docs/Lore/AppliedContent/packets/RS056_NATIVE_LOCALIZATION_REVIEW_PACK.packets.json
RS056_NATIVE_LOCALIZATION_REVIEW_PACK,P277_CJK_REVIEW_LOCK,ja_JP,scanner,78,623.36,421.76,92.16,460.0,2,2,2.209,TEXT_EXPANSION_GT_1_35;DRAFT_PREFIX_LONG,C:/hades/Hecton8/Docs/Lore/AppliedContent/packets/RS056_NATIVE_LOCALIZATION_REVIEW_PACK.packets.json
RS056_NATIVE_LOCALIZATION_REVIEW_PACK,P277_CJK_REVIEW_LOCK,ja_JP,terminal,131,997.2,512.7,111.3,520.0,2,2,1.472,TEXT_EXPANSION_GT_1_35;DRAFT_PREFIX_LONG,C:/hades/Hecton8/Docs/Lore/AppliedContent/packets/RS056_NATIVE_LOCALIZATION_REVIEW_PACK.packets.json
RS056_NATIVE_LOCALIZATION_REVIEW_PACK,P277_CJK_REVIEW_LOCK,ja_JP,audio,94,837.72,568.44,103.68,620.0,2,2,1.845,TEXT_EXPANSION_GT_1_35;DRAFT_PREFIX_LONG,C:/hades/Hecton8/Docs/Lore/AppliedContent/packets/RS056_NATIVE_LOCALIZATION_REVIEW_PACK.packets.json
RS056_NATIVE_LOCALIZATION_REVIEW_PACK,P277_CJK_REVIEW_LOCK,ja_JP,in_game_wiki,129,995.1,572.7,86.4,620.0,2,5,1.474,DRAFT_PREFIX_LONG,C:/hades/Hecton8/Docs/Lore/AppliedContent/packets/RS056_NATIVE_LOCALIZATION_REVIEW_PACK.packets.json
RS056_NATIVE_LOCALIZATION_REVIEW_PACK,P277_CJK_REVIEW_LOCK,ja_JP,external_site,135,1107.2,657.6,92.16,680.0,2,4,1.445,DRAFT_PREFIX_LONG,C:/hades/Hecton8/Docs/Lore/AppliedContent/packets/RS056_NATIVE_LOCALIZATION_REVIEW_PACK.packets.json
RS056_NATIVE_LOCALIZATION_REVIEW_PACK,P277_CJK_REVIEW_LOCK,ja_JP,field_note,165,1162.84,555.52,150.36,560.0,3,3,1.345,DRAFT_PREFIX_LONG,C:/hades/Hecton8/Docs/Lore/AppliedContent/packets/RS056_NATIVE_LOCALIZATION_REVIEW_PACK.packets.json
RS056_NATIVE_LOCALIZATION_REVIEW_PACK,P277_CJK_REVIEW_LOCK,zh_CN,title,58,532.8,332.64,103.68,360.0,2,1,3.575,TEXT_OVERFLOW_LINES;TEXT_EXPANSION_GT_1_35;DRAFT_PREFIX_LONG,C:/hades/Hecton8/Docs/Lore/AppliedContent/packets/RS056_NATIVE_LOCALIZATION_REVIEW_PACK.packets.json
RS056_NATIVE_LOCALIZATION_REVIEW_PACK,P277_CJK_REVIEW_LOCK,zh_CN,scanner,78,623.36,421.76,92.16,460.0,2,2,2.209,TEXT_EXPANSION_GT_1_35;DRAFT_PREFIX_LONG,C:/hades/Hecton8/Docs/Lore/AppliedContent/packets/RS056_NATIVE_LOCALIZATION_REVIEW_PACK.packets.json
RS056_NATIVE_LOCALIZATION_REVIEW_PACK,P277_CJK_REVIEW_LOCK,zh_CN,terminal,131,997.2,512.7,111.3,520.0,2,2,1.472,TEXT_EXPANSION_GT_1_35;DRAFT_PREFIX_LONG,C:/hades/Hecton8/Docs/Lore/AppliedContent/packets/RS056_NATIVE_LOCALIZATION_REVIEW_PACK.packets.json
RS056_NATIVE_LOCALIZATION_REVIEW_PACK,P277_CJK_REVIEW_LOCK,zh_CN,audio,94,837.72,568.44,103.68,620.0,2,2,1.845,TEXT_EXPANSION_GT_1_35;DRAFT_PREFIX_LONG,C:/hades/Hecton8/Docs/Lore/AppliedContent/packets/RS056_NATIVE_LOCALIZATION_REVIEW_PACK.packets.json
RS056_NATIVE_LOCALIZATION_REVIEW_PACK,P277_CJK_REVIEW_LOCK,zh_CN,in_game_wiki,129,995.1,572.7,86.4,620.0,2,5,1.474,DRAFT_PREFIX_LONG,C:/hades/Hecton8/Docs/Lore/AppliedContent/packets/RS056_NATIVE_LOCALIZATION_REVIEW_PACK.packets.json
RS056_NATIVE_LOCALIZATION_REVIEW_PACK,P277_CJK_REVIEW_LOCK,zh_CN,external_site,135,1107.2,657.6,92.16,680.0,2,4,1.445,DRAFT_PREFIX_LONG,C:/hades/Hecton8/Docs/Lore/AppliedContent/packets/RS056_NATIVE_LOCALIZATION_REVIEW_PACK.packets.json
RS056_NATIVE_LOCALIZATION_REVIEW_PACK,P277_CJK_REVIEW_LOCK,zh_CN,field_note,165,1162.84,555.52,150.36,560.0,3,3,1.345,DRAFT_PREFIX_LONG,C:/hades/Hecton8/Docs/Lore/AppliedContent/packets/RS056_NATIVE_LOCALIZATION_REVIEW_PACK.packets.json
RS056_NATIVE_LOCALIZATION_REVIEW_PACK,P277_CJK_REVIEW_LOCK,fr_FR,title,58,532.8,332.64,103.68,360.0,2,1,3.575,TEXT_OVERFLOW_LINES;TEXT_EXPANSION_GT_1_35;DRAFT_PREFIX_LONG,C:/hades/Hecton8/Docs/Lore/AppliedContent/packets/RS056_NATIVE_LOCALIZATION_REVIEW_PACK.packets.json
RS056_NATIVE_LOCALIZATION_REVIEW_PACK,P277_CJK_REVIEW_LOCK,fr_FR,scanner,78,623.36,421.76,92.16,460.0,2,2,2.209,TEXT_EXPANSION_GT_1_35;DRAFT_PREFIX_LONG,C:/hades/Hecton8/Docs/Lore/AppliedContent/packets/RS056_NATIVE_LOCALIZATION_REVIEW_PACK.packets.json
RS056_NATIVE_LOCALIZATION_REVIEW_PACK,P277_CJK_REVIEW_LOCK,fr_FR,terminal,131,997.2,512.7,111.3,520.0,2,2,1.472,TEXT_EXPANSION_GT_1_35;DRAFT_PREFIX_LONG,C:/hades/Hecton8/Docs/Lore/AppliedContent/packets/RS056_NATIVE_LOCALIZATION_REVIEW_PACK.packets.json
RS056_NATIVE_LOCALIZATION_REVIEW_PACK,P277_CJK_REVIEW_LOCK,fr_FR,audio,94,837.72,568.44,103.68,620.0,2,2,1.845,TEXT_EXPANSION_GT_1_35;DRAFT_PREFIX_LONG,C:/hades/Hecton8/Docs/Lore/AppliedContent/packets/RS056_NATIVE_LOCALIZATION_REVIEW_PACK.packets.json
RS056_NATIVE_LOCALIZATION_REVIEW_PACK,P277_CJK_REVIEW_LOCK,fr_FR,in_game_wiki,129,995.1,572.7,86.4,620.0,2,5,1.474,DRAFT_PREFIX_LONG,C:/hades/Hecton8/Docs/Lore/AppliedContent/packets/RS056_NATIVE_LOCALIZATION_REVIEW_PACK.packets.json
RS056_NATIVE_LOCALIZATION_REVIEW_PACK,P277_CJK_REVIEW_LOCK,fr_FR,external_site,135,1107.2,657.6,92.16,680.0,2,4,1.445,DRAFT_PREFIX_LONG,C:/hades/Hecton8/Docs/Lore/AppliedContent/packets/RS056_NATIVE_LOCALIZATION_REVIEW_PACK.packets.json
RS056_NATIVE_LOCALIZATION_REVIEW_PACK,P277_CJK_REVIEW_LOCK,fr_FR,field_note,165,1162.84,555.52,150.36,560.0,3,3,1.345,DRAFT_PREFIX_LONG,C:/hades/Hecton8/Docs/Lore/AppliedContent/packets/RS056_NATIVE_LOCALIZATION_REVIEW_PACK.packets.json
RS056_NATIVE_LOCALIZATION_REVIEW_PACK,P277_CJK_REVIEW_LOCK,es_ES,title,58,532.8,332.64,103.68,360.0,2,1,3.575,TEXT_OVERFLOW_LINES;TEXT_EXPANSION_GT_1_35;DRAFT_PREFIX_LONG,C:/hades/Hecton8/Docs/Lore/AppliedContent/packets/RS056_NATIVE_LOCALIZATION_REVIEW_PACK.packets.json
RS056_NATIVE_LOCALIZATION_REVIEW_PACK,P277_CJK_REVIEW_LOCK,es_ES,scanner,78,623.36,421.76,92.16,460.0,2,2,2.209,TEXT_EXPANSION_GT_1_35;DRAFT_PREFIX_LONG,C:/hades/Hecton8/Docs/Lore/AppliedContent/packets/RS056_NATIVE_LOCALIZATION_REVIEW_PACK.packets.json
RS056_NATIVE_LOCALIZATION_REVIEW_PACK,P277_CJK_REVIEW_LOCK,es_ES,terminal,131,997.2,512.7,111.3,520.0,2,2,1.472,TEXT_EXPANSION_GT_1_35;DRAFT_PREFIX_LONG,C:/hades/Hecton8/Docs/Lore/AppliedContent/packets/RS056_NATIVE_LOCALIZATION_REVIEW_PACK.packets.json
RS056_NATIVE_LOCALIZATION_REVIEW_PACK,P277_CJK_REVIEW_LOCK,es_ES,audio,94,837.72,568.44,103.68,620.0,2,2,1.845,TEXT_EXPANSION_GT_1_35;DRAFT_PREFIX_LONG,C:/hades/Hecton8/Docs/Lore/AppliedContent/packets/RS056_NATIVE_LOCALIZATION_REVIEW_PACK.packets.json
RS056_NATIVE_LOCALIZATION_REVIEW_PACK,P277_CJK_REVIEW_LOCK,es_ES,in_game_wiki,129,995.1,572.7,86.4,620.0,2,5,1.474,DRAFT_PREFIX_LONG,C:/hades/Hecton8/Docs/Lore/AppliedContent/packets/RS056_NATIVE_LOCALIZATION_REVIEW_PACK.packets.json
RS056_NATIVE_LOCALIZATION_REVIEW_PACK,P277_CJK_REVIEW_LOCK,es_ES,external_site,135,1107.2,657.6,92.16,680.0,2,4,1.445,DRAFT_PREFIX_LONG,C:/hades/Hecton8/Docs/Lore/AppliedContent/packets/RS056_NATIVE_LOCALIZATION_REVIEW_PACK.packets.json
RS056_NATIVE_LOCALIZATION_REVIEW_PACK,P277_CJK_REVIEW_LOCK,es_ES,field_note,165,1162.84,555.52,150.36,560.0,3,3,1.345,DRAFT_PREFIX_LONG,C:/hades/Hecton8/Docs/Lore/AppliedContent/packets/RS056_NATIVE_LOCALIZATION_REVIEW_PACK.packets.json
RS056_NATIVE_LOCALIZATION_REVIEW_PACK,P277_CJK_REVIEW_LOCK,de_DE,title,58,532.8,332.64,103.68,360.0,2,1,3.575,TEXT_OVERFLOW_LINES;TEXT_EXPANSION_GT_1_35;DRAFT_PREFIX_LONG,C:/hades/Hecton8/Docs/Lore/AppliedContent/packets/RS056_NATIVE_LOCALIZATION_REVIEW_PACK.packets.json
RS056_NATIVE_LOCALIZATION_REVIEW_PACK,P277_CJK_REVIEW_LOCK,de_DE,scanner,78,623.36,421.76,92.16,460.0,2,2,2.209,TEXT_EXPANSION_GT_1_35;DRAFT_PREFIX_LONG,C:/hades/Hecton8/Docs/Lore/AppliedContent/packets/RS056_NATIVE_LOCALIZATION_REVIEW_PACK.packets.json
RS056_NATIVE_LOCALIZATION_REVIEW_PACK,P277_CJK_REVIEW_LOCK,de_DE,terminal,131,997.2,512.7,111.3,520.0,2,2,1.472,TEXT_EXPANSION_GT_1_35;DRAFT_PREFIX_LONG,C:/hades/Hecton8/Docs/Lore/AppliedContent/packets/RS056_NATIVE_LOCALIZATION_REVIEW_PACK.packets.json
RS056_NATIVE_LOCALIZATION_REVIEW_PACK,P277_CJK_REVIEW_LOCK,de_DE,audio,94,837.72,568.44,103.68,620.0,2,2,1.845,TEXT_EXPANSION_GT_1_35;DRAFT_PREFIX_LONG,C:/hades/Hecton8/Docs/Lore/AppliedContent/packets/RS056_NATIVE_LOCALIZATION_REVIEW_PACK.packets.json
RS056_NATIVE_LOCALIZATION_REVIEW_PACK,P277_CJK_REVIEW_LOCK,de_DE,in_game_wiki,129,995.1,572.7,86.4,620.0,2,5,1.474,DRAFT_PREFIX_LONG,C:/hades/Hecton8/Docs/Lore/AppliedContent/packets/RS056_NATIVE_LOCALIZATION_REVIEW_PACK.packets.json
RS056_NATIVE_LOCALIZATION_REVIEW_PACK,P277_CJK_REVIEW_LOCK,de_DE,external_site,135,1107.2,657.6,92.16,680.0,2,4,1.445,DRAFT_PREFIX_LONG,C:/hades/Hecton8/Docs/Lore/AppliedContent/packets/RS056_NATIVE_LOCALIZATION_REVIEW_PACK.packets.json
RS056_NATIVE_LOCALIZATION_REVIEW_PACK,P277_CJK_REVIEW_LOCK,de_DE,field_note,165,1162.84,555.52,150.36,560.0,3,3,1.345,DRAFT_PREFIX_LONG,C:/hades/Hecton8/Docs/Lore/AppliedContent/packets/RS056_NATIVE_LOCALIZATION_REVIEW_PACK.packets.json
RS056_NATIVE_LOCALIZATION_REVIEW_PACK,P277_CJK_REVIEW_LOCK,pl_PL,title,58,532.8,332.64,103.68,360.0,2,1,3.575,TEXT_OVERFLOW_LINES;TEXT_EXPANSION_GT_1_35;DRAFT_PREFIX_LONG,C:/hades/Hecton8/Docs/Lore/AppliedContent/packets/RS056_NATIVE_LOCALIZATION_REVIEW_PACK.packets.json
RS056_NATIVE_LOCALIZATION_REVIEW_PACK,P277_CJK_REVIEW_LOCK,pl_PL,scanner,78,623.36,421.76,92.16,460.0,2,2,2.209,TEXT_EXPANSION_GT_1_35;DRAFT_PREFIX_LONG,C:/hades/Hecton8/Docs/Lore/AppliedContent/packets/RS056_NATIVE_LOCALIZATION_REVIEW_PACK.packets.json
RS056_NATIVE_LOCALIZATION_REVIEW_PACK,P277_CJK_REVIEW_LOCK,pl_PL,terminal,131,997.2,512.7,111.3,520.0,2,2,1.472,TEXT_EXPANSION_GT_1_35;DRAFT_PREFIX_LONG,C:/hades/Hecton8/Docs/Lore/AppliedContent/packets/RS056_NATIVE_LOCALIZATION_REVIEW_PACK.packets.json
RS056_NATIVE_LOCALIZATION_REVIEW_PACK,P277_CJK_REVIEW_LOCK,pl_PL,audio,94,837.72,568.44,103.68,620.0,2,2,1.845,TEXT_EXPANSION_GT_1_35;DRAFT_PREFIX_LONG,C:/hades/Hecton8/Docs/Lore/AppliedContent/packets/RS056_NATIVE_LOCALIZATION_REVIEW_PACK.packets.json
RS056_NATIVE_LOCALIZATION_REVIEW_PACK,P277_CJK_REVIEW_LOCK,pl_PL,in_game_wiki,129,995.1,572.7,86.4,620.0,2,5,1.474,DRAFT_PREFIX_LONG,C:/hades/Hecton8/Docs/Lore/AppliedContent/packets/RS056_NATIVE_LOCALIZATION_REVIEW_PACK.packets.json
RS056_NATIVE_LOCALIZATION_REVIEW_PACK,P277_CJK_REVIEW_LOCK,pl_PL,external_site,135,1107.2,657.6,92.16,680.0,2,4,1.445,DRAFT_PREFIX_LONG,C:/hades/Hecton8/Docs/Lore/AppliedContent/packets/RS056_NATIVE_LOCALIZATION_REVIEW_PACK.packets.json
RS056_NATIVE_LOCALIZATION_REVIEW_PACK,P277_CJK_REVIEW_LOCK,pl_PL,field_note,165,1162.84,555.52,150.36,560.0,3,3,1.345,DRAFT_PREFIX_LONG,C:/hades/Hecton8/Docs/Lore/AppliedContent/packets/RS056_NATIVE_LOCALIZATION_REVIEW_PACK.packets.json
RS056_NATIVE_LOCALIZATION_REVIEW_PACK,P277_CJK_REVIEW_LOCK,uk_UA,title,58,532.8,332.64,103.68,360.0,2,1,3.575,TEXT_OVERFLOW_LINES;TEXT_EXPANSION_GT_1_35;DRAFT_PREFIX_LONG,C:/hades/Hecton8/Docs/Lore/AppliedContent/packets/RS056_NATIVE_LOCALIZATION_REVIEW_PACK.packets.json
RS056_NATIVE_LOCALIZATION_REVIEW_PACK,P277_CJK_REVIEW_LOCK,uk_UA,scanner,78,623.36,421.76,92.16,460.0,2,2,2.209,TEXT_EXPANSION_GT_1_35;DRAFT_PREFIX_LONG,C:/hades/Hecton8/Docs/Lore/AppliedContent/packets/RS056_NATIVE_LOCALIZATION_REVIEW_PACK.packets.json
RS056_NATIVE_LOCALIZATION_REVIEW_PACK,P277_CJK_REVIEW_LOCK,uk_UA,terminal,131,997.2,512.7,111.3,520.0,2,2,1.472,TEXT_EXPANSION_GT_1_35;DRAFT_PREFIX_LONG,C:/hades/Hecton8/Docs/Lore/AppliedContent/packets/RS056_NATIVE_LOCALIZATION_REVIEW_PACK.packets.json
RS056_NATIVE_LOCALIZATION_REVIEW_PACK,P277_CJK_REVIEW_LOCK,uk_UA,audio,94,837.72,568.44,103.68,620.0,2,2,1.845,TEXT_EXPANSION_GT_1_35;DRAFT_PREFIX_LONG,C:/hades/Hecton8/Docs/Lore/AppliedContent/packets/RS056_NATIVE_LOCALIZATION_REVIEW_PACK.packets.json
RS056_NATIVE_LOCALIZATION_REVIEW_PACK,P277_CJK_REVIEW_LOCK,uk_UA,in_game_wiki,129,995.1,572.7,86.4,620.0,2,5,1.474,DRAFT_PREFIX_LONG,C:/hades/Hecton8/Docs/Lore/AppliedContent/packets/RS056_NATIVE_LOCALIZATION_REVIEW_PACK.packets.json
RS056_NATIVE_LOCALIZATION_REVIEW_PACK,P277_CJK_REVIEW_LOCK,uk_UA,external_site,135,1107.2,657.6,92.16,680.0,2,4,1.445,DRAFT_PREFIX_LONG,C:/hades/Hecton8/Docs/Lore/AppliedContent/packets/RS056_NATIVE_LOCALIZATION_REVIEW_PACK.packets.json
RS056_NATIVE_LOCALIZATION_REVIEW_PACK,P277_CJK_REVIEW_LOCK,uk_UA,field_note,165,1162.84,555.52,150.36,560.0,3,3,1.345,DRAFT_PREFIX_LONG,C:/hades/Hecton8/Docs/Lore/AppliedContent/packets/RS056_NATIVE_LOCALIZATION_REVIEW_PACK.packets.json
RS056_NATIVE_LOCALIZATION_REVIEW_PACK,P277_CJK_REVIEW_LOCK,ar_SA,title,58,532.8,332.64,103.68,360.0,2,1,3.575,TEXT_OVERFLOW_LINES;TEXT_EXPANSION_GT_1_35;DRAFT_PREFIX_LONG,C:/hades/Hecton8/Docs/Lore/AppliedContent/packets/RS056_NATIVE_LOCALIZATION_REVIEW_PACK.packets.json
RS056_NATIVE_LOCALIZATION_REVIEW_PACK,P277_CJK_REVIEW_LOCK,ar_SA,scanner,78,623.36,421.76,92.16,460.0,2,2,2.209,TEXT_EXPANSION_GT_1_35;DRAFT_PREFIX_LONG,C:/hades/Hecton8/Docs/Lore/AppliedContent/packets/RS056_NATIVE_LOCALIZATION_REVIEW_PACK.packets.json
RS056_NATIVE_LOCALIZATION_REVIEW_PACK,P277_CJK_REVIEW_LOCK,ar_SA,terminal,131,997.2,512.7,111.3,520.0,2,2,1.472,TEXT_EXPANSION_GT_1_35;DRAFT_PREFIX_LONG,C:/hades/Hecton8/Docs/Lore/AppliedContent/packets/RS056_NATIVE_LOCALIZATION_REVIEW_PACK.packets.json
RS056_NATIVE_LOCALIZATION_REVIEW_PACK,P277_CJK_REVIEW_LOCK,ar_SA,audio,94,837.72,568.44,103.68,620.0,2,2,1.845,TEXT_EXPANSION_GT_1_35;DRAFT_PREFIX_LONG,C:/hades/Hecton8/Docs/Lore/AppliedContent/packets/RS056_NATIVE_LOCALIZATION_REVIEW_PACK.packets.json
RS056_NATIVE_LOCALIZATION_REVIEW_PACK,P277_CJK_REVIEW_LOCK,ar_SA,in_game_wiki,129,995.1,572.7,86.4,620.0,2,5,1.474,DRAFT_PREFIX_LONG,C:/hades/Hecton8/Docs/Lore/AppliedContent/packets/RS056_NATIVE_LOCALIZATION_REVIEW_PACK.packets.json
RS056_NATIVE_LOCALIZATION_REVIEW_PACK,P277_CJK_REVIEW_LOCK,ar_SA,external_site,135,1107.2,657.6,92.16,680.0,2,4,1.445,DRAFT_PREFIX_LONG,C:/hades/Hecton8/Docs/Lore/AppliedContent/packets/RS056_NATIVE_LOCALIZATION_REVIEW_PACK.packets.json
RS056_NATIVE_LOCALIZATION_REVIEW_PACK,P277_CJK_REVIEW_LOCK,ar_SA,field_note,165,1162.84,555.52,150.36,560.0,3,3,1.345,DRAFT_PREFIX_LONG,C:/hades/Hecton8/Docs/Lore/AppliedContent/packets/RS056_NATIVE_LOCALIZATION_REVIEW_PACK.packets.json
RS056_NATIVE_LOCALIZATION_REVIEW_PACK,P277_CJK_REVIEW_LOCK,id_ID,title,58,532.8,332.64,103.68,360.0,2,1,3.575,TEXT_OVERFLOW_LINES;TEXT_EXPANSION_GT_1_35;DRAFT_PREFIX_LONG,C:/hades/Hecton8/Docs/Lore/AppliedContent/packets/RS056_NATIVE_LOCALIZATION_REVIEW_PACK.packets.json
RS056_NATIVE_LOCALIZATION_REVIEW_PACK,P277_CJK_REVIEW_LOCK,id_ID,scanner,78,623.36,421.76,92.16,460.0,2,2,2.209,TEXT_EXPANSION_GT_1_35;DRAFT_PREFIX_LONG,C:/hades/Hecton8/Docs/Lore/AppliedContent/packets/RS056_NATIVE_LOCALIZATION_REVIEW_PACK.packets.json
RS056_NATIVE_LOCALIZATION_REVIEW_PACK,P277_CJK_REVIEW_LOCK,id_ID,terminal,131,997.2,512.7,111.3,520.0,2,2,1.472,TEXT_EXPANSION_GT_1_35;DRAFT_PREFIX_LONG,C:/hades/Hecton8/Docs/Lore/AppliedContent/packets/RS056_NATIVE_LOCALIZATION_REVIEW_PACK.packets.json
RS056_NATIVE_LOCALIZATION_REVIEW_PACK,P277_CJK_REVIEW_LOCK,id_ID,audio,94,837.72,568.44,103.68,620.0,2,2,1.845,TEXT_EXPANSION_GT_1_35;DRAFT_PREFIX_LONG,C:/hades/Hecton8/Docs/Lore/AppliedContent/packets/RS056_NATIVE_LOCALIZATION_REVIEW_PACK.packets.json
RS056_NATIVE_LOCALIZATION_REVIEW_PACK,P277_CJK_REVIEW_LOCK,id_ID,in_game_wiki,129,995.1,572.7,86.4,620.0,2,5,1.474,DRAFT_PREFIX_LONG,C:/hades/Hecton8/Docs/Lore/AppliedContent/packets/RS056_NATIVE_LOCALIZATION_REVIEW_PACK.packets.json
RS056_NATIVE_LOCALIZATION_REVIEW_PACK,P277_CJK_REVIEW_LOCK,id_ID,external_site,135,1107.2,657.6,92.16,680.0,2,4,1.445,DRAFT_PREFIX_LONG,C:/hades/Hecton8/Docs/Lore/AppliedContent/packets/RS056_NATIVE_LOCALIZATION_REVIEW_PACK.packets.json
RS056_NATIVE_LOCALIZATION_REVIEW_PACK,P277_CJK_REVIEW_LOCK,id_ID,field_note,165,1162.84,555.52,150.36,560.0,3,3,1.345,DRAFT_PREFIX_LONG,C:/hades/Hecton8/Docs/Lore/AppliedContent/packets/RS056_NATIVE_LOCALIZATION_REVIEW_PACK.packets.json
RS056_NATIVE_LOCALIZATION_REVIEW_PACK,P277_CJK_REVIEW_LOCK,ko_KR,title,58,532.8,332.64,103.68,360.0,2,1,3.575,TEXT_OVERFLOW_LINES;TEXT_EXPANSION_GT_1_35;DRAFT_PREFIX_LONG,C:/hades/Hecton8/Docs/Lore/AppliedContent/packets/RS056_NATIVE_LOCALIZATION_REVIEW_PACK.packets.json
RS056_NATIVE_LOCALIZATION_REVIEW_PACK,P277_CJK_REVIEW_LOCK,ko_KR,scanner,78,623.36,421.76,92.16,460.0,2,2,2.209,TEXT_EXPANSION_GT_1_35;DRAFT_PREFIX_LONG,C:/hades/Hecton8/Docs/Lore/AppliedContent/packets/RS056_NATIVE_LOCALIZATION_REVIEW_PACK.packets.json
RS056_NATIVE_LOCALIZATION_REVIEW_PACK,P277_CJK_REVIEW_LOCK,ko_KR,terminal,131,997.2,512.7,111.3,520.0,2,2,1.472,TEXT_EXPANSION_GT_1_35;DRAFT_PREFIX_LONG,C:/hades/Hecton8/Docs/Lore/AppliedContent/packets/RS056_NATIVE_LOCALIZATION_REVIEW_PACK.packets.json
RS056_NATIVE_LOCALIZATION_REVIEW_PACK,P277_CJK_REVIEW_LOCK,ko_KR,audio,94,837.72,568.44,103.68,620.0,2,2,1.845,TEXT_EXPANSION_GT_1_35;DRAFT_PREFIX_LONG,C:/hades/Hecton8/Docs/Lore/AppliedContent/packets/RS056_NATIVE_LOCALIZATION_REVIEW_PACK.packets.json
RS056_NATIVE_LOCALIZATION_REVIEW_PACK,P277_CJK_REVIEW_LOCK,ko_KR,in_game_wiki,129,995.1,572.7,86.4,620.0,2,5,1.474,DRAFT_PREFIX_LONG,C:/hades/Hecton8/Docs/Lore/AppliedContent/packets/RS056_NATIVE_LOCALIZATION_REVIEW_PACK.packets.json
RS056_NATIVE_LOCALIZATION_REVIEW_PACK,P277_CJK_REVIEW_LOCK,ko_KR,external_site,135,1107.2,657.6,92.16,680.0,2,4,1.445,DRAFT_PREFIX_LONG,C:/hades/Hecton8/Docs/Lore/AppliedContent/packets/RS056_NATIVE_LOCALIZATION_REVIEW_PACK.packets.json
RS056_NATIVE_LOCALIZATION_REVIEW_PACK,P277_CJK_REVIEW_LOCK,ko_KR,field_note,165,1162.84,555.52,150.36,560.0,3,3,1.345,DRAFT_PREFIX_LONG,C:/hades/Hecton8/Docs/Lore/AppliedContent/packets/RS056_NATIVE_LOCALIZATION_REVIEW_PACK.packets.json
RS056_NATIVE_LOCALIZATION_REVIEW_PACK,P277_CJK_REVIEW_LOCK,he_IL,title,58,532.8,332.64,103.68,360.0,2,1,3.575,TEXT_OVERFLOW_LINES;TEXT_EXPANSION_GT_1_35;DRAFT_PREFIX_LONG,C:/hades/Hecton8/Docs/Lore/AppliedContent/packets/RS056_NATIVE_LOCALIZATION_REVIEW_PACK.packets.json
RS056_NATIVE_LOCALIZATION_REVIEW_PACK,P277_CJK_REVIEW_LOCK,he_IL,scanner,78,623.36,421.76,92.16,460.0,2,2,2.209,TEXT_EXPANSION_GT_1_35;DRAFT_PREFIX_LONG,C:/hades/Hecton8/Docs/Lore/AppliedContent/packets/RS056_NATIVE_LOCALIZATION_REVIEW_PACK.packets.json
RS056_NATIVE_LOCALIZATION_REVIEW_PACK,P277_CJK_REVIEW_LOCK,he_IL,terminal,131,997.2,512.7,111.3,520.0,2,2,1.472,TEXT_EXPANSION_GT_1_35;DRAFT_PREFIX_LONG,C:/hades/Hecton8/Docs/Lore/AppliedContent/packets/RS056_NATIVE_LOCALIZATION_REVIEW_PACK.packets.json
RS056_NATIVE_LOCALIZATION_REVIEW_PACK,P277_CJK_REVIEW_LOCK,he_IL,audio,94,837.72,568.44,103.68,620.0,2,2,1.845,TEXT_EXPANSION_GT_1_35;DRAFT_PREFIX_LONG,C:/hades/Hecton8/Docs/Lore/AppliedContent/packets/RS056_NATIVE_LOCALIZATION_REVIEW_PACK.packets.json
RS056_NATIVE_LOCALIZATION_REVIEW_PACK,P277_CJK_REVIEW_LOCK,he_IL,in_game_wiki,129,995.1,572.7,86.4,620.0,2,5,1.474,DRAFT_PREFIX_LONG,C:/hades/Hecton8/Docs/Lore/AppliedContent/packets/RS056_NATIVE_LOCALIZATION_REVIEW_PACK.packets.json
RS056_NATIVE_LOCALIZATION_REVIEW_PACK,P277_CJK_REVIEW_LOCK,he_IL,external_site,135,1107.2,657.6,92.16,680.0,2,4,1.445,DRAFT_PREFIX_LONG,C:/hades/Hecton8/Docs/Lore/AppliedContent/packets/RS056_NATIVE_LOCALIZATION_REVIEW_PACK.packets.json
RS056_NATIVE_LOCALIZATION_REVIEW_PACK,P277_CJK_REVIEW_LOCK,he_IL,field_note,165,1162.84,555.52,150.36,560.0,3,3,1.345,DRAFT_PREFIX_LONG,C:/hades/Hecton8/Docs/Lore/AppliedContent/packets/RS056_NATIVE_LOCALIZATION_REVIEW_PACK.packets.json
RS056_NATIVE_LOCALIZATION_REVIEW_PACK,P277_CJK_REVIEW_LOCK,pt_BR,title,61,562.68,362.52,103.68,360.0,2,1,3.775,TEXT_OVERFLOW_LINES;TEXT_EXPANSION_GT_1_35,C:/hades/Hecton8/Docs/Lore/AppliedContent/packets/RS056_NATIVE_LOCALIZATION_REVIEW_PACK.packets.json
RS056_NATIVE_LOCALIZATION_REVIEW_PACK,P277_CJK_REVIEW_LOCK,pt_BR,scanner,81,649.92,448.32,92.16,460.0,2,2,2.303,TEXT_EXPANSION_GT_1_35,C:/hades/Hecton8/Docs/Lore/AppliedContent/packets/RS056_NATIVE_LOCALIZATION_REVIEW_PACK.packets.json
RS056_NATIVE_LOCALIZATION_REVIEW_PACK,P277_CJK_REVIEW_LOCK,pt_BR,terminal,134,1022.1,495.0,111.3,520.0,3,2,1.509,TEXT_OVERFLOW_LINES;TEXT_EXPANSION_GT_1_35,C:/hades/Hecton8/Docs/Lore/AppliedContent/packets/RS056_NATIVE_LOCALIZATION_REVIEW_PACK.packets.json
RS056_NATIVE_LOCALIZATION_REVIEW_PACK,P277_CJK_REVIEW_LOCK,pt_BR,audio,97,867.6,598.32,103.68,620.0,2,2,1.911,TEXT_EXPANSION_GT_1_35,C:/hades/Hecton8/Docs/Lore/AppliedContent/packets/RS056_NATIVE_LOCALIZATION_REVIEW_PACK.packets.json
RS056_NATIVE_LOCALIZATION_REVIEW_PACK,P277_CJK_REVIEW_LOCK,pt_BR,in_game_wiki,132,1020.0,597.6,86.4,620.0,2,5,1.51,,C:/hades/Hecton8/Docs/Lore/AppliedContent/packets/RS056_NATIVE_LOCALIZATION_REVIEW_PACK.packets.json
RS056_NATIVE_LOCALIZATION_REVIEW_PACK,P277_CJK_REVIEW_LOCK,pt_BR,external_site,138,1133.76,684.16,92.16,680.0,2,4,1.48,,C:/hades/Hecton8/Docs/Lore/AppliedContent/packets/RS056_NATIVE_LOCALIZATION_REVIEW_PACK.packets.json
RS056_NATIVE_LOCALIZATION_REVIEW_PACK,P277_CJK_REVIEW_LOCK,pt_BR,field_note,168,1186.08,511.0,150.36,560.0,3,3,1.372,,C:/hades/Hecton8/Docs/Lore/AppliedContent/packets/RS056_NATIVE_LOCALIZATION_REVIEW_PACK.packets.json
RS056_NATIVE_LOCALIZATION_REVIEW_PACK,P277_CJK_REVIEW_LOCK,nl_NL,title,58,532.8,332.64,103.68,360.0,2,1,3.575,TEXT_OVERFLOW_LINES;TEXT_EXPANSION_GT_1_35;DRAFT_PREFIX_LONG,C:/hades/Hecton8/Docs/Lore/AppliedContent/packets/RS056_NATIVE_LOCALIZATION_REVIEW_PACK.packets.json
RS056_NATIVE_LOCALIZATION_REVIEW_PACK,P277_CJK_REVIEW_LOCK,nl_NL,scanner,78,623.36,421.76,92.16,460.0,2,2,2.209,TEXT_EXPANSION_GT_1_35;DRAFT_PREFIX_LONG,C:/hades/Hecton8/Docs/Lore/AppliedContent/packets/RS056_NATIVE_LOCALIZATION_REVIEW_PACK.packets.json
RS056_NATIVE_LOCALIZATION_REVIEW_PACK,P277_CJK_REVIEW_LOCK,nl_NL,terminal,131,997.2,512.7,111.3,520.0,2,2,1.472,TEXT_EXPANSION_GT_1_35;DRAFT_PREFIX_LONG,C:/hades/Hecton8/Docs/Lore/AppliedContent/packets/RS056_NATIVE_LOCALIZATION_REVIEW_PACK.packets.json
RS056_NATIVE_LOCALIZATION_REVIEW_PACK,P277_CJK_REVIEW_LOCK,nl_NL,audio,94,837.72,568.44,103.68,620.0,2,2,1.845,TEXT_EXPANSION_GT_1_35;DRAFT_PREFIX_LONG,C:/hades/Hecton8/Docs/Lore/AppliedContent/packets/RS056_NATIVE_LOCALIZATION_REVIEW_PACK.packets.json
RS056_NATIVE_LOCALIZATION_REVIEW_PACK,P277_CJK_REVIEW_LOCK,nl_NL,in_game_wiki,129,995.1,572.7,86.4,620.0,2,5,1.474,DRAFT_PREFIX_LONG,C:/hades/Hecton8/Docs/Lore/AppliedContent/packets/RS056_NATIVE_LOCALIZATION_REVIEW_PACK.packets.json
RS056_NATIVE_LOCALIZATION_REVIEW_PACK,P277_CJK_REVIEW_LOCK,nl_NL,external_site,135,1107.2,657.6,92.16,680.0,2,4,1.445,DRAFT_PREFIX_LONG,C:/hades/Hecton8/Docs/Lore/AppliedContent/packets/RS056_NATIVE_LOCALIZATION_REVIEW_PACK.packets.json
RS056_NATIVE_LOCALIZATION_REVIEW_PACK,P277_CJK_REVIEW_LOCK,nl_NL,field_note,165,1162.84,555.52,150.36,560.0,3,3,1.345,DRAFT_PREFIX_LONG,C:/hades/Hecton8/Docs/Lore/AppliedContent/packets/RS056_NATIVE_LOCALIZATION_REVIEW_PACK.packets.json
RS056_NATIVE_LOCALIZATION_REVIEW_PACK,P278_RTL_REVIEW_LOCK,en_US,title,15,144.72,144.72,62.64,360.0,1,1,1.0,,C:/hades/Hecton8/Docs/Lore/AppliedContent/packets/RS056_NATIVE_LOCALIZATION_REVIEW_PACK.packets.json
RS056_NATIVE_LOCALIZATION_REVIEW_PACK,P278_RTL_REVIEW_LOCK,en_US,scanner,40,318.08,318.08,89.92,460.0,1,2,1.0,,C:/hades/Hecton8/Docs/Lore/AppliedContent/packets/RS056_NATIVE_LOCALIZATION_REVIEW_PACK.packets.json
RS056_NATIVE_LOCALIZATION_REVIEW_PACK,P278_RTL_REVIEW_LOCK,en_US,terminal,87,662.4,518.4,67.5,520.0,2,2,1.0,,C:/hades/Hecton8/Docs/Lore/AppliedContent/packets/RS056_NATIVE_LOCALIZATION_REVIEW_PACK.packets.json
RS056_NATIVE_LOCALIZATION_REVIEW_PACK,P278_RTL_REVIEW_LOCK,en_US,audio,46,415.44,415.44,82.08,620.0,1,2,1.0,,C:/hades/Hecton8/Docs/Lore/AppliedContent/packets/RS056_NATIVE_LOCALIZATION_REVIEW_PACK.packets.json
RS056_NATIVE_LOCALIZATION_REVIEW_PACK,P278_RTL_REVIEW_LOCK,en_US,in_game_wiki,54,430.2,430.2,55.8,620.0,1,5,1.0,,C:/hades/Hecton8/Docs/Lore/AppliedContent/packets/RS056_NATIVE_LOCALIZATION_REVIEW_PACK.packets.json
RS056_NATIVE_LOCALIZATION_REVIEW_PACK,P278_RTL_REVIEW_LOCK,en_US,external_site,98,811.84,683.52,101.12,680.0,2,4,1.0,,C:/hades/Hecton8/Docs/Lore/AppliedContent/packets/RS056_NATIVE_LOCALIZATION_REVIEW_PACK.packets.json
RS056_NATIVE_LOCALIZATION_REVIEW_PACK,P278_RTL_REVIEW_LOCK,en_US,field_note,113,802.2,513.8,152.04,560.0,2,3,1.0,,C:/hades/Hecton8/Docs/Lore/AppliedContent/packets/RS056_NATIVE_LOCALIZATION_REVIEW_PACK.packets.json
RS056_NATIVE_LOCALIZATION_REVIEW_PACK,P278_RTL_REVIEW_LOCK,ru_RU,title,19,189.0,189.0,60.84,360.0,1,1,1.306,,C:/hades/Hecton8/Docs/Lore/AppliedContent/packets/RS056_NATIVE_LOCALIZATION_REVIEW_PACK.packets.json
RS056_NATIVE_LOCALIZATION_REVIEW_PACK,P278_RTL_REVIEW_LOCK,ru_RU,scanner,34,283.2,283.2,103.04,460.0,1,2,0.89,,C:/hades/Hecton8/Docs/Lore/AppliedContent/packets/RS056_NATIVE_LOCALIZATION_REVIEW_PACK.packets.json
RS056_NATIVE_LOCALIZATION_REVIEW_PACK,P278_RTL_REVIEW_LOCK,ru_RU,terminal,87,662.4,518.4,67.5,520.0,2,2,1.0,,C:/hades/Hecton8/Docs/Lore/AppliedContent/packets/RS056_NATIVE_LOCALIZATION_REVIEW_PACK.packets.json
RS056_NATIVE_LOCALIZATION_REVIEW_PACK,P278_RTL_REVIEW_LOCK,ru_RU,audio,46,451.8,451.8,114.84,620.0,1,2,1.088,,C:/hades/Hecton8/Docs/Lore/AppliedContent/packets/RS056_NATIVE_LOCALIZATION_REVIEW_PACK.packets.json
RS056_NATIVE_LOCALIZATION_REVIEW_PACK,P278_RTL_REVIEW_LOCK,ru_RU,in_game_wiki,55,441.0,441.0,59.7,620.0,1,5,1.025,,C:/hades/Hecton8/Docs/Lore/AppliedContent/packets/RS056_NATIVE_LOCALIZATION_REVIEW_PACK.packets.json
RS056_NATIVE_LOCALIZATION_REVIEW_PACK,P278_RTL_REVIEW_LOCK,ru_RU,external_site,79,674.88,674.88,139.2,680.0,1,4,0.831,,C:/hades/Hecton8/Docs/Lore/AppliedContent/packets/RS056_NATIVE_LOCALIZATION_REVIEW_PACK.packets.json
RS056_NATIVE_LOCALIZATION_REVIEW_PACK,P278_RTL_REVIEW_LOCK,ru_RU,field_note,111,786.8,513.8,152.04,560.0,2,3,0.981,,C:/hades/Hecton8/Docs/Lore/AppliedContent/packets/RS056_NATIVE_LOCALIZATION_REVIEW_PACK.packets.json
RS056_NATIVE_LOCALIZATION_REVIEW_PACK,P278_RTL_REVIEW_LOCK,ja_JP,title,58,528.48,332.64,103.68,360.0,2,1,3.652,TEXT_OVERFLOW_LINES;TEXT_EXPANSION_GT_1_35;DRAFT_PREFIX_LONG,C:/hades/Hecton8/Docs/Lore/AppliedContent/packets/RS056_NATIVE_LOCALIZATION_REVIEW_PACK.packets.json
RS056_NATIVE_LOCALIZATION_REVIEW_PACK,P278_RTL_REVIEW_LOCK,ja_JP,scanner,83,659.2,455.04,92.16,460.0,2,2,2.072,TEXT_EXPANSION_GT_1_35;DRAFT_PREFIX_LONG,C:/hades/Hecton8/Docs/Lore/AppliedContent/packets/RS056_NATIVE_LOCALIZATION_REVIEW_PACK.packets.json
RS056_NATIVE_LOCALIZATION_REVIEW_PACK,P278_RTL_REVIEW_LOCK,ja_JP,terminal,130,982.2,506.1,86.4,520.0,2,2,1.483,TEXT_EXPANSION_GT_1_35;DRAFT_PREFIX_LONG,C:/hades/Hecton8/Docs/Lore/AppliedContent/packets/RS056_NATIVE_LOCALIZATION_REVIEW_PACK.packets.json
RS056_NATIVE_LOCALIZATION_REVIEW_PACK,P278_RTL_REVIEW_LOCK,ja_JP,audio,89,799.2,613.08,103.68,620.0,2,2,1.924,TEXT_EXPANSION_GT_1_35;DRAFT_PREFIX_LONG,C:/hades/Hecton8/Docs/Lore/AppliedContent/packets/RS056_NATIVE_LOCALIZATION_REVIEW_PACK.packets.json
RS056_NATIVE_LOCALIZATION_REVIEW_PACK,P278_RTL_REVIEW_LOCK,ja_JP,in_game_wiki,97,750.0,596.1,86.4,620.0,2,5,1.743,DRAFT_PREFIX_LONG,C:/hades/Hecton8/Docs/Lore/AppliedContent/packets/RS056_NATIVE_LOCALIZATION_REVIEW_PACK.packets.json
RS056_NATIVE_LOCALIZATION_REVIEW_PACK,P278_RTL_REVIEW_LOCK,ja_JP,external_site,141,1152.96,596.8,101.12,680.0,2,4,1.42,DRAFT_PREFIX_LONG,C:/hades/Hecton8/Docs/Lore/AppliedContent/packets/RS056_NATIVE_LOCALIZATION_REVIEW_PACK.packets.json
RS056_NATIVE_LOCALIZATION_REVIEW_PACK,P278_RTL_REVIEW_LOCK,ja_JP,field_note,156,1100.68,521.36,152.04,560.0,3,3,1.372,DRAFT_PREFIX_LONG,C:/hades/Hecton8/Docs/Lore/AppliedContent/packets/RS056_NATIVE_LOCALIZATION_REVIEW_PACK.packets.json
RS056_NATIVE_LOCALIZATION_REVIEW_PACK,P278_RTL_REVIEW_LOCK,zh_CN,title,58,528.48,332.64,103.68,360.0,2,1,3.652,TEXT_OVERFLOW_LINES;TEXT_EXPANSION_GT_1_35;DRAFT_PREFIX_LONG,C:/hades/Hecton8/Docs/Lore/AppliedContent/packets/RS056_NATIVE_LOCALIZATION_REVIEW_PACK.packets.json
RS056_NATIVE_LOCALIZATION_REVIEW_PACK,P278_RTL_REVIEW_LOCK,zh_CN,scanner,83,659.2,455.04,92.16,460.0,2,2,2.072,TEXT_EXPANSION_GT_1_35;DRAFT_PREFIX_LONG,C:/hades/Hecton8/Docs/Lore/AppliedContent/packets/RS056_NATIVE_LOCALIZATION_REVIEW_PACK.packets.json
RS056_NATIVE_LOCALIZATION_REVIEW_PACK,P278_RTL_REVIEW_LOCK,zh_CN,terminal,130,982.2,506.1,86.4,520.0,2,2,1.483,TEXT_EXPANSION_GT_1_35;DRAFT_PREFIX_LONG,C:/hades/Hecton8/Docs/Lore/AppliedContent/packets/RS056_NATIVE_LOCALIZATION_REVIEW_PACK.packets.json
RS056_NATIVE_LOCALIZATION_REVIEW_PACK,P278_RTL_REVIEW_LOCK,zh_CN,audio,89,799.2,613.08,103.68,620.0,2,2,1.924,TEXT_EXPANSION_GT_1_35;DRAFT_PREFIX_LONG,C:/hades/Hecton8/Docs/Lore/AppliedContent/packets/RS056_NATIVE_LOCALIZATION_REVIEW_PACK.packets.json
RS056_NATIVE_LOCALIZATION_REVIEW_PACK,P278_RTL_REVIEW_LOCK,zh_CN,in_game_wiki,97,750.0,596.1,86.4,620.0,2,5,1.743,DRAFT_PREFIX_LONG,C:/hades/Hecton8/Docs/Lore/AppliedContent/packets/RS056_NATIVE_LOCALIZATION_REVIEW_PACK.packets.json
RS056_NATIVE_LOCALIZATION_REVIEW_PACK,P278_RTL_REVIEW_LOCK,zh_CN,external_site,141,1152.96,596.8,101.12,680.0,2,4,1.42,DRAFT_PREFIX_LONG,C:/hades/Hecton8/Docs/Lore/AppliedContent/packets/RS056_NATIVE_LOCALIZATION_REVIEW_PACK.packets.json
RS056_NATIVE_LOCALIZATION_REVIEW_PACK,P278_RTL_REVIEW_LOCK,zh_CN,field_note,156,1100.68,521.36,152.04,560.0,3,3,1.372,DRAFT_PREFIX_LONG,C:/hades/Hecton8/Docs/Lore/AppliedContent/packets/RS056_NATIVE_LOCALIZATION_REVIEW_PACK.packets.json
RS056_NATIVE_LOCALIZATION_REVIEW_PACK,P278_RTL_REVIEW_LOCK,fr_FR,title,58,528.48,332.64,103.68,360.0,2,1,3.652,TEXT_OVERFLOW_LINES;TEXT_EXPANSION_GT_1_35;DRAFT_PREFIX_LONG,C:/hades/Hecton8/Docs/Lore/AppliedContent/packets/RS056_NATIVE_LOCALIZATION_REVIEW_PACK.packets.json
RS056_NATIVE_LOCALIZATION_REVIEW_PACK,P278_RTL_REVIEW_LOCK,fr_FR,scanner,83,659.2,455.04,92.16,460.0,2,2,2.072,TEXT_EXPANSION_GT_1_35;DRAFT_PREFIX_LONG,C:/hades/Hecton8/Docs/Lore/AppliedContent/packets/RS056_NATIVE_LOCALIZATION_REVIEW_PACK.packets.json
RS056_NATIVE_LOCALIZATION_REVIEW_PACK,P278_RTL_REVIEW_LOCK,fr_FR,terminal,130,982.2,506.1,86.4,520.0,2,2,1.483,TEXT_EXPANSION_GT_1_35;DRAFT_PREFIX_LONG,C:/hades/Hecton8/Docs/Lore/AppliedContent/packets/RS056_NATIVE_LOCALIZATION_REVIEW_PACK.packets.json
RS056_NATIVE_LOCALIZATION_REVIEW_PACK,P278_RTL_REVIEW_LOCK,fr_FR,audio,89,799.2,613.08,103.68,620.0,2,2,1.924,TEXT_EXPANSION_GT_1_35;DRAFT_PREFIX_LONG,C:/hades/Hecton8/Docs/Lore/AppliedContent/packets/RS056_NATIVE_LOCALIZATION_REVIEW_PACK.packets.json
RS056_NATIVE_LOCALIZATION_REVIEW_PACK,P278_RTL_REVIEW_LOCK,fr_FR,in_game_wiki,97,750.0,596.1,86.4,620.0,2,5,1.743,DRAFT_PREFIX_LONG,C:/hades/Hecton8/Docs/Lore/AppliedContent/packets/RS056_NATIVE_LOCALIZATION_REVIEW_PACK.packets.json
RS056_NATIVE_LOCALIZATION_REVIEW_PACK,P278_RTL_REVIEW_LOCK,fr_FR,external_site,141,1152.96,596.8,101.12,680.0,2,4,1.42,DRAFT_PREFIX_LONG,C:/hades/Hecton8/Docs/Lore/AppliedContent/packets/RS056_NATIVE_LOCALIZATION_REVIEW_PACK.packets.json
RS056_NATIVE_LOCALIZATION_REVIEW_PACK,P278_RTL_REVIEW_LOCK,fr_FR,field_note,156,1100.68,521.36,152.04,560.0,3,3,1.372,DRAFT_PREFIX_LONG,C:/hades/Hecton8/Docs/Lore/AppliedContent/packets/RS056_NATIVE_LOCALIZATION_REVIEW_PACK.packets.json
RS056_NATIVE_LOCALIZATION_REVIEW_PACK,P278_RTL_REVIEW_LOCK,es_ES,title,58,528.48,332.64,103.68,360.0,2,1,3.652,TEXT_OVERFLOW_LINES;TEXT_EXPANSION_GT_1_35;DRAFT_PREFIX_LONG,C:/hades/Hecton8/Docs/Lore/AppliedContent/packets/RS056_NATIVE_LOCALIZATION_REVIEW_PACK.packets.json
RS056_NATIVE_LOCALIZATION_REVIEW_PACK,P278_RTL_REVIEW_LOCK,es_ES,scanner,83,659.2,455.04,92.16,460.0,2,2,2.072,TEXT_EXPANSION_GT_1_35;DRAFT_PREFIX_LONG,C:/hades/Hecton8/Docs/Lore/AppliedContent/packets/RS056_NATIVE_LOCALIZATION_REVIEW_PACK.packets.json
RS056_NATIVE_LOCALIZATION_REVIEW_PACK,P278_RTL_REVIEW_LOCK,es_ES,terminal,130,982.2,506.1,86.4,520.0,2,2,1.483,TEXT_EXPANSION_GT_1_35;DRAFT_PREFIX_LONG,C:/hades/Hecton8/Docs/Lore/AppliedContent/packets/RS056_NATIVE_LOCALIZATION_REVIEW_PACK.packets.json
RS056_NATIVE_LOCALIZATION_REVIEW_PACK,P278_RTL_REVIEW_LOCK,es_ES,audio,89,799.2,613.08,103.68,620.0,2,2,1.924,TEXT_EXPANSION_GT_1_35;DRAFT_PREFIX_LONG,C:/hades/Hecton8/Docs/Lore/AppliedContent/packets/RS056_NATIVE_LOCALIZATION_REVIEW_PACK.packets.json
RS056_NATIVE_LOCALIZATION_REVIEW_PACK,P278_RTL_REVIEW_LOCK,es_ES,in_game_wiki,97,750.0,596.1,86.4,620.0,2,5,1.743,DRAFT_PREFIX_LONG,C:/hades/Hecton8/Docs/Lore/AppliedContent/packets/RS056_NATIVE_LOCALIZATION_REVIEW_PACK.packets.json
RS056_NATIVE_LOCALIZATION_REVIEW_PACK,P278_RTL_REVIEW_LOCK,es_ES,external_site,141,1152.96,596.8,101.12,680.0,2,4,1.42,DRAFT_PREFIX_LONG,C:/hades/Hecton8/Docs/Lore/AppliedContent/packets/RS056_NATIVE_LOCALIZATION_REVIEW_PACK.packets.json
RS056_NATIVE_LOCALIZATION_REVIEW_PACK,P278_RTL_REVIEW_LOCK,es_ES,field_note,156,1100.68,521.36,152.04,560.0,3,3,1.372,DRAFT_PREFIX_LONG,C:/hades/Hecton8/Docs/Lore/AppliedContent/packets/RS056_NATIVE_LOCALIZATION_REVIEW_PACK.packets.json
RS056_NATIVE_LOCALIZATION_REVIEW_PACK,P278_RTL_REVIEW_LOCK,de_DE,title,58,528.48,332.64,103.68,360.0,2,1,3.652,TEXT_OVERFLOW_LINES;TEXT_EXPANSION_GT_1_35;DRAFT_PREFIX_LONG,C:/hades/Hecton8/Docs/Lore/AppliedContent/packets/RS056_NATIVE_LOCALIZATION_REVIEW_PACK.packets.json
RS056_NATIVE_LOCALIZATION_REVIEW_PACK,P278_RTL_REVIEW_LOCK,de_DE,scanner,83,659.2,455.04,92.16,460.0,2,2,2.072,TEXT_EXPANSION_GT_1_35;DRAFT_PREFIX_LONG,C:/hades/Hecton8/Docs/Lore/AppliedContent/packets/RS056_NATIVE_LOCALIZATION_REVIEW_PACK.packets.json
RS056_NATIVE_LOCALIZATION_REVIEW_PACK,P278_RTL_REVIEW_LOCK,de_DE,terminal,130,982.2,506.1,86.4,520.0,2,2,1.483,TEXT_EXPANSION_GT_1_35;DRAFT_PREFIX_LONG,C:/hades/Hecton8/Docs/Lore/AppliedContent/packets/RS056_NATIVE_LOCALIZATION_REVIEW_PACK.packets.json
RS056_NATIVE_LOCALIZATION_REVIEW_PACK,P278_RTL_REVIEW_LOCK,de_DE,audio,89,799.2,613.08,103.68,620.0,2,2,1.924,TEXT_EXPANSION_GT_1_35;DRAFT_PREFIX_LONG,C:/hades/Hecton8/Docs/Lore/AppliedContent/packets/RS056_NATIVE_LOCALIZATION_REVIEW_PACK.packets.json
RS056_NATIVE_LOCALIZATION_REVIEW_PACK,P278_RTL_REVIEW_LOCK,de_DE,in_game_wiki,97,750.0,596.1,86.4,620.0,2,5,1.743,DRAFT_PREFIX_LONG,C:/hades/Hecton8/Docs/Lore/AppliedContent/packets/RS056_NATIVE_LOCALIZATION_REVIEW_PACK.packets.json
RS056_NATIVE_LOCALIZATION_REVIEW_PACK,P278_RTL_REVIEW_LOCK,de_DE,external_site,141,1152.96,596.8,101.12,680.0,2,4,1.42,DRAFT_PREFIX_LONG,C:/hades/Hecton8/Docs/Lore/AppliedContent/packets/RS056_NATIVE_LOCALIZATION_REVIEW_PACK.packets.json
RS056_NATIVE_LOCALIZATION_REVIEW_PACK,P278_RTL_REVIEW_LOCK,de_DE,field_note,156,1100.68,521.36,152.04,560.0,3,3,1.372,DRAFT_PREFIX_LONG,C:/hades/Hecton8/Docs/Lore/AppliedContent/packets/RS056_NATIVE_LOCALIZATION_REVIEW_PACK.packets.json
RS056_NATIVE_LOCALIZATION_REVIEW_PACK,P278_RTL_REVIEW_LOCK,pl_PL,title,58,528.48,332.64,103.68,360.0,2,1,3.652,TEXT_OVERFLOW_LINES;TEXT_EXPANSION_GT_1_35;DRAFT_PREFIX_LONG,C:/hades/Hecton8/Docs/Lore/AppliedContent/packets/RS056_NATIVE_LOCALIZATION_REVIEW_PACK.packets.json
RS056_NATIVE_LOCALIZATION_REVIEW_PACK,P278_RTL_REVIEW_LOCK,pl_PL,scanner,83,659.2,455.04,92.16,460.0,2,2,2.072,TEXT_EXPANSION_GT_1_35;DRAFT_PREFIX_LONG,C:/hades/Hecton8/Docs/Lore/AppliedContent/packets/RS056_NATIVE_LOCALIZATION_REVIEW_PACK.packets.json
RS056_NATIVE_LOCALIZATION_REVIEW_PACK,P278_RTL_REVIEW_LOCK,pl_PL,terminal,130,982.2,506.1,86.4,520.0,2,2,1.483,TEXT_EXPANSION_GT_1_35;DRAFT_PREFIX_LONG,C:/hades/Hecton8/Docs/Lore/AppliedContent/packets/RS056_NATIVE_LOCALIZATION_REVIEW_PACK.packets.json
RS056_NATIVE_LOCALIZATION_REVIEW_PACK,P278_RTL_REVIEW_LOCK,pl_PL,audio,89,799.2,613.08,103.68,620.0,2,2,1.924,TEXT_EXPANSION_GT_1_35;DRAFT_PREFIX_LONG,C:/hades/Hecton8/Docs/Lore/AppliedContent/packets/RS056_NATIVE_LOCALIZATION_REVIEW_PACK.packets.json
RS056_NATIVE_LOCALIZATION_REVIEW_PACK,P278_RTL_REVIEW_LOCK,pl_PL,in_game_wiki,97,750.0,596.1,86.4,620.0,2,5,1.743,DRAFT_PREFIX_LONG,C:/hades/Hecton8/Docs/Lore/AppliedContent/packets/RS056_NATIVE_LOCALIZATION_REVIEW_PACK.packets.json
RS056_NATIVE_LOCALIZATION_REVIEW_PACK,P278_RTL_REVIEW_LOCK,pl_PL,external_site,141,1152.96,596.8,101.12,680.0,2,4,1.42,DRAFT_PREFIX_LONG,C:/hades/Hecton8/Docs/Lore/AppliedContent/packets/RS056_NATIVE_LOCALIZATION_REVIEW_PACK.packets.json
RS056_NATIVE_LOCALIZATION_REVIEW_PACK,P278_RTL_REVIEW_LOCK,pl_PL,field_note,156,1100.68,521.36,152.04,560.0,3,3,1.372,DRAFT_PREFIX_LONG,C:/hades/Hecton8/Docs/Lore/AppliedContent/packets/RS056_NATIVE_LOCALIZATION_REVIEW_PACK.packets.json
RS056_NATIVE_LOCALIZATION_REVIEW_PACK,P278_RTL_REVIEW_LOCK,uk_UA,title,58,528.48,332.64,103.68,360.0,2,1,3.652,TEXT_OVERFLOW_LINES;TEXT_EXPANSION_GT_1_35;DRAFT_PREFIX_LONG,C:/hades/Hecton8/Docs/Lore/AppliedContent/packets/RS056_NATIVE_LOCALIZATION_REVIEW_PACK.packets.json
RS056_NATIVE_LOCALIZATION_REVIEW_PACK,P278_RTL_REVIEW_LOCK,uk_UA,scanner,83,659.2,455.04,92.16,460.0,2,2,2.072,TEXT_EXPANSION_GT_1_35;DRAFT_PREFIX_LONG,C:/hades/Hecton8/Docs/Lore/AppliedContent/packets/RS056_NATIVE_LOCALIZATION_REVIEW_PACK.packets.json
RS056_NATIVE_LOCALIZATION_REVIEW_PACK,P278_RTL_REVIEW_LOCK,uk_UA,terminal,130,982.2,506.1,86.4,520.0,2,2,1.483,TEXT_EXPANSION_GT_1_35;DRAFT_PREFIX_LONG,C:/hades/Hecton8/Docs/Lore/AppliedContent/packets/RS056_NATIVE_LOCALIZATION_REVIEW_PACK.packets.json
RS056_NATIVE_LOCALIZATION_REVIEW_PACK,P278_RTL_REVIEW_LOCK,uk_UA,audio,89,799.2,613.08,103.68,620.0,2,2,1.924,TEXT_EXPANSION_GT_1_35;DRAFT_PREFIX_LONG,C:/hades/Hecton8/Docs/Lore/AppliedContent/packets/RS056_NATIVE_LOCALIZATION_REVIEW_PACK.packets.json
RS056_NATIVE_LOCALIZATION_REVIEW_PACK,P278_RTL_REVIEW_LOCK,uk_UA,in_game_wiki,97,750.0,596.1,86.4,620.0,2,5,1.743,DRAFT_PREFIX_LONG,C:/hades/Hecton8/Docs/Lore/AppliedContent/packets/RS056_NATIVE_LOCALIZATION_REVIEW_PACK.packets.json
RS056_NATIVE_LOCALIZATION_REVIEW_PACK,P278_RTL_REVIEW_LOCK,uk_UA,external_site,141,1152.96,596.8,101.12,680.0,2,4,1.42,DRAFT_PREFIX_LONG,C:/hades/Hecton8/Docs/Lore/AppliedContent/packets/RS056_NATIVE_LOCALIZATION_REVIEW_PACK.packets.json
RS056_NATIVE_LOCALIZATION_REVIEW_PACK,P278_RTL_REVIEW_LOCK,uk_UA,field_note,156,1100.68,521.36,152.04,560.0,3,3,1.372,DRAFT_PREFIX_LONG,C:/hades/Hecton8/Docs/Lore/AppliedContent/packets/RS056_NATIVE_LOCALIZATION_REVIEW_PACK.packets.json
RS056_NATIVE_LOCALIZATION_REVIEW_PACK,P278_RTL_REVIEW_LOCK,ar_SA,title,58,528.48,332.64,103.68,360.0,2,1,3.652,TEXT_OVERFLOW_LINES;TEXT_EXPANSION_GT_1_35;DRAFT_PREFIX_LONG,C:/hades/Hecton8/Docs/Lore/AppliedContent/packets/RS056_NATIVE_LOCALIZATION_REVIEW_PACK.packets.json
RS056_NATIVE_LOCALIZATION_REVIEW_PACK,P278_RTL_REVIEW_LOCK,ar_SA,scanner,83,659.2,455.04,92.16,460.0,2,2,2.072,TEXT_EXPANSION_GT_1_35;DRAFT_PREFIX_LONG,C:/hades/Hecton8/Docs/Lore/AppliedContent/packets/RS056_NATIVE_LOCALIZATION_REVIEW_PACK.packets.json
RS056_NATIVE_LOCALIZATION_REVIEW_PACK,P278_RTL_REVIEW_LOCK,ar_SA,terminal,130,982.2,506.1,86.4,520.0,2,2,1.483,TEXT_EXPANSION_GT_1_35;DRAFT_PREFIX_LONG,C:/hades/Hecton8/Docs/Lore/AppliedContent/packets/RS056_NATIVE_LOCALIZATION_REVIEW_PACK.packets.json
RS056_NATIVE_LOCALIZATION_REVIEW_PACK,P278_RTL_REVIEW_LOCK,ar_SA,audio,89,799.2,613.08,103.68,620.0,2,2,1.924,TEXT_EXPANSION_GT_1_35;DRAFT_PREFIX_LONG,C:/hades/Hecton8/Docs/Lore/AppliedContent/packets/RS056_NATIVE_LOCALIZATION_REVIEW_PACK.packets.json
RS056_NATIVE_LOCALIZATION_REVIEW_PACK,P278_RTL_REVIEW_LOCK,ar_SA,in_game_wiki,97,750.0,596.1,86.4,620.0,2,5,1.743,DRAFT_PREFIX_LONG,C:/hades/Hecton8/Docs/Lore/AppliedContent/packets/RS056_NATIVE_LOCALIZATION_REVIEW_PACK.packets.json
RS056_NATIVE_LOCALIZATION_REVIEW_PACK,P278_RTL_REVIEW_LOCK,ar_SA,external_site,141,1152.96,596.8,101.12,680.0,2,4,1.42,DRAFT_PREFIX_LONG,C:/hades/Hecton8/Docs/Lore/AppliedContent/packets/RS056_NATIVE_LOCALIZATION_REVIEW_PACK.packets.json
RS056_NATIVE_LOCALIZATION_REVIEW_PACK,P278_RTL_REVIEW_LOCK,ar_SA,field_note,156,1100.68,521.36,152.04,560.0,3,3,1.372,DRAFT_PREFIX_LONG,C:/hades/Hecton8/Docs/Lore/AppliedContent/packets/RS056_NATIVE_LOCALIZATION_REVIEW_PACK.packets.json
RS056_NATIVE_LOCALIZATION_REVIEW_PACK,P278_RTL_REVIEW_LOCK,id_ID,title,58,528.48,332.64,103.68,360.0,2,1,3.652,TEXT_OVERFLOW_LINES;TEXT_EXPANSION_GT_1_35;DRAFT_PREFIX_LONG,C:/hades/Hecton8/Docs/Lore/AppliedContent/packets/RS056_NATIVE_LOCALIZATION_REVIEW_PACK.packets.json
RS056_NATIVE_LOCALIZATION_REVIEW_PACK,P278_RTL_REVIEW_LOCK,id_ID,scanner,83,659.2,455.04,92.16,460.0,2,2,2.072,TEXT_EXPANSION_GT_1_35;DRAFT_PREFIX_LONG,C:/hades/Hecton8/Docs/Lore/AppliedContent/packets/RS056_NATIVE_LOCALIZATION_REVIEW_PACK.packets.json
RS056_NATIVE_LOCALIZATION_REVIEW_PACK,P278_RTL_REVIEW_LOCK,id_ID,terminal,130,982.2,506.1,86.4,520.0,2,2,1.483,TEXT_EXPANSION_GT_1_35;DRAFT_PREFIX_LONG,C:/hades/Hecton8/Docs/Lore/AppliedContent/packets/RS056_NATIVE_LOCALIZATION_REVIEW_PACK.packets.json
RS056_NATIVE_LOCALIZATION_REVIEW_PACK,P278_RTL_REVIEW_LOCK,id_ID,audio,89,799.2,613.08,103.68,620.0,2,2,1.924,TEXT_EXPANSION_GT_1_35;DRAFT_PREFIX_LONG,C:/hades/Hecton8/Docs/Lore/AppliedContent/packets/RS056_NATIVE_LOCALIZATION_REVIEW_PACK.packets.json
RS056_NATIVE_LOCALIZATION_REVIEW_PACK,P278_RTL_REVIEW_LOCK,id_ID,in_game_wiki,97,750.0,596.1,86.4,620.0,2,5,1.743,DRAFT_PREFIX_LONG,C:/hades/Hecton8/Docs/Lore/AppliedContent/packets/RS056_NATIVE_LOCALIZATION_REVIEW_PACK.packets.json
RS056_NATIVE_LOCALIZATION_REVIEW_PACK,P278_RTL_REVIEW_LOCK,id_ID,external_site,141,1152.96,596.8,101.12,680.0,2,4,1.42,DRAFT_PREFIX_LONG,C:/hades/Hecton8/Docs/Lore/AppliedContent/packets/RS056_NATIVE_LOCALIZATION_REVIEW_PACK.packets.json
RS056_NATIVE_LOCALIZATION_REVIEW_PACK,P278_RTL_REVIEW_LOCK,id_ID,field_note,156,1100.68,521.36,152.04,560.0,3,3,1.372,DRAFT_PREFIX_LONG,C:/hades/Hecton8/Docs/Lore/AppliedContent/packets/RS056_NATIVE_LOCALIZATION_REVIEW_PACK.packets.json
RS056_NATIVE_LOCALIZATION_REVIEW_PACK,P278_RTL_REVIEW_LOCK,ko_KR,title,58,528.48,332.64,103.68,360.0,2,1,3.652,TEXT_OVERFLOW_LINES;TEXT_EXPANSION_GT_1_35;DRAFT_PREFIX_LONG,C:/hades/Hecton8/Docs/Lore/AppliedContent/packets/RS056_NATIVE_LOCALIZATION_REVIEW_PACK.packets.json
RS056_NATIVE_LOCALIZATION_REVIEW_PACK,P278_RTL_REVIEW_LOCK,ko_KR,scanner,83,659.2,455.04,92.16,460.0,2,2,2.072,TEXT_EXPANSION_GT_1_35;DRAFT_PREFIX_LONG,C:/hades/Hecton8/Docs/Lore/AppliedContent/packets/RS056_NATIVE_LOCALIZATION_REVIEW_PACK.packets.json
RS056_NATIVE_LOCALIZATION_REVIEW_PACK,P278_RTL_REVIEW_LOCK,ko_KR,terminal,130,982.2,506.1,86.4,520.0,2,2,1.483,TEXT_EXPANSION_GT_1_35;DRAFT_PREFIX_LONG,C:/hades/Hecton8/Docs/Lore/AppliedContent/packets/RS056_NATIVE_LOCALIZATION_REVIEW_PACK.packets.json
RS056_NATIVE_LOCALIZATION_REVIEW_PACK,P278_RTL_REVIEW_LOCK,ko_KR,audio,89,799.2,613.08,103.68,620.0,2,2,1.924,TEXT_EXPANSION_GT_1_35;DRAFT_PREFIX_LONG,C:/hades/Hecton8/Docs/Lore/AppliedContent/packets/RS056_NATIVE_LOCALIZATION_REVIEW_PACK.packets.json
RS056_NATIVE_LOCALIZATION_REVIEW_PACK,P278_RTL_REVIEW_LOCK,ko_KR,in_game_wiki,97,750.0,596.1,86.4,620.0,2,5,1.743,DRAFT_PREFIX_LONG,C:/hades/Hecton8/Docs/Lore/AppliedContent/packets/RS056_NATIVE_LOCALIZATION_REVIEW_PACK.packets.json
RS056_NATIVE_LOCALIZATION_REVIEW_PACK,P278_RTL_REVIEW_LOCK,ko_KR,external_site,141,1152.96,596.8,101.12,680.0,2,4,1.42,DRAFT_PREFIX_LONG,C:/hades/Hecton8/Docs/Lore/AppliedContent/packets/RS056_NATIVE_LOCALIZATION_REVIEW_PACK.packets.json
RS056_NATIVE_LOCALIZATION_REVIEW_PACK,P278_RTL_REVIEW_LOCK,ko_KR,field_note,156,1100.68,521.36,152.04,560.0,3,3,1.372,DRAFT_PREFIX_LONG,C:/hades/Hecton8/Docs/Lore/AppliedContent/packets/RS056_NATIVE_LOCALIZATION_REVIEW_PACK.packets.json
RS056_NATIVE_LOCALIZATION_REVIEW_PACK,P278_RTL_REVIEW_LOCK,he_IL,title,58,528.48,332.64,103.68,360.0,2,1,3.652,TEXT_OVERFLOW_LINES;TEXT_EXPANSION_GT_1_35;DRAFT_PREFIX_LONG,C:/hades/Hecton8/Docs/Lore/AppliedContent/packets/RS056_NATIVE_LOCALIZATION_REVIEW_PACK.packets.json
RS056_NATIVE_LOCALIZATION_REVIEW_PACK,P278_RTL_REVIEW_LOCK,he_IL,scanner,83,659.2,455.04,92.16,460.0,2,2,2.072,TEXT_EXPANSION_GT_1_35;DRAFT_PREFIX_LONG,C:/hades/Hecton8/Docs/Lore/AppliedContent/packets/RS056_NATIVE_LOCALIZATION_REVIEW_PACK.packets.json
RS056_NATIVE_LOCALIZATION_REVIEW_PACK,P278_RTL_REVIEW_LOCK,he_IL,terminal,130,982.2,506.1,86.4,520.0,2,2,1.483,TEXT_EXPANSION_GT_1_35;DRAFT_PREFIX_LONG,C:/hades/Hecton8/Docs/Lore/AppliedContent/packets/RS056_NATIVE_LOCALIZATION_REVIEW_PACK.packets.json
RS056_NATIVE_LOCALIZATION_REVIEW_PACK,P278_RTL_REVIEW_LOCK,he_IL,audio,89,799.2,613.08,103.68,620.0,2,2,1.924,TEXT_EXPANSION_GT_1_35;DRAFT_PREFIX_LONG,C:/hades/Hecton8/Docs/Lore/AppliedContent/packets/RS056_NATIVE_LOCALIZATION_REVIEW_PACK.packets.json
RS056_NATIVE_LOCALIZATION_REVIEW_PACK,P278_RTL_REVIEW_LOCK,he_IL,in_game_wiki,97,750.0,596.1,86.4,620.0,2,5,1.743,DRAFT_PREFIX_LONG,C:/hades/Hecton8/Docs/Lore/AppliedContent/packets/RS056_NATIVE_LOCALIZATION_REVIEW_PACK.packets.json
RS056_NATIVE_LOCALIZATION_REVIEW_PACK,P278_RTL_REVIEW_LOCK,he_IL,external_site,141,1152.96,596.8,101.12,680.0,2,4,1.42,DRAFT_PREFIX_LONG,C:/hades/Hecton8/Docs/Lore/AppliedContent/packets/RS056_NATIVE_LOCALIZATION_REVIEW_PACK.packets.json
RS056_NATIVE_LOCALIZATION_REVIEW_PACK,P278_RTL_REVIEW_LOCK,he_IL,field_note,156,1100.68,521.36,152.04,560.0,3,3,1.372,DRAFT_PREFIX_LONG,C:/hades/Hecton8/Docs/Lore/AppliedContent/packets/RS056_NATIVE_LOCALIZATION_REVIEW_PACK.packets.json
RS056_NATIVE_LOCALIZATION_REVIEW_PACK,P278_RTL_REVIEW_LOCK,pt_BR,title,61,558.36,362.52,103.68,360.0,2,1,3.858,TEXT_OVERFLOW_LINES;TEXT_EXPANSION_GT_1_35,C:/hades/Hecton8/Docs/Lore/AppliedContent/packets/RS056_NATIVE_LOCALIZATION_REVIEW_PACK.packets.json
RS056_NATIVE_LOCALIZATION_REVIEW_PACK,P278_RTL_REVIEW_LOCK,pt_BR,scanner,86,685.76,447.68,92.16,460.0,2,2,2.156,TEXT_EXPANSION_GT_1_35,C:/hades/Hecton8/Docs/Lore/AppliedContent/packets/RS056_NATIVE_LOCALIZATION_REVIEW_PACK.packets.json
RS056_NATIVE_LOCALIZATION_REVIEW_PACK,P278_RTL_REVIEW_LOCK,pt_BR,terminal,133,1007.1,506.1,86.4,520.0,2,2,1.52,TEXT_EXPANSION_GT_1_35,C:/hades/Hecton8/Docs/Lore/AppliedContent/packets/RS056_NATIVE_LOCALIZATION_REVIEW_PACK.packets.json
RS056_NATIVE_LOCALIZATION_REVIEW_PACK,P278_RTL_REVIEW_LOCK,pt_BR,audio,92,829.08,596.52,103.68,620.0,2,2,1.996,TEXT_EXPANSION_GT_1_35,C:/hades/Hecton8/Docs/Lore/AppliedContent/packets/RS056_NATIVE_LOCALIZATION_REVIEW_PACK.packets.json
RS056_NATIVE_LOCALIZATION_REVIEW_PACK,P278_RTL_REVIEW_LOCK,pt_BR,in_game_wiki,100,774.9,621.0,86.4,620.0,2,5,1.801,,C:/hades/Hecton8/Docs/Lore/AppliedContent/packets/RS056_NATIVE_LOCALIZATION_REVIEW_PACK.packets.json
RS056_NATIVE_LOCALIZATION_REVIEW_PACK,P278_RTL_REVIEW_LOCK,pt_BR,external_site,144,1179.52,623.36,101.12,680.0,2,4,1.453,,C:/hades/Hecton8/Docs/Lore/AppliedContent/packets/RS056_NATIVE_LOCALIZATION_REVIEW_PACK.packets.json
RS056_NATIVE_LOCALIZATION_REVIEW_PACK,P278_RTL_REVIEW_LOCK,pt_BR,field_note,159,1123.92,521.36,152.04,560.0,3,3,1.401,,C:/hades/Hecton8/Docs/Lore/AppliedContent/packets/RS056_NATIVE_LOCALIZATION_REVIEW_PACK.packets.json
RS056_NATIVE_LOCALIZATION_REVIEW_PACK,P278_RTL_REVIEW_LOCK,nl_NL,title,58,528.48,332.64,103.68,360.0,2,1,3.652,TEXT_OVERFLOW_LINES;TEXT_EXPANSION_GT_1_35;DRAFT_PREFIX_LONG,C:/hades/Hecton8/Docs/Lore/AppliedContent/packets/RS056_NATIVE_LOCALIZATION_REVIEW_PACK.packets.json
RS056_NATIVE_LOCALIZATION_REVIEW_PACK,P278_RTL_REVIEW_LOCK,nl_NL,scanner,83,659.2,455.04,92.16,460.0,2,2,2.072,TEXT_EXPANSION_GT_1_35;DRAFT_PREFIX_LONG,C:/hades/Hecton8/Docs/Lore/AppliedContent/packets/RS056_NATIVE_LOCALIZATION_REVIEW_PACK.packets.json
RS056_NATIVE_LOCALIZATION_REVIEW_PACK,P278_RTL_REVIEW_LOCK,nl_NL,terminal,130,982.2,506.1,86.4,520.0,2,2,1.483,TEXT_EXPANSION_GT_1_35;DRAFT_PREFIX_LONG,C:/hades/Hecton8/Docs/Lore/AppliedContent/packets/RS056_NATIVE_LOCALIZATION_REVIEW_PACK.packets.json
RS056_NATIVE_LOCALIZATION_REVIEW_PACK,P278_RTL_REVIEW_LOCK,nl_NL,audio,89,799.2,613.08,103.68,620.0,2,2,1.924,TEXT_EXPANSION_GT_1_35;DRAFT_PREFIX_LONG,C:/hades/Hecton8/Docs/Lore/AppliedContent/packets/RS056_NATIVE_LOCALIZATION_REVIEW_PACK.packets.json
RS056_NATIVE_LOCALIZATION_REVIEW_PACK,P278_RTL_REVIEW_LOCK,nl_NL,in_game_wiki,97,750.0,596.1,86.4,620.0,2,5,1.743,DRAFT_PREFIX_LONG,C:/hades/Hecton8/Docs/Lore/AppliedContent/packets/RS056_NATIVE_LOCALIZATION_REVIEW_PACK.packets.json
RS056_NATIVE_LOCALIZATION_REVIEW_PACK,P278_RTL_REVIEW_LOCK,nl_NL,external_site,141,1152.96,596.8,101.12,680.0,2,4,1.42,DRAFT_PREFIX_LONG,C:/hades/Hecton8/Docs/Lore/AppliedContent/packets/RS056_NATIVE_LOCALIZATION_REVIEW_PACK.packets.json
RS056_NATIVE_LOCALIZATION_REVIEW_PACK,P278_RTL_REVIEW_LOCK,nl_NL,field_note,156,1100.68,521.36,152.04,560.0,3,3,1.372,DRAFT_PREFIX_LONG,C:/hades/Hecton8/Docs/Lore/AppliedContent/packets/RS056_NATIVE_LOCALIZATION_REVIEW_PACK.packets.json
RS056_NATIVE_LOCALIZATION_REVIEW_PACK,P279_EUROPEAN_LANGUAGE_REVIEW_LOCK,en_US,title,29,288.0,288.0,82.44,360.0,1,1,1.0,,C:/hades/Hecton8/Docs/Lore/AppliedContent/packets/RS056_NATIVE_LOCALIZATION_REVIEW_PACK.packets.json
RS056_NATIVE_LOCALIZATION_REVIEW_PACK,P279_EUROPEAN_LANGUAGE_REVIEW_LOCK,en_US,scanner,48,369.6,369.6,63.36,460.0,1,2,1.0,,C:/hades/Hecton8/Docs/Lore/AppliedContent/packets/RS056_NATIVE_LOCALIZATION_REVIEW_PACK.packets.json
RS056_NATIVE_LOCALIZATION_REVIEW_PACK,P279_EUROPEAN_LANGUAGE_REVIEW_LOCK,en_US,terminal,89,681.3,480.9,67.2,520.0,2,2,1.0,,C:/hades/Hecton8/Docs/Lore/AppliedContent/packets/RS056_NATIVE_LOCALIZATION_REVIEW_PACK.packets.json
RS056_NATIVE_LOCALIZATION_REVIEW_PACK,P279_EUROPEAN_LANGUAGE_REVIEW_LOCK,en_US,audio,57,492.48,492.48,56.16,620.0,1,2,1.0,,C:/hades/Hecton8/Docs/Lore/AppliedContent/packets/RS056_NATIVE_LOCALIZATION_REVIEW_PACK.packets.json
RS056_NATIVE_LOCALIZATION_REVIEW_PACK,P279_EUROPEAN_LANGUAGE_REVIEW_LOCK,en_US,in_game_wiki,88,688.2,612.3,91.8,620.0,2,5,1.0,,C:/hades/Hecton8/Docs/Lore/AppliedContent/packets/RS056_NATIVE_LOCALIZATION_REVIEW_PACK.packets.json
RS056_NATIVE_LOCALIZATION_REVIEW_PACK,P279_EUROPEAN_LANGUAGE_REVIEW_LOCK,en_US,external_site,97,819.2,620.16,77.76,680.0,2,4,1.0,,C:/hades/Hecton8/Docs/Lore/AppliedContent/packets/RS056_NATIVE_LOCALIZATION_REVIEW_PACK.packets.json
RS056_NATIVE_LOCALIZATION_REVIEW_PACK,P279_EUROPEAN_LANGUAGE_REVIEW_LOCK,en_US,field_note,119,817.32,517.44,98.84,560.0,2,3,1.0,,C:/hades/Hecton8/Docs/Lore/AppliedContent/packets/RS056_NATIVE_LOCALIZATION_REVIEW_PACK.packets.json
RS056_NATIVE_LOCALIZATION_REVIEW_PACK,P279_EUROPEAN_LANGUAGE_REVIEW_LOCK,ru_RU,title,34,336.96,336.96,114.84,360.0,1,1,1.17,,C:/hades/Hecton8/Docs/Lore/AppliedContent/packets/RS056_NATIVE_LOCALIZATION_REVIEW_PACK.packets.json
RS056_NATIVE_LOCALIZATION_REVIEW_PACK,P279_EUROPEAN_LANGUAGE_REVIEW_LOCK,ru_RU,scanner,44,373.12,373.12,87.68,460.0,1,2,1.01,,C:/hades/Hecton8/Docs/Lore/AppliedContent/packets/RS056_NATIVE_LOCALIZATION_REVIEW_PACK.packets.json
RS056_NATIVE_LOCALIZATION_REVIEW_PACK,P279_EUROPEAN_LANGUAGE_REVIEW_LOCK,ru_RU,terminal,89,681.3,480.9,67.2,520.0,2,2,1.0,,C:/hades/Hecton8/Docs/Lore/AppliedContent/packets/RS056_NATIVE_LOCALIZATION_REVIEW_PACK.packets.json
RS056_NATIVE_LOCALIZATION_REVIEW_PACK,P279_EUROPEAN_LANGUAGE_REVIEW_LOCK,ru_RU,audio,52,505.08,505.08,129.96,620.0,1,2,1.026,,C:/hades/Hecton8/Docs/Lore/AppliedContent/packets/RS056_NATIVE_LOCALIZATION_REVIEW_PACK.packets.json
RS056_NATIVE_LOCALIZATION_REVIEW_PACK,P279_EUROPEAN_LANGUAGE_REVIEW_LOCK,ru_RU,in_game_wiki,81,651.6,575.7,95.7,620.0,2,5,0.947,,C:/hades/Hecton8/Docs/Lore/AppliedContent/packets/RS056_NATIVE_LOCALIZATION_REVIEW_PACK.packets.json
RS056_NATIVE_LOCALIZATION_REVIEW_PACK,P279_EUROPEAN_LANGUAGE_REVIEW_LOCK,ru_RU,external_site,77,656.0,656.0,83.52,680.0,1,4,0.801,,C:/hades/Hecton8/Docs/Lore/AppliedContent/packets/RS056_NATIVE_LOCALIZATION_REVIEW_PACK.packets.json
RS056_NATIVE_LOCALIZATION_REVIEW_PACK,P279_EUROPEAN_LANGUAGE_REVIEW_LOCK,ru_RU,field_note,117,801.92,517.44,98.84,560.0,2,3,0.981,,C:/hades/Hecton8/Docs/Lore/AppliedContent/packets/RS056_NATIVE_LOCALIZATION_REVIEW_PACK.packets.json
RS056_NATIVE_LOCALIZATION_REVIEW_PACK,P279_EUROPEAN_LANGUAGE_REVIEW_LOCK,ja_JP,title,72,671.76,339.12,103.68,360.0,2,1,2.333,TEXT_OVERFLOW_LINES;TEXT_EXPANSION_GT_1_35;DRAFT_PREFIX_LONG,C:/hades/Hecton8/Docs/Lore/AppliedContent/packets/RS056_NATIVE_LOCALIZATION_REVIEW_PACK.packets.json
RS056_NATIVE_LOCALIZATION_REVIEW_PACK,P279_EUROPEAN_LANGUAGE_REVIEW_LOCK,ja_JP,scanner,91,710.72,457.92,92.16,460.0,2,2,1.923,TEXT_EXPANSION_GT_1_35;DRAFT_PREFIX_LONG,C:/hades/Hecton8/Docs/Lore/AppliedContent/packets/RS056_NATIVE_LOCALIZATION_REVIEW_PACK.packets.json
RS056_NATIVE_LOCALIZATION_REVIEW_PACK,P279_EUROPEAN_LANGUAGE_REVIEW_LOCK,ja_JP,terminal,132,1001.1,524.1,86.4,520.0,2,2,1.469,TEXT_EXPANSION_GT_1_35;DRAFT_PREFIX_LONG,C:/hades/Hecton8/Docs/Lore/AppliedContent/packets/RS056_NATIVE_LOCALIZATION_REVIEW_PACK.packets.json
RS056_NATIVE_LOCALIZATION_REVIEW_PACK,P279_EUROPEAN_LANGUAGE_REVIEW_LOCK,ja_JP,audio,100,876.24,622.44,103.68,620.0,2,2,1.779,TEXT_EXPANSION_GT_1_35;DRAFT_PREFIX_LONG,C:/hades/Hecton8/Docs/Lore/AppliedContent/packets/RS056_NATIVE_LOCALIZATION_REVIEW_PACK.packets.json
RS056_NATIVE_LOCALIZATION_REVIEW_PACK,P279_EUROPEAN_LANGUAGE_REVIEW_LOCK,ja_JP,in_game_wiki,131,1008.0,564.9,91.8,620.0,2,5,1.465,DRAFT_PREFIX_LONG,C:/hades/Hecton8/Docs/Lore/AppliedContent/packets/RS056_NATIVE_LOCALIZATION_REVIEW_PACK.packets.json
RS056_NATIVE_LOCALIZATION_REVIEW_PACK,P279_EUROPEAN_LANGUAGE_REVIEW_LOCK,ja_JP,external_site,140,1160.32,672.0,92.16,680.0,2,4,1.416,DRAFT_PREFIX_LONG,C:/hades/Hecton8/Docs/Lore/AppliedContent/packets/RS056_NATIVE_LOCALIZATION_REVIEW_PACK.packets.json
RS056_NATIVE_LOCALIZATION_REVIEW_PACK,P279_EUROPEAN_LANGUAGE_REVIEW_LOCK,ja_JP,field_note,162,1115.8,525.0,98.84,560.0,3,3,1.365,DRAFT_PREFIX_LONG,C:/hades/Hecton8/Docs/Lore/AppliedContent/packets/RS056_NATIVE_LOCALIZATION_REVIEW_PACK.packets.json
RS056_NATIVE_LOCALIZATION_REVIEW_PACK,P279_EUROPEAN_LANGUAGE_REVIEW_LOCK,zh_CN,title,72,671.76,339.12,103.68,360.0,2,1,2.333,TEXT_OVERFLOW_LINES;TEXT_EXPANSION_GT_1_35;DRAFT_PREFIX_LONG,C:/hades/Hecton8/Docs/Lore/AppliedContent/packets/RS056_NATIVE_LOCALIZATION_REVIEW_PACK.packets.json
RS056_NATIVE_LOCALIZATION_REVIEW_PACK,P279_EUROPEAN_LANGUAGE_REVIEW_LOCK,zh_CN,scanner,91,710.72,457.92,92.16,460.0,2,2,1.923,TEXT_EXPANSION_GT_1_35;DRAFT_PREFIX_LONG,C:/hades/Hecton8/Docs/Lore/AppliedContent/packets/RS056_NATIVE_LOCALIZATION_REVIEW_PACK.packets.json
RS056_NATIVE_LOCALIZATION_REVIEW_PACK,P279_EUROPEAN_LANGUAGE_REVIEW_LOCK,zh_CN,terminal,132,1001.1,524.1,86.4,520.0,2,2,1.469,TEXT_EXPANSION_GT_1_35;DRAFT_PREFIX_LONG,C:/hades/Hecton8/Docs/Lore/AppliedContent/packets/RS056_NATIVE_LOCALIZATION_REVIEW_PACK.packets.json
RS056_NATIVE_LOCALIZATION_REVIEW_PACK,P279_EUROPEAN_LANGUAGE_REVIEW_LOCK,zh_CN,audio,100,876.24,622.44,103.68,620.0,2,2,1.779,TEXT_EXPANSION_GT_1_35;DRAFT_PREFIX_LONG,C:/hades/Hecton8/Docs/Lore/AppliedContent/packets/RS056_NATIVE_LOCALIZATION_REVIEW_PACK.packets.json
RS056_NATIVE_LOCALIZATION_REVIEW_PACK,P279_EUROPEAN_LANGUAGE_REVIEW_LOCK,zh_CN,in_game_wiki,131,1008.0,564.9,91.8,620.0,2,5,1.465,DRAFT_PREFIX_LONG,C:/hades/Hecton8/Docs/Lore/AppliedContent/packets/RS056_NATIVE_LOCALIZATION_REVIEW_PACK.packets.json
RS056_NATIVE_LOCALIZATION_REVIEW_PACK,P279_EUROPEAN_LANGUAGE_REVIEW_LOCK,zh_CN,external_site,140,1160.32,672.0,92.16,680.0,2,4,1.416,DRAFT_PREFIX_LONG,C:/hades/Hecton8/Docs/Lore/AppliedContent/packets/RS056_NATIVE_LOCALIZATION_REVIEW_PACK.packets.json
RS056_NATIVE_LOCALIZATION_REVIEW_PACK,P279_EUROPEAN_LANGUAGE_REVIEW_LOCK,zh_CN,field_note,162,1115.8,525.0,98.84,560.0,3,3,1.365,DRAFT_PREFIX_LONG,C:/hades/Hecton8/Docs/Lore/AppliedContent/packets/RS056_NATIVE_LOCALIZATION_REVIEW_PACK.packets.json
RS056_NATIVE_LOCALIZATION_REVIEW_PACK,P279_EUROPEAN_LANGUAGE_REVIEW_LOCK,fr_FR,title,72,671.76,339.12,103.68,360.0,2,1,2.333,TEXT_OVERFLOW_LINES;TEXT_EXPANSION_GT_1_35;DRAFT_PREFIX_LONG,C:/hades/Hecton8/Docs/Lore/AppliedContent/packets/RS056_NATIVE_LOCALIZATION_REVIEW_PACK.packets.json
RS056_NATIVE_LOCALIZATION_REVIEW_PACK,P279_EUROPEAN_LANGUAGE_REVIEW_LOCK,fr_FR,scanner,91,710.72,457.92,92.16,460.0,2,2,1.923,TEXT_EXPANSION_GT_1_35;DRAFT_PREFIX_LONG,C:/hades/Hecton8/Docs/Lore/AppliedContent/packets/RS056_NATIVE_LOCALIZATION_REVIEW_PACK.packets.json
RS056_NATIVE_LOCALIZATION_REVIEW_PACK,P279_EUROPEAN_LANGUAGE_REVIEW_LOCK,fr_FR,terminal,132,1001.1,524.1,86.4,520.0,2,2,1.469,TEXT_EXPANSION_GT_1_35;DRAFT_PREFIX_LONG,C:/hades/Hecton8/Docs/Lore/AppliedContent/packets/RS056_NATIVE_LOCALIZATION_REVIEW_PACK.packets.json
RS056_NATIVE_LOCALIZATION_REVIEW_PACK,P279_EUROPEAN_LANGUAGE_REVIEW_LOCK,fr_FR,audio,100,876.24,622.44,103.68,620.0,2,2,1.779,TEXT_EXPANSION_GT_1_35;DRAFT_PREFIX_LONG,C:/hades/Hecton8/Docs/Lore/AppliedContent/packets/RS056_NATIVE_LOCALIZATION_REVIEW_PACK.packets.json
RS056_NATIVE_LOCALIZATION_REVIEW_PACK,P279_EUROPEAN_LANGUAGE_REVIEW_LOCK,fr_FR,in_game_wiki,131,1008.0,564.9,91.8,620.0,2,5,1.465,DRAFT_PREFIX_LONG,C:/hades/Hecton8/Docs/Lore/AppliedContent/packets/RS056_NATIVE_LOCALIZATION_REVIEW_PACK.packets.json
RS056_NATIVE_LOCALIZATION_REVIEW_PACK,P279_EUROPEAN_LANGUAGE_REVIEW_LOCK,fr_FR,external_site,140,1160.32,672.0,92.16,680.0,2,4,1.416,DRAFT_PREFIX_LONG,C:/hades/Hecton8/Docs/Lore/AppliedContent/packets/RS056_NATIVE_LOCALIZATION_REVIEW_PACK.packets.json
RS056_NATIVE_LOCALIZATION_REVIEW_PACK,P279_EUROPEAN_LANGUAGE_REVIEW_LOCK,fr_FR,field_note,162,1115.8,525.0,98.84,560.0,3,3,1.365,DRAFT_PREFIX_LONG,C:/hades/Hecton8/Docs/Lore/AppliedContent/packets/RS056_NATIVE_LOCALIZATION_REVIEW_PACK.packets.json
RS056_NATIVE_LOCALIZATION_REVIEW_PACK,P279_EUROPEAN_LANGUAGE_REVIEW_LOCK,es_ES,title,72,671.76,339.12,103.68,360.0,2,1,2.333,TEXT_OVERFLOW_LINES;TEXT_EXPANSION_GT_1_35;DRAFT_PREFIX_LONG,C:/hades/Hecton8/Docs/Lore/AppliedContent/packets/RS056_NATIVE_LOCALIZATION_REVIEW_PACK.packets.json
RS056_NATIVE_LOCALIZATION_REVIEW_PACK,P279_EUROPEAN_LANGUAGE_REVIEW_LOCK,es_ES,scanner,91,710.72,457.92,92.16,460.0,2,2,1.923,TEXT_EXPANSION_GT_1_35;DRAFT_PREFIX_LONG,C:/hades/Hecton8/Docs/Lore/AppliedContent/packets/RS056_NATIVE_LOCALIZATION_REVIEW_PACK.packets.json
RS056_NATIVE_LOCALIZATION_REVIEW_PACK,P279_EUROPEAN_LANGUAGE_REVIEW_LOCK,es_ES,terminal,132,1001.1,524.1,86.4,520.0,2,2,1.469,TEXT_EXPANSION_GT_1_35;DRAFT_PREFIX_LONG,C:/hades/Hecton8/Docs/Lore/AppliedContent/packets/RS056_NATIVE_LOCALIZATION_REVIEW_PACK.packets.json
RS056_NATIVE_LOCALIZATION_REVIEW_PACK,P279_EUROPEAN_LANGUAGE_REVIEW_LOCK,es_ES,audio,100,876.24,622.44,103.68,620.0,2,2,1.779,TEXT_EXPANSION_GT_1_35;DRAFT_PREFIX_LONG,C:/hades/Hecton8/Docs/Lore/AppliedContent/packets/RS056_NATIVE_LOCALIZATION_REVIEW_PACK.packets.json
RS056_NATIVE_LOCALIZATION_REVIEW_PACK,P279_EUROPEAN_LANGUAGE_REVIEW_LOCK,es_ES,in_game_wiki,131,1008.0,564.9,91.8,620.0,2,5,1.465,DRAFT_PREFIX_LONG,C:/hades/Hecton8/Docs/Lore/AppliedContent/packets/RS056_NATIVE_LOCALIZATION_REVIEW_PACK.packets.json
RS056_NATIVE_LOCALIZATION_REVIEW_PACK,P279_EUROPEAN_LANGUAGE_REVIEW_LOCK,es_ES,external_site,140,1160.32,672.0,92.16,680.0,2,4,1.416,DRAFT_PREFIX_LONG,C:/hades/Hecton8/Docs/Lore/AppliedContent/packets/RS056_NATIVE_LOCALIZATION_REVIEW_PACK.packets.json
RS056_NATIVE_LOCALIZATION_REVIEW_PACK,P279_EUROPEAN_LANGUAGE_REVIEW_LOCK,es_ES,field_note,162,1115.8,525.0,98.84,560.0,3,3,1.365,DRAFT_PREFIX_LONG,C:/hades/Hecton8/Docs/Lore/AppliedContent/packets/RS056_NATIVE_LOCALIZATION_REVIEW_PACK.packets.json
RS056_NATIVE_LOCALIZATION_REVIEW_PACK,P279_EUROPEAN_LANGUAGE_REVIEW_LOCK,de_DE,title,72,671.76,339.12,103.68,360.0,2,1,2.333,TEXT_OVERFLOW_LINES;TEXT_EXPANSION_GT_1_35;DRAFT_PREFIX_LONG,C:/hades/Hecton8/Docs/Lore/AppliedContent/packets/RS056_NATIVE_LOCALIZATION_REVIEW_PACK.packets.json
RS056_NATIVE_LOCALIZATION_REVIEW_PACK,P279_EUROPEAN_LANGUAGE_REVIEW_LOCK,de_DE,scanner,91,710.72,457.92,92.16,460.0,2,2,1.923,TEXT_EXPANSION_GT_1_35;DRAFT_PREFIX_LONG,C:/hades/Hecton8/Docs/Lore/AppliedContent/packets/RS056_NATIVE_LOCALIZATION_REVIEW_PACK.packets.json
RS056_NATIVE_LOCALIZATION_REVIEW_PACK,P279_EUROPEAN_LANGUAGE_REVIEW_LOCK,de_DE,terminal,132,1001.1,524.1,86.4,520.0,2,2,1.469,TEXT_EXPANSION_GT_1_35;DRAFT_PREFIX_LONG,C:/hades/Hecton8/Docs/Lore/AppliedContent/packets/RS056_NATIVE_LOCALIZATION_REVIEW_PACK.packets.json
RS056_NATIVE_LOCALIZATION_REVIEW_PACK,P279_EUROPEAN_LANGUAGE_REVIEW_LOCK,de_DE,audio,100,876.24,622.44,103.68,620.0,2,2,1.779,TEXT_EXPANSION_GT_1_35;DRAFT_PREFIX_LONG,C:/hades/Hecton8/Docs/Lore/AppliedContent/packets/RS056_NATIVE_LOCALIZATION_REVIEW_PACK.packets.json
RS056_NATIVE_LOCALIZATION_REVIEW_PACK,P279_EUROPEAN_LANGUAGE_REVIEW_LOCK,de_DE,in_game_wiki,131,1008.0,564.9,91.8,620.0,2,5,1.465,DRAFT_PREFIX_LONG,C:/hades/Hecton8/Docs/Lore/AppliedContent/packets/RS056_NATIVE_LOCALIZATION_REVIEW_PACK.packets.json
RS056_NATIVE_LOCALIZATION_REVIEW_PACK,P279_EUROPEAN_LANGUAGE_REVIEW_LOCK,de_DE,external_site,140,1160.32,672.0,92.16,680.0,2,4,1.416,DRAFT_PREFIX_LONG,C:/hades/Hecton8/Docs/Lore/AppliedContent/packets/RS056_NATIVE_LOCALIZATION_REVIEW_PACK.packets.json
RS056_NATIVE_LOCALIZATION_REVIEW_PACK,P279_EUROPEAN_LANGUAGE_REVIEW_LOCK,de_DE,field_note,162,1115.8,525.0,98.84,560.0,3,3,1.365,DRAFT_PREFIX_LONG,C:/hades/Hecton8/Docs/Lore/AppliedContent/packets/RS056_NATIVE_LOCALIZATION_REVIEW_PACK.packets.json
RS056_NATIVE_LOCALIZATION_REVIEW_PACK,P279_EUROPEAN_LANGUAGE_REVIEW_LOCK,pl_PL,title,72,671.76,339.12,103.68,360.0,2,1,2.333,TEXT_OVERFLOW_LINES;TEXT_EXPANSION_GT_1_35;DRAFT_PREFIX_LONG,C:/hades/Hecton8/Docs/Lore/AppliedContent/packets/RS056_NATIVE_LOCALIZATION_REVIEW_PACK.packets.json
RS056_NATIVE_LOCALIZATION_REVIEW_PACK,P279_EUROPEAN_LANGUAGE_REVIEW_LOCK,pl_PL,scanner,91,710.72,457.92,92.16,460.0,2,2,1.923,TEXT_EXPANSION_GT_1_35;DRAFT_PREFIX_LONG,C:/hades/Hecton8/Docs/Lore/AppliedContent/packets/RS056_NATIVE_LOCALIZATION_REVIEW_PACK.packets.json
RS056_NATIVE_LOCALIZATION_REVIEW_PACK,P279_EUROPEAN_LANGUAGE_REVIEW_LOCK,pl_PL,terminal,132,1001.1,524.1,86.4,520.0,2,2,1.469,TEXT_EXPANSION_GT_1_35;DRAFT_PREFIX_LONG,C:/hades/Hecton8/Docs/Lore/AppliedContent/packets/RS056_NATIVE_LOCALIZATION_REVIEW_PACK.packets.json
RS056_NATIVE_LOCALIZATION_REVIEW_PACK,P279_EUROPEAN_LANGUAGE_REVIEW_LOCK,pl_PL,audio,100,876.24,622.44,103.68,620.0,2,2,1.779,TEXT_EXPANSION_GT_1_35;DRAFT_PREFIX_LONG,C:/hades/Hecton8/Docs/Lore/AppliedContent/packets/RS056_NATIVE_LOCALIZATION_REVIEW_PACK.packets.json
RS056_NATIVE_LOCALIZATION_REVIEW_PACK,P279_EUROPEAN_LANGUAGE_REVIEW_LOCK,pl_PL,in_game_wiki,131,1008.0,564.9,91.8,620.0,2,5,1.465,DRAFT_PREFIX_LONG,C:/hades/Hecton8/Docs/Lore/AppliedContent/packets/RS056_NATIVE_LOCALIZATION_REVIEW_PACK.packets.json
RS056_NATIVE_LOCALIZATION_REVIEW_PACK,P279_EUROPEAN_LANGUAGE_REVIEW_LOCK,pl_PL,external_site,140,1160.32,672.0,92.16,680.0,2,4,1.416,DRAFT_PREFIX_LONG,C:/hades/Hecton8/Docs/Lore/AppliedContent/packets/RS056_NATIVE_LOCALIZATION_REVIEW_PACK.packets.json
RS056_NATIVE_LOCALIZATION_REVIEW_PACK,P279_EUROPEAN_LANGUAGE_REVIEW_LOCK,pl_PL,field_note,162,1115.8,525.0,98.84,560.0,3,3,1.365,DRAFT_PREFIX_LONG,C:/hades/Hecton8/Docs/Lore/AppliedContent/packets/RS056_NATIVE_LOCALIZATION_REVIEW_PACK.packets.json
RS056_NATIVE_LOCALIZATION_REVIEW_PACK,P279_EUROPEAN_LANGUAGE_REVIEW_LOCK,uk_UA,title,72,671.76,339.12,103.68,360.0,2,1,2.333,TEXT_OVERFLOW_LINES;TEXT_EXPANSION_GT_1_35;DRAFT_PREFIX_LONG,C:/hades/Hecton8/Docs/Lore/AppliedContent/packets/RS056_NATIVE_LOCALIZATION_REVIEW_PACK.packets.json
RS056_NATIVE_LOCALIZATION_REVIEW_PACK,P279_EUROPEAN_LANGUAGE_REVIEW_LOCK,uk_UA,scanner,91,710.72,457.92,92.16,460.0,2,2,1.923,TEXT_EXPANSION_GT_1_35;DRAFT_PREFIX_LONG,C:/hades/Hecton8/Docs/Lore/AppliedContent/packets/RS056_NATIVE_LOCALIZATION_REVIEW_PACK.packets.json
RS056_NATIVE_LOCALIZATION_REVIEW_PACK,P279_EUROPEAN_LANGUAGE_REVIEW_LOCK,uk_UA,terminal,132,1001.1,524.1,86.4,520.0,2,2,1.469,TEXT_EXPANSION_GT_1_35;DRAFT_PREFIX_LONG,C:/hades/Hecton8/Docs/Lore/AppliedContent/packets/RS056_NATIVE_LOCALIZATION_REVIEW_PACK.packets.json
RS056_NATIVE_LOCALIZATION_REVIEW_PACK,P279_EUROPEAN_LANGUAGE_REVIEW_LOCK,uk_UA,audio,100,876.24,622.44,103.68,620.0,2,2,1.779,TEXT_EXPANSION_GT_1_35;DRAFT_PREFIX_LONG,C:/hades/Hecton8/Docs/Lore/AppliedContent/packets/RS056_NATIVE_LOCALIZATION_REVIEW_PACK.packets.json
RS056_NATIVE_LOCALIZATION_REVIEW_PACK,P279_EUROPEAN_LANGUAGE_REVIEW_LOCK,uk_UA,in_game_wiki,131,1008.0,564.9,91.8,620.0,2,5,1.465,DRAFT_PREFIX_LONG,C:/hades/Hecton8/Docs/Lore/AppliedContent/packets/RS056_NATIVE_LOCALIZATION_REVIEW_PACK.packets.json
RS056_NATIVE_LOCALIZATION_REVIEW_PACK,P279_EUROPEAN_LANGUAGE_REVIEW_LOCK,uk_UA,external_site,140,1160.32,672.0,92.16,680.0,2,4,1.416,DRAFT_PREFIX_LONG,C:/hades/Hecton8/Docs/Lore/AppliedContent/packets/RS056_NATIVE_LOCALIZATION_REVIEW_PACK.packets.json
RS056_NATIVE_LOCALIZATION_REVIEW_PACK,P279_EUROPEAN_LANGUAGE_REVIEW_LOCK,uk_UA,field_note,162,1115.8,525.0,98.84,560.0,3,3,1.365,DRAFT_PREFIX_LONG,C:/hades/Hecton8/Docs/Lore/AppliedContent/packets/RS056_NATIVE_LOCALIZATION_REVIEW_PACK.packets.json
RS056_NATIVE_LOCALIZATION_REVIEW_PACK,P279_EUROPEAN_LANGUAGE_REVIEW_LOCK,ar_SA,title,72,671.76,339.12,103.68,360.0,2,1,2.333,TEXT_OVERFLOW_LINES;TEXT_EXPANSION_GT_1_35;DRAFT_PREFIX_LONG,C:/hades/Hecton8/Docs/Lore/AppliedContent/packets/RS056_NATIVE_LOCALIZATION_REVIEW_PACK.packets.json
RS056_NATIVE_LOCALIZATION_REVIEW_PACK,P279_EUROPEAN_LANGUAGE_REVIEW_LOCK,ar_SA,scanner,91,710.72,457.92,92.16,460.0,2,2,1.923,TEXT_EXPANSION_GT_1_35;DRAFT_PREFIX_LONG,C:/hades/Hecton8/Docs/Lore/AppliedContent/packets/RS056_NATIVE_LOCALIZATION_REVIEW_PACK.packets.json
RS056_NATIVE_LOCALIZATION_REVIEW_PACK,P279_EUROPEAN_LANGUAGE_REVIEW_LOCK,ar_SA,terminal,132,1001.1,524.1,86.4,520.0,2,2,1.469,TEXT_EXPANSION_GT_1_35;DRAFT_PREFIX_LONG,C:/hades/Hecton8/Docs/Lore/AppliedContent/packets/RS056_NATIVE_LOCALIZATION_REVIEW_PACK.packets.json
RS056_NATIVE_LOCALIZATION_REVIEW_PACK,P279_EUROPEAN_LANGUAGE_REVIEW_LOCK,ar_SA,audio,100,876.24,622.44,103.68,620.0,2,2,1.779,TEXT_EXPANSION_GT_1_35;DRAFT_PREFIX_LONG,C:/hades/Hecton8/Docs/Lore/AppliedContent/packets/RS056_NATIVE_LOCALIZATION_REVIEW_PACK.packets.json
RS056_NATIVE_LOCALIZATION_REVIEW_PACK,P279_EUROPEAN_LANGUAGE_REVIEW_LOCK,ar_SA,in_game_wiki,131,1008.0,564.9,91.8,620.0,2,5,1.465,DRAFT_PREFIX_LONG,C:/hades/Hecton8/Docs/Lore/AppliedContent/packets/RS056_NATIVE_LOCALIZATION_REVIEW_PACK.packets.json
RS056_NATIVE_LOCALIZATION_REVIEW_PACK,P279_EUROPEAN_LANGUAGE_REVIEW_LOCK,ar_SA,external_site,140,1160.32,672.0,92.16,680.0,2,4,1.416,DRAFT_PREFIX_LONG,C:/hades/Hecton8/Docs/Lore/AppliedContent/packets/RS056_NATIVE_LOCALIZATION_REVIEW_PACK.packets.json
RS056_NATIVE_LOCALIZATION_REVIEW_PACK,P279_EUROPEAN_LANGUAGE_REVIEW_LOCK,ar_SA,field_note,162,1115.8,525.0,98.84,560.0,3,3,1.365,DRAFT_PREFIX_LONG,C:/hades/Hecton8/Docs/Lore/AppliedContent/packets/RS056_NATIVE_LOCALIZATION_REVIEW_PACK.packets.json
RS056_NATIVE_LOCALIZATION_REVIEW_PACK,P279_EUROPEAN_LANGUAGE_REVIEW_LOCK,id_ID,title,72,671.76,339.12,103.68,360.0,2,1,2.333,TEXT_OVERFLOW_LINES;TEXT_EXPANSION_GT_1_35;DRAFT_PREFIX_LONG,C:/hades/Hecton8/Docs/Lore/AppliedContent/packets/RS056_NATIVE_LOCALIZATION_REVIEW_PACK.packets.json
RS056_NATIVE_LOCALIZATION_REVIEW_PACK,P279_EUROPEAN_LANGUAGE_REVIEW_LOCK,id_ID,scanner,91,710.72,457.92,92.16,460.0,2,2,1.923,TEXT_EXPANSION_GT_1_35;DRAFT_PREFIX_LONG,C:/hades/Hecton8/Docs/Lore/AppliedContent/packets/RS056_NATIVE_LOCALIZATION_REVIEW_PACK.packets.json
RS056_NATIVE_LOCALIZATION_REVIEW_PACK,P279_EUROPEAN_LANGUAGE_REVIEW_LOCK,id_ID,terminal,132,1001.1,524.1,86.4,520.0,2,2,1.469,TEXT_EXPANSION_GT_1_35;DRAFT_PREFIX_LONG,C:/hades/Hecton8/Docs/Lore/AppliedContent/packets/RS056_NATIVE_LOCALIZATION_REVIEW_PACK.packets.json
RS056_NATIVE_LOCALIZATION_REVIEW_PACK,P279_EUROPEAN_LANGUAGE_REVIEW_LOCK,id_ID,audio,100,876.24,622.44,103.68,620.0,2,2,1.779,TEXT_EXPANSION_GT_1_35;DRAFT_PREFIX_LONG,C:/hades/Hecton8/Docs/Lore/AppliedContent/packets/RS056_NATIVE_LOCALIZATION_REVIEW_PACK.packets.json
RS056_NATIVE_LOCALIZATION_REVIEW_PACK,P279_EUROPEAN_LANGUAGE_REVIEW_LOCK,id_ID,in_game_wiki,131,1008.0,564.9,91.8,620.0,2,5,1.465,DRAFT_PREFIX_LONG,C:/hades/Hecton8/Docs/Lore/AppliedContent/packets/RS056_NATIVE_LOCALIZATION_REVIEW_PACK.packets.json
RS056_NATIVE_LOCALIZATION_REVIEW_PACK,P279_EUROPEAN_LANGUAGE_REVIEW_LOCK,id_ID,external_site,140,1160.32,672.0,92.16,680.0,2,4,1.416,DRAFT_PREFIX_LONG,C:/hades/Hecton8/Docs/Lore/AppliedContent/packets/RS056_NATIVE_LOCALIZATION_REVIEW_PACK.packets.json
RS056_NATIVE_LOCALIZATION_REVIEW_PACK,P279_EUROPEAN_LANGUAGE_REVIEW_LOCK,id_ID,field_note,162,1115.8,525.0,98.84,560.0,3,3,1.365,DRAFT_PREFIX_LONG,C:/hades/Hecton8/Docs/Lore/AppliedContent/packets/RS056_NATIVE_LOCALIZATION_REVIEW_PACK.packets.json
RS056_NATIVE_LOCALIZATION_REVIEW_PACK,P279_EUROPEAN_LANGUAGE_REVIEW_LOCK,ko_KR,title,72,671.76,339.12,103.68,360.0,2,1,2.333,TEXT_OVERFLOW_LINES;TEXT_EXPANSION_GT_1_35;DRAFT_PREFIX_LONG,C:/hades/Hecton8/Docs/Lore/AppliedContent/packets/RS056_NATIVE_LOCALIZATION_REVIEW_PACK.packets.json
RS056_NATIVE_LOCALIZATION_REVIEW_PACK,P279_EUROPEAN_LANGUAGE_REVIEW_LOCK,ko_KR,scanner,91,710.72,457.92,92.16,460.0,2,2,1.923,TEXT_EXPANSION_GT_1_35;DRAFT_PREFIX_LONG,C:/hades/Hecton8/Docs/Lore/AppliedContent/packets/RS056_NATIVE_LOCALIZATION_REVIEW_PACK.packets.json
RS056_NATIVE_LOCALIZATION_REVIEW_PACK,P279_EUROPEAN_LANGUAGE_REVIEW_LOCK,ko_KR,terminal,132,1001.1,524.1,86.4,520.0,2,2,1.469,TEXT_EXPANSION_GT_1_35;DRAFT_PREFIX_LONG,C:/hades/Hecton8/Docs/Lore/AppliedContent/packets/RS056_NATIVE_LOCALIZATION_REVIEW_PACK.packets.json
RS056_NATIVE_LOCALIZATION_REVIEW_PACK,P279_EUROPEAN_LANGUAGE_REVIEW_LOCK,ko_KR,audio,100,876.24,622.44,103.68,620.0,2,2,1.779,TEXT_EXPANSION_GT_1_35;DRAFT_PREFIX_LONG,C:/hades/Hecton8/Docs/Lore/AppliedContent/packets/RS056_NATIVE_LOCALIZATION_REVIEW_PACK.packets.json
RS056_NATIVE_LOCALIZATION_REVIEW_PACK,P279_EUROPEAN_LANGUAGE_REVIEW_LOCK,ko_KR,in_game_wiki,131,1008.0,564.9,91.8,620.0,2,5,1.465,DRAFT_PREFIX_LONG,C:/hades/Hecton8/Docs/Lore/AppliedContent/packets/RS056_NATIVE_LOCALIZATION_REVIEW_PACK.packets.json
RS056_NATIVE_LOCALIZATION_REVIEW_PACK,P279_EUROPEAN_LANGUAGE_REVIEW_LOCK,ko_KR,external_site,140,1160.32,672.0,92.16,680.0,2,4,1.416,DRAFT_PREFIX_LONG,C:/hades/Hecton8/Docs/Lore/AppliedContent/packets/RS056_NATIVE_LOCALIZATION_REVIEW_PACK.packets.json
RS056_NATIVE_LOCALIZATION_REVIEW_PACK,P279_EUROPEAN_LANGUAGE_REVIEW_LOCK,ko_KR,field_note,162,1115.8,525.0,98.84,560.0,3,3,1.365,DRAFT_PREFIX_LONG,C:/hades/Hecton8/Docs/Lore/AppliedContent/packets/RS056_NATIVE_LOCALIZATION_REVIEW_PACK.packets.json
RS056_NATIVE_LOCALIZATION_REVIEW_PACK,P279_EUROPEAN_LANGUAGE_REVIEW_LOCK,he_IL,title,72,671.76,339.12,103.68,360.0,2,1,2.333,TEXT_OVERFLOW_LINES;TEXT_EXPANSION_GT_1_35;DRAFT_PREFIX_LONG,C:/hades/Hecton8/Docs/Lore/AppliedContent/packets/RS056_NATIVE_LOCALIZATION_REVIEW_PACK.packets.json
RS056_NATIVE_LOCALIZATION_REVIEW_PACK,P279_EUROPEAN_LANGUAGE_REVIEW_LOCK,he_IL,scanner,91,710.72,457.92,92.16,460.0,2,2,1.923,TEXT_EXPANSION_GT_1_35;DRAFT_PREFIX_LONG,C:/hades/Hecton8/Docs/Lore/AppliedContent/packets/RS056_NATIVE_LOCALIZATION_REVIEW_PACK.packets.json
RS056_NATIVE_LOCALIZATION_REVIEW_PACK,P279_EUROPEAN_LANGUAGE_REVIEW_LOCK,he_IL,terminal,132,1001.1,524.1,86.4,520.0,2,2,1.469,TEXT_EXPANSION_GT_1_35;DRAFT_PREFIX_LONG,C:/hades/Hecton8/Docs/Lore/AppliedContent/packets/RS056_NATIVE_LOCALIZATION_REVIEW_PACK.packets.json
RS056_NATIVE_LOCALIZATION_REVIEW_PACK,P279_EUROPEAN_LANGUAGE_REVIEW_LOCK,he_IL,audio,100,876.24,622.44,103.68,620.0,2,2,1.779,TEXT_EXPANSION_GT_1_35;DRAFT_PREFIX_LONG,C:/hades/Hecton8/Docs/Lore/AppliedContent/packets/RS056_NATIVE_LOCALIZATION_REVIEW_PACK.packets.json
RS056_NATIVE_LOCALIZATION_REVIEW_PACK,P279_EUROPEAN_LANGUAGE_REVIEW_LOCK,he_IL,in_game_wiki,131,1008.0,564.9,91.8,620.0,2,5,1.465,DRAFT_PREFIX_LONG,C:/hades/Hecton8/Docs/Lore/AppliedContent/packets/RS056_NATIVE_LOCALIZATION_REVIEW_PACK.packets.json
RS056_NATIVE_LOCALIZATION_REVIEW_PACK,P279_EUROPEAN_LANGUAGE_REVIEW_LOCK,he_IL,external_site,140,1160.32,672.0,92.16,680.0,2,4,1.416,DRAFT_PREFIX_LONG,C:/hades/Hecton8/Docs/Lore/AppliedContent/packets/RS056_NATIVE_LOCALIZATION_REVIEW_PACK.packets.json
RS056_NATIVE_LOCALIZATION_REVIEW_PACK,P279_EUROPEAN_LANGUAGE_REVIEW_LOCK,he_IL,field_note,162,1115.8,525.0,98.84,560.0,3,3,1.365,DRAFT_PREFIX_LONG,C:/hades/Hecton8/Docs/Lore/AppliedContent/packets/RS056_NATIVE_LOCALIZATION_REVIEW_PACK.packets.json
RS056_NATIVE_LOCALIZATION_REVIEW_PACK,P279_EUROPEAN_LANGUAGE_REVIEW_LOCK,pt_BR,title,75,701.64,362.52,103.68,360.0,2,1,2.436,TEXT_OVERFLOW_LINES;TEXT_EXPANSION_GT_1_35,C:/hades/Hecton8/Docs/Lore/AppliedContent/packets/RS056_NATIVE_LOCALIZATION_REVIEW_PACK.packets.json
RS056_NATIVE_LOCALIZATION_REVIEW_PACK,P279_EUROPEAN_LANGUAGE_REVIEW_LOCK,pt_BR,scanner,94,737.28,439.04,92.16,460.0,2,2,1.995,TEXT_EXPANSION_GT_1_35,C:/hades/Hecton8/Docs/Lore/AppliedContent/packets/RS056_NATIVE_LOCALIZATION_REVIEW_PACK.packets.json
RS056_NATIVE_LOCALIZATION_REVIEW_PACK,P279_EUROPEAN_LANGUAGE_REVIEW_LOCK,pt_BR,terminal,135,1026.0,515.7,86.4,520.0,2,2,1.506,TEXT_EXPANSION_GT_1_35,C:/hades/Hecton8/Docs/Lore/AppliedContent/packets/RS056_NATIVE_LOCALIZATION_REVIEW_PACK.packets.json
RS056_NATIVE_LOCALIZATION_REVIEW_PACK,P279_EUROPEAN_LANGUAGE_REVIEW_LOCK,pt_BR,audio,103,906.12,615.96,103.68,620.0,2,2,1.84,TEXT_EXPANSION_GT_1_35,C:/hades/Hecton8/Docs/Lore/AppliedContent/packets/RS056_NATIVE_LOCALIZATION_REVIEW_PACK.packets.json
RS056_NATIVE_LOCALIZATION_REVIEW_PACK,P279_EUROPEAN_LANGUAGE_REVIEW_LOCK,pt_BR,in_game_wiki,134,1032.9,589.8,91.8,620.0,2,5,1.501,,C:/hades/Hecton8/Docs/Lore/AppliedContent/packets/RS056_NATIVE_LOCALIZATION_REVIEW_PACK.packets.json
RS056_NATIVE_LOCALIZATION_REVIEW_PACK,P279_EUROPEAN_LANGUAGE_REVIEW_LOCK,pt_BR,external_site,143,1186.88,629.12,92.16,680.0,2,4,1.449,,C:/hades/Hecton8/Docs/Lore/AppliedContent/packets/RS056_NATIVE_LOCALIZATION_REVIEW_PACK.packets.json
RS056_NATIVE_LOCALIZATION_REVIEW_PACK,P279_EUROPEAN_LANGUAGE_REVIEW_LOCK,pt_BR,field_note,165,1139.04,548.24,98.84,560.0,3,3,1.394,,C:/hades/Hecton8/Docs/Lore/AppliedContent/packets/RS056_NATIVE_LOCALIZATION_REVIEW_PACK.packets.json
RS056_NATIVE_LOCALIZATION_REVIEW_PACK,P279_EUROPEAN_LANGUAGE_REVIEW_LOCK,nl_NL,title,72,671.76,339.12,103.68,360.0,2,1,2.333,TEXT_OVERFLOW_LINES;TEXT_EXPANSION_GT_1_35;DRAFT_PREFIX_LONG,C:/hades/Hecton8/Docs/Lore/AppliedContent/packets/RS056_NATIVE_LOCALIZATION_REVIEW_PACK.packets.json
RS056_NATIVE_LOCALIZATION_REVIEW_PACK,P279_EUROPEAN_LANGUAGE_REVIEW_LOCK,nl_NL,scanner,91,710.72,457.92,92.16,460.0,2,2,1.923,TEXT_EXPANSION_GT_1_35;DRAFT_PREFIX_LONG,C:/hades/Hecton8/Docs/Lore/AppliedContent/packets/RS056_NATIVE_LOCALIZATION_REVIEW_PACK.packets.json
RS056_NATIVE_LOCALIZATION_REVIEW_PACK,P279_EUROPEAN_LANGUAGE_REVIEW_LOCK,nl_NL,terminal,132,1001.1,524.1,86.4,520.0,2,2,1.469,TEXT_EXPANSION_GT_1_35;DRAFT_PREFIX_LONG,C:/hades/Hecton8/Docs/Lore/AppliedContent/packets/RS056_NATIVE_LOCALIZATION_REVIEW_PACK.packets.json
RS056_NATIVE_LOCALIZATION_REVIEW_PACK,P279_EUROPEAN_LANGUAGE_REVIEW_LOCK,nl_NL,audio,100,876.24,622.44,103.68,620.0,2,2,1.779,TEXT_EXPANSION_GT_1_35;DRAFT_PREFIX_LONG,C:/hades/Hecton8/Docs/Lore/AppliedContent/packets/RS056_NATIVE_LOCALIZATION_REVIEW_PACK.packets.json
RS056_NATIVE_LOCALIZATION_REVIEW_PACK,P279_EUROPEAN_LANGUAGE_REVIEW_LOCK,nl_NL,in_game_wiki,131,1008.0,564.9,91.8,620.0,2,5,1.465,DRAFT_PREFIX_LONG,C:/hades/Hecton8/Docs/Lore/AppliedContent/packets/RS056_NATIVE_LOCALIZATION_REVIEW_PACK.packets.json
RS056_NATIVE_LOCALIZATION_REVIEW_PACK,P279_EUROPEAN_LANGUAGE_REVIEW_LOCK,nl_NL,external_site,140,1160.32,672.0,92.16,680.0,2,4,1.416,DRAFT_PREFIX_LONG,C:/hades/Hecton8/Docs/Lore/AppliedContent/packets/RS056_NATIVE_LOCALIZATION_REVIEW_PACK.packets.json
RS056_NATIVE_LOCALIZATION_REVIEW_PACK,P279_EUROPEAN_LANGUAGE_REVIEW_LOCK,nl_NL,field_note,162,1115.8,525.0,98.84,560.0,3,3,1.365,DRAFT_PREFIX_LONG,C:/hades/Hecton8/Docs/Lore/AppliedContent/packets/RS056_NATIVE_LOCALIZATION_REVIEW_PACK.packets.json
RS056_NATIVE_LOCALIZATION_REVIEW_PACK,P280_SUBTITLE_AUDIO_REVIEW_LOCK,en_US,title,26,244.8,244.8,73.8,360.0,1,1,1.0,,C:/hades/Hecton8/Docs/Lore/AppliedContent/packets/RS056_NATIVE_LOCALIZATION_REVIEW_PACK.packets.json
RS056_NATIVE_LOCALIZATION_REVIEW_PACK,P280_SUBTITLE_AUDIO_REVIEW_LOCK,en_US,scanner,38,301.44,301.44,58.88,460.0,1,2,1.0,,C:/hades/Hecton8/Docs/Lore/AppliedContent/packets/RS056_NATIVE_LOCALIZATION_REVIEW_PACK.packets.json
RS056_NATIVE_LOCALIZATION_REVIEW_PACK,P280_SUBTITLE_AUDIO_REVIEW_LOCK,en_US,terminal,82,634.2,450.6,93.0,520.0,2,2,1.0,,C:/hades/Hecton8/Docs/Lore/AppliedContent/packets/RS056_NATIVE_LOCALIZATION_REVIEW_PACK.packets.json
RS056_NATIVE_LOCALIZATION_REVIEW_PACK,P280_SUBTITLE_AUDIO_REVIEW_LOCK,en_US,audio,46,401.76,401.76,60.48,620.0,1,2,1.0,,C:/hades/Hecton8/Docs/Lore/AppliedContent/packets/RS056_NATIVE_LOCALIZATION_REVIEW_PACK.packets.json
RS056_NATIVE_LOCALIZATION_REVIEW_PACK,P280_SUBTITLE_AUDIO_REVIEW_LOCK,en_US,in_game_wiki,104,785.1,623.1,80.4,620.0,2,5,1.0,,C:/hades/Hecton8/Docs/Lore/AppliedContent/packets/RS056_NATIVE_LOCALIZATION_REVIEW_PACK.packets.json
RS056_NATIVE_LOCALIZATION_REVIEW_PACK,P280_SUBTITLE_AUDIO_REVIEW_LOCK,en_US,external_site,111,912.0,655.36,85.76,680.0,2,4,1.0,,C:/hades/Hecton8/Docs/Lore/AppliedContent/packets/RS056_NATIVE_LOCALIZATION_REVIEW_PACK.packets.json
RS056_NATIVE_LOCALIZATION_REVIEW_PACK,P280_SUBTITLE_AUDIO_REVIEW_LOCK,en_US,field_note,117,811.72,510.44,106.68,560.0,2,3,1.0,,C:/hades/Hecton8/Docs/Lore/AppliedContent/packets/RS056_NATIVE_LOCALIZATION_REVIEW_PACK.packets.json
RS056_NATIVE_LOCALIZATION_REVIEW_PACK,P280_SUBTITLE_AUDIO_REVIEW_LOCK,ru_RU,title,33,322.2,322.2,93.96,360.0,1,1,1.316,,C:/hades/Hecton8/Docs/Lore/AppliedContent/packets/RS056_NATIVE_LOCALIZATION_REVIEW_PACK.packets.json
RS056_NATIVE_LOCALIZATION_REVIEW_PACK,P280_SUBTITLE_AUDIO_REVIEW_LOCK,ru_RU,scanner,45,378.24,378.24,111.36,460.0,1,2,1.255,,C:/hades/Hecton8/Docs/Lore/AppliedContent/packets/RS056_NATIVE_LOCALIZATION_REVIEW_PACK.packets.json
RS056_NATIVE_LOCALIZATION_REVIEW_PACK,P280_SUBTITLE_AUDIO_REVIEW_LOCK,ru_RU,terminal,82,634.2,450.6,93.0,520.0,2,2,1.0,,C:/hades/Hecton8/Docs/Lore/AppliedContent/packets/RS056_NATIVE_LOCALIZATION_REVIEW_PACK.packets.json
RS056_NATIVE_LOCALIZATION_REVIEW_PACK,P280_SUBTITLE_AUDIO_REVIEW_LOCK,ru_RU,audio,54,518.76,518.76,114.84,620.0,1,2,1.291,,C:/hades/Hecton8/Docs/Lore/AppliedContent/packets/RS056_NATIVE_LOCALIZATION_REVIEW_PACK.packets.json
RS056_NATIVE_LOCALIZATION_REVIEW_PACK,P280_SUBTITLE_AUDIO_REVIEW_LOCK,ru_RU,in_game_wiki,104,799.8,580.8,80.4,620.0,2,5,1.019,,C:/hades/Hecton8/Docs/Lore/AppliedContent/packets/RS056_NATIVE_LOCALIZATION_REVIEW_PACK.packets.json
RS056_NATIVE_LOCALIZATION_REVIEW_PACK,P280_SUBTITLE_AUDIO_REVIEW_LOCK,ru_RU,external_site,83,711.36,644.48,87.68,680.0,2,4,0.78,,C:/hades/Hecton8/Docs/Lore/AppliedContent/packets/RS056_NATIVE_LOCALIZATION_REVIEW_PACK.packets.json
RS056_NATIVE_LOCALIZATION_REVIEW_PACK,P280_SUBTITLE_AUDIO_REVIEW_LOCK,ru_RU,field_note,115,796.32,510.44,106.68,560.0,2,3,0.981,,C:/hades/Hecton8/Docs/Lore/AppliedContent/packets/RS056_NATIVE_LOCALIZATION_REVIEW_PACK.packets.json
RS056_NATIVE_LOCALIZATION_REVIEW_PACK,P280_SUBTITLE_AUDIO_REVIEW_LOCK,ja_JP,title,69,628.56,332.64,103.68,360.0,2,1,2.568,TEXT_OVERFLOW_LINES;TEXT_EXPANSION_GT_1_35;DRAFT_PREFIX_LONG,C:/hades/Hecton8/Docs/Lore/AppliedContent/packets/RS056_NATIVE_LOCALIZATION_REVIEW_PACK.packets.json
RS056_NATIVE_LOCALIZATION_REVIEW_PACK,P280_SUBTITLE_AUDIO_REVIEW_LOCK,ja_JP,scanner,81,642.56,453.76,92.16,460.0,2,2,2.132,TEXT_EXPANSION_GT_1_35;DRAFT_PREFIX_LONG,C:/hades/Hecton8/Docs/Lore/AppliedContent/packets/RS056_NATIVE_LOCALIZATION_REVIEW_PACK.packets.json
RS056_NATIVE_LOCALIZATION_REVIEW_PACK,P280_SUBTITLE_AUDIO_REVIEW_LOCK,ja_JP,terminal,125,954.0,481.5,93.0,520.0,2,2,1.504,TEXT_EXPANSION_GT_1_35;DRAFT_PREFIX_LONG,C:/hades/Hecton8/Docs/Lore/AppliedContent/packets/RS056_NATIVE_LOCALIZATION_REVIEW_PACK.packets.json
RS056_NATIVE_LOCALIZATION_REVIEW_PACK,P280_SUBTITLE_AUDIO_REVIEW_LOCK,ja_JP,audio,89,785.52,613.44,103.68,620.0,2,2,1.955,TEXT_EXPANSION_GT_1_35;DRAFT_PREFIX_LONG,C:/hades/Hecton8/Docs/Lore/AppliedContent/packets/RS056_NATIVE_LOCALIZATION_REVIEW_PACK.packets.json
RS056_NATIVE_LOCALIZATION_REVIEW_PACK,P280_SUBTITLE_AUDIO_REVIEW_LOCK,ja_JP,in_game_wiki,147,1104.9,589.2,86.4,620.0,2,5,1.407,DRAFT_PREFIX_LONG,C:/hades/Hecton8/Docs/Lore/AppliedContent/packets/RS056_NATIVE_LOCALIZATION_REVIEW_PACK.packets.json
RS056_NATIVE_LOCALIZATION_REVIEW_PACK,P280_SUBTITLE_AUDIO_REVIEW_LOCK,ja_JP,external_site,154,1253.12,670.08,92.16,680.0,2,4,1.374,DRAFT_PREFIX_LONG,C:/hades/Hecton8/Docs/Lore/AppliedContent/packets/RS056_NATIVE_LOCALIZATION_REVIEW_PACK.packets.json
RS056_NATIVE_LOCALIZATION_REVIEW_PACK,P280_SUBTITLE_AUDIO_REVIEW_LOCK,ja_JP,field_note,160,1110.2,535.08,106.68,560.0,3,3,1.368,DRAFT_PREFIX_LONG,C:/hades/Hecton8/Docs/Lore/AppliedContent/packets/RS056_NATIVE_LOCALIZATION_REVIEW_PACK.packets.json
RS056_NATIVE_LOCALIZATION_REVIEW_PACK,P280_SUBTITLE_AUDIO_REVIEW_LOCK,zh_CN,title,69,628.56,332.64,103.68,360.0,2,1,2.568,TEXT_OVERFLOW_LINES;TEXT_EXPANSION_GT_1_35;DRAFT_PREFIX_LONG,C:/hades/Hecton8/Docs/Lore/AppliedContent/packets/RS056_NATIVE_LOCALIZATION_REVIEW_PACK.packets.json
RS056_NATIVE_LOCALIZATION_REVIEW_PACK,P280_SUBTITLE_AUDIO_REVIEW_LOCK,zh_CN,scanner,81,642.56,453.76,92.16,460.0,2,2,2.132,TEXT_EXPANSION_GT_1_35;DRAFT_PREFIX_LONG,C:/hades/Hecton8/Docs/Lore/AppliedContent/packets/RS056_NATIVE_LOCALIZATION_REVIEW_PACK.packets.json
RS056_NATIVE_LOCALIZATION_REVIEW_PACK,P280_SUBTITLE_AUDIO_REVIEW_LOCK,zh_CN,terminal,125,954.0,481.5,93.0,520.0,2,2,1.504,TEXT_EXPANSION_GT_1_35;DRAFT_PREFIX_LONG,C:/hades/Hecton8/Docs/Lore/AppliedContent/packets/RS056_NATIVE_LOCALIZATION_REVIEW_PACK.packets.json
RS056_NATIVE_LOCALIZATION_REVIEW_PACK,P280_SUBTITLE_AUDIO_REVIEW_LOCK,zh_CN,audio,89,785.52,613.44,103.68,620.0,2,2,1.955,TEXT_EXPANSION_GT_1_35;DRAFT_PREFIX_LONG,C:/hades/Hecton8/Docs/Lore/AppliedContent/packets/RS056_NATIVE_LOCALIZATION_REVIEW_PACK.packets.json
RS056_NATIVE_LOCALIZATION_REVIEW_PACK,P280_SUBTITLE_AUDIO_REVIEW_LOCK,zh_CN,in_game_wiki,147,1104.9,589.2,86.4,620.0,2,5,1.407,DRAFT_PREFIX_LONG,C:/hades/Hecton8/Docs/Lore/AppliedContent/packets/RS056_NATIVE_LOCALIZATION_REVIEW_PACK.packets.json
RS056_NATIVE_LOCALIZATION_REVIEW_PACK,P280_SUBTITLE_AUDIO_REVIEW_LOCK,zh_CN,external_site,154,1253.12,670.08,92.16,680.0,2,4,1.374,DRAFT_PREFIX_LONG,C:/hades/Hecton8/Docs/Lore/AppliedContent/packets/RS056_NATIVE_LOCALIZATION_REVIEW_PACK.packets.json
RS056_NATIVE_LOCALIZATION_REVIEW_PACK,P280_SUBTITLE_AUDIO_REVIEW_LOCK,zh_CN,field_note,160,1110.2,535.08,106.68,560.0,3,3,1.368,DRAFT_PREFIX_LONG,C:/hades/Hecton8/Docs/Lore/AppliedContent/packets/RS056_NATIVE_LOCALIZATION_REVIEW_PACK.packets.json
RS056_NATIVE_LOCALIZATION_REVIEW_PACK,P280_SUBTITLE_AUDIO_REVIEW_LOCK,fr_FR,title,69,628.56,332.64,103.68,360.0,2,1,2.568,TEXT_OVERFLOW_LINES;TEXT_EXPANSION_GT_1_35;DRAFT_PREFIX_LONG,C:/hades/Hecton8/Docs/Lore/AppliedContent/packets/RS056_NATIVE_LOCALIZATION_REVIEW_PACK.packets.json
RS056_NATIVE_LOCALIZATION_REVIEW_PACK,P280_SUBTITLE_AUDIO_REVIEW_LOCK,fr_FR,scanner,81,642.56,453.76,92.16,460.0,2,2,2.132,TEXT_EXPANSION_GT_1_35;DRAFT_PREFIX_LONG,C:/hades/Hecton8/Docs/Lore/AppliedContent/packets/RS056_NATIVE_LOCALIZATION_REVIEW_PACK.packets.json
RS056_NATIVE_LOCALIZATION_REVIEW_PACK,P280_SUBTITLE_AUDIO_REVIEW_LOCK,fr_FR,terminal,125,954.0,481.5,93.0,520.0,2,2,1.504,TEXT_EXPANSION_GT_1_35;DRAFT_PREFIX_LONG,C:/hades/Hecton8/Docs/Lore/AppliedContent/packets/RS056_NATIVE_LOCALIZATION_REVIEW_PACK.packets.json
RS056_NATIVE_LOCALIZATION_REVIEW_PACK,P280_SUBTITLE_AUDIO_REVIEW_LOCK,fr_FR,audio,89,785.52,613.44,103.68,620.0,2,2,1.955,TEXT_EXPANSION_GT_1_35;DRAFT_PREFIX_LONG,C:/hades/Hecton8/Docs/Lore/AppliedContent/packets/RS056_NATIVE_LOCALIZATION_REVIEW_PACK.packets.json
RS056_NATIVE_LOCALIZATION_REVIEW_PACK,P280_SUBTITLE_AUDIO_REVIEW_LOCK,fr_FR,in_game_wiki,147,1104.9,589.2,86.4,620.0,2,5,1.407,DRAFT_PREFIX_LONG,C:/hades/Hecton8/Docs/Lore/AppliedContent/packets/RS056_NATIVE_LOCALIZATION_REVIEW_PACK.packets.json
RS056_NATIVE_LOCALIZATION_REVIEW_PACK,P280_SUBTITLE_AUDIO_REVIEW_LOCK,fr_FR,external_site,154,1253.12,670.08,92.16,680.0,2,4,1.374,DRAFT_PREFIX_LONG,C:/hades/Hecton8/Docs/Lore/AppliedContent/packets/RS056_NATIVE_LOCALIZATION_REVIEW_PACK.packets.json
RS056_NATIVE_LOCALIZATION_REVIEW_PACK,P280_SUBTITLE_AUDIO_REVIEW_LOCK,fr_FR,field_note,160,1110.2,535.08,106.68,560.0,3,3,1.368,DRAFT_PREFIX_LONG,C:/hades/Hecton8/Docs/Lore/AppliedContent/packets/RS056_NATIVE_LOCALIZATION_REVIEW_PACK.packets.json
RS056_NATIVE_LOCALIZATION_REVIEW_PACK,P280_SUBTITLE_AUDIO_REVIEW_LOCK,es_ES,title,69,628.56,332.64,103.68,360.0,2,1,2.568,TEXT_OVERFLOW_LINES;TEXT_EXPANSION_GT_1_35;DRAFT_PREFIX_LONG,C:/hades/Hecton8/Docs/Lore/AppliedContent/packets/RS056_NATIVE_LOCALIZATION_REVIEW_PACK.packets.json
RS056_NATIVE_LOCALIZATION_REVIEW_PACK,P280_SUBTITLE_AUDIO_REVIEW_LOCK,es_ES,scanner,81,642.56,453.76,92.16,460.0,2,2,2.132,TEXT_EXPANSION_GT_1_35;DRAFT_PREFIX_LONG,C:/hades/Hecton8/Docs/Lore/AppliedContent/packets/RS056_NATIVE_LOCALIZATION_REVIEW_PACK.packets.json
RS056_NATIVE_LOCALIZATION_REVIEW_PACK,P280_SUBTITLE_AUDIO_REVIEW_LOCK,es_ES,terminal,125,954.0,481.5,93.0,520.0,2,2,1.504,TEXT_EXPANSION_GT_1_35;DRAFT_PREFIX_LONG,C:/hades/Hecton8/Docs/Lore/AppliedContent/packets/RS056_NATIVE_LOCALIZATION_REVIEW_PACK.packets.json
RS056_NATIVE_LOCALIZATION_REVIEW_PACK,P280_SUBTITLE_AUDIO_REVIEW_LOCK,es_ES,audio,89,785.52,613.44,103.68,620.0,2,2,1.955,TEXT_EXPANSION_GT_1_35;DRAFT_PREFIX_LONG,C:/hades/Hecton8/Docs/Lore/AppliedContent/packets/RS056_NATIVE_LOCALIZATION_REVIEW_PACK.packets.json
RS056_NATIVE_LOCALIZATION_REVIEW_PACK,P280_SUBTITLE_AUDIO_REVIEW_LOCK,es_ES,in_game_wiki,147,1104.9,589.2,86.4,620.0,2,5,1.407,DRAFT_PREFIX_LONG,C:/hades/Hecton8/Docs/Lore/AppliedContent/packets/RS056_NATIVE_LOCALIZATION_REVIEW_PACK.packets.json
RS056_NATIVE_LOCALIZATION_REVIEW_PACK,P280_SUBTITLE_AUDIO_REVIEW_LOCK,es_ES,external_site,154,1253.12,670.08,92.16,680.0,2,4,1.374,DRAFT_PREFIX_LONG,C:/hades/Hecton8/Docs/Lore/AppliedContent/packets/RS056_NATIVE_LOCALIZATION_REVIEW_PACK.packets.json
RS056_NATIVE_LOCALIZATION_REVIEW_PACK,P280_SUBTITLE_AUDIO_REVIEW_LOCK,es_ES,field_note,160,1110.2,535.08,106.68,560.0,3,3,1.368,DRAFT_PREFIX_LONG,C:/hades/Hecton8/Docs/Lore/AppliedContent/packets/RS056_NATIVE_LOCALIZATION_REVIEW_PACK.packets.json
RS056_NATIVE_LOCALIZATION_REVIEW_PACK,P280_SUBTITLE_AUDIO_REVIEW_LOCK,de_DE,title,69,628.56,332.64,103.68,360.0,2,1,2.568,TEXT_OVERFLOW_LINES;TEXT_EXPANSION_GT_1_35;DRAFT_PREFIX_LONG,C:/hades/Hecton8/Docs/Lore/AppliedContent/packets/RS056_NATIVE_LOCALIZATION_REVIEW_PACK.packets.json
RS056_NATIVE_LOCALIZATION_REVIEW_PACK,P280_SUBTITLE_AUDIO_REVIEW_LOCK,de_DE,scanner,81,642.56,453.76,92.16,460.0,2,2,2.132,TEXT_EXPANSION_GT_1_35;DRAFT_PREFIX_LONG,C:/hades/Hecton8/Docs/Lore/AppliedContent/packets/RS056_NATIVE_LOCALIZATION_REVIEW_PACK.packets.json
RS056_NATIVE_LOCALIZATION_REVIEW_PACK,P280_SUBTITLE_AUDIO_REVIEW_LOCK,de_DE,terminal,125,954.0,481.5,93.0,520.0,2,2,1.504,TEXT_EXPANSION_GT_1_35;DRAFT_PREFIX_LONG,C:/hades/Hecton8/Docs/Lore/AppliedContent/packets/RS056_NATIVE_LOCALIZATION_REVIEW_PACK.packets.json
RS056_NATIVE_LOCALIZATION_REVIEW_PACK,P280_SUBTITLE_AUDIO_REVIEW_LOCK,de_DE,audio,89,785.52,613.44,103.68,620.0,2,2,1.955,TEXT_EXPANSION_GT_1_35;DRAFT_PREFIX_LONG,C:/hades/Hecton8/Docs/Lore/AppliedContent/packets/RS056_NATIVE_LOCALIZATION_REVIEW_PACK.packets.json
RS056_NATIVE_LOCALIZATION_REVIEW_PACK,P280_SUBTITLE_AUDIO_REVIEW_LOCK,de_DE,in_game_wiki,147,1104.9,589.2,86.4,620.0,2,5,1.407,DRAFT_PREFIX_LONG,C:/hades/Hecton8/Docs/Lore/AppliedContent/packets/RS056_NATIVE_LOCALIZATION_REVIEW_PACK.packets.json
RS056_NATIVE_LOCALIZATION_REVIEW_PACK,P280_SUBTITLE_AUDIO_REVIEW_LOCK,de_DE,external_site,154,1253.12,670.08,92.16,680.0,2,4,1.374,DRAFT_PREFIX_LONG,C:/hades/Hecton8/Docs/Lore/AppliedContent/packets/RS056_NATIVE_LOCALIZATION_REVIEW_PACK.packets.json
RS056_NATIVE_LOCALIZATION_REVIEW_PACK,P280_SUBTITLE_AUDIO_REVIEW_LOCK,de_DE,field_note,160,1110.2,535.08,106.68,560.0,3,3,1.368,DRAFT_PREFIX_LONG,C:/hades/Hecton8/Docs/Lore/AppliedContent/packets/RS056_NATIVE_LOCALIZATION_REVIEW_PACK.packets.json
RS056_NATIVE_LOCALIZATION_REVIEW_PACK,P280_SUBTITLE_AUDIO_REVIEW_LOCK,pl_PL,title,69,628.56,332.64,103.68,360.0,2,1,2.568,TEXT_OVERFLOW_LINES;TEXT_EXPANSION_GT_1_35;DRAFT_PREFIX_LONG,C:/hades/Hecton8/Docs/Lore/AppliedContent/packets/RS056_NATIVE_LOCALIZATION_REVIEW_PACK.packets.json
RS056_NATIVE_LOCALIZATION_REVIEW_PACK,P280_SUBTITLE_AUDIO_REVIEW_LOCK,pl_PL,scanner,81,642.56,453.76,92.16,460.0,2,2,2.132,TEXT_EXPANSION_GT_1_35;DRAFT_PREFIX_LONG,C:/hades/Hecton8/Docs/Lore/AppliedContent/packets/RS056_NATIVE_LOCALIZATION_REVIEW_PACK.packets.json
RS056_NATIVE_LOCALIZATION_REVIEW_PACK,P280_SUBTITLE_AUDIO_REVIEW_LOCK,pl_PL,terminal,125,954.0,481.5,93.0,520.0,2,2,1.504,TEXT_EXPANSION_GT_1_35;DRAFT_PREFIX_LONG,C:/hades/Hecton8/Docs/Lore/AppliedContent/packets/RS056_NATIVE_LOCALIZATION_REVIEW_PACK.packets.json
RS056_NATIVE_LOCALIZATION_REVIEW_PACK,P280_SUBTITLE_AUDIO_REVIEW_LOCK,pl_PL,audio,89,785.52,613.44,103.68,620.0,2,2,1.955,TEXT_EXPANSION_GT_1_35;DRAFT_PREFIX_LONG,C:/hades/Hecton8/Docs/Lore/AppliedContent/packets/RS056_NATIVE_LOCALIZATION_REVIEW_PACK.packets.json
RS056_NATIVE_LOCALIZATION_REVIEW_PACK,P280_SUBTITLE_AUDIO_REVIEW_LOCK,pl_PL,in_game_wiki,147,1104.9,589.2,86.4,620.0,2,5,1.407,DRAFT_PREFIX_LONG,C:/hades/Hecton8/Docs/Lore/AppliedContent/packets/RS056_NATIVE_LOCALIZATION_REVIEW_PACK.packets.json
RS056_NATIVE_LOCALIZATION_REVIEW_PACK,P280_SUBTITLE_AUDIO_REVIEW_LOCK,pl_PL,external_site,154,1253.12,670.08,92.16,680.0,2,4,1.374,DRAFT_PREFIX_LONG,C:/hades/Hecton8/Docs/Lore/AppliedContent/packets/RS056_NATIVE_LOCALIZATION_REVIEW_PACK.packets.json
RS056_NATIVE_LOCALIZATION_REVIEW_PACK,P280_SUBTITLE_AUDIO_REVIEW_LOCK,pl_PL,field_note,160,1110.2,535.08,106.68,560.0,3,3,1.368,DRAFT_PREFIX_LONG,C:/hades/Hecton8/Docs/Lore/AppliedContent/packets/RS056_NATIVE_LOCALIZATION_REVIEW_PACK.packets.json
RS056_NATIVE_LOCALIZATION_REVIEW_PACK,P280_SUBTITLE_AUDIO_REVIEW_LOCK,uk_UA,title,69,628.56,332.64,103.68,360.0,2,1,2.568,TEXT_OVERFLOW_LINES;TEXT_EXPANSION_GT_1_35;DRAFT_PREFIX_LONG,C:/hades/Hecton8/Docs/Lore/AppliedContent/packets/RS056_NATIVE_LOCALIZATION_REVIEW_PACK.packets.json
RS056_NATIVE_LOCALIZATION_REVIEW_PACK,P280_SUBTITLE_AUDIO_REVIEW_LOCK,uk_UA,scanner,81,642.56,453.76,92.16,460.0,2,2,2.132,TEXT_EXPANSION_GT_1_35;DRAFT_PREFIX_LONG,C:/hades/Hecton8/Docs/Lore/AppliedContent/packets/RS056_NATIVE_LOCALIZATION_REVIEW_PACK.packets.json
RS056_NATIVE_LOCALIZATION_REVIEW_PACK,P280_SUBTITLE_AUDIO_REVIEW_LOCK,uk_UA,terminal,125,954.0,481.5,93.0,520.0,2,2,1.504,TEXT_EXPANSION_GT_1_35;DRAFT_PREFIX_LONG,C:/hades/Hecton8/Docs/Lore/AppliedContent/packets/RS056_NATIVE_LOCALIZATION_REVIEW_PACK.packets.json
RS056_NATIVE_LOCALIZATION_REVIEW_PACK,P280_SUBTITLE_AUDIO_REVIEW_LOCK,uk_UA,audio,89,785.52,613.44,103.68,620.0,2,2,1.955,TEXT_EXPANSION_GT_1_35;DRAFT_PREFIX_LONG,C:/hades/Hecton8/Docs/Lore/AppliedContent/packets/RS056_NATIVE_LOCALIZATION_REVIEW_PACK.packets.json
RS056_NATIVE_LOCALIZATION_REVIEW_PACK,P280_SUBTITLE_AUDIO_REVIEW_LOCK,uk_UA,in_game_wiki,147,1104.9,589.2,86.4,620.0,2,5,1.407,DRAFT_PREFIX_LONG,C:/hades/Hecton8/Docs/Lore/AppliedContent/packets/RS056_NATIVE_LOCALIZATION_REVIEW_PACK.packets.json
RS056_NATIVE_LOCALIZATION_REVIEW_PACK,P280_SUBTITLE_AUDIO_REVIEW_LOCK,uk_UA,external_site,154,1253.12,670.08,92.16,680.0,2,4,1.374,DRAFT_PREFIX_LONG,C:/hades/Hecton8/Docs/Lore/AppliedContent/packets/RS056_NATIVE_LOCALIZATION_REVIEW_PACK.packets.json
RS056_NATIVE_LOCALIZATION_REVIEW_PACK,P280_SUBTITLE_AUDIO_REVIEW_LOCK,uk_UA,field_note,160,1110.2,535.08,106.68,560.0,3,3,1.368,DRAFT_PREFIX_LONG,C:/hades/Hecton8/Docs/Lore/AppliedContent/packets/RS056_NATIVE_LOCALIZATION_REVIEW_PACK.packets.json
RS056_NATIVE_LOCALIZATION_REVIEW_PACK,P280_SUBTITLE_AUDIO_REVIEW_LOCK,ar_SA,title,69,628.56,332.64,103.68,360.0,2,1,2.568,TEXT_OVERFLOW_LINES;TEXT_EXPANSION_GT_1_35;DRAFT_PREFIX_LONG,C:/hades/Hecton8/Docs/Lore/AppliedContent/packets/RS056_NATIVE_LOCALIZATION_REVIEW_PACK.packets.json
RS056_NATIVE_LOCALIZATION_REVIEW_PACK,P280_SUBTITLE_AUDIO_REVIEW_LOCK,ar_SA,scanner,81,642.56,453.76,92.16,460.0,2,2,2.132,TEXT_EXPANSION_GT_1_35;DRAFT_PREFIX_LONG,C:/hades/Hecton8/Docs/Lore/AppliedContent/packets/RS056_NATIVE_LOCALIZATION_REVIEW_PACK.packets.json
RS056_NATIVE_LOCALIZATION_REVIEW_PACK,P280_SUBTITLE_AUDIO_REVIEW_LOCK,ar_SA,terminal,125,954.0,481.5,93.0,520.0,2,2,1.504,TEXT_EXPANSION_GT_1_35;DRAFT_PREFIX_LONG,C:/hades/Hecton8/Docs/Lore/AppliedContent/packets/RS056_NATIVE_LOCALIZATION_REVIEW_PACK.packets.json
RS056_NATIVE_LOCALIZATION_REVIEW_PACK,P280_SUBTITLE_AUDIO_REVIEW_LOCK,ar_SA,audio,89,785.52,613.44,103.68,620.0,2,2,1.955,TEXT_EXPANSION_GT_1_35;DRAFT_PREFIX_LONG,C:/hades/Hecton8/Docs/Lore/AppliedContent/packets/RS056_NATIVE_LOCALIZATION_REVIEW_PACK.packets.json
RS056_NATIVE_LOCALIZATION_REVIEW_PACK,P280_SUBTITLE_AUDIO_REVIEW_LOCK,ar_SA,in_game_wiki,147,1104.9,589.2,86.4,620.0,2,5,1.407,DRAFT_PREFIX_LONG,C:/hades/Hecton8/Docs/Lore/AppliedContent/packets/RS056_NATIVE_LOCALIZATION_REVIEW_PACK.packets.json
RS056_NATIVE_LOCALIZATION_REVIEW_PACK,P280_SUBTITLE_AUDIO_REVIEW_LOCK,ar_SA,external_site,154,1253.12,670.08,92.16,680.0,2,4,1.374,DRAFT_PREFIX_LONG,C:/hades/Hecton8/Docs/Lore/AppliedContent/packets/RS056_NATIVE_LOCALIZATION_REVIEW_PACK.packets.json
RS056_NATIVE_LOCALIZATION_REVIEW_PACK,P280_SUBTITLE_AUDIO_REVIEW_LOCK,ar_SA,field_note,160,1110.2,535.08,106.68,560.0,3,3,1.368,DRAFT_PREFIX_LONG,C:/hades/Hecton8/Docs/Lore/AppliedContent/packets/RS056_NATIVE_LOCALIZATION_REVIEW_PACK.packets.json
RS056_NATIVE_LOCALIZATION_REVIEW_PACK,P280_SUBTITLE_AUDIO_REVIEW_LOCK,id_ID,title,69,628.56,332.64,103.68,360.0,2,1,2.568,TEXT_OVERFLOW_LINES;TEXT_EXPANSION_GT_1_35;DRAFT_PREFIX_LONG,C:/hades/Hecton8/Docs/Lore/AppliedContent/packets/RS056_NATIVE_LOCALIZATION_REVIEW_PACK.packets.json
RS056_NATIVE_LOCALIZATION_REVIEW_PACK,P280_SUBTITLE_AUDIO_REVIEW_LOCK,id_ID,scanner,81,642.56,453.76,92.16,460.0,2,2,2.132,TEXT_EXPANSION_GT_1_35;DRAFT_PREFIX_LONG,C:/hades/Hecton8/Docs/Lore/AppliedContent/packets/RS056_NATIVE_LOCALIZATION_REVIEW_PACK.packets.json
RS056_NATIVE_LOCALIZATION_REVIEW_PACK,P280_SUBTITLE_AUDIO_REVIEW_LOCK,id_ID,terminal,125,954.0,481.5,93.0,520.0,2,2,1.504,TEXT_EXPANSION_GT_1_35;DRAFT_PREFIX_LONG,C:/hades/Hecton8/Docs/Lore/AppliedContent/packets/RS056_NATIVE_LOCALIZATION_REVIEW_PACK.packets.json
RS056_NATIVE_LOCALIZATION_REVIEW_PACK,P280_SUBTITLE_AUDIO_REVIEW_LOCK,id_ID,audio,89,785.52,613.44,103.68,620.0,2,2,1.955,TEXT_EXPANSION_GT_1_35;DRAFT_PREFIX_LONG,C:/hades/Hecton8/Docs/Lore/AppliedContent/packets/RS056_NATIVE_LOCALIZATION_REVIEW_PACK.packets.json
RS056_NATIVE_LOCALIZATION_REVIEW_PACK,P280_SUBTITLE_AUDIO_REVIEW_LOCK,id_ID,in_game_wiki,147,1104.9,589.2,86.4,620.0,2,5,1.407,DRAFT_PREFIX_LONG,C:/hades/Hecton8/Docs/Lore/AppliedContent/packets/RS056_NATIVE_LOCALIZATION_REVIEW_PACK.packets.json
RS056_NATIVE_LOCALIZATION_REVIEW_PACK,P280_SUBTITLE_AUDIO_REVIEW_LOCK,id_ID,external_site,154,1253.12,670.08,92.16,680.0,2,4,1.374,DRAFT_PREFIX_LONG,C:/hades/Hecton8/Docs/Lore/AppliedContent/packets/RS056_NATIVE_LOCALIZATION_REVIEW_PACK.packets.json
RS056_NATIVE_LOCALIZATION_REVIEW_PACK,P280_SUBTITLE_AUDIO_REVIEW_LOCK,id_ID,field_note,160,1110.2,535.08,106.68,560.0,3,3,1.368,DRAFT_PREFIX_LONG,C:/hades/Hecton8/Docs/Lore/AppliedContent/packets/RS056_NATIVE_LOCALIZATION_REVIEW_PACK.packets.json
RS056_NATIVE_LOCALIZATION_REVIEW_PACK,P280_SUBTITLE_AUDIO_REVIEW_LOCK,ko_KR,title,69,628.56,332.64,103.68,360.0,2,1,2.568,TEXT_OVERFLOW_LINES;TEXT_EXPANSION_GT_1_35;DRAFT_PREFIX_LONG,C:/hades/Hecton8/Docs/Lore/AppliedContent/packets/RS056_NATIVE_LOCALIZATION_REVIEW_PACK.packets.json
RS056_NATIVE_LOCALIZATION_REVIEW_PACK,P280_SUBTITLE_AUDIO_REVIEW_LOCK,ko_KR,scanner,81,642.56,453.76,92.16,460.0,2,2,2.132,TEXT_EXPANSION_GT_1_35;DRAFT_PREFIX_LONG,C:/hades/Hecton8/Docs/Lore/AppliedContent/packets/RS056_NATIVE_LOCALIZATION_REVIEW_PACK.packets.json
RS056_NATIVE_LOCALIZATION_REVIEW_PACK,P280_SUBTITLE_AUDIO_REVIEW_LOCK,ko_KR,terminal,125,954.0,481.5,93.0,520.0,2,2,1.504,TEXT_EXPANSION_GT_1_35;DRAFT_PREFIX_LONG,C:/hades/Hecton8/Docs/Lore/AppliedContent/packets/RS056_NATIVE_LOCALIZATION_REVIEW_PACK.packets.json
RS056_NATIVE_LOCALIZATION_REVIEW_PACK,P280_SUBTITLE_AUDIO_REVIEW_LOCK,ko_KR,audio,89,785.52,613.44,103.68,620.0,2,2,1.955,TEXT_EXPANSION_GT_1_35;DRAFT_PREFIX_LONG,C:/hades/Hecton8/Docs/Lore/AppliedContent/packets/RS056_NATIVE_LOCALIZATION_REVIEW_PACK.packets.json
RS056_NATIVE_LOCALIZATION_REVIEW_PACK,P280_SUBTITLE_AUDIO_REVIEW_LOCK,ko_KR,in_game_wiki,147,1104.9,589.2,86.4,620.0,2,5,1.407,DRAFT_PREFIX_LONG,C:/hades/Hecton8/Docs/Lore/AppliedContent/packets/RS056_NATIVE_LOCALIZATION_REVIEW_PACK.packets.json
RS056_NATIVE_LOCALIZATION_REVIEW_PACK,P280_SUBTITLE_AUDIO_REVIEW_LOCK,ko_KR,external_site,154,1253.12,670.08,92.16,680.0,2,4,1.374,DRAFT_PREFIX_LONG,C:/hades/Hecton8/Docs/Lore/AppliedContent/packets/RS056_NATIVE_LOCALIZATION_REVIEW_PACK.packets.json
RS056_NATIVE_LOCALIZATION_REVIEW_PACK,P280_SUBTITLE_AUDIO_REVIEW_LOCK,ko_KR,field_note,160,1110.2,535.08,106.68,560.0,3,3,1.368,DRAFT_PREFIX_LONG,C:/hades/Hecton8/Docs/Lore/AppliedContent/packets/RS056_NATIVE_LOCALIZATION_REVIEW_PACK.packets.json
RS056_NATIVE_LOCALIZATION_REVIEW_PACK,P280_SUBTITLE_AUDIO_REVIEW_LOCK,he_IL,title,69,628.56,332.64,103.68,360.0,2,1,2.568,TEXT_OVERFLOW_LINES;TEXT_EXPANSION_GT_1_35;DRAFT_PREFIX_LONG,C:/hades/Hecton8/Docs/Lore/AppliedContent/packets/RS056_NATIVE_LOCALIZATION_REVIEW_PACK.packets.json
RS056_NATIVE_LOCALIZATION_REVIEW_PACK,P280_SUBTITLE_AUDIO_REVIEW_LOCK,he_IL,scanner,81,642.56,453.76,92.16,460.0,2,2,2.132,TEXT_EXPANSION_GT_1_35;DRAFT_PREFIX_LONG,C:/hades/Hecton8/Docs/Lore/AppliedContent/packets/RS056_NATIVE_LOCALIZATION_REVIEW_PACK.packets.json
RS056_NATIVE_LOCALIZATION_REVIEW_PACK,P280_SUBTITLE_AUDIO_REVIEW_LOCK,he_IL,terminal,125,954.0,481.5,93.0,520.0,2,2,1.504,TEXT_EXPANSION_GT_1_35;DRAFT_PREFIX_LONG,C:/hades/Hecton8/Docs/Lore/AppliedContent/packets/RS056_NATIVE_LOCALIZATION_REVIEW_PACK.packets.json
RS056_NATIVE_LOCALIZATION_REVIEW_PACK,P280_SUBTITLE_AUDIO_REVIEW_LOCK,he_IL,audio,89,785.52,613.44,103.68,620.0,2,2,1.955,TEXT_EXPANSION_GT_1_35;DRAFT_PREFIX_LONG,C:/hades/Hecton8/Docs/Lore/AppliedContent/packets/RS056_NATIVE_LOCALIZATION_REVIEW_PACK.packets.json
RS056_NATIVE_LOCALIZATION_REVIEW_PACK,P280_SUBTITLE_AUDIO_REVIEW_LOCK,he_IL,in_game_wiki,147,1104.9,589.2,86.4,620.0,2,5,1.407,DRAFT_PREFIX_LONG,C:/hades/Hecton8/Docs/Lore/AppliedContent/packets/RS056_NATIVE_LOCALIZATION_REVIEW_PACK.packets.json
RS056_NATIVE_LOCALIZATION_REVIEW_PACK,P280_SUBTITLE_AUDIO_REVIEW_LOCK,he_IL,external_site,154,1253.12,670.08,92.16,680.0,2,4,1.374,DRAFT_PREFIX_LONG,C:/hades/Hecton8/Docs/Lore/AppliedContent/packets/RS056_NATIVE_LOCALIZATION_REVIEW_PACK.packets.json
RS056_NATIVE_LOCALIZATION_REVIEW_PACK,P280_SUBTITLE_AUDIO_REVIEW_LOCK,he_IL,field_note,160,1110.2,535.08,106.68,560.0,3,3,1.368,DRAFT_PREFIX_LONG,C:/hades/Hecton8/Docs/Lore/AppliedContent/packets/RS056_NATIVE_LOCALIZATION_REVIEW_PACK.packets.json
RS056_NATIVE_LOCALIZATION_REVIEW_PACK,P280_SUBTITLE_AUDIO_REVIEW_LOCK,pt_BR,title,72,658.44,362.52,103.68,360.0,2,1,2.69,TEXT_OVERFLOW_LINES;TEXT_EXPANSION_GT_1_35,C:/hades/Hecton8/Docs/Lore/AppliedContent/packets/RS056_NATIVE_LOCALIZATION_REVIEW_PACK.packets.json
RS056_NATIVE_LOCALIZATION_REVIEW_PACK,P280_SUBTITLE_AUDIO_REVIEW_LOCK,pt_BR,scanner,84,669.12,448.0,92.16,460.0,2,2,2.22,TEXT_EXPANSION_GT_1_35,C:/hades/Hecton8/Docs/Lore/AppliedContent/packets/RS056_NATIVE_LOCALIZATION_REVIEW_PACK.packets.json
RS056_NATIVE_LOCALIZATION_REVIEW_PACK,P280_SUBTITLE_AUDIO_REVIEW_LOCK,pt_BR,terminal,128,978.9,497.4,93.0,520.0,2,2,1.544,TEXT_EXPANSION_GT_1_35,C:/hades/Hecton8/Docs/Lore/AppliedContent/packets/RS056_NATIVE_LOCALIZATION_REVIEW_PACK.packets.json
RS056_NATIVE_LOCALIZATION_REVIEW_PACK,P280_SUBTITLE_AUDIO_REVIEW_LOCK,pt_BR,audio,92,815.4,606.96,103.68,620.0,2,2,2.03,TEXT_EXPANSION_GT_1_35,C:/hades/Hecton8/Docs/Lore/AppliedContent/packets/RS056_NATIVE_LOCALIZATION_REVIEW_PACK.packets.json
RS056_NATIVE_LOCALIZATION_REVIEW_PACK,P280_SUBTITLE_AUDIO_REVIEW_LOCK,pt_BR,in_game_wiki,150,1129.8,614.1,86.4,620.0,2,5,1.439,,C:/hades/Hecton8/Docs/Lore/AppliedContent/packets/RS056_NATIVE_LOCALIZATION_REVIEW_PACK.packets.json
RS056_NATIVE_LOCALIZATION_REVIEW_PACK,P280_SUBTITLE_AUDIO_REVIEW_LOCK,pt_BR,external_site,157,1279.68,660.16,92.16,680.0,2,4,1.403,,C:/hades/Hecton8/Docs/Lore/AppliedContent/packets/RS056_NATIVE_LOCALIZATION_REVIEW_PACK.packets.json
RS056_NATIVE_LOCALIZATION_REVIEW_PACK,P280_SUBTITLE_AUDIO_REVIEW_LOCK,pt_BR,field_note,163,1133.44,558.32,106.68,560.0,3,3,1.396,,C:/hades/Hecton8/Docs/Lore/AppliedContent/packets/RS056_NATIVE_LOCALIZATION_REVIEW_PACK.packets.json
RS056_NATIVE_LOCALIZATION_REVIEW_PACK,P280_SUBTITLE_AUDIO_REVIEW_LOCK,nl_NL,title,69,628.56,332.64,103.68,360.0,2,1,2.568,TEXT_OVERFLOW_LINES;TEXT_EXPANSION_GT_1_35;DRAFT_PREFIX_LONG,C:/hades/Hecton8/Docs/Lore/AppliedContent/packets/RS056_NATIVE_LOCALIZATION_REVIEW_PACK.packets.json
RS056_NATIVE_LOCALIZATION_REVIEW_PACK,P280_SUBTITLE_AUDIO_REVIEW_LOCK,nl_NL,scanner,81,642.56,453.76,92.16,460.0,2,2,2.132,TEXT_EXPANSION_GT_1_35;DRAFT_PREFIX_LONG,C:/hades/Hecton8/Docs/Lore/AppliedContent/packets/RS056_NATIVE_LOCALIZATION_REVIEW_PACK.packets.json
RS056_NATIVE_LOCALIZATION_REVIEW_PACK,P280_SUBTITLE_AUDIO_REVIEW_LOCK,nl_NL,terminal,125,954.0,481.5,93.0,520.0,2,2,1.504,TEXT_EXPANSION_GT_1_35;DRAFT_PREFIX_LONG,C:/hades/Hecton8/Docs/Lore/AppliedContent/packets/RS056_NATIVE_LOCALIZATION_REVIEW_PACK.packets.json
RS056_NATIVE_LOCALIZATION_REVIEW_PACK,P280_SUBTITLE_AUDIO_REVIEW_LOCK,nl_NL,audio,89,785.52,613.44,103.68,620.0,2,2,1.955,TEXT_EXPANSION_GT_1_35;DRAFT_PREFIX_LONG,C:/hades/Hecton8/Docs/Lore/AppliedContent/packets/RS056_NATIVE_LOCALIZATION_REVIEW_PACK.packets.json
RS056_NATIVE_LOCALIZATION_REVIEW_PACK,P280_SUBTITLE_AUDIO_REVIEW_LOCK,nl_NL,in_game_wiki,147,1104.9,589.2,86.4,620.0,2,5,1.407,DRAFT_PREFIX_LONG,C:/hades/Hecton8/Docs/Lore/AppliedContent/packets/RS056_NATIVE_LOCALIZATION_REVIEW_PACK.packets.json
RS056_NATIVE_LOCALIZATION_REVIEW_PACK,P280_SUBTITLE_AUDIO_REVIEW_LOCK,nl_NL,external_site,154,1253.12,670.08,92.16,680.0,2,4,1.374,DRAFT_PREFIX_LONG,C:/hades/Hecton8/Docs/Lore/AppliedContent/packets/RS056_NATIVE_LOCALIZATION_REVIEW_PACK.packets.json
RS056_NATIVE_LOCALIZATION_REVIEW_PACK,P280_SUBTITLE_AUDIO_REVIEW_LOCK,nl_NL,field_note,160,1110.2,535.08,106.68,560.0,3,3,1.368,DRAFT_PREFIX_LONG,C:/hades/Hecton8/Docs/Lore/AppliedContent/packets/RS056_NATIVE_LOCALIZATION_REVIEW_PACK.packets.json
