release_set_id,packet_id,locale,field,chars,estimated_px,max_line_px,max_word_px,bound_px,lines,max_lines,expansion_vs_en,issues,source
RS081_COLONY_ANCHOR_WORKER_DOSSIERS,P401_MARA_VENN_PUMP_CHIEF_DOSSIER,en_US,title,28,271.44,271.44,68.04,360.0,1,1,1.0,,C:/hades/Hecton8/Docs/Lore/AppliedContent/packets/RS081_COLONY_ANCHOR_WORKER_DOSSIERS.packets.json
RS081_COLONY_ANCHOR_WORKER_DOSSIERS,P401_MARA_VENN_PUMP_CHIEF_DOSSIER,en_US,scanner,84,698.56,453.12,66.88,460.0,2,2,1.0,,C:/hades/Hecton8/Docs/Lore/AppliedContent/packets/RS081_COLONY_ANCHOR_WORKER_DOSSIERS.packets.json
RS081_COLONY_ANCHOR_WORKER_DOSSIERS,P401_MARA_VENN_PUMP_CHIEF_DOSSIER,en_US,terminal,162,1263.9,508.5,88.8,520.0,3,2,1.0,TEXT_OVERFLOW_LINES,C:/hades/Hecton8/Docs/Lore/AppliedContent/packets/RS081_COLONY_ANCHOR_WORKER_DOSSIERS.packets.json
RS081_COLONY_ANCHOR_WORKER_DOSSIERS,P401_MARA_VENN_PUMP_CHIEF_DOSSIER,en_US,audio,84,772.2,624.24,80.64,620.0,2,2,1.0,,C:/hades/Hecton8/Docs/Lore/AppliedContent/packets/RS081_COLONY_ANCHOR_WORKER_DOSSIERS.packets.json
RS081_COLONY_ANCHOR_WORKER_DOSSIERS,P401_MARA_VENN_PUMP_CHIEF_DOSSIER,en_US,in_game_wiki,169,1280.7,615.6,75.6,620.0,3,5,1.0,,C:/hades/Hecton8/Docs/Lore/AppliedContent/packets/RS081_COLONY_ANCHOR_WORKER_DOSSIERS.packets.json
RS081_COLONY_ANCHOR_WORKER_DOSSIERS,P401_MARA_VENN_PUMP_CHIEF_DOSSIER,en_US,external_site,104,882.56,670.72,97.92,680.0,2,4,1.0,,C:/hades/Hecton8/Docs/Lore/AppliedContent/packets/RS081_COLONY_ANCHOR_WORKER_DOSSIERS.packets.json
RS081_COLONY_ANCHOR_WORKER_DOSSIERS,P401_MARA_VENN_PUMP_CHIEF_DOSSIER,en_US,field_note,63,443.52,443.52,74.76,560.0,1,3,1.0,,C:/hades/Hecton8/Docs/Lore/AppliedContent/packets/RS081_COLONY_ANCHOR_WORKER_DOSSIERS.packets.json
RS081_COLONY_ANCHOR_WORKER_DOSSIERS,P401_MARA_VENN_PUMP_CHIEF_DOSSIER,ru_RU,title,35,345.6,345.6,104.4,360.0,1,1,1.273,,C:/hades/Hecton8/Docs/Lore/AppliedContent/packets/RS081_COLONY_ANCHOR_WORKER_DOSSIERS.packets.json
RS081_COLONY_ANCHOR_WORKER_DOSSIERS,P401_MARA_VENN_PUMP_CHIEF_DOSSIER,ru_RU,scanner,90,772.48,407.04,87.68,460.0,2,2,1.106,,C:/hades/Hecton8/Docs/Lore/AppliedContent/packets/RS081_COLONY_ANCHOR_WORKER_DOSSIERS.packets.json
RS081_COLONY_ANCHOR_WORKER_DOSSIERS,P401_MARA_VENN_PUMP_CHIEF_DOSSIER,ru_RU,terminal,148,1208.1,516.6,90.9,520.0,3,2,0.956,TEXT_OVERFLOW_LINES,C:/hades/Hecton8/Docs/Lore/AppliedContent/packets/RS081_COLONY_ANCHOR_WORKER_DOSSIERS.packets.json
RS081_COLONY_ANCHOR_WORKER_DOSSIERS,P401_MARA_VENN_PUMP_CHIEF_DOSSIER,ru_RU,audio,78,751.68,584.28,93.96,620.0,2,2,0.973,,C:/hades/Hecton8/Docs/Lore/AppliedContent/packets/RS081_COLONY_ANCHOR_WORKER_DOSSIERS.packets.json
RS081_COLONY_ANCHOR_WORKER_DOSSIERS,P401_MARA_VENN_PUMP_CHIEF_DOSSIER,ru_RU,in_game_wiki,146,1180.5,592.2,104.4,620.0,2,5,0.922,,C:/hades/Hecton8/Docs/Lore/AppliedContent/packets/RS081_COLONY_ANCHOR_WORKER_DOSSIERS.packets.json
RS081_COLONY_ANCHOR_WORKER_DOSSIERS,P401_MARA_VENN_PUMP_CHIEF_DOSSIER,ru_RU,external_site,104,892.48,654.4,102.08,680.0,2,4,1.011,,C:/hades/Hecton8/Docs/Lore/AppliedContent/packets/RS081_COLONY_ANCHOR_WORKER_DOSSIERS.packets.json
RS081_COLONY_ANCHOR_WORKER_DOSSIERS,P401_MARA_VENN_PUMP_CHIEF_DOSSIER,ru_RU,field_note,60,452.2,452.2,89.32,560.0,1,3,1.02,,C:/hades/Hecton8/Docs/Lore/AppliedContent/packets/RS081_COLONY_ANCHOR_WORKER_DOSSIERS.packets.json
RS081_COLONY_ANCHOR_WORKER_DOSSIERS,P401_MARA_VENN_PUMP_CHIEF_DOSSIER,ja_JP,title,41,401.4,333.36,68.04,360.0,2,1,1.479,TEXT_OVERFLOW_LINES;TEXT_EXPANSION_GT_1_35,C:/hades/Hecton8/Docs/Lore/AppliedContent/packets/RS081_COLONY_ANCHOR_WORKER_DOSSIERS.packets.json
RS081_COLONY_ANCHOR_WORKER_DOSSIERS,P401_MARA_VENN_PUMP_CHIEF_DOSSIER,ja_JP,scanner,97,814.08,454.08,66.88,460.0,2,2,1.165,,C:/hades/Hecton8/Docs/Lore/AppliedContent/packets/RS081_COLONY_ANCHOR_WORKER_DOSSIERS.packets.json
RS081_COLONY_ANCHOR_WORKER_DOSSIERS,P401_MARA_VENN_PUMP_CHIEF_DOSSIER,ja_JP,terminal,175,1372.2,518.7,88.8,520.0,3,2,1.086,TEXT_OVERFLOW_LINES,C:/hades/Hecton8/Docs/Lore/AppliedContent/packets/RS081_COLONY_ANCHOR_WORKER_DOSSIERS.packets.json
RS081_COLONY_ANCHOR_WORKER_DOSSIERS,P401_MARA_VENN_PUMP_CHIEF_DOSSIER,ja_JP,audio,97,902.16,625.32,80.64,620.0,2,2,1.168,,C:/hades/Hecton8/Docs/Lore/AppliedContent/packets/RS081_COLONY_ANCHOR_WORKER_DOSSIERS.packets.json
RS081_COLONY_ANCHOR_WORKER_DOSSIERS,P401_MARA_VENN_PUMP_CHIEF_DOSSIER,ja_JP,in_game_wiki,182,1389.0,603.0,75.6,620.0,3,5,1.085,,C:/hades/Hecton8/Docs/Lore/AppliedContent/packets/RS081_COLONY_ANCHOR_WORKER_DOSSIERS.packets.json
RS081_COLONY_ANCHOR_WORKER_DOSSIERS,P401_MARA_VENN_PUMP_CHIEF_DOSSIER,ja_JP,external_site,117,998.08,614.72,97.92,680.0,2,4,1.131,,C:/hades/Hecton8/Docs/Lore/AppliedContent/packets/RS081_COLONY_ANCHOR_WORKER_DOSSIERS.packets.json
RS081_COLONY_ANCHOR_WORKER_DOSSIERS,P401_MARA_VENN_PUMP_CHIEF_DOSSIER,ja_JP,field_note,76,544.6,544.6,74.76,560.0,1,3,1.228,,C:/hades/Hecton8/Docs/Lore/AppliedContent/packets/RS081_COLONY_ANCHOR_WORKER_DOSSIERS.packets.json
RS081_COLONY_ANCHOR_WORKER_DOSSIERS,P401_MARA_VENN_PUMP_CHIEF_DOSSIER,zh_CN,title,41,401.4,333.36,68.04,360.0,2,1,1.479,TEXT_OVERFLOW_LINES;TEXT_EXPANSION_GT_1_35,C:/hades/Hecton8/Docs/Lore/AppliedContent/packets/RS081_COLONY_ANCHOR_WORKER_DOSSIERS.packets.json
RS081_COLONY_ANCHOR_WORKER_DOSSIERS,P401_MARA_VENN_PUMP_CHIEF_DOSSIER,zh_CN,scanner,97,814.08,454.08,66.88,460.0,2,2,1.165,,C:/hades/Hecton8/Docs/Lore/AppliedContent/packets/RS081_COLONY_ANCHOR_WORKER_DOSSIERS.packets.json
RS081_COLONY_ANCHOR_WORKER_DOSSIERS,P401_MARA_VENN_PUMP_CHIEF_DOSSIER,zh_CN,terminal,175,1372.2,518.7,88.8,520.0,3,2,1.086,TEXT_OVERFLOW_LINES,C:/hades/Hecton8/Docs/Lore/AppliedContent/packets/RS081_COLONY_ANCHOR_WORKER_DOSSIERS.packets.json
RS081_COLONY_ANCHOR_WORKER_DOSSIERS,P401_MARA_VENN_PUMP_CHIEF_DOSSIER,zh_CN,audio,97,902.16,625.32,80.64,620.0,2,2,1.168,,C:/hades/Hecton8/Docs/Lore/AppliedContent/packets/RS081_COLONY_ANCHOR_WORKER_DOSSIERS.packets.json
RS081_COLONY_ANCHOR_WORKER_DOSSIERS,P401_MARA_VENN_PUMP_CHIEF_DOSSIER,zh_CN,in_game_wiki,182,1389.0,603.0,75.6,620.0,3,5,1.085,,C:/hades/Hecton8/Docs/Lore/AppliedContent/packets/RS081_COLONY_ANCHOR_WORKER_DOSSIERS.packets.json
RS081_COLONY_ANCHOR_WORKER_DOSSIERS,P401_MARA_VENN_PUMP_CHIEF_DOSSIER,zh_CN,external_site,117,998.08,614.72,97.92,680.0,2,4,1.131,,C:/hades/Hecton8/Docs/Lore/AppliedContent/packets/RS081_COLONY_ANCHOR_WORKER_DOSSIERS.packets.json
RS081_COLONY_ANCHOR_WORKER_DOSSIERS,P401_MARA_VENN_PUMP_CHIEF_DOSSIER,zh_CN,field_note,76,544.6,544.6,74.76,560.0,1,3,1.228,,C:/hades/Hecton8/Docs/Lore/AppliedContent/packets/RS081_COLONY_ANCHOR_WORKER_DOSSIERS.packets.json
RS081_COLONY_ANCHOR_WORKER_DOSSIERS,P401_MARA_VENN_PUMP_CHIEF_DOSSIER,fr_FR,title,41,401.4,333.36,68.04,360.0,2,1,1.479,TEXT_OVERFLOW_LINES;TEXT_EXPANSION_GT_1_35,C:/hades/Hecton8/Docs/Lore/AppliedContent/packets/RS081_COLONY_ANCHOR_WORKER_DOSSIERS.packets.json
RS081_COLONY_ANCHOR_WORKER_DOSSIERS,P401_MARA_VENN_PUMP_CHIEF_DOSSIER,fr_FR,scanner,97,814.08,454.08,66.88,460.0,2,2,1.165,,C:/hades/Hecton8/Docs/Lore/AppliedContent/packets/RS081_COLONY_ANCHOR_WORKER_DOSSIERS.packets.json
RS081_COLONY_ANCHOR_WORKER_DOSSIERS,P401_MARA_VENN_PUMP_CHIEF_DOSSIER,fr_FR,terminal,175,1372.2,518.7,88.8,520.0,3,2,1.086,TEXT_OVERFLOW_LINES,C:/hades/Hecton8/Docs/Lore/AppliedContent/packets/RS081_COLONY_ANCHOR_WORKER_DOSSIERS.packets.json
RS081_COLONY_ANCHOR_WORKER_DOSSIERS,P401_MARA_VENN_PUMP_CHIEF_DOSSIER,fr_FR,audio,97,902.16,625.32,80.64,620.0,2,2,1.168,,C:/hades/Hecton8/Docs/Lore/AppliedContent/packets/RS081_COLONY_ANCHOR_WORKER_DOSSIERS.packets.json
RS081_COLONY_ANCHOR_WORKER_DOSSIERS,P401_MARA_VENN_PUMP_CHIEF_DOSSIER,fr_FR,in_game_wiki,182,1389.0,603.0,75.6,620.0,3,5,1.085,,C:/hades/Hecton8/Docs/Lore/AppliedContent/packets/RS081_COLONY_ANCHOR_WORKER_DOSSIERS.packets.json
RS081_COLONY_ANCHOR_WORKER_DOSSIERS,P401_MARA_VENN_PUMP_CHIEF_DOSSIER,fr_FR,external_site,117,998.08,614.72,97.92,680.0,2,4,1.131,,C:/hades/Hecton8/Docs/Lore/AppliedContent/packets/RS081_COLONY_ANCHOR_WORKER_DOSSIERS.packets.json
RS081_COLONY_ANCHOR_WORKER_DOSSIERS,P401_MARA_VENN_PUMP_CHIEF_DOSSIER,fr_FR,field_note,76,544.6,544.6,74.76,560.0,1,3,1.228,,C:/hades/Hecton8/Docs/Lore/AppliedContent/packets/RS081_COLONY_ANCHOR_WORKER_DOSSIERS.packets.json
RS081_COLONY_ANCHOR_WORKER_DOSSIERS,P401_MARA_VENN_PUMP_CHIEF_DOSSIER,es_ES,title,41,401.4,333.36,68.04,360.0,2,1,1.479,TEXT_OVERFLOW_LINES;TEXT_EXPANSION_GT_1_35,C:/hades/Hecton8/Docs/Lore/AppliedContent/packets/RS081_COLONY_ANCHOR_WORKER_DOSSIERS.packets.json
RS081_COLONY_ANCHOR_WORKER_DOSSIERS,P401_MARA_VENN_PUMP_CHIEF_DOSSIER,es_ES,scanner,97,814.08,454.08,66.88,460.0,2,2,1.165,,C:/hades/Hecton8/Docs/Lore/AppliedContent/packets/RS081_COLONY_ANCHOR_WORKER_DOSSIERS.packets.json
RS081_COLONY_ANCHOR_WORKER_DOSSIERS,P401_MARA_VENN_PUMP_CHIEF_DOSSIER,es_ES,terminal,175,1372.2,518.7,88.8,520.0,3,2,1.086,TEXT_OVERFLOW_LINES,C:/hades/Hecton8/Docs/Lore/AppliedContent/packets/RS081_COLONY_ANCHOR_WORKER_DOSSIERS.packets.json
RS081_COLONY_ANCHOR_WORKER_DOSSIERS,P401_MARA_VENN_PUMP_CHIEF_DOSSIER,es_ES,audio,97,902.16,625.32,80.64,620.0,2,2,1.168,,C:/hades/Hecton8/Docs/Lore/AppliedContent/packets/RS081_COLONY_ANCHOR_WORKER_DOSSIERS.packets.json
RS081_COLONY_ANCHOR_WORKER_DOSSIERS,P401_MARA_VENN_PUMP_CHIEF_DOSSIER,es_ES,in_game_wiki,182,1389.0,603.0,75.6,620.0,3,5,1.085,,C:/hades/Hecton8/Docs/Lore/AppliedContent/packets/RS081_COLONY_ANCHOR_WORKER_DOSSIERS.packets.json
RS081_COLONY_ANCHOR_WORKER_DOSSIERS,P401_MARA_VENN_PUMP_CHIEF_DOSSIER,es_ES,external_site,117,998.08,614.72,97.92,680.0,2,4,1.131,,C:/hades/Hecton8/Docs/Lore/AppliedContent/packets/RS081_COLONY_ANCHOR_WORKER_DOSSIERS.packets.json
RS081_COLONY_ANCHOR_WORKER_DOSSIERS,P401_MARA_VENN_PUMP_CHIEF_DOSSIER,es_ES,field_note,76,544.6,544.6,74.76,560.0,1,3,1.228,,C:/hades/Hecton8/Docs/Lore/AppliedContent/packets/RS081_COLONY_ANCHOR_WORKER_DOSSIERS.packets.json
RS081_COLONY_ANCHOR_WORKER_DOSSIERS,P401_MARA_VENN_PUMP_CHIEF_DOSSIER,de_DE,title,41,401.4,333.36,68.04,360.0,2,1,1.479,TEXT_OVERFLOW_LINES;TEXT_EXPANSION_GT_1_35,C:/hades/Hecton8/Docs/Lore/AppliedContent/packets/RS081_COLONY_ANCHOR_WORKER_DOSSIERS.packets.json
RS081_COLONY_ANCHOR_WORKER_DOSSIERS,P401_MARA_VENN_PUMP_CHIEF_DOSSIER,de_DE,scanner,97,814.08,454.08,66.88,460.0,2,2,1.165,,C:/hades/Hecton8/Docs/Lore/AppliedContent/packets/RS081_COLONY_ANCHOR_WORKER_DOSSIERS.packets.json
RS081_COLONY_ANCHOR_WORKER_DOSSIERS,P401_MARA_VENN_PUMP_CHIEF_DOSSIER,de_DE,terminal,175,1372.2,518.7,88.8,520.0,3,2,1.086,TEXT_OVERFLOW_LINES,C:/hades/Hecton8/Docs/Lore/AppliedContent/packets/RS081_COLONY_ANCHOR_WORKER_DOSSIERS.packets.json
RS081_COLONY_ANCHOR_WORKER_DOSSIERS,P401_MARA_VENN_PUMP_CHIEF_DOSSIER,de_DE,audio,97,902.16,625.32,80.64,620.0,2,2,1.168,,C:/hades/Hecton8/Docs/Lore/AppliedContent/packets/RS081_COLONY_ANCHOR_WORKER_DOSSIERS.packets.json
RS081_COLONY_ANCHOR_WORKER_DOSSIERS,P401_MARA_VENN_PUMP_CHIEF_DOSSIER,de_DE,in_game_wiki,182,1389.0,603.0,75.6,620.0,3,5,1.085,,C:/hades/Hecton8/Docs/Lore/AppliedContent/packets/RS081_COLONY_ANCHOR_WORKER_DOSSIERS.packets.json
RS081_COLONY_ANCHOR_WORKER_DOSSIERS,P401_MARA_VENN_PUMP_CHIEF_DOSSIER,de_DE,external_site,117,998.08,614.72,97.92,680.0,2,4,1.131,,C:/hades/Hecton8/Docs/Lore/AppliedContent/packets/RS081_COLONY_ANCHOR_WORKER_DOSSIERS.packets.json
RS081_COLONY_ANCHOR_WORKER_DOSSIERS,P401_MARA_VENN_PUMP_CHIEF_DOSSIER,de_DE,field_note,76,544.6,544.6,74.76,560.0,1,3,1.228,,C:/hades/Hecton8/Docs/Lore/AppliedContent/packets/RS081_COLONY_ANCHOR_WORKER_DOSSIERS.packets.json
RS081_COLONY_ANCHOR_WORKER_DOSSIERS,P401_MARA_VENN_PUMP_CHIEF_DOSSIER,pl_PL,title,41,401.4,333.36,68.04,360.0,2,1,1.479,TEXT_OVERFLOW_LINES;TEXT_EXPANSION_GT_1_35,C:/hades/Hecton8/Docs/Lore/AppliedContent/packets/RS081_COLONY_ANCHOR_WORKER_DOSSIERS.packets.json
RS081_COLONY_ANCHOR_WORKER_DOSSIERS,P401_MARA_VENN_PUMP_CHIEF_DOSSIER,pl_PL,scanner,97,814.08,454.08,66.88,460.0,2,2,1.165,,C:/hades/Hecton8/Docs/Lore/AppliedContent/packets/RS081_COLONY_ANCHOR_WORKER_DOSSIERS.packets.json
RS081_COLONY_ANCHOR_WORKER_DOSSIERS,P401_MARA_VENN_PUMP_CHIEF_DOSSIER,pl_PL,terminal,175,1372.2,518.7,88.8,520.0,3,2,1.086,TEXT_OVERFLOW_LINES,C:/hades/Hecton8/Docs/Lore/AppliedContent/packets/RS081_COLONY_ANCHOR_WORKER_DOSSIERS.packets.json
RS081_COLONY_ANCHOR_WORKER_DOSSIERS,P401_MARA_VENN_PUMP_CHIEF_DOSSIER,pl_PL,audio,97,902.16,625.32,80.64,620.0,2,2,1.168,,C:/hades/Hecton8/Docs/Lore/AppliedContent/packets/RS081_COLONY_ANCHOR_WORKER_DOSSIERS.packets.json
RS081_COLONY_ANCHOR_WORKER_DOSSIERS,P401_MARA_VENN_PUMP_CHIEF_DOSSIER,pl_PL,in_game_wiki,182,1389.0,603.0,75.6,620.0,3,5,1.085,,C:/hades/Hecton8/Docs/Lore/AppliedContent/packets/RS081_COLONY_ANCHOR_WORKER_DOSSIERS.packets.json
RS081_COLONY_ANCHOR_WORKER_DOSSIERS,P401_MARA_VENN_PUMP_CHIEF_DOSSIER,pl_PL,external_site,117,998.08,614.72,97.92,680.0,2,4,1.131,,C:/hades/Hecton8/Docs/Lore/AppliedContent/packets/RS081_COLONY_ANCHOR_WORKER_DOSSIERS.packets.json
RS081_COLONY_ANCHOR_WORKER_DOSSIERS,P401_MARA_VENN_PUMP_CHIEF_DOSSIER,pl_PL,field_note,76,544.6,544.6,74.76,560.0,1,3,1.228,,C:/hades/Hecton8/Docs/Lore/AppliedContent/packets/RS081_COLONY_ANCHOR_WORKER_DOSSIERS.packets.json
RS081_COLONY_ANCHOR_WORKER_DOSSIERS,P401_MARA_VENN_PUMP_CHIEF_DOSSIER,uk_UA,title,41,401.4,333.36,68.04,360.0,2,1,1.479,TEXT_OVERFLOW_LINES;TEXT_EXPANSION_GT_1_35,C:/hades/Hecton8/Docs/Lore/AppliedContent/packets/RS081_COLONY_ANCHOR_WORKER_DOSSIERS.packets.json
RS081_COLONY_ANCHOR_WORKER_DOSSIERS,P401_MARA_VENN_PUMP_CHIEF_DOSSIER,uk_UA,scanner,97,814.08,454.08,66.88,460.0,2,2,1.165,,C:/hades/Hecton8/Docs/Lore/AppliedContent/packets/RS081_COLONY_ANCHOR_WORKER_DOSSIERS.packets.json
RS081_COLONY_ANCHOR_WORKER_DOSSIERS,P401_MARA_VENN_PUMP_CHIEF_DOSSIER,uk_UA,terminal,175,1372.2,518.7,88.8,520.0,3,2,1.086,TEXT_OVERFLOW_LINES,C:/hades/Hecton8/Docs/Lore/AppliedContent/packets/RS081_COLONY_ANCHOR_WORKER_DOSSIERS.packets.json
RS081_COLONY_ANCHOR_WORKER_DOSSIERS,P401_MARA_VENN_PUMP_CHIEF_DOSSIER,uk_UA,audio,97,902.16,625.32,80.64,620.0,2,2,1.168,,C:/hades/Hecton8/Docs/Lore/AppliedContent/packets/RS081_COLONY_ANCHOR_WORKER_DOSSIERS.packets.json
RS081_COLONY_ANCHOR_WORKER_DOSSIERS,P401_MARA_VENN_PUMP_CHIEF_DOSSIER,uk_UA,in_game_wiki,182,1389.0,603.0,75.6,620.0,3,5,1.085,,C:/hades/Hecton8/Docs/Lore/AppliedContent/packets/RS081_COLONY_ANCHOR_WORKER_DOSSIERS.packets.json
RS081_COLONY_ANCHOR_WORKER_DOSSIERS,P401_MARA_VENN_PUMP_CHIEF_DOSSIER,uk_UA,external_site,117,998.08,614.72,97.92,680.0,2,4,1.131,,C:/hades/Hecton8/Docs/Lore/AppliedContent/packets/RS081_COLONY_ANCHOR_WORKER_DOSSIERS.packets.json
RS081_COLONY_ANCHOR_WORKER_DOSSIERS,P401_MARA_VENN_PUMP_CHIEF_DOSSIER,uk_UA,field_note,76,544.6,544.6,74.76,560.0,1,3,1.228,,C:/hades/Hecton8/Docs/Lore/AppliedContent/packets/RS081_COLONY_ANCHOR_WORKER_DOSSIERS.packets.json
RS081_COLONY_ANCHOR_WORKER_DOSSIERS,P401_MARA_VENN_PUMP_CHIEF_DOSSIER,ar_SA,title,41,401.4,333.36,68.04,360.0,2,1,1.479,TEXT_OVERFLOW_LINES;TEXT_EXPANSION_GT_1_35,C:/hades/Hecton8/Docs/Lore/AppliedContent/packets/RS081_COLONY_ANCHOR_WORKER_DOSSIERS.packets.json
RS081_COLONY_ANCHOR_WORKER_DOSSIERS,P401_MARA_VENN_PUMP_CHIEF_DOSSIER,ar_SA,scanner,97,814.08,454.08,66.88,460.0,2,2,1.165,,C:/hades/Hecton8/Docs/Lore/AppliedContent/packets/RS081_COLONY_ANCHOR_WORKER_DOSSIERS.packets.json
RS081_COLONY_ANCHOR_WORKER_DOSSIERS,P401_MARA_VENN_PUMP_CHIEF_DOSSIER,ar_SA,terminal,175,1372.2,518.7,88.8,520.0,3,2,1.086,TEXT_OVERFLOW_LINES,C:/hades/Hecton8/Docs/Lore/AppliedContent/packets/RS081_COLONY_ANCHOR_WORKER_DOSSIERS.packets.json
RS081_COLONY_ANCHOR_WORKER_DOSSIERS,P401_MARA_VENN_PUMP_CHIEF_DOSSIER,ar_SA,audio,97,902.16,625.32,80.64,620.0,2,2,1.168,,C:/hades/Hecton8/Docs/Lore/AppliedContent/packets/RS081_COLONY_ANCHOR_WORKER_DOSSIERS.packets.json
RS081_COLONY_ANCHOR_WORKER_DOSSIERS,P401_MARA_VENN_PUMP_CHIEF_DOSSIER,ar_SA,in_game_wiki,182,1389.0,603.0,75.6,620.0,3,5,1.085,,C:/hades/Hecton8/Docs/Lore/AppliedContent/packets/RS081_COLONY_ANCHOR_WORKER_DOSSIERS.packets.json
RS081_COLONY_ANCHOR_WORKER_DOSSIERS,P401_MARA_VENN_PUMP_CHIEF_DOSSIER,ar_SA,external_site,117,998.08,614.72,97.92,680.0,2,4,1.131,,C:/hades/Hecton8/Docs/Lore/AppliedContent/packets/RS081_COLONY_ANCHOR_WORKER_DOSSIERS.packets.json
RS081_COLONY_ANCHOR_WORKER_DOSSIERS,P401_MARA_VENN_PUMP_CHIEF_DOSSIER,ar_SA,field_note,76,544.6,544.6,74.76,560.0,1,3,1.228,,C:/hades/Hecton8/Docs/Lore/AppliedContent/packets/RS081_COLONY_ANCHOR_WORKER_DOSSIERS.packets.json
RS081_COLONY_ANCHOR_WORKER_DOSSIERS,P401_MARA_VENN_PUMP_CHIEF_DOSSIER,id_ID,title,41,401.4,333.36,68.04,360.0,2,1,1.479,TEXT_OVERFLOW_LINES;TEXT_EXPANSION_GT_1_35,C:/hades/Hecton8/Docs/Lore/AppliedContent/packets/RS081_COLONY_ANCHOR_WORKER_DOSSIERS.packets.json
RS081_COLONY_ANCHOR_WORKER_DOSSIERS,P401_MARA_VENN_PUMP_CHIEF_DOSSIER,id_ID,scanner,97,814.08,454.08,66.88,460.0,2,2,1.165,,C:/hades/Hecton8/Docs/Lore/AppliedContent/packets/RS081_COLONY_ANCHOR_WORKER_DOSSIERS.packets.json
RS081_COLONY_ANCHOR_WORKER_DOSSIERS,P401_MARA_VENN_PUMP_CHIEF_DOSSIER,id_ID,terminal,175,1372.2,518.7,88.8,520.0,3,2,1.086,TEXT_OVERFLOW_LINES,C:/hades/Hecton8/Docs/Lore/AppliedContent/packets/RS081_COLONY_ANCHOR_WORKER_DOSSIERS.packets.json
RS081_COLONY_ANCHOR_WORKER_DOSSIERS,P401_MARA_VENN_PUMP_CHIEF_DOSSIER,id_ID,audio,97,902.16,625.32,80.64,620.0,2,2,1.168,,C:/hades/Hecton8/Docs/Lore/AppliedContent/packets/RS081_COLONY_ANCHOR_WORKER_DOSSIERS.packets.json
RS081_COLONY_ANCHOR_WORKER_DOSSIERS,P401_MARA_VENN_PUMP_CHIEF_DOSSIER,id_ID,in_game_wiki,182,1389.0,603.0,75.6,620.0,3,5,1.085,,C:/hades/Hecton8/Docs/Lore/AppliedContent/packets/RS081_COLONY_ANCHOR_WORKER_DOSSIERS.packets.json
RS081_COLONY_ANCHOR_WORKER_DOSSIERS,P401_MARA_VENN_PUMP_CHIEF_DOSSIER,id_ID,external_site,117,998.08,614.72,97.92,680.0,2,4,1.131,,C:/hades/Hecton8/Docs/Lore/AppliedContent/packets/RS081_COLONY_ANCHOR_WORKER_DOSSIERS.packets.json
RS081_COLONY_ANCHOR_WORKER_DOSSIERS,P401_MARA_VENN_PUMP_CHIEF_DOSSIER,id_ID,field_note,76,544.6,544.6,74.76,560.0,1,3,1.228,,C:/hades/Hecton8/Docs/Lore/AppliedContent/packets/RS081_COLONY_ANCHOR_WORKER_DOSSIERS.packets.json
RS081_COLONY_ANCHOR_WORKER_DOSSIERS,P401_MARA_VENN_PUMP_CHIEF_DOSSIER,ko_KR,title,41,401.4,333.36,68.04,360.0,2,1,1.479,TEXT_OVERFLOW_LINES;TEXT_EXPANSION_GT_1_35,C:/hades/Hecton8/Docs/Lore/AppliedContent/packets/RS081_COLONY_ANCHOR_WORKER_DOSSIERS.packets.json
RS081_COLONY_ANCHOR_WORKER_DOSSIERS,P401_MARA_VENN_PUMP_CHIEF_DOSSIER,ko_KR,scanner,97,814.08,454.08,66.88,460.0,2,2,1.165,,C:/hades/Hecton8/Docs/Lore/AppliedContent/packets/RS081_COLONY_ANCHOR_WORKER_DOSSIERS.packets.json
RS081_COLONY_ANCHOR_WORKER_DOSSIERS,P401_MARA_VENN_PUMP_CHIEF_DOSSIER,ko_KR,terminal,175,1372.2,518.7,88.8,520.0,3,2,1.086,TEXT_OVERFLOW_LINES,C:/hades/Hecton8/Docs/Lore/AppliedContent/packets/RS081_COLONY_ANCHOR_WORKER_DOSSIERS.packets.json
RS081_COLONY_ANCHOR_WORKER_DOSSIERS,P401_MARA_VENN_PUMP_CHIEF_DOSSIER,ko_KR,audio,97,902.16,625.32,80.64,620.0,2,2,1.168,,C:/hades/Hecton8/Docs/Lore/AppliedContent/packets/RS081_COLONY_ANCHOR_WORKER_DOSSIERS.packets.json
RS081_COLONY_ANCHOR_WORKER_DOSSIERS,P401_MARA_VENN_PUMP_CHIEF_DOSSIER,ko_KR,in_game_wiki,182,1389.0,603.0,75.6,620.0,3,5,1.085,,C:/hades/Hecton8/Docs/Lore/AppliedContent/packets/RS081_COLONY_ANCHOR_WORKER_DOSSIERS.packets.json
RS081_COLONY_ANCHOR_WORKER_DOSSIERS,P401_MARA_VENN_PUMP_CHIEF_DOSSIER,ko_KR,external_site,117,998.08,614.72,97.92,680.0,2,4,1.131,,C:/hades/Hecton8/Docs/Lore/AppliedContent/packets/RS081_COLONY_ANCHOR_WORKER_DOSSIERS.packets.json
RS081_COLONY_ANCHOR_WORKER_DOSSIERS,P401_MARA_VENN_PUMP_CHIEF_DOSSIER,ko_KR,field_note,76,544.6,544.6,74.76,560.0,1,3,1.228,,C:/hades/Hecton8/Docs/Lore/AppliedContent/packets/RS081_COLONY_ANCHOR_WORKER_DOSSIERS.packets.json
RS081_COLONY_ANCHOR_WORKER_DOSSIERS,P401_MARA_VENN_PUMP_CHIEF_DOSSIER,he_IL,title,41,401.4,333.36,68.04,360.0,2,1,1.479,TEXT_OVERFLOW_LINES;TEXT_EXPANSION_GT_1_35,C:/hades/Hecton8/Docs/Lore/AppliedContent/packets/RS081_COLONY_ANCHOR_WORKER_DOSSIERS.packets.json
RS081_COLONY_ANCHOR_WORKER_DOSSIERS,P401_MARA_VENN_PUMP_CHIEF_DOSSIER,he_IL,scanner,97,814.08,454.08,66.88,460.0,2,2,1.165,,C:/hades/Hecton8/Docs/Lore/AppliedContent/packets/RS081_COLONY_ANCHOR_WORKER_DOSSIERS.packets.json
RS081_COLONY_ANCHOR_WORKER_DOSSIERS,P401_MARA_VENN_PUMP_CHIEF_DOSSIER,he_IL,terminal,175,1372.2,518.7,88.8,520.0,3,2,1.086,TEXT_OVERFLOW_LINES,C:/hades/Hecton8/Docs/Lore/AppliedContent/packets/RS081_COLONY_ANCHOR_WORKER_DOSSIERS.packets.json
RS081_COLONY_ANCHOR_WORKER_DOSSIERS,P401_MARA_VENN_PUMP_CHIEF_DOSSIER,he_IL,audio,97,902.16,625.32,80.64,620.0,2,2,1.168,,C:/hades/Hecton8/Docs/Lore/AppliedContent/packets/RS081_COLONY_ANCHOR_WORKER_DOSSIERS.packets.json
RS081_COLONY_ANCHOR_WORKER_DOSSIERS,P401_MARA_VENN_PUMP_CHIEF_DOSSIER,he_IL,in_game_wiki,182,1389.0,603.0,75.6,620.0,3,5,1.085,,C:/hades/Hecton8/Docs/Lore/AppliedContent/packets/RS081_COLONY_ANCHOR_WORKER_DOSSIERS.packets.json
RS081_COLONY_ANCHOR_WORKER_DOSSIERS,P401_MARA_VENN_PUMP_CHIEF_DOSSIER,he_IL,external_site,117,998.08,614.72,97.92,680.0,2,4,1.131,,C:/hades/Hecton8/Docs/Lore/AppliedContent/packets/RS081_COLONY_ANCHOR_WORKER_DOSSIERS.packets.json
RS081_COLONY_ANCHOR_WORKER_DOSSIERS,P401_MARA_VENN_PUMP_CHIEF_DOSSIER,he_IL,field_note,76,544.6,544.6,74.76,560.0,1,3,1.228,,C:/hades/Hecton8/Docs/Lore/AppliedContent/packets/RS081_COLONY_ANCHOR_WORKER_DOSSIERS.packets.json
RS081_COLONY_ANCHOR_WORKER_DOSSIERS,P401_MARA_VENN_PUMP_CHIEF_DOSSIER,pt_BR,title,41,401.4,333.36,68.04,360.0,2,1,1.479,TEXT_OVERFLOW_LINES;TEXT_EXPANSION_GT_1_35,C:/hades/Hecton8/Docs/Lore/AppliedContent/packets/RS081_COLONY_ANCHOR_WORKER_DOSSIERS.packets.json
RS081_COLONY_ANCHOR_WORKER_DOSSIERS,P401_MARA_VENN_PUMP_CHIEF_DOSSIER,pt_BR,scanner,97,814.08,454.08,66.88,460.0,2,2,1.165,,C:/hades/Hecton8/Docs/Lore/AppliedContent/packets/RS081_COLONY_ANCHOR_WORKER_DOSSIERS.packets.json
RS081_COLONY_ANCHOR_WORKER_DOSSIERS,P401_MARA_VENN_PUMP_CHIEF_DOSSIER,pt_BR,terminal,175,1372.2,518.7,88.8,520.0,3,2,1.086,TEXT_OVERFLOW_LINES,C:/hades/Hecton8/Docs/Lore/AppliedContent/packets/RS081_COLONY_ANCHOR_WORKER_DOSSIERS.packets.json
RS081_COLONY_ANCHOR_WORKER_DOSSIERS,P401_MARA_VENN_PUMP_CHIEF_DOSSIER,pt_BR,audio,97,902.16,625.32,80.64,620.0,2,2,1.168,,C:/hades/Hecton8/Docs/Lore/AppliedContent/packets/RS081_COLONY_ANCHOR_WORKER_DOSSIERS.packets.json
RS081_COLONY_ANCHOR_WORKER_DOSSIERS,P401_MARA_VENN_PUMP_CHIEF_DOSSIER,pt_BR,in_game_wiki,182,1389.0,603.0,75.6,620.0,3,5,1.085,,C:/hades/Hecton8/Docs/Lore/AppliedContent/packets/RS081_COLONY_ANCHOR_WORKER_DOSSIERS.packets.json
RS081_COLONY_ANCHOR_WORKER_DOSSIERS,P401_MARA_VENN_PUMP_CHIEF_DOSSIER,pt_BR,external_site,117,998.08,614.72,97.92,680.0,2,4,1.131,,C:/hades/Hecton8/Docs/Lore/AppliedContent/packets/RS081_COLONY_ANCHOR_WORKER_DOSSIERS.packets.json
RS081_COLONY_ANCHOR_WORKER_DOSSIERS,P401_MARA_VENN_PUMP_CHIEF_DOSSIER,pt_BR,field_note,76,544.6,544.6,74.76,560.0,1,3,1.228,,C:/hades/Hecton8/Docs/Lore/AppliedContent/packets/RS081_COLONY_ANCHOR_WORKER_DOSSIERS.packets.json
RS081_COLONY_ANCHOR_WORKER_DOSSIERS,P401_MARA_VENN_PUMP_CHIEF_DOSSIER,nl_NL,title,41,401.4,333.36,68.04,360.0,2,1,1.479,TEXT_OVERFLOW_LINES;TEXT_EXPANSION_GT_1_35,C:/hades/Hecton8/Docs/Lore/AppliedContent/packets/RS081_COLONY_ANCHOR_WORKER_DOSSIERS.packets.json
RS081_COLONY_ANCHOR_WORKER_DOSSIERS,P401_MARA_VENN_PUMP_CHIEF_DOSSIER,nl_NL,scanner,97,814.08,454.08,66.88,460.0,2,2,1.165,,C:/hades/Hecton8/Docs/Lore/AppliedContent/packets/RS081_COLONY_ANCHOR_WORKER_DOSSIERS.packets.json
RS081_COLONY_ANCHOR_WORKER_DOSSIERS,P401_MARA_VENN_PUMP_CHIEF_DOSSIER,nl_NL,terminal,175,1372.2,518.7,88.8,520.0,3,2,1.086,TEXT_OVERFLOW_LINES,C:/hades/Hecton8/Docs/Lore/AppliedContent/packets/RS081_COLONY_ANCHOR_WORKER_DOSSIERS.packets.json
RS081_COLONY_ANCHOR_WORKER_DOSSIERS,P401_MARA_VENN_PUMP_CHIEF_DOSSIER,nl_NL,audio,97,902.16,625.32,80.64,620.0,2,2,1.168,,C:/hades/Hecton8/Docs/Lore/AppliedContent/packets/RS081_COLONY_ANCHOR_WORKER_DOSSIERS.packets.json
RS081_COLONY_ANCHOR_WORKER_DOSSIERS,P401_MARA_VENN_PUMP_CHIEF_DOSSIER,nl_NL,in_game_wiki,182,1389.0,603.0,75.6,620.0,3,5,1.085,,C:/hades/Hecton8/Docs/Lore/AppliedContent/packets/RS081_COLONY_ANCHOR_WORKER_DOSSIERS.packets.json
RS081_COLONY_ANCHOR_WORKER_DOSSIERS,P401_MARA_VENN_PUMP_CHIEF_DOSSIER,nl_NL,external_site,117,998.08,614.72,97.92,680.0,2,4,1.131,,C:/hades/Hecton8/Docs/Lore/AppliedContent/packets/RS081_COLONY_ANCHOR_WORKER_DOSSIERS.packets.json
RS081_COLONY_ANCHOR_WORKER_DOSSIERS,P401_MARA_VENN_PUMP_CHIEF_DOSSIER,nl_NL,field_note,76,544.6,544.6,74.76,560.0,1,3,1.228,,C:/hades/Hecton8/Docs/Lore/AppliedContent/packets/RS081_COLONY_ANCHOR_WORKER_DOSSIERS.packets.json
RS081_COLONY_ANCHOR_WORKER_DOSSIERS,P402_JUNO_KADE_RELAY_NOTARY_DOSSIER,en_US,title,30,286.92,286.92,68.04,360.0,1,1,1.0,,C:/hades/Hecton8/Docs/Lore/AppliedContent/packets/RS081_COLONY_ANCHOR_WORKER_DOSSIERS.packets.json
RS081_COLONY_ANCHOR_WORKER_DOSSIERS,P402_JUNO_KADE_RELAY_NOTARY_DOSSIER,en_US,scanner,85,700.16,450.24,67.84,460.0,2,2,1.0,,C:/hades/Hecton8/Docs/Lore/AppliedContent/packets/RS081_COLONY_ANCHOR_WORKER_DOSSIERS.packets.json
RS081_COLONY_ANCHOR_WORKER_DOSSIERS,P402_JUNO_KADE_RELAY_NOTARY_DOSSIER,en_US,terminal,151,1207.8,518.1,79.8,520.0,3,2,1.0,TEXT_OVERFLOW_LINES,C:/hades/Hecton8/Docs/Lore/AppliedContent/packets/RS081_COLONY_ANCHOR_WORKER_DOSSIERS.packets.json
RS081_COLONY_ANCHOR_WORKER_DOSSIERS,P402_JUNO_KADE_RELAY_NOTARY_DOSSIER,en_US,audio,69,623.16,553.32,82.08,620.0,2,2,1.0,,C:/hades/Hecton8/Docs/Lore/AppliedContent/packets/RS081_COLONY_ANCHOR_WORKER_DOSSIERS.packets.json
RS081_COLONY_ANCHOR_WORKER_DOSSIERS,P402_JUNO_KADE_RELAY_NOTARY_DOSSIER,en_US,in_game_wiki,171,1323.3,609.0,75.9,620.0,3,5,1.0,,C:/hades/Hecton8/Docs/Lore/AppliedContent/packets/RS081_COLONY_ANCHOR_WORKER_DOSSIERS.packets.json
RS081_COLONY_ANCHOR_WORKER_DOSSIERS,P402_JUNO_KADE_RELAY_NOTARY_DOSSIER,en_US,external_site,105,856.0,657.6,117.12,680.0,2,4,1.0,,C:/hades/Hecton8/Docs/Lore/AppliedContent/packets/RS081_COLONY_ANCHOR_WORKER_DOSSIERS.packets.json
RS081_COLONY_ANCHOR_WORKER_DOSSIERS,P402_JUNO_KADE_RELAY_NOTARY_DOSSIER,en_US,field_note,65,456.68,456.68,108.36,560.0,1,3,1.0,,C:/hades/Hecton8/Docs/Lore/AppliedContent/packets/RS081_COLONY_ANCHOR_WORKER_DOSSIERS.packets.json
RS081_COLONY_ANCHOR_WORKER_DOSSIERS,P402_JUNO_KADE_RELAY_NOTARY_DOSSIER,ru_RU,title,38,376.92,282.96,93.96,360.0,2,1,1.314,TEXT_OVERFLOW_LINES,C:/hades/Hecton8/Docs/Lore/AppliedContent/packets/RS081_COLONY_ANCHOR_WORKER_DOSSIERS.packets.json
RS081_COLONY_ANCHOR_WORKER_DOSSIERS,P402_JUNO_KADE_RELAY_NOTARY_DOSSIER,ru_RU,scanner,105,916.8,454.72,124.8,460.0,3,2,1.309,TEXT_OVERFLOW_LINES,C:/hades/Hecton8/Docs/Lore/AppliedContent/packets/RS081_COLONY_ANCHOR_WORKER_DOSSIERS.packets.json
RS081_COLONY_ANCHOR_WORKER_DOSSIERS,P402_JUNO_KADE_RELAY_NOTARY_DOSSIER,ru_RU,terminal,142,1171.2,480.6,104.4,520.0,3,2,0.97,TEXT_OVERFLOW_LINES,C:/hades/Hecton8/Docs/Lore/AppliedContent/packets/RS081_COLONY_ANCHOR_WORKER_DOSSIERS.packets.json
RS081_COLONY_ANCHOR_WORKER_DOSSIERS,P402_JUNO_KADE_RELAY_NOTARY_DOSSIER,ru_RU,audio,71,683.28,588.96,73.08,620.0,2,2,1.096,,C:/hades/Hecton8/Docs/Lore/AppliedContent/packets/RS081_COLONY_ANCHOR_WORKER_DOSSIERS.packets.json
RS081_COLONY_ANCHOR_WORKER_DOSSIERS,P402_JUNO_KADE_RELAY_NOTARY_DOSSIER,ru_RU,in_game_wiki,153,1250.4,605.1,113.1,620.0,3,5,0.945,,C:/hades/Hecton8/Docs/Lore/AppliedContent/packets/RS081_COLONY_ANCHOR_WORKER_DOSSIERS.packets.json
RS081_COLONY_ANCHOR_WORKER_DOSSIERS,P402_JUNO_KADE_RELAY_NOTARY_DOSSIER,ru_RU,external_site,123,1078.08,648.96,124.8,680.0,2,4,1.259,,C:/hades/Hecton8/Docs/Lore/AppliedContent/packets/RS081_COLONY_ANCHOR_WORKER_DOSSIERS.packets.json
RS081_COLONY_ANCHOR_WORKER_DOSSIERS,P402_JUNO_KADE_RELAY_NOTARY_DOSSIER,ru_RU,field_note,73,555.52,555.52,98.28,560.0,1,3,1.216,,C:/hades/Hecton8/Docs/Lore/AppliedContent/packets/RS081_COLONY_ANCHOR_WORKER_DOSSIERS.packets.json
RS081_COLONY_ANCHOR_WORKER_DOSSIERS,P402_JUNO_KADE_RELAY_NOTARY_DOSSIER,ja_JP,title,43,416.88,348.84,68.04,360.0,2,1,1.453,TEXT_OVERFLOW_LINES;TEXT_EXPANSION_GT_1_35,C:/hades/Hecton8/Docs/Lore/AppliedContent/packets/RS081_COLONY_ANCHOR_WORKER_DOSSIERS.packets.json
RS081_COLONY_ANCHOR_WORKER_DOSSIERS,P402_JUNO_KADE_RELAY_NOTARY_DOSSIER,ja_JP,scanner,98,815.68,465.28,67.84,460.0,2,2,1.165,,C:/hades/Hecton8/Docs/Lore/AppliedContent/packets/RS081_COLONY_ANCHOR_WORKER_DOSSIERS.packets.json
RS081_COLONY_ANCHOR_WORKER_DOSSIERS,P402_JUNO_KADE_RELAY_NOTARY_DOSSIER,ja_JP,terminal,164,1316.1,507.3,79.8,520.0,3,2,1.09,TEXT_OVERFLOW_LINES,C:/hades/Hecton8/Docs/Lore/AppliedContent/packets/RS081_COLONY_ANCHOR_WORKER_DOSSIERS.packets.json
RS081_COLONY_ANCHOR_WORKER_DOSSIERS,P402_JUNO_KADE_RELAY_NOTARY_DOSSIER,ja_JP,audio,82,753.12,610.56,82.08,620.0,2,2,1.209,,C:/hades/Hecton8/Docs/Lore/AppliedContent/packets/RS081_COLONY_ANCHOR_WORKER_DOSSIERS.packets.json
RS081_COLONY_ANCHOR_WORKER_DOSSIERS,P402_JUNO_KADE_RELAY_NOTARY_DOSSIER,ja_JP,in_game_wiki,184,1431.6,603.3,75.9,620.0,3,5,1.082,,C:/hades/Hecton8/Docs/Lore/AppliedContent/packets/RS081_COLONY_ANCHOR_WORKER_DOSSIERS.packets.json
RS081_COLONY_ANCHOR_WORKER_DOSSIERS,P402_JUNO_KADE_RELAY_NOTARY_DOSSIER,ja_JP,external_site,118,971.52,654.4,117.12,680.0,2,4,1.135,,C:/hades/Hecton8/Docs/Lore/AppliedContent/packets/RS081_COLONY_ANCHOR_WORKER_DOSSIERS.packets.json
RS081_COLONY_ANCHOR_WORKER_DOSSIERS,P402_JUNO_KADE_RELAY_NOTARY_DOSSIER,ja_JP,field_note,78,557.76,557.76,108.36,560.0,1,3,1.221,,C:/hades/Hecton8/Docs/Lore/AppliedContent/packets/RS081_COLONY_ANCHOR_WORKER_DOSSIERS.packets.json
RS081_COLONY_ANCHOR_WORKER_DOSSIERS,P402_JUNO_KADE_RELAY_NOTARY_DOSSIER,zh_CN,title,43,416.88,348.84,68.04,360.0,2,1,1.453,TEXT_OVERFLOW_LINES;TEXT_EXPANSION_GT_1_35,C:/hades/Hecton8/Docs/Lore/AppliedContent/packets/RS081_COLONY_ANCHOR_WORKER_DOSSIERS.packets.json
RS081_COLONY_ANCHOR_WORKER_DOSSIERS,P402_JUNO_KADE_RELAY_NOTARY_DOSSIER,zh_CN,scanner,98,815.68,465.28,67.84,460.0,2,2,1.165,,C:/hades/Hecton8/Docs/Lore/AppliedContent/packets/RS081_COLONY_ANCHOR_WORKER_DOSSIERS.packets.json
RS081_COLONY_ANCHOR_WORKER_DOSSIERS,P402_JUNO_KADE_RELAY_NOTARY_DOSSIER,zh_CN,terminal,164,1316.1,507.3,79.8,520.0,3,2,1.09,TEXT_OVERFLOW_LINES,C:/hades/Hecton8/Docs/Lore/AppliedContent/packets/RS081_COLONY_ANCHOR_WORKER_DOSSIERS.packets.json
RS081_COLONY_ANCHOR_WORKER_DOSSIERS,P402_JUNO_KADE_RELAY_NOTARY_DOSSIER,zh_CN,audio,82,753.12,610.56,82.08,620.0,2,2,1.209,,C:/hades/Hecton8/Docs/Lore/AppliedContent/packets/RS081_COLONY_ANCHOR_WORKER_DOSSIERS.packets.json
RS081_COLONY_ANCHOR_WORKER_DOSSIERS,P402_JUNO_KADE_RELAY_NOTARY_DOSSIER,zh_CN,in_game_wiki,184,1431.6,603.3,75.9,620.0,3,5,1.082,,C:/hades/Hecton8/Docs/Lore/AppliedContent/packets/RS081_COLONY_ANCHOR_WORKER_DOSSIERS.packets.json
RS081_COLONY_ANCHOR_WORKER_DOSSIERS,P402_JUNO_KADE_RELAY_NOTARY_DOSSIER,zh_CN,external_site,118,971.52,654.4,117.12,680.0,2,4,1.135,,C:/hades/Hecton8/Docs/Lore/AppliedContent/packets/RS081_COLONY_ANCHOR_WORKER_DOSSIERS.packets.json
RS081_COLONY_ANCHOR_WORKER_DOSSIERS,P402_JUNO_KADE_RELAY_NOTARY_DOSSIER,zh_CN,field_note,78,557.76,557.76,108.36,560.0,1,3,1.221,,C:/hades/Hecton8/Docs/Lore/AppliedContent/packets/RS081_COLONY_ANCHOR_WORKER_DOSSIERS.packets.json
RS081_COLONY_ANCHOR_WORKER_DOSSIERS,P402_JUNO_KADE_RELAY_NOTARY_DOSSIER,fr_FR,title,43,416.88,348.84,68.04,360.0,2,1,1.453,TEXT_OVERFLOW_LINES;TEXT_EXPANSION_GT_1_35,C:/hades/Hecton8/Docs/Lore/AppliedContent/packets/RS081_COLONY_ANCHOR_WORKER_DOSSIERS.packets.json
RS081_COLONY_ANCHOR_WORKER_DOSSIERS,P402_JUNO_KADE_RELAY_NOTARY_DOSSIER,fr_FR,scanner,98,815.68,465.28,67.84,460.0,2,2,1.165,,C:/hades/Hecton8/Docs/Lore/AppliedContent/packets/RS081_COLONY_ANCHOR_WORKER_DOSSIERS.packets.json
RS081_COLONY_ANCHOR_WORKER_DOSSIERS,P402_JUNO_KADE_RELAY_NOTARY_DOSSIER,fr_FR,terminal,164,1316.1,507.3,79.8,520.0,3,2,1.09,TEXT_OVERFLOW_LINES,C:/hades/Hecton8/Docs/Lore/AppliedContent/packets/RS081_COLONY_ANCHOR_WORKER_DOSSIERS.packets.json
RS081_COLONY_ANCHOR_WORKER_DOSSIERS,P402_JUNO_KADE_RELAY_NOTARY_DOSSIER,fr_FR,audio,82,753.12,610.56,82.08,620.0,2,2,1.209,,C:/hades/Hecton8/Docs/Lore/AppliedContent/packets/RS081_COLONY_ANCHOR_WORKER_DOSSIERS.packets.json
RS081_COLONY_ANCHOR_WORKER_DOSSIERS,P402_JUNO_KADE_RELAY_NOTARY_DOSSIER,fr_FR,in_game_wiki,184,1431.6,603.3,75.9,620.0,3,5,1.082,,C:/hades/Hecton8/Docs/Lore/AppliedContent/packets/RS081_COLONY_ANCHOR_WORKER_DOSSIERS.packets.json
RS081_COLONY_ANCHOR_WORKER_DOSSIERS,P402_JUNO_KADE_RELAY_NOTARY_DOSSIER,fr_FR,external_site,118,971.52,654.4,117.12,680.0,2,4,1.135,,C:/hades/Hecton8/Docs/Lore/AppliedContent/packets/RS081_COLONY_ANCHOR_WORKER_DOSSIERS.packets.json
RS081_COLONY_ANCHOR_WORKER_DOSSIERS,P402_JUNO_KADE_RELAY_NOTARY_DOSSIER,fr_FR,field_note,78,557.76,557.76,108.36,560.0,1,3,1.221,,C:/hades/Hecton8/Docs/Lore/AppliedContent/packets/RS081_COLONY_ANCHOR_WORKER_DOSSIERS.packets.json
RS081_COLONY_ANCHOR_WORKER_DOSSIERS,P402_JUNO_KADE_RELAY_NOTARY_DOSSIER,es_ES,title,43,416.88,348.84,68.04,360.0,2,1,1.453,TEXT_OVERFLOW_LINES;TEXT_EXPANSION_GT_1_35,C:/hades/Hecton8/Docs/Lore/AppliedContent/packets/RS081_COLONY_ANCHOR_WORKER_DOSSIERS.packets.json
RS081_COLONY_ANCHOR_WORKER_DOSSIERS,P402_JUNO_KADE_RELAY_NOTARY_DOSSIER,es_ES,scanner,98,815.68,465.28,67.84,460.0,2,2,1.165,,C:/hades/Hecton8/Docs/Lore/AppliedContent/packets/RS081_COLONY_ANCHOR_WORKER_DOSSIERS.packets.json
RS081_COLONY_ANCHOR_WORKER_DOSSIERS,P402_JUNO_KADE_RELAY_NOTARY_DOSSIER,es_ES,terminal,164,1316.1,507.3,79.8,520.0,3,2,1.09,TEXT_OVERFLOW_LINES,C:/hades/Hecton8/Docs/Lore/AppliedContent/packets/RS081_COLONY_ANCHOR_WORKER_DOSSIERS.packets.json
RS081_COLONY_ANCHOR_WORKER_DOSSIERS,P402_JUNO_KADE_RELAY_NOTARY_DOSSIER,es_ES,audio,82,753.12,610.56,82.08,620.0,2,2,1.209,,C:/hades/Hecton8/Docs/Lore/AppliedContent/packets/RS081_COLONY_ANCHOR_WORKER_DOSSIERS.packets.json
RS081_COLONY_ANCHOR_WORKER_DOSSIERS,P402_JUNO_KADE_RELAY_NOTARY_DOSSIER,es_ES,in_game_wiki,184,1431.6,603.3,75.9,620.0,3,5,1.082,,C:/hades/Hecton8/Docs/Lore/AppliedContent/packets/RS081_COLONY_ANCHOR_WORKER_DOSSIERS.packets.json
RS081_COLONY_ANCHOR_WORKER_DOSSIERS,P402_JUNO_KADE_RELAY_NOTARY_DOSSIER,es_ES,external_site,118,971.52,654.4,117.12,680.0,2,4,1.135,,C:/hades/Hecton8/Docs/Lore/AppliedContent/packets/RS081_COLONY_ANCHOR_WORKER_DOSSIERS.packets.json
RS081_COLONY_ANCHOR_WORKER_DOSSIERS,P402_JUNO_KADE_RELAY_NOTARY_DOSSIER,es_ES,field_note,78,557.76,557.76,108.36,560.0,1,3,1.221,,C:/hades/Hecton8/Docs/Lore/AppliedContent/packets/RS081_COLONY_ANCHOR_WORKER_DOSSIERS.packets.json
RS081_COLONY_ANCHOR_WORKER_DOSSIERS,P402_JUNO_KADE_RELAY_NOTARY_DOSSIER,de_DE,title,43,416.88,348.84,68.04,360.0,2,1,1.453,TEXT_OVERFLOW_LINES;TEXT_EXPANSION_GT_1_35,C:/hades/Hecton8/Docs/Lore/AppliedContent/packets/RS081_COLONY_ANCHOR_WORKER_DOSSIERS.packets.json
RS081_COLONY_ANCHOR_WORKER_DOSSIERS,P402_JUNO_KADE_RELAY_NOTARY_DOSSIER,de_DE,scanner,98,815.68,465.28,67.84,460.0,2,2,1.165,,C:/hades/Hecton8/Docs/Lore/AppliedContent/packets/RS081_COLONY_ANCHOR_WORKER_DOSSIERS.packets.json
RS081_COLONY_ANCHOR_WORKER_DOSSIERS,P402_JUNO_KADE_RELAY_NOTARY_DOSSIER,de_DE,terminal,164,1316.1,507.3,79.8,520.0,3,2,1.09,TEXT_OVERFLOW_LINES,C:/hades/Hecton8/Docs/Lore/AppliedContent/packets/RS081_COLONY_ANCHOR_WORKER_DOSSIERS.packets.json
RS081_COLONY_ANCHOR_WORKER_DOSSIERS,P402_JUNO_KADE_RELAY_NOTARY_DOSSIER,de_DE,audio,82,753.12,610.56,82.08,620.0,2,2,1.209,,C:/hades/Hecton8/Docs/Lore/AppliedContent/packets/RS081_COLONY_ANCHOR_WORKER_DOSSIERS.packets.json
RS081_COLONY_ANCHOR_WORKER_DOSSIERS,P402_JUNO_KADE_RELAY_NOTARY_DOSSIER,de_DE,in_game_wiki,184,1431.6,603.3,75.9,620.0,3,5,1.082,,C:/hades/Hecton8/Docs/Lore/AppliedContent/packets/RS081_COLONY_ANCHOR_WORKER_DOSSIERS.packets.json
RS081_COLONY_ANCHOR_WORKER_DOSSIERS,P402_JUNO_KADE_RELAY_NOTARY_DOSSIER,de_DE,external_site,118,971.52,654.4,117.12,680.0,2,4,1.135,,C:/hades/Hecton8/Docs/Lore/AppliedContent/packets/RS081_COLONY_ANCHOR_WORKER_DOSSIERS.packets.json
RS081_COLONY_ANCHOR_WORKER_DOSSIERS,P402_JUNO_KADE_RELAY_NOTARY_DOSSIER,de_DE,field_note,78,557.76,557.76,108.36,560.0,1,3,1.221,,C:/hades/Hecton8/Docs/Lore/AppliedContent/packets/RS081_COLONY_ANCHOR_WORKER_DOSSIERS.packets.json
RS081_COLONY_ANCHOR_WORKER_DOSSIERS,P402_JUNO_KADE_RELAY_NOTARY_DOSSIER,pl_PL,title,43,416.88,348.84,68.04,360.0,2,1,1.453,TEXT_OVERFLOW_LINES;TEXT_EXPANSION_GT_1_35,C:/hades/Hecton8/Docs/Lore/AppliedContent/packets/RS081_COLONY_ANCHOR_WORKER_DOSSIERS.packets.json
RS081_COLONY_ANCHOR_WORKER_DOSSIERS,P402_JUNO_KADE_RELAY_NOTARY_DOSSIER,pl_PL,scanner,98,815.68,465.28,67.84,460.0,2,2,1.165,,C:/hades/Hecton8/Docs/Lore/AppliedContent/packets/RS081_COLONY_ANCHOR_WORKER_DOSSIERS.packets.json
RS081_COLONY_ANCHOR_WORKER_DOSSIERS,P402_JUNO_KADE_RELAY_NOTARY_DOSSIER,pl_PL,terminal,164,1316.1,507.3,79.8,520.0,3,2,1.09,TEXT_OVERFLOW_LINES,C:/hades/Hecton8/Docs/Lore/AppliedContent/packets/RS081_COLONY_ANCHOR_WORKER_DOSSIERS.packets.json
RS081_COLONY_ANCHOR_WORKER_DOSSIERS,P402_JUNO_KADE_RELAY_NOTARY_DOSSIER,pl_PL,audio,82,753.12,610.56,82.08,620.0,2,2,1.209,,C:/hades/Hecton8/Docs/Lore/AppliedContent/packets/RS081_COLONY_ANCHOR_WORKER_DOSSIERS.packets.json
RS081_COLONY_ANCHOR_WORKER_DOSSIERS,P402_JUNO_KADE_RELAY_NOTARY_DOSSIER,pl_PL,in_game_wiki,184,1431.6,603.3,75.9,620.0,3,5,1.082,,C:/hades/Hecton8/Docs/Lore/AppliedContent/packets/RS081_COLONY_ANCHOR_WORKER_DOSSIERS.packets.json
RS081_COLONY_ANCHOR_WORKER_DOSSIERS,P402_JUNO_KADE_RELAY_NOTARY_DOSSIER,pl_PL,external_site,118,971.52,654.4,117.12,680.0,2,4,1.135,,C:/hades/Hecton8/Docs/Lore/AppliedContent/packets/RS081_COLONY_ANCHOR_WORKER_DOSSIERS.packets.json
RS081_COLONY_ANCHOR_WORKER_DOSSIERS,P402_JUNO_KADE_RELAY_NOTARY_DOSSIER,pl_PL,field_note,78,557.76,557.76,108.36,560.0,1,3,1.221,,C:/hades/Hecton8/Docs/Lore/AppliedContent/packets/RS081_COLONY_ANCHOR_WORKER_DOSSIERS.packets.json
RS081_COLONY_ANCHOR_WORKER_DOSSIERS,P402_JUNO_KADE_RELAY_NOTARY_DOSSIER,uk_UA,title,43,416.88,348.84,68.04,360.0,2,1,1.453,TEXT_OVERFLOW_LINES;TEXT_EXPANSION_GT_1_35,C:/hades/Hecton8/Docs/Lore/AppliedContent/packets/RS081_COLONY_ANCHOR_WORKER_DOSSIERS.packets.json
RS081_COLONY_ANCHOR_WORKER_DOSSIERS,P402_JUNO_KADE_RELAY_NOTARY_DOSSIER,uk_UA,scanner,98,815.68,465.28,67.84,460.0,2,2,1.165,,C:/hades/Hecton8/Docs/Lore/AppliedContent/packets/RS081_COLONY_ANCHOR_WORKER_DOSSIERS.packets.json
RS081_COLONY_ANCHOR_WORKER_DOSSIERS,P402_JUNO_KADE_RELAY_NOTARY_DOSSIER,uk_UA,terminal,164,1316.1,507.3,79.8,520.0,3,2,1.09,TEXT_OVERFLOW_LINES,C:/hades/Hecton8/Docs/Lore/AppliedContent/packets/RS081_COLONY_ANCHOR_WORKER_DOSSIERS.packets.json
RS081_COLONY_ANCHOR_WORKER_DOSSIERS,P402_JUNO_KADE_RELAY_NOTARY_DOSSIER,uk_UA,audio,82,753.12,610.56,82.08,620.0,2,2,1.209,,C:/hades/Hecton8/Docs/Lore/AppliedContent/packets/RS081_COLONY_ANCHOR_WORKER_DOSSIERS.packets.json
RS081_COLONY_ANCHOR_WORKER_DOSSIERS,P402_JUNO_KADE_RELAY_NOTARY_DOSSIER,uk_UA,in_game_wiki,184,1431.6,603.3,75.9,620.0,3,5,1.082,,C:/hades/Hecton8/Docs/Lore/AppliedContent/packets/RS081_COLONY_ANCHOR_WORKER_DOSSIERS.packets.json
RS081_COLONY_ANCHOR_WORKER_DOSSIERS,P402_JUNO_KADE_RELAY_NOTARY_DOSSIER,uk_UA,external_site,118,971.52,654.4,117.12,680.0,2,4,1.135,,C:/hades/Hecton8/Docs/Lore/AppliedContent/packets/RS081_COLONY_ANCHOR_WORKER_DOSSIERS.packets.json
RS081_COLONY_ANCHOR_WORKER_DOSSIERS,P402_JUNO_KADE_RELAY_NOTARY_DOSSIER,uk_UA,field_note,78,557.76,557.76,108.36,560.0,1,3,1.221,,C:/hades/Hecton8/Docs/Lore/AppliedContent/packets/RS081_COLONY_ANCHOR_WORKER_DOSSIERS.packets.json
RS081_COLONY_ANCHOR_WORKER_DOSSIERS,P402_JUNO_KADE_RELAY_NOTARY_DOSSIER,ar_SA,title,43,416.88,348.84,68.04,360.0,2,1,1.453,TEXT_OVERFLOW_LINES;TEXT_EXPANSION_GT_1_35,C:/hades/Hecton8/Docs/Lore/AppliedContent/packets/RS081_COLONY_ANCHOR_WORKER_DOSSIERS.packets.json
RS081_COLONY_ANCHOR_WORKER_DOSSIERS,P402_JUNO_KADE_RELAY_NOTARY_DOSSIER,ar_SA,scanner,98,815.68,465.28,67.84,460.0,2,2,1.165,,C:/hades/Hecton8/Docs/Lore/AppliedContent/packets/RS081_COLONY_ANCHOR_WORKER_DOSSIERS.packets.json
RS081_COLONY_ANCHOR_WORKER_DOSSIERS,P402_JUNO_KADE_RELAY_NOTARY_DOSSIER,ar_SA,terminal,164,1316.1,507.3,79.8,520.0,3,2,1.09,TEXT_OVERFLOW_LINES,C:/hades/Hecton8/Docs/Lore/AppliedContent/packets/RS081_COLONY_ANCHOR_WORKER_DOSSIERS.packets.json
RS081_COLONY_ANCHOR_WORKER_DOSSIERS,P402_JUNO_KADE_RELAY_NOTARY_DOSSIER,ar_SA,audio,82,753.12,610.56,82.08,620.0,2,2,1.209,,C:/hades/Hecton8/Docs/Lore/AppliedContent/packets/RS081_COLONY_ANCHOR_WORKER_DOSSIERS.packets.json
RS081_COLONY_ANCHOR_WORKER_DOSSIERS,P402_JUNO_KADE_RELAY_NOTARY_DOSSIER,ar_SA,in_game_wiki,184,1431.6,603.3,75.9,620.0,3,5,1.082,,C:/hades/Hecton8/Docs/Lore/AppliedContent/packets/RS081_COLONY_ANCHOR_WORKER_DOSSIERS.packets.json
RS081_COLONY_ANCHOR_WORKER_DOSSIERS,P402_JUNO_KADE_RELAY_NOTARY_DOSSIER,ar_SA,external_site,118,971.52,654.4,117.12,680.0,2,4,1.135,,C:/hades/Hecton8/Docs/Lore/AppliedContent/packets/RS081_COLONY_ANCHOR_WORKER_DOSSIERS.packets.json
RS081_COLONY_ANCHOR_WORKER_DOSSIERS,P402_JUNO_KADE_RELAY_NOTARY_DOSSIER,ar_SA,field_note,78,557.76,557.76,108.36,560.0,1,3,1.221,,C:/hades/Hecton8/Docs/Lore/AppliedContent/packets/RS081_COLONY_ANCHOR_WORKER_DOSSIERS.packets.json
RS081_COLONY_ANCHOR_WORKER_DOSSIERS,P402_JUNO_KADE_RELAY_NOTARY_DOSSIER,id_ID,title,43,416.88,348.84,68.04,360.0,2,1,1.453,TEXT_OVERFLOW_LINES;TEXT_EXPANSION_GT_1_35,C:/hades/Hecton8/Docs/Lore/AppliedContent/packets/RS081_COLONY_ANCHOR_WORKER_DOSSIERS.packets.json
RS081_COLONY_ANCHOR_WORKER_DOSSIERS,P402_JUNO_KADE_RELAY_NOTARY_DOSSIER,id_ID,scanner,98,815.68,465.28,67.84,460.0,2,2,1.165,,C:/hades/Hecton8/Docs/Lore/AppliedContent/packets/RS081_COLONY_ANCHOR_WORKER_DOSSIERS.packets.json
RS081_COLONY_ANCHOR_WORKER_DOSSIERS,P402_JUNO_KADE_RELAY_NOTARY_DOSSIER,id_ID,terminal,164,1316.1,507.3,79.8,520.0,3,2,1.09,TEXT_OVERFLOW_LINES,C:/hades/Hecton8/Docs/Lore/AppliedContent/packets/RS081_COLONY_ANCHOR_WORKER_DOSSIERS.packets.json
RS081_COLONY_ANCHOR_WORKER_DOSSIERS,P402_JUNO_KADE_RELAY_NOTARY_DOSSIER,id_ID,audio,82,753.12,610.56,82.08,620.0,2,2,1.209,,C:/hades/Hecton8/Docs/Lore/AppliedContent/packets/RS081_COLONY_ANCHOR_WORKER_DOSSIERS.packets.json
RS081_COLONY_ANCHOR_WORKER_DOSSIERS,P402_JUNO_KADE_RELAY_NOTARY_DOSSIER,id_ID,in_game_wiki,184,1431.6,603.3,75.9,620.0,3,5,1.082,,C:/hades/Hecton8/Docs/Lore/AppliedContent/packets/RS081_COLONY_ANCHOR_WORKER_DOSSIERS.packets.json
RS081_COLONY_ANCHOR_WORKER_DOSSIERS,P402_JUNO_KADE_RELAY_NOTARY_DOSSIER,id_ID,external_site,118,971.52,654.4,117.12,680.0,2,4,1.135,,C:/hades/Hecton8/Docs/Lore/AppliedContent/packets/RS081_COLONY_ANCHOR_WORKER_DOSSIERS.packets.json
RS081_COLONY_ANCHOR_WORKER_DOSSIERS,P402_JUNO_KADE_RELAY_NOTARY_DOSSIER,id_ID,field_note,78,557.76,557.76,108.36,560.0,1,3,1.221,,C:/hades/Hecton8/Docs/Lore/AppliedContent/packets/RS081_COLONY_ANCHOR_WORKER_DOSSIERS.packets.json
RS081_COLONY_ANCHOR_WORKER_DOSSIERS,P402_JUNO_KADE_RELAY_NOTARY_DOSSIER,ko_KR,title,43,416.88,348.84,68.04,360.0,2,1,1.453,TEXT_OVERFLOW_LINES;TEXT_EXPANSION_GT_1_35,C:/hades/Hecton8/Docs/Lore/AppliedContent/packets/RS081_COLONY_ANCHOR_WORKER_DOSSIERS.packets.json
RS081_COLONY_ANCHOR_WORKER_DOSSIERS,P402_JUNO_KADE_RELAY_NOTARY_DOSSIER,ko_KR,scanner,98,815.68,465.28,67.84,460.0,2,2,1.165,,C:/hades/Hecton8/Docs/Lore/AppliedContent/packets/RS081_COLONY_ANCHOR_WORKER_DOSSIERS.packets.json
RS081_COLONY_ANCHOR_WORKER_DOSSIERS,P402_JUNO_KADE_RELAY_NOTARY_DOSSIER,ko_KR,terminal,164,1316.1,507.3,79.8,520.0,3,2,1.09,TEXT_OVERFLOW_LINES,C:/hades/Hecton8/Docs/Lore/AppliedContent/packets/RS081_COLONY_ANCHOR_WORKER_DOSSIERS.packets.json
RS081_COLONY_ANCHOR_WORKER_DOSSIERS,P402_JUNO_KADE_RELAY_NOTARY_DOSSIER,ko_KR,audio,82,753.12,610.56,82.08,620.0,2,2,1.209,,C:/hades/Hecton8/Docs/Lore/AppliedContent/packets/RS081_COLONY_ANCHOR_WORKER_DOSSIERS.packets.json
RS081_COLONY_ANCHOR_WORKER_DOSSIERS,P402_JUNO_KADE_RELAY_NOTARY_DOSSIER,ko_KR,in_game_wiki,184,1431.6,603.3,75.9,620.0,3,5,1.082,,C:/hades/Hecton8/Docs/Lore/AppliedContent/packets/RS081_COLONY_ANCHOR_WORKER_DOSSIERS.packets.json
RS081_COLONY_ANCHOR_WORKER_DOSSIERS,P402_JUNO_KADE_RELAY_NOTARY_DOSSIER,ko_KR,external_site,118,971.52,654.4,117.12,680.0,2,4,1.135,,C:/hades/Hecton8/Docs/Lore/AppliedContent/packets/RS081_COLONY_ANCHOR_WORKER_DOSSIERS.packets.json
RS081_COLONY_ANCHOR_WORKER_DOSSIERS,P402_JUNO_KADE_RELAY_NOTARY_DOSSIER,ko_KR,field_note,78,557.76,557.76,108.36,560.0,1,3,1.221,,C:/hades/Hecton8/Docs/Lore/AppliedContent/packets/RS081_COLONY_ANCHOR_WORKER_DOSSIERS.packets.json
RS081_COLONY_ANCHOR_WORKER_DOSSIERS,P402_JUNO_KADE_RELAY_NOTARY_DOSSIER,he_IL,title,43,416.88,348.84,68.04,360.0,2,1,1.453,TEXT_OVERFLOW_LINES;TEXT_EXPANSION_GT_1_35,C:/hades/Hecton8/Docs/Lore/AppliedContent/packets/RS081_COLONY_ANCHOR_WORKER_DOSSIERS.packets.json
RS081_COLONY_ANCHOR_WORKER_DOSSIERS,P402_JUNO_KADE_RELAY_NOTARY_DOSSIER,he_IL,scanner,98,815.68,465.28,67.84,460.0,2,2,1.165,,C:/hades/Hecton8/Docs/Lore/AppliedContent/packets/RS081_COLONY_ANCHOR_WORKER_DOSSIERS.packets.json
RS081_COLONY_ANCHOR_WORKER_DOSSIERS,P402_JUNO_KADE_RELAY_NOTARY_DOSSIER,he_IL,terminal,164,1316.1,507.3,79.8,520.0,3,2,1.09,TEXT_OVERFLOW_LINES,C:/hades/Hecton8/Docs/Lore/AppliedContent/packets/RS081_COLONY_ANCHOR_WORKER_DOSSIERS.packets.json
RS081_COLONY_ANCHOR_WORKER_DOSSIERS,P402_JUNO_KADE_RELAY_NOTARY_DOSSIER,he_IL,audio,82,753.12,610.56,82.08,620.0,2,2,1.209,,C:/hades/Hecton8/Docs/Lore/AppliedContent/packets/RS081_COLONY_ANCHOR_WORKER_DOSSIERS.packets.json
RS081_COLONY_ANCHOR_WORKER_DOSSIERS,P402_JUNO_KADE_RELAY_NOTARY_DOSSIER,he_IL,in_game_wiki,184,1431.6,603.3,75.9,620.0,3,5,1.082,,C:/hades/Hecton8/Docs/Lore/AppliedContent/packets/RS081_COLONY_ANCHOR_WORKER_DOSSIERS.packets.json
RS081_COLONY_ANCHOR_WORKER_DOSSIERS,P402_JUNO_KADE_RELAY_NOTARY_DOSSIER,he_IL,external_site,118,971.52,654.4,117.12,680.0,2,4,1.135,,C:/hades/Hecton8/Docs/Lore/AppliedContent/packets/RS081_COLONY_ANCHOR_WORKER_DOSSIERS.packets.json
RS081_COLONY_ANCHOR_WORKER_DOSSIERS,P402_JUNO_KADE_RELAY_NOTARY_DOSSIER,he_IL,field_note,78,557.76,557.76,108.36,560.0,1,3,1.221,,C:/hades/Hecton8/Docs/Lore/AppliedContent/packets/RS081_COLONY_ANCHOR_WORKER_DOSSIERS.packets.json
RS081_COLONY_ANCHOR_WORKER_DOSSIERS,P402_JUNO_KADE_RELAY_NOTARY_DOSSIER,pt_BR,title,43,416.88,348.84,68.04,360.0,2,1,1.453,TEXT_OVERFLOW_LINES;TEXT_EXPANSION_GT_1_35,C:/hades/Hecton8/Docs/Lore/AppliedContent/packets/RS081_COLONY_ANCHOR_WORKER_DOSSIERS.packets.json
RS081_COLONY_ANCHOR_WORKER_DOSSIERS,P402_JUNO_KADE_RELAY_NOTARY_DOSSIER,pt_BR,scanner,98,815.68,465.28,67.84,460.0,2,2,1.165,,C:/hades/Hecton8/Docs/Lore/AppliedContent/packets/RS081_COLONY_ANCHOR_WORKER_DOSSIERS.packets.json
RS081_COLONY_ANCHOR_WORKER_DOSSIERS,P402_JUNO_KADE_RELAY_NOTARY_DOSSIER,pt_BR,terminal,164,1316.1,507.3,79.8,520.0,3,2,1.09,TEXT_OVERFLOW_LINES,C:/hades/Hecton8/Docs/Lore/AppliedContent/packets/RS081_COLONY_ANCHOR_WORKER_DOSSIERS.packets.json
RS081_COLONY_ANCHOR_WORKER_DOSSIERS,P402_JUNO_KADE_RELAY_NOTARY_DOSSIER,pt_BR,audio,82,753.12,610.56,82.08,620.0,2,2,1.209,,C:/hades/Hecton8/Docs/Lore/AppliedContent/packets/RS081_COLONY_ANCHOR_WORKER_DOSSIERS.packets.json
RS081_COLONY_ANCHOR_WORKER_DOSSIERS,P402_JUNO_KADE_RELAY_NOTARY_DOSSIER,pt_BR,in_game_wiki,184,1431.6,603.3,75.9,620.0,3,5,1.082,,C:/hades/Hecton8/Docs/Lore/AppliedContent/packets/RS081_COLONY_ANCHOR_WORKER_DOSSIERS.packets.json
RS081_COLONY_ANCHOR_WORKER_DOSSIERS,P402_JUNO_KADE_RELAY_NOTARY_DOSSIER,pt_BR,external_site,118,971.52,654.4,117.12,680.0,2,4,1.135,,C:/hades/Hecton8/Docs/Lore/AppliedContent/packets/RS081_COLONY_ANCHOR_WORKER_DOSSIERS.packets.json
RS081_COLONY_ANCHOR_WORKER_DOSSIERS,P402_JUNO_KADE_RELAY_NOTARY_DOSSIER,pt_BR,field_note,78,557.76,557.76,108.36,560.0,1,3,1.221,,C:/hades/Hecton8/Docs/Lore/AppliedContent/packets/RS081_COLONY_ANCHOR_WORKER_DOSSIERS.packets.json
RS081_COLONY_ANCHOR_WORKER_DOSSIERS,P402_JUNO_KADE_RELAY_NOTARY_DOSSIER,nl_NL,title,43,416.88,348.84,68.04,360.0,2,1,1.453,TEXT_OVERFLOW_LINES;TEXT_EXPANSION_GT_1_35,C:/hades/Hecton8/Docs/Lore/AppliedContent/packets/RS081_COLONY_ANCHOR_WORKER_DOSSIERS.packets.json
RS081_COLONY_ANCHOR_WORKER_DOSSIERS,P402_JUNO_KADE_RELAY_NOTARY_DOSSIER,nl_NL,scanner,98,815.68,465.28,67.84,460.0,2,2,1.165,,C:/hades/Hecton8/Docs/Lore/AppliedContent/packets/RS081_COLONY_ANCHOR_WORKER_DOSSIERS.packets.json
RS081_COLONY_ANCHOR_WORKER_DOSSIERS,P402_JUNO_KADE_RELAY_NOTARY_DOSSIER,nl_NL,terminal,164,1316.1,507.3,79.8,520.0,3,2,1.09,TEXT_OVERFLOW_LINES,C:/hades/Hecton8/Docs/Lore/AppliedContent/packets/RS081_COLONY_ANCHOR_WORKER_DOSSIERS.packets.json
RS081_COLONY_ANCHOR_WORKER_DOSSIERS,P402_JUNO_KADE_RELAY_NOTARY_DOSSIER,nl_NL,audio,82,753.12,610.56,82.08,620.0,2,2,1.209,,C:/hades/Hecton8/Docs/Lore/AppliedContent/packets/RS081_COLONY_ANCHOR_WORKER_DOSSIERS.packets.json
RS081_COLONY_ANCHOR_WORKER_DOSSIERS,P402_JUNO_KADE_RELAY_NOTARY_DOSSIER,nl_NL,in_game_wiki,184,1431.6,603.3,75.9,620.0,3,5,1.082,,C:/hades/Hecton8/Docs/Lore/AppliedContent/packets/RS081_COLONY_ANCHOR_WORKER_DOSSIERS.packets.json
RS081_COLONY_ANCHOR_WORKER_DOSSIERS,P402_JUNO_KADE_RELAY_NOTARY_DOSSIER,nl_NL,external_site,118,971.52,654.4,117.12,680.0,2,4,1.135,,C:/hades/Hecton8/Docs/Lore/AppliedContent/packets/RS081_COLONY_ANCHOR_WORKER_DOSSIERS.packets.json
RS081_COLONY_ANCHOR_WORKER_DOSSIERS,P402_JUNO_KADE_RELAY_NOTARY_DOSSIER,nl_NL,field_note,78,557.76,557.76,108.36,560.0,1,3,1.221,,C:/hades/Hecton8/Docs/Lore/AppliedContent/packets/RS081_COLONY_ANCHOR_WORKER_DOSSIERS.packets.json
RS081_COLONY_ANCHOR_WORKER_DOSSIERS,P403_REN_OKOYE_BRINE_CARTOGRAPHER_DOSSIER,en_US,title,36,347.4,347.4,122.76,360.0,1,1,1.0,,C:/hades/Hecton8/Docs/Lore/AppliedContent/packets/RS081_COLONY_ANCHOR_WORKER_DOSSIERS.packets.json
RS081_COLONY_ANCHOR_WORKER_DOSSIERS,P403_REN_OKOYE_BRINE_CARTOGRAPHER_DOSSIER,en_US,scanner,88,716.48,414.08,67.84,460.0,2,2,1.0,,C:/hades/Hecton8/Docs/Lore/AppliedContent/packets/RS081_COLONY_ANCHOR_WORKER_DOSSIERS.packets.json
RS081_COLONY_ANCHOR_WORKER_DOSSIERS,P403_REN_OKOYE_BRINE_CARTOGRAPHER_DOSSIER,en_US,terminal,125,995.7,474.3,122.7,520.0,3,2,1.0,TEXT_OVERFLOW_LINES,C:/hades/Hecton8/Docs/Lore/AppliedContent/packets/RS081_COLONY_ANCHOR_WORKER_DOSSIERS.packets.json
RS081_COLONY_ANCHOR_WORKER_DOSSIERS,P403_REN_OKOYE_BRINE_CARTOGRAPHER_DOSSIER,en_US,audio,69,667.08,565.56,110.16,620.0,2,2,1.0,,C:/hades/Hecton8/Docs/Lore/AppliedContent/packets/RS081_COLONY_ANCHOR_WORKER_DOSSIERS.packets.json
RS081_COLONY_ANCHOR_WORKER_DOSSIERS,P403_REN_OKOYE_BRINE_CARTOGRAPHER_DOSSIER,en_US,in_game_wiki,184,1408.5,614.4,79.8,620.0,3,5,1.0,,C:/hades/Hecton8/Docs/Lore/AppliedContent/packets/RS081_COLONY_ANCHOR_WORKER_DOSSIERS.packets.json
RS081_COLONY_ANCHOR_WORKER_DOSSIERS,P403_REN_OKOYE_BRINE_CARTOGRAPHER_DOSSIER,en_US,external_site,94,780.16,612.8,86.08,680.0,2,4,1.0,,C:/hades/Hecton8/Docs/Lore/AppliedContent/packets/RS081_COLONY_ANCHOR_WORKER_DOSSIERS.packets.json
RS081_COLONY_ANCHOR_WORKER_DOSSIERS,P403_REN_OKOYE_BRINE_CARTOGRAPHER_DOSSIER,en_US,field_note,57,406.0,406.0,95.48,560.0,1,3,1.0,,C:/hades/Hecton8/Docs/Lore/AppliedContent/packets/RS081_COLONY_ANCHOR_WORKER_DOSSIERS.packets.json
RS081_COLONY_ANCHOR_WORKER_DOSSIERS,P403_REN_OKOYE_BRINE_CARTOGRAPHER_DOSSIER,ru_RU,title,37,366.48,282.96,104.4,360.0,2,1,1.055,TEXT_OVERFLOW_LINES,C:/hades/Hecton8/Docs/Lore/AppliedContent/packets/RS081_COLONY_ANCHOR_WORKER_DOSSIERS.packets.json
RS081_COLONY_ANCHOR_WORKER_DOSSIERS,P403_REN_OKOYE_BRINE_CARTOGRAPHER_DOSSIER,ru_RU,scanner,106,922.24,431.68,103.04,460.0,3,2,1.287,TEXT_OVERFLOW_LINES,C:/hades/Hecton8/Docs/Lore/AppliedContent/packets/RS081_COLONY_ANCHOR_WORKER_DOSSIERS.packets.json
RS081_COLONY_ANCHOR_WORKER_DOSSIERS,P403_REN_OKOYE_BRINE_CARTOGRAPHER_DOSSIER,ru_RU,terminal,119,983.1,503.7,87.0,520.0,2,2,0.987,,C:/hades/Hecton8/Docs/Lore/AppliedContent/packets/RS081_COLONY_ANCHOR_WORKER_DOSSIERS.packets.json
RS081_COLONY_ANCHOR_WORKER_DOSSIERS,P403_REN_OKOYE_BRINE_CARTOGRAPHER_DOSSIER,ru_RU,audio,80,780.12,564.84,119.52,620.0,2,2,1.169,,C:/hades/Hecton8/Docs/Lore/AppliedContent/packets/RS081_COLONY_ANCHOR_WORKER_DOSSIERS.packets.json
RS081_COLONY_ANCHOR_WORKER_DOSSIERS,P403_REN_OKOYE_BRINE_CARTOGRAPHER_DOSSIER,ru_RU,in_game_wiki,159,1295.7,621.6,95.7,620.0,3,5,0.92,,C:/hades/Hecton8/Docs/Lore/AppliedContent/packets/RS081_COLONY_ANCHOR_WORKER_DOSSIERS.packets.json
RS081_COLONY_ANCHOR_WORKER_DOSSIERS,P403_REN_OKOYE_BRINE_CARTOGRAPHER_DOSSIER,ru_RU,external_site,100,868.16,682.24,115.52,680.0,2,4,1.113,,C:/hades/Hecton8/Docs/Lore/AppliedContent/packets/RS081_COLONY_ANCHOR_WORKER_DOSSIERS.packets.json
RS081_COLONY_ANCHOR_WORKER_DOSSIERS,P403_REN_OKOYE_BRINE_CARTOGRAPHER_DOSSIER,ru_RU,field_note,80,609.0,548.52,113.68,560.0,2,3,1.5,,C:/hades/Hecton8/Docs/Lore/AppliedContent/packets/RS081_COLONY_ANCHOR_WORKER_DOSSIERS.packets.json
RS081_COLONY_ANCHOR_WORKER_DOSSIERS,P403_REN_OKOYE_BRINE_CARTOGRAPHER_DOSSIER,ja_JP,title,49,477.36,280.44,122.76,360.0,2,1,1.374,TEXT_OVERFLOW_LINES;TEXT_EXPANSION_GT_1_35,C:/hades/Hecton8/Docs/Lore/AppliedContent/packets/RS081_COLONY_ANCHOR_WORKER_DOSSIERS.packets.json
RS081_COLONY_ANCHOR_WORKER_DOSSIERS,P403_REN_OKOYE_BRINE_CARTOGRAPHER_DOSSIER,ja_JP,scanner,101,832.0,447.04,67.84,460.0,2,2,1.161,,C:/hades/Hecton8/Docs/Lore/AppliedContent/packets/RS081_COLONY_ANCHOR_WORKER_DOSSIERS.packets.json
RS081_COLONY_ANCHOR_WORKER_DOSSIERS,P403_REN_OKOYE_BRINE_CARTOGRAPHER_DOSSIER,ja_JP,terminal,138,1104.0,523.2,122.7,520.0,3,2,1.109,TEXT_OVERFLOW_LINES,C:/hades/Hecton8/Docs/Lore/AppliedContent/packets/RS081_COLONY_ANCHOR_WORKER_DOSSIERS.packets.json
RS081_COLONY_ANCHOR_WORKER_DOSSIERS,P403_REN_OKOYE_BRINE_CARTOGRAPHER_DOSSIER,ja_JP,audio,82,797.04,572.4,110.16,620.0,2,2,1.195,,C:/hades/Hecton8/Docs/Lore/AppliedContent/packets/RS081_COLONY_ANCHOR_WORKER_DOSSIERS.packets.json
RS081_COLONY_ANCHOR_WORKER_DOSSIERS,P403_REN_OKOYE_BRINE_CARTOGRAPHER_DOSSIER,ja_JP,in_game_wiki,197,1516.8,622.8,79.8,620.0,3,5,1.077,,C:/hades/Hecton8/Docs/Lore/AppliedContent/packets/RS081_COLONY_ANCHOR_WORKER_DOSSIERS.packets.json
RS081_COLONY_ANCHOR_WORKER_DOSSIERS,P403_REN_OKOYE_BRINE_CARTOGRAPHER_DOSSIER,ja_JP,external_site,107,895.68,618.88,86.08,680.0,2,4,1.148,,C:/hades/Hecton8/Docs/Lore/AppliedContent/packets/RS081_COLONY_ANCHOR_WORKER_DOSSIERS.packets.json
RS081_COLONY_ANCHOR_WORKER_DOSSIERS,P403_REN_OKOYE_BRINE_CARTOGRAPHER_DOSSIER,ja_JP,field_note,70,507.08,507.08,95.48,560.0,1,3,1.249,,C:/hades/Hecton8/Docs/Lore/AppliedContent/packets/RS081_COLONY_ANCHOR_WORKER_DOSSIERS.packets.json
RS081_COLONY_ANCHOR_WORKER_DOSSIERS,P403_REN_OKOYE_BRINE_CARTOGRAPHER_DOSSIER,zh_CN,title,49,477.36,280.44,122.76,360.0,2,1,1.374,TEXT_OVERFLOW_LINES;TEXT_EXPANSION_GT_1_35,C:/hades/Hecton8/Docs/Lore/AppliedContent/packets/RS081_COLONY_ANCHOR_WORKER_DOSSIERS.packets.json
RS081_COLONY_ANCHOR_WORKER_DOSSIERS,P403_REN_OKOYE_BRINE_CARTOGRAPHER_DOSSIER,zh_CN,scanner,101,832.0,447.04,67.84,460.0,2,2,1.161,,C:/hades/Hecton8/Docs/Lore/AppliedContent/packets/RS081_COLONY_ANCHOR_WORKER_DOSSIERS.packets.json
RS081_COLONY_ANCHOR_WORKER_DOSSIERS,P403_REN_OKOYE_BRINE_CARTOGRAPHER_DOSSIER,zh_CN,terminal,138,1104.0,523.2,122.7,520.0,3,2,1.109,TEXT_OVERFLOW_LINES,C:/hades/Hecton8/Docs/Lore/AppliedContent/packets/RS081_COLONY_ANCHOR_WORKER_DOSSIERS.packets.json
RS081_COLONY_ANCHOR_WORKER_DOSSIERS,P403_REN_OKOYE_BRINE_CARTOGRAPHER_DOSSIER,zh_CN,audio,82,797.04,572.4,110.16,620.0,2,2,1.195,,C:/hades/Hecton8/Docs/Lore/AppliedContent/packets/RS081_COLONY_ANCHOR_WORKER_DOSSIERS.packets.json
RS081_COLONY_ANCHOR_WORKER_DOSSIERS,P403_REN_OKOYE_BRINE_CARTOGRAPHER_DOSSIER,zh_CN,in_game_wiki,197,1516.8,622.8,79.8,620.0,3,5,1.077,,C:/hades/Hecton8/Docs/Lore/AppliedContent/packets/RS081_COLONY_ANCHOR_WORKER_DOSSIERS.packets.json
RS081_COLONY_ANCHOR_WORKER_DOSSIERS,P403_REN_OKOYE_BRINE_CARTOGRAPHER_DOSSIER,zh_CN,external_site,107,895.68,618.88,86.08,680.0,2,4,1.148,,C:/hades/Hecton8/Docs/Lore/AppliedContent/packets/RS081_COLONY_ANCHOR_WORKER_DOSSIERS.packets.json
RS081_COLONY_ANCHOR_WORKER_DOSSIERS,P403_REN_OKOYE_BRINE_CARTOGRAPHER_DOSSIER,zh_CN,field_note,70,507.08,507.08,95.48,560.0,1,3,1.249,,C:/hades/Hecton8/Docs/Lore/AppliedContent/packets/RS081_COLONY_ANCHOR_WORKER_DOSSIERS.packets.json
RS081_COLONY_ANCHOR_WORKER_DOSSIERS,P403_REN_OKOYE_BRINE_CARTOGRAPHER_DOSSIER,fr_FR,title,49,477.36,280.44,122.76,360.0,2,1,1.374,TEXT_OVERFLOW_LINES;TEXT_EXPANSION_GT_1_35,C:/hades/Hecton8/Docs/Lore/AppliedContent/packets/RS081_COLONY_ANCHOR_WORKER_DOSSIERS.packets.json
RS081_COLONY_ANCHOR_WORKER_DOSSIERS,P403_REN_OKOYE_BRINE_CARTOGRAPHER_DOSSIER,fr_FR,scanner,101,832.0,447.04,67.84,460.0,2,2,1.161,,C:/hades/Hecton8/Docs/Lore/AppliedContent/packets/RS081_COLONY_ANCHOR_WORKER_DOSSIERS.packets.json
RS081_COLONY_ANCHOR_WORKER_DOSSIERS,P403_REN_OKOYE_BRINE_CARTOGRAPHER_DOSSIER,fr_FR,terminal,138,1104.0,523.2,122.7,520.0,3,2,1.109,TEXT_OVERFLOW_LINES,C:/hades/Hecton8/Docs/Lore/AppliedContent/packets/RS081_COLONY_ANCHOR_WORKER_DOSSIERS.packets.json
RS081_COLONY_ANCHOR_WORKER_DOSSIERS,P403_REN_OKOYE_BRINE_CARTOGRAPHER_DOSSIER,fr_FR,audio,82,797.04,572.4,110.16,620.0,2,2,1.195,,C:/hades/Hecton8/Docs/Lore/AppliedContent/packets/RS081_COLONY_ANCHOR_WORKER_DOSSIERS.packets.json
RS081_COLONY_ANCHOR_WORKER_DOSSIERS,P403_REN_OKOYE_BRINE_CARTOGRAPHER_DOSSIER,fr_FR,in_game_wiki,197,1516.8,622.8,79.8,620.0,3,5,1.077,,C:/hades/Hecton8/Docs/Lore/AppliedContent/packets/RS081_COLONY_ANCHOR_WORKER_DOSSIERS.packets.json
RS081_COLONY_ANCHOR_WORKER_DOSSIERS,P403_REN_OKOYE_BRINE_CARTOGRAPHER_DOSSIER,fr_FR,external_site,107,895.68,618.88,86.08,680.0,2,4,1.148,,C:/hades/Hecton8/Docs/Lore/AppliedContent/packets/RS081_COLONY_ANCHOR_WORKER_DOSSIERS.packets.json
RS081_COLONY_ANCHOR_WORKER_DOSSIERS,P403_REN_OKOYE_BRINE_CARTOGRAPHER_DOSSIER,fr_FR,field_note,70,507.08,507.08,95.48,560.0,1,3,1.249,,C:/hades/Hecton8/Docs/Lore/AppliedContent/packets/RS081_COLONY_ANCHOR_WORKER_DOSSIERS.packets.json
RS081_COLONY_ANCHOR_WORKER_DOSSIERS,P403_REN_OKOYE_BRINE_CARTOGRAPHER_DOSSIER,es_ES,title,49,477.36,280.44,122.76,360.0,2,1,1.374,TEXT_OVERFLOW_LINES;TEXT_EXPANSION_GT_1_35,C:/hades/Hecton8/Docs/Lore/AppliedContent/packets/RS081_COLONY_ANCHOR_WORKER_DOSSIERS.packets.json
RS081_COLONY_ANCHOR_WORKER_DOSSIERS,P403_REN_OKOYE_BRINE_CARTOGRAPHER_DOSSIER,es_ES,scanner,101,832.0,447.04,67.84,460.0,2,2,1.161,,C:/hades/Hecton8/Docs/Lore/AppliedContent/packets/RS081_COLONY_ANCHOR_WORKER_DOSSIERS.packets.json
RS081_COLONY_ANCHOR_WORKER_DOSSIERS,P403_REN_OKOYE_BRINE_CARTOGRAPHER_DOSSIER,es_ES,terminal,138,1104.0,523.2,122.7,520.0,3,2,1.109,TEXT_OVERFLOW_LINES,C:/hades/Hecton8/Docs/Lore/AppliedContent/packets/RS081_COLONY_ANCHOR_WORKER_DOSSIERS.packets.json
RS081_COLONY_ANCHOR_WORKER_DOSSIERS,P403_REN_OKOYE_BRINE_CARTOGRAPHER_DOSSIER,es_ES,audio,82,797.04,572.4,110.16,620.0,2,2,1.195,,C:/hades/Hecton8/Docs/Lore/AppliedContent/packets/RS081_COLONY_ANCHOR_WORKER_DOSSIERS.packets.json
RS081_COLONY_ANCHOR_WORKER_DOSSIERS,P403_REN_OKOYE_BRINE_CARTOGRAPHER_DOSSIER,es_ES,in_game_wiki,197,1516.8,622.8,79.8,620.0,3,5,1.077,,C:/hades/Hecton8/Docs/Lore/AppliedContent/packets/RS081_COLONY_ANCHOR_WORKER_DOSSIERS.packets.json
RS081_COLONY_ANCHOR_WORKER_DOSSIERS,P403_REN_OKOYE_BRINE_CARTOGRAPHER_DOSSIER,es_ES,external_site,107,895.68,618.88,86.08,680.0,2,4,1.148,,C:/hades/Hecton8/Docs/Lore/AppliedContent/packets/RS081_COLONY_ANCHOR_WORKER_DOSSIERS.packets.json
RS081_COLONY_ANCHOR_WORKER_DOSSIERS,P403_REN_OKOYE_BRINE_CARTOGRAPHER_DOSSIER,es_ES,field_note,70,507.08,507.08,95.48,560.0,1,3,1.249,,C:/hades/Hecton8/Docs/Lore/AppliedContent/packets/RS081_COLONY_ANCHOR_WORKER_DOSSIERS.packets.json
RS081_COLONY_ANCHOR_WORKER_DOSSIERS,P403_REN_OKOYE_BRINE_CARTOGRAPHER_DOSSIER,de_DE,title,49,477.36,280.44,122.76,360.0,2,1,1.374,TEXT_OVERFLOW_LINES;TEXT_EXPANSION_GT_1_35,C:/hades/Hecton8/Docs/Lore/AppliedContent/packets/RS081_COLONY_ANCHOR_WORKER_DOSSIERS.packets.json
RS081_COLONY_ANCHOR_WORKER_DOSSIERS,P403_REN_OKOYE_BRINE_CARTOGRAPHER_DOSSIER,de_DE,scanner,101,832.0,447.04,67.84,460.0,2,2,1.161,,C:/hades/Hecton8/Docs/Lore/AppliedContent/packets/RS081_COLONY_ANCHOR_WORKER_DOSSIERS.packets.json
RS081_COLONY_ANCHOR_WORKER_DOSSIERS,P403_REN_OKOYE_BRINE_CARTOGRAPHER_DOSSIER,de_DE,terminal,138,1104.0,523.2,122.7,520.0,3,2,1.109,TEXT_OVERFLOW_LINES,C:/hades/Hecton8/Docs/Lore/AppliedContent/packets/RS081_COLONY_ANCHOR_WORKER_DOSSIERS.packets.json
RS081_COLONY_ANCHOR_WORKER_DOSSIERS,P403_REN_OKOYE_BRINE_CARTOGRAPHER_DOSSIER,de_DE,audio,82,797.04,572.4,110.16,620.0,2,2,1.195,,C:/hades/Hecton8/Docs/Lore/AppliedContent/packets/RS081_COLONY_ANCHOR_WORKER_DOSSIERS.packets.json
RS081_COLONY_ANCHOR_WORKER_DOSSIERS,P403_REN_OKOYE_BRINE_CARTOGRAPHER_DOSSIER,de_DE,in_game_wiki,197,1516.8,622.8,79.8,620.0,3,5,1.077,,C:/hades/Hecton8/Docs/Lore/AppliedContent/packets/RS081_COLONY_ANCHOR_WORKER_DOSSIERS.packets.json
RS081_COLONY_ANCHOR_WORKER_DOSSIERS,P403_REN_OKOYE_BRINE_CARTOGRAPHER_DOSSIER,de_DE,external_site,107,895.68,618.88,86.08,680.0,2,4,1.148,,C:/hades/Hecton8/Docs/Lore/AppliedContent/packets/RS081_COLONY_ANCHOR_WORKER_DOSSIERS.packets.json
RS081_COLONY_ANCHOR_WORKER_DOSSIERS,P403_REN_OKOYE_BRINE_CARTOGRAPHER_DOSSIER,de_DE,field_note,70,507.08,507.08,95.48,560.0,1,3,1.249,,C:/hades/Hecton8/Docs/Lore/AppliedContent/packets/RS081_COLONY_ANCHOR_WORKER_DOSSIERS.packets.json
RS081_COLONY_ANCHOR_WORKER_DOSSIERS,P403_REN_OKOYE_BRINE_CARTOGRAPHER_DOSSIER,pl_PL,title,49,477.36,280.44,122.76,360.0,2,1,1.374,TEXT_OVERFLOW_LINES;TEXT_EXPANSION_GT_1_35,C:/hades/Hecton8/Docs/Lore/AppliedContent/packets/RS081_COLONY_ANCHOR_WORKER_DOSSIERS.packets.json
RS081_COLONY_ANCHOR_WORKER_DOSSIERS,P403_REN_OKOYE_BRINE_CARTOGRAPHER_DOSSIER,pl_PL,scanner,101,832.0,447.04,67.84,460.0,2,2,1.161,,C:/hades/Hecton8/Docs/Lore/AppliedContent/packets/RS081_COLONY_ANCHOR_WORKER_DOSSIERS.packets.json
RS081_COLONY_ANCHOR_WORKER_DOSSIERS,P403_REN_OKOYE_BRINE_CARTOGRAPHER_DOSSIER,pl_PL,terminal,138,1104.0,523.2,122.7,520.0,3,2,1.109,TEXT_OVERFLOW_LINES,C:/hades/Hecton8/Docs/Lore/AppliedContent/packets/RS081_COLONY_ANCHOR_WORKER_DOSSIERS.packets.json
RS081_COLONY_ANCHOR_WORKER_DOSSIERS,P403_REN_OKOYE_BRINE_CARTOGRAPHER_DOSSIER,pl_PL,audio,82,797.04,572.4,110.16,620.0,2,2,1.195,,C:/hades/Hecton8/Docs/Lore/AppliedContent/packets/RS081_COLONY_ANCHOR_WORKER_DOSSIERS.packets.json
RS081_COLONY_ANCHOR_WORKER_DOSSIERS,P403_REN_OKOYE_BRINE_CARTOGRAPHER_DOSSIER,pl_PL,in_game_wiki,197,1516.8,622.8,79.8,620.0,3,5,1.077,,C:/hades/Hecton8/Docs/Lore/AppliedContent/packets/RS081_COLONY_ANCHOR_WORKER_DOSSIERS.packets.json
RS081_COLONY_ANCHOR_WORKER_DOSSIERS,P403_REN_OKOYE_BRINE_CARTOGRAPHER_DOSSIER,pl_PL,external_site,107,895.68,618.88,86.08,680.0,2,4,1.148,,C:/hades/Hecton8/Docs/Lore/AppliedContent/packets/RS081_COLONY_ANCHOR_WORKER_DOSSIERS.packets.json
RS081_COLONY_ANCHOR_WORKER_DOSSIERS,P403_REN_OKOYE_BRINE_CARTOGRAPHER_DOSSIER,pl_PL,field_note,70,507.08,507.08,95.48,560.0,1,3,1.249,,C:/hades/Hecton8/Docs/Lore/AppliedContent/packets/RS081_COLONY_ANCHOR_WORKER_DOSSIERS.packets.json
RS081_COLONY_ANCHOR_WORKER_DOSSIERS,P403_REN_OKOYE_BRINE_CARTOGRAPHER_DOSSIER,uk_UA,title,49,477.36,280.44,122.76,360.0,2,1,1.374,TEXT_OVERFLOW_LINES;TEXT_EXPANSION_GT_1_35,C:/hades/Hecton8/Docs/Lore/AppliedContent/packets/RS081_COLONY_ANCHOR_WORKER_DOSSIERS.packets.json
RS081_COLONY_ANCHOR_WORKER_DOSSIERS,P403_REN_OKOYE_BRINE_CARTOGRAPHER_DOSSIER,uk_UA,scanner,101,832.0,447.04,67.84,460.0,2,2,1.161,,C:/hades/Hecton8/Docs/Lore/AppliedContent/packets/RS081_COLONY_ANCHOR_WORKER_DOSSIERS.packets.json
RS081_COLONY_ANCHOR_WORKER_DOSSIERS,P403_REN_OKOYE_BRINE_CARTOGRAPHER_DOSSIER,uk_UA,terminal,138,1104.0,523.2,122.7,520.0,3,2,1.109,TEXT_OVERFLOW_LINES,C:/hades/Hecton8/Docs/Lore/AppliedContent/packets/RS081_COLONY_ANCHOR_WORKER_DOSSIERS.packets.json
RS081_COLONY_ANCHOR_WORKER_DOSSIERS,P403_REN_OKOYE_BRINE_CARTOGRAPHER_DOSSIER,uk_UA,audio,82,797.04,572.4,110.16,620.0,2,2,1.195,,C:/hades/Hecton8/Docs/Lore/AppliedContent/packets/RS081_COLONY_ANCHOR_WORKER_DOSSIERS.packets.json
RS081_COLONY_ANCHOR_WORKER_DOSSIERS,P403_REN_OKOYE_BRINE_CARTOGRAPHER_DOSSIER,uk_UA,in_game_wiki,197,1516.8,622.8,79.8,620.0,3,5,1.077,,C:/hades/Hecton8/Docs/Lore/AppliedContent/packets/RS081_COLONY_ANCHOR_WORKER_DOSSIERS.packets.json
RS081_COLONY_ANCHOR_WORKER_DOSSIERS,P403_REN_OKOYE_BRINE_CARTOGRAPHER_DOSSIER,uk_UA,external_site,107,895.68,618.88,86.08,680.0,2,4,1.148,,C:/hades/Hecton8/Docs/Lore/AppliedContent/packets/RS081_COLONY_ANCHOR_WORKER_DOSSIERS.packets.json
RS081_COLONY_ANCHOR_WORKER_DOSSIERS,P403_REN_OKOYE_BRINE_CARTOGRAPHER_DOSSIER,uk_UA,field_note,70,507.08,507.08,95.48,560.0,1,3,1.249,,C:/hades/Hecton8/Docs/Lore/AppliedContent/packets/RS081_COLONY_ANCHOR_WORKER_DOSSIERS.packets.json
RS081_COLONY_ANCHOR_WORKER_DOSSIERS,P403_REN_OKOYE_BRINE_CARTOGRAPHER_DOSSIER,ar_SA,title,49,477.36,280.44,122.76,360.0,2,1,1.374,TEXT_OVERFLOW_LINES;TEXT_EXPANSION_GT_1_35,C:/hades/Hecton8/Docs/Lore/AppliedContent/packets/RS081_COLONY_ANCHOR_WORKER_DOSSIERS.packets.json
RS081_COLONY_ANCHOR_WORKER_DOSSIERS,P403_REN_OKOYE_BRINE_CARTOGRAPHER_DOSSIER,ar_SA,scanner,101,832.0,447.04,67.84,460.0,2,2,1.161,,C:/hades/Hecton8/Docs/Lore/AppliedContent/packets/RS081_COLONY_ANCHOR_WORKER_DOSSIERS.packets.json
RS081_COLONY_ANCHOR_WORKER_DOSSIERS,P403_REN_OKOYE_BRINE_CARTOGRAPHER_DOSSIER,ar_SA,terminal,138,1104.0,523.2,122.7,520.0,3,2,1.109,TEXT_OVERFLOW_LINES,C:/hades/Hecton8/Docs/Lore/AppliedContent/packets/RS081_COLONY_ANCHOR_WORKER_DOSSIERS.packets.json
RS081_COLONY_ANCHOR_WORKER_DOSSIERS,P403_REN_OKOYE_BRINE_CARTOGRAPHER_DOSSIER,ar_SA,audio,82,797.04,572.4,110.16,620.0,2,2,1.195,,C:/hades/Hecton8/Docs/Lore/AppliedContent/packets/RS081_COLONY_ANCHOR_WORKER_DOSSIERS.packets.json
RS081_COLONY_ANCHOR_WORKER_DOSSIERS,P403_REN_OKOYE_BRINE_CARTOGRAPHER_DOSSIER,ar_SA,in_game_wiki,197,1516.8,622.8,79.8,620.0,3,5,1.077,,C:/hades/Hecton8/Docs/Lore/AppliedContent/packets/RS081_COLONY_ANCHOR_WORKER_DOSSIERS.packets.json
RS081_COLONY_ANCHOR_WORKER_DOSSIERS,P403_REN_OKOYE_BRINE_CARTOGRAPHER_DOSSIER,ar_SA,external_site,107,895.68,618.88,86.08,680.0,2,4,1.148,,C:/hades/Hecton8/Docs/Lore/AppliedContent/packets/RS081_COLONY_ANCHOR_WORKER_DOSSIERS.packets.json
RS081_COLONY_ANCHOR_WORKER_DOSSIERS,P403_REN_OKOYE_BRINE_CARTOGRAPHER_DOSSIER,ar_SA,field_note,70,507.08,507.08,95.48,560.0,1,3,1.249,,C:/hades/Hecton8/Docs/Lore/AppliedContent/packets/RS081_COLONY_ANCHOR_WORKER_DOSSIERS.packets.json
RS081_COLONY_ANCHOR_WORKER_DOSSIERS,P403_REN_OKOYE_BRINE_CARTOGRAPHER_DOSSIER,id_ID,title,49,477.36,280.44,122.76,360.0,2,1,1.374,TEXT_OVERFLOW_LINES;TEXT_EXPANSION_GT_1_35,C:/hades/Hecton8/Docs/Lore/AppliedContent/packets/RS081_COLONY_ANCHOR_WORKER_DOSSIERS.packets.json
RS081_COLONY_ANCHOR_WORKER_DOSSIERS,P403_REN_OKOYE_BRINE_CARTOGRAPHER_DOSSIER,id_ID,scanner,101,832.0,447.04,67.84,460.0,2,2,1.161,,C:/hades/Hecton8/Docs/Lore/AppliedContent/packets/RS081_COLONY_ANCHOR_WORKER_DOSSIERS.packets.json
RS081_COLONY_ANCHOR_WORKER_DOSSIERS,P403_REN_OKOYE_BRINE_CARTOGRAPHER_DOSSIER,id_ID,terminal,138,1104.0,523.2,122.7,520.0,3,2,1.109,TEXT_OVERFLOW_LINES,C:/hades/Hecton8/Docs/Lore/AppliedContent/packets/RS081_COLONY_ANCHOR_WORKER_DOSSIERS.packets.json
RS081_COLONY_ANCHOR_WORKER_DOSSIERS,P403_REN_OKOYE_BRINE_CARTOGRAPHER_DOSSIER,id_ID,audio,82,797.04,572.4,110.16,620.0,2,2,1.195,,C:/hades/Hecton8/Docs/Lore/AppliedContent/packets/RS081_COLONY_ANCHOR_WORKER_DOSSIERS.packets.json
RS081_COLONY_ANCHOR_WORKER_DOSSIERS,P403_REN_OKOYE_BRINE_CARTOGRAPHER_DOSSIER,id_ID,in_game_wiki,197,1516.8,622.8,79.8,620.0,3,5,1.077,,C:/hades/Hecton8/Docs/Lore/AppliedContent/packets/RS081_COLONY_ANCHOR_WORKER_DOSSIERS.packets.json
RS081_COLONY_ANCHOR_WORKER_DOSSIERS,P403_REN_OKOYE_BRINE_CARTOGRAPHER_DOSSIER,id_ID,external_site,107,895.68,618.88,86.08,680.0,2,4,1.148,,C:/hades/Hecton8/Docs/Lore/AppliedContent/packets/RS081_COLONY_ANCHOR_WORKER_DOSSIERS.packets.json
RS081_COLONY_ANCHOR_WORKER_DOSSIERS,P403_REN_OKOYE_BRINE_CARTOGRAPHER_DOSSIER,id_ID,field_note,70,507.08,507.08,95.48,560.0,1,3,1.249,,C:/hades/Hecton8/Docs/Lore/AppliedContent/packets/RS081_COLONY_ANCHOR_WORKER_DOSSIERS.packets.json
RS081_COLONY_ANCHOR_WORKER_DOSSIERS,P403_REN_OKOYE_BRINE_CARTOGRAPHER_DOSSIER,ko_KR,title,49,477.36,280.44,122.76,360.0,2,1,1.374,TEXT_OVERFLOW_LINES;TEXT_EXPANSION_GT_1_35,C:/hades/Hecton8/Docs/Lore/AppliedContent/packets/RS081_COLONY_ANCHOR_WORKER_DOSSIERS.packets.json
RS081_COLONY_ANCHOR_WORKER_DOSSIERS,P403_REN_OKOYE_BRINE_CARTOGRAPHER_DOSSIER,ko_KR,scanner,101,832.0,447.04,67.84,460.0,2,2,1.161,,C:/hades/Hecton8/Docs/Lore/AppliedContent/packets/RS081_COLONY_ANCHOR_WORKER_DOSSIERS.packets.json
RS081_COLONY_ANCHOR_WORKER_DOSSIERS,P403_REN_OKOYE_BRINE_CARTOGRAPHER_DOSSIER,ko_KR,terminal,138,1104.0,523.2,122.7,520.0,3,2,1.109,TEXT_OVERFLOW_LINES,C:/hades/Hecton8/Docs/Lore/AppliedContent/packets/RS081_COLONY_ANCHOR_WORKER_DOSSIERS.packets.json
RS081_COLONY_ANCHOR_WORKER_DOSSIERS,P403_REN_OKOYE_BRINE_CARTOGRAPHER_DOSSIER,ko_KR,audio,82,797.04,572.4,110.16,620.0,2,2,1.195,,C:/hades/Hecton8/Docs/Lore/AppliedContent/packets/RS081_COLONY_ANCHOR_WORKER_DOSSIERS.packets.json
RS081_COLONY_ANCHOR_WORKER_DOSSIERS,P403_REN_OKOYE_BRINE_CARTOGRAPHER_DOSSIER,ko_KR,in_game_wiki,197,1516.8,622.8,79.8,620.0,3,5,1.077,,C:/hades/Hecton8/Docs/Lore/AppliedContent/packets/RS081_COLONY_ANCHOR_WORKER_DOSSIERS.packets.json
RS081_COLONY_ANCHOR_WORKER_DOSSIERS,P403_REN_OKOYE_BRINE_CARTOGRAPHER_DOSSIER,ko_KR,external_site,107,895.68,618.88,86.08,680.0,2,4,1.148,,C:/hades/Hecton8/Docs/Lore/AppliedContent/packets/RS081_COLONY_ANCHOR_WORKER_DOSSIERS.packets.json
RS081_COLONY_ANCHOR_WORKER_DOSSIERS,P403_REN_OKOYE_BRINE_CARTOGRAPHER_DOSSIER,ko_KR,field_note,70,507.08,507.08,95.48,560.0,1,3,1.249,,C:/hades/Hecton8/Docs/Lore/AppliedContent/packets/RS081_COLONY_ANCHOR_WORKER_DOSSIERS.packets.json
RS081_COLONY_ANCHOR_WORKER_DOSSIERS,P403_REN_OKOYE_BRINE_CARTOGRAPHER_DOSSIER,he_IL,title,49,477.36,280.44,122.76,360.0,2,1,1.374,TEXT_OVERFLOW_LINES;TEXT_EXPANSION_GT_1_35,C:/hades/Hecton8/Docs/Lore/AppliedContent/packets/RS081_COLONY_ANCHOR_WORKER_DOSSIERS.packets.json
RS081_COLONY_ANCHOR_WORKER_DOSSIERS,P403_REN_OKOYE_BRINE_CARTOGRAPHER_DOSSIER,he_IL,scanner,101,832.0,447.04,67.84,460.0,2,2,1.161,,C:/hades/Hecton8/Docs/Lore/AppliedContent/packets/RS081_COLONY_ANCHOR_WORKER_DOSSIERS.packets.json
RS081_COLONY_ANCHOR_WORKER_DOSSIERS,P403_REN_OKOYE_BRINE_CARTOGRAPHER_DOSSIER,he_IL,terminal,138,1104.0,523.2,122.7,520.0,3,2,1.109,TEXT_OVERFLOW_LINES,C:/hades/Hecton8/Docs/Lore/AppliedContent/packets/RS081_COLONY_ANCHOR_WORKER_DOSSIERS.packets.json
RS081_COLONY_ANCHOR_WORKER_DOSSIERS,P403_REN_OKOYE_BRINE_CARTOGRAPHER_DOSSIER,he_IL,audio,82,797.04,572.4,110.16,620.0,2,2,1.195,,C:/hades/Hecton8/Docs/Lore/AppliedContent/packets/RS081_COLONY_ANCHOR_WORKER_DOSSIERS.packets.json
RS081_COLONY_ANCHOR_WORKER_DOSSIERS,P403_REN_OKOYE_BRINE_CARTOGRAPHER_DOSSIER,he_IL,in_game_wiki,197,1516.8,622.8,79.8,620.0,3,5,1.077,,C:/hades/Hecton8/Docs/Lore/AppliedContent/packets/RS081_COLONY_ANCHOR_WORKER_DOSSIERS.packets.json
RS081_COLONY_ANCHOR_WORKER_DOSSIERS,P403_REN_OKOYE_BRINE_CARTOGRAPHER_DOSSIER,he_IL,external_site,107,895.68,618.88,86.08,680.0,2,4,1.148,,C:/hades/Hecton8/Docs/Lore/AppliedContent/packets/RS081_COLONY_ANCHOR_WORKER_DOSSIERS.packets.json
RS081_COLONY_ANCHOR_WORKER_DOSSIERS,P403_REN_OKOYE_BRINE_CARTOGRAPHER_DOSSIER,he_IL,field_note,70,507.08,507.08,95.48,560.0,1,3,1.249,,C:/hades/Hecton8/Docs/Lore/AppliedContent/packets/RS081_COLONY_ANCHOR_WORKER_DOSSIERS.packets.json
RS081_COLONY_ANCHOR_WORKER_DOSSIERS,P403_REN_OKOYE_BRINE_CARTOGRAPHER_DOSSIER,pt_BR,title,49,477.36,280.44,122.76,360.0,2,1,1.374,TEXT_OVERFLOW_LINES;TEXT_EXPANSION_GT_1_35,C:/hades/Hecton8/Docs/Lore/AppliedContent/packets/RS081_COLONY_ANCHOR_WORKER_DOSSIERS.packets.json
RS081_COLONY_ANCHOR_WORKER_DOSSIERS,P403_REN_OKOYE_BRINE_CARTOGRAPHER_DOSSIER,pt_BR,scanner,101,832.0,447.04,67.84,460.0,2,2,1.161,,C:/hades/Hecton8/Docs/Lore/AppliedContent/packets/RS081_COLONY_ANCHOR_WORKER_DOSSIERS.packets.json
RS081_COLONY_ANCHOR_WORKER_DOSSIERS,P403_REN_OKOYE_BRINE_CARTOGRAPHER_DOSSIER,pt_BR,terminal,138,1104.0,523.2,122.7,520.0,3,2,1.109,TEXT_OVERFLOW_LINES,C:/hades/Hecton8/Docs/Lore/AppliedContent/packets/RS081_COLONY_ANCHOR_WORKER_DOSSIERS.packets.json
RS081_COLONY_ANCHOR_WORKER_DOSSIERS,P403_REN_OKOYE_BRINE_CARTOGRAPHER_DOSSIER,pt_BR,audio,82,797.04,572.4,110.16,620.0,2,2,1.195,,C:/hades/Hecton8/Docs/Lore/AppliedContent/packets/RS081_COLONY_ANCHOR_WORKER_DOSSIERS.packets.json
RS081_COLONY_ANCHOR_WORKER_DOSSIERS,P403_REN_OKOYE_BRINE_CARTOGRAPHER_DOSSIER,pt_BR,in_game_wiki,197,1516.8,622.8,79.8,620.0,3,5,1.077,,C:/hades/Hecton8/Docs/Lore/AppliedContent/packets/RS081_COLONY_ANCHOR_WORKER_DOSSIERS.packets.json
RS081_COLONY_ANCHOR_WORKER_DOSSIERS,P403_REN_OKOYE_BRINE_CARTOGRAPHER_DOSSIER,pt_BR,external_site,107,895.68,618.88,86.08,680.0,2,4,1.148,,C:/hades/Hecton8/Docs/Lore/AppliedContent/packets/RS081_COLONY_ANCHOR_WORKER_DOSSIERS.packets.json
RS081_COLONY_ANCHOR_WORKER_DOSSIERS,P403_REN_OKOYE_BRINE_CARTOGRAPHER_DOSSIER,pt_BR,field_note,70,507.08,507.08,95.48,560.0,1,3,1.249,,C:/hades/Hecton8/Docs/Lore/AppliedContent/packets/RS081_COLONY_ANCHOR_WORKER_DOSSIERS.packets.json
RS081_COLONY_ANCHOR_WORKER_DOSSIERS,P403_REN_OKOYE_BRINE_CARTOGRAPHER_DOSSIER,nl_NL,title,49,477.36,280.44,122.76,360.0,2,1,1.374,TEXT_OVERFLOW_LINES;TEXT_EXPANSION_GT_1_35,C:/hades/Hecton8/Docs/Lore/AppliedContent/packets/RS081_COLONY_ANCHOR_WORKER_DOSSIERS.packets.json
RS081_COLONY_ANCHOR_WORKER_DOSSIERS,P403_REN_OKOYE_BRINE_CARTOGRAPHER_DOSSIER,nl_NL,scanner,101,832.0,447.04,67.84,460.0,2,2,1.161,,C:/hades/Hecton8/Docs/Lore/AppliedContent/packets/RS081_COLONY_ANCHOR_WORKER_DOSSIERS.packets.json
RS081_COLONY_ANCHOR_WORKER_DOSSIERS,P403_REN_OKOYE_BRINE_CARTOGRAPHER_DOSSIER,nl_NL,terminal,138,1104.0,523.2,122.7,520.0,3,2,1.109,TEXT_OVERFLOW_LINES,C:/hades/Hecton8/Docs/Lore/AppliedContent/packets/RS081_COLONY_ANCHOR_WORKER_DOSSIERS.packets.json
RS081_COLONY_ANCHOR_WORKER_DOSSIERS,P403_REN_OKOYE_BRINE_CARTOGRAPHER_DOSSIER,nl_NL,audio,82,797.04,572.4,110.16,620.0,2,2,1.195,,C:/hades/Hecton8/Docs/Lore/AppliedContent/packets/RS081_COLONY_ANCHOR_WORKER_DOSSIERS.packets.json
RS081_COLONY_ANCHOR_WORKER_DOSSIERS,P403_REN_OKOYE_BRINE_CARTOGRAPHER_DOSSIER,nl_NL,in_game_wiki,197,1516.8,622.8,79.8,620.0,3,5,1.077,,C:/hades/Hecton8/Docs/Lore/AppliedContent/packets/RS081_COLONY_ANCHOR_WORKER_DOSSIERS.packets.json
RS081_COLONY_ANCHOR_WORKER_DOSSIERS,P403_REN_OKOYE_BRINE_CARTOGRAPHER_DOSSIER,nl_NL,external_site,107,895.68,618.88,86.08,680.0,2,4,1.148,,C:/hades/Hecton8/Docs/Lore/AppliedContent/packets/RS081_COLONY_ANCHOR_WORKER_DOSSIERS.packets.json
RS081_COLONY_ANCHOR_WORKER_DOSSIERS,P403_REN_OKOYE_BRINE_CARTOGRAPHER_DOSSIER,nl_NL,field_note,70,507.08,507.08,95.48,560.0,1,3,1.249,,C:/hades/Hecton8/Docs/Lore/AppliedContent/packets/RS081_COLONY_ANCHOR_WORKER_DOSSIERS.packets.json
RS081_COLONY_ANCHOR_WORKER_DOSSIERS,P404_SAHANA_IQBAL_TRIAGE_MECHANIC_DOSSIER,en_US,title,36,338.76,338.76,78.12,360.0,1,1,1.0,,C:/hades/Hecton8/Docs/Lore/AppliedContent/packets/RS081_COLONY_ANCHOR_WORKER_DOSSIERS.packets.json
RS081_COLONY_ANCHOR_WORKER_DOSSIERS,P404_SAHANA_IQBAL_TRIAGE_MECHANIC_DOSSIER,en_US,scanner,102,837.76,440.96,85.76,460.0,2,2,1.0,,C:/hades/Hecton8/Docs/Lore/AppliedContent/packets/RS081_COLONY_ANCHOR_WORKER_DOSSIERS.packets.json
RS081_COLONY_ANCHOR_WORKER_DOSSIERS,P404_SAHANA_IQBAL_TRIAGE_MECHANIC_DOSSIER,en_US,terminal,138,1103.1,520.8,83.1,520.0,3,2,1.0,TEXT_OVERFLOW_LINES,C:/hades/Hecton8/Docs/Lore/AppliedContent/packets/RS081_COLONY_ANCHOR_WORKER_DOSSIERS.packets.json
RS081_COLONY_ANCHOR_WORKER_DOSSIERS,P404_SAHANA_IQBAL_TRIAGE_MECHANIC_DOSSIER,en_US,audio,72,659.16,622.8,65.16,620.0,2,2,1.0,,C:/hades/Hecton8/Docs/Lore/AppliedContent/packets/RS081_COLONY_ANCHOR_WORKER_DOSSIERS.packets.json
RS081_COLONY_ANCHOR_WORKER_DOSSIERS,P404_SAHANA_IQBAL_TRIAGE_MECHANIC_DOSSIER,en_US,in_game_wiki,167,1279.8,606.3,80.4,620.0,3,5,1.0,,C:/hades/Hecton8/Docs/Lore/AppliedContent/packets/RS081_COLONY_ANCHOR_WORKER_DOSSIERS.packets.json
RS081_COLONY_ANCHOR_WORKER_DOSSIERS,P404_SAHANA_IQBAL_TRIAGE_MECHANIC_DOSSIER,en_US,external_site,94,781.44,671.68,84.8,680.0,2,4,1.0,,C:/hades/Hecton8/Docs/Lore/AppliedContent/packets/RS081_COLONY_ANCHOR_WORKER_DOSSIERS.packets.json
RS081_COLONY_ANCHOR_WORKER_DOSSIERS,P404_SAHANA_IQBAL_TRIAGE_MECHANIC_DOSSIER,en_US,field_note,61,430.92,430.92,75.04,560.0,1,3,1.0,,C:/hades/Hecton8/Docs/Lore/AppliedContent/packets/RS081_COLONY_ANCHOR_WORKER_DOSSIERS.packets.json
RS081_COLONY_ANCHOR_WORKER_DOSSIERS,P404_SAHANA_IQBAL_TRIAGE_MECHANIC_DOSSIER,ru_RU,title,39,387.36,282.96,104.4,360.0,2,1,1.143,TEXT_OVERFLOW_LINES,C:/hades/Hecton8/Docs/Lore/AppliedContent/packets/RS081_COLONY_ANCHOR_WORKER_DOSSIERS.packets.json
RS081_COLONY_ANCHOR_WORKER_DOSSIERS,P404_SAHANA_IQBAL_TRIAGE_MECHANIC_DOSSIER,ru_RU,scanner,106,922.24,436.16,102.08,460.0,3,2,1.101,TEXT_OVERFLOW_LINES,C:/hades/Hecton8/Docs/Lore/AppliedContent/packets/RS081_COLONY_ANCHOR_WORKER_DOSSIERS.packets.json
RS081_COLONY_ANCHOR_WORKER_DOSSIERS,P404_SAHANA_IQBAL_TRIAGE_MECHANIC_DOSSIER,ru_RU,terminal,147,1215.0,510.0,104.4,520.0,3,2,1.101,TEXT_OVERFLOW_LINES,C:/hades/Hecton8/Docs/Lore/AppliedContent/packets/RS081_COLONY_ANCHOR_WORKER_DOSSIERS.packets.json
RS081_COLONY_ANCHOR_WORKER_DOSSIERS,P404_SAHANA_IQBAL_TRIAGE_MECHANIC_DOSSIER,ru_RU,audio,85,820.44,584.28,109.08,620.0,2,2,1.245,,C:/hades/Hecton8/Docs/Lore/AppliedContent/packets/RS081_COLONY_ANCHOR_WORKER_DOSSIERS.packets.json
RS081_COLONY_ANCHOR_WORKER_DOSSIERS,P404_SAHANA_IQBAL_TRIAGE_MECHANIC_DOSSIER,ru_RU,in_game_wiki,143,1161.3,615.3,99.6,620.0,2,5,0.907,,C:/hades/Hecton8/Docs/Lore/AppliedContent/packets/RS081_COLONY_ANCHOR_WORKER_DOSSIERS.packets.json
RS081_COLONY_ANCHOR_WORKER_DOSSIERS,P404_SAHANA_IQBAL_TRIAGE_MECHANIC_DOSSIER,ru_RU,external_site,104,907.2,682.56,111.36,680.0,2,4,1.161,,C:/hades/Hecton8/Docs/Lore/AppliedContent/packets/RS081_COLONY_ANCHOR_WORKER_DOSSIERS.packets.json
RS081_COLONY_ANCHOR_WORKER_DOSSIERS,P404_SAHANA_IQBAL_TRIAGE_MECHANIC_DOSSIER,ru_RU,field_note,78,602.84,550.48,105.56,560.0,2,3,1.399,,C:/hades/Hecton8/Docs/Lore/AppliedContent/packets/RS081_COLONY_ANCHOR_WORKER_DOSSIERS.packets.json
RS081_COLONY_ANCHOR_WORKER_DOSSIERS,P404_SAHANA_IQBAL_TRIAGE_MECHANIC_DOSSIER,ja_JP,title,49,468.72,316.44,78.12,360.0,2,1,1.384,TEXT_OVERFLOW_LINES;TEXT_EXPANSION_GT_1_35,C:/hades/Hecton8/Docs/Lore/AppliedContent/packets/RS081_COLONY_ANCHOR_WORKER_DOSSIERS.packets.json
RS081_COLONY_ANCHOR_WORKER_DOSSIERS,P404_SAHANA_IQBAL_TRIAGE_MECHANIC_DOSSIER,ja_JP,scanner,115,953.28,418.56,85.76,460.0,3,2,1.138,TEXT_OVERFLOW_LINES,C:/hades/Hecton8/Docs/Lore/AppliedContent/packets/RS081_COLONY_ANCHOR_WORKER_DOSSIERS.packets.json
RS081_COLONY_ANCHOR_WORKER_DOSSIERS,P404_SAHANA_IQBAL_TRIAGE_MECHANIC_DOSSIER,ja_JP,terminal,151,1211.4,511.2,83.1,520.0,3,2,1.098,TEXT_OVERFLOW_LINES,C:/hades/Hecton8/Docs/Lore/AppliedContent/packets/RS081_COLONY_ANCHOR_WORKER_DOSSIERS.packets.json
RS081_COLONY_ANCHOR_WORKER_DOSSIERS,P404_SAHANA_IQBAL_TRIAGE_MECHANIC_DOSSIER,ja_JP,audio,85,789.12,592.92,65.16,620.0,2,2,1.197,,C:/hades/Hecton8/Docs/Lore/AppliedContent/packets/RS081_COLONY_ANCHOR_WORKER_DOSSIERS.packets.json
RS081_COLONY_ANCHOR_WORKER_DOSSIERS,P404_SAHANA_IQBAL_TRIAGE_MECHANIC_DOSSIER,ja_JP,in_game_wiki,180,1388.1,618.9,80.4,620.0,3,5,1.085,,C:/hades/Hecton8/Docs/Lore/AppliedContent/packets/RS081_COLONY_ANCHOR_WORKER_DOSSIERS.packets.json
RS081_COLONY_ANCHOR_WORKER_DOSSIERS,P404_SAHANA_IQBAL_TRIAGE_MECHANIC_DOSSIER,ja_JP,external_site,107,896.96,663.68,84.8,680.0,2,4,1.148,,C:/hades/Hecton8/Docs/Lore/AppliedContent/packets/RS081_COLONY_ANCHOR_WORKER_DOSSIERS.packets.json
RS081_COLONY_ANCHOR_WORKER_DOSSIERS,P404_SAHANA_IQBAL_TRIAGE_MECHANIC_DOSSIER,ja_JP,field_note,74,532.0,532.0,75.04,560.0,1,3,1.235,,C:/hades/Hecton8/Docs/Lore/AppliedContent/packets/RS081_COLONY_ANCHOR_WORKER_DOSSIERS.packets.json
RS081_COLONY_ANCHOR_WORKER_DOSSIERS,P404_SAHANA_IQBAL_TRIAGE_MECHANIC_DOSSIER,zh_CN,title,49,468.72,316.44,78.12,360.0,2,1,1.384,TEXT_OVERFLOW_LINES;TEXT_EXPANSION_GT_1_35,C:/hades/Hecton8/Docs/Lore/AppliedContent/packets/RS081_COLONY_ANCHOR_WORKER_DOSSIERS.packets.json
RS081_COLONY_ANCHOR_WORKER_DOSSIERS,P404_SAHANA_IQBAL_TRIAGE_MECHANIC_DOSSIER,zh_CN,scanner,115,953.28,418.56,85.76,460.0,3,2,1.138,TEXT_OVERFLOW_LINES,C:/hades/Hecton8/Docs/Lore/AppliedContent/packets/RS081_COLONY_ANCHOR_WORKER_DOSSIERS.packets.json
RS081_COLONY_ANCHOR_WORKER_DOSSIERS,P404_SAHANA_IQBAL_TRIAGE_MECHANIC_DOSSIER,zh_CN,terminal,151,1211.4,511.2,83.1,520.0,3,2,1.098,TEXT_OVERFLOW_LINES,C:/hades/Hecton8/Docs/Lore/AppliedContent/packets/RS081_COLONY_ANCHOR_WORKER_DOSSIERS.packets.json
RS081_COLONY_ANCHOR_WORKER_DOSSIERS,P404_SAHANA_IQBAL_TRIAGE_MECHANIC_DOSSIER,zh_CN,audio,85,789.12,592.92,65.16,620.0,2,2,1.197,,C:/hades/Hecton8/Docs/Lore/AppliedContent/packets/RS081_COLONY_ANCHOR_WORKER_DOSSIERS.packets.json
RS081_COLONY_ANCHOR_WORKER_DOSSIERS,P404_SAHANA_IQBAL_TRIAGE_MECHANIC_DOSSIER,zh_CN,in_game_wiki,180,1388.1,618.9,80.4,620.0,3,5,1.085,,C:/hades/Hecton8/Docs/Lore/AppliedContent/packets/RS081_COLONY_ANCHOR_WORKER_DOSSIERS.packets.json
RS081_COLONY_ANCHOR_WORKER_DOSSIERS,P404_SAHANA_IQBAL_TRIAGE_MECHANIC_DOSSIER,zh_CN,external_site,107,896.96,663.68,84.8,680.0,2,4,1.148,,C:/hades/Hecton8/Docs/Lore/AppliedContent/packets/RS081_COLONY_ANCHOR_WORKER_DOSSIERS.packets.json
RS081_COLONY_ANCHOR_WORKER_DOSSIERS,P404_SAHANA_IQBAL_TRIAGE_MECHANIC_DOSSIER,zh_CN,field_note,74,532.0,532.0,75.04,560.0,1,3,1.235,,C:/hades/Hecton8/Docs/Lore/AppliedContent/packets/RS081_COLONY_ANCHOR_WORKER_DOSSIERS.packets.json
RS081_COLONY_ANCHOR_WORKER_DOSSIERS,P404_SAHANA_IQBAL_TRIAGE_MECHANIC_DOSSIER,fr_FR,title,49,468.72,316.44,78.12,360.0,2,1,1.384,TEXT_OVERFLOW_LINES;TEXT_EXPANSION_GT_1_35,C:/hades/Hecton8/Docs/Lore/AppliedContent/packets/RS081_COLONY_ANCHOR_WORKER_DOSSIERS.packets.json
RS081_COLONY_ANCHOR_WORKER_DOSSIERS,P404_SAHANA_IQBAL_TRIAGE_MECHANIC_DOSSIER,fr_FR,scanner,115,953.28,418.56,85.76,460.0,3,2,1.138,TEXT_OVERFLOW_LINES,C:/hades/Hecton8/Docs/Lore/AppliedContent/packets/RS081_COLONY_ANCHOR_WORKER_DOSSIERS.packets.json
RS081_COLONY_ANCHOR_WORKER_DOSSIERS,P404_SAHANA_IQBAL_TRIAGE_MECHANIC_DOSSIER,fr_FR,terminal,151,1211.4,511.2,83.1,520.0,3,2,1.098,TEXT_OVERFLOW_LINES,C:/hades/Hecton8/Docs/Lore/AppliedContent/packets/RS081_COLONY_ANCHOR_WORKER_DOSSIERS.packets.json
RS081_COLONY_ANCHOR_WORKER_DOSSIERS,P404_SAHANA_IQBAL_TRIAGE_MECHANIC_DOSSIER,fr_FR,audio,85,789.12,592.92,65.16,620.0,2,2,1.197,,C:/hades/Hecton8/Docs/Lore/AppliedContent/packets/RS081_COLONY_ANCHOR_WORKER_DOSSIERS.packets.json
RS081_COLONY_ANCHOR_WORKER_DOSSIERS,P404_SAHANA_IQBAL_TRIAGE_MECHANIC_DOSSIER,fr_FR,in_game_wiki,180,1388.1,618.9,80.4,620.0,3,5,1.085,,C:/hades/Hecton8/Docs/Lore/AppliedContent/packets/RS081_COLONY_ANCHOR_WORKER_DOSSIERS.packets.json
RS081_COLONY_ANCHOR_WORKER_DOSSIERS,P404_SAHANA_IQBAL_TRIAGE_MECHANIC_DOSSIER,fr_FR,external_site,107,896.96,663.68,84.8,680.0,2,4,1.148,,C:/hades/Hecton8/Docs/Lore/AppliedContent/packets/RS081_COLONY_ANCHOR_WORKER_DOSSIERS.packets.json
RS081_COLONY_ANCHOR_WORKER_DOSSIERS,P404_SAHANA_IQBAL_TRIAGE_MECHANIC_DOSSIER,fr_FR,field_note,74,532.0,532.0,75.04,560.0,1,3,1.235,,C:/hades/Hecton8/Docs/Lore/AppliedContent/packets/RS081_COLONY_ANCHOR_WORKER_DOSSIERS.packets.json
RS081_COLONY_ANCHOR_WORKER_DOSSIERS,P404_SAHANA_IQBAL_TRIAGE_MECHANIC_DOSSIER,es_ES,title,49,468.72,316.44,78.12,360.0,2,1,1.384,TEXT_OVERFLOW_LINES;TEXT_EXPANSION_GT_1_35,C:/hades/Hecton8/Docs/Lore/AppliedContent/packets/RS081_COLONY_ANCHOR_WORKER_DOSSIERS.packets.json
RS081_COLONY_ANCHOR_WORKER_DOSSIERS,P404_SAHANA_IQBAL_TRIAGE_MECHANIC_DOSSIER,es_ES,scanner,115,953.28,418.56,85.76,460.0,3,2,1.138,TEXT_OVERFLOW_LINES,C:/hades/Hecton8/Docs/Lore/AppliedContent/packets/RS081_COLONY_ANCHOR_WORKER_DOSSIERS.packets.json
RS081_COLONY_ANCHOR_WORKER_DOSSIERS,P404_SAHANA_IQBAL_TRIAGE_MECHANIC_DOSSIER,es_ES,terminal,151,1211.4,511.2,83.1,520.0,3,2,1.098,TEXT_OVERFLOW_LINES,C:/hades/Hecton8/Docs/Lore/AppliedContent/packets/RS081_COLONY_ANCHOR_WORKER_DOSSIERS.packets.json
RS081_COLONY_ANCHOR_WORKER_DOSSIERS,P404_SAHANA_IQBAL_TRIAGE_MECHANIC_DOSSIER,es_ES,audio,85,789.12,592.92,65.16,620.0,2,2,1.197,,C:/hades/Hecton8/Docs/Lore/AppliedContent/packets/RS081_COLONY_ANCHOR_WORKER_DOSSIERS.packets.json
RS081_COLONY_ANCHOR_WORKER_DOSSIERS,P404_SAHANA_IQBAL_TRIAGE_MECHANIC_DOSSIER,es_ES,in_game_wiki,180,1388.1,618.9,80.4,620.0,3,5,1.085,,C:/hades/Hecton8/Docs/Lore/AppliedContent/packets/RS081_COLONY_ANCHOR_WORKER_DOSSIERS.packets.json
RS081_COLONY_ANCHOR_WORKER_DOSSIERS,P404_SAHANA_IQBAL_TRIAGE_MECHANIC_DOSSIER,es_ES,external_site,107,896.96,663.68,84.8,680.0,2,4,1.148,,C:/hades/Hecton8/Docs/Lore/AppliedContent/packets/RS081_COLONY_ANCHOR_WORKER_DOSSIERS.packets.json
RS081_COLONY_ANCHOR_WORKER_DOSSIERS,P404_SAHANA_IQBAL_TRIAGE_MECHANIC_DOSSIER,es_ES,field_note,74,532.0,532.0,75.04,560.0,1,3,1.235,,C:/hades/Hecton8/Docs/Lore/AppliedContent/packets/RS081_COLONY_ANCHOR_WORKER_DOSSIERS.packets.json
RS081_COLONY_ANCHOR_WORKER_DOSSIERS,P404_SAHANA_IQBAL_TRIAGE_MECHANIC_DOSSIER,de_DE,title,49,468.72,316.44,78.12,360.0,2,1,1.384,TEXT_OVERFLOW_LINES;TEXT_EXPANSION_GT_1_35,C:/hades/Hecton8/Docs/Lore/AppliedContent/packets/RS081_COLONY_ANCHOR_WORKER_DOSSIERS.packets.json
RS081_COLONY_ANCHOR_WORKER_DOSSIERS,P404_SAHANA_IQBAL_TRIAGE_MECHANIC_DOSSIER,de_DE,scanner,115,953.28,418.56,85.76,460.0,3,2,1.138,TEXT_OVERFLOW_LINES,C:/hades/Hecton8/Docs/Lore/AppliedContent/packets/RS081_COLONY_ANCHOR_WORKER_DOSSIERS.packets.json
RS081_COLONY_ANCHOR_WORKER_DOSSIERS,P404_SAHANA_IQBAL_TRIAGE_MECHANIC_DOSSIER,de_DE,terminal,151,1211.4,511.2,83.1,520.0,3,2,1.098,TEXT_OVERFLOW_LINES,C:/hades/Hecton8/Docs/Lore/AppliedContent/packets/RS081_COLONY_ANCHOR_WORKER_DOSSIERS.packets.json
RS081_COLONY_ANCHOR_WORKER_DOSSIERS,P404_SAHANA_IQBAL_TRIAGE_MECHANIC_DOSSIER,de_DE,audio,85,789.12,592.92,65.16,620.0,2,2,1.197,,C:/hades/Hecton8/Docs/Lore/AppliedContent/packets/RS081_COLONY_ANCHOR_WORKER_DOSSIERS.packets.json
RS081_COLONY_ANCHOR_WORKER_DOSSIERS,P404_SAHANA_IQBAL_TRIAGE_MECHANIC_DOSSIER,de_DE,in_game_wiki,180,1388.1,618.9,80.4,620.0,3,5,1.085,,C:/hades/Hecton8/Docs/Lore/AppliedContent/packets/RS081_COLONY_ANCHOR_WORKER_DOSSIERS.packets.json
RS081_COLONY_ANCHOR_WORKER_DOSSIERS,P404_SAHANA_IQBAL_TRIAGE_MECHANIC_DOSSIER,de_DE,external_site,107,896.96,663.68,84.8,680.0,2,4,1.148,,C:/hades/Hecton8/Docs/Lore/AppliedContent/packets/RS081_COLONY_ANCHOR_WORKER_DOSSIERS.packets.json
RS081_COLONY_ANCHOR_WORKER_DOSSIERS,P404_SAHANA_IQBAL_TRIAGE_MECHANIC_DOSSIER,de_DE,field_note,74,532.0,532.0,75.04,560.0,1,3,1.235,,C:/hades/Hecton8/Docs/Lore/AppliedContent/packets/RS081_COLONY_ANCHOR_WORKER_DOSSIERS.packets.json
RS081_COLONY_ANCHOR_WORKER_DOSSIERS,P404_SAHANA_IQBAL_TRIAGE_MECHANIC_DOSSIER,pl_PL,title,49,468.72,316.44,78.12,360.0,2,1,1.384,TEXT_OVERFLOW_LINES;TEXT_EXPANSION_GT_1_35,C:/hades/Hecton8/Docs/Lore/AppliedContent/packets/RS081_COLONY_ANCHOR_WORKER_DOSSIERS.packets.json
RS081_COLONY_ANCHOR_WORKER_DOSSIERS,P404_SAHANA_IQBAL_TRIAGE_MECHANIC_DOSSIER,pl_PL,scanner,115,953.28,418.56,85.76,460.0,3,2,1.138,TEXT_OVERFLOW_LINES,C:/hades/Hecton8/Docs/Lore/AppliedContent/packets/RS081_COLONY_ANCHOR_WORKER_DOSSIERS.packets.json
RS081_COLONY_ANCHOR_WORKER_DOSSIERS,P404_SAHANA_IQBAL_TRIAGE_MECHANIC_DOSSIER,pl_PL,terminal,151,1211.4,511.2,83.1,520.0,3,2,1.098,TEXT_OVERFLOW_LINES,C:/hades/Hecton8/Docs/Lore/AppliedContent/packets/RS081_COLONY_ANCHOR_WORKER_DOSSIERS.packets.json
RS081_COLONY_ANCHOR_WORKER_DOSSIERS,P404_SAHANA_IQBAL_TRIAGE_MECHANIC_DOSSIER,pl_PL,audio,85,789.12,592.92,65.16,620.0,2,2,1.197,,C:/hades/Hecton8/Docs/Lore/AppliedContent/packets/RS081_COLONY_ANCHOR_WORKER_DOSSIERS.packets.json
RS081_COLONY_ANCHOR_WORKER_DOSSIERS,P404_SAHANA_IQBAL_TRIAGE_MECHANIC_DOSSIER,pl_PL,in_game_wiki,180,1388.1,618.9,80.4,620.0,3,5,1.085,,C:/hades/Hecton8/Docs/Lore/AppliedContent/packets/RS081_COLONY_ANCHOR_WORKER_DOSSIERS.packets.json
RS081_COLONY_ANCHOR_WORKER_DOSSIERS,P404_SAHANA_IQBAL_TRIAGE_MECHANIC_DOSSIER,pl_PL,external_site,107,896.96,663.68,84.8,680.0,2,4,1.148,,C:/hades/Hecton8/Docs/Lore/AppliedContent/packets/RS081_COLONY_ANCHOR_WORKER_DOSSIERS.packets.json
RS081_COLONY_ANCHOR_WORKER_DOSSIERS,P404_SAHANA_IQBAL_TRIAGE_MECHANIC_DOSSIER,pl_PL,field_note,74,532.0,532.0,75.04,560.0,1,3,1.235,,C:/hades/Hecton8/Docs/Lore/AppliedContent/packets/RS081_COLONY_ANCHOR_WORKER_DOSSIERS.packets.json
RS081_COLONY_ANCHOR_WORKER_DOSSIERS,P404_SAHANA_IQBAL_TRIAGE_MECHANIC_DOSSIER,uk_UA,title,49,468.72,316.44,78.12,360.0,2,1,1.384,TEXT_OVERFLOW_LINES;TEXT_EXPANSION_GT_1_35,C:/hades/Hecton8/Docs/Lore/AppliedContent/packets/RS081_COLONY_ANCHOR_WORKER_DOSSIERS.packets.json
RS081_COLONY_ANCHOR_WORKER_DOSSIERS,P404_SAHANA_IQBAL_TRIAGE_MECHANIC_DOSSIER,uk_UA,scanner,115,953.28,418.56,85.76,460.0,3,2,1.138,TEXT_OVERFLOW_LINES,C:/hades/Hecton8/Docs/Lore/AppliedContent/packets/RS081_COLONY_ANCHOR_WORKER_DOSSIERS.packets.json
RS081_COLONY_ANCHOR_WORKER_DOSSIERS,P404_SAHANA_IQBAL_TRIAGE_MECHANIC_DOSSIER,uk_UA,terminal,151,1211.4,511.2,83.1,520.0,3,2,1.098,TEXT_OVERFLOW_LINES,C:/hades/Hecton8/Docs/Lore/AppliedContent/packets/RS081_COLONY_ANCHOR_WORKER_DOSSIERS.packets.json
RS081_COLONY_ANCHOR_WORKER_DOSSIERS,P404_SAHANA_IQBAL_TRIAGE_MECHANIC_DOSSIER,uk_UA,audio,85,789.12,592.92,65.16,620.0,2,2,1.197,,C:/hades/Hecton8/Docs/Lore/AppliedContent/packets/RS081_COLONY_ANCHOR_WORKER_DOSSIERS.packets.json
RS081_COLONY_ANCHOR_WORKER_DOSSIERS,P404_SAHANA_IQBAL_TRIAGE_MECHANIC_DOSSIER,uk_UA,in_game_wiki,180,1388.1,618.9,80.4,620.0,3,5,1.085,,C:/hades/Hecton8/Docs/Lore/AppliedContent/packets/RS081_COLONY_ANCHOR_WORKER_DOSSIERS.packets.json
RS081_COLONY_ANCHOR_WORKER_DOSSIERS,P404_SAHANA_IQBAL_TRIAGE_MECHANIC_DOSSIER,uk_UA,external_site,107,896.96,663.68,84.8,680.0,2,4,1.148,,C:/hades/Hecton8/Docs/Lore/AppliedContent/packets/RS081_COLONY_ANCHOR_WORKER_DOSSIERS.packets.json
RS081_COLONY_ANCHOR_WORKER_DOSSIERS,P404_SAHANA_IQBAL_TRIAGE_MECHANIC_DOSSIER,uk_UA,field_note,74,532.0,532.0,75.04,560.0,1,3,1.235,,C:/hades/Hecton8/Docs/Lore/AppliedContent/packets/RS081_COLONY_ANCHOR_WORKER_DOSSIERS.packets.json
RS081_COLONY_ANCHOR_WORKER_DOSSIERS,P404_SAHANA_IQBAL_TRIAGE_MECHANIC_DOSSIER,ar_SA,title,49,468.72,316.44,78.12,360.0,2,1,1.384,TEXT_OVERFLOW_LINES;TEXT_EXPANSION_GT_1_35,C:/hades/Hecton8/Docs/Lore/AppliedContent/packets/RS081_COLONY_ANCHOR_WORKER_DOSSIERS.packets.json
RS081_COLONY_ANCHOR_WORKER_DOSSIERS,P404_SAHANA_IQBAL_TRIAGE_MECHANIC_DOSSIER,ar_SA,scanner,115,953.28,418.56,85.76,460.0,3,2,1.138,TEXT_OVERFLOW_LINES,C:/hades/Hecton8/Docs/Lore/AppliedContent/packets/RS081_COLONY_ANCHOR_WORKER_DOSSIERS.packets.json
RS081_COLONY_ANCHOR_WORKER_DOSSIERS,P404_SAHANA_IQBAL_TRIAGE_MECHANIC_DOSSIER,ar_SA,terminal,151,1211.4,511.2,83.1,520.0,3,2,1.098,TEXT_OVERFLOW_LINES,C:/hades/Hecton8/Docs/Lore/AppliedContent/packets/RS081_COLONY_ANCHOR_WORKER_DOSSIERS.packets.json
RS081_COLONY_ANCHOR_WORKER_DOSSIERS,P404_SAHANA_IQBAL_TRIAGE_MECHANIC_DOSSIER,ar_SA,audio,85,789.12,592.92,65.16,620.0,2,2,1.197,,C:/hades/Hecton8/Docs/Lore/AppliedContent/packets/RS081_COLONY_ANCHOR_WORKER_DOSSIERS.packets.json
RS081_COLONY_ANCHOR_WORKER_DOSSIERS,P404_SAHANA_IQBAL_TRIAGE_MECHANIC_DOSSIER,ar_SA,in_game_wiki,180,1388.1,618.9,80.4,620.0,3,5,1.085,,C:/hades/Hecton8/Docs/Lore/AppliedContent/packets/RS081_COLONY_ANCHOR_WORKER_DOSSIERS.packets.json
RS081_COLONY_ANCHOR_WORKER_DOSSIERS,P404_SAHANA_IQBAL_TRIAGE_MECHANIC_DOSSIER,ar_SA,external_site,107,896.96,663.68,84.8,680.0,2,4,1.148,,C:/hades/Hecton8/Docs/Lore/AppliedContent/packets/RS081_COLONY_ANCHOR_WORKER_DOSSIERS.packets.json
RS081_COLONY_ANCHOR_WORKER_DOSSIERS,P404_SAHANA_IQBAL_TRIAGE_MECHANIC_DOSSIER,ar_SA,field_note,74,532.0,532.0,75.04,560.0,1,3,1.235,,C:/hades/Hecton8/Docs/Lore/AppliedContent/packets/RS081_COLONY_ANCHOR_WORKER_DOSSIERS.packets.json
RS081_COLONY_ANCHOR_WORKER_DOSSIERS,P404_SAHANA_IQBAL_TRIAGE_MECHANIC_DOSSIER,id_ID,title,49,468.72,316.44,78.12,360.0,2,1,1.384,TEXT_OVERFLOW_LINES;TEXT_EXPANSION_GT_1_35,C:/hades/Hecton8/Docs/Lore/AppliedContent/packets/RS081_COLONY_ANCHOR_WORKER_DOSSIERS.packets.json
RS081_COLONY_ANCHOR_WORKER_DOSSIERS,P404_SAHANA_IQBAL_TRIAGE_MECHANIC_DOSSIER,id_ID,scanner,115,953.28,418.56,85.76,460.0,3,2,1.138,TEXT_OVERFLOW_LINES,C:/hades/Hecton8/Docs/Lore/AppliedContent/packets/RS081_COLONY_ANCHOR_WORKER_DOSSIERS.packets.json
RS081_COLONY_ANCHOR_WORKER_DOSSIERS,P404_SAHANA_IQBAL_TRIAGE_MECHANIC_DOSSIER,id_ID,terminal,151,1211.4,511.2,83.1,520.0,3,2,1.098,TEXT_OVERFLOW_LINES,C:/hades/Hecton8/Docs/Lore/AppliedContent/packets/RS081_COLONY_ANCHOR_WORKER_DOSSIERS.packets.json
RS081_COLONY_ANCHOR_WORKER_DOSSIERS,P404_SAHANA_IQBAL_TRIAGE_MECHANIC_DOSSIER,id_ID,audio,85,789.12,592.92,65.16,620.0,2,2,1.197,,C:/hades/Hecton8/Docs/Lore/AppliedContent/packets/RS081_COLONY_ANCHOR_WORKER_DOSSIERS.packets.json
RS081_COLONY_ANCHOR_WORKER_DOSSIERS,P404_SAHANA_IQBAL_TRIAGE_MECHANIC_DOSSIER,id_ID,in_game_wiki,180,1388.1,618.9,80.4,620.0,3,5,1.085,,C:/hades/Hecton8/Docs/Lore/AppliedContent/packets/RS081_COLONY_ANCHOR_WORKER_DOSSIERS.packets.json
RS081_COLONY_ANCHOR_WORKER_DOSSIERS,P404_SAHANA_IQBAL_TRIAGE_MECHANIC_DOSSIER,id_ID,external_site,107,896.96,663.68,84.8,680.0,2,4,1.148,,C:/hades/Hecton8/Docs/Lore/AppliedContent/packets/RS081_COLONY_ANCHOR_WORKER_DOSSIERS.packets.json
RS081_COLONY_ANCHOR_WORKER_DOSSIERS,P404_SAHANA_IQBAL_TRIAGE_MECHANIC_DOSSIER,id_ID,field_note,74,532.0,532.0,75.04,560.0,1,3,1.235,,C:/hades/Hecton8/Docs/Lore/AppliedContent/packets/RS081_COLONY_ANCHOR_WORKER_DOSSIERS.packets.json
RS081_COLONY_ANCHOR_WORKER_DOSSIERS,P404_SAHANA_IQBAL_TRIAGE_MECHANIC_DOSSIER,ko_KR,title,49,468.72,316.44,78.12,360.0,2,1,1.384,TEXT_OVERFLOW_LINES;TEXT_EXPANSION_GT_1_35,C:/hades/Hecton8/Docs/Lore/AppliedContent/packets/RS081_COLONY_ANCHOR_WORKER_DOSSIERS.packets.json
RS081_COLONY_ANCHOR_WORKER_DOSSIERS,P404_SAHANA_IQBAL_TRIAGE_MECHANIC_DOSSIER,ko_KR,scanner,115,953.28,418.56,85.76,460.0,3,2,1.138,TEXT_OVERFLOW_LINES,C:/hades/Hecton8/Docs/Lore/AppliedContent/packets/RS081_COLONY_ANCHOR_WORKER_DOSSIERS.packets.json
RS081_COLONY_ANCHOR_WORKER_DOSSIERS,P404_SAHANA_IQBAL_TRIAGE_MECHANIC_DOSSIER,ko_KR,terminal,151,1211.4,511.2,83.1,520.0,3,2,1.098,TEXT_OVERFLOW_LINES,C:/hades/Hecton8/Docs/Lore/AppliedContent/packets/RS081_COLONY_ANCHOR_WORKER_DOSSIERS.packets.json
RS081_COLONY_ANCHOR_WORKER_DOSSIERS,P404_SAHANA_IQBAL_TRIAGE_MECHANIC_DOSSIER,ko_KR,audio,85,789.12,592.92,65.16,620.0,2,2,1.197,,C:/hades/Hecton8/Docs/Lore/AppliedContent/packets/RS081_COLONY_ANCHOR_WORKER_DOSSIERS.packets.json
RS081_COLONY_ANCHOR_WORKER_DOSSIERS,P404_SAHANA_IQBAL_TRIAGE_MECHANIC_DOSSIER,ko_KR,in_game_wiki,180,1388.1,618.9,80.4,620.0,3,5,1.085,,C:/hades/Hecton8/Docs/Lore/AppliedContent/packets/RS081_COLONY_ANCHOR_WORKER_DOSSIERS.packets.json
RS081_COLONY_ANCHOR_WORKER_DOSSIERS,P404_SAHANA_IQBAL_TRIAGE_MECHANIC_DOSSIER,ko_KR,external_site,107,896.96,663.68,84.8,680.0,2,4,1.148,,C:/hades/Hecton8/Docs/Lore/AppliedContent/packets/RS081_COLONY_ANCHOR_WORKER_DOSSIERS.packets.json
RS081_COLONY_ANCHOR_WORKER_DOSSIERS,P404_SAHANA_IQBAL_TRIAGE_MECHANIC_DOSSIER,ko_KR,field_note,74,532.0,532.0,75.04,560.0,1,3,1.235,,C:/hades/Hecton8/Docs/Lore/AppliedContent/packets/RS081_COLONY_ANCHOR_WORKER_DOSSIERS.packets.json
RS081_COLONY_ANCHOR_WORKER_DOSSIERS,P404_SAHANA_IQBAL_TRIAGE_MECHANIC_DOSSIER,he_IL,title,49,468.72,316.44,78.12,360.0,2,1,1.384,TEXT_OVERFLOW_LINES;TEXT_EXPANSION_GT_1_35,C:/hades/Hecton8/Docs/Lore/AppliedContent/packets/RS081_COLONY_ANCHOR_WORKER_DOSSIERS.packets.json
RS081_COLONY_ANCHOR_WORKER_DOSSIERS,P404_SAHANA_IQBAL_TRIAGE_MECHANIC_DOSSIER,he_IL,scanner,115,953.28,418.56,85.76,460.0,3,2,1.138,TEXT_OVERFLOW_LINES,C:/hades/Hecton8/Docs/Lore/AppliedContent/packets/RS081_COLONY_ANCHOR_WORKER_DOSSIERS.packets.json
RS081_COLONY_ANCHOR_WORKER_DOSSIERS,P404_SAHANA_IQBAL_TRIAGE_MECHANIC_DOSSIER,he_IL,terminal,151,1211.4,511.2,83.1,520.0,3,2,1.098,TEXT_OVERFLOW_LINES,C:/hades/Hecton8/Docs/Lore/AppliedContent/packets/RS081_COLONY_ANCHOR_WORKER_DOSSIERS.packets.json
RS081_COLONY_ANCHOR_WORKER_DOSSIERS,P404_SAHANA_IQBAL_TRIAGE_MECHANIC_DOSSIER,he_IL,audio,85,789.12,592.92,65.16,620.0,2,2,1.197,,C:/hades/Hecton8/Docs/Lore/AppliedContent/packets/RS081_COLONY_ANCHOR_WORKER_DOSSIERS.packets.json
RS081_COLONY_ANCHOR_WORKER_DOSSIERS,P404_SAHANA_IQBAL_TRIAGE_MECHANIC_DOSSIER,he_IL,in_game_wiki,180,1388.1,618.9,80.4,620.0,3,5,1.085,,C:/hades/Hecton8/Docs/Lore/AppliedContent/packets/RS081_COLONY_ANCHOR_WORKER_DOSSIERS.packets.json
RS081_COLONY_ANCHOR_WORKER_DOSSIERS,P404_SAHANA_IQBAL_TRIAGE_MECHANIC_DOSSIER,he_IL,external_site,107,896.96,663.68,84.8,680.0,2,4,1.148,,C:/hades/Hecton8/Docs/Lore/AppliedContent/packets/RS081_COLONY_ANCHOR_WORKER_DOSSIERS.packets.json
RS081_COLONY_ANCHOR_WORKER_DOSSIERS,P404_SAHANA_IQBAL_TRIAGE_MECHANIC_DOSSIER,he_IL,field_note,74,532.0,532.0,75.04,560.0,1,3,1.235,,C:/hades/Hecton8/Docs/Lore/AppliedContent/packets/RS081_COLONY_ANCHOR_WORKER_DOSSIERS.packets.json
RS081_COLONY_ANCHOR_WORKER_DOSSIERS,P404_SAHANA_IQBAL_TRIAGE_MECHANIC_DOSSIER,pt_BR,title,49,468.72,316.44,78.12,360.0,2,1,1.384,TEXT_OVERFLOW_LINES;TEXT_EXPANSION_GT_1_35,C:/hades/Hecton8/Docs/Lore/AppliedContent/packets/RS081_COLONY_ANCHOR_WORKER_DOSSIERS.packets.json
RS081_COLONY_ANCHOR_WORKER_DOSSIERS,P404_SAHANA_IQBAL_TRIAGE_MECHANIC_DOSSIER,pt_BR,scanner,115,953.28,418.56,85.76,460.0,3,2,1.138,TEXT_OVERFLOW_LINES,C:/hades/Hecton8/Docs/Lore/AppliedContent/packets/RS081_COLONY_ANCHOR_WORKER_DOSSIERS.packets.json
RS081_COLONY_ANCHOR_WORKER_DOSSIERS,P404_SAHANA_IQBAL_TRIAGE_MECHANIC_DOSSIER,pt_BR,terminal,151,1211.4,511.2,83.1,520.0,3,2,1.098,TEXT_OVERFLOW_LINES,C:/hades/Hecton8/Docs/Lore/AppliedContent/packets/RS081_COLONY_ANCHOR_WORKER_DOSSIERS.packets.json
RS081_COLONY_ANCHOR_WORKER_DOSSIERS,P404_SAHANA_IQBAL_TRIAGE_MECHANIC_DOSSIER,pt_BR,audio,85,789.12,592.92,65.16,620.0,2,2,1.197,,C:/hades/Hecton8/Docs/Lore/AppliedContent/packets/RS081_COLONY_ANCHOR_WORKER_DOSSIERS.packets.json
RS081_COLONY_ANCHOR_WORKER_DOSSIERS,P404_SAHANA_IQBAL_TRIAGE_MECHANIC_DOSSIER,pt_BR,in_game_wiki,180,1388.1,618.9,80.4,620.0,3,5,1.085,,C:/hades/Hecton8/Docs/Lore/AppliedContent/packets/RS081_COLONY_ANCHOR_WORKER_DOSSIERS.packets.json
RS081_COLONY_ANCHOR_WORKER_DOSSIERS,P404_SAHANA_IQBAL_TRIAGE_MECHANIC_DOSSIER,pt_BR,external_site,107,896.96,663.68,84.8,680.0,2,4,1.148,,C:/hades/Hecton8/Docs/Lore/AppliedContent/packets/RS081_COLONY_ANCHOR_WORKER_DOSSIERS.packets.json
RS081_COLONY_ANCHOR_WORKER_DOSSIERS,P404_SAHANA_IQBAL_TRIAGE_MECHANIC_DOSSIER,pt_BR,field_note,74,532.0,532.0,75.04,560.0,1,3,1.235,,C:/hades/Hecton8/Docs/Lore/AppliedContent/packets/RS081_COLONY_ANCHOR_WORKER_DOSSIERS.packets.json
RS081_COLONY_ANCHOR_WORKER_DOSSIERS,P404_SAHANA_IQBAL_TRIAGE_MECHANIC_DOSSIER,nl_NL,title,49,468.72,316.44,78.12,360.0,2,1,1.384,TEXT_OVERFLOW_LINES;TEXT_EXPANSION_GT_1_35,C:/hades/Hecton8/Docs/Lore/AppliedContent/packets/RS081_COLONY_ANCHOR_WORKER_DOSSIERS.packets.json
RS081_COLONY_ANCHOR_WORKER_DOSSIERS,P404_SAHANA_IQBAL_TRIAGE_MECHANIC_DOSSIER,nl_NL,scanner,115,953.28,418.56,85.76,460.0,3,2,1.138,TEXT_OVERFLOW_LINES,C:/hades/Hecton8/Docs/Lore/AppliedContent/packets/RS081_COLONY_ANCHOR_WORKER_DOSSIERS.packets.json
RS081_COLONY_ANCHOR_WORKER_DOSSIERS,P404_SAHANA_IQBAL_TRIAGE_MECHANIC_DOSSIER,nl_NL,terminal,151,1211.4,511.2,83.1,520.0,3,2,1.098,TEXT_OVERFLOW_LINES,C:/hades/Hecton8/Docs/Lore/AppliedContent/packets/RS081_COLONY_ANCHOR_WORKER_DOSSIERS.packets.json
RS081_COLONY_ANCHOR_WORKER_DOSSIERS,P404_SAHANA_IQBAL_TRIAGE_MECHANIC_DOSSIER,nl_NL,audio,85,789.12,592.92,65.16,620.0,2,2,1.197,,C:/hades/Hecton8/Docs/Lore/AppliedContent/packets/RS081_COLONY_ANCHOR_WORKER_DOSSIERS.packets.json
RS081_COLONY_ANCHOR_WORKER_DOSSIERS,P404_SAHANA_IQBAL_TRIAGE_MECHANIC_DOSSIER,nl_NL,in_game_wiki,180,1388.1,618.9,80.4,620.0,3,5,1.085,,C:/hades/Hecton8/Docs/Lore/AppliedContent/packets/RS081_COLONY_ANCHOR_WORKER_DOSSIERS.packets.json
RS081_COLONY_ANCHOR_WORKER_DOSSIERS,P404_SAHANA_IQBAL_TRIAGE_MECHANIC_DOSSIER,nl_NL,external_site,107,896.96,663.68,84.8,680.0,2,4,1.148,,C:/hades/Hecton8/Docs/Lore/AppliedContent/packets/RS081_COLONY_ANCHOR_WORKER_DOSSIERS.packets.json
RS081_COLONY_ANCHOR_WORKER_DOSSIERS,P404_SAHANA_IQBAL_TRIAGE_MECHANIC_DOSSIER,nl_NL,field_note,74,532.0,532.0,75.04,560.0,1,3,1.235,,C:/hades/Hecton8/Docs/Lore/AppliedContent/packets/RS081_COLONY_ANCHOR_WORKER_DOSSIERS.packets.json
RS081_COLONY_ANCHOR_WORKER_DOSSIERS,P405_LIAN_TORRES_VENT_FORGE_OPERATOR_DOSSIER,en_US,title,39,375.48,307.44,82.44,360.0,2,1,1.0,TEXT_OVERFLOW_LINES,C:/hades/Hecton8/Docs/Lore/AppliedContent/packets/RS081_COLONY_ANCHOR_WORKER_DOSSIERS.packets.json
RS081_COLONY_ANCHOR_WORKER_DOSSIERS,P405_LIAN_TORRES_VENT_FORGE_OPERATOR_DOSSIER,en_US,scanner,104,844.16,441.6,118.08,460.0,2,2,1.0,,C:/hades/Hecton8/Docs/Lore/AppliedContent/packets/RS081_COLONY_ANCHOR_WORKER_DOSSIERS.packets.json
RS081_COLONY_ANCHOR_WORKER_DOSSIERS,P405_LIAN_TORRES_VENT_FORGE_OPERATOR_DOSSIER,en_US,terminal,149,1197.3,521.4,83.1,520.0,3,2,1.0,TEXT_OVERFLOW_LINES,C:/hades/Hecton8/Docs/Lore/AppliedContent/packets/RS081_COLONY_ANCHOR_WORKER_DOSSIERS.packets.json
RS081_COLONY_ANCHOR_WORKER_DOSSIERS,P405_LIAN_TORRES_VENT_FORGE_OPERATOR_DOSSIER,en_US,audio,67,598.68,598.68,72.0,620.0,1,2,1.0,,C:/hades/Hecton8/Docs/Lore/AppliedContent/packets/RS081_COLONY_ANCHOR_WORKER_DOSSIERS.packets.json
RS081_COLONY_ANCHOR_WORKER_DOSSIERS,P405_LIAN_TORRES_VENT_FORGE_OPERATOR_DOSSIER,en_US,in_game_wiki,185,1437.0,598.5,84.3,620.0,3,5,1.0,,C:/hades/Hecton8/Docs/Lore/AppliedContent/packets/RS081_COLONY_ANCHOR_WORKER_DOSSIERS.packets.json
RS081_COLONY_ANCHOR_WORKER_DOSSIERS,P405_LIAN_TORRES_VENT_FORGE_OPERATOR_DOSSIER,en_US,external_site,108,878.72,677.12,150.4,680.0,2,4,1.0,,C:/hades/Hecton8/Docs/Lore/AppliedContent/packets/RS081_COLONY_ANCHOR_WORKER_DOSSIERS.packets.json
RS081_COLONY_ANCHOR_WORKER_DOSSIERS,P405_LIAN_TORRES_VENT_FORGE_OPERATOR_DOSSIER,en_US,field_note,53,371.28,371.28,103.32,560.0,1,3,1.0,,C:/hades/Hecton8/Docs/Lore/AppliedContent/packets/RS081_COLONY_ANCHOR_WORKER_DOSSIERS.packets.json
RS081_COLONY_ANCHOR_WORKER_DOSSIERS,P405_LIAN_TORRES_VENT_FORGE_OPERATOR_DOSSIER,ru_RU,title,41,403.92,303.84,100.08,360.0,2,1,1.076,TEXT_OVERFLOW_LINES,C:/hades/Hecton8/Docs/Lore/AppliedContent/packets/RS081_COLONY_ANCHOR_WORKER_DOSSIERS.packets.json
RS081_COLONY_ANCHOR_WORKER_DOSSIERS,P405_LIAN_TORRES_VENT_FORGE_OPERATOR_DOSSIER,ru_RU,scanner,127,1100.48,444.16,157.76,460.0,3,2,1.304,TEXT_OVERFLOW_LINES,C:/hades/Hecton8/Docs/Lore/AppliedContent/packets/RS081_COLONY_ANCHOR_WORKER_DOSSIERS.packets.json
RS081_COLONY_ANCHOR_WORKER_DOSSIERS,P405_LIAN_TORRES_VENT_FORGE_OPERATOR_DOSSIER,ru_RU,terminal,150,1231.8,501.9,95.4,520.0,3,2,1.029,TEXT_OVERFLOW_LINES,C:/hades/Hecton8/Docs/Lore/AppliedContent/packets/RS081_COLONY_ANCHOR_WORKER_DOSSIERS.packets.json
RS081_COLONY_ANCHOR_WORKER_DOSSIERS,P405_LIAN_TORRES_VENT_FORGE_OPERATOR_DOSSIER,ru_RU,audio,63,608.4,608.4,98.64,620.0,1,2,1.016,,C:/hades/Hecton8/Docs/Lore/AppliedContent/packets/RS081_COLONY_ANCHOR_WORKER_DOSSIERS.packets.json
RS081_COLONY_ANCHOR_WORKER_DOSSIERS,P405_LIAN_TORRES_VENT_FORGE_OPERATOR_DOSSIER,ru_RU,in_game_wiki,156,1272.9,583.2,121.8,620.0,3,5,0.886,,C:/hades/Hecton8/Docs/Lore/AppliedContent/packets/RS081_COLONY_ANCHOR_WORKER_DOSSIERS.packets.json
RS081_COLONY_ANCHOR_WORKER_DOSSIERS,P405_LIAN_TORRES_VENT_FORGE_OPERATOR_DOSSIER,ru_RU,external_site,106,902.4,640.32,92.8,680.0,2,4,1.027,,C:/hades/Hecton8/Docs/Lore/AppliedContent/packets/RS081_COLONY_ANCHOR_WORKER_DOSSIERS.packets.json
RS081_COLONY_ANCHOR_WORKER_DOSSIERS,P405_LIAN_TORRES_VENT_FORGE_OPERATOR_DOSSIER,ru_RU,field_note,56,424.2,424.2,77.84,560.0,1,3,1.143,,C:/hades/Hecton8/Docs/Lore/AppliedContent/packets/RS081_COLONY_ANCHOR_WORKER_DOSSIERS.packets.json
RS081_COLONY_ANCHOR_WORKER_DOSSIERS,P405_LIAN_TORRES_VENT_FORGE_OPERATOR_DOSSIER,ja_JP,title,52,505.44,348.84,82.44,360.0,2,1,1.346,TEXT_OVERFLOW_LINES,C:/hades/Hecton8/Docs/Lore/AppliedContent/packets/RS081_COLONY_ANCHOR_WORKER_DOSSIERS.packets.json
RS081_COLONY_ANCHOR_WORKER_DOSSIERS,P405_LIAN_TORRES_VENT_FORGE_OPERATOR_DOSSIER,ja_JP,scanner,117,959.68,464.32,118.08,460.0,3,2,1.137,TEXT_OVERFLOW_LINES,C:/hades/Hecton8/Docs/Lore/AppliedContent/packets/RS081_COLONY_ANCHOR_WORKER_DOSSIERS.packets.json
RS081_COLONY_ANCHOR_WORKER_DOSSIERS,P405_LIAN_TORRES_VENT_FORGE_OPERATOR_DOSSIER,ja_JP,terminal,162,1305.6,517.8,83.1,520.0,3,2,1.09,TEXT_OVERFLOW_LINES,C:/hades/Hecton8/Docs/Lore/AppliedContent/packets/RS081_COLONY_ANCHOR_WORKER_DOSSIERS.packets.json
RS081_COLONY_ANCHOR_WORKER_DOSSIERS,P405_LIAN_TORRES_VENT_FORGE_OPERATOR_DOSSIER,ja_JP,audio,80,728.64,619.56,72.0,620.0,2,2,1.217,,C:/hades/Hecton8/Docs/Lore/AppliedContent/packets/RS081_COLONY_ANCHOR_WORKER_DOSSIERS.packets.json
RS081_COLONY_ANCHOR_WORKER_DOSSIERS,P405_LIAN_TORRES_VENT_FORGE_OPERATOR_DOSSIER,ja_JP,in_game_wiki,198,1545.3,612.0,84.3,620.0,3,5,1.075,,C:/hades/Hecton8/Docs/Lore/AppliedContent/packets/RS081_COLONY_ANCHOR_WORKER_DOSSIERS.packets.json
RS081_COLONY_ANCHOR_WORKER_DOSSIERS,P405_LIAN_TORRES_VENT_FORGE_OPERATOR_DOSSIER,ja_JP,external_site,121,994.24,663.68,150.4,680.0,2,4,1.131,,C:/hades/Hecton8/Docs/Lore/AppliedContent/packets/RS081_COLONY_ANCHOR_WORKER_DOSSIERS.packets.json
RS081_COLONY_ANCHOR_WORKER_DOSSIERS,P405_LIAN_TORRES_VENT_FORGE_OPERATOR_DOSSIER,ja_JP,field_note,66,472.36,472.36,103.32,560.0,1,3,1.272,,C:/hades/Hecton8/Docs/Lore/AppliedContent/packets/RS081_COLONY_ANCHOR_WORKER_DOSSIERS.packets.json
RS081_COLONY_ANCHOR_WORKER_DOSSIERS,P405_LIAN_TORRES_VENT_FORGE_OPERATOR_DOSSIER,zh_CN,title,52,505.44,348.84,82.44,360.0,2,1,1.346,TEXT_OVERFLOW_LINES,C:/hades/Hecton8/Docs/Lore/AppliedContent/packets/RS081_COLONY_ANCHOR_WORKER_DOSSIERS.packets.json
RS081_COLONY_ANCHOR_WORKER_DOSSIERS,P405_LIAN_TORRES_VENT_FORGE_OPERATOR_DOSSIER,zh_CN,scanner,117,959.68,464.32,118.08,460.0,3,2,1.137,TEXT_OVERFLOW_LINES,C:/hades/Hecton8/Docs/Lore/AppliedContent/packets/RS081_COLONY_ANCHOR_WORKER_DOSSIERS.packets.json
RS081_COLONY_ANCHOR_WORKER_DOSSIERS,P405_LIAN_TORRES_VENT_FORGE_OPERATOR_DOSSIER,zh_CN,terminal,162,1305.6,517.8,83.1,520.0,3,2,1.09,TEXT_OVERFLOW_LINES,C:/hades/Hecton8/Docs/Lore/AppliedContent/packets/RS081_COLONY_ANCHOR_WORKER_DOSSIERS.packets.json
RS081_COLONY_ANCHOR_WORKER_DOSSIERS,P405_LIAN_TORRES_VENT_FORGE_OPERATOR_DOSSIER,zh_CN,audio,80,728.64,619.56,72.0,620.0,2,2,1.217,,C:/hades/Hecton8/Docs/Lore/AppliedContent/packets/RS081_COLONY_ANCHOR_WORKER_DOSSIERS.packets.json
RS081_COLONY_ANCHOR_WORKER_DOSSIERS,P405_LIAN_TORRES_VENT_FORGE_OPERATOR_DOSSIER,zh_CN,in_game_wiki,198,1545.3,612.0,84.3,620.0,3,5,1.075,,C:/hades/Hecton8/Docs/Lore/AppliedContent/packets/RS081_COLONY_ANCHOR_WORKER_DOSSIERS.packets.json
RS081_COLONY_ANCHOR_WORKER_DOSSIERS,P405_LIAN_TORRES_VENT_FORGE_OPERATOR_DOSSIER,zh_CN,external_site,121,994.24,663.68,150.4,680.0,2,4,1.131,,C:/hades/Hecton8/Docs/Lore/AppliedContent/packets/RS081_COLONY_ANCHOR_WORKER_DOSSIERS.packets.json
RS081_COLONY_ANCHOR_WORKER_DOSSIERS,P405_LIAN_TORRES_VENT_FORGE_OPERATOR_DOSSIER,zh_CN,field_note,66,472.36,472.36,103.32,560.0,1,3,1.272,,C:/hades/Hecton8/Docs/Lore/AppliedContent/packets/RS081_COLONY_ANCHOR_WORKER_DOSSIERS.packets.json
RS081_COLONY_ANCHOR_WORKER_DOSSIERS,P405_LIAN_TORRES_VENT_FORGE_OPERATOR_DOSSIER,fr_FR,title,52,505.44,348.84,82.44,360.0,2,1,1.346,TEXT_OVERFLOW_LINES,C:/hades/Hecton8/Docs/Lore/AppliedContent/packets/RS081_COLONY_ANCHOR_WORKER_DOSSIERS.packets.json
RS081_COLONY_ANCHOR_WORKER_DOSSIERS,P405_LIAN_TORRES_VENT_FORGE_OPERATOR_DOSSIER,fr_FR,scanner,117,959.68,464.32,118.08,460.0,3,2,1.137,TEXT_OVERFLOW_LINES,C:/hades/Hecton8/Docs/Lore/AppliedContent/packets/RS081_COLONY_ANCHOR_WORKER_DOSSIERS.packets.json
RS081_COLONY_ANCHOR_WORKER_DOSSIERS,P405_LIAN_TORRES_VENT_FORGE_OPERATOR_DOSSIER,fr_FR,terminal,162,1305.6,517.8,83.1,520.0,3,2,1.09,TEXT_OVERFLOW_LINES,C:/hades/Hecton8/Docs/Lore/AppliedContent/packets/RS081_COLONY_ANCHOR_WORKER_DOSSIERS.packets.json
RS081_COLONY_ANCHOR_WORKER_DOSSIERS,P405_LIAN_TORRES_VENT_FORGE_OPERATOR_DOSSIER,fr_FR,audio,80,728.64,619.56,72.0,620.0,2,2,1.217,,C:/hades/Hecton8/Docs/Lore/AppliedContent/packets/RS081_COLONY_ANCHOR_WORKER_DOSSIERS.packets.json
RS081_COLONY_ANCHOR_WORKER_DOSSIERS,P405_LIAN_TORRES_VENT_FORGE_OPERATOR_DOSSIER,fr_FR,in_game_wiki,198,1545.3,612.0,84.3,620.0,3,5,1.075,,C:/hades/Hecton8/Docs/Lore/AppliedContent/packets/RS081_COLONY_ANCHOR_WORKER_DOSSIERS.packets.json
RS081_COLONY_ANCHOR_WORKER_DOSSIERS,P405_LIAN_TORRES_VENT_FORGE_OPERATOR_DOSSIER,fr_FR,external_site,121,994.24,663.68,150.4,680.0,2,4,1.131,,C:/hades/Hecton8/Docs/Lore/AppliedContent/packets/RS081_COLONY_ANCHOR_WORKER_DOSSIERS.packets.json
RS081_COLONY_ANCHOR_WORKER_DOSSIERS,P405_LIAN_TORRES_VENT_FORGE_OPERATOR_DOSSIER,fr_FR,field_note,66,472.36,472.36,103.32,560.0,1,3,1.272,,C:/hades/Hecton8/Docs/Lore/AppliedContent/packets/RS081_COLONY_ANCHOR_WORKER_DOSSIERS.packets.json
RS081_COLONY_ANCHOR_WORKER_DOSSIERS,P405_LIAN_TORRES_VENT_FORGE_OPERATOR_DOSSIER,es_ES,title,52,505.44,348.84,82.44,360.0,2,1,1.346,TEXT_OVERFLOW_LINES,C:/hades/Hecton8/Docs/Lore/AppliedContent/packets/RS081_COLONY_ANCHOR_WORKER_DOSSIERS.packets.json
RS081_COLONY_ANCHOR_WORKER_DOSSIERS,P405_LIAN_TORRES_VENT_FORGE_OPERATOR_DOSSIER,es_ES,scanner,117,959.68,464.32,118.08,460.0,3,2,1.137,TEXT_OVERFLOW_LINES,C:/hades/Hecton8/Docs/Lore/AppliedContent/packets/RS081_COLONY_ANCHOR_WORKER_DOSSIERS.packets.json
RS081_COLONY_ANCHOR_WORKER_DOSSIERS,P405_LIAN_TORRES_VENT_FORGE_OPERATOR_DOSSIER,es_ES,terminal,162,1305.6,517.8,83.1,520.0,3,2,1.09,TEXT_OVERFLOW_LINES,C:/hades/Hecton8/Docs/Lore/AppliedContent/packets/RS081_COLONY_ANCHOR_WORKER_DOSSIERS.packets.json
RS081_COLONY_ANCHOR_WORKER_DOSSIERS,P405_LIAN_TORRES_VENT_FORGE_OPERATOR_DOSSIER,es_ES,audio,80,728.64,619.56,72.0,620.0,2,2,1.217,,C:/hades/Hecton8/Docs/Lore/AppliedContent/packets/RS081_COLONY_ANCHOR_WORKER_DOSSIERS.packets.json
RS081_COLONY_ANCHOR_WORKER_DOSSIERS,P405_LIAN_TORRES_VENT_FORGE_OPERATOR_DOSSIER,es_ES,in_game_wiki,198,1545.3,612.0,84.3,620.0,3,5,1.075,,C:/hades/Hecton8/Docs/Lore/AppliedContent/packets/RS081_COLONY_ANCHOR_WORKER_DOSSIERS.packets.json
RS081_COLONY_ANCHOR_WORKER_DOSSIERS,P405_LIAN_TORRES_VENT_FORGE_OPERATOR_DOSSIER,es_ES,external_site,121,994.24,663.68,150.4,680.0,2,4,1.131,,C:/hades/Hecton8/Docs/Lore/AppliedContent/packets/RS081_COLONY_ANCHOR_WORKER_DOSSIERS.packets.json
RS081_COLONY_ANCHOR_WORKER_DOSSIERS,P405_LIAN_TORRES_VENT_FORGE_OPERATOR_DOSSIER,es_ES,field_note,66,472.36,472.36,103.32,560.0,1,3,1.272,,C:/hades/Hecton8/Docs/Lore/AppliedContent/packets/RS081_COLONY_ANCHOR_WORKER_DOSSIERS.packets.json
RS081_COLONY_ANCHOR_WORKER_DOSSIERS,P405_LIAN_TORRES_VENT_FORGE_OPERATOR_DOSSIER,de_DE,title,52,505.44,348.84,82.44,360.0,2,1,1.346,TEXT_OVERFLOW_LINES,C:/hades/Hecton8/Docs/Lore/AppliedContent/packets/RS081_COLONY_ANCHOR_WORKER_DOSSIERS.packets.json
RS081_COLONY_ANCHOR_WORKER_DOSSIERS,P405_LIAN_TORRES_VENT_FORGE_OPERATOR_DOSSIER,de_DE,scanner,117,959.68,464.32,118.08,460.0,3,2,1.137,TEXT_OVERFLOW_LINES,C:/hades/Hecton8/Docs/Lore/AppliedContent/packets/RS081_COLONY_ANCHOR_WORKER_DOSSIERS.packets.json
RS081_COLONY_ANCHOR_WORKER_DOSSIERS,P405_LIAN_TORRES_VENT_FORGE_OPERATOR_DOSSIER,de_DE,terminal,162,1305.6,517.8,83.1,520.0,3,2,1.09,TEXT_OVERFLOW_LINES,C:/hades/Hecton8/Docs/Lore/AppliedContent/packets/RS081_COLONY_ANCHOR_WORKER_DOSSIERS.packets.json
RS081_COLONY_ANCHOR_WORKER_DOSSIERS,P405_LIAN_TORRES_VENT_FORGE_OPERATOR_DOSSIER,de_DE,audio,80,728.64,619.56,72.0,620.0,2,2,1.217,,C:/hades/Hecton8/Docs/Lore/AppliedContent/packets/RS081_COLONY_ANCHOR_WORKER_DOSSIERS.packets.json
RS081_COLONY_ANCHOR_WORKER_DOSSIERS,P405_LIAN_TORRES_VENT_FORGE_OPERATOR_DOSSIER,de_DE,in_game_wiki,198,1545.3,612.0,84.3,620.0,3,5,1.075,,C:/hades/Hecton8/Docs/Lore/AppliedContent/packets/RS081_COLONY_ANCHOR_WORKER_DOSSIERS.packets.json
RS081_COLONY_ANCHOR_WORKER_DOSSIERS,P405_LIAN_TORRES_VENT_FORGE_OPERATOR_DOSSIER,de_DE,external_site,121,994.24,663.68,150.4,680.0,2,4,1.131,,C:/hades/Hecton8/Docs/Lore/AppliedContent/packets/RS081_COLONY_ANCHOR_WORKER_DOSSIERS.packets.json
RS081_COLONY_ANCHOR_WORKER_DOSSIERS,P405_LIAN_TORRES_VENT_FORGE_OPERATOR_DOSSIER,de_DE,field_note,66,472.36,472.36,103.32,560.0,1,3,1.272,,C:/hades/Hecton8/Docs/Lore/AppliedContent/packets/RS081_COLONY_ANCHOR_WORKER_DOSSIERS.packets.json
RS081_COLONY_ANCHOR_WORKER_DOSSIERS,P405_LIAN_TORRES_VENT_FORGE_OPERATOR_DOSSIER,pl_PL,title,52,505.44,348.84,82.44,360.0,2,1,1.346,TEXT_OVERFLOW_LINES,C:/hades/Hecton8/Docs/Lore/AppliedContent/packets/RS081_COLONY_ANCHOR_WORKER_DOSSIERS.packets.json
RS081_COLONY_ANCHOR_WORKER_DOSSIERS,P405_LIAN_TORRES_VENT_FORGE_OPERATOR_DOSSIER,pl_PL,scanner,117,959.68,464.32,118.08,460.0,3,2,1.137,TEXT_OVERFLOW_LINES,C:/hades/Hecton8/Docs/Lore/AppliedContent/packets/RS081_COLONY_ANCHOR_WORKER_DOSSIERS.packets.json
RS081_COLONY_ANCHOR_WORKER_DOSSIERS,P405_LIAN_TORRES_VENT_FORGE_OPERATOR_DOSSIER,pl_PL,terminal,162,1305.6,517.8,83.1,520.0,3,2,1.09,TEXT_OVERFLOW_LINES,C:/hades/Hecton8/Docs/Lore/AppliedContent/packets/RS081_COLONY_ANCHOR_WORKER_DOSSIERS.packets.json
RS081_COLONY_ANCHOR_WORKER_DOSSIERS,P405_LIAN_TORRES_VENT_FORGE_OPERATOR_DOSSIER,pl_PL,audio,80,728.64,619.56,72.0,620.0,2,2,1.217,,C:/hades/Hecton8/Docs/Lore/AppliedContent/packets/RS081_COLONY_ANCHOR_WORKER_DOSSIERS.packets.json
RS081_COLONY_ANCHOR_WORKER_DOSSIERS,P405_LIAN_TORRES_VENT_FORGE_OPERATOR_DOSSIER,pl_PL,in_game_wiki,198,1545.3,612.0,84.3,620.0,3,5,1.075,,C:/hades/Hecton8/Docs/Lore/AppliedContent/packets/RS081_COLONY_ANCHOR_WORKER_DOSSIERS.packets.json
RS081_COLONY_ANCHOR_WORKER_DOSSIERS,P405_LIAN_TORRES_VENT_FORGE_OPERATOR_DOSSIER,pl_PL,external_site,121,994.24,663.68,150.4,680.0,2,4,1.131,,C:/hades/Hecton8/Docs/Lore/AppliedContent/packets/RS081_COLONY_ANCHOR_WORKER_DOSSIERS.packets.json
RS081_COLONY_ANCHOR_WORKER_DOSSIERS,P405_LIAN_TORRES_VENT_FORGE_OPERATOR_DOSSIER,pl_PL,field_note,66,472.36,472.36,103.32,560.0,1,3,1.272,,C:/hades/Hecton8/Docs/Lore/AppliedContent/packets/RS081_COLONY_ANCHOR_WORKER_DOSSIERS.packets.json
RS081_COLONY_ANCHOR_WORKER_DOSSIERS,P405_LIAN_TORRES_VENT_FORGE_OPERATOR_DOSSIER,uk_UA,title,52,505.44,348.84,82.44,360.0,2,1,1.346,TEXT_OVERFLOW_LINES,C:/hades/Hecton8/Docs/Lore/AppliedContent/packets/RS081_COLONY_ANCHOR_WORKER_DOSSIERS.packets.json
RS081_COLONY_ANCHOR_WORKER_DOSSIERS,P405_LIAN_TORRES_VENT_FORGE_OPERATOR_DOSSIER,uk_UA,scanner,117,959.68,464.32,118.08,460.0,3,2,1.137,TEXT_OVERFLOW_LINES,C:/hades/Hecton8/Docs/Lore/AppliedContent/packets/RS081_COLONY_ANCHOR_WORKER_DOSSIERS.packets.json
RS081_COLONY_ANCHOR_WORKER_DOSSIERS,P405_LIAN_TORRES_VENT_FORGE_OPERATOR_DOSSIER,uk_UA,terminal,162,1305.6,517.8,83.1,520.0,3,2,1.09,TEXT_OVERFLOW_LINES,C:/hades/Hecton8/Docs/Lore/AppliedContent/packets/RS081_COLONY_ANCHOR_WORKER_DOSSIERS.packets.json
RS081_COLONY_ANCHOR_WORKER_DOSSIERS,P405_LIAN_TORRES_VENT_FORGE_OPERATOR_DOSSIER,uk_UA,audio,80,728.64,619.56,72.0,620.0,2,2,1.217,,C:/hades/Hecton8/Docs/Lore/AppliedContent/packets/RS081_COLONY_ANCHOR_WORKER_DOSSIERS.packets.json
RS081_COLONY_ANCHOR_WORKER_DOSSIERS,P405_LIAN_TORRES_VENT_FORGE_OPERATOR_DOSSIER,uk_UA,in_game_wiki,198,1545.3,612.0,84.3,620.0,3,5,1.075,,C:/hades/Hecton8/Docs/Lore/AppliedContent/packets/RS081_COLONY_ANCHOR_WORKER_DOSSIERS.packets.json
RS081_COLONY_ANCHOR_WORKER_DOSSIERS,P405_LIAN_TORRES_VENT_FORGE_OPERATOR_DOSSIER,uk_UA,external_site,121,994.24,663.68,150.4,680.0,2,4,1.131,,C:/hades/Hecton8/Docs/Lore/AppliedContent/packets/RS081_COLONY_ANCHOR_WORKER_DOSSIERS.packets.json
RS081_COLONY_ANCHOR_WORKER_DOSSIERS,P405_LIAN_TORRES_VENT_FORGE_OPERATOR_DOSSIER,uk_UA,field_note,66,472.36,472.36,103.32,560.0,1,3,1.272,,C:/hades/Hecton8/Docs/Lore/AppliedContent/packets/RS081_COLONY_ANCHOR_WORKER_DOSSIERS.packets.json
RS081_COLONY_ANCHOR_WORKER_DOSSIERS,P405_LIAN_TORRES_VENT_FORGE_OPERATOR_DOSSIER,ar_SA,title,52,505.44,348.84,82.44,360.0,2,1,1.346,TEXT_OVERFLOW_LINES,C:/hades/Hecton8/Docs/Lore/AppliedContent/packets/RS081_COLONY_ANCHOR_WORKER_DOSSIERS.packets.json
RS081_COLONY_ANCHOR_WORKER_DOSSIERS,P405_LIAN_TORRES_VENT_FORGE_OPERATOR_DOSSIER,ar_SA,scanner,117,959.68,464.32,118.08,460.0,3,2,1.137,TEXT_OVERFLOW_LINES,C:/hades/Hecton8/Docs/Lore/AppliedContent/packets/RS081_COLONY_ANCHOR_WORKER_DOSSIERS.packets.json
RS081_COLONY_ANCHOR_WORKER_DOSSIERS,P405_LIAN_TORRES_VENT_FORGE_OPERATOR_DOSSIER,ar_SA,terminal,162,1305.6,517.8,83.1,520.0,3,2,1.09,TEXT_OVERFLOW_LINES,C:/hades/Hecton8/Docs/Lore/AppliedContent/packets/RS081_COLONY_ANCHOR_WORKER_DOSSIERS.packets.json
RS081_COLONY_ANCHOR_WORKER_DOSSIERS,P405_LIAN_TORRES_VENT_FORGE_OPERATOR_DOSSIER,ar_SA,audio,80,728.64,619.56,72.0,620.0,2,2,1.217,,C:/hades/Hecton8/Docs/Lore/AppliedContent/packets/RS081_COLONY_ANCHOR_WORKER_DOSSIERS.packets.json
RS081_COLONY_ANCHOR_WORKER_DOSSIERS,P405_LIAN_TORRES_VENT_FORGE_OPERATOR_DOSSIER,ar_SA,in_game_wiki,198,1545.3,612.0,84.3,620.0,3,5,1.075,,C:/hades/Hecton8/Docs/Lore/AppliedContent/packets/RS081_COLONY_ANCHOR_WORKER_DOSSIERS.packets.json
RS081_COLONY_ANCHOR_WORKER_DOSSIERS,P405_LIAN_TORRES_VENT_FORGE_OPERATOR_DOSSIER,ar_SA,external_site,121,994.24,663.68,150.4,680.0,2,4,1.131,,C:/hades/Hecton8/Docs/Lore/AppliedContent/packets/RS081_COLONY_ANCHOR_WORKER_DOSSIERS.packets.json
RS081_COLONY_ANCHOR_WORKER_DOSSIERS,P405_LIAN_TORRES_VENT_FORGE_OPERATOR_DOSSIER,ar_SA,field_note,66,472.36,472.36,103.32,560.0,1,3,1.272,,C:/hades/Hecton8/Docs/Lore/AppliedContent/packets/RS081_COLONY_ANCHOR_WORKER_DOSSIERS.packets.json
RS081_COLONY_ANCHOR_WORKER_DOSSIERS,P405_LIAN_TORRES_VENT_FORGE_OPERATOR_DOSSIER,id_ID,title,52,505.44,348.84,82.44,360.0,2,1,1.346,TEXT_OVERFLOW_LINES,C:/hades/Hecton8/Docs/Lore/AppliedContent/packets/RS081_COLONY_ANCHOR_WORKER_DOSSIERS.packets.json
RS081_COLONY_ANCHOR_WORKER_DOSSIERS,P405_LIAN_TORRES_VENT_FORGE_OPERATOR_DOSSIER,id_ID,scanner,117,959.68,464.32,118.08,460.0,3,2,1.137,TEXT_OVERFLOW_LINES,C:/hades/Hecton8/Docs/Lore/AppliedContent/packets/RS081_COLONY_ANCHOR_WORKER_DOSSIERS.packets.json
RS081_COLONY_ANCHOR_WORKER_DOSSIERS,P405_LIAN_TORRES_VENT_FORGE_OPERATOR_DOSSIER,id_ID,terminal,162,1305.6,517.8,83.1,520.0,3,2,1.09,TEXT_OVERFLOW_LINES,C:/hades/Hecton8/Docs/Lore/AppliedContent/packets/RS081_COLONY_ANCHOR_WORKER_DOSSIERS.packets.json
RS081_COLONY_ANCHOR_WORKER_DOSSIERS,P405_LIAN_TORRES_VENT_FORGE_OPERATOR_DOSSIER,id_ID,audio,80,728.64,619.56,72.0,620.0,2,2,1.217,,C:/hades/Hecton8/Docs/Lore/AppliedContent/packets/RS081_COLONY_ANCHOR_WORKER_DOSSIERS.packets.json
RS081_COLONY_ANCHOR_WORKER_DOSSIERS,P405_LIAN_TORRES_VENT_FORGE_OPERATOR_DOSSIER,id_ID,in_game_wiki,198,1545.3,612.0,84.3,620.0,3,5,1.075,,C:/hades/Hecton8/Docs/Lore/AppliedContent/packets/RS081_COLONY_ANCHOR_WORKER_DOSSIERS.packets.json
RS081_COLONY_ANCHOR_WORKER_DOSSIERS,P405_LIAN_TORRES_VENT_FORGE_OPERATOR_DOSSIER,id_ID,external_site,121,994.24,663.68,150.4,680.0,2,4,1.131,,C:/hades/Hecton8/Docs/Lore/AppliedContent/packets/RS081_COLONY_ANCHOR_WORKER_DOSSIERS.packets.json
RS081_COLONY_ANCHOR_WORKER_DOSSIERS,P405_LIAN_TORRES_VENT_FORGE_OPERATOR_DOSSIER,id_ID,field_note,66,472.36,472.36,103.32,560.0,1,3,1.272,,C:/hades/Hecton8/Docs/Lore/AppliedContent/packets/RS081_COLONY_ANCHOR_WORKER_DOSSIERS.packets.json
RS081_COLONY_ANCHOR_WORKER_DOSSIERS,P405_LIAN_TORRES_VENT_FORGE_OPERATOR_DOSSIER,ko_KR,title,52,505.44,348.84,82.44,360.0,2,1,1.346,TEXT_OVERFLOW_LINES,C:/hades/Hecton8/Docs/Lore/AppliedContent/packets/RS081_COLONY_ANCHOR_WORKER_DOSSIERS.packets.json
RS081_COLONY_ANCHOR_WORKER_DOSSIERS,P405_LIAN_TORRES_VENT_FORGE_OPERATOR_DOSSIER,ko_KR,scanner,117,959.68,464.32,118.08,460.0,3,2,1.137,TEXT_OVERFLOW_LINES,C:/hades/Hecton8/Docs/Lore/AppliedContent/packets/RS081_COLONY_ANCHOR_WORKER_DOSSIERS.packets.json
RS081_COLONY_ANCHOR_WORKER_DOSSIERS,P405_LIAN_TORRES_VENT_FORGE_OPERATOR_DOSSIER,ko_KR,terminal,162,1305.6,517.8,83.1,520.0,3,2,1.09,TEXT_OVERFLOW_LINES,C:/hades/Hecton8/Docs/Lore/AppliedContent/packets/RS081_COLONY_ANCHOR_WORKER_DOSSIERS.packets.json
RS081_COLONY_ANCHOR_WORKER_DOSSIERS,P405_LIAN_TORRES_VENT_FORGE_OPERATOR_DOSSIER,ko_KR,audio,80,728.64,619.56,72.0,620.0,2,2,1.217,,C:/hades/Hecton8/Docs/Lore/AppliedContent/packets/RS081_COLONY_ANCHOR_WORKER_DOSSIERS.packets.json
RS081_COLONY_ANCHOR_WORKER_DOSSIERS,P405_LIAN_TORRES_VENT_FORGE_OPERATOR_DOSSIER,ko_KR,in_game_wiki,198,1545.3,612.0,84.3,620.0,3,5,1.075,,C:/hades/Hecton8/Docs/Lore/AppliedContent/packets/RS081_COLONY_ANCHOR_WORKER_DOSSIERS.packets.json
RS081_COLONY_ANCHOR_WORKER_DOSSIERS,P405_LIAN_TORRES_VENT_FORGE_OPERATOR_DOSSIER,ko_KR,external_site,121,994.24,663.68,150.4,680.0,2,4,1.131,,C:/hades/Hecton8/Docs/Lore/AppliedContent/packets/RS081_COLONY_ANCHOR_WORKER_DOSSIERS.packets.json
RS081_COLONY_ANCHOR_WORKER_DOSSIERS,P405_LIAN_TORRES_VENT_FORGE_OPERATOR_DOSSIER,ko_KR,field_note,66,472.36,472.36,103.32,560.0,1,3,1.272,,C:/hades/Hecton8/Docs/Lore/AppliedContent/packets/RS081_COLONY_ANCHOR_WORKER_DOSSIERS.packets.json
RS081_COLONY_ANCHOR_WORKER_DOSSIERS,P405_LIAN_TORRES_VENT_FORGE_OPERATOR_DOSSIER,he_IL,title,52,505.44,348.84,82.44,360.0,2,1,1.346,TEXT_OVERFLOW_LINES,C:/hades/Hecton8/Docs/Lore/AppliedContent/packets/RS081_COLONY_ANCHOR_WORKER_DOSSIERS.packets.json
RS081_COLONY_ANCHOR_WORKER_DOSSIERS,P405_LIAN_TORRES_VENT_FORGE_OPERATOR_DOSSIER,he_IL,scanner,117,959.68,464.32,118.08,460.0,3,2,1.137,TEXT_OVERFLOW_LINES,C:/hades/Hecton8/Docs/Lore/AppliedContent/packets/RS081_COLONY_ANCHOR_WORKER_DOSSIERS.packets.json
RS081_COLONY_ANCHOR_WORKER_DOSSIERS,P405_LIAN_TORRES_VENT_FORGE_OPERATOR_DOSSIER,he_IL,terminal,162,1305.6,517.8,83.1,520.0,3,2,1.09,TEXT_OVERFLOW_LINES,C:/hades/Hecton8/Docs/Lore/AppliedContent/packets/RS081_COLONY_ANCHOR_WORKER_DOSSIERS.packets.json
RS081_COLONY_ANCHOR_WORKER_DOSSIERS,P405_LIAN_TORRES_VENT_FORGE_OPERATOR_DOSSIER,he_IL,audio,80,728.64,619.56,72.0,620.0,2,2,1.217,,C:/hades/Hecton8/Docs/Lore/AppliedContent/packets/RS081_COLONY_ANCHOR_WORKER_DOSSIERS.packets.json
RS081_COLONY_ANCHOR_WORKER_DOSSIERS,P405_LIAN_TORRES_VENT_FORGE_OPERATOR_DOSSIER,he_IL,in_game_wiki,198,1545.3,612.0,84.3,620.0,3,5,1.075,,C:/hades/Hecton8/Docs/Lore/AppliedContent/packets/RS081_COLONY_ANCHOR_WORKER_DOSSIERS.packets.json
RS081_COLONY_ANCHOR_WORKER_DOSSIERS,P405_LIAN_TORRES_VENT_FORGE_OPERATOR_DOSSIER,he_IL,external_site,121,994.24,663.68,150.4,680.0,2,4,1.131,,C:/hades/Hecton8/Docs/Lore/AppliedContent/packets/RS081_COLONY_ANCHOR_WORKER_DOSSIERS.packets.json
RS081_COLONY_ANCHOR_WORKER_DOSSIERS,P405_LIAN_TORRES_VENT_FORGE_OPERATOR_DOSSIER,he_IL,field_note,66,472.36,472.36,103.32,560.0,1,3,1.272,,C:/hades/Hecton8/Docs/Lore/AppliedContent/packets/RS081_COLONY_ANCHOR_WORKER_DOSSIERS.packets.json
RS081_COLONY_ANCHOR_WORKER_DOSSIERS,P405_LIAN_TORRES_VENT_FORGE_OPERATOR_DOSSIER,pt_BR,title,52,505.44,348.84,82.44,360.0,2,1,1.346,TEXT_OVERFLOW_LINES,C:/hades/Hecton8/Docs/Lore/AppliedContent/packets/RS081_COLONY_ANCHOR_WORKER_DOSSIERS.packets.json
RS081_COLONY_ANCHOR_WORKER_DOSSIERS,P405_LIAN_TORRES_VENT_FORGE_OPERATOR_DOSSIER,pt_BR,scanner,117,959.68,464.32,118.08,460.0,3,2,1.137,TEXT_OVERFLOW_LINES,C:/hades/Hecton8/Docs/Lore/AppliedContent/packets/RS081_COLONY_ANCHOR_WORKER_DOSSIERS.packets.json
RS081_COLONY_ANCHOR_WORKER_DOSSIERS,P405_LIAN_TORRES_VENT_FORGE_OPERATOR_DOSSIER,pt_BR,terminal,162,1305.6,517.8,83.1,520.0,3,2,1.09,TEXT_OVERFLOW_LINES,C:/hades/Hecton8/Docs/Lore/AppliedContent/packets/RS081_COLONY_ANCHOR_WORKER_DOSSIERS.packets.json
RS081_COLONY_ANCHOR_WORKER_DOSSIERS,P405_LIAN_TORRES_VENT_FORGE_OPERATOR_DOSSIER,pt_BR,audio,80,728.64,619.56,72.0,620.0,2,2,1.217,,C:/hades/Hecton8/Docs/Lore/AppliedContent/packets/RS081_COLONY_ANCHOR_WORKER_DOSSIERS.packets.json
RS081_COLONY_ANCHOR_WORKER_DOSSIERS,P405_LIAN_TORRES_VENT_FORGE_OPERATOR_DOSSIER,pt_BR,in_game_wiki,198,1545.3,612.0,84.3,620.0,3,5,1.075,,C:/hades/Hecton8/Docs/Lore/AppliedContent/packets/RS081_COLONY_ANCHOR_WORKER_DOSSIERS.packets.json
RS081_COLONY_ANCHOR_WORKER_DOSSIERS,P405_LIAN_TORRES_VENT_FORGE_OPERATOR_DOSSIER,pt_BR,external_site,121,994.24,663.68,150.4,680.0,2,4,1.131,,C:/hades/Hecton8/Docs/Lore/AppliedContent/packets/RS081_COLONY_ANCHOR_WORKER_DOSSIERS.packets.json
RS081_COLONY_ANCHOR_WORKER_DOSSIERS,P405_LIAN_TORRES_VENT_FORGE_OPERATOR_DOSSIER,pt_BR,field_note,66,472.36,472.36,103.32,560.0,1,3,1.272,,C:/hades/Hecton8/Docs/Lore/AppliedContent/packets/RS081_COLONY_ANCHOR_WORKER_DOSSIERS.packets.json
RS081_COLONY_ANCHOR_WORKER_DOSSIERS,P405_LIAN_TORRES_VENT_FORGE_OPERATOR_DOSSIER,nl_NL,title,52,505.44,348.84,82.44,360.0,2,1,1.346,TEXT_OVERFLOW_LINES,C:/hades/Hecton8/Docs/Lore/AppliedContent/packets/RS081_COLONY_ANCHOR_WORKER_DOSSIERS.packets.json
RS081_COLONY_ANCHOR_WORKER_DOSSIERS,P405_LIAN_TORRES_VENT_FORGE_OPERATOR_DOSSIER,nl_NL,scanner,117,959.68,464.32,118.08,460.0,3,2,1.137,TEXT_OVERFLOW_LINES,C:/hades/Hecton8/Docs/Lore/AppliedContent/packets/RS081_COLONY_ANCHOR_WORKER_DOSSIERS.packets.json
RS081_COLONY_ANCHOR_WORKER_DOSSIERS,P405_LIAN_TORRES_VENT_FORGE_OPERATOR_DOSSIER,nl_NL,terminal,162,1305.6,517.8,83.1,520.0,3,2,1.09,TEXT_OVERFLOW_LINES,C:/hades/Hecton8/Docs/Lore/AppliedContent/packets/RS081_COLONY_ANCHOR_WORKER_DOSSIERS.packets.json
RS081_COLONY_ANCHOR_WORKER_DOSSIERS,P405_LIAN_TORRES_VENT_FORGE_OPERATOR_DOSSIER,nl_NL,audio,80,728.64,619.56,72.0,620.0,2,2,1.217,,C:/hades/Hecton8/Docs/Lore/AppliedContent/packets/RS081_COLONY_ANCHOR_WORKER_DOSSIERS.packets.json
RS081_COLONY_ANCHOR_WORKER_DOSSIERS,P405_LIAN_TORRES_VENT_FORGE_OPERATOR_DOSSIER,nl_NL,in_game_wiki,198,1545.3,612.0,84.3,620.0,3,5,1.075,,C:/hades/Hecton8/Docs/Lore/AppliedContent/packets/RS081_COLONY_ANCHOR_WORKER_DOSSIERS.packets.json
RS081_COLONY_ANCHOR_WORKER_DOSSIERS,P405_LIAN_TORRES_VENT_FORGE_OPERATOR_DOSSIER,nl_NL,external_site,121,994.24,663.68,150.4,680.0,2,4,1.131,,C:/hades/Hecton8/Docs/Lore/AppliedContent/packets/RS081_COLONY_ANCHOR_WORKER_DOSSIERS.packets.json
RS081_COLONY_ANCHOR_WORKER_DOSSIERS,P405_LIAN_TORRES_VENT_FORGE_OPERATOR_DOSSIER,nl_NL,field_note,66,472.36,472.36,103.32,560.0,1,3,1.272,,C:/hades/Hecton8/Docs/Lore/AppliedContent/packets/RS081_COLONY_ANCHOR_WORKER_DOSSIERS.packets.json
