release_set_id,packet_id,locale,field,chars,estimated_px,max_line_px,max_word_px,bound_px,lines,max_lines,expansion_vs_en,issues,source
RS081_COLONY_ANCHOR_WORKER_DOSSIERS,P401_MARA_VENN_PUMP_CHIEF_DOSSIER,en_US,title,28,271.44,271.44,68.04,360.0,1,1,1.0,,C:/hades/Hecton8/Docs/Lore/AppliedContent/packets/RS081_COLONY_ANCHOR_WORKER_DOSSIERS.packets.json
RS081_COLONY_ANCHOR_WORKER_DOSSIERS,P401_MARA_VENN_PUMP_CHIEF_DOSSIER,en_US,scanner,84,698.56,453.12,66.88,460.0,2,2,1.0,,C:/hades/Hecton8/Docs/Lore/AppliedContent/packets/RS081_COLONY_ANCHOR_WORKER_DOSSIERS.packets.json
RS081_COLONY_ANCHOR_WORKER_DOSSIERS,P401_MARA_VENN_PUMP_CHIEF_DOSSIER,en_US,terminal,162,1263.9,508.5,88.8,520.0,3,2,1.0,TEXT_OVERFLOW_LINES,C:/hades/Hecton8/Docs/Lore/AppliedContent/packets/RS081_COLONY_ANCHOR_WORKER_DOSSIERS.packets.json
RS081_COLONY_ANCHOR_WORKER_DOSSIERS,P401_MARA_VENN_PUMP_CHIEF_DOSSIER,en_US,audio,84,772.2,624.24,80.64,620.0,2,2,1.0,,C:/hades/Hecton8/Docs/Lore/AppliedContent/packets/RS081_COLONY_ANCHOR_WORKER_DOSSIERS.packets.json
RS081_COLONY_ANCHOR_WORKER_DOSSIERS,P401_MARA_VENN_PUMP_CHIEF_DOSSIER,en_US,in_game_wiki,169,1280.7,615.6,75.6,620.0,3,5,1.0,,C:/hades/Hecton8/Docs/Lore/AppliedContent/packets/RS081_COLONY_ANCHOR_WORKER_DOSSIERS.packets.json
RS081_COLONY_ANCHOR_WORKER_DOSSIERS,P401_MARA_VENN_PUMP_CHIEF_DOSSIER,en_US,external_site,104,882.56,670.72,97.92,680.0,2,4,1.0,,C:/hades/Hecton8/Docs/Lore/AppliedContent/packets/RS081_COLONY_ANCHOR_WORKER_DOSSIERS.packets.json
RS081_COLONY_ANCHOR_WORKER_DOSSIERS,P401_MARA_VENN_PUMP_CHIEF_DOSSIER,en_US,field_note,63,443.52,443.52,74.76,560.0,1,3,1.0,,C:/hades/Hecton8/Docs/Lore/AppliedContent/packets/RS081_COLONY_ANCHOR_WORKER_DOSSIERS.packets.json
RS081_COLONY_ANCHOR_WORKER_DOSSIERS,P401_MARA_VENN_PUMP_CHIEF_DOSSIER,ru_RU,title,35,345.6,345.6,104.4,360.0,1,1,1.273,,C:/hades/Hecton8/Docs/Lore/AppliedContent/packets/RS081_COLONY_ANCHOR_WORKER_DOSSIERS.packets.json
RS081_COLONY_ANCHOR_WORKER_DOSSIERS,P401_MARA_VENN_PUMP_CHIEF_DOSSIER,ru_RU,scanner,90,772.48,407.04,87.68,460.0,2,2,1.106,,C:/hades/Hecton8/Docs/Lore/AppliedContent/packets/RS081_COLONY_ANCHOR_WORKER_DOSSIERS.packets.json
RS081_COLONY_ANCHOR_WORKER_DOSSIERS,P401_MARA_VENN_PUMP_CHIEF_DOSSIER,ru_RU,terminal,148,1208.1,516.6,90.9,520.0,3,2,0.956,TEXT_OVERFLOW_LINES,C:/hades/Hecton8/Docs/Lore/AppliedContent/packets/RS081_COLONY_ANCHOR_WORKER_DOSSIERS.packets.json
RS081_COLONY_ANCHOR_WORKER_DOSSIERS,P401_MARA_VENN_PUMP_CHIEF_DOSSIER,ru_RU,audio,78,751.68,584.28,93.96,620.0,2,2,0.973,,C:/hades/Hecton8/Docs/Lore/AppliedContent/packets/RS081_COLONY_ANCHOR_WORKER_DOSSIERS.packets.json
RS081_COLONY_ANCHOR_WORKER_DOSSIERS,P401_MARA_VENN_PUMP_CHIEF_DOSSIER,ru_RU,in_game_wiki,146,1180.5,592.2,104.4,620.0,2,5,0.922,,C:/hades/Hecton8/Docs/Lore/AppliedContent/packets/RS081_COLONY_ANCHOR_WORKER_DOSSIERS.packets.json
RS081_COLONY_ANCHOR_WORKER_DOSSIERS,P401_MARA_VENN_PUMP_CHIEF_DOSSIER,ru_RU,external_site,104,892.48,654.4,102.08,680.0,2,4,1.011,,C:/hades/Hecton8/Docs/Lore/AppliedContent/packets/RS081_COLONY_ANCHOR_WORKER_DOSSIERS.packets.json
RS081_COLONY_ANCHOR_WORKER_DOSSIERS,P401_MARA_VENN_PUMP_CHIEF_DOSSIER,ru_RU,field_note,60,452.2,452.2,89.32,560.0,1,3,1.02,,C:/hades/Hecton8/Docs/Lore/AppliedContent/packets/RS081_COLONY_ANCHOR_WORKER_DOSSIERS.packets.json
RS081_COLONY_ANCHOR_WORKER_DOSSIERS,P401_MARA_VENN_PUMP_CHIEF_DOSSIER,ja_JP,title,71,655.2,332.64,103.68,360.0,2,1,2.414,TEXT_OVERFLOW_LINES;TEXT_EXPANSION_GT_1_35;DRAFT_PREFIX_LONG,C:/hades/Hecton8/Docs/Lore/AppliedContent/packets/RS081_COLONY_ANCHOR_WORKER_DOSSIERS.packets.json
RS081_COLONY_ANCHOR_WORKER_DOSSIERS,P401_MARA_VENN_PUMP_CHIEF_DOSSIER,ja_JP,scanner,127,1039.68,424.64,92.16,460.0,3,2,1.488,TEXT_OVERFLOW_LINES;TEXT_EXPANSION_GT_1_35;DRAFT_PREFIX_LONG,C:/hades/Hecton8/Docs/Lore/AppliedContent/packets/RS081_COLONY_ANCHOR_WORKER_DOSSIERS.packets.json
RS081_COLONY_ANCHOR_WORKER_DOSSIERS,P401_MARA_VENN_PUMP_CHIEF_DOSSIER,ja_JP,terminal,205,1583.7,522.6,88.8,520.0,4,2,1.253,TEXT_OVERFLOW_LINES;DRAFT_PREFIX_LONG,C:/hades/Hecton8/Docs/Lore/AppliedContent/packets/RS081_COLONY_ANCHOR_WORKER_DOSSIERS.packets.json
RS081_COLONY_ANCHOR_WORKER_DOSSIERS,P401_MARA_VENN_PUMP_CHIEF_DOSSIER,ja_JP,audio,127,1155.96,587.16,103.68,620.0,2,2,1.497,TEXT_EXPANSION_GT_1_35;DRAFT_PREFIX_LONG,C:/hades/Hecton8/Docs/Lore/AppliedContent/packets/RS081_COLONY_ANCHOR_WORKER_DOSSIERS.packets.json
RS081_COLONY_ANCHOR_WORKER_DOSSIERS,P401_MARA_VENN_PUMP_CHIEF_DOSSIER,ja_JP,in_game_wiki,212,1600.5,599.4,86.4,620.0,3,5,1.25,DRAFT_PREFIX_LONG,C:/hades/Hecton8/Docs/Lore/AppliedContent/packets/RS081_COLONY_ANCHOR_WORKER_DOSSIERS.packets.json
RS081_COLONY_ANCHOR_WORKER_DOSSIERS,P401_MARA_VENN_PUMP_CHIEF_DOSSIER,ja_JP,external_site,147,1223.68,661.76,97.92,680.0,2,4,1.387,DRAFT_PREFIX_LONG,C:/hades/Hecton8/Docs/Lore/AppliedContent/packets/RS081_COLONY_ANCHOR_WORKER_DOSSIERS.packets.json
RS081_COLONY_ANCHOR_WORKER_DOSSIERS,P401_MARA_VENN_PUMP_CHIEF_DOSSIER,ja_JP,field_note,106,742.0,549.08,80.64,560.0,2,3,1.673,DRAFT_PREFIX_LONG,C:/hades/Hecton8/Docs/Lore/AppliedContent/packets/RS081_COLONY_ANCHOR_WORKER_DOSSIERS.packets.json
RS081_COLONY_ANCHOR_WORKER_DOSSIERS,P401_MARA_VENN_PUMP_CHIEF_DOSSIER,zh_CN,title,71,655.2,332.64,103.68,360.0,2,1,2.414,TEXT_OVERFLOW_LINES;TEXT_EXPANSION_GT_1_35;DRAFT_PREFIX_LONG,C:/hades/Hecton8/Docs/Lore/AppliedContent/packets/RS081_COLONY_ANCHOR_WORKER_DOSSIERS.packets.json
RS081_COLONY_ANCHOR_WORKER_DOSSIERS,P401_MARA_VENN_PUMP_CHIEF_DOSSIER,zh_CN,scanner,127,1039.68,424.64,92.16,460.0,3,2,1.488,TEXT_OVERFLOW_LINES;TEXT_EXPANSION_GT_1_35;DRAFT_PREFIX_LONG,C:/hades/Hecton8/Docs/Lore/AppliedContent/packets/RS081_COLONY_ANCHOR_WORKER_DOSSIERS.packets.json
RS081_COLONY_ANCHOR_WORKER_DOSSIERS,P401_MARA_VENN_PUMP_CHIEF_DOSSIER,zh_CN,terminal,205,1583.7,522.6,88.8,520.0,4,2,1.253,TEXT_OVERFLOW_LINES;DRAFT_PREFIX_LONG,C:/hades/Hecton8/Docs/Lore/AppliedContent/packets/RS081_COLONY_ANCHOR_WORKER_DOSSIERS.packets.json
RS081_COLONY_ANCHOR_WORKER_DOSSIERS,P401_MARA_VENN_PUMP_CHIEF_DOSSIER,zh_CN,audio,127,1155.96,587.16,103.68,620.0,2,2,1.497,TEXT_EXPANSION_GT_1_35;DRAFT_PREFIX_LONG,C:/hades/Hecton8/Docs/Lore/AppliedContent/packets/RS081_COLONY_ANCHOR_WORKER_DOSSIERS.packets.json
RS081_COLONY_ANCHOR_WORKER_DOSSIERS,P401_MARA_VENN_PUMP_CHIEF_DOSSIER,zh_CN,in_game_wiki,212,1600.5,599.4,86.4,620.0,3,5,1.25,DRAFT_PREFIX_LONG,C:/hades/Hecton8/Docs/Lore/AppliedContent/packets/RS081_COLONY_ANCHOR_WORKER_DOSSIERS.packets.json
RS081_COLONY_ANCHOR_WORKER_DOSSIERS,P401_MARA_VENN_PUMP_CHIEF_DOSSIER,zh_CN,external_site,147,1223.68,661.76,97.92,680.0,2,4,1.387,DRAFT_PREFIX_LONG,C:/hades/Hecton8/Docs/Lore/AppliedContent/packets/RS081_COLONY_ANCHOR_WORKER_DOSSIERS.packets.json
RS081_COLONY_ANCHOR_WORKER_DOSSIERS,P401_MARA_VENN_PUMP_CHIEF_DOSSIER,zh_CN,field_note,106,742.0,549.08,80.64,560.0,2,3,1.673,DRAFT_PREFIX_LONG,C:/hades/Hecton8/Docs/Lore/AppliedContent/packets/RS081_COLONY_ANCHOR_WORKER_DOSSIERS.packets.json
RS081_COLONY_ANCHOR_WORKER_DOSSIERS,P401_MARA_VENN_PUMP_CHIEF_DOSSIER,fr_FR,title,71,655.2,332.64,103.68,360.0,2,1,2.414,TEXT_OVERFLOW_LINES;TEXT_EXPANSION_GT_1_35;DRAFT_PREFIX_LONG,C:/hades/Hecton8/Docs/Lore/AppliedContent/packets/RS081_COLONY_ANCHOR_WORKER_DOSSIERS.packets.json
RS081_COLONY_ANCHOR_WORKER_DOSSIERS,P401_MARA_VENN_PUMP_CHIEF_DOSSIER,fr_FR,scanner,127,1039.68,424.64,92.16,460.0,3,2,1.488,TEXT_OVERFLOW_LINES;TEXT_EXPANSION_GT_1_35;DRAFT_PREFIX_LONG,C:/hades/Hecton8/Docs/Lore/AppliedContent/packets/RS081_COLONY_ANCHOR_WORKER_DOSSIERS.packets.json
RS081_COLONY_ANCHOR_WORKER_DOSSIERS,P401_MARA_VENN_PUMP_CHIEF_DOSSIER,fr_FR,terminal,205,1583.7,522.6,88.8,520.0,4,2,1.253,TEXT_OVERFLOW_LINES;DRAFT_PREFIX_LONG,C:/hades/Hecton8/Docs/Lore/AppliedContent/packets/RS081_COLONY_ANCHOR_WORKER_DOSSIERS.packets.json
RS081_COLONY_ANCHOR_WORKER_DOSSIERS,P401_MARA_VENN_PUMP_CHIEF_DOSSIER,fr_FR,audio,127,1155.96,587.16,103.68,620.0,2,2,1.497,TEXT_EXPANSION_GT_1_35;DRAFT_PREFIX_LONG,C:/hades/Hecton8/Docs/Lore/AppliedContent/packets/RS081_COLONY_ANCHOR_WORKER_DOSSIERS.packets.json
RS081_COLONY_ANCHOR_WORKER_DOSSIERS,P401_MARA_VENN_PUMP_CHIEF_DOSSIER,fr_FR,in_game_wiki,212,1600.5,599.4,86.4,620.0,3,5,1.25,DRAFT_PREFIX_LONG,C:/hades/Hecton8/Docs/Lore/AppliedContent/packets/RS081_COLONY_ANCHOR_WORKER_DOSSIERS.packets.json
RS081_COLONY_ANCHOR_WORKER_DOSSIERS,P401_MARA_VENN_PUMP_CHIEF_DOSSIER,fr_FR,external_site,147,1223.68,661.76,97.92,680.0,2,4,1.387,DRAFT_PREFIX_LONG,C:/hades/Hecton8/Docs/Lore/AppliedContent/packets/RS081_COLONY_ANCHOR_WORKER_DOSSIERS.packets.json
RS081_COLONY_ANCHOR_WORKER_DOSSIERS,P401_MARA_VENN_PUMP_CHIEF_DOSSIER,fr_FR,field_note,106,742.0,549.08,80.64,560.0,2,3,1.673,DRAFT_PREFIX_LONG,C:/hades/Hecton8/Docs/Lore/AppliedContent/packets/RS081_COLONY_ANCHOR_WORKER_DOSSIERS.packets.json
RS081_COLONY_ANCHOR_WORKER_DOSSIERS,P401_MARA_VENN_PUMP_CHIEF_DOSSIER,es_ES,title,71,655.2,332.64,103.68,360.0,2,1,2.414,TEXT_OVERFLOW_LINES;TEXT_EXPANSION_GT_1_35;DRAFT_PREFIX_LONG,C:/hades/Hecton8/Docs/Lore/AppliedContent/packets/RS081_COLONY_ANCHOR_WORKER_DOSSIERS.packets.json
RS081_COLONY_ANCHOR_WORKER_DOSSIERS,P401_MARA_VENN_PUMP_CHIEF_DOSSIER,es_ES,scanner,127,1039.68,424.64,92.16,460.0,3,2,1.488,TEXT_OVERFLOW_LINES;TEXT_EXPANSION_GT_1_35;DRAFT_PREFIX_LONG,C:/hades/Hecton8/Docs/Lore/AppliedContent/packets/RS081_COLONY_ANCHOR_WORKER_DOSSIERS.packets.json
RS081_COLONY_ANCHOR_WORKER_DOSSIERS,P401_MARA_VENN_PUMP_CHIEF_DOSSIER,es_ES,terminal,205,1583.7,522.6,88.8,520.0,4,2,1.253,TEXT_OVERFLOW_LINES;DRAFT_PREFIX_LONG,C:/hades/Hecton8/Docs/Lore/AppliedContent/packets/RS081_COLONY_ANCHOR_WORKER_DOSSIERS.packets.json
RS081_COLONY_ANCHOR_WORKER_DOSSIERS,P401_MARA_VENN_PUMP_CHIEF_DOSSIER,es_ES,audio,127,1155.96,587.16,103.68,620.0,2,2,1.497,TEXT_EXPANSION_GT_1_35;DRAFT_PREFIX_LONG,C:/hades/Hecton8/Docs/Lore/AppliedContent/packets/RS081_COLONY_ANCHOR_WORKER_DOSSIERS.packets.json
RS081_COLONY_ANCHOR_WORKER_DOSSIERS,P401_MARA_VENN_PUMP_CHIEF_DOSSIER,es_ES,in_game_wiki,212,1600.5,599.4,86.4,620.0,3,5,1.25,DRAFT_PREFIX_LONG,C:/hades/Hecton8/Docs/Lore/AppliedContent/packets/RS081_COLONY_ANCHOR_WORKER_DOSSIERS.packets.json
RS081_COLONY_ANCHOR_WORKER_DOSSIERS,P401_MARA_VENN_PUMP_CHIEF_DOSSIER,es_ES,external_site,147,1223.68,661.76,97.92,680.0,2,4,1.387,DRAFT_PREFIX_LONG,C:/hades/Hecton8/Docs/Lore/AppliedContent/packets/RS081_COLONY_ANCHOR_WORKER_DOSSIERS.packets.json
RS081_COLONY_ANCHOR_WORKER_DOSSIERS,P401_MARA_VENN_PUMP_CHIEF_DOSSIER,es_ES,field_note,106,742.0,549.08,80.64,560.0,2,3,1.673,DRAFT_PREFIX_LONG,C:/hades/Hecton8/Docs/Lore/AppliedContent/packets/RS081_COLONY_ANCHOR_WORKER_DOSSIERS.packets.json
RS081_COLONY_ANCHOR_WORKER_DOSSIERS,P401_MARA_VENN_PUMP_CHIEF_DOSSIER,de_DE,title,71,655.2,332.64,103.68,360.0,2,1,2.414,TEXT_OVERFLOW_LINES;TEXT_EXPANSION_GT_1_35;DRAFT_PREFIX_LONG,C:/hades/Hecton8/Docs/Lore/AppliedContent/packets/RS081_COLONY_ANCHOR_WORKER_DOSSIERS.packets.json
RS081_COLONY_ANCHOR_WORKER_DOSSIERS,P401_MARA_VENN_PUMP_CHIEF_DOSSIER,de_DE,scanner,127,1039.68,424.64,92.16,460.0,3,2,1.488,TEXT_OVERFLOW_LINES;TEXT_EXPANSION_GT_1_35;DRAFT_PREFIX_LONG,C:/hades/Hecton8/Docs/Lore/AppliedContent/packets/RS081_COLONY_ANCHOR_WORKER_DOSSIERS.packets.json
RS081_COLONY_ANCHOR_WORKER_DOSSIERS,P401_MARA_VENN_PUMP_CHIEF_DOSSIER,de_DE,terminal,205,1583.7,522.6,88.8,520.0,4,2,1.253,TEXT_OVERFLOW_LINES;DRAFT_PREFIX_LONG,C:/hades/Hecton8/Docs/Lore/AppliedContent/packets/RS081_COLONY_ANCHOR_WORKER_DOSSIERS.packets.json
RS081_COLONY_ANCHOR_WORKER_DOSSIERS,P401_MARA_VENN_PUMP_CHIEF_DOSSIER,de_DE,audio,127,1155.96,587.16,103.68,620.0,2,2,1.497,TEXT_EXPANSION_GT_1_35;DRAFT_PREFIX_LONG,C:/hades/Hecton8/Docs/Lore/AppliedContent/packets/RS081_COLONY_ANCHOR_WORKER_DOSSIERS.packets.json
RS081_COLONY_ANCHOR_WORKER_DOSSIERS,P401_MARA_VENN_PUMP_CHIEF_DOSSIER,de_DE,in_game_wiki,212,1600.5,599.4,86.4,620.0,3,5,1.25,DRAFT_PREFIX_LONG,C:/hades/Hecton8/Docs/Lore/AppliedContent/packets/RS081_COLONY_ANCHOR_WORKER_DOSSIERS.packets.json
RS081_COLONY_ANCHOR_WORKER_DOSSIERS,P401_MARA_VENN_PUMP_CHIEF_DOSSIER,de_DE,external_site,147,1223.68,661.76,97.92,680.0,2,4,1.387,DRAFT_PREFIX_LONG,C:/hades/Hecton8/Docs/Lore/AppliedContent/packets/RS081_COLONY_ANCHOR_WORKER_DOSSIERS.packets.json
RS081_COLONY_ANCHOR_WORKER_DOSSIERS,P401_MARA_VENN_PUMP_CHIEF_DOSSIER,de_DE,field_note,106,742.0,549.08,80.64,560.0,2,3,1.673,DRAFT_PREFIX_LONG,C:/hades/Hecton8/Docs/Lore/AppliedContent/packets/RS081_COLONY_ANCHOR_WORKER_DOSSIERS.packets.json
RS081_COLONY_ANCHOR_WORKER_DOSSIERS,P401_MARA_VENN_PUMP_CHIEF_DOSSIER,pl_PL,title,71,655.2,332.64,103.68,360.0,2,1,2.414,TEXT_OVERFLOW_LINES;TEXT_EXPANSION_GT_1_35;DRAFT_PREFIX_LONG,C:/hades/Hecton8/Docs/Lore/AppliedContent/packets/RS081_COLONY_ANCHOR_WORKER_DOSSIERS.packets.json
RS081_COLONY_ANCHOR_WORKER_DOSSIERS,P401_MARA_VENN_PUMP_CHIEF_DOSSIER,pl_PL,scanner,127,1039.68,424.64,92.16,460.0,3,2,1.488,TEXT_OVERFLOW_LINES;TEXT_EXPANSION_GT_1_35;DRAFT_PREFIX_LONG,C:/hades/Hecton8/Docs/Lore/AppliedContent/packets/RS081_COLONY_ANCHOR_WORKER_DOSSIERS.packets.json
RS081_COLONY_ANCHOR_WORKER_DOSSIERS,P401_MARA_VENN_PUMP_CHIEF_DOSSIER,pl_PL,terminal,205,1583.7,522.6,88.8,520.0,4,2,1.253,TEXT_OVERFLOW_LINES;DRAFT_PREFIX_LONG,C:/hades/Hecton8/Docs/Lore/AppliedContent/packets/RS081_COLONY_ANCHOR_WORKER_DOSSIERS.packets.json
RS081_COLONY_ANCHOR_WORKER_DOSSIERS,P401_MARA_VENN_PUMP_CHIEF_DOSSIER,pl_PL,audio,127,1155.96,587.16,103.68,620.0,2,2,1.497,TEXT_EXPANSION_GT_1_35;DRAFT_PREFIX_LONG,C:/hades/Hecton8/Docs/Lore/AppliedContent/packets/RS081_COLONY_ANCHOR_WORKER_DOSSIERS.packets.json
RS081_COLONY_ANCHOR_WORKER_DOSSIERS,P401_MARA_VENN_PUMP_CHIEF_DOSSIER,pl_PL,in_game_wiki,212,1600.5,599.4,86.4,620.0,3,5,1.25,DRAFT_PREFIX_LONG,C:/hades/Hecton8/Docs/Lore/AppliedContent/packets/RS081_COLONY_ANCHOR_WORKER_DOSSIERS.packets.json
RS081_COLONY_ANCHOR_WORKER_DOSSIERS,P401_MARA_VENN_PUMP_CHIEF_DOSSIER,pl_PL,external_site,147,1223.68,661.76,97.92,680.0,2,4,1.387,DRAFT_PREFIX_LONG,C:/hades/Hecton8/Docs/Lore/AppliedContent/packets/RS081_COLONY_ANCHOR_WORKER_DOSSIERS.packets.json
RS081_COLONY_ANCHOR_WORKER_DOSSIERS,P401_MARA_VENN_PUMP_CHIEF_DOSSIER,pl_PL,field_note,106,742.0,549.08,80.64,560.0,2,3,1.673,DRAFT_PREFIX_LONG,C:/hades/Hecton8/Docs/Lore/AppliedContent/packets/RS081_COLONY_ANCHOR_WORKER_DOSSIERS.packets.json
RS081_COLONY_ANCHOR_WORKER_DOSSIERS,P401_MARA_VENN_PUMP_CHIEF_DOSSIER,uk_UA,title,71,655.2,332.64,103.68,360.0,2,1,2.414,TEXT_OVERFLOW_LINES;TEXT_EXPANSION_GT_1_35;DRAFT_PREFIX_LONG,C:/hades/Hecton8/Docs/Lore/AppliedContent/packets/RS081_COLONY_ANCHOR_WORKER_DOSSIERS.packets.json
RS081_COLONY_ANCHOR_WORKER_DOSSIERS,P401_MARA_VENN_PUMP_CHIEF_DOSSIER,uk_UA,scanner,127,1039.68,424.64,92.16,460.0,3,2,1.488,TEXT_OVERFLOW_LINES;TEXT_EXPANSION_GT_1_35;DRAFT_PREFIX_LONG,C:/hades/Hecton8/Docs/Lore/AppliedContent/packets/RS081_COLONY_ANCHOR_WORKER_DOSSIERS.packets.json
RS081_COLONY_ANCHOR_WORKER_DOSSIERS,P401_MARA_VENN_PUMP_CHIEF_DOSSIER,uk_UA,terminal,205,1583.7,522.6,88.8,520.0,4,2,1.253,TEXT_OVERFLOW_LINES;DRAFT_PREFIX_LONG,C:/hades/Hecton8/Docs/Lore/AppliedContent/packets/RS081_COLONY_ANCHOR_WORKER_DOSSIERS.packets.json
RS081_COLONY_ANCHOR_WORKER_DOSSIERS,P401_MARA_VENN_PUMP_CHIEF_DOSSIER,uk_UA,audio,127,1155.96,587.16,103.68,620.0,2,2,1.497,TEXT_EXPANSION_GT_1_35;DRAFT_PREFIX_LONG,C:/hades/Hecton8/Docs/Lore/AppliedContent/packets/RS081_COLONY_ANCHOR_WORKER_DOSSIERS.packets.json
RS081_COLONY_ANCHOR_WORKER_DOSSIERS,P401_MARA_VENN_PUMP_CHIEF_DOSSIER,uk_UA,in_game_wiki,212,1600.5,599.4,86.4,620.0,3,5,1.25,DRAFT_PREFIX_LONG,C:/hades/Hecton8/Docs/Lore/AppliedContent/packets/RS081_COLONY_ANCHOR_WORKER_DOSSIERS.packets.json
RS081_COLONY_ANCHOR_WORKER_DOSSIERS,P401_MARA_VENN_PUMP_CHIEF_DOSSIER,uk_UA,external_site,147,1223.68,661.76,97.92,680.0,2,4,1.387,DRAFT_PREFIX_LONG,C:/hades/Hecton8/Docs/Lore/AppliedContent/packets/RS081_COLONY_ANCHOR_WORKER_DOSSIERS.packets.json
RS081_COLONY_ANCHOR_WORKER_DOSSIERS,P401_MARA_VENN_PUMP_CHIEF_DOSSIER,uk_UA,field_note,106,742.0,549.08,80.64,560.0,2,3,1.673,DRAFT_PREFIX_LONG,C:/hades/Hecton8/Docs/Lore/AppliedContent/packets/RS081_COLONY_ANCHOR_WORKER_DOSSIERS.packets.json
RS081_COLONY_ANCHOR_WORKER_DOSSIERS,P401_MARA_VENN_PUMP_CHIEF_DOSSIER,ar_SA,title,71,655.2,332.64,103.68,360.0,2,1,2.414,TEXT_OVERFLOW_LINES;TEXT_EXPANSION_GT_1_35;DRAFT_PREFIX_LONG,C:/hades/Hecton8/Docs/Lore/AppliedContent/packets/RS081_COLONY_ANCHOR_WORKER_DOSSIERS.packets.json
RS081_COLONY_ANCHOR_WORKER_DOSSIERS,P401_MARA_VENN_PUMP_CHIEF_DOSSIER,ar_SA,scanner,127,1039.68,424.64,92.16,460.0,3,2,1.488,TEXT_OVERFLOW_LINES;TEXT_EXPANSION_GT_1_35;DRAFT_PREFIX_LONG,C:/hades/Hecton8/Docs/Lore/AppliedContent/packets/RS081_COLONY_ANCHOR_WORKER_DOSSIERS.packets.json
RS081_COLONY_ANCHOR_WORKER_DOSSIERS,P401_MARA_VENN_PUMP_CHIEF_DOSSIER,ar_SA,terminal,205,1583.7,522.6,88.8,520.0,4,2,1.253,TEXT_OVERFLOW_LINES;DRAFT_PREFIX_LONG,C:/hades/Hecton8/Docs/Lore/AppliedContent/packets/RS081_COLONY_ANCHOR_WORKER_DOSSIERS.packets.json
RS081_COLONY_ANCHOR_WORKER_DOSSIERS,P401_MARA_VENN_PUMP_CHIEF_DOSSIER,ar_SA,audio,127,1155.96,587.16,103.68,620.0,2,2,1.497,TEXT_EXPANSION_GT_1_35;DRAFT_PREFIX_LONG,C:/hades/Hecton8/Docs/Lore/AppliedContent/packets/RS081_COLONY_ANCHOR_WORKER_DOSSIERS.packets.json
RS081_COLONY_ANCHOR_WORKER_DOSSIERS,P401_MARA_VENN_PUMP_CHIEF_DOSSIER,ar_SA,in_game_wiki,212,1600.5,599.4,86.4,620.0,3,5,1.25,DRAFT_PREFIX_LONG,C:/hades/Hecton8/Docs/Lore/AppliedContent/packets/RS081_COLONY_ANCHOR_WORKER_DOSSIERS.packets.json
RS081_COLONY_ANCHOR_WORKER_DOSSIERS,P401_MARA_VENN_PUMP_CHIEF_DOSSIER,ar_SA,external_site,147,1223.68,661.76,97.92,680.0,2,4,1.387,DRAFT_PREFIX_LONG,C:/hades/Hecton8/Docs/Lore/AppliedContent/packets/RS081_COLONY_ANCHOR_WORKER_DOSSIERS.packets.json
RS081_COLONY_ANCHOR_WORKER_DOSSIERS,P401_MARA_VENN_PUMP_CHIEF_DOSSIER,ar_SA,field_note,106,742.0,549.08,80.64,560.0,2,3,1.673,DRAFT_PREFIX_LONG,C:/hades/Hecton8/Docs/Lore/AppliedContent/packets/RS081_COLONY_ANCHOR_WORKER_DOSSIERS.packets.json
RS081_COLONY_ANCHOR_WORKER_DOSSIERS,P401_MARA_VENN_PUMP_CHIEF_DOSSIER,id_ID,title,71,655.2,332.64,103.68,360.0,2,1,2.414,TEXT_OVERFLOW_LINES;TEXT_EXPANSION_GT_1_35;DRAFT_PREFIX_LONG,C:/hades/Hecton8/Docs/Lore/AppliedContent/packets/RS081_COLONY_ANCHOR_WORKER_DOSSIERS.packets.json
RS081_COLONY_ANCHOR_WORKER_DOSSIERS,P401_MARA_VENN_PUMP_CHIEF_DOSSIER,id_ID,scanner,127,1039.68,424.64,92.16,460.0,3,2,1.488,TEXT_OVERFLOW_LINES;TEXT_EXPANSION_GT_1_35;DRAFT_PREFIX_LONG,C:/hades/Hecton8/Docs/Lore/AppliedContent/packets/RS081_COLONY_ANCHOR_WORKER_DOSSIERS.packets.json
RS081_COLONY_ANCHOR_WORKER_DOSSIERS,P401_MARA_VENN_PUMP_CHIEF_DOSSIER,id_ID,terminal,205,1583.7,522.6,88.8,520.0,4,2,1.253,TEXT_OVERFLOW_LINES;DRAFT_PREFIX_LONG,C:/hades/Hecton8/Docs/Lore/AppliedContent/packets/RS081_COLONY_ANCHOR_WORKER_DOSSIERS.packets.json
RS081_COLONY_ANCHOR_WORKER_DOSSIERS,P401_MARA_VENN_PUMP_CHIEF_DOSSIER,id_ID,audio,127,1155.96,587.16,103.68,620.0,2,2,1.497,TEXT_EXPANSION_GT_1_35;DRAFT_PREFIX_LONG,C:/hades/Hecton8/Docs/Lore/AppliedContent/packets/RS081_COLONY_ANCHOR_WORKER_DOSSIERS.packets.json
RS081_COLONY_ANCHOR_WORKER_DOSSIERS,P401_MARA_VENN_PUMP_CHIEF_DOSSIER,id_ID,in_game_wiki,212,1600.5,599.4,86.4,620.0,3,5,1.25,DRAFT_PREFIX_LONG,C:/hades/Hecton8/Docs/Lore/AppliedContent/packets/RS081_COLONY_ANCHOR_WORKER_DOSSIERS.packets.json
RS081_COLONY_ANCHOR_WORKER_DOSSIERS,P401_MARA_VENN_PUMP_CHIEF_DOSSIER,id_ID,external_site,147,1223.68,661.76,97.92,680.0,2,4,1.387,DRAFT_PREFIX_LONG,C:/hades/Hecton8/Docs/Lore/AppliedContent/packets/RS081_COLONY_ANCHOR_WORKER_DOSSIERS.packets.json
RS081_COLONY_ANCHOR_WORKER_DOSSIERS,P401_MARA_VENN_PUMP_CHIEF_DOSSIER,id_ID,field_note,106,742.0,549.08,80.64,560.0,2,3,1.673,DRAFT_PREFIX_LONG,C:/hades/Hecton8/Docs/Lore/AppliedContent/packets/RS081_COLONY_ANCHOR_WORKER_DOSSIERS.packets.json
RS081_COLONY_ANCHOR_WORKER_DOSSIERS,P401_MARA_VENN_PUMP_CHIEF_DOSSIER,ko_KR,title,71,655.2,332.64,103.68,360.0,2,1,2.414,TEXT_OVERFLOW_LINES;TEXT_EXPANSION_GT_1_35;DRAFT_PREFIX_LONG,C:/hades/Hecton8/Docs/Lore/AppliedContent/packets/RS081_COLONY_ANCHOR_WORKER_DOSSIERS.packets.json
RS081_COLONY_ANCHOR_WORKER_DOSSIERS,P401_MARA_VENN_PUMP_CHIEF_DOSSIER,ko_KR,scanner,127,1039.68,424.64,92.16,460.0,3,2,1.488,TEXT_OVERFLOW_LINES;TEXT_EXPANSION_GT_1_35;DRAFT_PREFIX_LONG,C:/hades/Hecton8/Docs/Lore/AppliedContent/packets/RS081_COLONY_ANCHOR_WORKER_DOSSIERS.packets.json
RS081_COLONY_ANCHOR_WORKER_DOSSIERS,P401_MARA_VENN_PUMP_CHIEF_DOSSIER,ko_KR,terminal,205,1583.7,522.6,88.8,520.0,4,2,1.253,TEXT_OVERFLOW_LINES;DRAFT_PREFIX_LONG,C:/hades/Hecton8/Docs/Lore/AppliedContent/packets/RS081_COLONY_ANCHOR_WORKER_DOSSIERS.packets.json
RS081_COLONY_ANCHOR_WORKER_DOSSIERS,P401_MARA_VENN_PUMP_CHIEF_DOSSIER,ko_KR,audio,127,1155.96,587.16,103.68,620.0,2,2,1.497,TEXT_EXPANSION_GT_1_35;DRAFT_PREFIX_LONG,C:/hades/Hecton8/Docs/Lore/AppliedContent/packets/RS081_COLONY_ANCHOR_WORKER_DOSSIERS.packets.json
RS081_COLONY_ANCHOR_WORKER_DOSSIERS,P401_MARA_VENN_PUMP_CHIEF_DOSSIER,ko_KR,in_game_wiki,212,1600.5,599.4,86.4,620.0,3,5,1.25,DRAFT_PREFIX_LONG,C:/hades/Hecton8/Docs/Lore/AppliedContent/packets/RS081_COLONY_ANCHOR_WORKER_DOSSIERS.packets.json
RS081_COLONY_ANCHOR_WORKER_DOSSIERS,P401_MARA_VENN_PUMP_CHIEF_DOSSIER,ko_KR,external_site,147,1223.68,661.76,97.92,680.0,2,4,1.387,DRAFT_PREFIX_LONG,C:/hades/Hecton8/Docs/Lore/AppliedContent/packets/RS081_COLONY_ANCHOR_WORKER_DOSSIERS.packets.json
RS081_COLONY_ANCHOR_WORKER_DOSSIERS,P401_MARA_VENN_PUMP_CHIEF_DOSSIER,ko_KR,field_note,106,742.0,549.08,80.64,560.0,2,3,1.673,DRAFT_PREFIX_LONG,C:/hades/Hecton8/Docs/Lore/AppliedContent/packets/RS081_COLONY_ANCHOR_WORKER_DOSSIERS.packets.json
RS081_COLONY_ANCHOR_WORKER_DOSSIERS,P401_MARA_VENN_PUMP_CHIEF_DOSSIER,he_IL,title,71,655.2,332.64,103.68,360.0,2,1,2.414,TEXT_OVERFLOW_LINES;TEXT_EXPANSION_GT_1_35;DRAFT_PREFIX_LONG,C:/hades/Hecton8/Docs/Lore/AppliedContent/packets/RS081_COLONY_ANCHOR_WORKER_DOSSIERS.packets.json
RS081_COLONY_ANCHOR_WORKER_DOSSIERS,P401_MARA_VENN_PUMP_CHIEF_DOSSIER,he_IL,scanner,127,1039.68,424.64,92.16,460.0,3,2,1.488,TEXT_OVERFLOW_LINES;TEXT_EXPANSION_GT_1_35;DRAFT_PREFIX_LONG,C:/hades/Hecton8/Docs/Lore/AppliedContent/packets/RS081_COLONY_ANCHOR_WORKER_DOSSIERS.packets.json
RS081_COLONY_ANCHOR_WORKER_DOSSIERS,P401_MARA_VENN_PUMP_CHIEF_DOSSIER,he_IL,terminal,205,1583.7,522.6,88.8,520.0,4,2,1.253,TEXT_OVERFLOW_LINES;DRAFT_PREFIX_LONG,C:/hades/Hecton8/Docs/Lore/AppliedContent/packets/RS081_COLONY_ANCHOR_WORKER_DOSSIERS.packets.json
RS081_COLONY_ANCHOR_WORKER_DOSSIERS,P401_MARA_VENN_PUMP_CHIEF_DOSSIER,he_IL,audio,127,1155.96,587.16,103.68,620.0,2,2,1.497,TEXT_EXPANSION_GT_1_35;DRAFT_PREFIX_LONG,C:/hades/Hecton8/Docs/Lore/AppliedContent/packets/RS081_COLONY_ANCHOR_WORKER_DOSSIERS.packets.json
RS081_COLONY_ANCHOR_WORKER_DOSSIERS,P401_MARA_VENN_PUMP_CHIEF_DOSSIER,he_IL,in_game_wiki,212,1600.5,599.4,86.4,620.0,3,5,1.25,DRAFT_PREFIX_LONG,C:/hades/Hecton8/Docs/Lore/AppliedContent/packets/RS081_COLONY_ANCHOR_WORKER_DOSSIERS.packets.json
RS081_COLONY_ANCHOR_WORKER_DOSSIERS,P401_MARA_VENN_PUMP_CHIEF_DOSSIER,he_IL,external_site,147,1223.68,661.76,97.92,680.0,2,4,1.387,DRAFT_PREFIX_LONG,C:/hades/Hecton8/Docs/Lore/AppliedContent/packets/RS081_COLONY_ANCHOR_WORKER_DOSSIERS.packets.json
RS081_COLONY_ANCHOR_WORKER_DOSSIERS,P401_MARA_VENN_PUMP_CHIEF_DOSSIER,he_IL,field_note,106,742.0,549.08,80.64,560.0,2,3,1.673,DRAFT_PREFIX_LONG,C:/hades/Hecton8/Docs/Lore/AppliedContent/packets/RS081_COLONY_ANCHOR_WORKER_DOSSIERS.packets.json
RS081_COLONY_ANCHOR_WORKER_DOSSIERS,P401_MARA_VENN_PUMP_CHIEF_DOSSIER,pt_BR,title,71,655.2,332.64,103.68,360.0,2,1,2.414,TEXT_OVERFLOW_LINES;TEXT_EXPANSION_GT_1_35;DRAFT_PREFIX_LONG,C:/hades/Hecton8/Docs/Lore/AppliedContent/packets/RS081_COLONY_ANCHOR_WORKER_DOSSIERS.packets.json
RS081_COLONY_ANCHOR_WORKER_DOSSIERS,P401_MARA_VENN_PUMP_CHIEF_DOSSIER,pt_BR,scanner,127,1039.68,424.64,92.16,460.0,3,2,1.488,TEXT_OVERFLOW_LINES;TEXT_EXPANSION_GT_1_35;DRAFT_PREFIX_LONG,C:/hades/Hecton8/Docs/Lore/AppliedContent/packets/RS081_COLONY_ANCHOR_WORKER_DOSSIERS.packets.json
RS081_COLONY_ANCHOR_WORKER_DOSSIERS,P401_MARA_VENN_PUMP_CHIEF_DOSSIER,pt_BR,terminal,205,1583.7,522.6,88.8,520.0,4,2,1.253,TEXT_OVERFLOW_LINES;DRAFT_PREFIX_LONG,C:/hades/Hecton8/Docs/Lore/AppliedContent/packets/RS081_COLONY_ANCHOR_WORKER_DOSSIERS.packets.json
RS081_COLONY_ANCHOR_WORKER_DOSSIERS,P401_MARA_VENN_PUMP_CHIEF_DOSSIER,pt_BR,audio,127,1155.96,587.16,103.68,620.0,2,2,1.497,TEXT_EXPANSION_GT_1_35;DRAFT_PREFIX_LONG,C:/hades/Hecton8/Docs/Lore/AppliedContent/packets/RS081_COLONY_ANCHOR_WORKER_DOSSIERS.packets.json
RS081_COLONY_ANCHOR_WORKER_DOSSIERS,P401_MARA_VENN_PUMP_CHIEF_DOSSIER,pt_BR,in_game_wiki,212,1600.5,599.4,86.4,620.0,3,5,1.25,DRAFT_PREFIX_LONG,C:/hades/Hecton8/Docs/Lore/AppliedContent/packets/RS081_COLONY_ANCHOR_WORKER_DOSSIERS.packets.json
RS081_COLONY_ANCHOR_WORKER_DOSSIERS,P401_MARA_VENN_PUMP_CHIEF_DOSSIER,pt_BR,external_site,147,1223.68,661.76,97.92,680.0,2,4,1.387,DRAFT_PREFIX_LONG,C:/hades/Hecton8/Docs/Lore/AppliedContent/packets/RS081_COLONY_ANCHOR_WORKER_DOSSIERS.packets.json
RS081_COLONY_ANCHOR_WORKER_DOSSIERS,P401_MARA_VENN_PUMP_CHIEF_DOSSIER,pt_BR,field_note,106,742.0,549.08,80.64,560.0,2,3,1.673,DRAFT_PREFIX_LONG,C:/hades/Hecton8/Docs/Lore/AppliedContent/packets/RS081_COLONY_ANCHOR_WORKER_DOSSIERS.packets.json
RS081_COLONY_ANCHOR_WORKER_DOSSIERS,P401_MARA_VENN_PUMP_CHIEF_DOSSIER,nl_NL,title,71,655.2,332.64,103.68,360.0,2,1,2.414,TEXT_OVERFLOW_LINES;TEXT_EXPANSION_GT_1_35;DRAFT_PREFIX_LONG,C:/hades/Hecton8/Docs/Lore/AppliedContent/packets/RS081_COLONY_ANCHOR_WORKER_DOSSIERS.packets.json
RS081_COLONY_ANCHOR_WORKER_DOSSIERS,P401_MARA_VENN_PUMP_CHIEF_DOSSIER,nl_NL,scanner,127,1039.68,424.64,92.16,460.0,3,2,1.488,TEXT_OVERFLOW_LINES;TEXT_EXPANSION_GT_1_35;DRAFT_PREFIX_LONG,C:/hades/Hecton8/Docs/Lore/AppliedContent/packets/RS081_COLONY_ANCHOR_WORKER_DOSSIERS.packets.json
RS081_COLONY_ANCHOR_WORKER_DOSSIERS,P401_MARA_VENN_PUMP_CHIEF_DOSSIER,nl_NL,terminal,205,1583.7,522.6,88.8,520.0,4,2,1.253,TEXT_OVERFLOW_LINES;DRAFT_PREFIX_LONG,C:/hades/Hecton8/Docs/Lore/AppliedContent/packets/RS081_COLONY_ANCHOR_WORKER_DOSSIERS.packets.json
RS081_COLONY_ANCHOR_WORKER_DOSSIERS,P401_MARA_VENN_PUMP_CHIEF_DOSSIER,nl_NL,audio,127,1155.96,587.16,103.68,620.0,2,2,1.497,TEXT_EXPANSION_GT_1_35;DRAFT_PREFIX_LONG,C:/hades/Hecton8/Docs/Lore/AppliedContent/packets/RS081_COLONY_ANCHOR_WORKER_DOSSIERS.packets.json
RS081_COLONY_ANCHOR_WORKER_DOSSIERS,P401_MARA_VENN_PUMP_CHIEF_DOSSIER,nl_NL,in_game_wiki,212,1600.5,599.4,86.4,620.0,3,5,1.25,DRAFT_PREFIX_LONG,C:/hades/Hecton8/Docs/Lore/AppliedContent/packets/RS081_COLONY_ANCHOR_WORKER_DOSSIERS.packets.json
RS081_COLONY_ANCHOR_WORKER_DOSSIERS,P401_MARA_VENN_PUMP_CHIEF_DOSSIER,nl_NL,external_site,147,1223.68,661.76,97.92,680.0,2,4,1.387,DRAFT_PREFIX_LONG,C:/hades/Hecton8/Docs/Lore/AppliedContent/packets/RS081_COLONY_ANCHOR_WORKER_DOSSIERS.packets.json
RS081_COLONY_ANCHOR_WORKER_DOSSIERS,P401_MARA_VENN_PUMP_CHIEF_DOSSIER,nl_NL,field_note,106,742.0,549.08,80.64,560.0,2,3,1.673,DRAFT_PREFIX_LONG,C:/hades/Hecton8/Docs/Lore/AppliedContent/packets/RS081_COLONY_ANCHOR_WORKER_DOSSIERS.packets.json
RS081_COLONY_ANCHOR_WORKER_DOSSIERS,P402_JUNO_KADE_RELAY_NOTARY_DOSSIER,en_US,title,30,286.92,286.92,68.04,360.0,1,1,1.0,,C:/hades/Hecton8/Docs/Lore/AppliedContent/packets/RS081_COLONY_ANCHOR_WORKER_DOSSIERS.packets.json
RS081_COLONY_ANCHOR_WORKER_DOSSIERS,P402_JUNO_KADE_RELAY_NOTARY_DOSSIER,en_US,scanner,85,700.16,450.24,67.84,460.0,2,2,1.0,,C:/hades/Hecton8/Docs/Lore/AppliedContent/packets/RS081_COLONY_ANCHOR_WORKER_DOSSIERS.packets.json
RS081_COLONY_ANCHOR_WORKER_DOSSIERS,P402_JUNO_KADE_RELAY_NOTARY_DOSSIER,en_US,terminal,151,1207.8,518.1,79.8,520.0,3,2,1.0,TEXT_OVERFLOW_LINES,C:/hades/Hecton8/Docs/Lore/AppliedContent/packets/RS081_COLONY_ANCHOR_WORKER_DOSSIERS.packets.json
RS081_COLONY_ANCHOR_WORKER_DOSSIERS,P402_JUNO_KADE_RELAY_NOTARY_DOSSIER,en_US,audio,69,623.16,553.32,82.08,620.0,2,2,1.0,,C:/hades/Hecton8/Docs/Lore/AppliedContent/packets/RS081_COLONY_ANCHOR_WORKER_DOSSIERS.packets.json
RS081_COLONY_ANCHOR_WORKER_DOSSIERS,P402_JUNO_KADE_RELAY_NOTARY_DOSSIER,en_US,in_game_wiki,171,1323.3,609.0,75.9,620.0,3,5,1.0,,C:/hades/Hecton8/Docs/Lore/AppliedContent/packets/RS081_COLONY_ANCHOR_WORKER_DOSSIERS.packets.json
RS081_COLONY_ANCHOR_WORKER_DOSSIERS,P402_JUNO_KADE_RELAY_NOTARY_DOSSIER,en_US,external_site,105,856.0,657.6,117.12,680.0,2,4,1.0,,C:/hades/Hecton8/Docs/Lore/AppliedContent/packets/RS081_COLONY_ANCHOR_WORKER_DOSSIERS.packets.json
RS081_COLONY_ANCHOR_WORKER_DOSSIERS,P402_JUNO_KADE_RELAY_NOTARY_DOSSIER,en_US,field_note,65,456.68,456.68,108.36,560.0,1,3,1.0,,C:/hades/Hecton8/Docs/Lore/AppliedContent/packets/RS081_COLONY_ANCHOR_WORKER_DOSSIERS.packets.json
RS081_COLONY_ANCHOR_WORKER_DOSSIERS,P402_JUNO_KADE_RELAY_NOTARY_DOSSIER,ru_RU,title,38,376.92,282.96,93.96,360.0,2,1,1.314,TEXT_OVERFLOW_LINES,C:/hades/Hecton8/Docs/Lore/AppliedContent/packets/RS081_COLONY_ANCHOR_WORKER_DOSSIERS.packets.json
RS081_COLONY_ANCHOR_WORKER_DOSSIERS,P402_JUNO_KADE_RELAY_NOTARY_DOSSIER,ru_RU,scanner,105,916.8,454.72,124.8,460.0,3,2,1.309,TEXT_OVERFLOW_LINES,C:/hades/Hecton8/Docs/Lore/AppliedContent/packets/RS081_COLONY_ANCHOR_WORKER_DOSSIERS.packets.json
RS081_COLONY_ANCHOR_WORKER_DOSSIERS,P402_JUNO_KADE_RELAY_NOTARY_DOSSIER,ru_RU,terminal,142,1171.2,480.6,104.4,520.0,3,2,0.97,TEXT_OVERFLOW_LINES,C:/hades/Hecton8/Docs/Lore/AppliedContent/packets/RS081_COLONY_ANCHOR_WORKER_DOSSIERS.packets.json
RS081_COLONY_ANCHOR_WORKER_DOSSIERS,P402_JUNO_KADE_RELAY_NOTARY_DOSSIER,ru_RU,audio,71,683.28,588.96,73.08,620.0,2,2,1.096,,C:/hades/Hecton8/Docs/Lore/AppliedContent/packets/RS081_COLONY_ANCHOR_WORKER_DOSSIERS.packets.json
RS081_COLONY_ANCHOR_WORKER_DOSSIERS,P402_JUNO_KADE_RELAY_NOTARY_DOSSIER,ru_RU,in_game_wiki,153,1250.4,605.1,113.1,620.0,3,5,0.945,,C:/hades/Hecton8/Docs/Lore/AppliedContent/packets/RS081_COLONY_ANCHOR_WORKER_DOSSIERS.packets.json
RS081_COLONY_ANCHOR_WORKER_DOSSIERS,P402_JUNO_KADE_RELAY_NOTARY_DOSSIER,ru_RU,external_site,123,1078.08,648.96,124.8,680.0,2,4,1.259,,C:/hades/Hecton8/Docs/Lore/AppliedContent/packets/RS081_COLONY_ANCHOR_WORKER_DOSSIERS.packets.json
RS081_COLONY_ANCHOR_WORKER_DOSSIERS,P402_JUNO_KADE_RELAY_NOTARY_DOSSIER,ru_RU,field_note,73,555.52,555.52,98.28,560.0,1,3,1.216,,C:/hades/Hecton8/Docs/Lore/AppliedContent/packets/RS081_COLONY_ANCHOR_WORKER_DOSSIERS.packets.json
RS081_COLONY_ANCHOR_WORKER_DOSSIERS,P402_JUNO_KADE_RELAY_NOTARY_DOSSIER,ja_JP,title,73,670.68,338.04,103.68,360.0,2,1,2.338,TEXT_OVERFLOW_LINES;TEXT_EXPANSION_GT_1_35;DRAFT_PREFIX_LONG,C:/hades/Hecton8/Docs/Lore/AppliedContent/packets/RS081_COLONY_ANCHOR_WORKER_DOSSIERS.packets.json
RS081_COLONY_ANCHOR_WORKER_DOSSIERS,P402_JUNO_KADE_RELAY_NOTARY_DOSSIER,ja_JP,scanner,128,1041.28,434.88,92.16,460.0,3,2,1.487,TEXT_OVERFLOW_LINES;TEXT_EXPANSION_GT_1_35;DRAFT_PREFIX_LONG,C:/hades/Hecton8/Docs/Lore/AppliedContent/packets/RS081_COLONY_ANCHOR_WORKER_DOSSIERS.packets.json
RS081_COLONY_ANCHOR_WORKER_DOSSIERS,P402_JUNO_KADE_RELAY_NOTARY_DOSSIER,ja_JP,terminal,194,1527.6,516.0,86.4,520.0,4,2,1.265,TEXT_OVERFLOW_LINES;DRAFT_PREFIX_LONG,C:/hades/Hecton8/Docs/Lore/AppliedContent/packets/RS081_COLONY_ANCHOR_WORKER_DOSSIERS.packets.json
RS081_COLONY_ANCHOR_WORKER_DOSSIERS,P402_JUNO_KADE_RELAY_NOTARY_DOSSIER,ja_JP,audio,112,1006.92,623.16,103.68,620.0,2,2,1.616,TEXT_EXPANSION_GT_1_35;DRAFT_PREFIX_LONG,C:/hades/Hecton8/Docs/Lore/AppliedContent/packets/RS081_COLONY_ANCHOR_WORKER_DOSSIERS.packets.json
RS081_COLONY_ANCHOR_WORKER_DOSSIERS,P402_JUNO_KADE_RELAY_NOTARY_DOSSIER,ja_JP,in_game_wiki,214,1643.1,616.5,86.4,620.0,3,5,1.242,DRAFT_PREFIX_LONG,C:/hades/Hecton8/Docs/Lore/AppliedContent/packets/RS081_COLONY_ANCHOR_WORKER_DOSSIERS.packets.json
RS081_COLONY_ANCHOR_WORKER_DOSSIERS,P402_JUNO_KADE_RELAY_NOTARY_DOSSIER,ja_JP,external_site,148,1197.12,683.52,117.12,680.0,2,4,1.399,DRAFT_PREFIX_LONG,C:/hades/Hecton8/Docs/Lore/AppliedContent/packets/RS081_COLONY_ANCHOR_WORKER_DOSSIERS.packets.json
RS081_COLONY_ANCHOR_WORKER_DOSSIERS,P402_JUNO_KADE_RELAY_NOTARY_DOSSIER,ja_JP,field_note,108,755.16,513.24,108.36,560.0,2,3,1.654,DRAFT_PREFIX_LONG,C:/hades/Hecton8/Docs/Lore/AppliedContent/packets/RS081_COLONY_ANCHOR_WORKER_DOSSIERS.packets.json
RS081_COLONY_ANCHOR_WORKER_DOSSIERS,P402_JUNO_KADE_RELAY_NOTARY_DOSSIER,zh_CN,title,73,670.68,338.04,103.68,360.0,2,1,2.338,TEXT_OVERFLOW_LINES;TEXT_EXPANSION_GT_1_35;DRAFT_PREFIX_LONG,C:/hades/Hecton8/Docs/Lore/AppliedContent/packets/RS081_COLONY_ANCHOR_WORKER_DOSSIERS.packets.json
RS081_COLONY_ANCHOR_WORKER_DOSSIERS,P402_JUNO_KADE_RELAY_NOTARY_DOSSIER,zh_CN,scanner,128,1041.28,434.88,92.16,460.0,3,2,1.487,TEXT_OVERFLOW_LINES;TEXT_EXPANSION_GT_1_35;DRAFT_PREFIX_LONG,C:/hades/Hecton8/Docs/Lore/AppliedContent/packets/RS081_COLONY_ANCHOR_WORKER_DOSSIERS.packets.json
RS081_COLONY_ANCHOR_WORKER_DOSSIERS,P402_JUNO_KADE_RELAY_NOTARY_DOSSIER,zh_CN,terminal,194,1527.6,516.0,86.4,520.0,4,2,1.265,TEXT_OVERFLOW_LINES;DRAFT_PREFIX_LONG,C:/hades/Hecton8/Docs/Lore/AppliedContent/packets/RS081_COLONY_ANCHOR_WORKER_DOSSIERS.packets.json
RS081_COLONY_ANCHOR_WORKER_DOSSIERS,P402_JUNO_KADE_RELAY_NOTARY_DOSSIER,zh_CN,audio,112,1006.92,623.16,103.68,620.0,2,2,1.616,TEXT_EXPANSION_GT_1_35;DRAFT_PREFIX_LONG,C:/hades/Hecton8/Docs/Lore/AppliedContent/packets/RS081_COLONY_ANCHOR_WORKER_DOSSIERS.packets.json
RS081_COLONY_ANCHOR_WORKER_DOSSIERS,P402_JUNO_KADE_RELAY_NOTARY_DOSSIER,zh_CN,in_game_wiki,214,1643.1,616.5,86.4,620.0,3,5,1.242,DRAFT_PREFIX_LONG,C:/hades/Hecton8/Docs/Lore/AppliedContent/packets/RS081_COLONY_ANCHOR_WORKER_DOSSIERS.packets.json
RS081_COLONY_ANCHOR_WORKER_DOSSIERS,P402_JUNO_KADE_RELAY_NOTARY_DOSSIER,zh_CN,external_site,148,1197.12,683.52,117.12,680.0,2,4,1.399,DRAFT_PREFIX_LONG,C:/hades/Hecton8/Docs/Lore/AppliedContent/packets/RS081_COLONY_ANCHOR_WORKER_DOSSIERS.packets.json
RS081_COLONY_ANCHOR_WORKER_DOSSIERS,P402_JUNO_KADE_RELAY_NOTARY_DOSSIER,zh_CN,field_note,108,755.16,513.24,108.36,560.0,2,3,1.654,DRAFT_PREFIX_LONG,C:/hades/Hecton8/Docs/Lore/AppliedContent/packets/RS081_COLONY_ANCHOR_WORKER_DOSSIERS.packets.json
RS081_COLONY_ANCHOR_WORKER_DOSSIERS,P402_JUNO_KADE_RELAY_NOTARY_DOSSIER,fr_FR,title,73,670.68,338.04,103.68,360.0,2,1,2.338,TEXT_OVERFLOW_LINES;TEXT_EXPANSION_GT_1_35;DRAFT_PREFIX_LONG,C:/hades/Hecton8/Docs/Lore/AppliedContent/packets/RS081_COLONY_ANCHOR_WORKER_DOSSIERS.packets.json
RS081_COLONY_ANCHOR_WORKER_DOSSIERS,P402_JUNO_KADE_RELAY_NOTARY_DOSSIER,fr_FR,scanner,128,1041.28,434.88,92.16,460.0,3,2,1.487,TEXT_OVERFLOW_LINES;TEXT_EXPANSION_GT_1_35;DRAFT_PREFIX_LONG,C:/hades/Hecton8/Docs/Lore/AppliedContent/packets/RS081_COLONY_ANCHOR_WORKER_DOSSIERS.packets.json
RS081_COLONY_ANCHOR_WORKER_DOSSIERS,P402_JUNO_KADE_RELAY_NOTARY_DOSSIER,fr_FR,terminal,194,1527.6,516.0,86.4,520.0,4,2,1.265,TEXT_OVERFLOW_LINES;DRAFT_PREFIX_LONG,C:/hades/Hecton8/Docs/Lore/AppliedContent/packets/RS081_COLONY_ANCHOR_WORKER_DOSSIERS.packets.json
RS081_COLONY_ANCHOR_WORKER_DOSSIERS,P402_JUNO_KADE_RELAY_NOTARY_DOSSIER,fr_FR,audio,112,1006.92,623.16,103.68,620.0,2,2,1.616,TEXT_EXPANSION_GT_1_35;DRAFT_PREFIX_LONG,C:/hades/Hecton8/Docs/Lore/AppliedContent/packets/RS081_COLONY_ANCHOR_WORKER_DOSSIERS.packets.json
RS081_COLONY_ANCHOR_WORKER_DOSSIERS,P402_JUNO_KADE_RELAY_NOTARY_DOSSIER,fr_FR,in_game_wiki,214,1643.1,616.5,86.4,620.0,3,5,1.242,DRAFT_PREFIX_LONG,C:/hades/Hecton8/Docs/Lore/AppliedContent/packets/RS081_COLONY_ANCHOR_WORKER_DOSSIERS.packets.json
RS081_COLONY_ANCHOR_WORKER_DOSSIERS,P402_JUNO_KADE_RELAY_NOTARY_DOSSIER,fr_FR,external_site,148,1197.12,683.52,117.12,680.0,2,4,1.399,DRAFT_PREFIX_LONG,C:/hades/Hecton8/Docs/Lore/AppliedContent/packets/RS081_COLONY_ANCHOR_WORKER_DOSSIERS.packets.json
RS081_COLONY_ANCHOR_WORKER_DOSSIERS,P402_JUNO_KADE_RELAY_NOTARY_DOSSIER,fr_FR,field_note,108,755.16,513.24,108.36,560.0,2,3,1.654,DRAFT_PREFIX_LONG,C:/hades/Hecton8/Docs/Lore/AppliedContent/packets/RS081_COLONY_ANCHOR_WORKER_DOSSIERS.packets.json
RS081_COLONY_ANCHOR_WORKER_DOSSIERS,P402_JUNO_KADE_RELAY_NOTARY_DOSSIER,es_ES,title,73,670.68,338.04,103.68,360.0,2,1,2.338,TEXT_OVERFLOW_LINES;TEXT_EXPANSION_GT_1_35;DRAFT_PREFIX_LONG,C:/hades/Hecton8/Docs/Lore/AppliedContent/packets/RS081_COLONY_ANCHOR_WORKER_DOSSIERS.packets.json
RS081_COLONY_ANCHOR_WORKER_DOSSIERS,P402_JUNO_KADE_RELAY_NOTARY_DOSSIER,es_ES,scanner,128,1041.28,434.88,92.16,460.0,3,2,1.487,TEXT_OVERFLOW_LINES;TEXT_EXPANSION_GT_1_35;DRAFT_PREFIX_LONG,C:/hades/Hecton8/Docs/Lore/AppliedContent/packets/RS081_COLONY_ANCHOR_WORKER_DOSSIERS.packets.json
RS081_COLONY_ANCHOR_WORKER_DOSSIERS,P402_JUNO_KADE_RELAY_NOTARY_DOSSIER,es_ES,terminal,194,1527.6,516.0,86.4,520.0,4,2,1.265,TEXT_OVERFLOW_LINES;DRAFT_PREFIX_LONG,C:/hades/Hecton8/Docs/Lore/AppliedContent/packets/RS081_COLONY_ANCHOR_WORKER_DOSSIERS.packets.json
RS081_COLONY_ANCHOR_WORKER_DOSSIERS,P402_JUNO_KADE_RELAY_NOTARY_DOSSIER,es_ES,audio,112,1006.92,623.16,103.68,620.0,2,2,1.616,TEXT_EXPANSION_GT_1_35;DRAFT_PREFIX_LONG,C:/hades/Hecton8/Docs/Lore/AppliedContent/packets/RS081_COLONY_ANCHOR_WORKER_DOSSIERS.packets.json
RS081_COLONY_ANCHOR_WORKER_DOSSIERS,P402_JUNO_KADE_RELAY_NOTARY_DOSSIER,es_ES,in_game_wiki,214,1643.1,616.5,86.4,620.0,3,5,1.242,DRAFT_PREFIX_LONG,C:/hades/Hecton8/Docs/Lore/AppliedContent/packets/RS081_COLONY_ANCHOR_WORKER_DOSSIERS.packets.json
RS081_COLONY_ANCHOR_WORKER_DOSSIERS,P402_JUNO_KADE_RELAY_NOTARY_DOSSIER,es_ES,external_site,148,1197.12,683.52,117.12,680.0,2,4,1.399,DRAFT_PREFIX_LONG,C:/hades/Hecton8/Docs/Lore/AppliedContent/packets/RS081_COLONY_ANCHOR_WORKER_DOSSIERS.packets.json
RS081_COLONY_ANCHOR_WORKER_DOSSIERS,P402_JUNO_KADE_RELAY_NOTARY_DOSSIER,es_ES,field_note,108,755.16,513.24,108.36,560.0,2,3,1.654,DRAFT_PREFIX_LONG,C:/hades/Hecton8/Docs/Lore/AppliedContent/packets/RS081_COLONY_ANCHOR_WORKER_DOSSIERS.packets.json
RS081_COLONY_ANCHOR_WORKER_DOSSIERS,P402_JUNO_KADE_RELAY_NOTARY_DOSSIER,de_DE,title,73,670.68,338.04,103.68,360.0,2,1,2.338,TEXT_OVERFLOW_LINES;TEXT_EXPANSION_GT_1_35;DRAFT_PREFIX_LONG,C:/hades/Hecton8/Docs/Lore/AppliedContent/packets/RS081_COLONY_ANCHOR_WORKER_DOSSIERS.packets.json
RS081_COLONY_ANCHOR_WORKER_DOSSIERS,P402_JUNO_KADE_RELAY_NOTARY_DOSSIER,de_DE,scanner,128,1041.28,434.88,92.16,460.0,3,2,1.487,TEXT_OVERFLOW_LINES;TEXT_EXPANSION_GT_1_35;DRAFT_PREFIX_LONG,C:/hades/Hecton8/Docs/Lore/AppliedContent/packets/RS081_COLONY_ANCHOR_WORKER_DOSSIERS.packets.json
RS081_COLONY_ANCHOR_WORKER_DOSSIERS,P402_JUNO_KADE_RELAY_NOTARY_DOSSIER,de_DE,terminal,194,1527.6,516.0,86.4,520.0,4,2,1.265,TEXT_OVERFLOW_LINES;DRAFT_PREFIX_LONG,C:/hades/Hecton8/Docs/Lore/AppliedContent/packets/RS081_COLONY_ANCHOR_WORKER_DOSSIERS.packets.json
RS081_COLONY_ANCHOR_WORKER_DOSSIERS,P402_JUNO_KADE_RELAY_NOTARY_DOSSIER,de_DE,audio,112,1006.92,623.16,103.68,620.0,2,2,1.616,TEXT_EXPANSION_GT_1_35;DRAFT_PREFIX_LONG,C:/hades/Hecton8/Docs/Lore/AppliedContent/packets/RS081_COLONY_ANCHOR_WORKER_DOSSIERS.packets.json
RS081_COLONY_ANCHOR_WORKER_DOSSIERS,P402_JUNO_KADE_RELAY_NOTARY_DOSSIER,de_DE,in_game_wiki,214,1643.1,616.5,86.4,620.0,3,5,1.242,DRAFT_PREFIX_LONG,C:/hades/Hecton8/Docs/Lore/AppliedContent/packets/RS081_COLONY_ANCHOR_WORKER_DOSSIERS.packets.json
RS081_COLONY_ANCHOR_WORKER_DOSSIERS,P402_JUNO_KADE_RELAY_NOTARY_DOSSIER,de_DE,external_site,148,1197.12,683.52,117.12,680.0,2,4,1.399,DRAFT_PREFIX_LONG,C:/hades/Hecton8/Docs/Lore/AppliedContent/packets/RS081_COLONY_ANCHOR_WORKER_DOSSIERS.packets.json
RS081_COLONY_ANCHOR_WORKER_DOSSIERS,P402_JUNO_KADE_RELAY_NOTARY_DOSSIER,de_DE,field_note,108,755.16,513.24,108.36,560.0,2,3,1.654,DRAFT_PREFIX_LONG,C:/hades/Hecton8/Docs/Lore/AppliedContent/packets/RS081_COLONY_ANCHOR_WORKER_DOSSIERS.packets.json
RS081_COLONY_ANCHOR_WORKER_DOSSIERS,P402_JUNO_KADE_RELAY_NOTARY_DOSSIER,pl_PL,title,73,670.68,338.04,103.68,360.0,2,1,2.338,TEXT_OVERFLOW_LINES;TEXT_EXPANSION_GT_1_35;DRAFT_PREFIX_LONG,C:/hades/Hecton8/Docs/Lore/AppliedContent/packets/RS081_COLONY_ANCHOR_WORKER_DOSSIERS.packets.json
RS081_COLONY_ANCHOR_WORKER_DOSSIERS,P402_JUNO_KADE_RELAY_NOTARY_DOSSIER,pl_PL,scanner,128,1041.28,434.88,92.16,460.0,3,2,1.487,TEXT_OVERFLOW_LINES;TEXT_EXPANSION_GT_1_35;DRAFT_PREFIX_LONG,C:/hades/Hecton8/Docs/Lore/AppliedContent/packets/RS081_COLONY_ANCHOR_WORKER_DOSSIERS.packets.json
RS081_COLONY_ANCHOR_WORKER_DOSSIERS,P402_JUNO_KADE_RELAY_NOTARY_DOSSIER,pl_PL,terminal,194,1527.6,516.0,86.4,520.0,4,2,1.265,TEXT_OVERFLOW_LINES;DRAFT_PREFIX_LONG,C:/hades/Hecton8/Docs/Lore/AppliedContent/packets/RS081_COLONY_ANCHOR_WORKER_DOSSIERS.packets.json
RS081_COLONY_ANCHOR_WORKER_DOSSIERS,P402_JUNO_KADE_RELAY_NOTARY_DOSSIER,pl_PL,audio,112,1006.92,623.16,103.68,620.0,2,2,1.616,TEXT_EXPANSION_GT_1_35;DRAFT_PREFIX_LONG,C:/hades/Hecton8/Docs/Lore/AppliedContent/packets/RS081_COLONY_ANCHOR_WORKER_DOSSIERS.packets.json
RS081_COLONY_ANCHOR_WORKER_DOSSIERS,P402_JUNO_KADE_RELAY_NOTARY_DOSSIER,pl_PL,in_game_wiki,214,1643.1,616.5,86.4,620.0,3,5,1.242,DRAFT_PREFIX_LONG,C:/hades/Hecton8/Docs/Lore/AppliedContent/packets/RS081_COLONY_ANCHOR_WORKER_DOSSIERS.packets.json
RS081_COLONY_ANCHOR_WORKER_DOSSIERS,P402_JUNO_KADE_RELAY_NOTARY_DOSSIER,pl_PL,external_site,148,1197.12,683.52,117.12,680.0,2,4,1.399,DRAFT_PREFIX_LONG,C:/hades/Hecton8/Docs/Lore/AppliedContent/packets/RS081_COLONY_ANCHOR_WORKER_DOSSIERS.packets.json
RS081_COLONY_ANCHOR_WORKER_DOSSIERS,P402_JUNO_KADE_RELAY_NOTARY_DOSSIER,pl_PL,field_note,108,755.16,513.24,108.36,560.0,2,3,1.654,DRAFT_PREFIX_LONG,C:/hades/Hecton8/Docs/Lore/AppliedContent/packets/RS081_COLONY_ANCHOR_WORKER_DOSSIERS.packets.json
RS081_COLONY_ANCHOR_WORKER_DOSSIERS,P402_JUNO_KADE_RELAY_NOTARY_DOSSIER,uk_UA,title,73,670.68,338.04,103.68,360.0,2,1,2.338,TEXT_OVERFLOW_LINES;TEXT_EXPANSION_GT_1_35;DRAFT_PREFIX_LONG,C:/hades/Hecton8/Docs/Lore/AppliedContent/packets/RS081_COLONY_ANCHOR_WORKER_DOSSIERS.packets.json
RS081_COLONY_ANCHOR_WORKER_DOSSIERS,P402_JUNO_KADE_RELAY_NOTARY_DOSSIER,uk_UA,scanner,128,1041.28,434.88,92.16,460.0,3,2,1.487,TEXT_OVERFLOW_LINES;TEXT_EXPANSION_GT_1_35;DRAFT_PREFIX_LONG,C:/hades/Hecton8/Docs/Lore/AppliedContent/packets/RS081_COLONY_ANCHOR_WORKER_DOSSIERS.packets.json
RS081_COLONY_ANCHOR_WORKER_DOSSIERS,P402_JUNO_KADE_RELAY_NOTARY_DOSSIER,uk_UA,terminal,194,1527.6,516.0,86.4,520.0,4,2,1.265,TEXT_OVERFLOW_LINES;DRAFT_PREFIX_LONG,C:/hades/Hecton8/Docs/Lore/AppliedContent/packets/RS081_COLONY_ANCHOR_WORKER_DOSSIERS.packets.json
RS081_COLONY_ANCHOR_WORKER_DOSSIERS,P402_JUNO_KADE_RELAY_NOTARY_DOSSIER,uk_UA,audio,112,1006.92,623.16,103.68,620.0,2,2,1.616,TEXT_EXPANSION_GT_1_35;DRAFT_PREFIX_LONG,C:/hades/Hecton8/Docs/Lore/AppliedContent/packets/RS081_COLONY_ANCHOR_WORKER_DOSSIERS.packets.json
RS081_COLONY_ANCHOR_WORKER_DOSSIERS,P402_JUNO_KADE_RELAY_NOTARY_DOSSIER,uk_UA,in_game_wiki,214,1643.1,616.5,86.4,620.0,3,5,1.242,DRAFT_PREFIX_LONG,C:/hades/Hecton8/Docs/Lore/AppliedContent/packets/RS081_COLONY_ANCHOR_WORKER_DOSSIERS.packets.json
RS081_COLONY_ANCHOR_WORKER_DOSSIERS,P402_JUNO_KADE_RELAY_NOTARY_DOSSIER,uk_UA,external_site,148,1197.12,683.52,117.12,680.0,2,4,1.399,DRAFT_PREFIX_LONG,C:/hades/Hecton8/Docs/Lore/AppliedContent/packets/RS081_COLONY_ANCHOR_WORKER_DOSSIERS.packets.json
RS081_COLONY_ANCHOR_WORKER_DOSSIERS,P402_JUNO_KADE_RELAY_NOTARY_DOSSIER,uk_UA,field_note,108,755.16,513.24,108.36,560.0,2,3,1.654,DRAFT_PREFIX_LONG,C:/hades/Hecton8/Docs/Lore/AppliedContent/packets/RS081_COLONY_ANCHOR_WORKER_DOSSIERS.packets.json
RS081_COLONY_ANCHOR_WORKER_DOSSIERS,P402_JUNO_KADE_RELAY_NOTARY_DOSSIER,ar_SA,title,73,670.68,338.04,103.68,360.0,2,1,2.338,TEXT_OVERFLOW_LINES;TEXT_EXPANSION_GT_1_35;DRAFT_PREFIX_LONG,C:/hades/Hecton8/Docs/Lore/AppliedContent/packets/RS081_COLONY_ANCHOR_WORKER_DOSSIERS.packets.json
RS081_COLONY_ANCHOR_WORKER_DOSSIERS,P402_JUNO_KADE_RELAY_NOTARY_DOSSIER,ar_SA,scanner,128,1041.28,434.88,92.16,460.0,3,2,1.487,TEXT_OVERFLOW_LINES;TEXT_EXPANSION_GT_1_35;DRAFT_PREFIX_LONG,C:/hades/Hecton8/Docs/Lore/AppliedContent/packets/RS081_COLONY_ANCHOR_WORKER_DOSSIERS.packets.json
RS081_COLONY_ANCHOR_WORKER_DOSSIERS,P402_JUNO_KADE_RELAY_NOTARY_DOSSIER,ar_SA,terminal,194,1527.6,516.0,86.4,520.0,4,2,1.265,TEXT_OVERFLOW_LINES;DRAFT_PREFIX_LONG,C:/hades/Hecton8/Docs/Lore/AppliedContent/packets/RS081_COLONY_ANCHOR_WORKER_DOSSIERS.packets.json
RS081_COLONY_ANCHOR_WORKER_DOSSIERS,P402_JUNO_KADE_RELAY_NOTARY_DOSSIER,ar_SA,audio,112,1006.92,623.16,103.68,620.0,2,2,1.616,TEXT_EXPANSION_GT_1_35;DRAFT_PREFIX_LONG,C:/hades/Hecton8/Docs/Lore/AppliedContent/packets/RS081_COLONY_ANCHOR_WORKER_DOSSIERS.packets.json
RS081_COLONY_ANCHOR_WORKER_DOSSIERS,P402_JUNO_KADE_RELAY_NOTARY_DOSSIER,ar_SA,in_game_wiki,214,1643.1,616.5,86.4,620.0,3,5,1.242,DRAFT_PREFIX_LONG,C:/hades/Hecton8/Docs/Lore/AppliedContent/packets/RS081_COLONY_ANCHOR_WORKER_DOSSIERS.packets.json
RS081_COLONY_ANCHOR_WORKER_DOSSIERS,P402_JUNO_KADE_RELAY_NOTARY_DOSSIER,ar_SA,external_site,148,1197.12,683.52,117.12,680.0,2,4,1.399,DRAFT_PREFIX_LONG,C:/hades/Hecton8/Docs/Lore/AppliedContent/packets/RS081_COLONY_ANCHOR_WORKER_DOSSIERS.packets.json
RS081_COLONY_ANCHOR_WORKER_DOSSIERS,P402_JUNO_KADE_RELAY_NOTARY_DOSSIER,ar_SA,field_note,108,755.16,513.24,108.36,560.0,2,3,1.654,DRAFT_PREFIX_LONG,C:/hades/Hecton8/Docs/Lore/AppliedContent/packets/RS081_COLONY_ANCHOR_WORKER_DOSSIERS.packets.json
RS081_COLONY_ANCHOR_WORKER_DOSSIERS,P402_JUNO_KADE_RELAY_NOTARY_DOSSIER,id_ID,title,73,670.68,338.04,103.68,360.0,2,1,2.338,TEXT_OVERFLOW_LINES;TEXT_EXPANSION_GT_1_35;DRAFT_PREFIX_LONG,C:/hades/Hecton8/Docs/Lore/AppliedContent/packets/RS081_COLONY_ANCHOR_WORKER_DOSSIERS.packets.json
RS081_COLONY_ANCHOR_WORKER_DOSSIERS,P402_JUNO_KADE_RELAY_NOTARY_DOSSIER,id_ID,scanner,128,1041.28,434.88,92.16,460.0,3,2,1.487,TEXT_OVERFLOW_LINES;TEXT_EXPANSION_GT_1_35;DRAFT_PREFIX_LONG,C:/hades/Hecton8/Docs/Lore/AppliedContent/packets/RS081_COLONY_ANCHOR_WORKER_DOSSIERS.packets.json
RS081_COLONY_ANCHOR_WORKER_DOSSIERS,P402_JUNO_KADE_RELAY_NOTARY_DOSSIER,id_ID,terminal,194,1527.6,516.0,86.4,520.0,4,2,1.265,TEXT_OVERFLOW_LINES;DRAFT_PREFIX_LONG,C:/hades/Hecton8/Docs/Lore/AppliedContent/packets/RS081_COLONY_ANCHOR_WORKER_DOSSIERS.packets.json
RS081_COLONY_ANCHOR_WORKER_DOSSIERS,P402_JUNO_KADE_RELAY_NOTARY_DOSSIER,id_ID,audio,112,1006.92,623.16,103.68,620.0,2,2,1.616,TEXT_EXPANSION_GT_1_35;DRAFT_PREFIX_LONG,C:/hades/Hecton8/Docs/Lore/AppliedContent/packets/RS081_COLONY_ANCHOR_WORKER_DOSSIERS.packets.json
RS081_COLONY_ANCHOR_WORKER_DOSSIERS,P402_JUNO_KADE_RELAY_NOTARY_DOSSIER,id_ID,in_game_wiki,214,1643.1,616.5,86.4,620.0,3,5,1.242,DRAFT_PREFIX_LONG,C:/hades/Hecton8/Docs/Lore/AppliedContent/packets/RS081_COLONY_ANCHOR_WORKER_DOSSIERS.packets.json
RS081_COLONY_ANCHOR_WORKER_DOSSIERS,P402_JUNO_KADE_RELAY_NOTARY_DOSSIER,id_ID,external_site,148,1197.12,683.52,117.12,680.0,2,4,1.399,DRAFT_PREFIX_LONG,C:/hades/Hecton8/Docs/Lore/AppliedContent/packets/RS081_COLONY_ANCHOR_WORKER_DOSSIERS.packets.json
RS081_COLONY_ANCHOR_WORKER_DOSSIERS,P402_JUNO_KADE_RELAY_NOTARY_DOSSIER,id_ID,field_note,108,755.16,513.24,108.36,560.0,2,3,1.654,DRAFT_PREFIX_LONG,C:/hades/Hecton8/Docs/Lore/AppliedContent/packets/RS081_COLONY_ANCHOR_WORKER_DOSSIERS.packets.json
RS081_COLONY_ANCHOR_WORKER_DOSSIERS,P402_JUNO_KADE_RELAY_NOTARY_DOSSIER,ko_KR,title,73,670.68,338.04,103.68,360.0,2,1,2.338,TEXT_OVERFLOW_LINES;TEXT_EXPANSION_GT_1_35;DRAFT_PREFIX_LONG,C:/hades/Hecton8/Docs/Lore/AppliedContent/packets/RS081_COLONY_ANCHOR_WORKER_DOSSIERS.packets.json
RS081_COLONY_ANCHOR_WORKER_DOSSIERS,P402_JUNO_KADE_RELAY_NOTARY_DOSSIER,ko_KR,scanner,128,1041.28,434.88,92.16,460.0,3,2,1.487,TEXT_OVERFLOW_LINES;TEXT_EXPANSION_GT_1_35;DRAFT_PREFIX_LONG,C:/hades/Hecton8/Docs/Lore/AppliedContent/packets/RS081_COLONY_ANCHOR_WORKER_DOSSIERS.packets.json
RS081_COLONY_ANCHOR_WORKER_DOSSIERS,P402_JUNO_KADE_RELAY_NOTARY_DOSSIER,ko_KR,terminal,194,1527.6,516.0,86.4,520.0,4,2,1.265,TEXT_OVERFLOW_LINES;DRAFT_PREFIX_LONG,C:/hades/Hecton8/Docs/Lore/AppliedContent/packets/RS081_COLONY_ANCHOR_WORKER_DOSSIERS.packets.json
RS081_COLONY_ANCHOR_WORKER_DOSSIERS,P402_JUNO_KADE_RELAY_NOTARY_DOSSIER,ko_KR,audio,112,1006.92,623.16,103.68,620.0,2,2,1.616,TEXT_EXPANSION_GT_1_35;DRAFT_PREFIX_LONG,C:/hades/Hecton8/Docs/Lore/AppliedContent/packets/RS081_COLONY_ANCHOR_WORKER_DOSSIERS.packets.json
RS081_COLONY_ANCHOR_WORKER_DOSSIERS,P402_JUNO_KADE_RELAY_NOTARY_DOSSIER,ko_KR,in_game_wiki,214,1643.1,616.5,86.4,620.0,3,5,1.242,DRAFT_PREFIX_LONG,C:/hades/Hecton8/Docs/Lore/AppliedContent/packets/RS081_COLONY_ANCHOR_WORKER_DOSSIERS.packets.json
RS081_COLONY_ANCHOR_WORKER_DOSSIERS,P402_JUNO_KADE_RELAY_NOTARY_DOSSIER,ko_KR,external_site,148,1197.12,683.52,117.12,680.0,2,4,1.399,DRAFT_PREFIX_LONG,C:/hades/Hecton8/Docs/Lore/AppliedContent/packets/RS081_COLONY_ANCHOR_WORKER_DOSSIERS.packets.json
RS081_COLONY_ANCHOR_WORKER_DOSSIERS,P402_JUNO_KADE_RELAY_NOTARY_DOSSIER,ko_KR,field_note,108,755.16,513.24,108.36,560.0,2,3,1.654,DRAFT_PREFIX_LONG,C:/hades/Hecton8/Docs/Lore/AppliedContent/packets/RS081_COLONY_ANCHOR_WORKER_DOSSIERS.packets.json
RS081_COLONY_ANCHOR_WORKER_DOSSIERS,P402_JUNO_KADE_RELAY_NOTARY_DOSSIER,he_IL,title,73,670.68,338.04,103.68,360.0,2,1,2.338,TEXT_OVERFLOW_LINES;TEXT_EXPANSION_GT_1_35;DRAFT_PREFIX_LONG,C:/hades/Hecton8/Docs/Lore/AppliedContent/packets/RS081_COLONY_ANCHOR_WORKER_DOSSIERS.packets.json
RS081_COLONY_ANCHOR_WORKER_DOSSIERS,P402_JUNO_KADE_RELAY_NOTARY_DOSSIER,he_IL,scanner,128,1041.28,434.88,92.16,460.0,3,2,1.487,TEXT_OVERFLOW_LINES;TEXT_EXPANSION_GT_1_35;DRAFT_PREFIX_LONG,C:/hades/Hecton8/Docs/Lore/AppliedContent/packets/RS081_COLONY_ANCHOR_WORKER_DOSSIERS.packets.json
RS081_COLONY_ANCHOR_WORKER_DOSSIERS,P402_JUNO_KADE_RELAY_NOTARY_DOSSIER,he_IL,terminal,194,1527.6,516.0,86.4,520.0,4,2,1.265,TEXT_OVERFLOW_LINES;DRAFT_PREFIX_LONG,C:/hades/Hecton8/Docs/Lore/AppliedContent/packets/RS081_COLONY_ANCHOR_WORKER_DOSSIERS.packets.json
RS081_COLONY_ANCHOR_WORKER_DOSSIERS,P402_JUNO_KADE_RELAY_NOTARY_DOSSIER,he_IL,audio,112,1006.92,623.16,103.68,620.0,2,2,1.616,TEXT_EXPANSION_GT_1_35;DRAFT_PREFIX_LONG,C:/hades/Hecton8/Docs/Lore/AppliedContent/packets/RS081_COLONY_ANCHOR_WORKER_DOSSIERS.packets.json
RS081_COLONY_ANCHOR_WORKER_DOSSIERS,P402_JUNO_KADE_RELAY_NOTARY_DOSSIER,he_IL,in_game_wiki,214,1643.1,616.5,86.4,620.0,3,5,1.242,DRAFT_PREFIX_LONG,C:/hades/Hecton8/Docs/Lore/AppliedContent/packets/RS081_COLONY_ANCHOR_WORKER_DOSSIERS.packets.json
RS081_COLONY_ANCHOR_WORKER_DOSSIERS,P402_JUNO_KADE_RELAY_NOTARY_DOSSIER,he_IL,external_site,148,1197.12,683.52,117.12,680.0,2,4,1.399,DRAFT_PREFIX_LONG,C:/hades/Hecton8/Docs/Lore/AppliedContent/packets/RS081_COLONY_ANCHOR_WORKER_DOSSIERS.packets.json
RS081_COLONY_ANCHOR_WORKER_DOSSIERS,P402_JUNO_KADE_RELAY_NOTARY_DOSSIER,he_IL,field_note,108,755.16,513.24,108.36,560.0,2,3,1.654,DRAFT_PREFIX_LONG,C:/hades/Hecton8/Docs/Lore/AppliedContent/packets/RS081_COLONY_ANCHOR_WORKER_DOSSIERS.packets.json
RS081_COLONY_ANCHOR_WORKER_DOSSIERS,P402_JUNO_KADE_RELAY_NOTARY_DOSSIER,pt_BR,title,73,670.68,338.04,103.68,360.0,2,1,2.338,TEXT_OVERFLOW_LINES;TEXT_EXPANSION_GT_1_35;DRAFT_PREFIX_LONG,C:/hades/Hecton8/Docs/Lore/AppliedContent/packets/RS081_COLONY_ANCHOR_WORKER_DOSSIERS.packets.json
RS081_COLONY_ANCHOR_WORKER_DOSSIERS,P402_JUNO_KADE_RELAY_NOTARY_DOSSIER,pt_BR,scanner,128,1041.28,434.88,92.16,460.0,3,2,1.487,TEXT_OVERFLOW_LINES;TEXT_EXPANSION_GT_1_35;DRAFT_PREFIX_LONG,C:/hades/Hecton8/Docs/Lore/AppliedContent/packets/RS081_COLONY_ANCHOR_WORKER_DOSSIERS.packets.json
RS081_COLONY_ANCHOR_WORKER_DOSSIERS,P402_JUNO_KADE_RELAY_NOTARY_DOSSIER,pt_BR,terminal,194,1527.6,516.0,86.4,520.0,4,2,1.265,TEXT_OVERFLOW_LINES;DRAFT_PREFIX_LONG,C:/hades/Hecton8/Docs/Lore/AppliedContent/packets/RS081_COLONY_ANCHOR_WORKER_DOSSIERS.packets.json
RS081_COLONY_ANCHOR_WORKER_DOSSIERS,P402_JUNO_KADE_RELAY_NOTARY_DOSSIER,pt_BR,audio,112,1006.92,623.16,103.68,620.0,2,2,1.616,TEXT_EXPANSION_GT_1_35;DRAFT_PREFIX_LONG,C:/hades/Hecton8/Docs/Lore/AppliedContent/packets/RS081_COLONY_ANCHOR_WORKER_DOSSIERS.packets.json
RS081_COLONY_ANCHOR_WORKER_DOSSIERS,P402_JUNO_KADE_RELAY_NOTARY_DOSSIER,pt_BR,in_game_wiki,214,1643.1,616.5,86.4,620.0,3,5,1.242,DRAFT_PREFIX_LONG,C:/hades/Hecton8/Docs/Lore/AppliedContent/packets/RS081_COLONY_ANCHOR_WORKER_DOSSIERS.packets.json
RS081_COLONY_ANCHOR_WORKER_DOSSIERS,P402_JUNO_KADE_RELAY_NOTARY_DOSSIER,pt_BR,external_site,148,1197.12,683.52,117.12,680.0,2,4,1.399,DRAFT_PREFIX_LONG,C:/hades/Hecton8/Docs/Lore/AppliedContent/packets/RS081_COLONY_ANCHOR_WORKER_DOSSIERS.packets.json
RS081_COLONY_ANCHOR_WORKER_DOSSIERS,P402_JUNO_KADE_RELAY_NOTARY_DOSSIER,pt_BR,field_note,108,755.16,513.24,108.36,560.0,2,3,1.654,DRAFT_PREFIX_LONG,C:/hades/Hecton8/Docs/Lore/AppliedContent/packets/RS081_COLONY_ANCHOR_WORKER_DOSSIERS.packets.json
RS081_COLONY_ANCHOR_WORKER_DOSSIERS,P402_JUNO_KADE_RELAY_NOTARY_DOSSIER,nl_NL,title,73,670.68,338.04,103.68,360.0,2,1,2.338,TEXT_OVERFLOW_LINES;TEXT_EXPANSION_GT_1_35;DRAFT_PREFIX_LONG,C:/hades/Hecton8/Docs/Lore/AppliedContent/packets/RS081_COLONY_ANCHOR_WORKER_DOSSIERS.packets.json
RS081_COLONY_ANCHOR_WORKER_DOSSIERS,P402_JUNO_KADE_RELAY_NOTARY_DOSSIER,nl_NL,scanner,128,1041.28,434.88,92.16,460.0,3,2,1.487,TEXT_OVERFLOW_LINES;TEXT_EXPANSION_GT_1_35;DRAFT_PREFIX_LONG,C:/hades/Hecton8/Docs/Lore/AppliedContent/packets/RS081_COLONY_ANCHOR_WORKER_DOSSIERS.packets.json
RS081_COLONY_ANCHOR_WORKER_DOSSIERS,P402_JUNO_KADE_RELAY_NOTARY_DOSSIER,nl_NL,terminal,194,1527.6,516.0,86.4,520.0,4,2,1.265,TEXT_OVERFLOW_LINES;DRAFT_PREFIX_LONG,C:/hades/Hecton8/Docs/Lore/AppliedContent/packets/RS081_COLONY_ANCHOR_WORKER_DOSSIERS.packets.json
RS081_COLONY_ANCHOR_WORKER_DOSSIERS,P402_JUNO_KADE_RELAY_NOTARY_DOSSIER,nl_NL,audio,112,1006.92,623.16,103.68,620.0,2,2,1.616,TEXT_EXPANSION_GT_1_35;DRAFT_PREFIX_LONG,C:/hades/Hecton8/Docs/Lore/AppliedContent/packets/RS081_COLONY_ANCHOR_WORKER_DOSSIERS.packets.json
RS081_COLONY_ANCHOR_WORKER_DOSSIERS,P402_JUNO_KADE_RELAY_NOTARY_DOSSIER,nl_NL,in_game_wiki,214,1643.1,616.5,86.4,620.0,3,5,1.242,DRAFT_PREFIX_LONG,C:/hades/Hecton8/Docs/Lore/AppliedContent/packets/RS081_COLONY_ANCHOR_WORKER_DOSSIERS.packets.json
RS081_COLONY_ANCHOR_WORKER_DOSSIERS,P402_JUNO_KADE_RELAY_NOTARY_DOSSIER,nl_NL,external_site,148,1197.12,683.52,117.12,680.0,2,4,1.399,DRAFT_PREFIX_LONG,C:/hades/Hecton8/Docs/Lore/AppliedContent/packets/RS081_COLONY_ANCHOR_WORKER_DOSSIERS.packets.json
RS081_COLONY_ANCHOR_WORKER_DOSSIERS,P402_JUNO_KADE_RELAY_NOTARY_DOSSIER,nl_NL,field_note,108,755.16,513.24,108.36,560.0,2,3,1.654,DRAFT_PREFIX_LONG,C:/hades/Hecton8/Docs/Lore/AppliedContent/packets/RS081_COLONY_ANCHOR_WORKER_DOSSIERS.packets.json
RS081_COLONY_ANCHOR_WORKER_DOSSIERS,P403_REN_OKOYE_BRINE_CARTOGRAPHER_DOSSIER,en_US,title,36,347.4,347.4,122.76,360.0,1,1,1.0,,C:/hades/Hecton8/Docs/Lore/AppliedContent/packets/RS081_COLONY_ANCHOR_WORKER_DOSSIERS.packets.json
RS081_COLONY_ANCHOR_WORKER_DOSSIERS,P403_REN_OKOYE_BRINE_CARTOGRAPHER_DOSSIER,en_US,scanner,88,716.48,414.08,67.84,460.0,2,2,1.0,,C:/hades/Hecton8/Docs/Lore/AppliedContent/packets/RS081_COLONY_ANCHOR_WORKER_DOSSIERS.packets.json
RS081_COLONY_ANCHOR_WORKER_DOSSIERS,P403_REN_OKOYE_BRINE_CARTOGRAPHER_DOSSIER,en_US,terminal,125,995.7,474.3,122.7,520.0,3,2,1.0,TEXT_OVERFLOW_LINES,C:/hades/Hecton8/Docs/Lore/AppliedContent/packets/RS081_COLONY_ANCHOR_WORKER_DOSSIERS.packets.json
RS081_COLONY_ANCHOR_WORKER_DOSSIERS,P403_REN_OKOYE_BRINE_CARTOGRAPHER_DOSSIER,en_US,audio,69,667.08,565.56,110.16,620.0,2,2,1.0,,C:/hades/Hecton8/Docs/Lore/AppliedContent/packets/RS081_COLONY_ANCHOR_WORKER_DOSSIERS.packets.json
RS081_COLONY_ANCHOR_WORKER_DOSSIERS,P403_REN_OKOYE_BRINE_CARTOGRAPHER_DOSSIER,en_US,in_game_wiki,184,1408.5,614.4,79.8,620.0,3,5,1.0,,C:/hades/Hecton8/Docs/Lore/AppliedContent/packets/RS081_COLONY_ANCHOR_WORKER_DOSSIERS.packets.json
RS081_COLONY_ANCHOR_WORKER_DOSSIERS,P403_REN_OKOYE_BRINE_CARTOGRAPHER_DOSSIER,en_US,external_site,94,780.16,612.8,86.08,680.0,2,4,1.0,,C:/hades/Hecton8/Docs/Lore/AppliedContent/packets/RS081_COLONY_ANCHOR_WORKER_DOSSIERS.packets.json
RS081_COLONY_ANCHOR_WORKER_DOSSIERS,P403_REN_OKOYE_BRINE_CARTOGRAPHER_DOSSIER,en_US,field_note,57,406.0,406.0,95.48,560.0,1,3,1.0,,C:/hades/Hecton8/Docs/Lore/AppliedContent/packets/RS081_COLONY_ANCHOR_WORKER_DOSSIERS.packets.json
RS081_COLONY_ANCHOR_WORKER_DOSSIERS,P403_REN_OKOYE_BRINE_CARTOGRAPHER_DOSSIER,ru_RU,title,37,366.48,282.96,104.4,360.0,2,1,1.055,TEXT_OVERFLOW_LINES,C:/hades/Hecton8/Docs/Lore/AppliedContent/packets/RS081_COLONY_ANCHOR_WORKER_DOSSIERS.packets.json
RS081_COLONY_ANCHOR_WORKER_DOSSIERS,P403_REN_OKOYE_BRINE_CARTOGRAPHER_DOSSIER,ru_RU,scanner,106,922.24,431.68,103.04,460.0,3,2,1.287,TEXT_OVERFLOW_LINES,C:/hades/Hecton8/Docs/Lore/AppliedContent/packets/RS081_COLONY_ANCHOR_WORKER_DOSSIERS.packets.json
RS081_COLONY_ANCHOR_WORKER_DOSSIERS,P403_REN_OKOYE_BRINE_CARTOGRAPHER_DOSSIER,ru_RU,terminal,119,983.1,503.7,87.0,520.0,2,2,0.987,,C:/hades/Hecton8/Docs/Lore/AppliedContent/packets/RS081_COLONY_ANCHOR_WORKER_DOSSIERS.packets.json
RS081_COLONY_ANCHOR_WORKER_DOSSIERS,P403_REN_OKOYE_BRINE_CARTOGRAPHER_DOSSIER,ru_RU,audio,80,780.12,564.84,119.52,620.0,2,2,1.169,,C:/hades/Hecton8/Docs/Lore/AppliedContent/packets/RS081_COLONY_ANCHOR_WORKER_DOSSIERS.packets.json
RS081_COLONY_ANCHOR_WORKER_DOSSIERS,P403_REN_OKOYE_BRINE_CARTOGRAPHER_DOSSIER,ru_RU,in_game_wiki,159,1295.7,621.6,95.7,620.0,3,5,0.92,,C:/hades/Hecton8/Docs/Lore/AppliedContent/packets/RS081_COLONY_ANCHOR_WORKER_DOSSIERS.packets.json
RS081_COLONY_ANCHOR_WORKER_DOSSIERS,P403_REN_OKOYE_BRINE_CARTOGRAPHER_DOSSIER,ru_RU,external_site,100,868.16,682.24,115.52,680.0,2,4,1.113,,C:/hades/Hecton8/Docs/Lore/AppliedContent/packets/RS081_COLONY_ANCHOR_WORKER_DOSSIERS.packets.json
RS081_COLONY_ANCHOR_WORKER_DOSSIERS,P403_REN_OKOYE_BRINE_CARTOGRAPHER_DOSSIER,ru_RU,field_note,80,609.0,548.52,113.68,560.0,2,3,1.5,,C:/hades/Hecton8/Docs/Lore/AppliedContent/packets/RS081_COLONY_ANCHOR_WORKER_DOSSIERS.packets.json
RS081_COLONY_ANCHOR_WORKER_DOSSIERS,P403_REN_OKOYE_BRINE_CARTOGRAPHER_DOSSIER,ja_JP,title,79,731.16,332.64,122.76,360.0,3,1,2.105,TEXT_OVERFLOW_LINES;TEXT_EXPANSION_GT_1_35;DRAFT_PREFIX_LONG,C:/hades/Hecton8/Docs/Lore/AppliedContent/packets/RS081_COLONY_ANCHOR_WORKER_DOSSIERS.packets.json
RS081_COLONY_ANCHOR_WORKER_DOSSIERS,P403_REN_OKOYE_BRINE_CARTOGRAPHER_DOSSIER,ja_JP,scanner,131,1057.6,426.56,92.16,460.0,3,2,1.476,TEXT_OVERFLOW_LINES;TEXT_EXPANSION_GT_1_35;DRAFT_PREFIX_LONG,C:/hades/Hecton8/Docs/Lore/AppliedContent/packets/RS081_COLONY_ANCHOR_WORKER_DOSSIERS.packets.json
RS081_COLONY_ANCHOR_WORKER_DOSSIERS,P403_REN_OKOYE_BRINE_CARTOGRAPHER_DOSSIER,ja_JP,terminal,168,1315.5,474.0,122.7,520.0,3,2,1.321,TEXT_OVERFLOW_LINES;DRAFT_PREFIX_LONG,C:/hades/Hecton8/Docs/Lore/AppliedContent/packets/RS081_COLONY_ANCHOR_WORKER_DOSSIERS.packets.json
RS081_COLONY_ANCHOR_WORKER_DOSSIERS,P403_REN_OKOYE_BRINE_CARTOGRAPHER_DOSSIER,ja_JP,audio,112,1050.84,596.16,110.16,620.0,2,2,1.575,TEXT_EXPANSION_GT_1_35;DRAFT_PREFIX_LONG,C:/hades/Hecton8/Docs/Lore/AppliedContent/packets/RS081_COLONY_ANCHOR_WORKER_DOSSIERS.packets.json
RS081_COLONY_ANCHOR_WORKER_DOSSIERS,P403_REN_OKOYE_BRINE_CARTOGRAPHER_DOSSIER,ja_JP,in_game_wiki,227,1728.3,615.6,86.4,620.0,3,5,1.227,DRAFT_PREFIX_LONG,C:/hades/Hecton8/Docs/Lore/AppliedContent/packets/RS081_COLONY_ANCHOR_WORKER_DOSSIERS.packets.json
RS081_COLONY_ANCHOR_WORKER_DOSSIERS,P403_REN_OKOYE_BRINE_CARTOGRAPHER_DOSSIER,ja_JP,external_site,137,1121.28,679.04,92.16,680.0,2,4,1.437,DRAFT_PREFIX_LONG,C:/hades/Hecton8/Docs/Lore/AppliedContent/packets/RS081_COLONY_ANCHOR_WORKER_DOSSIERS.packets.json
RS081_COLONY_ANCHOR_WORKER_DOSSIERS,P403_REN_OKOYE_BRINE_CARTOGRAPHER_DOSSIER,ja_JP,field_note,100,704.48,530.04,95.48,560.0,2,3,1.735,DRAFT_PREFIX_LONG,C:/hades/Hecton8/Docs/Lore/AppliedContent/packets/RS081_COLONY_ANCHOR_WORKER_DOSSIERS.packets.json
RS081_COLONY_ANCHOR_WORKER_DOSSIERS,P403_REN_OKOYE_BRINE_CARTOGRAPHER_DOSSIER,zh_CN,title,79,731.16,332.64,122.76,360.0,3,1,2.105,TEXT_OVERFLOW_LINES;TEXT_EXPANSION_GT_1_35;DRAFT_PREFIX_LONG,C:/hades/Hecton8/Docs/Lore/AppliedContent/packets/RS081_COLONY_ANCHOR_WORKER_DOSSIERS.packets.json
RS081_COLONY_ANCHOR_WORKER_DOSSIERS,P403_REN_OKOYE_BRINE_CARTOGRAPHER_DOSSIER,zh_CN,scanner,131,1057.6,426.56,92.16,460.0,3,2,1.476,TEXT_OVERFLOW_LINES;TEXT_EXPANSION_GT_1_35;DRAFT_PREFIX_LONG,C:/hades/Hecton8/Docs/Lore/AppliedContent/packets/RS081_COLONY_ANCHOR_WORKER_DOSSIERS.packets.json
RS081_COLONY_ANCHOR_WORKER_DOSSIERS,P403_REN_OKOYE_BRINE_CARTOGRAPHER_DOSSIER,zh_CN,terminal,168,1315.5,474.0,122.7,520.0,3,2,1.321,TEXT_OVERFLOW_LINES;DRAFT_PREFIX_LONG,C:/hades/Hecton8/Docs/Lore/AppliedContent/packets/RS081_COLONY_ANCHOR_WORKER_DOSSIERS.packets.json
RS081_COLONY_ANCHOR_WORKER_DOSSIERS,P403_REN_OKOYE_BRINE_CARTOGRAPHER_DOSSIER,zh_CN,audio,112,1050.84,596.16,110.16,620.0,2,2,1.575,TEXT_EXPANSION_GT_1_35;DRAFT_PREFIX_LONG,C:/hades/Hecton8/Docs/Lore/AppliedContent/packets/RS081_COLONY_ANCHOR_WORKER_DOSSIERS.packets.json
RS081_COLONY_ANCHOR_WORKER_DOSSIERS,P403_REN_OKOYE_BRINE_CARTOGRAPHER_DOSSIER,zh_CN,in_game_wiki,227,1728.3,615.6,86.4,620.0,3,5,1.227,DRAFT_PREFIX_LONG,C:/hades/Hecton8/Docs/Lore/AppliedContent/packets/RS081_COLONY_ANCHOR_WORKER_DOSSIERS.packets.json
RS081_COLONY_ANCHOR_WORKER_DOSSIERS,P403_REN_OKOYE_BRINE_CARTOGRAPHER_DOSSIER,zh_CN,external_site,137,1121.28,679.04,92.16,680.0,2,4,1.437,DRAFT_PREFIX_LONG,C:/hades/Hecton8/Docs/Lore/AppliedContent/packets/RS081_COLONY_ANCHOR_WORKER_DOSSIERS.packets.json
RS081_COLONY_ANCHOR_WORKER_DOSSIERS,P403_REN_OKOYE_BRINE_CARTOGRAPHER_DOSSIER,zh_CN,field_note,100,704.48,530.04,95.48,560.0,2,3,1.735,DRAFT_PREFIX_LONG,C:/hades/Hecton8/Docs/Lore/AppliedContent/packets/RS081_COLONY_ANCHOR_WORKER_DOSSIERS.packets.json
RS081_COLONY_ANCHOR_WORKER_DOSSIERS,P403_REN_OKOYE_BRINE_CARTOGRAPHER_DOSSIER,fr_FR,title,79,731.16,332.64,122.76,360.0,3,1,2.105,TEXT_OVERFLOW_LINES;TEXT_EXPANSION_GT_1_35;DRAFT_PREFIX_LONG,C:/hades/Hecton8/Docs/Lore/AppliedContent/packets/RS081_COLONY_ANCHOR_WORKER_DOSSIERS.packets.json
RS081_COLONY_ANCHOR_WORKER_DOSSIERS,P403_REN_OKOYE_BRINE_CARTOGRAPHER_DOSSIER,fr_FR,scanner,131,1057.6,426.56,92.16,460.0,3,2,1.476,TEXT_OVERFLOW_LINES;TEXT_EXPANSION_GT_1_35;DRAFT_PREFIX_LONG,C:/hades/Hecton8/Docs/Lore/AppliedContent/packets/RS081_COLONY_ANCHOR_WORKER_DOSSIERS.packets.json
RS081_COLONY_ANCHOR_WORKER_DOSSIERS,P403_REN_OKOYE_BRINE_CARTOGRAPHER_DOSSIER,fr_FR,terminal,168,1315.5,474.0,122.7,520.0,3,2,1.321,TEXT_OVERFLOW_LINES;DRAFT_PREFIX_LONG,C:/hades/Hecton8/Docs/Lore/AppliedContent/packets/RS081_COLONY_ANCHOR_WORKER_DOSSIERS.packets.json
RS081_COLONY_ANCHOR_WORKER_DOSSIERS,P403_REN_OKOYE_BRINE_CARTOGRAPHER_DOSSIER,fr_FR,audio,112,1050.84,596.16,110.16,620.0,2,2,1.575,TEXT_EXPANSION_GT_1_35;DRAFT_PREFIX_LONG,C:/hades/Hecton8/Docs/Lore/AppliedContent/packets/RS081_COLONY_ANCHOR_WORKER_DOSSIERS.packets.json
RS081_COLONY_ANCHOR_WORKER_DOSSIERS,P403_REN_OKOYE_BRINE_CARTOGRAPHER_DOSSIER,fr_FR,in_game_wiki,227,1728.3,615.6,86.4,620.0,3,5,1.227,DRAFT_PREFIX_LONG,C:/hades/Hecton8/Docs/Lore/AppliedContent/packets/RS081_COLONY_ANCHOR_WORKER_DOSSIERS.packets.json
RS081_COLONY_ANCHOR_WORKER_DOSSIERS,P403_REN_OKOYE_BRINE_CARTOGRAPHER_DOSSIER,fr_FR,external_site,137,1121.28,679.04,92.16,680.0,2,4,1.437,DRAFT_PREFIX_LONG,C:/hades/Hecton8/Docs/Lore/AppliedContent/packets/RS081_COLONY_ANCHOR_WORKER_DOSSIERS.packets.json
RS081_COLONY_ANCHOR_WORKER_DOSSIERS,P403_REN_OKOYE_BRINE_CARTOGRAPHER_DOSSIER,fr_FR,field_note,100,704.48,530.04,95.48,560.0,2,3,1.735,DRAFT_PREFIX_LONG,C:/hades/Hecton8/Docs/Lore/AppliedContent/packets/RS081_COLONY_ANCHOR_WORKER_DOSSIERS.packets.json
RS081_COLONY_ANCHOR_WORKER_DOSSIERS,P403_REN_OKOYE_BRINE_CARTOGRAPHER_DOSSIER,es_ES,title,79,731.16,332.64,122.76,360.0,3,1,2.105,TEXT_OVERFLOW_LINES;TEXT_EXPANSION_GT_1_35;DRAFT_PREFIX_LONG,C:/hades/Hecton8/Docs/Lore/AppliedContent/packets/RS081_COLONY_ANCHOR_WORKER_DOSSIERS.packets.json
RS081_COLONY_ANCHOR_WORKER_DOSSIERS,P403_REN_OKOYE_BRINE_CARTOGRAPHER_DOSSIER,es_ES,scanner,131,1057.6,426.56,92.16,460.0,3,2,1.476,TEXT_OVERFLOW_LINES;TEXT_EXPANSION_GT_1_35;DRAFT_PREFIX_LONG,C:/hades/Hecton8/Docs/Lore/AppliedContent/packets/RS081_COLONY_ANCHOR_WORKER_DOSSIERS.packets.json
RS081_COLONY_ANCHOR_WORKER_DOSSIERS,P403_REN_OKOYE_BRINE_CARTOGRAPHER_DOSSIER,es_ES,terminal,168,1315.5,474.0,122.7,520.0,3,2,1.321,TEXT_OVERFLOW_LINES;DRAFT_PREFIX_LONG,C:/hades/Hecton8/Docs/Lore/AppliedContent/packets/RS081_COLONY_ANCHOR_WORKER_DOSSIERS.packets.json
RS081_COLONY_ANCHOR_WORKER_DOSSIERS,P403_REN_OKOYE_BRINE_CARTOGRAPHER_DOSSIER,es_ES,audio,112,1050.84,596.16,110.16,620.0,2,2,1.575,TEXT_EXPANSION_GT_1_35;DRAFT_PREFIX_LONG,C:/hades/Hecton8/Docs/Lore/AppliedContent/packets/RS081_COLONY_ANCHOR_WORKER_DOSSIERS.packets.json
RS081_COLONY_ANCHOR_WORKER_DOSSIERS,P403_REN_OKOYE_BRINE_CARTOGRAPHER_DOSSIER,es_ES,in_game_wiki,227,1728.3,615.6,86.4,620.0,3,5,1.227,DRAFT_PREFIX_LONG,C:/hades/Hecton8/Docs/Lore/AppliedContent/packets/RS081_COLONY_ANCHOR_WORKER_DOSSIERS.packets.json
RS081_COLONY_ANCHOR_WORKER_DOSSIERS,P403_REN_OKOYE_BRINE_CARTOGRAPHER_DOSSIER,es_ES,external_site,137,1121.28,679.04,92.16,680.0,2,4,1.437,DRAFT_PREFIX_LONG,C:/hades/Hecton8/Docs/Lore/AppliedContent/packets/RS081_COLONY_ANCHOR_WORKER_DOSSIERS.packets.json
RS081_COLONY_ANCHOR_WORKER_DOSSIERS,P403_REN_OKOYE_BRINE_CARTOGRAPHER_DOSSIER,es_ES,field_note,100,704.48,530.04,95.48,560.0,2,3,1.735,DRAFT_PREFIX_LONG,C:/hades/Hecton8/Docs/Lore/AppliedContent/packets/RS081_COLONY_ANCHOR_WORKER_DOSSIERS.packets.json
RS081_COLONY_ANCHOR_WORKER_DOSSIERS,P403_REN_OKOYE_BRINE_CARTOGRAPHER_DOSSIER,de_DE,title,79,731.16,332.64,122.76,360.0,3,1,2.105,TEXT_OVERFLOW_LINES;TEXT_EXPANSION_GT_1_35;DRAFT_PREFIX_LONG,C:/hades/Hecton8/Docs/Lore/AppliedContent/packets/RS081_COLONY_ANCHOR_WORKER_DOSSIERS.packets.json
RS081_COLONY_ANCHOR_WORKER_DOSSIERS,P403_REN_OKOYE_BRINE_CARTOGRAPHER_DOSSIER,de_DE,scanner,131,1057.6,426.56,92.16,460.0,3,2,1.476,TEXT_OVERFLOW_LINES;TEXT_EXPANSION_GT_1_35;DRAFT_PREFIX_LONG,C:/hades/Hecton8/Docs/Lore/AppliedContent/packets/RS081_COLONY_ANCHOR_WORKER_DOSSIERS.packets.json
RS081_COLONY_ANCHOR_WORKER_DOSSIERS,P403_REN_OKOYE_BRINE_CARTOGRAPHER_DOSSIER,de_DE,terminal,168,1315.5,474.0,122.7,520.0,3,2,1.321,TEXT_OVERFLOW_LINES;DRAFT_PREFIX_LONG,C:/hades/Hecton8/Docs/Lore/AppliedContent/packets/RS081_COLONY_ANCHOR_WORKER_DOSSIERS.packets.json
RS081_COLONY_ANCHOR_WORKER_DOSSIERS,P403_REN_OKOYE_BRINE_CARTOGRAPHER_DOSSIER,de_DE,audio,112,1050.84,596.16,110.16,620.0,2,2,1.575,TEXT_EXPANSION_GT_1_35;DRAFT_PREFIX_LONG,C:/hades/Hecton8/Docs/Lore/AppliedContent/packets/RS081_COLONY_ANCHOR_WORKER_DOSSIERS.packets.json
RS081_COLONY_ANCHOR_WORKER_DOSSIERS,P403_REN_OKOYE_BRINE_CARTOGRAPHER_DOSSIER,de_DE,in_game_wiki,227,1728.3,615.6,86.4,620.0,3,5,1.227,DRAFT_PREFIX_LONG,C:/hades/Hecton8/Docs/Lore/AppliedContent/packets/RS081_COLONY_ANCHOR_WORKER_DOSSIERS.packets.json
RS081_COLONY_ANCHOR_WORKER_DOSSIERS,P403_REN_OKOYE_BRINE_CARTOGRAPHER_DOSSIER,de_DE,external_site,137,1121.28,679.04,92.16,680.0,2,4,1.437,DRAFT_PREFIX_LONG,C:/hades/Hecton8/Docs/Lore/AppliedContent/packets/RS081_COLONY_ANCHOR_WORKER_DOSSIERS.packets.json
RS081_COLONY_ANCHOR_WORKER_DOSSIERS,P403_REN_OKOYE_BRINE_CARTOGRAPHER_DOSSIER,de_DE,field_note,100,704.48,530.04,95.48,560.0,2,3,1.735,DRAFT_PREFIX_LONG,C:/hades/Hecton8/Docs/Lore/AppliedContent/packets/RS081_COLONY_ANCHOR_WORKER_DOSSIERS.packets.json
RS081_COLONY_ANCHOR_WORKER_DOSSIERS,P403_REN_OKOYE_BRINE_CARTOGRAPHER_DOSSIER,pl_PL,title,79,731.16,332.64,122.76,360.0,3,1,2.105,TEXT_OVERFLOW_LINES;TEXT_EXPANSION_GT_1_35;DRAFT_PREFIX_LONG,C:/hades/Hecton8/Docs/Lore/AppliedContent/packets/RS081_COLONY_ANCHOR_WORKER_DOSSIERS.packets.json
RS081_COLONY_ANCHOR_WORKER_DOSSIERS,P403_REN_OKOYE_BRINE_CARTOGRAPHER_DOSSIER,pl_PL,scanner,131,1057.6,426.56,92.16,460.0,3,2,1.476,TEXT_OVERFLOW_LINES;TEXT_EXPANSION_GT_1_35;DRAFT_PREFIX_LONG,C:/hades/Hecton8/Docs/Lore/AppliedContent/packets/RS081_COLONY_ANCHOR_WORKER_DOSSIERS.packets.json
RS081_COLONY_ANCHOR_WORKER_DOSSIERS,P403_REN_OKOYE_BRINE_CARTOGRAPHER_DOSSIER,pl_PL,terminal,168,1315.5,474.0,122.7,520.0,3,2,1.321,TEXT_OVERFLOW_LINES;DRAFT_PREFIX_LONG,C:/hades/Hecton8/Docs/Lore/AppliedContent/packets/RS081_COLONY_ANCHOR_WORKER_DOSSIERS.packets.json
RS081_COLONY_ANCHOR_WORKER_DOSSIERS,P403_REN_OKOYE_BRINE_CARTOGRAPHER_DOSSIER,pl_PL,audio,112,1050.84,596.16,110.16,620.0,2,2,1.575,TEXT_EXPANSION_GT_1_35;DRAFT_PREFIX_LONG,C:/hades/Hecton8/Docs/Lore/AppliedContent/packets/RS081_COLONY_ANCHOR_WORKER_DOSSIERS.packets.json
RS081_COLONY_ANCHOR_WORKER_DOSSIERS,P403_REN_OKOYE_BRINE_CARTOGRAPHER_DOSSIER,pl_PL,in_game_wiki,227,1728.3,615.6,86.4,620.0,3,5,1.227,DRAFT_PREFIX_LONG,C:/hades/Hecton8/Docs/Lore/AppliedContent/packets/RS081_COLONY_ANCHOR_WORKER_DOSSIERS.packets.json
RS081_COLONY_ANCHOR_WORKER_DOSSIERS,P403_REN_OKOYE_BRINE_CARTOGRAPHER_DOSSIER,pl_PL,external_site,137,1121.28,679.04,92.16,680.0,2,4,1.437,DRAFT_PREFIX_LONG,C:/hades/Hecton8/Docs/Lore/AppliedContent/packets/RS081_COLONY_ANCHOR_WORKER_DOSSIERS.packets.json
RS081_COLONY_ANCHOR_WORKER_DOSSIERS,P403_REN_OKOYE_BRINE_CARTOGRAPHER_DOSSIER,pl_PL,field_note,100,704.48,530.04,95.48,560.0,2,3,1.735,DRAFT_PREFIX_LONG,C:/hades/Hecton8/Docs/Lore/AppliedContent/packets/RS081_COLONY_ANCHOR_WORKER_DOSSIERS.packets.json
RS081_COLONY_ANCHOR_WORKER_DOSSIERS,P403_REN_OKOYE_BRINE_CARTOGRAPHER_DOSSIER,uk_UA,title,79,731.16,332.64,122.76,360.0,3,1,2.105,TEXT_OVERFLOW_LINES;TEXT_EXPANSION_GT_1_35;DRAFT_PREFIX_LONG,C:/hades/Hecton8/Docs/Lore/AppliedContent/packets/RS081_COLONY_ANCHOR_WORKER_DOSSIERS.packets.json
RS081_COLONY_ANCHOR_WORKER_DOSSIERS,P403_REN_OKOYE_BRINE_CARTOGRAPHER_DOSSIER,uk_UA,scanner,131,1057.6,426.56,92.16,460.0,3,2,1.476,TEXT_OVERFLOW_LINES;TEXT_EXPANSION_GT_1_35;DRAFT_PREFIX_LONG,C:/hades/Hecton8/Docs/Lore/AppliedContent/packets/RS081_COLONY_ANCHOR_WORKER_DOSSIERS.packets.json
RS081_COLONY_ANCHOR_WORKER_DOSSIERS,P403_REN_OKOYE_BRINE_CARTOGRAPHER_DOSSIER,uk_UA,terminal,168,1315.5,474.0,122.7,520.0,3,2,1.321,TEXT_OVERFLOW_LINES;DRAFT_PREFIX_LONG,C:/hades/Hecton8/Docs/Lore/AppliedContent/packets/RS081_COLONY_ANCHOR_WORKER_DOSSIERS.packets.json
RS081_COLONY_ANCHOR_WORKER_DOSSIERS,P403_REN_OKOYE_BRINE_CARTOGRAPHER_DOSSIER,uk_UA,audio,112,1050.84,596.16,110.16,620.0,2,2,1.575,TEXT_EXPANSION_GT_1_35;DRAFT_PREFIX_LONG,C:/hades/Hecton8/Docs/Lore/AppliedContent/packets/RS081_COLONY_ANCHOR_WORKER_DOSSIERS.packets.json
RS081_COLONY_ANCHOR_WORKER_DOSSIERS,P403_REN_OKOYE_BRINE_CARTOGRAPHER_DOSSIER,uk_UA,in_game_wiki,227,1728.3,615.6,86.4,620.0,3,5,1.227,DRAFT_PREFIX_LONG,C:/hades/Hecton8/Docs/Lore/AppliedContent/packets/RS081_COLONY_ANCHOR_WORKER_DOSSIERS.packets.json
RS081_COLONY_ANCHOR_WORKER_DOSSIERS,P403_REN_OKOYE_BRINE_CARTOGRAPHER_DOSSIER,uk_UA,external_site,137,1121.28,679.04,92.16,680.0,2,4,1.437,DRAFT_PREFIX_LONG,C:/hades/Hecton8/Docs/Lore/AppliedContent/packets/RS081_COLONY_ANCHOR_WORKER_DOSSIERS.packets.json
RS081_COLONY_ANCHOR_WORKER_DOSSIERS,P403_REN_OKOYE_BRINE_CARTOGRAPHER_DOSSIER,uk_UA,field_note,100,704.48,530.04,95.48,560.0,2,3,1.735,DRAFT_PREFIX_LONG,C:/hades/Hecton8/Docs/Lore/AppliedContent/packets/RS081_COLONY_ANCHOR_WORKER_DOSSIERS.packets.json
RS081_COLONY_ANCHOR_WORKER_DOSSIERS,P403_REN_OKOYE_BRINE_CARTOGRAPHER_DOSSIER,ar_SA,title,79,731.16,332.64,122.76,360.0,3,1,2.105,TEXT_OVERFLOW_LINES;TEXT_EXPANSION_GT_1_35;DRAFT_PREFIX_LONG,C:/hades/Hecton8/Docs/Lore/AppliedContent/packets/RS081_COLONY_ANCHOR_WORKER_DOSSIERS.packets.json
RS081_COLONY_ANCHOR_WORKER_DOSSIERS,P403_REN_OKOYE_BRINE_CARTOGRAPHER_DOSSIER,ar_SA,scanner,131,1057.6,426.56,92.16,460.0,3,2,1.476,TEXT_OVERFLOW_LINES;TEXT_EXPANSION_GT_1_35;DRAFT_PREFIX_LONG,C:/hades/Hecton8/Docs/Lore/AppliedContent/packets/RS081_COLONY_ANCHOR_WORKER_DOSSIERS.packets.json
RS081_COLONY_ANCHOR_WORKER_DOSSIERS,P403_REN_OKOYE_BRINE_CARTOGRAPHER_DOSSIER,ar_SA,terminal,168,1315.5,474.0,122.7,520.0,3,2,1.321,TEXT_OVERFLOW_LINES;DRAFT_PREFIX_LONG,C:/hades/Hecton8/Docs/Lore/AppliedContent/packets/RS081_COLONY_ANCHOR_WORKER_DOSSIERS.packets.json
RS081_COLONY_ANCHOR_WORKER_DOSSIERS,P403_REN_OKOYE_BRINE_CARTOGRAPHER_DOSSIER,ar_SA,audio,112,1050.84,596.16,110.16,620.0,2,2,1.575,TEXT_EXPANSION_GT_1_35;DRAFT_PREFIX_LONG,C:/hades/Hecton8/Docs/Lore/AppliedContent/packets/RS081_COLONY_ANCHOR_WORKER_DOSSIERS.packets.json
RS081_COLONY_ANCHOR_WORKER_DOSSIERS,P403_REN_OKOYE_BRINE_CARTOGRAPHER_DOSSIER,ar_SA,in_game_wiki,227,1728.3,615.6,86.4,620.0,3,5,1.227,DRAFT_PREFIX_LONG,C:/hades/Hecton8/Docs/Lore/AppliedContent/packets/RS081_COLONY_ANCHOR_WORKER_DOSSIERS.packets.json
RS081_COLONY_ANCHOR_WORKER_DOSSIERS,P403_REN_OKOYE_BRINE_CARTOGRAPHER_DOSSIER,ar_SA,external_site,137,1121.28,679.04,92.16,680.0,2,4,1.437,DRAFT_PREFIX_LONG,C:/hades/Hecton8/Docs/Lore/AppliedContent/packets/RS081_COLONY_ANCHOR_WORKER_DOSSIERS.packets.json
RS081_COLONY_ANCHOR_WORKER_DOSSIERS,P403_REN_OKOYE_BRINE_CARTOGRAPHER_DOSSIER,ar_SA,field_note,100,704.48,530.04,95.48,560.0,2,3,1.735,DRAFT_PREFIX_LONG,C:/hades/Hecton8/Docs/Lore/AppliedContent/packets/RS081_COLONY_ANCHOR_WORKER_DOSSIERS.packets.json
RS081_COLONY_ANCHOR_WORKER_DOSSIERS,P403_REN_OKOYE_BRINE_CARTOGRAPHER_DOSSIER,id_ID,title,79,731.16,332.64,122.76,360.0,3,1,2.105,TEXT_OVERFLOW_LINES;TEXT_EXPANSION_GT_1_35;DRAFT_PREFIX_LONG,C:/hades/Hecton8/Docs/Lore/AppliedContent/packets/RS081_COLONY_ANCHOR_WORKER_DOSSIERS.packets.json
RS081_COLONY_ANCHOR_WORKER_DOSSIERS,P403_REN_OKOYE_BRINE_CARTOGRAPHER_DOSSIER,id_ID,scanner,131,1057.6,426.56,92.16,460.0,3,2,1.476,TEXT_OVERFLOW_LINES;TEXT_EXPANSION_GT_1_35;DRAFT_PREFIX_LONG,C:/hades/Hecton8/Docs/Lore/AppliedContent/packets/RS081_COLONY_ANCHOR_WORKER_DOSSIERS.packets.json
RS081_COLONY_ANCHOR_WORKER_DOSSIERS,P403_REN_OKOYE_BRINE_CARTOGRAPHER_DOSSIER,id_ID,terminal,168,1315.5,474.0,122.7,520.0,3,2,1.321,TEXT_OVERFLOW_LINES;DRAFT_PREFIX_LONG,C:/hades/Hecton8/Docs/Lore/AppliedContent/packets/RS081_COLONY_ANCHOR_WORKER_DOSSIERS.packets.json
RS081_COLONY_ANCHOR_WORKER_DOSSIERS,P403_REN_OKOYE_BRINE_CARTOGRAPHER_DOSSIER,id_ID,audio,112,1050.84,596.16,110.16,620.0,2,2,1.575,TEXT_EXPANSION_GT_1_35;DRAFT_PREFIX_LONG,C:/hades/Hecton8/Docs/Lore/AppliedContent/packets/RS081_COLONY_ANCHOR_WORKER_DOSSIERS.packets.json
RS081_COLONY_ANCHOR_WORKER_DOSSIERS,P403_REN_OKOYE_BRINE_CARTOGRAPHER_DOSSIER,id_ID,in_game_wiki,227,1728.3,615.6,86.4,620.0,3,5,1.227,DRAFT_PREFIX_LONG,C:/hades/Hecton8/Docs/Lore/AppliedContent/packets/RS081_COLONY_ANCHOR_WORKER_DOSSIERS.packets.json
RS081_COLONY_ANCHOR_WORKER_DOSSIERS,P403_REN_OKOYE_BRINE_CARTOGRAPHER_DOSSIER,id_ID,external_site,137,1121.28,679.04,92.16,680.0,2,4,1.437,DRAFT_PREFIX_LONG,C:/hades/Hecton8/Docs/Lore/AppliedContent/packets/RS081_COLONY_ANCHOR_WORKER_DOSSIERS.packets.json
RS081_COLONY_ANCHOR_WORKER_DOSSIERS,P403_REN_OKOYE_BRINE_CARTOGRAPHER_DOSSIER,id_ID,field_note,100,704.48,530.04,95.48,560.0,2,3,1.735,DRAFT_PREFIX_LONG,C:/hades/Hecton8/Docs/Lore/AppliedContent/packets/RS081_COLONY_ANCHOR_WORKER_DOSSIERS.packets.json
RS081_COLONY_ANCHOR_WORKER_DOSSIERS,P403_REN_OKOYE_BRINE_CARTOGRAPHER_DOSSIER,ko_KR,title,79,731.16,332.64,122.76,360.0,3,1,2.105,TEXT_OVERFLOW_LINES;TEXT_EXPANSION_GT_1_35;DRAFT_PREFIX_LONG,C:/hades/Hecton8/Docs/Lore/AppliedContent/packets/RS081_COLONY_ANCHOR_WORKER_DOSSIERS.packets.json
RS081_COLONY_ANCHOR_WORKER_DOSSIERS,P403_REN_OKOYE_BRINE_CARTOGRAPHER_DOSSIER,ko_KR,scanner,131,1057.6,426.56,92.16,460.0,3,2,1.476,TEXT_OVERFLOW_LINES;TEXT_EXPANSION_GT_1_35;DRAFT_PREFIX_LONG,C:/hades/Hecton8/Docs/Lore/AppliedContent/packets/RS081_COLONY_ANCHOR_WORKER_DOSSIERS.packets.json
RS081_COLONY_ANCHOR_WORKER_DOSSIERS,P403_REN_OKOYE_BRINE_CARTOGRAPHER_DOSSIER,ko_KR,terminal,168,1315.5,474.0,122.7,520.0,3,2,1.321,TEXT_OVERFLOW_LINES;DRAFT_PREFIX_LONG,C:/hades/Hecton8/Docs/Lore/AppliedContent/packets/RS081_COLONY_ANCHOR_WORKER_DOSSIERS.packets.json
RS081_COLONY_ANCHOR_WORKER_DOSSIERS,P403_REN_OKOYE_BRINE_CARTOGRAPHER_DOSSIER,ko_KR,audio,112,1050.84,596.16,110.16,620.0,2,2,1.575,TEXT_EXPANSION_GT_1_35;DRAFT_PREFIX_LONG,C:/hades/Hecton8/Docs/Lore/AppliedContent/packets/RS081_COLONY_ANCHOR_WORKER_DOSSIERS.packets.json
RS081_COLONY_ANCHOR_WORKER_DOSSIERS,P403_REN_OKOYE_BRINE_CARTOGRAPHER_DOSSIER,ko_KR,in_game_wiki,227,1728.3,615.6,86.4,620.0,3,5,1.227,DRAFT_PREFIX_LONG,C:/hades/Hecton8/Docs/Lore/AppliedContent/packets/RS081_COLONY_ANCHOR_WORKER_DOSSIERS.packets.json
RS081_COLONY_ANCHOR_WORKER_DOSSIERS,P403_REN_OKOYE_BRINE_CARTOGRAPHER_DOSSIER,ko_KR,external_site,137,1121.28,679.04,92.16,680.0,2,4,1.437,DRAFT_PREFIX_LONG,C:/hades/Hecton8/Docs/Lore/AppliedContent/packets/RS081_COLONY_ANCHOR_WORKER_DOSSIERS.packets.json
RS081_COLONY_ANCHOR_WORKER_DOSSIERS,P403_REN_OKOYE_BRINE_CARTOGRAPHER_DOSSIER,ko_KR,field_note,100,704.48,530.04,95.48,560.0,2,3,1.735,DRAFT_PREFIX_LONG,C:/hades/Hecton8/Docs/Lore/AppliedContent/packets/RS081_COLONY_ANCHOR_WORKER_DOSSIERS.packets.json
RS081_COLONY_ANCHOR_WORKER_DOSSIERS,P403_REN_OKOYE_BRINE_CARTOGRAPHER_DOSSIER,he_IL,title,79,731.16,332.64,122.76,360.0,3,1,2.105,TEXT_OVERFLOW_LINES;TEXT_EXPANSION_GT_1_35;DRAFT_PREFIX_LONG,C:/hades/Hecton8/Docs/Lore/AppliedContent/packets/RS081_COLONY_ANCHOR_WORKER_DOSSIERS.packets.json
RS081_COLONY_ANCHOR_WORKER_DOSSIERS,P403_REN_OKOYE_BRINE_CARTOGRAPHER_DOSSIER,he_IL,scanner,131,1057.6,426.56,92.16,460.0,3,2,1.476,TEXT_OVERFLOW_LINES;TEXT_EXPANSION_GT_1_35;DRAFT_PREFIX_LONG,C:/hades/Hecton8/Docs/Lore/AppliedContent/packets/RS081_COLONY_ANCHOR_WORKER_DOSSIERS.packets.json
RS081_COLONY_ANCHOR_WORKER_DOSSIERS,P403_REN_OKOYE_BRINE_CARTOGRAPHER_DOSSIER,he_IL,terminal,168,1315.5,474.0,122.7,520.0,3,2,1.321,TEXT_OVERFLOW_LINES;DRAFT_PREFIX_LONG,C:/hades/Hecton8/Docs/Lore/AppliedContent/packets/RS081_COLONY_ANCHOR_WORKER_DOSSIERS.packets.json
RS081_COLONY_ANCHOR_WORKER_DOSSIERS,P403_REN_OKOYE_BRINE_CARTOGRAPHER_DOSSIER,he_IL,audio,112,1050.84,596.16,110.16,620.0,2,2,1.575,TEXT_EXPANSION_GT_1_35;DRAFT_PREFIX_LONG,C:/hades/Hecton8/Docs/Lore/AppliedContent/packets/RS081_COLONY_ANCHOR_WORKER_DOSSIERS.packets.json
RS081_COLONY_ANCHOR_WORKER_DOSSIERS,P403_REN_OKOYE_BRINE_CARTOGRAPHER_DOSSIER,he_IL,in_game_wiki,227,1728.3,615.6,86.4,620.0,3,5,1.227,DRAFT_PREFIX_LONG,C:/hades/Hecton8/Docs/Lore/AppliedContent/packets/RS081_COLONY_ANCHOR_WORKER_DOSSIERS.packets.json
RS081_COLONY_ANCHOR_WORKER_DOSSIERS,P403_REN_OKOYE_BRINE_CARTOGRAPHER_DOSSIER,he_IL,external_site,137,1121.28,679.04,92.16,680.0,2,4,1.437,DRAFT_PREFIX_LONG,C:/hades/Hecton8/Docs/Lore/AppliedContent/packets/RS081_COLONY_ANCHOR_WORKER_DOSSIERS.packets.json
RS081_COLONY_ANCHOR_WORKER_DOSSIERS,P403_REN_OKOYE_BRINE_CARTOGRAPHER_DOSSIER,he_IL,field_note,100,704.48,530.04,95.48,560.0,2,3,1.735,DRAFT_PREFIX_LONG,C:/hades/Hecton8/Docs/Lore/AppliedContent/packets/RS081_COLONY_ANCHOR_WORKER_DOSSIERS.packets.json
RS081_COLONY_ANCHOR_WORKER_DOSSIERS,P403_REN_OKOYE_BRINE_CARTOGRAPHER_DOSSIER,pt_BR,title,79,731.16,332.64,122.76,360.0,3,1,2.105,TEXT_OVERFLOW_LINES;TEXT_EXPANSION_GT_1_35;DRAFT_PREFIX_LONG,C:/hades/Hecton8/Docs/Lore/AppliedContent/packets/RS081_COLONY_ANCHOR_WORKER_DOSSIERS.packets.json
RS081_COLONY_ANCHOR_WORKER_DOSSIERS,P403_REN_OKOYE_BRINE_CARTOGRAPHER_DOSSIER,pt_BR,scanner,131,1057.6,426.56,92.16,460.0,3,2,1.476,TEXT_OVERFLOW_LINES;TEXT_EXPANSION_GT_1_35;DRAFT_PREFIX_LONG,C:/hades/Hecton8/Docs/Lore/AppliedContent/packets/RS081_COLONY_ANCHOR_WORKER_DOSSIERS.packets.json
RS081_COLONY_ANCHOR_WORKER_DOSSIERS,P403_REN_OKOYE_BRINE_CARTOGRAPHER_DOSSIER,pt_BR,terminal,168,1315.5,474.0,122.7,520.0,3,2,1.321,TEXT_OVERFLOW_LINES;DRAFT_PREFIX_LONG,C:/hades/Hecton8/Docs/Lore/AppliedContent/packets/RS081_COLONY_ANCHOR_WORKER_DOSSIERS.packets.json
RS081_COLONY_ANCHOR_WORKER_DOSSIERS,P403_REN_OKOYE_BRINE_CARTOGRAPHER_DOSSIER,pt_BR,audio,112,1050.84,596.16,110.16,620.0,2,2,1.575,TEXT_EXPANSION_GT_1_35;DRAFT_PREFIX_LONG,C:/hades/Hecton8/Docs/Lore/AppliedContent/packets/RS081_COLONY_ANCHOR_WORKER_DOSSIERS.packets.json
RS081_COLONY_ANCHOR_WORKER_DOSSIERS,P403_REN_OKOYE_BRINE_CARTOGRAPHER_DOSSIER,pt_BR,in_game_wiki,227,1728.3,615.6,86.4,620.0,3,5,1.227,DRAFT_PREFIX_LONG,C:/hades/Hecton8/Docs/Lore/AppliedContent/packets/RS081_COLONY_ANCHOR_WORKER_DOSSIERS.packets.json
RS081_COLONY_ANCHOR_WORKER_DOSSIERS,P403_REN_OKOYE_BRINE_CARTOGRAPHER_DOSSIER,pt_BR,external_site,137,1121.28,679.04,92.16,680.0,2,4,1.437,DRAFT_PREFIX_LONG,C:/hades/Hecton8/Docs/Lore/AppliedContent/packets/RS081_COLONY_ANCHOR_WORKER_DOSSIERS.packets.json
RS081_COLONY_ANCHOR_WORKER_DOSSIERS,P403_REN_OKOYE_BRINE_CARTOGRAPHER_DOSSIER,pt_BR,field_note,100,704.48,530.04,95.48,560.0,2,3,1.735,DRAFT_PREFIX_LONG,C:/hades/Hecton8/Docs/Lore/AppliedContent/packets/RS081_COLONY_ANCHOR_WORKER_DOSSIERS.packets.json
RS081_COLONY_ANCHOR_WORKER_DOSSIERS,P403_REN_OKOYE_BRINE_CARTOGRAPHER_DOSSIER,nl_NL,title,79,731.16,332.64,122.76,360.0,3,1,2.105,TEXT_OVERFLOW_LINES;TEXT_EXPANSION_GT_1_35;DRAFT_PREFIX_LONG,C:/hades/Hecton8/Docs/Lore/AppliedContent/packets/RS081_COLONY_ANCHOR_WORKER_DOSSIERS.packets.json
RS081_COLONY_ANCHOR_WORKER_DOSSIERS,P403_REN_OKOYE_BRINE_CARTOGRAPHER_DOSSIER,nl_NL,scanner,131,1057.6,426.56,92.16,460.0,3,2,1.476,TEXT_OVERFLOW_LINES;TEXT_EXPANSION_GT_1_35;DRAFT_PREFIX_LONG,C:/hades/Hecton8/Docs/Lore/AppliedContent/packets/RS081_COLONY_ANCHOR_WORKER_DOSSIERS.packets.json
RS081_COLONY_ANCHOR_WORKER_DOSSIERS,P403_REN_OKOYE_BRINE_CARTOGRAPHER_DOSSIER,nl_NL,terminal,168,1315.5,474.0,122.7,520.0,3,2,1.321,TEXT_OVERFLOW_LINES;DRAFT_PREFIX_LONG,C:/hades/Hecton8/Docs/Lore/AppliedContent/packets/RS081_COLONY_ANCHOR_WORKER_DOSSIERS.packets.json
RS081_COLONY_ANCHOR_WORKER_DOSSIERS,P403_REN_OKOYE_BRINE_CARTOGRAPHER_DOSSIER,nl_NL,audio,112,1050.84,596.16,110.16,620.0,2,2,1.575,TEXT_EXPANSION_GT_1_35;DRAFT_PREFIX_LONG,C:/hades/Hecton8/Docs/Lore/AppliedContent/packets/RS081_COLONY_ANCHOR_WORKER_DOSSIERS.packets.json
RS081_COLONY_ANCHOR_WORKER_DOSSIERS,P403_REN_OKOYE_BRINE_CARTOGRAPHER_DOSSIER,nl_NL,in_game_wiki,227,1728.3,615.6,86.4,620.0,3,5,1.227,DRAFT_PREFIX_LONG,C:/hades/Hecton8/Docs/Lore/AppliedContent/packets/RS081_COLONY_ANCHOR_WORKER_DOSSIERS.packets.json
RS081_COLONY_ANCHOR_WORKER_DOSSIERS,P403_REN_OKOYE_BRINE_CARTOGRAPHER_DOSSIER,nl_NL,external_site,137,1121.28,679.04,92.16,680.0,2,4,1.437,DRAFT_PREFIX_LONG,C:/hades/Hecton8/Docs/Lore/AppliedContent/packets/RS081_COLONY_ANCHOR_WORKER_DOSSIERS.packets.json
RS081_COLONY_ANCHOR_WORKER_DOSSIERS,P403_REN_OKOYE_BRINE_CARTOGRAPHER_DOSSIER,nl_NL,field_note,100,704.48,530.04,95.48,560.0,2,3,1.735,DRAFT_PREFIX_LONG,C:/hades/Hecton8/Docs/Lore/AppliedContent/packets/RS081_COLONY_ANCHOR_WORKER_DOSSIERS.packets.json
RS081_COLONY_ANCHOR_WORKER_DOSSIERS,P404_SAHANA_IQBAL_TRIAGE_MECHANIC_DOSSIER,en_US,title,36,338.76,338.76,78.12,360.0,1,1,1.0,,C:/hades/Hecton8/Docs/Lore/AppliedContent/packets/RS081_COLONY_ANCHOR_WORKER_DOSSIERS.packets.json
RS081_COLONY_ANCHOR_WORKER_DOSSIERS,P404_SAHANA_IQBAL_TRIAGE_MECHANIC_DOSSIER,en_US,scanner,102,837.76,440.96,85.76,460.0,2,2,1.0,,C:/hades/Hecton8/Docs/Lore/AppliedContent/packets/RS081_COLONY_ANCHOR_WORKER_DOSSIERS.packets.json
RS081_COLONY_ANCHOR_WORKER_DOSSIERS,P404_SAHANA_IQBAL_TRIAGE_MECHANIC_DOSSIER,en_US,terminal,138,1103.1,520.8,83.1,520.0,3,2,1.0,TEXT_OVERFLOW_LINES,C:/hades/Hecton8/Docs/Lore/AppliedContent/packets/RS081_COLONY_ANCHOR_WORKER_DOSSIERS.packets.json
RS081_COLONY_ANCHOR_WORKER_DOSSIERS,P404_SAHANA_IQBAL_TRIAGE_MECHANIC_DOSSIER,en_US,audio,72,659.16,622.8,65.16,620.0,2,2,1.0,,C:/hades/Hecton8/Docs/Lore/AppliedContent/packets/RS081_COLONY_ANCHOR_WORKER_DOSSIERS.packets.json
RS081_COLONY_ANCHOR_WORKER_DOSSIERS,P404_SAHANA_IQBAL_TRIAGE_MECHANIC_DOSSIER,en_US,in_game_wiki,167,1279.8,606.3,80.4,620.0,3,5,1.0,,C:/hades/Hecton8/Docs/Lore/AppliedContent/packets/RS081_COLONY_ANCHOR_WORKER_DOSSIERS.packets.json
RS081_COLONY_ANCHOR_WORKER_DOSSIERS,P404_SAHANA_IQBAL_TRIAGE_MECHANIC_DOSSIER,en_US,external_site,94,781.44,671.68,84.8,680.0,2,4,1.0,,C:/hades/Hecton8/Docs/Lore/AppliedContent/packets/RS081_COLONY_ANCHOR_WORKER_DOSSIERS.packets.json
RS081_COLONY_ANCHOR_WORKER_DOSSIERS,P404_SAHANA_IQBAL_TRIAGE_MECHANIC_DOSSIER,en_US,field_note,61,430.92,430.92,75.04,560.0,1,3,1.0,,C:/hades/Hecton8/Docs/Lore/AppliedContent/packets/RS081_COLONY_ANCHOR_WORKER_DOSSIERS.packets.json
RS081_COLONY_ANCHOR_WORKER_DOSSIERS,P404_SAHANA_IQBAL_TRIAGE_MECHANIC_DOSSIER,ru_RU,title,39,387.36,282.96,104.4,360.0,2,1,1.143,TEXT_OVERFLOW_LINES,C:/hades/Hecton8/Docs/Lore/AppliedContent/packets/RS081_COLONY_ANCHOR_WORKER_DOSSIERS.packets.json
RS081_COLONY_ANCHOR_WORKER_DOSSIERS,P404_SAHANA_IQBAL_TRIAGE_MECHANIC_DOSSIER,ru_RU,scanner,106,922.24,436.16,102.08,460.0,3,2,1.101,TEXT_OVERFLOW_LINES,C:/hades/Hecton8/Docs/Lore/AppliedContent/packets/RS081_COLONY_ANCHOR_WORKER_DOSSIERS.packets.json
RS081_COLONY_ANCHOR_WORKER_DOSSIERS,P404_SAHANA_IQBAL_TRIAGE_MECHANIC_DOSSIER,ru_RU,terminal,147,1215.0,510.0,104.4,520.0,3,2,1.101,TEXT_OVERFLOW_LINES,C:/hades/Hecton8/Docs/Lore/AppliedContent/packets/RS081_COLONY_ANCHOR_WORKER_DOSSIERS.packets.json
RS081_COLONY_ANCHOR_WORKER_DOSSIERS,P404_SAHANA_IQBAL_TRIAGE_MECHANIC_DOSSIER,ru_RU,audio,85,820.44,584.28,109.08,620.0,2,2,1.245,,C:/hades/Hecton8/Docs/Lore/AppliedContent/packets/RS081_COLONY_ANCHOR_WORKER_DOSSIERS.packets.json
RS081_COLONY_ANCHOR_WORKER_DOSSIERS,P404_SAHANA_IQBAL_TRIAGE_MECHANIC_DOSSIER,ru_RU,in_game_wiki,143,1161.3,615.3,99.6,620.0,2,5,0.907,,C:/hades/Hecton8/Docs/Lore/AppliedContent/packets/RS081_COLONY_ANCHOR_WORKER_DOSSIERS.packets.json
RS081_COLONY_ANCHOR_WORKER_DOSSIERS,P404_SAHANA_IQBAL_TRIAGE_MECHANIC_DOSSIER,ru_RU,external_site,104,907.2,682.56,111.36,680.0,2,4,1.161,,C:/hades/Hecton8/Docs/Lore/AppliedContent/packets/RS081_COLONY_ANCHOR_WORKER_DOSSIERS.packets.json
RS081_COLONY_ANCHOR_WORKER_DOSSIERS,P404_SAHANA_IQBAL_TRIAGE_MECHANIC_DOSSIER,ru_RU,field_note,78,602.84,550.48,105.56,560.0,2,3,1.399,,C:/hades/Hecton8/Docs/Lore/AppliedContent/packets/RS081_COLONY_ANCHOR_WORKER_DOSSIERS.packets.json
RS081_COLONY_ANCHOR_WORKER_DOSSIERS,P404_SAHANA_IQBAL_TRIAGE_MECHANIC_DOSSIER,ja_JP,title,79,722.52,332.64,103.68,360.0,3,1,2.133,TEXT_OVERFLOW_LINES;TEXT_EXPANSION_GT_1_35;DRAFT_PREFIX_LONG,C:/hades/Hecton8/Docs/Lore/AppliedContent/packets/RS081_COLONY_ANCHOR_WORKER_DOSSIERS.packets.json
RS081_COLONY_ANCHOR_WORKER_DOSSIERS,P404_SAHANA_IQBAL_TRIAGE_MECHANIC_DOSSIER,ja_JP,scanner,145,1178.88,421.44,92.16,460.0,3,2,1.407,TEXT_OVERFLOW_LINES;TEXT_EXPANSION_GT_1_35;DRAFT_PREFIX_LONG,C:/hades/Hecton8/Docs/Lore/AppliedContent/packets/RS081_COLONY_ANCHOR_WORKER_DOSSIERS.packets.json
RS081_COLONY_ANCHOR_WORKER_DOSSIERS,P404_SAHANA_IQBAL_TRIAGE_MECHANIC_DOSSIER,ja_JP,terminal,181,1422.9,513.6,86.4,520.0,3,2,1.29,TEXT_OVERFLOW_LINES;DRAFT_PREFIX_LONG,C:/hades/Hecton8/Docs/Lore/AppliedContent/packets/RS081_COLONY_ANCHOR_WORKER_DOSSIERS.packets.json
RS081_COLONY_ANCHOR_WORKER_DOSSIERS,P404_SAHANA_IQBAL_TRIAGE_MECHANIC_DOSSIER,ja_JP,audio,115,1042.92,577.44,103.68,620.0,2,2,1.582,TEXT_EXPANSION_GT_1_35;DRAFT_PREFIX_LONG,C:/hades/Hecton8/Docs/Lore/AppliedContent/packets/RS081_COLONY_ANCHOR_WORKER_DOSSIERS.packets.json
RS081_COLONY_ANCHOR_WORKER_DOSSIERS,P404_SAHANA_IQBAL_TRIAGE_MECHANIC_DOSSIER,ja_JP,in_game_wiki,210,1599.6,594.0,86.4,620.0,3,5,1.25,DRAFT_PREFIX_LONG,C:/hades/Hecton8/Docs/Lore/AppliedContent/packets/RS081_COLONY_ANCHOR_WORKER_DOSSIERS.packets.json
RS081_COLONY_ANCHOR_WORKER_DOSSIERS,P404_SAHANA_IQBAL_TRIAGE_MECHANIC_DOSSIER,ja_JP,external_site,137,1122.56,658.56,92.16,680.0,2,4,1.437,DRAFT_PREFIX_LONG,C:/hades/Hecton8/Docs/Lore/AppliedContent/packets/RS081_COLONY_ANCHOR_WORKER_DOSSIERS.packets.json
RS081_COLONY_ANCHOR_WORKER_DOSSIERS,P404_SAHANA_IQBAL_TRIAGE_MECHANIC_DOSSIER,ja_JP,field_note,104,729.4,561.68,80.64,560.0,2,3,1.693,DRAFT_PREFIX_LONG,C:/hades/Hecton8/Docs/Lore/AppliedContent/packets/RS081_COLONY_ANCHOR_WORKER_DOSSIERS.packets.json
RS081_COLONY_ANCHOR_WORKER_DOSSIERS,P404_SAHANA_IQBAL_TRIAGE_MECHANIC_DOSSIER,zh_CN,title,79,722.52,332.64,103.68,360.0,3,1,2.133,TEXT_OVERFLOW_LINES;TEXT_EXPANSION_GT_1_35;DRAFT_PREFIX_LONG,C:/hades/Hecton8/Docs/Lore/AppliedContent/packets/RS081_COLONY_ANCHOR_WORKER_DOSSIERS.packets.json
RS081_COLONY_ANCHOR_WORKER_DOSSIERS,P404_SAHANA_IQBAL_TRIAGE_MECHANIC_DOSSIER,zh_CN,scanner,145,1178.88,421.44,92.16,460.0,3,2,1.407,TEXT_OVERFLOW_LINES;TEXT_EXPANSION_GT_1_35;DRAFT_PREFIX_LONG,C:/hades/Hecton8/Docs/Lore/AppliedContent/packets/RS081_COLONY_ANCHOR_WORKER_DOSSIERS.packets.json
RS081_COLONY_ANCHOR_WORKER_DOSSIERS,P404_SAHANA_IQBAL_TRIAGE_MECHANIC_DOSSIER,zh_CN,terminal,181,1422.9,513.6,86.4,520.0,3,2,1.29,TEXT_OVERFLOW_LINES;DRAFT_PREFIX_LONG,C:/hades/Hecton8/Docs/Lore/AppliedContent/packets/RS081_COLONY_ANCHOR_WORKER_DOSSIERS.packets.json
RS081_COLONY_ANCHOR_WORKER_DOSSIERS,P404_SAHANA_IQBAL_TRIAGE_MECHANIC_DOSSIER,zh_CN,audio,115,1042.92,577.44,103.68,620.0,2,2,1.582,TEXT_EXPANSION_GT_1_35;DRAFT_PREFIX_LONG,C:/hades/Hecton8/Docs/Lore/AppliedContent/packets/RS081_COLONY_ANCHOR_WORKER_DOSSIERS.packets.json
RS081_COLONY_ANCHOR_WORKER_DOSSIERS,P404_SAHANA_IQBAL_TRIAGE_MECHANIC_DOSSIER,zh_CN,in_game_wiki,210,1599.6,594.0,86.4,620.0,3,5,1.25,DRAFT_PREFIX_LONG,C:/hades/Hecton8/Docs/Lore/AppliedContent/packets/RS081_COLONY_ANCHOR_WORKER_DOSSIERS.packets.json
RS081_COLONY_ANCHOR_WORKER_DOSSIERS,P404_SAHANA_IQBAL_TRIAGE_MECHANIC_DOSSIER,zh_CN,external_site,137,1122.56,658.56,92.16,680.0,2,4,1.437,DRAFT_PREFIX_LONG,C:/hades/Hecton8/Docs/Lore/AppliedContent/packets/RS081_COLONY_ANCHOR_WORKER_DOSSIERS.packets.json
RS081_COLONY_ANCHOR_WORKER_DOSSIERS,P404_SAHANA_IQBAL_TRIAGE_MECHANIC_DOSSIER,zh_CN,field_note,104,729.4,561.68,80.64,560.0,2,3,1.693,DRAFT_PREFIX_LONG,C:/hades/Hecton8/Docs/Lore/AppliedContent/packets/RS081_COLONY_ANCHOR_WORKER_DOSSIERS.packets.json
RS081_COLONY_ANCHOR_WORKER_DOSSIERS,P404_SAHANA_IQBAL_TRIAGE_MECHANIC_DOSSIER,fr_FR,title,79,722.52,332.64,103.68,360.0,3,1,2.133,TEXT_OVERFLOW_LINES;TEXT_EXPANSION_GT_1_35;DRAFT_PREFIX_LONG,C:/hades/Hecton8/Docs/Lore/AppliedContent/packets/RS081_COLONY_ANCHOR_WORKER_DOSSIERS.packets.json
RS081_COLONY_ANCHOR_WORKER_DOSSIERS,P404_SAHANA_IQBAL_TRIAGE_MECHANIC_DOSSIER,fr_FR,scanner,145,1178.88,421.44,92.16,460.0,3,2,1.407,TEXT_OVERFLOW_LINES;TEXT_EXPANSION_GT_1_35;DRAFT_PREFIX_LONG,C:/hades/Hecton8/Docs/Lore/AppliedContent/packets/RS081_COLONY_ANCHOR_WORKER_DOSSIERS.packets.json
RS081_COLONY_ANCHOR_WORKER_DOSSIERS,P404_SAHANA_IQBAL_TRIAGE_MECHANIC_DOSSIER,fr_FR,terminal,181,1422.9,513.6,86.4,520.0,3,2,1.29,TEXT_OVERFLOW_LINES;DRAFT_PREFIX_LONG,C:/hades/Hecton8/Docs/Lore/AppliedContent/packets/RS081_COLONY_ANCHOR_WORKER_DOSSIERS.packets.json
RS081_COLONY_ANCHOR_WORKER_DOSSIERS,P404_SAHANA_IQBAL_TRIAGE_MECHANIC_DOSSIER,fr_FR,audio,115,1042.92,577.44,103.68,620.0,2,2,1.582,TEXT_EXPANSION_GT_1_35;DRAFT_PREFIX_LONG,C:/hades/Hecton8/Docs/Lore/AppliedContent/packets/RS081_COLONY_ANCHOR_WORKER_DOSSIERS.packets.json
RS081_COLONY_ANCHOR_WORKER_DOSSIERS,P404_SAHANA_IQBAL_TRIAGE_MECHANIC_DOSSIER,fr_FR,in_game_wiki,210,1599.6,594.0,86.4,620.0,3,5,1.25,DRAFT_PREFIX_LONG,C:/hades/Hecton8/Docs/Lore/AppliedContent/packets/RS081_COLONY_ANCHOR_WORKER_DOSSIERS.packets.json
RS081_COLONY_ANCHOR_WORKER_DOSSIERS,P404_SAHANA_IQBAL_TRIAGE_MECHANIC_DOSSIER,fr_FR,external_site,137,1122.56,658.56,92.16,680.0,2,4,1.437,DRAFT_PREFIX_LONG,C:/hades/Hecton8/Docs/Lore/AppliedContent/packets/RS081_COLONY_ANCHOR_WORKER_DOSSIERS.packets.json
RS081_COLONY_ANCHOR_WORKER_DOSSIERS,P404_SAHANA_IQBAL_TRIAGE_MECHANIC_DOSSIER,fr_FR,field_note,104,729.4,561.68,80.64,560.0,2,3,1.693,DRAFT_PREFIX_LONG,C:/hades/Hecton8/Docs/Lore/AppliedContent/packets/RS081_COLONY_ANCHOR_WORKER_DOSSIERS.packets.json
RS081_COLONY_ANCHOR_WORKER_DOSSIERS,P404_SAHANA_IQBAL_TRIAGE_MECHANIC_DOSSIER,es_ES,title,79,722.52,332.64,103.68,360.0,3,1,2.133,TEXT_OVERFLOW_LINES;TEXT_EXPANSION_GT_1_35;DRAFT_PREFIX_LONG,C:/hades/Hecton8/Docs/Lore/AppliedContent/packets/RS081_COLONY_ANCHOR_WORKER_DOSSIERS.packets.json
RS081_COLONY_ANCHOR_WORKER_DOSSIERS,P404_SAHANA_IQBAL_TRIAGE_MECHANIC_DOSSIER,es_ES,scanner,145,1178.88,421.44,92.16,460.0,3,2,1.407,TEXT_OVERFLOW_LINES;TEXT_EXPANSION_GT_1_35;DRAFT_PREFIX_LONG,C:/hades/Hecton8/Docs/Lore/AppliedContent/packets/RS081_COLONY_ANCHOR_WORKER_DOSSIERS.packets.json
RS081_COLONY_ANCHOR_WORKER_DOSSIERS,P404_SAHANA_IQBAL_TRIAGE_MECHANIC_DOSSIER,es_ES,terminal,181,1422.9,513.6,86.4,520.0,3,2,1.29,TEXT_OVERFLOW_LINES;DRAFT_PREFIX_LONG,C:/hades/Hecton8/Docs/Lore/AppliedContent/packets/RS081_COLONY_ANCHOR_WORKER_DOSSIERS.packets.json
RS081_COLONY_ANCHOR_WORKER_DOSSIERS,P404_SAHANA_IQBAL_TRIAGE_MECHANIC_DOSSIER,es_ES,audio,115,1042.92,577.44,103.68,620.0,2,2,1.582,TEXT_EXPANSION_GT_1_35;DRAFT_PREFIX_LONG,C:/hades/Hecton8/Docs/Lore/AppliedContent/packets/RS081_COLONY_ANCHOR_WORKER_DOSSIERS.packets.json
RS081_COLONY_ANCHOR_WORKER_DOSSIERS,P404_SAHANA_IQBAL_TRIAGE_MECHANIC_DOSSIER,es_ES,in_game_wiki,210,1599.6,594.0,86.4,620.0,3,5,1.25,DRAFT_PREFIX_LONG,C:/hades/Hecton8/Docs/Lore/AppliedContent/packets/RS081_COLONY_ANCHOR_WORKER_DOSSIERS.packets.json
RS081_COLONY_ANCHOR_WORKER_DOSSIERS,P404_SAHANA_IQBAL_TRIAGE_MECHANIC_DOSSIER,es_ES,external_site,137,1122.56,658.56,92.16,680.0,2,4,1.437,DRAFT_PREFIX_LONG,C:/hades/Hecton8/Docs/Lore/AppliedContent/packets/RS081_COLONY_ANCHOR_WORKER_DOSSIERS.packets.json
RS081_COLONY_ANCHOR_WORKER_DOSSIERS,P404_SAHANA_IQBAL_TRIAGE_MECHANIC_DOSSIER,es_ES,field_note,104,729.4,561.68,80.64,560.0,2,3,1.693,DRAFT_PREFIX_LONG,C:/hades/Hecton8/Docs/Lore/AppliedContent/packets/RS081_COLONY_ANCHOR_WORKER_DOSSIERS.packets.json
RS081_COLONY_ANCHOR_WORKER_DOSSIERS,P404_SAHANA_IQBAL_TRIAGE_MECHANIC_DOSSIER,de_DE,title,79,722.52,332.64,103.68,360.0,3,1,2.133,TEXT_OVERFLOW_LINES;TEXT_EXPANSION_GT_1_35;DRAFT_PREFIX_LONG,C:/hades/Hecton8/Docs/Lore/AppliedContent/packets/RS081_COLONY_ANCHOR_WORKER_DOSSIERS.packets.json
RS081_COLONY_ANCHOR_WORKER_DOSSIERS,P404_SAHANA_IQBAL_TRIAGE_MECHANIC_DOSSIER,de_DE,scanner,145,1178.88,421.44,92.16,460.0,3,2,1.407,TEXT_OVERFLOW_LINES;TEXT_EXPANSION_GT_1_35;DRAFT_PREFIX_LONG,C:/hades/Hecton8/Docs/Lore/AppliedContent/packets/RS081_COLONY_ANCHOR_WORKER_DOSSIERS.packets.json
RS081_COLONY_ANCHOR_WORKER_DOSSIERS,P404_SAHANA_IQBAL_TRIAGE_MECHANIC_DOSSIER,de_DE,terminal,181,1422.9,513.6,86.4,520.0,3,2,1.29,TEXT_OVERFLOW_LINES;DRAFT_PREFIX_LONG,C:/hades/Hecton8/Docs/Lore/AppliedContent/packets/RS081_COLONY_ANCHOR_WORKER_DOSSIERS.packets.json
RS081_COLONY_ANCHOR_WORKER_DOSSIERS,P404_SAHANA_IQBAL_TRIAGE_MECHANIC_DOSSIER,de_DE,audio,115,1042.92,577.44,103.68,620.0,2,2,1.582,TEXT_EXPANSION_GT_1_35;DRAFT_PREFIX_LONG,C:/hades/Hecton8/Docs/Lore/AppliedContent/packets/RS081_COLONY_ANCHOR_WORKER_DOSSIERS.packets.json
RS081_COLONY_ANCHOR_WORKER_DOSSIERS,P404_SAHANA_IQBAL_TRIAGE_MECHANIC_DOSSIER,de_DE,in_game_wiki,210,1599.6,594.0,86.4,620.0,3,5,1.25,DRAFT_PREFIX_LONG,C:/hades/Hecton8/Docs/Lore/AppliedContent/packets/RS081_COLONY_ANCHOR_WORKER_DOSSIERS.packets.json
RS081_COLONY_ANCHOR_WORKER_DOSSIERS,P404_SAHANA_IQBAL_TRIAGE_MECHANIC_DOSSIER,de_DE,external_site,137,1122.56,658.56,92.16,680.0,2,4,1.437,DRAFT_PREFIX_LONG,C:/hades/Hecton8/Docs/Lore/AppliedContent/packets/RS081_COLONY_ANCHOR_WORKER_DOSSIERS.packets.json
RS081_COLONY_ANCHOR_WORKER_DOSSIERS,P404_SAHANA_IQBAL_TRIAGE_MECHANIC_DOSSIER,de_DE,field_note,104,729.4,561.68,80.64,560.0,2,3,1.693,DRAFT_PREFIX_LONG,C:/hades/Hecton8/Docs/Lore/AppliedContent/packets/RS081_COLONY_ANCHOR_WORKER_DOSSIERS.packets.json
RS081_COLONY_ANCHOR_WORKER_DOSSIERS,P404_SAHANA_IQBAL_TRIAGE_MECHANIC_DOSSIER,pl_PL,title,79,722.52,332.64,103.68,360.0,3,1,2.133,TEXT_OVERFLOW_LINES;TEXT_EXPANSION_GT_1_35;DRAFT_PREFIX_LONG,C:/hades/Hecton8/Docs/Lore/AppliedContent/packets/RS081_COLONY_ANCHOR_WORKER_DOSSIERS.packets.json
RS081_COLONY_ANCHOR_WORKER_DOSSIERS,P404_SAHANA_IQBAL_TRIAGE_MECHANIC_DOSSIER,pl_PL,scanner,145,1178.88,421.44,92.16,460.0,3,2,1.407,TEXT_OVERFLOW_LINES;TEXT_EXPANSION_GT_1_35;DRAFT_PREFIX_LONG,C:/hades/Hecton8/Docs/Lore/AppliedContent/packets/RS081_COLONY_ANCHOR_WORKER_DOSSIERS.packets.json
RS081_COLONY_ANCHOR_WORKER_DOSSIERS,P404_SAHANA_IQBAL_TRIAGE_MECHANIC_DOSSIER,pl_PL,terminal,181,1422.9,513.6,86.4,520.0,3,2,1.29,TEXT_OVERFLOW_LINES;DRAFT_PREFIX_LONG,C:/hades/Hecton8/Docs/Lore/AppliedContent/packets/RS081_COLONY_ANCHOR_WORKER_DOSSIERS.packets.json
RS081_COLONY_ANCHOR_WORKER_DOSSIERS,P404_SAHANA_IQBAL_TRIAGE_MECHANIC_DOSSIER,pl_PL,audio,115,1042.92,577.44,103.68,620.0,2,2,1.582,TEXT_EXPANSION_GT_1_35;DRAFT_PREFIX_LONG,C:/hades/Hecton8/Docs/Lore/AppliedContent/packets/RS081_COLONY_ANCHOR_WORKER_DOSSIERS.packets.json
RS081_COLONY_ANCHOR_WORKER_DOSSIERS,P404_SAHANA_IQBAL_TRIAGE_MECHANIC_DOSSIER,pl_PL,in_game_wiki,210,1599.6,594.0,86.4,620.0,3,5,1.25,DRAFT_PREFIX_LONG,C:/hades/Hecton8/Docs/Lore/AppliedContent/packets/RS081_COLONY_ANCHOR_WORKER_DOSSIERS.packets.json
RS081_COLONY_ANCHOR_WORKER_DOSSIERS,P404_SAHANA_IQBAL_TRIAGE_MECHANIC_DOSSIER,pl_PL,external_site,137,1122.56,658.56,92.16,680.0,2,4,1.437,DRAFT_PREFIX_LONG,C:/hades/Hecton8/Docs/Lore/AppliedContent/packets/RS081_COLONY_ANCHOR_WORKER_DOSSIERS.packets.json
RS081_COLONY_ANCHOR_WORKER_DOSSIERS,P404_SAHANA_IQBAL_TRIAGE_MECHANIC_DOSSIER,pl_PL,field_note,104,729.4,561.68,80.64,560.0,2,3,1.693,DRAFT_PREFIX_LONG,C:/hades/Hecton8/Docs/Lore/AppliedContent/packets/RS081_COLONY_ANCHOR_WORKER_DOSSIERS.packets.json
RS081_COLONY_ANCHOR_WORKER_DOSSIERS,P404_SAHANA_IQBAL_TRIAGE_MECHANIC_DOSSIER,uk_UA,title,79,722.52,332.64,103.68,360.0,3,1,2.133,TEXT_OVERFLOW_LINES;TEXT_EXPANSION_GT_1_35;DRAFT_PREFIX_LONG,C:/hades/Hecton8/Docs/Lore/AppliedContent/packets/RS081_COLONY_ANCHOR_WORKER_DOSSIERS.packets.json
RS081_COLONY_ANCHOR_WORKER_DOSSIERS,P404_SAHANA_IQBAL_TRIAGE_MECHANIC_DOSSIER,uk_UA,scanner,145,1178.88,421.44,92.16,460.0,3,2,1.407,TEXT_OVERFLOW_LINES;TEXT_EXPANSION_GT_1_35;DRAFT_PREFIX_LONG,C:/hades/Hecton8/Docs/Lore/AppliedContent/packets/RS081_COLONY_ANCHOR_WORKER_DOSSIERS.packets.json
RS081_COLONY_ANCHOR_WORKER_DOSSIERS,P404_SAHANA_IQBAL_TRIAGE_MECHANIC_DOSSIER,uk_UA,terminal,181,1422.9,513.6,86.4,520.0,3,2,1.29,TEXT_OVERFLOW_LINES;DRAFT_PREFIX_LONG,C:/hades/Hecton8/Docs/Lore/AppliedContent/packets/RS081_COLONY_ANCHOR_WORKER_DOSSIERS.packets.json
RS081_COLONY_ANCHOR_WORKER_DOSSIERS,P404_SAHANA_IQBAL_TRIAGE_MECHANIC_DOSSIER,uk_UA,audio,115,1042.92,577.44,103.68,620.0,2,2,1.582,TEXT_EXPANSION_GT_1_35;DRAFT_PREFIX_LONG,C:/hades/Hecton8/Docs/Lore/AppliedContent/packets/RS081_COLONY_ANCHOR_WORKER_DOSSIERS.packets.json
RS081_COLONY_ANCHOR_WORKER_DOSSIERS,P404_SAHANA_IQBAL_TRIAGE_MECHANIC_DOSSIER,uk_UA,in_game_wiki,210,1599.6,594.0,86.4,620.0,3,5,1.25,DRAFT_PREFIX_LONG,C:/hades/Hecton8/Docs/Lore/AppliedContent/packets/RS081_COLONY_ANCHOR_WORKER_DOSSIERS.packets.json
RS081_COLONY_ANCHOR_WORKER_DOSSIERS,P404_SAHANA_IQBAL_TRIAGE_MECHANIC_DOSSIER,uk_UA,external_site,137,1122.56,658.56,92.16,680.0,2,4,1.437,DRAFT_PREFIX_LONG,C:/hades/Hecton8/Docs/Lore/AppliedContent/packets/RS081_COLONY_ANCHOR_WORKER_DOSSIERS.packets.json
RS081_COLONY_ANCHOR_WORKER_DOSSIERS,P404_SAHANA_IQBAL_TRIAGE_MECHANIC_DOSSIER,uk_UA,field_note,104,729.4,561.68,80.64,560.0,2,3,1.693,DRAFT_PREFIX_LONG,C:/hades/Hecton8/Docs/Lore/AppliedContent/packets/RS081_COLONY_ANCHOR_WORKER_DOSSIERS.packets.json
RS081_COLONY_ANCHOR_WORKER_DOSSIERS,P404_SAHANA_IQBAL_TRIAGE_MECHANIC_DOSSIER,ar_SA,title,79,722.52,332.64,103.68,360.0,3,1,2.133,TEXT_OVERFLOW_LINES;TEXT_EXPANSION_GT_1_35;DRAFT_PREFIX_LONG,C:/hades/Hecton8/Docs/Lore/AppliedContent/packets/RS081_COLONY_ANCHOR_WORKER_DOSSIERS.packets.json
RS081_COLONY_ANCHOR_WORKER_DOSSIERS,P404_SAHANA_IQBAL_TRIAGE_MECHANIC_DOSSIER,ar_SA,scanner,145,1178.88,421.44,92.16,460.0,3,2,1.407,TEXT_OVERFLOW_LINES;TEXT_EXPANSION_GT_1_35;DRAFT_PREFIX_LONG,C:/hades/Hecton8/Docs/Lore/AppliedContent/packets/RS081_COLONY_ANCHOR_WORKER_DOSSIERS.packets.json
RS081_COLONY_ANCHOR_WORKER_DOSSIERS,P404_SAHANA_IQBAL_TRIAGE_MECHANIC_DOSSIER,ar_SA,terminal,181,1422.9,513.6,86.4,520.0,3,2,1.29,TEXT_OVERFLOW_LINES;DRAFT_PREFIX_LONG,C:/hades/Hecton8/Docs/Lore/AppliedContent/packets/RS081_COLONY_ANCHOR_WORKER_DOSSIERS.packets.json
RS081_COLONY_ANCHOR_WORKER_DOSSIERS,P404_SAHANA_IQBAL_TRIAGE_MECHANIC_DOSSIER,ar_SA,audio,115,1042.92,577.44,103.68,620.0,2,2,1.582,TEXT_EXPANSION_GT_1_35;DRAFT_PREFIX_LONG,C:/hades/Hecton8/Docs/Lore/AppliedContent/packets/RS081_COLONY_ANCHOR_WORKER_DOSSIERS.packets.json
RS081_COLONY_ANCHOR_WORKER_DOSSIERS,P404_SAHANA_IQBAL_TRIAGE_MECHANIC_DOSSIER,ar_SA,in_game_wiki,210,1599.6,594.0,86.4,620.0,3,5,1.25,DRAFT_PREFIX_LONG,C:/hades/Hecton8/Docs/Lore/AppliedContent/packets/RS081_COLONY_ANCHOR_WORKER_DOSSIERS.packets.json
RS081_COLONY_ANCHOR_WORKER_DOSSIERS,P404_SAHANA_IQBAL_TRIAGE_MECHANIC_DOSSIER,ar_SA,external_site,137,1122.56,658.56,92.16,680.0,2,4,1.437,DRAFT_PREFIX_LONG,C:/hades/Hecton8/Docs/Lore/AppliedContent/packets/RS081_COLONY_ANCHOR_WORKER_DOSSIERS.packets.json
RS081_COLONY_ANCHOR_WORKER_DOSSIERS,P404_SAHANA_IQBAL_TRIAGE_MECHANIC_DOSSIER,ar_SA,field_note,104,729.4,561.68,80.64,560.0,2,3,1.693,DRAFT_PREFIX_LONG,C:/hades/Hecton8/Docs/Lore/AppliedContent/packets/RS081_COLONY_ANCHOR_WORKER_DOSSIERS.packets.json
RS081_COLONY_ANCHOR_WORKER_DOSSIERS,P404_SAHANA_IQBAL_TRIAGE_MECHANIC_DOSSIER,id_ID,title,79,722.52,332.64,103.68,360.0,3,1,2.133,TEXT_OVERFLOW_LINES;TEXT_EXPANSION_GT_1_35;DRAFT_PREFIX_LONG,C:/hades/Hecton8/Docs/Lore/AppliedContent/packets/RS081_COLONY_ANCHOR_WORKER_DOSSIERS.packets.json
RS081_COLONY_ANCHOR_WORKER_DOSSIERS,P404_SAHANA_IQBAL_TRIAGE_MECHANIC_DOSSIER,id_ID,scanner,145,1178.88,421.44,92.16,460.0,3,2,1.407,TEXT_OVERFLOW_LINES;TEXT_EXPANSION_GT_1_35;DRAFT_PREFIX_LONG,C:/hades/Hecton8/Docs/Lore/AppliedContent/packets/RS081_COLONY_ANCHOR_WORKER_DOSSIERS.packets.json
RS081_COLONY_ANCHOR_WORKER_DOSSIERS,P404_SAHANA_IQBAL_TRIAGE_MECHANIC_DOSSIER,id_ID,terminal,181,1422.9,513.6,86.4,520.0,3,2,1.29,TEXT_OVERFLOW_LINES;DRAFT_PREFIX_LONG,C:/hades/Hecton8/Docs/Lore/AppliedContent/packets/RS081_COLONY_ANCHOR_WORKER_DOSSIERS.packets.json
RS081_COLONY_ANCHOR_WORKER_DOSSIERS,P404_SAHANA_IQBAL_TRIAGE_MECHANIC_DOSSIER,id_ID,audio,115,1042.92,577.44,103.68,620.0,2,2,1.582,TEXT_EXPANSION_GT_1_35;DRAFT_PREFIX_LONG,C:/hades/Hecton8/Docs/Lore/AppliedContent/packets/RS081_COLONY_ANCHOR_WORKER_DOSSIERS.packets.json
RS081_COLONY_ANCHOR_WORKER_DOSSIERS,P404_SAHANA_IQBAL_TRIAGE_MECHANIC_DOSSIER,id_ID,in_game_wiki,210,1599.6,594.0,86.4,620.0,3,5,1.25,DRAFT_PREFIX_LONG,C:/hades/Hecton8/Docs/Lore/AppliedContent/packets/RS081_COLONY_ANCHOR_WORKER_DOSSIERS.packets.json
RS081_COLONY_ANCHOR_WORKER_DOSSIERS,P404_SAHANA_IQBAL_TRIAGE_MECHANIC_DOSSIER,id_ID,external_site,137,1122.56,658.56,92.16,680.0,2,4,1.437,DRAFT_PREFIX_LONG,C:/hades/Hecton8/Docs/Lore/AppliedContent/packets/RS081_COLONY_ANCHOR_WORKER_DOSSIERS.packets.json
RS081_COLONY_ANCHOR_WORKER_DOSSIERS,P404_SAHANA_IQBAL_TRIAGE_MECHANIC_DOSSIER,id_ID,field_note,104,729.4,561.68,80.64,560.0,2,3,1.693,DRAFT_PREFIX_LONG,C:/hades/Hecton8/Docs/Lore/AppliedContent/packets/RS081_COLONY_ANCHOR_WORKER_DOSSIERS.packets.json
RS081_COLONY_ANCHOR_WORKER_DOSSIERS,P404_SAHANA_IQBAL_TRIAGE_MECHANIC_DOSSIER,ko_KR,title,79,722.52,332.64,103.68,360.0,3,1,2.133,TEXT_OVERFLOW_LINES;TEXT_EXPANSION_GT_1_35;DRAFT_PREFIX_LONG,C:/hades/Hecton8/Docs/Lore/AppliedContent/packets/RS081_COLONY_ANCHOR_WORKER_DOSSIERS.packets.json
RS081_COLONY_ANCHOR_WORKER_DOSSIERS,P404_SAHANA_IQBAL_TRIAGE_MECHANIC_DOSSIER,ko_KR,scanner,145,1178.88,421.44,92.16,460.0,3,2,1.407,TEXT_OVERFLOW_LINES;TEXT_EXPANSION_GT_1_35;DRAFT_PREFIX_LONG,C:/hades/Hecton8/Docs/Lore/AppliedContent/packets/RS081_COLONY_ANCHOR_WORKER_DOSSIERS.packets.json
RS081_COLONY_ANCHOR_WORKER_DOSSIERS,P404_SAHANA_IQBAL_TRIAGE_MECHANIC_DOSSIER,ko_KR,terminal,181,1422.9,513.6,86.4,520.0,3,2,1.29,TEXT_OVERFLOW_LINES;DRAFT_PREFIX_LONG,C:/hades/Hecton8/Docs/Lore/AppliedContent/packets/RS081_COLONY_ANCHOR_WORKER_DOSSIERS.packets.json
RS081_COLONY_ANCHOR_WORKER_DOSSIERS,P404_SAHANA_IQBAL_TRIAGE_MECHANIC_DOSSIER,ko_KR,audio,115,1042.92,577.44,103.68,620.0,2,2,1.582,TEXT_EXPANSION_GT_1_35;DRAFT_PREFIX_LONG,C:/hades/Hecton8/Docs/Lore/AppliedContent/packets/RS081_COLONY_ANCHOR_WORKER_DOSSIERS.packets.json
RS081_COLONY_ANCHOR_WORKER_DOSSIERS,P404_SAHANA_IQBAL_TRIAGE_MECHANIC_DOSSIER,ko_KR,in_game_wiki,210,1599.6,594.0,86.4,620.0,3,5,1.25,DRAFT_PREFIX_LONG,C:/hades/Hecton8/Docs/Lore/AppliedContent/packets/RS081_COLONY_ANCHOR_WORKER_DOSSIERS.packets.json
RS081_COLONY_ANCHOR_WORKER_DOSSIERS,P404_SAHANA_IQBAL_TRIAGE_MECHANIC_DOSSIER,ko_KR,external_site,137,1122.56,658.56,92.16,680.0,2,4,1.437,DRAFT_PREFIX_LONG,C:/hades/Hecton8/Docs/Lore/AppliedContent/packets/RS081_COLONY_ANCHOR_WORKER_DOSSIERS.packets.json
RS081_COLONY_ANCHOR_WORKER_DOSSIERS,P404_SAHANA_IQBAL_TRIAGE_MECHANIC_DOSSIER,ko_KR,field_note,104,729.4,561.68,80.64,560.0,2,3,1.693,DRAFT_PREFIX_LONG,C:/hades/Hecton8/Docs/Lore/AppliedContent/packets/RS081_COLONY_ANCHOR_WORKER_DOSSIERS.packets.json
RS081_COLONY_ANCHOR_WORKER_DOSSIERS,P404_SAHANA_IQBAL_TRIAGE_MECHANIC_DOSSIER,he_IL,title,79,722.52,332.64,103.68,360.0,3,1,2.133,TEXT_OVERFLOW_LINES;TEXT_EXPANSION_GT_1_35;DRAFT_PREFIX_LONG,C:/hades/Hecton8/Docs/Lore/AppliedContent/packets/RS081_COLONY_ANCHOR_WORKER_DOSSIERS.packets.json
RS081_COLONY_ANCHOR_WORKER_DOSSIERS,P404_SAHANA_IQBAL_TRIAGE_MECHANIC_DOSSIER,he_IL,scanner,145,1178.88,421.44,92.16,460.0,3,2,1.407,TEXT_OVERFLOW_LINES;TEXT_EXPANSION_GT_1_35;DRAFT_PREFIX_LONG,C:/hades/Hecton8/Docs/Lore/AppliedContent/packets/RS081_COLONY_ANCHOR_WORKER_DOSSIERS.packets.json
RS081_COLONY_ANCHOR_WORKER_DOSSIERS,P404_SAHANA_IQBAL_TRIAGE_MECHANIC_DOSSIER,he_IL,terminal,181,1422.9,513.6,86.4,520.0,3,2,1.29,TEXT_OVERFLOW_LINES;DRAFT_PREFIX_LONG,C:/hades/Hecton8/Docs/Lore/AppliedContent/packets/RS081_COLONY_ANCHOR_WORKER_DOSSIERS.packets.json
RS081_COLONY_ANCHOR_WORKER_DOSSIERS,P404_SAHANA_IQBAL_TRIAGE_MECHANIC_DOSSIER,he_IL,audio,115,1042.92,577.44,103.68,620.0,2,2,1.582,TEXT_EXPANSION_GT_1_35;DRAFT_PREFIX_LONG,C:/hades/Hecton8/Docs/Lore/AppliedContent/packets/RS081_COLONY_ANCHOR_WORKER_DOSSIERS.packets.json
RS081_COLONY_ANCHOR_WORKER_DOSSIERS,P404_SAHANA_IQBAL_TRIAGE_MECHANIC_DOSSIER,he_IL,in_game_wiki,210,1599.6,594.0,86.4,620.0,3,5,1.25,DRAFT_PREFIX_LONG,C:/hades/Hecton8/Docs/Lore/AppliedContent/packets/RS081_COLONY_ANCHOR_WORKER_DOSSIERS.packets.json
RS081_COLONY_ANCHOR_WORKER_DOSSIERS,P404_SAHANA_IQBAL_TRIAGE_MECHANIC_DOSSIER,he_IL,external_site,137,1122.56,658.56,92.16,680.0,2,4,1.437,DRAFT_PREFIX_LONG,C:/hades/Hecton8/Docs/Lore/AppliedContent/packets/RS081_COLONY_ANCHOR_WORKER_DOSSIERS.packets.json
RS081_COLONY_ANCHOR_WORKER_DOSSIERS,P404_SAHANA_IQBAL_TRIAGE_MECHANIC_DOSSIER,he_IL,field_note,104,729.4,561.68,80.64,560.0,2,3,1.693,DRAFT_PREFIX_LONG,C:/hades/Hecton8/Docs/Lore/AppliedContent/packets/RS081_COLONY_ANCHOR_WORKER_DOSSIERS.packets.json
RS081_COLONY_ANCHOR_WORKER_DOSSIERS,P404_SAHANA_IQBAL_TRIAGE_MECHANIC_DOSSIER,pt_BR,title,79,722.52,332.64,103.68,360.0,3,1,2.133,TEXT_OVERFLOW_LINES;TEXT_EXPANSION_GT_1_35;DRAFT_PREFIX_LONG,C:/hades/Hecton8/Docs/Lore/AppliedContent/packets/RS081_COLONY_ANCHOR_WORKER_DOSSIERS.packets.json
RS081_COLONY_ANCHOR_WORKER_DOSSIERS,P404_SAHANA_IQBAL_TRIAGE_MECHANIC_DOSSIER,pt_BR,scanner,145,1178.88,421.44,92.16,460.0,3,2,1.407,TEXT_OVERFLOW_LINES;TEXT_EXPANSION_GT_1_35;DRAFT_PREFIX_LONG,C:/hades/Hecton8/Docs/Lore/AppliedContent/packets/RS081_COLONY_ANCHOR_WORKER_DOSSIERS.packets.json
RS081_COLONY_ANCHOR_WORKER_DOSSIERS,P404_SAHANA_IQBAL_TRIAGE_MECHANIC_DOSSIER,pt_BR,terminal,181,1422.9,513.6,86.4,520.0,3,2,1.29,TEXT_OVERFLOW_LINES;DRAFT_PREFIX_LONG,C:/hades/Hecton8/Docs/Lore/AppliedContent/packets/RS081_COLONY_ANCHOR_WORKER_DOSSIERS.packets.json
RS081_COLONY_ANCHOR_WORKER_DOSSIERS,P404_SAHANA_IQBAL_TRIAGE_MECHANIC_DOSSIER,pt_BR,audio,115,1042.92,577.44,103.68,620.0,2,2,1.582,TEXT_EXPANSION_GT_1_35;DRAFT_PREFIX_LONG,C:/hades/Hecton8/Docs/Lore/AppliedContent/packets/RS081_COLONY_ANCHOR_WORKER_DOSSIERS.packets.json
RS081_COLONY_ANCHOR_WORKER_DOSSIERS,P404_SAHANA_IQBAL_TRIAGE_MECHANIC_DOSSIER,pt_BR,in_game_wiki,210,1599.6,594.0,86.4,620.0,3,5,1.25,DRAFT_PREFIX_LONG,C:/hades/Hecton8/Docs/Lore/AppliedContent/packets/RS081_COLONY_ANCHOR_WORKER_DOSSIERS.packets.json
RS081_COLONY_ANCHOR_WORKER_DOSSIERS,P404_SAHANA_IQBAL_TRIAGE_MECHANIC_DOSSIER,pt_BR,external_site,137,1122.56,658.56,92.16,680.0,2,4,1.437,DRAFT_PREFIX_LONG,C:/hades/Hecton8/Docs/Lore/AppliedContent/packets/RS081_COLONY_ANCHOR_WORKER_DOSSIERS.packets.json
RS081_COLONY_ANCHOR_WORKER_DOSSIERS,P404_SAHANA_IQBAL_TRIAGE_MECHANIC_DOSSIER,pt_BR,field_note,104,729.4,561.68,80.64,560.0,2,3,1.693,DRAFT_PREFIX_LONG,C:/hades/Hecton8/Docs/Lore/AppliedContent/packets/RS081_COLONY_ANCHOR_WORKER_DOSSIERS.packets.json
RS081_COLONY_ANCHOR_WORKER_DOSSIERS,P404_SAHANA_IQBAL_TRIAGE_MECHANIC_DOSSIER,nl_NL,title,79,722.52,332.64,103.68,360.0,3,1,2.133,TEXT_OVERFLOW_LINES;TEXT_EXPANSION_GT_1_35;DRAFT_PREFIX_LONG,C:/hades/Hecton8/Docs/Lore/AppliedContent/packets/RS081_COLONY_ANCHOR_WORKER_DOSSIERS.packets.json
RS081_COLONY_ANCHOR_WORKER_DOSSIERS,P404_SAHANA_IQBAL_TRIAGE_MECHANIC_DOSSIER,nl_NL,scanner,145,1178.88,421.44,92.16,460.0,3,2,1.407,TEXT_OVERFLOW_LINES;TEXT_EXPANSION_GT_1_35;DRAFT_PREFIX_LONG,C:/hades/Hecton8/Docs/Lore/AppliedContent/packets/RS081_COLONY_ANCHOR_WORKER_DOSSIERS.packets.json
RS081_COLONY_ANCHOR_WORKER_DOSSIERS,P404_SAHANA_IQBAL_TRIAGE_MECHANIC_DOSSIER,nl_NL,terminal,181,1422.9,513.6,86.4,520.0,3,2,1.29,TEXT_OVERFLOW_LINES;DRAFT_PREFIX_LONG,C:/hades/Hecton8/Docs/Lore/AppliedContent/packets/RS081_COLONY_ANCHOR_WORKER_DOSSIERS.packets.json
RS081_COLONY_ANCHOR_WORKER_DOSSIERS,P404_SAHANA_IQBAL_TRIAGE_MECHANIC_DOSSIER,nl_NL,audio,115,1042.92,577.44,103.68,620.0,2,2,1.582,TEXT_EXPANSION_GT_1_35;DRAFT_PREFIX_LONG,C:/hades/Hecton8/Docs/Lore/AppliedContent/packets/RS081_COLONY_ANCHOR_WORKER_DOSSIERS.packets.json
RS081_COLONY_ANCHOR_WORKER_DOSSIERS,P404_SAHANA_IQBAL_TRIAGE_MECHANIC_DOSSIER,nl_NL,in_game_wiki,210,1599.6,594.0,86.4,620.0,3,5,1.25,DRAFT_PREFIX_LONG,C:/hades/Hecton8/Docs/Lore/AppliedContent/packets/RS081_COLONY_ANCHOR_WORKER_DOSSIERS.packets.json
RS081_COLONY_ANCHOR_WORKER_DOSSIERS,P404_SAHANA_IQBAL_TRIAGE_MECHANIC_DOSSIER,nl_NL,external_site,137,1122.56,658.56,92.16,680.0,2,4,1.437,DRAFT_PREFIX_LONG,C:/hades/Hecton8/Docs/Lore/AppliedContent/packets/RS081_COLONY_ANCHOR_WORKER_DOSSIERS.packets.json
RS081_COLONY_ANCHOR_WORKER_DOSSIERS,P404_SAHANA_IQBAL_TRIAGE_MECHANIC_DOSSIER,nl_NL,field_note,104,729.4,561.68,80.64,560.0,2,3,1.693,DRAFT_PREFIX_LONG,C:/hades/Hecton8/Docs/Lore/AppliedContent/packets/RS081_COLONY_ANCHOR_WORKER_DOSSIERS.packets.json
RS081_COLONY_ANCHOR_WORKER_DOSSIERS,P405_LIAN_TORRES_VENT_FORGE_OPERATOR_DOSSIER,en_US,title,39,375.48,307.44,82.44,360.0,2,1,1.0,TEXT_OVERFLOW_LINES,C:/hades/Hecton8/Docs/Lore/AppliedContent/packets/RS081_COLONY_ANCHOR_WORKER_DOSSIERS.packets.json
RS081_COLONY_ANCHOR_WORKER_DOSSIERS,P405_LIAN_TORRES_VENT_FORGE_OPERATOR_DOSSIER,en_US,scanner,104,844.16,441.6,118.08,460.0,2,2,1.0,,C:/hades/Hecton8/Docs/Lore/AppliedContent/packets/RS081_COLONY_ANCHOR_WORKER_DOSSIERS.packets.json
RS081_COLONY_ANCHOR_WORKER_DOSSIERS,P405_LIAN_TORRES_VENT_FORGE_OPERATOR_DOSSIER,en_US,terminal,149,1197.3,521.4,83.1,520.0,3,2,1.0,TEXT_OVERFLOW_LINES,C:/hades/Hecton8/Docs/Lore/AppliedContent/packets/RS081_COLONY_ANCHOR_WORKER_DOSSIERS.packets.json
RS081_COLONY_ANCHOR_WORKER_DOSSIERS,P405_LIAN_TORRES_VENT_FORGE_OPERATOR_DOSSIER,en_US,audio,67,598.68,598.68,72.0,620.0,1,2,1.0,,C:/hades/Hecton8/Docs/Lore/AppliedContent/packets/RS081_COLONY_ANCHOR_WORKER_DOSSIERS.packets.json
RS081_COLONY_ANCHOR_WORKER_DOSSIERS,P405_LIAN_TORRES_VENT_FORGE_OPERATOR_DOSSIER,en_US,in_game_wiki,185,1437.0,598.5,84.3,620.0,3,5,1.0,,C:/hades/Hecton8/Docs/Lore/AppliedContent/packets/RS081_COLONY_ANCHOR_WORKER_DOSSIERS.packets.json
RS081_COLONY_ANCHOR_WORKER_DOSSIERS,P405_LIAN_TORRES_VENT_FORGE_OPERATOR_DOSSIER,en_US,external_site,108,878.72,677.12,150.4,680.0,2,4,1.0,,C:/hades/Hecton8/Docs/Lore/AppliedContent/packets/RS081_COLONY_ANCHOR_WORKER_DOSSIERS.packets.json
RS081_COLONY_ANCHOR_WORKER_DOSSIERS,P405_LIAN_TORRES_VENT_FORGE_OPERATOR_DOSSIER,en_US,field_note,53,371.28,371.28,103.32,560.0,1,3,1.0,,C:/hades/Hecton8/Docs/Lore/AppliedContent/packets/RS081_COLONY_ANCHOR_WORKER_DOSSIERS.packets.json
RS081_COLONY_ANCHOR_WORKER_DOSSIERS,P405_LIAN_TORRES_VENT_FORGE_OPERATOR_DOSSIER,ru_RU,title,41,403.92,303.84,100.08,360.0,2,1,1.076,TEXT_OVERFLOW_LINES,C:/hades/Hecton8/Docs/Lore/AppliedContent/packets/RS081_COLONY_ANCHOR_WORKER_DOSSIERS.packets.json
RS081_COLONY_ANCHOR_WORKER_DOSSIERS,P405_LIAN_TORRES_VENT_FORGE_OPERATOR_DOSSIER,ru_RU,scanner,127,1100.48,444.16,157.76,460.0,3,2,1.304,TEXT_OVERFLOW_LINES,C:/hades/Hecton8/Docs/Lore/AppliedContent/packets/RS081_COLONY_ANCHOR_WORKER_DOSSIERS.packets.json
RS081_COLONY_ANCHOR_WORKER_DOSSIERS,P405_LIAN_TORRES_VENT_FORGE_OPERATOR_DOSSIER,ru_RU,terminal,150,1231.8,501.9,95.4,520.0,3,2,1.029,TEXT_OVERFLOW_LINES,C:/hades/Hecton8/Docs/Lore/AppliedContent/packets/RS081_COLONY_ANCHOR_WORKER_DOSSIERS.packets.json
RS081_COLONY_ANCHOR_WORKER_DOSSIERS,P405_LIAN_TORRES_VENT_FORGE_OPERATOR_DOSSIER,ru_RU,audio,63,608.4,608.4,98.64,620.0,1,2,1.016,,C:/hades/Hecton8/Docs/Lore/AppliedContent/packets/RS081_COLONY_ANCHOR_WORKER_DOSSIERS.packets.json
RS081_COLONY_ANCHOR_WORKER_DOSSIERS,P405_LIAN_TORRES_VENT_FORGE_OPERATOR_DOSSIER,ru_RU,in_game_wiki,156,1272.9,583.2,121.8,620.0,3,5,0.886,,C:/hades/Hecton8/Docs/Lore/AppliedContent/packets/RS081_COLONY_ANCHOR_WORKER_DOSSIERS.packets.json
RS081_COLONY_ANCHOR_WORKER_DOSSIERS,P405_LIAN_TORRES_VENT_FORGE_OPERATOR_DOSSIER,ru_RU,external_site,106,902.4,640.32,92.8,680.0,2,4,1.027,,C:/hades/Hecton8/Docs/Lore/AppliedContent/packets/RS081_COLONY_ANCHOR_WORKER_DOSSIERS.packets.json
RS081_COLONY_ANCHOR_WORKER_DOSSIERS,P405_LIAN_TORRES_VENT_FORGE_OPERATOR_DOSSIER,ru_RU,field_note,56,424.2,424.2,77.84,560.0,1,3,1.143,,C:/hades/Hecton8/Docs/Lore/AppliedContent/packets/RS081_COLONY_ANCHOR_WORKER_DOSSIERS.packets.json
RS081_COLONY_ANCHOR_WORKER_DOSSIERS,P405_LIAN_TORRES_VENT_FORGE_OPERATOR_DOSSIER,ja_JP,title,82,759.24,358.56,103.68,360.0,3,1,2.022,TEXT_OVERFLOW_LINES;TEXT_EXPANSION_GT_1_35;DRAFT_PREFIX_LONG,C:/hades/Hecton8/Docs/Lore/AppliedContent/packets/RS081_COLONY_ANCHOR_WORKER_DOSSIERS.packets.json
RS081_COLONY_ANCHOR_WORKER_DOSSIERS,P405_LIAN_TORRES_VENT_FORGE_OPERATOR_DOSSIER,ja_JP,scanner,147,1185.28,413.12,118.08,460.0,3,2,1.404,TEXT_OVERFLOW_LINES;TEXT_EXPANSION_GT_1_35;DRAFT_PREFIX_LONG,C:/hades/Hecton8/Docs/Lore/AppliedContent/packets/RS081_COLONY_ANCHOR_WORKER_DOSSIERS.packets.json
RS081_COLONY_ANCHOR_WORKER_DOSSIERS,P405_LIAN_TORRES_VENT_FORGE_OPERATOR_DOSSIER,ja_JP,terminal,192,1517.1,513.6,86.4,520.0,4,2,1.267,TEXT_OVERFLOW_LINES;DRAFT_PREFIX_LONG,C:/hades/Hecton8/Docs/Lore/AppliedContent/packets/RS081_COLONY_ANCHOR_WORKER_DOSSIERS.packets.json
RS081_COLONY_ANCHOR_WORKER_DOSSIERS,P405_LIAN_TORRES_VENT_FORGE_OPERATOR_DOSSIER,ja_JP,audio,110,982.44,560.16,103.68,620.0,2,2,1.641,TEXT_EXPANSION_GT_1_35;DRAFT_PREFIX_LONG,C:/hades/Hecton8/Docs/Lore/AppliedContent/packets/RS081_COLONY_ANCHOR_WORKER_DOSSIERS.packets.json
RS081_COLONY_ANCHOR_WORKER_DOSSIERS,P405_LIAN_TORRES_VENT_FORGE_OPERATOR_DOSSIER,ja_JP,in_game_wiki,228,1756.8,605.1,86.4,620.0,3,5,1.223,DRAFT_PREFIX_LONG,C:/hades/Hecton8/Docs/Lore/AppliedContent/packets/RS081_COLONY_ANCHOR_WORKER_DOSSIERS.packets.json
RS081_COLONY_ANCHOR_WORKER_DOSSIERS,P405_LIAN_TORRES_VENT_FORGE_OPERATOR_DOSSIER,ja_JP,external_site,151,1219.84,664.96,150.4,680.0,2,4,1.388,DRAFT_PREFIX_LONG,C:/hades/Hecton8/Docs/Lore/AppliedContent/packets/RS081_COLONY_ANCHOR_WORKER_DOSSIERS.packets.json
RS081_COLONY_ANCHOR_WORKER_DOSSIERS,P405_LIAN_TORRES_VENT_FORGE_OPERATOR_DOSSIER,ja_JP,field_note,96,669.76,458.08,103.32,560.0,2,3,1.804,DRAFT_PREFIX_LONG,C:/hades/Hecton8/Docs/Lore/AppliedContent/packets/RS081_COLONY_ANCHOR_WORKER_DOSSIERS.packets.json
RS081_COLONY_ANCHOR_WORKER_DOSSIERS,P405_LIAN_TORRES_VENT_FORGE_OPERATOR_DOSSIER,zh_CN,title,82,759.24,358.56,103.68,360.0,3,1,2.022,TEXT_OVERFLOW_LINES;TEXT_EXPANSION_GT_1_35;DRAFT_PREFIX_LONG,C:/hades/Hecton8/Docs/Lore/AppliedContent/packets/RS081_COLONY_ANCHOR_WORKER_DOSSIERS.packets.json
RS081_COLONY_ANCHOR_WORKER_DOSSIERS,P405_LIAN_TORRES_VENT_FORGE_OPERATOR_DOSSIER,zh_CN,scanner,147,1185.28,413.12,118.08,460.0,3,2,1.404,TEXT_OVERFLOW_LINES;TEXT_EXPANSION_GT_1_35;DRAFT_PREFIX_LONG,C:/hades/Hecton8/Docs/Lore/AppliedContent/packets/RS081_COLONY_ANCHOR_WORKER_DOSSIERS.packets.json
RS081_COLONY_ANCHOR_WORKER_DOSSIERS,P405_LIAN_TORRES_VENT_FORGE_OPERATOR_DOSSIER,zh_CN,terminal,192,1517.1,513.6,86.4,520.0,4,2,1.267,TEXT_OVERFLOW_LINES;DRAFT_PREFIX_LONG,C:/hades/Hecton8/Docs/Lore/AppliedContent/packets/RS081_COLONY_ANCHOR_WORKER_DOSSIERS.packets.json
RS081_COLONY_ANCHOR_WORKER_DOSSIERS,P405_LIAN_TORRES_VENT_FORGE_OPERATOR_DOSSIER,zh_CN,audio,110,982.44,560.16,103.68,620.0,2,2,1.641,TEXT_EXPANSION_GT_1_35;DRAFT_PREFIX_LONG,C:/hades/Hecton8/Docs/Lore/AppliedContent/packets/RS081_COLONY_ANCHOR_WORKER_DOSSIERS.packets.json
RS081_COLONY_ANCHOR_WORKER_DOSSIERS,P405_LIAN_TORRES_VENT_FORGE_OPERATOR_DOSSIER,zh_CN,in_game_wiki,228,1756.8,605.1,86.4,620.0,3,5,1.223,DRAFT_PREFIX_LONG,C:/hades/Hecton8/Docs/Lore/AppliedContent/packets/RS081_COLONY_ANCHOR_WORKER_DOSSIERS.packets.json
RS081_COLONY_ANCHOR_WORKER_DOSSIERS,P405_LIAN_TORRES_VENT_FORGE_OPERATOR_DOSSIER,zh_CN,external_site,151,1219.84,664.96,150.4,680.0,2,4,1.388,DRAFT_PREFIX_LONG,C:/hades/Hecton8/Docs/Lore/AppliedContent/packets/RS081_COLONY_ANCHOR_WORKER_DOSSIERS.packets.json
RS081_COLONY_ANCHOR_WORKER_DOSSIERS,P405_LIAN_TORRES_VENT_FORGE_OPERATOR_DOSSIER,zh_CN,field_note,96,669.76,458.08,103.32,560.0,2,3,1.804,DRAFT_PREFIX_LONG,C:/hades/Hecton8/Docs/Lore/AppliedContent/packets/RS081_COLONY_ANCHOR_WORKER_DOSSIERS.packets.json
RS081_COLONY_ANCHOR_WORKER_DOSSIERS,P405_LIAN_TORRES_VENT_FORGE_OPERATOR_DOSSIER,fr_FR,title,82,759.24,358.56,103.68,360.0,3,1,2.022,TEXT_OVERFLOW_LINES;TEXT_EXPANSION_GT_1_35;DRAFT_PREFIX_LONG,C:/hades/Hecton8/Docs/Lore/AppliedContent/packets/RS081_COLONY_ANCHOR_WORKER_DOSSIERS.packets.json
RS081_COLONY_ANCHOR_WORKER_DOSSIERS,P405_LIAN_TORRES_VENT_FORGE_OPERATOR_DOSSIER,fr_FR,scanner,147,1185.28,413.12,118.08,460.0,3,2,1.404,TEXT_OVERFLOW_LINES;TEXT_EXPANSION_GT_1_35;DRAFT_PREFIX_LONG,C:/hades/Hecton8/Docs/Lore/AppliedContent/packets/RS081_COLONY_ANCHOR_WORKER_DOSSIERS.packets.json
RS081_COLONY_ANCHOR_WORKER_DOSSIERS,P405_LIAN_TORRES_VENT_FORGE_OPERATOR_DOSSIER,fr_FR,terminal,192,1517.1,513.6,86.4,520.0,4,2,1.267,TEXT_OVERFLOW_LINES;DRAFT_PREFIX_LONG,C:/hades/Hecton8/Docs/Lore/AppliedContent/packets/RS081_COLONY_ANCHOR_WORKER_DOSSIERS.packets.json
RS081_COLONY_ANCHOR_WORKER_DOSSIERS,P405_LIAN_TORRES_VENT_FORGE_OPERATOR_DOSSIER,fr_FR,audio,110,982.44,560.16,103.68,620.0,2,2,1.641,TEXT_EXPANSION_GT_1_35;DRAFT_PREFIX_LONG,C:/hades/Hecton8/Docs/Lore/AppliedContent/packets/RS081_COLONY_ANCHOR_WORKER_DOSSIERS.packets.json
RS081_COLONY_ANCHOR_WORKER_DOSSIERS,P405_LIAN_TORRES_VENT_FORGE_OPERATOR_DOSSIER,fr_FR,in_game_wiki,228,1756.8,605.1,86.4,620.0,3,5,1.223,DRAFT_PREFIX_LONG,C:/hades/Hecton8/Docs/Lore/AppliedContent/packets/RS081_COLONY_ANCHOR_WORKER_DOSSIERS.packets.json
RS081_COLONY_ANCHOR_WORKER_DOSSIERS,P405_LIAN_TORRES_VENT_FORGE_OPERATOR_DOSSIER,fr_FR,external_site,151,1219.84,664.96,150.4,680.0,2,4,1.388,DRAFT_PREFIX_LONG,C:/hades/Hecton8/Docs/Lore/AppliedContent/packets/RS081_COLONY_ANCHOR_WORKER_DOSSIERS.packets.json
RS081_COLONY_ANCHOR_WORKER_DOSSIERS,P405_LIAN_TORRES_VENT_FORGE_OPERATOR_DOSSIER,fr_FR,field_note,96,669.76,458.08,103.32,560.0,2,3,1.804,DRAFT_PREFIX_LONG,C:/hades/Hecton8/Docs/Lore/AppliedContent/packets/RS081_COLONY_ANCHOR_WORKER_DOSSIERS.packets.json
RS081_COLONY_ANCHOR_WORKER_DOSSIERS,P405_LIAN_TORRES_VENT_FORGE_OPERATOR_DOSSIER,es_ES,title,82,759.24,358.56,103.68,360.0,3,1,2.022,TEXT_OVERFLOW_LINES;TEXT_EXPANSION_GT_1_35;DRAFT_PREFIX_LONG,C:/hades/Hecton8/Docs/Lore/AppliedContent/packets/RS081_COLONY_ANCHOR_WORKER_DOSSIERS.packets.json
RS081_COLONY_ANCHOR_WORKER_DOSSIERS,P405_LIAN_TORRES_VENT_FORGE_OPERATOR_DOSSIER,es_ES,scanner,147,1185.28,413.12,118.08,460.0,3,2,1.404,TEXT_OVERFLOW_LINES;TEXT_EXPANSION_GT_1_35;DRAFT_PREFIX_LONG,C:/hades/Hecton8/Docs/Lore/AppliedContent/packets/RS081_COLONY_ANCHOR_WORKER_DOSSIERS.packets.json
RS081_COLONY_ANCHOR_WORKER_DOSSIERS,P405_LIAN_TORRES_VENT_FORGE_OPERATOR_DOSSIER,es_ES,terminal,192,1517.1,513.6,86.4,520.0,4,2,1.267,TEXT_OVERFLOW_LINES;DRAFT_PREFIX_LONG,C:/hades/Hecton8/Docs/Lore/AppliedContent/packets/RS081_COLONY_ANCHOR_WORKER_DOSSIERS.packets.json
RS081_COLONY_ANCHOR_WORKER_DOSSIERS,P405_LIAN_TORRES_VENT_FORGE_OPERATOR_DOSSIER,es_ES,audio,110,982.44,560.16,103.68,620.0,2,2,1.641,TEXT_EXPANSION_GT_1_35;DRAFT_PREFIX_LONG,C:/hades/Hecton8/Docs/Lore/AppliedContent/packets/RS081_COLONY_ANCHOR_WORKER_DOSSIERS.packets.json
RS081_COLONY_ANCHOR_WORKER_DOSSIERS,P405_LIAN_TORRES_VENT_FORGE_OPERATOR_DOSSIER,es_ES,in_game_wiki,228,1756.8,605.1,86.4,620.0,3,5,1.223,DRAFT_PREFIX_LONG,C:/hades/Hecton8/Docs/Lore/AppliedContent/packets/RS081_COLONY_ANCHOR_WORKER_DOSSIERS.packets.json
RS081_COLONY_ANCHOR_WORKER_DOSSIERS,P405_LIAN_TORRES_VENT_FORGE_OPERATOR_DOSSIER,es_ES,external_site,151,1219.84,664.96,150.4,680.0,2,4,1.388,DRAFT_PREFIX_LONG,C:/hades/Hecton8/Docs/Lore/AppliedContent/packets/RS081_COLONY_ANCHOR_WORKER_DOSSIERS.packets.json
RS081_COLONY_ANCHOR_WORKER_DOSSIERS,P405_LIAN_TORRES_VENT_FORGE_OPERATOR_DOSSIER,es_ES,field_note,96,669.76,458.08,103.32,560.0,2,3,1.804,DRAFT_PREFIX_LONG,C:/hades/Hecton8/Docs/Lore/AppliedContent/packets/RS081_COLONY_ANCHOR_WORKER_DOSSIERS.packets.json
RS081_COLONY_ANCHOR_WORKER_DOSSIERS,P405_LIAN_TORRES_VENT_FORGE_OPERATOR_DOSSIER,de_DE,title,82,759.24,358.56,103.68,360.0,3,1,2.022,TEXT_OVERFLOW_LINES;TEXT_EXPANSION_GT_1_35;DRAFT_PREFIX_LONG,C:/hades/Hecton8/Docs/Lore/AppliedContent/packets/RS081_COLONY_ANCHOR_WORKER_DOSSIERS.packets.json
RS081_COLONY_ANCHOR_WORKER_DOSSIERS,P405_LIAN_TORRES_VENT_FORGE_OPERATOR_DOSSIER,de_DE,scanner,147,1185.28,413.12,118.08,460.0,3,2,1.404,TEXT_OVERFLOW_LINES;TEXT_EXPANSION_GT_1_35;DRAFT_PREFIX_LONG,C:/hades/Hecton8/Docs/Lore/AppliedContent/packets/RS081_COLONY_ANCHOR_WORKER_DOSSIERS.packets.json
RS081_COLONY_ANCHOR_WORKER_DOSSIERS,P405_LIAN_TORRES_VENT_FORGE_OPERATOR_DOSSIER,de_DE,terminal,192,1517.1,513.6,86.4,520.0,4,2,1.267,TEXT_OVERFLOW_LINES;DRAFT_PREFIX_LONG,C:/hades/Hecton8/Docs/Lore/AppliedContent/packets/RS081_COLONY_ANCHOR_WORKER_DOSSIERS.packets.json
RS081_COLONY_ANCHOR_WORKER_DOSSIERS,P405_LIAN_TORRES_VENT_FORGE_OPERATOR_DOSSIER,de_DE,audio,110,982.44,560.16,103.68,620.0,2,2,1.641,TEXT_EXPANSION_GT_1_35;DRAFT_PREFIX_LONG,C:/hades/Hecton8/Docs/Lore/AppliedContent/packets/RS081_COLONY_ANCHOR_WORKER_DOSSIERS.packets.json
RS081_COLONY_ANCHOR_WORKER_DOSSIERS,P405_LIAN_TORRES_VENT_FORGE_OPERATOR_DOSSIER,de_DE,in_game_wiki,228,1756.8,605.1,86.4,620.0,3,5,1.223,DRAFT_PREFIX_LONG,C:/hades/Hecton8/Docs/Lore/AppliedContent/packets/RS081_COLONY_ANCHOR_WORKER_DOSSIERS.packets.json
RS081_COLONY_ANCHOR_WORKER_DOSSIERS,P405_LIAN_TORRES_VENT_FORGE_OPERATOR_DOSSIER,de_DE,external_site,151,1219.84,664.96,150.4,680.0,2,4,1.388,DRAFT_PREFIX_LONG,C:/hades/Hecton8/Docs/Lore/AppliedContent/packets/RS081_COLONY_ANCHOR_WORKER_DOSSIERS.packets.json
RS081_COLONY_ANCHOR_WORKER_DOSSIERS,P405_LIAN_TORRES_VENT_FORGE_OPERATOR_DOSSIER,de_DE,field_note,96,669.76,458.08,103.32,560.0,2,3,1.804,DRAFT_PREFIX_LONG,C:/hades/Hecton8/Docs/Lore/AppliedContent/packets/RS081_COLONY_ANCHOR_WORKER_DOSSIERS.packets.json
RS081_COLONY_ANCHOR_WORKER_DOSSIERS,P405_LIAN_TORRES_VENT_FORGE_OPERATOR_DOSSIER,pl_PL,title,82,759.24,358.56,103.68,360.0,3,1,2.022,TEXT_OVERFLOW_LINES;TEXT_EXPANSION_GT_1_35;DRAFT_PREFIX_LONG,C:/hades/Hecton8/Docs/Lore/AppliedContent/packets/RS081_COLONY_ANCHOR_WORKER_DOSSIERS.packets.json
RS081_COLONY_ANCHOR_WORKER_DOSSIERS,P405_LIAN_TORRES_VENT_FORGE_OPERATOR_DOSSIER,pl_PL,scanner,147,1185.28,413.12,118.08,460.0,3,2,1.404,TEXT_OVERFLOW_LINES;TEXT_EXPANSION_GT_1_35;DRAFT_PREFIX_LONG,C:/hades/Hecton8/Docs/Lore/AppliedContent/packets/RS081_COLONY_ANCHOR_WORKER_DOSSIERS.packets.json
RS081_COLONY_ANCHOR_WORKER_DOSSIERS,P405_LIAN_TORRES_VENT_FORGE_OPERATOR_DOSSIER,pl_PL,terminal,192,1517.1,513.6,86.4,520.0,4,2,1.267,TEXT_OVERFLOW_LINES;DRAFT_PREFIX_LONG,C:/hades/Hecton8/Docs/Lore/AppliedContent/packets/RS081_COLONY_ANCHOR_WORKER_DOSSIERS.packets.json
RS081_COLONY_ANCHOR_WORKER_DOSSIERS,P405_LIAN_TORRES_VENT_FORGE_OPERATOR_DOSSIER,pl_PL,audio,110,982.44,560.16,103.68,620.0,2,2,1.641,TEXT_EXPANSION_GT_1_35;DRAFT_PREFIX_LONG,C:/hades/Hecton8/Docs/Lore/AppliedContent/packets/RS081_COLONY_ANCHOR_WORKER_DOSSIERS.packets.json
RS081_COLONY_ANCHOR_WORKER_DOSSIERS,P405_LIAN_TORRES_VENT_FORGE_OPERATOR_DOSSIER,pl_PL,in_game_wiki,228,1756.8,605.1,86.4,620.0,3,5,1.223,DRAFT_PREFIX_LONG,C:/hades/Hecton8/Docs/Lore/AppliedContent/packets/RS081_COLONY_ANCHOR_WORKER_DOSSIERS.packets.json
RS081_COLONY_ANCHOR_WORKER_DOSSIERS,P405_LIAN_TORRES_VENT_FORGE_OPERATOR_DOSSIER,pl_PL,external_site,151,1219.84,664.96,150.4,680.0,2,4,1.388,DRAFT_PREFIX_LONG,C:/hades/Hecton8/Docs/Lore/AppliedContent/packets/RS081_COLONY_ANCHOR_WORKER_DOSSIERS.packets.json
RS081_COLONY_ANCHOR_WORKER_DOSSIERS,P405_LIAN_TORRES_VENT_FORGE_OPERATOR_DOSSIER,pl_PL,field_note,96,669.76,458.08,103.32,560.0,2,3,1.804,DRAFT_PREFIX_LONG,C:/hades/Hecton8/Docs/Lore/AppliedContent/packets/RS081_COLONY_ANCHOR_WORKER_DOSSIERS.packets.json
RS081_COLONY_ANCHOR_WORKER_DOSSIERS,P405_LIAN_TORRES_VENT_FORGE_OPERATOR_DOSSIER,uk_UA,title,82,759.24,358.56,103.68,360.0,3,1,2.022,TEXT_OVERFLOW_LINES;TEXT_EXPANSION_GT_1_35;DRAFT_PREFIX_LONG,C:/hades/Hecton8/Docs/Lore/AppliedContent/packets/RS081_COLONY_ANCHOR_WORKER_DOSSIERS.packets.json
RS081_COLONY_ANCHOR_WORKER_DOSSIERS,P405_LIAN_TORRES_VENT_FORGE_OPERATOR_DOSSIER,uk_UA,scanner,147,1185.28,413.12,118.08,460.0,3,2,1.404,TEXT_OVERFLOW_LINES;TEXT_EXPANSION_GT_1_35;DRAFT_PREFIX_LONG,C:/hades/Hecton8/Docs/Lore/AppliedContent/packets/RS081_COLONY_ANCHOR_WORKER_DOSSIERS.packets.json
RS081_COLONY_ANCHOR_WORKER_DOSSIERS,P405_LIAN_TORRES_VENT_FORGE_OPERATOR_DOSSIER,uk_UA,terminal,192,1517.1,513.6,86.4,520.0,4,2,1.267,TEXT_OVERFLOW_LINES;DRAFT_PREFIX_LONG,C:/hades/Hecton8/Docs/Lore/AppliedContent/packets/RS081_COLONY_ANCHOR_WORKER_DOSSIERS.packets.json
RS081_COLONY_ANCHOR_WORKER_DOSSIERS,P405_LIAN_TORRES_VENT_FORGE_OPERATOR_DOSSIER,uk_UA,audio,110,982.44,560.16,103.68,620.0,2,2,1.641,TEXT_EXPANSION_GT_1_35;DRAFT_PREFIX_LONG,C:/hades/Hecton8/Docs/Lore/AppliedContent/packets/RS081_COLONY_ANCHOR_WORKER_DOSSIERS.packets.json
RS081_COLONY_ANCHOR_WORKER_DOSSIERS,P405_LIAN_TORRES_VENT_FORGE_OPERATOR_DOSSIER,uk_UA,in_game_wiki,228,1756.8,605.1,86.4,620.0,3,5,1.223,DRAFT_PREFIX_LONG,C:/hades/Hecton8/Docs/Lore/AppliedContent/packets/RS081_COLONY_ANCHOR_WORKER_DOSSIERS.packets.json
RS081_COLONY_ANCHOR_WORKER_DOSSIERS,P405_LIAN_TORRES_VENT_FORGE_OPERATOR_DOSSIER,uk_UA,external_site,151,1219.84,664.96,150.4,680.0,2,4,1.388,DRAFT_PREFIX_LONG,C:/hades/Hecton8/Docs/Lore/AppliedContent/packets/RS081_COLONY_ANCHOR_WORKER_DOSSIERS.packets.json
RS081_COLONY_ANCHOR_WORKER_DOSSIERS,P405_LIAN_TORRES_VENT_FORGE_OPERATOR_DOSSIER,uk_UA,field_note,96,669.76,458.08,103.32,560.0,2,3,1.804,DRAFT_PREFIX_LONG,C:/hades/Hecton8/Docs/Lore/AppliedContent/packets/RS081_COLONY_ANCHOR_WORKER_DOSSIERS.packets.json
RS081_COLONY_ANCHOR_WORKER_DOSSIERS,P405_LIAN_TORRES_VENT_FORGE_OPERATOR_DOSSIER,ar_SA,title,82,759.24,358.56,103.68,360.0,3,1,2.022,TEXT_OVERFLOW_LINES;TEXT_EXPANSION_GT_1_35;DRAFT_PREFIX_LONG,C:/hades/Hecton8/Docs/Lore/AppliedContent/packets/RS081_COLONY_ANCHOR_WORKER_DOSSIERS.packets.json
RS081_COLONY_ANCHOR_WORKER_DOSSIERS,P405_LIAN_TORRES_VENT_FORGE_OPERATOR_DOSSIER,ar_SA,scanner,147,1185.28,413.12,118.08,460.0,3,2,1.404,TEXT_OVERFLOW_LINES;TEXT_EXPANSION_GT_1_35;DRAFT_PREFIX_LONG,C:/hades/Hecton8/Docs/Lore/AppliedContent/packets/RS081_COLONY_ANCHOR_WORKER_DOSSIERS.packets.json
RS081_COLONY_ANCHOR_WORKER_DOSSIERS,P405_LIAN_TORRES_VENT_FORGE_OPERATOR_DOSSIER,ar_SA,terminal,192,1517.1,513.6,86.4,520.0,4,2,1.267,TEXT_OVERFLOW_LINES;DRAFT_PREFIX_LONG,C:/hades/Hecton8/Docs/Lore/AppliedContent/packets/RS081_COLONY_ANCHOR_WORKER_DOSSIERS.packets.json
RS081_COLONY_ANCHOR_WORKER_DOSSIERS,P405_LIAN_TORRES_VENT_FORGE_OPERATOR_DOSSIER,ar_SA,audio,110,982.44,560.16,103.68,620.0,2,2,1.641,TEXT_EXPANSION_GT_1_35;DRAFT_PREFIX_LONG,C:/hades/Hecton8/Docs/Lore/AppliedContent/packets/RS081_COLONY_ANCHOR_WORKER_DOSSIERS.packets.json
RS081_COLONY_ANCHOR_WORKER_DOSSIERS,P405_LIAN_TORRES_VENT_FORGE_OPERATOR_DOSSIER,ar_SA,in_game_wiki,228,1756.8,605.1,86.4,620.0,3,5,1.223,DRAFT_PREFIX_LONG,C:/hades/Hecton8/Docs/Lore/AppliedContent/packets/RS081_COLONY_ANCHOR_WORKER_DOSSIERS.packets.json
RS081_COLONY_ANCHOR_WORKER_DOSSIERS,P405_LIAN_TORRES_VENT_FORGE_OPERATOR_DOSSIER,ar_SA,external_site,151,1219.84,664.96,150.4,680.0,2,4,1.388,DRAFT_PREFIX_LONG,C:/hades/Hecton8/Docs/Lore/AppliedContent/packets/RS081_COLONY_ANCHOR_WORKER_DOSSIERS.packets.json
RS081_COLONY_ANCHOR_WORKER_DOSSIERS,P405_LIAN_TORRES_VENT_FORGE_OPERATOR_DOSSIER,ar_SA,field_note,96,669.76,458.08,103.32,560.0,2,3,1.804,DRAFT_PREFIX_LONG,C:/hades/Hecton8/Docs/Lore/AppliedContent/packets/RS081_COLONY_ANCHOR_WORKER_DOSSIERS.packets.json
RS081_COLONY_ANCHOR_WORKER_DOSSIERS,P405_LIAN_TORRES_VENT_FORGE_OPERATOR_DOSSIER,id_ID,title,82,759.24,358.56,103.68,360.0,3,1,2.022,TEXT_OVERFLOW_LINES;TEXT_EXPANSION_GT_1_35;DRAFT_PREFIX_LONG,C:/hades/Hecton8/Docs/Lore/AppliedContent/packets/RS081_COLONY_ANCHOR_WORKER_DOSSIERS.packets.json
RS081_COLONY_ANCHOR_WORKER_DOSSIERS,P405_LIAN_TORRES_VENT_FORGE_OPERATOR_DOSSIER,id_ID,scanner,147,1185.28,413.12,118.08,460.0,3,2,1.404,TEXT_OVERFLOW_LINES;TEXT_EXPANSION_GT_1_35;DRAFT_PREFIX_LONG,C:/hades/Hecton8/Docs/Lore/AppliedContent/packets/RS081_COLONY_ANCHOR_WORKER_DOSSIERS.packets.json
RS081_COLONY_ANCHOR_WORKER_DOSSIERS,P405_LIAN_TORRES_VENT_FORGE_OPERATOR_DOSSIER,id_ID,terminal,192,1517.1,513.6,86.4,520.0,4,2,1.267,TEXT_OVERFLOW_LINES;DRAFT_PREFIX_LONG,C:/hades/Hecton8/Docs/Lore/AppliedContent/packets/RS081_COLONY_ANCHOR_WORKER_DOSSIERS.packets.json
RS081_COLONY_ANCHOR_WORKER_DOSSIERS,P405_LIAN_TORRES_VENT_FORGE_OPERATOR_DOSSIER,id_ID,audio,110,982.44,560.16,103.68,620.0,2,2,1.641,TEXT_EXPANSION_GT_1_35;DRAFT_PREFIX_LONG,C:/hades/Hecton8/Docs/Lore/AppliedContent/packets/RS081_COLONY_ANCHOR_WORKER_DOSSIERS.packets.json
RS081_COLONY_ANCHOR_WORKER_DOSSIERS,P405_LIAN_TORRES_VENT_FORGE_OPERATOR_DOSSIER,id_ID,in_game_wiki,228,1756.8,605.1,86.4,620.0,3,5,1.223,DRAFT_PREFIX_LONG,C:/hades/Hecton8/Docs/Lore/AppliedContent/packets/RS081_COLONY_ANCHOR_WORKER_DOSSIERS.packets.json
RS081_COLONY_ANCHOR_WORKER_DOSSIERS,P405_LIAN_TORRES_VENT_FORGE_OPERATOR_DOSSIER,id_ID,external_site,151,1219.84,664.96,150.4,680.0,2,4,1.388,DRAFT_PREFIX_LONG,C:/hades/Hecton8/Docs/Lore/AppliedContent/packets/RS081_COLONY_ANCHOR_WORKER_DOSSIERS.packets.json
RS081_COLONY_ANCHOR_WORKER_DOSSIERS,P405_LIAN_TORRES_VENT_FORGE_OPERATOR_DOSSIER,id_ID,field_note,96,669.76,458.08,103.32,560.0,2,3,1.804,DRAFT_PREFIX_LONG,C:/hades/Hecton8/Docs/Lore/AppliedContent/packets/RS081_COLONY_ANCHOR_WORKER_DOSSIERS.packets.json
RS081_COLONY_ANCHOR_WORKER_DOSSIERS,P405_LIAN_TORRES_VENT_FORGE_OPERATOR_DOSSIER,ko_KR,title,82,759.24,358.56,103.68,360.0,3,1,2.022,TEXT_OVERFLOW_LINES;TEXT_EXPANSION_GT_1_35;DRAFT_PREFIX_LONG,C:/hades/Hecton8/Docs/Lore/AppliedContent/packets/RS081_COLONY_ANCHOR_WORKER_DOSSIERS.packets.json
RS081_COLONY_ANCHOR_WORKER_DOSSIERS,P405_LIAN_TORRES_VENT_FORGE_OPERATOR_DOSSIER,ko_KR,scanner,147,1185.28,413.12,118.08,460.0,3,2,1.404,TEXT_OVERFLOW_LINES;TEXT_EXPANSION_GT_1_35;DRAFT_PREFIX_LONG,C:/hades/Hecton8/Docs/Lore/AppliedContent/packets/RS081_COLONY_ANCHOR_WORKER_DOSSIERS.packets.json
RS081_COLONY_ANCHOR_WORKER_DOSSIERS,P405_LIAN_TORRES_VENT_FORGE_OPERATOR_DOSSIER,ko_KR,terminal,192,1517.1,513.6,86.4,520.0,4,2,1.267,TEXT_OVERFLOW_LINES;DRAFT_PREFIX_LONG,C:/hades/Hecton8/Docs/Lore/AppliedContent/packets/RS081_COLONY_ANCHOR_WORKER_DOSSIERS.packets.json
RS081_COLONY_ANCHOR_WORKER_DOSSIERS,P405_LIAN_TORRES_VENT_FORGE_OPERATOR_DOSSIER,ko_KR,audio,110,982.44,560.16,103.68,620.0,2,2,1.641,TEXT_EXPANSION_GT_1_35;DRAFT_PREFIX_LONG,C:/hades/Hecton8/Docs/Lore/AppliedContent/packets/RS081_COLONY_ANCHOR_WORKER_DOSSIERS.packets.json
RS081_COLONY_ANCHOR_WORKER_DOSSIERS,P405_LIAN_TORRES_VENT_FORGE_OPERATOR_DOSSIER,ko_KR,in_game_wiki,228,1756.8,605.1,86.4,620.0,3,5,1.223,DRAFT_PREFIX_LONG,C:/hades/Hecton8/Docs/Lore/AppliedContent/packets/RS081_COLONY_ANCHOR_WORKER_DOSSIERS.packets.json
RS081_COLONY_ANCHOR_WORKER_DOSSIERS,P405_LIAN_TORRES_VENT_FORGE_OPERATOR_DOSSIER,ko_KR,external_site,151,1219.84,664.96,150.4,680.0,2,4,1.388,DRAFT_PREFIX_LONG,C:/hades/Hecton8/Docs/Lore/AppliedContent/packets/RS081_COLONY_ANCHOR_WORKER_DOSSIERS.packets.json
RS081_COLONY_ANCHOR_WORKER_DOSSIERS,P405_LIAN_TORRES_VENT_FORGE_OPERATOR_DOSSIER,ko_KR,field_note,96,669.76,458.08,103.32,560.0,2,3,1.804,DRAFT_PREFIX_LONG,C:/hades/Hecton8/Docs/Lore/AppliedContent/packets/RS081_COLONY_ANCHOR_WORKER_DOSSIERS.packets.json
RS081_COLONY_ANCHOR_WORKER_DOSSIERS,P405_LIAN_TORRES_VENT_FORGE_OPERATOR_DOSSIER,he_IL,title,82,759.24,358.56,103.68,360.0,3,1,2.022,TEXT_OVERFLOW_LINES;TEXT_EXPANSION_GT_1_35;DRAFT_PREFIX_LONG,C:/hades/Hecton8/Docs/Lore/AppliedContent/packets/RS081_COLONY_ANCHOR_WORKER_DOSSIERS.packets.json
RS081_COLONY_ANCHOR_WORKER_DOSSIERS,P405_LIAN_TORRES_VENT_FORGE_OPERATOR_DOSSIER,he_IL,scanner,147,1185.28,413.12,118.08,460.0,3,2,1.404,TEXT_OVERFLOW_LINES;TEXT_EXPANSION_GT_1_35;DRAFT_PREFIX_LONG,C:/hades/Hecton8/Docs/Lore/AppliedContent/packets/RS081_COLONY_ANCHOR_WORKER_DOSSIERS.packets.json
RS081_COLONY_ANCHOR_WORKER_DOSSIERS,P405_LIAN_TORRES_VENT_FORGE_OPERATOR_DOSSIER,he_IL,terminal,192,1517.1,513.6,86.4,520.0,4,2,1.267,TEXT_OVERFLOW_LINES;DRAFT_PREFIX_LONG,C:/hades/Hecton8/Docs/Lore/AppliedContent/packets/RS081_COLONY_ANCHOR_WORKER_DOSSIERS.packets.json
RS081_COLONY_ANCHOR_WORKER_DOSSIERS,P405_LIAN_TORRES_VENT_FORGE_OPERATOR_DOSSIER,he_IL,audio,110,982.44,560.16,103.68,620.0,2,2,1.641,TEXT_EXPANSION_GT_1_35;DRAFT_PREFIX_LONG,C:/hades/Hecton8/Docs/Lore/AppliedContent/packets/RS081_COLONY_ANCHOR_WORKER_DOSSIERS.packets.json
RS081_COLONY_ANCHOR_WORKER_DOSSIERS,P405_LIAN_TORRES_VENT_FORGE_OPERATOR_DOSSIER,he_IL,in_game_wiki,228,1756.8,605.1,86.4,620.0,3,5,1.223,DRAFT_PREFIX_LONG,C:/hades/Hecton8/Docs/Lore/AppliedContent/packets/RS081_COLONY_ANCHOR_WORKER_DOSSIERS.packets.json
RS081_COLONY_ANCHOR_WORKER_DOSSIERS,P405_LIAN_TORRES_VENT_FORGE_OPERATOR_DOSSIER,he_IL,external_site,151,1219.84,664.96,150.4,680.0,2,4,1.388,DRAFT_PREFIX_LONG,C:/hades/Hecton8/Docs/Lore/AppliedContent/packets/RS081_COLONY_ANCHOR_WORKER_DOSSIERS.packets.json
RS081_COLONY_ANCHOR_WORKER_DOSSIERS,P405_LIAN_TORRES_VENT_FORGE_OPERATOR_DOSSIER,he_IL,field_note,96,669.76,458.08,103.32,560.0,2,3,1.804,DRAFT_PREFIX_LONG,C:/hades/Hecton8/Docs/Lore/AppliedContent/packets/RS081_COLONY_ANCHOR_WORKER_DOSSIERS.packets.json
RS081_COLONY_ANCHOR_WORKER_DOSSIERS,P405_LIAN_TORRES_VENT_FORGE_OPERATOR_DOSSIER,pt_BR,title,82,759.24,358.56,103.68,360.0,3,1,2.022,TEXT_OVERFLOW_LINES;TEXT_EXPANSION_GT_1_35;DRAFT_PREFIX_LONG,C:/hades/Hecton8/Docs/Lore/AppliedContent/packets/RS081_COLONY_ANCHOR_WORKER_DOSSIERS.packets.json
RS081_COLONY_ANCHOR_WORKER_DOSSIERS,P405_LIAN_TORRES_VENT_FORGE_OPERATOR_DOSSIER,pt_BR,scanner,147,1185.28,413.12,118.08,460.0,3,2,1.404,TEXT_OVERFLOW_LINES;TEXT_EXPANSION_GT_1_35;DRAFT_PREFIX_LONG,C:/hades/Hecton8/Docs/Lore/AppliedContent/packets/RS081_COLONY_ANCHOR_WORKER_DOSSIERS.packets.json
RS081_COLONY_ANCHOR_WORKER_DOSSIERS,P405_LIAN_TORRES_VENT_FORGE_OPERATOR_DOSSIER,pt_BR,terminal,192,1517.1,513.6,86.4,520.0,4,2,1.267,TEXT_OVERFLOW_LINES;DRAFT_PREFIX_LONG,C:/hades/Hecton8/Docs/Lore/AppliedContent/packets/RS081_COLONY_ANCHOR_WORKER_DOSSIERS.packets.json
RS081_COLONY_ANCHOR_WORKER_DOSSIERS,P405_LIAN_TORRES_VENT_FORGE_OPERATOR_DOSSIER,pt_BR,audio,110,982.44,560.16,103.68,620.0,2,2,1.641,TEXT_EXPANSION_GT_1_35;DRAFT_PREFIX_LONG,C:/hades/Hecton8/Docs/Lore/AppliedContent/packets/RS081_COLONY_ANCHOR_WORKER_DOSSIERS.packets.json
RS081_COLONY_ANCHOR_WORKER_DOSSIERS,P405_LIAN_TORRES_VENT_FORGE_OPERATOR_DOSSIER,pt_BR,in_game_wiki,228,1756.8,605.1,86.4,620.0,3,5,1.223,DRAFT_PREFIX_LONG,C:/hades/Hecton8/Docs/Lore/AppliedContent/packets/RS081_COLONY_ANCHOR_WORKER_DOSSIERS.packets.json
RS081_COLONY_ANCHOR_WORKER_DOSSIERS,P405_LIAN_TORRES_VENT_FORGE_OPERATOR_DOSSIER,pt_BR,external_site,151,1219.84,664.96,150.4,680.0,2,4,1.388,DRAFT_PREFIX_LONG,C:/hades/Hecton8/Docs/Lore/AppliedContent/packets/RS081_COLONY_ANCHOR_WORKER_DOSSIERS.packets.json
RS081_COLONY_ANCHOR_WORKER_DOSSIERS,P405_LIAN_TORRES_VENT_FORGE_OPERATOR_DOSSIER,pt_BR,field_note,96,669.76,458.08,103.32,560.0,2,3,1.804,DRAFT_PREFIX_LONG,C:/hades/Hecton8/Docs/Lore/AppliedContent/packets/RS081_COLONY_ANCHOR_WORKER_DOSSIERS.packets.json
RS081_COLONY_ANCHOR_WORKER_DOSSIERS,P405_LIAN_TORRES_VENT_FORGE_OPERATOR_DOSSIER,nl_NL,title,82,759.24,358.56,103.68,360.0,3,1,2.022,TEXT_OVERFLOW_LINES;TEXT_EXPANSION_GT_1_35;DRAFT_PREFIX_LONG,C:/hades/Hecton8/Docs/Lore/AppliedContent/packets/RS081_COLONY_ANCHOR_WORKER_DOSSIERS.packets.json
RS081_COLONY_ANCHOR_WORKER_DOSSIERS,P405_LIAN_TORRES_VENT_FORGE_OPERATOR_DOSSIER,nl_NL,scanner,147,1185.28,413.12,118.08,460.0,3,2,1.404,TEXT_OVERFLOW_LINES;TEXT_EXPANSION_GT_1_35;DRAFT_PREFIX_LONG,C:/hades/Hecton8/Docs/Lore/AppliedContent/packets/RS081_COLONY_ANCHOR_WORKER_DOSSIERS.packets.json
RS081_COLONY_ANCHOR_WORKER_DOSSIERS,P405_LIAN_TORRES_VENT_FORGE_OPERATOR_DOSSIER,nl_NL,terminal,192,1517.1,513.6,86.4,520.0,4,2,1.267,TEXT_OVERFLOW_LINES;DRAFT_PREFIX_LONG,C:/hades/Hecton8/Docs/Lore/AppliedContent/packets/RS081_COLONY_ANCHOR_WORKER_DOSSIERS.packets.json
RS081_COLONY_ANCHOR_WORKER_DOSSIERS,P405_LIAN_TORRES_VENT_FORGE_OPERATOR_DOSSIER,nl_NL,audio,110,982.44,560.16,103.68,620.0,2,2,1.641,TEXT_EXPANSION_GT_1_35;DRAFT_PREFIX_LONG,C:/hades/Hecton8/Docs/Lore/AppliedContent/packets/RS081_COLONY_ANCHOR_WORKER_DOSSIERS.packets.json
RS081_COLONY_ANCHOR_WORKER_DOSSIERS,P405_LIAN_TORRES_VENT_FORGE_OPERATOR_DOSSIER,nl_NL,in_game_wiki,228,1756.8,605.1,86.4,620.0,3,5,1.223,DRAFT_PREFIX_LONG,C:/hades/Hecton8/Docs/Lore/AppliedContent/packets/RS081_COLONY_ANCHOR_WORKER_DOSSIERS.packets.json
RS081_COLONY_ANCHOR_WORKER_DOSSIERS,P405_LIAN_TORRES_VENT_FORGE_OPERATOR_DOSSIER,nl_NL,external_site,151,1219.84,664.96,150.4,680.0,2,4,1.388,DRAFT_PREFIX_LONG,C:/hades/Hecton8/Docs/Lore/AppliedContent/packets/RS081_COLONY_ANCHOR_WORKER_DOSSIERS.packets.json
RS081_COLONY_ANCHOR_WORKER_DOSSIERS,P405_LIAN_TORRES_VENT_FORGE_OPERATOR_DOSSIER,nl_NL,field_note,96,669.76,458.08,103.32,560.0,2,3,1.804,DRAFT_PREFIX_LONG,C:/hades/Hecton8/Docs/Lore/AppliedContent/packets/RS081_COLONY_ANCHOR_WORKER_DOSSIERS.packets.json
