release_set_id,packet_id,locale,field,chars,estimated_px,max_line_px,max_word_px,bound_px,lines,max_lines,expansion_vs_en,issues,source
RS056_NATIVE_LOCALIZATION_REVIEW_PACK,P276_RU_NATIVE_REVIEW_LOCK,en_US,title,14,140.76,140.76,62.64,360.0,1,1,1.0,,C:/hades/Hecton8/Docs/Lore/AppliedContent/packets/RS056_NATIVE_LOCALIZATION_REVIEW_PACK.packets.json
RS056_NATIVE_LOCALIZATION_REVIEW_PACK,P276_RU_NATIVE_REVIEW_LOCK,en_US,scanner,43,327.68,327.68,67.2,460.0,1,2,1.0,,C:/hades/Hecton8/Docs/Lore/AppliedContent/packets/RS056_NATIVE_LOCALIZATION_REVIEW_PACK.packets.json
RS056_NATIVE_LOCALIZATION_REVIEW_PACK,P276_RU_NATIVE_REVIEW_LOCK,en_US,terminal,77,608.7,525.0,83.7,520.0,2,2,1.0,,C:/hades/Hecton8/Docs/Lore/AppliedContent/packets/RS056_NATIVE_LOCALIZATION_REVIEW_PACK.packets.json
RS056_NATIVE_LOCALIZATION_REVIEW_PACK,P276_RU_NATIVE_REVIEW_LOCK,en_US,audio,31,289.8,289.8,70.92,620.0,1,2,1.0,,C:/hades/Hecton8/Docs/Lore/AppliedContent/packets/RS056_NATIVE_LOCALIZATION_REVIEW_PACK.packets.json
RS056_NATIVE_LOCALIZATION_REVIEW_PACK,P276_RU_NATIVE_REVIEW_LOCK,en_US,in_game_wiki,64,495.0,495.0,56.7,620.0,1,5,1.0,,C:/hades/Hecton8/Docs/Lore/AppliedContent/packets/RS056_NATIVE_LOCALIZATION_REVIEW_PACK.packets.json
RS056_NATIVE_LOCALIZATION_REVIEW_PACK,P276_RU_NATIVE_REVIEW_LOCK,en_US,external_site,110,908.16,679.04,100.48,680.0,2,4,1.0,,C:/hades/Hecton8/Docs/Lore/AppliedContent/packets/RS056_NATIVE_LOCALIZATION_REVIEW_PACK.packets.json
RS056_NATIVE_LOCALIZATION_REVIEW_PACK,P276_RU_NATIVE_REVIEW_LOCK,en_US,field_note,115,819.84,505.12,78.68,560.0,2,3,1.0,,C:/hades/Hecton8/Docs/Lore/AppliedContent/packets/RS056_NATIVE_LOCALIZATION_REVIEW_PACK.packets.json
RS056_NATIVE_LOCALIZATION_REVIEW_PACK,P276_RU_NATIVE_REVIEW_LOCK,ru_RU,title,31,299.16,299.16,123.12,360.0,1,1,2.125,TEXT_EXPANSION_GT_1_35,C:/hades/Hecton8/Docs/Lore/AppliedContent/packets/RS056_NATIVE_LOCALIZATION_REVIEW_PACK.packets.json
RS056_NATIVE_LOCALIZATION_REVIEW_PACK,P276_RU_NATIVE_REVIEW_LOCK,ru_RU,scanner,45,376.96,376.96,84.48,460.0,1,2,1.15,,C:/hades/Hecton8/Docs/Lore/AppliedContent/packets/RS056_NATIVE_LOCALIZATION_REVIEW_PACK.packets.json
RS056_NATIVE_LOCALIZATION_REVIEW_PACK,P276_RU_NATIVE_REVIEW_LOCK,ru_RU,terminal,79,635.4,468.9,82.2,520.0,2,2,1.044,,C:/hades/Hecton8/Docs/Lore/AppliedContent/packets/RS056_NATIVE_LOCALIZATION_REVIEW_PACK.packets.json
RS056_NATIVE_LOCALIZATION_REVIEW_PACK,P276_RU_NATIVE_REVIEW_LOCK,ru_RU,audio,26,253.8,253.8,98.64,620.0,1,2,0.876,,C:/hades/Hecton8/Docs/Lore/AppliedContent/packets/RS056_NATIVE_LOCALIZATION_REVIEW_PACK.packets.json
RS056_NATIVE_LOCALIZATION_REVIEW_PACK,P276_RU_NATIVE_REVIEW_LOCK,ru_RU,in_game_wiki,66,526.5,526.5,102.6,620.0,1,5,1.064,,C:/hades/Hecton8/Docs/Lore/AppliedContent/packets/RS056_NATIVE_LOCALIZATION_REVIEW_PACK.packets.json
RS056_NATIVE_LOCALIZATION_REVIEW_PACK,P276_RU_NATIVE_REVIEW_LOCK,ru_RU,external_site,104,902.08,670.08,111.36,680.0,2,4,0.993,,C:/hades/Hecton8/Docs/Lore/AppliedContent/packets/RS056_NATIVE_LOCALIZATION_REVIEW_PACK.packets.json
RS056_NATIVE_LOCALIZATION_REVIEW_PACK,P276_RU_NATIVE_REVIEW_LOCK,ru_RU,field_note,125,921.48,563.08,105.56,560.0,2,3,1.124,,C:/hades/Hecton8/Docs/Lore/AppliedContent/packets/RS056_NATIVE_LOCALIZATION_REVIEW_PACK.packets.json
RS056_NATIVE_LOCALIZATION_REVIEW_PACK,P276_RU_NATIVE_REVIEW_LOCK,ja_JP,title,27,270.72,270.72,62.64,360.0,1,1,1.923,TEXT_EXPANSION_GT_1_35,C:/hades/Hecton8/Docs/Lore/AppliedContent/packets/RS056_NATIVE_LOCALIZATION_REVIEW_PACK.packets.json
RS056_NATIVE_LOCALIZATION_REVIEW_PACK,P276_RU_NATIVE_REVIEW_LOCK,ja_JP,scanner,56,443.2,443.2,67.2,460.0,1,2,1.353,TEXT_EXPANSION_GT_1_35,C:/hades/Hecton8/Docs/Lore/AppliedContent/packets/RS056_NATIVE_LOCALIZATION_REVIEW_PACK.packets.json
RS056_NATIVE_LOCALIZATION_REVIEW_PACK,P276_RU_NATIVE_REVIEW_LOCK,ja_JP,terminal,90,717.0,503.7,83.7,520.0,2,2,1.178,,C:/hades/Hecton8/Docs/Lore/AppliedContent/packets/RS056_NATIVE_LOCALIZATION_REVIEW_PACK.packets.json
RS056_NATIVE_LOCALIZATION_REVIEW_PACK,P276_RU_NATIVE_REVIEW_LOCK,ja_JP,audio,44,419.76,419.76,70.92,620.0,1,2,1.448,TEXT_EXPANSION_GT_1_35,C:/hades/Hecton8/Docs/Lore/AppliedContent/packets/RS056_NATIVE_LOCALIZATION_REVIEW_PACK.packets.json
RS056_NATIVE_LOCALIZATION_REVIEW_PACK,P276_RU_NATIVE_REVIEW_LOCK,ja_JP,in_game_wiki,77,603.3,603.3,56.7,620.0,1,5,1.219,,C:/hades/Hecton8/Docs/Lore/AppliedContent/packets/RS056_NATIVE_LOCALIZATION_REVIEW_PACK.packets.json
RS056_NATIVE_LOCALIZATION_REVIEW_PACK,P276_RU_NATIVE_REVIEW_LOCK,ja_JP,external_site,123,1023.68,610.24,100.48,680.0,2,4,1.127,,C:/hades/Hecton8/Docs/Lore/AppliedContent/packets/RS056_NATIVE_LOCALIZATION_REVIEW_PACK.packets.json
RS056_NATIVE_LOCALIZATION_REVIEW_PACK,P276_RU_NATIVE_REVIEW_LOCK,ja_JP,field_note,128,920.92,538.72,78.68,560.0,2,3,1.123,,C:/hades/Hecton8/Docs/Lore/AppliedContent/packets/RS056_NATIVE_LOCALIZATION_REVIEW_PACK.packets.json
RS056_NATIVE_LOCALIZATION_REVIEW_PACK,P276_RU_NATIVE_REVIEW_LOCK,zh_CN,title,27,270.72,270.72,62.64,360.0,1,1,1.923,TEXT_EXPANSION_GT_1_35,C:/hades/Hecton8/Docs/Lore/AppliedContent/packets/RS056_NATIVE_LOCALIZATION_REVIEW_PACK.packets.json
RS056_NATIVE_LOCALIZATION_REVIEW_PACK,P276_RU_NATIVE_REVIEW_LOCK,zh_CN,scanner,56,443.2,443.2,67.2,460.0,1,2,1.353,TEXT_EXPANSION_GT_1_35,C:/hades/Hecton8/Docs/Lore/AppliedContent/packets/RS056_NATIVE_LOCALIZATION_REVIEW_PACK.packets.json
RS056_NATIVE_LOCALIZATION_REVIEW_PACK,P276_RU_NATIVE_REVIEW_LOCK,zh_CN,terminal,90,717.0,503.7,83.7,520.0,2,2,1.178,,C:/hades/Hecton8/Docs/Lore/AppliedContent/packets/RS056_NATIVE_LOCALIZATION_REVIEW_PACK.packets.json
RS056_NATIVE_LOCALIZATION_REVIEW_PACK,P276_RU_NATIVE_REVIEW_LOCK,zh_CN,audio,44,419.76,419.76,70.92,620.0,1,2,1.448,TEXT_EXPANSION_GT_1_35,C:/hades/Hecton8/Docs/Lore/AppliedContent/packets/RS056_NATIVE_LOCALIZATION_REVIEW_PACK.packets.json
RS056_NATIVE_LOCALIZATION_REVIEW_PACK,P276_RU_NATIVE_REVIEW_LOCK,zh_CN,in_game_wiki,77,603.3,603.3,56.7,620.0,1,5,1.219,,C:/hades/Hecton8/Docs/Lore/AppliedContent/packets/RS056_NATIVE_LOCALIZATION_REVIEW_PACK.packets.json
RS056_NATIVE_LOCALIZATION_REVIEW_PACK,P276_RU_NATIVE_REVIEW_LOCK,zh_CN,external_site,123,1023.68,610.24,100.48,680.0,2,4,1.127,,C:/hades/Hecton8/Docs/Lore/AppliedContent/packets/RS056_NATIVE_LOCALIZATION_REVIEW_PACK.packets.json
RS056_NATIVE_LOCALIZATION_REVIEW_PACK,P276_RU_NATIVE_REVIEW_LOCK,zh_CN,field_note,128,920.92,538.72,78.68,560.0,2,3,1.123,,C:/hades/Hecton8/Docs/Lore/AppliedContent/packets/RS056_NATIVE_LOCALIZATION_REVIEW_PACK.packets.json
RS056_NATIVE_LOCALIZATION_REVIEW_PACK,P276_RU_NATIVE_REVIEW_LOCK,fr_FR,title,27,270.72,270.72,62.64,360.0,1,1,1.923,TEXT_EXPANSION_GT_1_35,C:/hades/Hecton8/Docs/Lore/AppliedContent/packets/RS056_NATIVE_LOCALIZATION_REVIEW_PACK.packets.json
RS056_NATIVE_LOCALIZATION_REVIEW_PACK,P276_RU_NATIVE_REVIEW_LOCK,fr_FR,scanner,56,443.2,443.2,67.2,460.0,1,2,1.353,TEXT_EXPANSION_GT_1_35,C:/hades/Hecton8/Docs/Lore/AppliedContent/packets/RS056_NATIVE_LOCALIZATION_REVIEW_PACK.packets.json
RS056_NATIVE_LOCALIZATION_REVIEW_PACK,P276_RU_NATIVE_REVIEW_LOCK,fr_FR,terminal,90,717.0,503.7,83.7,520.0,2,2,1.178,,C:/hades/Hecton8/Docs/Lore/AppliedContent/packets/RS056_NATIVE_LOCALIZATION_REVIEW_PACK.packets.json
RS056_NATIVE_LOCALIZATION_REVIEW_PACK,P276_RU_NATIVE_REVIEW_LOCK,fr_FR,audio,44,419.76,419.76,70.92,620.0,1,2,1.448,TEXT_EXPANSION_GT_1_35,C:/hades/Hecton8/Docs/Lore/AppliedContent/packets/RS056_NATIVE_LOCALIZATION_REVIEW_PACK.packets.json
RS056_NATIVE_LOCALIZATION_REVIEW_PACK,P276_RU_NATIVE_REVIEW_LOCK,fr_FR,in_game_wiki,77,603.3,603.3,56.7,620.0,1,5,1.219,,C:/hades/Hecton8/Docs/Lore/AppliedContent/packets/RS056_NATIVE_LOCALIZATION_REVIEW_PACK.packets.json
RS056_NATIVE_LOCALIZATION_REVIEW_PACK,P276_RU_NATIVE_REVIEW_LOCK,fr_FR,external_site,123,1023.68,610.24,100.48,680.0,2,4,1.127,,C:/hades/Hecton8/Docs/Lore/AppliedContent/packets/RS056_NATIVE_LOCALIZATION_REVIEW_PACK.packets.json
RS056_NATIVE_LOCALIZATION_REVIEW_PACK,P276_RU_NATIVE_REVIEW_LOCK,fr_FR,field_note,128,920.92,538.72,78.68,560.0,2,3,1.123,,C:/hades/Hecton8/Docs/Lore/AppliedContent/packets/RS056_NATIVE_LOCALIZATION_REVIEW_PACK.packets.json
RS056_NATIVE_LOCALIZATION_REVIEW_PACK,P276_RU_NATIVE_REVIEW_LOCK,es_ES,title,27,270.72,270.72,62.64,360.0,1,1,1.923,TEXT_EXPANSION_GT_1_35,C:/hades/Hecton8/Docs/Lore/AppliedContent/packets/RS056_NATIVE_LOCALIZATION_REVIEW_PACK.packets.json
RS056_NATIVE_LOCALIZATION_REVIEW_PACK,P276_RU_NATIVE_REVIEW_LOCK,es_ES,scanner,56,443.2,443.2,67.2,460.0,1,2,1.353,TEXT_EXPANSION_GT_1_35,C:/hades/Hecton8/Docs/Lore/AppliedContent/packets/RS056_NATIVE_LOCALIZATION_REVIEW_PACK.packets.json
RS056_NATIVE_LOCALIZATION_REVIEW_PACK,P276_RU_NATIVE_REVIEW_LOCK,es_ES,terminal,90,717.0,503.7,83.7,520.0,2,2,1.178,,C:/hades/Hecton8/Docs/Lore/AppliedContent/packets/RS056_NATIVE_LOCALIZATION_REVIEW_PACK.packets.json
RS056_NATIVE_LOCALIZATION_REVIEW_PACK,P276_RU_NATIVE_REVIEW_LOCK,es_ES,audio,44,419.76,419.76,70.92,620.0,1,2,1.448,TEXT_EXPANSION_GT_1_35,C:/hades/Hecton8/Docs/Lore/AppliedContent/packets/RS056_NATIVE_LOCALIZATION_REVIEW_PACK.packets.json
RS056_NATIVE_LOCALIZATION_REVIEW_PACK,P276_RU_NATIVE_REVIEW_LOCK,es_ES,in_game_wiki,77,603.3,603.3,56.7,620.0,1,5,1.219,,C:/hades/Hecton8/Docs/Lore/AppliedContent/packets/RS056_NATIVE_LOCALIZATION_REVIEW_PACK.packets.json
RS056_NATIVE_LOCALIZATION_REVIEW_PACK,P276_RU_NATIVE_REVIEW_LOCK,es_ES,external_site,123,1023.68,610.24,100.48,680.0,2,4,1.127,,C:/hades/Hecton8/Docs/Lore/AppliedContent/packets/RS056_NATIVE_LOCALIZATION_REVIEW_PACK.packets.json
RS056_NATIVE_LOCALIZATION_REVIEW_PACK,P276_RU_NATIVE_REVIEW_LOCK,es_ES,field_note,128,920.92,538.72,78.68,560.0,2,3,1.123,,C:/hades/Hecton8/Docs/Lore/AppliedContent/packets/RS056_NATIVE_LOCALIZATION_REVIEW_PACK.packets.json
RS056_NATIVE_LOCALIZATION_REVIEW_PACK,P276_RU_NATIVE_REVIEW_LOCK,de_DE,title,27,270.72,270.72,62.64,360.0,1,1,1.923,TEXT_EXPANSION_GT_1_35,C:/hades/Hecton8/Docs/Lore/AppliedContent/packets/RS056_NATIVE_LOCALIZATION_REVIEW_PACK.packets.json
RS056_NATIVE_LOCALIZATION_REVIEW_PACK,P276_RU_NATIVE_REVIEW_LOCK,de_DE,scanner,56,443.2,443.2,67.2,460.0,1,2,1.353,TEXT_EXPANSION_GT_1_35,C:/hades/Hecton8/Docs/Lore/AppliedContent/packets/RS056_NATIVE_LOCALIZATION_REVIEW_PACK.packets.json
RS056_NATIVE_LOCALIZATION_REVIEW_PACK,P276_RU_NATIVE_REVIEW_LOCK,de_DE,terminal,90,717.0,503.7,83.7,520.0,2,2,1.178,,C:/hades/Hecton8/Docs/Lore/AppliedContent/packets/RS056_NATIVE_LOCALIZATION_REVIEW_PACK.packets.json
RS056_NATIVE_LOCALIZATION_REVIEW_PACK,P276_RU_NATIVE_REVIEW_LOCK,de_DE,audio,44,419.76,419.76,70.92,620.0,1,2,1.448,TEXT_EXPANSION_GT_1_35,C:/hades/Hecton8/Docs/Lore/AppliedContent/packets/RS056_NATIVE_LOCALIZATION_REVIEW_PACK.packets.json
RS056_NATIVE_LOCALIZATION_REVIEW_PACK,P276_RU_NATIVE_REVIEW_LOCK,de_DE,in_game_wiki,77,603.3,603.3,56.7,620.0,1,5,1.219,,C:/hades/Hecton8/Docs/Lore/AppliedContent/packets/RS056_NATIVE_LOCALIZATION_REVIEW_PACK.packets.json
RS056_NATIVE_LOCALIZATION_REVIEW_PACK,P276_RU_NATIVE_REVIEW_LOCK,de_DE,external_site,123,1023.68,610.24,100.48,680.0,2,4,1.127,,C:/hades/Hecton8/Docs/Lore/AppliedContent/packets/RS056_NATIVE_LOCALIZATION_REVIEW_PACK.packets.json
RS056_NATIVE_LOCALIZATION_REVIEW_PACK,P276_RU_NATIVE_REVIEW_LOCK,de_DE,field_note,128,920.92,538.72,78.68,560.0,2,3,1.123,,C:/hades/Hecton8/Docs/Lore/AppliedContent/packets/RS056_NATIVE_LOCALIZATION_REVIEW_PACK.packets.json
RS056_NATIVE_LOCALIZATION_REVIEW_PACK,P276_RU_NATIVE_REVIEW_LOCK,pl_PL,title,27,270.72,270.72,62.64,360.0,1,1,1.923,TEXT_EXPANSION_GT_1_35,C:/hades/Hecton8/Docs/Lore/AppliedContent/packets/RS056_NATIVE_LOCALIZATION_REVIEW_PACK.packets.json
RS056_NATIVE_LOCALIZATION_REVIEW_PACK,P276_RU_NATIVE_REVIEW_LOCK,pl_PL,scanner,56,443.2,443.2,67.2,460.0,1,2,1.353,TEXT_EXPANSION_GT_1_35,C:/hades/Hecton8/Docs/Lore/AppliedContent/packets/RS056_NATIVE_LOCALIZATION_REVIEW_PACK.packets.json
RS056_NATIVE_LOCALIZATION_REVIEW_PACK,P276_RU_NATIVE_REVIEW_LOCK,pl_PL,terminal,90,717.0,503.7,83.7,520.0,2,2,1.178,,C:/hades/Hecton8/Docs/Lore/AppliedContent/packets/RS056_NATIVE_LOCALIZATION_REVIEW_PACK.packets.json
RS056_NATIVE_LOCALIZATION_REVIEW_PACK,P276_RU_NATIVE_REVIEW_LOCK,pl_PL,audio,44,419.76,419.76,70.92,620.0,1,2,1.448,TEXT_EXPANSION_GT_1_35,C:/hades/Hecton8/Docs/Lore/AppliedContent/packets/RS056_NATIVE_LOCALIZATION_REVIEW_PACK.packets.json
RS056_NATIVE_LOCALIZATION_REVIEW_PACK,P276_RU_NATIVE_REVIEW_LOCK,pl_PL,in_game_wiki,77,603.3,603.3,56.7,620.0,1,5,1.219,,C:/hades/Hecton8/Docs/Lore/AppliedContent/packets/RS056_NATIVE_LOCALIZATION_REVIEW_PACK.packets.json
RS056_NATIVE_LOCALIZATION_REVIEW_PACK,P276_RU_NATIVE_REVIEW_LOCK,pl_PL,external_site,123,1023.68,610.24,100.48,680.0,2,4,1.127,,C:/hades/Hecton8/Docs/Lore/AppliedContent/packets/RS056_NATIVE_LOCALIZATION_REVIEW_PACK.packets.json
RS056_NATIVE_LOCALIZATION_REVIEW_PACK,P276_RU_NATIVE_REVIEW_LOCK,pl_PL,field_note,128,920.92,538.72,78.68,560.0,2,3,1.123,,C:/hades/Hecton8/Docs/Lore/AppliedContent/packets/RS056_NATIVE_LOCALIZATION_REVIEW_PACK.packets.json
RS056_NATIVE_LOCALIZATION_REVIEW_PACK,P276_RU_NATIVE_REVIEW_LOCK,uk_UA,title,27,270.72,270.72,62.64,360.0,1,1,1.923,TEXT_EXPANSION_GT_1_35,C:/hades/Hecton8/Docs/Lore/AppliedContent/packets/RS056_NATIVE_LOCALIZATION_REVIEW_PACK.packets.json
RS056_NATIVE_LOCALIZATION_REVIEW_PACK,P276_RU_NATIVE_REVIEW_LOCK,uk_UA,scanner,56,443.2,443.2,67.2,460.0,1,2,1.353,TEXT_EXPANSION_GT_1_35,C:/hades/Hecton8/Docs/Lore/AppliedContent/packets/RS056_NATIVE_LOCALIZATION_REVIEW_PACK.packets.json
RS056_NATIVE_LOCALIZATION_REVIEW_PACK,P276_RU_NATIVE_REVIEW_LOCK,uk_UA,terminal,90,717.0,503.7,83.7,520.0,2,2,1.178,,C:/hades/Hecton8/Docs/Lore/AppliedContent/packets/RS056_NATIVE_LOCALIZATION_REVIEW_PACK.packets.json
RS056_NATIVE_LOCALIZATION_REVIEW_PACK,P276_RU_NATIVE_REVIEW_LOCK,uk_UA,audio,44,419.76,419.76,70.92,620.0,1,2,1.448,TEXT_EXPANSION_GT_1_35,C:/hades/Hecton8/Docs/Lore/AppliedContent/packets/RS056_NATIVE_LOCALIZATION_REVIEW_PACK.packets.json
RS056_NATIVE_LOCALIZATION_REVIEW_PACK,P276_RU_NATIVE_REVIEW_LOCK,uk_UA,in_game_wiki,77,603.3,603.3,56.7,620.0,1,5,1.219,,C:/hades/Hecton8/Docs/Lore/AppliedContent/packets/RS056_NATIVE_LOCALIZATION_REVIEW_PACK.packets.json
RS056_NATIVE_LOCALIZATION_REVIEW_PACK,P276_RU_NATIVE_REVIEW_LOCK,uk_UA,external_site,123,1023.68,610.24,100.48,680.0,2,4,1.127,,C:/hades/Hecton8/Docs/Lore/AppliedContent/packets/RS056_NATIVE_LOCALIZATION_REVIEW_PACK.packets.json
RS056_NATIVE_LOCALIZATION_REVIEW_PACK,P276_RU_NATIVE_REVIEW_LOCK,uk_UA,field_note,128,920.92,538.72,78.68,560.0,2,3,1.123,,C:/hades/Hecton8/Docs/Lore/AppliedContent/packets/RS056_NATIVE_LOCALIZATION_REVIEW_PACK.packets.json
RS056_NATIVE_LOCALIZATION_REVIEW_PACK,P276_RU_NATIVE_REVIEW_LOCK,ar_SA,title,27,270.72,270.72,62.64,360.0,1,1,1.923,TEXT_EXPANSION_GT_1_35,C:/hades/Hecton8/Docs/Lore/AppliedContent/packets/RS056_NATIVE_LOCALIZATION_REVIEW_PACK.packets.json
RS056_NATIVE_LOCALIZATION_REVIEW_PACK,P276_RU_NATIVE_REVIEW_LOCK,ar_SA,scanner,56,443.2,443.2,67.2,460.0,1,2,1.353,TEXT_EXPANSION_GT_1_35,C:/hades/Hecton8/Docs/Lore/AppliedContent/packets/RS056_NATIVE_LOCALIZATION_REVIEW_PACK.packets.json
RS056_NATIVE_LOCALIZATION_REVIEW_PACK,P276_RU_NATIVE_REVIEW_LOCK,ar_SA,terminal,90,717.0,503.7,83.7,520.0,2,2,1.178,,C:/hades/Hecton8/Docs/Lore/AppliedContent/packets/RS056_NATIVE_LOCALIZATION_REVIEW_PACK.packets.json
RS056_NATIVE_LOCALIZATION_REVIEW_PACK,P276_RU_NATIVE_REVIEW_LOCK,ar_SA,audio,44,419.76,419.76,70.92,620.0,1,2,1.448,TEXT_EXPANSION_GT_1_35,C:/hades/Hecton8/Docs/Lore/AppliedContent/packets/RS056_NATIVE_LOCALIZATION_REVIEW_PACK.packets.json
RS056_NATIVE_LOCALIZATION_REVIEW_PACK,P276_RU_NATIVE_REVIEW_LOCK,ar_SA,in_game_wiki,77,603.3,603.3,56.7,620.0,1,5,1.219,,C:/hades/Hecton8/Docs/Lore/AppliedContent/packets/RS056_NATIVE_LOCALIZATION_REVIEW_PACK.packets.json
RS056_NATIVE_LOCALIZATION_REVIEW_PACK,P276_RU_NATIVE_REVIEW_LOCK,ar_SA,external_site,123,1023.68,610.24,100.48,680.0,2,4,1.127,,C:/hades/Hecton8/Docs/Lore/AppliedContent/packets/RS056_NATIVE_LOCALIZATION_REVIEW_PACK.packets.json
RS056_NATIVE_LOCALIZATION_REVIEW_PACK,P276_RU_NATIVE_REVIEW_LOCK,ar_SA,field_note,128,920.92,538.72,78.68,560.0,2,3,1.123,,C:/hades/Hecton8/Docs/Lore/AppliedContent/packets/RS056_NATIVE_LOCALIZATION_REVIEW_PACK.packets.json
RS056_NATIVE_LOCALIZATION_REVIEW_PACK,P276_RU_NATIVE_REVIEW_LOCK,id_ID,title,27,270.72,270.72,62.64,360.0,1,1,1.923,TEXT_EXPANSION_GT_1_35,C:/hades/Hecton8/Docs/Lore/AppliedContent/packets/RS056_NATIVE_LOCALIZATION_REVIEW_PACK.packets.json
RS056_NATIVE_LOCALIZATION_REVIEW_PACK,P276_RU_NATIVE_REVIEW_LOCK,id_ID,scanner,56,443.2,443.2,67.2,460.0,1,2,1.353,TEXT_EXPANSION_GT_1_35,C:/hades/Hecton8/Docs/Lore/AppliedContent/packets/RS056_NATIVE_LOCALIZATION_REVIEW_PACK.packets.json
RS056_NATIVE_LOCALIZATION_REVIEW_PACK,P276_RU_NATIVE_REVIEW_LOCK,id_ID,terminal,90,717.0,503.7,83.7,520.0,2,2,1.178,,C:/hades/Hecton8/Docs/Lore/AppliedContent/packets/RS056_NATIVE_LOCALIZATION_REVIEW_PACK.packets.json
RS056_NATIVE_LOCALIZATION_REVIEW_PACK,P276_RU_NATIVE_REVIEW_LOCK,id_ID,audio,44,419.76,419.76,70.92,620.0,1,2,1.448,TEXT_EXPANSION_GT_1_35,C:/hades/Hecton8/Docs/Lore/AppliedContent/packets/RS056_NATIVE_LOCALIZATION_REVIEW_PACK.packets.json
RS056_NATIVE_LOCALIZATION_REVIEW_PACK,P276_RU_NATIVE_REVIEW_LOCK,id_ID,in_game_wiki,77,603.3,603.3,56.7,620.0,1,5,1.219,,C:/hades/Hecton8/Docs/Lore/AppliedContent/packets/RS056_NATIVE_LOCALIZATION_REVIEW_PACK.packets.json
RS056_NATIVE_LOCALIZATION_REVIEW_PACK,P276_RU_NATIVE_REVIEW_LOCK,id_ID,external_site,123,1023.68,610.24,100.48,680.0,2,4,1.127,,C:/hades/Hecton8/Docs/Lore/AppliedContent/packets/RS056_NATIVE_LOCALIZATION_REVIEW_PACK.packets.json
RS056_NATIVE_LOCALIZATION_REVIEW_PACK,P276_RU_NATIVE_REVIEW_LOCK,id_ID,field_note,128,920.92,538.72,78.68,560.0,2,3,1.123,,C:/hades/Hecton8/Docs/Lore/AppliedContent/packets/RS056_NATIVE_LOCALIZATION_REVIEW_PACK.packets.json
RS056_NATIVE_LOCALIZATION_REVIEW_PACK,P276_RU_NATIVE_REVIEW_LOCK,ko_KR,title,27,270.72,270.72,62.64,360.0,1,1,1.923,TEXT_EXPANSION_GT_1_35,C:/hades/Hecton8/Docs/Lore/AppliedContent/packets/RS056_NATIVE_LOCALIZATION_REVIEW_PACK.packets.json
RS056_NATIVE_LOCALIZATION_REVIEW_PACK,P276_RU_NATIVE_REVIEW_LOCK,ko_KR,scanner,56,443.2,443.2,67.2,460.0,1,2,1.353,TEXT_EXPANSION_GT_1_35,C:/hades/Hecton8/Docs/Lore/AppliedContent/packets/RS056_NATIVE_LOCALIZATION_REVIEW_PACK.packets.json
RS056_NATIVE_LOCALIZATION_REVIEW_PACK,P276_RU_NATIVE_REVIEW_LOCK,ko_KR,terminal,90,717.0,503.7,83.7,520.0,2,2,1.178,,C:/hades/Hecton8/Docs/Lore/AppliedContent/packets/RS056_NATIVE_LOCALIZATION_REVIEW_PACK.packets.json
RS056_NATIVE_LOCALIZATION_REVIEW_PACK,P276_RU_NATIVE_REVIEW_LOCK,ko_KR,audio,44,419.76,419.76,70.92,620.0,1,2,1.448,TEXT_EXPANSION_GT_1_35,C:/hades/Hecton8/Docs/Lore/AppliedContent/packets/RS056_NATIVE_LOCALIZATION_REVIEW_PACK.packets.json
RS056_NATIVE_LOCALIZATION_REVIEW_PACK,P276_RU_NATIVE_REVIEW_LOCK,ko_KR,in_game_wiki,77,603.3,603.3,56.7,620.0,1,5,1.219,,C:/hades/Hecton8/Docs/Lore/AppliedContent/packets/RS056_NATIVE_LOCALIZATION_REVIEW_PACK.packets.json
RS056_NATIVE_LOCALIZATION_REVIEW_PACK,P276_RU_NATIVE_REVIEW_LOCK,ko_KR,external_site,123,1023.68,610.24,100.48,680.0,2,4,1.127,,C:/hades/Hecton8/Docs/Lore/AppliedContent/packets/RS056_NATIVE_LOCALIZATION_REVIEW_PACK.packets.json
RS056_NATIVE_LOCALIZATION_REVIEW_PACK,P276_RU_NATIVE_REVIEW_LOCK,ko_KR,field_note,128,920.92,538.72,78.68,560.0,2,3,1.123,,C:/hades/Hecton8/Docs/Lore/AppliedContent/packets/RS056_NATIVE_LOCALIZATION_REVIEW_PACK.packets.json
RS056_NATIVE_LOCALIZATION_REVIEW_PACK,P276_RU_NATIVE_REVIEW_LOCK,he_IL,title,27,270.72,270.72,62.64,360.0,1,1,1.923,TEXT_EXPANSION_GT_1_35,C:/hades/Hecton8/Docs/Lore/AppliedContent/packets/RS056_NATIVE_LOCALIZATION_REVIEW_PACK.packets.json
RS056_NATIVE_LOCALIZATION_REVIEW_PACK,P276_RU_NATIVE_REVIEW_LOCK,he_IL,scanner,56,443.2,443.2,67.2,460.0,1,2,1.353,TEXT_EXPANSION_GT_1_35,C:/hades/Hecton8/Docs/Lore/AppliedContent/packets/RS056_NATIVE_LOCALIZATION_REVIEW_PACK.packets.json
RS056_NATIVE_LOCALIZATION_REVIEW_PACK,P276_RU_NATIVE_REVIEW_LOCK,he_IL,terminal,90,717.0,503.7,83.7,520.0,2,2,1.178,,C:/hades/Hecton8/Docs/Lore/AppliedContent/packets/RS056_NATIVE_LOCALIZATION_REVIEW_PACK.packets.json
RS056_NATIVE_LOCALIZATION_REVIEW_PACK,P276_RU_NATIVE_REVIEW_LOCK,he_IL,audio,44,419.76,419.76,70.92,620.0,1,2,1.448,TEXT_EXPANSION_GT_1_35,C:/hades/Hecton8/Docs/Lore/AppliedContent/packets/RS056_NATIVE_LOCALIZATION_REVIEW_PACK.packets.json
RS056_NATIVE_LOCALIZATION_REVIEW_PACK,P276_RU_NATIVE_REVIEW_LOCK,he_IL,in_game_wiki,77,603.3,603.3,56.7,620.0,1,5,1.219,,C:/hades/Hecton8/Docs/Lore/AppliedContent/packets/RS056_NATIVE_LOCALIZATION_REVIEW_PACK.packets.json
RS056_NATIVE_LOCALIZATION_REVIEW_PACK,P276_RU_NATIVE_REVIEW_LOCK,he_IL,external_site,123,1023.68,610.24,100.48,680.0,2,4,1.127,,C:/hades/Hecton8/Docs/Lore/AppliedContent/packets/RS056_NATIVE_LOCALIZATION_REVIEW_PACK.packets.json
RS056_NATIVE_LOCALIZATION_REVIEW_PACK,P276_RU_NATIVE_REVIEW_LOCK,he_IL,field_note,128,920.92,538.72,78.68,560.0,2,3,1.123,,C:/hades/Hecton8/Docs/Lore/AppliedContent/packets/RS056_NATIVE_LOCALIZATION_REVIEW_PACK.packets.json
RS056_NATIVE_LOCALIZATION_REVIEW_PACK,P276_RU_NATIVE_REVIEW_LOCK,pt_BR,title,30,300.6,300.6,62.64,360.0,1,1,2.136,TEXT_EXPANSION_GT_1_35,C:/hades/Hecton8/Docs/Lore/AppliedContent/packets/RS056_NATIVE_LOCALIZATION_REVIEW_PACK.packets.json
RS056_NATIVE_LOCALIZATION_REVIEW_PACK,P276_RU_NATIVE_REVIEW_LOCK,pt_BR,scanner,59,469.76,451.52,67.2,460.0,2,2,1.434,TEXT_EXPANSION_GT_1_35,C:/hades/Hecton8/Docs/Lore/AppliedContent/packets/RS056_NATIVE_LOCALIZATION_REVIEW_PACK.packets.json
RS056_NATIVE_LOCALIZATION_REVIEW_PACK,P276_RU_NATIVE_REVIEW_LOCK,pt_BR,terminal,93,741.9,498.3,83.7,520.0,2,2,1.219,,C:/hades/Hecton8/Docs/Lore/AppliedContent/packets/RS056_NATIVE_LOCALIZATION_REVIEW_PACK.packets.json
RS056_NATIVE_LOCALIZATION_REVIEW_PACK,P276_RU_NATIVE_REVIEW_LOCK,pt_BR,audio,47,449.64,449.64,70.92,620.0,1,2,1.552,TEXT_EXPANSION_GT_1_35,C:/hades/Hecton8/Docs/Lore/AppliedContent/packets/RS056_NATIVE_LOCALIZATION_REVIEW_PACK.packets.json
RS056_NATIVE_LOCALIZATION_REVIEW_PACK,P276_RU_NATIVE_REVIEW_LOCK,pt_BR,in_game_wiki,80,628.2,590.7,56.7,620.0,2,5,1.269,,C:/hades/Hecton8/Docs/Lore/AppliedContent/packets/RS056_NATIVE_LOCALIZATION_REVIEW_PACK.packets.json
RS056_NATIVE_LOCALIZATION_REVIEW_PACK,P276_RU_NATIVE_REVIEW_LOCK,pt_BR,external_site,126,1050.24,636.8,100.48,680.0,2,4,1.156,,C:/hades/Hecton8/Docs/Lore/AppliedContent/packets/RS056_NATIVE_LOCALIZATION_REVIEW_PACK.packets.json
RS056_NATIVE_LOCALIZATION_REVIEW_PACK,P276_RU_NATIVE_REVIEW_LOCK,pt_BR,field_note,131,944.16,561.96,78.68,560.0,2,3,1.152,,C:/hades/Hecton8/Docs/Lore/AppliedContent/packets/RS056_NATIVE_LOCALIZATION_REVIEW_PACK.packets.json
RS056_NATIVE_LOCALIZATION_REVIEW_PACK,P276_RU_NATIVE_REVIEW_LOCK,nl_NL,title,27,270.72,270.72,62.64,360.0,1,1,1.923,TEXT_EXPANSION_GT_1_35,C:/hades/Hecton8/Docs/Lore/AppliedContent/packets/RS056_NATIVE_LOCALIZATION_REVIEW_PACK.packets.json
RS056_NATIVE_LOCALIZATION_REVIEW_PACK,P276_RU_NATIVE_REVIEW_LOCK,nl_NL,scanner,56,443.2,443.2,67.2,460.0,1,2,1.353,TEXT_EXPANSION_GT_1_35,C:/hades/Hecton8/Docs/Lore/AppliedContent/packets/RS056_NATIVE_LOCALIZATION_REVIEW_PACK.packets.json
RS056_NATIVE_LOCALIZATION_REVIEW_PACK,P276_RU_NATIVE_REVIEW_LOCK,nl_NL,terminal,90,717.0,503.7,83.7,520.0,2,2,1.178,,C:/hades/Hecton8/Docs/Lore/AppliedContent/packets/RS056_NATIVE_LOCALIZATION_REVIEW_PACK.packets.json
RS056_NATIVE_LOCALIZATION_REVIEW_PACK,P276_RU_NATIVE_REVIEW_LOCK,nl_NL,audio,44,419.76,419.76,70.92,620.0,1,2,1.448,TEXT_EXPANSION_GT_1_35,C:/hades/Hecton8/Docs/Lore/AppliedContent/packets/RS056_NATIVE_LOCALIZATION_REVIEW_PACK.packets.json
RS056_NATIVE_LOCALIZATION_REVIEW_PACK,P276_RU_NATIVE_REVIEW_LOCK,nl_NL,in_game_wiki,77,603.3,603.3,56.7,620.0,1,5,1.219,,C:/hades/Hecton8/Docs/Lore/AppliedContent/packets/RS056_NATIVE_LOCALIZATION_REVIEW_PACK.packets.json
RS056_NATIVE_LOCALIZATION_REVIEW_PACK,P276_RU_NATIVE_REVIEW_LOCK,nl_NL,external_site,123,1023.68,610.24,100.48,680.0,2,4,1.127,,C:/hades/Hecton8/Docs/Lore/AppliedContent/packets/RS056_NATIVE_LOCALIZATION_REVIEW_PACK.packets.json
RS056_NATIVE_LOCALIZATION_REVIEW_PACK,P276_RU_NATIVE_REVIEW_LOCK,nl_NL,field_note,128,920.92,538.72,78.68,560.0,2,3,1.123,,C:/hades/Hecton8/Docs/Lore/AppliedContent/packets/RS056_NATIVE_LOCALIZATION_REVIEW_PACK.packets.json
RS056_NATIVE_LOCALIZATION_REVIEW_PACK,P277_CJK_REVIEW_LOCK,en_US,title,15,152.64,152.64,62.64,360.0,1,1,1.0,,C:/hades/Hecton8/Docs/Lore/AppliedContent/packets/RS056_NATIVE_LOCALIZATION_REVIEW_PACK.packets.json
RS056_NATIVE_LOCALIZATION_REVIEW_PACK,P277_CJK_REVIEW_LOCK,en_US,scanner,35,282.24,282.24,59.2,460.0,1,2,1.0,,C:/hades/Hecton8/Docs/Lore/AppliedContent/packets/RS056_NATIVE_LOCALIZATION_REVIEW_PACK.packets.json
RS056_NATIVE_LOCALIZATION_REVIEW_PACK,P277_CJK_REVIEW_LOCK,en_US,terminal,88,677.4,467.7,111.3,520.0,2,2,1.0,,C:/hades/Hecton8/Docs/Lore/AppliedContent/packets/RS056_NATIVE_LOCALIZATION_REVIEW_PACK.packets.json
RS056_NATIVE_LOCALIZATION_REVIEW_PACK,P277_CJK_REVIEW_LOCK,en_US,audio,51,453.96,453.96,81.0,620.0,1,2,1.0,,C:/hades/Hecton8/Docs/Lore/AppliedContent/packets/RS056_NATIVE_LOCALIZATION_REVIEW_PACK.packets.json
RS056_NATIVE_LOCALIZATION_REVIEW_PACK,P277_CJK_REVIEW_LOCK,en_US,in_game_wiki,86,675.3,604.2,72.6,620.0,2,5,1.0,,C:/hades/Hecton8/Docs/Lore/AppliedContent/packets/RS056_NATIVE_LOCALIZATION_REVIEW_PACK.packets.json
RS056_NATIVE_LOCALIZATION_REVIEW_PACK,P277_CJK_REVIEW_LOCK,en_US,external_site,92,766.08,674.88,91.2,680.0,2,4,1.0,,C:/hades/Hecton8/Docs/Lore/AppliedContent/packets/RS056_NATIVE_LOCALIZATION_REVIEW_PACK.packets.json
RS056_NATIVE_LOCALIZATION_REVIEW_PACK,P277_CJK_REVIEW_LOCK,en_US,field_note,122,864.36,442.12,150.36,560.0,2,3,1.0,,C:/hades/Hecton8/Docs/Lore/AppliedContent/packets/RS056_NATIVE_LOCALIZATION_REVIEW_PACK.packets.json
RS056_NATIVE_LOCALIZATION_REVIEW_PACK,P277_CJK_REVIEW_LOCK,ru_RU,title,19,189.0,189.0,60.84,360.0,1,1,1.238,,C:/hades/Hecton8/Docs/Lore/AppliedContent/packets/RS056_NATIVE_LOCALIZATION_REVIEW_PACK.packets.json
RS056_NATIVE_LOCALIZATION_REVIEW_PACK,P277_CJK_REVIEW_LOCK,ru_RU,scanner,39,326.08,326.08,64.96,460.0,1,2,1.155,,C:/hades/Hecton8/Docs/Lore/AppliedContent/packets/RS056_NATIVE_LOCALIZATION_REVIEW_PACK.packets.json
RS056_NATIVE_LOCALIZATION_REVIEW_PACK,P277_CJK_REVIEW_LOCK,ru_RU,terminal,84,660.9,478.8,111.3,520.0,2,2,0.976,,C:/hades/Hecton8/Docs/Lore/AppliedContent/packets/RS056_NATIVE_LOCALIZATION_REVIEW_PACK.packets.json
RS056_NATIVE_LOCALIZATION_REVIEW_PACK,P277_CJK_REVIEW_LOCK,ru_RU,audio,60,573.12,573.12,88.2,620.0,1,2,1.262,,C:/hades/Hecton8/Docs/Lore/AppliedContent/packets/RS056_NATIVE_LOCALIZATION_REVIEW_PACK.packets.json
RS056_NATIVE_LOCALIZATION_REVIEW_PACK,P277_CJK_REVIEW_LOCK,ru_RU,in_game_wiki,76,607.2,607.2,72.6,620.0,1,5,0.899,,C:/hades/Hecton8/Docs/Lore/AppliedContent/packets/RS056_NATIVE_LOCALIZATION_REVIEW_PACK.packets.json
RS056_NATIVE_LOCALIZATION_REVIEW_PACK,P277_CJK_REVIEW_LOCK,ru_RU,external_site,70,609.6,609.6,139.2,680.0,1,4,0.796,,C:/hades/Hecton8/Docs/Lore/AppliedContent/packets/RS056_NATIVE_LOCALIZATION_REVIEW_PACK.packets.json
RS056_NATIVE_LOCALIZATION_REVIEW_PACK,P277_CJK_REVIEW_LOCK,ru_RU,field_note,120,848.96,442.12,150.36,560.0,2,3,0.982,,C:/hades/Hecton8/Docs/Lore/AppliedContent/packets/RS056_NATIVE_LOCALIZATION_REVIEW_PACK.packets.json
RS056_NATIVE_LOCALIZATION_REVIEW_PACK,P277_CJK_REVIEW_LOCK,ja_JP,title,28,282.6,282.6,62.64,360.0,1,1,1.851,TEXT_EXPANSION_GT_1_35,C:/hades/Hecton8/Docs/Lore/AppliedContent/packets/RS056_NATIVE_LOCALIZATION_REVIEW_PACK.packets.json
RS056_NATIVE_LOCALIZATION_REVIEW_PACK,P277_CJK_REVIEW_LOCK,ja_JP,scanner,48,397.76,397.76,59.2,460.0,1,2,1.409,TEXT_EXPANSION_GT_1_35,C:/hades/Hecton8/Docs/Lore/AppliedContent/packets/RS056_NATIVE_LOCALIZATION_REVIEW_PACK.packets.json
RS056_NATIVE_LOCALIZATION_REVIEW_PACK,P277_CJK_REVIEW_LOCK,ja_JP,terminal,101,785.7,459.6,111.3,520.0,2,2,1.16,,C:/hades/Hecton8/Docs/Lore/AppliedContent/packets/RS056_NATIVE_LOCALIZATION_REVIEW_PACK.packets.json
RS056_NATIVE_LOCALIZATION_REVIEW_PACK,P277_CJK_REVIEW_LOCK,ja_JP,audio,64,583.92,583.92,81.0,620.0,1,2,1.286,,C:/hades/Hecton8/Docs/Lore/AppliedContent/packets/RS056_NATIVE_LOCALIZATION_REVIEW_PACK.packets.json
RS056_NATIVE_LOCALIZATION_REVIEW_PACK,P277_CJK_REVIEW_LOCK,ja_JP,in_game_wiki,99,783.6,616.8,72.6,620.0,2,5,1.16,,C:/hades/Hecton8/Docs/Lore/AppliedContent/packets/RS056_NATIVE_LOCALIZATION_REVIEW_PACK.packets.json
RS056_NATIVE_LOCALIZATION_REVIEW_PACK,P277_CJK_REVIEW_LOCK,ja_JP,external_site,105,881.6,670.08,91.2,680.0,2,4,1.151,,C:/hades/Hecton8/Docs/Lore/AppliedContent/packets/RS056_NATIVE_LOCALIZATION_REVIEW_PACK.packets.json
RS056_NATIVE_LOCALIZATION_REVIEW_PACK,P277_CJK_REVIEW_LOCK,ja_JP,field_note,135,965.44,543.2,150.36,560.0,2,3,1.117,,C:/hades/Hecton8/Docs/Lore/AppliedContent/packets/RS056_NATIVE_LOCALIZATION_REVIEW_PACK.packets.json
RS056_NATIVE_LOCALIZATION_REVIEW_PACK,P277_CJK_REVIEW_LOCK,zh_CN,title,28,282.6,282.6,62.64,360.0,1,1,1.851,TEXT_EXPANSION_GT_1_35,C:/hades/Hecton8/Docs/Lore/AppliedContent/packets/RS056_NATIVE_LOCALIZATION_REVIEW_PACK.packets.json
RS056_NATIVE_LOCALIZATION_REVIEW_PACK,P277_CJK_REVIEW_LOCK,zh_CN,scanner,48,397.76,397.76,59.2,460.0,1,2,1.409,TEXT_EXPANSION_GT_1_35,C:/hades/Hecton8/Docs/Lore/AppliedContent/packets/RS056_NATIVE_LOCALIZATION_REVIEW_PACK.packets.json
RS056_NATIVE_LOCALIZATION_REVIEW_PACK,P277_CJK_REVIEW_LOCK,zh_CN,terminal,101,785.7,459.6,111.3,520.0,2,2,1.16,,C:/hades/Hecton8/Docs/Lore/AppliedContent/packets/RS056_NATIVE_LOCALIZATION_REVIEW_PACK.packets.json
RS056_NATIVE_LOCALIZATION_REVIEW_PACK,P277_CJK_REVIEW_LOCK,zh_CN,audio,64,583.92,583.92,81.0,620.0,1,2,1.286,,C:/hades/Hecton8/Docs/Lore/AppliedContent/packets/RS056_NATIVE_LOCALIZATION_REVIEW_PACK.packets.json
RS056_NATIVE_LOCALIZATION_REVIEW_PACK,P277_CJK_REVIEW_LOCK,zh_CN,in_game_wiki,99,783.6,616.8,72.6,620.0,2,5,1.16,,C:/hades/Hecton8/Docs/Lore/AppliedContent/packets/RS056_NATIVE_LOCALIZATION_REVIEW_PACK.packets.json
RS056_NATIVE_LOCALIZATION_REVIEW_PACK,P277_CJK_REVIEW_LOCK,zh_CN,external_site,105,881.6,670.08,91.2,680.0,2,4,1.151,,C:/hades/Hecton8/Docs/Lore/AppliedContent/packets/RS056_NATIVE_LOCALIZATION_REVIEW_PACK.packets.json
RS056_NATIVE_LOCALIZATION_REVIEW_PACK,P277_CJK_REVIEW_LOCK,zh_CN,field_note,135,965.44,543.2,150.36,560.0,2,3,1.117,,C:/hades/Hecton8/Docs/Lore/AppliedContent/packets/RS056_NATIVE_LOCALIZATION_REVIEW_PACK.packets.json
RS056_NATIVE_LOCALIZATION_REVIEW_PACK,P277_CJK_REVIEW_LOCK,fr_FR,title,28,282.6,282.6,62.64,360.0,1,1,1.851,TEXT_EXPANSION_GT_1_35,C:/hades/Hecton8/Docs/Lore/AppliedContent/packets/RS056_NATIVE_LOCALIZATION_REVIEW_PACK.packets.json
RS056_NATIVE_LOCALIZATION_REVIEW_PACK,P277_CJK_REVIEW_LOCK,fr_FR,scanner,48,397.76,397.76,59.2,460.0,1,2,1.409,TEXT_EXPANSION_GT_1_35,C:/hades/Hecton8/Docs/Lore/AppliedContent/packets/RS056_NATIVE_LOCALIZATION_REVIEW_PACK.packets.json
RS056_NATIVE_LOCALIZATION_REVIEW_PACK,P277_CJK_REVIEW_LOCK,fr_FR,terminal,101,785.7,459.6,111.3,520.0,2,2,1.16,,C:/hades/Hecton8/Docs/Lore/AppliedContent/packets/RS056_NATIVE_LOCALIZATION_REVIEW_PACK.packets.json
RS056_NATIVE_LOCALIZATION_REVIEW_PACK,P277_CJK_REVIEW_LOCK,fr_FR,audio,64,583.92,583.92,81.0,620.0,1,2,1.286,,C:/hades/Hecton8/Docs/Lore/AppliedContent/packets/RS056_NATIVE_LOCALIZATION_REVIEW_PACK.packets.json
RS056_NATIVE_LOCALIZATION_REVIEW_PACK,P277_CJK_REVIEW_LOCK,fr_FR,in_game_wiki,99,783.6,616.8,72.6,620.0,2,5,1.16,,C:/hades/Hecton8/Docs/Lore/AppliedContent/packets/RS056_NATIVE_LOCALIZATION_REVIEW_PACK.packets.json
RS056_NATIVE_LOCALIZATION_REVIEW_PACK,P277_CJK_REVIEW_LOCK,fr_FR,external_site,105,881.6,670.08,91.2,680.0,2,4,1.151,,C:/hades/Hecton8/Docs/Lore/AppliedContent/packets/RS056_NATIVE_LOCALIZATION_REVIEW_PACK.packets.json
RS056_NATIVE_LOCALIZATION_REVIEW_PACK,P277_CJK_REVIEW_LOCK,fr_FR,field_note,135,965.44,543.2,150.36,560.0,2,3,1.117,,C:/hades/Hecton8/Docs/Lore/AppliedContent/packets/RS056_NATIVE_LOCALIZATION_REVIEW_PACK.packets.json
RS056_NATIVE_LOCALIZATION_REVIEW_PACK,P277_CJK_REVIEW_LOCK,es_ES,title,28,282.6,282.6,62.64,360.0,1,1,1.851,TEXT_EXPANSION_GT_1_35,C:/hades/Hecton8/Docs/Lore/AppliedContent/packets/RS056_NATIVE_LOCALIZATION_REVIEW_PACK.packets.json
RS056_NATIVE_LOCALIZATION_REVIEW_PACK,P277_CJK_REVIEW_LOCK,es_ES,scanner,48,397.76,397.76,59.2,460.0,1,2,1.409,TEXT_EXPANSION_GT_1_35,C:/hades/Hecton8/Docs/Lore/AppliedContent/packets/RS056_NATIVE_LOCALIZATION_REVIEW_PACK.packets.json
RS056_NATIVE_LOCALIZATION_REVIEW_PACK,P277_CJK_REVIEW_LOCK,es_ES,terminal,101,785.7,459.6,111.3,520.0,2,2,1.16,,C:/hades/Hecton8/Docs/Lore/AppliedContent/packets/RS056_NATIVE_LOCALIZATION_REVIEW_PACK.packets.json
RS056_NATIVE_LOCALIZATION_REVIEW_PACK,P277_CJK_REVIEW_LOCK,es_ES,audio,64,583.92,583.92,81.0,620.0,1,2,1.286,,C:/hades/Hecton8/Docs/Lore/AppliedContent/packets/RS056_NATIVE_LOCALIZATION_REVIEW_PACK.packets.json
RS056_NATIVE_LOCALIZATION_REVIEW_PACK,P277_CJK_REVIEW_LOCK,es_ES,in_game_wiki,99,783.6,616.8,72.6,620.0,2,5,1.16,,C:/hades/Hecton8/Docs/Lore/AppliedContent/packets/RS056_NATIVE_LOCALIZATION_REVIEW_PACK.packets.json
RS056_NATIVE_LOCALIZATION_REVIEW_PACK,P277_CJK_REVIEW_LOCK,es_ES,external_site,105,881.6,670.08,91.2,680.0,2,4,1.151,,C:/hades/Hecton8/Docs/Lore/AppliedContent/packets/RS056_NATIVE_LOCALIZATION_REVIEW_PACK.packets.json
RS056_NATIVE_LOCALIZATION_REVIEW_PACK,P277_CJK_REVIEW_LOCK,es_ES,field_note,135,965.44,543.2,150.36,560.0,2,3,1.117,,C:/hades/Hecton8/Docs/Lore/AppliedContent/packets/RS056_NATIVE_LOCALIZATION_REVIEW_PACK.packets.json
RS056_NATIVE_LOCALIZATION_REVIEW_PACK,P277_CJK_REVIEW_LOCK,de_DE,title,28,282.6,282.6,62.64,360.0,1,1,1.851,TEXT_EXPANSION_GT_1_35,C:/hades/Hecton8/Docs/Lore/AppliedContent/packets/RS056_NATIVE_LOCALIZATION_REVIEW_PACK.packets.json
RS056_NATIVE_LOCALIZATION_REVIEW_PACK,P277_CJK_REVIEW_LOCK,de_DE,scanner,48,397.76,397.76,59.2,460.0,1,2,1.409,TEXT_EXPANSION_GT_1_35,C:/hades/Hecton8/Docs/Lore/AppliedContent/packets/RS056_NATIVE_LOCALIZATION_REVIEW_PACK.packets.json
RS056_NATIVE_LOCALIZATION_REVIEW_PACK,P277_CJK_REVIEW_LOCK,de_DE,terminal,101,785.7,459.6,111.3,520.0,2,2,1.16,,C:/hades/Hecton8/Docs/Lore/AppliedContent/packets/RS056_NATIVE_LOCALIZATION_REVIEW_PACK.packets.json
RS056_NATIVE_LOCALIZATION_REVIEW_PACK,P277_CJK_REVIEW_LOCK,de_DE,audio,64,583.92,583.92,81.0,620.0,1,2,1.286,,C:/hades/Hecton8/Docs/Lore/AppliedContent/packets/RS056_NATIVE_LOCALIZATION_REVIEW_PACK.packets.json
RS056_NATIVE_LOCALIZATION_REVIEW_PACK,P277_CJK_REVIEW_LOCK,de_DE,in_game_wiki,99,783.6,616.8,72.6,620.0,2,5,1.16,,C:/hades/Hecton8/Docs/Lore/AppliedContent/packets/RS056_NATIVE_LOCALIZATION_REVIEW_PACK.packets.json
RS056_NATIVE_LOCALIZATION_REVIEW_PACK,P277_CJK_REVIEW_LOCK,de_DE,external_site,105,881.6,670.08,91.2,680.0,2,4,1.151,,C:/hades/Hecton8/Docs/Lore/AppliedContent/packets/RS056_NATIVE_LOCALIZATION_REVIEW_PACK.packets.json
RS056_NATIVE_LOCALIZATION_REVIEW_PACK,P277_CJK_REVIEW_LOCK,de_DE,field_note,135,965.44,543.2,150.36,560.0,2,3,1.117,,C:/hades/Hecton8/Docs/Lore/AppliedContent/packets/RS056_NATIVE_LOCALIZATION_REVIEW_PACK.packets.json
RS056_NATIVE_LOCALIZATION_REVIEW_PACK,P277_CJK_REVIEW_LOCK,pl_PL,title,28,282.6,282.6,62.64,360.0,1,1,1.851,TEXT_EXPANSION_GT_1_35,C:/hades/Hecton8/Docs/Lore/AppliedContent/packets/RS056_NATIVE_LOCALIZATION_REVIEW_PACK.packets.json
RS056_NATIVE_LOCALIZATION_REVIEW_PACK,P277_CJK_REVIEW_LOCK,pl_PL,scanner,48,397.76,397.76,59.2,460.0,1,2,1.409,TEXT_EXPANSION_GT_1_35,C:/hades/Hecton8/Docs/Lore/AppliedContent/packets/RS056_NATIVE_LOCALIZATION_REVIEW_PACK.packets.json
RS056_NATIVE_LOCALIZATION_REVIEW_PACK,P277_CJK_REVIEW_LOCK,pl_PL,terminal,101,785.7,459.6,111.3,520.0,2,2,1.16,,C:/hades/Hecton8/Docs/Lore/AppliedContent/packets/RS056_NATIVE_LOCALIZATION_REVIEW_PACK.packets.json
RS056_NATIVE_LOCALIZATION_REVIEW_PACK,P277_CJK_REVIEW_LOCK,pl_PL,audio,64,583.92,583.92,81.0,620.0,1,2,1.286,,C:/hades/Hecton8/Docs/Lore/AppliedContent/packets/RS056_NATIVE_LOCALIZATION_REVIEW_PACK.packets.json
RS056_NATIVE_LOCALIZATION_REVIEW_PACK,P277_CJK_REVIEW_LOCK,pl_PL,in_game_wiki,99,783.6,616.8,72.6,620.0,2,5,1.16,,C:/hades/Hecton8/Docs/Lore/AppliedContent/packets/RS056_NATIVE_LOCALIZATION_REVIEW_PACK.packets.json
RS056_NATIVE_LOCALIZATION_REVIEW_PACK,P277_CJK_REVIEW_LOCK,pl_PL,external_site,105,881.6,670.08,91.2,680.0,2,4,1.151,,C:/hades/Hecton8/Docs/Lore/AppliedContent/packets/RS056_NATIVE_LOCALIZATION_REVIEW_PACK.packets.json
RS056_NATIVE_LOCALIZATION_REVIEW_PACK,P277_CJK_REVIEW_LOCK,pl_PL,field_note,135,965.44,543.2,150.36,560.0,2,3,1.117,,C:/hades/Hecton8/Docs/Lore/AppliedContent/packets/RS056_NATIVE_LOCALIZATION_REVIEW_PACK.packets.json
RS056_NATIVE_LOCALIZATION_REVIEW_PACK,P277_CJK_REVIEW_LOCK,uk_UA,title,28,282.6,282.6,62.64,360.0,1,1,1.851,TEXT_EXPANSION_GT_1_35,C:/hades/Hecton8/Docs/Lore/AppliedContent/packets/RS056_NATIVE_LOCALIZATION_REVIEW_PACK.packets.json
RS056_NATIVE_LOCALIZATION_REVIEW_PACK,P277_CJK_REVIEW_LOCK,uk_UA,scanner,48,397.76,397.76,59.2,460.0,1,2,1.409,TEXT_EXPANSION_GT_1_35,C:/hades/Hecton8/Docs/Lore/AppliedContent/packets/RS056_NATIVE_LOCALIZATION_REVIEW_PACK.packets.json
RS056_NATIVE_LOCALIZATION_REVIEW_PACK,P277_CJK_REVIEW_LOCK,uk_UA,terminal,101,785.7,459.6,111.3,520.0,2,2,1.16,,C:/hades/Hecton8/Docs/Lore/AppliedContent/packets/RS056_NATIVE_LOCALIZATION_REVIEW_PACK.packets.json
RS056_NATIVE_LOCALIZATION_REVIEW_PACK,P277_CJK_REVIEW_LOCK,uk_UA,audio,64,583.92,583.92,81.0,620.0,1,2,1.286,,C:/hades/Hecton8/Docs/Lore/AppliedContent/packets/RS056_NATIVE_LOCALIZATION_REVIEW_PACK.packets.json
RS056_NATIVE_LOCALIZATION_REVIEW_PACK,P277_CJK_REVIEW_LOCK,uk_UA,in_game_wiki,99,783.6,616.8,72.6,620.0,2,5,1.16,,C:/hades/Hecton8/Docs/Lore/AppliedContent/packets/RS056_NATIVE_LOCALIZATION_REVIEW_PACK.packets.json
RS056_NATIVE_LOCALIZATION_REVIEW_PACK,P277_CJK_REVIEW_LOCK,uk_UA,external_site,105,881.6,670.08,91.2,680.0,2,4,1.151,,C:/hades/Hecton8/Docs/Lore/AppliedContent/packets/RS056_NATIVE_LOCALIZATION_REVIEW_PACK.packets.json
RS056_NATIVE_LOCALIZATION_REVIEW_PACK,P277_CJK_REVIEW_LOCK,uk_UA,field_note,135,965.44,543.2,150.36,560.0,2,3,1.117,,C:/hades/Hecton8/Docs/Lore/AppliedContent/packets/RS056_NATIVE_LOCALIZATION_REVIEW_PACK.packets.json
RS056_NATIVE_LOCALIZATION_REVIEW_PACK,P277_CJK_REVIEW_LOCK,ar_SA,title,28,282.6,282.6,62.64,360.0,1,1,1.851,TEXT_EXPANSION_GT_1_35,C:/hades/Hecton8/Docs/Lore/AppliedContent/packets/RS056_NATIVE_LOCALIZATION_REVIEW_PACK.packets.json
RS056_NATIVE_LOCALIZATION_REVIEW_PACK,P277_CJK_REVIEW_LOCK,ar_SA,scanner,48,397.76,397.76,59.2,460.0,1,2,1.409,TEXT_EXPANSION_GT_1_35,C:/hades/Hecton8/Docs/Lore/AppliedContent/packets/RS056_NATIVE_LOCALIZATION_REVIEW_PACK.packets.json
RS056_NATIVE_LOCALIZATION_REVIEW_PACK,P277_CJK_REVIEW_LOCK,ar_SA,terminal,101,785.7,459.6,111.3,520.0,2,2,1.16,,C:/hades/Hecton8/Docs/Lore/AppliedContent/packets/RS056_NATIVE_LOCALIZATION_REVIEW_PACK.packets.json
RS056_NATIVE_LOCALIZATION_REVIEW_PACK,P277_CJK_REVIEW_LOCK,ar_SA,audio,64,583.92,583.92,81.0,620.0,1,2,1.286,,C:/hades/Hecton8/Docs/Lore/AppliedContent/packets/RS056_NATIVE_LOCALIZATION_REVIEW_PACK.packets.json
RS056_NATIVE_LOCALIZATION_REVIEW_PACK,P277_CJK_REVIEW_LOCK,ar_SA,in_game_wiki,99,783.6,616.8,72.6,620.0,2,5,1.16,,C:/hades/Hecton8/Docs/Lore/AppliedContent/packets/RS056_NATIVE_LOCALIZATION_REVIEW_PACK.packets.json
RS056_NATIVE_LOCALIZATION_REVIEW_PACK,P277_CJK_REVIEW_LOCK,ar_SA,external_site,105,881.6,670.08,91.2,680.0,2,4,1.151,,C:/hades/Hecton8/Docs/Lore/AppliedContent/packets/RS056_NATIVE_LOCALIZATION_REVIEW_PACK.packets.json
RS056_NATIVE_LOCALIZATION_REVIEW_PACK,P277_CJK_REVIEW_LOCK,ar_SA,field_note,135,965.44,543.2,150.36,560.0,2,3,1.117,,C:/hades/Hecton8/Docs/Lore/AppliedContent/packets/RS056_NATIVE_LOCALIZATION_REVIEW_PACK.packets.json
RS056_NATIVE_LOCALIZATION_REVIEW_PACK,P277_CJK_REVIEW_LOCK,id_ID,title,28,282.6,282.6,62.64,360.0,1,1,1.851,TEXT_EXPANSION_GT_1_35,C:/hades/Hecton8/Docs/Lore/AppliedContent/packets/RS056_NATIVE_LOCALIZATION_REVIEW_PACK.packets.json
RS056_NATIVE_LOCALIZATION_REVIEW_PACK,P277_CJK_REVIEW_LOCK,id_ID,scanner,48,397.76,397.76,59.2,460.0,1,2,1.409,TEXT_EXPANSION_GT_1_35,C:/hades/Hecton8/Docs/Lore/AppliedContent/packets/RS056_NATIVE_LOCALIZATION_REVIEW_PACK.packets.json
RS056_NATIVE_LOCALIZATION_REVIEW_PACK,P277_CJK_REVIEW_LOCK,id_ID,terminal,101,785.7,459.6,111.3,520.0,2,2,1.16,,C:/hades/Hecton8/Docs/Lore/AppliedContent/packets/RS056_NATIVE_LOCALIZATION_REVIEW_PACK.packets.json
RS056_NATIVE_LOCALIZATION_REVIEW_PACK,P277_CJK_REVIEW_LOCK,id_ID,audio,64,583.92,583.92,81.0,620.0,1,2,1.286,,C:/hades/Hecton8/Docs/Lore/AppliedContent/packets/RS056_NATIVE_LOCALIZATION_REVIEW_PACK.packets.json
RS056_NATIVE_LOCALIZATION_REVIEW_PACK,P277_CJK_REVIEW_LOCK,id_ID,in_game_wiki,99,783.6,616.8,72.6,620.0,2,5,1.16,,C:/hades/Hecton8/Docs/Lore/AppliedContent/packets/RS056_NATIVE_LOCALIZATION_REVIEW_PACK.packets.json
RS056_NATIVE_LOCALIZATION_REVIEW_PACK,P277_CJK_REVIEW_LOCK,id_ID,external_site,105,881.6,670.08,91.2,680.0,2,4,1.151,,C:/hades/Hecton8/Docs/Lore/AppliedContent/packets/RS056_NATIVE_LOCALIZATION_REVIEW_PACK.packets.json
RS056_NATIVE_LOCALIZATION_REVIEW_PACK,P277_CJK_REVIEW_LOCK,id_ID,field_note,135,965.44,543.2,150.36,560.0,2,3,1.117,,C:/hades/Hecton8/Docs/Lore/AppliedContent/packets/RS056_NATIVE_LOCALIZATION_REVIEW_PACK.packets.json
RS056_NATIVE_LOCALIZATION_REVIEW_PACK,P277_CJK_REVIEW_LOCK,ko_KR,title,28,282.6,282.6,62.64,360.0,1,1,1.851,TEXT_EXPANSION_GT_1_35,C:/hades/Hecton8/Docs/Lore/AppliedContent/packets/RS056_NATIVE_LOCALIZATION_REVIEW_PACK.packets.json
RS056_NATIVE_LOCALIZATION_REVIEW_PACK,P277_CJK_REVIEW_LOCK,ko_KR,scanner,48,397.76,397.76,59.2,460.0,1,2,1.409,TEXT_EXPANSION_GT_1_35,C:/hades/Hecton8/Docs/Lore/AppliedContent/packets/RS056_NATIVE_LOCALIZATION_REVIEW_PACK.packets.json
RS056_NATIVE_LOCALIZATION_REVIEW_PACK,P277_CJK_REVIEW_LOCK,ko_KR,terminal,101,785.7,459.6,111.3,520.0,2,2,1.16,,C:/hades/Hecton8/Docs/Lore/AppliedContent/packets/RS056_NATIVE_LOCALIZATION_REVIEW_PACK.packets.json
RS056_NATIVE_LOCALIZATION_REVIEW_PACK,P277_CJK_REVIEW_LOCK,ko_KR,audio,64,583.92,583.92,81.0,620.0,1,2,1.286,,C:/hades/Hecton8/Docs/Lore/AppliedContent/packets/RS056_NATIVE_LOCALIZATION_REVIEW_PACK.packets.json
RS056_NATIVE_LOCALIZATION_REVIEW_PACK,P277_CJK_REVIEW_LOCK,ko_KR,in_game_wiki,99,783.6,616.8,72.6,620.0,2,5,1.16,,C:/hades/Hecton8/Docs/Lore/AppliedContent/packets/RS056_NATIVE_LOCALIZATION_REVIEW_PACK.packets.json
RS056_NATIVE_LOCALIZATION_REVIEW_PACK,P277_CJK_REVIEW_LOCK,ko_KR,external_site,105,881.6,670.08,91.2,680.0,2,4,1.151,,C:/hades/Hecton8/Docs/Lore/AppliedContent/packets/RS056_NATIVE_LOCALIZATION_REVIEW_PACK.packets.json
RS056_NATIVE_LOCALIZATION_REVIEW_PACK,P277_CJK_REVIEW_LOCK,ko_KR,field_note,135,965.44,543.2,150.36,560.0,2,3,1.117,,C:/hades/Hecton8/Docs/Lore/AppliedContent/packets/RS056_NATIVE_LOCALIZATION_REVIEW_PACK.packets.json
RS056_NATIVE_LOCALIZATION_REVIEW_PACK,P277_CJK_REVIEW_LOCK,he_IL,title,28,282.6,282.6,62.64,360.0,1,1,1.851,TEXT_EXPANSION_GT_1_35,C:/hades/Hecton8/Docs/Lore/AppliedContent/packets/RS056_NATIVE_LOCALIZATION_REVIEW_PACK.packets.json
RS056_NATIVE_LOCALIZATION_REVIEW_PACK,P277_CJK_REVIEW_LOCK,he_IL,scanner,48,397.76,397.76,59.2,460.0,1,2,1.409,TEXT_EXPANSION_GT_1_35,C:/hades/Hecton8/Docs/Lore/AppliedContent/packets/RS056_NATIVE_LOCALIZATION_REVIEW_PACK.packets.json
RS056_NATIVE_LOCALIZATION_REVIEW_PACK,P277_CJK_REVIEW_LOCK,he_IL,terminal,101,785.7,459.6,111.3,520.0,2,2,1.16,,C:/hades/Hecton8/Docs/Lore/AppliedContent/packets/RS056_NATIVE_LOCALIZATION_REVIEW_PACK.packets.json
RS056_NATIVE_LOCALIZATION_REVIEW_PACK,P277_CJK_REVIEW_LOCK,he_IL,audio,64,583.92,583.92,81.0,620.0,1,2,1.286,,C:/hades/Hecton8/Docs/Lore/AppliedContent/packets/RS056_NATIVE_LOCALIZATION_REVIEW_PACK.packets.json
RS056_NATIVE_LOCALIZATION_REVIEW_PACK,P277_CJK_REVIEW_LOCK,he_IL,in_game_wiki,99,783.6,616.8,72.6,620.0,2,5,1.16,,C:/hades/Hecton8/Docs/Lore/AppliedContent/packets/RS056_NATIVE_LOCALIZATION_REVIEW_PACK.packets.json
RS056_NATIVE_LOCALIZATION_REVIEW_PACK,P277_CJK_REVIEW_LOCK,he_IL,external_site,105,881.6,670.08,91.2,680.0,2,4,1.151,,C:/hades/Hecton8/Docs/Lore/AppliedContent/packets/RS056_NATIVE_LOCALIZATION_REVIEW_PACK.packets.json
RS056_NATIVE_LOCALIZATION_REVIEW_PACK,P277_CJK_REVIEW_LOCK,he_IL,field_note,135,965.44,543.2,150.36,560.0,2,3,1.117,,C:/hades/Hecton8/Docs/Lore/AppliedContent/packets/RS056_NATIVE_LOCALIZATION_REVIEW_PACK.packets.json
RS056_NATIVE_LOCALIZATION_REVIEW_PACK,P277_CJK_REVIEW_LOCK,pt_BR,title,31,312.48,312.48,62.64,360.0,1,1,2.047,TEXT_EXPANSION_GT_1_35,C:/hades/Hecton8/Docs/Lore/AppliedContent/packets/RS056_NATIVE_LOCALIZATION_REVIEW_PACK.packets.json
RS056_NATIVE_LOCALIZATION_REVIEW_PACK,P277_CJK_REVIEW_LOCK,pt_BR,scanner,51,424.32,424.32,59.2,460.0,1,2,1.503,TEXT_EXPANSION_GT_1_35,C:/hades/Hecton8/Docs/Lore/AppliedContent/packets/RS056_NATIVE_LOCALIZATION_REVIEW_PACK.packets.json
RS056_NATIVE_LOCALIZATION_REVIEW_PACK,P277_CJK_REVIEW_LOCK,pt_BR,terminal,104,810.6,484.5,111.3,520.0,2,2,1.197,,C:/hades/Hecton8/Docs/Lore/AppliedContent/packets/RS056_NATIVE_LOCALIZATION_REVIEW_PACK.packets.json
RS056_NATIVE_LOCALIZATION_REVIEW_PACK,P277_CJK_REVIEW_LOCK,pt_BR,audio,67,613.8,613.8,81.0,620.0,1,2,1.352,TEXT_EXPANSION_GT_1_35,C:/hades/Hecton8/Docs/Lore/AppliedContent/packets/RS056_NATIVE_LOCALIZATION_REVIEW_PACK.packets.json
RS056_NATIVE_LOCALIZATION_REVIEW_PACK,P277_CJK_REVIEW_LOCK,pt_BR,in_game_wiki,102,808.5,611.4,72.6,620.0,2,5,1.197,,C:/hades/Hecton8/Docs/Lore/AppliedContent/packets/RS056_NATIVE_LOCALIZATION_REVIEW_PACK.packets.json
RS056_NATIVE_LOCALIZATION_REVIEW_PACK,P277_CJK_REVIEW_LOCK,pt_BR,external_site,108,908.16,637.44,91.2,680.0,2,4,1.185,,C:/hades/Hecton8/Docs/Lore/AppliedContent/packets/RS056_NATIVE_LOCALIZATION_REVIEW_PACK.packets.json
RS056_NATIVE_LOCALIZATION_REVIEW_PACK,P277_CJK_REVIEW_LOCK,pt_BR,field_note,138,988.68,515.2,150.36,560.0,2,3,1.144,,C:/hades/Hecton8/Docs/Lore/AppliedContent/packets/RS056_NATIVE_LOCALIZATION_REVIEW_PACK.packets.json
RS056_NATIVE_LOCALIZATION_REVIEW_PACK,P277_CJK_REVIEW_LOCK,nl_NL,title,28,282.6,282.6,62.64,360.0,1,1,1.851,TEXT_EXPANSION_GT_1_35,C:/hades/Hecton8/Docs/Lore/AppliedContent/packets/RS056_NATIVE_LOCALIZATION_REVIEW_PACK.packets.json
RS056_NATIVE_LOCALIZATION_REVIEW_PACK,P277_CJK_REVIEW_LOCK,nl_NL,scanner,48,397.76,397.76,59.2,460.0,1,2,1.409,TEXT_EXPANSION_GT_1_35,C:/hades/Hecton8/Docs/Lore/AppliedContent/packets/RS056_NATIVE_LOCALIZATION_REVIEW_PACK.packets.json
RS056_NATIVE_LOCALIZATION_REVIEW_PACK,P277_CJK_REVIEW_LOCK,nl_NL,terminal,101,785.7,459.6,111.3,520.0,2,2,1.16,,C:/hades/Hecton8/Docs/Lore/AppliedContent/packets/RS056_NATIVE_LOCALIZATION_REVIEW_PACK.packets.json
RS056_NATIVE_LOCALIZATION_REVIEW_PACK,P277_CJK_REVIEW_LOCK,nl_NL,audio,64,583.92,583.92,81.0,620.0,1,2,1.286,,C:/hades/Hecton8/Docs/Lore/AppliedContent/packets/RS056_NATIVE_LOCALIZATION_REVIEW_PACK.packets.json
RS056_NATIVE_LOCALIZATION_REVIEW_PACK,P277_CJK_REVIEW_LOCK,nl_NL,in_game_wiki,99,783.6,616.8,72.6,620.0,2,5,1.16,,C:/hades/Hecton8/Docs/Lore/AppliedContent/packets/RS056_NATIVE_LOCALIZATION_REVIEW_PACK.packets.json
RS056_NATIVE_LOCALIZATION_REVIEW_PACK,P277_CJK_REVIEW_LOCK,nl_NL,external_site,105,881.6,670.08,91.2,680.0,2,4,1.151,,C:/hades/Hecton8/Docs/Lore/AppliedContent/packets/RS056_NATIVE_LOCALIZATION_REVIEW_PACK.packets.json
RS056_NATIVE_LOCALIZATION_REVIEW_PACK,P277_CJK_REVIEW_LOCK,nl_NL,field_note,135,965.44,543.2,150.36,560.0,2,3,1.117,,C:/hades/Hecton8/Docs/Lore/AppliedContent/packets/RS056_NATIVE_LOCALIZATION_REVIEW_PACK.packets.json
RS056_NATIVE_LOCALIZATION_REVIEW_PACK,P278_RTL_REVIEW_LOCK,en_US,title,15,152.64,152.64,62.64,360.0,1,1,1.0,,C:/hades/Hecton8/Docs/Lore/AppliedContent/packets/RS056_NATIVE_LOCALIZATION_REVIEW_PACK.packets.json
RS056_NATIVE_LOCALIZATION_REVIEW_PACK,P278_RTL_REVIEW_LOCK,en_US,scanner,40,318.08,318.08,89.92,460.0,1,2,1.0,,C:/hades/Hecton8/Docs/Lore/AppliedContent/packets/RS056_NATIVE_LOCALIZATION_REVIEW_PACK.packets.json
RS056_NATIVE_LOCALIZATION_REVIEW_PACK,P278_RTL_REVIEW_LOCK,en_US,terminal,87,662.4,518.4,67.5,520.0,2,2,1.0,,C:/hades/Hecton8/Docs/Lore/AppliedContent/packets/RS056_NATIVE_LOCALIZATION_REVIEW_PACK.packets.json
RS056_NATIVE_LOCALIZATION_REVIEW_PACK,P278_RTL_REVIEW_LOCK,en_US,audio,46,415.44,415.44,82.08,620.0,1,2,1.0,,C:/hades/Hecton8/Docs/Lore/AppliedContent/packets/RS056_NATIVE_LOCALIZATION_REVIEW_PACK.packets.json
RS056_NATIVE_LOCALIZATION_REVIEW_PACK,P278_RTL_REVIEW_LOCK,en_US,in_game_wiki,54,430.2,430.2,55.8,620.0,1,5,1.0,,C:/hades/Hecton8/Docs/Lore/AppliedContent/packets/RS056_NATIVE_LOCALIZATION_REVIEW_PACK.packets.json
RS056_NATIVE_LOCALIZATION_REVIEW_PACK,P278_RTL_REVIEW_LOCK,en_US,external_site,98,811.84,683.52,101.12,680.0,2,4,1.0,,C:/hades/Hecton8/Docs/Lore/AppliedContent/packets/RS056_NATIVE_LOCALIZATION_REVIEW_PACK.packets.json
RS056_NATIVE_LOCALIZATION_REVIEW_PACK,P278_RTL_REVIEW_LOCK,en_US,field_note,113,802.2,513.8,152.04,560.0,2,3,1.0,,C:/hades/Hecton8/Docs/Lore/AppliedContent/packets/RS056_NATIVE_LOCALIZATION_REVIEW_PACK.packets.json
RS056_NATIVE_LOCALIZATION_REVIEW_PACK,P278_RTL_REVIEW_LOCK,ru_RU,title,19,189.0,189.0,60.84,360.0,1,1,1.238,,C:/hades/Hecton8/Docs/Lore/AppliedContent/packets/RS056_NATIVE_LOCALIZATION_REVIEW_PACK.packets.json
RS056_NATIVE_LOCALIZATION_REVIEW_PACK,P278_RTL_REVIEW_LOCK,ru_RU,scanner,34,283.2,283.2,103.04,460.0,1,2,0.89,,C:/hades/Hecton8/Docs/Lore/AppliedContent/packets/RS056_NATIVE_LOCALIZATION_REVIEW_PACK.packets.json
RS056_NATIVE_LOCALIZATION_REVIEW_PACK,P278_RTL_REVIEW_LOCK,ru_RU,terminal,87,662.4,518.4,67.5,520.0,2,2,1.0,,C:/hades/Hecton8/Docs/Lore/AppliedContent/packets/RS056_NATIVE_LOCALIZATION_REVIEW_PACK.packets.json
RS056_NATIVE_LOCALIZATION_REVIEW_PACK,P278_RTL_REVIEW_LOCK,ru_RU,audio,46,451.8,451.8,114.84,620.0,1,2,1.088,,C:/hades/Hecton8/Docs/Lore/AppliedContent/packets/RS056_NATIVE_LOCALIZATION_REVIEW_PACK.packets.json
RS056_NATIVE_LOCALIZATION_REVIEW_PACK,P278_RTL_REVIEW_LOCK,ru_RU,in_game_wiki,55,441.0,441.0,59.7,620.0,1,5,1.025,,C:/hades/Hecton8/Docs/Lore/AppliedContent/packets/RS056_NATIVE_LOCALIZATION_REVIEW_PACK.packets.json
RS056_NATIVE_LOCALIZATION_REVIEW_PACK,P278_RTL_REVIEW_LOCK,ru_RU,external_site,79,674.88,674.88,139.2,680.0,1,4,0.831,,C:/hades/Hecton8/Docs/Lore/AppliedContent/packets/RS056_NATIVE_LOCALIZATION_REVIEW_PACK.packets.json
RS056_NATIVE_LOCALIZATION_REVIEW_PACK,P278_RTL_REVIEW_LOCK,ru_RU,field_note,111,786.8,513.8,152.04,560.0,2,3,0.981,,C:/hades/Hecton8/Docs/Lore/AppliedContent/packets/RS056_NATIVE_LOCALIZATION_REVIEW_PACK.packets.json
RS056_NATIVE_LOCALIZATION_REVIEW_PACK,P278_RTL_REVIEW_LOCK,ja_JP,title,28,282.6,282.6,62.64,360.0,1,1,1.851,TEXT_EXPANSION_GT_1_35,C:/hades/Hecton8/Docs/Lore/AppliedContent/packets/RS056_NATIVE_LOCALIZATION_REVIEW_PACK.packets.json
RS056_NATIVE_LOCALIZATION_REVIEW_PACK,P278_RTL_REVIEW_LOCK,ja_JP,scanner,53,433.6,433.6,89.92,460.0,1,2,1.363,TEXT_EXPANSION_GT_1_35,C:/hades/Hecton8/Docs/Lore/AppliedContent/packets/RS056_NATIVE_LOCALIZATION_REVIEW_PACK.packets.json
RS056_NATIVE_LOCALIZATION_REVIEW_PACK,P278_RTL_REVIEW_LOCK,ja_JP,terminal,100,770.7,498.3,67.5,520.0,2,2,1.163,,C:/hades/Hecton8/Docs/Lore/AppliedContent/packets/RS056_NATIVE_LOCALIZATION_REVIEW_PACK.packets.json
RS056_NATIVE_LOCALIZATION_REVIEW_PACK,P278_RTL_REVIEW_LOCK,ja_JP,audio,59,545.4,545.4,82.08,620.0,1,2,1.313,,C:/hades/Hecton8/Docs/Lore/AppliedContent/packets/RS056_NATIVE_LOCALIZATION_REVIEW_PACK.packets.json
RS056_NATIVE_LOCALIZATION_REVIEW_PACK,P278_RTL_REVIEW_LOCK,ja_JP,in_game_wiki,67,538.5,538.5,55.8,620.0,1,5,1.252,,C:/hades/Hecton8/Docs/Lore/AppliedContent/packets/RS056_NATIVE_LOCALIZATION_REVIEW_PACK.packets.json
RS056_NATIVE_LOCALIZATION_REVIEW_PACK,P278_RTL_REVIEW_LOCK,ja_JP,external_site,111,927.36,656.64,101.12,680.0,2,4,1.142,,C:/hades/Hecton8/Docs/Lore/AppliedContent/packets/RS056_NATIVE_LOCALIZATION_REVIEW_PACK.packets.json
RS056_NATIVE_LOCALIZATION_REVIEW_PACK,P278_RTL_REVIEW_LOCK,ja_JP,field_note,126,903.28,503.16,152.04,560.0,2,3,1.126,,C:/hades/Hecton8/Docs/Lore/AppliedContent/packets/RS056_NATIVE_LOCALIZATION_REVIEW_PACK.packets.json
RS056_NATIVE_LOCALIZATION_REVIEW_PACK,P278_RTL_REVIEW_LOCK,zh_CN,title,28,282.6,282.6,62.64,360.0,1,1,1.851,TEXT_EXPANSION_GT_1_35,C:/hades/Hecton8/Docs/Lore/AppliedContent/packets/RS056_NATIVE_LOCALIZATION_REVIEW_PACK.packets.json
RS056_NATIVE_LOCALIZATION_REVIEW_PACK,P278_RTL_REVIEW_LOCK,zh_CN,scanner,53,433.6,433.6,89.92,460.0,1,2,1.363,TEXT_EXPANSION_GT_1_35,C:/hades/Hecton8/Docs/Lore/AppliedContent/packets/RS056_NATIVE_LOCALIZATION_REVIEW_PACK.packets.json
RS056_NATIVE_LOCALIZATION_REVIEW_PACK,P278_RTL_REVIEW_LOCK,zh_CN,terminal,100,770.7,498.3,67.5,520.0,2,2,1.163,,C:/hades/Hecton8/Docs/Lore/AppliedContent/packets/RS056_NATIVE_LOCALIZATION_REVIEW_PACK.packets.json
RS056_NATIVE_LOCALIZATION_REVIEW_PACK,P278_RTL_REVIEW_LOCK,zh_CN,audio,59,545.4,545.4,82.08,620.0,1,2,1.313,,C:/hades/Hecton8/Docs/Lore/AppliedContent/packets/RS056_NATIVE_LOCALIZATION_REVIEW_PACK.packets.json
RS056_NATIVE_LOCALIZATION_REVIEW_PACK,P278_RTL_REVIEW_LOCK,zh_CN,in_game_wiki,67,538.5,538.5,55.8,620.0,1,5,1.252,,C:/hades/Hecton8/Docs/Lore/AppliedContent/packets/RS056_NATIVE_LOCALIZATION_REVIEW_PACK.packets.json
RS056_NATIVE_LOCALIZATION_REVIEW_PACK,P278_RTL_REVIEW_LOCK,zh_CN,external_site,111,927.36,656.64,101.12,680.0,2,4,1.142,,C:/hades/Hecton8/Docs/Lore/AppliedContent/packets/RS056_NATIVE_LOCALIZATION_REVIEW_PACK.packets.json
RS056_NATIVE_LOCALIZATION_REVIEW_PACK,P278_RTL_REVIEW_LOCK,zh_CN,field_note,126,903.28,503.16,152.04,560.0,2,3,1.126,,C:/hades/Hecton8/Docs/Lore/AppliedContent/packets/RS056_NATIVE_LOCALIZATION_REVIEW_PACK.packets.json
RS056_NATIVE_LOCALIZATION_REVIEW_PACK,P278_RTL_REVIEW_LOCK,fr_FR,title,28,282.6,282.6,62.64,360.0,1,1,1.851,TEXT_EXPANSION_GT_1_35,C:/hades/Hecton8/Docs/Lore/AppliedContent/packets/RS056_NATIVE_LOCALIZATION_REVIEW_PACK.packets.json
RS056_NATIVE_LOCALIZATION_REVIEW_PACK,P278_RTL_REVIEW_LOCK,fr_FR,scanner,53,433.6,433.6,89.92,460.0,1,2,1.363,TEXT_EXPANSION_GT_1_35,C:/hades/Hecton8/Docs/Lore/AppliedContent/packets/RS056_NATIVE_LOCALIZATION_REVIEW_PACK.packets.json
RS056_NATIVE_LOCALIZATION_REVIEW_PACK,P278_RTL_REVIEW_LOCK,fr_FR,terminal,100,770.7,498.3,67.5,520.0,2,2,1.163,,C:/hades/Hecton8/Docs/Lore/AppliedContent/packets/RS056_NATIVE_LOCALIZATION_REVIEW_PACK.packets.json
RS056_NATIVE_LOCALIZATION_REVIEW_PACK,P278_RTL_REVIEW_LOCK,fr_FR,audio,59,545.4,545.4,82.08,620.0,1,2,1.313,,C:/hades/Hecton8/Docs/Lore/AppliedContent/packets/RS056_NATIVE_LOCALIZATION_REVIEW_PACK.packets.json
RS056_NATIVE_LOCALIZATION_REVIEW_PACK,P278_RTL_REVIEW_LOCK,fr_FR,in_game_wiki,67,538.5,538.5,55.8,620.0,1,5,1.252,,C:/hades/Hecton8/Docs/Lore/AppliedContent/packets/RS056_NATIVE_LOCALIZATION_REVIEW_PACK.packets.json
RS056_NATIVE_LOCALIZATION_REVIEW_PACK,P278_RTL_REVIEW_LOCK,fr_FR,external_site,111,927.36,656.64,101.12,680.0,2,4,1.142,,C:/hades/Hecton8/Docs/Lore/AppliedContent/packets/RS056_NATIVE_LOCALIZATION_REVIEW_PACK.packets.json
RS056_NATIVE_LOCALIZATION_REVIEW_PACK,P278_RTL_REVIEW_LOCK,fr_FR,field_note,126,903.28,503.16,152.04,560.0,2,3,1.126,,C:/hades/Hecton8/Docs/Lore/AppliedContent/packets/RS056_NATIVE_LOCALIZATION_REVIEW_PACK.packets.json
RS056_NATIVE_LOCALIZATION_REVIEW_PACK,P278_RTL_REVIEW_LOCK,es_ES,title,28,282.6,282.6,62.64,360.0,1,1,1.851,TEXT_EXPANSION_GT_1_35,C:/hades/Hecton8/Docs/Lore/AppliedContent/packets/RS056_NATIVE_LOCALIZATION_REVIEW_PACK.packets.json
RS056_NATIVE_LOCALIZATION_REVIEW_PACK,P278_RTL_REVIEW_LOCK,es_ES,scanner,53,433.6,433.6,89.92,460.0,1,2,1.363,TEXT_EXPANSION_GT_1_35,C:/hades/Hecton8/Docs/Lore/AppliedContent/packets/RS056_NATIVE_LOCALIZATION_REVIEW_PACK.packets.json
RS056_NATIVE_LOCALIZATION_REVIEW_PACK,P278_RTL_REVIEW_LOCK,es_ES,terminal,100,770.7,498.3,67.5,520.0,2,2,1.163,,C:/hades/Hecton8/Docs/Lore/AppliedContent/packets/RS056_NATIVE_LOCALIZATION_REVIEW_PACK.packets.json
RS056_NATIVE_LOCALIZATION_REVIEW_PACK,P278_RTL_REVIEW_LOCK,es_ES,audio,59,545.4,545.4,82.08,620.0,1,2,1.313,,C:/hades/Hecton8/Docs/Lore/AppliedContent/packets/RS056_NATIVE_LOCALIZATION_REVIEW_PACK.packets.json
RS056_NATIVE_LOCALIZATION_REVIEW_PACK,P278_RTL_REVIEW_LOCK,es_ES,in_game_wiki,67,538.5,538.5,55.8,620.0,1,5,1.252,,C:/hades/Hecton8/Docs/Lore/AppliedContent/packets/RS056_NATIVE_LOCALIZATION_REVIEW_PACK.packets.json
RS056_NATIVE_LOCALIZATION_REVIEW_PACK,P278_RTL_REVIEW_LOCK,es_ES,external_site,111,927.36,656.64,101.12,680.0,2,4,1.142,,C:/hades/Hecton8/Docs/Lore/AppliedContent/packets/RS056_NATIVE_LOCALIZATION_REVIEW_PACK.packets.json
RS056_NATIVE_LOCALIZATION_REVIEW_PACK,P278_RTL_REVIEW_LOCK,es_ES,field_note,126,903.28,503.16,152.04,560.0,2,3,1.126,,C:/hades/Hecton8/Docs/Lore/AppliedContent/packets/RS056_NATIVE_LOCALIZATION_REVIEW_PACK.packets.json
RS056_NATIVE_LOCALIZATION_REVIEW_PACK,P278_RTL_REVIEW_LOCK,de_DE,title,28,282.6,282.6,62.64,360.0,1,1,1.851,TEXT_EXPANSION_GT_1_35,C:/hades/Hecton8/Docs/Lore/AppliedContent/packets/RS056_NATIVE_LOCALIZATION_REVIEW_PACK.packets.json
RS056_NATIVE_LOCALIZATION_REVIEW_PACK,P278_RTL_REVIEW_LOCK,de_DE,scanner,53,433.6,433.6,89.92,460.0,1,2,1.363,TEXT_EXPANSION_GT_1_35,C:/hades/Hecton8/Docs/Lore/AppliedContent/packets/RS056_NATIVE_LOCALIZATION_REVIEW_PACK.packets.json
RS056_NATIVE_LOCALIZATION_REVIEW_PACK,P278_RTL_REVIEW_LOCK,de_DE,terminal,100,770.7,498.3,67.5,520.0,2,2,1.163,,C:/hades/Hecton8/Docs/Lore/AppliedContent/packets/RS056_NATIVE_LOCALIZATION_REVIEW_PACK.packets.json
RS056_NATIVE_LOCALIZATION_REVIEW_PACK,P278_RTL_REVIEW_LOCK,de_DE,audio,59,545.4,545.4,82.08,620.0,1,2,1.313,,C:/hades/Hecton8/Docs/Lore/AppliedContent/packets/RS056_NATIVE_LOCALIZATION_REVIEW_PACK.packets.json
RS056_NATIVE_LOCALIZATION_REVIEW_PACK,P278_RTL_REVIEW_LOCK,de_DE,in_game_wiki,67,538.5,538.5,55.8,620.0,1,5,1.252,,C:/hades/Hecton8/Docs/Lore/AppliedContent/packets/RS056_NATIVE_LOCALIZATION_REVIEW_PACK.packets.json
RS056_NATIVE_LOCALIZATION_REVIEW_PACK,P278_RTL_REVIEW_LOCK,de_DE,external_site,111,927.36,656.64,101.12,680.0,2,4,1.142,,C:/hades/Hecton8/Docs/Lore/AppliedContent/packets/RS056_NATIVE_LOCALIZATION_REVIEW_PACK.packets.json
RS056_NATIVE_LOCALIZATION_REVIEW_PACK,P278_RTL_REVIEW_LOCK,de_DE,field_note,126,903.28,503.16,152.04,560.0,2,3,1.126,,C:/hades/Hecton8/Docs/Lore/AppliedContent/packets/RS056_NATIVE_LOCALIZATION_REVIEW_PACK.packets.json
RS056_NATIVE_LOCALIZATION_REVIEW_PACK,P278_RTL_REVIEW_LOCK,pl_PL,title,28,282.6,282.6,62.64,360.0,1,1,1.851,TEXT_EXPANSION_GT_1_35,C:/hades/Hecton8/Docs/Lore/AppliedContent/packets/RS056_NATIVE_LOCALIZATION_REVIEW_PACK.packets.json
RS056_NATIVE_LOCALIZATION_REVIEW_PACK,P278_RTL_REVIEW_LOCK,pl_PL,scanner,53,433.6,433.6,89.92,460.0,1,2,1.363,TEXT_EXPANSION_GT_1_35,C:/hades/Hecton8/Docs/Lore/AppliedContent/packets/RS056_NATIVE_LOCALIZATION_REVIEW_PACK.packets.json
RS056_NATIVE_LOCALIZATION_REVIEW_PACK,P278_RTL_REVIEW_LOCK,pl_PL,terminal,100,770.7,498.3,67.5,520.0,2,2,1.163,,C:/hades/Hecton8/Docs/Lore/AppliedContent/packets/RS056_NATIVE_LOCALIZATION_REVIEW_PACK.packets.json
RS056_NATIVE_LOCALIZATION_REVIEW_PACK,P278_RTL_REVIEW_LOCK,pl_PL,audio,59,545.4,545.4,82.08,620.0,1,2,1.313,,C:/hades/Hecton8/Docs/Lore/AppliedContent/packets/RS056_NATIVE_LOCALIZATION_REVIEW_PACK.packets.json
RS056_NATIVE_LOCALIZATION_REVIEW_PACK,P278_RTL_REVIEW_LOCK,pl_PL,in_game_wiki,67,538.5,538.5,55.8,620.0,1,5,1.252,,C:/hades/Hecton8/Docs/Lore/AppliedContent/packets/RS056_NATIVE_LOCALIZATION_REVIEW_PACK.packets.json
RS056_NATIVE_LOCALIZATION_REVIEW_PACK,P278_RTL_REVIEW_LOCK,pl_PL,external_site,111,927.36,656.64,101.12,680.0,2,4,1.142,,C:/hades/Hecton8/Docs/Lore/AppliedContent/packets/RS056_NATIVE_LOCALIZATION_REVIEW_PACK.packets.json
RS056_NATIVE_LOCALIZATION_REVIEW_PACK,P278_RTL_REVIEW_LOCK,pl_PL,field_note,126,903.28,503.16,152.04,560.0,2,3,1.126,,C:/hades/Hecton8/Docs/Lore/AppliedContent/packets/RS056_NATIVE_LOCALIZATION_REVIEW_PACK.packets.json
RS056_NATIVE_LOCALIZATION_REVIEW_PACK,P278_RTL_REVIEW_LOCK,uk_UA,title,28,282.6,282.6,62.64,360.0,1,1,1.851,TEXT_EXPANSION_GT_1_35,C:/hades/Hecton8/Docs/Lore/AppliedContent/packets/RS056_NATIVE_LOCALIZATION_REVIEW_PACK.packets.json
RS056_NATIVE_LOCALIZATION_REVIEW_PACK,P278_RTL_REVIEW_LOCK,uk_UA,scanner,53,433.6,433.6,89.92,460.0,1,2,1.363,TEXT_EXPANSION_GT_1_35,C:/hades/Hecton8/Docs/Lore/AppliedContent/packets/RS056_NATIVE_LOCALIZATION_REVIEW_PACK.packets.json
RS056_NATIVE_LOCALIZATION_REVIEW_PACK,P278_RTL_REVIEW_LOCK,uk_UA,terminal,100,770.7,498.3,67.5,520.0,2,2,1.163,,C:/hades/Hecton8/Docs/Lore/AppliedContent/packets/RS056_NATIVE_LOCALIZATION_REVIEW_PACK.packets.json
RS056_NATIVE_LOCALIZATION_REVIEW_PACK,P278_RTL_REVIEW_LOCK,uk_UA,audio,59,545.4,545.4,82.08,620.0,1,2,1.313,,C:/hades/Hecton8/Docs/Lore/AppliedContent/packets/RS056_NATIVE_LOCALIZATION_REVIEW_PACK.packets.json
RS056_NATIVE_LOCALIZATION_REVIEW_PACK,P278_RTL_REVIEW_LOCK,uk_UA,in_game_wiki,67,538.5,538.5,55.8,620.0,1,5,1.252,,C:/hades/Hecton8/Docs/Lore/AppliedContent/packets/RS056_NATIVE_LOCALIZATION_REVIEW_PACK.packets.json
RS056_NATIVE_LOCALIZATION_REVIEW_PACK,P278_RTL_REVIEW_LOCK,uk_UA,external_site,111,927.36,656.64,101.12,680.0,2,4,1.142,,C:/hades/Hecton8/Docs/Lore/AppliedContent/packets/RS056_NATIVE_LOCALIZATION_REVIEW_PACK.packets.json
RS056_NATIVE_LOCALIZATION_REVIEW_PACK,P278_RTL_REVIEW_LOCK,uk_UA,field_note,126,903.28,503.16,152.04,560.0,2,3,1.126,,C:/hades/Hecton8/Docs/Lore/AppliedContent/packets/RS056_NATIVE_LOCALIZATION_REVIEW_PACK.packets.json
RS056_NATIVE_LOCALIZATION_REVIEW_PACK,P278_RTL_REVIEW_LOCK,ar_SA,title,28,282.6,282.6,62.64,360.0,1,1,1.851,TEXT_EXPANSION_GT_1_35,C:/hades/Hecton8/Docs/Lore/AppliedContent/packets/RS056_NATIVE_LOCALIZATION_REVIEW_PACK.packets.json
RS056_NATIVE_LOCALIZATION_REVIEW_PACK,P278_RTL_REVIEW_LOCK,ar_SA,scanner,53,433.6,433.6,89.92,460.0,1,2,1.363,TEXT_EXPANSION_GT_1_35,C:/hades/Hecton8/Docs/Lore/AppliedContent/packets/RS056_NATIVE_LOCALIZATION_REVIEW_PACK.packets.json
RS056_NATIVE_LOCALIZATION_REVIEW_PACK,P278_RTL_REVIEW_LOCK,ar_SA,terminal,100,770.7,498.3,67.5,520.0,2,2,1.163,,C:/hades/Hecton8/Docs/Lore/AppliedContent/packets/RS056_NATIVE_LOCALIZATION_REVIEW_PACK.packets.json
RS056_NATIVE_LOCALIZATION_REVIEW_PACK,P278_RTL_REVIEW_LOCK,ar_SA,audio,59,545.4,545.4,82.08,620.0,1,2,1.313,,C:/hades/Hecton8/Docs/Lore/AppliedContent/packets/RS056_NATIVE_LOCALIZATION_REVIEW_PACK.packets.json
RS056_NATIVE_LOCALIZATION_REVIEW_PACK,P278_RTL_REVIEW_LOCK,ar_SA,in_game_wiki,67,538.5,538.5,55.8,620.0,1,5,1.252,,C:/hades/Hecton8/Docs/Lore/AppliedContent/packets/RS056_NATIVE_LOCALIZATION_REVIEW_PACK.packets.json
RS056_NATIVE_LOCALIZATION_REVIEW_PACK,P278_RTL_REVIEW_LOCK,ar_SA,external_site,111,927.36,656.64,101.12,680.0,2,4,1.142,,C:/hades/Hecton8/Docs/Lore/AppliedContent/packets/RS056_NATIVE_LOCALIZATION_REVIEW_PACK.packets.json
RS056_NATIVE_LOCALIZATION_REVIEW_PACK,P278_RTL_REVIEW_LOCK,ar_SA,field_note,126,903.28,503.16,152.04,560.0,2,3,1.126,,C:/hades/Hecton8/Docs/Lore/AppliedContent/packets/RS056_NATIVE_LOCALIZATION_REVIEW_PACK.packets.json
RS056_NATIVE_LOCALIZATION_REVIEW_PACK,P278_RTL_REVIEW_LOCK,id_ID,title,28,282.6,282.6,62.64,360.0,1,1,1.851,TEXT_EXPANSION_GT_1_35,C:/hades/Hecton8/Docs/Lore/AppliedContent/packets/RS056_NATIVE_LOCALIZATION_REVIEW_PACK.packets.json
RS056_NATIVE_LOCALIZATION_REVIEW_PACK,P278_RTL_REVIEW_LOCK,id_ID,scanner,53,433.6,433.6,89.92,460.0,1,2,1.363,TEXT_EXPANSION_GT_1_35,C:/hades/Hecton8/Docs/Lore/AppliedContent/packets/RS056_NATIVE_LOCALIZATION_REVIEW_PACK.packets.json
RS056_NATIVE_LOCALIZATION_REVIEW_PACK,P278_RTL_REVIEW_LOCK,id_ID,terminal,100,770.7,498.3,67.5,520.0,2,2,1.163,,C:/hades/Hecton8/Docs/Lore/AppliedContent/packets/RS056_NATIVE_LOCALIZATION_REVIEW_PACK.packets.json
RS056_NATIVE_LOCALIZATION_REVIEW_PACK,P278_RTL_REVIEW_LOCK,id_ID,audio,59,545.4,545.4,82.08,620.0,1,2,1.313,,C:/hades/Hecton8/Docs/Lore/AppliedContent/packets/RS056_NATIVE_LOCALIZATION_REVIEW_PACK.packets.json
RS056_NATIVE_LOCALIZATION_REVIEW_PACK,P278_RTL_REVIEW_LOCK,id_ID,in_game_wiki,67,538.5,538.5,55.8,620.0,1,5,1.252,,C:/hades/Hecton8/Docs/Lore/AppliedContent/packets/RS056_NATIVE_LOCALIZATION_REVIEW_PACK.packets.json
RS056_NATIVE_LOCALIZATION_REVIEW_PACK,P278_RTL_REVIEW_LOCK,id_ID,external_site,111,927.36,656.64,101.12,680.0,2,4,1.142,,C:/hades/Hecton8/Docs/Lore/AppliedContent/packets/RS056_NATIVE_LOCALIZATION_REVIEW_PACK.packets.json
RS056_NATIVE_LOCALIZATION_REVIEW_PACK,P278_RTL_REVIEW_LOCK,id_ID,field_note,126,903.28,503.16,152.04,560.0,2,3,1.126,,C:/hades/Hecton8/Docs/Lore/AppliedContent/packets/RS056_NATIVE_LOCALIZATION_REVIEW_PACK.packets.json
RS056_NATIVE_LOCALIZATION_REVIEW_PACK,P278_RTL_REVIEW_LOCK,ko_KR,title,28,282.6,282.6,62.64,360.0,1,1,1.851,TEXT_EXPANSION_GT_1_35,C:/hades/Hecton8/Docs/Lore/AppliedContent/packets/RS056_NATIVE_LOCALIZATION_REVIEW_PACK.packets.json
RS056_NATIVE_LOCALIZATION_REVIEW_PACK,P278_RTL_REVIEW_LOCK,ko_KR,scanner,53,433.6,433.6,89.92,460.0,1,2,1.363,TEXT_EXPANSION_GT_1_35,C:/hades/Hecton8/Docs/Lore/AppliedContent/packets/RS056_NATIVE_LOCALIZATION_REVIEW_PACK.packets.json
RS056_NATIVE_LOCALIZATION_REVIEW_PACK,P278_RTL_REVIEW_LOCK,ko_KR,terminal,100,770.7,498.3,67.5,520.0,2,2,1.163,,C:/hades/Hecton8/Docs/Lore/AppliedContent/packets/RS056_NATIVE_LOCALIZATION_REVIEW_PACK.packets.json
RS056_NATIVE_LOCALIZATION_REVIEW_PACK,P278_RTL_REVIEW_LOCK,ko_KR,audio,59,545.4,545.4,82.08,620.0,1,2,1.313,,C:/hades/Hecton8/Docs/Lore/AppliedContent/packets/RS056_NATIVE_LOCALIZATION_REVIEW_PACK.packets.json
RS056_NATIVE_LOCALIZATION_REVIEW_PACK,P278_RTL_REVIEW_LOCK,ko_KR,in_game_wiki,67,538.5,538.5,55.8,620.0,1,5,1.252,,C:/hades/Hecton8/Docs/Lore/AppliedContent/packets/RS056_NATIVE_LOCALIZATION_REVIEW_PACK.packets.json
RS056_NATIVE_LOCALIZATION_REVIEW_PACK,P278_RTL_REVIEW_LOCK,ko_KR,external_site,111,927.36,656.64,101.12,680.0,2,4,1.142,,C:/hades/Hecton8/Docs/Lore/AppliedContent/packets/RS056_NATIVE_LOCALIZATION_REVIEW_PACK.packets.json
RS056_NATIVE_LOCALIZATION_REVIEW_PACK,P278_RTL_REVIEW_LOCK,ko_KR,field_note,126,903.28,503.16,152.04,560.0,2,3,1.126,,C:/hades/Hecton8/Docs/Lore/AppliedContent/packets/RS056_NATIVE_LOCALIZATION_REVIEW_PACK.packets.json
RS056_NATIVE_LOCALIZATION_REVIEW_PACK,P278_RTL_REVIEW_LOCK,he_IL,title,28,282.6,282.6,62.64,360.0,1,1,1.851,TEXT_EXPANSION_GT_1_35,C:/hades/Hecton8/Docs/Lore/AppliedContent/packets/RS056_NATIVE_LOCALIZATION_REVIEW_PACK.packets.json
RS056_NATIVE_LOCALIZATION_REVIEW_PACK,P278_RTL_REVIEW_LOCK,he_IL,scanner,53,433.6,433.6,89.92,460.0,1,2,1.363,TEXT_EXPANSION_GT_1_35,C:/hades/Hecton8/Docs/Lore/AppliedContent/packets/RS056_NATIVE_LOCALIZATION_REVIEW_PACK.packets.json
RS056_NATIVE_LOCALIZATION_REVIEW_PACK,P278_RTL_REVIEW_LOCK,he_IL,terminal,100,770.7,498.3,67.5,520.0,2,2,1.163,,C:/hades/Hecton8/Docs/Lore/AppliedContent/packets/RS056_NATIVE_LOCALIZATION_REVIEW_PACK.packets.json
RS056_NATIVE_LOCALIZATION_REVIEW_PACK,P278_RTL_REVIEW_LOCK,he_IL,audio,59,545.4,545.4,82.08,620.0,1,2,1.313,,C:/hades/Hecton8/Docs/Lore/AppliedContent/packets/RS056_NATIVE_LOCALIZATION_REVIEW_PACK.packets.json
RS056_NATIVE_LOCALIZATION_REVIEW_PACK,P278_RTL_REVIEW_LOCK,he_IL,in_game_wiki,67,538.5,538.5,55.8,620.0,1,5,1.252,,C:/hades/Hecton8/Docs/Lore/AppliedContent/packets/RS056_NATIVE_LOCALIZATION_REVIEW_PACK.packets.json
RS056_NATIVE_LOCALIZATION_REVIEW_PACK,P278_RTL_REVIEW_LOCK,he_IL,external_site,111,927.36,656.64,101.12,680.0,2,4,1.142,,C:/hades/Hecton8/Docs/Lore/AppliedContent/packets/RS056_NATIVE_LOCALIZATION_REVIEW_PACK.packets.json
RS056_NATIVE_LOCALIZATION_REVIEW_PACK,P278_RTL_REVIEW_LOCK,he_IL,field_note,126,903.28,503.16,152.04,560.0,2,3,1.126,,C:/hades/Hecton8/Docs/Lore/AppliedContent/packets/RS056_NATIVE_LOCALIZATION_REVIEW_PACK.packets.json
RS056_NATIVE_LOCALIZATION_REVIEW_PACK,P278_RTL_REVIEW_LOCK,pt_BR,title,31,312.48,312.48,62.64,360.0,1,1,2.047,TEXT_EXPANSION_GT_1_35,C:/hades/Hecton8/Docs/Lore/AppliedContent/packets/RS056_NATIVE_LOCALIZATION_REVIEW_PACK.packets.json
RS056_NATIVE_LOCALIZATION_REVIEW_PACK,P278_RTL_REVIEW_LOCK,pt_BR,scanner,56,460.16,370.24,89.92,460.0,2,2,1.447,TEXT_EXPANSION_GT_1_35,C:/hades/Hecton8/Docs/Lore/AppliedContent/packets/RS056_NATIVE_LOCALIZATION_REVIEW_PACK.packets.json
RS056_NATIVE_LOCALIZATION_REVIEW_PACK,P278_RTL_REVIEW_LOCK,pt_BR,terminal,103,795.6,523.2,67.5,520.0,2,2,1.201,,C:/hades/Hecton8/Docs/Lore/AppliedContent/packets/RS056_NATIVE_LOCALIZATION_REVIEW_PACK.packets.json
RS056_NATIVE_LOCALIZATION_REVIEW_PACK,P278_RTL_REVIEW_LOCK,pt_BR,audio,62,575.28,575.28,82.08,620.0,1,2,1.385,TEXT_EXPANSION_GT_1_35,C:/hades/Hecton8/Docs/Lore/AppliedContent/packets/RS056_NATIVE_LOCALIZATION_REVIEW_PACK.packets.json
RS056_NATIVE_LOCALIZATION_REVIEW_PACK,P278_RTL_REVIEW_LOCK,pt_BR,in_game_wiki,70,563.4,563.4,55.8,620.0,1,5,1.31,,C:/hades/Hecton8/Docs/Lore/AppliedContent/packets/RS056_NATIVE_LOCALIZATION_REVIEW_PACK.packets.json
RS056_NATIVE_LOCALIZATION_REVIEW_PACK,P278_RTL_REVIEW_LOCK,pt_BR,external_site,114,953.92,683.2,101.12,680.0,2,4,1.175,,C:/hades/Hecton8/Docs/Lore/AppliedContent/packets/RS056_NATIVE_LOCALIZATION_REVIEW_PACK.packets.json
RS056_NATIVE_LOCALIZATION_REVIEW_PACK,P278_RTL_REVIEW_LOCK,pt_BR,field_note,129,926.52,526.4,152.04,560.0,2,3,1.155,,C:/hades/Hecton8/Docs/Lore/AppliedContent/packets/RS056_NATIVE_LOCALIZATION_REVIEW_PACK.packets.json
RS056_NATIVE_LOCALIZATION_REVIEW_PACK,P278_RTL_REVIEW_LOCK,nl_NL,title,28,282.6,282.6,62.64,360.0,1,1,1.851,TEXT_EXPANSION_GT_1_35,C:/hades/Hecton8/Docs/Lore/AppliedContent/packets/RS056_NATIVE_LOCALIZATION_REVIEW_PACK.packets.json
RS056_NATIVE_LOCALIZATION_REVIEW_PACK,P278_RTL_REVIEW_LOCK,nl_NL,scanner,53,433.6,433.6,89.92,460.0,1,2,1.363,TEXT_EXPANSION_GT_1_35,C:/hades/Hecton8/Docs/Lore/AppliedContent/packets/RS056_NATIVE_LOCALIZATION_REVIEW_PACK.packets.json
RS056_NATIVE_LOCALIZATION_REVIEW_PACK,P278_RTL_REVIEW_LOCK,nl_NL,terminal,100,770.7,498.3,67.5,520.0,2,2,1.163,,C:/hades/Hecton8/Docs/Lore/AppliedContent/packets/RS056_NATIVE_LOCALIZATION_REVIEW_PACK.packets.json
RS056_NATIVE_LOCALIZATION_REVIEW_PACK,P278_RTL_REVIEW_LOCK,nl_NL,audio,59,545.4,545.4,82.08,620.0,1,2,1.313,,C:/hades/Hecton8/Docs/Lore/AppliedContent/packets/RS056_NATIVE_LOCALIZATION_REVIEW_PACK.packets.json
RS056_NATIVE_LOCALIZATION_REVIEW_PACK,P278_RTL_REVIEW_LOCK,nl_NL,in_game_wiki,67,538.5,538.5,55.8,620.0,1,5,1.252,,C:/hades/Hecton8/Docs/Lore/AppliedContent/packets/RS056_NATIVE_LOCALIZATION_REVIEW_PACK.packets.json
RS056_NATIVE_LOCALIZATION_REVIEW_PACK,P278_RTL_REVIEW_LOCK,nl_NL,external_site,111,927.36,656.64,101.12,680.0,2,4,1.142,,C:/hades/Hecton8/Docs/Lore/AppliedContent/packets/RS056_NATIVE_LOCALIZATION_REVIEW_PACK.packets.json
RS056_NATIVE_LOCALIZATION_REVIEW_PACK,P278_RTL_REVIEW_LOCK,nl_NL,field_note,126,903.28,503.16,152.04,560.0,2,3,1.126,,C:/hades/Hecton8/Docs/Lore/AppliedContent/packets/RS056_NATIVE_LOCALIZATION_REVIEW_PACK.packets.json
RS056_NATIVE_LOCALIZATION_REVIEW_PACK,P279_EUROPEAN_LANGUAGE_REVIEW_LOCK,en_US,title,11,110.16,110.16,42.12,360.0,1,1,1.0,,C:/hades/Hecton8/Docs/Lore/AppliedContent/packets/RS056_NATIVE_LOCALIZATION_REVIEW_PACK.packets.json
RS056_NATIVE_LOCALIZATION_REVIEW_PACK,P279_EUROPEAN_LANGUAGE_REVIEW_LOCK,en_US,scanner,48,369.6,369.6,63.36,460.0,1,2,1.0,,C:/hades/Hecton8/Docs/Lore/AppliedContent/packets/RS056_NATIVE_LOCALIZATION_REVIEW_PACK.packets.json
RS056_NATIVE_LOCALIZATION_REVIEW_PACK,P279_EUROPEAN_LANGUAGE_REVIEW_LOCK,en_US,terminal,89,681.3,480.9,67.2,520.0,2,2,1.0,,C:/hades/Hecton8/Docs/Lore/AppliedContent/packets/RS056_NATIVE_LOCALIZATION_REVIEW_PACK.packets.json
RS056_NATIVE_LOCALIZATION_REVIEW_PACK,P279_EUROPEAN_LANGUAGE_REVIEW_LOCK,en_US,audio,57,492.48,492.48,56.16,620.0,1,2,1.0,,C:/hades/Hecton8/Docs/Lore/AppliedContent/packets/RS056_NATIVE_LOCALIZATION_REVIEW_PACK.packets.json
RS056_NATIVE_LOCALIZATION_REVIEW_PACK,P279_EUROPEAN_LANGUAGE_REVIEW_LOCK,en_US,in_game_wiki,88,688.2,612.3,91.8,620.0,2,5,1.0,,C:/hades/Hecton8/Docs/Lore/AppliedContent/packets/RS056_NATIVE_LOCALIZATION_REVIEW_PACK.packets.json
RS056_NATIVE_LOCALIZATION_REVIEW_PACK,P279_EUROPEAN_LANGUAGE_REVIEW_LOCK,en_US,external_site,97,819.2,620.16,77.76,680.0,2,4,1.0,,C:/hades/Hecton8/Docs/Lore/AppliedContent/packets/RS056_NATIVE_LOCALIZATION_REVIEW_PACK.packets.json
RS056_NATIVE_LOCALIZATION_REVIEW_PACK,P279_EUROPEAN_LANGUAGE_REVIEW_LOCK,en_US,field_note,119,817.32,517.44,98.84,560.0,2,3,1.0,,C:/hades/Hecton8/Docs/Lore/AppliedContent/packets/RS056_NATIVE_LOCALIZATION_REVIEW_PACK.packets.json
RS056_NATIVE_LOCALIZATION_REVIEW_PACK,P279_EUROPEAN_LANGUAGE_REVIEW_LOCK,ru_RU,title,34,336.96,336.96,114.84,360.0,1,1,3.059,TEXT_EXPANSION_GT_1_35,C:/hades/Hecton8/Docs/Lore/AppliedContent/packets/RS056_NATIVE_LOCALIZATION_REVIEW_PACK.packets.json
RS056_NATIVE_LOCALIZATION_REVIEW_PACK,P279_EUROPEAN_LANGUAGE_REVIEW_LOCK,ru_RU,scanner,44,373.12,373.12,87.68,460.0,1,2,1.01,,C:/hades/Hecton8/Docs/Lore/AppliedContent/packets/RS056_NATIVE_LOCALIZATION_REVIEW_PACK.packets.json
RS056_NATIVE_LOCALIZATION_REVIEW_PACK,P279_EUROPEAN_LANGUAGE_REVIEW_LOCK,ru_RU,terminal,89,681.3,480.9,67.2,520.0,2,2,1.0,,C:/hades/Hecton8/Docs/Lore/AppliedContent/packets/RS056_NATIVE_LOCALIZATION_REVIEW_PACK.packets.json
RS056_NATIVE_LOCALIZATION_REVIEW_PACK,P279_EUROPEAN_LANGUAGE_REVIEW_LOCK,ru_RU,audio,52,505.08,505.08,129.96,620.0,1,2,1.026,,C:/hades/Hecton8/Docs/Lore/AppliedContent/packets/RS056_NATIVE_LOCALIZATION_REVIEW_PACK.packets.json
RS056_NATIVE_LOCALIZATION_REVIEW_PACK,P279_EUROPEAN_LANGUAGE_REVIEW_LOCK,ru_RU,in_game_wiki,81,651.6,575.7,95.7,620.0,2,5,0.947,,C:/hades/Hecton8/Docs/Lore/AppliedContent/packets/RS056_NATIVE_LOCALIZATION_REVIEW_PACK.packets.json
RS056_NATIVE_LOCALIZATION_REVIEW_PACK,P279_EUROPEAN_LANGUAGE_REVIEW_LOCK,ru_RU,external_site,77,656.0,656.0,83.52,680.0,1,4,0.801,,C:/hades/Hecton8/Docs/Lore/AppliedContent/packets/RS056_NATIVE_LOCALIZATION_REVIEW_PACK.packets.json
RS056_NATIVE_LOCALIZATION_REVIEW_PACK,P279_EUROPEAN_LANGUAGE_REVIEW_LOCK,ru_RU,field_note,117,801.92,517.44,98.84,560.0,2,3,0.981,,C:/hades/Hecton8/Docs/Lore/AppliedContent/packets/RS056_NATIVE_LOCALIZATION_REVIEW_PACK.packets.json
RS056_NATIVE_LOCALIZATION_REVIEW_PACK,P279_EUROPEAN_LANGUAGE_REVIEW_LOCK,ja_JP,title,24,240.12,240.12,52.2,360.0,1,1,2.18,TEXT_EXPANSION_GT_1_35,C:/hades/Hecton8/Docs/Lore/AppliedContent/packets/RS056_NATIVE_LOCALIZATION_REVIEW_PACK.packets.json
RS056_NATIVE_LOCALIZATION_REVIEW_PACK,P279_EUROPEAN_LANGUAGE_REVIEW_LOCK,ja_JP,scanner,61,485.12,454.08,63.36,460.0,2,2,1.313,,C:/hades/Hecton8/Docs/Lore/AppliedContent/packets/RS056_NATIVE_LOCALIZATION_REVIEW_PACK.packets.json
RS056_NATIVE_LOCALIZATION_REVIEW_PACK,P279_EUROPEAN_LANGUAGE_REVIEW_LOCK,ja_JP,terminal,102,789.6,518.7,67.2,520.0,2,2,1.159,,C:/hades/Hecton8/Docs/Lore/AppliedContent/packets/RS056_NATIVE_LOCALIZATION_REVIEW_PACK.packets.json
RS056_NATIVE_LOCALIZATION_REVIEW_PACK,P279_EUROPEAN_LANGUAGE_REVIEW_LOCK,ja_JP,audio,70,622.44,571.68,56.16,620.0,2,2,1.264,,C:/hades/Hecton8/Docs/Lore/AppliedContent/packets/RS056_NATIVE_LOCALIZATION_REVIEW_PACK.packets.json
RS056_NATIVE_LOCALIZATION_REVIEW_PACK,P279_EUROPEAN_LANGUAGE_REVIEW_LOCK,ja_JP,in_game_wiki,101,796.5,623.7,91.8,620.0,2,5,1.157,,C:/hades/Hecton8/Docs/Lore/AppliedContent/packets/RS056_NATIVE_LOCALIZATION_REVIEW_PACK.packets.json
RS056_NATIVE_LOCALIZATION_REVIEW_PACK,P279_EUROPEAN_LANGUAGE_REVIEW_LOCK,ja_JP,external_site,110,934.72,652.48,77.76,680.0,2,4,1.141,,C:/hades/Hecton8/Docs/Lore/AppliedContent/packets/RS056_NATIVE_LOCALIZATION_REVIEW_PACK.packets.json
RS056_NATIVE_LOCALIZATION_REVIEW_PACK,P279_EUROPEAN_LANGUAGE_REVIEW_LOCK,ja_JP,field_note,132,918.4,477.68,98.84,560.0,2,3,1.124,,C:/hades/Hecton8/Docs/Lore/AppliedContent/packets/RS056_NATIVE_LOCALIZATION_REVIEW_PACK.packets.json
RS056_NATIVE_LOCALIZATION_REVIEW_PACK,P279_EUROPEAN_LANGUAGE_REVIEW_LOCK,zh_CN,title,24,240.12,240.12,52.2,360.0,1,1,2.18,TEXT_EXPANSION_GT_1_35,C:/hades/Hecton8/Docs/Lore/AppliedContent/packets/RS056_NATIVE_LOCALIZATION_REVIEW_PACK.packets.json
RS056_NATIVE_LOCALIZATION_REVIEW_PACK,P279_EUROPEAN_LANGUAGE_REVIEW_LOCK,zh_CN,scanner,61,485.12,454.08,63.36,460.0,2,2,1.313,,C:/hades/Hecton8/Docs/Lore/AppliedContent/packets/RS056_NATIVE_LOCALIZATION_REVIEW_PACK.packets.json
RS056_NATIVE_LOCALIZATION_REVIEW_PACK,P279_EUROPEAN_LANGUAGE_REVIEW_LOCK,zh_CN,terminal,102,789.6,518.7,67.2,520.0,2,2,1.159,,C:/hades/Hecton8/Docs/Lore/AppliedContent/packets/RS056_NATIVE_LOCALIZATION_REVIEW_PACK.packets.json
RS056_NATIVE_LOCALIZATION_REVIEW_PACK,P279_EUROPEAN_LANGUAGE_REVIEW_LOCK,zh_CN,audio,70,622.44,571.68,56.16,620.0,2,2,1.264,,C:/hades/Hecton8/Docs/Lore/AppliedContent/packets/RS056_NATIVE_LOCALIZATION_REVIEW_PACK.packets.json
RS056_NATIVE_LOCALIZATION_REVIEW_PACK,P279_EUROPEAN_LANGUAGE_REVIEW_LOCK,zh_CN,in_game_wiki,101,796.5,623.7,91.8,620.0,2,5,1.157,,C:/hades/Hecton8/Docs/Lore/AppliedContent/packets/RS056_NATIVE_LOCALIZATION_REVIEW_PACK.packets.json
RS056_NATIVE_LOCALIZATION_REVIEW_PACK,P279_EUROPEAN_LANGUAGE_REVIEW_LOCK,zh_CN,external_site,110,934.72,652.48,77.76,680.0,2,4,1.141,,C:/hades/Hecton8/Docs/Lore/AppliedContent/packets/RS056_NATIVE_LOCALIZATION_REVIEW_PACK.packets.json
RS056_NATIVE_LOCALIZATION_REVIEW_PACK,P279_EUROPEAN_LANGUAGE_REVIEW_LOCK,zh_CN,field_note,132,918.4,477.68,98.84,560.0,2,3,1.124,,C:/hades/Hecton8/Docs/Lore/AppliedContent/packets/RS056_NATIVE_LOCALIZATION_REVIEW_PACK.packets.json
RS056_NATIVE_LOCALIZATION_REVIEW_PACK,P279_EUROPEAN_LANGUAGE_REVIEW_LOCK,fr_FR,title,24,240.12,240.12,52.2,360.0,1,1,2.18,TEXT_EXPANSION_GT_1_35,C:/hades/Hecton8/Docs/Lore/AppliedContent/packets/RS056_NATIVE_LOCALIZATION_REVIEW_PACK.packets.json
RS056_NATIVE_LOCALIZATION_REVIEW_PACK,P279_EUROPEAN_LANGUAGE_REVIEW_LOCK,fr_FR,scanner,61,485.12,454.08,63.36,460.0,2,2,1.313,,C:/hades/Hecton8/Docs/Lore/AppliedContent/packets/RS056_NATIVE_LOCALIZATION_REVIEW_PACK.packets.json
RS056_NATIVE_LOCALIZATION_REVIEW_PACK,P279_EUROPEAN_LANGUAGE_REVIEW_LOCK,fr_FR,terminal,102,789.6,518.7,67.2,520.0,2,2,1.159,,C:/hades/Hecton8/Docs/Lore/AppliedContent/packets/RS056_NATIVE_LOCALIZATION_REVIEW_PACK.packets.json
RS056_NATIVE_LOCALIZATION_REVIEW_PACK,P279_EUROPEAN_LANGUAGE_REVIEW_LOCK,fr_FR,audio,70,622.44,571.68,56.16,620.0,2,2,1.264,,C:/hades/Hecton8/Docs/Lore/AppliedContent/packets/RS056_NATIVE_LOCALIZATION_REVIEW_PACK.packets.json
RS056_NATIVE_LOCALIZATION_REVIEW_PACK,P279_EUROPEAN_LANGUAGE_REVIEW_LOCK,fr_FR,in_game_wiki,101,796.5,623.7,91.8,620.0,2,5,1.157,,C:/hades/Hecton8/Docs/Lore/AppliedContent/packets/RS056_NATIVE_LOCALIZATION_REVIEW_PACK.packets.json
RS056_NATIVE_LOCALIZATION_REVIEW_PACK,P279_EUROPEAN_LANGUAGE_REVIEW_LOCK,fr_FR,external_site,110,934.72,652.48,77.76,680.0,2,4,1.141,,C:/hades/Hecton8/Docs/Lore/AppliedContent/packets/RS056_NATIVE_LOCALIZATION_REVIEW_PACK.packets.json
RS056_NATIVE_LOCALIZATION_REVIEW_PACK,P279_EUROPEAN_LANGUAGE_REVIEW_LOCK,fr_FR,field_note,132,918.4,477.68,98.84,560.0,2,3,1.124,,C:/hades/Hecton8/Docs/Lore/AppliedContent/packets/RS056_NATIVE_LOCALIZATION_REVIEW_PACK.packets.json
RS056_NATIVE_LOCALIZATION_REVIEW_PACK,P279_EUROPEAN_LANGUAGE_REVIEW_LOCK,es_ES,title,24,240.12,240.12,52.2,360.0,1,1,2.18,TEXT_EXPANSION_GT_1_35,C:/hades/Hecton8/Docs/Lore/AppliedContent/packets/RS056_NATIVE_LOCALIZATION_REVIEW_PACK.packets.json
RS056_NATIVE_LOCALIZATION_REVIEW_PACK,P279_EUROPEAN_LANGUAGE_REVIEW_LOCK,es_ES,scanner,61,485.12,454.08,63.36,460.0,2,2,1.313,,C:/hades/Hecton8/Docs/Lore/AppliedContent/packets/RS056_NATIVE_LOCALIZATION_REVIEW_PACK.packets.json
RS056_NATIVE_LOCALIZATION_REVIEW_PACK,P279_EUROPEAN_LANGUAGE_REVIEW_LOCK,es_ES,terminal,102,789.6,518.7,67.2,520.0,2,2,1.159,,C:/hades/Hecton8/Docs/Lore/AppliedContent/packets/RS056_NATIVE_LOCALIZATION_REVIEW_PACK.packets.json
RS056_NATIVE_LOCALIZATION_REVIEW_PACK,P279_EUROPEAN_LANGUAGE_REVIEW_LOCK,es_ES,audio,70,622.44,571.68,56.16,620.0,2,2,1.264,,C:/hades/Hecton8/Docs/Lore/AppliedContent/packets/RS056_NATIVE_LOCALIZATION_REVIEW_PACK.packets.json
RS056_NATIVE_LOCALIZATION_REVIEW_PACK,P279_EUROPEAN_LANGUAGE_REVIEW_LOCK,es_ES,in_game_wiki,101,796.5,623.7,91.8,620.0,2,5,1.157,,C:/hades/Hecton8/Docs/Lore/AppliedContent/packets/RS056_NATIVE_LOCALIZATION_REVIEW_PACK.packets.json
RS056_NATIVE_LOCALIZATION_REVIEW_PACK,P279_EUROPEAN_LANGUAGE_REVIEW_LOCK,es_ES,external_site,110,934.72,652.48,77.76,680.0,2,4,1.141,,C:/hades/Hecton8/Docs/Lore/AppliedContent/packets/RS056_NATIVE_LOCALIZATION_REVIEW_PACK.packets.json
RS056_NATIVE_LOCALIZATION_REVIEW_PACK,P279_EUROPEAN_LANGUAGE_REVIEW_LOCK,es_ES,field_note,132,918.4,477.68,98.84,560.0,2,3,1.124,,C:/hades/Hecton8/Docs/Lore/AppliedContent/packets/RS056_NATIVE_LOCALIZATION_REVIEW_PACK.packets.json
RS056_NATIVE_LOCALIZATION_REVIEW_PACK,P279_EUROPEAN_LANGUAGE_REVIEW_LOCK,de_DE,title,24,240.12,240.12,52.2,360.0,1,1,2.18,TEXT_EXPANSION_GT_1_35,C:/hades/Hecton8/Docs/Lore/AppliedContent/packets/RS056_NATIVE_LOCALIZATION_REVIEW_PACK.packets.json
RS056_NATIVE_LOCALIZATION_REVIEW_PACK,P279_EUROPEAN_LANGUAGE_REVIEW_LOCK,de_DE,scanner,61,485.12,454.08,63.36,460.0,2,2,1.313,,C:/hades/Hecton8/Docs/Lore/AppliedContent/packets/RS056_NATIVE_LOCALIZATION_REVIEW_PACK.packets.json
RS056_NATIVE_LOCALIZATION_REVIEW_PACK,P279_EUROPEAN_LANGUAGE_REVIEW_LOCK,de_DE,terminal,102,789.6,518.7,67.2,520.0,2,2,1.159,,C:/hades/Hecton8/Docs/Lore/AppliedContent/packets/RS056_NATIVE_LOCALIZATION_REVIEW_PACK.packets.json
RS056_NATIVE_LOCALIZATION_REVIEW_PACK,P279_EUROPEAN_LANGUAGE_REVIEW_LOCK,de_DE,audio,70,622.44,571.68,56.16,620.0,2,2,1.264,,C:/hades/Hecton8/Docs/Lore/AppliedContent/packets/RS056_NATIVE_LOCALIZATION_REVIEW_PACK.packets.json
RS056_NATIVE_LOCALIZATION_REVIEW_PACK,P279_EUROPEAN_LANGUAGE_REVIEW_LOCK,de_DE,in_game_wiki,101,796.5,623.7,91.8,620.0,2,5,1.157,,C:/hades/Hecton8/Docs/Lore/AppliedContent/packets/RS056_NATIVE_LOCALIZATION_REVIEW_PACK.packets.json
RS056_NATIVE_LOCALIZATION_REVIEW_PACK,P279_EUROPEAN_LANGUAGE_REVIEW_LOCK,de_DE,external_site,110,934.72,652.48,77.76,680.0,2,4,1.141,,C:/hades/Hecton8/Docs/Lore/AppliedContent/packets/RS056_NATIVE_LOCALIZATION_REVIEW_PACK.packets.json
RS056_NATIVE_LOCALIZATION_REVIEW_PACK,P279_EUROPEAN_LANGUAGE_REVIEW_LOCK,de_DE,field_note,132,918.4,477.68,98.84,560.0,2,3,1.124,,C:/hades/Hecton8/Docs/Lore/AppliedContent/packets/RS056_NATIVE_LOCALIZATION_REVIEW_PACK.packets.json
RS056_NATIVE_LOCALIZATION_REVIEW_PACK,P279_EUROPEAN_LANGUAGE_REVIEW_LOCK,pl_PL,title,24,240.12,240.12,52.2,360.0,1,1,2.18,TEXT_EXPANSION_GT_1_35,C:/hades/Hecton8/Docs/Lore/AppliedContent/packets/RS056_NATIVE_LOCALIZATION_REVIEW_PACK.packets.json
RS056_NATIVE_LOCALIZATION_REVIEW_PACK,P279_EUROPEAN_LANGUAGE_REVIEW_LOCK,pl_PL,scanner,61,485.12,454.08,63.36,460.0,2,2,1.313,,C:/hades/Hecton8/Docs/Lore/AppliedContent/packets/RS056_NATIVE_LOCALIZATION_REVIEW_PACK.packets.json
RS056_NATIVE_LOCALIZATION_REVIEW_PACK,P279_EUROPEAN_LANGUAGE_REVIEW_LOCK,pl_PL,terminal,102,789.6,518.7,67.2,520.0,2,2,1.159,,C:/hades/Hecton8/Docs/Lore/AppliedContent/packets/RS056_NATIVE_LOCALIZATION_REVIEW_PACK.packets.json
RS056_NATIVE_LOCALIZATION_REVIEW_PACK,P279_EUROPEAN_LANGUAGE_REVIEW_LOCK,pl_PL,audio,70,622.44,571.68,56.16,620.0,2,2,1.264,,C:/hades/Hecton8/Docs/Lore/AppliedContent/packets/RS056_NATIVE_LOCALIZATION_REVIEW_PACK.packets.json
RS056_NATIVE_LOCALIZATION_REVIEW_PACK,P279_EUROPEAN_LANGUAGE_REVIEW_LOCK,pl_PL,in_game_wiki,101,796.5,623.7,91.8,620.0,2,5,1.157,,C:/hades/Hecton8/Docs/Lore/AppliedContent/packets/RS056_NATIVE_LOCALIZATION_REVIEW_PACK.packets.json
RS056_NATIVE_LOCALIZATION_REVIEW_PACK,P279_EUROPEAN_LANGUAGE_REVIEW_LOCK,pl_PL,external_site,110,934.72,652.48,77.76,680.0,2,4,1.141,,C:/hades/Hecton8/Docs/Lore/AppliedContent/packets/RS056_NATIVE_LOCALIZATION_REVIEW_PACK.packets.json
RS056_NATIVE_LOCALIZATION_REVIEW_PACK,P279_EUROPEAN_LANGUAGE_REVIEW_LOCK,pl_PL,field_note,132,918.4,477.68,98.84,560.0,2,3,1.124,,C:/hades/Hecton8/Docs/Lore/AppliedContent/packets/RS056_NATIVE_LOCALIZATION_REVIEW_PACK.packets.json
RS056_NATIVE_LOCALIZATION_REVIEW_PACK,P279_EUROPEAN_LANGUAGE_REVIEW_LOCK,uk_UA,title,24,240.12,240.12,52.2,360.0,1,1,2.18,TEXT_EXPANSION_GT_1_35,C:/hades/Hecton8/Docs/Lore/AppliedContent/packets/RS056_NATIVE_LOCALIZATION_REVIEW_PACK.packets.json
RS056_NATIVE_LOCALIZATION_REVIEW_PACK,P279_EUROPEAN_LANGUAGE_REVIEW_LOCK,uk_UA,scanner,61,485.12,454.08,63.36,460.0,2,2,1.313,,C:/hades/Hecton8/Docs/Lore/AppliedContent/packets/RS056_NATIVE_LOCALIZATION_REVIEW_PACK.packets.json
RS056_NATIVE_LOCALIZATION_REVIEW_PACK,P279_EUROPEAN_LANGUAGE_REVIEW_LOCK,uk_UA,terminal,102,789.6,518.7,67.2,520.0,2,2,1.159,,C:/hades/Hecton8/Docs/Lore/AppliedContent/packets/RS056_NATIVE_LOCALIZATION_REVIEW_PACK.packets.json
RS056_NATIVE_LOCALIZATION_REVIEW_PACK,P279_EUROPEAN_LANGUAGE_REVIEW_LOCK,uk_UA,audio,70,622.44,571.68,56.16,620.0,2,2,1.264,,C:/hades/Hecton8/Docs/Lore/AppliedContent/packets/RS056_NATIVE_LOCALIZATION_REVIEW_PACK.packets.json
RS056_NATIVE_LOCALIZATION_REVIEW_PACK,P279_EUROPEAN_LANGUAGE_REVIEW_LOCK,uk_UA,in_game_wiki,101,796.5,623.7,91.8,620.0,2,5,1.157,,C:/hades/Hecton8/Docs/Lore/AppliedContent/packets/RS056_NATIVE_LOCALIZATION_REVIEW_PACK.packets.json
RS056_NATIVE_LOCALIZATION_REVIEW_PACK,P279_EUROPEAN_LANGUAGE_REVIEW_LOCK,uk_UA,external_site,110,934.72,652.48,77.76,680.0,2,4,1.141,,C:/hades/Hecton8/Docs/Lore/AppliedContent/packets/RS056_NATIVE_LOCALIZATION_REVIEW_PACK.packets.json
RS056_NATIVE_LOCALIZATION_REVIEW_PACK,P279_EUROPEAN_LANGUAGE_REVIEW_LOCK,uk_UA,field_note,132,918.4,477.68,98.84,560.0,2,3,1.124,,C:/hades/Hecton8/Docs/Lore/AppliedContent/packets/RS056_NATIVE_LOCALIZATION_REVIEW_PACK.packets.json
RS056_NATIVE_LOCALIZATION_REVIEW_PACK,P279_EUROPEAN_LANGUAGE_REVIEW_LOCK,ar_SA,title,24,240.12,240.12,52.2,360.0,1,1,2.18,TEXT_EXPANSION_GT_1_35,C:/hades/Hecton8/Docs/Lore/AppliedContent/packets/RS056_NATIVE_LOCALIZATION_REVIEW_PACK.packets.json
RS056_NATIVE_LOCALIZATION_REVIEW_PACK,P279_EUROPEAN_LANGUAGE_REVIEW_LOCK,ar_SA,scanner,61,485.12,454.08,63.36,460.0,2,2,1.313,,C:/hades/Hecton8/Docs/Lore/AppliedContent/packets/RS056_NATIVE_LOCALIZATION_REVIEW_PACK.packets.json
RS056_NATIVE_LOCALIZATION_REVIEW_PACK,P279_EUROPEAN_LANGUAGE_REVIEW_LOCK,ar_SA,terminal,102,789.6,518.7,67.2,520.0,2,2,1.159,,C:/hades/Hecton8/Docs/Lore/AppliedContent/packets/RS056_NATIVE_LOCALIZATION_REVIEW_PACK.packets.json
RS056_NATIVE_LOCALIZATION_REVIEW_PACK,P279_EUROPEAN_LANGUAGE_REVIEW_LOCK,ar_SA,audio,70,622.44,571.68,56.16,620.0,2,2,1.264,,C:/hades/Hecton8/Docs/Lore/AppliedContent/packets/RS056_NATIVE_LOCALIZATION_REVIEW_PACK.packets.json
RS056_NATIVE_LOCALIZATION_REVIEW_PACK,P279_EUROPEAN_LANGUAGE_REVIEW_LOCK,ar_SA,in_game_wiki,101,796.5,623.7,91.8,620.0,2,5,1.157,,C:/hades/Hecton8/Docs/Lore/AppliedContent/packets/RS056_NATIVE_LOCALIZATION_REVIEW_PACK.packets.json
RS056_NATIVE_LOCALIZATION_REVIEW_PACK,P279_EUROPEAN_LANGUAGE_REVIEW_LOCK,ar_SA,external_site,110,934.72,652.48,77.76,680.0,2,4,1.141,,C:/hades/Hecton8/Docs/Lore/AppliedContent/packets/RS056_NATIVE_LOCALIZATION_REVIEW_PACK.packets.json
RS056_NATIVE_LOCALIZATION_REVIEW_PACK,P279_EUROPEAN_LANGUAGE_REVIEW_LOCK,ar_SA,field_note,132,918.4,477.68,98.84,560.0,2,3,1.124,,C:/hades/Hecton8/Docs/Lore/AppliedContent/packets/RS056_NATIVE_LOCALIZATION_REVIEW_PACK.packets.json
RS056_NATIVE_LOCALIZATION_REVIEW_PACK,P279_EUROPEAN_LANGUAGE_REVIEW_LOCK,id_ID,title,24,240.12,240.12,52.2,360.0,1,1,2.18,TEXT_EXPANSION_GT_1_35,C:/hades/Hecton8/Docs/Lore/AppliedContent/packets/RS056_NATIVE_LOCALIZATION_REVIEW_PACK.packets.json
RS056_NATIVE_LOCALIZATION_REVIEW_PACK,P279_EUROPEAN_LANGUAGE_REVIEW_LOCK,id_ID,scanner,61,485.12,454.08,63.36,460.0,2,2,1.313,,C:/hades/Hecton8/Docs/Lore/AppliedContent/packets/RS056_NATIVE_LOCALIZATION_REVIEW_PACK.packets.json
RS056_NATIVE_LOCALIZATION_REVIEW_PACK,P279_EUROPEAN_LANGUAGE_REVIEW_LOCK,id_ID,terminal,102,789.6,518.7,67.2,520.0,2,2,1.159,,C:/hades/Hecton8/Docs/Lore/AppliedContent/packets/RS056_NATIVE_LOCALIZATION_REVIEW_PACK.packets.json
RS056_NATIVE_LOCALIZATION_REVIEW_PACK,P279_EUROPEAN_LANGUAGE_REVIEW_LOCK,id_ID,audio,70,622.44,571.68,56.16,620.0,2,2,1.264,,C:/hades/Hecton8/Docs/Lore/AppliedContent/packets/RS056_NATIVE_LOCALIZATION_REVIEW_PACK.packets.json
RS056_NATIVE_LOCALIZATION_REVIEW_PACK,P279_EUROPEAN_LANGUAGE_REVIEW_LOCK,id_ID,in_game_wiki,101,796.5,623.7,91.8,620.0,2,5,1.157,,C:/hades/Hecton8/Docs/Lore/AppliedContent/packets/RS056_NATIVE_LOCALIZATION_REVIEW_PACK.packets.json
RS056_NATIVE_LOCALIZATION_REVIEW_PACK,P279_EUROPEAN_LANGUAGE_REVIEW_LOCK,id_ID,external_site,110,934.72,652.48,77.76,680.0,2,4,1.141,,C:/hades/Hecton8/Docs/Lore/AppliedContent/packets/RS056_NATIVE_LOCALIZATION_REVIEW_PACK.packets.json
RS056_NATIVE_LOCALIZATION_REVIEW_PACK,P279_EUROPEAN_LANGUAGE_REVIEW_LOCK,id_ID,field_note,132,918.4,477.68,98.84,560.0,2,3,1.124,,C:/hades/Hecton8/Docs/Lore/AppliedContent/packets/RS056_NATIVE_LOCALIZATION_REVIEW_PACK.packets.json
RS056_NATIVE_LOCALIZATION_REVIEW_PACK,P279_EUROPEAN_LANGUAGE_REVIEW_LOCK,ko_KR,title,24,240.12,240.12,52.2,360.0,1,1,2.18,TEXT_EXPANSION_GT_1_35,C:/hades/Hecton8/Docs/Lore/AppliedContent/packets/RS056_NATIVE_LOCALIZATION_REVIEW_PACK.packets.json
RS056_NATIVE_LOCALIZATION_REVIEW_PACK,P279_EUROPEAN_LANGUAGE_REVIEW_LOCK,ko_KR,scanner,61,485.12,454.08,63.36,460.0,2,2,1.313,,C:/hades/Hecton8/Docs/Lore/AppliedContent/packets/RS056_NATIVE_LOCALIZATION_REVIEW_PACK.packets.json
RS056_NATIVE_LOCALIZATION_REVIEW_PACK,P279_EUROPEAN_LANGUAGE_REVIEW_LOCK,ko_KR,terminal,102,789.6,518.7,67.2,520.0,2,2,1.159,,C:/hades/Hecton8/Docs/Lore/AppliedContent/packets/RS056_NATIVE_LOCALIZATION_REVIEW_PACK.packets.json
RS056_NATIVE_LOCALIZATION_REVIEW_PACK,P279_EUROPEAN_LANGUAGE_REVIEW_LOCK,ko_KR,audio,70,622.44,571.68,56.16,620.0,2,2,1.264,,C:/hades/Hecton8/Docs/Lore/AppliedContent/packets/RS056_NATIVE_LOCALIZATION_REVIEW_PACK.packets.json
RS056_NATIVE_LOCALIZATION_REVIEW_PACK,P279_EUROPEAN_LANGUAGE_REVIEW_LOCK,ko_KR,in_game_wiki,101,796.5,623.7,91.8,620.0,2,5,1.157,,C:/hades/Hecton8/Docs/Lore/AppliedContent/packets/RS056_NATIVE_LOCALIZATION_REVIEW_PACK.packets.json
RS056_NATIVE_LOCALIZATION_REVIEW_PACK,P279_EUROPEAN_LANGUAGE_REVIEW_LOCK,ko_KR,external_site,110,934.72,652.48,77.76,680.0,2,4,1.141,,C:/hades/Hecton8/Docs/Lore/AppliedContent/packets/RS056_NATIVE_LOCALIZATION_REVIEW_PACK.packets.json
RS056_NATIVE_LOCALIZATION_REVIEW_PACK,P279_EUROPEAN_LANGUAGE_REVIEW_LOCK,ko_KR,field_note,132,918.4,477.68,98.84,560.0,2,3,1.124,,C:/hades/Hecton8/Docs/Lore/AppliedContent/packets/RS056_NATIVE_LOCALIZATION_REVIEW_PACK.packets.json
RS056_NATIVE_LOCALIZATION_REVIEW_PACK,P279_EUROPEAN_LANGUAGE_REVIEW_LOCK,he_IL,title,24,240.12,240.12,52.2,360.0,1,1,2.18,TEXT_EXPANSION_GT_1_35,C:/hades/Hecton8/Docs/Lore/AppliedContent/packets/RS056_NATIVE_LOCALIZATION_REVIEW_PACK.packets.json
RS056_NATIVE_LOCALIZATION_REVIEW_PACK,P279_EUROPEAN_LANGUAGE_REVIEW_LOCK,he_IL,scanner,61,485.12,454.08,63.36,460.0,2,2,1.313,,C:/hades/Hecton8/Docs/Lore/AppliedContent/packets/RS056_NATIVE_LOCALIZATION_REVIEW_PACK.packets.json
RS056_NATIVE_LOCALIZATION_REVIEW_PACK,P279_EUROPEAN_LANGUAGE_REVIEW_LOCK,he_IL,terminal,102,789.6,518.7,67.2,520.0,2,2,1.159,,C:/hades/Hecton8/Docs/Lore/AppliedContent/packets/RS056_NATIVE_LOCALIZATION_REVIEW_PACK.packets.json
RS056_NATIVE_LOCALIZATION_REVIEW_PACK,P279_EUROPEAN_LANGUAGE_REVIEW_LOCK,he_IL,audio,70,622.44,571.68,56.16,620.0,2,2,1.264,,C:/hades/Hecton8/Docs/Lore/AppliedContent/packets/RS056_NATIVE_LOCALIZATION_REVIEW_PACK.packets.json
RS056_NATIVE_LOCALIZATION_REVIEW_PACK,P279_EUROPEAN_LANGUAGE_REVIEW_LOCK,he_IL,in_game_wiki,101,796.5,623.7,91.8,620.0,2,5,1.157,,C:/hades/Hecton8/Docs/Lore/AppliedContent/packets/RS056_NATIVE_LOCALIZATION_REVIEW_PACK.packets.json
RS056_NATIVE_LOCALIZATION_REVIEW_PACK,P279_EUROPEAN_LANGUAGE_REVIEW_LOCK,he_IL,external_site,110,934.72,652.48,77.76,680.0,2,4,1.141,,C:/hades/Hecton8/Docs/Lore/AppliedContent/packets/RS056_NATIVE_LOCALIZATION_REVIEW_PACK.packets.json
RS056_NATIVE_LOCALIZATION_REVIEW_PACK,P279_EUROPEAN_LANGUAGE_REVIEW_LOCK,he_IL,field_note,132,918.4,477.68,98.84,560.0,2,3,1.124,,C:/hades/Hecton8/Docs/Lore/AppliedContent/packets/RS056_NATIVE_LOCALIZATION_REVIEW_PACK.packets.json
RS056_NATIVE_LOCALIZATION_REVIEW_PACK,P279_EUROPEAN_LANGUAGE_REVIEW_LOCK,pt_BR,title,27,270.0,270.0,53.64,360.0,1,1,2.451,TEXT_EXPANSION_GT_1_35,C:/hades/Hecton8/Docs/Lore/AppliedContent/packets/RS056_NATIVE_LOCALIZATION_REVIEW_PACK.packets.json
RS056_NATIVE_LOCALIZATION_REVIEW_PACK,P279_EUROPEAN_LANGUAGE_REVIEW_LOCK,pt_BR,scanner,64,511.68,461.12,63.36,460.0,2,2,1.384,TEXT_EXPANSION_GT_1_35,C:/hades/Hecton8/Docs/Lore/AppliedContent/packets/RS056_NATIVE_LOCALIZATION_REVIEW_PACK.packets.json
RS056_NATIVE_LOCALIZATION_REVIEW_PACK,P279_EUROPEAN_LANGUAGE_REVIEW_LOCK,pt_BR,terminal,105,814.5,496.5,67.2,520.0,2,2,1.196,,C:/hades/Hecton8/Docs/Lore/AppliedContent/packets/RS056_NATIVE_LOCALIZATION_REVIEW_PACK.packets.json
RS056_NATIVE_LOCALIZATION_REVIEW_PACK,P279_EUROPEAN_LANGUAGE_REVIEW_LOCK,pt_BR,audio,73,652.32,601.56,56.16,620.0,2,2,1.325,,C:/hades/Hecton8/Docs/Lore/AppliedContent/packets/RS056_NATIVE_LOCALIZATION_REVIEW_PACK.packets.json
RS056_NATIVE_LOCALIZATION_REVIEW_PACK,P279_EUROPEAN_LANGUAGE_REVIEW_LOCK,pt_BR,in_game_wiki,104,821.4,601.5,91.8,620.0,2,5,1.194,,C:/hades/Hecton8/Docs/Lore/AppliedContent/packets/RS056_NATIVE_LOCALIZATION_REVIEW_PACK.packets.json
RS056_NATIVE_LOCALIZATION_REVIEW_PACK,P279_EUROPEAN_LANGUAGE_REVIEW_LOCK,pt_BR,external_site,113,961.28,679.04,77.76,680.0,2,4,1.173,,C:/hades/Hecton8/Docs/Lore/AppliedContent/packets/RS056_NATIVE_LOCALIZATION_REVIEW_PACK.packets.json
RS056_NATIVE_LOCALIZATION_REVIEW_PACK,P279_EUROPEAN_LANGUAGE_REVIEW_LOCK,pt_BR,field_note,135,941.64,500.92,98.84,560.0,2,3,1.152,,C:/hades/Hecton8/Docs/Lore/AppliedContent/packets/RS056_NATIVE_LOCALIZATION_REVIEW_PACK.packets.json
RS056_NATIVE_LOCALIZATION_REVIEW_PACK,P279_EUROPEAN_LANGUAGE_REVIEW_LOCK,nl_NL,title,24,240.12,240.12,52.2,360.0,1,1,2.18,TEXT_EXPANSION_GT_1_35,C:/hades/Hecton8/Docs/Lore/AppliedContent/packets/RS056_NATIVE_LOCALIZATION_REVIEW_PACK.packets.json
RS056_NATIVE_LOCALIZATION_REVIEW_PACK,P279_EUROPEAN_LANGUAGE_REVIEW_LOCK,nl_NL,scanner,61,485.12,454.08,63.36,460.0,2,2,1.313,,C:/hades/Hecton8/Docs/Lore/AppliedContent/packets/RS056_NATIVE_LOCALIZATION_REVIEW_PACK.packets.json
RS056_NATIVE_LOCALIZATION_REVIEW_PACK,P279_EUROPEAN_LANGUAGE_REVIEW_LOCK,nl_NL,terminal,102,789.6,518.7,67.2,520.0,2,2,1.159,,C:/hades/Hecton8/Docs/Lore/AppliedContent/packets/RS056_NATIVE_LOCALIZATION_REVIEW_PACK.packets.json
RS056_NATIVE_LOCALIZATION_REVIEW_PACK,P279_EUROPEAN_LANGUAGE_REVIEW_LOCK,nl_NL,audio,70,622.44,571.68,56.16,620.0,2,2,1.264,,C:/hades/Hecton8/Docs/Lore/AppliedContent/packets/RS056_NATIVE_LOCALIZATION_REVIEW_PACK.packets.json
RS056_NATIVE_LOCALIZATION_REVIEW_PACK,P279_EUROPEAN_LANGUAGE_REVIEW_LOCK,nl_NL,in_game_wiki,101,796.5,623.7,91.8,620.0,2,5,1.157,,C:/hades/Hecton8/Docs/Lore/AppliedContent/packets/RS056_NATIVE_LOCALIZATION_REVIEW_PACK.packets.json
RS056_NATIVE_LOCALIZATION_REVIEW_PACK,P279_EUROPEAN_LANGUAGE_REVIEW_LOCK,nl_NL,external_site,110,934.72,652.48,77.76,680.0,2,4,1.141,,C:/hades/Hecton8/Docs/Lore/AppliedContent/packets/RS056_NATIVE_LOCALIZATION_REVIEW_PACK.packets.json
RS056_NATIVE_LOCALIZATION_REVIEW_PACK,P279_EUROPEAN_LANGUAGE_REVIEW_LOCK,nl_NL,field_note,132,918.4,477.68,98.84,560.0,2,3,1.124,,C:/hades/Hecton8/Docs/Lore/AppliedContent/packets/RS056_NATIVE_LOCALIZATION_REVIEW_PACK.packets.json
RS056_NATIVE_LOCALIZATION_REVIEW_PACK,P280_SUBTITLE_AUDIO_REVIEW_LOCK,en_US,title,19,176.04,176.04,73.8,360.0,1,1,1.0,,C:/hades/Hecton8/Docs/Lore/AppliedContent/packets/RS056_NATIVE_LOCALIZATION_REVIEW_PACK.packets.json
RS056_NATIVE_LOCALIZATION_REVIEW_PACK,P280_SUBTITLE_AUDIO_REVIEW_LOCK,en_US,scanner,38,301.44,301.44,58.88,460.0,1,2,1.0,,C:/hades/Hecton8/Docs/Lore/AppliedContent/packets/RS056_NATIVE_LOCALIZATION_REVIEW_PACK.packets.json
RS056_NATIVE_LOCALIZATION_REVIEW_PACK,P280_SUBTITLE_AUDIO_REVIEW_LOCK,en_US,terminal,82,634.2,450.6,93.0,520.0,2,2,1.0,,C:/hades/Hecton8/Docs/Lore/AppliedContent/packets/RS056_NATIVE_LOCALIZATION_REVIEW_PACK.packets.json
RS056_NATIVE_LOCALIZATION_REVIEW_PACK,P280_SUBTITLE_AUDIO_REVIEW_LOCK,en_US,audio,46,401.76,401.76,60.48,620.0,1,2,1.0,,C:/hades/Hecton8/Docs/Lore/AppliedContent/packets/RS056_NATIVE_LOCALIZATION_REVIEW_PACK.packets.json
RS056_NATIVE_LOCALIZATION_REVIEW_PACK,P280_SUBTITLE_AUDIO_REVIEW_LOCK,en_US,in_game_wiki,104,785.1,623.1,80.4,620.0,2,5,1.0,,C:/hades/Hecton8/Docs/Lore/AppliedContent/packets/RS056_NATIVE_LOCALIZATION_REVIEW_PACK.packets.json
RS056_NATIVE_LOCALIZATION_REVIEW_PACK,P280_SUBTITLE_AUDIO_REVIEW_LOCK,en_US,external_site,111,912.0,655.36,85.76,680.0,2,4,1.0,,C:/hades/Hecton8/Docs/Lore/AppliedContent/packets/RS056_NATIVE_LOCALIZATION_REVIEW_PACK.packets.json
RS056_NATIVE_LOCALIZATION_REVIEW_PACK,P280_SUBTITLE_AUDIO_REVIEW_LOCK,en_US,field_note,117,811.72,510.44,106.68,560.0,2,3,1.0,,C:/hades/Hecton8/Docs/Lore/AppliedContent/packets/RS056_NATIVE_LOCALIZATION_REVIEW_PACK.packets.json
RS056_NATIVE_LOCALIZATION_REVIEW_PACK,P280_SUBTITLE_AUDIO_REVIEW_LOCK,ru_RU,title,33,322.2,322.2,93.96,360.0,1,1,1.83,TEXT_EXPANSION_GT_1_35,C:/hades/Hecton8/Docs/Lore/AppliedContent/packets/RS056_NATIVE_LOCALIZATION_REVIEW_PACK.packets.json
RS056_NATIVE_LOCALIZATION_REVIEW_PACK,P280_SUBTITLE_AUDIO_REVIEW_LOCK,ru_RU,scanner,45,378.24,378.24,111.36,460.0,1,2,1.255,,C:/hades/Hecton8/Docs/Lore/AppliedContent/packets/RS056_NATIVE_LOCALIZATION_REVIEW_PACK.packets.json
RS056_NATIVE_LOCALIZATION_REVIEW_PACK,P280_SUBTITLE_AUDIO_REVIEW_LOCK,ru_RU,terminal,82,634.2,450.6,93.0,520.0,2,2,1.0,,C:/hades/Hecton8/Docs/Lore/AppliedContent/packets/RS056_NATIVE_LOCALIZATION_REVIEW_PACK.packets.json
RS056_NATIVE_LOCALIZATION_REVIEW_PACK,P280_SUBTITLE_AUDIO_REVIEW_LOCK,ru_RU,audio,54,518.76,518.76,114.84,620.0,1,2,1.291,,C:/hades/Hecton8/Docs/Lore/AppliedContent/packets/RS056_NATIVE_LOCALIZATION_REVIEW_PACK.packets.json
RS056_NATIVE_LOCALIZATION_REVIEW_PACK,P280_SUBTITLE_AUDIO_REVIEW_LOCK,ru_RU,in_game_wiki,104,799.8,580.8,80.4,620.0,2,5,1.019,,C:/hades/Hecton8/Docs/Lore/AppliedContent/packets/RS056_NATIVE_LOCALIZATION_REVIEW_PACK.packets.json
RS056_NATIVE_LOCALIZATION_REVIEW_PACK,P280_SUBTITLE_AUDIO_REVIEW_LOCK,ru_RU,external_site,83,711.36,644.48,87.68,680.0,2,4,0.78,,C:/hades/Hecton8/Docs/Lore/AppliedContent/packets/RS056_NATIVE_LOCALIZATION_REVIEW_PACK.packets.json
RS056_NATIVE_LOCALIZATION_REVIEW_PACK,P280_SUBTITLE_AUDIO_REVIEW_LOCK,ru_RU,field_note,115,796.32,510.44,106.68,560.0,2,3,0.981,,C:/hades/Hecton8/Docs/Lore/AppliedContent/packets/RS056_NATIVE_LOCALIZATION_REVIEW_PACK.packets.json
RS056_NATIVE_LOCALIZATION_REVIEW_PACK,P280_SUBTITLE_AUDIO_REVIEW_LOCK,ja_JP,title,32,306.0,306.0,73.8,360.0,1,1,1.738,TEXT_EXPANSION_GT_1_35,C:/hades/Hecton8/Docs/Lore/AppliedContent/packets/RS056_NATIVE_LOCALIZATION_REVIEW_PACK.packets.json
RS056_NATIVE_LOCALIZATION_REVIEW_PACK,P280_SUBTITLE_AUDIO_REVIEW_LOCK,ja_JP,scanner,51,416.96,416.96,58.88,460.0,1,2,1.383,TEXT_EXPANSION_GT_1_35,C:/hades/Hecton8/Docs/Lore/AppliedContent/packets/RS056_NATIVE_LOCALIZATION_REVIEW_PACK.packets.json
RS056_NATIVE_LOCALIZATION_REVIEW_PACK,P280_SUBTITLE_AUDIO_REVIEW_LOCK,ja_JP,terminal,95,742.5,498.0,93.0,520.0,2,2,1.171,,C:/hades/Hecton8/Docs/Lore/AppliedContent/packets/RS056_NATIVE_LOCALIZATION_REVIEW_PACK.packets.json
RS056_NATIVE_LOCALIZATION_REVIEW_PACK,P280_SUBTITLE_AUDIO_REVIEW_LOCK,ja_JP,audio,59,531.72,531.72,60.48,620.0,1,2,1.323,,C:/hades/Hecton8/Docs/Lore/AppliedContent/packets/RS056_NATIVE_LOCALIZATION_REVIEW_PACK.packets.json
RS056_NATIVE_LOCALIZATION_REVIEW_PACK,P280_SUBTITLE_AUDIO_REVIEW_LOCK,ja_JP,in_game_wiki,117,893.4,610.5,80.4,620.0,2,5,1.138,,C:/hades/Hecton8/Docs/Lore/AppliedContent/packets/RS056_NATIVE_LOCALIZATION_REVIEW_PACK.packets.json
RS056_NATIVE_LOCALIZATION_REVIEW_PACK,P280_SUBTITLE_AUDIO_REVIEW_LOCK,ja_JP,external_site,124,1027.52,669.12,85.76,680.0,2,4,1.127,,C:/hades/Hecton8/Docs/Lore/AppliedContent/packets/RS056_NATIVE_LOCALIZATION_REVIEW_PACK.packets.json
RS056_NATIVE_LOCALIZATION_REVIEW_PACK,P280_SUBTITLE_AUDIO_REVIEW_LOCK,ja_JP,field_note,130,912.8,559.72,106.68,560.0,2,3,1.125,,C:/hades/Hecton8/Docs/Lore/AppliedContent/packets/RS056_NATIVE_LOCALIZATION_REVIEW_PACK.packets.json
RS056_NATIVE_LOCALIZATION_REVIEW_PACK,P280_SUBTITLE_AUDIO_REVIEW_LOCK,zh_CN,title,32,306.0,306.0,73.8,360.0,1,1,1.738,TEXT_EXPANSION_GT_1_35,C:/hades/Hecton8/Docs/Lore/AppliedContent/packets/RS056_NATIVE_LOCALIZATION_REVIEW_PACK.packets.json
RS056_NATIVE_LOCALIZATION_REVIEW_PACK,P280_SUBTITLE_AUDIO_REVIEW_LOCK,zh_CN,scanner,51,416.96,416.96,58.88,460.0,1,2,1.383,TEXT_EXPANSION_GT_1_35,C:/hades/Hecton8/Docs/Lore/AppliedContent/packets/RS056_NATIVE_LOCALIZATION_REVIEW_PACK.packets.json
RS056_NATIVE_LOCALIZATION_REVIEW_PACK,P280_SUBTITLE_AUDIO_REVIEW_LOCK,zh_CN,terminal,95,742.5,498.0,93.0,520.0,2,2,1.171,,C:/hades/Hecton8/Docs/Lore/AppliedContent/packets/RS056_NATIVE_LOCALIZATION_REVIEW_PACK.packets.json
RS056_NATIVE_LOCALIZATION_REVIEW_PACK,P280_SUBTITLE_AUDIO_REVIEW_LOCK,zh_CN,audio,59,531.72,531.72,60.48,620.0,1,2,1.323,,C:/hades/Hecton8/Docs/Lore/AppliedContent/packets/RS056_NATIVE_LOCALIZATION_REVIEW_PACK.packets.json
RS056_NATIVE_LOCALIZATION_REVIEW_PACK,P280_SUBTITLE_AUDIO_REVIEW_LOCK,zh_CN,in_game_wiki,117,893.4,610.5,80.4,620.0,2,5,1.138,,C:/hades/Hecton8/Docs/Lore/AppliedContent/packets/RS056_NATIVE_LOCALIZATION_REVIEW_PACK.packets.json
RS056_NATIVE_LOCALIZATION_REVIEW_PACK,P280_SUBTITLE_AUDIO_REVIEW_LOCK,zh_CN,external_site,124,1027.52,669.12,85.76,680.0,2,4,1.127,,C:/hades/Hecton8/Docs/Lore/AppliedContent/packets/RS056_NATIVE_LOCALIZATION_REVIEW_PACK.packets.json
RS056_NATIVE_LOCALIZATION_REVIEW_PACK,P280_SUBTITLE_AUDIO_REVIEW_LOCK,zh_CN,field_note,130,912.8,559.72,106.68,560.0,2,3,1.125,,C:/hades/Hecton8/Docs/Lore/AppliedContent/packets/RS056_NATIVE_LOCALIZATION_REVIEW_PACK.packets.json
RS056_NATIVE_LOCALIZATION_REVIEW_PACK,P280_SUBTITLE_AUDIO_REVIEW_LOCK,fr_FR,title,32,306.0,306.0,73.8,360.0,1,1,1.738,TEXT_EXPANSION_GT_1_35,C:/hades/Hecton8/Docs/Lore/AppliedContent/packets/RS056_NATIVE_LOCALIZATION_REVIEW_PACK.packets.json
RS056_NATIVE_LOCALIZATION_REVIEW_PACK,P280_SUBTITLE_AUDIO_REVIEW_LOCK,fr_FR,scanner,51,416.96,416.96,58.88,460.0,1,2,1.383,TEXT_EXPANSION_GT_1_35,C:/hades/Hecton8/Docs/Lore/AppliedContent/packets/RS056_NATIVE_LOCALIZATION_REVIEW_PACK.packets.json
RS056_NATIVE_LOCALIZATION_REVIEW_PACK,P280_SUBTITLE_AUDIO_REVIEW_LOCK,fr_FR,terminal,95,742.5,498.0,93.0,520.0,2,2,1.171,,C:/hades/Hecton8/Docs/Lore/AppliedContent/packets/RS056_NATIVE_LOCALIZATION_REVIEW_PACK.packets.json
RS056_NATIVE_LOCALIZATION_REVIEW_PACK,P280_SUBTITLE_AUDIO_REVIEW_LOCK,fr_FR,audio,59,531.72,531.72,60.48,620.0,1,2,1.323,,C:/hades/Hecton8/Docs/Lore/AppliedContent/packets/RS056_NATIVE_LOCALIZATION_REVIEW_PACK.packets.json
RS056_NATIVE_LOCALIZATION_REVIEW_PACK,P280_SUBTITLE_AUDIO_REVIEW_LOCK,fr_FR,in_game_wiki,117,893.4,610.5,80.4,620.0,2,5,1.138,,C:/hades/Hecton8/Docs/Lore/AppliedContent/packets/RS056_NATIVE_LOCALIZATION_REVIEW_PACK.packets.json
RS056_NATIVE_LOCALIZATION_REVIEW_PACK,P280_SUBTITLE_AUDIO_REVIEW_LOCK,fr_FR,external_site,124,1027.52,669.12,85.76,680.0,2,4,1.127,,C:/hades/Hecton8/Docs/Lore/AppliedContent/packets/RS056_NATIVE_LOCALIZATION_REVIEW_PACK.packets.json
RS056_NATIVE_LOCALIZATION_REVIEW_PACK,P280_SUBTITLE_AUDIO_REVIEW_LOCK,fr_FR,field_note,130,912.8,559.72,106.68,560.0,2,3,1.125,,C:/hades/Hecton8/Docs/Lore/AppliedContent/packets/RS056_NATIVE_LOCALIZATION_REVIEW_PACK.packets.json
RS056_NATIVE_LOCALIZATION_REVIEW_PACK,P280_SUBTITLE_AUDIO_REVIEW_LOCK,es_ES,title,32,306.0,306.0,73.8,360.0,1,1,1.738,TEXT_EXPANSION_GT_1_35,C:/hades/Hecton8/Docs/Lore/AppliedContent/packets/RS056_NATIVE_LOCALIZATION_REVIEW_PACK.packets.json
RS056_NATIVE_LOCALIZATION_REVIEW_PACK,P280_SUBTITLE_AUDIO_REVIEW_LOCK,es_ES,scanner,51,416.96,416.96,58.88,460.0,1,2,1.383,TEXT_EXPANSION_GT_1_35,C:/hades/Hecton8/Docs/Lore/AppliedContent/packets/RS056_NATIVE_LOCALIZATION_REVIEW_PACK.packets.json
RS056_NATIVE_LOCALIZATION_REVIEW_PACK,P280_SUBTITLE_AUDIO_REVIEW_LOCK,es_ES,terminal,95,742.5,498.0,93.0,520.0,2,2,1.171,,C:/hades/Hecton8/Docs/Lore/AppliedContent/packets/RS056_NATIVE_LOCALIZATION_REVIEW_PACK.packets.json
RS056_NATIVE_LOCALIZATION_REVIEW_PACK,P280_SUBTITLE_AUDIO_REVIEW_LOCK,es_ES,audio,59,531.72,531.72,60.48,620.0,1,2,1.323,,C:/hades/Hecton8/Docs/Lore/AppliedContent/packets/RS056_NATIVE_LOCALIZATION_REVIEW_PACK.packets.json
RS056_NATIVE_LOCALIZATION_REVIEW_PACK,P280_SUBTITLE_AUDIO_REVIEW_LOCK,es_ES,in_game_wiki,117,893.4,610.5,80.4,620.0,2,5,1.138,,C:/hades/Hecton8/Docs/Lore/AppliedContent/packets/RS056_NATIVE_LOCALIZATION_REVIEW_PACK.packets.json
RS056_NATIVE_LOCALIZATION_REVIEW_PACK,P280_SUBTITLE_AUDIO_REVIEW_LOCK,es_ES,external_site,124,1027.52,669.12,85.76,680.0,2,4,1.127,,C:/hades/Hecton8/Docs/Lore/AppliedContent/packets/RS056_NATIVE_LOCALIZATION_REVIEW_PACK.packets.json
RS056_NATIVE_LOCALIZATION_REVIEW_PACK,P280_SUBTITLE_AUDIO_REVIEW_LOCK,es_ES,field_note,130,912.8,559.72,106.68,560.0,2,3,1.125,,C:/hades/Hecton8/Docs/Lore/AppliedContent/packets/RS056_NATIVE_LOCALIZATION_REVIEW_PACK.packets.json
RS056_NATIVE_LOCALIZATION_REVIEW_PACK,P280_SUBTITLE_AUDIO_REVIEW_LOCK,de_DE,title,32,306.0,306.0,73.8,360.0,1,1,1.738,TEXT_EXPANSION_GT_1_35,C:/hades/Hecton8/Docs/Lore/AppliedContent/packets/RS056_NATIVE_LOCALIZATION_REVIEW_PACK.packets.json
RS056_NATIVE_LOCALIZATION_REVIEW_PACK,P280_SUBTITLE_AUDIO_REVIEW_LOCK,de_DE,scanner,51,416.96,416.96,58.88,460.0,1,2,1.383,TEXT_EXPANSION_GT_1_35,C:/hades/Hecton8/Docs/Lore/AppliedContent/packets/RS056_NATIVE_LOCALIZATION_REVIEW_PACK.packets.json
RS056_NATIVE_LOCALIZATION_REVIEW_PACK,P280_SUBTITLE_AUDIO_REVIEW_LOCK,de_DE,terminal,95,742.5,498.0,93.0,520.0,2,2,1.171,,C:/hades/Hecton8/Docs/Lore/AppliedContent/packets/RS056_NATIVE_LOCALIZATION_REVIEW_PACK.packets.json
RS056_NATIVE_LOCALIZATION_REVIEW_PACK,P280_SUBTITLE_AUDIO_REVIEW_LOCK,de_DE,audio,59,531.72,531.72,60.48,620.0,1,2,1.323,,C:/hades/Hecton8/Docs/Lore/AppliedContent/packets/RS056_NATIVE_LOCALIZATION_REVIEW_PACK.packets.json
RS056_NATIVE_LOCALIZATION_REVIEW_PACK,P280_SUBTITLE_AUDIO_REVIEW_LOCK,de_DE,in_game_wiki,117,893.4,610.5,80.4,620.0,2,5,1.138,,C:/hades/Hecton8/Docs/Lore/AppliedContent/packets/RS056_NATIVE_LOCALIZATION_REVIEW_PACK.packets.json
RS056_NATIVE_LOCALIZATION_REVIEW_PACK,P280_SUBTITLE_AUDIO_REVIEW_LOCK,de_DE,external_site,124,1027.52,669.12,85.76,680.0,2,4,1.127,,C:/hades/Hecton8/Docs/Lore/AppliedContent/packets/RS056_NATIVE_LOCALIZATION_REVIEW_PACK.packets.json
RS056_NATIVE_LOCALIZATION_REVIEW_PACK,P280_SUBTITLE_AUDIO_REVIEW_LOCK,de_DE,field_note,130,912.8,559.72,106.68,560.0,2,3,1.125,,C:/hades/Hecton8/Docs/Lore/AppliedContent/packets/RS056_NATIVE_LOCALIZATION_REVIEW_PACK.packets.json
RS056_NATIVE_LOCALIZATION_REVIEW_PACK,P280_SUBTITLE_AUDIO_REVIEW_LOCK,pl_PL,title,32,306.0,306.0,73.8,360.0,1,1,1.738,TEXT_EXPANSION_GT_1_35,C:/hades/Hecton8/Docs/Lore/AppliedContent/packets/RS056_NATIVE_LOCALIZATION_REVIEW_PACK.packets.json
RS056_NATIVE_LOCALIZATION_REVIEW_PACK,P280_SUBTITLE_AUDIO_REVIEW_LOCK,pl_PL,scanner,51,416.96,416.96,58.88,460.0,1,2,1.383,TEXT_EXPANSION_GT_1_35,C:/hades/Hecton8/Docs/Lore/AppliedContent/packets/RS056_NATIVE_LOCALIZATION_REVIEW_PACK.packets.json
RS056_NATIVE_LOCALIZATION_REVIEW_PACK,P280_SUBTITLE_AUDIO_REVIEW_LOCK,pl_PL,terminal,95,742.5,498.0,93.0,520.0,2,2,1.171,,C:/hades/Hecton8/Docs/Lore/AppliedContent/packets/RS056_NATIVE_LOCALIZATION_REVIEW_PACK.packets.json
RS056_NATIVE_LOCALIZATION_REVIEW_PACK,P280_SUBTITLE_AUDIO_REVIEW_LOCK,pl_PL,audio,59,531.72,531.72,60.48,620.0,1,2,1.323,,C:/hades/Hecton8/Docs/Lore/AppliedContent/packets/RS056_NATIVE_LOCALIZATION_REVIEW_PACK.packets.json
RS056_NATIVE_LOCALIZATION_REVIEW_PACK,P280_SUBTITLE_AUDIO_REVIEW_LOCK,pl_PL,in_game_wiki,117,893.4,610.5,80.4,620.0,2,5,1.138,,C:/hades/Hecton8/Docs/Lore/AppliedContent/packets/RS056_NATIVE_LOCALIZATION_REVIEW_PACK.packets.json
RS056_NATIVE_LOCALIZATION_REVIEW_PACK,P280_SUBTITLE_AUDIO_REVIEW_LOCK,pl_PL,external_site,124,1027.52,669.12,85.76,680.0,2,4,1.127,,C:/hades/Hecton8/Docs/Lore/AppliedContent/packets/RS056_NATIVE_LOCALIZATION_REVIEW_PACK.packets.json
RS056_NATIVE_LOCALIZATION_REVIEW_PACK,P280_SUBTITLE_AUDIO_REVIEW_LOCK,pl_PL,field_note,130,912.8,559.72,106.68,560.0,2,3,1.125,,C:/hades/Hecton8/Docs/Lore/AppliedContent/packets/RS056_NATIVE_LOCALIZATION_REVIEW_PACK.packets.json
RS056_NATIVE_LOCALIZATION_REVIEW_PACK,P280_SUBTITLE_AUDIO_REVIEW_LOCK,uk_UA,title,32,306.0,306.0,73.8,360.0,1,1,1.738,TEXT_EXPANSION_GT_1_35,C:/hades/Hecton8/Docs/Lore/AppliedContent/packets/RS056_NATIVE_LOCALIZATION_REVIEW_PACK.packets.json
RS056_NATIVE_LOCALIZATION_REVIEW_PACK,P280_SUBTITLE_AUDIO_REVIEW_LOCK,uk_UA,scanner,51,416.96,416.96,58.88,460.0,1,2,1.383,TEXT_EXPANSION_GT_1_35,C:/hades/Hecton8/Docs/Lore/AppliedContent/packets/RS056_NATIVE_LOCALIZATION_REVIEW_PACK.packets.json
RS056_NATIVE_LOCALIZATION_REVIEW_PACK,P280_SUBTITLE_AUDIO_REVIEW_LOCK,uk_UA,terminal,95,742.5,498.0,93.0,520.0,2,2,1.171,,C:/hades/Hecton8/Docs/Lore/AppliedContent/packets/RS056_NATIVE_LOCALIZATION_REVIEW_PACK.packets.json
RS056_NATIVE_LOCALIZATION_REVIEW_PACK,P280_SUBTITLE_AUDIO_REVIEW_LOCK,uk_UA,audio,59,531.72,531.72,60.48,620.0,1,2,1.323,,C:/hades/Hecton8/Docs/Lore/AppliedContent/packets/RS056_NATIVE_LOCALIZATION_REVIEW_PACK.packets.json
RS056_NATIVE_LOCALIZATION_REVIEW_PACK,P280_SUBTITLE_AUDIO_REVIEW_LOCK,uk_UA,in_game_wiki,117,893.4,610.5,80.4,620.0,2,5,1.138,,C:/hades/Hecton8/Docs/Lore/AppliedContent/packets/RS056_NATIVE_LOCALIZATION_REVIEW_PACK.packets.json
RS056_NATIVE_LOCALIZATION_REVIEW_PACK,P280_SUBTITLE_AUDIO_REVIEW_LOCK,uk_UA,external_site,124,1027.52,669.12,85.76,680.0,2,4,1.127,,C:/hades/Hecton8/Docs/Lore/AppliedContent/packets/RS056_NATIVE_LOCALIZATION_REVIEW_PACK.packets.json
RS056_NATIVE_LOCALIZATION_REVIEW_PACK,P280_SUBTITLE_AUDIO_REVIEW_LOCK,uk_UA,field_note,130,912.8,559.72,106.68,560.0,2,3,1.125,,C:/hades/Hecton8/Docs/Lore/AppliedContent/packets/RS056_NATIVE_LOCALIZATION_REVIEW_PACK.packets.json
RS056_NATIVE_LOCALIZATION_REVIEW_PACK,P280_SUBTITLE_AUDIO_REVIEW_LOCK,ar_SA,title,32,306.0,306.0,73.8,360.0,1,1,1.738,TEXT_EXPANSION_GT_1_35,C:/hades/Hecton8/Docs/Lore/AppliedContent/packets/RS056_NATIVE_LOCALIZATION_REVIEW_PACK.packets.json
RS056_NATIVE_LOCALIZATION_REVIEW_PACK,P280_SUBTITLE_AUDIO_REVIEW_LOCK,ar_SA,scanner,51,416.96,416.96,58.88,460.0,1,2,1.383,TEXT_EXPANSION_GT_1_35,C:/hades/Hecton8/Docs/Lore/AppliedContent/packets/RS056_NATIVE_LOCALIZATION_REVIEW_PACK.packets.json
RS056_NATIVE_LOCALIZATION_REVIEW_PACK,P280_SUBTITLE_AUDIO_REVIEW_LOCK,ar_SA,terminal,95,742.5,498.0,93.0,520.0,2,2,1.171,,C:/hades/Hecton8/Docs/Lore/AppliedContent/packets/RS056_NATIVE_LOCALIZATION_REVIEW_PACK.packets.json
RS056_NATIVE_LOCALIZATION_REVIEW_PACK,P280_SUBTITLE_AUDIO_REVIEW_LOCK,ar_SA,audio,59,531.72,531.72,60.48,620.0,1,2,1.323,,C:/hades/Hecton8/Docs/Lore/AppliedContent/packets/RS056_NATIVE_LOCALIZATION_REVIEW_PACK.packets.json
RS056_NATIVE_LOCALIZATION_REVIEW_PACK,P280_SUBTITLE_AUDIO_REVIEW_LOCK,ar_SA,in_game_wiki,117,893.4,610.5,80.4,620.0,2,5,1.138,,C:/hades/Hecton8/Docs/Lore/AppliedContent/packets/RS056_NATIVE_LOCALIZATION_REVIEW_PACK.packets.json
RS056_NATIVE_LOCALIZATION_REVIEW_PACK,P280_SUBTITLE_AUDIO_REVIEW_LOCK,ar_SA,external_site,124,1027.52,669.12,85.76,680.0,2,4,1.127,,C:/hades/Hecton8/Docs/Lore/AppliedContent/packets/RS056_NATIVE_LOCALIZATION_REVIEW_PACK.packets.json
RS056_NATIVE_LOCALIZATION_REVIEW_PACK,P280_SUBTITLE_AUDIO_REVIEW_LOCK,ar_SA,field_note,130,912.8,559.72,106.68,560.0,2,3,1.125,,C:/hades/Hecton8/Docs/Lore/AppliedContent/packets/RS056_NATIVE_LOCALIZATION_REVIEW_PACK.packets.json
RS056_NATIVE_LOCALIZATION_REVIEW_PACK,P280_SUBTITLE_AUDIO_REVIEW_LOCK,id_ID,title,32,306.0,306.0,73.8,360.0,1,1,1.738,TEXT_EXPANSION_GT_1_35,C:/hades/Hecton8/Docs/Lore/AppliedContent/packets/RS056_NATIVE_LOCALIZATION_REVIEW_PACK.packets.json
RS056_NATIVE_LOCALIZATION_REVIEW_PACK,P280_SUBTITLE_AUDIO_REVIEW_LOCK,id_ID,scanner,51,416.96,416.96,58.88,460.0,1,2,1.383,TEXT_EXPANSION_GT_1_35,C:/hades/Hecton8/Docs/Lore/AppliedContent/packets/RS056_NATIVE_LOCALIZATION_REVIEW_PACK.packets.json
RS056_NATIVE_LOCALIZATION_REVIEW_PACK,P280_SUBTITLE_AUDIO_REVIEW_LOCK,id_ID,terminal,95,742.5,498.0,93.0,520.0,2,2,1.171,,C:/hades/Hecton8/Docs/Lore/AppliedContent/packets/RS056_NATIVE_LOCALIZATION_REVIEW_PACK.packets.json
RS056_NATIVE_LOCALIZATION_REVIEW_PACK,P280_SUBTITLE_AUDIO_REVIEW_LOCK,id_ID,audio,59,531.72,531.72,60.48,620.0,1,2,1.323,,C:/hades/Hecton8/Docs/Lore/AppliedContent/packets/RS056_NATIVE_LOCALIZATION_REVIEW_PACK.packets.json
RS056_NATIVE_LOCALIZATION_REVIEW_PACK,P280_SUBTITLE_AUDIO_REVIEW_LOCK,id_ID,in_game_wiki,117,893.4,610.5,80.4,620.0,2,5,1.138,,C:/hades/Hecton8/Docs/Lore/AppliedContent/packets/RS056_NATIVE_LOCALIZATION_REVIEW_PACK.packets.json
RS056_NATIVE_LOCALIZATION_REVIEW_PACK,P280_SUBTITLE_AUDIO_REVIEW_LOCK,id_ID,external_site,124,1027.52,669.12,85.76,680.0,2,4,1.127,,C:/hades/Hecton8/Docs/Lore/AppliedContent/packets/RS056_NATIVE_LOCALIZATION_REVIEW_PACK.packets.json
RS056_NATIVE_LOCALIZATION_REVIEW_PACK,P280_SUBTITLE_AUDIO_REVIEW_LOCK,id_ID,field_note,130,912.8,559.72,106.68,560.0,2,3,1.125,,C:/hades/Hecton8/Docs/Lore/AppliedContent/packets/RS056_NATIVE_LOCALIZATION_REVIEW_PACK.packets.json
RS056_NATIVE_LOCALIZATION_REVIEW_PACK,P280_SUBTITLE_AUDIO_REVIEW_LOCK,ko_KR,title,32,306.0,306.0,73.8,360.0,1,1,1.738,TEXT_EXPANSION_GT_1_35,C:/hades/Hecton8/Docs/Lore/AppliedContent/packets/RS056_NATIVE_LOCALIZATION_REVIEW_PACK.packets.json
RS056_NATIVE_LOCALIZATION_REVIEW_PACK,P280_SUBTITLE_AUDIO_REVIEW_LOCK,ko_KR,scanner,51,416.96,416.96,58.88,460.0,1,2,1.383,TEXT_EXPANSION_GT_1_35,C:/hades/Hecton8/Docs/Lore/AppliedContent/packets/RS056_NATIVE_LOCALIZATION_REVIEW_PACK.packets.json
RS056_NATIVE_LOCALIZATION_REVIEW_PACK,P280_SUBTITLE_AUDIO_REVIEW_LOCK,ko_KR,terminal,95,742.5,498.0,93.0,520.0,2,2,1.171,,C:/hades/Hecton8/Docs/Lore/AppliedContent/packets/RS056_NATIVE_LOCALIZATION_REVIEW_PACK.packets.json
RS056_NATIVE_LOCALIZATION_REVIEW_PACK,P280_SUBTITLE_AUDIO_REVIEW_LOCK,ko_KR,audio,59,531.72,531.72,60.48,620.0,1,2,1.323,,C:/hades/Hecton8/Docs/Lore/AppliedContent/packets/RS056_NATIVE_LOCALIZATION_REVIEW_PACK.packets.json
RS056_NATIVE_LOCALIZATION_REVIEW_PACK,P280_SUBTITLE_AUDIO_REVIEW_LOCK,ko_KR,in_game_wiki,117,893.4,610.5,80.4,620.0,2,5,1.138,,C:/hades/Hecton8/Docs/Lore/AppliedContent/packets/RS056_NATIVE_LOCALIZATION_REVIEW_PACK.packets.json
RS056_NATIVE_LOCALIZATION_REVIEW_PACK,P280_SUBTITLE_AUDIO_REVIEW_LOCK,ko_KR,external_site,124,1027.52,669.12,85.76,680.0,2,4,1.127,,C:/hades/Hecton8/Docs/Lore/AppliedContent/packets/RS056_NATIVE_LOCALIZATION_REVIEW_PACK.packets.json
RS056_NATIVE_LOCALIZATION_REVIEW_PACK,P280_SUBTITLE_AUDIO_REVIEW_LOCK,ko_KR,field_note,130,912.8,559.72,106.68,560.0,2,3,1.125,,C:/hades/Hecton8/Docs/Lore/AppliedContent/packets/RS056_NATIVE_LOCALIZATION_REVIEW_PACK.packets.json
RS056_NATIVE_LOCALIZATION_REVIEW_PACK,P280_SUBTITLE_AUDIO_REVIEW_LOCK,he_IL,title,32,306.0,306.0,73.8,360.0,1,1,1.738,TEXT_EXPANSION_GT_1_35,C:/hades/Hecton8/Docs/Lore/AppliedContent/packets/RS056_NATIVE_LOCALIZATION_REVIEW_PACK.packets.json
RS056_NATIVE_LOCALIZATION_REVIEW_PACK,P280_SUBTITLE_AUDIO_REVIEW_LOCK,he_IL,scanner,51,416.96,416.96,58.88,460.0,1,2,1.383,TEXT_EXPANSION_GT_1_35,C:/hades/Hecton8/Docs/Lore/AppliedContent/packets/RS056_NATIVE_LOCALIZATION_REVIEW_PACK.packets.json
RS056_NATIVE_LOCALIZATION_REVIEW_PACK,P280_SUBTITLE_AUDIO_REVIEW_LOCK,he_IL,terminal,95,742.5,498.0,93.0,520.0,2,2,1.171,,C:/hades/Hecton8/Docs/Lore/AppliedContent/packets/RS056_NATIVE_LOCALIZATION_REVIEW_PACK.packets.json
RS056_NATIVE_LOCALIZATION_REVIEW_PACK,P280_SUBTITLE_AUDIO_REVIEW_LOCK,he_IL,audio,59,531.72,531.72,60.48,620.0,1,2,1.323,,C:/hades/Hecton8/Docs/Lore/AppliedContent/packets/RS056_NATIVE_LOCALIZATION_REVIEW_PACK.packets.json
RS056_NATIVE_LOCALIZATION_REVIEW_PACK,P280_SUBTITLE_AUDIO_REVIEW_LOCK,he_IL,in_game_wiki,117,893.4,610.5,80.4,620.0,2,5,1.138,,C:/hades/Hecton8/Docs/Lore/AppliedContent/packets/RS056_NATIVE_LOCALIZATION_REVIEW_PACK.packets.json
RS056_NATIVE_LOCALIZATION_REVIEW_PACK,P280_SUBTITLE_AUDIO_REVIEW_LOCK,he_IL,external_site,124,1027.52,669.12,85.76,680.0,2,4,1.127,,C:/hades/Hecton8/Docs/Lore/AppliedContent/packets/RS056_NATIVE_LOCALIZATION_REVIEW_PACK.packets.json
RS056_NATIVE_LOCALIZATION_REVIEW_PACK,P280_SUBTITLE_AUDIO_REVIEW_LOCK,he_IL,field_note,130,912.8,559.72,106.68,560.0,2,3,1.125,,C:/hades/Hecton8/Docs/Lore/AppliedContent/packets/RS056_NATIVE_LOCALIZATION_REVIEW_PACK.packets.json
RS056_NATIVE_LOCALIZATION_REVIEW_PACK,P280_SUBTITLE_AUDIO_REVIEW_LOCK,pt_BR,title,35,335.88,335.88,73.8,360.0,1,1,1.908,TEXT_EXPANSION_GT_1_35,C:/hades/Hecton8/Docs/Lore/AppliedContent/packets/RS056_NATIVE_LOCALIZATION_REVIEW_PACK.packets.json
RS056_NATIVE_LOCALIZATION_REVIEW_PACK,P280_SUBTITLE_AUDIO_REVIEW_LOCK,pt_BR,scanner,54,443.52,443.52,58.88,460.0,1,2,1.471,TEXT_EXPANSION_GT_1_35,C:/hades/Hecton8/Docs/Lore/AppliedContent/packets/RS056_NATIVE_LOCALIZATION_REVIEW_PACK.packets.json
RS056_NATIVE_LOCALIZATION_REVIEW_PACK,P280_SUBTITLE_AUDIO_REVIEW_LOCK,pt_BR,terminal,98,767.4,522.9,93.0,520.0,2,2,1.21,,C:/hades/Hecton8/Docs/Lore/AppliedContent/packets/RS056_NATIVE_LOCALIZATION_REVIEW_PACK.packets.json
RS056_NATIVE_LOCALIZATION_REVIEW_PACK,P280_SUBTITLE_AUDIO_REVIEW_LOCK,pt_BR,audio,62,561.6,561.6,60.48,620.0,1,2,1.398,TEXT_EXPANSION_GT_1_35,C:/hades/Hecton8/Docs/Lore/AppliedContent/packets/RS056_NATIVE_LOCALIZATION_REVIEW_PACK.packets.json
RS056_NATIVE_LOCALIZATION_REVIEW_PACK,P280_SUBTITLE_AUDIO_REVIEW_LOCK,pt_BR,in_game_wiki,120,918.3,565.5,80.4,620.0,2,5,1.17,,C:/hades/Hecton8/Docs/Lore/AppliedContent/packets/RS056_NATIVE_LOCALIZATION_REVIEW_PACK.packets.json
RS056_NATIVE_LOCALIZATION_REVIEW_PACK,P280_SUBTITLE_AUDIO_REVIEW_LOCK,pt_BR,external_site,127,1054.08,604.48,85.76,680.0,2,4,1.156,,C:/hades/Hecton8/Docs/Lore/AppliedContent/packets/RS056_NATIVE_LOCALIZATION_REVIEW_PACK.packets.json
RS056_NATIVE_LOCALIZATION_REVIEW_PACK,P280_SUBTITLE_AUDIO_REVIEW_LOCK,pt_BR,field_note,133,936.04,518.56,106.68,560.0,2,3,1.153,,C:/hades/Hecton8/Docs/Lore/AppliedContent/packets/RS056_NATIVE_LOCALIZATION_REVIEW_PACK.packets.json
RS056_NATIVE_LOCALIZATION_REVIEW_PACK,P280_SUBTITLE_AUDIO_REVIEW_LOCK,nl_NL,title,32,306.0,306.0,73.8,360.0,1,1,1.738,TEXT_EXPANSION_GT_1_35,C:/hades/Hecton8/Docs/Lore/AppliedContent/packets/RS056_NATIVE_LOCALIZATION_REVIEW_PACK.packets.json
RS056_NATIVE_LOCALIZATION_REVIEW_PACK,P280_SUBTITLE_AUDIO_REVIEW_LOCK,nl_NL,scanner,51,416.96,416.96,58.88,460.0,1,2,1.383,TEXT_EXPANSION_GT_1_35,C:/hades/Hecton8/Docs/Lore/AppliedContent/packets/RS056_NATIVE_LOCALIZATION_REVIEW_PACK.packets.json
RS056_NATIVE_LOCALIZATION_REVIEW_PACK,P280_SUBTITLE_AUDIO_REVIEW_LOCK,nl_NL,terminal,95,742.5,498.0,93.0,520.0,2,2,1.171,,C:/hades/Hecton8/Docs/Lore/AppliedContent/packets/RS056_NATIVE_LOCALIZATION_REVIEW_PACK.packets.json
RS056_NATIVE_LOCALIZATION_REVIEW_PACK,P280_SUBTITLE_AUDIO_REVIEW_LOCK,nl_NL,audio,59,531.72,531.72,60.48,620.0,1,2,1.323,,C:/hades/Hecton8/Docs/Lore/AppliedContent/packets/RS056_NATIVE_LOCALIZATION_REVIEW_PACK.packets.json
RS056_NATIVE_LOCALIZATION_REVIEW_PACK,P280_SUBTITLE_AUDIO_REVIEW_LOCK,nl_NL,in_game_wiki,117,893.4,610.5,80.4,620.0,2,5,1.138,,C:/hades/Hecton8/Docs/Lore/AppliedContent/packets/RS056_NATIVE_LOCALIZATION_REVIEW_PACK.packets.json
RS056_NATIVE_LOCALIZATION_REVIEW_PACK,P280_SUBTITLE_AUDIO_REVIEW_LOCK,nl_NL,external_site,124,1027.52,669.12,85.76,680.0,2,4,1.127,,C:/hades/Hecton8/Docs/Lore/AppliedContent/packets/RS056_NATIVE_LOCALIZATION_REVIEW_PACK.packets.json
RS056_NATIVE_LOCALIZATION_REVIEW_PACK,P280_SUBTITLE_AUDIO_REVIEW_LOCK,nl_NL,field_note,130,912.8,559.72,106.68,560.0,2,3,1.125,,C:/hades/Hecton8/Docs/Lore/AppliedContent/packets/RS056_NATIVE_LOCALIZATION_REVIEW_PACK.packets.json
