release_set_id,packet_id,locale,field,chars,estimated_px,max_line_px,max_word_px,bound_px,lines,max_lines,expansion_vs_en,issues,source
RS085_CELESTIAL_EPHEMERIS_PUBLIC_BANDS,P421_RAN_AEGIR_PUBLIC_DISTANCE_BAND,en_US,title,23,218.52,218.52,86.04,360.0,1,1,1.0,,C:/hades/Hecton8/Docs/Lore/AppliedContent/packets/RS085_CELESTIAL_EPHEMERIS_PUBLIC_BANDS.packets.json
RS085_CELESTIAL_EPHEMERIS_PUBLIC_BANDS,P421_RAN_AEGIR_PUBLIC_DISTANCE_BAND,en_US,scanner,58,455.36,455.36,76.48,460.0,1,2,1.0,,C:/hades/Hecton8/Docs/Lore/AppliedContent/packets/RS085_CELESTIAL_EPHEMERIS_PUBLIC_BANDS.packets.json
RS085_CELESTIAL_EPHEMERIS_PUBLIC_BANDS,P421_RAN_AEGIR_PUBLIC_DISTANCE_BAND,en_US,terminal,82,633.0,520.5,89.1,520.0,2,2,1.0,,C:/hades/Hecton8/Docs/Lore/AppliedContent/packets/RS085_CELESTIAL_EPHEMERIS_PUBLIC_BANDS.packets.json
RS085_CELESTIAL_EPHEMERIS_PUBLIC_BANDS,P421_RAN_AEGIR_PUBLIC_DISTANCE_BAND,en_US,audio,60,536.76,536.76,98.28,620.0,1,2,1.0,,C:/hades/Hecton8/Docs/Lore/AppliedContent/packets/RS085_CELESTIAL_EPHEMERIS_PUBLIC_BANDS.packets.json
RS085_CELESTIAL_EPHEMERIS_PUBLIC_BANDS,P421_RAN_AEGIR_PUBLIC_DISTANCE_BAND,en_US,in_game_wiki,125,929.4,585.9,98.7,620.0,2,5,1.0,,C:/hades/Hecton8/Docs/Lore/AppliedContent/packets/RS085_CELESTIAL_EPHEMERIS_PUBLIC_BANDS.packets.json
RS085_CELESTIAL_EPHEMERIS_PUBLIC_BANDS,P421_RAN_AEGIR_PUBLIC_DISTANCE_BAND,en_US,external_site,129,1057.28,662.4,102.72,680.0,2,4,1.0,,C:/hades/Hecton8/Docs/Lore/AppliedContent/packets/RS085_CELESTIAL_EPHEMERIS_PUBLIC_BANDS.packets.json
RS085_CELESTIAL_EPHEMERIS_PUBLIC_BANDS,P421_RAN_AEGIR_PUBLIC_DISTANCE_BAND,en_US,field_note,90,651.56,501.76,74.2,560.0,2,3,1.0,,C:/hades/Hecton8/Docs/Lore/AppliedContent/packets/RS085_CELESTIAL_EPHEMERIS_PUBLIC_BANDS.packets.json
RS085_CELESTIAL_EPHEMERIS_PUBLIC_BANDS,P421_RAN_AEGIR_PUBLIC_DISTANCE_BAND,ru_RU,title,19,187.2,187.2,95.04,360.0,1,1,0.857,,C:/hades/Hecton8/Docs/Lore/AppliedContent/packets/RS085_CELESTIAL_EPHEMERIS_PUBLIC_BANDS.packets.json
RS085_CELESTIAL_EPHEMERIS_PUBLIC_BANDS,P421_RAN_AEGIR_PUBLIC_DISTANCE_BAND,ru_RU,scanner,53,427.2,427.2,84.48,460.0,1,2,0.938,,C:/hades/Hecton8/Docs/Lore/AppliedContent/packets/RS085_CELESTIAL_EPHEMERIS_PUBLIC_BANDS.packets.json
RS085_CELESTIAL_EPHEMERIS_PUBLIC_BANDS,P421_RAN_AEGIR_PUBLIC_DISTANCE_BAND,ru_RU,terminal,74,604.5,496.2,108.3,520.0,2,2,0.955,,C:/hades/Hecton8/Docs/Lore/AppliedContent/packets/RS085_CELESTIAL_EPHEMERIS_PUBLIC_BANDS.packets.json
RS085_CELESTIAL_EPHEMERIS_PUBLIC_BANDS,P421_RAN_AEGIR_PUBLIC_DISTANCE_BAND,ru_RU,audio,60,582.84,582.84,98.64,620.0,1,2,1.086,,C:/hades/Hecton8/Docs/Lore/AppliedContent/packets/RS085_CELESTIAL_EPHEMERIS_PUBLIC_BANDS.packets.json
RS085_CELESTIAL_EPHEMERIS_PUBLIC_BANDS,P421_RAN_AEGIR_PUBLIC_DISTANCE_BAND,ru_RU,in_game_wiki,130,1041.0,578.7,163.2,620.0,2,5,1.12,,C:/hades/Hecton8/Docs/Lore/AppliedContent/packets/RS085_CELESTIAL_EPHEMERIS_PUBLIC_BANDS.packets.json
RS085_CELESTIAL_EPHEMERIS_PUBLIC_BANDS,P421_RAN_AEGIR_PUBLIC_DISTANCE_BAND,ru_RU,external_site,147,1267.2,634.56,120.64,680.0,2,4,1.199,,C:/hades/Hecton8/Docs/Lore/AppliedContent/packets/RS085_CELESTIAL_EPHEMERIS_PUBLIC_BANDS.packets.json
RS085_CELESTIAL_EPHEMERIS_PUBLIC_BANDS,P421_RAN_AEGIR_PUBLIC_DISTANCE_BAND,ru_RU,field_note,102,777.28,549.64,129.92,560.0,2,3,1.193,,C:/hades/Hecton8/Docs/Lore/AppliedContent/packets/RS085_CELESTIAL_EPHEMERIS_PUBLIC_BANDS.packets.json
RS085_CELESTIAL_EPHEMERIS_PUBLIC_BANDS,P421_RAN_AEGIR_PUBLIC_DISTANCE_BAND,ja_JP,title,31,294.84,294.84,86.04,360.0,1,1,1.349,,C:/hades/Hecton8/Docs/Lore/AppliedContent/packets/RS085_CELESTIAL_EPHEMERIS_PUBLIC_BANDS.packets.json
RS085_CELESTIAL_EPHEMERIS_PUBLIC_BANDS,P421_RAN_AEGIR_PUBLIC_DISTANCE_BAND,ja_JP,scanner,66,523.2,448.96,76.48,460.0,2,2,1.149,,C:/hades/Hecton8/Docs/Lore/AppliedContent/packets/RS085_CELESTIAL_EPHEMERIS_PUBLIC_BANDS.packets.json
RS085_CELESTIAL_EPHEMERIS_PUBLIC_BANDS,P421_RAN_AEGIR_PUBLIC_DISTANCE_BAND,ja_JP,terminal,90,696.6,524.7,89.1,520.0,2,2,1.1,,C:/hades/Hecton8/Docs/Lore/AppliedContent/packets/RS085_CELESTIAL_EPHEMERIS_PUBLIC_BANDS.packets.json
RS085_CELESTIAL_EPHEMERIS_PUBLIC_BANDS,P421_RAN_AEGIR_PUBLIC_DISTANCE_BAND,ja_JP,audio,73,666.72,581.4,98.28,620.0,2,2,1.242,,C:/hades/Hecton8/Docs/Lore/AppliedContent/packets/RS085_CELESTIAL_EPHEMERIS_PUBLIC_BANDS.packets.json
RS085_CELESTIAL_EPHEMERIS_PUBLIC_BANDS,P421_RAN_AEGIR_PUBLIC_DISTANCE_BAND,ja_JP,in_game_wiki,138,1037.7,618.9,98.7,620.0,2,5,1.117,,C:/hades/Hecton8/Docs/Lore/AppliedContent/packets/RS085_CELESTIAL_EPHEMERIS_PUBLIC_BANDS.packets.json
RS085_CELESTIAL_EPHEMERIS_PUBLIC_BANDS,P421_RAN_AEGIR_PUBLIC_DISTANCE_BAND,ja_JP,external_site,142,1172.8,640.0,102.72,680.0,2,4,1.109,,C:/hades/Hecton8/Docs/Lore/AppliedContent/packets/RS085_CELESTIAL_EPHEMERIS_PUBLIC_BANDS.packets.json
RS085_CELESTIAL_EPHEMERIS_PUBLIC_BANDS,P421_RAN_AEGIR_PUBLIC_DISTANCE_BAND,ja_JP,field_note,103,752.64,524.72,74.2,560.0,2,3,1.155,,C:/hades/Hecton8/Docs/Lore/AppliedContent/packets/RS085_CELESTIAL_EPHEMERIS_PUBLIC_BANDS.packets.json
RS085_CELESTIAL_EPHEMERIS_PUBLIC_BANDS,P421_RAN_AEGIR_PUBLIC_DISTANCE_BAND,zh_CN,title,31,294.84,294.84,86.04,360.0,1,1,1.349,,C:/hades/Hecton8/Docs/Lore/AppliedContent/packets/RS085_CELESTIAL_EPHEMERIS_PUBLIC_BANDS.packets.json
RS085_CELESTIAL_EPHEMERIS_PUBLIC_BANDS,P421_RAN_AEGIR_PUBLIC_DISTANCE_BAND,zh_CN,scanner,66,523.2,448.96,76.48,460.0,2,2,1.149,,C:/hades/Hecton8/Docs/Lore/AppliedContent/packets/RS085_CELESTIAL_EPHEMERIS_PUBLIC_BANDS.packets.json
RS085_CELESTIAL_EPHEMERIS_PUBLIC_BANDS,P421_RAN_AEGIR_PUBLIC_DISTANCE_BAND,zh_CN,terminal,90,696.6,524.7,89.1,520.0,2,2,1.1,,C:/hades/Hecton8/Docs/Lore/AppliedContent/packets/RS085_CELESTIAL_EPHEMERIS_PUBLIC_BANDS.packets.json
RS085_CELESTIAL_EPHEMERIS_PUBLIC_BANDS,P421_RAN_AEGIR_PUBLIC_DISTANCE_BAND,zh_CN,audio,73,666.72,581.4,98.28,620.0,2,2,1.242,,C:/hades/Hecton8/Docs/Lore/AppliedContent/packets/RS085_CELESTIAL_EPHEMERIS_PUBLIC_BANDS.packets.json
RS085_CELESTIAL_EPHEMERIS_PUBLIC_BANDS,P421_RAN_AEGIR_PUBLIC_DISTANCE_BAND,zh_CN,in_game_wiki,138,1037.7,618.9,98.7,620.0,2,5,1.117,,C:/hades/Hecton8/Docs/Lore/AppliedContent/packets/RS085_CELESTIAL_EPHEMERIS_PUBLIC_BANDS.packets.json
RS085_CELESTIAL_EPHEMERIS_PUBLIC_BANDS,P421_RAN_AEGIR_PUBLIC_DISTANCE_BAND,zh_CN,external_site,142,1172.8,640.0,102.72,680.0,2,4,1.109,,C:/hades/Hecton8/Docs/Lore/AppliedContent/packets/RS085_CELESTIAL_EPHEMERIS_PUBLIC_BANDS.packets.json
RS085_CELESTIAL_EPHEMERIS_PUBLIC_BANDS,P421_RAN_AEGIR_PUBLIC_DISTANCE_BAND,zh_CN,field_note,103,752.64,524.72,74.2,560.0,2,3,1.155,,C:/hades/Hecton8/Docs/Lore/AppliedContent/packets/RS085_CELESTIAL_EPHEMERIS_PUBLIC_BANDS.packets.json
RS085_CELESTIAL_EPHEMERIS_PUBLIC_BANDS,P421_RAN_AEGIR_PUBLIC_DISTANCE_BAND,fr_FR,title,31,294.84,294.84,86.04,360.0,1,1,1.349,,C:/hades/Hecton8/Docs/Lore/AppliedContent/packets/RS085_CELESTIAL_EPHEMERIS_PUBLIC_BANDS.packets.json
RS085_CELESTIAL_EPHEMERIS_PUBLIC_BANDS,P421_RAN_AEGIR_PUBLIC_DISTANCE_BAND,fr_FR,scanner,66,523.2,448.96,76.48,460.0,2,2,1.149,,C:/hades/Hecton8/Docs/Lore/AppliedContent/packets/RS085_CELESTIAL_EPHEMERIS_PUBLIC_BANDS.packets.json
RS085_CELESTIAL_EPHEMERIS_PUBLIC_BANDS,P421_RAN_AEGIR_PUBLIC_DISTANCE_BAND,fr_FR,terminal,90,696.6,524.7,89.1,520.0,2,2,1.1,,C:/hades/Hecton8/Docs/Lore/AppliedContent/packets/RS085_CELESTIAL_EPHEMERIS_PUBLIC_BANDS.packets.json
RS085_CELESTIAL_EPHEMERIS_PUBLIC_BANDS,P421_RAN_AEGIR_PUBLIC_DISTANCE_BAND,fr_FR,audio,73,666.72,581.4,98.28,620.0,2,2,1.242,,C:/hades/Hecton8/Docs/Lore/AppliedContent/packets/RS085_CELESTIAL_EPHEMERIS_PUBLIC_BANDS.packets.json
RS085_CELESTIAL_EPHEMERIS_PUBLIC_BANDS,P421_RAN_AEGIR_PUBLIC_DISTANCE_BAND,fr_FR,in_game_wiki,138,1037.7,618.9,98.7,620.0,2,5,1.117,,C:/hades/Hecton8/Docs/Lore/AppliedContent/packets/RS085_CELESTIAL_EPHEMERIS_PUBLIC_BANDS.packets.json
RS085_CELESTIAL_EPHEMERIS_PUBLIC_BANDS,P421_RAN_AEGIR_PUBLIC_DISTANCE_BAND,fr_FR,external_site,142,1172.8,640.0,102.72,680.0,2,4,1.109,,C:/hades/Hecton8/Docs/Lore/AppliedContent/packets/RS085_CELESTIAL_EPHEMERIS_PUBLIC_BANDS.packets.json
RS085_CELESTIAL_EPHEMERIS_PUBLIC_BANDS,P421_RAN_AEGIR_PUBLIC_DISTANCE_BAND,fr_FR,field_note,103,752.64,524.72,74.2,560.0,2,3,1.155,,C:/hades/Hecton8/Docs/Lore/AppliedContent/packets/RS085_CELESTIAL_EPHEMERIS_PUBLIC_BANDS.packets.json
RS085_CELESTIAL_EPHEMERIS_PUBLIC_BANDS,P421_RAN_AEGIR_PUBLIC_DISTANCE_BAND,es_ES,title,31,294.84,294.84,86.04,360.0,1,1,1.349,,C:/hades/Hecton8/Docs/Lore/AppliedContent/packets/RS085_CELESTIAL_EPHEMERIS_PUBLIC_BANDS.packets.json
RS085_CELESTIAL_EPHEMERIS_PUBLIC_BANDS,P421_RAN_AEGIR_PUBLIC_DISTANCE_BAND,es_ES,scanner,66,523.2,448.96,76.48,460.0,2,2,1.149,,C:/hades/Hecton8/Docs/Lore/AppliedContent/packets/RS085_CELESTIAL_EPHEMERIS_PUBLIC_BANDS.packets.json
RS085_CELESTIAL_EPHEMERIS_PUBLIC_BANDS,P421_RAN_AEGIR_PUBLIC_DISTANCE_BAND,es_ES,terminal,90,696.6,524.7,89.1,520.0,2,2,1.1,,C:/hades/Hecton8/Docs/Lore/AppliedContent/packets/RS085_CELESTIAL_EPHEMERIS_PUBLIC_BANDS.packets.json
RS085_CELESTIAL_EPHEMERIS_PUBLIC_BANDS,P421_RAN_AEGIR_PUBLIC_DISTANCE_BAND,es_ES,audio,73,666.72,581.4,98.28,620.0,2,2,1.242,,C:/hades/Hecton8/Docs/Lore/AppliedContent/packets/RS085_CELESTIAL_EPHEMERIS_PUBLIC_BANDS.packets.json
RS085_CELESTIAL_EPHEMERIS_PUBLIC_BANDS,P421_RAN_AEGIR_PUBLIC_DISTANCE_BAND,es_ES,in_game_wiki,138,1037.7,618.9,98.7,620.0,2,5,1.117,,C:/hades/Hecton8/Docs/Lore/AppliedContent/packets/RS085_CELESTIAL_EPHEMERIS_PUBLIC_BANDS.packets.json
RS085_CELESTIAL_EPHEMERIS_PUBLIC_BANDS,P421_RAN_AEGIR_PUBLIC_DISTANCE_BAND,es_ES,external_site,142,1172.8,640.0,102.72,680.0,2,4,1.109,,C:/hades/Hecton8/Docs/Lore/AppliedContent/packets/RS085_CELESTIAL_EPHEMERIS_PUBLIC_BANDS.packets.json
RS085_CELESTIAL_EPHEMERIS_PUBLIC_BANDS,P421_RAN_AEGIR_PUBLIC_DISTANCE_BAND,es_ES,field_note,103,752.64,524.72,74.2,560.0,2,3,1.155,,C:/hades/Hecton8/Docs/Lore/AppliedContent/packets/RS085_CELESTIAL_EPHEMERIS_PUBLIC_BANDS.packets.json
RS085_CELESTIAL_EPHEMERIS_PUBLIC_BANDS,P421_RAN_AEGIR_PUBLIC_DISTANCE_BAND,de_DE,title,31,294.84,294.84,86.04,360.0,1,1,1.349,,C:/hades/Hecton8/Docs/Lore/AppliedContent/packets/RS085_CELESTIAL_EPHEMERIS_PUBLIC_BANDS.packets.json
RS085_CELESTIAL_EPHEMERIS_PUBLIC_BANDS,P421_RAN_AEGIR_PUBLIC_DISTANCE_BAND,de_DE,scanner,66,523.2,448.96,76.48,460.0,2,2,1.149,,C:/hades/Hecton8/Docs/Lore/AppliedContent/packets/RS085_CELESTIAL_EPHEMERIS_PUBLIC_BANDS.packets.json
RS085_CELESTIAL_EPHEMERIS_PUBLIC_BANDS,P421_RAN_AEGIR_PUBLIC_DISTANCE_BAND,de_DE,terminal,90,696.6,524.7,89.1,520.0,2,2,1.1,,C:/hades/Hecton8/Docs/Lore/AppliedContent/packets/RS085_CELESTIAL_EPHEMERIS_PUBLIC_BANDS.packets.json
RS085_CELESTIAL_EPHEMERIS_PUBLIC_BANDS,P421_RAN_AEGIR_PUBLIC_DISTANCE_BAND,de_DE,audio,73,666.72,581.4,98.28,620.0,2,2,1.242,,C:/hades/Hecton8/Docs/Lore/AppliedContent/packets/RS085_CELESTIAL_EPHEMERIS_PUBLIC_BANDS.packets.json
RS085_CELESTIAL_EPHEMERIS_PUBLIC_BANDS,P421_RAN_AEGIR_PUBLIC_DISTANCE_BAND,de_DE,in_game_wiki,138,1037.7,618.9,98.7,620.0,2,5,1.117,,C:/hades/Hecton8/Docs/Lore/AppliedContent/packets/RS085_CELESTIAL_EPHEMERIS_PUBLIC_BANDS.packets.json
RS085_CELESTIAL_EPHEMERIS_PUBLIC_BANDS,P421_RAN_AEGIR_PUBLIC_DISTANCE_BAND,de_DE,external_site,142,1172.8,640.0,102.72,680.0,2,4,1.109,,C:/hades/Hecton8/Docs/Lore/AppliedContent/packets/RS085_CELESTIAL_EPHEMERIS_PUBLIC_BANDS.packets.json
RS085_CELESTIAL_EPHEMERIS_PUBLIC_BANDS,P421_RAN_AEGIR_PUBLIC_DISTANCE_BAND,de_DE,field_note,103,752.64,524.72,74.2,560.0,2,3,1.155,,C:/hades/Hecton8/Docs/Lore/AppliedContent/packets/RS085_CELESTIAL_EPHEMERIS_PUBLIC_BANDS.packets.json
RS085_CELESTIAL_EPHEMERIS_PUBLIC_BANDS,P421_RAN_AEGIR_PUBLIC_DISTANCE_BAND,pl_PL,title,31,294.84,294.84,86.04,360.0,1,1,1.349,,C:/hades/Hecton8/Docs/Lore/AppliedContent/packets/RS085_CELESTIAL_EPHEMERIS_PUBLIC_BANDS.packets.json
RS085_CELESTIAL_EPHEMERIS_PUBLIC_BANDS,P421_RAN_AEGIR_PUBLIC_DISTANCE_BAND,pl_PL,scanner,66,523.2,448.96,76.48,460.0,2,2,1.149,,C:/hades/Hecton8/Docs/Lore/AppliedContent/packets/RS085_CELESTIAL_EPHEMERIS_PUBLIC_BANDS.packets.json
RS085_CELESTIAL_EPHEMERIS_PUBLIC_BANDS,P421_RAN_AEGIR_PUBLIC_DISTANCE_BAND,pl_PL,terminal,90,696.6,524.7,89.1,520.0,2,2,1.1,,C:/hades/Hecton8/Docs/Lore/AppliedContent/packets/RS085_CELESTIAL_EPHEMERIS_PUBLIC_BANDS.packets.json
RS085_CELESTIAL_EPHEMERIS_PUBLIC_BANDS,P421_RAN_AEGIR_PUBLIC_DISTANCE_BAND,pl_PL,audio,73,666.72,581.4,98.28,620.0,2,2,1.242,,C:/hades/Hecton8/Docs/Lore/AppliedContent/packets/RS085_CELESTIAL_EPHEMERIS_PUBLIC_BANDS.packets.json
RS085_CELESTIAL_EPHEMERIS_PUBLIC_BANDS,P421_RAN_AEGIR_PUBLIC_DISTANCE_BAND,pl_PL,in_game_wiki,138,1037.7,618.9,98.7,620.0,2,5,1.117,,C:/hades/Hecton8/Docs/Lore/AppliedContent/packets/RS085_CELESTIAL_EPHEMERIS_PUBLIC_BANDS.packets.json
RS085_CELESTIAL_EPHEMERIS_PUBLIC_BANDS,P421_RAN_AEGIR_PUBLIC_DISTANCE_BAND,pl_PL,external_site,142,1172.8,640.0,102.72,680.0,2,4,1.109,,C:/hades/Hecton8/Docs/Lore/AppliedContent/packets/RS085_CELESTIAL_EPHEMERIS_PUBLIC_BANDS.packets.json
RS085_CELESTIAL_EPHEMERIS_PUBLIC_BANDS,P421_RAN_AEGIR_PUBLIC_DISTANCE_BAND,pl_PL,field_note,103,752.64,524.72,74.2,560.0,2,3,1.155,,C:/hades/Hecton8/Docs/Lore/AppliedContent/packets/RS085_CELESTIAL_EPHEMERIS_PUBLIC_BANDS.packets.json
RS085_CELESTIAL_EPHEMERIS_PUBLIC_BANDS,P421_RAN_AEGIR_PUBLIC_DISTANCE_BAND,uk_UA,title,31,294.84,294.84,86.04,360.0,1,1,1.349,,C:/hades/Hecton8/Docs/Lore/AppliedContent/packets/RS085_CELESTIAL_EPHEMERIS_PUBLIC_BANDS.packets.json
RS085_CELESTIAL_EPHEMERIS_PUBLIC_BANDS,P421_RAN_AEGIR_PUBLIC_DISTANCE_BAND,uk_UA,scanner,66,523.2,448.96,76.48,460.0,2,2,1.149,,C:/hades/Hecton8/Docs/Lore/AppliedContent/packets/RS085_CELESTIAL_EPHEMERIS_PUBLIC_BANDS.packets.json
RS085_CELESTIAL_EPHEMERIS_PUBLIC_BANDS,P421_RAN_AEGIR_PUBLIC_DISTANCE_BAND,uk_UA,terminal,90,696.6,524.7,89.1,520.0,2,2,1.1,,C:/hades/Hecton8/Docs/Lore/AppliedContent/packets/RS085_CELESTIAL_EPHEMERIS_PUBLIC_BANDS.packets.json
RS085_CELESTIAL_EPHEMERIS_PUBLIC_BANDS,P421_RAN_AEGIR_PUBLIC_DISTANCE_BAND,uk_UA,audio,73,666.72,581.4,98.28,620.0,2,2,1.242,,C:/hades/Hecton8/Docs/Lore/AppliedContent/packets/RS085_CELESTIAL_EPHEMERIS_PUBLIC_BANDS.packets.json
RS085_CELESTIAL_EPHEMERIS_PUBLIC_BANDS,P421_RAN_AEGIR_PUBLIC_DISTANCE_BAND,uk_UA,in_game_wiki,138,1037.7,618.9,98.7,620.0,2,5,1.117,,C:/hades/Hecton8/Docs/Lore/AppliedContent/packets/RS085_CELESTIAL_EPHEMERIS_PUBLIC_BANDS.packets.json
RS085_CELESTIAL_EPHEMERIS_PUBLIC_BANDS,P421_RAN_AEGIR_PUBLIC_DISTANCE_BAND,uk_UA,external_site,142,1172.8,640.0,102.72,680.0,2,4,1.109,,C:/hades/Hecton8/Docs/Lore/AppliedContent/packets/RS085_CELESTIAL_EPHEMERIS_PUBLIC_BANDS.packets.json
RS085_CELESTIAL_EPHEMERIS_PUBLIC_BANDS,P421_RAN_AEGIR_PUBLIC_DISTANCE_BAND,uk_UA,field_note,103,752.64,524.72,74.2,560.0,2,3,1.155,,C:/hades/Hecton8/Docs/Lore/AppliedContent/packets/RS085_CELESTIAL_EPHEMERIS_PUBLIC_BANDS.packets.json
RS085_CELESTIAL_EPHEMERIS_PUBLIC_BANDS,P421_RAN_AEGIR_PUBLIC_DISTANCE_BAND,ar_SA,title,31,294.84,294.84,86.04,360.0,1,1,1.349,,C:/hades/Hecton8/Docs/Lore/AppliedContent/packets/RS085_CELESTIAL_EPHEMERIS_PUBLIC_BANDS.packets.json
RS085_CELESTIAL_EPHEMERIS_PUBLIC_BANDS,P421_RAN_AEGIR_PUBLIC_DISTANCE_BAND,ar_SA,scanner,66,523.2,448.96,76.48,460.0,2,2,1.149,,C:/hades/Hecton8/Docs/Lore/AppliedContent/packets/RS085_CELESTIAL_EPHEMERIS_PUBLIC_BANDS.packets.json
RS085_CELESTIAL_EPHEMERIS_PUBLIC_BANDS,P421_RAN_AEGIR_PUBLIC_DISTANCE_BAND,ar_SA,terminal,90,696.6,524.7,89.1,520.0,2,2,1.1,,C:/hades/Hecton8/Docs/Lore/AppliedContent/packets/RS085_CELESTIAL_EPHEMERIS_PUBLIC_BANDS.packets.json
RS085_CELESTIAL_EPHEMERIS_PUBLIC_BANDS,P421_RAN_AEGIR_PUBLIC_DISTANCE_BAND,ar_SA,audio,73,666.72,581.4,98.28,620.0,2,2,1.242,,C:/hades/Hecton8/Docs/Lore/AppliedContent/packets/RS085_CELESTIAL_EPHEMERIS_PUBLIC_BANDS.packets.json
RS085_CELESTIAL_EPHEMERIS_PUBLIC_BANDS,P421_RAN_AEGIR_PUBLIC_DISTANCE_BAND,ar_SA,in_game_wiki,138,1037.7,618.9,98.7,620.0,2,5,1.117,,C:/hades/Hecton8/Docs/Lore/AppliedContent/packets/RS085_CELESTIAL_EPHEMERIS_PUBLIC_BANDS.packets.json
RS085_CELESTIAL_EPHEMERIS_PUBLIC_BANDS,P421_RAN_AEGIR_PUBLIC_DISTANCE_BAND,ar_SA,external_site,142,1172.8,640.0,102.72,680.0,2,4,1.109,,C:/hades/Hecton8/Docs/Lore/AppliedContent/packets/RS085_CELESTIAL_EPHEMERIS_PUBLIC_BANDS.packets.json
RS085_CELESTIAL_EPHEMERIS_PUBLIC_BANDS,P421_RAN_AEGIR_PUBLIC_DISTANCE_BAND,ar_SA,field_note,103,752.64,524.72,74.2,560.0,2,3,1.155,,C:/hades/Hecton8/Docs/Lore/AppliedContent/packets/RS085_CELESTIAL_EPHEMERIS_PUBLIC_BANDS.packets.json
RS085_CELESTIAL_EPHEMERIS_PUBLIC_BANDS,P421_RAN_AEGIR_PUBLIC_DISTANCE_BAND,id_ID,title,31,294.84,294.84,86.04,360.0,1,1,1.349,,C:/hades/Hecton8/Docs/Lore/AppliedContent/packets/RS085_CELESTIAL_EPHEMERIS_PUBLIC_BANDS.packets.json
RS085_CELESTIAL_EPHEMERIS_PUBLIC_BANDS,P421_RAN_AEGIR_PUBLIC_DISTANCE_BAND,id_ID,scanner,66,523.2,448.96,76.48,460.0,2,2,1.149,,C:/hades/Hecton8/Docs/Lore/AppliedContent/packets/RS085_CELESTIAL_EPHEMERIS_PUBLIC_BANDS.packets.json
RS085_CELESTIAL_EPHEMERIS_PUBLIC_BANDS,P421_RAN_AEGIR_PUBLIC_DISTANCE_BAND,id_ID,terminal,90,696.6,524.7,89.1,520.0,2,2,1.1,,C:/hades/Hecton8/Docs/Lore/AppliedContent/packets/RS085_CELESTIAL_EPHEMERIS_PUBLIC_BANDS.packets.json
RS085_CELESTIAL_EPHEMERIS_PUBLIC_BANDS,P421_RAN_AEGIR_PUBLIC_DISTANCE_BAND,id_ID,audio,73,666.72,581.4,98.28,620.0,2,2,1.242,,C:/hades/Hecton8/Docs/Lore/AppliedContent/packets/RS085_CELESTIAL_EPHEMERIS_PUBLIC_BANDS.packets.json
RS085_CELESTIAL_EPHEMERIS_PUBLIC_BANDS,P421_RAN_AEGIR_PUBLIC_DISTANCE_BAND,id_ID,in_game_wiki,138,1037.7,618.9,98.7,620.0,2,5,1.117,,C:/hades/Hecton8/Docs/Lore/AppliedContent/packets/RS085_CELESTIAL_EPHEMERIS_PUBLIC_BANDS.packets.json
RS085_CELESTIAL_EPHEMERIS_PUBLIC_BANDS,P421_RAN_AEGIR_PUBLIC_DISTANCE_BAND,id_ID,external_site,142,1172.8,640.0,102.72,680.0,2,4,1.109,,C:/hades/Hecton8/Docs/Lore/AppliedContent/packets/RS085_CELESTIAL_EPHEMERIS_PUBLIC_BANDS.packets.json
RS085_CELESTIAL_EPHEMERIS_PUBLIC_BANDS,P421_RAN_AEGIR_PUBLIC_DISTANCE_BAND,id_ID,field_note,103,752.64,524.72,74.2,560.0,2,3,1.155,,C:/hades/Hecton8/Docs/Lore/AppliedContent/packets/RS085_CELESTIAL_EPHEMERIS_PUBLIC_BANDS.packets.json
RS085_CELESTIAL_EPHEMERIS_PUBLIC_BANDS,P421_RAN_AEGIR_PUBLIC_DISTANCE_BAND,ko_KR,title,31,294.84,294.84,86.04,360.0,1,1,1.349,,C:/hades/Hecton8/Docs/Lore/AppliedContent/packets/RS085_CELESTIAL_EPHEMERIS_PUBLIC_BANDS.packets.json
RS085_CELESTIAL_EPHEMERIS_PUBLIC_BANDS,P421_RAN_AEGIR_PUBLIC_DISTANCE_BAND,ko_KR,scanner,66,523.2,448.96,76.48,460.0,2,2,1.149,,C:/hades/Hecton8/Docs/Lore/AppliedContent/packets/RS085_CELESTIAL_EPHEMERIS_PUBLIC_BANDS.packets.json
RS085_CELESTIAL_EPHEMERIS_PUBLIC_BANDS,P421_RAN_AEGIR_PUBLIC_DISTANCE_BAND,ko_KR,terminal,90,696.6,524.7,89.1,520.0,2,2,1.1,,C:/hades/Hecton8/Docs/Lore/AppliedContent/packets/RS085_CELESTIAL_EPHEMERIS_PUBLIC_BANDS.packets.json
RS085_CELESTIAL_EPHEMERIS_PUBLIC_BANDS,P421_RAN_AEGIR_PUBLIC_DISTANCE_BAND,ko_KR,audio,73,666.72,581.4,98.28,620.0,2,2,1.242,,C:/hades/Hecton8/Docs/Lore/AppliedContent/packets/RS085_CELESTIAL_EPHEMERIS_PUBLIC_BANDS.packets.json
RS085_CELESTIAL_EPHEMERIS_PUBLIC_BANDS,P421_RAN_AEGIR_PUBLIC_DISTANCE_BAND,ko_KR,in_game_wiki,138,1037.7,618.9,98.7,620.0,2,5,1.117,,C:/hades/Hecton8/Docs/Lore/AppliedContent/packets/RS085_CELESTIAL_EPHEMERIS_PUBLIC_BANDS.packets.json
RS085_CELESTIAL_EPHEMERIS_PUBLIC_BANDS,P421_RAN_AEGIR_PUBLIC_DISTANCE_BAND,ko_KR,external_site,142,1172.8,640.0,102.72,680.0,2,4,1.109,,C:/hades/Hecton8/Docs/Lore/AppliedContent/packets/RS085_CELESTIAL_EPHEMERIS_PUBLIC_BANDS.packets.json
RS085_CELESTIAL_EPHEMERIS_PUBLIC_BANDS,P421_RAN_AEGIR_PUBLIC_DISTANCE_BAND,ko_KR,field_note,103,752.64,524.72,74.2,560.0,2,3,1.155,,C:/hades/Hecton8/Docs/Lore/AppliedContent/packets/RS085_CELESTIAL_EPHEMERIS_PUBLIC_BANDS.packets.json
RS085_CELESTIAL_EPHEMERIS_PUBLIC_BANDS,P421_RAN_AEGIR_PUBLIC_DISTANCE_BAND,he_IL,title,31,294.84,294.84,86.04,360.0,1,1,1.349,,C:/hades/Hecton8/Docs/Lore/AppliedContent/packets/RS085_CELESTIAL_EPHEMERIS_PUBLIC_BANDS.packets.json
RS085_CELESTIAL_EPHEMERIS_PUBLIC_BANDS,P421_RAN_AEGIR_PUBLIC_DISTANCE_BAND,he_IL,scanner,66,523.2,448.96,76.48,460.0,2,2,1.149,,C:/hades/Hecton8/Docs/Lore/AppliedContent/packets/RS085_CELESTIAL_EPHEMERIS_PUBLIC_BANDS.packets.json
RS085_CELESTIAL_EPHEMERIS_PUBLIC_BANDS,P421_RAN_AEGIR_PUBLIC_DISTANCE_BAND,he_IL,terminal,90,696.6,524.7,89.1,520.0,2,2,1.1,,C:/hades/Hecton8/Docs/Lore/AppliedContent/packets/RS085_CELESTIAL_EPHEMERIS_PUBLIC_BANDS.packets.json
RS085_CELESTIAL_EPHEMERIS_PUBLIC_BANDS,P421_RAN_AEGIR_PUBLIC_DISTANCE_BAND,he_IL,audio,73,666.72,581.4,98.28,620.0,2,2,1.242,,C:/hades/Hecton8/Docs/Lore/AppliedContent/packets/RS085_CELESTIAL_EPHEMERIS_PUBLIC_BANDS.packets.json
RS085_CELESTIAL_EPHEMERIS_PUBLIC_BANDS,P421_RAN_AEGIR_PUBLIC_DISTANCE_BAND,he_IL,in_game_wiki,138,1037.7,618.9,98.7,620.0,2,5,1.117,,C:/hades/Hecton8/Docs/Lore/AppliedContent/packets/RS085_CELESTIAL_EPHEMERIS_PUBLIC_BANDS.packets.json
RS085_CELESTIAL_EPHEMERIS_PUBLIC_BANDS,P421_RAN_AEGIR_PUBLIC_DISTANCE_BAND,he_IL,external_site,142,1172.8,640.0,102.72,680.0,2,4,1.109,,C:/hades/Hecton8/Docs/Lore/AppliedContent/packets/RS085_CELESTIAL_EPHEMERIS_PUBLIC_BANDS.packets.json
RS085_CELESTIAL_EPHEMERIS_PUBLIC_BANDS,P421_RAN_AEGIR_PUBLIC_DISTANCE_BAND,he_IL,field_note,103,752.64,524.72,74.2,560.0,2,3,1.155,,C:/hades/Hecton8/Docs/Lore/AppliedContent/packets/RS085_CELESTIAL_EPHEMERIS_PUBLIC_BANDS.packets.json
RS085_CELESTIAL_EPHEMERIS_PUBLIC_BANDS,P421_RAN_AEGIR_PUBLIC_DISTANCE_BAND,pt_BR,title,34,324.72,324.72,86.04,360.0,1,1,1.486,TEXT_EXPANSION_GT_1_35,C:/hades/Hecton8/Docs/Lore/AppliedContent/packets/RS085_CELESTIAL_EPHEMERIS_PUBLIC_BANDS.packets.json
RS085_CELESTIAL_EPHEMERIS_PUBLIC_BANDS,P421_RAN_AEGIR_PUBLIC_DISTANCE_BAND,pt_BR,scanner,69,549.76,425.28,76.48,460.0,2,2,1.207,,C:/hades/Hecton8/Docs/Lore/AppliedContent/packets/RS085_CELESTIAL_EPHEMERIS_PUBLIC_BANDS.packets.json
RS085_CELESTIAL_EPHEMERIS_PUBLIC_BANDS,P421_RAN_AEGIR_PUBLIC_DISTANCE_BAND,pt_BR,terminal,93,721.5,468.9,89.1,520.0,2,2,1.14,,C:/hades/Hecton8/Docs/Lore/AppliedContent/packets/RS085_CELESTIAL_EPHEMERIS_PUBLIC_BANDS.packets.json
RS085_CELESTIAL_EPHEMERIS_PUBLIC_BANDS,P421_RAN_AEGIR_PUBLIC_DISTANCE_BAND,pt_BR,audio,73,666.72,581.4,98.28,620.0,2,2,1.242,,C:/hades/Hecton8/Docs/Lore/AppliedContent/packets/RS085_CELESTIAL_EPHEMERIS_PUBLIC_BANDS.packets.json
RS085_CELESTIAL_EPHEMERIS_PUBLIC_BANDS,P421_RAN_AEGIR_PUBLIC_DISTANCE_BAND,pt_BR,in_game_wiki,138,1037.7,618.9,98.7,620.0,2,5,1.117,,C:/hades/Hecton8/Docs/Lore/AppliedContent/packets/RS085_CELESTIAL_EPHEMERIS_PUBLIC_BANDS.packets.json
RS085_CELESTIAL_EPHEMERIS_PUBLIC_BANDS,P421_RAN_AEGIR_PUBLIC_DISTANCE_BAND,pt_BR,external_site,142,1172.8,640.0,102.72,680.0,2,4,1.109,,C:/hades/Hecton8/Docs/Lore/AppliedContent/packets/RS085_CELESTIAL_EPHEMERIS_PUBLIC_BANDS.packets.json
RS085_CELESTIAL_EPHEMERIS_PUBLIC_BANDS,P421_RAN_AEGIR_PUBLIC_DISTANCE_BAND,pt_BR,field_note,103,752.64,524.72,74.2,560.0,2,3,1.155,,C:/hades/Hecton8/Docs/Lore/AppliedContent/packets/RS085_CELESTIAL_EPHEMERIS_PUBLIC_BANDS.packets.json
RS085_CELESTIAL_EPHEMERIS_PUBLIC_BANDS,P421_RAN_AEGIR_PUBLIC_DISTANCE_BAND,nl_NL,title,31,294.84,294.84,86.04,360.0,1,1,1.349,,C:/hades/Hecton8/Docs/Lore/AppliedContent/packets/RS085_CELESTIAL_EPHEMERIS_PUBLIC_BANDS.packets.json
RS085_CELESTIAL_EPHEMERIS_PUBLIC_BANDS,P421_RAN_AEGIR_PUBLIC_DISTANCE_BAND,nl_NL,scanner,66,523.2,448.96,76.48,460.0,2,2,1.149,,C:/hades/Hecton8/Docs/Lore/AppliedContent/packets/RS085_CELESTIAL_EPHEMERIS_PUBLIC_BANDS.packets.json
RS085_CELESTIAL_EPHEMERIS_PUBLIC_BANDS,P421_RAN_AEGIR_PUBLIC_DISTANCE_BAND,nl_NL,terminal,90,696.6,524.7,89.1,520.0,2,2,1.1,,C:/hades/Hecton8/Docs/Lore/AppliedContent/packets/RS085_CELESTIAL_EPHEMERIS_PUBLIC_BANDS.packets.json
RS085_CELESTIAL_EPHEMERIS_PUBLIC_BANDS,P421_RAN_AEGIR_PUBLIC_DISTANCE_BAND,nl_NL,audio,73,666.72,581.4,98.28,620.0,2,2,1.242,,C:/hades/Hecton8/Docs/Lore/AppliedContent/packets/RS085_CELESTIAL_EPHEMERIS_PUBLIC_BANDS.packets.json
RS085_CELESTIAL_EPHEMERIS_PUBLIC_BANDS,P421_RAN_AEGIR_PUBLIC_DISTANCE_BAND,nl_NL,in_game_wiki,138,1037.7,618.9,98.7,620.0,2,5,1.117,,C:/hades/Hecton8/Docs/Lore/AppliedContent/packets/RS085_CELESTIAL_EPHEMERIS_PUBLIC_BANDS.packets.json
RS085_CELESTIAL_EPHEMERIS_PUBLIC_BANDS,P421_RAN_AEGIR_PUBLIC_DISTANCE_BAND,nl_NL,external_site,142,1172.8,640.0,102.72,680.0,2,4,1.109,,C:/hades/Hecton8/Docs/Lore/AppliedContent/packets/RS085_CELESTIAL_EPHEMERIS_PUBLIC_BANDS.packets.json
RS085_CELESTIAL_EPHEMERIS_PUBLIC_BANDS,P421_RAN_AEGIR_PUBLIC_DISTANCE_BAND,nl_NL,field_note,103,752.64,524.72,74.2,560.0,2,3,1.155,,C:/hades/Hecton8/Docs/Lore/AppliedContent/packets/RS085_CELESTIAL_EPHEMERIS_PUBLIC_BANDS.packets.json
RS085_CELESTIAL_EPHEMERIS_PUBLIC_BANDS,P422_AEGIR_LOCAL_WINDOW_BAND_TABLE,en_US,title,18,174.96,174.96,62.64,360.0,1,1,1.0,,C:/hades/Hecton8/Docs/Lore/AppliedContent/packets/RS085_CELESTIAL_EPHEMERIS_PUBLIC_BANDS.packets.json
RS085_CELESTIAL_EPHEMERIS_PUBLIC_BANDS,P422_AEGIR_LOCAL_WINDOW_BAND_TABLE,en_US,scanner,70,572.8,450.56,109.44,460.0,2,2,1.0,,C:/hades/Hecton8/Docs/Lore/AppliedContent/packets/RS085_CELESTIAL_EPHEMERIS_PUBLIC_BANDS.packets.json
RS085_CELESTIAL_EPHEMERIS_PUBLIC_BANDS,P422_AEGIR_LOCAL_WINDOW_BAND_TABLE,en_US,terminal,90,684.9,522.9,75.6,520.0,2,2,1.0,,C:/hades/Hecton8/Docs/Lore/AppliedContent/packets/RS085_CELESTIAL_EPHEMERIS_PUBLIC_BANDS.packets.json
RS085_CELESTIAL_EPHEMERIS_PUBLIC_BANDS,P422_AEGIR_LOCAL_WINDOW_BAND_TABLE,en_US,audio,55,490.32,490.32,66.24,620.0,1,2,1.0,,C:/hades/Hecton8/Docs/Lore/AppliedContent/packets/RS085_CELESTIAL_EPHEMERIS_PUBLIC_BANDS.packets.json
RS085_CELESTIAL_EPHEMERIS_PUBLIC_BANDS,P422_AEGIR_LOCAL_WINDOW_BAND_TABLE,en_US,in_game_wiki,129,983.1,617.4,84.6,620.0,2,5,1.0,,C:/hades/Hecton8/Docs/Lore/AppliedContent/packets/RS085_CELESTIAL_EPHEMERIS_PUBLIC_BANDS.packets.json
RS085_CELESTIAL_EPHEMERIS_PUBLIC_BANDS,P422_AEGIR_LOCAL_WINDOW_BAND_TABLE,en_US,external_site,104,839.68,680.96,80.0,680.0,2,4,1.0,,C:/hades/Hecton8/Docs/Lore/AppliedContent/packets/RS085_CELESTIAL_EPHEMERIS_PUBLIC_BANDS.packets.json
RS085_CELESTIAL_EPHEMERIS_PUBLIC_BANDS,P422_AEGIR_LOCAL_WINDOW_BAND_TABLE,en_US,field_note,79,549.08,549.08,85.4,560.0,1,3,1.0,,C:/hades/Hecton8/Docs/Lore/AppliedContent/packets/RS085_CELESTIAL_EPHEMERIS_PUBLIC_BANDS.packets.json
RS085_CELESTIAL_EPHEMERIS_PUBLIC_BANDS,P422_AEGIR_LOCAL_WINDOW_BAND_TABLE,ru_RU,title,10,96.84,96.84,47.88,360.0,1,1,0.553,,C:/hades/Hecton8/Docs/Lore/AppliedContent/packets/RS085_CELESTIAL_EPHEMERIS_PUBLIC_BANDS.packets.json
RS085_CELESTIAL_EPHEMERIS_PUBLIC_BANDS,P422_AEGIR_LOCAL_WINDOW_BAND_TABLE,ru_RU,scanner,44,376.0,376.0,84.48,460.0,1,2,0.656,,C:/hades/Hecton8/Docs/Lore/AppliedContent/packets/RS085_CELESTIAL_EPHEMERIS_PUBLIC_BANDS.packets.json
RS085_CELESTIAL_EPHEMERIS_PUBLIC_BANDS,P422_AEGIR_LOCAL_WINDOW_BAND_TABLE,ru_RU,terminal,72,574.5,509.7,73.5,520.0,2,2,0.839,,C:/hades/Hecton8/Docs/Lore/AppliedContent/packets/RS085_CELESTIAL_EPHEMERIS_PUBLIC_BANDS.packets.json
RS085_CELESTIAL_EPHEMERIS_PUBLIC_BANDS,P422_AEGIR_LOCAL_WINDOW_BAND_TABLE,ru_RU,audio,58,547.2,547.2,73.08,620.0,1,2,1.116,,C:/hades/Hecton8/Docs/Lore/AppliedContent/packets/RS085_CELESTIAL_EPHEMERIS_PUBLIC_BANDS.packets.json
RS085_CELESTIAL_EPHEMERIS_PUBLIC_BANDS,P422_AEGIR_LOCAL_WINDOW_BAND_TABLE,ru_RU,in_game_wiki,132,1063.5,591.0,95.7,620.0,2,5,1.082,,C:/hades/Hecton8/Docs/Lore/AppliedContent/packets/RS085_CELESTIAL_EPHEMERIS_PUBLIC_BANDS.packets.json
RS085_CELESTIAL_EPHEMERIS_PUBLIC_BANDS,P422_AEGIR_LOCAL_WINDOW_BAND_TABLE,ru_RU,external_site,100,840.32,638.72,102.08,680.0,2,4,1.001,,C:/hades/Hecton8/Docs/Lore/AppliedContent/packets/RS085_CELESTIAL_EPHEMERIS_PUBLIC_BANDS.packets.json
RS085_CELESTIAL_EPHEMERIS_PUBLIC_BANDS,P422_AEGIR_LOCAL_WINDOW_BAND_TABLE,ru_RU,field_note,72,504.84,504.84,85.4,560.0,1,3,0.919,,C:/hades/Hecton8/Docs/Lore/AppliedContent/packets/RS085_CELESTIAL_EPHEMERIS_PUBLIC_BANDS.packets.json
RS085_CELESTIAL_EPHEMERIS_PUBLIC_BANDS,P422_AEGIR_LOCAL_WINDOW_BAND_TABLE,ja_JP,title,26,251.28,251.28,62.64,360.0,1,1,1.436,TEXT_EXPANSION_GT_1_35,C:/hades/Hecton8/Docs/Lore/AppliedContent/packets/RS085_CELESTIAL_EPHEMERIS_PUBLIC_BANDS.packets.json
RS085_CELESTIAL_EPHEMERIS_PUBLIC_BANDS,P422_AEGIR_LOCAL_WINDOW_BAND_TABLE,ja_JP,scanner,78,640.64,409.28,109.44,460.0,2,2,1.118,,C:/hades/Hecton8/Docs/Lore/AppliedContent/packets/RS085_CELESTIAL_EPHEMERIS_PUBLIC_BANDS.packets.json
RS085_CELESTIAL_EPHEMERIS_PUBLIC_BANDS,P422_AEGIR_LOCAL_WINDOW_BAND_TABLE,ja_JP,terminal,98,748.5,516.3,75.6,520.0,2,2,1.093,,C:/hades/Hecton8/Docs/Lore/AppliedContent/packets/RS085_CELESTIAL_EPHEMERIS_PUBLIC_BANDS.packets.json
RS085_CELESTIAL_EPHEMERIS_PUBLIC_BANDS,P422_AEGIR_LOCAL_WINDOW_BAND_TABLE,ja_JP,audio,68,620.28,585.36,66.24,620.0,2,2,1.265,,C:/hades/Hecton8/Docs/Lore/AppliedContent/packets/RS085_CELESTIAL_EPHEMERIS_PUBLIC_BANDS.packets.json
RS085_CELESTIAL_EPHEMERIS_PUBLIC_BANDS,P422_AEGIR_LOCAL_WINDOW_BAND_TABLE,ja_JP,in_game_wiki,142,1091.4,596.7,84.6,620.0,2,5,1.11,,C:/hades/Hecton8/Docs/Lore/AppliedContent/packets/RS085_CELESTIAL_EPHEMERIS_PUBLIC_BANDS.packets.json
RS085_CELESTIAL_EPHEMERIS_PUBLIC_BANDS,P422_AEGIR_LOCAL_WINDOW_BAND_TABLE,ja_JP,external_site,117,955.2,653.44,80.0,680.0,2,4,1.138,,C:/hades/Hecton8/Docs/Lore/AppliedContent/packets/RS085_CELESTIAL_EPHEMERIS_PUBLIC_BANDS.packets.json
RS085_CELESTIAL_EPHEMERIS_PUBLIC_BANDS,P422_AEGIR_LOCAL_WINDOW_BAND_TABLE,ja_JP,field_note,92,650.16,551.88,85.4,560.0,2,3,1.184,,C:/hades/Hecton8/Docs/Lore/AppliedContent/packets/RS085_CELESTIAL_EPHEMERIS_PUBLIC_BANDS.packets.json
RS085_CELESTIAL_EPHEMERIS_PUBLIC_BANDS,P422_AEGIR_LOCAL_WINDOW_BAND_TABLE,zh_CN,title,26,251.28,251.28,62.64,360.0,1,1,1.436,TEXT_EXPANSION_GT_1_35,C:/hades/Hecton8/Docs/Lore/AppliedContent/packets/RS085_CELESTIAL_EPHEMERIS_PUBLIC_BANDS.packets.json
RS085_CELESTIAL_EPHEMERIS_PUBLIC_BANDS,P422_AEGIR_LOCAL_WINDOW_BAND_TABLE,zh_CN,scanner,78,640.64,409.28,109.44,460.0,2,2,1.118,,C:/hades/Hecton8/Docs/Lore/AppliedContent/packets/RS085_CELESTIAL_EPHEMERIS_PUBLIC_BANDS.packets.json
RS085_CELESTIAL_EPHEMERIS_PUBLIC_BANDS,P422_AEGIR_LOCAL_WINDOW_BAND_TABLE,zh_CN,terminal,98,748.5,516.3,75.6,520.0,2,2,1.093,,C:/hades/Hecton8/Docs/Lore/AppliedContent/packets/RS085_CELESTIAL_EPHEMERIS_PUBLIC_BANDS.packets.json
RS085_CELESTIAL_EPHEMERIS_PUBLIC_BANDS,P422_AEGIR_LOCAL_WINDOW_BAND_TABLE,zh_CN,audio,68,620.28,585.36,66.24,620.0,2,2,1.265,,C:/hades/Hecton8/Docs/Lore/AppliedContent/packets/RS085_CELESTIAL_EPHEMERIS_PUBLIC_BANDS.packets.json
RS085_CELESTIAL_EPHEMERIS_PUBLIC_BANDS,P422_AEGIR_LOCAL_WINDOW_BAND_TABLE,zh_CN,in_game_wiki,142,1091.4,596.7,84.6,620.0,2,5,1.11,,C:/hades/Hecton8/Docs/Lore/AppliedContent/packets/RS085_CELESTIAL_EPHEMERIS_PUBLIC_BANDS.packets.json
RS085_CELESTIAL_EPHEMERIS_PUBLIC_BANDS,P422_AEGIR_LOCAL_WINDOW_BAND_TABLE,zh_CN,external_site,117,955.2,653.44,80.0,680.0,2,4,1.138,,C:/hades/Hecton8/Docs/Lore/AppliedContent/packets/RS085_CELESTIAL_EPHEMERIS_PUBLIC_BANDS.packets.json
RS085_CELESTIAL_EPHEMERIS_PUBLIC_BANDS,P422_AEGIR_LOCAL_WINDOW_BAND_TABLE,zh_CN,field_note,92,650.16,551.88,85.4,560.0,2,3,1.184,,C:/hades/Hecton8/Docs/Lore/AppliedContent/packets/RS085_CELESTIAL_EPHEMERIS_PUBLIC_BANDS.packets.json
RS085_CELESTIAL_EPHEMERIS_PUBLIC_BANDS,P422_AEGIR_LOCAL_WINDOW_BAND_TABLE,fr_FR,title,26,251.28,251.28,62.64,360.0,1,1,1.436,TEXT_EXPANSION_GT_1_35,C:/hades/Hecton8/Docs/Lore/AppliedContent/packets/RS085_CELESTIAL_EPHEMERIS_PUBLIC_BANDS.packets.json
RS085_CELESTIAL_EPHEMERIS_PUBLIC_BANDS,P422_AEGIR_LOCAL_WINDOW_BAND_TABLE,fr_FR,scanner,78,640.64,409.28,109.44,460.0,2,2,1.118,,C:/hades/Hecton8/Docs/Lore/AppliedContent/packets/RS085_CELESTIAL_EPHEMERIS_PUBLIC_BANDS.packets.json
RS085_CELESTIAL_EPHEMERIS_PUBLIC_BANDS,P422_AEGIR_LOCAL_WINDOW_BAND_TABLE,fr_FR,terminal,98,748.5,516.3,75.6,520.0,2,2,1.093,,C:/hades/Hecton8/Docs/Lore/AppliedContent/packets/RS085_CELESTIAL_EPHEMERIS_PUBLIC_BANDS.packets.json
RS085_CELESTIAL_EPHEMERIS_PUBLIC_BANDS,P422_AEGIR_LOCAL_WINDOW_BAND_TABLE,fr_FR,audio,68,620.28,585.36,66.24,620.0,2,2,1.265,,C:/hades/Hecton8/Docs/Lore/AppliedContent/packets/RS085_CELESTIAL_EPHEMERIS_PUBLIC_BANDS.packets.json
RS085_CELESTIAL_EPHEMERIS_PUBLIC_BANDS,P422_AEGIR_LOCAL_WINDOW_BAND_TABLE,fr_FR,in_game_wiki,142,1091.4,596.7,84.6,620.0,2,5,1.11,,C:/hades/Hecton8/Docs/Lore/AppliedContent/packets/RS085_CELESTIAL_EPHEMERIS_PUBLIC_BANDS.packets.json
RS085_CELESTIAL_EPHEMERIS_PUBLIC_BANDS,P422_AEGIR_LOCAL_WINDOW_BAND_TABLE,fr_FR,external_site,117,955.2,653.44,80.0,680.0,2,4,1.138,,C:/hades/Hecton8/Docs/Lore/AppliedContent/packets/RS085_CELESTIAL_EPHEMERIS_PUBLIC_BANDS.packets.json
RS085_CELESTIAL_EPHEMERIS_PUBLIC_BANDS,P422_AEGIR_LOCAL_WINDOW_BAND_TABLE,fr_FR,field_note,92,650.16,551.88,85.4,560.0,2,3,1.184,,C:/hades/Hecton8/Docs/Lore/AppliedContent/packets/RS085_CELESTIAL_EPHEMERIS_PUBLIC_BANDS.packets.json
RS085_CELESTIAL_EPHEMERIS_PUBLIC_BANDS,P422_AEGIR_LOCAL_WINDOW_BAND_TABLE,es_ES,title,26,251.28,251.28,62.64,360.0,1,1,1.436,TEXT_EXPANSION_GT_1_35,C:/hades/Hecton8/Docs/Lore/AppliedContent/packets/RS085_CELESTIAL_EPHEMERIS_PUBLIC_BANDS.packets.json
RS085_CELESTIAL_EPHEMERIS_PUBLIC_BANDS,P422_AEGIR_LOCAL_WINDOW_BAND_TABLE,es_ES,scanner,78,640.64,409.28,109.44,460.0,2,2,1.118,,C:/hades/Hecton8/Docs/Lore/AppliedContent/packets/RS085_CELESTIAL_EPHEMERIS_PUBLIC_BANDS.packets.json
RS085_CELESTIAL_EPHEMERIS_PUBLIC_BANDS,P422_AEGIR_LOCAL_WINDOW_BAND_TABLE,es_ES,terminal,98,748.5,516.3,75.6,520.0,2,2,1.093,,C:/hades/Hecton8/Docs/Lore/AppliedContent/packets/RS085_CELESTIAL_EPHEMERIS_PUBLIC_BANDS.packets.json
RS085_CELESTIAL_EPHEMERIS_PUBLIC_BANDS,P422_AEGIR_LOCAL_WINDOW_BAND_TABLE,es_ES,audio,68,620.28,585.36,66.24,620.0,2,2,1.265,,C:/hades/Hecton8/Docs/Lore/AppliedContent/packets/RS085_CELESTIAL_EPHEMERIS_PUBLIC_BANDS.packets.json
RS085_CELESTIAL_EPHEMERIS_PUBLIC_BANDS,P422_AEGIR_LOCAL_WINDOW_BAND_TABLE,es_ES,in_game_wiki,142,1091.4,596.7,84.6,620.0,2,5,1.11,,C:/hades/Hecton8/Docs/Lore/AppliedContent/packets/RS085_CELESTIAL_EPHEMERIS_PUBLIC_BANDS.packets.json
RS085_CELESTIAL_EPHEMERIS_PUBLIC_BANDS,P422_AEGIR_LOCAL_WINDOW_BAND_TABLE,es_ES,external_site,117,955.2,653.44,80.0,680.0,2,4,1.138,,C:/hades/Hecton8/Docs/Lore/AppliedContent/packets/RS085_CELESTIAL_EPHEMERIS_PUBLIC_BANDS.packets.json
RS085_CELESTIAL_EPHEMERIS_PUBLIC_BANDS,P422_AEGIR_LOCAL_WINDOW_BAND_TABLE,es_ES,field_note,92,650.16,551.88,85.4,560.0,2,3,1.184,,C:/hades/Hecton8/Docs/Lore/AppliedContent/packets/RS085_CELESTIAL_EPHEMERIS_PUBLIC_BANDS.packets.json
RS085_CELESTIAL_EPHEMERIS_PUBLIC_BANDS,P422_AEGIR_LOCAL_WINDOW_BAND_TABLE,de_DE,title,26,251.28,251.28,62.64,360.0,1,1,1.436,TEXT_EXPANSION_GT_1_35,C:/hades/Hecton8/Docs/Lore/AppliedContent/packets/RS085_CELESTIAL_EPHEMERIS_PUBLIC_BANDS.packets.json
RS085_CELESTIAL_EPHEMERIS_PUBLIC_BANDS,P422_AEGIR_LOCAL_WINDOW_BAND_TABLE,de_DE,scanner,78,640.64,409.28,109.44,460.0,2,2,1.118,,C:/hades/Hecton8/Docs/Lore/AppliedContent/packets/RS085_CELESTIAL_EPHEMERIS_PUBLIC_BANDS.packets.json
RS085_CELESTIAL_EPHEMERIS_PUBLIC_BANDS,P422_AEGIR_LOCAL_WINDOW_BAND_TABLE,de_DE,terminal,98,748.5,516.3,75.6,520.0,2,2,1.093,,C:/hades/Hecton8/Docs/Lore/AppliedContent/packets/RS085_CELESTIAL_EPHEMERIS_PUBLIC_BANDS.packets.json
RS085_CELESTIAL_EPHEMERIS_PUBLIC_BANDS,P422_AEGIR_LOCAL_WINDOW_BAND_TABLE,de_DE,audio,68,620.28,585.36,66.24,620.0,2,2,1.265,,C:/hades/Hecton8/Docs/Lore/AppliedContent/packets/RS085_CELESTIAL_EPHEMERIS_PUBLIC_BANDS.packets.json
RS085_CELESTIAL_EPHEMERIS_PUBLIC_BANDS,P422_AEGIR_LOCAL_WINDOW_BAND_TABLE,de_DE,in_game_wiki,142,1091.4,596.7,84.6,620.0,2,5,1.11,,C:/hades/Hecton8/Docs/Lore/AppliedContent/packets/RS085_CELESTIAL_EPHEMERIS_PUBLIC_BANDS.packets.json
RS085_CELESTIAL_EPHEMERIS_PUBLIC_BANDS,P422_AEGIR_LOCAL_WINDOW_BAND_TABLE,de_DE,external_site,117,955.2,653.44,80.0,680.0,2,4,1.138,,C:/hades/Hecton8/Docs/Lore/AppliedContent/packets/RS085_CELESTIAL_EPHEMERIS_PUBLIC_BANDS.packets.json
RS085_CELESTIAL_EPHEMERIS_PUBLIC_BANDS,P422_AEGIR_LOCAL_WINDOW_BAND_TABLE,de_DE,field_note,92,650.16,551.88,85.4,560.0,2,3,1.184,,C:/hades/Hecton8/Docs/Lore/AppliedContent/packets/RS085_CELESTIAL_EPHEMERIS_PUBLIC_BANDS.packets.json
RS085_CELESTIAL_EPHEMERIS_PUBLIC_BANDS,P422_AEGIR_LOCAL_WINDOW_BAND_TABLE,pl_PL,title,26,251.28,251.28,62.64,360.0,1,1,1.436,TEXT_EXPANSION_GT_1_35,C:/hades/Hecton8/Docs/Lore/AppliedContent/packets/RS085_CELESTIAL_EPHEMERIS_PUBLIC_BANDS.packets.json
RS085_CELESTIAL_EPHEMERIS_PUBLIC_BANDS,P422_AEGIR_LOCAL_WINDOW_BAND_TABLE,pl_PL,scanner,78,640.64,409.28,109.44,460.0,2,2,1.118,,C:/hades/Hecton8/Docs/Lore/AppliedContent/packets/RS085_CELESTIAL_EPHEMERIS_PUBLIC_BANDS.packets.json
RS085_CELESTIAL_EPHEMERIS_PUBLIC_BANDS,P422_AEGIR_LOCAL_WINDOW_BAND_TABLE,pl_PL,terminal,98,748.5,516.3,75.6,520.0,2,2,1.093,,C:/hades/Hecton8/Docs/Lore/AppliedContent/packets/RS085_CELESTIAL_EPHEMERIS_PUBLIC_BANDS.packets.json
RS085_CELESTIAL_EPHEMERIS_PUBLIC_BANDS,P422_AEGIR_LOCAL_WINDOW_BAND_TABLE,pl_PL,audio,68,620.28,585.36,66.24,620.0,2,2,1.265,,C:/hades/Hecton8/Docs/Lore/AppliedContent/packets/RS085_CELESTIAL_EPHEMERIS_PUBLIC_BANDS.packets.json
RS085_CELESTIAL_EPHEMERIS_PUBLIC_BANDS,P422_AEGIR_LOCAL_WINDOW_BAND_TABLE,pl_PL,in_game_wiki,142,1091.4,596.7,84.6,620.0,2,5,1.11,,C:/hades/Hecton8/Docs/Lore/AppliedContent/packets/RS085_CELESTIAL_EPHEMERIS_PUBLIC_BANDS.packets.json
RS085_CELESTIAL_EPHEMERIS_PUBLIC_BANDS,P422_AEGIR_LOCAL_WINDOW_BAND_TABLE,pl_PL,external_site,117,955.2,653.44,80.0,680.0,2,4,1.138,,C:/hades/Hecton8/Docs/Lore/AppliedContent/packets/RS085_CELESTIAL_EPHEMERIS_PUBLIC_BANDS.packets.json
RS085_CELESTIAL_EPHEMERIS_PUBLIC_BANDS,P422_AEGIR_LOCAL_WINDOW_BAND_TABLE,pl_PL,field_note,92,650.16,551.88,85.4,560.0,2,3,1.184,,C:/hades/Hecton8/Docs/Lore/AppliedContent/packets/RS085_CELESTIAL_EPHEMERIS_PUBLIC_BANDS.packets.json
RS085_CELESTIAL_EPHEMERIS_PUBLIC_BANDS,P422_AEGIR_LOCAL_WINDOW_BAND_TABLE,uk_UA,title,26,251.28,251.28,62.64,360.0,1,1,1.436,TEXT_EXPANSION_GT_1_35,C:/hades/Hecton8/Docs/Lore/AppliedContent/packets/RS085_CELESTIAL_EPHEMERIS_PUBLIC_BANDS.packets.json
RS085_CELESTIAL_EPHEMERIS_PUBLIC_BANDS,P422_AEGIR_LOCAL_WINDOW_BAND_TABLE,uk_UA,scanner,78,640.64,409.28,109.44,460.0,2,2,1.118,,C:/hades/Hecton8/Docs/Lore/AppliedContent/packets/RS085_CELESTIAL_EPHEMERIS_PUBLIC_BANDS.packets.json
RS085_CELESTIAL_EPHEMERIS_PUBLIC_BANDS,P422_AEGIR_LOCAL_WINDOW_BAND_TABLE,uk_UA,terminal,98,748.5,516.3,75.6,520.0,2,2,1.093,,C:/hades/Hecton8/Docs/Lore/AppliedContent/packets/RS085_CELESTIAL_EPHEMERIS_PUBLIC_BANDS.packets.json
RS085_CELESTIAL_EPHEMERIS_PUBLIC_BANDS,P422_AEGIR_LOCAL_WINDOW_BAND_TABLE,uk_UA,audio,68,620.28,585.36,66.24,620.0,2,2,1.265,,C:/hades/Hecton8/Docs/Lore/AppliedContent/packets/RS085_CELESTIAL_EPHEMERIS_PUBLIC_BANDS.packets.json
RS085_CELESTIAL_EPHEMERIS_PUBLIC_BANDS,P422_AEGIR_LOCAL_WINDOW_BAND_TABLE,uk_UA,in_game_wiki,142,1091.4,596.7,84.6,620.0,2,5,1.11,,C:/hades/Hecton8/Docs/Lore/AppliedContent/packets/RS085_CELESTIAL_EPHEMERIS_PUBLIC_BANDS.packets.json
RS085_CELESTIAL_EPHEMERIS_PUBLIC_BANDS,P422_AEGIR_LOCAL_WINDOW_BAND_TABLE,uk_UA,external_site,117,955.2,653.44,80.0,680.0,2,4,1.138,,C:/hades/Hecton8/Docs/Lore/AppliedContent/packets/RS085_CELESTIAL_EPHEMERIS_PUBLIC_BANDS.packets.json
RS085_CELESTIAL_EPHEMERIS_PUBLIC_BANDS,P422_AEGIR_LOCAL_WINDOW_BAND_TABLE,uk_UA,field_note,92,650.16,551.88,85.4,560.0,2,3,1.184,,C:/hades/Hecton8/Docs/Lore/AppliedContent/packets/RS085_CELESTIAL_EPHEMERIS_PUBLIC_BANDS.packets.json
RS085_CELESTIAL_EPHEMERIS_PUBLIC_BANDS,P422_AEGIR_LOCAL_WINDOW_BAND_TABLE,ar_SA,title,26,251.28,251.28,62.64,360.0,1,1,1.436,TEXT_EXPANSION_GT_1_35,C:/hades/Hecton8/Docs/Lore/AppliedContent/packets/RS085_CELESTIAL_EPHEMERIS_PUBLIC_BANDS.packets.json
RS085_CELESTIAL_EPHEMERIS_PUBLIC_BANDS,P422_AEGIR_LOCAL_WINDOW_BAND_TABLE,ar_SA,scanner,78,640.64,409.28,109.44,460.0,2,2,1.118,,C:/hades/Hecton8/Docs/Lore/AppliedContent/packets/RS085_CELESTIAL_EPHEMERIS_PUBLIC_BANDS.packets.json
RS085_CELESTIAL_EPHEMERIS_PUBLIC_BANDS,P422_AEGIR_LOCAL_WINDOW_BAND_TABLE,ar_SA,terminal,98,748.5,516.3,75.6,520.0,2,2,1.093,,C:/hades/Hecton8/Docs/Lore/AppliedContent/packets/RS085_CELESTIAL_EPHEMERIS_PUBLIC_BANDS.packets.json
RS085_CELESTIAL_EPHEMERIS_PUBLIC_BANDS,P422_AEGIR_LOCAL_WINDOW_BAND_TABLE,ar_SA,audio,68,620.28,585.36,66.24,620.0,2,2,1.265,,C:/hades/Hecton8/Docs/Lore/AppliedContent/packets/RS085_CELESTIAL_EPHEMERIS_PUBLIC_BANDS.packets.json
RS085_CELESTIAL_EPHEMERIS_PUBLIC_BANDS,P422_AEGIR_LOCAL_WINDOW_BAND_TABLE,ar_SA,in_game_wiki,142,1091.4,596.7,84.6,620.0,2,5,1.11,,C:/hades/Hecton8/Docs/Lore/AppliedContent/packets/RS085_CELESTIAL_EPHEMERIS_PUBLIC_BANDS.packets.json
RS085_CELESTIAL_EPHEMERIS_PUBLIC_BANDS,P422_AEGIR_LOCAL_WINDOW_BAND_TABLE,ar_SA,external_site,117,955.2,653.44,80.0,680.0,2,4,1.138,,C:/hades/Hecton8/Docs/Lore/AppliedContent/packets/RS085_CELESTIAL_EPHEMERIS_PUBLIC_BANDS.packets.json
RS085_CELESTIAL_EPHEMERIS_PUBLIC_BANDS,P422_AEGIR_LOCAL_WINDOW_BAND_TABLE,ar_SA,field_note,92,650.16,551.88,85.4,560.0,2,3,1.184,,C:/hades/Hecton8/Docs/Lore/AppliedContent/packets/RS085_CELESTIAL_EPHEMERIS_PUBLIC_BANDS.packets.json
RS085_CELESTIAL_EPHEMERIS_PUBLIC_BANDS,P422_AEGIR_LOCAL_WINDOW_BAND_TABLE,id_ID,title,26,251.28,251.28,62.64,360.0,1,1,1.436,TEXT_EXPANSION_GT_1_35,C:/hades/Hecton8/Docs/Lore/AppliedContent/packets/RS085_CELESTIAL_EPHEMERIS_PUBLIC_BANDS.packets.json
RS085_CELESTIAL_EPHEMERIS_PUBLIC_BANDS,P422_AEGIR_LOCAL_WINDOW_BAND_TABLE,id_ID,scanner,78,640.64,409.28,109.44,460.0,2,2,1.118,,C:/hades/Hecton8/Docs/Lore/AppliedContent/packets/RS085_CELESTIAL_EPHEMERIS_PUBLIC_BANDS.packets.json
RS085_CELESTIAL_EPHEMERIS_PUBLIC_BANDS,P422_AEGIR_LOCAL_WINDOW_BAND_TABLE,id_ID,terminal,98,748.5,516.3,75.6,520.0,2,2,1.093,,C:/hades/Hecton8/Docs/Lore/AppliedContent/packets/RS085_CELESTIAL_EPHEMERIS_PUBLIC_BANDS.packets.json
RS085_CELESTIAL_EPHEMERIS_PUBLIC_BANDS,P422_AEGIR_LOCAL_WINDOW_BAND_TABLE,id_ID,audio,68,620.28,585.36,66.24,620.0,2,2,1.265,,C:/hades/Hecton8/Docs/Lore/AppliedContent/packets/RS085_CELESTIAL_EPHEMERIS_PUBLIC_BANDS.packets.json
RS085_CELESTIAL_EPHEMERIS_PUBLIC_BANDS,P422_AEGIR_LOCAL_WINDOW_BAND_TABLE,id_ID,in_game_wiki,142,1091.4,596.7,84.6,620.0,2,5,1.11,,C:/hades/Hecton8/Docs/Lore/AppliedContent/packets/RS085_CELESTIAL_EPHEMERIS_PUBLIC_BANDS.packets.json
RS085_CELESTIAL_EPHEMERIS_PUBLIC_BANDS,P422_AEGIR_LOCAL_WINDOW_BAND_TABLE,id_ID,external_site,117,955.2,653.44,80.0,680.0,2,4,1.138,,C:/hades/Hecton8/Docs/Lore/AppliedContent/packets/RS085_CELESTIAL_EPHEMERIS_PUBLIC_BANDS.packets.json
RS085_CELESTIAL_EPHEMERIS_PUBLIC_BANDS,P422_AEGIR_LOCAL_WINDOW_BAND_TABLE,id_ID,field_note,92,650.16,551.88,85.4,560.0,2,3,1.184,,C:/hades/Hecton8/Docs/Lore/AppliedContent/packets/RS085_CELESTIAL_EPHEMERIS_PUBLIC_BANDS.packets.json
RS085_CELESTIAL_EPHEMERIS_PUBLIC_BANDS,P422_AEGIR_LOCAL_WINDOW_BAND_TABLE,ko_KR,title,26,251.28,251.28,62.64,360.0,1,1,1.436,TEXT_EXPANSION_GT_1_35,C:/hades/Hecton8/Docs/Lore/AppliedContent/packets/RS085_CELESTIAL_EPHEMERIS_PUBLIC_BANDS.packets.json
RS085_CELESTIAL_EPHEMERIS_PUBLIC_BANDS,P422_AEGIR_LOCAL_WINDOW_BAND_TABLE,ko_KR,scanner,78,640.64,409.28,109.44,460.0,2,2,1.118,,C:/hades/Hecton8/Docs/Lore/AppliedContent/packets/RS085_CELESTIAL_EPHEMERIS_PUBLIC_BANDS.packets.json
RS085_CELESTIAL_EPHEMERIS_PUBLIC_BANDS,P422_AEGIR_LOCAL_WINDOW_BAND_TABLE,ko_KR,terminal,98,748.5,516.3,75.6,520.0,2,2,1.093,,C:/hades/Hecton8/Docs/Lore/AppliedContent/packets/RS085_CELESTIAL_EPHEMERIS_PUBLIC_BANDS.packets.json
RS085_CELESTIAL_EPHEMERIS_PUBLIC_BANDS,P422_AEGIR_LOCAL_WINDOW_BAND_TABLE,ko_KR,audio,68,620.28,585.36,66.24,620.0,2,2,1.265,,C:/hades/Hecton8/Docs/Lore/AppliedContent/packets/RS085_CELESTIAL_EPHEMERIS_PUBLIC_BANDS.packets.json
RS085_CELESTIAL_EPHEMERIS_PUBLIC_BANDS,P422_AEGIR_LOCAL_WINDOW_BAND_TABLE,ko_KR,in_game_wiki,142,1091.4,596.7,84.6,620.0,2,5,1.11,,C:/hades/Hecton8/Docs/Lore/AppliedContent/packets/RS085_CELESTIAL_EPHEMERIS_PUBLIC_BANDS.packets.json
RS085_CELESTIAL_EPHEMERIS_PUBLIC_BANDS,P422_AEGIR_LOCAL_WINDOW_BAND_TABLE,ko_KR,external_site,117,955.2,653.44,80.0,680.0,2,4,1.138,,C:/hades/Hecton8/Docs/Lore/AppliedContent/packets/RS085_CELESTIAL_EPHEMERIS_PUBLIC_BANDS.packets.json
RS085_CELESTIAL_EPHEMERIS_PUBLIC_BANDS,P422_AEGIR_LOCAL_WINDOW_BAND_TABLE,ko_KR,field_note,92,650.16,551.88,85.4,560.0,2,3,1.184,,C:/hades/Hecton8/Docs/Lore/AppliedContent/packets/RS085_CELESTIAL_EPHEMERIS_PUBLIC_BANDS.packets.json
RS085_CELESTIAL_EPHEMERIS_PUBLIC_BANDS,P422_AEGIR_LOCAL_WINDOW_BAND_TABLE,he_IL,title,26,251.28,251.28,62.64,360.0,1,1,1.436,TEXT_EXPANSION_GT_1_35,C:/hades/Hecton8/Docs/Lore/AppliedContent/packets/RS085_CELESTIAL_EPHEMERIS_PUBLIC_BANDS.packets.json
RS085_CELESTIAL_EPHEMERIS_PUBLIC_BANDS,P422_AEGIR_LOCAL_WINDOW_BAND_TABLE,he_IL,scanner,78,640.64,409.28,109.44,460.0,2,2,1.118,,C:/hades/Hecton8/Docs/Lore/AppliedContent/packets/RS085_CELESTIAL_EPHEMERIS_PUBLIC_BANDS.packets.json
RS085_CELESTIAL_EPHEMERIS_PUBLIC_BANDS,P422_AEGIR_LOCAL_WINDOW_BAND_TABLE,he_IL,terminal,98,748.5,516.3,75.6,520.0,2,2,1.093,,C:/hades/Hecton8/Docs/Lore/AppliedContent/packets/RS085_CELESTIAL_EPHEMERIS_PUBLIC_BANDS.packets.json
RS085_CELESTIAL_EPHEMERIS_PUBLIC_BANDS,P422_AEGIR_LOCAL_WINDOW_BAND_TABLE,he_IL,audio,68,620.28,585.36,66.24,620.0,2,2,1.265,,C:/hades/Hecton8/Docs/Lore/AppliedContent/packets/RS085_CELESTIAL_EPHEMERIS_PUBLIC_BANDS.packets.json
RS085_CELESTIAL_EPHEMERIS_PUBLIC_BANDS,P422_AEGIR_LOCAL_WINDOW_BAND_TABLE,he_IL,in_game_wiki,142,1091.4,596.7,84.6,620.0,2,5,1.11,,C:/hades/Hecton8/Docs/Lore/AppliedContent/packets/RS085_CELESTIAL_EPHEMERIS_PUBLIC_BANDS.packets.json
RS085_CELESTIAL_EPHEMERIS_PUBLIC_BANDS,P422_AEGIR_LOCAL_WINDOW_BAND_TABLE,he_IL,external_site,117,955.2,653.44,80.0,680.0,2,4,1.138,,C:/hades/Hecton8/Docs/Lore/AppliedContent/packets/RS085_CELESTIAL_EPHEMERIS_PUBLIC_BANDS.packets.json
RS085_CELESTIAL_EPHEMERIS_PUBLIC_BANDS,P422_AEGIR_LOCAL_WINDOW_BAND_TABLE,he_IL,field_note,92,650.16,551.88,85.4,560.0,2,3,1.184,,C:/hades/Hecton8/Docs/Lore/AppliedContent/packets/RS085_CELESTIAL_EPHEMERIS_PUBLIC_BANDS.packets.json
RS085_CELESTIAL_EPHEMERIS_PUBLIC_BANDS,P422_AEGIR_LOCAL_WINDOW_BAND_TABLE,pt_BR,title,29,281.16,281.16,62.64,360.0,1,1,1.607,TEXT_EXPANSION_GT_1_35,C:/hades/Hecton8/Docs/Lore/AppliedContent/packets/RS085_CELESTIAL_EPHEMERIS_PUBLIC_BANDS.packets.json
RS085_CELESTIAL_EPHEMERIS_PUBLIC_BANDS,P422_AEGIR_LOCAL_WINDOW_BAND_TABLE,pt_BR,scanner,81,667.2,435.84,109.44,460.0,2,2,1.165,,C:/hades/Hecton8/Docs/Lore/AppliedContent/packets/RS085_CELESTIAL_EPHEMERIS_PUBLIC_BANDS.packets.json
RS085_CELESTIAL_EPHEMERIS_PUBLIC_BANDS,P422_AEGIR_LOCAL_WINDOW_BAND_TABLE,pt_BR,terminal,101,773.4,494.1,75.6,520.0,2,2,1.129,,C:/hades/Hecton8/Docs/Lore/AppliedContent/packets/RS085_CELESTIAL_EPHEMERIS_PUBLIC_BANDS.packets.json
RS085_CELESTIAL_EPHEMERIS_PUBLIC_BANDS,P422_AEGIR_LOCAL_WINDOW_BAND_TABLE,pt_BR,audio,68,620.28,585.36,66.24,620.0,2,2,1.265,,C:/hades/Hecton8/Docs/Lore/AppliedContent/packets/RS085_CELESTIAL_EPHEMERIS_PUBLIC_BANDS.packets.json
RS085_CELESTIAL_EPHEMERIS_PUBLIC_BANDS,P422_AEGIR_LOCAL_WINDOW_BAND_TABLE,pt_BR,in_game_wiki,142,1091.4,596.7,84.6,620.0,2,5,1.11,,C:/hades/Hecton8/Docs/Lore/AppliedContent/packets/RS085_CELESTIAL_EPHEMERIS_PUBLIC_BANDS.packets.json
RS085_CELESTIAL_EPHEMERIS_PUBLIC_BANDS,P422_AEGIR_LOCAL_WINDOW_BAND_TABLE,pt_BR,external_site,117,955.2,653.44,80.0,680.0,2,4,1.138,,C:/hades/Hecton8/Docs/Lore/AppliedContent/packets/RS085_CELESTIAL_EPHEMERIS_PUBLIC_BANDS.packets.json
RS085_CELESTIAL_EPHEMERIS_PUBLIC_BANDS,P422_AEGIR_LOCAL_WINDOW_BAND_TABLE,pt_BR,field_note,92,650.16,551.88,85.4,560.0,2,3,1.184,,C:/hades/Hecton8/Docs/Lore/AppliedContent/packets/RS085_CELESTIAL_EPHEMERIS_PUBLIC_BANDS.packets.json
RS085_CELESTIAL_EPHEMERIS_PUBLIC_BANDS,P422_AEGIR_LOCAL_WINDOW_BAND_TABLE,nl_NL,title,26,251.28,251.28,62.64,360.0,1,1,1.436,TEXT_EXPANSION_GT_1_35,C:/hades/Hecton8/Docs/Lore/AppliedContent/packets/RS085_CELESTIAL_EPHEMERIS_PUBLIC_BANDS.packets.json
RS085_CELESTIAL_EPHEMERIS_PUBLIC_BANDS,P422_AEGIR_LOCAL_WINDOW_BAND_TABLE,nl_NL,scanner,78,640.64,409.28,109.44,460.0,2,2,1.118,,C:/hades/Hecton8/Docs/Lore/AppliedContent/packets/RS085_CELESTIAL_EPHEMERIS_PUBLIC_BANDS.packets.json
RS085_CELESTIAL_EPHEMERIS_PUBLIC_BANDS,P422_AEGIR_LOCAL_WINDOW_BAND_TABLE,nl_NL,terminal,98,748.5,516.3,75.6,520.0,2,2,1.093,,C:/hades/Hecton8/Docs/Lore/AppliedContent/packets/RS085_CELESTIAL_EPHEMERIS_PUBLIC_BANDS.packets.json
RS085_CELESTIAL_EPHEMERIS_PUBLIC_BANDS,P422_AEGIR_LOCAL_WINDOW_BAND_TABLE,nl_NL,audio,68,620.28,585.36,66.24,620.0,2,2,1.265,,C:/hades/Hecton8/Docs/Lore/AppliedContent/packets/RS085_CELESTIAL_EPHEMERIS_PUBLIC_BANDS.packets.json
RS085_CELESTIAL_EPHEMERIS_PUBLIC_BANDS,P422_AEGIR_LOCAL_WINDOW_BAND_TABLE,nl_NL,in_game_wiki,142,1091.4,596.7,84.6,620.0,2,5,1.11,,C:/hades/Hecton8/Docs/Lore/AppliedContent/packets/RS085_CELESTIAL_EPHEMERIS_PUBLIC_BANDS.packets.json
RS085_CELESTIAL_EPHEMERIS_PUBLIC_BANDS,P422_AEGIR_LOCAL_WINDOW_BAND_TABLE,nl_NL,external_site,117,955.2,653.44,80.0,680.0,2,4,1.138,,C:/hades/Hecton8/Docs/Lore/AppliedContent/packets/RS085_CELESTIAL_EPHEMERIS_PUBLIC_BANDS.packets.json
RS085_CELESTIAL_EPHEMERIS_PUBLIC_BANDS,P422_AEGIR_LOCAL_WINDOW_BAND_TABLE,nl_NL,field_note,92,650.16,551.88,85.4,560.0,2,3,1.184,,C:/hades/Hecton8/Docs/Lore/AppliedContent/packets/RS085_CELESTIAL_EPHEMERIS_PUBLIC_BANDS.packets.json
RS085_CELESTIAL_EPHEMERIS_PUBLIC_BANDS,P423_HECTON8_MOON_LADDER_PUBLIC_BAND,en_US,title,20,204.12,204.12,87.48,360.0,1,1,1.0,,C:/hades/Hecton8/Docs/Lore/AppliedContent/packets/RS085_CELESTIAL_EPHEMERIS_PUBLIC_BANDS.packets.json
RS085_CELESTIAL_EPHEMERIS_PUBLIC_BANDS,P423_HECTON8_MOON_LADDER_PUBLIC_BAND,en_US,scanner,63,513.6,451.52,77.76,460.0,2,2,1.0,,C:/hades/Hecton8/Docs/Lore/AppliedContent/packets/RS085_CELESTIAL_EPHEMERIS_PUBLIC_BANDS.packets.json
RS085_CELESTIAL_EPHEMERIS_PUBLIC_BANDS,P423_HECTON8_MOON_LADDER_PUBLIC_BAND,en_US,terminal,78,593.7,500.4,93.3,520.0,2,2,1.0,,C:/hades/Hecton8/Docs/Lore/AppliedContent/packets/RS085_CELESTIAL_EPHEMERIS_PUBLIC_BANDS.packets.json
RS085_CELESTIAL_EPHEMERIS_PUBLIC_BANDS,P423_HECTON8_MOON_LADDER_PUBLIC_BAND,en_US,audio,66,615.6,615.6,65.16,620.0,1,2,1.0,,C:/hades/Hecton8/Docs/Lore/AppliedContent/packets/RS085_CELESTIAL_EPHEMERIS_PUBLIC_BANDS.packets.json
RS085_CELESTIAL_EPHEMERIS_PUBLIC_BANDS,P423_HECTON8_MOON_LADDER_PUBLIC_BAND,en_US,in_game_wiki,90,693.0,616.2,76.8,620.0,2,5,1.0,,C:/hades/Hecton8/Docs/Lore/AppliedContent/packets/RS085_CELESTIAL_EPHEMERIS_PUBLIC_BANDS.packets.json
RS085_CELESTIAL_EPHEMERIS_PUBLIC_BANDS,P423_HECTON8_MOON_LADDER_PUBLIC_BAND,en_US,external_site,119,977.28,663.04,95.36,680.0,2,4,1.0,,C:/hades/Hecton8/Docs/Lore/AppliedContent/packets/RS085_CELESTIAL_EPHEMERIS_PUBLIC_BANDS.packets.json
RS085_CELESTIAL_EPHEMERIS_PUBLIC_BANDS,P423_HECTON8_MOON_LADDER_PUBLIC_BAND,en_US,field_note,76,539.84,539.84,67.48,560.0,1,3,1.0,,C:/hades/Hecton8/Docs/Lore/AppliedContent/packets/RS085_CELESTIAL_EPHEMERIS_PUBLIC_BANDS.packets.json
RS085_CELESTIAL_EPHEMERIS_PUBLIC_BANDS,P423_HECTON8_MOON_LADDER_PUBLIC_BAND,ru_RU,title,21,215.64,215.64,87.48,360.0,1,1,1.056,,C:/hades/Hecton8/Docs/Lore/AppliedContent/packets/RS085_CELESTIAL_EPHEMERIS_PUBLIC_BANDS.packets.json
RS085_CELESTIAL_EPHEMERIS_PUBLIC_BANDS,P423_HECTON8_MOON_LADDER_PUBLIC_BAND,ru_RU,scanner,51,424.0,424.0,77.76,460.0,1,2,0.826,,C:/hades/Hecton8/Docs/Lore/AppliedContent/packets/RS085_CELESTIAL_EPHEMERIS_PUBLIC_BANDS.packets.json
RS085_CELESTIAL_EPHEMERIS_PUBLIC_BANDS,P423_HECTON8_MOON_LADDER_PUBLIC_BAND,ru_RU,terminal,56,460.5,460.5,64.8,520.0,1,2,0.776,,C:/hades/Hecton8/Docs/Lore/AppliedContent/packets/RS085_CELESTIAL_EPHEMERIS_PUBLIC_BANDS.packets.json
RS085_CELESTIAL_EPHEMERIS_PUBLIC_BANDS,P423_HECTON8_MOON_LADDER_PUBLIC_BAND,ru_RU,audio,67,628.92,540.72,88.2,620.0,2,2,1.022,,C:/hades/Hecton8/Docs/Lore/AppliedContent/packets/RS085_CELESTIAL_EPHEMERIS_PUBLIC_BANDS.packets.json
RS085_CELESTIAL_EPHEMERIS_PUBLIC_BANDS,P423_HECTON8_MOON_LADDER_PUBLIC_BAND,ru_RU,in_game_wiki,91,735.0,500.1,130.5,620.0,2,5,1.061,,C:/hades/Hecton8/Docs/Lore/AppliedContent/packets/RS085_CELESTIAL_EPHEMERIS_PUBLIC_BANDS.packets.json
RS085_CELESTIAL_EPHEMERIS_PUBLIC_BANDS,P423_HECTON8_MOON_LADDER_PUBLIC_BAND,ru_RU,external_site,118,979.84,645.76,95.36,680.0,2,4,1.003,,C:/hades/Hecton8/Docs/Lore/AppliedContent/packets/RS085_CELESTIAL_EPHEMERIS_PUBLIC_BANDS.packets.json
RS085_CELESTIAL_EPHEMERIS_PUBLIC_BANDS,P423_HECTON8_MOON_LADDER_PUBLIC_BAND,ru_RU,field_note,68,498.96,498.96,73.08,560.0,1,3,0.924,,C:/hades/Hecton8/Docs/Lore/AppliedContent/packets/RS085_CELESTIAL_EPHEMERIS_PUBLIC_BANDS.packets.json
RS085_CELESTIAL_EPHEMERIS_PUBLIC_BANDS,P423_HECTON8_MOON_LADDER_PUBLIC_BAND,ja_JP,title,28,280.44,280.44,87.48,360.0,1,1,1.374,TEXT_EXPANSION_GT_1_35,C:/hades/Hecton8/Docs/Lore/AppliedContent/packets/RS085_CELESTIAL_EPHEMERIS_PUBLIC_BANDS.packets.json
RS085_CELESTIAL_EPHEMERIS_PUBLIC_BANDS,P423_HECTON8_MOON_LADDER_PUBLIC_BAND,ja_JP,scanner,71,581.44,420.8,77.76,460.0,2,2,1.132,,C:/hades/Hecton8/Docs/Lore/AppliedContent/packets/RS085_CELESTIAL_EPHEMERIS_PUBLIC_BANDS.packets.json
RS085_CELESTIAL_EPHEMERIS_PUBLIC_BANDS,P423_HECTON8_MOON_LADDER_PUBLIC_BAND,ja_JP,terminal,86,657.3,452.7,93.3,520.0,2,2,1.107,,C:/hades/Hecton8/Docs/Lore/AppliedContent/packets/RS085_CELESTIAL_EPHEMERIS_PUBLIC_BANDS.packets.json
RS085_CELESTIAL_EPHEMERIS_PUBLIC_BANDS,P423_HECTON8_MOON_LADDER_PUBLIC_BAND,ja_JP,audio,79,745.56,597.6,65.16,620.0,2,2,1.211,,C:/hades/Hecton8/Docs/Lore/AppliedContent/packets/RS085_CELESTIAL_EPHEMERIS_PUBLIC_BANDS.packets.json
RS085_CELESTIAL_EPHEMERIS_PUBLIC_BANDS,P423_HECTON8_MOON_LADDER_PUBLIC_BAND,ja_JP,in_game_wiki,103,801.3,566.1,76.8,620.0,2,5,1.156,,C:/hades/Hecton8/Docs/Lore/AppliedContent/packets/RS085_CELESTIAL_EPHEMERIS_PUBLIC_BANDS.packets.json
RS085_CELESTIAL_EPHEMERIS_PUBLIC_BANDS,P423_HECTON8_MOON_LADDER_PUBLIC_BAND,ja_JP,external_site,132,1092.8,677.76,95.36,680.0,2,4,1.118,,C:/hades/Hecton8/Docs/Lore/AppliedContent/packets/RS085_CELESTIAL_EPHEMERIS_PUBLIC_BANDS.packets.json
RS085_CELESTIAL_EPHEMERIS_PUBLIC_BANDS,P423_HECTON8_MOON_LADDER_PUBLIC_BAND,ja_JP,field_note,89,640.92,533.68,67.48,560.0,2,3,1.187,,C:/hades/Hecton8/Docs/Lore/AppliedContent/packets/RS085_CELESTIAL_EPHEMERIS_PUBLIC_BANDS.packets.json
RS085_CELESTIAL_EPHEMERIS_PUBLIC_BANDS,P423_HECTON8_MOON_LADDER_PUBLIC_BAND,zh_CN,title,28,280.44,280.44,87.48,360.0,1,1,1.374,TEXT_EXPANSION_GT_1_35,C:/hades/Hecton8/Docs/Lore/AppliedContent/packets/RS085_CELESTIAL_EPHEMERIS_PUBLIC_BANDS.packets.json
RS085_CELESTIAL_EPHEMERIS_PUBLIC_BANDS,P423_HECTON8_MOON_LADDER_PUBLIC_BAND,zh_CN,scanner,71,581.44,420.8,77.76,460.0,2,2,1.132,,C:/hades/Hecton8/Docs/Lore/AppliedContent/packets/RS085_CELESTIAL_EPHEMERIS_PUBLIC_BANDS.packets.json
RS085_CELESTIAL_EPHEMERIS_PUBLIC_BANDS,P423_HECTON8_MOON_LADDER_PUBLIC_BAND,zh_CN,terminal,86,657.3,452.7,93.3,520.0,2,2,1.107,,C:/hades/Hecton8/Docs/Lore/AppliedContent/packets/RS085_CELESTIAL_EPHEMERIS_PUBLIC_BANDS.packets.json
RS085_CELESTIAL_EPHEMERIS_PUBLIC_BANDS,P423_HECTON8_MOON_LADDER_PUBLIC_BAND,zh_CN,audio,79,745.56,597.6,65.16,620.0,2,2,1.211,,C:/hades/Hecton8/Docs/Lore/AppliedContent/packets/RS085_CELESTIAL_EPHEMERIS_PUBLIC_BANDS.packets.json
RS085_CELESTIAL_EPHEMERIS_PUBLIC_BANDS,P423_HECTON8_MOON_LADDER_PUBLIC_BAND,zh_CN,in_game_wiki,103,801.3,566.1,76.8,620.0,2,5,1.156,,C:/hades/Hecton8/Docs/Lore/AppliedContent/packets/RS085_CELESTIAL_EPHEMERIS_PUBLIC_BANDS.packets.json
RS085_CELESTIAL_EPHEMERIS_PUBLIC_BANDS,P423_HECTON8_MOON_LADDER_PUBLIC_BAND,zh_CN,external_site,132,1092.8,677.76,95.36,680.0,2,4,1.118,,C:/hades/Hecton8/Docs/Lore/AppliedContent/packets/RS085_CELESTIAL_EPHEMERIS_PUBLIC_BANDS.packets.json
RS085_CELESTIAL_EPHEMERIS_PUBLIC_BANDS,P423_HECTON8_MOON_LADDER_PUBLIC_BAND,zh_CN,field_note,89,640.92,533.68,67.48,560.0,2,3,1.187,,C:/hades/Hecton8/Docs/Lore/AppliedContent/packets/RS085_CELESTIAL_EPHEMERIS_PUBLIC_BANDS.packets.json
RS085_CELESTIAL_EPHEMERIS_PUBLIC_BANDS,P423_HECTON8_MOON_LADDER_PUBLIC_BAND,fr_FR,title,28,280.44,280.44,87.48,360.0,1,1,1.374,TEXT_EXPANSION_GT_1_35,C:/hades/Hecton8/Docs/Lore/AppliedContent/packets/RS085_CELESTIAL_EPHEMERIS_PUBLIC_BANDS.packets.json
RS085_CELESTIAL_EPHEMERIS_PUBLIC_BANDS,P423_HECTON8_MOON_LADDER_PUBLIC_BAND,fr_FR,scanner,71,581.44,420.8,77.76,460.0,2,2,1.132,,C:/hades/Hecton8/Docs/Lore/AppliedContent/packets/RS085_CELESTIAL_EPHEMERIS_PUBLIC_BANDS.packets.json
RS085_CELESTIAL_EPHEMERIS_PUBLIC_BANDS,P423_HECTON8_MOON_LADDER_PUBLIC_BAND,fr_FR,terminal,86,657.3,452.7,93.3,520.0,2,2,1.107,,C:/hades/Hecton8/Docs/Lore/AppliedContent/packets/RS085_CELESTIAL_EPHEMERIS_PUBLIC_BANDS.packets.json
RS085_CELESTIAL_EPHEMERIS_PUBLIC_BANDS,P423_HECTON8_MOON_LADDER_PUBLIC_BAND,fr_FR,audio,79,745.56,597.6,65.16,620.0,2,2,1.211,,C:/hades/Hecton8/Docs/Lore/AppliedContent/packets/RS085_CELESTIAL_EPHEMERIS_PUBLIC_BANDS.packets.json
RS085_CELESTIAL_EPHEMERIS_PUBLIC_BANDS,P423_HECTON8_MOON_LADDER_PUBLIC_BAND,fr_FR,in_game_wiki,103,801.3,566.1,76.8,620.0,2,5,1.156,,C:/hades/Hecton8/Docs/Lore/AppliedContent/packets/RS085_CELESTIAL_EPHEMERIS_PUBLIC_BANDS.packets.json
RS085_CELESTIAL_EPHEMERIS_PUBLIC_BANDS,P423_HECTON8_MOON_LADDER_PUBLIC_BAND,fr_FR,external_site,132,1092.8,677.76,95.36,680.0,2,4,1.118,,C:/hades/Hecton8/Docs/Lore/AppliedContent/packets/RS085_CELESTIAL_EPHEMERIS_PUBLIC_BANDS.packets.json
RS085_CELESTIAL_EPHEMERIS_PUBLIC_BANDS,P423_HECTON8_MOON_LADDER_PUBLIC_BAND,fr_FR,field_note,89,640.92,533.68,67.48,560.0,2,3,1.187,,C:/hades/Hecton8/Docs/Lore/AppliedContent/packets/RS085_CELESTIAL_EPHEMERIS_PUBLIC_BANDS.packets.json
RS085_CELESTIAL_EPHEMERIS_PUBLIC_BANDS,P423_HECTON8_MOON_LADDER_PUBLIC_BAND,es_ES,title,28,280.44,280.44,87.48,360.0,1,1,1.374,TEXT_EXPANSION_GT_1_35,C:/hades/Hecton8/Docs/Lore/AppliedContent/packets/RS085_CELESTIAL_EPHEMERIS_PUBLIC_BANDS.packets.json
RS085_CELESTIAL_EPHEMERIS_PUBLIC_BANDS,P423_HECTON8_MOON_LADDER_PUBLIC_BAND,es_ES,scanner,71,581.44,420.8,77.76,460.0,2,2,1.132,,C:/hades/Hecton8/Docs/Lore/AppliedContent/packets/RS085_CELESTIAL_EPHEMERIS_PUBLIC_BANDS.packets.json
RS085_CELESTIAL_EPHEMERIS_PUBLIC_BANDS,P423_HECTON8_MOON_LADDER_PUBLIC_BAND,es_ES,terminal,86,657.3,452.7,93.3,520.0,2,2,1.107,,C:/hades/Hecton8/Docs/Lore/AppliedContent/packets/RS085_CELESTIAL_EPHEMERIS_PUBLIC_BANDS.packets.json
RS085_CELESTIAL_EPHEMERIS_PUBLIC_BANDS,P423_HECTON8_MOON_LADDER_PUBLIC_BAND,es_ES,audio,79,745.56,597.6,65.16,620.0,2,2,1.211,,C:/hades/Hecton8/Docs/Lore/AppliedContent/packets/RS085_CELESTIAL_EPHEMERIS_PUBLIC_BANDS.packets.json
RS085_CELESTIAL_EPHEMERIS_PUBLIC_BANDS,P423_HECTON8_MOON_LADDER_PUBLIC_BAND,es_ES,in_game_wiki,103,801.3,566.1,76.8,620.0,2,5,1.156,,C:/hades/Hecton8/Docs/Lore/AppliedContent/packets/RS085_CELESTIAL_EPHEMERIS_PUBLIC_BANDS.packets.json
RS085_CELESTIAL_EPHEMERIS_PUBLIC_BANDS,P423_HECTON8_MOON_LADDER_PUBLIC_BAND,es_ES,external_site,132,1092.8,677.76,95.36,680.0,2,4,1.118,,C:/hades/Hecton8/Docs/Lore/AppliedContent/packets/RS085_CELESTIAL_EPHEMERIS_PUBLIC_BANDS.packets.json
RS085_CELESTIAL_EPHEMERIS_PUBLIC_BANDS,P423_HECTON8_MOON_LADDER_PUBLIC_BAND,es_ES,field_note,89,640.92,533.68,67.48,560.0,2,3,1.187,,C:/hades/Hecton8/Docs/Lore/AppliedContent/packets/RS085_CELESTIAL_EPHEMERIS_PUBLIC_BANDS.packets.json
RS085_CELESTIAL_EPHEMERIS_PUBLIC_BANDS,P423_HECTON8_MOON_LADDER_PUBLIC_BAND,de_DE,title,28,280.44,280.44,87.48,360.0,1,1,1.374,TEXT_EXPANSION_GT_1_35,C:/hades/Hecton8/Docs/Lore/AppliedContent/packets/RS085_CELESTIAL_EPHEMERIS_PUBLIC_BANDS.packets.json
RS085_CELESTIAL_EPHEMERIS_PUBLIC_BANDS,P423_HECTON8_MOON_LADDER_PUBLIC_BAND,de_DE,scanner,71,581.44,420.8,77.76,460.0,2,2,1.132,,C:/hades/Hecton8/Docs/Lore/AppliedContent/packets/RS085_CELESTIAL_EPHEMERIS_PUBLIC_BANDS.packets.json
RS085_CELESTIAL_EPHEMERIS_PUBLIC_BANDS,P423_HECTON8_MOON_LADDER_PUBLIC_BAND,de_DE,terminal,86,657.3,452.7,93.3,520.0,2,2,1.107,,C:/hades/Hecton8/Docs/Lore/AppliedContent/packets/RS085_CELESTIAL_EPHEMERIS_PUBLIC_BANDS.packets.json
RS085_CELESTIAL_EPHEMERIS_PUBLIC_BANDS,P423_HECTON8_MOON_LADDER_PUBLIC_BAND,de_DE,audio,79,745.56,597.6,65.16,620.0,2,2,1.211,,C:/hades/Hecton8/Docs/Lore/AppliedContent/packets/RS085_CELESTIAL_EPHEMERIS_PUBLIC_BANDS.packets.json
RS085_CELESTIAL_EPHEMERIS_PUBLIC_BANDS,P423_HECTON8_MOON_LADDER_PUBLIC_BAND,de_DE,in_game_wiki,103,801.3,566.1,76.8,620.0,2,5,1.156,,C:/hades/Hecton8/Docs/Lore/AppliedContent/packets/RS085_CELESTIAL_EPHEMERIS_PUBLIC_BANDS.packets.json
RS085_CELESTIAL_EPHEMERIS_PUBLIC_BANDS,P423_HECTON8_MOON_LADDER_PUBLIC_BAND,de_DE,external_site,132,1092.8,677.76,95.36,680.0,2,4,1.118,,C:/hades/Hecton8/Docs/Lore/AppliedContent/packets/RS085_CELESTIAL_EPHEMERIS_PUBLIC_BANDS.packets.json
RS085_CELESTIAL_EPHEMERIS_PUBLIC_BANDS,P423_HECTON8_MOON_LADDER_PUBLIC_BAND,de_DE,field_note,89,640.92,533.68,67.48,560.0,2,3,1.187,,C:/hades/Hecton8/Docs/Lore/AppliedContent/packets/RS085_CELESTIAL_EPHEMERIS_PUBLIC_BANDS.packets.json
RS085_CELESTIAL_EPHEMERIS_PUBLIC_BANDS,P423_HECTON8_MOON_LADDER_PUBLIC_BAND,pl_PL,title,28,280.44,280.44,87.48,360.0,1,1,1.374,TEXT_EXPANSION_GT_1_35,C:/hades/Hecton8/Docs/Lore/AppliedContent/packets/RS085_CELESTIAL_EPHEMERIS_PUBLIC_BANDS.packets.json
RS085_CELESTIAL_EPHEMERIS_PUBLIC_BANDS,P423_HECTON8_MOON_LADDER_PUBLIC_BAND,pl_PL,scanner,71,581.44,420.8,77.76,460.0,2,2,1.132,,C:/hades/Hecton8/Docs/Lore/AppliedContent/packets/RS085_CELESTIAL_EPHEMERIS_PUBLIC_BANDS.packets.json
RS085_CELESTIAL_EPHEMERIS_PUBLIC_BANDS,P423_HECTON8_MOON_LADDER_PUBLIC_BAND,pl_PL,terminal,86,657.3,452.7,93.3,520.0,2,2,1.107,,C:/hades/Hecton8/Docs/Lore/AppliedContent/packets/RS085_CELESTIAL_EPHEMERIS_PUBLIC_BANDS.packets.json
RS085_CELESTIAL_EPHEMERIS_PUBLIC_BANDS,P423_HECTON8_MOON_LADDER_PUBLIC_BAND,pl_PL,audio,79,745.56,597.6,65.16,620.0,2,2,1.211,,C:/hades/Hecton8/Docs/Lore/AppliedContent/packets/RS085_CELESTIAL_EPHEMERIS_PUBLIC_BANDS.packets.json
RS085_CELESTIAL_EPHEMERIS_PUBLIC_BANDS,P423_HECTON8_MOON_LADDER_PUBLIC_BAND,pl_PL,in_game_wiki,103,801.3,566.1,76.8,620.0,2,5,1.156,,C:/hades/Hecton8/Docs/Lore/AppliedContent/packets/RS085_CELESTIAL_EPHEMERIS_PUBLIC_BANDS.packets.json
RS085_CELESTIAL_EPHEMERIS_PUBLIC_BANDS,P423_HECTON8_MOON_LADDER_PUBLIC_BAND,pl_PL,external_site,132,1092.8,677.76,95.36,680.0,2,4,1.118,,C:/hades/Hecton8/Docs/Lore/AppliedContent/packets/RS085_CELESTIAL_EPHEMERIS_PUBLIC_BANDS.packets.json
RS085_CELESTIAL_EPHEMERIS_PUBLIC_BANDS,P423_HECTON8_MOON_LADDER_PUBLIC_BAND,pl_PL,field_note,89,640.92,533.68,67.48,560.0,2,3,1.187,,C:/hades/Hecton8/Docs/Lore/AppliedContent/packets/RS085_CELESTIAL_EPHEMERIS_PUBLIC_BANDS.packets.json
RS085_CELESTIAL_EPHEMERIS_PUBLIC_BANDS,P423_HECTON8_MOON_LADDER_PUBLIC_BAND,uk_UA,title,28,280.44,280.44,87.48,360.0,1,1,1.374,TEXT_EXPANSION_GT_1_35,C:/hades/Hecton8/Docs/Lore/AppliedContent/packets/RS085_CELESTIAL_EPHEMERIS_PUBLIC_BANDS.packets.json
RS085_CELESTIAL_EPHEMERIS_PUBLIC_BANDS,P423_HECTON8_MOON_LADDER_PUBLIC_BAND,uk_UA,scanner,71,581.44,420.8,77.76,460.0,2,2,1.132,,C:/hades/Hecton8/Docs/Lore/AppliedContent/packets/RS085_CELESTIAL_EPHEMERIS_PUBLIC_BANDS.packets.json
RS085_CELESTIAL_EPHEMERIS_PUBLIC_BANDS,P423_HECTON8_MOON_LADDER_PUBLIC_BAND,uk_UA,terminal,86,657.3,452.7,93.3,520.0,2,2,1.107,,C:/hades/Hecton8/Docs/Lore/AppliedContent/packets/RS085_CELESTIAL_EPHEMERIS_PUBLIC_BANDS.packets.json
RS085_CELESTIAL_EPHEMERIS_PUBLIC_BANDS,P423_HECTON8_MOON_LADDER_PUBLIC_BAND,uk_UA,audio,79,745.56,597.6,65.16,620.0,2,2,1.211,,C:/hades/Hecton8/Docs/Lore/AppliedContent/packets/RS085_CELESTIAL_EPHEMERIS_PUBLIC_BANDS.packets.json
RS085_CELESTIAL_EPHEMERIS_PUBLIC_BANDS,P423_HECTON8_MOON_LADDER_PUBLIC_BAND,uk_UA,in_game_wiki,103,801.3,566.1,76.8,620.0,2,5,1.156,,C:/hades/Hecton8/Docs/Lore/AppliedContent/packets/RS085_CELESTIAL_EPHEMERIS_PUBLIC_BANDS.packets.json
RS085_CELESTIAL_EPHEMERIS_PUBLIC_BANDS,P423_HECTON8_MOON_LADDER_PUBLIC_BAND,uk_UA,external_site,132,1092.8,677.76,95.36,680.0,2,4,1.118,,C:/hades/Hecton8/Docs/Lore/AppliedContent/packets/RS085_CELESTIAL_EPHEMERIS_PUBLIC_BANDS.packets.json
RS085_CELESTIAL_EPHEMERIS_PUBLIC_BANDS,P423_HECTON8_MOON_LADDER_PUBLIC_BAND,uk_UA,field_note,89,640.92,533.68,67.48,560.0,2,3,1.187,,C:/hades/Hecton8/Docs/Lore/AppliedContent/packets/RS085_CELESTIAL_EPHEMERIS_PUBLIC_BANDS.packets.json
RS085_CELESTIAL_EPHEMERIS_PUBLIC_BANDS,P423_HECTON8_MOON_LADDER_PUBLIC_BAND,ar_SA,title,28,280.44,280.44,87.48,360.0,1,1,1.374,TEXT_EXPANSION_GT_1_35,C:/hades/Hecton8/Docs/Lore/AppliedContent/packets/RS085_CELESTIAL_EPHEMERIS_PUBLIC_BANDS.packets.json
RS085_CELESTIAL_EPHEMERIS_PUBLIC_BANDS,P423_HECTON8_MOON_LADDER_PUBLIC_BAND,ar_SA,scanner,71,581.44,420.8,77.76,460.0,2,2,1.132,,C:/hades/Hecton8/Docs/Lore/AppliedContent/packets/RS085_CELESTIAL_EPHEMERIS_PUBLIC_BANDS.packets.json
RS085_CELESTIAL_EPHEMERIS_PUBLIC_BANDS,P423_HECTON8_MOON_LADDER_PUBLIC_BAND,ar_SA,terminal,86,657.3,452.7,93.3,520.0,2,2,1.107,,C:/hades/Hecton8/Docs/Lore/AppliedContent/packets/RS085_CELESTIAL_EPHEMERIS_PUBLIC_BANDS.packets.json
RS085_CELESTIAL_EPHEMERIS_PUBLIC_BANDS,P423_HECTON8_MOON_LADDER_PUBLIC_BAND,ar_SA,audio,79,745.56,597.6,65.16,620.0,2,2,1.211,,C:/hades/Hecton8/Docs/Lore/AppliedContent/packets/RS085_CELESTIAL_EPHEMERIS_PUBLIC_BANDS.packets.json
RS085_CELESTIAL_EPHEMERIS_PUBLIC_BANDS,P423_HECTON8_MOON_LADDER_PUBLIC_BAND,ar_SA,in_game_wiki,103,801.3,566.1,76.8,620.0,2,5,1.156,,C:/hades/Hecton8/Docs/Lore/AppliedContent/packets/RS085_CELESTIAL_EPHEMERIS_PUBLIC_BANDS.packets.json
RS085_CELESTIAL_EPHEMERIS_PUBLIC_BANDS,P423_HECTON8_MOON_LADDER_PUBLIC_BAND,ar_SA,external_site,132,1092.8,677.76,95.36,680.0,2,4,1.118,,C:/hades/Hecton8/Docs/Lore/AppliedContent/packets/RS085_CELESTIAL_EPHEMERIS_PUBLIC_BANDS.packets.json
RS085_CELESTIAL_EPHEMERIS_PUBLIC_BANDS,P423_HECTON8_MOON_LADDER_PUBLIC_BAND,ar_SA,field_note,89,640.92,533.68,67.48,560.0,2,3,1.187,,C:/hades/Hecton8/Docs/Lore/AppliedContent/packets/RS085_CELESTIAL_EPHEMERIS_PUBLIC_BANDS.packets.json
RS085_CELESTIAL_EPHEMERIS_PUBLIC_BANDS,P423_HECTON8_MOON_LADDER_PUBLIC_BAND,id_ID,title,28,280.44,280.44,87.48,360.0,1,1,1.374,TEXT_EXPANSION_GT_1_35,C:/hades/Hecton8/Docs/Lore/AppliedContent/packets/RS085_CELESTIAL_EPHEMERIS_PUBLIC_BANDS.packets.json
RS085_CELESTIAL_EPHEMERIS_PUBLIC_BANDS,P423_HECTON8_MOON_LADDER_PUBLIC_BAND,id_ID,scanner,71,581.44,420.8,77.76,460.0,2,2,1.132,,C:/hades/Hecton8/Docs/Lore/AppliedContent/packets/RS085_CELESTIAL_EPHEMERIS_PUBLIC_BANDS.packets.json
RS085_CELESTIAL_EPHEMERIS_PUBLIC_BANDS,P423_HECTON8_MOON_LADDER_PUBLIC_BAND,id_ID,terminal,86,657.3,452.7,93.3,520.0,2,2,1.107,,C:/hades/Hecton8/Docs/Lore/AppliedContent/packets/RS085_CELESTIAL_EPHEMERIS_PUBLIC_BANDS.packets.json
RS085_CELESTIAL_EPHEMERIS_PUBLIC_BANDS,P423_HECTON8_MOON_LADDER_PUBLIC_BAND,id_ID,audio,79,745.56,597.6,65.16,620.0,2,2,1.211,,C:/hades/Hecton8/Docs/Lore/AppliedContent/packets/RS085_CELESTIAL_EPHEMERIS_PUBLIC_BANDS.packets.json
RS085_CELESTIAL_EPHEMERIS_PUBLIC_BANDS,P423_HECTON8_MOON_LADDER_PUBLIC_BAND,id_ID,in_game_wiki,103,801.3,566.1,76.8,620.0,2,5,1.156,,C:/hades/Hecton8/Docs/Lore/AppliedContent/packets/RS085_CELESTIAL_EPHEMERIS_PUBLIC_BANDS.packets.json
RS085_CELESTIAL_EPHEMERIS_PUBLIC_BANDS,P423_HECTON8_MOON_LADDER_PUBLIC_BAND,id_ID,external_site,132,1092.8,677.76,95.36,680.0,2,4,1.118,,C:/hades/Hecton8/Docs/Lore/AppliedContent/packets/RS085_CELESTIAL_EPHEMERIS_PUBLIC_BANDS.packets.json
RS085_CELESTIAL_EPHEMERIS_PUBLIC_BANDS,P423_HECTON8_MOON_LADDER_PUBLIC_BAND,id_ID,field_note,89,640.92,533.68,67.48,560.0,2,3,1.187,,C:/hades/Hecton8/Docs/Lore/AppliedContent/packets/RS085_CELESTIAL_EPHEMERIS_PUBLIC_BANDS.packets.json
RS085_CELESTIAL_EPHEMERIS_PUBLIC_BANDS,P423_HECTON8_MOON_LADDER_PUBLIC_BAND,ko_KR,title,28,280.44,280.44,87.48,360.0,1,1,1.374,TEXT_EXPANSION_GT_1_35,C:/hades/Hecton8/Docs/Lore/AppliedContent/packets/RS085_CELESTIAL_EPHEMERIS_PUBLIC_BANDS.packets.json
RS085_CELESTIAL_EPHEMERIS_PUBLIC_BANDS,P423_HECTON8_MOON_LADDER_PUBLIC_BAND,ko_KR,scanner,71,581.44,420.8,77.76,460.0,2,2,1.132,,C:/hades/Hecton8/Docs/Lore/AppliedContent/packets/RS085_CELESTIAL_EPHEMERIS_PUBLIC_BANDS.packets.json
RS085_CELESTIAL_EPHEMERIS_PUBLIC_BANDS,P423_HECTON8_MOON_LADDER_PUBLIC_BAND,ko_KR,terminal,86,657.3,452.7,93.3,520.0,2,2,1.107,,C:/hades/Hecton8/Docs/Lore/AppliedContent/packets/RS085_CELESTIAL_EPHEMERIS_PUBLIC_BANDS.packets.json
RS085_CELESTIAL_EPHEMERIS_PUBLIC_BANDS,P423_HECTON8_MOON_LADDER_PUBLIC_BAND,ko_KR,audio,79,745.56,597.6,65.16,620.0,2,2,1.211,,C:/hades/Hecton8/Docs/Lore/AppliedContent/packets/RS085_CELESTIAL_EPHEMERIS_PUBLIC_BANDS.packets.json
RS085_CELESTIAL_EPHEMERIS_PUBLIC_BANDS,P423_HECTON8_MOON_LADDER_PUBLIC_BAND,ko_KR,in_game_wiki,103,801.3,566.1,76.8,620.0,2,5,1.156,,C:/hades/Hecton8/Docs/Lore/AppliedContent/packets/RS085_CELESTIAL_EPHEMERIS_PUBLIC_BANDS.packets.json
RS085_CELESTIAL_EPHEMERIS_PUBLIC_BANDS,P423_HECTON8_MOON_LADDER_PUBLIC_BAND,ko_KR,external_site,132,1092.8,677.76,95.36,680.0,2,4,1.118,,C:/hades/Hecton8/Docs/Lore/AppliedContent/packets/RS085_CELESTIAL_EPHEMERIS_PUBLIC_BANDS.packets.json
RS085_CELESTIAL_EPHEMERIS_PUBLIC_BANDS,P423_HECTON8_MOON_LADDER_PUBLIC_BAND,ko_KR,field_note,89,640.92,533.68,67.48,560.0,2,3,1.187,,C:/hades/Hecton8/Docs/Lore/AppliedContent/packets/RS085_CELESTIAL_EPHEMERIS_PUBLIC_BANDS.packets.json
RS085_CELESTIAL_EPHEMERIS_PUBLIC_BANDS,P423_HECTON8_MOON_LADDER_PUBLIC_BAND,he_IL,title,28,280.44,280.44,87.48,360.0,1,1,1.374,TEXT_EXPANSION_GT_1_35,C:/hades/Hecton8/Docs/Lore/AppliedContent/packets/RS085_CELESTIAL_EPHEMERIS_PUBLIC_BANDS.packets.json
RS085_CELESTIAL_EPHEMERIS_PUBLIC_BANDS,P423_HECTON8_MOON_LADDER_PUBLIC_BAND,he_IL,scanner,71,581.44,420.8,77.76,460.0,2,2,1.132,,C:/hades/Hecton8/Docs/Lore/AppliedContent/packets/RS085_CELESTIAL_EPHEMERIS_PUBLIC_BANDS.packets.json
RS085_CELESTIAL_EPHEMERIS_PUBLIC_BANDS,P423_HECTON8_MOON_LADDER_PUBLIC_BAND,he_IL,terminal,86,657.3,452.7,93.3,520.0,2,2,1.107,,C:/hades/Hecton8/Docs/Lore/AppliedContent/packets/RS085_CELESTIAL_EPHEMERIS_PUBLIC_BANDS.packets.json
RS085_CELESTIAL_EPHEMERIS_PUBLIC_BANDS,P423_HECTON8_MOON_LADDER_PUBLIC_BAND,he_IL,audio,79,745.56,597.6,65.16,620.0,2,2,1.211,,C:/hades/Hecton8/Docs/Lore/AppliedContent/packets/RS085_CELESTIAL_EPHEMERIS_PUBLIC_BANDS.packets.json
RS085_CELESTIAL_EPHEMERIS_PUBLIC_BANDS,P423_HECTON8_MOON_LADDER_PUBLIC_BAND,he_IL,in_game_wiki,103,801.3,566.1,76.8,620.0,2,5,1.156,,C:/hades/Hecton8/Docs/Lore/AppliedContent/packets/RS085_CELESTIAL_EPHEMERIS_PUBLIC_BANDS.packets.json
RS085_CELESTIAL_EPHEMERIS_PUBLIC_BANDS,P423_HECTON8_MOON_LADDER_PUBLIC_BAND,he_IL,external_site,132,1092.8,677.76,95.36,680.0,2,4,1.118,,C:/hades/Hecton8/Docs/Lore/AppliedContent/packets/RS085_CELESTIAL_EPHEMERIS_PUBLIC_BANDS.packets.json
RS085_CELESTIAL_EPHEMERIS_PUBLIC_BANDS,P423_HECTON8_MOON_LADDER_PUBLIC_BAND,he_IL,field_note,89,640.92,533.68,67.48,560.0,2,3,1.187,,C:/hades/Hecton8/Docs/Lore/AppliedContent/packets/RS085_CELESTIAL_EPHEMERIS_PUBLIC_BANDS.packets.json
RS085_CELESTIAL_EPHEMERIS_PUBLIC_BANDS,P423_HECTON8_MOON_LADDER_PUBLIC_BAND,pt_BR,title,31,310.32,310.32,87.48,360.0,1,1,1.52,TEXT_EXPANSION_GT_1_35,C:/hades/Hecton8/Docs/Lore/AppliedContent/packets/RS085_CELESTIAL_EPHEMERIS_PUBLIC_BANDS.packets.json
RS085_CELESTIAL_EPHEMERIS_PUBLIC_BANDS,P423_HECTON8_MOON_LADDER_PUBLIC_BAND,pt_BR,scanner,74,608.0,447.36,77.76,460.0,2,2,1.184,,C:/hades/Hecton8/Docs/Lore/AppliedContent/packets/RS085_CELESTIAL_EPHEMERIS_PUBLIC_BANDS.packets.json
RS085_CELESTIAL_EPHEMERIS_PUBLIC_BANDS,P423_HECTON8_MOON_LADDER_PUBLIC_BAND,pt_BR,terminal,89,682.2,477.6,93.3,520.0,2,2,1.149,,C:/hades/Hecton8/Docs/Lore/AppliedContent/packets/RS085_CELESTIAL_EPHEMERIS_PUBLIC_BANDS.packets.json
RS085_CELESTIAL_EPHEMERIS_PUBLIC_BANDS,P423_HECTON8_MOON_LADDER_PUBLIC_BAND,pt_BR,audio,79,745.56,597.6,65.16,620.0,2,2,1.211,,C:/hades/Hecton8/Docs/Lore/AppliedContent/packets/RS085_CELESTIAL_EPHEMERIS_PUBLIC_BANDS.packets.json
RS085_CELESTIAL_EPHEMERIS_PUBLIC_BANDS,P423_HECTON8_MOON_LADDER_PUBLIC_BAND,pt_BR,in_game_wiki,103,801.3,566.1,76.8,620.0,2,5,1.156,,C:/hades/Hecton8/Docs/Lore/AppliedContent/packets/RS085_CELESTIAL_EPHEMERIS_PUBLIC_BANDS.packets.json
RS085_CELESTIAL_EPHEMERIS_PUBLIC_BANDS,P423_HECTON8_MOON_LADDER_PUBLIC_BAND,pt_BR,external_site,132,1092.8,677.76,95.36,680.0,2,4,1.118,,C:/hades/Hecton8/Docs/Lore/AppliedContent/packets/RS085_CELESTIAL_EPHEMERIS_PUBLIC_BANDS.packets.json
RS085_CELESTIAL_EPHEMERIS_PUBLIC_BANDS,P423_HECTON8_MOON_LADDER_PUBLIC_BAND,pt_BR,field_note,89,640.92,533.68,67.48,560.0,2,3,1.187,,C:/hades/Hecton8/Docs/Lore/AppliedContent/packets/RS085_CELESTIAL_EPHEMERIS_PUBLIC_BANDS.packets.json
RS085_CELESTIAL_EPHEMERIS_PUBLIC_BANDS,P423_HECTON8_MOON_LADDER_PUBLIC_BAND,nl_NL,title,28,280.44,280.44,87.48,360.0,1,1,1.374,TEXT_EXPANSION_GT_1_35,C:/hades/Hecton8/Docs/Lore/AppliedContent/packets/RS085_CELESTIAL_EPHEMERIS_PUBLIC_BANDS.packets.json
RS085_CELESTIAL_EPHEMERIS_PUBLIC_BANDS,P423_HECTON8_MOON_LADDER_PUBLIC_BAND,nl_NL,scanner,71,581.44,420.8,77.76,460.0,2,2,1.132,,C:/hades/Hecton8/Docs/Lore/AppliedContent/packets/RS085_CELESTIAL_EPHEMERIS_PUBLIC_BANDS.packets.json
RS085_CELESTIAL_EPHEMERIS_PUBLIC_BANDS,P423_HECTON8_MOON_LADDER_PUBLIC_BAND,nl_NL,terminal,86,657.3,452.7,93.3,520.0,2,2,1.107,,C:/hades/Hecton8/Docs/Lore/AppliedContent/packets/RS085_CELESTIAL_EPHEMERIS_PUBLIC_BANDS.packets.json
RS085_CELESTIAL_EPHEMERIS_PUBLIC_BANDS,P423_HECTON8_MOON_LADDER_PUBLIC_BAND,nl_NL,audio,79,745.56,597.6,65.16,620.0,2,2,1.211,,C:/hades/Hecton8/Docs/Lore/AppliedContent/packets/RS085_CELESTIAL_EPHEMERIS_PUBLIC_BANDS.packets.json
RS085_CELESTIAL_EPHEMERIS_PUBLIC_BANDS,P423_HECTON8_MOON_LADDER_PUBLIC_BAND,nl_NL,in_game_wiki,103,801.3,566.1,76.8,620.0,2,5,1.156,,C:/hades/Hecton8/Docs/Lore/AppliedContent/packets/RS085_CELESTIAL_EPHEMERIS_PUBLIC_BANDS.packets.json
RS085_CELESTIAL_EPHEMERIS_PUBLIC_BANDS,P423_HECTON8_MOON_LADDER_PUBLIC_BAND,nl_NL,external_site,132,1092.8,677.76,95.36,680.0,2,4,1.118,,C:/hades/Hecton8/Docs/Lore/AppliedContent/packets/RS085_CELESTIAL_EPHEMERIS_PUBLIC_BANDS.packets.json
RS085_CELESTIAL_EPHEMERIS_PUBLIC_BANDS,P423_HECTON8_MOON_LADDER_PUBLIC_BAND,nl_NL,field_note,89,640.92,533.68,67.48,560.0,2,3,1.187,,C:/hades/Hecton8/Docs/Lore/AppliedContent/packets/RS085_CELESTIAL_EPHEMERIS_PUBLIC_BANDS.packets.json
RS085_CELESTIAL_EPHEMERIS_PUBLIC_BANDS,P424_BLACK_KEEL_TRANSFER_ORBIT_BAND,en_US,title,24,228.6,228.6,82.44,360.0,1,1,1.0,,C:/hades/Hecton8/Docs/Lore/AppliedContent/packets/RS085_CELESTIAL_EPHEMERIS_PUBLIC_BANDS.packets.json
RS085_CELESTIAL_EPHEMERIS_PUBLIC_BANDS,P424_BLACK_KEEL_TRANSFER_ORBIT_BAND,en_US,scanner,58,464.96,383.04,81.92,460.0,2,2,1.0,,C:/hades/Hecton8/Docs/Lore/AppliedContent/packets/RS085_CELESTIAL_EPHEMERIS_PUBLIC_BANDS.packets.json
RS085_CELESTIAL_EPHEMERIS_PUBLIC_BANDS,P424_BLACK_KEEL_TRANSFER_ORBIT_BAND,en_US,terminal,76,598.2,484.5,113.7,520.0,2,2,1.0,,C:/hades/Hecton8/Docs/Lore/AppliedContent/packets/RS085_CELESTIAL_EPHEMERIS_PUBLIC_BANDS.packets.json
RS085_CELESTIAL_EPHEMERIS_PUBLIC_BANDS,P424_BLACK_KEEL_TRANSFER_ORBIT_BAND,en_US,audio,76,683.28,611.64,86.4,620.0,2,2,1.0,,C:/hades/Hecton8/Docs/Lore/AppliedContent/packets/RS085_CELESTIAL_EPHEMERIS_PUBLIC_BANDS.packets.json
RS085_CELESTIAL_EPHEMERIS_PUBLIC_BANDS,P424_BLACK_KEEL_TRANSFER_ORBIT_BAND,en_US,in_game_wiki,101,772.8,624.3,80.4,620.0,2,5,1.0,,C:/hades/Hecton8/Docs/Lore/AppliedContent/packets/RS085_CELESTIAL_EPHEMERIS_PUBLIC_BANDS.packets.json
RS085_CELESTIAL_EPHEMERIS_PUBLIC_BANDS,P424_BLACK_KEEL_TRANSFER_ORBIT_BAND,en_US,external_site,116,929.6,676.8,71.68,680.0,2,4,1.0,,C:/hades/Hecton8/Docs/Lore/AppliedContent/packets/RS085_CELESTIAL_EPHEMERIS_PUBLIC_BANDS.packets.json
RS085_CELESTIAL_EPHEMERIS_PUBLIC_BANDS,P424_BLACK_KEEL_TRANSFER_ORBIT_BAND,en_US,field_note,64,446.6,446.6,83.16,560.0,1,3,1.0,,C:/hades/Hecton8/Docs/Lore/AppliedContent/packets/RS085_CELESTIAL_EPHEMERIS_PUBLIC_BANDS.packets.json
RS085_CELESTIAL_EPHEMERIS_PUBLIC_BANDS,P424_BLACK_KEEL_TRANSFER_ORBIT_BAND,ru_RU,title,17,161.64,161.64,63.72,360.0,1,1,0.707,,C:/hades/Hecton8/Docs/Lore/AppliedContent/packets/RS085_CELESTIAL_EPHEMERIS_PUBLIC_BANDS.packets.json
RS085_CELESTIAL_EPHEMERIS_PUBLIC_BANDS,P424_BLACK_KEEL_TRANSFER_ORBIT_BAND,ru_RU,scanner,52,437.44,437.44,81.92,460.0,1,2,0.941,,C:/hades/Hecton8/Docs/Lore/AppliedContent/packets/RS085_CELESTIAL_EPHEMERIS_PUBLIC_BANDS.packets.json
RS085_CELESTIAL_EPHEMERIS_PUBLIC_BANDS,P424_BLACK_KEEL_TRANSFER_ORBIT_BAND,ru_RU,terminal,71,582.6,504.0,69.3,520.0,2,2,0.974,,C:/hades/Hecton8/Docs/Lore/AppliedContent/packets/RS085_CELESTIAL_EPHEMERIS_PUBLIC_BANDS.packets.json
RS085_CELESTIAL_EPHEMERIS_PUBLIC_BANDS,P424_BLACK_KEEL_TRANSFER_ORBIT_BAND,ru_RU,audio,66,626.4,569.52,93.96,620.0,2,2,0.917,,C:/hades/Hecton8/Docs/Lore/AppliedContent/packets/RS085_CELESTIAL_EPHEMERIS_PUBLIC_BANDS.packets.json
RS085_CELESTIAL_EPHEMERIS_PUBLIC_BANDS,P424_BLACK_KEEL_TRANSFER_ORBIT_BAND,ru_RU,in_game_wiki,92,717.0,603.6,82.2,620.0,2,5,0.928,,C:/hades/Hecton8/Docs/Lore/AppliedContent/packets/RS085_CELESTIAL_EPHEMERIS_PUBLIC_BANDS.packets.json
RS085_CELESTIAL_EPHEMERIS_PUBLIC_BANDS,P424_BLACK_KEEL_TRANSFER_ORBIT_BAND,ru_RU,external_site,115,964.16,627.84,102.08,680.0,2,4,1.037,,C:/hades/Hecton8/Docs/Lore/AppliedContent/packets/RS085_CELESTIAL_EPHEMERIS_PUBLIC_BANDS.packets.json
RS085_CELESTIAL_EPHEMERIS_PUBLIC_BANDS,P424_BLACK_KEEL_TRANSFER_ORBIT_BAND,ru_RU,field_note,57,404.88,404.88,81.2,560.0,1,3,0.907,,C:/hades/Hecton8/Docs/Lore/AppliedContent/packets/RS085_CELESTIAL_EPHEMERIS_PUBLIC_BANDS.packets.json
RS085_CELESTIAL_EPHEMERIS_PUBLIC_BANDS,P424_BLACK_KEEL_TRANSFER_ORBIT_BAND,ja_JP,title,32,304.92,304.92,82.44,360.0,1,1,1.334,,C:/hades/Hecton8/Docs/Lore/AppliedContent/packets/RS085_CELESTIAL_EPHEMERIS_PUBLIC_BANDS.packets.json
RS085_CELESTIAL_EPHEMERIS_PUBLIC_BANDS,P424_BLACK_KEEL_TRANSFER_ORBIT_BAND,ja_JP,scanner,66,532.8,450.88,81.92,460.0,2,2,1.146,,C:/hades/Hecton8/Docs/Lore/AppliedContent/packets/RS085_CELESTIAL_EPHEMERIS_PUBLIC_BANDS.packets.json
RS085_CELESTIAL_EPHEMERIS_PUBLIC_BANDS,P424_BLACK_KEEL_TRANSFER_ORBIT_BAND,ja_JP,terminal,84,661.8,517.8,113.7,520.0,2,2,1.106,,C:/hades/Hecton8/Docs/Lore/AppliedContent/packets/RS085_CELESTIAL_EPHEMERIS_PUBLIC_BANDS.packets.json
RS085_CELESTIAL_EPHEMERIS_PUBLIC_BANDS,P424_BLACK_KEEL_TRANSFER_ORBIT_BAND,ja_JP,audio,89,813.24,564.48,86.4,620.0,2,2,1.19,,C:/hades/Hecton8/Docs/Lore/AppliedContent/packets/RS085_CELESTIAL_EPHEMERIS_PUBLIC_BANDS.packets.json
RS085_CELESTIAL_EPHEMERIS_PUBLIC_BANDS,P424_BLACK_KEEL_TRANSFER_ORBIT_BAND,ja_JP,in_game_wiki,114,881.1,616.8,80.4,620.0,2,5,1.14,,C:/hades/Hecton8/Docs/Lore/AppliedContent/packets/RS085_CELESTIAL_EPHEMERIS_PUBLIC_BANDS.packets.json
RS085_CELESTIAL_EPHEMERIS_PUBLIC_BANDS,P424_BLACK_KEEL_TRANSFER_ORBIT_BAND,ja_JP,external_site,129,1045.12,659.84,71.68,680.0,2,4,1.124,,C:/hades/Hecton8/Docs/Lore/AppliedContent/packets/RS085_CELESTIAL_EPHEMERIS_PUBLIC_BANDS.packets.json
RS085_CELESTIAL_EPHEMERIS_PUBLIC_BANDS,P424_BLACK_KEEL_TRANSFER_ORBIT_BAND,ja_JP,field_note,77,547.68,547.68,83.16,560.0,1,3,1.226,,C:/hades/Hecton8/Docs/Lore/AppliedContent/packets/RS085_CELESTIAL_EPHEMERIS_PUBLIC_BANDS.packets.json
RS085_CELESTIAL_EPHEMERIS_PUBLIC_BANDS,P424_BLACK_KEEL_TRANSFER_ORBIT_BAND,zh_CN,title,32,304.92,304.92,82.44,360.0,1,1,1.334,,C:/hades/Hecton8/Docs/Lore/AppliedContent/packets/RS085_CELESTIAL_EPHEMERIS_PUBLIC_BANDS.packets.json
RS085_CELESTIAL_EPHEMERIS_PUBLIC_BANDS,P424_BLACK_KEEL_TRANSFER_ORBIT_BAND,zh_CN,scanner,66,532.8,450.88,81.92,460.0,2,2,1.146,,C:/hades/Hecton8/Docs/Lore/AppliedContent/packets/RS085_CELESTIAL_EPHEMERIS_PUBLIC_BANDS.packets.json
RS085_CELESTIAL_EPHEMERIS_PUBLIC_BANDS,P424_BLACK_KEEL_TRANSFER_ORBIT_BAND,zh_CN,terminal,84,661.8,517.8,113.7,520.0,2,2,1.106,,C:/hades/Hecton8/Docs/Lore/AppliedContent/packets/RS085_CELESTIAL_EPHEMERIS_PUBLIC_BANDS.packets.json
RS085_CELESTIAL_EPHEMERIS_PUBLIC_BANDS,P424_BLACK_KEEL_TRANSFER_ORBIT_BAND,zh_CN,audio,89,813.24,564.48,86.4,620.0,2,2,1.19,,C:/hades/Hecton8/Docs/Lore/AppliedContent/packets/RS085_CELESTIAL_EPHEMERIS_PUBLIC_BANDS.packets.json
RS085_CELESTIAL_EPHEMERIS_PUBLIC_BANDS,P424_BLACK_KEEL_TRANSFER_ORBIT_BAND,zh_CN,in_game_wiki,114,881.1,616.8,80.4,620.0,2,5,1.14,,C:/hades/Hecton8/Docs/Lore/AppliedContent/packets/RS085_CELESTIAL_EPHEMERIS_PUBLIC_BANDS.packets.json
RS085_CELESTIAL_EPHEMERIS_PUBLIC_BANDS,P424_BLACK_KEEL_TRANSFER_ORBIT_BAND,zh_CN,external_site,129,1045.12,659.84,71.68,680.0,2,4,1.124,,C:/hades/Hecton8/Docs/Lore/AppliedContent/packets/RS085_CELESTIAL_EPHEMERIS_PUBLIC_BANDS.packets.json
RS085_CELESTIAL_EPHEMERIS_PUBLIC_BANDS,P424_BLACK_KEEL_TRANSFER_ORBIT_BAND,zh_CN,field_note,77,547.68,547.68,83.16,560.0,1,3,1.226,,C:/hades/Hecton8/Docs/Lore/AppliedContent/packets/RS085_CELESTIAL_EPHEMERIS_PUBLIC_BANDS.packets.json
RS085_CELESTIAL_EPHEMERIS_PUBLIC_BANDS,P424_BLACK_KEEL_TRANSFER_ORBIT_BAND,fr_FR,title,32,304.92,304.92,82.44,360.0,1,1,1.334,,C:/hades/Hecton8/Docs/Lore/AppliedContent/packets/RS085_CELESTIAL_EPHEMERIS_PUBLIC_BANDS.packets.json
RS085_CELESTIAL_EPHEMERIS_PUBLIC_BANDS,P424_BLACK_KEEL_TRANSFER_ORBIT_BAND,fr_FR,scanner,66,532.8,450.88,81.92,460.0,2,2,1.146,,C:/hades/Hecton8/Docs/Lore/AppliedContent/packets/RS085_CELESTIAL_EPHEMERIS_PUBLIC_BANDS.packets.json
RS085_CELESTIAL_EPHEMERIS_PUBLIC_BANDS,P424_BLACK_KEEL_TRANSFER_ORBIT_BAND,fr_FR,terminal,84,661.8,517.8,113.7,520.0,2,2,1.106,,C:/hades/Hecton8/Docs/Lore/AppliedContent/packets/RS085_CELESTIAL_EPHEMERIS_PUBLIC_BANDS.packets.json
RS085_CELESTIAL_EPHEMERIS_PUBLIC_BANDS,P424_BLACK_KEEL_TRANSFER_ORBIT_BAND,fr_FR,audio,89,813.24,564.48,86.4,620.0,2,2,1.19,,C:/hades/Hecton8/Docs/Lore/AppliedContent/packets/RS085_CELESTIAL_EPHEMERIS_PUBLIC_BANDS.packets.json
RS085_CELESTIAL_EPHEMERIS_PUBLIC_BANDS,P424_BLACK_KEEL_TRANSFER_ORBIT_BAND,fr_FR,in_game_wiki,114,881.1,616.8,80.4,620.0,2,5,1.14,,C:/hades/Hecton8/Docs/Lore/AppliedContent/packets/RS085_CELESTIAL_EPHEMERIS_PUBLIC_BANDS.packets.json
RS085_CELESTIAL_EPHEMERIS_PUBLIC_BANDS,P424_BLACK_KEEL_TRANSFER_ORBIT_BAND,fr_FR,external_site,129,1045.12,659.84,71.68,680.0,2,4,1.124,,C:/hades/Hecton8/Docs/Lore/AppliedContent/packets/RS085_CELESTIAL_EPHEMERIS_PUBLIC_BANDS.packets.json
RS085_CELESTIAL_EPHEMERIS_PUBLIC_BANDS,P424_BLACK_KEEL_TRANSFER_ORBIT_BAND,fr_FR,field_note,77,547.68,547.68,83.16,560.0,1,3,1.226,,C:/hades/Hecton8/Docs/Lore/AppliedContent/packets/RS085_CELESTIAL_EPHEMERIS_PUBLIC_BANDS.packets.json
RS085_CELESTIAL_EPHEMERIS_PUBLIC_BANDS,P424_BLACK_KEEL_TRANSFER_ORBIT_BAND,es_ES,title,32,304.92,304.92,82.44,360.0,1,1,1.334,,C:/hades/Hecton8/Docs/Lore/AppliedContent/packets/RS085_CELESTIAL_EPHEMERIS_PUBLIC_BANDS.packets.json
RS085_CELESTIAL_EPHEMERIS_PUBLIC_BANDS,P424_BLACK_KEEL_TRANSFER_ORBIT_BAND,es_ES,scanner,66,532.8,450.88,81.92,460.0,2,2,1.146,,C:/hades/Hecton8/Docs/Lore/AppliedContent/packets/RS085_CELESTIAL_EPHEMERIS_PUBLIC_BANDS.packets.json
RS085_CELESTIAL_EPHEMERIS_PUBLIC_BANDS,P424_BLACK_KEEL_TRANSFER_ORBIT_BAND,es_ES,terminal,84,661.8,517.8,113.7,520.0,2,2,1.106,,C:/hades/Hecton8/Docs/Lore/AppliedContent/packets/RS085_CELESTIAL_EPHEMERIS_PUBLIC_BANDS.packets.json
RS085_CELESTIAL_EPHEMERIS_PUBLIC_BANDS,P424_BLACK_KEEL_TRANSFER_ORBIT_BAND,es_ES,audio,89,813.24,564.48,86.4,620.0,2,2,1.19,,C:/hades/Hecton8/Docs/Lore/AppliedContent/packets/RS085_CELESTIAL_EPHEMERIS_PUBLIC_BANDS.packets.json
RS085_CELESTIAL_EPHEMERIS_PUBLIC_BANDS,P424_BLACK_KEEL_TRANSFER_ORBIT_BAND,es_ES,in_game_wiki,114,881.1,616.8,80.4,620.0,2,5,1.14,,C:/hades/Hecton8/Docs/Lore/AppliedContent/packets/RS085_CELESTIAL_EPHEMERIS_PUBLIC_BANDS.packets.json
RS085_CELESTIAL_EPHEMERIS_PUBLIC_BANDS,P424_BLACK_KEEL_TRANSFER_ORBIT_BAND,es_ES,external_site,129,1045.12,659.84,71.68,680.0,2,4,1.124,,C:/hades/Hecton8/Docs/Lore/AppliedContent/packets/RS085_CELESTIAL_EPHEMERIS_PUBLIC_BANDS.packets.json
RS085_CELESTIAL_EPHEMERIS_PUBLIC_BANDS,P424_BLACK_KEEL_TRANSFER_ORBIT_BAND,es_ES,field_note,77,547.68,547.68,83.16,560.0,1,3,1.226,,C:/hades/Hecton8/Docs/Lore/AppliedContent/packets/RS085_CELESTIAL_EPHEMERIS_PUBLIC_BANDS.packets.json
RS085_CELESTIAL_EPHEMERIS_PUBLIC_BANDS,P424_BLACK_KEEL_TRANSFER_ORBIT_BAND,de_DE,title,32,304.92,304.92,82.44,360.0,1,1,1.334,,C:/hades/Hecton8/Docs/Lore/AppliedContent/packets/RS085_CELESTIAL_EPHEMERIS_PUBLIC_BANDS.packets.json
RS085_CELESTIAL_EPHEMERIS_PUBLIC_BANDS,P424_BLACK_KEEL_TRANSFER_ORBIT_BAND,de_DE,scanner,66,532.8,450.88,81.92,460.0,2,2,1.146,,C:/hades/Hecton8/Docs/Lore/AppliedContent/packets/RS085_CELESTIAL_EPHEMERIS_PUBLIC_BANDS.packets.json
RS085_CELESTIAL_EPHEMERIS_PUBLIC_BANDS,P424_BLACK_KEEL_TRANSFER_ORBIT_BAND,de_DE,terminal,84,661.8,517.8,113.7,520.0,2,2,1.106,,C:/hades/Hecton8/Docs/Lore/AppliedContent/packets/RS085_CELESTIAL_EPHEMERIS_PUBLIC_BANDS.packets.json
RS085_CELESTIAL_EPHEMERIS_PUBLIC_BANDS,P424_BLACK_KEEL_TRANSFER_ORBIT_BAND,de_DE,audio,89,813.24,564.48,86.4,620.0,2,2,1.19,,C:/hades/Hecton8/Docs/Lore/AppliedContent/packets/RS085_CELESTIAL_EPHEMERIS_PUBLIC_BANDS.packets.json
RS085_CELESTIAL_EPHEMERIS_PUBLIC_BANDS,P424_BLACK_KEEL_TRANSFER_ORBIT_BAND,de_DE,in_game_wiki,114,881.1,616.8,80.4,620.0,2,5,1.14,,C:/hades/Hecton8/Docs/Lore/AppliedContent/packets/RS085_CELESTIAL_EPHEMERIS_PUBLIC_BANDS.packets.json
RS085_CELESTIAL_EPHEMERIS_PUBLIC_BANDS,P424_BLACK_KEEL_TRANSFER_ORBIT_BAND,de_DE,external_site,129,1045.12,659.84,71.68,680.0,2,4,1.124,,C:/hades/Hecton8/Docs/Lore/AppliedContent/packets/RS085_CELESTIAL_EPHEMERIS_PUBLIC_BANDS.packets.json
RS085_CELESTIAL_EPHEMERIS_PUBLIC_BANDS,P424_BLACK_KEEL_TRANSFER_ORBIT_BAND,de_DE,field_note,77,547.68,547.68,83.16,560.0,1,3,1.226,,C:/hades/Hecton8/Docs/Lore/AppliedContent/packets/RS085_CELESTIAL_EPHEMERIS_PUBLIC_BANDS.packets.json
RS085_CELESTIAL_EPHEMERIS_PUBLIC_BANDS,P424_BLACK_KEEL_TRANSFER_ORBIT_BAND,pl_PL,title,32,304.92,304.92,82.44,360.0,1,1,1.334,,C:/hades/Hecton8/Docs/Lore/AppliedContent/packets/RS085_CELESTIAL_EPHEMERIS_PUBLIC_BANDS.packets.json
RS085_CELESTIAL_EPHEMERIS_PUBLIC_BANDS,P424_BLACK_KEEL_TRANSFER_ORBIT_BAND,pl_PL,scanner,66,532.8,450.88,81.92,460.0,2,2,1.146,,C:/hades/Hecton8/Docs/Lore/AppliedContent/packets/RS085_CELESTIAL_EPHEMERIS_PUBLIC_BANDS.packets.json
RS085_CELESTIAL_EPHEMERIS_PUBLIC_BANDS,P424_BLACK_KEEL_TRANSFER_ORBIT_BAND,pl_PL,terminal,84,661.8,517.8,113.7,520.0,2,2,1.106,,C:/hades/Hecton8/Docs/Lore/AppliedContent/packets/RS085_CELESTIAL_EPHEMERIS_PUBLIC_BANDS.packets.json
RS085_CELESTIAL_EPHEMERIS_PUBLIC_BANDS,P424_BLACK_KEEL_TRANSFER_ORBIT_BAND,pl_PL,audio,89,813.24,564.48,86.4,620.0,2,2,1.19,,C:/hades/Hecton8/Docs/Lore/AppliedContent/packets/RS085_CELESTIAL_EPHEMERIS_PUBLIC_BANDS.packets.json
RS085_CELESTIAL_EPHEMERIS_PUBLIC_BANDS,P424_BLACK_KEEL_TRANSFER_ORBIT_BAND,pl_PL,in_game_wiki,114,881.1,616.8,80.4,620.0,2,5,1.14,,C:/hades/Hecton8/Docs/Lore/AppliedContent/packets/RS085_CELESTIAL_EPHEMERIS_PUBLIC_BANDS.packets.json
RS085_CELESTIAL_EPHEMERIS_PUBLIC_BANDS,P424_BLACK_KEEL_TRANSFER_ORBIT_BAND,pl_PL,external_site,129,1045.12,659.84,71.68,680.0,2,4,1.124,,C:/hades/Hecton8/Docs/Lore/AppliedContent/packets/RS085_CELESTIAL_EPHEMERIS_PUBLIC_BANDS.packets.json
RS085_CELESTIAL_EPHEMERIS_PUBLIC_BANDS,P424_BLACK_KEEL_TRANSFER_ORBIT_BAND,pl_PL,field_note,77,547.68,547.68,83.16,560.0,1,3,1.226,,C:/hades/Hecton8/Docs/Lore/AppliedContent/packets/RS085_CELESTIAL_EPHEMERIS_PUBLIC_BANDS.packets.json
RS085_CELESTIAL_EPHEMERIS_PUBLIC_BANDS,P424_BLACK_KEEL_TRANSFER_ORBIT_BAND,uk_UA,title,32,304.92,304.92,82.44,360.0,1,1,1.334,,C:/hades/Hecton8/Docs/Lore/AppliedContent/packets/RS085_CELESTIAL_EPHEMERIS_PUBLIC_BANDS.packets.json
RS085_CELESTIAL_EPHEMERIS_PUBLIC_BANDS,P424_BLACK_KEEL_TRANSFER_ORBIT_BAND,uk_UA,scanner,66,532.8,450.88,81.92,460.0,2,2,1.146,,C:/hades/Hecton8/Docs/Lore/AppliedContent/packets/RS085_CELESTIAL_EPHEMERIS_PUBLIC_BANDS.packets.json
RS085_CELESTIAL_EPHEMERIS_PUBLIC_BANDS,P424_BLACK_KEEL_TRANSFER_ORBIT_BAND,uk_UA,terminal,84,661.8,517.8,113.7,520.0,2,2,1.106,,C:/hades/Hecton8/Docs/Lore/AppliedContent/packets/RS085_CELESTIAL_EPHEMERIS_PUBLIC_BANDS.packets.json
RS085_CELESTIAL_EPHEMERIS_PUBLIC_BANDS,P424_BLACK_KEEL_TRANSFER_ORBIT_BAND,uk_UA,audio,89,813.24,564.48,86.4,620.0,2,2,1.19,,C:/hades/Hecton8/Docs/Lore/AppliedContent/packets/RS085_CELESTIAL_EPHEMERIS_PUBLIC_BANDS.packets.json
RS085_CELESTIAL_EPHEMERIS_PUBLIC_BANDS,P424_BLACK_KEEL_TRANSFER_ORBIT_BAND,uk_UA,in_game_wiki,114,881.1,616.8,80.4,620.0,2,5,1.14,,C:/hades/Hecton8/Docs/Lore/AppliedContent/packets/RS085_CELESTIAL_EPHEMERIS_PUBLIC_BANDS.packets.json
RS085_CELESTIAL_EPHEMERIS_PUBLIC_BANDS,P424_BLACK_KEEL_TRANSFER_ORBIT_BAND,uk_UA,external_site,129,1045.12,659.84,71.68,680.0,2,4,1.124,,C:/hades/Hecton8/Docs/Lore/AppliedContent/packets/RS085_CELESTIAL_EPHEMERIS_PUBLIC_BANDS.packets.json
RS085_CELESTIAL_EPHEMERIS_PUBLIC_BANDS,P424_BLACK_KEEL_TRANSFER_ORBIT_BAND,uk_UA,field_note,77,547.68,547.68,83.16,560.0,1,3,1.226,,C:/hades/Hecton8/Docs/Lore/AppliedContent/packets/RS085_CELESTIAL_EPHEMERIS_PUBLIC_BANDS.packets.json
RS085_CELESTIAL_EPHEMERIS_PUBLIC_BANDS,P424_BLACK_KEEL_TRANSFER_ORBIT_BAND,ar_SA,title,32,304.92,304.92,82.44,360.0,1,1,1.334,,C:/hades/Hecton8/Docs/Lore/AppliedContent/packets/RS085_CELESTIAL_EPHEMERIS_PUBLIC_BANDS.packets.json
RS085_CELESTIAL_EPHEMERIS_PUBLIC_BANDS,P424_BLACK_KEEL_TRANSFER_ORBIT_BAND,ar_SA,scanner,66,532.8,450.88,81.92,460.0,2,2,1.146,,C:/hades/Hecton8/Docs/Lore/AppliedContent/packets/RS085_CELESTIAL_EPHEMERIS_PUBLIC_BANDS.packets.json
RS085_CELESTIAL_EPHEMERIS_PUBLIC_BANDS,P424_BLACK_KEEL_TRANSFER_ORBIT_BAND,ar_SA,terminal,84,661.8,517.8,113.7,520.0,2,2,1.106,,C:/hades/Hecton8/Docs/Lore/AppliedContent/packets/RS085_CELESTIAL_EPHEMERIS_PUBLIC_BANDS.packets.json
RS085_CELESTIAL_EPHEMERIS_PUBLIC_BANDS,P424_BLACK_KEEL_TRANSFER_ORBIT_BAND,ar_SA,audio,89,813.24,564.48,86.4,620.0,2,2,1.19,,C:/hades/Hecton8/Docs/Lore/AppliedContent/packets/RS085_CELESTIAL_EPHEMERIS_PUBLIC_BANDS.packets.json
RS085_CELESTIAL_EPHEMERIS_PUBLIC_BANDS,P424_BLACK_KEEL_TRANSFER_ORBIT_BAND,ar_SA,in_game_wiki,114,881.1,616.8,80.4,620.0,2,5,1.14,,C:/hades/Hecton8/Docs/Lore/AppliedContent/packets/RS085_CELESTIAL_EPHEMERIS_PUBLIC_BANDS.packets.json
RS085_CELESTIAL_EPHEMERIS_PUBLIC_BANDS,P424_BLACK_KEEL_TRANSFER_ORBIT_BAND,ar_SA,external_site,129,1045.12,659.84,71.68,680.0,2,4,1.124,,C:/hades/Hecton8/Docs/Lore/AppliedContent/packets/RS085_CELESTIAL_EPHEMERIS_PUBLIC_BANDS.packets.json
RS085_CELESTIAL_EPHEMERIS_PUBLIC_BANDS,P424_BLACK_KEEL_TRANSFER_ORBIT_BAND,ar_SA,field_note,77,547.68,547.68,83.16,560.0,1,3,1.226,,C:/hades/Hecton8/Docs/Lore/AppliedContent/packets/RS085_CELESTIAL_EPHEMERIS_PUBLIC_BANDS.packets.json
RS085_CELESTIAL_EPHEMERIS_PUBLIC_BANDS,P424_BLACK_KEEL_TRANSFER_ORBIT_BAND,id_ID,title,32,304.92,304.92,82.44,360.0,1,1,1.334,,C:/hades/Hecton8/Docs/Lore/AppliedContent/packets/RS085_CELESTIAL_EPHEMERIS_PUBLIC_BANDS.packets.json
RS085_CELESTIAL_EPHEMERIS_PUBLIC_BANDS,P424_BLACK_KEEL_TRANSFER_ORBIT_BAND,id_ID,scanner,66,532.8,450.88,81.92,460.0,2,2,1.146,,C:/hades/Hecton8/Docs/Lore/AppliedContent/packets/RS085_CELESTIAL_EPHEMERIS_PUBLIC_BANDS.packets.json
RS085_CELESTIAL_EPHEMERIS_PUBLIC_BANDS,P424_BLACK_KEEL_TRANSFER_ORBIT_BAND,id_ID,terminal,84,661.8,517.8,113.7,520.0,2,2,1.106,,C:/hades/Hecton8/Docs/Lore/AppliedContent/packets/RS085_CELESTIAL_EPHEMERIS_PUBLIC_BANDS.packets.json
RS085_CELESTIAL_EPHEMERIS_PUBLIC_BANDS,P424_BLACK_KEEL_TRANSFER_ORBIT_BAND,id_ID,audio,89,813.24,564.48,86.4,620.0,2,2,1.19,,C:/hades/Hecton8/Docs/Lore/AppliedContent/packets/RS085_CELESTIAL_EPHEMERIS_PUBLIC_BANDS.packets.json
RS085_CELESTIAL_EPHEMERIS_PUBLIC_BANDS,P424_BLACK_KEEL_TRANSFER_ORBIT_BAND,id_ID,in_game_wiki,114,881.1,616.8,80.4,620.0,2,5,1.14,,C:/hades/Hecton8/Docs/Lore/AppliedContent/packets/RS085_CELESTIAL_EPHEMERIS_PUBLIC_BANDS.packets.json
RS085_CELESTIAL_EPHEMERIS_PUBLIC_BANDS,P424_BLACK_KEEL_TRANSFER_ORBIT_BAND,id_ID,external_site,129,1045.12,659.84,71.68,680.0,2,4,1.124,,C:/hades/Hecton8/Docs/Lore/AppliedContent/packets/RS085_CELESTIAL_EPHEMERIS_PUBLIC_BANDS.packets.json
RS085_CELESTIAL_EPHEMERIS_PUBLIC_BANDS,P424_BLACK_KEEL_TRANSFER_ORBIT_BAND,id_ID,field_note,77,547.68,547.68,83.16,560.0,1,3,1.226,,C:/hades/Hecton8/Docs/Lore/AppliedContent/packets/RS085_CELESTIAL_EPHEMERIS_PUBLIC_BANDS.packets.json
RS085_CELESTIAL_EPHEMERIS_PUBLIC_BANDS,P424_BLACK_KEEL_TRANSFER_ORBIT_BAND,ko_KR,title,32,304.92,304.92,82.44,360.0,1,1,1.334,,C:/hades/Hecton8/Docs/Lore/AppliedContent/packets/RS085_CELESTIAL_EPHEMERIS_PUBLIC_BANDS.packets.json
RS085_CELESTIAL_EPHEMERIS_PUBLIC_BANDS,P424_BLACK_KEEL_TRANSFER_ORBIT_BAND,ko_KR,scanner,66,532.8,450.88,81.92,460.0,2,2,1.146,,C:/hades/Hecton8/Docs/Lore/AppliedContent/packets/RS085_CELESTIAL_EPHEMERIS_PUBLIC_BANDS.packets.json
RS085_CELESTIAL_EPHEMERIS_PUBLIC_BANDS,P424_BLACK_KEEL_TRANSFER_ORBIT_BAND,ko_KR,terminal,84,661.8,517.8,113.7,520.0,2,2,1.106,,C:/hades/Hecton8/Docs/Lore/AppliedContent/packets/RS085_CELESTIAL_EPHEMERIS_PUBLIC_BANDS.packets.json
RS085_CELESTIAL_EPHEMERIS_PUBLIC_BANDS,P424_BLACK_KEEL_TRANSFER_ORBIT_BAND,ko_KR,audio,89,813.24,564.48,86.4,620.0,2,2,1.19,,C:/hades/Hecton8/Docs/Lore/AppliedContent/packets/RS085_CELESTIAL_EPHEMERIS_PUBLIC_BANDS.packets.json
RS085_CELESTIAL_EPHEMERIS_PUBLIC_BANDS,P424_BLACK_KEEL_TRANSFER_ORBIT_BAND,ko_KR,in_game_wiki,114,881.1,616.8,80.4,620.0,2,5,1.14,,C:/hades/Hecton8/Docs/Lore/AppliedContent/packets/RS085_CELESTIAL_EPHEMERIS_PUBLIC_BANDS.packets.json
RS085_CELESTIAL_EPHEMERIS_PUBLIC_BANDS,P424_BLACK_KEEL_TRANSFER_ORBIT_BAND,ko_KR,external_site,129,1045.12,659.84,71.68,680.0,2,4,1.124,,C:/hades/Hecton8/Docs/Lore/AppliedContent/packets/RS085_CELESTIAL_EPHEMERIS_PUBLIC_BANDS.packets.json
RS085_CELESTIAL_EPHEMERIS_PUBLIC_BANDS,P424_BLACK_KEEL_TRANSFER_ORBIT_BAND,ko_KR,field_note,77,547.68,547.68,83.16,560.0,1,3,1.226,,C:/hades/Hecton8/Docs/Lore/AppliedContent/packets/RS085_CELESTIAL_EPHEMERIS_PUBLIC_BANDS.packets.json
RS085_CELESTIAL_EPHEMERIS_PUBLIC_BANDS,P424_BLACK_KEEL_TRANSFER_ORBIT_BAND,he_IL,title,32,304.92,304.92,82.44,360.0,1,1,1.334,,C:/hades/Hecton8/Docs/Lore/AppliedContent/packets/RS085_CELESTIAL_EPHEMERIS_PUBLIC_BANDS.packets.json
RS085_CELESTIAL_EPHEMERIS_PUBLIC_BANDS,P424_BLACK_KEEL_TRANSFER_ORBIT_BAND,he_IL,scanner,66,532.8,450.88,81.92,460.0,2,2,1.146,,C:/hades/Hecton8/Docs/Lore/AppliedContent/packets/RS085_CELESTIAL_EPHEMERIS_PUBLIC_BANDS.packets.json
RS085_CELESTIAL_EPHEMERIS_PUBLIC_BANDS,P424_BLACK_KEEL_TRANSFER_ORBIT_BAND,he_IL,terminal,84,661.8,517.8,113.7,520.0,2,2,1.106,,C:/hades/Hecton8/Docs/Lore/AppliedContent/packets/RS085_CELESTIAL_EPHEMERIS_PUBLIC_BANDS.packets.json
RS085_CELESTIAL_EPHEMERIS_PUBLIC_BANDS,P424_BLACK_KEEL_TRANSFER_ORBIT_BAND,he_IL,audio,89,813.24,564.48,86.4,620.0,2,2,1.19,,C:/hades/Hecton8/Docs/Lore/AppliedContent/packets/RS085_CELESTIAL_EPHEMERIS_PUBLIC_BANDS.packets.json
RS085_CELESTIAL_EPHEMERIS_PUBLIC_BANDS,P424_BLACK_KEEL_TRANSFER_ORBIT_BAND,he_IL,in_game_wiki,114,881.1,616.8,80.4,620.0,2,5,1.14,,C:/hades/Hecton8/Docs/Lore/AppliedContent/packets/RS085_CELESTIAL_EPHEMERIS_PUBLIC_BANDS.packets.json
RS085_CELESTIAL_EPHEMERIS_PUBLIC_BANDS,P424_BLACK_KEEL_TRANSFER_ORBIT_BAND,he_IL,external_site,129,1045.12,659.84,71.68,680.0,2,4,1.124,,C:/hades/Hecton8/Docs/Lore/AppliedContent/packets/RS085_CELESTIAL_EPHEMERIS_PUBLIC_BANDS.packets.json
RS085_CELESTIAL_EPHEMERIS_PUBLIC_BANDS,P424_BLACK_KEEL_TRANSFER_ORBIT_BAND,he_IL,field_note,77,547.68,547.68,83.16,560.0,1,3,1.226,,C:/hades/Hecton8/Docs/Lore/AppliedContent/packets/RS085_CELESTIAL_EPHEMERIS_PUBLIC_BANDS.packets.json
RS085_CELESTIAL_EPHEMERIS_PUBLIC_BANDS,P424_BLACK_KEEL_TRANSFER_ORBIT_BAND,pt_BR,title,35,334.8,334.8,82.44,360.0,1,1,1.465,TEXT_EXPANSION_GT_1_35,C:/hades/Hecton8/Docs/Lore/AppliedContent/packets/RS085_CELESTIAL_EPHEMERIS_PUBLIC_BANDS.packets.json
RS085_CELESTIAL_EPHEMERIS_PUBLIC_BANDS,P424_BLACK_KEEL_TRANSFER_ORBIT_BAND,pt_BR,scanner,69,559.36,427.2,81.92,460.0,2,2,1.203,,C:/hades/Hecton8/Docs/Lore/AppliedContent/packets/RS085_CELESTIAL_EPHEMERIS_PUBLIC_BANDS.packets.json
RS085_CELESTIAL_EPHEMERIS_PUBLIC_BANDS,P424_BLACK_KEEL_TRANSFER_ORBIT_BAND,pt_BR,terminal,87,686.7,485.7,113.7,520.0,2,2,1.148,,C:/hades/Hecton8/Docs/Lore/AppliedContent/packets/RS085_CELESTIAL_EPHEMERIS_PUBLIC_BANDS.packets.json
RS085_CELESTIAL_EPHEMERIS_PUBLIC_BANDS,P424_BLACK_KEEL_TRANSFER_ORBIT_BAND,pt_BR,audio,89,813.24,564.48,86.4,620.0,2,2,1.19,,C:/hades/Hecton8/Docs/Lore/AppliedContent/packets/RS085_CELESTIAL_EPHEMERIS_PUBLIC_BANDS.packets.json
RS085_CELESTIAL_EPHEMERIS_PUBLIC_BANDS,P424_BLACK_KEEL_TRANSFER_ORBIT_BAND,pt_BR,in_game_wiki,114,881.1,616.8,80.4,620.0,2,5,1.14,,C:/hades/Hecton8/Docs/Lore/AppliedContent/packets/RS085_CELESTIAL_EPHEMERIS_PUBLIC_BANDS.packets.json
RS085_CELESTIAL_EPHEMERIS_PUBLIC_BANDS,P424_BLACK_KEEL_TRANSFER_ORBIT_BAND,pt_BR,external_site,129,1045.12,659.84,71.68,680.0,2,4,1.124,,C:/hades/Hecton8/Docs/Lore/AppliedContent/packets/RS085_CELESTIAL_EPHEMERIS_PUBLIC_BANDS.packets.json
RS085_CELESTIAL_EPHEMERIS_PUBLIC_BANDS,P424_BLACK_KEEL_TRANSFER_ORBIT_BAND,pt_BR,field_note,77,547.68,547.68,83.16,560.0,1,3,1.226,,C:/hades/Hecton8/Docs/Lore/AppliedContent/packets/RS085_CELESTIAL_EPHEMERIS_PUBLIC_BANDS.packets.json
RS085_CELESTIAL_EPHEMERIS_PUBLIC_BANDS,P424_BLACK_KEEL_TRANSFER_ORBIT_BAND,nl_NL,title,32,304.92,304.92,82.44,360.0,1,1,1.334,,C:/hades/Hecton8/Docs/Lore/AppliedContent/packets/RS085_CELESTIAL_EPHEMERIS_PUBLIC_BANDS.packets.json
RS085_CELESTIAL_EPHEMERIS_PUBLIC_BANDS,P424_BLACK_KEEL_TRANSFER_ORBIT_BAND,nl_NL,scanner,66,532.8,450.88,81.92,460.0,2,2,1.146,,C:/hades/Hecton8/Docs/Lore/AppliedContent/packets/RS085_CELESTIAL_EPHEMERIS_PUBLIC_BANDS.packets.json
RS085_CELESTIAL_EPHEMERIS_PUBLIC_BANDS,P424_BLACK_KEEL_TRANSFER_ORBIT_BAND,nl_NL,terminal,84,661.8,517.8,113.7,520.0,2,2,1.106,,C:/hades/Hecton8/Docs/Lore/AppliedContent/packets/RS085_CELESTIAL_EPHEMERIS_PUBLIC_BANDS.packets.json
RS085_CELESTIAL_EPHEMERIS_PUBLIC_BANDS,P424_BLACK_KEEL_TRANSFER_ORBIT_BAND,nl_NL,audio,89,813.24,564.48,86.4,620.0,2,2,1.19,,C:/hades/Hecton8/Docs/Lore/AppliedContent/packets/RS085_CELESTIAL_EPHEMERIS_PUBLIC_BANDS.packets.json
RS085_CELESTIAL_EPHEMERIS_PUBLIC_BANDS,P424_BLACK_KEEL_TRANSFER_ORBIT_BAND,nl_NL,in_game_wiki,114,881.1,616.8,80.4,620.0,2,5,1.14,,C:/hades/Hecton8/Docs/Lore/AppliedContent/packets/RS085_CELESTIAL_EPHEMERIS_PUBLIC_BANDS.packets.json
RS085_CELESTIAL_EPHEMERIS_PUBLIC_BANDS,P424_BLACK_KEEL_TRANSFER_ORBIT_BAND,nl_NL,external_site,129,1045.12,659.84,71.68,680.0,2,4,1.124,,C:/hades/Hecton8/Docs/Lore/AppliedContent/packets/RS085_CELESTIAL_EPHEMERIS_PUBLIC_BANDS.packets.json
RS085_CELESTIAL_EPHEMERIS_PUBLIC_BANDS,P424_BLACK_KEEL_TRANSFER_ORBIT_BAND,nl_NL,field_note,77,547.68,547.68,83.16,560.0,1,3,1.226,,C:/hades/Hecton8/Docs/Lore/AppliedContent/packets/RS085_CELESTIAL_EPHEMERIS_PUBLIC_BANDS.packets.json
RS085_CELESTIAL_EPHEMERIS_PUBLIC_BANDS,P425_PUBLIC_EPHEMERIS_TABLE_HANDOFF_RULE,en_US,title,22,215.28,215.28,92.88,360.0,1,1,1.0,,C:/hades/Hecton8/Docs/Lore/AppliedContent/packets/RS085_CELESTIAL_EPHEMERIS_PUBLIC_BANDS.packets.json
RS085_CELESTIAL_EPHEMERIS_PUBLIC_BANDS,P425_PUBLIC_EPHEMERIS_TABLE_HANDOFF_RULE,en_US,scanner,73,591.68,450.88,99.52,460.0,2,2,1.0,,C:/hades/Hecton8/Docs/Lore/AppliedContent/packets/RS085_CELESTIAL_EPHEMERIS_PUBLIC_BANDS.packets.json
RS085_CELESTIAL_EPHEMERIS_PUBLIC_BANDS,P425_PUBLIC_EPHEMERIS_TABLE_HANDOFF_RULE,en_US,terminal,81,625.8,506.1,73.2,520.0,2,2,1.0,,C:/hades/Hecton8/Docs/Lore/AppliedContent/packets/RS085_CELESTIAL_EPHEMERIS_PUBLIC_BANDS.packets.json
RS085_CELESTIAL_EPHEMERIS_PUBLIC_BANDS,P425_PUBLIC_EPHEMERIS_TABLE_HANDOFF_RULE,en_US,audio,45,432.72,432.72,77.04,620.0,1,2,1.0,,C:/hades/Hecton8/Docs/Lore/AppliedContent/packets/RS085_CELESTIAL_EPHEMERIS_PUBLIC_BANDS.packets.json
RS085_CELESTIAL_EPHEMERIS_PUBLIC_BANDS,P425_PUBLIC_EPHEMERIS_TABLE_HANDOFF_RULE,en_US,in_game_wiki,97,726.6,603.6,78.6,620.0,2,5,1.0,,C:/hades/Hecton8/Docs/Lore/AppliedContent/packets/RS085_CELESTIAL_EPHEMERIS_PUBLIC_BANDS.packets.json
RS085_CELESTIAL_EPHEMERIS_PUBLIC_BANDS,P425_PUBLIC_EPHEMERIS_TABLE_HANDOFF_RULE,en_US,external_site,112,917.12,673.92,80.96,680.0,2,4,1.0,,C:/hades/Hecton8/Docs/Lore/AppliedContent/packets/RS085_CELESTIAL_EPHEMERIS_PUBLIC_BANDS.packets.json
RS085_CELESTIAL_EPHEMERIS_PUBLIC_BANDS,P425_PUBLIC_EPHEMERIS_TABLE_HANDOFF_RULE,en_US,field_note,97,697.48,523.32,101.08,560.0,2,3,1.0,,C:/hades/Hecton8/Docs/Lore/AppliedContent/packets/RS085_CELESTIAL_EPHEMERIS_PUBLIC_BANDS.packets.json
RS085_CELESTIAL_EPHEMERIS_PUBLIC_BANDS,P425_PUBLIC_EPHEMERIS_TABLE_HANDOFF_RULE,ru_RU,title,25,248.04,248.04,91.08,360.0,1,1,1.152,,C:/hades/Hecton8/Docs/Lore/AppliedContent/packets/RS085_CELESTIAL_EPHEMERIS_PUBLIC_BANDS.packets.json
RS085_CELESTIAL_EPHEMERIS_PUBLIC_BANDS,P425_PUBLIC_EPHEMERIS_TABLE_HANDOFF_RULE,ru_RU,scanner,52,445.12,445.12,78.4,460.0,1,2,0.752,,C:/hades/Hecton8/Docs/Lore/AppliedContent/packets/RS085_CELESTIAL_EPHEMERIS_PUBLIC_BANDS.packets.json
RS085_CELESTIAL_EPHEMERIS_PUBLIC_BANDS,P425_PUBLIC_EPHEMERIS_TABLE_HANDOFF_RULE,ru_RU,terminal,65,519.6,519.6,73.2,520.0,1,2,0.83,,C:/hades/Hecton8/Docs/Lore/AppliedContent/packets/RS085_CELESTIAL_EPHEMERIS_PUBLIC_BANDS.packets.json
RS085_CELESTIAL_EPHEMERIS_PUBLIC_BANDS,P425_PUBLIC_EPHEMERIS_TABLE_HANDOFF_RULE,ru_RU,audio,43,416.88,416.88,98.64,620.0,1,2,0.963,,C:/hades/Hecton8/Docs/Lore/AppliedContent/packets/RS085_CELESTIAL_EPHEMERIS_PUBLIC_BANDS.packets.json
RS085_CELESTIAL_EPHEMERIS_PUBLIC_BANDS,P425_PUBLIC_EPHEMERIS_TABLE_HANDOFF_RULE,ru_RU,in_game_wiki,103,801.9,584.4,95.7,620.0,2,5,1.104,,C:/hades/Hecton8/Docs/Lore/AppliedContent/packets/RS085_CELESTIAL_EPHEMERIS_PUBLIC_BANDS.packets.json
RS085_CELESTIAL_EPHEMERIS_PUBLIC_BANDS,P425_PUBLIC_EPHEMERIS_TABLE_HANDOFF_RULE,ru_RU,external_site,105,903.36,610.88,92.8,680.0,2,4,0.985,,C:/hades/Hecton8/Docs/Lore/AppliedContent/packets/RS085_CELESTIAL_EPHEMERIS_PUBLIC_BANDS.packets.json
RS085_CELESTIAL_EPHEMERIS_PUBLIC_BANDS,P425_PUBLIC_EPHEMERIS_TABLE_HANDOFF_RULE,ru_RU,field_note,91,678.16,535.92,159.04,560.0,2,3,0.972,,C:/hades/Hecton8/Docs/Lore/AppliedContent/packets/RS085_CELESTIAL_EPHEMERIS_PUBLIC_BANDS.packets.json
RS085_CELESTIAL_EPHEMERIS_PUBLIC_BANDS,P425_PUBLIC_EPHEMERIS_TABLE_HANDOFF_RULE,ja_JP,title,30,291.6,291.6,92.88,360.0,1,1,1.355,TEXT_EXPANSION_GT_1_35,C:/hades/Hecton8/Docs/Lore/AppliedContent/packets/RS085_CELESTIAL_EPHEMERIS_PUBLIC_BANDS.packets.json
RS085_CELESTIAL_EPHEMERIS_PUBLIC_BANDS,P425_PUBLIC_EPHEMERIS_TABLE_HANDOFF_RULE,ja_JP,scanner,81,659.52,446.4,99.52,460.0,2,2,1.115,,C:/hades/Hecton8/Docs/Lore/AppliedContent/packets/RS085_CELESTIAL_EPHEMERIS_PUBLIC_BANDS.packets.json
RS085_CELESTIAL_EPHEMERIS_PUBLIC_BANDS,P425_PUBLIC_EPHEMERIS_TABLE_HANDOFF_RULE,ja_JP,terminal,89,689.4,513.0,73.2,520.0,2,2,1.102,,C:/hades/Hecton8/Docs/Lore/AppliedContent/packets/RS085_CELESTIAL_EPHEMERIS_PUBLIC_BANDS.packets.json
RS085_CELESTIAL_EPHEMERIS_PUBLIC_BANDS,P425_PUBLIC_EPHEMERIS_TABLE_HANDOFF_RULE,ja_JP,audio,58,562.68,562.68,77.04,620.0,1,2,1.3,,C:/hades/Hecton8/Docs/Lore/AppliedContent/packets/RS085_CELESTIAL_EPHEMERIS_PUBLIC_BANDS.packets.json
RS085_CELESTIAL_EPHEMERIS_PUBLIC_BANDS,P425_PUBLIC_EPHEMERIS_TABLE_HANDOFF_RULE,ja_JP,in_game_wiki,110,834.9,612.9,78.6,620.0,2,5,1.149,,C:/hades/Hecton8/Docs/Lore/AppliedContent/packets/RS085_CELESTIAL_EPHEMERIS_PUBLIC_BANDS.packets.json
RS085_CELESTIAL_EPHEMERIS_PUBLIC_BANDS,P425_PUBLIC_EPHEMERIS_TABLE_HANDOFF_RULE,ja_JP,external_site,125,1032.64,644.16,80.96,680.0,2,4,1.126,,C:/hades/Hecton8/Docs/Lore/AppliedContent/packets/RS085_CELESTIAL_EPHEMERIS_PUBLIC_BANDS.packets.json
RS085_CELESTIAL_EPHEMERIS_PUBLIC_BANDS,P425_PUBLIC_EPHEMERIS_TABLE_HANDOFF_RULE,ja_JP,field_note,110,798.56,544.32,101.08,560.0,2,3,1.145,,C:/hades/Hecton8/Docs/Lore/AppliedContent/packets/RS085_CELESTIAL_EPHEMERIS_PUBLIC_BANDS.packets.json
RS085_CELESTIAL_EPHEMERIS_PUBLIC_BANDS,P425_PUBLIC_EPHEMERIS_TABLE_HANDOFF_RULE,zh_CN,title,30,291.6,291.6,92.88,360.0,1,1,1.355,TEXT_EXPANSION_GT_1_35,C:/hades/Hecton8/Docs/Lore/AppliedContent/packets/RS085_CELESTIAL_EPHEMERIS_PUBLIC_BANDS.packets.json
RS085_CELESTIAL_EPHEMERIS_PUBLIC_BANDS,P425_PUBLIC_EPHEMERIS_TABLE_HANDOFF_RULE,zh_CN,scanner,81,659.52,446.4,99.52,460.0,2,2,1.115,,C:/hades/Hecton8/Docs/Lore/AppliedContent/packets/RS085_CELESTIAL_EPHEMERIS_PUBLIC_BANDS.packets.json
RS085_CELESTIAL_EPHEMERIS_PUBLIC_BANDS,P425_PUBLIC_EPHEMERIS_TABLE_HANDOFF_RULE,zh_CN,terminal,89,689.4,513.0,73.2,520.0,2,2,1.102,,C:/hades/Hecton8/Docs/Lore/AppliedContent/packets/RS085_CELESTIAL_EPHEMERIS_PUBLIC_BANDS.packets.json
RS085_CELESTIAL_EPHEMERIS_PUBLIC_BANDS,P425_PUBLIC_EPHEMERIS_TABLE_HANDOFF_RULE,zh_CN,audio,58,562.68,562.68,77.04,620.0,1,2,1.3,,C:/hades/Hecton8/Docs/Lore/AppliedContent/packets/RS085_CELESTIAL_EPHEMERIS_PUBLIC_BANDS.packets.json
RS085_CELESTIAL_EPHEMERIS_PUBLIC_BANDS,P425_PUBLIC_EPHEMERIS_TABLE_HANDOFF_RULE,zh_CN,in_game_wiki,110,834.9,612.9,78.6,620.0,2,5,1.149,,C:/hades/Hecton8/Docs/Lore/AppliedContent/packets/RS085_CELESTIAL_EPHEMERIS_PUBLIC_BANDS.packets.json
RS085_CELESTIAL_EPHEMERIS_PUBLIC_BANDS,P425_PUBLIC_EPHEMERIS_TABLE_HANDOFF_RULE,zh_CN,external_site,125,1032.64,644.16,80.96,680.0,2,4,1.126,,C:/hades/Hecton8/Docs/Lore/AppliedContent/packets/RS085_CELESTIAL_EPHEMERIS_PUBLIC_BANDS.packets.json
RS085_CELESTIAL_EPHEMERIS_PUBLIC_BANDS,P425_PUBLIC_EPHEMERIS_TABLE_HANDOFF_RULE,zh_CN,field_note,110,798.56,544.32,101.08,560.0,2,3,1.145,,C:/hades/Hecton8/Docs/Lore/AppliedContent/packets/RS085_CELESTIAL_EPHEMERIS_PUBLIC_BANDS.packets.json
RS085_CELESTIAL_EPHEMERIS_PUBLIC_BANDS,P425_PUBLIC_EPHEMERIS_TABLE_HANDOFF_RULE,fr_FR,title,30,291.6,291.6,92.88,360.0,1,1,1.355,TEXT_EXPANSION_GT_1_35,C:/hades/Hecton8/Docs/Lore/AppliedContent/packets/RS085_CELESTIAL_EPHEMERIS_PUBLIC_BANDS.packets.json
RS085_CELESTIAL_EPHEMERIS_PUBLIC_BANDS,P425_PUBLIC_EPHEMERIS_TABLE_HANDOFF_RULE,fr_FR,scanner,81,659.52,446.4,99.52,460.0,2,2,1.115,,C:/hades/Hecton8/Docs/Lore/AppliedContent/packets/RS085_CELESTIAL_EPHEMERIS_PUBLIC_BANDS.packets.json
RS085_CELESTIAL_EPHEMERIS_PUBLIC_BANDS,P425_PUBLIC_EPHEMERIS_TABLE_HANDOFF_RULE,fr_FR,terminal,89,689.4,513.0,73.2,520.0,2,2,1.102,,C:/hades/Hecton8/Docs/Lore/AppliedContent/packets/RS085_CELESTIAL_EPHEMERIS_PUBLIC_BANDS.packets.json
RS085_CELESTIAL_EPHEMERIS_PUBLIC_BANDS,P425_PUBLIC_EPHEMERIS_TABLE_HANDOFF_RULE,fr_FR,audio,58,562.68,562.68,77.04,620.0,1,2,1.3,,C:/hades/Hecton8/Docs/Lore/AppliedContent/packets/RS085_CELESTIAL_EPHEMERIS_PUBLIC_BANDS.packets.json
RS085_CELESTIAL_EPHEMERIS_PUBLIC_BANDS,P425_PUBLIC_EPHEMERIS_TABLE_HANDOFF_RULE,fr_FR,in_game_wiki,110,834.9,612.9,78.6,620.0,2,5,1.149,,C:/hades/Hecton8/Docs/Lore/AppliedContent/packets/RS085_CELESTIAL_EPHEMERIS_PUBLIC_BANDS.packets.json
RS085_CELESTIAL_EPHEMERIS_PUBLIC_BANDS,P425_PUBLIC_EPHEMERIS_TABLE_HANDOFF_RULE,fr_FR,external_site,125,1032.64,644.16,80.96,680.0,2,4,1.126,,C:/hades/Hecton8/Docs/Lore/AppliedContent/packets/RS085_CELESTIAL_EPHEMERIS_PUBLIC_BANDS.packets.json
RS085_CELESTIAL_EPHEMERIS_PUBLIC_BANDS,P425_PUBLIC_EPHEMERIS_TABLE_HANDOFF_RULE,fr_FR,field_note,110,798.56,544.32,101.08,560.0,2,3,1.145,,C:/hades/Hecton8/Docs/Lore/AppliedContent/packets/RS085_CELESTIAL_EPHEMERIS_PUBLIC_BANDS.packets.json
RS085_CELESTIAL_EPHEMERIS_PUBLIC_BANDS,P425_PUBLIC_EPHEMERIS_TABLE_HANDOFF_RULE,es_ES,title,30,291.6,291.6,92.88,360.0,1,1,1.355,TEXT_EXPANSION_GT_1_35,C:/hades/Hecton8/Docs/Lore/AppliedContent/packets/RS085_CELESTIAL_EPHEMERIS_PUBLIC_BANDS.packets.json
RS085_CELESTIAL_EPHEMERIS_PUBLIC_BANDS,P425_PUBLIC_EPHEMERIS_TABLE_HANDOFF_RULE,es_ES,scanner,81,659.52,446.4,99.52,460.0,2,2,1.115,,C:/hades/Hecton8/Docs/Lore/AppliedContent/packets/RS085_CELESTIAL_EPHEMERIS_PUBLIC_BANDS.packets.json
RS085_CELESTIAL_EPHEMERIS_PUBLIC_BANDS,P425_PUBLIC_EPHEMERIS_TABLE_HANDOFF_RULE,es_ES,terminal,89,689.4,513.0,73.2,520.0,2,2,1.102,,C:/hades/Hecton8/Docs/Lore/AppliedContent/packets/RS085_CELESTIAL_EPHEMERIS_PUBLIC_BANDS.packets.json
RS085_CELESTIAL_EPHEMERIS_PUBLIC_BANDS,P425_PUBLIC_EPHEMERIS_TABLE_HANDOFF_RULE,es_ES,audio,58,562.68,562.68,77.04,620.0,1,2,1.3,,C:/hades/Hecton8/Docs/Lore/AppliedContent/packets/RS085_CELESTIAL_EPHEMERIS_PUBLIC_BANDS.packets.json
RS085_CELESTIAL_EPHEMERIS_PUBLIC_BANDS,P425_PUBLIC_EPHEMERIS_TABLE_HANDOFF_RULE,es_ES,in_game_wiki,110,834.9,612.9,78.6,620.0,2,5,1.149,,C:/hades/Hecton8/Docs/Lore/AppliedContent/packets/RS085_CELESTIAL_EPHEMERIS_PUBLIC_BANDS.packets.json
RS085_CELESTIAL_EPHEMERIS_PUBLIC_BANDS,P425_PUBLIC_EPHEMERIS_TABLE_HANDOFF_RULE,es_ES,external_site,125,1032.64,644.16,80.96,680.0,2,4,1.126,,C:/hades/Hecton8/Docs/Lore/AppliedContent/packets/RS085_CELESTIAL_EPHEMERIS_PUBLIC_BANDS.packets.json
RS085_CELESTIAL_EPHEMERIS_PUBLIC_BANDS,P425_PUBLIC_EPHEMERIS_TABLE_HANDOFF_RULE,es_ES,field_note,110,798.56,544.32,101.08,560.0,2,3,1.145,,C:/hades/Hecton8/Docs/Lore/AppliedContent/packets/RS085_CELESTIAL_EPHEMERIS_PUBLIC_BANDS.packets.json
RS085_CELESTIAL_EPHEMERIS_PUBLIC_BANDS,P425_PUBLIC_EPHEMERIS_TABLE_HANDOFF_RULE,de_DE,title,30,291.6,291.6,92.88,360.0,1,1,1.355,TEXT_EXPANSION_GT_1_35,C:/hades/Hecton8/Docs/Lore/AppliedContent/packets/RS085_CELESTIAL_EPHEMERIS_PUBLIC_BANDS.packets.json
RS085_CELESTIAL_EPHEMERIS_PUBLIC_BANDS,P425_PUBLIC_EPHEMERIS_TABLE_HANDOFF_RULE,de_DE,scanner,81,659.52,446.4,99.52,460.0,2,2,1.115,,C:/hades/Hecton8/Docs/Lore/AppliedContent/packets/RS085_CELESTIAL_EPHEMERIS_PUBLIC_BANDS.packets.json
RS085_CELESTIAL_EPHEMERIS_PUBLIC_BANDS,P425_PUBLIC_EPHEMERIS_TABLE_HANDOFF_RULE,de_DE,terminal,89,689.4,513.0,73.2,520.0,2,2,1.102,,C:/hades/Hecton8/Docs/Lore/AppliedContent/packets/RS085_CELESTIAL_EPHEMERIS_PUBLIC_BANDS.packets.json
RS085_CELESTIAL_EPHEMERIS_PUBLIC_BANDS,P425_PUBLIC_EPHEMERIS_TABLE_HANDOFF_RULE,de_DE,audio,58,562.68,562.68,77.04,620.0,1,2,1.3,,C:/hades/Hecton8/Docs/Lore/AppliedContent/packets/RS085_CELESTIAL_EPHEMERIS_PUBLIC_BANDS.packets.json
RS085_CELESTIAL_EPHEMERIS_PUBLIC_BANDS,P425_PUBLIC_EPHEMERIS_TABLE_HANDOFF_RULE,de_DE,in_game_wiki,110,834.9,612.9,78.6,620.0,2,5,1.149,,C:/hades/Hecton8/Docs/Lore/AppliedContent/packets/RS085_CELESTIAL_EPHEMERIS_PUBLIC_BANDS.packets.json
RS085_CELESTIAL_EPHEMERIS_PUBLIC_BANDS,P425_PUBLIC_EPHEMERIS_TABLE_HANDOFF_RULE,de_DE,external_site,125,1032.64,644.16,80.96,680.0,2,4,1.126,,C:/hades/Hecton8/Docs/Lore/AppliedContent/packets/RS085_CELESTIAL_EPHEMERIS_PUBLIC_BANDS.packets.json
RS085_CELESTIAL_EPHEMERIS_PUBLIC_BANDS,P425_PUBLIC_EPHEMERIS_TABLE_HANDOFF_RULE,de_DE,field_note,110,798.56,544.32,101.08,560.0,2,3,1.145,,C:/hades/Hecton8/Docs/Lore/AppliedContent/packets/RS085_CELESTIAL_EPHEMERIS_PUBLIC_BANDS.packets.json
RS085_CELESTIAL_EPHEMERIS_PUBLIC_BANDS,P425_PUBLIC_EPHEMERIS_TABLE_HANDOFF_RULE,pl_PL,title,30,291.6,291.6,92.88,360.0,1,1,1.355,TEXT_EXPANSION_GT_1_35,C:/hades/Hecton8/Docs/Lore/AppliedContent/packets/RS085_CELESTIAL_EPHEMERIS_PUBLIC_BANDS.packets.json
RS085_CELESTIAL_EPHEMERIS_PUBLIC_BANDS,P425_PUBLIC_EPHEMERIS_TABLE_HANDOFF_RULE,pl_PL,scanner,81,659.52,446.4,99.52,460.0,2,2,1.115,,C:/hades/Hecton8/Docs/Lore/AppliedContent/packets/RS085_CELESTIAL_EPHEMERIS_PUBLIC_BANDS.packets.json
RS085_CELESTIAL_EPHEMERIS_PUBLIC_BANDS,P425_PUBLIC_EPHEMERIS_TABLE_HANDOFF_RULE,pl_PL,terminal,89,689.4,513.0,73.2,520.0,2,2,1.102,,C:/hades/Hecton8/Docs/Lore/AppliedContent/packets/RS085_CELESTIAL_EPHEMERIS_PUBLIC_BANDS.packets.json
RS085_CELESTIAL_EPHEMERIS_PUBLIC_BANDS,P425_PUBLIC_EPHEMERIS_TABLE_HANDOFF_RULE,pl_PL,audio,58,562.68,562.68,77.04,620.0,1,2,1.3,,C:/hades/Hecton8/Docs/Lore/AppliedContent/packets/RS085_CELESTIAL_EPHEMERIS_PUBLIC_BANDS.packets.json
RS085_CELESTIAL_EPHEMERIS_PUBLIC_BANDS,P425_PUBLIC_EPHEMERIS_TABLE_HANDOFF_RULE,pl_PL,in_game_wiki,110,834.9,612.9,78.6,620.0,2,5,1.149,,C:/hades/Hecton8/Docs/Lore/AppliedContent/packets/RS085_CELESTIAL_EPHEMERIS_PUBLIC_BANDS.packets.json
RS085_CELESTIAL_EPHEMERIS_PUBLIC_BANDS,P425_PUBLIC_EPHEMERIS_TABLE_HANDOFF_RULE,pl_PL,external_site,125,1032.64,644.16,80.96,680.0,2,4,1.126,,C:/hades/Hecton8/Docs/Lore/AppliedContent/packets/RS085_CELESTIAL_EPHEMERIS_PUBLIC_BANDS.packets.json
RS085_CELESTIAL_EPHEMERIS_PUBLIC_BANDS,P425_PUBLIC_EPHEMERIS_TABLE_HANDOFF_RULE,pl_PL,field_note,110,798.56,544.32,101.08,560.0,2,3,1.145,,C:/hades/Hecton8/Docs/Lore/AppliedContent/packets/RS085_CELESTIAL_EPHEMERIS_PUBLIC_BANDS.packets.json
RS085_CELESTIAL_EPHEMERIS_PUBLIC_BANDS,P425_PUBLIC_EPHEMERIS_TABLE_HANDOFF_RULE,uk_UA,title,30,291.6,291.6,92.88,360.0,1,1,1.355,TEXT_EXPANSION_GT_1_35,C:/hades/Hecton8/Docs/Lore/AppliedContent/packets/RS085_CELESTIAL_EPHEMERIS_PUBLIC_BANDS.packets.json
RS085_CELESTIAL_EPHEMERIS_PUBLIC_BANDS,P425_PUBLIC_EPHEMERIS_TABLE_HANDOFF_RULE,uk_UA,scanner,81,659.52,446.4,99.52,460.0,2,2,1.115,,C:/hades/Hecton8/Docs/Lore/AppliedContent/packets/RS085_CELESTIAL_EPHEMERIS_PUBLIC_BANDS.packets.json
RS085_CELESTIAL_EPHEMERIS_PUBLIC_BANDS,P425_PUBLIC_EPHEMERIS_TABLE_HANDOFF_RULE,uk_UA,terminal,89,689.4,513.0,73.2,520.0,2,2,1.102,,C:/hades/Hecton8/Docs/Lore/AppliedContent/packets/RS085_CELESTIAL_EPHEMERIS_PUBLIC_BANDS.packets.json
RS085_CELESTIAL_EPHEMERIS_PUBLIC_BANDS,P425_PUBLIC_EPHEMERIS_TABLE_HANDOFF_RULE,uk_UA,audio,58,562.68,562.68,77.04,620.0,1,2,1.3,,C:/hades/Hecton8/Docs/Lore/AppliedContent/packets/RS085_CELESTIAL_EPHEMERIS_PUBLIC_BANDS.packets.json
RS085_CELESTIAL_EPHEMERIS_PUBLIC_BANDS,P425_PUBLIC_EPHEMERIS_TABLE_HANDOFF_RULE,uk_UA,in_game_wiki,110,834.9,612.9,78.6,620.0,2,5,1.149,,C:/hades/Hecton8/Docs/Lore/AppliedContent/packets/RS085_CELESTIAL_EPHEMERIS_PUBLIC_BANDS.packets.json
RS085_CELESTIAL_EPHEMERIS_PUBLIC_BANDS,P425_PUBLIC_EPHEMERIS_TABLE_HANDOFF_RULE,uk_UA,external_site,125,1032.64,644.16,80.96,680.0,2,4,1.126,,C:/hades/Hecton8/Docs/Lore/AppliedContent/packets/RS085_CELESTIAL_EPHEMERIS_PUBLIC_BANDS.packets.json
RS085_CELESTIAL_EPHEMERIS_PUBLIC_BANDS,P425_PUBLIC_EPHEMERIS_TABLE_HANDOFF_RULE,uk_UA,field_note,110,798.56,544.32,101.08,560.0,2,3,1.145,,C:/hades/Hecton8/Docs/Lore/AppliedContent/packets/RS085_CELESTIAL_EPHEMERIS_PUBLIC_BANDS.packets.json
RS085_CELESTIAL_EPHEMERIS_PUBLIC_BANDS,P425_PUBLIC_EPHEMERIS_TABLE_HANDOFF_RULE,ar_SA,title,30,291.6,291.6,92.88,360.0,1,1,1.355,TEXT_EXPANSION_GT_1_35,C:/hades/Hecton8/Docs/Lore/AppliedContent/packets/RS085_CELESTIAL_EPHEMERIS_PUBLIC_BANDS.packets.json
RS085_CELESTIAL_EPHEMERIS_PUBLIC_BANDS,P425_PUBLIC_EPHEMERIS_TABLE_HANDOFF_RULE,ar_SA,scanner,81,659.52,446.4,99.52,460.0,2,2,1.115,,C:/hades/Hecton8/Docs/Lore/AppliedContent/packets/RS085_CELESTIAL_EPHEMERIS_PUBLIC_BANDS.packets.json
RS085_CELESTIAL_EPHEMERIS_PUBLIC_BANDS,P425_PUBLIC_EPHEMERIS_TABLE_HANDOFF_RULE,ar_SA,terminal,89,689.4,513.0,73.2,520.0,2,2,1.102,,C:/hades/Hecton8/Docs/Lore/AppliedContent/packets/RS085_CELESTIAL_EPHEMERIS_PUBLIC_BANDS.packets.json
RS085_CELESTIAL_EPHEMERIS_PUBLIC_BANDS,P425_PUBLIC_EPHEMERIS_TABLE_HANDOFF_RULE,ar_SA,audio,58,562.68,562.68,77.04,620.0,1,2,1.3,,C:/hades/Hecton8/Docs/Lore/AppliedContent/packets/RS085_CELESTIAL_EPHEMERIS_PUBLIC_BANDS.packets.json
RS085_CELESTIAL_EPHEMERIS_PUBLIC_BANDS,P425_PUBLIC_EPHEMERIS_TABLE_HANDOFF_RULE,ar_SA,in_game_wiki,110,834.9,612.9,78.6,620.0,2,5,1.149,,C:/hades/Hecton8/Docs/Lore/AppliedContent/packets/RS085_CELESTIAL_EPHEMERIS_PUBLIC_BANDS.packets.json
RS085_CELESTIAL_EPHEMERIS_PUBLIC_BANDS,P425_PUBLIC_EPHEMERIS_TABLE_HANDOFF_RULE,ar_SA,external_site,125,1032.64,644.16,80.96,680.0,2,4,1.126,,C:/hades/Hecton8/Docs/Lore/AppliedContent/packets/RS085_CELESTIAL_EPHEMERIS_PUBLIC_BANDS.packets.json
RS085_CELESTIAL_EPHEMERIS_PUBLIC_BANDS,P425_PUBLIC_EPHEMERIS_TABLE_HANDOFF_RULE,ar_SA,field_note,110,798.56,544.32,101.08,560.0,2,3,1.145,,C:/hades/Hecton8/Docs/Lore/AppliedContent/packets/RS085_CELESTIAL_EPHEMERIS_PUBLIC_BANDS.packets.json
RS085_CELESTIAL_EPHEMERIS_PUBLIC_BANDS,P425_PUBLIC_EPHEMERIS_TABLE_HANDOFF_RULE,id_ID,title,30,291.6,291.6,92.88,360.0,1,1,1.355,TEXT_EXPANSION_GT_1_35,C:/hades/Hecton8/Docs/Lore/AppliedContent/packets/RS085_CELESTIAL_EPHEMERIS_PUBLIC_BANDS.packets.json
RS085_CELESTIAL_EPHEMERIS_PUBLIC_BANDS,P425_PUBLIC_EPHEMERIS_TABLE_HANDOFF_RULE,id_ID,scanner,81,659.52,446.4,99.52,460.0,2,2,1.115,,C:/hades/Hecton8/Docs/Lore/AppliedContent/packets/RS085_CELESTIAL_EPHEMERIS_PUBLIC_BANDS.packets.json
RS085_CELESTIAL_EPHEMERIS_PUBLIC_BANDS,P425_PUBLIC_EPHEMERIS_TABLE_HANDOFF_RULE,id_ID,terminal,89,689.4,513.0,73.2,520.0,2,2,1.102,,C:/hades/Hecton8/Docs/Lore/AppliedContent/packets/RS085_CELESTIAL_EPHEMERIS_PUBLIC_BANDS.packets.json
RS085_CELESTIAL_EPHEMERIS_PUBLIC_BANDS,P425_PUBLIC_EPHEMERIS_TABLE_HANDOFF_RULE,id_ID,audio,58,562.68,562.68,77.04,620.0,1,2,1.3,,C:/hades/Hecton8/Docs/Lore/AppliedContent/packets/RS085_CELESTIAL_EPHEMERIS_PUBLIC_BANDS.packets.json
RS085_CELESTIAL_EPHEMERIS_PUBLIC_BANDS,P425_PUBLIC_EPHEMERIS_TABLE_HANDOFF_RULE,id_ID,in_game_wiki,110,834.9,612.9,78.6,620.0,2,5,1.149,,C:/hades/Hecton8/Docs/Lore/AppliedContent/packets/RS085_CELESTIAL_EPHEMERIS_PUBLIC_BANDS.packets.json
RS085_CELESTIAL_EPHEMERIS_PUBLIC_BANDS,P425_PUBLIC_EPHEMERIS_TABLE_HANDOFF_RULE,id_ID,external_site,125,1032.64,644.16,80.96,680.0,2,4,1.126,,C:/hades/Hecton8/Docs/Lore/AppliedContent/packets/RS085_CELESTIAL_EPHEMERIS_PUBLIC_BANDS.packets.json
RS085_CELESTIAL_EPHEMERIS_PUBLIC_BANDS,P425_PUBLIC_EPHEMERIS_TABLE_HANDOFF_RULE,id_ID,field_note,110,798.56,544.32,101.08,560.0,2,3,1.145,,C:/hades/Hecton8/Docs/Lore/AppliedContent/packets/RS085_CELESTIAL_EPHEMERIS_PUBLIC_BANDS.packets.json
RS085_CELESTIAL_EPHEMERIS_PUBLIC_BANDS,P425_PUBLIC_EPHEMERIS_TABLE_HANDOFF_RULE,ko_KR,title,30,291.6,291.6,92.88,360.0,1,1,1.355,TEXT_EXPANSION_GT_1_35,C:/hades/Hecton8/Docs/Lore/AppliedContent/packets/RS085_CELESTIAL_EPHEMERIS_PUBLIC_BANDS.packets.json
RS085_CELESTIAL_EPHEMERIS_PUBLIC_BANDS,P425_PUBLIC_EPHEMERIS_TABLE_HANDOFF_RULE,ko_KR,scanner,81,659.52,446.4,99.52,460.0,2,2,1.115,,C:/hades/Hecton8/Docs/Lore/AppliedContent/packets/RS085_CELESTIAL_EPHEMERIS_PUBLIC_BANDS.packets.json
RS085_CELESTIAL_EPHEMERIS_PUBLIC_BANDS,P425_PUBLIC_EPHEMERIS_TABLE_HANDOFF_RULE,ko_KR,terminal,89,689.4,513.0,73.2,520.0,2,2,1.102,,C:/hades/Hecton8/Docs/Lore/AppliedContent/packets/RS085_CELESTIAL_EPHEMERIS_PUBLIC_BANDS.packets.json
RS085_CELESTIAL_EPHEMERIS_PUBLIC_BANDS,P425_PUBLIC_EPHEMERIS_TABLE_HANDOFF_RULE,ko_KR,audio,58,562.68,562.68,77.04,620.0,1,2,1.3,,C:/hades/Hecton8/Docs/Lore/AppliedContent/packets/RS085_CELESTIAL_EPHEMERIS_PUBLIC_BANDS.packets.json
RS085_CELESTIAL_EPHEMERIS_PUBLIC_BANDS,P425_PUBLIC_EPHEMERIS_TABLE_HANDOFF_RULE,ko_KR,in_game_wiki,110,834.9,612.9,78.6,620.0,2,5,1.149,,C:/hades/Hecton8/Docs/Lore/AppliedContent/packets/RS085_CELESTIAL_EPHEMERIS_PUBLIC_BANDS.packets.json
RS085_CELESTIAL_EPHEMERIS_PUBLIC_BANDS,P425_PUBLIC_EPHEMERIS_TABLE_HANDOFF_RULE,ko_KR,external_site,125,1032.64,644.16,80.96,680.0,2,4,1.126,,C:/hades/Hecton8/Docs/Lore/AppliedContent/packets/RS085_CELESTIAL_EPHEMERIS_PUBLIC_BANDS.packets.json
RS085_CELESTIAL_EPHEMERIS_PUBLIC_BANDS,P425_PUBLIC_EPHEMERIS_TABLE_HANDOFF_RULE,ko_KR,field_note,110,798.56,544.32,101.08,560.0,2,3,1.145,,C:/hades/Hecton8/Docs/Lore/AppliedContent/packets/RS085_CELESTIAL_EPHEMERIS_PUBLIC_BANDS.packets.json
RS085_CELESTIAL_EPHEMERIS_PUBLIC_BANDS,P425_PUBLIC_EPHEMERIS_TABLE_HANDOFF_RULE,he_IL,title,30,291.6,291.6,92.88,360.0,1,1,1.355,TEXT_EXPANSION_GT_1_35,C:/hades/Hecton8/Docs/Lore/AppliedContent/packets/RS085_CELESTIAL_EPHEMERIS_PUBLIC_BANDS.packets.json
RS085_CELESTIAL_EPHEMERIS_PUBLIC_BANDS,P425_PUBLIC_EPHEMERIS_TABLE_HANDOFF_RULE,he_IL,scanner,81,659.52,446.4,99.52,460.0,2,2,1.115,,C:/hades/Hecton8/Docs/Lore/AppliedContent/packets/RS085_CELESTIAL_EPHEMERIS_PUBLIC_BANDS.packets.json
RS085_CELESTIAL_EPHEMERIS_PUBLIC_BANDS,P425_PUBLIC_EPHEMERIS_TABLE_HANDOFF_RULE,he_IL,terminal,89,689.4,513.0,73.2,520.0,2,2,1.102,,C:/hades/Hecton8/Docs/Lore/AppliedContent/packets/RS085_CELESTIAL_EPHEMERIS_PUBLIC_BANDS.packets.json
RS085_CELESTIAL_EPHEMERIS_PUBLIC_BANDS,P425_PUBLIC_EPHEMERIS_TABLE_HANDOFF_RULE,he_IL,audio,58,562.68,562.68,77.04,620.0,1,2,1.3,,C:/hades/Hecton8/Docs/Lore/AppliedContent/packets/RS085_CELESTIAL_EPHEMERIS_PUBLIC_BANDS.packets.json
RS085_CELESTIAL_EPHEMERIS_PUBLIC_BANDS,P425_PUBLIC_EPHEMERIS_TABLE_HANDOFF_RULE,he_IL,in_game_wiki,110,834.9,612.9,78.6,620.0,2,5,1.149,,C:/hades/Hecton8/Docs/Lore/AppliedContent/packets/RS085_CELESTIAL_EPHEMERIS_PUBLIC_BANDS.packets.json
RS085_CELESTIAL_EPHEMERIS_PUBLIC_BANDS,P425_PUBLIC_EPHEMERIS_TABLE_HANDOFF_RULE,he_IL,external_site,125,1032.64,644.16,80.96,680.0,2,4,1.126,,C:/hades/Hecton8/Docs/Lore/AppliedContent/packets/RS085_CELESTIAL_EPHEMERIS_PUBLIC_BANDS.packets.json
RS085_CELESTIAL_EPHEMERIS_PUBLIC_BANDS,P425_PUBLIC_EPHEMERIS_TABLE_HANDOFF_RULE,he_IL,field_note,110,798.56,544.32,101.08,560.0,2,3,1.145,,C:/hades/Hecton8/Docs/Lore/AppliedContent/packets/RS085_CELESTIAL_EPHEMERIS_PUBLIC_BANDS.packets.json
RS085_CELESTIAL_EPHEMERIS_PUBLIC_BANDS,P425_PUBLIC_EPHEMERIS_TABLE_HANDOFF_RULE,pt_BR,title,33,321.48,321.48,92.88,360.0,1,1,1.493,TEXT_EXPANSION_GT_1_35,C:/hades/Hecton8/Docs/Lore/AppliedContent/packets/RS085_CELESTIAL_EPHEMERIS_PUBLIC_BANDS.packets.json
RS085_CELESTIAL_EPHEMERIS_PUBLIC_BANDS,P425_PUBLIC_EPHEMERIS_TABLE_HANDOFF_RULE,pt_BR,scanner,84,686.08,412.48,99.52,460.0,2,2,1.16,,C:/hades/Hecton8/Docs/Lore/AppliedContent/packets/RS085_CELESTIAL_EPHEMERIS_PUBLIC_BANDS.packets.json
RS085_CELESTIAL_EPHEMERIS_PUBLIC_BANDS,P425_PUBLIC_EPHEMERIS_TABLE_HANDOFF_RULE,pt_BR,terminal,92,714.3,489.3,73.2,520.0,2,2,1.141,,C:/hades/Hecton8/Docs/Lore/AppliedContent/packets/RS085_CELESTIAL_EPHEMERIS_PUBLIC_BANDS.packets.json
RS085_CELESTIAL_EPHEMERIS_PUBLIC_BANDS,P425_PUBLIC_EPHEMERIS_TABLE_HANDOFF_RULE,pt_BR,audio,58,562.68,562.68,77.04,620.0,1,2,1.3,,C:/hades/Hecton8/Docs/Lore/AppliedContent/packets/RS085_CELESTIAL_EPHEMERIS_PUBLIC_BANDS.packets.json
RS085_CELESTIAL_EPHEMERIS_PUBLIC_BANDS,P425_PUBLIC_EPHEMERIS_TABLE_HANDOFF_RULE,pt_BR,in_game_wiki,110,834.9,612.9,78.6,620.0,2,5,1.149,,C:/hades/Hecton8/Docs/Lore/AppliedContent/packets/RS085_CELESTIAL_EPHEMERIS_PUBLIC_BANDS.packets.json
RS085_CELESTIAL_EPHEMERIS_PUBLIC_BANDS,P425_PUBLIC_EPHEMERIS_TABLE_HANDOFF_RULE,pt_BR,external_site,125,1032.64,644.16,80.96,680.0,2,4,1.126,,C:/hades/Hecton8/Docs/Lore/AppliedContent/packets/RS085_CELESTIAL_EPHEMERIS_PUBLIC_BANDS.packets.json
RS085_CELESTIAL_EPHEMERIS_PUBLIC_BANDS,P425_PUBLIC_EPHEMERIS_TABLE_HANDOFF_RULE,pt_BR,field_note,110,798.56,544.32,101.08,560.0,2,3,1.145,,C:/hades/Hecton8/Docs/Lore/AppliedContent/packets/RS085_CELESTIAL_EPHEMERIS_PUBLIC_BANDS.packets.json
RS085_CELESTIAL_EPHEMERIS_PUBLIC_BANDS,P425_PUBLIC_EPHEMERIS_TABLE_HANDOFF_RULE,nl_NL,title,30,291.6,291.6,92.88,360.0,1,1,1.355,TEXT_EXPANSION_GT_1_35,C:/hades/Hecton8/Docs/Lore/AppliedContent/packets/RS085_CELESTIAL_EPHEMERIS_PUBLIC_BANDS.packets.json
RS085_CELESTIAL_EPHEMERIS_PUBLIC_BANDS,P425_PUBLIC_EPHEMERIS_TABLE_HANDOFF_RULE,nl_NL,scanner,81,659.52,446.4,99.52,460.0,2,2,1.115,,C:/hades/Hecton8/Docs/Lore/AppliedContent/packets/RS085_CELESTIAL_EPHEMERIS_PUBLIC_BANDS.packets.json
RS085_CELESTIAL_EPHEMERIS_PUBLIC_BANDS,P425_PUBLIC_EPHEMERIS_TABLE_HANDOFF_RULE,nl_NL,terminal,89,689.4,513.0,73.2,520.0,2,2,1.102,,C:/hades/Hecton8/Docs/Lore/AppliedContent/packets/RS085_CELESTIAL_EPHEMERIS_PUBLIC_BANDS.packets.json
RS085_CELESTIAL_EPHEMERIS_PUBLIC_BANDS,P425_PUBLIC_EPHEMERIS_TABLE_HANDOFF_RULE,nl_NL,audio,58,562.68,562.68,77.04,620.0,1,2,1.3,,C:/hades/Hecton8/Docs/Lore/AppliedContent/packets/RS085_CELESTIAL_EPHEMERIS_PUBLIC_BANDS.packets.json
RS085_CELESTIAL_EPHEMERIS_PUBLIC_BANDS,P425_PUBLIC_EPHEMERIS_TABLE_HANDOFF_RULE,nl_NL,in_game_wiki,110,834.9,612.9,78.6,620.0,2,5,1.149,,C:/hades/Hecton8/Docs/Lore/AppliedContent/packets/RS085_CELESTIAL_EPHEMERIS_PUBLIC_BANDS.packets.json
RS085_CELESTIAL_EPHEMERIS_PUBLIC_BANDS,P425_PUBLIC_EPHEMERIS_TABLE_HANDOFF_RULE,nl_NL,external_site,125,1032.64,644.16,80.96,680.0,2,4,1.126,,C:/hades/Hecton8/Docs/Lore/AppliedContent/packets/RS085_CELESTIAL_EPHEMERIS_PUBLIC_BANDS.packets.json
RS085_CELESTIAL_EPHEMERIS_PUBLIC_BANDS,P425_PUBLIC_EPHEMERIS_TABLE_HANDOFF_RULE,nl_NL,field_note,110,798.56,544.32,101.08,560.0,2,3,1.145,,C:/hades/Hecton8/Docs/Lore/AppliedContent/packets/RS085_CELESTIAL_EPHEMERIS_PUBLIC_BANDS.packets.json
