asset_type,path,extension,width,height,source_mode,meta_max_texture_size,meta_texture_compression,meta_texture_format,meta_streaming_mipmaps,meta_is_readable,meta_texture_type,bc7_bytes,bc7_mib,bc7_full_mip_mib,file_bytes,file_mib,triangles,mesh_geometry_estimate_bytes,mesh_geometry_estimate_mib,lod_detected,mesh_meta_is_readable,mesh_meta_compression,mesh_meta_optimize_mesh,mesh_meta_import_blend_shapes,mesh_meta_add_colliders,mesh_meta_generate_secondary_uv,mesh_meta_keep_quads,rt_color_format,rt_depth_stencil_format,rt_anti_aliasing,rt_mipmap,rt_generate_mips,rt_texture_dimension,rt_volume_depth,rt_dynamic_scale,rt_random_write,rt_estimate_bytes,rt_estimate_mib,redline_flags,atlas_group,recommendation,evidence_class
texture,Assets/_Project/_PROLOGUE_CONTENT/Textures/Planets/Clouds/GASgIANT/Aegir_storms.png,.png,4096,2048,RGBA,2048,1,-1|1,0,0,0,8388608,8.000,10.667,356896,0.340,,,,,,,,,,,,,,,,,,,,,,,VRAM CRIME: TEXTURE_GT_2048;STREAMING_MIPMAPS_OFF_LARGE,,Low tier should halve source/import max; keep high mips only with hero or streaming proof.,STATIC_SOURCE
texture,Assets/_Project/_PROLOGUE_CONTENT/Textures/Planets/Clouds/GASgIANT/clouds.png,.png,4096,2048,L,2048,1,-1|1,0,0,0,8388608,8.000,10.667,3012389,2.873,,,,,,,,,,,,,,,,,,,,,,,VRAM CRIME: TEXTURE_GT_2048;STREAMING_MIPMAPS_OFF_LARGE,,Low tier should halve source/import max; keep high mips only with hero or streaming proof.,STATIC_SOURCE
texture,Assets/_Project/_PROLOGUE_CONTENT/Textures/Planets/Clouds/GASgIANT/clouds0_diff.png,.png,4096,2048,RGBA,2048,1,-1|1,0,0,0,8388608,8.000,10.667,10991664,10.482,,,,,,,,,,,,,,,,,,,,,,,VRAM CRIME: TEXTURE_GT_2048;STREAMING_MIPMAPS_OFF_LARGE,,Low tier should halve source/import max; keep high mips only with hero or streaming proof.,STATIC_SOURCE
texture,Assets/_Project/_PROLOGUE_CONTENT/Textures/Planets/pLANET/clouds0_diff.png,.png,4096,2048,RGBA,2048,1,-1|1,0,0,0,8388608,8.000,10.667,7351608,7.011,,,,,,,,,,,,,,,,,,,,,,,VRAM CRIME: TEXTURE_GT_2048;STREAMING_MIPMAPS_OFF_LARGE,,Low tier should halve source/import max; keep high mips only with hero or streaming proof.,STATIC_SOURCE
texture,Assets/_Project/_PROLOGUE_CONTENT/Textures/Planets/pLANET/surface_bump.png,.png,4096,2048,L,2048,1,-1|1,0,0,0,8388608,8.000,10.667,476749,0.455,,,,,,,,,,,,,,,,,,,,,,,VRAM CRIME: TEXTURE_GT_2048;STREAMING_MIPMAPS_OFF_LARGE,,Low tier should halve source/import max; keep high mips only with hero or streaming proof.,STATIC_SOURCE
texture,Assets/_Project/_PROLOGUE_CONTENT/Textures/Planets/pLANET/surface_diff.png,.png,4096,2048,RGB,2048,1,-1|1,0,0,0,8388608,8.000,10.667,1355342,1.293,,,,,,,,,,,,,,,,,,,,,,,VRAM CRIME: TEXTURE_GT_2048;STREAMING_MIPMAPS_OFF_LARGE,,Low tier should halve source/import max; keep high mips only with hero or streaming proof.,STATIC_SOURCE
texture,Assets/_Project/_PROLOGUE_CONTENT/Textures/Planets/pLANET/surface_norm.png,.png,4096,2048,RGB,2048,1,-1|1,0,0,0,8388608,8.000,10.667,1074719,1.025,,,,,,,,,,,,,,,,,,,,,,,VRAM CRIME: TEXTURE_GT_2048;STREAMING_MIPMAPS_OFF_LARGE,,Use BC5 normal import; Low tier cap 1024 unless hero close-read asset.,STATIC_SOURCE
texture,Assets/_Project/_PROLOGUE_CONTENT/Textures/Planets/pLANET/surface_spec.png,.png,4096,2048,L,2048,1,-1|1,0,0,0,8388608,8.000,10.667,184349,0.176,,,,,,,,,,,,,,,,,,,,,,,VRAM CRIME: TEXTURE_GT_2048;STREAMING_MIPMAPS_OFF_LARGE,,Channel-pack masks into one RGBA texture; avoid separate AO/spec maps.,STATIC_SOURCE
texture,Assets/_Project/Art/DEPRECATED/RejectedVisualPasses/CodexRejectedVisualPasses/WaterSkyFirstPass_20260608/Textures/WaterSkyFirstPass/TEX_Codex_AegirDisc_20260608.png,.png,1024,1024,RGBA,2048,1,-1|1|25,0,0,0,1048576,1.000,1.333,602585,0.575,,,,,,,,,,,,,,,,,,,,,,,,,Keep compressed; atlas if grouped with small sibling textures.,STATIC_SOURCE
texture,Assets/_Project/Art/DEPRECATED/RejectedVisualPasses/CodexRejectedVisualPasses/WaterSkyFirstPass_20260608/Textures/WaterSkyFirstPass/TEX_Codex_Batch21ReadableSeabed_20260608.png,.png,1024,1024,RGBA,2048,1,-1|1|25,0,0,0,1048576,1.000,1.333,2153776,2.054,,,,,,,,,,,,,,,,,,,,,,,,,Keep compressed; atlas if grouped with small sibling textures.,STATIC_SOURCE
texture,Assets/_Project/Art/DEPRECATED/RejectedVisualPasses/CodexRejectedVisualPasses/WaterSkyFirstPass_20260608/Textures/WaterSkyFirstPass/TEX_Codex_CyanNoirSkyGradient_20260608.png,.png,1024,512,RGBA,2048,1,-1|1|25,0,0,0,524288,0.500,0.667,93629,0.089,,,,,,,,,,,,,,,,,,,,,,,,,Keep compressed; atlas if grouped with small sibling textures.,STATIC_SOURCE
texture,Assets/_Project/Art/DEPRECATED/RejectedVisualPasses/CodexRejectedVisualPasses/WaterSkyFirstPass_20260608/Textures/WaterSkyFirstPass/TEX_Codex_MoonDisc_20260608.png,.png,512,512,RGBA,2048,1,-1|1|25,0,0,0,262144,0.250,0.333,128045,0.122,,,,,,,,,,,,,,,,,,,,,,,,,Keep compressed; atlas if grouped with small sibling textures.,STATIC_SOURCE
texture,Assets/_Project/Art/DEPRECATED/RejectedVisualPasses/CodexRejectedVisualPasses/WaterSkyFirstPass_20260608/Textures/WaterSkyFirstPass/TEX_Codex_SoftCausticNet_20260608.png,.png,1024,1024,RGBA,2048,1,-1|1|25,0,0,0,1048576,1.000,1.333,332816,0.317,,,,,,,,,,,,,,,,,,,,,,,,,Keep compressed; atlas if grouped with small sibling textures.,STATIC_SOURCE
texture,Assets/_Project/Art/DEPRECATED/RejectedVisualPasses/CodexRejectedVisualPasses/WaterSkyFirstPass_20260608/Textures/WaterSkyFirstPass/TEX_Codex_WaterFlowSurface_20260608.png,.png,1024,1024,RGBA,2048,1,-1|1|25,0,0,0,1048576,1.000,1.333,505054,0.482,,,,,,,,,,,,,,,,,,,,,,,,,Keep compressed; atlas if grouped with small sibling textures.,STATIC_SOURCE
texture,Assets/_Project/Art/Models/Rocks/Rock 6/rock6/Mossy_Forest_Rock_vimrfjsaw_Mid_2K_AO.jpg,.jpg,2048,2048,RGB,2048|512,1,-1|1|25,1,0,0,4194304,4.000,5.333,2045437,1.951,,,,,,,,,,,,,,,,,,,,,,,,,Channel-pack masks into one RGBA texture; avoid separate AO/spec maps.,STATIC_SOURCE
texture,Assets/_Project/Art/Models/Rocks/Rock 6/rock6/Mossy_Forest_Rock_vimrfjsaw_Mid_2K_BaseColor.jpg,.jpg,2048,2048,RGB,2048|512,1,-1|1|25,1,0,0,4194304,4.000,5.333,2030319,1.936,,,,,,,,,,,,,,,,,,,,,,,,,Low tier should halve source/import max; keep high mips only with hero or streaming proof.,STATIC_SOURCE
texture,Assets/_Project/Art/Models/Rocks/Rock 6/rock6/Mossy_Forest_Rock_vimrfjsaw_Mid_2K_Normal.jpg,.jpg,2048,2048,RGB,2048|512,1,-1|1|27,1,0,1,4194304,4.000,5.333,6889172,6.570,,,,,,,,,,,,,,,,,,,,,,,,,Use BC5 normal import; Low tier cap 1024 unless hero close-read asset.,STATIC_SOURCE
texture,Assets/_Project/Art/Models/Rocks/Rock 7/Materials/2.jpg,.jpg,4000,4000,RGB,2048|512,1,-1|1|25,1,0,0,16000000,15.259,20.345,5251828,5.009,,,,,,,,,,,,,,,,,,,,,,,VRAM CRIME: TEXTURE_GT_2048,,Low tier should halve source/import max; keep high mips only with hero or streaming proof.,STATIC_SOURCE
texture,Assets/_Project/Art/Models/Rocks/Rock_4_-_UNIVERSALNYY_VYBOR/UNIVERSALNYY_VYBOR_(TEKSTURY)/Rock012_2K-JPG_AmbientOcclusion.jpg,.jpg,2048,2048,L,2048|512,1,-1|1|25,1,0,0,4194304,4.000,5.333,2071696,1.976,,,,,,,,,,,,,,,,,,,,,,,,,Low tier should halve source/import max; keep high mips only with hero or streaming proof.,STATIC_SOURCE
texture,Assets/_Project/Art/Models/Rocks/Rock_4_-_UNIVERSALNYY_VYBOR/UNIVERSALNYY_VYBOR_(TEKSTURY)/Rock012_2K-JPG_Color.jpg,.jpg,2048,2048,RGB,2048|512,1,-1|1|25,1,0,0,4194304,4.000,5.333,4677891,4.461,,,,,,,,,,,,,,,,,,,,,,,,,Low tier should halve source/import max; keep high mips only with hero or streaming proof.,STATIC_SOURCE
texture,Assets/_Project/Art/Models/Rocks/Rock_4_-_UNIVERSALNYY_VYBOR/UNIVERSALNYY_VYBOR_(TEKSTURY)/Rock012_2K-JPG_NormalGL.jpg,.jpg,2048,2048,RGB,2048|512,1,-1|1|27,1,0,1,4194304,4.000,5.333,9225367,8.798,,,,,,,,,,,,,,,,,,,,,,,,,Use BC5 normal import; Low tier cap 1024 unless hero close-read asset.,STATIC_SOURCE
texture,Assets/_Project/Art/Models/Rocks/Rock_4_-_UNIVERSALNYY_VYBOR/UNIVERSALNYY_VYBOR_(TEKSTURY)/Rock037_2K-JPG_AmbientOcclusion.jpg,.jpg,2048,2048,L,2048|512,1,-1|1|25,1,0,0,4194304,4.000,5.333,2114145,2.016,,,,,,,,,,,,,,,,,,,,,,,,,Low tier should halve source/import max; keep high mips only with hero or streaming proof.,STATIC_SOURCE
texture,Assets/_Project/Art/Models/Rocks/Rock_4_-_UNIVERSALNYY_VYBOR/UNIVERSALNYY_VYBOR_(TEKSTURY)/Rock037_2K-JPG_Color.jpg,.jpg,2048,2048,RGB,2048|512,1,-1|1|25,1,0,0,4194304,4.000,5.333,5825412,5.556,,,,,,,,,,,,,,,,,,,,,,,,,Low tier should halve source/import max; keep high mips only with hero or streaming proof.,STATIC_SOURCE
texture,Assets/_Project/Art/Models/Rocks/Rock_4_-_UNIVERSALNYY_VYBOR/UNIVERSALNYY_VYBOR_(TEKSTURY)/Rock037_2K-JPG_NormalGL.jpg,.jpg,2048,2048,RGB,2048|512,1,-1|1|27,1,0,1,4194304,4.000,5.333,10160588,9.690,,,,,,,,,,,,,,,,,,,,,,,,,Use BC5 normal import; Low tier cap 1024 unless hero close-read asset.,STATIC_SOURCE
texture,Assets/_Project/Art/Models/Rocks/Rock_4_-_UNIVERSALNYY_VYBOR/UNIVERSALNYY_VYBOR_(TEKSTURY)/Rock063_2K-JPG_AmbientOcclusion.jpg,.jpg,2048,1024,L,2048|512,1,-1|1|25,1,0,0,2097152,2.000,2.667,1258887,1.201,,,,,,,,,,,,,,,,,,,,,,,,,Low tier should halve source/import max; keep high mips only with hero or streaming proof.,STATIC_SOURCE
texture,Assets/_Project/Art/Models/Rocks/Rock_4_-_UNIVERSALNYY_VYBOR/UNIVERSALNYY_VYBOR_(TEKSTURY)/Rock063_2K-JPG_Color.jpg,.jpg,2048,1024,RGB,2048|512,1,-1|1|25,1,0,0,2097152,2.000,2.667,3436561,3.277,,,,,,,,,,,,,,,,,,,,,,,,,Low tier should halve source/import max; keep high mips only with hero or streaming proof.,STATIC_SOURCE
texture,Assets/_Project/Art/Models/Rocks/Rock_4_-_UNIVERSALNYY_VYBOR/UNIVERSALNYY_VYBOR_(TEKSTURY)/Rock063_2K-JPG_NormalGL.jpg,.jpg,2048,1024,RGB,2048|512,1,-1|1|27,1,0,1,2097152,2.000,2.667,3424734,3.266,,,,,,,,,,,,,,,,,,,,,,,,,Use BC5 normal import; Low tier cap 1024 unless hero close-read asset.,STATIC_SOURCE
texture,Assets/_Project/Art/Models/Rocks/Rock_4_-_UNIVERSALNYY_VYBOR/UNIVERSALNYY_VYBOR_(TEKSTURY)/TOP1Rock028_2K-JPG_AmbientOcclusion.jpg,.jpg,2048,2048,L,2048|512,1,-1|1|25,1,0,0,4194304,4.000,5.333,1766867,1.685,,,,,,,,,,,,,,,,,,,,,,,,,Low tier should halve source/import max; keep high mips only with hero or streaming proof.,STATIC_SOURCE
texture,Assets/_Project/Art/Models/Rocks/Rock_4_-_UNIVERSALNYY_VYBOR/UNIVERSALNYY_VYBOR_(TEKSTURY)/TOP1Rock028_2K-JPG_Color.jpg,.jpg,2048,2048,RGB,2048|512,1,-1|1|25,1,0,0,4194304,4.000,5.333,5706131,5.442,,,,,,,,,,,,,,,,,,,,,,,,,Low tier should halve source/import max; keep high mips only with hero or streaming proof.,STATIC_SOURCE
texture,Assets/_Project/Art/Models/Rocks/Rock_4_-_UNIVERSALNYY_VYBOR/UNIVERSALNYY_VYBOR_(TEKSTURY)/TOP1Rock028_2K-JPG_NormalGL.jpg,.jpg,2048,2048,RGB,2048|512,1,-1|1|27,1,0,1,4194304,4.000,5.333,10037203,9.572,,,,,,,,,,,,,,,,,,,,,,,,,Use BC5 normal import; Low tier cap 1024 unless hero close-read asset.,STATIC_SOURCE
texture,Assets/_Project/Art/Models/Sandbox/Coral_Albedo.png,.png,2048,2048,RGB,2048|512,1,-1|1|25,1,0,0,4194304,4.000,5.333,7501563,7.154,,,,,,,,,,,,,,,,,,,,,,,,,Low tier should halve source/import max; keep high mips only with hero or streaming proof.,STATIC_SOURCE
texture,Assets/_Project/Art/Models/Sandbox/Coral_Normal.png,.png,2048,2048,RGB,2048|512,1,-1|1|27,1,0,1,4194304,4.000,5.333,2806536,2.677,,,,,,,,,,,,,,,,,,,,,,,,,Use BC5 normal import; Low tier cap 1024 unless hero close-read asset.,STATIC_SOURCE
texture,Assets/_Project/Art/Skyboxes/panorama_den.png,.png,1456,720,RGB,2048,1,-1|1|25,0,0,0,1048320,1.000,1.333,1485405,1.417,,,,,,,,,,,,,,,,,,,,,,,STREAMING_MIPMAPS_OFF_LARGE,,Low tier should halve source/import max; keep high mips only with hero or streaming proof.,STATIC_SOURCE
texture,Assets/_Project/Art/Skyboxes/panorama_noch.png,.png,1472,720,RGB,2048,1,-1|1|25,0,0,0,1059840,1.011,1.348,1816398,1.732,,,,,,,,,,,,,,,,,,,,,,,STREAMING_MIPMAPS_OFF_LARGE,,Low tier should halve source/import max; keep high mips only with hero or streaming proof.,STATIC_SOURCE
texture,Assets/_Project/Art/Skyboxes/panorama_shtorm.png,.png,1472,720,RGB,2048,1,-1|1|25,0,0,0,1059840,1.011,1.348,1634594,1.559,,,,,,,,,,,,,,,,,,,,,,,STREAMING_MIPMAPS_OFF_LARGE,,Low tier should halve source/import max; keep high mips only with hero or streaming proof.,STATIC_SOURCE
texture,Assets/_Project/Art/Sprites/cardiogram.png,.png,512,512,RGBA,2048,1,-1|1|25,0,0,8,262144,0.250,0.333,12325,0.012,,,,,,,,,,,,,,,,,,,,,,,,,Keep compressed; atlas if grouped with small sibling textures.,STATIC_SOURCE
texture,Assets/_Project/Art/Sprites/oxygen-tank.png,.png,512,512,RGBA,2048,1,-1|1|25,0,0,8,262144,0.250,0.333,15268,0.015,,,,,,,,,,,,,,,,,,,,,,,,,Keep compressed; atlas if grouped with small sibling textures.,STATIC_SOURCE
texture,Assets/_Project/Art/Sprites/ring.png,.png,601,616,RGBA,2048,1,-1|1|25,0,0,8,370216,0.353,0.471,77083,0.074,,,,,,,,,,,,,,,,,,,,,,,,,Keep compressed; atlas if grouped with small sibling textures.,STATIC_SOURCE
texture,Assets/_Project/Art/Sprites/thunder.png,.png,512,512,RGBA,2048,1,-1|1|25,0,0,8,262144,0.250,0.333,8888,0.008,,,,,,,,,,,,,,,,,,,,,,,,,Keep compressed; atlas if grouped with small sibling textures.,STATIC_SOURCE
texture,Assets/_Project/Art/Sprites/ui/BATTERY.png,.png,1024,1024,RGB,2048,1,-1|1|25,0,0,8,1048576,1.000,1.333,1798046,1.715,,,,,,,,,,,,,,,,,,,,,,,,,Keep compressed; atlas if grouped with small sibling textures.,STATIC_SOURCE
texture,Assets/_Project/Art/Sprites/ui/COPPER.png,.png,1024,1024,RGB,2048,1,-1|1|25,0,0,8,1048576,1.000,1.333,1644605,1.568,,,,,,,,,,,,,,,,,,,,,,,,,Keep compressed; atlas if grouped with small sibling textures.,STATIC_SOURCE
texture,Assets/_Project/Art/Sprites/ui/CUTTER.png,.png,1024,1024,RGB,2048,1,-1|1|25,0,0,8,1048576,1.000,1.333,1451903,1.385,,,,,,,,,,,,,,,,,,,,,,,,,Keep compressed; atlas if grouped with small sibling textures.,STATIC_SOURCE
texture,Assets/_Project/Art/Sprites/ui/InventoryGenerated/Batch30/Alpha512/DRAFT_TX_B30_IsolatedInventory_01_OxygenMicroTank_Alpha512.png,.png,512,512,RGBA,2048,1,-1|1|25,0,0,8,262144,0.250,0.333,114817,0.109,,,,,,,,,,,,,,,,,,,,,,,,,Keep compressed; atlas if grouped with small sibling textures.,STATIC_SOURCE
texture,Assets/_Project/Art/Sprites/ui/InventoryGenerated/Batch30/Alpha512/DRAFT_TX_B30_IsolatedInventory_02_PressureRegulatorModule_Alpha512.png,.png,512,512,RGBA,2048,1,-1|1|25,0,0,8,262144,0.250,0.333,239651,0.229,,,,,,,,,,,,,,,,,,,,,,,,,Keep compressed; atlas if grouped with small sibling textures.,STATIC_SOURCE
texture,Assets/_Project/Art/Sprites/ui/InventoryGenerated/Batch30/Alpha512/DRAFT_TX_B30_IsolatedInventory_03_PressureSalvageCaseA_Alpha512.png,.png,512,512,RGBA,2048,1,-1|1|25,0,0,8,262144,0.250,0.333,217806,0.208,,,,,,,,,,,,,,,,,,,,,,,,,Keep compressed; atlas if grouped with small sibling textures.,STATIC_SOURCE
texture,Assets/_Project/Art/Sprites/ui/InventoryGenerated/Batch30/Alpha512/DRAFT_TX_B30_IsolatedInventory_04_FoldedMultitoolA_Alpha512.png,.png,512,512,RGBA,2048,1,-1|1|25,0,0,8,262144,0.250,0.333,148495,0.142,,,,,,,,,,,,,,,,,,,,,,,,,Keep compressed; atlas if grouped with small sibling textures.,STATIC_SOURCE
texture,Assets/_Project/Art/Sprites/ui/InventoryGenerated/Batch30/Alpha512/DRAFT_TX_B30_IsolatedInventory_05_FoldedMultitoolB_Alpha512.png,.png,512,512,RGBA,2048,1,-1|1|25,0,0,8,262144,0.250,0.333,138890,0.132,,,,,,,,,,,,,,,,,,,,,,,,,Keep compressed; atlas if grouped with small sibling textures.,STATIC_SOURCE
texture,Assets/_Project/Art/Sprites/ui/InventoryGenerated/Batch30/Alpha512/DRAFT_TX_B30_IsolatedInventory_06_PowerCoilCartridge_Alpha512.png,.png,512,512,RGBA,2048,1,-1|1|25,0,0,8,262144,0.250,0.333,187616,0.179,,,,,,,,,,,,,,,,,,,,,,,,,Keep compressed; atlas if grouped with small sibling textures.,STATIC_SOURCE
texture,Assets/_Project/Art/Sprites/ui/InventoryGenerated/Batch30/Alpha512/DRAFT_TX_B30_IsolatedInventory_07_ThermalControlModule_Alpha512.png,.png,512,512,RGBA,2048,1,-1|1|25,0,0,8,262144,0.250,0.333,212102,0.202,,,,,,,,,,,,,,,,,,,,,,,,,Keep compressed; atlas if grouped with small sibling textures.,STATIC_SOURCE
texture,Assets/_Project/Art/Sprites/ui/InventoryGenerated/Batch30/Alpha512/DRAFT_TX_B30_IsolatedInventory_08_BeaconPuck_Alpha512.png,.png,512,512,RGBA,2048,1,-1|1|25,0,0,8,262144,0.250,0.333,190330,0.182,,,,,,,,,,,,,,,,,,,,,,,,,Keep compressed; atlas if grouped with small sibling textures.,STATIC_SOURCE
texture,Assets/_Project/Art/Sprites/ui/InventoryGenerated/Batch30/Alpha512/DRAFT_TX_B30_IsolatedInventory_09_SampleVialRack_Alpha512.png,.png,512,512,RGBA,2048,1,-1|1|25,0,0,8,262144,0.250,0.333,147000,0.140,,,,,,,,,,,,,,,,,,,,,,,,,Keep compressed; atlas if grouped with small sibling textures.,STATIC_SOURCE
texture,Assets/_Project/Art/Sprites/ui/InventoryGenerated/Batch30/Alpha512/DRAFT_TX_B30_IsolatedInventory_10_AlloyIngot_Alpha512.png,.png,512,512,RGBA,2048,1,-1|1|25,0,0,8,262144,0.250,0.333,165541,0.158,,,,,,,,,,,,,,,,,,,,,,,,,Keep compressed; atlas if grouped with small sibling textures.,STATIC_SOURCE
texture,Assets/_Project/Art/Sprites/ui/InventoryGenerated/Batch30/Atlas/PREVIEW_B30_InventoryGenerated_DiegeticSlots.png,.png,560,272,RGBA,2048,1,-1|1|25,0,0,0,152320,0.145,0.194,60285,0.057,,,,,,,,,,,,,,,,,,,,,,,,,Keep compressed; atlas if grouped with small sibling textures.,STATIC_SOURCE
texture,Assets/_Project/Art/Sprites/ui/InventoryGenerated/Batch30/Atlas/PREVIEW_B30_InventoryGenerated_IconSizes_Checkerboard.png,.png,760,1720,RGBA,2048,1,-1|1|25,0,0,8,1307200,1.247,1.662,727710,0.694,,,,,,,,,,,,,,,,,,,,,,,STREAMING_MIPMAPS_OFF_LARGE,,Low tier should halve source/import max; keep high mips only with hero or streaming proof.,STATIC_SOURCE
texture,Assets/_Project/Art/Sprites/ui/InventoryGenerated/Batch30/Atlas/PREVIEW_B30_InventoryGenerated_Readability.png,.png,590,428,RGBA,2048,1,-1|1|25,0,0,0,252520,0.241,0.321,79189,0.076,,,,,,,,,,,,,,,,,,,,,,,,,Keep compressed; atlas if grouped with small sibling textures.,STATIC_SOURCE
texture,Assets/_Project/Art/Sprites/ui/InventoryGenerated/Batch30/Atlas/TX_B30_InventoryGenerated_CandidateAtlas_512xCells.png,.png,2560,1024,RGBA,2048,1,-1|1|25,0,0,8,2621440,2.500,3.333,1785370,1.703,,,,,,,,,,,,,,,,,,,,,,,VRAM CRIME: TEXTURE_GT_2048;STREAMING_MIPMAPS_OFF_LARGE,,Low tier should halve source/import max; keep high mips only with hero or streaming proof.,STATIC_SOURCE
texture,Assets/_Project/Art/Sprites/ui/InventoryGenerated/Batch30/Atlas/TX_B30_InventoryGenerated_CandidateAtlas_512xCells_256xCells.png,.png,1280,512,RGBA,2048,1,-1|1|25,0,0,8,655360,0.625,0.833,505175,0.482,,,,,,,,,,,,,,,,,,,,,,,STREAMING_MIPMAPS_OFF_LARGE,,Low tier should halve source/import max; keep high mips only with hero or streaming proof.,STATIC_SOURCE
texture,Assets/_Project/Art/Sprites/ui/MICRO.png,.png,1024,1024,RGB,2048,1,-1|1|25,0,0,8,1048576,1.000,1.333,1851554,1.766,,,,,,,,,,,,,,,,,,,,,,,,,Keep compressed; atlas if grouped with small sibling textures.,STATIC_SOURCE
texture,Assets/_Project/Art/Sprites/ui/OXYGEN.png,.png,1024,1024,RGB,2048,1,-1|1|25,0,0,8,1048576,1.000,1.333,1710781,1.632,,,,,,,,,,,,,,,,,,,,,,,,,Keep compressed; atlas if grouped with small sibling textures.,STATIC_SOURCE
texture,Assets/_Project/Art/Sprites/ui/TITANIUM.png,.png,1024,1024,RGB,2048,1,-1|1|25,0,0,8,1048576,1.000,1.333,1753899,1.673,,,,,,,,,,,,,,,,,,,,,,,,,Keep compressed; atlas if grouped with small sibling textures.,STATIC_SOURCE
texture,Assets/_Project/Art/TEXTURES/Aegir_storms.png,.png,4096,2048,RGBA,2048,1,-1|1|25,1,0,0,8388608,8.000,10.667,356896,0.340,,,,,,,,,,,,,,,,,,,,,,,VRAM CRIME: TEXTURE_GT_2048,,Low tier should halve source/import max; keep high mips only with hero or streaming proof.,STATIC_SOURCE
texture,Assets/_Project/Art/TEXTURES/clouds.png,.png,4096,2048,L,2048,1,-1|1|25,1,0,0,8388608,8.000,10.667,3012389,2.873,,,,,,,,,,,,,,,,,,,,,,,VRAM CRIME: TEXTURE_GT_2048,,Low tier should halve source/import max; keep high mips only with hero or streaming proof.,STATIC_SOURCE
texture,Assets/_Project/Art/TEXTURES/clouds0_diff.png,.png,4096,2048,RGBA,2048,1,-1|1|25,1,0,0,8388608,8.000,10.667,10991664,10.482,,,,,,,,,,,,,,,,,,,,,,,VRAM CRIME: TEXTURE_GT_2048,,Low tier should halve source/import max; keep high mips only with hero or streaming proof.,STATIC_SOURCE
texture,Assets/_Project/Art/TEXTURES/Detali/bubble vent atlas - bad - redo.png,.png,1024,1024,RGB,2048,1,-1|1|25,0,0,0,1048576,1.000,1.333,1539540,1.468,,,,,,,,,,,,,,,,,,,,,,,,,Keep compressed; atlas if grouped with small sibling textures.,STATIC_SOURCE
texture,Assets/_Project/Art/TEXTURES/Detali/mineral seep mask - looks seamless.png,.png,1024,1024,RGB,2048,1,-1|1|25,0,0,0,1048576,1.000,1.333,2371804,2.262,,,,,,,,,,,,,,,,,,,,,,,,,Channel-pack masks into one RGBA texture; avoid separate AO/spec maps.,STATIC_SOURCE
texture,Assets/_Project/Art/TEXTURES/Detali/Mineral Seep Mask - second try.png,.png,1024,1024,RGB,1024|2048,1,-1|1|25,0,0,0,1048576,1.000,1.333,3114990,2.971,,,,,,,,,,,,,,,,,,,,,,,,,Channel-pack masks into one RGBA texture; avoid separate AO/spec maps.,STATIC_SOURCE
texture,Assets/_Project/Art/TEXTURES/Detali/Soft Plume Noise - second try.png,.png,1024,1024,RGB,1024|2048,1,-1|1|25,0,0,0,1048576,1.000,1.333,2005725,1.913,,,,,,,,,,,,,,,,,,,,,,,,,Keep compressed; atlas if grouped with small sibling textures.,STATIC_SOURCE
texture,Assets/_Project/Art/TEXTURES/Detali/soft_plume_noise_-_kakoy_to_seryy_nu_norm.png,.png,1024,1024,RGB,2048,1,-1|1|25,0,0,0,1048576,1.000,1.333,1821218,1.737,,,,,,,,,,,,,,,,,,,,,,,,,Use BC5 normal import; Low tier cap 1024 unless hero close-read asset.,STATIC_SOURCE
texture,Assets/_Project/Art/TEXTURES/Detali/visor droplet mask.png,.png,1024,1024,RGB,2048,1,-1|1|25,0,0,0,1048576,1.000,1.333,1217039,1.161,,,,,,,,,,,,,,,,,,,,,,,,,Channel-pack masks into one RGBA texture; avoid separate AO/spec maps.,STATIC_SOURCE
texture,Assets/_Project/Art/TEXTURES/Detali/visor runoff normal.png,.png,1024,1024,RGB,2048,1,-1|1|27,0,0,1,1048576,1.000,1.333,1352821,1.290,,,,,,,,,,,,,,,,,,,,,,,,,Use BC5 normal import; Low tier cap 1024 unless hero close-read asset.,STATIC_SOURCE
texture,Assets/_Project/Art/TEXTURES/FLOOR.png,.png,1024,1024,RGB,2048,1,-1|1|25,0,0,0,1048576,1.000,1.333,2019609,1.926,,,,,,,,,,,,,,,,,,,,,,,,,Keep compressed; atlas if grouped with small sibling textures.,STATIC_SOURCE
texture,Assets/_Project/Art/TEXTURES/FLOOR1.png,.png,1024,1024,RGB,2048,1,-1|1|25,0,0,0,1048576,1.000,1.333,2071455,1.975,,,,,,,,,,,,,,,,,,,,,,,,,Keep compressed; atlas if grouped with small sibling textures.,STATIC_SOURCE
texture,Assets/_Project/Art/TEXTURES/foam.png,.png,2048,2048,RGBA,2048,1,-1|1|25,1,0,0,4194304,4.000,5.333,5930422,5.656,,,,,,,,,,,,,,,,,,,,,,,,,Low tier should halve source/import max; keep high mips only with hero or streaming proof.,STATIC_SOURCE
texture,Assets/_Project/Art/TEXTURES/gameart.png,.png,1376,768,RGB,2048,1,-1|1|25,0,0,0,1056768,1.008,1.344,1821088,1.737,,,,,,,,,,,,,,,,,,,,,,,STREAMING_MIPMAPS_OFF_LARGE,,Low tier should halve source/import max; keep high mips only with hero or streaming proof.,STATIC_SOURCE
texture,Assets/_Project/Art/TEXTURES/Generated/ExternalPBR_20260607/PolyHaven/blue_metal_plate/TX_PH_blue_metal_plate_ARM_AO_Rough_Metal_2k.jpg,.jpg,2048,2048,RGB,2048,1|2,-1|1|25|50,0,0,0,4194304,4.000,5.333,1640935,1.565,,,,,,,,,,,,,,,,,,,,,,,STREAMING_MIPMAPS_OFF_LARGE,,Channel-pack masks into one RGBA texture; avoid separate AO/spec maps.,STATIC_SOURCE
texture,Assets/_Project/Art/TEXTURES/Generated/ExternalPBR_20260607/PolyHaven/blue_metal_plate/TX_PH_blue_metal_plate_BaseColor_2k.jpg,.jpg,2048,2048,RGB,2048,1|2,-1|1|25|50,0,0,0,4194304,4.000,5.333,1518621,1.448,,,,,,,,,,,,,,,,,,,,,,,STREAMING_MIPMAPS_OFF_LARGE,,Channel-pack masks into one RGBA texture; avoid separate AO/spec maps.,STATIC_SOURCE
texture,Assets/_Project/Art/TEXTURES/Generated/ExternalPBR_20260607/PolyHaven/blue_metal_plate/TX_PH_blue_metal_plate_Height_2k.jpg,.jpg,2048,2048,L,2048,1|2,-1|1|25|50,0,0,0,4194304,4.000,5.333,124881,0.119,,,,,,,,,,,,,,,,,,,,,,,STREAMING_MIPMAPS_OFF_LARGE,,Channel-pack masks into one RGBA texture; avoid separate AO/spec maps.,STATIC_SOURCE
texture,Assets/_Project/Art/TEXTURES/Generated/ExternalPBR_20260607/PolyHaven/blue_metal_plate/TX_PH_blue_metal_plate_MaskMap_UnityURP_2k.png,.png,2048,2048,RGBA,2048,1|2,-1|1|25|50,0,0,0,4194304,4.000,5.333,4315905,4.116,,,,,,,,,,,,,,,,,,,,,,,STREAMING_MIPMAPS_OFF_LARGE,,Channel-pack masks into one RGBA texture; avoid separate AO/spec maps.,STATIC_SOURCE
texture,Assets/_Project/Art/TEXTURES/Generated/ExternalPBR_20260607/PolyHaven/blue_metal_plate/TX_PH_blue_metal_plate_NormalGL_2k.jpg,.jpg,2048,2048,RGB,2048,1|2,-1|1|27|50,0,0,1,4194304,4.000,5.333,948237,0.904,,,,,,,,,,,,,,,,,,,,,,,STREAMING_MIPMAPS_OFF_LARGE,,Use BC5 normal import; Low tier cap 1024 unless hero close-read asset.,STATIC_SOURCE
texture,Assets/_Project/Art/TEXTURES/Generated/ExternalPBR_20260607/PolyHaven/box_profile_metal_sheet/TX_PH_box_profile_metal_sheet_ARM_AO_Rough_Metal_2k.jpg,.jpg,2048,2048,RGB,2048,1|2,-1|1|25|50,0,0,0,4194304,4.000,5.333,2879869,2.746,,,,,,,,,,,,,,,,,,,,,,,STREAMING_MIPMAPS_OFF_LARGE,,Channel-pack masks into one RGBA texture; avoid separate AO/spec maps.,STATIC_SOURCE
texture,Assets/_Project/Art/TEXTURES/Generated/ExternalPBR_20260607/PolyHaven/box_profile_metal_sheet/TX_PH_box_profile_metal_sheet_BaseColor_2k.jpg,.jpg,2048,2048,RGB,2048,1|2,-1|1|25|50,0,0,0,4194304,4.000,5.333,1473974,1.406,,,,,,,,,,,,,,,,,,,,,,,STREAMING_MIPMAPS_OFF_LARGE,,Channel-pack masks into one RGBA texture; avoid separate AO/spec maps.,STATIC_SOURCE
texture,Assets/_Project/Art/TEXTURES/Generated/ExternalPBR_20260607/PolyHaven/box_profile_metal_sheet/TX_PH_box_profile_metal_sheet_Height_2k.jpg,.jpg,2048,2048,L,2048,1|2,-1|1|25|50,0,0,0,4194304,4.000,5.333,588975,0.562,,,,,,,,,,,,,,,,,,,,,,,STREAMING_MIPMAPS_OFF_LARGE,,Channel-pack masks into one RGBA texture; avoid separate AO/spec maps.,STATIC_SOURCE
texture,Assets/_Project/Art/TEXTURES/Generated/ExternalPBR_20260607/PolyHaven/box_profile_metal_sheet/TX_PH_box_profile_metal_sheet_MaskMap_UnityURP_2k.png,.png,2048,2048,RGBA,2048,1|2,-1|1|25|50,0,0,0,4194304,4.000,5.333,6658764,6.350,,,,,,,,,,,,,,,,,,,,,,,STREAMING_MIPMAPS_OFF_LARGE,,Channel-pack masks into one RGBA texture; avoid separate AO/spec maps.,STATIC_SOURCE
texture,Assets/_Project/Art/TEXTURES/Generated/ExternalPBR_20260607/PolyHaven/box_profile_metal_sheet/TX_PH_box_profile_metal_sheet_NormalGL_2k.jpg,.jpg,2048,2048,RGB,2048,1|2,-1|1|27|50,0,0,1,4194304,4.000,5.333,2481787,2.367,,,,,,,,,,,,,,,,,,,,,,,STREAMING_MIPMAPS_OFF_LARGE,,Use BC5 normal import; Low tier cap 1024 unless hero close-read asset.,STATIC_SOURCE
texture,Assets/_Project/Art/TEXTURES/Generated/ExternalPBR_20260607/PolyHaven/container_side/TX_PH_container_side_ARM_AO_Rough_Metal_2k.jpg,.jpg,2048,2048,RGB,2048,1|2,-1|1|25|50,0,0,0,4194304,4.000,5.333,1856806,1.771,,,,,,,,,,,,,,,,,,,,,,,STREAMING_MIPMAPS_OFF_LARGE,,Channel-pack masks into one RGBA texture; avoid separate AO/spec maps.,STATIC_SOURCE
texture,Assets/_Project/Art/TEXTURES/Generated/ExternalPBR_20260607/PolyHaven/container_side/TX_PH_container_side_BaseColor_2k.jpg,.jpg,2048,2048,RGB,2048,1|2,-1|1|25|50,0,0,0,4194304,4.000,5.333,1833036,1.748,,,,,,,,,,,,,,,,,,,,,,,STREAMING_MIPMAPS_OFF_LARGE,,Low tier should halve source/import max; keep high mips only with hero or streaming proof.,STATIC_SOURCE
texture,Assets/_Project/Art/TEXTURES/Generated/ExternalPBR_20260607/PolyHaven/container_side/TX_PH_container_side_Height_2k.jpg,.jpg,2048,2048,L,2048,1|2,-1|1|25|50,0,0,0,4194304,4.000,5.333,644811,0.615,,,,,,,,,,,,,,,,,,,,,,,STREAMING_MIPMAPS_OFF_LARGE,,Low tier should halve source/import max; keep high mips only with hero or streaming proof.,STATIC_SOURCE
texture,Assets/_Project/Art/TEXTURES/Generated/ExternalPBR_20260607/PolyHaven/container_side/TX_PH_container_side_MaskMap_UnityURP_2k.png,.png,2048,2048,RGBA,2048,1|2,-1|1|25|50,0,0,0,4194304,4.000,5.333,5119303,4.882,,,,,,,,,,,,,,,,,,,,,,,STREAMING_MIPMAPS_OFF_LARGE,,Channel-pack masks into one RGBA texture; avoid separate AO/spec maps.,STATIC_SOURCE
texture,Assets/_Project/Art/TEXTURES/Generated/ExternalPBR_20260607/PolyHaven/container_side/TX_PH_container_side_NormalGL_2k.jpg,.jpg,2048,2048,RGB,2048,1|2,-1|1|27|50,0,0,1,4194304,4.000,5.333,2632795,2.511,,,,,,,,,,,,,,,,,,,,,,,STREAMING_MIPMAPS_OFF_LARGE,,Use BC5 normal import; Low tier cap 1024 unless hero close-read asset.,STATIC_SOURCE
texture,Assets/_Project/Art/TEXTURES/Generated/ExternalPBR_20260607/PolyHaven/corrugated_iron/TX_PH_corrugated_iron_ARM_AO_Rough_Metal_2k.jpg,.jpg,2048,2048,RGB,2048,1|2,-1|1|25|50,0,0,0,4194304,4.000,5.333,1862024,1.776,,,,,,,,,,,,,,,,,,,,,,,STREAMING_MIPMAPS_OFF_LARGE,,Channel-pack masks into one RGBA texture; avoid separate AO/spec maps.,STATIC_SOURCE
texture,Assets/_Project/Art/TEXTURES/Generated/ExternalPBR_20260607/PolyHaven/corrugated_iron/TX_PH_corrugated_iron_BaseColor_2k.jpg,.jpg,2048,2048,RGB,2048,1|2,-1|1|25|50,0,0,0,4194304,4.000,5.333,2605861,2.485,,,,,,,,,,,,,,,,,,,,,,,STREAMING_MIPMAPS_OFF_LARGE,,Low tier should halve source/import max; keep high mips only with hero or streaming proof.,STATIC_SOURCE
texture,Assets/_Project/Art/TEXTURES/Generated/ExternalPBR_20260607/PolyHaven/corrugated_iron/TX_PH_corrugated_iron_Height_2k.jpg,.jpg,2048,2048,L,2048,1|2,-1|1|25|50,0,0,0,4194304,4.000,5.333,781870,0.746,,,,,,,,,,,,,,,,,,,,,,,STREAMING_MIPMAPS_OFF_LARGE,,Low tier should halve source/import max; keep high mips only with hero or streaming proof.,STATIC_SOURCE
texture,Assets/_Project/Art/TEXTURES/Generated/ExternalPBR_20260607/PolyHaven/corrugated_iron/TX_PH_corrugated_iron_MaskMap_UnityURP_2k.png,.png,2048,2048,RGBA,2048,1|2,-1|1|25|50,0,0,0,4194304,4.000,5.333,4876879,4.651,,,,,,,,,,,,,,,,,,,,,,,STREAMING_MIPMAPS_OFF_LARGE,,Channel-pack masks into one RGBA texture; avoid separate AO/spec maps.,STATIC_SOURCE
texture,Assets/_Project/Art/TEXTURES/Generated/ExternalPBR_20260607/PolyHaven/corrugated_iron/TX_PH_corrugated_iron_NormalGL_2k.jpg,.jpg,2048,2048,RGB,2048,1|2,-1|1|27|50,0,0,1,4194304,4.000,5.333,3453777,3.294,,,,,,,,,,,,,,,,,,,,,,,STREAMING_MIPMAPS_OFF_LARGE,,Use BC5 normal import; Low tier cap 1024 unless hero close-read asset.,STATIC_SOURCE
texture,Assets/_Project/Art/TEXTURES/Generated/ExternalPBR_20260607/PolyHaven/corrugated_iron_02/TX_PH_corrugated_iron_02_ARM_AO_Rough_Metal_2k.jpg,.jpg,2048,2048,RGB,2048,1|2,-1|1|25|50,0,0,0,4194304,4.000,5.333,4037544,3.851,,,,,,,,,,,,,,,,,,,,,,,STREAMING_MIPMAPS_OFF_LARGE,,Channel-pack masks into one RGBA texture; avoid separate AO/spec maps.,STATIC_SOURCE
texture,Assets/_Project/Art/TEXTURES/Generated/ExternalPBR_20260607/PolyHaven/corrugated_iron_02/TX_PH_corrugated_iron_02_BaseColor_2k.jpg,.jpg,2048,2048,RGB,2048,1|2,-1|1|25|50,0,0,0,4194304,4.000,5.333,2325335,2.218,,,,,,,,,,,,,,,,,,,,,,,STREAMING_MIPMAPS_OFF_LARGE,,Low tier should halve source/import max; keep high mips only with hero or streaming proof.,STATIC_SOURCE
texture,Assets/_Project/Art/TEXTURES/Generated/ExternalPBR_20260607/PolyHaven/corrugated_iron_02/TX_PH_corrugated_iron_02_Height_2k.jpg,.jpg,2048,2048,L,2048,1|2,-1|1|25|50,0,0,0,4194304,4.000,5.333,821702,0.784,,,,,,,,,,,,,,,,,,,,,,,STREAMING_MIPMAPS_OFF_LARGE,,Low tier should halve source/import max; keep high mips only with hero or streaming proof.,STATIC_SOURCE
texture,Assets/_Project/Art/TEXTURES/Generated/ExternalPBR_20260607/PolyHaven/corrugated_iron_02/TX_PH_corrugated_iron_02_MaskMap_UnityURP_2k.png,.png,2048,2048,RGBA,2048,1|2,-1|1|25|50,0,0,0,4194304,4.000,5.333,9234679,8.807,,,,,,,,,,,,,,,,,,,,,,,STREAMING_MIPMAPS_OFF_LARGE,,Channel-pack masks into one RGBA texture; avoid separate AO/spec maps.,STATIC_SOURCE
texture,Assets/_Project/Art/TEXTURES/Generated/ExternalPBR_20260607/PolyHaven/corrugated_iron_02/TX_PH_corrugated_iron_02_NormalGL_2k.jpg,.jpg,2048,2048,RGB,2048,1|2,-1|1|27|50,0,0,1,4194304,4.000,5.333,2178443,2.078,,,,,,,,,,,,,,,,,,,,,,,STREAMING_MIPMAPS_OFF_LARGE,,Use BC5 normal import; Low tier cap 1024 unless hero close-read asset.,STATIC_SOURCE
texture,Assets/_Project/Art/TEXTURES/Generated/ExternalPBR_20260607/PolyHaven/corrugated_iron_03/TX_PH_corrugated_iron_03_ARM_AO_Rough_Metal_2k.jpg,.jpg,2048,2048,RGB,2048,1|2,-1|1|25|50,0,0,0,4194304,4.000,5.333,1193928,1.139,,,,,,,,,,,,,,,,,,,,,,,STREAMING_MIPMAPS_OFF_LARGE,,Channel-pack masks into one RGBA texture; avoid separate AO/spec maps.,STATIC_SOURCE
texture,Assets/_Project/Art/TEXTURES/Generated/ExternalPBR_20260607/PolyHaven/corrugated_iron_03/TX_PH_corrugated_iron_03_BaseColor_2k.jpg,.jpg,2048,2048,RGB,2048,1|2,-1|1|25|50,0,0,0,4194304,4.000,5.333,1908641,1.820,,,,,,,,,,,,,,,,,,,,,,,STREAMING_MIPMAPS_OFF_LARGE,,Low tier should halve source/import max; keep high mips only with hero or streaming proof.,STATIC_SOURCE
texture,Assets/_Project/Art/TEXTURES/Generated/ExternalPBR_20260607/PolyHaven/corrugated_iron_03/TX_PH_corrugated_iron_03_Height_2k.jpg,.jpg,2048,2048,L,2048,1|2,-1|1|25|50,0,0,0,4194304,4.000,5.333,1069485,1.020,,,,,,,,,,,,,,,,,,,,,,,STREAMING_MIPMAPS_OFF_LARGE,,Low tier should halve source/import max; keep high mips only with hero or streaming proof.,STATIC_SOURCE
texture,Assets/_Project/Art/TEXTURES/Generated/ExternalPBR_20260607/PolyHaven/corrugated_iron_03/TX_PH_corrugated_iron_03_MaskMap_UnityURP_2k.png,.png,2048,2048,RGBA,2048,1|2,-1|1|25|50,0,0,0,4194304,4.000,5.333,2405689,2.294,,,,,,,,,,,,,,,,,,,,,,,STREAMING_MIPMAPS_OFF_LARGE,,Channel-pack masks into one RGBA texture; avoid separate AO/spec maps.,STATIC_SOURCE
texture,Assets/_Project/Art/TEXTURES/Generated/ExternalPBR_20260607/PolyHaven/corrugated_iron_03/TX_PH_corrugated_iron_03_NormalGL_2k.jpg,.jpg,2048,2048,RGB,2048,1|2,-1|1|27|50,0,0,1,4194304,4.000,5.333,1950629,1.860,,,,,,,,,,,,,,,,,,,,,,,STREAMING_MIPMAPS_OFF_LARGE,,Use BC5 normal import; Low tier cap 1024 unless hero close-read asset.,STATIC_SOURCE
texture,Assets/_Project/Art/TEXTURES/Generated/ExternalPBR_20260607/PolyHaven/factory_wall/TX_PH_factory_wall_ARM_AO_Rough_Metal_2k.jpg,.jpg,2048,2048,RGB,2048,1|2,-1|1|25|50,0,0,0,4194304,4.000,5.333,706145,0.673,,,,,,,,,,,,,,,,,,,,,,,STREAMING_MIPMAPS_OFF_LARGE,,Channel-pack masks into one RGBA texture; avoid separate AO/spec maps.,STATIC_SOURCE
texture,Assets/_Project/Art/TEXTURES/Generated/ExternalPBR_20260607/PolyHaven/factory_wall/TX_PH_factory_wall_BaseColor_2k.jpg,.jpg,2048,2048,RGB,2048,1|2,-1|1|25|50,0,0,0,4194304,4.000,5.333,1140576,1.088,,,,,,,,,,,,,,,,,,,,,,,STREAMING_MIPMAPS_OFF_LARGE,,Low tier should halve source/import max; keep high mips only with hero or streaming proof.,STATIC_SOURCE
texture,Assets/_Project/Art/TEXTURES/Generated/ExternalPBR_20260607/PolyHaven/factory_wall/TX_PH_factory_wall_Height_2k.jpg,.jpg,2048,2048,L,2048,1|2,-1|1|25|50,0,0,0,4194304,4.000,5.333,394235,0.376,,,,,,,,,,,,,,,,,,,,,,,STREAMING_MIPMAPS_OFF_LARGE,,Low tier should halve source/import max; keep high mips only with hero or streaming proof.,STATIC_SOURCE
texture,Assets/_Project/Art/TEXTURES/Generated/ExternalPBR_20260607/PolyHaven/factory_wall/TX_PH_factory_wall_MaskMap_UnityURP_2k.png,.png,2048,2048,RGBA,2048,1|2,-1|1|25|50,0,0,0,4194304,4.000,5.333,6424045,6.126,,,,,,,,,,,,,,,,,,,,,,,STREAMING_MIPMAPS_OFF_LARGE,,Channel-pack masks into one RGBA texture; avoid separate AO/spec maps.,STATIC_SOURCE
texture,Assets/_Project/Art/TEXTURES/Generated/ExternalPBR_20260607/PolyHaven/factory_wall/TX_PH_factory_wall_NormalGL_2k.jpg,.jpg,2048,2048,RGB,2048,1|2,-1|1|27|50,0,0,1,4194304,4.000,5.333,676845,0.645,,,,,,,,,,,,,,,,,,,,,,,STREAMING_MIPMAPS_OFF_LARGE,,Use BC5 normal import; Low tier cap 1024 unless hero close-read asset.,STATIC_SOURCE
texture,Assets/_Project/Art/TEXTURES/Generated/ExternalPBR_20260607/PolyHaven/green_metal_rust/TX_PH_green_metal_rust_ARM_AO_Rough_Metal_2k.jpg,.jpg,2048,2048,RGB,2048,1|2,-1|1|25|50,0,0,0,4194304,4.000,5.333,477556,0.455,,,,,,,,,,,,,,,,,,,,,,,STREAMING_MIPMAPS_OFF_LARGE,,Channel-pack masks into one RGBA texture; avoid separate AO/spec maps.,STATIC_SOURCE
texture,Assets/_Project/Art/TEXTURES/Generated/ExternalPBR_20260607/PolyHaven/green_metal_rust/TX_PH_green_metal_rust_BaseColor_2k.jpg,.jpg,2048,2048,RGB,2048,1|2,-1|1|25|50,0,0,0,4194304,4.000,5.333,787402,0.751,,,,,,,,,,,,,,,,,,,,,,,STREAMING_MIPMAPS_OFF_LARGE,,Channel-pack masks into one RGBA texture; avoid separate AO/spec maps.,STATIC_SOURCE
texture,Assets/_Project/Art/TEXTURES/Generated/ExternalPBR_20260607/PolyHaven/green_metal_rust/TX_PH_green_metal_rust_Height_2k.jpg,.jpg,2048,2048,L,2048,1|2,-1|1|25|50,0,0,0,4194304,4.000,5.333,1013126,0.966,,,,,,,,,,,,,,,,,,,,,,,STREAMING_MIPMAPS_OFF_LARGE,,Channel-pack masks into one RGBA texture; avoid separate AO/spec maps.,STATIC_SOURCE
texture,Assets/_Project/Art/TEXTURES/Generated/ExternalPBR_20260607/PolyHaven/green_metal_rust/TX_PH_green_metal_rust_MaskMap_UnityURP_2k.png,.png,2048,2048,RGBA,2048,1|2,-1|1|25|50,0,0,0,4194304,4.000,5.333,5061190,4.827,,,,,,,,,,,,,,,,,,,,,,,STREAMING_MIPMAPS_OFF_LARGE,,Channel-pack masks into one RGBA texture; avoid separate AO/spec maps.,STATIC_SOURCE
texture,Assets/_Project/Art/TEXTURES/Generated/ExternalPBR_20260607/PolyHaven/green_metal_rust/TX_PH_green_metal_rust_NormalGL_2k.jpg,.jpg,2048,2048,RGB,2048,1|2,-1|1|27|50,0,0,1,4194304,4.000,5.333,357436,0.341,,,,,,,,,,,,,,,,,,,,,,,STREAMING_MIPMAPS_OFF_LARGE,,Use BC5 normal import; Low tier cap 1024 unless hero close-read asset.,STATIC_SOURCE
texture,Assets/_Project/Art/TEXTURES/Generated/ExternalPBR_20260607/PolyHaven/metal_grate_rusty/TX_PH_metal_grate_rusty_ARM_AO_Rough_Metal_2k.jpg,.jpg,2048,2048,RGB,2048,1|2,-1|1|25|50,0,0,0,4194304,4.000,5.333,4085634,3.896,,,,,,,,,,,,,,,,,,,,,,,STREAMING_MIPMAPS_OFF_LARGE,,Channel-pack masks into one RGBA texture; avoid separate AO/spec maps.,STATIC_SOURCE
texture,Assets/_Project/Art/TEXTURES/Generated/ExternalPBR_20260607/PolyHaven/metal_grate_rusty/TX_PH_metal_grate_rusty_BaseColor_2k.jpg,.jpg,2048,2048,RGB,2048,1|2,-1|1|25|50,0,0,0,4194304,4.000,5.333,3835427,3.658,,,,,,,,,,,,,,,,,,,,,,,STREAMING_MIPMAPS_OFF_LARGE,,Channel-pack masks into one RGBA texture; avoid separate AO/spec maps.,STATIC_SOURCE
texture,Assets/_Project/Art/TEXTURES/Generated/ExternalPBR_20260607/PolyHaven/metal_grate_rusty/TX_PH_metal_grate_rusty_Height_2k.jpg,.jpg,2048,2048,L,2048,1|2,-1|1|25|50,0,0,0,4194304,4.000,5.333,476494,0.454,,,,,,,,,,,,,,,,,,,,,,,STREAMING_MIPMAPS_OFF_LARGE,,Channel-pack masks into one RGBA texture; avoid separate AO/spec maps.,STATIC_SOURCE
texture,Assets/_Project/Art/TEXTURES/Generated/ExternalPBR_20260607/PolyHaven/metal_grate_rusty/TX_PH_metal_grate_rusty_MaskMap_UnityURP_2k.png,.png,2048,2048,RGBA,2048,1|2,-1|1|25|50,0,0,0,4194304,4.000,5.333,9021029,8.603,,,,,,,,,,,,,,,,,,,,,,,STREAMING_MIPMAPS_OFF_LARGE,,Channel-pack masks into one RGBA texture; avoid separate AO/spec maps.,STATIC_SOURCE
texture,Assets/_Project/Art/TEXTURES/Generated/ExternalPBR_20260607/PolyHaven/metal_grate_rusty/TX_PH_metal_grate_rusty_NormalGL_2k.jpg,.jpg,2048,2048,RGB,2048,1|2,-1|1|27|50,0,0,1,4194304,4.000,5.333,3253442,3.103,,,,,,,,,,,,,,,,,,,,,,,STREAMING_MIPMAPS_OFF_LARGE,,Use BC5 normal import; Low tier cap 1024 unless hero close-read asset.,STATIC_SOURCE
texture,Assets/_Project/Art/TEXTURES/Generated/ExternalPBR_20260607/PolyHaven/metal_plate/TX_PH_metal_plate_ARM_AO_Rough_Metal_2k.jpg,.jpg,2048,2048,RGB,2048,1|2,-1|1|25|50,0,0,0,4194304,4.000,5.333,3926194,3.744,,,,,,,,,,,,,,,,,,,,,,,STREAMING_MIPMAPS_OFF_LARGE,,Channel-pack masks into one RGBA texture; avoid separate AO/spec maps.,STATIC_SOURCE
texture,Assets/_Project/Art/TEXTURES/Generated/ExternalPBR_20260607/PolyHaven/metal_plate/TX_PH_metal_plate_BaseColor_2k.jpg,.jpg,2048,2048,RGB,2048,1|2,-1|1|25|50,0,0,0,4194304,4.000,5.333,2670774,2.547,,,,,,,,,,,,,,,,,,,,,,,STREAMING_MIPMAPS_OFF_LARGE,,Channel-pack masks into one RGBA texture; avoid separate AO/spec maps.,STATIC_SOURCE
texture,Assets/_Project/Art/TEXTURES/Generated/ExternalPBR_20260607/PolyHaven/metal_plate/TX_PH_metal_plate_Height_2k.jpg,.jpg,2048,2048,L,2048,1|2,-1|1|25|50,0,0,0,4194304,4.000,5.333,1067841,1.018,,,,,,,,,,,,,,,,,,,,,,,STREAMING_MIPMAPS_OFF_LARGE,,Channel-pack masks into one RGBA texture; avoid separate AO/spec maps.,STATIC_SOURCE
texture,Assets/_Project/Art/TEXTURES/Generated/ExternalPBR_20260607/PolyHaven/metal_plate/TX_PH_metal_plate_MaskMap_UnityURP_2k.png,.png,2048,2048,RGBA,2048,1|2,-1|1|25|50,0,0,0,4194304,4.000,5.333,9067603,8.648,,,,,,,,,,,,,,,,,,,,,,,STREAMING_MIPMAPS_OFF_LARGE,,Channel-pack masks into one RGBA texture; avoid separate AO/spec maps.,STATIC_SOURCE
texture,Assets/_Project/Art/TEXTURES/Generated/ExternalPBR_20260607/PolyHaven/metal_plate/TX_PH_metal_plate_NormalGL_2k.jpg,.jpg,2048,2048,RGB,2048,1|2,-1|1|27|50,0,0,1,4194304,4.000,5.333,2516654,2.400,,,,,,,,,,,,,,,,,,,,,,,STREAMING_MIPMAPS_OFF_LARGE,,Use BC5 normal import; Low tier cap 1024 unless hero close-read asset.,STATIC_SOURCE
texture,Assets/_Project/Art/TEXTURES/Generated/ExternalPBR_20260607/PolyHaven/metal_plate_02/TX_PH_metal_plate_02_ARM_AO_Rough_Metal_2k.jpg,.jpg,2048,2048,RGB,2048,1|2,-1|1|25|50,0,0,0,4194304,4.000,5.333,4445975,4.240,,,,,,,,,,,,,,,,,,,,,,,STREAMING_MIPMAPS_OFF_LARGE,,Channel-pack masks into one RGBA texture; avoid separate AO/spec maps.,STATIC_SOURCE
texture,Assets/_Project/Art/TEXTURES/Generated/ExternalPBR_20260607/PolyHaven/metal_plate_02/TX_PH_metal_plate_02_BaseColor_2k.jpg,.jpg,2048,2048,RGB,2048,1|2,-1|1|25|50,0,0,0,4194304,4.000,5.333,2604239,2.484,,,,,,,,,,,,,,,,,,,,,,,STREAMING_MIPMAPS_OFF_LARGE,,Channel-pack masks into one RGBA texture; avoid separate AO/spec maps.,STATIC_SOURCE
texture,Assets/_Project/Art/TEXTURES/Generated/ExternalPBR_20260607/PolyHaven/metal_plate_02/TX_PH_metal_plate_02_Height_2k.jpg,.jpg,2048,2048,L,2048,1|2,-1|1|25|50,0,0,0,4194304,4.000,5.333,690194,0.658,,,,,,,,,,,,,,,,,,,,,,,STREAMING_MIPMAPS_OFF_LARGE,,Channel-pack masks into one RGBA texture; avoid separate AO/spec maps.,STATIC_SOURCE
texture,Assets/_Project/Art/TEXTURES/Generated/ExternalPBR_20260607/PolyHaven/metal_plate_02/TX_PH_metal_plate_02_MaskMap_UnityURP_2k.png,.png,2048,2048,RGBA,2048,1|2,-1|1|25|50,0,0,0,4194304,4.000,5.333,9655178,9.208,,,,,,,,,,,,,,,,,,,,,,,STREAMING_MIPMAPS_OFF_LARGE,,Channel-pack masks into one RGBA texture; avoid separate AO/spec maps.,STATIC_SOURCE
texture,Assets/_Project/Art/TEXTURES/Generated/ExternalPBR_20260607/PolyHaven/metal_plate_02/TX_PH_metal_plate_02_NormalGL_2k.jpg,.jpg,2048,2048,RGB,2048,1|2,-1|1|27|50,0,0,1,4194304,4.000,5.333,565185,0.539,,,,,,,,,,,,,,,,,,,,,,,STREAMING_MIPMAPS_OFF_LARGE,,Use BC5 normal import; Low tier cap 1024 unless hero close-read asset.,STATIC_SOURCE
texture,Assets/_Project/Art/TEXTURES/Generated/ExternalPBR_20260607/PolyHaven/painted_metal_shutter/TX_PH_painted_metal_shutter_ARM_AO_Rough_Metal_2k.jpg,.jpg,2048,2048,RGB,2048,1|2,-1|1|25|50,0,0,0,4194304,4.000,5.333,2565660,2.447,,,,,,,,,,,,,,,,,,,,,,,STREAMING_MIPMAPS_OFF_LARGE,,Channel-pack masks into one RGBA texture; avoid separate AO/spec maps.,STATIC_SOURCE
texture,Assets/_Project/Art/TEXTURES/Generated/ExternalPBR_20260607/PolyHaven/painted_metal_shutter/TX_PH_painted_metal_shutter_BaseColor_2k.jpg,.jpg,2048,2048,RGB,2048,1|2,-1|1|25|50,0,0,0,4194304,4.000,5.333,2474114,2.359,,,,,,,,,,,,,,,,,,,,,,,STREAMING_MIPMAPS_OFF_LARGE,,Channel-pack masks into one RGBA texture; avoid separate AO/spec maps.,STATIC_SOURCE
texture,Assets/_Project/Art/TEXTURES/Generated/ExternalPBR_20260607/PolyHaven/painted_metal_shutter/TX_PH_painted_metal_shutter_Height_2k.jpg,.jpg,2048,2048,L,2048,1|2,-1|1|25|50,0,0,0,4194304,4.000,5.333,1080331,1.030,,,,,,,,,,,,,,,,,,,,,,,STREAMING_MIPMAPS_OFF_LARGE,,Channel-pack masks into one RGBA texture; avoid separate AO/spec maps.,STATIC_SOURCE
texture,Assets/_Project/Art/TEXTURES/Generated/ExternalPBR_20260607/PolyHaven/painted_metal_shutter/TX_PH_painted_metal_shutter_MaskMap_UnityURP_2k.png,.png,2048,2048,RGBA,2048,1|2,-1|1|25|50,0,0,0,4194304,4.000,5.333,5528109,5.272,,,,,,,,,,,,,,,,,,,,,,,STREAMING_MIPMAPS_OFF_LARGE,,Channel-pack masks into one RGBA texture; avoid separate AO/spec maps.,STATIC_SOURCE
texture,Assets/_Project/Art/TEXTURES/Generated/ExternalPBR_20260607/PolyHaven/painted_metal_shutter/TX_PH_painted_metal_shutter_NormalGL_2k.jpg,.jpg,2048,2048,RGB,2048,1|2,-1|1|27|50,0,0,1,4194304,4.000,5.333,3097249,2.954,,,,,,,,,,,,,,,,,,,,,,,STREAMING_MIPMAPS_OFF_LARGE,,Use BC5 normal import; Low tier cap 1024 unless hero close-read asset.,STATIC_SOURCE
texture,Assets/_Project/Art/TEXTURES/Generated/ExternalPBR_20260607/PolyHaven/PREVIEW_PolyHavenExternalPBR_2k.png,.png,996,4020,RGB,2048,1,-1|1|25,0,0,0,4003920,3.818,5.091,3482627,3.321,,,,,,,,,,,,,,,,,,,,,,,VRAM CRIME: TEXTURE_GT_2048;STREAMING_MIPMAPS_OFF_LARGE,,Low tier should halve source/import max; keep high mips only with hero or streaming proof.,STATIC_SOURCE
texture,Assets/_Project/Art/TEXTURES/Generated/ExternalPBR_20260607/PolyHaven/rubber_tiles/TX_PH_rubber_tiles_ARM_AO_Rough_Metal_2k.jpg,.jpg,2048,2048,RGB,2048,1|2,-1|1|25|50,0,0,0,4194304,4.000,5.333,3011030,2.872,,,,,,,,,,,,,,,,,,,,,,,STREAMING_MIPMAPS_OFF_LARGE,,Channel-pack masks into one RGBA texture; avoid separate AO/spec maps.,STATIC_SOURCE
texture,Assets/_Project/Art/TEXTURES/Generated/ExternalPBR_20260607/PolyHaven/rubber_tiles/TX_PH_rubber_tiles_BaseColor_2k.jpg,.jpg,2048,2048,RGB,2048,1|2,-1|1|25|50,0,0,0,4194304,4.000,5.333,1685204,1.607,,,,,,,,,,,,,,,,,,,,,,,STREAMING_MIPMAPS_OFF_LARGE,,Low tier should halve source/import max; keep high mips only with hero or streaming proof.,STATIC_SOURCE
texture,Assets/_Project/Art/TEXTURES/Generated/ExternalPBR_20260607/PolyHaven/rubber_tiles/TX_PH_rubber_tiles_Height_2k.jpg,.jpg,2048,2048,L,2048,1|2,-1|1|25|50,0,0,0,4194304,4.000,5.333,493915,0.471,,,,,,,,,,,,,,,,,,,,,,,STREAMING_MIPMAPS_OFF_LARGE,,Low tier should halve source/import max; keep high mips only with hero or streaming proof.,STATIC_SOURCE
texture,Assets/_Project/Art/TEXTURES/Generated/ExternalPBR_20260607/PolyHaven/rubber_tiles/TX_PH_rubber_tiles_MaskMap_UnityURP_2k.png,.png,2048,2048,RGBA,2048,1|2,-1|1|25|50,0,0,0,4194304,4.000,5.333,7319896,6.981,,,,,,,,,,,,,,,,,,,,,,,STREAMING_MIPMAPS_OFF_LARGE,,Channel-pack masks into one RGBA texture; avoid separate AO/spec maps.,STATIC_SOURCE
texture,Assets/_Project/Art/TEXTURES/Generated/ExternalPBR_20260607/PolyHaven/rubber_tiles/TX_PH_rubber_tiles_NormalGL_2k.jpg,.jpg,2048,2048,RGB,2048,1|2,-1|1|27|50,0,0,1,4194304,4.000,5.333,2359393,2.250,,,,,,,,,,,,,,,,,,,,,,,STREAMING_MIPMAPS_OFF_LARGE,,Use BC5 normal import; Low tier cap 1024 unless hero close-read asset.,STATIC_SOURCE
texture,Assets/_Project/Art/TEXTURES/Generated/ExternalPBR_20260607/PolyHaven/rusty_corrugated_iron/TX_PH_rusty_corrugated_iron_ARM_AO_Rough_Metal_2k.jpg,.jpg,2048,2048,RGB,2048,1|2,-1|1|25|50,0,0,0,4194304,4.000,5.333,1677217,1.600,,,,,,,,,,,,,,,,,,,,,,,STREAMING_MIPMAPS_OFF_LARGE,,Channel-pack masks into one RGBA texture; avoid separate AO/spec maps.,STATIC_SOURCE
texture,Assets/_Project/Art/TEXTURES/Generated/ExternalPBR_20260607/PolyHaven/rusty_corrugated_iron/TX_PH_rusty_corrugated_iron_BaseColor_2k.jpg,.jpg,2048,2048,RGB,2048,1|2,-1|1|25|50,0,0,0,4194304,4.000,5.333,2552964,2.435,,,,,,,,,,,,,,,,,,,,,,,STREAMING_MIPMAPS_OFF_LARGE,,Low tier should halve source/import max; keep high mips only with hero or streaming proof.,STATIC_SOURCE
texture,Assets/_Project/Art/TEXTURES/Generated/ExternalPBR_20260607/PolyHaven/rusty_corrugated_iron/TX_PH_rusty_corrugated_iron_Height_2k.jpg,.jpg,2048,2048,L,2048,1|2,-1|1|25|50,0,0,0,4194304,4.000,5.333,1089734,1.039,,,,,,,,,,,,,,,,,,,,,,,STREAMING_MIPMAPS_OFF_LARGE,,Low tier should halve source/import max; keep high mips only with hero or streaming proof.,STATIC_SOURCE
texture,Assets/_Project/Art/TEXTURES/Generated/ExternalPBR_20260607/PolyHaven/rusty_corrugated_iron/TX_PH_rusty_corrugated_iron_MaskMap_UnityURP_2k.png,.png,2048,2048,RGBA,2048,1|2,-1|1|25|50,0,0,0,4194304,4.000,5.333,4005410,3.820,,,,,,,,,,,,,,,,,,,,,,,STREAMING_MIPMAPS_OFF_LARGE,,Channel-pack masks into one RGBA texture; avoid separate AO/spec maps.,STATIC_SOURCE
texture,Assets/_Project/Art/TEXTURES/Generated/ExternalPBR_20260607/PolyHaven/rusty_corrugated_iron/TX_PH_rusty_corrugated_iron_NormalGL_2k.jpg,.jpg,2048,2048,RGB,2048,1|2,-1|1|27|50,0,0,1,4194304,4.000,5.333,2841262,2.710,,,,,,,,,,,,,,,,,,,,,,,STREAMING_MIPMAPS_OFF_LARGE,,Use BC5 normal import; Low tier cap 1024 unless hero close-read asset.,STATIC_SOURCE
texture,Assets/_Project/Art/TEXTURES/Generated/ExternalPBR_20260607/PolyHaven/rusty_metal_03/TX_PH_rusty_metal_03_ARM_AO_Rough_Metal_2k.jpg,.jpg,2048,2048,RGB,2048,1|2,-1|1|25|50,0,0,0,4194304,4.000,5.333,2197256,2.095,,,,,,,,,,,,,,,,,,,,,,,STREAMING_MIPMAPS_OFF_LARGE,,Channel-pack masks into one RGBA texture; avoid separate AO/spec maps.,STATIC_SOURCE
texture,Assets/_Project/Art/TEXTURES/Generated/ExternalPBR_20260607/PolyHaven/rusty_metal_03/TX_PH_rusty_metal_03_BaseColor_2k.jpg,.jpg,2048,2048,RGB,2048,1|2,-1|1|25|50,0,0,0,4194304,4.000,5.333,2860689,2.728,,,,,,,,,,,,,,,,,,,,,,,STREAMING_MIPMAPS_OFF_LARGE,,Channel-pack masks into one RGBA texture; avoid separate AO/spec maps.,STATIC_SOURCE
texture,Assets/_Project/Art/TEXTURES/Generated/ExternalPBR_20260607/PolyHaven/rusty_metal_03/TX_PH_rusty_metal_03_Height_2k.jpg,.jpg,2048,2048,L,2048,1|2,-1|1|25|50,0,0,0,4194304,4.000,5.333,1063764,1.014,,,,,,,,,,,,,,,,,,,,,,,STREAMING_MIPMAPS_OFF_LARGE,,Channel-pack masks into one RGBA texture; avoid separate AO/spec maps.,STATIC_SOURCE
texture,Assets/_Project/Art/TEXTURES/Generated/ExternalPBR_20260607/PolyHaven/rusty_metal_03/TX_PH_rusty_metal_03_MaskMap_UnityURP_2k.png,.png,2048,2048,RGBA,2048,1|2,-1|1|25|50,0,0,0,4194304,4.000,5.333,5786379,5.518,,,,,,,,,,,,,,,,,,,,,,,STREAMING_MIPMAPS_OFF_LARGE,,Channel-pack masks into one RGBA texture; avoid separate AO/spec maps.,STATIC_SOURCE
texture,Assets/_Project/Art/TEXTURES/Generated/ExternalPBR_20260607/PolyHaven/rusty_metal_03/TX_PH_rusty_metal_03_NormalGL_2k.jpg,.jpg,2048,2048,RGB,2048,1|2,-1|1|27|50,0,0,1,4194304,4.000,5.333,2697389,2.572,,,,,,,,,,,,,,,,,,,,,,,STREAMING_MIPMAPS_OFF_LARGE,,Use BC5 normal import; Low tier cap 1024 unless hero close-read asset.,STATIC_SOURCE
texture,Assets/_Project/Art/TEXTURES/Generated/ExternalPBR_20260607/PolyHaven/worn_shutter/TX_PH_worn_shutter_ARM_AO_Rough_Metal_2k.jpg,.jpg,2048,2048,RGB,2048,1|2,-1|1|25|50,0,0,0,4194304,4.000,5.333,1773486,1.691,,,,,,,,,,,,,,,,,,,,,,,STREAMING_MIPMAPS_OFF_LARGE,,Channel-pack masks into one RGBA texture; avoid separate AO/spec maps.,STATIC_SOURCE
texture,Assets/_Project/Art/TEXTURES/Generated/ExternalPBR_20260607/PolyHaven/worn_shutter/TX_PH_worn_shutter_BaseColor_2k.jpg,.jpg,2048,2048,RGB,2048,1|2,-1|1|25|50,0,0,0,4194304,4.000,5.333,2111247,2.013,,,,,,,,,,,,,,,,,,,,,,,STREAMING_MIPMAPS_OFF_LARGE,,Low tier should halve source/import max; keep high mips only with hero or streaming proof.,STATIC_SOURCE
texture,Assets/_Project/Art/TEXTURES/Generated/ExternalPBR_20260607/PolyHaven/worn_shutter/TX_PH_worn_shutter_Height_2k.jpg,.jpg,2048,2048,L,2048,1|2,-1|1|25|50,0,0,0,4194304,4.000,5.333,793696,0.757,,,,,,,,,,,,,,,,,,,,,,,STREAMING_MIPMAPS_OFF_LARGE,,Low tier should halve source/import max; keep high mips only with hero or streaming proof.,STATIC_SOURCE
texture,Assets/_Project/Art/TEXTURES/Generated/ExternalPBR_20260607/PolyHaven/worn_shutter/TX_PH_worn_shutter_MaskMap_UnityURP_2k.png,.png,2048,2048,RGBA,2048,1|2,-1|1|25|50,0,0,0,4194304,4.000,5.333,4174196,3.981,,,,,,,,,,,,,,,,,,,,,,,STREAMING_MIPMAPS_OFF_LARGE,,Channel-pack masks into one RGBA texture; avoid separate AO/spec maps.,STATIC_SOURCE
texture,Assets/_Project/Art/TEXTURES/Generated/ExternalPBR_20260607/PolyHaven/worn_shutter/TX_PH_worn_shutter_NormalGL_2k.jpg,.jpg,2048,2048,RGB,2048,1|2,-1|1|27|50,0,0,1,4194304,4.000,5.333,2881999,2.748,,,,,,,,,,,,,,,,,,,,,,,STREAMING_MIPMAPS_OFF_LARGE,,Use BC5 normal import; Low tier cap 1024 unless hero close-read asset.,STATIC_SOURCE
texture,Assets/_Project/Art/TEXTURES/Generated/ExternalPBR_20260607/PREVIEW_ExternalPBR_BaseColorBeauty.png,.png,922,1082,RGB,2048,1,-1|1|25,0,0,0,997604,0.951,1.269,1031514,0.984,,,,,,,,,,,,,,,,,,,,,,,STREAMING_MIPMAPS_OFF_LARGE,,Low tier should halve source/import max; keep high mips only with hero or streaming proof.,STATIC_SOURCE
texture,Assets/_Project/Art/TEXTURES/Generated/ExternalPBR_20260607/PREVIEW_ExternalPBR_LitMaterialSheet.png,.png,922,1082,RGB,2048,1,-1|1|25,0,0,0,997604,0.951,1.269,1035137,0.987,,,,,,,,,,,,,,,,,,,,,,,STREAMING_MIPMAPS_OFF_LARGE,,Low tier should halve source/import max; keep high mips only with hero or streaming proof.,STATIC_SOURCE
texture,Assets/_Project/Art/TEXTURES/Generated/GeminiBatch34PaddedAtlasSources_20260608/decal_atlas/TX_B34-3424_padded_source_atlas.png,.png,1536,1536,RGBA,2048,1|2,-1|1|25|50,0,0,0,2359296,2.250,3.000,1378165,1.314,,,,,,,,,,,,,,,,,,,,,,,STREAMING_MIPMAPS_OFF_LARGE,,Low tier should halve source/import max; keep high mips only with hero or streaming proof.,STATIC_SOURCE
texture,Assets/_Project/Art/TEXTURES/Generated/GeminiBatch34PaddedAtlasSources_20260608/PREVIEW_Batch34_PaddedAtlasSources.png,.png,560,426,RGB,2048,1,-1|1|25,0,0,0,238560,0.228,0.303,179488,0.171,,,,,,,,,,,,,,,,,,,,,,,,,Keep compressed; atlas if grouped with small sibling textures.,STATIC_SOURCE
texture,Assets/_Project/Art/TEXTURES/Generated/GeminiBatch34PaddedAtlasSources_20260608/uv_atlas/TX_B34-3438_padded_source_atlas.png,.png,1536,1536,RGBA,2048,1|2,-1|1|25|50,0,0,0,2359296,2.250,3.000,1453019,1.386,,,,,,,,,,,,,,,,,,,,,,,STREAMING_MIPMAPS_OFF_LARGE,,Low tier should halve source/import max; keep high mips only with hero or streaming proof.,STATIC_SOURCE
texture,Assets/_Project/Art/TEXTURES/Generated/GeminiBatch34PaddedAtlasSources_20260608/uv_atlas/TX_B34-3440_padded_source_atlas.png,.png,1536,1536,RGBA,2048,1|2,-1|1|25|50,0,0,0,2359296,2.250,3.000,1661675,1.585,,,,,,,,,,,,,,,,,,,,,,,STREAMING_MIPMAPS_OFF_LARGE,,Low tier should halve source/import max; keep high mips only with hero or streaming proof.,STATIC_SOURCE
texture,Assets/_Project/Art/TEXTURES/Generated/GeminiBatch34PaddedAtlasSources_20260608/uv_atlas/TX_B34-3443_padded_source_atlas.png,.png,1536,1536,RGBA,2048,1|2,-1|1|25|50,0,0,0,2359296,2.250,3.000,1592272,1.519,,,,,,,,,,,,,,,,,,,,,,,STREAMING_MIPMAPS_OFF_LARGE,,Low tier should halve source/import max; keep high mips only with hero or streaming proof.,STATIC_SOURCE
texture,Assets/_Project/Art/TEXTURES/Generated/GeminiBatch34PaddedAtlasSources_20260608/uv_atlas/TX_B34-3444_padded_source_atlas.png,.png,1536,1536,RGBA,2048,1|2,-1|1|25|50,0,0,0,2359296,2.250,3.000,1760011,1.678,,,,,,,,,,,,,,,,,,,,,,,STREAMING_MIPMAPS_OFF_LARGE,,Low tier should halve source/import max; keep high mips only with hero or streaming proof.,STATIC_SOURCE
texture,Assets/_Project/Art/TEXTURES/Generated/GeminiBatch34PaddedAtlasSources_20260608/uv_atlas/TX_B34-3447_padded_source_atlas.png,.png,1536,1536,RGBA,2048,1|2,-1|1|25|50,0,0,0,2359296,2.250,3.000,1614538,1.540,,,,,,,,,,,,,,,,,,,,,,,STREAMING_MIPMAPS_OFF_LARGE,,Low tier should halve source/import max; keep high mips only with hero or streaming proof.,STATIC_SOURCE
texture,Assets/_Project/Art/TEXTURES/Generated/GeminiBatch34SourceAtlases_20260608/AlphaCandidates/damage_decal/TX_B34-3423_leak_rust_biofilm_decal_atlas_AlphaCandidate.png,.png,1024,1024,RGBA,2048,1|2,-1|1|25|50,0,0,0,1048576,1.000,1.333,1186192,1.131,,,,,,,,,,,,,,,,,,,,,,,,,Keep compressed; atlas if grouped with small sibling textures.,STATIC_SOURCE
texture,Assets/_Project/Art/TEXTURES/Generated/GeminiBatch34SourceAtlases_20260608/AlphaCandidates/damage_decal/TX_B34-3425_salt_mineral_deposit_decal_atlas_AlphaCandidate.png,.png,1024,1024,RGBA,2048,1|2,-1|1|25|50,0,0,0,1048576,1.000,1.333,1158872,1.105,,,,,,,,,,,,,,,,,,,,,,,,,Keep compressed; atlas if grouped with small sibling textures.,STATIC_SOURCE
texture,Assets/_Project/Art/TEXTURES/Generated/GeminiBatch34SourceAtlases_20260608/AlphaCandidates/damage_decal/TX_B34-3428_warning_paint_stripe_decal_atlas_AlphaCandidate.png,.png,1024,1024,RGBA,2048,1|2,-1|1|25|50,0,0,0,1048576,1.000,1.333,1747986,1.667,,,,,,,,,,,,,,,,,,,,,,,,,Keep compressed; atlas if grouped with small sibling textures.,STATIC_SOURCE
texture,Assets/_Project/Art/TEXTURES/Generated/GeminiBatch34SourceAtlases_20260608/AlphaCandidates/damage_decal/TX_B34-3429_cutter_burn_scorch_decal_atlas_AlphaCandidate.png,.png,1024,1024,RGBA,2048,1|2,-1|1|25|50,0,0,0,1048576,1.000,1.333,1445444,1.378,,,,,,,,,,,,,,,,,,,,,,,,,Keep compressed; atlas if grouped with small sibling textures.,STATIC_SOURCE
texture,Assets/_Project/Art/TEXTURES/Generated/GeminiBatch34SourceAtlases_20260608/AlphaCandidates/damage_decal/TX_B34-3431_wetness_rivulet_decal_atlas_AlphaCandidate.png,.png,1024,1024,RGBA,2048,1|2,-1|1|25|50,0,0,0,1048576,1.000,1.333,739452,0.705,,,,,,,,,,,,,,,,,,,,,,,,,Keep compressed; atlas if grouped with small sibling textures.,STATIC_SOURCE
texture,Assets/_Project/Art/TEXTURES/Generated/GeminiBatch34SourceAtlases_20260608/AlphaCandidates/fauna_uv/TX_B34-3441_neutral_grazer_skin_uv_atlas_AlphaCandidate.png,.png,1024,1024,RGBA,2048,1|2,-1|1|25|50,0,0,0,1048576,1.000,1.333,1814384,1.730,,,,,,,,,,,,,,,,,,,,,,,,,Keep compressed; atlas if grouped with small sibling textures.,STATIC_SOURCE
texture,Assets/_Project/Art/TEXTURES/Generated/GeminiBatch34SourceAtlases_20260608/AlphaCandidates/fauna_uv/TX_B34-3442_filter_feeder_gill_membrane_atlas_AlphaCandidate.png,.png,1024,1024,RGBA,2048,1|2,-1|1|25|50,0,0,0,1048576,1.000,1.333,1649366,1.573,,,,,,,,,,,,,,,,,,,,,,,,,Keep compressed; atlas if grouped with small sibling textures.,STATIC_SOURCE
texture,Assets/_Project/Art/TEXTURES/Generated/GeminiBatch34SourceAtlases_20260608/AlphaCandidates/fauna_uv/TX_B34-3445_translucent_larva_egg_sac_atlas_AlphaCandidate.png,.png,1024,1024,RGBA,2048,1|2,-1|1|25|50,0,0,0,1048576,1.000,1.333,1599072,1.525,,,,,,,,,,,,,,,,,,,,,,,,,Keep compressed; atlas if grouped with small sibling textures.,STATIC_SOURCE
texture,Assets/_Project/Art/TEXTURES/Generated/GeminiBatch34SourceAtlases_20260608/AlphaCandidates/fauna_uv/TX_B34-3446_scavenged_carcass_bone_flesh_atlas_AlphaCandidate.png,.png,1024,1024,RGBA,2048,1|2,-1|1|25|50,0,0,0,1048576,1.000,1.333,1276398,1.217,,,,,,,,,,,,,,,,,,,,,,,,,Keep compressed; atlas if grouped with small sibling textures.,STATIC_SOURCE
texture,Assets/_Project/Art/TEXTURES/Generated/GeminiBatch34SourceAtlases_20260608/AlphaCandidates/flora_uv/TX_B34-3433_brine_vane_flora_uv_atlas_AlphaCandidate.png,.png,1024,1024,RGBA,2048|512,1|2,-1|1|25|50,0,0,0,1048576,1.000,1.333,1496391,1.427,,,,,,,,,,,,,,,,,,,,,,,,,Keep compressed; atlas if grouped with small sibling textures.,STATIC_SOURCE
texture,Assets/_Project/Art/TEXTURES/Generated/GeminiBatch34SourceAtlases_20260608/AlphaCandidates/flora_uv/TX_B34-3434_shallow_alien_seagrass_blade_atlas_AlphaCandidate.png,.png,1024,1024,RGBA,2048|512,1|2,-1|1|25|50,0,0,0,1048576,1.000,1.333,1285366,1.226,,,,,,,,,,,,,,,,,,,,,,,,,Keep compressed; atlas if grouped with small sibling textures.,STATIC_SOURCE
texture,Assets/_Project/Art/TEXTURES/Generated/GeminiBatch34SourceAtlases_20260608/AlphaCandidates/flora_uv/TX_B34-3435_plate_coral_rim_uv_atlas_AlphaCandidate.png,.png,1024,1024,RGBA,2048|512,1|2,-1|1|25|50,0,0,0,1048576,1.000,1.333,1701047,1.622,,,,,,,,,,,,,,,,,,,,,,,,,Keep compressed; atlas if grouped with small sibling textures.,STATIC_SOURCE
texture,Assets/_Project/Art/TEXTURES/Generated/GeminiBatch34SourceAtlases_20260608/AlphaCandidates/flora_uv/TX_B34-3436_sponge_pore_organic_atlas_AlphaCandidate.png,.png,1024,1024,RGBA,2048|512,1|2,-1|1|25|50,0,0,0,1048576,1.000,1.333,2097329,2.000,,,,,,,,,,,,,,,,,,,,,,,,,Keep compressed; atlas if grouped with small sibling textures.,STATIC_SOURCE
texture,Assets/_Project/Art/TEXTURES/Generated/GeminiBatch34SourceAtlases_20260608/AlphaCandidates/flora_uv/TX_B34-3439_spore_pod_and_seed_sac_atlas_AlphaCandidate.png,.png,1024,1024,RGBA,2048|512,1|2,-1|1|25|50,0,0,0,1048576,1.000,1.333,1631757,1.556,,,,,,,,,,,,,,,,,,,,,,,,,Keep compressed; atlas if grouped with small sibling textures.,STATIC_SOURCE
texture,Assets/_Project/Art/TEXTURES/Generated/GeminiBatch34SourceAtlases_20260608/AlphaCandidates/glass_decal/TX_B34-3418_thick_viewport_glass_edge_decal_atlas_AlphaCandidate.png,.png,1024,1024,RGBA,2048,1|2,-1|1|25|50,0,0,0,1048576,1.000,1.333,983453,0.938,,,,,,,,,,,,,,,,,,,,,,,,,Keep compressed; atlas if grouped with small sibling textures.,STATIC_SOURCE
texture,Assets/_Project/Art/TEXTURES/Generated/GeminiBatch34SourceAtlases_20260608/AlphaCandidates/glass_decal/TX_B34-3426_instrument_glass_smudge_alpha_decal_atlas_AlphaCandidate.png,.png,1024,1024,RGBA,2048|512,1|2,-1|1|25|50,0,0,0,1048576,1.000,1.333,738536,0.704,,,,,,,,,,,,,,,,,,,,,,,,,Keep compressed; atlas if grouped with small sibling textures.,STATIC_SOURCE
texture,Assets/_Project/Art/TEXTURES/Generated/GeminiBatch34SourceAtlases_20260608/AlphaCandidates/glass_decal/TX_B34-3427_pressure_crack_glass_decal_atlas_AlphaCandidate.png,.png,1024,1024,RGBA,2048,1|2,-1|1|25|50,0,0,0,1048576,1.000,1.333,1319298,1.258,,,,,,,,,,,,,,,,,,,,,,,,,Keep compressed; atlas if grouped with small sibling textures.,STATIC_SOURCE
texture,Assets/_Project/Art/TEXTURES/Generated/GeminiBatch34SourceAtlases_20260608/AlphaCandidates/organic_decal/TX_B34-3430_barnacle_colony_decal_variants_AlphaCandidate.png,.png,1024,1024,RGBA,2048,1|2,-1|1|25|50,0,0,0,1048576,1.000,1.333,2067667,1.972,,,,,,,,,,,,,,,,,,,,,,,,,Keep compressed; atlas if grouped with small sibling textures.,STATIC_SOURCE
texture,Assets/_Project/Art/TEXTURES/Generated/GeminiBatch34SourceAtlases_20260608/AlphaCandidates/organic_decal/TX_B34-3432_contamination_biohazard_stain_atlas_AlphaCandidate.png,.png,1024,1024,RGBA,2048,1|2,-1|1|25|50,0,0,0,1048576,1.000,1.333,980808,0.935,,,,,,,,,,,,,,,,,,,,,,,,,Keep compressed; atlas if grouped with small sibling textures.,STATIC_SOURCE
texture,Assets/_Project/Art/TEXTURES/Generated/GeminiBatch34SourceAtlases_20260608/AlphaCandidates/pickup_resource/TX_B34-3448_resource_nodule_pickup_uv_atlas_AlphaCandidate.png,.png,1024,1024,RGBA,2048,1|2,-1|1|25|50,0,0,0,1048576,1.000,1.333,1963536,1.873,,,,,,,,,,,,,,,,,,,,,,,,,Keep compressed; atlas if grouped with small sibling textures.,STATIC_SOURCE
texture,Assets/_Project/Art/TEXTURES/Generated/GeminiBatch34SourceAtlases_20260608/AlphaCandidates/pickup_salvage/TX_B34-3450_data_core_wet_circuit_ceramic_atlas_AlphaCandidate.png,.png,1024,1024,RGBA,2048,1|2,-1|1|25|50,0,0,0,1048576,1.000,1.333,1947115,1.857,,,,,,,,,,,,,,,,,,,,,,,,,Keep compressed; atlas if grouped with small sibling textures.,STATIC_SOURCE
texture,Assets/_Project/Art/TEXTURES/Generated/GeminiBatch34SourceAtlases_20260608/AlphaMaskSources/B34-3418-R1_viewport_glass_jpeg_timestamp.jpeg,.jpeg,1024,1024,RGB,2048,1|2,-1|1|25|50,0,0,0,1048576,1.000,1.333,384764,0.367,,,,,,,,,,,,,,,,,,,,,,,,,Verify Unity import compression; JPG disk compression does not reduce VRAM.,STATIC_SOURCE
texture,Assets/_Project/Art/TEXTURES/Generated/GeminiBatch34SourceAtlases_20260608/AlphaMaskSources/TX_B34_3426_instrument_glass_smudge_alpha_decal_atlas_BaseColorCandidate.jpg,.jpg,1024,1024,RGB,2048|512,1|2,-1|1|25|50,0,0,0,1048576,1.000,1.333,106292,0.101,,,,,,,,,,,,,,,,,,,,,,,,,Verify Unity import compression; JPG disk compression does not reduce VRAM.,STATIC_SOURCE
texture,Assets/_Project/Art/TEXTURES/Generated/GeminiBatch34SourceAtlases_20260608/AlphaMaskSources/TX_B34_3433_brine_vane_flora_uv_atlas_BaseColorCandidate.jpg,.jpg,1024,1024,RGB,2048|512,1|2,-1|1|25|50,0,0,0,1048576,1.000,1.333,258518,0.247,,,,,,,,,,,,,,,,,,,,,,,,,Verify Unity import compression; JPG disk compression does not reduce VRAM.,STATIC_SOURCE
texture,Assets/_Project/Art/TEXTURES/Generated/GeminiBatch34SourceAtlases_20260608/AlphaMaskSources/TX_B34_3442_filter_feeder_gill_membrane_atlas_BaseColorCandidate.jpg,.jpg,1024,1024,RGB,2048,1|2,-1|1|25|50,0,0,0,1048576,1.000,1.333,289932,0.277,,,,,,,,,,,,,,,,,,,,,,,,,Verify Unity import compression; JPG disk compression does not reduce VRAM.,STATIC_SOURCE
texture,Assets/_Project/Art/TEXTURES/Generated/GeminiBatch34SourceAtlases_20260608/AlphaMaskSources/TX_B34_3446_scavenged_carcass_bone_flesh_atlas_BaseColorCandidate.jpg,.jpg,1024,1024,RGB,2048,1|2,-1|1|25|50,0,0,0,1048576,1.000,1.333,211842,0.202,,,,,,,,,,,,,,,,,,,,,,,,,Verify Unity import compression; JPG disk compression does not reduce VRAM.,STATIC_SOURCE
texture,Assets/_Project/Art/TEXTURES/Generated/GeminiBatch34SourceAtlases_20260608/DecalAtlases/TX_B34_3423_leak_rust_biofilm_decal_atlas_BaseColorCandidate.jpg,.jpg,1024,1024,RGB,2048,1|2,-1|1|25|50,0,0,0,1048576,1.000,1.333,168837,0.161,,,,,,,,,,,,,,,,,,,,,,,,,Verify Unity import compression; JPG disk compression does not reduce VRAM.,STATIC_SOURCE
texture,Assets/_Project/Art/TEXTURES/Generated/GeminiBatch34SourceAtlases_20260608/DecalAtlases/TX_B34_3425_salt_mineral_deposit_decal_atlas_BaseColorCandidate.jpg,.jpg,1024,1024,RGB,2048,1|2,-1|1|25|50,0,0,0,1048576,1.000,1.333,193284,0.184,,,,,,,,,,,,,,,,,,,,,,,,,Verify Unity import compression; JPG disk compression does not reduce VRAM.,STATIC_SOURCE
texture,Assets/_Project/Art/TEXTURES/Generated/GeminiBatch34SourceAtlases_20260608/DecalAtlases/TX_B34_3427_pressure_crack_glass_decal_atlas_BaseColorCandidate.jpg,.jpg,1024,1024,RGB,2048,1|2,-1|1|25|50,0,0,0,1048576,1.000,1.333,218488,0.208,,,,,,,,,,,,,,,,,,,,,,,,,Verify Unity import compression; JPG disk compression does not reduce VRAM.,STATIC_SOURCE
texture,Assets/_Project/Art/TEXTURES/Generated/GeminiBatch34SourceAtlases_20260608/DecalAtlases/TX_B34_3428_warning_paint_stripe_decal_atlas_BaseColorCandidate.jpg,.jpg,1024,1024,RGB,2048,1|2,-1|1|25|50,0,0,0,1048576,1.000,1.333,314241,0.300,,,,,,,,,,,,,,,,,,,,,,,,,Verify Unity import compression; JPG disk compression does not reduce VRAM.,STATIC_SOURCE
texture,Assets/_Project/Art/TEXTURES/Generated/GeminiBatch34SourceAtlases_20260608/DecalAtlases/TX_B34_3429_cutter_burn_scorch_decal_atlas_BaseColorCandidate.jpg,.jpg,1024,1024,RGB,2048,1|2,-1|1|25|50,0,0,0,1048576,1.000,1.333,202563,0.193,,,,,,,,,,,,,,,,,,,,,,,,,Verify Unity import compression; JPG disk compression does not reduce VRAM.,STATIC_SOURCE
texture,Assets/_Project/Art/TEXTURES/Generated/GeminiBatch34SourceAtlases_20260608/DecalAtlases/TX_B34_3430_barnacle_colony_decal_variants_BaseColorCandidate.jpg,.jpg,1024,1024,RGB,2048,1|2,-1|1|25|50,0,0,0,1048576,1.000,1.333,330496,0.315,,,,,,,,,,,,,,,,,,,,,,,,,Verify Unity import compression; JPG disk compression does not reduce VRAM.,STATIC_SOURCE
texture,Assets/_Project/Art/TEXTURES/Generated/GeminiBatch34SourceAtlases_20260608/DecalAtlases/TX_B34_3431_wetness_rivulet_decal_atlas_BaseColorCandidate.jpg,.jpg,1024,1024,RGB,2048,1|2,-1|1|25|50,0,0,0,1048576,1.000,1.333,95866,0.091,,,,,,,,,,,,,,,,,,,,,,,,,Verify Unity import compression; JPG disk compression does not reduce VRAM.,STATIC_SOURCE
texture,Assets/_Project/Art/TEXTURES/Generated/GeminiBatch34SourceAtlases_20260608/DecalAtlases/TX_B34_3432_contamination_biohazard_stain_atlas_BaseColorCandidate.jpg,.jpg,1024,1024,RGB,2048,1|2,-1|1|25|50,0,0,0,1048576,1.000,1.333,121166,0.116,,,,,,,,,,,,,,,,,,,,,,,,,Verify Unity import compression; JPG disk compression does not reduce VRAM.,STATIC_SOURCE
texture,Assets/_Project/Art/TEXTURES/Generated/GeminiBatch34SourceAtlases_20260608/PickupAtlases/TX_B34_3448_resource_nodule_pickup_uv_atlas_BaseColorCandidate.jpg,.jpg,1024,1024,RGB,2048,1|2,-1|1|25|50,0,0,0,1048576,1.000,1.333,310697,0.296,,,,,,,,,,,,,,,,,,,,,,,,,Verify Unity import compression; JPG disk compression does not reduce VRAM.,STATIC_SOURCE
texture,Assets/_Project/Art/TEXTURES/Generated/GeminiBatch34SourceAtlases_20260608/PickupAtlases/TX_B34_3449_industrial_salvage_small_parts_atlas_BaseColorCandidate.jpg,.jpg,1024,1024,RGB,2048,1|2,-1|1|25|50,0,0,0,1048576,1.000,1.333,214263,0.204,,,,,,,,,,,,,,,,,,,,,,,,,Verify Unity import compression; JPG disk compression does not reduce VRAM.,STATIC_SOURCE
texture,Assets/_Project/Art/TEXTURES/Generated/GeminiBatch34SourceAtlases_20260608/PickupAtlases/TX_B34_3450_data_core_wet_circuit_ceramic_atlas_BaseColorCandidate.jpg,.jpg,1024,1024,RGB,2048,1|2,-1|1|25|50,0,0,0,1048576,1.000,1.333,315675,0.301,,,,,,,,,,,,,,,,,,,,,,,,,Verify Unity import compression; JPG disk compression does not reduce VRAM.,STATIC_SOURCE
texture,Assets/_Project/Art/TEXTURES/Generated/GeminiBatch34SourceAtlases_20260608/PREVIEW_Batch34_SourceAtlases.png,.png,940,1180,RGB,2048,1,-1|1|25,0,0,0,1109200,1.058,1.410,1231926,1.175,,,,,,,,,,,,,,,,,,,,,,,STREAMING_MIPMAPS_OFF_LARGE,,Low tier should halve source/import max; keep high mips only with hero or streaming proof.,STATIC_SOURCE
texture,Assets/_Project/Art/TEXTURES/Generated/GeminiBatch34SourceAtlases_20260608/UvAtlases/TX_B34_3434_shallow_alien_seagrass_blade_atlas_BaseColorCandidate.jpg,.jpg,1024,1024,RGB,2048,1|2,-1|1|25|50,0,0,0,1048576,1.000,1.333,247620,0.236,,,,,,,,,,,,,,,,,,,,,,,,,Verify Unity import compression; JPG disk compression does not reduce VRAM.,STATIC_SOURCE
texture,Assets/_Project/Art/TEXTURES/Generated/GeminiBatch34SourceAtlases_20260608/UvAtlases/TX_B34_3435_plate_coral_rim_uv_atlas_BaseColorCandidate.jpg,.jpg,1024,1024,RGB,2048|512,1|2,-1|1|25|50,0,0,0,1048576,1.000,1.333,303670,0.290,,,,,,,,,,,,,,,,,,,,,,,,,Verify Unity import compression; JPG disk compression does not reduce VRAM.,STATIC_SOURCE
texture,Assets/_Project/Art/TEXTURES/Generated/GeminiBatch34SourceAtlases_20260608/UvAtlases/TX_B34_3436_sponge_pore_organic_atlas_BaseColorCandidate.jpg,.jpg,1024,1024,RGB,2048,1|2,-1|1|25|50,0,0,0,1048576,1.000,1.333,328286,0.313,,,,,,,,,,,,,,,,,,,,,,,,,Verify Unity import compression; JPG disk compression does not reduce VRAM.,STATIC_SOURCE
texture,Assets/_Project/Art/TEXTURES/Generated/GeminiBatch34SourceAtlases_20260608/UvAtlases/TX_B34_3437_kelp_holdfast_root_atlas_BaseColorCandidate.jpg,.jpg,1024,1024,RGB,2048|512,1|2,-1|1|25|50,0,0,0,1048576,1.000,1.333,280388,0.267,,,,,,,,,,,,,,,,,,,,,,,,,Verify Unity import compression; JPG disk compression does not reduce VRAM.,STATIC_SOURCE
texture,Assets/_Project/Art/TEXTURES/Generated/GeminiBatch34SourceAtlases_20260608/UvAtlases/TX_B34_3439_spore_pod_and_seed_sac_atlas_BaseColorCandidate.jpg,.jpg,1024,1024,RGB,2048,1|2,-1|1|25|50,0,0,0,1048576,1.000,1.333,230484,0.220,,,,,,,,,,,,,,,,,,,,,,,,,Verify Unity import compression; JPG disk compression does not reduce VRAM.,STATIC_SOURCE
texture,Assets/_Project/Art/TEXTURES/Generated/GeminiBatch34SourceAtlases_20260608/UvAtlases/TX_B34_3441_neutral_grazer_skin_uv_atlas_BaseColorCandidate.jpg,.jpg,1024,1024,RGB,2048,1|2,-1|1|25|50,0,0,0,1048576,1.000,1.333,272740,0.260,,,,,,,,,,,,,,,,,,,,,,,,,Verify Unity import compression; JPG disk compression does not reduce VRAM.,STATIC_SOURCE
texture,Assets/_Project/Art/TEXTURES/Generated/GeminiBatch34SourceAtlases_20260608/UvAtlases/TX_B34_3445_translucent_larva_egg_sac_atlas_BaseColorCandidate.jpg,.jpg,1024,1024,RGB,2048,1|2,-1|1|25|50,0,0,0,1048576,1.000,1.333,237594,0.227,,,,,,,,,,,,,,,,,,,,,,,,,Verify Unity import compression; JPG disk compression does not reduce VRAM.,STATIC_SOURCE
texture,Assets/_Project/Art/TEXTURES/Generated/GeminiBatch34SplitAtlasCandidates_20260608/decal_atlas/B34-3424/TX_B34-3424_island_00.png,.png,512,512,RGBA,2048,1|2,-1|1|25|50,0,0,0,262144,0.250,0.333,73383,0.070,,,,,,,,,,,,,,,,,,,,,,,,Assets/_Project/Art/TEXTURES/Generated/GeminiBatch34SplitAtlasCandidates_20260608/decal_atlas/B34-3424,Keep compressed; atlas if grouped with small sibling textures.,STATIC_SOURCE
texture,Assets/_Project/Art/TEXTURES/Generated/GeminiBatch34SplitAtlasCandidates_20260608/decal_atlas/B34-3424/TX_B34-3424_island_01.png,.png,512,512,RGBA,2048,1|2,-1|1|25|50,0,0,0,262144,0.250,0.333,49056,0.047,,,,,,,,,,,,,,,,,,,,,,,,Assets/_Project/Art/TEXTURES/Generated/GeminiBatch34SplitAtlasCandidates_20260608/decal_atlas/B34-3424,Keep compressed; atlas if grouped with small sibling textures.,STATIC_SOURCE
texture,Assets/_Project/Art/TEXTURES/Generated/GeminiBatch34SplitAtlasCandidates_20260608/decal_atlas/B34-3424/TX_B34-3424_island_02.png,.png,512,512,RGBA,2048,1|2,-1|1|25|50,0,0,0,262144,0.250,0.333,59731,0.057,,,,,,,,,,,,,,,,,,,,,,,,Assets/_Project/Art/TEXTURES/Generated/GeminiBatch34SplitAtlasCandidates_20260608/decal_atlas/B34-3424,Keep compressed; atlas if grouped with small sibling textures.,STATIC_SOURCE
texture,Assets/_Project/Art/TEXTURES/Generated/GeminiBatch34SplitAtlasCandidates_20260608/decal_atlas/B34-3424/TX_B34-3424_island_03.png,.png,512,512,RGBA,2048,1|2,-1|1|25|50,0,0,0,262144,0.250,0.333,55788,0.053,,,,,,,,,,,,,,,,,,,,,,,,Assets/_Project/Art/TEXTURES/Generated/GeminiBatch34SplitAtlasCandidates_20260608/decal_atlas/B34-3424,Keep compressed; atlas if grouped with small sibling textures.,STATIC_SOURCE
texture,Assets/_Project/Art/TEXTURES/Generated/GeminiBatch34SplitAtlasCandidates_20260608/decal_atlas/B34-3424/TX_B34-3424_island_04.png,.png,512,512,RGBA,2048,1|2,-1|1|25|50,0,0,0,262144,0.250,0.333,57315,0.055,,,,,,,,,,,,,,,,,,,,,,,,Assets/_Project/Art/TEXTURES/Generated/GeminiBatch34SplitAtlasCandidates_20260608/decal_atlas/B34-3424,Keep compressed; atlas if grouped with small sibling textures.,STATIC_SOURCE
texture,Assets/_Project/Art/TEXTURES/Generated/GeminiBatch34SplitAtlasCandidates_20260608/decal_atlas/B34-3424/TX_B34-3424_island_05.png,.png,512,512,RGBA,2048,1|2,-1|1|25|50,0,0,0,262144,0.250,0.333,53572,0.051,,,,,,,,,,,,,,,,,,,,,,,,Assets/_Project/Art/TEXTURES/Generated/GeminiBatch34SplitAtlasCandidates_20260608/decal_atlas/B34-3424,Keep compressed; atlas if grouped with small sibling textures.,STATIC_SOURCE
texture,Assets/_Project/Art/TEXTURES/Generated/GeminiBatch34SplitAtlasCandidates_20260608/decal_atlas/B34-3424/TX_B34-3424_island_06.png,.png,512,512,RGBA,2048,1|2,-1|1|25|50,0,0,0,262144,0.250,0.333,59579,0.057,,,,,,,,,,,,,,,,,,,,,,,,Assets/_Project/Art/TEXTURES/Generated/GeminiBatch34SplitAtlasCandidates_20260608/decal_atlas/B34-3424,Keep compressed; atlas if grouped with small sibling textures.,STATIC_SOURCE
texture,Assets/_Project/Art/TEXTURES/Generated/GeminiBatch34SplitAtlasCandidates_20260608/decal_atlas/B34-3424/TX_B34-3424_island_07.png,.png,512,512,RGBA,2048,1|2,-1|1|25|50,0,0,0,262144,0.250,0.333,59639,0.057,,,,,,,,,,,,,,,,,,,,,,,,Assets/_Project/Art/TEXTURES/Generated/GeminiBatch34SplitAtlasCandidates_20260608/decal_atlas/B34-3424,Keep compressed; atlas if grouped with small sibling textures.,STATIC_SOURCE
texture,Assets/_Project/Art/TEXTURES/Generated/GeminiBatch34SplitAtlasCandidates_20260608/decal_atlas/B34-3424/TX_B34-3424_island_08.png,.png,512,512,RGBA,2048,1|2,-1|1|25|50,0,0,0,262144,0.250,0.333,76202,0.073,,,,,,,,,,,,,,,,,,,,,,,,Assets/_Project/Art/TEXTURES/Generated/GeminiBatch34SplitAtlasCandidates_20260608/decal_atlas/B34-3424,Keep compressed; atlas if grouped with small sibling textures.,STATIC_SOURCE
texture,Assets/_Project/Art/TEXTURES/Generated/GeminiBatch34SplitAtlasCandidates_20260608/decal_atlas/B34-3424/TX_B34-3424_island_09.png,.png,512,512,RGBA,2048,1|2,-1|1|25|50,0,0,0,262144,0.250,0.333,63501,0.061,,,,,,,,,,,,,,,,,,,,,,,,Assets/_Project/Art/TEXTURES/Generated/GeminiBatch34SplitAtlasCandidates_20260608/decal_atlas/B34-3424,Keep compressed; atlas if grouped with small sibling textures.,STATIC_SOURCE
texture,Assets/_Project/Art/TEXTURES/Generated/GeminiBatch34SplitAtlasCandidates_20260608/decal_atlas/B34-3424/TX_B34-3424_island_10.png,.png,512,512,RGBA,2048,1|2,-1|1|25|50,0,0,0,262144,0.250,0.333,34038,0.032,,,,,,,,,,,,,,,,,,,,,,,,Assets/_Project/Art/TEXTURES/Generated/GeminiBatch34SplitAtlasCandidates_20260608/decal_atlas/B34-3424,Keep compressed; atlas if grouped with small sibling textures.,STATIC_SOURCE
texture,Assets/_Project/Art/TEXTURES/Generated/GeminiBatch34SplitAtlasCandidates_20260608/decal_atlas/B34-3424/TX_B34-3424_island_11.png,.png,512,512,RGBA,2048,1|2,-1|1|25|50,0,0,0,262144,0.250,0.333,82866,0.079,,,,,,,,,,,,,,,,,,,,,,,,Assets/_Project/Art/TEXTURES/Generated/GeminiBatch34SplitAtlasCandidates_20260608/decal_atlas/B34-3424,Keep compressed; atlas if grouped with small sibling textures.,STATIC_SOURCE
texture,Assets/_Project/Art/TEXTURES/Generated/GeminiBatch34SplitAtlasCandidates_20260608/decal_atlas/B34-3424/TX_B34-3424_island_12.png,.png,512,512,RGBA,2048,1|2,-1|1|25|50,0,0,0,262144,0.250,0.333,25358,0.024,,,,,,,,,,,,,,,,,,,,,,,,Assets/_Project/Art/TEXTURES/Generated/GeminiBatch34SplitAtlasCandidates_20260608/decal_atlas/B34-3424,Keep compressed; atlas if grouped with small sibling textures.,STATIC_SOURCE
texture,Assets/_Project/Art/TEXTURES/Generated/GeminiBatch34SplitAtlasCandidates_20260608/decal_atlas/B34-3424/TX_B34-3424_island_13.png,.png,512,512,RGBA,2048,1|2,-1|1|25|50,0,0,0,262144,0.250,0.333,34040,0.032,,,,,,,,,,,,,,,,,,,,,,,,Assets/_Project/Art/TEXTURES/Generated/GeminiBatch34SplitAtlasCandidates_20260608/decal_atlas/B34-3424,Keep compressed; atlas if grouped with small sibling textures.,STATIC_SOURCE
texture,Assets/_Project/Art/TEXTURES/Generated/GeminiBatch34SplitAtlasCandidates_20260608/decal_atlas/B34-3424/TX_B34-3424_island_14.png,.png,512,512,RGBA,2048,1|2,-1|1|25|50,0,0,0,262144,0.250,0.333,40759,0.039,,,,,,,,,,,,,,,,,,,,,,,,Assets/_Project/Art/TEXTURES/Generated/GeminiBatch34SplitAtlasCandidates_20260608/decal_atlas/B34-3424,Keep compressed; atlas if grouped with small sibling textures.,STATIC_SOURCE
texture,Assets/_Project/Art/TEXTURES/Generated/GeminiBatch34SplitAtlasCandidates_20260608/decal_atlas/B34-3424/TX_B34-3424_island_15.png,.png,512,512,RGBA,2048,1|2,-1|1|25|50,0,0,0,262144,0.250,0.333,26485,0.025,,,,,,,,,,,,,,,,,,,,,,,,Assets/_Project/Art/TEXTURES/Generated/GeminiBatch34SplitAtlasCandidates_20260608/decal_atlas/B34-3424,Keep compressed; atlas if grouped with small sibling textures.,STATIC_SOURCE
texture,Assets/_Project/Art/TEXTURES/Generated/GeminiBatch34SplitAtlasCandidates_20260608/decal_atlas/B34-3424/TX_B34-3424_island_16.png,.png,512,512,RGBA,2048,1|2,-1|1|25|50,0,0,0,262144,0.250,0.333,27312,0.026,,,,,,,,,,,,,,,,,,,,,,,,Assets/_Project/Art/TEXTURES/Generated/GeminiBatch34SplitAtlasCandidates_20260608/decal_atlas/B34-3424,Keep compressed; atlas if grouped with small sibling textures.,STATIC_SOURCE
texture,Assets/_Project/Art/TEXTURES/Generated/GeminiBatch34SplitAtlasCandidates_20260608/decal_atlas/B34-3424/TX_B34-3424_island_17.png,.png,512,512,RGBA,2048,1|2,-1|1|25|50,0,0,0,262144,0.250,0.333,29195,0.028,,,,,,,,,,,,,,,,,,,,,,,,Assets/_Project/Art/TEXTURES/Generated/GeminiBatch34SplitAtlasCandidates_20260608/decal_atlas/B34-3424,Keep compressed; atlas if grouped with small sibling textures.,STATIC_SOURCE
texture,Assets/_Project/Art/TEXTURES/Generated/GeminiBatch34SplitAtlasCandidates_20260608/decal_atlas/B34-3424/TX_B34-3424_island_18.png,.png,512,512,RGBA,2048,1|2,-1|1|25|50,0,0,0,262144,0.250,0.333,31825,0.030,,,,,,,,,,,,,,,,,,,,,,,,Assets/_Project/Art/TEXTURES/Generated/GeminiBatch34SplitAtlasCandidates_20260608/decal_atlas/B34-3424,Keep compressed; atlas if grouped with small sibling textures.,STATIC_SOURCE
texture,Assets/_Project/Art/TEXTURES/Generated/GeminiBatch34SplitAtlasCandidates_20260608/decal_atlas/B34-3424/TX_B34-3424_island_19.png,.png,512,512,RGBA,2048,1|2,-1|1|25|50,0,0,0,262144,0.250,0.333,29656,0.028,,,,,,,,,,,,,,,,,,,,,,,,Assets/_Project/Art/TEXTURES/Generated/GeminiBatch34SplitAtlasCandidates_20260608/decal_atlas/B34-3424,Keep compressed; atlas if grouped with small sibling textures.,STATIC_SOURCE
texture,Assets/_Project/Art/TEXTURES/Generated/GeminiBatch34SplitAtlasCandidates_20260608/decal_atlas/B34-3424/TX_B34-3424_island_20.png,.png,512,512,RGBA,2048,1|2,-1|1|25|50,0,0,0,262144,0.250,0.333,28799,0.027,,,,,,,,,,,,,,,,,,,,,,,,Assets/_Project/Art/TEXTURES/Generated/GeminiBatch34SplitAtlasCandidates_20260608/decal_atlas/B34-3424,Keep compressed; atlas if grouped with small sibling textures.,STATIC_SOURCE
texture,Assets/_Project/Art/TEXTURES/Generated/GeminiBatch34SplitAtlasCandidates_20260608/decal_atlas/B34-3424/TX_B34-3424_island_21.png,.png,512,512,RGBA,2048,1|2,-1|1|25|50,0,0,0,262144,0.250,0.333,27586,0.026,,,,,,,,,,,,,,,,,,,,,,,,Assets/_Project/Art/TEXTURES/Generated/GeminiBatch34SplitAtlasCandidates_20260608/decal_atlas/B34-3424,Keep compressed; atlas if grouped with small sibling textures.,STATIC_SOURCE
texture,Assets/_Project/Art/TEXTURES/Generated/GeminiBatch34SplitAtlasCandidates_20260608/decal_atlas/B34-3424/TX_B34-3424_island_22.png,.png,512,512,RGBA,2048,1|2,-1|1|25|50,0,0,0,262144,0.250,0.333,25994,0.025,,,,,,,,,,,,,,,,,,,,,,,,Assets/_Project/Art/TEXTURES/Generated/GeminiBatch34SplitAtlasCandidates_20260608/decal_atlas/B34-3424,Keep compressed; atlas if grouped with small sibling textures.,STATIC_SOURCE
texture,Assets/_Project/Art/TEXTURES/Generated/GeminiBatch34SplitAtlasCandidates_20260608/decal_atlas/B34-3424/TX_B34-3424_island_23.png,.png,512,512,RGBA,2048,1|2,-1|1|25|50,0,0,0,262144,0.250,0.333,27361,0.026,,,,,,,,,,,,,,,,,,,,,,,,Assets/_Project/Art/TEXTURES/Generated/GeminiBatch34SplitAtlasCandidates_20260608/decal_atlas/B34-3424,Keep compressed; atlas if grouped with small sibling textures.,STATIC_SOURCE
texture,Assets/_Project/Art/TEXTURES/Generated/GeminiBatch34SplitAtlasCandidates_20260608/decal_atlas/B34-3424/TX_B34-3424_island_24.png,.png,512,512,RGBA,2048,1|2,-1|1|25|50,0,0,0,262144,0.250,0.333,27756,0.026,,,,,,,,,,,,,,,,,,,,,,,,Assets/_Project/Art/TEXTURES/Generated/GeminiBatch34SplitAtlasCandidates_20260608/decal_atlas/B34-3424,Keep compressed; atlas if grouped with small sibling textures.,STATIC_SOURCE
texture,Assets/_Project/Art/TEXTURES/Generated/GeminiBatch34SplitAtlasCandidates_20260608/decal_atlas/B34-3424/TX_B34-3424_island_25.png,.png,512,512,RGBA,2048,1|2,-1|1|25|50,0,0,0,262144,0.250,0.333,20902,0.020,,,,,,,,,,,,,,,,,,,,,,,,Assets/_Project/Art/TEXTURES/Generated/GeminiBatch34SplitAtlasCandidates_20260608/decal_atlas/B34-3424,Keep compressed; atlas if grouped with small sibling textures.,STATIC_SOURCE
texture,Assets/_Project/Art/TEXTURES/Generated/GeminiBatch34SplitAtlasCandidates_20260608/decal_atlas/B34-3424/TX_B34-3424_island_26.png,.png,512,512,RGBA,2048,1|2,-1|1|25|50,0,0,0,262144,0.250,0.333,16276,0.016,,,,,,,,,,,,,,,,,,,,,,,,Assets/_Project/Art/TEXTURES/Generated/GeminiBatch34SplitAtlasCandidates_20260608/decal_atlas/B34-3424,Keep compressed; atlas if grouped with small sibling textures.,STATIC_SOURCE
texture,Assets/_Project/Art/TEXTURES/Generated/GeminiBatch34SplitAtlasCandidates_20260608/decal_atlas/B34-3424/TX_B34-3424_island_27.png,.png,512,512,RGBA,2048,1|2,-1|1|25|50,0,0,0,262144,0.250,0.333,18096,0.017,,,,,,,,,,,,,,,,,,,,,,,,Assets/_Project/Art/TEXTURES/Generated/GeminiBatch34SplitAtlasCandidates_20260608/decal_atlas/B34-3424,Keep compressed; atlas if grouped with small sibling textures.,STATIC_SOURCE
texture,Assets/_Project/Art/TEXTURES/Generated/GeminiBatch34SplitAtlasCandidates_20260608/decal_atlas/B34-3424/TX_B34-3424_island_28.png,.png,512,512,RGBA,2048,1|2,-1|1|25|50,0,0,0,262144,0.250,0.333,24736,0.024,,,,,,,,,,,,,,,,,,,,,,,,Assets/_Project/Art/TEXTURES/Generated/GeminiBatch34SplitAtlasCandidates_20260608/decal_atlas/B34-3424,Keep compressed; atlas if grouped with small sibling textures.,STATIC_SOURCE
texture,Assets/_Project/Art/TEXTURES/Generated/GeminiBatch34SplitAtlasCandidates_20260608/decal_atlas/B34-3424/TX_B34-3424_island_29.png,.png,512,512,RGBA,2048,1|2,-1|1|25|50,0,0,0,262144,0.250,0.333,16412,0.016,,,,,,,,,,,,,,,,,,,,,,,,Assets/_Project/Art/TEXTURES/Generated/GeminiBatch34SplitAtlasCandidates_20260608/decal_atlas/B34-3424,Keep compressed; atlas if grouped with small sibling textures.,STATIC_SOURCE
texture,Assets/_Project/Art/TEXTURES/Generated/GeminiBatch34SplitAtlasCandidates_20260608/decal_atlas/B34-3424/TX_B34-3424_island_30.png,.png,512,512,RGBA,2048,1|2,-1|1|25|50,0,0,0,262144,0.250,0.333,35563,0.034,,,,,,,,,,,,,,,,,,,,,,,,Assets/_Project/Art/TEXTURES/Generated/GeminiBatch34SplitAtlasCandidates_20260608/decal_atlas/B34-3424,Keep compressed; atlas if grouped with small sibling textures.,STATIC_SOURCE
texture,Assets/_Project/Art/TEXTURES/Generated/GeminiBatch34SplitAtlasCandidates_20260608/decal_atlas/B34-3424/TX_B34-3424_island_31.png,.png,512,512,RGBA,2048,1|2,-1|1|25|50,0,0,0,262144,0.250,0.333,17426,0.017,,,,,,,,,,,,,,,,,,,,,,,,Assets/_Project/Art/TEXTURES/Generated/GeminiBatch34SplitAtlasCandidates_20260608/decal_atlas/B34-3424,Keep compressed; atlas if grouped with small sibling textures.,STATIC_SOURCE
texture,Assets/_Project/Art/TEXTURES/Generated/GeminiBatch34SplitAtlasCandidates_20260608/decal_atlas/B34-3424/TX_B34-3424_island_32.png,.png,512,512,RGBA,2048,1|2,-1|1|25|50,0,0,0,262144,0.250,0.333,16446,0.016,,,,,,,,,,,,,,,,,,,,,,,,Assets/_Project/Art/TEXTURES/Generated/GeminiBatch34SplitAtlasCandidates_20260608/decal_atlas/B34-3424,Keep compressed; atlas if grouped with small sibling textures.,STATIC_SOURCE
texture,Assets/_Project/Art/TEXTURES/Generated/GeminiBatch34SplitAtlasCandidates_20260608/decal_atlas/B34-3424/TX_B34-3424_island_33.png,.png,512,512,RGBA,2048,1|2,-1|1|25|50,0,0,0,262144,0.250,0.333,17463,0.017,,,,,,,,,,,,,,,,,,,,,,,,Assets/_Project/Art/TEXTURES/Generated/GeminiBatch34SplitAtlasCandidates_20260608/decal_atlas/B34-3424,Keep compressed; atlas if grouped with small sibling textures.,STATIC_SOURCE
texture,Assets/_Project/Art/TEXTURES/Generated/GeminiBatch34SplitAtlasCandidates_20260608/decal_atlas/B34-3424/TX_B34-3424_island_34.png,.png,512,512,RGBA,2048,1|2,-1|1|25|50,0,0,0,262144,0.250,0.333,25183,0.024,,,,,,,,,,,,,,,,,,,,,,,,Assets/_Project/Art/TEXTURES/Generated/GeminiBatch34SplitAtlasCandidates_20260608/decal_atlas/B34-3424,Keep compressed; atlas if grouped with small sibling textures.,STATIC_SOURCE
texture,Assets/_Project/Art/TEXTURES/Generated/GeminiBatch34SplitAtlasCandidates_20260608/decal_atlas/B34-3424/TX_B34-3424_island_35.png,.png,512,512,RGBA,2048,1|2,-1|1|25|50,0,0,0,262144,0.250,0.333,13758,0.013,,,,,,,,,,,,,,,,,,,,,,,,Assets/_Project/Art/TEXTURES/Generated/GeminiBatch34SplitAtlasCandidates_20260608/decal_atlas/B34-3424,Keep compressed; atlas if grouped with small sibling textures.,STATIC_SOURCE
texture,Assets/_Project/Art/TEXTURES/Generated/GeminiBatch34SplitAtlasCandidates_20260608/PREVIEW_Batch34_SplitAtlasCandidates.png,.png,1080,940,RGB,2048,1,-1|1|25,0,0,0,1015200,0.968,1.291,439600,0.419,,,,,,,,,,,,,,,,,,,,,,,STREAMING_MIPMAPS_OFF_LARGE,,Low tier should halve source/import max; keep high mips only with hero or streaming proof.,STATIC_SOURCE
texture,Assets/_Project/Art/TEXTURES/Generated/GeminiBatch34SplitAtlasCandidates_20260608/uv_atlas/B34-3438/TX_B34-3438_island_00.png,.png,1024,1024,RGBA,2048,1|2,-1|1|25|50,0,0,0,1048576,1.000,1.333,211335,0.202,,,,,,,,,,,,,,,,,,,,,,,,Assets/_Project/Art/TEXTURES/Generated/GeminiBatch34SplitAtlasCandidates_20260608/uv_atlas/B34-3438,Keep compressed; atlas if grouped with small sibling textures.,STATIC_SOURCE
texture,Assets/_Project/Art/TEXTURES/Generated/GeminiBatch34SplitAtlasCandidates_20260608/uv_atlas/B34-3438/TX_B34-3438_island_01.png,.png,1024,1024,RGBA,2048,1|2,-1|1|25|50,0,0,0,1048576,1.000,1.333,218091,0.208,,,,,,,,,,,,,,,,,,,,,,,,Assets/_Project/Art/TEXTURES/Generated/GeminiBatch34SplitAtlasCandidates_20260608/uv_atlas/B34-3438,Keep compressed; atlas if grouped with small sibling textures.,STATIC_SOURCE
texture,Assets/_Project/Art/TEXTURES/Generated/GeminiBatch34SplitAtlasCandidates_20260608/uv_atlas/B34-3438/TX_B34-3438_island_02.png,.png,1024,1024,RGBA,2048,1|2,-1|1|25|50,0,0,0,1048576,1.000,1.333,224205,0.214,,,,,,,,,,,,,,,,,,,,,,,,Assets/_Project/Art/TEXTURES/Generated/GeminiBatch34SplitAtlasCandidates_20260608/uv_atlas/B34-3438,Keep compressed; atlas if grouped with small sibling textures.,STATIC_SOURCE
texture,Assets/_Project/Art/TEXTURES/Generated/GeminiBatch34SplitAtlasCandidates_20260608/uv_atlas/B34-3438/TX_B34-3438_island_03.png,.png,1024,1024,RGBA,2048,1|2,-1|1|25|50,0,0,0,1048576,1.000,1.333,257089,0.245,,,,,,,,,,,,,,,,,,,,,,,,Assets/_Project/Art/TEXTURES/Generated/GeminiBatch34SplitAtlasCandidates_20260608/uv_atlas/B34-3438,Keep compressed; atlas if grouped with small sibling textures.,STATIC_SOURCE
texture,Assets/_Project/Art/TEXTURES/Generated/GeminiBatch34SplitAtlasCandidates_20260608/uv_atlas/B34-3438/TX_B34-3438_island_04.png,.png,512,512,RGBA,2048,1|2,-1|1|25|50,0,0,0,262144,0.250,0.333,162712,0.155,,,,,,,,,,,,,,,,,,,,,,,,Assets/_Project/Art/TEXTURES/Generated/GeminiBatch34SplitAtlasCandidates_20260608/uv_atlas/B34-3438,Keep compressed; atlas if grouped with small sibling textures.,STATIC_SOURCE
texture,Assets/_Project/Art/TEXTURES/Generated/GeminiBatch34SplitAtlasCandidates_20260608/uv_atlas/B34-3438/TX_B34-3438_island_05.png,.png,1024,1024,RGBA,2048,1|2,-1|1|25|50,0,0,0,1048576,1.000,1.333,243203,0.232,,,,,,,,,,,,,,,,,,,,,,,,Assets/_Project/Art/TEXTURES/Generated/GeminiBatch34SplitAtlasCandidates_20260608/uv_atlas/B34-3438,Keep compressed; atlas if grouped with small sibling textures.,STATIC_SOURCE
texture,Assets/_Project/Art/TEXTURES/Generated/GeminiBatch34SplitAtlasCandidates_20260608/uv_atlas/B34-3438/TX_B34-3438_island_06.png,.png,512,512,RGBA,2048,1|2,-1|1|25|50,0,0,0,262144,0.250,0.333,133760,0.128,,,,,,,,,,,,,,,,,,,,,,,,Assets/_Project/Art/TEXTURES/Generated/GeminiBatch34SplitAtlasCandidates_20260608/uv_atlas/B34-3438,Keep compressed; atlas if grouped with small sibling textures.,STATIC_SOURCE
texture,Assets/_Project/Art/TEXTURES/Generated/GeminiBatch34SplitAtlasCandidates_20260608/uv_atlas/B34-3438/TX_B34-3438_island_07.png,.png,512,512,RGBA,2048,1|2,-1|1|25|50,0,0,0,262144,0.250,0.333,134653,0.128,,,,,,,,,,,,,,,,,,,,,,,,Assets/_Project/Art/TEXTURES/Generated/GeminiBatch34SplitAtlasCandidates_20260608/uv_atlas/B34-3438,Keep compressed; atlas if grouped with small sibling textures.,STATIC_SOURCE
texture,Assets/_Project/Art/TEXTURES/Generated/GeminiBatch34SplitAtlasCandidates_20260608/uv_atlas/B34-3438/TX_B34-3438_island_08.png,.png,512,512,RGBA,2048,1|2,-1|1|25|50,0,0,0,262144,0.250,0.333,115333,0.110,,,,,,,,,,,,,,,,,,,,,,,,Assets/_Project/Art/TEXTURES/Generated/GeminiBatch34SplitAtlasCandidates_20260608/uv_atlas/B34-3438,Keep compressed; atlas if grouped with small sibling textures.,STATIC_SOURCE
texture,Assets/_Project/Art/TEXTURES/Generated/GeminiBatch34SplitAtlasCandidates_20260608/uv_atlas/B34-3438/TX_B34-3438_island_09.png,.png,512,512,RGBA,2048,1|2,-1|1|25|50,0,0,0,262144,0.250,0.333,112021,0.107,,,,,,,,,,,,,,,,,,,,,,,,Assets/_Project/Art/TEXTURES/Generated/GeminiBatch34SplitAtlasCandidates_20260608/uv_atlas/B34-3438,Keep compressed; atlas if grouped with small sibling textures.,STATIC_SOURCE
texture,Assets/_Project/Art/TEXTURES/Generated/GeminiBatch34SplitAtlasCandidates_20260608/uv_atlas/B34-3438/TX_B34-3438_island_10.png,.png,512,512,RGBA,2048,1|2,-1|1|25|50,0,0,0,262144,0.250,0.333,127159,0.121,,,,,,,,,,,,,,,,,,,,,,,,Assets/_Project/Art/TEXTURES/Generated/GeminiBatch34SplitAtlasCandidates_20260608/uv_atlas/B34-3438,Keep compressed; atlas if grouped with small sibling textures.,STATIC_SOURCE
texture,Assets/_Project/Art/TEXTURES/Generated/GeminiBatch34SplitAtlasCandidates_20260608/uv_atlas/B34-3438/TX_B34-3438_island_11.png,.png,512,512,RGBA,2048,1|2,-1|1|25|50,0,0,0,262144,0.250,0.333,50454,0.048,,,,,,,,,,,,,,,,,,,,,,,,Assets/_Project/Art/TEXTURES/Generated/GeminiBatch34SplitAtlasCandidates_20260608/uv_atlas/B34-3438,Keep compressed; atlas if grouped with small sibling textures.,STATIC_SOURCE
texture,Assets/_Project/Art/TEXTURES/Generated/GeminiBatch34SplitAtlasCandidates_20260608/uv_atlas/B34-3438/TX_B34-3438_island_12.png,.png,512,512,RGBA,2048,1|2,-1|1|25|50,0,0,0,262144,0.250,0.333,50968,0.049,,,,,,,,,,,,,,,,,,,,,,,,Assets/_Project/Art/TEXTURES/Generated/GeminiBatch34SplitAtlasCandidates_20260608/uv_atlas/B34-3438,Keep compressed; atlas if grouped with small sibling textures.,STATIC_SOURCE
texture,Assets/_Project/Art/TEXTURES/Generated/GeminiBatch34SplitAtlasCandidates_20260608/uv_atlas/B34-3438/TX_B34-3438_island_13.png,.png,512,512,RGBA,2048,1|2,-1|1|25|50,0,0,0,262144,0.250,0.333,47822,0.046,,,,,,,,,,,,,,,,,,,,,,,,Assets/_Project/Art/TEXTURES/Generated/GeminiBatch34SplitAtlasCandidates_20260608/uv_atlas/B34-3438,Keep compressed; atlas if grouped with small sibling textures.,STATIC_SOURCE
texture,Assets/_Project/Art/TEXTURES/Generated/GeminiBatch34SplitAtlasCandidates_20260608/uv_atlas/B34-3438/TX_B34-3438_island_14.png,.png,512,512,RGBA,2048,1|2,-1|1|25|50,0,0,0,262144,0.250,0.333,55307,0.053,,,,,,,,,,,,,,,,,,,,,,,,Assets/_Project/Art/TEXTURES/Generated/GeminiBatch34SplitAtlasCandidates_20260608/uv_atlas/B34-3438,Keep compressed; atlas if grouped with small sibling textures.,STATIC_SOURCE
texture,Assets/_Project/Art/TEXTURES/Generated/GeminiBatch34SplitAtlasCandidates_20260608/uv_atlas/B34-3438/TX_B34-3438_island_15.png,.png,512,512,RGBA,2048,1|2,-1|1|25|50,0,0,0,262144,0.250,0.333,58723,0.056,,,,,,,,,,,,,,,,,,,,,,,,Assets/_Project/Art/TEXTURES/Generated/GeminiBatch34SplitAtlasCandidates_20260608/uv_atlas/B34-3438,Keep compressed; atlas if grouped with small sibling textures.,STATIC_SOURCE
texture,Assets/_Project/Art/TEXTURES/Generated/GeminiBatch34SplitAtlasCandidates_20260608/uv_atlas/B34-3438/TX_B34-3438_island_16.png,.png,512,512,RGBA,2048,1|2,-1|1|25|50,0,0,0,262144,0.250,0.333,45659,0.044,,,,,,,,,,,,,,,,,,,,,,,,Assets/_Project/Art/TEXTURES/Generated/GeminiBatch34SplitAtlasCandidates_20260608/uv_atlas/B34-3438,Keep compressed; atlas if grouped with small sibling textures.,STATIC_SOURCE
texture,Assets/_Project/Art/TEXTURES/Generated/GeminiBatch34SplitAtlasCandidates_20260608/uv_atlas/B34-3440/TX_B34-3440_island_00.png,.png,1024,1024,RGBA,2048,1|2,-1|1|25|50,0,0,0,1048576,1.000,1.333,402869,0.384,,,,,,,,,,,,,,,,,,,,,,,,Assets/_Project/Art/TEXTURES/Generated/GeminiBatch34SplitAtlasCandidates_20260608/uv_atlas/B34-3440,Keep compressed; atlas if grouped with small sibling textures.,STATIC_SOURCE
texture,Assets/_Project/Art/TEXTURES/Generated/GeminiBatch34SplitAtlasCandidates_20260608/uv_atlas/B34-3440/TX_B34-3440_island_01.png,.png,1024,1024,RGBA,2048,1|2,-1|1|25|50,0,0,0,1048576,1.000,1.333,409336,0.390,,,,,,,,,,,,,,,,,,,,,,,,Assets/_Project/Art/TEXTURES/Generated/GeminiBatch34SplitAtlasCandidates_20260608/uv_atlas/B34-3440,Keep compressed; atlas if grouped with small sibling textures.,STATIC_SOURCE
texture,Assets/_Project/Art/TEXTURES/Generated/GeminiBatch34SplitAtlasCandidates_20260608/uv_atlas/B34-3440/TX_B34-3440_island_02.png,.png,512,512,RGBA,2048,1|2,-1|1|25|50,0,0,0,262144,0.250,0.333,261730,0.250,,,,,,,,,,,,,,,,,,,,,,,,Assets/_Project/Art/TEXTURES/Generated/GeminiBatch34SplitAtlasCandidates_20260608/uv_atlas/B34-3440,Keep compressed; atlas if grouped with small sibling textures.,STATIC_SOURCE
texture,Assets/_Project/Art/TEXTURES/Generated/GeminiBatch34SplitAtlasCandidates_20260608/uv_atlas/B34-3440/TX_B34-3440_island_03.png,.png,1024,1024,RGBA,2048,1|2,-1|1|25|50,0,0,0,1048576,1.000,1.333,255530,0.244,,,,,,,,,,,,,,,,,,,,,,,,Assets/_Project/Art/TEXTURES/Generated/GeminiBatch34SplitAtlasCandidates_20260608/uv_atlas/B34-3440,Keep compressed; atlas if grouped with small sibling textures.,STATIC_SOURCE
texture,Assets/_Project/Art/TEXTURES/Generated/GeminiBatch34SplitAtlasCandidates_20260608/uv_atlas/B34-3440/TX_B34-3440_island_04.png,.png,512,512,RGBA,2048,1|2,-1|1|25|50,0,0,0,262144,0.250,0.333,124931,0.119,,,,,,,,,,,,,,,,,,,,,,,,Assets/_Project/Art/TEXTURES/Generated/GeminiBatch34SplitAtlasCandidates_20260608/uv_atlas/B34-3440,Keep compressed; atlas if grouped with small sibling textures.,STATIC_SOURCE
texture,Assets/_Project/Art/TEXTURES/Generated/GeminiBatch34SplitAtlasCandidates_20260608/uv_atlas/B34-3440/TX_B34-3440_island_05.png,.png,512,512,RGBA,2048,1|2,-1|1|25|50,0,0,0,262144,0.250,0.333,121059,0.115,,,,,,,,,,,,,,,,,,,,,,,,Assets/_Project/Art/TEXTURES/Generated/GeminiBatch34SplitAtlasCandidates_20260608/uv_atlas/B34-3440,Keep compressed; atlas if grouped with small sibling textures.,STATIC_SOURCE
texture,Assets/_Project/Art/TEXTURES/Generated/GeminiBatch34SplitAtlasCandidates_20260608/uv_atlas/B34-3440/TX_B34-3440_island_06.png,.png,512,512,RGBA,2048,1|2,-1|1|25|50,0,0,0,262144,0.250,0.333,109449,0.104,,,,,,,,,,,,,,,,,,,,,,,,Assets/_Project/Art/TEXTURES/Generated/GeminiBatch34SplitAtlasCandidates_20260608/uv_atlas/B34-3440,Keep compressed; atlas if grouped with small sibling textures.,STATIC_SOURCE
texture,Assets/_Project/Art/TEXTURES/Generated/GeminiBatch34SplitAtlasCandidates_20260608/uv_atlas/B34-3440/TX_B34-3440_island_07.png,.png,512,512,RGBA,2048,1|2,-1|1|25|50,0,0,0,262144,0.250,0.333,105471,0.101,,,,,,,,,,,,,,,,,,,,,,,,Assets/_Project/Art/TEXTURES/Generated/GeminiBatch34SplitAtlasCandidates_20260608/uv_atlas/B34-3440,Keep compressed; atlas if grouped with small sibling textures.,STATIC_SOURCE
texture,Assets/_Project/Art/TEXTURES/Generated/GeminiBatch34SplitAtlasCandidates_20260608/uv_atlas/B34-3440/TX_B34-3440_island_08.png,.png,512,512,RGBA,2048,1|2,-1|1|25|50,0,0,0,262144,0.250,0.333,126974,0.121,,,,,,,,,,,,,,,,,,,,,,,,Assets/_Project/Art/TEXTURES/Generated/GeminiBatch34SplitAtlasCandidates_20260608/uv_atlas/B34-3440,Keep compressed; atlas if grouped with small sibling textures.,STATIC_SOURCE
texture,Assets/_Project/Art/TEXTURES/Generated/GeminiBatch34SplitAtlasCandidates_20260608/uv_atlas/B34-3440/TX_B34-3440_island_09.png,.png,512,512,RGBA,2048,1|2,-1|1|25|50,0,0,0,262144,0.250,0.333,99132,0.095,,,,,,,,,,,,,,,,,,,,,,,,Assets/_Project/Art/TEXTURES/Generated/GeminiBatch34SplitAtlasCandidates_20260608/uv_atlas/B34-3440,Keep compressed; atlas if grouped with small sibling textures.,STATIC_SOURCE
texture,Assets/_Project/Art/TEXTURES/Generated/GeminiBatch34SplitAtlasCandidates_20260608/uv_atlas/B34-3440/TX_B34-3440_island_10.png,.png,512,512,RGBA,2048,1|2,-1|1|25|50,0,0,0,262144,0.250,0.333,93461,0.089,,,,,,,,,,,,,,,,,,,,,,,,Assets/_Project/Art/TEXTURES/Generated/GeminiBatch34SplitAtlasCandidates_20260608/uv_atlas/B34-3440,Keep compressed; atlas if grouped with small sibling textures.,STATIC_SOURCE
texture,Assets/_Project/Art/TEXTURES/Generated/GeminiBatch34SplitAtlasCandidates_20260608/uv_atlas/B34-3440/TX_B34-3440_island_11.png,.png,512,512,RGBA,2048,1|2,-1|1|25|50,0,0,0,262144,0.250,0.333,93968,0.090,,,,,,,,,,,,,,,,,,,,,,,,Assets/_Project/Art/TEXTURES/Generated/GeminiBatch34SplitAtlasCandidates_20260608/uv_atlas/B34-3440,Keep compressed; atlas if grouped with small sibling textures.,STATIC_SOURCE
texture,Assets/_Project/Art/TEXTURES/Generated/GeminiBatch34SplitAtlasCandidates_20260608/uv_atlas/B34-3440/TX_B34-3440_island_12.png,.png,512,512,RGBA,2048,1|2,-1|1|25|50,0,0,0,262144,0.250,0.333,74880,0.071,,,,,,,,,,,,,,,,,,,,,,,,Assets/_Project/Art/TEXTURES/Generated/GeminiBatch34SplitAtlasCandidates_20260608/uv_atlas/B34-3440,Keep compressed; atlas if grouped with small sibling textures.,STATIC_SOURCE
texture,Assets/_Project/Art/TEXTURES/Generated/GeminiBatch34SplitAtlasCandidates_20260608/uv_atlas/B34-3440/TX_B34-3440_island_13.png,.png,512,512,RGBA,2048,1|2,-1|1|25|50,0,0,0,262144,0.250,0.333,83668,0.080,,,,,,,,,,,,,,,,,,,,,,,,Assets/_Project/Art/TEXTURES/Generated/GeminiBatch34SplitAtlasCandidates_20260608/uv_atlas/B34-3440,Keep compressed; atlas if grouped with small sibling textures.,STATIC_SOURCE
texture,Assets/_Project/Art/TEXTURES/Generated/GeminiBatch34SplitAtlasCandidates_20260608/uv_atlas/B34-3440/TX_B34-3440_island_14.png,.png,512,512,RGBA,2048,1|2,-1|1|25|50,0,0,0,262144,0.250,0.333,94990,0.091,,,,,,,,,,,,,,,,,,,,,,,,Assets/_Project/Art/TEXTURES/Generated/GeminiBatch34SplitAtlasCandidates_20260608/uv_atlas/B34-3440,Keep compressed; atlas if grouped with small sibling textures.,STATIC_SOURCE
texture,Assets/_Project/Art/TEXTURES/Generated/GeminiBatch34SplitAtlasCandidates_20260608/uv_atlas/B34-3440/TX_B34-3440_island_15.png,.png,512,512,RGBA,2048,1|2,-1|1|25|50,0,0,0,262144,0.250,0.333,82117,0.078,,,,,,,,,,,,,,,,,,,,,,,,Assets/_Project/Art/TEXTURES/Generated/GeminiBatch34SplitAtlasCandidates_20260608/uv_atlas/B34-3440,Keep compressed; atlas if grouped with small sibling textures.,STATIC_SOURCE
texture,Assets/_Project/Art/TEXTURES/Generated/GeminiBatch34SplitAtlasCandidates_20260608/uv_atlas/B34-3440/TX_B34-3440_island_16.png,.png,512,512,RGBA,2048,1|2,-1|1|25|50,0,0,0,262144,0.250,0.333,35963,0.034,,,,,,,,,,,,,,,,,,,,,,,,Assets/_Project/Art/TEXTURES/Generated/GeminiBatch34SplitAtlasCandidates_20260608/uv_atlas/B34-3440,Keep compressed; atlas if grouped with small sibling textures.,STATIC_SOURCE
texture,Assets/_Project/Art/TEXTURES/Generated/GeminiBatch34SplitAtlasCandidates_20260608/uv_atlas/B34-3440/TX_B34-3440_island_17.png,.png,512,512,RGBA,2048,1|2,-1|1|25|50,0,0,0,262144,0.250,0.333,25986,0.025,,,,,,,,,,,,,,,,,,,,,,,,Assets/_Project/Art/TEXTURES/Generated/GeminiBatch34SplitAtlasCandidates_20260608/uv_atlas/B34-3440,Keep compressed; atlas if grouped with small sibling textures.,STATIC_SOURCE
texture,Assets/_Project/Art/TEXTURES/Generated/GeminiBatch34SplitAtlasCandidates_20260608/uv_atlas/B34-3440/TX_B34-3440_island_18.png,.png,512,512,RGBA,2048,1|2,-1|1|25|50,0,0,0,262144,0.250,0.333,29068,0.028,,,,,,,,,,,,,,,,,,,,,,,,Assets/_Project/Art/TEXTURES/Generated/GeminiBatch34SplitAtlasCandidates_20260608/uv_atlas/B34-3440,Keep compressed; atlas if grouped with small sibling textures.,STATIC_SOURCE
texture,Assets/_Project/Art/TEXTURES/Generated/GeminiBatch34SplitAtlasCandidates_20260608/uv_atlas/B34-3440/TX_B34-3440_island_19.png,.png,512,512,RGBA,2048,1|2,-1|1|25|50,0,0,0,262144,0.250,0.333,15774,0.015,,,,,,,,,,,,,,,,,,,,,,,,Assets/_Project/Art/TEXTURES/Generated/GeminiBatch34SplitAtlasCandidates_20260608/uv_atlas/B34-3440,Keep compressed; atlas if grouped with small sibling textures.,STATIC_SOURCE
texture,Assets/_Project/Art/TEXTURES/Generated/GeminiBatch34SplitAtlasCandidates_20260608/uv_atlas/B34-3440/TX_B34-3440_island_20.png,.png,512,512,RGBA,2048,1|2,-1|1|25|50,0,0,0,262144,0.250,0.333,17196,0.016,,,,,,,,,,,,,,,,,,,,,,,,Assets/_Project/Art/TEXTURES/Generated/GeminiBatch34SplitAtlasCandidates_20260608/uv_atlas/B34-3440,Keep compressed; atlas if grouped with small sibling textures.,STATIC_SOURCE
texture,Assets/_Project/Art/TEXTURES/Generated/GeminiBatch34SplitAtlasCandidates_20260608/uv_atlas/B34-3440/TX_B34-3440_island_21.png,.png,512,512,RGBA,2048,1|2,-1|1|25|50,0,0,0,262144,0.250,0.333,27658,0.026,,,,,,,,,,,,,,,,,,,,,,,,Assets/_Project/Art/TEXTURES/Generated/GeminiBatch34SplitAtlasCandidates_20260608/uv_atlas/B34-3440,Keep compressed; atlas if grouped with small sibling textures.,STATIC_SOURCE
texture,Assets/_Project/Art/TEXTURES/Generated/GeminiBatch34SplitAtlasCandidates_20260608/uv_atlas/B34-3440/TX_B34-3440_island_22.png,.png,512,512,RGBA,2048,1|2,-1|1|25|50,0,0,0,262144,0.250,0.333,16040,0.015,,,,,,,,,,,,,,,,,,,,,,,,Assets/_Project/Art/TEXTURES/Generated/GeminiBatch34SplitAtlasCandidates_20260608/uv_atlas/B34-3440,Keep compressed; atlas if grouped with small sibling textures.,STATIC_SOURCE
texture,Assets/_Project/Art/TEXTURES/Generated/GeminiBatch34SplitAtlasCandidates_20260608/uv_atlas/B34-3440/TX_B34-3440_island_23.png,.png,512,512,RGBA,2048,1|2,-1|1|25|50,0,0,0,262144,0.250,0.333,8309,0.008,,,,,,,,,,,,,,,,,,,,,,,,Assets/_Project/Art/TEXTURES/Generated/GeminiBatch34SplitAtlasCandidates_20260608/uv_atlas/B34-3440,Keep compressed; atlas if grouped with small sibling textures.,STATIC_SOURCE
texture,Assets/_Project/Art/TEXTURES/Generated/GeminiBatch34SplitAtlasCandidates_20260608/uv_atlas/B34-3440/TX_B34-3440_island_24.png,.png,512,512,RGBA,2048,1|2,-1|1|25|50,0,0,0,262144,0.250,0.333,10634,0.010,,,,,,,,,,,,,,,,,,,,,,,,Assets/_Project/Art/TEXTURES/Generated/GeminiBatch34SplitAtlasCandidates_20260608/uv_atlas/B34-3440,Keep compressed; atlas if grouped with small sibling textures.,STATIC_SOURCE
texture,Assets/_Project/Art/TEXTURES/Generated/GeminiBatch34SplitAtlasCandidates_20260608/uv_atlas/B34-3440/TX_B34-3440_island_25.png,.png,512,512,RGBA,2048,1|2,-1|1|25|50,0,0,0,262144,0.250,0.333,7696,0.007,,,,,,,,,,,,,,,,,,,,,,,,Assets/_Project/Art/TEXTURES/Generated/GeminiBatch34SplitAtlasCandidates_20260608/uv_atlas/B34-3440,Keep compressed; atlas if grouped with small sibling textures.,STATIC_SOURCE
texture,Assets/_Project/Art/TEXTURES/Generated/GeminiBatch34SplitAtlasCandidates_20260608/uv_atlas/B34-3440/TX_B34-3440_island_26.png,.png,512,512,RGBA,2048,1|2,-1|1|25|50,0,0,0,262144,0.250,0.333,8695,0.008,,,,,,,,,,,,,,,,,,,,,,,,Assets/_Project/Art/TEXTURES/Generated/GeminiBatch34SplitAtlasCandidates_20260608/uv_atlas/B34-3440,Keep compressed; atlas if grouped with small sibling textures.,STATIC_SOURCE
texture,Assets/_Project/Art/TEXTURES/Generated/GeminiBatch34SplitAtlasCandidates_20260608/uv_atlas/B34-3440/TX_B34-3440_island_27.png,.png,512,512,RGBA,2048,1|2,-1|1|25|50,0,0,0,262144,0.250,0.333,8342,0.008,,,,,,,,,,,,,,,,,,,,,,,,Assets/_Project/Art/TEXTURES/Generated/GeminiBatch34SplitAtlasCandidates_20260608/uv_atlas/B34-3440,Keep compressed; atlas if grouped with small sibling textures.,STATIC_SOURCE
texture,Assets/_Project/Art/TEXTURES/Generated/GeminiBatch34SplitAtlasCandidates_20260608/uv_atlas/B34-3443/TX_B34-3443_island_00.png,.png,1024,1024,RGBA,2048,1|2,-1|1|25|50,0,0,0,1048576,1.000,1.333,769916,0.734,,,,,,,,,,,,,,,,,,,,,,,,,Keep compressed; atlas if grouped with small sibling textures.,STATIC_SOURCE
texture,Assets/_Project/Art/TEXTURES/Generated/GeminiBatch34SplitAtlasCandidates_20260608/uv_atlas/B34-3443/TX_B34-3443_island_01.png,.png,1024,1024,RGBA,2048,1|2,-1|1|25|50,0,0,0,1048576,1.000,1.333,497008,0.474,,,,,,,,,,,,,,,,,,,,,,,,,Keep compressed; atlas if grouped with small sibling textures.,STATIC_SOURCE
texture,Assets/_Project/Art/TEXTURES/Generated/GeminiBatch34SplitAtlasCandidates_20260608/uv_atlas/B34-3443/TX_B34-3443_island_02.png,.png,1024,1024,RGBA,2048,1|2,-1|1|25|50,0,0,0,1048576,1.000,1.333,473484,0.452,,,,,,,,,,,,,,,,,,,,,,,,,Keep compressed; atlas if grouped with small sibling textures.,STATIC_SOURCE
texture,Assets/_Project/Art/TEXTURES/Generated/GeminiBatch34SplitAtlasCandidates_20260608/uv_atlas/B34-3443/TX_B34-3443_island_03.png,.png,512,512,RGBA,2048,1|2,-1|1|25|50,0,0,0,262144,0.250,0.333,197934,0.189,,,,,,,,,,,,,,,,,,,,,,,,,Keep compressed; atlas if grouped with small sibling textures.,STATIC_SOURCE
texture,Assets/_Project/Art/TEXTURES/Generated/GeminiBatch34SplitAtlasCandidates_20260608/uv_atlas/B34-3443/TX_B34-3443_island_04.png,.png,1024,1024,RGBA,2048,1|2,-1|1|25|50,0,0,0,1048576,1.000,1.333,350034,0.334,,,,,,,,,,,,,,,,,,,,,,,,,Keep compressed; atlas if grouped with small sibling textures.,STATIC_SOURCE
texture,Assets/_Project/Art/TEXTURES/Generated/GeminiBatch34SplitAtlasCandidates_20260608/uv_atlas/B34-3443/TX_B34-3443_island_05.png,.png,512,512,RGBA,2048,1|2,-1|1|25|50,0,0,0,262144,0.250,0.333,183313,0.175,,,,,,,,,,,,,,,,,,,,,,,,,Keep compressed; atlas if grouped with small sibling textures.,STATIC_SOURCE
texture,Assets/_Project/Art/TEXTURES/Generated/GeminiBatch34SplitAtlasCandidates_20260608/uv_atlas/B34-3443/TX_B34-3443_island_06.png,.png,512,512,RGBA,2048,1|2,-1|1|25|50,0,0,0,262144,0.250,0.333,88053,0.084,,,,,,,,,,,,,,,,,,,,,,,,,Keep compressed; atlas if grouped with small sibling textures.,STATIC_SOURCE
texture,Assets/_Project/Art/TEXTURES/Generated/GeminiBatch34SplitAtlasCandidates_20260608/uv_atlas/B34-3443/TX_B34-3443_island_07.png,.png,512,512,RGBA,2048,1|2,-1|1|25|50,0,0,0,262144,0.250,0.333,80245,0.077,,,,,,,,,,,,,,,,,,,,,,,,,Keep compressed; atlas if grouped with small sibling textures.,STATIC_SOURCE
texture,Assets/_Project/Art/TEXTURES/Generated/GeminiBatch34SplitAtlasCandidates_20260608/uv_atlas/B34-3443/TX_B34-3443_island_08.png,.png,512,512,RGBA,2048,1|2,-1|1|25|50,0,0,0,262144,0.250,0.333,21978,0.021,,,,,,,,,,,,,,,,,,,,,,,,,Keep compressed; atlas if grouped with small sibling textures.,STATIC_SOURCE
texture,Assets/_Project/Art/TEXTURES/Generated/GeminiBatch34SplitAtlasCandidates_20260608/uv_atlas/B34-3443/TX_B34-3443_island_09.png,.png,512,512,RGBA,2048,1|2,-1|1|25|50,0,0,0,262144,0.250,0.333,9866,0.009,,,,,,,,,,,,,,,,,,,,,,,,,Keep compressed; atlas if grouped with small sibling textures.,STATIC_SOURCE
texture,Assets/_Project/Art/TEXTURES/Generated/GeminiBatch34SplitAtlasCandidates_20260608/uv_atlas/B34-3444/TX_B34-3444_island_00.png,.png,512,512,RGBA,2048,1|2,-1|1|25|50,0,0,0,262144,0.250,0.333,213969,0.204,,,,,,,,,,,,,,,,,,,,,,,,Assets/_Project/Art/TEXTURES/Generated/GeminiBatch34SplitAtlasCandidates_20260608/uv_atlas/B34-3444,Keep compressed; atlas if grouped with small sibling textures.,STATIC_SOURCE
texture,Assets/_Project/Art/TEXTURES/Generated/GeminiBatch34SplitAtlasCandidates_20260608/uv_atlas/B34-3444/TX_B34-3444_island_01.png,.png,512,512,RGBA,2048,1|2,-1|1|25|50,0,0,0,262144,0.250,0.333,260321,0.248,,,,,,,,,,,,,,,,,,,,,,,,Assets/_Project/Art/TEXTURES/Generated/GeminiBatch34SplitAtlasCandidates_20260608/uv_atlas/B34-3444,Keep compressed; atlas if grouped with small sibling textures.,STATIC_SOURCE
texture,Assets/_Project/Art/TEXTURES/Generated/GeminiBatch34SplitAtlasCandidates_20260608/uv_atlas/B34-3444/TX_B34-3444_island_02.png,.png,512,512,RGBA,2048,1|2,-1|1|25|50,0,0,0,262144,0.250,0.333,170561,0.163,,,,,,,,,,,,,,,,,,,,,,,,Assets/_Project/Art/TEXTURES/Generated/GeminiBatch34SplitAtlasCandidates_20260608/uv_atlas/B34-3444,Keep compressed; atlas if grouped with small sibling textures.,STATIC_SOURCE
texture,Assets/_Project/Art/TEXTURES/Generated/GeminiBatch34SplitAtlasCandidates_20260608/uv_atlas/B34-3444/TX_B34-3444_island_03.png,.png,512,512,RGBA,2048,1|2,-1|1|25|50,0,0,0,262144,0.250,0.333,135935,0.130,,,,,,,,,,,,,,,,,,,,,,,,Assets/_Project/Art/TEXTURES/Generated/GeminiBatch34SplitAtlasCandidates_20260608/uv_atlas/B34-3444,Keep compressed; atlas if grouped with small sibling textures.,STATIC_SOURCE
texture,Assets/_Project/Art/TEXTURES/Generated/GeminiBatch34SplitAtlasCandidates_20260608/uv_atlas/B34-3444/TX_B34-3444_island_04.png,.png,512,512,RGBA,2048,1|2,-1|1|25|50,0,0,0,262144,0.250,0.333,104575,0.100,,,,,,,,,,,,,,,,,,,,,,,,Assets/_Project/Art/TEXTURES/Generated/GeminiBatch34SplitAtlasCandidates_20260608/uv_atlas/B34-3444,Keep compressed; atlas if grouped with small sibling textures.,STATIC_SOURCE
texture,Assets/_Project/Art/TEXTURES/Generated/GeminiBatch34SplitAtlasCandidates_20260608/uv_atlas/B34-3444/TX_B34-3444_island_05.png,.png,512,512,RGBA,2048,1|2,-1|1|25|50,0,0,0,262144,0.250,0.333,109784,0.105,,,,,,,,,,,,,,,,,,,,,,,,Assets/_Project/Art/TEXTURES/Generated/GeminiBatch34SplitAtlasCandidates_20260608/uv_atlas/B34-3444,Keep compressed; atlas if grouped with small sibling textures.,STATIC_SOURCE
texture,Assets/_Project/Art/TEXTURES/Generated/GeminiBatch34SplitAtlasCandidates_20260608/uv_atlas/B34-3444/TX_B34-3444_island_06.png,.png,512,512,RGBA,2048,1|2,-1|1|25|50,0,0,0,262144,0.250,0.333,91450,0.087,,,,,,,,,,,,,,,,,,,,,,,,Assets/_Project/Art/TEXTURES/Generated/GeminiBatch34SplitAtlasCandidates_20260608/uv_atlas/B34-3444,Keep compressed; atlas if grouped with small sibling textures.,STATIC_SOURCE
texture,Assets/_Project/Art/TEXTURES/Generated/GeminiBatch34SplitAtlasCandidates_20260608/uv_atlas/B34-3444/TX_B34-3444_island_07.png,.png,512,512,RGBA,2048,1|2,-1|1|25|50,0,0,0,262144,0.250,0.333,137086,0.131,,,,,,,,,,,,,,,,,,,,,,,,Assets/_Project/Art/TEXTURES/Generated/GeminiBatch34SplitAtlasCandidates_20260608/uv_atlas/B34-3444,Keep compressed; atlas if grouped with small sibling textures.,STATIC_SOURCE
texture,Assets/_Project/Art/TEXTURES/Generated/GeminiBatch34SplitAtlasCandidates_20260608/uv_atlas/B34-3444/TX_B34-3444_island_08.png,.png,512,512,RGBA,2048,1|2,-1|1|25|50,0,0,0,262144,0.250,0.333,88088,0.084,,,,,,,,,,,,,,,,,,,,,,,,Assets/_Project/Art/TEXTURES/Generated/GeminiBatch34SplitAtlasCandidates_20260608/uv_atlas/B34-3444,Keep compressed; atlas if grouped with small sibling textures.,STATIC_SOURCE
texture,Assets/_Project/Art/TEXTURES/Generated/GeminiBatch34SplitAtlasCandidates_20260608/uv_atlas/B34-3444/TX_B34-3444_island_09.png,.png,512,512,RGBA,2048,1|2,-1|1|25|50,0,0,0,262144,0.250,0.333,76030,0.073,,,,,,,,,,,,,,,,,,,,,,,,Assets/_Project/Art/TEXTURES/Generated/GeminiBatch34SplitAtlasCandidates_20260608/uv_atlas/B34-3444,Keep compressed; atlas if grouped with small sibling textures.,STATIC_SOURCE
texture,Assets/_Project/Art/TEXTURES/Generated/GeminiBatch34SplitAtlasCandidates_20260608/uv_atlas/B34-3444/TX_B34-3444_island_10.png,.png,512,512,RGBA,2048,1|2,-1|1|25|50,0,0,0,262144,0.250,0.333,74996,0.072,,,,,,,,,,,,,,,,,,,,,,,,Assets/_Project/Art/TEXTURES/Generated/GeminiBatch34SplitAtlasCandidates_20260608/uv_atlas/B34-3444,Keep compressed; atlas if grouped with small sibling textures.,STATIC_SOURCE
texture,Assets/_Project/Art/TEXTURES/Generated/GeminiBatch34SplitAtlasCandidates_20260608/uv_atlas/B34-3444/TX_B34-3444_island_11.png,.png,512,512,RGBA,2048,1|2,-1|1|25|50,0,0,0,262144,0.250,0.333,95146,0.091,,,,,,,,,,,,,,,,,,,,,,,,Assets/_Project/Art/TEXTURES/Generated/GeminiBatch34SplitAtlasCandidates_20260608/uv_atlas/B34-3444,Keep compressed; atlas if grouped with small sibling textures.,STATIC_SOURCE
texture,Assets/_Project/Art/TEXTURES/Generated/GeminiBatch34SplitAtlasCandidates_20260608/uv_atlas/B34-3444/TX_B34-3444_island_12.png,.png,512,512,RGBA,2048,1|2,-1|1|25|50,0,0,0,262144,0.250,0.333,101716,0.097,,,,,,,,,,,,,,,,,,,,,,,,Assets/_Project/Art/TEXTURES/Generated/GeminiBatch34SplitAtlasCandidates_20260608/uv_atlas/B34-3444,Keep compressed; atlas if grouped with small sibling textures.,STATIC_SOURCE
texture,Assets/_Project/Art/TEXTURES/Generated/GeminiBatch34SplitAtlasCandidates_20260608/uv_atlas/B34-3444/TX_B34-3444_island_13.png,.png,512,512,RGBA,2048,1|2,-1|1|25|50,0,0,0,262144,0.250,0.333,115324,0.110,,,,,,,,,,,,,,,,,,,,,,,,Assets/_Project/Art/TEXTURES/Generated/GeminiBatch34SplitAtlasCandidates_20260608/uv_atlas/B34-3444,Keep compressed; atlas if grouped with small sibling textures.,STATIC_SOURCE
texture,Assets/_Project/Art/TEXTURES/Generated/GeminiBatch34SplitAtlasCandidates_20260608/uv_atlas/B34-3444/TX_B34-3444_island_14.png,.png,512,512,RGBA,2048,1|2,-1|1|25|50,0,0,0,262144,0.250,0.333,111539,0.106,,,,,,,,,,,,,,,,,,,,,,,,Assets/_Project/Art/TEXTURES/Generated/GeminiBatch34SplitAtlasCandidates_20260608/uv_atlas/B34-3444,Keep compressed; atlas if grouped with small sibling textures.,STATIC_SOURCE
texture,Assets/_Project/Art/TEXTURES/Generated/GeminiBatch34SplitAtlasCandidates_20260608/uv_atlas/B34-3444/TX_B34-3444_island_15.png,.png,512,512,RGBA,2048,1|2,-1|1|25|50,0,0,0,262144,0.250,0.333,74711,0.071,,,,,,,,,,,,,,,,,,,,,,,,Assets/_Project/Art/TEXTURES/Generated/GeminiBatch34SplitAtlasCandidates_20260608/uv_atlas/B34-3444,Keep compressed; atlas if grouped with small sibling textures.,STATIC_SOURCE
texture,Assets/_Project/Art/TEXTURES/Generated/GeminiBatch34SplitAtlasCandidates_20260608/uv_atlas/B34-3444/TX_B34-3444_island_16.png,.png,512,512,RGBA,2048,1|2,-1|1|25|50,0,0,0,262144,0.250,0.333,94281,0.090,,,,,,,,,,,,,,,,,,,,,,,,Assets/_Project/Art/TEXTURES/Generated/GeminiBatch34SplitAtlasCandidates_20260608/uv_atlas/B34-3444,Keep compressed; atlas if grouped with small sibling textures.,STATIC_SOURCE
texture,Assets/_Project/Art/TEXTURES/Generated/GeminiBatch34SplitAtlasCandidates_20260608/uv_atlas/B34-3444/TX_B34-3444_island_17.png,.png,512,512,RGBA,2048,1|2,-1|1|25|50,0,0,0,262144,0.250,0.333,61137,0.058,,,,,,,,,,,,,,,,,,,,,,,,Assets/_Project/Art/TEXTURES/Generated/GeminiBatch34SplitAtlasCandidates_20260608/uv_atlas/B34-3444,Keep compressed; atlas if grouped with small sibling textures.,STATIC_SOURCE
texture,Assets/_Project/Art/TEXTURES/Generated/GeminiBatch34SplitAtlasCandidates_20260608/uv_atlas/B34-3444/TX_B34-3444_island_18.png,.png,512,512,RGBA,2048,1|2,-1|1|25|50,0,0,0,262144,0.250,0.333,60505,0.058,,,,,,,,,,,,,,,,,,,,,,,,Assets/_Project/Art/TEXTURES/Generated/GeminiBatch34SplitAtlasCandidates_20260608/uv_atlas/B34-3444,Keep compressed; atlas if grouped with small sibling textures.,STATIC_SOURCE
texture,Assets/_Project/Art/TEXTURES/Generated/GeminiBatch34SplitAtlasCandidates_20260608/uv_atlas/B34-3444/TX_B34-3444_island_19.png,.png,512,512,RGBA,2048,1|2,-1|1|25|50,0,0,0,262144,0.250,0.333,77788,0.074,,,,,,,,,,,,,,,,,,,,,,,,Assets/_Project/Art/TEXTURES/Generated/GeminiBatch34SplitAtlasCandidates_20260608/uv_atlas/B34-3444,Keep compressed; atlas if grouped with small sibling textures.,STATIC_SOURCE
texture,Assets/_Project/Art/TEXTURES/Generated/GeminiBatch34SplitAtlasCandidates_20260608/uv_atlas/B34-3444/TX_B34-3444_island_20.png,.png,512,512,RGBA,2048,1|2,-1|1|25|50,0,0,0,262144,0.250,0.333,65233,0.062,,,,,,,,,,,,,,,,,,,,,,,,Assets/_Project/Art/TEXTURES/Generated/GeminiBatch34SplitAtlasCandidates_20260608/uv_atlas/B34-3444,Keep compressed; atlas if grouped with small sibling textures.,STATIC_SOURCE
texture,Assets/_Project/Art/TEXTURES/Generated/GeminiBatch34SplitAtlasCandidates_20260608/uv_atlas/B34-3444/TX_B34-3444_island_21.png,.png,512,512,RGBA,2048,1|2,-1|1|25|50,0,0,0,262144,0.250,0.333,52815,0.050,,,,,,,,,,,,,,,,,,,,,,,,Assets/_Project/Art/TEXTURES/Generated/GeminiBatch34SplitAtlasCandidates_20260608/uv_atlas/B34-3444,Keep compressed; atlas if grouped with small sibling textures.,STATIC_SOURCE
texture,Assets/_Project/Art/TEXTURES/Generated/GeminiBatch34SplitAtlasCandidates_20260608/uv_atlas/B34-3444/TX_B34-3444_island_22.png,.png,512,512,RGBA,2048,1|2,-1|1|25|50,0,0,0,262144,0.250,0.333,93474,0.089,,,,,,,,,,,,,,,,,,,,,,,,Assets/_Project/Art/TEXTURES/Generated/GeminiBatch34SplitAtlasCandidates_20260608/uv_atlas/B34-3444,Keep compressed; atlas if grouped with small sibling textures.,STATIC_SOURCE
texture,Assets/_Project/Art/TEXTURES/Generated/GeminiBatch34SplitAtlasCandidates_20260608/uv_atlas/B34-3444/TX_B34-3444_island_23.png,.png,512,512,RGBA,2048,1|2,-1|1|25|50,0,0,0,262144,0.250,0.333,34282,0.033,,,,,,,,,,,,,,,,,,,,,,,,Assets/_Project/Art/TEXTURES/Generated/GeminiBatch34SplitAtlasCandidates_20260608/uv_atlas/B34-3444,Keep compressed; atlas if grouped with small sibling textures.,STATIC_SOURCE
texture,Assets/_Project/Art/TEXTURES/Generated/GeminiBatch34SplitAtlasCandidates_20260608/uv_atlas/B34-3444/TX_B34-3444_island_24.png,.png,512,512,RGBA,2048,1|2,-1|1|25|50,0,0,0,262144,0.250,0.333,27890,0.027,,,,,,,,,,,,,,,,,,,,,,,,Assets/_Project/Art/TEXTURES/Generated/GeminiBatch34SplitAtlasCandidates_20260608/uv_atlas/B34-3444,Keep compressed; atlas if grouped with small sibling textures.,STATIC_SOURCE
texture,Assets/_Project/Art/TEXTURES/Generated/GeminiBatch34SplitAtlasCandidates_20260608/uv_atlas/B34-3444/TX_B34-3444_island_25.png,.png,512,512,RGBA,2048,1|2,-1|1|25|50,0,0,0,262144,0.250,0.333,32351,0.031,,,,,,,,,,,,,,,,,,,,,,,,Assets/_Project/Art/TEXTURES/Generated/GeminiBatch34SplitAtlasCandidates_20260608/uv_atlas/B34-3444,Keep compressed; atlas if grouped with small sibling textures.,STATIC_SOURCE
texture,Assets/_Project/Art/TEXTURES/Generated/GeminiBatch34SplitAtlasCandidates_20260608/uv_atlas/B34-3444/TX_B34-3444_island_26.png,.png,512,512,RGBA,2048,1|2,-1|1|25|50,0,0,0,262144,0.250,0.333,25046,0.024,,,,,,,,,,,,,,,,,,,,,,,,Assets/_Project/Art/TEXTURES/Generated/GeminiBatch34SplitAtlasCandidates_20260608/uv_atlas/B34-3444,Keep compressed; atlas if grouped with small sibling textures.,STATIC_SOURCE
texture,Assets/_Project/Art/TEXTURES/Generated/GeminiBatch34SplitAtlasCandidates_20260608/uv_atlas/B34-3444/TX_B34-3444_island_27.png,.png,512,512,RGBA,2048,1|2,-1|1|25|50,0,0,0,262144,0.250,0.333,20733,0.020,,,,,,,,,,,,,,,,,,,,,,,,Assets/_Project/Art/TEXTURES/Generated/GeminiBatch34SplitAtlasCandidates_20260608/uv_atlas/B34-3444,Keep compressed; atlas if grouped with small sibling textures.,STATIC_SOURCE
texture,Assets/_Project/Art/TEXTURES/Generated/GeminiBatch34SplitAtlasCandidates_20260608/uv_atlas/B34-3444/TX_B34-3444_island_28.png,.png,512,512,RGBA,2048,1|2,-1|1|25|50,0,0,0,262144,0.250,0.333,24705,0.024,,,,,,,,,,,,,,,,,,,,,,,,Assets/_Project/Art/TEXTURES/Generated/GeminiBatch34SplitAtlasCandidates_20260608/uv_atlas/B34-3444,Keep compressed; atlas if grouped with small sibling textures.,STATIC_SOURCE
texture,Assets/_Project/Art/TEXTURES/Generated/GeminiBatch34SplitAtlasCandidates_20260608/uv_atlas/B34-3444/TX_B34-3444_island_29.png,.png,512,512,RGBA,2048,1|2,-1|1|25|50,0,0,0,262144,0.250,0.333,15144,0.014,,,,,,,,,,,,,,,,,,,,,,,,Assets/_Project/Art/TEXTURES/Generated/GeminiBatch34SplitAtlasCandidates_20260608/uv_atlas/B34-3444,Keep compressed; atlas if grouped with small sibling textures.,STATIC_SOURCE
texture,Assets/_Project/Art/TEXTURES/Generated/GeminiBatch34SplitAtlasCandidates_20260608/uv_atlas/B34-3444/TX_B34-3444_island_30.png,.png,512,512,RGBA,2048,1|2,-1|1|25|50,0,0,0,262144,0.250,0.333,13002,0.012,,,,,,,,,,,,,,,,,,,,,,,,Assets/_Project/Art/TEXTURES/Generated/GeminiBatch34SplitAtlasCandidates_20260608/uv_atlas/B34-3444,Keep compressed; atlas if grouped with small sibling textures.,STATIC_SOURCE
texture,Assets/_Project/Art/TEXTURES/Generated/GeminiBatch34SplitAtlasCandidates_20260608/uv_atlas/B34-3447/TX_B34-3447_island_00.png,.png,512,512,RGBA,2048,1|2,-1|1|25|50,0,0,0,262144,0.250,0.333,167823,0.160,,,,,,,,,,,,,,,,,,,,,,,,Assets/_Project/Art/TEXTURES/Generated/GeminiBatch34SplitAtlasCandidates_20260608/uv_atlas/B34-3447,Keep compressed; atlas if grouped with small sibling textures.,STATIC_SOURCE
texture,Assets/_Project/Art/TEXTURES/Generated/GeminiBatch34SplitAtlasCandidates_20260608/uv_atlas/B34-3447/TX_B34-3447_island_01.png,.png,512,512,RGBA,2048,1|2,-1|1|25|50,0,0,0,262144,0.250,0.333,212418,0.203,,,,,,,,,,,,,,,,,,,,,,,,Assets/_Project/Art/TEXTURES/Generated/GeminiBatch34SplitAtlasCandidates_20260608/uv_atlas/B34-3447,Keep compressed; atlas if grouped with small sibling textures.,STATIC_SOURCE
texture,Assets/_Project/Art/TEXTURES/Generated/GeminiBatch34SplitAtlasCandidates_20260608/uv_atlas/B34-3447/TX_B34-3447_island_02.png,.png,512,512,RGBA,2048,1|2,-1|1|25|50,0,0,0,262144,0.250,0.333,204791,0.195,,,,,,,,,,,,,,,,,,,,,,,,Assets/_Project/Art/TEXTURES/Generated/GeminiBatch34SplitAtlasCandidates_20260608/uv_atlas/B34-3447,Keep compressed; atlas if grouped with small sibling textures.,STATIC_SOURCE
texture,Assets/_Project/Art/TEXTURES/Generated/GeminiBatch34SplitAtlasCandidates_20260608/uv_atlas/B34-3447/TX_B34-3447_island_03.png,.png,512,512,RGBA,2048,1|2,-1|1|25|50,0,0,0,262144,0.250,0.333,147714,0.141,,,,,,,,,,,,,,,,,,,,,,,,Assets/_Project/Art/TEXTURES/Generated/GeminiBatch34SplitAtlasCandidates_20260608/uv_atlas/B34-3447,Keep compressed; atlas if grouped with small sibling textures.,STATIC_SOURCE
texture,Assets/_Project/Art/TEXTURES/Generated/GeminiBatch34SplitAtlasCandidates_20260608/uv_atlas/B34-3447/TX_B34-3447_island_04.png,.png,512,512,RGBA,2048,1|2,-1|1|25|50,0,0,0,262144,0.250,0.333,120927,0.115,,,,,,,,,,,,,,,,,,,,,,,,Assets/_Project/Art/TEXTURES/Generated/GeminiBatch34SplitAtlasCandidates_20260608/uv_atlas/B34-3447,Keep compressed; atlas if grouped with small sibling textures.,STATIC_SOURCE
texture,Assets/_Project/Art/TEXTURES/Generated/GeminiBatch34SplitAtlasCandidates_20260608/uv_atlas/B34-3447/TX_B34-3447_island_05.png,.png,512,512,RGBA,2048,1|2,-1|1|25|50,0,0,0,262144,0.250,0.333,110798,0.106,,,,,,,,,,,,,,,,,,,,,,,,Assets/_Project/Art/TEXTURES/Generated/GeminiBatch34SplitAtlasCandidates_20260608/uv_atlas/B34-3447,Keep compressed; atlas if grouped with small sibling textures.,STATIC_SOURCE
texture,Assets/_Project/Art/TEXTURES/Generated/GeminiBatch34SplitAtlasCandidates_20260608/uv_atlas/B34-3447/TX_B34-3447_island_06.png,.png,512,512,RGBA,2048,1|2,-1|1|25|50,0,0,0,262144,0.250,0.333,107624,0.103,,,,,,,,,,,,,,,,,,,,,,,,Assets/_Project/Art/TEXTURES/Generated/GeminiBatch34SplitAtlasCandidates_20260608/uv_atlas/B34-3447,Keep compressed; atlas if grouped with small sibling textures.,STATIC_SOURCE
texture,Assets/_Project/Art/TEXTURES/Generated/GeminiBatch34SplitAtlasCandidates_20260608/uv_atlas/B34-3447/TX_B34-3447_island_07.png,.png,512,512,RGBA,2048,1|2,-1|1|25|50,0,0,0,262144,0.250,0.333,99565,0.095,,,,,,,,,,,,,,,,,,,,,,,,Assets/_Project/Art/TEXTURES/Generated/GeminiBatch34SplitAtlasCandidates_20260608/uv_atlas/B34-3447,Keep compressed; atlas if grouped with small sibling textures.,STATIC_SOURCE
texture,Assets/_Project/Art/TEXTURES/Generated/GeminiBatch34SplitAtlasCandidates_20260608/uv_atlas/B34-3447/TX_B34-3447_island_08.png,.png,512,512,RGBA,2048,1|2,-1|1|25|50,0,0,0,262144,0.250,0.333,118530,0.113,,,,,,,,,,,,,,,,,,,,,,,,Assets/_Project/Art/TEXTURES/Generated/GeminiBatch34SplitAtlasCandidates_20260608/uv_atlas/B34-3447,Keep compressed; atlas if grouped with small sibling textures.,STATIC_SOURCE
texture,Assets/_Project/Art/TEXTURES/Generated/GeminiBatch34SplitAtlasCandidates_20260608/uv_atlas/B34-3447/TX_B34-3447_island_09.png,.png,512,512,RGBA,2048,1|2,-1|1|25|50,0,0,0,262144,0.250,0.333,104318,0.099,,,,,,,,,,,,,,,,,,,,,,,,Assets/_Project/Art/TEXTURES/Generated/GeminiBatch34SplitAtlasCandidates_20260608/uv_atlas/B34-3447,Keep compressed; atlas if grouped with small sibling textures.,STATIC_SOURCE
texture,Assets/_Project/Art/TEXTURES/Generated/GeminiBatch34SplitAtlasCandidates_20260608/uv_atlas/B34-3447/TX_B34-3447_island_10.png,.png,512,512,RGBA,2048,1|2,-1|1|25|50,0,0,0,262144,0.250,0.333,88888,0.085,,,,,,,,,,,,,,,,,,,,,,,,Assets/_Project/Art/TEXTURES/Generated/GeminiBatch34SplitAtlasCandidates_20260608/uv_atlas/B34-3447,Keep compressed; atlas if grouped with small sibling textures.,STATIC_SOURCE
texture,Assets/_Project/Art/TEXTURES/Generated/GeminiBatch34SplitAtlasCandidates_20260608/uv_atlas/B34-3447/TX_B34-3447_island_11.png,.png,512,512,RGBA,2048,1|2,-1|1|25|50,0,0,0,262144,0.250,0.333,76232,0.073,,,,,,,,,,,,,,,,,,,,,,,,Assets/_Project/Art/TEXTURES/Generated/GeminiBatch34SplitAtlasCandidates_20260608/uv_atlas/B34-3447,Keep compressed; atlas if grouped with small sibling textures.,STATIC_SOURCE
texture,Assets/_Project/Art/TEXTURES/Generated/GeminiBatch34SplitAtlasCandidates_20260608/uv_atlas/B34-3447/TX_B34-3447_island_12.png,.png,512,512,RGBA,2048,1|2,-1|1|25|50,0,0,0,262144,0.250,0.333,68443,0.065,,,,,,,,,,,,,,,,,,,,,,,,Assets/_Project/Art/TEXTURES/Generated/GeminiBatch34SplitAtlasCandidates_20260608/uv_atlas/B34-3447,Keep compressed; atlas if grouped with small sibling textures.,STATIC_SOURCE
texture,Assets/_Project/Art/TEXTURES/Generated/GeminiBatch34SplitAtlasCandidates_20260608/uv_atlas/B34-3447/TX_B34-3447_island_13.png,.png,512,512,RGBA,2048,1|2,-1|1|25|50,0,0,0,262144,0.250,0.333,64041,0.061,,,,,,,,,,,,,,,,,,,,,,,,Assets/_Project/Art/TEXTURES/Generated/GeminiBatch34SplitAtlasCandidates_20260608/uv_atlas/B34-3447,Keep compressed; atlas if grouped with small sibling textures.,STATIC_SOURCE
texture,Assets/_Project/Art/TEXTURES/Generated/GeminiBatch34SplitAtlasCandidates_20260608/uv_atlas/B34-3447/TX_B34-3447_island_14.png,.png,512,512,RGBA,2048,1|2,-1|1|25|50,0,0,0,262144,0.250,0.333,67817,0.065,,,,,,,,,,,,,,,,,,,,,,,,Assets/_Project/Art/TEXTURES/Generated/GeminiBatch34SplitAtlasCandidates_20260608/uv_atlas/B34-3447,Keep compressed; atlas if grouped with small sibling textures.,STATIC_SOURCE
texture,Assets/_Project/Art/TEXTURES/Generated/GeminiBatch34SplitAtlasCandidates_20260608/uv_atlas/B34-3447/TX_B34-3447_island_15.png,.png,512,512,RGBA,2048,1|2,-1|1|25|50,0,0,0,262144,0.250,0.333,77023,0.073,,,,,,,,,,,,,,,,,,,,,,,,Assets/_Project/Art/TEXTURES/Generated/GeminiBatch34SplitAtlasCandidates_20260608/uv_atlas/B34-3447,Keep compressed; atlas if grouped with small sibling textures.,STATIC_SOURCE
texture,Assets/_Project/Art/TEXTURES/Generated/GeminiBatch34SplitAtlasCandidates_20260608/uv_atlas/B34-3447/TX_B34-3447_island_16.png,.png,512,512,RGBA,2048,1|2,-1|1|25|50,0,0,0,262144,0.250,0.333,56975,0.054,,,,,,,,,,,,,,,,,,,,,,,,Assets/_Project/Art/TEXTURES/Generated/GeminiBatch34SplitAtlasCandidates_20260608/uv_atlas/B34-3447,Keep compressed; atlas if grouped with small sibling textures.,STATIC_SOURCE
texture,Assets/_Project/Art/TEXTURES/Generated/GeminiBatch34SplitAtlasCandidates_20260608/uv_atlas/B34-3447/TX_B34-3447_island_17.png,.png,512,512,RGBA,2048,1|2,-1|1|25|50,0,0,0,262144,0.250,0.333,61409,0.059,,,,,,,,,,,,,,,,,,,,,,,,Assets/_Project/Art/TEXTURES/Generated/GeminiBatch34SplitAtlasCandidates_20260608/uv_atlas/B34-3447,Keep compressed; atlas if grouped with small sibling textures.,STATIC_SOURCE
texture,Assets/_Project/Art/TEXTURES/Generated/GeminiBatch34SplitAtlasCandidates_20260608/uv_atlas/B34-3447/TX_B34-3447_island_18.png,.png,512,512,RGBA,2048,1|2,-1|1|25|50,0,0,0,262144,0.250,0.333,49018,0.047,,,,,,,,,,,,,,,,,,,,,,,,Assets/_Project/Art/TEXTURES/Generated/GeminiBatch34SplitAtlasCandidates_20260608/uv_atlas/B34-3447,Keep compressed; atlas if grouped with small sibling textures.,STATIC_SOURCE
texture,Assets/_Project/Art/TEXTURES/Generated/GeminiBatch34SplitAtlasCandidates_20260608/uv_atlas/B34-3447/TX_B34-3447_island_19.png,.png,512,512,RGBA,2048,1|2,-1|1|25|50,0,0,0,262144,0.250,0.333,44737,0.043,,,,,,,,,,,,,,,,,,,,,,,,Assets/_Project/Art/TEXTURES/Generated/GeminiBatch34SplitAtlasCandidates_20260608/uv_atlas/B34-3447,Keep compressed; atlas if grouped with small sibling textures.,STATIC_SOURCE
texture,Assets/_Project/Art/TEXTURES/Generated/GeminiBatch34SplitAtlasCandidates_20260608/uv_atlas/B34-3447/TX_B34-3447_island_20.png,.png,512,512,RGBA,2048,1|2,-1|1|25|50,0,0,0,262144,0.250,0.333,29563,0.028,,,,,,,,,,,,,,,,,,,,,,,,Assets/_Project/Art/TEXTURES/Generated/GeminiBatch34SplitAtlasCandidates_20260608/uv_atlas/B34-3447,Keep compressed; atlas if grouped with small sibling textures.,STATIC_SOURCE
texture,Assets/_Project/Art/TEXTURES/Generated/GeminiBatch34SplitAtlasCandidates_20260608/uv_atlas/B34-3447/TX_B34-3447_island_21.png,.png,512,512,RGBA,2048,1|2,-1|1|25|50,0,0,0,262144,0.250,0.333,51022,0.049,,,,,,,,,,,,,,,,,,,,,,,,Assets/_Project/Art/TEXTURES/Generated/GeminiBatch34SplitAtlasCandidates_20260608/uv_atlas/B34-3447,Keep compressed; atlas if grouped with small sibling textures.,STATIC_SOURCE
texture,Assets/_Project/Art/TEXTURES/Generated/GeminiBatch34SplitAtlasCandidates_20260608/uv_atlas/B34-3447/TX_B34-3447_island_22.png,.png,512,512,RGBA,2048,1|2,-1|1|25|50,0,0,0,262144,0.250,0.333,39129,0.037,,,,,,,,,,,,,,,,,,,,,,,,Assets/_Project/Art/TEXTURES/Generated/GeminiBatch34SplitAtlasCandidates_20260608/uv_atlas/B34-3447,Keep compressed; atlas if grouped with small sibling textures.,STATIC_SOURCE
texture,Assets/_Project/Art/TEXTURES/Generated/GeminiBatch34SplitAtlasCandidates_20260608/uv_atlas/B34-3447/TX_B34-3447_island_23.png,.png,512,512,RGBA,2048,1|2,-1|1|25|50,0,0,0,262144,0.250,0.333,51315,0.049,,,,,,,,,,,,,,,,,,,,,,,,Assets/_Project/Art/TEXTURES/Generated/GeminiBatch34SplitAtlasCandidates_20260608/uv_atlas/B34-3447,Keep compressed; atlas if grouped with small sibling textures.,STATIC_SOURCE
texture,Assets/_Project/Art/TEXTURES/Generated/GeminiBatch34SplitAtlasCandidates_20260608/uv_atlas/B34-3447/TX_B34-3447_island_24.png,.png,512,512,RGBA,2048,1|2,-1|1|25|50,0,0,0,262144,0.250,0.333,41693,0.040,,,,,,,,,,,,,,,,,,,,,,,,Assets/_Project/Art/TEXTURES/Generated/GeminiBatch34SplitAtlasCandidates_20260608/uv_atlas/B34-3447,Keep compressed; atlas if grouped with small sibling textures.,STATIC_SOURCE
texture,Assets/_Project/Art/TEXTURES/Generated/GeminiBatch34SplitAtlasCandidates_20260608/uv_atlas/B34-3447/TX_B34-3447_island_25.png,.png,512,512,RGBA,2048,1|2,-1|1|25|50,0,0,0,262144,0.250,0.333,26255,0.025,,,,,,,,,,,,,,,,,,,,,,,,Assets/_Project/Art/TEXTURES/Generated/GeminiBatch34SplitAtlasCandidates_20260608/uv_atlas/B34-3447,Keep compressed; atlas if grouped with small sibling textures.,STATIC_SOURCE
texture,Assets/_Project/Art/TEXTURES/Generated/GeminiBatch34SplitAtlasCandidates_20260608/uv_atlas/B34-3447/TX_B34-3447_island_26.png,.png,512,512,RGBA,2048,1|2,-1|1|25|50,0,0,0,262144,0.250,0.333,18429,0.018,,,,,,,,,,,,,,,,,,,,,,,,Assets/_Project/Art/TEXTURES/Generated/GeminiBatch34SplitAtlasCandidates_20260608/uv_atlas/B34-3447,Keep compressed; atlas if grouped with small sibling textures.,STATIC_SOURCE
texture,Assets/_Project/Art/TEXTURES/Generated/GeminiBatch34SplitAtlasCandidates_20260608/uv_atlas/B34-3447/TX_B34-3447_island_27.png,.png,512,512,RGBA,2048,1|2,-1|1|25|50,0,0,0,262144,0.250,0.333,15168,0.014,,,,,,,,,,,,,,,,,,,,,,,,Assets/_Project/Art/TEXTURES/Generated/GeminiBatch34SplitAtlasCandidates_20260608/uv_atlas/B34-3447,Keep compressed; atlas if grouped with small sibling textures.,STATIC_SOURCE
texture,Assets/_Project/Art/TEXTURES/Generated/GeminiBiomeMaterialIntake_20260607/Materials/gemini_biome_20260607_abyssal_predator_hide/TX_GB_gemini_biome_20260607_abyssal_predator_hide_BaseColor.jpg,.jpg,1024,1024,RGB,2048,1|2,-1|1|25|50,0,0,0,1048576,1.000,1.333,192927,0.184,,,,,,,,,,,,,,,,,,,,,,,,,Verify Unity import compression; JPG disk compression does not reduce VRAM.,STATIC_SOURCE
texture,Assets/_Project/Art/TEXTURES/Generated/GeminiBiomeMaterialIntake_20260607/Materials/gemini_biome_20260607_abyssal_predator_hide/TX_GM_gemini_biome_20260607_abyssal_predator_hide_ARM_AO_Rough_Metal.jpg,.jpg,1024,1024,RGB,2048,1|2,-1|1|25|50,0,0,0,1048576,1.000,1.333,283704,0.271,,,,,,,,,,,,,,,,,,,,,,,,,Channel-pack masks into one RGBA texture; avoid separate AO/spec maps.,STATIC_SOURCE
texture,Assets/_Project/Art/TEXTURES/Generated/GeminiBiomeMaterialIntake_20260607/Materials/gemini_biome_20260607_abyssal_predator_hide/TX_GM_gemini_biome_20260607_abyssal_predator_hide_Height.jpg,.jpg,1024,1024,L,2048,1|2,-1|1|25|50,0,0,0,1048576,1.000,1.333,383448,0.366,,,,,,,,,,,,,,,,,,,,,,,,,Verify Unity import compression; JPG disk compression does not reduce VRAM.,STATIC_SOURCE
texture,Assets/_Project/Art/TEXTURES/Generated/GeminiBiomeMaterialIntake_20260607/Materials/gemini_biome_20260607_abyssal_predator_hide/TX_GM_gemini_biome_20260607_abyssal_predator_hide_MaskMap_UnityURP.png,.png,1024,1024,RGBA,2048,1|2,-1|1|25|50,0,0,0,1048576,1.000,1.333,735730,0.702,,,,,,,,,,,,,,,,,,,,,,,,,Channel-pack masks into one RGBA texture; avoid separate AO/spec maps.,STATIC_SOURCE
texture,Assets/_Project/Art/TEXTURES/Generated/GeminiBiomeMaterialIntake_20260607/Materials/gemini_biome_20260607_abyssal_predator_hide/TX_GM_gemini_biome_20260607_abyssal_predator_hide_NormalGL.jpg,.jpg,1024,1024,RGB,2048,1|2,-1|1|27|50,0,0,1,1048576,1.000,1.333,778904,0.743,,,,,,,,,,,,,,,,,,,,,,,,,Use BC5 normal import; Low tier cap 1024 unless hero close-read asset.,STATIC_SOURCE
texture,Assets/_Project/Art/TEXTURES/Generated/GeminiBiomeMaterialIntake_20260607/Materials/gemini_biome_20260607_aegir_surface_foamless_wet_rock/TX_GB_gemini_biome_20260607_aegir_surface_foamless_wet_rock_BaseColor.jpg,.jpg,1024,1024,RGB,2048|512,1|2,-1|1|25|50,0,0,0,1048576,1.000,1.333,391153,0.373,,,,,,,,,,,,,,,,,,,,,,,,,Verify Unity import compression; JPG disk compression does not reduce VRAM.,STATIC_SOURCE
texture,Assets/_Project/Art/TEXTURES/Generated/GeminiBiomeMaterialIntake_20260607/Materials/gemini_biome_20260607_aegir_surface_foamless_wet_rock/TX_GM_gemini_biome_20260607_aegir_surface_foamless_wet_rock_ARM_AO_Rough_Metal.jpg,.jpg,1024,1024,RGB,2048|512,1|2,-1|1|25|50,0,0,0,1048576,1.000,1.333,295661,0.282,,,,,,,,,,,,,,,,,,,,,,,,,Channel-pack masks into one RGBA texture; avoid separate AO/spec maps.,STATIC_SOURCE
texture,Assets/_Project/Art/TEXTURES/Generated/GeminiBiomeMaterialIntake_20260607/Materials/gemini_biome_20260607_aegir_surface_foamless_wet_rock/TX_GM_gemini_biome_20260607_aegir_surface_foamless_wet_rock_Height.jpg,.jpg,1024,1024,L,2048|512,1|2,-1|1|25|50,0,0,0,1048576,1.000,1.333,353723,0.337,,,,,,,,,,,,,,,,,,,,,,,,,Verify Unity import compression; JPG disk compression does not reduce VRAM.,STATIC_SOURCE
texture,Assets/_Project/Art/TEXTURES/Generated/GeminiBiomeMaterialIntake_20260607/Materials/gemini_biome_20260607_aegir_surface_foamless_wet_rock/TX_GM_gemini_biome_20260607_aegir_surface_foamless_wet_rock_MaskMap_UnityURP.png,.png,1024,1024,RGBA,2048|512,1|2,-1|1|25|50,0,0,0,1048576,1.000,1.333,833832,0.795,,,,,,,,,,,,,,,,,,,,,,,,,Channel-pack masks into one RGBA texture; avoid separate AO/spec maps.,STATIC_SOURCE
texture,Assets/_Project/Art/TEXTURES/Generated/GeminiBiomeMaterialIntake_20260607/Materials/gemini_biome_20260607_aegir_surface_foamless_wet_rock/TX_GM_gemini_biome_20260607_aegir_surface_foamless_wet_rock_NormalGL.jpg,.jpg,1024,1024,RGB,2048|512,1|2,-1|1|27|50,0,0,1,1048576,1.000,1.333,719503,0.686,,,,,,,,,,,,,,,,,,,,,,,,,Use BC5 normal import; Low tier cap 1024 unless hero close-read asset.,STATIC_SOURCE
texture,Assets/_Project/Art/TEXTURES/Generated/GeminiBiomeMaterialIntake_20260607/Materials/gemini_biome_20260607_bioluminescent_coral_flesh/TX_GB_gemini_biome_20260607_bioluminescent_coral_flesh_BaseColor.jpg,.jpg,1024,1024,RGB,2048|512,1|2,-1|1|25|50,0,0,0,1048576,1.000,1.333,422957,0.403,,,,,,,,,,,,,,,,,,,,,,,,,Verify Unity import compression; JPG disk compression does not reduce VRAM.,STATIC_SOURCE
texture,Assets/_Project/Art/TEXTURES/Generated/GeminiBiomeMaterialIntake_20260607/Materials/gemini_biome_20260607_bioluminescent_coral_flesh/TX_GM_gemini_biome_20260607_bioluminescent_coral_flesh_ARM_AO_Rough_Metal.jpg,.jpg,1024,1024,RGB,2048|512,1|2,-1|1|25|50,0,0,0,1048576,1.000,1.333,265091,0.253,,,,,,,,,,,,,,,,,,,,,,,,,Channel-pack masks into one RGBA texture; avoid separate AO/spec maps.,STATIC_SOURCE
texture,Assets/_Project/Art/TEXTURES/Generated/GeminiBiomeMaterialIntake_20260607/Materials/gemini_biome_20260607_bioluminescent_coral_flesh/TX_GM_gemini_biome_20260607_bioluminescent_coral_flesh_Height.jpg,.jpg,1024,1024,L,2048|512,1|2,-1|1|25|50,0,0,0,1048576,1.000,1.333,294854,0.281,,,,,,,,,,,,,,,,,,,,,,,,,Verify Unity import compression; JPG disk compression does not reduce VRAM.,STATIC_SOURCE
texture,Assets/_Project/Art/TEXTURES/Generated/GeminiBiomeMaterialIntake_20260607/Materials/gemini_biome_20260607_bioluminescent_coral_flesh/TX_GM_gemini_biome_20260607_bioluminescent_coral_flesh_MaskMap_UnityURP.png,.png,1024,1024,RGBA,2048|512,1|2,-1|1|25|50,0,0,0,1048576,1.000,1.333,728733,0.695,,,,,,,,,,,,,,,,,,,,,,,,,Channel-pack masks into one RGBA texture; avoid separate AO/spec maps.,STATIC_SOURCE
texture,Assets/_Project/Art/TEXTURES/Generated/GeminiBiomeMaterialIntake_20260607/Materials/gemini_biome_20260607_bioluminescent_coral_flesh/TX_GM_gemini_biome_20260607_bioluminescent_coral_flesh_NormalGL.jpg,.jpg,1024,1024,RGB,2048|512,1|2,-1|1|27|50,0,0,1,1048576,1.000,1.333,535909,0.511,,,,,,,,,,,,,,,,,,,,,,,,,Use BC5 normal import; Low tier cap 1024 unless hero close-read asset.,STATIC_SOURCE
texture,Assets/_Project/Art/TEXTURES/Generated/GeminiBiomeMaterialIntake_20260607/Materials/gemini_biome_20260607_creature_bone_plate_material/TX_GB_gemini_biome_20260607_creature_bone_plate_material_BaseColor.jpg,.jpg,1024,1024,RGB,2048,1|2,-1|1|25|50,0,0,0,1048576,1.000,1.333,316326,0.302,,,,,,,,,,,,,,,,,,,,,,,,,Verify Unity import compression; JPG disk compression does not reduce VRAM.,STATIC_SOURCE
texture,Assets/_Project/Art/TEXTURES/Generated/GeminiBiomeMaterialIntake_20260607/Materials/gemini_biome_20260607_creature_bone_plate_material/TX_GM_gemini_biome_20260607_creature_bone_plate_material_ARM_AO_Rough_Metal.jpg,.jpg,1024,1024,RGB,2048,1|2,-1|1|25|50,0,0,0,1048576,1.000,1.333,286710,0.273,,,,,,,,,,,,,,,,,,,,,,,,,Channel-pack masks into one RGBA texture; avoid separate AO/spec maps.,STATIC_SOURCE
texture,Assets/_Project/Art/TEXTURES/Generated/GeminiBiomeMaterialIntake_20260607/Materials/gemini_biome_20260607_creature_bone_plate_material/TX_GM_gemini_biome_20260607_creature_bone_plate_material_Height.jpg,.jpg,1024,1024,L,2048,1|2,-1|1|25|50,0,0,0,1048576,1.000,1.333,349516,0.333,,,,,,,,,,,,,,,,,,,,,,,,,Verify Unity import compression; JPG disk compression does not reduce VRAM.,STATIC_SOURCE
texture,Assets/_Project/Art/TEXTURES/Generated/GeminiBiomeMaterialIntake_20260607/Materials/gemini_biome_20260607_creature_bone_plate_material/TX_GM_gemini_biome_20260607_creature_bone_plate_material_MaskMap_UnityURP.png,.png,1024,1024,RGBA,2048,1|2,-1|1|25|50,0,0,0,1048576,1.000,1.333,809378,0.772,,,,,,,,,,,,,,,,,,,,,,,,,Channel-pack masks into one RGBA texture; avoid separate AO/spec maps.,STATIC_SOURCE
texture,Assets/_Project/Art/TEXTURES/Generated/GeminiBiomeMaterialIntake_20260607/Materials/gemini_biome_20260607_creature_bone_plate_material/TX_GM_gemini_biome_20260607_creature_bone_plate_material_NormalGL.jpg,.jpg,1024,1024,RGB,2048,1|2,-1|1|27|50,0,0,1,1048576,1.000,1.333,597972,0.570,,,,,,,,,,,,,,,,,,,,,,,,,Use BC5 normal import; Low tier cap 1024 unless hero close-read asset.,STATIC_SOURCE
texture,Assets/_Project/Art/TEXTURES/Generated/GeminiBiomeMaterialIntake_20260607/Materials/gemini_biome_20260607_hydrothermal_vent_mineral_crust/TX_GB_gemini_biome_20260607_hydrothermal_vent_mineral_crust_BaseColor.jpg,.jpg,1024,1024,RGB,2048,1|2,-1|1|25|50,0,0,0,1048576,1.000,1.333,504659,0.481,,,,,,,,,,,,,,,,,,,,,,,,,Verify Unity import compression; JPG disk compression does not reduce VRAM.,STATIC_SOURCE
texture,Assets/_Project/Art/TEXTURES/Generated/GeminiBiomeMaterialIntake_20260607/Materials/gemini_biome_20260607_hydrothermal_vent_mineral_crust/TX_GM_gemini_biome_20260607_hydrothermal_vent_mineral_crust_ARM_AO_Rough_Metal.jpg,.jpg,1024,1024,RGB,2048,1|2,-1|1|25|50,0,0,0,1048576,1.000,1.333,266113,0.254,,,,,,,,,,,,,,,,,,,,,,,,,Channel-pack masks into one RGBA texture; avoid separate AO/spec maps.,STATIC_SOURCE
texture,Assets/_Project/Art/TEXTURES/Generated/GeminiBiomeMaterialIntake_20260607/Materials/gemini_biome_20260607_hydrothermal_vent_mineral_crust/TX_GM_gemini_biome_20260607_hydrothermal_vent_mineral_crust_Height.jpg,.jpg,1024,1024,L,2048,1|2,-1|1|25|50,0,0,0,1048576,1.000,1.333,311771,0.297,,,,,,,,,,,,,,,,,,,,,,,,,Verify Unity import compression; JPG disk compression does not reduce VRAM.,STATIC_SOURCE
texture,Assets/_Project/Art/TEXTURES/Generated/GeminiBiomeMaterialIntake_20260607/Materials/gemini_biome_20260607_hydrothermal_vent_mineral_crust/TX_GM_gemini_biome_20260607_hydrothermal_vent_mineral_crust_MaskMap_UnityURP.png,.png,1024,1024,RGBA,2048,1|2,-1|1|25|50,0,0,0,1048576,1.000,1.333,756134,0.721,,,,,,,,,,,,,,,,,,,,,,,,,Channel-pack masks into one RGBA texture; avoid separate AO/spec maps.,STATIC_SOURCE
texture,Assets/_Project/Art/TEXTURES/Generated/GeminiBiomeMaterialIntake_20260607/Materials/gemini_biome_20260607_hydrothermal_vent_mineral_crust/TX_GM_gemini_biome_20260607_hydrothermal_vent_mineral_crust_NormalGL.jpg,.jpg,1024,1024,RGB,2048,1|2,-1|1|27|50,0,0,1,1048576,1.000,1.333,689471,0.658,,,,,,,,,,,,,,,,,,,,,,,,,Use BC5 normal import; Low tier cap 1024 unless hero close-read asset.,STATIC_SOURCE
texture,Assets/_Project/Art/TEXTURES/Generated/GeminiBiomeMaterialIntake_20260607/Materials/gemini_biome_20260607_living_kelp_frond_surface/TX_GB_gemini_biome_20260607_living_kelp_frond_surface_BaseColor.jpg,.jpg,1024,1024,RGB,2048|512,1|2,-1|1|25|50,0,0,0,1048576,1.000,1.333,197508,0.188,,,,,,,,,,,,,,,,,,,,,,,,,Verify Unity import compression; JPG disk compression does not reduce VRAM.,STATIC_SOURCE
texture,Assets/_Project/Art/TEXTURES/Generated/GeminiBiomeMaterialIntake_20260607/Materials/gemini_biome_20260607_living_kelp_frond_surface/TX_GM_gemini_biome_20260607_living_kelp_frond_surface_ARM_AO_Rough_Metal.jpg,.jpg,1024,1024,RGB,2048|512,1|2,-1|1|25|50,0,0,0,1048576,1.000,1.333,256514,0.245,,,,,,,,,,,,,,,,,,,,,,,,,Channel-pack masks into one RGBA texture; avoid separate AO/spec maps.,STATIC_SOURCE
texture,Assets/_Project/Art/TEXTURES/Generated/GeminiBiomeMaterialIntake_20260607/Materials/gemini_biome_20260607_living_kelp_frond_surface/TX_GM_gemini_biome_20260607_living_kelp_frond_surface_Height.jpg,.jpg,1024,1024,L,2048|512,1|2,-1|1|25|50,0,0,0,1048576,1.000,1.333,363708,0.347,,,,,,,,,,,,,,,,,,,,,,,,,Verify Unity import compression; JPG disk compression does not reduce VRAM.,STATIC_SOURCE
texture,Assets/_Project/Art/TEXTURES/Generated/GeminiBiomeMaterialIntake_20260607/Materials/gemini_biome_20260607_living_kelp_frond_surface/TX_GM_gemini_biome_20260607_living_kelp_frond_surface_MaskMap_UnityURP.png,.png,1024,1024,RGBA,2048|512,1|2,-1|1|25|50,0,0,0,1048576,1.000,1.333,743978,0.710,,,,,,,,,,,,,,,,,,,,,,,,,Channel-pack masks into one RGBA texture; avoid separate AO/spec maps.,STATIC_SOURCE
texture,Assets/_Project/Art/TEXTURES/Generated/GeminiBiomeMaterialIntake_20260607/Materials/gemini_biome_20260607_living_kelp_frond_surface/TX_GM_gemini_biome_20260607_living_kelp_frond_surface_NormalGL.jpg,.jpg,1024,1024,RGB,2048|512,1|2,-1|1|27|50,0,0,1,1048576,1.000,1.333,556721,0.531,,,,,,,,,,,,,,,,,,,,,,,,,Use BC5 normal import; Low tier cap 1024 unless hero close-read asset.,STATIC_SOURCE
texture,Assets/_Project/Art/TEXTURES/Generated/GeminiBiomeMaterialIntake_20260607/Materials/gemini_biome_20260607_pale_tube_coral_calcium/TX_GB_gemini_biome_20260607_pale_tube_coral_calcium_BaseColor.jpg,.jpg,1024,1024,RGB,2048|512,1|2,-1|1|25|50,0,0,0,1048576,1.000,1.333,317751,0.303,,,,,,,,,,,,,,,,,,,,,,,,,Verify Unity import compression; JPG disk compression does not reduce VRAM.,STATIC_SOURCE
texture,Assets/_Project/Art/TEXTURES/Generated/GeminiBiomeMaterialIntake_20260607/Materials/gemini_biome_20260607_pale_tube_coral_calcium/TX_GM_gemini_biome_20260607_pale_tube_coral_calcium_ARM_AO_Rough_Metal.jpg,.jpg,1024,1024,RGB,2048|512,1|2,-1|1|25|50,0,0,0,1048576,1.000,1.333,254200,0.242,,,,,,,,,,,,,,,,,,,,,,,,,Channel-pack masks into one RGBA texture; avoid separate AO/spec maps.,STATIC_SOURCE
texture,Assets/_Project/Art/TEXTURES/Generated/GeminiBiomeMaterialIntake_20260607/Materials/gemini_biome_20260607_pale_tube_coral_calcium/TX_GM_gemini_biome_20260607_pale_tube_coral_calcium_Height.jpg,.jpg,1024,1024,L,2048|512,1|2,-1|1|25|50,0,0,0,1048576,1.000,1.333,292027,0.278,,,,,,,,,,,,,,,,,,,,,,,,,Verify Unity import compression; JPG disk compression does not reduce VRAM.,STATIC_SOURCE
texture,Assets/_Project/Art/TEXTURES/Generated/GeminiBiomeMaterialIntake_20260607/Materials/gemini_biome_20260607_pale_tube_coral_calcium/TX_GM_gemini_biome_20260607_pale_tube_coral_calcium_MaskMap_UnityURP.png,.png,1024,1024,RGBA,2048|512,1|2,-1|1|25|50,0,0,0,1048576,1.000,1.333,724465,0.691,,,,,,,,,,,,,,,,,,,,,,,,,Channel-pack masks into one RGBA texture; avoid separate AO/spec maps.,STATIC_SOURCE
texture,Assets/_Project/Art/TEXTURES/Generated/GeminiBiomeMaterialIntake_20260607/Materials/gemini_biome_20260607_pale_tube_coral_calcium/TX_GM_gemini_biome_20260607_pale_tube_coral_calcium_NormalGL.jpg,.jpg,1024,1024,RGB,2048|512,1|2,-1|1|27|50,0,0,1,1048576,1.000,1.333,559308,0.533,,,,,,,,,,,,,,,,,,,,,,,,,Use BC5 normal import; Low tier cap 1024 unless hero close-read asset.,STATIC_SOURCE
texture,Assets/_Project/Art/TEXTURES/Generated/GeminiBiomeMaterialIntake_20260607/Materials/gemini_biome_20260607_pressure_suit_fabric_composite/TX_GB_gemini_biome_20260607_pressure_suit_fabric_composite_BaseColor.jpg,.jpg,1024,1024,RGB,2048,1|2,-1|1|25|50,0,0,0,1048576,1.000,1.333,276993,0.264,,,,,,,,,,,,,,,,,,,,,,,,,Verify Unity import compression; JPG disk compression does not reduce VRAM.,STATIC_SOURCE
texture,Assets/_Project/Art/TEXTURES/Generated/GeminiBiomeMaterialIntake_20260607/Materials/gemini_biome_20260607_pressure_suit_fabric_composite/TX_GM_gemini_biome_20260607_pressure_suit_fabric_composite_ARM_AO_Rough_Metal.jpg,.jpg,1024,1024,RGB,2048,1|2,-1|1|25|50,0,0,0,1048576,1.000,1.333,337977,0.322,,,,,,,,,,,,,,,,,,,,,,,,,Channel-pack masks into one RGBA texture; avoid separate AO/spec maps.,STATIC_SOURCE
texture,Assets/_Project/Art/TEXTURES/Generated/GeminiBiomeMaterialIntake_20260607/Materials/gemini_biome_20260607_pressure_suit_fabric_composite/TX_GM_gemini_biome_20260607_pressure_suit_fabric_composite_Height.jpg,.jpg,1024,1024,L,2048,1|2,-1|1|25|50,0,0,0,1048576,1.000,1.333,434550,0.414,,,,,,,,,,,,,,,,,,,,,,,,,Verify Unity import compression; JPG disk compression does not reduce VRAM.,STATIC_SOURCE
texture,Assets/_Project/Art/TEXTURES/Generated/GeminiBiomeMaterialIntake_20260607/Materials/gemini_biome_20260607_pressure_suit_fabric_composite/TX_GM_gemini_biome_20260607_pressure_suit_fabric_composite_MaskMap_UnityURP.png,.png,1024,1024,RGBA,2048,1|2,-1|1|25|50,0,0,0,1048576,1.000,1.333,810556,0.773,,,,,,,,,,,,,,,,,,,,,,,,,Channel-pack masks into one RGBA texture; avoid separate AO/spec maps.,STATIC_SOURCE
texture,Assets/_Project/Art/TEXTURES/Generated/GeminiBiomeMaterialIntake_20260607/Materials/gemini_biome_20260607_pressure_suit_fabric_composite/TX_GM_gemini_biome_20260607_pressure_suit_fabric_composite_NormalGL.jpg,.jpg,1024,1024,RGB,2048,1|2,-1|1|27|50,0,0,1,1048576,1.000,1.333,834088,0.795,,,,,,,,,,,,,,,,,,,,,,,,,Use BC5 normal import; Low tier cap 1024 unless hero close-read asset.,STATIC_SOURCE
texture,Assets/_Project/Art/TEXTURES/Generated/GeminiBiomeMaterialIntake_20260607/Materials/gemini_biome_20260607_soft_jelly_membrane/TX_GB_gemini_biome_20260607_soft_jelly_membrane_BaseColor.jpg,.jpg,1024,1024,RGB,2048,1|2,-1|1|25|50,0,0,0,1048576,1.000,1.333,205832,0.196,,,,,,,,,,,,,,,,,,,,,,,,,Verify Unity import compression; JPG disk compression does not reduce VRAM.,STATIC_SOURCE
texture,Assets/_Project/Art/TEXTURES/Generated/GeminiBiomeMaterialIntake_20260607/Materials/gemini_biome_20260607_soft_jelly_membrane/TX_GM_gemini_biome_20260607_soft_jelly_membrane_ARM_AO_Rough_Metal.jpg,.jpg,1024,1024,RGB,2048,1|2,-1|1|25|50,0,0,0,1048576,1.000,1.333,181082,0.173,,,,,,,,,,,,,,,,,,,,,,,,,Channel-pack masks into one RGBA texture; avoid separate AO/spec maps.,STATIC_SOURCE
texture,Assets/_Project/Art/TEXTURES/Generated/GeminiBiomeMaterialIntake_20260607/Materials/gemini_biome_20260607_soft_jelly_membrane/TX_GM_gemini_biome_20260607_soft_jelly_membrane_Height.jpg,.jpg,1024,1024,L,2048,1|2,-1|1|25|50,0,0,0,1048576,1.000,1.333,217425,0.207,,,,,,,,,,,,,,,,,,,,,,,,,Verify Unity import compression; JPG disk compression does not reduce VRAM.,STATIC_SOURCE
texture,Assets/_Project/Art/TEXTURES/Generated/GeminiBiomeMaterialIntake_20260607/Materials/gemini_biome_20260607_soft_jelly_membrane/TX_GM_gemini_biome_20260607_soft_jelly_membrane_MaskMap_UnityURP.png,.png,1024,1024,RGBA,2048,1|2,-1|1|25|50,0,0,0,1048576,1.000,1.333,600031,0.572,,,,,,,,,,,,,,,,,,,,,,,,,Channel-pack masks into one RGBA texture; avoid separate AO/spec maps.,STATIC_SOURCE
texture,Assets/_Project/Art/TEXTURES/Generated/GeminiBiomeMaterialIntake_20260607/Materials/gemini_biome_20260607_soft_jelly_membrane/TX_GM_gemini_biome_20260607_soft_jelly_membrane_NormalGL.jpg,.jpg,1024,1024,RGB,2048,1|2,-1|1|27|50,0,0,1,1048576,1.000,1.333,238468,0.227,,,,,,,,,,,,,,,,,,,,,,,,,Use BC5 normal import; Low tier cap 1024 unless hero close-read asset.,STATIC_SOURCE
texture,Assets/_Project/Art/TEXTURES/Generated/GeminiBiomeMaterialIntake_20260607/Materials/gemini_biome_20260607_wet_basalt_cave_wall/TX_GB_gemini_biome_20260607_wet_basalt_cave_wall_BaseColor.jpg,.jpg,1024,1024,RGB,2048|512,1|2,-1|1|25|50,0,0,0,1048576,1.000,1.333,305890,0.292,,,,,,,,,,,,,,,,,,,,,,,,,Verify Unity import compression; JPG disk compression does not reduce VRAM.,STATIC_SOURCE
texture,Assets/_Project/Art/TEXTURES/Generated/GeminiBiomeMaterialIntake_20260607/Materials/gemini_biome_20260607_wet_basalt_cave_wall/TX_GM_gemini_biome_20260607_wet_basalt_cave_wall_ARM_AO_Rough_Metal.jpg,.jpg,1024,1024,RGB,2048|512,1|2,-1|1|25|50,0,0,0,1048576,1.000,1.333,259440,0.247,,,,,,,,,,,,,,,,,,,,,,,,,Channel-pack masks into one RGBA texture; avoid separate AO/spec maps.,STATIC_SOURCE
texture,Assets/_Project/Art/TEXTURES/Generated/GeminiBiomeMaterialIntake_20260607/Materials/gemini_biome_20260607_wet_basalt_cave_wall/TX_GM_gemini_biome_20260607_wet_basalt_cave_wall_Height.jpg,.jpg,1024,1024,L,2048|512,1|2,-1|1|25|50,0,0,0,1048576,1.000,1.333,321275,0.306,,,,,,,,,,,,,,,,,,,,,,,,,Verify Unity import compression; JPG disk compression does not reduce VRAM.,STATIC_SOURCE
texture,Assets/_Project/Art/TEXTURES/Generated/GeminiBiomeMaterialIntake_20260607/Materials/gemini_biome_20260607_wet_basalt_cave_wall/TX_GM_gemini_biome_20260607_wet_basalt_cave_wall_MaskMap_UnityURP.png,.png,1024,1024,RGBA,2048|512,1|2,-1|1|25|50,0,0,0,1048576,1.000,1.333,779123,0.743,,,,,,,,,,,,,,,,,,,,,,,,,Channel-pack masks into one RGBA texture; avoid separate AO/spec maps.,STATIC_SOURCE
texture,Assets/_Project/Art/TEXTURES/Generated/GeminiBiomeMaterialIntake_20260607/Materials/gemini_biome_20260607_wet_basalt_cave_wall/TX_GM_gemini_biome_20260607_wet_basalt_cave_wall_NormalGL.jpg,.jpg,1024,1024,RGB,2048|512,1|2,-1|1|27|50,0,0,1,1048576,1.000,1.333,663685,0.633,,,,,,,,,,,,,,,,,,,,,,,,,Use BC5 normal import; Low tier cap 1024 unless hero close-read asset.,STATIC_SOURCE
texture,Assets/_Project/Art/TEXTURES/Generated/GeminiBiomeMaterialIntake_20260607/PREVIEW_GeminiBiome_LitMaterialSheet.png,.png,922,808,RGB,2048,1,-1|1|25,0,0,0,744976,0.710,0.947,1111225,1.060,,,,,,,,,,,,,,,,,,,,,,,,,Keep compressed; atlas if grouped with small sibling textures.,STATIC_SOURCE
texture,Assets/_Project/Art/TEXTURES/Generated/GeminiBiomeMaterialIntake_20260607/PREVIEW_GeminiBiomeMaterials_20260607.png,.png,948,444,RGB,2048,1,-1|1|25,0,0,0,420912,0.401,0.535,708107,0.675,,,,,,,,,,,,,,,,,,,,,,,,,Keep compressed; atlas if grouped with small sibling textures.,STATIC_SOURCE
texture,Assets/_Project/Art/TEXTURES/Generated/GeminiBiomeMaterialIntake_20260607/SourceCleaned/TX_GB_abyssal_predator_hide_Cleaned_2k.jpg,.jpg,2048,2048,RGB,2048,1,-1|1|25,0,0,0,4194304,4.000,5.333,971212,0.926,,,,,,,,,,,,,,,,,,,,,,,STREAMING_MIPMAPS_OFF_LARGE,,Low tier should halve source/import max; keep high mips only with hero or streaming proof.,STATIC_SOURCE
texture,Assets/_Project/Art/TEXTURES/Generated/GeminiBiomeMaterialIntake_20260607/SourceCleaned/TX_GB_aegir_surface_foamless_wet_rock_Cleaned_2k.jpg,.jpg,2048,2048,RGB,2048|512,1,-1|1|25,0,0,0,4194304,4.000,5.333,1525450,1.455,,,,,,,,,,,,,,,,,,,,,,,STREAMING_MIPMAPS_OFF_LARGE,,Low tier should halve source/import max; keep high mips only with hero or streaming proof.,STATIC_SOURCE
texture,Assets/_Project/Art/TEXTURES/Generated/GeminiBiomeMaterialIntake_20260607/SourceCleaned/TX_GB_bioluminescent_coral_flesh_Cleaned_2k.jpg,.jpg,2048,2048,RGB,2048|512,1,-1|1|25,0,0,0,4194304,4.000,5.333,1571723,1.499,,,,,,,,,,,,,,,,,,,,,,,STREAMING_MIPMAPS_OFF_LARGE,,Low tier should halve source/import max; keep high mips only with hero or streaming proof.,STATIC_SOURCE
texture,Assets/_Project/Art/TEXTURES/Generated/GeminiBiomeMaterialIntake_20260607/SourceCleaned/TX_GB_creature_bone_plate_material_Cleaned_2k.jpg,.jpg,2048,2048,RGB,2048,1,-1|1|25,0,0,0,4194304,4.000,5.333,1420504,1.355,,,,,,,,,,,,,,,,,,,,,,,STREAMING_MIPMAPS_OFF_LARGE,,Low tier should halve source/import max; keep high mips only with hero or streaming proof.,STATIC_SOURCE
texture,Assets/_Project/Art/TEXTURES/Generated/GeminiBiomeMaterialIntake_20260607/SourceCleaned/TX_GB_hydrothermal_vent_mineral_crust_Cleaned_2k.jpg,.jpg,2048,2048,RGB,2048,1,-1|1|25,0,0,0,4194304,4.000,5.333,1439897,1.373,,,,,,,,,,,,,,,,,,,,,,,STREAMING_MIPMAPS_OFF_LARGE,,Low tier should halve source/import max; keep high mips only with hero or streaming proof.,STATIC_SOURCE
texture,Assets/_Project/Art/TEXTURES/Generated/GeminiBiomeMaterialIntake_20260607/SourceCleaned/TX_GB_living_kelp_frond_surface_Cleaned_2k.jpg,.jpg,2048,2048,RGB,2048|512,1,-1|1|25,0,0,0,4194304,4.000,5.333,964876,0.920,,,,,,,,,,,,,,,,,,,,,,,STREAMING_MIPMAPS_OFF_LARGE,,Low tier should halve source/import max; keep high mips only with hero or streaming proof.,STATIC_SOURCE
texture,Assets/_Project/Art/TEXTURES/Generated/GeminiBiomeMaterialIntake_20260607/SourceCleaned/TX_GB_pale_tube_coral_calcium_Cleaned_2k.jpg,.jpg,2048,2048,RGB,2048|512,1,-1|1|25,0,0,0,4194304,4.000,5.333,1240749,1.183,,,,,,,,,,,,,,,,,,,,,,,STREAMING_MIPMAPS_OFF_LARGE,,Low tier should halve source/import max; keep high mips only with hero or streaming proof.,STATIC_SOURCE
texture,Assets/_Project/Art/TEXTURES/Generated/GeminiBiomeMaterialIntake_20260607/SourceCleaned/TX_GB_pressure_suit_fabric_composite_Cleaned_2k.jpg,.jpg,2048,2048,RGB,2048,1,-1|1|25,0,0,0,4194304,4.000,5.333,1342501,1.280,,,,,,,,,,,,,,,,,,,,,,,STREAMING_MIPMAPS_OFF_LARGE,,Low tier should halve source/import max; keep high mips only with hero or streaming proof.,STATIC_SOURCE
texture,Assets/_Project/Art/TEXTURES/Generated/GeminiBiomeMaterialIntake_20260607/SourceCleaned/TX_GB_soft_jelly_membrane_Cleaned_2k.jpg,.jpg,2048,2048,RGB,2048,1,-1|1|25,0,0,0,4194304,4.000,5.333,733730,0.700,,,,,,,,,,,,,,,,,,,,,,,STREAMING_MIPMAPS_OFF_LARGE,,Low tier should halve source/import max; keep high mips only with hero or streaming proof.,STATIC_SOURCE
texture,Assets/_Project/Art/TEXTURES/Generated/GeminiBiomeMaterialIntake_20260607/SourceCleaned/TX_GB_wet_basalt_cave_wall_Cleaned_2k.jpg,.jpg,2048,2048,RGB,2048|512,1,-1|1|25,0,0,0,4194304,4.000,5.333,1494413,1.425,,,,,,,,,,,,,,,,,,,,,,,STREAMING_MIPMAPS_OFF_LARGE,,Low tier should halve source/import max; keep high mips only with hero or streaming proof.,STATIC_SOURCE
texture,Assets/_Project/Art/TEXTURES/Generated/GeminiMaterialAtlases/Batch20260607_MicroPanel/PREVIEW_Batch20260607_MicroPanel_GeminiMaterialAtlas.png,.png,922,1082,RGB,2048,1,-1|1|25,0,0,0,997604,0.951,1.269,1513051,1.443,,,,,,,,,,,,,,,,,,,,,,,STREAMING_MIPMAPS_OFF_LARGE,,Low tier should halve source/import max; keep high mips only with hero or streaming proof.,STATIC_SOURCE
texture,Assets/_Project/Art/TEXTURES/Generated/GeminiMaterialAtlases/Batch20260607_MicroPanel/Source/TX_GM_Batch20260607_MicroPanel_Cleaned_2k.jpg,.jpg,2048,2048,RGB,2048,1,-1|1|25,0,0,0,4194304,4.000,5.333,1124729,1.073,,,,,,,,,,,,,,,,,,,,,,,STREAMING_MIPMAPS_OFF_LARGE,,Low tier should halve source/import max; keep high mips only with hero or streaming proof.,STATIC_SOURCE
texture,Assets/_Project/Art/TEXTURES/Generated/GeminiMaterialAtlases/Batch20260607_MicroPanel/Tiles/gemini_Batch20260607_MicroPanel_aged_green_service_metal/TX_GM_gemini_Batch20260607_MicroPanel_aged_green_service_metal_ARM_AO_Rough_Metal.png,.png,512,512,RGB,2048,1|2,-1|1|25|50,0,0,0,262144,0.250,0.333,152214,0.145,,,,,,,,,,,,,,,,,,,,,,,,,Channel-pack masks into one RGBA texture; avoid separate AO/spec maps.,STATIC_SOURCE
texture,Assets/_Project/Art/TEXTURES/Generated/GeminiMaterialAtlases/Batch20260607_MicroPanel/Tiles/gemini_Batch20260607_MicroPanel_aged_green_service_metal/TX_GM_gemini_Batch20260607_MicroPanel_aged_green_service_metal_BaseColor.png,.png,512,512,RGB,2048,1|2,-1|1|25|50,0,0,0,262144,0.250,0.333,363659,0.347,,,,,,,,,,,,,,,,,,,,,,,,,Channel-pack masks into one RGBA texture; avoid separate AO/spec maps.,STATIC_SOURCE
texture,Assets/_Project/Art/TEXTURES/Generated/GeminiMaterialAtlases/Batch20260607_MicroPanel/Tiles/gemini_Batch20260607_MicroPanel_aged_green_service_metal/TX_GM_gemini_Batch20260607_MicroPanel_aged_green_service_metal_Height.png,.png,512,512,L,2048,1|2,-1|1|25|50,0,0,0,262144,0.250,0.333,113364,0.108,,,,,,,,,,,,,,,,,,,,,,,,,Channel-pack masks into one RGBA texture; avoid separate AO/spec maps.,STATIC_SOURCE
texture,Assets/_Project/Art/TEXTURES/Generated/GeminiMaterialAtlases/Batch20260607_MicroPanel/Tiles/gemini_Batch20260607_MicroPanel_aged_green_service_metal/TX_GM_gemini_Batch20260607_MicroPanel_aged_green_service_metal_MaskMap_UnityURP.png,.png,512,512,RGBA,2048,1|2,-1|1|25|50,0,0,0,262144,0.250,0.333,165146,0.157,,,,,,,,,,,,,,,,,,,,,,,,,Channel-pack masks into one RGBA texture; avoid separate AO/spec maps.,STATIC_SOURCE
texture,Assets/_Project/Art/TEXTURES/Generated/GeminiMaterialAtlases/Batch20260607_MicroPanel/Tiles/gemini_Batch20260607_MicroPanel_aged_green_service_metal/TX_GM_gemini_Batch20260607_MicroPanel_aged_green_service_metal_NormalGL.png,.png,512,512,RGB,2048,1|2,-1|1|27|50,0,0,1,262144,0.250,0.333,387432,0.369,,,,,,,,,,,,,,,,,,,,,,,,,Use BC5 normal import; Low tier cap 1024 unless hero close-read asset.,STATIC_SOURCE
texture,Assets/_Project/Art/TEXTURES/Generated/GeminiMaterialAtlases/Batch20260607_MicroPanel/Tiles/gemini_Batch20260607_MicroPanel_black_gasket_rubber/TX_GM_gemini_Batch20260607_MicroPanel_black_gasket_rubber_ARM_AO_Rough_Metal.png,.png,512,512,RGB,2048,1|2,-1|1|25|50,0,0,0,262144,0.250,0.333,113667,0.108,,,,,,,,,,,,,,,,,,,,,,,,,Channel-pack masks into one RGBA texture; avoid separate AO/spec maps.,STATIC_SOURCE
texture,Assets/_Project/Art/TEXTURES/Generated/GeminiMaterialAtlases/Batch20260607_MicroPanel/Tiles/gemini_Batch20260607_MicroPanel_black_gasket_rubber/TX_GM_gemini_Batch20260607_MicroPanel_black_gasket_rubber_BaseColor.png,.png,512,512,RGB,2048,1|2,-1|1|25|50,0,0,0,262144,0.250,0.333,172313,0.164,,,,,,,,,,,,,,,,,,,,,,,,,Keep compressed; atlas if grouped with small sibling textures.,STATIC_SOURCE
texture,Assets/_Project/Art/TEXTURES/Generated/GeminiMaterialAtlases/Batch20260607_MicroPanel/Tiles/gemini_Batch20260607_MicroPanel_black_gasket_rubber/TX_GM_gemini_Batch20260607_MicroPanel_black_gasket_rubber_Height.png,.png,512,512,L,2048,1|2,-1|1|25|50,0,0,0,262144,0.250,0.333,86259,0.082,,,,,,,,,,,,,,,,,,,,,,,,,Keep compressed; atlas if grouped with small sibling textures.,STATIC_SOURCE
texture,Assets/_Project/Art/TEXTURES/Generated/GeminiMaterialAtlases/Batch20260607_MicroPanel/Tiles/gemini_Batch20260607_MicroPanel_black_gasket_rubber/TX_GM_gemini_Batch20260607_MicroPanel_black_gasket_rubber_MaskMap_UnityURP.png,.png,512,512,RGBA,2048,1|2,-1|1|25|50,0,0,0,262144,0.250,0.333,121793,0.116,,,,,,,,,,,,,,,,,,,,,,,,,Channel-pack masks into one RGBA texture; avoid separate AO/spec maps.,STATIC_SOURCE
texture,Assets/_Project/Art/TEXTURES/Generated/GeminiMaterialAtlases/Batch20260607_MicroPanel/Tiles/gemini_Batch20260607_MicroPanel_black_gasket_rubber/TX_GM_gemini_Batch20260607_MicroPanel_black_gasket_rubber_NormalGL.png,.png,512,512,RGB,2048,1|2,-1|1|27|50,0,0,1,262144,0.250,0.333,275986,0.263,,,,,,,,,,,,,,,,,,,,,,,,,Use BC5 normal import; Low tier cap 1024 unless hero close-read asset.,STATIC_SOURCE
texture,Assets/_Project/Art/TEXTURES/Generated/GeminiMaterialAtlases/Batch20260607_MicroPanel/Tiles/gemini_Batch20260607_MicroPanel_black_grip_rubber/TX_GM_gemini_Batch20260607_MicroPanel_black_grip_rubber_ARM_AO_Rough_Metal.png,.png,512,512,RGB,2048,1|2,-1|1|25|50,0,0,0,262144,0.250,0.333,223449,0.213,,,,,,,,,,,,,,,,,,,,,,,,,Channel-pack masks into one RGBA texture; avoid separate AO/spec maps.,STATIC_SOURCE
texture,Assets/_Project/Art/TEXTURES/Generated/GeminiMaterialAtlases/Batch20260607_MicroPanel/Tiles/gemini_Batch20260607_MicroPanel_black_grip_rubber/TX_GM_gemini_Batch20260607_MicroPanel_black_grip_rubber_BaseColor.png,.png,512,512,RGB,2048,1|2,-1|1|25|50,0,0,0,262144,0.250,0.333,465848,0.444,,,,,,,,,,,,,,,,,,,,,,,,,Keep compressed; atlas if grouped with small sibling textures.,STATIC_SOURCE
texture,Assets/_Project/Art/TEXTURES/Generated/GeminiMaterialAtlases/Batch20260607_MicroPanel/Tiles/gemini_Batch20260607_MicroPanel_black_grip_rubber/TX_GM_gemini_Batch20260607_MicroPanel_black_grip_rubber_Height.png,.png,512,512,L,2048,1|2,-1|1|25|50,0,0,0,262144,0.250,0.333,175848,0.168,,,,,,,,,,,,,,,,,,,,,,,,,Keep compressed; atlas if grouped with small sibling textures.,STATIC_SOURCE
texture,Assets/_Project/Art/TEXTURES/Generated/GeminiMaterialAtlases/Batch20260607_MicroPanel/Tiles/gemini_Batch20260607_MicroPanel_black_grip_rubber/TX_GM_gemini_Batch20260607_MicroPanel_black_grip_rubber_MaskMap_UnityURP.png,.png,512,512,RGBA,2048,1|2,-1|1|25|50,0,0,0,262144,0.250,0.333,243148,0.232,,,,,,,,,,,,,,,,,,,,,,,,,Channel-pack masks into one RGBA texture; avoid separate AO/spec maps.,STATIC_SOURCE
texture,Assets/_Project/Art/TEXTURES/Generated/GeminiMaterialAtlases/Batch20260607_MicroPanel/Tiles/gemini_Batch20260607_MicroPanel_black_grip_rubber/TX_GM_gemini_Batch20260607_MicroPanel_black_grip_rubber_NormalGL.png,.png,512,512,RGB,2048,1|2,-1|1|27|50,0,0,1,262144,0.250,0.333,631377,0.602,,,,,,,,,,,,,,,,,,,,,,,,,Use BC5 normal import; Low tier cap 1024 unless hero close-read asset.,STATIC_SOURCE
texture,Assets/_Project/Art/TEXTURES/Generated/GeminiMaterialAtlases/Batch20260607_MicroPanel/Tiles/gemini_Batch20260607_MicroPanel_blue_painted_metal/TX_GM_gemini_Batch20260607_MicroPanel_blue_painted_metal_ARM_AO_Rough_Metal.png,.png,512,512,RGB,2048,1|2,-1|1|25|50,0,0,0,262144,0.250,0.333,148236,0.141,,,,,,,,,,,,,,,,,,,,,,,,,Channel-pack masks into one RGBA texture; avoid separate AO/spec maps.,STATIC_SOURCE
texture,Assets/_Project/Art/TEXTURES/Generated/GeminiMaterialAtlases/Batch20260607_MicroPanel/Tiles/gemini_Batch20260607_MicroPanel_blue_painted_metal/TX_GM_gemini_Batch20260607_MicroPanel_blue_painted_metal_BaseColor.png,.png,512,512,RGB,2048,1|2,-1|1|25|50,0,0,0,262144,0.250,0.333,364087,0.347,,,,,,,,,,,,,,,,,,,,,,,,,Channel-pack masks into one RGBA texture; avoid separate AO/spec maps.,STATIC_SOURCE
texture,Assets/_Project/Art/TEXTURES/Generated/GeminiMaterialAtlases/Batch20260607_MicroPanel/Tiles/gemini_Batch20260607_MicroPanel_blue_painted_metal/TX_GM_gemini_Batch20260607_MicroPanel_blue_painted_metal_Height.png,.png,512,512,L,2048,1|2,-1|1|25|50,0,0,0,262144,0.250,0.333,107155,0.102,,,,,,,,,,,,,,,,,,,,,,,,,Channel-pack masks into one RGBA texture; avoid separate AO/spec maps.,STATIC_SOURCE
texture,Assets/_Project/Art/TEXTURES/Generated/GeminiMaterialAtlases/Batch20260607_MicroPanel/Tiles/gemini_Batch20260607_MicroPanel_blue_painted_metal/TX_GM_gemini_Batch20260607_MicroPanel_blue_painted_metal_MaskMap_UnityURP.png,.png,512,512,RGBA,2048,1|2,-1|1|25|50,0,0,0,262144,0.250,0.333,160673,0.153,,,,,,,,,,,,,,,,,,,,,,,,,Channel-pack masks into one RGBA texture; avoid separate AO/spec maps.,STATIC_SOURCE
texture,Assets/_Project/Art/TEXTURES/Generated/GeminiMaterialAtlases/Batch20260607_MicroPanel/Tiles/gemini_Batch20260607_MicroPanel_blue_painted_metal/TX_GM_gemini_Batch20260607_MicroPanel_blue_painted_metal_NormalGL.png,.png,512,512,RGB,2048,1|2,-1|1|27|50,0,0,1,262144,0.250,0.333,417789,0.398,,,,,,,,,,,,,,,,,,,,,,,,,Use BC5 normal import; Low tier cap 1024 unless hero close-read asset.,STATIC_SOURCE
texture,Assets/_Project/Art/TEXTURES/Generated/GeminiMaterialAtlases/Batch20260607_MicroPanel/Tiles/gemini_Batch20260607_MicroPanel_brushed_titanium/TX_GM_gemini_Batch20260607_MicroPanel_brushed_titanium_ARM_AO_Rough_Metal.png,.png,512,512,RGB,2048,1|2,-1|1|25|50,0,0,0,262144,0.250,0.333,126618,0.121,,,,,,,,,,,,,,,,,,,,,,,,,Channel-pack masks into one RGBA texture; avoid separate AO/spec maps.,STATIC_SOURCE
texture,Assets/_Project/Art/TEXTURES/Generated/GeminiMaterialAtlases/Batch20260607_MicroPanel/Tiles/gemini_Batch20260607_MicroPanel_brushed_titanium/TX_GM_gemini_Batch20260607_MicroPanel_brushed_titanium_BaseColor.png,.png,512,512,RGB,2048,1|2,-1|1|25|50,0,0,0,262144,0.250,0.333,308136,0.294,,,,,,,,,,,,,,,,,,,,,,,,,Keep compressed; atlas if grouped with small sibling textures.,STATIC_SOURCE
texture,Assets/_Project/Art/TEXTURES/Generated/GeminiMaterialAtlases/Batch20260607_MicroPanel/Tiles/gemini_Batch20260607_MicroPanel_brushed_titanium/TX_GM_gemini_Batch20260607_MicroPanel_brushed_titanium_Height.png,.png,512,512,L,2048,1|2,-1|1|25|50,0,0,0,262144,0.250,0.333,101740,0.097,,,,,,,,,,,,,,,,,,,,,,,,,Keep compressed; atlas if grouped with small sibling textures.,STATIC_SOURCE
texture,Assets/_Project/Art/TEXTURES/Generated/GeminiMaterialAtlases/Batch20260607_MicroPanel/Tiles/gemini_Batch20260607_MicroPanel_brushed_titanium/TX_GM_gemini_Batch20260607_MicroPanel_brushed_titanium_MaskMap_UnityURP.png,.png,512,512,RGBA,2048,1|2,-1|1|25|50,0,0,0,262144,0.250,0.333,136934,0.131,,,,,,,,,,,,,,,,,,,,,,,,,Channel-pack masks into one RGBA texture; avoid separate AO/spec maps.,STATIC_SOURCE
texture,Assets/_Project/Art/TEXTURES/Generated/GeminiMaterialAtlases/Batch20260607_MicroPanel/Tiles/gemini_Batch20260607_MicroPanel_brushed_titanium/TX_GM_gemini_Batch20260607_MicroPanel_brushed_titanium_NormalGL.png,.png,512,512,RGB,2048,1|2,-1|1|27|50,0,0,1,262144,0.250,0.333,288132,0.275,,,,,,,,,,,,,,,,,,,,,,,,,Use BC5 normal import; Low tier cap 1024 unless hero close-read asset.,STATIC_SOURCE
texture,Assets/_Project/Art/TEXTURES/Generated/GeminiMaterialAtlases/Batch20260607_MicroPanel/Tiles/gemini_Batch20260607_MicroPanel_clean_graphite_panel/TX_GM_gemini_Batch20260607_MicroPanel_clean_graphite_panel_ARM_AO_Rough_Metal.png,.png,512,512,RGB,2048,1|2,-1|1|25|50,0,0,0,262144,0.250,0.333,110051,0.105,,,,,,,,,,,,,,,,,,,,,,,,,Channel-pack masks into one RGBA texture; avoid separate AO/spec maps.,STATIC_SOURCE
texture,Assets/_Project/Art/TEXTURES/Generated/GeminiMaterialAtlases/Batch20260607_MicroPanel/Tiles/gemini_Batch20260607_MicroPanel_clean_graphite_panel/TX_GM_gemini_Batch20260607_MicroPanel_clean_graphite_panel_BaseColor.png,.png,512,512,RGB,2048,1|2,-1|1|25|50,0,0,0,262144,0.250,0.333,170191,0.162,,,,,,,,,,,,,,,,,,,,,,,,,Keep compressed; atlas if grouped with small sibling textures.,STATIC_SOURCE
texture,Assets/_Project/Art/TEXTURES/Generated/GeminiMaterialAtlases/Batch20260607_MicroPanel/Tiles/gemini_Batch20260607_MicroPanel_clean_graphite_panel/TX_GM_gemini_Batch20260607_MicroPanel_clean_graphite_panel_Height.png,.png,512,512,L,2048,1|2,-1|1|25|50,0,0,0,262144,0.250,0.333,80002,0.076,,,,,,,,,,,,,,,,,,,,,,,,,Keep compressed; atlas if grouped with small sibling textures.,STATIC_SOURCE
texture,Assets/_Project/Art/TEXTURES/Generated/GeminiMaterialAtlases/Batch20260607_MicroPanel/Tiles/gemini_Batch20260607_MicroPanel_clean_graphite_panel/TX_GM_gemini_Batch20260607_MicroPanel_clean_graphite_panel_MaskMap_UnityURP.png,.png,512,512,RGBA,2048,1|2,-1|1|25|50,0,0,0,262144,0.250,0.333,118272,0.113,,,,,,,,,,,,,,,,,,,,,,,,,Channel-pack masks into one RGBA texture; avoid separate AO/spec maps.,STATIC_SOURCE
texture,Assets/_Project/Art/TEXTURES/Generated/GeminiMaterialAtlases/Batch20260607_MicroPanel/Tiles/gemini_Batch20260607_MicroPanel_clean_graphite_panel/TX_GM_gemini_Batch20260607_MicroPanel_clean_graphite_panel_NormalGL.png,.png,512,512,RGB,2048,1|2,-1|1|27|50,0,0,1,262144,0.250,0.333,298487,0.285,,,,,,,,,,,,,,,,,,,,,,,,,Use BC5 normal import; Low tier cap 1024 unless hero close-read asset.,STATIC_SOURCE
texture,Assets/_Project/Art/TEXTURES/Generated/GeminiMaterialAtlases/Batch20260607_MicroPanel/Tiles/gemini_Batch20260607_MicroPanel_dark_anodized_metal/TX_GM_gemini_Batch20260607_MicroPanel_dark_anodized_metal_ARM_AO_Rough_Metal.png,.png,512,512,RGB,2048,1|2,-1|1|25|50,0,0,0,262144,0.250,0.333,124773,0.119,,,,,,,,,,,,,,,,,,,,,,,,,Channel-pack masks into one RGBA texture; avoid separate AO/spec maps.,STATIC_SOURCE
texture,Assets/_Project/Art/TEXTURES/Generated/GeminiMaterialAtlases/Batch20260607_MicroPanel/Tiles/gemini_Batch20260607_MicroPanel_dark_anodized_metal/TX_GM_gemini_Batch20260607_MicroPanel_dark_anodized_metal_BaseColor.png,.png,512,512,RGB,2048,1|2,-1|1|25|50,0,0,0,262144,0.250,0.333,214880,0.205,,,,,,,,,,,,,,,,,,,,,,,,,Channel-pack masks into one RGBA texture; avoid separate AO/spec maps.,STATIC_SOURCE
texture,Assets/_Project/Art/TEXTURES/Generated/GeminiMaterialAtlases/Batch20260607_MicroPanel/Tiles/gemini_Batch20260607_MicroPanel_dark_anodized_metal/TX_GM_gemini_Batch20260607_MicroPanel_dark_anodized_metal_Height.png,.png,512,512,L,2048,1|2,-1|1|25|50,0,0,0,262144,0.250,0.333,86819,0.083,,,,,,,,,,,,,,,,,,,,,,,,,Channel-pack masks into one RGBA texture; avoid separate AO/spec maps.,STATIC_SOURCE
texture,Assets/_Project/Art/TEXTURES/Generated/GeminiMaterialAtlases/Batch20260607_MicroPanel/Tiles/gemini_Batch20260607_MicroPanel_dark_anodized_metal/TX_GM_gemini_Batch20260607_MicroPanel_dark_anodized_metal_MaskMap_UnityURP.png,.png,512,512,RGBA,2048,1|2,-1|1|25|50,0,0,0,262144,0.250,0.333,134324,0.128,,,,,,,,,,,,,,,,,,,,,,,,,Channel-pack masks into one RGBA texture; avoid separate AO/spec maps.,STATIC_SOURCE
texture,Assets/_Project/Art/TEXTURES/Generated/GeminiMaterialAtlases/Batch20260607_MicroPanel/Tiles/gemini_Batch20260607_MicroPanel_dark_anodized_metal/TX_GM_gemini_Batch20260607_MicroPanel_dark_anodized_metal_NormalGL.png,.png,512,512,RGB,2048,1|2,-1|1|27|50,0,0,1,262144,0.250,0.333,351382,0.335,,,,,,,,,,,,,,,,,,,,,,,,,Use BC5 normal import; Low tier cap 1024 unless hero close-read asset.,STATIC_SOURCE
texture,Assets/_Project/Art/TEXTURES/Generated/GeminiMaterialAtlases/Batch20260607_MicroPanel/Tiles/gemini_Batch20260607_MicroPanel_fine_ribbed_trim/TX_GM_gemini_Batch20260607_MicroPanel_fine_ribbed_trim_ARM_AO_Rough_Metal.png,.png,512,512,RGB,2048,1|2,-1|1|25|50,0,0,0,262144,0.250,0.333,94137,0.090,,,,,,,,,,,,,,,,,,,,,,,,,Channel-pack masks into one RGBA texture; avoid separate AO/spec maps.,STATIC_SOURCE
texture,Assets/_Project/Art/TEXTURES/Generated/GeminiMaterialAtlases/Batch20260607_MicroPanel/Tiles/gemini_Batch20260607_MicroPanel_fine_ribbed_trim/TX_GM_gemini_Batch20260607_MicroPanel_fine_ribbed_trim_BaseColor.png,.png,512,512,RGB,2048,1|2,-1|1|25|50,0,0,0,262144,0.250,0.333,234591,0.224,,,,,,,,,,,,,,,,,,,,,,,,,Keep compressed; atlas if grouped with small sibling textures.,STATIC_SOURCE
texture,Assets/_Project/Art/TEXTURES/Generated/GeminiMaterialAtlases/Batch20260607_MicroPanel/Tiles/gemini_Batch20260607_MicroPanel_fine_ribbed_trim/TX_GM_gemini_Batch20260607_MicroPanel_fine_ribbed_trim_Height.png,.png,512,512,L,2048,1|2,-1|1|25|50,0,0,0,262144,0.250,0.333,100032,0.095,,,,,,,,,,,,,,,,,,,,,,,,,Keep compressed; atlas if grouped with small sibling textures.,STATIC_SOURCE
texture,Assets/_Project/Art/TEXTURES/Generated/GeminiMaterialAtlases/Batch20260607_MicroPanel/Tiles/gemini_Batch20260607_MicroPanel_fine_ribbed_trim/TX_GM_gemini_Batch20260607_MicroPanel_fine_ribbed_trim_MaskMap_UnityURP.png,.png,512,512,RGBA,2048,1|2,-1|1|25|50,0,0,0,262144,0.250,0.333,101210,0.097,,,,,,,,,,,,,,,,,,,,,,,,,Channel-pack masks into one RGBA texture; avoid separate AO/spec maps.,STATIC_SOURCE
texture,Assets/_Project/Art/TEXTURES/Generated/GeminiMaterialAtlases/Batch20260607_MicroPanel/Tiles/gemini_Batch20260607_MicroPanel_fine_ribbed_trim/TX_GM_gemini_Batch20260607_MicroPanel_fine_ribbed_trim_NormalGL.png,.png,512,512,RGB,2048,1|2,-1|1|27|50,0,0,1,262144,0.250,0.333,332589,0.317,,,,,,,,,,,,,,,,,,,,,,,,,Use BC5 normal import; Low tier cap 1024 unless hero close-read asset.,STATIC_SOURCE
texture,Assets/_Project/Art/TEXTURES/Generated/GeminiMaterialAtlases/Batch20260607_MicroPanel/Tiles/gemini_Batch20260607_MicroPanel_gray_polymer/TX_GM_gemini_Batch20260607_MicroPanel_gray_polymer_ARM_AO_Rough_Metal.png,.png,512,512,RGB,2048,1|2,-1|1|25|50,0,0,0,262144,0.250,0.333,139927,0.133,,,,,,,,,,,,,,,,,,,,,,,,,Channel-pack masks into one RGBA texture; avoid separate AO/spec maps.,STATIC_SOURCE
texture,Assets/_Project/Art/TEXTURES/Generated/GeminiMaterialAtlases/Batch20260607_MicroPanel/Tiles/gemini_Batch20260607_MicroPanel_gray_polymer/TX_GM_gemini_Batch20260607_MicroPanel_gray_polymer_BaseColor.png,.png,512,512,RGB,2048,1|2,-1|1|25|50,0,0,0,262144,0.250,0.333,317704,0.303,,,,,,,,,,,,,,,,,,,,,,,,,Keep compressed; atlas if grouped with small sibling textures.,STATIC_SOURCE
texture,Assets/_Project/Art/TEXTURES/Generated/GeminiMaterialAtlases/Batch20260607_MicroPanel/Tiles/gemini_Batch20260607_MicroPanel_gray_polymer/TX_GM_gemini_Batch20260607_MicroPanel_gray_polymer_Height.png,.png,512,512,L,2048,1|2,-1|1|25|50,0,0,0,262144,0.250,0.333,99072,0.094,,,,,,,,,,,,,,,,,,,,,,,,,Keep compressed; atlas if grouped with small sibling textures.,STATIC_SOURCE
texture,Assets/_Project/Art/TEXTURES/Generated/GeminiMaterialAtlases/Batch20260607_MicroPanel/Tiles/gemini_Batch20260607_MicroPanel_gray_polymer/TX_GM_gemini_Batch20260607_MicroPanel_gray_polymer_MaskMap_UnityURP.png,.png,512,512,RGBA,2048,1|2,-1|1|25|50,0,0,0,262144,0.250,0.333,151608,0.145,,,,,,,,,,,,,,,,,,,,,,,,,Channel-pack masks into one RGBA texture; avoid separate AO/spec maps.,STATIC_SOURCE
texture,Assets/_Project/Art/TEXTURES/Generated/GeminiMaterialAtlases/Batch20260607_MicroPanel/Tiles/gemini_Batch20260607_MicroPanel_gray_polymer/TX_GM_gemini_Batch20260607_MicroPanel_gray_polymer_NormalGL.png,.png,512,512,RGB,2048,1|2,-1|1|27|50,0,0,1,262144,0.250,0.333,541044,0.516,,,,,,,,,,,,,,,,,,,,,,,,,Use BC5 normal import; Low tier cap 1024 unless hero close-read asset.,STATIC_SOURCE
texture,Assets/_Project/Art/TEXTURES/Generated/GeminiMaterialAtlases/Batch20260607_MicroPanel/Tiles/gemini_Batch20260607_MicroPanel_matte_carbon_composite/TX_GM_gemini_Batch20260607_MicroPanel_matte_carbon_composite_ARM_AO_Rough_Metal.png,.png,512,512,RGB,2048,1|2,-1|1|25|50,0,0,0,262144,0.250,0.333,173500,0.165,,,,,,,,,,,,,,,,,,,,,,,,,Channel-pack masks into one RGBA texture; avoid separate AO/spec maps.,STATIC_SOURCE
texture,Assets/_Project/Art/TEXTURES/Generated/GeminiMaterialAtlases/Batch20260607_MicroPanel/Tiles/gemini_Batch20260607_MicroPanel_matte_carbon_composite/TX_GM_gemini_Batch20260607_MicroPanel_matte_carbon_composite_BaseColor.png,.png,512,512,RGB,2048,1|2,-1|1|25|50,0,0,0,262144,0.250,0.333,306172,0.292,,,,,,,,,,,,,,,,,,,,,,,,,Keep compressed; atlas if grouped with small sibling textures.,STATIC_SOURCE
texture,Assets/_Project/Art/TEXTURES/Generated/GeminiMaterialAtlases/Batch20260607_MicroPanel/Tiles/gemini_Batch20260607_MicroPanel_matte_carbon_composite/TX_GM_gemini_Batch20260607_MicroPanel_matte_carbon_composite_Height.png,.png,512,512,L,2048,1|2,-1|1|25|50,0,0,0,262144,0.250,0.333,127918,0.122,,,,,,,,,,,,,,,,,,,,,,,,,Keep compressed; atlas if grouped with small sibling textures.,STATIC_SOURCE
texture,Assets/_Project/Art/TEXTURES/Generated/GeminiMaterialAtlases/Batch20260607_MicroPanel/Tiles/gemini_Batch20260607_MicroPanel_matte_carbon_composite/TX_GM_gemini_Batch20260607_MicroPanel_matte_carbon_composite_MaskMap_UnityURP.png,.png,512,512,RGBA,2048,1|2,-1|1|25|50,0,0,0,262144,0.250,0.333,187724,0.179,,,,,,,,,,,,,,,,,,,,,,,,,Channel-pack masks into one RGBA texture; avoid separate AO/spec maps.,STATIC_SOURCE
texture,Assets/_Project/Art/TEXTURES/Generated/GeminiMaterialAtlases/Batch20260607_MicroPanel/Tiles/gemini_Batch20260607_MicroPanel_matte_carbon_composite/TX_GM_gemini_Batch20260607_MicroPanel_matte_carbon_composite_NormalGL.png,.png,512,512,RGB,2048,1|2,-1|1|27|50,0,0,1,262144,0.250,0.333,428017,0.408,,,,,,,,,,,,,,,,,,,,,,,,,Use BC5 normal import; Low tier cap 1024 unless hero close-read asset.,STATIC_SOURCE
texture,Assets/_Project/Art/TEXTURES/Generated/GeminiMaterialAtlases/Batch20260607_MicroPanel/Tiles/gemini_Batch20260607_MicroPanel_orange_safety_composite/TX_GM_gemini_Batch20260607_MicroPanel_orange_safety_composite_ARM_AO_Rough_Metal.png,.png,512,512,RGB,2048,1|2,-1|1|25|50,0,0,0,262144,0.250,0.333,198874,0.190,,,,,,,,,,,,,,,,,,,,,,,,,Channel-pack masks into one RGBA texture; avoid separate AO/spec maps.,STATIC_SOURCE
texture,Assets/_Project/Art/TEXTURES/Generated/GeminiMaterialAtlases/Batch20260607_MicroPanel/Tiles/gemini_Batch20260607_MicroPanel_orange_safety_composite/TX_GM_gemini_Batch20260607_MicroPanel_orange_safety_composite_BaseColor.png,.png,512,512,RGB,2048,1|2,-1|1|25|50,0,0,0,262144,0.250,0.333,529658,0.505,,,,,,,,,,,,,,,,,,,,,,,,,Keep compressed; atlas if grouped with small sibling textures.,STATIC_SOURCE
texture,Assets/_Project/Art/TEXTURES/Generated/GeminiMaterialAtlases/Batch20260607_MicroPanel/Tiles/gemini_Batch20260607_MicroPanel_orange_safety_composite/TX_GM_gemini_Batch20260607_MicroPanel_orange_safety_composite_Height.png,.png,512,512,L,2048,1|2,-1|1|25|50,0,0,0,262144,0.250,0.333,148313,0.141,,,,,,,,,,,,,,,,,,,,,,,,,Keep compressed; atlas if grouped with small sibling textures.,STATIC_SOURCE
texture,Assets/_Project/Art/TEXTURES/Generated/GeminiMaterialAtlases/Batch20260607_MicroPanel/Tiles/gemini_Batch20260607_MicroPanel_orange_safety_composite/TX_GM_gemini_Batch20260607_MicroPanel_orange_safety_composite_MaskMap_UnityURP.png,.png,512,512,RGBA,2048,1|2,-1|1|25|50,0,0,0,262144,0.250,0.333,215845,0.206,,,,,,,,,,,,,,,,,,,,,,,,,Channel-pack masks into one RGBA texture; avoid separate AO/spec maps.,STATIC_SOURCE
texture,Assets/_Project/Art/TEXTURES/Generated/GeminiMaterialAtlases/Batch20260607_MicroPanel/Tiles/gemini_Batch20260607_MicroPanel_orange_safety_composite/TX_GM_gemini_Batch20260607_MicroPanel_orange_safety_composite_NormalGL.png,.png,512,512,RGB,2048,1|2,-1|1|27|50,0,0,1,262144,0.250,0.333,486416,0.464,,,,,,,,,,,,,,,,,,,,,,,,,Use BC5 normal import; Low tier cap 1024 unless hero close-read asset.,STATIC_SOURCE
texture,Assets/_Project/Art/TEXTURES/Generated/GeminiMaterialAtlases/Batch20260607_MicroPanel/Tiles/gemini_Batch20260607_MicroPanel_repaired_salvage_metal/TX_GM_gemini_Batch20260607_MicroPanel_repaired_salvage_metal_ARM_AO_Rough_Metal.png,.png,512,512,RGB,2048,1|2,-1|1|25|50,0,0,0,262144,0.250,0.333,152471,0.145,,,,,,,,,,,,,,,,,,,,,,,,,Channel-pack masks into one RGBA texture; avoid separate AO/spec maps.,STATIC_SOURCE
texture,Assets/_Project/Art/TEXTURES/Generated/GeminiMaterialAtlases/Batch20260607_MicroPanel/Tiles/gemini_Batch20260607_MicroPanel_repaired_salvage_metal/TX_GM_gemini_Batch20260607_MicroPanel_repaired_salvage_metal_BaseColor.png,.png,512,512,RGB,2048,1|2,-1|1|25|50,0,0,0,262144,0.250,0.333,479660,0.457,,,,,,,,,,,,,,,,,,,,,,,,,Channel-pack masks into one RGBA texture; avoid separate AO/spec maps.,STATIC_SOURCE
texture,Assets/_Project/Art/TEXTURES/Generated/GeminiMaterialAtlases/Batch20260607_MicroPanel/Tiles/gemini_Batch20260607_MicroPanel_repaired_salvage_metal/TX_GM_gemini_Batch20260607_MicroPanel_repaired_salvage_metal_Height.png,.png,512,512,L,2048,1|2,-1|1|25|50,0,0,0,262144,0.250,0.333,145781,0.139,,,,,,,,,,,,,,,,,,,,,,,,,Channel-pack masks into one RGBA texture; avoid separate AO/spec maps.,STATIC_SOURCE
texture,Assets/_Project/Art/TEXTURES/Generated/GeminiMaterialAtlases/Batch20260607_MicroPanel/Tiles/gemini_Batch20260607_MicroPanel_repaired_salvage_metal/TX_GM_gemini_Batch20260607_MicroPanel_repaired_salvage_metal_MaskMap_UnityURP.png,.png,512,512,RGBA,2048,1|2,-1|1|25|50,0,0,0,262144,0.250,0.333,165097,0.157,,,,,,,,,,,,,,,,,,,,,,,,,Channel-pack masks into one RGBA texture; avoid separate AO/spec maps.,STATIC_SOURCE
texture,Assets/_Project/Art/TEXTURES/Generated/GeminiMaterialAtlases/Batch20260607_MicroPanel/Tiles/gemini_Batch20260607_MicroPanel_repaired_salvage_metal/TX_GM_gemini_Batch20260607_MicroPanel_repaired_salvage_metal_NormalGL.png,.png,512,512,RGB,2048,1|2,-1|1|27|50,0,0,1,262144,0.250,0.333,442313,0.422,,,,,,,,,,,,,,,,,,,,,,,,,Use BC5 normal import; Low tier cap 1024 unless hero close-read asset.,STATIC_SOURCE
texture,Assets/_Project/Art/TEXTURES/Generated/GeminiMaterialAtlases/Batch20260607_MicroPanel/Tiles/gemini_Batch20260607_MicroPanel_salt_scuffed_metal/TX_GM_gemini_Batch20260607_MicroPanel_salt_scuffed_metal_ARM_AO_Rough_Metal.png,.png,512,512,RGB,2048,1|2,-1|1|25|50,0,0,0,262144,0.250,0.333,190608,0.182,,,,,,,,,,,,,,,,,,,,,,,,,Channel-pack masks into one RGBA texture; avoid separate AO/spec maps.,STATIC_SOURCE
texture,Assets/_Project/Art/TEXTURES/Generated/GeminiMaterialAtlases/Batch20260607_MicroPanel/Tiles/gemini_Batch20260607_MicroPanel_salt_scuffed_metal/TX_GM_gemini_Batch20260607_MicroPanel_salt_scuffed_metal_BaseColor.png,.png,512,512,RGB,2048,1|2,-1|1|25|50,0,0,0,262144,0.250,0.333,611925,0.584,,,,,,,,,,,,,,,,,,,,,,,,,Channel-pack masks into one RGBA texture; avoid separate AO/spec maps.,STATIC_SOURCE
texture,Assets/_Project/Art/TEXTURES/Generated/GeminiMaterialAtlases/Batch20260607_MicroPanel/Tiles/gemini_Batch20260607_MicroPanel_salt_scuffed_metal/TX_GM_gemini_Batch20260607_MicroPanel_salt_scuffed_metal_Height.png,.png,512,512,L,2048,1|2,-1|1|25|50,0,0,0,262144,0.250,0.333,166045,0.158,,,,,,,,,,,,,,,,,,,,,,,,,Channel-pack masks into one RGBA texture; avoid separate AO/spec maps.,STATIC_SOURCE
texture,Assets/_Project/Art/TEXTURES/Generated/GeminiMaterialAtlases/Batch20260607_MicroPanel/Tiles/gemini_Batch20260607_MicroPanel_salt_scuffed_metal/TX_GM_gemini_Batch20260607_MicroPanel_salt_scuffed_metal_MaskMap_UnityURP.png,.png,512,512,RGBA,2048,1|2,-1|1|25|50,0,0,0,262144,0.250,0.333,206888,0.197,,,,,,,,,,,,,,,,,,,,,,,,,Channel-pack masks into one RGBA texture; avoid separate AO/spec maps.,STATIC_SOURCE
texture,Assets/_Project/Art/TEXTURES/Generated/GeminiMaterialAtlases/Batch20260607_MicroPanel/Tiles/gemini_Batch20260607_MicroPanel_salt_scuffed_metal/TX_GM_gemini_Batch20260607_MicroPanel_salt_scuffed_metal_NormalGL.png,.png,512,512,RGB,2048,1|2,-1|1|27|50,0,0,1,262144,0.250,0.333,538890,0.514,,,,,,,,,,,,,,,,,,,,,,,,,Use BC5 normal import; Low tier cap 1024 unless hero close-read asset.,STATIC_SOURCE
texture,Assets/_Project/Art/TEXTURES/Generated/GeminiMaterialAtlases/Batch20260607_MicroPanel/Tiles/gemini_Batch20260607_MicroPanel_smoky_acrylic_glass/TX_GM_gemini_Batch20260607_MicroPanel_smoky_acrylic_glass_ARM_AO_Rough_Metal.png,.png,512,512,RGB,2048,1|2,-1|1|25|50,0,0,0,262144,0.250,0.333,90259,0.086,,,,,,,,,,,,,,,,,,,,,,,,,Channel-pack masks into one RGBA texture; avoid separate AO/spec maps.,STATIC_SOURCE
texture,Assets/_Project/Art/TEXTURES/Generated/GeminiMaterialAtlases/Batch20260607_MicroPanel/Tiles/gemini_Batch20260607_MicroPanel_smoky_acrylic_glass/TX_GM_gemini_Batch20260607_MicroPanel_smoky_acrylic_glass_BaseColor.png,.png,512,512,RGB,2048,1|2,-1|1|25|50,0,0,0,262144,0.250,0.333,164156,0.157,,,,,,,,,,,,,,,,,,,,,,,,,Keep compressed; atlas if grouped with small sibling textures.,STATIC_SOURCE
texture,Assets/_Project/Art/TEXTURES/Generated/GeminiMaterialAtlases/Batch20260607_MicroPanel/Tiles/gemini_Batch20260607_MicroPanel_smoky_acrylic_glass/TX_GM_gemini_Batch20260607_MicroPanel_smoky_acrylic_glass_Height.png,.png,512,512,L,2048,1|2,-1|1|25|50,0,0,0,262144,0.250,0.333,58994,0.056,,,,,,,,,,,,,,,,,,,,,,,,,Keep compressed; atlas if grouped with small sibling textures.,STATIC_SOURCE
texture,Assets/_Project/Art/TEXTURES/Generated/GeminiMaterialAtlases/Batch20260607_MicroPanel/Tiles/gemini_Batch20260607_MicroPanel_smoky_acrylic_glass/TX_GM_gemini_Batch20260607_MicroPanel_smoky_acrylic_glass_MaskMap_UnityURP.png,.png,512,512,RGBA,2048,1|2,-1|1|25|50,0,0,0,262144,0.250,0.333,96991,0.092,,,,,,,,,,,,,,,,,,,,,,,,,Channel-pack masks into one RGBA texture; avoid separate AO/spec maps.,STATIC_SOURCE
texture,Assets/_Project/Art/TEXTURES/Generated/GeminiMaterialAtlases/Batch20260607_MicroPanel/Tiles/gemini_Batch20260607_MicroPanel_smoky_acrylic_glass/TX_GM_gemini_Batch20260607_MicroPanel_smoky_acrylic_glass_NormalGL.png,.png,512,512,RGB,2048,1|2,-1|1|27|50,0,0,1,262144,0.250,0.333,225636,0.215,,,,,,,,,,,,,,,,,,,,,,,,,Use BC5 normal import; Low tier cap 1024 unless hero close-read asset.,STATIC_SOURCE
texture,Assets/_Project/Art/TEXTURES/Generated/GeminiMaterialAtlases/Batch20260607_MicroPanel/Tiles/gemini_Batch20260607_MicroPanel_white_ceramic_casing/TX_GM_gemini_Batch20260607_MicroPanel_white_ceramic_casing_ARM_AO_Rough_Metal.png,.png,512,512,RGB,2048,1|2,-1|1|25|50,0,0,0,262144,0.250,0.333,78682,0.075,,,,,,,,,,,,,,,,,,,,,,,,,Channel-pack masks into one RGBA texture; avoid separate AO/spec maps.,STATIC_SOURCE
texture,Assets/_Project/Art/TEXTURES/Generated/GeminiMaterialAtlases/Batch20260607_MicroPanel/Tiles/gemini_Batch20260607_MicroPanel_white_ceramic_casing/TX_GM_gemini_Batch20260607_MicroPanel_white_ceramic_casing_BaseColor.png,.png,512,512,RGB,2048,1|2,-1|1|25|50,0,0,0,262144,0.250,0.333,107158,0.102,,,,,,,,,,,,,,,,,,,,,,,,,Keep compressed; atlas if grouped with small sibling textures.,STATIC_SOURCE
texture,Assets/_Project/Art/TEXTURES/Generated/GeminiMaterialAtlases/Batch20260607_MicroPanel/Tiles/gemini_Batch20260607_MicroPanel_white_ceramic_casing/TX_GM_gemini_Batch20260607_MicroPanel_white_ceramic_casing_Height.png,.png,512,512,L,2048,1|2,-1|1|25|50,0,0,0,262144,0.250,0.333,57835,0.055,,,,,,,,,,,,,,,,,,,,,,,,,Keep compressed; atlas if grouped with small sibling textures.,STATIC_SOURCE
texture,Assets/_Project/Art/TEXTURES/Generated/GeminiMaterialAtlases/Batch20260607_MicroPanel/Tiles/gemini_Batch20260607_MicroPanel_white_ceramic_casing/TX_GM_gemini_Batch20260607_MicroPanel_white_ceramic_casing_MaskMap_UnityURP.png,.png,512,512,RGBA,2048,1|2,-1|1|25|50,0,0,0,262144,0.250,0.333,83993,0.080,,,,,,,,,,,,,,,,,,,,,,,,,Channel-pack masks into one RGBA texture; avoid separate AO/spec maps.,STATIC_SOURCE
texture,Assets/_Project/Art/TEXTURES/Generated/GeminiMaterialAtlases/Batch20260607_MicroPanel/Tiles/gemini_Batch20260607_MicroPanel_white_ceramic_casing/TX_GM_gemini_Batch20260607_MicroPanel_white_ceramic_casing_NormalGL.png,.png,512,512,RGB,2048,1|2,-1|1|27|50,0,0,1,262144,0.250,0.333,209376,0.200,,,,,,,,,,,,,,,,,,,,,,,,,Use BC5 normal import; Low tier cap 1024 unless hero close-read asset.,STATIC_SOURCE
texture,Assets/_Project/Art/TEXTURES/Generated/GeminiMaterialAtlases/Batch20260607_MicroPanel/Tiles/gemini_Batch20260607_MicroPanel_worn_steel_inset/TX_GM_gemini_Batch20260607_MicroPanel_worn_steel_inset_ARM_AO_Rough_Metal.png,.png,512,512,RGB,2048,1|2,-1|1|25|50,0,0,0,262144,0.250,0.333,156012,0.149,,,,,,,,,,,,,,,,,,,,,,,,,Channel-pack masks into one RGBA texture; avoid separate AO/spec maps.,STATIC_SOURCE
texture,Assets/_Project/Art/TEXTURES/Generated/GeminiMaterialAtlases/Batch20260607_MicroPanel/Tiles/gemini_Batch20260607_MicroPanel_worn_steel_inset/TX_GM_gemini_Batch20260607_MicroPanel_worn_steel_inset_BaseColor.png,.png,512,512,RGB,2048,1|2,-1|1|25|50,0,0,0,262144,0.250,0.333,454795,0.434,,,,,,,,,,,,,,,,,,,,,,,,,Keep compressed; atlas if grouped with small sibling textures.,STATIC_SOURCE
texture,Assets/_Project/Art/TEXTURES/Generated/GeminiMaterialAtlases/Batch20260607_MicroPanel/Tiles/gemini_Batch20260607_MicroPanel_worn_steel_inset/TX_GM_gemini_Batch20260607_MicroPanel_worn_steel_inset_Height.png,.png,512,512,L,2048,1|2,-1|1|25|50,0,0,0,262144,0.250,0.333,131640,0.126,,,,,,,,,,,,,,,,,,,,,,,,,Keep compressed; atlas if grouped with small sibling textures.,STATIC_SOURCE
texture,Assets/_Project/Art/TEXTURES/Generated/GeminiMaterialAtlases/Batch20260607_MicroPanel/Tiles/gemini_Batch20260607_MicroPanel_worn_steel_inset/TX_GM_gemini_Batch20260607_MicroPanel_worn_steel_inset_MaskMap_UnityURP.png,.png,512,512,RGBA,2048,1|2,-1|1|25|50,0,0,0,262144,0.250,0.333,169486,0.162,,,,,,,,,,,,,,,,,,,,,,,,,Channel-pack masks into one RGBA texture; avoid separate AO/spec maps.,STATIC_SOURCE
texture,Assets/_Project/Art/TEXTURES/Generated/GeminiMaterialAtlases/Batch20260607_MicroPanel/Tiles/gemini_Batch20260607_MicroPanel_worn_steel_inset/TX_GM_gemini_Batch20260607_MicroPanel_worn_steel_inset_NormalGL.png,.png,512,512,RGB,2048,1|2,-1|1|27|50,0,0,1,262144,0.250,0.333,449120,0.428,,,,,,,,,,,,,,,,,,,,,,,,,Use BC5 normal import; Low tier cap 1024 unless hero close-read asset.,STATIC_SOURCE
texture,Assets/_Project/Art/TEXTURES/Generated/GeminiMaterialAtlases/Batch20260608_TextureExpansion/PREVIEW_Batch20260608_TextureExpansion_Materials.png,.png,922,1356,RGB,2048,1,-1|1|25,0,0,0,1250232,1.192,1.590,1922129,1.833,,,,,,,,,,,,,,,,,,,,,,,STREAMING_MIPMAPS_OFF_LARGE,,Low tier should halve source/import max; keep high mips only with hero or streaming proof.,STATIC_SOURCE
texture,Assets/_Project/Art/TEXTURES/Generated/GeminiMaterialAtlases/Batch20260608_TextureExpansion/Tiles/gemini_Batch20260608_TextureExpansion_b34_3401_photic_limestone_rubble_shelf/TX_B34_gemini_Batch20260608_TextureExpansion_b34_3401_photic_limestone_rubble_shelf_ARM_AO_Rough_Metal.jpg,.jpg,1024,1024,RGB,2048,1|2,-1|1|25|50,0,0,0,1048576,1.000,1.333,239203,0.228,,,,,,,,,,,,,,,,,,,,,,,,,Channel-pack masks into one RGBA texture; avoid separate AO/spec maps.,STATIC_SOURCE
texture,Assets/_Project/Art/TEXTURES/Generated/GeminiMaterialAtlases/Batch20260608_TextureExpansion/Tiles/gemini_Batch20260608_TextureExpansion_b34_3401_photic_limestone_rubble_shelf/TX_B34_gemini_Batch20260608_TextureExpansion_b34_3401_photic_limestone_rubble_shelf_BaseColor.jpg,.jpg,1024,1024,RGB,2048,1|2,-1|1|25|50,0,0,0,1048576,1.000,1.333,371192,0.354,,,,,,,,,,,,,,,,,,,,,,,,,Verify Unity import compression; JPG disk compression does not reduce VRAM.,STATIC_SOURCE
texture,Assets/_Project/Art/TEXTURES/Generated/GeminiMaterialAtlases/Batch20260608_TextureExpansion/Tiles/gemini_Batch20260608_TextureExpansion_b34_3401_photic_limestone_rubble_shelf/TX_B34_gemini_Batch20260608_TextureExpansion_b34_3401_photic_limestone_rubble_shelf_Height.jpg,.jpg,1024,1024,L,2048,1|2,-1|1|25|50,0,0,0,1048576,1.000,1.333,279817,0.267,,,,,,,,,,,,,,,,,,,,,,,,,Verify Unity import compression; JPG disk compression does not reduce VRAM.,STATIC_SOURCE
texture,Assets/_Project/Art/TEXTURES/Generated/GeminiMaterialAtlases/Batch20260608_TextureExpansion/Tiles/gemini_Batch20260608_TextureExpansion_b34_3401_photic_limestone_rubble_shelf/TX_B34_gemini_Batch20260608_TextureExpansion_b34_3401_photic_limestone_rubble_shelf_MaskMap_UnityURP.png,.png,1024,1024,RGBA,2048,1|2,-1|1|25|50,0,0,0,1048576,1.000,1.333,716261,0.683,,,,,,,,,,,,,,,,,,,,,,,,,Channel-pack masks into one RGBA texture; avoid separate AO/spec maps.,STATIC_SOURCE
texture,Assets/_Project/Art/TEXTURES/Generated/GeminiMaterialAtlases/Batch20260608_TextureExpansion/Tiles/gemini_Batch20260608_TextureExpansion_b34_3401_photic_limestone_rubble_shelf/TX_B34_gemini_Batch20260608_TextureExpansion_b34_3401_photic_limestone_rubble_shelf_NormalGL.jpg,.jpg,1024,1024,RGB,2048,1|2,-1|1|27|50,0,0,1,1048576,1.000,1.333,564721,0.539,,,,,,,,,,,,,,,,,,,,,,,,,Use BC5 normal import; Low tier cap 1024 unless hero close-read asset.,STATIC_SOURCE
texture,Assets/_Project/Art/TEXTURES/Generated/GeminiMaterialAtlases/Batch20260608_TextureExpansion/Tiles/gemini_Batch20260608_TextureExpansion_b34_3402_shallow_seagrass_root_mat_substrate/TX_B34_gemini_Batch20260608_TextureExpansion_b34_3402_shallow_seagrass_root_mat_substrate_ARM_AO_Rough_Metal.jpg,.jpg,1024,1024,RGB,2048,1|2,-1|1|25|50,0,0,0,1048576,1.000,1.333,334125,0.319,,,,,,,,,,,,,,,,,,,,,,,,,Channel-pack masks into one RGBA texture; avoid separate AO/spec maps.,STATIC_SOURCE
texture,Assets/_Project/Art/TEXTURES/Generated/GeminiMaterialAtlases/Batch20260608_TextureExpansion/Tiles/gemini_Batch20260608_TextureExpansion_b34_3402_shallow_seagrass_root_mat_substrate/TX_B34_gemini_Batch20260608_TextureExpansion_b34_3402_shallow_seagrass_root_mat_substrate_BaseColor.jpg,.jpg,1024,1024,RGB,2048,1|2,-1|1|25|50,0,0,0,1048576,1.000,1.333,542383,0.517,,,,,,,,,,,,,,,,,,,,,,,,,Verify Unity import compression; JPG disk compression does not reduce VRAM.,STATIC_SOURCE
texture,Assets/_Project/Art/TEXTURES/Generated/GeminiMaterialAtlases/Batch20260608_TextureExpansion/Tiles/gemini_Batch20260608_TextureExpansion_b34_3402_shallow_seagrass_root_mat_substrate/TX_B34_gemini_Batch20260608_TextureExpansion_b34_3402_shallow_seagrass_root_mat_substrate_Height.jpg,.jpg,1024,1024,L,2048,1|2,-1|1|25|50,0,0,0,1048576,1.000,1.333,369597,0.352,,,,,,,,,,,,,,,,,,,,,,,,,Verify Unity import compression; JPG disk compression does not reduce VRAM.,STATIC_SOURCE
texture,Assets/_Project/Art/TEXTURES/Generated/GeminiMaterialAtlases/Batch20260608_TextureExpansion/Tiles/gemini_Batch20260608_TextureExpansion_b34_3402_shallow_seagrass_root_mat_substrate/TX_B34_gemini_Batch20260608_TextureExpansion_b34_3402_shallow_seagrass_root_mat_substrate_MaskMap_UnityURP.png,.png,1024,1024,RGBA,2048,1|2,-1|1|25|50,0,0,0,1048576,1.000,1.333,879745,0.839,,,,,,,,,,,,,,,,,,,,,,,,,Channel-pack masks into one RGBA texture; avoid separate AO/spec maps.,STATIC_SOURCE
texture,Assets/_Project/Art/TEXTURES/Generated/GeminiMaterialAtlases/Batch20260608_TextureExpansion/Tiles/gemini_Batch20260608_TextureExpansion_b34_3402_shallow_seagrass_root_mat_substrate/TX_B34_gemini_Batch20260608_TextureExpansion_b34_3402_shallow_seagrass_root_mat_substrate_NormalGL.jpg,.jpg,1024,1024,RGB,2048,1|2,-1|1|27|50,0,0,1,1048576,1.000,1.333,731048,0.697,,,,,,,,,,,,,,,,,,,,,,,,,Use BC5 normal import; Low tier cap 1024 unless hero close-read asset.,STATIC_SOURCE
texture,Assets/_Project/Art/TEXTURES/Generated/GeminiMaterialAtlases/Batch20260608_TextureExpansion/Tiles/gemini_Batch20260608_TextureExpansion_b34_3403_brine_canyon_salt_crust_silt/TX_B34_gemini_Batch20260608_TextureExpansion_b34_3403_brine_canyon_salt_crust_silt_ARM_AO_Rough_Metal.jpg,.jpg,1024,1024,RGB,2048,1|2,-1|1|25|50,0,0,0,1048576,1.000,1.333,289235,0.276,,,,,,,,,,,,,,,,,,,,,,,,,Channel-pack masks into one RGBA texture; avoid separate AO/spec maps.,STATIC_SOURCE
texture,Assets/_Project/Art/TEXTURES/Generated/GeminiMaterialAtlases/Batch20260608_TextureExpansion/Tiles/gemini_Batch20260608_TextureExpansion_b34_3403_brine_canyon_salt_crust_silt/TX_B34_gemini_Batch20260608_TextureExpansion_b34_3403_brine_canyon_salt_crust_silt_BaseColor.jpg,.jpg,1024,1024,RGB,2048,1|2,-1|1|25|50,0,0,0,1048576,1.000,1.333,446233,0.426,,,,,,,,,,,,,,,,,,,,,,,,,Verify Unity import compression; JPG disk compression does not reduce VRAM.,STATIC_SOURCE
texture,Assets/_Project/Art/TEXTURES/Generated/GeminiMaterialAtlases/Batch20260608_TextureExpansion/Tiles/gemini_Batch20260608_TextureExpansion_b34_3403_brine_canyon_salt_crust_silt/TX_B34_gemini_Batch20260608_TextureExpansion_b34_3403_brine_canyon_salt_crust_silt_Height.jpg,.jpg,1024,1024,L,2048,1|2,-1|1|25|50,0,0,0,1048576,1.000,1.333,322204,0.307,,,,,,,,,,,,,,,,,,,,,,,,,Verify Unity import compression; JPG disk compression does not reduce VRAM.,STATIC_SOURCE
texture,Assets/_Project/Art/TEXTURES/Generated/GeminiMaterialAtlases/Batch20260608_TextureExpansion/Tiles/gemini_Batch20260608_TextureExpansion_b34_3403_brine_canyon_salt_crust_silt/TX_B34_gemini_Batch20260608_TextureExpansion_b34_3403_brine_canyon_salt_crust_silt_MaskMap_UnityURP.png,.png,1024,1024,RGBA,2048,1|2,-1|1|25|50,0,0,0,1048576,1.000,1.333,790340,0.754,,,,,,,,,,,,,,,,,,,,,,,,,Channel-pack masks into one RGBA texture; avoid separate AO/spec maps.,STATIC_SOURCE
texture,Assets/_Project/Art/TEXTURES/Generated/GeminiMaterialAtlases/Batch20260608_TextureExpansion/Tiles/gemini_Batch20260608_TextureExpansion_b34_3403_brine_canyon_salt_crust_silt/TX_B34_gemini_Batch20260608_TextureExpansion_b34_3403_brine_canyon_salt_crust_silt_NormalGL.jpg,.jpg,1024,1024,RGB,2048,1|2,-1|1|27|50,0,0,1,1048576,1.000,1.333,654597,0.624,,,,,,,,,,,,,,,,,,,,,,,,,Use BC5 normal import; Low tier cap 1024 unless hero close-read asset.,STATIC_SOURCE
texture,Assets/_Project/Art/TEXTURES/Generated/GeminiMaterialAtlases/Batch20260608_TextureExpansion/Tiles/gemini_Batch20260608_TextureExpansion_b34_3404_abyssal_manganese_nodule_plain/TX_B34_gemini_Batch20260608_TextureExpansion_b34_3404_abyssal_manganese_nodule_plain_ARM_AO_Rough_Metal.jpg,.jpg,1024,1024,RGB,2048,1|2,-1|1|25|50,0,0,0,1048576,1.000,1.333,276986,0.264,,,,,,,,,,,,,,,,,,,,,,,,,Channel-pack masks into one RGBA texture; avoid separate AO/spec maps.,STATIC_SOURCE
texture,Assets/_Project/Art/TEXTURES/Generated/GeminiMaterialAtlases/Batch20260608_TextureExpansion/Tiles/gemini_Batch20260608_TextureExpansion_b34_3404_abyssal_manganese_nodule_plain/TX_B34_gemini_Batch20260608_TextureExpansion_b34_3404_abyssal_manganese_nodule_plain_BaseColor.jpg,.jpg,1024,1024,RGB,2048,1|2,-1|1|25|50,0,0,0,1048576,1.000,1.333,364462,0.348,,,,,,,,,,,,,,,,,,,,,,,,,Verify Unity import compression; JPG disk compression does not reduce VRAM.,STATIC_SOURCE
texture,Assets/_Project/Art/TEXTURES/Generated/GeminiMaterialAtlases/Batch20260608_TextureExpansion/Tiles/gemini_Batch20260608_TextureExpansion_b34_3404_abyssal_manganese_nodule_plain/TX_B34_gemini_Batch20260608_TextureExpansion_b34_3404_abyssal_manganese_nodule_plain_Height.jpg,.jpg,1024,1024,L,2048,1|2,-1|1|25|50,0,0,0,1048576,1.000,1.333,327691,0.313,,,,,,,,,,,,,,,,,,,,,,,,,Verify Unity import compression; JPG disk compression does not reduce VRAM.,STATIC_SOURCE
texture,Assets/_Project/Art/TEXTURES/Generated/GeminiMaterialAtlases/Batch20260608_TextureExpansion/Tiles/gemini_Batch20260608_TextureExpansion_b34_3404_abyssal_manganese_nodule_plain/TX_B34_gemini_Batch20260608_TextureExpansion_b34_3404_abyssal_manganese_nodule_plain_MaskMap_UnityURP.png,.png,1024,1024,RGBA,2048,1|2,-1|1|25|50,0,0,0,1048576,1.000,1.333,799744,0.763,,,,,,,,,,,,,,,,,,,,,,,,,Channel-pack masks into one RGBA texture; avoid separate AO/spec maps.,STATIC_SOURCE
texture,Assets/_Project/Art/TEXTURES/Generated/GeminiMaterialAtlases/Batch20260608_TextureExpansion/Tiles/gemini_Batch20260608_TextureExpansion_b34_3404_abyssal_manganese_nodule_plain/TX_B34_gemini_Batch20260608_TextureExpansion_b34_3404_abyssal_manganese_nodule_plain_NormalGL.jpg,.jpg,1024,1024,RGB,2048,1|2,-1|1|27|50,0,0,1,1048576,1.000,1.333,686565,0.655,,,,,,,,,,,,,,,,,,,,,,,,,Use BC5 normal import; Low tier cap 1024 unless hero close-read asset.,STATIC_SOURCE
texture,Assets/_Project/Art/TEXTURES/Generated/GeminiMaterialAtlases/Batch20260608_TextureExpansion/Tiles/gemini_Batch20260608_TextureExpansion_b34_3405_methane_hydrate_crack_vein/TX_B34_gemini_Batch20260608_TextureExpansion_b34_3405_methane_hydrate_crack_vein_ARM_AO_Rough_Metal.jpg,.jpg,1024,1024,RGB,2048,1|2,-1|1|25|50,0,0,0,1048576,1.000,1.333,173415,0.165,,,,,,,,,,,,,,,,,,,,,,,,,Channel-pack masks into one RGBA texture; avoid separate AO/spec maps.,STATIC_SOURCE
texture,Assets/_Project/Art/TEXTURES/Generated/GeminiMaterialAtlases/Batch20260608_TextureExpansion/Tiles/gemini_Batch20260608_TextureExpansion_b34_3405_methane_hydrate_crack_vein/TX_B34_gemini_Batch20260608_TextureExpansion_b34_3405_methane_hydrate_crack_vein_BaseColor.jpg,.jpg,1024,1024,RGB,2048,1|2,-1|1|25|50,0,0,0,1048576,1.000,1.333,314837,0.300,,,,,,,,,,,,,,,,,,,,,,,,,Verify Unity import compression; JPG disk compression does not reduce VRAM.,STATIC_SOURCE
texture,Assets/_Project/Art/TEXTURES/Generated/GeminiMaterialAtlases/Batch20260608_TextureExpansion/Tiles/gemini_Batch20260608_TextureExpansion_b34_3405_methane_hydrate_crack_vein/TX_B34_gemini_Batch20260608_TextureExpansion_b34_3405_methane_hydrate_crack_vein_Height.jpg,.jpg,1024,1024,L,2048,1|2,-1|1|25|50,0,0,0,1048576,1.000,1.333,244217,0.233,,,,,,,,,,,,,,,,,,,,,,,,,Verify Unity import compression; JPG disk compression does not reduce VRAM.,STATIC_SOURCE
texture,Assets/_Project/Art/TEXTURES/Generated/GeminiMaterialAtlases/Batch20260608_TextureExpansion/Tiles/gemini_Batch20260608_TextureExpansion_b34_3405_methane_hydrate_crack_vein/TX_B34_gemini_Batch20260608_TextureExpansion_b34_3405_methane_hydrate_crack_vein_MaskMap_UnityURP.png,.png,1024,1024,RGBA,2048,1|2,-1|1|25|50,0,0,0,1048576,1.000,1.333,646788,0.617,,,,,,,,,,,,,,,,,,,,,,,,,Channel-pack masks into one RGBA texture; avoid separate AO/spec maps.,STATIC_SOURCE
texture,Assets/_Project/Art/TEXTURES/Generated/GeminiMaterialAtlases/Batch20260608_TextureExpansion/Tiles/gemini_Batch20260608_TextureExpansion_b34_3405_methane_hydrate_crack_vein/TX_B34_gemini_Batch20260608_TextureExpansion_b34_3405_methane_hydrate_crack_vein_NormalGL.jpg,.jpg,1024,1024,RGB,2048,1|2,-1|1|27|50,0,0,1,1048576,1.000,1.333,529197,0.505,,,,,,,,,,,,,,,,,,,,,,,,,Use BC5 normal import; Low tier cap 1024 unless hero close-read asset.,STATIC_SOURCE
texture,Assets/_Project/Art/TEXTURES/Generated/GeminiMaterialAtlases/Batch20260608_TextureExpansion/Tiles/gemini_Batch20260608_TextureExpansion_b34_3406_serpentinite_fault_rock/TX_B34_gemini_Batch20260608_TextureExpansion_b34_3406_serpentinite_fault_rock_ARM_AO_Rough_Metal.jpg,.jpg,1024,1024,RGB,2048|512,1|2,-1|1|25|50,0,0,0,1048576,1.000,1.333,310869,0.296,,,,,,,,,,,,,,,,,,,,,,,,,Channel-pack masks into one RGBA texture; avoid separate AO/spec maps.,STATIC_SOURCE
texture,Assets/_Project/Art/TEXTURES/Generated/GeminiMaterialAtlases/Batch20260608_TextureExpansion/Tiles/gemini_Batch20260608_TextureExpansion_b34_3406_serpentinite_fault_rock/TX_B34_gemini_Batch20260608_TextureExpansion_b34_3406_serpentinite_fault_rock_BaseColor.jpg,.jpg,1024,1024,RGB,2048|512,1|2,-1|1|25|50,0,0,0,1048576,1.000,1.333,461198,0.440,,,,,,,,,,,,,,,,,,,,,,,,,Verify Unity import compression; JPG disk compression does not reduce VRAM.,STATIC_SOURCE
texture,Assets/_Project/Art/TEXTURES/Generated/GeminiMaterialAtlases/Batch20260608_TextureExpansion/Tiles/gemini_Batch20260608_TextureExpansion_b34_3406_serpentinite_fault_rock/TX_B34_gemini_Batch20260608_TextureExpansion_b34_3406_serpentinite_fault_rock_Height.jpg,.jpg,1024,1024,L,2048|512,1|2,-1|1|25|50,0,0,0,1048576,1.000,1.333,344471,0.329,,,,,,,,,,,,,,,,,,,,,,,,,Verify Unity import compression; JPG disk compression does not reduce VRAM.,STATIC_SOURCE
texture,Assets/_Project/Art/TEXTURES/Generated/GeminiMaterialAtlases/Batch20260608_TextureExpansion/Tiles/gemini_Batch20260608_TextureExpansion_b34_3406_serpentinite_fault_rock/TX_B34_gemini_Batch20260608_TextureExpansion_b34_3406_serpentinite_fault_rock_MaskMap_UnityURP.png,.png,1024,1024,RGBA,2048|512,1|2,-1|1|25|50,0,0,0,1048576,1.000,1.333,836740,0.798,,,,,,,,,,,,,,,,,,,,,,,,,Channel-pack masks into one RGBA texture; avoid separate AO/spec maps.,STATIC_SOURCE
texture,Assets/_Project/Art/TEXTURES/Generated/GeminiMaterialAtlases/Batch20260608_TextureExpansion/Tiles/gemini_Batch20260608_TextureExpansion_b34_3406_serpentinite_fault_rock/TX_B34_gemini_Batch20260608_TextureExpansion_b34_3406_serpentinite_fault_rock_NormalGL.jpg,.jpg,1024,1024,RGB,2048|512,1|2,-1|1|27|50,0,0,1,1048576,1.000,1.333,806780,0.769,,,,,,,,,,,,,,,,,,,,,,,,,Use BC5 normal import; Low tier cap 1024 unless hero close-read asset.,STATIC_SOURCE
texture,Assets/_Project/Art/TEXTURES/Generated/GeminiMaterialAtlases/Batch20260608_TextureExpansion/Tiles/gemini_Batch20260608_TextureExpansion_b34_3408_clay_silt_turbidity_slope/TX_B34_gemini_Batch20260608_TextureExpansion_b34_3408_clay_silt_turbidity_slope_ARM_AO_Rough_Metal.jpg,.jpg,1024,1024,RGB,2048,1|2,-1|1|25|50,0,0,0,1048576,1.000,1.333,320619,0.306,,,,,,,,,,,,,,,,,,,,,,,,,Channel-pack masks into one RGBA texture; avoid separate AO/spec maps.,STATIC_SOURCE
texture,Assets/_Project/Art/TEXTURES/Generated/GeminiMaterialAtlases/Batch20260608_TextureExpansion/Tiles/gemini_Batch20260608_TextureExpansion_b34_3408_clay_silt_turbidity_slope/TX_B34_gemini_Batch20260608_TextureExpansion_b34_3408_clay_silt_turbidity_slope_BaseColor.jpg,.jpg,1024,1024,RGB,2048,1|2,-1|1|25|50,0,0,0,1048576,1.000,1.333,285343,0.272,,,,,,,,,,,,,,,,,,,,,,,,,Verify Unity import compression; JPG disk compression does not reduce VRAM.,STATIC_SOURCE
texture,Assets/_Project/Art/TEXTURES/Generated/GeminiMaterialAtlases/Batch20260608_TextureExpansion/Tiles/gemini_Batch20260608_TextureExpansion_b34_3408_clay_silt_turbidity_slope/TX_B34_gemini_Batch20260608_TextureExpansion_b34_3408_clay_silt_turbidity_slope_Height.jpg,.jpg,1024,1024,L,2048,1|2,-1|1|25|50,0,0,0,1048576,1.000,1.333,403284,0.385,,,,,,,,,,,,,,,,,,,,,,,,,Verify Unity import compression; JPG disk compression does not reduce VRAM.,STATIC_SOURCE
texture,Assets/_Project/Art/TEXTURES/Generated/GeminiMaterialAtlases/Batch20260608_TextureExpansion/Tiles/gemini_Batch20260608_TextureExpansion_b34_3408_clay_silt_turbidity_slope/TX_B34_gemini_Batch20260608_TextureExpansion_b34_3408_clay_silt_turbidity_slope_MaskMap_UnityURP.png,.png,1024,1024,RGBA,2048,1|2,-1|1|25|50,0,0,0,1048576,1.000,1.333,826760,0.788,,,,,,,,,,,,,,,,,,,,,,,,,Channel-pack masks into one RGBA texture; avoid separate AO/spec maps.,STATIC_SOURCE
texture,Assets/_Project/Art/TEXTURES/Generated/GeminiMaterialAtlases/Batch20260608_TextureExpansion/Tiles/gemini_Batch20260608_TextureExpansion_b34_3408_clay_silt_turbidity_slope/TX_B34_gemini_Batch20260608_TextureExpansion_b34_3408_clay_silt_turbidity_slope_NormalGL.jpg,.jpg,1024,1024,RGB,2048,1|2,-1|1|27|50,0,0,1,1048576,1.000,1.333,685518,0.654,,,,,,,,,,,,,,,,,,,,,,,,,Use BC5 normal import; Low tier cap 1024 unless hero close-read asset.,STATIC_SOURCE
texture,Assets/_Project/Art/TEXTURES/Generated/GeminiMaterialAtlases/Batch20260608_TextureExpansion/Tiles/gemini_Batch20260608_TextureExpansion_b34_3409_limestone_cave_ceiling_mineral_drip/TX_B34_gemini_Batch20260608_TextureExpansion_b34_3409_limestone_cave_ceiling_mineral_drip_ARM_AO_Rough_Metal.jpg,.jpg,1024,1024,RGB,2048,1|2,-1|1|25|50,0,0,0,1048576,1.000,1.333,265238,0.253,,,,,,,,,,,,,,,,,,,,,,,,,Channel-pack masks into one RGBA texture; avoid separate AO/spec maps.,STATIC_SOURCE
texture,Assets/_Project/Art/TEXTURES/Generated/GeminiMaterialAtlases/Batch20260608_TextureExpansion/Tiles/gemini_Batch20260608_TextureExpansion_b34_3409_limestone_cave_ceiling_mineral_drip/TX_B34_gemini_Batch20260608_TextureExpansion_b34_3409_limestone_cave_ceiling_mineral_drip_BaseColor.jpg,.jpg,1024,1024,RGB,2048,1|2,-1|1|25|50,0,0,0,1048576,1.000,1.333,906969,0.865,,,,,,,,,,,,,,,,,,,,,,,,,Verify Unity import compression; JPG disk compression does not reduce VRAM.,STATIC_SOURCE
texture,Assets/_Project/Art/TEXTURES/Generated/GeminiMaterialAtlases/Batch20260608_TextureExpansion/Tiles/gemini_Batch20260608_TextureExpansion_b34_3409_limestone_cave_ceiling_mineral_drip/TX_B34_gemini_Batch20260608_TextureExpansion_b34_3409_limestone_cave_ceiling_mineral_drip_Height.jpg,.jpg,1024,1024,L,2048,1|2,-1|1|25|50,0,0,0,1048576,1.000,1.333,322703,0.308,,,,,,,,,,,,,,,,,,,,,,,,,Verify Unity import compression; JPG disk compression does not reduce VRAM.,STATIC_SOURCE
texture,Assets/_Project/Art/TEXTURES/Generated/GeminiMaterialAtlases/Batch20260608_TextureExpansion/Tiles/gemini_Batch20260608_TextureExpansion_b34_3409_limestone_cave_ceiling_mineral_drip/TX_B34_gemini_Batch20260608_TextureExpansion_b34_3409_limestone_cave_ceiling_mineral_drip_MaskMap_UnityURP.png,.png,1024,1024,RGBA,2048,1|2,-1|1|25|50,0,0,0,1048576,1.000,1.333,790205,0.754,,,,,,,,,,,,,,,,,,,,,,,,,Channel-pack masks into one RGBA texture; avoid separate AO/spec maps.,STATIC_SOURCE
texture,Assets/_Project/Art/TEXTURES/Generated/GeminiMaterialAtlases/Batch20260608_TextureExpansion/Tiles/gemini_Batch20260608_TextureExpansion_b34_3409_limestone_cave_ceiling_mineral_drip/TX_B34_gemini_Batch20260608_TextureExpansion_b34_3409_limestone_cave_ceiling_mineral_drip_NormalGL.jpg,.jpg,1024,1024,RGB,2048,1|2,-1|1|27|50,0,0,1,1048576,1.000,1.333,680791,0.649,,,,,,,,,,,,,,,,,,,,,,,,,Use BC5 normal import; Low tier cap 1024 unless hero close-read asset.,STATIC_SOURCE
texture,Assets/_Project/Art/TEXTURES/Generated/GeminiMaterialAtlases/Batch20260608_TextureExpansion/Tiles/gemini_Batch20260608_TextureExpansion_b34_3410_drowned_concrete_rubble/TX_B34_gemini_Batch20260608_TextureExpansion_b34_3410_drowned_concrete_rubble_ARM_AO_Rough_Metal.jpg,.jpg,1024,1024,RGB,2048,1|2,-1|1|25|50,0,0,0,1048576,1.000,1.333,263221,0.251,,,,,,,,,,,,,,,,,,,,,,,,,Channel-pack masks into one RGBA texture; avoid separate AO/spec maps.,STATIC_SOURCE
texture,Assets/_Project/Art/TEXTURES/Generated/GeminiMaterialAtlases/Batch20260608_TextureExpansion/Tiles/gemini_Batch20260608_TextureExpansion_b34_3410_drowned_concrete_rubble/TX_B34_gemini_Batch20260608_TextureExpansion_b34_3410_drowned_concrete_rubble_BaseColor.jpg,.jpg,1024,1024,RGB,2048,1|2,-1|1|25|50,0,0,0,1048576,1.000,1.333,468085,0.446,,,,,,,,,,,,,,,,,,,,,,,,,Verify Unity import compression; JPG disk compression does not reduce VRAM.,STATIC_SOURCE
texture,Assets/_Project/Art/TEXTURES/Generated/GeminiMaterialAtlases/Batch20260608_TextureExpansion/Tiles/gemini_Batch20260608_TextureExpansion_b34_3410_drowned_concrete_rubble/TX_B34_gemini_Batch20260608_TextureExpansion_b34_3410_drowned_concrete_rubble_Height.jpg,.jpg,1024,1024,L,2048,1|2,-1|1|25|50,0,0,0,1048576,1.000,1.333,302777,0.289,,,,,,,,,,,,,,,,,,,,,,,,,Verify Unity import compression; JPG disk compression does not reduce VRAM.,STATIC_SOURCE
texture,Assets/_Project/Art/TEXTURES/Generated/GeminiMaterialAtlases/Batch20260608_TextureExpansion/Tiles/gemini_Batch20260608_TextureExpansion_b34_3410_drowned_concrete_rubble/TX_B34_gemini_Batch20260608_TextureExpansion_b34_3410_drowned_concrete_rubble_MaskMap_UnityURP.png,.png,1024,1024,RGBA,2048,1|2,-1|1|25|50,0,0,0,1048576,1.000,1.333,756880,0.722,,,,,,,,,,,,,,,,,,,,,,,,,Channel-pack masks into one RGBA texture; avoid separate AO/spec maps.,STATIC_SOURCE
texture,Assets/_Project/Art/TEXTURES/Generated/GeminiMaterialAtlases/Batch20260608_TextureExpansion/Tiles/gemini_Batch20260608_TextureExpansion_b34_3410_drowned_concrete_rubble/TX_B34_gemini_Batch20260608_TextureExpansion_b34_3410_drowned_concrete_rubble_NormalGL.jpg,.jpg,1024,1024,RGB,2048,1|2,-1|1|27|50,0,0,1,1048576,1.000,1.333,667463,0.637,,,,,,,,,,,,,,,,,,,,,,,,,Use BC5 normal import; Low tier cap 1024 unless hero close-read asset.,STATIC_SOURCE
texture,Assets/_Project/Art/TEXTURES/Generated/GeminiMaterialAtlases/Batch20260608_TextureExpansion/Tiles/gemini_Batch20260608_TextureExpansion_b34_3411_pressure_base_exterior_hull_trim_sheet/TX_B34_gemini_Batch20260608_TextureExpansion_b34_3411_pressure_base_exterior_hull_trim_sheet_ARM_AO_Rough_Metal.jpg,.jpg,1024,1024,RGB,2048,1|2,-1|1|25|50,0,0,0,1048576,1.000,1.333,176185,0.168,,,,,,,,,,,,,,,,,,,,,,,,,Channel-pack masks into one RGBA texture; avoid separate AO/spec maps.,STATIC_SOURCE
texture,Assets/_Project/Art/TEXTURES/Generated/GeminiMaterialAtlases/Batch20260608_TextureExpansion/Tiles/gemini_Batch20260608_TextureExpansion_b34_3411_pressure_base_exterior_hull_trim_sheet/TX_B34_gemini_Batch20260608_TextureExpansion_b34_3411_pressure_base_exterior_hull_trim_sheet_BaseColor.jpg,.jpg,1024,1024,RGB,2048,1|2,-1|1|25|50,0,0,0,1048576,1.000,1.333,301144,0.287,,,,,,,,,,,,,,,,,,,,,,,,,Verify Unity import compression; JPG disk compression does not reduce VRAM.,STATIC_SOURCE
texture,Assets/_Project/Art/TEXTURES/Generated/GeminiMaterialAtlases/Batch20260608_TextureExpansion/Tiles/gemini_Batch20260608_TextureExpansion_b34_3411_pressure_base_exterior_hull_trim_sheet/TX_B34_gemini_Batch20260608_TextureExpansion_b34_3411_pressure_base_exterior_hull_trim_sheet_Height.jpg,.jpg,1024,1024,L,2048,1|2,-1|1|25|50,0,0,0,1048576,1.000,1.333,206753,0.197,,,,,,,,,,,,,,,,,,,,,,,,,Verify Unity import compression; JPG disk compression does not reduce VRAM.,STATIC_SOURCE
texture,Assets/_Project/Art/TEXTURES/Generated/GeminiMaterialAtlases/Batch20260608_TextureExpansion/Tiles/gemini_Batch20260608_TextureExpansion_b34_3411_pressure_base_exterior_hull_trim_sheet/TX_B34_gemini_Batch20260608_TextureExpansion_b34_3411_pressure_base_exterior_hull_trim_sheet_MaskMap_UnityURP.png,.png,1024,1024,RGBA,2048,1|2,-1|1|25|50,0,0,0,1048576,1.000,1.333,497432,0.474,,,,,,,,,,,,,,,,,,,,,,,,,Channel-pack masks into one RGBA texture; avoid separate AO/spec maps.,STATIC_SOURCE
texture,Assets/_Project/Art/TEXTURES/Generated/GeminiMaterialAtlases/Batch20260608_TextureExpansion/Tiles/gemini_Batch20260608_TextureExpansion_b34_3411_pressure_base_exterior_hull_trim_sheet/TX_B34_gemini_Batch20260608_TextureExpansion_b34_3411_pressure_base_exterior_hull_trim_sheet_NormalGL.jpg,.jpg,1024,1024,RGB,2048,1|2,-1|1|27|50,0,0,1,1048576,1.000,1.333,428682,0.409,,,,,,,,,,,,,,,,,,,,,,,,,Use BC5 normal import; Low tier cap 1024 unless hero close-read asset.,STATIC_SOURCE
texture,Assets/_Project/Art/TEXTURES/Generated/GeminiMaterialAtlases/Batch20260608_TextureExpansion/Tiles/gemini_Batch20260608_TextureExpansion_b34_3412_pressure_base_interior_wall_trim_sheet/TX_B34_gemini_Batch20260608_TextureExpansion_b34_3412_pressure_base_interior_wall_trim_sheet_ARM_AO_Rough_Metal.jpg,.jpg,1024,1024,RGB,2048,1|2,-1|1|25|50,0,0,0,1048576,1.000,1.333,125715,0.120,,,,,,,,,,,,,,,,,,,,,,,,,Channel-pack masks into one RGBA texture; avoid separate AO/spec maps.,STATIC_SOURCE
texture,Assets/_Project/Art/TEXTURES/Generated/GeminiMaterialAtlases/Batch20260608_TextureExpansion/Tiles/gemini_Batch20260608_TextureExpansion_b34_3412_pressure_base_interior_wall_trim_sheet/TX_B34_gemini_Batch20260608_TextureExpansion_b34_3412_pressure_base_interior_wall_trim_sheet_BaseColor.jpg,.jpg,1024,1024,RGB,2048,1|2,-1|1|25|50,0,0,0,1048576,1.000,1.333,259425,0.247,,,,,,,,,,,,,,,,,,,,,,,,,Verify Unity import compression; JPG disk compression does not reduce VRAM.,STATIC_SOURCE
texture,Assets/_Project/Art/TEXTURES/Generated/GeminiMaterialAtlases/Batch20260608_TextureExpansion/Tiles/gemini_Batch20260608_TextureExpansion_b34_3412_pressure_base_interior_wall_trim_sheet/TX_B34_gemini_Batch20260608_TextureExpansion_b34_3412_pressure_base_interior_wall_trim_sheet_Height.jpg,.jpg,1024,1024,L,2048,1|2,-1|1|25|50,0,0,0,1048576,1.000,1.333,169093,0.161,,,,,,,,,,,,,,,,,,,,,,,,,Verify Unity import compression; JPG disk compression does not reduce VRAM.,STATIC_SOURCE
texture,Assets/_Project/Art/TEXTURES/Generated/GeminiMaterialAtlases/Batch20260608_TextureExpansion/Tiles/gemini_Batch20260608_TextureExpansion_b34_3412_pressure_base_interior_wall_trim_sheet/TX_B34_gemini_Batch20260608_TextureExpansion_b34_3412_pressure_base_interior_wall_trim_sheet_MaskMap_UnityURP.png,.png,1024,1024,RGBA,2048,1|2,-1|1|25|50,0,0,0,1048576,1.000,1.333,462269,0.441,,,,,,,,,,,,,,,,,,,,,,,,,Channel-pack masks into one RGBA texture; avoid separate AO/spec maps.,STATIC_SOURCE
texture,Assets/_Project/Art/TEXTURES/Generated/GeminiMaterialAtlases/Batch20260608_TextureExpansion/Tiles/gemini_Batch20260608_TextureExpansion_b34_3412_pressure_base_interior_wall_trim_sheet/TX_B34_gemini_Batch20260608_TextureExpansion_b34_3412_pressure_base_interior_wall_trim_sheet_NormalGL.jpg,.jpg,1024,1024,RGB,2048,1|2,-1|1|27|50,0,0,1,1048576,1.000,1.333,317020,0.302,,,,,,,,,,,,,,,,,,,,,,,,,Use BC5 normal import; Low tier cap 1024 unless hero close-read asset.,STATIC_SOURCE
texture,Assets/_Project/Art/TEXTURES/Generated/GeminiMaterialAtlases/Batch20260608_TextureExpansion/Tiles/gemini_Batch20260608_TextureExpansion_b34_3414_rubber_gasket_ring_trim_sheet/TX_B34_gemini_Batch20260608_TextureExpansion_b34_3414_rubber_gasket_ring_trim_sheet_ARM_AO_Rough_Metal.jpg,.jpg,1024,1024,RGB,2048,1|2,-1|1|25|50,0,0,0,1048576,1.000,1.333,195286,0.186,,,,,,,,,,,,,,,,,,,,,,,,,Channel-pack masks into one RGBA texture; avoid separate AO/spec maps.,STATIC_SOURCE
texture,Assets/_Project/Art/TEXTURES/Generated/GeminiMaterialAtlases/Batch20260608_TextureExpansion/Tiles/gemini_Batch20260608_TextureExpansion_b34_3414_rubber_gasket_ring_trim_sheet/TX_B34_gemini_Batch20260608_TextureExpansion_b34_3414_rubber_gasket_ring_trim_sheet_BaseColor.jpg,.jpg,1024,1024,RGB,2048,1|2,-1|1|25|50,0,0,0,1048576,1.000,1.333,276955,0.264,,,,,,,,,,,,,,,,,,,,,,,,,Verify Unity import compression; JPG disk compression does not reduce VRAM.,STATIC_SOURCE
texture,Assets/_Project/Art/TEXTURES/Generated/GeminiMaterialAtlases/Batch20260608_TextureExpansion/Tiles/gemini_Batch20260608_TextureExpansion_b34_3414_rubber_gasket_ring_trim_sheet/TX_B34_gemini_Batch20260608_TextureExpansion_b34_3414_rubber_gasket_ring_trim_sheet_Height.jpg,.jpg,1024,1024,L,2048,1|2,-1|1|25|50,0,0,0,1048576,1.000,1.333,250692,0.239,,,,,,,,,,,,,,,,,,,,,,,,,Verify Unity import compression; JPG disk compression does not reduce VRAM.,STATIC_SOURCE
texture,Assets/_Project/Art/TEXTURES/Generated/GeminiMaterialAtlases/Batch20260608_TextureExpansion/Tiles/gemini_Batch20260608_TextureExpansion_b34_3414_rubber_gasket_ring_trim_sheet/TX_B34_gemini_Batch20260608_TextureExpansion_b34_3414_rubber_gasket_ring_trim_sheet_MaskMap_UnityURP.png,.png,1024,1024,RGBA,2048,1|2,-1|1|25|50,0,0,0,1048576,1.000,1.333,619061,0.590,,,,,,,,,,,,,,,,,,,,,,,,,Channel-pack masks into one RGBA texture; avoid separate AO/spec maps.,STATIC_SOURCE
texture,Assets/_Project/Art/TEXTURES/Generated/GeminiMaterialAtlases/Batch20260608_TextureExpansion/Tiles/gemini_Batch20260608_TextureExpansion_b34_3414_rubber_gasket_ring_trim_sheet/TX_B34_gemini_Batch20260608_TextureExpansion_b34_3414_rubber_gasket_ring_trim_sheet_NormalGL.jpg,.jpg,1024,1024,RGB,2048,1|2,-1|1|27|50,0,0,1,1048576,1.000,1.333,558336,0.532,,,,,,,,,,,,,,,,,,,,,,,,,Use BC5 normal import; Low tier cap 1024 unless hero close-read asset.,STATIC_SOURCE
texture,Assets/_Project/Art/TEXTURES/Generated/GeminiMaterialAtlases/Batch20260608_TextureExpansion/Tiles/gemini_Batch20260608_TextureExpansion_b34_3416_ribbed_flexible_hose_material/TX_B34_gemini_Batch20260608_TextureExpansion_b34_3416_ribbed_flexible_hose_material_ARM_AO_Rough_Metal.jpg,.jpg,1024,1024,RGB,2048,1|2,-1|1|25|50,0,0,0,1048576,1.000,1.333,192377,0.183,,,,,,,,,,,,,,,,,,,,,,,,,Channel-pack masks into one RGBA texture; avoid separate AO/spec maps.,STATIC_SOURCE
texture,Assets/_Project/Art/TEXTURES/Generated/GeminiMaterialAtlases/Batch20260608_TextureExpansion/Tiles/gemini_Batch20260608_TextureExpansion_b34_3416_ribbed_flexible_hose_material/TX_B34_gemini_Batch20260608_TextureExpansion_b34_3416_ribbed_flexible_hose_material_BaseColor.jpg,.jpg,1024,1024,RGB,2048,1|2,-1|1|25|50,0,0,0,1048576,1.000,1.333,282186,0.269,,,,,,,,,,,,,,,,,,,,,,,,,Verify Unity import compression; JPG disk compression does not reduce VRAM.,STATIC_SOURCE
texture,Assets/_Project/Art/TEXTURES/Generated/GeminiMaterialAtlases/Batch20260608_TextureExpansion/Tiles/gemini_Batch20260608_TextureExpansion_b34_3416_ribbed_flexible_hose_material/TX_B34_gemini_Batch20260608_TextureExpansion_b34_3416_ribbed_flexible_hose_material_Height.jpg,.jpg,1024,1024,L,2048,1|2,-1|1|25|50,0,0,0,1048576,1.000,1.333,284775,0.272,,,,,,,,,,,,,,,,,,,,,,,,,Verify Unity import compression; JPG disk compression does not reduce VRAM.,STATIC_SOURCE
texture,Assets/_Project/Art/TEXTURES/Generated/GeminiMaterialAtlases/Batch20260608_TextureExpansion/Tiles/gemini_Batch20260608_TextureExpansion_b34_3416_ribbed_flexible_hose_material/TX_B34_gemini_Batch20260608_TextureExpansion_b34_3416_ribbed_flexible_hose_material_MaskMap_UnityURP.png,.png,1024,1024,RGBA,2048,1|2,-1|1|25|50,0,0,0,1048576,1.000,1.333,718664,0.685,,,,,,,,,,,,,,,,,,,,,,,,,Channel-pack masks into one RGBA texture; avoid separate AO/spec maps.,STATIC_SOURCE
texture,Assets/_Project/Art/TEXTURES/Generated/GeminiMaterialAtlases/Batch20260608_TextureExpansion/Tiles/gemini_Batch20260608_TextureExpansion_b34_3416_ribbed_flexible_hose_material/TX_B34_gemini_Batch20260608_TextureExpansion_b34_3416_ribbed_flexible_hose_material_NormalGL.jpg,.jpg,1024,1024,RGB,2048,1|2,-1|1|27|50,0,0,1,1048576,1.000,1.333,716001,0.683,,,,,,,,,,,,,,,,,,,,,,,,,Use BC5 normal import; Low tier cap 1024 unless hero close-read asset.,STATIC_SOURCE
texture,Assets/_Project/Art/TEXTURES/Generated/GeminiMaterialAtlases/Batch20260608_TextureExpansion/Tiles/gemini_Batch20260608_TextureExpansion_b34_3417_amber_emergency_lens_material/TX_B34_gemini_Batch20260608_TextureExpansion_b34_3417_amber_emergency_lens_material_ARM_AO_Rough_Metal.jpg,.jpg,1024,1024,RGB,2048,1|2,-1|1|25|50,0,0,0,1048576,1.000,1.333,269833,0.257,,,,,,,,,,,,,,,,,,,,,,,,,Channel-pack masks into one RGBA texture; avoid separate AO/spec maps.,STATIC_SOURCE
texture,Assets/_Project/Art/TEXTURES/Generated/GeminiMaterialAtlases/Batch20260608_TextureExpansion/Tiles/gemini_Batch20260608_TextureExpansion_b34_3417_amber_emergency_lens_material/TX_B34_gemini_Batch20260608_TextureExpansion_b34_3417_amber_emergency_lens_material_BaseColor.jpg,.jpg,0,0,UNKNOWN,2048,1|2,-1|1|25|50,0,0,0,0,0.000,0.000,1556101,1.484,,,,,,,,,,,,,,,,,,,,,,,VRAM CRIME: TEXTURE_PARSE_FAILED,,Open in Unity importer or asset tool; dimensions unavailable to static scanner.,STATIC_SOURCE
texture,Assets/_Project/Art/TEXTURES/Generated/GeminiMaterialAtlases/Batch20260608_TextureExpansion/Tiles/gemini_Batch20260608_TextureExpansion_b34_3417_amber_emergency_lens_material/TX_B34_gemini_Batch20260608_TextureExpansion_b34_3417_amber_emergency_lens_material_Height.jpg,.jpg,1024,1024,L,2048,1|2,-1|1|25|50,0,0,0,1048576,1.000,1.333,336989,0.321,,,,,,,,,,,,,,,,,,,,,,,,,Verify Unity import compression; JPG disk compression does not reduce VRAM.,STATIC_SOURCE
texture,Assets/_Project/Art/TEXTURES/Generated/GeminiMaterialAtlases/Batch20260608_TextureExpansion/Tiles/gemini_Batch20260608_TextureExpansion_b34_3417_amber_emergency_lens_material/TX_B34_gemini_Batch20260608_TextureExpansion_b34_3417_amber_emergency_lens_material_MaskMap_UnityURP.png,.png,1024,1024,RGBA,2048,1|2,-1|1|25|50,0,0,0,1048576,1.000,1.333,638718,0.609,,,,,,,,,,,,,,,,,,,,,,,,,Channel-pack masks into one RGBA texture; avoid separate AO/spec maps.,STATIC_SOURCE
texture,Assets/_Project/Art/TEXTURES/Generated/GeminiMaterialAtlases/Batch20260608_TextureExpansion/Tiles/gemini_Batch20260608_TextureExpansion_b34_3417_amber_emergency_lens_material/TX_B34_gemini_Batch20260608_TextureExpansion_b34_3417_amber_emergency_lens_material_NormalGL.jpg,.jpg,1024,1024,RGB,2048,1|2,-1|1|27|50,0,0,1,1048576,1.000,1.333,581226,0.554,,,,,,,,,,,,,,,,,,,,,,,,,Use BC5 normal import; Low tier cap 1024 unless hero close-read asset.,STATIC_SOURCE
texture,Assets/_Project/Art/TEXTURES/Generated/GeminiMaterialAtlases/Batch20260608_TextureExpansion/Tiles/gemini_Batch20260608_TextureExpansion_b34_3419_welded_seam_and_rivet_row_trim_sheet/TX_B34_gemini_Batch20260608_TextureExpansion_b34_3419_welded_seam_and_rivet_row_trim_sheet_ARM_AO_Rough_Metal.jpg,.jpg,1024,1024,RGB,2048,1|2,-1|1|25|50,0,0,0,1048576,1.000,1.333,196107,0.187,,,,,,,,,,,,,,,,,,,,,,,,,Channel-pack masks into one RGBA texture; avoid separate AO/spec maps.,STATIC_SOURCE
texture,Assets/_Project/Art/TEXTURES/Generated/GeminiMaterialAtlases/Batch20260608_TextureExpansion/Tiles/gemini_Batch20260608_TextureExpansion_b34_3419_welded_seam_and_rivet_row_trim_sheet/TX_B34_gemini_Batch20260608_TextureExpansion_b34_3419_welded_seam_and_rivet_row_trim_sheet_BaseColor.jpg,.jpg,1024,1024,RGB,2048,1|2,-1|1|25|50,0,0,0,1048576,1.000,1.333,308440,0.294,,,,,,,,,,,,,,,,,,,,,,,,,Verify Unity import compression; JPG disk compression does not reduce VRAM.,STATIC_SOURCE
texture,Assets/_Project/Art/TEXTURES/Generated/GeminiMaterialAtlases/Batch20260608_TextureExpansion/Tiles/gemini_Batch20260608_TextureExpansion_b34_3419_welded_seam_and_rivet_row_trim_sheet/TX_B34_gemini_Batch20260608_TextureExpansion_b34_3419_welded_seam_and_rivet_row_trim_sheet_Height.jpg,.jpg,1024,1024,L,2048,1|2,-1|1|25|50,0,0,0,1048576,1.000,1.333,262326,0.250,,,,,,,,,,,,,,,,,,,,,,,,,Verify Unity import compression; JPG disk compression does not reduce VRAM.,STATIC_SOURCE
texture,Assets/_Project/Art/TEXTURES/Generated/GeminiMaterialAtlases/Batch20260608_TextureExpansion/Tiles/gemini_Batch20260608_TextureExpansion_b34_3419_welded_seam_and_rivet_row_trim_sheet/TX_B34_gemini_Batch20260608_TextureExpansion_b34_3419_welded_seam_and_rivet_row_trim_sheet_MaskMap_UnityURP.png,.png,1024,1024,RGBA,2048,1|2,-1|1|25|50,0,0,0,1048576,1.000,1.333,663834,0.633,,,,,,,,,,,,,,,,,,,,,,,,,Channel-pack masks into one RGBA texture; avoid separate AO/spec maps.,STATIC_SOURCE
texture,Assets/_Project/Art/TEXTURES/Generated/GeminiMaterialAtlases/Batch20260608_TextureExpansion/Tiles/gemini_Batch20260608_TextureExpansion_b34_3419_welded_seam_and_rivet_row_trim_sheet/TX_B34_gemini_Batch20260608_TextureExpansion_b34_3419_welded_seam_and_rivet_row_trim_sheet_NormalGL.jpg,.jpg,1024,1024,RGB,2048,1|2,-1|1|27|50,0,0,1,1048576,1.000,1.333,633660,0.604,,,,,,,,,,,,,,,,,,,,,,,,,Use BC5 normal import; Low tier cap 1024 unless hero close-read asset.,STATIC_SOURCE
texture,Assets/_Project/Art/TEXTURES/Generated/GeminiMaterialAtlases/Batch20260608_TextureExpansion/Tiles/gemini_Batch20260608_TextureExpansion_b34_3420_salvage_cut_cross_section_trim_atlas/TX_B34_gemini_Batch20260608_TextureExpansion_b34_3420_salvage_cut_cross_section_trim_atlas_ARM_AO_Rough_Metal.jpg,.jpg,1024,1024,RGB,2048,1|2,-1|1|25|50,0,0,0,1048576,1.000,1.333,135117,0.129,,,,,,,,,,,,,,,,,,,,,,,,,Channel-pack masks into one RGBA texture; avoid separate AO/spec maps.,STATIC_SOURCE
texture,Assets/_Project/Art/TEXTURES/Generated/GeminiMaterialAtlases/Batch20260608_TextureExpansion/Tiles/gemini_Batch20260608_TextureExpansion_b34_3420_salvage_cut_cross_section_trim_atlas/TX_B34_gemini_Batch20260608_TextureExpansion_b34_3420_salvage_cut_cross_section_trim_atlas_BaseColor.jpg,.jpg,1024,1024,RGB,2048,1|2,-1|1|25|50,0,0,0,1048576,1.000,1.333,267850,0.255,,,,,,,,,,,,,,,,,,,,,,,,,Verify Unity import compression; JPG disk compression does not reduce VRAM.,STATIC_SOURCE
texture,Assets/_Project/Art/TEXTURES/Generated/GeminiMaterialAtlases/Batch20260608_TextureExpansion/Tiles/gemini_Batch20260608_TextureExpansion_b34_3420_salvage_cut_cross_section_trim_atlas/TX_B34_gemini_Batch20260608_TextureExpansion_b34_3420_salvage_cut_cross_section_trim_atlas_Height.jpg,.jpg,1024,1024,L,2048,1|2,-1|1|25|50,0,0,0,1048576,1.000,1.333,189990,0.181,,,,,,,,,,,,,,,,,,,,,,,,,Verify Unity import compression; JPG disk compression does not reduce VRAM.,STATIC_SOURCE
texture,Assets/_Project/Art/TEXTURES/Generated/GeminiMaterialAtlases/Batch20260608_TextureExpansion/Tiles/gemini_Batch20260608_TextureExpansion_b34_3420_salvage_cut_cross_section_trim_atlas/TX_B34_gemini_Batch20260608_TextureExpansion_b34_3420_salvage_cut_cross_section_trim_atlas_MaskMap_UnityURP.png,.png,1024,1024,RGBA,2048,1|2,-1|1|25|50,0,0,0,1048576,1.000,1.333,514793,0.491,,,,,,,,,,,,,,,,,,,,,,,,,Channel-pack masks into one RGBA texture; avoid separate AO/spec maps.,STATIC_SOURCE
texture,Assets/_Project/Art/TEXTURES/Generated/GeminiMaterialAtlases/Batch20260608_TextureExpansion/Tiles/gemini_Batch20260608_TextureExpansion_b34_3420_salvage_cut_cross_section_trim_atlas/TX_B34_gemini_Batch20260608_TextureExpansion_b34_3420_salvage_cut_cross_section_trim_atlas_NormalGL.jpg,.jpg,1024,1024,RGB,2048,1|2,-1|1|27|50,0,0,1,1048576,1.000,1.333,428609,0.409,,,,,,,,,,,,,,,,,,,,,,,,,Use BC5 normal import; Low tier cap 1024 unless hero close-read asset.,STATIC_SOURCE
texture,Assets/_Project/Art/TEXTURES/Generated/GeminiMaterialAtlases/Batch20260608_TextureExpansion/Tiles/gemini_Batch20260608_TextureExpansion_b34_3421_damped_insulation_blanket_material/TX_B34_gemini_Batch20260608_TextureExpansion_b34_3421_damped_insulation_blanket_material_ARM_AO_Rough_Metal.jpg,.jpg,1024,1024,RGB,2048,1|2,-1|1|25|50,0,0,0,1048576,1.000,1.333,194540,0.186,,,,,,,,,,,,,,,,,,,,,,,,,Channel-pack masks into one RGBA texture; avoid separate AO/spec maps.,STATIC_SOURCE
texture,Assets/_Project/Art/TEXTURES/Generated/GeminiMaterialAtlases/Batch20260608_TextureExpansion/Tiles/gemini_Batch20260608_TextureExpansion_b34_3421_damped_insulation_blanket_material/TX_B34_gemini_Batch20260608_TextureExpansion_b34_3421_damped_insulation_blanket_material_BaseColor.jpg,.jpg,1024,1024,RGB,2048,1|2,-1|1|25|50,0,0,0,1048576,1.000,1.333,295800,0.282,,,,,,,,,,,,,,,,,,,,,,,,,Verify Unity import compression; JPG disk compression does not reduce VRAM.,STATIC_SOURCE
texture,Assets/_Project/Art/TEXTURES/Generated/GeminiMaterialAtlases/Batch20260608_TextureExpansion/Tiles/gemini_Batch20260608_TextureExpansion_b34_3421_damped_insulation_blanket_material/TX_B34_gemini_Batch20260608_TextureExpansion_b34_3421_damped_insulation_blanket_material_Height.jpg,.jpg,1024,1024,L,2048,1|2,-1|1|25|50,0,0,0,1048576,1.000,1.333,274630,0.262,,,,,,,,,,,,,,,,,,,,,,,,,Verify Unity import compression; JPG disk compression does not reduce VRAM.,STATIC_SOURCE
texture,Assets/_Project/Art/TEXTURES/Generated/GeminiMaterialAtlases/Batch20260608_TextureExpansion/Tiles/gemini_Batch20260608_TextureExpansion_b34_3421_damped_insulation_blanket_material/TX_B34_gemini_Batch20260608_TextureExpansion_b34_3421_damped_insulation_blanket_material_MaskMap_UnityURP.png,.png,1024,1024,RGBA,2048,1|2,-1|1|25|50,0,0,0,1048576,1.000,1.333,712723,0.680,,,,,,,,,,,,,,,,,,,,,,,,,Channel-pack masks into one RGBA texture; avoid separate AO/spec maps.,STATIC_SOURCE
texture,Assets/_Project/Art/TEXTURES/Generated/GeminiMaterialAtlases/Batch20260608_TextureExpansion/Tiles/gemini_Batch20260608_TextureExpansion_b34_3421_damped_insulation_blanket_material/TX_B34_gemini_Batch20260608_TextureExpansion_b34_3421_damped_insulation_blanket_material_NormalGL.jpg,.jpg,1024,1024,RGB,2048,1|2,-1|1|27|50,0,0,1,1048576,1.000,1.333,528191,0.504,,,,,,,,,,,,,,,,,,,,,,,,,Use BC5 normal import; Low tier cap 1024 unless hero close-read asset.,STATIC_SOURCE
texture,Assets/_Project/Art/TEXTURES/Generated/GeminiMaterialAtlases/Batch20260608_TextureExpansion/Tiles/gemini_Batch20260608_TextureExpansion_b34_3422_pressure_suit_patch_trim_sheet/TX_B34_gemini_Batch20260608_TextureExpansion_b34_3422_pressure_suit_patch_trim_sheet_ARM_AO_Rough_Metal.jpg,.jpg,1024,1024,RGB,2048,1|2,-1|1|25|50,0,0,0,1048576,1.000,1.333,145834,0.139,,,,,,,,,,,,,,,,,,,,,,,,,Channel-pack masks into one RGBA texture; avoid separate AO/spec maps.,STATIC_SOURCE
texture,Assets/_Project/Art/TEXTURES/Generated/GeminiMaterialAtlases/Batch20260608_TextureExpansion/Tiles/gemini_Batch20260608_TextureExpansion_b34_3422_pressure_suit_patch_trim_sheet/TX_B34_gemini_Batch20260608_TextureExpansion_b34_3422_pressure_suit_patch_trim_sheet_BaseColor.jpg,.jpg,1024,1024,RGB,2048,1|2,-1|1|25|50,0,0,0,1048576,1.000,1.333,274623,0.262,,,,,,,,,,,,,,,,,,,,,,,,,Verify Unity import compression; JPG disk compression does not reduce VRAM.,STATIC_SOURCE
texture,Assets/_Project/Art/TEXTURES/Generated/GeminiMaterialAtlases/Batch20260608_TextureExpansion/Tiles/gemini_Batch20260608_TextureExpansion_b34_3422_pressure_suit_patch_trim_sheet/TX_B34_gemini_Batch20260608_TextureExpansion_b34_3422_pressure_suit_patch_trim_sheet_Height.jpg,.jpg,1024,1024,L,2048,1|2,-1|1|25|50,0,0,0,1048576,1.000,1.333,202231,0.193,,,,,,,,,,,,,,,,,,,,,,,,,Verify Unity import compression; JPG disk compression does not reduce VRAM.,STATIC_SOURCE
texture,Assets/_Project/Art/TEXTURES/Generated/GeminiMaterialAtlases/Batch20260608_TextureExpansion/Tiles/gemini_Batch20260608_TextureExpansion_b34_3422_pressure_suit_patch_trim_sheet/TX_B34_gemini_Batch20260608_TextureExpansion_b34_3422_pressure_suit_patch_trim_sheet_MaskMap_UnityURP.png,.png,1024,1024,RGBA,2048,1|2,-1|1|25|50,0,0,0,1048576,1.000,1.333,576740,0.550,,,,,,,,,,,,,,,,,,,,,,,,,Channel-pack masks into one RGBA texture; avoid separate AO/spec maps.,STATIC_SOURCE
texture,Assets/_Project/Art/TEXTURES/Generated/GeminiMaterialAtlases/Batch20260608_TextureExpansion/Tiles/gemini_Batch20260608_TextureExpansion_b34_3422_pressure_suit_patch_trim_sheet/TX_B34_gemini_Batch20260608_TextureExpansion_b34_3422_pressure_suit_patch_trim_sheet_NormalGL.jpg,.jpg,1024,1024,RGB,2048,1|2,-1|1|27|50,0,0,1,1048576,1.000,1.333,392194,0.374,,,,,,,,,,,,,,,,,,,,,,,,,Use BC5 normal import; Low tier cap 1024 unless hero close-read asset.,STATIC_SOURCE
texture,Assets/_Project/Art/TEXTURES/Generated/GeminiMaterialIntake_20260607/MicroPanelAtlas/PREVIEW_GeminiMicroPanelAtlas_20260607.png,.png,676,820,RGB,2048,1,-1|1|25,0,0,0,554320,0.529,0.705,646224,0.616,,,,,,,,,,,,,,,,,,,,,,,,,Keep compressed; atlas if grouped with small sibling textures.,STATIC_SOURCE
texture,Assets/_Project/Art/TEXTURES/Generated/GeminiMaterialIntake_20260607/MicroPanelAtlas/Source/TX_GM_precision_tool_micro_panel_atlas_Cleaned_2k.jpg,.jpg,2048,2048,RGB,2048,1,-1|1|25,0,0,0,4194304,4.000,5.333,1124553,1.072,,,,,,,,,,,,,,,,,,,,,,,STREAMING_MIPMAPS_OFF_LARGE,,Low tier should halve source/import max; keep high mips only with hero or streaming proof.,STATIC_SOURCE
texture,Assets/_Project/Art/TEXTURES/Generated/GeminiMaterialIntake_20260607/MicroPanelAtlas/Tiles/gemini_20260607_atlas_aged_green_service_metal/TX_GM_gemini_20260607_atlas_aged_green_service_metal_ARM_AO_Rough_Metal.jpg,.jpg,512,512,RGB,2048,1,-1|1|25,0,0,0,262144,0.250,0.333,43558,0.042,,,,,,,,,,,,,,,,,,,,,,,,,Channel-pack masks into one RGBA texture; avoid separate AO/spec maps.,STATIC_SOURCE
texture,Assets/_Project/Art/TEXTURES/Generated/GeminiMaterialIntake_20260607/MicroPanelAtlas/Tiles/gemini_20260607_atlas_aged_green_service_metal/TX_GM_gemini_20260607_atlas_aged_green_service_metal_BaseColor.jpg,.jpg,512,512,RGB,2048,1,-1|1|25,0,0,0,262144,0.250,0.333,51937,0.050,,,,,,,,,,,,,,,,,,,,,,,,,Channel-pack masks into one RGBA texture; avoid separate AO/spec maps.,STATIC_SOURCE
texture,Assets/_Project/Art/TEXTURES/Generated/GeminiMaterialIntake_20260607/MicroPanelAtlas/Tiles/gemini_20260607_atlas_aged_green_service_metal/TX_GM_gemini_20260607_atlas_aged_green_service_metal_Height.jpg,.jpg,512,512,L,2048,1,-1|1|25,0,0,0,262144,0.250,0.333,71869,0.069,,,,,,,,,,,,,,,,,,,,,,,,,Channel-pack masks into one RGBA texture; avoid separate AO/spec maps.,STATIC_SOURCE
texture,Assets/_Project/Art/TEXTURES/Generated/GeminiMaterialIntake_20260607/MicroPanelAtlas/Tiles/gemini_20260607_atlas_aged_green_service_metal/TX_GM_gemini_20260607_atlas_aged_green_service_metal_MaskMap_UnityURP.png,.png,512,512,RGBA,2048,1,-1|1|25,0,0,0,262144,0.250,0.333,177138,0.169,,,,,,,,,,,,,,,,,,,,,,,,,Channel-pack masks into one RGBA texture; avoid separate AO/spec maps.,STATIC_SOURCE
texture,Assets/_Project/Art/TEXTURES/Generated/GeminiMaterialIntake_20260607/MicroPanelAtlas/Tiles/gemini_20260607_atlas_aged_green_service_metal/TX_GM_gemini_20260607_atlas_aged_green_service_metal_NormalGL.jpg,.jpg,512,512,RGB,2048,1,-1|1|27,0,0,1,262144,0.250,0.333,107948,0.103,,,,,,,,,,,,,,,,,,,,,,,,,Use BC5 normal import; Low tier cap 1024 unless hero close-read asset.,STATIC_SOURCE
texture,Assets/_Project/Art/TEXTURES/Generated/GeminiMaterialIntake_20260607/MicroPanelAtlas/Tiles/gemini_20260607_atlas_black_gasket_rubber/TX_GM_gemini_20260607_atlas_black_gasket_rubber_ARM_AO_Rough_Metal.jpg,.jpg,512,512,RGB,2048,1,-1|1|25,0,0,0,262144,0.250,0.333,33272,0.032,,,,,,,,,,,,,,,,,,,,,,,,,Channel-pack masks into one RGBA texture; avoid separate AO/spec maps.,STATIC_SOURCE
texture,Assets/_Project/Art/TEXTURES/Generated/GeminiMaterialIntake_20260607/MicroPanelAtlas/Tiles/gemini_20260607_atlas_black_gasket_rubber/TX_GM_gemini_20260607_atlas_black_gasket_rubber_BaseColor.jpg,.jpg,512,512,RGB,2048,1,-1|1|25,0,0,0,262144,0.250,0.333,28103,0.027,,,,,,,,,,,,,,,,,,,,,,,,,Verify Unity import compression; JPG disk compression does not reduce VRAM.,STATIC_SOURCE
texture,Assets/_Project/Art/TEXTURES/Generated/GeminiMaterialIntake_20260607/MicroPanelAtlas/Tiles/gemini_20260607_atlas_black_gasket_rubber/TX_GM_gemini_20260607_atlas_black_gasket_rubber_Height.jpg,.jpg,512,512,L,2048,1,-1|1|25,0,0,0,262144,0.250,0.333,55589,0.053,,,,,,,,,,,,,,,,,,,,,,,,,Verify Unity import compression; JPG disk compression does not reduce VRAM.,STATIC_SOURCE
texture,Assets/_Project/Art/TEXTURES/Generated/GeminiMaterialIntake_20260607/MicroPanelAtlas/Tiles/gemini_20260607_atlas_black_gasket_rubber/TX_GM_gemini_20260607_atlas_black_gasket_rubber_MaskMap_UnityURP.png,.png,512,512,RGBA,2048,1,-1|1|25,0,0,0,262144,0.250,0.333,150092,0.143,,,,,,,,,,,,,,,,,,,,,,,,,Channel-pack masks into one RGBA texture; avoid separate AO/spec maps.,STATIC_SOURCE
texture,Assets/_Project/Art/TEXTURES/Generated/GeminiMaterialIntake_20260607/MicroPanelAtlas/Tiles/gemini_20260607_atlas_black_gasket_rubber/TX_GM_gemini_20260607_atlas_black_gasket_rubber_NormalGL.jpg,.jpg,512,512,RGB,2048,1,-1|1|27,0,0,1,262144,0.250,0.333,71587,0.068,,,,,,,,,,,,,,,,,,,,,,,,,Use BC5 normal import; Low tier cap 1024 unless hero close-read asset.,STATIC_SOURCE
texture,Assets/_Project/Art/TEXTURES/Generated/GeminiMaterialIntake_20260607/MicroPanelAtlas/Tiles/gemini_20260607_atlas_black_grip_rubber/TX_GM_gemini_20260607_atlas_black_grip_rubber_ARM_AO_Rough_Metal.jpg,.jpg,512,512,RGB,2048,1,-1|1|25,0,0,0,262144,0.250,0.333,107481,0.103,,,,,,,,,,,,,,,,,,,,,,,,,Channel-pack masks into one RGBA texture; avoid separate AO/spec maps.,STATIC_SOURCE
texture,Assets/_Project/Art/TEXTURES/Generated/GeminiMaterialIntake_20260607/MicroPanelAtlas/Tiles/gemini_20260607_atlas_black_grip_rubber/TX_GM_gemini_20260607_atlas_black_grip_rubber_BaseColor.jpg,.jpg,512,512,RGB,2048,1,-1|1|25,0,0,0,262144,0.250,0.333,99404,0.095,,,,,,,,,,,,,,,,,,,,,,,,,Verify Unity import compression; JPG disk compression does not reduce VRAM.,STATIC_SOURCE
texture,Assets/_Project/Art/TEXTURES/Generated/GeminiMaterialIntake_20260607/MicroPanelAtlas/Tiles/gemini_20260607_atlas_black_grip_rubber/TX_GM_gemini_20260607_atlas_black_grip_rubber_Height.jpg,.jpg,512,512,L,2048,1,-1|1|25,0,0,0,262144,0.250,0.333,115190,0.110,,,,,,,,,,,,,,,,,,,,,,,,,Verify Unity import compression; JPG disk compression does not reduce VRAM.,STATIC_SOURCE
texture,Assets/_Project/Art/TEXTURES/Generated/GeminiMaterialIntake_20260607/MicroPanelAtlas/Tiles/gemini_20260607_atlas_black_grip_rubber/TX_GM_gemini_20260607_atlas_black_grip_rubber_MaskMap_UnityURP.png,.png,512,512,RGBA,2048,1,-1|1|25,0,0,0,262144,0.250,0.333,247465,0.236,,,,,,,,,,,,,,,,,,,,,,,,,Channel-pack masks into one RGBA texture; avoid separate AO/spec maps.,STATIC_SOURCE
texture,Assets/_Project/Art/TEXTURES/Generated/GeminiMaterialIntake_20260607/MicroPanelAtlas/Tiles/gemini_20260607_atlas_black_grip_rubber/TX_GM_gemini_20260607_atlas_black_grip_rubber_NormalGL.jpg,.jpg,512,512,RGB,2048,1,-1|1|27,0,0,1,262144,0.250,0.333,229862,0.219,,,,,,,,,,,,,,,,,,,,,,,,,Use BC5 normal import; Low tier cap 1024 unless hero close-read asset.,STATIC_SOURCE
texture,Assets/_Project/Art/TEXTURES/Generated/GeminiMaterialIntake_20260607/MicroPanelAtlas/Tiles/gemini_20260607_atlas_blue_painted_metal/TX_GM_gemini_20260607_atlas_blue_painted_metal_ARM_AO_Rough_Metal.jpg,.jpg,512,512,RGB,2048,1,-1|1|25,0,0,0,262144,0.250,0.333,43714,0.042,,,,,,,,,,,,,,,,,,,,,,,,,Channel-pack masks into one RGBA texture; avoid separate AO/spec maps.,STATIC_SOURCE
texture,Assets/_Project/Art/TEXTURES/Generated/GeminiMaterialIntake_20260607/MicroPanelAtlas/Tiles/gemini_20260607_atlas_blue_painted_metal/TX_GM_gemini_20260607_atlas_blue_painted_metal_BaseColor.jpg,.jpg,512,512,RGB,2048,1,-1|1|25,0,0,0,262144,0.250,0.333,51737,0.049,,,,,,,,,,,,,,,,,,,,,,,,,Channel-pack masks into one RGBA texture; avoid separate AO/spec maps.,STATIC_SOURCE
texture,Assets/_Project/Art/TEXTURES/Generated/GeminiMaterialIntake_20260607/MicroPanelAtlas/Tiles/gemini_20260607_atlas_blue_painted_metal/TX_GM_gemini_20260607_atlas_blue_painted_metal_Height.jpg,.jpg,512,512,L,2048,1,-1|1|25,0,0,0,262144,0.250,0.333,77294,0.074,,,,,,,,,,,,,,,,,,,,,,,,,Channel-pack masks into one RGBA texture; avoid separate AO/spec maps.,STATIC_SOURCE
texture,Assets/_Project/Art/TEXTURES/Generated/GeminiMaterialIntake_20260607/MicroPanelAtlas/Tiles/gemini_20260607_atlas_blue_painted_metal/TX_GM_gemini_20260607_atlas_blue_painted_metal_MaskMap_UnityURP.png,.png,512,512,RGBA,2048,1,-1|1|25,0,0,0,262144,0.250,0.333,176474,0.168,,,,,,,,,,,,,,,,,,,,,,,,,Channel-pack masks into one RGBA texture; avoid separate AO/spec maps.,STATIC_SOURCE
texture,Assets/_Project/Art/TEXTURES/Generated/GeminiMaterialIntake_20260607/MicroPanelAtlas/Tiles/gemini_20260607_atlas_blue_painted_metal/TX_GM_gemini_20260607_atlas_blue_painted_metal_NormalGL.jpg,.jpg,512,512,RGB,2048,1,-1|1|27,0,0,1,262144,0.250,0.333,134837,0.129,,,,,,,,,,,,,,,,,,,,,,,,,Use BC5 normal import; Low tier cap 1024 unless hero close-read asset.,STATIC_SOURCE
texture,Assets/_Project/Art/TEXTURES/Generated/GeminiMaterialIntake_20260607/MicroPanelAtlas/Tiles/gemini_20260607_atlas_brushed_titanium/TX_GM_gemini_20260607_atlas_brushed_titanium_ARM_AO_Rough_Metal.jpg,.jpg,512,512,RGB,2048,1,-1|1|25,0,0,0,262144,0.250,0.333,38803,0.037,,,,,,,,,,,,,,,,,,,,,,,,,Channel-pack masks into one RGBA texture; avoid separate AO/spec maps.,STATIC_SOURCE
texture,Assets/_Project/Art/TEXTURES/Generated/GeminiMaterialIntake_20260607/MicroPanelAtlas/Tiles/gemini_20260607_atlas_brushed_titanium/TX_GM_gemini_20260607_atlas_brushed_titanium_BaseColor.jpg,.jpg,512,512,RGB,2048,1,-1|1|25,0,0,0,262144,0.250,0.333,51869,0.049,,,,,,,,,,,,,,,,,,,,,,,,,Verify Unity import compression; JPG disk compression does not reduce VRAM.,STATIC_SOURCE
texture,Assets/_Project/Art/TEXTURES/Generated/GeminiMaterialIntake_20260607/MicroPanelAtlas/Tiles/gemini_20260607_atlas_brushed_titanium/TX_GM_gemini_20260607_atlas_brushed_titanium_Height.jpg,.jpg,512,512,L,2048,1,-1|1|25,0,0,0,262144,0.250,0.333,57391,0.055,,,,,,,,,,,,,,,,,,,,,,,,,Verify Unity import compression; JPG disk compression does not reduce VRAM.,STATIC_SOURCE
texture,Assets/_Project/Art/TEXTURES/Generated/GeminiMaterialIntake_20260607/MicroPanelAtlas/Tiles/gemini_20260607_atlas_brushed_titanium/TX_GM_gemini_20260607_atlas_brushed_titanium_MaskMap_UnityURP.png,.png,512,512,RGBA,2048,1,-1|1|25,0,0,0,262144,0.250,0.333,145085,0.138,,,,,,,,,,,,,,,,,,,,,,,,,Channel-pack masks into one RGBA texture; avoid separate AO/spec maps.,STATIC_SOURCE
texture,Assets/_Project/Art/TEXTURES/Generated/GeminiMaterialIntake_20260607/MicroPanelAtlas/Tiles/gemini_20260607_atlas_brushed_titanium/TX_GM_gemini_20260607_atlas_brushed_titanium_NormalGL.jpg,.jpg,512,512,RGB,2048,1,-1|1|27,0,0,1,262144,0.250,0.333,66442,0.063,,,,,,,,,,,,,,,,,,,,,,,,,Use BC5 normal import; Low tier cap 1024 unless hero close-read asset.,STATIC_SOURCE
texture,Assets/_Project/Art/TEXTURES/Generated/GeminiMaterialIntake_20260607/MicroPanelAtlas/Tiles/gemini_20260607_atlas_clean_graphite_panel/TX_GM_gemini_20260607_atlas_clean_graphite_panel_ARM_AO_Rough_Metal.jpg,.jpg,512,512,RGB,2048,1,-1|1|25,0,0,0,262144,0.250,0.333,37285,0.036,,,,,,,,,,,,,,,,,,,,,,,,,Channel-pack masks into one RGBA texture; avoid separate AO/spec maps.,STATIC_SOURCE
texture,Assets/_Project/Art/TEXTURES/Generated/GeminiMaterialIntake_20260607/MicroPanelAtlas/Tiles/gemini_20260607_atlas_clean_graphite_panel/TX_GM_gemini_20260607_atlas_clean_graphite_panel_BaseColor.jpg,.jpg,512,512,RGB,2048,1,-1|1|25,0,0,0,262144,0.250,0.333,21535,0.021,,,,,,,,,,,,,,,,,,,,,,,,,Verify Unity import compression; JPG disk compression does not reduce VRAM.,STATIC_SOURCE
texture,Assets/_Project/Art/TEXTURES/Generated/GeminiMaterialIntake_20260607/MicroPanelAtlas/Tiles/gemini_20260607_atlas_clean_graphite_panel/TX_GM_gemini_20260607_atlas_clean_graphite_panel_Height.jpg,.jpg,512,512,L,2048,1,-1|1|25,0,0,0,262144,0.250,0.333,80814,0.077,,,,,,,,,,,,,,,,,,,,,,,,,Verify Unity import compression; JPG disk compression does not reduce VRAM.,STATIC_SOURCE
texture,Assets/_Project/Art/TEXTURES/Generated/GeminiMaterialIntake_20260607/MicroPanelAtlas/Tiles/gemini_20260607_atlas_clean_graphite_panel/TX_GM_gemini_20260607_atlas_clean_graphite_panel_MaskMap_UnityURP.png,.png,512,512,RGBA,2048,1,-1|1|25,0,0,0,262144,0.250,0.333,153862,0.147,,,,,,,,,,,,,,,,,,,,,,,,,Channel-pack masks into one RGBA texture; avoid separate AO/spec maps.,STATIC_SOURCE
texture,Assets/_Project/Art/TEXTURES/Generated/GeminiMaterialIntake_20260607/MicroPanelAtlas/Tiles/gemini_20260607_atlas_clean_graphite_panel/TX_GM_gemini_20260607_atlas_clean_graphite_panel_NormalGL.jpg,.jpg,512,512,RGB,2048,1,-1|1|27,0,0,1,262144,0.250,0.333,89369,0.085,,,,,,,,,,,,,,,,,,,,,,,,,Use BC5 normal import; Low tier cap 1024 unless hero close-read asset.,STATIC_SOURCE
texture,Assets/_Project/Art/TEXTURES/Generated/GeminiMaterialIntake_20260607/MicroPanelAtlas/Tiles/gemini_20260607_atlas_dark_anodized_metal/TX_GM_gemini_20260607_atlas_dark_anodized_metal_ARM_AO_Rough_Metal.jpg,.jpg,512,512,RGB,2048,1,-1|1|25,0,0,0,262144,0.250,0.333,37837,0.036,,,,,,,,,,,,,,,,,,,,,,,,,Channel-pack masks into one RGBA texture; avoid separate AO/spec maps.,STATIC_SOURCE
texture,Assets/_Project/Art/TEXTURES/Generated/GeminiMaterialIntake_20260607/MicroPanelAtlas/Tiles/gemini_20260607_atlas_dark_anodized_metal/TX_GM_gemini_20260607_atlas_dark_anodized_metal_BaseColor.jpg,.jpg,512,512,RGB,2048,1,-1|1|25,0,0,0,262144,0.250,0.333,22332,0.021,,,,,,,,,,,,,,,,,,,,,,,,,Channel-pack masks into one RGBA texture; avoid separate AO/spec maps.,STATIC_SOURCE
texture,Assets/_Project/Art/TEXTURES/Generated/GeminiMaterialIntake_20260607/MicroPanelAtlas/Tiles/gemini_20260607_atlas_dark_anodized_metal/TX_GM_gemini_20260607_atlas_dark_anodized_metal_Height.jpg,.jpg,512,512,L,2048,1,-1|1|25,0,0,0,262144,0.250,0.333,90649,0.086,,,,,,,,,,,,,,,,,,,,,,,,,Channel-pack masks into one RGBA texture; avoid separate AO/spec maps.,STATIC_SOURCE
texture,Assets/_Project/Art/TEXTURES/Generated/GeminiMaterialIntake_20260607/MicroPanelAtlas/Tiles/gemini_20260607_atlas_dark_anodized_metal/TX_GM_gemini_20260607_atlas_dark_anodized_metal_MaskMap_UnityURP.png,.png,512,512,RGBA,2048,1,-1|1|25,0,0,0,262144,0.250,0.333,157884,0.151,,,,,,,,,,,,,,,,,,,,,,,,,Channel-pack masks into one RGBA texture; avoid separate AO/spec maps.,STATIC_SOURCE
texture,Assets/_Project/Art/TEXTURES/Generated/GeminiMaterialIntake_20260607/MicroPanelAtlas/Tiles/gemini_20260607_atlas_dark_anodized_metal/TX_GM_gemini_20260607_atlas_dark_anodized_metal_NormalGL.jpg,.jpg,512,512,RGB,2048,1,-1|1|27,0,0,1,262144,0.250,0.333,128626,0.123,,,,,,,,,,,,,,,,,,,,,,,,,Use BC5 normal import; Low tier cap 1024 unless hero close-read asset.,STATIC_SOURCE
texture,Assets/_Project/Art/TEXTURES/Generated/GeminiMaterialIntake_20260607/MicroPanelAtlas/Tiles/gemini_20260607_atlas_fine_ribbed_trim/TX_GM_gemini_20260607_atlas_fine_ribbed_trim_ARM_AO_Rough_Metal.jpg,.jpg,512,512,RGB,2048,1,-1|1|25,0,0,0,262144,0.250,0.333,52609,0.050,,,,,,,,,,,,,,,,,,,,,,,,,Channel-pack masks into one RGBA texture; avoid separate AO/spec maps.,STATIC_SOURCE
texture,Assets/_Project/Art/TEXTURES/Generated/GeminiMaterialIntake_20260607/MicroPanelAtlas/Tiles/gemini_20260607_atlas_fine_ribbed_trim/TX_GM_gemini_20260607_atlas_fine_ribbed_trim_BaseColor.jpg,.jpg,512,512,RGB,2048,1,-1|1|25,0,0,0,262144,0.250,0.333,54004,0.052,,,,,,,,,,,,,,,,,,,,,,,,,Verify Unity import compression; JPG disk compression does not reduce VRAM.,STATIC_SOURCE
texture,Assets/_Project/Art/TEXTURES/Generated/GeminiMaterialIntake_20260607/MicroPanelAtlas/Tiles/gemini_20260607_atlas_fine_ribbed_trim/TX_GM_gemini_20260607_atlas_fine_ribbed_trim_Height.jpg,.jpg,512,512,L,2048,1,-1|1|25,0,0,0,262144,0.250,0.333,56181,0.054,,,,,,,,,,,,,,,,,,,,,,,,,Verify Unity import compression; JPG disk compression does not reduce VRAM.,STATIC_SOURCE
texture,Assets/_Project/Art/TEXTURES/Generated/GeminiMaterialIntake_20260607/MicroPanelAtlas/Tiles/gemini_20260607_atlas_fine_ribbed_trim/TX_GM_gemini_20260607_atlas_fine_ribbed_trim_MaskMap_UnityURP.png,.png,512,512,RGBA,2048,1,-1|1|25,0,0,0,262144,0.250,0.333,113174,0.108,,,,,,,,,,,,,,,,,,,,,,,,,Channel-pack masks into one RGBA texture; avoid separate AO/spec maps.,STATIC_SOURCE
texture,Assets/_Project/Art/TEXTURES/Generated/GeminiMaterialIntake_20260607/MicroPanelAtlas/Tiles/gemini_20260607_atlas_fine_ribbed_trim/TX_GM_gemini_20260607_atlas_fine_ribbed_trim_NormalGL.jpg,.jpg,512,512,RGB,2048,1,-1|1|27,0,0,1,262144,0.250,0.333,112706,0.107,,,,,,,,,,,,,,,,,,,,,,,,,Use BC5 normal import; Low tier cap 1024 unless hero close-read asset.,STATIC_SOURCE
texture,Assets/_Project/Art/TEXTURES/Generated/GeminiMaterialIntake_20260607/MicroPanelAtlas/Tiles/gemini_20260607_atlas_gray_polymer/TX_GM_gemini_20260607_atlas_gray_polymer_ARM_AO_Rough_Metal.jpg,.jpg,512,512,RGB,2048,1,-1|1|25,0,0,0,262144,0.250,0.333,95939,0.091,,,,,,,,,,,,,,,,,,,,,,,,,Channel-pack masks into one RGBA texture; avoid separate AO/spec maps.,STATIC_SOURCE
texture,Assets/_Project/Art/TEXTURES/Generated/GeminiMaterialIntake_20260607/MicroPanelAtlas/Tiles/gemini_20260607_atlas_gray_polymer/TX_GM_gemini_20260607_atlas_gray_polymer_BaseColor.jpg,.jpg,512,512,RGB,2048,1,-1|1|25,0,0,0,262144,0.250,0.333,41554,0.040,,,,,,,,,,,,,,,,,,,,,,,,,Verify Unity import compression; JPG disk compression does not reduce VRAM.,STATIC_SOURCE
texture,Assets/_Project/Art/TEXTURES/Generated/GeminiMaterialIntake_20260607/MicroPanelAtlas/Tiles/gemini_20260607_atlas_gray_polymer/TX_GM_gemini_20260607_atlas_gray_polymer_Height.jpg,.jpg,512,512,L,2048,1,-1|1|25,0,0,0,262144,0.250,0.333,131988,0.126,,,,,,,,,,,,,,,,,,,,,,,,,Verify Unity import compression; JPG disk compression does not reduce VRAM.,STATIC_SOURCE
texture,Assets/_Project/Art/TEXTURES/Generated/GeminiMaterialIntake_20260607/MicroPanelAtlas/Tiles/gemini_20260607_atlas_gray_polymer/TX_GM_gemini_20260607_atlas_gray_polymer_MaskMap_UnityURP.png,.png,512,512,RGBA,2048,1,-1|1|25,0,0,0,262144,0.250,0.333,161522,0.154,,,,,,,,,,,,,,,,,,,,,,,,,Channel-pack masks into one RGBA texture; avoid separate AO/spec maps.,STATIC_SOURCE
texture,Assets/_Project/Art/TEXTURES/Generated/GeminiMaterialIntake_20260607/MicroPanelAtlas/Tiles/gemini_20260607_atlas_gray_polymer/TX_GM_gemini_20260607_atlas_gray_polymer_NormalGL.jpg,.jpg,512,512,RGB,2048,1,-1|1|27,0,0,1,262144,0.250,0.333,221326,0.211,,,,,,,,,,,,,,,,,,,,,,,,,Use BC5 normal import; Low tier cap 1024 unless hero close-read asset.,STATIC_SOURCE
texture,Assets/_Project/Art/TEXTURES/Generated/GeminiMaterialIntake_20260607/MicroPanelAtlas/Tiles/gemini_20260607_atlas_matte_carbon_composite/TX_GM_gemini_20260607_atlas_matte_carbon_composite_ARM_AO_Rough_Metal.jpg,.jpg,512,512,RGB,2048,1,-1|1|25,0,0,0,262144,0.250,0.333,79395,0.076,,,,,,,,,,,,,,,,,,,,,,,,,Channel-pack masks into one RGBA texture; avoid separate AO/spec maps.,STATIC_SOURCE
texture,Assets/_Project/Art/TEXTURES/Generated/GeminiMaterialIntake_20260607/MicroPanelAtlas/Tiles/gemini_20260607_atlas_matte_carbon_composite/TX_GM_gemini_20260607_atlas_matte_carbon_composite_BaseColor.jpg,.jpg,512,512,RGB,2048,1,-1|1|25,0,0,0,262144,0.250,0.333,64644,0.062,,,,,,,,,,,,,,,,,,,,,,,,,Verify Unity import compression; JPG disk compression does not reduce VRAM.,STATIC_SOURCE
texture,Assets/_Project/Art/TEXTURES/Generated/GeminiMaterialIntake_20260607/MicroPanelAtlas/Tiles/gemini_20260607_atlas_matte_carbon_composite/TX_GM_gemini_20260607_atlas_matte_carbon_composite_Height.jpg,.jpg,512,512,L,2048,1,-1|1|25,0,0,0,262144,0.250,0.333,87640,0.084,,,,,,,,,,,,,,,,,,,,,,,,,Verify Unity import compression; JPG disk compression does not reduce VRAM.,STATIC_SOURCE
texture,Assets/_Project/Art/TEXTURES/Generated/GeminiMaterialIntake_20260607/MicroPanelAtlas/Tiles/gemini_20260607_atlas_matte_carbon_composite/TX_GM_gemini_20260607_atlas_matte_carbon_composite_MaskMap_UnityURP.png,.png,512,512,RGBA,2048,1,-1|1|25,0,0,0,262144,0.250,0.333,190404,0.182,,,,,,,,,,,,,,,,,,,,,,,,,Channel-pack masks into one RGBA texture; avoid separate AO/spec maps.,STATIC_SOURCE
texture,Assets/_Project/Art/TEXTURES/Generated/GeminiMaterialIntake_20260607/MicroPanelAtlas/Tiles/gemini_20260607_atlas_matte_carbon_composite/TX_GM_gemini_20260607_atlas_matte_carbon_composite_NormalGL.jpg,.jpg,512,512,RGB,2048,1,-1|1|27,0,0,1,262144,0.250,0.333,133540,0.127,,,,,,,,,,,,,,,,,,,,,,,,,Use BC5 normal import; Low tier cap 1024 unless hero close-read asset.,STATIC_SOURCE
texture,Assets/_Project/Art/TEXTURES/Generated/GeminiMaterialIntake_20260607/MicroPanelAtlas/Tiles/gemini_20260607_atlas_orange_safety_composite/TX_GM_gemini_20260607_atlas_orange_safety_composite_ARM_AO_Rough_Metal.jpg,.jpg,512,512,RGB,2048,1,-1|1|25,0,0,0,262144,0.250,0.333,87225,0.083,,,,,,,,,,,,,,,,,,,,,,,,,Channel-pack masks into one RGBA texture; avoid separate AO/spec maps.,STATIC_SOURCE
texture,Assets/_Project/Art/TEXTURES/Generated/GeminiMaterialIntake_20260607/MicroPanelAtlas/Tiles/gemini_20260607_atlas_orange_safety_composite/TX_GM_gemini_20260607_atlas_orange_safety_composite_BaseColor.jpg,.jpg,512,512,RGB,2048,1,-1|1|25,0,0,0,262144,0.250,0.333,95749,0.091,,,,,,,,,,,,,,,,,,,,,,,,,Verify Unity import compression; JPG disk compression does not reduce VRAM.,STATIC_SOURCE
texture,Assets/_Project/Art/TEXTURES/Generated/GeminiMaterialIntake_20260607/MicroPanelAtlas/Tiles/gemini_20260607_atlas_orange_safety_composite/TX_GM_gemini_20260607_atlas_orange_safety_composite_Height.jpg,.jpg,512,512,L,2048,1,-1|1|25,0,0,0,262144,0.250,0.333,100416,0.096,,,,,,,,,,,,,,,,,,,,,,,,,Verify Unity import compression; JPG disk compression does not reduce VRAM.,STATIC_SOURCE
texture,Assets/_Project/Art/TEXTURES/Generated/GeminiMaterialIntake_20260607/MicroPanelAtlas/Tiles/gemini_20260607_atlas_orange_safety_composite/TX_GM_gemini_20260607_atlas_orange_safety_composite_MaskMap_UnityURP.png,.png,512,512,RGBA,2048,1,-1|1|25,0,0,0,262144,0.250,0.333,221305,0.211,,,,,,,,,,,,,,,,,,,,,,,,,Channel-pack masks into one RGBA texture; avoid separate AO/spec maps.,STATIC_SOURCE
texture,Assets/_Project/Art/TEXTURES/Generated/GeminiMaterialIntake_20260607/MicroPanelAtlas/Tiles/gemini_20260607_atlas_orange_safety_composite/TX_GM_gemini_20260607_atlas_orange_safety_composite_NormalGL.jpg,.jpg,512,512,RGB,2048,1,-1|1|27,0,0,1,262144,0.250,0.333,151154,0.144,,,,,,,,,,,,,,,,,,,,,,,,,Use BC5 normal import; Low tier cap 1024 unless hero close-read asset.,STATIC_SOURCE
texture,Assets/_Project/Art/TEXTURES/Generated/GeminiMaterialIntake_20260607/MicroPanelAtlas/Tiles/gemini_20260607_atlas_repaired_salvage_metal/TX_GM_gemini_20260607_atlas_repaired_salvage_metal_ARM_AO_Rough_Metal.jpg,.jpg,512,512,RGB,2048,1,-1|1|25,0,0,0,262144,0.250,0.333,54432,0.052,,,,,,,,,,,,,,,,,,,,,,,,,Channel-pack masks into one RGBA texture; avoid separate AO/spec maps.,STATIC_SOURCE
texture,Assets/_Project/Art/TEXTURES/Generated/GeminiMaterialIntake_20260607/MicroPanelAtlas/Tiles/gemini_20260607_atlas_repaired_salvage_metal/TX_GM_gemini_20260607_atlas_repaired_salvage_metal_BaseColor.jpg,.jpg,512,512,RGB,2048,1,-1|1|25,0,0,0,262144,0.250,0.333,88148,0.084,,,,,,,,,,,,,,,,,,,,,,,,,Channel-pack masks into one RGBA texture; avoid separate AO/spec maps.,STATIC_SOURCE
texture,Assets/_Project/Art/TEXTURES/Generated/GeminiMaterialIntake_20260607/MicroPanelAtlas/Tiles/gemini_20260607_atlas_repaired_salvage_metal/TX_GM_gemini_20260607_atlas_repaired_salvage_metal_Height.jpg,.jpg,512,512,L,2048,1,-1|1|25,0,0,0,262144,0.250,0.333,69550,0.066,,,,,,,,,,,,,,,,,,,,,,,,,Channel-pack masks into one RGBA texture; avoid separate AO/spec maps.,STATIC_SOURCE
texture,Assets/_Project/Art/TEXTURES/Generated/GeminiMaterialIntake_20260607/MicroPanelAtlas/Tiles/gemini_20260607_atlas_repaired_salvage_metal/TX_GM_gemini_20260607_atlas_repaired_salvage_metal_MaskMap_UnityURP.png,.png,512,512,RGBA,2048,1,-1|1|25,0,0,0,262144,0.250,0.333,170968,0.163,,,,,,,,,,,,,,,,,,,,,,,,,Channel-pack masks into one RGBA texture; avoid separate AO/spec maps.,STATIC_SOURCE
texture,Assets/_Project/Art/TEXTURES/Generated/GeminiMaterialIntake_20260607/MicroPanelAtlas/Tiles/gemini_20260607_atlas_repaired_salvage_metal/TX_GM_gemini_20260607_atlas_repaired_salvage_metal_NormalGL.jpg,.jpg,512,512,RGB,2048,1,-1|1|27,0,0,1,262144,0.250,0.333,122495,0.117,,,,,,,,,,,,,,,,,,,,,,,,,Use BC5 normal import; Low tier cap 1024 unless hero close-read asset.,STATIC_SOURCE
texture,Assets/_Project/Art/TEXTURES/Generated/GeminiMaterialIntake_20260607/MicroPanelAtlas/Tiles/gemini_20260607_atlas_salt_scuffed_metal/TX_GM_gemini_20260607_atlas_salt_scuffed_metal_ARM_AO_Rough_Metal.jpg,.jpg,512,512,RGB,2048,1,-1|1|25,0,0,0,262144,0.250,0.333,71664,0.068,,,,,,,,,,,,,,,,,,,,,,,,,Channel-pack masks into one RGBA texture; avoid separate AO/spec maps.,STATIC_SOURCE
texture,Assets/_Project/Art/TEXTURES/Generated/GeminiMaterialIntake_20260607/MicroPanelAtlas/Tiles/gemini_20260607_atlas_salt_scuffed_metal/TX_GM_gemini_20260607_atlas_salt_scuffed_metal_BaseColor.jpg,.jpg,512,512,RGB,2048,1,-1|1|25,0,0,0,262144,0.250,0.333,111041,0.106,,,,,,,,,,,,,,,,,,,,,,,,,Channel-pack masks into one RGBA texture; avoid separate AO/spec maps.,STATIC_SOURCE
texture,Assets/_Project/Art/TEXTURES/Generated/GeminiMaterialIntake_20260607/MicroPanelAtlas/Tiles/gemini_20260607_atlas_salt_scuffed_metal/TX_GM_gemini_20260607_atlas_salt_scuffed_metal_Height.jpg,.jpg,512,512,L,2048,1,-1|1|25,0,0,0,262144,0.250,0.333,93648,0.089,,,,,,,,,,,,,,,,,,,,,,,,,Channel-pack masks into one RGBA texture; avoid separate AO/spec maps.,STATIC_SOURCE
texture,Assets/_Project/Art/TEXTURES/Generated/GeminiMaterialIntake_20260607/MicroPanelAtlas/Tiles/gemini_20260607_atlas_salt_scuffed_metal/TX_GM_gemini_20260607_atlas_salt_scuffed_metal_MaskMap_UnityURP.png,.png,512,512,RGBA,2048,1,-1|1|25,0,0,0,262144,0.250,0.333,213798,0.204,,,,,,,,,,,,,,,,,,,,,,,,,Channel-pack masks into one RGBA texture; avoid separate AO/spec maps.,STATIC_SOURCE
texture,Assets/_Project/Art/TEXTURES/Generated/GeminiMaterialIntake_20260607/MicroPanelAtlas/Tiles/gemini_20260607_atlas_salt_scuffed_metal/TX_GM_gemini_20260607_atlas_salt_scuffed_metal_NormalGL.jpg,.jpg,512,512,RGB,2048,1,-1|1|27,0,0,1,262144,0.250,0.333,173975,0.166,,,,,,,,,,,,,,,,,,,,,,,,,Use BC5 normal import; Low tier cap 1024 unless hero close-read asset.,STATIC_SOURCE
texture,Assets/_Project/Art/TEXTURES/Generated/GeminiMaterialIntake_20260607/MicroPanelAtlas/Tiles/gemini_20260607_atlas_smoky_acrylic_glass/TX_GM_gemini_20260607_atlas_smoky_acrylic_glass_ARM_AO_Rough_Metal.jpg,.jpg,512,512,RGB,2048,1,-1|1|25,0,0,0,262144,0.250,0.333,26753,0.026,,,,,,,,,,,,,,,,,,,,,,,,,Channel-pack masks into one RGBA texture; avoid separate AO/spec maps.,STATIC_SOURCE
texture,Assets/_Project/Art/TEXTURES/Generated/GeminiMaterialIntake_20260607/MicroPanelAtlas/Tiles/gemini_20260607_atlas_smoky_acrylic_glass/TX_GM_gemini_20260607_atlas_smoky_acrylic_glass_BaseColor.jpg,.jpg,512,512,RGB,2048,1,-1|1|25,0,0,0,262144,0.250,0.333,20314,0.019,,,,,,,,,,,,,,,,,,,,,,,,,Verify Unity import compression; JPG disk compression does not reduce VRAM.,STATIC_SOURCE
texture,Assets/_Project/Art/TEXTURES/Generated/GeminiMaterialIntake_20260607/MicroPanelAtlas/Tiles/gemini_20260607_atlas_smoky_acrylic_glass/TX_GM_gemini_20260607_atlas_smoky_acrylic_glass_Height.jpg,.jpg,512,512,L,2048,1,-1|1|25,0,0,0,262144,0.250,0.333,64598,0.062,,,,,,,,,,,,,,,,,,,,,,,,,Verify Unity import compression; JPG disk compression does not reduce VRAM.,STATIC_SOURCE
texture,Assets/_Project/Art/TEXTURES/Generated/GeminiMaterialIntake_20260607/MicroPanelAtlas/Tiles/gemini_20260607_atlas_smoky_acrylic_glass/TX_GM_gemini_20260607_atlas_smoky_acrylic_glass_MaskMap_UnityURP.png,.png,512,512,RGBA,2048,1,-1|1|25,0,0,0,262144,0.250,0.333,149151,0.142,,,,,,,,,,,,,,,,,,,,,,,,,Channel-pack masks into one RGBA texture; avoid separate AO/spec maps.,STATIC_SOURCE
texture,Assets/_Project/Art/TEXTURES/Generated/GeminiMaterialIntake_20260607/MicroPanelAtlas/Tiles/gemini_20260607_atlas_smoky_acrylic_glass/TX_GM_gemini_20260607_atlas_smoky_acrylic_glass_NormalGL.jpg,.jpg,512,512,RGB,2048,1,-1|1|27,0,0,1,262144,0.250,0.333,41734,0.040,,,,,,,,,,,,,,,,,,,,,,,,,Use BC5 normal import; Low tier cap 1024 unless hero close-read asset.,STATIC_SOURCE
texture,Assets/_Project/Art/TEXTURES/Generated/GeminiMaterialIntake_20260607/MicroPanelAtlas/Tiles/gemini_20260607_atlas_white_ceramic_casing/TX_GM_gemini_20260607_atlas_white_ceramic_casing_ARM_AO_Rough_Metal.jpg,.jpg,512,512,RGB,2048,1,-1|1|25,0,0,0,262144,0.250,0.333,15179,0.014,,,,,,,,,,,,,,,,,,,,,,,,,Channel-pack masks into one RGBA texture; avoid separate AO/spec maps.,STATIC_SOURCE
texture,Assets/_Project/Art/TEXTURES/Generated/GeminiMaterialIntake_20260607/MicroPanelAtlas/Tiles/gemini_20260607_atlas_white_ceramic_casing/TX_GM_gemini_20260607_atlas_white_ceramic_casing_BaseColor.jpg,.jpg,512,512,RGB,2048,1,-1|1|25,0,0,0,262144,0.250,0.333,13998,0.013,,,,,,,,,,,,,,,,,,,,,,,,,Verify Unity import compression; JPG disk compression does not reduce VRAM.,STATIC_SOURCE
texture,Assets/_Project/Art/TEXTURES/Generated/GeminiMaterialIntake_20260607/MicroPanelAtlas/Tiles/gemini_20260607_atlas_white_ceramic_casing/TX_GM_gemini_20260607_atlas_white_ceramic_casing_Height.jpg,.jpg,512,512,L,2048,1,-1|1|25,0,0,0,262144,0.250,0.333,44752,0.043,,,,,,,,,,,,,,,,,,,,,,,,,Verify Unity import compression; JPG disk compression does not reduce VRAM.,STATIC_SOURCE
texture,Assets/_Project/Art/TEXTURES/Generated/GeminiMaterialIntake_20260607/MicroPanelAtlas/Tiles/gemini_20260607_atlas_white_ceramic_casing/TX_GM_gemini_20260607_atlas_white_ceramic_casing_MaskMap_UnityURP.png,.png,512,512,RGBA,2048,1,-1|1|25,0,0,0,262144,0.250,0.333,141869,0.135,,,,,,,,,,,,,,,,,,,,,,,,,Channel-pack masks into one RGBA texture; avoid separate AO/spec maps.,STATIC_SOURCE
texture,Assets/_Project/Art/TEXTURES/Generated/GeminiMaterialIntake_20260607/MicroPanelAtlas/Tiles/gemini_20260607_atlas_white_ceramic_casing/TX_GM_gemini_20260607_atlas_white_ceramic_casing_NormalGL.jpg,.jpg,512,512,RGB,2048,1,-1|1|27,0,0,1,262144,0.250,0.333,34207,0.033,,,,,,,,,,,,,,,,,,,,,,,,,Use BC5 normal import; Low tier cap 1024 unless hero close-read asset.,STATIC_SOURCE
texture,Assets/_Project/Art/TEXTURES/Generated/GeminiMaterialIntake_20260607/MicroPanelAtlas/Tiles/gemini_20260607_atlas_worn_steel_inset/TX_GM_gemini_20260607_atlas_worn_steel_inset_ARM_AO_Rough_Metal.jpg,.jpg,512,512,RGB,2048,1,-1|1|25,0,0,0,262144,0.250,0.333,51197,0.049,,,,,,,,,,,,,,,,,,,,,,,,,Channel-pack masks into one RGBA texture; avoid separate AO/spec maps.,STATIC_SOURCE
texture,Assets/_Project/Art/TEXTURES/Generated/GeminiMaterialIntake_20260607/MicroPanelAtlas/Tiles/gemini_20260607_atlas_worn_steel_inset/TX_GM_gemini_20260607_atlas_worn_steel_inset_BaseColor.jpg,.jpg,512,512,RGB,2048,1,-1|1|25,0,0,0,262144,0.250,0.333,75817,0.072,,,,,,,,,,,,,,,,,,,,,,,,,Verify Unity import compression; JPG disk compression does not reduce VRAM.,STATIC_SOURCE
texture,Assets/_Project/Art/TEXTURES/Generated/GeminiMaterialIntake_20260607/MicroPanelAtlas/Tiles/gemini_20260607_atlas_worn_steel_inset/TX_GM_gemini_20260607_atlas_worn_steel_inset_Height.jpg,.jpg,512,512,L,2048,1,-1|1|25,0,0,0,262144,0.250,0.333,74131,0.071,,,,,,,,,,,,,,,,,,,,,,,,,Verify Unity import compression; JPG disk compression does not reduce VRAM.,STATIC_SOURCE
texture,Assets/_Project/Art/TEXTURES/Generated/GeminiMaterialIntake_20260607/MicroPanelAtlas/Tiles/gemini_20260607_atlas_worn_steel_inset/TX_GM_gemini_20260607_atlas_worn_steel_inset_MaskMap_UnityURP.png,.png,512,512,RGBA,2048,1,-1|1|25,0,0,0,262144,0.250,0.333,176722,0.169,,,,,,,,,,,,,,,,,,,,,,,,,Channel-pack masks into one RGBA texture; avoid separate AO/spec maps.,STATIC_SOURCE
texture,Assets/_Project/Art/TEXTURES/Generated/GeminiMaterialIntake_20260607/MicroPanelAtlas/Tiles/gemini_20260607_atlas_worn_steel_inset/TX_GM_gemini_20260607_atlas_worn_steel_inset_NormalGL.jpg,.jpg,512,512,RGB,2048,1,-1|1|27,0,0,1,262144,0.250,0.333,132771,0.127,,,,,,,,,,,,,,,,,,,,,,,,,Use BC5 normal import; Low tier cap 1024 unless hero close-read asset.,STATIC_SOURCE
texture,Assets/_Project/Art/TEXTURES/Generated/GeminiMaterialIntake_20260607/PREVIEW_GeminiSingleMaterials_20260607.png,.png,948,444,RGB,2048,1,-1|1|25,0,0,0,420912,0.401,0.535,416115,0.397,,,,,,,,,,,,,,,,,,,,,,,,,Keep compressed; atlas if grouped with small sibling textures.,STATIC_SOURCE
texture,Assets/_Project/Art/TEXTURES/Generated/GeminiMaterialIntake_20260607/PREVIEW_GeminiSingles_LitMaterialSheet.png,.png,688,808,RGB,2048,1,-1|1|25,0,0,0,555904,0.530,0.707,840764,0.802,,,,,,,,,,,,,,,,,,,,,,,,,Keep compressed; atlas if grouped with small sibling textures.,STATIC_SOURCE
texture,Assets/_Project/Art/TEXTURES/Generated/GeminiMaterialIntake_20260607/Rejected/TX_GM_orange_safety_composite_panel_Rejected_Cleaned_2k.jpg,.jpg,2048,2048,RGB,2048,1,-1|1|25,0,0,0,4194304,4.000,5.333,854735,0.815,,,,,,,,,,,,,,,,,,,,,,,STREAMING_MIPMAPS_OFF_LARGE,,Low tier should halve source/import max; keep high mips only with hero or streaming proof.,STATIC_SOURCE
texture,Assets/_Project/Art/TEXTURES/Generated/GeminiMaterialIntake_20260607/Singles/gemini_20260607_black_waterproof_grip_rubber/TX_GM_gemini_20260607_black_waterproof_grip_rubber_ARM_AO_Rough_Metal.jpg,.jpg,1024,1024,RGB,2048,1|2,-1|1|25|50,0,0,0,1048576,1.000,1.333,421310,0.402,,,,,,,,,,,,,,,,,,,,,,,,,Channel-pack masks into one RGBA texture; avoid separate AO/spec maps.,STATIC_SOURCE
texture,Assets/_Project/Art/TEXTURES/Generated/GeminiMaterialIntake_20260607/Singles/gemini_20260607_black_waterproof_grip_rubber/TX_GM_gemini_20260607_black_waterproof_grip_rubber_BaseColor.jpg,.jpg,1024,1024,RGB,2048,1|2,-1|1|25|50,0,0,0,1048576,1.000,1.333,248366,0.237,,,,,,,,,,,,,,,,,,,,,,,,,Verify Unity import compression; JPG disk compression does not reduce VRAM.,STATIC_SOURCE
texture,Assets/_Project/Art/TEXTURES/Generated/GeminiMaterialIntake_20260607/Singles/gemini_20260607_black_waterproof_grip_rubber/TX_GM_gemini_20260607_black_waterproof_grip_rubber_Height.jpg,.jpg,1024,1024,L,2048,1|2,-1|1|25|50,0,0,0,1048576,1.000,1.333,492480,0.470,,,,,,,,,,,,,,,,,,,,,,,,,Verify Unity import compression; JPG disk compression does not reduce VRAM.,STATIC_SOURCE
texture,Assets/_Project/Art/TEXTURES/Generated/GeminiMaterialIntake_20260607/Singles/gemini_20260607_black_waterproof_grip_rubber/TX_GM_gemini_20260607_black_waterproof_grip_rubber_MaskMap_UnityURP.png,.png,1024,1024,RGBA,2048,1|2,-1|1|25|50,0,0,0,1048576,1.000,1.333,853092,0.814,,,,,,,,,,,,,,,,,,,,,,,,,Channel-pack masks into one RGBA texture; avoid separate AO/spec maps.,STATIC_SOURCE
texture,Assets/_Project/Art/TEXTURES/Generated/GeminiMaterialIntake_20260607/Singles/gemini_20260607_black_waterproof_grip_rubber/TX_GM_gemini_20260607_black_waterproof_grip_rubber_NormalGL.jpg,.jpg,1024,1024,RGB,2048,1|2,-1|1|27|50,0,0,1,1048576,1.000,1.333,957287,0.913,,,,,,,,,,,,,,,,,,,,,,,,,Use BC5 normal import; Low tier cap 1024 unless hero close-read asset.,STATIC_SOURCE
texture,Assets/_Project/Art/TEXTURES/Generated/GeminiMaterialIntake_20260607/Singles/gemini_20260607_clean_nasa_punk_tool_housing_metal/TX_GM_gemini_20260607_clean_nasa_punk_tool_housing_metal_ARM_AO_Rough_Metal.jpg,.jpg,1024,1024,RGB,2048,1|2,-1|1|25|50,0,0,0,1048576,1.000,1.333,257927,0.246,,,,,,,,,,,,,,,,,,,,,,,,,Channel-pack masks into one RGBA texture; avoid separate AO/spec maps.,STATIC_SOURCE
texture,Assets/_Project/Art/TEXTURES/Generated/GeminiMaterialIntake_20260607/Singles/gemini_20260607_clean_nasa_punk_tool_housing_metal/TX_GM_gemini_20260607_clean_nasa_punk_tool_housing_metal_BaseColor.jpg,.jpg,1024,1024,RGB,2048,1|2,-1|1|25|50,0,0,0,1048576,1.000,1.333,175694,0.168,,,,,,,,,,,,,,,,,,,,,,,,,Channel-pack masks into one RGBA texture; avoid separate AO/spec maps.,STATIC_SOURCE
texture,Assets/_Project/Art/TEXTURES/Generated/GeminiMaterialIntake_20260607/Singles/gemini_20260607_clean_nasa_punk_tool_housing_metal/TX_GM_gemini_20260607_clean_nasa_punk_tool_housing_metal_Height.jpg,.jpg,1024,1024,L,2048,1|2,-1|1|25|50,0,0,0,1048576,1.000,1.333,395774,0.377,,,,,,,,,,,,,,,,,,,,,,,,,Channel-pack masks into one RGBA texture; avoid separate AO/spec maps.,STATIC_SOURCE
texture,Assets/_Project/Art/TEXTURES/Generated/GeminiMaterialIntake_20260607/Singles/gemini_20260607_clean_nasa_punk_tool_housing_metal/TX_GM_gemini_20260607_clean_nasa_punk_tool_housing_metal_MaskMap_UnityURP.png,.png,1024,1024,RGBA,2048,1|2,-1|1|25|50,0,0,0,1048576,1.000,1.333,646312,0.616,,,,,,,,,,,,,,,,,,,,,,,,,Channel-pack masks into one RGBA texture; avoid separate AO/spec maps.,STATIC_SOURCE
texture,Assets/_Project/Art/TEXTURES/Generated/GeminiMaterialIntake_20260607/Singles/gemini_20260607_clean_nasa_punk_tool_housing_metal/TX_GM_gemini_20260607_clean_nasa_punk_tool_housing_metal_NormalGL.jpg,.jpg,1024,1024,RGB,2048,1|2,-1|1|27|50,0,0,1,1048576,1.000,1.333,731811,0.698,,,,,,,,,,,,,,,,,,,,,,,,,Use BC5 normal import; Low tier cap 1024 unless hero close-read asset.,STATIC_SOURCE
texture,Assets/_Project/Art/TEXTURES/Generated/GeminiMaterialIntake_20260607/Singles/gemini_20260607_dark_anodized_tool_metal/TX_GM_gemini_20260607_dark_anodized_tool_metal_ARM_AO_Rough_Metal.jpg,.jpg,1024,1024,RGB,2048,1|2,-1|1|25|50,0,0,0,1048576,1.000,1.333,316347,0.302,,,,,,,,,,,,,,,,,,,,,,,,,Channel-pack masks into one RGBA texture; avoid separate AO/spec maps.,STATIC_SOURCE
texture,Assets/_Project/Art/TEXTURES/Generated/GeminiMaterialIntake_20260607/Singles/gemini_20260607_dark_anodized_tool_metal/TX_GM_gemini_20260607_dark_anodized_tool_metal_BaseColor.jpg,.jpg,1024,1024,RGB,2048,1|2,-1|1|25|50,0,0,0,1048576,1.000,1.333,92935,0.089,,,,,,,,,,,,,,,,,,,,,,,,,Channel-pack masks into one RGBA texture; avoid separate AO/spec maps.,STATIC_SOURCE
texture,Assets/_Project/Art/TEXTURES/Generated/GeminiMaterialIntake_20260607/Singles/gemini_20260607_dark_anodized_tool_metal/TX_GM_gemini_20260607_dark_anodized_tool_metal_Height.jpg,.jpg,1024,1024,L,2048,1|2,-1|1|25|50,0,0,0,1048576,1.000,1.333,472497,0.451,,,,,,,,,,,,,,,,,,,,,,,,,Channel-pack masks into one RGBA texture; avoid separate AO/spec maps.,STATIC_SOURCE
texture,Assets/_Project/Art/TEXTURES/Generated/GeminiMaterialIntake_20260607/Singles/gemini_20260607_dark_anodized_tool_metal/TX_GM_gemini_20260607_dark_anodized_tool_metal_MaskMap_UnityURP.png,.png,1024,1024,RGBA,2048,1|2,-1|1|25|50,0,0,0,1048576,1.000,1.333,485336,0.463,,,,,,,,,,,,,,,,,,,,,,,,,Channel-pack masks into one RGBA texture; avoid separate AO/spec maps.,STATIC_SOURCE
texture,Assets/_Project/Art/TEXTURES/Generated/GeminiMaterialIntake_20260607/Singles/gemini_20260607_dark_anodized_tool_metal/TX_GM_gemini_20260607_dark_anodized_tool_metal_NormalGL.jpg,.jpg,1024,1024,RGB,2048,1|2,-1|1|27|50,0,0,1,1048576,1.000,1.333,730669,0.697,,,,,,,,,,,,,,,,,,,,,,,,,Use BC5 normal import; Low tier cap 1024 unless hero close-read asset.,STATIC_SOURCE
texture,Assets/_Project/Art/TEXTURES/Generated/GeminiMaterialIntake_20260607/Singles/gemini_20260607_fine_ribbed_metal_trim/TX_GM_gemini_20260607_fine_ribbed_metal_trim_ARM_AO_Rough_Metal.jpg,.jpg,1024,1024,RGB,2048,1|2,-1|1|25|50,0,0,0,1048576,1.000,1.333,184975,0.176,,,,,,,,,,,,,,,,,,,,,,,,,Channel-pack masks into one RGBA texture; avoid separate AO/spec maps.,STATIC_SOURCE
texture,Assets/_Project/Art/TEXTURES/Generated/GeminiMaterialIntake_20260607/Singles/gemini_20260607_fine_ribbed_metal_trim/TX_GM_gemini_20260607_fine_ribbed_metal_trim_BaseColor.jpg,.jpg,1024,1024,RGB,2048,1|2,-1|1|25|50,0,0,0,1048576,1.000,1.333,183133,0.175,,,,,,,,,,,,,,,,,,,,,,,,,Channel-pack masks into one RGBA texture; avoid separate AO/spec maps.,STATIC_SOURCE
texture,Assets/_Project/Art/TEXTURES/Generated/GeminiMaterialIntake_20260607/Singles/gemini_20260607_fine_ribbed_metal_trim/TX_GM_gemini_20260607_fine_ribbed_metal_trim_Height.jpg,.jpg,1024,1024,L,2048,1|2,-1|1|25|50,0,0,0,1048576,1.000,1.333,247856,0.236,,,,,,,,,,,,,,,,,,,,,,,,,Channel-pack masks into one RGBA texture; avoid separate AO/spec maps.,STATIC_SOURCE
texture,Assets/_Project/Art/TEXTURES/Generated/GeminiMaterialIntake_20260607/Singles/gemini_20260607_fine_ribbed_metal_trim/TX_GM_gemini_20260607_fine_ribbed_metal_trim_MaskMap_UnityURP.png,.png,1024,1024,RGBA,2048,1|2,-1|1|25|50,0,0,0,1048576,1.000,1.333,609118,0.581,,,,,,,,,,,,,,,,,,,,,,,,,Channel-pack masks into one RGBA texture; avoid separate AO/spec maps.,STATIC_SOURCE
texture,Assets/_Project/Art/TEXTURES/Generated/GeminiMaterialIntake_20260607/Singles/gemini_20260607_fine_ribbed_metal_trim/TX_GM_gemini_20260607_fine_ribbed_metal_trim_NormalGL.jpg,.jpg,1024,1024,RGB,2048,1|2,-1|1|27|50,0,0,1,1048576,1.000,1.333,469193,0.447,,,,,,,,,,,,,,,,,,,,,,,,,Use BC5 normal import; Low tier cap 1024 unless hero close-read asset.,STATIC_SOURCE
texture,Assets/_Project/Art/TEXTURES/Generated/GeminiMaterialIntake_20260607/Singles/gemini_20260607_orange_safety_composite_panel/TX_GM_gemini_20260607_orange_safety_composite_panel_ARM_AO_Rough_Metal.jpg,.jpg,1024,1024,RGB,2048,1|2,-1|1|25|50,0,0,0,1048576,1.000,1.333,283051,0.270,,,,,,,,,,,,,,,,,,,,,,,,,Channel-pack masks into one RGBA texture; avoid separate AO/spec maps.,STATIC_SOURCE
texture,Assets/_Project/Art/TEXTURES/Generated/GeminiMaterialIntake_20260607/Singles/gemini_20260607_orange_safety_composite_panel/TX_GM_gemini_20260607_orange_safety_composite_panel_BaseColor.jpg,.jpg,1024,1024,RGB,2048,1|2,-1|1|25|50,0,0,0,1048576,1.000,1.333,177298,0.169,,,,,,,,,,,,,,,,,,,,,,,,,Verify Unity import compression; JPG disk compression does not reduce VRAM.,STATIC_SOURCE
texture,Assets/_Project/Art/TEXTURES/Generated/GeminiMaterialIntake_20260607/Singles/gemini_20260607_orange_safety_composite_panel/TX_GM_gemini_20260607_orange_safety_composite_panel_Height.jpg,.jpg,1024,1024,L,2048,1|2,-1|1|25|50,0,0,0,1048576,1.000,1.333,426905,0.407,,,,,,,,,,,,,,,,,,,,,,,,,Verify Unity import compression; JPG disk compression does not reduce VRAM.,STATIC_SOURCE
texture,Assets/_Project/Art/TEXTURES/Generated/GeminiMaterialIntake_20260607/Singles/gemini_20260607_orange_safety_composite_panel/TX_GM_gemini_20260607_orange_safety_composite_panel_MaskMap_UnityURP.png,.png,1024,1024,RGBA,2048,1|2,-1|1|25|50,0,0,0,1048576,1.000,1.333,632124,0.603,,,,,,,,,,,,,,,,,,,,,,,,,Channel-pack masks into one RGBA texture; avoid separate AO/spec maps.,STATIC_SOURCE
texture,Assets/_Project/Art/TEXTURES/Generated/GeminiMaterialIntake_20260607/Singles/gemini_20260607_orange_safety_composite_panel/TX_GM_gemini_20260607_orange_safety_composite_panel_NormalGL.jpg,.jpg,1024,1024,RGB,2048,1|2,-1|1|27|50,0,0,1,1048576,1.000,1.333,632247,0.603,,,,,,,,,,,,,,,,,,,,,,,,,Use BC5 normal import; Low tier cap 1024 unless hero close-read asset.,STATIC_SOURCE
texture,Assets/_Project/Art/TEXTURES/Generated/GeminiMaterialIntake_20260607/Singles/gemini_20260607_salvage_worn_repair_metal/TX_GM_gemini_20260607_salvage_worn_repair_metal_ARM_AO_Rough_Metal.jpg,.jpg,1024,1024,RGB,2048,1|2,-1|1|25|50,0,0,0,1048576,1.000,1.333,237920,0.227,,,,,,,,,,,,,,,,,,,,,,,,,Channel-pack masks into one RGBA texture; avoid separate AO/spec maps.,STATIC_SOURCE
texture,Assets/_Project/Art/TEXTURES/Generated/GeminiMaterialIntake_20260607/Singles/gemini_20260607_salvage_worn_repair_metal/TX_GM_gemini_20260607_salvage_worn_repair_metal_BaseColor.jpg,.jpg,1024,1024,RGB,2048,1|2,-1|1|25|50,0,0,0,1048576,1.000,1.333,412779,0.394,,,,,,,,,,,,,,,,,,,,,,,,,Channel-pack masks into one RGBA texture; avoid separate AO/spec maps.,STATIC_SOURCE
texture,Assets/_Project/Art/TEXTURES/Generated/GeminiMaterialIntake_20260607/Singles/gemini_20260607_salvage_worn_repair_metal/TX_GM_gemini_20260607_salvage_worn_repair_metal_Height.jpg,.jpg,1024,1024,L,2048,1|2,-1|1|25|50,0,0,0,1048576,1.000,1.333,291710,0.278,,,,,,,,,,,,,,,,,,,,,,,,,Channel-pack masks into one RGBA texture; avoid separate AO/spec maps.,STATIC_SOURCE
texture,Assets/_Project/Art/TEXTURES/Generated/GeminiMaterialIntake_20260607/Singles/gemini_20260607_salvage_worn_repair_metal/TX_GM_gemini_20260607_salvage_worn_repair_metal_MaskMap_UnityURP.png,.png,1024,1024,RGBA,2048,1|2,-1|1|25|50,0,0,0,1048576,1.000,1.333,718298,0.685,,,,,,,,,,,,,,,,,,,,,,,,,Channel-pack masks into one RGBA texture; avoid separate AO/spec maps.,STATIC_SOURCE
texture,Assets/_Project/Art/TEXTURES/Generated/GeminiMaterialIntake_20260607/Singles/gemini_20260607_salvage_worn_repair_metal/TX_GM_gemini_20260607_salvage_worn_repair_metal_NormalGL.jpg,.jpg,1024,1024,RGB,2048,1|2,-1|1|27|50,0,0,1,1048576,1.000,1.333,526499,0.502,,,,,,,,,,,,,,,,,,,,,,,,,Use BC5 normal import; Low tier cap 1024 unless hero close-read asset.,STATIC_SOURCE
texture,Assets/_Project/Art/TEXTURES/Generated/GeminiMaterialIntake_20260607/Singles/gemini_20260607_transparent_pressure_glass_edge_wear/TX_GM_gemini_20260607_transparent_pressure_glass_edge_wear_ARM_AO_Rough_Metal.jpg,.jpg,1024,1024,RGB,2048,1|2,-1|1|25|50,0,0,0,1048576,1.000,1.333,326316,0.311,,,,,,,,,,,,,,,,,,,,,,,,,Channel-pack masks into one RGBA texture; avoid separate AO/spec maps.,STATIC_SOURCE
texture,Assets/_Project/Art/TEXTURES/Generated/GeminiMaterialIntake_20260607/Singles/gemini_20260607_transparent_pressure_glass_edge_wear/TX_GM_gemini_20260607_transparent_pressure_glass_edge_wear_BaseColor.jpg,.jpg,1024,1024,RGB,2048,1|2,-1|1|25|50,0,0,0,1048576,1.000,1.333,70035,0.067,,,,,,,,,,,,,,,,,,,,,,,,,Verify Unity import compression; JPG disk compression does not reduce VRAM.,STATIC_SOURCE
texture,Assets/_Project/Art/TEXTURES/Generated/GeminiMaterialIntake_20260607/Singles/gemini_20260607_transparent_pressure_glass_edge_wear/TX_GM_gemini_20260607_transparent_pressure_glass_edge_wear_Height.jpg,.jpg,1024,1024,L,2048,1|2,-1|1|25|50,0,0,0,1048576,1.000,1.333,520094,0.496,,,,,,,,,,,,,,,,,,,,,,,,,Verify Unity import compression; JPG disk compression does not reduce VRAM.,STATIC_SOURCE
texture,Assets/_Project/Art/TEXTURES/Generated/GeminiMaterialIntake_20260607/Singles/gemini_20260607_transparent_pressure_glass_edge_wear/TX_GM_gemini_20260607_transparent_pressure_glass_edge_wear_MaskMap_UnityURP.png,.png,1024,1024,RGBA,2048,1|2,-1|1|25|50,0,0,0,1048576,1.000,1.333,515804,0.492,,,,,,,,,,,,,,,,,,,,,,,,,Channel-pack masks into one RGBA texture; avoid separate AO/spec maps.,STATIC_SOURCE
texture,Assets/_Project/Art/TEXTURES/Generated/GeminiMaterialIntake_20260607/Singles/gemini_20260607_transparent_pressure_glass_edge_wear/TX_GM_gemini_20260607_transparent_pressure_glass_edge_wear_NormalGL.jpg,.jpg,1024,1024,RGB,2048,1|2,-1|1|27|50,0,0,1,1048576,1.000,1.333,570171,0.544,,,,,,,,,,,,,,,,,,,,,,,,,Use BC5 normal import; Low tier cap 1024 unless hero close-read asset.,STATIC_SOURCE
texture,Assets/_Project/Art/TEXTURES/Generated/GeminiMaterialIntake_20260607/Singles/gemini_20260607_wet_service_panel_biofilm/TX_GM_gemini_20260607_wet_service_panel_biofilm_ARM_AO_Rough_Metal.jpg,.jpg,1024,1024,RGB,2048,1|2,-1|1|25|50,0,0,0,1048576,1.000,1.333,227798,0.217,,,,,,,,,,,,,,,,,,,,,,,,,Channel-pack masks into one RGBA texture; avoid separate AO/spec maps.,STATIC_SOURCE
texture,Assets/_Project/Art/TEXTURES/Generated/GeminiMaterialIntake_20260607/Singles/gemini_20260607_wet_service_panel_biofilm/TX_GM_gemini_20260607_wet_service_panel_biofilm_BaseColor.jpg,.jpg,1024,1024,RGB,2048,1|2,-1|1|25|50,0,0,0,1048576,1.000,1.333,144931,0.138,,,,,,,,,,,,,,,,,,,,,,,,,Verify Unity import compression; JPG disk compression does not reduce VRAM.,STATIC_SOURCE
texture,Assets/_Project/Art/TEXTURES/Generated/GeminiMaterialIntake_20260607/Singles/gemini_20260607_wet_service_panel_biofilm/TX_GM_gemini_20260607_wet_service_panel_biofilm_Height.jpg,.jpg,1024,1024,L,2048,1|2,-1|1|25|50,0,0,0,1048576,1.000,1.333,374422,0.357,,,,,,,,,,,,,,,,,,,,,,,,,Verify Unity import compression; JPG disk compression does not reduce VRAM.,STATIC_SOURCE
texture,Assets/_Project/Art/TEXTURES/Generated/GeminiMaterialIntake_20260607/Singles/gemini_20260607_wet_service_panel_biofilm/TX_GM_gemini_20260607_wet_service_panel_biofilm_MaskMap_UnityURP.png,.png,1024,1024,RGBA,2048,1|2,-1|1|25|50,0,0,0,1048576,1.000,1.333,636555,0.607,,,,,,,,,,,,,,,,,,,,,,,,,Channel-pack masks into one RGBA texture; avoid separate AO/spec maps.,STATIC_SOURCE
texture,Assets/_Project/Art/TEXTURES/Generated/GeminiMaterialIntake_20260607/Singles/gemini_20260607_wet_service_panel_biofilm/TX_GM_gemini_20260607_wet_service_panel_biofilm_NormalGL.jpg,.jpg,1024,1024,RGB,2048,1|2,-1|1|27|50,0,0,1,1048576,1.000,1.333,557849,0.532,,,,,,,,,,,,,,,,,,,,,,,,,Use BC5 normal import; Low tier cap 1024 unless hero close-read asset.,STATIC_SOURCE
texture,Assets/_Project/Art/TEXTURES/Generated/GeminiMaterialIntake_20260607/Singles/gemini_20260607_white_ceramic_sensor_casing/TX_GM_gemini_20260607_white_ceramic_sensor_casing_ARM_AO_Rough_Metal.jpg,.jpg,1024,1024,RGB,2048,1|2,-1|1|25|50,0,0,0,1048576,1.000,1.333,340067,0.324,,,,,,,,,,,,,,,,,,,,,,,,,Channel-pack masks into one RGBA texture; avoid separate AO/spec maps.,STATIC_SOURCE
texture,Assets/_Project/Art/TEXTURES/Generated/GeminiMaterialIntake_20260607/Singles/gemini_20260607_white_ceramic_sensor_casing/TX_GM_gemini_20260607_white_ceramic_sensor_casing_BaseColor.jpg,.jpg,1024,1024,RGB,2048,1|2,-1|1|25|50,0,0,0,1048576,1.000,1.333,170521,0.163,,,,,,,,,,,,,,,,,,,,,,,,,Verify Unity import compression; JPG disk compression does not reduce VRAM.,STATIC_SOURCE
texture,Assets/_Project/Art/TEXTURES/Generated/GeminiMaterialIntake_20260607/Singles/gemini_20260607_white_ceramic_sensor_casing/TX_GM_gemini_20260607_white_ceramic_sensor_casing_Height.jpg,.jpg,1024,1024,L,2048,1|2,-1|1|25|50,0,0,0,1048576,1.000,1.333,485965,0.463,,,,,,,,,,,,,,,,,,,,,,,,,Verify Unity import compression; JPG disk compression does not reduce VRAM.,STATIC_SOURCE
texture,Assets/_Project/Art/TEXTURES/Generated/GeminiMaterialIntake_20260607/Singles/gemini_20260607_white_ceramic_sensor_casing/TX_GM_gemini_20260607_white_ceramic_sensor_casing_MaskMap_UnityURP.png,.png,1024,1024,RGBA,2048,1|2,-1|1|25|50,0,0,0,1048576,1.000,1.333,687484,0.656,,,,,,,,,,,,,,,,,,,,,,,,,Channel-pack masks into one RGBA texture; avoid separate AO/spec maps.,STATIC_SOURCE
texture,Assets/_Project/Art/TEXTURES/Generated/GeminiMaterialIntake_20260607/Singles/gemini_20260607_white_ceramic_sensor_casing/TX_GM_gemini_20260607_white_ceramic_sensor_casing_NormalGL.jpg,.jpg,1024,1024,RGB,2048,1|2,-1|1|27|50,0,0,1,1048576,1.000,1.333,665797,0.635,,,,,,,,,,,,,,,,,,,,,,,,,Use BC5 normal import; Low tier cap 1024 unless hero close-read asset.,STATIC_SOURCE
texture,Assets/_Project/Art/TEXTURES/Generated/GeminiMaterialIntake_20260607/SourceCleaned/TX_GM_black_waterproof_grip_rubber_Cleaned_2k.jpg,.jpg,2048,2048,RGB,2048,1,-1|1|25,0,0,0,4194304,4.000,5.333,1315693,1.255,,,,,,,,,,,,,,,,,,,,,,,STREAMING_MIPMAPS_OFF_LARGE,,Low tier should halve source/import max; keep high mips only with hero or streaming proof.,STATIC_SOURCE
texture,Assets/_Project/Art/TEXTURES/Generated/GeminiMaterialIntake_20260607/SourceCleaned/TX_GM_clean_nasa_punk_tool_housing_metal_Cleaned_2k.jpg,.jpg,2048,2048,RGB,2048,1,-1|1|25,0,0,0,4194304,4.000,5.333,939746,0.896,,,,,,,,,,,,,,,,,,,,,,,STREAMING_MIPMAPS_OFF_LARGE,,Channel-pack masks into one RGBA texture; avoid separate AO/spec maps.,STATIC_SOURCE
texture,Assets/_Project/Art/TEXTURES/Generated/GeminiMaterialIntake_20260607/SourceCleaned/TX_GM_dark_anodized_tool_metal_Cleaned_2k.jpg,.jpg,2048,2048,RGB,2048,1,-1|1|25,0,0,0,4194304,4.000,5.333,558200,0.532,,,,,,,,,,,,,,,,,,,,,,,STREAMING_MIPMAPS_OFF_LARGE,,Channel-pack masks into one RGBA texture; avoid separate AO/spec maps.,STATIC_SOURCE
texture,Assets/_Project/Art/TEXTURES/Generated/GeminiMaterialIntake_20260607/SourceCleaned/TX_GM_fine_ribbed_metal_trim_Cleaned_2k.jpg,.jpg,2048,2048,RGB,2048,1,-1|1|25,0,0,0,4194304,4.000,5.333,854711,0.815,,,,,,,,,,,,,,,,,,,,,,,STREAMING_MIPMAPS_OFF_LARGE,,Channel-pack masks into one RGBA texture; avoid separate AO/spec maps.,STATIC_SOURCE
texture,Assets/_Project/Art/TEXTURES/Generated/GeminiMaterialIntake_20260607/SourceCleaned/TX_GM_orange_safety_composite_panel_Cleaned_2k.jpg,.jpg,2048,2048,RGB,2048,1,-1|1|25,0,0,0,4194304,4.000,5.333,979522,0.934,,,,,,,,,,,,,,,,,,,,,,,STREAMING_MIPMAPS_OFF_LARGE,,Low tier should halve source/import max; keep high mips only with hero or streaming proof.,STATIC_SOURCE
texture,Assets/_Project/Art/TEXTURES/Generated/GeminiMaterialIntake_20260607/SourceCleaned/TX_GM_precision_tool_micro_panel_atlas_Cleaned_2k.jpg,.jpg,2048,2048,RGB,2048,1,-1|1|25,0,0,0,4194304,4.000,5.333,1124729,1.073,,,,,,,,,,,,,,,,,,,,,,,STREAMING_MIPMAPS_OFF_LARGE,,Low tier should halve source/import max; keep high mips only with hero or streaming proof.,STATIC_SOURCE
texture,Assets/_Project/Art/TEXTURES/Generated/GeminiMaterialIntake_20260607/SourceCleaned/TX_GM_salvage_worn_repair_metal_Cleaned_2k.jpg,.jpg,2048,2048,RGB,2048,1,-1|1|25,0,0,0,4194304,4.000,5.333,1467193,1.399,,,,,,,,,,,,,,,,,,,,,,,STREAMING_MIPMAPS_OFF_LARGE,,Channel-pack masks into one RGBA texture; avoid separate AO/spec maps.,STATIC_SOURCE
texture,Assets/_Project/Art/TEXTURES/Generated/GeminiMaterialIntake_20260607/SourceCleaned/TX_GM_transparent_pressure_glass_edge_wear_Cleaned_2k.jpg,.jpg,2048,2048,RGB,2048,1,-1|1|25,0,0,0,4194304,4.000,5.333,517244,0.493,,,,,,,,,,,,,,,,,,,,,,,STREAMING_MIPMAPS_OFF_LARGE,,Low tier should halve source/import max; keep high mips only with hero or streaming proof.,STATIC_SOURCE
texture,Assets/_Project/Art/TEXTURES/Generated/GeminiMaterialIntake_20260607/SourceCleaned/TX_GM_wet_service_panel_biofilm_Cleaned_2k.jpg,.jpg,2048,2048,RGB,2048,1,-1|1|25,0,0,0,4194304,4.000,5.333,862789,0.823,,,,,,,,,,,,,,,,,,,,,,,STREAMING_MIPMAPS_OFF_LARGE,,Low tier should halve source/import max; keep high mips only with hero or streaming proof.,STATIC_SOURCE
texture,Assets/_Project/Art/TEXTURES/Generated/GeminiMaterialIntake_20260607/SourceCleaned/TX_GM_white_ceramic_sensor_casing_Cleaned_2k.jpg,.jpg,2048,2048,RGB,2048,1,-1|1|25,0,0,0,4194304,4.000,5.333,1138570,1.086,,,,,,,,,,,,,,,,,,,,,,,STREAMING_MIPMAPS_OFF_LARGE,,Low tier should halve source/import max; keep high mips only with hero or streaming proof.,STATIC_SOURCE
texture,Assets/_Project/Art/TEXTURES/Generated/GeminiReplacementSources_20260607/TX_GR_abyssal_strap_kelp_replacement_Cleaned_2k.jpg,.jpg,2048,2048,RGB,2048|512,1,-1|1|25,0,0,0,4194304,4.000,5.333,943897,0.900,,,,,,,,,,,,,,,,,,,,,,,STREAMING_MIPMAPS_OFF_LARGE,,Low tier should halve source/import max; keep high mips only with hero or streaming proof.,STATIC_SOURCE
texture,Assets/_Project/Art/TEXTURES/Generated/GeminiReplacementSources_20260607/TX_GR_alien_barnacle_colony_replacement_Cleaned_2k.jpg,.jpg,2048,2048,RGB,2048,1,-1|1|25,0,0,0,4194304,4.000,5.333,964475,0.920,,,,,,,,,,,,,,,,,,,,,,,STREAMING_MIPMAPS_OFF_LARGE,,Low tier should halve source/import max; keep high mips only with hero or streaming proof.,STATIC_SOURCE
texture,Assets/_Project/Art/TEXTURES/Generated/GeminiReplacementSources_20260607/TX_GR_matte_carbon_composite_replacement_Cleaned_2k.jpg,.jpg,655,656,RGB,2048,1,-1|1|25,0,0,0,429680,0.410,0.546,159487,0.152,,,,,,,,,,,,,,,,,,,,,,,,,Verify Unity import compression; JPG disk compression does not reduce VRAM.,STATIC_SOURCE
texture,Assets/_Project/Art/TEXTURES/menuview.png,.png,1376,768,RGB,2048,1,-1|1|25,0,0,0,1056768,1.008,1.344,1845645,1.760,,,,,,,,,,,,,,,,,,,,,,,STREAMING_MIPMAPS_OFF_LARGE,,Low tier should halve source/import max; keep high mips only with hero or streaming proof.,STATIC_SOURCE
texture,Assets/_Project/Art/TEXTURES/Meshy_AI_Alien_barnacles_clust_0301230506_texture.png,.png,1024,1024,RGB,2048,1,-1|1|25,0,0,0,1048576,1.000,1.333,1477719,1.409,,,,,,,,,,,,,,,,,,,,,,,,,Keep compressed; atlas if grouped with small sibling textures.,STATIC_SOURCE
texture,Assets/_Project/Art/TEXTURES/ORGANIC.png,.png,1024,1024,RGB,2048,1,-1|1|25,1,0,0,1048576,1.000,1.333,2129007,2.030,,,,,,,,,,,,,,,,,,,,,,,,,Keep compressed; atlas if grouped with small sibling textures.,STATIC_SOURCE
texture,Assets/_Project/Art/TEXTURES/Sky/bo2.png,.png,2048,2048,RGB,2048,1,-1|1|25,1,0,0,4194304,4.000,5.333,5056673,4.822,,,,,,,,,,,,,,,,,,,,,,,,,Low tier should halve source/import max; keep high mips only with hero or streaming proof.,STATIC_SOURCE
texture,Assets/_Project/Art/TEXTURES/Sky/bo3.png,.png,2048,2048,RGB,2048,1,-1|1|25,0,0,0,4194304,4.000,5.333,6409326,6.112,,,,,,,,,,,,,,,,,,,,,,,STREAMING_MIPMAPS_OFF_LARGE,,Low tier should halve source/import max; keep high mips only with hero or streaming proof.,STATIC_SOURCE
texture,Assets/_Project/Art/TEXTURES/Sky/clod1.png,.png,2048,2048,RGB,2048,1,-1|1|25,1,0,0,4194304,4.000,5.333,6381348,6.086,,,,,,,,,,,,,,,,,,,,,,,,,Low tier should halve source/import max; keep high mips only with hero or streaming proof.,STATIC_SOURCE
texture,Assets/_Project/Art/TEXTURES/Sky/clod2.png,.png,2048,2048,RGB,2048,1,-1|1|25,1,0,0,4194304,4.000,5.333,5527708,5.272,,,,,,,,,,,,,,,,,,,,,,,,,Low tier should halve source/import max; keep high mips only with hero or streaming proof.,STATIC_SOURCE
texture,Assets/_Project/Art/TEXTURES/Sky/eb2.png,.png,2048,2048,RGB,2048,1,-1|1|25,0,0,0,4194304,4.000,5.333,9215950,8.789,,,,,,,,,,,,,,,,,,,,,,,STREAMING_MIPMAPS_OFF_LARGE,,Low tier should halve source/import max; keep high mips only with hero or streaming proof.,STATIC_SOURCE
texture,Assets/_Project/Art/TEXTURES/Sky/oblaka!.png,.png,2048,2048,RGBA,2048,1,-1|1|25,1,0,0,4194304,4.000,5.333,5325005,5.078,,,,,,,,,,,,,,,,,,,,,,,,,Low tier should halve source/import max; keep high mips only with hero or streaming proof.,STATIC_SOURCE
texture,Assets/_Project/Art/TEXTURES/Sky/oblakajip.png,.png,2048,2048,RGB,2048,1,-1|1|25,1,0,0,4194304,4.000,5.333,5832358,5.562,,,,,,,,,,,,,,,,,,,,,,,,,Low tier should halve source/import max; keep high mips only with hero or streaming proof.,STATIC_SOURCE
texture,Assets/_Project/Art/TEXTURES/Terrain Textures/2rock/Rocks007_1K-JPG_AmbientOcclusion.jpg,.jpg,1024,1024,L,2048|512,1,-1|1|25,1,0,0,1048576,1.000,1.333,717833,0.685,,,,,,,,,,,,,,,,,,,,,,,,,Verify Unity import compression; JPG disk compression does not reduce VRAM.,STATIC_SOURCE
texture,Assets/_Project/Art/TEXTURES/Terrain Textures/2rock/Rocks007_1K-JPG_Color.jpg,.jpg,1024,1024,RGB,2048|512,1,-1|1|25,1,0,0,1048576,1.000,1.333,1235166,1.178,,,,,,,,,,,,,,,,,,,,,,,,,Verify Unity import compression; JPG disk compression does not reduce VRAM.,STATIC_SOURCE
texture,Assets/_Project/Art/TEXTURES/Terrain Textures/2rock/Rocks007_1K-JPG_NormalGL.jpg,.jpg,1024,1024,RGB,2048|512,1,-1|1|27,1,0,1,1048576,1.000,1.333,2315462,2.208,,,,,,,,,,,,,,,,,,,,,,,,,Use BC5 normal import; Low tier cap 1024 unless hero close-read asset.,STATIC_SOURCE
texture,Assets/_Project/Art/TEXTURES/Terrain Textures/basalt/Rock031_1K-JPG_Color.jpg,.jpg,1024,1024,RGB,1024|2048|512,1,-1|1|25,1,0,0,1048576,1.000,1.333,1228571,1.172,,,,,,,,,,,,,,,,,,,,,,,,,Verify Unity import compression; JPG disk compression does not reduce VRAM.,STATIC_SOURCE
texture,Assets/_Project/Art/TEXTURES/Terrain Textures/basalt/Rock031_1K-JPG_NormalGL.jpg,.jpg,1024,1024,RGB,1024|2048|512,1,-1|1|27,1,0,1,1048576,1.000,1.333,2556573,2.438,,,,,,,,,,,,,,,,,,,,,,,,,Use BC5 normal import; Low tier cap 1024 unless hero close-read asset.,STATIC_SOURCE
texture,Assets/_Project/Art/TEXTURES/Terrain Textures/basalt/TX_H8_WetBasaltShoreline_Albedo_1428.png,.png,1024,1024,RGBA,2048|512,1,-1|1|25,0,0,0,1048576,1.000,1.333,3073068,2.931,,,,,,,,,,,,,,,,,,,,,,,,,Keep compressed; atlas if grouped with small sibling textures.,STATIC_SOURCE
texture,Assets/_Project/Art/TEXTURES/Terrain Textures/gravel/Gravel020_1K-JPG_AmbientOcclusion.jpg,.jpg,1024,1024,L,2048|512,1,-1|1|25,1,0,0,1048576,1.000,1.333,650920,0.621,,,,,,,,,,,,,,,,,,,,,,,,,Verify Unity import compression; JPG disk compression does not reduce VRAM.,STATIC_SOURCE
texture,Assets/_Project/Art/TEXTURES/Terrain Textures/gravel/Gravel020_1K-JPG_Color.jpg,.jpg,1024,1024,RGB,2048|512,1,-1|1|25,1,0,0,1048576,1.000,1.333,1002655,0.956,,,,,,,,,,,,,,,,,,,,,,,,,Verify Unity import compression; JPG disk compression does not reduce VRAM.,STATIC_SOURCE
texture,Assets/_Project/Art/TEXTURES/Terrain Textures/gravel/Gravel020_1K-JPG_NormalGL.jpg,.jpg,1024,1024,RGB,2048|512,1,-1|1|27,1,0,1,1048576,1.000,1.333,2316094,2.209,,,,,,,,,,,,,,,,,,,,,,,,,Use BC5 normal import; Low tier cap 1024 unless hero close-read asset.,STATIC_SOURCE
texture,Assets/_Project/Art/TEXTURES/Terrain Textures/moss/Ground047_1K-JPG_AmbientOcclusion.jpg,.jpg,1024,1024,L,2048|512,1,-1|1|25,1,0,0,1048576,1.000,1.333,879479,0.839,,,,,,,,,,,,,,,,,,,,,,,,,Verify Unity import compression; JPG disk compression does not reduce VRAM.,STATIC_SOURCE
texture,Assets/_Project/Art/TEXTURES/Terrain Textures/moss/Ground047_1K-JPG_Color.jpg,.jpg,1024,1024,RGB,2048|512,1,-1|1|25,1,0,0,1048576,1.000,1.333,1561641,1.489,,,,,,,,,,,,,,,,,,,,,,,,,Verify Unity import compression; JPG disk compression does not reduce VRAM.,STATIC_SOURCE
texture,Assets/_Project/Art/TEXTURES/Terrain Textures/moss/Ground047_1K-JPG_NormalGL.jpg,.jpg,1024,1024,RGB,2048|512,1,-1|1|27,1,0,1,1048576,1.000,1.333,2343867,2.235,,,,,,,,,,,,,,,,,,,,,,,,,Use BC5 normal import; Low tier cap 1024 unless hero close-read asset.,STATIC_SOURCE
texture,Assets/_Project/Art/TEXTURES/Terrain Textures/mud/Ground051_1K-JPG_AmbientOcclusion.jpg,.jpg,1024,1024,L,2048|512,1,-1|1|25,1,0,0,1048576,1.000,1.333,522360,0.498,,,,,,,,,,,,,,,,,,,,,,,,,Verify Unity import compression; JPG disk compression does not reduce VRAM.,STATIC_SOURCE
texture,Assets/_Project/Art/TEXTURES/Terrain Textures/mud/Ground051_1K-JPG_Color.jpg,.jpg,1024,1024,RGB,2048|512,1,-1|1|25,1,0,0,1048576,1.000,1.333,1034503,0.987,,,,,,,,,,,,,,,,,,,,,,,,,Verify Unity import compression; JPG disk compression does not reduce VRAM.,STATIC_SOURCE
texture,Assets/_Project/Art/TEXTURES/Terrain Textures/mud/Ground051_1K-JPG_NormalGL.jpg,.jpg,1024,1024,RGB,2048|512,1,-1|1|27,1,0,1,1048576,1.000,1.333,2208776,2.106,,,,,,,,,,,,,,,,,,,,,,,,,Use BC5 normal import; Low tier cap 1024 unless hero close-read asset.,STATIC_SOURCE
texture,Assets/_Project/Art/TEXTURES/Terrain Textures/rocks/Rocks019_1K-JPG_AmbientOcclusion.jpg,.jpg,1024,1024,L,2048|512,1,-1|1|25,1,0,0,1048576,1.000,1.333,627915,0.599,,,,,,,,,,,,,,,,,,,,,,,,,Verify Unity import compression; JPG disk compression does not reduce VRAM.,STATIC_SOURCE
texture,Assets/_Project/Art/TEXTURES/Terrain Textures/rocks/Rocks019_1K-JPG_Color.jpg,.jpg,1024,1024,RGB,1024|2048|512,1,-1|1|25,1,0,0,1048576,1.000,1.333,1339818,1.278,,,,,,,,,,,,,,,,,,,,,,,,,Verify Unity import compression; JPG disk compression does not reduce VRAM.,STATIC_SOURCE
texture,Assets/_Project/Art/TEXTURES/Terrain Textures/rocks/Rocks019_1K-JPG_NormalGL.jpg,.jpg,1024,1024,RGB,1024|2048|512,1,-1|1|27,1,0,1,1048576,1.000,1.333,2323428,2.216,,,,,,,,,,,,,,,,,,,,,,,,,Use BC5 normal import; Low tier cap 1024 unless hero close-read asset.,STATIC_SOURCE
texture,Assets/_Project/Art/TEXTURES/Terrain Textures/sand +green/Ground074_1K-JPG_AmbientOcclusion.jpg,.jpg,1024,1024,L,2048|512,1,-1|1|25,1,0,0,1048576,1.000,1.333,859297,0.819,,,,,,,,,,,,,,,,,,,,,,,,,Verify Unity import compression; JPG disk compression does not reduce VRAM.,STATIC_SOURCE
texture,Assets/_Project/Art/TEXTURES/Terrain Textures/sand +green/Ground074_1K-JPG_Color.jpg,.jpg,1024,1024,RGB,2048|512,1,-1|1|25,1,0,0,1048576,1.000,1.333,1813029,1.729,,,,,,,,,,,,,,,,,,,,,,,,,Verify Unity import compression; JPG disk compression does not reduce VRAM.,STATIC_SOURCE
texture,Assets/_Project/Art/TEXTURES/Terrain Textures/sand +green/Ground074_1K-JPG_NormalGL.jpg,.jpg,1024,1024,RGB,2048|512,1,-1|1|27,1,0,1,1048576,1.000,1.333,2150375,2.051,,,,,,,,,,,,,,,,,,,,,,,,,Use BC5 normal import; Low tier cap 1024 unless hero close-read asset.,STATIC_SOURCE
texture,Assets/_Project/Art/TEXTURES/Terrain Textures/sand/Ground079S_1K-PNG_Color.png,.png,1024,1024,RGB,2048|512,1,-1|1|25,1,0,0,1048576,1.000,1.333,2216868,2.114,,,,,,,,,,,,,,,,,,,,,,,,,Keep compressed; atlas if grouped with small sibling textures.,STATIC_SOURCE
texture,Assets/_Project/Art/TEXTURES/Terrain Textures/sand/NORMAL.png,.png,2048,1829,P,2048|512,1,-1|1|27,1,0,1,3745792,3.572,4.763,3302324,3.149,,,,,,,,,,,,,,,,,,,,,,,,,Use BC5 normal import; Low tier cap 1024 unless hero close-read asset.,STATIC_SOURCE
texture,Assets/_Project/Art/TEXTURES/terrain.png,.png,1024,1024,RGB,2048,1,-1|1|25,0,0,0,1048576,1.000,1.333,1948408,1.858,,,,,,,,,,,,,,,,,,,,,,,,,Keep compressed; atlas if grouped with small sibling textures.,STATIC_SOURCE
texture,Assets/_Project/Art/TEXTURES/TX_H8AegirGasGiantBakedDisc_1428.png,.png,2048,2048,RGBA,2048,1,-1|1|25,0,0,0,4194304,4.000,5.333,1857687,1.772,,,,,,,,,,,,,,,,,,,,,,,STREAMING_MIPMAPS_OFF_LARGE,,Low tier should halve source/import max; keep high mips only with hero or streaming proof.,STATIC_SOURCE
texture,Assets/_Project/Art/TEXTURES/Water/FoamContact/TX_H8_FoamContact_Cleaned_Albedo_20260605.png,.png,1024,1024,RGBA,1024|2048,1,-1|1|25,1,0,0,1048576,1.000,1.333,1530630,1.460,,,,,,,,,,,,,,,,,,,,,,,,,Keep compressed; atlas if grouped with small sibling textures.,STATIC_SOURCE
texture,Assets/_Project/Art/TEXTURES/Weather/TX_FogLUT_BiolumeBloom.png,.png,32,1,RGBA,2048,1,-1|1|25,0,0,0,32,0.000,0.000,73,0.000,,,,,,,,,,,,,,,,,,,,,,,,,Keep compressed; atlas if grouped with small sibling textures.,STATIC_SOURCE
texture,Assets/_Project/Art/TEXTURES/Weather/TX_FogLUT_CyclonicSurge.png,.png,32,1,RGBA,2048,1,-1|1|25,0,0,0,32,0.000,0.000,73,0.000,,,,,,,,,,,,,,,,,,,,,,,,,Keep compressed; atlas if grouped with small sibling textures.,STATIC_SOURCE
texture,Assets/_Project/Art/TEXTURES/Weather/TX_FogLUT_DeepStillness.png,.png,32,1,RGBA,2048,1,-1|1|25,0,0,0,32,0.000,0.000,73,0.000,,,,,,,,,,,,,,,,,,,,,,,,,Keep compressed; atlas if grouped with small sibling textures.,STATIC_SOURCE
texture,Assets/_Project/Art/TEXTURES/WorldProceduralFlora/Imported/family.coral.branching/albedo___family.coral.branching.png,.png,1024,1024,RGB,2048|512,1,-1|1|25,1,0,0,1048576,1.000,1.333,2157189,2.057,,,,,,,,,,,,,,,,,,,,,,,,,Keep compressed; atlas if grouped with small sibling textures.,STATIC_SOURCE
texture,Assets/_Project/Art/TEXTURES/WorldProceduralFlora/Imported/family.coral.branching/detail___family.coral.branching.png,.png,1024,1024,RGB,2048|512,1,-1|1|25,1,0,0,1048576,1.000,1.333,1107362,1.056,,,,,,,,,,,,,,,,,,,,,,,,,Keep compressed; atlas if grouped with small sibling textures.,STATIC_SOURCE
texture,Assets/_Project/Art/TEXTURES/WorldProceduralFlora/Imported/family.coral.branching/mask___family.coral.branching.png,.png,1024,1024,RGBA,2048|512,1,-1|1|25,1,0,0,1048576,1.000,1.333,677293,0.646,,,,,,,,,,,,,,,,,,,,,,,,,Channel-pack masks into one RGBA texture; avoid separate AO/spec maps.,STATIC_SOURCE
texture,Assets/_Project/Art/TEXTURES/WorldProceduralFlora/Imported/family.coral.branching/normal___family.coral.branching.png,.png,1024,1024,RGB,2048|512,1,-1|1|27,1,0,1,1048576,1.000,1.333,1992873,1.901,,,,,,,,,,,,,,,,,,,,,,,,,Use BC5 normal import; Low tier cap 1024 unless hero close-read asset.,STATIC_SOURCE
texture,Assets/_Project/Art/TEXTURES/WorldProceduralFlora/Imported/family.coral.brittle/albedo___family.coral.brittle.png,.png,1024,1024,RGB,2048|512,1,-1|1|25,1,0,0,1048576,1.000,1.333,2157189,2.057,,,,,,,,,,,,,,,,,,,,,,,,,Keep compressed; atlas if grouped with small sibling textures.,STATIC_SOURCE
texture,Assets/_Project/Art/TEXTURES/WorldProceduralFlora/Imported/family.coral.brittle/detail___family.coral.brittle.png,.png,1024,1024,RGB,2048|512,1,-1|1|25,1,0,0,1048576,1.000,1.333,1107362,1.056,,,,,,,,,,,,,,,,,,,,,,,,,Keep compressed; atlas if grouped with small sibling textures.,STATIC_SOURCE
texture,Assets/_Project/Art/TEXTURES/WorldProceduralFlora/Imported/family.coral.brittle/mask___family.coral.brittle.png,.png,1024,1024,RGBA,2048|512,1,-1|1|25,1,0,0,1048576,1.000,1.333,677293,0.646,,,,,,,,,,,,,,,,,,,,,,,,,Channel-pack masks into one RGBA texture; avoid separate AO/spec maps.,STATIC_SOURCE
texture,Assets/_Project/Art/TEXTURES/WorldProceduralFlora/Imported/family.coral.brittle/normal___family.coral.brittle.png,.png,1024,1024,RGB,2048|512,1,-1|1|27,1,0,1,1048576,1.000,1.333,1992873,1.901,,,,,,,,,,,,,,,,,,,,,,,,,Use BC5 normal import; Low tier cap 1024 unless hero close-read asset.,STATIC_SOURCE
texture,Assets/_Project/Art/TEXTURES/WorldProceduralFlora/Imported/family.coral.low/albedo___family.coral.low.png,.png,1024,1024,RGB,2048|512,1,-1|1|25,1,0,0,1048576,1.000,1.333,1800578,1.717,,,,,,,,,,,,,,,,,,,,,,,,,Keep compressed; atlas if grouped with small sibling textures.,STATIC_SOURCE
texture,Assets/_Project/Art/TEXTURES/WorldProceduralFlora/Imported/family.coral.low/detail___family.coral.low.png,.png,1024,1024,RGB,2048|512,1,-1|1|25,1,0,0,1048576,1.000,1.333,1075476,1.026,,,,,,,,,,,,,,,,,,,,,,,,,Keep compressed; atlas if grouped with small sibling textures.,STATIC_SOURCE
texture,Assets/_Project/Art/TEXTURES/WorldProceduralFlora/Imported/family.coral.low/mask___family.coral.low.png,.png,1024,1024,RGBA,2048|512,1,-1|1|25,1,0,0,1048576,1.000,1.333,672841,0.642,,,,,,,,,,,,,,,,,,,,,,,,,Channel-pack masks into one RGBA texture; avoid separate AO/spec maps.,STATIC_SOURCE
texture,Assets/_Project/Art/TEXTURES/WorldProceduralFlora/Imported/family.coral.low/normal___family.coral.low.png,.png,1024,1024,RGB,2048|512,1,-1|1|27,1,0,1,1048576,1.000,1.333,2045538,1.951,,,,,,,,,,,,,,,,,,,,,,,,,Use BC5 normal import; Low tier cap 1024 unless hero close-read asset.,STATIC_SOURCE
texture,Assets/_Project/Art/TEXTURES/WorldProceduralFlora/Imported/family.coral.massive/albedo___family.coral.massive.png,.png,1024,1024,RGB,2048|512,1,-1|1|25,1,0,0,1048576,1.000,1.333,1800578,1.717,,,,,,,,,,,,,,,,,,,,,,,,,Keep compressed; atlas if grouped with small sibling textures.,STATIC_SOURCE
texture,Assets/_Project/Art/TEXTURES/WorldProceduralFlora/Imported/family.coral.massive/detail___family.coral.massive.png,.png,1024,1024,RGB,2048|512,1,-1|1|25,1,0,0,1048576,1.000,1.333,1075476,1.026,,,,,,,,,,,,,,,,,,,,,,,,,Keep compressed; atlas if grouped with small sibling textures.,STATIC_SOURCE
texture,Assets/_Project/Art/TEXTURES/WorldProceduralFlora/Imported/family.coral.massive/mask___family.coral.massive.png,.png,1024,1024,RGBA,2048|512,1,-1|1|25,1,0,0,1048576,1.000,1.333,672841,0.642,,,,,,,,,,,,,,,,,,,,,,,,,Channel-pack masks into one RGBA texture; avoid separate AO/spec maps.,STATIC_SOURCE
texture,Assets/_Project/Art/TEXTURES/WorldProceduralFlora/Imported/family.coral.massive/normal___family.coral.massive.png,.png,1024,1024,RGB,2048|512,1,-1|1|27,1,0,1,1048576,1.000,1.333,2045538,1.951,,,,,,,,,,,,,,,,,,,,,,,,,Use BC5 normal import; Low tier cap 1024 unless hero close-read asset.,STATIC_SOURCE
texture,Assets/_Project/Art/TEXTURES/WorldProceduralFlora/Imported/family.coral.plate/albedo___family.coral.plate.png,.png,1024,1024,RGB,2048|512,1,-1|1|25,1,0,0,1048576,1.000,1.333,1800578,1.717,,,,,,,,,,,,,,,,,,,,,,,,,Keep compressed; atlas if grouped with small sibling textures.,STATIC_SOURCE
texture,Assets/_Project/Art/TEXTURES/WorldProceduralFlora/Imported/family.coral.plate/detail___family.coral.plate.png,.png,1024,1024,RGB,2048|512,1,-1|1|25,1,0,0,1048576,1.000,1.333,1075476,1.026,,,,,,,,,,,,,,,,,,,,,,,,,Keep compressed; atlas if grouped with small sibling textures.,STATIC_SOURCE
texture,Assets/_Project/Art/TEXTURES/WorldProceduralFlora/Imported/family.coral.plate/mask___family.coral.plate.png,.png,1024,1024,RGBA,2048|512,1,-1|1|25,1,0,0,1048576,1.000,1.333,672841,0.642,,,,,,,,,,,,,,,,,,,,,,,,,Channel-pack masks into one RGBA texture; avoid separate AO/spec maps.,STATIC_SOURCE
texture,Assets/_Project/Art/TEXTURES/WorldProceduralFlora/Imported/family.coral.plate/normal___family.coral.plate.png,.png,1024,1024,RGB,2048|512,1,-1|1|27,1,0,1,1048576,1.000,1.333,2045538,1.951,,,,,,,,,,,,,,,,,,,,,,,,,Use BC5 normal import; Low tier cap 1024 unless hero close-read asset.,STATIC_SOURCE
texture,Assets/_Project/Art/TEXTURES/WorldProceduralFlora/Imported/family.kelp.abyssal/albedo___family.kelp.abyssal.png,.png,1024,1024,RGB,2048|512,1,-1|1|25,1,0,0,1048576,1.000,1.333,1522053,1.452,,,,,,,,,,,,,,,,,,,,,,,,,Keep compressed; atlas if grouped with small sibling textures.,STATIC_SOURCE
texture,Assets/_Project/Art/TEXTURES/WorldProceduralFlora/Imported/family.kelp.abyssal/detail___family.kelp.abyssal.png,.png,1024,1024,RGB,2048|512,1,-1|1|25,1,0,0,1048576,1.000,1.333,1104331,1.053,,,,,,,,,,,,,,,,,,,,,,,,,Keep compressed; atlas if grouped with small sibling textures.,STATIC_SOURCE
texture,Assets/_Project/Art/TEXTURES/WorldProceduralFlora/Imported/family.kelp.abyssal/mask___family.kelp.abyssal.png,.png,1024,1024,RGB,2048|512,1,-1|1|25,1,0,0,1048576,1.000,1.333,1499681,1.430,,,,,,,,,,,,,,,,,,,,,,,,,Channel-pack masks into one RGBA texture; avoid separate AO/spec maps.,STATIC_SOURCE
texture,Assets/_Project/Art/TEXTURES/WorldProceduralFlora/Imported/family.kelp.abyssal/normal___family.kelp.abyssal.png,.png,1024,1024,RGB,2048|512,1,-1|1|27,1,0,1,1048576,1.000,1.333,1676864,1.599,,,,,,,,,,,,,,,,,,,,,,,,,Use BC5 normal import; Low tier cap 1024 unless hero close-read asset.,STATIC_SOURCE
texture,Assets/_Project/Art/TEXTURES/WorldProceduralFlora/Imported/family.kelp.canopy/albedo___family.kelp.canopy.png,.png,1024,1024,RGB,2048|512,1,-1|1|25,1,0,0,1048576,1.000,1.333,1159630,1.106,,,,,,,,,,,,,,,,,,,,,,,,,Keep compressed; atlas if grouped with small sibling textures.,STATIC_SOURCE
texture,Assets/_Project/Art/TEXTURES/WorldProceduralFlora/Imported/family.kelp.canopy/detail___family.kelp.canopy.png,.png,1024,1024,RGB,2048|512,1,-1|1|25,1,0,0,1048576,1.000,1.333,1190357,1.135,,,,,,,,,,,,,,,,,,,,,,,,,Keep compressed; atlas if grouped with small sibling textures.,STATIC_SOURCE
texture,Assets/_Project/Art/TEXTURES/WorldProceduralFlora/Imported/family.kelp.canopy/mask___family.kelp.canopy.png,.png,1024,1024,RGBA,2048|512,1,-1|1|25,1,0,0,1048576,1.000,1.333,718108,0.685,,,,,,,,,,,,,,,,,,,,,,,,,Channel-pack masks into one RGBA texture; avoid separate AO/spec maps.,STATIC_SOURCE
texture,Assets/_Project/Art/TEXTURES/WorldProceduralFlora/Imported/family.kelp.canopy/normal___family.kelp.canopy.png,.png,1024,1024,RGB,2048|512,1,-1|1|27,1,0,1,1048576,1.000,1.333,2058784,1.963,,,,,,,,,,,,,,,,,,,,,,,,,Use BC5 normal import; Low tier cap 1024 unless hero close-read asset.,STATIC_SOURCE
texture,Assets/_Project/Art/TEXTURES/WorldProceduralFlora/Imported/family.kelp.patch.dense/albedo___family.kelp.patch.dense.png,.png,1024,1024,RGB,2048|512,1,-1|1|25,1,0,0,1048576,1.000,1.333,1159630,1.106,,,,,,,,,,,,,,,,,,,,,,,,,Keep compressed; atlas if grouped with small sibling textures.,STATIC_SOURCE
texture,Assets/_Project/Art/TEXTURES/WorldProceduralFlora/Imported/family.kelp.patch.dense/detail___family.kelp.patch.dense.png,.png,1024,1024,RGB,2048|512,1,-1|1|25,1,0,0,1048576,1.000,1.333,1190357,1.135,,,,,,,,,,,,,,,,,,,,,,,,,Keep compressed; atlas if grouped with small sibling textures.,STATIC_SOURCE
texture,Assets/_Project/Art/TEXTURES/WorldProceduralFlora/Imported/family.kelp.patch.dense/mask___family.kelp.patch.dense.png,.png,1024,1024,RGBA,2048|512,1,-1|1|25,1,0,0,1048576,1.000,1.333,718108,0.685,,,,,,,,,,,,,,,,,,,,,,,,,Channel-pack masks into one RGBA texture; avoid separate AO/spec maps.,STATIC_SOURCE
texture,Assets/_Project/Art/TEXTURES/WorldProceduralFlora/Imported/family.kelp.patch.dense/normal___family.kelp.patch.dense.png,.png,1024,1024,RGB,2048|512,1,-1|1|27,1,0,1,1048576,1.000,1.333,2058784,1.963,,,,,,,,,,,,,,,,,,,,,,,,,Use BC5 normal import; Low tier cap 1024 unless hero close-read asset.,STATIC_SOURCE
texture,Assets/_Project/Art/TEXTURES/WorldProceduralFlora/Imported/family.kelp.tall/albedo___family.kelp.tall.png,.png,1024,1024,RGB,2048|512,1,-1|1|25,1,0,0,1048576,1.000,1.333,1159630,1.106,,,,,,,,,,,,,,,,,,,,,,,,,Keep compressed; atlas if grouped with small sibling textures.,STATIC_SOURCE
texture,Assets/_Project/Art/TEXTURES/WorldProceduralFlora/Imported/family.kelp.tall/detail___family.kelp.tall.png,.png,1024,1024,RGB,1024|512,1,-1|1|25,1,0,0,1048576,1.000,1.333,1190357,1.135,,,,,,,,,,,,,,,,,,,,,,,,,Keep compressed; atlas if grouped with small sibling textures.,STATIC_SOURCE
texture,Assets/_Project/Art/TEXTURES/WorldProceduralFlora/Imported/family.kelp.tall/mask___family.kelp.tall.png,.png,1024,1024,RGBA,2048|512,1,-1|1|25,1,0,0,1048576,1.000,1.333,718108,0.685,,,,,,,,,,,,,,,,,,,,,,,,,Channel-pack masks into one RGBA texture; avoid separate AO/spec maps.,STATIC_SOURCE
texture,Assets/_Project/Art/TEXTURES/WorldProceduralFlora/Imported/family.kelp.tall/normal___family.kelp.tall.png,.png,1024,1024,RGB,2048|512,1,-1|1|27,1,0,1,1048576,1.000,1.333,2058784,1.963,,,,,,,,,,,,,,,,,,,,,,,,,Use BC5 normal import; Low tier cap 1024 unless hero close-read asset.,STATIC_SOURCE
texture,Assets/_Project/Art/TEXTURES/WorldProceduralFlora/TX_ProceduralBio_Shallows_AlbedoAtlas.png,.png,1024,1024,RGBA,1024|2048|512,1,-1|1|25,0,0,0,1048576,1.000,1.333,1745759,1.665,,,,,,,,,,,,,,,,,,,,,,,,,Keep compressed; atlas if grouped with small sibling textures.,STATIC_SOURCE
texture,Assets/_Project/Art/TEXTURES/WorldProceduralFlora/TX_ProceduralBio_Shallows_MatCap.png,.png,1024,1024,RGBA,1024|2048|512,1,-1|1|25,0,0,0,1048576,1.000,1.333,153956,0.147,,,,,,,,,,,,,,,,,,,,,,,,,Keep compressed; atlas if grouped with small sibling textures.,STATIC_SOURCE
texture,Assets/_Project/Art/TEXTURES/WorldProceduralFlora/TX_ProceduralBio_Shallows_NormalAtlas.png,.png,1024,1024,RGBA,1024|2048|512,1,-1|1|27,0,0,1,1048576,1.000,1.333,1762736,1.681,,,,,,,,,,,,,,,,,,,,,,,,,Use BC5 normal import; Low tier cap 1024 unless hero close-read asset.,STATIC_SOURCE
texture,Assets/_Project/Art/TEXTURES/WorldProceduralFlora/TX_ProceduralBio_Shallows_ORMAtlas.png,.png,1024,1024,RGBA,1024|2048|512,1,-1|1|25,0,0,0,1048576,1.000,1.333,2236416,2.133,,,,,,,,,,,,,,,,,,,,,,,,,Keep compressed; atlas if grouped with small sibling textures.,STATIC_SOURCE
texture,Assets/_Project/Scenes/02_HECTON_WORLD/ReflectionProbe-0.exr,.exr,768,128,EXR,2048,1,-1|1,0,0,0,98304,0.094,0.125,219834,0.210,,,,,,,,,,,,,,,,,,,,,,,HDR_TEXTURE_CONTAINER_STATIC_SUSPECT,,Verify HDR import format/probe or skybox residency; keep only tier-gated or baked proof for MX350.,STATIC_SOURCE
texture,Assets/AmplifyImpostors/Plugins/EditorResources/Textures/About.png,.png,482,150,RGB,2048,0,-1,,0,2,72300,0.069,0.092,57164,0.055,,,,,,,,,,,,,,,,,,,,,,,,,Keep compressed; atlas if grouped with small sibling textures.,STATIC_SOURCE
texture,Assets/AmplifyImpostors/Plugins/EditorResources/Textures/Icon64.png,.png,160,160,RGBA,2048|64,0,-1|1,0,0,2,25600,0.024,0.033,28499,0.027,,,,,,,,,,,,,,,,,,,,,,,VRAM CRIME: UNCOMPRESSED_RGBA32_STATIC_SUSPECT,,Keep compressed; atlas if grouped with small sibling textures.,STATIC_SOURCE
texture,Assets/AmplifyImpostors/Plugins/EditorResources/Textures/TransparentPixel.png,.png,1,1,LA,2048,,-1,,0,2,1,0.000,0.000,68,0.000,,,,,,,,,,,,,,,,,,,,,,,,,Keep compressed; atlas if grouped with small sibling textures.,STATIC_SOURCE
texture,Assets/Bakery/emptyDirection.tga,.tga,1,1,RGBA,2048,0,-1|1,,0,0,1,0.000,0.000,48,0.000,,,,,,,,,,,,,,,,,,,,,,,TGA_SOURCE_CONTAINER_STATIC_SUSPECT;VRAM CRIME: UNCOMPRESSED_RGBA32_STATIC_SUSPECT,,Verify production import compression; convert to standard compressed source if kept in runtime payload.,STATIC_SOURCE
texture,Assets/Bakery/ftUnitySpotTexture.bmp,.bmp,128,128,RGB,2048,0,-1|1,,0,0,16384,0.016,0.021,49208,0.047,,,,,,,,,,,,,,,,,,,,,,,BMP_SOURCE_CONTAINER_STATIC_SUSPECT,,Verify production import compression; convert to standard compressed source if kept in runtime payload.,STATIC_SOURCE
texture,Assets/Crest/Crest/Icons/crest-oceanrender-logomark.png,.png,1024,1024,RGBA,2048,1,-1|1,,0,0,1048576,1.000,1.333,320074,0.305,,,,,,,,,,,,,,,,,,,,,,,,,Keep compressed; atlas if grouped with small sibling textures.,STATIC_SOURCE
texture,Assets/Crest/Crest/Textures/Caustics/Caustics_tex_color.png,.png,630,630,RGB,2048,1,-1|1,0,0,0,396900,0.379,0.505,408773,0.390,,,,,,,,,,,,,,,,,,,,,,,,,Keep compressed; atlas if grouped with small sibling textures.,STATIC_SOURCE
texture,Assets/Crest/Crest/Textures/foam.png,.png,512,512,RGBA,2048,1,-1|1,,0,0,262144,0.250,0.333,751949,0.717,,,,,,,,,,,,,,,,,,,,,,,,,Keep compressed; atlas if grouped with small sibling textures.,STATIC_SOURCE
texture,Assets/Crest/Crest/Textures/Foam2.png,.png,450,450,L,2048,1,-1|1,0,0,0,202500,0.193,0.257,98476,0.094,,,,,,,,,,,,,,,,,,,,,,,,,Keep compressed; atlas if grouped with small sibling textures.,STATIC_SOURCE
texture,Assets/Crest/Crest/Textures/WaveNormals/WaveNormals.png,.png,1024,1024,RGB,2048,1,-1|1,0,0,1,1048576,1.000,1.333,1156066,1.103,,,,,,,,,,,,,,,,,,,,,,,,,Use BC5 normal import; Low tier cap 1024 unless hero close-read asset.,STATIC_SOURCE
texture,Assets/Editor/x64/Bakery/icon.png,.png,19,16,RGBA,2048,1,-1|1,,0,0,304,0.000,0.000,19396,0.018,,,,,,,,,,,,,,,,,,,,,,,,,Keep compressed; atlas if grouped with small sibling textures.,STATIC_SOURCE
texture,Assets/Feel/MMFeedbacks/Editor/Resources/FeelArrowDown.png,.png,16,16,RGBA,2048,1,-1|1,0,0,8,256,0.000,0.000,1045,0.001,,,,,,,,,,,,,,,,,,,,,,,,,Keep compressed; atlas if grouped with small sibling textures.,STATIC_SOURCE
texture,Assets/Feel/MMFeedbacks/Editor/Resources/FeelArrowUp.png,.png,16,16,RGBA,2048,1,-1|1,0,0,8,256,0.000,0.000,1049,0.001,,,,,,,,,,,,,,,,,,,,,,,,,Keep compressed; atlas if grouped with small sibling textures.,STATIC_SOURCE
texture,Assets/Feel/MMFeedbacks/Editor/Resources/FeelSetupRequired.png,.png,16,16,RGBA,2048,1,-1|1,0,0,0,256,0.000,0.000,1642,0.002,,,,,,,,,,,,,,,,,,,,,,,,,Keep compressed; atlas if grouped with small sibling textures.,STATIC_SOURCE
texture,Assets/Feel/MMFeedbacks/Editor/Sequencing/Resources/SequencerButtonBackground.png,.png,32,32,RGB,2048,1,-1|1,0,0,8,1024,0.001,0.001,958,0.001,,,,,,,,,,,,,,,,,,,,,,,,,Keep compressed; atlas if grouped with small sibling textures.,STATIC_SOURCE
texture,Assets/Feel/MMFeedbacks/Editor/Sequencing/Resources/SequencerDotBackground.png,.png,16,16,RGB,2048,1,-1|1,0,0,8,256,0.000,0.000,935,0.001,,,,,,,,,,,,,,,,,,,,,,,,,Keep compressed; atlas if grouped with small sibling textures.,STATIC_SOURCE
texture,Assets/Feel/MMTools/Demos/MMBezierLineRenderer/MMBezierLineRendererDemoDude.png,.png,512,512,RGBA,2048,1,-1|1,0,0,8,262144,0.250,0.333,19410,0.019,,,,,,,,,,,,,,,,,,,,,,,,,Keep compressed; atlas if grouped with small sibling textures.,STATIC_SOURCE
texture,Assets/Feel/MMTools/Demos/MMBezierLineRenderer/MMBezierLineRendererDemoDudeHand.png,.png,128,128,RGBA,2048,1,-1|1,0,0,8,16384,0.016,0.021,3059,0.003,,,,,,,,,,,,,,,,,,,,,,,,,Keep compressed; atlas if grouped with small sibling textures.,STATIC_SOURCE
texture,Assets/Feel/MMTools/Demos/MMControls/Sprites/MMControlsDemoSpritesheet.png,.png,1024,1024,RGBA,1024,1,-1,0,0,8,1048576,1.000,1.333,105880,0.101,,,,,,,,,,,,,,,,,,,,,,,,,Keep compressed; atlas if grouped with small sibling textures.,STATIC_SOURCE
texture,Assets/Feel/MMTools/Demos/MMPrototypeTextures/MMPrototypeTexturesDemo/ReflectionProbe-0.exr,.exr,768,128,EXR,2048,1,-1|1,0,0,0,98304,0.094,0.125,113753,0.108,,,,,,,,,,,,,,,,,,,,,,,HDR_TEXTURE_CONTAINER_STATIC_SUSPECT,,Verify HDR import format/probe or skybox residency; keep only tier-gated or baked proof for MX350.,STATIC_SOURCE
texture,Assets/Feel/MMTools/Demos/MMTween/Textures/PlotterAxis.png,.png,2048,2048,RGBA,2048,0,-1|1,0,0,8,4194304,4.000,5.333,23974,0.023,,,,,,,,,,,,,,,,,,,,,,,VRAM CRIME: UNCOMPRESSED_RGBA32_STATIC_SUSPECT;STREAMING_MIPMAPS_OFF_LARGE,,Low tier should halve source/import max; keep high mips only with hero or streaming proof.,STATIC_SOURCE
texture,Assets/Feel/MMTools/Tools/MMAchievements/Sprites/AchievementBackground.png,.png,512,128,RGB,2048,1,-1,0,0,8,65536,0.062,0.083,1914,0.002,,,,,,,,,,,,,,,,,,,,,,,,,Keep compressed; atlas if grouped with small sibling textures.,STATIC_SOURCE
texture,Assets/Feel/MMTools/Tools/MMAchievements/Sprites/AchievementBackgroundUnlocked.png,.png,512,128,RGB,2048,1,-1,0,0,8,65536,0.062,0.083,1823,0.002,,,,,,,,,,,,,,,,,,,,,,,,,Keep compressed; atlas if grouped with small sibling textures.,STATIC_SOURCE
texture,Assets/Feel/MMTools/Tools/MMAchievements/Sprites/AchievementIcon.png,.png,128,128,RGBA,2048,1,-1,0,0,8,16384,0.016,0.021,2738,0.003,,,,,,,,,,,,,,,,,,,,,,,,,Keep compressed; atlas if grouped with small sibling textures.,STATIC_SOURCE
texture,Assets/Feel/MMTools/Tools/MMDebugMenu/Sprites/MMDebugMenuSpritesheet.png,.png,1024,1024,RGBA,2048,1,-1|1,0,0,8,1048576,1.000,1.333,22346,0.021,,,,,,,,,,,,,,,,,,,,,,,,,Keep compressed; atlas if grouped with small sibling textures.,STATIC_SOURCE
texture,Assets/Feel/MMTools/Tools/MMDebugOnScreen/Sprites/MMLogo16x16.png,.png,32,32,RGBA,2048,1,-1|1,0,0,8,1024,0.001,0.001,1205,0.001,,,,,,,,,,,,,,,,,,,,,,,,,Keep compressed; atlas if grouped with small sibling textures.,STATIC_SOURCE
texture,Assets/Feel/MMTools/Tools/MMGUI/Sprites/MMFaderRoundMask.png,.png,1024,1024,RGBA,1024|2048,1,-1|1,0,0,8,1048576,1.000,1.333,19062,0.018,,,,,,,,,,,,,,,,,,,,,,,,,Channel-pack masks into one RGBA texture; avoid separate AO/spec maps.,STATIC_SOURCE
texture,Assets/Feel/MMTools/Tools/MMGUI/Sprites/MMTools_GUI_1x1.png,.png,1,1,RGB,2048,1,-1|1,0,0,8,1,0.000,0.000,909,0.001,,,,,,,,,,,,,,,,,,,,,,,,,Keep compressed; atlas if grouped with small sibling textures.,STATIC_SOURCE
texture,Assets/Feel/MMTools/Tools/MMPrototypeTextures/Textures/MMCheckers/MMCheckers.png,.png,1024,1024,RGB,2048,1,-1|1,0,0,0,1048576,1.000,1.333,7607,0.007,,,,,,,,,,,,,,,,,,,,,,,,,Keep compressed; atlas if grouped with small sibling textures.,STATIC_SOURCE
texture,Assets/Feel/MMTools/Tools/MMPrototypeTextures/Textures/MMPlastic/MMPlasticAO.png,.png,2048,2048,L,2048,1,-1|1,0,0,0,4194304,4.000,5.333,2747614,2.620,,,,,,,,,,,,,,,,,,,,,,,STREAMING_MIPMAPS_OFF_LARGE,,Channel-pack masks into one RGBA texture; avoid separate AO/spec maps.,STATIC_SOURCE
texture,Assets/Feel/MMTools/Tools/MMPrototypeTextures/Textures/MMPlastic/MMPlasticMetal.png,.png,2048,2048,RGB,2048,1,-1|1,0,0,0,4194304,4.000,5.333,13221,0.013,,,,,,,,,,,,,,,,,,,,,,,STREAMING_MIPMAPS_OFF_LARGE,,Channel-pack masks into one RGBA texture; avoid separate AO/spec maps.,STATIC_SOURCE
texture,Assets/Feel/MMTools/Tools/MMPrototypeTextures/Textures/MMPlastic/MMPlasticNormal.png,.png,2048,2048,RGB,2048,1,-1|1,0,0,1,4194304,4.000,5.333,4608398,4.395,,,,,,,,,,,,,,,,,,,,,,,STREAMING_MIPMAPS_OFF_LARGE,,Use BC5 normal import; Low tier cap 1024 unless hero close-read asset.,STATIC_SOURCE
texture,Assets/Feel/MMTools/Tools/MMPrototypeTextures/Textures/MMProtoTextures/MMProtoTextures_BlueCrosses.png,.png,1024,1024,RGB,2048,1,-1|1,0,0,0,1048576,1.000,1.333,14919,0.014,,,,,,,,,,,,,,,,,,,,,,,,,Keep compressed; atlas if grouped with small sibling textures.,STATIC_SOURCE
texture,Assets/Feel/MMTools/Tools/MMPrototypeTextures/Textures/MMProtoTextures/MMProtoTextures_BlueDots.png,.png,1024,1024,RGB,2048,1,-1|1,0,0,0,1048576,1.000,1.333,16302,0.016,,,,,,,,,,,,,,,,,,,,,,,,,Keep compressed; atlas if grouped with small sibling textures.,STATIC_SOURCE
texture,Assets/Feel/MMTools/Tools/MMPrototypeTextures/Textures/MMProtoTextures/MMProtoTextures_BlueFrame.png,.png,1024,1024,RGB,2048,1,-1|1,0,0,0,1048576,1.000,1.333,13522,0.013,,,,,,,,,,,,,,,,,,,,,,,,,Keep compressed; atlas if grouped with small sibling textures.,STATIC_SOURCE
texture,Assets/Feel/MMTools/Tools/MMPrototypeTextures/Textures/MMProtoTextures/MMProtoTextures_BlueSquares.png,.png,1024,1024,RGB,2048,1,-1|1,0,0,0,1048576,1.000,1.333,14363,0.014,,,,,,,,,,,,,,,,,,,,,,,,,Keep compressed; atlas if grouped with small sibling textures.,STATIC_SOURCE
texture,Assets/Feel/MMTools/Tools/MMPrototypeTextures/Textures/MMProtoTextures/MMProtoTextures_DarkGreyCrosses.png,.png,1024,1024,RGB,2048,1,-1|1,0,0,0,1048576,1.000,1.333,14766,0.014,,,,,,,,,,,,,,,,,,,,,,,,,Keep compressed; atlas if grouped with small sibling textures.,STATIC_SOURCE
texture,Assets/Feel/MMTools/Tools/MMPrototypeTextures/Textures/MMProtoTextures/MMProtoTextures_DarkGreyDots.png,.png,1024,1024,RGB,2048,1,-1|1,0,0,0,1048576,1.000,1.333,16234,0.015,,,,,,,,,,,,,,,,,,,,,,,,,Keep compressed; atlas if grouped with small sibling textures.,STATIC_SOURCE
texture,Assets/Feel/MMTools/Tools/MMPrototypeTextures/Textures/MMProtoTextures/MMProtoTextures_DarkGreyFrame.png,.png,1024,1024,RGB,2048,1,-1|1,0,0,0,1048576,1.000,1.333,13406,0.013,,,,,,,,,,,,,,,,,,,,,,,,,Keep compressed; atlas if grouped with small sibling textures.,STATIC_SOURCE
texture,Assets/Feel/MMTools/Tools/MMPrototypeTextures/Textures/MMProtoTextures/MMProtoTextures_DarkGreySquares.png,.png,1024,1024,RGB,2048,1,-1|1,0,0,0,1048576,1.000,1.333,14224,0.014,,,,,,,,,,,,,,,,,,,,,,,,,Keep compressed; atlas if grouped with small sibling textures.,STATIC_SOURCE
texture,Assets/Feel/MMTools/Tools/MMPrototypeTextures/Textures/MMProtoTextures/MMProtoTextures_GreenCrosses.png,.png,1024,1024,RGB,2048,1,-1|1,0,0,0,1048576,1.000,1.333,14782,0.014,,,,,,,,,,,,,,,,,,,,,,,,,Keep compressed; atlas if grouped with small sibling textures.,STATIC_SOURCE
texture,Assets/Feel/MMTools/Tools/MMPrototypeTextures/Textures/MMProtoTextures/MMProtoTextures_GreenDots.png,.png,1024,1024,RGB,2048,1,-1|1,0,0,0,1048576,1.000,1.333,16134,0.015,,,,,,,,,,,,,,,,,,,,,,,,,Keep compressed; atlas if grouped with small sibling textures.,STATIC_SOURCE
texture,Assets/Feel/MMTools/Tools/MMPrototypeTextures/Textures/MMProtoTextures/MMProtoTextures_GreenFrame.png,.png,1024,1024,RGB,2048,1,-1|1,0,0,0,1048576,1.000,1.333,13248,0.013,,,,,,,,,,,,,,,,,,,,,,,,,Keep compressed; atlas if grouped with small sibling textures.,STATIC_SOURCE
texture,Assets/Feel/MMTools/Tools/MMPrototypeTextures/Textures/MMProtoTextures/MMProtoTextures_GreenSquares.png,.png,1024,1024,RGB,2048,1,-1|1,0,0,0,1048576,1.000,1.333,14266,0.014,,,,,,,,,,,,,,,,,,,,,,,,,Keep compressed; atlas if grouped with small sibling textures.,STATIC_SOURCE
texture,Assets/Feel/MMTools/Tools/MMPrototypeTextures/Textures/MMProtoTextures/MMProtoTextures_LightGreyCrosses.png,.png,1024,1024,RGB,2048,1,-1|1,0,0,0,1048576,1.000,1.333,14212,0.014,,,,,,,,,,,,,,,,,,,,,,,,,Keep compressed; atlas if grouped with small sibling textures.,STATIC_SOURCE
texture,Assets/Feel/MMTools/Tools/MMPrototypeTextures/Textures/MMProtoTextures/MMProtoTextures_LightGreyDots.png,.png,1024,1024,RGB,2048,1,-1|1,0,0,0,1048576,1.000,1.333,15414,0.015,,,,,,,,,,,,,,,,,,,,,,,,,Keep compressed; atlas if grouped with small sibling textures.,STATIC_SOURCE
texture,Assets/Feel/MMTools/Tools/MMPrototypeTextures/Textures/MMProtoTextures/MMProtoTextures_LightGreyFrame.png,.png,1024,1024,RGB,2048,1,-1|1,0,0,0,1048576,1.000,1.333,12888,0.012,,,,,,,,,,,,,,,,,,,,,,,,,Keep compressed; atlas if grouped with small sibling textures.,STATIC_SOURCE
texture,Assets/Feel/MMTools/Tools/MMPrototypeTextures/Textures/MMProtoTextures/MMProtoTextures_LightGreySquares.png,.png,1024,1024,RGB,2048,1,-1|1,0,0,0,1048576,1.000,1.333,13683,0.013,,,,,,,,,,,,,,,,,,,,,,,,,Keep compressed; atlas if grouped with small sibling textures.,STATIC_SOURCE
texture,Assets/Feel/MMTools/Tools/MMPrototypeTextures/Textures/MMProtoTextures/MMProtoTextures_RedCrosses.png,.png,1024,1024,RGB,2048,1,-1|1,0,0,0,1048576,1.000,1.333,13321,0.013,,,,,,,,,,,,,,,,,,,,,,,,,Keep compressed; atlas if grouped with small sibling textures.,STATIC_SOURCE
texture,Assets/Feel/MMTools/Tools/MMPrototypeTextures/Textures/MMProtoTextures/MMProtoTextures_RedDots.png,.png,1024,1024,RGB,2048,1,-1|1,0,0,0,1048576,1.000,1.333,14650,0.014,,,,,,,,,,,,,,,,,,,,,,,,,Keep compressed; atlas if grouped with small sibling textures.,STATIC_SOURCE
texture,Assets/Feel/MMTools/Tools/MMPrototypeTextures/Textures/MMProtoTextures/MMProtoTextures_RedFrame.png,.png,1024,1024,RGB,2048,1,-1|1,0,0,0,1048576,1.000,1.333,12129,0.012,,,,,,,,,,,,,,,,,,,,,,,,,Keep compressed; atlas if grouped with small sibling textures.,STATIC_SOURCE
texture,Assets/Feel/MMTools/Tools/MMPrototypeTextures/Textures/MMProtoTextures/MMProtoTextures_RedSquares.png,.png,1024,1024,RGB,2048,1,-1|1,0,0,0,1048576,1.000,1.333,12866,0.012,,,,,,,,,,,,,,,,,,,,,,,,,Keep compressed; atlas if grouped with small sibling textures.,STATIC_SOURCE
texture,Assets/Feel/MMTools/Tools/MMPrototypeTextures/Textures/MMProtoTextures/MMProtoTextures_YellowCrosses.png,.png,1024,1024,RGB,2048,1,-1|1,0,0,0,1048576,1.000,1.333,13249,0.013,,,,,,,,,,,,,,,,,,,,,,,,,Keep compressed; atlas if grouped with small sibling textures.,STATIC_SOURCE
texture,Assets/Feel/MMTools/Tools/MMPrototypeTextures/Textures/MMProtoTextures/MMProtoTextures_YellowDots.png,.png,1024,1024,RGB,2048,1,-1|1,0,0,0,1048576,1.000,1.333,14453,0.014,,,,,,,,,,,,,,,,,,,,,,,,,Keep compressed; atlas if grouped with small sibling textures.,STATIC_SOURCE
texture,Assets/Feel/MMTools/Tools/MMPrototypeTextures/Textures/MMProtoTextures/MMProtoTextures_YellowFrame.png,.png,1024,1024,RGB,2048,1,-1|1,0,0,0,1048576,1.000,1.333,12026,0.011,,,,,,,,,,,,,,,,,,,,,,,,,Keep compressed; atlas if grouped with small sibling textures.,STATIC_SOURCE
texture,Assets/Feel/MMTools/Tools/MMPrototypeTextures/Textures/MMProtoTextures/MMProtoTextures_YellowSquares.png,.png,1024,1024,RGB,2048,1,-1|1,0,0,0,1048576,1.000,1.333,12791,0.012,,,,,,,,,,,,,,,,,,,,,,,,,Keep compressed; atlas if grouped with small sibling textures.,STATIC_SOURCE
texture,Assets/Feel/MMTools/Tools/MMSceneLoading/Sprites/LoadingAnimation.png,.png,1024,1024,P,1024,1,-1,0,0,8,1048576,1.000,1.333,26020,0.025,,,,,,,,,,,,,,,,,,,,,,,,,Keep compressed; atlas if grouped with small sibling textures.,STATIC_SOURCE
texture,Assets/Feel/MMTools/Tools/MMSceneLoading/Sprites/LoadingCompleteAnimation.png,.png,1024,1024,P,1024,1,-1,0,0,8,1048576,1.000,1.333,9562,0.009,,,,,,,,,,,,,,,,,,,,,,,,,Keep compressed; atlas if grouped with small sibling textures.,STATIC_SOURCE
texture,Assets/Feel/MMTools/Tools/MMSceneLoading/Sprites/LoadingProgressBar.png,.png,1024,1024,P,2048,1,-1,0,0,8,1048576,1.000,1.333,525,0.001,,,,,,,,,,,,,,,,,,,,,,,,,Keep compressed; atlas if grouped with small sibling textures.,STATIC_SOURCE
texture,Assets/Feel/MMTools/Tools/MMSceneLoading/Sprites/MoreMountainsLogo.png,.png,512,512,RGBA,2048,1,-1,0,0,8,262144,0.250,0.333,11536,0.011,,,,,,,,,,,,,,,,,,,,,,,,,Keep compressed; atlas if grouped with small sibling textures.,STATIC_SOURCE
texture,Assets/Feel/MMTools/Tools/MMVFX/MMBloomDirt/MMBloomDirt1.png,.png,3840,2160,RGBA,2048|4096,1,-1|1,0,0,0,8294400,7.910,10.547,5030733,4.798,,,,,,,,,,,,,,,,,,,,,,,VRAM CRIME: TEXTURE_GT_2048;VRAM CRIME: IMPORT_MAX_GT_2048;STREAMING_MIPMAPS_OFF_LARGE,,Low tier should halve source/import max; keep high mips only with hero or streaming proof.,STATIC_SOURCE
texture,Assets/Feel/MMTools/Tools/MMVFX/MMBloomDirt/MMBloomDirt2.png,.png,3840,2160,RGBA,2048|4096,1,-1|1,0,0,0,8294400,7.910,10.547,8524297,8.129,,,,,,,,,,,,,,,,,,,,,,,VRAM CRIME: TEXTURE_GT_2048;VRAM CRIME: IMPORT_MAX_GT_2048;STREAMING_MIPMAPS_OFF_LARGE,,Low tier should halve source/import max; keep high mips only with hero or streaming proof.,STATIC_SOURCE
texture,Assets/Feel/MMTools/Tools/MMVFX/MMBloomDirt/MMBloomDirt3.png,.png,1920,1080,RGB,2048|4096,1,-1|1,0,0,0,2073600,1.978,2.637,3114406,2.970,,,,,,,,,,,,,,,,,,,,,,,VRAM CRIME: IMPORT_MAX_GT_2048;STREAMING_MIPMAPS_OFF_LARGE,,Low tier should halve source/import max; keep high mips only with hero or streaming proof.,STATIC_SOURCE
texture,Assets/Feel/MMTools/Tools/MMVFX/MMBloomDirt/MMBloomDirt4.png,.png,3840,2160,RGBA,2048|4096,1,-1|1,0,0,0,8294400,7.910,10.547,5230447,4.988,,,,,,,,,,,,,,,,,,,,,,,VRAM CRIME: TEXTURE_GT_2048;VRAM CRIME: IMPORT_MAX_GT_2048;STREAMING_MIPMAPS_OFF_LARGE,,Low tier should halve source/import max; keep high mips only with hero or streaming proof.,STATIC_SOURCE
texture,Assets/Feel/MMTools/Tools/MMVFX/MMBrushes/MMBrush0.png,.png,512,512,RGB,2048,1,-1|1,0,0,0,262144,0.250,0.333,72572,0.069,,,,,,,,,,,,,,,,,,,,,,,,,Keep compressed; atlas if grouped with small sibling textures.,STATIC_SOURCE
texture,Assets/Feel/MMTools/Tools/MMVFX/MMBrushes/MMBrush1.png,.png,512,512,RGB,2048,1,-1|1,0,0,0,262144,0.250,0.333,186025,0.177,,,,,,,,,,,,,,,,,,,,,,,,,Keep compressed; atlas if grouped with small sibling textures.,STATIC_SOURCE
texture,Assets/Feel/MMTools/Tools/MMVFX/MMBrushes/MMBrush2.png,.png,512,512,RGB,2048,1,-1|1,0,0,0,262144,0.250,0.333,228970,0.218,,,,,,,,,,,,,,,,,,,,,,,,,Keep compressed; atlas if grouped with small sibling textures.,STATIC_SOURCE
texture,Assets/Feel/MMTools/Tools/MMVFX/MMBrushes/MMBrush3.png,.png,512,512,RGB,2048,1,-1|1,0,0,0,262144,0.250,0.333,83393,0.080,,,,,,,,,,,,,,,,,,,,,,,,,Keep compressed; atlas if grouped with small sibling textures.,STATIC_SOURCE
texture,Assets/Feel/MMTools/Tools/MMVFX/MMBrushes/MMBrush4.png,.png,512,512,RGB,2048,1,-1|1,0,0,0,262144,0.250,0.333,102762,0.098,,,,,,,,,,,,,,,,,,,,,,,,,Keep compressed; atlas if grouped with small sibling textures.,STATIC_SOURCE
texture,Assets/Feel/MMTools/Tools/MMVFX/MMBrushes/MMBrush5.png,.png,512,512,RGB,2048,1,-1|1,0,0,0,262144,0.250,0.333,115182,0.110,,,,,,,,,,,,,,,,,,,,,,,,,Keep compressed; atlas if grouped with small sibling textures.,STATIC_SOURCE
texture,Assets/Feel/MMTools/Tools/MMVFX/MMNoise/MMBayerNoise.png,.png,512,512,RGB,2048,1,-1|1,0,0,0,262144,0.250,0.333,3534,0.003,,,,,,,,,,,,,,,,,,,,,,,,,Keep compressed; atlas if grouped with small sibling textures.,STATIC_SOURCE
texture,Assets/Feel/MMTools/Tools/MMVFX/MMNoise/MMBlueNoise.png,.png,512,512,RGB,2048,1,-1|1,0,0,0,262144,0.250,0.333,209381,0.200,,,,,,,,,,,,,,,,,,,,,,,,,Keep compressed; atlas if grouped with small sibling textures.,STATIC_SOURCE
texture,Assets/Feel/MMTools/Tools/MMVFX/MMNoise/MMBrushNoise.png,.png,512,512,RGB,2048,1,-1|1,0,0,0,262144,0.250,0.333,140650,0.134,,,,,,,,,,,,,,,,,,,,,,,,,Keep compressed; atlas if grouped with small sibling textures.,STATIC_SOURCE
texture,Assets/Feel/MMTools/Tools/MMVFX/MMNoise/MMCellNoise.png,.png,1024,1024,RGB,2048,1,-1|1,0,0,0,1048576,1.000,1.333,678298,0.647,,,,,,,,,,,,,,,,,,,,,,,,,Keep compressed; atlas if grouped with small sibling textures.,STATIC_SOURCE
texture,Assets/Feel/MMTools/Tools/MMVFX/MMNoise/MMCloudsNoise.png,.png,512,512,RGB,2048,1,-1|1,0,0,0,262144,0.250,0.333,153560,0.146,,,,,,,,,,,,,,,,,,,,,,,,,Keep compressed; atlas if grouped with small sibling textures.,STATIC_SOURCE
texture,Assets/Feel/MMTools/Tools/MMVFX/MMNoise/MMFireDirectionalAltNoise.png,.png,1024,1024,RGB,2048,1,-1|1,0,0,0,1048576,1.000,1.333,947201,0.903,,,,,,,,,,,,,,,,,,,,,,,,,Keep compressed; atlas if grouped with small sibling textures.,STATIC_SOURCE
texture,Assets/Feel/MMTools/Tools/MMVFX/MMNoise/MMFireDirectionalNoise.png,.png,1024,1024,RGB,2048,1,-1|1,0,0,0,1048576,1.000,1.333,722121,0.689,,,,,,,,,,,,,,,,,,,,,,,,,Keep compressed; atlas if grouped with small sibling textures.,STATIC_SOURCE
texture,Assets/Feel/MMTools/Tools/MMVFX/MMNoise/MMFireNoise.png,.png,1024,1024,RGB,2048,1,-1|1,0,0,0,1048576,1.000,1.333,557531,0.532,,,,,,,,,,,,,,,,,,,,,,,,,Keep compressed; atlas if grouped with small sibling textures.,STATIC_SOURCE
texture,Assets/Feel/MMTools/Tools/MMVFX/MMNoise/MMFlowNoise.png,.png,512,512,RGB,2048,1,-1|1,0,0,0,262144,0.250,0.333,201715,0.192,,,,,,,,,,,,,,,,,,,,,,,,,Keep compressed; atlas if grouped with small sibling textures.,STATIC_SOURCE
texture,Assets/Feel/MMTools/Tools/MMVFX/MMNoise/MMPerlinNoise.png,.png,512,512,RGB,2048,1,-1|1,0,0,0,262144,0.250,0.333,124680,0.119,,,,,,,,,,,,,,,,,,,,,,,,,Keep compressed; atlas if grouped with small sibling textures.,STATIC_SOURCE
texture,Assets/Feel/MMTools/Tools/MMVFX/MMNoise/MMSimplexNoise.png,.png,512,512,RGB,2048,1,-1|1,0,0,0,262144,0.250,0.333,83788,0.080,,,,,,,,,,,,,,,,,,,,,,,,,Keep compressed; atlas if grouped with small sibling textures.,STATIC_SOURCE
texture,Assets/Feel/MMTools/Tools/MMVFX/MMNoise/MMVoronoiNoise.png,.png,1024,1024,RGB,2048,1,-1|1,0,0,0,1048576,1.000,1.333,278508,0.266,,,,,,,,,,,,,,,,,,,,,,,,,Keep compressed; atlas if grouped with small sibling textures.,STATIC_SOURCE
texture,Assets/Feel/MMTools/Tools/MMVFX/MMNoise/MMWhiteNoise.png,.png,512,512,RGB,2048,1,-1|1,0,0,0,262144,0.250,0.333,252436,0.241,,,,,,,,,,,,,,,,,,,,,,,,,Keep compressed; atlas if grouped with small sibling textures.,STATIC_SOURCE
texture,Assets/Feel/MMTools/Tools/MMVFX/MMPalette/MMLowPolyPalette.png,.png,512,512,RGB,2048,1,-1|1,0,0,8,262144,0.250,0.333,67404,0.064,,,,,,,,,,,,,,,,,,,,,,,,,Keep compressed; atlas if grouped with small sibling textures.,STATIC_SOURCE
texture,Assets/Feel/MMTools/Tools/MMVFX/MMParticles/MMParticlesBlackSun.png,.png,512,512,RGB,2048,1,-1|1,0,0,0,262144,0.250,0.333,55032,0.052,,,,,,,,,,,,,,,,,,,,,,,,,Keep compressed; atlas if grouped with small sibling textures.,STATIC_SOURCE
texture,Assets/Feel/MMTools/Tools/MMVFX/MMParticles/MMParticlesBolt.png,.png,512,512,RGB,2048,1,-1|1,0,0,0,262144,0.250,0.333,25244,0.024,,,,,,,,,,,,,,,,,,,,,,,,,Keep compressed; atlas if grouped with small sibling textures.,STATIC_SOURCE
texture,Assets/Feel/MMTools/Tools/MMVFX/MMParticles/MMParticlesDust.png,.png,512,512,RGB,2048,1,-1|1,0,0,0,262144,0.250,0.333,10880,0.010,,,,,,,,,,,,,,,,,,,,,,,,,Keep compressed; atlas if grouped with small sibling textures.,STATIC_SOURCE
texture,Assets/Feel/MMTools/Tools/MMVFX/MMParticles/MMParticlesEclipse.png,.png,512,512,RGB,2048,1,-1|1,0,0,0,262144,0.250,0.333,38809,0.037,,,,,,,,,,,,,,,,,,,,,,,,,Keep compressed; atlas if grouped with small sibling textures.,STATIC_SOURCE
texture,Assets/Feel/MMTools/Tools/MMVFX/MMParticles/MMParticlesExplosion.png,.png,512,512,RGB,2048,1,-1|1,0,0,0,262144,0.250,0.333,62956,0.060,,,,,,,,,,,,,,,,,,,,,,,,,Keep compressed; atlas if grouped with small sibling textures.,STATIC_SOURCE
texture,Assets/Feel/MMTools/Tools/MMVFX/MMParticles/MMParticlesFlare.png,.png,512,512,RGB,2048,1,-1|1,0,0,0,262144,0.250,0.333,5035,0.005,,,,,,,,,,,,,,,,,,,,,,,,,Keep compressed; atlas if grouped with small sibling textures.,STATIC_SOURCE
texture,Assets/Feel/MMTools/Tools/MMVFX/MMParticles/MMParticlesFlash.png,.png,512,512,RGB,2048,1,-1|1,0,0,0,262144,0.250,0.333,12156,0.012,,,,,,,,,,,,,,,,,,,,,,,,,Keep compressed; atlas if grouped with small sibling textures.,STATIC_SOURCE
texture,Assets/Feel/MMTools/Tools/MMVFX/MMParticles/MMParticlesGamma.png,.png,512,512,RGB,2048,1,-1|1,0,0,0,262144,0.250,0.333,24389,0.023,,,,,,,,,,,,,,,,,,,,,,,,,Keep compressed; atlas if grouped with small sibling textures.,STATIC_SOURCE
texture,Assets/Feel/MMTools/Tools/MMVFX/MMParticles/MMParticlesHit.png,.png,512,512,RGB,2048,1,-1|1,0,0,0,262144,0.250,0.333,10781,0.010,,,,,,,,,,,,,,,,,,,,,,,,,Keep compressed; atlas if grouped with small sibling textures.,STATIC_SOURCE
texture,Assets/Feel/MMTools/Tools/MMVFX/MMParticles/MMParticlesJab.png,.png,512,512,RGB,2048,1,-1|1,0,0,0,262144,0.250,0.333,10299,0.010,,,,,,,,,,,,,,,,,,,,,,,,,Keep compressed; atlas if grouped with small sibling textures.,STATIC_SOURCE
texture,Assets/Feel/MMTools/Tools/MMVFX/MMParticles/MMParticlesLight.png,.png,512,512,RGB,2048,1,-1|1,0,0,0,262144,0.250,0.333,25175,0.024,,,,,,,,,,,,,,,,,,,,,,,,,Keep compressed; atlas if grouped with small sibling textures.,STATIC_SOURCE
texture,Assets/Feel/MMTools/Tools/MMVFX/MMParticles/MMParticlesSlash.png,.png,512,512,RGB,2048,1,-1|1,0,0,0,262144,0.250,0.333,12431,0.012,,,,,,,,,,,,,,,,,,,,,,,,,Keep compressed; atlas if grouped with small sibling textures.,STATIC_SOURCE
texture,Assets/Feel/MMTools/Tools/MMVFX/MMParticles/MMParticlesSmoke.png,.png,512,512,RGB,2048,1,-1|1,0,0,0,262144,0.250,0.333,58095,0.055,,,,,,,,,,,,,,,,,,,,,,,,,Keep compressed; atlas if grouped with small sibling textures.,STATIC_SOURCE
texture,Assets/Feel/MMTools/Tools/MMVFX/MMParticles/MMParticlesStar.png,.png,512,512,RGB,2048,1,-1|1,0,0,0,262144,0.250,0.333,12113,0.012,,,,,,,,,,,,,,,,,,,,,,,,,Keep compressed; atlas if grouped with small sibling textures.,STATIC_SOURCE
texture,Assets/Feel/MMTools/Tools/MMVFX/MMParticles/MMParticlesStorm.png,.png,512,512,RGB,2048,1,-1|1,0,0,0,262144,0.250,0.333,89543,0.085,,,,,,,,,,,,,,,,,,,,,,,,,Keep compressed; atlas if grouped with small sibling textures.,STATIC_SOURCE
texture,Assets/Feel/MMTools/Tools/MMVFX/MMParticles/MMParticlesWhirlwind.png,.png,512,512,RGB,2048,1,-1|1,0,0,0,262144,0.250,0.333,97171,0.093,,,,,,,,,,,,,,,,,,,,,,,,,Keep compressed; atlas if grouped with small sibling textures.,STATIC_SOURCE
texture,Assets/Feel/MMTools/Tools/MMVFX/MMRamps/MMRamp0.png,.png,256,256,RGB,2048,1,-1|1,0,0,0,65536,0.062,0.083,1559,0.001,,,,,,,,,,,,,,,,,,,,,,,,,Keep compressed; atlas if grouped with small sibling textures.,STATIC_SOURCE
texture,Assets/Feel/MMTools/Tools/MMVFX/MMRamps/MMRamp1.png,.png,256,256,RGB,2048,1,-1|1,0,0,0,65536,0.062,0.083,2811,0.003,,,,,,,,,,,,,,,,,,,,,,,,,Keep compressed; atlas if grouped with small sibling textures.,STATIC_SOURCE
texture,Assets/Feel/MMTools/Tools/MMVFX/MMRamps/MMRamp2.png,.png,256,256,RGB,2048,1,-1|1,0,0,0,65536,0.062,0.083,3621,0.003,,,,,,,,,,,,,,,,,,,,,,,,,Keep compressed; atlas if grouped with small sibling textures.,STATIC_SOURCE
texture,Assets/Feel/MMTools/Tools/MMVFX/MMRamps/MMRamp3.png,.png,256,256,RGB,2048,1,-1|1,0,0,0,65536,0.062,0.083,1616,0.002,,,,,,,,,,,,,,,,,,,,,,,,,Keep compressed; atlas if grouped with small sibling textures.,STATIC_SOURCE
texture,Assets/Feel/MMTools/Tools/MMVFX/MMRamps/MMRamp4.png,.png,256,256,RGB,2048,1,-1|1,0,0,0,65536,0.062,0.083,1535,0.001,,,,,,,,,,,,,,,,,,,,,,,,,Keep compressed; atlas if grouped with small sibling textures.,STATIC_SOURCE
texture,Assets/Feel/MMTools/Tools/MMVFX/MMRamps/MMRamp5.png,.png,256,256,RGB,2048,1,-1|1,0,0,0,65536,0.062,0.083,1583,0.002,,,,,,,,,,,,,,,,,,,,,,,,,Keep compressed; atlas if grouped with small sibling textures.,STATIC_SOURCE
texture,Assets/Feel/MMTools/Tools/MMVFX/MMRamps/MMRamp6.png,.png,256,256,RGB,2048,1,-1|1,0,0,0,65536,0.062,0.083,2540,0.002,,,,,,,,,,,,,,,,,,,,,,,,,Keep compressed; atlas if grouped with small sibling textures.,STATIC_SOURCE
texture,Assets/Feel/MMTools/Tools/MMVFX/MMRamps/MMRamp7.png,.png,256,256,RGB,2048,1,-1|1,0,0,0,65536,0.062,0.083,1814,0.002,,,,,,,,,,,,,,,,,,,,,,,,,Keep compressed; atlas if grouped with small sibling textures.,STATIC_SOURCE
texture,Assets/Feel/MMTools/Tools/MMVFX/MMRipple/MMRippleBubble1NM.png,.png,512,512,RGB,2048,1,-1|1,0,0,1,262144,0.250,0.333,112290,0.107,,,,,,,,,,,,,,,,,,,,,,,,,Keep compressed; atlas if grouped with small sibling textures.,STATIC_SOURCE
texture,Assets/Feel/MMTools/Tools/MMVFX/MMRipple/MMRippleCircle1NM.png,.png,512,512,RGB,2048,1,-1|1,,0,1,262144,0.250,0.333,104732,0.100,,,,,,,,,,,,,,,,,,,,,,,,,Keep compressed; atlas if grouped with small sibling textures.,STATIC_SOURCE
texture,Assets/Feel/MMTools/Tools/MMVFX/MMRipple/MMRippleCircle2NM.png,.png,512,512,RGB,2048,1,-1|1,0,0,1,262144,0.250,0.333,134499,0.128,,,,,,,,,,,,,,,,,,,,,,,,,Keep compressed; atlas if grouped with small sibling textures.,STATIC_SOURCE
texture,Assets/Feel/MMTools/Tools/MMVFX/MMRipple/MMRippleCircle3NM.png,.png,512,512,RGB,2048,1,-1|1,0,0,1,262144,0.250,0.333,137250,0.131,,,,,,,,,,,,,,,,,,,,,,,,,Keep compressed; atlas if grouped with small sibling textures.,STATIC_SOURCE
texture,Assets/Feel/MMTools/Tools/MMVFX/MMRipple/MMRippleRosace1NM.png,.png,512,512,RGB,2048,1,-1|1,0,0,1,262144,0.250,0.333,498348,0.475,,,,,,,,,,,,,,,,,,,,,,,,,Keep compressed; atlas if grouped with small sibling textures.,STATIC_SOURCE
texture,Assets/Feel/MMTools/Tools/MMVFX/MMRipple/MMRippleSaw1NM.png,.png,512,512,RGB,2048,1,-1|1,0,0,1,262144,0.250,0.333,109260,0.104,,,,,,,,,,,,,,,,,,,,,,,,,Keep compressed; atlas if grouped with small sibling textures.,STATIC_SOURCE
texture,Assets/Feel/MMTools/Tools/MMVFX/MMRipple/MMRippleSaw2NM.png,.png,512,512,RGB,2048,1,-1|1,0,0,0,262144,0.250,0.333,98576,0.094,,,,,,,,,,,,,,,,,,,,,,,,,Keep compressed; atlas if grouped with small sibling textures.,STATIC_SOURCE
texture,Assets/Feel/MMTools/Tools/MMVFX/MMRipple/MMRippleSpiral1NM.png,.png,512,512,RGB,2048,1,-1|1,0,0,1,262144,0.250,0.333,104319,0.099,,,,,,,,,,,,,,,,,,,,,,,,,Keep compressed; atlas if grouped with small sibling textures.,STATIC_SOURCE
texture,Assets/Feel/MMTools/Tools/MMVFX/MMRipple/MMRippleSpiral2NM.png,.png,512,512,RGB,2048,1,-1|1,0,0,1,262144,0.250,0.333,114974,0.110,,,,,,,,,,,,,,,,,,,,,,,,,Keep compressed; atlas if grouped with small sibling textures.,STATIC_SOURCE
texture,Assets/Feel/MMTools/Tools/MMVFX/MMRipple/MMRippleSquare1NM.png,.png,512,512,RGB,2048,1,-1|1,0,0,1,262144,0.250,0.333,74817,0.071,,,,,,,,,,,,,,,,,,,,,,,,,Keep compressed; atlas if grouped with small sibling textures.,STATIC_SOURCE
texture,Assets/Feel/MMTools/Tools/MMVFX/MMRipple/MMRippleWaves1NM.png,.png,512,512,RGB,2048,1,-1|1,0,0,1,262144,0.250,0.333,170755,0.163,,,,,,,,,,,,,,,,,,,,,,,,,Keep compressed; atlas if grouped with small sibling textures.,STATIC_SOURCE
texture,Assets/Feel/MMTools/Tools/MMVision/ConeOfVisionAlpha.png,.png,512,512,RGB,2048,1,-1|1,0,0,0,262144,0.250,0.333,43570,0.042,,,,,,,,,,,,,,,,,,,,,,,,,Keep compressed; atlas if grouped with small sibling textures.,STATIC_SOURCE
texture,Assets/Feel/NiceVibrations/Scripts/Components/Icons/HapticReceiverIcon.png,.png,300,300,RGBA,2048,1,-1|1,0,0,0,90000,0.086,0.114,4018,0.004,,,,,,,,,,,,,,,,,,,,,,,,,Keep compressed; atlas if grouped with small sibling textures.,STATIC_SOURCE
texture,Assets/Feel/NiceVibrations/Scripts/Components/Icons/HapticSourceIcon.png,.png,300,300,RGBA,2048,1,-1|1,0,0,0,90000,0.086,0.114,4751,0.005,,,,,,,,,,,,,,,,,,,,,,,,,Keep compressed; atlas if grouped with small sibling textures.,STATIC_SOURCE
texture,Assets/GPUInstancer/Resources/Textures/Editor/drop.png,.png,120,120,RGBA,2048,1,-1|1,0,0,2,14400,0.014,0.018,811,0.001,,,,,,,,,,,,,,,,,,,,,,,,,Keep compressed; atlas if grouped with small sibling textures.,STATIC_SOURCE
texture,Assets/GPUInstancer/Resources/Textures/Editor/dropPro.png,.png,120,120,RGBA,2048,1,-1|1,0,0,2,14400,0.014,0.018,859,0.001,,,,,,,,,,,,,,,,,,,,,,,,,Keep compressed; atlas if grouped with small sibling textures.,STATIC_SOURCE
texture,Assets/GPUInstancer/Resources/Textures/Editor/help_gpui.png,.png,24,24,RGBA,2048,1,-1|1,,0,2,576,0.001,0.001,1284,0.001,,,,,,,,,,,,,,,,,,,,,,,,,Keep compressed; atlas if grouped with small sibling textures.,STATIC_SOURCE
texture,Assets/GPUInstancer/Resources/Textures/Editor/help_gpui_active.png,.png,24,24,RGBA,2048,1,-1|1,,0,2,576,0.001,0.001,1349,0.001,,,,,,,,,,,,,,,,,,,,,,,,,Keep compressed; atlas if grouped with small sibling textures.,STATIC_SOURCE
texture,Assets/GPUInstancer/Resources/Textures/Editor/previewBox.png,.png,16,16,RGB,2048,1,-1|1,0,0,8,256,0.000,0.000,17368,0.017,,,,,,,,,,,,,,,,,,,,,,,,,Keep compressed; atlas if grouped with small sibling textures.,STATIC_SOURCE
texture,Assets/GPUInstancer/Resources/Textures/Noise/Fractal_Simplex_grayscale.png,.png,512,512,RGBA,2048,1,-1|1,,0,0,262144,0.250,0.333,241608,0.230,,,,,,,,,,,,,,,,,,,,,,,,,Keep compressed; atlas if grouped with small sibling textures.,STATIC_SOURCE
texture,Assets/GPUInstancer/Resources/Textures/Noise/Fractal_Simplex_normal.png,.png,512,512,RGBA,2048,1,-1|1,,0,1,262144,0.250,0.333,410485,0.391,,,,,,,,,,,,,,,,,,,,,,,,,Use BC5 normal import; Low tier cap 1024 unless hero close-read asset.,STATIC_SOURCE
texture,Assets/MantisLODEditor/Guide/background.png,.png,738,1,RGBA,2048,1,-1|1,0,0,0,738,0.001,0.001,1278,0.001,,,,,,,,,,,,,,,,,,,,,,,,,Keep compressed; atlas if grouped with small sibling textures.,STATIC_SOURCE
texture,Assets/MantisLODEditor/Guide/bar.png,.png,738,55,RGBA,2048,1,-1|1,0,0,0,40590,0.039,0.052,1668,0.002,,,,,,,,,,,,,,,,,,,,,,,,,Keep compressed; atlas if grouped with small sibling textures.,STATIC_SOURCE
texture,Assets/MantisLODEditor/Guide/footer.png,.png,738,53,RGBA,2048,1,-1|1,0,0,0,39114,0.037,0.050,2645,0.003,,,,,,,,,,,,,,,,,,,,,,,,,Keep compressed; atlas if grouped with small sibling textures.,STATIC_SOURCE
texture,Assets/MantisLODEditor/Guide/header.png,.png,738,111,RGBA,2048,1,-1|1,0,0,0,81918,0.078,0.104,3463,0.003,,,,,,,,,,,,,,,,,,,,,,,,,Keep compressed; atlas if grouped with small sibling textures.,STATIC_SOURCE
texture,Assets/MantisLODEditor/Guide/tab_back.png,.png,676,37,RGBA,2048,1,-1|1,0,0,0,25012,0.024,0.032,1743,0.002,,,,,,,,,,,,,,,,,,,,,,,,,Keep compressed; atlas if grouped with small sibling textures.,STATIC_SOURCE
texture,Assets/MapMagic/Brush/Editor/Resources/MapMagicBrush/DrawButton.png,.png,20,20,RGBA,2048,0,-1|1,0,0,2,400,0.000,0.001,2040,0.002,,,,,,,,,,,,,,,,,,,,,,,VRAM CRIME: UNCOMPRESSED_RGBA32_STATIC_SUSPECT,,Keep compressed; atlas if grouped with small sibling textures.,STATIC_SOURCE
texture,Assets/MapMagic/Brush/Editor/Resources/MapMagicBrush/DrawButton_pressed.png,.png,20,20,RGBA,2048,0,-1|1,0,0,2,400,0.000,0.001,2158,0.002,,,,,,,,,,,,,,,,,,,,,,,VRAM CRIME: UNCOMPRESSED_RGBA32_STATIC_SUSPECT,,Keep compressed; atlas if grouped with small sibling textures.,STATIC_SOURCE
texture,Assets/MapMagic/Brush/Editor/Resources/MapMagicBrush/DrawIcon.png,.png,36,36,RGBA,2048,0,-1|1,0,0,2,1296,0.001,0.002,4407,0.004,,,,,,,,,,,,,,,,,,,,,,,VRAM CRIME: UNCOMPRESSED_RGBA32_STATIC_SUSPECT,,Keep compressed; atlas if grouped with small sibling textures.,STATIC_SOURCE
texture,Assets/MapMagic/Brush/Editor/Resources/MapMagicBrush/pro/DrawButton.png,.png,20,20,RGBA,2048,0,-1|1,0,0,2,400,0.000,0.001,2018,0.002,,,,,,,,,,,,,,,,,,,,,,,VRAM CRIME: UNCOMPRESSED_RGBA32_STATIC_SUSPECT,,Keep compressed; atlas if grouped with small sibling textures.,STATIC_SOURCE
texture,Assets/MapMagic/Brush/Editor/Resources/MapMagicBrush/pro/DrawButton_pressed.png,.png,20,20,RGBA,2048,0,-1|1,0,0,2,400,0.000,0.001,2126,0.002,,,,,,,,,,,,,,,,,,,,,,,VRAM CRIME: UNCOMPRESSED_RGBA32_STATIC_SUSPECT,,Keep compressed; atlas if grouped with small sibling textures.,STATIC_SOURCE
texture,Assets/MapMagic/Brush/Editor/Resources/MapMagicBrush/pro/DrawIcon.png,.png,36,36,RGBA,2048,0,-1|1,0,0,2,1296,0.001,0.002,4611,0.004,,,,,,,,,,,,,,,,,,,,,,,VRAM CRIME: UNCOMPRESSED_RGBA32_STATIC_SUSPECT,,Keep compressed; atlas if grouped with small sibling textures.,STATIC_SOURCE
texture,Assets/MapMagic/Core/Editor/Resources/GeneratorIcons/Add.png,.png,36,36,RGBA,2048,0,-1|1,0,0,2,1296,0.001,0.002,1463,0.001,,,,,,,,,,,,,,,,,,,,,,,VRAM CRIME: UNCOMPRESSED_RGBA32_STATIC_SUSPECT,,Keep compressed; atlas if grouped with small sibling textures.,STATIC_SOURCE
texture,Assets/MapMagic/Core/Editor/Resources/GeneratorIcons/Adjust.png,.png,36,36,RGBA,2048,0,-1|1,0,0,2,1296,0.001,0.002,1293,0.001,,,,,,,,,,,,,,,,,,,,,,,VRAM CRIME: UNCOMPRESSED_RGBA32_STATIC_SUSPECT,,Keep compressed; atlas if grouped with small sibling textures.,STATIC_SOURCE
texture,Assets/MapMagic/Core/Editor/Resources/GeneratorIcons/AnyIn.png,.png,36,36,RGBA,2048,0,-1|1,0,0,2,1296,0.001,0.002,1859,0.002,,,,,,,,,,,,,,,,,,,,,,,VRAM CRIME: UNCOMPRESSED_RGBA32_STATIC_SUSPECT,,Keep compressed; atlas if grouped with small sibling textures.,STATIC_SOURCE
texture,Assets/MapMagic/Core/Editor/Resources/GeneratorIcons/AnyOut.png,.png,36,36,RGBA,2048,0,-1|1,0,0,2,1296,0.001,0.002,2029,0.002,,,,,,,,,,,,,,,,,,,,,,,VRAM CRIME: UNCOMPRESSED_RGBA32_STATIC_SUSPECT,,Keep compressed; atlas if grouped with small sibling textures.,STATIC_SOURCE
texture,Assets/MapMagic/Core/Editor/Resources/GeneratorIcons/Beach.png,.png,36,36,RGBA,2048,0,-1|1,0,0,2,1296,0.001,0.002,1636,0.002,,,,,,,,,,,,,,,,,,,,,,,VRAM CRIME: UNCOMPRESSED_RGBA32_STATIC_SUSPECT,,Keep compressed; atlas if grouped with small sibling textures.,STATIC_SOURCE
texture,Assets/MapMagic/Core/Editor/Resources/GeneratorIcons/Biome.png,.png,36,36,RGBA,2048,0,-1|1,0,0,2,1296,0.001,0.002,2016,0.002,,,,,,,,,,,,,,,,,,,,,,,VRAM CRIME: UNCOMPRESSED_RGBA32_STATIC_SUSPECT,,Keep compressed; atlas if grouped with small sibling textures.,STATIC_SOURCE
texture,Assets/MapMagic/Core/Editor/Resources/GeneratorIcons/Blend.png,.png,36,36,RGBA,2048,0,-1|1,0,0,2,1296,0.001,0.002,1808,0.002,,,,,,,,,,,,,,,,,,,,,,,VRAM CRIME: UNCOMPRESSED_RGBA32_STATIC_SUSPECT,,Keep compressed; atlas if grouped with small sibling textures.,STATIC_SOURCE
texture,Assets/MapMagic/Core/Editor/Resources/GeneratorIcons/Blur.png,.png,36,36,RGBA,2048,0,-1|1,0,0,2,1296,0.001,0.002,1754,0.002,,,,,,,,,,,,,,,,,,,,,,,VRAM CRIME: UNCOMPRESSED_RGBA32_STATIC_SUSPECT,,Keep compressed; atlas if grouped with small sibling textures.,STATIC_SOURCE
texture,Assets/MapMagic/Core/Editor/Resources/GeneratorIcons/BrushGrassIn.png,.png,36,36,RGBA,2048,0,-1|1,0,0,2,1296,0.001,0.002,2355,0.002,,,,,,,,,,,,,,,,,,,,,,,VRAM CRIME: UNCOMPRESSED_RGBA32_STATIC_SUSPECT,,Keep compressed; atlas if grouped with small sibling textures.,STATIC_SOURCE
texture,Assets/MapMagic/Core/Editor/Resources/GeneratorIcons/BrushGrassOut.png,.png,36,36,RGBA,2048,0,-1|1,0,0,2,1296,0.001,0.002,2346,0.002,,,,,,,,,,,,,,,,,,,,,,,VRAM CRIME: UNCOMPRESSED_RGBA32_STATIC_SUSPECT,,Keep compressed; atlas if grouped with small sibling textures.,STATIC_SOURCE
texture,Assets/MapMagic/Core/Editor/Resources/GeneratorIcons/BrushHeightIn.png,.png,36,36,RGBA,2048,0,-1|1,0,0,2,1296,0.001,0.002,2340,0.002,,,,,,,,,,,,,,,,,,,,,,,VRAM CRIME: UNCOMPRESSED_RGBA32_STATIC_SUSPECT,,Keep compressed; atlas if grouped with small sibling textures.,STATIC_SOURCE
texture,Assets/MapMagic/Core/Editor/Resources/GeneratorIcons/BrushHeightOut.png,.png,36,36,RGBA,2048,0,-1|1,0,0,2,1296,0.001,0.002,2352,0.002,,,,,,,,,,,,,,,,,,,,,,,VRAM CRIME: UNCOMPRESSED_RGBA32_STATIC_SUSPECT,,Keep compressed; atlas if grouped with small sibling textures.,STATIC_SOURCE
texture,Assets/MapMagic/Core/Editor/Resources/GeneratorIcons/BrushObjectsIn.png,.png,36,36,RGBA,2048,0,-1|1,0,0,2,1296,0.001,0.002,2948,0.003,,,,,,,,,,,,,,,,,,,,,,,VRAM CRIME: UNCOMPRESSED_RGBA32_STATIC_SUSPECT,,Keep compressed; atlas if grouped with small sibling textures.,STATIC_SOURCE
texture,Assets/MapMagic/Core/Editor/Resources/GeneratorIcons/BrushObjectsOut.png,.png,36,36,RGBA,2048,0,-1|1,0,0,2,1296,0.001,0.002,2982,0.003,,,,,,,,,,,,,,,,,,,,,,,VRAM CRIME: UNCOMPRESSED_RGBA32_STATIC_SUSPECT,,Keep compressed; atlas if grouped with small sibling textures.,STATIC_SOURCE
texture,Assets/MapMagic/Core/Editor/Resources/GeneratorIcons/BrushTexturesIn.png,.png,36,36,RGBA,2048,0,-1|1,0,0,2,1296,0.001,0.002,2095,0.002,,,,,,,,,,,,,,,,,,,,,,,VRAM CRIME: UNCOMPRESSED_RGBA32_STATIC_SUSPECT,,Keep compressed; atlas if grouped with small sibling textures.,STATIC_SOURCE
texture,Assets/MapMagic/Core/Editor/Resources/GeneratorIcons/BrushTexturesOut.png,.png,36,36,RGBA,2048,0,-1|1,0,0,2,1296,0.001,0.002,2036,0.002,,,,,,,,,,,,,,,,,,,,,,,VRAM CRIME: UNCOMPRESSED_RGBA32_STATIC_SUSPECT,,Keep compressed; atlas if grouped with small sibling textures.,STATIC_SOURCE
texture,Assets/MapMagic/Core/Editor/Resources/GeneratorIcons/BrushTreesIn.png,.png,36,36,RGBA,2048,0,-1|1,0,0,2,1296,0.001,0.002,2726,0.003,,,,,,,,,,,,,,,,,,,,,,,VRAM CRIME: UNCOMPRESSED_RGBA32_STATIC_SUSPECT,,Keep compressed; atlas if grouped with small sibling textures.,STATIC_SOURCE
texture,Assets/MapMagic/Core/Editor/Resources/GeneratorIcons/BrushTreesOut.png,.png,36,36,RGBA,2048,0,-1|1,0,0,2,1296,0.001,0.002,2726,0.003,,,,,,,,,,,,,,,,,,,,,,,VRAM CRIME: UNCOMPRESSED_RGBA32_STATIC_SUSPECT,,Keep compressed; atlas if grouped with small sibling textures.,STATIC_SOURCE
texture,Assets/MapMagic/Core/Editor/Resources/GeneratorIcons/Cavity.png,.png,36,36,RGBA,2048,0,-1|1,0,0,2,1296,0.001,0.002,1817,0.002,,,,,,,,,,,,,,,,,,,,,,,VRAM CRIME: UNCOMPRESSED_RGBA32_STATIC_SUSPECT,,Keep compressed; atlas if grouped with small sibling textures.,STATIC_SOURCE
texture,Assets/MapMagic/Core/Editor/Resources/GeneratorIcons/CleanUp.png,.png,36,36,RGBA,2048,0,-1|1,0,0,2,1296,0.001,0.002,1592,0.002,,,,,,,,,,,,,,,,,,,,,,,VRAM CRIME: UNCOMPRESSED_RGBA32_STATIC_SUSPECT,,Keep compressed; atlas if grouped with small sibling textures.,STATIC_SOURCE
texture,Assets/MapMagic/Core/Editor/Resources/GeneratorIcons/Combine.png,.png,36,36,RGBA,2048,0,-1|1,0,0,2,1296,0.001,0.002,1547,0.001,,,,,,,,,,,,,,,,,,,,,,,VRAM CRIME: UNCOMPRESSED_RGBA32_STATIC_SUSPECT,,Keep compressed; atlas if grouped with small sibling textures.,STATIC_SOURCE
texture,Assets/MapMagic/Core/Editor/Resources/GeneratorIcons/Constant.png,.png,36,36,RGBA,2048,0,-1|1,0,0,2,1296,0.001,0.002,1216,0.001,,,,,,,,,,,,,,,,,,,,,,,VRAM CRIME: UNCOMPRESSED_RGBA32_STATIC_SUSPECT,,Keep compressed; atlas if grouped with small sibling textures.,STATIC_SOURCE
texture,Assets/MapMagic/Core/Editor/Resources/GeneratorIcons/Contrast.png,.png,36,36,RGBA,2048,0,-1|1,0,0,2,1296,0.001,0.002,1929,0.002,,,,,,,,,,,,,,,,,,,,,,,VRAM CRIME: UNCOMPRESSED_RGBA32_STATIC_SUSPECT,,Keep compressed; atlas if grouped with small sibling textures.,STATIC_SOURCE
texture,Assets/MapMagic/Core/Editor/Resources/GeneratorIcons/Convert.png,.png,36,36,RGBA,2048,0,-1|1,0,0,2,1296,0.001,0.002,1218,0.001,,,,,,,,,,,,,,,,,,,,,,,VRAM CRIME: UNCOMPRESSED_RGBA32_STATIC_SUSPECT,,Keep compressed; atlas if grouped with small sibling textures.,STATIC_SOURCE
texture,Assets/MapMagic/Core/Editor/Resources/GeneratorIcons/Curve.png,.png,36,36,RGBA,2048,0,-1|1,,0,2,1296,0.001,0.002,1532,0.001,,,,,,,,,,,,,,,,,,,,,,,VRAM CRIME: UNCOMPRESSED_RGBA32_STATIC_SUSPECT,,Keep compressed; atlas if grouped with small sibling textures.,STATIC_SOURCE
texture,Assets/MapMagic/Core/Editor/Resources/GeneratorIcons/Direction.png,.png,36,36,RGBA,2048,0,-1|1,0,0,2,1296,0.001,0.002,2121,0.002,,,,,,,,,,,,,,,,,,,,,,,VRAM CRIME: UNCOMPRESSED_RGBA32_STATIC_SUSPECT,,Keep compressed; atlas if grouped with small sibling textures.,STATIC_SOURCE
texture,Assets/MapMagic/Core/Editor/Resources/GeneratorIcons/Erosion.png,.png,36,36,RGBA,2048,0,-1|1,0,0,2,1296,0.001,0.002,1921,0.002,,,,,,,,,,,,,,,,,,,,,,,VRAM CRIME: UNCOMPRESSED_RGBA32_STATIC_SUSPECT,,Keep compressed; atlas if grouped with small sibling textures.,STATIC_SOURCE
texture,Assets/MapMagic/Core/Editor/Resources/GeneratorIcons/Flatten.png,.png,36,36,RGBA,2048,0,-1|1,0,0,2,1296,0.001,0.002,1543,0.001,,,,,,,,,,,,,,,,,,,,,,,VRAM CRIME: UNCOMPRESSED_RGBA32_STATIC_SUSPECT,,Keep compressed; atlas if grouped with small sibling textures.,STATIC_SOURCE
texture,Assets/MapMagic/Core/Editor/Resources/GeneratorIcons/Floor.png,.png,36,36,RGBA,2048,0,-1|1,0,0,2,1296,0.001,0.002,2129,0.002,,,,,,,,,,,,,,,,,,,,,,,VRAM CRIME: UNCOMPRESSED_RGBA32_STATIC_SUSPECT,,Keep compressed; atlas if grouped with small sibling textures.,STATIC_SOURCE
texture,Assets/MapMagic/Core/Editor/Resources/GeneratorIcons/Forest.png,.png,36,36,RGBA,2048,0,-1|1,0,0,2,1296,0.001,0.002,2776,0.003,,,,,,,,,,,,,,,,,,,,,,,VRAM CRIME: UNCOMPRESSED_RGBA32_STATIC_SUSPECT,,Keep compressed; atlas if grouped with small sibling textures.,STATIC_SOURCE
texture,Assets/MapMagic/Core/Editor/Resources/GeneratorIcons/Function.png,.png,36,36,RGBA,2048,0,-1|1,0,0,2,1296,0.001,0.002,1784,0.002,,,,,,,,,,,,,,,,,,,,,,,VRAM CRIME: UNCOMPRESSED_RGBA32_STATIC_SUSPECT,,Keep compressed; atlas if grouped with small sibling textures.,STATIC_SOURCE
texture,Assets/MapMagic/Core/Editor/Resources/GeneratorIcons/FunctionIn.png,.png,36,36,RGBA,2048,0,-1|1,0,0,2,1296,0.001,0.002,2082,0.002,,,,,,,,,,,,,,,,,,,,,,,VRAM CRIME: UNCOMPRESSED_RGBA32_STATIC_SUSPECT,,Keep compressed; atlas if grouped with small sibling textures.,STATIC_SOURCE
texture,Assets/MapMagic/Core/Editor/Resources/GeneratorIcons/FunctionInput.png,.png,36,36,RGBA,2048,0,-1|1,0,0,2,1296,0.001,0.002,2081,0.002,,,,,,,,,,,,,,,,,,,,,,,VRAM CRIME: UNCOMPRESSED_RGBA32_STATIC_SUSPECT,,Keep compressed; atlas if grouped with small sibling textures.,STATIC_SOURCE
texture,Assets/MapMagic/Core/Editor/Resources/GeneratorIcons/FunctionOut.png,.png,36,36,RGBA,2048,0,-1|1,0,0,2,1296,0.001,0.002,1899,0.002,,,,,,,,,,,,,,,,,,,,,,,VRAM CRIME: UNCOMPRESSED_RGBA32_STATIC_SUSPECT,,Keep compressed; atlas if grouped with small sibling textures.,STATIC_SOURCE
texture,Assets/MapMagic/Core/Editor/Resources/GeneratorIcons/FunctionOutput.png,.png,36,36,RGBA,2048,0,-1|1,0,0,2,1296,0.001,0.002,1903,0.002,,,,,,,,,,,,,,,,,,,,,,,VRAM CRIME: UNCOMPRESSED_RGBA32_STATIC_SUSPECT,,Keep compressed; atlas if grouped with small sibling textures.,STATIC_SOURCE
texture,Assets/MapMagic/Core/Editor/Resources/GeneratorIcons/Generator.png,.png,36,36,RGBA,2048,0,-1|1,,0,2,1296,0.001,0.002,2109,0.002,,,,,,,,,,,,,,,,,,,,,,,VRAM CRIME: UNCOMPRESSED_RGBA32_STATIC_SUSPECT,,Keep compressed; atlas if grouped with small sibling textures.,STATIC_SOURCE
texture,Assets/MapMagic/Core/Editor/Resources/GeneratorIcons/GrassIn.png,.png,36,36,RGBA,2048,0,-1|1,0,0,2,1296,0.001,0.002,1716,0.002,,,,,,,,,,,,,,,,,,,,,,,VRAM CRIME: UNCOMPRESSED_RGBA32_STATIC_SUSPECT,,Keep compressed; atlas if grouped with small sibling textures.,STATIC_SOURCE
texture,Assets/MapMagic/Core/Editor/Resources/GeneratorIcons/GrassOut.png,.png,36,36,RGBA,2048,0,-1|1,0,0,2,1296,0.001,0.002,1861,0.002,,,,,,,,,,,,,,,,,,,,,,,VRAM CRIME: UNCOMPRESSED_RGBA32_STATIC_SUSPECT,,Keep compressed; atlas if grouped with small sibling textures.,STATIC_SOURCE
texture,Assets/MapMagic/Core/Editor/Resources/GeneratorIcons/HeightIn.png,.png,36,36,RGBA,2048,0,-1|1,0,0,2,1296,0.001,0.002,1917,0.002,,,,,,,,,,,,,,,,,,,,,,,VRAM CRIME: UNCOMPRESSED_RGBA32_STATIC_SUSPECT,,Keep compressed; atlas if grouped with small sibling textures.,STATIC_SOURCE
texture,Assets/MapMagic/Core/Editor/Resources/GeneratorIcons/HeightOut.png,.png,36,36,RGBA,2048,0,-1|1,0,0,2,1296,0.001,0.002,2047,0.002,,,,,,,,,,,,,,,,,,,,,,,VRAM CRIME: UNCOMPRESSED_RGBA32_STATIC_SUSPECT,,Keep compressed; atlas if grouped with small sibling textures.,STATIC_SOURCE
texture,Assets/MapMagic/Core/Editor/Resources/GeneratorIcons/Import.png,.png,36,36,RGBA,2048,0,-1|1,0,0,2,1296,0.001,0.002,1867,0.002,,,,,,,,,,,,,,,,,,,,,,,VRAM CRIME: UNCOMPRESSED_RGBA32_STATIC_SUSPECT,,Keep compressed; atlas if grouped with small sibling textures.,STATIC_SOURCE
texture,Assets/MapMagic/Core/Editor/Resources/GeneratorIcons/Ledge.png,.png,36,36,RGBA,2048,1,-1|1,0,0,2,1296,0.001,0.002,1674,0.002,,,,,,,,,,,,,,,,,,,,,,,,,Keep compressed; atlas if grouped with small sibling textures.,STATIC_SOURCE
texture,Assets/MapMagic/Core/Editor/Resources/GeneratorIcons/Levels.png,.png,36,36,RGBA,2048,0,-1|1,0,0,2,1296,0.001,0.002,1552,0.001,,,,,,,,,,,,,,,,,,,,,,,VRAM CRIME: UNCOMPRESSED_RGBA32_STATIC_SUSPECT,,Keep compressed; atlas if grouped with small sibling textures.,STATIC_SOURCE
texture,Assets/MapMagic/Core/Editor/Resources/GeneratorIcons/MapMask.png,.png,36,36,RGBA,2048,0,-1|1,0,0,2,1296,0.001,0.002,1451,0.001,,,,,,,,,,,,,,,,,,,,,,,VRAM CRIME: UNCOMPRESSED_RGBA32_STATIC_SUSPECT,,Channel-pack masks into one RGBA texture; avoid separate AO/spec maps.,STATIC_SOURCE
texture,Assets/MapMagic/Core/Editor/Resources/GeneratorIcons/MapSetAdd.png,.png,36,36,RGBA,2048,0,-1|1,0,0,2,1296,0.001,0.002,1463,0.001,,,,,,,,,,,,,,,,,,,,,,,VRAM CRIME: UNCOMPRESSED_RGBA32_STATIC_SUSPECT,,Keep compressed; atlas if grouped with small sibling textures.,STATIC_SOURCE
texture,Assets/MapMagic/Core/Editor/Resources/GeneratorIcons/MapSetCombine.png,.png,36,36,RGBA,2048,0,-1|1,0,0,2,1296,0.001,0.002,1159,0.001,,,,,,,,,,,,,,,,,,,,,,,VRAM CRIME: UNCOMPRESSED_RGBA32_STATIC_SUSPECT,,Keep compressed; atlas if grouped with small sibling textures.,STATIC_SOURCE
texture,Assets/MapMagic/Core/Editor/Resources/GeneratorIcons/MapSetCreate.png,.png,36,36,RGBA,2048,0,-1|1,0,0,2,1296,0.001,0.002,1137,0.001,,,,,,,,,,,,,,,,,,,,,,,VRAM CRIME: UNCOMPRESSED_RGBA32_STATIC_SUSPECT,,Keep compressed; atlas if grouped with small sibling textures.,STATIC_SOURCE
texture,Assets/MapMagic/Core/Editor/Resources/GeneratorIcons/MapSetPick.png,.png,36,36,RGBA,2048,0,-1|1,0,0,2,1296,0.001,0.002,1441,0.001,,,,,,,,,,,,,,,,,,,,,,,VRAM CRIME: UNCOMPRESSED_RGBA32_STATIC_SUSPECT,,Keep compressed; atlas if grouped with small sibling textures.,STATIC_SOURCE
texture,Assets/MapMagic/Core/Editor/Resources/GeneratorIcons/Move.png,.png,36,36,RGBA,2048,0,-1|1,0,0,2,1296,0.001,0.002,1626,0.002,,,,,,,,,,,,,,,,,,,,,,,VRAM CRIME: UNCOMPRESSED_RGBA32_STATIC_SUSPECT,,Keep compressed; atlas if grouped with small sibling textures.,STATIC_SOURCE
texture,Assets/MapMagic/Core/Editor/Resources/GeneratorIcons/MultiAdd.png,.png,36,36,RGBA,2048,0,-1|1,0,0,2,1296,0.001,0.002,1467,0.001,,,,,,,,,,,,,,,,,,,,,,,VRAM CRIME: UNCOMPRESSED_RGBA32_STATIC_SUSPECT,,Keep compressed; atlas if grouped with small sibling textures.,STATIC_SOURCE
texture,Assets/MapMagic/Core/Editor/Resources/GeneratorIcons/Noise.png,.png,36,36,RGBA,2048,0,-1|1,,0,2,1296,0.001,0.002,2166,0.002,,,,,,,,,,,,,,,,,,,,,,,VRAM CRIME: UNCOMPRESSED_RGBA32_STATIC_SUSPECT,,Keep compressed; atlas if grouped with small sibling textures.,STATIC_SOURCE
texture,Assets/MapMagic/Core/Editor/Resources/GeneratorIcons/Normalize.png,.png,36,36,RGBA,2048,0,-1|1,0,0,2,1296,0.001,0.002,2012,0.002,,,,,,,,,,,,,,,,,,,,,,,VRAM CRIME: UNCOMPRESSED_RGBA32_STATIC_SUSPECT,,Use BC5 normal import; Low tier cap 1024 unless hero close-read asset.,STATIC_SOURCE
texture,Assets/MapMagic/Core/Editor/Resources/GeneratorIcons/ObjectsAdjust.png,.png,36,36,RGBA,2048,0,-1|1,0,0,2,1296,0.001,0.002,2393,0.002,,,,,,,,,,,,,,,,,,,,,,,VRAM CRIME: UNCOMPRESSED_RGBA32_STATIC_SUSPECT,,Keep compressed; atlas if grouped with small sibling textures.,STATIC_SOURCE
texture,Assets/MapMagic/Core/Editor/Resources/GeneratorIcons/ObjectsIn.png,.png,36,36,RGBA,2048,0,-1|1,0,0,2,1296,0.001,0.002,2711,0.003,,,,,,,,,,,,,,,,,,,,,,,VRAM CRIME: UNCOMPRESSED_RGBA32_STATIC_SUSPECT,,Keep compressed; atlas if grouped with small sibling textures.,STATIC_SOURCE
texture,Assets/MapMagic/Core/Editor/Resources/GeneratorIcons/ObjectsMask.png,.png,36,36,RGBA,2048,0,-1|1,0,0,2,1296,0.001,0.002,1835,0.002,,,,,,,,,,,,,,,,,,,,,,,VRAM CRIME: UNCOMPRESSED_RGBA32_STATIC_SUSPECT,,Channel-pack masks into one RGBA texture; avoid separate AO/spec maps.,STATIC_SOURCE
texture,Assets/MapMagic/Core/Editor/Resources/GeneratorIcons/ObjectsOut.png,.png,36,36,RGBA,2048,0,-1|1,0,0,2,1296,0.001,0.002,2862,0.003,,,,,,,,,,,,,,,,,,,,,,,VRAM CRIME: UNCOMPRESSED_RGBA32_STATIC_SUSPECT,,Keep compressed; atlas if grouped with small sibling textures.,STATIC_SOURCE
texture,Assets/MapMagic/Core/Editor/Resources/GeneratorIcons/Parallax.png,.png,36,36,RGBA,2048,0,-1|1,0,0,2,1296,0.001,0.002,1867,0.002,,,,,,,,,,,,,,,,,,,,,,,VRAM CRIME: UNCOMPRESSED_RGBA32_STATIC_SUSPECT,,Keep compressed; atlas if grouped with small sibling textures.,STATIC_SOURCE
texture,Assets/MapMagic/Core/Editor/Resources/GeneratorIcons/Pick.png,.png,36,36,RGBA,2048,0,-1|1,0,0,2,1296,0.001,0.002,1441,0.001,,,,,,,,,,,,,,,,,,,,,,,VRAM CRIME: UNCOMPRESSED_RGBA32_STATIC_SUSPECT,,Keep compressed; atlas if grouped with small sibling textures.,STATIC_SOURCE
texture,Assets/MapMagic/Core/Editor/Resources/GeneratorIcons/PortalIn.png,.png,36,36,RGBA,2048,0,-1|1,,0,2,1296,0.001,0.002,1889,0.002,,,,,,,,,,,,,,,,,,,,,,,VRAM CRIME: UNCOMPRESSED_RGBA32_STATIC_SUSPECT,,Keep compressed; atlas if grouped with small sibling textures.,STATIC_SOURCE
texture,Assets/MapMagic/Core/Editor/Resources/GeneratorIcons/PortalOut.png,.png,36,36,RGBA,2048,0,-1|1,,0,2,1296,0.001,0.002,1943,0.002,,,,,,,,,,,,,,,,,,,,,,,VRAM CRIME: UNCOMPRESSED_RGBA32_STATIC_SUSPECT,,Keep compressed; atlas if grouped with small sibling textures.,STATIC_SOURCE
texture,Assets/MapMagic/Core/Editor/Resources/GeneratorIcons/Position.png,.png,36,36,RGBA,2048,0,-1|1,0,0,2,1296,0.001,0.002,1502,0.001,,,,,,,,,,,,,,,,,,,,,,,VRAM CRIME: UNCOMPRESSED_RGBA32_STATIC_SUSPECT,,Keep compressed; atlas if grouped with small sibling textures.,STATIC_SOURCE
texture,Assets/MapMagic/Core/Editor/Resources/GeneratorIcons/pro/Add.png,.png,36,36,RGBA,2048,0,-1|1,0,0,2,1296,0.001,0.002,1461,0.001,,,,,,,,,,,,,,,,,,,,,,,VRAM CRIME: UNCOMPRESSED_RGBA32_STATIC_SUSPECT,,Keep compressed; atlas if grouped with small sibling textures.,STATIC_SOURCE
texture,Assets/MapMagic/Core/Editor/Resources/GeneratorIcons/pro/Adjust.png,.png,36,36,RGBA,2048,0,-1|1,0,0,2,1296,0.001,0.002,1292,0.001,,,,,,,,,,,,,,,,,,,,,,,VRAM CRIME: UNCOMPRESSED_RGBA32_STATIC_SUSPECT,,Keep compressed; atlas if grouped with small sibling textures.,STATIC_SOURCE
texture,Assets/MapMagic/Core/Editor/Resources/GeneratorIcons/pro/AnyIn.png,.png,36,36,RGBA,2048,0,-1|1,0,0,2,1296,0.001,0.002,1861,0.002,,,,,,,,,,,,,,,,,,,,,,,VRAM CRIME: UNCOMPRESSED_RGBA32_STATIC_SUSPECT,,Keep compressed; atlas if grouped with small sibling textures.,STATIC_SOURCE
texture,Assets/MapMagic/Core/Editor/Resources/GeneratorIcons/pro/AnyOut.png,.png,36,36,RGBA,2048,0,-1|1,0,0,2,1296,0.001,0.002,2023,0.002,,,,,,,,,,,,,,,,,,,,,,,VRAM CRIME: UNCOMPRESSED_RGBA32_STATIC_SUSPECT,,Keep compressed; atlas if grouped with small sibling textures.,STATIC_SOURCE
texture,Assets/MapMagic/Core/Editor/Resources/GeneratorIcons/pro/Beach.png,.png,36,36,RGBA,2048,0,-1|1,0,0,2,1296,0.001,0.002,1631,0.002,,,,,,,,,,,,,,,,,,,,,,,VRAM CRIME: UNCOMPRESSED_RGBA32_STATIC_SUSPECT,,Keep compressed; atlas if grouped with small sibling textures.,STATIC_SOURCE
texture,Assets/MapMagic/Core/Editor/Resources/GeneratorIcons/pro/Biome.png,.png,36,36,RGBA,2048,0,-1|1,0,0,2,1296,0.001,0.002,2005,0.002,,,,,,,,,,,,,,,,,,,,,,,VRAM CRIME: UNCOMPRESSED_RGBA32_STATIC_SUSPECT,,Keep compressed; atlas if grouped with small sibling textures.,STATIC_SOURCE
texture,Assets/MapMagic/Core/Editor/Resources/GeneratorIcons/pro/Blend.png,.png,36,36,RGBA,2048,0,-1|1,0,0,2,1296,0.001,0.002,1798,0.002,,,,,,,,,,,,,,,,,,,,,,,VRAM CRIME: UNCOMPRESSED_RGBA32_STATIC_SUSPECT,,Keep compressed; atlas if grouped with small sibling textures.,STATIC_SOURCE
texture,Assets/MapMagic/Core/Editor/Resources/GeneratorIcons/pro/Blur.png,.png,36,36,RGBA,2048,0,-1|1,0,0,2,1296,0.001,0.002,1759,0.002,,,,,,,,,,,,,,,,,,,,,,,VRAM CRIME: UNCOMPRESSED_RGBA32_STATIC_SUSPECT,,Keep compressed; atlas if grouped with small sibling textures.,STATIC_SOURCE
texture,Assets/MapMagic/Core/Editor/Resources/GeneratorIcons/pro/BrushGrassIn.png,.png,36,36,RGBA,2048,0,-1|1,0,0,2,1296,0.001,0.002,2352,0.002,,,,,,,,,,,,,,,,,,,,,,,VRAM CRIME: UNCOMPRESSED_RGBA32_STATIC_SUSPECT,,Keep compressed; atlas if grouped with small sibling textures.,STATIC_SOURCE
texture,Assets/MapMagic/Core/Editor/Resources/GeneratorIcons/pro/BrushGrassOut.png,.png,36,36,RGBA,2048,0,-1|1,0,0,2,1296,0.001,0.002,2339,0.002,,,,,,,,,,,,,,,,,,,,,,,VRAM CRIME: UNCOMPRESSED_RGBA32_STATIC_SUSPECT,,Keep compressed; atlas if grouped with small sibling textures.,STATIC_SOURCE
texture,Assets/MapMagic/Core/Editor/Resources/GeneratorIcons/pro/BrushHeightIn.png,.png,36,36,RGBA,2048,0,-1|1,0,0,2,1296,0.001,0.002,2344,0.002,,,,,,,,,,,,,,,,,,,,,,,VRAM CRIME: UNCOMPRESSED_RGBA32_STATIC_SUSPECT,,Keep compressed; atlas if grouped with small sibling textures.,STATIC_SOURCE
texture,Assets/MapMagic/Core/Editor/Resources/GeneratorIcons/pro/BrushHeightOut.png,.png,36,36,RGBA,2048,0,-1|1,0,0,2,1296,0.001,0.002,2359,0.002,,,,,,,,,,,,,,,,,,,,,,,VRAM CRIME: UNCOMPRESSED_RGBA32_STATIC_SUSPECT,,Keep compressed; atlas if grouped with small sibling textures.,STATIC_SOURCE
texture,Assets/MapMagic/Core/Editor/Resources/GeneratorIcons/pro/BrushObjectsIn.png,.png,36,36,RGBA,2048,0,-1|1,0,0,2,1296,0.001,0.002,2942,0.003,,,,,,,,,,,,,,,,,,,,,,,VRAM CRIME: UNCOMPRESSED_RGBA32_STATIC_SUSPECT,,Keep compressed; atlas if grouped with small sibling textures.,STATIC_SOURCE
texture,Assets/MapMagic/Core/Editor/Resources/GeneratorIcons/pro/BrushObjectsOut.png,.png,36,36,RGBA,2048,0,-1|1,0,0,2,1296,0.001,0.002,2982,0.003,,,,,,,,,,,,,,,,,,,,,,,VRAM CRIME: UNCOMPRESSED_RGBA32_STATIC_SUSPECT,,Keep compressed; atlas if grouped with small sibling textures.,STATIC_SOURCE
texture,Assets/MapMagic/Core/Editor/Resources/GeneratorIcons/pro/BrushTexturesIn.png,.png,36,36,RGBA,2048,0,-1|1,0,0,2,1296,0.001,0.002,2095,0.002,,,,,,,,,,,,,,,,,,,,,,,VRAM CRIME: UNCOMPRESSED_RGBA32_STATIC_SUSPECT,,Keep compressed; atlas if grouped with small sibling textures.,STATIC_SOURCE
texture,Assets/MapMagic/Core/Editor/Resources/GeneratorIcons/pro/BrushTexturesOut.png,.png,36,36,RGBA,2048,0,-1|1,0,0,2,1296,0.001,0.002,2033,0.002,,,,,,,,,,,,,,,,,,,,,,,VRAM CRIME: UNCOMPRESSED_RGBA32_STATIC_SUSPECT,,Keep compressed; atlas if grouped with small sibling textures.,STATIC_SOURCE
texture,Assets/MapMagic/Core/Editor/Resources/GeneratorIcons/pro/BrushTreesIn.png,.png,36,36,RGBA,2048,0,-1|1,0,0,2,1296,0.001,0.002,2724,0.003,,,,,,,,,,,,,,,,,,,,,,,VRAM CRIME: UNCOMPRESSED_RGBA32_STATIC_SUSPECT,,Keep compressed; atlas if grouped with small sibling textures.,STATIC_SOURCE
texture,Assets/MapMagic/Core/Editor/Resources/GeneratorIcons/pro/BrushTreesOut.png,.png,36,36,RGBA,2048,0,-1|1,0,0,2,1296,0.001,0.002,2716,0.003,,,,,,,,,,,,,,,,,,,,,,,VRAM CRIME: UNCOMPRESSED_RGBA32_STATIC_SUSPECT,,Keep compressed; atlas if grouped with small sibling textures.,STATIC_SOURCE
texture,Assets/MapMagic/Core/Editor/Resources/GeneratorIcons/pro/Cavity.png,.png,36,36,RGBA,2048,0,-1|1,0,0,2,1296,0.001,0.002,1790,0.002,,,,,,,,,,,,,,,,,,,,,,,VRAM CRIME: UNCOMPRESSED_RGBA32_STATIC_SUSPECT,,Keep compressed; atlas if grouped with small sibling textures.,STATIC_SOURCE
texture,Assets/MapMagic/Core/Editor/Resources/GeneratorIcons/pro/CleanUp.png,.png,36,36,RGBA,2048,0,-1|1,0,0,2,1296,0.001,0.002,1583,0.002,,,,,,,,,,,,,,,,,,,,,,,VRAM CRIME: UNCOMPRESSED_RGBA32_STATIC_SUSPECT,,Keep compressed; atlas if grouped with small sibling textures.,STATIC_SOURCE
texture,Assets/MapMagic/Core/Editor/Resources/GeneratorIcons/pro/Combine.png,.png,36,36,RGBA,2048,0,-1|1,0,0,2,1296,0.001,0.002,1499,0.001,,,,,,,,,,,,,,,,,,,,,,,VRAM CRIME: UNCOMPRESSED_RGBA32_STATIC_SUSPECT,,Keep compressed; atlas if grouped with small sibling textures.,STATIC_SOURCE
texture,Assets/MapMagic/Core/Editor/Resources/GeneratorIcons/pro/Constant.png,.png,36,36,RGBA,2048,0,-1|1,0,0,2,1296,0.001,0.002,1217,0.001,,,,,,,,,,,,,,,,,,,,,,,VRAM CRIME: UNCOMPRESSED_RGBA32_STATIC_SUSPECT,,Keep compressed; atlas if grouped with small sibling textures.,STATIC_SOURCE
texture,Assets/MapMagic/Core/Editor/Resources/GeneratorIcons/pro/Contrast.png,.png,36,36,RGBA,2048,0,-1|1,0,0,2,1296,0.001,0.002,1933,0.002,,,,,,,,,,,,,,,,,,,,,,,VRAM CRIME: UNCOMPRESSED_RGBA32_STATIC_SUSPECT,,Keep compressed; atlas if grouped with small sibling textures.,STATIC_SOURCE
texture,Assets/MapMagic/Core/Editor/Resources/GeneratorIcons/pro/Convert.png,.png,36,36,RGBA,2048,0,-1|1,0,0,2,1296,0.001,0.002,1225,0.001,,,,,,,,,,,,,,,,,,,,,,,VRAM CRIME: UNCOMPRESSED_RGBA32_STATIC_SUSPECT,,Keep compressed; atlas if grouped with small sibling textures.,STATIC_SOURCE
texture,Assets/MapMagic/Core/Editor/Resources/GeneratorIcons/pro/Curve.png,.png,36,36,RGBA,2048,0,-1|1,,0,2,1296,0.001,0.002,1532,0.001,,,,,,,,,,,,,,,,,,,,,,,VRAM CRIME: UNCOMPRESSED_RGBA32_STATIC_SUSPECT,,Keep compressed; atlas if grouped with small sibling textures.,STATIC_SOURCE
texture,Assets/MapMagic/Core/Editor/Resources/GeneratorIcons/pro/Direction.png,.png,36,36,RGBA,2048,0,-1|1,0,0,2,1296,0.001,0.002,2111,0.002,,,,,,,,,,,,,,,,,,,,,,,VRAM CRIME: UNCOMPRESSED_RGBA32_STATIC_SUSPECT,,Keep compressed; atlas if grouped with small sibling textures.,STATIC_SOURCE
texture,Assets/MapMagic/Core/Editor/Resources/GeneratorIcons/pro/Erosion.png,.png,36,36,RGBA,2048,0,-1|1,0,0,2,1296,0.001,0.002,1906,0.002,,,,,,,,,,,,,,,,,,,,,,,VRAM CRIME: UNCOMPRESSED_RGBA32_STATIC_SUSPECT,,Keep compressed; atlas if grouped with small sibling textures.,STATIC_SOURCE
texture,Assets/MapMagic/Core/Editor/Resources/GeneratorIcons/pro/Flatten.png,.png,36,36,RGBA,2048,0,-1|1,0,0,2,1296,0.001,0.002,1545,0.001,,,,,,,,,,,,,,,,,,,,,,,VRAM CRIME: UNCOMPRESSED_RGBA32_STATIC_SUSPECT,,Keep compressed; atlas if grouped with small sibling textures.,STATIC_SOURCE
texture,Assets/MapMagic/Core/Editor/Resources/GeneratorIcons/pro/Floor.png,.png,36,36,RGBA,2048,0,-1|1,0,0,2,1296,0.001,0.002,2094,0.002,,,,,,,,,,,,,,,,,,,,,,,VRAM CRIME: UNCOMPRESSED_RGBA32_STATIC_SUSPECT,,Keep compressed; atlas if grouped with small sibling textures.,STATIC_SOURCE
texture,Assets/MapMagic/Core/Editor/Resources/GeneratorIcons/pro/Forest.png,.png,36,36,RGBA,2048,0,-1|1,0,0,2,1296,0.001,0.002,2778,0.003,,,,,,,,,,,,,,,,,,,,,,,VRAM CRIME: UNCOMPRESSED_RGBA32_STATIC_SUSPECT,,Keep compressed; atlas if grouped with small sibling textures.,STATIC_SOURCE
texture,Assets/MapMagic/Core/Editor/Resources/GeneratorIcons/pro/Function.png,.png,36,36,RGBA,2048,0,-1|1,0,0,2,1296,0.001,0.002,1784,0.002,,,,,,,,,,,,,,,,,,,,,,,VRAM CRIME: UNCOMPRESSED_RGBA32_STATIC_SUSPECT,,Keep compressed; atlas if grouped with small sibling textures.,STATIC_SOURCE
texture,Assets/MapMagic/Core/Editor/Resources/GeneratorIcons/pro/FunctionIn.png,.png,36,36,RGBA,2048,0,-1|1,0,0,2,1296,0.001,0.002,2066,0.002,,,,,,,,,,,,,,,,,,,,,,,VRAM CRIME: UNCOMPRESSED_RGBA32_STATIC_SUSPECT,,Keep compressed; atlas if grouped with small sibling textures.,STATIC_SOURCE
texture,Assets/MapMagic/Core/Editor/Resources/GeneratorIcons/pro/FunctionInput.png,.png,36,36,RGBA,2048,0,-1|1,0,0,2,1296,0.001,0.002,2066,0.002,,,,,,,,,,,,,,,,,,,,,,,VRAM CRIME: UNCOMPRESSED_RGBA32_STATIC_SUSPECT,,Keep compressed; atlas if grouped with small sibling textures.,STATIC_SOURCE
texture,Assets/MapMagic/Core/Editor/Resources/GeneratorIcons/pro/FunctionOut.png,.png,36,36,RGBA,2048,0,-1|1,0,0,2,1296,0.001,0.002,1882,0.002,,,,,,,,,,,,,,,,,,,,,,,VRAM CRIME: UNCOMPRESSED_RGBA32_STATIC_SUSPECT,,Keep compressed; atlas if grouped with small sibling textures.,STATIC_SOURCE
texture,Assets/MapMagic/Core/Editor/Resources/GeneratorIcons/pro/FunctionOutput.png,.png,36,36,RGBA,2048,0,-1|1,0,0,2,1296,0.001,0.002,1882,0.002,,,,,,,,,,,,,,,,,,,,,,,VRAM CRIME: UNCOMPRESSED_RGBA32_STATIC_SUSPECT,,Keep compressed; atlas if grouped with small sibling textures.,STATIC_SOURCE
texture,Assets/MapMagic/Core/Editor/Resources/GeneratorIcons/pro/Generator.png,.png,36,36,RGBA,2048,0,-1|1,,0,2,1296,0.001,0.002,2123,0.002,,,,,,,,,,,,,,,,,,,,,,,VRAM CRIME: UNCOMPRESSED_RGBA32_STATIC_SUSPECT,,Keep compressed; atlas if grouped with small sibling textures.,STATIC_SOURCE
texture,Assets/MapMagic/Core/Editor/Resources/GeneratorIcons/pro/GrassIn.png,.png,36,36,RGBA,2048,0,-1|1,0,0,2,1296,0.001,0.002,1703,0.002,,,,,,,,,,,,,,,,,,,,,,,VRAM CRIME: UNCOMPRESSED_RGBA32_STATIC_SUSPECT,,Keep compressed; atlas if grouped with small sibling textures.,STATIC_SOURCE
texture,Assets/MapMagic/Core/Editor/Resources/GeneratorIcons/pro/GrassOut.png,.png,36,36,RGBA,2048,0,-1|1,0,0,2,1296,0.001,0.002,1817,0.002,,,,,,,,,,,,,,,,,,,,,,,VRAM CRIME: UNCOMPRESSED_RGBA32_STATIC_SUSPECT,,Keep compressed; atlas if grouped with small sibling textures.,STATIC_SOURCE
texture,Assets/MapMagic/Core/Editor/Resources/GeneratorIcons/pro/HeightIn.png,.png,36,36,RGBA,2048,0,-1|1,0,0,2,1296,0.001,0.002,1910,0.002,,,,,,,,,,,,,,,,,,,,,,,VRAM CRIME: UNCOMPRESSED_RGBA32_STATIC_SUSPECT,,Keep compressed; atlas if grouped with small sibling textures.,STATIC_SOURCE
texture,Assets/MapMagic/Core/Editor/Resources/GeneratorIcons/pro/HeightOut.png,.png,36,36,RGBA,2048,0,-1|1,0,0,2,1296,0.001,0.002,2005,0.002,,,,,,,,,,,,,,,,,,,,,,,VRAM CRIME: UNCOMPRESSED_RGBA32_STATIC_SUSPECT,,Keep compressed; atlas if grouped with small sibling textures.,STATIC_SOURCE
texture,Assets/MapMagic/Core/Editor/Resources/GeneratorIcons/pro/HeightsIn.png,.png,36,36,RGBA,2048,0,-1|1,0,0,2,1296,0.001,0.002,1910,0.002,,,,,,,,,,,,,,,,,,,,,,,VRAM CRIME: UNCOMPRESSED_RGBA32_STATIC_SUSPECT,,Keep compressed; atlas if grouped with small sibling textures.,STATIC_SOURCE
texture,Assets/MapMagic/Core/Editor/Resources/GeneratorIcons/pro/HeightsOut.png,.png,36,36,RGBA,2048,0,-1|1,0,0,2,1296,0.001,0.002,2005,0.002,,,,,,,,,,,,,,,,,,,,,,,VRAM CRIME: UNCOMPRESSED_RGBA32_STATIC_SUSPECT,,Keep compressed; atlas if grouped with small sibling textures.,STATIC_SOURCE
texture,Assets/MapMagic/Core/Editor/Resources/GeneratorIcons/pro/Import.png,.png,36,36,RGBA,2048,0,-1|1,0,0,2,1296,0.001,0.002,1870,0.002,,,,,,,,,,,,,,,,,,,,,,,VRAM CRIME: UNCOMPRESSED_RGBA32_STATIC_SUSPECT,,Keep compressed; atlas if grouped with small sibling textures.,STATIC_SOURCE
texture,Assets/MapMagic/Core/Editor/Resources/GeneratorIcons/pro/Ledge.png,.png,36,36,RGBA,2048,0,-1|1,0,0,2,1296,0.001,0.002,1656,0.002,,,,,,,,,,,,,,,,,,,,,,,VRAM CRIME: UNCOMPRESSED_RGBA32_STATIC_SUSPECT,,Keep compressed; atlas if grouped with small sibling textures.,STATIC_SOURCE
texture,Assets/MapMagic/Core/Editor/Resources/GeneratorIcons/pro/Levels.png,.png,36,36,RGBA,2048,0,-1|1,0,0,2,1296,0.001,0.002,1553,0.001,,,,,,,,,,,,,,,,,,,,,,,VRAM CRIME: UNCOMPRESSED_RGBA32_STATIC_SUSPECT,,Keep compressed; atlas if grouped with small sibling textures.,STATIC_SOURCE
texture,Assets/MapMagic/Core/Editor/Resources/GeneratorIcons/pro/MapMask.png,.png,36,36,RGBA,2048,0,-1|1,0,0,2,1296,0.001,0.002,1444,0.001,,,,,,,,,,,,,,,,,,,,,,,VRAM CRIME: UNCOMPRESSED_RGBA32_STATIC_SUSPECT,,Channel-pack masks into one RGBA texture; avoid separate AO/spec maps.,STATIC_SOURCE
texture,Assets/MapMagic/Core/Editor/Resources/GeneratorIcons/pro/MapSetAdd.png,.png,36,36,RGBA,2048,0,-1|1,0,0,2,1296,0.001,0.002,1461,0.001,,,,,,,,,,,,,,,,,,,,,,,VRAM CRIME: UNCOMPRESSED_RGBA32_STATIC_SUSPECT,,Keep compressed; atlas if grouped with small sibling textures.,STATIC_SOURCE
texture,Assets/MapMagic/Core/Editor/Resources/GeneratorIcons/pro/MapSetCombine.png,.png,36,36,RGBA,2048,0,-1|1,0,0,2,1296,0.001,0.002,1163,0.001,,,,,,,,,,,,,,,,,,,,,,,VRAM CRIME: UNCOMPRESSED_RGBA32_STATIC_SUSPECT,,Keep compressed; atlas if grouped with small sibling textures.,STATIC_SOURCE
texture,Assets/MapMagic/Core/Editor/Resources/GeneratorIcons/pro/MapSetCreate.png,.png,36,36,RGBA,2048,0,-1|1,0,0,2,1296,0.001,0.002,1131,0.001,,,,,,,,,,,,,,,,,,,,,,,VRAM CRIME: UNCOMPRESSED_RGBA32_STATIC_SUSPECT,,Keep compressed; atlas if grouped with small sibling textures.,STATIC_SOURCE
texture,Assets/MapMagic/Core/Editor/Resources/GeneratorIcons/pro/MapSetPick.png,.png,36,36,RGBA,2048,0,-1|1,0,0,2,1296,0.001,0.002,1413,0.001,,,,,,,,,,,,,,,,,,,,,,,VRAM CRIME: UNCOMPRESSED_RGBA32_STATIC_SUSPECT,,Keep compressed; atlas if grouped with small sibling textures.,STATIC_SOURCE
texture,Assets/MapMagic/Core/Editor/Resources/GeneratorIcons/pro/Move.png,.png,36,36,RGBA,2048,0,-1|1,0,0,2,1296,0.001,0.002,1623,0.002,,,,,,,,,,,,,,,,,,,,,,,VRAM CRIME: UNCOMPRESSED_RGBA32_STATIC_SUSPECT,,Keep compressed; atlas if grouped with small sibling textures.,STATIC_SOURCE
texture,Assets/MapMagic/Core/Editor/Resources/GeneratorIcons/pro/MultiAdd.png,.png,36,36,RGBA,2048,0,-1|1,0,0,2,1296,0.001,0.002,1477,0.001,,,,,,,,,,,,,,,,,,,,,,,VRAM CRIME: UNCOMPRESSED_RGBA32_STATIC_SUSPECT,,Keep compressed; atlas if grouped with small sibling textures.,STATIC_SOURCE
texture,Assets/MapMagic/Core/Editor/Resources/GeneratorIcons/pro/Noise.png,.png,36,36,RGBA,2048,0,-1|1,,0,2,1296,0.001,0.002,2132,0.002,,,,,,,,,,,,,,,,,,,,,,,VRAM CRIME: UNCOMPRESSED_RGBA32_STATIC_SUSPECT,,Keep compressed; atlas if grouped with small sibling textures.,STATIC_SOURCE
texture,Assets/MapMagic/Core/Editor/Resources/GeneratorIcons/pro/Normalize.png,.png,36,36,RGBA,2048,0,-1|1,0,0,2,1296,0.001,0.002,1957,0.002,,,,,,,,,,,,,,,,,,,,,,,VRAM CRIME: UNCOMPRESSED_RGBA32_STATIC_SUSPECT,,Use BC5 normal import; Low tier cap 1024 unless hero close-read asset.,STATIC_SOURCE
texture,Assets/MapMagic/Core/Editor/Resources/GeneratorIcons/pro/ObjectsAdjust.png,.png,36,36,RGBA,2048,0,-1|1,0,0,2,1296,0.001,0.002,2382,0.002,,,,,,,,,,,,,,,,,,,,,,,VRAM CRIME: UNCOMPRESSED_RGBA32_STATIC_SUSPECT,,Keep compressed; atlas if grouped with small sibling textures.,STATIC_SOURCE
texture,Assets/MapMagic/Core/Editor/Resources/GeneratorIcons/pro/ObjectsIn.png,.png,36,36,RGBA,2048,0,-1|1,0,0,2,1296,0.001,0.002,2706,0.003,,,,,,,,,,,,,,,,,,,,,,,VRAM CRIME: UNCOMPRESSED_RGBA32_STATIC_SUSPECT,,Keep compressed; atlas if grouped with small sibling textures.,STATIC_SOURCE
texture,Assets/MapMagic/Core/Editor/Resources/GeneratorIcons/pro/ObjectsMask.png,.png,36,36,RGBA,2048,0,-1|1,0,0,2,1296,0.001,0.002,1812,0.002,,,,,,,,,,,,,,,,,,,,,,,VRAM CRIME: UNCOMPRESSED_RGBA32_STATIC_SUSPECT,,Channel-pack masks into one RGBA texture; avoid separate AO/spec maps.,STATIC_SOURCE
texture,Assets/MapMagic/Core/Editor/Resources/GeneratorIcons/pro/ObjectsOut.png,.png,36,36,RGBA,2048,0,-1|1,0,0,2,1296,0.001,0.002,2769,0.003,,,,,,,,,,,,,,,,,,,,,,,VRAM CRIME: UNCOMPRESSED_RGBA32_STATIC_SUSPECT,,Keep compressed; atlas if grouped with small sibling textures.,STATIC_SOURCE
texture,Assets/MapMagic/Core/Editor/Resources/GeneratorIcons/pro/Parallax.png,.png,36,36,RGBA,2048,0,-1|1,0,0,2,1296,0.001,0.002,1848,0.002,,,,,,,,,,,,,,,,,,,,,,,VRAM CRIME: UNCOMPRESSED_RGBA32_STATIC_SUSPECT,,Keep compressed; atlas if grouped with small sibling textures.,STATIC_SOURCE
texture,Assets/MapMagic/Core/Editor/Resources/GeneratorIcons/pro/Pick.png,.png,36,36,RGBA,2048,0,-1|1,0,0,2,1296,0.001,0.002,1413,0.001,,,,,,,,,,,,,,,,,,,,,,,VRAM CRIME: UNCOMPRESSED_RGBA32_STATIC_SUSPECT,,Keep compressed; atlas if grouped with small sibling textures.,STATIC_SOURCE
texture,Assets/MapMagic/Core/Editor/Resources/GeneratorIcons/pro/PortalIn.png,.png,36,36,RGBA,2048,0,-1|1,,0,2,1296,0.001,0.002,1881,0.002,,,,,,,,,,,,,,,,,,,,,,,VRAM CRIME: UNCOMPRESSED_RGBA32_STATIC_SUSPECT,,Keep compressed; atlas if grouped with small sibling textures.,STATIC_SOURCE
texture,Assets/MapMagic/Core/Editor/Resources/GeneratorIcons/pro/PortalOut.png,.png,36,36,RGBA,2048,0,-1|1,,0,2,1296,0.001,0.002,1936,0.002,,,,,,,,,,,,,,,,,,,,,,,VRAM CRIME: UNCOMPRESSED_RGBA32_STATIC_SUSPECT,,Keep compressed; atlas if grouped with small sibling textures.,STATIC_SOURCE
texture,Assets/MapMagic/Core/Editor/Resources/GeneratorIcons/pro/Position.png,.png,36,36,RGBA,2048,0,-1|1,0,0,2,1296,0.001,0.002,1523,0.001,,,,,,,,,,,,,,,,,,,,,,,VRAM CRIME: UNCOMPRESSED_RGBA32_STATIC_SUSPECT,,Keep compressed; atlas if grouped with small sibling textures.,STATIC_SOURCE
texture,Assets/MapMagic/Core/Editor/Resources/GeneratorIcons/pro/Propagate.png,.png,18,18,RGBA,2048,0,-1|1,0,0,2,324,0.000,0.000,1343,0.001,,,,,,,,,,,,,,,,,,,,,,,VRAM CRIME: UNCOMPRESSED_RGBA32_STATIC_SUSPECT,,Keep compressed; atlas if grouped with small sibling textures.,STATIC_SOURCE
texture,Assets/MapMagic/Core/Editor/Resources/GeneratorIcons/pro/Random.png,.png,36,36,RGBA,2048,0,-1|1,0,0,2,1296,0.001,0.002,1794,0.002,,,,,,,,,,,,,,,,,,,,,,,VRAM CRIME: UNCOMPRESSED_RGBA32_STATIC_SUSPECT,,Keep compressed; atlas if grouped with small sibling textures.,STATIC_SOURCE
texture,Assets/MapMagic/Core/Editor/Resources/GeneratorIcons/pro/Rarefy.png,.png,36,36,RGBA,2048,0,-1|1,0,0,2,1296,0.001,0.002,2008,0.002,,,,,,,,,,,,,,,,,,,,,,,VRAM CRIME: UNCOMPRESSED_RGBA32_STATIC_SUSPECT,,Keep compressed; atlas if grouped with small sibling textures.,STATIC_SOURCE
texture,Assets/MapMagic/Core/Editor/Resources/GeneratorIcons/pro/SafeBorders.png,.png,36,36,RGBA,2048,0,-1|1,0,0,2,1296,0.001,0.002,3871,0.004,,,,,,,,,,,,,,,,,,,,,,,VRAM CRIME: UNCOMPRESSED_RGBA32_STATIC_SUSPECT,,Keep compressed; atlas if grouped with small sibling textures.,STATIC_SOURCE
texture,Assets/MapMagic/Core/Editor/Resources/GeneratorIcons/pro/Scatter.png,.png,36,36,RGBA,2048,0,-1|1,0,0,2,1296,0.001,0.002,1407,0.001,,,,,,,,,,,,,,,,,,,,,,,VRAM CRIME: UNCOMPRESSED_RGBA32_STATIC_SUSPECT,,Keep compressed; atlas if grouped with small sibling textures.,STATIC_SOURCE
texture,Assets/MapMagic/Core/Editor/Resources/GeneratorIcons/pro/Sediment.png,.png,36,36,RGBA,2048,0,-1|1,0,0,2,1296,0.001,0.002,1783,0.002,,,,,,,,,,,,,,,,,,,,,,,VRAM CRIME: UNCOMPRESSED_RGBA32_STATIC_SUSPECT,,Keep compressed; atlas if grouped with small sibling textures.,STATIC_SOURCE
texture,Assets/MapMagic/Core/Editor/Resources/GeneratorIcons/pro/Selector.png,.png,36,36,RGBA,2048,0,-1|1,0,0,2,1296,0.001,0.002,1508,0.001,,,,,,,,,,,,,,,,,,,,,,,VRAM CRIME: UNCOMPRESSED_RGBA32_STATIC_SUSPECT,,Keep compressed; atlas if grouped with small sibling textures.,STATIC_SOURCE
texture,Assets/MapMagic/Core/Editor/Resources/GeneratorIcons/pro/ShrinkScale.png,.png,36,36,RGBA,2048,0,-1|1,0,0,2,1296,0.001,0.002,1491,0.001,,,,,,,,,,,,,,,,,,,,,,,VRAM CRIME: UNCOMPRESSED_RGBA32_STATIC_SUSPECT,,Keep compressed; atlas if grouped with small sibling textures.,STATIC_SOURCE
texture,Assets/MapMagic/Core/Editor/Resources/GeneratorIcons/pro/SimpleForm.png,.png,36,36,RGBA,2048,0,-1|1,0,0,2,1296,0.001,0.002,1941,0.002,,,,,,,,,,,,,,,,,,,,,,,VRAM CRIME: UNCOMPRESSED_RGBA32_STATIC_SUSPECT,,Keep compressed; atlas if grouped with small sibling textures.,STATIC_SOURCE
texture,Assets/MapMagic/Core/Editor/Resources/GeneratorIcons/pro/Slide.png,.png,36,36,RGBA,2048,0,-1|1,0,0,2,1296,0.001,0.002,1847,0.002,,,,,,,,,,,,,,,,,,,,,,,VRAM CRIME: UNCOMPRESSED_RGBA32_STATIC_SUSPECT,,Keep compressed; atlas if grouped with small sibling textures.,STATIC_SOURCE
texture,Assets/MapMagic/Core/Editor/Resources/GeneratorIcons/pro/Slope.png,.png,36,36,RGBA,2048,0,-1|1,0,0,2,1296,0.001,0.002,1728,0.002,,,,,,,,,,,,,,,,,,,,,,,VRAM CRIME: UNCOMPRESSED_RGBA32_STATIC_SUSPECT,,Keep compressed; atlas if grouped with small sibling textures.,STATIC_SOURCE
texture,Assets/MapMagic/Core/Editor/Resources/GeneratorIcons/pro/Split.png,.png,36,36,RGBA,2048,0,-1|1,0,0,2,1296,0.001,0.002,1438,0.001,,,,,,,,,,,,,,,,,,,,,,,VRAM CRIME: UNCOMPRESSED_RGBA32_STATIC_SUSPECT,,Keep compressed; atlas if grouped with small sibling textures.,STATIC_SOURCE
texture,Assets/MapMagic/Core/Editor/Resources/GeneratorIcons/pro/Spot.png,.png,36,36,RGBA,2048,0,-1|1,0,0,2,1296,0.001,0.002,2689,0.003,,,,,,,,,,,,,,,,,,,,,,,VRAM CRIME: UNCOMPRESSED_RGBA32_STATIC_SUSPECT,,Keep compressed; atlas if grouped with small sibling textures.,STATIC_SOURCE
texture,Assets/MapMagic/Core/Editor/Resources/GeneratorIcons/pro/Spread.png,.png,36,36,RGBA,2048,0,-1|1,0,0,2,1296,0.001,0.002,1692,0.002,,,,,,,,,,,,,,,,,,,,,,,VRAM CRIME: UNCOMPRESSED_RGBA32_STATIC_SUSPECT,,Keep compressed; atlas if grouped with small sibling textures.,STATIC_SOURCE
texture,Assets/MapMagic/Core/Editor/Resources/GeneratorIcons/pro/Stamp.png,.png,36,36,RGBA,2048,0,-1|1,0,0,2,1296,0.001,0.002,1557,0.001,,,,,,,,,,,,,,,,,,,,,,,VRAM CRIME: UNCOMPRESSED_RGBA32_STATIC_SUSPECT,,Keep compressed; atlas if grouped with small sibling textures.,STATIC_SOURCE
texture,Assets/MapMagic/Core/Editor/Resources/GeneratorIcons/pro/Subtract.png,.png,36,36,RGBA,2048,0,-1|1,0,0,2,1296,0.001,0.002,1934,0.002,,,,,,,,,,,,,,,,,,,,,,,VRAM CRIME: UNCOMPRESSED_RGBA32_STATIC_SUSPECT,,Keep compressed; atlas if grouped with small sibling textures.,STATIC_SOURCE
texture,Assets/MapMagic/Core/Editor/Resources/GeneratorIcons/pro/Terrace.png,.png,36,36,RGBA,2048,0,-1|1,0,0,2,1296,0.001,0.002,1627,0.002,,,,,,,,,,,,,,,,,,,,,,,VRAM CRIME: UNCOMPRESSED_RGBA32_STATIC_SUSPECT,,Keep compressed; atlas if grouped with small sibling textures.,STATIC_SOURCE
texture,Assets/MapMagic/Core/Editor/Resources/GeneratorIcons/pro/TexturesIn.png,.png,36,36,RGBA,2048,0,-1|1,0,0,2,1296,0.001,0.002,1350,0.001,,,,,,,,,,,,,,,,,,,,,,,VRAM CRIME: UNCOMPRESSED_RGBA32_STATIC_SUSPECT,,Keep compressed; atlas if grouped with small sibling textures.,STATIC_SOURCE
texture,Assets/MapMagic/Core/Editor/Resources/GeneratorIcons/pro/TexturesOut.png,.png,36,36,RGBA,2048,0,-1|1,0,0,2,1296,0.001,0.002,1483,0.001,,,,,,,,,,,,,,,,,,,,,,,VRAM CRIME: UNCOMPRESSED_RGBA32_STATIC_SUSPECT,,Keep compressed; atlas if grouped with small sibling textures.,STATIC_SOURCE
texture,Assets/MapMagic/Core/Editor/Resources/GeneratorIcons/pro/TreesIn.png,.png,36,36,RGBA,2048,0,-1|1,0,0,2,1296,0.001,0.002,2180,0.002,,,,,,,,,,,,,,,,,,,,,,,VRAM CRIME: UNCOMPRESSED_RGBA32_STATIC_SUSPECT,,Keep compressed; atlas if grouped with small sibling textures.,STATIC_SOURCE
texture,Assets/MapMagic/Core/Editor/Resources/GeneratorIcons/pro/TreesOut.png,.png,36,36,RGBA,2048,0,-1|1,0,0,2,1296,0.001,0.002,2289,0.002,,,,,,,,,,,,,,,,,,,,,,,VRAM CRIME: UNCOMPRESSED_RGBA32_STATIC_SUSPECT,,Keep compressed; atlas if grouped with small sibling textures.,STATIC_SOURCE
texture,Assets/MapMagic/Core/Editor/Resources/GeneratorIcons/pro/UnityCurve.png,.png,36,36,RGBA,2048,0,-1|1,0,0,2,1296,0.001,0.002,1737,0.002,,,,,,,,,,,,,,,,,,,,,,,VRAM CRIME: UNCOMPRESSED_RGBA32_STATIC_SUSPECT,,Keep compressed; atlas if grouped with small sibling textures.,STATIC_SOURCE
texture,Assets/MapMagic/Core/Editor/Resources/GeneratorIcons/pro/Voronoi.png,.png,36,36,RGBA,2048,0,-1|1,,0,2,1296,0.001,0.002,2364,0.002,,,,,,,,,,,,,,,,,,,,,,,VRAM CRIME: UNCOMPRESSED_RGBA32_STATIC_SUSPECT,,Keep compressed; atlas if grouped with small sibling textures.,STATIC_SOURCE
texture,Assets/MapMagic/Core/Editor/Resources/GeneratorIcons/pro/Whittaker.png,.png,36,36,RGBA,2048,0,-1|1,0,0,2,1296,0.001,0.002,2000,0.002,,,,,,,,,,,,,,,,,,,,,,,VRAM CRIME: UNCOMPRESSED_RGBA32_STATIC_SUSPECT,,Keep compressed; atlas if grouped with small sibling textures.,STATIC_SOURCE
texture,Assets/MapMagic/Core/Editor/Resources/GeneratorIcons/Propagate.png,.png,18,18,RGBA,2048,0,-1|1,0,0,2,324,0.000,0.000,1329,0.001,,,,,,,,,,,,,,,,,,,,,,,VRAM CRIME: UNCOMPRESSED_RGBA32_STATIC_SUSPECT,,Keep compressed; atlas if grouped with small sibling textures.,STATIC_SOURCE
texture,Assets/MapMagic/Core/Editor/Resources/GeneratorIcons/Random.png,.png,36,36,RGBA,2048,0,-1|1,0,0,2,1296,0.001,0.002,1855,0.002,,,,,,,,,,,,,,,,,,,,,,,VRAM CRIME: UNCOMPRESSED_RGBA32_STATIC_SUSPECT,,Keep compressed; atlas if grouped with small sibling textures.,STATIC_SOURCE
texture,Assets/MapMagic/Core/Editor/Resources/GeneratorIcons/Rarefy.png,.png,36,36,RGBA,2048,0,-1|1,0,0,2,1296,0.001,0.002,2013,0.002,,,,,,,,,,,,,,,,,,,,,,,VRAM CRIME: UNCOMPRESSED_RGBA32_STATIC_SUSPECT,,Keep compressed; atlas if grouped with small sibling textures.,STATIC_SOURCE
texture,Assets/MapMagic/Core/Editor/Resources/GeneratorIcons/SafeBorders.png,.png,36,36,RGBA,2048,0,-1|1,0,0,2,1296,0.001,0.002,4150,0.004,,,,,,,,,,,,,,,,,,,,,,,VRAM CRIME: UNCOMPRESSED_RGBA32_STATIC_SUSPECT,,Keep compressed; atlas if grouped with small sibling textures.,STATIC_SOURCE
texture,Assets/MapMagic/Core/Editor/Resources/GeneratorIcons/Scatter.png,.png,36,36,RGBA,2048,0,-1|1,0,0,2,1296,0.001,0.002,1465,0.001,,,,,,,,,,,,,,,,,,,,,,,VRAM CRIME: UNCOMPRESSED_RGBA32_STATIC_SUSPECT,,Keep compressed; atlas if grouped with small sibling textures.,STATIC_SOURCE
texture,Assets/MapMagic/Core/Editor/Resources/GeneratorIcons/Sediment.png,.png,36,36,RGBA,2048,0,-1|1,0,0,2,1296,0.001,0.002,1804,0.002,,,,,,,,,,,,,,,,,,,,,,,VRAM CRIME: UNCOMPRESSED_RGBA32_STATIC_SUSPECT,,Keep compressed; atlas if grouped with small sibling textures.,STATIC_SOURCE
texture,Assets/MapMagic/Core/Editor/Resources/GeneratorIcons/Selector.png,.png,36,36,RGBA,2048,0,-1|1,0,0,2,1296,0.001,0.002,1526,0.001,,,,,,,,,,,,,,,,,,,,,,,VRAM CRIME: UNCOMPRESSED_RGBA32_STATIC_SUSPECT,,Keep compressed; atlas if grouped with small sibling textures.,STATIC_SOURCE
texture,Assets/MapMagic/Core/Editor/Resources/GeneratorIcons/ShrinkScale.png,.png,36,36,RGBA,2048,0,-1|1,0,0,2,1296,0.001,0.002,1488,0.001,,,,,,,,,,,,,,,,,,,,,,,VRAM CRIME: UNCOMPRESSED_RGBA32_STATIC_SUSPECT,,Keep compressed; atlas if grouped with small sibling textures.,STATIC_SOURCE
texture,Assets/MapMagic/Core/Editor/Resources/GeneratorIcons/SimpleForm.png,.png,36,36,RGBA,2048,0,-1|1,0,0,2,1296,0.001,0.002,1931,0.002,,,,,,,,,,,,,,,,,,,,,,,VRAM CRIME: UNCOMPRESSED_RGBA32_STATIC_SUSPECT,,Keep compressed; atlas if grouped with small sibling textures.,STATIC_SOURCE
texture,Assets/MapMagic/Core/Editor/Resources/GeneratorIcons/Slide.png,.png,36,36,RGBA,2048,0,-1|1,0,0,2,1296,0.001,0.002,1937,0.002,,,,,,,,,,,,,,,,,,,,,,,VRAM CRIME: UNCOMPRESSED_RGBA32_STATIC_SUSPECT,,Keep compressed; atlas if grouped with small sibling textures.,STATIC_SOURCE
texture,Assets/MapMagic/Core/Editor/Resources/GeneratorIcons/Slope.png,.png,36,36,RGBA,2048,0,-1|1,0,0,2,1296,0.001,0.002,1727,0.002,,,,,,,,,,,,,,,,,,,,,,,VRAM CRIME: UNCOMPRESSED_RGBA32_STATIC_SUSPECT,,Keep compressed; atlas if grouped with small sibling textures.,STATIC_SOURCE
texture,Assets/MapMagic/Core/Editor/Resources/GeneratorIcons/Split.png,.png,36,36,RGBA,2048,0,-1|1,0,0,2,1296,0.001,0.002,1474,0.001,,,,,,,,,,,,,,,,,,,,,,,VRAM CRIME: UNCOMPRESSED_RGBA32_STATIC_SUSPECT,,Keep compressed; atlas if grouped with small sibling textures.,STATIC_SOURCE
texture,Assets/MapMagic/Core/Editor/Resources/GeneratorIcons/Spot.png,.png,36,36,RGBA,2048,0,-1|1,0,0,2,1296,0.001,0.002,2822,0.003,,,,,,,,,,,,,,,,,,,,,,,VRAM CRIME: UNCOMPRESSED_RGBA32_STATIC_SUSPECT,,Keep compressed; atlas if grouped with small sibling textures.,STATIC_SOURCE
texture,Assets/MapMagic/Core/Editor/Resources/GeneratorIcons/Spread.png,.png,36,36,RGBA,2048,0,-1|1,0,0,2,1296,0.001,0.002,1735,0.002,,,,,,,,,,,,,,,,,,,,,,,VRAM CRIME: UNCOMPRESSED_RGBA32_STATIC_SUSPECT,,Keep compressed; atlas if grouped with small sibling textures.,STATIC_SOURCE
texture,Assets/MapMagic/Core/Editor/Resources/GeneratorIcons/Stamp.png,.png,36,36,RGBA,2048,0,-1|1,0,0,2,1296,0.001,0.002,1554,0.001,,,,,,,,,,,,,,,,,,,,,,,VRAM CRIME: UNCOMPRESSED_RGBA32_STATIC_SUSPECT,,Keep compressed; atlas if grouped with small sibling textures.,STATIC_SOURCE
texture,Assets/MapMagic/Core/Editor/Resources/GeneratorIcons/Subtract.png,.png,36,36,RGBA,2048,0,-1|1,0,0,2,1296,0.001,0.002,1931,0.002,,,,,,,,,,,,,,,,,,,,,,,VRAM CRIME: UNCOMPRESSED_RGBA32_STATIC_SUSPECT,,Keep compressed; atlas if grouped with small sibling textures.,STATIC_SOURCE
texture,Assets/MapMagic/Core/Editor/Resources/GeneratorIcons/Terrace.png,.png,36,36,RGBA,2048,0,-1|1,0,0,2,1296,0.001,0.002,1643,0.002,,,,,,,,,,,,,,,,,,,,,,,VRAM CRIME: UNCOMPRESSED_RGBA32_STATIC_SUSPECT,,Keep compressed; atlas if grouped with small sibling textures.,STATIC_SOURCE
texture,Assets/MapMagic/Core/Editor/Resources/GeneratorIcons/TexturesIn.png,.png,36,36,RGBA,2048,0,-1|1,0,0,2,1296,0.001,0.002,1349,0.001,,,,,,,,,,,,,,,,,,,,,,,VRAM CRIME: UNCOMPRESSED_RGBA32_STATIC_SUSPECT,,Keep compressed; atlas if grouped with small sibling textures.,STATIC_SOURCE
texture,Assets/MapMagic/Core/Editor/Resources/GeneratorIcons/TexturesOut.png,.png,36,36,RGBA,2048,0,-1|1,0,0,2,1296,0.001,0.002,1486,0.001,,,,,,,,,,,,,,,,,,,,,,,VRAM CRIME: UNCOMPRESSED_RGBA32_STATIC_SUSPECT,,Keep compressed; atlas if grouped with small sibling textures.,STATIC_SOURCE
texture,Assets/MapMagic/Core/Editor/Resources/GeneratorIcons/TreesIn.png,.png,36,36,RGBA,2048,0,-1|1,0,0,2,1296,0.001,0.002,2176,0.002,,,,,,,,,,,,,,,,,,,,,,,VRAM CRIME: UNCOMPRESSED_RGBA32_STATIC_SUSPECT,,Keep compressed; atlas if grouped with small sibling textures.,STATIC_SOURCE
texture,Assets/MapMagic/Core/Editor/Resources/GeneratorIcons/TreesOut.png,.png,36,36,RGBA,2048,0,-1|1,0,0,2,1296,0.001,0.002,2295,0.002,,,,,,,,,,,,,,,,,,,,,,,VRAM CRIME: UNCOMPRESSED_RGBA32_STATIC_SUSPECT,,Keep compressed; atlas if grouped with small sibling textures.,STATIC_SOURCE
texture,Assets/MapMagic/Core/Editor/Resources/GeneratorIcons/UnityCurve.png,.png,36,36,RGBA,2048,0,-1|1,0,0,2,1296,0.001,0.002,1734,0.002,,,,,,,,,,,,,,,,,,,,,,,VRAM CRIME: UNCOMPRESSED_RGBA32_STATIC_SUSPECT,,Keep compressed; atlas if grouped with small sibling textures.,STATIC_SOURCE
texture,Assets/MapMagic/Core/Editor/Resources/GeneratorIcons/Voronoi.png,.png,36,36,RGBA,2048,0,-1|1,,0,2,1296,0.001,0.002,2372,0.002,,,,,,,,,,,,,,,,,,,,,,,VRAM CRIME: UNCOMPRESSED_RGBA32_STATIC_SUSPECT,,Keep compressed; atlas if grouped with small sibling textures.,STATIC_SOURCE
texture,Assets/MapMagic/Core/Editor/Resources/GeneratorIcons/Whittaker.png,.png,36,36,RGBA,2048,0,-1|1,0,0,2,1296,0.001,0.002,1995,0.002,,,,,,,,,,,,,,,,,,,,,,,VRAM CRIME: UNCOMPRESSED_RGBA32_STATIC_SUSPECT,,Keep compressed; atlas if grouped with small sibling textures.,STATIC_SOURCE
texture,Assets/MapMagic/Core/Editor/Resources/MapMagic/About.png,.png,100,100,RGB,2048,0,-1|-3,,0,2,10000,0.010,0.013,32889,0.031,,,,,,,,,,,,,,,,,,,,,,,,,Keep compressed; atlas if grouped with small sibling textures.,STATIC_SOURCE
texture,Assets/MapMagic/Core/Editor/Resources/MapMagic/Comment.png,.png,80,80,RGBA,2048,0|1,-1|1,0,0,2,6400,0.006,0.008,5004,0.005,,,,,,,,,,,,,,,,,,,,,,,VRAM CRIME: UNCOMPRESSED_RGBA32_STATIC_SUSPECT,,Keep compressed; atlas if grouped with small sibling textures.,STATIC_SOURCE
texture,Assets/MapMagic/Core/Editor/Resources/MapMagic/Foldout.png,.png,28,30,RGBA,2048,0,-1|1,,0,2,840,0.001,0.001,22195,0.021,,,,,,,,,,,,,,,,,,,,,,,VRAM CRIME: UNCOMPRESSED_RGBA32_STATIC_SUSPECT,,Keep compressed; atlas if grouped with small sibling textures.,STATIC_SOURCE
texture,Assets/MapMagic/Core/Editor/Resources/MapMagic/FoldoutMinimal.png,.png,4,4,RGBA,2048,0,-1|1,,0,2,16,0.000,0.000,17064,0.016,,,,,,,,,,,,,,,,,,,,,,,VRAM CRIME: UNCOMPRESSED_RGBA32_STATIC_SUSPECT,,Keep compressed; atlas if grouped with small sibling textures.,STATIC_SOURCE
texture,Assets/MapMagic/Core/Editor/Resources/MapMagic/Group.png,.png,4,4,RGBA,2048,0,-1|1,,0,2,16,0.000,0.000,18353,0.018,,,,,,,,,,,,,,,,,,,,,,,VRAM CRIME: UNCOMPRESSED_RGBA32_STATIC_SUSPECT,,Keep compressed; atlas if grouped with small sibling textures.,STATIC_SOURCE
texture,Assets/MapMagic/Core/Editor/Resources/MapMagic/Group_pro.png,.png,4,4,RGBA,2048,0,-1|1,0,0,2,16,0.000,0.000,18406,0.018,,,,,,,,,,,,,,,,,,,,,,,VRAM CRIME: UNCOMPRESSED_RGBA32_STATIC_SUSPECT,,Keep compressed; atlas if grouped with small sibling textures.,STATIC_SOURCE
texture,Assets/MapMagic/Core/Editor/Resources/MapMagic/Icons/AssetBig.png,.png,256,256,RGBA,2048,0,-1|1,0,0,2,65536,0.062,0.083,33583,0.032,,,,,,,,,,,,,,,,,,,,,,,VRAM CRIME: UNCOMPRESSED_RGBA32_STATIC_SUSPECT,,Keep compressed; atlas if grouped with small sibling textures.,STATIC_SOURCE
texture,Assets/MapMagic/Core/Editor/Resources/MapMagic/Icons/AssetSmall.png,.png,64,64,RGBA,2048,0,-1|1,0,0,2,4096,0.004,0.005,20209,0.019,,,,,,,,,,,,,,,,,,,,,,,VRAM CRIME: UNCOMPRESSED_RGBA32_STATIC_SUSPECT,,Keep compressed; atlas if grouped with small sibling textures.,STATIC_SOURCE
texture,Assets/MapMagic/Core/Editor/Resources/MapMagic/Icons/Biomes.png,.png,12,12,RGBA,2048,0,-1|1,0,0,2,144,0.000,0.000,1188,0.001,,,,,,,,,,,,,,,,,,,,,,,VRAM CRIME: UNCOMPRESSED_RGBA32_STATIC_SUSPECT,,Keep compressed; atlas if grouped with small sibling textures.,STATIC_SOURCE
texture,Assets/MapMagic/Core/Editor/Resources/MapMagic/Icons/Color.png,.png,18,18,RGBA,2048,0,-1|1,0,0,0,324,0.000,0.000,19654,0.019,,,,,,,,,,,,,,,,,,,,,,,VRAM CRIME: UNCOMPRESSED_RGBA32_STATIC_SUSPECT,,Keep compressed; atlas if grouped with small sibling textures.,STATIC_SOURCE
texture,Assets/MapMagic/Core/Editor/Resources/MapMagic/Icons/Export.png,.png,36,36,RGBA,2048,0,-1|1,0,0,2,1296,0.001,0.002,4927,0.005,,,,,,,,,,,,,,,,,,,,,,,VRAM CRIME: UNCOMPRESSED_RGBA32_STATIC_SUSPECT,,Keep compressed; atlas if grouped with small sibling textures.,STATIC_SOURCE
texture,Assets/MapMagic/Core/Editor/Resources/MapMagic/Icons/ExportCopy.png,.png,36,36,RGBA,2048,0,-1|1,0,0,2,1296,0.001,0.002,4980,0.005,,,,,,,,,,,,,,,,,,,,,,,VRAM CRIME: UNCOMPRESSED_RGBA32_STATIC_SUSPECT,,Keep compressed; atlas if grouped with small sibling textures.,STATIC_SOURCE
texture,Assets/MapMagic/Core/Editor/Resources/MapMagic/Icons/MapMagicSmall.png,.png,48,48,RGBA,2048,0,-1|1,0,0,2,2304,0.002,0.003,27532,0.026,,,,,,,,,,,,,,,,,,,,,,,VRAM CRIME: UNCOMPRESSED_RGBA32_STATIC_SUSPECT,,Keep compressed; atlas if grouped with small sibling textures.,STATIC_SOURCE
texture,Assets/MapMagic/Core/Editor/Resources/MapMagic/Icons/NodeAdd.png,.png,68,68,RGBA,2048,0,-1|1,0,0,2,4624,0.004,0.006,36462,0.035,,,,,,,,,,,,,,,,,,,,,,,VRAM CRIME: UNCOMPRESSED_RGBA32_STATIC_SUSPECT,,Keep compressed; atlas if grouped with small sibling textures.,STATIC_SOURCE
texture,Assets/MapMagic/Core/Editor/Resources/MapMagic/Icons/NodeAddRemoveFrame.png,.png,68,68,RGBA,2048,0,-1|1,0,0,2,4624,0.004,0.006,36553,0.035,,,,,,,,,,,,,,,,,,,,,,,VRAM CRIME: UNCOMPRESSED_RGBA32_STATIC_SUSPECT,,Keep compressed; atlas if grouped with small sibling textures.,STATIC_SOURCE
texture,Assets/MapMagic/Core/Editor/Resources/MapMagic/Icons/NodeRemove.png,.png,68,68,RGBA,2048,0,-1|1,0,0,2,4624,0.004,0.006,36442,0.035,,,,,,,,,,,,,,,,,,,,,,,VRAM CRIME: UNCOMPRESSED_RGBA32_STATIC_SUSPECT,,Keep compressed; atlas if grouped with small sibling textures.,STATIC_SOURCE
texture,Assets/MapMagic/Core/Editor/Resources/MapMagic/Icons/NodeRemoveActive.png,.png,68,68,RGBA,2048,0,-1|1,0,0,2,4624,0.004,0.006,36442,0.035,,,,,,,,,,,,,,,,,,,,,,,VRAM CRIME: UNCOMPRESSED_RGBA32_STATIC_SUSPECT,,Keep compressed; atlas if grouped with small sibling textures.,STATIC_SOURCE
texture,Assets/MapMagic/Core/Editor/Resources/MapMagic/Icons/Pin.png,.png,18,18,RGBA,2048,0,-1|1,0,0,2,324,0.000,0.000,18669,0.018,,,,,,,,,,,,,,,,,,,,,,,VRAM CRIME: UNCOMPRESSED_RGBA32_STATIC_SUSPECT,,Keep compressed; atlas if grouped with small sibling textures.,STATIC_SOURCE
texture,Assets/MapMagic/Core/Editor/Resources/MapMagic/Icons/PinDraft.png,.png,18,18,RGBA,2048,0,-1|1,0,0,2,324,0.000,0.000,21375,0.020,,,,,,,,,,,,,,,,,,,,,,,VRAM CRIME: UNCOMPRESSED_RGBA32_STATIC_SUSPECT,,Keep compressed; atlas if grouped with small sibling textures.,STATIC_SOURCE
texture,Assets/MapMagic/Core/Editor/Resources/MapMagic/Icons/PinExisting.png,.png,18,18,RGBA,2048,0,-1|1,0,0,2,324,0.000,0.000,21429,0.020,,,,,,,,,,,,,,,,,,,,,,,VRAM CRIME: UNCOMPRESSED_RGBA32_STATIC_SUSPECT,,Keep compressed; atlas if grouped with small sibling textures.,STATIC_SOURCE
texture,Assets/MapMagic/Core/Editor/Resources/MapMagic/Icons/Preview.png,.png,18,18,RGBA,2048,0,-1|1,0,0,2,324,0.000,0.000,18712,0.018,,,,,,,,,,,,,,,,,,,,,,,VRAM CRIME: UNCOMPRESSED_RGBA32_STATIC_SUSPECT,,Keep compressed; atlas if grouped with small sibling textures.,STATIC_SOURCE
texture,Assets/MapMagic/Core/Editor/Resources/MapMagic/Icons/PreviewToTerrain.png,.png,14,14,RGBA,2048,0,-1|1,0,0,2,196,0.000,0.000,17988,0.017,,,,,,,,,,,,,,,,,,,,,,,VRAM CRIME: UNCOMPRESSED_RGBA32_STATIC_SUSPECT,,Keep compressed; atlas if grouped with small sibling textures.,STATIC_SOURCE
texture,Assets/MapMagic/Core/Editor/Resources/MapMagic/Icons/PreviewToTerrainActive.png,.png,14,14,RGBA,2048,0,-1|1,0,0,2,196,0.000,0.000,17988,0.017,,,,,,,,,,,,,,,,,,,,,,,VRAM CRIME: UNCOMPRESSED_RGBA32_STATIC_SUSPECT,,Keep compressed; atlas if grouped with small sibling textures.,STATIC_SOURCE
texture,Assets/MapMagic/Core/Editor/Resources/MapMagic/Icons/PreviewToWindow.png,.png,14,14,RGBA,2048,0,-1|1,0,0,2,196,0.000,0.000,17988,0.017,,,,,,,,,,,,,,,,,,,,,,,VRAM CRIME: UNCOMPRESSED_RGBA32_STATIC_SUSPECT,,Keep compressed; atlas if grouped with small sibling textures.,STATIC_SOURCE
texture,Assets/MapMagic/Core/Editor/Resources/MapMagic/Icons/PreviewToWindowActive.png,.png,14,14,RGBA,2048,0,-1|1,0,0,2,196,0.000,0.000,17988,0.017,,,,,,,,,,,,,,,,,,,,,,,VRAM CRIME: UNCOMPRESSED_RGBA32_STATIC_SUSPECT,,Keep compressed; atlas if grouped with small sibling textures.,STATIC_SOURCE
texture,Assets/MapMagic/Core/Editor/Resources/MapMagic/Icons/pro/Biomes.png,.png,12,12,RGBA,2048,0,-1|1,0,0,2,144,0.000,0.000,15094,0.014,,,,,,,,,,,,,,,,,,,,,,,VRAM CRIME: UNCOMPRESSED_RGBA32_STATIC_SUSPECT,,Keep compressed; atlas if grouped with small sibling textures.,STATIC_SOURCE
texture,Assets/MapMagic/Core/Editor/Resources/MapMagic/Icons/pro/Color.png,.png,18,18,RGBA,2048,0,-1|1,0,0,0,324,0.000,0.000,19654,0.019,,,,,,,,,,,,,,,,,,,,,,,VRAM CRIME: UNCOMPRESSED_RGBA32_STATIC_SUSPECT,,Keep compressed; atlas if grouped with small sibling textures.,STATIC_SOURCE
texture,Assets/MapMagic/Core/Editor/Resources/MapMagic/Icons/pro/Export.png,.png,36,36,RGBA,2048,0,-1|1,0,0,2,1296,0.001,0.002,5114,0.005,,,,,,,,,,,,,,,,,,,,,,,VRAM CRIME: UNCOMPRESSED_RGBA32_STATIC_SUSPECT,,Keep compressed; atlas if grouped with small sibling textures.,STATIC_SOURCE
texture,Assets/MapMagic/Core/Editor/Resources/MapMagic/Icons/pro/ExportCopy.png,.png,36,36,RGBA,2048,0,-1|1,0,0,2,1296,0.001,0.002,5158,0.005,,,,,,,,,,,,,,,,,,,,,,,VRAM CRIME: UNCOMPRESSED_RGBA32_STATIC_SUSPECT,,Keep compressed; atlas if grouped with small sibling textures.,STATIC_SOURCE
texture,Assets/MapMagic/Core/Editor/Resources/MapMagic/Icons/pro/NodeAdd.png,.png,68,68,RGBA,2048,0,-1|1,0,0,2,4624,0.004,0.006,6216,0.006,,,,,,,,,,,,,,,,,,,,,,,VRAM CRIME: UNCOMPRESSED_RGBA32_STATIC_SUSPECT,,Keep compressed; atlas if grouped with small sibling textures.,STATIC_SOURCE
texture,Assets/MapMagic/Core/Editor/Resources/MapMagic/Icons/pro/Pin.png,.png,18,18,RGBA,2048,0,-1|1,0,0,2,324,0.000,0.000,18681,0.018,,,,,,,,,,,,,,,,,,,,,,,VRAM CRIME: UNCOMPRESSED_RGBA32_STATIC_SUSPECT,,Keep compressed; atlas if grouped with small sibling textures.,STATIC_SOURCE
texture,Assets/MapMagic/Core/Editor/Resources/MapMagic/Icons/pro/PinDraft.png,.png,18,18,RGBA,2048,0,-1|1,0,0,2,324,0.000,0.000,21381,0.020,,,,,,,,,,,,,,,,,,,,,,,VRAM CRIME: UNCOMPRESSED_RGBA32_STATIC_SUSPECT,,Keep compressed; atlas if grouped with small sibling textures.,STATIC_SOURCE
texture,Assets/MapMagic/Core/Editor/Resources/MapMagic/Icons/pro/PinExisting.png,.png,18,18,RGBA,2048,0,-1|1,0,0,2,324,0.000,0.000,21449,0.020,,,,,,,,,,,,,,,,,,,,,,,VRAM CRIME: UNCOMPRESSED_RGBA32_STATIC_SUSPECT,,Keep compressed; atlas if grouped with small sibling textures.,STATIC_SOURCE
texture,Assets/MapMagic/Core/Editor/Resources/MapMagic/Icons/pro/Preview.png,.png,18,18,RGBA,2048,0,-1|1,0,0,2,324,0.000,0.000,18718,0.018,,,,,,,,,,,,,,,,,,,,,,,VRAM CRIME: UNCOMPRESSED_RGBA32_STATIC_SUSPECT,,Keep compressed; atlas if grouped with small sibling textures.,STATIC_SOURCE
texture,Assets/MapMagic/Core/Editor/Resources/MapMagic/Icons/pro/Unpin.png,.png,18,18,RGBA,2048,0,-1|1,0,0,2,324,0.000,0.000,21463,0.020,,,,,,,,,,,,,,,,,,,,,,,VRAM CRIME: UNCOMPRESSED_RGBA32_STATIC_SUSPECT,,Keep compressed; atlas if grouped with small sibling textures.,STATIC_SOURCE
texture,Assets/MapMagic/Core/Editor/Resources/MapMagic/Icons/Unpin.png,.png,18,18,RGBA,2048,0,-1|1,0,0,2,324,0.000,0.000,21449,0.020,,,,,,,,,,,,,,,,,,,,,,,VRAM CRIME: UNCOMPRESSED_RGBA32_STATIC_SUSPECT,,Keep compressed; atlas if grouped with small sibling textures.,STATIC_SOURCE
texture,Assets/MapMagic/Core/Editor/Resources/MapMagic/Icons/Window.png,.png,48,48,RGBA,2048,0,-1|1,0,0,2,2304,0.002,0.003,27532,0.026,,,,,,,,,,,,,,,,,,,,,,,VRAM CRIME: UNCOMPRESSED_RGBA32_STATIC_SUSPECT,,Keep compressed; atlas if grouped with small sibling textures.,STATIC_SOURCE
texture,Assets/MapMagic/Core/Editor/Resources/MapMagic/Icons/WindowBig.png,.png,32,32,RGBA,2048,0,-1|1,0,0,2,1024,0.001,0.001,21954,0.021,,,,,,,,,,,,,,,,,,,,,,,VRAM CRIME: UNCOMPRESSED_RGBA32_STATIC_SUSPECT,,Keep compressed; atlas if grouped with small sibling textures.,STATIC_SOURCE
texture,Assets/MapMagic/Core/Editor/Resources/MapMagic/InletOutlet.png,.png,32,32,RGBA,2048,0,-1|1,0,0,2,1024,0.001,0.001,22064,0.021,,,,,,,,,,,,,,,,,,,,,,,VRAM CRIME: UNCOMPRESSED_RGBA32_STATIC_SUSPECT,,Keep compressed; atlas if grouped with small sibling textures.,STATIC_SOURCE
texture,Assets/MapMagic/Core/Editor/Resources/MapMagic/Node/Background.png,.png,2,2,RGBA,2048,0,1|4,0,0,2,4,0.000,0.000,18990,0.018,,,,,,,,,,,,,,,,,,,,,,,VRAM CRIME: UNCOMPRESSED_RGBA32_STATIC_SUSPECT;VRAM CRIME: RGBA32_TEXTURE_FORMAT_STATIC_SUSPECT,,Keep compressed; atlas if grouped with small sibling textures.,STATIC_SOURCE
texture,Assets/MapMagic/Core/Editor/Resources/MapMagic/Node/Background_pro.png,.png,2,2,RGB,2048,0,-1|1,0,0,0,4,0.000,0.000,4033,0.004,,,,,,,,,,,,,,,,,,,,,,,,,Keep compressed; atlas if grouped with small sibling textures.,STATIC_SOURCE
texture,Assets/MapMagic/Core/Editor/Resources/MapMagic/Node/Footer.png,.png,256,16,RGBA,2048,0,1|4,0,1,2,4096,0.004,0.005,38089,0.036,,,,,,,,,,,,,,,,,,,,,,,VRAM CRIME: UNCOMPRESSED_RGBA32_STATIC_SUSPECT;VRAM CRIME: RGBA32_TEXTURE_FORMAT_STATIC_SUSPECT,,Keep compressed; atlas if grouped with small sibling textures.,STATIC_SOURCE
texture,Assets/MapMagic/Core/Editor/Resources/MapMagic/Node/FooterNofield.png,.png,256,16,RGB,2048,0,-1|1,0,0,2,4096,0.004,0.005,6142,0.006,,,,,,,,,,,,,,,,,,,,,,,,,Keep compressed; atlas if grouped with small sibling textures.,STATIC_SOURCE
texture,Assets/MapMagic/Core/Editor/Resources/MapMagic/Node/Frame.png,.png,4,4,RGBA,2048,0,-1|1,0,1,2,16,0.000,0.000,15044,0.014,,,,,,,,,,,,,,,,,,,,,,,VRAM CRIME: UNCOMPRESSED_RGBA32_STATIC_SUSPECT,,Keep compressed; atlas if grouped with small sibling textures.,STATIC_SOURCE
texture,Assets/MapMagic/Core/Editor/Resources/MapMagic/Node/Header.png,.png,256,64,RGBA,2048,0,1|4,0,1,0,16384,0.016,0.021,84585,0.081,,,,,,,,,,,,,,,,,,,,,,,VRAM CRIME: UNCOMPRESSED_RGBA32_STATIC_SUSPECT;VRAM CRIME: RGBA32_TEXTURE_FORMAT_STATIC_SUSPECT,,Keep compressed; atlas if grouped with small sibling textures.,STATIC_SOURCE
texture,Assets/MapMagic/Core/Editor/Resources/MapMagic/Node/SelectionFrame.png,.png,8,8,RGBA,2048,0,-1|1,0,0,2,64,0.000,0.000,15240,0.015,,,,,,,,,,,,,,,,,,,,,,,VRAM CRIME: UNCOMPRESSED_RGBA32_STATIC_SUSPECT,,Keep compressed; atlas if grouped with small sibling textures.,STATIC_SOURCE
texture,Assets/MapMagic/Core/Editor/Resources/MapMagic/Node/SelectionShadow.png,.png,128,128,RGBA,2048,0,-1|1,0,0,2,16384,0.016,0.021,86003,0.082,,,,,,,,,,,,,,,,,,,,,,,VRAM CRIME: UNCOMPRESSED_RGBA32_STATIC_SUSPECT,,Keep compressed; atlas if grouped with small sibling textures.,STATIC_SOURCE
texture,Assets/MapMagic/Core/Editor/Resources/MapMagic/Node/Shadow.png,.png,128,128,RGBA,2048,0,-1|1,0,0,2,16384,0.016,0.021,22956,0.022,,,,,,,,,,,,,,,,,,,,,,,VRAM CRIME: UNCOMPRESSED_RGBA32_STATIC_SUSPECT,,Keep compressed; atlas if grouped with small sibling textures.,STATIC_SOURCE
texture,Assets/MapMagic/Core/Editor/Resources/MapMagic/Node/Shadow_pro.png,.png,128,128,RGBA,2048,0,-1|1,0,0,2,16384,0.016,0.021,4800,0.005,,,,,,,,,,,,,,,,,,,,,,,VRAM CRIME: UNCOMPRESSED_RGBA32_STATIC_SUSPECT,,Keep compressed; atlas if grouped with small sibling textures.,STATIC_SOURCE
texture,Assets/MapMagic/Core/Editor/Resources/MapMagic/Node/ShadowMini.png,.png,128,128,RGBA,2048,0,-1|1,0,0,2,16384,0.016,0.021,7691,0.007,,,,,,,,,,,,,,,,,,,,,,,VRAM CRIME: UNCOMPRESSED_RGBA32_STATIC_SUSPECT,,Keep compressed; atlas if grouped with small sibling textures.,STATIC_SOURCE
texture,Assets/MapMagic/Core/Editor/Resources/MapMagic/NodeLayers/AddIcon.png,.png,42,18,RGBA,2048,0|1,-1|1,0,0,2,756,0.001,0.001,15452,0.015,,,,,,,,,,,,,,,,,,,,,,,VRAM CRIME: UNCOMPRESSED_RGBA32_STATIC_SUSPECT,,Keep compressed; atlas if grouped with small sibling textures.,STATIC_SOURCE
texture,Assets/MapMagic/Core/Editor/Resources/MapMagic/NodeLayers/AddPanel.png,.png,12,12,RGBA,2048,0|1,-1|1,0,0,2,144,0.000,0.000,15425,0.015,,,,,,,,,,,,,,,,,,,,,,,VRAM CRIME: UNCOMPRESSED_RGBA32_STATIC_SUSPECT,,Keep compressed; atlas if grouped with small sibling textures.,STATIC_SOURCE
texture,Assets/MapMagic/Core/Editor/Resources/MapMagic/NodeLayers/AddPanelEmpty.png,.png,12,12,RGBA,2048,0|1,-1|1,0,0,2,144,0.000,0.000,15417,0.015,,,,,,,,,,,,,,,,,,,,,,,VRAM CRIME: UNCOMPRESSED_RGBA32_STATIC_SUSPECT,,Keep compressed; atlas if grouped with small sibling textures.,STATIC_SOURCE
texture,Assets/MapMagic/Core/Editor/Resources/MapMagic/NodeLayers/Bot.png,.png,12,12,RGBA,2048,0,-1|1,0,0,2,144,0.000,0.000,16153,0.015,,,,,,,,,,,,,,,,,,,,,,,VRAM CRIME: UNCOMPRESSED_RGBA32_STATIC_SUSPECT,,Keep compressed; atlas if grouped with small sibling textures.,STATIC_SOURCE
texture,Assets/MapMagic/Core/Editor/Resources/MapMagic/NodeLayers/Dragged.png,.png,12,12,RGBA,2048,0,-1|1,0,0,2,144,0.000,0.000,16171,0.015,,,,,,,,,,,,,,,,,,,,,,,VRAM CRIME: UNCOMPRESSED_RGBA32_STATIC_SUSPECT,,Keep compressed; atlas if grouped with small sibling textures.,STATIC_SOURCE
texture,Assets/MapMagic/Core/Editor/Resources/MapMagic/NodeLayers/Mid.png,.png,12,12,RGBA,2048,0,-1|1,0,0,2,144,0.000,0.000,16171,0.015,,,,,,,,,,,,,,,,,,,,,,,VRAM CRIME: UNCOMPRESSED_RGBA32_STATIC_SUSPECT,,Keep compressed; atlas if grouped with small sibling textures.,STATIC_SOURCE
texture,Assets/MapMagic/Core/Editor/Resources/MapMagic/NodeLayers/pro/AddIcon.png,.png,42,18,RGBA,2048,0,-1|1,,0,2,756,0.001,0.001,18165,0.017,,,,,,,,,,,,,,,,,,,,,,,VRAM CRIME: UNCOMPRESSED_RGBA32_STATIC_SUSPECT,,Keep compressed; atlas if grouped with small sibling textures.,STATIC_SOURCE
texture,Assets/MapMagic/Core/Editor/Resources/MapMagic/NodeLayers/pro/AddPanel.png,.png,12,12,RGBA,2048,0,-1|1,,0,2,144,0.000,0.000,15956,0.015,,,,,,,,,,,,,,,,,,,,,,,VRAM CRIME: UNCOMPRESSED_RGBA32_STATIC_SUSPECT,,Keep compressed; atlas if grouped with small sibling textures.,STATIC_SOURCE
texture,Assets/MapMagic/Core/Editor/Resources/MapMagic/NodeLayers/pro/AddPanelEmpty.png,.png,12,12,RGBA,2048,0,-1|1,,0,2,144,0.000,0.000,15974,0.015,,,,,,,,,,,,,,,,,,,,,,,VRAM CRIME: UNCOMPRESSED_RGBA32_STATIC_SUSPECT,,Keep compressed; atlas if grouped with small sibling textures.,STATIC_SOURCE
texture,Assets/MapMagic/Core/Editor/Resources/MapMagic/NodeLayers/pro/Bot.png,.png,12,12,RGBA,2048,0,-1|1,,0,2,144,0.000,0.000,16171,0.015,,,,,,,,,,,,,,,,,,,,,,,VRAM CRIME: UNCOMPRESSED_RGBA32_STATIC_SUSPECT,,Keep compressed; atlas if grouped with small sibling textures.,STATIC_SOURCE
texture,Assets/MapMagic/Core/Editor/Resources/MapMagic/NodeLayers/pro/Dragged.png,.png,12,12,RGB,2048,0,-1|1,,0,2,144,0.000,0.000,15812,0.015,,,,,,,,,,,,,,,,,,,,,,,,,Keep compressed; atlas if grouped with small sibling textures.,STATIC_SOURCE
texture,Assets/MapMagic/Core/Editor/Resources/MapMagic/NodeLayers/pro/Mid.png,.png,12,12,RGBA,2048,0,-1|1,,0,2,144,0.000,0.000,16171,0.015,,,,,,,,,,,,,,,,,,,,,,,VRAM CRIME: UNCOMPRESSED_RGBA32_STATIC_SUSPECT,,Keep compressed; atlas if grouped with small sibling textures.,STATIC_SOURCE
texture,Assets/MapMagic/Core/Editor/Resources/MapMagic/NodeLayers/pro/Single.png,.png,12,12,RGBA,2048,0,-1|1,,0,2,144,0.000,0.000,16171,0.015,,,,,,,,,,,,,,,,,,,,,,,VRAM CRIME: UNCOMPRESSED_RGBA32_STATIC_SUSPECT,,Keep compressed; atlas if grouped with small sibling textures.,STATIC_SOURCE
texture,Assets/MapMagic/Core/Editor/Resources/MapMagic/NodeLayers/pro/Top.png,.png,12,12,RGBA,2048,0,-1|1,,0,2,144,0.000,0.000,16153,0.015,,,,,,,,,,,,,,,,,,,,,,,VRAM CRIME: UNCOMPRESSED_RGBA32_STATIC_SUSPECT,,Keep compressed; atlas if grouped with small sibling textures.,STATIC_SOURCE
texture,Assets/MapMagic/Core/Editor/Resources/MapMagic/NodeLayers/RemoveIcon.png,.png,65,18,RGBA,2048,0|1,-1|1,0,0,2,1170,0.001,0.001,1581,0.002,,,,,,,,,,,,,,,,,,,,,,,VRAM CRIME: UNCOMPRESSED_RGBA32_STATIC_SUSPECT,,Keep compressed; atlas if grouped with small sibling textures.,STATIC_SOURCE
texture,Assets/MapMagic/Core/Editor/Resources/MapMagic/NodeLayers/RemovePanel.png,.png,12,12,RGBA,2048,0|1,-1|1,0,0,2,144,0.000,0.000,14981,0.014,,,,,,,,,,,,,,,,,,,,,,,VRAM CRIME: UNCOMPRESSED_RGBA32_STATIC_SUSPECT,,Keep compressed; atlas if grouped with small sibling textures.,STATIC_SOURCE
texture,Assets/MapMagic/Core/Editor/Resources/MapMagic/NodeLayers/RemovePanelActive.png,.png,12,12,RGBA,2048,0|1,-1|1,0,0,2,144,0.000,0.000,14985,0.014,,,,,,,,,,,,,,,,,,,,,,,VRAM CRIME: UNCOMPRESSED_RGBA32_STATIC_SUSPECT,,Keep compressed; atlas if grouped with small sibling textures.,STATIC_SOURCE
texture,Assets/MapMagic/Core/Editor/Resources/MapMagic/NodeLayers/Single.png,.png,12,12,RGBA,2048,0,-1|1,0,0,2,144,0.000,0.000,16171,0.015,,,,,,,,,,,,,,,,,,,,,,,VRAM CRIME: UNCOMPRESSED_RGBA32_STATIC_SUSPECT,,Keep compressed; atlas if grouped with small sibling textures.,STATIC_SOURCE
texture,Assets/MapMagic/Core/Editor/Resources/MapMagic/NodeLayers/Top.png,.png,12,12,RGBA,2048,0,-1|1,0,0,2,144,0.000,0.000,16171,0.015,,,,,,,,,,,,,,,,,,,,,,,VRAM CRIME: UNCOMPRESSED_RGBA32_STATIC_SUSPECT,,Keep compressed; atlas if grouped with small sibling textures.,STATIC_SOURCE
texture,Assets/MapMagic/Core/Editor/Resources/MapMagic/PinButtons/Bottom.png,.png,20,20,RGBA,2048,0,-1|1,0,0,2,400,0.000,0.001,1154,0.001,,,,,,,,,,,,,,,,,,,,,,,VRAM CRIME: UNCOMPRESSED_RGBA32_STATIC_SUSPECT,,Keep compressed; atlas if grouped with small sibling textures.,STATIC_SOURCE
texture,Assets/MapMagic/Core/Editor/Resources/MapMagic/PinButtons/Bottom_pressed.png,.png,20,20,RGBA,2048,0,-1|1,0,0,2,400,0.000,0.001,1158,0.001,,,,,,,,,,,,,,,,,,,,,,,VRAM CRIME: UNCOMPRESSED_RGBA32_STATIC_SUSPECT,,Keep compressed; atlas if grouped with small sibling textures.,STATIC_SOURCE
texture,Assets/MapMagic/Core/Editor/Resources/MapMagic/PinButtons/ColorButton.png,.png,20,20,RGBA,2048,0,-1|1,0,0,2,400,0.000,0.001,2116,0.002,,,,,,,,,,,,,,,,,,,,,,,VRAM CRIME: UNCOMPRESSED_RGBA32_STATIC_SUSPECT,,Keep compressed; atlas if grouped with small sibling textures.,STATIC_SOURCE
texture,Assets/MapMagic/Core/Editor/Resources/MapMagic/PinButtons/ColorButton_pressed.png,.png,20,20,RGBA,2048,0,-1|1,0,0,2,400,0.000,0.001,2103,0.002,,,,,,,,,,,,,,,,,,,,,,,VRAM CRIME: UNCOMPRESSED_RGBA32_STATIC_SUSPECT,,Keep compressed; atlas if grouped with small sibling textures.,STATIC_SOURCE
texture,Assets/MapMagic/Core/Editor/Resources/MapMagic/PinButtons/Export.png,.png,20,20,RGBA,2048,0,-1|1,0,0,2,400,0.000,0.001,2141,0.002,,,,,,,,,,,,,,,,,,,,,,,VRAM CRIME: UNCOMPRESSED_RGBA32_STATIC_SUSPECT,,Keep compressed; atlas if grouped with small sibling textures.,STATIC_SOURCE
texture,Assets/MapMagic/Core/Editor/Resources/MapMagic/PinButtons/Export_pressed.png,.png,20,20,RGBA,2048,0,-1|1,0,0,2,400,0.000,0.001,2144,0.002,,,,,,,,,,,,,,,,,,,,,,,VRAM CRIME: UNCOMPRESSED_RGBA32_STATIC_SUSPECT,,Keep compressed; atlas if grouped with small sibling textures.,STATIC_SOURCE
texture,Assets/MapMagic/Core/Editor/Resources/MapMagic/PinButtons/ExportBottom.png,.png,20,20,RGBA,2048,0,-1|1,0,0,2,400,0.000,0.001,2032,0.002,,,,,,,,,,,,,,,,,,,,,,,VRAM CRIME: UNCOMPRESSED_RGBA32_STATIC_SUSPECT,,Keep compressed; atlas if grouped with small sibling textures.,STATIC_SOURCE
texture,Assets/MapMagic/Core/Editor/Resources/MapMagic/PinButtons/ExportBottom_pressed.png,.png,20,20,RGBA,2048,0,-1|1,0,0,2,400,0.000,0.001,2033,0.002,,,,,,,,,,,,,,,,,,,,,,,VRAM CRIME: UNCOMPRESSED_RGBA32_STATIC_SUSPECT,,Keep compressed; atlas if grouped with small sibling textures.,STATIC_SOURCE
texture,Assets/MapMagic/Core/Editor/Resources/MapMagic/PinButtons/ExportMid.png,.png,20,20,RGBA,2048,0|1,-1|1,0,0,2,400,0.000,0.001,1900,0.002,,,,,,,,,,,,,,,,,,,,,,,VRAM CRIME: UNCOMPRESSED_RGBA32_STATIC_SUSPECT,,Keep compressed; atlas if grouped with small sibling textures.,STATIC_SOURCE
texture,Assets/MapMagic/Core/Editor/Resources/MapMagic/PinButtons/ExportMid_pressed.png,.png,20,20,RGBA,2048,0|1,-1|1,0,0,2,400,0.000,0.001,1899,0.002,,,,,,,,,,,,,,,,,,,,,,,VRAM CRIME: UNCOMPRESSED_RGBA32_STATIC_SUSPECT,,Keep compressed; atlas if grouped with small sibling textures.,STATIC_SOURCE
texture,Assets/MapMagic/Core/Editor/Resources/MapMagic/PinButtons/ExportTop.png,.png,20,20,RGBA,2048,0,-1|1,0,0,2,400,0.000,0.001,2052,0.002,,,,,,,,,,,,,,,,,,,,,,,VRAM CRIME: UNCOMPRESSED_RGBA32_STATIC_SUSPECT,,Keep compressed; atlas if grouped with small sibling textures.,STATIC_SOURCE
texture,Assets/MapMagic/Core/Editor/Resources/MapMagic/PinButtons/ExportTop_pressed.png,.png,20,20,RGBA,2048,0,-1|1,0,0,2,400,0.000,0.001,2052,0.002,,,,,,,,,,,,,,,,,,,,,,,VRAM CRIME: UNCOMPRESSED_RGBA32_STATIC_SUSPECT,,Keep compressed; atlas if grouped with small sibling textures.,STATIC_SOURCE
texture,Assets/MapMagic/Core/Editor/Resources/MapMagic/PinButtons/PinBottom.png,.png,20,20,RGBA,2048,0,-1|1,0,0,2,400,0.000,0.001,1164,0.001,,,,,,,,,,,,,,,,,,,,,,,VRAM CRIME: UNCOMPRESSED_RGBA32_STATIC_SUSPECT,,Keep compressed; atlas if grouped with small sibling textures.,STATIC_SOURCE
texture,Assets/MapMagic/Core/Editor/Resources/MapMagic/PinButtons/PinBottom_pressed.png,.png,20,20,RGBA,2048,0,-1|1,0,0,2,400,0.000,0.001,1161,0.001,,,,,,,,,,,,,,,,,,,,,,,VRAM CRIME: UNCOMPRESSED_RGBA32_STATIC_SUSPECT,,Keep compressed; atlas if grouped with small sibling textures.,STATIC_SOURCE
texture,Assets/MapMagic/Core/Editor/Resources/MapMagic/PinButtons/PinMid.png,.png,20,20,RGBA,2048,0,-1|1,0,0,2,400,0.000,0.001,1051,0.001,,,,,,,,,,,,,,,,,,,,,,,VRAM CRIME: UNCOMPRESSED_RGBA32_STATIC_SUSPECT,,Keep compressed; atlas if grouped with small sibling textures.,STATIC_SOURCE
texture,Assets/MapMagic/Core/Editor/Resources/MapMagic/PinButtons/PinMid_pressed.png,.png,20,20,RGBA,2048,0,-1|1,0,0,2,400,0.000,0.001,1050,0.001,,,,,,,,,,,,,,,,,,,,,,,VRAM CRIME: UNCOMPRESSED_RGBA32_STATIC_SUSPECT,,Keep compressed; atlas if grouped with small sibling textures.,STATIC_SOURCE
texture,Assets/MapMagic/Core/Editor/Resources/MapMagic/PinButtons/PinTop.png,.png,20,20,RGBA,2048,0,-1|1,0,0,2,400,0.000,0.001,1194,0.001,,,,,,,,,,,,,,,,,,,,,,,VRAM CRIME: UNCOMPRESSED_RGBA32_STATIC_SUSPECT,,Keep compressed; atlas if grouped with small sibling textures.,STATIC_SOURCE
texture,Assets/MapMagic/Core/Editor/Resources/MapMagic/PinButtons/PinTop_pressed.png,.png,20,20,RGBA,2048,0,-1|1,0,0,2,400,0.000,0.001,1194,0.001,,,,,,,,,,,,,,,,,,,,,,,VRAM CRIME: UNCOMPRESSED_RGBA32_STATIC_SUSPECT,,Keep compressed; atlas if grouped with small sibling textures.,STATIC_SOURCE
texture,Assets/MapMagic/Core/Editor/Resources/MapMagic/PinButtons/Preview.png,.png,20,20,RGBA,2048,0,-1|1,0,0,2,400,0.000,0.001,1916,0.002,,,,,,,,,,,,,,,,,,,,,,,VRAM CRIME: UNCOMPRESSED_RGBA32_STATIC_SUSPECT,,Keep compressed; atlas if grouped with small sibling textures.,STATIC_SOURCE
texture,Assets/MapMagic/Core/Editor/Resources/MapMagic/PinButtons/Preview_pressed.png,.png,20,20,RGBA,2048,0,-1|1,0,0,2,400,0.000,0.001,1286,0.001,,,,,,,,,,,,,,,,,,,,,,,VRAM CRIME: UNCOMPRESSED_RGBA32_STATIC_SUSPECT,,Keep compressed; atlas if grouped with small sibling textures.,STATIC_SOURCE
texture,Assets/MapMagic/Core/Editor/Resources/MapMagic/PinButtons/pro/Bottom.png,.png,20,20,RGBA,2048,0,-1|1,0,0,2,400,0.000,0.001,1150,0.001,,,,,,,,,,,,,,,,,,,,,,,VRAM CRIME: UNCOMPRESSED_RGBA32_STATIC_SUSPECT,,Keep compressed; atlas if grouped with small sibling textures.,STATIC_SOURCE
texture,Assets/MapMagic/Core/Editor/Resources/MapMagic/PinButtons/pro/Bottom_pressed.png,.png,20,20,RGBA,2048,0,-1|1,0,0,2,400,0.000,0.001,1148,0.001,,,,,,,,,,,,,,,,,,,,,,,VRAM CRIME: UNCOMPRESSED_RGBA32_STATIC_SUSPECT,,Keep compressed; atlas if grouped with small sibling textures.,STATIC_SOURCE
texture,Assets/MapMagic/Core/Editor/Resources/MapMagic/PinButtons/pro/ColorButton.png,.png,20,20,RGBA,2048,0,-1|1,0,0,0,400,0.000,0.001,1951,0.002,,,,,,,,,,,,,,,,,,,,,,,VRAM CRIME: UNCOMPRESSED_RGBA32_STATIC_SUSPECT,,Keep compressed; atlas if grouped with small sibling textures.,STATIC_SOURCE
texture,Assets/MapMagic/Core/Editor/Resources/MapMagic/PinButtons/pro/ColorButton_pressed.png,.png,20,20,RGBA,2048,0,-1|1,0,0,0,400,0.000,0.001,1951,0.002,,,,,,,,,,,,,,,,,,,,,,,VRAM CRIME: UNCOMPRESSED_RGBA32_STATIC_SUSPECT,,Keep compressed; atlas if grouped with small sibling textures.,STATIC_SOURCE
texture,Assets/MapMagic/Core/Editor/Resources/MapMagic/PinButtons/pro/Export.png,.png,20,20,RGBA,2048,0,-1|1,0,0,2,400,0.000,0.001,2116,0.002,,,,,,,,,,,,,,,,,,,,,,,VRAM CRIME: UNCOMPRESSED_RGBA32_STATIC_SUSPECT,,Keep compressed; atlas if grouped with small sibling textures.,STATIC_SOURCE
texture,Assets/MapMagic/Core/Editor/Resources/MapMagic/PinButtons/pro/Export_pressed.png,.png,20,20,RGBA,2048,0,-1|1,0,0,2,400,0.000,0.001,2135,0.002,,,,,,,,,,,,,,,,,,,,,,,VRAM CRIME: UNCOMPRESSED_RGBA32_STATIC_SUSPECT,,Keep compressed; atlas if grouped with small sibling textures.,STATIC_SOURCE
texture,Assets/MapMagic/Core/Editor/Resources/MapMagic/PinButtons/pro/ExportBottom.png,.png,20,20,RGBA,2048,0,-1|1,0,0,2,400,0.000,0.001,2023,0.002,,,,,,,,,,,,,,,,,,,,,,,VRAM CRIME: UNCOMPRESSED_RGBA32_STATIC_SUSPECT,,Keep compressed; atlas if grouped with small sibling textures.,STATIC_SOURCE
texture,Assets/MapMagic/Core/Editor/Resources/MapMagic/PinButtons/pro/ExportBottom_pressed.png,.png,20,20,RGBA,2048,0,-1|1,0,0,2,400,0.000,0.001,2029,0.002,,,,,,,,,,,,,,,,,,,,,,,VRAM CRIME: UNCOMPRESSED_RGBA32_STATIC_SUSPECT,,Keep compressed; atlas if grouped with small sibling textures.,STATIC_SOURCE
texture,Assets/MapMagic/Core/Editor/Resources/MapMagic/PinButtons/pro/ExportMid.png,.png,20,20,RGBA,2048,0|1,-1|1,0,0,2,400,0.000,0.001,1903,0.002,,,,,,,,,,,,,,,,,,,,,,,VRAM CRIME: UNCOMPRESSED_RGBA32_STATIC_SUSPECT,,Keep compressed; atlas if grouped with small sibling textures.,STATIC_SOURCE
texture,Assets/MapMagic/Core/Editor/Resources/MapMagic/PinButtons/pro/ExportMid_pressed.png,.png,20,20,RGBA,2048,0|1,-1|1,0,0,2,400,0.000,0.001,1900,0.002,,,,,,,,,,,,,,,,,,,,,,,VRAM CRIME: UNCOMPRESSED_RGBA32_STATIC_SUSPECT,,Keep compressed; atlas if grouped with small sibling textures.,STATIC_SOURCE
texture,Assets/MapMagic/Core/Editor/Resources/MapMagic/PinButtons/pro/ExportTop.png,.png,20,20,RGBA,2048,0,-1|1,0,0,2,400,0.000,0.001,2039,0.002,,,,,,,,,,,,,,,,,,,,,,,VRAM CRIME: UNCOMPRESSED_RGBA32_STATIC_SUSPECT,,Keep compressed; atlas if grouped with small sibling textures.,STATIC_SOURCE
texture,Assets/MapMagic/Core/Editor/Resources/MapMagic/PinButtons/pro/ExportTop_pressed.png,.png,20,20,RGBA,2048,0,-1|1,0,0,2,400,0.000,0.001,2052,0.002,,,,,,,,,,,,,,,,,,,,,,,VRAM CRIME: UNCOMPRESSED_RGBA32_STATIC_SUSPECT,,Keep compressed; atlas if grouped with small sibling textures.,STATIC_SOURCE
texture,Assets/MapMagic/Core/Editor/Resources/MapMagic/PinButtons/pro/PinBottom.png,.png,20,20,RGBA,2048,0,-1|1,0,0,2,400,0.000,0.001,1163,0.001,,,,,,,,,,,,,,,,,,,,,,,VRAM CRIME: UNCOMPRESSED_RGBA32_STATIC_SUSPECT,,Keep compressed; atlas if grouped with small sibling textures.,STATIC_SOURCE
texture,Assets/MapMagic/Core/Editor/Resources/MapMagic/PinButtons/pro/PinBottom_pressed.png,.png,20,20,RGBA,2048,0,-1|1,0,0,2,400,0.000,0.001,1168,0.001,,,,,,,,,,,,,,,,,,,,,,,VRAM CRIME: UNCOMPRESSED_RGBA32_STATIC_SUSPECT,,Keep compressed; atlas if grouped with small sibling textures.,STATIC_SOURCE
texture,Assets/MapMagic/Core/Editor/Resources/MapMagic/PinButtons/pro/PinMid.png,.png,20,20,RGBA,2048,0,-1|1,0,0,2,400,0.000,0.001,1054,0.001,,,,,,,,,,,,,,,,,,,,,,,VRAM CRIME: UNCOMPRESSED_RGBA32_STATIC_SUSPECT,,Keep compressed; atlas if grouped with small sibling textures.,STATIC_SOURCE
texture,Assets/MapMagic/Core/Editor/Resources/MapMagic/PinButtons/pro/PinMid_pressed.png,.png,20,20,RGBA,2048,0,-1|1,0,0,2,400,0.000,0.001,1051,0.001,,,,,,,,,,,,,,,,,,,,,,,VRAM CRIME: UNCOMPRESSED_RGBA32_STATIC_SUSPECT,,Keep compressed; atlas if grouped with small sibling textures.,STATIC_SOURCE
texture,Assets/MapMagic/Core/Editor/Resources/MapMagic/PinButtons/pro/PinTop.png,.png,20,20,RGBA,2048,0,-1|1,0,0,2,400,0.000,0.001,1184,0.001,,,,,,,,,,,,,,,,,,,,,,,VRAM CRIME: UNCOMPRESSED_RGBA32_STATIC_SUSPECT,,Keep compressed; atlas if grouped with small sibling textures.,STATIC_SOURCE
texture,Assets/MapMagic/Core/Editor/Resources/MapMagic/PinButtons/pro/PinTop_pressed.png,.png,20,20,RGBA,2048,0,-1|1,0,0,2,400,0.000,0.001,1193,0.001,,,,,,,,,,,,,,,,,,,,,,,VRAM CRIME: UNCOMPRESSED_RGBA32_STATIC_SUSPECT,,Keep compressed; atlas if grouped with small sibling textures.,STATIC_SOURCE
texture,Assets/MapMagic/Core/Editor/Resources/MapMagic/PinButtons/pro/Preview.png,.png,20,20,RGBA,2048,0,-1|1,0,0,2,400,0.000,0.001,1265,0.001,,,,,,,,,,,,,,,,,,,,,,,VRAM CRIME: UNCOMPRESSED_RGBA32_STATIC_SUSPECT,,Keep compressed; atlas if grouped with small sibling textures.,STATIC_SOURCE
texture,Assets/MapMagic/Core/Editor/Resources/MapMagic/PinButtons/pro/Preview_pressed.png,.png,20,20,RGBA,2048,0,-1|1,0,0,2,400,0.000,0.001,1278,0.001,,,,,,,,,,,,,,,,,,,,,,,VRAM CRIME: UNCOMPRESSED_RGBA32_STATIC_SUSPECT,,Keep compressed; atlas if grouped with small sibling textures.,STATIC_SOURCE
texture,Assets/MapMagic/Core/Editor/Resources/MapMagic/PinButtons/pro/Remove.png,.png,20,20,RGBA,2048,0,-1|1,0,0,2,400,0.000,0.001,1267,0.001,,,,,,,,,,,,,,,,,,,,,,,VRAM CRIME: UNCOMPRESSED_RGBA32_STATIC_SUSPECT,,Keep compressed; atlas if grouped with small sibling textures.,STATIC_SOURCE
texture,Assets/MapMagic/Core/Editor/Resources/MapMagic/PinButtons/pro/Remove_pressed.png,.png,20,20,RGBA,2048,0,-1|1,0,0,2,400,0.000,0.001,1278,0.001,,,,,,,,,,,,,,,,,,,,,,,VRAM CRIME: UNCOMPRESSED_RGBA32_STATIC_SUSPECT,,Keep compressed; atlas if grouped with small sibling textures.,STATIC_SOURCE
texture,Assets/MapMagic/Core/Editor/Resources/MapMagic/PinButtons/pro/Top.png,.png,20,20,RGBA,2048,0,-1|1,0,0,2,400,0.000,0.001,1170,0.001,,,,,,,,,,,,,,,,,,,,,,,VRAM CRIME: UNCOMPRESSED_RGBA32_STATIC_SUSPECT,,Keep compressed; atlas if grouped with small sibling textures.,STATIC_SOURCE
texture,Assets/MapMagic/Core/Editor/Resources/MapMagic/PinButtons/pro/Top_pressed.png,.png,20,20,RGBA,2048,0,-1|1,0,0,2,400,0.000,0.001,1172,0.001,,,,,,,,,,,,,,,,,,,,,,,VRAM CRIME: UNCOMPRESSED_RGBA32_STATIC_SUSPECT,,Keep compressed; atlas if grouped with small sibling textures.,STATIC_SOURCE
texture,Assets/MapMagic/Core/Editor/Resources/MapMagic/PinButtons/pro/UniversalButton.png,.png,20,20,RGBA,2048,0,-1|1,0,0,0,400,0.000,0.001,1960,0.002,,,,,,,,,,,,,,,,,,,,,,,VRAM CRIME: UNCOMPRESSED_RGBA32_STATIC_SUSPECT,,Keep compressed; atlas if grouped with small sibling textures.,STATIC_SOURCE
texture,Assets/MapMagic/Core/Editor/Resources/MapMagic/PinButtons/pro/UniversalButton_pressed.png,.png,20,20,RGBA,2048,0,-1|1,0,0,0,400,0.000,0.001,1963,0.002,,,,,,,,,,,,,,,,,,,,,,,VRAM CRIME: UNCOMPRESSED_RGBA32_STATIC_SUSPECT,,Keep compressed; atlas if grouped with small sibling textures.,STATIC_SOURCE
texture,Assets/MapMagic/Core/Editor/Resources/MapMagic/PinButtons/Remove.png,.png,20,20,RGBA,2048,0,-1|1,0,0,2,400,0.000,0.001,1919,0.002,,,,,,,,,,,,,,,,,,,,,,,VRAM CRIME: UNCOMPRESSED_RGBA32_STATIC_SUSPECT,,Keep compressed; atlas if grouped with small sibling textures.,STATIC_SOURCE
texture,Assets/MapMagic/Core/Editor/Resources/MapMagic/PinButtons/Remove_pressed.png,.png,20,20,RGBA,2048,0,-1|1,0,0,2,400,0.000,0.001,1282,0.001,,,,,,,,,,,,,,,,,,,,,,,VRAM CRIME: UNCOMPRESSED_RGBA32_STATIC_SUSPECT,,Keep compressed; atlas if grouped with small sibling textures.,STATIC_SOURCE
texture,Assets/MapMagic/Core/Editor/Resources/MapMagic/PinButtons/Top.png,.png,20,20,RGBA,2048,0,-1|1,0,0,2,400,0.000,0.001,1178,0.001,,,,,,,,,,,,,,,,,,,,,,,VRAM CRIME: UNCOMPRESSED_RGBA32_STATIC_SUSPECT,,Keep compressed; atlas if grouped with small sibling textures.,STATIC_SOURCE
texture,Assets/MapMagic/Core/Editor/Resources/MapMagic/PinButtons/Top_pressed.png,.png,20,20,RGBA,2048,0,-1|1,0,0,2,400,0.000,0.001,1180,0.001,,,,,,,,,,,,,,,,,,,,,,,VRAM CRIME: UNCOMPRESSED_RGBA32_STATIC_SUSPECT,,Keep compressed; atlas if grouped with small sibling textures.,STATIC_SOURCE
texture,Assets/MapMagic/Core/Editor/Resources/MapMagic/PinButtons/UniversalButton.png,.png,20,20,RGBA,2048,0,-1|1,0,0,2,400,0.000,0.001,1964,0.002,,,,,,,,,,,,,,,,,,,,,,,VRAM CRIME: UNCOMPRESSED_RGBA32_STATIC_SUSPECT,,Keep compressed; atlas if grouped with small sibling textures.,STATIC_SOURCE
texture,Assets/MapMagic/Core/Editor/Resources/MapMagic/PinButtons/UniversalButton_pressed.png,.png,20,20,RGBA,2048,0,-1|1,0,0,2,400,0.000,0.001,1967,0.002,,,,,,,,,,,,,,,,,,,,,,,VRAM CRIME: UNCOMPRESSED_RGBA32_STATIC_SUSPECT,,Keep compressed; atlas if grouped with small sibling textures.,STATIC_SOURCE
texture,Assets/MapMagic/Core/Editor/Resources/MapMagic/Popup/Biomes.png,.png,24,24,RGBA,2048,0,-1|1,0,0,2,576,0.001,0.001,507,0.000,,,,,,,,,,,,,,,,,,,,,,,VRAM CRIME: UNCOMPRESSED_RGBA32_STATIC_SUSPECT,,Keep compressed; atlas if grouped with small sibling textures.,STATIC_SOURCE
texture,Assets/MapMagic/Core/Editor/Resources/MapMagic/Popup/Comment.png,.png,24,24,RGBA,2048,0|1,-1|1,0,0,2,576,0.001,0.001,3904,0.004,,,,,,,,,,,,,,,,,,,,,,,VRAM CRIME: UNCOMPRESSED_RGBA32_STATIC_SUSPECT,,Keep compressed; atlas if grouped with small sibling textures.,STATIC_SOURCE
texture,Assets/MapMagic/Core/Editor/Resources/MapMagic/Popup/Create.png,.png,24,24,RGBA,2048,0,-1|1,0,0,2,576,0.001,0.001,522,0.000,,,,,,,,,,,,,,,,,,,,,,,VRAM CRIME: UNCOMPRESSED_RGBA32_STATIC_SUSPECT,,Keep compressed; atlas if grouped with small sibling textures.,STATIC_SOURCE
texture,Assets/MapMagic/Core/Editor/Resources/MapMagic/Popup/Duplicate.png,.png,24,24,RGBA,2048,0,-1|1,0,0,2,576,0.001,0.001,523,0.000,,,,,,,,,,,,,,,,,,,,,,,VRAM CRIME: UNCOMPRESSED_RGBA32_STATIC_SUSPECT,,Keep compressed; atlas if grouped with small sibling textures.,STATIC_SOURCE
texture,Assets/MapMagic/Core/Editor/Resources/MapMagic/Popup/Export.png,.png,24,24,RGBA,2048,0,-1|1,0,0,2,576,0.001,0.001,496,0.000,,,,,,,,,,,,,,,,,,,,,,,VRAM CRIME: UNCOMPRESSED_RGBA32_STATIC_SUSPECT,,Keep compressed; atlas if grouped with small sibling textures.,STATIC_SOURCE
texture,Assets/MapMagic/Core/Editor/Resources/MapMagic/Popup/Expose.png,.png,24,24,RGBA,2048,0,-1|1,0,0,2,576,0.001,0.001,375,0.000,,,,,,,,,,,,,,,,,,,,,,,VRAM CRIME: UNCOMPRESSED_RGBA32_STATIC_SUSPECT,,Keep compressed; atlas if grouped with small sibling textures.,STATIC_SOURCE
texture,Assets/MapMagic/Core/Editor/Resources/MapMagic/Popup/Eye.png,.png,24,24,RGBA,2048,0,-1|1,0,0,2,576,0.001,0.001,488,0.000,,,,,,,,,,,,,,,,,,,,,,,VRAM CRIME: UNCOMPRESSED_RGBA32_STATIC_SUSPECT,,Keep compressed; atlas if grouped with small sibling textures.,STATIC_SOURCE
texture,Assets/MapMagic/Core/Editor/Resources/MapMagic/Popup/Function.png,.png,24,24,RGBA,2048,0,-1|1,0,0,2,576,0.001,0.001,636,0.001,,,,,,,,,,,,,,,,,,,,,,,VRAM CRIME: UNCOMPRESSED_RGBA32_STATIC_SUSPECT,,Keep compressed; atlas if grouped with small sibling textures.,STATIC_SOURCE
texture,Assets/MapMagic/Core/Editor/Resources/MapMagic/Popup/Generator.png,.png,24,24,RGBA,2048,0,-1|1,0,0,2,576,0.001,0.001,174,0.000,,,,,,,,,,,,,,,,,,,,,,,VRAM CRIME: UNCOMPRESSED_RGBA32_STATIC_SUSPECT,,Keep compressed; atlas if grouped with small sibling textures.,STATIC_SOURCE
texture,Assets/MapMagic/Core/Editor/Resources/MapMagic/Popup/Graph.png,.png,24,24,RGBA,2048,0,-1|1,0,0,2,576,0.001,0.001,304,0.000,,,,,,,,,,,,,,,,,,,,,,,VRAM CRIME: UNCOMPRESSED_RGBA32_STATIC_SUSPECT,,Keep compressed; atlas if grouped with small sibling textures.,STATIC_SOURCE
texture,Assets/MapMagic/Core/Editor/Resources/MapMagic/Popup/Group.png,.png,24,24,RGBA,2048,0,-1|1,0,0,2,576,0.001,0.001,1638,0.002,,,,,,,,,,,,,,,,,,,,,,,VRAM CRIME: UNCOMPRESSED_RGBA32_STATIC_SUSPECT,,Keep compressed; atlas if grouped with small sibling textures.,STATIC_SOURCE
texture,Assets/MapMagic/Core/Editor/Resources/MapMagic/Popup/GroupAdd.png,.png,24,24,RGBA,2048,0,-1|1,0,0,2,576,0.001,0.001,2172,0.002,,,,,,,,,,,,,,,,,,,,,,,VRAM CRIME: UNCOMPRESSED_RGBA32_STATIC_SUSPECT,,Keep compressed; atlas if grouped with small sibling textures.,STATIC_SOURCE
texture,Assets/MapMagic/Core/Editor/Resources/MapMagic/Popup/GroupSelected.png,.png,24,24,RGBA,2048,0,-1|1,0,0,2,576,0.001,0.001,2167,0.002,,,,,,,,,,,,,,,,,,,,,,,VRAM CRIME: UNCOMPRESSED_RGBA32_STATIC_SUSPECT,,Keep compressed; atlas if grouped with small sibling textures.,STATIC_SOURCE
texture,Assets/MapMagic/Core/Editor/Resources/MapMagic/Popup/Import.png,.png,24,24,RGBA,2048,0,-1|1,0,0,2,576,0.001,0.001,524,0.000,,,,,,,,,,,,,,,,,,,,,,,VRAM CRIME: UNCOMPRESSED_RGBA32_STATIC_SUSPECT,,Keep compressed; atlas if grouped with small sibling textures.,STATIC_SOURCE
texture,Assets/MapMagic/Core/Editor/Resources/MapMagic/Popup/Initial.png,.png,24,24,RGBA,2048,0,-1|1,0,0,2,576,0.001,0.001,538,0.001,,,,,,,,,,,,,,,,,,,,,,,VRAM CRIME: UNCOMPRESSED_RGBA32_STATIC_SUSPECT,,Keep compressed; atlas if grouped with small sibling textures.,STATIC_SOURCE
texture,Assets/MapMagic/Core/Editor/Resources/MapMagic/Popup/Input.png,.png,12,12,RGBA,2048,0,-1|1,0,0,2,144,0.000,0.000,18272,0.017,,,,,,,,,,,,,,,,,,,,,,,VRAM CRIME: UNCOMPRESSED_RGBA32_STATIC_SUSPECT,,Keep compressed; atlas if grouped with small sibling textures.,STATIC_SOURCE
texture,Assets/MapMagic/Core/Editor/Resources/MapMagic/Popup/Insert.png,.png,24,24,RGBA,2048,0,-1|1,0,0,2,576,0.001,0.001,484,0.000,,,,,,,,,,,,,,,,,,,,,,,VRAM CRIME: UNCOMPRESSED_RGBA32_STATIC_SUSPECT,,Keep compressed; atlas if grouped with small sibling textures.,STATIC_SOURCE
texture,Assets/MapMagic/Core/Editor/Resources/MapMagic/Popup/Map.png,.png,24,24,RGBA,2048,0,-1|1,0,0,2,576,0.001,0.001,613,0.001,,,,,,,,,,,,,,,,,,,,,,,VRAM CRIME: UNCOMPRESSED_RGBA32_STATIC_SUSPECT,,Keep compressed; atlas if grouped with small sibling textures.,STATIC_SOURCE
texture,Assets/MapMagic/Core/Editor/Resources/MapMagic/Popup/Modifier.png,.png,24,24,RGBA,2048,0,-1|1,0,0,2,576,0.001,0.001,633,0.001,,,,,,,,,,,,,,,,,,,,,,,VRAM CRIME: UNCOMPRESSED_RGBA32_STATIC_SUSPECT,,Keep compressed; atlas if grouped with small sibling textures.,STATIC_SOURCE
texture,Assets/MapMagic/Core/Editor/Resources/MapMagic/Popup/Objects.png,.png,24,24,RGBA,2048,0,-1|1,0,0,2,576,0.001,0.001,609,0.001,,,,,,,,,,,,,,,,,,,,,,,VRAM CRIME: UNCOMPRESSED_RGBA32_STATIC_SUSPECT,,Keep compressed; atlas if grouped with small sibling textures.,STATIC_SOURCE
texture,Assets/MapMagic/Core/Editor/Resources/MapMagic/Popup/Output.png,.png,24,24,RGBA,2048,0,-1|1,0,0,2,576,0.001,0.001,749,0.001,,,,,,,,,,,,,,,,,,,,,,,VRAM CRIME: UNCOMPRESSED_RGBA32_STATIC_SUSPECT,,Keep compressed; atlas if grouped with small sibling textures.,STATIC_SOURCE
texture,Assets/MapMagic/Core/Editor/Resources/MapMagic/Popup/Portals.png,.png,24,24,RGBA,2048,0,-1|1,0,0,2,576,0.001,0.001,582,0.001,,,,,,,,,,,,,,,,,,,,,,,VRAM CRIME: UNCOMPRESSED_RGBA32_STATIC_SUSPECT,,Keep compressed; atlas if grouped with small sibling textures.,STATIC_SOURCE
texture,Assets/MapMagic/Core/Editor/Resources/MapMagic/Popup/pro/Biomes.png,.png,24,24,RGBA,2048,0,-1|1,0,0,2,576,0.001,0.001,504,0.000,,,,,,,,,,,,,,,,,,,,,,,VRAM CRIME: UNCOMPRESSED_RGBA32_STATIC_SUSPECT,,Keep compressed; atlas if grouped with small sibling textures.,STATIC_SOURCE
texture,Assets/MapMagic/Core/Editor/Resources/MapMagic/Popup/pro/Comment.png,.png,24,24,RGBA,2048,0|1,-1|1,0,0,2,576,0.001,0.001,3886,0.004,,,,,,,,,,,,,,,,,,,,,,,VRAM CRIME: UNCOMPRESSED_RGBA32_STATIC_SUSPECT,,Keep compressed; atlas if grouped with small sibling textures.,STATIC_SOURCE
texture,Assets/MapMagic/Core/Editor/Resources/MapMagic/Popup/pro/Create.png,.png,24,24,RGBA,2048,0,-1|1,0,0,2,576,0.001,0.001,520,0.000,,,,,,,,,,,,,,,,,,,,,,,VRAM CRIME: UNCOMPRESSED_RGBA32_STATIC_SUSPECT,,Keep compressed; atlas if grouped with small sibling textures.,STATIC_SOURCE
texture,Assets/MapMagic/Core/Editor/Resources/MapMagic/Popup/pro/Duplicate.png,.png,24,24,RGBA,2048,0,-1|1,0,0,2,576,0.001,0.001,502,0.000,,,,,,,,,,,,,,,,,,,,,,,VRAM CRIME: UNCOMPRESSED_RGBA32_STATIC_SUSPECT,,Keep compressed; atlas if grouped with small sibling textures.,STATIC_SOURCE
texture,Assets/MapMagic/Core/Editor/Resources/MapMagic/Popup/pro/Export.png,.png,24,24,RGBA,2048,0,-1|1,0,0,2,576,0.001,0.001,478,0.000,,,,,,,,,,,,,,,,,,,,,,,VRAM CRIME: UNCOMPRESSED_RGBA32_STATIC_SUSPECT,,Keep compressed; atlas if grouped with small sibling textures.,STATIC_SOURCE
texture,Assets/MapMagic/Core/Editor/Resources/MapMagic/Popup/pro/Expose.png,.png,24,24,RGBA,2048,0,-1|1,0,0,2,576,0.001,0.001,359,0.000,,,,,,,,,,,,,,,,,,,,,,,VRAM CRIME: UNCOMPRESSED_RGBA32_STATIC_SUSPECT,,Keep compressed; atlas if grouped with small sibling textures.,STATIC_SOURCE
texture,Assets/MapMagic/Core/Editor/Resources/MapMagic/Popup/pro/Eye.png,.png,24,24,RGBA,2048,0,-1|1,0,0,2,576,0.001,0.001,451,0.000,,,,,,,,,,,,,,,,,,,,,,,VRAM CRIME: UNCOMPRESSED_RGBA32_STATIC_SUSPECT,,Keep compressed; atlas if grouped with small sibling textures.,STATIC_SOURCE
texture,Assets/MapMagic/Core/Editor/Resources/MapMagic/Popup/pro/Function.png,.png,24,24,RGBA,2048,0,-1|1,0,0,2,576,0.001,0.001,624,0.001,,,,,,,,,,,,,,,,,,,,,,,VRAM CRIME: UNCOMPRESSED_RGBA32_STATIC_SUSPECT,,Keep compressed; atlas if grouped with small sibling textures.,STATIC_SOURCE
texture,Assets/MapMagic/Core/Editor/Resources/MapMagic/Popup/pro/Generator.png,.png,24,24,RGBA,2048,0,-1|1,0,0,2,576,0.001,0.001,168,0.000,,,,,,,,,,,,,,,,,,,,,,,VRAM CRIME: UNCOMPRESSED_RGBA32_STATIC_SUSPECT,,Keep compressed; atlas if grouped with small sibling textures.,STATIC_SOURCE
texture,Assets/MapMagic/Core/Editor/Resources/MapMagic/Popup/pro/Graph.png,.png,24,24,RGBA,2048,0,-1|1,0,0,2,576,0.001,0.001,282,0.000,,,,,,,,,,,,,,,,,,,,,,,VRAM CRIME: UNCOMPRESSED_RGBA32_STATIC_SUSPECT,,Keep compressed; atlas if grouped with small sibling textures.,STATIC_SOURCE
texture,Assets/MapMagic/Core/Editor/Resources/MapMagic/Popup/pro/Group.png,.png,24,24,RGBA,2048,0,-1|1,0,0,2,576,0.001,0.001,1644,0.002,,,,,,,,,,,,,,,,,,,,,,,VRAM CRIME: UNCOMPRESSED_RGBA32_STATIC_SUSPECT,,Keep compressed; atlas if grouped with small sibling textures.,STATIC_SOURCE
texture,Assets/MapMagic/Core/Editor/Resources/MapMagic/Popup/pro/GroupAdd.png,.png,24,24,RGBA,2048,0,-1|1,0,0,2,576,0.001,0.001,2178,0.002,,,,,,,,,,,,,,,,,,,,,,,VRAM CRIME: UNCOMPRESSED_RGBA32_STATIC_SUSPECT,,Keep compressed; atlas if grouped with small sibling textures.,STATIC_SOURCE
texture,Assets/MapMagic/Core/Editor/Resources/MapMagic/Popup/pro/GroupSelected.png,.png,24,24,RGBA,2048,0,-1|1,0,0,2,576,0.001,0.001,2173,0.002,,,,,,,,,,,,,,,,,,,,,,,VRAM CRIME: UNCOMPRESSED_RGBA32_STATIC_SUSPECT,,Keep compressed; atlas if grouped with small sibling textures.,STATIC_SOURCE
texture,Assets/MapMagic/Core/Editor/Resources/MapMagic/Popup/pro/Import.png,.png,24,24,RGBA,2048,0,-1|1,0,0,2,576,0.001,0.001,504,0.000,,,,,,,,,,,,,,,,,,,,,,,VRAM CRIME: UNCOMPRESSED_RGBA32_STATIC_SUSPECT,,Keep compressed; atlas if grouped with small sibling textures.,STATIC_SOURCE
texture,Assets/MapMagic/Core/Editor/Resources/MapMagic/Popup/pro/Initial.png,.png,24,24,RGBA,2048,0,-1|1,0,0,2,576,0.001,0.001,544,0.001,,,,,,,,,,,,,,,,,,,,,,,VRAM CRIME: UNCOMPRESSED_RGBA32_STATIC_SUSPECT,,Keep compressed; atlas if grouped with small sibling textures.,STATIC_SOURCE
texture,Assets/MapMagic/Core/Editor/Resources/MapMagic/Popup/pro/Input.png,.png,12,12,RGBA,2048,0,-1|1,0,0,2,144,0.000,0.000,18272,0.017,,,,,,,,,,,,,,,,,,,,,,,VRAM CRIME: UNCOMPRESSED_RGBA32_STATIC_SUSPECT,,Keep compressed; atlas if grouped with small sibling textures.,STATIC_SOURCE
texture,Assets/MapMagic/Core/Editor/Resources/MapMagic/Popup/pro/Insert.png,.png,24,24,RGBA,2048,0,-1|1,0,0,2,576,0.001,0.001,493,0.000,,,,,,,,,,,,,,,,,,,,,,,VRAM CRIME: UNCOMPRESSED_RGBA32_STATIC_SUSPECT,,Keep compressed; atlas if grouped with small sibling textures.,STATIC_SOURCE
texture,Assets/MapMagic/Core/Editor/Resources/MapMagic/Popup/pro/Map.png,.png,24,24,RGBA,2048,0,-1|1,0,0,2,576,0.001,0.001,610,0.001,,,,,,,,,,,,,,,,,,,,,,,VRAM CRIME: UNCOMPRESSED_RGBA32_STATIC_SUSPECT,,Keep compressed; atlas if grouped with small sibling textures.,STATIC_SOURCE
texture,Assets/MapMagic/Core/Editor/Resources/MapMagic/Popup/pro/Modifier.png,.png,24,24,RGBA,2048,0,-1|1,0,0,2,576,0.001,0.001,625,0.001,,,,,,,,,,,,,,,,,,,,,,,VRAM CRIME: UNCOMPRESSED_RGBA32_STATIC_SUSPECT,,Keep compressed; atlas if grouped with small sibling textures.,STATIC_SOURCE
texture,Assets/MapMagic/Core/Editor/Resources/MapMagic/Popup/pro/Objects.png,.png,24,24,RGBA,2048,0,-1|1,0,0,2,576,0.001,0.001,603,0.001,,,,,,,,,,,,,,,,,,,,,,,VRAM CRIME: UNCOMPRESSED_RGBA32_STATIC_SUSPECT,,Keep compressed; atlas if grouped with small sibling textures.,STATIC_SOURCE
texture,Assets/MapMagic/Core/Editor/Resources/MapMagic/Popup/pro/Output.png,.png,24,24,RGBA,2048,0,-1|1,0,0,2,576,0.001,0.001,745,0.001,,,,,,,,,,,,,,,,,,,,,,,VRAM CRIME: UNCOMPRESSED_RGBA32_STATIC_SUSPECT,,Keep compressed; atlas if grouped with small sibling textures.,STATIC_SOURCE
texture,Assets/MapMagic/Core/Editor/Resources/MapMagic/Popup/pro/Portals.png,.png,24,24,RGBA,2048,0,-1|1,0,0,2,576,0.001,0.001,577,0.001,,,,,,,,,,,,,,,,,,,,,,,VRAM CRIME: UNCOMPRESSED_RGBA32_STATIC_SUSPECT,,Keep compressed; atlas if grouped with small sibling textures.,STATIC_SOURCE
texture,Assets/MapMagic/Core/Editor/Resources/MapMagic/Popup/pro/Reset.png,.png,24,24,RGBA,2048,0,-1|1,0,0,2,576,0.001,0.001,435,0.000,,,,,,,,,,,,,,,,,,,,,,,VRAM CRIME: UNCOMPRESSED_RGBA32_STATIC_SUSPECT,,Keep compressed; atlas if grouped with small sibling textures.,STATIC_SOURCE
texture,Assets/MapMagic/Core/Editor/Resources/MapMagic/Popup/pro/Spline.png,.png,24,24,RGBA,2048,0,-1|1,0,0,2,576,0.001,0.001,606,0.001,,,,,,,,,,,,,,,,,,,,,,,VRAM CRIME: UNCOMPRESSED_RGBA32_STATIC_SUSPECT,,Keep compressed; atlas if grouped with small sibling textures.,STATIC_SOURCE
texture,Assets/MapMagic/Core/Editor/Resources/MapMagic/Popup/pro/Standard.png,.png,24,24,RGBA,2048,0,-1|1,0,0,2,576,0.001,0.001,660,0.001,,,,,,,,,,,,,,,,,,,,,,,VRAM CRIME: UNCOMPRESSED_RGBA32_STATIC_SUSPECT,,Keep compressed; atlas if grouped with small sibling textures.,STATIC_SOURCE
texture,Assets/MapMagic/Core/Editor/Resources/MapMagic/Popup/pro/Ungroup.png,.png,24,24,RGBA,2048,0,-1|1,0,0,2,576,0.001,0.001,2192,0.002,,,,,,,,,,,,,,,,,,,,,,,VRAM CRIME: UNCOMPRESSED_RGBA32_STATIC_SUSPECT,,Keep compressed; atlas if grouped with small sibling textures.,STATIC_SOURCE
texture,Assets/MapMagic/Core/Editor/Resources/MapMagic/Popup/pro/Unlink.png,.png,24,24,RGBA,2048,0,-1|1,0,0,2,576,0.001,0.001,4033,0.004,,,,,,,,,,,,,,,,,,,,,,,VRAM CRIME: UNCOMPRESSED_RGBA32_STATIC_SUSPECT,,Keep compressed; atlas if grouped with small sibling textures.,STATIC_SOURCE
texture,Assets/MapMagic/Core/Editor/Resources/MapMagic/Popup/pro/Update.png,.png,24,24,RGBA,2048,0,-1|1,0,0,2,576,0.001,0.001,448,0.000,,,,,,,,,,,,,,,,,,,,,,,VRAM CRIME: UNCOMPRESSED_RGBA32_STATIC_SUSPECT,,Keep compressed; atlas if grouped with small sibling textures.,STATIC_SOURCE
texture,Assets/MapMagic/Core/Editor/Resources/MapMagic/Popup/pro/Value.png,.png,24,24,RGBA,2048,0,-1|1,0,0,2,576,0.001,0.001,165,0.000,,,,,,,,,,,,,,,,,,,,,,,VRAM CRIME: UNCOMPRESSED_RGBA32_STATIC_SUSPECT,,Keep compressed; atlas if grouped with small sibling textures.,STATIC_SOURCE
texture,Assets/MapMagic/Core/Editor/Resources/MapMagic/Popup/Remove.png,.png,24,24,RGBA,2048,0,-1|1,0,0,2,576,0.001,0.001,304,0.000,,,,,,,,,,,,,,,,,,,,,,,VRAM CRIME: UNCOMPRESSED_RGBA32_STATIC_SUSPECT,,Keep compressed; atlas if grouped with small sibling textures.,STATIC_SOURCE
texture,Assets/MapMagic/Core/Editor/Resources/MapMagic/Popup/Reset.png,.png,24,24,RGBA,2048,0,-1|1,0,0,2,576,0.001,0.001,456,0.000,,,,,,,,,,,,,,,,,,,,,,,VRAM CRIME: UNCOMPRESSED_RGBA32_STATIC_SUSPECT,,Keep compressed; atlas if grouped with small sibling textures.,STATIC_SOURCE
texture,Assets/MapMagic/Core/Editor/Resources/MapMagic/Popup/Spline.png,.png,24,24,RGBA,2048,0,-1|1,0,0,2,576,0.001,0.001,614,0.001,,,,,,,,,,,,,,,,,,,,,,,VRAM CRIME: UNCOMPRESSED_RGBA32_STATIC_SUSPECT,,Keep compressed; atlas if grouped with small sibling textures.,STATIC_SOURCE
texture,Assets/MapMagic/Core/Editor/Resources/MapMagic/Popup/Standard.png,.png,24,24,RGBA,2048,0,-1|1,0,0,2,576,0.001,0.001,673,0.001,,,,,,,,,,,,,,,,,,,,,,,VRAM CRIME: UNCOMPRESSED_RGBA32_STATIC_SUSPECT,,Keep compressed; atlas if grouped with small sibling textures.,STATIC_SOURCE
texture,Assets/MapMagic/Core/Editor/Resources/MapMagic/Popup/UnExpose.png,.png,24,24,RGBA,2048,0,-1|1,0,0,2,576,0.001,0.001,431,0.000,,,,,,,,,,,,,,,,,,,,,,,VRAM CRIME: UNCOMPRESSED_RGBA32_STATIC_SUSPECT,,Keep compressed; atlas if grouped with small sibling textures.,STATIC_SOURCE
texture,Assets/MapMagic/Core/Editor/Resources/MapMagic/Popup/Ungroup.png,.png,24,24,RGBA,2048,0,-1|1,0,0,2,576,0.001,0.001,2192,0.002,,,,,,,,,,,,,,,,,,,,,,,VRAM CRIME: UNCOMPRESSED_RGBA32_STATIC_SUSPECT,,Keep compressed; atlas if grouped with small sibling textures.,STATIC_SOURCE
texture,Assets/MapMagic/Core/Editor/Resources/MapMagic/Popup/Unlink.png,.png,24,24,RGBA,2048,0,-1|1,0,0,2,576,0.001,0.001,3994,0.004,,,,,,,,,,,,,,,,,,,,,,,VRAM CRIME: UNCOMPRESSED_RGBA32_STATIC_SUSPECT,,Keep compressed; atlas if grouped with small sibling textures.,STATIC_SOURCE
texture,Assets/MapMagic/Core/Editor/Resources/MapMagic/Popup/Update.png,.png,24,24,RGBA,2048,0,-1|1,0,0,2,576,0.001,0.001,445,0.000,,,,,,,,,,,,,,,,,,,,,,,VRAM CRIME: UNCOMPRESSED_RGBA32_STATIC_SUSPECT,,Keep compressed; atlas if grouped with small sibling textures.,STATIC_SOURCE
texture,Assets/MapMagic/Core/Editor/Resources/MapMagic/Popup/Value.png,.png,24,24,RGBA,2048,0,-1|1,0,0,2,576,0.001,0.001,175,0.000,,,,,,,,,,,,,,,,,,,,,,,VRAM CRIME: UNCOMPRESSED_RGBA32_STATIC_SUSPECT,,Keep compressed; atlas if grouped with small sibling textures.,STATIC_SOURCE
texture,Assets/MapMagic/Core/Editor/Resources/MapMagic/PreviewNA.png,.png,41,41,RGBA,2048,0,-1|1,0,0,2,1681,0.002,0.002,23120,0.022,,,,,,,,,,,,,,,,,,,,,,,VRAM CRIME: UNCOMPRESSED_RGBA32_STATIC_SUSPECT,,Keep compressed; atlas if grouped with small sibling textures.,STATIC_SOURCE
texture,Assets/MapMagic/Core/Editor/Resources/MapMagic/PreviewSandClock.png,.png,41,41,RGBA,2048,0,-1|1,,0,2,1681,0.002,0.002,23120,0.022,,,,,,,,,,,,,,,,,,,,,,,VRAM CRIME: UNCOMPRESSED_RGBA32_STATIC_SUSPECT,,Keep compressed; atlas if grouped with small sibling textures.,STATIC_SOURCE
texture,Assets/MapMagic/Core/Editor/Resources/MapMagic/ValuesAdjustPreview/Off/Adjust.png,.png,18,14,RGBA,2048,0,-1|1,,0,2,252,0.000,0.000,19145,0.018,,,,,,,,,,,,,,,,,,,,,,,VRAM CRIME: UNCOMPRESSED_RGBA32_STATIC_SUSPECT,,Keep compressed; atlas if grouped with small sibling textures.,STATIC_SOURCE
texture,Assets/MapMagic/Core/Editor/Resources/MapMagic/ValuesAdjustPreview/Off/Help.png,.png,18,14,RGBA,2048,0,-1|1,0,0,2,252,0.000,0.000,19145,0.018,,,,,,,,,,,,,,,,,,,,,,,VRAM CRIME: UNCOMPRESSED_RGBA32_STATIC_SUSPECT,,Keep compressed; atlas if grouped with small sibling textures.,STATIC_SOURCE
texture,Assets/MapMagic/Core/Editor/Resources/MapMagic/ValuesAdjustPreview/Off/Info.png,.png,18,18,RGBA,2048,0,-1|1,,0,2,324,0.000,0.000,19437,0.019,,,,,,,,,,,,,,,,,,,,,,,VRAM CRIME: UNCOMPRESSED_RGBA32_STATIC_SUSPECT,,Keep compressed; atlas if grouped with small sibling textures.,STATIC_SOURCE
texture,Assets/MapMagic/Core/Editor/Resources/MapMagic/ValuesAdjustPreview/Off/Preview.png,.png,18,14,RGBA,2048,0,-1|1,,0,2,252,0.000,0.000,19145,0.018,,,,,,,,,,,,,,,,,,,,,,,VRAM CRIME: UNCOMPRESSED_RGBA32_STATIC_SUSPECT,,Keep compressed; atlas if grouped with small sibling textures.,STATIC_SOURCE
texture,Assets/MapMagic/Core/Editor/Resources/MapMagic/ValuesAdjustPreview/Off/Values.png,.png,18,14,RGBA,2048,0,-1|1,,0,2,252,0.000,0.000,19145,0.018,,,,,,,,,,,,,,,,,,,,,,,VRAM CRIME: UNCOMPRESSED_RGBA32_STATIC_SUSPECT,,Keep compressed; atlas if grouped with small sibling textures.,STATIC_SOURCE
texture,Assets/MapMagic/Core/Editor/Resources/MapMagic/ValuesAdjustPreview/On/Adjust.png,.png,18,18,RGBA,2048,0,-1|1,,0,2,324,0.000,0.000,16865,0.016,,,,,,,,,,,,,,,,,,,,,,,VRAM CRIME: UNCOMPRESSED_RGBA32_STATIC_SUSPECT,,Keep compressed; atlas if grouped with small sibling textures.,STATIC_SOURCE
texture,Assets/MapMagic/Core/Editor/Resources/MapMagic/ValuesAdjustPreview/On/Info.png,.png,18,18,RGBA,2048,0,-1|1,,0,2,324,0.000,0.000,15084,0.014,,,,,,,,,,,,,,,,,,,,,,,VRAM CRIME: UNCOMPRESSED_RGBA32_STATIC_SUSPECT,,Keep compressed; atlas if grouped with small sibling textures.,STATIC_SOURCE
texture,Assets/MapMagic/Core/Editor/Resources/MapMagic/ValuesAdjustPreview/On/Preview.png,.png,18,18,RGBA,2048,0,-1|1,,0,2,324,0.000,0.000,15205,0.015,,,,,,,,,,,,,,,,,,,,,,,VRAM CRIME: UNCOMPRESSED_RGBA32_STATIC_SUSPECT,,Keep compressed; atlas if grouped with small sibling textures.,STATIC_SOURCE
texture,Assets/MapMagic/Core/Editor/Resources/MapMagic/ValuesAdjustPreview/On/pro/Adjust.png,.png,18,18,RGBA,2048,0,-1|1,,0,2,324,0.000,0.000,1133,0.001,,,,,,,,,,,,,,,,,,,,,,,VRAM CRIME: UNCOMPRESSED_RGBA32_STATIC_SUSPECT,,Keep compressed; atlas if grouped with small sibling textures.,STATIC_SOURCE
texture,Assets/MapMagic/Core/Editor/Resources/MapMagic/ValuesAdjustPreview/On/pro/Info.png,.png,18,18,RGBA,2048,0,-1|1,,0,2,324,0.000,0.000,1208,0.001,,,,,,,,,,,,,,,,,,,,,,,VRAM CRIME: UNCOMPRESSED_RGBA32_STATIC_SUSPECT,,Keep compressed; atlas if grouped with small sibling textures.,STATIC_SOURCE
texture,Assets/MapMagic/Core/Editor/Resources/MapMagic/ValuesAdjustPreview/On/pro/Preview.png,.png,18,18,RGBA,2048,0,-1|1,,0,2,324,0.000,0.000,1316,0.001,,,,,,,,,,,,,,,,,,,,,,,VRAM CRIME: UNCOMPRESSED_RGBA32_STATIC_SUSPECT,,Keep compressed; atlas if grouped with small sibling textures.,STATIC_SOURCE
texture,Assets/MapMagic/Core/Editor/Resources/MapMagic/ValuesAdjustPreview/On/pro/Values.png,.png,18,18,RGBA,2048,0,-1|1,,0,2,324,0.000,0.000,18830,0.018,,,,,,,,,,,,,,,,,,,,,,,VRAM CRIME: UNCOMPRESSED_RGBA32_STATIC_SUSPECT,,Keep compressed; atlas if grouped with small sibling textures.,STATIC_SOURCE
texture,Assets/MapMagic/Core/Editor/Resources/MapMagic/ValuesAdjustPreview/On/Values.png,.png,18,18,RGBA,2048,0,-1|1,,0,2,324,0.000,0.000,19272,0.018,,,,,,,,,,,,,,,,,,,,,,,VRAM CRIME: UNCOMPRESSED_RGBA32_STATIC_SUSPECT,,Keep compressed; atlas if grouped with small sibling textures.,STATIC_SOURCE
texture,Assets/MapMagic/Map_Graph/New Gen/heightmap.png,.png,4096,4096,RGBA,2048|4096,0|1,-1|1,0,1,10,16777216,16.000,21.333,10140349,9.671,,,,,,,,,,,,,,,,,,,,,,,VRAM CRIME: TEXTURE_GT_2048;VRAM CRIME: IMPORT_MAX_GT_2048;VRAM CRIME: UNCOMPRESSED_RGBA32_STATIC_SUSPECT;STREAMING_MIPMAPS_OFF_LARGE;READ_WRITE_ENABLED_LARGE_STATIC_SUSPECT,,Low tier should halve source/import max; keep high mips only with hero or streaming proof.,STATIC_SOURCE
texture,Assets/MapMagic/Tools/GUI/Editor/Resources/DPUI/Backgrounds/Black.png,.png,1,1,RGBA,2048,0,-1|1,,0,2,1,0.000,0.000,17006,0.016,,,,,,,,,,,,,,,,,,,,,,,VRAM CRIME: UNCOMPRESSED_RGBA32_STATIC_SUSPECT,,Keep compressed; atlas if grouped with small sibling textures.,STATIC_SOURCE
texture,Assets/MapMagic/Tools/GUI/Editor/Resources/DPUI/Backgrounds/BlackLines.png,.png,4,4,RGBA,2048,0,-1|1,,0,2,16,0.000,0.000,17064,0.016,,,,,,,,,,,,,,,,,,,,,,,VRAM CRIME: UNCOMPRESSED_RGBA32_STATIC_SUSPECT,,Keep compressed; atlas if grouped with small sibling textures.,STATIC_SOURCE
texture,Assets/MapMagic/Tools/GUI/Editor/Resources/DPUI/Backgrounds/Button.png,.png,132,18,RGBA,2048,0,-1|1,0,0,2,2376,0.002,0.003,26571,0.025,,,,,,,,,,,,,,,,,,,,,,,VRAM CRIME: UNCOMPRESSED_RGBA32_STATIC_SUSPECT,,Keep compressed; atlas if grouped with small sibling textures.,STATIC_SOURCE
texture,Assets/MapMagic/Tools/GUI/Editor/Resources/DPUI/Backgrounds/ButtonActive.png,.png,132,18,RGBA,2048,0,-1|1,0,0,2,2376,0.002,0.003,27027,0.026,,,,,,,,,,,,,,,,,,,,,,,VRAM CRIME: UNCOMPRESSED_RGBA32_STATIC_SUSPECT,,Keep compressed; atlas if grouped with small sibling textures.,STATIC_SOURCE
texture,Assets/MapMagic/Tools/GUI/Editor/Resources/DPUI/Backgrounds/ButtonPressed.png,.png,132,18,RGBA,2048,0,-1|1,0,0,2,2376,0.002,0.003,27027,0.026,,,,,,,,,,,,,,,,,,,,,,,VRAM CRIME: UNCOMPRESSED_RGBA32_STATIC_SUSPECT,,Keep compressed; atlas if grouped with small sibling textures.,STATIC_SOURCE
texture,Assets/MapMagic/Tools/GUI/Editor/Resources/DPUI/Backgrounds/Empty.png,.png,128,128,RGBA,2048,0,-1|1,0,0,2,16384,0.016,0.021,83810,0.080,,,,,,,,,,,,,,,,,,,,,,,VRAM CRIME: UNCOMPRESSED_RGBA32_STATIC_SUSPECT,,Keep compressed; atlas if grouped with small sibling textures.,STATIC_SOURCE
texture,Assets/MapMagic/Tools/GUI/Editor/Resources/DPUI/Backgrounds/Enum.png,.png,6,21,RGBA,2048,0,-1|1,0,0,2,126,0.000,0.000,17613,0.017,,,,,,,,,,,,,,,,,,,,,,,VRAM CRIME: UNCOMPRESSED_RGBA32_STATIC_SUSPECT,,Keep compressed; atlas if grouped with small sibling textures.,STATIC_SOURCE
texture,Assets/MapMagic/Tools/GUI/Editor/Resources/DPUI/Backgrounds/Field.png,.png,8,8,RGBA,2048,0,-1|1,,0,2,64,0.000,0.000,17260,0.016,,,,,,,,,,,,,,,,,,,,,,,VRAM CRIME: UNCOMPRESSED_RGBA32_STATIC_SUSPECT,,Keep compressed; atlas if grouped with small sibling textures.,STATIC_SOURCE
texture,Assets/MapMagic/Tools/GUI/Editor/Resources/DPUI/Backgrounds/Foldout.png,.png,12,12,RGBA,2048,0,-1|1,,0,2,144,0.000,0.000,16008,0.015,,,,,,,,,,,,,,,,,,,,,,,VRAM CRIME: UNCOMPRESSED_RGBA32_STATIC_SUSPECT,,Keep compressed; atlas if grouped with small sibling textures.,STATIC_SOURCE
texture,Assets/MapMagic/Tools/GUI/Editor/Resources/DPUI/Backgrounds/FoldoutBlue.png,.png,28,28,RGBA,2048,0,-1|1,,0,2,784,0.001,0.001,16055,0.015,,,,,,,,,,,,,,,,,,,,,,,VRAM CRIME: UNCOMPRESSED_RGBA32_STATIC_SUSPECT,,Keep compressed; atlas if grouped with small sibling textures.,STATIC_SOURCE
texture,Assets/MapMagic/Tools/GUI/Editor/Resources/DPUI/Backgrounds/FoldoutOpaque.png,.png,12,12,RGBA,2048,0,-1|1,0,0,2,144,0.000,0.000,16008,0.015,,,,,,,,,,,,,,,,,,,,,,,VRAM CRIME: UNCOMPRESSED_RGBA32_STATIC_SUSPECT,,Keep compressed; atlas if grouped with small sibling textures.,STATIC_SOURCE
texture,Assets/MapMagic/Tools/GUI/Editor/Resources/DPUI/Backgrounds/Gradient.tif,.tif,256,256,TIFF,2048,0,-1|1,,0,2,65536,0.062,0.083,128680,0.123,,,,,,,,,,,,,,,,,,,,,,,TIFF_SOURCE_CONTAINER_STATIC_SUSPECT,,Verify production import compression; convert to standard compressed source if kept in runtime payload.,STATIC_SOURCE
texture,Assets/MapMagic/Tools/GUI/Editor/Resources/DPUI/Backgrounds/Opaque.png,.png,12,12,RGBA,2048,1,-1|1,0,0,2,144,0.000,0.000,16937,0.016,,,,,,,,,,,,,,,,,,,,,,,,,Keep compressed; atlas if grouped with small sibling textures.,STATIC_SOURCE
texture,Assets/MapMagic/Tools/GUI/Editor/Resources/DPUI/Backgrounds/Popup.png,.png,256,64,RGBA,2048,0,-1|1,0,0,2,16384,0.016,0.021,84585,0.081,,,,,,,,,,,,,,,,,,,,,,,VRAM CRIME: UNCOMPRESSED_RGBA32_STATIC_SUSPECT,,Keep compressed; atlas if grouped with small sibling textures.,STATIC_SOURCE
texture,Assets/MapMagic/Tools/GUI/Editor/Resources/DPUI/Backgrounds/pro/Button.png,.png,132,18,RGBA,2048,0,-1|1,0,0,2,2376,0.002,0.003,18034,0.017,,,,,,,,,,,,,,,,,,,,,,,VRAM CRIME: UNCOMPRESSED_RGBA32_STATIC_SUSPECT,,Keep compressed; atlas if grouped with small sibling textures.,STATIC_SOURCE
texture,Assets/MapMagic/Tools/GUI/Editor/Resources/DPUI/Backgrounds/pro/ButtonActive.png,.png,132,18,RGBA,2048,0,-1|1,0,0,2,2376,0.002,0.003,27153,0.026,,,,,,,,,,,,,,,,,,,,,,,VRAM CRIME: UNCOMPRESSED_RGBA32_STATIC_SUSPECT,,Keep compressed; atlas if grouped with small sibling textures.,STATIC_SOURCE
texture,Assets/MapMagic/Tools/GUI/Editor/Resources/DPUI/Backgrounds/pro/ButtonPressed.png,.png,132,18,RGBA,2048,0,-1|1,0,0,2,2376,0.002,0.003,27153,0.026,,,,,,,,,,,,,,,,,,,,,,,VRAM CRIME: UNCOMPRESSED_RGBA32_STATIC_SUSPECT,,Keep compressed; atlas if grouped with small sibling textures.,STATIC_SOURCE
texture,Assets/MapMagic/Tools/GUI/Editor/Resources/DPUI/Backgrounds/pro/Field.png,.png,8,8,RGBA,2048,0,-1|1,0,0,2,64,0.000,0.000,17260,0.016,,,,,,,,,,,,,,,,,,,,,,,VRAM CRIME: UNCOMPRESSED_RGBA32_STATIC_SUSPECT,,Keep compressed; atlas if grouped with small sibling textures.,STATIC_SOURCE
texture,Assets/MapMagic/Tools/GUI/Editor/Resources/DPUI/Backgrounds/pro/Foldout.png,.png,12,12,RGBA,2048,0,-1|1,0,0,2,144,0.000,0.000,16008,0.015,,,,,,,,,,,,,,,,,,,,,,,VRAM CRIME: UNCOMPRESSED_RGBA32_STATIC_SUSPECT,,Keep compressed; atlas if grouped with small sibling textures.,STATIC_SOURCE
texture,Assets/MapMagic/Tools/GUI/Editor/Resources/DPUI/Backgrounds/pro/FoldoutOpaque.png,.png,12,12,RGBA,2048,0,-1|1,0,0,2,144,0.000,0.000,15495,0.015,,,,,,,,,,,,,,,,,,,,,,,VRAM CRIME: UNCOMPRESSED_RGBA32_STATIC_SUSPECT,,Keep compressed; atlas if grouped with small sibling textures.,STATIC_SOURCE
texture,Assets/MapMagic/Tools/GUI/Editor/Resources/DPUI/Backgrounds/RoundField.png,.png,22,18,RGBA,2048,0,-1|1,0,0,2,396,0.000,0.001,2014,0.002,,,,,,,,,,,,,,,,,,,,,,,VRAM CRIME: UNCOMPRESSED_RGBA32_STATIC_SUSPECT,,Keep compressed; atlas if grouped with small sibling textures.,STATIC_SOURCE
texture,Assets/MapMagic/Tools/GUI/Editor/Resources/DPUI/Backgrounds/SelectionFrame.png,.png,4,4,RGBA,2048,1,-1|1,0,0,0,16,0.000,0.000,15514,0.015,,,,,,,,,,,,,,,,,,,,,,,,,Keep compressed; atlas if grouped with small sibling textures.,STATIC_SOURCE
texture,Assets/MapMagic/Tools/GUI/Editor/Resources/DPUI/Backgrounds/White.png,.png,1,1,RGBA,2048,0,-1|1,,0,2,1,0.000,0.000,17000,0.016,,,,,,,,,,,,,,,,,,,,,,,VRAM CRIME: UNCOMPRESSED_RGBA32_STATIC_SUSPECT,,Keep compressed; atlas if grouped with small sibling textures.,STATIC_SOURCE
texture,Assets/MapMagic/Tools/GUI/Editor/Resources/DPUI/Chevrons/Down.png,.png,24,24,RGBA,2048,0,-1|1,,0,2,576,0.001,0.001,2781,0.003,,,,,,,,,,,,,,,,,,,,,,,VRAM CRIME: UNCOMPRESSED_RGBA32_STATIC_SUSPECT,,Keep compressed; atlas if grouped with small sibling textures.,STATIC_SOURCE
texture,Assets/MapMagic/Tools/GUI/Editor/Resources/DPUI/Chevrons/Left.png,.png,24,24,RGBA,2048,0,-1|1,,0,2,576,0.001,0.001,2765,0.003,,,,,,,,,,,,,,,,,,,,,,,VRAM CRIME: UNCOMPRESSED_RGBA32_STATIC_SUSPECT,,Keep compressed; atlas if grouped with small sibling textures.,STATIC_SOURCE
texture,Assets/MapMagic/Tools/GUI/Editor/Resources/DPUI/Chevrons/pro/Down.png,.png,24,24,RGBA,2048,0,-1|1,0,0,2,576,0.001,0.001,2737,0.003,,,,,,,,,,,,,,,,,,,,,,,VRAM CRIME: UNCOMPRESSED_RGBA32_STATIC_SUSPECT,,Keep compressed; atlas if grouped with small sibling textures.,STATIC_SOURCE
texture,Assets/MapMagic/Tools/GUI/Editor/Resources/DPUI/Chevrons/pro/Left.png,.png,24,24,RGBA,2048,0,-1|1,0,0,2,576,0.001,0.001,2753,0.003,,,,,,,,,,,,,,,,,,,,,,,VRAM CRIME: UNCOMPRESSED_RGBA32_STATIC_SUSPECT,,Keep compressed; atlas if grouped with small sibling textures.,STATIC_SOURCE
texture,Assets/MapMagic/Tools/GUI/Editor/Resources/DPUI/Chevrons/pro/Right.png,.png,24,24,RGBA,2048,0,-1|1,0,0,2,576,0.001,0.001,2745,0.003,,,,,,,,,,,,,,,,,,,,,,,VRAM CRIME: UNCOMPRESSED_RGBA32_STATIC_SUSPECT,,Keep compressed; atlas if grouped with small sibling textures.,STATIC_SOURCE
texture,Assets/MapMagic/Tools/GUI/Editor/Resources/DPUI/Chevrons/pro/SmallDown.png,.png,8,8,RGBA,2048,0,-1|1,0,0,2,64,0.000,0.000,15488,0.015,,,,,,,,,,,,,,,,,,,,,,,VRAM CRIME: UNCOMPRESSED_RGBA32_STATIC_SUSPECT,,Keep compressed; atlas if grouped with small sibling textures.,STATIC_SOURCE
texture,Assets/MapMagic/Tools/GUI/Editor/Resources/DPUI/Chevrons/pro/SmallLeft.png,.png,8,8,RGBA,2048,0,-1|1,0,0,2,64,0.000,0.000,15498,0.015,,,,,,,,,,,,,,,,,,,,,,,VRAM CRIME: UNCOMPRESSED_RGBA32_STATIC_SUSPECT,,Keep compressed; atlas if grouped with small sibling textures.,STATIC_SOURCE
texture,Assets/MapMagic/Tools/GUI/Editor/Resources/DPUI/Chevrons/pro/SmallRight.png,.png,8,8,RGBA,2048,0,-1|1,0,0,2,64,0.000,0.000,15499,0.015,,,,,,,,,,,,,,,,,,,,,,,VRAM CRIME: UNCOMPRESSED_RGBA32_STATIC_SUSPECT,,Keep compressed; atlas if grouped with small sibling textures.,STATIC_SOURCE
texture,Assets/MapMagic/Tools/GUI/Editor/Resources/DPUI/Chevrons/pro/SmallUp.png,.png,8,8,RGBA,2048,0,-1|1,0,0,2,64,0.000,0.000,15492,0.015,,,,,,,,,,,,,,,,,,,,,,,VRAM CRIME: UNCOMPRESSED_RGBA32_STATIC_SUSPECT,,Keep compressed; atlas if grouped with small sibling textures.,STATIC_SOURCE
texture,Assets/MapMagic/Tools/GUI/Editor/Resources/DPUI/Chevrons/pro/TickDown.png,.png,11,5,RGBA,2048,0,-1|1,0,0,2,55,0.000,0.000,15513,0.015,,,,,,,,,,,,,,,,,,,,,,,VRAM CRIME: UNCOMPRESSED_RGBA32_STATIC_SUSPECT,,Keep compressed; atlas if grouped with small sibling textures.,STATIC_SOURCE
texture,Assets/MapMagic/Tools/GUI/Editor/Resources/DPUI/Chevrons/pro/TickLeft.png,.png,6,9,RGBA,2048,0,-1|1,0,0,2,54,0.000,0.000,2216,0.002,,,,,,,,,,,,,,,,,,,,,,,VRAM CRIME: UNCOMPRESSED_RGBA32_STATIC_SUSPECT,,Keep compressed; atlas if grouped with small sibling textures.,STATIC_SOURCE
texture,Assets/MapMagic/Tools/GUI/Editor/Resources/DPUI/Chevrons/pro/TickRight.png,.png,6,9,RGBA,2048,0,-1|1,0,0,2,54,0.000,0.000,2216,0.002,,,,,,,,,,,,,,,,,,,,,,,VRAM CRIME: UNCOMPRESSED_RGBA32_STATIC_SUSPECT,,Keep compressed; atlas if grouped with small sibling textures.,STATIC_SOURCE
texture,Assets/MapMagic/Tools/GUI/Editor/Resources/DPUI/Chevrons/pro/TickUp.png,.png,11,5,RGBA,2048,0,-1|1,0,0,2,55,0.000,0.000,15507,0.015,,,,,,,,,,,,,,,,,,,,,,,VRAM CRIME: UNCOMPRESSED_RGBA32_STATIC_SUSPECT,,Keep compressed; atlas if grouped with small sibling textures.,STATIC_SOURCE
texture,Assets/MapMagic/Tools/GUI/Editor/Resources/DPUI/Chevrons/pro/Up.png,.png,24,24,RGBA,2048,0,-1|1,0,0,2,576,0.001,0.001,2754,0.003,,,,,,,,,,,,,,,,,,,,,,,VRAM CRIME: UNCOMPRESSED_RGBA32_STATIC_SUSPECT,,Keep compressed; atlas if grouped with small sibling textures.,STATIC_SOURCE
texture,Assets/MapMagic/Tools/GUI/Editor/Resources/DPUI/Chevrons/Right.png,.png,24,24,RGBA,2048,0,-1|1,,0,2,576,0.001,0.001,2758,0.003,,,,,,,,,,,,,,,,,,,,,,,VRAM CRIME: UNCOMPRESSED_RGBA32_STATIC_SUSPECT,,Keep compressed; atlas if grouped with small sibling textures.,STATIC_SOURCE
texture,Assets/MapMagic/Tools/GUI/Editor/Resources/DPUI/Chevrons/SmallDown.png,.png,8,8,RGBA,2048,0,-1|1,,0,2,64,0.000,0.000,15682,0.015,,,,,,,,,,,,,,,,,,,,,,,VRAM CRIME: UNCOMPRESSED_RGBA32_STATIC_SUSPECT,,Keep compressed; atlas if grouped with small sibling textures.,STATIC_SOURCE
texture,Assets/MapMagic/Tools/GUI/Editor/Resources/DPUI/Chevrons/SmallLeft.png,.png,8,8,RGBA,2048,0,-1|1,,0,2,64,0.000,0.000,15489,0.015,,,,,,,,,,,,,,,,,,,,,,,VRAM CRIME: UNCOMPRESSED_RGBA32_STATIC_SUSPECT,,Keep compressed; atlas if grouped with small sibling textures.,STATIC_SOURCE
texture,Assets/MapMagic/Tools/GUI/Editor/Resources/DPUI/Chevrons/SmallRight.png,.png,8,8,RGBA,2048,0,-1|1,,0,2,64,0.000,0.000,15491,0.015,,,,,,,,,,,,,,,,,,,,,,,VRAM CRIME: UNCOMPRESSED_RGBA32_STATIC_SUSPECT,,Keep compressed; atlas if grouped with small sibling textures.,STATIC_SOURCE
texture,Assets/MapMagic/Tools/GUI/Editor/Resources/DPUI/Chevrons/SmallUp.png,.png,8,8,RGBA,2048,0,-1|1,,0,2,64,0.000,0.000,15682,0.015,,,,,,,,,,,,,,,,,,,,,,,VRAM CRIME: UNCOMPRESSED_RGBA32_STATIC_SUSPECT,,Keep compressed; atlas if grouped with small sibling textures.,STATIC_SOURCE
texture,Assets/MapMagic/Tools/GUI/Editor/Resources/DPUI/Chevrons/SmallWhiteDown.png,.png,8,8,RGBA,2048,0,-1|1,,0,2,64,0.000,0.000,15682,0.015,,,,,,,,,,,,,,,,,,,,,,,VRAM CRIME: UNCOMPRESSED_RGBA32_STATIC_SUSPECT,,Keep compressed; atlas if grouped with small sibling textures.,STATIC_SOURCE
texture,Assets/MapMagic/Tools/GUI/Editor/Resources/DPUI/Chevrons/SmallWhiteLeft.png,.png,8,8,RGBA,2048,0,-1|1,,0,2,64,0.000,0.000,15682,0.015,,,,,,,,,,,,,,,,,,,,,,,VRAM CRIME: UNCOMPRESSED_RGBA32_STATIC_SUSPECT,,Keep compressed; atlas if grouped with small sibling textures.,STATIC_SOURCE
texture,Assets/MapMagic/Tools/GUI/Editor/Resources/DPUI/Chevrons/SmallWhiteRight.png,.png,8,8,RGBA,2048,0,-1|1,,0,2,64,0.000,0.000,15682,0.015,,,,,,,,,,,,,,,,,,,,,,,VRAM CRIME: UNCOMPRESSED_RGBA32_STATIC_SUSPECT,,Keep compressed; atlas if grouped with small sibling textures.,STATIC_SOURCE
texture,Assets/MapMagic/Tools/GUI/Editor/Resources/DPUI/Chevrons/SmallWhiteUp.png,.png,8,8,RGBA,2048,0,-1|1,,0,2,64,0.000,0.000,15682,0.015,,,,,,,,,,,,,,,,,,,,,,,VRAM CRIME: UNCOMPRESSED_RGBA32_STATIC_SUSPECT,,Keep compressed; atlas if grouped with small sibling textures.,STATIC_SOURCE
texture,Assets/MapMagic/Tools/GUI/Editor/Resources/DPUI/Chevrons/TickDown.png,.png,11,5,RGBA,2048,0,-1|1,0,0,2,55,0.000,0.000,15202,0.014,,,,,,,,,,,,,,,,,,,,,,,VRAM CRIME: UNCOMPRESSED_RGBA32_STATIC_SUSPECT,,Keep compressed; atlas if grouped with small sibling textures.,STATIC_SOURCE
texture,Assets/MapMagic/Tools/GUI/Editor/Resources/DPUI/Chevrons/TickLeft.png,.png,6,9,RGBA,2048,0,-1|1,0,0,2,54,0.000,0.000,15643,0.015,,,,,,,,,,,,,,,,,,,,,,,VRAM CRIME: UNCOMPRESSED_RGBA32_STATIC_SUSPECT,,Keep compressed; atlas if grouped with small sibling textures.,STATIC_SOURCE
texture,Assets/MapMagic/Tools/GUI/Editor/Resources/DPUI/Chevrons/TickRight.png,.png,6,9,RGBA,2048,0,-1|1,0,0,2,54,0.000,0.000,15643,0.015,,,,,,,,,,,,,,,,,,,,,,,VRAM CRIME: UNCOMPRESSED_RGBA32_STATIC_SUSPECT,,Keep compressed; atlas if grouped with small sibling textures.,STATIC_SOURCE
texture,Assets/MapMagic/Tools/GUI/Editor/Resources/DPUI/Chevrons/TickUp.png,.png,11,5,RGBA,2048,0,-1|1,0,0,2,55,0.000,0.000,15202,0.014,,,,,,,,,,,,,,,,,,,,,,,VRAM CRIME: UNCOMPRESSED_RGBA32_STATIC_SUSPECT,,Keep compressed; atlas if grouped with small sibling textures.,STATIC_SOURCE
texture,Assets/MapMagic/Tools/GUI/Editor/Resources/DPUI/Chevrons/Up.png,.png,24,24,RGBA,2048,0,-1|1,,0,2,576,0.001,0.001,2773,0.003,,,,,,,,,,,,,,,,,,,,,,,VRAM CRIME: UNCOMPRESSED_RGBA32_STATIC_SUSPECT,,Keep compressed; atlas if grouped with small sibling textures.,STATIC_SOURCE
texture,Assets/MapMagic/Tools/GUI/Editor/Resources/DPUI/Chevrons/WhiteDown.png,.png,12,12,RGBA,2048,0,-1|1,,0,2,144,0.000,0.000,16008,0.015,,,,,,,,,,,,,,,,,,,,,,,VRAM CRIME: UNCOMPRESSED_RGBA32_STATIC_SUSPECT,,Keep compressed; atlas if grouped with small sibling textures.,STATIC_SOURCE
texture,Assets/MapMagic/Tools/GUI/Editor/Resources/DPUI/Chevrons/WhiteLeft.png,.png,12,12,RGBA,2048,0,-1|1,,0,2,144,0.000,0.000,17385,0.017,,,,,,,,,,,,,,,,,,,,,,,VRAM CRIME: UNCOMPRESSED_RGBA32_STATIC_SUSPECT,,Keep compressed; atlas if grouped with small sibling textures.,STATIC_SOURCE
texture,Assets/MapMagic/Tools/GUI/Editor/Resources/DPUI/Chevrons/WhiteRight.png,.png,12,12,RGBA,2048,0,-1|1,,0,2,144,0.000,0.000,16008,0.015,,,,,,,,,,,,,,,,,,,,,,,VRAM CRIME: UNCOMPRESSED_RGBA32_STATIC_SUSPECT,,Keep compressed; atlas if grouped with small sibling textures.,STATIC_SOURCE
texture,Assets/MapMagic/Tools/GUI/Editor/Resources/DPUI/Chevrons/WhiteUp.png,.png,12,12,RGBA,2048,0,-1|1,,0,2,144,0.000,0.000,16008,0.015,,,,,,,,,,,,,,,,,,,,,,,VRAM CRIME: UNCOMPRESSED_RGBA32_STATIC_SUSPECT,,Keep compressed; atlas if grouped with small sibling textures.,STATIC_SOURCE
texture,Assets/MapMagic/Tools/GUI/Editor/Resources/DPUI/Curve/Frame.png,.png,145,145,RGBA,2048,0,-1|1,,0,2,21025,0.020,0.027,100822,0.096,,,,,,,,,,,,,,,,,,,,,,,VRAM CRIME: UNCOMPRESSED_RGBA32_STATIC_SUSPECT,,Keep compressed; atlas if grouped with small sibling textures.,STATIC_SOURCE
texture,Assets/MapMagic/Tools/GUI/Editor/Resources/DPUI/Curve/Key.png,.png,5,5,RGBA,2048,0,-1|1,,0,2,25,0.000,0.000,16673,0.016,,,,,,,,,,,,,,,,,,,,,,,VRAM CRIME: UNCOMPRESSED_RGBA32_STATIC_SUSPECT,,Keep compressed; atlas if grouped with small sibling textures.,STATIC_SOURCE
texture,Assets/MapMagic/Tools/GUI/Editor/Resources/DPUI/Curve/KeyFilled.png,.png,5,5,RGBA,2048,0,-1|1,,0,2,25,0.000,0.000,16673,0.016,,,,,,,,,,,,,,,,,,,,,,,VRAM CRIME: UNCOMPRESSED_RGBA32_STATIC_SUSPECT,,Keep compressed; atlas if grouped with small sibling textures.,STATIC_SOURCE
texture,Assets/MapMagic/Tools/GUI/Editor/Resources/DPUI/CurveTex.png,.png,1,3,RGBA,2048,1,-1|1,,0,0,3,0.000,0.000,18152,0.017,,,,,,,,,,,,,,,,,,,,,,,,,Keep compressed; atlas if grouped with small sibling textures.,STATIC_SOURCE
texture,Assets/MapMagic/Tools/GUI/Editor/Resources/DPUI/Icons/Add.png,.png,12,12,RGBA,2048,0,-1|-3,,0,2,144,0.000,0.000,3377,0.003,,,,,,,,,,,,,,,,,,,,,,,VRAM CRIME: UNCOMPRESSED_RGBA32_STATIC_SUSPECT,,Keep compressed; atlas if grouped with small sibling textures.,STATIC_SOURCE
texture,Assets/MapMagic/Tools/GUI/Editor/Resources/DPUI/Icons/Adjust.png,.png,16,16,RGBA,2048,0,-1|1,,0,2,256,0.000,0.000,16018,0.015,,,,,,,,,,,,,,,,,,,,,,,VRAM CRIME: UNCOMPRESSED_RGBA32_STATIC_SUSPECT,,Keep compressed; atlas if grouped with small sibling textures.,STATIC_SOURCE
texture,Assets/MapMagic/Tools/GUI/Editor/Resources/DPUI/Icons/Circle.png,.png,16,16,RGBA,2048,0,-1|1,0,0,2,256,0.000,0.000,17845,0.017,,,,,,,,,,,,,,,,,,,,,,,VRAM CRIME: UNCOMPRESSED_RGBA32_STATIC_SUSPECT,,Keep compressed; atlas if grouped with small sibling textures.,STATIC_SOURCE
texture,Assets/MapMagic/Tools/GUI/Editor/Resources/DPUI/Icons/Close.png,.png,18,18,RGBA,2048,0,-1|1,0,0,2,324,0.000,0.000,1732,0.002,,,,,,,,,,,,,,,,,,,,,,,VRAM CRIME: UNCOMPRESSED_RGBA32_STATIC_SUSPECT,,Keep compressed; atlas if grouped with small sibling textures.,STATIC_SOURCE
texture,Assets/MapMagic/Tools/GUI/Editor/Resources/DPUI/Icons/Down.png,.png,16,16,RGBA,2048,0,-1|-3,,0,2,256,0.000,0.000,17397,0.017,,,,,,,,,,,,,,,,,,,,,,,VRAM CRIME: UNCOMPRESSED_RGBA32_STATIC_SUSPECT,,Keep compressed; atlas if grouped with small sibling textures.,STATIC_SOURCE
texture,Assets/MapMagic/Tools/GUI/Editor/Resources/DPUI/Icons/DropDownList.png,.png,14,14,RGBA,2048,0,-1|1,,0,2,196,0.000,0.000,15503,0.015,,,,,,,,,,,,,,,,,,,,,,,VRAM CRIME: UNCOMPRESSED_RGBA32_STATIC_SUSPECT,,Keep compressed; atlas if grouped with small sibling textures.,STATIC_SOURCE
texture,Assets/MapMagic/Tools/GUI/Editor/Resources/DPUI/Icons/Edit.png,.png,36,36,RGBA,2048,0|1,-1|1,0,0,2,1296,0.001,0.002,3151,0.003,,,,,,,,,,,,,,,,,,,,,,,VRAM CRIME: UNCOMPRESSED_RGBA32_STATIC_SUSPECT,,Keep compressed; atlas if grouped with small sibling textures.,STATIC_SOURCE
texture,Assets/MapMagic/Tools/GUI/Editor/Resources/DPUI/Icons/Editor.png,.png,16,16,RGBA,2048,0,-1|-3,,0,2,256,0.000,0.000,17439,0.017,,,,,,,,,,,,,,,,,,,,,,,VRAM CRIME: UNCOMPRESSED_RGBA32_STATIC_SUSPECT,,Keep compressed; atlas if grouped with small sibling textures.,STATIC_SOURCE
texture,Assets/MapMagic/Tools/GUI/Editor/Resources/DPUI/Icons/Enum.png,.png,5,9,RGBA,2048,0,-1|1,0,0,2,45,0.000,0.000,15380,0.015,,,,,,,,,,,,,,,,,,,,,,,VRAM CRIME: UNCOMPRESSED_RGBA32_STATIC_SUSPECT,,Keep compressed; atlas if grouped with small sibling textures.,STATIC_SOURCE
texture,Assets/MapMagic/Tools/GUI/Editor/Resources/DPUI/Icons/Error.png,.png,12,12,RGBA,2048,0,-1|-3,,0,2,144,0.000,0.000,321,0.000,,,,,,,,,,,,,,,,,,,,,,,VRAM CRIME: UNCOMPRESSED_RGBA32_STATIC_SUSPECT,,Keep compressed; atlas if grouped with small sibling textures.,STATIC_SOURCE
texture,Assets/MapMagic/Tools/GUI/Editor/Resources/DPUI/Icons/Expand.png,.png,14,14,RGBA,2048,0,-1|1,,0,2,196,0.000,0.000,17897,0.017,,,,,,,,,,,,,,,,,,,,,,,VRAM CRIME: UNCOMPRESSED_RGBA32_STATIC_SUSPECT,,Keep compressed; atlas if grouped with small sibling textures.,STATIC_SOURCE
texture,Assets/MapMagic/Tools/GUI/Editor/Resources/DPUI/Icons/Export.png,.png,16,16,RGBA,2048,1,-1|1,,0,2,256,0.000,0.000,18280,0.017,,,,,,,,,,,,,,,,,,,,,,,,,Keep compressed; atlas if grouped with small sibling textures.,STATIC_SOURCE
texture,Assets/MapMagic/Tools/GUI/Editor/Resources/DPUI/Icons/Expose.png,.png,24,24,RGBA,2048,0,-1|1,0,0,2,576,0.001,0.001,2910,0.003,,,,,,,,,,,,,,,,,,,,,,,VRAM CRIME: UNCOMPRESSED_RGBA32_STATIC_SUSPECT,,Keep compressed; atlas if grouped with small sibling textures.,STATIC_SOURCE
texture,Assets/MapMagic/Tools/GUI/Editor/Resources/DPUI/Icons/EyeOff.png,.png,12,12,RGBA,2048,0,-1|-3,0,0,2,144,0.000,0.000,3377,0.003,,,,,,,,,,,,,,,,,,,,,,,VRAM CRIME: UNCOMPRESSED_RGBA32_STATIC_SUSPECT,,Keep compressed; atlas if grouped with small sibling textures.,STATIC_SOURCE
texture,Assets/MapMagic/Tools/GUI/Editor/Resources/DPUI/Icons/EyeOn.png,.png,12,12,RGBA,2048,0,-1|-3,,0,2,144,0.000,0.000,3377,0.003,,,,,,,,,,,,,,,,,,,,,,,VRAM CRIME: UNCOMPRESSED_RGBA32_STATIC_SUSPECT,,Keep compressed; atlas if grouped with small sibling textures.,STATIC_SOURCE
texture,Assets/MapMagic/Tools/GUI/Editor/Resources/DPUI/Icons/Focus.png,.png,32,32,RGBA,2048,0,-1|-3,,0,2,1024,0.001,0.001,23182,0.022,,,,,,,,,,,,,,,,,,,,,,,VRAM CRIME: UNCOMPRESSED_RGBA32_STATIC_SUSPECT,,Keep compressed; atlas if grouped with small sibling textures.,STATIC_SOURCE
texture,Assets/MapMagic/Tools/GUI/Editor/Resources/DPUI/Icons/FocusSmall.png,.png,20,20,RGBA,2048,0,-1|-3,,0,2,400,0.000,0.001,20674,0.020,,,,,,,,,,,,,,,,,,,,,,,VRAM CRIME: UNCOMPRESSED_RGBA32_STATIC_SUSPECT,,Keep compressed; atlas if grouped with small sibling textures.,STATIC_SOURCE
texture,Assets/MapMagic/Tools/GUI/Editor/Resources/DPUI/Icons/FolderOpen.png,.png,32,32,RGBA,2048,0,-1|1,0,0,2,1024,0.001,0.001,23922,0.023,,,,,,,,,,,,,,,,,,,,,,,VRAM CRIME: UNCOMPRESSED_RGBA32_STATIC_SUSPECT,,Keep compressed; atlas if grouped with small sibling textures.,STATIC_SOURCE
texture,Assets/MapMagic/Tools/GUI/Editor/Resources/DPUI/Icons/FolderTree.png,.png,32,32,RGBA,2048,0,-1|1,0,0,2,1024,0.001,0.001,23922,0.023,,,,,,,,,,,,,,,,,,,,,,,VRAM CRIME: UNCOMPRESSED_RGBA32_STATIC_SUSPECT,,Keep compressed; atlas if grouped with small sibling textures.,STATIC_SOURCE
texture,Assets/MapMagic/Tools/GUI/Editor/Resources/DPUI/Icons/FolderUp.png,.png,32,32,RGBA,2048,0,-1|-3,,0,2,1024,0.001,0.001,23922,0.023,,,,,,,,,,,,,,,,,,,,,,,VRAM CRIME: UNCOMPRESSED_RGBA32_STATIC_SUSPECT,,Keep compressed; atlas if grouped with small sibling textures.,STATIC_SOURCE
texture,Assets/MapMagic/Tools/GUI/Editor/Resources/DPUI/Icons/Front.png,.png,12,12,RGBA,2048,0|1,-1|1,0,0,2,144,0.000,0.000,1921,0.002,,,,,,,,,,,,,,,,,,,,,,,VRAM CRIME: UNCOMPRESSED_RGBA32_STATIC_SUSPECT,,Keep compressed; atlas if grouped with small sibling textures.,STATIC_SOURCE
texture,Assets/MapMagic/Tools/GUI/Editor/Resources/DPUI/Icons/Height.png,.png,12,12,RGBA,2048,0,-1|1,0,0,2,144,0.000,0.000,1102,0.001,,,,,,,,,,,,,,,,,,,,,,,VRAM CRIME: UNCOMPRESSED_RGBA32_STATIC_SUSPECT,,Keep compressed; atlas if grouped with small sibling textures.,STATIC_SOURCE
texture,Assets/MapMagic/Tools/GUI/Editor/Resources/DPUI/Icons/Help.png,.png,12,12,RGBA,2048,0,-1|1,,0,2,144,0.000,0.000,18085,0.017,,,,,,,,,,,,,,,,,,,,,,,VRAM CRIME: UNCOMPRESSED_RGBA32_STATIC_SUSPECT,,Keep compressed; atlas if grouped with small sibling textures.,STATIC_SOURCE
texture,Assets/MapMagic/Tools/GUI/Editor/Resources/DPUI/Icons/Help_pro.png,.png,12,12,RGBA,2048,0,-1|1,,0,2,144,0.000,0.000,18085,0.017,,,,,,,,,,,,,,,,,,,,,,,VRAM CRIME: UNCOMPRESSED_RGBA32_STATIC_SUSPECT,,Keep compressed; atlas if grouped with small sibling textures.,STATIC_SOURCE
texture,Assets/MapMagic/Tools/GUI/Editor/Resources/DPUI/Icons/Layer.png,.png,12,12,RGBA,2048,0,-1|1,0,0,2,144,0.000,0.000,15566,0.015,,,,,,,,,,,,,,,,,,,,,,,VRAM CRIME: UNCOMPRESSED_RGBA32_STATIC_SUSPECT,,Keep compressed; atlas if grouped with small sibling textures.,STATIC_SOURCE
texture,Assets/MapMagic/Tools/GUI/Editor/Resources/DPUI/Icons/Linked.png,.png,10,10,RGBA,2048,0,-1|1,0,0,2,100,0.000,0.000,15388,0.015,,,,,,,,,,,,,,,,,,,,,,,VRAM CRIME: UNCOMPRESSED_RGBA32_STATIC_SUSPECT,,Keep compressed; atlas if grouped with small sibling textures.,STATIC_SOURCE
texture,Assets/MapMagic/Tools/GUI/Editor/Resources/DPUI/Icons/Lock.png,.png,16,16,RGBA,2048,0,-1|-3,,0,2,256,0.000,0.000,17410,0.017,,,,,,,,,,,,,,,,,,,,,,,VRAM CRIME: UNCOMPRESSED_RGBA32_STATIC_SUSPECT,,Keep compressed; atlas if grouped with small sibling textures.,STATIC_SOURCE
texture,Assets/MapMagic/Tools/GUI/Editor/Resources/DPUI/Icons/LockLocked.png,.png,14,12,RGBA,2048,0,-1|-3,0,0,2,168,0.000,0.000,20172,0.019,,,,,,,,,,,,,,,,,,,,,,,VRAM CRIME: UNCOMPRESSED_RGBA32_STATIC_SUSPECT,,Keep compressed; atlas if grouped with small sibling textures.,STATIC_SOURCE
texture,Assets/MapMagic/Tools/GUI/Editor/Resources/DPUI/Icons/LockUnlocked.png,.png,14,12,RGBA,2048,0,-1|-3,,0,2,168,0.000,0.000,20172,0.019,,,,,,,,,,,,,,,,,,,,,,,VRAM CRIME: UNCOMPRESSED_RGBA32_STATIC_SUSPECT,,Keep compressed; atlas if grouped with small sibling textures.,STATIC_SOURCE
texture,Assets/MapMagic/Tools/GUI/Editor/Resources/DPUI/Icons/MapMagicWindow.png,.png,12,12,RGBA,2048,0,-1|-3,,0,2,144,0.000,0.000,3377,0.003,,,,,,,,,,,,,,,,,,,,,,,VRAM CRIME: UNCOMPRESSED_RGBA32_STATIC_SUSPECT,,Keep compressed; atlas if grouped with small sibling textures.,STATIC_SOURCE
texture,Assets/MapMagic/Tools/GUI/Editor/Resources/DPUI/Icons/Move.png,.png,12,12,RGBA,2048,0,-1|1,0,0,2,144,0.000,0.000,1080,0.001,,,,,,,,,,,,,,,,,,,,,,,VRAM CRIME: UNCOMPRESSED_RGBA32_STATIC_SUSPECT,,Keep compressed; atlas if grouped with small sibling textures.,STATIC_SOURCE
texture,Assets/MapMagic/Tools/GUI/Editor/Resources/DPUI/Icons/New.png,.png,12,12,RGBA,2048,0,-1|1,,0,2,144,0.000,0.000,18285,0.017,,,,,,,,,,,,,,,,,,,,,,,VRAM CRIME: UNCOMPRESSED_RGBA32_STATIC_SUSPECT,,Keep compressed; atlas if grouped with small sibling textures.,STATIC_SOURCE
texture,Assets/MapMagic/Tools/GUI/Editor/Resources/DPUI/Icons/Object.png,.png,14,15,RGBA,2048,0,-1|1,,0,2,210,0.000,0.000,17210,0.016,,,,,,,,,,,,,,,,,,,,,,,VRAM CRIME: UNCOMPRESSED_RGBA32_STATIC_SUSPECT,,Keep compressed; atlas if grouped with small sibling textures.,STATIC_SOURCE
texture,Assets/MapMagic/Tools/GUI/Editor/Resources/DPUI/Icons/ObjectDisabled.png,.png,14,15,RGBA,2048,0,-1|1,0,0,2,210,0.000,0.000,17652,0.017,,,,,,,,,,,,,,,,,,,,,,,VRAM CRIME: UNCOMPRESSED_RGBA32_STATIC_SUSPECT,,Keep compressed; atlas if grouped with small sibling textures.,STATIC_SOURCE
texture,Assets/MapMagic/Tools/GUI/Editor/Resources/DPUI/Icons/ObjectPicker.png,.png,8,8,RGBA,2048,0,-1|1,0,0,2,64,0.000,0.000,15240,0.015,,,,,,,,,,,,,,,,,,,,,,,VRAM CRIME: UNCOMPRESSED_RGBA32_STATIC_SUSPECT,,Keep compressed; atlas if grouped with small sibling textures.,STATIC_SOURCE
texture,Assets/MapMagic/Tools/GUI/Editor/Resources/DPUI/Icons/Okay.png,.png,12,12,RGBA,2048,0,-1|1,0,0,2,144,0.000,0.000,414,0.000,,,,,,,,,,,,,,,,,,,,,,,VRAM CRIME: UNCOMPRESSED_RGBA32_STATIC_SUSPECT,,Keep compressed; atlas if grouped with small sibling textures.,STATIC_SOURCE
texture,Assets/MapMagic/Tools/GUI/Editor/Resources/DPUI/Icons/Opacity.png,.png,10,10,RGBA,2048,1,-1,,0,2,100,0.000,0.000,3199,0.003,,,,,,,,,,,,,,,,,,,,,,,,,Keep compressed; atlas if grouped with small sibling textures.,STATIC_SOURCE
texture,Assets/MapMagic/Tools/GUI/Editor/Resources/DPUI/Icons/Pallete.png,.png,36,36,RGBA,2048,0|1,-1|1,0,0,2,1296,0.001,0.002,3810,0.004,,,,,,,,,,,,,,,,,,,,,,,VRAM CRIME: UNCOMPRESSED_RGBA32_STATIC_SUSPECT,,Keep compressed; atlas if grouped with small sibling textures.,STATIC_SOURCE
texture,Assets/MapMagic/Tools/GUI/Editor/Resources/DPUI/Icons/Pencil.png,.png,16,12,RGBA,2048,0,-1|1,,0,2,192,0.000,0.000,19144,0.018,,,,,,,,,,,,,,,,,,,,,,,VRAM CRIME: UNCOMPRESSED_RGBA32_STATIC_SUSPECT,,Keep compressed; atlas if grouped with small sibling textures.,STATIC_SOURCE
texture,Assets/MapMagic/Tools/GUI/Editor/Resources/DPUI/Icons/Pin.png,.png,16,16,RGBA,2048,0,-1|-3,,0,2,256,0.000,0.000,17398,0.017,,,,,,,,,,,,,,,,,,,,,,,VRAM CRIME: UNCOMPRESSED_RGBA32_STATIC_SUSPECT,,Keep compressed; atlas if grouped with small sibling textures.,STATIC_SOURCE
texture,Assets/MapMagic/Tools/GUI/Editor/Resources/DPUI/Icons/pro/Add.png,.png,12,12,RGBA,2048,0,-1|-3,0,0,2,144,0.000,0.000,17329,0.017,,,,,,,,,,,,,,,,,,,,,,,VRAM CRIME: UNCOMPRESSED_RGBA32_STATIC_SUSPECT,,Keep compressed; atlas if grouped with small sibling textures.,STATIC_SOURCE
texture,Assets/MapMagic/Tools/GUI/Editor/Resources/DPUI/Icons/pro/Adjust.png,.png,16,16,RGBA,2048,0,-1|1,0,0,2,256,0.000,0.000,15489,0.015,,,,,,,,,,,,,,,,,,,,,,,VRAM CRIME: UNCOMPRESSED_RGBA32_STATIC_SUSPECT,,Keep compressed; atlas if grouped with small sibling textures.,STATIC_SOURCE
texture,Assets/MapMagic/Tools/GUI/Editor/Resources/DPUI/Icons/pro/Circle.png,.png,16,16,RGBA,2048,0,-1|1,0,0,2,256,0.000,0.000,17031,0.016,,,,,,,,,,,,,,,,,,,,,,,VRAM CRIME: UNCOMPRESSED_RGBA32_STATIC_SUSPECT,,Keep compressed; atlas if grouped with small sibling textures.,STATIC_SOURCE
texture,Assets/MapMagic/Tools/GUI/Editor/Resources/DPUI/Icons/pro/Down.png,.png,16,16,RGBA,2048,0,-1|-3,0,0,2,256,0.000,0.000,16994,0.016,,,,,,,,,,,,,,,,,,,,,,,VRAM CRIME: UNCOMPRESSED_RGBA32_STATIC_SUSPECT,,Keep compressed; atlas if grouped with small sibling textures.,STATIC_SOURCE
texture,Assets/MapMagic/Tools/GUI/Editor/Resources/DPUI/Icons/pro/DropDownList.png,.png,14,14,RGBA,2048,0,-1|1,0,0,2,196,0.000,0.000,15510,0.015,,,,,,,,,,,,,,,,,,,,,,,VRAM CRIME: UNCOMPRESSED_RGBA32_STATIC_SUSPECT,,Keep compressed; atlas if grouped with small sibling textures.,STATIC_SOURCE
texture,Assets/MapMagic/Tools/GUI/Editor/Resources/DPUI/Icons/pro/Edit.png,.png,36,36,RGBA,2048,0|1,-1|1,0,0,2,1296,0.001,0.002,3123,0.003,,,,,,,,,,,,,,,,,,,,,,,VRAM CRIME: UNCOMPRESSED_RGBA32_STATIC_SUSPECT,,Keep compressed; atlas if grouped with small sibling textures.,STATIC_SOURCE
texture,Assets/MapMagic/Tools/GUI/Editor/Resources/DPUI/Icons/pro/Enum.png,.png,5,9,RGBA,2048,0,-1|1,0,0,2,45,0.000,0.000,15696,0.015,,,,,,,,,,,,,,,,,,,,,,,VRAM CRIME: UNCOMPRESSED_RGBA32_STATIC_SUSPECT,,Keep compressed; atlas if grouped with small sibling textures.,STATIC_SOURCE
texture,Assets/MapMagic/Tools/GUI/Editor/Resources/DPUI/Icons/pro/Expand.png,.png,14,14,RGBA,2048,0,-1|1,0,0,2,196,0.000,0.000,17720,0.017,,,,,,,,,,,,,,,,,,,,,,,VRAM CRIME: UNCOMPRESSED_RGBA32_STATIC_SUSPECT,,Keep compressed; atlas if grouped with small sibling textures.,STATIC_SOURCE
texture,Assets/MapMagic/Tools/GUI/Editor/Resources/DPUI/Icons/pro/EyeOff.png,.png,12,12,RGBA,2048,0,-1|1,0,0,2,144,0.000,0.000,17382,0.017,,,,,,,,,,,,,,,,,,,,,,,VRAM CRIME: UNCOMPRESSED_RGBA32_STATIC_SUSPECT,,Keep compressed; atlas if grouped with small sibling textures.,STATIC_SOURCE
texture,Assets/MapMagic/Tools/GUI/Editor/Resources/DPUI/Icons/pro/EyeOn.png,.png,12,12,RGBA,2048,0,-1|-3,0,0,2,144,0.000,0.000,17410,0.017,,,,,,,,,,,,,,,,,,,,,,,VRAM CRIME: UNCOMPRESSED_RGBA32_STATIC_SUSPECT,,Keep compressed; atlas if grouped with small sibling textures.,STATIC_SOURCE
texture,Assets/MapMagic/Tools/GUI/Editor/Resources/DPUI/Icons/pro/Focus.png,.png,32,32,RGBA,2048,0,-1|-3,0,0,2,1024,0.001,0.001,20007,0.019,,,,,,,,,,,,,,,,,,,,,,,VRAM CRIME: UNCOMPRESSED_RGBA32_STATIC_SUSPECT,,Keep compressed; atlas if grouped with small sibling textures.,STATIC_SOURCE
texture,Assets/MapMagic/Tools/GUI/Editor/Resources/DPUI/Icons/pro/FocusSmall.png,.png,20,20,RGBA,2048,0,-1|-3,0,0,2,400,0.000,0.001,19820,0.019,,,,,,,,,,,,,,,,,,,,,,,VRAM CRIME: UNCOMPRESSED_RGBA32_STATIC_SUSPECT,,Keep compressed; atlas if grouped with small sibling textures.,STATIC_SOURCE
texture,Assets/MapMagic/Tools/GUI/Editor/Resources/DPUI/Icons/pro/Front.png,.png,12,12,RGBA,2048,0|1,-1|1,0,0,2,144,0.000,0.000,1957,0.002,,,,,,,,,,,,,,,,,,,,,,,VRAM CRIME: UNCOMPRESSED_RGBA32_STATIC_SUSPECT,,Keep compressed; atlas if grouped with small sibling textures.,STATIC_SOURCE
texture,Assets/MapMagic/Tools/GUI/Editor/Resources/DPUI/Icons/pro/Height.png,.png,12,12,RGBA,2048,0,-1|1,0,0,2,144,0.000,0.000,15029,0.014,,,,,,,,,,,,,,,,,,,,,,,VRAM CRIME: UNCOMPRESSED_RGBA32_STATIC_SUSPECT,,Keep compressed; atlas if grouped with small sibling textures.,STATIC_SOURCE
texture,Assets/MapMagic/Tools/GUI/Editor/Resources/DPUI/Icons/pro/Help.png,.png,12,12,RGBA,2048,0,-1|1,0,0,2,144,0.000,0.000,18085,0.017,,,,,,,,,,,,,,,,,,,,,,,VRAM CRIME: UNCOMPRESSED_RGBA32_STATIC_SUSPECT,,Keep compressed; atlas if grouped with small sibling textures.,STATIC_SOURCE
texture,Assets/MapMagic/Tools/GUI/Editor/Resources/DPUI/Icons/pro/Linked.png,.png,10,10,RGBA,2048,0,-1|1,0,0,2,100,0.000,0.000,15597,0.015,,,,,,,,,,,,,,,,,,,,,,,VRAM CRIME: UNCOMPRESSED_RGBA32_STATIC_SUSPECT,,Keep compressed; atlas if grouped with small sibling textures.,STATIC_SOURCE
texture,Assets/MapMagic/Tools/GUI/Editor/Resources/DPUI/Icons/pro/LockLocked.png,.png,14,12,RGBA,2048,1,-1|1,0,0,0,168,0.000,0.000,20054,0.019,,,,,,,,,,,,,,,,,,,,,,,,,Keep compressed; atlas if grouped with small sibling textures.,STATIC_SOURCE
texture,Assets/MapMagic/Tools/GUI/Editor/Resources/DPUI/Icons/pro/LockUnlocked.png,.png,14,12,RGBA,2048,0,-1|-3,0,0,2,168,0.000,0.000,20050,0.019,,,,,,,,,,,,,,,,,,,,,,,VRAM CRIME: UNCOMPRESSED_RGBA32_STATIC_SUSPECT,,Keep compressed; atlas if grouped with small sibling textures.,STATIC_SOURCE
texture,Assets/MapMagic/Tools/GUI/Editor/Resources/DPUI/Icons/pro/Move.png,.png,12,12,RGBA,2048,0,-1|1,0,0,2,144,0.000,0.000,15002,0.014,,,,,,,,,,,,,,,,,,,,,,,VRAM CRIME: UNCOMPRESSED_RGBA32_STATIC_SUSPECT,,Keep compressed; atlas if grouped with small sibling textures.,STATIC_SOURCE
texture,Assets/MapMagic/Tools/GUI/Editor/Resources/DPUI/Icons/pro/New.png,.png,12,12,RGBA,2048,0,-1|1,0,0,2,144,0.000,0.000,18235,0.017,,,,,,,,,,,,,,,,,,,,,,,VRAM CRIME: UNCOMPRESSED_RGBA32_STATIC_SUSPECT,,Keep compressed; atlas if grouped with small sibling textures.,STATIC_SOURCE
texture,Assets/MapMagic/Tools/GUI/Editor/Resources/DPUI/Icons/pro/ObjectPicker.png,.png,8,8,RGBA,2048,0,-1|1,0,0,2,64,0.000,0.000,15546,0.015,,,,,,,,,,,,,,,,,,,,,,,VRAM CRIME: UNCOMPRESSED_RGBA32_STATIC_SUSPECT,,Keep compressed; atlas if grouped with small sibling textures.,STATIC_SOURCE
texture,Assets/MapMagic/Tools/GUI/Editor/Resources/DPUI/Icons/pro/Opacity.png,.png,10,10,RGBA,2048,1,-1,0,0,2,100,0.000,0.000,17798,0.017,,,,,,,,,,,,,,,,,,,,,,,,,Keep compressed; atlas if grouped with small sibling textures.,STATIC_SOURCE
texture,Assets/MapMagic/Tools/GUI/Editor/Resources/DPUI/Icons/pro/Pallete.png,.png,36,36,RGBA,2048,0|1,-1|1,0,0,2,1296,0.001,0.002,3760,0.004,,,,,,,,,,,,,,,,,,,,,,,VRAM CRIME: UNCOMPRESSED_RGBA32_STATIC_SUSPECT,,Keep compressed; atlas if grouped with small sibling textures.,STATIC_SOURCE
texture,Assets/MapMagic/Tools/GUI/Editor/Resources/DPUI/Icons/pro/Pencil.png,.png,16,12,RGBA,2048,0,-1|1,0,0,2,192,0.000,0.000,19586,0.019,,,,,,,,,,,,,,,,,,,,,,,VRAM CRIME: UNCOMPRESSED_RGBA32_STATIC_SUSPECT,,Keep compressed; atlas if grouped with small sibling textures.,STATIC_SOURCE
texture,Assets/MapMagic/Tools/GUI/Editor/Resources/DPUI/Icons/pro/Refresh.png,.png,24,24,RGBA,2048,0,-1|1,0,0,2,576,0.001,0.001,4593,0.004,,,,,,,,,,,,,,,,,,,,,,,VRAM CRIME: UNCOMPRESSED_RGBA32_STATIC_SUSPECT,,Keep compressed; atlas if grouped with small sibling textures.,STATIC_SOURCE
texture,Assets/MapMagic/Tools/GUI/Editor/Resources/DPUI/Icons/pro/RefreshAll.png,.png,24,24,RGBA,2048,0,-1|1,0,0,2,576,0.001,0.001,4594,0.004,,,,,,,,,,,,,,,,,,,,,,,VRAM CRIME: UNCOMPRESSED_RGBA32_STATIC_SUSPECT,,Keep compressed; atlas if grouped with small sibling textures.,STATIC_SOURCE
texture,Assets/MapMagic/Tools/GUI/Editor/Resources/DPUI/Icons/pro/Remove.png,.png,12,12,RGBA,2048,0,-1|-3,0,0,2,144,0.000,0.000,17381,0.017,,,,,,,,,,,,,,,,,,,,,,,VRAM CRIME: UNCOMPRESSED_RGBA32_STATIC_SUSPECT,,Keep compressed; atlas if grouped with small sibling textures.,STATIC_SOURCE
texture,Assets/MapMagic/Tools/GUI/Editor/Resources/DPUI/Icons/pro/Right.png,.png,12,12,RGBA,2048,0|1,-1|1,0,0,2,144,0.000,0.000,1950,0.002,,,,,,,,,,,,,,,,,,,,,,,VRAM CRIME: UNCOMPRESSED_RGBA32_STATIC_SUSPECT,,Keep compressed; atlas if grouped with small sibling textures.,STATIC_SOURCE
texture,Assets/MapMagic/Tools/GUI/Editor/Resources/DPUI/Icons/pro/Rotate.png,.png,12,12,RGBA,2048,0,-1|1,0,0,2,144,0.000,0.000,15551,0.015,,,,,,,,,,,,,,,,,,,,,,,VRAM CRIME: UNCOMPRESSED_RGBA32_STATIC_SUSPECT,,Keep compressed; atlas if grouped with small sibling textures.,STATIC_SOURCE
texture,Assets/MapMagic/Tools/GUI/Editor/Resources/DPUI/Icons/pro/Rotate2.png,.png,12,12,RGBA,2048,0,-1|1,0,0,2,144,0.000,0.000,15560,0.015,,,,,,,,,,,,,,,,,,,,,,,VRAM CRIME: UNCOMPRESSED_RGBA32_STATIC_SUSPECT,,Keep compressed; atlas if grouped with small sibling textures.,STATIC_SOURCE
texture,Assets/MapMagic/Tools/GUI/Editor/Resources/DPUI/Icons/pro/Scale.png,.png,12,12,RGBA,2048,0,-1|1,0,0,2,144,0.000,0.000,15432,0.015,,,,,,,,,,,,,,,,,,,,,,,VRAM CRIME: UNCOMPRESSED_RGBA32_STATIC_SUSPECT,,Keep compressed; atlas if grouped with small sibling textures.,STATIC_SOURCE
texture,Assets/MapMagic/Tools/GUI/Editor/Resources/DPUI/Icons/pro/Select.png,.png,12,12,RGBA,2048,0,-1|1,0,0,2,144,0.000,0.000,17259,0.016,,,,,,,,,,,,,,,,,,,,,,,VRAM CRIME: UNCOMPRESSED_RGBA32_STATIC_SUSPECT,,Keep compressed; atlas if grouped with small sibling textures.,STATIC_SOURCE
texture,Assets/MapMagic/Tools/GUI/Editor/Resources/DPUI/Icons/pro/Shared.png,.png,12,11,RGBA,2048,0,-1|1,0,0,2,132,0.000,0.000,15795,0.015,,,,,,,,,,,,,,,,,,,,,,,VRAM CRIME: UNCOMPRESSED_RGBA32_STATIC_SUSPECT,,Keep compressed; atlas if grouped with small sibling textures.,STATIC_SOURCE
texture,Assets/MapMagic/Tools/GUI/Editor/Resources/DPUI/Icons/pro/ShowConnections.png,.png,10,10,RGBA,2048,0,-1|-3,0,0,2,100,0.000,0.000,17816,0.017,,,,,,,,,,,,,,,,,,,,,,,VRAM CRIME: UNCOMPRESSED_RGBA32_STATIC_SUSPECT,,Keep compressed; atlas if grouped with small sibling textures.,STATIC_SOURCE
texture,Assets/MapMagic/Tools/GUI/Editor/Resources/DPUI/Icons/pro/Slider.png,.png,22,18,RGBA,2048,0,-1|-3,0,0,2,396,0.000,0.001,18252,0.017,,,,,,,,,,,,,,,,,,,,,,,VRAM CRIME: UNCOMPRESSED_RGBA32_STATIC_SUSPECT,,Keep compressed; atlas if grouped with small sibling textures.,STATIC_SOURCE
texture,Assets/MapMagic/Tools/GUI/Editor/Resources/DPUI/Icons/pro/Toggle.png,.png,14,14,RGBA,2048,0,-1|1,0,0,2,196,0.000,0.000,15856,0.015,,,,,,,,,,,,,,,,,,,,,,,VRAM CRIME: UNCOMPRESSED_RGBA32_STATIC_SUSPECT,,Keep compressed; atlas if grouped with small sibling textures.,STATIC_SOURCE
texture,Assets/MapMagic/Tools/GUI/Editor/Resources/DPUI/Icons/pro/Up.png,.png,16,16,RGBA,2048,0,-1|-3,0,0,2,256,0.000,0.000,17000,0.016,,,,,,,,,,,,,,,,,,,,,,,VRAM CRIME: UNCOMPRESSED_RGBA32_STATIC_SUSPECT,,Keep compressed; atlas if grouped with small sibling textures.,STATIC_SOURCE
texture,Assets/MapMagic/Tools/GUI/Editor/Resources/DPUI/Icons/pro/Zoom.png,.png,32,32,RGBA,2048,0,-1|-3,0,0,2,1024,0.001,0.001,20032,0.019,,,,,,,,,,,,,,,,,,,,,,,VRAM CRIME: UNCOMPRESSED_RGBA32_STATIC_SUSPECT,,Keep compressed; atlas if grouped with small sibling textures.,STATIC_SOURCE
texture,Assets/MapMagic/Tools/GUI/Editor/Resources/DPUI/Icons/pro/ZoomSmall.png,.png,24,24,RGBA,2048,0,-1|1,0,0,2,576,0.001,0.001,20346,0.019,,,,,,,,,,,,,,,,,,,,,,,VRAM CRIME: UNCOMPRESSED_RGBA32_STATIC_SUSPECT,,Keep compressed; atlas if grouped with small sibling textures.,STATIC_SOURCE
texture,Assets/MapMagic/Tools/GUI/Editor/Resources/DPUI/Icons/pro/ZoomSmallMinus.png,.png,24,24,RGBA,2048,0,-1|1,0,0,2,576,0.001,0.001,20348,0.019,,,,,,,,,,,,,,,,,,,,,,,VRAM CRIME: UNCOMPRESSED_RGBA32_STATIC_SUSPECT,,Keep compressed; atlas if grouped with small sibling textures.,STATIC_SOURCE
texture,Assets/MapMagic/Tools/GUI/Editor/Resources/DPUI/Icons/pro/ZoomSmallPlus.png,.png,24,24,RGBA,2048,0,-1|1,0,0,2,576,0.001,0.001,20352,0.019,,,,,,,,,,,,,,,,,,,,,,,VRAM CRIME: UNCOMPRESSED_RGBA32_STATIC_SUSPECT,,Keep compressed; atlas if grouped with small sibling textures.,STATIC_SOURCE
texture,Assets/MapMagic/Tools/GUI/Editor/Resources/DPUI/Icons/Refresh.png,.png,24,24,RGBA,2048,0,-1|1,0,0,2,576,0.001,0.001,21404,0.020,,,,,,,,,,,,,,,,,,,,,,,VRAM CRIME: UNCOMPRESSED_RGBA32_STATIC_SUSPECT,,Keep compressed; atlas if grouped with small sibling textures.,STATIC_SOURCE
texture,Assets/MapMagic/Tools/GUI/Editor/Resources/DPUI/Icons/RefreshAll.png,.png,24,24,RGBA,2048,0,-1|1,0,0,2,576,0.001,0.001,21404,0.020,,,,,,,,,,,,,,,,,,,,,,,VRAM CRIME: UNCOMPRESSED_RGBA32_STATIC_SUSPECT,,Keep compressed; atlas if grouped with small sibling textures.,STATIC_SOURCE
texture,Assets/MapMagic/Tools/GUI/Editor/Resources/DPUI/Icons/Remove.png,.png,12,12,RGBA,2048,0,-1|-3,,0,2,144,0.000,0.000,3377,0.003,,,,,,,,,,,,,,,,,,,,,,,VRAM CRIME: UNCOMPRESSED_RGBA32_STATIC_SUSPECT,,Keep compressed; atlas if grouped with small sibling textures.,STATIC_SOURCE
texture,Assets/MapMagic/Tools/GUI/Editor/Resources/DPUI/Icons/RemoveRed.png,.png,12,12,RGBA,2048,1,-1|1,0,0,2,144,0.000,0.000,329,0.000,,,,,,,,,,,,,,,,,,,,,,,,,Keep compressed; atlas if grouped with small sibling textures.,STATIC_SOURCE
texture,Assets/MapMagic/Tools/GUI/Editor/Resources/DPUI/Icons/Right.png,.png,12,12,RGBA,2048,0|1,-1|1,0,0,2,144,0.000,0.000,1937,0.002,,,,,,,,,,,,,,,,,,,,,,,VRAM CRIME: UNCOMPRESSED_RGBA32_STATIC_SUSPECT,,Keep compressed; atlas if grouped with small sibling textures.,STATIC_SOURCE
texture,Assets/MapMagic/Tools/GUI/Editor/Resources/DPUI/Icons/Rotate.png,.png,12,12,RGBA,2048,0,-1|1,0,0,2,144,0.000,0.000,1159,0.001,,,,,,,,,,,,,,,,,,,,,,,VRAM CRIME: UNCOMPRESSED_RGBA32_STATIC_SUSPECT,,Keep compressed; atlas if grouped with small sibling textures.,STATIC_SOURCE
texture,Assets/MapMagic/Tools/GUI/Editor/Resources/DPUI/Icons/Rotate2.png,.png,12,12,RGBA,2048,0,-1|1,0,0,2,144,0.000,0.000,1171,0.001,,,,,,,,,,,,,,,,,,,,,,,VRAM CRIME: UNCOMPRESSED_RGBA32_STATIC_SUSPECT,,Keep compressed; atlas if grouped with small sibling textures.,STATIC_SOURCE
texture,Assets/MapMagic/Tools/GUI/Editor/Resources/DPUI/Icons/Scale.png,.png,12,12,RGBA,2048,0,-1|1,0,0,2,144,0.000,0.000,1081,0.001,,,,,,,,,,,,,,,,,,,,,,,VRAM CRIME: UNCOMPRESSED_RGBA32_STATIC_SUSPECT,,Keep compressed; atlas if grouped with small sibling textures.,STATIC_SOURCE
texture,Assets/MapMagic/Tools/GUI/Editor/Resources/DPUI/Icons/Select.png,.png,12,12,RGBA,2048,0,-1|1,,0,2,144,0.000,0.000,17144,0.016,,,,,,,,,,,,,,,,,,,,,,,VRAM CRIME: UNCOMPRESSED_RGBA32_STATIC_SUSPECT,,Keep compressed; atlas if grouped with small sibling textures.,STATIC_SOURCE
texture,Assets/MapMagic/Tools/GUI/Editor/Resources/DPUI/Icons/Shared.png,.png,12,11,RGBA,2048,0,-1|1,0,0,2,132,0.000,0.000,15732,0.015,,,,,,,,,,,,,,,,,,,,,,,VRAM CRIME: UNCOMPRESSED_RGBA32_STATIC_SUSPECT,,Keep compressed; atlas if grouped with small sibling textures.,STATIC_SOURCE
texture,Assets/MapMagic/Tools/GUI/Editor/Resources/DPUI/Icons/ShowConnections.png,.png,10,10,RGBA,2048,0,-1|-3,,0,2,100,0.000,0.000,3199,0.003,,,,,,,,,,,,,,,,,,,,,,,VRAM CRIME: UNCOMPRESSED_RGBA32_STATIC_SUSPECT,,Keep compressed; atlas if grouped with small sibling textures.,STATIC_SOURCE
texture,Assets/MapMagic/Tools/GUI/Editor/Resources/DPUI/Icons/ShowConnections_pro.png,.png,10,10,RGBA,2048,0,-1|-3,,0,2,100,0.000,0.000,17375,0.017,,,,,,,,,,,,,,,,,,,,,,,VRAM CRIME: UNCOMPRESSED_RGBA32_STATIC_SUSPECT,,Keep compressed; atlas if grouped with small sibling textures.,STATIC_SOURCE
texture,Assets/MapMagic/Tools/GUI/Editor/Resources/DPUI/Icons/Slider.png,.png,22,18,RGBA,2048,0,-1|-3,,0,2,396,0.000,0.001,19285,0.018,,,,,,,,,,,,,,,,,,,,,,,VRAM CRIME: UNCOMPRESSED_RGBA32_STATIC_SUSPECT,,Keep compressed; atlas if grouped with small sibling textures.,STATIC_SOURCE
texture,Assets/MapMagic/Tools/GUI/Editor/Resources/DPUI/Icons/Slider_pro.png,.png,22,18,RGBA,2048,0,-1|-3,,0,2,396,0.000,0.001,18843,0.018,,,,,,,,,,,,,,,,,,,,,,,VRAM CRIME: UNCOMPRESSED_RGBA32_STATIC_SUSPECT,,Keep compressed; atlas if grouped with small sibling textures.,STATIC_SOURCE
texture,Assets/MapMagic/Tools/GUI/Editor/Resources/DPUI/Icons/Success.png,.png,18,18,RGBA,2048,0,-1|-3,,0,2,324,0.000,0.000,17480,0.017,,,,,,,,,,,,,,,,,,,,,,,VRAM CRIME: UNCOMPRESSED_RGBA32_STATIC_SUSPECT,,Keep compressed; atlas if grouped with small sibling textures.,STATIC_SOURCE
texture,Assets/MapMagic/Tools/GUI/Editor/Resources/DPUI/Icons/Toggle.png,.png,14,14,RGBA,2048,0,-1|1,0,0,2,196,0.000,0.000,16068,0.015,,,,,,,,,,,,,,,,,,,,,,,VRAM CRIME: UNCOMPRESSED_RGBA32_STATIC_SUSPECT,,Keep compressed; atlas if grouped with small sibling textures.,STATIC_SOURCE
texture,Assets/MapMagic/Tools/GUI/Editor/Resources/DPUI/Icons/ToTerrain.png,.png,14,14,RGBA,2048,0,-1|1,,0,2,196,0.000,0.000,17897,0.017,,,,,,,,,,,,,,,,,,,,,,,VRAM CRIME: UNCOMPRESSED_RGBA32_STATIC_SUSPECT,,Keep compressed; atlas if grouped with small sibling textures.,STATIC_SOURCE
texture,Assets/MapMagic/Tools/GUI/Editor/Resources/DPUI/Icons/Transform.png,.png,10,8,RGBA,2048,0,-1|1,,0,2,80,0.000,0.000,15305,0.015,,,,,,,,,,,,,,,,,,,,,,,VRAM CRIME: UNCOMPRESSED_RGBA32_STATIC_SUSPECT,,Keep compressed; atlas if grouped with small sibling textures.,STATIC_SOURCE
texture,Assets/MapMagic/Tools/GUI/Editor/Resources/DPUI/Icons/Tree.png,.png,16,16,RGBA,2048,0,-1|1,,0,2,256,0.000,0.000,17395,0.017,,,,,,,,,,,,,,,,,,,,,,,VRAM CRIME: UNCOMPRESSED_RGBA32_STATIC_SUSPECT,,Keep compressed; atlas if grouped with small sibling textures.,STATIC_SOURCE
texture,Assets/MapMagic/Tools/GUI/Editor/Resources/DPUI/Icons/TreeDisabled.png,.png,16,16,RGBA,2048,0,-1|1,0,0,2,256,0.000,0.000,17837,0.017,,,,,,,,,,,,,,,,,,,,,,,VRAM CRIME: UNCOMPRESSED_RGBA32_STATIC_SUSPECT,,Keep compressed; atlas if grouped with small sibling textures.,STATIC_SOURCE
texture,Assets/MapMagic/Tools/GUI/Editor/Resources/DPUI/Icons/Up.png,.png,16,16,RGBA,2048,0,-1|-3,,0,2,256,0.000,0.000,17409,0.017,,,,,,,,,,,,,,,,,,,,,,,VRAM CRIME: UNCOMPRESSED_RGBA32_STATIC_SUSPECT,,Keep compressed; atlas if grouped with small sibling textures.,STATIC_SOURCE
texture,Assets/MapMagic/Tools/GUI/Editor/Resources/DPUI/Icons/Warning.png,.png,12,12,RGBA,2048,0,-1|1,0,0,2,144,0.000,0.000,316,0.000,,,,,,,,,,,,,,,,,,,,,,,VRAM CRIME: UNCOMPRESSED_RGBA32_STATIC_SUSPECT,,Keep compressed; atlas if grouped with small sibling textures.,STATIC_SOURCE
texture,Assets/MapMagic/Tools/GUI/Editor/Resources/DPUI/Icons/Zoom.png,.png,32,32,RGBA,2048,0,-1|-3,,0,2,1024,0.001,0.001,23182,0.022,,,,,,,,,,,,,,,,,,,,,,,VRAM CRIME: UNCOMPRESSED_RGBA32_STATIC_SUSPECT,,Keep compressed; atlas if grouped with small sibling textures.,STATIC_SOURCE
texture,Assets/MapMagic/Tools/GUI/Editor/Resources/DPUI/Icons/ZoomSmall.png,.png,24,24,RGBA,2048,0,-1|1,0,0,2,576,0.001,0.001,21842,0.021,,,,,,,,,,,,,,,,,,,,,,,VRAM CRIME: UNCOMPRESSED_RGBA32_STATIC_SUSPECT,,Keep compressed; atlas if grouped with small sibling textures.,STATIC_SOURCE
texture,Assets/MapMagic/Tools/GUI/Editor/Resources/DPUI/Icons/ZoomSmallMinus.png,.png,24,24,RGBA,2048,0,-1|1,0,0,2,576,0.001,0.001,21842,0.021,,,,,,,,,,,,,,,,,,,,,,,VRAM CRIME: UNCOMPRESSED_RGBA32_STATIC_SUSPECT,,Keep compressed; atlas if grouped with small sibling textures.,STATIC_SOURCE
texture,Assets/MapMagic/Tools/GUI/Editor/Resources/DPUI/Icons/ZoomSmallPlus.png,.png,24,24,RGBA,2048,0,-1|1,0,0,2,576,0.001,0.001,21842,0.021,,,,,,,,,,,,,,,,,,,,,,,VRAM CRIME: UNCOMPRESSED_RGBA32_STATIC_SUSPECT,,Keep compressed; atlas if grouped with small sibling textures.,STATIC_SOURCE
texture,Assets/MapMagic/Tools/GUI/Editor/Resources/DPUI/KeyCodes/KeyCode0.png,.png,20,20,RGBA,2048,0,-1|1,0,0,2,400,0.000,0.001,1467,0.001,,,,,,,,,,,,,,,,,,,,,,,VRAM CRIME: UNCOMPRESSED_RGBA32_STATIC_SUSPECT,,Keep compressed; atlas if grouped with small sibling textures.,STATIC_SOURCE
texture,Assets/MapMagic/Tools/GUI/Editor/Resources/DPUI/KeyCodes/KeyCode1.png,.png,20,20,RGBA,2048,0,-1|1,0,0,2,400,0.000,0.001,1329,0.001,,,,,,,,,,,,,,,,,,,,,,,VRAM CRIME: UNCOMPRESSED_RGBA32_STATIC_SUSPECT,,Keep compressed; atlas if grouped with small sibling textures.,STATIC_SOURCE
texture,Assets/MapMagic/Tools/GUI/Editor/Resources/DPUI/KeyCodes/KeyCode2.png,.png,20,20,RGBA,2048,0,-1|1,0,0,2,400,0.000,0.001,1461,0.001,,,,,,,,,,,,,,,,,,,,,,,VRAM CRIME: UNCOMPRESSED_RGBA32_STATIC_SUSPECT,,Keep compressed; atlas if grouped with small sibling textures.,STATIC_SOURCE
texture,Assets/MapMagic/Tools/GUI/Editor/Resources/DPUI/KeyCodes/KeyCode3.png,.png,20,20,RGBA,2048,0,-1|1,0,0,2,400,0.000,0.001,1481,0.001,,,,,,,,,,,,,,,,,,,,,,,VRAM CRIME: UNCOMPRESSED_RGBA32_STATIC_SUSPECT,,Keep compressed; atlas if grouped with small sibling textures.,STATIC_SOURCE
texture,Assets/MapMagic/Tools/GUI/Editor/Resources/DPUI/KeyCodes/KeyCode4.png,.png,20,20,RGBA,2048,0,-1|1,0,0,2,400,0.000,0.001,1417,0.001,,,,,,,,,,,,,,,,,,,,,,,VRAM CRIME: UNCOMPRESSED_RGBA32_STATIC_SUSPECT,,Keep compressed; atlas if grouped with small sibling textures.,STATIC_SOURCE
texture,Assets/MapMagic/Tools/GUI/Editor/Resources/DPUI/KeyCodes/KeyCode5.png,.png,20,20,RGBA,2048,0,-1|1,0,0,2,400,0.000,0.001,1485,0.001,,,,,,,,,,,,,,,,,,,,,,,VRAM CRIME: UNCOMPRESSED_RGBA32_STATIC_SUSPECT,,Keep compressed; atlas if grouped with small sibling textures.,STATIC_SOURCE
texture,Assets/MapMagic/Tools/GUI/Editor/Resources/DPUI/KeyCodes/KeyCode6.png,.png,20,20,RGBA,2048,0,-1|1,0,0,2,400,0.000,0.001,1527,0.001,,,,,,,,,,,,,,,,,,,,,,,VRAM CRIME: UNCOMPRESSED_RGBA32_STATIC_SUSPECT,,Keep compressed; atlas if grouped with small sibling textures.,STATIC_SOURCE
texture,Assets/MapMagic/Tools/GUI/Editor/Resources/DPUI/KeyCodes/KeyCode7.png,.png,20,20,RGBA,2048,0,-1|1,0,0,2,400,0.000,0.001,1426,0.001,,,,,,,,,,,,,,,,,,,,,,,VRAM CRIME: UNCOMPRESSED_RGBA32_STATIC_SUSPECT,,Keep compressed; atlas if grouped with small sibling textures.,STATIC_SOURCE
texture,Assets/MapMagic/Tools/GUI/Editor/Resources/DPUI/KeyCodes/KeyCode8.png,.png,20,20,RGBA,2048,0,-1|1,0,0,2,400,0.000,0.001,1507,0.001,,,,,,,,,,,,,,,,,,,,,,,VRAM CRIME: UNCOMPRESSED_RGBA32_STATIC_SUSPECT,,Keep compressed; atlas if grouped with small sibling textures.,STATIC_SOURCE
texture,Assets/MapMagic/Tools/GUI/Editor/Resources/DPUI/KeyCodes/KeyCode9.png,.png,20,20,RGBA,2048,0,-1|1,0,0,2,400,0.000,0.001,1492,0.001,,,,,,,,,,,,,,,,,,,,,,,VRAM CRIME: UNCOMPRESSED_RGBA32_STATIC_SUSPECT,,Keep compressed; atlas if grouped with small sibling textures.,STATIC_SOURCE
texture,Assets/MapMagic/Tools/GUI/Editor/Resources/DPUI/KeyCodes/KeyCodeAlt.png,.png,24,20,RGBA,2048,0,-1|1,0,0,2,480,0.000,0.001,1570,0.001,,,,,,,,,,,,,,,,,,,,,,,VRAM CRIME: UNCOMPRESSED_RGBA32_STATIC_SUSPECT,,Keep compressed; atlas if grouped with small sibling textures.,STATIC_SOURCE
texture,Assets/MapMagic/Tools/GUI/Editor/Resources/DPUI/KeyCodes/KeyCodeCtrl.png,.png,31,20,RGBA,2048,0,-1|1,0,0,2,620,0.001,0.001,1686,0.002,,,,,,,,,,,,,,,,,,,,,,,VRAM CRIME: UNCOMPRESSED_RGBA32_STATIC_SUSPECT,,Keep compressed; atlas if grouped with small sibling textures.,STATIC_SOURCE
texture,Assets/MapMagic/Tools/GUI/Editor/Resources/DPUI/KeyCodes/KeyCodeShift.png,.png,38,20,RGBA,2048,0,-1|1,0,0,2,760,0.001,0.001,1798,0.002,,,,,,,,,,,,,,,,,,,,,,,VRAM CRIME: UNCOMPRESSED_RGBA32_STATIC_SUSPECT,,Keep compressed; atlas if grouped with small sibling textures.,STATIC_SOURCE
texture,Assets/MapMagic/Tools/GUI/Editor/Resources/DPUI/KeyCodes/KeyCode~.png,.png,20,20,RGBA,2048,0,-1|1,0,0,2,400,0.000,0.001,1334,0.001,,,,,,,,,,,,,,,,,,,,,,,VRAM CRIME: UNCOMPRESSED_RGBA32_STATIC_SUSPECT,,Keep compressed; atlas if grouped with small sibling textures.,STATIC_SOURCE
texture,Assets/MapMagic/Tools/GUI/Editor/Resources/DPUI/Layers/Add.png,.png,70,16,RGBA,2048,0,1|4,0,0,2,1120,0.001,0.001,25819,0.025,,,,,,,,,,,,,,,,,,,,,,,VRAM CRIME: UNCOMPRESSED_RGBA32_STATIC_SUSPECT;VRAM CRIME: RGBA32_TEXTURE_FORMAT_STATIC_SUSPECT,,Keep compressed; atlas if grouped with small sibling textures.,STATIC_SOURCE
texture,Assets/MapMagic/Tools/GUI/Editor/Resources/DPUI/Layers/AddPanel.png,.png,12,12,RGBA,2048,0|1,-1|1|4,0,0,2,144,0.000,0.000,1131,0.001,,,,,,,,,,,,,,,,,,,,,,,VRAM CRIME: UNCOMPRESSED_RGBA32_STATIC_SUSPECT;VRAM CRIME: RGBA32_TEXTURE_FORMAT_STATIC_SUSPECT,,Keep compressed; atlas if grouped with small sibling textures.,STATIC_SOURCE
texture,Assets/MapMagic/Tools/GUI/Editor/Resources/DPUI/Layers/AddPanelEmpty.png,.png,12,12,RGBA,2048,0|1,-1|1|4,0,0,2,144,0.000,0.000,1195,0.001,,,,,,,,,,,,,,,,,,,,,,,VRAM CRIME: UNCOMPRESSED_RGBA32_STATIC_SUSPECT;VRAM CRIME: RGBA32_TEXTURE_FORMAT_STATIC_SUSPECT,,Keep compressed; atlas if grouped with small sibling textures.,STATIC_SOURCE
texture,Assets/MapMagic/Tools/GUI/Editor/Resources/DPUI/Layers/Bot.png,.png,12,12,RGBA,2048,0,-1|1|4,0,0,2,144,0.000,0.000,1168,0.001,,,,,,,,,,,,,,,,,,,,,,,VRAM CRIME: UNCOMPRESSED_RGBA32_STATIC_SUSPECT;VRAM CRIME: RGBA32_TEXTURE_FORMAT_STATIC_SUSPECT,,Keep compressed; atlas if grouped with small sibling textures.,STATIC_SOURCE
texture,Assets/MapMagic/Tools/GUI/Editor/Resources/DPUI/Layers/BotSquare.png,.png,12,12,RGBA,2048,0,-1|1,0,0,2,144,0.000,0.000,16171,0.015,,,,,,,,,,,,,,,,,,,,,,,VRAM CRIME: UNCOMPRESSED_RGBA32_STATIC_SUSPECT,,Keep compressed; atlas if grouped with small sibling textures.,STATIC_SOURCE
texture,Assets/MapMagic/Tools/GUI/Editor/Resources/DPUI/Layers/Dragged.png,.png,12,12,RGBA,2048,0,-1|1|4,0,0,2,144,0.000,0.000,1251,0.001,,,,,,,,,,,,,,,,,,,,,,,VRAM CRIME: UNCOMPRESSED_RGBA32_STATIC_SUSPECT;VRAM CRIME: RGBA32_TEXTURE_FORMAT_STATIC_SUSPECT,,Keep compressed; atlas if grouped with small sibling textures.,STATIC_SOURCE
texture,Assets/MapMagic/Tools/GUI/Editor/Resources/DPUI/Layers/Mid.png,.png,12,12,RGBA,2048,0,-1|1|4,0,0,2,144,0.000,0.000,15402,0.015,,,,,,,,,,,,,,,,,,,,,,,VRAM CRIME: UNCOMPRESSED_RGBA32_STATIC_SUSPECT;VRAM CRIME: RGBA32_TEXTURE_FORMAT_STATIC_SUSPECT,,Keep compressed; atlas if grouped with small sibling textures.,STATIC_SOURCE
texture,Assets/MapMagic/Tools/GUI/Editor/Resources/DPUI/Layers/pro/Add.png,.png,70,16,RGBA,2048,0,-1|1,0,0,2,1120,0.001,0.001,21567,0.021,,,,,,,,,,,,,,,,,,,,,,,VRAM CRIME: UNCOMPRESSED_RGBA32_STATIC_SUSPECT,,Keep compressed; atlas if grouped with small sibling textures.,STATIC_SOURCE
texture,Assets/MapMagic/Tools/GUI/Editor/Resources/DPUI/Layers/pro/AddPanel.png,.png,12,12,RGBA,2048,0,-1|1,,0,2,144,0.000,0.000,1126,0.001,,,,,,,,,,,,,,,,,,,,,,,VRAM CRIME: UNCOMPRESSED_RGBA32_STATIC_SUSPECT,,Keep compressed; atlas if grouped with small sibling textures.,STATIC_SOURCE
texture,Assets/MapMagic/Tools/GUI/Editor/Resources/DPUI/Layers/pro/AddPanelEmpty.png,.png,12,12,RGBA,2048,0,-1|1,,0,2,144,0.000,0.000,1214,0.001,,,,,,,,,,,,,,,,,,,,,,,VRAM CRIME: UNCOMPRESSED_RGBA32_STATIC_SUSPECT,,Keep compressed; atlas if grouped with small sibling textures.,STATIC_SOURCE
texture,Assets/MapMagic/Tools/GUI/Editor/Resources/DPUI/Layers/pro/Bot.png,.png,12,12,RGBA,2048,0,-1|1,,0,2,144,0.000,0.000,15483,0.015,,,,,,,,,,,,,,,,,,,,,,,VRAM CRIME: UNCOMPRESSED_RGBA32_STATIC_SUSPECT,,Keep compressed; atlas if grouped with small sibling textures.,STATIC_SOURCE
texture,Assets/MapMagic/Tools/GUI/Editor/Resources/DPUI/Layers/pro/BotSquare.png,.png,12,12,RGB,2048,0,-1|1,0,0,2,144,0.000,0.000,15407,0.015,,,,,,,,,,,,,,,,,,,,,,,,,Keep compressed; atlas if grouped with small sibling textures.,STATIC_SOURCE
texture,Assets/MapMagic/Tools/GUI/Editor/Resources/DPUI/Layers/pro/Dragged.png,.png,12,12,RGBA,2048,0,-1|1,,0,2,144,0.000,0.000,15568,0.015,,,,,,,,,,,,,,,,,,,,,,,VRAM CRIME: UNCOMPRESSED_RGBA32_STATIC_SUSPECT,,Keep compressed; atlas if grouped with small sibling textures.,STATIC_SOURCE
texture,Assets/MapMagic/Tools/GUI/Editor/Resources/DPUI/Layers/pro/Mid.png,.png,12,12,RGB,2048,0,-1|1,,0,2,144,0.000,0.000,15389,0.015,,,,,,,,,,,,,,,,,,,,,,,,,Keep compressed; atlas if grouped with small sibling textures.,STATIC_SOURCE
texture,Assets/MapMagic/Tools/GUI/Editor/Resources/DPUI/Layers/pro/Single.png,.png,12,12,RGBA,2048,0,-1|1,,0,2,144,0.000,0.000,15126,0.014,,,,,,,,,,,,,,,,,,,,,,,VRAM CRIME: UNCOMPRESSED_RGBA32_STATIC_SUSPECT,,Keep compressed; atlas if grouped with small sibling textures.,STATIC_SOURCE
texture,Assets/MapMagic/Tools/GUI/Editor/Resources/DPUI/Layers/pro/Top.png,.png,12,12,RGBA,2048,0,-1|1,,0,2,144,0.000,0.000,15497,0.015,,,,,,,,,,,,,,,,,,,,,,,VRAM CRIME: UNCOMPRESSED_RGBA32_STATIC_SUSPECT,,Keep compressed; atlas if grouped with small sibling textures.,STATIC_SOURCE
texture,Assets/MapMagic/Tools/GUI/Editor/Resources/DPUI/Layers/RemoveBright.png,.png,70,16,RGBA,2048,0,1|4,0,0,2,1120,0.001,0.001,25819,0.025,,,,,,,,,,,,,,,,,,,,,,,VRAM CRIME: UNCOMPRESSED_RGBA32_STATIC_SUSPECT;VRAM CRIME: RGBA32_TEXTURE_FORMAT_STATIC_SUSPECT,,Keep compressed; atlas if grouped with small sibling textures.,STATIC_SOURCE
texture,Assets/MapMagic/Tools/GUI/Editor/Resources/DPUI/Layers/RemoveDark.png,.png,70,16,RGBA,2048,0,1|4,0,0,2,1120,0.001,0.001,25819,0.025,,,,,,,,,,,,,,,,,,,,,,,VRAM CRIME: UNCOMPRESSED_RGBA32_STATIC_SUSPECT;VRAM CRIME: RGBA32_TEXTURE_FORMAT_STATIC_SUSPECT,,Keep compressed; atlas if grouped with small sibling textures.,STATIC_SOURCE
texture,Assets/MapMagic/Tools/GUI/Editor/Resources/DPUI/Layers/SelectedBottom.png,.png,14,7,RGBA,2048,0,-1|1,0,0,2,98,0.000,0.000,988,0.001,,,,,,,,,,,,,,,,,,,,,,,VRAM CRIME: UNCOMPRESSED_RGBA32_STATIC_SUSPECT,,Keep compressed; atlas if grouped with small sibling textures.,STATIC_SOURCE
texture,Assets/MapMagic/Tools/GUI/Editor/Resources/DPUI/Layers/SelectedMiddle.png,.png,10,10,RGBA,2048,0,-1|1,0,0,2,100,0.000,0.000,950,0.001,,,,,,,,,,,,,,,,,,,,,,,VRAM CRIME: UNCOMPRESSED_RGBA32_STATIC_SUSPECT,,Keep compressed; atlas if grouped with small sibling textures.,STATIC_SOURCE
texture,Assets/MapMagic/Tools/GUI/Editor/Resources/DPUI/Layers/SelectedOnly.png,.png,14,14,RGBA,2048,0,-1|1,0,0,2,196,0.000,0.000,1048,0.001,,,,,,,,,,,,,,,,,,,,,,,VRAM CRIME: UNCOMPRESSED_RGBA32_STATIC_SUSPECT,,Keep compressed; atlas if grouped with small sibling textures.,STATIC_SOURCE
texture,Assets/MapMagic/Tools/GUI/Editor/Resources/DPUI/Layers/SelectedTop.png,.png,14,7,RGBA,2048,0,-1|1,0,0,2,98,0.000,0.000,1003,0.001,,,,,,,,,,,,,,,,,,,,,,,VRAM CRIME: UNCOMPRESSED_RGBA32_STATIC_SUSPECT,,Keep compressed; atlas if grouped with small sibling textures.,STATIC_SOURCE
texture,Assets/MapMagic/Tools/GUI/Editor/Resources/DPUI/Layers/Single.png,.png,12,12,RGBA,2048,0,-1|1|4,0,0,2,144,0.000,0.000,1229,0.001,,,,,,,,,,,,,,,,,,,,,,,VRAM CRIME: UNCOMPRESSED_RGBA32_STATIC_SUSPECT;VRAM CRIME: RGBA32_TEXTURE_FORMAT_STATIC_SUSPECT,,Keep compressed; atlas if grouped with small sibling textures.,STATIC_SOURCE
texture,Assets/MapMagic/Tools/GUI/Editor/Resources/DPUI/Layers/Top.png,.png,12,12,RGBA,2048,0,-1|1|4,0,0,2,144,0.000,0.000,15082,0.014,,,,,,,,,,,,,,,,,,,,,,,VRAM CRIME: UNCOMPRESSED_RGBA32_STATIC_SUSPECT;VRAM CRIME: RGBA32_TEXTURE_FORMAT_STATIC_SUSPECT,,Keep compressed; atlas if grouped with small sibling textures.,STATIC_SOURCE
texture,Assets/MapMagic/Tools/GUI/Editor/Resources/DPUI/Levels/Gradient.png,.png,254,13,RGBA,2048,0,-1|1,,0,2,3302,0.003,0.004,1130,0.001,,,,,,,,,,,,,,,,,,,,,,,VRAM CRIME: UNCOMPRESSED_RGBA32_STATIC_SUSPECT,,Keep compressed; atlas if grouped with small sibling textures.,STATIC_SOURCE
texture,Assets/MapMagic/Tools/GUI/Editor/Resources/DPUI/Levels/GradientEnd.png,.png,2,13,RGBA,2048,0,-1|1,,0,2,26,0.000,0.000,1027,0.001,,,,,,,,,,,,,,,,,,,,,,,VRAM CRIME: UNCOMPRESSED_RGBA32_STATIC_SUSPECT,,Keep compressed; atlas if grouped with small sibling textures.,STATIC_SOURCE
texture,Assets/MapMagic/Tools/GUI/Editor/Resources/DPUI/Levels/GradientStart.png,.png,2,13,RGBA,2048,0,-1|1,,0,2,26,0.000,0.000,1026,0.001,,,,,,,,,,,,,,,,,,,,,,,VRAM CRIME: UNCOMPRESSED_RGBA32_STATIC_SUSPECT,,Keep compressed; atlas if grouped with small sibling textures.,STATIC_SOURCE
texture,Assets/MapMagic/Tools/GUI/Editor/Resources/DPUI/Levels/SliderBlack.png,.png,12,12,RGBA,2048,0,-1|1,,0,2,144,0.000,0.000,1171,0.001,,,,,,,,,,,,,,,,,,,,,,,VRAM CRIME: UNCOMPRESSED_RGBA32_STATIC_SUSPECT,,Keep compressed; atlas if grouped with small sibling textures.,STATIC_SOURCE
texture,Assets/MapMagic/Tools/GUI/Editor/Resources/DPUI/Levels/SliderGray.png,.png,12,12,RGBA,2048,0,-1|1,,0,2,144,0.000,0.000,1217,0.001,,,,,,,,,,,,,,,,,,,,,,,VRAM CRIME: UNCOMPRESSED_RGBA32_STATIC_SUSPECT,,Keep compressed; atlas if grouped with small sibling textures.,STATIC_SOURCE
texture,Assets/MapMagic/Tools/GUI/Editor/Resources/DPUI/Levels/SliderVerBlack.png,.png,12,12,RGBA,2048,0,-1|1,0,0,2,144,0.000,0.000,15960,0.015,,,,,,,,,,,,,,,,,,,,,,,VRAM CRIME: UNCOMPRESSED_RGBA32_STATIC_SUSPECT,,Keep compressed; atlas if grouped with small sibling textures.,STATIC_SOURCE
texture,Assets/MapMagic/Tools/GUI/Editor/Resources/DPUI/Levels/SliderVerWhite.png,.png,12,12,RGBA,2048,0,-1|1,0,0,2,144,0.000,0.000,15960,0.015,,,,,,,,,,,,,,,,,,,,,,,VRAM CRIME: UNCOMPRESSED_RGBA32_STATIC_SUSPECT,,Keep compressed; atlas if grouped with small sibling textures.,STATIC_SOURCE
texture,Assets/MapMagic/Tools/GUI/Editor/Resources/DPUI/Levels/SliderWhite.png,.png,12,12,RGBA,2048,0,-1|1,,0,2,144,0.000,0.000,1209,0.001,,,,,,,,,,,,,,,,,,,,,,,VRAM CRIME: UNCOMPRESSED_RGBA32_STATIC_SUSPECT,,Keep compressed; atlas if grouped with small sibling textures.,STATIC_SOURCE
texture,Assets/MapMagic/Tools/GUI/Editor/Resources/DPUI/Loading/MapMagic_Loading01.png,.png,16,16,RGBA,2048,1,-1,,0,0,256,0.000,0.000,3829,0.004,,,,,,,,,,,,,,,,,,,,,,,,,Keep compressed; atlas if grouped with small sibling textures.,STATIC_SOURCE
texture,Assets/MapMagic/Tools/GUI/Editor/Resources/DPUI/Loading/MapMagic_Loading01_pro.png,.png,16,16,RGBA,2048,0,-1|-3,,0,2,256,0.000,0.000,3829,0.004,,,,,,,,,,,,,,,,,,,,,,,VRAM CRIME: UNCOMPRESSED_RGBA32_STATIC_SUSPECT,,Keep compressed; atlas if grouped with small sibling textures.,STATIC_SOURCE
texture,Assets/MapMagic/Tools/GUI/Editor/Resources/DPUI/Loading/MapMagic_Loading02.png,.png,16,16,RGBA,2048,1,-1,,0,0,256,0.000,0.000,3829,0.004,,,,,,,,,,,,,,,,,,,,,,,,,Keep compressed; atlas if grouped with small sibling textures.,STATIC_SOURCE
texture,Assets/MapMagic/Tools/GUI/Editor/Resources/DPUI/Loading/MapMagic_Loading02_pro.png,.png,16,16,RGBA,2048,0,-1|-3,,0,2,256,0.000,0.000,3829,0.004,,,,,,,,,,,,,,,,,,,,,,,VRAM CRIME: UNCOMPRESSED_RGBA32_STATIC_SUSPECT,,Keep compressed; atlas if grouped with small sibling textures.,STATIC_SOURCE
texture,Assets/MapMagic/Tools/GUI/Editor/Resources/DPUI/Loading/MapMagic_Loading03.png,.png,16,16,RGBA,2048,1,-1,,0,0,256,0.000,0.000,3829,0.004,,,,,,,,,,,,,,,,,,,,,,,,,Keep compressed; atlas if grouped with small sibling textures.,STATIC_SOURCE
texture,Assets/MapMagic/Tools/GUI/Editor/Resources/DPUI/Loading/MapMagic_Loading03_pro.png,.png,16,16,RGBA,2048,0,-1|-3,,0,2,256,0.000,0.000,3829,0.004,,,,,,,,,,,,,,,,,,,,,,,VRAM CRIME: UNCOMPRESSED_RGBA32_STATIC_SUSPECT,,Keep compressed; atlas if grouped with small sibling textures.,STATIC_SOURCE
texture,Assets/MapMagic/Tools/GUI/Editor/Resources/DPUI/Loading/MapMagic_Loading04.png,.png,16,16,RGBA,2048,1,-1,,0,0,256,0.000,0.000,3829,0.004,,,,,,,,,,,,,,,,,,,,,,,,,Keep compressed; atlas if grouped with small sibling textures.,STATIC_SOURCE
texture,Assets/MapMagic/Tools/GUI/Editor/Resources/DPUI/Loading/MapMagic_Loading04_pro.png,.png,16,16,RGBA,2048,0,-1|-3,,0,2,256,0.000,0.000,3829,0.004,,,,,,,,,,,,,,,,,,,,,,,VRAM CRIME: UNCOMPRESSED_RGBA32_STATIC_SUSPECT,,Keep compressed; atlas if grouped with small sibling textures.,STATIC_SOURCE
texture,Assets/MapMagic/Tools/GUI/Editor/Resources/DPUI/Loading/MapMagic_Loading05.png,.png,16,16,RGBA,2048,1,-1,,0,0,256,0.000,0.000,3829,0.004,,,,,,,,,,,,,,,,,,,,,,,,,Keep compressed; atlas if grouped with small sibling textures.,STATIC_SOURCE
texture,Assets/MapMagic/Tools/GUI/Editor/Resources/DPUI/Loading/MapMagic_Loading05_pro.png,.png,16,16,RGBA,2048,0,-1|-3,,0,2,256,0.000,0.000,3829,0.004,,,,,,,,,,,,,,,,,,,,,,,VRAM CRIME: UNCOMPRESSED_RGBA32_STATIC_SUSPECT,,Keep compressed; atlas if grouped with small sibling textures.,STATIC_SOURCE
texture,Assets/MapMagic/Tools/GUI/Editor/Resources/DPUI/Loading/MapMagic_Loading06.png,.png,16,16,RGBA,2048,1,-1,,0,0,256,0.000,0.000,3829,0.004,,,,,,,,,,,,,,,,,,,,,,,,,Keep compressed; atlas if grouped with small sibling textures.,STATIC_SOURCE
texture,Assets/MapMagic/Tools/GUI/Editor/Resources/DPUI/Loading/MapMagic_Loading06_pro.png,.png,16,16,RGBA,2048,0,-1|-3,,0,2,256,0.000,0.000,3829,0.004,,,,,,,,,,,,,,,,,,,,,,,VRAM CRIME: UNCOMPRESSED_RGBA32_STATIC_SUSPECT,,Keep compressed; atlas if grouped with small sibling textures.,STATIC_SOURCE
texture,Assets/MapMagic/Tools/GUI/Editor/Resources/DPUI/Loading/MapMagic_Loading07.png,.png,16,16,RGBA,2048,1,-1,,0,0,256,0.000,0.000,3829,0.004,,,,,,,,,,,,,,,,,,,,,,,,,Keep compressed; atlas if grouped with small sibling textures.,STATIC_SOURCE
texture,Assets/MapMagic/Tools/GUI/Editor/Resources/DPUI/Loading/MapMagic_Loading07_pro.png,.png,16,16,RGBA,2048,0,-1|-3,,0,2,256,0.000,0.000,3829,0.004,,,,,,,,,,,,,,,,,,,,,,,VRAM CRIME: UNCOMPRESSED_RGBA32_STATIC_SUSPECT,,Keep compressed; atlas if grouped with small sibling textures.,STATIC_SOURCE
texture,Assets/MapMagic/Tools/GUI/Editor/Resources/DPUI/Loading/MapMagic_Loading08.png,.png,16,16,RGBA,2048,1,-1,,0,0,256,0.000,0.000,3829,0.004,,,,,,,,,,,,,,,,,,,,,,,,,Keep compressed; atlas if grouped with small sibling textures.,STATIC_SOURCE
texture,Assets/MapMagic/Tools/GUI/Editor/Resources/DPUI/Loading/MapMagic_Loading08_pro.png,.png,16,16,RGBA,2048,0,-1|-3,,0,2,256,0.000,0.000,3829,0.004,,,,,,,,,,,,,,,,,,,,,,,VRAM CRIME: UNCOMPRESSED_RGBA32_STATIC_SUSPECT,,Keep compressed; atlas if grouped with small sibling textures.,STATIC_SOURCE
texture,Assets/MapMagic/Tools/GUI/Editor/Resources/DPUI/Loading/MapMagic_Loading09.png,.png,16,16,RGBA,2048,1,-1,,0,0,256,0.000,0.000,3829,0.004,,,,,,,,,,,,,,,,,,,,,,,,,Keep compressed; atlas if grouped with small sibling textures.,STATIC_SOURCE
texture,Assets/MapMagic/Tools/GUI/Editor/Resources/DPUI/Loading/MapMagic_Loading09_pro.png,.png,16,16,RGBA,2048,0,-1|-3,,0,2,256,0.000,0.000,3829,0.004,,,,,,,,,,,,,,,,,,,,,,,VRAM CRIME: UNCOMPRESSED_RGBA32_STATIC_SUSPECT,,Keep compressed; atlas if grouped with small sibling textures.,STATIC_SOURCE
texture,Assets/MapMagic/Tools/GUI/Editor/Resources/DPUI/Loading/MapMagic_Loading10.png,.png,16,16,RGBA,2048,1,-1,,0,0,256,0.000,0.000,3829,0.004,,,,,,,,,,,,,,,,,,,,,,,,,Keep compressed; atlas if grouped with small sibling textures.,STATIC_SOURCE
texture,Assets/MapMagic/Tools/GUI/Editor/Resources/DPUI/Loading/MapMagic_Loading10_pro.png,.png,16,16,RGBA,2048,0,-1|-3,,0,2,256,0.000,0.000,3829,0.004,,,,,,,,,,,,,,,,,,,,,,,VRAM CRIME: UNCOMPRESSED_RGBA32_STATIC_SUSPECT,,Keep compressed; atlas if grouped with small sibling textures.,STATIC_SOURCE
texture,Assets/MapMagic/Tools/GUI/Editor/Resources/DPUI/Loading/MapMagic_Loading11.png,.png,16,16,RGBA,2048,1,-1,,0,0,256,0.000,0.000,3829,0.004,,,,,,,,,,,,,,,,,,,,,,,,,Keep compressed; atlas if grouped with small sibling textures.,STATIC_SOURCE
texture,Assets/MapMagic/Tools/GUI/Editor/Resources/DPUI/Loading/MapMagic_Loading11_pro.png,.png,16,16,RGBA,2048,0,-1|-3,,0,2,256,0.000,0.000,3829,0.004,,,,,,,,,,,,,,,,,,,,,,,VRAM CRIME: UNCOMPRESSED_RGBA32_STATIC_SUSPECT,,Keep compressed; atlas if grouped with small sibling textures.,STATIC_SOURCE
texture,Assets/MapMagic/Tools/GUI/Editor/Resources/DPUI/Loading/MapMagic_Loading12.png,.png,16,16,RGBA,2048,1,-1,,0,0,256,0.000,0.000,3829,0.004,,,,,,,,,,,,,,,,,,,,,,,,,Keep compressed; atlas if grouped with small sibling textures.,STATIC_SOURCE
texture,Assets/MapMagic/Tools/GUI/Editor/Resources/DPUI/Loading/MapMagic_Loading12_pro.png,.png,16,16,RGBA,2048,0,-1|-3,,0,2,256,0.000,0.000,3829,0.004,,,,,,,,,,,,,,,,,,,,,,,VRAM CRIME: UNCOMPRESSED_RGBA32_STATIC_SUSPECT,,Keep compressed; atlas if grouped with small sibling textures.,STATIC_SOURCE
texture,Assets/MapMagic/Tools/GUI/Editor/Resources/DPUI/Loading/MapMagic_Loading_pro01.png,.png,16,16,RGBA,2048,0,-1|-3,,0,2,256,0.000,0.000,3829,0.004,,,,,,,,,,,,,,,,,,,,,,,VRAM CRIME: UNCOMPRESSED_RGBA32_STATIC_SUSPECT,,Keep compressed; atlas if grouped with small sibling textures.,STATIC_SOURCE
texture,Assets/MapMagic/Tools/GUI/Editor/Resources/DPUI/Loading/MapMagic_Loading_pro02.png,.png,16,16,RGBA,2048,0,-1|-3,,0,2,256,0.000,0.000,3829,0.004,,,,,,,,,,,,,,,,,,,,,,,VRAM CRIME: UNCOMPRESSED_RGBA32_STATIC_SUSPECT,,Keep compressed; atlas if grouped with small sibling textures.,STATIC_SOURCE
texture,Assets/MapMagic/Tools/GUI/Editor/Resources/DPUI/Loading/MapMagic_Loading_pro03.png,.png,16,16,RGBA,2048,0,-1|-3,,0,2,256,0.000,0.000,3829,0.004,,,,,,,,,,,,,,,,,,,,,,,VRAM CRIME: UNCOMPRESSED_RGBA32_STATIC_SUSPECT,,Keep compressed; atlas if grouped with small sibling textures.,STATIC_SOURCE
texture,Assets/MapMagic/Tools/GUI/Editor/Resources/DPUI/Loading/MapMagic_Loading_pro04.png,.png,16,16,RGBA,2048,0,-1|-3,,0,2,256,0.000,0.000,3829,0.004,,,,,,,,,,,,,,,,,,,,,,,VRAM CRIME: UNCOMPRESSED_RGBA32_STATIC_SUSPECT,,Keep compressed; atlas if grouped with small sibling textures.,STATIC_SOURCE
texture,Assets/MapMagic/Tools/GUI/Editor/Resources/DPUI/Loading/MapMagic_Loading_pro05.png,.png,16,16,RGBA,2048,0,-1|-3,,0,2,256,0.000,0.000,3829,0.004,,,,,,,,,,,,,,,,,,,,,,,VRAM CRIME: UNCOMPRESSED_RGBA32_STATIC_SUSPECT,,Keep compressed; atlas if grouped with small sibling textures.,STATIC_SOURCE
texture,Assets/MapMagic/Tools/GUI/Editor/Resources/DPUI/Loading/MapMagic_Loading_pro06.png,.png,16,16,RGBA,2048,0,-1|-3,,0,2,256,0.000,0.000,3829,0.004,,,,,,,,,,,,,,,,,,,,,,,VRAM CRIME: UNCOMPRESSED_RGBA32_STATIC_SUSPECT,,Keep compressed; atlas if grouped with small sibling textures.,STATIC_SOURCE
texture,Assets/MapMagic/Tools/GUI/Editor/Resources/DPUI/Loading/MapMagic_Loading_pro07.png,.png,16,16,RGBA,2048,0,-1|-3,,0,2,256,0.000,0.000,3829,0.004,,,,,,,,,,,,,,,,,,,,,,,VRAM CRIME: UNCOMPRESSED_RGBA32_STATIC_SUSPECT,,Keep compressed; atlas if grouped with small sibling textures.,STATIC_SOURCE
texture,Assets/MapMagic/Tools/GUI/Editor/Resources/DPUI/Loading/MapMagic_Loading_pro08.png,.png,16,16,RGBA,2048,0,-1|-3,,0,2,256,0.000,0.000,3829,0.004,,,,,,,,,,,,,,,,,,,,,,,VRAM CRIME: UNCOMPRESSED_RGBA32_STATIC_SUSPECT,,Keep compressed; atlas if grouped with small sibling textures.,STATIC_SOURCE
texture,Assets/MapMagic/Tools/GUI/Editor/Resources/DPUI/Loading/MapMagic_Loading_pro09.png,.png,16,16,RGBA,2048,0,-1|-3,,0,2,256,0.000,0.000,3829,0.004,,,,,,,,,,,,,,,,,,,,,,,VRAM CRIME: UNCOMPRESSED_RGBA32_STATIC_SUSPECT,,Keep compressed; atlas if grouped with small sibling textures.,STATIC_SOURCE
texture,Assets/MapMagic/Tools/GUI/Editor/Resources/DPUI/Loading/MapMagic_Loading_pro10.png,.png,16,16,RGBA,2048,0,-1|-3,,0,2,256,0.000,0.000,3829,0.004,,,,,,,,,,,,,,,,,,,,,,,VRAM CRIME: UNCOMPRESSED_RGBA32_STATIC_SUSPECT,,Keep compressed; atlas if grouped with small sibling textures.,STATIC_SOURCE
texture,Assets/MapMagic/Tools/GUI/Editor/Resources/DPUI/Loading/MapMagic_Loading_pro11.png,.png,16,16,RGBA,2048,0,-1|-3,,0,2,256,0.000,0.000,3829,0.004,,,,,,,,,,,,,,,,,,,,,,,VRAM CRIME: UNCOMPRESSED_RGBA32_STATIC_SUSPECT,,Keep compressed; atlas if grouped with small sibling textures.,STATIC_SOURCE
texture,Assets/MapMagic/Tools/GUI/Editor/Resources/DPUI/Loading/MapMagic_Loading_pro12.png,.png,16,16,RGBA,2048,0,-1|-3,,0,2,256,0.000,0.000,3829,0.004,,,,,,,,,,,,,,,,,,,,,,,VRAM CRIME: UNCOMPRESSED_RGBA32_STATIC_SUSPECT,,Keep compressed; atlas if grouped with small sibling textures.,STATIC_SOURCE
texture,Assets/MapMagic/Tools/GUI/Editor/Resources/DPUI/Node/Field.png,.png,64,44,RGBA,2048,0,-1|1,,0,2,2816,0.003,0.004,31198,0.030,,,,,,,,,,,,,,,,,,,,,,,VRAM CRIME: UNCOMPRESSED_RGBA32_STATIC_SUSPECT,,Keep compressed; atlas if grouped with small sibling textures.,STATIC_SOURCE
texture,Assets/MapMagic/Tools/GUI/Editor/Resources/DPUI/Node/Header.png,.png,64,20,RGBA,2048,0,-1|1,0,0,2,1280,0.001,0.002,25030,0.024,,,,,,,,,,,,,,,,,,,,,,,VRAM CRIME: UNCOMPRESSED_RGBA32_STATIC_SUSPECT,,Keep compressed; atlas if grouped with small sibling textures.,STATIC_SOURCE
texture,Assets/MapMagic/Tools/GUI/Editor/Resources/DPUI/Node/Shadow.png,.png,128,128,RGBA,2048,0,-1|1,,0,2,16384,0.016,0.021,22956,0.022,,,,,,,,,,,,,,,,,,,,,,,VRAM CRIME: UNCOMPRESSED_RGBA32_STATIC_SUSPECT,,Keep compressed; atlas if grouped with small sibling textures.,STATIC_SOURCE
texture,Assets/MapMagic/Tools/GUI/Editor/Resources/DPUI/PolyLineTex.tif,.tif,1,8,TIFF,2048,0,-1|1,0,0,2,8,0.000,0.000,23952,0.023,,,,,,,,,,,,,,,,,,,,,,,TIFF_SOURCE_CONTAINER_STATIC_SUSPECT,,Verify production import compression; convert to standard compressed source if kept in runtime payload.,STATIC_SOURCE
texture,Assets/MapMagic/Tools/GUI/Editor/Resources/DPUI/Popup/Background.png,.png,4,4,RGB,2048,0,-1|1,,0,2,16,0.000,0.000,15014,0.014,,,,,,,,,,,,,,,,,,,,,,,,,Keep compressed; atlas if grouped with small sibling textures.,STATIC_SOURCE
texture,Assets/MapMagic/Tools/GUI/Editor/Resources/DPUI/Popup/Selection.png,.png,4,4,RGB,2048,0,-1|1,,0,2,16,0.000,0.000,15470,0.015,,,,,,,,,,,,,,,,,,,,,,,,,Keep compressed; atlas if grouped with small sibling textures.,STATIC_SOURCE
texture,Assets/MapMagic/Tools/GUI/Editor/Resources/DPUI/Popup/Separator.png,.png,1,1,RGB,2048,0,-1|1,,0,2,1,0.000,0.000,15427,0.015,,,,,,,,,,,,,,,,,,,,,,,,,Keep compressed; atlas if grouped with small sibling textures.,STATIC_SOURCE
texture,Assets/MapMagic/Tools/GUI/Editor/Resources/DPUI/ProgressBar/Background.png,.png,4,20,RGBA,2048,0,-1|1,0,0,2,80,0.000,0.000,17136,0.016,,,,,,,,,,,,,,,,,,,,,,,VRAM CRIME: UNCOMPRESSED_RGBA32_STATIC_SUSPECT,,Keep compressed; atlas if grouped with small sibling textures.,STATIC_SOURCE
texture,Assets/MapMagic/Tools/GUI/Editor/Resources/DPUI/ProgressBar/Background_pro.png,.png,4,20,RGBA,2048,1,-1|1,0,0,0,80,0.000,0.000,17136,0.016,,,,,,,,,,,,,,,,,,,,,,,,,Keep compressed; atlas if grouped with small sibling textures.,STATIC_SOURCE
texture,Assets/MapMagic/Tools/GUI/Editor/Resources/DPUI/ProgressBar/BackgroundBorderless.png,.png,2,18,RGBA,2048,1,-1|1,0,0,0,36,0.000,0.000,16958,0.016,,,,,,,,,,,,,,,,,,,,,,,,,Keep compressed; atlas if grouped with small sibling textures.,STATIC_SOURCE
texture,Assets/MapMagic/Tools/GUI/Editor/Resources/DPUI/ProgressBar/BackgroundBorderless_pro.png,.png,2,18,RGBA,2048,1,-1|1,0,0,0,36,0.000,0.000,16958,0.016,,,,,,,,,,,,,,,,,,,,,,,,,Keep compressed; atlas if grouped with small sibling textures.,STATIC_SOURCE
texture,Assets/MapMagic/Tools/GUI/Editor/Resources/DPUI/ProgressBar/Fill.png,.png,128,20,RGBA,2048,0,-1|1,0,0,2,2560,0.002,0.003,27500,0.026,,,,,,,,,,,,,,,,,,,,,,,VRAM CRIME: UNCOMPRESSED_RGBA32_STATIC_SUSPECT,,Keep compressed; atlas if grouped with small sibling textures.,STATIC_SOURCE
texture,Assets/MapMagic/Tools/GUI/Editor/Resources/DPUI/ProgressBar/FillFull.png,.png,128,12,RGBA,2048,0,-1|1,0,0,2,1536,0.001,0.002,22954,0.022,,,,,,,,,,,,,,,,,,,,,,,VRAM CRIME: UNCOMPRESSED_RGBA32_STATIC_SUSPECT,,Keep compressed; atlas if grouped with small sibling textures.,STATIC_SOURCE
texture,Assets/MapMagic/Tools/GUI/Editor/Resources/DPUI/ProgressBar/FillToolbar.png,.png,128,10,RGBA,2048,0,-1|1,0,0,2,1280,0.001,0.002,22370,0.021,,,,,,,,,,,,,,,,,,,,,,,VRAM CRIME: UNCOMPRESSED_RGBA32_STATIC_SUSPECT,,Keep compressed; atlas if grouped with small sibling textures.,STATIC_SOURCE
texture,Assets/MapMagic/Tools/GUI/Editor/Resources/DPUI/Sockets/Matrix.png,.png,16,16,RGBA,2048,0,-1|-3,,0,2,256,0.000,0.000,20806,0.020,,,,,,,,,,,,,,,,,,,,,,,VRAM CRIME: UNCOMPRESSED_RGBA32_STATIC_SUSPECT,,Keep compressed; atlas if grouped with small sibling textures.,STATIC_SOURCE
texture,Assets/MapMagic/Tools/GUI/Editor/Resources/DPUI/Sockets/Matrix_pro.png,.png,18,18,RGBA,2048,0,-1|-3,,0,2,324,0.000,0.000,18865,0.018,,,,,,,,,,,,,,,,,,,,,,,VRAM CRIME: UNCOMPRESSED_RGBA32_STATIC_SUSPECT,,Keep compressed; atlas if grouped with small sibling textures.,STATIC_SOURCE
texture,Assets/MapMagic/Tools/GUI/Editor/Resources/DPUI/Sockets/Res.png,.png,20,12,RGBA,2048,0,-1|-3,,0,2,240,0.000,0.000,3761,0.004,,,,,,,,,,,,,,,,,,,,,,,VRAM CRIME: UNCOMPRESSED_RGBA32_STATIC_SUSPECT,,Keep compressed; atlas if grouped with small sibling textures.,STATIC_SOURCE
texture,Assets/MapMagic/Tools/GUI/Editor/Resources/DPUI/Sockets/Scatter.png,.png,16,16,RGBA,2048,0,-1|-3,,0,2,256,0.000,0.000,20806,0.020,,,,,,,,,,,,,,,,,,,,,,,VRAM CRIME: UNCOMPRESSED_RGBA32_STATIC_SUSPECT,,Keep compressed; atlas if grouped with small sibling textures.,STATIC_SOURCE
texture,Assets/MapMagic/Tools/GUI/Editor/Resources/DPUI/Sockets/Scatter_pro.png,.png,18,18,RGBA,2048,0,-1|-3,,0,2,324,0.000,0.000,18912,0.018,,,,,,,,,,,,,,,,,,,,,,,VRAM CRIME: UNCOMPRESSED_RGBA32_STATIC_SUSPECT,,Keep compressed; atlas if grouped with small sibling textures.,STATIC_SOURCE
texture,Assets/MapMagic/Tools/GUI/Editor/Resources/DPUI/Sockets/Spline.png,.png,18,18,RGBA,2048,0,-1|-3,,0,2,324,0.000,0.000,4103,0.004,,,,,,,,,,,,,,,,,,,,,,,VRAM CRIME: UNCOMPRESSED_RGBA32_STATIC_SUSPECT,,Keep compressed; atlas if grouped with small sibling textures.,STATIC_SOURCE
texture,Assets/MapMagic/Tools/GUI/Editor/Resources/DPUI/Sockets/Unknown.png,.png,18,18,RGBA,2048,0,-1|1,,0,2,324,0.000,0.000,19964,0.019,,,,,,,,,,,,,,,,,,,,,,,VRAM CRIME: UNCOMPRESSED_RGBA32_STATIC_SUSPECT,,Keep compressed; atlas if grouped with small sibling textures.,STATIC_SOURCE
texture,Assets/MapMagic/Tools/GUI/Editor/Resources/DPUI/SplineTex.png,.png,1,8,RGBA,2048,0,-1|-3,,0,2,8,0.000,0.000,18163,0.017,,,,,,,,,,,,,,,,,,,,,,,VRAM CRIME: UNCOMPRESSED_RGBA32_STATIC_SUSPECT,,Keep compressed; atlas if grouped with small sibling textures.,STATIC_SOURCE
texture,Assets/MapMagic/Tools/GUI/Editor/Resources/DPUI/TexCh/Alpha.png,.png,12,12,RGBA,2048,0,-1|1,,0,2,144,0.000,0.000,17596,0.017,,,,,,,,,,,,,,,,,,,,,,,VRAM CRIME: UNCOMPRESSED_RGBA32_STATIC_SUSPECT,,Keep compressed; atlas if grouped with small sibling textures.,STATIC_SOURCE
texture,Assets/MapMagic/Tools/GUI/Editor/Resources/DPUI/TexCh/BlackWhite.png,.png,12,12,RGBA,2048,0,-1|1,,1,2,144,0.000,0.000,17664,0.017,,,,,,,,,,,,,,,,,,,,,,,VRAM CRIME: UNCOMPRESSED_RGBA32_STATIC_SUSPECT,,Keep compressed; atlas if grouped with small sibling textures.,STATIC_SOURCE
texture,Assets/MapMagic/Tools/GUI/Editor/Resources/DPUI/TexCh/Blue.png,.png,12,12,RGBA,2048,0,-1|1,,0,2,144,0.000,0.000,17596,0.017,,,,,,,,,,,,,,,,,,,,,,,VRAM CRIME: UNCOMPRESSED_RGBA32_STATIC_SUSPECT,,Keep compressed; atlas if grouped with small sibling textures.,STATIC_SOURCE
texture,Assets/MapMagic/Tools/GUI/Editor/Resources/DPUI/TexCh/Color.png,.png,12,12,RGBA,2048,0,-1|1,,0,2,144,0.000,0.000,17140,0.016,,,,,,,,,,,,,,,,,,,,,,,VRAM CRIME: UNCOMPRESSED_RGBA32_STATIC_SUSPECT,,Keep compressed; atlas if grouped with small sibling textures.,STATIC_SOURCE
texture,Assets/MapMagic/Tools/GUI/Editor/Resources/DPUI/TexCh/Colorize.png,.png,12,12,RGBA,2048,0,-1|1,,1,2,144,0.000,0.000,17596,0.017,,,,,,,,,,,,,,,,,,,,,,,VRAM CRIME: UNCOMPRESSED_RGBA32_STATIC_SUSPECT,,Keep compressed; atlas if grouped with small sibling textures.,STATIC_SOURCE
texture,Assets/MapMagic/Tools/GUI/Editor/Resources/DPUI/TexCh/ColRelief.png,.png,12,12,RGBA,2048,0,-1|1,0,0,2,144,0.000,0.000,18129,0.017,,,,,,,,,,,,,,,,,,,,,,,VRAM CRIME: UNCOMPRESSED_RGBA32_STATIC_SUSPECT,,Keep compressed; atlas if grouped with small sibling textures.,STATIC_SOURCE
texture,Assets/MapMagic/Tools/GUI/Editor/Resources/DPUI/TexCh/Flat.png,.png,12,12,RGBA,2048,0,-1|1,,1,2,144,0.000,0.000,17596,0.017,,,,,,,,,,,,,,,,,,,,,,,VRAM CRIME: UNCOMPRESSED_RGBA32_STATIC_SUSPECT,,Keep compressed; atlas if grouped with small sibling textures.,STATIC_SOURCE
texture,Assets/MapMagic/Tools/GUI/Editor/Resources/DPUI/TexCh/Green.png,.png,12,12,RGBA,2048,0,-1|1,,0,2,144,0.000,0.000,17596,0.017,,,,,,,,,,,,,,,,,,,,,,,VRAM CRIME: UNCOMPRESSED_RGBA32_STATIC_SUSPECT,,Keep compressed; atlas if grouped with small sibling textures.,STATIC_SOURCE
texture,Assets/MapMagic/Tools/GUI/Editor/Resources/DPUI/TexCh/Heightmap.png,.png,12,12,RGBA,2048,0,-1|1,0,0,2,144,0.000,0.000,3650,0.003,,,,,,,,,,,,,,,,,,,,,,,VRAM CRIME: UNCOMPRESSED_RGBA32_STATIC_SUSPECT,,Keep compressed; atlas if grouped with small sibling textures.,STATIC_SOURCE
texture,Assets/MapMagic/Tools/GUI/Editor/Resources/DPUI/TexCh/Linear.png,.png,12,12,RGBA,2048,0,-1|1,,0,2,144,0.000,0.000,17140,0.016,,,,,,,,,,,,,,,,,,,,,,,VRAM CRIME: UNCOMPRESSED_RGBA32_STATIC_SUSPECT,,Keep compressed; atlas if grouped with small sibling textures.,STATIC_SOURCE
texture,Assets/MapMagic/Tools/GUI/Editor/Resources/DPUI/TexCh/Margins.png,.png,12,12,RGBA,2048,0,-1|1,,0,2,144,0.000,0.000,17687,0.017,,,,,,,,,,,,,,,,,,,,,,,VRAM CRIME: UNCOMPRESSED_RGBA32_STATIC_SUSPECT,,Keep compressed; atlas if grouped with small sibling textures.,STATIC_SOURCE
texture,Assets/MapMagic/Tools/GUI/Editor/Resources/DPUI/TexCh/MarginsOff.png,.png,12,12,RGBA,2048,0,-1|1,,0,2,144,0.000,0.000,17687,0.017,,,,,,,,,,,,,,,,,,,,,,,VRAM CRIME: UNCOMPRESSED_RGBA32_STATIC_SUSPECT,,Keep compressed; atlas if grouped with small sibling textures.,STATIC_SOURCE
texture,Assets/MapMagic/Tools/GUI/Editor/Resources/DPUI/TexCh/Normal.png,.png,12,12,RGBA,2048,0,-1|1,,0,2,144,0.000,0.000,17582,0.017,,,,,,,,,,,,,,,,,,,,,,,VRAM CRIME: UNCOMPRESSED_RGBA32_STATIC_SUSPECT,,Use BC5 normal import; Low tier cap 1024 unless hero close-read asset.,STATIC_SOURCE
texture,Assets/MapMagic/Tools/GUI/Editor/Resources/DPUI/TexCh/NormalBlue.png,.png,12,12,RGBA,2048,0,-1|1,,0,2,144,0.000,0.000,17582,0.017,,,,,,,,,,,,,,,,,,,,,,,VRAM CRIME: UNCOMPRESSED_RGBA32_STATIC_SUSPECT,,Use BC5 normal import; Low tier cap 1024 unless hero close-read asset.,STATIC_SOURCE
texture,Assets/MapMagic/Tools/GUI/Editor/Resources/DPUI/TexCh/NormalGreen.png,.png,12,12,RGBA,2048,0,-1|1,,0,2,144,0.000,0.000,17582,0.017,,,,,,,,,,,,,,,,,,,,,,,VRAM CRIME: UNCOMPRESSED_RGBA32_STATIC_SUSPECT,,Use BC5 normal import; Low tier cap 1024 unless hero close-read asset.,STATIC_SOURCE
texture,Assets/MapMagic/Tools/GUI/Editor/Resources/DPUI/TexCh/NormalRed.png,.png,12,12,RGBA,2048,0,-1|1,,0,2,144,0.000,0.000,17582,0.017,,,,,,,,,,,,,,,,,,,,,,,VRAM CRIME: UNCOMPRESSED_RGBA32_STATIC_SUSPECT,,Use BC5 normal import; Low tier cap 1024 unless hero close-read asset.,STATIC_SOURCE
texture,Assets/MapMagic/Tools/GUI/Editor/Resources/DPUI/TexCh/Red.png,.png,12,12,RGBA,2048,0,-1|1,,0,2,144,0.000,0.000,17596,0.017,,,,,,,,,,,,,,,,,,,,,,,VRAM CRIME: UNCOMPRESSED_RGBA32_STATIC_SUSPECT,,Keep compressed; atlas if grouped with small sibling textures.,STATIC_SOURCE
texture,Assets/MapMagic/Tools/GUI/Editor/Resources/DPUI/TexCh/Relief.png,.png,12,12,RGBA,2048,0,-1|1,,1,2,144,0.000,0.000,17596,0.017,,,,,,,,,,,,,,,,,,,,,,,VRAM CRIME: UNCOMPRESSED_RGBA32_STATIC_SUSPECT,,Keep compressed; atlas if grouped with small sibling textures.,STATIC_SOURCE
texture,Assets/MapMagic/Tools/GUI/Editor/Resources/DPUI/TexCh/RGB.png,.png,12,12,RGBA,2048,0,-1|1,,0,2,144,0.000,0.000,17596,0.017,,,,,,,,,,,,,,,,,,,,,,,VRAM CRIME: UNCOMPRESSED_RGBA32_STATIC_SUSPECT,,Keep compressed; atlas if grouped with small sibling textures.,STATIC_SOURCE
texture,Assets/MapMagic/Tools/GUI/Editor/Resources/DPUI/TexCh/Save.png,.png,12,12,RGBA,2048,0,-1|1,,0,2,144,0.000,0.000,17596,0.017,,,,,,,,,,,,,,,,,,,,,,,VRAM CRIME: UNCOMPRESSED_RGBA32_STATIC_SUSPECT,,Keep compressed; atlas if grouped with small sibling textures.,STATIC_SOURCE
texture,Assets/MapMagic/Tools/GUI/Editor/Resources/DPUI/TexCh/Window.png,.png,12,12,RGBA,2048,0,-1|1,,1,2,144,0.000,0.000,17596,0.017,,,,,,,,,,,,,,,,,,,,,,,VRAM CRIME: UNCOMPRESSED_RGBA32_STATIC_SUSPECT,,Keep compressed; atlas if grouped with small sibling textures.,STATIC_SOURCE
texture,Assets/MapMagic/Tools/GUI/Editor/Resources/DPUI/Toggle/Checked.png,.png,14,14,RGBA,2048,0,-1|1,0,0,2,196,0.000,0.000,16068,0.015,,,,,,,,,,,,,,,,,,,,,,,VRAM CRIME: UNCOMPRESSED_RGBA32_STATIC_SUSPECT,,Keep compressed; atlas if grouped with small sibling textures.,STATIC_SOURCE
texture,Assets/MapMagic/Tools/GUI/Editor/Resources/DPUI/Toggle/CheckedActive.png,.png,14,14,RGBA,2048,0,-1|1,0,0,2,196,0.000,0.000,17445,0.017,,,,,,,,,,,,,,,,,,,,,,,VRAM CRIME: UNCOMPRESSED_RGBA32_STATIC_SUSPECT,,Keep compressed; atlas if grouped with small sibling textures.,STATIC_SOURCE
texture,Assets/MapMagic/Tools/GUI/Editor/Resources/DPUI/Toggle/CheckedDisabled.png,.png,14,14,RGBA,2048,0,-1|1,0,0,2,196,0.000,0.000,17445,0.017,,,,,,,,,,,,,,,,,,,,,,,VRAM CRIME: UNCOMPRESSED_RGBA32_STATIC_SUSPECT,,Keep compressed; atlas if grouped with small sibling textures.,STATIC_SOURCE
texture,Assets/MapMagic/Tools/GUI/Editor/Resources/DPUI/Toggle/pro/Checked.png,.png,14,14,RGBA,2048,0,-1|1,0,0,2,196,0.000,0.000,16041,0.015,,,,,,,,,,,,,,,,,,,,,,,VRAM CRIME: UNCOMPRESSED_RGBA32_STATIC_SUSPECT,,Keep compressed; atlas if grouped with small sibling textures.,STATIC_SOURCE
texture,Assets/MapMagic/Tools/GUI/Editor/Resources/DPUI/Toggle/pro/CheckedActive.png,.png,14,14,RGBA,2048,0,-1|1,0,0,2,196,0.000,0.000,17321,0.017,,,,,,,,,,,,,,,,,,,,,,,VRAM CRIME: UNCOMPRESSED_RGBA32_STATIC_SUSPECT,,Keep compressed; atlas if grouped with small sibling textures.,STATIC_SOURCE
texture,Assets/MapMagic/Tools/GUI/Editor/Resources/DPUI/Toggle/pro/CheckedDisabled.png,.png,14,14,RGBA,2048,0,-1|1,0,0,2,196,0.000,0.000,17358,0.017,,,,,,,,,,,,,,,,,,,,,,,VRAM CRIME: UNCOMPRESSED_RGBA32_STATIC_SUSPECT,,Keep compressed; atlas if grouped with small sibling textures.,STATIC_SOURCE
texture,Assets/MapMagic/Tools/GUI/Editor/Resources/DPUI/Toggle/pro/Unchecked.png,.png,14,14,RGBA,2048,0,-1|1,0,0,2,196,0.000,0.000,15752,0.015,,,,,,,,,,,,,,,,,,,,,,,VRAM CRIME: UNCOMPRESSED_RGBA32_STATIC_SUSPECT,,Keep compressed; atlas if grouped with small sibling textures.,STATIC_SOURCE
texture,Assets/MapMagic/Tools/GUI/Editor/Resources/DPUI/Toggle/pro/UncheckedActive.png,.png,14,14,RGBA,2048,0,-1|1,0,0,2,196,0.000,0.000,17120,0.016,,,,,,,,,,,,,,,,,,,,,,,VRAM CRIME: UNCOMPRESSED_RGBA32_STATIC_SUSPECT,,Keep compressed; atlas if grouped with small sibling textures.,STATIC_SOURCE
texture,Assets/MapMagic/Tools/GUI/Editor/Resources/DPUI/Toggle/pro/UncheckedDisabled.png,.png,14,14,RGBA,2048,0,-1|1,0,0,2,196,0.000,0.000,17130,0.016,,,,,,,,,,,,,,,,,,,,,,,VRAM CRIME: UNCOMPRESSED_RGBA32_STATIC_SUSPECT,,Keep compressed; atlas if grouped with small sibling textures.,STATIC_SOURCE
texture,Assets/MapMagic/Tools/GUI/Editor/Resources/DPUI/Toggle/Unchecked.png,.png,14,14,RGBA,2048,0,-1|1,0,0,2,196,0.000,0.000,16068,0.015,,,,,,,,,,,,,,,,,,,,,,,VRAM CRIME: UNCOMPRESSED_RGBA32_STATIC_SUSPECT,,Keep compressed; atlas if grouped with small sibling textures.,STATIC_SOURCE
texture,Assets/MapMagic/Tools/GUI/Editor/Resources/DPUI/Toggle/UncheckedActive.png,.png,14,14,RGBA,2048,0,-1|1,0,0,2,196,0.000,0.000,17445,0.017,,,,,,,,,,,,,,,,,,,,,,,VRAM CRIME: UNCOMPRESSED_RGBA32_STATIC_SUSPECT,,Keep compressed; atlas if grouped with small sibling textures.,STATIC_SOURCE
texture,Assets/MapMagic/Tools/GUI/Editor/Resources/DPUI/Toggle/UncheckedDisabled.png,.png,14,14,RGBA,2048,0,-1|1,0,0,2,196,0.000,0.000,17445,0.017,,,,,,,,,,,,,,,,,,,,,,,VRAM CRIME: UNCOMPRESSED_RGBA32_STATIC_SUSPECT,,Keep compressed; atlas if grouped with small sibling textures.,STATIC_SOURCE
texture,Assets/MapMagic/Tools/GUI/Editor/Resources/DPUI/White.png,.png,1,1,RGBA,2048,0,-1|1,0,1,2,1,0.000,0.000,18133,0.017,,,,,,,,,,,,,,,,,,,,,,,VRAM CRIME: UNCOMPRESSED_RGBA32_STATIC_SUSPECT,,Keep compressed; atlas if grouped with small sibling textures.,STATIC_SOURCE
texture,Assets/Plugins/Sirenix/Odin Inspector/Assets/Editor/SdfIconAtlas.png,.png,3072,3072,LA,16384|2048,0|1,-1|1,0,0,10,9437184,9.000,12.000,1834055,1.749,,,,,,,,,,,,,,,,,,,,,,,VRAM CRIME: TEXTURE_GT_2048;VRAM CRIME: IMPORT_MAX_GT_2048;VRAM CRIME: UNCOMPRESSED_RGBA32_STATIC_SUSPECT;STREAMING_MIPMAPS_OFF_LARGE,,Low tier should halve source/import max; keep high mips only with hero or streaming proof.,STATIC_SOURCE
texture,Assets/ScifiFacility/Textures/Base_02_dirt_roughness.png,.png,4096,4096,RGBA,2048|4096,1,-1|1|12,0,0,0,16777216,16.000,21.333,73087193,69.701,,,,,,,,,,,,,,,,,,,,,,,VRAM CRIME: TEXTURE_GT_2048;VRAM CRIME: IMPORT_MAX_GT_2048;STREAMING_MIPMAPS_OFF_LARGE,,Channel-pack masks into one RGBA texture; avoid separate AO/spec maps.,STATIC_SOURCE
texture,Assets/ScifiFacility/Textures/Base_03_dirt_roughness.png,.png,2048,2048,RGBA,2048,1,-1|1|12,0,0,0,4194304,4.000,5.333,24377210,23.248,,,,,,,,,,,,,,,,,,,,,,,STREAMING_MIPMAPS_OFF_LARGE,,Channel-pack masks into one RGBA texture; avoid separate AO/spec maps.,STATIC_SOURCE
texture,Assets/ScifiFacility/Textures/Base_03_normal.png,.png,2048,2048,RGBA,2048,1,-1|1|12,0,0,1,4194304,4.000,5.333,27999574,26.702,,,,,,,,,,,,,,,,,,,,,,,STREAMING_MIPMAPS_OFF_LARGE,,Use BC5 normal import; Low tier cap 1024 unless hero close-read asset.,STATIC_SOURCE
texture,Assets/ScifiFacility/Textures/Base_04_dirt_roughness.png,.png,2048,2048,RGBA,2048,1,-1|1|12,0,0,0,4194304,4.000,5.333,24490355,23.356,,,,,,,,,,,,,,,,,,,,,,,STREAMING_MIPMAPS_OFF_LARGE,,Channel-pack masks into one RGBA texture; avoid separate AO/spec maps.,STATIC_SOURCE
texture,Assets/ScifiFacility/Textures/Base_04_normal.png,.png,2048,2048,RGBA,2048,1,-1|1|12,0,0,1,4194304,4.000,5.333,21422409,20.430,,,,,,,,,,,,,,,,,,,,,,,STREAMING_MIPMAPS_OFF_LARGE,,Use BC5 normal import; Low tier cap 1024 unless hero close-read asset.,STATIC_SOURCE
texture,Assets/ScifiFacility/Textures/Base_05_dirt_roughness.png,.png,2048,2048,RGBA,2048,1,-1|1|12,0,0,0,4194304,4.000,5.333,24490400,23.356,,,,,,,,,,,,,,,,,,,,,,,STREAMING_MIPMAPS_OFF_LARGE,,Channel-pack masks into one RGBA texture; avoid separate AO/spec maps.,STATIC_SOURCE
texture,Assets/ScifiFacility/Textures/Base_05_normal.png,.png,2048,2048,RGBA,2048,1,-1|1|12,0,0,1,4194304,4.000,5.333,21261545,20.277,,,,,,,,,,,,,,,,,,,,,,,STREAMING_MIPMAPS_OFF_LARGE,,Use BC5 normal import; Low tier cap 1024 unless hero close-read asset.,STATIC_SOURCE
texture,Assets/ScifiFacility/Textures/Base_dirt_roughness.png,.png,4096,4096,RGBA,2048|4096,1,-1|1|12,0,0,0,16777216,16.000,21.333,73478616,70.075,,,,,,,,,,,,,,,,,,,,,,,VRAM CRIME: TEXTURE_GT_2048;VRAM CRIME: IMPORT_MAX_GT_2048;STREAMING_MIPMAPS_OFF_LARGE,,Channel-pack masks into one RGBA texture; avoid separate AO/spec maps.,STATIC_SOURCE
texture,Assets/ScifiFacility/Textures/Base_normal.png,.png,4096,4096,RGB,2048|4096,1,-1|1|12,0,0,1,16777216,16.000,21.333,8297686,7.913,,,,,,,,,,,,,,,,,,,,,,,VRAM CRIME: TEXTURE_GT_2048;VRAM CRIME: IMPORT_MAX_GT_2048;STREAMING_MIPMAPS_OFF_LARGE,,Use BC5 normal import; Low tier cap 1024 unless hero close-read asset.,STATIC_SOURCE
texture,Assets/ScifiFacility/Textures/BrushedMetal_dirt_roughness.png,.png,4096,4096,RGBA,2048|4096,1,-1|1|12,0,0,0,16777216,16.000,21.333,63869519,60.911,,,,,,,,,,,,,,,,,,,,,,,VRAM CRIME: TEXTURE_GT_2048;VRAM CRIME: IMPORT_MAX_GT_2048;STREAMING_MIPMAPS_OFF_LARGE,,Channel-pack masks into one RGBA texture; avoid separate AO/spec maps.,STATIC_SOURCE
texture,Assets/ScifiFacility/Textures/BrushedMetal_normal.png,.png,2048,2048,RGBA,2048,1,-1|1,0,0,1,4194304,4.000,5.333,6588602,6.283,,,,,,,,,,,,,,,,,,,,,,,STREAMING_MIPMAPS_OFF_LARGE,,Use BC5 normal import; Low tier cap 1024 unless hero close-read asset.,STATIC_SOURCE
texture,Assets/ScifiFacility/Textures/ControlPanel_basecolor.png,.png,2048,2048,RGBA,2048,1,-1|1,0,0,0,4194304,4.000,5.333,7349613,7.009,,,,,,,,,,,,,,,,,,,,,,,STREAMING_MIPMAPS_OFF_LARGE,,Low tier should halve source/import max; keep high mips only with hero or streaming proof.,STATIC_SOURCE
texture,Assets/ScifiFacility/Textures/ControlPanel_emissive.png,.png,2048,2048,RGBA,2048,1,-1|1,0,0,0,4194304,4.000,5.333,38043,0.036,,,,,,,,,,,,,,,,,,,,,,,STREAMING_MIPMAPS_OFF_LARGE,,Low tier should halve source/import max; keep high mips only with hero or streaming proof.,STATIC_SOURCE
texture,Assets/ScifiFacility/Textures/ControlPanel_metallic.png,.png,2048,2048,L,2048,1,-1|1,0,0,0,4194304,4.000,5.333,16499,0.016,,,,,,,,,,,,,,,,,,,,,,,STREAMING_MIPMAPS_OFF_LARGE,,Channel-pack masks into one RGBA texture; avoid separate AO/spec maps.,STATIC_SOURCE
texture,Assets/ScifiFacility/Textures/ControlPanel_normal.png,.png,2048,2048,RGB,2048,1,-1|1,0,0,1,4194304,4.000,5.333,4735918,4.517,,,,,,,,,,,,,,,,,,,,,,,STREAMING_MIPMAPS_OFF_LARGE,,Use BC5 normal import; Low tier cap 1024 unless hero close-read asset.,STATIC_SOURCE
texture,Assets/ScifiFacility/Textures/Detail_03_basecolor.png,.png,2048,2048,RGBA,2048,1,-1|1,0,0,0,4194304,4.000,5.333,4110807,3.920,,,,,,,,,,,,,,,,,,,,,,,STREAMING_MIPMAPS_OFF_LARGE,,Low tier should halve source/import max; keep high mips only with hero or streaming proof.,STATIC_SOURCE
texture,Assets/ScifiFacility/Textures/Detail_03_metallic.png,.png,2048,2048,RGBA,2048,1,-1|1,0,0,0,4194304,4.000,5.333,113476,0.108,,,,,,,,,,,,,,,,,,,,,,,STREAMING_MIPMAPS_OFF_LARGE,,Channel-pack masks into one RGBA texture; avoid separate AO/spec maps.,STATIC_SOURCE
texture,Assets/ScifiFacility/Textures/Detail_03_normal.png,.png,2048,2048,RGBA,2048,1,-1|1|4,0,0,1,4194304,4.000,5.333,14030098,13.380,,,,,,,,,,,,,,,,,,,,,,,VRAM CRIME: RGBA32_TEXTURE_FORMAT_STATIC_SUSPECT;STREAMING_MIPMAPS_OFF_LARGE,,Use BC5 normal import; Low tier cap 1024 unless hero close-read asset.,STATIC_SOURCE
texture,Assets/ScifiFacility/Textures/Detail_03_occlusion.png,.png,2048,2048,RGBA,2048,1,-1|1,0,0,0,4194304,4.000,5.333,11085877,10.572,,,,,,,,,,,,,,,,,,,,,,,STREAMING_MIPMAPS_OFF_LARGE,,Low tier should halve source/import max; keep high mips only with hero or streaming proof.,STATIC_SOURCE
texture,Assets/ScifiFacility/Textures/Detail_04_basecolor.png,.png,2048,2048,RGBA,2048,1,-1|1,0,0,0,4194304,4.000,5.333,6336619,6.043,,,,,,,,,,,,,,,,,,,,,,,STREAMING_MIPMAPS_OFF_LARGE,,Low tier should halve source/import max; keep high mips only with hero or streaming proof.,STATIC_SOURCE
texture,Assets/ScifiFacility/Textures/Detail_04_metallic.png,.png,2048,2048,RGBA,2048,1,-1|1,0,0,0,4194304,4.000,5.333,5550953,5.294,,,,,,,,,,,,,,,,,,,,,,,STREAMING_MIPMAPS_OFF_LARGE,,Channel-pack masks into one RGBA texture; avoid separate AO/spec maps.,STATIC_SOURCE
texture,Assets/ScifiFacility/Textures/Detail_04_normal.png,.png,2048,2048,RGBA,2048,1,-1|1,0,0,1,4194304,4.000,5.333,17575976,16.762,,,,,,,,,,,,,,,,,,,,,,,STREAMING_MIPMAPS_OFF_LARGE,,Use BC5 normal import; Low tier cap 1024 unless hero close-read asset.,STATIC_SOURCE
texture,Assets/ScifiFacility/Textures/Detail_04_occlusion.png,.png,2048,2048,RGBA,2048,1,-1|1,0,0,0,4194304,4.000,5.333,10054731,9.589,,,,,,,,,,,,,,,,,,,,,,,STREAMING_MIPMAPS_OFF_LARGE,,Low tier should halve source/import max; keep high mips only with hero or streaming proof.,STATIC_SOURCE
texture,Assets/ScifiFacility/Textures/Detail_05_basecolor.png,.png,2048,2048,RGBA,2048,1,-1|1,0,0,0,4194304,4.000,5.333,5948981,5.673,,,,,,,,,,,,,,,,,,,,,,,STREAMING_MIPMAPS_OFF_LARGE,,Low tier should halve source/import max; keep high mips only with hero or streaming proof.,STATIC_SOURCE
texture,Assets/ScifiFacility/Textures/Detail_05_metallic.png,.png,2048,2048,RGBA,1024|2048,1,-1|1,0,0,0,4194304,4.000,5.333,4249035,4.052,,,,,,,,,,,,,,,,,,,,,,,STREAMING_MIPMAPS_OFF_LARGE,,Channel-pack masks into one RGBA texture; avoid separate AO/spec maps.,STATIC_SOURCE
texture,Assets/ScifiFacility/Textures/Detail_05_normal.png,.png,2048,2048,RGB,2048,1,-1|1,0,0,1,4194304,4.000,5.333,2293637,2.187,,,,,,,,,,,,,,,,,,,,,,,STREAMING_MIPMAPS_OFF_LARGE,,Use BC5 normal import; Low tier cap 1024 unless hero close-read asset.,STATIC_SOURCE
texture,Assets/ScifiFacility/Textures/Detail_05_occlusion.png,.png,2048,2048,L,2048,1,-1|1,0,0,0,4194304,4.000,5.333,5286592,5.042,,,,,,,,,,,,,,,,,,,,,,,STREAMING_MIPMAPS_OFF_LARGE,,Low tier should halve source/import max; keep high mips only with hero or streaming proof.,STATIC_SOURCE
texture,Assets/ScifiFacility/Textures/Details_01_basecolor.tga,.tga,2048,2048,RGB,2048,1,-1|1,0,0,0,4194304,4.000,5.333,12582956,12.000,,,,,,,,,,,,,,,,,,,,,,,TGA_SOURCE_CONTAINER_STATIC_SUSPECT;STREAMING_MIPMAPS_OFF_LARGE,,Verify production import compression; convert to standard compressed source if kept in runtime payload.,STATIC_SOURCE
texture,Assets/ScifiFacility/Textures/Details_01_metallic.tga,.tga,2048,2048,RGBA,2048,1,-1|1,0,0,0,4194304,4.000,5.333,16777260,16.000,,,,,,,,,,,,,,,,,,,,,,,TGA_SOURCE_CONTAINER_STATIC_SUSPECT;STREAMING_MIPMAPS_OFF_LARGE,,Verify production import compression; convert to standard compressed source if kept in runtime payload.,STATIC_SOURCE
texture,Assets/ScifiFacility/Textures/Details_01_normal.tga,.tga,2048,2048,RGB,2048,1,-1|1,0,0,1,4194304,4.000,5.333,12582956,12.000,,,,,,,,,,,,,,,,,,,,,,,TGA_SOURCE_CONTAINER_STATIC_SUSPECT;STREAMING_MIPMAPS_OFF_LARGE,,Verify production import compression; convert to standard compressed source if kept in runtime payload.,STATIC_SOURCE
texture,Assets/ScifiFacility/Textures/Details_01_occlusion.tga,.tga,2048,2048,TGA_8,2048,1,-1|1,0,0,0,4194304,4.000,5.333,4194348,4.000,,,,,,,,,,,,,,,,,,,,,,,TGA_SOURCE_CONTAINER_STATIC_SUSPECT;STREAMING_MIPMAPS_OFF_LARGE,,Verify production import compression; convert to standard compressed source if kept in runtime payload.,STATIC_SOURCE
texture,Assets/ScifiFacility/Textures/DetailSheet_mask.png,.png,4096,4096,RGB,2048|4096,1,-1|1|12,0,0,0,16777216,16.000,21.333,8868920,8.458,,,,,,,,,,,,,,,,,,,,,,,VRAM CRIME: TEXTURE_GT_2048;VRAM CRIME: IMPORT_MAX_GT_2048;STREAMING_MIPMAPS_OFF_LARGE,,Channel-pack masks into one RGBA texture; avoid separate AO/spec maps.,STATIC_SOURCE
texture,Assets/ScifiFacility/Textures/DetailSheet_normal.png,.png,4096,4096,RGBA,2048|4096,1,-1|1|12,0,0,1,16777216,16.000,21.333,21529425,20.532,,,,,,,,,,,,,,,,,,,,,,,VRAM CRIME: TEXTURE_GT_2048;VRAM CRIME: IMPORT_MAX_GT_2048;STREAMING_MIPMAPS_OFF_LARGE,,Use BC5 normal import; Low tier cap 1024 unless hero close-read asset.,STATIC_SOURCE
texture,Assets/ScifiFacility/Textures/Fabric_02_basecolor.png,.png,2048,2048,RGBA,1024|2048,1,-1|1,0,0,0,4194304,4.000,5.333,6209307,5.922,,,,,,,,,,,,,,,,,,,,,,,STREAMING_MIPMAPS_OFF_LARGE,,Low tier should halve source/import max; keep high mips only with hero or streaming proof.,STATIC_SOURCE
texture,Assets/ScifiFacility/Textures/Fabric_02_metallic.png,.png,2048,2048,RGBA,1024|2048,1,-1|1,0,0,0,4194304,4.000,5.333,63394,0.060,,,,,,,,,,,,,,,,,,,,,,,STREAMING_MIPMAPS_OFF_LARGE,,Channel-pack masks into one RGBA texture; avoid separate AO/spec maps.,STATIC_SOURCE
texture,Assets/ScifiFacility/Textures/Fabric_02_normal.png,.png,2048,2048,RGBA,2048,1,-1|1,0,0,1,4194304,4.000,5.333,624007,0.595,,,,,,,,,,,,,,,,,,,,,,,STREAMING_MIPMAPS_OFF_LARGE,,Use BC5 normal import; Low tier cap 1024 unless hero close-read asset.,STATIC_SOURCE
texture,Assets/ScifiFacility/Textures/Fabric_02_normal_coat.png,.png,2048,2048,RGBA,2048,1,-1|1,0,0,1,4194304,4.000,5.333,3482734,3.321,,,,,,,,,,,,,,,,,,,,,,,STREAMING_MIPMAPS_OFF_LARGE,,Use BC5 normal import; Low tier cap 1024 unless hero close-read asset.,STATIC_SOURCE
texture,Assets/ScifiFacility/Textures/Fabric_basecolor.png,.png,2048,2048,RGBA,1024|2048,1,-1|1,0,0,0,4194304,4.000,5.333,6750403,6.438,,,,,,,,,,,,,,,,,,,,,,,STREAMING_MIPMAPS_OFF_LARGE,,Low tier should halve source/import max; keep high mips only with hero or streaming proof.,STATIC_SOURCE
texture,Assets/ScifiFacility/Textures/Fabric_basecolor_dirt_only.png,.png,2048,2048,RGBA,1024|2048,1,-1|1,0,0,0,4194304,4.000,5.333,20045037,19.116,,,,,,,,,,,,,,,,,,,,,,,STREAMING_MIPMAPS_OFF_LARGE,,Low tier should halve source/import max; keep high mips only with hero or streaming proof.,STATIC_SOURCE
texture,Assets/ScifiFacility/Textures/Fabric_basecolor_dirty.png,.png,2048,2048,RGBA,1024|2048,1,-1|1,0,0,0,4194304,4.000,5.333,6939423,6.618,,,,,,,,,,,,,,,,,,,,,,,STREAMING_MIPMAPS_OFF_LARGE,,Low tier should halve source/import max; keep high mips only with hero or streaming proof.,STATIC_SOURCE
texture,Assets/ScifiFacility/Textures/Fabric_normal.png,.png,2048,2048,RGB,2048,1,-1|1,0,0,1,4194304,4.000,5.333,10654628,10.161,,,,,,,,,,,,,,,,,,,,,,,STREAMING_MIPMAPS_OFF_LARGE,,Use BC5 normal import; Low tier cap 1024 unless hero close-read asset.,STATIC_SOURCE
texture,Assets/ScifiFacility/Textures/Fluid_basecolor.png,.png,2048,2048,RGBA,1024|2048,1,-1|1,0,0,0,4194304,4.000,5.333,1497311,1.428,,,,,,,,,,,,,,,,,,,,,,,STREAMING_MIPMAPS_OFF_LARGE,,Low tier should halve source/import max; keep high mips only with hero or streaming proof.,STATIC_SOURCE
texture,Assets/ScifiFacility/Textures/Fluid_normal.png,.png,2048,2048,RGBA,2048,1,-1|1,0,0,1,4194304,4.000,5.333,7037019,6.711,,,,,,,,,,,,,,,,,,,,,,,STREAMING_MIPMAPS_OFF_LARGE,,Use BC5 normal import; Low tier cap 1024 unless hero close-read asset.,STATIC_SOURCE
texture,Assets/ScifiFacility/Textures/hull_basecolor.png,.png,2048,2048,RGBA,1024|2048,1,-1|1,0,0,0,4194304,4.000,5.333,6430698,6.133,,,,,,,,,,,,,,,,,,,,,,,STREAMING_MIPMAPS_OFF_LARGE,,Low tier should halve source/import max; keep high mips only with hero or streaming proof.,STATIC_SOURCE
texture,Assets/ScifiFacility/Textures/hull_emission.png,.png,2048,2048,RGB,2048,1,-1|1,0,0,0,4194304,4.000,5.333,87488,0.083,,,,,,,,,,,,,,,,,,,,,,,STREAMING_MIPMAPS_OFF_LARGE,,Low tier should halve source/import max; keep high mips only with hero or streaming proof.,STATIC_SOURCE
texture,Assets/ScifiFacility/Textures/hull_normal.png,.png,2048,2048,RGB,2048,1,-1|1,0,0,1,4194304,4.000,5.333,5140832,4.903,,,,,,,,,,,,,,,,,,,,,,,STREAMING_MIPMAPS_OFF_LARGE,,Use BC5 normal import; Low tier cap 1024 unless hero close-read asset.,STATIC_SOURCE
texture,Assets/ScifiFacility/Textures/Keyboard_basecolor.png,.png,1024,1024,RGBA,2048,1,-1|1,0,0,0,1048576,1.000,1.333,1778968,1.697,,,,,,,,,,,,,,,,,,,,,,,,,Keep compressed; atlas if grouped with small sibling textures.,STATIC_SOURCE
texture,Assets/ScifiFacility/Textures/Labels_basecolor.tga,.tga,2048,2048,RGBA,2048,1,-1|1,0,0,0,4194304,4.000,5.333,16777260,16.000,,,,,,,,,,,,,,,,,,,,,,,TGA_SOURCE_CONTAINER_STATIC_SUSPECT;STREAMING_MIPMAPS_OFF_LARGE,,Verify production import compression; convert to standard compressed source if kept in runtime payload.,STATIC_SOURCE
texture,Assets/ScifiFacility/Textures/Labels_mask.tga,.tga,2048,2048,RGBA,2048,1,-1|1,0,0,0,4194304,4.000,5.333,16777260,16.000,,,,,,,,,,,,,,,,,,,,,,,TGA_SOURCE_CONTAINER_STATIC_SUSPECT;STREAMING_MIPMAPS_OFF_LARGE,,Verify production import compression; convert to standard compressed source if kept in runtime payload.,STATIC_SOURCE
texture,Assets/ScifiFacility/Textures/lightCookie_basecolor.png,.png,512,512,RGB,2048,1,-1|1,0,0,4,262144,0.250,0.333,449105,0.428,,,,,,,,,,,,,,,,,,,,,,,,,Keep compressed; atlas if grouped with small sibling textures.,STATIC_SOURCE
texture,Assets/ScifiFacility/Textures/Lights_basecolor.png,.png,2048,2048,RGBA,2048,1,-1|1,0,0,0,4194304,4.000,5.333,5004691,4.773,,,,,,,,,,,,,,,,,,,,,,,STREAMING_MIPMAPS_OFF_LARGE,,Low tier should halve source/import max; keep high mips only with hero or streaming proof.,STATIC_SOURCE
texture,Assets/ScifiFacility/Textures/Lights_emissive.png,.png,2048,2048,RGB,2048,1,-1|1,0,0,0,4194304,4.000,5.333,322914,0.308,,,,,,,,,,,,,,,,,,,,,,,STREAMING_MIPMAPS_OFF_LARGE,,Low tier should halve source/import max; keep high mips only with hero or streaming proof.,STATIC_SOURCE
texture,Assets/ScifiFacility/Textures/Lights_emissive.tga,.tga,2048,2048,RGB,2048,1,-1|1,0,0,0,4194304,4.000,5.333,12582956,12.000,,,,,,,,,,,,,,,,,,,,,,,TGA_SOURCE_CONTAINER_STATIC_SUSPECT;STREAMING_MIPMAPS_OFF_LARGE,,Verify production import compression; convert to standard compressed source if kept in runtime payload.,STATIC_SOURCE
texture,Assets/ScifiFacility/Textures/Lights_metallic.png,.png,2048,2048,L,2048,1,-1|1,0,0,0,4194304,4.000,5.333,288871,0.275,,,,,,,,,,,,,,,,,,,,,,,STREAMING_MIPMAPS_OFF_LARGE,,Channel-pack masks into one RGBA texture; avoid separate AO/spec maps.,STATIC_SOURCE
texture,Assets/ScifiFacility/Textures/Lights_normal.png,.png,2048,2048,RGB,2048,1,-1|1,0,0,1,4194304,4.000,5.333,1970650,1.879,,,,,,,,,,,,,,,,,,,,,,,STREAMING_MIPMAPS_OFF_LARGE,,Use BC5 normal import; Low tier cap 1024 unless hero close-read asset.,STATIC_SOURCE
texture,Assets/ScifiFacility/Textures/Machinery_basecolor.png,.png,512,512,RGBA,2048,1,-1|1,0,0,0,262144,0.250,0.333,420089,0.401,,,,,,,,,,,,,,,,,,,,,,,,,Keep compressed; atlas if grouped with small sibling textures.,STATIC_SOURCE
texture,Assets/ScifiFacility/Textures/Machinery_metallic.png,.png,2048,2048,RGBA,2048,1,-1|1,0,0,0,4194304,4.000,5.333,12589798,12.007,,,,,,,,,,,,,,,,,,,,,,,STREAMING_MIPMAPS_OFF_LARGE,,Channel-pack masks into one RGBA texture; avoid separate AO/spec maps.,STATIC_SOURCE
texture,Assets/ScifiFacility/Textures/Machinery_normal.png,.png,512,512,RGB,2048,1,-1|1,0,0,1,262144,0.250,0.333,153274,0.146,,,,,,,,,,,,,,,,,,,,,,,,,Use BC5 normal import; Low tier cap 1024 unless hero close-read asset.,STATIC_SOURCE
texture,Assets/ScifiFacility/Textures/plane_2x2_DefaultMaterial_Normal.png,.png,4096,4096,RGB,2048|4096,1,-1|1|12,0,0,1,16777216,16.000,21.333,11665539,11.125,,,,,,,,,,,,,,,,,,,,,,,VRAM CRIME: TEXTURE_GT_2048;VRAM CRIME: IMPORT_MAX_GT_2048;STREAMING_MIPMAPS_OFF_LARGE,,Use BC5 normal import; Low tier cap 1024 unless hero close-read asset.,STATIC_SOURCE
texture,Assets/ScifiFacility/Textures/plants_basecolor.png,.png,2048,2048,RGBA,2048,1,-1|1,0,0,0,4194304,4.000,5.333,15032312,14.336,,,,,,,,,,,,,,,,,,,,,,,STREAMING_MIPMAPS_OFF_LARGE,,Low tier should halve source/import max; keep high mips only with hero or streaming proof.,STATIC_SOURCE
texture,Assets/ScifiFacility/Textures/plants_normal.png,.png,2048,2048,RGB,2048,1,-1|1,0,0,1,4194304,4.000,5.333,4231233,4.035,,,,,,,,,,,,,,,,,,,,,,,STREAMING_MIPMAPS_OFF_LARGE,,Use BC5 normal import; Low tier cap 1024 unless hero close-read asset.,STATIC_SOURCE
texture,Assets/ScifiFacility/Textures/screens.png,.png,2048,2048,RGB,2048,1,-1|1,0,0,0,4194304,4.000,5.333,853274,0.814,,,,,,,,,,,,,,,,,,,,,,,STREAMING_MIPMAPS_OFF_LARGE,,Low tier should halve source/import max; keep high mips only with hero or streaming proof.,STATIC_SOURCE
texture,Assets/ScifiFacility/Textures/sky_hdr.hdr,.hdr,2048,1024,HDR,2048,1,-1|1,,0,0,2097152,2.000,2.667,170913,0.163,,,,,,,,,,,,,,,,,,,,,,,HDR_TEXTURE_CONTAINER_STATIC_SUSPECT,,Verify HDR import format/probe or skybox residency; keep only tier-gated or baked proof for MX350.,STATIC_SOURCE
texture,Assets/ScifiFacility/Textures/sphere_basecolor.png,.png,4096,2048,RGB,2048|4096,1,-1|1,0,0,0,8388608,8.000,10.667,10680783,10.186,,,,,,,,,,,,,,,,,,,,,,,VRAM CRIME: TEXTURE_GT_2048;VRAM CRIME: IMPORT_MAX_GT_2048;STREAMING_MIPMAPS_OFF_LARGE,,Low tier should halve source/import max; keep high mips only with hero or streaming proof.,STATIC_SOURCE
texture,Assets/ScifiFacility/Textures/Stripes_basecolor.png,.png,2048,2048,RGBA,2048,1,-1|1,0,0,0,4194304,4.000,5.333,13570155,12.942,,,,,,,,,,,,,,,,,,,,,,,STREAMING_MIPMAPS_OFF_LARGE,,Low tier should halve source/import max; keep high mips only with hero or streaming proof.,STATIC_SOURCE
texture,Assets/ScifiFacility/Textures/Text_01.psd,.psd,1024,1024,PSD_4CH,1024|2048,1,-1|1,0,0,0,1048576,1.000,1.333,682291,0.651,,,,,,,,,,,,,,,,,,,,,,,PSD_SOURCE_CONTAINER_STATIC_SUSPECT,,Flatten/export production texture and import compressed; keep PSD source out of runtime payload.,STATIC_SOURCE
texture,Assets/ScifiFacility/Textures/Text_02.png,.png,1024,1024,RGBA,2048,1,-1|1,0,0,0,1048576,1.000,1.333,23034,0.022,,,,,,,,,,,,,,,,,,,,,,,,,Keep compressed; atlas if grouped with small sibling textures.,STATIC_SOURCE
texture,Assets/ScifiFacility/Textures/Text_03.png,.png,2048,2048,RGBA,1024|2048,1,-1|1,0,0,0,4194304,4.000,5.333,1139586,1.087,,,,,,,,,,,,,,,,,,,,,,,STREAMING_MIPMAPS_OFF_LARGE,,Low tier should halve source/import max; keep high mips only with hero or streaming proof.,STATIC_SOURCE
texture,Assets/ScifiFacility/Textures/Transparent_basecolor.png,.png,4096,4096,RGBA,2048|4096,1,-1|1|12,0,0,0,16777216,16.000,21.333,12027742,11.471,,,,,,,,,,,,,,,,,,,,,,,VRAM CRIME: TEXTURE_GT_2048;VRAM CRIME: IMPORT_MAX_GT_2048;STREAMING_MIPMAPS_OFF_LARGE,,Low tier should halve source/import max; keep high mips only with hero or streaming proof.,STATIC_SOURCE
texture,Assets/ScifiFacility/Textures/Transparent_normal.png,.png,4096,4096,RGB,2048|4096,1,-1|1|12,0,0,1,16777216,16.000,21.333,827961,0.790,,,,,,,,,,,,,,,,,,,,,,,VRAM CRIME: TEXTURE_GT_2048;VRAM CRIME: IMPORT_MAX_GT_2048;STREAMING_MIPMAPS_OFF_LARGE,,Use BC5 normal import; Low tier cap 1024 unless hero close-read asset.,STATIC_SOURCE
texture,Assets/ScifiFacility/Textures/Tubes_basecolor.png,.png,2048,2048,RGBA,2048,1,-1|1,0,0,0,4194304,4.000,5.333,4757597,4.537,,,,,,,,,,,,,,,,,,,,,,,STREAMING_MIPMAPS_OFF_LARGE,,Low tier should halve source/import max; keep high mips only with hero or streaming proof.,STATIC_SOURCE
texture,Assets/ScifiFacility/Textures/Tubes_metallic.png,.png,2048,2048,RGBA,2048,1,-1|1,0,0,0,4194304,4.000,5.333,1088111,1.038,,,,,,,,,,,,,,,,,,,,,,,STREAMING_MIPMAPS_OFF_LARGE,,Channel-pack masks into one RGBA texture; avoid separate AO/spec maps.,STATIC_SOURCE
texture,Assets/ScifiFacility/Textures/Tubes_normal.png,.png,2048,2048,RGBA,2048,1,-1|1,0,0,1,4194304,4.000,5.333,18155170,17.314,,,,,,,,,,,,,,,,,,,,,,,STREAMING_MIPMAPS_OFF_LARGE,,Use BC5 normal import; Low tier cap 1024 unless hero close-read asset.,STATIC_SOURCE
texture,Assets/ScifiFacility/Textures/Tubes_occlusion.png,.png,2048,2048,RGBA,2048,1,-1|1,0,0,0,4194304,4.000,5.333,12568594,11.986,,,,,,,,,,,,,,,,,,,,,,,STREAMING_MIPMAPS_OFF_LARGE,,Low tier should halve source/import max; keep high mips only with hero or streaming proof.,STATIC_SOURCE
texture,Assets/ScifiFacility/Textures/WetGlass_basecolor.png,.png,2048,2048,RGBA,2048,1,-1|1,0,0,0,4194304,4.000,5.333,11803232,11.256,,,,,,,,,,,,,,,,,,,,,,,STREAMING_MIPMAPS_OFF_LARGE,,Low tier should halve source/import max; keep high mips only with hero or streaming proof.,STATIC_SOURCE
texture,Assets/ScifiFacility/Textures/WetGlass_normal.png,.png,2048,2048,RGBA,2048,1,-1|1,0,0,1,4194304,4.000,5.333,21167882,20.187,,,,,,,,,,,,,,,,,,,,,,,STREAMING_MIPMAPS_OFF_LARGE,,Use BC5 normal import; Low tier cap 1024 unless hero close-read asset.,STATIC_SOURCE
texture,Assets/Screenshots/h8_runtime_gameview-1.png,.png,1008,567,RGBA,2048,1,-1|1,0,0,0,571536,0.545,0.727,11338,0.011,,,,,,,,,,,,,,,,,,,,,,,,,Keep compressed; atlas if grouped with small sibling textures.,STATIC_SOURCE
texture,Assets/Screenshots/h8_runtime_gameview-2.png,.png,1008,567,RGBA,2048,1,-1|1,0,0,0,571536,0.545,0.727,11338,0.011,,,,,,,,,,,,,,,,,,,,,,,,,Keep compressed; atlas if grouped with small sibling textures.,STATIC_SOURCE
texture,Assets/Screenshots/h8_runtime_gameview-3.png,.png,1008,567,RGBA,2048,1,-1|1,0,0,0,571536,0.545,0.727,35589,0.034,,,,,,,,,,,,,,,,,,,,,,,,,Keep compressed; atlas if grouped with small sibling textures.,STATIC_SOURCE
texture,Assets/Screenshots/h8_runtime_gameview.png,.png,1008,567,RGBA,2048,1,-1|1,0,0,0,571536,0.545,0.727,11338,0.011,,,,,,,,,,,,,,,,,,,,,,,,,Keep compressed; atlas if grouped with small sibling textures.,STATIC_SOURCE
texture,Assets/Screenshots/h8_runtime_sceneview-1.png,.png,1008,591,RGBA,2048,1,-1|1,0,0,0,595728,0.568,0.758,96132,0.092,,,,,,,,,,,,,,,,,,,,,,,,,Keep compressed; atlas if grouped with small sibling textures.,STATIC_SOURCE
texture,Assets/Screenshots/h8_runtime_sceneview.png,.png,1008,591,RGBA,2048,1,-1|1,0,0,0,595728,0.568,0.758,96733,0.092,,,,,,,,,,,,,,,,,,,,,,,,,Keep compressed; atlas if grouped with small sibling textures.,STATIC_SOURCE
texture,Assets/Shapes/Textures/disc-type-arc.png,.png,16,16,RGBA,2048,0,-1|1,0,0,2,256,0.000,0.000,516,0.000,,,,,,,,,,,,,,,,,,,,,,,VRAM CRIME: UNCOMPRESSED_RGBA32_STATIC_SUSPECT,,Keep compressed; atlas if grouped with small sibling textures.,STATIC_SOURCE
texture,Assets/Shapes/Textures/disc-type-hollow.png,.png,16,16,RGBA,2048,0,-1|1,0,0,2,256,0.000,0.000,573,0.001,,,,,,,,,,,,,,,,,,,,,,,VRAM CRIME: UNCOMPRESSED_RGBA32_STATIC_SUSPECT,,Keep compressed; atlas if grouped with small sibling textures.,STATIC_SOURCE
texture,Assets/Shapes/Textures/disc-type-pie.png,.png,16,16,RGBA,2048,0,-1|1,0,0,2,256,0.000,0.000,494,0.000,,,,,,,,,,,,,,,,,,,,,,,VRAM CRIME: UNCOMPRESSED_RGBA32_STATIC_SUSPECT,,Keep compressed; atlas if grouped with small sibling textures.,STATIC_SOURCE
texture,Assets/Shapes/Textures/disc-type-solid.png,.png,16,16,RGBA,2048,0,-1|1,0,0,2,256,0.000,0.000,460,0.000,,,,,,,,,,,,,,,,,,,,,,,VRAM CRIME: UNCOMPRESSED_RGBA32_STATIC_SUSPECT,,Keep compressed; atlas if grouped with small sibling textures.,STATIC_SOURCE
texture,Assets/Shapes/Textures/icon-cone.png,.png,256,256,RGBA,2048,0,-1|1,0,0,2,65536,0.062,0.083,13105,0.012,,,,,,,,,,,,,,,,,,,,,,,VRAM CRIME: UNCOMPRESSED_RGBA32_STATIC_SUSPECT,,Keep compressed; atlas if grouped with small sibling textures.,STATIC_SOURCE
texture,Assets/Shapes/Textures/icon-cuboid.png,.png,256,256,RGBA,2048,0,-1|1,0,0,2,65536,0.062,0.083,7043,0.007,,,,,,,,,,,,,,,,,,,,,,,VRAM CRIME: UNCOMPRESSED_RGBA32_STATIC_SUSPECT,,Keep compressed; atlas if grouped with small sibling textures.,STATIC_SOURCE
texture,Assets/Shapes/Textures/icon-disc.png,.png,256,256,RGBA,2048,0,-1|1,0,0,2,65536,0.062,0.083,12272,0.012,,,,,,,,,,,,,,,,,,,,,,,VRAM CRIME: UNCOMPRESSED_RGBA32_STATIC_SUSPECT,,Keep compressed; atlas if grouped with small sibling textures.,STATIC_SOURCE
texture,Assets/Shapes/Textures/icon-line.png,.png,256,256,RGBA,2048,0,-1|1,0,0,2,65536,0.062,0.083,6136,0.006,,,,,,,,,,,,,,,,,,,,,,,VRAM CRIME: UNCOMPRESSED_RGBA32_STATIC_SUSPECT,,Keep compressed; atlas if grouped with small sibling textures.,STATIC_SOURCE
texture,Assets/Shapes/Textures/icon-polygon.png,.png,256,256,RGBA,2048,0,-1|1,0,0,2,65536,0.062,0.083,7389,0.007,,,,,,,,,,,,,,,,,,,,,,,VRAM CRIME: UNCOMPRESSED_RGBA32_STATIC_SUSPECT,,Keep compressed; atlas if grouped with small sibling textures.,STATIC_SOURCE
texture,Assets/Shapes/Textures/icon-polyline.png,.png,256,256,RGBA,2048,0,-1|1,0,0,2,65536,0.062,0.083,15570,0.015,,,,,,,,,,,,,,,,,,,,,,,VRAM CRIME: UNCOMPRESSED_RGBA32_STATIC_SUSPECT,,Keep compressed; atlas if grouped with small sibling textures.,STATIC_SOURCE
texture,Assets/Shapes/Textures/icon-quad.png,.png,256,256,RGBA,2048,0,-1|1,0,0,2,65536,0.062,0.083,5741,0.005,,,,,,,,,,,,,,,,,,,,,,,VRAM CRIME: UNCOMPRESSED_RGBA32_STATIC_SUSPECT,,Keep compressed; atlas if grouped with small sibling textures.,STATIC_SOURCE
texture,Assets/Shapes/Textures/icon-rectangle.png,.png,256,256,RGBA,2048,0,-1|1,0,0,2,65536,0.062,0.083,4823,0.005,,,,,,,,,,,,,,,,,,,,,,,VRAM CRIME: UNCOMPRESSED_RGBA32_STATIC_SUSPECT,,Keep compressed; atlas if grouped with small sibling textures.,STATIC_SOURCE
texture,Assets/Shapes/Textures/icon-regularpolygon.png,.png,256,256,RGBA,2048,0,-1|1,0,0,2,65536,0.062,0.083,6232,0.006,,,,,,,,,,,,,,,,,,,,,,,VRAM CRIME: UNCOMPRESSED_RGBA32_STATIC_SUSPECT,,Keep compressed; atlas if grouped with small sibling textures.,STATIC_SOURCE
texture,Assets/Shapes/Textures/icon-shapegroup.png,.png,256,256,RGBA,2048,0,-1|1,0,0,2,65536,0.062,0.083,10118,0.010,,,,,,,,,,,,,,,,,,,,,,,VRAM CRIME: UNCOMPRESSED_RGBA32_STATIC_SUSPECT,,Keep compressed; atlas if grouped with small sibling textures.,STATIC_SOURCE
texture,Assets/Shapes/Textures/icon-sphere.png,.png,256,256,RGBA,2048,0,-1|1,0,0,2,65536,0.062,0.083,16164,0.015,,,,,,,,,,,,,,,,,,,,,,,VRAM CRIME: UNCOMPRESSED_RGBA32_STATIC_SUSPECT,,Keep compressed; atlas if grouped with small sibling textures.,STATIC_SOURCE
texture,Assets/Shapes/Textures/icon-torus.png,.png,256,256,RGBA,2048,0,-1|1,0,0,2,65536,0.062,0.083,18798,0.018,,,,,,,,,,,,,,,,,,,,,,,VRAM CRIME: UNCOMPRESSED_RGBA32_STATIC_SUSPECT,,Keep compressed; atlas if grouped with small sibling textures.,STATIC_SOURCE
texture,Assets/Shapes/Textures/icon-triangle.png,.png,256,256,RGBA,2048,0,-1|1,0,0,2,65536,0.062,0.083,5535,0.005,,,,,,,,,,,,,,,,,,,,,,,VRAM CRIME: UNCOMPRESSED_RGBA32_STATIC_SUSPECT,,Keep compressed; atlas if grouped with small sibling textures.,STATIC_SOURCE
texture,Assets/Shapes/Textures/line-cap-none.png,.png,30,15,RGBA,2048,0,-1|1,0,0,2,450,0.000,0.001,221,0.000,,,,,,,,,,,,,,,,,,,,,,,VRAM CRIME: UNCOMPRESSED_RGBA32_STATIC_SUSPECT,,Keep compressed; atlas if grouped with small sibling textures.,STATIC_SOURCE
texture,Assets/Shapes/Textures/line-cap-round.png,.png,30,15,RGBA,2048,0,-1|1,0,0,2,450,0.000,0.001,447,0.000,,,,,,,,,,,,,,,,,,,,,,,VRAM CRIME: UNCOMPRESSED_RGBA32_STATIC_SUSPECT,,Keep compressed; atlas if grouped with small sibling textures.,STATIC_SOURCE
texture,Assets/Shapes/Textures/line-cap-square.png,.png,30,15,RGBA,2048,0,-1|1,0,0,2,450,0.000,0.001,187,0.000,,,,,,,,,,,,,,,,,,,,,,,VRAM CRIME: UNCOMPRESSED_RGBA32_STATIC_SUSPECT,,Keep compressed; atlas if grouped with small sibling textures.,STATIC_SOURCE
texture,Assets/Shapes/Textures/line-dash-angled.png,.png,32,12,RGBA,2048,0|1,-1|1,0,0,2,384,0.000,0.000,165,0.000,,,,,,,,,,,,,,,,,,,,,,,VRAM CRIME: UNCOMPRESSED_RGBA32_STATIC_SUSPECT,,Keep compressed; atlas if grouped with small sibling textures.,STATIC_SOURCE
texture,Assets/Shapes/Textures/line-dash-basic.png,.png,20,12,RGBA,2048,0|1,-1|1,0,0,2,240,0.000,0.000,106,0.000,,,,,,,,,,,,,,,,,,,,,,,VRAM CRIME: UNCOMPRESSED_RGBA32_STATIC_SUSPECT,,Keep compressed; atlas if grouped with small sibling textures.,STATIC_SOURCE
texture,Assets/Shapes/Textures/line-dash-chevron.png,.png,32,12,RGBA,2048,0|1,-1|1,0,0,2,384,0.000,0.000,1052,0.001,,,,,,,,,,,,,,,,,,,,,,,VRAM CRIME: UNCOMPRESSED_RGBA32_STATIC_SUSPECT,,Keep compressed; atlas if grouped with small sibling textures.,STATIC_SOURCE
texture,Assets/Shapes/Textures/line-dash-rounded.png,.png,20,12,RGBA,2048,0|1,-1|1,0,0,2,240,0.000,0.000,268,0.000,,,,,,,,,,,,,,,,,,,,,,,VRAM CRIME: UNCOMPRESSED_RGBA32_STATIC_SUSPECT,,Keep compressed; atlas if grouped with small sibling textures.,STATIC_SOURCE
texture,Assets/Shapes/Textures/point-edit-add.png,.png,64,64,RGBA,2048,0,-1|1,0,0,2,4096,0.004,0.005,2563,0.002,,,,,,,,,,,,,,,,,,,,,,,VRAM CRIME: UNCOMPRESSED_RGBA32_STATIC_SUSPECT,,Keep compressed; atlas if grouped with small sibling textures.,STATIC_SOURCE
texture,Assets/Shapes/Textures/point-edit-color.png,.png,64,64,RGBA,2048,0,-1|1,0,0,2,4096,0.004,0.005,2027,0.002,,,,,,,,,,,,,,,,,,,,,,,VRAM CRIME: UNCOMPRESSED_RGBA32_STATIC_SUSPECT,,Keep compressed; atlas if grouped with small sibling textures.,STATIC_SOURCE
texture,Assets/Shapes/Textures/point-edit-remove.png,.png,64,64,RGBA,2048,0,-1|1,0,0,2,4096,0.004,0.005,2635,0.003,,,,,,,,,,,,,,,,,,,,,,,VRAM CRIME: UNCOMPRESSED_RGBA32_STATIC_SUSPECT,,Keep compressed; atlas if grouped with small sibling textures.,STATIC_SOURCE
texture,Assets/Shapes/Textures/rect-style-hard-hollow.png,.png,16,16,RGBA,2048,0,-1|1,0,0,2,256,0.000,0.000,1103,0.001,,,,,,,,,,,,,,,,,,,,,,,VRAM CRIME: UNCOMPRESSED_RGBA32_STATIC_SUSPECT,,Keep compressed; atlas if grouped with small sibling textures.,STATIC_SOURCE
texture,Assets/Shapes/Textures/rect-style-hard-solid.png,.png,16,16,RGBA,2048,0,-1|1,0,0,2,256,0.000,0.000,1052,0.001,,,,,,,,,,,,,,,,,,,,,,,VRAM CRIME: UNCOMPRESSED_RGBA32_STATIC_SUSPECT,,Keep compressed; atlas if grouped with small sibling textures.,STATIC_SOURCE
texture,Assets/Shapes/Textures/rect-style-rounded-hollow.png,.png,16,16,RGBA,2048,0,-1|1,0,0,2,256,0.000,0.000,1372,0.001,,,,,,,,,,,,,,,,,,,,,,,VRAM CRIME: UNCOMPRESSED_RGBA32_STATIC_SUSPECT,,Keep compressed; atlas if grouped with small sibling textures.,STATIC_SOURCE
texture,Assets/Shapes/Textures/rect-style-rounded-solid.png,.png,16,16,RGBA,2048,0,-1|1,0,0,2,256,0.000,0.000,1324,0.001,,,,,,,,,,,,,,,,,,,,,,,VRAM CRIME: UNCOMPRESSED_RGBA32_STATIC_SUSPECT,,Keep compressed; atlas if grouped with small sibling textures.,STATIC_SOURCE
texture,Assets/Shapes/Textures/regpol-3.png,.png,32,32,RGBA,2048,0,-1|1,0,0,2,1024,0.001,0.001,676,0.001,,,,,,,,,,,,,,,,,,,,,,,VRAM CRIME: UNCOMPRESSED_RGBA32_STATIC_SUSPECT,,Keep compressed; atlas if grouped with small sibling textures.,STATIC_SOURCE
texture,Assets/Shapes/Textures/regpol-4.png,.png,32,32,RGBA,2048,0,-1|1,0,0,2,1024,0.001,0.001,330,0.000,,,,,,,,,,,,,,,,,,,,,,,VRAM CRIME: UNCOMPRESSED_RGBA32_STATIC_SUSPECT,,Keep compressed; atlas if grouped with small sibling textures.,STATIC_SOURCE
texture,Assets/Shapes/Textures/regpol-5.png,.png,32,32,RGBA,2048,0,-1|1,0,0,2,1024,0.001,0.001,771,0.001,,,,,,,,,,,,,,,,,,,,,,,VRAM CRIME: UNCOMPRESSED_RGBA32_STATIC_SUSPECT,,Keep compressed; atlas if grouped with small sibling textures.,STATIC_SOURCE
texture,Assets/Shapes/Textures/regpol-6.png,.png,32,32,RGBA,2048,0,-1|1,0,0,2,1024,0.001,0.001,497,0.000,,,,,,,,,,,,,,,,,,,,,,,VRAM CRIME: UNCOMPRESSED_RGBA32_STATIC_SUSPECT,,Keep compressed; atlas if grouped with small sibling textures.,STATIC_SOURCE
texture,Assets/Shapes/Textures/regpol-8.png,.png,32,32,RGBA,2048,0,-1|1,0,0,2,1024,0.001,0.001,633,0.001,,,,,,,,,,,,,,,,,,,,,,,VRAM CRIME: UNCOMPRESSED_RGBA32_STATIC_SUSPECT,,Keep compressed; atlas if grouped with small sibling textures.,STATIC_SOURCE
texture,Assets/VolumetricLightBeam/Editor/Icons/DynamicOcclusion_button.png,.png,16,16,RGBA,2048,1,-1|1,,0,2,256,0.000,0.000,1570,0.001,,,,,,,,,,,,,,,,,,,,,,,,,Keep compressed; atlas if grouped with small sibling textures.,STATIC_SOURCE
texture,Assets/VolumetricLightBeam/Editor/Icons/DynamicOcclusion_icon.png,.png,256,256,RGBA,2048,1,-1,,0,0,65536,0.062,0.083,10970,0.010,,,,,,,,,,,,,,,,,,,,,,,,,Keep compressed; atlas if grouped with small sibling textures.,STATIC_SOURCE
texture,Assets/VolumetricLightBeam/Editor/Icons/Effect_button.png,.png,16,16,RGBA,2048,1,-1|1,,0,2,256,0.000,0.000,1639,0.002,,,,,,,,,,,,,,,,,,,,,,,,,Keep compressed; atlas if grouped with small sibling textures.,STATIC_SOURCE
texture,Assets/VolumetricLightBeam/Editor/Icons/Effect_icon.png,.png,256,256,RGBA,2048,1,-1|1,,0,0,65536,0.062,0.083,12033,0.011,,,,,,,,,,,,,,,,,,,,,,,,,Keep compressed; atlas if grouped with small sibling textures.,STATIC_SOURCE
texture,Assets/VolumetricLightBeam/Editor/Icons/FromSpotLight_button.png,.png,12,12,RGBA,2048,1,-1|1,,0,2,144,0.000,0.000,1269,0.001,,,,,,,,,,,,,,,,,,,,,,,,,Keep compressed; atlas if grouped with small sibling textures.,STATIC_SOURCE
texture,Assets/VolumetricLightBeam/Editor/Icons/SkewingHandle_icon.png,.png,256,256,RGBA,2048,1,-1|1,,0,0,65536,0.062,0.083,8925,0.009,,,,,,,,,,,,,,,,,,,,,,,,,Keep compressed; atlas if grouped with small sibling textures.,STATIC_SOURCE
texture,Assets/VolumetricLightBeam/Editor/Icons/TrackRealtimeChangesOnLight_button.png,.png,16,16,RGBA,2048,1,-1|1,,0,2,256,0.000,0.000,1508,0.001,,,,,,,,,,,,,,,,,,,,,,,,,Keep compressed; atlas if grouped with small sibling textures.,STATIC_SOURCE
texture,Assets/VolumetricLightBeam/Editor/Icons/TrackRealtimeChangesOnLight_icon.png,.png,256,256,RGBA,2048,1,-1,,0,0,65536,0.062,0.083,10480,0.010,,,,,,,,,,,,,,,,,,,,,,,,,Keep compressed; atlas if grouped with small sibling textures.,STATIC_SOURCE
texture,Assets/VolumetricLightBeam/Editor/Icons/TriggerZone_button.png,.png,16,16,RGBA,2048,1,-1|1,,0,2,256,0.000,0.000,1551,0.001,,,,,,,,,,,,,,,,,,,,,,,,,Keep compressed; atlas if grouped with small sibling textures.,STATIC_SOURCE
texture,Assets/VolumetricLightBeam/Editor/Icons/TriggerZone_icon.png,.png,256,256,RGBA,2048,1,-1,,0,0,65536,0.062,0.083,10872,0.010,,,,,,,,,,,,,,,,,,,,,,,,,Keep compressed; atlas if grouped with small sibling textures.,STATIC_SOURCE
texture,Assets/VolumetricLightBeam/Editor/Icons/VolumetricCookie_button.png,.png,16,16,RGBA,2048,1,-1|1,,0,2,256,0.000,0.000,1582,0.002,,,,,,,,,,,,,,,,,,,,,,,,,Keep compressed; atlas if grouped with small sibling textures.,STATIC_SOURCE
texture,Assets/VolumetricLightBeam/Editor/Icons/VolumetricCookie_icon.png,.png,256,256,RGBA,2048,1,-1|1,,0,0,65536,0.062,0.083,11388,0.011,,,,,,,,,,,,,,,,,,,,,,,,,Keep compressed; atlas if grouped with small sibling textures.,STATIC_SOURCE
texture,Assets/VolumetricLightBeam/Editor/Icons/VolumetricDustParticles_button.png,.png,16,16,RGBA,2048,1,-1|1,,0,2,256,0.000,0.000,1454,0.001,,,,,,,,,,,,,,,,,,,,,,,,,Keep compressed; atlas if grouped with small sibling textures.,STATIC_SOURCE
texture,Assets/VolumetricLightBeam/Editor/Icons/VolumetricDustParticles_icon.png,.png,256,256,RGBA,2048,1,-1,,0,0,65536,0.062,0.083,10117,0.010,,,,,,,,,,,,,,,,,,,,,,,,,Keep compressed; atlas if grouped with small sibling textures.,STATIC_SOURCE
texture,Assets/VolumetricLightBeam/Editor/Icons/VolumetricLightBeam_icon.png,.png,256,256,RGBA,2048,1,-1,,0,0,65536,0.062,0.083,28692,0.027,,,,,,,,,,,,,,,,,,,,,,,,,Keep compressed; atlas if grouped with small sibling textures.,STATIC_SOURCE
texture,Assets/VolumetricLightBeam/Editor/Icons/VolumetricShadow_button.png,.png,16,16,RGBA,2048,1,-1|1,0,0,2,256,0.000,0.000,1570,0.001,,,,,,,,,,,,,,,,,,,,,,,,,Keep compressed; atlas if grouped with small sibling textures.,STATIC_SOURCE
texture,Assets/VolumetricLightBeam/Editor/Icons/VolumetricShadow_icon.png,.png,256,256,RGBA,2048,1,-1,0,0,0,65536,0.062,0.083,10970,0.010,,,,,,,,,,,,,,,,,,,,,,,,,Keep compressed; atlas if grouped with small sibling textures.,STATIC_SOURCE
texture,Assets/VolumetricLightBeam/Resources/DustParticles.psd,.psd,512,512,PSD_4CH,32,,-1,,0,-1,262144,0.250,0.333,240789,0.230,,,,,,,,,,,,,,,,,,,,,,,PSD_SOURCE_CONTAINER_STATIC_SUSPECT,,Flatten/export production texture and import compressed; keep PSD source out of runtime payload.,STATIC_SOURCE
texture,Assets/VolumetricLightBeam/Resources/VLBBlueNoise.png,.png,512,512,L,2048,0,-1|1,0,0,0,262144,0.250,0.333,277916,0.265,,,,,,,,,,,,,,,,,,,,,,,,,Keep compressed; atlas if grouped with small sibling textures.,STATIC_SOURCE
texture,Assets/VolumetricLightBeam/Resources/VLBDitheringNoise.png,.png,8,8,RGBA,2048,0,-1|1,0,0,0,64,0.000,0.000,262,0.000,,,,,,,,,,,,,,,,,,,,,,,VRAM CRIME: UNCOMPRESSED_RGBA32_STATIC_SUSPECT,,Keep compressed; atlas if grouped with small sibling textures.,STATIC_SOURCE
texture,Data/Economy/Submarine_Upgrade_SpeedPower.png,.png,320,180,RGB,,,,,,,57600,0.055,0.073,779,0.001,,,,,,,,,,,,,,,,,,,,,,,MISSING_META_IMPORT_UNKNOWN,,Keep compressed; atlas if grouped with small sibling textures.,STATIC_SOURCE
texture,Data/Environment/Tide_Harmonics.png,.png,1960,700,RGBA,,,,,,,1372000,1.308,1.745,394584,0.376,,,,,,,,,,,,,,,,,,,,,,,MISSING_META_IMPORT_UNKNOWN,,Low tier should halve source/import max; keep high mips only with hero or streaming proof.,STATIC_SOURCE
texture,Data/Physics/Submarine_SpeedPower.png,.png,1200,720,RGB,,,,,,,864000,0.824,1.099,11358,0.011,,,,,,,,,,,,,,,,,,,,,,,MISSING_META_IMPORT_UNKNOWN,,Low tier should halve source/import max; keep high mips only with hero or streaming proof.,STATIC_SOURCE
texture,Data/Precomputed/Atmosphere/atmosphere_sky_gradient_preview.png,.png,256,128,RGB,,,,,,,32768,0.031,0.042,21495,0.020,,,,,,,,,,,,,,,,,,,,,,,MISSING_META_IMPORT_UNKNOWN,,Keep compressed; atlas if grouped with small sibling textures.,STATIC_SOURCE
texture,Data/Textures/AbyssalFlowField_LowTier_RGBA.png,.png,128,128,RGBA,,,,,,,16384,0.016,0.021,26919,0.026,,,,,,,,,,,,,,,,,,,,,,,MISSING_META_IMPORT_UNKNOWN,,Keep compressed; atlas if grouped with small sibling textures.,STATIC_SOURCE
texture,Data/Textures/BlueNoise_RGBA.png,.png,256,256,RGBA,,,,,,,65536,0.062,0.083,262737,0.251,,,,,,,,,,,,,,,,,,,,,,,MISSING_META_IMPORT_UNKNOWN,,Keep compressed; atlas if grouped with small sibling textures.,STATIC_SOURCE
texture,Data/UX/VR_Comfort_Velocity_Opacity.png,.png,960,540,RGBA,,,,,,,518400,0.494,0.659,46574,0.044,,,,,,,,,,,,,,,,,,,,,,,MISSING_META_IMPORT_UNKNOWN,,Keep compressed; atlas if grouped with small sibling textures.,STATIC_SOURCE
texture,Data/Visuals/Biolum_Waveforms.gif,.gif,960,720,GIF,,,,,,,691200,0.659,0.879,777510,0.741,,,,,,,,,,,,,,,,,,,,,,,GIF_SOURCE_CONTAINER_STATIC_SUSPECT;MISSING_META_IMPORT_UNKNOWN,,Convert GIF to explicit sprite sheet/texture or quarantine; prove runtime importer behavior.,STATIC_SOURCE
texture,Data/Visuals/Biolum_Waveforms.png,.png,1800,1200,RGB,,,,,,,2160000,2.060,2.747,76069,0.073,,,,,,,,,,,,,,,,,,,,,,,MISSING_META_IMPORT_UNKNOWN,,Low tier should halve source/import max; keep high mips only with hero or streaming proof.,STATIC_SOURCE
texture,Data/Visuals/Refraction_LUT_DistortionGrid.png,.png,1152,720,RGBA,,,,,,,829440,0.791,1.055,145055,0.138,,,,,,,,,,,,,,,,,,,,,,,MISSING_META_IMPORT_UNKNOWN,,Low tier should halve source/import max; keep high mips only with hero or streaming proof.,STATIC_SOURCE
texture,Data/Visuals/Water_Extinction_GradientPreview.png,.png,1024,512,RGB,,,,,,,524288,0.500,0.667,2676,0.003,,,,,,,,,,,,,,,,,,,,,,,MISSING_META_IMPORT_UNKNOWN,,Keep compressed; atlas if grouped with small sibling textures.,STATIC_SOURCE
texture,Data/Visuals/Water_Extinction_GradientPreview_Overkill.png,.png,512,512,RGBA,,,,,,,262144,0.250,0.333,18505,0.018,,,,,,,,,,,,,,,,,,,,,,,MISSING_META_IMPORT_UNKNOWN,,Keep compressed; atlas if grouped with small sibling textures.,STATIC_SOURCE
texture,Packages/com.jbooth.microsplat.core/Scripts/Editor/Resources/microsplat_module_advanceddetails.png,.png,512,512,RGB,2048,1,-1|1,,0,0,262144,0.250,0.333,544109,0.519,,,,,,,,,,,,,,,,,,,,,,,,,Keep compressed; atlas if grouped with small sibling textures.,STATIC_SOURCE
texture,Packages/com.jbooth.microsplat.core/Scripts/Editor/Resources/microsplat_module_alphahole.png,.png,256,256,RGBA,2048,1,-1|1,,0,0,65536,0.062,0.083,121877,0.116,,,,,,,,,,,,,,,,,,,,,,,,,Keep compressed; atlas if grouped with small sibling textures.,STATIC_SOURCE
texture,Packages/com.jbooth.microsplat.core/Scripts/Editor/Resources/microsplat_module_decals.png,.png,256,256,RGB,2048,1,-1|1,0,0,0,65536,0.062,0.083,134020,0.128,,,,,,,,,,,,,,,,,,,,,,,,,Keep compressed; atlas if grouped with small sibling textures.,STATIC_SOURCE
texture,Packages/com.jbooth.microsplat.core/Scripts/Editor/Resources/microsplat_module_detailresample.png,.png,0,0,UNKNOWN,2048,,-1,,0,-1,0,0.000,0.000,1921963,1.833,,,,,,,,,,,,,,,,,,,,,,,VRAM CRIME: TEXTURE_PARSE_FAILED,,Open in Unity importer or asset tool; dimensions unavailable to static scanner.,STATIC_SOURCE
texture,Packages/com.jbooth.microsplat.core/Scripts/Editor/Resources/microsplat_module_digger.png,.png,256,256,RGB,2048,1,-1|1,,0,0,65536,0.062,0.083,127747,0.122,,,,,,,,,,,,,,,,,,,,,,,,,Keep compressed; atlas if grouped with small sibling textures.,STATIC_SOURCE
texture,Packages/com.jbooth.microsplat.core/Scripts/Editor/Resources/microsplat_module_globaltexture.png,.png,128,128,RGBA,2048,,-1,,0,-1,16384,0.016,0.021,60714,0.058,,,,,,,,,,,,,,,,,,,,,,,,,Keep compressed; atlas if grouped with small sibling textures.,STATIC_SOURCE
texture,Packages/com.jbooth.microsplat.core/Scripts/Editor/Resources/microsplat_module_hdrp.png,.png,280,280,RGBA,2048,1,-1|1,,0,0,78400,0.075,0.100,166183,0.158,,,,,,,,,,,,,,,,,,,,,,,,,Keep compressed; atlas if grouped with small sibling textures.,STATIC_SOURCE
texture,Packages/com.jbooth.microsplat.core/Scripts/Editor/Resources/microsplat_module_lowpoly.png,.png,128,128,RGB,2048,1,-1|1,,0,0,16384,0.016,0.021,30032,0.029,,,,,,,,,,,,,,,,,,,,,,,,,Keep compressed; atlas if grouped with small sibling textures.,STATIC_SOURCE
texture,Packages/com.jbooth.microsplat.core/Scripts/Editor/Resources/microsplat_module_meshworkflow.png,.png,0,0,UNKNOWN,2048,1,-1|1,,0,0,0,0.000,0.000,224100,0.214,,,,,,,,,,,,,,,,,,,,,,,VRAM CRIME: TEXTURE_PARSE_FAILED,,Open in Unity importer or asset tool; dimensions unavailable to static scanner.,STATIC_SOURCE
texture,Packages/com.jbooth.microsplat.core/Scripts/Editor/Resources/microsplat_module_polaris.png,.png,256,256,RGB,2048,1,-1|1,,0,0,65536,0.062,0.083,124734,0.119,,,,,,,,,,,,,,,,,,,,,,,,,Keep compressed; atlas if grouped with small sibling textures.,STATIC_SOURCE
texture,Packages/com.jbooth.microsplat.core/Scripts/Editor/Resources/microsplat_module_proctexture.png,.png,128,128,RGBA,2048,1,-1|1,,0,0,16384,0.016,0.021,57509,0.055,,,,,,,,,,,,,,,,,,,,,,,,,Keep compressed; atlas if grouped with small sibling textures.,STATIC_SOURCE
texture,Packages/com.jbooth.microsplat.core/Scripts/Editor/Resources/microsplat_module_scatter.png,.png,256,256,RGB,2048,1,-1|1,0,0,0,65536,0.062,0.083,120045,0.114,,,,,,,,,,,,,,,,,,,,,,,,,Keep compressed; atlas if grouped with small sibling textures.,STATIC_SOURCE
texture,Packages/com.jbooth.microsplat.core/Scripts/Editor/Resources/microsplat_module_snow.png,.png,128,128,RGBA,2048,,-1,,0,-1,16384,0.016,0.021,44943,0.043,,,,,,,,,,,,,,,,,,,,,,,,,Keep compressed; atlas if grouped with small sibling textures.,STATIC_SOURCE
texture,Packages/com.jbooth.microsplat.core/Scripts/Editor/Resources/microsplat_module_srp_lw.png,.png,128,128,RGBA,2048,1,-1|1,,0,0,16384,0.016,0.021,64552,0.062,,,,,,,,,,,,,,,,,,,,,,,,,Keep compressed; atlas if grouped with small sibling textures.,STATIC_SOURCE
texture,Packages/com.jbooth.microsplat.core/Scripts/Editor/Resources/microsplat_module_streams.png,.png,256,256,RGBA,2048,1,-1|1,,0,0,65536,0.062,0.083,190373,0.182,,,,,,,,,,,,,,,,,,,,,,,,,Keep compressed; atlas if grouped with small sibling textures.,STATIC_SOURCE
texture,Packages/com.jbooth.microsplat.core/Scripts/Editor/Resources/microsplat_module_terrainblending.png,.png,256,256,RGBA,2048,1,-1|1,,0,0,65536,0.062,0.083,172949,0.165,,,,,,,,,,,,,,,,,,,,,,,,,Keep compressed; atlas if grouped with small sibling textures.,STATIC_SOURCE
texture,Packages/com.jbooth.microsplat.core/Scripts/Editor/Resources/microsplat_module_terrainmesh.png,.png,256,256,RGBA,2048,1,-1|1,,0,0,65536,0.062,0.083,113783,0.109,,,,,,,,,,,,,,,,,,,,,,,,,Keep compressed; atlas if grouped with small sibling textures.,STATIC_SOURCE
texture,Packages/com.jbooth.microsplat.core/Scripts/Editor/Resources/microsplat_module_tessellation.png,.png,128,128,RGBA,2048,,-1,,0,-1,16384,0.016,0.021,65683,0.063,,,,,,,,,,,,,,,,,,,,,,,,,Keep compressed; atlas if grouped with small sibling textures.,STATIC_SOURCE
texture,Packages/com.jbooth.microsplat.core/Scripts/Editor/Resources/microsplat_module_textureclusters.png,.png,256,256,RGBA,2048,1,-1|1,,0,0,65536,0.062,0.083,163925,0.156,,,,,,,,,,,,,,,,,,,,,,,,,Keep compressed; atlas if grouped with small sibling textures.,STATIC_SOURCE
texture,Packages/com.jbooth.microsplat.core/Scripts/Editor/Resources/microsplat_module_trax.png,.png,256,256,RGB,2048,1,-1|1,,0,0,65536,0.062,0.083,93884,0.090,,,,,,,,,,,,,,,,,,,,,,,,,Keep compressed; atlas if grouped with small sibling textures.,STATIC_SOURCE
texture,Packages/com.jbooth.microsplat.core/Scripts/Editor/Resources/microsplat_module_triplanaruvs.png,.png,256,256,RGBA,2048,1,-1|1,,0,0,65536,0.062,0.083,166478,0.159,,,,,,,,,,,,,,,,,,,,,,,,,Keep compressed; atlas if grouped with small sibling textures.,STATIC_SOURCE
texture,Packages/com.jbooth.microsplat.core/Scripts/Editor/Resources/microsplat_module_urp.png,.png,256,256,RGB,2048,1,-1|1,,0,0,65536,0.062,0.083,128362,0.122,,,,,,,,,,,,,,,,,,,,,,,,,Keep compressed; atlas if grouped with small sibling textures.,STATIC_SOURCE
texture,Packages/com.jbooth.microsplat.core/Scripts/Editor/Resources/microsplat_module_windglitter.png,.png,256,256,RGBA,2048,1,-1|1,,0,0,65536,0.062,0.083,140900,0.134,,,,,,,,,,,,,,,,,,,,,,,,,Keep compressed; atlas if grouped with small sibling textures.,STATIC_SOURCE
texture,Packages/com.jbooth.microsplat.core/Textures/microsplat_def_perlin4.tga,.tga,1024,1024,RGBA,2048|512,1,-1|1,,0,0,1048576,1.000,1.333,4194348,4.000,,,,,,,,,,,,,,,,,,,,,,,TGA_SOURCE_CONTAINER_STATIC_SUSPECT,,Verify production import compression; convert to standard compressed source if kept in runtime payload.,STATIC_SOURCE
texture,Packages/com.unity.shadergraph/Editor/Resources/GraphView/Nodes/BlackboardFieldExposed.png,.png,10,10,RGBA,2048,0,-1|1,,0,0,100,0.000,0.000,328,0.000,,,,,,,,,,,,,,,,,,,,,,,VRAM CRIME: UNCOMPRESSED_RGBA32_STATIC_SUSPECT,,Keep compressed; atlas if grouped with small sibling textures.,STATIC_SOURCE
texture,Packages/com.unity.shadergraph/Editor/Resources/GraphView/Nodes/BlackboardFieldPillBackground.png,.png,50,50,RGB,2048,0,-1|1,,0,0,2500,0.002,0.003,1773,0.002,,,,,,,,,,,,,,,,,,,,,,,,,Keep compressed; atlas if grouped with small sibling textures.,STATIC_SOURCE
texture,Packages/com.unity.shadergraph/Editor/Resources/GraphView/Nodes/NodeChevronDown.png,.png,12,12,RGBA,2048,0|1,-1|1,,0,0,144,0.000,0.000,206,0.000,,,,,,,,,,,,,,,,,,,,,,,VRAM CRIME: UNCOMPRESSED_RGBA32_STATIC_SUSPECT,,Keep compressed; atlas if grouped with small sibling textures.,STATIC_SOURCE
texture,Packages/com.unity.shadergraph/Editor/Resources/GraphView/Nodes/NodeChevronDown@2x.png,.png,24,24,RGBA,2048,1,-1|1,,0,2,576,0.001,0.001,327,0.000,,,,,,,,,,,,,,,,,,,,,,,,,Keep compressed; atlas if grouped with small sibling textures.,STATIC_SOURCE
texture,Packages/com.unity.shadergraph/Editor/Resources/GraphView/Nodes/NodeChevronLeft.png,.png,12,12,RGBA,2048,1,-1|1,,0,2,144,0.000,0.000,188,0.000,,,,,,,,,,,,,,,,,,,,,,,,,Keep compressed; atlas if grouped with small sibling textures.,STATIC_SOURCE
texture,Packages/com.unity.shadergraph/Editor/Resources/GraphView/Nodes/NodeChevronLeft@2x.png,.png,24,24,RGBA,2048,1,-1|1,,0,2,576,0.001,0.001,286,0.000,,,,,,,,,,,,,,,,,,,,,,,,,Keep compressed; atlas if grouped with small sibling textures.,STATIC_SOURCE
texture,Packages/com.unity.shadergraph/Editor/Resources/GraphView/Nodes/NodeChevronRight.png,.png,12,12,RGBA,2048,1,-1|1,,0,2,144,0.000,0.000,218,0.000,,,,,,,,,,,,,,,,,,,,,,,,,Keep compressed; atlas if grouped with small sibling textures.,STATIC_SOURCE
texture,Packages/com.unity.shadergraph/Editor/Resources/GraphView/Nodes/NodeChevronRight@2x.png,.png,24,24,RGBA,2048,1,-1|1,,0,2,576,0.001,0.001,278,0.000,,,,,,,,,,,,,,,,,,,,,,,,,Keep compressed; atlas if grouped with small sibling textures.,STATIC_SOURCE
texture,Packages/com.unity.shadergraph/Editor/Resources/GraphView/Nodes/NodeChevronUp.png,.png,12,12,RGBA,2048,0|1,-1|1,,0,0,144,0.000,0.000,176,0.000,,,,,,,,,,,,,,,,,,,,,,,VRAM CRIME: UNCOMPRESSED_RGBA32_STATIC_SUSPECT,,Keep compressed; atlas if grouped with small sibling textures.,STATIC_SOURCE
texture,Packages/com.unity.shadergraph/Editor/Resources/GraphView/Nodes/NodeChevronUp@2x.png,.png,24,24,RGBA,2048,1,-1|1,,0,2,576,0.001,0.001,326,0.000,,,,,,,,,,,,,,,,,,,,,,,,,Keep compressed; atlas if grouped with small sibling textures.,STATIC_SOURCE
texture,Packages/com.unity.shadergraph/Editor/Resources/GraphView/Nodes/PreviewCollapse.png,.png,16,16,RGBA,2048,0|1,-1|1,,0,0,256,0.000,0.000,225,0.000,,,,,,,,,,,,,,,,,,,,,,,VRAM CRIME: UNCOMPRESSED_RGBA32_STATIC_SUSPECT,,Keep compressed; atlas if grouped with small sibling textures.,STATIC_SOURCE
texture,Packages/com.unity.shadergraph/Editor/Resources/GraphView/Nodes/PreviewCollapse@2x.png,.png,32,32,RGBA,2048,1,-1|1,,0,2,1024,0.001,0.001,357,0.000,,,,,,,,,,,,,,,,,,,,,,,,,Keep compressed; atlas if grouped with small sibling textures.,STATIC_SOURCE
texture,Packages/com.unity.shadergraph/Editor/Resources/GraphView/Nodes/PreviewExpand.png,.png,16,16,RGBA,2048,1,-1|1,,0,2,256,0.000,0.000,237,0.000,,,,,,,,,,,,,,,,,,,,,,,,,Keep compressed; atlas if grouped with small sibling textures.,STATIC_SOURCE
texture,Packages/com.unity.shadergraph/Editor/Resources/GraphView/Nodes/PreviewExpand@2x.png,.png,32,32,RGBA,2048,1,-1|1,,0,2,1024,0.001,0.001,382,0.000,,,,,,,,,,,,,,,,,,,,,,,,,Keep compressed; atlas if grouped with small sibling textures.,STATIC_SOURCE
texture,Packages/com.unity.shadergraph/Editor/Resources/GraphView/Nodes/UITKShaderPreview-Texture.png,.png,900,600,RGBA,2048,1,-1|1,0,0,8,540000,0.515,0.687,84796,0.081,,,,,,,,,,,,,,,,,,,,,,,,,Keep compressed; atlas if grouped with small sibling textures.,STATIC_SOURCE
texture,Packages/com.unity.shadergraph/Editor/Resources/Icons/blackboard.png,.png,16,16,RGBA,2048,1,-1|1,0,0,2,256,0.000,0.000,2433,0.002,,,,,,,,,,,,,,,,,,,,,,,,,Keep compressed; atlas if grouped with small sibling textures.,STATIC_SOURCE
texture,Packages/com.unity.shadergraph/Editor/Resources/Icons/blackboard@2x.png,.png,32,32,RGBA,2048,1,-1|1,0,0,2,1024,0.001,0.001,943,0.001,,,,,,,,,,,,,,,,,,,,,,,,,Keep compressed; atlas if grouped with small sibling textures.,STATIC_SOURCE
texture,Packages/com.unity.shadergraph/Editor/Resources/Icons/blackboard_dark.png,.png,16,16,RGBA,2048,1,-1|1,0,0,2,256,0.000,0.000,2375,0.002,,,,,,,,,,,,,,,,,,,,,,,,,Keep compressed; atlas if grouped with small sibling textures.,STATIC_SOURCE
texture,Packages/com.unity.shadergraph/Editor/Resources/Icons/blackboard_dark@2x.png,.png,32,32,RGBA,2048,1,-1|1,0,0,2,1024,0.001,0.001,928,0.001,,,,,,,,,,,,,,,,,,,,,,,,,Keep compressed; atlas if grouped with small sibling textures.,STATIC_SOURCE
texture,Packages/com.unity.shadergraph/Editor/Resources/Icons/settings_button.png,.png,32,32,RGBA,2048,1,-1|1,,0,2,1024,0.001,0.001,809,0.001,,,,,,,,,,,,,,,,,,,,,,,,,Keep compressed; atlas if grouped with small sibling textures.,STATIC_SOURCE
texture,Packages/com.unity.shadergraph/Editor/Resources/Icons/Settings_Flyout_9slice.png,.png,102,108,RGBA,2048,1,-1|1,,0,2,11016,0.011,0.014,1920,0.002,,,,,,,,,,,,,,,,,,,,,,,,,Keep compressed; atlas if grouped with small sibling textures.,STATIC_SOURCE
texture,Packages/com.unity.shadergraph/Editor/Resources/Icons/Settings_Flyout_9slice@2x.png,.png,204,216,RGBA,2048,1,-1|1,,0,2,44064,0.042,0.056,4978,0.005,,,,,,,,,,,,,,,,,,,,,,,,,Keep compressed; atlas if grouped with small sibling textures.,STATIC_SOURCE
texture,Packages/com.unity.shadergraph/Editor/Resources/Icons/settingsbutton.png,.png,16,16,RGBA,2048,1,-1|1,,0,2,256,0.000,0.000,397,0.000,,,,,,,,,,,,,,,,,,,,,,,,,Keep compressed; atlas if grouped with small sibling textures.,STATIC_SOURCE
texture,Packages/com.unity.shadergraph/Editor/Resources/Icons/SettingsIcons.png,.png,12,12,RGBA,2048,1,-1|1,,0,2,144,0.000,0.000,407,0.000,,,,,,,,,,,,,,,,,,,,,,,,,Keep compressed; atlas if grouped with small sibling textures.,STATIC_SOURCE
texture,Packages/com.unity.shadergraph/Editor/Resources/Icons/SettingsIcons@2x.png,.png,24,24,RGBA,2048,1,-1|1,,0,2,576,0.001,0.001,868,0.001,,,,,,,,,,,,,,,,,,,,,,,,,Keep compressed; atlas if grouped with small sibling textures.,STATIC_SOURCE
texture,Packages/com.unity.shadergraph/Editor/Resources/Icons/SettingsIcons_hover.png,.png,12,12,RGBA,2048,1,-1|1,,0,2,144,0.000,0.000,380,0.000,,,,,,,,,,,,,,,,,,,,,,,,,Keep compressed; atlas if grouped with small sibling textures.,STATIC_SOURCE
texture,Packages/com.unity.shadergraph/Editor/Resources/Icons/SettingsIcons_hover@2x.png,.png,24,24,RGBA,2048,1,-1|1,,0,2,576,0.001,0.001,808,0.001,,,,,,,,,,,,,,,,,,,,,,,,,Keep compressed; atlas if grouped with small sibling textures.,STATIC_SOURCE
texture,Packages/com.unity.shadergraph/Editor/Resources/Icons/sg_graph_icon.png,.png,64,64,RGBA,2048,1,-1|1,0,0,2,4096,0.004,0.005,2647,0.003,,,,,,,,,,,,,,,,,,,,,,,,,Keep compressed; atlas if grouped with small sibling textures.,STATIC_SOURCE
texture,Packages/com.unity.shadergraph/Editor/Resources/Icons/sg_graph_icon@2x.png,.png,128,128,RGBA,2048,1,-1|1,0,0,0,16384,0.016,0.021,1426,0.001,,,,,,,,,,,,,,,,,,,,,,,,,Keep compressed; atlas if grouped with small sibling textures.,STATIC_SOURCE
texture,Packages/com.unity.shadergraph/Editor/Resources/Icons/sg_graph_icon_gray_dark.png,.png,16,16,RGBA,2048,1,-1|1,0,0,0,256,0.000,0.000,2183,0.002,,,,,,,,,,,,,,,,,,,,,,,,,Keep compressed; atlas if grouped with small sibling textures.,STATIC_SOURCE
texture,Packages/com.unity.shadergraph/Editor/Resources/Icons/sg_graph_icon_gray_light.png,.png,16,16,RGBA,2048,1,-1|1,0,0,0,256,0.000,0.000,2179,0.002,,,,,,,,,,,,,,,,,,,,,,,,,Keep compressed; atlas if grouped with small sibling textures.,STATIC_SOURCE
texture,Packages/com.unity.shadergraph/Editor/Resources/Icons/sg_subgraph_icon.png,.png,64,64,RGBA,2048,1,-1|1,0,0,2,4096,0.004,0.005,2785,0.003,,,,,,,,,,,,,,,,,,,,,,,,,Keep compressed; atlas if grouped with small sibling textures.,STATIC_SOURCE
texture,Packages/com.unity.shadergraph/Editor/Resources/Icons/sg_subgraph_icon@2x.png,.png,128,128,RGBA,2048,1,-1|1,0,0,0,16384,0.016,0.021,1635,0.002,,,,,,,,,,,,,,,,,,,,,,,,,Keep compressed; atlas if grouped with small sibling textures.,STATIC_SOURCE
texture,Packages/com.unity.shadergraph/Editor/Resources/Icons/sg_subgraph_icon_gray_dark.png,.png,16,16,RGBA,2048,1,-1|1,0,0,0,256,0.000,0.000,3624,0.003,,,,,,,,,,,,,,,,,,,,,,,,,Keep compressed; atlas if grouped with small sibling textures.,STATIC_SOURCE
texture,Packages/com.unity.shadergraph/Editor/Resources/Icons/sg_subgraph_icon_gray_light.png,.png,16,16,RGBA,2048,1,-1|1,0,0,0,256,0.000,0.000,3625,0.003,,,,,,,,,,,,,,,,,,,,,,,,,Keep compressed; atlas if grouped with small sibling textures.,STATIC_SOURCE
texture,Packages/com.unity.shadergraph/GraphTemplates/BuiltIn/BuiltInLitBasicTemplateThumbnail.png,.png,1280,720,RGB,2048,1,-1|1,0,0,2,921600,0.879,1.172,203052,0.194,,,,,,,,,,,,,,,,,,,,,,,STREAMING_MIPMAPS_OFF_LARGE,,Low tier should halve source/import max; keep high mips only with hero or streaming proof.,STATIC_SOURCE
texture,Packages/com.unity.shadergraph/GraphTemplates/BuiltIn/BuiltInUnlitBasicTemplateThumbnail.png,.png,1280,720,RGB,2048,1,-1|1,0,0,2,921600,0.879,1.172,120649,0.115,,,,,,,,,,,,,,,,,,,,,,,STREAMING_MIPMAPS_OFF_LARGE,,Low tier should halve source/import max; keep high mips only with hero or streaming proof.,STATIC_SOURCE
texture,Packages/com.unity.shadergraph/GraphTemplates/Cross Pipeline/DecalMatProjTemplateThumbnail.png,.png,1280,720,RGB,2048,1,-1|1,0,0,2,921600,0.879,1.172,792323,0.756,,,,,,,,,,,,,,,,,,,,,,,STREAMING_MIPMAPS_OFF_LARGE,,Low tier should halve source/import max; keep high mips only with hero or streaming proof.,STATIC_SOURCE
texture,Packages/com.unity.shadergraph/GraphTemplates/Cross Pipeline/DecalSimpleTemplateThumbnail.png,.png,1280,720,RGB,2048,1,-1|1,0,0,2,921600,0.879,1.172,691113,0.659,,,,,,,,,,,,,,,,,,,,,,,STREAMING_MIPMAPS_OFF_LARGE,,Low tier should halve source/import max; keep high mips only with hero or streaming proof.,STATIC_SOURCE
texture,Packages/com.unity.shadergraph/GraphTemplates/Cross Pipeline/LitParticleTemplateThumbnail.png,.png,2560,1440,RGBA,2048,,1,0,0,0,3686400,3.516,4.688,3299131,3.146,,,,,,,,,,,,,,,,,,,,,,,VRAM CRIME: TEXTURE_GT_2048;STREAMING_MIPMAPS_OFF_LARGE,,Low tier should halve source/import max; keep high mips only with hero or streaming proof.,STATIC_SOURCE
texture,Packages/com.unity.shadergraph/GraphTemplates/Cross Pipeline/TerrainSimpleTemplateThumbnail.png,.png,1280,720,RGB,2048,1,-1|1,0,0,2,921600,0.879,1.172,1604375,1.530,,,,,,,,,,,,,,,,,,,,,,,STREAMING_MIPMAPS_OFF_LARGE,,Low tier should halve source/import max; keep high mips only with hero or streaming proof.,STATIC_SOURCE
texture,Packages/com.unity.shadergraph/GraphTemplates/Cross Pipeline/TerrainStandardTemplateThumbnail.png,.png,1280,720,RGB,2048,1,-1|1,0,0,2,921600,0.879,1.172,2085694,1.989,,,,,,,,,,,,,,,,,,,,,,,STREAMING_MIPMAPS_OFF_LARGE,,Low tier should halve source/import max; keep high mips only with hero or streaming proof.,STATIC_SOURCE
texture,Packages/com.unity.shadergraph/GraphTemplates/Cross Pipeline/UnlitParticleTemplateThumbnail.png,.png,2560,1440,RGBA,2048,1,-1|1,0,0,0,3686400,3.516,4.688,3190612,3.043,,,,,,,,,,,,,,,,,,,,,,,VRAM CRIME: TEXTURE_GT_2048;STREAMING_MIPMAPS_OFF_LARGE,,Low tier should halve source/import max; keep high mips only with hero or streaming proof.,STATIC_SOURCE
texture,Packages/com.unity.shadergraph/GraphTemplates/Cross Pipeline/UnlitSimpleTemplateThumbnail.png,.png,1280,720,RGB,2048,1,-1|1,0,0,2,921600,0.879,1.172,613674,0.585,,,,,,,,,,,,,,,,,,,,,,,STREAMING_MIPMAPS_OFF_LARGE,,Low tier should halve source/import max; keep high mips only with hero or streaming proof.,STATIC_SOURCE
texture,Packages/com.unity.shadergraph/GraphTemplates/default_masks.png,.png,1,1,RGBA,2048,1,-1|1|4,0,0,0,1,0.000,0.000,70,0.000,,,,,,,,,,,,,,,,,,,,,,,VRAM CRIME: RGBA32_TEXTURE_FORMAT_STATIC_SUSPECT,,Channel-pack masks into one RGBA texture; avoid separate AO/spec maps.,STATIC_SOURCE
texture,Packages/com.unity.shadergraph/GraphTemplates/default_normal.png,.png,1,1,RGB,2048,1,-1|1|4,0,0,1,1,0.000,0.000,140,0.000,,,,,,,,,,,,,,,,,,,,,,,VRAM CRIME: RGBA32_TEXTURE_FORMAT_STATIC_SUSPECT,,Use BC5 normal import; Low tier cap 1024 unless hero close-read asset.,STATIC_SOURCE
texture,Packages/com.unity.shadergraph/GraphTemplates/default_vfx_msk.png,.png,1,1,RGB,2048,1,-1|1|4,0,0,0,1,0.000,0.000,1364,0.001,,,,,,,,,,,,,,,,,,,,,,,VRAM CRIME: RGBA32_TEXTURE_FORMAT_STATIC_SUSPECT,,Keep compressed; atlas if grouped with small sibling textures.,STATIC_SOURCE
texture,Packages/com.unity.shadergraph/GraphTemplates/DefaultTemplateImage.png,.png,1280,720,RGB,2048,1,-1|1,0,0,2,921600,0.879,1.172,623919,0.595,,,,,,,,,,,,,,,,,,,,,,,STREAMING_MIPMAPS_OFF_LARGE,,Low tier should halve source/import max; keep high mips only with hero or streaming proof.,STATIC_SOURCE
texture,Packages/com.unity.shadergraph/GraphTemplates/Subgraphs/SmallNoiseMask.tga,.tga,64,64,RGB,2048|64,1,-1|1|63,0,0,10,4096,0.004,0.005,12138,0.012,,,,,,,,,,,,,,,,,,,,,,,TGA_SOURCE_CONTAINER_STATIC_SUSPECT,,Verify production import compression; convert to standard compressed source if kept in runtime payload.,STATIC_SOURCE
mesh,Assets/_Project/_PROLOGUE_CONTENT/Models/ceiling_10.fbx,.fbx,,,,,,,,,,,,,24108,0.023,108,16848,0.016,false,0,0,,0,0,1,0,,,,,,,,,,,,MESH_COMPRESSION_OFF_STATIC_SUSPECT,,"Fix ModelImporter risk: disable Read/Write, BlendShapes, colliders, or compression-off unless CPU/hero proof exists.",STATIC_SOURCE
mesh,Assets/_Project/_PROLOGUE_CONTENT/Models/floor_05.fbx,.fbx,,,,,,,,,,,,,95852,0.091,670,104520,0.100,false,0,0,,0,0,1,0,,,,,,,,,,,,MESH_COMPRESSION_OFF_STATIC_SUSPECT,,"Fix ModelImporter risk: disable Read/Write, BlendShapes, colliders, or compression-off unless CPU/hero proof exists.",STATIC_SOURCE
mesh,Assets/_Project/_PROLOGUE_CONTENT/Models/floor_large_8x8.fbx,.fbx,,,,,,,,,,,,,19948,0.019,2,312,0.000,false,0,0,,0,0,0,0,,,,,,,,,,,,MESH_COMPRESSION_OFF_STATIC_SUSPECT,,"Fix ModelImporter risk: disable Read/Write, BlendShapes, colliders, or compression-off unless CPU/hero proof exists.",STATIC_SOURCE
mesh,Assets/_Project/_PROLOGUE_CONTENT/Models/wall_01_2x3_a.fbx,.fbx,,,,,,,,,,,,,65132,0.062,530,82680,0.079,false,0,0,,0,0,1,0,,,,,,,,,,,,MESH_COMPRESSION_OFF_STATIC_SUSPECT,,"Fix ModelImporter risk: disable Read/Write, BlendShapes, colliders, or compression-off unless CPU/hero proof exists.",STATIC_SOURCE
mesh,Assets/_Project/_PROLOGUE_CONTENT/Models/wall_01_4x3_c.fbx,.fbx,,,,,,,,,,,,,72492,0.069,742,115752,0.110,false,0,0,,0,0,1,0,,,,,,,,,,,,MESH_COMPRESSION_OFF_STATIC_SUSPECT,,"Fix ModelImporter risk: disable Read/Write, BlendShapes, colliders, or compression-off unless CPU/hero proof exists.",STATIC_SOURCE
mesh,Assets/_Project/_PROLOGUE_CONTENT/Models/wall_01_4x3_door_02_wing.fbx,.fbx,,,,,,,,,,,,,73788,0.070,782,121992,0.116,false,0,0,,0,0,1,0,,,,,,,,,,,,MESH_COMPRESSION_OFF_STATIC_SUSPECT,,"Fix ModelImporter risk: disable Read/Write, BlendShapes, colliders, or compression-off unless CPU/hero proof exists.",STATIC_SOURCE
mesh,Assets/_Project/_PROLOGUE_CONTENT/Models/wall_04_3x6_d.fbx,.fbx,,,,,,,,,,,,,45852,0.044,586,91416,0.087,false,0,0,,0,0,1,0,,,,,,,,,,,,MESH_COMPRESSION_OFF_STATIC_SUSPECT,,"Fix ModelImporter risk: disable Read/Write, BlendShapes, colliders, or compression-off unless CPU/hero proof exists.",STATIC_SOURCE
mesh,Assets/_Project/Art/Materials/Meshy_AI_Alien_barnacles_clust_0301230506_texture.fbx,.fbx,,,,,,,,,,,,,1997308,1.905,10000,1560000,1.488,false,0,0,,0,0,1,0,,,,,,,,,,,,MESH_COMPRESSION_OFF_STATIC_SUSPECT,,"Fix ModelImporter risk: disable Read/Write, BlendShapes, colliders, or compression-off unless CPU/hero proof exists.",STATIC_SOURCE
mesh,Assets/_Project/Art/Models/Rocks/nordic_beach_rock_vbumba2fa_mid.glb,.glb,,,,,,,,,,,,,11545576,11.011,1298,202488,0.193,false,,,,,,,,,,,,,,,,,,,,,Verify size and production visibility; props above 0.5m need LOD/cull or impostor proof.,STATIC_SOURCE
mesh,Assets/_Project/Art/Models/Rocks/Rock 5/orig/River_Rock_FBX.fbx,.fbx,,,,,,,,,,,,,113488,0.108,3054,476424,0.454,false,0,0,,0,0,1,0,,,,,,,,,,,,MESH_COMPRESSION_OFF_STATIC_SUSPECT,,"Fix ModelImporter risk: disable Read/Write, BlendShapes, colliders, or compression-off unless CPU/hero proof exists.",STATIC_SOURCE
mesh,Assets/_Project/Art/Models/Rocks/Rock 6/rock6/Mossy_Forest_Rock_vimrfjsaw_Mid.fbx,.fbx,,,,,,,,,,,,,122512,0.117,3539,552084,0.527,false,0,0,,0,0,1,0,,,,,,,,,,,,MESH_COMPRESSION_OFF_STATIC_SUSPECT,,"Fix ModelImporter risk: disable Read/Write, BlendShapes, colliders, or compression-off unless CPU/hero proof exists.",STATIC_SOURCE
mesh,Assets/_Project/Art/Models/Rocks/Rock 7/SAMMPLE.fbx,.fbx,,,,,,,,,,,,,2713536,2.588,6519,1016964,0.970,false,0,0,,0,0,1,0,,,,,,,,,,,,MESH_COMPRESSION_OFF_STATIC_SUSPECT,,"Fix ModelImporter risk: disable Read/Write, BlendShapes, colliders, or compression-off unless CPU/hero proof exists.",STATIC_SOURCE
mesh,Assets/_Project/Art/Models/Rocks/Rock_4_-_UNIVERSALNYY_VYBOR/UNIVERSALNYY_VYBOR_(TEKSTURY)/Forest_Rock_Shelf_wgpqfjl_Mid.fbx,.fbx,,,,,,,,,,,,,186624,0.178,4038,629928,0.601,false,0,0,,0,0,1,0,,,,,,,,,,,,MESH_COMPRESSION_OFF_STATIC_SUSPECT,,"Fix ModelImporter risk: disable Read/Write, BlendShapes, colliders, or compression-off unless CPU/hero proof exists.",STATIC_SOURCE
mesh,Assets/_Project/Art/Models/Rocks/Rock_4_-_UNIVERSALNYY_VYBOR/UNIVERSALNYY_VYBOR_(TEKSTURY)/Mossy_Forest_Rock_vimrfjsaw_Mid.fbx,.fbx,,,,,,,,,,,,,122512,0.117,3539,552084,0.527,false,0,0,,0,0,1,0,,,,,,,,,,,,MESH_COMPRESSION_OFF_STATIC_SUSPECT,,"Fix ModelImporter risk: disable Read/Write, BlendShapes, colliders, or compression-off unless CPU/hero proof exists.",STATIC_SOURCE
mesh,Assets/_Project/Art/Models/Rocks/Rock_4_-_UNIVERSALNYY_VYBOR/UNIVERSALNYY_VYBOR_(TEKSTURY)/Nordic_Beach_Rock_Formation_vd4iecjva_Low.fbx,.fbx,,,,,,,,,,,,,86240,0.082,2100,327600,0.312,false,0,0,,0,0,1,0,,,,,,,,,,,,MESH_COMPRESSION_OFF_STATIC_SUSPECT,,"Fix ModelImporter risk: disable Read/Write, BlendShapes, colliders, or compression-off unless CPU/hero proof exists.",STATIC_SOURCE
mesh,Assets/_Project/Art/Models/Rocks/Rock_4_-_UNIVERSALNYY_VYBOR/UNIVERSALNYY_VYBOR_(TEKSTURY)/Nordic_Beach_Rock_uknoehp_Mid.fbx,.fbx,,,,,,,,,,,,,55376,0.053,1218,190008,0.181,false,0,0,,0,0,1,0,,,,,,,,,,,,MESH_COMPRESSION_OFF_STATIC_SUSPECT,,"Fix ModelImporter risk: disable Read/Write, BlendShapes, colliders, or compression-off unless CPU/hero proof exists.",STATIC_SOURCE
mesh,Assets/_Project/Art/Models/Rocks/Rock_4_-_UNIVERSALNYY_VYBOR/UNIVERSALNYY_VYBOR_(TEKSTURY)/Rock_4.fbx,.fbx,,,,,,,,,,,,,243164,0.232,5000,780000,0.744,false,0,0,,0,0,1,0,,,,,,,,,,,,MESH_COMPRESSION_OFF_STATIC_SUSPECT,,"Fix ModelImporter risk: disable Read/Write, BlendShapes, colliders, or compression-off unless CPU/hero proof exists.",STATIC_SOURCE
mesh,Assets/Feel/MMTools/Demos/MMGhostCamera/Models/MMGhostCameraCity.fbx,.fbx,,,,,,,,,,,,,2302140,2.195,127645,19912620,18.990,false,0,0,,1,0,0,0,,,,,,,,,,,,MESH_GEOMETRY_ESTIMATE_GT_16MIB_STATIC;MESH_GT_80K_ABSOLUTE_STATIC;MESH_REDLINE_GT_50K_NO_LOD;MESH_COMPRESSION_OFF_STATIC_SUSPECT;MESH_BLENDSHAPES_IMPORT_ENABLED_STATIC_SUSPECT,,Add LOD0/LOD1/LOD2 or cull/impostor path before production visibility beyond 20m.,STATIC_SOURCE
mesh,Assets/ScifiFacility/Models/decals/decal_01.fbx,.fbx,,,,,,,,,,,,,22780,0.022,63,9828,0.009,false,0,2,,0,0,1,0,,,,,,,,,,,,,,Verify size and production visibility; props above 0.5m need LOD/cull or impostor proof.,STATIC_SOURCE
mesh,Assets/ScifiFacility/Models/decals/decal_02.fbx,.fbx,,,,,,,,,,,,,23868,0.023,72,11232,0.011,false,0,2,,0,0,1,0,,,,,,,,,,,,,,Verify size and production visibility; props above 0.5m need LOD/cull or impostor proof.,STATIC_SOURCE
mesh,Assets/ScifiFacility/Models/decals/decal_03.fbx,.fbx,,,,,,,,,,,,,27420,0.026,102,15912,0.015,false,0,2,,0,0,1,0,,,,,,,,,,,,,,Verify size and production visibility; props above 0.5m need LOD/cull or impostor proof.,STATIC_SOURCE
mesh,Assets/ScifiFacility/Models/decals/decal_04.fbx,.fbx,,,,,,,,,,,,,21916,0.021,44,6864,0.007,false,0,2,,0,0,1,0,,,,,,,,,,,,,,Verify size and production visibility; props above 0.5m need LOD/cull or impostor proof.,STATIC_SOURCE
mesh,Assets/ScifiFacility/Models/decals/decal_05.fbx,.fbx,,,,,,,,,,,,,20380,0.019,8,1248,0.001,false,0,2,,0,0,1,0,,,,,,,,,,,,,,Verify size and production visibility; props above 0.5m need LOD/cull or impostor proof.,STATIC_SOURCE
mesh,Assets/ScifiFacility/Models/decals/decal_06.fbx,.fbx,,,,,,,,,,,,,21132,0.020,16,2496,0.002,false,0,2,,0,0,1,0,,,,,,,,,,,,,,Verify size and production visibility; props above 0.5m need LOD/cull or impostor proof.,STATIC_SOURCE
mesh,Assets/ScifiFacility/Models/decals/decal_07.fbx,.fbx,,,,,,,,,,,,,20924,0.020,14,2184,0.002,false,0,2,,0,0,1,0,,,,,,,,,,,,,,Verify size and production visibility; props above 0.5m need LOD/cull or impostor proof.,STATIC_SOURCE
mesh,Assets/ScifiFacility/Models/decals/decal_a2.fbx,.fbx,,,,,,,,,,,,,11484,0.011,2,312,0.000,false,0,2,,0,0,1,0,,,,,,,,,,,,,,Verify size and production visibility; props above 0.5m need LOD/cull or impostor proof.,STATIC_SOURCE
mesh,Assets/ScifiFacility/Models/decals/decal_a3.fbx,.fbx,,,,,,,,,,,,,11484,0.011,2,312,0.000,false,0,2,,0,0,1,0,,,,,,,,,,,,,,Verify size and production visibility; props above 0.5m need LOD/cull or impostor proof.,STATIC_SOURCE
mesh,Assets/ScifiFacility/Models/decals/decal_b2.fbx,.fbx,,,,,,,,,,,,,11484,0.011,2,312,0.000,false,0,2,,0,0,1,0,,,,,,,,,,,,,,Verify size and production visibility; props above 0.5m need LOD/cull or impostor proof.,STATIC_SOURCE
mesh,Assets/ScifiFacility/Models/decals/decal_b3.fbx,.fbx,,,,,,,,,,,,,11484,0.011,2,312,0.000,false,0,2,,0,0,1,0,,,,,,,,,,,,,,Verify size and production visibility; props above 0.5m need LOD/cull or impostor proof.,STATIC_SOURCE
mesh,Assets/ScifiFacility/Models/decals/decal_x2.fbx,.fbx,,,,,,,,,,,,,11484,0.011,2,312,0.000,false,0,2,,0,0,1,0,,,,,,,,,,,,,,Verify size and production visibility; props above 0.5m need LOD/cull or impostor proof.,STATIC_SOURCE
mesh,Assets/ScifiFacility/Models/decals/decal_x3.fbx,.fbx,,,,,,,,,,,,,11484,0.011,2,312,0.000,false,0,2,,0,0,1,0,,,,,,,,,,,,,,Verify size and production visibility; props above 0.5m need LOD/cull or impostor proof.,STATIC_SOURCE
mesh,Assets/ScifiFacility/Models/decals/label_01.fbx,.fbx,,,,,,,,,,,,,11580,0.011,2,312,0.000,false,0,2,,0,0,1,0,,,,,,,,,,,,,,Verify size and production visibility; props above 0.5m need LOD/cull or impostor proof.,STATIC_SOURCE
mesh,Assets/ScifiFacility/Models/decals/label_02.fbx,.fbx,,,,,,,,,,,,,11580,0.011,2,312,0.000,false,0,2,,0,0,1,0,,,,,,,,,,,,,,Verify size and production visibility; props above 0.5m need LOD/cull or impostor proof.,STATIC_SOURCE
mesh,Assets/ScifiFacility/Models/decals/label_03.fbx,.fbx,,,,,,,,,,,,,11580,0.011,2,312,0.000,false,0,2,,0,0,1,0,,,,,,,,,,,,,,Verify size and production visibility; props above 0.5m need LOD/cull or impostor proof.,STATIC_SOURCE
mesh,Assets/ScifiFacility/Models/decals/label_04.fbx,.fbx,,,,,,,,,,,,,11580,0.011,2,312,0.000,false,0,2,,0,0,1,0,,,,,,,,,,,,,,Verify size and production visibility; props above 0.5m need LOD/cull or impostor proof.,STATIC_SOURCE
mesh,Assets/ScifiFacility/Models/decals/label_05.fbx,.fbx,,,,,,,,,,,,,11580,0.011,2,312,0.000,false,0,2,,0,0,1,0,,,,,,,,,,,,,,Verify size and production visibility; props above 0.5m need LOD/cull or impostor proof.,STATIC_SOURCE
mesh,Assets/ScifiFacility/Models/decals/label_06.fbx,.fbx,,,,,,,,,,,,,11580,0.011,2,312,0.000,false,0,2,,0,0,1,0,,,,,,,,,,,,,,Verify size and production visibility; props above 0.5m need LOD/cull or impostor proof.,STATIC_SOURCE
mesh,Assets/ScifiFacility/Models/decals/label_07.fbx,.fbx,,,,,,,,,,,,,11580,0.011,2,312,0.000,false,0,2,,0,0,1,0,,,,,,,,,,,,,,Verify size and production visibility; props above 0.5m need LOD/cull or impostor proof.,STATIC_SOURCE
mesh,Assets/ScifiFacility/Models/decals/label_08.fbx,.fbx,,,,,,,,,,,,,11580,0.011,2,312,0.000,false,0,2,,0,0,1,0,,,,,,,,,,,,,,Verify size and production visibility; props above 0.5m need LOD/cull or impostor proof.,STATIC_SOURCE
mesh,Assets/ScifiFacility/Models/decals/label_09.fbx,.fbx,,,,,,,,,,,,,11580,0.011,2,312,0.000,false,0,2,,0,0,1,0,,,,,,,,,,,,,,Verify size and production visibility; props above 0.5m need LOD/cull or impostor proof.,STATIC_SOURCE
mesh,Assets/ScifiFacility/Models/decals/label_10.fbx,.fbx,,,,,,,,,,,,,11580,0.011,2,312,0.000,false,0,2,,0,0,1,0,,,,,,,,,,,,,,Verify size and production visibility; props above 0.5m need LOD/cull or impostor proof.,STATIC_SOURCE
mesh,Assets/ScifiFacility/Models/decals/label_11.fbx,.fbx,,,,,,,,,,,,,11580,0.011,2,312,0.000,false,0,2,,0,0,1,0,,,,,,,,,,,,,,Verify size and production visibility; props above 0.5m need LOD/cull or impostor proof.,STATIC_SOURCE
mesh,Assets/ScifiFacility/Models/decals/stripes_01.fbx,.fbx,,,,,,,,,,,,,18492,0.018,2,312,0.000,false,0,2,,0,0,1,0,,,,,,,,,,,,,,Verify size and production visibility; props above 0.5m need LOD/cull or impostor proof.,STATIC_SOURCE
mesh,Assets/ScifiFacility/Models/decals/stripes_02.fbx,.fbx,,,,,,,,,,,,,18492,0.018,2,312,0.000,false,0,2,,0,0,1,0,,,,,,,,,,,,,,Verify size and production visibility; props above 0.5m need LOD/cull or impostor proof.,STATIC_SOURCE
mesh,Assets/ScifiFacility/Models/decals/stripes_03.fbx,.fbx,,,,,,,,,,,,,18476,0.018,2,312,0.000,false,0,2,,0,0,1,0,,,,,,,,,,,,,,Verify size and production visibility; props above 0.5m need LOD/cull or impostor proof.,STATIC_SOURCE
mesh,Assets/ScifiFacility/Models/decals/stripes_04.fbx,.fbx,,,,,,,,,,,,,18492,0.018,2,312,0.000,false,0,2,,0,0,1,0,,,,,,,,,,,,,,Verify size and production visibility; props above 0.5m need LOD/cull or impostor proof.,STATIC_SOURCE
mesh,Assets/ScifiFacility/Models/decals/stripes_05.fbx,.fbx,,,,,,,,,,,,,18476,0.018,2,312,0.000,false,0,2,,0,0,1,0,,,,,,,,,,,,,,Verify size and production visibility; props above 0.5m need LOD/cull or impostor proof.,STATIC_SOURCE
mesh,Assets/ScifiFacility/Models/decals/stripes_06.fbx,.fbx,,,,,,,,,,,,,18476,0.018,2,312,0.000,false,0,2,,0,0,1,0,,,,,,,,,,,,,,Verify size and production visibility; props above 0.5m need LOD/cull or impostor proof.,STATIC_SOURCE
mesh,Assets/ScifiFacility/Models/decals/stripes_07.fbx,.fbx,,,,,,,,,,,,,18428,0.018,2,312,0.000,false,0,2,,0,0,1,0,,,,,,,,,,,,,,Verify size and production visibility; props above 0.5m need LOD/cull or impostor proof.,STATIC_SOURCE
mesh,Assets/ScifiFacility/Models/decals/stripes_08.fbx,.fbx,,,,,,,,,,,,,18476,0.018,4,624,0.001,false,0,2,,0,0,1,0,,,,,,,,,,,,,,Verify size and production visibility; props above 0.5m need LOD/cull or impostor proof.,STATIC_SOURCE
mesh,Assets/ScifiFacility/Models/decals/stripes_icon_01.fbx,.fbx,,,,,,,,,,,,,11580,0.011,2,312,0.000,false,0,2,,0,0,1,0,,,,,,,,,,,,,,Verify size and production visibility; props above 0.5m need LOD/cull or impostor proof.,STATIC_SOURCE
mesh,Assets/ScifiFacility/Models/decals/stripes_icon_02.fbx,.fbx,,,,,,,,,,,,,11580,0.011,2,312,0.000,false,0,2,,0,0,1,0,,,,,,,,,,,,,,Verify size and production visibility; props above 0.5m need LOD/cull or impostor proof.,STATIC_SOURCE
mesh,Assets/ScifiFacility/Models/decals/stripes_icon_03.fbx,.fbx,,,,,,,,,,,,,11580,0.011,2,312,0.000,false,0,2,,0,0,1,0,,,,,,,,,,,,,,Verify size and production visibility; props above 0.5m need LOD/cull or impostor proof.,STATIC_SOURCE
mesh,Assets/ScifiFacility/Models/decals/stripes_icon_04.fbx,.fbx,,,,,,,,,,,,,11580,0.011,2,312,0.000,false,0,2,,0,0,1,0,,,,,,,,,,,,,,Verify size and production visibility; props above 0.5m need LOD/cull or impostor proof.,STATIC_SOURCE
mesh,Assets/ScifiFacility/Models/decals/stripes_icon_05.fbx,.fbx,,,,,,,,,,,,,11580,0.011,2,312,0.000,false,0,2,,0,0,1,0,,,,,,,,,,,,,,Verify size and production visibility; props above 0.5m need LOD/cull or impostor proof.,STATIC_SOURCE
mesh,Assets/ScifiFacility/Models/decals/stripes_icon_06.fbx,.fbx,,,,,,,,,,,,,11580,0.011,2,312,0.000,false,0,2,,0,0,1,0,,,,,,,,,,,,,,Verify size and production visibility; props above 0.5m need LOD/cull or impostor proof.,STATIC_SOURCE
mesh,Assets/ScifiFacility/Models/furniture/bed.fbx,.fbx,,,,,,,,,,,,,77948,0.074,1046,163176,0.156,false,0,2,,0,0,1,0,,,,,,,,,,,,,,Verify size and production visibility; props above 0.5m need LOD/cull or impostor proof.,STATIC_SOURCE
mesh,Assets/ScifiFacility/Models/furniture/bed_02.fbx,.fbx,,,,,,,,,,,,,136844,0.131,2243,349908,0.334,false,0,2,,0,0,1,0,,,,,,,,,,,,,,Verify size and production visibility; props above 0.5m need LOD/cull or impostor proof.,STATIC_SOURCE
mesh,Assets/ScifiFacility/Models/furniture/bed_02_base.fbx,.fbx,,,,,,,,,,,,,77532,0.074,970,151320,0.144,false,0,2,,0,0,1,0,,,,,,,,,,,,,,Verify size and production visibility; props above 0.5m need LOD/cull or impostor proof.,STATIC_SOURCE
mesh,Assets/ScifiFacility/Models/furniture/bed_ladder.fbx,.fbx,,,,,,,,,,,,,47196,0.045,912,142272,0.136,false,0,2,,0,0,1,0,,,,,,,,,,,,,,Verify size and production visibility; props above 0.5m need LOD/cull or impostor proof.,STATIC_SOURCE
mesh,Assets/ScifiFacility/Models/furniture/chair_01.fbx,.fbx,,,,,,,,,,,,,156428,0.149,2548,397488,0.379,false,0,2,,0,0,1,0,,,,,,,,,,,,,,Verify size and production visibility; props above 0.5m need LOD/cull or impostor proof.,STATIC_SOURCE
mesh,Assets/ScifiFacility/Models/furniture/chair_02.fbx,.fbx,,,,,,,,,,,,,143692,0.137,2234,348504,0.332,false,0,2,,0,0,1,0,,,,,,,,,,,,,,Verify size and production visibility; props above 0.5m need LOD/cull or impostor proof.,STATIC_SOURCE
mesh,Assets/ScifiFacility/Models/furniture/chair_03.fbx,.fbx,,,,,,,,,,,,,44876,0.043,440,68640,0.065,false,0,2,,0,0,1,0,,,,,,,,,,,,,,Verify size and production visibility; props above 0.5m need LOD/cull or impostor proof.,STATIC_SOURCE
mesh,Assets/ScifiFacility/Models/furniture/couch_01.fbx,.fbx,,,,,,,,,,,,,21404,0.020,308,48048,0.046,false,0,2,,0,0,1,0,,,,,,,,,,,,,,Verify size and production visibility; props above 0.5m need LOD/cull or impostor proof.,STATIC_SOURCE
mesh,Assets/ScifiFacility/Models/furniture/couch_02.fbx,.fbx,,,,,,,,,,,,,29452,0.028,590,92040,0.088,false,0,2,,0,0,1,0,,,,,,,,,,,,,,Verify size and production visibility; props above 0.5m need LOD/cull or impostor proof.,STATIC_SOURCE
mesh,Assets/ScifiFacility/Models/furniture/couch_03.fbx,.fbx,,,,,,,,,,,,,29532,0.028,590,92040,0.088,false,0,2,,0,0,1,0,,,,,,,,,,,,,,Verify size and production visibility; props above 0.5m need LOD/cull or impostor proof.,STATIC_SOURCE
mesh,Assets/ScifiFacility/Models/furniture/couch_connector.fbx,.fbx,,,,,,,,,,,,,31084,0.030,188,29328,0.028,false,0,2,,0,0,1,0,,,,,,,,,,,,,,Verify size and production visibility; props above 0.5m need LOD/cull or impostor proof.,STATIC_SOURCE
mesh,Assets/ScifiFacility/Models/furniture/locker_01.fbx,.fbx,,,,,,,,,,,,,53068,0.051,342,53352,0.051,false,0,2,,0,0,1,0,,,,,,,,,,,,,,Verify size and production visibility; props above 0.5m need LOD/cull or impostor proof.,STATIC_SOURCE
mesh,Assets/ScifiFacility/Models/furniture/locker_02.fbx,.fbx,,,,,,,,,,,,,47420,0.045,253,39468,0.038,false,0,2,,0,0,1,0,,,,,,,,,,,,,,Verify size and production visibility; props above 0.5m need LOD/cull or impostor proof.,STATIC_SOURCE
mesh,Assets/ScifiFacility/Models/furniture/locker_03.fbx,.fbx,,,,,,,,,,,,,85436,0.081,497,77532,0.074,false,0,2,,0,0,1,0,,,,,,,,,,,,,,Verify size and production visibility; props above 0.5m need LOD/cull or impostor proof.,STATIC_SOURCE
mesh,Assets/ScifiFacility/Models/furniture/locker_04.fbx,.fbx,,,,,,,,,,,,,45100,0.043,515,80340,0.077,false,0,2,,0,0,1,0,,,,,,,,,,,,,,Verify size and production visibility; props above 0.5m need LOD/cull or impostor proof.,STATIC_SOURCE
mesh,Assets/ScifiFacility/Models/furniture/table_01.fbx,.fbx,,,,,,,,,,,,,51084,0.049,698,108888,0.104,false,0,2,,0,0,1,0,,,,,,,,,,,,,,Verify size and production visibility; props above 0.5m need LOD/cull or impostor proof.,STATIC_SOURCE
mesh,Assets/ScifiFacility/Models/furniture/table_02.fbx,.fbx,,,,,,,,,,,,,57612,0.055,746,116376,0.111,false,0,2,,0,0,1,0,,,,,,,,,,,,,,Verify size and production visibility; props above 0.5m need LOD/cull or impostor proof.,STATIC_SOURCE
mesh,Assets/ScifiFacility/Models/furniture/table_03.fbx,.fbx,,,,,,,,,,,,,43100,0.041,266,41496,0.040,false,0,2,,0,0,1,0,,,,,,,,,,,,,,Verify size and production visibility; props above 0.5m need LOD/cull or impostor proof.,STATIC_SOURCE
mesh,Assets/ScifiFacility/Models/furniture/table_03_connector.fbx,.fbx,,,,,,,,,,,,,22700,0.022,78,12168,0.012,false,0,2,,0,0,1,0,,,,,,,,,,,,,,Verify size and production visibility; props above 0.5m need LOD/cull or impostor proof.,STATIC_SOURCE
mesh,Assets/ScifiFacility/Models/furniture/table_03_corner.fbx,.fbx,,,,,,,,,,,,,31628,0.030,212,33072,0.032,false,0,2,,0,0,1,0,,,,,,,,,,,,,,Verify size and production visibility; props above 0.5m need LOD/cull or impostor proof.,STATIC_SOURCE
mesh,Assets/ScifiFacility/Models/furniture/table_03_prop_01.fbx,.fbx,,,,,,,,,,,,,24124,0.023,86,13416,0.013,false,0,2,,0,0,1,0,,,,,,,,,,,,,,Verify size and production visibility; props above 0.5m need LOD/cull or impostor proof.,STATIC_SOURCE
mesh,Assets/ScifiFacility/Models/furniture/table_base.fbx,.fbx,,,,,,,,,,,,,89948,0.086,466,72696,0.069,false,0,2,,0,0,1,0,,,,,,,,,,,,,,Verify size and production visibility; props above 0.5m need LOD/cull or impostor proof.,STATIC_SOURCE
mesh,Assets/ScifiFacility/Models/props/box_01.fbx,.fbx,,,,,,,,,,,,,182796,0.174,750,117000,0.112,false,0,2,,0,0,1,0,,,,,,,,,,,,,,Verify size and production visibility; props above 0.5m need LOD/cull or impostor proof.,STATIC_SOURCE
mesh,Assets/ScifiFacility/Models/props/details/controlpanels/controlpanel_01.fbx,.fbx,,,,,,,,,,,,,12460,0.012,2,312,0.000,false,0,2,,0,0,1,0,,,,,,,,,,,,,,Verify size and production visibility; props above 0.5m need LOD/cull or impostor proof.,STATIC_SOURCE
mesh,Assets/ScifiFacility/Models/props/details/controlpanels/controlpanel_02.fbx,.fbx,,,,,,,,,,,,,16220,0.015,98,15288,0.015,false,0,2,,0,0,1,0,,,,,,,,,,,,,,Verify size and production visibility; props above 0.5m need LOD/cull or impostor proof.,STATIC_SOURCE
mesh,Assets/ScifiFacility/Models/props/details/controlpanels/controlpanel_03.fbx,.fbx,,,,,,,,,,,,,31772,0.030,290,45240,0.043,false,0,2,,0,0,1,0,,,,,,,,,,,,,,Verify size and production visibility; props above 0.5m need LOD/cull or impostor proof.,STATIC_SOURCE
mesh,Assets/ScifiFacility/Models/props/details/controlpanels/controlpanel_04.fbx,.fbx,,,,,,,,,,,,,19020,0.018,226,35256,0.034,false,0,2,,0,0,1,0,,,,,,,,,,,,,,Verify size and production visibility; props above 0.5m need LOD/cull or impostor proof.,STATIC_SOURCE
mesh,Assets/ScifiFacility/Models/props/details/controlpanels/controlpanel_05.fbx,.fbx,,,,,,,,,,,,,14220,0.014,34,5304,0.005,false,0,2,,0,0,1,0,,,,,,,,,,,,,,Verify size and production visibility; props above 0.5m need LOD/cull or impostor proof.,STATIC_SOURCE
mesh,Assets/ScifiFacility/Models/props/details/controlpanels/controlpanel_06.fbx,.fbx,,,,,,,,,,,,,12460,0.012,2,312,0.000,false,0,2,,0,0,1,0,,,,,,,,,,,,,,Verify size and production visibility; props above 0.5m need LOD/cull or impostor proof.,STATIC_SOURCE
mesh,Assets/ScifiFacility/Models/props/details/controlpanels/controlpanel_07.fbx,.fbx,,,,,,,,,,,,,17564,0.017,106,16536,0.016,false,0,2,,0,0,1,0,,,,,,,,,,,,,,Verify size and production visibility; props above 0.5m need LOD/cull or impostor proof.,STATIC_SOURCE
mesh,Assets/ScifiFacility/Models/props/details/controlpanels/controlpanel_08.fbx,.fbx,,,,,,,,,,,,,12460,0.012,2,312,0.000,false,0,2,,0,0,1,0,,,,,,,,,,,,,,Verify size and production visibility; props above 0.5m need LOD/cull or impostor proof.,STATIC_SOURCE
mesh,Assets/ScifiFacility/Models/props/details/controlpanels/controlpanel_09.fbx,.fbx,,,,,,,,,,,,,42396,0.040,498,77688,0.074,false,0,2,,0,0,1,0,,,,,,,,,,,,,,Verify size and production visibility; props above 0.5m need LOD/cull or impostor proof.,STATIC_SOURCE
mesh,Assets/ScifiFacility/Models/props/details/controlpanels/controlpanel_10.fbx,.fbx,,,,,,,,,,,,,15484,0.015,80,12480,0.012,false,0,2,,0,0,1,0,,,,,,,,,,,,,,Verify size and production visibility; props above 0.5m need LOD/cull or impostor proof.,STATIC_SOURCE
mesh,Assets/ScifiFacility/Models/props/details/controlpanels/controlpanel_11.fbx,.fbx,,,,,,,,,,,,,21308,0.020,258,40248,0.038,false,0,2,,0,0,1,0,,,,,,,,,,,,,,Verify size and production visibility; props above 0.5m need LOD/cull or impostor proof.,STATIC_SOURCE
mesh,Assets/ScifiFacility/Models/props/details/controlpanels/controlpanel_12.fbx,.fbx,,,,,,,,,,,,,15276,0.015,54,8424,0.008,false,0,2,,0,0,1,0,,,,,,,,,,,,,,Verify size and production visibility; props above 0.5m need LOD/cull or impostor proof.,STATIC_SOURCE
mesh,Assets/ScifiFacility/Models/props/details/controlpanels/controlpanel_13.fbx,.fbx,,,,,,,,,,,,,99756,0.095,1260,196560,0.187,false,0,2,,0,0,1,0,,,,,,,,,,,,,,Verify size and production visibility; props above 0.5m need LOD/cull or impostor proof.,STATIC_SOURCE
mesh,Assets/ScifiFacility/Models/props/details/controlpanels/controlpanel_14.fbx,.fbx,,,,,,,,,,,,,65180,0.062,754,117624,0.112,false,0,2,,0,0,1,0,,,,,,,,,,,,,,Verify size and production visibility; props above 0.5m need LOD/cull or impostor proof.,STATIC_SOURCE
mesh,Assets/ScifiFacility/Models/props/details/controlpanels/controlpanel_15.fbx,.fbx,,,,,,,,,,,,,100732,0.096,1212,189072,0.180,false,0,2,,0,0,1,0,,,,,,,,,,,,,,Verify size and production visibility; props above 0.5m need LOD/cull or impostor proof.,STATIC_SOURCE
mesh,Assets/ScifiFacility/Models/props/details/controlpanels/controlpanel_16.fbx,.fbx,,,,,,,,,,,,,73788,0.070,690,107640,0.103,false,0,2,,0,0,1,0,,,,,,,,,,,,,,Verify size and production visibility; props above 0.5m need LOD/cull or impostor proof.,STATIC_SOURCE
mesh,Assets/ScifiFacility/Models/props/details/controlpanels/controlpanel_17.fbx,.fbx,,,,,,,,,,,,,113084,0.108,1000,156000,0.149,false,0,2,,0,0,1,0,,,,,,,,,,,,,,Verify size and production visibility; props above 0.5m need LOD/cull or impostor proof.,STATIC_SOURCE
mesh,Assets/ScifiFacility/Models/props/details/pipes/detail_05_e01.fbx,.fbx,,,,,,,,,,,,,51260,0.049,588,91728,0.087,false,0,2,,0,0,1,0,,,,,,,,,,,,,,Verify size and production visibility; props above 0.5m need LOD/cull or impostor proof.,STATIC_SOURCE
mesh,Assets/ScifiFacility/Models/props/details/pipes/detail_05_e02.fbx,.fbx,,,,,,,,,,,,,39292,0.037,392,61152,0.058,false,0,2,,0,0,1,0,,,,,,,,,,,,,,Verify size and production visibility; props above 0.5m need LOD/cull or impostor proof.,STATIC_SOURCE
mesh,Assets/ScifiFacility/Models/props/details/pipes/detail_05_e03.fbx,.fbx,,,,,,,,,,,,,48540,0.046,560,87360,0.083,false,0,2,,0,0,1,0,,,,,,,,,,,,,,Verify size and production visibility; props above 0.5m need LOD/cull or impostor proof.,STATIC_SOURCE
mesh,Assets/ScifiFacility/Models/props/details/pipes/detail_05_e04.fbx,.fbx,,,,,,,,,,,,,26316,0.025,224,34944,0.033,false,0,2,,0,0,1,0,,,,,,,,,,,,,,Verify size and production visibility; props above 0.5m need LOD/cull or impostor proof.,STATIC_SOURCE
mesh,Assets/ScifiFacility/Models/props/details/technical/detail_01.fbx,.fbx,,,,,,,,,,,,,39596,0.038,594,92664,0.088,false,0,2,,0,0,1,0,,,,,,,,,,,,,,Verify size and production visibility; props above 0.5m need LOD/cull or impostor proof.,STATIC_SOURCE
mesh,Assets/ScifiFacility/Models/props/details/technical/detail_02.fbx,.fbx,,,,,,,,,,,,,116204,0.111,2688,419328,0.400,false,0,2,,0,0,1,0,,,,,,,,,,,,,,Verify size and production visibility; props above 0.5m need LOD/cull or impostor proof.,STATIC_SOURCE
mesh,Assets/ScifiFacility/Models/props/details/technical/detail_03.fbx,.fbx,,,,,,,,,,,,,13404,0.013,52,8112,0.008,false,0,2,,0,0,1,0,,,,,,,,,,,,,,Verify size and production visibility; props above 0.5m need LOD/cull or impostor proof.,STATIC_SOURCE
mesh,Assets/ScifiFacility/Models/props/details/technical/detail_03_a.fbx,.fbx,,,,,,,,,,,,,81356,0.078,1216,189696,0.181,false,0,2,,0,0,1,0,,,,,,,,,,,,,,Verify size and production visibility; props above 0.5m need LOD/cull or impostor proof.,STATIC_SOURCE
mesh,Assets/ScifiFacility/Models/props/details/technical/detail_03_b.fbx,.fbx,,,,,,,,,,,,,154540,0.147,1964,306384,0.292,false,0,2,,0,0,1,0,,,,,,,,,,,,,,Verify size and production visibility; props above 0.5m need LOD/cull or impostor proof.,STATIC_SOURCE
mesh,Assets/ScifiFacility/Models/props/details/technical/detail_04.fbx,.fbx,,,,,,,,,,,,,13548,0.013,48,7488,0.007,false,0,2,,0,0,1,0,,,,,,,,,,,,,,Verify size and production visibility; props above 0.5m need LOD/cull or impostor proof.,STATIC_SOURCE
mesh,Assets/ScifiFacility/Models/props/details/technical/detail_04_a.fbx,.fbx,,,,,,,,,,,,,88636,0.085,827,129012,0.123,false,0,2,,0,0,1,0,,,,,,,,,,,,,,Verify size and production visibility; props above 0.5m need LOD/cull or impostor proof.,STATIC_SOURCE
mesh,Assets/ScifiFacility/Models/props/details/technical/detail_04_b.fbx,.fbx,,,,,,,,,,,,,785852,0.749,7377,1150812,1.097,false,0,2,,0,0,1,0,,,,,,,,,,,,,,Verify size and production visibility; props above 0.5m need LOD/cull or impostor proof.,STATIC_SOURCE
mesh,Assets/ScifiFacility/Models/props/details/technical/detail_04_c.fbx,.fbx,,,,,,,,,,,,,152252,0.145,1788,278928,0.266,false,0,2,,0,0,1,0,,,,,,,,,,,,,,Verify size and production visibility; props above 0.5m need LOD/cull or impostor proof.,STATIC_SOURCE
mesh,Assets/ScifiFacility/Models/props/details/technical/detail_04_d.fbx,.fbx,,,,,,,,,,,,,94060,0.090,1518,236808,0.226,false,0,2,,0,0,1,0,,,,,,,,,,,,,,Verify size and production visibility; props above 0.5m need LOD/cull or impostor proof.,STATIC_SOURCE
mesh,Assets/ScifiFacility/Models/props/details/technical/detail_04_e.fbx,.fbx,,,,,,,,,,,,,27660,0.026,278,43368,0.041,false,0,2,,0,0,1,0,,,,,,,,,,,,,,Verify size and production visibility; props above 0.5m need LOD/cull or impostor proof.,STATIC_SOURCE
mesh,Assets/ScifiFacility/Models/props/details/technical/detail_04_f.fbx,.fbx,,,,,,,,,,,,,60332,0.058,589,91884,0.088,false,0,2,,0,0,1,0,,,,,,,,,,,,,,Verify size and production visibility; props above 0.5m need LOD/cull or impostor proof.,STATIC_SOURCE
mesh,Assets/ScifiFacility/Models/props/details/technical/detail_04_g.fbx,.fbx,,,,,,,,,,,,,61628,0.059,598,93288,0.089,false,0,2,,0,0,1,0,,,,,,,,,,,,,,Verify size and production visibility; props above 0.5m need LOD/cull or impostor proof.,STATIC_SOURCE
mesh,Assets/ScifiFacility/Models/props/details/technical/detail_05_a.fbx,.fbx,,,,,,,,,,,,,26508,0.025,212,33072,0.032,false,0,2,,0,0,1,0,,,,,,,,,,,,,,Verify size and production visibility; props above 0.5m need LOD/cull or impostor proof.,STATIC_SOURCE
mesh,Assets/ScifiFacility/Models/props/details/technical/detail_05_b.fbx,.fbx,,,,,,,,,,,,,26156,0.025,258,40248,0.038,false,0,2,,0,0,1,0,,,,,,,,,,,,,,Verify size and production visibility; props above 0.5m need LOD/cull or impostor proof.,STATIC_SOURCE
mesh,Assets/ScifiFacility/Models/props/details/technical/detail_05_c.fbx,.fbx,,,,,,,,,,,,,39836,0.038,409,63804,0.061,false,0,2,,0,0,1,0,,,,,,,,,,,,,,Verify size and production visibility; props above 0.5m need LOD/cull or impostor proof.,STATIC_SOURCE
mesh,Assets/ScifiFacility/Models/props/details/technical/detail_05_d.fbx,.fbx,,,,,,,,,,,,,19564,0.019,250,39000,0.037,false,0,2,,0,0,1,0,,,,,,,,,,,,,,Verify size and production visibility; props above 0.5m need LOD/cull or impostor proof.,STATIC_SOURCE
mesh,Assets/ScifiFacility/Models/props/keyboard.fbx,.fbx,,,,,,,,,,,,,57516,0.055,1314,204984,0.195,false,0,2,,0,0,1,0,,,,,,,,,,,,,,Verify size and production visibility; props above 0.5m need LOD/cull or impostor proof.,STATIC_SOURCE
mesh,Assets/ScifiFacility/Models/props/keyboard_b.fbx,.fbx,,,,,,,,,,,,,57532,0.055,1314,204984,0.195,false,0,2,,0,0,1,0,,,,,,,,,,,,,,Verify size and production visibility; props above 0.5m need LOD/cull or impostor proof.,STATIC_SOURCE
mesh,Assets/ScifiFacility/Models/props/lights/light_01.fbx,.fbx,,,,,,,,,,,,,30380,0.029,276,43056,0.041,false,0,2,,0,0,1,0,,,,,,,,,,,,,,Verify size and production visibility; props above 0.5m need LOD/cull or impostor proof.,STATIC_SOURCE
mesh,Assets/ScifiFacility/Models/props/lights/light_02.fbx,.fbx,,,,,,,,,,,,,16028,0.015,48,7488,0.007,false,0,2,,0,0,1,0,,,,,,,,,,,,,,Verify size and production visibility; props above 0.5m need LOD/cull or impostor proof.,STATIC_SOURCE
mesh,Assets/ScifiFacility/Models/props/lights/light_03.fbx,.fbx,,,,,,,,,,,,,14956,0.014,34,5304,0.005,false,0,2,,0,0,1,0,,,,,,,,,,,,,,Verify size and production visibility; props above 0.5m need LOD/cull or impostor proof.,STATIC_SOURCE
mesh,Assets/ScifiFacility/Models/props/lights/light_04.fbx,.fbx,,,,,,,,,,,,,14332,0.014,26,4056,0.004,false,0,2,,0,0,1,0,,,,,,,,,,,,,,Verify size and production visibility; props above 0.5m need LOD/cull or impostor proof.,STATIC_SOURCE
mesh,Assets/ScifiFacility/Models/props/lights/light_05.fbx,.fbx,,,,,,,,,,,,,21548,0.021,138,21528,0.021,false,0,2,,0,0,1,0,,,,,,,,,,,,,,Verify size and production visibility; props above 0.5m need LOD/cull or impostor proof.,STATIC_SOURCE
mesh,Assets/ScifiFacility/Models/props/lights/light_06.fbx,.fbx,,,,,,,,,,,,,23100,0.022,176,27456,0.026,false,0,2,,0,0,1,0,,,,,,,,,,,,,,Verify size and production visibility; props above 0.5m need LOD/cull or impostor proof.,STATIC_SOURCE
mesh,Assets/ScifiFacility/Models/props/lights/light_07.fbx,.fbx,,,,,,,,,,,,,37436,0.036,252,39312,0.037,false,0,2,,0,0,1,0,,,,,,,,,,,,,,Verify size and production visibility; props above 0.5m need LOD/cull or impostor proof.,STATIC_SOURCE
mesh,Assets/ScifiFacility/Models/props/lights/light_08.fbx,.fbx,,,,,,,,,,,,,39340,0.038,280,43680,0.042,false,0,2,,0,0,1,0,,,,,,,,,,,,,,Verify size and production visibility; props above 0.5m need LOD/cull or impostor proof.,STATIC_SOURCE
mesh,Assets/ScifiFacility/Models/props/lights/light_09.fbx,.fbx,,,,,,,,,,,,,40620,0.039,200,31200,0.030,false,0,2,,0,0,1,0,,,,,,,,,,,,,,Verify size and production visibility; props above 0.5m need LOD/cull or impostor proof.,STATIC_SOURCE
mesh,Assets/ScifiFacility/Models/props/lights/warningLight.fbx,.fbx,,,,,,,,,,,,,27820,0.027,238,37128,0.035,false,0,2,,0,0,1,0,,,,,,,,,,,,,,Verify size and production visibility; props above 0.5m need LOD/cull or impostor proof.,STATIC_SOURCE
mesh,Assets/ScifiFacility/Models/props/monitor.fbx,.fbx,,,,,,,,,,,,,53196,0.051,510,79560,0.076,false,0,2,,0,0,1,0,,,,,,,,,,,,,,Verify size and production visibility; props above 0.5m need LOD/cull or impostor proof.,STATIC_SOURCE
mesh,Assets/ScifiFacility/Models/props/prop_01.fbx,.fbx,,,,,,,,,,,,,145916,0.139,575,89700,0.086,false,0,2,,0,0,1,0,,,,,,,,,,,,,,Verify size and production visibility; props above 0.5m need LOD/cull or impostor proof.,STATIC_SOURCE
mesh,Assets/ScifiFacility/Models/props/prop_02.fbx,.fbx,,,,,,,,,,,,,118156,0.113,510,79560,0.076,false,0,2,,0,0,1,0,,,,,,,,,,,,,,Verify size and production visibility; props above 0.5m need LOD/cull or impostor proof.,STATIC_SOURCE
mesh,Assets/ScifiFacility/Models/props/prop_03.fbx,.fbx,,,,,,,,,,,,,150060,0.143,612,95472,0.091,false,0,2,,0,0,1,0,,,,,,,,,,,,,,Verify size and production visibility; props above 0.5m need LOD/cull or impostor proof.,STATIC_SOURCE
mesh,Assets/ScifiFacility/Models/props/prop_04.fbx,.fbx,,,,,,,,,,,,,47084,0.045,382,59592,0.057,false,0,2,,0,0,1,0,,,,,,,,,,,,,,Verify size and production visibility; props above 0.5m need LOD/cull or impostor proof.,STATIC_SOURCE
mesh,Assets/ScifiFacility/Models/props/prop_04_b.fbx,.fbx,,,,,,,,,,,,,30812,0.029,175,27300,0.026,false,0,2,,0,0,1,0,,,,,,,,,,,,,,Verify size and production visibility; props above 0.5m need LOD/cull or impostor proof.,STATIC_SOURCE
mesh,Assets/ScifiFacility/Models/props/prop_04_c.fbx,.fbx,,,,,,,,,,,,,30380,0.029,161,25116,0.024,false,0,2,,0,0,1,0,,,,,,,,,,,,,,Verify size and production visibility; props above 0.5m need LOD/cull or impostor proof.,STATIC_SOURCE
mesh,Assets/ScifiFacility/Models/props/prop_05.fbx,.fbx,,,,,,,,,,,,,231084,0.220,1582,246792,0.235,false,0,2,,0,0,1,0,,,,,,,,,,,,,,Verify size and production visibility; props above 0.5m need LOD/cull or impostor proof.,STATIC_SOURCE
mesh,Assets/ScifiFacility/Models/props/prop_06.fbx,.fbx,,,,,,,,,,,,,51436,0.049,448,69888,0.067,false,0,2,,0,0,1,0,,,,,,,,,,,,,,Verify size and production visibility; props above 0.5m need LOD/cull or impostor proof.,STATIC_SOURCE
mesh,Assets/ScifiFacility/Models/props/prop_07.fbx,.fbx,,,,,,,,,,,,,50188,0.048,270,42120,0.040,false,0,2,,0,0,1,0,,,,,,,,,,,,,,Verify size and production visibility; props above 0.5m need LOD/cull or impostor proof.,STATIC_SOURCE
mesh,Assets/ScifiFacility/Models/props/prop_08.fbx,.fbx,,,,,,,,,,,,,40348,0.038,266,41496,0.040,false,0,2,,0,0,1,0,,,,,,,,,,,,,,Verify size and production visibility; props above 0.5m need LOD/cull or impostor proof.,STATIC_SOURCE
mesh,Assets/ScifiFacility/Models/props/prop_09.fbx,.fbx,,,,,,,,,,,,,34236,0.033,264,41184,0.039,false,0,2,,0,0,1,0,,,,,,,,,,,,,,Verify size and production visibility; props above 0.5m need LOD/cull or impostor proof.,STATIC_SOURCE
mesh,Assets/ScifiFacility/Models/props/prop_10.fbx,.fbx,,,,,,,,,,,,,94204,0.090,1858,289848,0.276,false,0,2,,0,0,1,0,,,,,,,,,,,,,,Verify size and production visibility; props above 0.5m need LOD/cull or impostor proof.,STATIC_SOURCE
mesh,Assets/ScifiFacility/Models/props/prop_10_base.fbx,.fbx,,,,,,,,,,,,,115564,0.110,3952,616512,0.588,false,0,2,,0,0,1,0,,,,,,,,,,,,,,Verify size and production visibility; props above 0.5m need LOD/cull or impostor proof.,STATIC_SOURCE
mesh,Assets/ScifiFacility/Models/props/prop_11.fbx,.fbx,,,,,,,,,,,,,120220,0.115,3090,482040,0.460,false,0,2,,0,0,1,0,,,,,,,,,,,,,,Verify size and production visibility; props above 0.5m need LOD/cull or impostor proof.,STATIC_SOURCE
mesh,Assets/ScifiFacility/Models/props/prop_11_base.fbx,.fbx,,,,,,,,,,,,,93612,0.089,1920,299520,0.286,false,0,2,,0,0,1,0,,,,,,,,,,,,,,Verify size and production visibility; props above 0.5m need LOD/cull or impostor proof.,STATIC_SOURCE
mesh,Assets/ScifiFacility/Models/props/prop_12_a.fbx,.fbx,,,,,,,,,,,,,22972,0.022,60,9360,0.009,false,0,2,,0,0,1,0,,,,,,,,,,,,,,Verify size and production visibility; props above 0.5m need LOD/cull or impostor proof.,STATIC_SOURCE
mesh,Assets/ScifiFacility/Models/props/prop_12_b.fbx,.fbx,,,,,,,,,,,,,41068,0.039,252,39312,0.037,false,0,2,,0,0,1,0,,,,,,,,,,,,,,Verify size and production visibility; props above 0.5m need LOD/cull or impostor proof.,STATIC_SOURCE
mesh,Assets/ScifiFacility/Models/props/prop_13.fbx,.fbx,,,,,,,,,,,,,97532,0.093,1992,310752,0.296,false,0,2,,0,0,1,0,,,,,,,,,,,,,,Verify size and production visibility; props above 0.5m need LOD/cull or impostor proof.,STATIC_SOURCE
mesh,Assets/ScifiFacility/Models/props/prop_14.fbx,.fbx,,,,,,,,,,,,,231724,0.221,5189,809484,0.772,false,0,2,,0,0,1,0,,,,,,,,,,,,,,Verify size and production visibility; props above 0.5m need LOD/cull or impostor proof.,STATIC_SOURCE
mesh,Assets/ScifiFacility/Models/props/prop_15.fbx,.fbx,,,,,,,,,,,,,187484,0.179,2999,467844,0.446,false,0,2,,0,0,1,0,,,,,,,,,,,,,,Verify size and production visibility; props above 0.5m need LOD/cull or impostor proof.,STATIC_SOURCE
mesh,Assets/ScifiFacility/Models/props/server_racks/server_rack_01.fbx,.fbx,,,,,,,,,,,,,130204,0.124,684,106704,0.102,false,0,2,,0,0,1,0,,,,,,,,,,,,,,Verify size and production visibility; props above 0.5m need LOD/cull or impostor proof.,STATIC_SOURCE
mesh,Assets/ScifiFacility/Models/props/server_racks/server_rack_02.fbx,.fbx,,,,,,,,,,,,,128380,0.122,668,104208,0.099,false,0,2,,0,0,1,0,,,,,,,,,,,,,,Verify size and production visibility; props above 0.5m need LOD/cull or impostor proof.,STATIC_SOURCE
mesh,Assets/ScifiFacility/Models/props/server_racks/server_rack_03.fbx,.fbx,,,,,,,,,,,,,130412,0.124,684,106704,0.102,false,0,2,,0,0,1,0,,,,,,,,,,,,,,Verify size and production visibility; props above 0.5m need LOD/cull or impostor proof.,STATIC_SOURCE
mesh,Assets/ScifiFacility/Models/props/tubes/tube_01.fbx,.fbx,,,,,,,,,,,,,25964,0.025,352,54912,0.052,false,0,2,,0,0,1,0,,,,,,,,,,,,,,Verify size and production visibility; props above 0.5m need LOD/cull or impostor proof.,STATIC_SOURCE
mesh,Assets/ScifiFacility/Models/props/tubes/tube_02.fbx,.fbx,,,,,,,,,,,,,25644,0.024,352,54912,0.052,false,0,2,,0,0,1,0,,,,,,,,,,,,,,Verify size and production visibility; props above 0.5m need LOD/cull or impostor proof.,STATIC_SOURCE
mesh,Assets/ScifiFacility/Models/props/tubes/tube_03.fbx,.fbx,,,,,,,,,,,,,120588,0.115,1337,208572,0.199,false,0,2,,0,0,1,0,,,,,,,,,,,,,,Verify size and production visibility; props above 0.5m need LOD/cull or impostor proof.,STATIC_SOURCE
mesh,Assets/ScifiFacility/Models/props/tubes/tube_cap_01.fbx,.fbx,,,,,,,,,,,,,29052,0.028,180,28080,0.027,false,0,2,,0,0,1,0,,,,,,,,,,,,,,Verify size and production visibility; props above 0.5m need LOD/cull or impostor proof.,STATIC_SOURCE
mesh,Assets/ScifiFacility/Models/props/tubes/tube_cap_02.fbx,.fbx,,,,,,,,,,,,,29276,0.028,180,28080,0.027,false,0,2,,0,0,1,0,,,,,,,,,,,,,,Verify size and production visibility; props above 0.5m need LOD/cull or impostor proof.,STATIC_SOURCE
mesh,Assets/ScifiFacility/Models/structural/ceiling/ceiling_01.fbx,.fbx,,,,,,,,,,,,,51004,0.049,170,26520,0.025,false,0,2,,0,0,1,0,,,,,,,,,,,,,,Verify size and production visibility; props above 0.5m need LOD/cull or impostor proof.,STATIC_SOURCE
mesh,Assets/ScifiFacility/Models/structural/ceiling/ceiling_02.fbx,.fbx,,,,,,,,,,,,,24028,0.023,136,21216,0.020,false,0,2,,0,0,1,0,,,,,,,,,,,,,,Verify size and production visibility; props above 0.5m need LOD/cull or impostor proof.,STATIC_SOURCE
mesh,Assets/ScifiFacility/Models/structural/ceiling/ceiling_03.fbx,.fbx,,,,,,,,,,,,,23196,0.022,136,21216,0.020,false,0,2,,0,0,1,0,,,,,,,,,,,,,,Verify size and production visibility; props above 0.5m need LOD/cull or impostor proof.,STATIC_SOURCE
mesh,Assets/ScifiFacility/Models/structural/ceiling/ceiling_04.fbx,.fbx,,,,,,,,,,,,,27628,0.026,126,19656,0.019,false,0,2,,0,0,1,0,,,,,,,,,,,,,,Verify size and production visibility; props above 0.5m need LOD/cull or impostor proof.,STATIC_SOURCE
mesh,Assets/ScifiFacility/Models/structural/ceiling/ceiling_05.fbx,.fbx,,,,,,,,,,,,,20588,0.020,14,2184,0.002,false,0,2,,0,0,1,0,,,,,,,,,,,,,,Verify size and production visibility; props above 0.5m need LOD/cull or impostor proof.,STATIC_SOURCE
mesh,Assets/ScifiFacility/Models/structural/ceiling/ceiling_06.fbx,.fbx,,,,,,,,,,,,,30620,0.029,98,15288,0.015,false,0,2,,0,0,1,0,,,,,,,,,,,,,,Verify size and production visibility; props above 0.5m need LOD/cull or impostor proof.,STATIC_SOURCE
mesh,Assets/ScifiFacility/Models/structural/ceiling/ceiling_07.fbx,.fbx,,,,,,,,,,,,,40556,0.039,66,10296,0.010,false,0,2,,0,0,1,0,,,,,,,,,,,,,,Verify size and production visibility; props above 0.5m need LOD/cull or impostor proof.,STATIC_SOURCE
mesh,Assets/ScifiFacility/Models/structural/ceiling/ceiling_08.fbx,.fbx,,,,,,,,,,,,,36812,0.035,90,14040,0.013,false,0,2,,0,0,1,0,,,,,,,,,,,,,,Verify size and production visibility; props above 0.5m need LOD/cull or impostor proof.,STATIC_SOURCE
mesh,Assets/ScifiFacility/Models/structural/ceiling/ceiling_09.fbx,.fbx,,,,,,,,,,,,,57180,0.055,312,48672,0.046,false,0,2,,0,0,1,0,,,,,,,,,,,,,,Verify size and production visibility; props above 0.5m need LOD/cull or impostor proof.,STATIC_SOURCE
mesh,Assets/ScifiFacility/Models/structural/ceiling/ceiling_09_connector.fbx,.fbx,,,,,,,,,,,,,30860,0.029,220,34320,0.033,false,0,2,,0,0,1,0,,,,,,,,,,,,,,Verify size and production visibility; props above 0.5m need LOD/cull or impostor proof.,STATIC_SOURCE
mesh,Assets/ScifiFacility/Models/structural/ceiling/ceiling_11.fbx,.fbx,,,,,,,,,,,,,58620,0.056,1032,160992,0.154,false,0,2,,0,0,1,0,,,,,,,,,,,,,,Verify size and production visibility; props above 0.5m need LOD/cull or impostor proof.,STATIC_SOURCE
mesh,Assets/ScifiFacility/Models/structural/ceiling/ceiling_12.fbx,.fbx,,,,,,,,,,,,,20604,0.020,22,3432,0.003,false,0,2,,0,0,1,0,,,,,,,,,,,,,,Verify size and production visibility; props above 0.5m need LOD/cull or impostor proof.,STATIC_SOURCE
mesh,Assets/ScifiFacility/Models/structural/floor/duct_01 1.fbx,.fbx,,,,,,,,,,,,,12684,0.012,8,1248,0.001,false,0,2,,0,0,1,0,,,,,,,,,,,,,,Verify size and production visibility; props above 0.5m need LOD/cull or impostor proof.,STATIC_SOURCE
mesh,Assets/ScifiFacility/Models/structural/floor/duct_01.fbx,.fbx,,,,,,,,,,,,,12684,0.012,8,1248,0.001,false,0,2,,0,0,1,0,,,,,,,,,,,,,,Verify size and production visibility; props above 0.5m need LOD/cull or impostor proof.,STATIC_SOURCE
mesh,Assets/ScifiFacility/Models/structural/floor/duct_02.fbx,.fbx,,,,,,,,,,,,,12684,0.012,8,1248,0.001,false,0,2,,0,0,1,0,,,,,,,,,,,,,,Verify size and production visibility; props above 0.5m need LOD/cull or impostor proof.,STATIC_SOURCE
mesh,Assets/ScifiFacility/Models/structural/floor/duct_03.fbx,.fbx,,,,,,,,,,,,,12668,0.012,8,1248,0.001,false,0,2,,0,0,1,0,,,,,,,,,,,,,,Verify size and production visibility; props above 0.5m need LOD/cull or impostor proof.,STATIC_SOURCE
mesh,Assets/ScifiFacility/Models/structural/floor/floor/duct_01.fbx,.fbx,,,,,,,,,,,,,12684,0.012,8,1248,0.001,false,0,2,,0,0,1,0,,,,,,,,,,,,,,Verify size and production visibility; props above 0.5m need LOD/cull or impostor proof.,STATIC_SOURCE
mesh,Assets/ScifiFacility/Models/structural/floor/floor/duct_02.fbx,.fbx,,,,,,,,,,,,,12684,0.012,8,1248,0.001,false,0,2,,0,0,1,0,,,,,,,,,,,,,,Verify size and production visibility; props above 0.5m need LOD/cull or impostor proof.,STATIC_SOURCE
mesh,Assets/ScifiFacility/Models/structural/floor/floor/duct_03.fbx,.fbx,,,,,,,,,,,,,12668,0.012,8,1248,0.001,false,0,2,,0,0,1,0,,,,,,,,,,,,,,Verify size and production visibility; props above 0.5m need LOD/cull or impostor proof.,STATIC_SOURCE
mesh,Assets/ScifiFacility/Models/structural/floor/floor/floor_01.fbx,.fbx,,,,,,,,,,,,,38044,0.036,78,12168,0.012,false,0,2,,0,0,1,0,,,,,,,,,,,,,,Verify size and production visibility; props above 0.5m need LOD/cull or impostor proof.,STATIC_SOURCE
mesh,Assets/ScifiFacility/Models/structural/floor/floor/floor_01_4x4.fbx,.fbx,,,,,,,,,,,,,23516,0.022,6,936,0.001,false,0,2,,0,0,1,0,,,,,,,,,,,,,,Verify size and production visibility; props above 0.5m need LOD/cull or impostor proof.,STATIC_SOURCE
mesh,Assets/ScifiFacility/Models/structural/floor/floor/floor_02.fbx,.fbx,,,,,,,,,,,,,44828,0.043,348,54288,0.052,false,0,2,,0,0,1,0,,,,,,,,,,,,,,Verify size and production visibility; props above 0.5m need LOD/cull or impostor proof.,STATIC_SOURCE
mesh,Assets/ScifiFacility/Models/structural/floor/floor/floor_02a.fbx,.fbx,,,,,,,,,,,,,49580,0.047,166,25896,0.025,false,0,2,,0,0,1,0,,,,,,,,,,,,,,Verify size and production visibility; props above 0.5m need LOD/cull or impostor proof.,STATIC_SOURCE
mesh,Assets/ScifiFacility/Models/structural/floor/floor/floor_03.fbx,.fbx,,,,,,,,,,,,,58892,0.056,168,26208,0.025,false,0,2,,0,0,1,0,,,,,,,,,,,,,,Verify size and production visibility; props above 0.5m need LOD/cull or impostor proof.,STATIC_SOURCE
mesh,Assets/ScifiFacility/Models/structural/floor/floor/floor_04.fbx,.fbx,,,,,,,,,,,,,56556,0.054,166,25896,0.025,false,0,2,,0,0,1,0,,,,,,,,,,,,,,Verify size and production visibility; props above 0.5m need LOD/cull or impostor proof.,STATIC_SOURCE
mesh,Assets/ScifiFacility/Models/structural/floor/floor/floor_05.fbx,.fbx,,,,,,,,,,,,,95852,0.091,670,104520,0.100,false,0,2,,0,0,1,0,,,,,,,,,,,,,,Verify size and production visibility; props above 0.5m need LOD/cull or impostor proof.,STATIC_SOURCE
mesh,Assets/ScifiFacility/Models/structural/floor/floor/floor_06.fbx,.fbx,,,,,,,,,,,,,47132,0.045,18,2808,0.003,false,0,2,,0,0,1,0,,,,,,,,,,,,,,Verify size and production visibility; props above 0.5m need LOD/cull or impostor proof.,STATIC_SOURCE
mesh,Assets/ScifiFacility/Models/structural/floor/floor/floor_border_01.fbx,.fbx,,,,,,,,,,,,,35980,0.034,273,42588,0.041,false,0,2,,0,0,1,0,,,,,,,,,,,,,,Verify size and production visibility; props above 0.5m need LOD/cull or impostor proof.,STATIC_SOURCE
mesh,Assets/ScifiFacility/Models/structural/floor/floor/floor_border_02.fbx,.fbx,,,,,,,,,,,,,31404,0.030,181,28236,0.027,false,0,2,,0,0,1,0,,,,,,,,,,,,,,Verify size and production visibility; props above 0.5m need LOD/cull or impostor proof.,STATIC_SOURCE
mesh,Assets/ScifiFacility/Models/structural/floor/floor/floor_border_03.fbx,.fbx,,,,,,,,,,,,,21260,0.020,33,5148,0.005,false,0,2,,0,0,1,0,,,,,,,,,,,,,,Verify size and production visibility; props above 0.5m need LOD/cull or impostor proof.,STATIC_SOURCE
mesh,Assets/ScifiFacility/Models/structural/floor/floor/floor_border_04.fbx,.fbx,,,,,,,,,,,,,38412,0.037,256,39936,0.038,false,0,2,,0,0,1,0,,,,,,,,,,,,,,Verify size and production visibility; props above 0.5m need LOD/cull or impostor proof.,STATIC_SOURCE
mesh,Assets/ScifiFacility/Models/structural/floor/floor/floor_border_05.fbx,.fbx,,,,,,,,,,,,,25420,0.024,119,18564,0.018,false,0,2,,0,0,1,0,,,,,,,,,,,,,,Verify size and production visibility; props above 0.5m need LOD/cull or impostor proof.,STATIC_SOURCE
mesh,Assets/ScifiFacility/Models/structural/floor/floor/floor_border_06.fbx,.fbx,,,,,,,,,,,,,21116,0.020,29,4524,0.004,false,0,2,,0,0,1,0,,,,,,,,,,,,,,Verify size and production visibility; props above 0.5m need LOD/cull or impostor proof.,STATIC_SOURCE
mesh,Assets/ScifiFacility/Models/structural/floor/floor/floor_border_corner_01.fbx,.fbx,,,,,,,,,,,,,30540,0.029,210,32760,0.031,false,0,2,,0,0,1,0,,,,,,,,,,,,,,Verify size and production visibility; props above 0.5m need LOD/cull or impostor proof.,STATIC_SOURCE
mesh,Assets/ScifiFacility/Models/structural/floor/floor/floor_border_corner_02.fbx,.fbx,,,,,,,,,,,,,34732,0.033,94,14664,0.014,false,0,2,,0,0,1,0,,,,,,,,,,,,,,Verify size and production visibility; props above 0.5m need LOD/cull or impostor proof.,STATIC_SOURCE
mesh,Assets/ScifiFacility/Models/structural/floor/floor/floor_crosssection_01.fbx,.fbx,,,,,,,,,,,,,38252,0.036,94,14664,0.014,false,0,2,,0,0,1,0,,,,,,,,,,,,,,Verify size and production visibility; props above 0.5m need LOD/cull or impostor proof.,STATIC_SOURCE
mesh,Assets/ScifiFacility/Models/structural/floor/floor/floor_large_8x8.fbx,.fbx,,,,,,,,,,,,,19948,0.019,2,312,0.000,false,0,2,,0,0,0,0,,,,,,,,,,,,,,Verify size and production visibility; props above 0.5m need LOD/cull or impostor proof.,STATIC_SOURCE
mesh,Assets/ScifiFacility/Models/structural/floor/floor/floor_part_01.fbx,.fbx,,,,,,,,,,,,,33516,0.032,154,24024,0.023,false,0,2,,0,0,1,0,,,,,,,,,,,,,,Verify size and production visibility; props above 0.5m need LOD/cull or impostor proof.,STATIC_SOURCE
mesh,Assets/ScifiFacility/Models/structural/floor/floor/floor_part_02.fbx,.fbx,,,,,,,,,,,,,35148,0.034,186,29016,0.028,false,0,2,,0,0,1,0,,,,,,,,,,,,,,Verify size and production visibility; props above 0.5m need LOD/cull or impostor proof.,STATIC_SOURCE
mesh,Assets/ScifiFacility/Models/structural/floor/floor/floor_part_03.fbx,.fbx,,,,,,,,,,,,,53244,0.051,172,26832,0.026,false,0,2,,0,0,1,0,,,,,,,,,,,,,,Verify size and production visibility; props above 0.5m need LOD/cull or impostor proof.,STATIC_SOURCE
mesh,Assets/ScifiFacility/Models/structural/floor/floor/floor_small_4x4.fbx,.fbx,,,,,,,,,,,,,19964,0.019,2,312,0.000,false,0,2,,0,0,0,0,,,,,,,,,,,,,,Verify size and production visibility; props above 0.5m need LOD/cull or impostor proof.,STATIC_SOURCE
mesh,Assets/ScifiFacility/Models/structural/floor/floor_01.fbx,.fbx,,,,,,,,,,,,,38044,0.036,78,12168,0.012,false,0,2,,0,0,1,0,,,,,,,,,,,,,,Verify size and production visibility; props above 0.5m need LOD/cull or impostor proof.,STATIC_SOURCE
mesh,Assets/ScifiFacility/Models/structural/floor/floor_01_4x4.fbx,.fbx,,,,,,,,,,,,,23516,0.022,6,936,0.001,false,0,2,,0,0,1,0,,,,,,,,,,,,,,Verify size and production visibility; props above 0.5m need LOD/cull or impostor proof.,STATIC_SOURCE
mesh,Assets/ScifiFacility/Models/structural/floor/floor_02.fbx,.fbx,,,,,,,,,,,,,44828,0.043,348,54288,0.052,false,0,2,,0,0,1,0,,,,,,,,,,,,,,Verify size and production visibility; props above 0.5m need LOD/cull or impostor proof.,STATIC_SOURCE
mesh,Assets/ScifiFacility/Models/structural/floor/floor_02a.fbx,.fbx,,,,,,,,,,,,,49580,0.047,166,25896,0.025,false,0,2,,0,0,1,0,,,,,,,,,,,,,,Verify size and production visibility; props above 0.5m need LOD/cull or impostor proof.,STATIC_SOURCE
mesh,Assets/ScifiFacility/Models/structural/floor/floor_03.fbx,.fbx,,,,,,,,,,,,,58892,0.056,168,26208,0.025,false,0,2,,0,0,1,0,,,,,,,,,,,,,,Verify size and production visibility; props above 0.5m need LOD/cull or impostor proof.,STATIC_SOURCE
mesh,Assets/ScifiFacility/Models/structural/floor/floor_04.fbx,.fbx,,,,,,,,,,,,,56556,0.054,166,25896,0.025,false,0,2,,0,0,1,0,,,,,,,,,,,,,,Verify size and production visibility; props above 0.5m need LOD/cull or impostor proof.,STATIC_SOURCE
mesh,Assets/ScifiFacility/Models/structural/floor/floor_06.fbx,.fbx,,,,,,,,,,,,,47132,0.045,18,2808,0.003,false,0,2,,0,0,1,0,,,,,,,,,,,,,,Verify size and production visibility; props above 0.5m need LOD/cull or impostor proof.,STATIC_SOURCE
mesh,Assets/ScifiFacility/Models/structural/floor/floor_border_01.fbx,.fbx,,,,,,,,,,,,,35980,0.034,273,42588,0.041,false,0,2,,0,0,1,0,,,,,,,,,,,,,,Verify size and production visibility; props above 0.5m need LOD/cull or impostor proof.,STATIC_SOURCE
mesh,Assets/ScifiFacility/Models/structural/floor/floor_border_02.fbx,.fbx,,,,,,,,,,,,,31404,0.030,181,28236,0.027,false,0,2,,0,0,1,0,,,,,,,,,,,,,,Verify size and production visibility; props above 0.5m need LOD/cull or impostor proof.,STATIC_SOURCE
mesh,Assets/ScifiFacility/Models/structural/floor/floor_border_03.fbx,.fbx,,,,,,,,,,,,,21260,0.020,33,5148,0.005,false,0,2,,0,0,1,0,,,,,,,,,,,,,,Verify size and production visibility; props above 0.5m need LOD/cull or impostor proof.,STATIC_SOURCE
mesh,Assets/ScifiFacility/Models/structural/floor/floor_border_04.fbx,.fbx,,,,,,,,,,,,,38412,0.037,256,39936,0.038,false,0,2,,0,0,1,0,,,,,,,,,,,,,,Verify size and production visibility; props above 0.5m need LOD/cull or impostor proof.,STATIC_SOURCE
mesh,Assets/ScifiFacility/Models/structural/floor/floor_border_05.fbx,.fbx,,,,,,,,,,,,,25420,0.024,119,18564,0.018,false,0,2,,0,0,1,0,,,,,,,,,,,,,,Verify size and production visibility; props above 0.5m need LOD/cull or impostor proof.,STATIC_SOURCE
mesh,Assets/ScifiFacility/Models/structural/floor/floor_border_06.fbx,.fbx,,,,,,,,,,,,,21116,0.020,29,4524,0.004,false,0,2,,0,0,1,0,,,,,,,,,,,,,,Verify size and production visibility; props above 0.5m need LOD/cull or impostor proof.,STATIC_SOURCE
mesh,Assets/ScifiFacility/Models/structural/floor/floor_border_corner_01.fbx,.fbx,,,,,,,,,,,,,30540,0.029,210,32760,0.031,false,0,2,,0,0,1,0,,,,,,,,,,,,,,Verify size and production visibility; props above 0.5m need LOD/cull or impostor proof.,STATIC_SOURCE
mesh,Assets/ScifiFacility/Models/structural/floor/floor_border_corner_02.fbx,.fbx,,,,,,,,,,,,,34732,0.033,94,14664,0.014,false,0,2,,0,0,1,0,,,,,,,,,,,,,,Verify size and production visibility; props above 0.5m need LOD/cull or impostor proof.,STATIC_SOURCE
mesh,Assets/ScifiFacility/Models/structural/floor/floor_crosssection_01.fbx,.fbx,,,,,,,,,,,,,38252,0.036,94,14664,0.014,false,0,2,,0,0,1,0,,,,,,,,,,,,,,Verify size and production visibility; props above 0.5m need LOD/cull or impostor proof.,STATIC_SOURCE
mesh,Assets/ScifiFacility/Models/structural/floor/floor_part_01.fbx,.fbx,,,,,,,,,,,,,33516,0.032,154,24024,0.023,false,0,2,,0,0,1,0,,,,,,,,,,,,,,Verify size and production visibility; props above 0.5m need LOD/cull or impostor proof.,STATIC_SOURCE
mesh,Assets/ScifiFacility/Models/structural/floor/floor_part_02.fbx,.fbx,,,,,,,,,,,,,35148,0.034,186,29016,0.028,false,0,2,,0,0,1,0,,,,,,,,,,,,,,Verify size and production visibility; props above 0.5m need LOD/cull or impostor proof.,STATIC_SOURCE
mesh,Assets/ScifiFacility/Models/structural/floor/floor_part_03.fbx,.fbx,,,,,,,,,,,,,53244,0.051,172,26832,0.026,false,0,2,,0,0,1,0,,,,,,,,,,,,,,Verify size and production visibility; props above 0.5m need LOD/cull or impostor proof.,STATIC_SOURCE
mesh,Assets/ScifiFacility/Models/structural/floor/floor_small_4x4.fbx,.fbx,,,,,,,,,,,,,19964,0.019,2,312,0.000,false,0,2,,0,0,0,0,,,,,,,,,,,,,,Verify size and production visibility; props above 0.5m need LOD/cull or impostor proof.,STATIC_SOURCE
mesh,Assets/ScifiFacility/Models/structural/rails+scaffolds+stairs/rail_01.fbx,.fbx,,,,,,,,,,,,,48508,0.046,582,90792,0.087,false,0,2,,0,0,1,0,,,,,,,,,,,,,,Verify size and production visibility; props above 0.5m need LOD/cull or impostor proof.,STATIC_SOURCE
mesh,Assets/ScifiFacility/Models/structural/rails+scaffolds+stairs/rail_02.fbx,.fbx,,,,,,,,,,,,,49148,0.047,594,92664,0.088,false,0,2,,0,0,1,0,,,,,,,,,,,,,,Verify size and production visibility; props above 0.5m need LOD/cull or impostor proof.,STATIC_SOURCE
mesh,Assets/ScifiFacility/Models/structural/rails+scaffolds+stairs/scaffold_01.fbx,.fbx,,,,,,,,,,,,,12796,0.012,80,12480,0.012,false,0,2,,0,0,1,0,,,,,,,,,,,,,,Verify size and production visibility; props above 0.5m need LOD/cull or impostor proof.,STATIC_SOURCE
mesh,Assets/ScifiFacility/Models/structural/rails+scaffolds+stairs/scaffold_02.fbx,.fbx,,,,,,,,,,,,,12860,0.012,80,12480,0.012,false,0,2,,0,0,1,0,,,,,,,,,,,,,,Verify size and production visibility; props above 0.5m need LOD/cull or impostor proof.,STATIC_SOURCE
mesh,Assets/ScifiFacility/Models/structural/rails+scaffolds+stairs/scaffold_03.fbx,.fbx,,,,,,,,,,,,,12108,0.012,32,4992,0.005,false,0,2,,0,0,1,0,,,,,,,,,,,,,,Verify size and production visibility; props above 0.5m need LOD/cull or impostor proof.,STATIC_SOURCE
mesh,Assets/ScifiFacility/Models/structural/rails+scaffolds+stairs/scaffold_04.fbx,.fbx,,,,,,,,,,,,,11740,0.011,8,1248,0.001,false,0,2,,0,0,1,0,,,,,,,,,,,,,,Verify size and production visibility; props above 0.5m need LOD/cull or impostor proof.,STATIC_SOURCE
mesh,Assets/ScifiFacility/Models/structural/rails+scaffolds+stairs/scaffold_connector.fbx,.fbx,,,,,,,,,,,,,38460,0.037,320,49920,0.048,false,0,2,,0,0,1,0,,,,,,,,,,,,,,Verify size and production visibility; props above 0.5m need LOD/cull or impostor proof.,STATIC_SOURCE
mesh,Assets/ScifiFacility/Models/structural/rails+scaffolds+stairs/stairs_01.fbx,.fbx,,,,,,,,,,,,,111244,0.106,2176,339456,0.324,false,0,2,,0,0,1,0,,,,,,,,,,,,,,Verify size and production visibility; props above 0.5m need LOD/cull or impostor proof.,STATIC_SOURCE
mesh,Assets/ScifiFacility/Models/structural/rails+scaffolds+stairs/walk_01.fbx,.fbx,,,,,,,,,,,,,90268,0.086,1880,293280,0.280,false,0,2,,0,0,1,0,,,,,,,,,,,,,,Verify size and production visibility; props above 0.5m need LOD/cull or impostor proof.,STATIC_SOURCE
mesh,Assets/ScifiFacility/Models/structural/rails+scaffolds+stairs/walk_02.fbx,.fbx,,,,,,,,,,,,,93404,0.089,2228,347568,0.331,false,0,2,,0,0,1,0,,,,,,,,,,,,,,Verify size and production visibility; props above 0.5m need LOD/cull or impostor proof.,STATIC_SOURCE
mesh,Assets/ScifiFacility/Models/structural/rails+scaffolds+stairs/walk_03.fbx,.fbx,,,,,,,,,,,,,73852,0.070,1188,185328,0.177,false,0,2,,0,0,1,0,,,,,,,,,,,,,,Verify size and production visibility; props above 0.5m need LOD/cull or impostor proof.,STATIC_SOURCE
mesh,Assets/ScifiFacility/Models/structural/rails+scaffolds+stairs/walk_04.fbx,.fbx,,,,,,,,,,,,,42684,0.041,382,59592,0.057,false,0,2,,0,0,1,0,,,,,,,,,,,,,,Verify size and production visibility; props above 0.5m need LOD/cull or impostor proof.,STATIC_SOURCE
mesh,Assets/ScifiFacility/Models/structural/sphere.fbx,.fbx,,,,,,,,,,,,,31164,0.030,1024,159744,0.152,false,0,2,,0,0,1,0,,,,,,,,,,,,,,Verify size and production visibility; props above 0.5m need LOD/cull or impostor proof.,STATIC_SOURCE
mesh,Assets/ScifiFacility/Models/structural/trims/trim_01.fbx,.fbx,,,,,,,,,,,,,68876,0.066,308,48048,0.046,false,0,2,,0,0,1,0,,,,,,,,,,,,,,Verify size and production visibility; props above 0.5m need LOD/cull or impostor proof.,STATIC_SOURCE
mesh,Assets/ScifiFacility/Models/structural/trims/trim_02.fbx,.fbx,,,,,,,,,,,,,28076,0.027,90,14040,0.013,false,0,2,,0,0,1,0,,,,,,,,,,,,,,Verify size and production visibility; props above 0.5m need LOD/cull or impostor proof.,STATIC_SOURCE
mesh,Assets/ScifiFacility/Models/structural/trims/trim_03.fbx,.fbx,,,,,,,,,,,,,20620,0.020,28,4368,0.004,false,0,2,,0,0,1,0,,,,,,,,,,,,,,Verify size and production visibility; props above 0.5m need LOD/cull or impostor proof.,STATIC_SOURCE
mesh,Assets/ScifiFacility/Models/structural/trims/trim_04.fbx,.fbx,,,,,,,,,,,,,24956,0.024,56,8736,0.008,false,0,2,,0,0,1,0,,,,,,,,,,,,,,Verify size and production visibility; props above 0.5m need LOD/cull or impostor proof.,STATIC_SOURCE
mesh,Assets/ScifiFacility/Models/structural/trims/trim_05.fbx,.fbx,,,,,,,,,,,,,25708,0.025,68,10608,0.010,false,0,2,,0,0,1,0,,,,,,,,,,,,,,Verify size and production visibility; props above 0.5m need LOD/cull or impostor proof.,STATIC_SOURCE
mesh,Assets/ScifiFacility/Models/structural/trims/trim_05_cap.fbx,.fbx,,,,,,,,,,,,,20556,0.020,28,4368,0.004,false,0,2,,0,0,1,0,,,,,,,,,,,,,,Verify size and production visibility; props above 0.5m need LOD/cull or impostor proof.,STATIC_SOURCE
mesh,Assets/ScifiFacility/Models/structural/trims/trim_06_a.fbx,.fbx,,,,,,,,,,,,,27052,0.026,178,27768,0.026,false,0,2,,0,0,1,0,,,,,,,,,,,,,,Verify size and production visibility; props above 0.5m need LOD/cull or impostor proof.,STATIC_SOURCE
mesh,Assets/ScifiFacility/Models/structural/trims/trim_06_b.fbx,.fbx,,,,,,,,,,,,,31644,0.030,182,28392,0.027,false,0,2,,0,0,1,0,,,,,,,,,,,,,,Verify size and production visibility; props above 0.5m need LOD/cull or impostor proof.,STATIC_SOURCE
mesh,Assets/ScifiFacility/Models/structural/trims/trim_07.fbx,.fbx,,,,,,,,,,,,,20188,0.019,4,624,0.001,false,0,2,,0,0,1,0,,,,,,,,,,,,,,Verify size and production visibility; props above 0.5m need LOD/cull or impostor proof.,STATIC_SOURCE
mesh,Assets/ScifiFacility/Models/structural/walls/column_01.fbx,.fbx,,,,,,,,,,,,,341388,0.326,1535,239460,0.228,false,0,2,,0,0,1,0,,,,,,,,,,,,,,Verify size and production visibility; props above 0.5m need LOD/cull or impostor proof.,STATIC_SOURCE
mesh,Assets/ScifiFacility/Models/structural/walls/column_01_base.fbx,.fbx,,,,,,,,,,,,,99996,0.095,334,52104,0.050,false,0,2,,0,0,1,0,,,,,,,,,,,,,,Verify size and production visibility; props above 0.5m need LOD/cull or impostor proof.,STATIC_SOURCE
mesh,Assets/ScifiFacility/Models/structural/walls/column_03.fbx,.fbx,,,,,,,,,,,,,115068,0.110,2000,312000,0.298,false,0,2,,0,0,1,0,,,,,,,,,,,,,,Verify size and production visibility; props above 0.5m need LOD/cull or impostor proof.,STATIC_SOURCE
mesh,Assets/ScifiFacility/Models/structural/walls/column_04.fbx,.fbx,,,,,,,,,,,,,94908,0.091,1594,248664,0.237,false,0,2,,0,0,1,0,,,,,,,,,,,,,,Verify size and production visibility; props above 0.5m need LOD/cull or impostor proof.,STATIC_SOURCE
mesh,Assets/ScifiFacility/Models/structural/walls/column_04_connector.fbx,.fbx,,,,,,,,,,,,,30764,0.029,180,28080,0.027,false,0,2,,0,0,1,0,,,,,,,,,,,,,,Verify size and production visibility; props above 0.5m need LOD/cull or impostor proof.,STATIC_SOURCE
mesh,Assets/ScifiFacility/Models/structural/walls/column_04_connector_b.fbx,.fbx,,,,,,,,,,,,,27244,0.026,92,14352,0.014,false,0,2,,0,0,1,0,,,,,,,,,,,,,,Verify size and production visibility; props above 0.5m need LOD/cull or impostor proof.,STATIC_SOURCE
mesh,Assets/ScifiFacility/Models/structural/walls/column_05.fbx,.fbx,,,,,,,,,,,,,69660,0.066,882,137592,0.131,false,0,2,,0,0,1,0,,,,,,,,,,,,,,Verify size and production visibility; props above 0.5m need LOD/cull or impostor proof.,STATIC_SOURCE
mesh,Assets/ScifiFacility/Models/structural/walls/column_05_prop_01.fbx,.fbx,,,,,,,,,,,,,33132,0.032,282,43992,0.042,false,0,2,,0,0,1,0,,,,,,,,,,,,,,Verify size and production visibility; props above 0.5m need LOD/cull or impostor proof.,STATIC_SOURCE
mesh,Assets/ScifiFacility/Models/structural/walls/hull.fbx,.fbx,,,,,,,,,,,,,16844,0.016,223,34788,0.033,false,0,2,,0,0,1,0,,,,,,,,,,,,,,Verify size and production visibility; props above 0.5m need LOD/cull or impostor proof.,STATIC_SOURCE
mesh,Assets/ScifiFacility/Models/structural/walls/viewing_deck.fbx,.fbx,,,,,,,,,,,,,469804,0.448,12778,1993368,1.901,false,0,2,,0,0,1,0,,,,,,,,,,,,,,Verify size and production visibility; props above 0.5m need LOD/cull or impostor proof.,STATIC_SOURCE
mesh,Assets/ScifiFacility/Models/structural/walls/wall_01_2x3_b.fbx,.fbx,,,,,,,,,,,,,58316,0.056,662,103272,0.098,false,0,2,,0,0,1,0,,,,,,,,,,,,,,Verify size and production visibility; props above 0.5m need LOD/cull or impostor proof.,STATIC_SOURCE
mesh,Assets/ScifiFacility/Models/structural/walls/wall_01_2x3_top_trim.fbx,.fbx,,,,,,,,,,,,,30700,0.029,89,13884,0.013,false,0,2,,0,0,1,0,,,,,,,,,,,,,,Verify size and production visibility; props above 0.5m need LOD/cull or impostor proof.,STATIC_SOURCE
mesh,Assets/ScifiFacility/Models/structural/walls/wall_01_4x3_a.fbx,.fbx,,,,,,,,,,,,,47452,0.045,55,8580,0.008,false,0,2,,0,0,1,0,,,,,,,,,,,,,,Verify size and production visibility; props above 0.5m need LOD/cull or impostor proof.,STATIC_SOURCE
mesh,Assets/ScifiFacility/Models/structural/walls/wall_01_4x3_b.fbx,.fbx,,,,,,,,,,,,,86156,0.082,282,43992,0.042,false,0,2,,0,0,1,0,,,,,,,,,,,,,,Verify size and production visibility; props above 0.5m need LOD/cull or impostor proof.,STATIC_SOURCE
mesh,Assets/ScifiFacility/Models/structural/walls/wall_01_4x3_d.fbx,.fbx,,,,,,,,,,,,,34700,0.033,140,21840,0.021,false,0,2,,0,0,1,0,,,,,,,,,,,,,,Verify size and production visibility; props above 0.5m need LOD/cull or impostor proof.,STATIC_SOURCE
mesh,Assets/ScifiFacility/Models/structural/walls/wall_01_4x3_door.fbx,.fbx,,,,,,,,,,,,,263292,0.251,1407,219492,0.209,false,0,2,,0,0,1,0,,,,,,,,,,,,,,Verify size and production visibility; props above 0.5m need LOD/cull or impostor proof.,STATIC_SOURCE
mesh,Assets/ScifiFacility/Models/structural/walls/wall_01_4x3_door_02.fbx,.fbx,,,,,,,,,,,,,87788,0.084,960,149760,0.143,false,0,2,,0,0,1,0,,,,,,,,,,,,,,Verify size and production visibility; props above 0.5m need LOD/cull or impostor proof.,STATIC_SOURCE
mesh,Assets/ScifiFacility/Models/structural/walls/wall_01_4x3_door_b.fbx,.fbx,,,,,,,,,,,,,52476,0.050,614,95784,0.091,false,0,2,,0,0,1,0,,,,,,,,,,,,,,Verify size and production visibility; props above 0.5m need LOD/cull or impostor proof.,STATIC_SOURCE
mesh,Assets/ScifiFacility/Models/structural/walls/wall_01_4x3_door_wing_left.fbx,.fbx,,,,,,,,,,,,,79740,0.076,304,47424,0.045,false,0,2,,0,0,1,0,,,,,,,,,,,,,,Verify size and production visibility; props above 0.5m need LOD/cull or impostor proof.,STATIC_SOURCE
mesh,Assets/ScifiFacility/Models/structural/walls/wall_01_4x3_door_wing_right.fbx,.fbx,,,,,,,,,,,,,124108,0.118,524,81744,0.078,false,0,2,,0,0,1,0,,,,,,,,,,,,,,Verify size and production visibility; props above 0.5m need LOD/cull or impostor proof.,STATIC_SOURCE
mesh,Assets/ScifiFacility/Models/structural/walls/wall_01_4x3_door_wings.fbx,.fbx,,,,,,,,,,,,,194780,0.186,878,136968,0.131,false,0,2,,0,0,1,0,,,,,,,,,,,,,,Verify size and production visibility; props above 0.5m need LOD/cull or impostor proof.,STATIC_SOURCE
mesh,Assets/ScifiFacility/Models/structural/walls/wall_01_4x3_e.fbx,.fbx,,,,,,,,,,,,,89148,0.085,481,75036,0.072,false,0,2,,0,0,1,0,,,,,,,,,,,,,,Verify size and production visibility; props above 0.5m need LOD/cull or impostor proof.,STATIC_SOURCE
mesh,Assets/ScifiFacility/Models/structural/walls/wall_01_4x3_f.fbx,.fbx,,,,,,,,,,,,,40684,0.039,422,65832,0.063,false,0,2,,0,0,1,0,,,,,,,,,,,,,,Verify size and production visibility; props above 0.5m need LOD/cull or impostor proof.,STATIC_SOURCE
mesh,Assets/ScifiFacility/Models/structural/walls/wall_01_4x3_g.fbx,.fbx,,,,,,,,,,,,,55420,0.053,92,14352,0.014,false,0,2,,0,0,1,0,,,,,,,,,,,,,,Verify size and production visibility; props above 0.5m need LOD/cull or impostor proof.,STATIC_SOURCE
mesh,Assets/ScifiFacility/Models/structural/walls/wall_01_4x3_h.fbx,.fbx,,,,,,,,,,,,,301020,0.287,5388,840528,0.802,false,0,2,,0,0,1,0,,,,,,,,,,,,,,Verify size and production visibility; props above 0.5m need LOD/cull or impostor proof.,STATIC_SOURCE
mesh,Assets/ScifiFacility/Models/structural/walls/wall_01_4x3_h_door.fbx,.fbx,,,,,,,,,,,,,56604,0.054,552,86112,0.082,false,0,2,,0,0,1,0,,,,,,,,,,,,,,Verify size and production visibility; props above 0.5m need LOD/cull or impostor proof.,STATIC_SOURCE
mesh,Assets/ScifiFacility/Models/structural/walls/wall_01_4x3_i.fbx,.fbx,,,,,,,,,,,,,56428,0.054,447,69732,0.067,false,0,2,,0,0,1,0,,,,,,,,,,,,,,Verify size and production visibility; props above 0.5m need LOD/cull or impostor proof.,STATIC_SOURCE
mesh,Assets/ScifiFacility/Models/structural/walls/wall_01_4x3_top_trim.fbx,.fbx,,,,,,,,,,,,,31292,0.030,112,17472,0.017,false,0,2,,0,0,1,0,,,,,,,,,,,,,,Verify size and production visibility; props above 0.5m need LOD/cull or impostor proof.,STATIC_SOURCE
mesh,Assets/ScifiFacility/Models/structural/walls/wall_01_4x3_top_trim_corner.fbx,.fbx,,,,,,,,,,,,,42172,0.040,364,56784,0.054,false,0,2,,0,0,1,0,,,,,,,,,,,,,,Verify size and production visibility; props above 0.5m need LOD/cull or impostor proof.,STATIC_SOURCE
mesh,Assets/ScifiFacility/Models/structural/walls/wall_01_4x3_window.fbx,.fbx,,,,,,,,,,,,,70732,0.067,706,110136,0.105,false,0,2,,0,0,1,0,,,,,,,,,,,,,,Verify size and production visibility; props above 0.5m need LOD/cull or impostor proof.,STATIC_SOURCE
mesh,Assets/ScifiFacility/Models/structural/walls/wall_01_6x3_door.fbx,.fbx,,,,,,,,,,,,,197020,0.188,3540,552240,0.527,false,0,2,,0,0,1,0,,,,,,,,,,,,,,Verify size and production visibility; props above 0.5m need LOD/cull or impostor proof.,STATIC_SOURCE
mesh,Assets/ScifiFacility/Models/structural/walls/wall_01_6x3_door_b.fbx,.fbx,,,,,,,,,,,,,191692,0.183,3468,541008,0.516,false,0,2,,0,0,1,0,,,,,,,,,,,,,,Verify size and production visibility; props above 0.5m need LOD/cull or impostor proof.,STATIC_SOURCE
mesh,Assets/ScifiFacility/Models/structural/walls/wall_01_connector_01.fbx,.fbx,,,,,,,,,,,,,45612,0.043,158,24648,0.024,false,0,2,,0,0,1,0,,,,,,,,,,,,,,Verify size and production visibility; props above 0.5m need LOD/cull or impostor proof.,STATIC_SOURCE
mesh,Assets/ScifiFacility/Models/structural/walls/wall_01_connector_02.fbx,.fbx,,,,,,,,,,,,,30300,0.029,276,43056,0.041,false,0,2,,0,0,1,0,,,,,,,,,,,,,,Verify size and production visibility; props above 0.5m need LOD/cull or impostor proof.,STATIC_SOURCE
mesh,Assets/ScifiFacility/Models/structural/walls/wall_01_connector_03.fbx,.fbx,,,,,,,,,,,,,28140,0.027,20,3120,0.003,false,0,2,,0,0,1,0,,,,,,,,,,,,,,Verify size and production visibility; props above 0.5m need LOD/cull or impostor proof.,STATIC_SOURCE
mesh,Assets/ScifiFacility/Models/structural/walls/wall_01_connector_04.fbx,.fbx,,,,,,,,,,,,,25084,0.024,110,17160,0.016,false,0,2,,0,0,1,0,,,,,,,,,,,,,,Verify size and production visibility; props above 0.5m need LOD/cull or impostor proof.,STATIC_SOURCE
mesh,Assets/ScifiFacility/Models/structural/walls/wall_01_connector_ceiling_07.fbx,.fbx,,,,,,,,,,,,,21628,0.021,42,6552,0.006,false,0,2,,0,0,1,0,,,,,,,,,,,,,,Verify size and production visibility; props above 0.5m need LOD/cull or impostor proof.,STATIC_SOURCE
mesh,Assets/ScifiFacility/Models/structural/walls/wall_01_connector_corner.fbx,.fbx,,,,,,,,,,,,,26204,0.025,19,2964,0.003,false,0,2,,0,0,1,0,,,,,,,,,,,,,,Verify size and production visibility; props above 0.5m need LOD/cull or impostor proof.,STATIC_SOURCE
mesh,Assets/ScifiFacility/Models/structural/walls/wall_01_corner_a.fbx,.fbx,,,,,,,,,,,,,40812,0.039,235,36660,0.035,false,0,2,,0,0,1,0,,,,,,,,,,,,,,Verify size and production visibility; props above 0.5m need LOD/cull or impostor proof.,STATIC_SOURCE
mesh,Assets/ScifiFacility/Models/structural/walls/wall_01_corner_a_ceiling.fbx,.fbx,,,,,,,,,,,,,45836,0.044,202,31512,0.030,false,0,2,,0,0,1,0,,,,,,,,,,,,,,Verify size and production visibility; props above 0.5m need LOD/cull or impostor proof.,STATIC_SOURCE
mesh,Assets/ScifiFacility/Models/structural/walls/wall_01_corner_b.fbx,.fbx,,,,,,,,,,,,,39996,0.038,235,36660,0.035,false,0,2,,0,0,1,0,,,,,,,,,,,,,,Verify size and production visibility; props above 0.5m need LOD/cull or impostor proof.,STATIC_SOURCE
mesh,Assets/ScifiFacility/Models/structural/walls/wall_01_corner_b_ceiling.fbx,.fbx,,,,,,,,,,,,,56572,0.054,276,43056,0.041,false,0,2,,0,0,1,0,,,,,,,,,,,,,,Verify size and production visibility; props above 0.5m need LOD/cull or impostor proof.,STATIC_SOURCE
mesh,Assets/ScifiFacility/Models/structural/walls/wall_02_1x1_a.fbx,.fbx,,,,,,,,,,,,,37804,0.036,204,31824,0.030,false,0,2,,0,0,1,0,,,,,,,,,,,,,,Verify size and production visibility; props above 0.5m need LOD/cull or impostor proof.,STATIC_SOURCE
mesh,Assets/ScifiFacility/Models/structural/walls/wall_02_1x1_b.fbx,.fbx,,,,,,,,,,,,,38972,0.037,235,36660,0.035,false,0,2,,0,0,1,0,,,,,,,,,,,,,,Verify size and production visibility; props above 0.5m need LOD/cull or impostor proof.,STATIC_SOURCE
mesh,Assets/ScifiFacility/Models/structural/walls/wall_02_1x1_corner.fbx,.fbx,,,,,,,,,,,,,40524,0.039,226,35256,0.034,false,0,2,,0,0,1,0,,,,,,,,,,,,,,Verify size and production visibility; props above 0.5m need LOD/cull or impostor proof.,STATIC_SOURCE
mesh,Assets/ScifiFacility/Models/structural/walls/wall_02_1x2_d.fbx,.fbx,,,,,,,,,,,,,30556,0.029,98,15288,0.015,false,0,2,,0,0,1,0,,,,,,,,,,,,,,Verify size and production visibility; props above 0.5m need LOD/cull or impostor proof.,STATIC_SOURCE
mesh,Assets/ScifiFacility/Models/structural/walls/wall_02_1x3_c.fbx,.fbx,,,,,,,,,,,,,52636,0.050,467,72852,0.069,false,0,2,,0,0,1,0,,,,,,,,,,,,,,Verify size and production visibility; props above 0.5m need LOD/cull or impostor proof.,STATIC_SOURCE
mesh,Assets/ScifiFacility/Models/structural/walls/wall_03_4x3_a.fbx,.fbx,,,,,,,,,,,,,56668,0.054,321,50076,0.048,false,0,2,,0,0,1,0,,,,,,,,,,,,,,Verify size and production visibility; props above 0.5m need LOD/cull or impostor proof.,STATIC_SOURCE
mesh,Assets/ScifiFacility/Models/structural/walls/wall_03_8x3_b.fbx,.fbx,,,,,,,,,,,,,59484,0.057,451,70356,0.067,false,0,2,,0,0,1,0,,,,,,,,,,,,,,Verify size and production visibility; props above 0.5m need LOD/cull or impostor proof.,STATIC_SOURCE
mesh,Assets/ScifiFacility/Models/structural/walls/wall_04_10x1_f.fbx,.fbx,,,,,,,,,,,,,27020,0.026,18,2808,0.003,false,0,2,,0,0,1,0,,,,,,,,,,,,,,Verify size and production visibility; props above 0.5m need LOD/cull or impostor proof.,STATIC_SOURCE
mesh,Assets/ScifiFacility/Models/structural/walls/wall_04_2x4_b.fbx,.fbx,,,,,,,,,,,,,30476,0.029,84,13104,0.012,false,0,2,,0,0,1,0,,,,,,,,,,,,,,Verify size and production visibility; props above 0.5m need LOD/cull or impostor proof.,STATIC_SOURCE
mesh,Assets/ScifiFacility/Models/structural/walls/wall_04_4x1_f.fbx,.fbx,,,,,,,,,,,,,27036,0.026,16,2496,0.002,false,0,2,,0,0,1,0,,,,,,,,,,,,,,Verify size and production visibility; props above 0.5m need LOD/cull or impostor proof.,STATIC_SOURCE
mesh,Assets/ScifiFacility/Models/structural/walls/wall_04_6x4_e.fbx,.fbx,,,,,,,,,,,,,50012,0.048,254,39624,0.038,false,0,2,,0,0,1,0,,,,,,,,,,,,,,Verify size and production visibility; props above 0.5m need LOD/cull or impostor proof.,STATIC_SOURCE
mesh,Assets/ScifiFacility/Models/structural/walls/wall_04_8x10_c.fbx,.fbx,,,,,,,,,,,,,41468,0.040,180,28080,0.027,false,0,2,,0,0,1,0,,,,,,,,,,,,,,Verify size and production visibility; props above 0.5m need LOD/cull or impostor proof.,STATIC_SOURCE
mesh,Assets/ScifiFacility/Models/structural/walls/wall_04_8x10_c_connector_a.fbx,.fbx,,,,,,,,,,,,,20780,0.020,20,3120,0.003,false,0,2,,0,0,1,0,,,,,,,,,,,,,,Verify size and production visibility; props above 0.5m need LOD/cull or impostor proof.,STATIC_SOURCE
mesh,Assets/ScifiFacility/Models/structural/walls/wall_04_8x10_c_connector_b.fbx,.fbx,,,,,,,,,,,,,21404,0.020,48,7488,0.007,false,0,2,,0,0,1,0,,,,,,,,,,,,,,Verify size and production visibility; props above 0.5m need LOD/cull or impostor proof.,STATIC_SOURCE
mesh,Assets/ScifiFacility/Models/structural/walls/wall_04_8x10_c_connector_c.fbx,.fbx,,,,,,,,,,,,,21164,0.020,48,7488,0.007,false,0,2,,0,0,1,0,,,,,,,,,,,,,,Verify size and production visibility; props above 0.5m need LOD/cull or impostor proof.,STATIC_SOURCE
mesh,Assets/ScifiFacility/Models/structural/walls/wall_04_8x10_c_connector_d.fbx,.fbx,,,,,,,,,,,,,23804,0.023,90,14040,0.013,false,0,2,,0,0,1,0,,,,,,,,,,,,,,Verify size and production visibility; props above 0.5m need LOD/cull or impostor proof.,STATIC_SOURCE
mesh,Assets/ScifiFacility/Models/structural/walls/wall_04_8x10_c_door.fbx,.fbx,,,,,,,,,,,,,41132,0.039,290,45240,0.043,false,0,2,,0,0,1,0,,,,,,,,,,,,,,Verify size and production visibility; props above 0.5m need LOD/cull or impostor proof.,STATIC_SOURCE
mesh,Assets/Shapes/Models/shapes_primitives.fbx,.fbx,,,,,,,,,,,,,89164,0.085,3222,502632,0.479,false,0,0,,0,0,0,0,,,,,,,,,,,,MESH_COMPRESSION_OFF_STATIC_SUSPECT,,"Fix ModelImporter risk: disable Read/Write, BlendShapes, colliders, or compression-off unless CPU/hero proof exists.",STATIC_SOURCE
render_texture,Assets/_Project/Art/TEXTURES/RT_HUD_Display.renderTexture,.rendertexture,1280,720,RenderTexture,,,,,,,,,,860,0.001,,,,,,,,,,,,8,94,1,0,0,,1,0,0,7372800,7.031,RENDER_TEXTURE_DEPTH_STENCIL_PRESENT_STATIC_SUSPECT,,Verify RT necessity in Unity; remove depth/MSAA/mips/random-write unless required and keep RT+Depth under 320 MiB.,STATIC_SOURCE
