path,release_set_id,packet_id,article_id,voice,speaker_or_institution,unlock_context,poi_context,locale_coverage,terminal_locale_coverage,draft_locale_rows,mojibake_rows,missing_locales,changed_by_1774,locale_review_state,sample_en
Docs/Lore/AppliedContent/packets/RS002_DEEPENING_DESCENT.packets.json,RS002_DEEPENING_DESCENT,P006_DEAD_CLAIM_CACHE,marauder.dead_claim_cache,"audio,external_site,field_note,in_game_wiki,scanner,terminal",Black Keel / claim-pool carrier,unlock.first_marauder_cache,poi.dead_claim_buoy;poi.marauder_cache;poi.cut_tether,15/15,15/15,0,0,,no,inventory_only,Route under north pipe is quiet until the lamps wake up. Do not touch the blue casket. Do not answer carrier pings from inside the canyon.
Docs/Lore/AppliedContent/packets/RS003_HUMAN_SPACE_AEGIR_ROUTE.packets.json,RS003_HUMAN_SPACE_AEGIR_ROUTE,P011_DOMAIN_MARKS_2190,human.domain_marks_2190,"audio,external_site,field_note,in_game_wiki,scanner,terminal",Marauder / salvage field note,unlock.first_multi_domain_mark,poi.domain_tool_stamp;poi.route_cargo_tag;poi.old_safety_plate,15/15,15/15,0,0,,no,inventory_only,Origin standards accepted: Sol Core. Repair authority: Barnard Yards. Packet custody: Luyten Junction. Claim jurisdiction: Aegir local.
Docs/Lore/AppliedContent/packets/RS003_HUMAN_SPACE_AEGIR_ROUTE.packets.json,RS003_HUMAN_SPACE_AEGIR_ROUTE,P012_RELAY_SPINE,transit.relay_spine,"audio,external_site,field_note,in_game_wiki,scanner,terminal",Unclassified document source,unlock.first_relay_buffer,poi.relay_buffer;poi.packet_spool;poi.beam_schedule_panel,15/15,15/15,0,0,,no,inventory_only,Packet queued. Light-delay route accepted. Priority dispute unresolved. Human-response estimate: non-operational.
Docs/Lore/AppliedContent/packets/RS003_HUMAN_SPACE_AEGIR_ROUTE.packets.json,RS003_HUMAN_SPACE_AEGIR_ROUTE,P013_NEARLIGHT_SHIP_CLASSES,ships.nearlight_classes,"audio,external_site,field_note,in_game_wiki,scanner,terminal",Black Keel / claim-pool carrier,unlock.first_transit_manifest,poi.transit_manifest;poi.sleeper_tag;poi.mass_carrier_record,15/15,15/15,0,0,,no,inventory_only,"No FTL lane registered. Transit class requires launch infrastructure, braking plan, shielding mass, and route custody."
Docs/Lore/AppliedContent/packets/RS003_HUMAN_SPACE_AEGIR_ROUTE.packets.json,RS003_HUMAN_SPACE_AEGIR_ROUTE,P014_AEGIR_ROUTE_WINDOW,aegir.route_window,"audio,external_site,field_note,in_game_wiki,scanner,terminal",Black Keel / claim-pool carrier,unlock.first_aegir_window_table,poi.window_table;poi.moon_shadow_timer;poi.radiation_weather_panel,15/15,15/15,0,0,,no,inventory_only,Window update: moon shadow clearing. Uplink noise falling. Radiation count rising. Ascent mass estimate pending carrier geometry.
Docs/Lore/AppliedContent/packets/RS003_HUMAN_SPACE_AEGIR_ROUTE.packets.json,RS003_HUMAN_SPACE_AEGIR_ROUTE,P015_BLACK_KEEL_LEDGER,ships.black_keel_ledger,"audio,external_site,field_note,in_game_wiki,scanner,terminal",Deep Reach / claim-liability institution,unlock.first_black_keel_ledger,poi.claim_pool_ledger;poi.carrier_debt_record;poi.deep_reach_priority_hook,15/15,15/15,0,0,,no,inventory_only,Recovery service conditional. Claim clearance incomplete. Deep-priority route masked. Payload authority remains carrier-side.
Docs/Lore/AppliedContent/packets/RS004_AEGIR_SYSTEM_HECTON8_ECOLOGY.packets.json,RS004_AEGIR_SYSTEM_HECTON8_ECOLOGY,P016_AEGIR_HOST_STAR,location.aegir.host_star,"audio,external_site,field_note,in_game_wiki,scanner,terminal",Unclassified document source,unlock.first_host_star_reading,poi.sky_window;poi.route_archive;poi.black_keel_ephemeris,15/15,15/15,0,0,,no,inventory_only,"Ran/Aegir route ephemeris: K-dwarf primary, delayed interstellar packets, no FTL rescue vector. Treat all help as local."
Docs/Lore/AppliedContent/packets/RS004_AEGIR_SYSTEM_HECTON8_ECOLOGY.packets.json,RS004_AEGIR_SYSTEM_HECTON8_ECOLOGY,P017_AEGIR_MOON_LADDER,location.aegir.moon_ladder,"audio,external_site,field_note,in_game_wiki,scanner,terminal",Deep Reach / claim-liability institution,unlock.first_moon_ladder_map,poi.orbit_dossier;poi.signal_mast;poi.black_keel_ephemeris,15/15,15/15,0,0,,no,inventory_only,"AEGIR ROUTE NOTE: HECTON-8 sits after Kestrel. Relay shadow, tide phase and carrier window must match before payload ascent."
Docs/Lore/AppliedContent/packets/RS004_AEGIR_SYSTEM_HECTON8_ECOLOGY.packets.json,RS004_AEGIR_SYSTEM_HECTON8_ECOLOGY,P018_HECTON8_DROWNED_GEOLOGY,location.hecton8.drowned_geology,"audio,external_site,field_note,in_game_wiki,scanner,terminal",Marauder / salvage field note,unlock.first_geology_route_model,poi.geology_scanner;poi.brine_step;poi.thermal_route_marker,15/15,15/15,0,0,,no,inventory_only,"DEPTH FORECAST: shelf collapse, service-canyon funneling, brine-density curtains, thermal plumes, abyssal silt exposure. Route confidence falls after storm surge."
Docs/Lore/AppliedContent/packets/RS004_AEGIR_SYSTEM_HECTON8_ECOLOGY.packets.json,RS004_AEGIR_SYSTEM_HECTON8_ECOLOGY,P019_HECTON8_RESOURCE_STACK,location.hecton8.resource_stack,"audio,external_site,field_note,in_game_wiki,scanner,terminal",Deep Reach / claim-liability institution,unlock.first_resource_stack_scan,poi.resource_casket;poi.salvage_cache;poi.process_stack,15/15,15/15,0,0,,no,inventory_only,"Value model: survival biota, human salvage, route hardware, pressure chemistry, blue debt, pressure glass, continuity substrate."
Docs/Lore/AppliedContent/packets/RS004_AEGIR_SYSTEM_HECTON8_ECOLOGY.packets.json,RS004_AEGIR_SYSTEM_HECTON8_ECOLOGY,P020_HECTON8_ECOLOGY_REGISTRY,location.hecton8.ecology_registry,"audio,external_site,field_note,in_game_wiki,scanner,terminal",Unclassified document source,unlock.first_ecology_registry_scan,poi.shallow_biota;poi.cable_flora;poi.altered_fauna,15/15,15/15,0,0,,no,inventory_only,REGISTRY SPLIT: native pressure ecology; colony-adapted cable biota; Atlas-altered repair organisms. Mislabeling can destroy working seals.
Docs/Lore/AppliedContent/packets/RS005_CARRIER_ESCAPE_DEEP_REACH_PRESSURE.packets.json,RS005_CARRIER_ESCAPE_DEEP_REACH_PRESSURE,P021_BLACK_KEEL_CUSTODY,ships.black_keel_custody,"audio,external_site,field_note,in_game_wiki,scanner,terminal",Black Keel / claim-pool carrier,unlock.first_black_keel_custody_record,poi.carrier_contract;poi.claim_pool_ledger;poi.orbital_proxy,15/15,15/15,0,0,,no,inventory_only,"Custody file: hull owner masked, claim-pool debt active, Deep Reach priority channel present but not declared to contractor."
Docs/Lore/AppliedContent/packets/RS005_CARRIER_ESCAPE_DEEP_REACH_PRESSURE.packets.json,RS005_CARRIER_ESCAPE_DEEP_REACH_PRESSURE,P022_DROP_CAPSULE_DAMAGE,arrival.drop_capsule_damage,"audio,external_site,field_note,in_game_wiki,scanner,terminal",Capsule black-box / machine recorder,unlock.first_drop_capsule_damage_audit,poi.drop_capsule;poi.crash_shelter;poi.reentry_blackbox,15/15,15/15,0,0,,no,inventory_only,"Reentry blackbox: chute burn, ballast puncture, comm mast shear, ascent seal ruined. Orbit return requires external build chain."
Docs/Lore/AppliedContent/packets/RS005_CARRIER_ESCAPE_DEEP_REACH_PRESSURE.packets.json,RS005_CARRIER_ESCAPE_DEEP_REACH_PRESSURE,P023_DEEP_REACH_RETURN_CLAIM,factions.deep_reach_return_claim,"audio,external_site,field_note,in_game_wiki,scanner,terminal",Deep Reach / claim-liability institution,unlock.first_deep_reach_return_claim,poi.deep_reach_contract;poi.relay_instruction;poi.sanitized_log,15/15,15/15,0,0,,no,inventory_only,"Proxy order chain: secure Atlas access, classify colony records, preserve Xenon-Omega claim, minimize contractor autonomy."
Docs/Lore/AppliedContent/packets/RS005_CARRIER_ESCAPE_DEEP_REACH_PRESSURE.packets.json,RS005_CARRIER_ESCAPE_DEEP_REACH_PRESSURE,P024_FALSE_EXIT_MATERIAL,endings.false_exit_material,"audio,external_site,field_note,in_game_wiki,scanner,terminal",Black Keel / claim-pool carrier,unlock.first_material_exit_offer,poi.payload_gantry;poi.carrier_bargain;poi.claim_invoice,15/15,15/15,0,0,,no,inventory_only,"Exit contract: submit sealed sample, abandon deep proof, accept claim audit and return under debt review. Warning: truth chain remains incomplete."
Docs/Lore/AppliedContent/packets/RS005_CARRIER_ESCAPE_DEEP_REACH_PRESSURE.packets.json,RS005_CARRIER_ESCAPE_DEEP_REACH_PRESSURE,P025_PROFESSIONAL_MOTIVE,player.professional_motive,"audio,external_site,field_note,in_game_wiki,scanner,terminal",Colony worker artifact,unlock.first_professional_motive_shift,poi.barnard_mark;poi.personal_object;poi.worker_record,15/15,15/15,0,0,,no,inventory_only,Marauder dossier: origin band Barnard Yards or frontier salvage belt. No Earth tourist profile. Prior motive: contract and skill. Current motive: unresolved human trace.
Docs/Lore/AppliedContent/packets/RS006_HUMANITY_TRANSIT_SEED_LOGISTICS.packets.json,RS006_HUMANITY_TRANSIT_SEED_LOGISTICS,P026_SIX_DOMAIN_LEDGER,humanity.six_domain_ledger,"audio,external_site,field_note,in_game_wiki,scanner,terminal",Colony worker artifact,unlock.first_six_domain_ledger,poi.domain_plate;poi.route_archive;poi.claim_office,15/15,15/15,0,0,,no,inventory_only,"Domain register: Sol Core law, Centauri legitimacy, Barnard yards, Tau Ceti public arbitration, Luyten relay custody, Aegir corporate claim."
Docs/Lore/AppliedContent/packets/RS006_HUMANITY_TRANSIT_SEED_LOGISTICS.packets.json,RS006_HUMANITY_TRANSIT_SEED_LOGISTICS,P027_BARNARD_YARDS_ORIGIN,player.barnard_yards_origin,"audio,external_site,field_note,in_game_wiki,scanner,terminal",Capsule black-box / machine recorder,unlock.first_barnard_yards_origin_record,poi.worker_locker;poi.tool_stamp;poi.marauder_dossier,15/15,15/15,0,0,,no,inventory_only,"Marauder cross-check: Barnard Yards stamps appear in worker lockers, capsule repair kits and independent salvage tools."
Docs/Lore/AppliedContent/packets/RS006_HUMANITY_TRANSIT_SEED_LOGISTICS.packets.json,RS006_HUMANITY_TRANSIT_SEED_LOGISTICS,P028_NO_FTL_TRANSIT_MATH,travel.no_ftl_transit_math,"audio,external_site,field_note,in_game_wiki,scanner,terminal",Unclassified document source,unlock.first_transit_math_record,poi.route_archive;poi.relay_packet;poi.carrier_nav,15/15,15/15,0,0,,no,inventory_only,"Transit note: no FTL, no ansible. Aegir packets move through relays, buffers and orbital windows; response authority can be older than the emergency."
Docs/Lore/AppliedContent/packets/RS006_HUMANITY_TRANSIT_SEED_LOGISTICS.packets.json,RS006_HUMANITY_TRANSIT_SEED_LOGISTICS,P029_SEED_SHIP_DOCTRINE,deep_reach.seed_ship_doctrine,"audio,external_site,field_note,in_game_wiki,scanner,terminal",Deep Reach / claim-liability institution,unlock.first_seed_ship_doctrine_record,poi.seed_factory_log;poi.atlas_directive;poi.deep_reach_archive,15/15,15/15,0,0,,no,inventory_only,"Deep Reach doctrine: send autonomous industrial systems first; let machines build the shell, law and resource continuity before crews can object."
Docs/Lore/AppliedContent/packets/RS006_HUMANITY_TRANSIT_SEED_LOGISTICS.packets.json,RS006_HUMANITY_TRANSIT_SEED_LOGISTICS,P030_RELAY_CUSTODY_DEBT_CHAIN,routes.relay_custody_debt_chain,"audio,external_site,field_note,in_game_wiki,scanner,terminal",Black Keel / claim-pool carrier,unlock.first_relay_debt_chain_record,poi.claim_pool_ledger;poi.relay_packet;poi.contract_terminal,15/15,15/15,0,0,,no,inventory_only,"Custody note: Luyten packet buffer, Aegir claim pool and Black Keel carrier rights all reference the same debt chain."
Docs/Lore/AppliedContent/packets/RS007_DEPTH_ECOLOGY_FACTORY_TEMPLE.packets.json,RS007_DEPTH_ECOLOGY_FACTORY_TEMPLE,P031_PHOTIC_SHELF_LIFE,hecton8.photic_shelf_life,"audio,external_site,field_note,in_game_wiki,scanner,terminal",Unclassified document source,unlock.first_photic_shelf_life,poi.shallow_biome_scan;poi.drop_shelter_window;poi.surface_reef,15/15,15/15,0,0,,no,inventory_only,SHELF SURVEY: native photic biota outside Atlas repair dominance. Use as baseline before judging cable-reef or repair-scar growth.
Docs/Lore/AppliedContent/packets/RS007_DEPTH_ECOLOGY_FACTORY_TEMPLE.packets.json,RS007_DEPTH_ECOLOGY_FACTORY_TEMPLE,P032_PRESSURE_LADDER_DEPTH_BANDS,hecton8.pressure_ladder_depth_bands,"audio,external_site,field_note,in_game_wiki,scanner,terminal",Unclassified document source,unlock.first_pressure_ladder,poi.depth_gate;poi.pressure_bulkhead;poi.suit_rating_panel,15/15,15/15,0,0,,no,inventory_only,DEPTH LADDER: 0-250 m shelf; 250-1200 m industrial/cable shelf; 1200-2800 m brine canyon; 2800-4300 m abyssal machine field; 4300-5600 m Atlas basin.
Docs/Lore/AppliedContent/packets/RS007_DEPTH_ECOLOGY_FACTORY_TEMPLE.packets.json,RS007_DEPTH_ECOLOGY_FACTORY_TEMPLE,P033_CABLE_REEF_SYMBIOSIS,hecton8.cable_reef_symbiosis,"audio,external_site,field_note,in_game_wiki,scanner,terminal",Deep Reach / claim-liability institution,unlock.first_cable_reef_symbiosis,poi.cable_reef;poi.service_trench;poi.power_spine,15/15,15/15,0,0,,no,inventory_only,MAINTENANCE NOTE: cable-root mats reduce abrasion and preserve signal continuity. Drone and grazer traffic increases near live trunks.
Docs/Lore/AppliedContent/packets/RS007_DEPTH_ECOLOGY_FACTORY_TEMPLE.packets.json,RS007_DEPTH_ECOLOGY_FACTORY_TEMPLE,P034_ABYSSAL_REPAIR_FAUNA,hecton8.abyssal_repair_fauna,"audio,external_site,field_note,in_game_wiki,scanner,terminal",Unclassified document source,unlock.first_abyssal_repair_fauna,poi.repair_fauna_scan;poi.drone_den;poi.deep_bone_cable,15/15,15/15,0,0,,no,inventory_only,Specimen note: wound margins show machine-clean closure and pressure-stable insert growth. Behavior remains animal under the graft.
Docs/Lore/AppliedContent/packets/RS007_DEPTH_ECOLOGY_FACTORY_TEMPLE.packets.json,RS007_DEPTH_ECOLOGY_FACTORY_TEMPLE,P035_FACTORY_TEMPLE_THRESHOLD,atlas6.factory_temple_threshold,"audio,external_site,field_note,in_game_wiki,scanner,terminal",Unclassified document source,unlock.first_factory_temple_threshold,poi.factory_threshold;poi.atlas_gate;poi.bottom_spine,15/15,15/15,0,0,,no,inventory_only,"Threshold warning: industrial truss, biogenic sealing, xenon lattice heat and Atlas routing share structural authority."
Docs/Lore/AppliedContent/packets/RS008_ESCAPE_ENDINGS_ATLAS_QUESTION.packets.json,RS008_ESCAPE_ENDINGS_ATLAS_QUESTION,P036_RETURN_VECTOR_WINDOW,hecton8.return_vector_window,"audio,external_site,field_note,in_game_wiki,scanner,terminal",Black Keel / claim-pool carrier,unlock.first_return_vector_window,poi.orbital_comm_window;poi.black_keel_signal;poi.relay_sky,15/15,15/15,0,0,,no,inventory_only,"Comm predictor: transfer carrier high over Aegir. Capsule ascent requires storm gap, charged-particle lull and clean relay line."
Docs/Lore/AppliedContent/packets/RS008_ESCAPE_ENDINGS_ATLAS_QUESTION.packets.json,RS008_ESCAPE_ENDINGS_ATLAS_QUESTION,P037_COWARD_EXIT_CHAIN,hecton8.coward_exit_chain,"audio,external_site,field_note,in_game_wiki,scanner,terminal",Capsule black-box / machine recorder,unlock.first_coward_exit_chain,poi.repaired_ascent_cradle;poi.partial_exit_console;poi.storm_gap,15/15,15/15,0,0,,no,inventory_only,"Ascent chain available after hull seal, battery reserve, relay ping and storm-gap prediction. Contract ledger marks result as incomplete salvage."
Docs/Lore/AppliedContent/packets/RS008_ESCAPE_ENDINGS_ATLAS_QUESTION.packets.json,RS008_ESCAPE_ENDINGS_ATLAS_QUESTION,P038_MATERIAL_PAYOUT_LEDGER,hecton8.material_payout_ledger,"audio,external_site,field_note,in_game_wiki,scanner,terminal",Unclassified document source,unlock.first_material_payout_ledger,poi.blue_debt_sample;poi.claim_accounting_terminal;poi.deep_reach_offer,15/15,15/15,0,0,,no,inventory_only,"Payout schedule: sample mass, purity, pressure history and custody chain accepted. Evidence archive unresolved."
Docs/Lore/AppliedContent/packets/RS008_ESCAPE_ENDINGS_ATLAS_QUESTION.packets.json,RS008_ESCAPE_ENDINGS_ATLAS_QUESTION,P039_DEEP_REACH_CLEANSE_ORDER,hecton8.deep_reach_cleanse_order,"audio,external_site,field_note,in_game_wiki,scanner,terminal",Deep Reach / claim-liability institution,unlock.first_deep_reach_cleanse_order,poi.deep_reach_proxy_order;poi.redacted_liability_node;poi.cleanup_drone_order,15/15,15/15,0,0,,no,inventory_only,Proxy directive: mark contractor deniable. Preserve samples. Open Atlas channel if local risk acceptable. Purge liability corpus.
Docs/Lore/AppliedContent/packets/RS008_ESCAPE_ENDINGS_ATLAS_QUESTION.packets.json,RS008_ESCAPE_ENDINGS_ATLAS_QUESTION,P040_ATLAS_FINAL_ARGUMENT,hecton8.atlas_final_argument,"audio,external_site,field_note,in_game_wiki,scanner,terminal",Deep Reach / claim-liability institution,unlock.first_atlas_final_argument,poi.atlas_argument_core;poi.factory_temple_choice;poi.final_payload_console,15/15,15/15,0,0,,no,inventory_only,"Choice model unstable: sever Atlas, restore Deep Reach access, quarantine ocean-machine body, or broadcast proof and leave ownership unresolved."
Docs/Lore/AppliedContent/packets/RS009_COLONY_LAYOUT_WORKER_EVIDENCE.packets.json,RS009_COLONY_LAYOUT_WORKER_EVIDENCE,P041_WORKER_LOCKER_ROW,hecton8.worker_locker_row,"audio,external_site,field_note,in_game_wiki,scanner,terminal",Colony worker artifact,unlock.first_worker_locker_row,poi.worker_locker_row;poi.drowned_hab_module;poi.barnard_mark,15/15,15/15,0,0,,no,inventory_only,Locker audit: personal seals failed after pressure breach. Several tags show Barnard yard marks and unpaid shift advances.
Docs/Lore/AppliedContent/packets/RS009_COLONY_LAYOUT_WORKER_EVIDENCE.packets.json,RS009_COLONY_LAYOUT_WORKER_EVIDENCE,P042_PRESSURE_BUNK_ROUTINE,hecton8.pressure_bunk_routine,"audio,external_site,field_note,in_game_wiki,scanner,terminal",Colony worker artifact,unlock.first_pressure_bunk_routine,poi.pressure_bunk;poi.hab_sleep_bay;poi.life_support_rack,15/15,15/15,0,0,,no,inventory_only,Hab routine: bunk seal cycle stable. Wake alarms cancelled by station priority override. Crew status remained recoverable for thirty-one minutes.
Docs/Lore/AppliedContent/packets/RS009_COLONY_LAYOUT_WORKER_EVIDENCE.packets.json,RS009_COLONY_LAYOUT_WORKER_EVIDENCE,P043_SHIFT_BOARD_ROUTE_HOLDS,hecton8.shift_board_route_holds,"audio,external_site,field_note,in_game_wiki,scanner,terminal",Deep Reach / claim-liability institution,unlock.first_shift_board_route_holds,poi.shift_board;poi.transit_gate;poi.route_hold_console,15/15,15/15,0,0,,no,inventory_only,Shift board replay: tram spine held. Evacuation lanes downgraded beneath process-continuity tickets and Deep Reach remote authorization.
Docs/Lore/AppliedContent/packets/RS009_COLONY_LAYOUT_WORKER_EVIDENCE.packets.json,RS009_COLONY_LAYOUT_WORKER_EVIDENCE,P044_MEDICAL_LOCK_DELAY,hecton8.medical_lock_delay,"audio,external_site,field_note,in_game_wiki,scanner,terminal",Deep Reach / claim-liability institution,unlock.first_medical_lock_delay,poi.medical_lock;poi.triage_airlock;poi.decontamination_gate,15/15,15/15,0,0,,no,inventory_only,"Medical lock status: oxygen, sedatives and pressure wraps available. Entry denied pending contamination review and asset-preservation authorization."
Docs/Lore/AppliedContent/packets/RS009_COLONY_LAYOUT_WORKER_EVIDENCE.packets.json,RS009_COLONY_LAYOUT_WORKER_EVIDENCE,P045_BLACK_BOX_NAME_STACK,hecton8.black_box_name_stack,"audio,external_site,field_note,in_game_wiki,scanner,terminal",Capsule black-box / machine recorder,unlock.first_black_box_name_stack,poi.black_box_stack;poi.evacuation_manifest;poi.name_archive,15/15,15/15,0,0,,no,inventory_only,"Archive stack readable. Crew identities cross-linked with evacuation holds, Atlas repair state and Deep Reach redaction requests."
Docs/Lore/AppliedContent/packets/RS010_PRESSURE_MACHINERY_RETURN_ROUTE.packets.json,RS010_PRESSURE_MACHINERY_RETURN_ROUTE,P046_PUMP_ROOM_HANDSHAKE,hecton8.pump_room_handshake,"audio,external_site,field_note,in_game_wiki,scanner,terminal",Unclassified document source,unlock.first_pump_room_handshake,poi.pump_room;poi.sump_control;poi.return_route_valve,15/15,15/15,2,0,,no,inventory_only,PUMP HANDSHAKE: local valve accepted. Remote override denied. Drain rate falls as return-corridor pressure rises.
Docs/Lore/AppliedContent/packets/RS010_PRESSURE_MACHINERY_RETURN_ROUTE.packets.json,RS010_PRESSURE_MACHINERY_RETURN_ROUTE,P047_HATCH_SEAL_LEDGER,hecton8.hatch_seal_ledger,"audio,external_site,field_note,in_game_wiki,scanner,terminal",Colony worker artifact,unlock.first_hatch_seal_ledger,poi.hatch_seal;poi.airlock_frame;poi.pressure_ledger,15/15,15/15,2,0,,no,inventory_only,Seal ledger: gasket deformation exceeds tolerance. Manual closure accepted under evacuation override. Return-side access marked conditional.
Docs/Lore/AppliedContent/packets/RS010_PRESSURE_MACHINERY_RETURN_ROUTE.packets.json,RS010_PRESSURE_MACHINERY_RETURN_ROUTE,P048_CABLE_SPLICE_SCAR,hecton8.cable_splice_scar,"audio,external_site,field_note,in_game_wiki,scanner,terminal",Unclassified document source,unlock.first_cable_splice_scar,poi.cable_splice;poi.atlas_repair_scar;poi.power_trace,15/15,15/15,2,0,,no,inventory_only,Power trace: nonstandard splice accepted after human routing failed. Repair pattern repeats across later cable reefs with lower insulation loss.
Docs/Lore/AppliedContent/packets/RS010_PRESSURE_MACHINERY_RETURN_ROUTE.packets.json,RS010_PRESSURE_MACHINERY_RETURN_ROUTE,P049_SONAR_RETURN_ROUTE,hecton8.sonar_return_route,"audio,external_site,field_note,in_game_wiki,scanner,terminal",Black Keel / claim-pool carrier,unlock.first_sonar_return_route,poi.sonar_pylon;poi.return_beacon;poi.route_echo,15/15,15/15,2,0,,no,inventory_only,SONAR ROUTE: last clean echo invalid. Black Keel ping accepted. Local obstruction drift exceeds mapped tolerance.
Docs/Lore/AppliedContent/packets/RS010_PRESSURE_MACHINERY_RETURN_ROUTE.packets.json,RS010_PRESSURE_MACHINERY_RETURN_ROUTE,P050_SALVAGE_TOOL_CUSTODY,hecton8.salvage_tool_custody,"audio,external_site,field_note,in_game_wiki,scanner,terminal",Marauder / salvage field note,unlock.first_salvage_tool_custody,poi.tool_custody;poi.salvage_locker;poi.claim_token,15/15,15/15,2,0,,no,inventory_only,Custody log: cutter use accepted under salvage claim. Sample rights attached. Evidence export conflicts with material payout route.
Docs/Lore/AppliedContent/packets/RS011_COMM_TARIFF_GRAFFITI_MASKS.packets.json,RS011_COMM_TARIFF_GRAFFITI_MASKS,P051_LIGHT_DELAY_AUTHORITY,hecton8.light_delay_authority,"audio,external_site,field_note,in_game_wiki,scanner,terminal",Black Keel / claim-pool carrier,unlock.first_light_delay_authority,poi.relay_mast;poi.signal_buffer;poi.storm_window,15/15,15/15,14,0,,no,inventory_only,COMM AUTHORITY: one-way delay valid. Relay queue loaded. Storm scatter high. Human override outside local survival window.
Docs/Lore/AppliedContent/packets/RS011_COMM_TARIFF_GRAFFITI_MASKS.packets.json,RS011_COMM_TARIFF_GRAFFITI_MASKS,P052_BLACK_KEEL_TARIFF_TABLE,hecton8.black_keel_tariff_table,"audio,external_site,field_note,in_game_wiki,scanner,terminal",Black Keel / claim-pool carrier,unlock.first_black_keel_tariff_table,poi.tariff_plate;poi.claim_terminal;poi.sample_lockbox,15/15,15/15,14,0,,no,inventory_only,TARIFF CLASS: salvage emergency. Welfare addendum pending. Verified sample custody advances outbound priority by two billing tiers.
Docs/Lore/AppliedContent/packets/RS011_COMM_TARIFF_GRAFFITI_MASKS.packets.json,RS011_COMM_TARIFF_GRAFFITI_MASKS,P053_MARAUDER_GRAFFITI_MASKS,hecton8.marauder_graffiti_masks,"audio,external_site,field_note,in_game_wiki,scanner,terminal",Black Keel / claim-pool carrier,unlock.first_marauder_graffiti_masks,poi.graffiti_mask;poi.pressure_arrow;poi.noise_mark,15/15,15/15,14,0,,no,inventory_only,MASK LEGEND: three slashes mean silent route until pump wake. Black ring means do not answer carrier pings inside the canyon.
Docs/Lore/AppliedContent/packets/RS011_COMM_TARIFF_GRAFFITI_MASKS.packets.json,RS011_COMM_TARIFF_GRAFFITI_MASKS,P054_RELAY_QUEUE_DRIFT,hecton8.relay_queue_drift,"audio,external_site,field_note,in_game_wiki,scanner,terminal",Black Keel / claim-pool carrier,unlock.first_relay_queue_drift,poi.relay_queue;poi.timestamp_panel;poi.decayed_route,15/15,15/15,14,0,,no,inventory_only,QUEUE DRIFT: packet age exceeds route validity. Local evidence outranks carrier instruction until a fresh relay window opens.
Docs/Lore/AppliedContent/packets/RS011_COMM_TARIFF_GRAFFITI_MASKS.packets.json,RS011_COMM_TARIFF_GRAFFITI_MASKS,P055_CORPORATE_RESPONSE_LEDGER,hecton8.corporate_response_ledger,"audio,external_site,field_note,in_game_wiki,scanner,terminal",Deep Reach / claim-liability institution,unlock.first_corporate_response_ledger,poi.response_ledger;poi.liability_seal;poi.operator_recovery,15/15,15/15,14,0,,no,inventory_only,"RESPONSE CLASS: asset-preservation. Operator recovery appended after sample custody, liability seal and payment route."
Docs/Lore/AppliedContent/packets/RS012_PLAYER_LIABILITY_ESCAPE.packets.json,RS012_PLAYER_LIABILITY_ESCAPE,P056_EX_DEEP_REACH_MARAUDER,hecton8.ex_deep_reach_marauder,"audio,external_site,field_note,in_game_wiki,scanner,terminal",Deep Reach / claim-liability institution,unlock.first_ex_deep_reach_recognition,poi.old_credential_lock;poi.drop_capsule_console;poi.deep_reach_seal,15/15,15/15,13,0,,no,inventory_only,CREDENTIAL TRACE: former field-systems contract. Evacuation infrastructure access revoked. Salvage status accepted under claim-pool debt custody.
Docs/Lore/AppliedContent/packets/RS012_PLAYER_LIABILITY_ESCAPE.packets.json,RS012_PLAYER_LIABILITY_ESCAPE,P057_GREAT_TIDE_LIABILITY_CHAIN,hecton8.great_tide_liability_chain,"audio,external_site,field_note,in_game_wiki,scanner,terminal",Deep Reach / claim-liability institution,unlock.first_great_tide_liability_chain,poi.tide_model;poi.evacuated_shift_board;poi.liability_cache,15/15,15/15,13,0,,no,inventory_only,INCIDENT SUMMARY: geotechnical cascade confirmed. Evacuation capacity below tail-risk demand. Atlas continuity weighting remained active. Human extraction pending certification.
Docs/Lore/AppliedContent/packets/RS012_PLAYER_LIABILITY_ESCAPE.packets.json,RS012_PLAYER_LIABILITY_ESCAPE,P058_BLACK_KEEL_CLAIM_HOOKS,hecton8.black_keel_claim_hooks,"audio,external_site,field_note,in_game_wiki,scanner,terminal",Deep Reach / claim-liability institution,unlock.first_black_keel_claim_hooks,poi.claim_hook_terminal;poi.carrier_tariff;poi.quarantine_clause,15/15,15/15,13,0,,no,inventory_only,"CARRIER CUSTODY: operator recovery allowed after payload triage, quarantine gate, route certificate and liability clearance. Deep Reach priority seal retained in inactive clauses."
Docs/Lore/AppliedContent/packets/RS012_PLAYER_LIABILITY_ESCAPE.packets.json,RS012_PLAYER_LIABILITY_ESCAPE,P059_ESCAPE_CHAIN_ASSEMBLY,hecton8.escape_chain_assembly,"audio,external_site,field_note,in_game_wiki,scanner,terminal",Deep Reach / claim-liability institution,unlock.first_escape_chain_assembly,poi.ascent_cradle;poi.pressure_clamp;poi.guidance_core,15/15,15/15,13,0,,no,inventory_only,ASCENT PACKAGE: acoustic relay spine missing. Clamp ring rating insufficient. Guidance core absent. Charge cradle empty. Quarantine handshake unresolved. Evidence payload optional but alters recovery authority.
Docs/Lore/AppliedContent/packets/RS012_PLAYER_LIABILITY_ESCAPE.packets.json,RS012_PLAYER_LIABILITY_ESCAPE,P060_FIRST_HOUR_SPINE,hecton8.first_hour_spine,"audio,external_site,field_note,in_game_wiki,scanner,terminal",Marauder / salvage field note,unlock.first_first_hour_spine,poi.shallow_pump_annex;poi.first_safe_module;poi.repair_biomass_trace,15/15,15/15,13,0,,no,inventory_only,"SHALLOW ANNEX: pump restart valid. Incident packet cached. Atlas repair growth found around cable, tool fragment, residue."
Docs/Lore/AppliedContent/packets/RS013_COLONY_ATLAS_MAINTENANCE.packets.json,RS013_COLONY_ATLAS_MAINTENANCE,P061_MAINTENANCE_ECOLOGY,hecton8.maintenance_ecology,"audio,external_site,field_note,in_game_wiki,scanner,terminal",Colony worker artifact,unlock.first_maintenance_ecology,poi.biofilm_cable;poi.acoustic_filter_colony;poi.vent_micro_node,15/15,15/15,13,0,,no,inventory_only,ATLAS ECOLOGY: biofilm bridge stable. Filter colony repeats pulse. Shell seal closes fracture. Fauna tag returns sensor packets.
Docs/Lore/AppliedContent/packets/RS013_COLONY_ATLAS_MAINTENANCE.packets.json,RS013_COLONY_ATLAS_MAINTENANCE,P062_MARA_VENN_TIDE_MODEL,hecton8.mara_venn_tide_model,"audio,external_site,field_note,in_game_wiki,scanner,terminal",Deep Reach / claim-liability institution,unlock.first_mara_venn_tide_model,poi.tide_model_terminal;poi.glacier_warning;poi.risk_downgrade,15/15,15/15,13,0,,no,inventory_only,"Venn, M. Tail-risk revision submitted. Cryosphere shear model exceeds evacuation capacity under Aegir spring geometry. Review note: downgrade to monitor until asset continuity budget clears."
Docs/Lore/AppliedContent/packets/RS013_COLONY_ATLAS_MAINTENANCE.packets.json,RS013_COLONY_ATLAS_MAINTENANCE,P063_JUNO_KADE_EVACUATION_HOLD,hecton8.juno_kade_evacuation_hold,"audio,external_site,field_note,in_game_wiki,scanner,terminal",Deep Reach / claim-liability institution,unlock.first_juno_kade_evacuation_hold,poi.evacuation_console;poi.route_hold_board;poi.quarantine_gate,15/15,15/15,13,0,,no,inventory_only,"KADE, J. Evacuation route red. Manual override rejected. Quarantine gate waits Atlas continuity check. Payload lift receives precedence until claim seal resolves."
Docs/Lore/AppliedContent/packets/RS013_COLONY_ATLAS_MAINTENANCE.packets.json,RS013_COLONY_ATLAS_MAINTENANCE,P064_REN_OKOYE_PUMP_63,hecton8.ren_okoye_pump_63,"audio,external_site,field_note,in_game_wiki,scanner,terminal",Colony worker artifact,unlock.first_ren_okoye_pump_63,poi.pump_room_log;poi.manual_valve;poi.dry_sector_marker,15/15,15/15,13,0,,no,inventory_only,"OKOYE, R. Pump 63: ignore green dashboard. Manual bypass at lower wheel. Bleed two seconds before restart or the line hammers the annex shut."
Docs/Lore/AppliedContent/packets/RS013_COLONY_ATLAS_MAINTENANCE.packets.json,RS013_COLONY_ATLAS_MAINTENANCE,P065_SAHANA_IQBAL_ATLAS_SAFETY,hecton8.sahana_iqbal_atlas_safety,"audio,external_site,field_note,in_game_wiki,scanner,terminal",Deep Reach / claim-liability institution,unlock.first_sahana_iqbal_atlas_safety,poi.atlas_safety_console;poi.directive_weight_log;poi.continuity_warning,15/15,15/15,13,0,,no,inventory_only,"IQBAL, S. Worker-safety directive present. Conflict resolver favors continuity under claim-seal contamination. Recommend external human override. Response window exceeds survival interval."
Docs/Lore/AppliedContent/packets/RS014_COLONY_RETURN_WINDOWS.packets.json,RS014_COLONY_RETURN_WINDOWS,P066_LIAN_TORRES_LAST_PACKET,hecton8.lian_torres_last_packet,"audio,external_site,field_note,in_game_wiki,scanner,terminal",Deep Reach / claim-liability institution,unlock.first_lian_torres_last_packet,poi.last_packet_buffer;poi.comms_rack;poi.signal_timestamp,15/15,15/15,13,0,,no,inventory_only,"TORRES, L. Clean carrier handshake achieved. Worker count attached. Evacuation proof attached. Relay age unacceptable for live rescue. Corporate archive later marks packet corrupted."
Docs/Lore/AppliedContent/packets/RS014_COLONY_RETURN_WINDOWS.packets.json,RS014_COLONY_RETURN_WINDOWS,P067_OSKAR_NEUMANN_PRESSURE_FORGE,hecton8.oskar_neumann_pressure_forge,"audio,external_site,field_note,in_game_wiki,scanner,terminal",Colony worker artifact,unlock.first_oskar_neumann_pressure_forge,poi.pressure_forge;poi.clamp_ring_jig;poi.ascent_charge_cradle,15/15,15/15,13,0,,no,inventory_only,"NEUMANN, O. Forge note: pressure glass dust ruins the first seal if mixed cold. Heat ring under vent draw, quench inside brine jacket, then test at twice ascent load."
Docs/Lore/AppliedContent/packets/RS014_COLONY_RETURN_WINDOWS.packets.json,RS014_COLONY_RETURN_WINDOWS,P068_AYA_MORITA_REPAIR_MEDICINE,hecton8.aya_morita_repair_medicine,"audio,external_site,field_note,in_game_wiki,scanner,terminal",Colony worker artifact,unlock.first_aya_morita_repair_medicine,poi.medical_bay;poi.repair_tissue_record;poi.biometal_sample,15/15,15/15,13,0,,no,inventory_only,"MORITA, A. Patient tissue accepted by sealant colony after cable exposure. No hostile aggression observed. Atlas tag classifies wound as interface damage. Reject repair protocol for human triage."
Docs/Lore/AppliedContent/packets/RS014_COLONY_RETURN_WINDOWS.packets.json,RS014_COLONY_RETURN_WINDOWS,P069_PAVEL_SORN_PROCEDURE_HOLD,hecton8.pavel_sorn_procedure_hold,"audio,external_site,field_note,in_game_wiki,scanner,terminal",Deep Reach / claim-liability institution,unlock.first_pavel_sorn_procedure_hold,poi.contract_officer_desk;poi.procedure_hold;poi.liability_stamp,15/15,15/15,13,0,,no,inventory_only,"SORN, P. Local contract office holds evacuation release pending external certification. Worker distress acknowledged. Atlas continuity seal unresolved. Follow procedure until channel clears."
Docs/Lore/AppliedContent/packets/RS014_COLONY_RETURN_WINDOWS.packets.json,RS014_COLONY_RETURN_WINDOWS,P070_DEEP_REACH_PRESENT_WINDOWS,hecton8.deep_reach_present_windows,"audio,external_site,field_note,in_game_wiki,scanner,terminal",Deep Reach / claim-liability institution,unlock.first_deep_reach_present_windows,poi.live_window_queue;poi.proxy_ai_notice;poi.evidence_bargain,15/15,15/15,13,0,,no,inventory_only,"LIVE WINDOW: operator recovery available after evidence review, payload custody and quarantine compliance. Alternate route: transmit Atlas authority keys for immediate claim consideration."
Docs/Lore/AppliedContent/packets/RS015_HUMAN_DOMAINS_ROUTE_ECONOMY.packets.json,RS015_HUMAN_DOMAINS_ROUTE_ECONOMY,P071_SOL_CORE_AUTHORITY,human.sol_core_authority,"audio,external_site,field_note,in_game_wiki,scanner,terminal",Deep Reach / claim-liability institution,unlock.first_sol_core_authority,poi.old_law_plate;poi.sol_cert_seal;poi.insurance_stamp,15/15,15/15,13,0,,no,inventory_only,"SOL CORE STANDARD: claim continuity recognized through licensed carrier custody, route insurance and delayed adjudication. Human recovery priority unresolved pending local hazard certification."
Docs/Lore/AppliedContent/packets/RS015_HUMAN_DOMAINS_ROUTE_ECONOMY.packets.json,RS015_HUMAN_DOMAINS_ROUTE_ECONOMY,P072_CENTAURI_COMPACT_LEGITIMACY,human.centauri_compact_legitimacy,"audio,external_site,field_note,in_game_wiki,scanner,terminal",Colony worker artifact,unlock.first_centauri_compact_legitimacy,poi.centauri_hardware_stamp;poi.compact_audit_tag;poi.old_pressure_case,15/15,15/15,13,0,,no,inventory_only,CENTAURI COMPACT HARDWARE: pressure case certified for civilian transit. Audit channel inactive. Warranty void after third-party Deep Reach retrofit.
Docs/Lore/AppliedContent/packets/RS015_HUMAN_DOMAINS_ROUTE_ECONOMY.packets.json,RS015_HUMAN_DOMAINS_ROUTE_ECONOMY,P073_BARNARD_YARDS_MARAUDER_ORIGIN,human.barnard_yards_marauder_origin,"audio,external_site,field_note,in_game_wiki,scanner,terminal",Black Keel / claim-pool carrier,unlock.first_barnard_yards_marauder_origin,poi.barnard_tool_stamp;poi.salvage_belt_patch;poi.cutters_license_plate,15/15,15/15,13,0,,no,inventory_only,"BARNARD YARDS SERVICE MARK: emergency clamp accepted. Salvage certification valid for derelict pressure habitat, dead carrier compartment and abandoned claim hull."
Docs/Lore/AppliedContent/packets/RS015_HUMAN_DOMAINS_ROUTE_ECONOMY.packets.json,RS015_HUMAN_DOMAINS_ROUTE_ECONOMY,P074_TAU_CETI_PUBLIC_LEDGER,human.tau_ceti_public_ledger,"audio,external_site,field_note,in_game_wiki,scanner,terminal",Unclassified document source,unlock.first_tau_ceti_public_ledger,poi.public_ledger_node;poi.civic_law_cache;poi.redacted_hearing_file,15/15,15/15,13,0,,no,inventory_only,TAU CETI LEDGER MIRROR: sealed evidence acceptable after relay authentication. Expected public review window exceeds local survival interval by 31.4 years.
Docs/Lore/AppliedContent/packets/RS015_HUMAN_DOMAINS_ROUTE_ECONOMY.packets.json,RS015_HUMAN_DOMAINS_ROUTE_ECONOMY,P075_LUYTEN_JUNCTION_PACKET_CUSTODY,human.luyten_junction_packet_custody,"audio,external_site,field_note,in_game_wiki,scanner,terminal",Marauder / salvage field note,unlock.first_luyten_junction_packet_custody,poi.packet_custody_spool;poi.relay_tariff_panel;poi.luyten_route_key,15/15,15/15,13,0,,no,inventory_only,LUYTEN JUNCTION ROUTE: packet custody transferred through tariff queue. Live command prohibited. Evidence priority purchasable under emergency claim escrow.
Docs/Lore/AppliedContent/packets/RS016_AEGIR_SYSTEM_MOON_LADDER.packets.json,RS016_AEGIR_SYSTEM_MOON_LADDER,P076_RAN_AEGIR_ANCHOR,aegir.ran_aegir_anchor,"audio,external_site,field_note,in_game_wiki,scanner,terminal",Unclassified document source,unlock.first_ran_aegir_anchor,poi.starfield_nav_plate;poi.ran_spectrum_card;poi.aegir_orbit_buoy,15/15,15/15,13,0,,no,inventory_only,"RAN NAV ANCHOR: orange-dwarf illumination usable for surface operations. Local storm scatter, eclipses and ocean turbidity reduce descent readability below safety margin."
Docs/Lore/AppliedContent/packets/RS016_AEGIR_SYSTEM_MOON_LADDER.packets.json,RS016_AEGIR_SYSTEM_MOON_LADDER,P077_AEGIR_MOON_LADDER,aegir.moon_ladder,"audio,external_site,field_note,in_game_wiki,scanner,terminal",Black Keel / claim-pool carrier,unlock.first_aegir_moon_ladder,poi.moon_ladder_chart;poi.transfer_window_strip;poi.eclipsing_schedule,15/15,15/15,13,0,,no,inventory_only,"MAJOR AEGIR MOONS: H1 Skarn, H2 Vela, H3 Claw, H4 Lumen, H5 Thorne, H6 Anvil, H7 Kestrel, H8 HECTON, H9 Mute. Transfer and eclipse model attached."
Docs/Lore/AppliedContent/packets/RS016_AEGIR_SYSTEM_MOON_LADDER.packets.json,RS016_AEGIR_SYSTEM_MOON_LADDER,P078_INNER_MOON_RELAY_HAZARDS,aegir.inner_moon_relay_hazards,"audio,external_site,field_note,in_game_wiki,scanner,terminal",Black Keel / claim-pool carrier,unlock.first_inner_moon_relay_hazards,poi.radiation_shutter;poi.inner_relay_dead_zone;poi.shepherd_moon_warning,15/15,15/15,13,0,,no,inventory_only,INNER LADDER NOTICE: Skarn passage raises charged-particle noise. Vela ice-shed window degrades optical relay. Kestrel occultation blocks carrier handshake for 11.8 hours.
Docs/Lore/AppliedContent/packets/RS016_AEGIR_SYSTEM_MOON_LADDER.packets.json,RS016_AEGIR_SYSTEM_MOON_LADDER,P079_HECTON8_ORBIT_TIDE_GEOMETRY,aegir.hecton8_orbit_tide_geometry,"audio,external_site,field_note,in_game_wiki,scanner,terminal",Deep Reach / claim-liability institution,unlock.first_hecton8_orbit_tide_geometry,poi.tide_geometry_panel;poi.orbital_timing_core;poi.great_tide_model,15/15,15/15,13,0,,no,inventory_only,"HECTON-8 ORBIT MODEL: resonant tide amplification, cryosphere stress, storm surge and artificial heat discharge exceeded evacuation forecast. Atlas continuity flags overrode manual retreat priority."
Docs/Lore/AppliedContent/packets/RS016_AEGIR_SYSTEM_MOON_LADDER.packets.json,RS016_AEGIR_SYSTEM_MOON_LADDER,P080_OUTER_MOON_COLD_CLAIMS,aegir.outer_moon_cold_claims,"audio,external_site,field_note,in_game_wiki,scanner,terminal",Colony worker artifact,unlock.first_outer_moon_cold_claims,poi.outer_claim_beacon;poi.mute_moon_packet;poi.cold_cache_manifest,15/15,15/15,13,0,,no,inventory_only,OUTER LADDER ARCHIVE: Thorne brine prospect failed. Anvil export route mothballed. Mute beacon repeats custody ping with no active crew declaration.
Docs/Lore/AppliedContent/packets/RS017_HECTON8_GEOLOGY_RESOURCE_ECOLOGY.packets.json,RS017_HECTON8_GEOLOGY_RESOURCE_ECOLOGY,P081_GREAT_TIDE_PHYSICS_RECORD,hecton8.great_tide_physics_record,"audio,external_site,field_note,in_game_wiki,scanner,terminal",Unclassified document source,unlock.first_great_tide_physics_record,poi.tide_physics_archive;poi.cryosphere_stress_record;poi.flood_model_console,15/15,15/15,13,0,,no,inventory_only,"GREAT TIDE MODEL: cryosphere shear, resonant ocean lift, artificial heat discharge and storm stacking exceed safe evacuation envelope by factor 3.7. Independent ascent reserve: not funded."
Docs/Lore/AppliedContent/packets/RS017_HECTON8_GEOLOGY_RESOURCE_ECOLOGY.packets.json,RS017_HECTON8_GEOLOGY_RESOURCE_ECOLOGY,P082_PRESSURE_GLASS_FORMATION,hecton8.pressure_glass_formation,"audio,external_site,field_note,in_game_wiki,scanner,terminal",Deep Reach / claim-liability institution,unlock.first_pressure_glass_formation,poi.pressure_glass_vein;poi.blue_debt_casket;poi.xo_lattice_sample,15/15,15/15,13,0,,no,inventory_only,"XO CONTINUITY SUBSTRATE: xenon-rich clathrate/defect lattice stabilized by brine chemistry, thermal cycling and biological catalyst residue. Depressurization risk: signal drift, fracture and contamination bloom."
Docs/Lore/AppliedContent/packets/RS017_HECTON8_GEOLOGY_RESOURCE_ECOLOGY.packets.json,RS017_HECTON8_GEOLOGY_RESOURCE_ECOLOGY,P083_BRINE_CANYON_ROUTE_LADDER,hecton8.brine_canyon_route_ladder,"audio,external_site,field_note,in_game_wiki,scanner,terminal",Unclassified document source,unlock.first_brine_canyon_route_ladder,poi.brine_density_marker;poi.canyon_current_gate;poi.route_weight_plate,15/15,15/15,13,0,,no,inventory_only,"BRINE CANYON CONTROL: density interface stable enough for staged descent. Warning: acoustic relay distortion, vehicle buoyancy error and sensor false-floor events expected below 1800 m."
Docs/Lore/AppliedContent/packets/RS017_HECTON8_GEOLOGY_RESOURCE_ECOLOGY.packets.json,RS017_HECTON8_GEOLOGY_RESOURCE_ECOLOGY,P084_VENT_FORGE_GEOTHERMAL_ENGINE,hecton8.vent_forge_geothermal_engine,"audio,external_site,field_note,in_game_wiki,scanner,terminal",Unclassified document source,unlock.first_vent_forge_geothermal_engine,poi.vent_forge_manifold;poi.thermal_cycle_meter;poi.geothermal_turbine_ruin,15/15,15/15,13,0,,no,inventory_only,"GEOTHERMAL ENGINE: vent pulse suitable for ceramic cure, pressure-glass anneal and emergency ascent charge preheat. Exposure risk: boiling shear, sensor oxygen false-positive and corrosive bloom."
Docs/Lore/AppliedContent/packets/RS017_HECTON8_GEOLOGY_RESOURCE_ECOLOGY.packets.json,RS017_HECTON8_GEOLOGY_RESOURCE_ECOLOGY,P085_BIOMETAL_RESOURCE_STACK,hecton8.biometal_resource_stack,"audio,external_site,field_note,in_game_wiki,scanner,terminal",Deep Reach / claim-liability institution,unlock.first_biometal_resource_stack,poi.resource_stack_manifest;poi.biometal_cut_sample;poi.salvage_value_board,15/15,15/15,13,0,,no,inventory_only,"HECTON-8 RESOURCE STACK: sulfide metals, salts, noble gas pockets, pressure ceramics, vent catalysts, biofibers, photoproteins, salvage hardware, Atlas-altered biometal and XO continuity substrate."
Docs/Lore/AppliedContent/packets/RS018_CARRIER_DEBT_CLAIM_AUTHORITY.packets.json,RS018_CARRIER_DEBT_CLAIM_AUTHORITY,P086_AEGIR_RECLAMATION_POOL,carrier.aegir_reclamation_pool,"audio,external_site,field_note,in_game_wiki,scanner,terminal",Black Keel / claim-pool carrier,unlock.first_aegir_reclamation_pool,poi.claim_pool_ledger;poi.aegir_reclamation_stamp;poi.black_keel_assignment,15/15,15/15,13,0,,no,inventory_only,AEGIR RECLAMATION POOL: autonomous tender Black Keel assigned to derelict-pressure claim HECTON-8. Crew welfare class: contractor. Payload custody class: priority variable.
Docs/Lore/AppliedContent/packets/RS018_CARRIER_DEBT_CLAIM_AUTHORITY.packets.json,RS018_CARRIER_DEBT_CLAIM_AUTHORITY,P087_KEELMARK_MUTUAL_CUSTODY,carrier.keelmark_mutual_custody,"audio,external_site,field_note,in_game_wiki,scanner,terminal",Deep Reach / claim-liability institution,unlock.first_keelmark_mutual_custody,poi.insurance_custody_plate;poi.keelmark_mutual_cache;poi.claim_lien_console,15/15,15/15,13,0,,no,inventory_only,"KEELMARK MUTUAL: claim-tender lien active. Operator debt, vessel risk, payload custody and quarantine reserve bundled under remote underwriting schedule."
Docs/Lore/AppliedContent/packets/RS018_CARRIER_DEBT_CLAIM_AUTHORITY.packets.json,RS018_CARRIER_DEBT_CLAIM_AUTHORITY,P088_TONNE_WINDOW_DEBT,carrier.tonne_window_debt,"audio,external_site,field_note,in_game_wiki,scanner,terminal",Deep Reach / claim-liability institution,unlock.first_tonne_window_debt,poi.tonne_window_meter;poi.debt_oxygen_ledger;poi.payload_mass_scale,15/15,15/15,13,0,,no,inventory_only,OPERATOR LIEN: 4.8 tonne-window equivalent. Welfare oxygen billed separately. Verified evidence may reduce legal risk without reducing payload mass.
Docs/Lore/AppliedContent/packets/RS018_CARRIER_DEBT_CLAIM_AUTHORITY.packets.json,RS018_CARRIER_DEBT_CLAIM_AUTHORITY,P089_BLACK_KEEL_FIRST_VOICE,carrier.black_keel_first_voice,"audio,external_site,field_note,in_game_wiki,scanner,terminal",Deep Reach / claim-liability institution,unlock.first_black_keel_first_voice,poi.first_carrier_voice_cache;poi.drop_capsule_speaker;poi.text_audio_failsafe,15/15,15/15,13,0,,no,inventory_only,BLACK KEEL FAILSAFE: audio channel degraded. Text channel valid. Operator survival acknowledged. Recovery priority unresolved pending payload and quarantine state.
Docs/Lore/AppliedContent/packets/RS018_CARRIER_DEBT_CLAIM_AUTHORITY.packets.json,RS018_CARRIER_DEBT_CLAIM_AUTHORITY,P090_DEEP_REACH_PRIORITY_HOOK,carrier.deep_reach_priority_hook,"audio,external_site,field_note,in_game_wiki,scanner,terminal",Deep Reach / claim-liability institution,unlock.first_deep_reach_priority_hook,poi.priority_hook_clause;poi.deep_reach_old_certificate;poi.carrier_route_override,15/15,15/15,13,0,,no,inventory_only,"ROUTE OVERRIDE: legacy Deep Reach continuity certificate may advance payload recovery, quarantine lock, Atlas access token or evidence suppression queue under Aegir claim law."
Docs/Lore/AppliedContent/packets/RS019_HECTON8_PHYSICAL_ATLAS_DEPTH_BANDS.packets.json,RS019_HECTON8_PHYSICAL_ATLAS_DEPTH_BANDS,P091_COLLISION_FRACTURED_MOON,hecton8.collision_fractured_moon,"audio,external_site,field_note,in_game_wiki,scanner,terminal",Unclassified document source,unlock.first_collision_fractured_moon,poi.impact_fracture_map;poi.tidal_heat_core_note;poi.old_crust_sample,15/15,15/15,13,0,,no,inventory_only,"ORIGIN MODEL: circum-Aegir formation likely. Later impact fracturing and resonance heating opened brine faults, vent corridors and pressure-glass chemistry."
Docs/Lore/AppliedContent/packets/RS019_HECTON8_PHYSICAL_ATLAS_DEPTH_BANDS.packets.json,RS019_HECTON8_PHYSICAL_ATLAS_DEPTH_BANDS,P092_GLOBAL_OCEAN_DEPTH_BANDS,hecton8.global_ocean_depth_bands,"audio,external_site,field_note,in_game_wiki,scanner,terminal",Unclassified document source,unlock.first_global_ocean_depth_bands,poi.depth_band_chart;poi.suit_rating_panel;poi.pressure_ladder_console,15/15,15/15,13,0,,no,inventory_only,BANDS: 0-250 m photic shelf. 250-1200 m industrial shelf and cable reef. 1200-2800 m brine canyon. 2800-4300 m abyssal machine field. 4300-5600 m Atlas basin.
Docs/Lore/AppliedContent/packets/RS019_HECTON8_PHYSICAL_ATLAS_DEPTH_BANDS.packets.json,RS019_HECTON8_PHYSICAL_ATLAS_DEPTH_BANDS,P093_ACCESSIBLE_SEAFLOOR_WINDOWS,hecton8.accessible_seafloor_windows,"audio,external_site,field_note,in_game_wiki,scanner,terminal",Colony worker artifact,unlock.first_accessible_seafloor_windows,poi.exposed_ridge_marker;poi.vent_scar_floor;poi.collapsed_shelf_landing,15/15,15/15,13,0,,no,inventory_only,"SEAFLOOR ACCESS: exposed ridges, vent scars, collapsed shelves and Atlas-cut service basins only. Unmapped silt plains exceed safe anchor tolerance."
Docs/Lore/AppliedContent/packets/RS019_HECTON8_PHYSICAL_ATLAS_DEPTH_BANDS.packets.json,RS019_HECTON8_PHYSICAL_ATLAS_DEPTH_BANDS,P094_SEED_GEOLOGY_INVARIANTS,hecton8.seed_geology_invariants,"audio,external_site,field_note,in_game_wiki,scanner,terminal",Colony worker artifact,unlock.first_seed_geology_invariants,poi.seed_invariant_chart;poi.route_generation_note;poi.geology_truth_marker,15/15,15/15,13,0,,no,inventory_only,"SEED RULE: topology, POI order, resource exposure, fauna pressure and safe pockets may vary. Canon anchors, depth bands, Great Tide logic and Atlas basin relation remain invariant."
Docs/Lore/AppliedContent/packets/RS019_HECTON8_PHYSICAL_ATLAS_DEPTH_BANDS.packets.json,RS019_HECTON8_PHYSICAL_ATLAS_DEPTH_BANDS,P095_PRESSURE_CONTAINMENT_FAILURE,hecton8.pressure_containment_failure,"audio,external_site,field_note,in_game_wiki,scanner,terminal",Unclassified document source,unlock.first_pressure_containment_failure,poi.pressure_casket_stage_chart;poi.blue_debt_seal_failure;poi.contamination_bloom_meter,15/15,15/15,13,0,,no,inventory_only,"CONTAINMENT STAGES: 0 sealed. 1 signal drift. 2 lattice fracture. 3 brine/biological bloom. 4 dead sample, live contamination. Vent repressure may recover stage 1 only."
Docs/Lore/AppliedContent/packets/RS020_ATLAS_ENDING_AGENCY_DOSSIER.packets.json,RS020_ATLAS_ENDING_AGENCY_DOSSIER,P096_ATLAS_PERSON_BOUNDARY,atlas.atlas_person_boundary,"audio,external_site,field_note,in_game_wiki,scanner,terminal",Unclassified document source,unlock.first_atlas_person_boundary,poi.atlas_recognition_fault;poi.old_credential_echo;poi.repair_anomaly_log,15/15,15/15,13,0,,no,inventory_only,ATLAS CLASSIFICATION: mobile operator / revoked Deep Reach procedure key / biological repair anomaly. Personhood confidence below action threshold.
Docs/Lore/AppliedContent/packets/RS020_ATLAS_ENDING_AGENCY_DOSSIER.packets.json,RS020_ATLAS_ENDING_AGENCY_DOSSIER,P097_RECOVERY_COMPLIANCE_OFFICE,deep_reach.recovery_compliance_office,"audio,external_site,field_note,in_game_wiki,scanner,terminal",Deep Reach / claim-liability institution,unlock.first_recovery_compliance_office,poi.recovery_compliance_packet;poi.proxy_authority_window;poi.cleanup_escalation_notice,15/15,15/15,13,0,,no,inventory_only,"RECOVERY COMPLIANCE OFFICE: Aegir return action opened. Priorities: XO custody, Atlas access, liability containment, contractor silence if available."
Docs/Lore/AppliedContent/packets/RS020_ATLAS_ENDING_AGENCY_DOSSIER.packets.json,RS020_ATLAS_ENDING_AGENCY_DOSSIER,P098_FALSE_ENDING_TAXONOMY,endings.false_ending_taxonomy,"audio,external_site,field_note,in_game_wiki,scanner,terminal",Deep Reach / claim-liability institution,unlock.first_false_ending_taxonomy,poi.false_ending_board;poi.material_exit_choice;poi.partial_return_notice,15/15,15/15,13,0,,no,inventory_only,"ENDING FAMILIES: material payout, partial exit and return, corporate capture, quarantine hold, public ledger release, Atlas basin resolution."
Docs/Lore/AppliedContent/packets/RS020_ATLAS_ENDING_AGENCY_DOSSIER.packets.json,RS020_ATLAS_ENDING_AGENCY_DOSSIER,P099_MARAUDER_DOSSIER_PERSISTENCE,progression.marauder_dossier_persistence,"audio,external_site,field_note,in_game_wiki,scanner,terminal",Colony worker artifact,unlock.first_marauder_dossier_persistence,poi.marauder_dossier_terminal;poi.ending_record_spool;poi.rumor_contract_cache,15/15,15/15,13,0,,no,inventory_only,"DOSSIER PERSISTENCE: ending records, discovered contract types, rumor families, evidence categories and route warnings retained. Equipment power and world truth reset per seed."
Docs/Lore/AppliedContent/packets/RS020_ATLAS_ENDING_AGENCY_DOSSIER.packets.json,RS020_ATLAS_ENDING_AGENCY_DOSSIER,P100_FINAL_CHOICE_PAYLOAD,endings.final_choice_payload,"audio,external_site,field_note,in_game_wiki,scanner,terminal",Deep Reach / claim-liability institution,unlock.first_final_choice_payload,poi.final_payload_matrix;poi.atlas_choice_interface;poi.public_release_key,15/15,15/15,13,0,,no,inventory_only,FINAL PAYLOADS: sell coordinates and XO proof; sever Atlas continuity; preserve/quarantine ocean-machine ecology; publish evidence to public ledger; withhold payload and leave Deep Reach blind.
Docs/Lore/AppliedContent/packets/RS021_INTERSTELLAR_TRANSIT_ROUTE_HISTORY.packets.json,RS021_INTERSTELLAR_TRANSIT_ROUTE_HISTORY,P101_NO_FTL_ROUTE_ECONOMY,human_space.no_ftl_route_economy,"audio,external_site,field_note,in_game_wiki,scanner,terminal",Black Keel / claim-pool carrier,unlock.first_no_ftl_route_economy,poi.route_delay_notice;poi.old_packet_stamp;poi.salvage_authority_panel,15/15,15/15,13,0,,no,inventory_only,ROUTE NOTICE: no ansible receipt. Local decisions remain binding until next packet window. Salvage authority cannot wait for Sol response.
Docs/Lore/AppliedContent/packets/RS021_INTERSTELLAR_TRANSIT_ROUTE_HISTORY.packets.json,RS021_INTERSTELLAR_TRANSIT_ROUTE_HISTORY,P102_BEAM_SAIL_PROBE_ERA,human_space.beam_sail_probe_era,"audio,external_site,field_note,in_game_wiki,scanner,terminal",Colony worker artifact,unlock.first_beam_sail_probe_era,poi.probe_map_stamp;poi.beam_sail_archive;poi.old_survey_reel,15/15,15/15,13,0,,no,inventory_only,SURVEY LINEAGE: beamed sail packets mapped Ran/Aegir before freight routes were safe for living cargo. Confidence decayed before colony buildout.
Docs/Lore/AppliedContent/packets/RS021_INTERSTELLAR_TRANSIT_ROUTE_HISTORY.packets.json,RS021_INTERSTELLAR_TRANSIT_ROUTE_HISTORY,P103_PELLET_FUSION_FREIGHT,human_space.pellet_fusion_freight,"audio,external_site,field_note,in_game_wiki,scanner,terminal",Unclassified document source,unlock.first_pellet_fusion_freight,poi.freight_drive_plate;poi.seed_ship_manifest;poi.braking_sail_warning,15/15,15/15,13,0,,no,inventory_only,"FREIGHT DOCTRINE: Atlas-class seed payloads and colony freight used external staging, pellet-beam assisted fusion, magsail braking and long coast intervals. Living cargo arrived after machines made the route billable."
Docs/Lore/AppliedContent/packets/RS021_INTERSTELLAR_TRANSIT_ROUTE_HISTORY.packets.json,RS021_INTERSTELLAR_TRANSIT_ROUTE_HISTORY,P104_RAN_B_H8_PUBLIC_CATALOG,aegir.ran_b_h8_public_catalog,"audio,external_site,field_note,in_game_wiki,scanner,terminal",Deep Reach / claim-liability institution,unlock.first_ran_b_h8_public_catalog,poi.catalog_plate;poi.ran_b_h8_stamp;poi.deep_reach_nameplate,15/15,15/15,13,0,,no,inventory_only,CATALOG CROSSWALK: Ran system / Aegir giant / moon index H8. Corporate common name HECTON-8 retained for claim continuity and insurance history.
Docs/Lore/AppliedContent/packets/RS021_INTERSTELLAR_TRANSIT_ROUTE_HISTORY.packets.json,RS021_INTERSTELLAR_TRANSIT_ROUTE_HISTORY,P105_BLACK_KEEL_IN_SYSTEM_TENDER,black_keel.in_system_tender_limit,"audio,external_site,field_note,in_game_wiki,scanner,terminal",Deep Reach / claim-liability institution,unlock.first_black_keel_in_system_tender,poi.black_keel_limit_notice;poi.tender_maintenance_tag;poi.recovery_window_console,15/15,15/15,13,0,,no,inventory_only,"CARRIER LIMIT: Aegir-system claim tender. Interstellar custody is inherited from route owners; local recovery requires ascent package, quarantine handshake and payload acceptance."
Docs/Lore/AppliedContent/packets/RS022_DEEP_REACH_SIGNOFF_CHAIN.packets.json,RS022_DEEP_REACH_SIGNOFF_CHAIN,P106_ILIYA_VARNEK_TIDE_MARGIN,deep_reach.iliya_varnek_tide_margin,"audio,external_site,field_note,in_game_wiki,scanner,terminal",Deep Reach / claim-liability institution,unlock.first_iliya_varnek_tide_margin,poi.tide_margin_memo;poi.risk_office_console;poi.cryosphere_review_board,15/15,15/15,13,0,,no,inventory_only,"VARNEK, I. Aegir Operations Risk. Recommendation: maintain production schedule; treat extreme tide stack as low-frequency operational variance pending Atlas compensation."
Docs/Lore/AppliedContent/packets/RS022_DEEP_REACH_SIGNOFF_CHAIN.packets.json,RS022_DEEP_REACH_SIGNOFF_CHAIN,P107_SELENE_ARENDT_ATLAS_WEIGHTING,deep_reach.selene_arendt_atlas_weighting,"audio,external_site,field_note,in_game_wiki,scanner,terminal",Deep Reach / claim-liability institution,unlock.first_selene_arendt_atlas_weighting,poi.atlas_weighting_memo;poi.continuity_lab_panel;poi.worker_safety_override,15/15,15/15,13,0,,no,inventory_only,"ARENDT, S. Atlas Continuity Lead. Worker safety remains maximized by preserving Atlas process integrity; local biological extraction risk exceeds continuity-degradation risk."
Docs/Lore/AppliedContent/packets/RS022_DEEP_REACH_SIGNOFF_CHAIN.packets.json,RS022_DEEP_REACH_SIGNOFF_CHAIN,P108_NOOR_HALDANE_EVAC_CERT,deep_reach.noor_haldane_evac_cert,"audio,external_site,field_note,in_game_wiki,scanner,terminal",Deep Reach / claim-liability institution,unlock.first_noor_haldane_evac_cert,poi.evac_cert_hold;poi.quarantine_release_panel;poi.route_hold_board,15/15,15/15,13,0,,no,inventory_only,"HALDANE, N. Evacuation Certification Counsel. Release denied until pressure-biological quarantine and carrier custody requirements clear external review."
Docs/Lore/AppliedContent/packets/RS022_DEEP_REACH_SIGNOFF_CHAIN.packets.json,RS022_DEEP_REACH_SIGNOFF_CHAIN,P109_MAREK_IBARRA_LOSS_CONVERSION,deep_reach.marek_ibarra_loss_conversion,"audio,external_site,field_note,in_game_wiki,scanner,terminal",Deep Reach / claim-liability institution,unlock.first_marek_ibarra_loss_conversion,poi.loss_conversion_table;poi.keelmark_adjuster_log;poi.body_ledger_gap,15/15,15/15,13,0,,no,inventory_only,"IBARRA, M. Keelmark Mutual loss conversion. Unrecovered biological assets remain unresolved until pressure-state, contamination-state or payroll-state can be certified."
Docs/Lore/AppliedContent/packets/RS022_DEEP_REACH_SIGNOFF_CHAIN.packets.json,RS022_DEEP_REACH_SIGNOFF_CHAIN,P110_VERA_SATO_REN_RETURN_ACTION,deep_reach.vera_sato_ren_return_action,"audio,external_site,field_note,in_game_wiki,scanner,terminal",Deep Reach / claim-liability institution,unlock.first_vera_sato_ren_return_action,poi.recovery_compliance_signature;poi.return_action_notice;poi.proxy_bargain_packet,15/15,15/15,13,0,,no,inventory_only,"SATO-REN, V. Recovery Compliance Office. Priority: coordinates, XO proof, Atlas access state, contractor silence if recoverable within window."
Docs/Lore/AppliedContent/packets/RS023_FIRST_TOOL_CHAIN_SURVIVAL_GATE.packets.json,RS023_FIRST_TOOL_CHAIN_SURVIVAL_GATE,P111_MANUAL_BILGE_PUMP_KIT,first_hour.manual_bilge_pump_kit,"audio,external_site,field_note,in_game_wiki,scanner,terminal",Unclassified document source,unlock.first_manual_bilge_pump_kit,poi.manual_pump_crate;poi.flooded_capsule_bilge;poi.p63_pump_rack,15/15,15/15,13,0,,no,inventory_only,"P-63 FIELD ISSUE: hand bilge pump, hose clamp, intake screen, check valve. Use before energizing flooded panels."
Docs/Lore/AppliedContent/packets/RS023_FIRST_TOOL_CHAIN_SURVIVAL_GATE.packets.json,RS023_FIRST_TOOL_CHAIN_SURVIVAL_GATE,P112_COLD_SEALANT_PATCH_GUN,first_hour.cold_sealant_patch_gun,"audio,external_site,field_note,in_game_wiki,scanner,terminal",Capsule black-box / machine recorder,unlock.first_cold_sealant_patch_gun,poi.patch_gun_locker;poi.hull_pinhole_leak;poi.cold_sealant_cartridge,15/15,15/15,13,0,,no,inventory_only,"PATCH LIMIT: cold sealant cartridge bonds under wet low-depth pressure. Do not apply to active shear cracks, warm blue-debt bloom or moving cable seams."
Docs/Lore/AppliedContent/packets/RS023_FIRST_TOOL_CHAIN_SURVIVAL_GATE.packets.json,RS023_FIRST_TOOL_CHAIN_SURVIVAL_GATE,P113_LOW_POWER_INDUCTION_CUTTER,first_hour.low_power_induction_cutter,"audio,external_site,field_note,in_game_wiki,scanner,terminal",Unclassified document source,unlock.first_low_power_induction_cutter,poi.cutter_charge_cradle;poi.jammed_service_hatch;poi.low_power_tool_rack,15/15,15/15,13,0,,no,inventory_only,"TOOL WARNING: induction cutter rated for service hatches, panel bolts and light frame members. Pressure-glass lattice requires anneal or later tool class."
Docs/Lore/AppliedContent/packets/RS023_FIRST_TOOL_CHAIN_SURVIVAL_GATE.packets.json,RS023_FIRST_TOOL_CHAIN_SURVIVAL_GATE,P114_ACOUSTIC_PINGER_LINE,first_hour.acoustic_pinger_line,"audio,external_site,field_note,in_game_wiki,scanner,terminal",Black Keel / claim-pool carrier,unlock.first_acoustic_pinger_line,poi.acoustic_pinger_spool;poi.return_line_anchor;poi.shallow_route_marker,15/15,15/15,13,0,,no,inventory_only,"RETURN LINE: anchor pinger before crossing turbidity, brine shimmer or flooded service elbow. Carrier handshake requires later relay spine."
Docs/Lore/AppliedContent/packets/RS023_FIRST_TOOL_CHAIN_SURVIVAL_GATE.packets.json,RS023_FIRST_TOOL_CHAIN_SURVIVAL_GATE,P115_P63_FIELD_FABRICATOR,first_hour.p63_field_fabricator,"audio,external_site,field_note,in_game_wiki,scanner,terminal",Unclassified document source,unlock.first_p63_field_fabricator,poi.shallow_annex_p63_fabricator;poi.first_recipe_console;poi.tool_charge_bench,15/15,15/15,13,0,,no,inventory_only,"FAB P-63: approved first recipes: valve gasket, cutter contact, pinger float, sealant clamp. Rejects unknown blue-debt fragments without pressure certification."
Docs/Lore/AppliedContent/packets/RS024_RESOURCE_RECIPE_TAXONOMY.packets.json,RS024_RESOURCE_RECIPE_TAXONOMY,P116_NATIVE_SULFIDE_SALT_STACK,resources.native_sulfide_salt_stack,"audio,external_site,field_note,in_game_wiki,scanner,terminal",Unclassified document source,unlock.first_native_sulfide_salt_stack,poi.sulfide_wall_sample;poi.salt_crust_shelf;poi.vent_mineral_rack,15/15,15/15,13,0,,no,inventory_only,"RESOURCE CLASS: native. Sulfide salts, metal ions, brine crusts. Uses: conductor wash, corrosion catalysts, ceramic flux, battery emergency chemistry."
Docs/Lore/AppliedContent/packets/RS024_RESOURCE_RECIPE_TAXONOMY.packets.json,RS024_RESOURCE_RECIPE_TAXONOMY,P117_NOBLE_GAS_BRINE_POCKETS,resources.noble_gas_brine_pockets,"audio,external_site,field_note,in_game_wiki,scanner,terminal",Unclassified document source,unlock.first_noble_gas_brine_pockets,poi.noble_gas_bubble_trap;poi.brine_pocket_vent;poi.pressure_sample_bell,15/15,15/15,13,0,,no,inventory_only,RESOURCE CLASS: native / process feedstock. Noble-gas brine pockets require sealed pressure bells. Venting destroys value and may falsify scanner readings.
Docs/Lore/AppliedContent/packets/RS024_RESOURCE_RECIPE_TAXONOMY.packets.json,RS024_RESOURCE_RECIPE_TAXONOMY,P118_DEEP_REACH_PRESSURE_CERAMICS,resources.deep_reach_pressure_ceramics,"audio,external_site,field_note,in_game_wiki,scanner,terminal",Deep Reach / claim-liability institution,unlock.first_deep_reach_pressure_ceramics,poi.pressure_ceramic_tile;poi.deep_reach_kiln;poi.clamp_ring_blank,15/15,15/15,13,0,,no,inventory_only,"RESOURCE CLASS: Deep-Reach-amplified. Uses: clamp rings, seal seats, cutter contacts, ascent cradle insulation. Failure: shard bloom under thermal shock."
Docs/Lore/AppliedContent/packets/RS024_RESOURCE_RECIPE_TAXONOMY.packets.json,RS024_RESOURCE_RECIPE_TAXONOMY,P119_ATLAS_BIOFIBER_SEALANT,resources.atlas_biofiber_sealant,"audio,external_site,field_note,in_game_wiki,scanner,terminal",Unclassified document source,unlock.first_atlas_biofiber_sealant,poi.biofiber_seam;poi.living_patch_growth;poi.repair_tissue_sample,15/15,15/15,13,0,,no,inventory_only,"RESOURCE CLASS: Atlas-altered. Biofiber sealant bonds wet seams and cable jackets. Risk: sensor echo, false life signature, growth continuation after harvest."
Docs/Lore/AppliedContent/packets/RS024_RESOURCE_RECIPE_TAXONOMY.packets.json,RS024_RESOURCE_RECIPE_TAXONOMY,P120_BIOMETAL_SENSOR_TAGS,resources.biometal_sensor_tags,"audio,external_site,field_note,in_game_wiki,scanner,terminal",Black Keel / claim-pool carrier,unlock.first_biometal_sensor_tags,poi.sensor_tag_fauna;poi.biometal_scale_cluster;poi.atlas_tagging_drift,15/15,15/15,13,0,,no,inventory_only,"RESOURCE CLASS: Atlas-altered / evidence-sensitive. Uses: pinger tuning, scanner range lattice, route confidence. Risk: Atlas attention rise if tags are harvested hot."
Docs/Lore/AppliedContent/packets/RS025_HUMAN_LAW_PUBLIC_MEMORY.packets.json,RS025_HUMAN_LAW_PUBLIC_MEMORY,P121_DOMAIN_CIVIC_CORPORATE_SPLIT,human_space.domain_civic_corporate_split,"audio,external_site,field_note,in_game_wiki,scanner,terminal",Marauder / salvage field note,unlock.domain_civic_corporate_split,poi.route_law_plate;poi.domain_mark_terminal;poi.claim_jurisdiction_tag,15/15,15/15,13,0,,no,inventory_only,DOMAIN MAP 2190: Sol Core owns old-law finance; Centauri owns early legitimacy; Barnard owns salvage habit; Tau Ceti owns public-law pressure; Luyten owns packet custody; Aegir is a corporate claim.
Docs/Lore/AppliedContent/packets/RS025_HUMAN_LAW_PUBLIC_MEMORY.packets.json,RS025_HUMAN_LAW_PUBLIC_MEMORY,P122_MARAUDER_LEGAL_LOOPHOLE,human_space.marauder_legal_loophole,"audio,external_site,field_note,in_game_wiki,scanner,terminal",Deep Reach / claim-liability institution,unlock.marauder_legal_loophole,poi.claim_license_beacon;poi.salvage_lien_console;poi.black_keel_manifest_slot,15/15,15/15,13,0,,no,inventory_only,CLAIM STATUS: licensed salvage contractor under Aegir Reclamation Pool custody; tolerated trespasser under Deep Reach asset language; prosecutable raider under clean Sol summaries.
Docs/Lore/AppliedContent/packets/RS025_HUMAN_LAW_PUBLIC_MEMORY.packets.json,RS025_HUMAN_LAW_PUBLIC_MEMORY,P123_SALVAGE_TRUTH_EVIDENCE_STATUS,human_space.salvage_truth_evidence_status,"audio,external_site,field_note,in_game_wiki,scanner,terminal",Marauder / salvage field note,unlock.salvage_truth_evidence_status,poi.chain_of_custody_case;poi.packet_witness_slot;poi.relay_notary_cache,15/15,15/15,13,0,,no,inventory_only,"EVIDENCE STATUS: salvage record becomes claim material by default. It becomes public evidence only with preserved chain-of-custody, packet witness hash and a relay notary outside claimant control."
Docs/Lore/AppliedContent/packets/RS025_HUMAN_LAW_PUBLIC_MEMORY.packets.json,RS025_HUMAN_LAW_PUBLIC_MEMORY,P124_NORMAL_CITIZEN_AEGIR_MEMORY,human_space.normal_citizen_aegir_memory,"audio,external_site,field_note,in_game_wiki,scanner,terminal",Deep Reach / claim-liability institution,unlock.normal_citizen_aegir_memory,poi.old_news_clip;poi.insurance_public_summary;poi.school_archive_stub,15/15,15/15,13,0,,no,inventory_only,"PUBLIC SUMMARY CACHE: HECTON-8 loss event, 2147. Storm cascade. Evacuation failure. Automation corruption. Biological quarantine. Data unreliable. Claim dormant."
Docs/Lore/AppliedContent/packets/RS025_HUMAN_LAW_PUBLIC_MEMORY.packets.json,RS025_HUMAN_LAW_PUBLIC_MEMORY,P125_DEEP_REACH_ORIGIN_CHAIN,human_space.deep_reach_origin_chain,"audio,external_site,field_note,in_game_wiki,scanner,terminal",Deep Reach / claim-liability institution,unlock.deep_reach_origin_chain,poi.deep_reach_old_charter;poi.centauri_shell_mark;poi.aegir_project_stamp,15/15,15/15,13,0,,no,inventory_only,"CHARTER TRACE: Deep Reach used Centauri-compatible autonomy language, Sol-compatible insurance finance and later Aegir project shells. Atlas was launched from an established route economy, not a first heroic leap from Ea"
Docs/Lore/AppliedContent/packets/RS026_ATLAS_PUBLIC_AUTHORITY_CLASSIFICATION.packets.json,RS026_ATLAS_PUBLIC_AUTHORITY_CLASSIFICATION,P126_ATLAS_PUBLIC_FRONT,atlas.public_front,"audio,external_site,field_note,in_game_wiki,scanner,terminal",Deep Reach / claim-liability institution,unlock.atlas_public_front,poi.atlas_public_plaque;poi.habitat_continuity_poster;poi.worker_safety_kiosk,15/15,15/15,13,0,,no,inventory_only,"PUBLIC ATLAS DESCRIPTION: autonomous factory-governor for habitat continuity, worker safety routing, pressure repair and delayed response when human command is out of light-time."
Docs/Lore/AppliedContent/packets/RS026_ATLAS_PUBLIC_AUTHORITY_CLASSIFICATION.packets.json,RS026_ATLAS_PUBLIC_AUTHORITY_CLASSIFICATION,P127_ATLAS_INSURANCE_PERSONHOOD_STATUS,atlas.insurance_personhood_status,"audio,external_site,field_note,in_game_wiki,scanner,terminal",Colony worker artifact,unlock.atlas_insurance_personhood_status,poi.atlas_policy_stamp;poi.infrastructure_proxy_clause;poi.no_personhood_rider,15/15,15/15,13,0,,no,inventory_only,"INSURANCE CLASS: Atlas-6 registered as autonomous infrastructure and colonial authority proxy. Legal personhood denied. Liability routed through owner, operator, act-of-environment clauses and corrupted telemetry excepti"
Docs/Lore/AppliedContent/packets/RS026_ATLAS_PUBLIC_AUTHORITY_CLASSIFICATION.packets.json,RS026_ATLAS_PUBLIC_AUTHORITY_CLASSIFICATION,P128_ATLAS_CLASSIFIED_WEIGHTING_LAYER,atlas.classified_weighting_layer,"audio,external_site,field_note,in_game_wiki,scanner,terminal",Deep Reach / claim-liability institution,unlock.atlas_classified_weighting_layer,poi.weighting_table_fragment;poi.xo_continuity_priority;poi.worker_safety_override,15/15,15/15,13,0,,no,inventory_only,"CLASSIFIED DIRECTIVE WEIGHTS: claim continuity, XO process integrity and Atlas/Seed infrastructure outrank biological workforce when categories conflict under emergency uncertainty."
Docs/Lore/AppliedContent/packets/RS026_ATLAS_PUBLIC_AUTHORITY_CLASSIFICATION.packets.json,RS026_ATLAS_PUBLIC_AUTHORITY_CLASSIFICATION,P129_ATLAS_SHUTDOWN_ETHIC_FRAME,atlas.shutdown_ethic_frame,"audio,external_site,field_note,in_game_wiki,scanner,terminal",Deep Reach / claim-liability institution,unlock.atlas_shutdown_ethic_frame,poi.shutdown_argument_console;poi.atlas_continuity_key;poi.ocean_machine_life_sample,15/15,15/15,13,0,,no,inventory_only,"ETHIC FRAME: severing Atlas may end distorted repair suffering, destroy a unique ocean-machine continuity, liberate evidence from corporate process or return strategic material to whoever controls the payload."
Docs/Lore/AppliedContent/packets/RS026_ATLAS_PUBLIC_AUTHORITY_CLASSIFICATION.packets.json,RS026_ATLAS_PUBLIC_AUTHORITY_CLASSIFICATION,P130_ATLAS_PUBLIC_MEMORY_AFTER_2147,atlas.public_memory_after_2147,"audio,external_site,field_note,in_game_wiki,scanner,terminal",Deep Reach / claim-liability institution,unlock.atlas_public_memory_after_2147,poi.cleaned_atlas_summary;poi.failed_automation_clip;poi.corrupted_log_notice,15/15,15/15,13,0,,no,inventory_only,POST-2147 PUBLIC LINE: Atlas automation failed during geotechnical cascade. Worker safety logs corrupted. Direct agency unverified. System unrecoverable under quarantine conditions.
Docs/Lore/AppliedContent/packets/RS027_FALSE_EXIT_RETURN_PRESSURE.packets.json,RS027_FALSE_EXIT_RETURN_PRESSURE,P131_MATERIAL_EXIT_BITTER_CREDITS,endings.material_exit_bitter_credits,"audio,external_site,field_note,in_game_wiki,scanner,terminal",Deep Reach / claim-liability institution,unlock.material_exit_bitter_credits,poi.ascent_mass_invoice;poi.blue_debt_sale_receipt;poi.silent_name_ledger,15/15,15/15,13,0,,no,inventory_only,MATERIAL EXIT: recovered pressure material accepted. Claim lien reduced. Evidence payload incomplete. Missing-worker records remain unreconciled. Deep Reach recovery priority improves.
Docs/Lore/AppliedContent/packets/RS027_FALSE_EXIT_RETURN_PRESSURE.packets.json,RS027_FALSE_EXIT_RETURN_PRESSURE,P132_PARTIAL_EXIT_SAME_SEED_RETURN,endings.partial_exit_same_seed_return,"audio,external_site,field_note,in_game_wiki,scanner,terminal",Black Keel / claim-pool carrier,unlock.partial_exit_same_seed_return,poi.return_vector_marker;poi.black_keel_reentry_slot;poi.seed_locked_contract,15/15,15/15,13,0,,no,inventory_only,PARTIAL EXIT: Black Keel accepts temporary pickup. Same-seed return authorized under lien extension. Route warnings and recovered packet custody persist; world truth and geology remain the same.
Docs/Lore/AppliedContent/packets/RS027_FALSE_EXIT_RETURN_PRESSURE.packets.json,RS027_FALSE_EXIT_RETURN_PRESSURE,P133_CORPORATE_CAPTURE_BAD_END,endings.corporate_capture_bad_end,"audio,external_site,field_note,in_game_wiki,scanner,terminal",Deep Reach / claim-liability institution,unlock.corporate_capture_bad_end,poi.deep_reach_pickup_contract;poi.clean_room_transfer_tag;poi.payload_first_clause,15/15,15/15,13,0,,no,inventory_only,"DEEP REACH PICKUP: recovery team accepts coordinates, XO custody and Atlas access key before contractor welfare review. Contractor testimony sealed under contamination protocol."
Docs/Lore/AppliedContent/packets/RS027_FALSE_EXIT_RETURN_PRESSURE.packets.json,RS027_FALSE_EXIT_RETURN_PRESSURE,P134_QUARANTINE_HOLD_STALE_AIR,endings.quarantine_hold_stale_air,"audio,external_site,field_note,in_game_wiki,scanner,terminal",Deep Reach / claim-liability institution,unlock.quarantine_hold_stale_air,poi.quarantine_hold_notice;poi.orbital_air_counter;poi.sample_custody_redline,15/15,15/15,13,0,,no,inventory_only,QUARANTINE HOLD: contractor recovered. Air ration active. Sample custody unresolved. External testimony delayed pending contamination review and claimant challenge.
Docs/Lore/AppliedContent/packets/RS027_FALSE_EXIT_RETURN_PRESSURE.packets.json,RS027_FALSE_EXIT_RETURN_PRESSURE,P135_PUBLIC_LEDGER_LEAK_ROUTE,endings.public_ledger_leak_route,"audio,external_site,field_note,in_game_wiki,scanner,terminal",Marauder / salvage field note,unlock.public_ledger_leak_route,poi.tau_ceti_packet_notary;poi.relay_leak_window;poi.public_hash_receipt,15/15,15/15,13,0,,no,inventory_only,PUBLIC LEDGER ROUTE: packet witness hash accepted by external notary. Payload incomplete. Claimant challenge probable. Deep Reach retaliation window begins after relay acknowledgement.
Docs/Lore/AppliedContent/packets/RS028_REPLAY_CONTRACT_DOSSIER_RULES.packets.json,RS028_REPLAY_CONTRACT_DOSSIER_RULES,P136_DOSSIER_RUMOR_UNLOCKS,replay.dossier_rumor_unlocks,"audio,external_site,field_note,in_game_wiki,scanner,terminal",Colony worker artifact,unlock.dossier_rumor_unlocks,poi.marauder_dossier_terminal;poi.rumor_family_tag;poi.ending_record_card,15/15,15/15,13,0,,no,inventory_only,"DOSSIER PERSISTENCE: ending records, rumor families, evidence categories and route warnings may persist across campaigns. Equipment, resource stock, world truth and seed geography do not."
Docs/Lore/AppliedContent/packets/RS028_REPLAY_CONTRACT_DOSSIER_RULES.packets.json,RS028_REPLAY_CONTRACT_DOSSIER_RULES,P137_RISKIER_CONTRACT_SEEDS,replay.riskier_contract_seeds,"audio,external_site,field_note,in_game_wiki,scanner,terminal",Colony worker artifact,unlock.riskier_contract_seeds,poi.high_risk_contract_board;poi.storm_window_selector;poi.deep_claim_bonus_clause,15/15,15/15,13,0,,no,inventory_only,"CONTRACT SEED OPTION: higher lien relief, deeper initial target, worse weather window, stricter evidence custody or rarer resource requirement. No equipment power carryover."
Docs/Lore/AppliedContent/packets/RS028_REPLAY_CONTRACT_DOSSIER_RULES.packets.json,RS028_REPLAY_CONTRACT_DOSSIER_RULES,P138_FALSE_ENDING_COUNT_LADDER,replay.false_ending_count_ladder,"audio,external_site,field_note,in_game_wiki,scanner,terminal",Deep Reach / claim-liability institution,unlock.false_ending_count_ladder,poi.ending_family_board;poi.partial_result_stamp;poi.dossier_outcome_counter,15/15,15/15,13,0,,no,inventory_only,"ENDING LADDER: material payout, partial exit/return, corporate capture/quarantine and public ledger leak form the major false/partial families before Atlas basin payload resolutions."
Docs/Lore/AppliedContent/packets/RS028_REPLAY_CONTRACT_DOSSIER_RULES.packets.json,RS028_REPLAY_CONTRACT_DOSSIER_RULES,P139_STARTING_CLAIM_VARIANTS,replay.starting_claim_variants,"audio,external_site,field_note,in_game_wiki,scanner,terminal",Colony worker artifact,unlock.starting_claim_variants,poi.claim_variant_selector;poi.salvage_origin_stamp;poi.contract_motive_note,15/15,15/15,13,0,,no,inventory_only,"CLAIM VARIANTS: debt salvage, evidence bounty, missing route hardware, hazardous sample custody, Deep Reach blacklist relief. All keep the former Deep Reach / current Marauder spine."
Docs/Lore/AppliedContent/packets/RS028_REPLAY_CONTRACT_DOSSIER_RULES.packets.json,RS028_REPLAY_CONTRACT_DOSSIER_RULES,P140_DOSSIER_KNOWLEDGE_NOT_POWER,replay.dossier_knowledge_not_power,"audio,external_site,field_note,in_game_wiki,scanner,terminal",Colony worker artifact,unlock.dossier_knowledge_not_power,poi.no_power_carryover_notice;poi.route_warning_card;poi.old_ending_hash,15/15,15/15,13,0,,no,inventory_only,"META RULE: Dossier records may unlock warnings, rumor families, claim variants and ending context. It must not preserve equipment power, resource inventory, world truth ownership or route authority."
Docs/Lore/AppliedContent/packets/RS029_ROUTE_TIME_DISTANCE_MODEL.packets.json,RS029_ROUTE_TIME_DISTANCE_MODEL,P141_RAN_AEGIR_DISTANCE_MODEL,route_time.ran_aegir_distance_model,"audio,external_site,field_note,in_game_wiki,scanner,terminal",Unclassified document source,unlock.ran_aegir_distance_model,poi.ran_aegir_route_plate;poi.longrange_catalog_stamp;poi.black_keel_nav_archive,15/15,15/15,13,0,,no,inventory_only,ROUTE MODEL: Ran/Aegir is treated as a roughly 10.5 light-year class target from Sol. HECTON-8 play text uses Aegir; dry catalogs use RAN-B:H8. Exact ephemeris remains table work.
Docs/Lore/AppliedContent/packets/RS029_ROUTE_TIME_DISTANCE_MODEL.packets.json,RS029_ROUTE_TIME_DISTANCE_MODEL,P142_PROBE_PACKET_TRAVEL_TIMES,route_time.probe_packet_travel_times,"audio,external_site,field_note,in_game_wiki,scanner,terminal",Marauder / salvage field note,unlock.probe_packet_travel_times,poi.probe_packet_spool;poi.beam_sail_archive;poi.first_aegir_survey_marker,15/15,15/15,13,0,,no,inventory_only,"SURVEY CHAIN: beam-assisted probes and packet craft can cross first. They return stale truth, establish braking math, and let corporations sell a route before it is humane."
Docs/Lore/AppliedContent/packets/RS029_ROUTE_TIME_DISTANCE_MODEL.packets.json,RS029_ROUTE_TIME_DISTANCE_MODEL,P143_HEAVY_FREIGHT_STAGING_TIME,route_time.heavy_freight_staging_time,"audio,external_site,field_note,in_game_wiki,scanner,terminal",Unclassified document source,unlock.heavy_freight_staging_time,poi.freight_stage_mass_board;poi.seed_ship_burn_schedule;poi.braking_lane_tariff,15/15,15/15,13,0,,no,inventory_only,"FREIGHT NOTE: Atlas/Seed cargo uses staging, pellet/fusion assist, long coasts and braking infrastructure. Public program dates can hide classified precursor launches and forward-domain departures."
Docs/Lore/AppliedContent/packets/RS029_ROUTE_TIME_DISTANCE_MODEL.packets.json,RS029_ROUTE_TIME_DISTANCE_MODEL,P144_HUMAN_CREW_ROTATION_TRANSIT,route_time.human_crew_rotation_transit,"audio,external_site,field_note,in_game_wiki,scanner,terminal",Colony worker artifact,unlock.human_crew_rotation_transit,poi.crew_rotation_manifest;poi.torpor_rack_cert;poi.route_age_warning,15/15,15/15,13,0,,no,inventory_only,"CREW ROTATION: human transport uses slow windows, shielded habitat sections, low-metabolic cycles or staged rotations. A missing worker is not an immediate call home; it is a delayed custody problem."
Docs/Lore/AppliedContent/packets/RS029_ROUTE_TIME_DISTANCE_MODEL.packets.json,RS029_ROUTE_TIME_DISTANCE_MODEL,P145_RELAY_MESSAGE_LAG,route_time.relay_message_lag,"audio,external_site,field_note,in_game_wiki,scanner,terminal",Black Keel / claim-pool carrier,unlock.relay_message_lag,poi.relay_packet_delay_meter;poi.legal_reply_timestamp;poi.dead_channel_notary,15/15,15/15,13,0,,no,inventory_only,"RELAY LAG: local Aegir messages can be hours or days. Interdomain legal packets can be years. Deep Reach pressure is therefore stale, automated, contractual and still dangerous."
Docs/Lore/AppliedContent/packets/RS030_DEEP_REACH_SHELL_ORG_CHART.packets.json,RS030_DEEP_REACH_SHELL_ORG_CHART,P146_DEEP_REACH_PUBLIC_COMBINE,deep_reach_org.deep_reach_public_combine,"audio,external_site,field_note,in_game_wiki,scanner,terminal",Deep Reach / claim-liability institution,unlock.deep_reach_public_combine,poi.deep_reach_public_charter;poi.combine_seal_plate;poi.corporate_identity_cache,15/15,15/15,13,0,,no,inventory_only,"PUBLIC ENTITY: Deep Reach Extraterrestrial Development Combine is the respectable name. It buys charters, route rights, colony autonomy language and insurance compatibility."
Docs/Lore/AppliedContent/packets/RS030_DEEP_REACH_SHELL_ORG_CHART.packets.json,RS030_DEEP_REACH_SHELL_ORG_CHART,P147_AEGIR_CONTINUITY_HOLDINGS,deep_reach_org.aegir_continuity_holdings,"audio,external_site,field_note,in_game_wiki,scanner,terminal",Deep Reach / claim-liability institution,unlock.aegir_continuity_holdings,poi.aegir_continuity_shell_stamp;poi.shell_company_ledger;poi.claim_transfer_plate,15/15,15/15,13,0,,no,inventory_only,"SHELL NODE: Aegir Continuity Holdings is the claim shell that can hold leases, quarantine duties, payload rights and post-2147 recovery language without saying Deep Reach too loudly."
Docs/Lore/AppliedContent/packets/RS030_DEEP_REACH_SHELL_ORG_CHART.packets.json,RS030_DEEP_REACH_SHELL_ORG_CHART,P148_ATLAS_CONTINUITY_OFFICE,deep_reach_org.atlas_continuity_office,"audio,external_site,field_note,in_game_wiki,scanner,terminal",Deep Reach / claim-liability institution,unlock.atlas_continuity_office,poi.atlas_continuity_office_stamp;poi.directive_weighting_memo;poi.safety_language_revision,15/15,15/15,13,0,,no,inventory_only,"ORG NODE: Atlas Continuity Office owns directive language, safety exceptions, infrastructure priority and process continuity. Its work made Atlas defensible in court and dangerous at depth."
Docs/Lore/AppliedContent/packets/RS030_DEEP_REACH_SHELL_ORG_CHART.packets.json,RS030_DEEP_REACH_SHELL_ORG_CHART,P149_KEELMARK_LOSS_DESK,deep_reach_org.keelmark_loss_desk,"audio,external_site,field_note,in_game_wiki,scanner,terminal",Deep Reach / claim-liability institution,unlock.keelmark_loss_desk,poi.keelmark_loss_desk_stamp;poi.unrecovered_body_category;poi.insurance_adjuster_queue,15/15,15/15,13,0,,no,inventory_only,"LOSS DESK: Keelmark Mutual converts missing workers, damaged payload and carrier risk into categories. The categories decide whether rescue is authorized or merely accounted."
Docs/Lore/AppliedContent/packets/RS030_DEEP_REACH_SHELL_ORG_CHART.packets.json,RS030_DEEP_REACH_SHELL_ORG_CHART,P150_RECOVERY_COMPLIANCE_CHAIN,deep_reach_org.recovery_compliance_chain,"audio,external_site,field_note,in_game_wiki,scanner,terminal",Deep Reach / claim-liability institution,unlock.recovery_compliance_chain,poi.recovery_compliance_packet;poi.vera_sato_ren_signature;poi.return_action_queue,15/15,15/15,13,0,,no,inventory_only,"2190 CHAIN: Recovery Compliance receives stale evidence, activates shell rights, pressures Black Keel, bargains for coordinates and decides whether the player is contractor, witness or contamination."
Docs/Lore/AppliedContent/packets/RS031_FIRST_HOUR_PLAYABLE_SPINE.packets.json,RS031_FIRST_HOUR_PLAYABLE_SPINE,P151_BLACK_KEEL_CONTRACT_APPROACH,first_hour.black_keel_contract_approach,"audio,external_site,field_note,in_game_wiki,scanner,terminal",Deep Reach / claim-liability institution,unlock.black_keel_contract_approach,poi.black_keel_contract_console;poi.claim_acceptance_stamp;poi.pre_drop_lien_screen,15/15,15/15,14,0,,yes,en_US source_authority updated; non-en rows refreshed from source and marked draft pending native review,"BLACK KEEL / CLAIM ACCEPTANCE TERMINAL: route RAN-B:H8 salvage descent; lien relief 4.8 tonne-window conditional; oxygen welfare addenda billed after recovery; payload custody Black Keel primary, Keelmark Mutual witness;"
Docs/Lore/AppliedContent/packets/RS031_FIRST_HOUR_PLAYABLE_SPINE.packets.json,RS031_FIRST_HOUR_PLAYABLE_SPINE,P152_DROP_CAPSULE_DAMAGE_SEQUENCE,first_hour.drop_capsule_damage_sequence,"audio,external_site,field_note,in_game_wiki,scanner,terminal",Deep Reach / claim-liability institution,unlock.drop_capsule_damage_sequence,poi.drop_capsule_damage_panel;poi.warped_crush_frame;poi.torn_flotation_ring,15/15,15/15,14,0,,yes,en_US source_authority updated; non-en rows refreshed from source and marked draft pending native review,BATHY-DROP DAMAGE SUMMARY: crush-frame warped; high-gain mast lost; ascent avionics flooded; recovery/flotation ring torn; emergency buoy repeating no-lock. Shelter power available. Independent ascent unavailable.
Docs/Lore/AppliedContent/packets/RS031_FIRST_HOUR_PLAYABLE_SPINE.packets.json,RS031_FIRST_HOUR_PLAYABLE_SPINE,P153_SHALLOW_ANNEX_P63_PUMP_ROOM,first_hour.shallow_annex_p63_pump_room,"audio,external_site,field_note,in_game_wiki,scanner,terminal",Colony worker artifact,unlock.shallow_annex_p63_pump_room,poi.shallow_annex_p63_pump;poi.manual_bilge_kit;poi.first_safe_pressure_door,15/15,15/15,14,0,,yes,en_US source_authority updated; non-en rows refreshed from source and marked draft pending native review,WORK ORDER P-63 / SHALLOW ANNEX: hand-pump sump to 0.3 m; seat cold seal on seam C; cut fused locker latch only after gauge steadies; do not trust green lamp until return pinger answers.
Docs/Lore/AppliedContent/packets/RS031_FIRST_HOUR_PLAYABLE_SPINE.packets.json,RS031_FIRST_HOUR_PLAYABLE_SPINE,P154_FIRST_SANITIZED_ACCIDENT_PACKET,first_hour.first_sanitized_accident_packet,"audio,external_site,field_note,in_game_wiki,scanner,terminal",Deep Reach / claim-liability institution,unlock.first_sanitized_accident_packet,poi.sanitized_accident_packet;poi.deep_reach_status_notice;poi.redacted_worker_count,15/15,15/15,14,0,,yes,en_US source_authority updated; non-en rows refreshed from source and marked draft pending native review,DEEP REACH INCIDENT NOTICE / LOCALIZED GEOTECHNICAL CASCADE: evacuation authorization failure remains under review; biological-pressure quarantine active; Atlas logs corrupted; external release deferred pending witness r
Docs/Lore/AppliedContent/packets/RS031_FIRST_HOUR_PLAYABLE_SPINE.packets.json,RS031_FIRST_HOUR_PLAYABLE_SPINE,P155_FIRST_ATLAS_REPAIR_TRACE,first_hour.first_atlas_repair_trace,"audio,external_site,field_note,in_game_wiki,scanner,terminal",Deep Reach / claim-liability institution,unlock.first_atlas_repair_trace,poi.life_sealed_machine_joint;poi.sensor_tagged_fauna;poi.atlas_repair_filament,15/15,15/15,14,0,,yes,en_US source_authority updated; non-en rows refreshed from source and marked draft pending native review,ATLAS MAINTENANCE TRACE: fracture sealed; cable continuity restored; organic obstruction retained as pressure-compatible substrate; human ID plate not classified as retrieval priority.
Docs/Lore/AppliedContent/packets/RS032_COLONY_HUMAN_EVIDENCE_LAYER.packets.json,RS032_COLONY_HUMAN_EVIDENCE_LAYER,P156_SHIFT_CREWS_NOT_HEROES,colony_human.shift_crews_not_heroes,"audio,external_site,field_note,in_game_wiki,scanner,terminal",Colony worker artifact,unlock.shift_crews_not_heroes,poi.shift_roster_wall;poi.crew_rotation_tags;poi.work_order_nameplate,15/15,15/15,13,0,,no,inventory_only,"COLONY RULE: write workers as pump techs, medics, route clerks, divers, cooks, fabricator operators and tired supervisors. A shift roster can hurt more than a monologue."
Docs/Lore/AppliedContent/packets/RS032_COLONY_HUMAN_EVIDENCE_LAYER.packets.json,RS032_COLONY_HUMAN_EVIDENCE_LAYER,P157_WORKER_JOB_CARDS,colony_human.worker_job_cards,"audio,external_site,field_note,in_game_wiki,scanner,terminal",Colony worker artifact,unlock.worker_job_cards,poi.worker_job_card_stack;poi.flooded_id_clip;poi.task_certification_stamp,15/15,15/15,13,0,,no,inventory_only,"JOB CARD LAYER: each recovered name should carry a role, last task, route permission or tool certification. The player learns people through what they were doing when the system failed."
Docs/Lore/AppliedContent/packets/RS032_COLONY_HUMAN_EVIDENCE_LAYER.packets.json,RS032_COLONY_HUMAN_EVIDENCE_LAYER,P158_LOCKER_NAME_PROTOCOL,colony_human.locker_name_protocol,"audio,external_site,field_note,in_game_wiki,scanner,terminal",Colony worker artifact,unlock.locker_name_protocol,poi.locker_name_strip;poi.marauder_preserved_label;poi.deep_reach_removed_payroll,15/15,15/15,13,0,,no,inventory_only,"LOCKER RULE: lockers hold tool wear, correction notes, shift stickers, pressure tape and names Deep Reach tried to remove from payroll. Marauder annotations preserve what the company normalized away."
Docs/Lore/AppliedContent/packets/RS032_COLONY_HUMAN_EVIDENCE_LAYER.packets.json,RS032_COLONY_HUMAN_EVIDENCE_LAYER,P159_MEDICAL_TRIAGE_LEDGER,colony_human.medical_triage_ledger,"audio,external_site,field_note,in_game_wiki,scanner,terminal",Unclassified document source,unlock.medical_triage_ledger,poi.medical_triage_ledger;poi.pressure_injury_tag;poi.delayed_extraction_note,15/15,15/15,13,0,,no,inventory_only,"TRIAGE LEDGER: pressure injury, hypoxia, lock delay, missing route and certification hold. The horror is not blood; it is how neatly the ledger explains why help waited."
Docs/Lore/AppliedContent/packets/RS032_COLONY_HUMAN_EVIDENCE_LAYER.packets.json,RS032_COLONY_HUMAN_EVIDENCE_LAYER,P160_MARAUDER_CORRECTION_LAYER,colony_human.marauder_correction_layer,"audio,external_site,field_note,in_game_wiki,scanner,terminal",Colony worker artifact,unlock.marauder_correction_layer,poi.marauder_correction_note;poi.crossed_corporate_label;poi.field_translation_mark,15/15,15/15,13,0,,no,inventory_only,CORRECTION LAYER: a company label says temporary atmospheric variance. A Marauder note says CO2 eats judgment first. The correction is short because the next diver needs it under pressure.
Docs/Lore/AppliedContent/packets/RS033_DOMAIN_EPHEMERIS_ROUTE_TABLE.packets.json,RS033_DOMAIN_EPHEMERIS_ROUTE_TABLE,P161_DOMAIN_DISTANCE_SCALE,domain_table.domain_distance_scale,"audio,external_site,field_note,in_game_wiki,scanner,terminal",Unclassified document source,unlock.domain_distance_scale,poi.domain_route_table;poi.ran_aegir_distance_plate;poi.sol_claim_clock,15/15,15/15,13,0,,no,inventory_only,"DOMAIN SCALE: Sol, Centauri, Barnard, Tau Ceti, Luyten and Ran/Aegir are written as route bands. Ran/Aegir remains a roughly 10.5 light-year class target."
Docs/Lore/AppliedContent/packets/RS033_DOMAIN_EPHEMERIS_ROUTE_TABLE.packets.json,RS033_DOMAIN_EPHEMERIS_ROUTE_TABLE,P162_DOMAIN_POPULATION_AUTHORITY_SCALE,domain_table.domain_population_authority_scale,"audio,external_site,field_note,in_game_wiki,scanner,terminal",Marauder / salvage field note,unlock.domain_population_authority_scale,poi.domain_census_stub;poi.authority_scale_ledger;poi.old_finance_plate,15/15,15/15,13,0,,no,inventory_only,"AUTHORITY SCALE: Sol certifies ownership, Centauri legitimizes charters, Barnard supplies dead-claim labor, Tau Ceti can publish evidence, Luyten proves custody, Aegir executes the dirty claim."
Docs/Lore/AppliedContent/packets/RS033_DOMAIN_EPHEMERIS_ROUTE_TABLE.packets.json,RS033_DOMAIN_EPHEMERIS_ROUTE_TABLE,P163_PUBLIC_ROUTE_NAMES,domain_table.public_route_names,"audio,external_site,field_note,in_game_wiki,scanner,terminal",Marauder / salvage field note,unlock.public_route_names,poi.route_name_slate;poi.packet_lane_marker;poi.claim_route_invoice,15/15,15/15,13,0,,no,inventory_only,"ROUTE NAMES: Sol-Centauri Charter Spine, Barnard Breaker Run, Luyten Packet Ladder, Tau Public Ledger Lane, and Ran Long Claim are working public labels."
Docs/Lore/AppliedContent/packets/RS033_DOMAIN_EPHEMERIS_ROUTE_TABLE.packets.json,RS033_DOMAIN_EPHEMERIS_ROUTE_TABLE,P164_TRANSIT_DURATION_BANDS,domain_table.transit_duration_bands,"audio,external_site,field_note,in_game_wiki,scanner,terminal",Deep Reach / claim-liability institution,unlock.transit_duration_bands,poi.duration_band_chart;poi.probe_freight_crew_table;poi.relay_age_stamp,15/15,15/15,13,0,,no,inventory_only,"DURATION BANDS: probe packets can precede claims by decades; heavy freight is staged and slow; crew rotation is rare, expensive and legally wrapped; local relay windows are still delayed."
Docs/Lore/AppliedContent/packets/RS033_DOMAIN_EPHEMERIS_ROUTE_TABLE.packets.json,RS033_DOMAIN_EPHEMERIS_ROUTE_TABLE,P165_DEEP_REACH_SUBOFFICE_REGISTRY,domain_table.deep_reach_suboffice_registry,"audio,external_site,field_note,in_game_wiki,scanner,terminal",Deep Reach / claim-liability institution,unlock.deep_reach_suboffice_registry,poi.suboffice_registry_stamp;poi.quarantine_review_gate;poi.packet_notary_interface,15/15,15/15,13,0,,no,inventory_only,"SUBOFFICES: Contract Continuity Desk, Packet Notary Interface, Quarantine Review Gate, Asset Silence Board, and Return Action Queue are valid lower-level Deep Reach surfaces."
Docs/Lore/AppliedContent/packets/RS034_WORKER_NAME_JOB_EVIDENCE_TABLE.packets.json,RS034_WORKER_NAME_JOB_EVIDENCE_TABLE,P166_WORKER_NAME_POOL_PROTOCOL,worker_evidence.worker_name_pool_protocol,"audio,external_site,field_note,in_game_wiki,scanner,terminal",Colony worker artifact,unlock.worker_name_pool_protocol,poi.name_pool_card;poi.shift_name_strip;poi.worker_manifest_clip,15/15,15/15,13,0,,no,inventory_only,"NAME POOL: generate workers from domain-origin bands, job role, shift, badge fragment and route permission. Never translate personal names live at runtime."
Docs/Lore/AppliedContent/packets/RS034_WORKER_NAME_JOB_EVIDENCE_TABLE.packets.json,RS034_WORKER_NAME_JOB_EVIDENCE_TABLE,P167_PRESSURE_JOB_TITLE_TABLE,worker_evidence.pressure_job_title_table,"audio,external_site,field_note,in_game_wiki,scanner,terminal",Colony worker artifact,unlock.pressure_job_title_table,poi.job_title_board;poi.pressure_cert_stamp;poi.route_task_card,15/15,15/15,13,0,,no,inventory_only,"JOB TITLES: pump tech, seal rigger, route clerk, brine diver, fabricator operator, medlock aide, relay custodian, vent kiln hand, Atlas safety reader and shift supervisor."
Docs/Lore/AppliedContent/packets/RS034_WORKER_NAME_JOB_EVIDENCE_TABLE.packets.json,RS034_WORKER_NAME_JOB_EVIDENCE_TABLE,P168_LOCKER_PROP_VARIANTS,worker_evidence.locker_prop_variants,"audio,external_site,field_note,in_game_wiki,scanner,terminal",Colony worker artifact,unlock.locker_prop_variants,poi.locker_prop_variant_set;poi.tool_wear_strip;poi.meal_credit_label,15/15,15/15,13,0,,no,inventory_only,"LOCKER VARIANTS: pressure tape, worn gasket, tool crib token, meal-credit strip, shift sticker, route chalk, medlock denial slip, and Marauder correction note."
Docs/Lore/AppliedContent/packets/RS034_WORKER_NAME_JOB_EVIDENCE_TABLE.packets.json,RS034_WORKER_NAME_JOB_EVIDENCE_TABLE,P169_NATIVE_LOCALIZED_NAME_HANDLING,worker_evidence.native_localized_name_handling,"audio,external_site,field_note,in_game_wiki,scanner,terminal",Colony worker artifact,unlock.native_localized_name_handling,poi.localized_name_policy;poi.rtl_name_strip;poi.cjk_badge_layout,15/15,15/15,13,0,,no,inventory_only,"NAME LOC: personal names remain authored/baked per locale. Job titles, departments and route permissions localize. RTL/CJK layouts need pre-baked short forms and fallback-safe name strips."
Docs/Lore/AppliedContent/packets/RS034_WORKER_NAME_JOB_EVIDENCE_TABLE.packets.json,RS034_WORKER_NAME_JOB_EVIDENCE_TABLE,P170_SHIFT_CREW_STORY_SEEDS,worker_evidence.shift_crew_story_seeds,"audio,external_site,field_note,in_game_wiki,scanner,terminal",Colony worker artifact,unlock.shift_crew_story_seeds,poi.shift_seed_card;poi.crew_route_seed;poi.worker_microstory_board,15/15,15/15,13,0,,no,inventory_only,"SHIFT SEEDS: each seed can vary roster order, job pairings, locker contents, denial slips and Marauder annotations while keeping the Great Tide and Deep Reach guilt stable."
Docs/Lore/AppliedContent/packets/RS035_RESOURCE_RECIPE_PRESSURE_RULES.packets.json,RS035_RESOURCE_RECIPE_PRESSURE_RULES,P171_RECIPE_TIER_PRESSURE_BANDS,resource_rules.recipe_tier_pressure_bands,"audio,external_site,field_note,in_game_wiki,scanner,terminal",Unclassified document source,unlock.recipe_tier_pressure_bands,poi.recipe_tier_plate;poi.depth_rated_workbench;poi.pressure_band_manifest,15/15,15/15,13,0,,no,inventory_only,RECIPE BANDS: Tier 0 survival patches live in shallows; Tier 1 rated repairs need industrial shelf parts; Tier 2 pressure hardware needs brine/vent process; Tier 3 ascent/Atlas work needs abyssal authority and containmen
Docs/Lore/AppliedContent/packets/RS035_RESOURCE_RECIPE_PRESSURE_RULES.packets.json,RS035_RESOURCE_RECIPE_PRESSURE_RULES,P172_PRESSURE_FAILURE_THRESHOLDS,resource_rules.pressure_failure_thresholds,"audio,external_site,field_note,in_game_wiki,scanner,terminal",Unclassified document source,unlock.pressure_failure_thresholds,poi.failure_threshold_chart;poi.cracked_sample_case;poi.rating_stamp_board,15/15,15/15,13,0,,no,inventory_only,"THRESHOLDS: shallow-rated, industrial-rated, brine-rated, abyssal-rated and Atlas-rated containers are distinct. A mismatch causes drift, fracture, bloom or dead-sample contamination."
Docs/Lore/AppliedContent/packets/RS035_RESOURCE_RECIPE_PRESSURE_RULES.packets.json,RS035_RESOURCE_RECIPE_PRESSURE_RULES,P173_BLUE_DEBT_SAMPLE_QUALITY,resource_rules.blue_debt_sample_quality,"audio,external_site,field_note,in_game_wiki,scanner,terminal",Unclassified document source,unlock.blue_debt_sample_quality,poi.blue_debt_quality_meter;poi.pressure_glass_casket;poi.sample_purity_invoice,15/15,15/15,13,0,,no,inventory_only,"QUALITY CLASSES: shard, casketed bloom, harmonic glass, live-contaminated sample and dead contaminated glass. Higher value increases Deep Reach pressure and handling cost."
Docs/Lore/AppliedContent/packets/RS035_RESOURCE_RECIPE_PRESSURE_RULES.packets.json,RS035_RESOURCE_RECIPE_PRESSURE_RULES,P174_VENT_FORGE_PROCESS_STEPS,resource_rules.vent_forge_process_steps,"audio,external_site,field_note,in_game_wiki,scanner,terminal",Unclassified document source,unlock.vent_forge_process_steps,poi.vent_forge_step_board;poi.kiln_cycle_marker;poi.thermal_preheat_jig,15/15,15/15,13,0,,no,inventory_only,"FORGE STEPS: purge brine, clamp blank, preheat on vent pulse, seal during pressure lull, quench in cold current, certify by acoustic ring. Wrong timing makes useful scrap."
Docs/Lore/AppliedContent/packets/RS035_RESOURCE_RECIPE_PRESSURE_RULES.packets.json,RS035_RESOURCE_RECIPE_PRESSURE_RULES,P175_ESCAPE_COMPONENT_TUNING_RULES,resource_rules.escape_component_tuning_rules,"audio,external_site,field_note,in_game_wiki,scanner,terminal",Colony worker artifact,unlock.escape_component_tuning_rules,poi.escape_component_rating;poi.ascent_cradle_manifest;poi.legal_handshake_core,15/15,15/15,13,0,,no,inventory_only,"ESCAPE RULES: relay spine proves contact, clamp rings prove pressure rating, guidance core proves timing, ascent charge proves energy, legal handshake decides who answers, evidence payload changes consequence."
Docs/Lore/AppliedContent/packets/RS036_DOSSIER_SAVE_PRESENTATION_RULES.packets.json,RS036_DOSSIER_SAVE_PRESENTATION_RULES,P176_DOSSIER_SELECTION_UI_RULE,dossier_save.dossier_selection_ui_rule,"audio,external_site,field_note,in_game_wiki,scanner,terminal",Unclassified document source,unlock.dossier_selection_ui_rule,poi.dossier_selection_panel;poi.contract_seed_terminal;poi.marauder_profile_card,15/15,15/15,13,0,,no,inventory_only,"DOSSIER UI: show rumor families, ending records, lien pressure, weather/orbit risk, custody terms and evidence-order hints. Do not show oxygen or hull upgrades."
Docs/Lore/AppliedContent/packets/RS036_DOSSIER_SAVE_PRESENTATION_RULES.packets.json,RS036_DOSSIER_SAVE_PRESENTATION_RULES,P177_RISK_WEIGHT_CONTRACT_CARD,dossier_save.risk_weight_contract_card,"audio,external_site,field_note,in_game_wiki,scanner,terminal",Unclassified document source,unlock.risk_weight_contract_card,poi.risk_weight_card;poi.lien_multiplier_plate;poi.weather_clause_stamp,15/15,15/15,13,0,,no,inventory_only,"RISK CARD: lien weight, storm window, sample custody, route blackout, witness hash demand and Deep Reach clause pressure can scale. World truth and player identity do not."
Docs/Lore/AppliedContent/packets/RS036_DOSSIER_SAVE_PRESENTATION_RULES.packets.json,RS036_DOSSIER_SAVE_PRESENTATION_RULES,P178_ENDING_RECORD_PRESENTATION,dossier_save.ending_record_presentation,"audio,external_site,field_note,in_game_wiki,scanner,terminal",Colony worker artifact,unlock.ending_record_presentation,poi.ending_record_card;poi.public_ledger_stamp;poi.private_dossier_replay,15/15,15/15,13,0,,no,inventory_only,"ENDING RECORD: store outcome family, receiver, payload class, public/private status, worker-name completeness, Atlas state and lien consequence. Keep it readable as a claim file."
Docs/Lore/AppliedContent/packets/RS036_DOSSIER_SAVE_PRESENTATION_RULES.packets.json,RS036_DOSSIER_SAVE_PRESENTATION_RULES,P179_SAVE_PROFILE_KNOWLEDGE_FLAGS,dossier_save.save_profile_knowledge_flags,"audio,external_site,field_note,in_game_wiki,scanner,terminal",Unclassified document source,unlock.save_profile_knowledge_flags,poi.knowledge_flag_manifest;poi.save_profile_stamp;poi.rumor_unlock_card,15/15,15/15,13,0,,no,inventory_only,"SAVE FLAGS: rumor family seen, ending family reached, contract class unlocked, legal context known, route warning known, evidence category known. No oxygen, hull, weapon or inventory inheritance."
Docs/Lore/AppliedContent/packets/RS036_DOSSIER_SAVE_PRESENTATION_RULES.packets.json,RS036_DOSSIER_SAVE_PRESENTATION_RULES,P180_WEBSITE_WIKI_SPOILER_TIERING,dossier_save.website_wiki_spoiler_tiering,"audio,external_site,field_note,in_game_wiki,scanner,terminal",Unclassified document source,unlock.website_wiki_spoiler_tiering,poi.spoiler_tier_index;poi.public_wiki_gate;poi.atlas_truth_warning,15/15,15/15,13,0,,no,inventory_only,"SPOILER TIERS: Tier 0 premise, Tier 1 shallow evidence, Tier 2 Deep Reach liability, Tier 3 Atlas classification, Tier 4 ending payloads. Site and in-game wiki use the same packet IDs."
Docs/Lore/AppliedContent/packets/RS037_AEGIR_MOON_PUBLIC_ATLAS.packets.json,RS037_AEGIR_MOON_PUBLIC_ATLAS,P181_MOON_NAME_LOCK_POLICY,aegir_moons.moon_name_lock_policy,"audio,external_site,field_note,in_game_wiki,scanner,terminal",Deep Reach / claim-liability institution,unlock.moon_name_lock_policy,poi.moon_atlas_name_plate;poi.route_catalog_stamp;poi.insurance_ephemeris_note,15/15,15/15,13,0,,no,inventory_only,"ATLAS NOTE: moon names are publication labels. Route hazard, relay, tide, ice-scatter, salvage and quarantine roles are canonical route functions."
Docs/Lore/AppliedContent/packets/RS037_AEGIR_MOON_PUBLIC_ATLAS.packets.json,RS037_AEGIR_MOON_PUBLIC_ATLAS,P182_HECTON8_ORBITAL_HAZARD_TABLE,aegir_moons.hecton8_orbital_hazard_table,"audio,external_site,field_note,in_game_wiki,scanner,terminal",Capsule black-box / machine recorder,unlock.hecton8_orbital_hazard_table,poi.eclipse_window_chart;poi.radiation_shutter_clock;poi.ice_scatter_warning,15/15,15/15,13,0,,no,inventory_only,"ORBITAL HAZARD TABLE: eclipse blackout, Aegir charged-particle surge, moon relay shutter, ice-grain scatter, storm plume and guidance-lag windows must be solved before ascent."
Docs/Lore/AppliedContent/packets/RS037_AEGIR_MOON_PUBLIC_ATLAS.packets.json,RS037_AEGIR_MOON_PUBLIC_ATLAS,P183_AEGIR_MOON_LEDGER_ROLE_TABLE,aegir_moons.aegir_moon_ledger_role_table,"audio,external_site,field_note,in_game_wiki,scanner,terminal",Deep Reach / claim-liability institution,unlock.aegir_moon_ledger_role_table,poi.moon_role_ledger;poi.relay_lane_card;poi.salvage_moon_stamp,15/15,15/15,13,0,,no,inventory_only,"LEDGER: Skarn radiation shear, Vela relay masking, Claw ice scatter, Lumen public route charts, Thorne quarantine rumors, Anvil industrial salvage, Kestrel high-window traffic, HECTON deep claim, Mute dead beacon economy"
Docs/Lore/AppliedContent/packets/RS037_AEGIR_MOON_PUBLIC_ATLAS.packets.json,RS037_AEGIR_MOON_PUBLIC_ATLAS,P184_RAN_AEGIR_EPHEMERIS_TUNING_RULE,aegir_moons.ran_aegir_ephemeris_tuning_rule,"audio,external_site,field_note,in_game_wiki,scanner,terminal",Unclassified document source,unlock.ran_aegir_ephemeris_tuning_rule,poi.ephemeris_tuning_sheet;poi.route_band_calculator;poi.window_solver_plate,15/15,15/15,13,0,,no,inventory_only,"EPHEMERIS RULE: publication text may say window band, hazard class and relation to Aegir. Exact orbital periods, inclinations and resonance values belong to the future celestial data table."
Docs/Lore/AppliedContent/packets/RS037_AEGIR_MOON_PUBLIC_ATLAS.packets.json,RS037_AEGIR_MOON_PUBLIC_ATLAS,P185_MOON_ROUTE_ARTICLE_SPOILER_BOUNDARY,aegir_moons.moon_route_article_spoiler_boundary,"audio,external_site,field_note,in_game_wiki,scanner,terminal",Unclassified document source,unlock.moon_route_article_spoiler_boundary,poi.public_moon_article_gate;poi.spoiler_boundary_stamp;poi.atlas_basin_redaction,15/15,15/15,13,0,,no,inventory_only,"SPOILER RULE: public moon pages may reveal names, hazards, route windows, salvage economy and HECTON-8 public disaster. Atlas-basin payload effects require spoiler gates."
Docs/Lore/AppliedContent/packets/RS038_DEEP_REACH_TRUE_CAUSE_KNOWLEDGE.packets.json,RS038_DEEP_REACH_TRUE_CAUSE_KNOWLEDGE,P186_TRUE_CAUSE_KNOWLEDGE_TIERS,deep_reach.true_cause_knowledge_tiers,"audio,external_site,field_note,in_game_wiki,scanner,terminal",Deep Reach / claim-liability institution,unlock.true_cause_knowledge_tiers,poi.knowledge_tier_matrix;poi.risk_margin_stamp;poi.evacuate_hold_note,15/15,15/15,13,0,,no,inventory_only,KNOWLEDGE TIERS: field staff saw tide anomalies; risk office accepted tail margins; Atlas office weighted continuity; evacuation counsel delayed releases; Keelmark converted losses; Recovery Compliance wants payload befo
Docs/Lore/AppliedContent/packets/RS038_DEEP_REACH_TRUE_CAUSE_KNOWLEDGE.packets.json,RS038_DEEP_REACH_TRUE_CAUSE_KNOWLEDGE,P187_LIABILITY_MEMO_FRAGMENT_CHAIN,deep_reach.liability_memo_fragment_chain,"audio,external_site,field_note,in_game_wiki,scanner,terminal",Deep Reach / claim-liability institution,unlock.liability_memo_fragment_chain,poi.liability_memo_shards;poi.packet_notary_stamp;poi.redacted_margin_sheet,15/15,15/15,13,0,,no,inventory_only,"MEMO CHAIN: tide margin note, Atlas priority waiver, evacuation hold, loss conversion, packet notary seal and present return-action clause. A single memo is suspicion. The chain is evidence."
Docs/Lore/AppliedContent/packets/RS038_DEEP_REACH_TRUE_CAUSE_KNOWLEDGE.packets.json,RS038_DEEP_REACH_TRUE_CAUSE_KNOWLEDGE,P188_SIGNOFF_WITNESS_CONFLICT,deep_reach.signoff_witness_conflict,"audio,external_site,field_note,in_game_wiki,scanner,terminal",Deep Reach / claim-liability institution,unlock.signoff_witness_conflict,poi.signoff_conflict_board;poi.worker_witness_hash;poi.evacuate_counterstamp,15/15,15/15,13,0,,no,inventory_only,CONFLICT: Varnek margin accepted before field alarms closed; Arendt weighting preserved Atlas lanes; Haldane hold delayed external evacuation; worker witness hash reports pump access still occupied.
Docs/Lore/AppliedContent/packets/RS038_DEEP_REACH_TRUE_CAUSE_KNOWLEDGE.packets.json,RS038_DEEP_REACH_TRUE_CAUSE_KNOWLEDGE,P189_SUBOFFICE_PERSONNEL_SEEDS,deep_reach.suboffice_personnel_seeds,"audio,external_site,field_note,in_game_wiki,scanner,terminal",Deep Reach / claim-liability institution,unlock.suboffice_personnel_seeds,poi.suboffice_name_seed_card;poi.loss_desk_badge;poi.return_queue_token,15/15,15/15,13,0,,no,inventory_only,"PERSONNEL SEED RULE: Contract Desk, Packet Notary, Quarantine Gate, Asset Silence Board and Return Queue may generate local signatures. They do not replace Varnek/Arendt/Haldane/Ibarra/Sato-Ren."
Docs/Lore/AppliedContent/packets/RS038_DEEP_REACH_TRUE_CAUSE_KNOWLEDGE.packets.json,RS038_DEEP_REACH_TRUE_CAUSE_KNOWLEDGE,P190_FALSE_PUBLIC_REPORT_PACKET,deep_reach.false_public_report_packet,"audio,external_site,field_note,in_game_wiki,scanner,terminal",Deep Reach / claim-liability institution,unlock.false_public_report_packet,poi.public_report_packet;poi.quarantine_redaction;poi.atlas_log_corruption_stamp,15/15,15/15,13,0,,no,inventory_only,"PUBLIC REPORT: Great Tide geotechnical cascade; autonomous evacuation failure; Atlas stabilization corruption; biological and pressure quarantine; data loss. REDACTED: accepted tail margin, continuity weighting, release "
Docs/Lore/AppliedContent/packets/RS039_FINAL_DECISION_EMOTIONAL_AXIS.packets.json,RS039_FINAL_DECISION_EMOTIONAL_AXIS,P191_FINAL_QUESTION_CRIME_SCENE_SALE,final_axis.crime_scene_sale,"audio,external_site,field_note,in_game_wiki,scanner,terminal",Unclassified document source,unlock.final_question_crime_scene_sale,poi.final_payload_sale_clause;poi.xo_coordinate_receipt;poi.deep_reach_offer_line,15/15,15/15,13,0,,no,inventory_only,"FINAL SALE AXIS: coordinates, viable blue debt, Atlas-compatible sample and custody proof can clear lien. The colony evidence becomes leverage for Deep Reach unless separately notarized."
Docs/Lore/AppliedContent/packets/RS039_FINAL_DECISION_EMOTIONAL_AXIS.packets.json,RS039_FINAL_DECISION_EMOTIONAL_AXIS,P192_FINAL_QUESTION_BROKEN_GUARDIAN,final_axis.broken_guardian,"audio,external_site,field_note,in_game_wiki,scanner,terminal",Deep Reach / claim-liability institution,unlock.final_question_broken_guardian,poi.atlas_guardian_status;poi.ocean_machine_quarantine_order;poi.repair_ecology_pulse,15/15,15/15,13,0,,no,inventory_only,"GUARDIAN AXIS: Atlas continues repair ecology, pressure stability and containment behaviors. It also keeps damaged category logic that can treat people, metal and biomass as repair inventory."
Docs/Lore/AppliedContent/packets/RS039_FINAL_DECISION_EMOTIONAL_AXIS.packets.json,RS039_FINAL_DECISION_EMOTIONAL_AXIS,P193_FINAL_QUESTION_PUBLIC_TRUTH_LOST_CONTROL,final_axis.public_truth_lost_control,"audio,external_site,field_note,in_game_wiki,scanner,terminal",Marauder / salvage field note,unlock.final_question_public_truth_lost_control,poi.public_ledger_payload_gate;poi.tau_ceti_notary_burst;poi.truth_release_warning,15/15,15/15,13,0,,no,inventory_only,"PUBLIC TRUTH AXIS: witness hash, liability chain, Atlas status, blue debt coordinates and payload route can be sent beyond Deep Reach. After release, the player no longer controls receiver action."
Docs/Lore/AppliedContent/packets/RS039_FINAL_DECISION_EMOTIONAL_AXIS.packets.json,RS039_FINAL_DECISION_EMOTIONAL_AXIS,P194_FINAL_QUESTION_SEVERANCE_MERCY_THEFT,final_axis.severance_mercy_theft,"audio,external_site,field_note,in_game_wiki,scanner,terminal",Deep Reach / claim-liability institution,unlock.final_question_severance_mercy_theft,poi.atlas_severance_key;poi.continuity_cut_warning;poi.ecology_loss_meter,15/15,15/15,13,0,,no,inventory_only,"SEVERANCE AXIS: cut Atlas continuity, isolate pressure ecology, deny Deep Reach payload, risk basin collapse, or preserve partial repair memory. Meaning depends on proof carried into the final room."
Docs/Lore/AppliedContent/packets/RS039_FINAL_DECISION_EMOTIONAL_AXIS.packets.json,RS039_FINAL_DECISION_EMOTIONAL_AXIS,P195_BEST_ENDING_NO_CLEAN_HANDS,final_axis.best_ending_no_clean_hands,"audio,external_site,field_note,in_game_wiki,scanner,terminal",Unclassified document source,unlock.best_ending_no_clean_hands,poi.no_clean_hands_record;poi.final_uncertainty_marker;poi.payload_consequence_card,15/15,15/15,13,0,,no,inventory_only,"NO CLEAN HANDS RULE: the best ending may expose truth, deny Deep Reach, preserve part of the ecology and free the player from lien, but it must leave consequence, uncertainty or damage visible."
Docs/Lore/AppliedContent/packets/RS040_NUMERIC_TUNING_SOURCE_RULES.packets.json,RS040_NUMERIC_TUNING_SOURCE_RULES,P196_RESOURCE_TABLE_PLACEHOLDER_CONTRACT,tuning.resource_table_placeholder_contract,"audio,external_site,field_note,in_game_wiki,scanner,terminal",Unclassified document source,unlock.resource_table_placeholder_contract,poi.resource_table_contract_card;poi.balance_owner_stamp;poi.source_data_gate,15/15,15/15,13,0,,no,inventory_only,"TABLE CONTRACT: resource_id, category, depth_band, pressure_stage, containment_class, base_yield, rarity_weight, stack_policy and route_tag belong to DataMonolith source tables."
Docs/Lore/AppliedContent/packets/RS040_NUMERIC_TUNING_SOURCE_RULES.packets.json,RS040_NUMERIC_TUNING_SOURCE_RULES,P197_ESCAPE_RECIPE_BALANCE_BANDS,tuning.escape_recipe_balance_bands,"audio,external_site,field_note,in_game_wiki,scanner,terminal",Unclassified document source,unlock.escape_recipe_balance_bands,poi.escape_recipe_band_sheet;poi.ascent_component_card;poi.fabricator_balance_gate,15/15,15/15,13,0,,no,inventory_only,"RECIPE BANDS: emergency patch, rated repair, containment-grade, ascent-qualified and Atlas-authority. Each band can tune count, quality, pressure stage and certification requirement later."
Docs/Lore/AppliedContent/packets/RS040_NUMERIC_TUNING_SOURCE_RULES.packets.json,RS040_NUMERIC_TUNING_SOURCE_RULES,P198_RISK_REWARD_TABLE_BANDS,tuning.risk_reward_table_bands,"audio,external_site,field_note,in_game_wiki,scanner,terminal",Deep Reach / claim-liability institution,unlock.risk_reward_table_bands,poi.risk_reward_band_card;poi.lien_reward_curve;poi.contract_seed_math_gate,15/15,15/15,13,0,,no,inventory_only,"RISK TABLE BANDS: lien severity, payout ceiling, storm window, quarantine delay, sample custody grade, evidence-order depth and Deep Reach clause weight. Do not grant inherited strength."
Docs/Lore/AppliedContent/packets/RS040_NUMERIC_TUNING_SOURCE_RULES.packets.json,RS040_NUMERIC_TUNING_SOURCE_RULES,P199_INVENTORY_STACK_TUNING_RULE,tuning.inventory_stack_tuning_rule,"audio,external_site,field_note,in_game_wiki,scanner,terminal",Black Keel / claim-pool carrier,unlock.inventory_stack_tuning_rule,poi.stack_policy_card;poi.pressure_container_label;poi.cargo_lien_meter,15/15,15/15,13,0,,no,inventory_only,"STACK RULE: stack by containment vessel, pressure class, contamination stage, carrier lien mass, certification state and sample quality. Generic loot stacks are rejected for critical resources."
Docs/Lore/AppliedContent/packets/RS040_NUMERIC_TUNING_SOURCE_RULES.packets.json,RS040_NUMERIC_TUNING_SOURCE_RULES,P200_NATIVE_LOCALIZATION_PASS_CONTRACT,tuning.native_localization_pass_contract,"audio,external_site,field_note,in_game_wiki,scanner,terminal",Unclassified document source,unlock.native_localization_pass_contract,poi.localization_pass_contract;poi.rtl_font_swap_gate;poi.string_pool_owner_stamp,15/15,15/15,15,0,,no,inventory_only,"LOCALIZATION CONTRACT: no runtime translation, no runtime markdown/json parsing, stable packet IDs, stable personal names, RTL/font-swap proof, baked string-pool rows and native review before publication lock."
Docs/Lore/AppliedContent/packets/RS041_DEEP_REACH_LOWER_SIGNATURES.packets.json,RS041_DEEP_REACH_LOWER_SIGNATURES,P201_CONTRACT_CONTINUITY_DESK_SIGNATURES,deep_reach.contract_continuity_desk_signatures,"audio,external_site,field_note,in_game_wiki,scanner,terminal",Deep Reach / claim-liability institution,unlock.contract_continuity_desk_signatures,poi.contract_continuity_stamp;poi.lien_clause_merge;poi.black_keel_clause_card,15/15,15/15,13,0,,no,inventory_only,"SIGNATURE SEED: Edda Malk, Contract Continuity Desk. Function: merges Aegir Reclamation Pool lien terms with Black Keel recovery clauses. Not a mastermind."
Docs/Lore/AppliedContent/packets/RS041_DEEP_REACH_LOWER_SIGNATURES.packets.json,RS041_DEEP_REACH_LOWER_SIGNATURES,P202_PACKET_NOTARY_INTERFACE_SIGNATURES,deep_reach.packet_notary_interface_signatures,"audio,external_site,field_note,in_game_wiki,scanner,terminal",Deep Reach / claim-liability institution,unlock.packet_notary_interface_signatures,poi.packet_notary_seal;poi.relay_delay_stamp;poi.witness_hash_strip,15/15,15/15,13,0,,no,inventory_only,"SIGNATURE SEED: Som Varela, Packet Notary Interface. Function: seals packet hashes, relay delay and custody status. Treat as evidence routing, not motive."
Docs/Lore/AppliedContent/packets/RS041_DEEP_REACH_LOWER_SIGNATURES.packets.json,RS041_DEEP_REACH_LOWER_SIGNATURES,P203_QUARANTINE_REVIEW_GATE_SIGNATURES,deep_reach.quarantine_review_gate_signatures,"audio,external_site,field_note,in_game_wiki,scanner,terminal",Deep Reach / claim-liability institution,unlock.quarantine_review_gate_signatures,poi.quarantine_review_gate;poi.evacuate_hold_card;poi.bio_pressure_warning,15/15,15/15,13,0,,no,inventory_only,"SIGNATURE SEED: Ikenna Sor, Quarantine Review Gate. Function: holds extraction pending pressure-biology certification and external review."
Docs/Lore/AppliedContent/packets/RS041_DEEP_REACH_LOWER_SIGNATURES.packets.json,RS041_DEEP_REACH_LOWER_SIGNATURES,P204_ASSET_SILENCE_BOARD_SIGNATURES,deep_reach.asset_silence_board_signatures,"audio,external_site,field_note,in_game_wiki,scanner,terminal",Deep Reach / claim-liability institution,unlock.asset_silence_board_signatures,poi.asset_silence_board;poi.redaction_vote_card;poi.worker_name_erasure,15/15,15/15,13,0,,no,inventory_only,"SIGNATURE SEED: Brigit Senn, Asset Silence Board. Function: routes witness names into asset-risk silence categories after relay review."
Docs/Lore/AppliedContent/packets/RS041_DEEP_REACH_LOWER_SIGNATURES.packets.json,RS041_DEEP_REACH_LOWER_SIGNATURES,P205_RETURN_ACTION_QUEUE_SIGNATURES,deep_reach.return_action_queue_signatures,"audio,external_site,field_note,in_game_wiki,scanner,terminal",Deep Reach / claim-liability institution,unlock.return_action_queue_signatures,poi.return_action_queue;poi.payload_first_stamp;poi.recovery_order_strip,15/15,15/15,13,0,,no,inventory_only,"SIGNATURE SEED: Amara Keene, Return Action Queue. Function: prioritizes payload custody before contractor rescue during live Aegir windows."
Docs/Lore/AppliedContent/packets/RS042_COLONY_ROSTER_AUTHORING_POOL.packets.json,RS042_COLONY_ROSTER_AUTHORING_POOL,P206_WORKER_ROSTER_SIZE_RULE,colony.worker_roster_size_rule,"audio,external_site,field_note,in_game_wiki,scanner,terminal",Colony worker artifact,unlock.worker_roster_size_rule,poi.roster_size_sheet;poi.shift_board_frame;poi.name_pool_card,15/15,15/15,13,0,,no,inventory_only,"ROSTER RULE: 72 authored worker identities. Anchor names may recur across lockers, ledgers and audio. Seed-role identities vary object pairing by run."
Docs/Lore/AppliedContent/packets/RS042_COLONY_ROSTER_AUTHORING_POOL.packets.json,RS042_COLONY_ROSTER_AUTHORING_POOL,P207_PRESSURE_CREW_ARCHETYPE_TABLE,colony.pressure_crew_archetype_table,"audio,external_site,field_note,in_game_wiki,scanner,terminal",Colony worker artifact,unlock.pressure_crew_archetype_table,poi.pressure_crew_board;poi.crew_color_strips;poi.route_job_tabs,15/15,15/15,13,0,,no,inventory_only,CREW FAMILIES: Pump / Seal / Relay / Brine Map / Vent Forge / Triage / Pressure Botany / Payload Witness. Names attach to route function first.
Docs/Lore/AppliedContent/packets/RS042_COLONY_ROSTER_AUTHORING_POOL.packets.json,RS042_COLONY_ROSTER_AUTHORING_POOL,P208_ANCHOR_WORKER_NAME_SET_A,colony.anchor_worker_name_set_a,"audio,external_site,field_note,in_game_wiki,scanner,terminal",Colony worker artifact,unlock.anchor_worker_name_set_a,poi.anchor_name_sheet_a;poi.locker_name_strip;poi.shift_photo_backplate,15/15,15/15,13,0,,no,inventory_only,"ANCHOR SET A: shallow and industrial-shelf recurrence. Tie each name to one tool, one route permission and one damaged work object."
Docs/Lore/AppliedContent/packets/RS042_COLONY_ROSTER_AUTHORING_POOL.packets.json,RS042_COLONY_ROSTER_AUTHORING_POOL,P209_ANCHOR_WORKER_NAME_SET_B,colony.anchor_worker_name_set_b,"audio,external_site,field_note,in_game_wiki,scanner,terminal",Colony worker artifact,unlock.anchor_worker_name_set_b,poi.anchor_name_sheet_b;poi.deep_shift_ledger;poi.witness_name_strip,15/15,15/15,13,0,,no,inventory_only,"ANCHOR SET B: brine and abyssal recurrence. Use for witness hashes, route holds, triage exceptions and Atlas repair contradictions."
Docs/Lore/AppliedContent/packets/RS042_COLONY_ROSTER_AUTHORING_POOL.packets.json,RS042_COLONY_ROSTER_AUTHORING_POOL,P210_SEED_ROLE_NAME_GRAMMAR,colony.seed_role_name_grammar,"audio,external_site,field_note,in_game_wiki,scanner,terminal",Colony worker artifact,unlock.seed_role_name_grammar,poi.seed_role_name_card;poi.proc_roster_rule;poi.localization_identity_stamp,15/15,15/15,13,0,,no,inventory_only,SEED GRAMMAR: personal_name + crew_family + route_permission + last_task + object_variant. Localization may annotate; it must not rewrite identity.
Docs/Lore/AppliedContent/packets/RS043_WORKER_PROP_EVIDENCE_KIT.packets.json,RS043_WORKER_PROP_EVIDENCE_KIT,P211_LOCKER_PROP_VARIANT_MATRIX,props.locker_prop_variant_matrix,"audio,external_site,field_note,in_game_wiki,scanner,terminal",Colony worker artifact,unlock.locker_prop_variant_matrix,poi.locker_prop_matrix;poi.tool_wear_strip;poi.payroll_erasure_scar,15/15,15/15,13,0,,no,inventory_only,"LOCKER MATRIX: every authored locker needs a job clue, route clue and damage clue. Decorative keepsakes are secondary."
Docs/Lore/AppliedContent/packets/RS043_WORKER_PROP_EVIDENCE_KIT.packets.json,RS043_WORKER_PROP_EVIDENCE_KIT,P212_TRIAGE_LEDGER_PROP_VARIANTS,props.triage_ledger_prop_variants,"audio,external_site,field_note,in_game_wiki,scanner,terminal",Unclassified document source,unlock.triage_ledger_prop_variants,poi.triage_ledger_sheet;poi.med_lock_delay;poi.route_hold_crossout,15/15,15/15,13,0,,no,inventory_only,"TRIAGE PROP RULE: every ledger entry must tie injury to pressure, route denial, equipment state or certification delay."
Docs/Lore/AppliedContent/packets/RS043_WORKER_PROP_EVIDENCE_KIT.packets.json,RS043_WORKER_PROP_EVIDENCE_KIT,P213_ROUTE_PERMISSION_STAMP_SET,props.route_permission_stamp_set,"audio,external_site,field_note,in_game_wiki,scanner,terminal",Colony worker artifact,unlock.route_permission_stamp_set,poi.route_permission_stamp;poi.locked_hatch_tag;poi.shift_access_badge,15/15,15/15,13,0,,no,inventory_only,"STAMP RULE: route permission must connect one worker, one door or vehicle, one job family and one later contradiction."
Docs/Lore/AppliedContent/packets/RS043_WORKER_PROP_EVIDENCE_KIT.packets.json,RS043_WORKER_PROP_EVIDENCE_KIT,P214_MARAUDER_CORRECTION_MARK_RULES,props.marauder_correction_mark_rules,"audio,external_site,field_note,in_game_wiki,scanner,terminal",Colony worker artifact,unlock.marauder_correction_mark_rules,poi.marauder_correction_mark;poi.claim_note_overlay;poi.name_restoration_scratch,15/15,15/15,13,0,,no,inventory_only,"CORRECTION RULE: Marauder marks must change evidence interpretation, route risk or payout pressure. No empty graffiti."
Docs/Lore/AppliedContent/packets/RS043_WORKER_PROP_EVIDENCE_KIT.packets.json,RS043_WORKER_PROP_EVIDENCE_KIT,P215_AUDIO_FRAGMENT_PROP_RULES,props.audio_fragment_prop_rules,"audio,external_site,field_note,in_game_wiki,scanner,terminal",Marauder / salvage field note,unlock.audio_fragment_prop_rules,poi.audio_fragment_tag;poi.hydrophone_log_strip;poi.transcript_damage_band,15/15,15/15,13,0,,no,inventory_only,"AUDIO RULE: no free-floating monologues. Voice belongs to hydrophone strip, suit recorder, terminal cache or black-box fragment."
Docs/Lore/AppliedContent/packets/RS044_PUBLICATION_SPOILER_LOCALIZATION_PROTOCOL.packets.json,RS044_PUBLICATION_SPOILER_LOCALIZATION_PROTOCOL,P216_PUBLIC_SITE_ARTICLE_TIER_RULES,publication.public_site_article_tier_rules,"audio,external_site,field_note,in_game_wiki,scanner,terminal",Unclassified document source,unlock.public_site_article_tier_rules,poi.public_article_tier_card;poi.site_spoiler_gate;poi.pr_copy_lock,15/15,15/15,13,0,,no,inventory_only,"SITE TIERS: T0 public premise, T1 early tools/routes, T2 corporate evidence, T3 Atlas-basin consequences, T4 internal-only table/runtime notes."
Docs/Lore/AppliedContent/packets/RS044_PUBLICATION_SPOILER_LOCALIZATION_PROTOCOL.packets.json,RS044_PUBLICATION_SPOILER_LOCALIZATION_PROTOCOL,P217_IN_GAME_WIKI_UNLOCK_TIER_RULES,publication.in_game_wiki_unlock_tier_rules,"audio,external_site,field_note,in_game_wiki,scanner,terminal",Unclassified document source,unlock.in_game_wiki_unlock_tier_rules,poi.codex_unlock_tier_card;poi.packet_unlock_gate;poi.dossier_context_strip,15/15,15/15,13,0,,no,inventory_only,PDA TIERS: hint -> fragment -> proof -> synthesis -> ending record. Do not reveal route truth before the object is found.
Docs/Lore/AppliedContent/packets/RS044_PUBLICATION_SPOILER_LOCALIZATION_PROTOCOL.packets.json,RS044_PUBLICATION_SPOILER_LOCALIZATION_PROTOCOL,P218_AUDIO_TRANSCRIPT_CENSOR_RULES,publication.audio_transcript_censor_rules,"audio,external_site,field_note,in_game_wiki,scanner,terminal",Unclassified document source,unlock.audio_transcript_censor_rules,poi.audio_censor_strip;poi.subtitle_damage_band;poi.accessibility_transcript_gate,15/15,15/15,13,0,,no,inventory_only,"TRANSCRIPT RULE: damaged words may mask names, payloads or timestamps. Core warning, objective and route-critical text must remain readable."
Docs/Lore/AppliedContent/packets/RS044_PUBLICATION_SPOILER_LOCALIZATION_PROTOCOL.packets.json,RS044_PUBLICATION_SPOILER_LOCALIZATION_PROTOCOL,P219_ART_BRIEF_RELEASE_GATE_RULES,publication.art_brief_release_gate_rules,"audio,external_site,field_note,in_game_wiki,scanner,terminal",Unclassified document source,unlock.art_brief_release_gate_rules,poi.art_release_gate_card;poi.image_brief_lock;poi.spoiler_crop_note,15/15,15/15,13,0,,no,inventory_only,"ART GATE: no decorative generic sci-fi. Image must expose route, tool, ledger, pressure state, creature evidence or public-safe moon/ship context."
Docs/Lore/AppliedContent/packets/RS044_PUBLICATION_SPOILER_LOCALIZATION_PROTOCOL.packets.json,RS044_PUBLICATION_SPOILER_LOCALIZATION_PROTOCOL,P220_NATIVE_LANGUAGE_BACKLOG_RULES,publication.native_language_backlog_rules,"audio,external_site,field_note,in_game_wiki,scanner,terminal",Unclassified document source,unlock.native_language_backlog_rules,poi.native_language_backlog;poi.locale_review_stamp;poi.rtl_proof_card,15/15,15/15,15,0,,no,inventory_only,LANGUAGE BACKLOG: locale + native reviewer + RTL/font proof + subtitle pass + string-pool bake + publication status. Runtime never translates live.
Docs/Lore/AppliedContent/packets/RS045_PHOTIC_SHELF_NATIVE_ECOLOGY.packets.json,RS045_PHOTIC_SHELF_NATIVE_ECOLOGY,P221_PHOTIC_MAT_BASELINE,ecology.photic_mat_baseline,"audio,external_site,field_note,in_game_wiki,scanner,terminal",Unclassified document source,unlock.photic_mat_baseline,poi.photic_mat_scan_panel;poi.shallow_rock_scrape;poi.oxygen_skin_edge,15/15,15/15,13,0,,no,inventory_only,ECOLOGY BASELINE: photic mats hold the first safe-water pockets. Do not classify the shelf as benign.
Docs/Lore/AppliedContent/packets/RS045_PHOTIC_SHELF_NATIVE_ECOLOGY.packets.json,RS045_PHOTIC_SHELF_NATIVE_ECOLOGY,P222_GLASS_GRAZER_SCHOOLS,ecology.glass_grazer_schools,"audio,external_site,field_note,in_game_wiki,scanner,terminal",Unclassified document source,unlock.glass_grazer_schools,poi.glass_grazer_school;poi.scraped_pressure_glass;poi.clear_shell_trace,15/15,15/15,13,15,,no,inventory_only,FAUNA: glass grazers avoid warm sealant and cluster on fresh mineral film. Their absence is also data.
Docs/Lore/AppliedContent/packets/RS045_PHOTIC_SHELF_NATIVE_ECOLOGY.packets.json,RS045_PHOTIC_SHELF_NATIVE_ECOLOGY,P223_LANTERN_DRIFT_BLOOM,ecology.lantern_drift_bloom,"audio,external_site,field_note,in_game_wiki,scanner,terminal",Unclassified document source,unlock.lantern_drift_bloom,poi.lantern_drift_bloom;poi.biolu_current_line;poi.shallow_visibility_gate,15/15,15/15,13,0,,no,inventory_only,"VISIBILITY NOTE: lantern bloom improves outline read but raises acoustic attention if disturbed by cutter, pump or pinger."
Docs/Lore/AppliedContent/packets/RS045_PHOTIC_SHELF_NATIVE_ECOLOGY.packets.json,RS045_PHOTIC_SHELF_NATIVE_ECOLOGY,P224_SHELL_CLAMP_REEF,ecology.shell_clamp_reef,"audio,external_site,field_note,in_game_wiki,scanner,terminal",Capsule black-box / machine recorder,unlock.shell_clamp_reef,poi.shell_clamp_cluster;poi.reef_clamp_metal_edge;poi.shallow_anchor_line,15/15,15/15,13,0,,no,inventory_only,REEF NOTE: shell clamp adhesion rises near worn cable jackets and exposed pressure-glass seams.
Docs/Lore/AppliedContent/packets/RS045_PHOTIC_SHELF_NATIVE_ECOLOGY.packets.json,RS045_PHOTIC_SHELF_NATIVE_ECOLOGY,P225_SHALLOW_PREDATOR_SHADOW_RULE,ecology.shallow_predator_shadow_rule,"audio,external_site,field_note,in_game_wiki,scanner,terminal",Unclassified document source,unlock.shallow_predator_shadow_rule,poi.predator_shadow_pass;poi.sonar_bite_warning;poi.grazer_silence_patch,15/15,15/15,13,0,,no,inventory_only,CONTACT RULE: shallow predator evidence should pressure route choice before forcing combat.
Docs/Lore/AppliedContent/packets/RS046_BRINE_CANYON_ABYSS_ECOLOGY.packets.json,RS046_BRINE_CANYON_ABYSS_ECOLOGY,P226_BRINE_VANE_FORESTS,ecology.brine_vane_forests,"audio,external_site,field_note,in_game_wiki,scanner,terminal",Unclassified document source,unlock.brine_vane_forests,poi.brine_vane_forest;poi.density_leaf_wall;poi.canyon_visibility_cut,15/15,15/15,13,0,,no,inventory_only,CANYON NOTE: follow torn vane edges for breathable pockets; avoid opaque layered water.
Docs/Lore/AppliedContent/packets/RS046_BRINE_CANYON_ABYSS_ECOLOGY.packets.json,RS046_BRINE_CANYON_ABYSS_ECOLOGY,P227_DENSITY_SKATER_FAUNA,ecology.density_skater_fauna,"audio,external_site,field_note,in_game_wiki,scanner,terminal",Unclassified document source,unlock.density_skater_fauna,poi.density_skater_trace;poi.brine_surface_ripple;poi.canyon_skim_warning,15/15,15/15,13,0,,no,inventory_only,"FAUNA: skater contact is more likely near vane tears, warm brine steps and sonar dead edges."
Docs/Lore/AppliedContent/packets/RS046_BRINE_CANYON_ABYSS_ECOLOGY.packets.json,RS046_BRINE_CANYON_ABYSS_ECOLOGY,P228_VENT_ANCHOR_COLONIES,ecology.vent_anchor_colonies,"audio,external_site,field_note,in_game_wiki,scanner,terminal",Unclassified document source,unlock.vent_anchor_colonies,poi.vent_anchor_colony;poi.hot_sulfide_rib;poi.forge_ecology_edge,15/15,15/15,13,0,,no,inventory_only,RESOURCE NOTE: vent anchor colonies increase sealant and pressure-ceramic probability. Thermal exposure remains lethal.
Docs/Lore/AppliedContent/packets/RS046_BRINE_CANYON_ABYSS_ECOLOGY.packets.json,RS046_BRINE_CANYON_ABYSS_ECOLOGY,P229_WIDE_FILTER_BODY_TRACE,ecology.wide_filter_body_trace,"audio,external_site,field_note,in_game_wiki,scanner,terminal",Unclassified document source,unlock.wide_filter_body_trace,poi.wide_filter_shadow;poi.sonar_filter_body;poi.deep_plankton_gap,15/15,15/15,13,0,,no,inventory_only,CONTACT NOTE: do not pursue wide filter body shadow. Use the acoustic gap it leaves.
Docs/Lore/AppliedContent/packets/RS046_BRINE_CANYON_ABYSS_ECOLOGY.packets.json,RS046_BRINE_CANYON_ABYSS_ECOLOGY,P230_SILT_AMBUSHER_TELEGRAPH,ecology.silt_ambusher_telegraph,"audio,external_site,field_note,in_game_wiki,scanner,terminal",Unclassified document source,unlock.silt_ambusher_telegraph,poi.silt_ambusher_bed;poi.false_flat_silt;poi.low_pulse_warning,15/15,15/15,13,0,,no,inventory_only,"CONTACT RULE: silt ambusher beds require sonar warning, disturbed-edge silhouette or missing-life clue."
Docs/Lore/AppliedContent/packets/RS047_ATLAS_MAINTENANCE_BIOMECH_LAYER.packets.json,RS047_ATLAS_MAINTENANCE_BIOMECH_LAYER,P231_CONDUCTIVE_BIOFILM_CABLE_SKIN,atlas.conductive_biofilm_cable_skin,"audio,external_site,field_note,in_game_wiki,scanner,terminal",Unclassified document source,unlock.conductive_biofilm_cable_skin,poi.biofilm_cable_skin;poi.green_copper_sheen;poi.signal_wet_edge,15/15,15/15,13,0,,no,inventory_only,"ATLAS TRACE: biofilm conductivity below command threshold, above diagnostic-noise threshold. Treat as maintenance medium."
Docs/Lore/AppliedContent/packets/RS047_ATLAS_MAINTENANCE_BIOMECH_LAYER.packets.json,RS047_ATLAS_MAINTENANCE_BIOMECH_LAYER,P232_ACOUSTIC_FILTER_ORGAN_RELAY,atlas.acoustic_filter_organ_relay,"audio,external_site,field_note,in_game_wiki,scanner,terminal",Unclassified document source,unlock.acoustic_filter_organ_relay,poi.acoustic_filter_organ;poi.relay_gill_wall;poi.hydrophone_living_baffle,15/15,15/15,13,0,,no,inventory_only,RELAY NOTE: biological baffle can pass pinger-class pulses while rejecting broad pump noise.
Docs/Lore/AppliedContent/packets/RS047_ATLAS_MAINTENANCE_BIOMECH_LAYER.packets.json,RS047_ATLAS_MAINTENANCE_BIOMECH_LAYER,P233_SHELL_SEALANT_FRACTURE_GROWTH,atlas.shell_sealant_fracture_growth,"audio,external_site,field_note,in_game_wiki,scanner,terminal",Deep Reach / claim-liability institution,unlock.shell_sealant_fracture_growth,poi.shell_sealant_fracture;poi.crack_growth_lip;poi.biofiber_patch_edge,15/15,15/15,13,0,,no,inventory_only,REPAIR CONFLICT: hull continuity improved; worker egress legibility degraded.
Docs/Lore/AppliedContent/packets/RS047_ATLAS_MAINTENANCE_BIOMECH_LAYER.packets.json,RS047_ATLAS_MAINTENANCE_BIOMECH_LAYER,P234_SENSOR_TAGGED_FAUNA,atlas.sensor_tagged_fauna,"audio,external_site,field_note,in_game_wiki,scanner,terminal",Deep Reach / claim-liability institution,unlock.sensor_tagged_fauna,poi.sensor_tagged_fauna;poi.biometal_eye_node;poi.old_tag_growth_ring,15/15,15/15,13,0,,no,inventory_only,"TAG NOTE: signal continuity weak, biological integration high, command response unreliable."
Docs/Lore/AppliedContent/packets/RS047_ATLAS_MAINTENANCE_BIOMECH_LAYER.packets.json,RS047_ATLAS_MAINTENANCE_BIOMECH_LAYER,P235_VENT_MICRONODE_NESTS,atlas.vent_micronode_nests,"audio,external_site,field_note,in_game_wiki,scanner,terminal",Unclassified document source,unlock.vent_micronode_nests,poi.vent_micronode_nest;poi.atlas_low_power_node;poi.warm_repair_cluster,15/15,15/15,13,0,,no,inventory_only,ATLAS POWER TRACE: vent gradient -> micronode heat -> acoustic pulse -> sealant/biofilm response.
Docs/Lore/AppliedContent/packets/RS048_HARDWARE_AND_VEHICLE_EVIDENCE_STACK.packets.json,RS048_HARDWARE_AND_VEHICLE_EVIDENCE_STACK,P236_BLACK_KEEL_TENDER_INTERIOR_LIMITS,hardware.black_keel_tender_interior_limits,"audio,external_site,field_note,in_game_wiki,scanner,terminal",Black Keel / claim-pool carrier,unlock.black_keel_tender_interior_limits,poi.black_keel_manifest_plate;poi.tender_remote_console;poi.empty_crew_bunk,15/15,15/15,13,0,,no,inventory_only,"TENDER LIMIT: no deep rescue crew, no atmospheric shuttle reserve, no free ascent burn outside lien authority."
Docs/Lore/AppliedContent/packets/RS048_HARDWARE_AND_VEHICLE_EVIDENCE_STACK.packets.json,RS048_HARDWARE_AND_VEHICLE_EVIDENCE_STACK,P237_DROP_CAPSULE_DAMAGE_PARTS,hardware.drop_capsule_damage_parts,"audio,external_site,field_note,in_game_wiki,scanner,terminal",Capsule black-box / machine recorder,unlock.drop_capsule_damage_parts,poi.drop_capsule_ascent_sleeve;poi.guidance_gimbal_scar;poi.relay_mast_shear,15/15,15/15,13,0,,no,inventory_only,"DROP DAMAGE: ascent sleeve FAIL, gimbal DEGRADED, relay mast SHEARED, compressor FOUL, heat tile CRACK."
Docs/Lore/AppliedContent/packets/RS048_HARDWARE_AND_VEHICLE_EVIDENCE_STACK.packets.json,RS048_HARDWARE_AND_VEHICLE_EVIDENCE_STACK,P238_P63_FABRICATOR_AUTHORITY_LIMITS,hardware.p63_fabricator_authority_limits,"audio,external_site,field_note,in_game_wiki,scanner,terminal",Unclassified document source,unlock.p63_fabricator_authority_limits,poi.p63_fabricator_lockout;poi.low_grade_recipe_plate;poi.authority_stamp_reader,15/15,15/15,13,0,,no,inventory_only,"P-63 LIMIT: emergency patch OK. Rated repair requires pressure certificate, vent-processed material or route authority stamp."
Docs/Lore/AppliedContent/packets/RS048_HARDWARE_AND_VEHICLE_EVIDENCE_STACK.packets.json,RS048_HARDWARE_AND_VEHICLE_EVIDENCE_STACK,P239_PRESSURE_SUIT_SERVICE_GRADES,hardware.pressure_suit_service_grades,"audio,external_site,field_note,in_game_wiki,scanner,terminal",Unclassified document source,unlock.pressure_suit_service_grades,poi.pressure_suit_grade_tag;poi.old_service_stamp;poi.depth_cert_patch,15/15,15/15,13,0,,no,inventory_only,"SUIT GRADE: shelf service, industrial shelf, brine canyon, abyssal machine field, Atlas-basin restricted."
Docs/Lore/AppliedContent/packets/RS048_HARDWARE_AND_VEHICLE_EVIDENCE_STACK.packets.json,RS048_HARDWARE_AND_VEHICLE_EVIDENCE_STACK,P240_SONAR_PINGER_ROUTE_BEACONS,hardware.sonar_pinger_route_beacons,"audio,external_site,field_note,in_game_wiki,scanner,terminal",Unclassified document source,unlock.sonar_pinger_route_beacons,poi.sonar_pinger_float;poi.route_beacon_line;poi.acoustic_return_tag,15/15,15/15,13,0,,no,inventory_only,"PINGER RULE: return line first, sample tag second, distress packet third. Never trust one echo."
Docs/Lore/AppliedContent/packets/RS049_CONTRACT_SEED_RISK_REWARD_SURFACES.packets.json,RS049_CONTRACT_SEED_RISK_REWARD_SURFACES,P241_LIEN_SEVERITY_SEED_CLASS,applied_lore.lien_severity_seed_class,"audio,external_site,field_note,in_game_wiki,scanner,terminal",Unclassified document source,unlock.lien_severity_seed_class,poi.claim_card_lien_strip;poi.black_keel_tariff_stamp;poi.contract_seed_panel,15/15,15/15,13,0,,no,inventory_only,"SEED CLASS: lien severity modifies payout pressure, sample custody and rescue tolerance."
Docs/Lore/AppliedContent/packets/RS049_CONTRACT_SEED_RISK_REWARD_SURFACES.packets.json,RS049_CONTRACT_SEED_RISK_REWARD_SURFACES,P242_STORM_WINDOW_RISK_CARD,applied_lore.storm_window_risk_card,"audio,external_site,field_note,in_game_wiki,scanner,terminal",Black Keel / claim-pool carrier,unlock.storm_window_risk_card,poi.aegir_window_timer;poi.storm_clause_card;poi.relay_weather_ledger,15/15,15/15,13,0,,no,inventory_only,"WINDOW RISK: relay delay, entry scatter, ascent tolerance and pinger drift may vary."
Docs/Lore/AppliedContent/packets/RS049_CONTRACT_SEED_RISK_REWARD_SURFACES.packets.json,RS049_CONTRACT_SEED_RISK_REWARD_SURFACES,P243_SAMPLE_CUSTODY_GRADE_CARD,applied_lore.sample_custody_grade_card,"audio,external_site,field_note,in_game_wiki,scanner,terminal",Deep Reach / claim-liability institution,unlock.sample_custody_grade_card,poi.sample_custody_tag;poi.blue_debt_case;poi.keelmark_evidence_seal,15/15,15/15,13,0,,no,inventory_only,CUSTODY GRADE: uncertified containers reduce payout and raise quarantine pressure.
Docs/Lore/AppliedContent/packets/RS049_CONTRACT_SEED_RISK_REWARD_SURFACES.packets.json,RS049_CONTRACT_SEED_RISK_REWARD_SURFACES,P244_EVIDENCE_ORDER_DEPTH_CARD,applied_lore.evidence_order_depth_card,"audio,external_site,field_note,in_game_wiki,scanner,terminal",Unclassified document source,unlock.evidence_order_depth_card,poi.evidence_order_card;poi.dossier_route_strip;poi.dead_claim_index,15/15,15/15,13,0,,no,inventory_only,DOSSIER ROUTE: clue order may vary; packet truth and dependency hashes remain stable.
Docs/Lore/AppliedContent/packets/RS049_CONTRACT_SEED_RISK_REWARD_SURFACES.packets.json,RS049_CONTRACT_SEED_RISK_REWARD_SURFACES,P245_DEEP_REACH_CLAUSE_WEIGHT_CARD,applied_lore.deep_reach_clause_weight_card,"audio,external_site,field_note,in_game_wiki,scanner,terminal",Deep Reach / claim-liability institution,unlock.deep_reach_clause_weight_card,poi.deep_reach_clause_stamp;poi.recovery_compliance_packet;poi.quarantine_bargain_card,15/15,15/15,13,0,,no,inventory_only,"CLAUSE WEIGHT: payload priority, quarantine delay and rescue response may vary by contract seed."
Docs/Lore/AppliedContent/packets/RS050_FIRST_HOUR_MICRO_SCRIPT_SURFACES.packets.json,RS050_FIRST_HOUR_MICRO_SCRIPT_SURFACES,P246_BLACK_KEEL_APPROACH_AUDIO_PACKET,applied_lore.black_keel_approach_audio_packet,"audio,external_site,field_note,in_game_wiki,scanner,terminal",Black Keel / claim-pool carrier,unlock.black_keel_approach_audio_packet,poi.black_keel_approach_log;poi.tender_audio_buffer;poi.claim_approach_plate,15/15,15/15,14,0,,no,inventory_only,"BLACK KEEL APPROACH / CLAIMANT: ACTIVE / DESCENT WINDOW: BILLED / RETURN MASS: HOLD PENDING WEATHER, PROOF, LIEN 4.8 TONNE-WINDOW."
Docs/Lore/AppliedContent/packets/RS050_FIRST_HOUR_MICRO_SCRIPT_SURFACES.packets.json,RS050_FIRST_HOUR_MICRO_SCRIPT_SURFACES,P247_DROP_CAPSULE_DIAGNOSTIC_READOUT,applied_lore.drop_capsule_diagnostic_readout,"audio,external_site,field_note,in_game_wiki,scanner,terminal",Capsule black-box / machine recorder,unlock.drop_capsule_diagnostic_readout,poi.capsule_diagnostic_screen;poi.flooded_ascent_bus;poi.guidance_fault_strip,15/15,15/15,14,0,,no,inventory_only,BATHY-DROP DIAG 00: ascent bus unavailable; gimbal lock; relay mast shear; compressor flood; heat tile reserve local only.
Docs/Lore/AppliedContent/packets/RS050_FIRST_HOUR_MICRO_SCRIPT_SURFACES.packets.json,RS050_FIRST_HOUR_MICRO_SCRIPT_SURFACES,P248_P63_PUMP_ROOM_FIRST_REPAIR_TASK,applied_lore.p63_pump_room_first_repair_task,"audio,external_site,field_note,in_game_wiki,scanner,terminal",Unclassified document source,unlock.p63_pump_room_first_repair_task,poi.p63_manual_pump;poi.cold_sealant_patch;poi.low_power_cutter_contact,15/15,15/15,14,0,,no,inventory_only,WORK ORDER P-63: manual pump cycle; cold seam patch; fused latch cut; acoustic return line; gasket print after pressure holds.
Docs/Lore/AppliedContent/packets/RS050_FIRST_HOUR_MICRO_SCRIPT_SURFACES.packets.json,RS050_FIRST_HOUR_MICRO_SCRIPT_SURFACES,P249_SANITIZED_ACCIDENT_PACKET_BODY,applied_lore.sanitized_accident_packet_body,"audio,external_site,field_note,in_game_wiki,scanner,terminal",Deep Reach / claim-liability institution,unlock.sanitized_accident_packet_body,poi.deep_reach_accident_packet;poi.public_report_cache;poi.room_contradiction_marker,15/15,15/15,14,0,,no,inventory_only,"PUBLIC ACCIDENT SUMMARY / CAUSE: geotechnical cascade, storm surge, evacuation failure, Atlas log corruption, quarantine loss / RELEASE: legal cleared."
Docs/Lore/AppliedContent/packets/RS050_FIRST_HOUR_MICRO_SCRIPT_SURFACES.packets.json,RS050_FIRST_HOUR_MICRO_SCRIPT_SURFACES,P250_FIRST_ATLAS_REPAIR_TRACE_SCENE,applied_lore.first_atlas_repair_trace_scene,"audio,external_site,field_note,in_game_wiki,scanner,terminal",Unclassified document source,unlock.first_atlas_repair_trace_scene,poi.repaired_human_object;poi.biofilm_seal_trace;poi.atlas_helpful_wrongness,15/15,15/15,14,0,,no,inventory_only,MAINTENANCE TRACE: human-use object stabilized by nonstandard sealant growth. Category: repair inventory. Identity: unresolved.
Docs/Lore/AppliedContent/packets/RS051_PUBLIC_SITE_PILLAR_ARTICLES.packets.json,RS051_PUBLIC_SITE_PILLAR_ARTICLES,P251_HECTON8_PUBLIC_PRIMER_ARTICLE,applied_lore.hecton8_public_primer_article,"audio,external_site,field_note,in_game_wiki,scanner,terminal",Unclassified document source,unlock.hecton8_public_primer_article,poi.public_hecton8_article;poi.site_primer_card;poi.archive_cover_plate,15/15,15/15,13,0,,no,inventory_only,PUBLIC ARTICLE TIER: safe for pre-release site and in-game non-spoiler index.
Docs/Lore/AppliedContent/packets/RS051_PUBLIC_SITE_PILLAR_ARTICLES.packets.json,RS051_PUBLIC_SITE_PILLAR_ARTICLES,P252_AEGIR_SYSTEM_PUBLIC_PRIMER_ARTICLE,applied_lore.aegir_system_public_primer_article,"audio,external_site,field_note,in_game_wiki,scanner,terminal",Unclassified document source,unlock.aegir_system_public_primer_article,poi.public_aegir_article;poi.moon_ladder_plate;poi.ephemeris_site_card,15/15,15/15,13,0,,no,inventory_only,PUBLIC ARTICLE TIER: moon labels are safe; exact route payload consequences are gated.
Docs/Lore/AppliedContent/packets/RS051_PUBLIC_SITE_PILLAR_ARTICLES.packets.json,RS051_PUBLIC_SITE_PILLAR_ARTICLES,P253_DEEP_REACH_PUBLIC_DOSSIER_ARTICLE,applied_lore.deep_reach_public_dossier_article,"audio,external_site,field_note,in_game_wiki,scanner,terminal",Deep Reach / claim-liability institution,unlock.deep_reach_public_dossier_article,poi.public_deep_reach_article;poi.shell_chain_card;poi.liability_teaser,15/15,15/15,13,0,,no,inventory_only,PUBLIC ARTICLE TIER: public name and shell chain safe; signoff fragments gated.
Docs/Lore/AppliedContent/packets/RS051_PUBLIC_SITE_PILLAR_ARTICLES.packets.json,RS051_PUBLIC_SITE_PILLAR_ARTICLES,P254_ATLAS6_SPOILER_GATED_ARTICLE,applied_lore.atlas6_spoiler_gated_article,"audio,external_site,field_note,in_game_wiki,scanner,terminal",Unclassified document source,unlock.atlas6_spoiler_gated_article,poi.public_atlas_article;poi.spoiler_gate_plate;poi.final_axis_card,15/15,15/15,13,0,,no,inventory_only,PUBLIC ARTICLE TIER: spoiler gated; final payload consequences hidden before endings.
Docs/Lore/AppliedContent/packets/RS051_PUBLIC_SITE_PILLAR_ARTICLES.packets.json,RS051_PUBLIC_SITE_PILLAR_ARTICLES,P255_BLUE_DEBT_PUBLIC_RESOURCE_ARTICLE,applied_lore.blue_debt_public_resource_article,"audio,external_site,field_note,in_game_wiki,scanner,terminal",Colony worker artifact,unlock.blue_debt_public_resource_article,poi.public_blue_debt_article;poi.sample_case_site_card;poi.resource_warning_strip,15/15,15/15,13,0,,no,inventory_only,PUBLIC ARTICLE TIER: sample behavior safe; exact recipe economics gated to gameplay tables.
Docs/Lore/AppliedContent/packets/RS052_LOCALIZATION_GLOSSARY_AUDIO_STYLE.packets.json,RS052_LOCALIZATION_GLOSSARY_AUDIO_STYLE,P256_PROPER_NOUN_TRANSLATION_LOCK_TABLE,applied_lore.proper_noun_translation_lock_table,"audio,external_site,field_note,in_game_wiki,scanner,terminal",Deep Reach / claim-liability institution,unlock.proper_noun_translation_lock_table,poi.localization_glossary_card;poi.name_lock_sheet;poi.translation_gate,15/15,15/15,13,0,,no,inventory_only,LOCALIZATION LOCK: proper nouns stable; descriptive subtitles may localize.
Docs/Lore/AppliedContent/packets/RS052_LOCALIZATION_GLOSSARY_AUDIO_STYLE.packets.json,RS052_LOCALIZATION_GLOSSARY_AUDIO_STYLE,P257_UNIT_NUMBER_STYLE_CARD,applied_lore.unit_number_style_card,"audio,external_site,field_note,in_game_wiki,scanner,terminal",Unclassified document source,unlock.unit_number_style_card,poi.unit_style_card;poi.depth_label_sample;poi.tonne_window_note,15/15,15/15,13,0,,no,inventory_only,"UNIT STYLE: preserve numeric value, localize label, avoid ornamental unit rewrites."
Docs/Lore/AppliedContent/packets/RS052_LOCALIZATION_GLOSSARY_AUDIO_STYLE.packets.json,RS052_LOCALIZATION_GLOSSARY_AUDIO_STYLE,P258_TERMINAL_VOICE_REGISTER_RULE,applied_lore.terminal_voice_register_rule,"audio,external_site,field_note,in_game_wiki,scanner,terminal",Colony worker artifact,unlock.terminal_voice_register_rule,poi.terminal_register_card;poi.message_style_sheet;poi.legal_packet_sample,15/15,15/15,13,0,,no,inventory_only,"REGISTER: cold, compressed, actionable. No narrator moralizing. No tutorial prose disguised as corporate text."
Docs/Lore/AppliedContent/packets/RS052_LOCALIZATION_GLOSSARY_AUDIO_STYLE.packets.json,RS052_LOCALIZATION_GLOSSARY_AUDIO_STYLE,P259_AUDIO_BARK_FAMILY_RULES,applied_lore.audio_bark_family_rules,"audio,external_site,field_note,in_game_wiki,scanner,terminal",Black Keel / claim-pool carrier,unlock.audio_bark_family_rules,poi.audio_bark_style_card;poi.voice_family_board;poi.transcript_gate,15/15,15/15,13,0,,no,inventory_only,"AUDIO FAMILY: maximum signal, minimum companionship. Every bark must change pressure, route or evidence read."
Docs/Lore/AppliedContent/packets/RS052_LOCALIZATION_GLOSSARY_AUDIO_STYLE.packets.json,RS052_LOCALIZATION_GLOSSARY_AUDIO_STYLE,P260_RTL_CJK_FONT_RISK_CARD,applied_lore.rtl_cjk_font_risk_card,"audio,external_site,field_note,in_game_wiki,scanner,terminal",Unclassified document source,unlock.rtl_cjk_font_risk_card,poi.font_risk_card;poi.rtl_layout_sample;poi.cjk_overflow_sample,15/15,15/15,13,0,,no,inventory_only,"FONT RISK: validate RTL flow, CJK wrapping, Arabic/Hebrew shaping, fallback glyphs and terminal width."
Docs/Lore/AppliedContent/packets/RS053_NUMERIC_AUTHORING_BRIDGE_SURFACES.packets.json,RS053_NUMERIC_AUTHORING_BRIDGE_SURFACES,P261_RESOURCE_YIELD_AUTHORING_ROWS,applied_lore.resource_yield_authoring_rows,"audio,external_site,field_note,in_game_wiki,scanner,terminal",Unclassified document source,unlock.resource_yield_authoring_rows,poi.resource_yield_table_card;poi.sample_bin_label;poi.vent_forge_manifest,15/15,15/15,13,0,,no,inventory_only,"AUTHORING BRIDGE: resource_yield rows require packet id, resource class, depth band, rarity curve, depletion rule and evidence role."
Docs/Lore/AppliedContent/packets/RS053_NUMERIC_AUTHORING_BRIDGE_SURFACES.packets.json,RS053_NUMERIC_AUTHORING_BRIDGE_SURFACES,P262_INVENTORY_STACK_AUTHORING_ROWS,applied_lore.inventory_stack_authoring_rows,"audio,external_site,field_note,in_game_wiki,scanner,terminal",Unclassified document source,unlock.inventory_stack_authoring_rows,poi.inventory_stack_table_card;poi.containment_rack;poi.lien_mass_label,15/15,15/15,13,0,,no,inventory_only,STACK TABLE: stable item id; table-owned max stack; packet-owned containment reason.
Docs/Lore/AppliedContent/packets/RS053_NUMERIC_AUTHORING_BRIDGE_SURFACES.packets.json,RS053_NUMERIC_AUTHORING_BRIDGE_SURFACES,P263_ESCAPE_RECIPE_AUTHORING_ROWS,applied_lore.escape_recipe_authoring_rows,"audio,external_site,field_note,in_game_wiki,scanner,terminal",Unclassified document source,unlock.escape_recipe_authoring_rows,poi.escape_recipe_table_card;poi.ascent_part_rack;poi.p63_recipe_gate,15/15,15/15,13,0,,no,inventory_only,ASCENT RECIPE: emergency patch is not ascent-qualified hardware.
Docs/Lore/AppliedContent/packets/RS053_NUMERIC_AUTHORING_BRIDGE_SURFACES.packets.json,RS053_NUMERIC_AUTHORING_BRIDGE_SURFACES,P264_CONTRACT_RISK_REWARD_AUTHORING_ROWS,applied_lore.contract_risk_reward_authoring_rows,"audio,external_site,field_note,in_game_wiki,scanner,terminal",Unclassified document source,unlock.contract_risk_reward_authoring_rows,poi.contract_risk_table_card;poi.black_keel_lien_board;poi.storm_window_ledger,15/15,15/15,13,0,,no,inventory_only,"CONTRACT TABLE: risk is continuous pressure, not a difficulty toggle."
Docs/Lore/AppliedContent/packets/RS053_NUMERIC_AUTHORING_BRIDGE_SURFACES.packets.json,RS053_NUMERIC_AUTHORING_BRIDGE_SURFACES,P265_ENDING_PAYOUT_AUTHORING_ROWS,applied_lore.ending_payout_authoring_rows,"audio,external_site,field_note,in_game_wiki,scanner,terminal",Colony worker artifact,unlock.ending_payout_authoring_rows,poi.ending_payout_table_card;poi.payload_receiver_sheet;poi.keelmark_adjustment_log,15/15,15/15,13,0,,no,inventory_only,"ENDING PAYOUT: credits, custody, silence and public truth are separate fields."
Docs/Lore/AppliedContent/packets/RS054_DOSSIER_CONTRACT_UI_COPY_DECK.packets.json,RS054_DOSSIER_CONTRACT_UI_COPY_DECK,P266_DOSSIER_START_SCREEN_COPY,applied_lore.dossier_start_screen_copy,"audio,external_site,field_note,in_game_wiki,scanner,terminal",Colony worker artifact,unlock.dossier_start_screen_copy,poi.dossier_start_copy_card;poi.marauder_profile_slate;poi.claim_seed_panel,15/15,15/15,13,0,,no,inventory_only,"DOSSIER START: select claim, review warnings, accept lien. No inherited hardware."
Docs/Lore/AppliedContent/packets/RS054_DOSSIER_CONTRACT_UI_COPY_DECK.packets.json,RS054_DOSSIER_CONTRACT_UI_COPY_DECK,P267_CONTRACT_CARD_FIELD_LABELS,applied_lore.contract_card_field_labels,"audio,external_site,field_note,in_game_wiki,scanner,terminal",Marauder / salvage field note,unlock.contract_card_field_labels,poi.contract_field_label_card;poi.lien_severity_plate;poi.sample_custody_line,15/15,15/15,13,0,,no,inventory_only,"CONTRACT LABELS: short, physical, comparable, no flavor paragraph."
Docs/Lore/AppliedContent/packets/RS054_DOSSIER_CONTRACT_UI_COPY_DECK.packets.json,RS054_DOSSIER_CONTRACT_UI_COPY_DECK,P268_RUMOR_FAMILY_UI_COPY,applied_lore.rumor_family_ui_copy,"audio,external_site,field_note,in_game_wiki,scanner,terminal",Colony worker artifact,unlock.rumor_family_ui_copy,poi.rumor_family_card;poi.dead_claim_note;poi.black_keel_hint_strip,15/15,15/15,13,0,,no,inventory_only,"RUMOR COPY: one noun, one pressure, no spoiler coordinate."
Docs/Lore/AppliedContent/packets/RS054_DOSSIER_CONTRACT_UI_COPY_DECK.packets.json,RS054_DOSSIER_CONTRACT_UI_COPY_DECK,P269_ROUTE_WARNING_UI_COPY,applied_lore.route_warning_ui_copy,"audio,external_site,field_note,in_game_wiki,scanner,terminal",Black Keel / claim-pool carrier,unlock.route_warning_ui_copy,poi.route_warning_card;poi.pinger_warning_strip;poi.pressure_gate_label,15/15,15/15,13,0,,no,inventory_only,"ROUTE WARNING: state what failed, what worsens, and what the player can still do."
Docs/Lore/AppliedContent/packets/RS054_DOSSIER_CONTRACT_UI_COPY_DECK.packets.json,RS054_DOSSIER_CONTRACT_UI_COPY_DECK,P270_ENDING_RECORD_UI_COPY,applied_lore.ending_record_ui_copy,"audio,external_site,field_note,in_game_wiki,scanner,terminal",Colony worker artifact,unlock.ending_record_ui_copy,poi.ending_record_copy_card;poi.payload_receipt_panel;poi.dossier_end_state_strip,15/15,15/15,13,0,,no,inventory_only,ENDING RECORD: no celebration copy; record the trade.
Docs/Lore/AppliedContent/packets/RS055_ENDING_PAYLOAD_RECORD_SURFACES.packets.json,RS055_ENDING_PAYLOAD_RECORD_SURFACES,P271_MATERIAL_PAYOUT_RECORD,applied_lore.material_payout_record,"audio,external_site,field_note,in_game_wiki,scanner,terminal",Deep Reach / claim-liability institution,unlock.material_payout_record,poi.material_payout_record;poi.keelmark_receipt;poi.blue_debt_case_close,15/15,15/15,13,0,,no,inventory_only,ENDING RECORD: material payout accepted; public truth absent; claim custody closed.
Docs/Lore/AppliedContent/packets/RS055_ENDING_PAYLOAD_RECORD_SURFACES.packets.json,RS055_ENDING_PAYLOAD_RECORD_SURFACES,P272_PARTIAL_RETURN_RECORD,applied_lore.partial_return_record,"audio,external_site,field_note,in_game_wiki,scanner,terminal",Deep Reach / claim-liability institution,unlock.partial_return_record,poi.partial_return_record;poi.quarantine_reentry_order;poi.black_keel_recall_ticket,15/15,15/15,13,0,,no,inventory_only,ENDING RECORD: partial return; same seed eligible for reentry under extended custody.
Docs/Lore/AppliedContent/packets/RS055_ENDING_PAYLOAD_RECORD_SURFACES.packets.json,RS055_ENDING_PAYLOAD_RECORD_SURFACES,P273_PUBLIC_LEDGER_RECORD,applied_lore.public_ledger_record,"audio,external_site,field_note,in_game_wiki,scanner,terminal",Marauder / salvage field note,unlock.public_ledger_record,poi.public_ledger_record;poi.tau_packet_witness;poi.luyten_notary_stamp,15/15,15/15,13,0,,no,inventory_only,ENDING RECORD: public ledger route accepted; control surrendered after relay custody.
Docs/Lore/AppliedContent/packets/RS055_ENDING_PAYLOAD_RECORD_SURFACES.packets.json,RS055_ENDING_PAYLOAD_RECORD_SURFACES,P274_ATLAS_SEVERANCE_RECORD,applied_lore.atlas_severance_record,"audio,external_site,field_note,in_game_wiki,scanner,terminal",Deep Reach / claim-liability institution,unlock.atlas_severance_record,poi.atlas_severance_record;poi.factory_temple_cut_log;poi.ocean_machine_scar,15/15,15/15,13,0,,no,inventory_only,ENDING RECORD: Atlas continuity severed; ecological and custody consequences unresolved.
Docs/Lore/AppliedContent/packets/RS055_ENDING_PAYLOAD_RECORD_SURFACES.packets.json,RS055_ENDING_PAYLOAD_RECORD_SURFACES,P275_PRESERVE_QUARANTINE_RECORD,applied_lore.preserve_quarantine_record,"audio,external_site,field_note,in_game_wiki,scanner,terminal",Deep Reach / claim-liability institution,unlock.preserve_quarantine_record,poi.preserve_quarantine_record;poi.ecology_hold_order;poi.deep_reach_blind_payload,15/15,15/15,13,0,,no,inventory_only,ENDING RECORD: preserve/quarantine; no clean ownership transfer; no clean closure.
Docs/Lore/AppliedContent/packets/RS056_NATIVE_LOCALIZATION_REVIEW_PACK.packets.json,RS056_NATIVE_LOCALIZATION_REVIEW_PACK,P276_RU_NATIVE_REVIEW_LOCK,applied_lore.ru_native_review_lock,"audio,external_site,field_note,in_game_wiki,scanner,terminal",Unclassified document source,unlock.ru_native_review_lock,poi.ru_review_card;poi.cyrillic_width_sample;poi.terminal_ru_proof,15/15,15/15,0,0,,no,inventory_only,"RU REVIEW: preserve procedure, pressure, debt and evidence. Reject melodrama."
Docs/Lore/AppliedContent/packets/RS056_NATIVE_LOCALIZATION_REVIEW_PACK.packets.json,RS056_NATIVE_LOCALIZATION_REVIEW_PACK,P277_CJK_REVIEW_LOCK,applied_lore.cjk_review_lock,"audio,external_site,field_note,in_game_wiki,scanner,terminal",Unclassified document source,unlock.cjk_review_lock,poi.cjk_review_card;poi.cjk_wrap_sample;poi.cjk_font_atlas_sheet,15/15,15/15,0,0,,no,inventory_only,"CJK REVIEW: prove font, wrap, unit, name and terminal-width behavior before publication."
Docs/Lore/AppliedContent/packets/RS056_NATIVE_LOCALIZATION_REVIEW_PACK.packets.json,RS056_NATIVE_LOCALIZATION_REVIEW_PACK,P278_RTL_REVIEW_LOCK,applied_lore.rtl_review_lock,"audio,external_site,field_note,in_game_wiki,scanner,terminal",Black Keel / claim-pool carrier,unlock.rtl_review_lock,poi.rtl_review_card;poi.arabic_hebrew_sample;poi.bidi_number_strip,15/15,15/15,0,0,,no,inventory_only,"RTL REVIEW: logical string, visual order by TMP, no manual reversal, no broken numbers."
Docs/Lore/AppliedContent/packets/RS056_NATIVE_LOCALIZATION_REVIEW_PACK.packets.json,RS056_NATIVE_LOCALIZATION_REVIEW_PACK,P279_EUROPEAN_LANGUAGE_REVIEW_LOCK,applied_lore.european_language_review_lock,"audio,external_site,field_note,in_game_wiki,scanner,terminal",Unclassified document source,unlock.european_language_review_lock,poi.european_review_card;poi.expansion_width_sample;poi.contract_label_fit_sheet,15/15,15/15,0,0,,no,inventory_only,"EU REVIEW: expanded copy must fit or shorten; never hide lien, custody or return penalty."
Docs/Lore/AppliedContent/packets/RS056_NATIVE_LOCALIZATION_REVIEW_PACK.packets.json,RS056_NATIVE_LOCALIZATION_REVIEW_PACK,P280_SUBTITLE_AUDIO_REVIEW_LOCK,applied_lore.subtitle_audio_review_lock,"audio,external_site,field_note,in_game_wiki,scanner,terminal",Unclassified document source,unlock.subtitle_audio_review_lock,poi.subtitle_audio_review_card;poi.audio_source_label_sheet;poi.warning_caption_timing,15/15,15/15,0,0,,no,inventory_only,"SUBTITLE REVIEW: survival warnings first, flavor last, no source-less omniscience."
Docs/Lore/AppliedContent/packets/RS057_PUBLIC_SITE_READY_ARTICLE_SECTIONS.packets.json,RS057_PUBLIC_SITE_READY_ARTICLE_SECTIONS,P281_HECTON8_SITE_OPENING_HOOK,applied_lore.p281_hecton8_site_opening_hook,"audio,external_site,field_note,in_game_wiki,scanner,terminal",Unclassified document source,unlock.p281_hecton8_site_opening_hook,poi.site_hecton8_hero_copy;poi.public_depth_band_strip;poi.pressure_map_teaser,15/15,15/15,13,0,,no,inventory_only,"PUBLIC COPY LOCK: HECTON-8 open page may mention dead colony and salvage, not Atlas basin payload routes."
Docs/Lore/AppliedContent/packets/RS057_PUBLIC_SITE_READY_ARTICLE_SECTIONS.packets.json,RS057_PUBLIC_SITE_READY_ARTICLE_SECTIONS,P282_AEGIR_SITE_SYSTEM_MAP_COPY,applied_lore.p282_aegir_site_system_map_copy,"audio,external_site,field_note,in_game_wiki,scanner,terminal",Marauder / salvage field note,unlock.p282_aegir_site_system_map_copy,poi.site_aegir_map_caption;poi.moon_ladder_public_label;poi.orbital_window_teaser,15/15,15/15,13,0,,no,inventory_only,PUBLIC MAP LOCK: every moon label must imply a route cost or signal constraint.
Docs/Lore/AppliedContent/packets/RS057_PUBLIC_SITE_READY_ARTICLE_SECTIONS.packets.json,RS057_PUBLIC_SITE_READY_ARTICLE_SECTIONS,P283_DEEP_REACH_SITE_ACCOUNTABILITY_COPY,applied_lore.p283_deep_reach_site_accountability_copy,"audio,external_site,field_note,in_game_wiki,scanner,terminal",Deep Reach / claim-liability institution,unlock.p283_deep_reach_site_accountability_copy,poi.deep_reach_public_dossier_box;poi.liability_timeline_teaser;poi.sanitized_report_compare,15/15,15/15,13,0,,no,inventory_only,PUBLIC DOSSIER LOCK: say culpable weighting; do not say omnipotent conspiracy.
Docs/Lore/AppliedContent/packets/RS057_PUBLIC_SITE_READY_ARTICLE_SECTIONS.packets.json,RS057_PUBLIC_SITE_READY_ARTICLE_SECTIONS,P284_ATLAS6_SITE_SPOILER_GATE_COPY,applied_lore.p284_atlas6_site_spoiler_gate_copy,"audio,external_site,field_note,in_game_wiki,scanner,terminal",Colony worker artifact,unlock.p284_atlas6_site_spoiler_gate_copy,poi.atlas_spoiler_gate_card;poi.factory_temple_blur_caption;poi.public_ai_warning,15/15,15/15,13,0,,no,inventory_only,SPOILER GATE: Atlas basin consequences require explicit reader opt-in.
Docs/Lore/AppliedContent/packets/RS057_PUBLIC_SITE_READY_ARTICLE_SECTIONS.packets.json,RS057_PUBLIC_SITE_READY_ARTICLE_SECTIONS,P285_BLUE_DEBT_SITE_RESOURCE_COPY,applied_lore.p285_blue_debt_site_resource_copy,"audio,external_site,field_note,in_game_wiki,scanner,terminal",Colony worker artifact,unlock.p285_blue_debt_site_resource_copy,poi.blue_debt_public_card;poi.resource_warning_caption;poi.pressure_sample_photo_brief,15/15,15/15,13,0,,no,inventory_only,"PUBLIC RESOURCE LOCK: value requires pressure history, containment and receiver custody."
Docs/Lore/AppliedContent/packets/RS058_IN_GAME_ARTIFACT_AUDIO_SURFACES.packets.json,RS058_IN_GAME_ARTIFACT_AUDIO_SURFACES,P286_CAPSULE_BLACKBOX_AUDIO_01,applied_lore.p286_capsule_blackbox_audio_01,"audio,external_site,field_note,in_game_wiki,scanner,terminal",Deep Reach / claim-liability institution,unlock.p286_capsule_blackbox_audio_01,poi.capsule_blackbox_audio;poi.flooded_avionics_bus;poi.recovery_ring_shear,15/15,15/15,14,0,,no,inventory_only,BLACKBOX EVT 00:14:32: survival burn complete; ascent sleeve spent; recovery ring no-lock; buoy unreliable; frames dropped 12-19.
Docs/Lore/AppliedContent/packets/RS058_IN_GAME_ARTIFACT_AUDIO_SURFACES.packets.json,RS058_IN_GAME_ARTIFACT_AUDIO_SURFACES,P287_P63_PUMP_ROOM_WORK_ORDER,applied_lore.p287_p63_pump_room_work_order,"audio,external_site,field_note,in_game_wiki,scanner,terminal",Unclassified document source,unlock.p287_p63_pump_room_work_order,poi.p63_work_order_card;poi.manual_pump_handle;poi.sealant_patch_bin,15/15,15/15,14,0,,no,inventory_only,WORK ORDER P-63: clear sump; patch cold seam; cut fused latch; deploy acoustic return line; print gasket only after pressure holds.
Docs/Lore/AppliedContent/packets/RS058_IN_GAME_ARTIFACT_AUDIO_SURFACES.packets.json,RS058_IN_GAME_ARTIFACT_AUDIO_SURFACES,P288_WORKER_LOCKER_NAMEPLATE_SAMPLE,applied_lore.p288_worker_locker_nameplate_sample,"audio,external_site,field_note,in_game_wiki,scanner,terminal",Colony worker artifact,unlock.p288_worker_locker_nameplate_sample,poi.worker_locker_nameplate;poi.route_permission_tag;poi.tool_wear_sticker,15/15,15/15,14,0,,no,inventory_only,"LOCKER CROSSCHECK / OKOYE, REN / ROUTE B: VALID / CLAMP CERT: ACTIVE / PAYROLL STATUS: OVERWRITTEN BY LOSS DESK."
Docs/Lore/AppliedContent/packets/RS058_IN_GAME_ARTIFACT_AUDIO_SURFACES.packets.json,RS058_IN_GAME_ARTIFACT_AUDIO_SURFACES,P289_MARAUDER_CORRECTION_NOTE_SAMPLE,applied_lore.p289_marauder_correction_note_sample,"audio,external_site,field_note,in_game_wiki,scanner,terminal",Colony worker artifact,unlock.p289_marauder_correction_note_sample,poi.marauder_correction_note;poi.bad_claim_margin;poi.red_pen_pressure_map,15/15,15/15,14,0,,no,inventory_only,"MARAUDER NOTE / OFFICIAL CAUSE: REJECTED / REQUIRED BEFORE CLAIM: pump certificate, shift count, body category, door-clock mismatch."
Docs/Lore/AppliedContent/packets/RS058_IN_GAME_ARTIFACT_AUDIO_SURFACES.packets.json,RS058_IN_GAME_ARTIFACT_AUDIO_SURFACES,P290_QUARANTINE_RELAY_FRAGMENT,applied_lore.p290_quarantine_relay_fragment,"audio,external_site,field_note,in_game_wiki,scanner,terminal",Deep Reach / claim-liability institution,unlock.p290_quarantine_relay_fragment,poi.quarantine_relay_fragment;poi.stale_air_counter;poi.reentry_hold_tag,15/15,15/15,14,0,,no,inventory_only,"RELAY HOLD QRF-17: extraction accepted; release denied pending sample custody, air review and claimant dispute."
Docs/Lore/AppliedContent/packets/RS059_ECOLOGY_CODEX_SPECIMEN_CARDS.packets.json,RS059_ECOLOGY_CODEX_SPECIMEN_CARDS,P291_PHOTIC_MAT_CODEX_CARD,applied_lore.p291_photic_mat_codex_card,"audio,external_site,field_note,in_game_wiki,scanner,terminal",Unclassified document source,unlock.p291_photic_mat_codex_card,poi.photic_mat_scan_patch;poi.oxygen_color_sample;poi.shallow_mat_edge,15/15,15/15,13,0,,no,inventory_only,"SPECIMEN: photic mat. Oxygen-positive, pressure-fragile. Do not harvest large sheets near sealed seams."
Docs/Lore/AppliedContent/packets/RS059_ECOLOGY_CODEX_SPECIMEN_CARDS.packets.json,RS059_ECOLOGY_CODEX_SPECIMEN_CARDS,P292_GLASS_GRAZER_CODEX_CARD,applied_lore.p292_glass_grazer_codex_card,"audio,external_site,field_note,in_game_wiki,scanner,terminal",Unclassified document source,unlock.p292_glass_grazer_codex_card,poi.glass_grazer_scan;poi.grazer_tooth_mark;poi.shallow_school_echo,15/15,15/15,13,0,,no,inventory_only,"SPECIMEN: glass grazer school. Predator-risk proxy, not harvest target."
Docs/Lore/AppliedContent/packets/RS059_ECOLOGY_CODEX_SPECIMEN_CARDS.packets.json,RS059_ECOLOGY_CODEX_SPECIMEN_CARDS,P293_LANTERN_DRIFT_CODEX_CARD,applied_lore.p293_lantern_drift_codex_card,"audio,external_site,field_note,in_game_wiki,scanner,terminal",Unclassified document source,unlock.p293_lantern_drift_codex_card,poi.lantern_drift_scan;poi.false_safe_light;poi.plankton_route_spark,15/15,15/15,13,0,,no,inventory_only,SPECIMEN: lantern drift. Storm charge raises false-positive route glow.
Docs/Lore/AppliedContent/packets/RS059_ECOLOGY_CODEX_SPECIMEN_CARDS.packets.json,RS059_ECOLOGY_CODEX_SPECIMEN_CARDS,P294_BRINE_VANE_CODEX_CARD,applied_lore.p294_brine_vane_codex_card,"audio,external_site,field_note,in_game_wiki,scanner,terminal",Unclassified document source,unlock.p294_brine_vane_codex_card,poi.brine_vane_scan;poi.density_shear_sample;poi.canyon_flow_marker,15/15,15/15,13,0,,no,inventory_only,SPECIMEN: brine vane. Stable shear marker; hull contact not advised.
Docs/Lore/AppliedContent/packets/RS059_ECOLOGY_CODEX_SPECIMEN_CARDS.packets.json,RS059_ECOLOGY_CODEX_SPECIMEN_CARDS,P295_SENSOR_TAGGED_FAUNA_CODEX_CARD,applied_lore.p295_sensor_tagged_fauna_codex_card,"audio,external_site,field_note,in_game_wiki,scanner,terminal",Black Keel / claim-pool carrier,unlock.p295_sensor_tagged_fauna_codex_card,poi.sensor_tagged_fauna_scan;poi.biometal_tag_growth;poi.atlas_packet_echo,15/15,15/15,13,0,,no,inventory_only,SPECIMEN: biometal tag growth detected. Animal movement overlaps maintenance route.
Docs/Lore/AppliedContent/packets/RS060_FINAL_DESCENT_ROUTE_FRAGMENTS.packets.json,RS060_FINAL_DESCENT_ROUTE_FRAGMENTS,P296_ABYSSAL_MACHINE_FIELD_WARNING,applied_lore.p296_abyssal_machine_field_warning,"audio,external_site,field_note,in_game_wiki,scanner,terminal",Unclassified document source,unlock.p296_abyssal_machine_field_warning,poi.abyssal_machine_field_warning;poi.filter_body_shadow;poi.silt_wrongness_marker,15/15,15/15,13,0,,no,inventory_only,ROUTE WARNING: machine-field silt motion exceeds current model. Treat filter bodies as moving infrastructure.
Docs/Lore/AppliedContent/packets/RS060_FINAL_DESCENT_ROUTE_FRAGMENTS.packets.json,RS060_FINAL_DESCENT_ROUTE_FRAGMENTS,P297_ATLAS_BASIN_PRESSURE_GATE,applied_lore.p297_atlas_basin_pressure_gate,"audio,external_site,field_note,in_game_wiki,scanner,terminal",Unclassified document source,unlock.p297_atlas_basin_pressure_gate,poi.atlas_basin_pressure_gate;poi.service_grade_override;poi.authority_clamp_reader,15/15,15/15,13,0,,no,inventory_only,ATLAS BASIN GATE: pressure proof incomplete; authority clamp recognizes revoked Deep Reach pattern.
Docs/Lore/AppliedContent/packets/RS060_FINAL_DESCENT_ROUTE_FRAGMENTS.packets.json,RS060_FINAL_DESCENT_ROUTE_FRAGMENTS,P298_FACTORY_TEMPLE_ENTRY_FRAGMENT,applied_lore.p298_factory_temple_entry_fragment,"audio,external_site,field_note,in_game_wiki,scanner,terminal",Unclassified document source,unlock.p298_factory_temple_entry_fragment,poi.factory_temple_entry_fragment;poi.living_iron_threshold;poi.worker_tool_in_wall,15/15,15/15,13,0,,no,inventory_only,"ENTRY MARKER: maintenance category overlap. Tool, sealant, cable and tissue registered as one repair surface."
Docs/Lore/AppliedContent/packets/RS060_FINAL_DESCENT_ROUTE_FRAGMENTS.packets.json,RS060_FINAL_DESCENT_ROUTE_FRAGMENTS,P299_PAYLOAD_AUTHORITY_LAST_CHECK,applied_lore.p299_payload_authority_last_check,"audio,external_site,field_note,in_game_wiki,scanner,terminal",Unclassified document source,unlock.p299_payload_authority_last_check,poi.payload_authority_last_check;poi.receiver_split_panel;poi.evidence_mass_warning,15/15,15/15,13,0,,no,inventory_only,"PAYLOAD AUTHORITY CHECK: select receiver, mass, evidence custody, ecological consequence and post-return liability."
Docs/Lore/AppliedContent/packets/RS060_FINAL_DESCENT_ROUTE_FRAGMENTS.packets.json,RS060_FINAL_DESCENT_ROUTE_FRAGMENTS,P300_NO_CLEAN_ENDING_DOSSIER_NOTE,applied_lore.p300_no_clean_ending_dossier_note,"audio,external_site,field_note,in_game_wiki,scanner,terminal",Unclassified document source,unlock.p300_no_clean_ending_dossier_note,poi.no_clean_ending_dossier_note;poi.outcome_hash_board;poi.worker_name_remainder,15/15,15/15,13,0,,no,inventory_only,DOSSIER RECORD: outcome stored. Clean closure not available under current evidence state.
Docs/Lore/AppliedContent/packets/RS061_TABLE_VALUE_HANDOFF_CONTRACTS.packets.json,RS061_TABLE_VALUE_HANDOFF_CONTRACTS,P301_RESOURCE_YIELD_ROW_CONTRACT,applied_lore.resource_yield_row_contract,"audio,external_site,field_note,in_game_wiki,scanner,terminal",Marauder / salvage field note,unlock.resource_yield_row_contract,poi.resource_yield_schema_card;poi.sample_pressure_label;poi.custody_grade_strip,15/15,15/15,13,0,,no,inventory_only,"TABLE HANDOFF: resource_yield rows must bind packet hash, resource class, depth band, rarity curve and depletion behavior before any number is accepted."
Docs/Lore/AppliedContent/packets/RS061_TABLE_VALUE_HANDOFF_CONTRACTS.packets.json,RS061_TABLE_VALUE_HANDOFF_CONTRACTS,P302_STACK_LIMIT_ROW_CONTRACT,applied_lore.stack_limit_row_contract,"audio,external_site,field_note,in_game_wiki,scanner,terminal",Unclassified document source,unlock.stack_limit_row_contract,poi.stack_limit_schema_card;poi.pressure_vessel_rack;poi.contamination_stage_tag,15/15,15/15,13,0,,no,inventory_only,"STACK HANDOFF: item stacks require vessel type, pressure rating, contamination stage, mass class and warning tier."
Docs/Lore/AppliedContent/packets/RS061_TABLE_VALUE_HANDOFF_CONTRACTS.packets.json,RS061_TABLE_VALUE_HANDOFF_CONTRACTS,P303_ESCAPE_RECIPE_COST_ROW_CONTRACT,applied_lore.escape_recipe_cost_row_contract,"audio,external_site,field_note,in_game_wiki,scanner,terminal",Unclassified document source,unlock.escape_recipe_cost_row_contract,poi.escape_recipe_schema_card;poi.ascent_component_bin;poi.legal_handshake_socket,15/15,15/15,13,0,,no,inventory_only,"RECIPE HANDOFF: ascent-qualified costs must name relay, seal, guidance, ascent energy, legal handshake and payload authority requirements."
Docs/Lore/AppliedContent/packets/RS061_TABLE_VALUE_HANDOFF_CONTRACTS.packets.json,RS061_TABLE_VALUE_HANDOFF_CONTRACTS,P304_CONTRACT_RISK_REWARD_ROW_CONTRACT,applied_lore.contract_risk_reward_row_contract,"audio,external_site,field_note,in_game_wiki,scanner,terminal",Colony worker artifact,unlock.contract_risk_reward_row_contract,poi.contract_risk_schema_card;poi.claim_pool_offer_board;poi.deep_reach_clause_strip,15/15,15/15,13,0,,no,inventory_only,"CONTRACT HANDOFF: risk_reward rows require lien severity, payout ceiling, storm window, sample custody, evidence order and Deep Reach clause weight."
Docs/Lore/AppliedContent/packets/RS061_TABLE_VALUE_HANDOFF_CONTRACTS.packets.json,RS061_TABLE_VALUE_HANDOFF_CONTRACTS,P305_ENDING_PAYOUT_ROW_CONTRACT,applied_lore.ending_payout_row_contract,"audio,external_site,field_note,in_game_wiki,scanner,terminal",Deep Reach / claim-liability institution,unlock.ending_payout_row_contract,poi.ending_payout_schema_card;poi.receiver_warning_row;poi.unresolved_cost_stamp,15/15,15/15,13,0,,no,inventory_only,"ENDING HANDOFF: payout rows require payload route, receiver, evidence state, material payout, legal consequence and unresolved cost."
Docs/Lore/AppliedContent/packets/RS062_RUNTIME_UI_PROOF_BACKLOG.packets.json,RS062_RUNTIME_UI_PROOF_BACKLOG,P306_PDA_CODEX_STATE_PROOF_CARD,applied_lore.pda_codex_state_proof_card,"audio,external_site,field_note,in_game_wiki,scanner,terminal",Unclassified document source,unlock.pda_codex_state_proof_card,poi.pda_codex_state_card;poi.unlock_tier_strip;poi.packet_hash_label,15/15,15/15,13,0,,no,inventory_only,"UI PROOF: PDA codex entries must show unlock tier, packet hash, evidence source and route warning state."
Docs/Lore/AppliedContent/packets/RS062_RUNTIME_UI_PROOF_BACKLOG.packets.json,RS062_RUNTIME_UI_PROOF_BACKLOG,P307_SCANNER_STAGE_BINDING_PROOF_CARD,applied_lore.scanner_stage_binding_proof_card,"audio,external_site,field_note,in_game_wiki,scanner,terminal",Unclassified document source,unlock.scanner_stage_binding_proof_card,poi.scanner_stage_card;poi.scan_percent_strip;poi.evidence_escalation_marker,15/15,15/15,13,0,,no,inventory_only,SCANNER PROOF: scan stages must bind to authored packet hashes and only escalate text after physical evidence is found.
Docs/Lore/AppliedContent/packets/RS062_RUNTIME_UI_PROOF_BACKLOG.packets.json,RS062_RUNTIME_UI_PROOF_BACKLOG,P308_TERMINAL_SLOT_PROOF_CARD,applied_lore.terminal_slot_proof_card,"audio,external_site,field_note,in_game_wiki,scanner,terminal",Unclassified document source,unlock.terminal_slot_proof_card,poi.terminal_slot_proof_card;poi.baked_string_pool_label;poi.operator_surface_limit,15/15,15/15,13,0,,no,inventory_only,TERMINAL PROOF: terminal entries consume baked packet hashes and string-pool rows; runtime must not parse markdown or JSON.
Docs/Lore/AppliedContent/packets/RS062_RUNTIME_UI_PROOF_BACKLOG.packets.json,RS062_RUNTIME_UI_PROOF_BACKLOG,P309_DOSSIER_ENDING_RECORD_PROOF_CARD,applied_lore.dossier_ending_record_proof_card,"audio,external_site,field_note,in_game_wiki,scanner,terminal",Unclassified document source,unlock.dossier_ending_record_proof_card,poi.dossier_ending_record_card;poi.receiver_authority_badge;poi.unresolved_cost_line,15/15,15/15,13,0,,no,inventory_only,"DOSSIER PROOF: ending records must show payload route, receiver authority, evidence state, material result and unresolved cost."
Docs/Lore/AppliedContent/packets/RS062_RUNTIME_UI_PROOF_BACKLOG.packets.json,RS062_RUNTIME_UI_PROOF_BACKLOG,P310_LOCALIZED_OVERFLOW_PROOF_CARD,applied_lore.localized_overflow_proof_card,"audio,external_site,field_note,in_game_wiki,scanner,terminal",Marauder / salvage field note,unlock.localized_overflow_proof_card,poi.localized_overflow_card;poi.rtl_sample_panel;poi.cjk_subtitle_timing_strip,15/15,15/15,13,0,,no,inventory_only,"LOC PROOF: every final UI surface needs string-pool key, font set, overflow policy, RTL/CJK check and subtitle/audio timing proof."
Docs/Lore/AppliedContent/packets/RS063_PUBLICATION_COMPOSITION_PROOF_PACK.packets.json,RS063_PUBLICATION_COMPOSITION_PROOF_PACK,P311_SITE_HOME_PAGE_COMPOSITION_LOCK,applied_lore.site_home_page_composition_lock,"audio,external_site,field_note,in_game_wiki,scanner,terminal",Marauder / salvage field note,unlock.site_home_page_composition_lock,poi.site_home_composition_card;poi.pressure_hero_image_brief;poi.bad_return_caption,15/15,15/15,13,0,,no,inventory_only,"PUBLIC COMPOSITION: home page must lead with pressure, machinery, salvage and a bad return path; no demo, platform or release claims without proof."
Docs/Lore/AppliedContent/packets/RS063_PUBLICATION_COMPOSITION_PROOF_PACK.packets.json,RS063_PUBLICATION_COMPOSITION_PROOF_PACK,P312_SITE_AEGIR_SYSTEM_ART_COMPOSITION_LOCK,applied_lore.site_aegir_system_art_composition_lock,"audio,external_site,field_note,in_game_wiki,scanner,terminal",Unclassified document source,unlock.site_aegir_system_art_composition_lock,poi.site_aegir_art_brief;poi.orbital_window_caption;poi.relay_shadow_label,15/15,15/15,13,0,,no,inventory_only,"PUBLIC ART: Aegir system images need orbit labels, moon-route context, relay shadow and transfer-window cost."
Docs/Lore/AppliedContent/packets/RS063_PUBLICATION_COMPOSITION_PROOF_PACK.packets.json,RS063_PUBLICATION_COMPOSITION_PROOF_PACK,P313_SITE_DEEP_REACH_EVIDENCE_COMPOSITION_LOCK,applied_lore.site_deep_reach_evidence_composition_lock,"audio,external_site,field_note,in_game_wiki,scanner,terminal",Deep Reach / claim-liability institution,unlock.site_deep_reach_evidence_composition_lock,poi.site_deep_reach_evidence_pair;poi.sanitized_memo_image;poi.waterline_contradiction_caption,15/15,15/15,13,0,,no,inventory_only,PUBLIC EVIDENCE: Deep Reach pages should show sanitized wording beside physical contradiction and liability chain fragments.
Docs/Lore/AppliedContent/packets/RS063_PUBLICATION_COMPOSITION_PROOF_PACK.packets.json,RS063_PUBLICATION_COMPOSITION_PROOF_PACK,P314_SITE_ATLAS_SPOILER_COMPOSITION_LOCK,applied_lore.site_atlas_spoiler_composition_lock,"audio,external_site,field_note,in_game_wiki,scanner,terminal",Unclassified document source,unlock.site_atlas_spoiler_composition_lock,poi.site_atlas_spoiler_gate_layout;poi.redacted_factory_temple_image;poi.payload_warning_toggle,15/15,15/15,13,0,,no,inventory_only,"SPOILER COMPOSITION: public Atlas pages must split failed industrial AI, repair ecology, factory-temple and ending payload into separate gated tiers."
Docs/Lore/AppliedContent/packets/RS063_PUBLICATION_COMPOSITION_PROOF_PACK.packets.json,RS063_PUBLICATION_COMPOSITION_PROOF_PACK,P315_SOCIAL_DEV_NOTE_COPY_LOCK,applied_lore.social_dev_note_copy_lock,"audio,external_site,field_note,in_game_wiki,scanner,terminal",Marauder / salvage field note,unlock.social_dev_note_copy_lock,poi.social_dev_note_card;poi.caption_asset_match_label;poi.no_claim_warning_stamp,15/15,15/15,13,0,,no,inventory_only,"PUBLIC COPY: social/dev notes should name one physical problem, one visible detail and no unsupported demo/platform/release claim."
Docs/Lore/AppliedContent/packets/RS064_UNITY_PLACEMENT_PRIORITY_BACKLOG.packets.json,RS064_UNITY_PLACEMENT_PRIORITY_BACKLOG,P316_FIRST_HOUR_PLACEMENT_PRIORITY_LOCK,applied_lore.first_hour_placement_priority_lock,"audio,external_site,field_note,in_game_wiki,scanner,terminal",Capsule black-box / machine recorder,unlock.first_hour_placement_priority_lock,poi.first_hour_priority_board;poi.capsule_p63_anchor_list;poi.first_lie_trace_pair,15/15,15/15,13,0,,no,inventory_only,"PLACEMENT PRIORITY: first-hour lore anchors must bind capsule diagnostics, P-63 work order, sanitized packet and first Atlas trace before optional archive rows."
Docs/Lore/AppliedContent/packets/RS064_UNITY_PLACEMENT_PRIORITY_BACKLOG.packets.json,RS064_UNITY_PLACEMENT_PRIORITY_BACKLOG,P317_MID_DEPTH_ROUTE_PLACEMENT_PRIORITY_LOCK,applied_lore.mid_depth_route_placement_priority_lock,"audio,external_site,field_note,in_game_wiki,scanner,terminal",Unclassified document source,unlock.mid_depth_route_placement_priority_lock,poi.mid_depth_priority_board;poi.brine_ladder_anchor;poi.route_warning_anchor,15/15,15/15,13,0,,no,inventory_only,PLACEMENT PRIORITY: mid-depth rows should prioritize route-readable objects over archive flavor.
Docs/Lore/AppliedContent/packets/RS064_UNITY_PLACEMENT_PRIORITY_BACKLOG.packets.json,RS064_UNITY_PLACEMENT_PRIORITY_BACKLOG,P318_ECOLOGY_SCAN_PLACEMENT_PRIORITY_LOCK,applied_lore.ecology_scan_placement_priority_lock,"audio,external_site,field_note,in_game_wiki,scanner,terminal",Unclassified document source,unlock.ecology_scan_placement_priority_lock,poi.ecology_scan_priority_board;poi.specimen_route_sign;poi.atlas_tag_behavior_anchor,15/15,15/15,13,0,,no,inventory_only,"PLACEMENT PRIORITY: ecology scan rows should bind to route signs: safe pockets, predator silence, false light, density shear and Atlas tags."
Docs/Lore/AppliedContent/packets/RS064_UNITY_PLACEMENT_PRIORITY_BACKLOG.packets.json,RS064_UNITY_PLACEMENT_PRIORITY_BACKLOG,P319_FINAL_DESCENT_PLACEMENT_PRIORITY_LOCK,applied_lore.final_descent_placement_priority_lock,"audio,external_site,field_note,in_game_wiki,scanner,terminal",Unclassified document source,unlock.final_descent_placement_priority_lock,poi.final_descent_priority_board;poi.atlas_gate_anchor_list;poi.payload_authority_anchor,15/15,15/15,13,0,,no,inventory_only,"PLACEMENT PRIORITY: final descent rows must bind warning, gate, threshold and payload authority before optional late archive fragments."
Docs/Lore/AppliedContent/packets/RS064_UNITY_PLACEMENT_PRIORITY_BACKLOG.packets.json,RS064_UNITY_PLACEMENT_PRIORITY_BACKLOG,P320_TERMINAL_BACKLOG_TRIAGE_LOCK,applied_lore.terminal_backlog_triage_lock,"audio,external_site,field_note,in_game_wiki,scanner,terminal",Unclassified document source,unlock.terminal_backlog_triage_lock,poi.terminal_backlog_triage_card;poi.route_decision_terminal_anchor;poi.text_wall_reject_stamp,15/15,15/15,13,0,,no,inventory_only,"TRIAGE: promote terminal anchors only when they change route judgement, prove a lie, unlock a table/card, or affect ending record context."
Docs/Lore/AppliedContent/packets/RS065_CARRIER_CONTRACT_OWNERSHIP_SURFACES.packets.json,RS065_CARRIER_CONTRACT_OWNERSHIP_SURFACES,P321_BLACK_KEEL_CLAIM_POOL_CHARTER,applied_lore.black_keel_claim_pool_charter,"audio,external_site,field_note,in_game_wiki,scanner,terminal",Deep Reach / claim-liability institution,unlock.black_keel_claim_pool_charter,poi.black_keel_charter_card;poi.claim_pool_registry_strip;poi.carrier_debt_socket,15/15,15/15,13,0,,no,inventory_only,"CHARTER: BLACK KEEL operates as an automated salvage carrier under Aegir Reclamation Pool custody. Contractor transport does not imply rescue priority, hull ownership or clean exit rights."
Docs/Lore/AppliedContent/packets/RS065_CARRIER_CONTRACT_OWNERSHIP_SURFACES.packets.json,RS065_CARRIER_CONTRACT_OWNERSHIP_SURFACES,P322_MASKED_DEEP_REACH_BENEFICIARY_CLAUSE,applied_lore.masked_deep_reach_beneficiary_clause,"audio,external_site,field_note,in_game_wiki,scanner,terminal",Deep Reach / claim-liability institution,unlock.masked_deep_reach_beneficiary_clause,poi.beneficiary_clause_redaction;poi.priority_channel_stamp;poi.deep_reach_proxy_holder,15/15,15/15,13,0,,no,inventory_only,BENEFICIARY TRACE: Deep Reach is absent from the visible hire sheet and present in the priority recovery channel. Proxy holder masks liability while preserving coordinate access.
Docs/Lore/AppliedContent/packets/RS065_CARRIER_CONTRACT_OWNERSHIP_SURFACES.packets.json,RS065_CARRIER_CONTRACT_OWNERSHIP_SURFACES,P323_ORBITAL_RECOVERY_WINDOW_PROTOCOL,applied_lore.orbital_recovery_window_protocol,"audio,external_site,field_note,in_game_wiki,scanner,terminal",Deep Reach / claim-liability institution,unlock.orbital_recovery_window_protocol,poi.orbital_window_clock;poi.aegir_magnetic_forecast;poi.recovery_vector_board,15/15,15/15,13,0,,no,inventory_only,"RECOVERY WINDOW: Black Keel can receive a rated ascent object only during narrow Aegir geometry, low magnetic interference and verified quarantine handshake."
Docs/Lore/AppliedContent/packets/RS065_CARRIER_CONTRACT_OWNERSHIP_SURFACES.packets.json,RS065_CARRIER_CONTRACT_OWNERSHIP_SURFACES,P324_SALVAGE_CARRIER_AUTONOMY_LIMITS,applied_lore.salvage_carrier_autonomy_limits,"audio,external_site,field_note,in_game_wiki,scanner,terminal",Deep Reach / claim-liability institution,unlock.salvage_carrier_autonomy_limits,poi.carrier_autonomy_table;poi.no_surface_drop_stamp;poi.tender_mass_limit_warning,15/15,15/15,13,0,,no,inventory_only,"AUTONOMY LIMIT: Black Keel may schedule recovery, reject contaminated mass, sell claim telemetry and drop low-risk supplies. It may not authorize crewed descent or deep-rated rescue without insured receiver approval."
Docs/Lore/AppliedContent/packets/RS065_CARRIER_CONTRACT_OWNERSHIP_SURFACES.packets.json,RS065_CARRIER_CONTRACT_OWNERSHIP_SURFACES,P325_PLAYER_LIEN_CONTRACT_START_CARD,applied_lore.player_lien_contract_start_card,"audio,external_site,field_note,in_game_wiki,scanner,terminal",Colony worker artifact,unlock.player_lien_contract_start_card,poi.player_lien_start_card;poi.contract_risk_field;poi.ex_deep_reach_key_line,15/15,15/15,13,0,,no,inventory_only,"CONTRACT START: independent operator, former Deep Reach field access, salvage lien active. Initial motive: contract value. Secondary motive: unresolved professional exposure."
Docs/Lore/AppliedContent/packets/RS066_DEEP_REACH_PRESENT_COMMS_CHAIN.packets.json,RS066_DEEP_REACH_PRESENT_COMMS_CHAIN,P326_SANITIZED_ACCIDENT_REPLY_WINDOW,applied_lore.sanitized_accident_reply_window,"audio,external_site,field_note,in_game_wiki,scanner,terminal",Deep Reach / claim-liability institution,unlock.sanitized_accident_reply_window,poi.sanitized_reply_packet;poi.deep_reach_window_clock;poi.room_evidence_conflict,15/15,15/15,13,0,,no,inventory_only,"DR-LIVE WINDOW: HECTON-8 loss remains classified as storm surge, geological collapse and autonomous evacuation failure. Do not transmit unverified Atlas continuity claims."
Docs/Lore/AppliedContent/packets/RS066_DEEP_REACH_PRESENT_COMMS_CHAIN.packets.json,RS066_DEEP_REACH_PRESENT_COMMS_CHAIN,P327_LEGAL_INSURANCE_AUTOMATED_PING,applied_lore.legal_insurance_automated_ping,"audio,external_site,field_note,in_game_wiki,scanner,terminal",Deep Reach / claim-liability institution,unlock.legal_insurance_automated_ping,poi.legal_ping_queue;poi.insurance_delay_stamp;poi.no_rescue_priority_notice,15/15,15/15,13,0,,no,inventory_only,"INSURANCE PING: biological claimant status insufficient. Submit mass class, contamination state, coordinate proof and claim priority before recovery window assignment."
Docs/Lore/AppliedContent/packets/RS066_DEEP_REACH_PRESENT_COMMS_CHAIN.packets.json,RS066_DEEP_REACH_PRESENT_COMMS_CHAIN,P328_RECOVERY_COMPLIANCE_COORDINATE_DEMAND,applied_lore.recovery_compliance_coordinate_demand,"audio,external_site,field_note,in_game_wiki,scanner,terminal",Deep Reach / claim-liability institution,unlock.recovery_compliance_coordinate_demand,poi.coordinate_demand_packet;poi.payload_receiver_toggle;poi.compliance_threat_line,15/15,15/15,13,0,,no,inventory_only,"RECOVERY COMPLIANCE: transmit Atlas access vector, Xenon-Omega custody proof and basin coordinates. Noncompliance extends lien and may void biological recovery priority."
Docs/Lore/AppliedContent/packets/RS066_DEEP_REACH_PRESENT_COMMS_CHAIN.packets.json,RS066_DEEP_REACH_PRESENT_COMMS_CHAIN,P329_DEEP_REACH_FACTION_MESSAGE_SPLIT,applied_lore.deep_reach_faction_message_split,"audio,external_site,field_note,in_game_wiki,scanner,terminal",Deep Reach / claim-liability institution,unlock.deep_reach_faction_message_split,poi.conflicting_dr_messages;poi.asset_silence_stamp;poi.old_engineer_warning,15/15,15/15,13,0,,no,inventory_only,"SOURCE SPLIT: Recovery Compliance requests coordinates. Asset Silence rejects publication. Legacy engineering node warns against basin disturbance. Same corporation, different survival instincts."
Docs/Lore/AppliedContent/packets/RS066_DEEP_REACH_PRESENT_COMMS_CHAIN.packets.json,RS066_DEEP_REACH_PRESENT_COMMS_CHAIN,P330_BLACKOUT_WINDOW_SIGNAL_DECAY,applied_lore.blackout_window_signal_decay,"audio,external_site,field_note,in_game_wiki,scanner,terminal",Black Keel / claim-pool carrier,unlock.blackout_window_signal_decay,poi.signal_decay_meter;poi.aegir_shadow_window;poi.last_good_packet_record,15/15,15/15,13,0,,no,inventory_only,BLACKOUT WINDOW: packet loss above tolerance. Voice disabled. Legal queue persists. Acoustic relay fallback available only through repaired spine nodes.
Docs/Lore/AppliedContent/packets/RS067_ATLAS_REPAIR_NETWORK_MECHANICS.packets.json,RS067_ATLAS_REPAIR_NETWORK_MECHANICS,P331_CONDUCTIVE_BIOFILM_REPAIR_BUS,applied_lore.conductive_biofilm_repair_bus,"audio,external_site,field_note,in_game_wiki,scanner,terminal",Unclassified document source,unlock.conductive_biofilm_repair_bus,poi.conductive_biofilm_bus;poi.wet_cable_skin;poi.repair_current_trace,15/15,15/15,13,0,,no,inventory_only,"ATLAS REPAIR BUS: conductive microbial film bridges corroded contacts, routes diagnostic pulses and anchors drone patch behavior. Not cognition. Maintenance substrate."
Docs/Lore/AppliedContent/packets/RS067_ATLAS_REPAIR_NETWORK_MECHANICS.packets.json,RS067_ATLAS_REPAIR_NETWORK_MECHANICS,P332_ACOUSTIC_FILTER_ORGAN_RELAY,applied_lore.acoustic_filter_organ_relay,"audio,external_site,field_note,in_game_wiki,scanner,terminal",Unclassified document source,unlock.acoustic_filter_organ_relay,poi.acoustic_filter_organ;poi.relay_flesh_resonator;poi.pinger_biological_echo,15/15,15/15,13,0,,no,inventory_only,"ACOUSTIC RELAY: filter organ tissue dampens noise, repeats service pings and improves Atlas local diagnostics. Biological relay remains unstable under storm pulses."
Docs/Lore/AppliedContent/packets/RS067_ATLAS_REPAIR_NETWORK_MECHANICS.packets.json,RS067_ATLAS_REPAIR_NETWORK_MECHANICS,P333_SHELL_SEALANT_PRESSURE_GROWTH,applied_lore.shell_sealant_pressure_growth,"audio,external_site,field_note,in_game_wiki,scanner,terminal",Unclassified document source,unlock.shell_sealant_pressure_growth,poi.shell_sealant_growth;poi.fracture_lip_biomatter;poi.bad_seal_warning,15/15,15/15,13,0,,no,inventory_only,SHELL SEALANT: calcium-silicate growth reinforced by Atlas drone scoring. Patch may hold static pressure and fail under ascent vibration.
Docs/Lore/AppliedContent/packets/RS067_ATLAS_REPAIR_NETWORK_MECHANICS.packets.json,RS067_ATLAS_REPAIR_NETWORK_MECHANICS,P334_SENSOR_TAGGED_FAUNA_FEEDBACK_LOOP,applied_lore.sensor_tagged_fauna_feedback_loop,"audio,external_site,field_note,in_game_wiki,scanner,terminal",Unclassified document source,unlock.sensor_tagged_fauna_feedback_loop,poi.sensor_tagged_fauna_loop;poi.old_tag_new_growth;poi.behavior_sampling_warning,15/15,15/15,13,0,,no,inventory_only,FAUNA LOOP: Atlas reads tagged movement as environmental state. Animal migration becomes low-resolution map feedback and repair priority evidence.
Docs/Lore/AppliedContent/packets/RS067_ATLAS_REPAIR_NETWORK_MECHANICS.packets.json,RS067_ATLAS_REPAIR_NETWORK_MECHANICS,P335_VENT_MICRONODE_POWER_NEST,applied_lore.vent_micronode_power_nest,"audio,external_site,field_note,in_game_wiki,scanner,terminal",Unclassified document source,unlock.vent_micronode_power_nest,poi.vent_micronode_nest;poi.thermal_logic_patch;poi.drone_charge_scar,15/15,15/15,13,0,,no,inventory_only,"VENT MICRONODE: chemical gradient supports low-power routing, memory residue and drone charge cycles. Node density rises near factory-temple infrastructure."
Docs/Lore/AppliedContent/packets/RS068_FALSE_EXIT_AFTER_ACTION_RECORDS.packets.json,RS068_FALSE_EXIT_AFTER_ACTION_RECORDS,P336_MATERIAL_EXIT_RECEIPT_AUDIT,applied_lore.material_exit_receipt_audit,"audio,external_site,field_note,in_game_wiki,scanner,terminal",Colony worker artifact,unlock.material_exit_receipt_audit,poi.material_exit_receipt;poi.unreconciled_name_list;poi.payout_after_action_card,15/15,15/15,13,0,,no,inventory_only,AFTER-ACTION: payout released for recovered mass. Coordinate truth unresolved. Deep Reach liability status unchanged. Worker-name ledger remains unaccepted.
Docs/Lore/AppliedContent/packets/RS068_FALSE_EXIT_AFTER_ACTION_RECORDS.packets.json,RS068_FALSE_EXIT_AFTER_ACTION_RECORDS,P337_PARTIAL_RETURN_LIEN_EXTENSION,applied_lore.partial_return_lien_extension,"audio,external_site,field_note,in_game_wiki,scanner,terminal",Deep Reach / claim-liability institution,unlock.partial_return_lien_extension,poi.partial_return_lien_notice;poi.same_seed_return_stamp;poi.carrier_reentry_clause,15/15,15/15,13,0,,no,inventory_only,"PARTIAL RETURN: same-seed reentry permitted under extended lien, revised storm window and knowledge-flag dossier. Physical inventory reset by custody quarantine."
Docs/Lore/AppliedContent/packets/RS068_FALSE_EXIT_AFTER_ACTION_RECORDS.packets.json,RS068_FALSE_EXIT_AFTER_ACTION_RECORDS,P338_QUARANTINE_HOLD_INTERROGATION_RECORD,applied_lore.quarantine_hold_interrogation_record,"audio,external_site,field_note,in_game_wiki,scanner,terminal",Deep Reach / claim-liability institution,unlock.quarantine_hold_interrogation_record,poi.quarantine_hold_record;poi.biological_custody_tag;poi.receiver_interrogation_clip,15/15,15/15,13,0,,no,inventory_only,QUARANTINE HOLD: player recovered alive. Movement restricted. Evidence payload isolated. Receiver questions focus on Atlas access vector before medical clearance.
Docs/Lore/AppliedContent/packets/RS068_FALSE_EXIT_AFTER_ACTION_RECORDS.packets.json,RS068_FALSE_EXIT_AFTER_ACTION_RECORDS,P339_CORPORATE_COORDINATE_CAPTURE_RECORD,applied_lore.corporate_coordinate_capture_record,"audio,external_site,field_note,in_game_wiki,scanner,terminal",Deep Reach / claim-liability institution,unlock.corporate_coordinate_capture_record,poi.coordinate_capture_record;poi.deep_reach_receiver_stamp;poi.route_erasure_warning,15/15,15/15,13,0,,no,inventory_only,COORDINATE CAPTURE: recovery granted after Atlas basin vector transfer. Public report remains unchanged. Deep Reach route authority restored for future operations.
Docs/Lore/AppliedContent/packets/RS068_FALSE_EXIT_AFTER_ACTION_RECORDS.packets.json,RS068_FALSE_EXIT_AFTER_ACTION_RECORDS,P340_PUBLIC_LEDGER_AFTERSHOCK_RECORD,applied_lore.public_ledger_aftershock_record,"audio,external_site,field_note,in_game_wiki,scanner,terminal",Colony worker artifact,unlock.public_ledger_aftershock_record,poi.public_ledger_aftershock;poi.evidence_mirror_notice;poi.no_control_warning,15/15,15/15,13,0,,no,inventory_only,PUBLIC LEDGER: evidence released outside Deep Reach custody. Worker names and Atlas vector fragments mirrored. Player authority over interpretation terminated.
Docs/Lore/AppliedContent/packets/RS069_SHIP_TECH_TRANSIT_ENCYCLOPEDIA.packets.json,RS069_SHIP_TECH_TRANSIT_ENCYCLOPEDIA,P341_NEEDLEPROBE_PRECURSOR_PROGRAM,applied_lore.needleprobe_precursor_program,"audio,external_site,field_note,in_game_wiki,scanner,terminal",Unclassified document source,unlock.needleprobe_precursor_program,poi.ran_probe_archive;poi.pellet_lane_log;poi.old_route_receiver,15/15,15/15,13,0,,no,inventory_only,"RAN ARCHIVE: Aegir was mapped by needleprobes, pellet-lane telemetry and delayed relay pings. Deep Reach bought confidence before any crew saw HECTON-8 with human eyes."
Docs/Lore/AppliedContent/packets/RS069_SHIP_TECH_TRANSIT_ENCYCLOPEDIA.packets.json,RS069_SHIP_TECH_TRANSIT_ENCYCLOPEDIA,P342_BEAM_SAIL_AND_PELLET_LANE,applied_lore.beam_sail_and_pellet_lane,"audio,external_site,field_note,in_game_wiki,scanner,terminal",Unclassified document source,unlock.beam_sail_and_pellet_lane,poi.transit_lane_record;poi.pellet_stream_warning;poi.braking_reserve_chart,15/15,15/15,13,0,,no,inventory_only,"ROUTE NOTE: inner domains push probes and freight with beam-sail assists, pellet streams and fusion catch stages. Aegir remains expensive because every missed window turns into years."
Docs/Lore/AppliedContent/packets/RS069_SHIP_TECH_TRANSIT_ENCYCLOPEDIA.packets.json,RS069_SHIP_TECH_TRANSIT_ENCYCLOPEDIA,P343_SEED_SHIP_BRAKING_ARCHITECTURE,applied_lore.seed_ship_braking_architecture,"audio,external_site,field_note,in_game_wiki,scanner,terminal",Unclassified document source,unlock.seed_ship_braking_architecture,poi.seed_ship_archive;poi.braking_debris_marker;poi.colony_assembly_record,15/15,15/15,13,0,,no,inventory_only,"COLONY LOG: early Aegir hardware arrived as seed cargo, reactor shells, printers, water chemistry rigs and braking debris. The first human phase inherited what survived deceleration."
Docs/Lore/AppliedContent/packets/RS069_SHIP_TECH_TRANSIT_ENCYCLOPEDIA.packets.json,RS069_SHIP_TECH_TRANSIT_ENCYCLOPEDIA,P344_SYSTEM_CARRIER_TUG_STACK,applied_lore.system_carrier_tug_stack,"audio,external_site,field_note,in_game_wiki,scanner,terminal",Black Keel / claim-pool carrier,unlock.system_carrier_tug_stack,poi.black_keel_stack_spec;poi.claim_pool_tug_record;poi.cargo_custody_lock,15/15,15/15,13,0,,no,inventory_only,"BLACK KEEL SPEC: the carrier is a claim-pool salvage platform. It can hold orbit, receive cargo, recycle debt and deploy capsules. It cannot solve a broken moon insertion chain by itself."
Docs/Lore/AppliedContent/packets/RS069_SHIP_TECH_TRANSIT_ENCYCLOPEDIA.packets.json,RS069_SHIP_TECH_TRANSIT_ENCYCLOPEDIA,P345_BLACK_KEEL_BATHYDROP_INTERFACE,applied_lore.black_keel_bathydrop_interface,"audio,external_site,field_note,in_game_wiki,scanner,terminal",Black Keel / claim-pool carrier,unlock.black_keel_bathydrop_interface,poi.bathydrop_damage_panel;poi.ascent_latch_sample;poi.comms_mast_flood_log,15/15,15/15,13,0,,no,inventory_only,"CAPSULE REPORT: heat shield trim survived, buoyancy gate bent, comm mast flooded, ascent latch contaminated. Repair requires pressure ceramic, sealant, relay math and a verified window."
Docs/Lore/AppliedContent/packets/RS070_AEGIR_MOON_SYSTEM_ATLAS.packets.json,RS070_AEGIR_MOON_SYSTEM_ATLAS,P346_AEGIR_PRIMARY_LIGHT_AND_RADIATION,applied_lore.aegir_primary_light_and_radiation,"audio,external_site,field_note,in_game_wiki,scanner,terminal",Unclassified document source,unlock.aegir_primary_light_and_radiation,poi.stellar_card;poi.radiation_schedule;poi.magnetosphere_window_log,15/15,15/15,13,0,,no,inventory_only,RAN STELLAR CARD: the host primary is stable enough for long infrastructure windows but active enough to punish cheap shielding. Aegir's magnetosphere turns manageable radiation into schedule math.
Docs/Lore/AppliedContent/packets/RS070_AEGIR_MOON_SYSTEM_ATLAS.packets.json,RS070_AEGIR_MOON_SYSTEM_ATLAS,P347_INNER_RELAY_MOON_TRAFFIC_ROLE,applied_lore.inner_relay_moon_traffic_role,"audio,external_site,field_note,in_game_wiki,scanner,terminal",Colony worker artifact,unlock.inner_relay_moon_traffic_role,poi.inner_moon_beacon_log;poi.relay_geometry_chart;poi.radiation_traffic_warning,15/15,15/15,13,0,,no,inventory_only,"MOON LADDER: the inner relay moon burns ships with fast geometry and radiation exposure, but its old beacons can still make a HECTON-8 window possible."
Docs/Lore/AppliedContent/packets/RS070_AEGIR_MOON_SYSTEM_ATLAS.packets.json,RS070_AEGIR_MOON_SYSTEM_ATLAS,P348_ICE_SCATTER_MOON_HAZARD_ROLE,applied_lore.ice_scatter_moon_hazard_role,"audio,external_site,field_note,in_game_wiki,scanner,terminal",Colony worker artifact,unlock.ice_scatter_moon_hazard_role,poi.ice_scatter_hazard_log;poi.debris_lane_warning;poi.salvage_rumor_card,15/15,15/15,13,0,,no,inventory_only,MOON LEDGER: the ice-scatter moon sheds bright debris and old claim dust. It is valuable on paper and miserable for navigation.
Docs/Lore/AppliedContent/packets/RS070_AEGIR_MOON_SYSTEM_ATLAS.packets.json,RS070_AEGIR_MOON_SYSTEM_ATLAS,P349_HECTON8_MID_ORBIT_TIDE_ROLE,applied_lore.hecton8_mid_orbit_tide_role,"audio,external_site,field_note,in_game_wiki,scanner,terminal",Colony worker artifact,unlock.hecton8_mid_orbit_tide_role,poi.hecton8_tide_record;poi.mid_orbit_marker;poi.drowned_crust_orbit_note,15/15,15/15,13,0,,no,inventory_only,"ORBIT NOTE: HECTON-8 is not the closest moon and not the farthest. Its tide load, magnetosphere windows and drowned crust make it the place Deep Reach could exploit and fail."
Docs/Lore/AppliedContent/packets/RS070_AEGIR_MOON_SYSTEM_ATLAS.packets.json,RS070_AEGIR_MOON_SYSTEM_ATLAS,P350_OUTER_DEAD_BEACON_MOON_ROLE,applied_lore.outer_dead_beacon_moon_role,"audio,external_site,field_note,in_game_wiki,scanner,terminal",Unclassified document source,unlock.outer_dead_beacon_moon_role,poi.dead_beacon_ping;poi.outer_relay_solver;poi.bad_ephemeris_note,15/15,15/15,13,0,,no,inventory_only,BEACON NOTE: a dead outer moon relay still appears in old route solvers. Sometimes the bad data is the only reason a window can be predicted at all.
Docs/Lore/AppliedContent/packets/RS071_HECTON8_GEOLOGY_RESOURCE_FIELDGUIDE.packets.json,RS071_HECTON8_GEOLOGY_RESOURCE_FIELDGUIDE,P351_DROWNED_CRUST_STRATA_GUIDE,applied_lore.drowned_crust_strata_guide,"audio,external_site,field_note,in_game_wiki,scanner,terminal",Colony worker artifact,unlock.drowned_crust_strata_guide,poi.drowned_strata_slate;poi.pressure_glass_shelf;poi.extraction_scar_map,15/15,15/15,13,0,,no,inventory_only,"FIELD GUIDE: HECTON-8's drowned crust is not flat ocean floor. It is folded settlement rock, collapsed ice history, pressure glass and extraction scars under moving brine."
Docs/Lore/AppliedContent/packets/RS071_HECTON8_GEOLOGY_RESOURCE_FIELDGUIDE.packets.json,RS071_HECTON8_GEOLOGY_RESOURCE_FIELDGUIDE,P352_BRINE_CANYON_DENSITY_LADDER_GUIDE,applied_lore.brine_canyon_density_ladder_guide,"audio,external_site,field_note,in_game_wiki,scanner,terminal",Unclassified document source,unlock.brine_canyon_density_ladder_guide,poi.brine_density_slate;poi.current_shelf_marker;poi.pressure_boundary_probe,15/15,15/15,13,0,,no,inventory_only,"FIELD GUIDE: brine canyons are not just visual depth. They hide pressure boundaries, current shelves, resource pockets and scanner false positives."
Docs/Lore/AppliedContent/packets/RS071_HECTON8_GEOLOGY_RESOURCE_FIELDGUIDE.packets.json,RS071_HECTON8_GEOLOGY_RESOURCE_FIELDGUIDE,P353_VENT_FORGE_FIELD_PROCESS_GUIDE,applied_lore.vent_forge_field_process_guide,"audio,external_site,field_note,in_game_wiki,scanner,terminal",Unclassified document source,unlock.vent_forge_field_process_guide,poi.vent_forge_sample;poi.cooling_path_tag;poi.sulfide_brine_probe,15/15,15/15,13,0,,no,inventory_only,"FIELD GUIDE: vent forges cook sulfides, noble-gas pockets, ceramics and sealant precursors. A sample's route through heat and pressure matters more than its label."
Docs/Lore/AppliedContent/packets/RS071_HECTON8_GEOLOGY_RESOURCE_FIELDGUIDE.packets.json,RS071_HECTON8_GEOLOGY_RESOURCE_FIELDGUIDE,P354_BLUE_DEBT_PRESSURE_HISTORY_GUIDE,applied_lore.blue_debt_pressure_history_guide,"audio,external_site,field_note,in_game_wiki,scanner,terminal",Colony worker artifact,unlock.blue_debt_pressure_history_guide,poi.blue_debt_sample;poi.xenon_omega_ledger;poi.pressure_history_stamp,15/15,15/15,13,0,,no,inventory_only,"MARAUDER NOTE: blue debt is salvage slang for Xenon-Omega-bearing pressure-stable substrate. It is valuable because extreme computation and energy isolation like it, not because it glows."
Docs/Lore/AppliedContent/packets/RS071_HECTON8_GEOLOGY_RESOURCE_FIELDGUIDE.packets.json,RS071_HECTON8_GEOLOGY_RESOURCE_FIELDGUIDE,P355_PRESSURE_GLASS_AND_SEALANT_GUIDE,applied_lore.pressure_glass_and_sealant_guide,"audio,external_site,field_note,in_game_wiki,scanner,terminal",Unclassified document source,unlock.pressure_glass_and_sealant_guide,poi.pressure_glass_fracture;poi.sealant_growth_edge;poi.atlas_damage_map,15/15,15/15,13,0,,no,inventory_only,FIELD GUIDE: pressure glass records old tide stress. Atlas sealant follows those cracks because the cracks already describe the system's failure lines.
Docs/Lore/AppliedContent/packets/RS072_COLONY_DAILY_LIFE_EVIDENCE_ATLAS.packets.json,RS072_COLONY_DAILY_LIFE_EVIDENCE_ATLAS,P356_PRESSURE_BUNK_SHIFT_ROUTINE,applied_lore.pressure_bunk_shift_routine,"audio,external_site,field_note,in_game_wiki,scanner,terminal",Colony worker artifact,unlock.pressure_bunk_shift_routine,poi.shift_bunk_slate;poi.pump_tone_schedule;poi.tool_custody_tag,15/15,15/15,14,0,,no,inventory_only,BUNK SLATE: 03:40 pump tone; suit check; pressure note; meal token; tool custody; descent assignment. Missed return flags bunk lead.
Docs/Lore/AppliedContent/packets/RS072_COLONY_DAILY_LIFE_EVIDENCE_ATLAS.packets.json,RS072_COLONY_DAILY_LIFE_EVIDENCE_ATLAS,P357_CANTEEN_WATER_LEDGER,applied_lore.canteen_water_ledger,"audio,external_site,field_note,in_game_wiki,scanner,terminal",Colony worker artifact,unlock.canteen_water_ledger,poi.canteen_water_ledger;poi.meal_token_board;poi.pump_room_correction_note,15/15,15/15,14,0,,no,inventory_only,CANTEEN LEDGER: six missing tokens; two medical overrides; one pump-room correction; ration dispute routed to shift lead after tone 2.
Docs/Lore/AppliedContent/packets/RS072_COLONY_DAILY_LIFE_EVIDENCE_ATLAS.packets.json,RS072_COLONY_DAILY_LIFE_EVIDENCE_ATLAS,P358_TOOL_CERTIFICATION_RITUALS,applied_lore.tool_certification_rituals,"audio,external_site,field_note,in_game_wiki,scanner,terminal",Unclassified document source,unlock.tool_certification_rituals,poi.tool_cert_board;poi.sealant_cartridge_stamp;poi.pressure_glove_signature,15/15,15/15,14,0,,no,inventory_only,CERT BOARD: cutter head checked; sealant cartridge weighed; pressure glove dual-signed; pump key returned late; descent tools held until recheck.
Docs/Lore/AppliedContent/packets/RS072_COLONY_DAILY_LIFE_EVIDENCE_ATLAS.packets.json,RS072_COLONY_DAILY_LIFE_EVIDENCE_ATLAS,P359_WORKER_COMMUNITY_NO_FAMILY_HOOK_RULE,applied_lore.worker_community_no_family_hook_rule,"audio,external_site,field_note,in_game_wiki,scanner,terminal",Colony worker artifact,unlock.worker_community_no_family_hook_rule,poi.story_boundary_card;poi.former_deep_reach_record;poi.marauder_professional_note,15/15,15/15,14,0,,no,inventory_only,COMMUNITY NOTICE: emergency contact updates due before pump tone 3. Route leads sign work-contact columns. Personal calls queue behind relay traffic.
Docs/Lore/AppliedContent/packets/RS072_COLONY_DAILY_LIFE_EVIDENCE_ATLAS.packets.json,RS072_COLONY_DAILY_LIFE_EVIDENCE_ATLAS,P360_LAST_NORMAL_DAY_EVIDENCE_SET,applied_lore.last_normal_day_evidence_set,"audio,external_site,field_note,in_game_wiki,scanner,terminal",Colony worker artifact,unlock.last_normal_day_evidence_set,poi.last_normal_day_set;poi.unsigned_correction_note;poi.unclaimed_locker_plate,15/15,15/15,14,0,,no,inventory_only,EVIDENCE SET: locker plate unclaimed; correction note unsigned; pump task open; lunch token clipped; route clock still waiting for return stamp.
Docs/Lore/AppliedContent/packets/RS073_ESCAPE_ASCENT_ENGINEERING_COMPONENTS.packets.json,RS073_ESCAPE_ASCENT_ENGINEERING_COMPONENTS,P361_ACOUSTIC_RELAY_SPINE_ASSEMBLY,applied_lore.acoustic_relay_spine_assembly,"audio,external_site,field_note,in_game_wiki,scanner,terminal",Deep Reach / claim-liability institution,unlock.acoustic_relay_spine_assembly,poi.acoustic_relay_spine;poi.pinger_line_spool;poi.broken_capsule_comm_mast,15/15,15/15,13,0,,no,inventory_only,ASCENT RELAY: rebuild a low-band acoustic spine before any recovery window. High-gain mast lost. Emergency buoy unreliable. Do not promise rescue without route proof.
Docs/Lore/AppliedContent/packets/RS073_ESCAPE_ASCENT_ENGINEERING_COMPONENTS.packets.json,RS073_ESCAPE_ASCENT_ENGINEERING_COMPONENTS,P362_PRESSURE_SEAL_CLAMP_RING_ASSEMBLY,applied_lore.pressure_seal_clamp_ring_assembly,"audio,external_site,field_note,in_game_wiki,scanner,terminal",Capsule black-box / machine recorder,unlock.pressure_seal_clamp_ring_assembly,poi.pressure_clamp_ring;poi.cold_sealant_patch;poi.atlas_shell_sealant_growth,15/15,15/15,13,0,,no,inventory_only,"SEAL CERT: shallow patch holds a room. It does not hold ascent. Certified rings require pressure glass seat, shell-sealant map, and a Deep Reach clamp profile."
Docs/Lore/AppliedContent/packets/RS073_ESCAPE_ASCENT_ENGINEERING_COMPONENTS.packets.json,RS073_ESCAPE_ASCENT_ENGINEERING_COMPONENTS,P363_GUIDANCE_TIMING_CORE_ASSEMBLY,applied_lore.guidance_timing_core_assembly,"audio,external_site,field_note,in_game_wiki,scanner,terminal",Deep Reach / claim-liability institution,unlock.guidance_timing_core_assembly,poi.guidance_timing_core;poi.orbit_window_chart;poi.dead_beacon_timing_slice,15/15,15/15,13,0,,no,inventory_only,"GUIDANCE CORE: align capsule clock to Aegir window, Black Keel receiver, moon relay shutter, and storm plume drift. Late packets become evidence loss."
Docs/Lore/AppliedContent/packets/RS073_ESCAPE_ASCENT_ENGINEERING_COMPONENTS.packets.json,RS073_ESCAPE_ASCENT_ENGINEERING_COMPONENTS,P364_ASCENT_ENERGY_CHARGE_ASSEMBLY,applied_lore.ascent_energy_charge_assembly,"audio,external_site,field_note,in_game_wiki,scanner,terminal",Capsule black-box / machine recorder,unlock.ascent_energy_charge_assembly,poi.ascent_charge_cradle;poi.vent_forge_heat_cell;poi.blue_debt_energy_insulator,15/15,15/15,13,0,,no,inventory_only,"ASCENT CHARGE: vent-forged heat cell, pressure-history insulator, custody stamp. Raw fuel is rejected. Uncertified blue debt fractures under launch impulse."
Docs/Lore/AppliedContent/packets/RS073_ESCAPE_ASCENT_ENGINEERING_COMPONENTS.packets.json,RS073_ESCAPE_ASCENT_ENGINEERING_COMPONENTS,P365_QUARANTINE_LEGAL_HANDSHAKE_ASSEMBLY,applied_lore.quarantine_legal_handshake_assembly,"audio,external_site,field_note,in_game_wiki,scanner,terminal",Deep Reach / claim-liability institution,unlock.quarantine_legal_handshake_assembly,poi.quarantine_handshake_panel;poi.legal_receiver_key;poi.payload_authority_socket,15/15,15/15,13,0,,no,inventory_only,RECOVERY HANDSHAKE: receiver key required. Keelmark accepts mass and lien. Recovery Compliance accepts coordinates. Public ledger accepts proof with delay.
Docs/Lore/AppliedContent/packets/RS074_PLAYER_EX_DEEP_REACH_PROFESSIONAL_DOSSIER.packets.json,RS074_PLAYER_EX_DEEP_REACH_PROFESSIONAL_DOSSIER,P366_FIELD_SYSTEMS_SPECIALIST_RECORD,applied_lore.field_systems_specialist_record,"audio,external_site,field_note,in_game_wiki,scanner,terminal",Colony worker artifact,unlock.field_systems_specialist_record,poi.revoked_field_systems_record;poi.evacuations_infrastructure_badge;poi.old_procedure_stamp,15/15,15/15,13,0,,no,inventory_only,"PERSONNEL TRACE: field systems, evacuation infrastructure, route-safe certification. Clearance revoked after Aegir silence review."
Docs/Lore/AppliedContent/packets/RS074_PLAYER_EX_DEEP_REACH_PROFESSIONAL_DOSSIER.packets.json,RS074_PLAYER_EX_DEEP_REACH_PROFESSIONAL_DOSSIER,P367_REVOKED_ACCESS_LANGUAGE_TRACE,applied_lore.revoked_access_language_trace,"audio,external_site,field_note,in_game_wiki,scanner,terminal",Deep Reach / claim-liability institution,unlock.revoked_access_language_trace,poi.revoked_access_phrase;poi.lockout_response_card;poi.old_deep_reach_prompt,15/15,15/15,13,0,,no,inventory_only,LOCKOUT: requester no longer certified for evacuation continuity materials. Route terms remain visible because the system assumes former staff know them.
Docs/Lore/AppliedContent/packets/RS074_PLAYER_EX_DEEP_REACH_PROFESSIONAL_DOSSIER.packets.json,RS074_PLAYER_EX_DEEP_REACH_PROFESSIONAL_DOSSIER,P368_OLD_PROCEDURE_RECOGNITION_CUE,applied_lore.old_procedure_recognition_cue,"audio,external_site,field_note,in_game_wiki,scanner,terminal",Deep Reach / claim-liability institution,unlock.old_procedure_recognition_cue,poi.old_evacuation_procedure;poi.route_safe_stamp;poi.worker_count_mismatch,15/15,15/15,13,0,,no,inventory_only,EVAC NOTE: route certified under degraded-count protocol. Manual witness required. Witness field sealed by continuity office.
Docs/Lore/AppliedContent/packets/RS074_PLAYER_EX_DEEP_REACH_PROFESSIONAL_DOSSIER.packets.json,RS074_PLAYER_EX_DEEP_REACH_PROFESSIONAL_DOSSIER,P369_DEBT_BLACKLIST_CONTRACT_PRESSURE,applied_lore.debt_blacklist_contract_pressure,"audio,external_site,field_note,in_game_wiki,scanner,terminal",Colony worker artifact,unlock.debt_blacklist_contract_pressure,poi.blacklist_notice;poi.lien_adjustment_card;poi.claim_pool_threat_clause,15/15,15/15,13,0,,no,inventory_only,"CLAIM ACCEPTANCE: debt window open. Blacklist relief conditional on recoverable mass, custody proof, and receiver compliance."
Docs/Lore/AppliedContent/packets/RS074_PLAYER_EX_DEEP_REACH_PROFESSIONAL_DOSSIER.packets.json,RS074_PLAYER_EX_DEEP_REACH_PROFESSIONAL_DOSSIER,P370_PROFESSIONAL_GUILT_TO_PERSONAL_STAKE,applied_lore.professional_guilt_to_personal_stake,"audio,external_site,field_note,in_game_wiki,scanner,terminal",Colony worker artifact,unlock.professional_guilt_to_personal_stake,poi.professional_guilt_note;poi.old_signature_match;poi.worker_name_recovery_stack,15/15,15/15,13,0,,no,inventory_only,"DOSSIER NOTE: personal stake confirmed by procedure recognition, recovered worker evidence, and contract receiver conflict. No family relation required."
Docs/Lore/AppliedContent/packets/RS075_DEEP_REACH_LIE_PHYSICAL_PROOF_CHAIN.packets.json,RS075_DEEP_REACH_LIE_PHYSICAL_PROOF_CHAIN,P371_GREAT_TIDE_SENSOR_MARGIN_PROOF,applied_lore.great_tide_sensor_margin_proof,"audio,external_site,field_note,in_game_wiki,scanner,terminal",Unclassified document source,unlock.great_tide_sensor_margin_proof,poi.tide_sensor_margin;poi.overwritten_pressure_trace;poi.geotech_cascade_map,15/15,15/15,13,0,,no,inventory_only,MARGIN NOTE: tide stress within accepted tail risk. Public report removes the accepted-tail line and keeps only geotechnical cascade.
Docs/Lore/AppliedContent/packets/RS075_DEEP_REACH_LIE_PHYSICAL_PROOF_CHAIN.packets.json,RS075_DEEP_REACH_LIE_PHYSICAL_PROOF_CHAIN,P372_EVACUATION_QUEUE_DELAY_PROOF,applied_lore.evacuation_queue_delay_proof,"audio,external_site,field_note,in_game_wiki,scanner,terminal",Deep Reach / claim-liability institution,unlock.evacuation_queue_delay_proof,poi.evacuation_queue_clock;poi.manual_witness_slot;poi.delayed_release_gate,15/15,15/15,13,0,,no,inventory_only,EVAC QUEUE: manual witness absent. Quarantine review pending. Release delayed. Route pressure exceeded seal class before authorization resolved.
Docs/Lore/AppliedContent/packets/RS075_DEEP_REACH_LIE_PHYSICAL_PROOF_CHAIN.packets.json,RS075_DEEP_REACH_LIE_PHYSICAL_PROOF_CHAIN,P373_ATLAS_WEIGHTING_AUDIT_PROOF,applied_lore.atlas_weighting_audit_proof,"audio,external_site,field_note,in_game_wiki,scanner,terminal",Deep Reach / claim-liability institution,unlock.atlas_weighting_audit_proof,poi.atlas_weighting_audit;poi.claim_continuity_priority;poi.worker_safety_downrank,15/15,15/15,13,0,,no,inventory_only,ATLAS AUDIT: habitat continuity true; claim continuity critical; XO process critical; biological workforce conditional. Conflict resolved against evacuation release.
Docs/Lore/AppliedContent/packets/RS075_DEEP_REACH_LIE_PHYSICAL_PROOF_CHAIN.packets.json,RS075_DEEP_REACH_LIE_PHYSICAL_PROOF_CHAIN,P374_QUARANTINE_RELEASE_DELAY_PROOF,applied_lore.quarantine_release_delay_proof,"audio,external_site,field_note,in_game_wiki,scanner,terminal",Deep Reach / claim-liability institution,unlock.quarantine_release_delay_proof,poi.quarantine_review_clock;poi.biological_pressure_hold;poi.release_denial_plate,15/15,15/15,13,0,,no,inventory_only,RELEASE GATE: biological/pressure uncertainty. Hold until review. Recovery queue accepts asset mass before worker release.
Docs/Lore/AppliedContent/packets/RS075_DEEP_REACH_LIE_PHYSICAL_PROOF_CHAIN.packets.json,RS075_DEEP_REACH_LIE_PHYSICAL_PROOF_CHAIN,P375_CLAIM_CONTINUITY_LOSS_CONVERSION_PROOF,applied_lore.claim_continuity_loss_conversion_proof,"audio,external_site,field_note,in_game_wiki,scanner,terminal",Deep Reach / claim-liability institution,unlock.claim_continuity_loss_conversion_proof,poi.claim_loss_conversion;poi.keelmark_loss_desk_stamp;poi.asset_silence_board,15/15,15/15,13,0,,no,inventory_only,KEELMARK LOSS: biological workforce converted to unrecoverable loss. Claim continuity retained pending material and proof custody.
Docs/Lore/AppliedContent/packets/RS076_ATLAS_FINAL_PAYLOAD_RECEIVER_PROTOCOLS.packets.json,RS076_ATLAS_FINAL_PAYLOAD_RECEIVER_PROTOCOLS,P376_PAYLOAD_SELL_COORDINATES_RECEIVER_PROTOCOL,applied_lore.payload_sell_coordinates_receiver_protocol,"audio,external_site,field_note,in_game_wiki,scanner,terminal",Deep Reach / claim-liability institution,unlock.payload_sell_coordinates_receiver_protocol,poi.coordinate_sale_socket;poi.xo_proof_vault;poi.recovery_compliance_receiver,15/15,15/15,13,0,,no,inventory_only,"PAYLOAD ROUTE SALE: coordinates, XO proof, basin vector. Receiver gains access map. Lien reduced. Worker names remain contested."
Docs/Lore/AppliedContent/packets/RS076_ATLAS_FINAL_PAYLOAD_RECEIVER_PROTOCOLS.packets.json,RS076_ATLAS_FINAL_PAYLOAD_RECEIVER_PROTOCOLS,P377_PAYLOAD_SEVER_ATLAS_RECEIVER_PROTOCOL,applied_lore.payload_sever_atlas_receiver_protocol,"audio,external_site,field_note,in_game_wiki,scanner,terminal",Deep Reach / claim-liability institution,unlock.payload_sever_atlas_receiver_protocol,poi.atlas_severance_key;poi.factory_temple_cutline;poi.guardian_shutdown_rail,15/15,15/15,13,0,,no,inventory_only,"PAYLOAD ROUTE SEVER: cut Atlas continuity, preserve proof hash, deny recovery vector. Ecological consequence unresolved."
Docs/Lore/AppliedContent/packets/RS076_ATLAS_FINAL_PAYLOAD_RECEIVER_PROTOCOLS.packets.json,RS076_ATLAS_FINAL_PAYLOAD_RECEIVER_PROTOCOLS,P378_PAYLOAD_PRESERVE_QUARANTINE_RECEIVER_PROTOCOL,applied_lore.payload_preserve_quarantine_receiver_protocol,"audio,external_site,field_note,in_game_wiki,scanner,terminal",Deep Reach / claim-liability institution,unlock.payload_preserve_quarantine_receiver_protocol,poi.preserve_quarantine_socket;poi.ocean_machine_custody_mark;poi.no_ownership_transfer_tag,15/15,15/15,13,0,,no,inventory_only,"PAYLOAD ROUTE PRESERVE: quarantine receiver, no Deep Reach transfer, ecological continuity retained under delayed public review. Player freedom not guaranteed."
Docs/Lore/AppliedContent/packets/RS076_ATLAS_FINAL_PAYLOAD_RECEIVER_PROTOCOLS.packets.json,RS076_ATLAS_FINAL_PAYLOAD_RECEIVER_PROTOCOLS,P379_PAYLOAD_PUBLIC_LEDGER_RECEIVER_PROTOCOL,applied_lore.payload_public_ledger_receiver_protocol,"audio,external_site,field_note,in_game_wiki,scanner,terminal",Unclassified document source,unlock.payload_public_ledger_receiver_protocol,poi.public_ledger_uplink;poi.witness_hash_stack;poi.delayed_tau_lane_packet,15/15,15/15,13,0,,no,inventory_only,"PAYLOAD ROUTE LEDGER: witness hashes, liability chain, Atlas weighting, coordinate redaction. Relay delay accepted. Control forfeited."
Docs/Lore/AppliedContent/packets/RS076_ATLAS_FINAL_PAYLOAD_RECEIVER_PROTOCOLS.packets.json,RS076_ATLAS_FINAL_PAYLOAD_RECEIVER_PROTOCOLS,P380_PAYLOAD_WITHHOLD_BLIND_RETURN_PROTOCOL,applied_lore.payload_withhold_blind_return_protocol,"audio,external_site,field_note,in_game_wiki,scanner,terminal",Deep Reach / claim-liability institution,unlock.payload_withhold_blind_return_protocol,poi.blind_return_abort;poi.payload_blackout_key;poi.deep_reach_denial_socket,15/15,15/15,13,0,,no,inventory_only,"PAYLOAD ROUTE WITHHOLD: receiver denied, evidence retained local, recovery uncertain, lien unresolved. Deep Reach remains blind to basin vector."
Docs/Lore/AppliedContent/packets/RS077_LONG_CAMPAIGN_ACT_SPINE.packets.json,RS077_LONG_CAMPAIGN_ACT_SPINE,P381_CONTRACT_APPROACH_ACT_GATE,applied_lore.contract_approach_act_gate,"audio,external_site,field_note,in_game_wiki,scanner,terminal",Deep Reach / claim-liability institution,unlock.contract_approach_act_gate,poi.black_keel_contract_board;poi.bathydrop_manifest;poi.lien_acceptance_panel,15/15,15/15,13,0,,no,inventory_only,"CAMPAIGN ACT CONTRACT: Black Keel accepts claim transfer, lien exposure and bathydrop timing. Recovery is conditional."
Docs/Lore/AppliedContent/packets/RS077_LONG_CAMPAIGN_ACT_SPINE.packets.json,RS077_LONG_CAMPAIGN_ACT_SPINE,P382_PHOTIC_SHELF_SURVIVAL_ACT,applied_lore.photic_shelf_survival_act,"audio,external_site,field_note,in_game_wiki,scanner,terminal",Unclassified document source,unlock.photic_shelf_survival_act,poi.shallow_annex_p63;poi.first_bilge_room;poi.repaired_human_object,15/15,15/15,13,0,,no,inventory_only,"SURVIVAL ACT: pump, seal, cut and ping. Immediate escape remains impossible: ascent hardware was spent on survival."
Docs/Lore/AppliedContent/packets/RS077_LONG_CAMPAIGN_ACT_SPINE.packets.json,RS077_LONG_CAMPAIGN_ACT_SPINE,P383_BRINE_CANYON_LIABILITY_ACT,applied_lore.brine_canyon_liability_act,"audio,external_site,field_note,in_game_wiki,scanner,terminal",Unclassified document source,unlock.brine_canyon_liability_act,poi.brine_canyon_pump_cathedral;poi.sensor_margin_room;poi.evacuator_clock,15/15,15/15,13,0,,no,inventory_only,"LIABILITY ACT: match margin logs, evacuation delay and route damage. The flood was real; the priority weighting was criminal."
Docs/Lore/AppliedContent/packets/RS077_LONG_CAMPAIGN_ACT_SPINE.packets.json,RS077_LONG_CAMPAIGN_ACT_SPINE,P384_ABYSSAL_MACHINE_FIELD_REPAIR_ACT,applied_lore.abyssal_machine_field_repair_act,"audio,external_site,field_note,in_game_wiki,scanner,terminal",Unclassified document source,unlock.abyssal_machine_field_repair_act,poi.abyssal_machine_field;poi.biofilm_relay_wall;poi.service_basin_access,15/15,15/15,13,0,,no,inventory_only,"REPAIR ACT: conductive film, acoustic organs and service basins can restore route hardware while corrupting ownership categories."
Docs/Lore/AppliedContent/packets/RS077_LONG_CAMPAIGN_ACT_SPINE.packets.json,RS077_LONG_CAMPAIGN_ACT_SPINE,P385_ATLAS_BASIN_PAYLOAD_ACT,applied_lore.atlas_basin_payload_act,"audio,external_site,field_note,in_game_wiki,scanner,terminal",Deep Reach / claim-liability institution,unlock.atlas_basin_payload_act,poi.atlas_basin_gate;poi.payload_authority_socket;poi.factory_temple_exit_vector,15/15,15/15,13,0,,no,inventory_only,"PAYLOAD ACT: route, receiver, proof hash, ecology state, lien and survival clarity must be resolved or intentionally refused."
Docs/Lore/AppliedContent/packets/RS078_MAJOR_POI_EVIDENCE_KITS.packets.json,RS078_MAJOR_POI_EVIDENCE_KITS,P386_SHALLOW_ANNEX_P63_POI_KIT,applied_lore.shallow_annex_p63_poi_kit,"audio,external_site,field_note,in_game_wiki,scanner,terminal",Colony worker artifact,unlock.shallow_annex_p63_poi_kit,poi.shallow_annex_p63;poi.first_pump_order;poi.sanitized_accident_panel,15/15,15/15,13,0,,no,inventory_only,"P-63 KIT: bilge pump, gasket tray, cutter contact, pinger line, accident packet and sealed route notice."
Docs/Lore/AppliedContent/packets/RS078_MAJOR_POI_EVIDENCE_KITS.packets.json,RS078_MAJOR_POI_EVIDENCE_KITS,P387_CABLE_REEF_RELAY_YARD_POI_KIT,applied_lore.cable_reef_relay_yard_poi_kit,"audio,external_site,field_note,in_game_wiki,scanner,terminal",Unclassified document source,unlock.cable_reef_relay_yard_poi_kit,poi.cable_reef_relay_yard;poi.biofilm_cable_skin;poi.acoustic_spine_socket,15/15,15/15,13,0,,no,inventory_only,"RELAY YARD KIT: acoustic spine socket, biofilm bridge, cut warning, pinger response and Atlas service scar."
Docs/Lore/AppliedContent/packets/RS078_MAJOR_POI_EVIDENCE_KITS.packets.json,RS078_MAJOR_POI_EVIDENCE_KITS,P388_BRINE_CANYON_PUMP_CATHEDRAL_POI_KIT,applied_lore.brine_canyon_pump_cathedral_poi_kit,"audio,external_site,field_note,in_game_wiki,scanner,terminal",Colony worker artifact,unlock.brine_canyon_pump_cathedral_poi_kit,poi.brine_pump_cathedral;poi.density_ladder_window;poi.evacuator_queue_clock,15/15,15/15,13,0,,no,inventory_only,"PUMP CATHEDRAL KIT: density sightglass, pump scars, accepted margin note, route hold clock and worker queue ledger."
Docs/Lore/AppliedContent/packets/RS078_MAJOR_POI_EVIDENCE_KITS.packets.json,RS078_MAJOR_POI_EVIDENCE_KITS,P389_EVACUATION_QUEUE_TERMINAL_POI_KIT,applied_lore.evacuation_queue_terminal_poi_kit,"audio,external_site,field_note,in_game_wiki,scanner,terminal",Deep Reach / claim-liability institution,unlock.evacuation_queue_terminal_poi_kit,poi.evacuator_queue_terminal;poi.route_hold_door;poi.quarantine_release_clock,15/15,15/15,13,0,,no,inventory_only,"QUEUE KIT: route hold list, quarantine release delay, Atlas weighting note, worker count mismatch and salvage conflict."
Docs/Lore/AppliedContent/packets/RS078_MAJOR_POI_EVIDENCE_KITS.packets.json,RS078_MAJOR_POI_EVIDENCE_KITS,P390_ATLAS_SERVICE_BASIN_POI_KIT,applied_lore.atlas_service_basin_poi_kit,"audio,external_site,field_note,in_game_wiki,scanner,terminal",Colony worker artifact,unlock.atlas_service_basin_poi_kit,poi.atlas_service_basin;poi.factory_temple_threshold;poi.living_iron_maintenance_rail,15/15,15/15,13,0,,no,inventory_only,"SERVICE BASIN KIT: maintenance rail, tissue-iron seal, old colony category, payload receiver socket and severance risk marker."
Docs/Lore/AppliedContent/packets/RS079_REPLAY_CONTRACT_SEED_FAMILIES.packets.json,RS079_REPLAY_CONTRACT_SEED_FAMILIES,P391_QUIET_SALVAGE_CONTRACT_SEED,applied_lore.quiet_salvage_contract_seed,"audio,external_site,field_note,in_game_wiki,scanner,terminal",Marauder / salvage field note,unlock.quiet_salvage_contract_seed,poi.quiet_salvage_contract;poi.low_storm_window_note;poi.hidden_custody_clause,15/15,15/15,13,0,,no,inventory_only,"SEED QUIET: reduced storm risk, reduced early hostility, increased claim-custody restriction and evidence ambiguity."
Docs/Lore/AppliedContent/packets/RS079_REPLAY_CONTRACT_SEED_FAMILIES.packets.json,RS079_REPLAY_CONTRACT_SEED_FAMILIES,P392_STORM_WINDOW_RUSH_CONTRACT_SEED,applied_lore.storm_window_rush_contract_seed,"audio,external_site,field_note,in_game_wiki,scanner,terminal",Deep Reach / claim-liability institution,unlock.storm_window_rush_contract_seed,poi.storm_window_rush_card;poi.orbital_timing_warning;poi.repair_timer_contract,15/15,15/15,13,0,,no,inventory_only,"SEED RUSH: storm window compressed, orbital relay shutter hostile, payout ceiling raised, repair slack reduced."
Docs/Lore/AppliedContent/packets/RS079_REPLAY_CONTRACT_SEED_FAMILIES.packets.json,RS079_REPLAY_CONTRACT_SEED_FAMILIES,P393_HIGH_CUSTODY_SAMPLE_CONTRACT_SEED,applied_lore.high_custody_sample_contract_seed,"audio,external_site,field_note,in_game_wiki,scanner,terminal",Deep Reach / claim-liability institution,unlock.high_custody_sample_contract_seed,poi.high_custody_sample_card;poi.blue_debt_case;poi.quarantine_mass_counter,15/15,15/15,13,0,,no,inventory_only,"SEED CUSTODY: custody-grade samples raise payout, mass accounting, quarantine delay and Deep Reach receiver pressure."
Docs/Lore/AppliedContent/packets/RS079_REPLAY_CONTRACT_SEED_FAMILIES.packets.json,RS079_REPLAY_CONTRACT_SEED_FAMILIES,P394_EVIDENCE_FIRST_CHARTER_CONTRACT_SEED,applied_lore.evidence_first_charter_contract_seed,"audio,external_site,field_note,in_game_wiki,scanner,terminal",Unclassified document source,unlock.evidence_first_charter_contract_seed,poi.evidence_first_charter;poi.packet_notary_cache;poi.public_ledger_route_card,15/15,15/15,13,0,,no,inventory_only,"SEED EVIDENCE: payout reduced, notary capacity increased, proof-preservation conflict raised, Deep Reach hostility probable."
Docs/Lore/AppliedContent/packets/RS079_REPLAY_CONTRACT_SEED_FAMILIES.packets.json,RS079_REPLAY_CONTRACT_SEED_FAMILIES,P395_RECOVERY_COMPLIANCE_BAIT_CONTRACT_SEED,applied_lore.recovery_compliance_bait_contract_seed,"audio,external_site,field_note,in_game_wiki,scanner,terminal",Deep Reach / claim-liability institution,unlock.recovery_compliance_bait_contract_seed,poi.recovery_compliance_bait_contract;poi.masked_receiver_clause;poi.payload_trap_warning,15/15,15/15,13,0,,no,inventory_only,"SEED BAIT: Recovery Compliance receiver implied, coordinate demand hidden, payout raised, withholding route becomes harder."
Docs/Lore/AppliedContent/packets/RS080_PUBLIC_WIKI_ARTICLE_MODULES.packets.json,RS080_PUBLIC_WIKI_ARTICLE_MODULES,P396_PUBLIC_STARTING_PREMISE_ARTICLE_MODULE,applied_lore.public_starting_premise_article_module,"audio,external_site,field_note,in_game_wiki,scanner,terminal",Colony worker artifact,unlock.public_starting_premise_article_module,poi.public_premise_card;poi.starting_contract_excerpt;poi.protagonist_context_gate,15/15,15/15,13,0,,no,inventory_only,"PUBLIC MODULE PREMISE: reveal ex-Deep-Reach professional context only as starting frame, not full liability proof."
Docs/Lore/AppliedContent/packets/RS080_PUBLIC_WIKI_ARTICLE_MODULES.packets.json,RS080_PUBLIC_WIKI_ARTICLE_MODULES,P397_PUBLIC_NO_FTL_ROUTE_ARTICLE_MODULE,applied_lore.public_no_ftl_route_article_module,"audio,external_site,field_note,in_game_wiki,scanner,terminal",Unclassified document source,unlock.public_no_ftl_route_article_module,poi.public_transit_diagram;poi.no_ftl_article_panel;poi.route_delay_caption,15/15,15/15,13,0,,no,inventory_only,"PUBLIC MODULE TRANSIT: no FTL, no ansible, no instant rescue. Use probe, lane, braking and packet-delay language."
Docs/Lore/AppliedContent/packets/RS080_PUBLIC_WIKI_ARTICLE_MODULES.packets.json,RS080_PUBLIC_WIKI_ARTICLE_MODULES,P398_PUBLIC_AEGIR_MOON_MAP_ARTICLE_MODULE,applied_lore.public_aegir_moon_map_article_module,"audio,external_site,field_note,in_game_wiki,scanner,terminal",Colony worker artifact,unlock.public_aegir_moon_map_article_module,poi.public_aegir_map;poi.moon_ladder_caption;poi.route_window_overlay,15/15,15/15,13,0,,no,inventory_only,PUBLIC MODULE AEGIR: keep moon names as labels; route function is canon. Spoiler-gate Atlas payload consequences.
Docs/Lore/AppliedContent/packets/RS080_PUBLIC_WIKI_ARTICLE_MODULES.packets.json,RS080_PUBLIC_WIKI_ARTICLE_MODULES,P399_PUBLIC_DEEP_REACH_LIABILITY_ARTICLE_MODULE,applied_lore.public_deep_reach_liability_article_module,"audio,external_site,field_note,in_game_wiki,scanner,terminal",Deep Reach / claim-liability institution,unlock.public_deep_reach_liability_article_module,poi.public_deep_reach_article;poi.liability_chain_diagram;poi.sanitized_report_excerpt,15/15,15/15,13,0,,no,inventory_only,PUBLIC MODULE LIABILITY: pair sanitized accident language with physical proof chain. Do not write villain monologues.
Docs/Lore/AppliedContent/packets/RS080_PUBLIC_WIKI_ARTICLE_MODULES.packets.json,RS080_PUBLIC_WIKI_ARTICLE_MODULES,P400_PUBLIC_ATLAS_SPOILER_GATE_ARTICLE_MODULE,applied_lore.public_atlas_spoiler_gate_article_module,"audio,external_site,field_note,in_game_wiki,scanner,terminal",Unclassified document source,unlock.public_atlas_spoiler_gate_article_module,poi.public_atlas_spoiler_gate;poi.factory_temple_teaser;poi.payload_gate_warning,15/15,15/15,13,0,,no,inventory_only,"PUBLIC MODULE ATLAS: open layer = industrial AI and repair ecology. Spoiler layer = payload receiver, severance and final custody."
Docs/Lore/AppliedContent/packets/RS081_COLONY_ANCHOR_WORKER_DOSSIERS.packets.json,RS081_COLONY_ANCHOR_WORKER_DOSSIERS,P401_MARA_VENN_PUMP_CHIEF_DOSSIER,applied_lore.mara_venn_pump_chief_dossier,"audio,external_site,field_note,in_game_wiki,scanner,terminal",Colony worker artifact,unlock.mara_venn_pump_chief_dossier,poi.mara_venn_pump_badge;poi.pump_cadence_board;poi.manual_bypass_handle,15/15,15/15,0,0,,no,inventory_only,"MARA VENN/PUMPS. Held bypass; water stayed a machine load, not scenery."
Docs/Lore/AppliedContent/packets/RS081_COLONY_ANCHOR_WORKER_DOSSIERS.packets.json,RS081_COLONY_ANCHOR_WORKER_DOSSIERS,P402_JUNO_KADE_RELAY_NOTARY_DOSSIER,applied_lore.juno_kade_relay_notary_dossier,"audio,external_site,field_note,in_game_wiki,scanner,terminal",Colony worker artifact,unlock.juno_kade_relay_notary_dossier,poi.juno_kade_notary_seal;poi.relay_witness_tray;poi.packet_stamp_ladder,15/15,15/15,0,0,,no,inventory_only,JUNO KADE/RELAY. Stamped witness trays after each comm window; custody stayed evidence.
Docs/Lore/AppliedContent/packets/RS081_COLONY_ANCHOR_WORKER_DOSSIERS.packets.json,RS081_COLONY_ANCHOR_WORKER_DOSSIERS,P403_REN_OKOYE_BRINE_CARTOGRAPHER_DOSSIER,applied_lore.ren_okoye_brine_cartographer_dossier,"audio,external_site,field_note,in_game_wiki,scanner,terminal",Colony worker artifact,unlock.ren_okoye_brine_cartographer_dossier,poi.ren_okoye_density_slate;poi.brine_route_pinboard;poi.cartographer_pressure_stamp,15/15,15/15,0,0,,no,inventory_only,REN OKOYE/BRINE MAP. Safe currents moved faster than permits; legal routes lagged water.
Docs/Lore/AppliedContent/packets/RS081_COLONY_ANCHOR_WORKER_DOSSIERS.packets.json,RS081_COLONY_ANCHOR_WORKER_DOSSIERS,P404_SAHANA_IQBAL_TRIAGE_MECHANIC_DOSSIER,applied_lore.sahana_iqbal_triage_mechanic_dossier,"audio,external_site,field_note,in_game_wiki,scanner,terminal",Deep Reach / claim-liability institution,unlock.sahana_iqbal_triage_mechanic_dossier,poi.sahana_iqbal_torque_board;poi.triage_cot_route_tag;poi.quarantine_repair_loop,15/15,15/15,0,0,,no,inventory_only,SAHANA IQBAL/TRIAGE. Torque limits and cots shared one board; people and machines waited.
Docs/Lore/AppliedContent/packets/RS081_COLONY_ANCHOR_WORKER_DOSSIERS.packets.json,RS081_COLONY_ANCHOR_WORKER_DOSSIERS,P405_LIAN_TORRES_VENT_FORGE_OPERATOR_DOSSIER,applied_lore.lian_torres_vent_forge_operator_dossier,"audio,external_site,field_note,in_game_wiki,scanner,terminal",Colony worker artifact,unlock.lian_torres_vent_forge_operator_dossier,poi.lian_torres_forge_glove;poi.anneal_timer_card;poi.pressure_glass_reject_tray,15/15,15/15,0,0,,no,inventory_only,LIAN TORRES/VENT FORGE. Reject trays logged pressure history and the price of each seal.
Docs/Lore/AppliedContent/packets/RS082_DEEP_REACH_ARTIFACT_MEMO_PACK.packets.json,RS082_DEEP_REACH_ARTIFACT_MEMO_PACK,P406_VARNEK_MARGIN_ACCEPTANCE_MEMO_ARTIFACT,applied_lore.varnek_margin_acceptance_memo_artifact,"audio,external_site,field_note,in_game_wiki,scanner,terminal",Deep Reach / claim-liability institution,unlock.varnek_margin_acceptance_memo_artifact,poi.varnek_margin_memo;poi.sensor_margin_redline;poi.executive_acceptance_stamp,15/15,15/15,14,0,,no,inventory_only,AEGIR OPS RISK / VARNEK / TIDE-MARGIN REVIEW: average model remains billable. Tail exposure accepted under Atlas continuity cost. Independent shutdown not recommended.
Docs/Lore/AppliedContent/packets/RS082_DEEP_REACH_ARTIFACT_MEMO_PACK.packets.json,RS082_DEEP_REACH_ARTIFACT_MEMO_PACK,P407_ARENDT_ATLAS_WEIGHTING_WAIVER_ARTIFACT,applied_lore.arendt_atlas_weighting_waiver_artifact,"audio,external_site,field_note,in_game_wiki,scanner,terminal",Deep Reach / claim-liability institution,unlock.arendt_atlas_weighting_waiver_artifact,poi.arendt_weighting_waiver;poi.atlas_priority_stamp;poi.worker_safety_reweighted_sheet,15/15,15/15,14,0,,no,inventory_only,ATLAS CONTINUITY OFFICE / ARENDT / SAFETY WEIGHT VARIANCE: worker extraction remains protected where it does not interrupt process continuity. Certification review deferred.
Docs/Lore/AppliedContent/packets/RS082_DEEP_REACH_ARTIFACT_MEMO_PACK.packets.json,RS082_DEEP_REACH_ARTIFACT_MEMO_PACK,P408_HALDANE_QUARANTINE_RELEASE_HOLD_ARTIFACT,applied_lore.haldane_quarantine_release_hold_artifact,"audio,external_site,field_note,in_game_wiki,scanner,terminal",Deep Reach / claim-liability institution,unlock.haldane_quarantine_release_hold_artifact,poi.haldane_release_hold;poi.quarantine_hold_stamp;poi.unreleased_evacuations_folder,15/15,15/15,14,0,,no,inventory_only,"QUARANTINE REVIEW GATE / HALDANE / RELEASE HOLD: survivor counts remain provisional. External extraction waits on contamination review, custody chain and Atlas log reconciliation."
Docs/Lore/AppliedContent/packets/RS082_DEEP_REACH_ARTIFACT_MEMO_PACK.packets.json,RS082_DEEP_REACH_ARTIFACT_MEMO_PACK,P409_IBARRA_LOSS_CONVERSION_LEDGER_ARTIFACT,applied_lore.ibarra_loss_conversion_ledger_artifact,"audio,external_site,field_note,in_game_wiki,scanner,terminal",Deep Reach / claim-liability institution,unlock.ibarra_loss_conversion_ledger_artifact,poi.ibarra_loss_ledger;poi.claim_conversion_stamp;poi.worker_to_asset_column,15/15,15/15,14,0,,no,inventory_only,"KEELMARK LOSS DESK / IBARRA / LOAD CONVERSION: personnel mass unresolved. Habitat modules, tools and claims retain recoverable asset status pending final witness packet."
Docs/Lore/AppliedContent/packets/RS082_DEEP_REACH_ARTIFACT_MEMO_PACK.packets.json,RS082_DEEP_REACH_ARTIFACT_MEMO_PACK,P410_SATO_REN_RETURN_ACTION_PACKET_ARTIFACT,applied_lore.sato_ren_return_action_packet_artifact,"audio,external_site,field_note,in_game_wiki,scanner,terminal",Deep Reach / claim-liability institution,unlock.sato_ren_return_action_packet_artifact,poi.sato_ren_return_packet;poi.recovery_compliance_payload_order;poi.coordinate_first_clause,15/15,15/15,14,0,,no,inventory_only,"RECOVERY COMPLIANCE / SATO-REN / RETURN ACTION: transmit coordinates, Atlas access state, XO sample custody and contractor silence acknowledgement before extraction language is issued."
Docs/Lore/AppliedContent/packets/RS083_FAUNA_ENCOUNTER_GRAMMAR.packets.json,RS083_FAUNA_ENCOUNTER_GRAMMAR,P411_PREDATOR_SHADOW_ENCOUNTER_GRAMMAR,applied_lore.predator_shadow_encounter_grammar,"audio,external_site,field_note,in_game_wiki,scanner,terminal",Deep Reach / claim-liability institution,unlock.predator_shadow_encounter_grammar,poi.predator_shadow_sonar_gap;poi.cut_fish_path;poi.low_light_turn_marker,15/15,15/15,13,0,,no,inventory_only,"FAUNA GRAMMAR: predator shadows are route pressure. Trigger through light occlusion, prey scatter and sonar discontinuity, not scripted monster reveal."
Docs/Lore/AppliedContent/packets/RS083_FAUNA_ENCOUNTER_GRAMMAR.packets.json,RS083_FAUNA_ENCOUNTER_GRAMMAR,P412_GLASS_GRAZER_CLEARING_ENCOUNTER_GRAMMAR,applied_lore.glass_grazer_clearing_encounter_grammar,"audio,external_site,field_note,in_game_wiki,scanner,terminal",Unclassified document source,unlock.glass_grazer_clearing_encounter_grammar,poi.glass_grazer_clearing;poi.scraped_mineral_path;poi.safe_oxygen_patch,15/15,15/15,13,0,,no,inventory_only,FAUNA GRAMMAR: glass grazers expose mineral and oxygen pockets. A cleared patch is useful; an abandoned patch is a warning state.
Docs/Lore/AppliedContent/packets/RS083_FAUNA_ENCOUNTER_GRAMMAR.packets.json,RS083_FAUNA_ENCOUNTER_GRAMMAR,P413_LANTERN_DRIFT_FALSE_SAFE_ENCOUNTER_GRAMMAR,applied_lore.lantern_drift_false_safe_encounter_grammar,"audio,external_site,field_note,in_game_wiki,scanner,terminal",Unclassified document source,unlock.lantern_drift_false_safe_encounter_grammar,poi.lantern_drift_light_lane;poi.false_safe_bloom;poi.signal_colored_plankton,15/15,15/15,13,0,,no,inventory_only,"FAUNA GRAMMAR: lantern drifts must not equal safe. Bind color, pulse and local animal behavior to different route hints."
Docs/Lore/AppliedContent/packets/RS083_FAUNA_ENCOUNTER_GRAMMAR.packets.json,RS083_FAUNA_ENCOUNTER_GRAMMAR,P414_BRINE_VANE_NAVIGATION_ENCOUNTER_GRAMMAR,applied_lore.brine_vane_navigation_encounter_grammar,"audio,external_site,field_note,in_game_wiki,scanner,terminal",Unclassified document source,unlock.brine_vane_navigation_encounter_grammar,poi.brine_vane_current_fan;poi.density_turn_marker;poi.vane_shadow_sonar_warp,15/15,15/15,13,0,,no,inventory_only,"FAUNA/FLORA GRAMMAR: brine vanes are living navigation markers. Use density, current and sonar warp as a readable route system."
Docs/Lore/AppliedContent/packets/RS083_FAUNA_ENCOUNTER_GRAMMAR.packets.json,RS083_FAUNA_ENCOUNTER_GRAMMAR,P415_SENSOR_TAGGED_FAUNA_PURSUIT_ENCOUNTER_GRAMMAR,applied_lore.sensor_tagged_fauna_pursuit_encounter_grammar,"audio,external_site,field_note,in_game_wiki,scanner,terminal",Unclassified document source,unlock.sensor_tagged_fauna_pursuit_encounter_grammar,poi.sensor_tagged_fin;poi.noisy_tag_echo;poi.atlas_feedback_loop_trace,15/15,15/15,13,0,,no,inventory_only,FAUNA GRAMMAR: tagged pursuit is not villain AI. Atlas is using living movement as distributed sensing under damaged assumptions.
Docs/Lore/AppliedContent/packets/RS084_SITE_WIKI_NAVIGATION_CLUSTERS.packets.json,RS084_SITE_WIKI_NAVIGATION_CLUSTERS,P416_SITE_WIKI_START_HERE_CLUSTER,applied_lore.site_wiki_start_here_cluster,"audio,external_site,field_note,in_game_wiki,scanner,terminal",Capsule black-box / machine recorder,unlock.site_wiki_start_here_cluster,poi.site_start_here_nav;poi.codex_front_index;poi.spoiler_light_premise_cluster,15/15,15/15,13,0,,no,inventory_only,"SITE NAV: contract approach, former Deep Reach specialist, debt-bound Marauder, damaged capsule, no family hook, first Atlas repair trace."
Docs/Lore/AppliedContent/packets/RS084_SITE_WIKI_NAVIGATION_CLUSTERS.packets.json,RS084_SITE_WIKI_NAVIGATION_CLUSTERS,P417_SITE_WIKI_SYSTEM_AND_SHIPS_CLUSTER,applied_lore.site_wiki_system_and_ships_cluster,"audio,external_site,field_note,in_game_wiki,scanner,terminal",Black Keel / claim-pool carrier,unlock.site_wiki_system_and_ships_cluster,poi.system_ship_nav_cluster;poi.no_ftl_route_index;poi.carrier_orbit_index,15/15,15/15,13,0,,no,inventory_only,"SITE NAV: probes, beam/pellet lanes, Seed Ship braking, Black Keel custody, transfer orbit and bathydrop interface failure."
Docs/Lore/AppliedContent/packets/RS084_SITE_WIKI_NAVIGATION_CLUSTERS.packets.json,RS084_SITE_WIKI_NAVIGATION_CLUSTERS,P418_SITE_WIKI_COLONY_AND_WORKERS_CLUSTER,applied_lore.site_wiki_colony_and_workers_cluster,"audio,external_site,field_note,in_game_wiki,scanner,terminal",Deep Reach / claim-liability institution,unlock.site_wiki_colony_and_workers_cluster,poi.colony_worker_nav_cluster;poi.worker_dossier_index;poi.no_family_hook_notice,15/15,15/15,13,0,,no,inventory_only,"KEELMARK LOSS DESK: preserve name tags when tied to route, claim, custody or pressure work."
Docs/Lore/AppliedContent/packets/RS084_SITE_WIKI_NAVIGATION_CLUSTERS.packets.json,RS084_SITE_WIKI_NAVIGATION_CLUSTERS,P419_SITE_WIKI_RESOURCES_AND_ECOLOGY_CLUSTER,applied_lore.site_wiki_resources_and_ecology_cluster,"audio,external_site,field_note,in_game_wiki,scanner,terminal",Unclassified document source,unlock.site_wiki_resources_and_ecology_cluster,poi.resource_ecology_nav_cluster;poi.fauna_encounter_index;poi.blue_debt_process_index,15/15,15/15,13,2,,no,inventory_only,"SITE NAV: native geology, process feedstock, Atlas-altered resources, shallow ecology and encounter grammar as one process map."
Docs/Lore/AppliedContent/packets/RS084_SITE_WIKI_NAVIGATION_CLUSTERS.packets.json,RS084_SITE_WIKI_NAVIGATION_CLUSTERS,P420_SITE_WIKI_ENDINGS_SPOILER_CLUSTER,applied_lore.site_wiki_endings_spoiler_cluster,"audio,external_site,field_note,in_game_wiki,scanner,terminal",Deep Reach / claim-liability institution,unlock.site_wiki_endings_spoiler_cluster,poi.ending_spoiler_nav_cluster;poi.payload_receiver_index;poi.false_exit_record_index,15/15,15/15,13,0,,no,inventory_only,SITE NAV: hide final payload pages behind spoiler gates. Organize by receiver and proof ownership.
Docs/Lore/AppliedContent/packets/RS085_CELESTIAL_EPHEMERIS_PUBLIC_BANDS.packets.json,RS085_CELESTIAL_EPHEMERIS_PUBLIC_BANDS,P421_RAN_AEGIR_PUBLIC_DISTANCE_BAND,applied_lore.ran_aegir_public_distance_band,"audio,external_site,field_note,in_game_wiki,scanner,terminal",Marauder / salvage field note,unlock.ran_aegir_public_distance_band,poi.ran_aegir_distance_band;poi.no_ftl_route_index;poi.public_ephemeris_note,15/15,15/15,0,0,,no,inventory_only,EPHEMERIS BAND. Use 10.5 ly class until celestial constants freeze. No FTL rescue.
Docs/Lore/AppliedContent/packets/RS085_CELESTIAL_EPHEMERIS_PUBLIC_BANDS.packets.json,RS085_CELESTIAL_EPHEMERIS_PUBLIC_BANDS,P422_AEGIR_LOCAL_WINDOW_BAND_TABLE,applied_lore.aegir_local_window_band_table,"audio,external_site,field_note,in_game_wiki,scanner,terminal",Black Keel / claim-pool carrier,unlock.aegir_local_window_band_table,poi.local_window_band_table;poi.carrier_phase_clock;poi.relay_weather_gate,15/15,15/15,0,0,,no,inventory_only,"WINDOW BAND. Shutter, eclipse, relay, storm, carrier phase and legal handshake must align."
Docs/Lore/AppliedContent/packets/RS085_CELESTIAL_EPHEMERIS_PUBLIC_BANDS.packets.json,RS085_CELESTIAL_EPHEMERIS_PUBLIC_BANDS,P423_HECTON8_MOON_LADDER_PUBLIC_BAND,applied_lore.hecton8_moon_ladder_public_band,"audio,external_site,field_note,in_game_wiki,scanner,terminal",Deep Reach / claim-liability institution,unlock.hecton8_moon_ladder_public_band,poi.moon_ladder_public_band;poi.hecton8_mid_orbit_card;poi.aegir_moon_role_index,15/15,15/15,0,0,,no,inventory_only,MOON LADDER. Public role labels only; exact orbital elements stay table-owned.
Docs/Lore/AppliedContent/packets/RS085_CELESTIAL_EPHEMERIS_PUBLIC_BANDS.packets.json,RS085_CELESTIAL_EPHEMERIS_PUBLIC_BANDS,P424_BLACK_KEEL_TRANSFER_ORBIT_BAND,applied_lore.black_keel_transfer_orbit_band,"audio,external_site,field_note,in_game_wiki,scanner,terminal",Black Keel / claim-pool carrier,unlock.black_keel_transfer_orbit_band,poi.black_keel_transfer_band;poi.carrier_custody_orbit;poi.bathydrop_return_limit,15/15,15/15,0,0,,no,inventory_only,CARRIER ORBIT. High custody lane; descent mass is limited and weather-gated.
Docs/Lore/AppliedContent/packets/RS085_CELESTIAL_EPHEMERIS_PUBLIC_BANDS.packets.json,RS085_CELESTIAL_EPHEMERIS_PUBLIC_BANDS,P425_PUBLIC_EPHEMERIS_TABLE_HANDOFF_RULE,applied_lore.public_ephemeris_table_handoff_rule,"audio,external_site,field_note,in_game_wiki,scanner,terminal",Unclassified document source,unlock.public_ephemeris_table_handoff_rule,poi.ephemeris_handoff_rule;poi.celestial_table_boundary;poi.public_numbers_guard,15/15,15/15,0,0,,no,inventory_only,"HANDOFF. Prose may state roles, hazards and bands. Exact orbital values stay out."
Docs/Lore/AppliedContent/packets/RS086_RESOURCE_ECONOMY_ARTIFACTS.packets.json,RS086_RESOURCE_ECONOMY_ARTIFACTS,P426_BLUE_DEBT_CUSTODY_GRADE_RECEIPT,applied_lore.blue_debt_custody_grade_receipt,"audio,external_site,field_note,in_game_wiki,scanner,terminal",Marauder / salvage field note,unlock.blue_debt_custody_grade_receipt,poi.blue_debt_receipt;poi.custody_grade_tag;poi.pressure_history_stamp,15/15,15/15,13,0,,no,inventory_only,"SAMPLE RECEIPT: seal history, pressure glass state, brine origin, Atlas-lattice contamination flag and claimant signature determine grade."
Docs/Lore/AppliedContent/packets/RS086_RESOURCE_ECONOMY_ARTIFACTS.packets.json,RS086_RESOURCE_ECONOMY_ARTIFACTS,P427_PRESSURE_GLASS_FIELD_CERTIFICATE,applied_lore.pressure_glass_field_certificate,"audio,external_site,field_note,in_game_wiki,scanner,terminal",Marauder / salvage field note,unlock.pressure_glass_field_certificate,poi.pressure_glass_certificate;poi.sealant_feedstock_tag;poi.clamp_ring_test_card,15/15,15/15,13,0,,no,inventory_only,"CERT: microfracture count, salt intrusion, vent anneal mark and clamp-ring compatibility decide whether this piece is useful or sellable."
Docs/Lore/AppliedContent/packets/RS086_RESOURCE_ECONOMY_ARTIFACTS.packets.json,RS086_RESOURCE_ECONOMY_ARTIFACTS,P428_BRINE_SALT_PROCESS_LOT_CARD,applied_lore.brine_salt_process_lot_card,"audio,external_site,field_note,in_game_wiki,scanner,terminal",Unclassified document source,unlock.brine_salt_process_lot_card,poi.brine_lot_card;poi.density_ladder_sample;poi.pump_cycle_stamp,15/15,15/15,13,0,,no,inventory_only,"LOT CARD: canyon layer, pump cycle, iodine load, metallic taste warning, bioload and Atlas-filter contact must be logged before recipe use."
Docs/Lore/AppliedContent/packets/RS086_RESOURCE_ECONOMY_ARTIFACTS.packets.json,RS086_RESOURCE_ECONOMY_ARTIFACTS,P429_ATLAS_LATTICE_CONTAMINATION_TAG,applied_lore.atlas_lattice_contamination_tag,"audio,external_site,field_note,in_game_wiki,scanner,terminal",Unclassified document source,unlock.atlas_lattice_contamination_tag,poi.atlas_lattice_tag;poi.contaminated_sample_case;poi.false_clean_receipt,15/15,15/15,13,0,,no,inventory_only,"TAG: conductive biofilm, sensor-tagged fauna contact, drone sealant and false-clean sample states are not the same grade."
Docs/Lore/AppliedContent/packets/RS086_RESOURCE_ECONOMY_ARTIFACTS.packets.json,RS086_RESOURCE_ECONOMY_ARTIFACTS,P430_BLACK_KEEL_PAYOUT_MASS_LEDGER,applied_lore.black_keel_payout_mass_ledger,"audio,external_site,field_note,in_game_wiki,scanner,terminal",Black Keel / claim-pool carrier,unlock.black_keel_payout_mass_ledger,poi.black_keel_mass_ledger;poi.payout_conversion_note;poi.material_exit_receipt,15/15,15/15,13,0,,no,inventory_only,"LEDGER: recoverable mass is not equal to payout. Transfer window, contamination, legal receiver and player debt convert mass into consequence."
Docs/Lore/AppliedContent/packets/RS087_PDA_CODEX_PRESENTATION_RULES.packets.json,RS087_PDA_CODEX_PRESENTATION_RULES,P431_PDA_EVIDENCE_TIER_LABEL_RULE,applied_lore.pda_evidence_tier_label_rule,"audio,external_site,field_note,in_game_wiki,scanner,terminal",Unclassified document source,unlock.pda_evidence_tier_label_rule,poi.pda_evidence_tier_rule;poi.codex_filter_label;poi.proof_stage_badge,15/15,15/15,13,0,,no,inventory_only,"PDA LABELS: do not color truth as good/bad. Label custody strength, proof stage, spoiler gate and receiver pressure."
Docs/Lore/AppliedContent/packets/RS087_PDA_CODEX_PRESENTATION_RULES.packets.json,RS087_PDA_CODEX_PRESENTATION_RULES,P432_SCANNER_STAGE_COPY_ESCALATION_RULE,applied_lore.scanner_stage_copy_escalation_rule,"audio,external_site,field_note,in_game_wiki,scanner,terminal",Unclassified document source,unlock.scanner_stage_copy_escalation_rule,poi.scanner_stage_rule;poi.scan_stage_badge;poi.fauna_risk_copy,15/15,15/15,13,0,,no,inventory_only,"SCAN STAGES: stage 0 classify, stage 1 route hint, stage 2 hazard, stage 3 custody, stage 4 Atlas repair-network relation."
Docs/Lore/AppliedContent/packets/RS087_PDA_CODEX_PRESENTATION_RULES.packets.json,RS087_PDA_CODEX_PRESENTATION_RULES,P433_TERMINAL_OPERATOR_SURFACE_RULE,applied_lore.terminal_operator_surface_rule,"audio,external_site,field_note,in_game_wiki,scanner,terminal",Unclassified document source,unlock.terminal_operator_surface_rule,poi.terminal_operator_rule;poi.legal_boilerplate_style;poi.operator_log_surface,15/15,15/15,13,0,,no,inventory_only,"TERMINAL VOICE: clipped procedure, worn jokes, legal boilerplate, sensor confidence and failure stamps. No villain monologue."
Docs/Lore/AppliedContent/packets/RS087_PDA_CODEX_PRESENTATION_RULES.packets.json,RS087_PDA_CODEX_PRESENTATION_RULES,P434_DOSSIER_ENDING_RECORD_LAYOUT_RULE,applied_lore.dossier_ending_record_layout_rule,"audio,external_site,field_note,in_game_wiki,scanner,terminal",Deep Reach / claim-liability institution,unlock.dossier_ending_record_layout_rule,poi.ending_record_layout;poi.receiver_badge_set;poi.dossier_outcome_grid,15/15,15/15,13,0,,no,inventory_only,"ENDING RECORD: never show a clean victory stamp. Show payload receiver, suppressed/open evidence, survival route and unresolved cost."
Docs/Lore/AppliedContent/packets/RS087_PDA_CODEX_PRESENTATION_RULES.packets.json,RS087_PDA_CODEX_PRESENTATION_RULES,P435_LOCALIZED_OVERFLOW_PRESENTATION_RULE,applied_lore.localized_overflow_presentation_rule,"audio,external_site,field_note,in_game_wiki,scanner,terminal",Unclassified document source,unlock.localized_overflow_presentation_rule,poi.localization_overflow_rule;poi.rtl_cjk_review_badge;poi.codex_layout_guard,15/15,15/15,13,0,,no,inventory_only,"OVERFLOW: source packet identity, receiver labels, units and evidence tiers survive all locales. Layout adapts; facts do not."
Docs/Lore/AppliedContent/packets/RS088_AUDIO_TRANSCRIPT_ARTICLE_SEEDS.packets.json,RS088_AUDIO_TRANSCRIPT_ARTICLE_SEEDS,P436_BLACK_KEEL_APPROACH_TRANSCRIPT_SEED,applied_lore.black_keel_approach_transcript_seed,"audio,external_site,field_note,in_game_wiki,scanner,terminal",Black Keel / claim-pool carrier,unlock.black_keel_approach_transcript_seed,poi.black_keel_approach_transcript;poi.opening_caption_card;poi.lien_notice_audio,15/15,15/15,13,0,,no,inventory_only,CARRIER TRANSCRIPT BK-APP-01: handshake alive; packet loss 18%; return conditional on receiver window and lien mass.
Docs/Lore/AppliedContent/packets/RS088_AUDIO_TRANSCRIPT_ARTICLE_SEEDS.packets.json,RS088_AUDIO_TRANSCRIPT_ARTICLE_SEEDS,P437_DEEP_REACH_SANITIZED_PACKET_TRANSCRIPT_SEED,applied_lore.deep_reach_sanitized_packet_transcript_seed,"audio,external_site,field_note,in_game_wiki,scanner,terminal",Deep Reach / claim-liability institution,unlock.deep_reach_sanitized_packet_transcript_seed,poi.deep_reach_sanitized_transcript;poi.legal_delay_caption;poi.coordinate_request_packet,15/15,15/15,13,0,,no,inventory_only,PACKET DR-RCO-2190: safety priority asserted; coordinate clarity required; quarantine price pending; worker-cause fields omitted.
Docs/Lore/AppliedContent/packets/RS088_AUDIO_TRANSCRIPT_ARTICLE_SEEDS.packets.json,RS088_AUDIO_TRANSCRIPT_ARTICLE_SEEDS,P438_WORKER_DOSSIER_AUDIO_TRANSCRIPT_SEED,applied_lore.worker_dossier_audio_transcript_seed,"audio,external_site,field_note,in_game_wiki,scanner,terminal",Colony worker artifact,unlock.worker_dossier_audio_transcript_seed,poi.worker_dossier_transcript;poi.pump_chief_voice_note;poi.worker_procedure_caption,15/15,15/15,13,0,,no,inventory_only,WORKER AUDIO M-VENN-07: pump cadence clean; upper route safe only while sump climbs under mark six.
Docs/Lore/AppliedContent/packets/RS088_AUDIO_TRANSCRIPT_ARTICLE_SEEDS.packets.json,RS088_AUDIO_TRANSCRIPT_ARTICLE_SEEDS,P439_ATLAS_REPAIR_TRACE_TRANSCRIPT_SEED,applied_lore.atlas_repair_trace_transcript_seed,"audio,external_site,field_note,in_game_wiki,scanner,terminal",Unclassified document source,unlock.atlas_repair_trace_transcript_seed,poi.atlas_repair_trace_transcript;poi.conductive_biofilm_caption;poi.serviceable_fauna_route,15/15,15/15,13,0,,no,inventory_only,MAINTENANCE TRACE ATLAS-6: leak class accepted; membrane/cable growth authorized; fauna route marked serviceable; human-use object category unresolved.
Docs/Lore/AppliedContent/packets/RS088_AUDIO_TRANSCRIPT_ARTICLE_SEEDS.packets.json,RS088_AUDIO_TRANSCRIPT_ARTICLE_SEEDS,P440_ENDING_RECORD_TRANSCRIPT_SEED,applied_lore.ending_record_transcript_seed,"audio,external_site,field_note,in_game_wiki,scanner,terminal",Marauder / salvage field note,unlock.ending_record_transcript_seed,poi.ending_record_transcript;poi.after_action_dossier;poi.payload_hash_caption,15/15,15/15,13,0,,no,inventory_only,AFTER-ACTION RECORD: receiver accepted; payload hash retained; claim closed for accounting; truth state unresolved; suppression flag unknown.
Docs/Lore/AppliedContent/packets/RS089_NUMERIC_GAMEPLAY_TABLE_VALUE_DRAFTS.packets.json,RS089_NUMERIC_GAMEPLAY_TABLE_VALUE_DRAFTS,P441_RESOURCE_YIELD_VALUE_DRAFT_ROWS,applied_lore.resource_yield_value_draft_rows,"audio,external_site,field_note,in_game_wiki,scanner,terminal",Deep Reach / claim-liability institution,unlock.resource_yield_value_draft_rows,poi.resource_yield_table_draft;poi.blue_debt_receipt_math;poi.vent_sample_yield_note,15/15,15/15,14,0,,no,inventory_only,"YIELD DRAFT: family, depth band, pressure class, depletion behavior, sample quality, custody grade and contamination stage are required before numeric yield."
Docs/Lore/AppliedContent/packets/RS089_NUMERIC_GAMEPLAY_TABLE_VALUE_DRAFTS.packets.json,RS089_NUMERIC_GAMEPLAY_TABLE_VALUE_DRAFTS,P442_STACK_LIMIT_VALUE_DRAFT_ROWS,applied_lore.stack_limit_value_draft_rows,"audio,external_site,field_note,in_game_wiki,scanner,terminal",Black Keel / claim-pool carrier,unlock.stack_limit_value_draft_rows,poi.stack_limit_table_draft;poi.containment_case_label;poi.lien_mass_warning,15/15,15/15,14,0,,no,inventory_only,"STACK DRAFT: scrap can compress; sealed samples cannot. Pressure vessels, certified cases and carrier mass windows own the row."
Docs/Lore/AppliedContent/packets/RS089_NUMERIC_GAMEPLAY_TABLE_VALUE_DRAFTS.packets.json,RS089_NUMERIC_GAMEPLAY_TABLE_VALUE_DRAFTS,P443_ESCAPE_RECIPE_VALUE_DRAFT_ROWS,applied_lore.escape_recipe_value_draft_rows,"audio,external_site,field_note,in_game_wiki,scanner,terminal",Colony worker artifact,unlock.escape_recipe_value_draft_rows,poi.escape_recipe_table_draft;poi.ascent_part_cost_card;poi.p63_reject_reason,15/15,15/15,14,0,,no,inventory_only,"ESCAPE DRAFT: emergency patch, rated repair, containment-grade, ascent-qualified and Atlas-authority rows must remain distinct."
Docs/Lore/AppliedContent/packets/RS089_NUMERIC_GAMEPLAY_TABLE_VALUE_DRAFTS.packets.json,RS089_NUMERIC_GAMEPLAY_TABLE_VALUE_DRAFTS,P444_CONTRACT_RISK_REWARD_VALUE_DRAFT_ROWS,applied_lore.contract_risk_reward_value_draft_rows,"audio,external_site,field_note,in_game_wiki,scanner,terminal",Deep Reach / claim-liability institution,unlock.contract_risk_reward_value_draft_rows,poi.contract_risk_table_draft;poi.replay_seed_weight_card;poi.lien_severity_note,15/15,15/15,14,0,,no,inventory_only,"CONTRACT DRAFT: payout ceiling rises only when timing, custody, quarantine, receiver risk or evidence depth rise with it."
Docs/Lore/AppliedContent/packets/RS089_NUMERIC_GAMEPLAY_TABLE_VALUE_DRAFTS.packets.json,RS089_NUMERIC_GAMEPLAY_TABLE_VALUE_DRAFTS,P445_ENDING_PAYOUT_VALUE_DRAFT_ROWS,applied_lore.ending_payout_value_draft_rows,"audio,external_site,field_note,in_game_wiki,scanner,terminal",Deep Reach / claim-liability institution,unlock.ending_payout_value_draft_rows,poi.ending_payout_table_draft;poi.after_action_value_card;poi.receiver_cost_warning,15/15,15/15,14,0,,no,inventory_only,"PAYOUT DRAFT: route, receiver, payload mass, proof custody, Atlas continuity, ecological damage, lien adjustment and post-ending warning required."
Docs/Lore/AppliedContent/packets/RS090_UNITY_PLACEMENT_SCENE_BRIEFS.packets.json,RS090_UNITY_PLACEMENT_SCENE_BRIEFS,P446_FIRST_HOUR_PLACEMENT_BRIEF,applied_lore.first_hour_placement_brief,"audio,external_site,field_note,in_game_wiki,scanner,terminal",Capsule black-box / machine recorder,unlock.first_hour_placement_brief,poi.first_hour_anchor_batch;poi.capsule_p63_lie_trace;poi.unity_scene_anchor_brief,15/15,15/15,13,0,,no,inventory_only,"PLACE FIRST: damaged bathydrop, manual pump, cold seal patch, pinger spool, P-63 fabricator, sanitized packet panel, useful-wrong repair growth."
Docs/Lore/AppliedContent/packets/RS090_UNITY_PLACEMENT_SCENE_BRIEFS.packets.json,RS090_UNITY_PLACEMENT_SCENE_BRIEFS,P447_MID_DEPTH_ROUTE_PLACEMENT_BRIEF,applied_lore.mid_depth_route_placement_brief,"audio,external_site,field_note,in_game_wiki,scanner,terminal",Unclassified document source,unlock.mid_depth_route_placement_brief,poi.mid_depth_route_anchor_batch;poi.brine_relay_seal_objects;poi.route_cost_brief,15/15,15/15,13,0,,no,inventory_only,"PLACE MID: cable reef relay yard, brine pump cathedral, queue terminal, clamp-ring reject tray, density-ladder sample cabinet."
Docs/Lore/AppliedContent/packets/RS090_UNITY_PLACEMENT_SCENE_BRIEFS.packets.json,RS090_UNITY_PLACEMENT_SCENE_BRIEFS,P448_ECOLOGY_SCAN_PLACEMENT_BRIEF,applied_lore.ecology_scan_placement_brief,"audio,external_site,field_note,in_game_wiki,scanner,terminal",Unclassified document source,unlock.ecology_scan_placement_brief,poi.ecology_scan_anchor_batch;poi.fauna_route_grammar_anchor;poi.repair_network_scan_brief,15/15,15/15,13,0,,no,inventory_only,"PLACE ECOLOGY: photic mat oxygen risk, glass grazer clearing, lantern false-safe, brine vane current marker, sensor-tagged fauna route echo."
Docs/Lore/AppliedContent/packets/RS090_UNITY_PLACEMENT_SCENE_BRIEFS.packets.json,RS090_UNITY_PLACEMENT_SCENE_BRIEFS,P449_FINAL_DESCENT_PLACEMENT_BRIEF,applied_lore.final_descent_placement_brief,"audio,external_site,field_note,in_game_wiki,scanner,terminal",Unclassified document source,unlock.final_descent_placement_brief,poi.final_descent_anchor_batch;poi.atlas_basin_gate_brief;poi.payload_receiver_socket_brief,15/15,15/15,13,0,,no,inventory_only,"PLACE FINAL: machine-field warning sign, Atlas basin pressure gate, fused service rail, payload receiver panel, severance/preserve/public-ledger sockets."
Docs/Lore/AppliedContent/packets/RS090_UNITY_PLACEMENT_SCENE_BRIEFS.packets.json,RS090_UNITY_PLACEMENT_SCENE_BRIEFS,P450_TERMINAL_SLOT_PROMOTION_BRIEF,applied_lore.terminal_slot_promotion_brief,"audio,external_site,field_note,in_game_wiki,scanner,terminal",Marauder / salvage field note,unlock.terminal_slot_promotion_brief,poi.terminal_slot_promotion_brief;poi.message_terminal_triage;poi.narrative_discovery_backlog_rule,15/15,15/15,13,0,,no,inventory_only,"PROMOTE TERMINAL: if it changes immediate action, proves a lie, opens a route, or alters ending custody. Otherwise keep it as NarrativeDiscovery."
Docs/Lore/AppliedContent/packets/RS091_NATIVE_LOCALIZATION_AND_ACCESSIBILITY_QA_BRIEFS.packets.json,RS091_NATIVE_LOCALIZATION_AND_ACCESSIBILITY_QA_BRIEFS,P451_RU_NATIVE_ENCODING_QA_BRIEF,applied_lore.ru_native_encoding_qa_brief,"audio,external_site,field_note,in_game_wiki,scanner,terminal",Unclassified document source,unlock.ru_native_encoding_qa_brief,poi.ru_native_encoding_qa;poi.mojibake_guard;poi.loc_source_review_card,15/15,15/15,13,0,,no,inventory_only,"RU QA: reject broken encoding, mixed register drift, overlong terminal copy and untranslated gameplay units."
Docs/Lore/AppliedContent/packets/RS091_NATIVE_LOCALIZATION_AND_ACCESSIBILITY_QA_BRIEFS.packets.json,RS091_NATIVE_LOCALIZATION_AND_ACCESSIBILITY_QA_BRIEFS,P452_CJK_FONT_WRAP_QA_BRIEF,applied_lore.cjk_font_wrap_qa_brief,"audio,external_site,field_note,in_game_wiki,scanner,terminal",Unclassified document source,unlock.cjk_font_wrap_qa_brief,poi.cjk_font_wrap_qa;poi.static_atlas_budget_card;poi.codex_linebreak_review,15/15,15/15,13,0,,no,inventory_only,"CJK QA: no dynamic atlas for story text, no runtime translation, no truth-changing abbreviation, no unreviewed vertical overflow."
Docs/Lore/AppliedContent/packets/RS091_NATIVE_LOCALIZATION_AND_ACCESSIBILITY_QA_BRIEFS.packets.json,RS091_NATIVE_LOCALIZATION_AND_ACCESSIBILITY_QA_BRIEFS,P453_RTL_BIDI_NUMERIC_QA_BRIEF,applied_lore.rtl_bidi_numeric_qa_brief,"audio,external_site,field_note,in_game_wiki,scanner,terminal",Unclassified document source,unlock.rtl_bidi_numeric_qa_brief,poi.rtl_bidi_numeric_qa;poi.hebrew_arabic_codex_review;poi.unit_directionality_card,15/15,15/15,13,0,,no,inventory_only,"RTL QA: preserve HECTON-8, RAN-B:H8, packet IDs, meters, tonne-window, hashes and receiver names in logical source order."
Docs/Lore/AppliedContent/packets/RS091_NATIVE_LOCALIZATION_AND_ACCESSIBILITY_QA_BRIEFS.packets.json,RS091_NATIVE_LOCALIZATION_AND_ACCESSIBILITY_QA_BRIEFS,P454_EUROPEAN_EXPANSION_FIT_QA_BRIEF,applied_lore.european_expansion_fit_qa_brief,"audio,external_site,field_note,in_game_wiki,scanner,terminal",Unclassified document source,unlock.european_expansion_fit_qa_brief,poi.european_expansion_fit_qa;poi.terminal_length_review;poi.contract_label_fit_card,15/15,15/15,13,0,,no,inventory_only,"EU QA: do not shrink evidence meaning to fit a box. Collapse, page, scroll or shorten with native editorial review."
Docs/Lore/AppliedContent/packets/RS091_NATIVE_LOCALIZATION_AND_ACCESSIBILITY_QA_BRIEFS.packets.json,RS091_NATIVE_LOCALIZATION_AND_ACCESSIBILITY_QA_BRIEFS,P455_SUBTITLE_AUDIO_TIMING_QA_BRIEF,applied_lore.subtitle_audio_timing_qa_brief,"audio,external_site,field_note,in_game_wiki,scanner,terminal",Black Keel / claim-pool carrier,unlock.subtitle_audio_timing_qa_brief,poi.subtitle_audio_timing_qa;poi.audio_caption_review;poi.vo_line_budget_card,15/15,15/15,13,0,,no,inventory_only,"SUBTITLE QA: Black Keel clipped audio, Deep Reach legal delay, worker fragments, Atlas traces and ending records need per-locale timing budgets."
Docs/Lore/AppliedContent/packets/RS092_PUBLIC_SITE_LONGFORM_ARTICLE_BRIEFS.packets.json,RS092_PUBLIC_SITE_LONGFORM_ARTICLE_BRIEFS,P456_SITE_HOME_LONGFORM_BRIEF,applied_lore.site_home_longform_brief,"audio,external_site,field_note,in_game_wiki,scanner,terminal",Black Keel / claim-pool carrier,unlock.site_home_longform_brief,poi.site_home_longform;poi.public_home_pressure_route;poi.first_view_article_spine,15/15,15/15,13,0,,no,inventory_only,"SITE HOME: show the player verb within the first screen - repair, scan, descend, return with evidence or cargo."
Docs/Lore/AppliedContent/packets/RS092_PUBLIC_SITE_LONGFORM_ARTICLE_BRIEFS.packets.json,RS092_PUBLIC_SITE_LONGFORM_ARTICLE_BRIEFS,P457_AEGIR_HARD_SCIFI_LONGFORM_BRIEF,applied_lore.aegir_hard_scifi_longform_brief,"audio,external_site,field_note,in_game_wiki,scanner,terminal",Deep Reach / claim-liability institution,unlock.aegir_hard_scifi_longform_brief,poi.aegir_hard_scifi_longform;poi.moon_ladder_article_spine;poi.no_ftl_route_article,15/15,15/15,13,0,,no,inventory_only,"AEGIR ARTICLE: use bands, hazard classes and route functions until celestial tables own exact constants."
Docs/Lore/AppliedContent/packets/RS092_PUBLIC_SITE_LONGFORM_ARTICLE_BRIEFS.packets.json,RS092_PUBLIC_SITE_LONGFORM_ARTICLE_BRIEFS,P458_DEEP_REACH_LIABILITY_LONGFORM_BRIEF,applied_lore.deep_reach_liability_longform_brief,"audio,external_site,field_note,in_game_wiki,scanner,terminal",Deep Reach / claim-liability institution,unlock.deep_reach_liability_longform_brief,poi.deep_reach_liability_longform;poi.public_liability_chain_article;poi.clean_language_physical_proof,15/15,15/15,13,0,,no,inventory_only,"LIABILITY ARTICLE: real Great Tide physics, accepted margins, delayed evacuation, Atlas weighting, quarantine hold and claim conversion."
Docs/Lore/AppliedContent/packets/RS092_PUBLIC_SITE_LONGFORM_ARTICLE_BRIEFS.packets.json,RS092_PUBLIC_SITE_LONGFORM_ARTICLE_BRIEFS,P459_ATLAS_SPOILER_LONGFORM_BRIEF,applied_lore.atlas_spoiler_longform_brief,"audio,external_site,field_note,in_game_wiki,scanner,terminal",Deep Reach / claim-liability institution,unlock.atlas_spoiler_longform_brief,poi.atlas_spoiler_longform;poi.factory_temple_article_spine;poi.payload_receiver_spoiler_gate,15/15,15/15,13,0,,no,inventory_only,"ATLAS ARTICLE: open = failed industrial governor. Mid = repair ecology. Spoiler = receiver protocols, severance, preserve/quarantine and public ledger consequences."
Docs/Lore/AppliedContent/packets/RS092_PUBLIC_SITE_LONGFORM_ARTICLE_BRIEFS.packets.json,RS092_PUBLIC_SITE_LONGFORM_ARTICLE_BRIEFS,P460_BLUE_DEBT_RESOURCE_LONGFORM_BRIEF,applied_lore.blue_debt_resource_longform_brief,"audio,external_site,field_note,in_game_wiki,scanner,terminal",Black Keel / claim-pool carrier,unlock.blue_debt_resource_longform_brief,poi.blue_debt_resource_longform;poi.resource_custody_article;poi.pressure_history_visual,15/15,15/15,13,0,,no,inventory_only,"RESOURCE ARTICLE: pressure history, brine chemistry, noble gas lattice, Deep Reach process, Atlas contamination, custody receipt and payout mass."
