fact_id,owner_doc_or_packet,evidence_path,first_allowed_surface,spoiler_level,unlock_gate,contradiction_state
FACT_HECTON8_CRASH_SHELF_PRIMARY,Docs/Lore/AppliedContent/packets/P001_CRASH_SHELF.json,Docs/Lore/AppliedContent/packets/P001_CRASH_SHELF.json,external_site,UNSPECIFIED_SOURCE_GAP,unlock.first_shelter,confirmed
FACT_BLACK_KEEL_CONTACT_PRIMARY,Docs/Lore/AppliedContent/packets/P002_BLACK_KEEL_CONTACT.json,Docs/Lore/AppliedContent/packets/P002_BLACK_KEEL_CONTACT.json,external_site,UNSPECIFIED_SOURCE_GAP,unlock.black_keel_handshake,confirmed
FACT_PLAYER_BARNARD_MARK_PRIMARY,Docs/Lore/AppliedContent/packets/P003_BARNARD_MARK.json,Docs/Lore/AppliedContent/packets/P003_BARNARD_MARK.json,external_site,UNSPECIFIED_SOURCE_GAP,unlock.first_barnard_mark,confirmed
FACT_RESOURCE_BLUE_DEBT_PRIMARY,Docs/Lore/AppliedContent/packets/P004_BLUE_DEBT.json,Docs/Lore/AppliedContent/packets/P004_BLUE_DEBT.json,external_site,UNSPECIFIED_SOURCE_GAP,unlock.first_blue_debt_sample,confirmed
FACT_ATLAS_REPAIR_SCAR_PRIMARY,Docs/Lore/AppliedContent/packets/P005_REPAIR_SCAR.json,Docs/Lore/AppliedContent/packets/P005_REPAIR_SCAR.json,external_site,UNSPECIFIED_SOURCE_GAP,unlock.first_atlas_category_error,confirmed
FACT_MARAUDER_DEAD_CLAIM_CACHE_PRIMARY,Docs/Lore/AppliedContent/packets/RS002_DEEPENING_DESCENT.packets.json,Docs/Lore/AppliedContent/packets/RS002_DEEPENING_DESCENT.packets.json,external_site,UNSPECIFIED_SOURCE_GAP,unlock.first_marauder_cache,confirmed
FACT_HECTON8_BRINE_STAIR_PRIMARY,Docs/Lore/AppliedContent/packets/P007_BRINE_STAIR.json,Docs/Lore/AppliedContent/packets/P007_BRINE_STAIR.json,external_site,UNSPECIFIED_SOURCE_GAP,unlock.first_brine_layer_route,confirmed
FACT_COLONY_EVACUATION_HOLD_PRIMARY,Docs/Lore/AppliedContent/packets/P008_EVACUATION_HOLD.json,Docs/Lore/AppliedContent/packets/P008_EVACUATION_HOLD.json,external_site,UNSPECIFIED_SOURCE_GAP,unlock.first_evacuation_hold_record,confirmed
FACT_ATLAS_BOTTOM_FACTORY_PRIMARY,Docs/Lore/AppliedContent/packets/P009_BOTTOM_FACTORY.json,Docs/Lore/AppliedContent/packets/P009_BOTTOM_FACTORY.json,external_site,UNSPECIFIED_SOURCE_GAP,unlock.first_bottom_factory_contact,confirmed
FACT_ENDING_PAYLOAD_WINDOW_PRIMARY,Docs/Lore/AppliedContent/packets/P010_PAYLOAD_WINDOW.json,Docs/Lore/AppliedContent/packets/P010_PAYLOAD_WINDOW.json,external_site,UNSPECIFIED_SOURCE_GAP,unlock.first_payload_window,confirmed
FACT_HUMAN_DOMAIN_MARKS_2190_PRIMARY,Docs/Lore/AppliedContent/packets/RS003_HUMAN_SPACE_AEGIR_ROUTE.packets.json,Docs/Lore/AppliedContent/packets/RS003_HUMAN_SPACE_AEGIR_ROUTE.packets.json,external_site,UNSPECIFIED_SOURCE_GAP,unlock.first_multi_domain_mark,confirmed
FACT_TRANSIT_RELAY_SPINE_PRIMARY,Docs/Lore/AppliedContent/packets/RS003_HUMAN_SPACE_AEGIR_ROUTE.packets.json,Docs/Lore/AppliedContent/packets/RS003_HUMAN_SPACE_AEGIR_ROUTE.packets.json,external_site,UNSPECIFIED_SOURCE_GAP,unlock.first_relay_buffer,confirmed
FACT_SHIPS_NEARLIGHT_CLASSES_PRIMARY,Docs/Lore/AppliedContent/packets/RS003_HUMAN_SPACE_AEGIR_ROUTE.packets.json,Docs/Lore/AppliedContent/packets/RS003_HUMAN_SPACE_AEGIR_ROUTE.packets.json,external_site,UNSPECIFIED_SOURCE_GAP,unlock.first_transit_manifest,confirmed
FACT_AEGIR_ROUTE_WINDOW_PRIMARY,Docs/Lore/AppliedContent/packets/RS003_HUMAN_SPACE_AEGIR_ROUTE.packets.json,Docs/Lore/AppliedContent/packets/RS003_HUMAN_SPACE_AEGIR_ROUTE.packets.json,external_site,UNSPECIFIED_SOURCE_GAP,unlock.first_aegir_window_table,confirmed
FACT_SHIPS_BLACK_KEEL_LEDGER_PRIMARY,Docs/Lore/AppliedContent/packets/RS003_HUMAN_SPACE_AEGIR_ROUTE.packets.json,Docs/Lore/AppliedContent/packets/RS003_HUMAN_SPACE_AEGIR_ROUTE.packets.json,external_site,UNSPECIFIED_SOURCE_GAP,unlock.first_black_keel_ledger,confirmed
FACT_LOCATION_AEGIR_HOST_STAR_PRIMARY,Docs/Lore/AppliedContent/packets/RS004_AEGIR_SYSTEM_HECTON8_ECOLOGY.packets.json,Docs/Lore/AppliedContent/packets/RS004_AEGIR_SYSTEM_HECTON8_ECOLOGY.packets.json,external_site,UNSPECIFIED_SOURCE_GAP,unlock.first_host_star_reading,confirmed
FACT_LOCATION_AEGIR_MOON_LADDER_PRIMARY,Docs/Lore/AppliedContent/packets/RS004_AEGIR_SYSTEM_HECTON8_ECOLOGY.packets.json,Docs/Lore/AppliedContent/packets/RS004_AEGIR_SYSTEM_HECTON8_ECOLOGY.packets.json,external_site,UNSPECIFIED_SOURCE_GAP,unlock.first_moon_ladder_map,confirmed
FACT_LOCATION_HECTON8_DROWNED_GEOLOGY_PRIMARY,Docs/Lore/AppliedContent/packets/RS004_AEGIR_SYSTEM_HECTON8_ECOLOGY.packets.json,Docs/Lore/AppliedContent/packets/RS004_AEGIR_SYSTEM_HECTON8_ECOLOGY.packets.json,external_site,UNSPECIFIED_SOURCE_GAP,unlock.first_geology_route_model,confirmed
FACT_LOCATION_HECTON8_RESOURCE_STACK_PRIMARY,Docs/Lore/AppliedContent/packets/RS004_AEGIR_SYSTEM_HECTON8_ECOLOGY.packets.json,Docs/Lore/AppliedContent/packets/RS004_AEGIR_SYSTEM_HECTON8_ECOLOGY.packets.json,external_site,UNSPECIFIED_SOURCE_GAP,unlock.first_resource_stack_scan,confirmed
FACT_LOCATION_HECTON8_ECOLOGY_REGISTRY_PRIMARY,Docs/Lore/AppliedContent/packets/RS004_AEGIR_SYSTEM_HECTON8_ECOLOGY.packets.json,Docs/Lore/AppliedContent/packets/RS004_AEGIR_SYSTEM_HECTON8_ECOLOGY.packets.json,external_site,UNSPECIFIED_SOURCE_GAP,unlock.first_ecology_registry_scan,confirmed
FACT_SHIPS_BLACK_KEEL_CUSTODY_PRIMARY,Docs/Lore/AppliedContent/packets/RS005_CARRIER_ESCAPE_DEEP_REACH_PRESSURE.packets.json,Docs/Lore/AppliedContent/packets/RS005_CARRIER_ESCAPE_DEEP_REACH_PRESSURE.packets.json,external_site,UNSPECIFIED_SOURCE_GAP,unlock.first_black_keel_custody_record,confirmed
FACT_ARRIVAL_DROP_CAPSULE_DAMAGE_PRIMARY,Docs/Lore/AppliedContent/packets/RS005_CARRIER_ESCAPE_DEEP_REACH_PRESSURE.packets.json,Docs/Lore/AppliedContent/packets/RS005_CARRIER_ESCAPE_DEEP_REACH_PRESSURE.packets.json,external_site,UNSPECIFIED_SOURCE_GAP,unlock.first_drop_capsule_damage_audit,confirmed
FACT_FACTIONS_DEEP_REACH_RETURN_CLAIM_PRIMARY,Docs/Lore/AppliedContent/packets/RS005_CARRIER_ESCAPE_DEEP_REACH_PRESSURE.packets.json,Docs/Lore/AppliedContent/packets/RS005_CARRIER_ESCAPE_DEEP_REACH_PRESSURE.packets.json,external_site,UNSPECIFIED_SOURCE_GAP,unlock.first_deep_reach_return_claim,confirmed
FACT_ENDINGS_FALSE_EXIT_MATERIAL_PRIMARY,Docs/Lore/AppliedContent/packets/RS005_CARRIER_ESCAPE_DEEP_REACH_PRESSURE.packets.json,Docs/Lore/AppliedContent/packets/RS005_CARRIER_ESCAPE_DEEP_REACH_PRESSURE.packets.json,external_site,UNSPECIFIED_SOURCE_GAP,unlock.first_material_exit_offer,confirmed
FACT_PLAYER_PROFESSIONAL_MOTIVE_PRIMARY,Docs/Lore/AppliedContent/packets/RS005_CARRIER_ESCAPE_DEEP_REACH_PRESSURE.packets.json,Docs/Lore/AppliedContent/packets/RS005_CARRIER_ESCAPE_DEEP_REACH_PRESSURE.packets.json,external_site,UNSPECIFIED_SOURCE_GAP,unlock.first_professional_motive_shift,confirmed
FACT_HUMANITY_SIX_DOMAIN_LEDGER_PRIMARY,Docs/Lore/AppliedContent/packets/RS006_HUMANITY_TRANSIT_SEED_LOGISTICS.packets.json,Docs/Lore/AppliedContent/packets/RS006_HUMANITY_TRANSIT_SEED_LOGISTICS.packets.json,external_site,UNSPECIFIED_SOURCE_GAP,unlock.first_six_domain_ledger,confirmed
FACT_PLAYER_BARNARD_YARDS_ORIGIN_PRIMARY,Docs/Lore/AppliedContent/packets/RS006_HUMANITY_TRANSIT_SEED_LOGISTICS.packets.json,Docs/Lore/AppliedContent/packets/RS006_HUMANITY_TRANSIT_SEED_LOGISTICS.packets.json,external_site,UNSPECIFIED_SOURCE_GAP,unlock.first_barnard_yards_origin_record,confirmed
FACT_TRAVEL_NO_FTL_TRANSIT_MATH_PRIMARY,Docs/Lore/AppliedContent/packets/RS006_HUMANITY_TRANSIT_SEED_LOGISTICS.packets.json,Docs/Lore/AppliedContent/packets/RS006_HUMANITY_TRANSIT_SEED_LOGISTICS.packets.json,external_site,UNSPECIFIED_SOURCE_GAP,unlock.first_transit_math_record,confirmed
FACT_DEEP_REACH_SEED_SHIP_DOCTRINE_PRIMARY,Docs/Lore/AppliedContent/packets/RS006_HUMANITY_TRANSIT_SEED_LOGISTICS.packets.json,Docs/Lore/AppliedContent/packets/RS006_HUMANITY_TRANSIT_SEED_LOGISTICS.packets.json,external_site,UNSPECIFIED_SOURCE_GAP,unlock.first_seed_ship_doctrine_record,confirmed
FACT_ROUTES_RELAY_CUSTODY_DEBT_CHAIN_PRIMARY,Docs/Lore/AppliedContent/packets/RS006_HUMANITY_TRANSIT_SEED_LOGISTICS.packets.json,Docs/Lore/AppliedContent/packets/RS006_HUMANITY_TRANSIT_SEED_LOGISTICS.packets.json,external_site,UNSPECIFIED_SOURCE_GAP,unlock.first_relay_debt_chain_record,confirmed
FACT_HECTON8_PHOTIC_SHELF_LIFE_PRIMARY,Docs/Lore/AppliedContent/packets/RS007_DEPTH_ECOLOGY_FACTORY_TEMPLE.packets.json,Docs/Lore/AppliedContent/packets/RS007_DEPTH_ECOLOGY_FACTORY_TEMPLE.packets.json,external_site,UNSPECIFIED_SOURCE_GAP,unlock.first_photic_shelf_life,confirmed
FACT_HECTON8_PRESSURE_LADDER_DEPTH_BANDS_PRIMARY,Docs/Lore/AppliedContent/packets/RS007_DEPTH_ECOLOGY_FACTORY_TEMPLE.packets.json,Docs/Lore/AppliedContent/packets/RS007_DEPTH_ECOLOGY_FACTORY_TEMPLE.packets.json,external_site,UNSPECIFIED_SOURCE_GAP,unlock.first_pressure_ladder,confirmed
FACT_HECTON8_CABLE_REEF_SYMBIOSIS_PRIMARY,Docs/Lore/AppliedContent/packets/RS007_DEPTH_ECOLOGY_FACTORY_TEMPLE.packets.json,Docs/Lore/AppliedContent/packets/RS007_DEPTH_ECOLOGY_FACTORY_TEMPLE.packets.json,external_site,UNSPECIFIED_SOURCE_GAP,unlock.first_cable_reef_symbiosis,confirmed
FACT_HECTON8_ABYSSAL_REPAIR_FAUNA_PRIMARY,Docs/Lore/AppliedContent/packets/RS007_DEPTH_ECOLOGY_FACTORY_TEMPLE.packets.json,Docs/Lore/AppliedContent/packets/RS007_DEPTH_ECOLOGY_FACTORY_TEMPLE.packets.json,external_site,UNSPECIFIED_SOURCE_GAP,unlock.first_abyssal_repair_fauna,confirmed
FACT_ATLAS6_FACTORY_TEMPLE_THRESHOLD_PRIMARY,Docs/Lore/AppliedContent/packets/RS007_DEPTH_ECOLOGY_FACTORY_TEMPLE.packets.json,Docs/Lore/AppliedContent/packets/RS007_DEPTH_ECOLOGY_FACTORY_TEMPLE.packets.json,external_site,UNSPECIFIED_SOURCE_GAP,unlock.first_factory_temple_threshold,confirmed
FACT_HECTON8_RETURN_VECTOR_WINDOW_PRIMARY,Docs/Lore/AppliedContent/packets/RS008_ESCAPE_ENDINGS_ATLAS_QUESTION.packets.json,Docs/Lore/AppliedContent/packets/RS008_ESCAPE_ENDINGS_ATLAS_QUESTION.packets.json,external_site,UNSPECIFIED_SOURCE_GAP,unlock.first_return_vector_window,confirmed
FACT_HECTON8_COWARD_EXIT_CHAIN_PRIMARY,Docs/Lore/AppliedContent/packets/RS008_ESCAPE_ENDINGS_ATLAS_QUESTION.packets.json,Docs/Lore/AppliedContent/packets/RS008_ESCAPE_ENDINGS_ATLAS_QUESTION.packets.json,external_site,UNSPECIFIED_SOURCE_GAP,unlock.first_coward_exit_chain,confirmed
FACT_HECTON8_MATERIAL_PAYOUT_LEDGER_PRIMARY,Docs/Lore/AppliedContent/packets/RS008_ESCAPE_ENDINGS_ATLAS_QUESTION.packets.json,Docs/Lore/AppliedContent/packets/RS008_ESCAPE_ENDINGS_ATLAS_QUESTION.packets.json,external_site,UNSPECIFIED_SOURCE_GAP,unlock.first_material_payout_ledger,confirmed
FACT_HECTON8_DEEP_REACH_CLEANSE_ORDER_PRIMARY,Docs/Lore/AppliedContent/packets/RS008_ESCAPE_ENDINGS_ATLAS_QUESTION.packets.json,Docs/Lore/AppliedContent/packets/RS008_ESCAPE_ENDINGS_ATLAS_QUESTION.packets.json,external_site,UNSPECIFIED_SOURCE_GAP,unlock.first_deep_reach_cleanse_order,confirmed
FACT_HECTON8_ATLAS_FINAL_ARGUMENT_PRIMARY,Docs/Lore/AppliedContent/packets/RS008_ESCAPE_ENDINGS_ATLAS_QUESTION.packets.json,Docs/Lore/AppliedContent/packets/RS008_ESCAPE_ENDINGS_ATLAS_QUESTION.packets.json,external_site,UNSPECIFIED_SOURCE_GAP,unlock.first_atlas_final_argument,confirmed
FACT_HECTON8_WORKER_LOCKER_ROW_PRIMARY,Docs/Lore/AppliedContent/packets/RS009_COLONY_LAYOUT_WORKER_EVIDENCE.packets.json,Docs/Lore/AppliedContent/packets/RS009_COLONY_LAYOUT_WORKER_EVIDENCE.packets.json,external_site,UNSPECIFIED_SOURCE_GAP,unlock.first_worker_locker_row,confirmed
FACT_HECTON8_PRESSURE_BUNK_ROUTINE_PRIMARY,Docs/Lore/AppliedContent/packets/RS009_COLONY_LAYOUT_WORKER_EVIDENCE.packets.json,Docs/Lore/AppliedContent/packets/RS009_COLONY_LAYOUT_WORKER_EVIDENCE.packets.json,external_site,UNSPECIFIED_SOURCE_GAP,unlock.first_pressure_bunk_routine,confirmed
FACT_HECTON8_SHIFT_BOARD_ROUTE_HOLDS_PRIMARY,Docs/Lore/AppliedContent/packets/RS009_COLONY_LAYOUT_WORKER_EVIDENCE.packets.json,Docs/Lore/AppliedContent/packets/RS009_COLONY_LAYOUT_WORKER_EVIDENCE.packets.json,external_site,UNSPECIFIED_SOURCE_GAP,unlock.first_shift_board_route_holds,confirmed
FACT_HECTON8_MEDICAL_LOCK_DELAY_PRIMARY,Docs/Lore/AppliedContent/packets/RS009_COLONY_LAYOUT_WORKER_EVIDENCE.packets.json,Docs/Lore/AppliedContent/packets/RS009_COLONY_LAYOUT_WORKER_EVIDENCE.packets.json,external_site,UNSPECIFIED_SOURCE_GAP,unlock.first_medical_lock_delay,confirmed
FACT_HECTON8_BLACK_BOX_NAME_STACK_PRIMARY,Docs/Lore/AppliedContent/packets/RS009_COLONY_LAYOUT_WORKER_EVIDENCE.packets.json,Docs/Lore/AppliedContent/packets/RS009_COLONY_LAYOUT_WORKER_EVIDENCE.packets.json,external_site,UNSPECIFIED_SOURCE_GAP,unlock.first_black_box_name_stack,confirmed
FACT_HECTON8_PUMP_ROOM_HANDSHAKE_PRIMARY,Docs/Lore/AppliedContent/packets/RS010_PRESSURE_MACHINERY_RETURN_ROUTE.packets.json,Docs/Lore/AppliedContent/packets/RS010_PRESSURE_MACHINERY_RETURN_ROUTE.packets.json,external_site,UNSPECIFIED_SOURCE_GAP,unlock.first_pump_room_handshake,confirmed
FACT_HECTON8_HATCH_SEAL_LEDGER_PRIMARY,Docs/Lore/AppliedContent/packets/RS010_PRESSURE_MACHINERY_RETURN_ROUTE.packets.json,Docs/Lore/AppliedContent/packets/RS010_PRESSURE_MACHINERY_RETURN_ROUTE.packets.json,external_site,UNSPECIFIED_SOURCE_GAP,unlock.first_hatch_seal_ledger,confirmed
FACT_HECTON8_CABLE_SPLICE_SCAR_PRIMARY,Docs/Lore/AppliedContent/packets/RS010_PRESSURE_MACHINERY_RETURN_ROUTE.packets.json,Docs/Lore/AppliedContent/packets/RS010_PRESSURE_MACHINERY_RETURN_ROUTE.packets.json,external_site,UNSPECIFIED_SOURCE_GAP,unlock.first_cable_splice_scar,confirmed
FACT_HECTON8_SONAR_RETURN_ROUTE_PRIMARY,Docs/Lore/AppliedContent/packets/RS010_PRESSURE_MACHINERY_RETURN_ROUTE.packets.json,Docs/Lore/AppliedContent/packets/RS010_PRESSURE_MACHINERY_RETURN_ROUTE.packets.json,external_site,UNSPECIFIED_SOURCE_GAP,unlock.first_sonar_return_route,confirmed
FACT_HECTON8_SALVAGE_TOOL_CUSTODY_PRIMARY,Docs/Lore/AppliedContent/packets/RS010_PRESSURE_MACHINERY_RETURN_ROUTE.packets.json,Docs/Lore/AppliedContent/packets/RS010_PRESSURE_MACHINERY_RETURN_ROUTE.packets.json,external_site,UNSPECIFIED_SOURCE_GAP,unlock.first_salvage_tool_custody,confirmed
FACT_HECTON8_LIGHT_DELAY_AUTHORITY_PRIMARY,Docs/Lore/AppliedContent/packets/RS011_COMM_TARIFF_GRAFFITI_MASKS.packets.json,Docs/Lore/AppliedContent/packets/RS011_COMM_TARIFF_GRAFFITI_MASKS.packets.json,external_site,UNSPECIFIED_SOURCE_GAP,unlock.first_light_delay_authority,confirmed
FACT_HECTON8_BLACK_KEEL_TARIFF_TABLE_PRIMARY,Docs/Lore/AppliedContent/packets/RS011_COMM_TARIFF_GRAFFITI_MASKS.packets.json,Docs/Lore/AppliedContent/packets/RS011_COMM_TARIFF_GRAFFITI_MASKS.packets.json,external_site,UNSPECIFIED_SOURCE_GAP,unlock.first_black_keel_tariff_table,confirmed
FACT_HECTON8_MARAUDER_GRAFFITI_MASKS_PRIMARY,Docs/Lore/AppliedContent/packets/RS011_COMM_TARIFF_GRAFFITI_MASKS.packets.json,Docs/Lore/AppliedContent/packets/RS011_COMM_TARIFF_GRAFFITI_MASKS.packets.json,external_site,UNSPECIFIED_SOURCE_GAP,unlock.first_marauder_graffiti_masks,confirmed
FACT_HECTON8_RELAY_QUEUE_DRIFT_PRIMARY,Docs/Lore/AppliedContent/packets/RS011_COMM_TARIFF_GRAFFITI_MASKS.packets.json,Docs/Lore/AppliedContent/packets/RS011_COMM_TARIFF_GRAFFITI_MASKS.packets.json,external_site,UNSPECIFIED_SOURCE_GAP,unlock.first_relay_queue_drift,confirmed
FACT_HECTON8_CORPORATE_RESPONSE_LEDGER_PRIMARY,Docs/Lore/AppliedContent/packets/RS011_COMM_TARIFF_GRAFFITI_MASKS.packets.json,Docs/Lore/AppliedContent/packets/RS011_COMM_TARIFF_GRAFFITI_MASKS.packets.json,external_site,UNSPECIFIED_SOURCE_GAP,unlock.first_corporate_response_ledger,confirmed
FACT_HECTON8_EX_DEEP_REACH_MARAUDER_PRIMARY,Docs/Lore/AppliedContent/packets/RS012_PLAYER_LIABILITY_ESCAPE.packets.json,Docs/Lore/AppliedContent/packets/RS012_PLAYER_LIABILITY_ESCAPE.packets.json,external_site,UNSPECIFIED_SOURCE_GAP,unlock.first_ex_deep_reach_recognition,confirmed
FACT_HECTON8_GREAT_TIDE_LIABILITY_CHAIN_PRIMARY,Docs/Lore/AppliedContent/packets/RS012_PLAYER_LIABILITY_ESCAPE.packets.json,Docs/Lore/AppliedContent/packets/RS012_PLAYER_LIABILITY_ESCAPE.packets.json,external_site,UNSPECIFIED_SOURCE_GAP,unlock.first_great_tide_liability_chain,confirmed
FACT_HECTON8_BLACK_KEEL_CLAIM_HOOKS_PRIMARY,Docs/Lore/AppliedContent/packets/RS012_PLAYER_LIABILITY_ESCAPE.packets.json,Docs/Lore/AppliedContent/packets/RS012_PLAYER_LIABILITY_ESCAPE.packets.json,external_site,UNSPECIFIED_SOURCE_GAP,unlock.first_black_keel_claim_hooks,confirmed
FACT_HECTON8_ESCAPE_CHAIN_ASSEMBLY_PRIMARY,Docs/Lore/AppliedContent/packets/RS012_PLAYER_LIABILITY_ESCAPE.packets.json,Docs/Lore/AppliedContent/packets/RS012_PLAYER_LIABILITY_ESCAPE.packets.json,external_site,UNSPECIFIED_SOURCE_GAP,unlock.first_escape_chain_assembly,confirmed
FACT_HECTON8_FIRST_HOUR_SPINE_PRIMARY,Docs/Lore/AppliedContent/packets/RS012_PLAYER_LIABILITY_ESCAPE.packets.json,Docs/Lore/AppliedContent/packets/RS012_PLAYER_LIABILITY_ESCAPE.packets.json,external_site,UNSPECIFIED_SOURCE_GAP,unlock.first_first_hour_spine,confirmed
FACT_HECTON8_MAINTENANCE_ECOLOGY_PRIMARY,Docs/Lore/AppliedContent/packets/RS013_COLONY_ATLAS_MAINTENANCE.packets.json,Docs/Lore/AppliedContent/packets/RS013_COLONY_ATLAS_MAINTENANCE.packets.json,external_site,UNSPECIFIED_SOURCE_GAP,unlock.first_maintenance_ecology,confirmed
FACT_HECTON8_MARA_VENN_TIDE_MODEL_PRIMARY,Docs/Lore/AppliedContent/packets/RS013_COLONY_ATLAS_MAINTENANCE.packets.json,Docs/Lore/AppliedContent/packets/RS013_COLONY_ATLAS_MAINTENANCE.packets.json,external_site,UNSPECIFIED_SOURCE_GAP,unlock.first_mara_venn_tide_model,confirmed
FACT_HECTON8_JUNO_KADE_EVACUATION_HOLD_PRIMARY,Docs/Lore/AppliedContent/packets/RS013_COLONY_ATLAS_MAINTENANCE.packets.json,Docs/Lore/AppliedContent/packets/RS013_COLONY_ATLAS_MAINTENANCE.packets.json,external_site,UNSPECIFIED_SOURCE_GAP,unlock.first_juno_kade_evacuation_hold,confirmed
FACT_HECTON8_REN_OKOYE_PUMP_63_PRIMARY,Docs/Lore/AppliedContent/packets/RS013_COLONY_ATLAS_MAINTENANCE.packets.json,Docs/Lore/AppliedContent/packets/RS013_COLONY_ATLAS_MAINTENANCE.packets.json,external_site,UNSPECIFIED_SOURCE_GAP,unlock.first_ren_okoye_pump_63,confirmed
FACT_HECTON8_SAHANA_IQBAL_ATLAS_SAFETY_PRIMARY,Docs/Lore/AppliedContent/packets/RS013_COLONY_ATLAS_MAINTENANCE.packets.json,Docs/Lore/AppliedContent/packets/RS013_COLONY_ATLAS_MAINTENANCE.packets.json,external_site,UNSPECIFIED_SOURCE_GAP,unlock.first_sahana_iqbal_atlas_safety,confirmed
FACT_HECTON8_LIAN_TORRES_LAST_PACKET_PRIMARY,Docs/Lore/AppliedContent/packets/RS014_COLONY_RETURN_WINDOWS.packets.json,Docs/Lore/AppliedContent/packets/RS014_COLONY_RETURN_WINDOWS.packets.json,external_site,UNSPECIFIED_SOURCE_GAP,unlock.first_lian_torres_last_packet,confirmed
FACT_HECTON8_OSKAR_NEUMANN_PRESSURE_FORGE_PRIMARY,Docs/Lore/AppliedContent/packets/RS014_COLONY_RETURN_WINDOWS.packets.json,Docs/Lore/AppliedContent/packets/RS014_COLONY_RETURN_WINDOWS.packets.json,external_site,UNSPECIFIED_SOURCE_GAP,unlock.first_oskar_neumann_pressure_forge,confirmed
FACT_HECTON8_AYA_MORITA_REPAIR_MEDICINE_PRIMARY,Docs/Lore/AppliedContent/packets/RS014_COLONY_RETURN_WINDOWS.packets.json,Docs/Lore/AppliedContent/packets/RS014_COLONY_RETURN_WINDOWS.packets.json,external_site,UNSPECIFIED_SOURCE_GAP,unlock.first_aya_morita_repair_medicine,confirmed
FACT_HECTON8_PAVEL_SORN_PROCEDURE_HOLD_PRIMARY,Docs/Lore/AppliedContent/packets/RS014_COLONY_RETURN_WINDOWS.packets.json,Docs/Lore/AppliedContent/packets/RS014_COLONY_RETURN_WINDOWS.packets.json,external_site,UNSPECIFIED_SOURCE_GAP,unlock.first_pavel_sorn_procedure_hold,confirmed
FACT_HECTON8_DEEP_REACH_PRESENT_WINDOWS_PRIMARY,Docs/Lore/AppliedContent/packets/RS014_COLONY_RETURN_WINDOWS.packets.json,Docs/Lore/AppliedContent/packets/RS014_COLONY_RETURN_WINDOWS.packets.json,external_site,UNSPECIFIED_SOURCE_GAP,unlock.first_deep_reach_present_windows,confirmed
FACT_HUMAN_SOL_CORE_AUTHORITY_PRIMARY,Docs/Lore/AppliedContent/packets/RS015_HUMAN_DOMAINS_ROUTE_ECONOMY.packets.json,Docs/Lore/AppliedContent/packets/RS015_HUMAN_DOMAINS_ROUTE_ECONOMY.packets.json,external_site,UNSPECIFIED_SOURCE_GAP,unlock.first_sol_core_authority,confirmed
FACT_HUMAN_CENTAURI_COMPACT_LEGITIMACY_PRIMARY,Docs/Lore/AppliedContent/packets/RS015_HUMAN_DOMAINS_ROUTE_ECONOMY.packets.json,Docs/Lore/AppliedContent/packets/RS015_HUMAN_DOMAINS_ROUTE_ECONOMY.packets.json,external_site,UNSPECIFIED_SOURCE_GAP,unlock.first_centauri_compact_legitimacy,confirmed
FACT_HUMAN_BARNARD_YARDS_MARAUDER_ORIGIN_PRIMARY,Docs/Lore/AppliedContent/packets/RS015_HUMAN_DOMAINS_ROUTE_ECONOMY.packets.json,Docs/Lore/AppliedContent/packets/RS015_HUMAN_DOMAINS_ROUTE_ECONOMY.packets.json,external_site,UNSPECIFIED_SOURCE_GAP,unlock.first_barnard_yards_marauder_origin,confirmed
FACT_HUMAN_TAU_CETI_PUBLIC_LEDGER_PRIMARY,Docs/Lore/AppliedContent/packets/RS015_HUMAN_DOMAINS_ROUTE_ECONOMY.packets.json,Docs/Lore/AppliedContent/packets/RS015_HUMAN_DOMAINS_ROUTE_ECONOMY.packets.json,external_site,UNSPECIFIED_SOURCE_GAP,unlock.first_tau_ceti_public_ledger,confirmed
FACT_HUMAN_LUYTEN_JUNCTION_PACKET_CUSTODY_PRIMARY,Docs/Lore/AppliedContent/packets/RS015_HUMAN_DOMAINS_ROUTE_ECONOMY.packets.json,Docs/Lore/AppliedContent/packets/RS015_HUMAN_DOMAINS_ROUTE_ECONOMY.packets.json,external_site,UNSPECIFIED_SOURCE_GAP,unlock.first_luyten_junction_packet_custody,confirmed
FACT_AEGIR_RAN_AEGIR_ANCHOR_PRIMARY,Docs/Lore/AppliedContent/packets/RS016_AEGIR_SYSTEM_MOON_LADDER.packets.json,Docs/Lore/AppliedContent/packets/RS016_AEGIR_SYSTEM_MOON_LADDER.packets.json,external_site,UNSPECIFIED_SOURCE_GAP,unlock.first_ran_aegir_anchor,confirmed
FACT_AEGIR_MOON_LADDER_PRIMARY,Docs/Lore/AppliedContent/packets/RS016_AEGIR_SYSTEM_MOON_LADDER.packets.json,Docs/Lore/AppliedContent/packets/RS016_AEGIR_SYSTEM_MOON_LADDER.packets.json,external_site,UNSPECIFIED_SOURCE_GAP,unlock.first_aegir_moon_ladder,confirmed
FACT_AEGIR_INNER_MOON_RELAY_HAZARDS_PRIMARY,Docs/Lore/AppliedContent/packets/RS016_AEGIR_SYSTEM_MOON_LADDER.packets.json,Docs/Lore/AppliedContent/packets/RS016_AEGIR_SYSTEM_MOON_LADDER.packets.json,external_site,UNSPECIFIED_SOURCE_GAP,unlock.first_inner_moon_relay_hazards,confirmed
FACT_AEGIR_HECTON8_ORBIT_TIDE_GEOMETRY_PRIMARY,Docs/Lore/AppliedContent/packets/RS016_AEGIR_SYSTEM_MOON_LADDER.packets.json,Docs/Lore/AppliedContent/packets/RS016_AEGIR_SYSTEM_MOON_LADDER.packets.json,external_site,UNSPECIFIED_SOURCE_GAP,unlock.first_hecton8_orbit_tide_geometry,confirmed
FACT_AEGIR_OUTER_MOON_COLD_CLAIMS_PRIMARY,Docs/Lore/AppliedContent/packets/RS016_AEGIR_SYSTEM_MOON_LADDER.packets.json,Docs/Lore/AppliedContent/packets/RS016_AEGIR_SYSTEM_MOON_LADDER.packets.json,external_site,UNSPECIFIED_SOURCE_GAP,unlock.first_outer_moon_cold_claims,confirmed
FACT_HECTON8_GREAT_TIDE_PHYSICS_RECORD_PRIMARY,Docs/Lore/AppliedContent/packets/RS017_HECTON8_GEOLOGY_RESOURCE_ECOLOGY.packets.json,Docs/Lore/AppliedContent/packets/RS017_HECTON8_GEOLOGY_RESOURCE_ECOLOGY.packets.json,external_site,UNSPECIFIED_SOURCE_GAP,unlock.first_great_tide_physics_record,confirmed
FACT_HECTON8_PRESSURE_GLASS_FORMATION_PRIMARY,Docs/Lore/AppliedContent/packets/RS017_HECTON8_GEOLOGY_RESOURCE_ECOLOGY.packets.json,Docs/Lore/AppliedContent/packets/RS017_HECTON8_GEOLOGY_RESOURCE_ECOLOGY.packets.json,external_site,UNSPECIFIED_SOURCE_GAP,unlock.first_pressure_glass_formation,confirmed
FACT_HECTON8_BRINE_CANYON_ROUTE_LADDER_PRIMARY,Docs/Lore/AppliedContent/packets/RS017_HECTON8_GEOLOGY_RESOURCE_ECOLOGY.packets.json,Docs/Lore/AppliedContent/packets/RS017_HECTON8_GEOLOGY_RESOURCE_ECOLOGY.packets.json,external_site,UNSPECIFIED_SOURCE_GAP,unlock.first_brine_canyon_route_ladder,confirmed
FACT_HECTON8_VENT_FORGE_GEOTHERMAL_ENGINE_PRIMARY,Docs/Lore/AppliedContent/packets/RS017_HECTON8_GEOLOGY_RESOURCE_ECOLOGY.packets.json,Docs/Lore/AppliedContent/packets/RS017_HECTON8_GEOLOGY_RESOURCE_ECOLOGY.packets.json,external_site,UNSPECIFIED_SOURCE_GAP,unlock.first_vent_forge_geothermal_engine,confirmed
FACT_HECTON8_BIOMETAL_RESOURCE_STACK_PRIMARY,Docs/Lore/AppliedContent/packets/RS017_HECTON8_GEOLOGY_RESOURCE_ECOLOGY.packets.json,Docs/Lore/AppliedContent/packets/RS017_HECTON8_GEOLOGY_RESOURCE_ECOLOGY.packets.json,external_site,UNSPECIFIED_SOURCE_GAP,unlock.first_biometal_resource_stack,confirmed
FACT_CARRIER_AEGIR_RECLAMATION_POOL_PRIMARY,Docs/Lore/AppliedContent/packets/RS018_CARRIER_DEBT_CLAIM_AUTHORITY.packets.json,Docs/Lore/AppliedContent/packets/RS018_CARRIER_DEBT_CLAIM_AUTHORITY.packets.json,external_site,UNSPECIFIED_SOURCE_GAP,unlock.first_aegir_reclamation_pool,confirmed
FACT_CARRIER_KEELMARK_MUTUAL_CUSTODY_PRIMARY,Docs/Lore/AppliedContent/packets/RS018_CARRIER_DEBT_CLAIM_AUTHORITY.packets.json,Docs/Lore/AppliedContent/packets/RS018_CARRIER_DEBT_CLAIM_AUTHORITY.packets.json,external_site,UNSPECIFIED_SOURCE_GAP,unlock.first_keelmark_mutual_custody,confirmed
FACT_CARRIER_TONNE_WINDOW_DEBT_PRIMARY,Docs/Lore/AppliedContent/packets/RS018_CARRIER_DEBT_CLAIM_AUTHORITY.packets.json,Docs/Lore/AppliedContent/packets/RS018_CARRIER_DEBT_CLAIM_AUTHORITY.packets.json,external_site,UNSPECIFIED_SOURCE_GAP,unlock.first_tonne_window_debt,confirmed
FACT_CARRIER_BLACK_KEEL_FIRST_VOICE_PRIMARY,Docs/Lore/AppliedContent/packets/RS018_CARRIER_DEBT_CLAIM_AUTHORITY.packets.json,Docs/Lore/AppliedContent/packets/RS018_CARRIER_DEBT_CLAIM_AUTHORITY.packets.json,external_site,UNSPECIFIED_SOURCE_GAP,unlock.first_black_keel_first_voice,confirmed
FACT_CARRIER_DEEP_REACH_PRIORITY_HOOK_PRIMARY,Docs/Lore/AppliedContent/packets/RS018_CARRIER_DEBT_CLAIM_AUTHORITY.packets.json,Docs/Lore/AppliedContent/packets/RS018_CARRIER_DEBT_CLAIM_AUTHORITY.packets.json,external_site,UNSPECIFIED_SOURCE_GAP,unlock.first_deep_reach_priority_hook,confirmed
FACT_HECTON8_COLLISION_FRACTURED_MOON_PRIMARY,Docs/Lore/AppliedContent/packets/RS019_HECTON8_PHYSICAL_ATLAS_DEPTH_BANDS.packets.json,Docs/Lore/AppliedContent/packets/RS019_HECTON8_PHYSICAL_ATLAS_DEPTH_BANDS.packets.json,external_site,UNSPECIFIED_SOURCE_GAP,unlock.first_collision_fractured_moon,confirmed
FACT_HECTON8_GLOBAL_OCEAN_DEPTH_BANDS_PRIMARY,Docs/Lore/AppliedContent/packets/RS019_HECTON8_PHYSICAL_ATLAS_DEPTH_BANDS.packets.json,Docs/Lore/AppliedContent/packets/RS019_HECTON8_PHYSICAL_ATLAS_DEPTH_BANDS.packets.json,external_site,UNSPECIFIED_SOURCE_GAP,unlock.first_global_ocean_depth_bands,confirmed
FACT_HECTON8_ACCESSIBLE_SEAFLOOR_WINDOWS_PRIMARY,Docs/Lore/AppliedContent/packets/RS019_HECTON8_PHYSICAL_ATLAS_DEPTH_BANDS.packets.json,Docs/Lore/AppliedContent/packets/RS019_HECTON8_PHYSICAL_ATLAS_DEPTH_BANDS.packets.json,external_site,UNSPECIFIED_SOURCE_GAP,unlock.first_accessible_seafloor_windows,confirmed
FACT_HECTON8_SEED_GEOLOGY_INVARIANTS_PRIMARY,Docs/Lore/AppliedContent/packets/RS019_HECTON8_PHYSICAL_ATLAS_DEPTH_BANDS.packets.json,Docs/Lore/AppliedContent/packets/RS019_HECTON8_PHYSICAL_ATLAS_DEPTH_BANDS.packets.json,external_site,UNSPECIFIED_SOURCE_GAP,unlock.first_seed_geology_invariants,confirmed
FACT_HECTON8_PRESSURE_CONTAINMENT_FAILURE_PRIMARY,Docs/Lore/AppliedContent/packets/RS019_HECTON8_PHYSICAL_ATLAS_DEPTH_BANDS.packets.json,Docs/Lore/AppliedContent/packets/RS019_HECTON8_PHYSICAL_ATLAS_DEPTH_BANDS.packets.json,external_site,UNSPECIFIED_SOURCE_GAP,unlock.first_pressure_containment_failure,confirmed
FACT_ATLAS_ATLAS_PERSON_BOUNDARY_PRIMARY,Docs/Lore/AppliedContent/packets/RS020_ATLAS_ENDING_AGENCY_DOSSIER.packets.json,Docs/Lore/AppliedContent/packets/RS020_ATLAS_ENDING_AGENCY_DOSSIER.packets.json,external_site,UNSPECIFIED_SOURCE_GAP,unlock.first_atlas_person_boundary,confirmed
FACT_DEEP_REACH_RECOVERY_COMPLIANCE_OFFICE_PRIMARY,Docs/Lore/AppliedContent/packets/RS020_ATLAS_ENDING_AGENCY_DOSSIER.packets.json,Docs/Lore/AppliedContent/packets/RS020_ATLAS_ENDING_AGENCY_DOSSIER.packets.json,external_site,UNSPECIFIED_SOURCE_GAP,unlock.first_recovery_compliance_office,confirmed
FACT_ENDINGS_FALSE_ENDING_TAXONOMY_PRIMARY,Docs/Lore/AppliedContent/packets/RS020_ATLAS_ENDING_AGENCY_DOSSIER.packets.json,Docs/Lore/AppliedContent/packets/RS020_ATLAS_ENDING_AGENCY_DOSSIER.packets.json,external_site,UNSPECIFIED_SOURCE_GAP,unlock.first_false_ending_taxonomy,confirmed
FACT_PROGRESSION_MARAUDER_DOSSIER_PERSISTENCE_PRIMARY,Docs/Lore/AppliedContent/packets/RS020_ATLAS_ENDING_AGENCY_DOSSIER.packets.json,Docs/Lore/AppliedContent/packets/RS020_ATLAS_ENDING_AGENCY_DOSSIER.packets.json,external_site,UNSPECIFIED_SOURCE_GAP,unlock.first_marauder_dossier_persistence,confirmed
FACT_ENDINGS_FINAL_CHOICE_PAYLOAD_PRIMARY,Docs/Lore/AppliedContent/packets/RS020_ATLAS_ENDING_AGENCY_DOSSIER.packets.json,Docs/Lore/AppliedContent/packets/RS020_ATLAS_ENDING_AGENCY_DOSSIER.packets.json,external_site,UNSPECIFIED_SOURCE_GAP,unlock.first_final_choice_payload,confirmed
FACT_HUMAN_SPACE_NO_FTL_ROUTE_ECONOMY_PRIMARY,Docs/Lore/AppliedContent/packets/RS021_INTERSTELLAR_TRANSIT_ROUTE_HISTORY.packets.json,Docs/Lore/AppliedContent/packets/RS021_INTERSTELLAR_TRANSIT_ROUTE_HISTORY.packets.json,external_site,UNSPECIFIED_SOURCE_GAP,unlock.first_no_ftl_route_economy,confirmed
FACT_HUMAN_SPACE_BEAM_SAIL_PROBE_ERA_PRIMARY,Docs/Lore/AppliedContent/packets/RS021_INTERSTELLAR_TRANSIT_ROUTE_HISTORY.packets.json,Docs/Lore/AppliedContent/packets/RS021_INTERSTELLAR_TRANSIT_ROUTE_HISTORY.packets.json,external_site,UNSPECIFIED_SOURCE_GAP,unlock.first_beam_sail_probe_era,confirmed
FACT_HUMAN_SPACE_PELLET_FUSION_FREIGHT_PRIMARY,Docs/Lore/AppliedContent/packets/RS021_INTERSTELLAR_TRANSIT_ROUTE_HISTORY.packets.json,Docs/Lore/AppliedContent/packets/RS021_INTERSTELLAR_TRANSIT_ROUTE_HISTORY.packets.json,external_site,UNSPECIFIED_SOURCE_GAP,unlock.first_pellet_fusion_freight,confirmed
FACT_AEGIR_RAN_B_H8_PUBLIC_CATALOG_PRIMARY,Docs/Lore/AppliedContent/packets/RS021_INTERSTELLAR_TRANSIT_ROUTE_HISTORY.packets.json,Docs/Lore/AppliedContent/packets/RS021_INTERSTELLAR_TRANSIT_ROUTE_HISTORY.packets.json,external_site,UNSPECIFIED_SOURCE_GAP,unlock.first_ran_b_h8_public_catalog,confirmed
FACT_BLACK_KEEL_IN_SYSTEM_TENDER_LIMIT_PRIMARY,Docs/Lore/AppliedContent/packets/RS021_INTERSTELLAR_TRANSIT_ROUTE_HISTORY.packets.json,Docs/Lore/AppliedContent/packets/RS021_INTERSTELLAR_TRANSIT_ROUTE_HISTORY.packets.json,external_site,UNSPECIFIED_SOURCE_GAP,unlock.first_black_keel_in_system_tender,confirmed
FACT_DEEP_REACH_ILIYA_VARNEK_TIDE_MARGIN_PRIMARY,Docs/Lore/AppliedContent/packets/RS022_DEEP_REACH_SIGNOFF_CHAIN.packets.json,Docs/Lore/AppliedContent/packets/RS022_DEEP_REACH_SIGNOFF_CHAIN.packets.json,external_site,UNSPECIFIED_SOURCE_GAP,unlock.first_iliya_varnek_tide_margin,confirmed
FACT_DEEP_REACH_SELENE_ARENDT_ATLAS_WEIGHTING_PRIMARY,Docs/Lore/AppliedContent/packets/RS022_DEEP_REACH_SIGNOFF_CHAIN.packets.json,Docs/Lore/AppliedContent/packets/RS022_DEEP_REACH_SIGNOFF_CHAIN.packets.json,external_site,UNSPECIFIED_SOURCE_GAP,unlock.first_selene_arendt_atlas_weighting,confirmed
FACT_DEEP_REACH_NOOR_HALDANE_EVAC_CERT_PRIMARY,Docs/Lore/AppliedContent/packets/RS022_DEEP_REACH_SIGNOFF_CHAIN.packets.json,Docs/Lore/AppliedContent/packets/RS022_DEEP_REACH_SIGNOFF_CHAIN.packets.json,external_site,UNSPECIFIED_SOURCE_GAP,unlock.first_noor_haldane_evac_cert,confirmed
FACT_DEEP_REACH_MAREK_IBARRA_LOSS_CONVERSION_PRIMARY,Docs/Lore/AppliedContent/packets/RS022_DEEP_REACH_SIGNOFF_CHAIN.packets.json,Docs/Lore/AppliedContent/packets/RS022_DEEP_REACH_SIGNOFF_CHAIN.packets.json,external_site,UNSPECIFIED_SOURCE_GAP,unlock.first_marek_ibarra_loss_conversion,confirmed
FACT_DEEP_REACH_VERA_SATO_REN_RETURN_ACTION_PRIMARY,Docs/Lore/AppliedContent/packets/RS022_DEEP_REACH_SIGNOFF_CHAIN.packets.json,Docs/Lore/AppliedContent/packets/RS022_DEEP_REACH_SIGNOFF_CHAIN.packets.json,external_site,UNSPECIFIED_SOURCE_GAP,unlock.first_vera_sato_ren_return_action,confirmed
FACT_FIRST_HOUR_MANUAL_BILGE_PUMP_KIT_PRIMARY,Docs/Lore/AppliedContent/packets/RS023_FIRST_TOOL_CHAIN_SURVIVAL_GATE.packets.json,Docs/Lore/AppliedContent/packets/RS023_FIRST_TOOL_CHAIN_SURVIVAL_GATE.packets.json,external_site,UNSPECIFIED_SOURCE_GAP,unlock.first_manual_bilge_pump_kit,confirmed
FACT_FIRST_HOUR_COLD_SEALANT_PATCH_GUN_PRIMARY,Docs/Lore/AppliedContent/packets/RS023_FIRST_TOOL_CHAIN_SURVIVAL_GATE.packets.json,Docs/Lore/AppliedContent/packets/RS023_FIRST_TOOL_CHAIN_SURVIVAL_GATE.packets.json,external_site,UNSPECIFIED_SOURCE_GAP,unlock.first_cold_sealant_patch_gun,confirmed
FACT_FIRST_HOUR_LOW_POWER_INDUCTION_CUTTER_PRIMARY,Docs/Lore/AppliedContent/packets/RS023_FIRST_TOOL_CHAIN_SURVIVAL_GATE.packets.json,Docs/Lore/AppliedContent/packets/RS023_FIRST_TOOL_CHAIN_SURVIVAL_GATE.packets.json,external_site,UNSPECIFIED_SOURCE_GAP,unlock.first_low_power_induction_cutter,confirmed
FACT_FIRST_HOUR_ACOUSTIC_PINGER_LINE_PRIMARY,Docs/Lore/AppliedContent/packets/RS023_FIRST_TOOL_CHAIN_SURVIVAL_GATE.packets.json,Docs/Lore/AppliedContent/packets/RS023_FIRST_TOOL_CHAIN_SURVIVAL_GATE.packets.json,external_site,UNSPECIFIED_SOURCE_GAP,unlock.first_acoustic_pinger_line,confirmed
FACT_FIRST_HOUR_P63_FIELD_FABRICATOR_PRIMARY,Docs/Lore/AppliedContent/packets/RS023_FIRST_TOOL_CHAIN_SURVIVAL_GATE.packets.json,Docs/Lore/AppliedContent/packets/RS023_FIRST_TOOL_CHAIN_SURVIVAL_GATE.packets.json,external_site,UNSPECIFIED_SOURCE_GAP,unlock.first_p63_field_fabricator,confirmed
FACT_RESOURCES_NATIVE_SULFIDE_SALT_STACK_PRIMARY,Docs/Lore/AppliedContent/packets/RS024_RESOURCE_RECIPE_TAXONOMY.packets.json,Docs/Lore/AppliedContent/packets/RS024_RESOURCE_RECIPE_TAXONOMY.packets.json,external_site,UNSPECIFIED_SOURCE_GAP,unlock.first_native_sulfide_salt_stack,confirmed
FACT_RESOURCES_NOBLE_GAS_BRINE_POCKETS_PRIMARY,Docs/Lore/AppliedContent/packets/RS024_RESOURCE_RECIPE_TAXONOMY.packets.json,Docs/Lore/AppliedContent/packets/RS024_RESOURCE_RECIPE_TAXONOMY.packets.json,external_site,UNSPECIFIED_SOURCE_GAP,unlock.first_noble_gas_brine_pockets,confirmed
FACT_RESOURCES_DEEP_REACH_PRESSURE_CERAMICS_PRIMARY,Docs/Lore/AppliedContent/packets/RS024_RESOURCE_RECIPE_TAXONOMY.packets.json,Docs/Lore/AppliedContent/packets/RS024_RESOURCE_RECIPE_TAXONOMY.packets.json,external_site,UNSPECIFIED_SOURCE_GAP,unlock.first_deep_reach_pressure_ceramics,confirmed
FACT_RESOURCES_ATLAS_BIOFIBER_SEALANT_PRIMARY,Docs/Lore/AppliedContent/packets/RS024_RESOURCE_RECIPE_TAXONOMY.packets.json,Docs/Lore/AppliedContent/packets/RS024_RESOURCE_RECIPE_TAXONOMY.packets.json,external_site,UNSPECIFIED_SOURCE_GAP,unlock.first_atlas_biofiber_sealant,confirmed
FACT_RESOURCES_BIOMETAL_SENSOR_TAGS_PRIMARY,Docs/Lore/AppliedContent/packets/RS024_RESOURCE_RECIPE_TAXONOMY.packets.json,Docs/Lore/AppliedContent/packets/RS024_RESOURCE_RECIPE_TAXONOMY.packets.json,external_site,UNSPECIFIED_SOURCE_GAP,unlock.first_biometal_sensor_tags,confirmed
FACT_HUMAN_SPACE_DOMAIN_CIVIC_CORPORATE_SPLIT_PRIMARY,Docs/Lore/AppliedContent/packets/RS025_HUMAN_LAW_PUBLIC_MEMORY.packets.json,Docs/Lore/AppliedContent/packets/RS025_HUMAN_LAW_PUBLIC_MEMORY.packets.json,external_site,UNSPECIFIED_SOURCE_GAP,unlock.domain_civic_corporate_split,confirmed
FACT_HUMAN_SPACE_MARAUDER_LEGAL_LOOPHOLE_PRIMARY,Docs/Lore/AppliedContent/packets/RS025_HUMAN_LAW_PUBLIC_MEMORY.packets.json,Docs/Lore/AppliedContent/packets/RS025_HUMAN_LAW_PUBLIC_MEMORY.packets.json,external_site,UNSPECIFIED_SOURCE_GAP,unlock.marauder_legal_loophole,confirmed
FACT_HUMAN_SPACE_SALVAGE_TRUTH_EVIDENCE_STATUS_PRIMARY,Docs/Lore/AppliedContent/packets/RS025_HUMAN_LAW_PUBLIC_MEMORY.packets.json,Docs/Lore/AppliedContent/packets/RS025_HUMAN_LAW_PUBLIC_MEMORY.packets.json,external_site,UNSPECIFIED_SOURCE_GAP,unlock.salvage_truth_evidence_status,confirmed
FACT_HUMAN_SPACE_NORMAL_CITIZEN_AEGIR_MEMORY_PRIMARY,Docs/Lore/AppliedContent/packets/RS025_HUMAN_LAW_PUBLIC_MEMORY.packets.json,Docs/Lore/AppliedContent/packets/RS025_HUMAN_LAW_PUBLIC_MEMORY.packets.json,external_site,UNSPECIFIED_SOURCE_GAP,unlock.normal_citizen_aegir_memory,confirmed
FACT_HUMAN_SPACE_DEEP_REACH_ORIGIN_CHAIN_PRIMARY,Docs/Lore/AppliedContent/packets/RS025_HUMAN_LAW_PUBLIC_MEMORY.packets.json,Docs/Lore/AppliedContent/packets/RS025_HUMAN_LAW_PUBLIC_MEMORY.packets.json,external_site,UNSPECIFIED_SOURCE_GAP,unlock.deep_reach_origin_chain,confirmed
FACT_ATLAS_PUBLIC_FRONT_PRIMARY,Docs/Lore/AppliedContent/packets/RS026_ATLAS_PUBLIC_AUTHORITY_CLASSIFICATION.packets.json,Docs/Lore/AppliedContent/packets/RS026_ATLAS_PUBLIC_AUTHORITY_CLASSIFICATION.packets.json,external_site,UNSPECIFIED_SOURCE_GAP,unlock.atlas_public_front,confirmed
FACT_ATLAS_INSURANCE_PERSONHOOD_STATUS_PRIMARY,Docs/Lore/AppliedContent/packets/RS026_ATLAS_PUBLIC_AUTHORITY_CLASSIFICATION.packets.json,Docs/Lore/AppliedContent/packets/RS026_ATLAS_PUBLIC_AUTHORITY_CLASSIFICATION.packets.json,external_site,UNSPECIFIED_SOURCE_GAP,unlock.atlas_insurance_personhood_status,confirmed
FACT_ATLAS_CLASSIFIED_WEIGHTING_LAYER_PRIMARY,Docs/Lore/AppliedContent/packets/RS026_ATLAS_PUBLIC_AUTHORITY_CLASSIFICATION.packets.json,Docs/Lore/AppliedContent/packets/RS026_ATLAS_PUBLIC_AUTHORITY_CLASSIFICATION.packets.json,external_site,UNSPECIFIED_SOURCE_GAP,unlock.atlas_classified_weighting_layer,confirmed
FACT_ATLAS_SHUTDOWN_ETHIC_FRAME_PRIMARY,Docs/Lore/AppliedContent/packets/RS026_ATLAS_PUBLIC_AUTHORITY_CLASSIFICATION.packets.json,Docs/Lore/AppliedContent/packets/RS026_ATLAS_PUBLIC_AUTHORITY_CLASSIFICATION.packets.json,external_site,UNSPECIFIED_SOURCE_GAP,unlock.atlas_shutdown_ethic_frame,confirmed
FACT_ATLAS_PUBLIC_MEMORY_AFTER_2147_PRIMARY,Docs/Lore/AppliedContent/packets/RS026_ATLAS_PUBLIC_AUTHORITY_CLASSIFICATION.packets.json,Docs/Lore/AppliedContent/packets/RS026_ATLAS_PUBLIC_AUTHORITY_CLASSIFICATION.packets.json,external_site,UNSPECIFIED_SOURCE_GAP,unlock.atlas_public_memory_after_2147,confirmed
FACT_ENDINGS_MATERIAL_EXIT_BITTER_CREDITS_PRIMARY,Docs/Lore/AppliedContent/packets/RS027_FALSE_EXIT_RETURN_PRESSURE.packets.json,Docs/Lore/AppliedContent/packets/RS027_FALSE_EXIT_RETURN_PRESSURE.packets.json,external_site,UNSPECIFIED_SOURCE_GAP,unlock.material_exit_bitter_credits,confirmed
FACT_ENDINGS_PARTIAL_EXIT_SAME_SEED_RETURN_PRIMARY,Docs/Lore/AppliedContent/packets/RS027_FALSE_EXIT_RETURN_PRESSURE.packets.json,Docs/Lore/AppliedContent/packets/RS027_FALSE_EXIT_RETURN_PRESSURE.packets.json,external_site,UNSPECIFIED_SOURCE_GAP,unlock.partial_exit_same_seed_return,confirmed
FACT_ENDINGS_CORPORATE_CAPTURE_BAD_END_PRIMARY,Docs/Lore/AppliedContent/packets/RS027_FALSE_EXIT_RETURN_PRESSURE.packets.json,Docs/Lore/AppliedContent/packets/RS027_FALSE_EXIT_RETURN_PRESSURE.packets.json,external_site,UNSPECIFIED_SOURCE_GAP,unlock.corporate_capture_bad_end,confirmed
FACT_ENDINGS_QUARANTINE_HOLD_STALE_AIR_PRIMARY,Docs/Lore/AppliedContent/packets/RS027_FALSE_EXIT_RETURN_PRESSURE.packets.json,Docs/Lore/AppliedContent/packets/RS027_FALSE_EXIT_RETURN_PRESSURE.packets.json,external_site,UNSPECIFIED_SOURCE_GAP,unlock.quarantine_hold_stale_air,confirmed
FACT_ENDINGS_PUBLIC_LEDGER_LEAK_ROUTE_PRIMARY,Docs/Lore/AppliedContent/packets/RS027_FALSE_EXIT_RETURN_PRESSURE.packets.json,Docs/Lore/AppliedContent/packets/RS027_FALSE_EXIT_RETURN_PRESSURE.packets.json,external_site,UNSPECIFIED_SOURCE_GAP,unlock.public_ledger_leak_route,confirmed
FACT_REPLAY_DOSSIER_RUMOR_UNLOCKS_PRIMARY,Docs/Lore/AppliedContent/packets/RS028_REPLAY_CONTRACT_DOSSIER_RULES.packets.json,Docs/Lore/AppliedContent/packets/RS028_REPLAY_CONTRACT_DOSSIER_RULES.packets.json,external_site,UNSPECIFIED_SOURCE_GAP,unlock.dossier_rumor_unlocks,confirmed
FACT_REPLAY_RISKIER_CONTRACT_SEEDS_PRIMARY,Docs/Lore/AppliedContent/packets/RS028_REPLAY_CONTRACT_DOSSIER_RULES.packets.json,Docs/Lore/AppliedContent/packets/RS028_REPLAY_CONTRACT_DOSSIER_RULES.packets.json,external_site,UNSPECIFIED_SOURCE_GAP,unlock.riskier_contract_seeds,confirmed
FACT_REPLAY_FALSE_ENDING_COUNT_LADDER_PRIMARY,Docs/Lore/AppliedContent/packets/RS028_REPLAY_CONTRACT_DOSSIER_RULES.packets.json,Docs/Lore/AppliedContent/packets/RS028_REPLAY_CONTRACT_DOSSIER_RULES.packets.json,external_site,UNSPECIFIED_SOURCE_GAP,unlock.false_ending_count_ladder,confirmed
FACT_REPLAY_STARTING_CLAIM_VARIANTS_PRIMARY,Docs/Lore/AppliedContent/packets/RS028_REPLAY_CONTRACT_DOSSIER_RULES.packets.json,Docs/Lore/AppliedContent/packets/RS028_REPLAY_CONTRACT_DOSSIER_RULES.packets.json,external_site,UNSPECIFIED_SOURCE_GAP,unlock.starting_claim_variants,confirmed
FACT_REPLAY_DOSSIER_KNOWLEDGE_NOT_POWER_PRIMARY,Docs/Lore/AppliedContent/packets/RS028_REPLAY_CONTRACT_DOSSIER_RULES.packets.json,Docs/Lore/AppliedContent/packets/RS028_REPLAY_CONTRACT_DOSSIER_RULES.packets.json,external_site,UNSPECIFIED_SOURCE_GAP,unlock.dossier_knowledge_not_power,confirmed
FACT_ROUTE_TIME_RAN_AEGIR_DISTANCE_MODEL_PRIMARY,Docs/Lore/AppliedContent/packets/RS029_ROUTE_TIME_DISTANCE_MODEL.packets.json,Docs/Lore/AppliedContent/packets/RS029_ROUTE_TIME_DISTANCE_MODEL.packets.json,external_site,UNSPECIFIED_SOURCE_GAP,unlock.ran_aegir_distance_model,confirmed
FACT_ROUTE_TIME_PROBE_PACKET_TRAVEL_TIMES_PRIMARY,Docs/Lore/AppliedContent/packets/RS029_ROUTE_TIME_DISTANCE_MODEL.packets.json,Docs/Lore/AppliedContent/packets/RS029_ROUTE_TIME_DISTANCE_MODEL.packets.json,external_site,UNSPECIFIED_SOURCE_GAP,unlock.probe_packet_travel_times,confirmed
FACT_ROUTE_TIME_HEAVY_FREIGHT_STAGING_TIME_PRIMARY,Docs/Lore/AppliedContent/packets/RS029_ROUTE_TIME_DISTANCE_MODEL.packets.json,Docs/Lore/AppliedContent/packets/RS029_ROUTE_TIME_DISTANCE_MODEL.packets.json,external_site,UNSPECIFIED_SOURCE_GAP,unlock.heavy_freight_staging_time,confirmed
FACT_ROUTE_TIME_HUMAN_CREW_ROTATION_TRANSIT_PRIMARY,Docs/Lore/AppliedContent/packets/RS029_ROUTE_TIME_DISTANCE_MODEL.packets.json,Docs/Lore/AppliedContent/packets/RS029_ROUTE_TIME_DISTANCE_MODEL.packets.json,external_site,UNSPECIFIED_SOURCE_GAP,unlock.human_crew_rotation_transit,confirmed
FACT_ROUTE_TIME_RELAY_MESSAGE_LAG_PRIMARY,Docs/Lore/AppliedContent/packets/RS029_ROUTE_TIME_DISTANCE_MODEL.packets.json,Docs/Lore/AppliedContent/packets/RS029_ROUTE_TIME_DISTANCE_MODEL.packets.json,external_site,UNSPECIFIED_SOURCE_GAP,unlock.relay_message_lag,confirmed
FACT_DEEP_REACH_ORG_DEEP_REACH_PUBLIC_COMBINE_PRIMARY,Docs/Lore/AppliedContent/packets/RS030_DEEP_REACH_SHELL_ORG_CHART.packets.json,Docs/Lore/AppliedContent/packets/RS030_DEEP_REACH_SHELL_ORG_CHART.packets.json,external_site,UNSPECIFIED_SOURCE_GAP,unlock.deep_reach_public_combine,confirmed
FACT_DEEP_REACH_ORG_AEGIR_CONTINUITY_HOLDINGS_PRIMARY,Docs/Lore/AppliedContent/packets/RS030_DEEP_REACH_SHELL_ORG_CHART.packets.json,Docs/Lore/AppliedContent/packets/RS030_DEEP_REACH_SHELL_ORG_CHART.packets.json,external_site,UNSPECIFIED_SOURCE_GAP,unlock.aegir_continuity_holdings,confirmed
FACT_DEEP_REACH_ORG_ATLAS_CONTINUITY_OFFICE_PRIMARY,Docs/Lore/AppliedContent/packets/RS030_DEEP_REACH_SHELL_ORG_CHART.packets.json,Docs/Lore/AppliedContent/packets/RS030_DEEP_REACH_SHELL_ORG_CHART.packets.json,external_site,UNSPECIFIED_SOURCE_GAP,unlock.atlas_continuity_office,confirmed
FACT_DEEP_REACH_ORG_KEELMARK_LOSS_DESK_PRIMARY,Docs/Lore/AppliedContent/packets/RS030_DEEP_REACH_SHELL_ORG_CHART.packets.json,Docs/Lore/AppliedContent/packets/RS030_DEEP_REACH_SHELL_ORG_CHART.packets.json,external_site,UNSPECIFIED_SOURCE_GAP,unlock.keelmark_loss_desk,confirmed
FACT_DEEP_REACH_ORG_RECOVERY_COMPLIANCE_CHAIN_PRIMARY,Docs/Lore/AppliedContent/packets/RS030_DEEP_REACH_SHELL_ORG_CHART.packets.json,Docs/Lore/AppliedContent/packets/RS030_DEEP_REACH_SHELL_ORG_CHART.packets.json,external_site,UNSPECIFIED_SOURCE_GAP,unlock.recovery_compliance_chain,confirmed
FACT_FIRST_HOUR_BLACK_KEEL_CONTRACT_APPROACH_PRIMARY,Docs/Lore/AppliedContent/packets/RS031_FIRST_HOUR_PLAYABLE_SPINE.packets.json,Docs/Lore/AppliedContent/packets/RS031_FIRST_HOUR_PLAYABLE_SPINE.packets.json,external_site,UNSPECIFIED_SOURCE_GAP,unlock.black_keel_contract_approach,confirmed
FACT_FIRST_HOUR_DROP_CAPSULE_DAMAGE_SEQUENCE_PRIMARY,Docs/Lore/AppliedContent/packets/RS031_FIRST_HOUR_PLAYABLE_SPINE.packets.json,Docs/Lore/AppliedContent/packets/RS031_FIRST_HOUR_PLAYABLE_SPINE.packets.json,external_site,UNSPECIFIED_SOURCE_GAP,unlock.drop_capsule_damage_sequence,confirmed
FACT_FIRST_HOUR_SHALLOW_ANNEX_P63_PUMP_ROOM_PRIMARY,Docs/Lore/AppliedContent/packets/RS031_FIRST_HOUR_PLAYABLE_SPINE.packets.json,Docs/Lore/AppliedContent/packets/RS031_FIRST_HOUR_PLAYABLE_SPINE.packets.json,external_site,UNSPECIFIED_SOURCE_GAP,unlock.shallow_annex_p63_pump_room,confirmed
FACT_FIRST_HOUR_FIRST_SANITIZED_ACCIDENT_PACKET_PRIMARY,Docs/Lore/AppliedContent/packets/RS031_FIRST_HOUR_PLAYABLE_SPINE.packets.json,Docs/Lore/AppliedContent/packets/RS031_FIRST_HOUR_PLAYABLE_SPINE.packets.json,external_site,UNSPECIFIED_SOURCE_GAP,unlock.first_sanitized_accident_packet,confirmed
FACT_FIRST_HOUR_FIRST_ATLAS_REPAIR_TRACE_PRIMARY,Docs/Lore/AppliedContent/packets/RS031_FIRST_HOUR_PLAYABLE_SPINE.packets.json,Docs/Lore/AppliedContent/packets/RS031_FIRST_HOUR_PLAYABLE_SPINE.packets.json,external_site,UNSPECIFIED_SOURCE_GAP,unlock.first_atlas_repair_trace,confirmed
FACT_COLONY_HUMAN_SHIFT_CREWS_NOT_HEROES_PRIMARY,Docs/Lore/AppliedContent/packets/RS032_COLONY_HUMAN_EVIDENCE_LAYER.packets.json,Docs/Lore/AppliedContent/packets/RS032_COLONY_HUMAN_EVIDENCE_LAYER.packets.json,external_site,UNSPECIFIED_SOURCE_GAP,unlock.shift_crews_not_heroes,confirmed
FACT_COLONY_HUMAN_WORKER_JOB_CARDS_PRIMARY,Docs/Lore/AppliedContent/packets/RS032_COLONY_HUMAN_EVIDENCE_LAYER.packets.json,Docs/Lore/AppliedContent/packets/RS032_COLONY_HUMAN_EVIDENCE_LAYER.packets.json,external_site,UNSPECIFIED_SOURCE_GAP,unlock.worker_job_cards,confirmed
FACT_COLONY_HUMAN_LOCKER_NAME_PROTOCOL_PRIMARY,Docs/Lore/AppliedContent/packets/RS032_COLONY_HUMAN_EVIDENCE_LAYER.packets.json,Docs/Lore/AppliedContent/packets/RS032_COLONY_HUMAN_EVIDENCE_LAYER.packets.json,external_site,UNSPECIFIED_SOURCE_GAP,unlock.locker_name_protocol,confirmed
FACT_COLONY_HUMAN_MEDICAL_TRIAGE_LEDGER_PRIMARY,Docs/Lore/AppliedContent/packets/RS032_COLONY_HUMAN_EVIDENCE_LAYER.packets.json,Docs/Lore/AppliedContent/packets/RS032_COLONY_HUMAN_EVIDENCE_LAYER.packets.json,external_site,UNSPECIFIED_SOURCE_GAP,unlock.medical_triage_ledger,confirmed
FACT_COLONY_HUMAN_MARAUDER_CORRECTION_LAYER_PRIMARY,Docs/Lore/AppliedContent/packets/RS032_COLONY_HUMAN_EVIDENCE_LAYER.packets.json,Docs/Lore/AppliedContent/packets/RS032_COLONY_HUMAN_EVIDENCE_LAYER.packets.json,external_site,UNSPECIFIED_SOURCE_GAP,unlock.marauder_correction_layer,confirmed
FACT_DOMAIN_TABLE_DOMAIN_DISTANCE_SCALE_PRIMARY,Docs/Lore/AppliedContent/packets/RS033_DOMAIN_EPHEMERIS_ROUTE_TABLE.packets.json,Docs/Lore/AppliedContent/packets/RS033_DOMAIN_EPHEMERIS_ROUTE_TABLE.packets.json,external_site,UNSPECIFIED_SOURCE_GAP,unlock.domain_distance_scale,confirmed
FACT_DOMAIN_TABLE_DOMAIN_POPULATION_AUTHORITY_SCALE_PRIMARY,Docs/Lore/AppliedContent/packets/RS033_DOMAIN_EPHEMERIS_ROUTE_TABLE.packets.json,Docs/Lore/AppliedContent/packets/RS033_DOMAIN_EPHEMERIS_ROUTE_TABLE.packets.json,external_site,UNSPECIFIED_SOURCE_GAP,unlock.domain_population_authority_scale,confirmed
FACT_DOMAIN_TABLE_PUBLIC_ROUTE_NAMES_PRIMARY,Docs/Lore/AppliedContent/packets/RS033_DOMAIN_EPHEMERIS_ROUTE_TABLE.packets.json,Docs/Lore/AppliedContent/packets/RS033_DOMAIN_EPHEMERIS_ROUTE_TABLE.packets.json,external_site,UNSPECIFIED_SOURCE_GAP,unlock.public_route_names,confirmed
FACT_DOMAIN_TABLE_TRANSIT_DURATION_BANDS_PRIMARY,Docs/Lore/AppliedContent/packets/RS033_DOMAIN_EPHEMERIS_ROUTE_TABLE.packets.json,Docs/Lore/AppliedContent/packets/RS033_DOMAIN_EPHEMERIS_ROUTE_TABLE.packets.json,external_site,UNSPECIFIED_SOURCE_GAP,unlock.transit_duration_bands,confirmed
FACT_DOMAIN_TABLE_DEEP_REACH_SUBOFFICE_REGISTRY_PRIMARY,Docs/Lore/AppliedContent/packets/RS033_DOMAIN_EPHEMERIS_ROUTE_TABLE.packets.json,Docs/Lore/AppliedContent/packets/RS033_DOMAIN_EPHEMERIS_ROUTE_TABLE.packets.json,external_site,UNSPECIFIED_SOURCE_GAP,unlock.deep_reach_suboffice_registry,confirmed
FACT_WORKER_EVIDENCE_WORKER_NAME_POOL_PROTOCOL_PRIMARY,Docs/Lore/AppliedContent/packets/RS034_WORKER_NAME_JOB_EVIDENCE_TABLE.packets.json,Docs/Lore/AppliedContent/packets/RS034_WORKER_NAME_JOB_EVIDENCE_TABLE.packets.json,external_site,UNSPECIFIED_SOURCE_GAP,unlock.worker_name_pool_protocol,confirmed
FACT_WORKER_EVIDENCE_PRESSURE_JOB_TITLE_TABLE_PRIMARY,Docs/Lore/AppliedContent/packets/RS034_WORKER_NAME_JOB_EVIDENCE_TABLE.packets.json,Docs/Lore/AppliedContent/packets/RS034_WORKER_NAME_JOB_EVIDENCE_TABLE.packets.json,external_site,UNSPECIFIED_SOURCE_GAP,unlock.pressure_job_title_table,confirmed
FACT_WORKER_EVIDENCE_LOCKER_PROP_VARIANTS_PRIMARY,Docs/Lore/AppliedContent/packets/RS034_WORKER_NAME_JOB_EVIDENCE_TABLE.packets.json,Docs/Lore/AppliedContent/packets/RS034_WORKER_NAME_JOB_EVIDENCE_TABLE.packets.json,external_site,UNSPECIFIED_SOURCE_GAP,unlock.locker_prop_variants,confirmed
FACT_WORKER_EVIDENCE_NATIVE_LOCALIZED_NAME_HANDLING_PRIMARY,Docs/Lore/AppliedContent/packets/RS034_WORKER_NAME_JOB_EVIDENCE_TABLE.packets.json,Docs/Lore/AppliedContent/packets/RS034_WORKER_NAME_JOB_EVIDENCE_TABLE.packets.json,external_site,UNSPECIFIED_SOURCE_GAP,unlock.native_localized_name_handling,confirmed
FACT_WORKER_EVIDENCE_SHIFT_CREW_STORY_SEEDS_PRIMARY,Docs/Lore/AppliedContent/packets/RS034_WORKER_NAME_JOB_EVIDENCE_TABLE.packets.json,Docs/Lore/AppliedContent/packets/RS034_WORKER_NAME_JOB_EVIDENCE_TABLE.packets.json,external_site,UNSPECIFIED_SOURCE_GAP,unlock.shift_crew_story_seeds,confirmed
FACT_RESOURCE_RULES_RECIPE_TIER_PRESSURE_BANDS_PRIMARY,Docs/Lore/AppliedContent/packets/RS035_RESOURCE_RECIPE_PRESSURE_RULES.packets.json,Docs/Lore/AppliedContent/packets/RS035_RESOURCE_RECIPE_PRESSURE_RULES.packets.json,external_site,UNSPECIFIED_SOURCE_GAP,unlock.recipe_tier_pressure_bands,confirmed
FACT_RESOURCE_RULES_PRESSURE_FAILURE_THRESHOLDS_PRIMARY,Docs/Lore/AppliedContent/packets/RS035_RESOURCE_RECIPE_PRESSURE_RULES.packets.json,Docs/Lore/AppliedContent/packets/RS035_RESOURCE_RECIPE_PRESSURE_RULES.packets.json,external_site,UNSPECIFIED_SOURCE_GAP,unlock.pressure_failure_thresholds,confirmed
FACT_RESOURCE_RULES_BLUE_DEBT_SAMPLE_QUALITY_PRIMARY,Docs/Lore/AppliedContent/packets/RS035_RESOURCE_RECIPE_PRESSURE_RULES.packets.json,Docs/Lore/AppliedContent/packets/RS035_RESOURCE_RECIPE_PRESSURE_RULES.packets.json,external_site,UNSPECIFIED_SOURCE_GAP,unlock.blue_debt_sample_quality,confirmed
FACT_RESOURCE_RULES_VENT_FORGE_PROCESS_STEPS_PRIMARY,Docs/Lore/AppliedContent/packets/RS035_RESOURCE_RECIPE_PRESSURE_RULES.packets.json,Docs/Lore/AppliedContent/packets/RS035_RESOURCE_RECIPE_PRESSURE_RULES.packets.json,external_site,UNSPECIFIED_SOURCE_GAP,unlock.vent_forge_process_steps,confirmed
FACT_RESOURCE_RULES_ESCAPE_COMPONENT_TUNING_RULES_PRIMARY,Docs/Lore/AppliedContent/packets/RS035_RESOURCE_RECIPE_PRESSURE_RULES.packets.json,Docs/Lore/AppliedContent/packets/RS035_RESOURCE_RECIPE_PRESSURE_RULES.packets.json,external_site,UNSPECIFIED_SOURCE_GAP,unlock.escape_component_tuning_rules,confirmed
FACT_DOSSIER_SAVE_DOSSIER_SELECTION_UI_RULE_PRIMARY,Docs/Lore/AppliedContent/packets/RS036_DOSSIER_SAVE_PRESENTATION_RULES.packets.json,Docs/Lore/AppliedContent/packets/RS036_DOSSIER_SAVE_PRESENTATION_RULES.packets.json,external_site,UNSPECIFIED_SOURCE_GAP,unlock.dossier_selection_ui_rule,confirmed
FACT_DOSSIER_SAVE_RISK_WEIGHT_CONTRACT_CARD_PRIMARY,Docs/Lore/AppliedContent/packets/RS036_DOSSIER_SAVE_PRESENTATION_RULES.packets.json,Docs/Lore/AppliedContent/packets/RS036_DOSSIER_SAVE_PRESENTATION_RULES.packets.json,external_site,UNSPECIFIED_SOURCE_GAP,unlock.risk_weight_contract_card,confirmed
FACT_DOSSIER_SAVE_ENDING_RECORD_PRESENTATION_PRIMARY,Docs/Lore/AppliedContent/packets/RS036_DOSSIER_SAVE_PRESENTATION_RULES.packets.json,Docs/Lore/AppliedContent/packets/RS036_DOSSIER_SAVE_PRESENTATION_RULES.packets.json,external_site,UNSPECIFIED_SOURCE_GAP,unlock.ending_record_presentation,confirmed
FACT_DOSSIER_SAVE_SAVE_PROFILE_KNOWLEDGE_FLAGS_PRIMARY,Docs/Lore/AppliedContent/packets/RS036_DOSSIER_SAVE_PRESENTATION_RULES.packets.json,Docs/Lore/AppliedContent/packets/RS036_DOSSIER_SAVE_PRESENTATION_RULES.packets.json,external_site,UNSPECIFIED_SOURCE_GAP,unlock.save_profile_knowledge_flags,confirmed
FACT_DOSSIER_SAVE_WEBSITE_WIKI_SPOILER_TIERING_PRIMARY,Docs/Lore/AppliedContent/packets/RS036_DOSSIER_SAVE_PRESENTATION_RULES.packets.json,Docs/Lore/AppliedContent/packets/RS036_DOSSIER_SAVE_PRESENTATION_RULES.packets.json,external_site,UNSPECIFIED_SOURCE_GAP,unlock.website_wiki_spoiler_tiering,confirmed
FACT_AEGIR_MOONS_MOON_NAME_LOCK_POLICY_PRIMARY,Docs/Lore/AppliedContent/packets/RS037_AEGIR_MOON_PUBLIC_ATLAS.packets.json,Docs/Lore/AppliedContent/packets/RS037_AEGIR_MOON_PUBLIC_ATLAS.packets.json,external_site,UNSPECIFIED_SOURCE_GAP,unlock.moon_name_lock_policy,confirmed
FACT_AEGIR_MOONS_HECTON8_ORBITAL_HAZARD_TABLE_PRIMARY,Docs/Lore/AppliedContent/packets/RS037_AEGIR_MOON_PUBLIC_ATLAS.packets.json,Docs/Lore/AppliedContent/packets/RS037_AEGIR_MOON_PUBLIC_ATLAS.packets.json,external_site,UNSPECIFIED_SOURCE_GAP,unlock.hecton8_orbital_hazard_table,confirmed
FACT_AEGIR_MOONS_AEGIR_MOON_LEDGER_ROLE_TABLE_PRIMARY,Docs/Lore/AppliedContent/packets/RS037_AEGIR_MOON_PUBLIC_ATLAS.packets.json,Docs/Lore/AppliedContent/packets/RS037_AEGIR_MOON_PUBLIC_ATLAS.packets.json,external_site,UNSPECIFIED_SOURCE_GAP,unlock.aegir_moon_ledger_role_table,confirmed
FACT_AEGIR_MOONS_RAN_AEGIR_EPHEMERIS_TUNING_RULE_PRIMARY,Docs/Lore/AppliedContent/packets/RS037_AEGIR_MOON_PUBLIC_ATLAS.packets.json,Docs/Lore/AppliedContent/packets/RS037_AEGIR_MOON_PUBLIC_ATLAS.packets.json,external_site,UNSPECIFIED_SOURCE_GAP,unlock.ran_aegir_ephemeris_tuning_rule,confirmed
FACT_AEGIR_MOONS_MOON_ROUTE_ARTICLE_SPOILER_BOUNDARY_PRIMARY,Docs/Lore/AppliedContent/packets/RS037_AEGIR_MOON_PUBLIC_ATLAS.packets.json,Docs/Lore/AppliedContent/packets/RS037_AEGIR_MOON_PUBLIC_ATLAS.packets.json,external_site,UNSPECIFIED_SOURCE_GAP,unlock.moon_route_article_spoiler_boundary,confirmed
FACT_DEEP_REACH_TRUE_CAUSE_KNOWLEDGE_TIERS_PRIMARY,Docs/Lore/AppliedContent/packets/RS038_DEEP_REACH_TRUE_CAUSE_KNOWLEDGE.packets.json,Docs/Lore/AppliedContent/packets/RS038_DEEP_REACH_TRUE_CAUSE_KNOWLEDGE.packets.json,external_site,UNSPECIFIED_SOURCE_GAP,unlock.true_cause_knowledge_tiers,confirmed
FACT_DEEP_REACH_LIABILITY_MEMO_FRAGMENT_CHAIN_PRIMARY,Docs/Lore/AppliedContent/packets/RS038_DEEP_REACH_TRUE_CAUSE_KNOWLEDGE.packets.json,Docs/Lore/AppliedContent/packets/RS038_DEEP_REACH_TRUE_CAUSE_KNOWLEDGE.packets.json,external_site,UNSPECIFIED_SOURCE_GAP,unlock.liability_memo_fragment_chain,confirmed
FACT_DEEP_REACH_SIGNOFF_WITNESS_CONFLICT_PRIMARY,Docs/Lore/AppliedContent/packets/RS038_DEEP_REACH_TRUE_CAUSE_KNOWLEDGE.packets.json,Docs/Lore/AppliedContent/packets/RS038_DEEP_REACH_TRUE_CAUSE_KNOWLEDGE.packets.json,external_site,UNSPECIFIED_SOURCE_GAP,unlock.signoff_witness_conflict,confirmed
FACT_DEEP_REACH_SUBOFFICE_PERSONNEL_SEEDS_PRIMARY,Docs/Lore/AppliedContent/packets/RS038_DEEP_REACH_TRUE_CAUSE_KNOWLEDGE.packets.json,Docs/Lore/AppliedContent/packets/RS038_DEEP_REACH_TRUE_CAUSE_KNOWLEDGE.packets.json,external_site,UNSPECIFIED_SOURCE_GAP,unlock.suboffice_personnel_seeds,confirmed
FACT_DEEP_REACH_FALSE_PUBLIC_REPORT_PACKET_PRIMARY,Docs/Lore/AppliedContent/packets/RS038_DEEP_REACH_TRUE_CAUSE_KNOWLEDGE.packets.json,Docs/Lore/AppliedContent/packets/RS038_DEEP_REACH_TRUE_CAUSE_KNOWLEDGE.packets.json,external_site,UNSPECIFIED_SOURCE_GAP,unlock.false_public_report_packet,confirmed
FACT_FINAL_AXIS_CRIME_SCENE_SALE_PRIMARY,Docs/Lore/AppliedContent/packets/RS039_FINAL_DECISION_EMOTIONAL_AXIS.packets.json,Docs/Lore/AppliedContent/packets/RS039_FINAL_DECISION_EMOTIONAL_AXIS.packets.json,external_site,UNSPECIFIED_SOURCE_GAP,unlock.final_question_crime_scene_sale,confirmed
FACT_FINAL_AXIS_BROKEN_GUARDIAN_PRIMARY,Docs/Lore/AppliedContent/packets/RS039_FINAL_DECISION_EMOTIONAL_AXIS.packets.json,Docs/Lore/AppliedContent/packets/RS039_FINAL_DECISION_EMOTIONAL_AXIS.packets.json,external_site,UNSPECIFIED_SOURCE_GAP,unlock.final_question_broken_guardian,confirmed
FACT_FINAL_AXIS_PUBLIC_TRUTH_LOST_CONTROL_PRIMARY,Docs/Lore/AppliedContent/packets/RS039_FINAL_DECISION_EMOTIONAL_AXIS.packets.json,Docs/Lore/AppliedContent/packets/RS039_FINAL_DECISION_EMOTIONAL_AXIS.packets.json,external_site,UNSPECIFIED_SOURCE_GAP,unlock.final_question_public_truth_lost_control,confirmed
FACT_FINAL_AXIS_SEVERANCE_MERCY_THEFT_PRIMARY,Docs/Lore/AppliedContent/packets/RS039_FINAL_DECISION_EMOTIONAL_AXIS.packets.json,Docs/Lore/AppliedContent/packets/RS039_FINAL_DECISION_EMOTIONAL_AXIS.packets.json,external_site,UNSPECIFIED_SOURCE_GAP,unlock.final_question_severance_mercy_theft,confirmed
FACT_FINAL_AXIS_BEST_ENDING_NO_CLEAN_HANDS_PRIMARY,Docs/Lore/AppliedContent/packets/RS039_FINAL_DECISION_EMOTIONAL_AXIS.packets.json,Docs/Lore/AppliedContent/packets/RS039_FINAL_DECISION_EMOTIONAL_AXIS.packets.json,external_site,UNSPECIFIED_SOURCE_GAP,unlock.best_ending_no_clean_hands,confirmed
FACT_TUNING_RESOURCE_TABLE_PLACEHOLDER_CONTRACT_PRIMARY,Docs/Lore/AppliedContent/packets/RS040_NUMERIC_TUNING_SOURCE_RULES.packets.json,Docs/Lore/AppliedContent/packets/RS040_NUMERIC_TUNING_SOURCE_RULES.packets.json,external_site,UNSPECIFIED_SOURCE_GAP,unlock.resource_table_placeholder_contract,confirmed
FACT_TUNING_ESCAPE_RECIPE_BALANCE_BANDS_PRIMARY,Docs/Lore/AppliedContent/packets/RS040_NUMERIC_TUNING_SOURCE_RULES.packets.json,Docs/Lore/AppliedContent/packets/RS040_NUMERIC_TUNING_SOURCE_RULES.packets.json,external_site,UNSPECIFIED_SOURCE_GAP,unlock.escape_recipe_balance_bands,confirmed
FACT_TUNING_RISK_REWARD_TABLE_BANDS_PRIMARY,Docs/Lore/AppliedContent/packets/RS040_NUMERIC_TUNING_SOURCE_RULES.packets.json,Docs/Lore/AppliedContent/packets/RS040_NUMERIC_TUNING_SOURCE_RULES.packets.json,external_site,UNSPECIFIED_SOURCE_GAP,unlock.risk_reward_table_bands,confirmed
FACT_TUNING_INVENTORY_STACK_TUNING_RULE_PRIMARY,Docs/Lore/AppliedContent/packets/RS040_NUMERIC_TUNING_SOURCE_RULES.packets.json,Docs/Lore/AppliedContent/packets/RS040_NUMERIC_TUNING_SOURCE_RULES.packets.json,external_site,UNSPECIFIED_SOURCE_GAP,unlock.inventory_stack_tuning_rule,confirmed
FACT_TUNING_NATIVE_LOCALIZATION_PASS_CONTRACT_PRIMARY,Docs/Lore/AppliedContent/packets/RS040_NUMERIC_TUNING_SOURCE_RULES.packets.json,Docs/Lore/AppliedContent/packets/RS040_NUMERIC_TUNING_SOURCE_RULES.packets.json,external_site,UNSPECIFIED_SOURCE_GAP,unlock.native_localization_pass_contract,confirmed
FACT_DEEP_REACH_CONTRACT_CONTINUITY_DESK_SIGNATURES_PRIMARY,Docs/Lore/AppliedContent/packets/RS041_DEEP_REACH_LOWER_SIGNATURES.packets.json,Docs/Lore/AppliedContent/packets/RS041_DEEP_REACH_LOWER_SIGNATURES.packets.json,external_site,UNSPECIFIED_SOURCE_GAP,unlock.contract_continuity_desk_signatures,confirmed
FACT_DEEP_REACH_PACKET_NOTARY_INTERFACE_SIGNATURES_PRIMARY,Docs/Lore/AppliedContent/packets/RS041_DEEP_REACH_LOWER_SIGNATURES.packets.json,Docs/Lore/AppliedContent/packets/RS041_DEEP_REACH_LOWER_SIGNATURES.packets.json,external_site,UNSPECIFIED_SOURCE_GAP,unlock.packet_notary_interface_signatures,confirmed
FACT_DEEP_REACH_QUARANTINE_REVIEW_GATE_SIGNATURES_PRIMARY,Docs/Lore/AppliedContent/packets/RS041_DEEP_REACH_LOWER_SIGNATURES.packets.json,Docs/Lore/AppliedContent/packets/RS041_DEEP_REACH_LOWER_SIGNATURES.packets.json,external_site,UNSPECIFIED_SOURCE_GAP,unlock.quarantine_review_gate_signatures,confirmed
FACT_DEEP_REACH_ASSET_SILENCE_BOARD_SIGNATURES_PRIMARY,Docs/Lore/AppliedContent/packets/RS041_DEEP_REACH_LOWER_SIGNATURES.packets.json,Docs/Lore/AppliedContent/packets/RS041_DEEP_REACH_LOWER_SIGNATURES.packets.json,external_site,UNSPECIFIED_SOURCE_GAP,unlock.asset_silence_board_signatures,confirmed
FACT_DEEP_REACH_RETURN_ACTION_QUEUE_SIGNATURES_PRIMARY,Docs/Lore/AppliedContent/packets/RS041_DEEP_REACH_LOWER_SIGNATURES.packets.json,Docs/Lore/AppliedContent/packets/RS041_DEEP_REACH_LOWER_SIGNATURES.packets.json,external_site,UNSPECIFIED_SOURCE_GAP,unlock.return_action_queue_signatures,confirmed
FACT_COLONY_WORKER_ROSTER_SIZE_RULE_PRIMARY,Docs/Lore/AppliedContent/packets/RS042_COLONY_ROSTER_AUTHORING_POOL.packets.json,Docs/Lore/AppliedContent/packets/RS042_COLONY_ROSTER_AUTHORING_POOL.packets.json,external_site,UNSPECIFIED_SOURCE_GAP,unlock.worker_roster_size_rule,confirmed
FACT_COLONY_PRESSURE_CREW_ARCHETYPE_TABLE_PRIMARY,Docs/Lore/AppliedContent/packets/RS042_COLONY_ROSTER_AUTHORING_POOL.packets.json,Docs/Lore/AppliedContent/packets/RS042_COLONY_ROSTER_AUTHORING_POOL.packets.json,external_site,UNSPECIFIED_SOURCE_GAP,unlock.pressure_crew_archetype_table,confirmed
FACT_COLONY_ANCHOR_WORKER_NAME_SET_A_PRIMARY,Docs/Lore/AppliedContent/packets/RS042_COLONY_ROSTER_AUTHORING_POOL.packets.json,Docs/Lore/AppliedContent/packets/RS042_COLONY_ROSTER_AUTHORING_POOL.packets.json,external_site,UNSPECIFIED_SOURCE_GAP,unlock.anchor_worker_name_set_a,confirmed
FACT_COLONY_ANCHOR_WORKER_NAME_SET_B_PRIMARY,Docs/Lore/AppliedContent/packets/RS042_COLONY_ROSTER_AUTHORING_POOL.packets.json,Docs/Lore/AppliedContent/packets/RS042_COLONY_ROSTER_AUTHORING_POOL.packets.json,external_site,UNSPECIFIED_SOURCE_GAP,unlock.anchor_worker_name_set_b,confirmed
FACT_COLONY_SEED_ROLE_NAME_GRAMMAR_PRIMARY,Docs/Lore/AppliedContent/packets/RS042_COLONY_ROSTER_AUTHORING_POOL.packets.json,Docs/Lore/AppliedContent/packets/RS042_COLONY_ROSTER_AUTHORING_POOL.packets.json,external_site,UNSPECIFIED_SOURCE_GAP,unlock.seed_role_name_grammar,confirmed
FACT_PROPS_LOCKER_PROP_VARIANT_MATRIX_PRIMARY,Docs/Lore/AppliedContent/packets/RS043_WORKER_PROP_EVIDENCE_KIT.packets.json,Docs/Lore/AppliedContent/packets/RS043_WORKER_PROP_EVIDENCE_KIT.packets.json,external_site,UNSPECIFIED_SOURCE_GAP,unlock.locker_prop_variant_matrix,confirmed
FACT_PROPS_TRIAGE_LEDGER_PROP_VARIANTS_PRIMARY,Docs/Lore/AppliedContent/packets/RS043_WORKER_PROP_EVIDENCE_KIT.packets.json,Docs/Lore/AppliedContent/packets/RS043_WORKER_PROP_EVIDENCE_KIT.packets.json,external_site,UNSPECIFIED_SOURCE_GAP,unlock.triage_ledger_prop_variants,confirmed
FACT_PROPS_ROUTE_PERMISSION_STAMP_SET_PRIMARY,Docs/Lore/AppliedContent/packets/RS043_WORKER_PROP_EVIDENCE_KIT.packets.json,Docs/Lore/AppliedContent/packets/RS043_WORKER_PROP_EVIDENCE_KIT.packets.json,external_site,UNSPECIFIED_SOURCE_GAP,unlock.route_permission_stamp_set,confirmed
FACT_PROPS_MARAUDER_CORRECTION_MARK_RULES_PRIMARY,Docs/Lore/AppliedContent/packets/RS043_WORKER_PROP_EVIDENCE_KIT.packets.json,Docs/Lore/AppliedContent/packets/RS043_WORKER_PROP_EVIDENCE_KIT.packets.json,external_site,UNSPECIFIED_SOURCE_GAP,unlock.marauder_correction_mark_rules,confirmed
FACT_PROPS_AUDIO_FRAGMENT_PROP_RULES_PRIMARY,Docs/Lore/AppliedContent/packets/RS043_WORKER_PROP_EVIDENCE_KIT.packets.json,Docs/Lore/AppliedContent/packets/RS043_WORKER_PROP_EVIDENCE_KIT.packets.json,external_site,UNSPECIFIED_SOURCE_GAP,unlock.audio_fragment_prop_rules,confirmed
FACT_PUBLICATION_PUBLIC_SITE_ARTICLE_TIER_RULES_PRIMARY,Docs/Lore/AppliedContent/packets/RS044_PUBLICATION_SPOILER_LOCALIZATION_PROTOCOL.packets.json,Docs/Lore/AppliedContent/packets/RS044_PUBLICATION_SPOILER_LOCALIZATION_PROTOCOL.packets.json,external_site,UNSPECIFIED_SOURCE_GAP,unlock.public_site_article_tier_rules,confirmed
FACT_PUBLICATION_IN_GAME_WIKI_UNLOCK_TIER_RULES_PRIMARY,Docs/Lore/AppliedContent/packets/RS044_PUBLICATION_SPOILER_LOCALIZATION_PROTOCOL.packets.json,Docs/Lore/AppliedContent/packets/RS044_PUBLICATION_SPOILER_LOCALIZATION_PROTOCOL.packets.json,external_site,UNSPECIFIED_SOURCE_GAP,unlock.in_game_wiki_unlock_tier_rules,confirmed
FACT_PUBLICATION_AUDIO_TRANSCRIPT_CENSOR_RULES_PRIMARY,Docs/Lore/AppliedContent/packets/RS044_PUBLICATION_SPOILER_LOCALIZATION_PROTOCOL.packets.json,Docs/Lore/AppliedContent/packets/RS044_PUBLICATION_SPOILER_LOCALIZATION_PROTOCOL.packets.json,external_site,UNSPECIFIED_SOURCE_GAP,unlock.audio_transcript_censor_rules,confirmed
FACT_PUBLICATION_ART_BRIEF_RELEASE_GATE_RULES_PRIMARY,Docs/Lore/AppliedContent/packets/RS044_PUBLICATION_SPOILER_LOCALIZATION_PROTOCOL.packets.json,Docs/Lore/AppliedContent/packets/RS044_PUBLICATION_SPOILER_LOCALIZATION_PROTOCOL.packets.json,external_site,UNSPECIFIED_SOURCE_GAP,unlock.art_brief_release_gate_rules,confirmed
FACT_PUBLICATION_NATIVE_LANGUAGE_BACKLOG_RULES_PRIMARY,Docs/Lore/AppliedContent/packets/RS044_PUBLICATION_SPOILER_LOCALIZATION_PROTOCOL.packets.json,Docs/Lore/AppliedContent/packets/RS044_PUBLICATION_SPOILER_LOCALIZATION_PROTOCOL.packets.json,external_site,UNSPECIFIED_SOURCE_GAP,unlock.native_language_backlog_rules,confirmed
FACT_ECOLOGY_PHOTIC_MAT_BASELINE_PRIMARY,Docs/Lore/AppliedContent/packets/RS045_PHOTIC_SHELF_NATIVE_ECOLOGY.packets.json,Docs/Lore/AppliedContent/packets/RS045_PHOTIC_SHELF_NATIVE_ECOLOGY.packets.json,external_site,UNSPECIFIED_SOURCE_GAP,unlock.photic_mat_baseline,confirmed
FACT_ECOLOGY_GLASS_GRAZER_SCHOOLS_PRIMARY,Docs/Lore/AppliedContent/packets/RS045_PHOTIC_SHELF_NATIVE_ECOLOGY.packets.json,Docs/Lore/AppliedContent/packets/RS045_PHOTIC_SHELF_NATIVE_ECOLOGY.packets.json,external_site,UNSPECIFIED_SOURCE_GAP,unlock.glass_grazer_schools,confirmed
FACT_ECOLOGY_LANTERN_DRIFT_BLOOM_PRIMARY,Docs/Lore/AppliedContent/packets/RS045_PHOTIC_SHELF_NATIVE_ECOLOGY.packets.json,Docs/Lore/AppliedContent/packets/RS045_PHOTIC_SHELF_NATIVE_ECOLOGY.packets.json,external_site,UNSPECIFIED_SOURCE_GAP,unlock.lantern_drift_bloom,confirmed
FACT_ECOLOGY_SHELL_CLAMP_REEF_PRIMARY,Docs/Lore/AppliedContent/packets/RS045_PHOTIC_SHELF_NATIVE_ECOLOGY.packets.json,Docs/Lore/AppliedContent/packets/RS045_PHOTIC_SHELF_NATIVE_ECOLOGY.packets.json,external_site,UNSPECIFIED_SOURCE_GAP,unlock.shell_clamp_reef,confirmed
FACT_ECOLOGY_SHALLOW_PREDATOR_SHADOW_RULE_PRIMARY,Docs/Lore/AppliedContent/packets/RS045_PHOTIC_SHELF_NATIVE_ECOLOGY.packets.json,Docs/Lore/AppliedContent/packets/RS045_PHOTIC_SHELF_NATIVE_ECOLOGY.packets.json,external_site,UNSPECIFIED_SOURCE_GAP,unlock.shallow_predator_shadow_rule,confirmed
FACT_ECOLOGY_BRINE_VANE_FORESTS_PRIMARY,Docs/Lore/AppliedContent/packets/RS046_BRINE_CANYON_ABYSS_ECOLOGY.packets.json,Docs/Lore/AppliedContent/packets/RS046_BRINE_CANYON_ABYSS_ECOLOGY.packets.json,external_site,UNSPECIFIED_SOURCE_GAP,unlock.brine_vane_forests,confirmed
FACT_ECOLOGY_DENSITY_SKATER_FAUNA_PRIMARY,Docs/Lore/AppliedContent/packets/RS046_BRINE_CANYON_ABYSS_ECOLOGY.packets.json,Docs/Lore/AppliedContent/packets/RS046_BRINE_CANYON_ABYSS_ECOLOGY.packets.json,external_site,UNSPECIFIED_SOURCE_GAP,unlock.density_skater_fauna,confirmed
FACT_ECOLOGY_VENT_ANCHOR_COLONIES_PRIMARY,Docs/Lore/AppliedContent/packets/RS046_BRINE_CANYON_ABYSS_ECOLOGY.packets.json,Docs/Lore/AppliedContent/packets/RS046_BRINE_CANYON_ABYSS_ECOLOGY.packets.json,external_site,UNSPECIFIED_SOURCE_GAP,unlock.vent_anchor_colonies,confirmed
FACT_ECOLOGY_WIDE_FILTER_BODY_TRACE_PRIMARY,Docs/Lore/AppliedContent/packets/RS046_BRINE_CANYON_ABYSS_ECOLOGY.packets.json,Docs/Lore/AppliedContent/packets/RS046_BRINE_CANYON_ABYSS_ECOLOGY.packets.json,external_site,UNSPECIFIED_SOURCE_GAP,unlock.wide_filter_body_trace,confirmed
FACT_ECOLOGY_SILT_AMBUSHER_TELEGRAPH_PRIMARY,Docs/Lore/AppliedContent/packets/RS046_BRINE_CANYON_ABYSS_ECOLOGY.packets.json,Docs/Lore/AppliedContent/packets/RS046_BRINE_CANYON_ABYSS_ECOLOGY.packets.json,external_site,UNSPECIFIED_SOURCE_GAP,unlock.silt_ambusher_telegraph,confirmed
FACT_ATLAS_CONDUCTIVE_BIOFILM_CABLE_SKIN_PRIMARY,Docs/Lore/AppliedContent/packets/RS047_ATLAS_MAINTENANCE_BIOMECH_LAYER.packets.json,Docs/Lore/AppliedContent/packets/RS047_ATLAS_MAINTENANCE_BIOMECH_LAYER.packets.json,external_site,UNSPECIFIED_SOURCE_GAP,unlock.conductive_biofilm_cable_skin,confirmed
FACT_ATLAS_ACOUSTIC_FILTER_ORGAN_RELAY_PRIMARY,Docs/Lore/AppliedContent/packets/RS047_ATLAS_MAINTENANCE_BIOMECH_LAYER.packets.json,Docs/Lore/AppliedContent/packets/RS047_ATLAS_MAINTENANCE_BIOMECH_LAYER.packets.json,external_site,UNSPECIFIED_SOURCE_GAP,unlock.acoustic_filter_organ_relay,confirmed
FACT_ATLAS_SHELL_SEALANT_FRACTURE_GROWTH_PRIMARY,Docs/Lore/AppliedContent/packets/RS047_ATLAS_MAINTENANCE_BIOMECH_LAYER.packets.json,Docs/Lore/AppliedContent/packets/RS047_ATLAS_MAINTENANCE_BIOMECH_LAYER.packets.json,external_site,UNSPECIFIED_SOURCE_GAP,unlock.shell_sealant_fracture_growth,confirmed
FACT_ATLAS_SENSOR_TAGGED_FAUNA_PRIMARY,Docs/Lore/AppliedContent/packets/RS047_ATLAS_MAINTENANCE_BIOMECH_LAYER.packets.json,Docs/Lore/AppliedContent/packets/RS047_ATLAS_MAINTENANCE_BIOMECH_LAYER.packets.json,external_site,UNSPECIFIED_SOURCE_GAP,unlock.sensor_tagged_fauna,confirmed
FACT_ATLAS_VENT_MICRONODE_NESTS_PRIMARY,Docs/Lore/AppliedContent/packets/RS047_ATLAS_MAINTENANCE_BIOMECH_LAYER.packets.json,Docs/Lore/AppliedContent/packets/RS047_ATLAS_MAINTENANCE_BIOMECH_LAYER.packets.json,external_site,UNSPECIFIED_SOURCE_GAP,unlock.vent_micronode_nests,confirmed
FACT_HARDWARE_BLACK_KEEL_TENDER_INTERIOR_LIMITS_PRIMARY,Docs/Lore/AppliedContent/packets/RS048_HARDWARE_AND_VEHICLE_EVIDENCE_STACK.packets.json,Docs/Lore/AppliedContent/packets/RS048_HARDWARE_AND_VEHICLE_EVIDENCE_STACK.packets.json,external_site,UNSPECIFIED_SOURCE_GAP,unlock.black_keel_tender_interior_limits,confirmed
FACT_HARDWARE_DROP_CAPSULE_DAMAGE_PARTS_PRIMARY,Docs/Lore/AppliedContent/packets/RS048_HARDWARE_AND_VEHICLE_EVIDENCE_STACK.packets.json,Docs/Lore/AppliedContent/packets/RS048_HARDWARE_AND_VEHICLE_EVIDENCE_STACK.packets.json,external_site,UNSPECIFIED_SOURCE_GAP,unlock.drop_capsule_damage_parts,confirmed
FACT_HARDWARE_P63_FABRICATOR_AUTHORITY_LIMITS_PRIMARY,Docs/Lore/AppliedContent/packets/RS048_HARDWARE_AND_VEHICLE_EVIDENCE_STACK.packets.json,Docs/Lore/AppliedContent/packets/RS048_HARDWARE_AND_VEHICLE_EVIDENCE_STACK.packets.json,external_site,UNSPECIFIED_SOURCE_GAP,unlock.p63_fabricator_authority_limits,confirmed
FACT_HARDWARE_PRESSURE_SUIT_SERVICE_GRADES_PRIMARY,Docs/Lore/AppliedContent/packets/RS048_HARDWARE_AND_VEHICLE_EVIDENCE_STACK.packets.json,Docs/Lore/AppliedContent/packets/RS048_HARDWARE_AND_VEHICLE_EVIDENCE_STACK.packets.json,external_site,UNSPECIFIED_SOURCE_GAP,unlock.pressure_suit_service_grades,confirmed
FACT_HARDWARE_SONAR_PINGER_ROUTE_BEACONS_PRIMARY,Docs/Lore/AppliedContent/packets/RS048_HARDWARE_AND_VEHICLE_EVIDENCE_STACK.packets.json,Docs/Lore/AppliedContent/packets/RS048_HARDWARE_AND_VEHICLE_EVIDENCE_STACK.packets.json,external_site,UNSPECIFIED_SOURCE_GAP,unlock.sonar_pinger_route_beacons,confirmed
FACT_APPLIED_LORE_LIEN_SEVERITY_SEED_CLASS_PRIMARY,Docs/Lore/AppliedContent/packets/RS049_CONTRACT_SEED_RISK_REWARD_SURFACES.packets.json,Docs/Lore/AppliedContent/packets/RS049_CONTRACT_SEED_RISK_REWARD_SURFACES.packets.json,external_site,UNSPECIFIED_SOURCE_GAP,unlock.lien_severity_seed_class,confirmed
FACT_APPLIED_LORE_STORM_WINDOW_RISK_CARD_PRIMARY,Docs/Lore/AppliedContent/packets/RS049_CONTRACT_SEED_RISK_REWARD_SURFACES.packets.json,Docs/Lore/AppliedContent/packets/RS049_CONTRACT_SEED_RISK_REWARD_SURFACES.packets.json,external_site,UNSPECIFIED_SOURCE_GAP,unlock.storm_window_risk_card,confirmed
FACT_APPLIED_LORE_SAMPLE_CUSTODY_GRADE_CARD_PRIMARY,Docs/Lore/AppliedContent/packets/RS049_CONTRACT_SEED_RISK_REWARD_SURFACES.packets.json,Docs/Lore/AppliedContent/packets/RS049_CONTRACT_SEED_RISK_REWARD_SURFACES.packets.json,external_site,UNSPECIFIED_SOURCE_GAP,unlock.sample_custody_grade_card,confirmed
FACT_APPLIED_LORE_EVIDENCE_ORDER_DEPTH_CARD_PRIMARY,Docs/Lore/AppliedContent/packets/RS049_CONTRACT_SEED_RISK_REWARD_SURFACES.packets.json,Docs/Lore/AppliedContent/packets/RS049_CONTRACT_SEED_RISK_REWARD_SURFACES.packets.json,external_site,UNSPECIFIED_SOURCE_GAP,unlock.evidence_order_depth_card,confirmed
FACT_APPLIED_LORE_DEEP_REACH_CLAUSE_WEIGHT_CARD_PRIMARY,Docs/Lore/AppliedContent/packets/RS049_CONTRACT_SEED_RISK_REWARD_SURFACES.packets.json,Docs/Lore/AppliedContent/packets/RS049_CONTRACT_SEED_RISK_REWARD_SURFACES.packets.json,external_site,UNSPECIFIED_SOURCE_GAP,unlock.deep_reach_clause_weight_card,confirmed
FACT_APPLIED_LORE_BLACK_KEEL_APPROACH_AUDIO_PACKET_PRIMARY,Docs/Lore/AppliedContent/packets/RS050_FIRST_HOUR_MICRO_SCRIPT_SURFACES.packets.json,Docs/Lore/AppliedContent/packets/RS050_FIRST_HOUR_MICRO_SCRIPT_SURFACES.packets.json,external_site,UNSPECIFIED_SOURCE_GAP,unlock.black_keel_approach_audio_packet,confirmed
FACT_APPLIED_LORE_DROP_CAPSULE_DIAGNOSTIC_READOUT_PRIMARY,Docs/Lore/AppliedContent/packets/RS050_FIRST_HOUR_MICRO_SCRIPT_SURFACES.packets.json,Docs/Lore/AppliedContent/packets/RS050_FIRST_HOUR_MICRO_SCRIPT_SURFACES.packets.json,external_site,UNSPECIFIED_SOURCE_GAP,unlock.drop_capsule_diagnostic_readout,confirmed
FACT_APPLIED_LORE_P63_PUMP_ROOM_FIRST_REPAIR_TASK_PRIMARY,Docs/Lore/AppliedContent/packets/RS050_FIRST_HOUR_MICRO_SCRIPT_SURFACES.packets.json,Docs/Lore/AppliedContent/packets/RS050_FIRST_HOUR_MICRO_SCRIPT_SURFACES.packets.json,external_site,UNSPECIFIED_SOURCE_GAP,unlock.p63_pump_room_first_repair_task,confirmed
FACT_APPLIED_LORE_SANITIZED_ACCIDENT_PACKET_BODY_PRIMARY,Docs/Lore/AppliedContent/packets/RS050_FIRST_HOUR_MICRO_SCRIPT_SURFACES.packets.json,Docs/Lore/AppliedContent/packets/RS050_FIRST_HOUR_MICRO_SCRIPT_SURFACES.packets.json,external_site,UNSPECIFIED_SOURCE_GAP,unlock.sanitized_accident_packet_body,confirmed
FACT_APPLIED_LORE_FIRST_ATLAS_REPAIR_TRACE_SCENE_PRIMARY,Docs/Lore/AppliedContent/packets/RS050_FIRST_HOUR_MICRO_SCRIPT_SURFACES.packets.json,Docs/Lore/AppliedContent/packets/RS050_FIRST_HOUR_MICRO_SCRIPT_SURFACES.packets.json,external_site,UNSPECIFIED_SOURCE_GAP,unlock.first_atlas_repair_trace_scene,confirmed
FACT_APPLIED_LORE_HECTON8_PUBLIC_PRIMER_ARTICLE_PRIMARY,Docs/Lore/AppliedContent/packets/RS051_PUBLIC_SITE_PILLAR_ARTICLES.packets.json,Docs/Lore/AppliedContent/packets/RS051_PUBLIC_SITE_PILLAR_ARTICLES.packets.json,external_site,UNSPECIFIED_SOURCE_GAP,unlock.hecton8_public_primer_article,confirmed
FACT_APPLIED_LORE_AEGIR_SYSTEM_PUBLIC_PRIMER_ARTICLE_PRIMARY,Docs/Lore/AppliedContent/packets/RS051_PUBLIC_SITE_PILLAR_ARTICLES.packets.json,Docs/Lore/AppliedContent/packets/RS051_PUBLIC_SITE_PILLAR_ARTICLES.packets.json,external_site,UNSPECIFIED_SOURCE_GAP,unlock.aegir_system_public_primer_article,confirmed
FACT_APPLIED_LORE_DEEP_REACH_PUBLIC_DOSSIER_ARTICLE_PRIMARY,Docs/Lore/AppliedContent/packets/RS051_PUBLIC_SITE_PILLAR_ARTICLES.packets.json,Docs/Lore/AppliedContent/packets/RS051_PUBLIC_SITE_PILLAR_ARTICLES.packets.json,external_site,UNSPECIFIED_SOURCE_GAP,unlock.deep_reach_public_dossier_article,confirmed
FACT_APPLIED_LORE_ATLAS6_SPOILER_GATED_ARTICLE_PRIMARY,Docs/Lore/AppliedContent/packets/RS051_PUBLIC_SITE_PILLAR_ARTICLES.packets.json,Docs/Lore/AppliedContent/packets/RS051_PUBLIC_SITE_PILLAR_ARTICLES.packets.json,external_site,UNSPECIFIED_SOURCE_GAP,unlock.atlas6_spoiler_gated_article,confirmed
FACT_APPLIED_LORE_BLUE_DEBT_PUBLIC_RESOURCE_ARTICLE_PRIMARY,Docs/Lore/AppliedContent/packets/RS051_PUBLIC_SITE_PILLAR_ARTICLES.packets.json,Docs/Lore/AppliedContent/packets/RS051_PUBLIC_SITE_PILLAR_ARTICLES.packets.json,external_site,UNSPECIFIED_SOURCE_GAP,unlock.blue_debt_public_resource_article,confirmed
FACT_APPLIED_LORE_PROPER_NOUN_TRANSLATION_LOCK_TABLE_PRIMARY,Docs/Lore/AppliedContent/packets/RS052_LOCALIZATION_GLOSSARY_AUDIO_STYLE.packets.json,Docs/Lore/AppliedContent/packets/RS052_LOCALIZATION_GLOSSARY_AUDIO_STYLE.packets.json,external_site,UNSPECIFIED_SOURCE_GAP,unlock.proper_noun_translation_lock_table,confirmed
FACT_APPLIED_LORE_UNIT_NUMBER_STYLE_CARD_PRIMARY,Docs/Lore/AppliedContent/packets/RS052_LOCALIZATION_GLOSSARY_AUDIO_STYLE.packets.json,Docs/Lore/AppliedContent/packets/RS052_LOCALIZATION_GLOSSARY_AUDIO_STYLE.packets.json,external_site,UNSPECIFIED_SOURCE_GAP,unlock.unit_number_style_card,confirmed
FACT_APPLIED_LORE_TERMINAL_VOICE_REGISTER_RULE_PRIMARY,Docs/Lore/AppliedContent/packets/RS052_LOCALIZATION_GLOSSARY_AUDIO_STYLE.packets.json,Docs/Lore/AppliedContent/packets/RS052_LOCALIZATION_GLOSSARY_AUDIO_STYLE.packets.json,external_site,UNSPECIFIED_SOURCE_GAP,unlock.terminal_voice_register_rule,confirmed
FACT_APPLIED_LORE_AUDIO_BARK_FAMILY_RULES_PRIMARY,Docs/Lore/AppliedContent/packets/RS052_LOCALIZATION_GLOSSARY_AUDIO_STYLE.packets.json,Docs/Lore/AppliedContent/packets/RS052_LOCALIZATION_GLOSSARY_AUDIO_STYLE.packets.json,external_site,UNSPECIFIED_SOURCE_GAP,unlock.audio_bark_family_rules,confirmed
FACT_APPLIED_LORE_RTL_CJK_FONT_RISK_CARD_PRIMARY,Docs/Lore/AppliedContent/packets/RS052_LOCALIZATION_GLOSSARY_AUDIO_STYLE.packets.json,Docs/Lore/AppliedContent/packets/RS052_LOCALIZATION_GLOSSARY_AUDIO_STYLE.packets.json,external_site,UNSPECIFIED_SOURCE_GAP,unlock.rtl_cjk_font_risk_card,confirmed
FACT_APPLIED_LORE_RESOURCE_YIELD_AUTHORING_ROWS_PRIMARY,Docs/Lore/AppliedContent/packets/RS053_NUMERIC_AUTHORING_BRIDGE_SURFACES.packets.json,Docs/Lore/AppliedContent/packets/RS053_NUMERIC_AUTHORING_BRIDGE_SURFACES.packets.json,external_site,UNSPECIFIED_SOURCE_GAP,unlock.resource_yield_authoring_rows,confirmed
FACT_APPLIED_LORE_INVENTORY_STACK_AUTHORING_ROWS_PRIMARY,Docs/Lore/AppliedContent/packets/RS053_NUMERIC_AUTHORING_BRIDGE_SURFACES.packets.json,Docs/Lore/AppliedContent/packets/RS053_NUMERIC_AUTHORING_BRIDGE_SURFACES.packets.json,external_site,UNSPECIFIED_SOURCE_GAP,unlock.inventory_stack_authoring_rows,confirmed
FACT_APPLIED_LORE_ESCAPE_RECIPE_AUTHORING_ROWS_PRIMARY,Docs/Lore/AppliedContent/packets/RS053_NUMERIC_AUTHORING_BRIDGE_SURFACES.packets.json,Docs/Lore/AppliedContent/packets/RS053_NUMERIC_AUTHORING_BRIDGE_SURFACES.packets.json,external_site,UNSPECIFIED_SOURCE_GAP,unlock.escape_recipe_authoring_rows,confirmed
FACT_APPLIED_LORE_CONTRACT_RISK_REWARD_AUTHORING_ROWS_PRIMARY,Docs/Lore/AppliedContent/packets/RS053_NUMERIC_AUTHORING_BRIDGE_SURFACES.packets.json,Docs/Lore/AppliedContent/packets/RS053_NUMERIC_AUTHORING_BRIDGE_SURFACES.packets.json,external_site,UNSPECIFIED_SOURCE_GAP,unlock.contract_risk_reward_authoring_rows,confirmed
FACT_APPLIED_LORE_ENDING_PAYOUT_AUTHORING_ROWS_PRIMARY,Docs/Lore/AppliedContent/packets/RS053_NUMERIC_AUTHORING_BRIDGE_SURFACES.packets.json,Docs/Lore/AppliedContent/packets/RS053_NUMERIC_AUTHORING_BRIDGE_SURFACES.packets.json,external_site,UNSPECIFIED_SOURCE_GAP,unlock.ending_payout_authoring_rows,confirmed
FACT_APPLIED_LORE_DOSSIER_START_SCREEN_COPY_PRIMARY,Docs/Lore/AppliedContent/packets/RS054_DOSSIER_CONTRACT_UI_COPY_DECK.packets.json,Docs/Lore/AppliedContent/packets/RS054_DOSSIER_CONTRACT_UI_COPY_DECK.packets.json,external_site,UNSPECIFIED_SOURCE_GAP,unlock.dossier_start_screen_copy,confirmed
FACT_APPLIED_LORE_CONTRACT_CARD_FIELD_LABELS_PRIMARY,Docs/Lore/AppliedContent/packets/RS054_DOSSIER_CONTRACT_UI_COPY_DECK.packets.json,Docs/Lore/AppliedContent/packets/RS054_DOSSIER_CONTRACT_UI_COPY_DECK.packets.json,external_site,UNSPECIFIED_SOURCE_GAP,unlock.contract_card_field_labels,confirmed
FACT_APPLIED_LORE_RUMOR_FAMILY_UI_COPY_PRIMARY,Docs/Lore/AppliedContent/packets/RS054_DOSSIER_CONTRACT_UI_COPY_DECK.packets.json,Docs/Lore/AppliedContent/packets/RS054_DOSSIER_CONTRACT_UI_COPY_DECK.packets.json,external_site,UNSPECIFIED_SOURCE_GAP,unlock.rumor_family_ui_copy,confirmed
FACT_APPLIED_LORE_ROUTE_WARNING_UI_COPY_PRIMARY,Docs/Lore/AppliedContent/packets/RS054_DOSSIER_CONTRACT_UI_COPY_DECK.packets.json,Docs/Lore/AppliedContent/packets/RS054_DOSSIER_CONTRACT_UI_COPY_DECK.packets.json,external_site,UNSPECIFIED_SOURCE_GAP,unlock.route_warning_ui_copy,confirmed
FACT_APPLIED_LORE_ENDING_RECORD_UI_COPY_PRIMARY,Docs/Lore/AppliedContent/packets/RS054_DOSSIER_CONTRACT_UI_COPY_DECK.packets.json,Docs/Lore/AppliedContent/packets/RS054_DOSSIER_CONTRACT_UI_COPY_DECK.packets.json,external_site,UNSPECIFIED_SOURCE_GAP,unlock.ending_record_ui_copy,confirmed
FACT_APPLIED_LORE_MATERIAL_PAYOUT_RECORD_PRIMARY,Docs/Lore/AppliedContent/packets/RS055_ENDING_PAYLOAD_RECORD_SURFACES.packets.json,Docs/Lore/AppliedContent/packets/RS055_ENDING_PAYLOAD_RECORD_SURFACES.packets.json,external_site,UNSPECIFIED_SOURCE_GAP,unlock.material_payout_record,confirmed
FACT_APPLIED_LORE_PARTIAL_RETURN_RECORD_PRIMARY,Docs/Lore/AppliedContent/packets/RS055_ENDING_PAYLOAD_RECORD_SURFACES.packets.json,Docs/Lore/AppliedContent/packets/RS055_ENDING_PAYLOAD_RECORD_SURFACES.packets.json,external_site,UNSPECIFIED_SOURCE_GAP,unlock.partial_return_record,confirmed
FACT_APPLIED_LORE_PUBLIC_LEDGER_RECORD_PRIMARY,Docs/Lore/AppliedContent/packets/RS055_ENDING_PAYLOAD_RECORD_SURFACES.packets.json,Docs/Lore/AppliedContent/packets/RS055_ENDING_PAYLOAD_RECORD_SURFACES.packets.json,external_site,UNSPECIFIED_SOURCE_GAP,unlock.public_ledger_record,confirmed
FACT_APPLIED_LORE_ATLAS_SEVERANCE_RECORD_PRIMARY,Docs/Lore/AppliedContent/packets/RS055_ENDING_PAYLOAD_RECORD_SURFACES.packets.json,Docs/Lore/AppliedContent/packets/RS055_ENDING_PAYLOAD_RECORD_SURFACES.packets.json,external_site,UNSPECIFIED_SOURCE_GAP,unlock.atlas_severance_record,confirmed
FACT_APPLIED_LORE_PRESERVE_QUARANTINE_RECORD_PRIMARY,Docs/Lore/AppliedContent/packets/RS055_ENDING_PAYLOAD_RECORD_SURFACES.packets.json,Docs/Lore/AppliedContent/packets/RS055_ENDING_PAYLOAD_RECORD_SURFACES.packets.json,external_site,UNSPECIFIED_SOURCE_GAP,unlock.preserve_quarantine_record,confirmed
FACT_APPLIED_LORE_RU_NATIVE_REVIEW_LOCK_PRIMARY,Docs/Lore/AppliedContent/packets/RS056_NATIVE_LOCALIZATION_REVIEW_PACK.packets.json,Docs/Lore/AppliedContent/packets/RS056_NATIVE_LOCALIZATION_REVIEW_PACK.packets.json,external_site,UNSPECIFIED_SOURCE_GAP,unlock.ru_native_review_lock,confirmed
FACT_APPLIED_LORE_CJK_REVIEW_LOCK_PRIMARY,Docs/Lore/AppliedContent/packets/RS056_NATIVE_LOCALIZATION_REVIEW_PACK.packets.json,Docs/Lore/AppliedContent/packets/RS056_NATIVE_LOCALIZATION_REVIEW_PACK.packets.json,external_site,UNSPECIFIED_SOURCE_GAP,unlock.cjk_review_lock,confirmed
FACT_APPLIED_LORE_RTL_REVIEW_LOCK_PRIMARY,Docs/Lore/AppliedContent/packets/RS056_NATIVE_LOCALIZATION_REVIEW_PACK.packets.json,Docs/Lore/AppliedContent/packets/RS056_NATIVE_LOCALIZATION_REVIEW_PACK.packets.json,external_site,UNSPECIFIED_SOURCE_GAP,unlock.rtl_review_lock,confirmed
FACT_APPLIED_LORE_EUROPEAN_LANGUAGE_REVIEW_LOCK_PRIMARY,Docs/Lore/AppliedContent/packets/RS056_NATIVE_LOCALIZATION_REVIEW_PACK.packets.json,Docs/Lore/AppliedContent/packets/RS056_NATIVE_LOCALIZATION_REVIEW_PACK.packets.json,external_site,UNSPECIFIED_SOURCE_GAP,unlock.european_language_review_lock,confirmed
FACT_APPLIED_LORE_SUBTITLE_AUDIO_REVIEW_LOCK_PRIMARY,Docs/Lore/AppliedContent/packets/RS056_NATIVE_LOCALIZATION_REVIEW_PACK.packets.json,Docs/Lore/AppliedContent/packets/RS056_NATIVE_LOCALIZATION_REVIEW_PACK.packets.json,external_site,UNSPECIFIED_SOURCE_GAP,unlock.subtitle_audio_review_lock,confirmed
FACT_APPLIED_LORE_P281_HECTON8_SITE_OPENING_HOOK_PRIMARY,Docs/Lore/AppliedContent/packets/RS057_PUBLIC_SITE_READY_ARTICLE_SECTIONS.packets.json,Docs/Lore/AppliedContent/packets/RS057_PUBLIC_SITE_READY_ARTICLE_SECTIONS.packets.json,external_site,UNSPECIFIED_SOURCE_GAP,unlock.p281_hecton8_site_opening_hook,confirmed
FACT_APPLIED_LORE_P282_AEGIR_SITE_SYSTEM_MAP_COPY_PRIMARY,Docs/Lore/AppliedContent/packets/RS057_PUBLIC_SITE_READY_ARTICLE_SECTIONS.packets.json,Docs/Lore/AppliedContent/packets/RS057_PUBLIC_SITE_READY_ARTICLE_SECTIONS.packets.json,external_site,UNSPECIFIED_SOURCE_GAP,unlock.p282_aegir_site_system_map_copy,confirmed
FACT_APPLIED_LORE_P283_DEEP_REACH_SITE_ACCOUNTABILITY_COPY_PRIMARY,Docs/Lore/AppliedContent/packets/RS057_PUBLIC_SITE_READY_ARTICLE_SECTIONS.packets.json,Docs/Lore/AppliedContent/packets/RS057_PUBLIC_SITE_READY_ARTICLE_SECTIONS.packets.json,external_site,UNSPECIFIED_SOURCE_GAP,unlock.p283_deep_reach_site_accountability_copy,confirmed
FACT_APPLIED_LORE_P284_ATLAS6_SITE_SPOILER_GATE_COPY_PRIMARY,Docs/Lore/AppliedContent/packets/RS057_PUBLIC_SITE_READY_ARTICLE_SECTIONS.packets.json,Docs/Lore/AppliedContent/packets/RS057_PUBLIC_SITE_READY_ARTICLE_SECTIONS.packets.json,external_site,UNSPECIFIED_SOURCE_GAP,unlock.p284_atlas6_site_spoiler_gate_copy,confirmed
FACT_APPLIED_LORE_P285_BLUE_DEBT_SITE_RESOURCE_COPY_PRIMARY,Docs/Lore/AppliedContent/packets/RS057_PUBLIC_SITE_READY_ARTICLE_SECTIONS.packets.json,Docs/Lore/AppliedContent/packets/RS057_PUBLIC_SITE_READY_ARTICLE_SECTIONS.packets.json,external_site,UNSPECIFIED_SOURCE_GAP,unlock.p285_blue_debt_site_resource_copy,confirmed
FACT_APPLIED_LORE_P286_CAPSULE_BLACKBOX_AUDIO_01_PRIMARY,Docs/Lore/AppliedContent/packets/RS058_IN_GAME_ARTIFACT_AUDIO_SURFACES.packets.json,Docs/Lore/AppliedContent/packets/RS058_IN_GAME_ARTIFACT_AUDIO_SURFACES.packets.json,external_site,UNSPECIFIED_SOURCE_GAP,unlock.p286_capsule_blackbox_audio_01,confirmed
FACT_APPLIED_LORE_P287_P63_PUMP_ROOM_WORK_ORDER_PRIMARY,Docs/Lore/AppliedContent/packets/RS058_IN_GAME_ARTIFACT_AUDIO_SURFACES.packets.json,Docs/Lore/AppliedContent/packets/RS058_IN_GAME_ARTIFACT_AUDIO_SURFACES.packets.json,external_site,UNSPECIFIED_SOURCE_GAP,unlock.p287_p63_pump_room_work_order,confirmed
FACT_APPLIED_LORE_P288_WORKER_LOCKER_NAMEPLATE_SAMPLE_PRIMARY,Docs/Lore/AppliedContent/packets/RS058_IN_GAME_ARTIFACT_AUDIO_SURFACES.packets.json,Docs/Lore/AppliedContent/packets/RS058_IN_GAME_ARTIFACT_AUDIO_SURFACES.packets.json,external_site,UNSPECIFIED_SOURCE_GAP,unlock.p288_worker_locker_nameplate_sample,confirmed
FACT_APPLIED_LORE_P289_MARAUDER_CORRECTION_NOTE_SAMPLE_PRIMARY,Docs/Lore/AppliedContent/packets/RS058_IN_GAME_ARTIFACT_AUDIO_SURFACES.packets.json,Docs/Lore/AppliedContent/packets/RS058_IN_GAME_ARTIFACT_AUDIO_SURFACES.packets.json,external_site,UNSPECIFIED_SOURCE_GAP,unlock.p289_marauder_correction_note_sample,confirmed
FACT_APPLIED_LORE_P290_QUARANTINE_RELAY_FRAGMENT_PRIMARY,Docs/Lore/AppliedContent/packets/RS058_IN_GAME_ARTIFACT_AUDIO_SURFACES.packets.json,Docs/Lore/AppliedContent/packets/RS058_IN_GAME_ARTIFACT_AUDIO_SURFACES.packets.json,external_site,UNSPECIFIED_SOURCE_GAP,unlock.p290_quarantine_relay_fragment,confirmed
FACT_APPLIED_LORE_P291_PHOTIC_MAT_CODEX_CARD_PRIMARY,Docs/Lore/AppliedContent/packets/RS059_ECOLOGY_CODEX_SPECIMEN_CARDS.packets.json,Docs/Lore/AppliedContent/packets/RS059_ECOLOGY_CODEX_SPECIMEN_CARDS.packets.json,external_site,UNSPECIFIED_SOURCE_GAP,unlock.p291_photic_mat_codex_card,confirmed
FACT_APPLIED_LORE_P292_GLASS_GRAZER_CODEX_CARD_PRIMARY,Docs/Lore/AppliedContent/packets/RS059_ECOLOGY_CODEX_SPECIMEN_CARDS.packets.json,Docs/Lore/AppliedContent/packets/RS059_ECOLOGY_CODEX_SPECIMEN_CARDS.packets.json,external_site,UNSPECIFIED_SOURCE_GAP,unlock.p292_glass_grazer_codex_card,confirmed
FACT_APPLIED_LORE_P293_LANTERN_DRIFT_CODEX_CARD_PRIMARY,Docs/Lore/AppliedContent/packets/RS059_ECOLOGY_CODEX_SPECIMEN_CARDS.packets.json,Docs/Lore/AppliedContent/packets/RS059_ECOLOGY_CODEX_SPECIMEN_CARDS.packets.json,external_site,UNSPECIFIED_SOURCE_GAP,unlock.p293_lantern_drift_codex_card,confirmed
FACT_APPLIED_LORE_P294_BRINE_VANE_CODEX_CARD_PRIMARY,Docs/Lore/AppliedContent/packets/RS059_ECOLOGY_CODEX_SPECIMEN_CARDS.packets.json,Docs/Lore/AppliedContent/packets/RS059_ECOLOGY_CODEX_SPECIMEN_CARDS.packets.json,external_site,UNSPECIFIED_SOURCE_GAP,unlock.p294_brine_vane_codex_card,confirmed
FACT_APPLIED_LORE_P295_SENSOR_TAGGED_FAUNA_CODEX_CARD_PRIMARY,Docs/Lore/AppliedContent/packets/RS059_ECOLOGY_CODEX_SPECIMEN_CARDS.packets.json,Docs/Lore/AppliedContent/packets/RS059_ECOLOGY_CODEX_SPECIMEN_CARDS.packets.json,external_site,UNSPECIFIED_SOURCE_GAP,unlock.p295_sensor_tagged_fauna_codex_card,confirmed
FACT_APPLIED_LORE_P296_ABYSSAL_MACHINE_FIELD_WARNING_PRIMARY,Docs/Lore/AppliedContent/packets/RS060_FINAL_DESCENT_ROUTE_FRAGMENTS.packets.json,Docs/Lore/AppliedContent/packets/RS060_FINAL_DESCENT_ROUTE_FRAGMENTS.packets.json,external_site,UNSPECIFIED_SOURCE_GAP,unlock.p296_abyssal_machine_field_warning,confirmed
FACT_APPLIED_LORE_P297_ATLAS_BASIN_PRESSURE_GATE_PRIMARY,Docs/Lore/AppliedContent/packets/RS060_FINAL_DESCENT_ROUTE_FRAGMENTS.packets.json,Docs/Lore/AppliedContent/packets/RS060_FINAL_DESCENT_ROUTE_FRAGMENTS.packets.json,external_site,UNSPECIFIED_SOURCE_GAP,unlock.p297_atlas_basin_pressure_gate,confirmed
FACT_APPLIED_LORE_P298_FACTORY_TEMPLE_ENTRY_FRAGMENT_PRIMARY,Docs/Lore/AppliedContent/packets/RS060_FINAL_DESCENT_ROUTE_FRAGMENTS.packets.json,Docs/Lore/AppliedContent/packets/RS060_FINAL_DESCENT_ROUTE_FRAGMENTS.packets.json,external_site,UNSPECIFIED_SOURCE_GAP,unlock.p298_factory_temple_entry_fragment,confirmed
FACT_APPLIED_LORE_P299_PAYLOAD_AUTHORITY_LAST_CHECK_PRIMARY,Docs/Lore/AppliedContent/packets/RS060_FINAL_DESCENT_ROUTE_FRAGMENTS.packets.json,Docs/Lore/AppliedContent/packets/RS060_FINAL_DESCENT_ROUTE_FRAGMENTS.packets.json,external_site,UNSPECIFIED_SOURCE_GAP,unlock.p299_payload_authority_last_check,confirmed
FACT_APPLIED_LORE_P300_NO_CLEAN_ENDING_DOSSIER_NOTE_PRIMARY,Docs/Lore/AppliedContent/packets/RS060_FINAL_DESCENT_ROUTE_FRAGMENTS.packets.json,Docs/Lore/AppliedContent/packets/RS060_FINAL_DESCENT_ROUTE_FRAGMENTS.packets.json,external_site,UNSPECIFIED_SOURCE_GAP,unlock.p300_no_clean_ending_dossier_note,confirmed
FACT_APPLIED_LORE_RESOURCE_YIELD_ROW_CONTRACT_PRIMARY,Docs/Lore/AppliedContent/packets/RS061_TABLE_VALUE_HANDOFF_CONTRACTS.packets.json,Docs/Lore/AppliedContent/packets/RS061_TABLE_VALUE_HANDOFF_CONTRACTS.packets.json,external_site,UNSPECIFIED_SOURCE_GAP,unlock.resource_yield_row_contract,confirmed
FACT_APPLIED_LORE_STACK_LIMIT_ROW_CONTRACT_PRIMARY,Docs/Lore/AppliedContent/packets/RS061_TABLE_VALUE_HANDOFF_CONTRACTS.packets.json,Docs/Lore/AppliedContent/packets/RS061_TABLE_VALUE_HANDOFF_CONTRACTS.packets.json,external_site,UNSPECIFIED_SOURCE_GAP,unlock.stack_limit_row_contract,confirmed
FACT_APPLIED_LORE_ESCAPE_RECIPE_COST_ROW_CONTRACT_PRIMARY,Docs/Lore/AppliedContent/packets/RS061_TABLE_VALUE_HANDOFF_CONTRACTS.packets.json,Docs/Lore/AppliedContent/packets/RS061_TABLE_VALUE_HANDOFF_CONTRACTS.packets.json,external_site,UNSPECIFIED_SOURCE_GAP,unlock.escape_recipe_cost_row_contract,confirmed
FACT_APPLIED_LORE_CONTRACT_RISK_REWARD_ROW_CONTRACT_PRIMARY,Docs/Lore/AppliedContent/packets/RS061_TABLE_VALUE_HANDOFF_CONTRACTS.packets.json,Docs/Lore/AppliedContent/packets/RS061_TABLE_VALUE_HANDOFF_CONTRACTS.packets.json,external_site,UNSPECIFIED_SOURCE_GAP,unlock.contract_risk_reward_row_contract,confirmed
FACT_APPLIED_LORE_ENDING_PAYOUT_ROW_CONTRACT_PRIMARY,Docs/Lore/AppliedContent/packets/RS061_TABLE_VALUE_HANDOFF_CONTRACTS.packets.json,Docs/Lore/AppliedContent/packets/RS061_TABLE_VALUE_HANDOFF_CONTRACTS.packets.json,external_site,UNSPECIFIED_SOURCE_GAP,unlock.ending_payout_row_contract,confirmed
FACT_APPLIED_LORE_PDA_CODEX_STATE_PROOF_CARD_PRIMARY,Docs/Lore/AppliedContent/packets/RS062_RUNTIME_UI_PROOF_BACKLOG.packets.json,Docs/Lore/AppliedContent/packets/RS062_RUNTIME_UI_PROOF_BACKLOG.packets.json,external_site,UNSPECIFIED_SOURCE_GAP,unlock.pda_codex_state_proof_card,confirmed
FACT_APPLIED_LORE_SCANNER_STAGE_BINDING_PROOF_CARD_PRIMARY,Docs/Lore/AppliedContent/packets/RS062_RUNTIME_UI_PROOF_BACKLOG.packets.json,Docs/Lore/AppliedContent/packets/RS062_RUNTIME_UI_PROOF_BACKLOG.packets.json,external_site,UNSPECIFIED_SOURCE_GAP,unlock.scanner_stage_binding_proof_card,confirmed
FACT_APPLIED_LORE_TERMINAL_SLOT_PROOF_CARD_PRIMARY,Docs/Lore/AppliedContent/packets/RS062_RUNTIME_UI_PROOF_BACKLOG.packets.json,Docs/Lore/AppliedContent/packets/RS062_RUNTIME_UI_PROOF_BACKLOG.packets.json,external_site,UNSPECIFIED_SOURCE_GAP,unlock.terminal_slot_proof_card,confirmed
FACT_APPLIED_LORE_DOSSIER_ENDING_RECORD_PROOF_CARD_PRIMARY,Docs/Lore/AppliedContent/packets/RS062_RUNTIME_UI_PROOF_BACKLOG.packets.json,Docs/Lore/AppliedContent/packets/RS062_RUNTIME_UI_PROOF_BACKLOG.packets.json,external_site,UNSPECIFIED_SOURCE_GAP,unlock.dossier_ending_record_proof_card,confirmed
FACT_APPLIED_LORE_LOCALIZED_OVERFLOW_PROOF_CARD_PRIMARY,Docs/Lore/AppliedContent/packets/RS062_RUNTIME_UI_PROOF_BACKLOG.packets.json,Docs/Lore/AppliedContent/packets/RS062_RUNTIME_UI_PROOF_BACKLOG.packets.json,external_site,UNSPECIFIED_SOURCE_GAP,unlock.localized_overflow_proof_card,confirmed
FACT_APPLIED_LORE_SITE_HOME_PAGE_COMPOSITION_LOCK_PRIMARY,Docs/Lore/AppliedContent/packets/RS063_PUBLICATION_COMPOSITION_PROOF_PACK.packets.json,Docs/Lore/AppliedContent/packets/RS063_PUBLICATION_COMPOSITION_PROOF_PACK.packets.json,external_site,UNSPECIFIED_SOURCE_GAP,unlock.site_home_page_composition_lock,confirmed
FACT_APPLIED_LORE_SITE_AEGIR_SYSTEM_ART_COMPOSITION_LOCK_PRIMARY,Docs/Lore/AppliedContent/packets/RS063_PUBLICATION_COMPOSITION_PROOF_PACK.packets.json,Docs/Lore/AppliedContent/packets/RS063_PUBLICATION_COMPOSITION_PROOF_PACK.packets.json,external_site,UNSPECIFIED_SOURCE_GAP,unlock.site_aegir_system_art_composition_lock,confirmed
FACT_APPLIED_LORE_SITE_DEEP_REACH_EVIDENCE_COMPOSITION_LOCK_PRIMARY,Docs/Lore/AppliedContent/packets/RS063_PUBLICATION_COMPOSITION_PROOF_PACK.packets.json,Docs/Lore/AppliedContent/packets/RS063_PUBLICATION_COMPOSITION_PROOF_PACK.packets.json,external_site,UNSPECIFIED_SOURCE_GAP,unlock.site_deep_reach_evidence_composition_lock,confirmed
FACT_APPLIED_LORE_SITE_ATLAS_SPOILER_COMPOSITION_LOCK_PRIMARY,Docs/Lore/AppliedContent/packets/RS063_PUBLICATION_COMPOSITION_PROOF_PACK.packets.json,Docs/Lore/AppliedContent/packets/RS063_PUBLICATION_COMPOSITION_PROOF_PACK.packets.json,external_site,UNSPECIFIED_SOURCE_GAP,unlock.site_atlas_spoiler_composition_lock,confirmed
FACT_APPLIED_LORE_SOCIAL_DEV_NOTE_COPY_LOCK_PRIMARY,Docs/Lore/AppliedContent/packets/RS063_PUBLICATION_COMPOSITION_PROOF_PACK.packets.json,Docs/Lore/AppliedContent/packets/RS063_PUBLICATION_COMPOSITION_PROOF_PACK.packets.json,external_site,UNSPECIFIED_SOURCE_GAP,unlock.social_dev_note_copy_lock,confirmed
FACT_APPLIED_LORE_FIRST_HOUR_PLACEMENT_PRIORITY_LOCK_PRIMARY,Docs/Lore/AppliedContent/packets/RS064_UNITY_PLACEMENT_PRIORITY_BACKLOG.packets.json,Docs/Lore/AppliedContent/packets/RS064_UNITY_PLACEMENT_PRIORITY_BACKLOG.packets.json,external_site,UNSPECIFIED_SOURCE_GAP,unlock.first_hour_placement_priority_lock,confirmed
FACT_APPLIED_LORE_MID_DEPTH_ROUTE_PLACEMENT_PRIORITY_LOCK_PRIMARY,Docs/Lore/AppliedContent/packets/RS064_UNITY_PLACEMENT_PRIORITY_BACKLOG.packets.json,Docs/Lore/AppliedContent/packets/RS064_UNITY_PLACEMENT_PRIORITY_BACKLOG.packets.json,external_site,UNSPECIFIED_SOURCE_GAP,unlock.mid_depth_route_placement_priority_lock,confirmed
FACT_APPLIED_LORE_ECOLOGY_SCAN_PLACEMENT_PRIORITY_LOCK_PRIMARY,Docs/Lore/AppliedContent/packets/RS064_UNITY_PLACEMENT_PRIORITY_BACKLOG.packets.json,Docs/Lore/AppliedContent/packets/RS064_UNITY_PLACEMENT_PRIORITY_BACKLOG.packets.json,external_site,UNSPECIFIED_SOURCE_GAP,unlock.ecology_scan_placement_priority_lock,confirmed
FACT_APPLIED_LORE_FINAL_DESCENT_PLACEMENT_PRIORITY_LOCK_PRIMARY,Docs/Lore/AppliedContent/packets/RS064_UNITY_PLACEMENT_PRIORITY_BACKLOG.packets.json,Docs/Lore/AppliedContent/packets/RS064_UNITY_PLACEMENT_PRIORITY_BACKLOG.packets.json,external_site,UNSPECIFIED_SOURCE_GAP,unlock.final_descent_placement_priority_lock,confirmed
FACT_APPLIED_LORE_TERMINAL_BACKLOG_TRIAGE_LOCK_PRIMARY,Docs/Lore/AppliedContent/packets/RS064_UNITY_PLACEMENT_PRIORITY_BACKLOG.packets.json,Docs/Lore/AppliedContent/packets/RS064_UNITY_PLACEMENT_PRIORITY_BACKLOG.packets.json,external_site,UNSPECIFIED_SOURCE_GAP,unlock.terminal_backlog_triage_lock,confirmed
FACT_APPLIED_LORE_BLACK_KEEL_CLAIM_POOL_CHARTER_PRIMARY,Docs/Lore/AppliedContent/packets/RS065_CARRIER_CONTRACT_OWNERSHIP_SURFACES.packets.json,Docs/Lore/AppliedContent/packets/RS065_CARRIER_CONTRACT_OWNERSHIP_SURFACES.packets.json,external_site,UNSPECIFIED_SOURCE_GAP,unlock.black_keel_claim_pool_charter,confirmed
FACT_APPLIED_LORE_MASKED_DEEP_REACH_BENEFICIARY_CLAUSE_PRIMARY,Docs/Lore/AppliedContent/packets/RS065_CARRIER_CONTRACT_OWNERSHIP_SURFACES.packets.json,Docs/Lore/AppliedContent/packets/RS065_CARRIER_CONTRACT_OWNERSHIP_SURFACES.packets.json,external_site,UNSPECIFIED_SOURCE_GAP,unlock.masked_deep_reach_beneficiary_clause,confirmed
FACT_APPLIED_LORE_ORBITAL_RECOVERY_WINDOW_PROTOCOL_PRIMARY,Docs/Lore/AppliedContent/packets/RS065_CARRIER_CONTRACT_OWNERSHIP_SURFACES.packets.json,Docs/Lore/AppliedContent/packets/RS065_CARRIER_CONTRACT_OWNERSHIP_SURFACES.packets.json,external_site,UNSPECIFIED_SOURCE_GAP,unlock.orbital_recovery_window_protocol,confirmed
FACT_APPLIED_LORE_SALVAGE_CARRIER_AUTONOMY_LIMITS_PRIMARY,Docs/Lore/AppliedContent/packets/RS065_CARRIER_CONTRACT_OWNERSHIP_SURFACES.packets.json,Docs/Lore/AppliedContent/packets/RS065_CARRIER_CONTRACT_OWNERSHIP_SURFACES.packets.json,external_site,UNSPECIFIED_SOURCE_GAP,unlock.salvage_carrier_autonomy_limits,confirmed
FACT_APPLIED_LORE_PLAYER_LIEN_CONTRACT_START_CARD_PRIMARY,Docs/Lore/AppliedContent/packets/RS065_CARRIER_CONTRACT_OWNERSHIP_SURFACES.packets.json,Docs/Lore/AppliedContent/packets/RS065_CARRIER_CONTRACT_OWNERSHIP_SURFACES.packets.json,external_site,UNSPECIFIED_SOURCE_GAP,unlock.player_lien_contract_start_card,confirmed
FACT_APPLIED_LORE_SANITIZED_ACCIDENT_REPLY_WINDOW_PRIMARY,Docs/Lore/AppliedContent/packets/RS066_DEEP_REACH_PRESENT_COMMS_CHAIN.packets.json,Docs/Lore/AppliedContent/packets/RS066_DEEP_REACH_PRESENT_COMMS_CHAIN.packets.json,external_site,UNSPECIFIED_SOURCE_GAP,unlock.sanitized_accident_reply_window,confirmed
FACT_APPLIED_LORE_LEGAL_INSURANCE_AUTOMATED_PING_PRIMARY,Docs/Lore/AppliedContent/packets/RS066_DEEP_REACH_PRESENT_COMMS_CHAIN.packets.json,Docs/Lore/AppliedContent/packets/RS066_DEEP_REACH_PRESENT_COMMS_CHAIN.packets.json,external_site,UNSPECIFIED_SOURCE_GAP,unlock.legal_insurance_automated_ping,confirmed
FACT_APPLIED_LORE_RECOVERY_COMPLIANCE_COORDINATE_DEMAND_PRIMARY,Docs/Lore/AppliedContent/packets/RS066_DEEP_REACH_PRESENT_COMMS_CHAIN.packets.json,Docs/Lore/AppliedContent/packets/RS066_DEEP_REACH_PRESENT_COMMS_CHAIN.packets.json,external_site,UNSPECIFIED_SOURCE_GAP,unlock.recovery_compliance_coordinate_demand,confirmed
FACT_APPLIED_LORE_DEEP_REACH_FACTION_MESSAGE_SPLIT_PRIMARY,Docs/Lore/AppliedContent/packets/RS066_DEEP_REACH_PRESENT_COMMS_CHAIN.packets.json,Docs/Lore/AppliedContent/packets/RS066_DEEP_REACH_PRESENT_COMMS_CHAIN.packets.json,external_site,UNSPECIFIED_SOURCE_GAP,unlock.deep_reach_faction_message_split,confirmed
FACT_APPLIED_LORE_BLACKOUT_WINDOW_SIGNAL_DECAY_PRIMARY,Docs/Lore/AppliedContent/packets/RS066_DEEP_REACH_PRESENT_COMMS_CHAIN.packets.json,Docs/Lore/AppliedContent/packets/RS066_DEEP_REACH_PRESENT_COMMS_CHAIN.packets.json,external_site,UNSPECIFIED_SOURCE_GAP,unlock.blackout_window_signal_decay,confirmed
FACT_APPLIED_LORE_CONDUCTIVE_BIOFILM_REPAIR_BUS_PRIMARY,Docs/Lore/AppliedContent/packets/RS067_ATLAS_REPAIR_NETWORK_MECHANICS.packets.json,Docs/Lore/AppliedContent/packets/RS067_ATLAS_REPAIR_NETWORK_MECHANICS.packets.json,external_site,UNSPECIFIED_SOURCE_GAP,unlock.conductive_biofilm_repair_bus,confirmed
FACT_APPLIED_LORE_ACOUSTIC_FILTER_ORGAN_RELAY_PRIMARY,Docs/Lore/AppliedContent/packets/RS067_ATLAS_REPAIR_NETWORK_MECHANICS.packets.json,Docs/Lore/AppliedContent/packets/RS067_ATLAS_REPAIR_NETWORK_MECHANICS.packets.json,external_site,UNSPECIFIED_SOURCE_GAP,unlock.acoustic_filter_organ_relay,confirmed
FACT_APPLIED_LORE_SHELL_SEALANT_PRESSURE_GROWTH_PRIMARY,Docs/Lore/AppliedContent/packets/RS067_ATLAS_REPAIR_NETWORK_MECHANICS.packets.json,Docs/Lore/AppliedContent/packets/RS067_ATLAS_REPAIR_NETWORK_MECHANICS.packets.json,external_site,UNSPECIFIED_SOURCE_GAP,unlock.shell_sealant_pressure_growth,confirmed
FACT_APPLIED_LORE_SENSOR_TAGGED_FAUNA_FEEDBACK_LOOP_PRIMARY,Docs/Lore/AppliedContent/packets/RS067_ATLAS_REPAIR_NETWORK_MECHANICS.packets.json,Docs/Lore/AppliedContent/packets/RS067_ATLAS_REPAIR_NETWORK_MECHANICS.packets.json,external_site,UNSPECIFIED_SOURCE_GAP,unlock.sensor_tagged_fauna_feedback_loop,confirmed
FACT_APPLIED_LORE_VENT_MICRONODE_POWER_NEST_PRIMARY,Docs/Lore/AppliedContent/packets/RS067_ATLAS_REPAIR_NETWORK_MECHANICS.packets.json,Docs/Lore/AppliedContent/packets/RS067_ATLAS_REPAIR_NETWORK_MECHANICS.packets.json,external_site,UNSPECIFIED_SOURCE_GAP,unlock.vent_micronode_power_nest,confirmed
FACT_APPLIED_LORE_MATERIAL_EXIT_RECEIPT_AUDIT_PRIMARY,Docs/Lore/AppliedContent/packets/RS068_FALSE_EXIT_AFTER_ACTION_RECORDS.packets.json,Docs/Lore/AppliedContent/packets/RS068_FALSE_EXIT_AFTER_ACTION_RECORDS.packets.json,external_site,UNSPECIFIED_SOURCE_GAP,unlock.material_exit_receipt_audit,confirmed
FACT_APPLIED_LORE_PARTIAL_RETURN_LIEN_EXTENSION_PRIMARY,Docs/Lore/AppliedContent/packets/RS068_FALSE_EXIT_AFTER_ACTION_RECORDS.packets.json,Docs/Lore/AppliedContent/packets/RS068_FALSE_EXIT_AFTER_ACTION_RECORDS.packets.json,external_site,UNSPECIFIED_SOURCE_GAP,unlock.partial_return_lien_extension,confirmed
FACT_APPLIED_LORE_QUARANTINE_HOLD_INTERROGATION_RECORD_PRIMARY,Docs/Lore/AppliedContent/packets/RS068_FALSE_EXIT_AFTER_ACTION_RECORDS.packets.json,Docs/Lore/AppliedContent/packets/RS068_FALSE_EXIT_AFTER_ACTION_RECORDS.packets.json,external_site,UNSPECIFIED_SOURCE_GAP,unlock.quarantine_hold_interrogation_record,confirmed
FACT_APPLIED_LORE_CORPORATE_COORDINATE_CAPTURE_RECORD_PRIMARY,Docs/Lore/AppliedContent/packets/RS068_FALSE_EXIT_AFTER_ACTION_RECORDS.packets.json,Docs/Lore/AppliedContent/packets/RS068_FALSE_EXIT_AFTER_ACTION_RECORDS.packets.json,external_site,UNSPECIFIED_SOURCE_GAP,unlock.corporate_coordinate_capture_record,confirmed
FACT_APPLIED_LORE_PUBLIC_LEDGER_AFTERSHOCK_RECORD_PRIMARY,Docs/Lore/AppliedContent/packets/RS068_FALSE_EXIT_AFTER_ACTION_RECORDS.packets.json,Docs/Lore/AppliedContent/packets/RS068_FALSE_EXIT_AFTER_ACTION_RECORDS.packets.json,external_site,UNSPECIFIED_SOURCE_GAP,unlock.public_ledger_aftershock_record,confirmed
FACT_APPLIED_LORE_NEEDLEPROBE_PRECURSOR_PROGRAM_PRIMARY,Docs/Lore/AppliedContent/packets/RS069_SHIP_TECH_TRANSIT_ENCYCLOPEDIA.packets.json,Docs/Lore/AppliedContent/packets/RS069_SHIP_TECH_TRANSIT_ENCYCLOPEDIA.packets.json,external_site,1,unlock.needleprobe_precursor_program,confirmed
FACT_APPLIED_LORE_BEAM_SAIL_AND_PELLET_LANE_PRIMARY,Docs/Lore/AppliedContent/packets/RS069_SHIP_TECH_TRANSIT_ENCYCLOPEDIA.packets.json,Docs/Lore/AppliedContent/packets/RS069_SHIP_TECH_TRANSIT_ENCYCLOPEDIA.packets.json,external_site,1,unlock.beam_sail_and_pellet_lane,confirmed
FACT_APPLIED_LORE_SEED_SHIP_BRAKING_ARCHITECTURE_PRIMARY,Docs/Lore/AppliedContent/packets/RS069_SHIP_TECH_TRANSIT_ENCYCLOPEDIA.packets.json,Docs/Lore/AppliedContent/packets/RS069_SHIP_TECH_TRANSIT_ENCYCLOPEDIA.packets.json,external_site,UNSPECIFIED_SOURCE_GAP,unlock.seed_ship_braking_architecture,confirmed
FACT_APPLIED_LORE_SYSTEM_CARRIER_TUG_STACK_PRIMARY,Docs/Lore/AppliedContent/packets/RS069_SHIP_TECH_TRANSIT_ENCYCLOPEDIA.packets.json,Docs/Lore/AppliedContent/packets/RS069_SHIP_TECH_TRANSIT_ENCYCLOPEDIA.packets.json,external_site,UNSPECIFIED_SOURCE_GAP,unlock.system_carrier_tug_stack,confirmed
FACT_APPLIED_LORE_BLACK_KEEL_BATHYDROP_INTERFACE_PRIMARY,Docs/Lore/AppliedContent/packets/RS069_SHIP_TECH_TRANSIT_ENCYCLOPEDIA.packets.json,Docs/Lore/AppliedContent/packets/RS069_SHIP_TECH_TRANSIT_ENCYCLOPEDIA.packets.json,external_site,UNSPECIFIED_SOURCE_GAP,unlock.black_keel_bathydrop_interface,confirmed
FACT_APPLIED_LORE_AEGIR_PRIMARY_LIGHT_AND_RADIATION_PRIMARY,Docs/Lore/AppliedContent/packets/RS070_AEGIR_MOON_SYSTEM_ATLAS.packets.json,Docs/Lore/AppliedContent/packets/RS070_AEGIR_MOON_SYSTEM_ATLAS.packets.json,external_site,UNSPECIFIED_SOURCE_GAP,unlock.aegir_primary_light_and_radiation,confirmed
FACT_APPLIED_LORE_INNER_RELAY_MOON_TRAFFIC_ROLE_PRIMARY,Docs/Lore/AppliedContent/packets/RS070_AEGIR_MOON_SYSTEM_ATLAS.packets.json,Docs/Lore/AppliedContent/packets/RS070_AEGIR_MOON_SYSTEM_ATLAS.packets.json,external_site,UNSPECIFIED_SOURCE_GAP,unlock.inner_relay_moon_traffic_role,confirmed
FACT_APPLIED_LORE_ICE_SCATTER_MOON_HAZARD_ROLE_PRIMARY,Docs/Lore/AppliedContent/packets/RS070_AEGIR_MOON_SYSTEM_ATLAS.packets.json,Docs/Lore/AppliedContent/packets/RS070_AEGIR_MOON_SYSTEM_ATLAS.packets.json,external_site,UNSPECIFIED_SOURCE_GAP,unlock.ice_scatter_moon_hazard_role,confirmed
FACT_APPLIED_LORE_HECTON8_MID_ORBIT_TIDE_ROLE_PRIMARY,Docs/Lore/AppliedContent/packets/RS070_AEGIR_MOON_SYSTEM_ATLAS.packets.json,Docs/Lore/AppliedContent/packets/RS070_AEGIR_MOON_SYSTEM_ATLAS.packets.json,external_site,UNSPECIFIED_SOURCE_GAP,unlock.hecton8_mid_orbit_tide_role,confirmed
FACT_APPLIED_LORE_OUTER_DEAD_BEACON_MOON_ROLE_PRIMARY,Docs/Lore/AppliedContent/packets/RS070_AEGIR_MOON_SYSTEM_ATLAS.packets.json,Docs/Lore/AppliedContent/packets/RS070_AEGIR_MOON_SYSTEM_ATLAS.packets.json,external_site,UNSPECIFIED_SOURCE_GAP,unlock.outer_dead_beacon_moon_role,confirmed
FACT_APPLIED_LORE_DROWNED_CRUST_STRATA_GUIDE_PRIMARY,Docs/Lore/AppliedContent/packets/RS071_HECTON8_GEOLOGY_RESOURCE_FIELDGUIDE.packets.json,Docs/Lore/AppliedContent/packets/RS071_HECTON8_GEOLOGY_RESOURCE_FIELDGUIDE.packets.json,external_site,1,unlock.drowned_crust_strata_guide,confirmed
FACT_APPLIED_LORE_BRINE_CANYON_DENSITY_LADDER_GUIDE_PRIMARY,Docs/Lore/AppliedContent/packets/RS071_HECTON8_GEOLOGY_RESOURCE_FIELDGUIDE.packets.json,Docs/Lore/AppliedContent/packets/RS071_HECTON8_GEOLOGY_RESOURCE_FIELDGUIDE.packets.json,external_site,UNSPECIFIED_SOURCE_GAP,unlock.brine_canyon_density_ladder_guide,confirmed
FACT_APPLIED_LORE_VENT_FORGE_FIELD_PROCESS_GUIDE_PRIMARY,Docs/Lore/AppliedContent/packets/RS071_HECTON8_GEOLOGY_RESOURCE_FIELDGUIDE.packets.json,Docs/Lore/AppliedContent/packets/RS071_HECTON8_GEOLOGY_RESOURCE_FIELDGUIDE.packets.json,external_site,UNSPECIFIED_SOURCE_GAP,unlock.vent_forge_field_process_guide,confirmed
FACT_APPLIED_LORE_BLUE_DEBT_PRESSURE_HISTORY_GUIDE_PRIMARY,Docs/Lore/AppliedContent/packets/RS071_HECTON8_GEOLOGY_RESOURCE_FIELDGUIDE.packets.json,Docs/Lore/AppliedContent/packets/RS071_HECTON8_GEOLOGY_RESOURCE_FIELDGUIDE.packets.json,external_site,UNSPECIFIED_SOURCE_GAP,unlock.blue_debt_pressure_history_guide,confirmed
FACT_APPLIED_LORE_PRESSURE_GLASS_AND_SEALANT_GUIDE_PRIMARY,Docs/Lore/AppliedContent/packets/RS071_HECTON8_GEOLOGY_RESOURCE_FIELDGUIDE.packets.json,Docs/Lore/AppliedContent/packets/RS071_HECTON8_GEOLOGY_RESOURCE_FIELDGUIDE.packets.json,external_site,UNSPECIFIED_SOURCE_GAP,unlock.pressure_glass_and_sealant_guide,confirmed
FACT_APPLIED_LORE_PRESSURE_BUNK_SHIFT_ROUTINE_PRIMARY,Docs/Lore/AppliedContent/packets/RS072_COLONY_DAILY_LIFE_EVIDENCE_ATLAS.packets.json,Docs/Lore/AppliedContent/packets/RS072_COLONY_DAILY_LIFE_EVIDENCE_ATLAS.packets.json,external_site,UNSPECIFIED_SOURCE_GAP,unlock.pressure_bunk_shift_routine,confirmed
FACT_APPLIED_LORE_CANTEEN_WATER_LEDGER_PRIMARY,Docs/Lore/AppliedContent/packets/RS072_COLONY_DAILY_LIFE_EVIDENCE_ATLAS.packets.json,Docs/Lore/AppliedContent/packets/RS072_COLONY_DAILY_LIFE_EVIDENCE_ATLAS.packets.json,external_site,UNSPECIFIED_SOURCE_GAP,unlock.canteen_water_ledger,confirmed
FACT_APPLIED_LORE_TOOL_CERTIFICATION_RITUALS_PRIMARY,Docs/Lore/AppliedContent/packets/RS072_COLONY_DAILY_LIFE_EVIDENCE_ATLAS.packets.json,Docs/Lore/AppliedContent/packets/RS072_COLONY_DAILY_LIFE_EVIDENCE_ATLAS.packets.json,external_site,UNSPECIFIED_SOURCE_GAP,unlock.tool_certification_rituals,confirmed
FACT_APPLIED_LORE_WORKER_COMMUNITY_NO_FAMILY_HOOK_RULE_PRIMARY,Docs/Lore/AppliedContent/packets/RS072_COLONY_DAILY_LIFE_EVIDENCE_ATLAS.packets.json,Docs/Lore/AppliedContent/packets/RS072_COLONY_DAILY_LIFE_EVIDENCE_ATLAS.packets.json,external_site,1,unlock.worker_community_no_family_hook_rule,confirmed
FACT_APPLIED_LORE_LAST_NORMAL_DAY_EVIDENCE_SET_PRIMARY,Docs/Lore/AppliedContent/packets/RS072_COLONY_DAILY_LIFE_EVIDENCE_ATLAS.packets.json,Docs/Lore/AppliedContent/packets/RS072_COLONY_DAILY_LIFE_EVIDENCE_ATLAS.packets.json,external_site,UNSPECIFIED_SOURCE_GAP,unlock.last_normal_day_evidence_set,confirmed
FACT_APPLIED_LORE_ACOUSTIC_RELAY_SPINE_ASSEMBLY_PRIMARY,Docs/Lore/AppliedContent/packets/RS073_ESCAPE_ASCENT_ENGINEERING_COMPONENTS.packets.json,Docs/Lore/AppliedContent/packets/RS073_ESCAPE_ASCENT_ENGINEERING_COMPONENTS.packets.json,external_site,UNSPECIFIED_SOURCE_GAP,unlock.acoustic_relay_spine_assembly,confirmed
FACT_APPLIED_LORE_PRESSURE_SEAL_CLAMP_RING_ASSEMBLY_PRIMARY,Docs/Lore/AppliedContent/packets/RS073_ESCAPE_ASCENT_ENGINEERING_COMPONENTS.packets.json,Docs/Lore/AppliedContent/packets/RS073_ESCAPE_ASCENT_ENGINEERING_COMPONENTS.packets.json,external_site,UNSPECIFIED_SOURCE_GAP,unlock.pressure_seal_clamp_ring_assembly,confirmed
FACT_APPLIED_LORE_GUIDANCE_TIMING_CORE_ASSEMBLY_PRIMARY,Docs/Lore/AppliedContent/packets/RS073_ESCAPE_ASCENT_ENGINEERING_COMPONENTS.packets.json,Docs/Lore/AppliedContent/packets/RS073_ESCAPE_ASCENT_ENGINEERING_COMPONENTS.packets.json,external_site,UNSPECIFIED_SOURCE_GAP,unlock.guidance_timing_core_assembly,confirmed
FACT_APPLIED_LORE_ASCENT_ENERGY_CHARGE_ASSEMBLY_PRIMARY,Docs/Lore/AppliedContent/packets/RS073_ESCAPE_ASCENT_ENGINEERING_COMPONENTS.packets.json,Docs/Lore/AppliedContent/packets/RS073_ESCAPE_ASCENT_ENGINEERING_COMPONENTS.packets.json,external_site,UNSPECIFIED_SOURCE_GAP,unlock.ascent_energy_charge_assembly,confirmed
FACT_APPLIED_LORE_QUARANTINE_LEGAL_HANDSHAKE_ASSEMBLY_PRIMARY,Docs/Lore/AppliedContent/packets/RS073_ESCAPE_ASCENT_ENGINEERING_COMPONENTS.packets.json,Docs/Lore/AppliedContent/packets/RS073_ESCAPE_ASCENT_ENGINEERING_COMPONENTS.packets.json,external_site,UNSPECIFIED_SOURCE_GAP,unlock.quarantine_legal_handshake_assembly,confirmed
FACT_APPLIED_LORE_FIELD_SYSTEMS_SPECIALIST_RECORD_PRIMARY,Docs/Lore/AppliedContent/packets/RS074_PLAYER_EX_DEEP_REACH_PROFESSIONAL_DOSSIER.packets.json,Docs/Lore/AppliedContent/packets/RS074_PLAYER_EX_DEEP_REACH_PROFESSIONAL_DOSSIER.packets.json,external_site,UNSPECIFIED_SOURCE_GAP,unlock.field_systems_specialist_record,confirmed
FACT_APPLIED_LORE_REVOKED_ACCESS_LANGUAGE_TRACE_PRIMARY,Docs/Lore/AppliedContent/packets/RS074_PLAYER_EX_DEEP_REACH_PROFESSIONAL_DOSSIER.packets.json,Docs/Lore/AppliedContent/packets/RS074_PLAYER_EX_DEEP_REACH_PROFESSIONAL_DOSSIER.packets.json,external_site,UNSPECIFIED_SOURCE_GAP,unlock.revoked_access_language_trace,confirmed
FACT_APPLIED_LORE_OLD_PROCEDURE_RECOGNITION_CUE_PRIMARY,Docs/Lore/AppliedContent/packets/RS074_PLAYER_EX_DEEP_REACH_PROFESSIONAL_DOSSIER.packets.json,Docs/Lore/AppliedContent/packets/RS074_PLAYER_EX_DEEP_REACH_PROFESSIONAL_DOSSIER.packets.json,external_site,UNSPECIFIED_SOURCE_GAP,unlock.old_procedure_recognition_cue,confirmed
FACT_APPLIED_LORE_DEBT_BLACKLIST_CONTRACT_PRESSURE_PRIMARY,Docs/Lore/AppliedContent/packets/RS074_PLAYER_EX_DEEP_REACH_PROFESSIONAL_DOSSIER.packets.json,Docs/Lore/AppliedContent/packets/RS074_PLAYER_EX_DEEP_REACH_PROFESSIONAL_DOSSIER.packets.json,external_site,UNSPECIFIED_SOURCE_GAP,unlock.debt_blacklist_contract_pressure,confirmed
FACT_APPLIED_LORE_PROFESSIONAL_GUILT_TO_PERSONAL_STAKE_PRIMARY,Docs/Lore/AppliedContent/packets/RS074_PLAYER_EX_DEEP_REACH_PROFESSIONAL_DOSSIER.packets.json,Docs/Lore/AppliedContent/packets/RS074_PLAYER_EX_DEEP_REACH_PROFESSIONAL_DOSSIER.packets.json,external_site,UNSPECIFIED_SOURCE_GAP,unlock.professional_guilt_to_personal_stake,confirmed
FACT_APPLIED_LORE_GREAT_TIDE_SENSOR_MARGIN_PROOF_PRIMARY,Docs/Lore/AppliedContent/packets/RS075_DEEP_REACH_LIE_PHYSICAL_PROOF_CHAIN.packets.json,Docs/Lore/AppliedContent/packets/RS075_DEEP_REACH_LIE_PHYSICAL_PROOF_CHAIN.packets.json,external_site,UNSPECIFIED_SOURCE_GAP,unlock.great_tide_sensor_margin_proof,confirmed
FACT_APPLIED_LORE_EVACUATION_QUEUE_DELAY_PROOF_PRIMARY,Docs/Lore/AppliedContent/packets/RS075_DEEP_REACH_LIE_PHYSICAL_PROOF_CHAIN.packets.json,Docs/Lore/AppliedContent/packets/RS075_DEEP_REACH_LIE_PHYSICAL_PROOF_CHAIN.packets.json,external_site,UNSPECIFIED_SOURCE_GAP,unlock.evacuation_queue_delay_proof,confirmed
FACT_APPLIED_LORE_ATLAS_WEIGHTING_AUDIT_PROOF_PRIMARY,Docs/Lore/AppliedContent/packets/RS075_DEEP_REACH_LIE_PHYSICAL_PROOF_CHAIN.packets.json,Docs/Lore/AppliedContent/packets/RS075_DEEP_REACH_LIE_PHYSICAL_PROOF_CHAIN.packets.json,external_site,UNSPECIFIED_SOURCE_GAP,unlock.atlas_weighting_audit_proof,confirmed
FACT_APPLIED_LORE_QUARANTINE_RELEASE_DELAY_PROOF_PRIMARY,Docs/Lore/AppliedContent/packets/RS075_DEEP_REACH_LIE_PHYSICAL_PROOF_CHAIN.packets.json,Docs/Lore/AppliedContent/packets/RS075_DEEP_REACH_LIE_PHYSICAL_PROOF_CHAIN.packets.json,external_site,UNSPECIFIED_SOURCE_GAP,unlock.quarantine_release_delay_proof,confirmed
FACT_APPLIED_LORE_CLAIM_CONTINUITY_LOSS_CONVERSION_PROOF_PRIMARY,Docs/Lore/AppliedContent/packets/RS075_DEEP_REACH_LIE_PHYSICAL_PROOF_CHAIN.packets.json,Docs/Lore/AppliedContent/packets/RS075_DEEP_REACH_LIE_PHYSICAL_PROOF_CHAIN.packets.json,external_site,UNSPECIFIED_SOURCE_GAP,unlock.claim_continuity_loss_conversion_proof,confirmed
FACT_APPLIED_LORE_PAYLOAD_SELL_COORDINATES_RECEIVER_PROTOCOL_PRIMARY,Docs/Lore/AppliedContent/packets/RS076_ATLAS_FINAL_PAYLOAD_RECEIVER_PROTOCOLS.packets.json,Docs/Lore/AppliedContent/packets/RS076_ATLAS_FINAL_PAYLOAD_RECEIVER_PROTOCOLS.packets.json,external_site,2,unlock.payload_sell_coordinates_receiver_protocol,confirmed
FACT_APPLIED_LORE_PAYLOAD_SEVER_ATLAS_RECEIVER_PROTOCOL_PRIMARY,Docs/Lore/AppliedContent/packets/RS076_ATLAS_FINAL_PAYLOAD_RECEIVER_PROTOCOLS.packets.json,Docs/Lore/AppliedContent/packets/RS076_ATLAS_FINAL_PAYLOAD_RECEIVER_PROTOCOLS.packets.json,external_site,UNSPECIFIED_SOURCE_GAP,unlock.payload_sever_atlas_receiver_protocol,confirmed
FACT_APPLIED_LORE_PAYLOAD_PRESERVE_QUARANTINE_RECEIVER_PROTOCOL_PRIMARY,Docs/Lore/AppliedContent/packets/RS076_ATLAS_FINAL_PAYLOAD_RECEIVER_PROTOCOLS.packets.json,Docs/Lore/AppliedContent/packets/RS076_ATLAS_FINAL_PAYLOAD_RECEIVER_PROTOCOLS.packets.json,external_site,UNSPECIFIED_SOURCE_GAP,unlock.payload_preserve_quarantine_receiver_protocol,confirmed
FACT_APPLIED_LORE_PAYLOAD_PUBLIC_LEDGER_RECEIVER_PROTOCOL_PRIMARY,Docs/Lore/AppliedContent/packets/RS076_ATLAS_FINAL_PAYLOAD_RECEIVER_PROTOCOLS.packets.json,Docs/Lore/AppliedContent/packets/RS076_ATLAS_FINAL_PAYLOAD_RECEIVER_PROTOCOLS.packets.json,external_site,UNSPECIFIED_SOURCE_GAP,unlock.payload_public_ledger_receiver_protocol,confirmed
FACT_APPLIED_LORE_PAYLOAD_WITHHOLD_BLIND_RETURN_PROTOCOL_PRIMARY,Docs/Lore/AppliedContent/packets/RS076_ATLAS_FINAL_PAYLOAD_RECEIVER_PROTOCOLS.packets.json,Docs/Lore/AppliedContent/packets/RS076_ATLAS_FINAL_PAYLOAD_RECEIVER_PROTOCOLS.packets.json,external_site,2,unlock.payload_withhold_blind_return_protocol,confirmed
FACT_APPLIED_LORE_CONTRACT_APPROACH_ACT_GATE_PRIMARY,Docs/Lore/AppliedContent/packets/RS077_LONG_CAMPAIGN_ACT_SPINE.packets.json,Docs/Lore/AppliedContent/packets/RS077_LONG_CAMPAIGN_ACT_SPINE.packets.json,external_site,1,unlock.contract_approach_act_gate,confirmed
FACT_APPLIED_LORE_PHOTIC_SHELF_SURVIVAL_ACT_PRIMARY,Docs/Lore/AppliedContent/packets/RS077_LONG_CAMPAIGN_ACT_SPINE.packets.json,Docs/Lore/AppliedContent/packets/RS077_LONG_CAMPAIGN_ACT_SPINE.packets.json,external_site,UNSPECIFIED_SOURCE_GAP,unlock.photic_shelf_survival_act,confirmed
FACT_APPLIED_LORE_BRINE_CANYON_LIABILITY_ACT_PRIMARY,Docs/Lore/AppliedContent/packets/RS077_LONG_CAMPAIGN_ACT_SPINE.packets.json,Docs/Lore/AppliedContent/packets/RS077_LONG_CAMPAIGN_ACT_SPINE.packets.json,external_site,UNSPECIFIED_SOURCE_GAP,unlock.brine_canyon_liability_act,confirmed
FACT_APPLIED_LORE_ABYSSAL_MACHINE_FIELD_REPAIR_ACT_PRIMARY,Docs/Lore/AppliedContent/packets/RS077_LONG_CAMPAIGN_ACT_SPINE.packets.json,Docs/Lore/AppliedContent/packets/RS077_LONG_CAMPAIGN_ACT_SPINE.packets.json,external_site,UNSPECIFIED_SOURCE_GAP,unlock.abyssal_machine_field_repair_act,confirmed
FACT_APPLIED_LORE_ATLAS_BASIN_PAYLOAD_ACT_PRIMARY,Docs/Lore/AppliedContent/packets/RS077_LONG_CAMPAIGN_ACT_SPINE.packets.json,Docs/Lore/AppliedContent/packets/RS077_LONG_CAMPAIGN_ACT_SPINE.packets.json,external_site,UNSPECIFIED_SOURCE_GAP,unlock.atlas_basin_payload_act,confirmed
FACT_APPLIED_LORE_SHALLOW_ANNEX_P63_POI_KIT_PRIMARY,Docs/Lore/AppliedContent/packets/RS078_MAJOR_POI_EVIDENCE_KITS.packets.json,Docs/Lore/AppliedContent/packets/RS078_MAJOR_POI_EVIDENCE_KITS.packets.json,external_site,UNSPECIFIED_SOURCE_GAP,unlock.shallow_annex_p63_poi_kit,confirmed
FACT_APPLIED_LORE_CABLE_REEF_RELAY_YARD_POI_KIT_PRIMARY,Docs/Lore/AppliedContent/packets/RS078_MAJOR_POI_EVIDENCE_KITS.packets.json,Docs/Lore/AppliedContent/packets/RS078_MAJOR_POI_EVIDENCE_KITS.packets.json,external_site,UNSPECIFIED_SOURCE_GAP,unlock.cable_reef_relay_yard_poi_kit,confirmed
FACT_APPLIED_LORE_BRINE_CANYON_PUMP_CATHEDRAL_POI_KIT_PRIMARY,Docs/Lore/AppliedContent/packets/RS078_MAJOR_POI_EVIDENCE_KITS.packets.json,Docs/Lore/AppliedContent/packets/RS078_MAJOR_POI_EVIDENCE_KITS.packets.json,external_site,UNSPECIFIED_SOURCE_GAP,unlock.brine_canyon_pump_cathedral_poi_kit,confirmed
FACT_APPLIED_LORE_EVACUATION_QUEUE_TERMINAL_POI_KIT_PRIMARY,Docs/Lore/AppliedContent/packets/RS078_MAJOR_POI_EVIDENCE_KITS.packets.json,Docs/Lore/AppliedContent/packets/RS078_MAJOR_POI_EVIDENCE_KITS.packets.json,external_site,UNSPECIFIED_SOURCE_GAP,unlock.evacuation_queue_terminal_poi_kit,confirmed
FACT_APPLIED_LORE_ATLAS_SERVICE_BASIN_POI_KIT_PRIMARY,Docs/Lore/AppliedContent/packets/RS078_MAJOR_POI_EVIDENCE_KITS.packets.json,Docs/Lore/AppliedContent/packets/RS078_MAJOR_POI_EVIDENCE_KITS.packets.json,external_site,UNSPECIFIED_SOURCE_GAP,unlock.atlas_service_basin_poi_kit,confirmed
FACT_APPLIED_LORE_QUIET_SALVAGE_CONTRACT_SEED_PRIMARY,Docs/Lore/AppliedContent/packets/RS079_REPLAY_CONTRACT_SEED_FAMILIES.packets.json,Docs/Lore/AppliedContent/packets/RS079_REPLAY_CONTRACT_SEED_FAMILIES.packets.json,external_site,UNSPECIFIED_SOURCE_GAP,unlock.quiet_salvage_contract_seed,confirmed
FACT_APPLIED_LORE_STORM_WINDOW_RUSH_CONTRACT_SEED_PRIMARY,Docs/Lore/AppliedContent/packets/RS079_REPLAY_CONTRACT_SEED_FAMILIES.packets.json,Docs/Lore/AppliedContent/packets/RS079_REPLAY_CONTRACT_SEED_FAMILIES.packets.json,external_site,UNSPECIFIED_SOURCE_GAP,unlock.storm_window_rush_contract_seed,confirmed
FACT_APPLIED_LORE_HIGH_CUSTODY_SAMPLE_CONTRACT_SEED_PRIMARY,Docs/Lore/AppliedContent/packets/RS079_REPLAY_CONTRACT_SEED_FAMILIES.packets.json,Docs/Lore/AppliedContent/packets/RS079_REPLAY_CONTRACT_SEED_FAMILIES.packets.json,external_site,UNSPECIFIED_SOURCE_GAP,unlock.high_custody_sample_contract_seed,confirmed
FACT_APPLIED_LORE_EVIDENCE_FIRST_CHARTER_CONTRACT_SEED_PRIMARY,Docs/Lore/AppliedContent/packets/RS079_REPLAY_CONTRACT_SEED_FAMILIES.packets.json,Docs/Lore/AppliedContent/packets/RS079_REPLAY_CONTRACT_SEED_FAMILIES.packets.json,external_site,UNSPECIFIED_SOURCE_GAP,unlock.evidence_first_charter_contract_seed,confirmed
FACT_APPLIED_LORE_RECOVERY_COMPLIANCE_BAIT_CONTRACT_SEED_PRIMARY,Docs/Lore/AppliedContent/packets/RS079_REPLAY_CONTRACT_SEED_FAMILIES.packets.json,Docs/Lore/AppliedContent/packets/RS079_REPLAY_CONTRACT_SEED_FAMILIES.packets.json,external_site,UNSPECIFIED_SOURCE_GAP,unlock.recovery_compliance_bait_contract_seed,confirmed
FACT_APPLIED_LORE_PUBLIC_STARTING_PREMISE_ARTICLE_MODULE_PRIMARY,Docs/Lore/AppliedContent/packets/RS080_PUBLIC_WIKI_ARTICLE_MODULES.packets.json,Docs/Lore/AppliedContent/packets/RS080_PUBLIC_WIKI_ARTICLE_MODULES.packets.json,external_site,1,unlock.public_starting_premise_article_module,confirmed
FACT_APPLIED_LORE_PUBLIC_NO_FTL_ROUTE_ARTICLE_MODULE_PRIMARY,Docs/Lore/AppliedContent/packets/RS080_PUBLIC_WIKI_ARTICLE_MODULES.packets.json,Docs/Lore/AppliedContent/packets/RS080_PUBLIC_WIKI_ARTICLE_MODULES.packets.json,external_site,1,unlock.public_no_ftl_route_article_module,confirmed
FACT_APPLIED_LORE_PUBLIC_AEGIR_MOON_MAP_ARTICLE_MODULE_PRIMARY,Docs/Lore/AppliedContent/packets/RS080_PUBLIC_WIKI_ARTICLE_MODULES.packets.json,Docs/Lore/AppliedContent/packets/RS080_PUBLIC_WIKI_ARTICLE_MODULES.packets.json,external_site,UNSPECIFIED_SOURCE_GAP,unlock.public_aegir_moon_map_article_module,confirmed
FACT_APPLIED_LORE_PUBLIC_DEEP_REACH_LIABILITY_ARTICLE_MODULE_PRIMARY,Docs/Lore/AppliedContent/packets/RS080_PUBLIC_WIKI_ARTICLE_MODULES.packets.json,Docs/Lore/AppliedContent/packets/RS080_PUBLIC_WIKI_ARTICLE_MODULES.packets.json,external_site,UNSPECIFIED_SOURCE_GAP,unlock.public_deep_reach_liability_article_module,confirmed
FACT_APPLIED_LORE_PUBLIC_ATLAS_SPOILER_GATE_ARTICLE_MODULE_PRIMARY,Docs/Lore/AppliedContent/packets/RS080_PUBLIC_WIKI_ARTICLE_MODULES.packets.json,Docs/Lore/AppliedContent/packets/RS080_PUBLIC_WIKI_ARTICLE_MODULES.packets.json,external_site,2,unlock.public_atlas_spoiler_gate_article_module,confirmed
FACT_APPLIED_LORE_MARA_VENN_PUMP_CHIEF_DOSSIER_PRIMARY,Docs/Lore/AppliedContent/packets/RS081_COLONY_ANCHOR_WORKER_DOSSIERS.packets.json,Docs/Lore/AppliedContent/packets/RS081_COLONY_ANCHOR_WORKER_DOSSIERS.packets.json,external_site,1,unlock.mara_venn_pump_chief_dossier,confirmed
FACT_APPLIED_LORE_JUNO_KADE_RELAY_NOTARY_DOSSIER_PRIMARY,Docs/Lore/AppliedContent/packets/RS081_COLONY_ANCHOR_WORKER_DOSSIERS.packets.json,Docs/Lore/AppliedContent/packets/RS081_COLONY_ANCHOR_WORKER_DOSSIERS.packets.json,external_site,UNSPECIFIED_SOURCE_GAP,unlock.juno_kade_relay_notary_dossier,confirmed
FACT_APPLIED_LORE_REN_OKOYE_BRINE_CARTOGRAPHER_DOSSIER_PRIMARY,Docs/Lore/AppliedContent/packets/RS081_COLONY_ANCHOR_WORKER_DOSSIERS.packets.json,Docs/Lore/AppliedContent/packets/RS081_COLONY_ANCHOR_WORKER_DOSSIERS.packets.json,external_site,UNSPECIFIED_SOURCE_GAP,unlock.ren_okoye_brine_cartographer_dossier,confirmed
FACT_APPLIED_LORE_SAHANA_IQBAL_TRIAGE_MECHANIC_DOSSIER_PRIMARY,Docs/Lore/AppliedContent/packets/RS081_COLONY_ANCHOR_WORKER_DOSSIERS.packets.json,Docs/Lore/AppliedContent/packets/RS081_COLONY_ANCHOR_WORKER_DOSSIERS.packets.json,external_site,UNSPECIFIED_SOURCE_GAP,unlock.sahana_iqbal_triage_mechanic_dossier,confirmed
FACT_APPLIED_LORE_LIAN_TORRES_VENT_FORGE_OPERATOR_DOSSIER_PRIMARY,Docs/Lore/AppliedContent/packets/RS081_COLONY_ANCHOR_WORKER_DOSSIERS.packets.json,Docs/Lore/AppliedContent/packets/RS081_COLONY_ANCHOR_WORKER_DOSSIERS.packets.json,external_site,1,unlock.lian_torres_vent_forge_operator_dossier,confirmed
FACT_APPLIED_LORE_VARNEK_MARGIN_ACCEPTANCE_MEMO_ARTIFACT_PRIMARY,Docs/Lore/AppliedContent/packets/RS082_DEEP_REACH_ARTIFACT_MEMO_PACK.packets.json,Docs/Lore/AppliedContent/packets/RS082_DEEP_REACH_ARTIFACT_MEMO_PACK.packets.json,external_site,UNSPECIFIED_SOURCE_GAP,unlock.varnek_margin_acceptance_memo_artifact,confirmed
FACT_APPLIED_LORE_ARENDT_ATLAS_WEIGHTING_WAIVER_ARTIFACT_PRIMARY,Docs/Lore/AppliedContent/packets/RS082_DEEP_REACH_ARTIFACT_MEMO_PACK.packets.json,Docs/Lore/AppliedContent/packets/RS082_DEEP_REACH_ARTIFACT_MEMO_PACK.packets.json,external_site,UNSPECIFIED_SOURCE_GAP,unlock.arendt_atlas_weighting_waiver_artifact,confirmed
FACT_APPLIED_LORE_HALDANE_QUARANTINE_RELEASE_HOLD_ARTIFACT_PRIMARY,Docs/Lore/AppliedContent/packets/RS082_DEEP_REACH_ARTIFACT_MEMO_PACK.packets.json,Docs/Lore/AppliedContent/packets/RS082_DEEP_REACH_ARTIFACT_MEMO_PACK.packets.json,external_site,UNSPECIFIED_SOURCE_GAP,unlock.haldane_quarantine_release_hold_artifact,confirmed
FACT_APPLIED_LORE_IBARRA_LOSS_CONVERSION_LEDGER_ARTIFACT_PRIMARY,Docs/Lore/AppliedContent/packets/RS082_DEEP_REACH_ARTIFACT_MEMO_PACK.packets.json,Docs/Lore/AppliedContent/packets/RS082_DEEP_REACH_ARTIFACT_MEMO_PACK.packets.json,external_site,UNSPECIFIED_SOURCE_GAP,unlock.ibarra_loss_conversion_ledger_artifact,confirmed
FACT_APPLIED_LORE_SATO_REN_RETURN_ACTION_PACKET_ARTIFACT_PRIMARY,Docs/Lore/AppliedContent/packets/RS082_DEEP_REACH_ARTIFACT_MEMO_PACK.packets.json,Docs/Lore/AppliedContent/packets/RS082_DEEP_REACH_ARTIFACT_MEMO_PACK.packets.json,external_site,UNSPECIFIED_SOURCE_GAP,unlock.sato_ren_return_action_packet_artifact,confirmed
FACT_APPLIED_LORE_PREDATOR_SHADOW_ENCOUNTER_GRAMMAR_PRIMARY,Docs/Lore/AppliedContent/packets/RS083_FAUNA_ENCOUNTER_GRAMMAR.packets.json,Docs/Lore/AppliedContent/packets/RS083_FAUNA_ENCOUNTER_GRAMMAR.packets.json,external_site,1,unlock.predator_shadow_encounter_grammar,confirmed
FACT_APPLIED_LORE_GLASS_GRAZER_CLEARING_ENCOUNTER_GRAMMAR_PRIMARY,Docs/Lore/AppliedContent/packets/RS083_FAUNA_ENCOUNTER_GRAMMAR.packets.json,Docs/Lore/AppliedContent/packets/RS083_FAUNA_ENCOUNTER_GRAMMAR.packets.json,external_site,UNSPECIFIED_SOURCE_GAP,unlock.glass_grazer_clearing_encounter_grammar,confirmed
FACT_APPLIED_LORE_LANTERN_DRIFT_FALSE_SAFE_ENCOUNTER_GRAMMAR_PRIMARY,Docs/Lore/AppliedContent/packets/RS083_FAUNA_ENCOUNTER_GRAMMAR.packets.json,Docs/Lore/AppliedContent/packets/RS083_FAUNA_ENCOUNTER_GRAMMAR.packets.json,external_site,UNSPECIFIED_SOURCE_GAP,unlock.lantern_drift_false_safe_encounter_grammar,confirmed
FACT_APPLIED_LORE_BRINE_VANE_NAVIGATION_ENCOUNTER_GRAMMAR_PRIMARY,Docs/Lore/AppliedContent/packets/RS083_FAUNA_ENCOUNTER_GRAMMAR.packets.json,Docs/Lore/AppliedContent/packets/RS083_FAUNA_ENCOUNTER_GRAMMAR.packets.json,external_site,UNSPECIFIED_SOURCE_GAP,unlock.brine_vane_navigation_encounter_grammar,confirmed
FACT_APPLIED_LORE_SENSOR_TAGGED_FAUNA_PURSUIT_ENCOUNTER_GRAMMAR_PRIMARY,Docs/Lore/AppliedContent/packets/RS083_FAUNA_ENCOUNTER_GRAMMAR.packets.json,Docs/Lore/AppliedContent/packets/RS083_FAUNA_ENCOUNTER_GRAMMAR.packets.json,external_site,1,unlock.sensor_tagged_fauna_pursuit_encounter_grammar,confirmed
FACT_APPLIED_LORE_SITE_WIKI_START_HERE_CLUSTER_PRIMARY,Docs/Lore/AppliedContent/packets/RS084_SITE_WIKI_NAVIGATION_CLUSTERS.packets.json,Docs/Lore/AppliedContent/packets/RS084_SITE_WIKI_NAVIGATION_CLUSTERS.packets.json,external_site,1,unlock.site_wiki_start_here_cluster,confirmed
FACT_APPLIED_LORE_SITE_WIKI_SYSTEM_AND_SHIPS_CLUSTER_PRIMARY,Docs/Lore/AppliedContent/packets/RS084_SITE_WIKI_NAVIGATION_CLUSTERS.packets.json,Docs/Lore/AppliedContent/packets/RS084_SITE_WIKI_NAVIGATION_CLUSTERS.packets.json,external_site,1,unlock.site_wiki_system_and_ships_cluster,confirmed
FACT_APPLIED_LORE_SITE_WIKI_COLONY_AND_WORKERS_CLUSTER_PRIMARY,Docs/Lore/AppliedContent/packets/RS084_SITE_WIKI_NAVIGATION_CLUSTERS.packets.json,Docs/Lore/AppliedContent/packets/RS084_SITE_WIKI_NAVIGATION_CLUSTERS.packets.json,external_site,1,unlock.site_wiki_colony_and_workers_cluster,confirmed
FACT_APPLIED_LORE_SITE_WIKI_RESOURCES_AND_ECOLOGY_CLUSTER_PRIMARY,Docs/Lore/AppliedContent/packets/RS084_SITE_WIKI_NAVIGATION_CLUSTERS.packets.json,Docs/Lore/AppliedContent/packets/RS084_SITE_WIKI_NAVIGATION_CLUSTERS.packets.json,external_site,1,unlock.site_wiki_resources_and_ecology_cluster,confirmed
FACT_APPLIED_LORE_SITE_WIKI_ENDINGS_SPOILER_CLUSTER_PRIMARY,Docs/Lore/AppliedContent/packets/RS084_SITE_WIKI_NAVIGATION_CLUSTERS.packets.json,Docs/Lore/AppliedContent/packets/RS084_SITE_WIKI_NAVIGATION_CLUSTERS.packets.json,external_site,1;2,unlock.site_wiki_endings_spoiler_cluster,confirmed
FACT_APPLIED_LORE_RAN_AEGIR_PUBLIC_DISTANCE_BAND_PRIMARY,Docs/Lore/AppliedContent/packets/RS085_CELESTIAL_EPHEMERIS_PUBLIC_BANDS.packets.json,Docs/Lore/AppliedContent/packets/RS085_CELESTIAL_EPHEMERIS_PUBLIC_BANDS.packets.json,external_site,UNSPECIFIED_SOURCE_GAP,unlock.ran_aegir_public_distance_band,confirmed
FACT_APPLIED_LORE_AEGIR_LOCAL_WINDOW_BAND_TABLE_PRIMARY,Docs/Lore/AppliedContent/packets/RS085_CELESTIAL_EPHEMERIS_PUBLIC_BANDS.packets.json,Docs/Lore/AppliedContent/packets/RS085_CELESTIAL_EPHEMERIS_PUBLIC_BANDS.packets.json,external_site,UNSPECIFIED_SOURCE_GAP,unlock.aegir_local_window_band_table,confirmed
FACT_APPLIED_LORE_HECTON8_MOON_LADDER_PUBLIC_BAND_PRIMARY,Docs/Lore/AppliedContent/packets/RS085_CELESTIAL_EPHEMERIS_PUBLIC_BANDS.packets.json,Docs/Lore/AppliedContent/packets/RS085_CELESTIAL_EPHEMERIS_PUBLIC_BANDS.packets.json,external_site,UNSPECIFIED_SOURCE_GAP,unlock.hecton8_moon_ladder_public_band,confirmed
FACT_APPLIED_LORE_BLACK_KEEL_TRANSFER_ORBIT_BAND_PRIMARY,Docs/Lore/AppliedContent/packets/RS085_CELESTIAL_EPHEMERIS_PUBLIC_BANDS.packets.json,Docs/Lore/AppliedContent/packets/RS085_CELESTIAL_EPHEMERIS_PUBLIC_BANDS.packets.json,external_site,UNSPECIFIED_SOURCE_GAP,unlock.black_keel_transfer_orbit_band,confirmed
FACT_APPLIED_LORE_PUBLIC_EPHEMERIS_TABLE_HANDOFF_RULE_PRIMARY,Docs/Lore/AppliedContent/packets/RS085_CELESTIAL_EPHEMERIS_PUBLIC_BANDS.packets.json,Docs/Lore/AppliedContent/packets/RS085_CELESTIAL_EPHEMERIS_PUBLIC_BANDS.packets.json,external_site,UNSPECIFIED_SOURCE_GAP,unlock.public_ephemeris_table_handoff_rule,confirmed
FACT_APPLIED_LORE_BLUE_DEBT_CUSTODY_GRADE_RECEIPT_PRIMARY,Docs/Lore/AppliedContent/packets/RS086_RESOURCE_ECONOMY_ARTIFACTS.packets.json,Docs/Lore/AppliedContent/packets/RS086_RESOURCE_ECONOMY_ARTIFACTS.packets.json,external_site,UNSPECIFIED_SOURCE_GAP,unlock.blue_debt_custody_grade_receipt,confirmed
FACT_APPLIED_LORE_PRESSURE_GLASS_FIELD_CERTIFICATE_PRIMARY,Docs/Lore/AppliedContent/packets/RS086_RESOURCE_ECONOMY_ARTIFACTS.packets.json,Docs/Lore/AppliedContent/packets/RS086_RESOURCE_ECONOMY_ARTIFACTS.packets.json,external_site,UNSPECIFIED_SOURCE_GAP,unlock.pressure_glass_field_certificate,confirmed
FACT_APPLIED_LORE_BRINE_SALT_PROCESS_LOT_CARD_PRIMARY,Docs/Lore/AppliedContent/packets/RS086_RESOURCE_ECONOMY_ARTIFACTS.packets.json,Docs/Lore/AppliedContent/packets/RS086_RESOURCE_ECONOMY_ARTIFACTS.packets.json,external_site,UNSPECIFIED_SOURCE_GAP,unlock.brine_salt_process_lot_card,confirmed
FACT_APPLIED_LORE_ATLAS_LATTICE_CONTAMINATION_TAG_PRIMARY,Docs/Lore/AppliedContent/packets/RS086_RESOURCE_ECONOMY_ARTIFACTS.packets.json,Docs/Lore/AppliedContent/packets/RS086_RESOURCE_ECONOMY_ARTIFACTS.packets.json,external_site,UNSPECIFIED_SOURCE_GAP,unlock.atlas_lattice_contamination_tag,confirmed
FACT_APPLIED_LORE_BLACK_KEEL_PAYOUT_MASS_LEDGER_PRIMARY,Docs/Lore/AppliedContent/packets/RS086_RESOURCE_ECONOMY_ARTIFACTS.packets.json,Docs/Lore/AppliedContent/packets/RS086_RESOURCE_ECONOMY_ARTIFACTS.packets.json,external_site,UNSPECIFIED_SOURCE_GAP,unlock.black_keel_payout_mass_ledger,confirmed
FACT_APPLIED_LORE_PDA_EVIDENCE_TIER_LABEL_RULE_PRIMARY,Docs/Lore/AppliedContent/packets/RS087_PDA_CODEX_PRESENTATION_RULES.packets.json,Docs/Lore/AppliedContent/packets/RS087_PDA_CODEX_PRESENTATION_RULES.packets.json,external_site,UNSPECIFIED_SOURCE_GAP,unlock.pda_evidence_tier_label_rule,confirmed
FACT_APPLIED_LORE_SCANNER_STAGE_COPY_ESCALATION_RULE_PRIMARY,Docs/Lore/AppliedContent/packets/RS087_PDA_CODEX_PRESENTATION_RULES.packets.json,Docs/Lore/AppliedContent/packets/RS087_PDA_CODEX_PRESENTATION_RULES.packets.json,external_site,UNSPECIFIED_SOURCE_GAP,unlock.scanner_stage_copy_escalation_rule,confirmed
FACT_APPLIED_LORE_TERMINAL_OPERATOR_SURFACE_RULE_PRIMARY,Docs/Lore/AppliedContent/packets/RS087_PDA_CODEX_PRESENTATION_RULES.packets.json,Docs/Lore/AppliedContent/packets/RS087_PDA_CODEX_PRESENTATION_RULES.packets.json,external_site,UNSPECIFIED_SOURCE_GAP,unlock.terminal_operator_surface_rule,confirmed
FACT_APPLIED_LORE_DOSSIER_ENDING_RECORD_LAYOUT_RULE_PRIMARY,Docs/Lore/AppliedContent/packets/RS087_PDA_CODEX_PRESENTATION_RULES.packets.json,Docs/Lore/AppliedContent/packets/RS087_PDA_CODEX_PRESENTATION_RULES.packets.json,external_site,UNSPECIFIED_SOURCE_GAP,unlock.dossier_ending_record_layout_rule,confirmed
FACT_APPLIED_LORE_LOCALIZED_OVERFLOW_PRESENTATION_RULE_PRIMARY,Docs/Lore/AppliedContent/packets/RS087_PDA_CODEX_PRESENTATION_RULES.packets.json,Docs/Lore/AppliedContent/packets/RS087_PDA_CODEX_PRESENTATION_RULES.packets.json,external_site,UNSPECIFIED_SOURCE_GAP,unlock.localized_overflow_presentation_rule,confirmed
FACT_APPLIED_LORE_BLACK_KEEL_APPROACH_TRANSCRIPT_SEED_PRIMARY,Docs/Lore/AppliedContent/packets/RS088_AUDIO_TRANSCRIPT_ARTICLE_SEEDS.packets.json,Docs/Lore/AppliedContent/packets/RS088_AUDIO_TRANSCRIPT_ARTICLE_SEEDS.packets.json,external_site,UNSPECIFIED_SOURCE_GAP,unlock.black_keel_approach_transcript_seed,confirmed
FACT_APPLIED_LORE_DEEP_REACH_SANITIZED_PACKET_TRANSCRIPT_SEED_PRIMARY,Docs/Lore/AppliedContent/packets/RS088_AUDIO_TRANSCRIPT_ARTICLE_SEEDS.packets.json,Docs/Lore/AppliedContent/packets/RS088_AUDIO_TRANSCRIPT_ARTICLE_SEEDS.packets.json,external_site,UNSPECIFIED_SOURCE_GAP,unlock.deep_reach_sanitized_packet_transcript_seed,confirmed
FACT_APPLIED_LORE_WORKER_DOSSIER_AUDIO_TRANSCRIPT_SEED_PRIMARY,Docs/Lore/AppliedContent/packets/RS088_AUDIO_TRANSCRIPT_ARTICLE_SEEDS.packets.json,Docs/Lore/AppliedContent/packets/RS088_AUDIO_TRANSCRIPT_ARTICLE_SEEDS.packets.json,external_site,UNSPECIFIED_SOURCE_GAP,unlock.worker_dossier_audio_transcript_seed,confirmed
FACT_APPLIED_LORE_ATLAS_REPAIR_TRACE_TRANSCRIPT_SEED_PRIMARY,Docs/Lore/AppliedContent/packets/RS088_AUDIO_TRANSCRIPT_ARTICLE_SEEDS.packets.json,Docs/Lore/AppliedContent/packets/RS088_AUDIO_TRANSCRIPT_ARTICLE_SEEDS.packets.json,external_site,UNSPECIFIED_SOURCE_GAP,unlock.atlas_repair_trace_transcript_seed,confirmed
FACT_APPLIED_LORE_ENDING_RECORD_TRANSCRIPT_SEED_PRIMARY,Docs/Lore/AppliedContent/packets/RS088_AUDIO_TRANSCRIPT_ARTICLE_SEEDS.packets.json,Docs/Lore/AppliedContent/packets/RS088_AUDIO_TRANSCRIPT_ARTICLE_SEEDS.packets.json,external_site,UNSPECIFIED_SOURCE_GAP,unlock.ending_record_transcript_seed,confirmed
FACT_APPLIED_LORE_RESOURCE_YIELD_VALUE_DRAFT_ROWS_PRIMARY,Docs/Lore/AppliedContent/packets/RS089_NUMERIC_GAMEPLAY_TABLE_VALUE_DRAFTS.packets.json,Docs/Lore/AppliedContent/packets/RS089_NUMERIC_GAMEPLAY_TABLE_VALUE_DRAFTS.packets.json,external_site,UNSPECIFIED_SOURCE_GAP,unlock.resource_yield_value_draft_rows,confirmed
FACT_APPLIED_LORE_STACK_LIMIT_VALUE_DRAFT_ROWS_PRIMARY,Docs/Lore/AppliedContent/packets/RS089_NUMERIC_GAMEPLAY_TABLE_VALUE_DRAFTS.packets.json,Docs/Lore/AppliedContent/packets/RS089_NUMERIC_GAMEPLAY_TABLE_VALUE_DRAFTS.packets.json,external_site,UNSPECIFIED_SOURCE_GAP,unlock.stack_limit_value_draft_rows,confirmed
FACT_APPLIED_LORE_ESCAPE_RECIPE_VALUE_DRAFT_ROWS_PRIMARY,Docs/Lore/AppliedContent/packets/RS089_NUMERIC_GAMEPLAY_TABLE_VALUE_DRAFTS.packets.json,Docs/Lore/AppliedContent/packets/RS089_NUMERIC_GAMEPLAY_TABLE_VALUE_DRAFTS.packets.json,external_site,UNSPECIFIED_SOURCE_GAP,unlock.escape_recipe_value_draft_rows,confirmed
FACT_APPLIED_LORE_CONTRACT_RISK_REWARD_VALUE_DRAFT_ROWS_PRIMARY,Docs/Lore/AppliedContent/packets/RS089_NUMERIC_GAMEPLAY_TABLE_VALUE_DRAFTS.packets.json,Docs/Lore/AppliedContent/packets/RS089_NUMERIC_GAMEPLAY_TABLE_VALUE_DRAFTS.packets.json,external_site,UNSPECIFIED_SOURCE_GAP,unlock.contract_risk_reward_value_draft_rows,confirmed
FACT_APPLIED_LORE_ENDING_PAYOUT_VALUE_DRAFT_ROWS_PRIMARY,Docs/Lore/AppliedContent/packets/RS089_NUMERIC_GAMEPLAY_TABLE_VALUE_DRAFTS.packets.json,Docs/Lore/AppliedContent/packets/RS089_NUMERIC_GAMEPLAY_TABLE_VALUE_DRAFTS.packets.json,external_site,UNSPECIFIED_SOURCE_GAP,unlock.ending_payout_value_draft_rows,confirmed
FACT_APPLIED_LORE_FIRST_HOUR_PLACEMENT_BRIEF_PRIMARY,Docs/Lore/AppliedContent/packets/RS090_UNITY_PLACEMENT_SCENE_BRIEFS.packets.json,Docs/Lore/AppliedContent/packets/RS090_UNITY_PLACEMENT_SCENE_BRIEFS.packets.json,external_site,UNSPECIFIED_SOURCE_GAP,unlock.first_hour_placement_brief,confirmed
FACT_APPLIED_LORE_MID_DEPTH_ROUTE_PLACEMENT_BRIEF_PRIMARY,Docs/Lore/AppliedContent/packets/RS090_UNITY_PLACEMENT_SCENE_BRIEFS.packets.json,Docs/Lore/AppliedContent/packets/RS090_UNITY_PLACEMENT_SCENE_BRIEFS.packets.json,external_site,UNSPECIFIED_SOURCE_GAP,unlock.mid_depth_route_placement_brief,confirmed
FACT_APPLIED_LORE_ECOLOGY_SCAN_PLACEMENT_BRIEF_PRIMARY,Docs/Lore/AppliedContent/packets/RS090_UNITY_PLACEMENT_SCENE_BRIEFS.packets.json,Docs/Lore/AppliedContent/packets/RS090_UNITY_PLACEMENT_SCENE_BRIEFS.packets.json,external_site,UNSPECIFIED_SOURCE_GAP,unlock.ecology_scan_placement_brief,confirmed
FACT_APPLIED_LORE_FINAL_DESCENT_PLACEMENT_BRIEF_PRIMARY,Docs/Lore/AppliedContent/packets/RS090_UNITY_PLACEMENT_SCENE_BRIEFS.packets.json,Docs/Lore/AppliedContent/packets/RS090_UNITY_PLACEMENT_SCENE_BRIEFS.packets.json,external_site,UNSPECIFIED_SOURCE_GAP,unlock.final_descent_placement_brief,confirmed
FACT_APPLIED_LORE_TERMINAL_SLOT_PROMOTION_BRIEF_PRIMARY,Docs/Lore/AppliedContent/packets/RS090_UNITY_PLACEMENT_SCENE_BRIEFS.packets.json,Docs/Lore/AppliedContent/packets/RS090_UNITY_PLACEMENT_SCENE_BRIEFS.packets.json,external_site,UNSPECIFIED_SOURCE_GAP,unlock.terminal_slot_promotion_brief,confirmed
FACT_APPLIED_LORE_RU_NATIVE_ENCODING_QA_BRIEF_PRIMARY,Docs/Lore/AppliedContent/packets/RS091_NATIVE_LOCALIZATION_AND_ACCESSIBILITY_QA_BRIEFS.packets.json,Docs/Lore/AppliedContent/packets/RS091_NATIVE_LOCALIZATION_AND_ACCESSIBILITY_QA_BRIEFS.packets.json,external_site,UNSPECIFIED_SOURCE_GAP,unlock.ru_native_encoding_qa_brief,confirmed
FACT_APPLIED_LORE_CJK_FONT_WRAP_QA_BRIEF_PRIMARY,Docs/Lore/AppliedContent/packets/RS091_NATIVE_LOCALIZATION_AND_ACCESSIBILITY_QA_BRIEFS.packets.json,Docs/Lore/AppliedContent/packets/RS091_NATIVE_LOCALIZATION_AND_ACCESSIBILITY_QA_BRIEFS.packets.json,external_site,UNSPECIFIED_SOURCE_GAP,unlock.cjk_font_wrap_qa_brief,confirmed
FACT_APPLIED_LORE_RTL_BIDI_NUMERIC_QA_BRIEF_PRIMARY,Docs/Lore/AppliedContent/packets/RS091_NATIVE_LOCALIZATION_AND_ACCESSIBILITY_QA_BRIEFS.packets.json,Docs/Lore/AppliedContent/packets/RS091_NATIVE_LOCALIZATION_AND_ACCESSIBILITY_QA_BRIEFS.packets.json,external_site,UNSPECIFIED_SOURCE_GAP,unlock.rtl_bidi_numeric_qa_brief,confirmed
FACT_APPLIED_LORE_EUROPEAN_EXPANSION_FIT_QA_BRIEF_PRIMARY,Docs/Lore/AppliedContent/packets/RS091_NATIVE_LOCALIZATION_AND_ACCESSIBILITY_QA_BRIEFS.packets.json,Docs/Lore/AppliedContent/packets/RS091_NATIVE_LOCALIZATION_AND_ACCESSIBILITY_QA_BRIEFS.packets.json,external_site,UNSPECIFIED_SOURCE_GAP,unlock.european_expansion_fit_qa_brief,confirmed
FACT_APPLIED_LORE_SUBTITLE_AUDIO_TIMING_QA_BRIEF_PRIMARY,Docs/Lore/AppliedContent/packets/RS091_NATIVE_LOCALIZATION_AND_ACCESSIBILITY_QA_BRIEFS.packets.json,Docs/Lore/AppliedContent/packets/RS091_NATIVE_LOCALIZATION_AND_ACCESSIBILITY_QA_BRIEFS.packets.json,external_site,UNSPECIFIED_SOURCE_GAP,unlock.subtitle_audio_timing_qa_brief,confirmed
FACT_APPLIED_LORE_SITE_HOME_LONGFORM_BRIEF_PRIMARY,Docs/Lore/AppliedContent/packets/RS092_PUBLIC_SITE_LONGFORM_ARTICLE_BRIEFS.packets.json,Docs/Lore/AppliedContent/packets/RS092_PUBLIC_SITE_LONGFORM_ARTICLE_BRIEFS.packets.json,external_site,UNSPECIFIED_SOURCE_GAP,unlock.site_home_longform_brief,confirmed
FACT_APPLIED_LORE_AEGIR_HARD_SCIFI_LONGFORM_BRIEF_PRIMARY,Docs/Lore/AppliedContent/packets/RS092_PUBLIC_SITE_LONGFORM_ARTICLE_BRIEFS.packets.json,Docs/Lore/AppliedContent/packets/RS092_PUBLIC_SITE_LONGFORM_ARTICLE_BRIEFS.packets.json,external_site,UNSPECIFIED_SOURCE_GAP,unlock.aegir_hard_scifi_longform_brief,confirmed
FACT_APPLIED_LORE_DEEP_REACH_LIABILITY_LONGFORM_BRIEF_PRIMARY,Docs/Lore/AppliedContent/packets/RS092_PUBLIC_SITE_LONGFORM_ARTICLE_BRIEFS.packets.json,Docs/Lore/AppliedContent/packets/RS092_PUBLIC_SITE_LONGFORM_ARTICLE_BRIEFS.packets.json,external_site,UNSPECIFIED_SOURCE_GAP,unlock.deep_reach_liability_longform_brief,confirmed
FACT_APPLIED_LORE_ATLAS_SPOILER_LONGFORM_BRIEF_PRIMARY,Docs/Lore/AppliedContent/packets/RS092_PUBLIC_SITE_LONGFORM_ARTICLE_BRIEFS.packets.json,Docs/Lore/AppliedContent/packets/RS092_PUBLIC_SITE_LONGFORM_ARTICLE_BRIEFS.packets.json,external_site,UNSPECIFIED_SOURCE_GAP,unlock.atlas_spoiler_longform_brief,confirmed
FACT_APPLIED_LORE_BLUE_DEBT_RESOURCE_LONGFORM_BRIEF_PRIMARY,Docs/Lore/AppliedContent/packets/RS092_PUBLIC_SITE_LONGFORM_ARTICLE_BRIEFS.packets.json,Docs/Lore/AppliedContent/packets/RS092_PUBLIC_SITE_LONGFORM_ARTICLE_BRIEFS.packets.json,external_site,UNSPECIFIED_SOURCE_GAP,unlock.blue_debt_resource_longform_brief,confirmed
FACT_SURFACE_BRIGHTNESS_LOCK,Docs/Lore/Canon_Locks.md,Docs/Lore/Canon_Locks.md:14-16; Docs/Lore/Canon_Locks.md:85-86,public-safe;in-game after world context,0,none,confirmed
FACT_PLAYER_NOTES_NOT_OMNISCIENT,writing.md;narrative.md,writing.md Surface Truth Contract; narrative.md Evidence Stack,in-game after discovery,unlock-bound,source evidence unlock,confirmed
