surface,locale,direction,cluster_id,cluster_order,cluster_packet_id,release_set_id,article_id,unlock_id,spoiler_tier,primary_surface,prereq_packet_ids,next_cluster_packet_ids,localization_status,localization_flags,poi_tags,biome_tags,page_path,title,truth_payload,player_question
in_game_wiki,en_US,ltr,site_wiki_start_here_cluster,0,P416_SITE_WIKI_START_HERE_CLUSTER,RS084_SITE_WIKI_NAVIGATION_CLUSTERS,applied_lore.site_wiki_start_here_cluster,unlock.site_wiki_start_here_cluster,1,external_site,P396_PUBLIC_STARTING_PREMISE_ARTICLE_MODULE;P381_CONTRACT_APPROACH_ACT_GATE,P417_SITE_WIKI_SYSTEM_AND_SHIPS_CLUSTER,source_authority,0,poi.site_start_here_nav;poi.codex_front_index,biome.publication;biome.codex,in_game_wiki/en_US/P416_SITE_WIKI_START_HERE_CLUSTER.md,Start Here: HECTON-8,"The public start-here cluster frames HECTON-8 as salvage contract, professional guilt and hard constraints without spoiling final receivers.",What should a new reader know before the game starts?
in_game_wiki,ru_RU,ltr,site_wiki_start_here_cluster,0,P416_SITE_WIKI_START_HERE_CLUSTER,RS084_SITE_WIKI_NAVIGATION_CLUSTERS,applied_lore.site_wiki_start_here_cluster,unlock.site_wiki_start_here_cluster,1,external_site,P396_PUBLIC_STARTING_PREMISE_ARTICLE_MODULE;P381_CONTRACT_APPROACH_ACT_GATE,P417_SITE_WIKI_SYSTEM_AND_SHIPS_CLUSTER,draft_machine_or_llm,0,poi.site_start_here_nav;poi.codex_front_index,biome.publication;biome.codex,in_game_wiki/ru_RU/P416_SITE_WIKI_START_HERE_CLUSTER.md,RU LOC HOLD: Start Here: HECTON-8,"The public start-here cluster frames HECTON-8 as salvage contract, professional guilt and hard constraints without spoiling final receivers.",What should a new reader know before the game starts?
in_game_wiki,ja_JP,ltr,site_wiki_start_here_cluster,0,P416_SITE_WIKI_START_HERE_CLUSTER,RS084_SITE_WIKI_NAVIGATION_CLUSTERS,applied_lore.site_wiki_start_here_cluster,unlock.site_wiki_start_here_cluster,1,external_site,P396_PUBLIC_STARTING_PREMISE_ARTICLE_MODULE;P381_CONTRACT_APPROACH_ACT_GATE,P417_SITE_WIKI_SYSTEM_AND_SHIPS_CLUSTER,draft_machine_or_llm,0,poi.site_start_here_nav;poi.codex_front_index,biome.publication;biome.codex,in_game_wiki/ja_JP/P416_SITE_WIKI_START_HERE_CLUSTER.md,JA LOC HOLD: Start Here: HECTON-8,"The public start-here cluster frames HECTON-8 as salvage contract, professional guilt and hard constraints without spoiling final receivers.",What should a new reader know before the game starts?
in_game_wiki,zh_CN,ltr,site_wiki_start_here_cluster,0,P416_SITE_WIKI_START_HERE_CLUSTER,RS084_SITE_WIKI_NAVIGATION_CLUSTERS,applied_lore.site_wiki_start_here_cluster,unlock.site_wiki_start_here_cluster,1,external_site,P396_PUBLIC_STARTING_PREMISE_ARTICLE_MODULE;P381_CONTRACT_APPROACH_ACT_GATE,P417_SITE_WIKI_SYSTEM_AND_SHIPS_CLUSTER,draft_machine_or_llm,0,poi.site_start_here_nav;poi.codex_front_index,biome.publication;biome.codex,in_game_wiki/zh_CN/P416_SITE_WIKI_START_HERE_CLUSTER.md,ZH LOC HOLD: Start Here: HECTON-8,"The public start-here cluster frames HECTON-8 as salvage contract, professional guilt and hard constraints without spoiling final receivers.",What should a new reader know before the game starts?
in_game_wiki,fr_FR,ltr,site_wiki_start_here_cluster,0,P416_SITE_WIKI_START_HERE_CLUSTER,RS084_SITE_WIKI_NAVIGATION_CLUSTERS,applied_lore.site_wiki_start_here_cluster,unlock.site_wiki_start_here_cluster,1,external_site,P396_PUBLIC_STARTING_PREMISE_ARTICLE_MODULE;P381_CONTRACT_APPROACH_ACT_GATE,P417_SITE_WIKI_SYSTEM_AND_SHIPS_CLUSTER,draft_machine_or_llm,0,poi.site_start_here_nav;poi.codex_front_index,biome.publication;biome.codex,in_game_wiki/fr_FR/P416_SITE_WIKI_START_HERE_CLUSTER.md,FR LOC HOLD: Start Here: HECTON-8,"The public start-here cluster frames HECTON-8 as salvage contract, professional guilt and hard constraints without spoiling final receivers.",What should a new reader know before the game starts?
in_game_wiki,es_ES,ltr,site_wiki_start_here_cluster,0,P416_SITE_WIKI_START_HERE_CLUSTER,RS084_SITE_WIKI_NAVIGATION_CLUSTERS,applied_lore.site_wiki_start_here_cluster,unlock.site_wiki_start_here_cluster,1,external_site,P396_PUBLIC_STARTING_PREMISE_ARTICLE_MODULE;P381_CONTRACT_APPROACH_ACT_GATE,P417_SITE_WIKI_SYSTEM_AND_SHIPS_CLUSTER,draft_machine_or_llm,0,poi.site_start_here_nav;poi.codex_front_index,biome.publication;biome.codex,in_game_wiki/es_ES/P416_SITE_WIKI_START_HERE_CLUSTER.md,ES LOC HOLD: Start Here: HECTON-8,"The public start-here cluster frames HECTON-8 as salvage contract, professional guilt and hard constraints without spoiling final receivers.",What should a new reader know before the game starts?
in_game_wiki,de_DE,ltr,site_wiki_start_here_cluster,0,P416_SITE_WIKI_START_HERE_CLUSTER,RS084_SITE_WIKI_NAVIGATION_CLUSTERS,applied_lore.site_wiki_start_here_cluster,unlock.site_wiki_start_here_cluster,1,external_site,P396_PUBLIC_STARTING_PREMISE_ARTICLE_MODULE;P381_CONTRACT_APPROACH_ACT_GATE,P417_SITE_WIKI_SYSTEM_AND_SHIPS_CLUSTER,draft_machine_or_llm,0,poi.site_start_here_nav;poi.codex_front_index,biome.publication;biome.codex,in_game_wiki/de_DE/P416_SITE_WIKI_START_HERE_CLUSTER.md,DE LOC HOLD: Start Here: HECTON-8,"The public start-here cluster frames HECTON-8 as salvage contract, professional guilt and hard constraints without spoiling final receivers.",What should a new reader know before the game starts?
in_game_wiki,pl_PL,ltr,site_wiki_start_here_cluster,0,P416_SITE_WIKI_START_HERE_CLUSTER,RS084_SITE_WIKI_NAVIGATION_CLUSTERS,applied_lore.site_wiki_start_here_cluster,unlock.site_wiki_start_here_cluster,1,external_site,P396_PUBLIC_STARTING_PREMISE_ARTICLE_MODULE;P381_CONTRACT_APPROACH_ACT_GATE,P417_SITE_WIKI_SYSTEM_AND_SHIPS_CLUSTER,draft_machine_or_llm,0,poi.site_start_here_nav;poi.codex_front_index,biome.publication;biome.codex,in_game_wiki/pl_PL/P416_SITE_WIKI_START_HERE_CLUSTER.md,PL LOC HOLD: Start Here: HECTON-8,"The public start-here cluster frames HECTON-8 as salvage contract, professional guilt and hard constraints without spoiling final receivers.",What should a new reader know before the game starts?
in_game_wiki,uk_UA,ltr,site_wiki_start_here_cluster,0,P416_SITE_WIKI_START_HERE_CLUSTER,RS084_SITE_WIKI_NAVIGATION_CLUSTERS,applied_lore.site_wiki_start_here_cluster,unlock.site_wiki_start_here_cluster,1,external_site,P396_PUBLIC_STARTING_PREMISE_ARTICLE_MODULE;P381_CONTRACT_APPROACH_ACT_GATE,P417_SITE_WIKI_SYSTEM_AND_SHIPS_CLUSTER,draft_machine_or_llm,0,poi.site_start_here_nav;poi.codex_front_index,biome.publication;biome.codex,in_game_wiki/uk_UA/P416_SITE_WIKI_START_HERE_CLUSTER.md,UK LOC HOLD: Start Here: HECTON-8,"The public start-here cluster frames HECTON-8 as salvage contract, professional guilt and hard constraints without spoiling final receivers.",What should a new reader know before the game starts?
in_game_wiki,ar_SA,rtl,site_wiki_start_here_cluster,0,P416_SITE_WIKI_START_HERE_CLUSTER,RS084_SITE_WIKI_NAVIGATION_CLUSTERS,applied_lore.site_wiki_start_here_cluster,unlock.site_wiki_start_here_cluster,1,external_site,P396_PUBLIC_STARTING_PREMISE_ARTICLE_MODULE;P381_CONTRACT_APPROACH_ACT_GATE,P417_SITE_WIKI_SYSTEM_AND_SHIPS_CLUSTER,draft_machine_or_llm,0,poi.site_start_here_nav;poi.codex_front_index,biome.publication;biome.codex,in_game_wiki/ar_SA/P416_SITE_WIKI_START_HERE_CLUSTER.md,AR LOC HOLD: Start Here: HECTON-8,"The public start-here cluster frames HECTON-8 as salvage contract, professional guilt and hard constraints without spoiling final receivers.",What should a new reader know before the game starts?
in_game_wiki,id_ID,ltr,site_wiki_start_here_cluster,0,P416_SITE_WIKI_START_HERE_CLUSTER,RS084_SITE_WIKI_NAVIGATION_CLUSTERS,applied_lore.site_wiki_start_here_cluster,unlock.site_wiki_start_here_cluster,1,external_site,P396_PUBLIC_STARTING_PREMISE_ARTICLE_MODULE;P381_CONTRACT_APPROACH_ACT_GATE,P417_SITE_WIKI_SYSTEM_AND_SHIPS_CLUSTER,draft_machine_or_llm,0,poi.site_start_here_nav;poi.codex_front_index,biome.publication;biome.codex,in_game_wiki/id_ID/P416_SITE_WIKI_START_HERE_CLUSTER.md,ID LOC HOLD: Start Here: HECTON-8,"The public start-here cluster frames HECTON-8 as salvage contract, professional guilt and hard constraints without spoiling final receivers.",What should a new reader know before the game starts?
in_game_wiki,ko_KR,ltr,site_wiki_start_here_cluster,0,P416_SITE_WIKI_START_HERE_CLUSTER,RS084_SITE_WIKI_NAVIGATION_CLUSTERS,applied_lore.site_wiki_start_here_cluster,unlock.site_wiki_start_here_cluster,1,external_site,P396_PUBLIC_STARTING_PREMISE_ARTICLE_MODULE;P381_CONTRACT_APPROACH_ACT_GATE,P417_SITE_WIKI_SYSTEM_AND_SHIPS_CLUSTER,draft_machine_or_llm,0,poi.site_start_here_nav;poi.codex_front_index,biome.publication;biome.codex,in_game_wiki/ko_KR/P416_SITE_WIKI_START_HERE_CLUSTER.md,KO LOC HOLD: Start Here: HECTON-8,"The public start-here cluster frames HECTON-8 as salvage contract, professional guilt and hard constraints without spoiling final receivers.",What should a new reader know before the game starts?
in_game_wiki,he_IL,rtl,site_wiki_start_here_cluster,0,P416_SITE_WIKI_START_HERE_CLUSTER,RS084_SITE_WIKI_NAVIGATION_CLUSTERS,applied_lore.site_wiki_start_here_cluster,unlock.site_wiki_start_here_cluster,1,external_site,P396_PUBLIC_STARTING_PREMISE_ARTICLE_MODULE;P381_CONTRACT_APPROACH_ACT_GATE,P417_SITE_WIKI_SYSTEM_AND_SHIPS_CLUSTER,draft_machine_or_llm,0,poi.site_start_here_nav;poi.codex_front_index,biome.publication;biome.codex,in_game_wiki/he_IL/P416_SITE_WIKI_START_HERE_CLUSTER.md,HE LOC HOLD: Start Here: HECTON-8,"The public start-here cluster frames HECTON-8 as salvage contract, professional guilt and hard constraints without spoiling final receivers.",What should a new reader know before the game starts?
in_game_wiki,pt_BR,ltr,site_wiki_start_here_cluster,0,P416_SITE_WIKI_START_HERE_CLUSTER,RS084_SITE_WIKI_NAVIGATION_CLUSTERS,applied_lore.site_wiki_start_here_cluster,unlock.site_wiki_start_here_cluster,1,external_site,P396_PUBLIC_STARTING_PREMISE_ARTICLE_MODULE;P381_CONTRACT_APPROACH_ACT_GATE,P417_SITE_WIKI_SYSTEM_AND_SHIPS_CLUSTER,draft_machine_or_llm,0,poi.site_start_here_nav;poi.codex_front_index,biome.publication;biome.codex,in_game_wiki/pt_BR/P416_SITE_WIKI_START_HERE_CLUSTER.md,PT LOC HOLD: Start Here: HECTON-8,"The public start-here cluster frames HECTON-8 as salvage contract, professional guilt and hard constraints without spoiling final receivers.",What should a new reader know before the game starts?
in_game_wiki,nl_NL,ltr,site_wiki_start_here_cluster,0,P416_SITE_WIKI_START_HERE_CLUSTER,RS084_SITE_WIKI_NAVIGATION_CLUSTERS,applied_lore.site_wiki_start_here_cluster,unlock.site_wiki_start_here_cluster,1,external_site,P396_PUBLIC_STARTING_PREMISE_ARTICLE_MODULE;P381_CONTRACT_APPROACH_ACT_GATE,P417_SITE_WIKI_SYSTEM_AND_SHIPS_CLUSTER,draft_machine_or_llm,0,poi.site_start_here_nav;poi.codex_front_index,biome.publication;biome.codex,in_game_wiki/nl_NL/P416_SITE_WIKI_START_HERE_CLUSTER.md,NL LOC HOLD: Start Here: HECTON-8,"The public start-here cluster frames HECTON-8 as salvage contract, professional guilt and hard constraints without spoiling final receivers.",What should a new reader know before the game starts?
external_site,en_US,ltr,site_wiki_start_here_cluster,0,P416_SITE_WIKI_START_HERE_CLUSTER,RS084_SITE_WIKI_NAVIGATION_CLUSTERS,applied_lore.site_wiki_start_here_cluster,unlock.site_wiki_start_here_cluster,1,external_site,P396_PUBLIC_STARTING_PREMISE_ARTICLE_MODULE;P381_CONTRACT_APPROACH_ACT_GATE,P417_SITE_WIKI_SYSTEM_AND_SHIPS_CLUSTER,source_authority,0,poi.site_start_here_nav;poi.codex_front_index,biome.publication;biome.codex,external_site/en_US/P416_SITE_WIKI_START_HERE_CLUSTER.md,Start Here: HECTON-8,"The public start-here cluster frames HECTON-8 as salvage contract, professional guilt and hard constraints without spoiling final receivers.",What should a new reader know before the game starts?
external_site,ru_RU,ltr,site_wiki_start_here_cluster,0,P416_SITE_WIKI_START_HERE_CLUSTER,RS084_SITE_WIKI_NAVIGATION_CLUSTERS,applied_lore.site_wiki_start_here_cluster,unlock.site_wiki_start_here_cluster,1,external_site,P396_PUBLIC_STARTING_PREMISE_ARTICLE_MODULE;P381_CONTRACT_APPROACH_ACT_GATE,P417_SITE_WIKI_SYSTEM_AND_SHIPS_CLUSTER,draft_machine_or_llm,0,poi.site_start_here_nav;poi.codex_front_index,biome.publication;biome.codex,external_site/ru_RU/P416_SITE_WIKI_START_HERE_CLUSTER.md,RU LOC HOLD: Start Here: HECTON-8,"The public start-here cluster frames HECTON-8 as salvage contract, professional guilt and hard constraints without spoiling final receivers.",What should a new reader know before the game starts?
external_site,ja_JP,ltr,site_wiki_start_here_cluster,0,P416_SITE_WIKI_START_HERE_CLUSTER,RS084_SITE_WIKI_NAVIGATION_CLUSTERS,applied_lore.site_wiki_start_here_cluster,unlock.site_wiki_start_here_cluster,1,external_site,P396_PUBLIC_STARTING_PREMISE_ARTICLE_MODULE;P381_CONTRACT_APPROACH_ACT_GATE,P417_SITE_WIKI_SYSTEM_AND_SHIPS_CLUSTER,draft_machine_or_llm,0,poi.site_start_here_nav;poi.codex_front_index,biome.publication;biome.codex,external_site/ja_JP/P416_SITE_WIKI_START_HERE_CLUSTER.md,JA LOC HOLD: Start Here: HECTON-8,"The public start-here cluster frames HECTON-8 as salvage contract, professional guilt and hard constraints without spoiling final receivers.",What should a new reader know before the game starts?
external_site,zh_CN,ltr,site_wiki_start_here_cluster,0,P416_SITE_WIKI_START_HERE_CLUSTER,RS084_SITE_WIKI_NAVIGATION_CLUSTERS,applied_lore.site_wiki_start_here_cluster,unlock.site_wiki_start_here_cluster,1,external_site,P396_PUBLIC_STARTING_PREMISE_ARTICLE_MODULE;P381_CONTRACT_APPROACH_ACT_GATE,P417_SITE_WIKI_SYSTEM_AND_SHIPS_CLUSTER,draft_machine_or_llm,0,poi.site_start_here_nav;poi.codex_front_index,biome.publication;biome.codex,external_site/zh_CN/P416_SITE_WIKI_START_HERE_CLUSTER.md,ZH LOC HOLD: Start Here: HECTON-8,"The public start-here cluster frames HECTON-8 as salvage contract, professional guilt and hard constraints without spoiling final receivers.",What should a new reader know before the game starts?
external_site,fr_FR,ltr,site_wiki_start_here_cluster,0,P416_SITE_WIKI_START_HERE_CLUSTER,RS084_SITE_WIKI_NAVIGATION_CLUSTERS,applied_lore.site_wiki_start_here_cluster,unlock.site_wiki_start_here_cluster,1,external_site,P396_PUBLIC_STARTING_PREMISE_ARTICLE_MODULE;P381_CONTRACT_APPROACH_ACT_GATE,P417_SITE_WIKI_SYSTEM_AND_SHIPS_CLUSTER,draft_machine_or_llm,0,poi.site_start_here_nav;poi.codex_front_index,biome.publication;biome.codex,external_site/fr_FR/P416_SITE_WIKI_START_HERE_CLUSTER.md,FR LOC HOLD: Start Here: HECTON-8,"The public start-here cluster frames HECTON-8 as salvage contract, professional guilt and hard constraints without spoiling final receivers.",What should a new reader know before the game starts?
external_site,es_ES,ltr,site_wiki_start_here_cluster,0,P416_SITE_WIKI_START_HERE_CLUSTER,RS084_SITE_WIKI_NAVIGATION_CLUSTERS,applied_lore.site_wiki_start_here_cluster,unlock.site_wiki_start_here_cluster,1,external_site,P396_PUBLIC_STARTING_PREMISE_ARTICLE_MODULE;P381_CONTRACT_APPROACH_ACT_GATE,P417_SITE_WIKI_SYSTEM_AND_SHIPS_CLUSTER,draft_machine_or_llm,0,poi.site_start_here_nav;poi.codex_front_index,biome.publication;biome.codex,external_site/es_ES/P416_SITE_WIKI_START_HERE_CLUSTER.md,ES LOC HOLD: Start Here: HECTON-8,"The public start-here cluster frames HECTON-8 as salvage contract, professional guilt and hard constraints without spoiling final receivers.",What should a new reader know before the game starts?
external_site,de_DE,ltr,site_wiki_start_here_cluster,0,P416_SITE_WIKI_START_HERE_CLUSTER,RS084_SITE_WIKI_NAVIGATION_CLUSTERS,applied_lore.site_wiki_start_here_cluster,unlock.site_wiki_start_here_cluster,1,external_site,P396_PUBLIC_STARTING_PREMISE_ARTICLE_MODULE;P381_CONTRACT_APPROACH_ACT_GATE,P417_SITE_WIKI_SYSTEM_AND_SHIPS_CLUSTER,draft_machine_or_llm,0,poi.site_start_here_nav;poi.codex_front_index,biome.publication;biome.codex,external_site/de_DE/P416_SITE_WIKI_START_HERE_CLUSTER.md,DE LOC HOLD: Start Here: HECTON-8,"The public start-here cluster frames HECTON-8 as salvage contract, professional guilt and hard constraints without spoiling final receivers.",What should a new reader know before the game starts?
external_site,pl_PL,ltr,site_wiki_start_here_cluster,0,P416_SITE_WIKI_START_HERE_CLUSTER,RS084_SITE_WIKI_NAVIGATION_CLUSTERS,applied_lore.site_wiki_start_here_cluster,unlock.site_wiki_start_here_cluster,1,external_site,P396_PUBLIC_STARTING_PREMISE_ARTICLE_MODULE;P381_CONTRACT_APPROACH_ACT_GATE,P417_SITE_WIKI_SYSTEM_AND_SHIPS_CLUSTER,draft_machine_or_llm,0,poi.site_start_here_nav;poi.codex_front_index,biome.publication;biome.codex,external_site/pl_PL/P416_SITE_WIKI_START_HERE_CLUSTER.md,PL LOC HOLD: Start Here: HECTON-8,"The public start-here cluster frames HECTON-8 as salvage contract, professional guilt and hard constraints without spoiling final receivers.",What should a new reader know before the game starts?
external_site,uk_UA,ltr,site_wiki_start_here_cluster,0,P416_SITE_WIKI_START_HERE_CLUSTER,RS084_SITE_WIKI_NAVIGATION_CLUSTERS,applied_lore.site_wiki_start_here_cluster,unlock.site_wiki_start_here_cluster,1,external_site,P396_PUBLIC_STARTING_PREMISE_ARTICLE_MODULE;P381_CONTRACT_APPROACH_ACT_GATE,P417_SITE_WIKI_SYSTEM_AND_SHIPS_CLUSTER,draft_machine_or_llm,0,poi.site_start_here_nav;poi.codex_front_index,biome.publication;biome.codex,external_site/uk_UA/P416_SITE_WIKI_START_HERE_CLUSTER.md,UK LOC HOLD: Start Here: HECTON-8,"The public start-here cluster frames HECTON-8 as salvage contract, professional guilt and hard constraints without spoiling final receivers.",What should a new reader know before the game starts?
external_site,ar_SA,rtl,site_wiki_start_here_cluster,0,P416_SITE_WIKI_START_HERE_CLUSTER,RS084_SITE_WIKI_NAVIGATION_CLUSTERS,applied_lore.site_wiki_start_here_cluster,unlock.site_wiki_start_here_cluster,1,external_site,P396_PUBLIC_STARTING_PREMISE_ARTICLE_MODULE;P381_CONTRACT_APPROACH_ACT_GATE,P417_SITE_WIKI_SYSTEM_AND_SHIPS_CLUSTER,draft_machine_or_llm,0,poi.site_start_here_nav;poi.codex_front_index,biome.publication;biome.codex,external_site/ar_SA/P416_SITE_WIKI_START_HERE_CLUSTER.md,AR LOC HOLD: Start Here: HECTON-8,"The public start-here cluster frames HECTON-8 as salvage contract, professional guilt and hard constraints without spoiling final receivers.",What should a new reader know before the game starts?
external_site,id_ID,ltr,site_wiki_start_here_cluster,0,P416_SITE_WIKI_START_HERE_CLUSTER,RS084_SITE_WIKI_NAVIGATION_CLUSTERS,applied_lore.site_wiki_start_here_cluster,unlock.site_wiki_start_here_cluster,1,external_site,P396_PUBLIC_STARTING_PREMISE_ARTICLE_MODULE;P381_CONTRACT_APPROACH_ACT_GATE,P417_SITE_WIKI_SYSTEM_AND_SHIPS_CLUSTER,draft_machine_or_llm,0,poi.site_start_here_nav;poi.codex_front_index,biome.publication;biome.codex,external_site/id_ID/P416_SITE_WIKI_START_HERE_CLUSTER.md,ID LOC HOLD: Start Here: HECTON-8,"The public start-here cluster frames HECTON-8 as salvage contract, professional guilt and hard constraints without spoiling final receivers.",What should a new reader know before the game starts?
external_site,ko_KR,ltr,site_wiki_start_here_cluster,0,P416_SITE_WIKI_START_HERE_CLUSTER,RS084_SITE_WIKI_NAVIGATION_CLUSTERS,applied_lore.site_wiki_start_here_cluster,unlock.site_wiki_start_here_cluster,1,external_site,P396_PUBLIC_STARTING_PREMISE_ARTICLE_MODULE;P381_CONTRACT_APPROACH_ACT_GATE,P417_SITE_WIKI_SYSTEM_AND_SHIPS_CLUSTER,draft_machine_or_llm,0,poi.site_start_here_nav;poi.codex_front_index,biome.publication;biome.codex,external_site/ko_KR/P416_SITE_WIKI_START_HERE_CLUSTER.md,KO LOC HOLD: Start Here: HECTON-8,"The public start-here cluster frames HECTON-8 as salvage contract, professional guilt and hard constraints without spoiling final receivers.",What should a new reader know before the game starts?
external_site,he_IL,rtl,site_wiki_start_here_cluster,0,P416_SITE_WIKI_START_HERE_CLUSTER,RS084_SITE_WIKI_NAVIGATION_CLUSTERS,applied_lore.site_wiki_start_here_cluster,unlock.site_wiki_start_here_cluster,1,external_site,P396_PUBLIC_STARTING_PREMISE_ARTICLE_MODULE;P381_CONTRACT_APPROACH_ACT_GATE,P417_SITE_WIKI_SYSTEM_AND_SHIPS_CLUSTER,draft_machine_or_llm,0,poi.site_start_here_nav;poi.codex_front_index,biome.publication;biome.codex,external_site/he_IL/P416_SITE_WIKI_START_HERE_CLUSTER.md,HE LOC HOLD: Start Here: HECTON-8,"The public start-here cluster frames HECTON-8 as salvage contract, professional guilt and hard constraints without spoiling final receivers.",What should a new reader know before the game starts?
external_site,pt_BR,ltr,site_wiki_start_here_cluster,0,P416_SITE_WIKI_START_HERE_CLUSTER,RS084_SITE_WIKI_NAVIGATION_CLUSTERS,applied_lore.site_wiki_start_here_cluster,unlock.site_wiki_start_here_cluster,1,external_site,P396_PUBLIC_STARTING_PREMISE_ARTICLE_MODULE;P381_CONTRACT_APPROACH_ACT_GATE,P417_SITE_WIKI_SYSTEM_AND_SHIPS_CLUSTER,draft_machine_or_llm,0,poi.site_start_here_nav;poi.codex_front_index,biome.publication;biome.codex,external_site/pt_BR/P416_SITE_WIKI_START_HERE_CLUSTER.md,PT LOC HOLD: Start Here: HECTON-8,"The public start-here cluster frames HECTON-8 as salvage contract, professional guilt and hard constraints without spoiling final receivers.",What should a new reader know before the game starts?
external_site,nl_NL,ltr,site_wiki_start_here_cluster,0,P416_SITE_WIKI_START_HERE_CLUSTER,RS084_SITE_WIKI_NAVIGATION_CLUSTERS,applied_lore.site_wiki_start_here_cluster,unlock.site_wiki_start_here_cluster,1,external_site,P396_PUBLIC_STARTING_PREMISE_ARTICLE_MODULE;P381_CONTRACT_APPROACH_ACT_GATE,P417_SITE_WIKI_SYSTEM_AND_SHIPS_CLUSTER,draft_machine_or_llm,0,poi.site_start_here_nav;poi.codex_front_index,biome.publication;biome.codex,external_site/nl_NL/P416_SITE_WIKI_START_HERE_CLUSTER.md,NL LOC HOLD: Start Here: HECTON-8,"The public start-here cluster frames HECTON-8 as salvage contract, professional guilt and hard constraints without spoiling final receivers.",What should a new reader know before the game starts?
in_game_wiki,en_US,ltr,site_wiki_system_and_ships_cluster,1,P417_SITE_WIKI_SYSTEM_AND_SHIPS_CLUSTER,RS084_SITE_WIKI_NAVIGATION_CLUSTERS,applied_lore.site_wiki_system_and_ships_cluster,unlock.site_wiki_system_and_ships_cluster,1,external_site,P397_PUBLIC_NO_FTL_ROUTE_ARTICLE_MODULE;P341_NEEDLEPROBE_PRECURSOR_PROGRAM;P342_BEAM_SAIL_AND_PELLET_LANE,P418_SITE_WIKI_COLONY_AND_WORKERS_CLUSTER,source_authority,0,poi.system_ship_nav_cluster;poi.no_ftl_route_index,biome.publication;biome.human_space,in_game_wiki/en_US/P417_SITE_WIKI_SYSTEM_AND_SHIPS_CLUSTER.md,Aegir Route and Ships,"The system/ships cluster groups no-FTL, Aegir route, carrier custody and drop-capsule constraints into one readable navigation lane.",Can hard-sci-fi logistics be navigable instead of a wall of exposition?
in_game_wiki,ru_RU,ltr,site_wiki_system_and_ships_cluster,1,P417_SITE_WIKI_SYSTEM_AND_SHIPS_CLUSTER,RS084_SITE_WIKI_NAVIGATION_CLUSTERS,applied_lore.site_wiki_system_and_ships_cluster,unlock.site_wiki_system_and_ships_cluster,1,external_site,P397_PUBLIC_NO_FTL_ROUTE_ARTICLE_MODULE;P341_NEEDLEPROBE_PRECURSOR_PROGRAM;P342_BEAM_SAIL_AND_PELLET_LANE,P418_SITE_WIKI_COLONY_AND_WORKERS_CLUSTER,draft_machine_or_llm,0,poi.system_ship_nav_cluster;poi.no_ftl_route_index,biome.publication;biome.human_space,in_game_wiki/ru_RU/P417_SITE_WIKI_SYSTEM_AND_SHIPS_CLUSTER.md,RU LOC HOLD: Aegir Route and Ships,"The system/ships cluster groups no-FTL, Aegir route, carrier custody and drop-capsule constraints into one readable navigation lane.",Can hard-sci-fi logistics be navigable instead of a wall of exposition?
in_game_wiki,ja_JP,ltr,site_wiki_system_and_ships_cluster,1,P417_SITE_WIKI_SYSTEM_AND_SHIPS_CLUSTER,RS084_SITE_WIKI_NAVIGATION_CLUSTERS,applied_lore.site_wiki_system_and_ships_cluster,unlock.site_wiki_system_and_ships_cluster,1,external_site,P397_PUBLIC_NO_FTL_ROUTE_ARTICLE_MODULE;P341_NEEDLEPROBE_PRECURSOR_PROGRAM;P342_BEAM_SAIL_AND_PELLET_LANE,P418_SITE_WIKI_COLONY_AND_WORKERS_CLUSTER,draft_machine_or_llm,0,poi.system_ship_nav_cluster;poi.no_ftl_route_index,biome.publication;biome.human_space,in_game_wiki/ja_JP/P417_SITE_WIKI_SYSTEM_AND_SHIPS_CLUSTER.md,JA LOC HOLD: Aegir Route and Ships,"The system/ships cluster groups no-FTL, Aegir route, carrier custody and drop-capsule constraints into one readable navigation lane.",Can hard-sci-fi logistics be navigable instead of a wall of exposition?
in_game_wiki,zh_CN,ltr,site_wiki_system_and_ships_cluster,1,P417_SITE_WIKI_SYSTEM_AND_SHIPS_CLUSTER,RS084_SITE_WIKI_NAVIGATION_CLUSTERS,applied_lore.site_wiki_system_and_ships_cluster,unlock.site_wiki_system_and_ships_cluster,1,external_site,P397_PUBLIC_NO_FTL_ROUTE_ARTICLE_MODULE;P341_NEEDLEPROBE_PRECURSOR_PROGRAM;P342_BEAM_SAIL_AND_PELLET_LANE,P418_SITE_WIKI_COLONY_AND_WORKERS_CLUSTER,draft_machine_or_llm,0,poi.system_ship_nav_cluster;poi.no_ftl_route_index,biome.publication;biome.human_space,in_game_wiki/zh_CN/P417_SITE_WIKI_SYSTEM_AND_SHIPS_CLUSTER.md,ZH LOC HOLD: Aegir Route and Ships,"The system/ships cluster groups no-FTL, Aegir route, carrier custody and drop-capsule constraints into one readable navigation lane.",Can hard-sci-fi logistics be navigable instead of a wall of exposition?
in_game_wiki,fr_FR,ltr,site_wiki_system_and_ships_cluster,1,P417_SITE_WIKI_SYSTEM_AND_SHIPS_CLUSTER,RS084_SITE_WIKI_NAVIGATION_CLUSTERS,applied_lore.site_wiki_system_and_ships_cluster,unlock.site_wiki_system_and_ships_cluster,1,external_site,P397_PUBLIC_NO_FTL_ROUTE_ARTICLE_MODULE;P341_NEEDLEPROBE_PRECURSOR_PROGRAM;P342_BEAM_SAIL_AND_PELLET_LANE,P418_SITE_WIKI_COLONY_AND_WORKERS_CLUSTER,draft_machine_or_llm,0,poi.system_ship_nav_cluster;poi.no_ftl_route_index,biome.publication;biome.human_space,in_game_wiki/fr_FR/P417_SITE_WIKI_SYSTEM_AND_SHIPS_CLUSTER.md,FR LOC HOLD: Aegir Route and Ships,"The system/ships cluster groups no-FTL, Aegir route, carrier custody and drop-capsule constraints into one readable navigation lane.",Can hard-sci-fi logistics be navigable instead of a wall of exposition?
in_game_wiki,es_ES,ltr,site_wiki_system_and_ships_cluster,1,P417_SITE_WIKI_SYSTEM_AND_SHIPS_CLUSTER,RS084_SITE_WIKI_NAVIGATION_CLUSTERS,applied_lore.site_wiki_system_and_ships_cluster,unlock.site_wiki_system_and_ships_cluster,1,external_site,P397_PUBLIC_NO_FTL_ROUTE_ARTICLE_MODULE;P341_NEEDLEPROBE_PRECURSOR_PROGRAM;P342_BEAM_SAIL_AND_PELLET_LANE,P418_SITE_WIKI_COLONY_AND_WORKERS_CLUSTER,draft_machine_or_llm,0,poi.system_ship_nav_cluster;poi.no_ftl_route_index,biome.publication;biome.human_space,in_game_wiki/es_ES/P417_SITE_WIKI_SYSTEM_AND_SHIPS_CLUSTER.md,ES LOC HOLD: Aegir Route and Ships,"The system/ships cluster groups no-FTL, Aegir route, carrier custody and drop-capsule constraints into one readable navigation lane.",Can hard-sci-fi logistics be navigable instead of a wall of exposition?
in_game_wiki,de_DE,ltr,site_wiki_system_and_ships_cluster,1,P417_SITE_WIKI_SYSTEM_AND_SHIPS_CLUSTER,RS084_SITE_WIKI_NAVIGATION_CLUSTERS,applied_lore.site_wiki_system_and_ships_cluster,unlock.site_wiki_system_and_ships_cluster,1,external_site,P397_PUBLIC_NO_FTL_ROUTE_ARTICLE_MODULE;P341_NEEDLEPROBE_PRECURSOR_PROGRAM;P342_BEAM_SAIL_AND_PELLET_LANE,P418_SITE_WIKI_COLONY_AND_WORKERS_CLUSTER,draft_machine_or_llm,0,poi.system_ship_nav_cluster;poi.no_ftl_route_index,biome.publication;biome.human_space,in_game_wiki/de_DE/P417_SITE_WIKI_SYSTEM_AND_SHIPS_CLUSTER.md,DE LOC HOLD: Aegir Route and Ships,"The system/ships cluster groups no-FTL, Aegir route, carrier custody and drop-capsule constraints into one readable navigation lane.",Can hard-sci-fi logistics be navigable instead of a wall of exposition?
in_game_wiki,pl_PL,ltr,site_wiki_system_and_ships_cluster,1,P417_SITE_WIKI_SYSTEM_AND_SHIPS_CLUSTER,RS084_SITE_WIKI_NAVIGATION_CLUSTERS,applied_lore.site_wiki_system_and_ships_cluster,unlock.site_wiki_system_and_ships_cluster,1,external_site,P397_PUBLIC_NO_FTL_ROUTE_ARTICLE_MODULE;P341_NEEDLEPROBE_PRECURSOR_PROGRAM;P342_BEAM_SAIL_AND_PELLET_LANE,P418_SITE_WIKI_COLONY_AND_WORKERS_CLUSTER,draft_machine_or_llm,0,poi.system_ship_nav_cluster;poi.no_ftl_route_index,biome.publication;biome.human_space,in_game_wiki/pl_PL/P417_SITE_WIKI_SYSTEM_AND_SHIPS_CLUSTER.md,PL LOC HOLD: Aegir Route and Ships,"The system/ships cluster groups no-FTL, Aegir route, carrier custody and drop-capsule constraints into one readable navigation lane.",Can hard-sci-fi logistics be navigable instead of a wall of exposition?
in_game_wiki,uk_UA,ltr,site_wiki_system_and_ships_cluster,1,P417_SITE_WIKI_SYSTEM_AND_SHIPS_CLUSTER,RS084_SITE_WIKI_NAVIGATION_CLUSTERS,applied_lore.site_wiki_system_and_ships_cluster,unlock.site_wiki_system_and_ships_cluster,1,external_site,P397_PUBLIC_NO_FTL_ROUTE_ARTICLE_MODULE;P341_NEEDLEPROBE_PRECURSOR_PROGRAM;P342_BEAM_SAIL_AND_PELLET_LANE,P418_SITE_WIKI_COLONY_AND_WORKERS_CLUSTER,draft_machine_or_llm,0,poi.system_ship_nav_cluster;poi.no_ftl_route_index,biome.publication;biome.human_space,in_game_wiki/uk_UA/P417_SITE_WIKI_SYSTEM_AND_SHIPS_CLUSTER.md,UK LOC HOLD: Aegir Route and Ships,"The system/ships cluster groups no-FTL, Aegir route, carrier custody and drop-capsule constraints into one readable navigation lane.",Can hard-sci-fi logistics be navigable instead of a wall of exposition?
in_game_wiki,ar_SA,rtl,site_wiki_system_and_ships_cluster,1,P417_SITE_WIKI_SYSTEM_AND_SHIPS_CLUSTER,RS084_SITE_WIKI_NAVIGATION_CLUSTERS,applied_lore.site_wiki_system_and_ships_cluster,unlock.site_wiki_system_and_ships_cluster,1,external_site,P397_PUBLIC_NO_FTL_ROUTE_ARTICLE_MODULE;P341_NEEDLEPROBE_PRECURSOR_PROGRAM;P342_BEAM_SAIL_AND_PELLET_LANE,P418_SITE_WIKI_COLONY_AND_WORKERS_CLUSTER,draft_machine_or_llm,0,poi.system_ship_nav_cluster;poi.no_ftl_route_index,biome.publication;biome.human_space,in_game_wiki/ar_SA/P417_SITE_WIKI_SYSTEM_AND_SHIPS_CLUSTER.md,AR LOC HOLD: Aegir Route and Ships,"The system/ships cluster groups no-FTL, Aegir route, carrier custody and drop-capsule constraints into one readable navigation lane.",Can hard-sci-fi logistics be navigable instead of a wall of exposition?
in_game_wiki,id_ID,ltr,site_wiki_system_and_ships_cluster,1,P417_SITE_WIKI_SYSTEM_AND_SHIPS_CLUSTER,RS084_SITE_WIKI_NAVIGATION_CLUSTERS,applied_lore.site_wiki_system_and_ships_cluster,unlock.site_wiki_system_and_ships_cluster,1,external_site,P397_PUBLIC_NO_FTL_ROUTE_ARTICLE_MODULE;P341_NEEDLEPROBE_PRECURSOR_PROGRAM;P342_BEAM_SAIL_AND_PELLET_LANE,P418_SITE_WIKI_COLONY_AND_WORKERS_CLUSTER,draft_machine_or_llm,0,poi.system_ship_nav_cluster;poi.no_ftl_route_index,biome.publication;biome.human_space,in_game_wiki/id_ID/P417_SITE_WIKI_SYSTEM_AND_SHIPS_CLUSTER.md,ID LOC HOLD: Aegir Route and Ships,"The system/ships cluster groups no-FTL, Aegir route, carrier custody and drop-capsule constraints into one readable navigation lane.",Can hard-sci-fi logistics be navigable instead of a wall of exposition?
in_game_wiki,ko_KR,ltr,site_wiki_system_and_ships_cluster,1,P417_SITE_WIKI_SYSTEM_AND_SHIPS_CLUSTER,RS084_SITE_WIKI_NAVIGATION_CLUSTERS,applied_lore.site_wiki_system_and_ships_cluster,unlock.site_wiki_system_and_ships_cluster,1,external_site,P397_PUBLIC_NO_FTL_ROUTE_ARTICLE_MODULE;P341_NEEDLEPROBE_PRECURSOR_PROGRAM;P342_BEAM_SAIL_AND_PELLET_LANE,P418_SITE_WIKI_COLONY_AND_WORKERS_CLUSTER,draft_machine_or_llm,0,poi.system_ship_nav_cluster;poi.no_ftl_route_index,biome.publication;biome.human_space,in_game_wiki/ko_KR/P417_SITE_WIKI_SYSTEM_AND_SHIPS_CLUSTER.md,KO LOC HOLD: Aegir Route and Ships,"The system/ships cluster groups no-FTL, Aegir route, carrier custody and drop-capsule constraints into one readable navigation lane.",Can hard-sci-fi logistics be navigable instead of a wall of exposition?
in_game_wiki,he_IL,rtl,site_wiki_system_and_ships_cluster,1,P417_SITE_WIKI_SYSTEM_AND_SHIPS_CLUSTER,RS084_SITE_WIKI_NAVIGATION_CLUSTERS,applied_lore.site_wiki_system_and_ships_cluster,unlock.site_wiki_system_and_ships_cluster,1,external_site,P397_PUBLIC_NO_FTL_ROUTE_ARTICLE_MODULE;P341_NEEDLEPROBE_PRECURSOR_PROGRAM;P342_BEAM_SAIL_AND_PELLET_LANE,P418_SITE_WIKI_COLONY_AND_WORKERS_CLUSTER,draft_machine_or_llm,0,poi.system_ship_nav_cluster;poi.no_ftl_route_index,biome.publication;biome.human_space,in_game_wiki/he_IL/P417_SITE_WIKI_SYSTEM_AND_SHIPS_CLUSTER.md,HE LOC HOLD: Aegir Route and Ships,"The system/ships cluster groups no-FTL, Aegir route, carrier custody and drop-capsule constraints into one readable navigation lane.",Can hard-sci-fi logistics be navigable instead of a wall of exposition?
in_game_wiki,pt_BR,ltr,site_wiki_system_and_ships_cluster,1,P417_SITE_WIKI_SYSTEM_AND_SHIPS_CLUSTER,RS084_SITE_WIKI_NAVIGATION_CLUSTERS,applied_lore.site_wiki_system_and_ships_cluster,unlock.site_wiki_system_and_ships_cluster,1,external_site,P397_PUBLIC_NO_FTL_ROUTE_ARTICLE_MODULE;P341_NEEDLEPROBE_PRECURSOR_PROGRAM;P342_BEAM_SAIL_AND_PELLET_LANE,P418_SITE_WIKI_COLONY_AND_WORKERS_CLUSTER,draft_machine_or_llm,0,poi.system_ship_nav_cluster;poi.no_ftl_route_index,biome.publication;biome.human_space,in_game_wiki/pt_BR/P417_SITE_WIKI_SYSTEM_AND_SHIPS_CLUSTER.md,PT LOC HOLD: Aegir Route and Ships,"The system/ships cluster groups no-FTL, Aegir route, carrier custody and drop-capsule constraints into one readable navigation lane.",Can hard-sci-fi logistics be navigable instead of a wall of exposition?
in_game_wiki,nl_NL,ltr,site_wiki_system_and_ships_cluster,1,P417_SITE_WIKI_SYSTEM_AND_SHIPS_CLUSTER,RS084_SITE_WIKI_NAVIGATION_CLUSTERS,applied_lore.site_wiki_system_and_ships_cluster,unlock.site_wiki_system_and_ships_cluster,1,external_site,P397_PUBLIC_NO_FTL_ROUTE_ARTICLE_MODULE;P341_NEEDLEPROBE_PRECURSOR_PROGRAM;P342_BEAM_SAIL_AND_PELLET_LANE,P418_SITE_WIKI_COLONY_AND_WORKERS_CLUSTER,draft_machine_or_llm,0,poi.system_ship_nav_cluster;poi.no_ftl_route_index,biome.publication;biome.human_space,in_game_wiki/nl_NL/P417_SITE_WIKI_SYSTEM_AND_SHIPS_CLUSTER.md,NL LOC HOLD: Aegir Route and Ships,"The system/ships cluster groups no-FTL, Aegir route, carrier custody and drop-capsule constraints into one readable navigation lane.",Can hard-sci-fi logistics be navigable instead of a wall of exposition?
external_site,en_US,ltr,site_wiki_system_and_ships_cluster,1,P417_SITE_WIKI_SYSTEM_AND_SHIPS_CLUSTER,RS084_SITE_WIKI_NAVIGATION_CLUSTERS,applied_lore.site_wiki_system_and_ships_cluster,unlock.site_wiki_system_and_ships_cluster,1,external_site,P397_PUBLIC_NO_FTL_ROUTE_ARTICLE_MODULE;P341_NEEDLEPROBE_PRECURSOR_PROGRAM;P342_BEAM_SAIL_AND_PELLET_LANE,P418_SITE_WIKI_COLONY_AND_WORKERS_CLUSTER,source_authority,0,poi.system_ship_nav_cluster;poi.no_ftl_route_index,biome.publication;biome.human_space,external_site/en_US/P417_SITE_WIKI_SYSTEM_AND_SHIPS_CLUSTER.md,Aegir Route and Ships,"The system/ships cluster groups no-FTL, Aegir route, carrier custody and drop-capsule constraints into one readable navigation lane.",Can hard-sci-fi logistics be navigable instead of a wall of exposition?
external_site,ru_RU,ltr,site_wiki_system_and_ships_cluster,1,P417_SITE_WIKI_SYSTEM_AND_SHIPS_CLUSTER,RS084_SITE_WIKI_NAVIGATION_CLUSTERS,applied_lore.site_wiki_system_and_ships_cluster,unlock.site_wiki_system_and_ships_cluster,1,external_site,P397_PUBLIC_NO_FTL_ROUTE_ARTICLE_MODULE;P341_NEEDLEPROBE_PRECURSOR_PROGRAM;P342_BEAM_SAIL_AND_PELLET_LANE,P418_SITE_WIKI_COLONY_AND_WORKERS_CLUSTER,draft_machine_or_llm,0,poi.system_ship_nav_cluster;poi.no_ftl_route_index,biome.publication;biome.human_space,external_site/ru_RU/P417_SITE_WIKI_SYSTEM_AND_SHIPS_CLUSTER.md,RU LOC HOLD: Aegir Route and Ships,"The system/ships cluster groups no-FTL, Aegir route, carrier custody and drop-capsule constraints into one readable navigation lane.",Can hard-sci-fi logistics be navigable instead of a wall of exposition?
external_site,ja_JP,ltr,site_wiki_system_and_ships_cluster,1,P417_SITE_WIKI_SYSTEM_AND_SHIPS_CLUSTER,RS084_SITE_WIKI_NAVIGATION_CLUSTERS,applied_lore.site_wiki_system_and_ships_cluster,unlock.site_wiki_system_and_ships_cluster,1,external_site,P397_PUBLIC_NO_FTL_ROUTE_ARTICLE_MODULE;P341_NEEDLEPROBE_PRECURSOR_PROGRAM;P342_BEAM_SAIL_AND_PELLET_LANE,P418_SITE_WIKI_COLONY_AND_WORKERS_CLUSTER,draft_machine_or_llm,0,poi.system_ship_nav_cluster;poi.no_ftl_route_index,biome.publication;biome.human_space,external_site/ja_JP/P417_SITE_WIKI_SYSTEM_AND_SHIPS_CLUSTER.md,JA LOC HOLD: Aegir Route and Ships,"The system/ships cluster groups no-FTL, Aegir route, carrier custody and drop-capsule constraints into one readable navigation lane.",Can hard-sci-fi logistics be navigable instead of a wall of exposition?
external_site,zh_CN,ltr,site_wiki_system_and_ships_cluster,1,P417_SITE_WIKI_SYSTEM_AND_SHIPS_CLUSTER,RS084_SITE_WIKI_NAVIGATION_CLUSTERS,applied_lore.site_wiki_system_and_ships_cluster,unlock.site_wiki_system_and_ships_cluster,1,external_site,P397_PUBLIC_NO_FTL_ROUTE_ARTICLE_MODULE;P341_NEEDLEPROBE_PRECURSOR_PROGRAM;P342_BEAM_SAIL_AND_PELLET_LANE,P418_SITE_WIKI_COLONY_AND_WORKERS_CLUSTER,draft_machine_or_llm,0,poi.system_ship_nav_cluster;poi.no_ftl_route_index,biome.publication;biome.human_space,external_site/zh_CN/P417_SITE_WIKI_SYSTEM_AND_SHIPS_CLUSTER.md,ZH LOC HOLD: Aegir Route and Ships,"The system/ships cluster groups no-FTL, Aegir route, carrier custody and drop-capsule constraints into one readable navigation lane.",Can hard-sci-fi logistics be navigable instead of a wall of exposition?
external_site,fr_FR,ltr,site_wiki_system_and_ships_cluster,1,P417_SITE_WIKI_SYSTEM_AND_SHIPS_CLUSTER,RS084_SITE_WIKI_NAVIGATION_CLUSTERS,applied_lore.site_wiki_system_and_ships_cluster,unlock.site_wiki_system_and_ships_cluster,1,external_site,P397_PUBLIC_NO_FTL_ROUTE_ARTICLE_MODULE;P341_NEEDLEPROBE_PRECURSOR_PROGRAM;P342_BEAM_SAIL_AND_PELLET_LANE,P418_SITE_WIKI_COLONY_AND_WORKERS_CLUSTER,draft_machine_or_llm,0,poi.system_ship_nav_cluster;poi.no_ftl_route_index,biome.publication;biome.human_space,external_site/fr_FR/P417_SITE_WIKI_SYSTEM_AND_SHIPS_CLUSTER.md,FR LOC HOLD: Aegir Route and Ships,"The system/ships cluster groups no-FTL, Aegir route, carrier custody and drop-capsule constraints into one readable navigation lane.",Can hard-sci-fi logistics be navigable instead of a wall of exposition?
external_site,es_ES,ltr,site_wiki_system_and_ships_cluster,1,P417_SITE_WIKI_SYSTEM_AND_SHIPS_CLUSTER,RS084_SITE_WIKI_NAVIGATION_CLUSTERS,applied_lore.site_wiki_system_and_ships_cluster,unlock.site_wiki_system_and_ships_cluster,1,external_site,P397_PUBLIC_NO_FTL_ROUTE_ARTICLE_MODULE;P341_NEEDLEPROBE_PRECURSOR_PROGRAM;P342_BEAM_SAIL_AND_PELLET_LANE,P418_SITE_WIKI_COLONY_AND_WORKERS_CLUSTER,draft_machine_or_llm,0,poi.system_ship_nav_cluster;poi.no_ftl_route_index,biome.publication;biome.human_space,external_site/es_ES/P417_SITE_WIKI_SYSTEM_AND_SHIPS_CLUSTER.md,ES LOC HOLD: Aegir Route and Ships,"The system/ships cluster groups no-FTL, Aegir route, carrier custody and drop-capsule constraints into one readable navigation lane.",Can hard-sci-fi logistics be navigable instead of a wall of exposition?
external_site,de_DE,ltr,site_wiki_system_and_ships_cluster,1,P417_SITE_WIKI_SYSTEM_AND_SHIPS_CLUSTER,RS084_SITE_WIKI_NAVIGATION_CLUSTERS,applied_lore.site_wiki_system_and_ships_cluster,unlock.site_wiki_system_and_ships_cluster,1,external_site,P397_PUBLIC_NO_FTL_ROUTE_ARTICLE_MODULE;P341_NEEDLEPROBE_PRECURSOR_PROGRAM;P342_BEAM_SAIL_AND_PELLET_LANE,P418_SITE_WIKI_COLONY_AND_WORKERS_CLUSTER,draft_machine_or_llm,0,poi.system_ship_nav_cluster;poi.no_ftl_route_index,biome.publication;biome.human_space,external_site/de_DE/P417_SITE_WIKI_SYSTEM_AND_SHIPS_CLUSTER.md,DE LOC HOLD: Aegir Route and Ships,"The system/ships cluster groups no-FTL, Aegir route, carrier custody and drop-capsule constraints into one readable navigation lane.",Can hard-sci-fi logistics be navigable instead of a wall of exposition?
external_site,pl_PL,ltr,site_wiki_system_and_ships_cluster,1,P417_SITE_WIKI_SYSTEM_AND_SHIPS_CLUSTER,RS084_SITE_WIKI_NAVIGATION_CLUSTERS,applied_lore.site_wiki_system_and_ships_cluster,unlock.site_wiki_system_and_ships_cluster,1,external_site,P397_PUBLIC_NO_FTL_ROUTE_ARTICLE_MODULE;P341_NEEDLEPROBE_PRECURSOR_PROGRAM;P342_BEAM_SAIL_AND_PELLET_LANE,P418_SITE_WIKI_COLONY_AND_WORKERS_CLUSTER,draft_machine_or_llm,0,poi.system_ship_nav_cluster;poi.no_ftl_route_index,biome.publication;biome.human_space,external_site/pl_PL/P417_SITE_WIKI_SYSTEM_AND_SHIPS_CLUSTER.md,PL LOC HOLD: Aegir Route and Ships,"The system/ships cluster groups no-FTL, Aegir route, carrier custody and drop-capsule constraints into one readable navigation lane.",Can hard-sci-fi logistics be navigable instead of a wall of exposition?
external_site,uk_UA,ltr,site_wiki_system_and_ships_cluster,1,P417_SITE_WIKI_SYSTEM_AND_SHIPS_CLUSTER,RS084_SITE_WIKI_NAVIGATION_CLUSTERS,applied_lore.site_wiki_system_and_ships_cluster,unlock.site_wiki_system_and_ships_cluster,1,external_site,P397_PUBLIC_NO_FTL_ROUTE_ARTICLE_MODULE;P341_NEEDLEPROBE_PRECURSOR_PROGRAM;P342_BEAM_SAIL_AND_PELLET_LANE,P418_SITE_WIKI_COLONY_AND_WORKERS_CLUSTER,draft_machine_or_llm,0,poi.system_ship_nav_cluster;poi.no_ftl_route_index,biome.publication;biome.human_space,external_site/uk_UA/P417_SITE_WIKI_SYSTEM_AND_SHIPS_CLUSTER.md,UK LOC HOLD: Aegir Route and Ships,"The system/ships cluster groups no-FTL, Aegir route, carrier custody and drop-capsule constraints into one readable navigation lane.",Can hard-sci-fi logistics be navigable instead of a wall of exposition?
external_site,ar_SA,rtl,site_wiki_system_and_ships_cluster,1,P417_SITE_WIKI_SYSTEM_AND_SHIPS_CLUSTER,RS084_SITE_WIKI_NAVIGATION_CLUSTERS,applied_lore.site_wiki_system_and_ships_cluster,unlock.site_wiki_system_and_ships_cluster,1,external_site,P397_PUBLIC_NO_FTL_ROUTE_ARTICLE_MODULE;P341_NEEDLEPROBE_PRECURSOR_PROGRAM;P342_BEAM_SAIL_AND_PELLET_LANE,P418_SITE_WIKI_COLONY_AND_WORKERS_CLUSTER,draft_machine_or_llm,0,poi.system_ship_nav_cluster;poi.no_ftl_route_index,biome.publication;biome.human_space,external_site/ar_SA/P417_SITE_WIKI_SYSTEM_AND_SHIPS_CLUSTER.md,AR LOC HOLD: Aegir Route and Ships,"The system/ships cluster groups no-FTL, Aegir route, carrier custody and drop-capsule constraints into one readable navigation lane.",Can hard-sci-fi logistics be navigable instead of a wall of exposition?
external_site,id_ID,ltr,site_wiki_system_and_ships_cluster,1,P417_SITE_WIKI_SYSTEM_AND_SHIPS_CLUSTER,RS084_SITE_WIKI_NAVIGATION_CLUSTERS,applied_lore.site_wiki_system_and_ships_cluster,unlock.site_wiki_system_and_ships_cluster,1,external_site,P397_PUBLIC_NO_FTL_ROUTE_ARTICLE_MODULE;P341_NEEDLEPROBE_PRECURSOR_PROGRAM;P342_BEAM_SAIL_AND_PELLET_LANE,P418_SITE_WIKI_COLONY_AND_WORKERS_CLUSTER,draft_machine_or_llm,0,poi.system_ship_nav_cluster;poi.no_ftl_route_index,biome.publication;biome.human_space,external_site/id_ID/P417_SITE_WIKI_SYSTEM_AND_SHIPS_CLUSTER.md,ID LOC HOLD: Aegir Route and Ships,"The system/ships cluster groups no-FTL, Aegir route, carrier custody and drop-capsule constraints into one readable navigation lane.",Can hard-sci-fi logistics be navigable instead of a wall of exposition?
external_site,ko_KR,ltr,site_wiki_system_and_ships_cluster,1,P417_SITE_WIKI_SYSTEM_AND_SHIPS_CLUSTER,RS084_SITE_WIKI_NAVIGATION_CLUSTERS,applied_lore.site_wiki_system_and_ships_cluster,unlock.site_wiki_system_and_ships_cluster,1,external_site,P397_PUBLIC_NO_FTL_ROUTE_ARTICLE_MODULE;P341_NEEDLEPROBE_PRECURSOR_PROGRAM;P342_BEAM_SAIL_AND_PELLET_LANE,P418_SITE_WIKI_COLONY_AND_WORKERS_CLUSTER,draft_machine_or_llm,0,poi.system_ship_nav_cluster;poi.no_ftl_route_index,biome.publication;biome.human_space,external_site/ko_KR/P417_SITE_WIKI_SYSTEM_AND_SHIPS_CLUSTER.md,KO LOC HOLD: Aegir Route and Ships,"The system/ships cluster groups no-FTL, Aegir route, carrier custody and drop-capsule constraints into one readable navigation lane.",Can hard-sci-fi logistics be navigable instead of a wall of exposition?
external_site,he_IL,rtl,site_wiki_system_and_ships_cluster,1,P417_SITE_WIKI_SYSTEM_AND_SHIPS_CLUSTER,RS084_SITE_WIKI_NAVIGATION_CLUSTERS,applied_lore.site_wiki_system_and_ships_cluster,unlock.site_wiki_system_and_ships_cluster,1,external_site,P397_PUBLIC_NO_FTL_ROUTE_ARTICLE_MODULE;P341_NEEDLEPROBE_PRECURSOR_PROGRAM;P342_BEAM_SAIL_AND_PELLET_LANE,P418_SITE_WIKI_COLONY_AND_WORKERS_CLUSTER,draft_machine_or_llm,0,poi.system_ship_nav_cluster;poi.no_ftl_route_index,biome.publication;biome.human_space,external_site/he_IL/P417_SITE_WIKI_SYSTEM_AND_SHIPS_CLUSTER.md,HE LOC HOLD: Aegir Route and Ships,"The system/ships cluster groups no-FTL, Aegir route, carrier custody and drop-capsule constraints into one readable navigation lane.",Can hard-sci-fi logistics be navigable instead of a wall of exposition?
external_site,pt_BR,ltr,site_wiki_system_and_ships_cluster,1,P417_SITE_WIKI_SYSTEM_AND_SHIPS_CLUSTER,RS084_SITE_WIKI_NAVIGATION_CLUSTERS,applied_lore.site_wiki_system_and_ships_cluster,unlock.site_wiki_system_and_ships_cluster,1,external_site,P397_PUBLIC_NO_FTL_ROUTE_ARTICLE_MODULE;P341_NEEDLEPROBE_PRECURSOR_PROGRAM;P342_BEAM_SAIL_AND_PELLET_LANE,P418_SITE_WIKI_COLONY_AND_WORKERS_CLUSTER,draft_machine_or_llm,0,poi.system_ship_nav_cluster;poi.no_ftl_route_index,biome.publication;biome.human_space,external_site/pt_BR/P417_SITE_WIKI_SYSTEM_AND_SHIPS_CLUSTER.md,PT LOC HOLD: Aegir Route and Ships,"The system/ships cluster groups no-FTL, Aegir route, carrier custody and drop-capsule constraints into one readable navigation lane.",Can hard-sci-fi logistics be navigable instead of a wall of exposition?
external_site,nl_NL,ltr,site_wiki_system_and_ships_cluster,1,P417_SITE_WIKI_SYSTEM_AND_SHIPS_CLUSTER,RS084_SITE_WIKI_NAVIGATION_CLUSTERS,applied_lore.site_wiki_system_and_ships_cluster,unlock.site_wiki_system_and_ships_cluster,1,external_site,P397_PUBLIC_NO_FTL_ROUTE_ARTICLE_MODULE;P341_NEEDLEPROBE_PRECURSOR_PROGRAM;P342_BEAM_SAIL_AND_PELLET_LANE,P418_SITE_WIKI_COLONY_AND_WORKERS_CLUSTER,draft_machine_or_llm,0,poi.system_ship_nav_cluster;poi.no_ftl_route_index,biome.publication;biome.human_space,external_site/nl_NL/P417_SITE_WIKI_SYSTEM_AND_SHIPS_CLUSTER.md,NL LOC HOLD: Aegir Route and Ships,"The system/ships cluster groups no-FTL, Aegir route, carrier custody and drop-capsule constraints into one readable navigation lane.",Can hard-sci-fi logistics be navigable instead of a wall of exposition?
in_game_wiki,en_US,ltr,site_wiki_colony_and_workers_cluster,2,P418_SITE_WIKI_COLONY_AND_WORKERS_CLUSTER,RS084_SITE_WIKI_NAVIGATION_CLUSTERS,applied_lore.site_wiki_colony_and_workers_cluster,unlock.site_wiki_colony_and_workers_cluster,1,external_site,P359_WORKER_COMMUNITY_NO_FAMILY_HOOK_RULE;P401_MARA_VENN_PUMP_CHIEF_DOSSIER;P405_LIAN_TORRES_VENT_FORGE_OPERATOR_DOSSIER,P419_SITE_WIKI_RESOURCES_AND_ECOLOGY_CLUSTER,source_authority,0,poi.colony_worker_nav_cluster;poi.worker_dossier_index,biome.publication;biome.colony_evidence,in_game_wiki/en_US/P418_SITE_WIKI_COLONY_AND_WORKERS_CLUSTER.md,Colony and Workers,"The colony/workers cluster makes people legible through jobs and evidence, not relatives of the protagonist.",How do we make the colony human without cheap personal melodrama?
in_game_wiki,ru_RU,ltr,site_wiki_colony_and_workers_cluster,2,P418_SITE_WIKI_COLONY_AND_WORKERS_CLUSTER,RS084_SITE_WIKI_NAVIGATION_CLUSTERS,applied_lore.site_wiki_colony_and_workers_cluster,unlock.site_wiki_colony_and_workers_cluster,1,external_site,P359_WORKER_COMMUNITY_NO_FAMILY_HOOK_RULE;P401_MARA_VENN_PUMP_CHIEF_DOSSIER;P405_LIAN_TORRES_VENT_FORGE_OPERATOR_DOSSIER,P419_SITE_WIKI_RESOURCES_AND_ECOLOGY_CLUSTER,draft_machine_or_llm,0,poi.colony_worker_nav_cluster;poi.worker_dossier_index,biome.publication;biome.colony_evidence,in_game_wiki/ru_RU/P418_SITE_WIKI_COLONY_AND_WORKERS_CLUSTER.md,Колония и рабочие,"The colony/workers cluster makes people legible through jobs and evidence, not relatives of the protagonist.",How do we make the colony human without cheap personal melodrama?
in_game_wiki,ja_JP,ltr,site_wiki_colony_and_workers_cluster,2,P418_SITE_WIKI_COLONY_AND_WORKERS_CLUSTER,RS084_SITE_WIKI_NAVIGATION_CLUSTERS,applied_lore.site_wiki_colony_and_workers_cluster,unlock.site_wiki_colony_and_workers_cluster,1,external_site,P359_WORKER_COMMUNITY_NO_FAMILY_HOOK_RULE;P401_MARA_VENN_PUMP_CHIEF_DOSSIER;P405_LIAN_TORRES_VENT_FORGE_OPERATOR_DOSSIER,P419_SITE_WIKI_RESOURCES_AND_ECOLOGY_CLUSTER,draft_machine_or_llm,0,poi.colony_worker_nav_cluster;poi.worker_dossier_index,biome.publication;biome.colony_evidence,in_game_wiki/ja_JP/P418_SITE_WIKI_COLONY_AND_WORKERS_CLUSTER.md,JA LOC HOLD: コロニーと作業員,"The colony/workers cluster makes people legible through jobs and evidence, not relatives of the protagonist.",How do we make the colony human without cheap personal melodrama?
in_game_wiki,zh_CN,ltr,site_wiki_colony_and_workers_cluster,2,P418_SITE_WIKI_COLONY_AND_WORKERS_CLUSTER,RS084_SITE_WIKI_NAVIGATION_CLUSTERS,applied_lore.site_wiki_colony_and_workers_cluster,unlock.site_wiki_colony_and_workers_cluster,1,external_site,P359_WORKER_COMMUNITY_NO_FAMILY_HOOK_RULE;P401_MARA_VENN_PUMP_CHIEF_DOSSIER;P405_LIAN_TORRES_VENT_FORGE_OPERATOR_DOSSIER,P419_SITE_WIKI_RESOURCES_AND_ECOLOGY_CLUSTER,draft_machine_or_llm,0,poi.colony_worker_nav_cluster;poi.worker_dossier_index,biome.publication;biome.colony_evidence,in_game_wiki/zh_CN/P418_SITE_WIKI_COLONY_AND_WORKERS_CLUSTER.md,ZH LOC HOLD: 殖民地与工人,"The colony/workers cluster makes people legible through jobs and evidence, not relatives of the protagonist.",How do we make the colony human without cheap personal melodrama?
in_game_wiki,fr_FR,ltr,site_wiki_colony_and_workers_cluster,2,P418_SITE_WIKI_COLONY_AND_WORKERS_CLUSTER,RS084_SITE_WIKI_NAVIGATION_CLUSTERS,applied_lore.site_wiki_colony_and_workers_cluster,unlock.site_wiki_colony_and_workers_cluster,1,external_site,P359_WORKER_COMMUNITY_NO_FAMILY_HOOK_RULE;P401_MARA_VENN_PUMP_CHIEF_DOSSIER;P405_LIAN_TORRES_VENT_FORGE_OPERATOR_DOSSIER,P419_SITE_WIKI_RESOURCES_AND_ECOLOGY_CLUSTER,draft_machine_or_llm,0,poi.colony_worker_nav_cluster;poi.worker_dossier_index,biome.publication;biome.colony_evidence,in_game_wiki/fr_FR/P418_SITE_WIKI_COLONY_AND_WORKERS_CLUSTER.md,FR LOC HOLD: Colonie et travailleurs,"The colony/workers cluster makes people legible through jobs and evidence, not relatives of the protagonist.",How do we make the colony human without cheap personal melodrama?
in_game_wiki,es_ES,ltr,site_wiki_colony_and_workers_cluster,2,P418_SITE_WIKI_COLONY_AND_WORKERS_CLUSTER,RS084_SITE_WIKI_NAVIGATION_CLUSTERS,applied_lore.site_wiki_colony_and_workers_cluster,unlock.site_wiki_colony_and_workers_cluster,1,external_site,P359_WORKER_COMMUNITY_NO_FAMILY_HOOK_RULE;P401_MARA_VENN_PUMP_CHIEF_DOSSIER;P405_LIAN_TORRES_VENT_FORGE_OPERATOR_DOSSIER,P419_SITE_WIKI_RESOURCES_AND_ECOLOGY_CLUSTER,draft_machine_or_llm,0,poi.colony_worker_nav_cluster;poi.worker_dossier_index,biome.publication;biome.colony_evidence,in_game_wiki/es_ES/P418_SITE_WIKI_COLONY_AND_WORKERS_CLUSTER.md,ES LOC HOLD: Colonia y trabajadores,"The colony/workers cluster makes people legible through jobs and evidence, not relatives of the protagonist.",How do we make the colony human without cheap personal melodrama?
in_game_wiki,de_DE,ltr,site_wiki_colony_and_workers_cluster,2,P418_SITE_WIKI_COLONY_AND_WORKERS_CLUSTER,RS084_SITE_WIKI_NAVIGATION_CLUSTERS,applied_lore.site_wiki_colony_and_workers_cluster,unlock.site_wiki_colony_and_workers_cluster,1,external_site,P359_WORKER_COMMUNITY_NO_FAMILY_HOOK_RULE;P401_MARA_VENN_PUMP_CHIEF_DOSSIER;P405_LIAN_TORRES_VENT_FORGE_OPERATOR_DOSSIER,P419_SITE_WIKI_RESOURCES_AND_ECOLOGY_CLUSTER,draft_machine_or_llm,0,poi.colony_worker_nav_cluster;poi.worker_dossier_index,biome.publication;biome.colony_evidence,in_game_wiki/de_DE/P418_SITE_WIKI_COLONY_AND_WORKERS_CLUSTER.md,DE LOC HOLD: Kolonie und Arbeiter,"The colony/workers cluster makes people legible through jobs and evidence, not relatives of the protagonist.",How do we make the colony human without cheap personal melodrama?
in_game_wiki,pl_PL,ltr,site_wiki_colony_and_workers_cluster,2,P418_SITE_WIKI_COLONY_AND_WORKERS_CLUSTER,RS084_SITE_WIKI_NAVIGATION_CLUSTERS,applied_lore.site_wiki_colony_and_workers_cluster,unlock.site_wiki_colony_and_workers_cluster,1,external_site,P359_WORKER_COMMUNITY_NO_FAMILY_HOOK_RULE;P401_MARA_VENN_PUMP_CHIEF_DOSSIER;P405_LIAN_TORRES_VENT_FORGE_OPERATOR_DOSSIER,P419_SITE_WIKI_RESOURCES_AND_ECOLOGY_CLUSTER,draft_machine_or_llm,0,poi.colony_worker_nav_cluster;poi.worker_dossier_index,biome.publication;biome.colony_evidence,in_game_wiki/pl_PL/P418_SITE_WIKI_COLONY_AND_WORKERS_CLUSTER.md,PL LOC HOLD: Kolonia i pracownicy,"The colony/workers cluster makes people legible through jobs and evidence, not relatives of the protagonist.",How do we make the colony human without cheap personal melodrama?
in_game_wiki,uk_UA,ltr,site_wiki_colony_and_workers_cluster,2,P418_SITE_WIKI_COLONY_AND_WORKERS_CLUSTER,RS084_SITE_WIKI_NAVIGATION_CLUSTERS,applied_lore.site_wiki_colony_and_workers_cluster,unlock.site_wiki_colony_and_workers_cluster,1,external_site,P359_WORKER_COMMUNITY_NO_FAMILY_HOOK_RULE;P401_MARA_VENN_PUMP_CHIEF_DOSSIER;P405_LIAN_TORRES_VENT_FORGE_OPERATOR_DOSSIER,P419_SITE_WIKI_RESOURCES_AND_ECOLOGY_CLUSTER,draft_machine_or_llm,0,poi.colony_worker_nav_cluster;poi.worker_dossier_index,biome.publication;biome.colony_evidence,in_game_wiki/uk_UA/P418_SITE_WIKI_COLONY_AND_WORKERS_CLUSTER.md,UK LOC HOLD: Колонія і робітники,"The colony/workers cluster makes people legible through jobs and evidence, not relatives of the protagonist.",How do we make the colony human without cheap personal melodrama?
in_game_wiki,ar_SA,rtl,site_wiki_colony_and_workers_cluster,2,P418_SITE_WIKI_COLONY_AND_WORKERS_CLUSTER,RS084_SITE_WIKI_NAVIGATION_CLUSTERS,applied_lore.site_wiki_colony_and_workers_cluster,unlock.site_wiki_colony_and_workers_cluster,1,external_site,P359_WORKER_COMMUNITY_NO_FAMILY_HOOK_RULE;P401_MARA_VENN_PUMP_CHIEF_DOSSIER;P405_LIAN_TORRES_VENT_FORGE_OPERATOR_DOSSIER,P419_SITE_WIKI_RESOURCES_AND_ECOLOGY_CLUSTER,draft_machine_or_llm,0,poi.colony_worker_nav_cluster;poi.worker_dossier_index,biome.publication;biome.colony_evidence,in_game_wiki/ar_SA/P418_SITE_WIKI_COLONY_AND_WORKERS_CLUSTER.md,AR LOC HOLD: المستعمرة والعمال,"The colony/workers cluster makes people legible through jobs and evidence, not relatives of the protagonist.",How do we make the colony human without cheap personal melodrama?
in_game_wiki,id_ID,ltr,site_wiki_colony_and_workers_cluster,2,P418_SITE_WIKI_COLONY_AND_WORKERS_CLUSTER,RS084_SITE_WIKI_NAVIGATION_CLUSTERS,applied_lore.site_wiki_colony_and_workers_cluster,unlock.site_wiki_colony_and_workers_cluster,1,external_site,P359_WORKER_COMMUNITY_NO_FAMILY_HOOK_RULE;P401_MARA_VENN_PUMP_CHIEF_DOSSIER;P405_LIAN_TORRES_VENT_FORGE_OPERATOR_DOSSIER,P419_SITE_WIKI_RESOURCES_AND_ECOLOGY_CLUSTER,draft_machine_or_llm,0,poi.colony_worker_nav_cluster;poi.worker_dossier_index,biome.publication;biome.colony_evidence,in_game_wiki/id_ID/P418_SITE_WIKI_COLONY_AND_WORKERS_CLUSTER.md,ID LOC HOLD: Koloni dan Pekerja,"The colony/workers cluster makes people legible through jobs and evidence, not relatives of the protagonist.",How do we make the colony human without cheap personal melodrama?
in_game_wiki,ko_KR,ltr,site_wiki_colony_and_workers_cluster,2,P418_SITE_WIKI_COLONY_AND_WORKERS_CLUSTER,RS084_SITE_WIKI_NAVIGATION_CLUSTERS,applied_lore.site_wiki_colony_and_workers_cluster,unlock.site_wiki_colony_and_workers_cluster,1,external_site,P359_WORKER_COMMUNITY_NO_FAMILY_HOOK_RULE;P401_MARA_VENN_PUMP_CHIEF_DOSSIER;P405_LIAN_TORRES_VENT_FORGE_OPERATOR_DOSSIER,P419_SITE_WIKI_RESOURCES_AND_ECOLOGY_CLUSTER,draft_machine_or_llm,0,poi.colony_worker_nav_cluster;poi.worker_dossier_index,biome.publication;biome.colony_evidence,in_game_wiki/ko_KR/P418_SITE_WIKI_COLONY_AND_WORKERS_CLUSTER.md,KO LOC HOLD: 식민지와 작업자,"The colony/workers cluster makes people legible through jobs and evidence, not relatives of the protagonist.",How do we make the colony human without cheap personal melodrama?
in_game_wiki,he_IL,rtl,site_wiki_colony_and_workers_cluster,2,P418_SITE_WIKI_COLONY_AND_WORKERS_CLUSTER,RS084_SITE_WIKI_NAVIGATION_CLUSTERS,applied_lore.site_wiki_colony_and_workers_cluster,unlock.site_wiki_colony_and_workers_cluster,1,external_site,P359_WORKER_COMMUNITY_NO_FAMILY_HOOK_RULE;P401_MARA_VENN_PUMP_CHIEF_DOSSIER;P405_LIAN_TORRES_VENT_FORGE_OPERATOR_DOSSIER,P419_SITE_WIKI_RESOURCES_AND_ECOLOGY_CLUSTER,draft_machine_or_llm,0,poi.colony_worker_nav_cluster;poi.worker_dossier_index,biome.publication;biome.colony_evidence,in_game_wiki/he_IL/P418_SITE_WIKI_COLONY_AND_WORKERS_CLUSTER.md,HE LOC HOLD: המושבה והעובדים,"The colony/workers cluster makes people legible through jobs and evidence, not relatives of the protagonist.",How do we make the colony human without cheap personal melodrama?
in_game_wiki,pt_BR,ltr,site_wiki_colony_and_workers_cluster,2,P418_SITE_WIKI_COLONY_AND_WORKERS_CLUSTER,RS084_SITE_WIKI_NAVIGATION_CLUSTERS,applied_lore.site_wiki_colony_and_workers_cluster,unlock.site_wiki_colony_and_workers_cluster,1,external_site,P359_WORKER_COMMUNITY_NO_FAMILY_HOOK_RULE;P401_MARA_VENN_PUMP_CHIEF_DOSSIER;P405_LIAN_TORRES_VENT_FORGE_OPERATOR_DOSSIER,P419_SITE_WIKI_RESOURCES_AND_ECOLOGY_CLUSTER,draft_machine_or_llm,0,poi.colony_worker_nav_cluster;poi.worker_dossier_index,biome.publication;biome.colony_evidence,in_game_wiki/pt_BR/P418_SITE_WIKI_COLONY_AND_WORKERS_CLUSTER.md,PT LOC HOLD: Colônia e trabalhadores,"The colony/workers cluster makes people legible through jobs and evidence, not relatives of the protagonist.",How do we make the colony human without cheap personal melodrama?
in_game_wiki,nl_NL,ltr,site_wiki_colony_and_workers_cluster,2,P418_SITE_WIKI_COLONY_AND_WORKERS_CLUSTER,RS084_SITE_WIKI_NAVIGATION_CLUSTERS,applied_lore.site_wiki_colony_and_workers_cluster,unlock.site_wiki_colony_and_workers_cluster,1,external_site,P359_WORKER_COMMUNITY_NO_FAMILY_HOOK_RULE;P401_MARA_VENN_PUMP_CHIEF_DOSSIER;P405_LIAN_TORRES_VENT_FORGE_OPERATOR_DOSSIER,P419_SITE_WIKI_RESOURCES_AND_ECOLOGY_CLUSTER,draft_machine_or_llm,0,poi.colony_worker_nav_cluster;poi.worker_dossier_index,biome.publication;biome.colony_evidence,in_game_wiki/nl_NL/P418_SITE_WIKI_COLONY_AND_WORKERS_CLUSTER.md,NL LOC HOLD: Kolonie en arbeiders,"The colony/workers cluster makes people legible through jobs and evidence, not relatives of the protagonist.",How do we make the colony human without cheap personal melodrama?
external_site,en_US,ltr,site_wiki_colony_and_workers_cluster,2,P418_SITE_WIKI_COLONY_AND_WORKERS_CLUSTER,RS084_SITE_WIKI_NAVIGATION_CLUSTERS,applied_lore.site_wiki_colony_and_workers_cluster,unlock.site_wiki_colony_and_workers_cluster,1,external_site,P359_WORKER_COMMUNITY_NO_FAMILY_HOOK_RULE;P401_MARA_VENN_PUMP_CHIEF_DOSSIER;P405_LIAN_TORRES_VENT_FORGE_OPERATOR_DOSSIER,P419_SITE_WIKI_RESOURCES_AND_ECOLOGY_CLUSTER,source_authority,0,poi.colony_worker_nav_cluster;poi.worker_dossier_index,biome.publication;biome.colony_evidence,external_site/en_US/P418_SITE_WIKI_COLONY_AND_WORKERS_CLUSTER.md,Colony and Workers,"The colony/workers cluster makes people legible through jobs and evidence, not relatives of the protagonist.",How do we make the colony human without cheap personal melodrama?
external_site,ru_RU,ltr,site_wiki_colony_and_workers_cluster,2,P418_SITE_WIKI_COLONY_AND_WORKERS_CLUSTER,RS084_SITE_WIKI_NAVIGATION_CLUSTERS,applied_lore.site_wiki_colony_and_workers_cluster,unlock.site_wiki_colony_and_workers_cluster,1,external_site,P359_WORKER_COMMUNITY_NO_FAMILY_HOOK_RULE;P401_MARA_VENN_PUMP_CHIEF_DOSSIER;P405_LIAN_TORRES_VENT_FORGE_OPERATOR_DOSSIER,P419_SITE_WIKI_RESOURCES_AND_ECOLOGY_CLUSTER,draft_machine_or_llm,0,poi.colony_worker_nav_cluster;poi.worker_dossier_index,biome.publication;biome.colony_evidence,external_site/ru_RU/P418_SITE_WIKI_COLONY_AND_WORKERS_CLUSTER.md,Колония и рабочие,"The colony/workers cluster makes people legible through jobs and evidence, not relatives of the protagonist.",How do we make the colony human without cheap personal melodrama?
external_site,ja_JP,ltr,site_wiki_colony_and_workers_cluster,2,P418_SITE_WIKI_COLONY_AND_WORKERS_CLUSTER,RS084_SITE_WIKI_NAVIGATION_CLUSTERS,applied_lore.site_wiki_colony_and_workers_cluster,unlock.site_wiki_colony_and_workers_cluster,1,external_site,P359_WORKER_COMMUNITY_NO_FAMILY_HOOK_RULE;P401_MARA_VENN_PUMP_CHIEF_DOSSIER;P405_LIAN_TORRES_VENT_FORGE_OPERATOR_DOSSIER,P419_SITE_WIKI_RESOURCES_AND_ECOLOGY_CLUSTER,draft_machine_or_llm,0,poi.colony_worker_nav_cluster;poi.worker_dossier_index,biome.publication;biome.colony_evidence,external_site/ja_JP/P418_SITE_WIKI_COLONY_AND_WORKERS_CLUSTER.md,JA LOC HOLD: コロニーと作業員,"The colony/workers cluster makes people legible through jobs and evidence, not relatives of the protagonist.",How do we make the colony human without cheap personal melodrama?
external_site,zh_CN,ltr,site_wiki_colony_and_workers_cluster,2,P418_SITE_WIKI_COLONY_AND_WORKERS_CLUSTER,RS084_SITE_WIKI_NAVIGATION_CLUSTERS,applied_lore.site_wiki_colony_and_workers_cluster,unlock.site_wiki_colony_and_workers_cluster,1,external_site,P359_WORKER_COMMUNITY_NO_FAMILY_HOOK_RULE;P401_MARA_VENN_PUMP_CHIEF_DOSSIER;P405_LIAN_TORRES_VENT_FORGE_OPERATOR_DOSSIER,P419_SITE_WIKI_RESOURCES_AND_ECOLOGY_CLUSTER,draft_machine_or_llm,0,poi.colony_worker_nav_cluster;poi.worker_dossier_index,biome.publication;biome.colony_evidence,external_site/zh_CN/P418_SITE_WIKI_COLONY_AND_WORKERS_CLUSTER.md,ZH LOC HOLD: 殖民地与工人,"The colony/workers cluster makes people legible through jobs and evidence, not relatives of the protagonist.",How do we make the colony human without cheap personal melodrama?
external_site,fr_FR,ltr,site_wiki_colony_and_workers_cluster,2,P418_SITE_WIKI_COLONY_AND_WORKERS_CLUSTER,RS084_SITE_WIKI_NAVIGATION_CLUSTERS,applied_lore.site_wiki_colony_and_workers_cluster,unlock.site_wiki_colony_and_workers_cluster,1,external_site,P359_WORKER_COMMUNITY_NO_FAMILY_HOOK_RULE;P401_MARA_VENN_PUMP_CHIEF_DOSSIER;P405_LIAN_TORRES_VENT_FORGE_OPERATOR_DOSSIER,P419_SITE_WIKI_RESOURCES_AND_ECOLOGY_CLUSTER,draft_machine_or_llm,0,poi.colony_worker_nav_cluster;poi.worker_dossier_index,biome.publication;biome.colony_evidence,external_site/fr_FR/P418_SITE_WIKI_COLONY_AND_WORKERS_CLUSTER.md,FR LOC HOLD: Colonie et travailleurs,"The colony/workers cluster makes people legible through jobs and evidence, not relatives of the protagonist.",How do we make the colony human without cheap personal melodrama?
external_site,es_ES,ltr,site_wiki_colony_and_workers_cluster,2,P418_SITE_WIKI_COLONY_AND_WORKERS_CLUSTER,RS084_SITE_WIKI_NAVIGATION_CLUSTERS,applied_lore.site_wiki_colony_and_workers_cluster,unlock.site_wiki_colony_and_workers_cluster,1,external_site,P359_WORKER_COMMUNITY_NO_FAMILY_HOOK_RULE;P401_MARA_VENN_PUMP_CHIEF_DOSSIER;P405_LIAN_TORRES_VENT_FORGE_OPERATOR_DOSSIER,P419_SITE_WIKI_RESOURCES_AND_ECOLOGY_CLUSTER,draft_machine_or_llm,0,poi.colony_worker_nav_cluster;poi.worker_dossier_index,biome.publication;biome.colony_evidence,external_site/es_ES/P418_SITE_WIKI_COLONY_AND_WORKERS_CLUSTER.md,ES LOC HOLD: Colonia y trabajadores,"The colony/workers cluster makes people legible through jobs and evidence, not relatives of the protagonist.",How do we make the colony human without cheap personal melodrama?
external_site,de_DE,ltr,site_wiki_colony_and_workers_cluster,2,P418_SITE_WIKI_COLONY_AND_WORKERS_CLUSTER,RS084_SITE_WIKI_NAVIGATION_CLUSTERS,applied_lore.site_wiki_colony_and_workers_cluster,unlock.site_wiki_colony_and_workers_cluster,1,external_site,P359_WORKER_COMMUNITY_NO_FAMILY_HOOK_RULE;P401_MARA_VENN_PUMP_CHIEF_DOSSIER;P405_LIAN_TORRES_VENT_FORGE_OPERATOR_DOSSIER,P419_SITE_WIKI_RESOURCES_AND_ECOLOGY_CLUSTER,draft_machine_or_llm,0,poi.colony_worker_nav_cluster;poi.worker_dossier_index,biome.publication;biome.colony_evidence,external_site/de_DE/P418_SITE_WIKI_COLONY_AND_WORKERS_CLUSTER.md,DE LOC HOLD: Kolonie und Arbeiter,"The colony/workers cluster makes people legible through jobs and evidence, not relatives of the protagonist.",How do we make the colony human without cheap personal melodrama?
external_site,pl_PL,ltr,site_wiki_colony_and_workers_cluster,2,P418_SITE_WIKI_COLONY_AND_WORKERS_CLUSTER,RS084_SITE_WIKI_NAVIGATION_CLUSTERS,applied_lore.site_wiki_colony_and_workers_cluster,unlock.site_wiki_colony_and_workers_cluster,1,external_site,P359_WORKER_COMMUNITY_NO_FAMILY_HOOK_RULE;P401_MARA_VENN_PUMP_CHIEF_DOSSIER;P405_LIAN_TORRES_VENT_FORGE_OPERATOR_DOSSIER,P419_SITE_WIKI_RESOURCES_AND_ECOLOGY_CLUSTER,draft_machine_or_llm,0,poi.colony_worker_nav_cluster;poi.worker_dossier_index,biome.publication;biome.colony_evidence,external_site/pl_PL/P418_SITE_WIKI_COLONY_AND_WORKERS_CLUSTER.md,PL LOC HOLD: Kolonia i pracownicy,"The colony/workers cluster makes people legible through jobs and evidence, not relatives of the protagonist.",How do we make the colony human without cheap personal melodrama?
external_site,uk_UA,ltr,site_wiki_colony_and_workers_cluster,2,P418_SITE_WIKI_COLONY_AND_WORKERS_CLUSTER,RS084_SITE_WIKI_NAVIGATION_CLUSTERS,applied_lore.site_wiki_colony_and_workers_cluster,unlock.site_wiki_colony_and_workers_cluster,1,external_site,P359_WORKER_COMMUNITY_NO_FAMILY_HOOK_RULE;P401_MARA_VENN_PUMP_CHIEF_DOSSIER;P405_LIAN_TORRES_VENT_FORGE_OPERATOR_DOSSIER,P419_SITE_WIKI_RESOURCES_AND_ECOLOGY_CLUSTER,draft_machine_or_llm,0,poi.colony_worker_nav_cluster;poi.worker_dossier_index,biome.publication;biome.colony_evidence,external_site/uk_UA/P418_SITE_WIKI_COLONY_AND_WORKERS_CLUSTER.md,UK LOC HOLD: Колонія і робітники,"The colony/workers cluster makes people legible through jobs and evidence, not relatives of the protagonist.",How do we make the colony human without cheap personal melodrama?
external_site,ar_SA,rtl,site_wiki_colony_and_workers_cluster,2,P418_SITE_WIKI_COLONY_AND_WORKERS_CLUSTER,RS084_SITE_WIKI_NAVIGATION_CLUSTERS,applied_lore.site_wiki_colony_and_workers_cluster,unlock.site_wiki_colony_and_workers_cluster,1,external_site,P359_WORKER_COMMUNITY_NO_FAMILY_HOOK_RULE;P401_MARA_VENN_PUMP_CHIEF_DOSSIER;P405_LIAN_TORRES_VENT_FORGE_OPERATOR_DOSSIER,P419_SITE_WIKI_RESOURCES_AND_ECOLOGY_CLUSTER,draft_machine_or_llm,0,poi.colony_worker_nav_cluster;poi.worker_dossier_index,biome.publication;biome.colony_evidence,external_site/ar_SA/P418_SITE_WIKI_COLONY_AND_WORKERS_CLUSTER.md,AR LOC HOLD: المستعمرة والعمال,"The colony/workers cluster makes people legible through jobs and evidence, not relatives of the protagonist.",How do we make the colony human without cheap personal melodrama?
external_site,id_ID,ltr,site_wiki_colony_and_workers_cluster,2,P418_SITE_WIKI_COLONY_AND_WORKERS_CLUSTER,RS084_SITE_WIKI_NAVIGATION_CLUSTERS,applied_lore.site_wiki_colony_and_workers_cluster,unlock.site_wiki_colony_and_workers_cluster,1,external_site,P359_WORKER_COMMUNITY_NO_FAMILY_HOOK_RULE;P401_MARA_VENN_PUMP_CHIEF_DOSSIER;P405_LIAN_TORRES_VENT_FORGE_OPERATOR_DOSSIER,P419_SITE_WIKI_RESOURCES_AND_ECOLOGY_CLUSTER,draft_machine_or_llm,0,poi.colony_worker_nav_cluster;poi.worker_dossier_index,biome.publication;biome.colony_evidence,external_site/id_ID/P418_SITE_WIKI_COLONY_AND_WORKERS_CLUSTER.md,ID LOC HOLD: Koloni dan Pekerja,"The colony/workers cluster makes people legible through jobs and evidence, not relatives of the protagonist.",How do we make the colony human without cheap personal melodrama?
external_site,ko_KR,ltr,site_wiki_colony_and_workers_cluster,2,P418_SITE_WIKI_COLONY_AND_WORKERS_CLUSTER,RS084_SITE_WIKI_NAVIGATION_CLUSTERS,applied_lore.site_wiki_colony_and_workers_cluster,unlock.site_wiki_colony_and_workers_cluster,1,external_site,P359_WORKER_COMMUNITY_NO_FAMILY_HOOK_RULE;P401_MARA_VENN_PUMP_CHIEF_DOSSIER;P405_LIAN_TORRES_VENT_FORGE_OPERATOR_DOSSIER,P419_SITE_WIKI_RESOURCES_AND_ECOLOGY_CLUSTER,draft_machine_or_llm,0,poi.colony_worker_nav_cluster;poi.worker_dossier_index,biome.publication;biome.colony_evidence,external_site/ko_KR/P418_SITE_WIKI_COLONY_AND_WORKERS_CLUSTER.md,KO LOC HOLD: 식민지와 작업자,"The colony/workers cluster makes people legible through jobs and evidence, not relatives of the protagonist.",How do we make the colony human without cheap personal melodrama?
external_site,he_IL,rtl,site_wiki_colony_and_workers_cluster,2,P418_SITE_WIKI_COLONY_AND_WORKERS_CLUSTER,RS084_SITE_WIKI_NAVIGATION_CLUSTERS,applied_lore.site_wiki_colony_and_workers_cluster,unlock.site_wiki_colony_and_workers_cluster,1,external_site,P359_WORKER_COMMUNITY_NO_FAMILY_HOOK_RULE;P401_MARA_VENN_PUMP_CHIEF_DOSSIER;P405_LIAN_TORRES_VENT_FORGE_OPERATOR_DOSSIER,P419_SITE_WIKI_RESOURCES_AND_ECOLOGY_CLUSTER,draft_machine_or_llm,0,poi.colony_worker_nav_cluster;poi.worker_dossier_index,biome.publication;biome.colony_evidence,external_site/he_IL/P418_SITE_WIKI_COLONY_AND_WORKERS_CLUSTER.md,HE LOC HOLD: המושבה והעובדים,"The colony/workers cluster makes people legible through jobs and evidence, not relatives of the protagonist.",How do we make the colony human without cheap personal melodrama?
external_site,pt_BR,ltr,site_wiki_colony_and_workers_cluster,2,P418_SITE_WIKI_COLONY_AND_WORKERS_CLUSTER,RS084_SITE_WIKI_NAVIGATION_CLUSTERS,applied_lore.site_wiki_colony_and_workers_cluster,unlock.site_wiki_colony_and_workers_cluster,1,external_site,P359_WORKER_COMMUNITY_NO_FAMILY_HOOK_RULE;P401_MARA_VENN_PUMP_CHIEF_DOSSIER;P405_LIAN_TORRES_VENT_FORGE_OPERATOR_DOSSIER,P419_SITE_WIKI_RESOURCES_AND_ECOLOGY_CLUSTER,draft_machine_or_llm,0,poi.colony_worker_nav_cluster;poi.worker_dossier_index,biome.publication;biome.colony_evidence,external_site/pt_BR/P418_SITE_WIKI_COLONY_AND_WORKERS_CLUSTER.md,PT LOC HOLD: Colônia e trabalhadores,"The colony/workers cluster makes people legible through jobs and evidence, not relatives of the protagonist.",How do we make the colony human without cheap personal melodrama?
external_site,nl_NL,ltr,site_wiki_colony_and_workers_cluster,2,P418_SITE_WIKI_COLONY_AND_WORKERS_CLUSTER,RS084_SITE_WIKI_NAVIGATION_CLUSTERS,applied_lore.site_wiki_colony_and_workers_cluster,unlock.site_wiki_colony_and_workers_cluster,1,external_site,P359_WORKER_COMMUNITY_NO_FAMILY_HOOK_RULE;P401_MARA_VENN_PUMP_CHIEF_DOSSIER;P405_LIAN_TORRES_VENT_FORGE_OPERATOR_DOSSIER,P419_SITE_WIKI_RESOURCES_AND_ECOLOGY_CLUSTER,draft_machine_or_llm,0,poi.colony_worker_nav_cluster;poi.worker_dossier_index,biome.publication;biome.colony_evidence,external_site/nl_NL/P418_SITE_WIKI_COLONY_AND_WORKERS_CLUSTER.md,NL LOC HOLD: Kolonie en arbeiders,"The colony/workers cluster makes people legible through jobs and evidence, not relatives of the protagonist.",How do we make the colony human without cheap personal melodrama?
in_game_wiki,en_US,ltr,site_wiki_resources_and_ecology_cluster,3,P419_SITE_WIKI_RESOURCES_AND_ECOLOGY_CLUSTER,RS084_SITE_WIKI_NAVIGATION_CLUSTERS,applied_lore.site_wiki_resources_and_ecology_cluster,unlock.site_wiki_resources_and_ecology_cluster,1,external_site,P351_DROWNED_CRUST_STRATA_GUIDE;P411_PREDATOR_SHADOW_ENCOUNTER_GRAMMAR;P415_SENSOR_TAGGED_FAUNA_PURSUIT_ENCOUNTER_GRAMMAR,P420_SITE_WIKI_ENDINGS_SPOILER_CLUSTER,source_authority,0,poi.resource_ecology_nav_cluster;poi.fauna_encounter_index,biome.publication;biome.ecology,in_game_wiki/en_US/P419_SITE_WIKI_RESOURCES_AND_ECOLOGY_CLUSTER.md,Resources and Ecology,"The resource/ecology cluster connects geology, blue debt, native life and Atlas repair misuse as process chains.",Can a resource page explain ecology without flattening life into loot?
in_game_wiki,ru_RU,ltr,site_wiki_resources_and_ecology_cluster,3,P419_SITE_WIKI_RESOURCES_AND_ECOLOGY_CLUSTER,RS084_SITE_WIKI_NAVIGATION_CLUSTERS,applied_lore.site_wiki_resources_and_ecology_cluster,unlock.site_wiki_resources_and_ecology_cluster,1,external_site,P351_DROWNED_CRUST_STRATA_GUIDE;P411_PREDATOR_SHADOW_ENCOUNTER_GRAMMAR;P415_SENSOR_TAGGED_FAUNA_PURSUIT_ENCOUNTER_GRAMMAR,P420_SITE_WIKI_ENDINGS_SPOILER_CLUSTER,draft_machine_or_llm,0,poi.resource_ecology_nav_cluster;poi.fauna_encounter_index,biome.publication;biome.ecology,in_game_wiki/ru_RU/P419_SITE_WIKI_RESOURCES_AND_ECOLOGY_CLUSTER.md,RU LOC HOLD: Resources and Ecology,"The resource/ecology cluster connects geology, blue debt, native life and Atlas repair misuse as process chains.",Can a resource page explain ecology without flattening life into loot?
in_game_wiki,ja_JP,ltr,site_wiki_resources_and_ecology_cluster,3,P419_SITE_WIKI_RESOURCES_AND_ECOLOGY_CLUSTER,RS084_SITE_WIKI_NAVIGATION_CLUSTERS,applied_lore.site_wiki_resources_and_ecology_cluster,unlock.site_wiki_resources_and_ecology_cluster,1,external_site,P351_DROWNED_CRUST_STRATA_GUIDE;P411_PREDATOR_SHADOW_ENCOUNTER_GRAMMAR;P415_SENSOR_TAGGED_FAUNA_PURSUIT_ENCOUNTER_GRAMMAR,P420_SITE_WIKI_ENDINGS_SPOILER_CLUSTER,draft_machine_or_llm,0,poi.resource_ecology_nav_cluster;poi.fauna_encounter_index,biome.publication;biome.ecology,in_game_wiki/ja_JP/P419_SITE_WIKI_RESOURCES_AND_ECOLOGY_CLUSTER.md,JA LOC HOLD: Resources and Ecology,"The resource/ecology cluster connects geology, blue debt, native life and Atlas repair misuse as process chains.",Can a resource page explain ecology without flattening life into loot?
in_game_wiki,zh_CN,ltr,site_wiki_resources_and_ecology_cluster,3,P419_SITE_WIKI_RESOURCES_AND_ECOLOGY_CLUSTER,RS084_SITE_WIKI_NAVIGATION_CLUSTERS,applied_lore.site_wiki_resources_and_ecology_cluster,unlock.site_wiki_resources_and_ecology_cluster,1,external_site,P351_DROWNED_CRUST_STRATA_GUIDE;P411_PREDATOR_SHADOW_ENCOUNTER_GRAMMAR;P415_SENSOR_TAGGED_FAUNA_PURSUIT_ENCOUNTER_GRAMMAR,P420_SITE_WIKI_ENDINGS_SPOILER_CLUSTER,draft_machine_or_llm,0,poi.resource_ecology_nav_cluster;poi.fauna_encounter_index,biome.publication;biome.ecology,in_game_wiki/zh_CN/P419_SITE_WIKI_RESOURCES_AND_ECOLOGY_CLUSTER.md,ZH LOC HOLD: Resources and Ecology,"The resource/ecology cluster connects geology, blue debt, native life and Atlas repair misuse as process chains.",Can a resource page explain ecology without flattening life into loot?
in_game_wiki,fr_FR,ltr,site_wiki_resources_and_ecology_cluster,3,P419_SITE_WIKI_RESOURCES_AND_ECOLOGY_CLUSTER,RS084_SITE_WIKI_NAVIGATION_CLUSTERS,applied_lore.site_wiki_resources_and_ecology_cluster,unlock.site_wiki_resources_and_ecology_cluster,1,external_site,P351_DROWNED_CRUST_STRATA_GUIDE;P411_PREDATOR_SHADOW_ENCOUNTER_GRAMMAR;P415_SENSOR_TAGGED_FAUNA_PURSUIT_ENCOUNTER_GRAMMAR,P420_SITE_WIKI_ENDINGS_SPOILER_CLUSTER,draft_machine_or_llm,0,poi.resource_ecology_nav_cluster;poi.fauna_encounter_index,biome.publication;biome.ecology,in_game_wiki/fr_FR/P419_SITE_WIKI_RESOURCES_AND_ECOLOGY_CLUSTER.md,FR LOC HOLD: Resources and Ecology,"The resource/ecology cluster connects geology, blue debt, native life and Atlas repair misuse as process chains.",Can a resource page explain ecology without flattening life into loot?
in_game_wiki,es_ES,ltr,site_wiki_resources_and_ecology_cluster,3,P419_SITE_WIKI_RESOURCES_AND_ECOLOGY_CLUSTER,RS084_SITE_WIKI_NAVIGATION_CLUSTERS,applied_lore.site_wiki_resources_and_ecology_cluster,unlock.site_wiki_resources_and_ecology_cluster,1,external_site,P351_DROWNED_CRUST_STRATA_GUIDE;P411_PREDATOR_SHADOW_ENCOUNTER_GRAMMAR;P415_SENSOR_TAGGED_FAUNA_PURSUIT_ENCOUNTER_GRAMMAR,P420_SITE_WIKI_ENDINGS_SPOILER_CLUSTER,draft_machine_or_llm,0,poi.resource_ecology_nav_cluster;poi.fauna_encounter_index,biome.publication;biome.ecology,in_game_wiki/es_ES/P419_SITE_WIKI_RESOURCES_AND_ECOLOGY_CLUSTER.md,ES LOC HOLD: Resources and Ecology,"The resource/ecology cluster connects geology, blue debt, native life and Atlas repair misuse as process chains.",Can a resource page explain ecology without flattening life into loot?
in_game_wiki,de_DE,ltr,site_wiki_resources_and_ecology_cluster,3,P419_SITE_WIKI_RESOURCES_AND_ECOLOGY_CLUSTER,RS084_SITE_WIKI_NAVIGATION_CLUSTERS,applied_lore.site_wiki_resources_and_ecology_cluster,unlock.site_wiki_resources_and_ecology_cluster,1,external_site,P351_DROWNED_CRUST_STRATA_GUIDE;P411_PREDATOR_SHADOW_ENCOUNTER_GRAMMAR;P415_SENSOR_TAGGED_FAUNA_PURSUIT_ENCOUNTER_GRAMMAR,P420_SITE_WIKI_ENDINGS_SPOILER_CLUSTER,draft_machine_or_llm,0,poi.resource_ecology_nav_cluster;poi.fauna_encounter_index,biome.publication;biome.ecology,in_game_wiki/de_DE/P419_SITE_WIKI_RESOURCES_AND_ECOLOGY_CLUSTER.md,DE LOC HOLD: Resources and Ecology,"The resource/ecology cluster connects geology, blue debt, native life and Atlas repair misuse as process chains.",Can a resource page explain ecology without flattening life into loot?
in_game_wiki,pl_PL,ltr,site_wiki_resources_and_ecology_cluster,3,P419_SITE_WIKI_RESOURCES_AND_ECOLOGY_CLUSTER,RS084_SITE_WIKI_NAVIGATION_CLUSTERS,applied_lore.site_wiki_resources_and_ecology_cluster,unlock.site_wiki_resources_and_ecology_cluster,1,external_site,P351_DROWNED_CRUST_STRATA_GUIDE;P411_PREDATOR_SHADOW_ENCOUNTER_GRAMMAR;P415_SENSOR_TAGGED_FAUNA_PURSUIT_ENCOUNTER_GRAMMAR,P420_SITE_WIKI_ENDINGS_SPOILER_CLUSTER,draft_machine_or_llm,0,poi.resource_ecology_nav_cluster;poi.fauna_encounter_index,biome.publication;biome.ecology,in_game_wiki/pl_PL/P419_SITE_WIKI_RESOURCES_AND_ECOLOGY_CLUSTER.md,PL LOC HOLD: Resources and Ecology,"The resource/ecology cluster connects geology, blue debt, native life and Atlas repair misuse as process chains.",Can a resource page explain ecology without flattening life into loot?
in_game_wiki,uk_UA,ltr,site_wiki_resources_and_ecology_cluster,3,P419_SITE_WIKI_RESOURCES_AND_ECOLOGY_CLUSTER,RS084_SITE_WIKI_NAVIGATION_CLUSTERS,applied_lore.site_wiki_resources_and_ecology_cluster,unlock.site_wiki_resources_and_ecology_cluster,1,external_site,P351_DROWNED_CRUST_STRATA_GUIDE;P411_PREDATOR_SHADOW_ENCOUNTER_GRAMMAR;P415_SENSOR_TAGGED_FAUNA_PURSUIT_ENCOUNTER_GRAMMAR,P420_SITE_WIKI_ENDINGS_SPOILER_CLUSTER,draft_machine_or_llm,0,poi.resource_ecology_nav_cluster;poi.fauna_encounter_index,biome.publication;biome.ecology,in_game_wiki/uk_UA/P419_SITE_WIKI_RESOURCES_AND_ECOLOGY_CLUSTER.md,UK LOC HOLD: Resources and Ecology,"The resource/ecology cluster connects geology, blue debt, native life and Atlas repair misuse as process chains.",Can a resource page explain ecology without flattening life into loot?
in_game_wiki,ar_SA,rtl,site_wiki_resources_and_ecology_cluster,3,P419_SITE_WIKI_RESOURCES_AND_ECOLOGY_CLUSTER,RS084_SITE_WIKI_NAVIGATION_CLUSTERS,applied_lore.site_wiki_resources_and_ecology_cluster,unlock.site_wiki_resources_and_ecology_cluster,1,external_site,P351_DROWNED_CRUST_STRATA_GUIDE;P411_PREDATOR_SHADOW_ENCOUNTER_GRAMMAR;P415_SENSOR_TAGGED_FAUNA_PURSUIT_ENCOUNTER_GRAMMAR,P420_SITE_WIKI_ENDINGS_SPOILER_CLUSTER,draft_machine_or_llm,0,poi.resource_ecology_nav_cluster;poi.fauna_encounter_index,biome.publication;biome.ecology,in_game_wiki/ar_SA/P419_SITE_WIKI_RESOURCES_AND_ECOLOGY_CLUSTER.md,AR LOC HOLD: Resources and Ecology,"The resource/ecology cluster connects geology, blue debt, native life and Atlas repair misuse as process chains.",Can a resource page explain ecology without flattening life into loot?
in_game_wiki,id_ID,ltr,site_wiki_resources_and_ecology_cluster,3,P419_SITE_WIKI_RESOURCES_AND_ECOLOGY_CLUSTER,RS084_SITE_WIKI_NAVIGATION_CLUSTERS,applied_lore.site_wiki_resources_and_ecology_cluster,unlock.site_wiki_resources_and_ecology_cluster,1,external_site,P351_DROWNED_CRUST_STRATA_GUIDE;P411_PREDATOR_SHADOW_ENCOUNTER_GRAMMAR;P415_SENSOR_TAGGED_FAUNA_PURSUIT_ENCOUNTER_GRAMMAR,P420_SITE_WIKI_ENDINGS_SPOILER_CLUSTER,draft_machine_or_llm,0,poi.resource_ecology_nav_cluster;poi.fauna_encounter_index,biome.publication;biome.ecology,in_game_wiki/id_ID/P419_SITE_WIKI_RESOURCES_AND_ECOLOGY_CLUSTER.md,ID LOC HOLD: Resources and Ecology,"The resource/ecology cluster connects geology, blue debt, native life and Atlas repair misuse as process chains.",Can a resource page explain ecology without flattening life into loot?
in_game_wiki,ko_KR,ltr,site_wiki_resources_and_ecology_cluster,3,P419_SITE_WIKI_RESOURCES_AND_ECOLOGY_CLUSTER,RS084_SITE_WIKI_NAVIGATION_CLUSTERS,applied_lore.site_wiki_resources_and_ecology_cluster,unlock.site_wiki_resources_and_ecology_cluster,1,external_site,P351_DROWNED_CRUST_STRATA_GUIDE;P411_PREDATOR_SHADOW_ENCOUNTER_GRAMMAR;P415_SENSOR_TAGGED_FAUNA_PURSUIT_ENCOUNTER_GRAMMAR,P420_SITE_WIKI_ENDINGS_SPOILER_CLUSTER,draft_machine_or_llm,0,poi.resource_ecology_nav_cluster;poi.fauna_encounter_index,biome.publication;biome.ecology,in_game_wiki/ko_KR/P419_SITE_WIKI_RESOURCES_AND_ECOLOGY_CLUSTER.md,KO LOC HOLD: Resources and Ecology,"The resource/ecology cluster connects geology, blue debt, native life and Atlas repair misuse as process chains.",Can a resource page explain ecology without flattening life into loot?
in_game_wiki,he_IL,rtl,site_wiki_resources_and_ecology_cluster,3,P419_SITE_WIKI_RESOURCES_AND_ECOLOGY_CLUSTER,RS084_SITE_WIKI_NAVIGATION_CLUSTERS,applied_lore.site_wiki_resources_and_ecology_cluster,unlock.site_wiki_resources_and_ecology_cluster,1,external_site,P351_DROWNED_CRUST_STRATA_GUIDE;P411_PREDATOR_SHADOW_ENCOUNTER_GRAMMAR;P415_SENSOR_TAGGED_FAUNA_PURSUIT_ENCOUNTER_GRAMMAR,P420_SITE_WIKI_ENDINGS_SPOILER_CLUSTER,draft_machine_or_llm,0,poi.resource_ecology_nav_cluster;poi.fauna_encounter_index,biome.publication;biome.ecology,in_game_wiki/he_IL/P419_SITE_WIKI_RESOURCES_AND_ECOLOGY_CLUSTER.md,HE LOC HOLD: Resources and Ecology,"The resource/ecology cluster connects geology, blue debt, native life and Atlas repair misuse as process chains.",Can a resource page explain ecology without flattening life into loot?
in_game_wiki,pt_BR,ltr,site_wiki_resources_and_ecology_cluster,3,P419_SITE_WIKI_RESOURCES_AND_ECOLOGY_CLUSTER,RS084_SITE_WIKI_NAVIGATION_CLUSTERS,applied_lore.site_wiki_resources_and_ecology_cluster,unlock.site_wiki_resources_and_ecology_cluster,1,external_site,P351_DROWNED_CRUST_STRATA_GUIDE;P411_PREDATOR_SHADOW_ENCOUNTER_GRAMMAR;P415_SENSOR_TAGGED_FAUNA_PURSUIT_ENCOUNTER_GRAMMAR,P420_SITE_WIKI_ENDINGS_SPOILER_CLUSTER,draft_machine_or_llm,0,poi.resource_ecology_nav_cluster;poi.fauna_encounter_index,biome.publication;biome.ecology,in_game_wiki/pt_BR/P419_SITE_WIKI_RESOURCES_AND_ECOLOGY_CLUSTER.md,PT LOC HOLD: Resources and Ecology,"The resource/ecology cluster connects geology, blue debt, native life and Atlas repair misuse as process chains.",Can a resource page explain ecology without flattening life into loot?
in_game_wiki,nl_NL,ltr,site_wiki_resources_and_ecology_cluster,3,P419_SITE_WIKI_RESOURCES_AND_ECOLOGY_CLUSTER,RS084_SITE_WIKI_NAVIGATION_CLUSTERS,applied_lore.site_wiki_resources_and_ecology_cluster,unlock.site_wiki_resources_and_ecology_cluster,1,external_site,P351_DROWNED_CRUST_STRATA_GUIDE;P411_PREDATOR_SHADOW_ENCOUNTER_GRAMMAR;P415_SENSOR_TAGGED_FAUNA_PURSUIT_ENCOUNTER_GRAMMAR,P420_SITE_WIKI_ENDINGS_SPOILER_CLUSTER,draft_machine_or_llm,0,poi.resource_ecology_nav_cluster;poi.fauna_encounter_index,biome.publication;biome.ecology,in_game_wiki/nl_NL/P419_SITE_WIKI_RESOURCES_AND_ECOLOGY_CLUSTER.md,NL LOC HOLD: Resources and Ecology,"The resource/ecology cluster connects geology, blue debt, native life and Atlas repair misuse as process chains.",Can a resource page explain ecology without flattening life into loot?
external_site,en_US,ltr,site_wiki_resources_and_ecology_cluster,3,P419_SITE_WIKI_RESOURCES_AND_ECOLOGY_CLUSTER,RS084_SITE_WIKI_NAVIGATION_CLUSTERS,applied_lore.site_wiki_resources_and_ecology_cluster,unlock.site_wiki_resources_and_ecology_cluster,1,external_site,P351_DROWNED_CRUST_STRATA_GUIDE;P411_PREDATOR_SHADOW_ENCOUNTER_GRAMMAR;P415_SENSOR_TAGGED_FAUNA_PURSUIT_ENCOUNTER_GRAMMAR,P420_SITE_WIKI_ENDINGS_SPOILER_CLUSTER,source_authority,0,poi.resource_ecology_nav_cluster;poi.fauna_encounter_index,biome.publication;biome.ecology,external_site/en_US/P419_SITE_WIKI_RESOURCES_AND_ECOLOGY_CLUSTER.md,Resources and Ecology,"The resource/ecology cluster connects geology, blue debt, native life and Atlas repair misuse as process chains.",Can a resource page explain ecology without flattening life into loot?
external_site,ru_RU,ltr,site_wiki_resources_and_ecology_cluster,3,P419_SITE_WIKI_RESOURCES_AND_ECOLOGY_CLUSTER,RS084_SITE_WIKI_NAVIGATION_CLUSTERS,applied_lore.site_wiki_resources_and_ecology_cluster,unlock.site_wiki_resources_and_ecology_cluster,1,external_site,P351_DROWNED_CRUST_STRATA_GUIDE;P411_PREDATOR_SHADOW_ENCOUNTER_GRAMMAR;P415_SENSOR_TAGGED_FAUNA_PURSUIT_ENCOUNTER_GRAMMAR,P420_SITE_WIKI_ENDINGS_SPOILER_CLUSTER,draft_machine_or_llm,0,poi.resource_ecology_nav_cluster;poi.fauna_encounter_index,biome.publication;biome.ecology,external_site/ru_RU/P419_SITE_WIKI_RESOURCES_AND_ECOLOGY_CLUSTER.md,RU LOC HOLD: Resources and Ecology,"The resource/ecology cluster connects geology, blue debt, native life and Atlas repair misuse as process chains.",Can a resource page explain ecology without flattening life into loot?
external_site,ja_JP,ltr,site_wiki_resources_and_ecology_cluster,3,P419_SITE_WIKI_RESOURCES_AND_ECOLOGY_CLUSTER,RS084_SITE_WIKI_NAVIGATION_CLUSTERS,applied_lore.site_wiki_resources_and_ecology_cluster,unlock.site_wiki_resources_and_ecology_cluster,1,external_site,P351_DROWNED_CRUST_STRATA_GUIDE;P411_PREDATOR_SHADOW_ENCOUNTER_GRAMMAR;P415_SENSOR_TAGGED_FAUNA_PURSUIT_ENCOUNTER_GRAMMAR,P420_SITE_WIKI_ENDINGS_SPOILER_CLUSTER,draft_machine_or_llm,0,poi.resource_ecology_nav_cluster;poi.fauna_encounter_index,biome.publication;biome.ecology,external_site/ja_JP/P419_SITE_WIKI_RESOURCES_AND_ECOLOGY_CLUSTER.md,JA LOC HOLD: Resources and Ecology,"The resource/ecology cluster connects geology, blue debt, native life and Atlas repair misuse as process chains.",Can a resource page explain ecology without flattening life into loot?
external_site,zh_CN,ltr,site_wiki_resources_and_ecology_cluster,3,P419_SITE_WIKI_RESOURCES_AND_ECOLOGY_CLUSTER,RS084_SITE_WIKI_NAVIGATION_CLUSTERS,applied_lore.site_wiki_resources_and_ecology_cluster,unlock.site_wiki_resources_and_ecology_cluster,1,external_site,P351_DROWNED_CRUST_STRATA_GUIDE;P411_PREDATOR_SHADOW_ENCOUNTER_GRAMMAR;P415_SENSOR_TAGGED_FAUNA_PURSUIT_ENCOUNTER_GRAMMAR,P420_SITE_WIKI_ENDINGS_SPOILER_CLUSTER,draft_machine_or_llm,0,poi.resource_ecology_nav_cluster;poi.fauna_encounter_index,biome.publication;biome.ecology,external_site/zh_CN/P419_SITE_WIKI_RESOURCES_AND_ECOLOGY_CLUSTER.md,ZH LOC HOLD: Resources and Ecology,"The resource/ecology cluster connects geology, blue debt, native life and Atlas repair misuse as process chains.",Can a resource page explain ecology without flattening life into loot?
external_site,fr_FR,ltr,site_wiki_resources_and_ecology_cluster,3,P419_SITE_WIKI_RESOURCES_AND_ECOLOGY_CLUSTER,RS084_SITE_WIKI_NAVIGATION_CLUSTERS,applied_lore.site_wiki_resources_and_ecology_cluster,unlock.site_wiki_resources_and_ecology_cluster,1,external_site,P351_DROWNED_CRUST_STRATA_GUIDE;P411_PREDATOR_SHADOW_ENCOUNTER_GRAMMAR;P415_SENSOR_TAGGED_FAUNA_PURSUIT_ENCOUNTER_GRAMMAR,P420_SITE_WIKI_ENDINGS_SPOILER_CLUSTER,draft_machine_or_llm,0,poi.resource_ecology_nav_cluster;poi.fauna_encounter_index,biome.publication;biome.ecology,external_site/fr_FR/P419_SITE_WIKI_RESOURCES_AND_ECOLOGY_CLUSTER.md,FR LOC HOLD: Resources and Ecology,"The resource/ecology cluster connects geology, blue debt, native life and Atlas repair misuse as process chains.",Can a resource page explain ecology without flattening life into loot?
external_site,es_ES,ltr,site_wiki_resources_and_ecology_cluster,3,P419_SITE_WIKI_RESOURCES_AND_ECOLOGY_CLUSTER,RS084_SITE_WIKI_NAVIGATION_CLUSTERS,applied_lore.site_wiki_resources_and_ecology_cluster,unlock.site_wiki_resources_and_ecology_cluster,1,external_site,P351_DROWNED_CRUST_STRATA_GUIDE;P411_PREDATOR_SHADOW_ENCOUNTER_GRAMMAR;P415_SENSOR_TAGGED_FAUNA_PURSUIT_ENCOUNTER_GRAMMAR,P420_SITE_WIKI_ENDINGS_SPOILER_CLUSTER,draft_machine_or_llm,0,poi.resource_ecology_nav_cluster;poi.fauna_encounter_index,biome.publication;biome.ecology,external_site/es_ES/P419_SITE_WIKI_RESOURCES_AND_ECOLOGY_CLUSTER.md,ES LOC HOLD: Resources and Ecology,"The resource/ecology cluster connects geology, blue debt, native life and Atlas repair misuse as process chains.",Can a resource page explain ecology without flattening life into loot?
external_site,de_DE,ltr,site_wiki_resources_and_ecology_cluster,3,P419_SITE_WIKI_RESOURCES_AND_ECOLOGY_CLUSTER,RS084_SITE_WIKI_NAVIGATION_CLUSTERS,applied_lore.site_wiki_resources_and_ecology_cluster,unlock.site_wiki_resources_and_ecology_cluster,1,external_site,P351_DROWNED_CRUST_STRATA_GUIDE;P411_PREDATOR_SHADOW_ENCOUNTER_GRAMMAR;P415_SENSOR_TAGGED_FAUNA_PURSUIT_ENCOUNTER_GRAMMAR,P420_SITE_WIKI_ENDINGS_SPOILER_CLUSTER,draft_machine_or_llm,0,poi.resource_ecology_nav_cluster;poi.fauna_encounter_index,biome.publication;biome.ecology,external_site/de_DE/P419_SITE_WIKI_RESOURCES_AND_ECOLOGY_CLUSTER.md,DE LOC HOLD: Resources and Ecology,"The resource/ecology cluster connects geology, blue debt, native life and Atlas repair misuse as process chains.",Can a resource page explain ecology without flattening life into loot?
external_site,pl_PL,ltr,site_wiki_resources_and_ecology_cluster,3,P419_SITE_WIKI_RESOURCES_AND_ECOLOGY_CLUSTER,RS084_SITE_WIKI_NAVIGATION_CLUSTERS,applied_lore.site_wiki_resources_and_ecology_cluster,unlock.site_wiki_resources_and_ecology_cluster,1,external_site,P351_DROWNED_CRUST_STRATA_GUIDE;P411_PREDATOR_SHADOW_ENCOUNTER_GRAMMAR;P415_SENSOR_TAGGED_FAUNA_PURSUIT_ENCOUNTER_GRAMMAR,P420_SITE_WIKI_ENDINGS_SPOILER_CLUSTER,draft_machine_or_llm,0,poi.resource_ecology_nav_cluster;poi.fauna_encounter_index,biome.publication;biome.ecology,external_site/pl_PL/P419_SITE_WIKI_RESOURCES_AND_ECOLOGY_CLUSTER.md,PL LOC HOLD: Resources and Ecology,"The resource/ecology cluster connects geology, blue debt, native life and Atlas repair misuse as process chains.",Can a resource page explain ecology without flattening life into loot?
external_site,uk_UA,ltr,site_wiki_resources_and_ecology_cluster,3,P419_SITE_WIKI_RESOURCES_AND_ECOLOGY_CLUSTER,RS084_SITE_WIKI_NAVIGATION_CLUSTERS,applied_lore.site_wiki_resources_and_ecology_cluster,unlock.site_wiki_resources_and_ecology_cluster,1,external_site,P351_DROWNED_CRUST_STRATA_GUIDE;P411_PREDATOR_SHADOW_ENCOUNTER_GRAMMAR;P415_SENSOR_TAGGED_FAUNA_PURSUIT_ENCOUNTER_GRAMMAR,P420_SITE_WIKI_ENDINGS_SPOILER_CLUSTER,draft_machine_or_llm,0,poi.resource_ecology_nav_cluster;poi.fauna_encounter_index,biome.publication;biome.ecology,external_site/uk_UA/P419_SITE_WIKI_RESOURCES_AND_ECOLOGY_CLUSTER.md,UK LOC HOLD: Resources and Ecology,"The resource/ecology cluster connects geology, blue debt, native life and Atlas repair misuse as process chains.",Can a resource page explain ecology without flattening life into loot?
external_site,ar_SA,rtl,site_wiki_resources_and_ecology_cluster,3,P419_SITE_WIKI_RESOURCES_AND_ECOLOGY_CLUSTER,RS084_SITE_WIKI_NAVIGATION_CLUSTERS,applied_lore.site_wiki_resources_and_ecology_cluster,unlock.site_wiki_resources_and_ecology_cluster,1,external_site,P351_DROWNED_CRUST_STRATA_GUIDE;P411_PREDATOR_SHADOW_ENCOUNTER_GRAMMAR;P415_SENSOR_TAGGED_FAUNA_PURSUIT_ENCOUNTER_GRAMMAR,P420_SITE_WIKI_ENDINGS_SPOILER_CLUSTER,draft_machine_or_llm,0,poi.resource_ecology_nav_cluster;poi.fauna_encounter_index,biome.publication;biome.ecology,external_site/ar_SA/P419_SITE_WIKI_RESOURCES_AND_ECOLOGY_CLUSTER.md,AR LOC HOLD: Resources and Ecology,"The resource/ecology cluster connects geology, blue debt, native life and Atlas repair misuse as process chains.",Can a resource page explain ecology without flattening life into loot?
external_site,id_ID,ltr,site_wiki_resources_and_ecology_cluster,3,P419_SITE_WIKI_RESOURCES_AND_ECOLOGY_CLUSTER,RS084_SITE_WIKI_NAVIGATION_CLUSTERS,applied_lore.site_wiki_resources_and_ecology_cluster,unlock.site_wiki_resources_and_ecology_cluster,1,external_site,P351_DROWNED_CRUST_STRATA_GUIDE;P411_PREDATOR_SHADOW_ENCOUNTER_GRAMMAR;P415_SENSOR_TAGGED_FAUNA_PURSUIT_ENCOUNTER_GRAMMAR,P420_SITE_WIKI_ENDINGS_SPOILER_CLUSTER,draft_machine_or_llm,0,poi.resource_ecology_nav_cluster;poi.fauna_encounter_index,biome.publication;biome.ecology,external_site/id_ID/P419_SITE_WIKI_RESOURCES_AND_ECOLOGY_CLUSTER.md,ID LOC HOLD: Resources and Ecology,"The resource/ecology cluster connects geology, blue debt, native life and Atlas repair misuse as process chains.",Can a resource page explain ecology without flattening life into loot?
external_site,ko_KR,ltr,site_wiki_resources_and_ecology_cluster,3,P419_SITE_WIKI_RESOURCES_AND_ECOLOGY_CLUSTER,RS084_SITE_WIKI_NAVIGATION_CLUSTERS,applied_lore.site_wiki_resources_and_ecology_cluster,unlock.site_wiki_resources_and_ecology_cluster,1,external_site,P351_DROWNED_CRUST_STRATA_GUIDE;P411_PREDATOR_SHADOW_ENCOUNTER_GRAMMAR;P415_SENSOR_TAGGED_FAUNA_PURSUIT_ENCOUNTER_GRAMMAR,P420_SITE_WIKI_ENDINGS_SPOILER_CLUSTER,draft_machine_or_llm,0,poi.resource_ecology_nav_cluster;poi.fauna_encounter_index,biome.publication;biome.ecology,external_site/ko_KR/P419_SITE_WIKI_RESOURCES_AND_ECOLOGY_CLUSTER.md,KO LOC HOLD: Resources and Ecology,"The resource/ecology cluster connects geology, blue debt, native life and Atlas repair misuse as process chains.",Can a resource page explain ecology without flattening life into loot?
external_site,he_IL,rtl,site_wiki_resources_and_ecology_cluster,3,P419_SITE_WIKI_RESOURCES_AND_ECOLOGY_CLUSTER,RS084_SITE_WIKI_NAVIGATION_CLUSTERS,applied_lore.site_wiki_resources_and_ecology_cluster,unlock.site_wiki_resources_and_ecology_cluster,1,external_site,P351_DROWNED_CRUST_STRATA_GUIDE;P411_PREDATOR_SHADOW_ENCOUNTER_GRAMMAR;P415_SENSOR_TAGGED_FAUNA_PURSUIT_ENCOUNTER_GRAMMAR,P420_SITE_WIKI_ENDINGS_SPOILER_CLUSTER,draft_machine_or_llm,0,poi.resource_ecology_nav_cluster;poi.fauna_encounter_index,biome.publication;biome.ecology,external_site/he_IL/P419_SITE_WIKI_RESOURCES_AND_ECOLOGY_CLUSTER.md,HE LOC HOLD: Resources and Ecology,"The resource/ecology cluster connects geology, blue debt, native life and Atlas repair misuse as process chains.",Can a resource page explain ecology without flattening life into loot?
external_site,pt_BR,ltr,site_wiki_resources_and_ecology_cluster,3,P419_SITE_WIKI_RESOURCES_AND_ECOLOGY_CLUSTER,RS084_SITE_WIKI_NAVIGATION_CLUSTERS,applied_lore.site_wiki_resources_and_ecology_cluster,unlock.site_wiki_resources_and_ecology_cluster,1,external_site,P351_DROWNED_CRUST_STRATA_GUIDE;P411_PREDATOR_SHADOW_ENCOUNTER_GRAMMAR;P415_SENSOR_TAGGED_FAUNA_PURSUIT_ENCOUNTER_GRAMMAR,P420_SITE_WIKI_ENDINGS_SPOILER_CLUSTER,draft_machine_or_llm,0,poi.resource_ecology_nav_cluster;poi.fauna_encounter_index,biome.publication;biome.ecology,external_site/pt_BR/P419_SITE_WIKI_RESOURCES_AND_ECOLOGY_CLUSTER.md,PT LOC HOLD: Resources and Ecology,"The resource/ecology cluster connects geology, blue debt, native life and Atlas repair misuse as process chains.",Can a resource page explain ecology without flattening life into loot?
external_site,nl_NL,ltr,site_wiki_resources_and_ecology_cluster,3,P419_SITE_WIKI_RESOURCES_AND_ECOLOGY_CLUSTER,RS084_SITE_WIKI_NAVIGATION_CLUSTERS,applied_lore.site_wiki_resources_and_ecology_cluster,unlock.site_wiki_resources_and_ecology_cluster,1,external_site,P351_DROWNED_CRUST_STRATA_GUIDE;P411_PREDATOR_SHADOW_ENCOUNTER_GRAMMAR;P415_SENSOR_TAGGED_FAUNA_PURSUIT_ENCOUNTER_GRAMMAR,P420_SITE_WIKI_ENDINGS_SPOILER_CLUSTER,draft_machine_or_llm,0,poi.resource_ecology_nav_cluster;poi.fauna_encounter_index,biome.publication;biome.ecology,external_site/nl_NL/P419_SITE_WIKI_RESOURCES_AND_ECOLOGY_CLUSTER.md,NL LOC HOLD: Resources and Ecology,"The resource/ecology cluster connects geology, blue debt, native life and Atlas repair misuse as process chains.",Can a resource page explain ecology without flattening life into loot?
in_game_wiki,en_US,ltr,site_wiki_endings_spoiler_cluster,4,P420_SITE_WIKI_ENDINGS_SPOILER_CLUSTER,RS084_SITE_WIKI_NAVIGATION_CLUSTERS,applied_lore.site_wiki_endings_spoiler_cluster,unlock.site_wiki_endings_spoiler_cluster,2,external_site,P400_PUBLIC_ATLAS_SPOILER_GATE_ARTICLE_MODULE;P376_PAYLOAD_SELL_COORDINATES_RECEIVER_PROTOCOL;P380_PAYLOAD_WITHHOLD_BLIND_RETURN_PROTOCOL,,source_authority,0,poi.ending_spoiler_nav_cluster;poi.payload_receiver_index,biome.publication;biome.spoiler_gate,in_game_wiki/en_US/P420_SITE_WIKI_ENDINGS_SPOILER_CLUSTER.md,Endings and Payload Custody,"The endings cluster must be spoiler-gated and organized by receiver/custody consequences, not good/bad moral labels.",How should public/wiki material discuss endings without destroying discovery?
in_game_wiki,ru_RU,ltr,site_wiki_endings_spoiler_cluster,4,P420_SITE_WIKI_ENDINGS_SPOILER_CLUSTER,RS084_SITE_WIKI_NAVIGATION_CLUSTERS,applied_lore.site_wiki_endings_spoiler_cluster,unlock.site_wiki_endings_spoiler_cluster,2,external_site,P400_PUBLIC_ATLAS_SPOILER_GATE_ARTICLE_MODULE;P376_PAYLOAD_SELL_COORDINATES_RECEIVER_PROTOCOL;P380_PAYLOAD_WITHHOLD_BLIND_RETURN_PROTOCOL,,draft_machine_or_llm,0,poi.ending_spoiler_nav_cluster;poi.payload_receiver_index,biome.publication;biome.spoiler_gate,in_game_wiki/ru_RU/P420_SITE_WIKI_ENDINGS_SPOILER_CLUSTER.md,RU LOC HOLD: Endings and Payload Custody,"The endings cluster must be spoiler-gated and organized by receiver/custody consequences, not good/bad moral labels.",How should public/wiki material discuss endings without destroying discovery?
in_game_wiki,ja_JP,ltr,site_wiki_endings_spoiler_cluster,4,P420_SITE_WIKI_ENDINGS_SPOILER_CLUSTER,RS084_SITE_WIKI_NAVIGATION_CLUSTERS,applied_lore.site_wiki_endings_spoiler_cluster,unlock.site_wiki_endings_spoiler_cluster,2,external_site,P400_PUBLIC_ATLAS_SPOILER_GATE_ARTICLE_MODULE;P376_PAYLOAD_SELL_COORDINATES_RECEIVER_PROTOCOL;P380_PAYLOAD_WITHHOLD_BLIND_RETURN_PROTOCOL,,draft_machine_or_llm,0,poi.ending_spoiler_nav_cluster;poi.payload_receiver_index,biome.publication;biome.spoiler_gate,in_game_wiki/ja_JP/P420_SITE_WIKI_ENDINGS_SPOILER_CLUSTER.md,JA LOC HOLD: Endings and Payload Custody,"The endings cluster must be spoiler-gated and organized by receiver/custody consequences, not good/bad moral labels.",How should public/wiki material discuss endings without destroying discovery?
in_game_wiki,zh_CN,ltr,site_wiki_endings_spoiler_cluster,4,P420_SITE_WIKI_ENDINGS_SPOILER_CLUSTER,RS084_SITE_WIKI_NAVIGATION_CLUSTERS,applied_lore.site_wiki_endings_spoiler_cluster,unlock.site_wiki_endings_spoiler_cluster,2,external_site,P400_PUBLIC_ATLAS_SPOILER_GATE_ARTICLE_MODULE;P376_PAYLOAD_SELL_COORDINATES_RECEIVER_PROTOCOL;P380_PAYLOAD_WITHHOLD_BLIND_RETURN_PROTOCOL,,draft_machine_or_llm,0,poi.ending_spoiler_nav_cluster;poi.payload_receiver_index,biome.publication;biome.spoiler_gate,in_game_wiki/zh_CN/P420_SITE_WIKI_ENDINGS_SPOILER_CLUSTER.md,ZH LOC HOLD: Endings and Payload Custody,"The endings cluster must be spoiler-gated and organized by receiver/custody consequences, not good/bad moral labels.",How should public/wiki material discuss endings without destroying discovery?
in_game_wiki,fr_FR,ltr,site_wiki_endings_spoiler_cluster,4,P420_SITE_WIKI_ENDINGS_SPOILER_CLUSTER,RS084_SITE_WIKI_NAVIGATION_CLUSTERS,applied_lore.site_wiki_endings_spoiler_cluster,unlock.site_wiki_endings_spoiler_cluster,2,external_site,P400_PUBLIC_ATLAS_SPOILER_GATE_ARTICLE_MODULE;P376_PAYLOAD_SELL_COORDINATES_RECEIVER_PROTOCOL;P380_PAYLOAD_WITHHOLD_BLIND_RETURN_PROTOCOL,,draft_machine_or_llm,0,poi.ending_spoiler_nav_cluster;poi.payload_receiver_index,biome.publication;biome.spoiler_gate,in_game_wiki/fr_FR/P420_SITE_WIKI_ENDINGS_SPOILER_CLUSTER.md,FR LOC HOLD: Endings and Payload Custody,"The endings cluster must be spoiler-gated and organized by receiver/custody consequences, not good/bad moral labels.",How should public/wiki material discuss endings without destroying discovery?
in_game_wiki,es_ES,ltr,site_wiki_endings_spoiler_cluster,4,P420_SITE_WIKI_ENDINGS_SPOILER_CLUSTER,RS084_SITE_WIKI_NAVIGATION_CLUSTERS,applied_lore.site_wiki_endings_spoiler_cluster,unlock.site_wiki_endings_spoiler_cluster,2,external_site,P400_PUBLIC_ATLAS_SPOILER_GATE_ARTICLE_MODULE;P376_PAYLOAD_SELL_COORDINATES_RECEIVER_PROTOCOL;P380_PAYLOAD_WITHHOLD_BLIND_RETURN_PROTOCOL,,draft_machine_or_llm,0,poi.ending_spoiler_nav_cluster;poi.payload_receiver_index,biome.publication;biome.spoiler_gate,in_game_wiki/es_ES/P420_SITE_WIKI_ENDINGS_SPOILER_CLUSTER.md,ES LOC HOLD: Endings and Payload Custody,"The endings cluster must be spoiler-gated and organized by receiver/custody consequences, not good/bad moral labels.",How should public/wiki material discuss endings without destroying discovery?
in_game_wiki,de_DE,ltr,site_wiki_endings_spoiler_cluster,4,P420_SITE_WIKI_ENDINGS_SPOILER_CLUSTER,RS084_SITE_WIKI_NAVIGATION_CLUSTERS,applied_lore.site_wiki_endings_spoiler_cluster,unlock.site_wiki_endings_spoiler_cluster,2,external_site,P400_PUBLIC_ATLAS_SPOILER_GATE_ARTICLE_MODULE;P376_PAYLOAD_SELL_COORDINATES_RECEIVER_PROTOCOL;P380_PAYLOAD_WITHHOLD_BLIND_RETURN_PROTOCOL,,draft_machine_or_llm,0,poi.ending_spoiler_nav_cluster;poi.payload_receiver_index,biome.publication;biome.spoiler_gate,in_game_wiki/de_DE/P420_SITE_WIKI_ENDINGS_SPOILER_CLUSTER.md,DE LOC HOLD: Endings and Payload Custody,"The endings cluster must be spoiler-gated and organized by receiver/custody consequences, not good/bad moral labels.",How should public/wiki material discuss endings without destroying discovery?
in_game_wiki,pl_PL,ltr,site_wiki_endings_spoiler_cluster,4,P420_SITE_WIKI_ENDINGS_SPOILER_CLUSTER,RS084_SITE_WIKI_NAVIGATION_CLUSTERS,applied_lore.site_wiki_endings_spoiler_cluster,unlock.site_wiki_endings_spoiler_cluster,2,external_site,P400_PUBLIC_ATLAS_SPOILER_GATE_ARTICLE_MODULE;P376_PAYLOAD_SELL_COORDINATES_RECEIVER_PROTOCOL;P380_PAYLOAD_WITHHOLD_BLIND_RETURN_PROTOCOL,,draft_machine_or_llm,0,poi.ending_spoiler_nav_cluster;poi.payload_receiver_index,biome.publication;biome.spoiler_gate,in_game_wiki/pl_PL/P420_SITE_WIKI_ENDINGS_SPOILER_CLUSTER.md,PL LOC HOLD: Endings and Payload Custody,"The endings cluster must be spoiler-gated and organized by receiver/custody consequences, not good/bad moral labels.",How should public/wiki material discuss endings without destroying discovery?
in_game_wiki,uk_UA,ltr,site_wiki_endings_spoiler_cluster,4,P420_SITE_WIKI_ENDINGS_SPOILER_CLUSTER,RS084_SITE_WIKI_NAVIGATION_CLUSTERS,applied_lore.site_wiki_endings_spoiler_cluster,unlock.site_wiki_endings_spoiler_cluster,2,external_site,P400_PUBLIC_ATLAS_SPOILER_GATE_ARTICLE_MODULE;P376_PAYLOAD_SELL_COORDINATES_RECEIVER_PROTOCOL;P380_PAYLOAD_WITHHOLD_BLIND_RETURN_PROTOCOL,,draft_machine_or_llm,0,poi.ending_spoiler_nav_cluster;poi.payload_receiver_index,biome.publication;biome.spoiler_gate,in_game_wiki/uk_UA/P420_SITE_WIKI_ENDINGS_SPOILER_CLUSTER.md,UK LOC HOLD: Endings and Payload Custody,"The endings cluster must be spoiler-gated and organized by receiver/custody consequences, not good/bad moral labels.",How should public/wiki material discuss endings without destroying discovery?
in_game_wiki,ar_SA,rtl,site_wiki_endings_spoiler_cluster,4,P420_SITE_WIKI_ENDINGS_SPOILER_CLUSTER,RS084_SITE_WIKI_NAVIGATION_CLUSTERS,applied_lore.site_wiki_endings_spoiler_cluster,unlock.site_wiki_endings_spoiler_cluster,2,external_site,P400_PUBLIC_ATLAS_SPOILER_GATE_ARTICLE_MODULE;P376_PAYLOAD_SELL_COORDINATES_RECEIVER_PROTOCOL;P380_PAYLOAD_WITHHOLD_BLIND_RETURN_PROTOCOL,,draft_machine_or_llm,0,poi.ending_spoiler_nav_cluster;poi.payload_receiver_index,biome.publication;biome.spoiler_gate,in_game_wiki/ar_SA/P420_SITE_WIKI_ENDINGS_SPOILER_CLUSTER.md,AR LOC HOLD: Endings and Payload Custody,"The endings cluster must be spoiler-gated and organized by receiver/custody consequences, not good/bad moral labels.",How should public/wiki material discuss endings without destroying discovery?
in_game_wiki,id_ID,ltr,site_wiki_endings_spoiler_cluster,4,P420_SITE_WIKI_ENDINGS_SPOILER_CLUSTER,RS084_SITE_WIKI_NAVIGATION_CLUSTERS,applied_lore.site_wiki_endings_spoiler_cluster,unlock.site_wiki_endings_spoiler_cluster,2,external_site,P400_PUBLIC_ATLAS_SPOILER_GATE_ARTICLE_MODULE;P376_PAYLOAD_SELL_COORDINATES_RECEIVER_PROTOCOL;P380_PAYLOAD_WITHHOLD_BLIND_RETURN_PROTOCOL,,draft_machine_or_llm,0,poi.ending_spoiler_nav_cluster;poi.payload_receiver_index,biome.publication;biome.spoiler_gate,in_game_wiki/id_ID/P420_SITE_WIKI_ENDINGS_SPOILER_CLUSTER.md,ID LOC HOLD: Endings and Payload Custody,"The endings cluster must be spoiler-gated and organized by receiver/custody consequences, not good/bad moral labels.",How should public/wiki material discuss endings without destroying discovery?
in_game_wiki,ko_KR,ltr,site_wiki_endings_spoiler_cluster,4,P420_SITE_WIKI_ENDINGS_SPOILER_CLUSTER,RS084_SITE_WIKI_NAVIGATION_CLUSTERS,applied_lore.site_wiki_endings_spoiler_cluster,unlock.site_wiki_endings_spoiler_cluster,2,external_site,P400_PUBLIC_ATLAS_SPOILER_GATE_ARTICLE_MODULE;P376_PAYLOAD_SELL_COORDINATES_RECEIVER_PROTOCOL;P380_PAYLOAD_WITHHOLD_BLIND_RETURN_PROTOCOL,,draft_machine_or_llm,0,poi.ending_spoiler_nav_cluster;poi.payload_receiver_index,biome.publication;biome.spoiler_gate,in_game_wiki/ko_KR/P420_SITE_WIKI_ENDINGS_SPOILER_CLUSTER.md,KO LOC HOLD: Endings and Payload Custody,"The endings cluster must be spoiler-gated and organized by receiver/custody consequences, not good/bad moral labels.",How should public/wiki material discuss endings without destroying discovery?
in_game_wiki,he_IL,rtl,site_wiki_endings_spoiler_cluster,4,P420_SITE_WIKI_ENDINGS_SPOILER_CLUSTER,RS084_SITE_WIKI_NAVIGATION_CLUSTERS,applied_lore.site_wiki_endings_spoiler_cluster,unlock.site_wiki_endings_spoiler_cluster,2,external_site,P400_PUBLIC_ATLAS_SPOILER_GATE_ARTICLE_MODULE;P376_PAYLOAD_SELL_COORDINATES_RECEIVER_PROTOCOL;P380_PAYLOAD_WITHHOLD_BLIND_RETURN_PROTOCOL,,draft_machine_or_llm,0,poi.ending_spoiler_nav_cluster;poi.payload_receiver_index,biome.publication;biome.spoiler_gate,in_game_wiki/he_IL/P420_SITE_WIKI_ENDINGS_SPOILER_CLUSTER.md,HE LOC HOLD: Endings and Payload Custody,"The endings cluster must be spoiler-gated and organized by receiver/custody consequences, not good/bad moral labels.",How should public/wiki material discuss endings without destroying discovery?
in_game_wiki,pt_BR,ltr,site_wiki_endings_spoiler_cluster,4,P420_SITE_WIKI_ENDINGS_SPOILER_CLUSTER,RS084_SITE_WIKI_NAVIGATION_CLUSTERS,applied_lore.site_wiki_endings_spoiler_cluster,unlock.site_wiki_endings_spoiler_cluster,2,external_site,P400_PUBLIC_ATLAS_SPOILER_GATE_ARTICLE_MODULE;P376_PAYLOAD_SELL_COORDINATES_RECEIVER_PROTOCOL;P380_PAYLOAD_WITHHOLD_BLIND_RETURN_PROTOCOL,,draft_machine_or_llm,0,poi.ending_spoiler_nav_cluster;poi.payload_receiver_index,biome.publication;biome.spoiler_gate,in_game_wiki/pt_BR/P420_SITE_WIKI_ENDINGS_SPOILER_CLUSTER.md,PT LOC HOLD: Endings and Payload Custody,"The endings cluster must be spoiler-gated and organized by receiver/custody consequences, not good/bad moral labels.",How should public/wiki material discuss endings without destroying discovery?
in_game_wiki,nl_NL,ltr,site_wiki_endings_spoiler_cluster,4,P420_SITE_WIKI_ENDINGS_SPOILER_CLUSTER,RS084_SITE_WIKI_NAVIGATION_CLUSTERS,applied_lore.site_wiki_endings_spoiler_cluster,unlock.site_wiki_endings_spoiler_cluster,2,external_site,P400_PUBLIC_ATLAS_SPOILER_GATE_ARTICLE_MODULE;P376_PAYLOAD_SELL_COORDINATES_RECEIVER_PROTOCOL;P380_PAYLOAD_WITHHOLD_BLIND_RETURN_PROTOCOL,,draft_machine_or_llm,0,poi.ending_spoiler_nav_cluster;poi.payload_receiver_index,biome.publication;biome.spoiler_gate,in_game_wiki/nl_NL/P420_SITE_WIKI_ENDINGS_SPOILER_CLUSTER.md,NL LOC HOLD: Endings and Payload Custody,"The endings cluster must be spoiler-gated and organized by receiver/custody consequences, not good/bad moral labels.",How should public/wiki material discuss endings without destroying discovery?
external_site,en_US,ltr,site_wiki_endings_spoiler_cluster,4,P420_SITE_WIKI_ENDINGS_SPOILER_CLUSTER,RS084_SITE_WIKI_NAVIGATION_CLUSTERS,applied_lore.site_wiki_endings_spoiler_cluster,unlock.site_wiki_endings_spoiler_cluster,2,external_site,P400_PUBLIC_ATLAS_SPOILER_GATE_ARTICLE_MODULE;P376_PAYLOAD_SELL_COORDINATES_RECEIVER_PROTOCOL;P380_PAYLOAD_WITHHOLD_BLIND_RETURN_PROTOCOL,,source_authority,0,poi.ending_spoiler_nav_cluster;poi.payload_receiver_index,biome.publication;biome.spoiler_gate,external_site/en_US/P420_SITE_WIKI_ENDINGS_SPOILER_CLUSTER.md,Endings and Payload Custody,"The endings cluster must be spoiler-gated and organized by receiver/custody consequences, not good/bad moral labels.",How should public/wiki material discuss endings without destroying discovery?
external_site,ru_RU,ltr,site_wiki_endings_spoiler_cluster,4,P420_SITE_WIKI_ENDINGS_SPOILER_CLUSTER,RS084_SITE_WIKI_NAVIGATION_CLUSTERS,applied_lore.site_wiki_endings_spoiler_cluster,unlock.site_wiki_endings_spoiler_cluster,2,external_site,P400_PUBLIC_ATLAS_SPOILER_GATE_ARTICLE_MODULE;P376_PAYLOAD_SELL_COORDINATES_RECEIVER_PROTOCOL;P380_PAYLOAD_WITHHOLD_BLIND_RETURN_PROTOCOL,,draft_machine_or_llm,0,poi.ending_spoiler_nav_cluster;poi.payload_receiver_index,biome.publication;biome.spoiler_gate,external_site/ru_RU/P420_SITE_WIKI_ENDINGS_SPOILER_CLUSTER.md,RU LOC HOLD: Endings and Payload Custody,"The endings cluster must be spoiler-gated and organized by receiver/custody consequences, not good/bad moral labels.",How should public/wiki material discuss endings without destroying discovery?
external_site,ja_JP,ltr,site_wiki_endings_spoiler_cluster,4,P420_SITE_WIKI_ENDINGS_SPOILER_CLUSTER,RS084_SITE_WIKI_NAVIGATION_CLUSTERS,applied_lore.site_wiki_endings_spoiler_cluster,unlock.site_wiki_endings_spoiler_cluster,2,external_site,P400_PUBLIC_ATLAS_SPOILER_GATE_ARTICLE_MODULE;P376_PAYLOAD_SELL_COORDINATES_RECEIVER_PROTOCOL;P380_PAYLOAD_WITHHOLD_BLIND_RETURN_PROTOCOL,,draft_machine_or_llm,0,poi.ending_spoiler_nav_cluster;poi.payload_receiver_index,biome.publication;biome.spoiler_gate,external_site/ja_JP/P420_SITE_WIKI_ENDINGS_SPOILER_CLUSTER.md,JA LOC HOLD: Endings and Payload Custody,"The endings cluster must be spoiler-gated and organized by receiver/custody consequences, not good/bad moral labels.",How should public/wiki material discuss endings without destroying discovery?
external_site,zh_CN,ltr,site_wiki_endings_spoiler_cluster,4,P420_SITE_WIKI_ENDINGS_SPOILER_CLUSTER,RS084_SITE_WIKI_NAVIGATION_CLUSTERS,applied_lore.site_wiki_endings_spoiler_cluster,unlock.site_wiki_endings_spoiler_cluster,2,external_site,P400_PUBLIC_ATLAS_SPOILER_GATE_ARTICLE_MODULE;P376_PAYLOAD_SELL_COORDINATES_RECEIVER_PROTOCOL;P380_PAYLOAD_WITHHOLD_BLIND_RETURN_PROTOCOL,,draft_machine_or_llm,0,poi.ending_spoiler_nav_cluster;poi.payload_receiver_index,biome.publication;biome.spoiler_gate,external_site/zh_CN/P420_SITE_WIKI_ENDINGS_SPOILER_CLUSTER.md,ZH LOC HOLD: Endings and Payload Custody,"The endings cluster must be spoiler-gated and organized by receiver/custody consequences, not good/bad moral labels.",How should public/wiki material discuss endings without destroying discovery?
external_site,fr_FR,ltr,site_wiki_endings_spoiler_cluster,4,P420_SITE_WIKI_ENDINGS_SPOILER_CLUSTER,RS084_SITE_WIKI_NAVIGATION_CLUSTERS,applied_lore.site_wiki_endings_spoiler_cluster,unlock.site_wiki_endings_spoiler_cluster,2,external_site,P400_PUBLIC_ATLAS_SPOILER_GATE_ARTICLE_MODULE;P376_PAYLOAD_SELL_COORDINATES_RECEIVER_PROTOCOL;P380_PAYLOAD_WITHHOLD_BLIND_RETURN_PROTOCOL,,draft_machine_or_llm,0,poi.ending_spoiler_nav_cluster;poi.payload_receiver_index,biome.publication;biome.spoiler_gate,external_site/fr_FR/P420_SITE_WIKI_ENDINGS_SPOILER_CLUSTER.md,FR LOC HOLD: Endings and Payload Custody,"The endings cluster must be spoiler-gated and organized by receiver/custody consequences, not good/bad moral labels.",How should public/wiki material discuss endings without destroying discovery?
external_site,es_ES,ltr,site_wiki_endings_spoiler_cluster,4,P420_SITE_WIKI_ENDINGS_SPOILER_CLUSTER,RS084_SITE_WIKI_NAVIGATION_CLUSTERS,applied_lore.site_wiki_endings_spoiler_cluster,unlock.site_wiki_endings_spoiler_cluster,2,external_site,P400_PUBLIC_ATLAS_SPOILER_GATE_ARTICLE_MODULE;P376_PAYLOAD_SELL_COORDINATES_RECEIVER_PROTOCOL;P380_PAYLOAD_WITHHOLD_BLIND_RETURN_PROTOCOL,,draft_machine_or_llm,0,poi.ending_spoiler_nav_cluster;poi.payload_receiver_index,biome.publication;biome.spoiler_gate,external_site/es_ES/P420_SITE_WIKI_ENDINGS_SPOILER_CLUSTER.md,ES LOC HOLD: Endings and Payload Custody,"The endings cluster must be spoiler-gated and organized by receiver/custody consequences, not good/bad moral labels.",How should public/wiki material discuss endings without destroying discovery?
external_site,de_DE,ltr,site_wiki_endings_spoiler_cluster,4,P420_SITE_WIKI_ENDINGS_SPOILER_CLUSTER,RS084_SITE_WIKI_NAVIGATION_CLUSTERS,applied_lore.site_wiki_endings_spoiler_cluster,unlock.site_wiki_endings_spoiler_cluster,2,external_site,P400_PUBLIC_ATLAS_SPOILER_GATE_ARTICLE_MODULE;P376_PAYLOAD_SELL_COORDINATES_RECEIVER_PROTOCOL;P380_PAYLOAD_WITHHOLD_BLIND_RETURN_PROTOCOL,,draft_machine_or_llm,0,poi.ending_spoiler_nav_cluster;poi.payload_receiver_index,biome.publication;biome.spoiler_gate,external_site/de_DE/P420_SITE_WIKI_ENDINGS_SPOILER_CLUSTER.md,DE LOC HOLD: Endings and Payload Custody,"The endings cluster must be spoiler-gated and organized by receiver/custody consequences, not good/bad moral labels.",How should public/wiki material discuss endings without destroying discovery?
external_site,pl_PL,ltr,site_wiki_endings_spoiler_cluster,4,P420_SITE_WIKI_ENDINGS_SPOILER_CLUSTER,RS084_SITE_WIKI_NAVIGATION_CLUSTERS,applied_lore.site_wiki_endings_spoiler_cluster,unlock.site_wiki_endings_spoiler_cluster,2,external_site,P400_PUBLIC_ATLAS_SPOILER_GATE_ARTICLE_MODULE;P376_PAYLOAD_SELL_COORDINATES_RECEIVER_PROTOCOL;P380_PAYLOAD_WITHHOLD_BLIND_RETURN_PROTOCOL,,draft_machine_or_llm,0,poi.ending_spoiler_nav_cluster;poi.payload_receiver_index,biome.publication;biome.spoiler_gate,external_site/pl_PL/P420_SITE_WIKI_ENDINGS_SPOILER_CLUSTER.md,PL LOC HOLD: Endings and Payload Custody,"The endings cluster must be spoiler-gated and organized by receiver/custody consequences, not good/bad moral labels.",How should public/wiki material discuss endings without destroying discovery?
external_site,uk_UA,ltr,site_wiki_endings_spoiler_cluster,4,P420_SITE_WIKI_ENDINGS_SPOILER_CLUSTER,RS084_SITE_WIKI_NAVIGATION_CLUSTERS,applied_lore.site_wiki_endings_spoiler_cluster,unlock.site_wiki_endings_spoiler_cluster,2,external_site,P400_PUBLIC_ATLAS_SPOILER_GATE_ARTICLE_MODULE;P376_PAYLOAD_SELL_COORDINATES_RECEIVER_PROTOCOL;P380_PAYLOAD_WITHHOLD_BLIND_RETURN_PROTOCOL,,draft_machine_or_llm,0,poi.ending_spoiler_nav_cluster;poi.payload_receiver_index,biome.publication;biome.spoiler_gate,external_site/uk_UA/P420_SITE_WIKI_ENDINGS_SPOILER_CLUSTER.md,UK LOC HOLD: Endings and Payload Custody,"The endings cluster must be spoiler-gated and organized by receiver/custody consequences, not good/bad moral labels.",How should public/wiki material discuss endings without destroying discovery?
external_site,ar_SA,rtl,site_wiki_endings_spoiler_cluster,4,P420_SITE_WIKI_ENDINGS_SPOILER_CLUSTER,RS084_SITE_WIKI_NAVIGATION_CLUSTERS,applied_lore.site_wiki_endings_spoiler_cluster,unlock.site_wiki_endings_spoiler_cluster,2,external_site,P400_PUBLIC_ATLAS_SPOILER_GATE_ARTICLE_MODULE;P376_PAYLOAD_SELL_COORDINATES_RECEIVER_PROTOCOL;P380_PAYLOAD_WITHHOLD_BLIND_RETURN_PROTOCOL,,draft_machine_or_llm,0,poi.ending_spoiler_nav_cluster;poi.payload_receiver_index,biome.publication;biome.spoiler_gate,external_site/ar_SA/P420_SITE_WIKI_ENDINGS_SPOILER_CLUSTER.md,AR LOC HOLD: Endings and Payload Custody,"The endings cluster must be spoiler-gated and organized by receiver/custody consequences, not good/bad moral labels.",How should public/wiki material discuss endings without destroying discovery?
external_site,id_ID,ltr,site_wiki_endings_spoiler_cluster,4,P420_SITE_WIKI_ENDINGS_SPOILER_CLUSTER,RS084_SITE_WIKI_NAVIGATION_CLUSTERS,applied_lore.site_wiki_endings_spoiler_cluster,unlock.site_wiki_endings_spoiler_cluster,2,external_site,P400_PUBLIC_ATLAS_SPOILER_GATE_ARTICLE_MODULE;P376_PAYLOAD_SELL_COORDINATES_RECEIVER_PROTOCOL;P380_PAYLOAD_WITHHOLD_BLIND_RETURN_PROTOCOL,,draft_machine_or_llm,0,poi.ending_spoiler_nav_cluster;poi.payload_receiver_index,biome.publication;biome.spoiler_gate,external_site/id_ID/P420_SITE_WIKI_ENDINGS_SPOILER_CLUSTER.md,ID LOC HOLD: Endings and Payload Custody,"The endings cluster must be spoiler-gated and organized by receiver/custody consequences, not good/bad moral labels.",How should public/wiki material discuss endings without destroying discovery?
external_site,ko_KR,ltr,site_wiki_endings_spoiler_cluster,4,P420_SITE_WIKI_ENDINGS_SPOILER_CLUSTER,RS084_SITE_WIKI_NAVIGATION_CLUSTERS,applied_lore.site_wiki_endings_spoiler_cluster,unlock.site_wiki_endings_spoiler_cluster,2,external_site,P400_PUBLIC_ATLAS_SPOILER_GATE_ARTICLE_MODULE;P376_PAYLOAD_SELL_COORDINATES_RECEIVER_PROTOCOL;P380_PAYLOAD_WITHHOLD_BLIND_RETURN_PROTOCOL,,draft_machine_or_llm,0,poi.ending_spoiler_nav_cluster;poi.payload_receiver_index,biome.publication;biome.spoiler_gate,external_site/ko_KR/P420_SITE_WIKI_ENDINGS_SPOILER_CLUSTER.md,KO LOC HOLD: Endings and Payload Custody,"The endings cluster must be spoiler-gated and organized by receiver/custody consequences, not good/bad moral labels.",How should public/wiki material discuss endings without destroying discovery?
external_site,he_IL,rtl,site_wiki_endings_spoiler_cluster,4,P420_SITE_WIKI_ENDINGS_SPOILER_CLUSTER,RS084_SITE_WIKI_NAVIGATION_CLUSTERS,applied_lore.site_wiki_endings_spoiler_cluster,unlock.site_wiki_endings_spoiler_cluster,2,external_site,P400_PUBLIC_ATLAS_SPOILER_GATE_ARTICLE_MODULE;P376_PAYLOAD_SELL_COORDINATES_RECEIVER_PROTOCOL;P380_PAYLOAD_WITHHOLD_BLIND_RETURN_PROTOCOL,,draft_machine_or_llm,0,poi.ending_spoiler_nav_cluster;poi.payload_receiver_index,biome.publication;biome.spoiler_gate,external_site/he_IL/P420_SITE_WIKI_ENDINGS_SPOILER_CLUSTER.md,HE LOC HOLD: Endings and Payload Custody,"The endings cluster must be spoiler-gated and organized by receiver/custody consequences, not good/bad moral labels.",How should public/wiki material discuss endings without destroying discovery?
external_site,pt_BR,ltr,site_wiki_endings_spoiler_cluster,4,P420_SITE_WIKI_ENDINGS_SPOILER_CLUSTER,RS084_SITE_WIKI_NAVIGATION_CLUSTERS,applied_lore.site_wiki_endings_spoiler_cluster,unlock.site_wiki_endings_spoiler_cluster,2,external_site,P400_PUBLIC_ATLAS_SPOILER_GATE_ARTICLE_MODULE;P376_PAYLOAD_SELL_COORDINATES_RECEIVER_PROTOCOL;P380_PAYLOAD_WITHHOLD_BLIND_RETURN_PROTOCOL,,draft_machine_or_llm,0,poi.ending_spoiler_nav_cluster;poi.payload_receiver_index,biome.publication;biome.spoiler_gate,external_site/pt_BR/P420_SITE_WIKI_ENDINGS_SPOILER_CLUSTER.md,PT LOC HOLD: Endings and Payload Custody,"The endings cluster must be spoiler-gated and organized by receiver/custody consequences, not good/bad moral labels.",How should public/wiki material discuss endings without destroying discovery?
external_site,nl_NL,ltr,site_wiki_endings_spoiler_cluster,4,P420_SITE_WIKI_ENDINGS_SPOILER_CLUSTER,RS084_SITE_WIKI_NAVIGATION_CLUSTERS,applied_lore.site_wiki_endings_spoiler_cluster,unlock.site_wiki_endings_spoiler_cluster,2,external_site,P400_PUBLIC_ATLAS_SPOILER_GATE_ARTICLE_MODULE;P376_PAYLOAD_SELL_COORDINATES_RECEIVER_PROTOCOL;P380_PAYLOAD_WITHHOLD_BLIND_RETURN_PROTOCOL,,draft_machine_or_llm,0,poi.ending_spoiler_nav_cluster;poi.payload_receiver_index,biome.publication;biome.spoiler_gate,external_site/nl_NL/P420_SITE_WIKI_ENDINGS_SPOILER_CLUSTER.md,NL LOC HOLD: Endings and Payload Custody,"The endings cluster must be spoiler-gated and organized by receiver/custody consequences, not good/bad moral labels.",How should public/wiki material discuss endings without destroying discovery?
