[Licensing::Module] Trying to connect to existing licensing client channel...
[Licensing::IpcConnector] Successfully connected to: "LicenseClient-danat" at "2026-04-26T09:32:18.6219166Z"
Built from '6000.4/staging' branch; Version is '6000.4.1f1 (8535861f39e1) revision 8729990'; Using compiler version '194234433'; Build Type 'Release'
OS: 'Windows 11  (10.0.26200) CoreSingleLanguage' Language: 'en' Physical Memory: 32407 MB
BatchMode: 1, IsHumanControllingUs: 0, StartBugReporterOnCrash: 0, Is64bit: 1
System  architecture: x64
Process architecture: x64
Date: 2026-04-26T09:32:18Z

COMMAND LINE ARGUMENTS:
C:\Program Files\Unity\Hub\Editor\6000.4.1f1\Editor\Unity.exe
-batchmode
-nographics
-quit
-projectPath
C:\hades\Hecton8
-logFile
C:\hades\Hecton8\.iter18_startup_audit.log
Successfully changed project path to: C:\hades\Hecton8
C:/hades/Hecton8
[UnityMemory] Configuration Parameters - Can be set up in boot.config
    "memorysetup-temp-allocator-size-gi-baking-worker=262144"
    "memorysetup-temp-allocator-size-gi-baking-worker=262144"
    "memorysetup-temp-allocator-size-gi-baking-worker=262144"
    "memorysetup-temp-allocator-size-gi-baking-worker=262144"
    "memorysetup-temp-allocator-size-gi-baking-worker=262144"
    "memorysetup-temp-allocator-size-nav-mesh-worker=65536"
    "memorysetup-temp-allocator-size-audio-worker=65536"
    "memorysetup-temp-allocator-size-cloud-worker=32768"
    "memorysetup-temp-allocator-size-gfx=262144"
    "memorysetup-temp-allocator-size-preload-manager=33554432"
    "memorysetup-temp-allocator-size-job-worker=262144"
    "memorysetup-temp-allocator-size-background-worker=32768"
    "memorysetup-allocator-temp-initial-block-size-main=262144"
    "memorysetup-allocator-temp-initial-block-size-worker=262144"
    "memorysetup-bucket-allocator-granularity=16"
    "memorysetup-bucket-allocator-bucket-count=8"
    "memorysetup-bucket-allocator-block-size=33554432"
    "memorysetup-bucket-allocator-block-count=8"
    "memorysetup-main-allocator-block-size=16777216"
    "memorysetup-thread-allocator-block-size=16777216"
    "memorysetup-gfx-main-allocator-block-size=16777216"
    "memorysetup-gfx-thread-allocator-block-size=16777216"
    "memorysetup-cache-allocator-block-size=4194304"
    "memorysetup-typetree-allocator-block-size=2097152"
    "memorysetup-profiler-bucket-allocator-granularity=16"
    "memorysetup-profiler-bucket-allocator-bucket-count=8"
    "memorysetup-profiler-bucket-allocator-block-size=33554432"
    "memorysetup-profiler-bucket-allocator-block-count=8"
    "memorysetup-profiler-allocator-block-size=16777216"
    "memorysetup-profiler-editor-allocator-block-size=1048576"
    "memorysetup-temp-allocator-size-main=16777216"
    "memorysetup-job-temp-allocator-block-size=2097152"
    "memorysetup-job-temp-allocator-block-size-background=1048576"
    "memorysetup-job-temp-allocator-reduction-small-platforms=262144"
Player connection [72500]  Target information:

Player connection [72500]  * "[IP] 192.168.1.130 [Port] 55504 [Flags] 2 [Guid] 2041584012 [EditorId] 2041584012 [Version] 1048832 [Id] WindowsEditor(7,Shinobu) [Debug] 1 [PackageName] WindowsEditor [ProjectName] Editor" 

Player connection [72500]  * "[IP] 172.18.0.1 [Port] 55504 [Flags] 2 [Guid] 2041584012 [EditorId] 2041584012 [Version] 1048832 [Id] WindowsEditor(7,Shinobu) [Debug] 1 [PackageName] WindowsEditor [ProjectName] Editor" 

Player connection [72500] Host joined multi-casting on [225.0.0.222:54997]...
Player connection [72500] Host joined alternative multi-casting on [225.0.0.222:34997]...
Input System module state changed to: Initialized.
[Physics::Module] Initialized fallback backend.
[Physics::Module] Id: 0xdecafbad
[Package Manager] Connected to IPC stream "Upm-35812" after 0.8 seconds.
[Licensing::Module] Licensing is not yet initialized.
[Licensing::Client] Error: HandshakeResponse reported an error:
	ResponseCode: 505
	ResponseStatus: Unsupported protocol version '1.18.1'.
[Licensing::Module] Error: Failed to handshake to channel: "LicenseClient-danat"
[Licensing::IpcConnector] LicenseClient-danat channel disconnected successfully.
[Licensing::IpcConnector] Channel LicenseClient-danat-6000.4.1 doesn't exist
[Licensing::Module] Successfully launched the LicensingClient (PId: 35008)
[Licensing::IpcConnector] Successfully connected to: "LicenseClient-danat-6000.4.1" at "2026-04-26T09:32:28.6342436Z"
[Licensing::Client] Handshaking with LicensingClient:
  Version:                 1.18.1+9fbee8e
  Session Id:              b6df37a1a1b74ac5a4233c9a1f931ba2
  Correlation Id:          1a2079e5b973ef614d70011cb3718b8d
  External correlation Id: 8178996365974499153
  Machine Id:              KXBg4HkLZwVfPhjJrzyzSmUVWFw=
[Licensing::Module] Successfully connected to LicensingClient on channel: "LicenseClient-danat-6000.4.1" (connect: 2.97s, validation: 0.31s, handshake: 6.61s)
[Licensing::IpcConnector] Successfully connected to: "LicenseClient-danat-6000.4.1-notifications" at "2026-04-26T09:32:35.548711Z"
[Licensing::Module] Connected to LicensingClient (PId: 35008, launch time: 0.02, total connection time: 9.89s)
[Licensing::Module] Error: Access token is unavailable; failed to update
[Licensing::Client] Successfully resolved entitlement details
[Licensing::Module] License group:
  Id: 7972536317136-UnityPersXXXX
  Product: Unity Personal
  Type: Assigned
  Expiration: Unlimited
[Licensing::Client] Successfully updated license, isAsync: True, time: 0.06
[Licensing::Client] Successfully resolved entitlement details
[Licensing::Module] Licensing Background thread has ended after 17.07s
[Licensing::Module] Licensing is initialized (took 13.86s).
[Licensing::Client] Successfully resolved entitlement details
Library Redirect Path: Library/
[Physics::Module] Selected backend.
[Physics::Module] Name: PhysX
[Physics::Module] Id: 0xf2b8ea05
[Physics::Module] SDK Version: 4.1.2
[Physics::Module] Integration Version: 1.0.0
[Physics::Module] Threading Mode: Multi-Threaded
Artifact Garbage Collection - Removed 1 unused hashed content files
Refreshing native plugins compatible for Editor in 1080.70 ms, found 27 plugins.
Initialize engine version: 6000.4.1f1 (8535861f39e1)
[Subsystems] Discovering subsystems at path C:/Program Files/Unity/Hub/Editor/6000.4.1f1/Editor/Data/Resources/UnitySubsystems
[Subsystems] Discovering subsystems at path C:/hades/Hecton8/Assets
Forcing GfxDevice: Null
GfxDevice: creating device client; kGfxThreadingModeNonThreaded
NullGfxDevice:
    Version:  NULL 1.0 [1.0]
    Renderer: Null Device
    Vendor:   Unity Technologies
Initialize mono
Mono path[0] = 'C:/Program Files/Unity/Hub/Editor/6000.4.1f1/Editor/Data/Managed'
Mono path[1] = 'C:/Program Files/Unity/Hub/Editor/6000.4.1f1/Editor/Data/MonoBleedingEdge/lib/mono/unityjit-win32'
Mono config path = 'C:/Program Files/Unity/Hub/Editor/6000.4.1f1/Editor/Data/MonoBleedingEdge/etc'
Using monoOptions --debugger-agent=transport=dt_socket,embedding=1,server=y,suspend=n,address=127.0.0.1:56812
CodeReloadManager initialized
Using cacheserver namespaces - metadata:defaultmetadata, artifacts:defaultartifacts
Using cacheserver namespaces - metadata:defaultmetadata, artifacts:defaultartifacts
ImportWorker Server TCP listen port: 0
AcceleratorClientConnectionCallback - disconnected - :0
Begin MonoManager ReloadAssembly
Registering precompiled unity dll's ...
Register platform support module: C:/Program Files/Unity/Hub/Editor/6000.4.1f1/Editor/Data/PlaybackEngines/WindowsStandaloneSupport/UnityEditor.WindowsStandalone.Extensions.dll
Registered in 0.005484 seconds.
Native extension for WindowsStandalone target not found
Package Manager log level set to [2]
ScheduleIndexationOnStartup MainProcess:False IndexOnStartup:True
Mono: successfully reloaded assembly
- Finished resetting the current domain, in  2.012 seconds
Domain Reload Profiling: 4090ms
	BeginReloadAssembly (555ms)
		CreateAndSetChildDomain (10ms)
	RebuildCommonClasses (174ms)
	RebuildNativeTypeToScriptingClass (53ms)
	initialDomainReloadingComplete (295ms)
	LoadAllAssembliesAndSetupDomain (994ms)
		LoadAssemblies (538ms)
		AnalyzeDomain (947ms)
			TypeCache.Refresh (942ms)
				TypeCache.ScanAssembly (883ms)
	FinalizeReload (2019ms)
		SetupLoadedEditorAssemblies (0ms)
			InitializePlatformSupportModulesInManaged (157ms)
			BeforeProcessingInitializeOnLoad (676ms)
			ProcessInitializeOnLoadAttributes (500ms)
			ProcessInitializeOnLoadMethodAttributes (429ms)
[Licensing::Client] Successfully resolved entitlement details
Application.AssetDatabase Initial Refresh Start
[Package Manager] Restoring resolved packages state from cache
[Licensing::Client] Successfully resolved entitlement details
[Package Manager] Registered 65 packages:
  Packages from [https://packages.unity.com]:
    com.unity.ai.navigation@2.0.11 (location: C:\hades\Hecton8\Library\PackageCache\com.unity.ai.navigation@78534c21b27d)
    com.unity.collab-proxy@2.11.4 (location: C:\hades\Hecton8\Library\PackageCache\com.unity.collab-proxy@a5329f833fa8)
    com.unity.inputsystem@1.19.0 (location: C:\hades\Hecton8\Library\PackageCache\com.unity.inputsystem@21a28c3a6c83)
    com.unity.memoryprofiler@1.1.12 (location: C:\hades\Hecton8\Library\PackageCache\com.unity.memoryprofiler@485b5ba42ef5)
    com.unity.nuget.newtonsoft-json@3.2.2 (location: C:\hades\Hecton8\Library\PackageCache\com.unity.nuget.newtonsoft-json@4dfd81071c64)
    com.unity.probuilder@6.0.9 (location: C:\hades\Hecton8\Library\PackageCache\com.unity.probuilder@1f279ab829b7)
    com.unity.sharp-zip-lib@1.4.1 (location: C:\hades\Hecton8\Library\PackageCache\com.unity.sharp-zip-lib@f6e4ef34e4d8)
    com.unity.timeline@1.8.11 (location: C:\hades\Hecton8\Library\PackageCache\com.unity.timeline@bfd27f8016ff)
    com.unity.visualscripting@1.9.11 (location: C:\hades\Hecton8\Library\PackageCache\com.unity.visualscripting@8bed5ad90189)
    com.unity.searcher@4.9.4 (location: C:\hades\Hecton8\Library\PackageCache\com.unity.searcher@d45a78918735)
    com.unity.settings-manager@2.1.1 (location: C:\hades\Hecton8\Library\PackageCache\com.unity.settings-manager@0b8638c5ce86)
    com.unity.burst@1.8.28 (location: C:\hades\Hecton8\Library\PackageCache\com.unity.burst@07790c2d06d9)
    com.unity.mathematics@1.3.3 (location: C:\hades\Hecton8\Library\PackageCache\com.unity.mathematics@19a9377c4ffa)
    com.unity.profiling.core@1.0.3 (location: C:\hades\Hecton8\Library\PackageCache\com.unity.profiling.core@8a49f7027d06)
    com.unity.editorcoroutines@1.0.1 (location: C:\hades\Hecton8\Library\PackageCache\com.unity.editorcoroutines@54394ed3283c)
    com.unity.nuget.mono-cecil@1.11.6 (location: C:\hades\Hecton8\Library\PackageCache\com.unity.nuget.mono-cecil@ecb9724e46ff)
    com.unity.test-framework.performance@3.2.0 (location: C:\hades\Hecton8\Library\PackageCache\com.unity.test-framework.performance@0840f58e4562)
  Built-in packages:
    com.unity.2d.sprite@1.0.0 (location: C:\hades\Hecton8\Library\PackageCache\com.unity.2d.sprite@929df5adbb1f)
    com.unity.render-pipelines.universal@17.4.0 (location: C:\hades\Hecton8\Library\PackageCache\com.unity.render-pipelines.universal@580a03820d50)
    com.unity.ugui@2.0.0 (location: C:\hades\Hecton8\Library\PackageCache\com.unity.ugui@d8a2716f3013)
    com.unity.modules.accessibility@1.0.0 (location: C:\hades\Hecton8\Library\PackageCache\com.unity.modules.accessibility)
    com.unity.modules.ai@1.0.0 (location: C:\hades\Hecton8\Library\PackageCache\com.unity.modules.ai)
    com.unity.modules.androidjni@1.0.0 (location: C:\hades\Hecton8\Library\PackageCache\com.unity.modules.androidjni)
    com.unity.modules.animation@1.0.0 (location: C:\hades\Hecton8\Library\PackageCache\com.unity.modules.animation)
    com.unity.modules.assetbundle@1.0.0 (location: C:\hades\Hecton8\Library\PackageCache\com.unity.modules.assetbundle)
    com.unity.modules.audio@1.0.0 (location: C:\hades\Hecton8\Library\PackageCache\com.unity.modules.audio)
    com.unity.modules.cloth@1.0.0 (location: C:\hades\Hecton8\Library\PackageCache\com.unity.modules.cloth)
    com.unity.modules.director@1.0.0 (location: C:\hades\Hecton8\Library\PackageCache\com.unity.modules.director)
    com.unity.modules.imageconversion@1.0.0 (location: C:\hades\Hecton8\Library\PackageCache\com.unity.modules.imageconversion)
    com.unity.modules.imgui@1.0.0 (location: C:\hades\Hecton8\Library\PackageCache\com.unity.modules.imgui)
    com.unity.modules.jsonserialize@1.0.0 (location: C:\hades\Hecton8\Library\PackageCache\com.unity.modules.jsonserialize)
    com.unity.modules.particlesystem@1.0.0 (location: C:\hades\Hecton8\Library\PackageCache\com.unity.modules.particlesystem)
    com.unity.modules.physics@1.0.0 (location: C:\hades\Hecton8\Library\PackageCache\com.unity.modules.physics)
    com.unity.modules.physics2d@1.0.0 (location: C:\hades\Hecton8\Library\PackageCache\com.unity.modules.physics2d)
    com.unity.modules.screencapture@1.0.0 (location: C:\hades\Hecton8\Library\PackageCache\com.unity.modules.screencapture)
    com.unity.modules.terrain@1.0.0 (location: C:\hades\Hecton8\Library\PackageCache\com.unity.modules.terrain)
    com.unity.modules.terrainphysics@1.0.0 (location: C:\hades\Hecton8\Library\PackageCache\com.unity.modules.terrainphysics)
    com.unity.modules.tilemap@1.0.0 (location: C:\hades\Hecton8\Library\PackageCache\com.unity.modules.tilemap)
    com.unity.modules.ui@1.0.0 (location: C:\hades\Hecton8\Library\PackageCache\com.unity.modules.ui)
    com.unity.modules.uielements@1.0.0 (location: C:\hades\Hecton8\Library\PackageCache\com.unity.modules.uielements)
    com.unity.modules.umbra@1.0.0 (location: C:\hades\Hecton8\Library\PackageCache\com.unity.modules.umbra)
    com.unity.modules.unityanalytics@1.0.0 (location: C:\hades\Hecton8\Library\PackageCache\com.unity.modules.unityanalytics)
    com.unity.modules.unitywebrequest@1.0.0 (location: C:\hades\Hecton8\Library\PackageCache\com.unity.modules.unitywebrequest)
    com.unity.modules.unitywebrequestassetbundle@1.0.0 (location: C:\hades\Hecton8\Library\PackageCache\com.unity.modules.unitywebrequestassetbundle)
    com.unity.modules.unitywebrequestaudio@1.0.0 (location: C:\hades\Hecton8\Library\PackageCache\com.unity.modules.unitywebrequestaudio)
    com.unity.modules.unitywebrequesttexture@1.0.0 (location: C:\hades\Hecton8\Library\PackageCache\com.unity.modules.unitywebrequesttexture)
    com.unity.modules.unitywebrequestwww@1.0.0 (location: C:\hades\Hecton8\Library\PackageCache\com.unity.modules.unitywebrequestwww)
    com.unity.modules.vectorgraphics@1.0.0 (location: C:\hades\Hecton8\Library\PackageCache\com.unity.modules.vectorgraphics)
    com.unity.modules.vehicles@1.0.0 (location: C:\hades\Hecton8\Library\PackageCache\com.unity.modules.vehicles)
    com.unity.modules.video@1.0.0 (location: C:\hades\Hecton8\Library\PackageCache\com.unity.modules.video)
    com.unity.modules.vr@1.0.0 (location: C:\hades\Hecton8\Library\PackageCache\com.unity.modules.vr)
    com.unity.modules.wind@1.0.0 (location: C:\hades\Hecton8\Library\PackageCache\com.unity.modules.wind)
    com.unity.modules.xr@1.0.0 (location: C:\hades\Hecton8\Library\PackageCache\com.unity.modules.xr)
    com.unity.render-pipelines.core@17.4.0 (location: C:\hades\Hecton8\Library\PackageCache\com.unity.render-pipelines.core@e6c93b445dd3)
    com.unity.modules.subsystems@1.0.0 (location: C:\hades\Hecton8\Library\PackageCache\com.unity.modules.subsystems)
    com.unity.modules.hierarchycore@1.0.0 (location: C:\hades\Hecton8\Library\PackageCache\com.unity.modules.hierarchycore)
    com.unity.render-pipelines.universal-config@17.4.0 (location: C:\hades\Hecton8\Library\PackageCache\com.unity.render-pipelines.universal-config@0db4263b9e6b)
    com.unity.collections@6.4.0 (location: C:\hades\Hecton8\Library\PackageCache\com.unity.collections@538ace9075bc)
    com.unity.test-framework@1.6.0 (location: C:\hades\Hecton8\Library\PackageCache\com.unity.test-framework@76560ee600cb)
    com.unity.ext.nunit@2.0.5 (location: C:\hades\Hecton8\Library\PackageCache\com.unity.ext.nunit@d8c07649098d)
  Embedded packages:
    com.coplaydev.unity-mcp@file:C:\hades\Hecton8\Packages\com.coplaydev.unity-mcp (location: C:\hades\Hecton8\Packages\com.coplaydev.unity-mcp)
    com.jbooth.microsplat.core@file:C:\hades\Hecton8\Packages\com.jbooth.microsplat.core (location: C:\hades\Hecton8\Packages\com.jbooth.microsplat.core)
    com.jbooth.microsplat.urp2022@file:C:\hades\Hecton8\Packages\com.jbooth.microsplat.urp2022 (location: C:\hades\Hecton8\Packages\com.jbooth.microsplat.urp2022)
    com.unity.shadergraph@file:C:\hades\Hecton8\Packages\com.unity.shadergraph (location: C:\hades\Hecton8\Packages\com.unity.shadergraph)
    com.waveharmonic.crest@file:C:\hades\Hecton8\Packages\com.waveharmonic.crest (location: C:\hades\Hecton8\Packages\com.waveharmonic.crest)
[Subsystems] No new subsystems found in resolved package list.
[Package Manager] Done registering packages in 0.14 seconds
[ScriptCompilation] Requested script compilation because: Assembly Definition File(s) changed
[ScriptCompilation] Requested script compilation because: AssetDatabase observed changes in script compilation related files
Starting: C:\Program Files\Unity\Hub\Editor\6000.4.1f1\Editor\Data\Tools\BuildPipeline\bee_backend.exe --ipc --defer-dag-verification --dagfile="Library/Bee/1900b0aEDbg.dag" --continue-on-failure --profile="Library/Bee/backend1.traceevents" ScriptAssemblies
WorkingDir: C:/hades/Hecton8
DisplayProgressbar: Compiling Scripts
Starting: C:\Program Files\Unity\Hub\Editor\6000.4.1f1\Editor\Data\netcorerun\netcorerun.exe "C:\Program Files\Unity\Hub\Editor\6000.4.1f1\Editor\Data\Tools\BuildPipeline\ScriptCompilationBuildProgram.exe" "Library/Bee/1900b0aEDbg.dag.json" "Library/Bee/1900b0aEDbg-inputdata.json" "Library\Bee\buildprogram0.traceevents"
WorkingDir: C:/hades/Hecton8
ExitCode: 4 Duration: 15s
[ 910/1723  0s] CopyFiles Library/ScriptAssemblies/UnityEngine.TestRunner.pdb
[ 911/1723  0s] CopyFiles Library/ScriptAssemblies/UnityEngine.TestRunner.dll
[ 915/1723  0s] CopyFiles Library/ScriptAssemblies/UnityEditor.TestRunner.pdb
[ 925/1723  0s] CopyFiles Library/ScriptAssemblies/UnityEditor.TestRunner.dll
[           0s] Csc Library/Bee/artifacts/1900b0aEDbg.dag/WaveHarmonic.Crest.Shared.dll (+2 others) [CacheMiss 5822d3243dce6a4ae97f094d83cfd6aa00000000000000000000000000000006]
[1168/1723  2s] ILPP-Configuration Library/ilpp-configuration.nevergeneratedoutput
Rebuilding DAG because FileSignature timestamp changed: Library/Bee/1900b0aEDbg-inputdata.json
[BUSY       7s] Csc Library/Bee/artifacts/1900b0aEDbg.dag/MapMagic.Editor.dll (+2 others)
[1169/1723  7s] Csc Library/Bee/artifacts/1900b0aEDbg.dag/WaveHarmonic.Crest.Shared.dll (+2 others)
Packages\com.waveharmonic.crest\Runtime\Scripts\Utility\Shared\Component\CustomBehaviour.cs(74,101): warning CS0618: 'FindObjectsSortMode' is obsolete: 'FindObjectsSortMode has been deprecated. Use the FindObjectsByType overloads that do not take a FindObjectsSortMode parameter.'

Packages\com.waveharmonic.crest\Runtime\Scripts\Utility\Shared\Component\CustomBehaviour.cs(74,37): warning CS0618: 'Object.FindObjectsByType<T>(FindObjectsInactive, FindObjectsSortMode)' is obsolete: 'FindObjectsByType with FindObjectsSortMode parameter has been deprecated. Use FindObjectsByType<T>() or FindObjectsByType<T>(FindObjectsInactive) instead. InstanceID will be replaced in the future with EntityId and previous sort order cannot be maintained.'

Packages\com.waveharmonic.crest\Runtime\Scripts\Utility\Shared\Component\EditorBehaviour.cs(91,50): warning CS0618: 'FindObjectsSortMode' is obsolete: 'FindObjectsSortMode has been deprecated. Use the FindObjectsByType overloads that do not take a FindObjectsSortMode parameter.'

Packages\com.waveharmonic.crest\Runtime\Scripts\Utility\Shared\Component\EditorBehaviour.cs(91,21): warning CS0618: 'Object.FindObjectsByType(Type, FindObjectsSortMode)' is obsolete: 'FindObjectsByType with FindObjectsSortMode parameter has been deprecated. Use FindObjectsByType(Type) or FindObjectsByType(Type, FindObjectsInactive) instead. InstanceID will be replaced in the future with EntityId and previous sort order cannot be maintained.'

Packages\com.waveharmonic.crest\Runtime\Scripts\Utility\Shared\Component\ManagedBehaviour.cs(64,24): warning CS0618: 'Object.FindFirstObjectByType<T>()' is obsolete: 'FindFirstObjectByType has been deprecated because it relies on instance ID ordering. Use FindAnyObjectByType instead, which does not depend on ordering.'
[1170/1723  8s] Csc Library/Bee/artifacts/1900b0aEDbg.dag/Lofelt.NiceVibrations.dll (+2 others)
Assets\Feel\NiceVibrations\Define\NiceVibrationsDefineSymbols.cs(65,45): warning CS0618: 'PlayerSettings.GetScriptingDefineSymbolsForGroup(BuildTargetGroup)' is obsolete: 'Use GetScriptingDefineSymbols(NamedBuildTarget buildTarget) instead'

Assets\Feel\NiceVibrations\Define\NiceVibrationsDefineSymbols.cs(68,13): warning CS0618: 'PlayerSettings.SetScriptingDefineSymbolsForGroup(BuildTargetGroup, string)' is obsolete: 'Use SetScriptingDefineSymbols(NamedBuildTarget buildTarget, string defines) instead'
[1171/1723  8s] Csc Library/Bee/artifacts/1900b0aEDbg.dag/BakeryRuntimeAssembly.dll (+2 others)
[           0s] Csc Library/Bee/artifacts/1900b0aEDbg.dag/WaveHarmonic.Crest.Shared.dll (+2 others) [CacheWrite 5822d3243dce6a4ae97f094d83cfd6aa00000000000000000000000000000006]
[1172/1723  9s] Csc Library/Bee/artifacts/1900b0aEDbg.dag/MapMagic.Editor.dll (+2 others)
Assets\MapMagic\Brush\Editor\BrushGraphTemplate.cs(31,37): warning CS0618: 'EndNameEditAction' is obsolete: 'EndNameEditAction is obsolete. Use AssetCreationEndAction that uses EntityId instead of int for instance IDs.'

Assets\MapMagic\Nodes\Editor\GraphTemplates.cs(31,32): warning CS0618: 'EndNameEditAction' is obsolete: 'EndNameEditAction is obsolete. Use AssetCreationEndAction that uses EntityId instead of int for instance IDs.'

Assets\MapMagic\Brush\Editor\BrushGraphTemplate.cs(24,5): warning CS0618: 'ProjectWindowUtil.StartNameEditingIfProjectWindowExists(int, EndNameEditAction, string, Texture2D, string)' is obsolete: 'StartNameEditingIfProjectWindowExists(int, EndNameEditAction, string, Texture2D, string) is obsolete. Use StartNameEditingIfProjectWindowExists(EntityId, AssetCreationEndAction, string, Texture2D, string) instead.'

Assets\MapMagic\Nodes\Editor\GraphTemplates.cs(24,5): warning CS0618: 'ProjectWindowUtil.StartNameEditingIfProjectWindowExists(int, EndNameEditAction, string, Texture2D, string)' is obsolete: 'StartNameEditingIfProjectWindowExists(int, EndNameEditAction, string, Texture2D, string) is obsolete. Use StartNameEditingIfProjectWindowExists(EntityId, AssetCreationEndAction, string, Texture2D, string) instead.'

Assets\MapMagic\Brush\Editor\BrushInspector.cs(262,32): warning CS0618: 'Object.FindObjectsOfType<T>()' is obsolete: 'Object.FindObjectsOfType has been deprecated. Use Object.FindObjectsByType instead which lets you decide whether you need the results sorted or not.  FindObjectsOfType sorts the results by InstanceID but if you do not need this using FindObjectSortMode.None is considerably faster.'

Assets\MapMagic\Core\Editor\MapMagicInspector.cs(686,27): warning CS0618: 'PlayerSettings.GetScriptingDefineSymbolsForGroup(BuildTargetGroup)' is obsolete: 'Use GetScriptingDefineSymbols(NamedBuildTarget buildTarget) instead'

Assets\MapMagic\Core\Editor\MapMagicInspector.cs(699,27): warning CS0618: 'PlayerSettings.GetScriptingDefineSymbolsForGroup(BuildTargetGroup)' is obsolete: 'Use GetScriptingDefineSymbols(NamedBuildTarget buildTarget) instead'

Assets\MapMagic\Core\Editor\MapMagicInspector.cs(711,4): warning CS0618: 'PlayerSettings.SetScriptingDefineSymbolsForGroup(BuildTargetGroup, string)' is obsolete: 'Use SetScriptingDefineSymbols(NamedBuildTarget buildTarget, string defines) instead'

Assets\MapMagic\Nodes\Editor\GraphWindow.cs(1153,30): warning CS0618: 'EditorUtility.InstanceIDToObject(int)' is obsolete: 'InstanceIDToObject(int) is obsolete. Use EditorUtility.EntityIdToObject instead.'
[1173/1723  9s] Csc Library/Bee/artifacts/1900b0aEDbg.dag/VolumetricLightBeam.dll (+2 others)
[1174/1723 13s] Csc Library/Bee/artifacts/1900b0aEDbg.dag/Crest.dll (+2 others)
[1175/1723 14s] Csc Library/Bee/artifacts/1900b0aEDbg.dag/RealtimeCSG.dll (+2 others)
Assets\RealtimeCSG\RealtimeCSG\Plugins\Runtime\Scripts\Components\GeneratedMeshes.cs(49,8): warning CS0618: 'Object.GetInstanceID()' is obsolete: 'GetInstanceID is deprecated. Use GetEntityId instead. This will be removed in a future version.'

Assets\RealtimeCSG\RealtimeCSG\Plugins\Runtime\Scripts\Components\GeneratedMeshInstance.cs(169,29): warning CS0618: 'Object.GetInstanceID()' is obsolete: 'GetInstanceID is deprecated. Use GetEntityId instead. This will be removed in a future version.'

Assets\RealtimeCSG\RealtimeCSG\Plugins\Runtime\Scripts\Components\GeneratedMeshInstance.cs(170,26): warning CS0618: 'Object.GetInstanceID()' is obsolete: 'GetInstanceID is deprecated. Use GetEntityId instead. This will be removed in a future version.'

Assets\RealtimeCSG\RealtimeCSG\Plugins\Runtime\Scripts\Components\GeneratedMeshInstance.cs(178,21): warning CS0618: 'Object.GetInstanceID()' is obsolete: 'GetInstanceID is deprecated. Use GetEntityId instead. This will be removed in a future version.'

Assets\RealtimeCSG\RealtimeCSG\Plugins\Runtime\Scripts\Components\GeneratedMeshInstance.cs(206,120): warning CS0618: 'Object.GetInstanceID()' is obsolete: 'GetInstanceID is deprecated. Use GetEntityId instead. This will be removed in a future version.'

Assets\RealtimeCSG\RealtimeCSG\Plugins\Runtime\Scripts\Components\GeneratedMeshInstance.cs(209,116): warning CS0618: 'Object.GetInstanceID()' is obsolete: 'GetInstanceID is deprecated. Use GetEntityId instead. This will be removed in a future version.'

Assets\RealtimeCSG\RealtimeCSG\Plugins\Runtime\Scripts\Components\GeneratedMeshInstance.cs(210,116): warning CS0618: 'Object.GetInstanceID()' is obsolete: 'GetInstanceID is deprecated. Use GetEntityId instead. This will be removed in a future version.'

Assets\RealtimeCSG\RealtimeCSG\Plugins\Editor\Thirdparty\UnityFBXExporter\FBXUnityMeshGetter.cs(525,35): warning CS0618: 'Object.GetInstanceID()' is obsolete: 'GetInstanceID is deprecated. Use GetEntityId instead. This will be removed in a future version.'

Assets\RealtimeCSG\RealtimeCSG\Plugins\Editor\Thirdparty\UnityFBXExporter\FBXUnityMeshGetter.cs(532,34): warning CS0618: 'Object.GetInstanceID()' is obsolete: 'GetInstanceID is deprecated. Use GetEntityId instead. This will be removed in a future version.'

Assets\RealtimeCSG\RealtimeCSG\Plugins\Editor\Thirdparty\UnityFBXExporter\FBXUnityMaterialGetter.cs(102,33): warning CS0618: 'Object.GetInstanceID()' is obsolete: 'GetInstanceID is deprecated. Use GetEntityId instead. This will be removed in a future version.'

Assets\RealtimeCSG\RealtimeCSG\Plugins\Editor\Thirdparty\UnityFBXExporter\FBXUnityMaterialGetter.cs(225,31): warning CS0618: 'Object.GetInstanceID()' is obsolete: 'GetInstanceID is deprecated. Use GetEntityId instead. This will be removed in a future version.'

Assets\RealtimeCSG\RealtimeCSG\Plugins\Editor\Scripts\Control\Managers\MeshInstanceManager.Export.cs(297,26): warning CS0618: 'EditorUtility.InstanceIDToObject(int)' is obsolete: 'InstanceIDToObject(int) is obsolete. Use EditorUtility.EntityIdToObject instead.'

Assets\RealtimeCSG\RealtimeCSG\Plugins\Editor\Scripts\Control\Bindings\NativeMethodBindings.cs(93,48): warning CS0618: 'EditorUtility.InstanceIDToObject(int)' is obsolete: 'InstanceIDToObject(int) is obsolete. Use EditorUtility.EntityIdToObject instead.'

Assets\RealtimeCSG\RealtimeCSG\Plugins\Editor\Scripts\Control\Bindings\NativeMethodBindings.cs(97,53): warning CS0618: 'EditorUtility.InstanceIDToObject(int)' is obsolete: 'InstanceIDToObject(int) is obsolete. Use EditorUtility.EntityIdToObject instead.'

Assets\RealtimeCSG\RealtimeCSG\Plugins\Editor\Scripts\Control\Bindings\NativeMethodBindings.cs(101,55): warning CS0618: 'EditorUtility.InstanceIDToObject(int)' is obsolete: 'InstanceIDToObject(int) is obsolete. Use EditorUtility.EntityIdToObject instead.'

Assets\RealtimeCSG\RealtimeCSG\Plugins\Editor\Scripts\Control\Bindings\NativeMethodBindings.cs(105,39): warning CS0618: 'EditorUtility.InstanceIDToObject(int)' is obsolete: 'InstanceIDToObject(int) is obsolete. Use EditorUtility.EntityIdToObject instead.'

Assets\RealtimeCSG\RealtimeCSG\Plugins\Editor\Scripts\Control\Bindings\NativeMethodBindings.cs(304,19): warning CS0618: 'EditorUtility.InstanceIDToObject(int)' is obsolete: 'InstanceIDToObject(int) is obsolete. Use EditorUtility.EntityIdToObject instead.'

Assets\RealtimeCSG\RealtimeCSG\Plugins\Editor\Scripts\Control\Bindings\NativeMethodBindings.cs(415,20): warning CS0618: 'EditorUtility.InstanceIDToObject(int)' is obsolete: 'InstanceIDToObject(int) is obsolete. Use EditorUtility.EntityIdToObject instead.'

Assets\RealtimeCSG\RealtimeCSG\Plugins\API\Legacy\Editor\BrushFactory.cs(60,56): warning CS0618: 'Object.GetInstanceID()' is obsolete: 'GetInstanceID is deprecated. Use GetEntityId instead. This will be removed in a future version.'

Assets\RealtimeCSG\RealtimeCSG\Plugins\API\Legacy\Editor\BrushFactory.cs(61,56): warning CS0618: 'Object.GetInstanceID()' is obsolete: 'GetInstanceID is deprecated. Use GetEntityId instead. This will be removed in a future version.'

Assets\RealtimeCSG\RealtimeCSG\Plugins\Editor\Scripts\Control\Bindings\NativeMethodBindings.cs(627,17): warning CS0618: 'EditorUtility.InstanceIDToObject(int)' is obsolete: 'InstanceIDToObject(int) is obsolete. Use EditorUtility.EntityIdToObject instead.'

Assets\RealtimeCSG\RealtimeCSG\Plugins\Editor\Scripts\Control\Managers\MeshInstanceManager.cs(706,15): warning CS0618: 'EditorUtility.InstanceIDToObject(int)' is obsolete: 'InstanceIDToObject(int) is obsolete. Use EditorUtility.EntityIdToObject instead.'

Assets\RealtimeCSG\RealtimeCSG\Plugins\Editor\Scripts\Control\Managers\MeshInstanceManager.cs(793,47): warning CS0618: 'Object.GetInstanceID()' is obsolete: 'GetInstanceID is deprecated. Use GetEntityId instead. This will be removed in a future version.'

Assets\RealtimeCSG\RealtimeCSG\Plugins\Editor\Scripts\Control\Managers\MeshInstanceManager.cs(957,56): warning CS0618: 'StaticEditorFlags.NavigationStatic' is obsolete: 'Enum member StaticEditorFlags.NavigationStatic has been deprecated. The precise selection of the objects is now done using NavMeshBuilder.CollectSources() and NavMeshBuildMarkup.'

Assets\RealtimeCSG\RealtimeCSG\Plugins\Editor\Scripts\Control\Managers\MeshInstanceManager.cs(979,28): warning CS0618: 'Object.GetInstanceID()' is obsolete: 'GetInstanceID is deprecated. Use GetEntityId instead. This will be removed in a future version.'

Assets\RealtimeCSG\RealtimeCSG\Plugins\Editor\Scripts\Data\SceneQuery\SceneQueryUtility.cs(889,26): warning CS0618: 'Object.GetInstanceID()' is obsolete: 'GetInstanceID is deprecated. Use GetEntityId instead. This will be removed in a future version.'

Assets\RealtimeCSG\RealtimeCSG\Plugins\Editor\Scripts\Data\SceneQuery\SceneQueryUtility.cs(889,7): warning CS0618: 'Selection.Contains(int)' is obsolete: 'Use Contains() with EntityId instead.'

Assets\RealtimeCSG\RealtimeCSG\Plugins\Editor\Scripts\Data\SceneQuery\SceneQueryUtility.cs(949,37): warning CS0618: 'Object.GetInstanceID()' is obsolete: 'GetInstanceID is deprecated. Use GetEntityId instead. This will be removed in a future version.'

Assets\RealtimeCSG\RealtimeCSG\Plugins\Editor\Scripts\Data\SceneQuery\SceneQueryUtility.cs(949,18): warning CS0618: 'Selection.Contains(int)' is obsolete: 'Use Contains() with EntityId instead.'

Assets\RealtimeCSG\RealtimeCSG\Plugins\Editor\Scripts\Data\SceneQuery\SceneQueryUtility.cs(1010,26): warning CS0618: 'Object.GetInstanceID()' is obsolete: 'GetInstanceID is deprecated. Use GetEntityId instead. This will be removed in a future version.'

Assets\RealtimeCSG\RealtimeCSG\Plugins\Editor\Scripts\Data\SceneQuery\SceneQueryUtility.cs(1010,7): warning CS0618: 'Selection.Contains(int)' is obsolete: 'Use Contains() with EntityId instead.'

Assets\RealtimeCSG\RealtimeCSG\Plugins\Editor\Scripts\Control\Managers\UpdateLoop.cs(107,13): warning CS0618: 'EditorApplication.hierarchyWindowItemOnGUI' is obsolete: 'hierarchyWindowItemOnGUI is obsolete. Use hierarchyWindowItemByEntityIdOnGUI instead.'

Assets\RealtimeCSG\RealtimeCSG\Plugins\Editor\Scripts\Control\Managers\UpdateLoop.cs(108,4): warning CS0618: 'EditorApplication.hierarchyWindowItemOnGUI' is obsolete: 'hierarchyWindowItemOnGUI is obsolete. Use hierarchyWindowItemByEntityIdOnGUI instead.'

Assets\RealtimeCSG\RealtimeCSG\Plugins\Editor\Scripts\Control\Managers\UnityCompilerDefineManager.cs(58,25): warning CS0618: 'PlayerSettings.GetScriptingDefineSymbolsForGroup(BuildTargetGroup)' is obsolete: 'Use GetScriptingDefineSymbols(NamedBuildTarget buildTarget) instead'

Assets\RealtimeCSG\RealtimeCSG\Plugins\Editor\Scripts\Control\Managers\UnityCompilerDefineManager.cs(112,6): warning CS0618: 'PlayerSettings.SetScriptingDefineSymbolsForGroup(BuildTargetGroup, string)' is obsolete: 'Use SetScriptingDefineSymbols(NamedBuildTarget buildTarget, string defines) instead'

Assets\RealtimeCSG\RealtimeCSG\Plugins\Editor\Scripts\Data\Hierarchy\ParentNodeDataExtension.cs(69,77): warning CS0618: 'Object.GetInstanceID()' is obsolete: 'GetInstanceID is deprecated. Use GetEntityId instead. This will be removed in a future version.'

Assets\RealtimeCSG\RealtimeCSG\Plugins\Editor\Scripts\Data\Hierarchy\ParentNodeDataExtension.cs(77,31): warning CS0618: 'Object.GetInstanceID()' is obsolete: 'GetInstanceID is deprecated. Use GetEntityId instead. This will be removed in a future version.'

Assets\RealtimeCSG\RealtimeCSG\Plugins\Editor\Scripts\Control\Managers\UpdateLoop.cs(138,4): warning CS0618: 'EditorApplication.hierarchyWindowItemOnGUI' is obsolete: 'hierarchyWindowItemOnGUI is obsolete. Use hierarchyWindowItemByEntityIdOnGUI instead.'

Assets\RealtimeCSG\RealtimeCSG\Plugins\Editor\Scripts\Data\Hierarchy\ParentNodeDataExtension.cs(219,76): warning CS0618: 'Object.GetInstanceID()' is obsolete: 'GetInstanceID is deprecated. Use GetEntityId instead. This will be removed in a future version.'

Assets\RealtimeCSG\RealtimeCSG\Plugins\Editor\Scripts\Data\Hierarchy\ParentNodeDataExtension.cs(229,31): warning CS0618: 'Object.GetInstanceID()' is obsolete: 'GetInstanceID is deprecated. Use GetEntityId instead. This will be removed in a future version.'

Assets\RealtimeCSG\RealtimeCSG\Plugins\Editor\Scripts\Control\Managers\InternalCSGModelManager.DefaultModel.cs(134,10): warning CS0618: 'StaticEditorFlags.NavigationStatic' is obsolete: 'Enum member StaticEditorFlags.NavigationStatic has been deprecated. The precise selection of the objects is now done using NavMeshBuilder.CollectSources() and NavMeshBuildMarkup.'

Assets\RealtimeCSG\RealtimeCSG\Plugins\Editor\Scripts\Control\Managers\InternalCSGModelManager.DefaultModel.cs(136,10): warning CS0618: 'StaticEditorFlags.OffMeshLinkGeneration' is obsolete: 'Enum member StaticEditorFlags.OffMeshLinkGeneration has been deprecated. You can now use NavMeshBuilder.CollectSources() and NavMeshBuildMarkup to nominate the objects that will generate Off-Mesh Links.'

Assets\RealtimeCSG\RealtimeCSG\Plugins\Editor\Scripts\Data\Hierarchy\HierarchyItemExtension.cs(195,23): warning CS0618: 'Object.GetInstanceID()' is obsolete: 'GetInstanceID is deprecated. Use GetEntityId instead. This will be removed in a future version.'

Assets\RealtimeCSG\RealtimeCSG\Plugins\Editor\Scripts\Data\Settings\ColorSettings.cs(170,31): warning CS0618: 'Object.GetInstanceID()' is obsolete: 'GetInstanceID is deprecated. Use GetEntityId instead. This will be removed in a future version.'

Assets\RealtimeCSG\RealtimeCSG\Plugins\Editor\Scripts\Data\Selection\SelectionUtility.cs(346,21): warning CS0618: 'Object.GetInstanceID()' is obsolete: 'GetInstanceID is deprecated. Use GetEntityId instead. This will be removed in a future version.'

Assets\RealtimeCSG\RealtimeCSG\Plugins\Editor\Scripts\Data\Selection\SelectionUtility.cs(368,32): warning CS0618: 'Object.GetInstanceID()' is obsolete: 'GetInstanceID is deprecated. Use GetEntityId instead. This will be removed in a future version.'

Assets\RealtimeCSG\RealtimeCSG\Plugins\Editor\Scripts\Data\Selection\SelectionUtility.cs(390,56): warning CS0618: 'Selection.instanceIDs' is obsolete: 'Use entityIds instead.'

Assets\RealtimeCSG\RealtimeCSG\Plugins\Editor\Scripts\Data\Selection\SelectionUtility.cs(396,23): warning CS0618: 'Object.GetInstanceID()' is obsolete: 'GetInstanceID is deprecated. Use GetEntityId instead. This will be removed in a future version.'

Assets\RealtimeCSG\RealtimeCSG\Plugins\Editor\Scripts\Data\Selection\SelectionUtility.cs(410,7): warning CS0618: 'Selection.instanceIDs' is obsolete: 'Use entityIds instead.'

Assets\RealtimeCSG\RealtimeCSG\Plugins\Editor\Scripts\Data\Selection\SelectionUtility.cs(418,23): warning CS0618: 'Object.GetInstanceID()' is obsolete: 'GetInstanceID is deprecated. Use GetEntityId instead. This will be removed in a future version.'

Assets\RealtimeCSG\RealtimeCSG\Plugins\Editor\Scripts\Data\Selection\SelectionUtility.cs(420,6): warning CS0618: 'Selection.instanceIDs' is obsolete: 'Use entityIds instead.'

Assets\RealtimeCSG\RealtimeCSG\Plugins\Editor\Scripts\Data\Selection\SelectionUtility.cs(429,23): warning CS0618: 'Object.GetInstanceID()' is obsolete: 'GetInstanceID is deprecated. Use GetEntityId instead. This will be removed in a future version.'

Assets\RealtimeCSG\RealtimeCSG\Plugins\Editor\Scripts\Data\Selection\SelectionUtility.cs(431,6): warning CS0618: 'Selection.instanceIDs' is obsolete: 'Use entityIds instead.'

Assets\RealtimeCSG\RealtimeCSG\Plugins\Editor\Scripts\View\DragAndDrop\SceneDragTool.Materials.cs(467,28): warning CS0618: 'Object.GetInstanceID()' is obsolete: 'GetInstanceID is deprecated. Use GetEntityId instead. This will be removed in a future version.'

Assets\RealtimeCSG\RealtimeCSG\Plugins\Editor\Scripts\Data\Settings\CSGSettings.cs(474,53): warning CS0618: 'Object.GetInstanceID()' is obsolete: 'GetInstanceID is deprecated. Use GetEntityId instead. This will be removed in a future version.'

Assets\RealtimeCSG\RealtimeCSG\Plugins\Editor\Scripts\Data\Settings\CSGSettings.cs(501,51): warning CS0618: 'Object.GetInstanceID()' is obsolete: 'GetInstanceID is deprecated. Use GetEntityId instead. This will be removed in a future version.'

Assets\RealtimeCSG\RealtimeCSG\Plugins\Editor\Scripts\Data\Settings\CSGSettings.cs(508,65): warning CS0618: 'Object.GetInstanceID()' is obsolete: 'GetInstanceID is deprecated. Use GetEntityId instead. This will be removed in a future version.'

Assets\RealtimeCSG\RealtimeCSG\Plugins\Editor\Scripts\View\GUI\HierarchyWindowItemGUI\HierarchyWindowItemGUI.cs(15,12): warning CS0618: 'EditorUtility.InstanceIDToObject(int)' is obsolete: 'InstanceIDToObject(int) is obsolete. Use EditorUtility.EntityIdToObject instead.'

Assets\RealtimeCSG\RealtimeCSG\Plugins\Editor\Scripts\Control\Managers\InternalCSGModelManager.Registration.cs(162,13): warning CS0618: 'StaticEditorFlags.NavigationStatic' is obsolete: 'Enum member StaticEditorFlags.NavigationStatic has been deprecated. The precise selection of the objects is now done using NavMeshBuilder.CollectSources() and NavMeshBuildMarkup.'

Assets\RealtimeCSG\RealtimeCSG\Plugins\Editor\Scripts\Control\Managers\InternalCSGModelManager.Registration.cs(164,13): warning CS0618: 'StaticEditorFlags.OffMeshLinkGeneration' is obsolete: 'Enum member StaticEditorFlags.OffMeshLinkGeneration has been deprecated. You can now use NavMeshBuilder.CollectSources() and NavMeshBuildMarkup to nominate the objects that will generate Off-Mesh Links.'

Assets\RealtimeCSG\RealtimeCSG\Plugins\Editor\Scripts\Control\Managers\InternalCSGModelManager.Registration.cs(233,43): warning CS0618: 'Object.GetInstanceID()' is obsolete: 'GetInstanceID is deprecated. Use GetEntityId instead. This will be removed in a future version.'

Assets\RealtimeCSG\RealtimeCSG\Plugins\Editor\Scripts\Control\Managers\InternalCSGModelManager.Registration.cs(348,40): warning CS0618: 'Object.GetInstanceID()' is obsolete: 'GetInstanceID is deprecated. Use GetEntityId instead. This will be removed in a future version.'

Assets\RealtimeCSG\RealtimeCSG\Plugins\Editor\Scripts\Control\Managers\InternalCSGModelManager.Registration.cs(443,40): warning CS0618: 'Object.GetInstanceID()' is obsolete: 'GetInstanceID is deprecated. Use GetEntityId instead. This will be removed in a future version.'

Assets\RealtimeCSG\RealtimeCSG\Plugins\Editor\Scripts\Control\Managers\InternalCSGModelManager.Registration.cs(497,32): warning CS0618: 'Object.GetInstanceID()' is obsolete: 'GetInstanceID is deprecated. Use GetEntityId instead. This will be removed in a future version.'

Assets\RealtimeCSG\RealtimeCSG\Plugins\Editor\Scripts\Control\Managers\InternalCSGModelManager.Registration.cs(585,36): warning CS0618: 'Object.GetInstanceID()' is obsolete: 'GetInstanceID is deprecated. Use GetEntityId instead. This will be removed in a future version.'

Assets\RealtimeCSG\RealtimeCSG\Plugins\Editor\Scripts\Control\Managers\InternalCSGModelManager.Registration.cs(657,41): warning CS0618: 'Object.GetInstanceID()' is obsolete: 'GetInstanceID is deprecated. Use GetEntityId instead. This will be removed in a future version.'

Assets\RealtimeCSG\RealtimeCSG\Plugins\Editor\Scripts\Control\Managers\InternalCSGModelManager.Registration.cs(701,43): warning CS0618: 'Object.GetInstanceID()' is obsolete: 'GetInstanceID is deprecated. Use GetEntityId instead. This will be removed in a future version.'

Assets\RealtimeCSG\RealtimeCSG\Plugins\Editor\Scripts\View\GUI\ComponentEditorWindows\CSGModelComponent.Inspector.GUI.cs(1281,51): warning CS0618: 'EditorUtility.InstanceIDToObject(int)' is obsolete: 'InstanceIDToObject(int) is obsolete. Use EditorUtility.EntityIdToObject instead.'

Assets\RealtimeCSG\RealtimeCSG\Plugins\Editor\Scripts\View\GUI\EditModeGUI\EditModes\Generators\Generator.Base.cs(81,31): warning CS0414: The field 'GeneratorBase.previousViewTool' is assigned but its value is never used
*** Tundra requires additional run (15.65 seconds), 12 items updated, 1168 evaluated
ExitCode: 0 Duration: 8s979ms
Starting: C:\Program Files\Unity\Hub\Editor\6000.4.1f1\Editor\Data\Tools\BuildPipeline\bee_backend.exe --ipc --defer-dag-verification --dagfile="Library/Bee/1900b0aEDbg.dag" --continue-on-failure --dagfilejson="Library\Bee\1900b0aEDbg.dag.json" --profile="Library/Bee/backend2.traceevents" ScriptAssemblies
WorkingDir: C:/hades/Hecton8
ExitCode: 0 Duration: 1m:40s
Finished compiling graph: 1648 nodes, 35587 flattened edges (28539 ToBuild, 284 ToUse), maximum node priority 1952
[           0s] Delete 89 artifact files that are no longer in use. (like Library\Bee\artifacts\rsp\4807859418463668504.rsp)
[ 218/1644  0s] WriteText Library/Bee/artifacts/1900b0aEDbg.dag/UnityEditor.UI.dll.mvfrm.rsp
[ 221/1644  0s] WriteText Library/Bee/artifacts/1900b0aEDbg.dag/UnityEditor.UI.rsp
[ 253/1644  0s] WriteText Library/Bee/artifacts/1900b0aEDbg.dag/Unity.PathTracing.Editor.dll.mvfrm.rsp
[ 254/1644  0s] WriteResponseFile Library/Bee/artifacts/rsp/4747638433968585886.rsp
[ 255/1644  0s] WriteText Library/Bee/artifacts/1900b0aEDbg.dag/Unity.InternalAPIEditorBridge.ShaderGraph.Editor.dll.mvfrm.rsp
[ 256/1644  0s] WriteText Library/Bee/artifacts/1900b0aEDbg.dag/Unity.RenderPipelines.Core.Editor.dll.mvfrm.rsp
[ 257/1644  0s] WriteText Library/Bee/artifacts/1900b0aEDbg.dag/Unity.PathTracing.Editor.rsp
[ 265/1644  0s] WriteText Library/Bee/artifacts/1900b0aEDbg.dag/Unity.RenderPipelines.Core.Editor.rsp
[ 270/1644  0s] WriteText Library/Bee/artifacts/1900b0aEDbg.dag/Unity.Searcher.Editor.dll.mvfrm.rsp
[ 275/1644  0s] WriteText Library/Bee/artifacts/1900b0aEDbg.dag/Unity.Searcher.Editor.rsp
[ 276/1644  0s] WriteText Library/Bee/artifacts/1900b0aEDbg.dag/Unity.InternalAPIEditorBridge.ShaderGraph.Editor.rsp
[ 278/1644  0s] WriteText Library/Bee/artifacts/1900b0aEDbg.dag/Unity.ShaderGraph.Utilities.rsp
[ 287/1644  0s] WriteText Library/Bee/artifacts/1900b0aEDbg.dag/Unity.ShaderGraph.Utilities.dll.mvfrm.rsp
[ 288/1644  0s] WriteText Library/Bee/artifacts/1900b0aEDbg.dag/Unity.ShaderGraph.Editor.dll.mvfrm.rsp
[ 316/1644  0s] WriteText Library/Bee/artifacts/1900b0aEDbg.dag/Unity.ShaderGraph.Editor.rsp
[ 331/1644  0s] WriteText Library/Bee/artifacts/1900b0aEDbg.dag/Unity.VisualScripting.Core.Editor.dll.mvfrm.rsp
[ 333/1644  0s] WriteText Library/Bee/artifacts/1900b0aEDbg.dag/Unity.VisualScripting.Flow.Editor.dll.mvfrm.rsp
[ 335/1644  0s] WriteText Library/Bee/artifacts/1900b0aEDbg.dag/Unity.VisualScripting.Core.Editor.rsp
[ 341/1644  0s] WriteText Library/Bee/artifacts/1900b0aEDbg.dag/Unity.AI.Navigation.Editor.ConversionSystem.dll.mvfrm.rsp
[ 343/1644  0s] WriteText Library/Bee/artifacts/1900b0aEDbg.dag/Unity.AI.Navigation.Editor.ConversionSystem.rsp
[ 349/1644  0s] WriteText Library/Bee/artifacts/1900b0aEDbg.dag/Unity.VisualScripting.Flow.Editor.rsp
[ 352/1644  0s] WriteText Library/Bee/artifacts/1900b0aEDbg.dag/Unity.Settings.Editor.dll.mvfrm.rsp
[ 353/1644  0s] WriteText Library/Bee/artifacts/1900b0aEDbg.dag/Unity.Mathematics.Editor.dll.mvfrm.rsp
[ 354/1644  0s] WriteText Library/Bee/artifacts/1900b0aEDbg.dag/Unity.ProBuilder.AssetIdRemapUtility.dll.mvfrm.rsp
[ 358/1644  0s] WriteText Library/Bee/artifacts/1900b0aEDbg.dag/Unity.EditorCoroutines.Editor.dll.mvfrm.rsp
[ 359/1644  0s] WriteText Library/Bee/artifacts/1900b0aEDbg.dag/Unity.ProBuilder.AssetIdRemapUtility.rsp
[ 360/1644  0s] WriteText Library/Bee/artifacts/1900b0aEDbg.dag/Unity.EditorCoroutines.Editor.rsp
[ 362/1644  0s] WriteText Library/Bee/artifacts/1900b0aEDbg.dag/Unity.Settings.Editor.rsp
[ 365/1644  0s] WriteText Library/Bee/artifacts/1900b0aEDbg.dag/Unity.Burst.Editor.dll.mvfrm.rsp
[ 366/1644  0s] WriteText Library/Bee/artifacts/1900b0aEDbg.dag/Unity.RenderPipelines.Core.Editor.Shared.dll.mvfrm.rsp
[ 373/1644  0s] WriteText Library/Bee/artifacts/1900b0aEDbg.dag/Unity.RenderPipelines.Core.Editor.Shared.rsp
[ 377/1644  0s] WriteText Library/Bee/artifacts/1900b0aEDbg.dag/Unity.Burst.Editor.rsp
[ 406/1644  0s] WriteText Library/Bee/artifacts/1900b0aEDbg.dag/Unity.Mathematics.Editor.rsp
[ 408/1644  0s] WriteText Library/Bee/artifacts/1900b0aEDbg.dag/WaveHarmonic.Crest.Shared.Editor.rsp
[ 416/1644  0s] WriteText Library/Bee/artifacts/1900b0aEDbg.dag/WaveHarmonic.Crest.Shared.Editor.dll.mvfrm.rsp
[ 419/1644  0s] WriteText Library/Bee/artifacts/1900b0aEDbg.dag/Unity.ProBuilder.Editor.dll.mvfrm.rsp
[ 420/1644  0s] WriteText Library/Bee/artifacts/1900b0aEDbg.dag/Unity.AI.Navigation.Editor.dll.mvfrm.rsp
[ 421/1644  0s] WriteText Library/Bee/artifacts/1900b0aEDbg.dag/Unity.MemoryProfiler.Editor.dll.mvfrm.rsp
[ 422/1644  0s] WriteText Library/Bee/artifacts/1900b0aEDbg.dag/Unity.MemoryProfiler.Editor.rsp
[ 423/1644  0s] WriteText Library/Bee/artifacts/1900b0aEDbg.dag/WaveHarmonic.Crest.dll.mvfrm.rsp
[ 424/1644  0s] WriteText Library/Bee/artifacts/1900b0aEDbg.dag/Unity.VisualScripting.State.Editor.dll.mvfrm.rsp
[ 425/1644  0s] WriteText Library/Bee/artifacts/1900b0aEDbg.dag/WaveHarmonic.Crest.rsp
[ 442/1644  0s] WriteText Library/Bee/artifacts/1900b0aEDbg.dag/Unity.ProBuilder.Editor.rsp
[ 451/1644  0s] WriteText Library/Bee/artifacts/1900b0aEDbg.dag/Unity.VisualScripting.State.Editor.rsp
[ 455/1644  0s] WriteText Library/Bee/artifacts/1900b0aEDbg.dag/Den.Tools.Editor.dll.mvfrm.rsp
[ 460/1644  0s] WriteText Library/Bee/artifacts/1900b0aEDbg.dag/Unity.RenderPipelines.Universal.Editor.dll.mvfrm.rsp
[ 474/1644  0s] WriteText Library/Bee/artifacts/1900b0aEDbg.dag/Den.Tools.Editor.rsp
[ 493/1644  0s] WriteText Library/Bee/artifacts/1900b0aEDbg.dag/Unity.RenderPipelines.Universal.Editor.rsp
[ 539/1644  0s] WriteText Library/Bee/artifacts/1900b0aEDbg.dag/MapMagic.Editor.dll.mvfrm.rsp
[ 541/1644  0s] WriteText Library/Bee/artifacts/1900b0aEDbg.dag/Unity.PlasticSCM.Editor.dll.mvfrm.rsp
[ 543/1644  0s] WriteText Library/Bee/artifacts/1900b0aEDbg.dag/JBooth.MicroSplat.Core.Editor.dll.mvfrm.rsp
[ 551/1644  0s] WriteText Library/Bee/artifacts/1900b0aEDbg.dag/Unity.PlasticSCM.Editor.rsp
[ 552/1644  0s] WriteText Library/Bee/artifacts/1900b0aEDbg.dag/JBooth.MicroSplat.Core.Editor.rsp
[ 559/1644  0s] WriteText Library/Bee/artifacts/1900b0aEDbg.dag/PackageToolsEditor.dll.mvfrm.rsp
[ 560/1644  0s] WriteText Library/Bee/artifacts/1900b0aEDbg.dag/Unity.Collections.Editor.dll.mvfrm.rsp
[ 561/1644  0s] WriteText Library/Bee/artifacts/1900b0aEDbg.dag/MapMagic.Editor.rsp
[ 562/1644  0s] WriteText Library/Bee/artifacts/1900b0aEDbg.dag/Unity.Timeline.Editor.dll.mvfrm.rsp
[ 563/1644  0s] WriteText Library/Bee/artifacts/1900b0aEDbg.dag/UnityEditor.UI.Analytics.dll.mvfrm.rsp
[ 564/1644  0s] WriteText Library/Bee/artifacts/1900b0aEDbg.dag/Unity.MemoryProfiler.Editor.MemoryProfilerModule.dll.mvfrm.rsp
[ 565/1644  0s] WriteText Library/Bee/artifacts/1900b0aEDbg.dag/Unity.RenderPipelines.Universal.2D.Editor.Overrides.dll.mvfrm.rsp
[ 567/1644  0s] WriteText Library/Bee/artifacts/1900b0aEDbg.dag/Unity.2D.Sprite.Editor.dll.mvfrm.rsp
[ 568/1644  0s] WriteText Library/Bee/artifacts/1900b0aEDbg.dag/Unity.VisualScripting.SettingsProvider.Editor.dll.mvfrm.rsp
[ 569/1644  0s] WriteText Library/Bee/artifacts/1900b0aEDbg.dag/Unity.TextMeshPro.Editor.dll.mvfrm.rsp
[ 570/1644  0s] WriteText Library/Bee/artifacts/1900b0aEDbg.dag/Unity.AI.Navigation.Updater.dll.mvfrm.rsp
[ 571/1644  0s] WriteText Library/Bee/artifacts/1900b0aEDbg.dag/Unity.ProBuilder.AddOns.Editor.dll.mvfrm.rsp
[ 575/1644  0s] WriteText Library/Bee/artifacts/1900b0aEDbg.dag/Unity.SharpZipLib.Editor.dll.mvfrm.rsp
[ 581/1644  0s] WriteText Library/Bee/artifacts/1900b0aEDbg.dag/Unity.Rendering.LightTransport.Editor.dll.mvfrm.rsp
[ 584/1644  0s] WriteText Library/Bee/artifacts/1900b0aEDbg.dag/Unity.VisualScripting.Shared.Editor.dll.mvfrm.rsp
[ 618/1644  0s] WriteText Library/Bee/artifacts/1900b0aEDbg.dag/PackageToolsEditor.rsp
[ 621/1644  0s] WriteText Library/Bee/artifacts/1900b0aEDbg.dag/Unity.VisualScripting.Shared.Editor.rsp
[ 622/1644  0s] WriteText Library/Bee/artifacts/1900b0aEDbg.dag/Unity.SharpZipLib.Editor.rsp
[ 623/1644  0s] WriteText Library/Bee/artifacts/1900b0aEDbg.dag/Unity.Timeline.Editor.rsp
[ 624/1644  0s] WriteText Library/Bee/artifacts/1900b0aEDbg.dag/Unity.VisualScripting.SettingsProvider.Editor.rsp
[ 625/1644  0s] WriteText Library/Bee/artifacts/1900b0aEDbg.dag/Unity.TextMeshPro.Editor.rsp
[ 630/1644  0s] WriteText Library/Bee/artifacts/1900b0aEDbg.dag/Unity.Rendering.LightTransport.Editor.rsp
[ 631/1644  0s] WriteText Library/Bee/artifacts/1900b0aEDbg.dag/UnityEditor.UI.Analytics.rsp
[ 632/1644  0s] WriteText Library/Bee/artifacts/1900b0aEDbg.dag/Unity.MemoryProfiler.Editor.MemoryProfilerModule.rsp
[ 633/1644  0s] WriteText Library/Bee/artifacts/1900b0aEDbg.dag/Unity.ProBuilder.AddOns.Editor.rsp
[ 634/1644  0s] WriteText Library/Bee/artifacts/1900b0aEDbg.dag/Unity.RenderPipelines.Universal.2D.Editor.Overrides.rsp
[ 637/1644  0s] WriteText Library/Bee/artifacts/1900b0aEDbg.dag/Unity.Collections.Editor.rsp
[ 638/1644  0s] WriteText Library/Bee/artifacts/1900b0aEDbg.dag/Unity.AI.Navigation.Updater.rsp
[ 639/1644  0s] WriteText Library/Bee/artifacts/1900b0aEDbg.dag/BakeryEditorAssembly.dll.mvfrm.rsp
[ 640/1644  0s] WriteText Library/Bee/artifacts/1900b0aEDbg.dag/MapMagic.MicroSplat.Editor.dll.mvfrm.rsp
[ 641/1644  0s] WriteText Library/Bee/artifacts/1900b0aEDbg.dag/VolumetricLightBeam.Editor.dll.mvfrm.rsp
[ 642/1644  0s] WriteText Library/Bee/artifacts/1900b0aEDbg.dag/Unity.2D.Sprite.Editor.rsp
[ 643/1644  0s] WriteText Library/Bee/artifacts/1900b0aEDbg.dag/MCPForUnity.Editor.dll.mvfrm.rsp
[ 644/1644  0s] WriteText Library/Bee/artifacts/1900b0aEDbg.dag/MoreMountains.Feedbacks.Editor.dll.mvfrm.rsp
[ 645/1644  0s] WriteText Library/Bee/artifacts/1900b0aEDbg.dag/Crest.Helpers.Editor.dll.mvfrm.rsp
[ 646/1644  0s] WriteText Library/Bee/artifacts/1900b0aEDbg.dag/MoreMountains.Tools.Editor.dll.mvfrm.rsp
[ 647/1644  0s] WriteText Library/Bee/artifacts/1900b0aEDbg.dag/MeshBakerEditor.dll.mvfrm.rsp
[ 650/1644  0s] WriteText Library/Bee/artifacts/1900b0aEDbg.dag/GPUInstancer.Editor.dll.mvfrm.rsp
[ 651/1644  0s] WriteText Library/Bee/artifacts/1900b0aEDbg.dag/AmplifyImpostors.Editor.dll.mvfrm.rsp
[ 652/1644  0s] WriteText Library/Bee/artifacts/1900b0aEDbg.dag/Tayx.Graphy.Editor.dll.mvfrm.rsp
[ 654/1644  0s] WriteText Library/Bee/artifacts/1900b0aEDbg.dag/EasySave3Editor.dll.mvfrm.rsp
[ 655/1644  0s] WriteText Library/Bee/artifacts/1900b0aEDbg.dag/Hecton8.Editor.dll.mvfrm.rsp
[ 656/1644  0s] WriteText Library/Bee/artifacts/1900b0aEDbg.dag/AstarPathfindingProjectEditor.dll.mvfrm.rsp
[ 659/1644  0s] WriteText Library/Bee/artifacts/1900b0aEDbg.dag/Sirenix.OdinInspector.Modules.UnityMathematics.dll.mvfrm.rsp
[ 660/1644  0s] WriteText Library/Bee/artifacts/1900b0aEDbg.dag/ShapesEditor.dll.mvfrm.rsp
[ 661/1644  0s] WriteText Library/Bee/artifacts/1900b0aEDbg.dag/Lofelt.NiceVibrations.Editor.dll.mvfrm.rsp
[ 662/1644  0s] WriteText Library/Bee/artifacts/1900b0aEDbg.dag/EasySave3Editor.rsp
[ 663/1644  0s] WriteText Library/Bee/artifacts/1900b0aEDbg.dag/Tayx.Graphy.Editor.rsp
[ 666/1644  0s] WriteText Library/Bee/artifacts/1900b0aEDbg.dag/Lofelt.NiceVibrations.Editor.rsp
[ 667/1644  0s] WriteText Library/Bee/artifacts/1900b0aEDbg.dag/Sirenix.OdinInspector.Modules.UnityMathematics.rsp
[ 668/1644  0s] WriteText Library/Bee/artifacts/1900b0aEDbg.dag/BakeryEditorAssembly.rsp
[ 669/1644  0s] WriteText Library/Bee/artifacts/1900b0aEDbg.dag/MoreMountains.Tools.Editor.rsp
[ 670/1644  0s] WriteText Library/Bee/artifacts/1900b0aEDbg.dag/AmplifyImpostors.Editor.rsp
[ 671/1644  0s] WriteText Library/Bee/artifacts/1900b0aEDbg.dag/VolumetricLightBeam.Editor.rsp
[ 673/1644  0s] WriteText Library/Bee/artifacts/1900b0aEDbg.dag/Hecton8.Editor.rsp
[ 674/1644  0s] WriteText Library/Bee/artifacts/1900b0aEDbg.dag/Crest.Helpers.Editor.rsp
[ 676/1644  0s] WriteText Library/Bee/artifacts/1900b0aEDbg.dag/MapMagic.MicroSplat.Editor.rsp
[ 677/1644  0s] WriteText Library/Bee/artifacts/1900b0aEDbg.dag/MeshBakerEditor.rsp
[ 678/1644  0s] WriteText Library/Bee/artifacts/1900b0aEDbg.dag/MCPForUnity.Editor.rsp
[ 679/1644  0s] WriteText Library/Bee/artifacts/1900b0aEDbg.dag/ShapesEditor.rsp
[ 690/1644  0s] WriteText Library/Bee/artifacts/1900b0aEDbg.dag/GPUInstancer.Editor.rsp
[ 691/1644  0s] WriteText Library/Bee/artifacts/1900b0aEDbg.dag/MoreMountains.Feedbacks.Editor.rsp
[ 693/1644  0s] WriteText Library/Bee/artifacts/1900b0aEDbg.dag/Assembly-CSharp-Editor-firstpass.dll.mvfrm.rsp
[ 694/1644  0s] WriteText Library/Bee/artifacts/1900b0aEDbg.dag/WaveHarmonic.Crest.Editor.Dependents.dll.mvfrm.rsp
[ 695/1644  0s] WriteText Library/Bee/artifacts/1900b0aEDbg.dag/Assembly-CSharp-Editor-firstpass.rsp
[ 696/1644  0s] WriteText Library/Bee/artifacts/1900b0aEDbg.dag/AstarPathfindingProjectEditor.rsp
[ 698/1644  0s] WriteText Library/Bee/artifacts/1900b0aEDbg.dag/WaveHarmonic.Crest.Editor.dll.mvfrm.rsp
[ 699/1644  0s] WriteText Library/Bee/artifacts/1900b0aEDbg.dag/Unity.PlasticSCM.Editor.Entities.dll.mvfrm.rsp
[ 700/1644  0s] WriteText Library/Bee/artifacts/1900b0aEDbg.dag/Unity.CollabProxy.Editor.dll.mvfrm.rsp
[ 701/1644  0s] WriteText Library/Bee/artifacts/1900b0aEDbg.dag/Assembly-CSharp-Editor.dll.mvfrm.rsp
[ 703/1644  0s] WriteText Library/Bee/artifacts/1900b0aEDbg.dag/MapMagic.Settings.dll.mvfrm.rsp
[ 706/1644  0s] WriteText Library/Bee/artifacts/1900b0aEDbg.dag/Unity.AI.Navigation.Editor.rsp
[ 720/1644  0s] WriteText Library/Bee/artifacts/1900b0aEDbg.dag/Technie.PhysicsCreator.Updater.dll.mvfrm.rsp
[ 721/1644  0s] WriteText Library/Bee/artifacts/1900b0aEDbg.dag/Unity.PlasticSCM.Editor.Entities.rsp
[ 722/1644  0s] WriteText Library/Bee/artifacts/1900b0aEDbg.dag/Assembly-CSharp-Editor.rsp
[ 723/1644  0s] WriteText Library/Bee/artifacts/1900b0aEDbg.dag/MapMagic.Settings.rsp
[ 752/1644  0s] WriteText Library/Bee/artifacts/1900b0aEDbg.dag/WaveHarmonic.Crest.Editor.Dependents.rsp
[ 760/1644  0s] WriteText Library/Bee/artifacts/1900b0aEDbg.dag/Technie.PhysicsCreator.Updater.rsp
[ 767/1644  0s] WriteText Library/Bee/artifacts/1900b0aEDbg.dag/WaveHarmonic.Crest.Editor.rsp
[ 777/1644  0s] WriteResponseFile Library/Bee/artifacts/rsp/10655299430136202450.rsp
[ 802/1644  0s] WriteResponseFile Library/Bee/artifacts/rsp/5465071027294452425.rsp
[ 803/1644  0s] WriteText Library/Bee/artifacts/1900b0aEDbg.dag/Unity.CollabProxy.Editor.rsp
[ 804/1644  0s] WriteResponseFile Library/Bee/artifacts/rsp/11332417161109625413.rsp
[ 805/1644  0s] WriteResponseFile Library/Bee/artifacts/rsp/4193507190395681767.rsp
[ 806/1644  0s] WriteResponseFile Library/Bee/artifacts/rsp/7429754328999314785.rsp
[ 807/1644  0s] WriteResponseFile Library/Bee/artifacts/rsp/16142651297996988846.rsp
[ 808/1644  0s] WriteResponseFile Library/Bee/artifacts/rsp/10382692468203510510.rsp
[ 809/1644  0s] WriteResponseFile Library/Bee/artifacts/rsp/1368919720426971504.rsp
[ 810/1644  0s] WriteResponseFile Library/Bee/artifacts/rsp/5712859670010231491.rsp
[ 811/1644  0s] WriteResponseFile Library/Bee/artifacts/rsp/8542480778973874011.rsp
[ 812/1644  0s] WriteResponseFile Library/Bee/artifacts/rsp/2994099991019843295.rsp
[ 813/1644  0s] WriteResponseFile Library/Bee/artifacts/rsp/17626248429526979731.rsp
[ 814/1644  0s] WriteResponseFile Library/Bee/artifacts/rsp/8160633778266953362.rsp
[ 815/1644  0s] WriteResponseFile Library/Bee/artifacts/rsp/1191125675877671024.rsp
[ 816/1644  0s] WriteResponseFile Library/Bee/artifacts/rsp/18365255511867171480.rsp
[ 817/1644  0s] WriteResponseFile Library/Bee/artifacts/rsp/7917304513136103991.rsp
[ 818/1644  0s] WriteResponseFile Library/Bee/artifacts/rsp/10756517099639384098.rsp
[ 819/1644  0s] WriteResponseFile Library/Bee/artifacts/rsp/12391268863132583056.rsp
[ 820/1644  0s] WriteResponseFile Library/Bee/artifacts/rsp/862228858913129562.rsp
[ 821/1644  0s] WriteResponseFile Library/Bee/artifacts/rsp/5147072719652273855.rsp
[ 822/1644  0s] WriteResponseFile Library/Bee/artifacts/rsp/11793066456053230617.rsp
[ 823/1644  0s] WriteResponseFile Library/Bee/artifacts/rsp/4992332091840867526.rsp
[ 824/1644  0s] WriteResponseFile Library/Bee/artifacts/rsp/4495572836693869671.rsp
[ 825/1644  0s] WriteResponseFile Library/Bee/artifacts/rsp/12244479590358847285.rsp
[ 826/1644  0s] WriteResponseFile Library/Bee/artifacts/rsp/7913233347246397287.rsp
[ 827/1644  0s] WriteResponseFile Library/Bee/artifacts/rsp/10280151241497969650.rsp
[ 828/1644  0s] WriteResponseFile Library/Bee/artifacts/rsp/17183149037825225594.rsp
[ 829/1644  0s] WriteResponseFile Library/Bee/artifacts/rsp/3667958637624612074.rsp
[ 830/1644  0s] WriteResponseFile Library/Bee/artifacts/rsp/17487438117723563502.rsp
[ 831/1644  0s] WriteResponseFile Library/Bee/artifacts/rsp/8299739285166830595.rsp
[ 832/1644  0s] WriteResponseFile Library/Bee/artifacts/rsp/7480027478895629309.rsp
[ 833/1644  0s] WriteResponseFile Library/Bee/artifacts/rsp/2280164839559588017.rsp
[ 834/1644  0s] WriteResponseFile Library/Bee/artifacts/rsp/2328560252820195396.rsp
[ 835/1644  0s] WriteResponseFile Library/Bee/artifacts/rsp/909421529371613712.rsp
[ 836/1644  0s] WriteResponseFile Library/Bee/artifacts/rsp/11130754485139705694.rsp
[ 837/1644  0s] WriteResponseFile Library/Bee/artifacts/rsp/5480968442609612319.rsp
[ 838/1644  0s] WriteResponseFile Library/Bee/artifacts/rsp/13384744696760241180.rsp
[ 839/1644  0s] WriteResponseFile Library/Bee/artifacts/rsp/17988470143670526433.rsp
[ 840/1644  0s] WriteResponseFile Library/Bee/artifacts/rsp/2123039382149407573.rsp
[ 841/1644  0s] WriteResponseFile Library/Bee/artifacts/rsp/8259271663070631083.rsp
[ 842/1644  0s] WriteResponseFile Library/Bee/artifacts/rsp/10769723696871697124.rsp
[ 843/1644  0s] WriteResponseFile Library/Bee/artifacts/rsp/7045246832102146154.rsp
[ 844/1644  0s] WriteResponseFile Library/Bee/artifacts/rsp/7307018743345469276.rsp
[ 845/1644  0s] WriteResponseFile Library/Bee/artifacts/rsp/15985480389207366606.rsp
[ 846/1644  0s] WriteResponseFile Library/Bee/artifacts/rsp/3700639767894506374.rsp
[ 847/1644  0s] WriteResponseFile Library/Bee/artifacts/rsp/16186684979044175686.rsp
[ 848/1644  0s] WriteResponseFile Library/Bee/artifacts/rsp/13382816160479536584.rsp
[ 849/1644  0s] WriteResponseFile Library/Bee/artifacts/rsp/4231056368997063253.rsp
[ 850/1644  0s] WriteResponseFile Library/Bee/artifacts/rsp/10783871755175974729.rsp
[ 851/1644  0s] WriteResponseFile Library/Bee/artifacts/rsp/12423361703144951130.rsp
[ 852/1644  0s] WriteResponseFile Library/Bee/artifacts/rsp/10790154314721026069.rsp
[ 853/1644  0s] WriteResponseFile Library/Bee/artifacts/rsp/13111862135879654926.rsp
[ 854/1644  0s] WriteResponseFile Library/Bee/artifacts/rsp/13937618220218904785.rsp
[ 855/1644  0s] WriteResponseFile Library/Bee/artifacts/rsp/13682376782780570807.rsp
[ 856/1644  0s] WriteResponseFile Library/Bee/artifacts/rsp/13367752273439125745.rsp
[ 857/1644  0s] WriteResponseFile Library/Bee/artifacts/rsp/10350836612437539011.rsp
[ 858/1644  0s] WriteResponseFile Library/Bee/artifacts/rsp/18171093248618435635.rsp
[ 859/1644  0s] WriteResponseFile Library/Bee/artifacts/rsp/15607649557060790178.rsp
[ 860/1644  0s] WriteResponseFile Library/Bee/artifacts/rsp/13283745091630919918.rsp
[ 861/1644  0s] WriteResponseFile Library/Bee/artifacts/rsp/2349787212995086999.rsp
[ 862/1644  0s] WriteResponseFile Library/Bee/artifacts/rsp/8482265139851380363.rsp
[ 863/1644  0s] WriteResponseFile Library/Bee/artifacts/rsp/3374092467779639547.rsp
[ 864/1644  0s] WriteResponseFile Library/Bee/artifacts/rsp/17278736735188021267.rsp
[ 865/1644  0s] WriteResponseFile Library/Bee/artifacts/rsp/2853590492422197269.rsp
[ 866/1644  0s] WriteResponseFile Library/Bee/artifacts/rsp/447114772576213250.rsp
[ 867/1644  0s] WriteResponseFile Library/Bee/artifacts/rsp/15112065493507149036.rsp
[ 868/1644  0s] MovedFromExtractor-Combine Library/Bee/artifacts/1900b0aEDbg.dag/UnityEditor.UI.dll.mvfrm
[ 868/1644  0s] Csc Library/Bee/artifacts/1900b0aEDbg.dag/UnityEditor.UI.dll (+2 others) [CacheHit c0905879ddd2a06c315b8094dd6e296f00000000000000000000000000000006]
[ 869/1644  0s] Csc Library/Bee/artifacts/1900b0aEDbg.dag/UnityEditor.UI.dll (+2 others)
[ 948/1644  0s] MovedFromExtractor-Combine Library/Bee/artifacts/1900b0aEDbg.dag/Unity.VisualScripting.Core.Editor.dll.mvfrm
[ 949/1644  0s] MovedFromExtractor-Combine Library/Bee/artifacts/1900b0aEDbg.dag/Unity.InternalAPIEditorBridge.ShaderGraph.Editor.dll.mvfrm
[ 950/1644  0s] MovedFromExtractor-Combine Library/Bee/artifacts/1900b0aEDbg.dag/Unity.AI.Navigation.Editor.ConversionSystem.dll.mvfrm
[ 951/1644  0s] MovedFromExtractor-Combine Library/Bee/artifacts/1900b0aEDbg.dag/Unity.Searcher.Editor.dll.mvfrm
[ 952/1644  0s] MovedFromExtractor-Combine Library/Bee/artifacts/1900b0aEDbg.dag/Unity.ShaderGraph.Utilities.dll.mvfrm
[ 953/1644  0s] MovedFromExtractor-Combine Library/Bee/artifacts/1900b0aEDbg.dag/Unity.PathTracing.Editor.dll.mvfrm
[ 952/1644  0s] Csc Library/Bee/artifacts/1900b0aEDbg.dag/Unity.AI.Navigation.Editor.ConversionSystem.dll (+2 others) [CacheHit 516ad0ba2c46b632c69efdf1e0159fcc00000000000000000000000000000006]
[ 954/1644  0s] Csc Library/Bee/artifacts/1900b0aEDbg.dag/Unity.AI.Navigation.Editor.ConversionSystem.dll (+2 others)
[ 954/1644  0s] Csc Library/Bee/artifacts/1900b0aEDbg.dag/Unity.Searcher.Editor.dll (+2 others) [CacheHit 6e0daae809b5f043b7dbc2f90d26522c00000000000000000000000000000006]
[ 957/1644  0s] Csc Library/Bee/artifacts/1900b0aEDbg.dag/Unity.Searcher.Editor.dll (+2 others)
[ 960/1644  0s] Csc Library/Bee/artifacts/1900b0aEDbg.dag/Unity.VisualScripting.Core.Editor.dll (+2 others) [CacheHit c816e1550efc58a5b37be91203c479a800000000000000000000000000000006]
[ 964/1644  0s] Csc Library/Bee/artifacts/1900b0aEDbg.dag/Unity.VisualScripting.Core.Editor.dll (+2 others)
[           0s] Csc Library/Bee/artifacts/1900b0aEDbg.dag/Unity.ShaderGraph.Utilities.dll (+2 others) [CacheMiss 303870d8d265bbe39c8f6610596b1f9400000000000000000000000000000006]
[           0s] Csc Library/Bee/artifacts/1900b0aEDbg.dag/Unity.InternalAPIEditorBridge.ShaderGraph.Editor.dll (+2 others) [CacheMiss 2003ea290bc7ea6ad97719e9acde3ca400000000000000000000000000000006]
[ 962/1644  0s] Csc Library/Bee/artifacts/1900b0aEDbg.dag/Unity.PathTracing.Editor.dll (+2 others) [CacheHit a228bbb768a8349c68909f9a562baa0900000000000000000000000000000006]
[ 967/1644  0s] Csc Library/Bee/artifacts/1900b0aEDbg.dag/Unity.PathTracing.Editor.dll (+2 others)
[ 970/1644  0s] MovedFromExtractor-Combine Library/Bee/artifacts/1900b0aEDbg.dag/Unity.Settings.Editor.dll.mvfrm
[ 971/1644  0s] MovedFromExtractor-Combine Library/Bee/artifacts/1900b0aEDbg.dag/Unity.EditorCoroutines.Editor.dll.mvfrm
[ 972/1644  0s] MovedFromExtractor-Combine Library/Bee/artifacts/1900b0aEDbg.dag/Unity.VisualScripting.Flow.Editor.dll.mvfrm
[ 973/1644  0s] MovedFromExtractor-Combine Library/Bee/artifacts/1900b0aEDbg.dag/Unity.RenderPipelines.Core.Editor.dll.mvfrm
[ 968/1644  0s] Csc Library/Bee/artifacts/1900b0aEDbg.dag/Unity.VisualScripting.Flow.Editor.dll (+2 others) [CacheHit 501576c9034b9321b51ec3fad1aa97a400000000000000000000000000000006]
[ 974/1644  0s] Csc Library/Bee/artifacts/1900b0aEDbg.dag/Unity.VisualScripting.Flow.Editor.dll (+2 others)
[ 969/1644  0s] Csc Library/Bee/artifacts/1900b0aEDbg.dag/Unity.EditorCoroutines.Editor.dll (+2 others) [CacheHit 0d2a9fcbad210a6dcadf639be8bbe7d500000000000000000000000000000006]
[ 976/1644  0s] Csc Library/Bee/artifacts/1900b0aEDbg.dag/Unity.EditorCoroutines.Editor.dll (+2 others)
[ 979/1644  0s] MovedFromExtractor-Combine Library/Bee/artifacts/1900b0aEDbg.dag/Unity.ProBuilder.AssetIdRemapUtility.dll.mvfrm
[ 972/1644  0s] Csc Library/Bee/artifacts/1900b0aEDbg.dag/Unity.Settings.Editor.dll (+2 others) [CacheHit 163d864211ff52ce43b374edf53b889200000000000000000000000000000006]
[ 980/1644  0s] Csc Library/Bee/artifacts/1900b0aEDbg.dag/Unity.Settings.Editor.dll (+2 others)
[ 974/1644  0s] Csc Library/Bee/artifacts/1900b0aEDbg.dag/Unity.RenderPipelines.Core.Editor.dll (+2 others) [CacheHit 5699df9cf9c8be795d94ae36451a91a900000000000000000000000000000006]
[ 983/1644  0s] Csc Library/Bee/artifacts/1900b0aEDbg.dag/Unity.RenderPipelines.Core.Editor.dll (+2 others)
[ 986/1644  0s] MovedFromExtractor-Combine Library/Bee/artifacts/1900b0aEDbg.dag/Unity.Mathematics.Editor.dll.mvfrm
[ 977/1644  0s] Csc Library/Bee/artifacts/1900b0aEDbg.dag/Unity.ProBuilder.AssetIdRemapUtility.dll (+2 others) [CacheHit a86e8c78a89a1793d98bdcde8c9f926d00000000000000000000000000000006]
[ 987/1644  0s] Csc Library/Bee/artifacts/1900b0aEDbg.dag/Unity.ProBuilder.AssetIdRemapUtility.dll (+2 others)
[1010/1644  1s] Csc Library/Bee/artifacts/1900b0aEDbg.dag/Unity.InternalAPIEditorBridge.ShaderGraph.Editor.dll (+2 others)
[1011/1644  1s] Csc Library/Bee/artifacts/1900b0aEDbg.dag/Unity.ShaderGraph.Utilities.dll (+2 others)
[ 999/1644  0s] Csc Library/Bee/artifacts/1900b0aEDbg.dag/Unity.Mathematics.Editor.dll (+2 others) [CacheHit 8fcdc028bda036b055bcc2f3e6a021f900000000000000000000000000000006]
[1012/1644  0s] Csc Library/Bee/artifacts/1900b0aEDbg.dag/Unity.Mathematics.Editor.dll (+2 others)
[1015/1644  0s] MovedFromExtractor-Combine Library/Bee/artifacts/1900b0aEDbg.dag/Unity.RenderPipelines.Core.Editor.Shared.dll.mvfrm
[1016/1644  0s] MovedFromExtractor-Combine Library/Bee/artifacts/1900b0aEDbg.dag/Unity.Burst.Editor.dll.mvfrm
[           0s] Csc Library/Bee/artifacts/1900b0aEDbg.dag/Unity.InternalAPIEditorBridge.ShaderGraph.Editor.dll (+2 others) [CacheWrite 2003ea290bc7ea6ad97719e9acde3ca400000000000000000000000000000006]
[           0s] Csc Library/Bee/artifacts/1900b0aEDbg.dag/Unity.ShaderGraph.Utilities.dll (+2 others) [CacheWrite 303870d8d265bbe39c8f6610596b1f9400000000000000000000000000000006]
[1004/1644  0s] Csc Library/Bee/artifacts/1900b0aEDbg.dag/Unity.RenderPipelines.Core.Editor.Shared.dll (+2 others) [CacheHit f3a650837b7720124a042161c12d803200000000000000000000000000000006]
[1017/1644  0s] Csc Library/Bee/artifacts/1900b0aEDbg.dag/Unity.RenderPipelines.Core.Editor.Shared.dll (+2 others)
[1009/1644  0s] Csc Library/Bee/artifacts/1900b0aEDbg.dag/Unity.Burst.Editor.dll (+2 others) [CacheHit 85f6a8b16185f08997670b7eb69ef50800000000000000000000000000000006]
[1022/1644  0s] Csc Library/Bee/artifacts/1900b0aEDbg.dag/Unity.Burst.Editor.dll (+2 others)
[1025/1644  0s] MovedFromExtractor-Combine Library/Bee/artifacts/1900b0aEDbg.dag/WaveHarmonic.Crest.dll.mvfrm
[1043/1644  0s] MovedFromExtractor-Combine Library/Bee/artifacts/1900b0aEDbg.dag/Unity.ProBuilder.Editor.dll.mvfrm
[1044/1644  0s] MovedFromExtractor-Combine Library/Bee/artifacts/1900b0aEDbg.dag/Unity.MemoryProfiler.Editor.dll.mvfrm
[1045/1644  0s] MovedFromExtractor-Combine Library/Bee/artifacts/1900b0aEDbg.dag/Den.Tools.Editor.dll.mvfrm
[1049/1644  1s] MovedFromExtractor-Combine Library/Bee/artifacts/1900b0aEDbg.dag/Unity.ShaderGraph.Editor.dll.mvfrm
[1050/1644  1s] MovedFromExtractor-Combine Library/Bee/artifacts/1900b0aEDbg.dag/Unity.VisualScripting.State.Editor.dll.mvfrm
[1051/1644  1s] MovedFromExtractor-Combine Library/Bee/artifacts/1900b0aEDbg.dag/Unity.AI.Navigation.Editor.dll.mvfrm
[1038/1644  0s] Csc Library/Bee/artifacts/1900b0aEDbg.dag/Unity.ProBuilder.Editor.dll (+2 others) [CacheHit 705071a51a5ec138581dcdc2c224500300000000000000000000000000000006]
[1052/1644  0s] Csc Library/Bee/artifacts/1900b0aEDbg.dag/Unity.ProBuilder.Editor.dll (+2 others)
[1045/1644  0s] Csc Library/Bee/artifacts/1900b0aEDbg.dag/Unity.MemoryProfiler.Editor.dll (+2 others) [CacheHit 82f1b13bb70788f4f6e2e5a76fa1832d00000000000000000000000000000006]
[1060/1644  0s] Csc Library/Bee/artifacts/1900b0aEDbg.dag/Unity.MemoryProfiler.Editor.dll (+2 others)
[1051/1644  0s] Csc Library/Bee/artifacts/1900b0aEDbg.dag/Unity.VisualScripting.State.Editor.dll (+2 others) [CacheHit 24f05688cfd9219e5e68444bc0ab44a300000000000000000000000000000006]
[1067/1644  0s] Csc Library/Bee/artifacts/1900b0aEDbg.dag/Unity.VisualScripting.State.Editor.dll (+2 others)
[           0s] Csc Library/Bee/artifacts/1900b0aEDbg.dag/Unity.ShaderGraph.Editor.dll (+2 others) [CacheMiss f2b90db69fd93d671838f7bd6db15d9a00000000000000000000000000000006]
[1057/1644  0s] Csc Library/Bee/artifacts/1900b0aEDbg.dag/Unity.AI.Navigation.Editor.dll (+2 others) [CacheHit f8445aaf28a8cd7b69b337edfd18db6000000000000000000000000000000006]
[1074/1644  0s] Csc Library/Bee/artifacts/1900b0aEDbg.dag/Unity.AI.Navigation.Editor.dll (+2 others)
[1079/1644  0s] MovedFromExtractor-Combine Library/Bee/artifacts/1900b0aEDbg.dag/PackageToolsEditor.dll.mvfrm
[1085/1644  0s] MovedFromExtractor-Combine Library/Bee/artifacts/1900b0aEDbg.dag/Unity.PlasticSCM.Editor.dll.mvfrm
[1086/1644  0s] MovedFromExtractor-Combine Library/Bee/artifacts/1900b0aEDbg.dag/MapMagic.Editor.dll.mvfrm
[1091/1644  0s] MovedFromExtractor-Combine Library/Bee/artifacts/1900b0aEDbg.dag/JBooth.MicroSplat.Core.Editor.dll.mvfrm
[1074/1644  0s] Csc Library/Bee/artifacts/1900b0aEDbg.dag/Unity.PlasticSCM.Editor.dll (+2 others) [CacheHit de5654e2cf8274496aecb573b07569c800000000000000000000000000000006]
[1092/1644  0s] Csc Library/Bee/artifacts/1900b0aEDbg.dag/Unity.PlasticSCM.Editor.dll (+2 others)
[           0s] Csc Library/Bee/artifacts/1900b0aEDbg.dag/JBooth.MicroSplat.Core.Editor.dll (+2 others) [CacheMiss bf992ada027dcd244b611549106a1a9400000000000000000000000000000006]
[1094/1644  0s] MovedFromExtractor-Combine Library/Bee/artifacts/1900b0aEDbg.dag/Unity.AI.Navigation.Updater.dll.mvfrm
[1097/1644  0s] MovedFromExtractor-Combine Library/Bee/artifacts/1900b0aEDbg.dag/Unity.VisualScripting.SettingsProvider.Editor.dll.mvfrm
[1098/1644  0s] MovedFromExtractor-Combine Library/Bee/artifacts/1900b0aEDbg.dag/UnityEditor.UI.Analytics.dll.mvfrm
[1100/1644  0s] MovedFromExtractor-Combine Library/Bee/artifacts/1900b0aEDbg.dag/Unity.Collections.Editor.dll.mvfrm
[1101/1644  0s] MovedFromExtractor-Combine Library/Bee/artifacts/1900b0aEDbg.dag/Unity.SharpZipLib.Editor.dll.mvfrm
[1103/1644  0s] MovedFromExtractor-Combine Library/Bee/artifacts/1900b0aEDbg.dag/Unity.Rendering.LightTransport.Editor.dll.mvfrm
[1105/1644  0s] MovedFromExtractor-Combine Library/Bee/artifacts/1900b0aEDbg.dag/Unity.2D.Sprite.Editor.dll.mvfrm
[1106/1644  0s] MovedFromExtractor-Combine Library/Bee/artifacts/1900b0aEDbg.dag/Unity.TextMeshPro.Editor.dll.mvfrm
[1107/1644  0s] MovedFromExtractor-Combine Library/Bee/artifacts/1900b0aEDbg.dag/Unity.VisualScripting.Shared.Editor.dll.mvfrm
[1108/1644  4s] Csc Library/Bee/artifacts/1900b0aEDbg.dag/PackageToolsEditor.dll (+2 others)
[1109/1644  0s] MovedFromExtractor-Combine Library/Bee/artifacts/1900b0aEDbg.dag/Unity.MemoryProfiler.Editor.MemoryProfilerModule.dll.mvfrm
[1091/1644  0s] Csc Library/Bee/artifacts/1900b0aEDbg.dag/Unity.MemoryProfiler.Editor.MemoryProfilerModule.dll (+2 others) [CacheHit 49394258bf08c6a5c89b8ddcc53a7e4e00000000000000000000000000000006]
[1110/1644  0s] Csc Library/Bee/artifacts/1900b0aEDbg.dag/Unity.MemoryProfiler.Editor.MemoryProfilerModule.dll (+2 others)
[1112/1644  0s] MovedFromExtractor-Combine Library/Bee/artifacts/1900b0aEDbg.dag/Unity.Timeline.Editor.dll.mvfrm
[1093/1644  0s] Csc Library/Bee/artifacts/1900b0aEDbg.dag/Unity.Rendering.LightTransport.Editor.dll (+2 others) [CacheHit 911929dfb981d17732b0aa1950eecdcd00000000000000000000000000000006]
[1113/1644  0s] Csc Library/Bee/artifacts/1900b0aEDbg.dag/Unity.Rendering.LightTransport.Editor.dll (+2 others)
[1094/1644  0s] Csc Library/Bee/artifacts/1900b0aEDbg.dag/Unity.Timeline.Editor.dll (+2 others) [CacheHit 9e6ed3d5a6e0cce16643db3b235a55c900000000000000000000000000000006]
[1115/1644  0s] Csc Library/Bee/artifacts/1900b0aEDbg.dag/Unity.Timeline.Editor.dll (+2 others)
[1117/1644  0s] MovedFromExtractor-Combine Library/Bee/artifacts/1900b0aEDbg.dag/Unity.ProBuilder.AddOns.Editor.dll.mvfrm
[1096/1644  0s] Csc Library/Bee/artifacts/1900b0aEDbg.dag/Unity.AI.Navigation.Updater.dll (+2 others) [CacheHit afb38ff23cf4a13cbee120035c270b7400000000000000000000000000000006]
[1118/1644  0s] Csc Library/Bee/artifacts/1900b0aEDbg.dag/Unity.AI.Navigation.Updater.dll (+2 others)
[1099/1644  0s] Csc Library/Bee/artifacts/1900b0aEDbg.dag/UnityEditor.UI.Analytics.dll (+2 others) [CacheHit f115231bfce916c08f6ac43b63fa0cca00000000000000000000000000000006]
[1122/1644  0s] Csc Library/Bee/artifacts/1900b0aEDbg.dag/UnityEditor.UI.Analytics.dll (+2 others)
[1125/1644  4s] Csc Library/Bee/artifacts/1900b0aEDbg.dag/JBooth.MicroSplat.Core.Editor.dll (+2 others)
Packages\com.jbooth.microsplat.core\Scripts\Editor\MicroSplatCompressor.cs(80,118): warning CS0618: 'FindObjectsSortMode' is obsolete: 'FindObjectsSortMode has been deprecated. Use the FindObjectsByType overloads that do not take a FindObjectsSortMode parameter.'

Packages\com.jbooth.microsplat.core\Scripts\Editor\MicroSplatCompressor.cs(80,42): warning CS0618: 'Object.FindObjectsByType<T>(FindObjectsInactive, FindObjectsSortMode)' is obsolete: 'FindObjectsByType with FindObjectsSortMode parameter has been deprecated. Use FindObjectsByType<T>() or FindObjectsByType<T>(FindObjectsInactive) instead. InstanceID will be replaced in the future with EntityId and previous sort order cannot be maintained.'

Packages\com.jbooth.microsplat.core\Scripts\Editor\MicroSplatCompressor.cs(93,118): warning CS0618: 'FindObjectsSortMode' is obsolete: 'FindObjectsSortMode has been deprecated. Use the FindObjectsByType overloads that do not take a FindObjectsSortMode parameter.'

Packages\com.jbooth.microsplat.core\Scripts\Editor\MicroSplatCompressor.cs(93,42): warning CS0618: 'Object.FindObjectsByType<T>(FindObjectsInactive, FindObjectsSortMode)' is obsolete: 'FindObjectsByType with FindObjectsSortMode parameter has been deprecated. Use FindObjectsByType<T>() or FindObjectsByType<T>(FindObjectsInactive) instead. InstanceID will be replaced in the future with EntityId and previous sort order cannot be maintained.'
[1101/1644  0s] Csc Library/Bee/artifacts/1900b0aEDbg.dag/Unity.ProBuilder.AddOns.Editor.dll (+2 others) [CacheHit 378db27edf9728526e0dab673946391c00000000000000000000000000000006]
[1126/1644  0s] Csc Library/Bee/artifacts/1900b0aEDbg.dag/Unity.ProBuilder.AddOns.Editor.dll (+2 others)
[1102/1644  0s] Csc Library/Bee/artifacts/1900b0aEDbg.dag/Unity.VisualScripting.SettingsProvider.Editor.dll (+2 others) [CacheHit 7d63411b2fc6263ea39db5b73c502f9200000000000000000000000000000006]
[1128/1644  0s] Csc Library/Bee/artifacts/1900b0aEDbg.dag/Unity.VisualScripting.SettingsProvider.Editor.dll (+2 others)
[1105/1644  0s] Csc Library/Bee/artifacts/1900b0aEDbg.dag/Unity.Collections.Editor.dll (+2 others) [CacheHit bec89f80bec52a17bb52cd702cfb050700000000000000000000000000000006]
[1132/1644  0s] Csc Library/Bee/artifacts/1900b0aEDbg.dag/Unity.Collections.Editor.dll (+2 others)
[1106/1644  0s] Csc Library/Bee/artifacts/1900b0aEDbg.dag/Unity.SharpZipLib.Editor.dll (+2 others) [CacheHit eeb45390e1aeb1f2a2d233b1c1e4e64c00000000000000000000000000000006]
[1134/1644  0s] Csc Library/Bee/artifacts/1900b0aEDbg.dag/Unity.SharpZipLib.Editor.dll (+2 others)
[           0s] Csc Library/Bee/artifacts/1900b0aEDbg.dag/JBooth.MicroSplat.Core.Editor.dll (+2 others) [CacheWrite bf992ada027dcd244b611549106a1a9400000000000000000000000000000006]
[1108/1644  0s] Csc Library/Bee/artifacts/1900b0aEDbg.dag/Unity.TextMeshPro.Editor.dll (+2 others) [CacheHit 6c94c453b0a43e5ee097ede1fd6d056600000000000000000000000000000006]
[1136/1644  0s] Csc Library/Bee/artifacts/1900b0aEDbg.dag/Unity.TextMeshPro.Editor.dll (+2 others)
[1109/1644  0s] Csc Library/Bee/artifacts/1900b0aEDbg.dag/Unity.2D.Sprite.Editor.dll (+2 others) [CacheHit 831f1ac117bcd5091ca1df6156ee9efb00000000000000000000000000000006]
[1138/1644  0s] Csc Library/Bee/artifacts/1900b0aEDbg.dag/Unity.2D.Sprite.Editor.dll (+2 others)
[1111/1644  0s] Csc Library/Bee/artifacts/1900b0aEDbg.dag/Unity.VisualScripting.Shared.Editor.dll (+2 others) [CacheHit 8d4dd3d68fa20bc8147fba35d0185a6800000000000000000000000000000006]
[1141/1644  0s] Csc Library/Bee/artifacts/1900b0aEDbg.dag/Unity.VisualScripting.Shared.Editor.dll (+2 others)
[1144/1644  0s] MovedFromExtractor-Combine Library/Bee/artifacts/1900b0aEDbg.dag/EasySave3Editor.dll.mvfrm
[1145/1644  0s] MovedFromExtractor-Combine Library/Bee/artifacts/1900b0aEDbg.dag/AmplifyImpostors.Editor.dll.mvfrm
[1146/1644  0s] MovedFromExtractor-Combine Library/Bee/artifacts/1900b0aEDbg.dag/Lofelt.NiceVibrations.Editor.dll.mvfrm
[1147/1644  0s] MovedFromExtractor-Combine Library/Bee/artifacts/1900b0aEDbg.dag/MoreMountains.Tools.Editor.dll.mvfrm
[1148/1644 11s] Csc Library/Bee/artifacts/1900b0aEDbg.dag/MoreMountains.Tools.dll (+2 others)
Assets\Feel\MMTools\Tools\MMPhysics\MMRigidbodyInterface.cs(121,13): warning CS0618: 'Rigidbody2D.isKinematic' is obsolete: 'isKinematic has been deprecated. Please use bodyType.'

Assets\Feel\MMTools\Tools\MMPhysics\MMRigidbodyInterface.cs(253,5): warning CS0618: 'Rigidbody2D.isKinematic' is obsolete: 'isKinematic has been deprecated. Please use bodyType.'

Assets\Feel\MMTools\Tools\MMHelpers\MMDebug.cs(563,41): warning CS0618: 'Object.FindObjectOfType(Type)' is obsolete: 'Object.FindObjectOfType has been deprecated. Use Object.FindFirstObjectByType instead or if finding any instance is acceptable the faster Object.FindAnyObjectByType'
[1149/1644  0s] MovedFromExtractor-Combine Library/Bee/artifacts/1900b0aEDbg.dag/VolumetricLightBeam.Editor.dll.mvfrm
[1151/1644  7s] Csc Library/Bee/artifacts/1900b0aEDbg.dag/Den.Tools.Editor.dll (+2 others)
[1152/1644  0s] MovedFromExtractor-Combine Library/Bee/artifacts/1900b0aEDbg.dag/MapMagic.MicroSplat.Editor.dll.mvfrm
[1153/1644  0s] MovedFromExtractor-Combine Library/Bee/artifacts/1900b0aEDbg.dag/GPUInstancer.Editor.dll.mvfrm
[1154/1644  1s] MovedFromExtractor-Combine Library/Bee/artifacts/1900b0aEDbg.dag/MCPForUnity.Editor.dll.mvfrm
[1156/1644  2s] MovedFromExtractor-Combine Library/Bee/artifacts/1900b0aEDbg.dag/Tayx.Graphy.Editor.dll.mvfrm
[1157/1644  1s] MovedFromExtractor-Combine Library/Bee/artifacts/1900b0aEDbg.dag/BakeryEditorAssembly.dll.mvfrm
[1158/1644  1s] MovedFromExtractor-Combine Library/Bee/artifacts/1900b0aEDbg.dag/AstarPathfindingProjectEditor.dll.mvfrm
[1159/1644  2s] MovedFromExtractor-Combine Library/Bee/artifacts/1900b0aEDbg.dag/Crest.Helpers.Editor.dll.mvfrm
[1160/1644  2s] MovedFromExtractor-Combine Library/Bee/artifacts/1900b0aEDbg.dag/MeshBakerEditor.dll.mvfrm
[1162/1644  2s] MovedFromExtractor-Combine Library/Bee/artifacts/1900b0aEDbg.dag/Sirenix.OdinInspector.Modules.UnityMathematics.dll.mvfrm
[1163/1644  2s] MovedFromExtractor-Combine Library/Bee/artifacts/1900b0aEDbg.dag/MoreMountains.Feedbacks.Editor.dll.mvfrm
[1164/1644  1s] MovedFromExtractor-Combine Library/Bee/artifacts/1900b0aEDbg.dag/Hecton8.Editor.dll.mvfrm
[1165/1644  4s] Csc Library/Bee/artifacts/1900b0aEDbg.dag/Sirenix.OdinInspector.Modules.UnityMathematics.dll (+2 others)
[1166/1644  5s] Csc Library/Bee/artifacts/1900b0aEDbg.dag/Crest.Helpers.Editor.dll (+2 others)
[1167/1644  5s] Csc Library/Bee/artifacts/1900b0aEDbg.dag/AstarPathfindingProjectEditor.dll (+2 others)
Assets\AstarPathfindingProject\Editor\AIBaseEditor.cs(116,131): warning CS0618: 'Rigidbody2D.isKinematic' is obsolete: 'isKinematic has been deprecated. Please use bodyType.'

Assets\AstarPathfindingProject\Editor\AstarUpdateChecker.cs(213,63): warning CS0618: 'Object.FindObjectOfType(Type)' is obsolete: 'Object.FindObjectOfType has been deprecated. Use Object.FindFirstObjectByType instead or if finding any instance is acceptable the faster Object.FindAnyObjectByType'

Assets\AstarPathfindingProject\Editor\AstarUpdateChecker.cs(215,19): warning CS0618: 'Object.FindObjectOfType(Type)' is obsolete: 'Object.FindObjectOfType has been deprecated. Use Object.FindFirstObjectByType instead or if finding any instance is acceptable the faster Object.FindAnyObjectByType'

Assets\AstarPathfindingProject\Editor\GraphEditors\GridGeneratorEditor.cs(128,20): warning CS0618: 'Object.FindObjectsOfType<T>()' is obsolete: 'Object.FindObjectsOfType has been deprecated. Use Object.FindObjectsByType instead which lets you decide whether you need the results sorted or not.  FindObjectsOfType sorts the results by InstanceID but if you do not need this using FindObjectSortMode.None is considerably faster.'
[           0s] Csc Library/Bee/artifacts/1900b0aEDbg.dag/MCPForUnity.Editor.dll (+2 others) [CacheMiss e80533bb474d93d2f43aa42aebbd563d00000000000000000000000000000006]
[1169/1644  7s] Csc Library/Bee/artifacts/1900b0aEDbg.dag/MeshBakerEditor.dll (+2 others)
Assets\MeshBaker\Editor\MB3_MBVersionConcreteEditor.cs(211,46): warning CS0618: 'TextureImporterFormat.PVRTC_RGB2' is obsolete: 'Texture compression format PVRTC has been deprecated and will be removed in a future release'

Assets\MeshBaker\Editor\MB3_MBVersionConcreteEditor.cs(212,46): warning CS0618: 'TextureImporterFormat.PVRTC_RGB4' is obsolete: 'Texture compression format PVRTC has been deprecated and will be removed in a future release'

Assets\MeshBaker\Editor\MB3_MBVersionConcreteEditor.cs(213,46): warning CS0618: 'TextureImporterFormat.PVRTC_RGBA2' is obsolete: 'Texture compression format PVRTC has been deprecated and will be removed in a future release'

Assets\MeshBaker\Editor\MB3_MBVersionConcreteEditor.cs(214,46): warning CS0618: 'TextureImporterFormat.PVRTC_RGBA4' is obsolete: 'Texture compression format PVRTC has been deprecated and will be removed in a future release'

Assets\MeshBaker\Editor\MB3_MBVersionConcreteEditor.cs(454,22): warning CS0618: 'TextureFormat.PVRTC_RGB2' is obsolete: 'Texture compression format PVRTC has been deprecated and will be removed in a future release'

Assets\MeshBaker\Editor\MB3_MBVersionConcreteEditor.cs(455,41): warning CS0618: 'TextureImporterFormat.PVRTC_RGB2' is obsolete: 'Texture compression format PVRTC has been deprecated and will be removed in a future release'

Assets\MeshBaker\Editor\MB3_MBVersionConcreteEditor.cs(457,22): warning CS0618: 'TextureFormat.PVRTC_RGB4' is obsolete: 'Texture compression format PVRTC has been deprecated and will be removed in a future release'

Assets\MeshBaker\Editor\MB3_MBVersionConcreteEditor.cs(458,41): warning CS0618: 'TextureImporterFormat.PVRTC_RGB4' is obsolete: 'Texture compression format PVRTC has been deprecated and will be removed in a future release'

Assets\MeshBaker\Editor\MB3_MBVersionConcreteEditor.cs(460,22): warning CS0618: 'TextureFormat.PVRTC_RGBA2' is obsolete: 'Texture compression format PVRTC has been deprecated and will be removed in a future release'

Assets\MeshBaker\Editor\MB3_MBVersionConcreteEditor.cs(461,41): warning CS0618: 'TextureImporterFormat.PVRTC_RGBA2' is obsolete: 'Texture compression format PVRTC has been deprecated and will be removed in a future release'

Assets\MeshBaker\Editor\MB3_MBVersionConcreteEditor.cs(463,22): warning CS0618: 'TextureFormat.PVRTC_RGBA4' is obsolete: 'Texture compression format PVRTC has been deprecated and will be removed in a future release'

Assets\MeshBaker\Editor\MB3_MBVersionConcreteEditor.cs(464,41): warning CS0618: 'TextureImporterFormat.PVRTC_RGBA4' is obsolete: 'Texture compression format PVRTC has been deprecated and will be removed in a future release'

Assets\MeshBaker\Editor\MB3_MeshBakerEditorWindowAddObjectsTab.cs(487,71): warning CS0618: 'Object.GetInstanceID()' is obsolete: 'GetInstanceID is deprecated. Use GetEntityId instead. This will be removed in a future version.'

Assets\MeshBaker\Editor\MB3_MeshBakerEditorWindowAddObjectsTab.cs(490,62): warning CS0618: 'Object.GetInstanceID()' is obsolete: 'GetInstanceID is deprecated. Use GetEntityId instead. This will be removed in a future version.'

Assets\MeshBaker\Editor\MB3_MeshBakerEditorWindowAnalyseSceneTab.cs(475,62): warning CS0618: 'Object.GetInstanceID()' is obsolete: 'GetInstanceID is deprecated. Use GetEntityId instead. This will be removed in a future version.'

Assets\MeshBaker\Editor\MB3_MeshBakerEditorWindowAnalyseSceneTab.cs(482,53): warning CS0618: 'Object.GetInstanceID()' is obsolete: 'GetInstanceID is deprecated. Use GetEntityId instead. This will be removed in a future version.'

Assets\MeshBaker\Editor\MB_TextureBakerEditorConfigureMultiMaterials.cs(321,62): warning CS0618: 'Object.GetInstanceID()' is obsolete: 'GetInstanceID is deprecated. Use GetEntityId instead. This will be removed in a future version.'

Assets\MeshBaker\Editor\MB_TextureBakerEditorConfigureMultiMaterials.cs(328,53): warning CS0618: 'Object.GetInstanceID()' is obsolete: 'GetInstanceID is deprecated. Use GetEntityId instead. This will be removed in a future version.'

Assets\MeshBaker\Editor\MB3_MeshBakerEditorInternal.cs(290,37): warning CS0618: 'Object.GetInstanceID()' is obsolete: 'GetInstanceID is deprecated. Use GetEntityId instead. This will be removed in a future version.'

Assets\MeshBaker\Editor\MB3_MeshBakerEditorInternal.cs(389,37): warning CS0618: 'Object.GetInstanceID()' is obsolete: 'GetInstanceID is deprecated. Use GetEntityId instead. This will be removed in a future version.'
[1170/1644 12s] Csc Library/Bee/artifacts/1900b0aEDbg.dag/MapMagic.Editor.dll (+2 others)
Assets\MapMagic\Brush\Editor\BrushGraphTemplate.cs(31,37): warning CS0618: 'EndNameEditAction' is obsolete: 'EndNameEditAction is obsolete. Use AssetCreationEndAction that uses EntityId instead of int for instance IDs.'

Assets\MapMagic\Nodes\Editor\GraphTemplates.cs(31,32): warning CS0618: 'EndNameEditAction' is obsolete: 'EndNameEditAction is obsolete. Use AssetCreationEndAction that uses EntityId instead of int for instance IDs.'

Assets\MapMagic\Brush\Editor\BrushGraphTemplate.cs(24,5): warning CS0618: 'ProjectWindowUtil.StartNameEditingIfProjectWindowExists(int, EndNameEditAction, string, Texture2D, string)' is obsolete: 'StartNameEditingIfProjectWindowExists(int, EndNameEditAction, string, Texture2D, string) is obsolete. Use StartNameEditingIfProjectWindowExists(EntityId, AssetCreationEndAction, string, Texture2D, string) instead.'

Assets\MapMagic\Nodes\Editor\GraphTemplates.cs(24,5): warning CS0618: 'ProjectWindowUtil.StartNameEditingIfProjectWindowExists(int, EndNameEditAction, string, Texture2D, string)' is obsolete: 'StartNameEditingIfProjectWindowExists(int, EndNameEditAction, string, Texture2D, string) is obsolete. Use StartNameEditingIfProjectWindowExists(EntityId, AssetCreationEndAction, string, Texture2D, string) instead.'

Assets\MapMagic\Core\Editor\MapMagicInspector.cs(686,27): warning CS0618: 'PlayerSettings.GetScriptingDefineSymbolsForGroup(BuildTargetGroup)' is obsolete: 'Use GetScriptingDefineSymbols(NamedBuildTarget buildTarget) instead'

Assets\MapMagic\Core\Editor\MapMagicInspector.cs(699,27): warning CS0618: 'PlayerSettings.GetScriptingDefineSymbolsForGroup(BuildTargetGroup)' is obsolete: 'Use GetScriptingDefineSymbols(NamedBuildTarget buildTarget) instead'

Assets\MapMagic\Core\Editor\MapMagicInspector.cs(711,4): warning CS0618: 'PlayerSettings.SetScriptingDefineSymbolsForGroup(BuildTargetGroup, string)' is obsolete: 'Use SetScriptingDefineSymbols(NamedBuildTarget buildTarget, string defines) instead'

Assets\MapMagic\Brush\Editor\BrushInspector.cs(262,32): warning CS0618: 'Object.FindObjectsOfType<T>()' is obsolete: 'Object.FindObjectsOfType has been deprecated. Use Object.FindObjectsByType instead which lets you decide whether you need the results sorted or not.  FindObjectsOfType sorts the results by InstanceID but if you do not need this using FindObjectSortMode.None is considerably faster.'

Assets\MapMagic\Nodes\Editor\GraphWindow.cs(1153,30): warning CS0618: 'EditorUtility.InstanceIDToObject(int)' is obsolete: 'InstanceIDToObject(int) is obsolete. Use EditorUtility.EntityIdToObject instead.'
[1171/1644  2s] Csc Library/Bee/artifacts/1900b0aEDbg.dag/Tayx.Graphy.Editor.dll (+2 others)
[1172/1644  1s] Csc Library/Bee/artifacts/1900b0aEDbg.dag/MapMagic.MicroSplat.Editor.dll (+2 others)
[1173/1644 15s] Csc Library/Bee/artifacts/1900b0aEDbg.dag/MoreMountains.Feedbacks.dll (+2 others)
[1174/1644  6s] Csc Library/Bee/artifacts/1900b0aEDbg.dag/GPUInstancer.Editor.dll (+2 others)
Assets\GPUInstancer\Scripts\Editor\GPUInstancerDefines.cs(41,56): warning CS0618: 'PlayerSettings.GetScriptingDefineSymbolsForGroup(BuildTargetGroup)' is obsolete: 'Use GetScriptingDefineSymbols(NamedBuildTarget buildTarget) instead'

Assets\GPUInstancer\Scripts\Editor\GPUInstancerDefines.cs(46,17): warning CS0618: 'PlayerSettings.SetScriptingDefineSymbolsForGroup(BuildTargetGroup, string)' is obsolete: 'Use SetScriptingDefineSymbols(NamedBuildTarget buildTarget, string defines) instead'

Assets\GPUInstancer\Scripts\Editor\PackageImporter\GPUIPackageImporter.cs(48,34): warning CS0618: 'PlayerSettings.GetScriptingDefineSymbolsForGroup(BuildTargetGroup)' is obsolete: 'Use GetScriptingDefineSymbols(NamedBuildTarget buildTarget) instead'
[1175/1644 25s] Csc Library/Bee/artifacts/1900b0aEDbg.dag/Unity.ShaderGraph.Editor.dll (+2 others)
[1176/1644  4s] Csc Library/Bee/artifacts/1900b0aEDbg.dag/VolumetricLightBeam.Editor.dll (+2 others)
[           1s] Csc Library/Bee/artifacts/1900b0aEDbg.dag/Unity.ShaderGraph.Editor.dll (+2 others) [CacheWrite f2b90db69fd93d671838f7bd6db15d9a00000000000000000000000000000006]
[1177/1644 31s] ILPP-Configuration Library/ilpp-configuration.nevergeneratedoutput
[1178/1644  5s] Csc Library/Bee/artifacts/1900b0aEDbg.dag/MoreMountains.Tools.Editor.dll (+2 others)
Assets\Feel\MMTools\Editor\MMAttributes\MMMonoBehaviourDrawer.cs(72,124): warning CS0618: 'Object.GetInstanceID()' is obsolete: 'GetInstanceID is deprecated. Use GetEntityId instead. This will be removed in a future version.'

Assets\Feel\MMTools\Editor\MMAttributes\MMMonoBehaviourDrawer.cs(133,102): warning CS0618: 'Object.GetInstanceID()' is obsolete: 'GetInstanceID is deprecated. Use GetEntityId instead. This will be removed in a future version.'
[1180/1644  1s] MovedFromExtractor-Combine Library/Bee/artifacts/1900b0aEDbg.dag/Unity.RenderPipelines.Universal.Editor.dll.mvfrm
[1181/1644  1s] MovedFromExtractor-Combine Library/Bee/artifacts/1900b0aEDbg.dag/WaveHarmonic.Crest.Shared.Editor.dll.mvfrm
[           0s] Csc Library/Bee/artifacts/1900b0aEDbg.dag/WaveHarmonic.Crest.Shared.Editor.dll (+2 others) [CacheMiss 892f6d2194e7e1ce80282898194af06700000000000000000000000000000006]
[           1s] Csc Library/Bee/artifacts/1900b0aEDbg.dag/Unity.RenderPipelines.Universal.Editor.dll (+2 others) [CacheMiss ea2f4fcd7e7038a61e47f04e5ec1c12100000000000000000000000000000006]
[1182/1644  4s] Csc Library/Bee/artifacts/1900b0aEDbg.dag/MoreMountains.Feedbacks.Cinemachine.dll (+2 others)
[1183/1644  5s] Csc Library/Bee/artifacts/1900b0aEDbg.dag/MoreMountains.Feedbacks.HDRP.dll (+2 others)
[1184/1644  9s] Csc Library/Bee/artifacts/1900b0aEDbg.dag/MoreMountains.Feedbacks.MMTools.dll (+2 others)
[1185/1644 16s] Csc Library/Bee/artifacts/1900b0aEDbg.dag/BakeryEditorAssembly.dll (+2 others)
Assets\Editor\x64\Bakery\scripts\ftDefine.cs(27,23): warning CS0618: 'PlayerSettings.GetScriptingDefineSymbolsForGroup(BuildTargetGroup)' is obsolete: 'Use GetScriptingDefineSymbols(NamedBuildTarget buildTarget) instead'

Assets\Editor\x64\Bakery\scripts\ftDefine.cs(32,13): warning CS0618: 'PlayerSettings.SetScriptingDefineSymbolsForGroup(BuildTargetGroup, string)' is obsolete: 'Use SetScriptingDefineSymbols(NamedBuildTarget buildTarget, string defines) instead'

Assets\Editor\x64\Bakery\scripts\ftLightMeshInspector.cs(76,48): warning CS0618: 'Object.GetInstanceID()' is obsolete: 'GetInstanceID is deprecated. Use GetEntityId instead. This will be removed in a future version.'

Assets\Editor\x64\Bakery\scripts\ftSkyLightInspector.cs(59,48): warning CS0618: 'Object.GetInstanceID()' is obsolete: 'GetInstanceID is deprecated. Use GetEntityId instead. This will be removed in a future version.'

Assets\Editor\x64\Bakery\scripts\ftPointLightInspector.cs(383,48): warning CS0618: 'Object.GetInstanceID()' is obsolete: 'GetInstanceID is deprecated. Use GetEntityId instead. This will be removed in a future version.'
[1186/1644  5s] Csc Library/Bee/artifacts/1900b0aEDbg.dag/MoreMountains.Feedbacks.PostProcessing.dll (+2 others)
[1187/1644  0s] MovedFromExtractor-Combine Library/Bee/artifacts/1900b0aEDbg.dag/Unity.RenderPipelines.Universal.2D.Editor.Overrides.dll.mvfrm
[1188/1644  4s] Csc Library/Bee/artifacts/1900b0aEDbg.dag/WaveHarmonic.Crest.Shared.Editor.dll (+2 others)
[           0s] Csc Library/Bee/artifacts/1900b0aEDbg.dag/Unity.RenderPipelines.Universal.2D.Editor.Overrides.dll (+2 others) [CacheMiss 8148215a4857755c64dd0d50fb906ce300000000000000000000000000000006]
[           0s] Csc Library/Bee/artifacts/1900b0aEDbg.dag/WaveHarmonic.Crest.Shared.Editor.dll (+2 others) [CacheWrite 892f6d2194e7e1ce80282898194af06700000000000000000000000000000006]
[1189/1644  4s] Csc Library/Bee/artifacts/1900b0aEDbg.dag/MoreMountains.Feedbacks.NiceVibrations.dll (+2 others)
[1159/1644  0s] Csc Library/Bee/artifacts/1900b0aEDbg.dag/WaveHarmonic.Crest.dll (+2 others) [CacheHit 6f12430b315ab76b44042e7fc58277a800000000000000000000000000000006]
[1190/1644  0s] Csc Library/Bee/artifacts/1900b0aEDbg.dag/WaveHarmonic.Crest.dll (+2 others)
Packages\com.waveharmonic.crest\Runtime\Scripts\WaterRenderer.Universal.cs(169,64): warning CS0618: 'RenderGraphSettings' is obsolete: 'These settings are not used. #from(6000.4)'


Packages\com.waveharmonic.crest\Runtime\Scripts\WaterRenderer.Universal.cs(169,21): warning CS0618: 'RenderGraphSettings.enableRenderCompatibilityMode' is obsolete: 'This property is not used. #from(6000.4)'
Packages\com.waveharmonic.crest\Runtime\Scripts\WaterRenderer.Universal.cs(169,64): warning CS0618: 'RenderGraphSettings' is obsolete: 'These settings are not used. #from(6000.4)'


Packages\com.waveharmonic.crest\Runtime\Scripts\WaterRenderer.Universal.cs(169,21): warning CS0618: 'RenderGraphSettings.enableRenderCompatibilityMode' is obsolete: 'This property is not used. #from(6000.4)'
[1192/1644 17s] Csc Library/Bee/artifacts/1900b0aEDbg.dag/MCPForUnity.Editor.dll (+2 others)
Packages\com.coplaydev.unity-mcp\Editor\Helpers\GameObjectLookup.cs(73,51): warning CS0618: 'EntityId.implicit operator EntityId(int)' is obsolete: 'EntityId will not be representable by an int in the future. This casting operator will be removed in a future version.'

Packages\com.coplaydev.unity-mcp\Editor\Helpers\GameObjectLookup.cs(158,42): warning CS0618: 'Object.GetInstanceID()' is obsolete: 'GetInstanceID is deprecated. Use GetEntityId instead. This will be removed in a future version.'

Packages\com.coplaydev.unity-mcp\Editor\Helpers\GameObjectLookup.cs(173,38): warning CS0618: 'Object.GetInstanceID()' is obsolete: 'GetInstanceID is deprecated. Use GetEntityId instead. This will be removed in a future version.'

Packages\com.coplaydev.unity-mcp\Editor\Helpers\GameObjectLookup.cs(190,38): warning CS0618: 'Object.GetInstanceID()' is obsolete: 'GetInstanceID is deprecated. Use GetEntityId instead. This will be removed in a future version.'

Packages\com.coplaydev.unity-mcp\Editor\Helpers\GameObjectLookup.cs(200,34): warning CS0618: 'Object.GetInstanceID()' is obsolete: 'GetInstanceID is deprecated. Use GetEntityId instead. This will be removed in a future version.'

Packages\com.coplaydev.unity-mcp\Editor\Helpers\GameObjectLookup.cs(233,30): warning CS0618: 'Object.GetInstanceID()' is obsolete: 'GetInstanceID is deprecated. Use GetEntityId instead. This will be removed in a future version.'

Packages\com.coplaydev.unity-mcp\Editor\Helpers\GameObjectSerializer.cs(31,30): warning CS0618: 'Object.GetInstanceID()' is obsolete: 'GetInstanceID is deprecated. Use GetEntityId instead. This will be removed in a future version.'

Packages\com.coplaydev.unity-mcp\Editor\Helpers\GameObjectSerializer.cs(91,56): warning CS0618: 'Object.GetInstanceID()' is obsolete: 'GetInstanceID is deprecated. Use GetEntityId instead. This will be removed in a future version.'

Packages\com.coplaydev.unity-mcp\Editor\Helpers\GameObjectLookup.cs(257,30): warning CS0618: 'Object.GetInstanceID()' is obsolete: 'GetInstanceID is deprecated. Use GetEntityId instead. This will be removed in a future version.'

Packages\com.coplaydev.unity-mcp\Editor\Helpers\GameObjectLookup.cs(277,34): warning CS0618: 'Object.GetInstanceID()' is obsolete: 'GetInstanceID is deprecated. Use GetEntityId instead. This will be removed in a future version.'

Packages\com.coplaydev.unity-mcp\Editor\Resources\Editor\Windows.cs(42,42): warning CS0618: 'Object.GetInstanceID()' is obsolete: 'GetInstanceID is deprecated. Use GetEntityId instead. This will be removed in a future version.'

Packages\com.coplaydev.unity-mcp\Editor\Helpers\GameObjectSerializer.cs(147,33): warning CS0618: 'Object.GetInstanceID()' is obsolete: 'GetInstanceID is deprecated. Use GetEntityId instead. This will be removed in a future version.'

Packages\com.coplaydev.unity-mcp\Editor\Helpers\ComponentOps.cs(968,92): warning CS0618: 'Object.GetInstanceID()' is obsolete: 'GetInstanceID is deprecated. Use GetEntityId instead. This will be removed in a future version.'

Packages\com.coplaydev.unity-mcp\Editor\Resources\Scene\GameObjectResource.cs(176,42): warning CS0618: 'Object.GetInstanceID()' is obsolete: 'GetInstanceID is deprecated. Use GetEntityId instead. This will be removed in a future version.'

Packages\com.coplaydev.unity-mcp\Editor\Resources\Scene\GameObjectResource.cs(87,33): warning CS0618: 'Object.GetInstanceID()' is obsolete: 'GetInstanceID is deprecated. Use GetEntityId instead. This will be removed in a future version.'

Packages\com.coplaydev.unity-mcp\Editor\Resources\Scene\GameObjectResource.cs(92,30): warning CS0618: 'Object.GetInstanceID()' is obsolete: 'GetInstanceID is deprecated. Use GetEntityId instead. This will be removed in a future version.'

Packages\com.coplaydev.unity-mcp\Editor\Resources\Scene\GameObjectResource.cs(109,53): warning CS0618: 'Object.GetInstanceID()' is obsolete: 'GetInstanceID is deprecated. Use GetEntityId instead. This will be removed in a future version.'

Packages\com.coplaydev.unity-mcp\Editor\Resources\Editor\Selection.cs(24,75): warning CS0618: 'Object.GetInstanceID()' is obsolete: 'GetInstanceID is deprecated. Use GetEntityId instead. This will be removed in a future version.'

Packages\com.coplaydev.unity-mcp\Editor\Resources\Editor\Selection.cs(31,46): warning CS0618: 'Object.GetInstanceID()' is obsolete: 'GetInstanceID is deprecated. Use GetEntityId instead. This will be removed in a future version.'

Packages\com.coplaydev.unity-mcp\Editor\Resources\Editor\Selection.cs(38,45): warning CS0618: 'Object.GetInstanceID()' is obsolete: 'GetInstanceID is deprecated. Use GetEntityId instead. This will be removed in a future version.'

Packages\com.coplaydev.unity-mcp\Editor\Helpers\GameObjectSerializer.cs(181,37): warning CS0618: 'Object.GetInstanceID()' is obsolete: 'GetInstanceID is deprecated. Use GetEntityId instead. This will be removed in a future version.'

Packages\com.coplaydev.unity-mcp\Editor\Helpers\GameObjectSerializer.cs(191,53): warning CS0618: 'Object.GetInstanceID()' is obsolete: 'GetInstanceID is deprecated. Use GetEntityId instead. This will be removed in a future version.'

Packages\com.coplaydev.unity-mcp\Editor\Helpers\GameObjectSerializer.cs(192,49): warning CS0618: 'Object.GetInstanceID()' is obsolete: 'GetInstanceID is deprecated. Use GetEntityId instead. This will be removed in a future version.'

Packages\com.coplaydev.unity-mcp\Editor\Helpers\GameObjectSerializer.cs(197,61): warning CS0618: 'Object.GetInstanceID()' is obsolete: 'GetInstanceID is deprecated. Use GetEntityId instead. This will be removed in a future version.'

Packages\com.coplaydev.unity-mcp\Editor\Helpers\GameObjectSerializer.cs(236,90): warning CS0618: 'Object.GetInstanceID()' is obsolete: 'GetInstanceID is deprecated. Use GetEntityId instead. This will be removed in a future version.'

Packages\com.coplaydev.unity-mcp\Editor\Helpers\GameObjectSerializer.cs(259,37): warning CS0618: 'Object.GetInstanceID()' is obsolete: 'GetInstanceID is deprecated. Use GetEntityId instead. This will be removed in a future version.'

Packages\com.coplaydev.unity-mcp\Editor\Helpers\GameObjectSerializer.cs(325,37): warning CS0618: 'Object.GetInstanceID()' is obsolete: 'GetInstanceID is deprecated. Use GetEntityId instead. This will be removed in a future version.'

Packages\com.coplaydev.unity-mcp\Editor\Helpers\GameObjectSerializer.cs(334,33): warning CS0618: 'Object.GetInstanceID()' is obsolete: 'GetInstanceID is deprecated. Use GetEntityId instead. This will be removed in a future version.'

Packages\com.coplaydev.unity-mcp\Editor\Tools\Cameras\CameraConfigure.cs(39,43): warning CS0618: 'Object.GetInstanceID()' is obsolete: 'GetInstanceID is deprecated. Use GetEntityId instead. This will be removed in a future version.'

Packages\com.coplaydev.unity-mcp\Editor\Tools\Graphics\LightBakingOps.cs(127,34): warning CS0618: 'Object.GetInstanceID()' is obsolete: 'GetInstanceID is deprecated. Use GetEntityId instead. This will be removed in a future version.'

Packages\com.coplaydev.unity-mcp\Editor\Tools\Cameras\CameraCreate.cs(65,34): warning CS0618: 'Object.GetInstanceID()' is obsolete: 'GetInstanceID is deprecated. Use GetEntityId instead. This will be removed in a future version.'

Packages\com.coplaydev.unity-mcp\Editor\Tools\Cameras\CameraControl.cs(17,89): warning CS0618: 'FindObjectsSortMode' is obsolete: 'FindObjectsSortMode has been deprecated. Use the FindObjectsByType overloads that do not take a FindObjectsSortMode parameter.'

Packages\com.coplaydev.unity-mcp\Editor\Tools\Cameras\CameraControl.cs(17,32): warning CS0618: 'Object.FindObjectsByType<T>(FindObjectsSortMode)' is obsolete: 'FindObjectsByType with FindObjectsSortMode parameter has been deprecated. Use FindObjectsByType<T>() or FindObjectsByType<T>(FindObjectsInactive) instead. InstanceID will be replaced in the future with EntityId and previous sort order cannot be maintained.'

Packages\com.coplaydev.unity-mcp\Editor\Tools\Cameras\CameraControl.cs(29,74): warning CS0618: 'FindObjectsSortMode' is obsolete: 'FindObjectsSortMode has been deprecated. Use the FindObjectsByType overloads that do not take a FindObjectsSortMode parameter.'

Packages\com.coplaydev.unity-mcp\Editor\Tools\Cameras\CameraControl.cs(29,29): warning CS0618: 'Object.FindObjectsByType(Type, FindObjectsSortMode)' is obsolete: 'FindObjectsByType with FindObjectsSortMode parameter has been deprecated. Use FindObjectsByType(Type) or FindObjectsByType(Type, FindObjectsInactive) instead. InstanceID will be replaced in the future with EntityId and previous sort order cannot be maintained.'

Packages\com.coplaydev.unity-mcp\Editor\Tools\Cameras\CameraControl.cs(58,38): warning CS0618: 'Object.GetInstanceID()' is obsolete: 'GetInstanceID is deprecated. Use GetEntityId instead. This will be removed in a future version.'

Packages\com.coplaydev.unity-mcp\Editor\Tools\Cameras\CameraControl.cs(62,101): warning CS0618: 'Object.GetInstanceID()' is obsolete: 'GetInstanceID is deprecated. Use GetEntityId instead. This will be removed in a future version.'

Packages\com.coplaydev.unity-mcp\Editor\Tools\Cameras\CameraControl.cs(63,101): warning CS0618: 'Object.GetInstanceID()' is obsolete: 'GetInstanceID is deprecated. Use GetEntityId instead. This will be removed in a future version.'

Packages\com.coplaydev.unity-mcp\Editor\Tools\Cameras\CameraControl.cs(79,34): warning CS0618: 'Object.GetInstanceID()' is obsolete: 'GetInstanceID is deprecated. Use GetEntityId instead. This will be removed in a future version.'

Packages\com.coplaydev.unity-mcp\Editor\Tools\Cameras\CameraControl.cs(105,40): warning CS0618: 'Object.GetInstanceID()' is obsolete: 'GetInstanceID is deprecated. Use GetEntityId instead. This will be removed in a future version.'

Packages\com.coplaydev.unity-mcp\Editor\Tools\Cameras\CameraControl.cs(112,38): warning CS0618: 'Object.GetInstanceID()' is obsolete: 'GetInstanceID is deprecated. Use GetEntityId instead. This will be removed in a future version.'

Packages\com.coplaydev.unity-mcp\Editor\Tools\Graphics\GraphicsHelpers.cs(113,83): warning CS0618: 'FindObjectsSortMode' is obsolete: 'FindObjectsSortMode has been deprecated. Use the FindObjectsByType overloads that do not take a FindObjectsSortMode parameter.'

Packages\com.coplaydev.unity-mcp\Editor\Tools\Graphics\GraphicsHelpers.cs(113,34): warning CS0618: 'Object.FindObjectsByType(Type, FindObjectsSortMode)' is obsolete: 'FindObjectsByType with FindObjectsSortMode parameter has been deprecated. Use FindObjectsByType(Type) or FindObjectsByType(Type, FindObjectsInactive) instead. InstanceID will be replaced in the future with EntityId and previous sort order cannot be maintained.'

Packages\com.coplaydev.unity-mcp\Editor\Tools\Cameras\CameraConfigure.cs(68,43): warning CS0618: 'Object.GetInstanceID()' is obsolete: 'GetInstanceID is deprecated. Use GetEntityId instead. This will be removed in a future version.'

Packages\com.coplaydev.unity-mcp\Editor\Tools\Cameras\CameraControl.cs(150,32): warning CS0618: 'Object.GetInstanceID()' is obsolete: 'GetInstanceID is deprecated. Use GetEntityId instead. This will be removed in a future version.'

Packages\com.coplaydev.unity-mcp\Editor\Tools\Cameras\CameraControl.cs(166,34): warning CS0618: 'Object.GetInstanceID()' is obsolete: 'GetInstanceID is deprecated. Use GetEntityId instead. This will be removed in a future version.'

Packages\com.coplaydev.unity-mcp\Editor\Tools\Graphics\VolumeOps.cs(127,34): warning CS0618: 'Object.GetInstanceID()' is obsolete: 'GetInstanceID is deprecated. Use GetEntityId instead. This will be removed in a future version.'

Packages\com.coplaydev.unity-mcp\Editor\Tools\Cameras\CameraConfigure.cs(91,43): warning CS0618: 'Object.GetInstanceID()' is obsolete: 'GetInstanceID is deprecated. Use GetEntityId instead. This will be removed in a future version.'

Packages\com.coplaydev.unity-mcp\Editor\Tools\Cameras\CameraHelpers.cs(145,20): warning CS0618: 'Object.FindFirstObjectByType(Type)' is obsolete: 'FindFirstObjectByType has been deprecated because it relies on instance ID ordering. Use FindAnyObjectByType instead, which does not depend on ordering.'

Packages\com.coplaydev.unity-mcp\Editor\Tools\GameObjects\GameObjectDelete.cs(27,32): warning CS0618: 'Object.GetInstanceID()' is obsolete: 'GetInstanceID is deprecated. Use GetEntityId instead. This will be removed in a future version.'

Packages\com.coplaydev.unity-mcp\Editor\Tools\Cameras\CameraHelpers.cs(157,84): warning CS0618: 'FindObjectsSortMode' is obsolete: 'FindObjectsSortMode has been deprecated. Use the FindObjectsByType overloads that do not take a FindObjectsSortMode parameter.'

Packages\com.coplaydev.unity-mcp\Editor\Tools\Cameras\CameraHelpers.cs(157,27): warning CS0618: 'Object.FindObjectsByType<T>(FindObjectsSortMode)' is obsolete: 'FindObjectsByType with FindObjectsSortMode parameter has been deprecated. Use FindObjectsByType<T>() or FindObjectsByType<T>(FindObjectsInactive) instead. InstanceID will be replaced in the future with EntityId and previous sort order cannot be maintained.'

Packages\com.coplaydev.unity-mcp\Editor\Tools\ManageComponents.cs(121,34): warning CS0618: 'Object.GetInstanceID()' is obsolete: 'GetInstanceID is deprecated. Use GetEntityId instead. This will be removed in a future version.'

Packages\com.coplaydev.unity-mcp\Editor\Tools\ManageComponents.cs(123,43): warning CS0618: 'Object.GetInstanceID()' is obsolete: 'GetInstanceID is deprecated. Use GetEntityId instead. This will be removed in a future version.'

Packages\com.coplaydev.unity-mcp\Editor\Tools\Cameras\CameraCreate.cs(152,34): warning CS0618: 'Object.GetInstanceID()' is obsolete: 'GetInstanceID is deprecated. Use GetEntityId instead. This will be removed in a future version.'

Packages\com.coplaydev.unity-mcp\Editor\Tools\Cameras\CameraControl.cs(220,43): warning CS0618: 'Object.GetInstanceID()' is obsolete: 'GetInstanceID is deprecated. Use GetEntityId instead. This will be removed in a future version.'

Packages\com.coplaydev.unity-mcp\Editor\Tools\ManageComponents.cs(165,34): warning CS0618: 'Object.GetInstanceID()' is obsolete: 'GetInstanceID is deprecated. Use GetEntityId instead. This will be removed in a future version.'

Packages\com.coplaydev.unity-mcp\Editor\Tools\GameObjects\ManageGameObjectCommon.cs(71,74): warning CS0618: 'Object.GetInstanceID()' is obsolete: 'GetInstanceID is deprecated. Use GetEntityId instead. This will be removed in a future version.'

Packages\com.coplaydev.unity-mcp\Editor\Tools\GameObjects\ManageGameObjectCommon.cs(159,108): warning CS0618: 'FindObjectsSortMode' is obsolete: 'FindObjectsSortMode has been deprecated. Use the FindObjectsByType overloads that do not take a FindObjectsSortMode parameter.'

Packages\com.coplaydev.unity-mcp\Editor\Tools\GameObjects\ManageGameObjectCommon.cs(159,46): warning CS0618: 'Object.FindObjectsByType(Type, FindObjectsInactive, FindObjectsSortMode)' is obsolete: 'FindObjectsByType with FindObjectsSortMode parameter has been deprecated. Use FindObjectsByType(Type) or FindObjectsByType(Type, FindObjectsInactive) instead. InstanceID will be replaced in the future with EntityId and previous sort order cannot be maintained.'

Packages\com.coplaydev.unity-mcp\Editor\Tools\GameObjects\ManageGameObjectCommon.cs(180,80): warning CS0618: 'Object.GetInstanceID()' is obsolete: 'GetInstanceID is deprecated. Use GetEntityId instead. This will be removed in a future version.'

Packages\com.coplaydev.unity-mcp\Editor\Tools\Cameras\CameraConfigure.cs(119,43): warning CS0618: 'Object.GetInstanceID()' is obsolete: 'GetInstanceID is deprecated. Use GetEntityId instead. This will be removed in a future version.'

Packages\com.coplaydev.unity-mcp\Editor\Tools\Graphics\LightBakingOps.cs(277,34): warning CS0618: 'Object.GetInstanceID()' is obsolete: 'GetInstanceID is deprecated. Use GetEntityId instead. This will be removed in a future version.'

Packages\com.coplaydev.unity-mcp\Editor\Tools\Cameras\CameraControl.cs(249,47): warning CS0618: 'Object.GetInstanceID()' is obsolete: 'GetInstanceID is deprecated. Use GetEntityId instead. This will be removed in a future version.'

Packages\com.coplaydev.unity-mcp\Editor\Tools\Cameras\CameraControl.cs(276,47): warning CS0618: 'Object.GetInstanceID()' is obsolete: 'GetInstanceID is deprecated. Use GetEntityId instead. This will be removed in a future version.'

Packages\com.coplaydev.unity-mcp\Editor\Tools\Cameras\CameraControl.cs(286,34): warning CS0618: 'Object.GetInstanceID()' is obsolete: 'GetInstanceID is deprecated. Use GetEntityId instead. This will be removed in a future version.'

Packages\com.coplaydev.unity-mcp\Editor\Tools\Cameras\CameraCreate.cs(176,38): warning CS0618: 'Object.GetInstanceID()' is obsolete: 'GetInstanceID is deprecated. Use GetEntityId instead. This will be removed in a future version.'

Packages\com.coplaydev.unity-mcp\Editor\Tools\Cameras\CameraCreate.cs(244,34): warning CS0618: 'Object.GetInstanceID()' is obsolete: 'GetInstanceID is deprecated. Use GetEntityId instead. This will be removed in a future version.'

Packages\com.coplaydev.unity-mcp\Editor\Tools\Graphics\LightBakingOps.cs(330,34): warning CS0618: 'Object.GetInstanceID()' is obsolete: 'GetInstanceID is deprecated. Use GetEntityId instead. This will be removed in a future version.'

Packages\com.coplaydev.unity-mcp\Editor\Tools\ManageComponents.cs(249,42): warning CS0618: 'Object.GetInstanceID()' is obsolete: 'GetInstanceID is deprecated. Use GetEntityId instead. This will be removed in a future version.'

Packages\com.coplaydev.unity-mcp\Editor\Tools\ManageComponents.cs(261,38): warning CS0618: 'Object.GetInstanceID()' is obsolete: 'GetInstanceID is deprecated. Use GetEntityId instead. This will be removed in a future version.'

Packages\com.coplaydev.unity-mcp\Editor\Tools\Cameras\CameraConfigure.cs(150,43): warning CS0618: 'Object.GetInstanceID()' is obsolete: 'GetInstanceID is deprecated. Use GetEntityId instead. This will be removed in a future version.'

Packages\com.coplaydev.unity-mcp\Editor\Tools\GameObjects\GameObjectDuplicate.cs(80,34): warning CS0618: 'Object.GetInstanceID()' is obsolete: 'GetInstanceID is deprecated. Use GetEntityId instead. This will be removed in a future version.'

Packages\com.coplaydev.unity-mcp\Editor\Tools\Graphics\LightBakingOps.cs(386,34): warning CS0618: 'Object.GetInstanceID()' is obsolete: 'GetInstanceID is deprecated. Use GetEntityId instead. This will be removed in a future version.'

Packages\com.coplaydev.unity-mcp\Editor\Tools\Graphics\VolumeOps.cs(192,92): warning CS0618: 'Object.GetInstanceID()' is obsolete: 'GetInstanceID is deprecated. Use GetEntityId instead. This will be removed in a future version.'

Packages\com.coplaydev.unity-mcp\Editor\Tools\Cameras\CameraConfigure.cs(184,43): warning CS0618: 'Object.GetInstanceID()' is obsolete: 'GetInstanceID is deprecated. Use GetEntityId instead. This will be removed in a future version.'

Packages\com.coplaydev.unity-mcp\Editor\Tools\GameObjects\GameObjectLookAt.cs(56,34): warning CS0618: 'Object.GetInstanceID()' is obsolete: 'GetInstanceID is deprecated. Use GetEntityId instead. This will be removed in a future version.'

Packages\com.coplaydev.unity-mcp\Editor\Tools\Graphics\SkyboxOps.cs(94,82): warning CS0618: 'Object.GetInstanceID()' is obsolete: 'GetInstanceID is deprecated. Use GetEntityId instead. This will be removed in a future version.'

Packages\com.coplaydev.unity-mcp\Editor\Tools\Cameras\CameraConfigure.cs(221,43): warning CS0618: 'Object.GetInstanceID()' is obsolete: 'GetInstanceID is deprecated. Use GetEntityId instead. This will be removed in a future version.'

Packages\com.coplaydev.unity-mcp\Editor\Tools\ManageMaterial.cs(420,61): warning CS0618: 'Object.GetInstanceID()' is obsolete: 'GetInstanceID is deprecated. Use GetEntityId instead. This will be removed in a future version.'

Packages\com.coplaydev.unity-mcp\Editor\Tools\Graphics\RendererFeatureOps.cs(165,34): warning CS0618: 'Object.GetInstanceID()' is obsolete: 'GetInstanceID is deprecated. Use GetEntityId instead. This will be removed in a future version.'

Packages\com.coplaydev.unity-mcp\Editor\Tools\Cameras\CameraConfigure.cs(256,43): warning CS0618: 'Object.GetInstanceID()' is obsolete: 'GetInstanceID is deprecated. Use GetEntityId instead. This will be removed in a future version.'

Packages\com.coplaydev.unity-mcp\Editor\Tools\Cameras\CameraConfigure.cs(291,43): warning CS0618: 'Object.GetInstanceID()' is obsolete: 'GetInstanceID is deprecated. Use GetEntityId instead. This will be removed in a future version.'

Packages\com.coplaydev.unity-mcp\Editor\Tools\Graphics\SkyboxOps.cs(376,34): warning CS0618: 'Object.GetInstanceID()' is obsolete: 'GetInstanceID is deprecated. Use GetEntityId instead. This will be removed in a future version.'

Packages\com.coplaydev.unity-mcp\Editor\Tools\Cameras\CameraConfigure.cs(323,43): warning CS0618: 'Object.GetInstanceID()' is obsolete: 'GetInstanceID is deprecated. Use GetEntityId instead. This will be removed in a future version.'

Packages\com.coplaydev.unity-mcp\Editor\Tools\ManageScene.cs(602,88): warning CS0618: 'FindObjectsSortMode' is obsolete: 'FindObjectsSortMode has been deprecated. Use the FindObjectsByType overloads that do not take a FindObjectsSortMode parameter.'

Packages\com.coplaydev.unity-mcp\Editor\Tools\ManageScene.cs(602,43): warning CS0618: 'Object.FindObjectsByType<T>(FindObjectsSortMode)' is obsolete: 'FindObjectsByType with FindObjectsSortMode parameter has been deprecated. Use FindObjectsByType<T>() or FindObjectsByType<T>(FindObjectsInactive) instead. InstanceID will be replaced in the future with EntityId and previous sort order cannot be maintained.'

Packages\com.coplaydev.unity-mcp\Editor\Tools\ManageScene.cs(644,110): warning CS0618: 'FindObjectsSortMode' is obsolete: 'FindObjectsSortMode has been deprecated. Use the FindObjectsByType overloads that do not take a FindObjectsSortMode parameter.'

Packages\com.coplaydev.unity-mcp\Editor\Tools\ManageScene.cs(644,65): warning CS0618: 'Object.FindObjectsByType<T>(FindObjectsSortMode)' is obsolete: 'FindObjectsByType with FindObjectsSortMode parameter has been deprecated. Use FindObjectsByType<T>() or FindObjectsByType<T>(FindObjectsInactive) instead. InstanceID will be replaced in the future with EntityId and previous sort order cannot be maintained.'

Packages\com.coplaydev.unity-mcp\Editor\Tools\Cameras\CameraConfigure.cs(354,43): warning CS0618: 'Object.GetInstanceID()' is obsolete: 'GetInstanceID is deprecated. Use GetEntityId instead. This will be removed in a future version.'

Packages\com.coplaydev.unity-mcp\Editor\Tools\ManageScene.cs(823,84): warning CS0618: 'FindObjectsSortMode' is obsolete: 'FindObjectsSortMode has been deprecated. Use the FindObjectsByType overloads that do not take a FindObjectsSortMode parameter.'

Packages\com.coplaydev.unity-mcp\Editor\Tools\ManageScene.cs(823,37): warning CS0618: 'Object.FindObjectsByType<T>(FindObjectsSortMode)' is obsolete: 'FindObjectsByType with FindObjectsSortMode parameter has been deprecated. Use FindObjectsByType<T>() or FindObjectsByType<T>(FindObjectsInactive) instead. InstanceID will be replaced in the future with EntityId and previous sort order cannot be maintained.'

Packages\com.coplaydev.unity-mcp\Editor\Tools\ManageAsset.cs(805,38): warning CS0618: 'Object.GetInstanceID()' is obsolete: 'GetInstanceID is deprecated. Use GetEntityId instead. This will be removed in a future version.'

Packages\com.coplaydev.unity-mcp\Editor\Tools\ManageScene.cs(968,84): warning CS0618: 'FindObjectsSortMode' is obsolete: 'FindObjectsSortMode has been deprecated. Use the FindObjectsByType overloads that do not take a FindObjectsSortMode parameter.'

Packages\com.coplaydev.unity-mcp\Editor\Tools\ManageScene.cs(968,37): warning CS0618: 'Object.FindObjectsByType<T>(FindObjectsSortMode)' is obsolete: 'FindObjectsByType with FindObjectsSortMode parameter has been deprecated. Use FindObjectsByType<T>() or FindObjectsByType<T>(FindObjectsInactive) instead. InstanceID will be replaced in the future with EntityId and previous sort order cannot be maintained.'

Packages\com.coplaydev.unity-mcp\Editor\Tools\Graphics\VolumeOps.cs(458,95): warning CS0618: 'FindObjectsSortMode' is obsolete: 'FindObjectsSortMode has been deprecated. Use the FindObjectsByType overloads that do not take a FindObjectsSortMode parameter.'

Packages\com.coplaydev.unity-mcp\Editor\Tools\Graphics\VolumeOps.cs(458,30): warning CS0618: 'Object.FindObjectsByType(Type, FindObjectsSortMode)' is obsolete: 'FindObjectsByType with FindObjectsSortMode parameter has been deprecated. Use FindObjectsByType(Type) or FindObjectsByType(Type, FindObjectsInactive) instead. InstanceID will be replaced in the future with EntityId and previous sort order cannot be maintained.'

Packages\com.coplaydev.unity-mcp\Editor\Tools\ManageScene.cs(1220,72): warning CS0618: 'FindObjectsSortMode' is obsolete: 'FindObjectsSortMode has been deprecated. Use the FindObjectsByType overloads that do not take a FindObjectsSortMode parameter.'

Packages\com.coplaydev.unity-mcp\Editor\Tools\ManageScene.cs(1220,27): warning CS0618: 'Object.FindObjectsByType<T>(FindObjectsSortMode)' is obsolete: 'FindObjectsByType with FindObjectsSortMode parameter has been deprecated. Use FindObjectsByType<T>() or FindObjectsByType<T>(FindObjectsInactive) instead. InstanceID will be replaced in the future with EntityId and previous sort order cannot be maintained.'

Packages\com.coplaydev.unity-mcp\Editor\Tools\ManageScene.cs(1276,86): warning CS0618: 'FindObjectsSortMode' is obsolete: 'FindObjectsSortMode has been deprecated. Use the FindObjectsByType overloads that do not take a FindObjectsSortMode parameter.'

Packages\com.coplaydev.unity-mcp\Editor\Tools\ManageScene.cs(1276,39): warning CS0618: 'Object.FindObjectsByType<T>(FindObjectsSortMode)' is obsolete: 'FindObjectsByType with FindObjectsSortMode parameter has been deprecated. Use FindObjectsByType<T>() or FindObjectsByType<T>(FindObjectsInactive) instead. InstanceID will be replaced in the future with EntityId and previous sort order cannot be maintained.'

Packages\com.coplaydev.unity-mcp\Editor\Tools\Graphics\VolumeOps.cs(532,31): warning CS0618: 'Object.GetInstanceID()' is obsolete: 'GetInstanceID is deprecated. Use GetEntityId instead. This will be removed in a future version.'

Packages\com.coplaydev.unity-mcp\Editor\Tools\ManageUI.cs(1036,28): warning CS0618: 'Object.GetInstanceID()' is obsolete: 'GetInstanceID is deprecated. Use GetEntityId instead. This will be removed in a future version.'

Packages\com.coplaydev.unity-mcp\Editor\Tools\ManageScene.cs(2011,33): warning CS0618: 'Object.GetInstanceID()' is obsolete: 'GetInstanceID is deprecated. Use GetEntityId instead. This will be removed in a future version.'

Packages\com.coplaydev.unity-mcp\Editor\Tools\Vfx\ParticleControl.cs(93,28): warning CS0618: 'Object.GetInstanceID()' is obsolete: 'GetInstanceID is deprecated. Use GetEntityId instead. This will be removed in a future version.'

Packages\com.coplaydev.unity-mcp\Editor\Tools\Profiler\Operations\SessionOps.cs(24,18): warning CS0219: The variable 'recording' is assigned but its value is never used

Packages\com.coplaydev.unity-mcp\Editor\Tools\Prefabs\ManagePrefabs.cs(165,38): warning CS0618: 'Object.GetInstanceID()' is obsolete: 'GetInstanceID is deprecated. Use GetEntityId instead. This will be removed in a future version.'

Packages\com.coplaydev.unity-mcp\Editor\Tools\ManageAsset.cs(1107,36): warning CS0618: 'Object.GetInstanceID()' is obsolete: 'GetInstanceID is deprecated. Use GetEntityId instead. This will be removed in a future version.'

Packages\com.coplaydev.unity-mcp\Editor\Tools\ProBuilder\ManageProBuilder.cs(598,30): warning CS0618: 'Object.GetInstanceID()' is obsolete: 'GetInstanceID is deprecated. Use GetEntityId instead. This will be removed in a future version.'

Packages\com.coplaydev.unity-mcp\Editor\Tools\Prefabs\ManagePrefabs.cs(1237,30): warning CS0618: 'Object.GetInstanceID()' is obsolete: 'GetInstanceID is deprecated. Use GetEntityId instead. This will be removed in a future version.'

Packages\com.coplaydev.unity-mcp\Editor\Tools\Physics\PhysicsSimulationOps.cs(100,38): warning CS0618: 'Object.GetInstanceID()' is obsolete: 'GetInstanceID is deprecated. Use GetEntityId instead. This will be removed in a future version.'

Packages\com.coplaydev.unity-mcp\Editor\Tools\Physics\PhysicsSimulationOps.cs(119,38): warning CS0618: 'Object.GetInstanceID()' is obsolete: 'GetInstanceID is deprecated. Use GetEntityId instead. This will be removed in a future version.'

Packages\com.coplaydev.unity-mcp\Editor\Tools\Physics\PhysicsSimulationOps.cs(142,69): warning CS0618: 'FindObjectsSortMode' is obsolete: 'FindObjectsSortMode has been deprecated. Use the FindObjectsByType overloads that do not take a FindObjectsSortMode parameter.'

Packages\com.coplaydev.unity-mcp\Editor\Tools\Physics\PhysicsSimulationOps.cs(142,31): warning CS0618: 'Object.FindObjectsByType<T>(FindObjectsSortMode)' is obsolete: 'FindObjectsByType with FindObjectsSortMode parameter has been deprecated. Use FindObjectsByType<T>() or FindObjectsByType<T>(FindObjectsInactive) instead. InstanceID will be replaced in the future with EntityId and previous sort order cannot be maintained.'

Packages\com.coplaydev.unity-mcp\Editor\Tools\Physics\PhysicsSimulationOps.cs(155,38): warning CS0618: 'Object.GetInstanceID()' is obsolete: 'GetInstanceID is deprecated. Use GetEntityId instead. This will be removed in a future version.'

Packages\com.coplaydev.unity-mcp\Editor\Tools\Physics\PhysicsSimulationOps.cs(169,65): warning CS0618: 'FindObjectsSortMode' is obsolete: 'FindObjectsSortMode has been deprecated. Use the FindObjectsByType overloads that do not take a FindObjectsSortMode parameter.'

Packages\com.coplaydev.unity-mcp\Editor\Tools\Physics\PhysicsSimulationOps.cs(169,29): warning CS0618: 'Object.FindObjectsByType<T>(FindObjectsSortMode)' is obsolete: 'FindObjectsByType with FindObjectsSortMode parameter has been deprecated. Use FindObjectsByType<T>() or FindObjectsByType<T>(FindObjectsInactive) instead. InstanceID will be replaced in the future with EntityId and previous sort order cannot be maintained.'

Packages\com.coplaydev.unity-mcp\Editor\Tools\Physics\PhysicsSimulationOps.cs(182,38): warning CS0618: 'Object.GetInstanceID()' is obsolete: 'GetInstanceID is deprecated. Use GetEntityId instead. This will be removed in a future version.'

Packages\com.coplaydev.unity-mcp\Editor\Tools\Physics\PhysicsSettingsOps.cs(62,46): warning CS0618: 'Physics2D.autoSyncTransforms' is obsolete: 'Physics2D.autoSyncTransforms has been deprecated please use Physics2D.SyncTransforms instead to manually sync physics transforms when required.'

Packages\com.coplaydev.unity-mcp\Editor\Tools\ProBuilder\ManageProBuilder.cs(902,30): warning CS0618: 'Object.GetInstanceID()' is obsolete: 'GetInstanceID is deprecated. Use GetEntityId instead. This will be removed in a future version.'

Packages\com.coplaydev.unity-mcp\Editor\Tools\Physics\PhysicsSettingsOps.cs(284,25): warning CS0618: 'Physics2D.autoSyncTransforms' is obsolete: 'Physics2D.autoSyncTransforms has been deprecated please use Physics2D.SyncTransforms instead to manually sync physics transforms when required.'

Packages\com.coplaydev.unity-mcp\Editor\Tools\Physics\PhysicsRigidbodyOps.cs(68,34): warning CS0618: 'Object.GetInstanceID()' is obsolete: 'GetInstanceID is deprecated. Use GetEntityId instead. This will be removed in a future version.'

Packages\com.coplaydev.unity-mcp\Editor\Tools\Physics\PhysicsRigidbodyOps.cs(116,34): warning CS0618: 'Object.GetInstanceID()' is obsolete: 'GetInstanceID is deprecated. Use GetEntityId instead. This will be removed in a future version.'

Packages\com.coplaydev.unity-mcp\Editor\Tools\Physics\JointOps.cs(143,34): warning CS0618: 'Object.GetInstanceID()' is obsolete: 'GetInstanceID is deprecated. Use GetEntityId instead. This will be removed in a future version.'

Packages\com.coplaydev.unity-mcp\Editor\Tools\Physics\JointOps.cs(144,44): warning CS0618: 'Object.GetInstanceID()' is obsolete: 'GetInstanceID is deprecated. Use GetEntityId instead. This will be removed in a future version.'

Packages\com.coplaydev.unity-mcp\Editor\Tools\Physics\PhysicsQueryOps.cs(82,34): warning CS0618: 'Object.GetInstanceID()' is obsolete: 'GetInstanceID is deprecated. Use GetEntityId instead. This will be removed in a future version.'

Packages\com.coplaydev.unity-mcp\Editor\Tools\Physics\PhysicsQueryOps.cs(125,34): warning CS0618: 'Object.GetInstanceID()' is obsolete: 'GetInstanceID is deprecated. Use GetEntityId instead. This will be removed in a future version.'

Packages\com.coplaydev.unity-mcp\Editor\Tools\Physics\JointOps.cs(307,34): warning CS0618: 'Object.GetInstanceID()' is obsolete: 'GetInstanceID is deprecated. Use GetEntityId instead. This will be removed in a future version.'

Packages\com.coplaydev.unity-mcp\Editor\Tools\Physics\JointOps.cs(378,44): warning CS0618: 'Object.GetInstanceID()' is obsolete: 'GetInstanceID is deprecated. Use GetEntityId instead. This will be removed in a future version.'

Packages\com.coplaydev.unity-mcp\Editor\Tools\Physics\PhysicsQueryOps.cs(292,34): warning CS0618: 'Object.GetInstanceID()' is obsolete: 'GetInstanceID is deprecated. Use GetEntityId instead. This will be removed in a future version.'

Packages\com.coplaydev.unity-mcp\Editor\Tools\Physics\PhysicsQueryOps.cs(313,34): warning CS0618: 'Object.GetInstanceID()' is obsolete: 'GetInstanceID is deprecated. Use GetEntityId instead. This will be removed in a future version.'

Packages\com.coplaydev.unity-mcp\Editor\Tools\Physics\PhysicsQueryOps.cs(467,34): warning CS0618: 'Object.GetInstanceID()' is obsolete: 'GetInstanceID is deprecated. Use GetEntityId instead. This will be removed in a future version.'

Packages\com.coplaydev.unity-mcp\Editor\Tools\ProBuilder\ManageProBuilder.cs(2297,34): warning CS0618: 'Object.GetInstanceID()' is obsolete: 'GetInstanceID is deprecated. Use GetEntityId instead. This will be removed in a future version.'

Packages\com.coplaydev.unity-mcp\Editor\Tools\Physics\PhysicsQueryOps.cs(556,34): warning CS0618: 'Object.GetInstanceID()' is obsolete: 'GetInstanceID is deprecated. Use GetEntityId instead. This will be removed in a future version.'

Packages\com.coplaydev.unity-mcp\Editor\Tools\Physics\PhysicsQueryOps.cs(622,34): warning CS0618: 'Object.GetInstanceID()' is obsolete: 'GetInstanceID is deprecated. Use GetEntityId instead. This will be removed in a future version.'

Packages\com.coplaydev.unity-mcp\Editor\Tools\Physics\PhysicsQueryOps.cs(660,34): warning CS0618: 'Object.GetInstanceID()' is obsolete: 'GetInstanceID is deprecated. Use GetEntityId instead. This will be removed in a future version.'

Packages\com.coplaydev.unity-mcp\Editor\Tools\Physics\PhysicsQueryOps.cs(742,34): warning CS0618: 'Object.GetInstanceID()' is obsolete: 'GetInstanceID is deprecated. Use GetEntityId instead. This will be removed in a future version.'

Packages\com.coplaydev.unity-mcp\Editor\Tools\Physics\PhysicsQueryOps.cs(785,34): warning CS0618: 'Object.GetInstanceID()' is obsolete: 'GetInstanceID is deprecated. Use GetEntityId instead. This will be removed in a future version.'
[1193/1644  4s] Csc Library/Bee/artifacts/1900b0aEDbg.dag/MoreMountains.Feedbacks.URP.dll (+2 others)
[           0s] Csc Library/Bee/artifacts/1900b0aEDbg.dag/MCPForUnity.Editor.dll (+2 others) [CacheWrite e80533bb474d93d2f43aa42aebbd563d00000000000000000000000000000006]
[1196/1644  3s] Csc Library/Bee/artifacts/1900b0aEDbg.dag/Unity.RenderPipelines.Universal.2D.Editor.Overrides.dll (+2 others)
[1197/1644  5s] Csc Library/Bee/artifacts/1900b0aEDbg.dag/MoreMountains.Feedbacks.TextMeshPro.dll (+2 others)
[           0s] Csc Library/Bee/artifacts/1900b0aEDbg.dag/Unity.RenderPipelines.Universal.2D.Editor.Overrides.dll (+2 others) [CacheWrite 8148215a4857755c64dd0d50fb906ce300000000000000000000000000000006]
[1198/1644  4s] Csc Library/Bee/artifacts/1900b0aEDbg.dag/Lofelt.NiceVibrations.Editor.dll (+2 others)
[1219/1644  6s] Csc Library/Bee/artifacts/1900b0aEDbg.dag/AmplifyImpostors.Editor.dll (+2 others)
[1220/1644  1s] MovedFromExtractor-Combine Library/Bee/artifacts/1900b0aEDbg.dag/Unity.PlasticSCM.Editor.Entities.dll.mvfrm
[1221/1644  2s] Csc Library/Bee/artifacts/1900b0aEDbg.dag/MoreMountains.Feedbacks.Authorizations.dll (+2 others)
[1222/1644  4s] Csc Library/Bee/artifacts/1900b0aEDbg.dag/MoreMountains.Feedbacks.Editor.dll (+2 others)
[1223/1644  1s] MovedFromExtractor-Combine Library/Bee/artifacts/1900b0aEDbg.dag/Technie.PhysicsCreator.Updater.dll.mvfrm
[1224/1644  0s] MovedFromExtractor-Combine Library/Bee/artifacts/1900b0aEDbg.dag/MapMagic.Settings.dll.mvfrm
[1225/1644 11s] Csc Library/Bee/artifacts/1900b0aEDbg.dag/Unity.RenderPipelines.Universal.Editor.dll (+2 others)
[1226/1644  4s] Csc Library/Bee/artifacts/1900b0aEDbg.dag/Lofelt.NiceVibrations.Demo.dll (+2 others)
[           0s] Csc Library/Bee/artifacts/1900b0aEDbg.dag/WaveHarmonic.Crest.Samples.dll (+2 others) [CacheMiss ba60d48b19c778f8e296cf4b7b1c86e500000000000000000000000000000006]
[1227/1644  3s] Csc Library/Bee/artifacts/1900b0aEDbg.dag/EasySave3Editor.dll (+2 others)
[           0s] Csc Library/Bee/artifacts/1900b0aEDbg.dag/Unity.RenderPipelines.Universal.Editor.dll (+2 others) [CacheWrite ea2f4fcd7e7038a61e47f04e5ec1c12100000000000000000000000000000006]
[1197/1644  0s] Csc Library/Bee/artifacts/1900b0aEDbg.dag/Unity.PlasticSCM.Editor.Entities.dll (+2 others) [CacheHit 19fd1222ecc0b338b84a3aa1131a031200000000000000000000000000000006]
[1229/1644  0s] Csc Library/Bee/artifacts/1900b0aEDbg.dag/Unity.PlasticSCM.Editor.Entities.dll (+2 others)
[1232/1644  0s] MovedFromExtractor-Combine Library/Bee/artifacts/1900b0aEDbg.dag/Unity.CollabProxy.Editor.dll.mvfrm
[1234/1644  0s] MovedFromExtractor-Combine Library/Bee/artifacts/1900b0aEDbg.dag/WaveHarmonic.Crest.Editor.Dependents.dll.mvfrm
[1235/1644  0s] MovedFromExtractor-Combine Library/Bee/artifacts/1900b0aEDbg.dag/ShapesEditor.dll.mvfrm
[1236/1644  0s] MovedFromExtractor-Combine Library/Bee/artifacts/1900b0aEDbg.dag/WaveHarmonic.Crest.Editor.dll.mvfrm
[1237/1644  1s] Csc Library/Bee/artifacts/1900b0aEDbg.dag/Technie.PhysicsCreator.Updater.dll (+2 others)
[1238/1644  0s] MovedFromExtractor-Combine Library/Bee/artifacts/1900b0aEDbg.dag/Assembly-CSharp-Editor-firstpass.dll.mvfrm
[1239/1644  0s] MovedFromExtractor-Combine Library/Bee/artifacts/1900b0aEDbg.dag/Assembly-CSharp-Editor.dll.mvfrm
[           0s] Csc Library/Bee/artifacts/1900b0aEDbg.dag/WaveHarmonic.Crest.Editor.dll (+2 others) [CacheMiss c690dd04a25a3f4bd0096034063b5f3300000000000000000000000000000006]
[1207/1644  0s] Csc Library/Bee/artifacts/1900b0aEDbg.dag/Unity.CollabProxy.Editor.dll (+2 others) [CacheHit 64de03c297bf161799820b2ab12a200a00000000000000000000000000000006]
[1240/1644  0s] Csc Library/Bee/artifacts/1900b0aEDbg.dag/Unity.CollabProxy.Editor.dll (+2 others)
[1208/1644  0s] Csc Library/Bee/artifacts/1900b0aEDbg.dag/WaveHarmonic.Crest.Editor.Dependents.dll (+2 others) [CacheHit 4c675056b260f3ced0b75c4364e2a65d00000000000000000000000000000006]
[1242/1644  0s] Csc Library/Bee/artifacts/1900b0aEDbg.dag/WaveHarmonic.Crest.Editor.Dependents.dll (+2 others)
[1244/1644  1s] Csc Library/Bee/artifacts/1900b0aEDbg.dag/WaveHarmonic.Crest.Samples.dll (+2 others)
Packages\com.waveharmonic.crest\Shared\Scripts\AlignSceneViewToCamera.cs(37,23): warning CS0618: 'SceneHandle.implicit operator int(SceneHandle)' is obsolete: 'Implicit conversion from SceneHandle to int is deprecated. Use SceneHandle.GetRawData() instead'

Packages\com.waveharmonic.crest\Shared\Scripts\AlignSceneViewToCamera.cs(45,17): warning CS0618: 'SceneHandle.implicit operator SceneHandle(int)' is obsolete: 'Implicit conversion from int to SceneHandle is deprecated. Use SceneHandle.FromRawData(ulong) instead'

Packages\com.waveharmonic.crest\Shared\Scripts\AlignSceneViewToCamera.cs(47,23): warning CS0618: 'SceneHandle.implicit operator int(SceneHandle)' is obsolete: 'Implicit conversion from SceneHandle to int is deprecated. Use SceneHandle.GetRawData() instead'
[1245/1644  1s] Csc Library/Bee/artifacts/1900b0aEDbg.dag/MapMagic.Settings.dll (+2 others)
Assets\MapMagic\Core\Plugins\SettingsWindow.cs(62,21): warning CS0618: 'PlayerSettings.GetScriptingDefineSymbolsForGroup(BuildTargetGroup)' is obsolete: 'Use GetScriptingDefineSymbols(NamedBuildTarget buildTarget) instead'

Assets\MapMagic\Core\Plugins\SettingsWindow.cs(78,5): warning CS0618: 'PlayerSettings.SetScriptingDefineSymbolsForGroup(BuildTargetGroup, string)' is obsolete: 'Use SetScriptingDefineSymbols(NamedBuildTarget buildTarget, string defines) instead'

Assets\MapMagic\Core\Plugins\SettingsWindow.cs(110,23): warning CS0618: 'PlayerSettings.GetScriptingDefineSymbolsForGroup(BuildTargetGroup)' is obsolete: 'Use GetScriptingDefineSymbols(NamedBuildTarget buildTarget) instead'

Assets\MapMagic\Core\Plugins\SettingsWindow.cs(189,21): warning CS0618: 'PlayerSettings.GetScriptingDefineSymbolsForGroup(BuildTargetGroup)' is obsolete: 'Use GetScriptingDefineSymbols(NamedBuildTarget buildTarget) instead'

Assets\MapMagic\Core\Plugins\SettingsWindow.cs(215,21): warning CS0618: 'PlayerSettings.GetScriptingDefineSymbolsForGroup(BuildTargetGroup)' is obsolete: 'Use GetScriptingDefineSymbols(NamedBuildTarget buildTarget) instead'

Assets\MapMagic\Core\Plugins\SettingsWindow.cs(233,4): warning CS0618: 'PlayerSettings.SetScriptingDefineSymbolsForGroup(BuildTargetGroup, string)' is obsolete: 'Use SetScriptingDefineSymbols(NamedBuildTarget buildTarget, string defines) instead'

Assets\MapMagic\Core\Plugins\SettingsWindow.cs(308,8): warning CS0618: 'PlayerSettings.GetApiCompatibilityLevel(BuildTargetGroup)' is obsolete: 'Use GetApiCompatibilityLevel(NamedBuildTarget buildTarget) instead'

Assets\MapMagic\Core\Plugins\SettingsWindow.cs(314,7): warning CS0618: 'PlayerSettings.SetApiCompatibilityLevel(BuildTargetGroup, ApiCompatibilityLevel)' is obsolete: 'Use SetApiCompatibilityLevel(NamedBuildTarget buildTarget, ApiCompatibilityLevel value) instead'
[           0s] Csc Library/Bee/artifacts/1900b0aEDbg.dag/WaveHarmonic.Crest.Samples.dll (+2 others) [CacheWrite ba60d48b19c778f8e296cf4b7b1c86e500000000000000000000000000000006]
[1246/1644  3s] Csc Library/Bee/artifacts/1900b0aEDbg.dag/WaveHarmonic.Crest.Editor.dll (+2 others)
Packages\com.waveharmonic.crest\Editor\Scripts\Editors.cs(103,78): warning CS0618: 'FindObjectsSortMode' is obsolete: 'FindObjectsSortMode has been deprecated. Use the FindObjectsByType overloads that do not take a FindObjectsSortMode parameter.'

Packages\com.waveharmonic.crest\Editor\Scripts\Editors.cs(103,43): warning CS0618: 'Object.FindObjectsByType<T>(FindObjectsSortMode)' is obsolete: 'FindObjectsByType with FindObjectsSortMode parameter has been deprecated. Use FindObjectsByType<T>() or FindObjectsByType<T>(FindObjectsInactive) instead. InstanceID will be replaced in the future with EntityId and previous sort order cannot be maintained.'

Packages\com.waveharmonic.crest\Editor\Scripts\Validators.cs(371,86): warning CS0618: 'FindObjectsSortMode' is obsolete: 'FindObjectsSortMode has been deprecated. Use the FindObjectsByType overloads that do not take a FindObjectsSortMode parameter.'

Packages\com.waveharmonic.crest\Editor\Scripts\Validators.cs(371,17): warning CS0618: 'Object.FindObjectsByType<T>(FindObjectsInactive, FindObjectsSortMode)' is obsolete: 'FindObjectsByType with FindObjectsSortMode parameter has been deprecated. Use FindObjectsByType<T>() or FindObjectsByType<T>(FindObjectsInactive) instead. InstanceID will be replaced in the future with EntityId and previous sort order cannot be maintained.'

Packages\com.waveharmonic.crest\Editor\Scripts\Validators.cs(566,86): warning CS0618: 'FindObjectsSortMode' is obsolete: 'FindObjectsSortMode has been deprecated. Use the FindObjectsByType overloads that do not take a FindObjectsSortMode parameter.'

Packages\com.waveharmonic.crest\Editor\Scripts\Validators.cs(566,17): warning CS0618: 'Object.FindObjectsByType<T>(FindObjectsInactive, FindObjectsSortMode)' is obsolete: 'FindObjectsByType with FindObjectsSortMode parameter has been deprecated. Use FindObjectsByType<T>() or FindObjectsByType<T>(FindObjectsInactive) instead. InstanceID will be replaced in the future with EntityId and previous sort order cannot be maintained.'
[1247/1644  4s] Csc Library/Bee/artifacts/1900b0aEDbg.dag/ShapesEditor.dll (+2 others)
[           0s] Csc Library/Bee/artifacts/1900b0aEDbg.dag/WaveHarmonic.Crest.Editor.dll (+2 others) [CacheWrite c690dd04a25a3f4bd0096034063b5f3300000000000000000000000000000006]
[BUSY      16s] Csc Library/Bee/artifacts/1900b0aEDbg.dag/Hecton8.Core.dll (+2 others)
[BUSY       9s] ILPostProcess Library/Bee/artifacts/1900b0aEDbg.dag/post-processed/AmplifyImpostors.Runtime.dll (+pdb)
[1248/1644 25s] Csc Library/Bee/artifacts/1900b0aEDbg.dag/Hecton8.Core.dll (+2 others)
Assets\_Project\Scripts\Core\HectonUrpTextureRequirementsGuard.cs(57,43): warning CS0618: 'Object.FindFirstObjectByType<T>(FindObjectsInactive)' is obsolete: 'FindFirstObjectByType has been deprecated because it relies on instance ID ordering. Use FindAnyObjectByType instead, which does not depend on ordering.'

Assets\_Project\Scripts\Core\HectonUrpTextureRequirementsGuard.cs(65,21): warning CS0618: 'FindObjectsSortMode' is obsolete: 'FindObjectsSortMode has been deprecated. Use the FindObjectsByType overloads that do not take a FindObjectsSortMode parameter.'

Assets\_Project\Scripts\Core\HectonUrpTextureRequirementsGuard.cs(63,17): warning CS0618: 'Object.FindObjectsByType<T>(FindObjectsInactive, FindObjectsSortMode)' is obsolete: 'FindObjectsByType with FindObjectsSortMode parameter has been deprecated. Use FindObjectsByType<T>() or FindObjectsByType<T>(FindObjectsInactive) instead. InstanceID will be replaced in the future with EntityId and previous sort order cannot be maintained.'

Assets\_Project\Scripts\World\ProceduralWreckGenerator.cs(601,39): warning CS0414: The field 'ProceduralWreckGenerator._debugAsyncGenerationInFlight' is assigned but its value is never used
[1249/1644  1s] Csc Library/Bee/artifacts/1900b0aEDbg.dag/Hecton8.Editor.dll (+2 others)
[1250/1644 18s] ILPostProcess Library/Bee/artifacts/1900b0aEDbg.dag/post-processed/WaveHarmonic.Crest.Samples.dll (+pdb)
Processing assembly Library/Bee/artifacts/1900b0aEDbg.dag/WaveHarmonic.Crest.Samples.dll, with 164 defines and 292 references

processors: Unity.Jobs.CodeGen.JobsILPostProcessor, zzzUnity.Burst.CodeGen.BurstILPostProcessor

running Unity.Jobs.CodeGen.JobsILPostProcessor

running zzzUnity.Burst.CodeGen.BurstILPostProcessor
[1251/1644 19s] ILPostProcess Library/Bee/artifacts/1900b0aEDbg.dag/post-processed/Lofelt.NiceVibrations.dll (+pdb)
Processing assembly Library/Bee/artifacts/1900b0aEDbg.dag/Lofelt.NiceVibrations.dll, with 162 defines and 301 references

processors: Unity.Jobs.CodeGen.JobsILPostProcessor, zzzUnity.Burst.CodeGen.BurstILPostProcessor

running Unity.Jobs.CodeGen.JobsILPostProcessor

running zzzUnity.Burst.CodeGen.BurstILPostProcessor
[1252/1644 19s] ILPostProcess Library/Bee/artifacts/1900b0aEDbg.dag/post-processed/Unity.VisualScripting.State.dll (+pdb)
Processing assembly Library/Bee/artifacts/1900b0aEDbg.dag/Unity.VisualScripting.State.dll, with 161 defines and 302 references

processors: Unity.Jobs.CodeGen.JobsILPostProcessor, zzzUnity.Burst.CodeGen.BurstILPostProcessor

running Unity.Jobs.CodeGen.JobsILPostProcessor

running zzzUnity.Burst.CodeGen.BurstILPostProcessor
[1253/1644 19s] ILPostProcess Library/Bee/artifacts/1900b0aEDbg.dag/post-processed/WaveHarmonic.Crest.dll (+pdb)
Processing assembly Library/Bee/artifacts/1900b0aEDbg.dag/WaveHarmonic.Crest.dll, with 166 defines and 292 references

processors: Unity.Jobs.CodeGen.JobsILPostProcessor, zzzUnity.Burst.CodeGen.BurstILPostProcessor

running Unity.Jobs.CodeGen.JobsILPostProcessor

running zzzUnity.Burst.CodeGen.BurstILPostProcessor
[1254/1644 15s] ILPostProcess Library/Bee/artifacts/1900b0aEDbg.dag/post-processed/BakeryRuntimeAssembly.dll (+pdb)
Processing assembly Library/Bee/artifacts/1900b0aEDbg.dag/BakeryRuntimeAssembly.dll, with 161 defines and 300 references

processors: Unity.Jobs.CodeGen.JobsILPostProcessor, zzzUnity.Burst.CodeGen.BurstILPostProcessor

running Unity.Jobs.CodeGen.JobsILPostProcessor

running zzzUnity.Burst.CodeGen.BurstILPostProcessor
[1255/1644 19s] ILPostProcess Library/Bee/artifacts/1900b0aEDbg.dag/post-processed/MoreMountains.Feedbacks.dll (+pdb)
Processing assembly Library/Bee/artifacts/1900b0aEDbg.dag/MoreMountains.Feedbacks.dll, with 163 defines and 306 references

processors: Unity.Jobs.CodeGen.JobsILPostProcessor, zzzUnity.Burst.CodeGen.BurstILPostProcessor

running Unity.Jobs.CodeGen.JobsILPostProcessor

running zzzUnity.Burst.CodeGen.BurstILPostProcessor
[1256/1644  0s] ILPostProcess Library/Bee/artifacts/1900b0aEDbg.dag/post-processed/Unity.RenderPipelines.Core.Runtime.Shared.dll (+pdb)
Processing assembly Library/Bee/artifacts/1900b0aEDbg.dag/Unity.RenderPipelines.Core.Runtime.Shared.dll, with 161 defines and 302 references

processors: Unity.Jobs.CodeGen.JobsILPostProcessor, zzzUnity.Burst.CodeGen.BurstILPostProcessor

running Unity.Jobs.CodeGen.JobsILPostProcessor

running zzzUnity.Burst.CodeGen.BurstILPostProcessor
[1257/1644  0s] ILPostProcess Library/Bee/artifacts/1900b0aEDbg.dag/post-processed/MoreMountains.Feedbacks.TextMeshPro.dll (+pdb)
Processing assembly Library/Bee/artifacts/1900b0aEDbg.dag/MoreMountains.Feedbacks.TextMeshPro.dll, with 161 defines and 304 references

processors: Unity.Jobs.CodeGen.JobsILPostProcessor, zzzUnity.Burst.CodeGen.BurstILPostProcessor

running Unity.Jobs.CodeGen.JobsILPostProcessor

running zzzUnity.Burst.CodeGen.BurstILPostProcessor
[1258/1644 15s] ILPostProcess Library/Bee/artifacts/1900b0aEDbg.dag/post-processed/AmplifyImpostors.Runtime.dll (+pdb)
Processing assembly Library/Bee/artifacts/1900b0aEDbg.dag/AmplifyImpostors.Runtime.dll, with 161 defines and 300 references

processors: Unity.Jobs.CodeGen.JobsILPostProcessor, zzzUnity.Burst.CodeGen.BurstILPostProcessor

running Unity.Jobs.CodeGen.JobsILPostProcessor

running zzzUnity.Burst.CodeGen.BurstILPostProcessor
[1259/1644  0s] ILPostProcess Library/Bee/artifacts/1900b0aEDbg.dag/post-processed/Unity.SurfaceCache.Runtime.dll (+pdb)
Processing assembly Library/Bee/artifacts/1900b0aEDbg.dag/Unity.SurfaceCache.Runtime.dll, with 161 defines and 304 references

processors: Unity.Jobs.CodeGen.JobsILPostProcessor, zzzUnity.Burst.CodeGen.BurstILPostProcessor

running Unity.Jobs.CodeGen.JobsILPostProcessor

running zzzUnity.Burst.CodeGen.BurstILPostProcessor
[1260/1644  0s] ILPostProcess Library/Bee/artifacts/1900b0aEDbg.dag/post-processed/MoreMountains.Feedbacks.MMTools.dll (+pdb)
Processing assembly Library/Bee/artifacts/1900b0aEDbg.dag/MoreMountains.Feedbacks.MMTools.dll, with 162 defines and 303 references

processors: Unity.Jobs.CodeGen.JobsILPostProcessor, zzzUnity.Burst.CodeGen.BurstILPostProcessor

running Unity.Jobs.CodeGen.JobsILPostProcessor

running zzzUnity.Burst.CodeGen.BurstILPostProcessor
[1261/1644  1s] ILPostProcess Library/Bee/artifacts/1900b0aEDbg.dag/post-processed/Unity.InputSystem.ForUI.dll (+pdb)
Processing assembly Library/Bee/artifacts/1900b0aEDbg.dag/Unity.InputSystem.ForUI.dll, with 161 defines and 301 references

processors: Unity.Jobs.CodeGen.JobsILPostProcessor, zzzUnity.Burst.CodeGen.BurstILPostProcessor

running Unity.Jobs.CodeGen.JobsILPostProcessor

running zzzUnity.Burst.CodeGen.BurstILPostProcessor
[1262/1644  0s] ILPostProcess Library/Bee/artifacts/1900b0aEDbg.dag/post-processed/MoreMountains.Feedbacks.Authorizations.dll (+pdb)
Processing assembly Library/Bee/artifacts/1900b0aEDbg.dag/MoreMountains.Feedbacks.Authorizations.dll, with 163 defines and 309 references

processors: Unity.Jobs.CodeGen.JobsILPostProcessor, zzzUnity.Burst.CodeGen.BurstILPostProcessor

running Unity.Jobs.CodeGen.JobsILPostProcessor

running zzzUnity.Burst.CodeGen.BurstILPostProcessor
[1263/1644  0s] ILPostProcess Library/Bee/artifacts/1900b0aEDbg.dag/post-processed/MoreMountains.Feedbacks.PostProcessing.dll (+pdb)
Processing assembly Library/Bee/artifacts/1900b0aEDbg.dag/MoreMountains.Feedbacks.PostProcessing.dll, with 161 defines and 302 references

processors: Unity.Jobs.CodeGen.JobsILPostProcessor, zzzUnity.Burst.CodeGen.BurstILPostProcessor

running Unity.Jobs.CodeGen.JobsILPostProcessor

running zzzUnity.Burst.CodeGen.BurstILPostProcessor
[1264/1644  1s] Csc Library/Bee/artifacts/1900b0aEDbg.dag/Assembly-CSharp-firstpass.dll (+2 others)
[1265/1644  0s] ILPostProcess Library/Bee/artifacts/1900b0aEDbg.dag/post-processed/TechniePhysicsCreator.dll (+pdb)
Processing assembly Library/Bee/artifacts/1900b0aEDbg.dag/TechniePhysicsCreator.dll, with 161 defines and 300 references

processors: Unity.Jobs.CodeGen.JobsILPostProcessor, zzzUnity.Burst.CodeGen.BurstILPostProcessor

running Unity.Jobs.CodeGen.JobsILPostProcessor

running zzzUnity.Burst.CodeGen.BurstILPostProcessor
[1266/1644  0s] ILPostProcess Library/Bee/artifacts/1900b0aEDbg.dag/post-processed/Unity.RenderPipelines.Universal.Shaders.dll (+pdb)
Processing assembly Library/Bee/artifacts/1900b0aEDbg.dag/Unity.RenderPipelines.Universal.Shaders.dll, with 161 defines and 300 references

processors: Unity.Jobs.CodeGen.JobsILPostProcessor, zzzUnity.Burst.CodeGen.BurstILPostProcessor

running Unity.Jobs.CodeGen.JobsILPostProcessor

running zzzUnity.Burst.CodeGen.BurstILPostProcessor
[1267/1644  0s] ILPostProcess Library/Bee/artifacts/1900b0aEDbg.dag/post-processed/Lofelt.NiceVibrations.Demo.dll (+pdb)
Processing assembly Library/Bee/artifacts/1900b0aEDbg.dag/Lofelt.NiceVibrations.Demo.dll, with 161 defines and 301 references

processors: Unity.Jobs.CodeGen.JobsILPostProcessor, zzzUnity.Burst.CodeGen.BurstILPostProcessor

running Unity.Jobs.CodeGen.JobsILPostProcessor

running zzzUnity.Burst.CodeGen.BurstILPostProcessor
[1268/1644  1s] ILPostProcess Library/Bee/artifacts/1900b0aEDbg.dag/post-processed/Hecton8.Bootstrap.Contracts.dll (+pdb)
Processing assembly Library/Bee/artifacts/1900b0aEDbg.dag/Hecton8.Bootstrap.Contracts.dll, with 161 defines and 300 references

processors: Unity.Jobs.CodeGen.JobsILPostProcessor, zzzUnity.Burst.CodeGen.BurstILPostProcessor

running Unity.Jobs.CodeGen.JobsILPostProcessor

running zzzUnity.Burst.CodeGen.BurstILPostProcessor
[1269/1644  0s] ILPostProcess Library/Bee/artifacts/1900b0aEDbg.dag/post-processed/MoreMountains.Tools.dll (+pdb)
Processing assembly Library/Bee/artifacts/1900b0aEDbg.dag/MoreMountains.Tools.dll, with 163 defines and 305 references

processors: Unity.Jobs.CodeGen.JobsILPostProcessor, zzzUnity.Burst.CodeGen.BurstILPostProcessor

running Unity.Jobs.CodeGen.JobsILPostProcessor

running zzzUnity.Burst.CodeGen.BurstILPostProcessor
[1270/1644  0s] ILPostProcess Library/Bee/artifacts/1900b0aEDbg.dag/post-processed/Tayx.Graphy.dll (+pdb)
Processing assembly Library/Bee/artifacts/1900b0aEDbg.dag/Tayx.Graphy.dll, with 163 defines and 301 references

processors: Unity.Jobs.CodeGen.JobsILPostProcessor, zzzUnity.Burst.CodeGen.BurstILPostProcessor

running Unity.Jobs.CodeGen.JobsILPostProcessor

running zzzUnity.Burst.CodeGen.BurstILPostProcessor
[1271/1644  0s] ILPostProcess Library/Bee/artifacts/1900b0aEDbg.dag/post-processed/MoreMountains.Feedbacks.NiceVibrations.dll (+pdb)
Processing assembly Library/Bee/artifacts/1900b0aEDbg.dag/MoreMountains.Feedbacks.NiceVibrations.dll, with 161 defines and 302 references

processors: Unity.Jobs.CodeGen.JobsILPostProcessor, zzzUnity.Burst.CodeGen.BurstILPostProcessor

running Unity.Jobs.CodeGen.JobsILPostProcessor

running zzzUnity.Burst.CodeGen.BurstILPostProcessor
[1272/1644  1s] Csc Library/Bee/artifacts/1900b0aEDbg.dag/Assembly-CSharp.dll (+2 others)
[1273/1644  0s] ILPostProcess Library/Bee/artifacts/1900b0aEDbg.dag/post-processed/MeshBakerCore.dll (+pdb)
Processing assembly Library/Bee/artifacts/1900b0aEDbg.dag/MeshBakerCore.dll, with 161 defines and 300 references

processors: Unity.Jobs.CodeGen.JobsILPostProcessor, zzzUnity.Burst.CodeGen.BurstILPostProcessor

running Unity.Jobs.CodeGen.JobsILPostProcessor

running zzzUnity.Burst.CodeGen.BurstILPostProcessor
[1274/1644  2s] Csc Library/Bee/artifacts/1900b0aEDbg.dag/Assembly-CSharp-Editor-firstpass.dll (+2 others)
[1275/1644  1s] ILPostProcess Library/Bee/artifacts/1900b0aEDbg.dag/post-processed/Unity.InternalAPIEngineBridge.RenderPipelines.Core.Runtime.Shared.dll (+pdb)
Processing assembly Library/Bee/artifacts/1900b0aEDbg.dag/Unity.InternalAPIEngineBridge.RenderPipelines.Core.Runtime.Shared.dll, with 161 defines and 300 references

processors: Unity.Jobs.CodeGen.JobsILPostProcessor, zzzUnity.Burst.CodeGen.BurstILPostProcessor

running Unity.Jobs.CodeGen.JobsILPostProcessor

running zzzUnity.Burst.CodeGen.BurstILPostProcessor
[1276/1644  1s] Csc Library/Bee/artifacts/1900b0aEDbg.dag/Assembly-CSharp-Editor.dll (+2 others)
[1277/1644  5s] ILPostProcess Library/Bee/artifacts/1900b0aEDbg.dag/post-processed/AstarPathfindingProject.dll (+pdb)
Processing assembly Library/Bee/artifacts/1900b0aEDbg.dag/AstarPathfindingProject.dll, with 161 defines and 300 references

processors: Unity.Jobs.CodeGen.JobsILPostProcessor, zzzUnity.Burst.CodeGen.BurstILPostProcessor

running Unity.Jobs.CodeGen.JobsILPostProcessor

running zzzUnity.Burst.CodeGen.BurstILPostProcessor
[1278/1644  5s] ILPostProcess Library/Bee/artifacts/1900b0aEDbg.dag/post-processed/Assembly-CSharp.dll (+pdb)
Processing assembly Library/Bee/artifacts/1900b0aEDbg.dag/Assembly-CSharp.dll, with 161 defines and 409 references

processors: Unity.Jobs.CodeGen.JobsILPostProcessor, zzzUnity.Burst.CodeGen.BurstILPostProcessor

running Unity.Jobs.CodeGen.JobsILPostProcessor

running zzzUnity.Burst.CodeGen.BurstILPostProcessor
[1279/1644  7s] ILPostProcess Library/Bee/artifacts/1900b0aEDbg.dag/post-processed/Unity.RenderPipelines.Universal.2D.Runtime.dll (+pdb)
Processing assembly Library/Bee/artifacts/1900b0aEDbg.dag/Unity.RenderPipelines.Universal.2D.Runtime.dll, with 164 defines and 305 references

processors: Unity.Jobs.CodeGen.JobsILPostProcessor, zzzUnity.Burst.CodeGen.BurstILPostProcessor

running Unity.Jobs.CodeGen.JobsILPostProcessor

running zzzUnity.Burst.CodeGen.BurstILPostProcessor
[1280/1644  6s] ILPostProcess Library/Bee/artifacts/1900b0aEDbg.dag/post-processed/Unity.Burst.dll (+pdb)
Processing assembly Library/Bee/artifacts/1900b0aEDbg.dag/Unity.Burst.dll, with 161 defines and 262 references

processors: Unity.Jobs.CodeGen.JobsILPostProcessor, zzzUnity.Burst.CodeGen.BurstILPostProcessor

running Unity.Jobs.CodeGen.JobsILPostProcessor

running zzzUnity.Burst.CodeGen.BurstILPostProcessor
[1281/1644  8s] ILPostProcess Library/Bee/artifacts/1900b0aEDbg.dag/post-processed/Unity.RenderPipelines.Universal.Runtime.dll (+pdb)
Processing assembly Library/Bee/artifacts/1900b0aEDbg.dag/Unity.RenderPipelines.Universal.Runtime.dll, with 167 defines and 310 references

processors: Unity.Jobs.CodeGen.JobsILPostProcessor, zzzUnity.Burst.CodeGen.BurstILPostProcessor

running Unity.Jobs.CodeGen.JobsILPostProcessor

running zzzUnity.Burst.CodeGen.BurstILPostProcessor
[1282/1644  5s] ILPostProcess Library/Bee/artifacts/1900b0aEDbg.dag/post-processed/Unity.UnifiedRayTracing.Runtime.dll (+pdb)
Processing assembly Library/Bee/artifacts/1900b0aEDbg.dag/Unity.UnifiedRayTracing.Runtime.dll, with 162 defines and 303 references

processors: Unity.Jobs.CodeGen.JobsILPostProcessor, zzzUnity.Burst.CodeGen.BurstILPostProcessor

running Unity.Jobs.CodeGen.JobsILPostProcessor

running zzzUnity.Burst.CodeGen.BurstILPostProcessor
[1283/1644  4s] ILPostProcess Library/Bee/artifacts/1900b0aEDbg.dag/post-processed/Unity.RenderPipeline.Universal.ShaderLibrary.dll (+pdb)
Processing assembly Library/Bee/artifacts/1900b0aEDbg.dag/Unity.RenderPipeline.Universal.ShaderLibrary.dll, with 161 defines and 301 references

processors: Unity.Jobs.CodeGen.JobsILPostProcessor, zzzUnity.Burst.CodeGen.BurstILPostProcessor

running Unity.Jobs.CodeGen.JobsILPostProcessor

running zzzUnity.Burst.CodeGen.BurstILPostProcessor
[1284/1644  0s] ILPostProcess Library/Bee/artifacts/1900b0aEDbg.dag/post-processed/JBooth.MicroSplat.Core.dll (+pdb)
Processing assembly Library/Bee/artifacts/1900b0aEDbg.dag/JBooth.MicroSplat.Core.dll, with 163 defines and 262 references

processors: Unity.Jobs.CodeGen.JobsILPostProcessor, zzzUnity.Burst.CodeGen.BurstILPostProcessor

running Unity.Jobs.CodeGen.JobsILPostProcessor

running zzzUnity.Burst.CodeGen.BurstILPostProcessor
[1285/1644  0s] ILPostProcess Library/Bee/artifacts/1900b0aEDbg.dag/post-processed/Unity.ProBuilder.Csg.dll (+pdb)
Processing assembly Library/Bee/artifacts/1900b0aEDbg.dag/Unity.ProBuilder.Csg.dll, with 161 defines and 300 references

processors: Unity.Jobs.CodeGen.JobsILPostProcessor, zzzUnity.Burst.CodeGen.BurstILPostProcessor

running Unity.Jobs.CodeGen.JobsILPostProcessor

running zzzUnity.Burst.CodeGen.BurstILPostProcessor
[1286/1644  3s] ILPostProcess Library/Bee/artifacts/1900b0aEDbg.dag/post-processed/Unity.InputSystem.dll (+pdb)
Processing assembly Library/Bee/artifacts/1900b0aEDbg.dag/Unity.InputSystem.dll, with 173 defines and 300 references

processors: Unity.Jobs.CodeGen.JobsILPostProcessor, zzzUnity.Burst.CodeGen.BurstILPostProcessor

running Unity.Jobs.CodeGen.JobsILPostProcessor

running zzzUnity.Burst.CodeGen.BurstILPostProcessor
[1287/1644  0s] ILPostProcess Library/Bee/artifacts/1900b0aEDbg.dag/post-processed/VolumetricLightBeam.dll (+pdb)
Processing assembly Library/Bee/artifacts/1900b0aEDbg.dag/VolumetricLightBeam.dll, with 161 defines and 302 references

processors: Unity.Jobs.CodeGen.JobsILPostProcessor, zzzUnity.Burst.CodeGen.BurstILPostProcessor

running Unity.Jobs.CodeGen.JobsILPostProcessor

running zzzUnity.Burst.CodeGen.BurstILPostProcessor
[1288/1644  0s] ILPostProcess Library/Bee/artifacts/1900b0aEDbg.dag/post-processed/Unity.TextMeshPro.dll (+pdb)
Processing assembly Library/Bee/artifacts/1900b0aEDbg.dag/Unity.TextMeshPro.dll, with 162 defines and 301 references

processors: Unity.Jobs.CodeGen.JobsILPostProcessor, zzzUnity.Burst.CodeGen.BurstILPostProcessor

running Unity.Jobs.CodeGen.JobsILPostProcessor

running zzzUnity.Burst.CodeGen.BurstILPostProcessor
[1289/1644  0s] ILPostProcess Library/Bee/artifacts/1900b0aEDbg.dag/post-processed/MapMagic.dll (+pdb)
Processing assembly Library/Bee/artifacts/1900b0aEDbg.dag/MapMagic.dll, with 161 defines and 301 references

processors: Unity.Jobs.CodeGen.JobsILPostProcessor, zzzUnity.Burst.CodeGen.BurstILPostProcessor

running Unity.Jobs.CodeGen.JobsILPostProcessor

running zzzUnity.Burst.CodeGen.BurstILPostProcessor
[1290/1644  0s] ILPostProcess Library/Bee/artifacts/1900b0aEDbg.dag/post-processed/MoreMountains.Feedbacks.Cinemachine.dll (+pdb)
Processing assembly Library/Bee/artifacts/1900b0aEDbg.dag/MoreMountains.Feedbacks.Cinemachine.dll, with 161 defines and 302 references

processors: Unity.Jobs.CodeGen.JobsILPostProcessor, zzzUnity.Burst.CodeGen.BurstILPostProcessor

running Unity.Jobs.CodeGen.JobsILPostProcessor

running zzzUnity.Burst.CodeGen.BurstILPostProcessor
[1291/1644  0s] ILPostProcess Library/Bee/artifacts/1900b0aEDbg.dag/post-processed/Unity.RenderPipelines.Universal.Config.Runtime.dll (+pdb)
Processing assembly Library/Bee/artifacts/1900b0aEDbg.dag/Unity.RenderPipelines.Universal.Config.Runtime.dll, with 161 defines and 301 references

processors: Unity.Jobs.CodeGen.JobsILPostProcessor, zzzUnity.Burst.CodeGen.BurstILPostProcessor

running Unity.Jobs.CodeGen.JobsILPostProcessor

running zzzUnity.Burst.CodeGen.BurstILPostProcessor
[1292/1644  0s] ILPostProcess Library/Bee/artifacts/1900b0aEDbg.dag/post-processed/EasySave3.dll (+pdb)
Processing assembly Library/Bee/artifacts/1900b0aEDbg.dag/EasySave3.dll, with 161 defines and 305 references

processors: Unity.Jobs.CodeGen.JobsILPostProcessor, zzzUnity.Burst.CodeGen.BurstILPostProcessor

running Unity.Jobs.CodeGen.JobsILPostProcessor

running zzzUnity.Burst.CodeGen.BurstILPostProcessor
[1293/1644  0s] ILPostProcess Library/Bee/artifacts/1900b0aEDbg.dag/post-processed/MCPForUnity.Runtime.dll (+pdb)
Processing assembly Library/Bee/artifacts/1900b0aEDbg.dag/MCPForUnity.Runtime.dll, with 161 defines and 300 references

processors: Unity.Jobs.CodeGen.JobsILPostProcessor, zzzUnity.Burst.CodeGen.BurstILPostProcessor

running Unity.Jobs.CodeGen.JobsILPostProcessor

running zzzUnity.Burst.CodeGen.BurstILPostProcessor
[1294/1644  0s] ILPostProcess Library/Bee/artifacts/1900b0aEDbg.dag/post-processed/Hecton8.Input.dll (+pdb)
Processing assembly Library/Bee/artifacts/1900b0aEDbg.dag/Hecton8.Input.dll, with 161 defines and 303 references

processors: Unity.Jobs.CodeGen.JobsILPostProcessor, zzzUnity.Burst.CodeGen.BurstILPostProcessor

running Unity.Jobs.CodeGen.JobsILPostProcessor

running zzzUnity.Burst.CodeGen.BurstILPostProcessor
[1295/1644  1s] ILPostProcess Library/Bee/artifacts/1900b0aEDbg.dag/post-processed/Assembly-CSharp-firstpass.dll (+pdb)
Processing assembly Library/Bee/artifacts/1900b0aEDbg.dag/Assembly-CSharp-firstpass.dll, with 161 defines and 408 references

processors: Unity.Jobs.CodeGen.JobsILPostProcessor, zzzUnity.Burst.CodeGen.BurstILPostProcessor

running Unity.Jobs.CodeGen.JobsILPostProcessor

running zzzUnity.Burst.CodeGen.BurstILPostProcessor
[1296/1644  0s] ILPostProcess Library/Bee/artifacts/1900b0aEDbg.dag/post-processed/Unity.InternalAPIEngineBridge.004.dll (+pdb)
Processing assembly Library/Bee/artifacts/1900b0aEDbg.dag/Unity.InternalAPIEngineBridge.004.dll, with 161 defines and 300 references

processors: Unity.Jobs.CodeGen.JobsILPostProcessor, zzzUnity.Burst.CodeGen.BurstILPostProcessor

running Unity.Jobs.CodeGen.JobsILPostProcessor

running zzzUnity.Burst.CodeGen.BurstILPostProcessor
[1297/1644  1s] ILPostProcess Library/Bee/artifacts/1900b0aEDbg.dag/post-processed/Crest.dll (+pdb)
Processing assembly Library/Bee/artifacts/1900b0aEDbg.dag/Crest.dll, with 167 defines and 305 references

processors: Unity.Jobs.CodeGen.JobsILPostProcessor, zzzUnity.Burst.CodeGen.BurstILPostProcessor

running Unity.Jobs.CodeGen.JobsILPostProcessor

running zzzUnity.Burst.CodeGen.BurstILPostProcessor
[1298/1644  0s] ILPostProcess Library/Bee/artifacts/1900b0aEDbg.dag/post-processed/Unity.RenderPipelines.ShaderGraph.ShaderGraphLibrary.dll (+pdb)
Processing assembly Library/Bee/artifacts/1900b0aEDbg.dag/Unity.RenderPipelines.ShaderGraph.ShaderGraphLibrary.dll, with 161 defines and 300 references

processors: Unity.Jobs.CodeGen.JobsILPostProcessor, zzzUnity.Burst.CodeGen.BurstILPostProcessor

running Unity.Jobs.CodeGen.JobsILPostProcessor

running zzzUnity.Burst.CodeGen.BurstILPostProcessor
[1299/1644  0s] ILPostProcess Library/Bee/artifacts/1900b0aEDbg.dag/post-processed/MapMagic.MicroSplat.dll (+pdb)
Processing assembly Library/Bee/artifacts/1900b0aEDbg.dag/MapMagic.MicroSplat.dll, with 161 defines and 290 references

processors: Unity.Jobs.CodeGen.JobsILPostProcessor, zzzUnity.Burst.CodeGen.BurstILPostProcessor

running Unity.Jobs.CodeGen.JobsILPostProcessor

running zzzUnity.Burst.CodeGen.BurstILPostProcessor
[1300/1644  0s] ILPostProcess Library/Bee/artifacts/1900b0aEDbg.dag/post-processed/Unity.Timeline.dll (+pdb)
Processing assembly Library/Bee/artifacts/1900b0aEDbg.dag/Unity.Timeline.dll, with 162 defines and 300 references

processors: Unity.Jobs.CodeGen.JobsILPostProcessor, zzzUnity.Burst.CodeGen.BurstILPostProcessor

running Unity.Jobs.CodeGen.JobsILPostProcessor

running zzzUnity.Burst.CodeGen.BurstILPostProcessor
[BUSY       6s] ILPostProcess Library/Bee/artifacts/1900b0aEDbg.dag/post-processed/Hecton8.Core.dll (+pdb)
[1301/1644  8s] ILPostProcess Library/Bee/artifacts/1900b0aEDbg.dag/post-processed/Unity.Collections.dll (+pdb)
Processing assembly Library/Bee/artifacts/1900b0aEDbg.dag/Unity.Collections.dll, with 163 defines and 302 references

processors: Unity.Jobs.CodeGen.JobsILPostProcessor, zzzUnity.Burst.CodeGen.BurstILPostProcessor

running Unity.Jobs.CodeGen.JobsILPostProcessor

running zzzUnity.Burst.CodeGen.BurstILPostProcessor
[1302/1644  8s] ILPostProcess Library/Bee/artifacts/1900b0aEDbg.dag/post-processed/Unity.RenderPipelines.GPUDriven.Runtime.dll (+pdb)
Processing assembly Library/Bee/artifacts/1900b0aEDbg.dag/Unity.RenderPipelines.GPUDriven.Runtime.dll, with 161 defines and 304 references

processors: Unity.Jobs.CodeGen.JobsILPostProcessor, zzzUnity.Burst.CodeGen.BurstILPostProcessor

running Unity.Jobs.CodeGen.JobsILPostProcessor

running zzzUnity.Burst.CodeGen.BurstILPostProcessor
[1303/1644  8s] ILPostProcess Library/Bee/artifacts/1900b0aEDbg.dag/post-processed/Unity.ProBuilder.Stl.dll (+pdb)
Processing assembly Library/Bee/artifacts/1900b0aEDbg.dag/Unity.ProBuilder.Stl.dll, with 161 defines and 300 references

processors: Unity.Jobs.CodeGen.JobsILPostProcessor, zzzUnity.Burst.CodeGen.BurstILPostProcessor

running Unity.Jobs.CodeGen.JobsILPostProcessor

running zzzUnity.Burst.CodeGen.BurstILPostProcessor
[1304/1644  9s] ILPostProcess Library/Bee/artifacts/1900b0aEDbg.dag/post-processed/Hecton8.Core.dll (+pdb)
Processing assembly Library/Bee/artifacts/1900b0aEDbg.dag/Hecton8.Core.dll, with 161 defines and 321 references

processors: Unity.Jobs.CodeGen.JobsILPostProcessor, zzzUnity.Burst.CodeGen.BurstILPostProcessor

running Unity.Jobs.CodeGen.JobsILPostProcessor

running zzzUnity.Burst.CodeGen.BurstILPostProcessor
[1305/1644  8s] ILPostProcess Library/Bee/artifacts/1900b0aEDbg.dag/post-processed/Unity.MemoryProfiler.dll (+pdb)
Processing assembly Library/Bee/artifacts/1900b0aEDbg.dag/Unity.MemoryProfiler.dll, with 162 defines and 300 references

processors: Unity.Jobs.CodeGen.JobsILPostProcessor, zzzUnity.Burst.CodeGen.BurstILPostProcessor

running Unity.Jobs.CodeGen.JobsILPostProcessor

running zzzUnity.Burst.CodeGen.BurstILPostProcessor
[1306/1644  8s] ILPostProcess Library/Bee/artifacts/1900b0aEDbg.dag/post-processed/ShapesRuntime.dll (+pdb)
Processing assembly Library/Bee/artifacts/1900b0aEDbg.dag/ShapesRuntime.dll, with 161 defines and 303 references

processors: Unity.Jobs.CodeGen.JobsILPostProcessor, zzzUnity.Burst.CodeGen.BurstILPostProcessor

running Unity.Jobs.CodeGen.JobsILPostProcessor

running zzzUnity.Burst.CodeGen.BurstILPostProcessor
[1307/1644  8s] ILPostProcess Library/Bee/artifacts/1900b0aEDbg.dag/post-processed/Hecton8.World.Contracts.dll (+pdb)
Processing assembly Library/Bee/artifacts/1900b0aEDbg.dag/Hecton8.World.Contracts.dll, with 161 defines and 302 references

processors: Unity.Jobs.CodeGen.JobsILPostProcessor, zzzUnity.Burst.CodeGen.BurstILPostProcessor

running Unity.Jobs.CodeGen.JobsILPostProcessor

running zzzUnity.Burst.CodeGen.BurstILPostProcessor
[1308/1644  8s] ILPostProcess Library/Bee/artifacts/1900b0aEDbg.dag/post-processed/Unity.SharpZipLib.Utils.dll (+pdb)
Processing assembly Library/Bee/artifacts/1900b0aEDbg.dag/Unity.SharpZipLib.Utils.dll, with 161 defines and 300 references

processors: Unity.Jobs.CodeGen.JobsILPostProcessor, zzzUnity.Burst.CodeGen.BurstILPostProcessor

running Unity.Jobs.CodeGen.JobsILPostProcessor

running zzzUnity.Burst.CodeGen.BurstILPostProcessor
[1309/1644  0s] ILPostProcess Library/Bee/artifacts/1900b0aEDbg.dag/post-processed/Unity.AI.Navigation.dll (+pdb)
Processing assembly Library/Bee/artifacts/1900b0aEDbg.dag/Unity.AI.Navigation.dll, with 162 defines and 300 references

processors: Unity.Jobs.CodeGen.JobsILPostProcessor, zzzUnity.Burst.CodeGen.BurstILPostProcessor

running Unity.Jobs.CodeGen.JobsILPostProcessor

running zzzUnity.Burst.CodeGen.BurstILPostProcessor
[1310/1644  0s] ILPostProcess Library/Bee/artifacts/1900b0aEDbg.dag/post-processed/Den.Tools.dll (+pdb)
Processing assembly Library/Bee/artifacts/1900b0aEDbg.dag/Den.Tools.dll, with 161 defines and 300 references

processors: Unity.Jobs.CodeGen.JobsILPostProcessor, zzzUnity.Burst.CodeGen.BurstILPostProcessor

running Unity.Jobs.CodeGen.JobsILPostProcessor

running zzzUnity.Burst.CodeGen.BurstILPostProcessor
[1311/1644  0s] ILPostProcess Library/Bee/artifacts/1900b0aEDbg.dag/post-processed/Unity.ProBuilder.KdTree.dll (+pdb)
Processing assembly Library/Bee/artifacts/1900b0aEDbg.dag/Unity.ProBuilder.KdTree.dll, with 161 defines and 300 references

processors: Unity.Jobs.CodeGen.JobsILPostProcessor, zzzUnity.Burst.CodeGen.BurstILPostProcessor

running Unity.Jobs.CodeGen.JobsILPostProcessor

running zzzUnity.Burst.CodeGen.BurstILPostProcessor
[1312/1644  0s] ILPostProcess Library/Bee/artifacts/1900b0aEDbg.dag/post-processed/Unity.ProBuilder.Poly2Tri.dll (+pdb)
Processing assembly Library/Bee/artifacts/1900b0aEDbg.dag/Unity.ProBuilder.Poly2Tri.dll, with 161 defines and 300 references

processors: Unity.Jobs.CodeGen.JobsILPostProcessor, zzzUnity.Burst.CodeGen.BurstILPostProcessor

running Unity.Jobs.CodeGen.JobsILPostProcessor

running zzzUnity.Burst.CodeGen.BurstILPostProcessor
[1313/1644  0s] ILPostProcess Library/Bee/artifacts/1900b0aEDbg.dag/post-processed/Hecton8.Input.Generated.dll (+pdb)
Processing assembly Library/Bee/artifacts/1900b0aEDbg.dag/Hecton8.Input.Generated.dll, with 161 defines and 301 references

processors: Unity.Jobs.CodeGen.JobsILPostProcessor, zzzUnity.Burst.CodeGen.BurstILPostProcessor

running Unity.Jobs.CodeGen.JobsILPostProcessor

running zzzUnity.Burst.CodeGen.BurstILPostProcessor
[1314/1644  0s] ILPostProcess Library/Bee/artifacts/1900b0aEDbg.dag/post-processed/Unity.Mathematics.dll (+pdb)
Processing assembly Library/Bee/artifacts/1900b0aEDbg.dag/Unity.Mathematics.dll, with 161 defines and 300 references

processors: Unity.Jobs.CodeGen.JobsILPostProcessor, zzzUnity.Burst.CodeGen.BurstILPostProcessor

running Unity.Jobs.CodeGen.JobsILPostProcessor

running zzzUnity.Burst.CodeGen.BurstILPostProcessor
[1315/1644  0s] ILPostProcess Library/Bee/artifacts/1900b0aEDbg.dag/post-processed/RealtimeCSG.dll (+pdb)
Processing assembly Library/Bee/artifacts/1900b0aEDbg.dag/RealtimeCSG.dll, with 161 defines and 287 references

processors: Unity.Jobs.CodeGen.JobsILPostProcessor, zzzUnity.Burst.CodeGen.BurstILPostProcessor

running Unity.Jobs.CodeGen.JobsILPostProcessor

running zzzUnity.Burst.CodeGen.BurstILPostProcessor
[1316/1644  0s] ILPostProcess Library/Bee/artifacts/1900b0aEDbg.dag/post-processed/WaveHarmonic.Crest.Scripting.dll (+pdb)
Processing assembly Library/Bee/artifacts/1900b0aEDbg.dag/WaveHarmonic.Crest.Scripting.dll, with 161 defines and 302 references

processors: Unity.Jobs.CodeGen.JobsILPostProcessor, zzzUnity.Burst.CodeGen.BurstILPostProcessor

running Unity.Jobs.CodeGen.JobsILPostProcessor

running zzzUnity.Burst.CodeGen.BurstILPostProcessor
[1317/1644  0s] ILPostProcess Library/Bee/artifacts/1900b0aEDbg.dag/post-processed/Unity.Profiling.Core.dll (+pdb)
Processing assembly Library/Bee/artifacts/1900b0aEDbg.dag/Unity.Profiling.Core.dll, with 161 defines and 300 references

processors: Unity.Jobs.CodeGen.JobsILPostProcessor, zzzUnity.Burst.CodeGen.BurstILPostProcessor

running Unity.Jobs.CodeGen.JobsILPostProcessor

running zzzUnity.Burst.CodeGen.BurstILPostProcessor
[1318/1644  0s] ILPostProcess Library/Bee/artifacts/1900b0aEDbg.dag/post-processed/GPUInstancer.dll (+pdb)
Processing assembly Library/Bee/artifacts/1900b0aEDbg.dag/GPUInstancer.dll, with 166 defines and 302 references

processors: Unity.Jobs.CodeGen.JobsILPostProcessor, zzzUnity.Burst.CodeGen.BurstILPostProcessor

running Unity.Jobs.CodeGen.JobsILPostProcessor

running zzzUnity.Burst.CodeGen.BurstILPostProcessor
[1319/1644  0s] ILPostProcess Library/Bee/artifacts/1900b0aEDbg.dag/post-processed/UnityEngine.UI.dll (+pdb)
Processing assembly Library/Bee/artifacts/1900b0aEDbg.dag/UnityEngine.UI.dll, with 167 defines and 298 references

processors: Unity.Jobs.CodeGen.JobsILPostProcessor, zzzUnity.Burst.CodeGen.BurstILPostProcessor

running Unity.Jobs.CodeGen.JobsILPostProcessor

running zzzUnity.Burst.CodeGen.BurstILPostProcessor
[1320/1644  0s] ILPostProcess Library/Bee/artifacts/1900b0aEDbg.dag/post-processed/MoreMountains.Feedbacks.URP.dll (+pdb)
Processing assembly Library/Bee/artifacts/1900b0aEDbg.dag/MoreMountains.Feedbacks.URP.dll, with 162 defines and 304 references

processors: Unity.Jobs.CodeGen.JobsILPostProcessor, zzzUnity.Burst.CodeGen.BurstILPostProcessor

running Unity.Jobs.CodeGen.JobsILPostProcessor

running zzzUnity.Burst.CodeGen.BurstILPostProcessor
[1321/1644  0s] ILPostProcess Library/Bee/artifacts/1900b0aEDbg.dag/post-processed/Unity.ProBuilder.dll (+pdb)
Processing assembly Library/Bee/artifacts/1900b0aEDbg.dag/Unity.ProBuilder.dll, with 162 defines and 302 references

processors: Unity.Jobs.CodeGen.JobsILPostProcessor, zzzUnity.Burst.CodeGen.BurstILPostProcessor

running Unity.Jobs.CodeGen.JobsILPostProcessor

running zzzUnity.Burst.CodeGen.BurstILPostProcessor
[1322/1644  0s] ILPostProcess Library/Bee/artifacts/1900b0aEDbg.dag/post-processed/Unity.RenderPipelines.Core.ShaderLibrary.dll (+pdb)
Processing assembly Library/Bee/artifacts/1900b0aEDbg.dag/Unity.RenderPipelines.Core.ShaderLibrary.dll, with 161 defines and 300 references

processors: Unity.Jobs.CodeGen.JobsILPostProcessor, zzzUnity.Burst.CodeGen.BurstILPostProcessor

running Unity.Jobs.CodeGen.JobsILPostProcessor

running zzzUnity.Burst.CodeGen.BurstILPostProcessor
[1323/1644  0s] ILPostProcess Library/Bee/artifacts/1900b0aEDbg.dag/post-processed/WaveHarmonic.Crest.Shared.dll (+pdb)
Processing assembly Library/Bee/artifacts/1900b0aEDbg.dag/WaveHarmonic.Crest.Shared.dll, with 163 defines and 289 references

processors: Unity.Jobs.CodeGen.JobsILPostProcessor, zzzUnity.Burst.CodeGen.BurstILPostProcessor

running Unity.Jobs.CodeGen.JobsILPostProcessor

running zzzUnity.Burst.CodeGen.BurstILPostProcessor
[1324/1644  0s] ILPostProcess Library/Bee/artifacts/1900b0aEDbg.dag/post-processed/MoreMountains.Feedbacks.HDRP.dll (+pdb)
Processing assembly Library/Bee/artifacts/1900b0aEDbg.dag/MoreMountains.Feedbacks.HDRP.dll, with 161 defines and 303 references

processors: Unity.Jobs.CodeGen.JobsILPostProcessor, zzzUnity.Burst.CodeGen.BurstILPostProcessor

running Unity.Jobs.CodeGen.JobsILPostProcessor

running zzzUnity.Burst.CodeGen.BurstILPostProcessor
[1325/1644  0s] ILPostProcess Library/Bee/artifacts/1900b0aEDbg.dag/post-processed/Unity.VisualScripting.Flow.dll (+pdb)
Processing assembly Library/Bee/artifacts/1900b0aEDbg.dag/Unity.VisualScripting.Flow.dll, with 169 defines and 302 references

processors: Unity.Jobs.CodeGen.JobsILPostProcessor, zzzUnity.Burst.CodeGen.BurstILPostProcessor

running Unity.Jobs.CodeGen.JobsILPostProcessor

running zzzUnity.Burst.CodeGen.BurstILPostProcessor
[1326/1644  0s] ILPostProcess Library/Bee/artifacts/1900b0aEDbg.dag/post-processed/BakeryEditorAssembly.dll (+pdb)
Processing assembly Library/Bee/artifacts/1900b0aEDbg.dag/BakeryEditorAssembly.dll, with 159 defines and 309 references

processors: Unity.Jobs.CodeGen.JobsILPostProcessor, zzzUnity.Burst.CodeGen.BurstILPostProcessor

running Unity.Jobs.CodeGen.JobsILPostProcessor

running zzzUnity.Burst.CodeGen.BurstILPostProcessor
[1327/1644  0s] ILPostProcess Library/Bee/artifacts/1900b0aEDbg.dag/post-processed/Unity.VisualScripting.State.Editor.dll (+pdb)
Processing assembly Library/Bee/artifacts/1900b0aEDbg.dag/Unity.VisualScripting.State.Editor.dll, with 159 defines and 313 references

processors: Unity.Jobs.CodeGen.JobsILPostProcessor, zzzUnity.Burst.CodeGen.BurstILPostProcessor

running Unity.Jobs.CodeGen.JobsILPostProcessor

running zzzUnity.Burst.CodeGen.BurstILPostProcessor
[1328/1644  0s] ILPostProcess Library/Bee/artifacts/1900b0aEDbg.dag/post-processed/Unity.VisualScripting.Core.dll (+pdb)
Processing assembly Library/Bee/artifacts/1900b0aEDbg.dag/Unity.VisualScripting.Core.dll, with 166 defines and 301 references

processors: Unity.Jobs.CodeGen.JobsILPostProcessor, zzzUnity.Burst.CodeGen.BurstILPostProcessor

running Unity.Jobs.CodeGen.JobsILPostProcessor

running zzzUnity.Burst.CodeGen.BurstILPostProcessor
[1329/1644  0s] ILPostProcess Library/Bee/artifacts/1900b0aEDbg.dag/post-processed/MapMagic.Editor.dll (+pdb)
Processing assembly Library/Bee/artifacts/1900b0aEDbg.dag/MapMagic.Editor.dll, with 159 defines and 311 references

processors: Unity.Jobs.CodeGen.JobsILPostProcessor, zzzUnity.Burst.CodeGen.BurstILPostProcessor

running Unity.Jobs.CodeGen.JobsILPostProcessor

running zzzUnity.Burst.CodeGen.BurstILPostProcessor
[1330/1644  1s] ILPostProcess Library/Bee/artifacts/1900b0aEDbg.dag/post-processed/Unity.PathTracing.Runtime.dll (+pdb)
Processing assembly Library/Bee/artifacts/1900b0aEDbg.dag/Unity.PathTracing.Runtime.dll, with 162 defines and 304 references

processors: Unity.Jobs.CodeGen.JobsILPostProcessor, zzzUnity.Burst.CodeGen.BurstILPostProcessor

running Unity.Jobs.CodeGen.JobsILPostProcessor

running zzzUnity.Burst.CodeGen.BurstILPostProcessor
[1331/1644  0s] ILPostProcess Library/Bee/artifacts/1900b0aEDbg.dag/post-processed/Unity.Rendering.LightTransport.Editor.dll (+pdb)
Processing assembly Library/Bee/artifacts/1900b0aEDbg.dag/Unity.Rendering.LightTransport.Editor.dll, with 159 defines and 308 references

processors: Unity.Jobs.CodeGen.JobsILPostProcessor, zzzUnity.Burst.CodeGen.BurstILPostProcessor

running Unity.Jobs.CodeGen.JobsILPostProcessor

running zzzUnity.Burst.CodeGen.BurstILPostProcessor
[1332/1644  0s] ILPostProcess Library/Bee/artifacts/1900b0aEDbg.dag/post-processed/Lofelt.NiceVibrations.Editor.dll (+pdb)
Processing assembly Library/Bee/artifacts/1900b0aEDbg.dag/Lofelt.NiceVibrations.Editor.dll, with 159 defines and 309 references

processors: Unity.Jobs.CodeGen.JobsILPostProcessor, zzzUnity.Burst.CodeGen.BurstILPostProcessor

running Unity.Jobs.CodeGen.JobsILPostProcessor

running zzzUnity.Burst.CodeGen.BurstILPostProcessor
[1333/1644  0s] ILPostProcess Library/Bee/artifacts/1900b0aEDbg.dag/post-processed/Unity.Collections.Editor.dll (+pdb)
Processing assembly Library/Bee/artifacts/1900b0aEDbg.dag/Unity.Collections.Editor.dll, with 160 defines and 309 references

processors: Unity.Jobs.CodeGen.JobsILPostProcessor, zzzUnity.Burst.CodeGen.BurstILPostProcessor

running Unity.Jobs.CodeGen.JobsILPostProcessor

running zzzUnity.Burst.CodeGen.BurstILPostProcessor
[1334/1644  2s] ILPostProcess Library/Bee/artifacts/1900b0aEDbg.dag/post-processed/Unity.RenderPipelines.Core.Runtime.dll (+pdb)
Processing assembly Library/Bee/artifacts/1900b0aEDbg.dag/Unity.RenderPipelines.Core.Runtime.dll, with 165 defines and 304 references

processors: Unity.Jobs.CodeGen.JobsILPostProcessor, zzzUnity.Burst.CodeGen.BurstILPostProcessor

running Unity.Jobs.CodeGen.JobsILPostProcessor

running zzzUnity.Burst.CodeGen.BurstILPostProcessor
[1335/1644  0s] ILPostProcess Library/Bee/artifacts/1900b0aEDbg.dag/post-processed/Unity.ShaderGraph.Utilities.dll (+pdb)
Processing assembly Library/Bee/artifacts/1900b0aEDbg.dag/Unity.ShaderGraph.Utilities.dll, with 159 defines and 308 references

processors: Unity.Jobs.CodeGen.JobsILPostProcessor, zzzUnity.Burst.CodeGen.BurstILPostProcessor

running Unity.Jobs.CodeGen.JobsILPostProcessor

running zzzUnity.Burst.CodeGen.BurstILPostProcessor
[1336/1644  0s] ILPostProcess Library/Bee/artifacts/1900b0aEDbg.dag/post-processed/MoreMountains.Feedbacks.Editor.dll (+pdb)
Processing assembly Library/Bee/artifacts/1900b0aEDbg.dag/MoreMountains.Feedbacks.Editor.dll, with 159 defines and 309 references

processors: Unity.Jobs.CodeGen.JobsILPostProcessor, zzzUnity.Burst.CodeGen.BurstILPostProcessor

running Unity.Jobs.CodeGen.JobsILPostProcessor

running zzzUnity.Burst.CodeGen.BurstILPostProcessor
[1337/1644  0s] ILPostProcess Library/Bee/artifacts/1900b0aEDbg.dag/post-processed/Sirenix.OdinInspector.Modules.UnityMathematics.dll (+pdb)
Processing assembly Library/Bee/artifacts/1900b0aEDbg.dag/Sirenix.OdinInspector.Modules.UnityMathematics.dll, with 159 defines and 309 references

processors: Unity.Jobs.CodeGen.JobsILPostProcessor, zzzUnity.Burst.CodeGen.BurstILPostProcessor

running Unity.Jobs.CodeGen.JobsILPostProcessor

running zzzUnity.Burst.CodeGen.BurstILPostProcessor
[1338/1644  0s] ILPostProcess Library/Bee/artifacts/1900b0aEDbg.dag/post-processed/WaveHarmonic.Crest.Editor.dll (+pdb)
Processing assembly Library/Bee/artifacts/1900b0aEDbg.dag/WaveHarmonic.Crest.Editor.dll, with 162 defines and 316 references

processors: Unity.Jobs.CodeGen.JobsILPostProcessor, zzzUnity.Burst.CodeGen.BurstILPostProcessor

running Unity.Jobs.CodeGen.JobsILPostProcessor

running zzzUnity.Burst.CodeGen.BurstILPostProcessor
[1339/1644  0s] ILPostProcess Library/Bee/artifacts/1900b0aEDbg.dag/post-processed/Technie.PhysicsCreator.Updater.dll (+pdb)
Processing assembly Library/Bee/artifacts/1900b0aEDbg.dag/Technie.PhysicsCreator.Updater.dll, with 159 defines and 308 references

processors: Unity.Jobs.CodeGen.JobsILPostProcessor, zzzUnity.Burst.CodeGen.BurstILPostProcessor

running Unity.Jobs.CodeGen.JobsILPostProcessor

running zzzUnity.Burst.CodeGen.BurstILPostProcessor
[1340/1644  0s] ILPostProcess Library/Bee/artifacts/1900b0aEDbg.dag/post-processed/Unity.RenderPipelines.Universal.Editor.dll (+pdb)
Processing assembly Library/Bee/artifacts/1900b0aEDbg.dag/Unity.RenderPipelines.Universal.Editor.dll, with 160 defines and 321 references

processors: Unity.Jobs.CodeGen.JobsILPostProcessor, zzzUnity.Burst.CodeGen.BurstILPostProcessor

running Unity.Jobs.CodeGen.JobsILPostProcessor

running zzzUnity.Burst.CodeGen.BurstILPostProcessor
[1341/1644  0s] ILPostProcess Library/Bee/artifacts/1900b0aEDbg.dag/post-processed/ShapesEditor.dll (+pdb)
Processing assembly Library/Bee/artifacts/1900b0aEDbg.dag/ShapesEditor.dll, with 159 defines and 312 references

processors: Unity.Jobs.CodeGen.JobsILPostProcessor, zzzUnity.Burst.CodeGen.BurstILPostProcessor

running Unity.Jobs.CodeGen.JobsILPostProcessor

running zzzUnity.Burst.CodeGen.BurstILPostProcessor
[1342/1644  0s] ILPostProcess Library/Bee/artifacts/1900b0aEDbg.dag/post-processed/Unity.Timeline.Editor.dll (+pdb)
Processing assembly Library/Bee/artifacts/1900b0aEDbg.dag/Unity.Timeline.Editor.dll, with 160 defines and 309 references

processors: Unity.Jobs.CodeGen.JobsILPostProcessor, zzzUnity.Burst.CodeGen.BurstILPostProcessor

running Unity.Jobs.CodeGen.JobsILPostProcessor

running zzzUnity.Burst.CodeGen.BurstILPostProcessor
[1343/1644  0s] ILPostProcess Library/Bee/artifacts/1900b0aEDbg.dag/post-processed/Unity.AI.Navigation.Updater.dll (+pdb)
Processing assembly Library/Bee/artifacts/1900b0aEDbg.dag/Unity.AI.Navigation.Updater.dll, with 159 defines and 311 references

processors: Unity.Jobs.CodeGen.JobsILPostProcessor, zzzUnity.Burst.CodeGen.BurstILPostProcessor

running Unity.Jobs.CodeGen.JobsILPostProcessor

running zzzUnity.Burst.CodeGen.BurstILPostProcessor
[1344/1644  0s] ILPostProcess Library/Bee/artifacts/1900b0aEDbg.dag/post-processed/Unity.PlasticSCM.Editor.Entities.dll (+pdb)
Processing assembly Library/Bee/artifacts/1900b0aEDbg.dag/Unity.PlasticSCM.Editor.Entities.dll, with 159 defines and 309 references

processors: Unity.Jobs.CodeGen.JobsILPostProcessor, zzzUnity.Burst.CodeGen.BurstILPostProcessor

running Unity.Jobs.CodeGen.JobsILPostProcessor

running zzzUnity.Burst.CodeGen.BurstILPostProcessor
[1345/1644  1s] ILPostProcess Library/Bee/artifacts/1900b0aEDbg.dag/post-processed/Unity.RenderPipelines.Core.Editor.dll (+pdb)
Processing assembly Library/Bee/artifacts/1900b0aEDbg.dag/Unity.RenderPipelines.Core.Editor.dll, with 161 defines and 316 references

processors: Unity.Jobs.CodeGen.JobsILPostProcessor, zzzUnity.Burst.CodeGen.BurstILPostProcessor

running Unity.Jobs.CodeGen.JobsILPostProcessor

running zzzUnity.Burst.CodeGen.BurstILPostProcessor
[1346/1644  0s] ILPostProcess Library/Bee/artifacts/1900b0aEDbg.dag/post-processed/Unity.InternalAPIEditorBridge.ShaderGraph.Editor.dll (+pdb)
Processing assembly Library/Bee/artifacts/1900b0aEDbg.dag/Unity.InternalAPIEditorBridge.ShaderGraph.Editor.dll, with 159 defines and 308 references

processors: Unity.Jobs.CodeGen.JobsILPostProcessor, zzzUnity.Burst.CodeGen.BurstILPostProcessor

running Unity.Jobs.CodeGen.JobsILPostProcessor

running zzzUnity.Burst.CodeGen.BurstILPostProcessor
[1347/1644  0s] ILPostProcess Library/Bee/artifacts/1900b0aEDbg.dag/post-processed/Unity.Searcher.Editor.dll (+pdb)
Processing assembly Library/Bee/artifacts/1900b0aEDbg.dag/Unity.Searcher.Editor.dll, with 159 defines and 308 references

processors: Unity.Jobs.CodeGen.JobsILPostProcessor, zzzUnity.Burst.CodeGen.BurstILPostProcessor

running Unity.Jobs.CodeGen.JobsILPostProcessor

running zzzUnity.Burst.CodeGen.BurstILPostProcessor
[1348/1644  0s] ILPostProcess Library/Bee/artifacts/1900b0aEDbg.dag/post-processed/Unity.2D.Sprite.Editor.dll (+pdb)
Processing assembly Library/Bee/artifacts/1900b0aEDbg.dag/Unity.2D.Sprite.Editor.dll, with 159 defines and 308 references

processors: Unity.Jobs.CodeGen.JobsILPostProcessor, zzzUnity.Burst.CodeGen.BurstILPostProcessor

running Unity.Jobs.CodeGen.JobsILPostProcessor

running zzzUnity.Burst.CodeGen.BurstILPostProcessor
[1349/1644  0s] ILPostProcess Library/Bee/artifacts/1900b0aEDbg.dag/post-processed/Unity.Mathematics.Editor.dll (+pdb)
Processing assembly Library/Bee/artifacts/1900b0aEDbg.dag/Unity.Mathematics.Editor.dll, with 159 defines and 309 references

processors: Unity.Jobs.CodeGen.JobsILPostProcessor, zzzUnity.Burst.CodeGen.BurstILPostProcessor

running Unity.Jobs.CodeGen.JobsILPostProcessor

running zzzUnity.Burst.CodeGen.BurstILPostProcessor
[1350/1644  0s] ILPostProcess Library/Bee/artifacts/1900b0aEDbg.dag/post-processed/Unity.ProBuilder.AssetIdRemapUtility.dll (+pdb)
Processing assembly Library/Bee/artifacts/1900b0aEDbg.dag/Unity.ProBuilder.AssetIdRemapUtility.dll, with 159 defines and 308 references

processors: Unity.Jobs.CodeGen.JobsILPostProcessor, zzzUnity.Burst.CodeGen.BurstILPostProcessor

running Unity.Jobs.CodeGen.JobsILPostProcessor

running zzzUnity.Burst.CodeGen.BurstILPostProcessor
[1351/1644  0s] ILPostProcess Library/Bee/artifacts/1900b0aEDbg.dag/post-processed/Crest.Helpers.Editor.dll (+pdb)
Processing assembly Library/Bee/artifacts/1900b0aEDbg.dag/Crest.Helpers.Editor.dll, with 160 defines and 310 references

processors: Unity.Jobs.CodeGen.JobsILPostProcessor, zzzUnity.Burst.CodeGen.BurstILPostProcessor

running Unity.Jobs.CodeGen.JobsILPostProcessor

running zzzUnity.Burst.CodeGen.BurstILPostProcessor
[1352/1644  0s] ILPostProcess Library/Bee/artifacts/1900b0aEDbg.dag/post-processed/JBooth.MicroSplat.Core.Editor.dll (+pdb)
Processing assembly Library/Bee/artifacts/1900b0aEDbg.dag/JBooth.MicroSplat.Core.Editor.dll, with 161 defines and 270 references

processors: Unity.Jobs.CodeGen.JobsILPostProcessor, zzzUnity.Burst.CodeGen.BurstILPostProcessor

running Unity.Jobs.CodeGen.JobsILPostProcessor

running zzzUnity.Burst.CodeGen.BurstILPostProcessor
[1353/1644  0s] ILPostProcess Library/Bee/artifacts/1900b0aEDbg.dag/post-processed/MoreMountains.Tools.Editor.dll (+pdb)
Processing assembly Library/Bee/artifacts/1900b0aEDbg.dag/MoreMountains.Tools.Editor.dll, with 159 defines and 309 references

processors: Unity.Jobs.CodeGen.JobsILPostProcessor, zzzUnity.Burst.CodeGen.BurstILPostProcessor

running Unity.Jobs.CodeGen.JobsILPostProcessor

running zzzUnity.Burst.CodeGen.BurstILPostProcessor
[1354/1644  0s] ILPostProcess Library/Bee/artifacts/1900b0aEDbg.dag/post-processed/WaveHarmonic.Crest.Editor.Dependents.dll (+pdb)
Processing assembly Library/Bee/artifacts/1900b0aEDbg.dag/WaveHarmonic.Crest.Editor.Dependents.dll, with 159 defines and 308 references

processors: Unity.Jobs.CodeGen.JobsILPostProcessor, zzzUnity.Burst.CodeGen.BurstILPostProcessor

running Unity.Jobs.CodeGen.JobsILPostProcessor

running zzzUnity.Burst.CodeGen.BurstILPostProcessor
[1355/1644  0s] ILPostProcess Library/Bee/artifacts/1900b0aEDbg.dag/post-processed/UnityEditor.UI.dll (+pdb)
Processing assembly Library/Bee/artifacts/1900b0aEDbg.dag/UnityEditor.UI.dll, with 162 defines and 307 references

processors: Unity.Jobs.CodeGen.JobsILPostProcessor, zzzUnity.Burst.CodeGen.BurstILPostProcessor

running Unity.Jobs.CodeGen.JobsILPostProcessor

running zzzUnity.Burst.CodeGen.BurstILPostProcessor
[1356/1644  1s] ILPostProcess Library/Bee/artifacts/1900b0aEDbg.dag/post-processed/AstarPathfindingProjectEditor.dll (+pdb)
Processing assembly Library/Bee/artifacts/1900b0aEDbg.dag/AstarPathfindingProjectEditor.dll, with 159 defines and 310 references

processors: Unity.Jobs.CodeGen.JobsILPostProcessor, zzzUnity.Burst.CodeGen.BurstILPostProcessor

running Unity.Jobs.CodeGen.JobsILPostProcessor

running zzzUnity.Burst.CodeGen.BurstILPostProcessor
[1357/1644  1s] ILPostProcess Library/Bee/artifacts/1900b0aEDbg.dag/post-processed/MeshBakerEditor.dll (+pdb)
Processing assembly Library/Bee/artifacts/1900b0aEDbg.dag/MeshBakerEditor.dll, with 159 defines and 309 references

processors: Unity.Jobs.CodeGen.JobsILPostProcessor, zzzUnity.Burst.CodeGen.BurstILPostProcessor

running Unity.Jobs.CodeGen.JobsILPostProcessor

running zzzUnity.Burst.CodeGen.BurstILPostProcessor
[1358/1644  0s] ILPostProcess Library/Bee/artifacts/1900b0aEDbg.dag/post-processed/VolumetricLightBeam.Editor.dll (+pdb)
Processing assembly Library/Bee/artifacts/1900b0aEDbg.dag/VolumetricLightBeam.Editor.dll, with 159 defines and 309 references

processors: Unity.Jobs.CodeGen.JobsILPostProcessor, zzzUnity.Burst.CodeGen.BurstILPostProcessor

running Unity.Jobs.CodeGen.JobsILPostProcessor

running zzzUnity.Burst.CodeGen.BurstILPostProcessor
[1359/1644  0s] ILPostProcess Library/Bee/artifacts/1900b0aEDbg.dag/post-processed/WaveHarmonic.Crest.Shared.Editor.dll (+pdb)
Processing assembly Library/Bee/artifacts/1900b0aEDbg.dag/WaveHarmonic.Crest.Shared.Editor.dll, with 159 defines and 312 references

processors: Unity.Jobs.CodeGen.JobsILPostProcessor, zzzUnity.Burst.CodeGen.BurstILPostProcessor

running Unity.Jobs.CodeGen.JobsILPostProcessor

running zzzUnity.Burst.CodeGen.BurstILPostProcessor
[1360/1644  0s] ILPostProcess Library/Bee/artifacts/1900b0aEDbg.dag/post-processed/AmplifyImpostors.Editor.dll (+pdb)
Processing assembly Library/Bee/artifacts/1900b0aEDbg.dag/AmplifyImpostors.Editor.dll, with 159 defines and 309 references

processors: Unity.Jobs.CodeGen.JobsILPostProcessor, zzzUnity.Burst.CodeGen.BurstILPostProcessor

running Unity.Jobs.CodeGen.JobsILPostProcessor

running zzzUnity.Burst.CodeGen.BurstILPostProcessor
[1361/1644  1s] ILPostProcess Library/Bee/artifacts/1900b0aEDbg.dag/post-processed/Unity.EditorCoroutines.Editor.dll (+pdb)
Processing assembly Library/Bee/artifacts/1900b0aEDbg.dag/Unity.EditorCoroutines.Editor.dll, with 159 defines and 308 references

processors: Unity.Jobs.CodeGen.JobsILPostProcessor, zzzUnity.Burst.CodeGen.BurstILPostProcessor

running Unity.Jobs.CodeGen.JobsILPostProcessor

running zzzUnity.Burst.CodeGen.BurstILPostProcessor
[1362/1644  1s] ILPostProcess Library/Bee/artifacts/1900b0aEDbg.dag/post-processed/Unity.RenderPipelines.Core.Editor.Shared.dll (+pdb)
Processing assembly Library/Bee/artifacts/1900b0aEDbg.dag/Unity.RenderPipelines.Core.Editor.Shared.dll, with 159 defines and 309 references

processors: Unity.Jobs.CodeGen.JobsILPostProcessor, zzzUnity.Burst.CodeGen.BurstILPostProcessor

running Unity.Jobs.CodeGen.JobsILPostProcessor

running zzzUnity.Burst.CodeGen.BurstILPostProcessor
[1363/1644  0s] ILPostProcess Library/Bee/artifacts/1900b0aEDbg.dag/post-processed/UnityEditor.UI.Analytics.dll (+pdb)
Processing assembly Library/Bee/artifacts/1900b0aEDbg.dag/UnityEditor.UI.Analytics.dll, with 159 defines and 309 references

processors: Unity.Jobs.CodeGen.JobsILPostProcessor, zzzUnity.Burst.CodeGen.BurstILPostProcessor

running Unity.Jobs.CodeGen.JobsILPostProcessor

running zzzUnity.Burst.CodeGen.BurstILPostProcessor
[1364/1644  0s] ILPostProcess Library/Bee/artifacts/1900b0aEDbg.dag/post-processed/Unity.VisualScripting.Core.Editor.dll (+pdb)
Processing assembly Library/Bee/artifacts/1900b0aEDbg.dag/Unity.VisualScripting.Core.Editor.dll, with 159 defines and 309 references

processors: Unity.Jobs.CodeGen.JobsILPostProcessor, zzzUnity.Burst.CodeGen.BurstILPostProcessor

running Unity.Jobs.CodeGen.JobsILPostProcessor

running zzzUnity.Burst.CodeGen.BurstILPostProcessor
[1365/1644  2s] ILPostProcess Library/Bee/artifacts/1900b0aEDbg.dag/post-processed/Assembly-CSharp-Editor-firstpass.dll (+pdb)
Processing assembly Library/Bee/artifacts/1900b0aEDbg.dag/Assembly-CSharp-Editor-firstpass.dll, with 159 defines and 430 references

processors: Unity.Jobs.CodeGen.JobsILPostProcessor, zzzUnity.Burst.CodeGen.BurstILPostProcessor

running Unity.Jobs.CodeGen.JobsILPostProcessor

running zzzUnity.Burst.CodeGen.BurstILPostProcessor
[1366/1644  0s] ILPostProcess Library/Bee/artifacts/1900b0aEDbg.dag/post-processed/Unity.VisualScripting.Flow.Editor.dll (+pdb)
Processing assembly Library/Bee/artifacts/1900b0aEDbg.dag/Unity.VisualScripting.Flow.Editor.dll, with 161 defines and 312 references

processors: Unity.Jobs.CodeGen.JobsILPostProcessor, zzzUnity.Burst.CodeGen.BurstILPostProcessor

running Unity.Jobs.CodeGen.JobsILPostProcessor

running zzzUnity.Burst.CodeGen.BurstILPostProcessor
[1367/1644  0s] ILPostProcess Library/Bee/artifacts/1900b0aEDbg.dag/post-processed/PackageToolsEditor.dll (+pdb)
Processing assembly Library/Bee/artifacts/1900b0aEDbg.dag/PackageToolsEditor.dll, with 159 defines and 309 references

processors: Unity.Jobs.CodeGen.JobsILPostProcessor, zzzUnity.Burst.CodeGen.BurstILPostProcessor

running Unity.Jobs.CodeGen.JobsILPostProcessor

running zzzUnity.Burst.CodeGen.BurstILPostProcessor
[1368/1644  0s] ILPostProcess Library/Bee/artifacts/1900b0aEDbg.dag/post-processed/Unity.VisualScripting.Shared.Editor.dll (+pdb)
Processing assembly Library/Bee/artifacts/1900b0aEDbg.dag/Unity.VisualScripting.Shared.Editor.dll, with 159 defines and 314 references

processors: Unity.Jobs.CodeGen.JobsILPostProcessor, zzzUnity.Burst.CodeGen.BurstILPostProcessor

running Unity.Jobs.CodeGen.JobsILPostProcessor

running zzzUnity.Burst.CodeGen.BurstILPostProcessor
[1369/1644  0s] ILPostProcess Library/Bee/artifacts/1900b0aEDbg.dag/post-processed/Unity.RenderPipelines.Universal.2D.Editor.Overrides.dll (+pdb)
Processing assembly Library/Bee/artifacts/1900b0aEDbg.dag/Unity.RenderPipelines.Universal.2D.Editor.Overrides.dll, with 160 defines and 318 references

processors: Unity.Jobs.CodeGen.JobsILPostProcessor, zzzUnity.Burst.CodeGen.BurstILPostProcessor

running Unity.Jobs.CodeGen.JobsILPostProcessor

running zzzUnity.Burst.CodeGen.BurstILPostProcessor
[1370/1644  0s] ILPostProcess Library/Bee/artifacts/1900b0aEDbg.dag/post-processed/Unity.PlasticSCM.Editor.dll (+pdb)
Processing assembly Library/Bee/artifacts/1900b0aEDbg.dag/Unity.PlasticSCM.Editor.dll, with 159 defines and 271 references

processors: Unity.Jobs.CodeGen.JobsILPostProcessor, zzzUnity.Burst.CodeGen.BurstILPostProcessor

running Unity.Jobs.CodeGen.JobsILPostProcessor

running zzzUnity.Burst.CodeGen.BurstILPostProcessor
[1371/1644  0s] ILPostProcess Library/Bee/artifacts/1900b0aEDbg.dag/post-processed/Unity.Settings.Editor.dll (+pdb)
Processing assembly Library/Bee/artifacts/1900b0aEDbg.dag/Unity.Settings.Editor.dll, with 159 defines and 308 references

processors: Unity.Jobs.CodeGen.JobsILPostProcessor, zzzUnity.Burst.CodeGen.BurstILPostProcessor

running Unity.Jobs.CodeGen.JobsILPostProcessor

running zzzUnity.Burst.CodeGen.BurstILPostProcessor
[1372/1644  0s] ILPostProcess Library/Bee/artifacts/1900b0aEDbg.dag/post-processed/MapMagic.Settings.dll (+pdb)
Processing assembly Library/Bee/artifacts/1900b0aEDbg.dag/MapMagic.Settings.dll, with 159 defines and 308 references

processors: Unity.Jobs.CodeGen.JobsILPostProcessor, zzzUnity.Burst.CodeGen.BurstILPostProcessor

running Unity.Jobs.CodeGen.JobsILPostProcessor

running zzzUnity.Burst.CodeGen.BurstILPostProcessor
[1373/1644  1s] ILPostProcess Library/Bee/artifacts/1900b0aEDbg.dag/post-processed/GPUInstancer.Editor.dll (+pdb)
Processing assembly Library/Bee/artifacts/1900b0aEDbg.dag/GPUInstancer.Editor.dll, with 161 defines and 311 references

processors: Unity.Jobs.CodeGen.JobsILPostProcessor, zzzUnity.Burst.CodeGen.BurstILPostProcessor

running Unity.Jobs.CodeGen.JobsILPostProcessor

running zzzUnity.Burst.CodeGen.BurstILPostProcessor
[1374/1644  0s] ILPostProcess Library/Bee/artifacts/1900b0aEDbg.dag/post-processed/EasySave3Editor.dll (+pdb)
Processing assembly Library/Bee/artifacts/1900b0aEDbg.dag/EasySave3Editor.dll, with 159 defines and 309 references

processors: Unity.Jobs.CodeGen.JobsILPostProcessor, zzzUnity.Burst.CodeGen.BurstILPostProcessor

running Unity.Jobs.CodeGen.JobsILPostProcessor

running zzzUnity.Burst.CodeGen.BurstILPostProcessor
[1375/1644  0s] ILPostProcess Library/Bee/artifacts/1900b0aEDbg.dag/post-processed/Unity.VisualScripting.SettingsProvider.Editor.dll (+pdb)
Processing assembly Library/Bee/artifacts/1900b0aEDbg.dag/Unity.VisualScripting.SettingsProvider.Editor.dll, with 159 defines and 313 references

processors: Unity.Jobs.CodeGen.JobsILPostProcessor, zzzUnity.Burst.CodeGen.BurstILPostProcessor

running Unity.Jobs.CodeGen.JobsILPostProcessor

running zzzUnity.Burst.CodeGen.BurstILPostProcessor
[1376/1644  0s] ILPostProcess Library/Bee/artifacts/1900b0aEDbg.dag/post-processed/Unity.PathTracing.Editor.dll (+pdb)
Processing assembly Library/Bee/artifacts/1900b0aEDbg.dag/Unity.PathTracing.Editor.dll, with 160 defines and 312 references

processors: Unity.Jobs.CodeGen.JobsILPostProcessor, zzzUnity.Burst.CodeGen.BurstILPostProcessor

running Unity.Jobs.CodeGen.JobsILPostProcessor

running zzzUnity.Burst.CodeGen.BurstILPostProcessor
[1377/1644  0s] ILPostProcess Library/Bee/artifacts/1900b0aEDbg.dag/post-processed/Unity.AI.Navigation.Editor.ConversionSystem.dll (+pdb)
Processing assembly Library/Bee/artifacts/1900b0aEDbg.dag/Unity.AI.Navigation.Editor.ConversionSystem.dll, with 159 defines and 308 references

processors: Unity.Jobs.CodeGen.JobsILPostProcessor, zzzUnity.Burst.CodeGen.BurstILPostProcessor

running Unity.Jobs.CodeGen.JobsILPostProcessor

running zzzUnity.Burst.CodeGen.BurstILPostProcessor
[1378/1644  0s] ILPostProcess Library/Bee/artifacts/1900b0aEDbg.dag/post-processed/Unity.ShaderGraph.Editor.dll (+pdb)
Processing assembly Library/Bee/artifacts/1900b0aEDbg.dag/Unity.ShaderGraph.Editor.dll, with 159 defines and 313 references

processors: Unity.Jobs.CodeGen.JobsILPostProcessor, zzzUnity.Burst.CodeGen.BurstILPostProcessor

running Unity.Jobs.CodeGen.JobsILPostProcessor

running zzzUnity.Burst.CodeGen.BurstILPostProcessor
[1379/1644  0s] ILPostProcess Library/Bee/artifacts/1900b0aEDbg.dag/post-processed/MapMagic.MicroSplat.Editor.dll (+pdb)
Processing assembly Library/Bee/artifacts/1900b0aEDbg.dag/MapMagic.MicroSplat.Editor.dll, with 159 defines and 315 references

processors: Unity.Jobs.CodeGen.JobsILPostProcessor, zzzUnity.Burst.CodeGen.BurstILPostProcessor

running Unity.Jobs.CodeGen.JobsILPostProcessor

running zzzUnity.Burst.CodeGen.BurstILPostProcessor
[1380/1644  1s] ILPostProcess Library/Bee/artifacts/1900b0aEDbg.dag/post-processed/Den.Tools.Editor.dll (+pdb)
Processing assembly Library/Bee/artifacts/1900b0aEDbg.dag/Den.Tools.Editor.dll, with 159 defines and 309 references

processors: Unity.Jobs.CodeGen.JobsILPostProcessor, zzzUnity.Burst.CodeGen.BurstILPostProcessor

running Unity.Jobs.CodeGen.JobsILPostProcessor

running zzzUnity.Burst.CodeGen.BurstILPostProcessor
[1381/1644  3s] ILPostProcess Library/Bee/artifacts/1900b0aEDbg.dag/post-processed/Unity.MemoryProfiler.Editor.dll (+pdb)
Processing assembly Library/Bee/artifacts/1900b0aEDbg.dag/Unity.MemoryProfiler.Editor.dll, with 166 defines and 314 references

processors: Unity.Jobs.CodeGen.JobsILPostProcessor, zzzUnity.Burst.CodeGen.BurstILPostProcessor

running Unity.Jobs.CodeGen.JobsILPostProcessor

running zzzUnity.Burst.CodeGen.BurstILPostProcessor
[1382/1644  1s] ILPostProcess Library/Bee/artifacts/1900b0aEDbg.dag/post-processed/Unity.ProBuilder.AddOns.Editor.dll (+pdb)
Processing assembly Library/Bee/artifacts/1900b0aEDbg.dag/Unity.ProBuilder.AddOns.Editor.dll, with 159 defines and 310 references

processors: Unity.Jobs.CodeGen.JobsILPostProcessor, zzzUnity.Burst.CodeGen.BurstILPostProcessor

running Unity.Jobs.CodeGen.JobsILPostProcessor

running zzzUnity.Burst.CodeGen.BurstILPostProcessor
[1383/1644  2s] ILPostProcess Library/Bee/artifacts/1900b0aEDbg.dag/post-processed/Assembly-CSharp-Editor.dll (+pdb)
Processing assembly Library/Bee/artifacts/1900b0aEDbg.dag/Assembly-CSharp-Editor.dll, with 159 defines and 432 references

processors: Unity.Jobs.CodeGen.JobsILPostProcessor, zzzUnity.Burst.CodeGen.BurstILPostProcessor

running Unity.Jobs.CodeGen.JobsILPostProcessor

running zzzUnity.Burst.CodeGen.BurstILPostProcessor
[1384/1644  1s] ILPostProcess Library/Bee/artifacts/1900b0aEDbg.dag/post-processed/Unity.AI.Navigation.Editor.dll (+pdb)
Processing assembly Library/Bee/artifacts/1900b0aEDbg.dag/Unity.AI.Navigation.Editor.dll, with 160 defines and 310 references

processors: Unity.Jobs.CodeGen.JobsILPostProcessor, zzzUnity.Burst.CodeGen.BurstILPostProcessor

running Unity.Jobs.CodeGen.JobsILPostProcessor

running zzzUnity.Burst.CodeGen.BurstILPostProcessor
[1385/1644  1s] ILPostProcess Library/Bee/artifacts/1900b0aEDbg.dag/post-processed/Unity.MemoryProfiler.Editor.MemoryProfilerModule.dll (+pdb)
Processing assembly Library/Bee/artifacts/1900b0aEDbg.dag/Unity.MemoryProfiler.Editor.MemoryProfilerModule.dll, with 161 defines and 309 references

processors: Unity.Jobs.CodeGen.JobsILPostProcessor, zzzUnity.Burst.CodeGen.BurstILPostProcessor

running Unity.Jobs.CodeGen.JobsILPostProcessor

running zzzUnity.Burst.CodeGen.BurstILPostProcessor
[1386/1644  2s] ILPostProcess Library/Bee/artifacts/1900b0aEDbg.dag/post-processed/Hecton8.Editor.dll (+pdb)
Processing assembly Library/Bee/artifacts/1900b0aEDbg.dag/Hecton8.Editor.dll, with 159 defines and 320 references

processors: Unity.Jobs.CodeGen.JobsILPostProcessor, zzzUnity.Burst.CodeGen.BurstILPostProcessor

running Unity.Jobs.CodeGen.JobsILPostProcessor

running zzzUnity.Burst.CodeGen.BurstILPostProcessor
[1387/1644  1s] ILPostProcess Library/Bee/artifacts/1900b0aEDbg.dag/post-processed/Unity.Burst.Editor.dll (+pdb)
Processing assembly Library/Bee/artifacts/1900b0aEDbg.dag/Unity.Burst.Editor.dll, with 159 defines and 309 references

processors: Unity.Jobs.CodeGen.JobsILPostProcessor, zzzUnity.Burst.CodeGen.BurstILPostProcessor

running Unity.Jobs.CodeGen.JobsILPostProcessor

running zzzUnity.Burst.CodeGen.BurstILPostProcessor
[1394/1644  0s] CopyFiles Library/ScriptAssemblies/MoreMountains.Feedbacks.TextMeshPro.dll
[1399/1644  0s] CopyFiles Library/ScriptAssemblies/WaveHarmonic.Crest.Shared.dll
[1402/1644  0s] CopyFiles Library/ScriptAssemblies/MoreMountains.Feedbacks.HDRP.dll
[1405/1644  0s] CopyFiles Library/ScriptAssemblies/RealtimeCSG.dll
[1407/1644  0s] CopyFiles Library/ScriptAssemblies/VolumetricLightBeam.dll
[1412/1644  0s] CopyFiles Library/ScriptAssemblies/Hecton8.Core.dll
[1414/1644  0s] CopyFiles Library/ScriptAssemblies/WaveHarmonic.Crest.Samples.dll
[1415/1644  0s] CopyFiles Library/ScriptAssemblies/MoreMountains.Feedbacks.MMTools.dll
[1418/1644  0s] CopyFiles Library/ScriptAssemblies/Crest.dll
[1421/1644  0s] CopyFiles Library/ScriptAssemblies/MoreMountains.Feedbacks.Cinemachine.dll
[1426/1644  0s] CopyFiles Library/ScriptAssemblies/MoreMountains.Feedbacks.NiceVibrations.dll
[1431/1644  0s] CopyFiles Library/ScriptAssemblies/MoreMountains.Feedbacks.Authorizations.dll
[1435/1644  0s] CopyFiles Library/ScriptAssemblies/MoreMountains.Tools.dll
[1437/1644  0s] CopyFiles Library/ScriptAssemblies/Assembly-CSharp-firstpass.dll
[1440/1644  0s] CopyFiles Library/ScriptAssemblies/MoreMountains.Feedbacks.PostProcessing.dll
[1441/1644  0s] CopyFiles Library/ScriptAssemblies/MoreMountains.Feedbacks.dll
[1447/1644  0s] CopyFiles Library/ScriptAssemblies/WaveHarmonic.Crest.dll
[1449/1644  0s] CopyFiles Library/ScriptAssemblies/Lofelt.NiceVibrations.dll
[1450/1644  0s] CopyFiles Library/ScriptAssemblies/BakeryRuntimeAssembly.dll
[1453/1644  0s] CopyFiles Library/ScriptAssemblies/Assembly-CSharp.dll
[1461/1644  0s] CopyFiles Library/ScriptAssemblies/Lofelt.NiceVibrations.Demo.dll
[1462/1644  0s] CopyFiles Library/ScriptAssemblies/MoreMountains.Feedbacks.URP.dll
[1463/1644  0s] CopyFiles Library/ScriptAssemblies/Unity.Burst.Editor.pdb
[1464/1644  0s] CopyFiles Library/ScriptAssemblies/Unity.Burst.Editor.dll
[1465/1644  0s] CopyFiles Library/ScriptAssemblies/Hecton8.Editor.pdb
[1466/1644  0s] CopyFiles Library/ScriptAssemblies/Unity.MemoryProfiler.Editor.MemoryProfilerModule.pdb
[1467/1644  0s] CopyFiles Library/ScriptAssemblies/Hecton8.Editor.dll
[1468/1644  0s] CopyFiles Library/ScriptAssemblies/Unity.MemoryProfiler.Editor.MemoryProfilerModule.dll
[1469/1644  0s] CopyFiles Library/ScriptAssemblies/Unity.AI.Navigation.Editor.dll
[1470/1644  0s] CopyFiles Library/ScriptAssemblies/Unity.AI.Navigation.Editor.pdb
[1471/1644  0s] CopyFiles Library/ScriptAssemblies/Unity.MemoryProfiler.Editor.pdb
[1472/1644  0s] CopyFiles Library/ScriptAssemblies/Unity.MemoryProfiler.Editor.dll
[1473/1644  0s] CopyFiles Library/ScriptAssemblies/Assembly-CSharp-Editor.dll
[1474/1644  0s] CopyFiles Library/ScriptAssemblies/Assembly-CSharp-Editor.pdb
[1475/1644  0s] CopyFiles Library/ScriptAssemblies/Unity.ProBuilder.AddOns.Editor.pdb
[1476/1644  0s] CopyFiles Library/ScriptAssemblies/Unity.ProBuilder.AddOns.Editor.dll
[1477/1644  0s] CopyFiles Library/ScriptAssemblies/Den.Tools.Editor.dll
[1478/1644  0s] CopyFiles Library/ScriptAssemblies/Den.Tools.Editor.pdb
[1479/1644  0s] CopyFiles Library/ScriptAssemblies/MapMagic.MicroSplat.Editor.pdb
[1480/1644  0s] CopyFiles Library/ScriptAssemblies/MapMagic.MicroSplat.Editor.dll
[1481/1644  0s] CopyFiles Library/ScriptAssemblies/Unity.ShaderGraph.Editor.pdb
[1482/1644  0s] CopyFiles Library/ScriptAssemblies/Unity.AI.Navigation.Editor.ConversionSystem.pdb
[1483/1644  0s] CopyFiles Library/ScriptAssemblies/Unity.AI.Navigation.Editor.ConversionSystem.dll
[1484/1644  0s] CopyFiles Library/ScriptAssemblies/Unity.ShaderGraph.Editor.dll
[1485/1644  0s] CopyFiles Library/ScriptAssemblies/Unity.PathTracing.Editor.pdb
[1486/1644  0s] CopyFiles Library/ScriptAssemblies/Unity.PathTracing.Editor.dll
[1487/1644  0s] CopyFiles Library/ScriptAssemblies/Unity.VisualScripting.SettingsProvider.Editor.pdb
[1488/1644  0s] CopyFiles Library/ScriptAssemblies/Unity.VisualScripting.SettingsProvider.Editor.dll
[1489/1644  0s] CopyFiles Library/ScriptAssemblies/EasySave3Editor.pdb
[1490/1644  0s] CopyFiles Library/ScriptAssemblies/EasySave3Editor.dll
[1491/1644  0s] CopyFiles Library/ScriptAssemblies/GPUInstancer.Editor.dll
[1492/1644  0s] CopyFiles Library/ScriptAssemblies/Unity.Settings.Editor.pdb
[1493/1644  0s] CopyFiles Library/ScriptAssemblies/GPUInstancer.Editor.pdb
[1494/1644  0s] CopyFiles Library/ScriptAssemblies/MapMagic.Settings.dll
[1495/1644  0s] CopyFiles Library/ScriptAssemblies/Unity.Settings.Editor.dll
[1496/1644  0s] CopyFiles Library/ScriptAssemblies/MapMagic.Settings.pdb
[1497/1644  0s] CopyFiles Library/ScriptAssemblies/Unity.VisualScripting.Shared.Editor.pdb
[1498/1644  0s] CopyFiles Library/ScriptAssemblies/Unity.VisualScripting.Shared.Editor.dll
[1499/1644  0s] CopyFiles Library/ScriptAssemblies/Unity.PlasticSCM.Editor.dll
[1500/1644  0s] CopyFiles Library/ScriptAssemblies/Unity.PlasticSCM.Editor.pdb
[1501/1644  0s] CopyFiles Library/ScriptAssemblies/Unity.RenderPipelines.Universal.2D.Editor.Overrides.dll
[1502/1644  0s] CopyFiles Library/ScriptAssemblies/Unity.RenderPipelines.Universal.2D.Editor.Overrides.pdb
[1503/1644  0s] CopyFiles Library/ScriptAssemblies/PackageToolsEditor.pdb
[1504/1644  0s] CopyFiles Library/ScriptAssemblies/PackageToolsEditor.dll
[1505/1644  0s] CopyFiles Library/ScriptAssemblies/Unity.VisualScripting.Flow.Editor.pdb
[1506/1644  0s] CopyFiles Library/ScriptAssemblies/Unity.VisualScripting.Flow.Editor.dll
[1507/1644  0s] CopyFiles Library/ScriptAssemblies/Assembly-CSharp-Editor-firstpass.dll
[1508/1644  0s] CopyFiles Library/ScriptAssemblies/Assembly-CSharp-Editor-firstpass.pdb
[1509/1644  0s] CopyFiles Library/ScriptAssemblies/UnityEditor.UI.Analytics.dll
[1510/1644  0s] CopyFiles Library/ScriptAssemblies/UnityEditor.UI.Analytics.pdb
[1511/1644  0s] CopyFiles Library/ScriptAssemblies/Unity.VisualScripting.Core.Editor.dll
[1512/1644  0s] CopyFiles Library/ScriptAssemblies/Unity.VisualScripting.Core.Editor.pdb
[1513/1644  0s] CopyFiles Library/ScriptAssemblies/Unity.RenderPipelines.Core.Editor.Shared.dll
[1514/1644  0s] CopyFiles Library/ScriptAssemblies/Unity.RenderPipelines.Core.Editor.Shared.pdb
[1515/1644  0s] CopyFiles Library/ScriptAssemblies/Unity.EditorCoroutines.Editor.pdb
[1516/1644  0s] CopyFiles Library/ScriptAssemblies/Unity.EditorCoroutines.Editor.dll
[1517/1644  0s] CopyFiles Library/ScriptAssemblies/AmplifyImpostors.Editor.dll
[1518/1644  0s] CopyFiles Library/ScriptAssemblies/AmplifyImpostors.Editor.pdb
[1519/1644  0s] CopyFiles Library/ScriptAssemblies/VolumetricLightBeam.Editor.pdb
[1520/1644  0s] CopyFiles Library/ScriptAssemblies/VolumetricLightBeam.Editor.dll
[1521/1644  0s] CopyFiles Library/ScriptAssemblies/WaveHarmonic.Crest.Shared.Editor.pdb
[1522/1644  0s] CopyFiles Library/ScriptAssemblies/WaveHarmonic.Crest.Shared.Editor.dll
[1523/1644  0s] CopyFiles Library/ScriptAssemblies/AstarPathfindingProjectEditor.pdb
[1524/1644  0s] CopyFiles Library/ScriptAssemblies/AstarPathfindingProjectEditor.dll
[1525/1644  0s] CopyFiles Library/ScriptAssemblies/MeshBakerEditor.pdb
[1526/1644  0s] CopyFiles Library/ScriptAssemblies/MeshBakerEditor.dll
[1527/1644  0s] CopyFiles Library/ScriptAssemblies/UnityEditor.UI.dll
[1528/1644  0s] CopyFiles Library/ScriptAssemblies/UnityEditor.UI.pdb
[1529/1644  0s] CopyFiles Library/ScriptAssemblies/WaveHarmonic.Crest.Editor.Dependents.dll
[1530/1644  0s] CopyFiles Library/ScriptAssemblies/WaveHarmonic.Crest.Editor.Dependents.pdb
[1531/1644  0s] CopyFiles Library/ScriptAssemblies/JBooth.MicroSplat.Core.Editor.pdb
[1532/1644  0s] CopyFiles Library/ScriptAssemblies/JBooth.MicroSplat.Core.Editor.dll
[1533/1644  0s] CopyFiles Library/ScriptAssemblies/MoreMountains.Tools.Editor.pdb
[1534/1644  0s] CopyFiles Library/ScriptAssemblies/MoreMountains.Tools.Editor.dll
[1535/1644  0s] CopyFiles Library/ScriptAssemblies/Crest.Helpers.Editor.pdb
[1536/1644  0s] CopyFiles Library/ScriptAssemblies/Crest.Helpers.Editor.dll
[1537/1644  0s] CopyFiles Library/ScriptAssemblies/Unity.ProBuilder.AssetIdRemapUtility.dll
[1538/1644  0s] CopyFiles Library/ScriptAssemblies/Unity.ProBuilder.AssetIdRemapUtility.pdb
[1539/1644  0s] CopyFiles Library/ScriptAssemblies/Unity.Mathematics.Editor.pdb
[1540/1644  0s] CopyFiles Library/ScriptAssemblies/Unity.Mathematics.Editor.dll
[1541/1644  0s] CopyFiles Library/ScriptAssemblies/Unity.Searcher.Editor.pdb
[1542/1644  0s] CopyFiles Library/ScriptAssemblies/Unity.Searcher.Editor.dll
[1543/1644  0s] CopyFiles Library/ScriptAssemblies/Unity.RenderPipelines.Core.Editor.pdb
[1544/1644  0s] CopyFiles Library/ScriptAssemblies/Unity.RenderPipelines.Core.Editor.dll
[1545/1644  0s] CopyFiles Library/ScriptAssemblies/Unity.2D.Sprite.Editor.dll
[1546/1644  0s] CopyFiles Library/ScriptAssemblies/Unity.2D.Sprite.Editor.pdb
[1547/1644  0s] CopyFiles Library/ScriptAssemblies/Unity.InternalAPIEditorBridge.ShaderGraph.Editor.pdb
[1548/1644  0s] CopyFiles Library/ScriptAssemblies/Unity.InternalAPIEditorBridge.ShaderGraph.Editor.dll
[1549/1644  0s] CopyFiles Library/ScriptAssemblies/Unity.PlasticSCM.Editor.Entities.dll
[1550/1644  0s] CopyFiles Library/ScriptAssemblies/Unity.AI.Navigation.Updater.dll
[1551/1644  0s] CopyFiles Library/ScriptAssemblies/Unity.PlasticSCM.Editor.Entities.pdb
[1552/1644  0s] CopyFiles Library/ScriptAssemblies/Unity.AI.Navigation.Updater.pdb
[1553/1644  0s] CopyFiles Library/ScriptAssemblies/Unity.Timeline.Editor.pdb
[1554/1644  0s] CopyFiles Library/ScriptAssemblies/Unity.Timeline.Editor.dll
[1555/1644  0s] CopyFiles Library/ScriptAssemblies/ShapesEditor.pdb
[1556/1644  0s] CopyFiles Library/ScriptAssemblies/ShapesEditor.dll
[1557/1644  0s] CopyFiles Library/ScriptAssemblies/Unity.RenderPipelines.Universal.Editor.pdb
[1558/1644  0s] CopyFiles Library/ScriptAssemblies/Unity.RenderPipelines.Universal.Editor.dll
[1559/1644  0s] CopyFiles Library/ScriptAssemblies/WaveHarmonic.Crest.Editor.pdb
[1560/1644  0s] CopyFiles Library/ScriptAssemblies/WaveHarmonic.Crest.Editor.dll
[1561/1644  0s] CopyFiles Library/ScriptAssemblies/Technie.PhysicsCreator.Updater.dll
[1562/1644  0s] CopyFiles Library/ScriptAssemblies/Technie.PhysicsCreator.Updater.pdb
[1563/1644  0s] CopyFiles Library/ScriptAssemblies/Sirenix.OdinInspector.Modules.UnityMathematics.dll
[1564/1644  0s] CopyFiles Library/ScriptAssemblies/Sirenix.OdinInspector.Modules.UnityMathematics.pdb
[1565/1644  0s] CopyFiles Library/ScriptAssemblies/MoreMountains.Feedbacks.Editor.pdb
[1566/1644  0s] CopyFiles Library/ScriptAssemblies/MoreMountains.Feedbacks.Editor.dll
[1567/1644  0s] CopyFiles Library/ScriptAssemblies/Unity.ShaderGraph.Utilities.dll
[1568/1644  0s] CopyFiles Library/ScriptAssemblies/Unity.ShaderGraph.Utilities.pdb
[1569/1644  0s] CopyFiles Library/ScriptAssemblies/Unity.Collections.Editor.pdb
[1571/1644  0s] CopyFiles Library/ScriptAssemblies/Unity.Collections.Editor.dll
[1572/1644  0s] CopyFiles Library/ScriptAssemblies/Lofelt.NiceVibrations.Editor.pdb
[1573/1644  0s] CopyFiles Library/ScriptAssemblies/Lofelt.NiceVibrations.Editor.dll
[1574/1644  0s] CopyFiles Library/ScriptAssemblies/Unity.Rendering.LightTransport.Editor.pdb
[1575/1644  0s] CopyFiles Library/ScriptAssemblies/Unity.Rendering.LightTransport.Editor.dll
[1577/1644  0s] CopyFiles Library/ScriptAssemblies/MapMagic.Editor.pdb
[1579/1644  0s] CopyFiles Library/ScriptAssemblies/MapMagic.Editor.dll
[1580/1644  0s] CopyFiles Library/ScriptAssemblies/BakeryEditorAssembly.dll
[1581/1644  0s] CopyFiles Library/ScriptAssemblies/BakeryEditorAssembly.pdb
[1582/1644  0s] CopyFiles Library/ScriptAssemblies/Unity.VisualScripting.State.Editor.pdb
[1584/1644  0s] CopyFiles Library/ScriptAssemblies/Unity.VisualScripting.State.Editor.dll
[1585/1644  0s] CopyFiles Library/ScriptAssemblies/MoreMountains.Feedbacks.HDRP.pdb
[1587/1644  0s] CopyFiles Library/ScriptAssemblies/WaveHarmonic.Crest.Shared.pdb
[1593/1644  0s] CopyFiles Library/ScriptAssemblies/MoreMountains.Feedbacks.URP.pdb
[1603/1644  0s] CopyFiles Library/ScriptAssemblies/RealtimeCSG.pdb
[1611/1644  0s] CopyFiles Library/ScriptAssemblies/Hecton8.Core.pdb
[1613/1644  0s] CopyFiles Library/ScriptAssemblies/Crest.pdb
[1618/1644  0s] CopyFiles Library/ScriptAssemblies/Assembly-CSharp-firstpass.pdb
[1621/1644  0s] CopyFiles Library/ScriptAssemblies/VolumetricLightBeam.pdb
[1622/1644  0s] CopyFiles Library/ScriptAssemblies/MoreMountains.Feedbacks.Cinemachine.pdb
[1634/1644  0s] CopyFiles Library/ScriptAssemblies/MoreMountains.Feedbacks.NiceVibrations.pdb
[1636/1644  0s] CopyFiles Library/ScriptAssemblies/Assembly-CSharp.pdb
[1639/1644  0s] CopyFiles Library/ScriptAssemblies/Lofelt.NiceVibrations.Demo.pdb
[1641/1644  0s] CopyFiles Library/ScriptAssemblies/MoreMountains.Tools.pdb
[1642/1644  0s] CopyFiles Library/ScriptAssemblies/MoreMountains.Feedbacks.PostProcessing.pdb
[1644/1644  0s] CopyFiles Library/ScriptAssemblies/MoreMountains.Feedbacks.Authorizations.pdb
[1646/1644  0s] CopyFiles Library/ScriptAssemblies/MoreMountains.Feedbacks.MMTools.pdb
[1649/1644  0s] CopyFiles Library/ScriptAssemblies/MoreMountains.Feedbacks.TextMeshPro.pdb
[1650/1644  0s] CopyFiles Library/ScriptAssemblies/MoreMountains.Feedbacks.pdb
[1651/1644  0s] CopyFiles Library/ScriptAssemblies/BakeryRuntimeAssembly.pdb
[1652/1644  0s] CopyFiles Library/ScriptAssemblies/WaveHarmonic.Crest.pdb
[1654/1644  0s] CopyFiles Library/ScriptAssemblies/WaveHarmonic.Crest.Samples.pdb
[1659/1644  0s] CopyFiles Library/ScriptAssemblies/Lofelt.NiceVibrations.pdb
[1660/1644  1s] ILPostProcess Library/Bee/artifacts/1900b0aEDbg.dag/post-processed/Unity.TextMeshPro.Editor.dll (+pdb)
Processing assembly Library/Bee/artifacts/1900b0aEDbg.dag/Unity.TextMeshPro.Editor.dll, with 159 defines and 310 references

processors: Unity.Jobs.CodeGen.JobsILPostProcessor, zzzUnity.Burst.CodeGen.BurstILPostProcessor

running Unity.Jobs.CodeGen.JobsILPostProcessor

running zzzUnity.Burst.CodeGen.BurstILPostProcessor
[1661/1644  1s] ILPostProcess Library/Bee/artifacts/1900b0aEDbg.dag/post-processed/Unity.ProBuilder.Editor.dll (+pdb)
Processing assembly Library/Bee/artifacts/1900b0aEDbg.dag/Unity.ProBuilder.Editor.dll, with 159 defines and 313 references

processors: Unity.Jobs.CodeGen.JobsILPostProcessor, zzzUnity.Burst.CodeGen.BurstILPostProcessor

running Unity.Jobs.CodeGen.JobsILPostProcessor

running zzzUnity.Burst.CodeGen.BurstILPostProcessor
[1662/1644  1s] ILPostProcess Library/Bee/artifacts/1900b0aEDbg.dag/post-processed/MCPForUnity.Editor.dll (+pdb)
Processing assembly Library/Bee/artifacts/1900b0aEDbg.dag/MCPForUnity.Editor.dll, with 159 defines and 309 references

processors: Unity.Jobs.CodeGen.JobsILPostProcessor, zzzUnity.Burst.CodeGen.BurstILPostProcessor

running Unity.Jobs.CodeGen.JobsILPostProcessor

running zzzUnity.Burst.CodeGen.BurstILPostProcessor
[1663/1644  1s] ILPostProcess Library/Bee/artifacts/1900b0aEDbg.dag/post-processed/Unity.CollabProxy.Editor.dll (+pdb)
Processing assembly Library/Bee/artifacts/1900b0aEDbg.dag/Unity.CollabProxy.Editor.dll, with 159 defines and 309 references

processors: Unity.Jobs.CodeGen.JobsILPostProcessor, zzzUnity.Burst.CodeGen.BurstILPostProcessor

running Unity.Jobs.CodeGen.JobsILPostProcessor

running zzzUnity.Burst.CodeGen.BurstILPostProcessor
[1664/1644  0s] CopyFiles Library/ScriptAssemblies/Unity.TextMeshPro.Editor.pdb
[1665/1644  0s] CopyFiles Library/ScriptAssemblies/Unity.TextMeshPro.Editor.dll
[1666/1644  0s] CopyFiles Library/ScriptAssemblies/Unity.ProBuilder.Editor.dll
[1667/1644  0s] CopyFiles Library/ScriptAssemblies/Unity.ProBuilder.Editor.pdb
[1668/1644  1s] ILPostProcess Library/Bee/artifacts/1900b0aEDbg.dag/post-processed/Unity.SharpZipLib.Editor.dll (+pdb)
Processing assembly Library/Bee/artifacts/1900b0aEDbg.dag/Unity.SharpZipLib.Editor.dll, with 159 defines and 308 references

processors: Unity.Jobs.CodeGen.JobsILPostProcessor, zzzUnity.Burst.CodeGen.BurstILPostProcessor

running Unity.Jobs.CodeGen.JobsILPostProcessor

running zzzUnity.Burst.CodeGen.BurstILPostProcessor
[1669/1644  0s] CopyFiles Library/ScriptAssemblies/MCPForUnity.Editor.pdb
[1670/1644  0s] CopyFiles Library/ScriptAssemblies/MCPForUnity.Editor.dll
[1671/1644  0s] CopyFiles Library/ScriptAssemblies/Unity.CollabProxy.Editor.pdb
[1672/1644  0s] CopyFiles Library/ScriptAssemblies/Unity.SharpZipLib.Editor.pdb
[1673/1644  0s] CopyFiles Library/ScriptAssemblies/Unity.SharpZipLib.Editor.dll
[1674/1644  0s] CopyFiles Library/ScriptAssemblies/Unity.CollabProxy.Editor.dll
[1675/1644  1s] ILPostProcess Library/Bee/artifacts/1900b0aEDbg.dag/post-processed/Tayx.Graphy.Editor.dll (+pdb)
Processing assembly Library/Bee/artifacts/1900b0aEDbg.dag/Tayx.Graphy.Editor.dll, with 160 defines and 309 references

processors: Unity.Jobs.CodeGen.JobsILPostProcessor, zzzUnity.Burst.CodeGen.BurstILPostProcessor

running Unity.Jobs.CodeGen.JobsILPostProcessor

running zzzUnity.Burst.CodeGen.BurstILPostProcessor
[1676/1644  0s] CopyFiles Library/ScriptAssemblies/Tayx.Graphy.Editor.pdb
[1677/1644  0s] CopyFiles Library/ScriptAssemblies/Tayx.Graphy.Editor.dll
*** Tundra build success (100.22 seconds - 0:01:40), 627 items updated, 1644 evaluated
Packages\com.jbooth.microsplat.core\Scripts\Editor\MicroSplatCompressor.cs(80,118): warning CS0618: 'FindObjectsSortMode' is obsolete: 'FindObjectsSortMode has been deprecated. Use the FindObjectsByType overloads that do not take a FindObjectsSortMode parameter.'
Packages\com.jbooth.microsplat.core\Scripts\Editor\MicroSplatCompressor.cs(80,42): warning CS0618: 'Object.FindObjectsByType<T>(FindObjectsInactive, FindObjectsSortMode)' is obsolete: 'FindObjectsByType with FindObjectsSortMode parameter has been deprecated. Use FindObjectsByType<T>() or FindObjectsByType<T>(FindObjectsInactive) instead. InstanceID will be replaced in the future with EntityId and previous sort order cannot be maintained.'
Packages\com.jbooth.microsplat.core\Scripts\Editor\MicroSplatCompressor.cs(93,118): warning CS0618: 'FindObjectsSortMode' is obsolete: 'FindObjectsSortMode has been deprecated. Use the FindObjectsByType overloads that do not take a FindObjectsSortMode parameter.'
Packages\com.jbooth.microsplat.core\Scripts\Editor\MicroSplatCompressor.cs(93,42): warning CS0618: 'Object.FindObjectsByType<T>(FindObjectsInactive, FindObjectsSortMode)' is obsolete: 'FindObjectsByType with FindObjectsSortMode parameter has been deprecated. Use FindObjectsByType<T>() or FindObjectsByType<T>(FindObjectsInactive) instead. InstanceID will be replaced in the future with EntityId and previous sort order cannot be maintained.'
Assets\Feel\MMTools\Tools\MMPhysics\MMRigidbodyInterface.cs(121,13): warning CS0618: 'Rigidbody2D.isKinematic' is obsolete: 'isKinematic has been deprecated. Please use bodyType.'
Assets\Feel\MMTools\Tools\MMPhysics\MMRigidbodyInterface.cs(253,5): warning CS0618: 'Rigidbody2D.isKinematic' is obsolete: 'isKinematic has been deprecated. Please use bodyType.'
Assets\Feel\MMTools\Tools\MMHelpers\MMDebug.cs(563,41): warning CS0618: 'Object.FindObjectOfType(Type)' is obsolete: 'Object.FindObjectOfType has been deprecated. Use Object.FindFirstObjectByType instead or if finding any instance is acceptable the faster Object.FindAnyObjectByType'
Assets\AstarPathfindingProject\Editor\AIBaseEditor.cs(116,131): warning CS0618: 'Rigidbody2D.isKinematic' is obsolete: 'isKinematic has been deprecated. Please use bodyType.'
Assets\AstarPathfindingProject\Editor\AstarUpdateChecker.cs(213,63): warning CS0618: 'Object.FindObjectOfType(Type)' is obsolete: 'Object.FindObjectOfType has been deprecated. Use Object.FindFirstObjectByType instead or if finding any instance is acceptable the faster Object.FindAnyObjectByType'
Assets\AstarPathfindingProject\Editor\AstarUpdateChecker.cs(215,19): warning CS0618: 'Object.FindObjectOfType(Type)' is obsolete: 'Object.FindObjectOfType has been deprecated. Use Object.FindFirstObjectByType instead or if finding any instance is acceptable the faster Object.FindAnyObjectByType'
Assets\AstarPathfindingProject\Editor\GraphEditors\GridGeneratorEditor.cs(128,20): warning CS0618: 'Object.FindObjectsOfType<T>()' is obsolete: 'Object.FindObjectsOfType has been deprecated. Use Object.FindObjectsByType instead which lets you decide whether you need the results sorted or not.  FindObjectsOfType sorts the results by InstanceID but if you do not need this using FindObjectSortMode.None is considerably faster.'
Assets\MeshBaker\Editor\MB3_MBVersionConcreteEditor.cs(211,46): warning CS0618: 'TextureImporterFormat.PVRTC_RGB2' is obsolete: 'Texture compression format PVRTC has been deprecated and will be removed in a future release'
Assets\MeshBaker\Editor\MB3_MBVersionConcreteEditor.cs(212,46): warning CS0618: 'TextureImporterFormat.PVRTC_RGB4' is obsolete: 'Texture compression format PVRTC has been deprecated and will be removed in a future release'
Assets\MeshBaker\Editor\MB3_MBVersionConcreteEditor.cs(213,46): warning CS0618: 'TextureImporterFormat.PVRTC_RGBA2' is obsolete: 'Texture compression format PVRTC has been deprecated and will be removed in a future release'
Assets\MeshBaker\Editor\MB3_MBVersionConcreteEditor.cs(214,46): warning CS0618: 'TextureImporterFormat.PVRTC_RGBA4' is obsolete: 'Texture compression format PVRTC has been deprecated and will be removed in a future release'
Assets\MeshBaker\Editor\MB3_MBVersionConcreteEditor.cs(454,22): warning CS0618: 'TextureFormat.PVRTC_RGB2' is obsolete: 'Texture compression format PVRTC has been deprecated and will be removed in a future release'
Assets\MeshBaker\Editor\MB3_MBVersionConcreteEditor.cs(455,41): warning CS0618: 'TextureImporterFormat.PVRTC_RGB2' is obsolete: 'Texture compression format PVRTC has been deprecated and will be removed in a future release'
Assets\MeshBaker\Editor\MB3_MBVersionConcreteEditor.cs(457,22): warning CS0618: 'TextureFormat.PVRTC_RGB4' is obsolete: 'Texture compression format PVRTC has been deprecated and will be removed in a future release'
Assets\MeshBaker\Editor\MB3_MBVersionConcreteEditor.cs(458,41): warning CS0618: 'TextureImporterFormat.PVRTC_RGB4' is obsolete: 'Texture compression format PVRTC has been deprecated and will be removed in a future release'
Assets\MeshBaker\Editor\MB3_MBVersionConcreteEditor.cs(460,22): warning CS0618: 'TextureFormat.PVRTC_RGBA2' is obsolete: 'Texture compression format PVRTC has been deprecated and will be removed in a future release'
Assets\MeshBaker\Editor\MB3_MBVersionConcreteEditor.cs(461,41): warning CS0618: 'TextureImporterFormat.PVRTC_RGBA2' is obsolete: 'Texture compression format PVRTC has been deprecated and will be removed in a future release'
Assets\MeshBaker\Editor\MB3_MBVersionConcreteEditor.cs(463,22): warning CS0618: 'TextureFormat.PVRTC_RGBA4' is obsolete: 'Texture compression format PVRTC has been deprecated and will be removed in a future release'
Assets\MeshBaker\Editor\MB3_MBVersionConcreteEditor.cs(464,41): warning CS0618: 'TextureImporterFormat.PVRTC_RGBA4' is obsolete: 'Texture compression format PVRTC has been deprecated and will be removed in a future release'
Assets\MeshBaker\Editor\MB3_MeshBakerEditorWindowAddObjectsTab.cs(487,71): warning CS0618: 'Object.GetInstanceID()' is obsolete: 'GetInstanceID is deprecated. Use GetEntityId instead. This will be removed in a future version.'
Assets\MeshBaker\Editor\MB3_MeshBakerEditorWindowAddObjectsTab.cs(490,62): warning CS0618: 'Object.GetInstanceID()' is obsolete: 'GetInstanceID is deprecated. Use GetEntityId instead. This will be removed in a future version.'
Assets\MeshBaker\Editor\MB3_MeshBakerEditorWindowAnalyseSceneTab.cs(475,62): warning CS0618: 'Object.GetInstanceID()' is obsolete: 'GetInstanceID is deprecated. Use GetEntityId instead. This will be removed in a future version.'
Assets\MeshBaker\Editor\MB3_MeshBakerEditorWindowAnalyseSceneTab.cs(482,53): warning CS0618: 'Object.GetInstanceID()' is obsolete: 'GetInstanceID is deprecated. Use GetEntityId instead. This will be removed in a future version.'
Assets\MeshBaker\Editor\MB_TextureBakerEditorConfigureMultiMaterials.cs(321,62): warning CS0618: 'Object.GetInstanceID()' is obsolete: 'GetInstanceID is deprecated. Use GetEntityId instead. This will be removed in a future version.'
Assets\MeshBaker\Editor\MB_TextureBakerEditorConfigureMultiMaterials.cs(328,53): warning CS0618: 'Object.GetInstanceID()' is obsolete: 'GetInstanceID is deprecated. Use GetEntityId instead. This will be removed in a future version.'
Assets\MeshBaker\Editor\MB3_MeshBakerEditorInternal.cs(290,37): warning CS0618: 'Object.GetInstanceID()' is obsolete: 'GetInstanceID is deprecated. Use GetEntityId instead. This will be removed in a future version.'
Assets\MeshBaker\Editor\MB3_MeshBakerEditorInternal.cs(389,37): warning CS0618: 'Object.GetInstanceID()' is obsolete: 'GetInstanceID is deprecated. Use GetEntityId instead. This will be removed in a future version.'
Assets\MapMagic\Brush\Editor\BrushGraphTemplate.cs(31,37): warning CS0618: 'EndNameEditAction' is obsolete: 'EndNameEditAction is obsolete. Use AssetCreationEndAction that uses EntityId instead of int for instance IDs.'
Assets\MapMagic\Nodes\Editor\GraphTemplates.cs(31,32): warning CS0618: 'EndNameEditAction' is obsolete: 'EndNameEditAction is obsolete. Use AssetCreationEndAction that uses EntityId instead of int for instance IDs.'
Assets\MapMagic\Brush\Editor\BrushGraphTemplate.cs(24,5): warning CS0618: 'ProjectWindowUtil.StartNameEditingIfProjectWindowExists(int, EndNameEditAction, string, Texture2D, string)' is obsolete: 'StartNameEditingIfProjectWindowExists(int, EndNameEditAction, string, Texture2D, string) is obsolete. Use StartNameEditingIfProjectWindowExists(EntityId, AssetCreationEndAction, string, Texture2D, string) instead.'
Assets\MapMagic\Nodes\Editor\GraphTemplates.cs(24,5): warning CS0618: 'ProjectWindowUtil.StartNameEditingIfProjectWindowExists(int, EndNameEditAction, string, Texture2D, string)' is obsolete: 'StartNameEditingIfProjectWindowExists(int, EndNameEditAction, string, Texture2D, string) is obsolete. Use StartNameEditingIfProjectWindowExists(EntityId, AssetCreationEndAction, string, Texture2D, string) instead.'
Assets\MapMagic\Core\Editor\MapMagicInspector.cs(686,27): warning CS0618: 'PlayerSettings.GetScriptingDefineSymbolsForGroup(BuildTargetGroup)' is obsolete: 'Use GetScriptingDefineSymbols(NamedBuildTarget buildTarget) instead'
Assets\MapMagic\Core\Editor\MapMagicInspector.cs(699,27): warning CS0618: 'PlayerSettings.GetScriptingDefineSymbolsForGroup(BuildTargetGroup)' is obsolete: 'Use GetScriptingDefineSymbols(NamedBuildTarget buildTarget) instead'
Assets\MapMagic\Core\Editor\MapMagicInspector.cs(711,4): warning CS0618: 'PlayerSettings.SetScriptingDefineSymbolsForGroup(BuildTargetGroup, string)' is obsolete: 'Use SetScriptingDefineSymbols(NamedBuildTarget buildTarget, string defines) instead'
Assets\MapMagic\Brush\Editor\BrushInspector.cs(262,32): warning CS0618: 'Object.FindObjectsOfType<T>()' is obsolete: 'Object.FindObjectsOfType has been deprecated. Use Object.FindObjectsByType instead which lets you decide whether you need the results sorted or not.  FindObjectsOfType sorts the results by InstanceID but if you do not need this using FindObjectSortMode.None is considerably faster.'
Assets\MapMagic\Nodes\Editor\GraphWindow.cs(1153,30): warning CS0618: 'EditorUtility.InstanceIDToObject(int)' is obsolete: 'InstanceIDToObject(int) is obsolete. Use EditorUtility.EntityIdToObject instead.'
Assets\GPUInstancer\Scripts\Editor\GPUInstancerDefines.cs(41,56): warning CS0618: 'PlayerSettings.GetScriptingDefineSymbolsForGroup(BuildTargetGroup)' is obsolete: 'Use GetScriptingDefineSymbols(NamedBuildTarget buildTarget) instead'
Assets\GPUInstancer\Scripts\Editor\GPUInstancerDefines.cs(46,17): warning CS0618: 'PlayerSettings.SetScriptingDefineSymbolsForGroup(BuildTargetGroup, string)' is obsolete: 'Use SetScriptingDefineSymbols(NamedBuildTarget buildTarget, string defines) instead'
Assets\GPUInstancer\Scripts\Editor\PackageImporter\GPUIPackageImporter.cs(48,34): warning CS0618: 'PlayerSettings.GetScriptingDefineSymbolsForGroup(BuildTargetGroup)' is obsolete: 'Use GetScriptingDefineSymbols(NamedBuildTarget buildTarget) instead'
Assets\Feel\MMTools\Editor\MMAttributes\MMMonoBehaviourDrawer.cs(72,124): warning CS0618: 'Object.GetInstanceID()' is obsolete: 'GetInstanceID is deprecated. Use GetEntityId instead. This will be removed in a future version.'
Assets\Feel\MMTools\Editor\MMAttributes\MMMonoBehaviourDrawer.cs(133,102): warning CS0618: 'Object.GetInstanceID()' is obsolete: 'GetInstanceID is deprecated. Use GetEntityId instead. This will be removed in a future version.'
Assets\Editor\x64\Bakery\scripts\ftDefine.cs(27,23): warning CS0618: 'PlayerSettings.GetScriptingDefineSymbolsForGroup(BuildTargetGroup)' is obsolete: 'Use GetScriptingDefineSymbols(NamedBuildTarget buildTarget) instead'
Assets\Editor\x64\Bakery\scripts\ftDefine.cs(32,13): warning CS0618: 'PlayerSettings.SetScriptingDefineSymbolsForGroup(BuildTargetGroup, string)' is obsolete: 'Use SetScriptingDefineSymbols(NamedBuildTarget buildTarget, string defines) instead'
Assets\Editor\x64\Bakery\scripts\ftLightMeshInspector.cs(76,48): warning CS0618: 'Object.GetInstanceID()' is obsolete: 'GetInstanceID is deprecated. Use GetEntityId instead. This will be removed in a future version.'
Assets\Editor\x64\Bakery\scripts\ftSkyLightInspector.cs(59,48): warning CS0618: 'Object.GetInstanceID()' is obsolete: 'GetInstanceID is deprecated. Use GetEntityId instead. This will be removed in a future version.'
Assets\Editor\x64\Bakery\scripts\ftPointLightInspector.cs(383,48): warning CS0618: 'Object.GetInstanceID()' is obsolete: 'GetInstanceID is deprecated. Use GetEntityId instead. This will be removed in a future version.'
Packages\com.waveharmonic.crest\Runtime\Scripts\WaterRenderer.Universal.cs(169,64): warning CS0618: 'RenderGraphSettings' is obsolete: 'These settings are not used. #from(6000.4)'
Packages\com.waveharmonic.crest\Runtime\Scripts\WaterRenderer.Universal.cs(169,21): warning CS0618: 'RenderGraphSettings.enableRenderCompatibilityMode' is obsolete: 'This property is not used. #from(6000.4)'
Packages\com.coplaydev.unity-mcp\Editor\Helpers\GameObjectLookup.cs(73,51): warning CS0618: 'EntityId.implicit operator EntityId(int)' is obsolete: 'EntityId will not be representable by an int in the future. This casting operator will be removed in a future version.'
Packages\com.coplaydev.unity-mcp\Editor\Helpers\GameObjectLookup.cs(158,42): warning CS0618: 'Object.GetInstanceID()' is obsolete: 'GetInstanceID is deprecated. Use GetEntityId instead. This will be removed in a future version.'
Packages\com.coplaydev.unity-mcp\Editor\Helpers\GameObjectLookup.cs(173,38): warning CS0618: 'Object.GetInstanceID()' is obsolete: 'GetInstanceID is deprecated. Use GetEntityId instead. This will be removed in a future version.'
Packages\com.coplaydev.unity-mcp\Editor\Helpers\GameObjectLookup.cs(190,38): warning CS0618: 'Object.GetInstanceID()' is obsolete: 'GetInstanceID is deprecated. Use GetEntityId instead. This will be removed in a future version.'
Packages\com.coplaydev.unity-mcp\Editor\Helpers\GameObjectLookup.cs(200,34): warning CS0618: 'Object.GetInstanceID()' is obsolete: 'GetInstanceID is deprecated. Use GetEntityId instead. This will be removed in a future version.'
Packages\com.coplaydev.unity-mcp\Editor\Helpers\GameObjectLookup.cs(233,30): warning CS0618: 'Object.GetInstanceID()' is obsolete: 'GetInstanceID is deprecated. Use GetEntityId instead. This will be removed in a future version.'
Packages\com.coplaydev.unity-mcp\Editor\Helpers\GameObjectSerializer.cs(31,30): warning CS0618: 'Object.GetInstanceID()' is obsolete: 'GetInstanceID is deprecated. Use GetEntityId instead. This will be removed in a future version.'
Packages\com.coplaydev.unity-mcp\Editor\Helpers\GameObjectSerializer.cs(91,56): warning CS0618: 'Object.GetInstanceID()' is obsolete: 'GetInstanceID is deprecated. Use GetEntityId instead. This will be removed in a future version.'
Packages\com.coplaydev.unity-mcp\Editor\Helpers\GameObjectLookup.cs(257,30): warning CS0618: 'Object.GetInstanceID()' is obsolete: 'GetInstanceID is deprecated. Use GetEntityId instead. This will be removed in a future version.'
Packages\com.coplaydev.unity-mcp\Editor\Helpers\GameObjectLookup.cs(277,34): warning CS0618: 'Object.GetInstanceID()' is obsolete: 'GetInstanceID is deprecated. Use GetEntityId instead. This will be removed in a future version.'
Packages\com.coplaydev.unity-mcp\Editor\Resources\Editor\Windows.cs(42,42): warning CS0618: 'Object.GetInstanceID()' is obsolete: 'GetInstanceID is deprecated. Use GetEntityId instead. This will be removed in a future version.'
Packages\com.coplaydev.unity-mcp\Editor\Helpers\GameObjectSerializer.cs(147,33): warning CS0618: 'Object.GetInstanceID()' is obsolete: 'GetInstanceID is deprecated. Use GetEntityId instead. This will be removed in a future version.'
Packages\com.coplaydev.unity-mcp\Editor\Helpers\ComponentOps.cs(968,92): warning CS0618: 'Object.GetInstanceID()' is obsolete: 'GetInstanceID is deprecated. Use GetEntityId instead. This will be removed in a future version.'
Packages\com.coplaydev.unity-mcp\Editor\Resources\Scene\GameObjectResource.cs(176,42): warning CS0618: 'Object.GetInstanceID()' is obsolete: 'GetInstanceID is deprecated. Use GetEntityId instead. This will be removed in a future version.'
Packages\com.coplaydev.unity-mcp\Editor\Resources\Scene\GameObjectResource.cs(87,33): warning CS0618: 'Object.GetInstanceID()' is obsolete: 'GetInstanceID is deprecated. Use GetEntityId instead. This will be removed in a future version.'
Packages\com.coplaydev.unity-mcp\Editor\Resources\Scene\GameObjectResource.cs(92,30): warning CS0618: 'Object.GetInstanceID()' is obsolete: 'GetInstanceID is deprecated. Use GetEntityId instead. This will be removed in a future version.'
Packages\com.coplaydev.unity-mcp\Editor\Resources\Scene\GameObjectResource.cs(109,53): warning CS0618: 'Object.GetInstanceID()' is obsolete: 'GetInstanceID is deprecated. Use GetEntityId instead. This will be removed in a future version.'
Packages\com.coplaydev.unity-mcp\Editor\Resources\Editor\Selection.cs(24,75): warning CS0618: 'Object.GetInstanceID()' is obsolete: 'GetInstanceID is deprecated. Use GetEntityId instead. This will be removed in a future version.'
Packages\com.coplaydev.unity-mcp\Editor\Resources\Editor\Selection.cs(31,46): warning CS0618: 'Object.GetInstanceID()' is obsolete: 'GetInstanceID is deprecated. Use GetEntityId instead. This will be removed in a future version.'
Packages\com.coplaydev.unity-mcp\Editor\Resources\Editor\Selection.cs(38,45): warning CS0618: 'Object.GetInstanceID()' is obsolete: 'GetInstanceID is deprecated. Use GetEntityId instead. This will be removed in a future version.'
Packages\com.coplaydev.unity-mcp\Editor\Helpers\GameObjectSerializer.cs(181,37): warning CS0618: 'Object.GetInstanceID()' is obsolete: 'GetInstanceID is deprecated. Use GetEntityId instead. This will be removed in a future version.'
Packages\com.coplaydev.unity-mcp\Editor\Helpers\GameObjectSerializer.cs(191,53): warning CS0618: 'Object.GetInstanceID()' is obsolete: 'GetInstanceID is deprecated. Use GetEntityId instead. This will be removed in a future version.'
Packages\com.coplaydev.unity-mcp\Editor\Helpers\GameObjectSerializer.cs(192,49): warning CS0618: 'Object.GetInstanceID()' is obsolete: 'GetInstanceID is deprecated. Use GetEntityId instead. This will be removed in a future version.'
Packages\com.coplaydev.unity-mcp\Editor\Helpers\GameObjectSerializer.cs(197,61): warning CS0618: 'Object.GetInstanceID()' is obsolete: 'GetInstanceID is deprecated. Use GetEntityId instead. This will be removed in a future version.'
Packages\com.coplaydev.unity-mcp\Editor\Helpers\GameObjectSerializer.cs(236,90): warning CS0618: 'Object.GetInstanceID()' is obsolete: 'GetInstanceID is deprecated. Use GetEntityId instead. This will be removed in a future version.'
Packages\com.coplaydev.unity-mcp\Editor\Helpers\GameObjectSerializer.cs(259,37): warning CS0618: 'Object.GetInstanceID()' is obsolete: 'GetInstanceID is deprecated. Use GetEntityId instead. This will be removed in a future version.'
Packages\com.coplaydev.unity-mcp\Editor\Helpers\GameObjectSerializer.cs(325,37): warning CS0618: 'Object.GetInstanceID()' is obsolete: 'GetInstanceID is deprecated. Use GetEntityId instead. This will be removed in a future version.'
Packages\com.coplaydev.unity-mcp\Editor\Helpers\GameObjectSerializer.cs(334,33): warning CS0618: 'Object.GetInstanceID()' is obsolete: 'GetInstanceID is deprecated. Use GetEntityId instead. This will be removed in a future version.'
Packages\com.coplaydev.unity-mcp\Editor\Tools\Cameras\CameraConfigure.cs(39,43): warning CS0618: 'Object.GetInstanceID()' is obsolete: 'GetInstanceID is deprecated. Use GetEntityId instead. This will be removed in a future version.'
Packages\com.coplaydev.unity-mcp\Editor\Tools\Graphics\LightBakingOps.cs(127,34): warning CS0618: 'Object.GetInstanceID()' is obsolete: 'GetInstanceID is deprecated. Use GetEntityId instead. This will be removed in a future version.'
Packages\com.coplaydev.unity-mcp\Editor\Tools\Cameras\CameraCreate.cs(65,34): warning CS0618: 'Object.GetInstanceID()' is obsolete: 'GetInstanceID is deprecated. Use GetEntityId instead. This will be removed in a future version.'
Packages\com.coplaydev.unity-mcp\Editor\Tools\Cameras\CameraControl.cs(17,89): warning CS0618: 'FindObjectsSortMode' is obsolete: 'FindObjectsSortMode has been deprecated. Use the FindObjectsByType overloads that do not take a FindObjectsSortMode parameter.'
Packages\com.coplaydev.unity-mcp\Editor\Tools\Cameras\CameraControl.cs(17,32): warning CS0618: 'Object.FindObjectsByType<T>(FindObjectsSortMode)' is obsolete: 'FindObjectsByType with FindObjectsSortMode parameter has been deprecated. Use FindObjectsByType<T>() or FindObjectsByType<T>(FindObjectsInactive) instead. InstanceID will be replaced in the future with EntityId and previous sort order cannot be maintained.'
Packages\com.coplaydev.unity-mcp\Editor\Tools\Cameras\CameraControl.cs(29,74): warning CS0618: 'FindObjectsSortMode' is obsolete: 'FindObjectsSortMode has been deprecated. Use the FindObjectsByType overloads that do not take a FindObjectsSortMode parameter.'
Packages\com.coplaydev.unity-mcp\Editor\Tools\Cameras\CameraControl.cs(29,29): warning CS0618: 'Object.FindObjectsByType(Type, FindObjectsSortMode)' is obsolete: 'FindObjectsByType with FindObjectsSortMode parameter has been deprecated. Use FindObjectsByType(Type) or FindObjectsByType(Type, FindObjectsInactive) instead. InstanceID will be replaced in the future with EntityId and previous sort order cannot be maintained.'
Packages\com.coplaydev.unity-mcp\Editor\Tools\Cameras\CameraControl.cs(58,38): warning CS0618: 'Object.GetInstanceID()' is obsolete: 'GetInstanceID is deprecated. Use GetEntityId instead. This will be removed in a future version.'
Packages\com.coplaydev.unity-mcp\Editor\Tools\Cameras\CameraControl.cs(62,101): warning CS0618: 'Object.GetInstanceID()' is obsolete: 'GetInstanceID is deprecated. Use GetEntityId instead. This will be removed in a future version.'
Packages\com.coplaydev.unity-mcp\Editor\Tools\Cameras\CameraControl.cs(63,101): warning CS0618: 'Object.GetInstanceID()' is obsolete: 'GetInstanceID is deprecated. Use GetEntityId instead. This will be removed in a future version.'
Packages\com.coplaydev.unity-mcp\Editor\Tools\Cameras\CameraControl.cs(79,34): warning CS0618: 'Object.GetInstanceID()' is obsolete: 'GetInstanceID is deprecated. Use GetEntityId instead. This will be removed in a future version.'
Packages\com.coplaydev.unity-mcp\Editor\Tools\Cameras\CameraControl.cs(105,40): warning CS0618: 'Object.GetInstanceID()' is obsolete: 'GetInstanceID is deprecated. Use GetEntityId instead. This will be removed in a future version.'
Packages\com.coplaydev.unity-mcp\Editor\Tools\Cameras\CameraControl.cs(112,38): warning CS0618: 'Object.GetInstanceID()' is obsolete: 'GetInstanceID is deprecated. Use GetEntityId instead. This will be removed in a future version.'
Packages\com.coplaydev.unity-mcp\Editor\Tools\Graphics\GraphicsHelpers.cs(113,83): warning CS0618: 'FindObjectsSortMode' is obsolete: 'FindObjectsSortMode has been deprecated. Use the FindObjectsByType overloads that do not take a FindObjectsSortMode parameter.'
Packages\com.coplaydev.unity-mcp\Editor\Tools\Graphics\GraphicsHelpers.cs(113,34): warning CS0618: 'Object.FindObjectsByType(Type, FindObjectsSortMode)' is obsolete: 'FindObjectsByType with FindObjectsSortMode parameter has been deprecated. Use FindObjectsByType(Type) or FindObjectsByType(Type, FindObjectsInactive) instead. InstanceID will be replaced in the future with EntityId and previous sort order cannot be maintained.'
Packages\com.coplaydev.unity-mcp\Editor\Tools\Cameras\CameraConfigure.cs(68,43): warning CS0618: 'Object.GetInstanceID()' is obsolete: 'GetInstanceID is deprecated. Use GetEntityId instead. This will be removed in a future version.'
Packages\com.coplaydev.unity-mcp\Editor\Tools\Cameras\CameraControl.cs(150,32): warning CS0618: 'Object.GetInstanceID()' is obsolete: 'GetInstanceID is deprecated. Use GetEntityId instead. This will be removed in a future version.'
Packages\com.coplaydev.unity-mcp\Editor\Tools\Cameras\CameraControl.cs(166,34): warning CS0618: 'Object.GetInstanceID()' is obsolete: 'GetInstanceID is deprecated. Use GetEntityId instead. This will be removed in a future version.'
Packages\com.coplaydev.unity-mcp\Editor\Tools\Graphics\VolumeOps.cs(127,34): warning CS0618: 'Object.GetInstanceID()' is obsolete: 'GetInstanceID is deprecated. Use GetEntityId instead. This will be removed in a future version.'
Packages\com.coplaydev.unity-mcp\Editor\Tools\Cameras\CameraConfigure.cs(91,43): warning CS0618: 'Object.GetInstanceID()' is obsolete: 'GetInstanceID is deprecated. Use GetEntityId instead. This will be removed in a future version.'
Packages\com.coplaydev.unity-mcp\Editor\Tools\Cameras\CameraHelpers.cs(145,20): warning CS0618: 'Object.FindFirstObjectByType(Type)' is obsolete: 'FindFirstObjectByType has been deprecated because it relies on instance ID ordering. Use FindAnyObjectByType instead, which does not depend on ordering.'
Packages\com.coplaydev.unity-mcp\Editor\Tools\GameObjects\GameObjectDelete.cs(27,32): warning CS0618: 'Object.GetInstanceID()' is obsolete: 'GetInstanceID is deprecated. Use GetEntityId instead. This will be removed in a future version.'
Packages\com.coplaydev.unity-mcp\Editor\Tools\Cameras\CameraHelpers.cs(157,84): warning CS0618: 'FindObjectsSortMode' is obsolete: 'FindObjectsSortMode has been deprecated. Use the FindObjectsByType overloads that do not take a FindObjectsSortMode parameter.'
Packages\com.coplaydev.unity-mcp\Editor\Tools\Cameras\CameraHelpers.cs(157,27): warning CS0618: 'Object.FindObjectsByType<T>(FindObjectsSortMode)' is obsolete: 'FindObjectsByType with FindObjectsSortMode parameter has been deprecated. Use FindObjectsByType<T>() or FindObjectsByType<T>(FindObjectsInactive) instead. InstanceID will be replaced in the future with EntityId and previous sort order cannot be maintained.'
Packages\com.coplaydev.unity-mcp\Editor\Tools\ManageComponents.cs(121,34): warning CS0618: 'Object.GetInstanceID()' is obsolete: 'GetInstanceID is deprecated. Use GetEntityId instead. This will be removed in a future version.'
Packages\com.coplaydev.unity-mcp\Editor\Tools\ManageComponents.cs(123,43): warning CS0618: 'Object.GetInstanceID()' is obsolete: 'GetInstanceID is deprecated. Use GetEntityId instead. This will be removed in a future version.'
Packages\com.coplaydev.unity-mcp\Editor\Tools\Cameras\CameraCreate.cs(152,34): warning CS0618: 'Object.GetInstanceID()' is obsolete: 'GetInstanceID is deprecated. Use GetEntityId instead. This will be removed in a future version.'
Packages\com.coplaydev.unity-mcp\Editor\Tools\Cameras\CameraControl.cs(220,43): warning CS0618: 'Object.GetInstanceID()' is obsolete: 'GetInstanceID is deprecated. Use GetEntityId instead. This will be removed in a future version.'
Packages\com.coplaydev.unity-mcp\Editor\Tools\ManageComponents.cs(165,34): warning CS0618: 'Object.GetInstanceID()' is obsolete: 'GetInstanceID is deprecated. Use GetEntityId instead. This will be removed in a future version.'
Packages\com.coplaydev.unity-mcp\Editor\Tools\GameObjects\ManageGameObjectCommon.cs(71,74): warning CS0618: 'Object.GetInstanceID()' is obsolete: 'GetInstanceID is deprecated. Use GetEntityId instead. This will be removed in a future version.'
Packages\com.coplaydev.unity-mcp\Editor\Tools\GameObjects\ManageGameObjectCommon.cs(159,108): warning CS0618: 'FindObjectsSortMode' is obsolete: 'FindObjectsSortMode has been deprecated. Use the FindObjectsByType overloads that do not take a FindObjectsSortMode parameter.'
Packages\com.coplaydev.unity-mcp\Editor\Tools\GameObjects\ManageGameObjectCommon.cs(159,46): warning CS0618: 'Object.FindObjectsByType(Type, FindObjectsInactive, FindObjectsSortMode)' is obsolete: 'FindObjectsByType with FindObjectsSortMode parameter has been deprecated. Use FindObjectsByType(Type) or FindObjectsByType(Type, FindObjectsInactive) instead. InstanceID will be replaced in the future with EntityId and previous sort order cannot be maintained.'
Packages\com.coplaydev.unity-mcp\Editor\Tools\GameObjects\ManageGameObjectCommon.cs(180,80): warning CS0618: 'Object.GetInstanceID()' is obsolete: 'GetInstanceID is deprecated. Use GetEntityId instead. This will be removed in a future version.'
Packages\com.coplaydev.unity-mcp\Editor\Tools\Cameras\CameraConfigure.cs(119,43): warning CS0618: 'Object.GetInstanceID()' is obsolete: 'GetInstanceID is deprecated. Use GetEntityId instead. This will be removed in a future version.'
Packages\com.coplaydev.unity-mcp\Editor\Tools\Graphics\LightBakingOps.cs(277,34): warning CS0618: 'Object.GetInstanceID()' is obsolete: 'GetInstanceID is deprecated. Use GetEntityId instead. This will be removed in a future version.'
Packages\com.coplaydev.unity-mcp\Editor\Tools\Cameras\CameraControl.cs(249,47): warning CS0618: 'Object.GetInstanceID()' is obsolete: 'GetInstanceID is deprecated. Use GetEntityId instead. This will be removed in a future version.'
Packages\com.coplaydev.unity-mcp\Editor\Tools\Cameras\CameraControl.cs(276,47): warning CS0618: 'Object.GetInstanceID()' is obsolete: 'GetInstanceID is deprecated. Use GetEntityId instead. This will be removed in a future version.'
Packages\com.coplaydev.unity-mcp\Editor\Tools\Cameras\CameraControl.cs(286,34): warning CS0618: 'Object.GetInstanceID()' is obsolete: 'GetInstanceID is deprecated. Use GetEntityId instead. This will be removed in a future version.'
Packages\com.coplaydev.unity-mcp\Editor\Tools\Cameras\CameraCreate.cs(176,38): warning CS0618: 'Object.GetInstanceID()' is obsolete: 'GetInstanceID is deprecated. Use GetEntityId instead. This will be removed in a future version.'
Packages\com.coplaydev.unity-mcp\Editor\Tools\Cameras\CameraCreate.cs(244,34): warning CS0618: 'Object.GetInstanceID()' is obsolete: 'GetInstanceID is deprecated. Use GetEntityId instead. This will be removed in a future version.'
Packages\com.coplaydev.unity-mcp\Editor\Tools\Graphics\LightBakingOps.cs(330,34): warning CS0618: 'Object.GetInstanceID()' is obsolete: 'GetInstanceID is deprecated. Use GetEntityId instead. This will be removed in a future version.'
Packages\com.coplaydev.unity-mcp\Editor\Tools\ManageComponents.cs(249,42): warning CS0618: 'Object.GetInstanceID()' is obsolete: 'GetInstanceID is deprecated. Use GetEntityId instead. This will be removed in a future version.'
Packages\com.coplaydev.unity-mcp\Editor\Tools\ManageComponents.cs(261,38): warning CS0618: 'Object.GetInstanceID()' is obsolete: 'GetInstanceID is deprecated. Use GetEntityId instead. This will be removed in a future version.'
Packages\com.coplaydev.unity-mcp\Editor\Tools\Cameras\CameraConfigure.cs(150,43): warning CS0618: 'Object.GetInstanceID()' is obsolete: 'GetInstanceID is deprecated. Use GetEntityId instead. This will be removed in a future version.'
Packages\com.coplaydev.unity-mcp\Editor\Tools\GameObjects\GameObjectDuplicate.cs(80,34): warning CS0618: 'Object.GetInstanceID()' is obsolete: 'GetInstanceID is deprecated. Use GetEntityId instead. This will be removed in a future version.'
Packages\com.coplaydev.unity-mcp\Editor\Tools\Graphics\LightBakingOps.cs(386,34): warning CS0618: 'Object.GetInstanceID()' is obsolete: 'GetInstanceID is deprecated. Use GetEntityId instead. This will be removed in a future version.'
Packages\com.coplaydev.unity-mcp\Editor\Tools\Graphics\VolumeOps.cs(192,92): warning CS0618: 'Object.GetInstanceID()' is obsolete: 'GetInstanceID is deprecated. Use GetEntityId instead. This will be removed in a future version.'
Packages\com.coplaydev.unity-mcp\Editor\Tools\Cameras\CameraConfigure.cs(184,43): warning CS0618: 'Object.GetInstanceID()' is obsolete: 'GetInstanceID is deprecated. Use GetEntityId instead. This will be removed in a future version.'
Packages\com.coplaydev.unity-mcp\Editor\Tools\GameObjects\GameObjectLookAt.cs(56,34): warning CS0618: 'Object.GetInstanceID()' is obsolete: 'GetInstanceID is deprecated. Use GetEntityId instead. This will be removed in a future version.'
Packages\com.coplaydev.unity-mcp\Editor\Tools\Graphics\SkyboxOps.cs(94,82): warning CS0618: 'Object.GetInstanceID()' is obsolete: 'GetInstanceID is deprecated. Use GetEntityId instead. This will be removed in a future version.'
Packages\com.coplaydev.unity-mcp\Editor\Tools\Cameras\CameraConfigure.cs(221,43): warning CS0618: 'Object.GetInstanceID()' is obsolete: 'GetInstanceID is deprecated. Use GetEntityId instead. This will be removed in a future version.'
Packages\com.coplaydev.unity-mcp\Editor\Tools\ManageMaterial.cs(420,61): warning CS0618: 'Object.GetInstanceID()' is obsolete: 'GetInstanceID is deprecated. Use GetEntityId instead. This will be removed in a future version.'
Packages\com.coplaydev.unity-mcp\Editor\Tools\Graphics\RendererFeatureOps.cs(165,34): warning CS0618: 'Object.GetInstanceID()' is obsolete: 'GetInstanceID is deprecated. Use GetEntityId instead. This will be removed in a future version.'
Packages\com.coplaydev.unity-mcp\Editor\Tools\Cameras\CameraConfigure.cs(256,43): warning CS0618: 'Object.GetInstanceID()' is obsolete: 'GetInstanceID is deprecated. Use GetEntityId instead. This will be removed in a future version.'
Packages\com.coplaydev.unity-mcp\Editor\Tools\Cameras\CameraConfigure.cs(291,43): warning CS0618: 'Object.GetInstanceID()' is obsolete: 'GetInstanceID is deprecated. Use GetEntityId instead. This will be removed in a future version.'
Packages\com.coplaydev.unity-mcp\Editor\Tools\Graphics\SkyboxOps.cs(376,34): warning CS0618: 'Object.GetInstanceID()' is obsolete: 'GetInstanceID is deprecated. Use GetEntityId instead. This will be removed in a future version.'
Packages\com.coplaydev.unity-mcp\Editor\Tools\Cameras\CameraConfigure.cs(323,43): warning CS0618: 'Object.GetInstanceID()' is obsolete: 'GetInstanceID is deprecated. Use GetEntityId instead. This will be removed in a future version.'
Packages\com.coplaydev.unity-mcp\Editor\Tools\ManageScene.cs(602,88): warning CS0618: 'FindObjectsSortMode' is obsolete: 'FindObjectsSortMode has been deprecated. Use the FindObjectsByType overloads that do not take a FindObjectsSortMode parameter.'
Packages\com.coplaydev.unity-mcp\Editor\Tools\ManageScene.cs(602,43): warning CS0618: 'Object.FindObjectsByType<T>(FindObjectsSortMode)' is obsolete: 'FindObjectsByType with FindObjectsSortMode parameter has been deprecated. Use FindObjectsByType<T>() or FindObjectsByType<T>(FindObjectsInactive) instead. InstanceID will be replaced in the future with EntityId and previous sort order cannot be maintained.'
Packages\com.coplaydev.unity-mcp\Editor\Tools\ManageScene.cs(644,110): warning CS0618: 'FindObjectsSortMode' is obsolete: 'FindObjectsSortMode has been deprecated. Use the FindObjectsByType overloads that do not take a FindObjectsSortMode parameter.'
Packages\com.coplaydev.unity-mcp\Editor\Tools\ManageScene.cs(644,65): warning CS0618: 'Object.FindObjectsByType<T>(FindObjectsSortMode)' is obsolete: 'FindObjectsByType with FindObjectsSortMode parameter has been deprecated. Use FindObjectsByType<T>() or FindObjectsByType<T>(FindObjectsInactive) instead. InstanceID will be replaced in the future with EntityId and previous sort order cannot be maintained.'
Packages\com.coplaydev.unity-mcp\Editor\Tools\Cameras\CameraConfigure.cs(354,43): warning CS0618: 'Object.GetInstanceID()' is obsolete: 'GetInstanceID is deprecated. Use GetEntityId instead. This will be removed in a future version.'
Packages\com.coplaydev.unity-mcp\Editor\Tools\ManageScene.cs(823,84): warning CS0618: 'FindObjectsSortMode' is obsolete: 'FindObjectsSortMode has been deprecated. Use the FindObjectsByType overloads that do not take a FindObjectsSortMode parameter.'
Packages\com.coplaydev.unity-mcp\Editor\Tools\ManageScene.cs(823,37): warning CS0618: 'Object.FindObjectsByType<T>(FindObjectsSortMode)' is obsolete: 'FindObjectsByType with FindObjectsSortMode parameter has been deprecated. Use FindObjectsByType<T>() or FindObjectsByType<T>(FindObjectsInactive) instead. InstanceID will be replaced in the future with EntityId and previous sort order cannot be maintained.'
Packages\com.coplaydev.unity-mcp\Editor\Tools\ManageAsset.cs(805,38): warning CS0618: 'Object.GetInstanceID()' is obsolete: 'GetInstanceID is deprecated. Use GetEntityId instead. This will be removed in a future version.'
Packages\com.coplaydev.unity-mcp\Editor\Tools\ManageScene.cs(968,84): warning CS0618: 'FindObjectsSortMode' is obsolete: 'FindObjectsSortMode has been deprecated. Use the FindObjectsByType overloads that do not take a FindObjectsSortMode parameter.'
Packages\com.coplaydev.unity-mcp\Editor\Tools\ManageScene.cs(968,37): warning CS0618: 'Object.FindObjectsByType<T>(FindObjectsSortMode)' is obsolete: 'FindObjectsByType with FindObjectsSortMode parameter has been deprecated. Use FindObjectsByType<T>() or FindObjectsByType<T>(FindObjectsInactive) instead. InstanceID will be replaced in the future with EntityId and previous sort order cannot be maintained.'
Packages\com.coplaydev.unity-mcp\Editor\Tools\Graphics\VolumeOps.cs(458,95): warning CS0618: 'FindObjectsSortMode' is obsolete: 'FindObjectsSortMode has been deprecated. Use the FindObjectsByType overloads that do not take a FindObjectsSortMode parameter.'
Packages\com.coplaydev.unity-mcp\Editor\Tools\Graphics\VolumeOps.cs(458,30): warning CS0618: 'Object.FindObjectsByType(Type, FindObjectsSortMode)' is obsolete: 'FindObjectsByType with FindObjectsSortMode parameter has been deprecated. Use FindObjectsByType(Type) or FindObjectsByType(Type, FindObjectsInactive) instead. InstanceID will be replaced in the future with EntityId and previous sort order cannot be maintained.'
Packages\com.coplaydev.unity-mcp\Editor\Tools\ManageScene.cs(1220,72): warning CS0618: 'FindObjectsSortMode' is obsolete: 'FindObjectsSortMode has been deprecated. Use the FindObjectsByType overloads that do not take a FindObjectsSortMode parameter.'
Packages\com.coplaydev.unity-mcp\Editor\Tools\ManageScene.cs(1220,27): warning CS0618: 'Object.FindObjectsByType<T>(FindObjectsSortMode)' is obsolete: 'FindObjectsByType with FindObjectsSortMode parameter has been deprecated. Use FindObjectsByType<T>() or FindObjectsByType<T>(FindObjectsInactive) instead. InstanceID will be replaced in the future with EntityId and previous sort order cannot be maintained.'
Packages\com.coplaydev.unity-mcp\Editor\Tools\ManageScene.cs(1276,86): warning CS0618: 'FindObjectsSortMode' is obsolete: 'FindObjectsSortMode has been deprecated. Use the FindObjectsByType overloads that do not take a FindObjectsSortMode parameter.'
Packages\com.coplaydev.unity-mcp\Editor\Tools\ManageScene.cs(1276,39): warning CS0618: 'Object.FindObjectsByType<T>(FindObjectsSortMode)' is obsolete: 'FindObjectsByType with FindObjectsSortMode parameter has been deprecated. Use FindObjectsByType<T>() or FindObjectsByType<T>(FindObjectsInactive) instead. InstanceID will be replaced in the future with EntityId and previous sort order cannot be maintained.'
Packages\com.coplaydev.unity-mcp\Editor\Tools\Graphics\VolumeOps.cs(532,31): warning CS0618: 'Object.GetInstanceID()' is obsolete: 'GetInstanceID is deprecated. Use GetEntityId instead. This will be removed in a future version.'
Packages\com.coplaydev.unity-mcp\Editor\Tools\ManageUI.cs(1036,28): warning CS0618: 'Object.GetInstanceID()' is obsolete: 'GetInstanceID is deprecated. Use GetEntityId instead. This will be removed in a future version.'
Packages\com.coplaydev.unity-mcp\Editor\Tools\ManageScene.cs(2011,33): warning CS0618: 'Object.GetInstanceID()' is obsolete: 'GetInstanceID is deprecated. Use GetEntityId instead. This will be removed in a future version.'
Packages\com.coplaydev.unity-mcp\Editor\Tools\Vfx\ParticleControl.cs(93,28): warning CS0618: 'Object.GetInstanceID()' is obsolete: 'GetInstanceID is deprecated. Use GetEntityId instead. This will be removed in a future version.'
Packages\com.coplaydev.unity-mcp\Editor\Tools\Profiler\Operations\SessionOps.cs(24,18): warning CS0219: The variable 'recording' is assigned but its value is never used
Packages\com.coplaydev.unity-mcp\Editor\Tools\Prefabs\ManagePrefabs.cs(165,38): warning CS0618: 'Object.GetInstanceID()' is obsolete: 'GetInstanceID is deprecated. Use GetEntityId instead. This will be removed in a future version.'
Packages\com.coplaydev.unity-mcp\Editor\Tools\ManageAsset.cs(1107,36): warning CS0618: 'Object.GetInstanceID()' is obsolete: 'GetInstanceID is deprecated. Use GetEntityId instead. This will be removed in a future version.'
Packages\com.coplaydev.unity-mcp\Editor\Tools\ProBuilder\ManageProBuilder.cs(598,30): warning CS0618: 'Object.GetInstanceID()' is obsolete: 'GetInstanceID is deprecated. Use GetEntityId instead. This will be removed in a future version.'
Packages\com.coplaydev.unity-mcp\Editor\Tools\Prefabs\ManagePrefabs.cs(1237,30): warning CS0618: 'Object.GetInstanceID()' is obsolete: 'GetInstanceID is deprecated. Use GetEntityId instead. This will be removed in a future version.'
Packages\com.coplaydev.unity-mcp\Editor\Tools\Physics\PhysicsSimulationOps.cs(100,38): warning CS0618: 'Object.GetInstanceID()' is obsolete: 'GetInstanceID is deprecated. Use GetEntityId instead. This will be removed in a future version.'
Packages\com.coplaydev.unity-mcp\Editor\Tools\Physics\PhysicsSimulationOps.cs(119,38): warning CS0618: 'Object.GetInstanceID()' is obsolete: 'GetInstanceID is deprecated. Use GetEntityId instead. This will be removed in a future version.'
Packages\com.coplaydev.unity-mcp\Editor\Tools\Physics\PhysicsSimulationOps.cs(142,69): warning CS0618: 'FindObjectsSortMode' is obsolete: 'FindObjectsSortMode has been deprecated. Use the FindObjectsByType overloads that do not take a FindObjectsSortMode parameter.'
Packages\com.coplaydev.unity-mcp\Editor\Tools\Physics\PhysicsSimulationOps.cs(142,31): warning CS0618: 'Object.FindObjectsByType<T>(FindObjectsSortMode)' is obsolete: 'FindObjectsByType with FindObjectsSortMode parameter has been deprecated. Use FindObjectsByType<T>() or FindObjectsByType<T>(FindObjectsInactive) instead. InstanceID will be replaced in the future with EntityId and previous sort order cannot be maintained.'
Packages\com.coplaydev.unity-mcp\Editor\Tools\Physics\PhysicsSimulationOps.cs(155,38): warning CS0618: 'Object.GetInstanceID()' is obsolete: 'GetInstanceID is deprecated. Use GetEntityId instead. This will be removed in a future version.'
Packages\com.coplaydev.unity-mcp\Editor\Tools\Physics\PhysicsSimulationOps.cs(169,65): warning CS0618: 'FindObjectsSortMode' is obsolete: 'FindObjectsSortMode has been deprecated. Use the FindObjectsByType overloads that do not take a FindObjectsSortMode parameter.'
Packages\com.coplaydev.unity-mcp\Editor\Tools\Physics\PhysicsSimulationOps.cs(169,29): warning CS0618: 'Object.FindObjectsByType<T>(FindObjectsSortMode)' is obsolete: 'FindObjectsByType with FindObjectsSortMode parameter has been deprecated. Use FindObjectsByType<T>() or FindObjectsByType<T>(FindObjectsInactive) instead. InstanceID will be replaced in the future with EntityId and previous sort order cannot be maintained.'
Packages\com.coplaydev.unity-mcp\Editor\Tools\Physics\PhysicsSimulationOps.cs(182,38): warning CS0618: 'Object.GetInstanceID()' is obsolete: 'GetInstanceID is deprecated. Use GetEntityId instead. This will be removed in a future version.'
Packages\com.coplaydev.unity-mcp\Editor\Tools\Physics\PhysicsSettingsOps.cs(62,46): warning CS0618: 'Physics2D.autoSyncTransforms' is obsolete: 'Physics2D.autoSyncTransforms has been deprecated please use Physics2D.SyncTransforms instead to manually sync physics transforms when required.'
Packages\com.coplaydev.unity-mcp\Editor\Tools\ProBuilder\ManageProBuilder.cs(902,30): warning CS0618: 'Object.GetInstanceID()' is obsolete: 'GetInstanceID is deprecated. Use GetEntityId instead. This will be removed in a future version.'
Packages\com.coplaydev.unity-mcp\Editor\Tools\Physics\PhysicsSettingsOps.cs(284,25): warning CS0618: 'Physics2D.autoSyncTransforms' is obsolete: 'Physics2D.autoSyncTransforms has been deprecated please use Physics2D.SyncTransforms instead to manually sync physics transforms when required.'
Packages\com.coplaydev.unity-mcp\Editor\Tools\Physics\PhysicsRigidbodyOps.cs(68,34): warning CS0618: 'Object.GetInstanceID()' is obsolete: 'GetInstanceID is deprecated. Use GetEntityId instead. This will be removed in a future version.'
Packages\com.coplaydev.unity-mcp\Editor\Tools\Physics\PhysicsRigidbodyOps.cs(116,34): warning CS0618: 'Object.GetInstanceID()' is obsolete: 'GetInstanceID is deprecated. Use GetEntityId instead. This will be removed in a future version.'
Packages\com.coplaydev.unity-mcp\Editor\Tools\Physics\JointOps.cs(143,34): warning CS0618: 'Object.GetInstanceID()' is obsolete: 'GetInstanceID is deprecated. Use GetEntityId instead. This will be removed in a future version.'
Packages\com.coplaydev.unity-mcp\Editor\Tools\Physics\JointOps.cs(144,44): warning CS0618: 'Object.GetInstanceID()' is obsolete: 'GetInstanceID is deprecated. Use GetEntityId instead. This will be removed in a future version.'
Packages\com.coplaydev.unity-mcp\Editor\Tools\Physics\PhysicsQueryOps.cs(82,34): warning CS0618: 'Object.GetInstanceID()' is obsolete: 'GetInstanceID is deprecated. Use GetEntityId instead. This will be removed in a future version.'
Packages\com.coplaydev.unity-mcp\Editor\Tools\Physics\PhysicsQueryOps.cs(125,34): warning CS0618: 'Object.GetInstanceID()' is obsolete: 'GetInstanceID is deprecated. Use GetEntityId instead. This will be removed in a future version.'
Packages\com.coplaydev.unity-mcp\Editor\Tools\Physics\JointOps.cs(307,34): warning CS0618: 'Object.GetInstanceID()' is obsolete: 'GetInstanceID is deprecated. Use GetEntityId instead. This will be removed in a future version.'
Packages\com.coplaydev.unity-mcp\Editor\Tools\Physics\JointOps.cs(378,44): warning CS0618: 'Object.GetInstanceID()' is obsolete: 'GetInstanceID is deprecated. Use GetEntityId instead. This will be removed in a future version.'
Packages\com.coplaydev.unity-mcp\Editor\Tools\Physics\PhysicsQueryOps.cs(292,34): warning CS0618: 'Object.GetInstanceID()' is obsolete: 'GetInstanceID is deprecated. Use GetEntityId instead. This will be removed in a future version.'
Packages\com.coplaydev.unity-mcp\Editor\Tools\Physics\PhysicsQueryOps.cs(313,34): warning CS0618: 'Object.GetInstanceID()' is obsolete: 'GetInstanceID is deprecated. Use GetEntityId instead. This will be removed in a future version.'
Packages\com.coplaydev.unity-mcp\Editor\Tools\Physics\PhysicsQueryOps.cs(467,34): warning CS0618: 'Object.GetInstanceID()' is obsolete: 'GetInstanceID is deprecated. Use GetEntityId instead. This will be removed in a future version.'
Packages\com.coplaydev.unity-mcp\Editor\Tools\ProBuilder\ManageProBuilder.cs(2297,34): warning CS0618: 'Object.GetInstanceID()' is obsolete: 'GetInstanceID is deprecated. Use GetEntityId instead. This will be removed in a future version.'
Packages\com.coplaydev.unity-mcp\Editor\Tools\Physics\PhysicsQueryOps.cs(556,34): warning CS0618: 'Object.GetInstanceID()' is obsolete: 'GetInstanceID is deprecated. Use GetEntityId instead. This will be removed in a future version.'
Packages\com.coplaydev.unity-mcp\Editor\Tools\Physics\PhysicsQueryOps.cs(622,34): warning CS0618: 'Object.GetInstanceID()' is obsolete: 'GetInstanceID is deprecated. Use GetEntityId instead. This will be removed in a future version.'
Packages\com.coplaydev.unity-mcp\Editor\Tools\Physics\PhysicsQueryOps.cs(660,34): warning CS0618: 'Object.GetInstanceID()' is obsolete: 'GetInstanceID is deprecated. Use GetEntityId instead. This will be removed in a future version.'
Packages\com.coplaydev.unity-mcp\Editor\Tools\Physics\PhysicsQueryOps.cs(742,34): warning CS0618: 'Object.GetInstanceID()' is obsolete: 'GetInstanceID is deprecated. Use GetEntityId instead. This will be removed in a future version.'
Packages\com.coplaydev.unity-mcp\Editor\Tools\Physics\PhysicsQueryOps.cs(785,34): warning CS0618: 'Object.GetInstanceID()' is obsolete: 'GetInstanceID is deprecated. Use GetEntityId instead. This will be removed in a future version.'
Packages\com.waveharmonic.crest\Shared\Scripts\AlignSceneViewToCamera.cs(37,23): warning CS0618: 'SceneHandle.implicit operator int(SceneHandle)' is obsolete: 'Implicit conversion from SceneHandle to int is deprecated. Use SceneHandle.GetRawData() instead'
Packages\com.waveharmonic.crest\Shared\Scripts\AlignSceneViewToCamera.cs(45,17): warning CS0618: 'SceneHandle.implicit operator SceneHandle(int)' is obsolete: 'Implicit conversion from int to SceneHandle is deprecated. Use SceneHandle.FromRawData(ulong) instead'
Packages\com.waveharmonic.crest\Shared\Scripts\AlignSceneViewToCamera.cs(47,23): warning CS0618: 'SceneHandle.implicit operator int(SceneHandle)' is obsolete: 'Implicit conversion from SceneHandle to int is deprecated. Use SceneHandle.GetRawData() instead'
Assets\MapMagic\Core\Plugins\SettingsWindow.cs(62,21): warning CS0618: 'PlayerSettings.GetScriptingDefineSymbolsForGroup(BuildTargetGroup)' is obsolete: 'Use GetScriptingDefineSymbols(NamedBuildTarget buildTarget) instead'
Assets\MapMagic\Core\Plugins\SettingsWindow.cs(78,5): warning CS0618: 'PlayerSettings.SetScriptingDefineSymbolsForGroup(BuildTargetGroup, string)' is obsolete: 'Use SetScriptingDefineSymbols(NamedBuildTarget buildTarget, string defines) instead'
Assets\MapMagic\Core\Plugins\SettingsWindow.cs(110,23): warning CS0618: 'PlayerSettings.GetScriptingDefineSymbolsForGroup(BuildTargetGroup)' is obsolete: 'Use GetScriptingDefineSymbols(NamedBuildTarget buildTarget) instead'
Assets\MapMagic\Core\Plugins\SettingsWindow.cs(189,21): warning CS0618: 'PlayerSettings.GetScriptingDefineSymbolsForGroup(BuildTargetGroup)' is obsolete: 'Use GetScriptingDefineSymbols(NamedBuildTarget buildTarget) instead'
Assets\MapMagic\Core\Plugins\SettingsWindow.cs(215,21): warning CS0618: 'PlayerSettings.GetScriptingDefineSymbolsForGroup(BuildTargetGroup)' is obsolete: 'Use GetScriptingDefineSymbols(NamedBuildTarget buildTarget) instead'
Assets\MapMagic\Core\Plugins\SettingsWindow.cs(233,4): warning CS0618: 'PlayerSettings.SetScriptingDefineSymbolsForGroup(BuildTargetGroup, string)' is obsolete: 'Use SetScriptingDefineSymbols(NamedBuildTarget buildTarget, string defines) instead'
Assets\MapMagic\Core\Plugins\SettingsWindow.cs(308,8): warning CS0618: 'PlayerSettings.GetApiCompatibilityLevel(BuildTargetGroup)' is obsolete: 'Use GetApiCompatibilityLevel(NamedBuildTarget buildTarget) instead'
Assets\MapMagic\Core\Plugins\SettingsWindow.cs(314,7): warning CS0618: 'PlayerSettings.SetApiCompatibilityLevel(BuildTargetGroup, ApiCompatibilityLevel)' is obsolete: 'Use SetApiCompatibilityLevel(NamedBuildTarget buildTarget, ApiCompatibilityLevel value) instead'
Packages\com.waveharmonic.crest\Editor\Scripts\Editors.cs(103,78): warning CS0618: 'FindObjectsSortMode' is obsolete: 'FindObjectsSortMode has been deprecated. Use the FindObjectsByType overloads that do not take a FindObjectsSortMode parameter.'
Packages\com.waveharmonic.crest\Editor\Scripts\Editors.cs(103,43): warning CS0618: 'Object.FindObjectsByType<T>(FindObjectsSortMode)' is obsolete: 'FindObjectsByType with FindObjectsSortMode parameter has been deprecated. Use FindObjectsByType<T>() or FindObjectsByType<T>(FindObjectsInactive) instead. InstanceID will be replaced in the future with EntityId and previous sort order cannot be maintained.'
Packages\com.waveharmonic.crest\Editor\Scripts\Validators.cs(371,86): warning CS0618: 'FindObjectsSortMode' is obsolete: 'FindObjectsSortMode has been deprecated. Use the FindObjectsByType overloads that do not take a FindObjectsSortMode parameter.'
Packages\com.waveharmonic.crest\Editor\Scripts\Validators.cs(371,17): warning CS0618: 'Object.FindObjectsByType<T>(FindObjectsInactive, FindObjectsSortMode)' is obsolete: 'FindObjectsByType with FindObjectsSortMode parameter has been deprecated. Use FindObjectsByType<T>() or FindObjectsByType<T>(FindObjectsInactive) instead. InstanceID will be replaced in the future with EntityId and previous sort order cannot be maintained.'
Packages\com.waveharmonic.crest\Editor\Scripts\Validators.cs(566,86): warning CS0618: 'FindObjectsSortMode' is obsolete: 'FindObjectsSortMode has been deprecated. Use the FindObjectsByType overloads that do not take a FindObjectsSortMode parameter.'
Packages\com.waveharmonic.crest\Editor\Scripts\Validators.cs(566,17): warning CS0618: 'Object.FindObjectsByType<T>(FindObjectsInactive, FindObjectsSortMode)' is obsolete: 'FindObjectsByType with FindObjectsSortMode parameter has been deprecated. Use FindObjectsByType<T>() or FindObjectsByType<T>(FindObjectsInactive) instead. InstanceID will be replaced in the future with EntityId and previous sort order cannot be maintained.'
Assets\_Project\Scripts\Core\HectonUrpTextureRequirementsGuard.cs(57,43): warning CS0618: 'Object.FindFirstObjectByType<T>(FindObjectsInactive)' is obsolete: 'FindFirstObjectByType has been deprecated because it relies on instance ID ordering. Use FindAnyObjectByType instead, which does not depend on ordering.'
Assets\_Project\Scripts\Core\HectonUrpTextureRequirementsGuard.cs(65,21): warning CS0618: 'FindObjectsSortMode' is obsolete: 'FindObjectsSortMode has been deprecated. Use the FindObjectsByType overloads that do not take a FindObjectsSortMode parameter.'
Assets\_Project\Scripts\Core\HectonUrpTextureRequirementsGuard.cs(63,17): warning CS0618: 'Object.FindObjectsByType<T>(FindObjectsInactive, FindObjectsSortMode)' is obsolete: 'FindObjectsByType with FindObjectsSortMode parameter has been deprecated. Use FindObjectsByType<T>() or FindObjectsByType<T>(FindObjectsInactive) instead. InstanceID will be replaced in the future with EntityId and previous sort order cannot be maintained.'
Assets\_Project\Scripts\World\ProceduralWreckGenerator.cs(601,39): warning CS0414: The field 'ProceduralWreckGenerator._debugAsyncGenerationInFlight' is assigned but its value is never used
AssetDatabase: script compilation time: 129.410583s
Begin MonoManager ReloadAssembly
[Licensing::Client] Successfully resolved entitlement details
Assembly DocCodeExamples.dll at Library/ScriptAssemblies/DocCodeExamples.dll not valid. Loading of assembly skipped.
Assembly Hecton8.EditModeTests.dll at Library/ScriptAssemblies/Hecton8.EditModeTests.dll not valid. Loading of assembly skipped.
Assembly Hecton8.PlayModeTests.dll at Library/ScriptAssemblies/Hecton8.PlayModeTests.dll not valid. Loading of assembly skipped.
Assembly Hecton8.World.Dots.dll at Library/ScriptAssemblies/Hecton8.World.Dots.dll not valid. Loading of assembly skipped.
Assembly TestNewCustomAssembly.dll at Library/ScriptAssemblies/TestNewCustomAssembly.dll not valid. Loading of assembly skipped.
Assembly Unity.2D.Sprite.Package.EditorTests.dll at Library/ScriptAssemblies/Unity.2D.Sprite.Package.EditorTests.dll not valid. Loading of assembly skipped.
Assembly Unity.Collections.BurstCompatibilityGen.dll at Library/ScriptAssemblies/Unity.Collections.BurstCompatibilityGen.dll not valid. Loading of assembly skipped.
Assembly Unity.Collections.DocCodeSamples.dll at Library/ScriptAssemblies/Unity.Collections.DocCodeSamples.dll not valid. Loading of assembly skipped.
Assembly Unity.Collections.PerformanceTests.dll at Library/ScriptAssemblies/Unity.Collections.PerformanceTests.dll not valid. Loading of assembly skipped.
Assembly Unity.Collections.Tests.dll at Library/ScriptAssemblies/Unity.Collections.Tests.dll not valid. Loading of assembly skipped.
Assembly Unity.Collections.Tests.Playmode.dll at Library/ScriptAssemblies/Unity.Collections.Tests.Playmode.dll not valid. Loading of assembly skipped.
Assembly Unity.InputSystem.DocCodeSamples.dll at Library/ScriptAssemblies/Unity.InputSystem.DocCodeSamples.dll not valid. Loading of assembly skipped.
Assembly Unity.InputSystem.IntegrationTests.dll at Library/ScriptAssemblies/Unity.InputSystem.IntegrationTests.dll not valid. Loading of assembly skipped.
Assembly Unity.InputSystem.TestFramework.dll at Library/ScriptAssemblies/Unity.InputSystem.TestFramework.dll not valid. Loading of assembly skipped.
Assembly Unity.Mathematics.Tests.dll at Library/ScriptAssemblies/Unity.Mathematics.Tests.dll not valid. Loading of assembly skipped.
Assembly Unity.Nuget.Mono-Cecil.dll at Library/ScriptAssemblies/Unity.Nuget.Mono-Cecil.dll not valid. Loading of assembly skipped.
Assembly Unity.PathTracing.Editor.Tests.dll at Library/ScriptAssemblies/Unity.PathTracing.Editor.Tests.dll not valid. Loading of assembly skipped.
Assembly Unity.PathTracing.Runtime.Tests.dll at Library/ScriptAssemblies/Unity.PathTracing.Runtime.Tests.dll not valid. Loading of assembly skipped.
Assembly Unity.PerformanceTesting.dll at Library/ScriptAssemblies/Unity.PerformanceTesting.dll not valid. Loading of assembly skipped.
Assembly Unity.PerformanceTesting.Editor.dll at Library/ScriptAssemblies/Unity.PerformanceTesting.Editor.dll not valid. Loading of assembly skipped.
Assembly Unity.RenderPipelines.Core.Editor.Tests.dll at Library/ScriptAssemblies/Unity.RenderPipelines.Core.Editor.Tests.dll not valid. Loading of assembly skipped.
Assembly Unity.RenderPipelines.Core.Runtime.Tests.dll at Library/ScriptAssemblies/Unity.RenderPipelines.Core.Runtime.Tests.dll not valid. Loading of assembly skipped.
Assembly Unity.RenderPipelines.Universal.Config.Editor.Tests.dll at Library/ScriptAssemblies/Unity.RenderPipelines.Universal.Config.Editor.Tests.dll not valid. Loading of assembly skipped.
Assembly Unity.RenderPipelines.Universal.Editor.Tests.dll at Library/ScriptAssemblies/Unity.RenderPipelines.Universal.Editor.Tests.dll not valid. Loading of assembly skipped.
Assembly Unity.RenderPipelines.Universal.Runtime.Tests.dll at Library/ScriptAssemblies/Unity.RenderPipelines.Universal.Runtime.Tests.dll not valid. Loading of assembly skipped.
Assembly Unity.Searcher.EditorTests.dll at Library/ScriptAssemblies/Unity.Searcher.EditorTests.dll not valid. Loading of assembly skipped.
Assembly Unity.Settings.Tests.dll at Library/ScriptAssemblies/Unity.Settings.Tests.dll not valid. Loading of assembly skipped.
Assembly Unity.ShaderGraph.Editor.Tests.dll at Library/ScriptAssemblies/Unity.ShaderGraph.Editor.Tests.dll not valid. Loading of assembly skipped.
Assembly Unity.SharpZipLib.Editor.Tests.dll at Library/ScriptAssemblies/Unity.SharpZipLib.Editor.Tests.dll not valid. Loading of assembly skipped.
Assembly Unity.SharpZipLib.Tests.dll at Library/ScriptAssemblies/Unity.SharpZipLib.Tests.dll not valid. Loading of assembly skipped.
Assembly Unity.TextMeshPro.Editor.Tests.dll at Library/ScriptAssemblies/Unity.TextMeshPro.Editor.Tests.dll not valid. Loading of assembly skipped.
Assembly Unity.TextMeshPro.Tests.dll at Library/ScriptAssemblies/Unity.TextMeshPro.Tests.dll not valid. Loading of assembly skipped.
Assembly Unity.UnifiedRayTracing.Editor.Tests.dll at Library/ScriptAssemblies/Unity.UnifiedRayTracing.Editor.Tests.dll not valid. Loading of assembly skipped.
Assembly Unity.VisualScripting.DocCodeExamples.dll at Library/ScriptAssemblies/Unity.VisualScripting.DocCodeExamples.dll not valid. Loading of assembly skipped.
Assembly UnityEditor.TestRunner.dll at Library/ScriptAssemblies/UnityEditor.TestRunner.dll not valid. Loading of assembly skipped.
Assembly UnityEditor.UI.Common.Tests.dll at Library/ScriptAssemblies/UnityEditor.UI.Common.Tests.dll not valid. Loading of assembly skipped.
Assembly UnityEditor.UI.EditorTests.dll at Library/ScriptAssemblies/UnityEditor.UI.EditorTests.dll not valid. Loading of assembly skipped.
Assembly UnityEngine.TestRunner.dll at Library/ScriptAssemblies/UnityEngine.TestRunner.dll not valid. Loading of assembly skipped.
Assembly UnityEngine.UI.Tests.dll at Library/ScriptAssemblies/UnityEngine.UI.Tests.dll not valid. Loading of assembly skipped.
Start importing Packages/com.unity.mathematics/Tests/Unity.Mathematics.Tests.asmdef using Guid(904d80dccad704a3f95e42bd0ad5d960) (AssemblyDefinitionImporter) -> (Import Result ID: '1ce24ec9cf67e8a6a06ce5d910ba85c6') in 0.0305853 seconds [static dependencies only]. Details - ImportResultOutputID=a240624cc582101573d66de63de5aa0b DependenciesID=475149f0f1a6fe10f7a71704edd193c2 StaticDependenciesID=ff663f87626ecaf81493f8eafe375378 
Start importing Packages/com.unity.test-framework.performance/Runtime/Unity.PerformanceTesting.asmdef using Guid(c0dd0d10738d4ad4a9de57c559d0ca1b) (AssemblyDefinitionImporter) -> (Import Result ID: '1a0c26d2c79bd7f4c1be1422c568cb1d') in 0.0035135 seconds [static dependencies only]. Details - ImportResultOutputID=d0e49cc6b24382f9025e3feb9f59e264 DependenciesID=e99b6701f85680a3a621fb18a949a924 StaticDependenciesID=24563eb8e47861655d8c17b2c9e72b34 
Start importing Packages/com.unity.inputsystem/DocCodeSamples.Tests/DocCodeSamples.asmdef using Guid(41b01d3964f844d8b43923c18b3a9a6f) (AssemblyDefinitionImporter) -> (Import Result ID: 'e5dc4d39f535139d84fa96bc4548db6f') in 0.0046089 seconds [static dependencies only]. Details - ImportResultOutputID=ce1e06ad9a6788a90dff2b9924b8c0e6 DependenciesID=e8ca3208203c5983cfdaec15079736c5 StaticDependenciesID=4beccb3eead817df3a565cd40306cc3f 
Start importing Packages/com.unity.render-pipelines.universal-config/Tests/Editor/Unity.RenderPipelines.Universal.Config.Editor.Tests.asmdef using Guid(71747feda1cfa634686086b1914eacb6) (AssemblyDefinitionImporter) -> (Import Result ID: '0c563bd7cdac5241628b773eb1a32307') in 0.0034912 seconds [static dependencies only]. Details - ImportResultOutputID=6d3df47f81adbccc1a776134dfdc64d6 DependenciesID=d0a2b3ab155c9649afe0e274049c81fc StaticDependenciesID=b70f4e9ddd79987f556ff7ea36a30eb5 
Start importing Packages/com.unity.collections/DocCodeSamples.Tests/DocCodeSamples.Tests.asmdef using Guid(d1fecb7e41996c7468b18df518b721d9) (AssemblyDefinitionImporter) -> (Import Result ID: 'ee4f8a4ab25d96b3d4f70593cca5705d') in 0.0044441 seconds [static dependencies only]. Details - ImportResultOutputID=d883625b328e19c53dce210c139efd35 DependenciesID=df88e31de803d65c74bb4897f66b993d StaticDependenciesID=0beae69d7d287fd879266e1f35467694 
Start importing Packages/com.unity.2d.sprite/Tests/Editor/Unity.2D.Sprite.Package.EditorTests.asmdef using Guid(52648b72c7bef2040bf0cfa8dd0f74da) (AssemblyDefinitionImporter) -> (Import Result ID: 'a2ff09ec7380dbe8b361b90e8caa1ab5') in 0.0034835 seconds [static dependencies only]. Details - ImportResultOutputID=f2d189797ce87691a8899477797399dc DependenciesID=840652718daf7049c769458d2ce19e95 StaticDependenciesID=bf263fb6835ada6a055082672e00c985 
Start importing Packages/com.unity.searcher/Tests/Editor/Unity.Searcher.EditorTests.asmdef using Guid(432b70115e987f44abb984cfe7de384f) (AssemblyDefinitionImporter) -> (Import Result ID: 'fac0adf20e64db6a0577fa1af0bb0860') in 0.0039128 seconds [static dependencies only]. Details - ImportResultOutputID=faec79c316a5735d5e956bacc79c2eeb DependenciesID=f9c6b7e59e7fb3576b69222c12dabae4 StaticDependenciesID=e09be0e0192f1fd28a63d2a99a36cedb 
Start importing Assets/_Project/Scripts/World/Dots/Hecton8.World.Dots.asmdef using Guid(d3a00a8709844909a56f3114d4f8024f) (AssemblyDefinitionImporter) -> (Import Result ID: 'a2fe8e0930e0b55006f2ec8f6178c3cc') in 0.0036438 seconds [static dependencies only]. Details - ImportResultOutputID=78550a3725dd613238ffeb4bcdc2b8bc DependenciesID=48adabd8ec3faf2558ccd53a31d6b68b StaticDependenciesID=026b1c8e40a0b8c47f074d2e2844e905 
Start importing Packages/com.unity.collections/Unity.Collections.PerformanceTests/Unity.Collections.PerformanceTests.asmdef using Guid(64222b0d0713a412f92762e2fccd795a) (AssemblyDefinitionImporter) -> (Import Result ID: '4363b2e9067a77766bf16df2068db8e7') in 0.0036599 seconds [static dependencies only]. Details - ImportResultOutputID=6c175e6be67e19df8b5cddf6a85b887f DependenciesID=c41d6aa86cd398417d51b234ce0f595c StaticDependenciesID=4aba832385e5aad0a1076f54badf7b20 
Start importing Packages/com.unity.ugui/Tests/Editor/Common/UnityEditor.UI.Common.Tests.asmdef using Guid(05242c3d99f24a74f99cc20369fcb344) (AssemblyDefinitionImporter) -> (Import Result ID: 'b7329ff0b9612e93a98482bca33e0619') in 0.0046599 seconds [static dependencies only]. Details - ImportResultOutputID=0f1b8e57a0d5b43070dbcff1f633f346 DependenciesID=94eb0d674e91bebe2a104b04002a07c0 StaticDependenciesID=9ce229ab722ce70afe2281d43eb35f83 
Start importing Packages/com.unity.ugui/Tests/Editor/TMP/Unity.TextMeshPro.Editor.Tests.asmdef using Guid(656e461844099ae43a609ff6109b0877) (AssemblyDefinitionImporter) -> (Import Result ID: '5330c2f8e5f5175803a4157e4fc92056') in 0.0055976 seconds [static dependencies only]. Details - ImportResultOutputID=e30f5bdd095c0f52cdc65c3309e079df DependenciesID=6654a1a1496de1eaaac6158a67f1681f StaticDependenciesID=99afd2c13929d297f6ab09487f8e2273 
Start importing Packages/com.unity.timeline/DocCodeExamples/DocCodeExamples.asmdef using Guid(9550f6b9c1ac87345a996c43f204fb30) (AssemblyDefinitionImporter) -> (Import Result ID: 'ffc5add69556461b22ca690141fe9f45') in 0.0059067 seconds [static dependencies only]. Details - ImportResultOutputID=018fec9767a4ffe3dd7ef03bdd82daa1 DependenciesID=c08b5b21f785aad3d8b5ab45c1418d7c StaticDependenciesID=4707367a0451fb09f49fcaf4d2aae61d 
Start importing Packages/com.unity.sharp-zip-lib/Tests/Runtime/Unity.SharpZipLib.Tests.asmdef using Guid(e591a4f19516d3647aab748538901d02) (AssemblyDefinitionImporter) -> (Import Result ID: '516e65ad44916b2a4ade909215833e4d') in 0.0049728 seconds [static dependencies only]. Details - ImportResultOutputID=afaf27e839f904d6b01cee77280734f7 DependenciesID=84f8106f96fd0f294773cdd729c68b12 StaticDependenciesID=fa3444dcf97c6660fb97c2c5dc51a0a6 
Start importing Packages/com.unity.render-pipelines.universal/Tests/Editor/Unity.RenderPipelines.Universal.Editor.Tests.asmdef using Guid(36d514892e55d4340b470c29fcab8b44) (AssemblyDefinitionImporter) -> (Import Result ID: 'ed3b89b6871a85350fa3f28253050393') in 0.0046295 seconds [static dependencies only]. Details - ImportResultOutputID=4553d5eb2d175a2ba59618c112b94f8a DependenciesID=554ddefbf291dfb9ca75facdbe7a422a StaticDependenciesID=736440ea946a2abe61bb351da9142cd7 
Start importing Packages/com.unity.test-framework/UnityEngine.TestRunner/UnityEngine.TestRunner.asmdef using Guid(27619889b8ba8c24980f49ee34dbb44a) (AssemblyDefinitionImporter) -> (Import Result ID: '84fd7c3f9a5db08d1cfc128ef524ae99') in 0.0040641 seconds [static dependencies only]. Details - ImportResultOutputID=0c9a1d40fb83696cf4af206b9139377a DependenciesID=c414e42f626a2ceffc1ef94c3c5274d3 StaticDependenciesID=cdec6555ac64d610d9f51ff70cf23881 
Start importing Packages/com.unity.settings-manager/Tests/Editor/Unity.Settings.Editor.Tests.asmdef using Guid(b8c9b6a82a342504c8e4a2747471d23c) (AssemblyDefinitionImporter) -> (Import Result ID: 'ad36ff7fe8856875477c84908c85c0db') in 0.0048048 seconds [static dependencies only]. Details - ImportResultOutputID=cfefcc7e96147a9350e61f3b54ea06c9 DependenciesID=1bd0d463096b18a1a26263dcdac9b7ff StaticDependenciesID=0a7bc402a38355db2019ef0badd6d015 
Start importing Assets/_Project/Tests/PlayMode/Hecton8.PlayModeTests.asmdef using Guid(b9076b6929437864e8762c69c6179e34) (AssemblyDefinitionImporter) -> (Import Result ID: '4fb814dd5114fd6da1c9286f830229ee') in 0.0031045 seconds [static dependencies only]. Details - ImportResultOutputID=b50b700029f5ab33b3de1c579370e1fa DependenciesID=e2365166f2ecb7c8efe544ec941ec6fd StaticDependenciesID=f7cf94e9bf8310b302357a4f48a7c6ba 
Start importing Packages/com.unity.ugui/Tests/Runtime/UGUI/UnityEngine.UI.Tests.asmdef using Guid(e9745f6a32442194c8dc5a43e9ab86f9) (AssemblyDefinitionImporter) -> (Import Result ID: '96b3b1f41f391f4b07a117f0ba68b902') in 0.0045478 seconds [static dependencies only]. Details - ImportResultOutputID=888442f7c7ce38696bfdebc69a2fee45 DependenciesID=b848fc4d6188552ba949f12812acb1ca StaticDependenciesID=8ee0c348e0a11cca4272332cb54be20f 
Start importing Packages/com.unity.test-framework/UnityEditor.TestRunner/UnityEditor.TestRunner.asmdef using Guid(0acc523941302664db1f4e527237feb3) (AssemblyDefinitionImporter) -> (Import Result ID: '21d5efcb55bf5ce7a22e34f47db04cc1') in 0.0038489 seconds [static dependencies only]. Details - ImportResultOutputID=a2659c49296b759fb5dbde80c4a2cba7 DependenciesID=85239693884137118d8e6cbb5e613a0d StaticDependenciesID=f8265a36e73f376c8dea596093bd6fbf 
Start importing Packages/com.unity.inputsystem/Tests/IntegrationTests/Unity.InputSystem.IntegrationTests.asmdef using Guid(3ae5734e49d646442ad24f37762ebdd2) (AssemblyDefinitionImporter) -> (Import Result ID: '0b689d54d34c50fa550d841a68a98c4e') in 0.0030398 seconds [static dependencies only]. Details - ImportResultOutputID=cd1edb4691b7d779675d4a106dfd9dfa DependenciesID=b9da5d6b7669d10b6a7ab743cc6afc42 StaticDependenciesID=2103d2666abe0fd76a728760a738a612 
Start importing Packages/com.unity.nuget.mono-cecil/Tests/Editor/Unity.Nuget.Mono-Cecil.Editor.Tests.asmdef using Guid(aaf6804a66b394e9b8c133f80fc0c3e3) (AssemblyDefinitionImporter) -> (Import Result ID: '1aa0c36617fb88199972fc107469e9fa') in 0.0042898 seconds [static dependencies only]. Details - ImportResultOutputID=34085d1b7f4792b6a970297079a487fc DependenciesID=82cd70e6a26260231ee5ebe9565d9a6d StaticDependenciesID=a08077ef3c7ea54f270e01233e0e019b 
Start importing Packages/com.unity.sharp-zip-lib/Tests/Editor/Unity.SharpZipLib.Editor.Tests.asmdef using Guid(dabede6f7a4d62e49b277a20d979a894) (AssemblyDefinitionImporter) -> (Import Result ID: '0dc6ea84d4bf1d75f4c4329ccca2b0f0') in 0.0035799 seconds [static dependencies only]. Details - ImportResultOutputID=c912fcb2d80c7cf699ce232b1df6999d DependenciesID=1071678528ac4b094b0cb55ea62bac06 StaticDependenciesID=de0443bcfaa3d0d912b91d8124e831d4 
Start importing Packages/com.unity.ugui/Tests/Runtime/TMP/Unity.TextMeshPro.Tests.asmdef using Guid(bb05cab7d802aa5468f8f2f86840d984) (AssemblyDefinitionImporter) -> (Import Result ID: '8791b271bc9215d12acae3e6af343308') in 0.0033559 seconds [static dependencies only]. Details - ImportResultOutputID=64b325955e738da1feb78abed8629254 DependenciesID=45df8f988544b042af91de5ca56e24c6 StaticDependenciesID=7771ba8b900862cff2eacb1b08a7ec93 
Start importing Packages/com.unity.render-pipelines.core/Tests/Editor/UnifiedRayTracing/Unity.UnifiedRayTracing.Editor.Tests.asmdef using Guid(cb16ddcad9e86c047a91282ca9c48140) (AssemblyDefinitionImporter) -> (Import Result ID: 'f937d3c122f54793864ad4631e664f04') in 0.0040193 seconds [static dependencies only]. Details - ImportResultOutputID=fa08afac2688fe1390fb470cb231e0ff DependenciesID=e4ecb5eb50c9b457cac92eb8a84dcd8a StaticDependenciesID=d2095857ab6c8f8d7fdd79004e0c0ecc 
Start importing Packages/com.unity.collections/Unity.Collections.Tests/Unity.Collections.Tests.asmdef using Guid(ebbea1c70c20149eea64c53647a70872) (AssemblyDefinitionImporter) -> (Import Result ID: '7439560c09b51f960db44660f9f0c10e') in 0.0038353 seconds [static dependencies only]. Details - ImportResultOutputID=db3d9f5d6b94e9abfc24affb8fc69fe6 DependenciesID=8731160e35c2818008848e8fa1418c2a StaticDependenciesID=3cda8a0aa40d166e59ce3029e893e76f 
Start importing Assets/_Project/Tests/Editor/Hecton8.EditModeTests.asmdef using Guid(6ce54a595be8a74449c79e4838535e6c) (AssemblyDefinitionImporter) -> (Import Result ID: '7f21e5c45d235c4be485a2abf2ecf71d') in 0.0040584 seconds [static dependencies only]. Details - ImportResultOutputID=a2a87669cc4207a422b02e5234ba05e9 DependenciesID=4fc8937d5ced9512f4cb653ae2c34d93 StaticDependenciesID=102fa17d2cbdaf03e799218ff15937fc 
Start importing Packages/com.unity.ugui/Tests/Editor/UGUI/UnityEditor.UI.EditorTests.asmdef using Guid(7c04f0dfa9243c04681a55d90d3ff3fc) (AssemblyDefinitionImporter) -> (Import Result ID: 'aefa50c1b236224e7406db50dc4bf9ca') in 0.0040034 seconds [static dependencies only]. Details - ImportResultOutputID=90b990eab80b90cb3b777fb97cf5bed6 DependenciesID=2596b3db8fe795f7185c0fda9057b5eb StaticDependenciesID=2ad5daf1342a890398e1702ddfffd0c8 
Start importing Packages/com.unity.render-pipelines.core/Tests/Runtime/PathTracing/Unity.PathTracing.Runtime.Tests.asmdef using Guid(7c4d0a73126b14e2693931e0c68b75e7) (AssemblyDefinitionImporter) -> (Import Result ID: '0dcb1bad5b14f68928f4722e685dbb75') in 0.0034647 seconds [static dependencies only]. Details - ImportResultOutputID=4eefddbfed14e8f82ce630e1207f5f3b DependenciesID=52c856da505c68426f21955cb8d016a1 StaticDependenciesID=e6402b3cee63f46f4dbb3099977692d7 
Start importing Packages/com.unity.render-pipelines.universal/Tests/Runtime/Unity.RenderPipelines.Universal.Runtime.Tests.asmdef using Guid(bc3b0daec27db604caf7fec37e54bf6d) (AssemblyDefinitionImporter) -> (Import Result ID: '3b46ee7676262ef5a4fc820bbcf6f3fc') in 0.00434 seconds [static dependencies only]. Details - ImportResultOutputID=eec077edd0cbfc6d07bc0b4fedc03431 DependenciesID=2f5d1dfacae062886610f2903cb03d09 StaticDependenciesID=fdaf416262b347083a6756511cb5c15e 
Start importing Packages/com.unity.inputsystem/Tests/TestFixture/Unity.InputSystem.TestFramework.asmdef using Guid(dc04f38471c3a459fb4d31124ee9127d) (AssemblyDefinitionImporter) -> (Import Result ID: 'd19d4ee60dd5a88af3917d9b5d37ee8b') in 0.0035631 seconds [static dependencies only]. Details - ImportResultOutputID=6f3be107ad3a4d3238b255a7544f8251 DependenciesID=a447ec3317b500955245b15ad6e735d4 StaticDependenciesID=4e6795f9af6d22e51a7027b6e9de5783 
Start importing Packages/com.unity.render-pipelines.core/Tests/Editor/PathTracing/Unity.PathTracing.Editor.Tests.asmdef using Guid(ec4944adf00f4b1478ae164e5eac5b80) (AssemblyDefinitionImporter) -> (Import Result ID: '28a7312f6de3a23f823e6beceb72cfb9') in 0.0048387 seconds [static dependencies only]. Details - ImportResultOutputID=b9c6a342f196c368bb3e9a4024bccd31 DependenciesID=0994b89ca6c405e763d497c90132daf2 StaticDependenciesID=db0d69a4a5f0504ddfd665f5ca305d38 
Start importing Packages/com.unity.collections/Unity.Collections.Tests.Playmode/Unity.Collections.Tests.Playmode.asmdef using Guid(5e96082520aa86a458e400b89afe93a4) (AssemblyDefinitionImporter) -> (Import Result ID: '22ffe2e38ff7b1f7c5252b8a6e5aa6f8') in 0.007974 seconds [static dependencies only]. Details - ImportResultOutputID=070ff736e67f25ddc462f47c56afab9f DependenciesID=02a6d924af4f2235567e9aa58a2676d2 StaticDependenciesID=349157c4aa5706430cd4fd375d732f65 
Start importing Packages/com.unity.render-pipelines.core/Tests/Editor/Unity.RenderPipelines.Core.Editor.Tests.asmdef using Guid(6e5480588ffa37d4f82fe96c45e8ce9c) (AssemblyDefinitionImporter) -> (Import Result ID: 'd5b6eda867d43ba658c3e2bfc3b0888f') in 0.0056347 seconds [static dependencies only]. Details - ImportResultOutputID=c4daf191540c3ace695c061338956bdf DependenciesID=d896a4cab7d5036f47b6eadca6097621 StaticDependenciesID=95c936483a68651035923bf5a10e6094 
Start importing Packages/com.unity.visualscripting/DocCodeExamples/Unity.VisualScripting.DocCodeExamples.asmdef using Guid(3fbd3355e4de04d8aaea7a67361a8542) (AssemblyDefinitionImporter) -> (Import Result ID: '9d4a980ad208d41788ccacc8097d48ff') in 0.0055168 seconds [static dependencies only]. Details - ImportResultOutputID=3c2ca3b8e858e924c0b6db3483d2500a DependenciesID=d3ea9089378d966269ca80c97c44b45b StaticDependenciesID=7c9d40a86e80d570698f987cf4ccad34 
Start importing Packages/com.unity.collections/Unity.Collections.BurstCompatibilityGen/Unity.Collections.BurstCompatibilityGen.asmdef using Guid(4f5c0c83dfd6a0743834baba2b4de79e) (AssemblyDefinitionImporter) -> (Import Result ID: '7b1d5fd123e96f65e7aa621269cd4378') in 0.0042544 seconds [static dependencies only]. Details - ImportResultOutputID=2e770092d6e95f9f68054fc53e50651e DependenciesID=ffa3e187dd13b47387ce92cede5c58bf StaticDependenciesID=8ef4abb9e0c4be46c380c06c623733d8 
Start importing Packages/com.unity.test-framework.performance/Editor/Unity.PerformanceTesting.Editor.asmdef using Guid(9f843d4b38153f04b9cee0502d568525) (AssemblyDefinitionImporter) -> (Import Result ID: 'cc68514977f1244a9116447cddeb4819') in 0.0058959 seconds [static dependencies only]. Details - ImportResultOutputID=3d6f8e376228338edc0b4027aa2b8071 DependenciesID=8eb52f91d8738d52a29dfd9afedccf19 StaticDependenciesID=b2b0cb9827a5887f716900838d5c7637 
Start importing Packages/com.unity.render-pipelines.core/Tests/Runtime/Unity.RenderPipelines.Core.Runtime.Tests.asmdef using Guid(bf043f86dbf1bda4398ec83eebe40b8c) (AssemblyDefinitionImporter) -> (Import Result ID: 'e243455d5d103a90da1fbd162bb4bea9') in 0.0039496 seconds [static dependencies only]. Details - ImportResultOutputID=838710e42d04387db090cf2e88bfe6ff DependenciesID=74d9cfc694d7445fe6bb3a38fffe0fca StaticDependenciesID=a51b64917d803623f1dbf8c60c240a98 
Start importing Packages/com.unity.shadergraph/Tests/Editor/Unity.ShaderGraph.Editor.Tests.asmdef using Guid(bf9b048907d0a604eab6a5552630c26d) (AssemblyDefinitionImporter) -> (Import Result ID: 'd5988fd2d80a71576deccce940987fd2') in 0.0045882 seconds [static dependencies only]. Details - ImportResultOutputID=4851961bdcf43f2ee0e2a02245d41fa0 DependenciesID=8022e305bccaa3274c384b470cae3aef StaticDependenciesID=6845cf60880536fa6274b12f093a872b 
Refreshing native plugins compatible for Editor in 11.41 ms, found 30 plugins.
Native extension for WindowsStandalone target not found
Refreshing native plugins compatible for Editor in 31.14 ms, found 30 plugins.
Launched and connected shader compiler UnityShaderCompiler.exe after 0.19 seconds
[MODES] ModeService[none].Initialize
[MODES] ModeService[none].LoadModes
[MODES] Loading mode Default (0) for mode-current-id-Submerge
ScheduleIndexationOnStartup MainProcess:True IndexOnStartup:True
Mono: successfully reloaded assembly
- Finished resetting the current domain, in 29.364 seconds
Domain Reload Profiling: 34998ms
	BeginReloadAssembly (1095ms)
		DisableScriptedObjects (49ms)
		CreateAndSetChildDomain (277ms)
	RebuildCommonClasses (235ms)
	RebuildNativeTypeToScriptingClass (61ms)
	initialDomainReloadingComplete (282ms)
	LoadAllAssembliesAndSetupDomain (3959ms)
		LoadAssemblies (1876ms)
		AnalyzeDomain (2520ms)
			TypeCache.Refresh (2191ms)
				TypeCache.ScanAssembly (2112ms)
			BuildScriptInfoCaches (231ms)
			ResolveRequiredComponents (90ms)
	FinalizeReload (29366ms)
		SetupLoadedEditorAssemblies (0ms)
			InitializePlatformSupportModulesInManaged (34ms)
			BeforeProcessingInitializeOnLoad (1220ms)
			ProcessInitializeOnLoadAttributes (18463ms)
			ProcessInitializeOnLoadMethodAttributes (5071ms)
			AfterProcessingInitializeOnLoad (66ms)
			EditorAssembliesLoaded (5ms)
		AwakeInstancesAfterBackupRestoration (76ms)
Start importing Assets/DOCS/AGENT_01_GRAPHICS_LOG.md using Guid(f01cd4bfc71e82f46ba991afe939da1e) (TextScriptImporter) -> (Import Result ID: '00b5c66f421facb43df5508361a07459') in 0.0168858 seconds [static dependencies only]. Details - ImportResultOutputID=b2659db3d36ef0e5115c650769fe355b DependenciesID=a76af414ea7717f7e2ba13c1b731049d StaticDependenciesID=13975440fc55b709b65cc4936c6d83e8 
Start importing Packages/com.unity.render-pipelines.core/Tests/Editor/UnifiedRayTracing/TraceRays.urtshader using Guid(1142bbad8b9e8c44c83a9775ff120d37) (ScriptedImporter)
Compiling Ray Tracing Shader "TraceRays.urtshader", keywords = <no keywords>
    finished in 0.03 seconds. Local cache hits 1, remote cache hits 0, compiled 0 platform variants
 -> (Import Result ID: 'b61a11853fc2b01c85b821ba8aaf5c7e') in 0.0959164 seconds [static and dynamic dependencies]. Details - ImportResultOutputID=46687cccdc33168fce57c46918914a0e DependenciesID=ba78a0469f42bfec0b01e12118e1a492 StaticDependenciesID=b7859538b7c8061be2c1df0681a26cec 
Start importing Packages/com.unity.render-pipelines.core/Runtime/Lighting/SurfaceCache/RisEstimation.urtshader using Guid(713f6141bd66a134383b787f2eaa7c11) (ScriptedImporter)
Compiling Ray Tracing Shader "RisEstimation.urtshader", keywords = <no keywords>
    finished in 0.00 seconds. Local cache hits 1, remote cache hits 0, compiled 0 platform variants
 -> (Import Result ID: 'd7ac51d7078c9d0f4518515a4bd89058') in 0.071817 seconds [static and dynamic dependencies]. Details - ImportResultOutputID=e10568ab6bce9a97b28d8c885dc887c9 DependenciesID=7bda994a1075ee45a05df5fd39078a40 StaticDependenciesID=1251c416255850dca778d66927462604 
Start importing Packages/com.unity.render-pipelines.core/Runtime/PathTracing/Shaders/LightmapShadowMaskIntegration.urtshader using Guid(d19f4f8a13b6edb48b986a47ec96402e) (ScriptedImporter)
Compiling Ray Tracing Shader "LightmapShadowMaskIntegration.urtshader", keywords = <no keywords>
    finished in 0.00 seconds. Local cache hits 1, remote cache hits 0, compiled 0 platform variants
 -> (Import Result ID: '6206f4b63d9d1dd6323401f03425e922') in 0.0821878 seconds [static and dynamic dependencies]. Details - ImportResultOutputID=2b95ef19d50b21f939236f8de4f3b7c4 DependenciesID=3a4c5a758997883cb2c7a4dad415ebe1 StaticDependenciesID=dddefbaa39ba5d51a386df5433e82fa1 
Start importing Packages/com.unity.render-pipelines.core/Runtime/PathTracing/Shaders/LightmapGBufferDebug.urtshader using Guid(737a1597422c12547a8714d76a9406ec) (ScriptedImporter)
Compiling Ray Tracing Shader "LightmapGBufferDebug.urtshader", keywords = <no keywords>
    finished in 0.00 seconds. Local cache hits 1, remote cache hits 0, compiled 0 platform variants
 -> (Import Result ID: 'babf3e30592708beedda850f6a16aa60') in 0.0469682 seconds [static and dynamic dependencies]. Details - ImportResultOutputID=091ab5fc811d0bb32fd83d24c76e3ade DependenciesID=a74f3d1e9dc51cb077ba856b7eab9889 StaticDependenciesID=62194a0448f2b8616e1214fb593272db 
Start importing Packages/com.unity.render-pipelines.core/Runtime/PathTracing/Shaders/LightmapNormalIntegration.urtshader using Guid(1451d029813b192429211be28181beab) (ScriptedImporter)
Compiling Ray Tracing Shader "LightmapNormalIntegration.urtshader", keywords = <no keywords>
    finished in 0.00 seconds. Local cache hits 1, remote cache hits 0, compiled 0 platform variants
 -> (Import Result ID: '791a469038e49731e268afc65adafb0e') in 0.0464438 seconds [static and dynamic dependencies]. Details - ImportResultOutputID=ceb98ab71ac413b56190ee84e02cff03 DependenciesID=c40fff4210f4795126824cb6cbd960bd StaticDependenciesID=cbe3820d9825e61936c3967ec27e4e90 
Start importing Packages/com.unity.render-pipelines.core/Editor/Lighting/ProbeVolume/RenderingLayerMask/TraceRenderingLayerMask.urtshader using Guid(94a070d33e408384bafc1dea4a565df9) (ScriptedImporter)
Compiling Ray Tracing Shader "TraceRenderingLayerMask.urtshader", keywords = <no keywords>
    finished in 0.00 seconds. Local cache hits 1, remote cache hits 0, compiled 0 platform variants
 -> (Import Result ID: '86f5f30a5cada56579762dd325614ad9') in 0.0765534 seconds [static and dynamic dependencies]. Details - ImportResultOutputID=1a05fb70609584037b92ffb7bbfa4513 DependenciesID=e4c04546dd7334f19deb336f5df7647d StaticDependenciesID=83d03f1fcc976b11b697d3bab0b97d8c 
Start importing Packages/com.unity.render-pipelines.core/Runtime/Lighting/SurfaceCache/UniformEstimation.urtshader using Guid(94a39d12848d8d64ca962a72b74e7c50) (ScriptedImporter)
Compiling Ray Tracing Shader "UniformEstimation.urtshader", keywords = <no keywords>
    finished in 0.00 seconds. Local cache hits 1, remote cache hits 0, compiled 0 platform variants
 -> (Import Result ID: '294fe8c4e2b40974f52434bf1a3e50d3') in 0.0483224 seconds [static and dynamic dependencies]. Details - ImportResultOutputID=63829e09c8421943158a5c8e22d7fb1c DependenciesID=a3615acec63a8869e35ea1a076121cb4 StaticDependenciesID=f100dc97879ef35876f7ad5427566dd9 
Start importing Packages/com.unity.render-pipelines.core/Tests/Editor/UnifiedRayTracing/TraceTransparentRays.urtshader using Guid(6513c3b892e933c4f8d00c19d5c47532) (ScriptedImporter)
Compiling Ray Tracing Shader "TraceTransparentRays.urtshader", keywords = <no keywords>
    finished in 0.00 seconds. Local cache hits 1, remote cache hits 0, compiled 0 platform variants
 -> (Import Result ID: 'ce98530d50922e273fe691dd13c2666f') in 0.0217415 seconds [static and dynamic dependencies]. Details - ImportResultOutputID=9a4f92c4b834443772f57e904b7b5318 DependenciesID=e2b5d4de0ad804a3b9ecae2a1ed8ba57 StaticDependenciesID=5e41b194f27d8b70c797e75555e2b1f0 
Start importing Packages/com.unity.render-pipelines.core/Runtime/PathTracing/Shaders/LightmapIndirectIntegration.urtshader using Guid(7624adbeb148b5c48ab5ab660cc2602a) (ScriptedImporter)
Compiling Ray Tracing Shader "LightmapIndirectIntegration.urtshader", keywords = <no keywords>
    finished in 0.00 seconds. Local cache hits 1, remote cache hits 0, compiled 0 platform variants
 -> (Import Result ID: '7636fca688e599403be3d3b12c440c22') in 0.0624704 seconds [static and dynamic dependencies]. Details - ImportResultOutputID=331a21b109ee676710cbf634c8ef4c64 DependenciesID=a013b62f44319fe9498c0e871d3829fb StaticDependenciesID=6d19372de11b03798f093933090e79bb 
Start importing Packages/com.unity.render-pipelines.core/Runtime/PathTracing/Shaders/LightmapGBufferIntegration.urtshader using Guid(e9f4de6d1e07fb94f9a60d35b618f724) (ScriptedImporter)
Compiling Ray Tracing Shader "LightmapGBufferIntegration.urtshader", keywords = <no keywords>
    finished in 0.00 seconds. Local cache hits 1, remote cache hits 0, compiled 0 platform variants
 -> (Import Result ID: '6b095755af600b25dba257b1420adcfa') in 0.0416451 seconds [static and dynamic dependencies]. Details - ImportResultOutputID=88abca16d66a7184f4c4b47027b43f11 DependenciesID=7e07fd4aeea28b90cf80df010e477915 StaticDependenciesID=66dc06979910318021783fcb4ccd3ecc 
Start importing Packages/com.unity.render-pipelines.core/Editor/Lighting/ProbeVolume/DynamicGI/DynamicGISkyOcclusion.urtshader using Guid(5a2a534753fbdb44e96c3c78b5a6999d) (ScriptedImporter)
Compiling Ray Tracing Shader "DynamicGISkyOcclusion.urtshader", keywords = <no keywords>
    finished in 0.00 seconds. Local cache hits 1, remote cache hits 0, compiled 0 platform variants
 -> (Import Result ID: '6f054e61c1371e27dad04f659288b92e') in 0.0376726 seconds [static and dynamic dependencies]. Details - ImportResultOutputID=d00095a4a55ff2ec22e939f29df9180b DependenciesID=ff1535c0e2997a6039c548982004dd93 StaticDependenciesID=18974378deb0e4fc540e6b2321b0ff13 
Start importing Packages/com.unity.render-pipelines.core/Runtime/PathTracing/Shaders/LightmapDirectIntegration.urtshader using Guid(5bbebdef5916845478fcef13fa10d89f) (ScriptedImporter)
Compiling Ray Tracing Shader "LightmapDirectIntegration.urtshader", keywords = <no keywords>
    finished in 0.00 seconds. Local cache hits 1, remote cache hits 0, compiled 0 platform variants
 -> (Import Result ID: '16a5e83c3e0e5009ab394ab2b951fdd6') in 0.0747211 seconds [static and dynamic dependencies]. Details - ImportResultOutputID=a922f61de12ed04fdf9509350b340e48 DependenciesID=57ccbabcf65c829f2817a591a3ce9914 StaticDependenciesID=63188f79534be5f4b9e074ad4af5bfb7 
Start importing Packages/com.unity.render-pipelines.core/Tests/Editor/UnifiedRayTracing/TraceRaysAndFetchAttributes.urtshader using Guid(fbc59f55df2416344b008dc23753cae2) (ScriptedImporter)
Compiling Ray Tracing Shader "TraceRaysAndFetchAttributes.urtshader", keywords = <no keywords>
    finished in 0.00 seconds. Local cache hits 1, remote cache hits 0, compiled 0 platform variants
 -> (Import Result ID: 'b176c8e4b623a9b1bca035cc8a457f3e') in 0.0313797 seconds [static and dynamic dependencies]. Details - ImportResultOutputID=3b313a6c864bac4a92bdbdf353437986 DependenciesID=d21a282b89a2e496dfcce7cde4fed2ac StaticDependenciesID=aa8291e86ea82085a643681c1c779d39 
Start importing Packages/com.unity.render-pipelines.core/Runtime/PathTracing/Shaders/LightmapAOIntegration.urtshader using Guid(1c410815c01ce1d4d82c645c0cd45747) (ScriptedImporter)
Compiling Ray Tracing Shader "LightmapAOIntegration.urtshader", keywords = <no keywords>
    finished in 0.00 seconds. Local cache hits 1, remote cache hits 0, compiled 0 platform variants
 -> (Import Result ID: '9df1e187d4190f9957b2b561b03a969c') in 0.0508487 seconds [static and dynamic dependencies]. Details - ImportResultOutputID=5103f96431e842f7259bb0177de5374a DependenciesID=149050e4eae14bbf0824943226fef567 StaticDependenciesID=bcaf3aac9727a2ca27155e619d011e5f 
Start importing Packages/com.unity.render-pipelines.core/Runtime/PathTracing/Shaders/ProbeIntegrationValidity.urtshader using Guid(2c32233d92a2d0745930664c087c5c9a) (ScriptedImporter)
Compiling Ray Tracing Shader "ProbeIntegrationValidity.urtshader", keywords = <no keywords>
    finished in 0.00 seconds. Local cache hits 1, remote cache hits 0, compiled 0 platform variants
 -> (Import Result ID: 'bcf9a3db43d96e62931481948649ec6d') in 0.0458473 seconds [static and dynamic dependencies]. Details - ImportResultOutputID=7382f6ebace9db409d45bbf3f67db551 DependenciesID=c362f229ed9d3f4e8329bf893a13639b StaticDependenciesID=4aea10376946a8225ccdfdec15a70dac 
Start importing Packages/com.unity.render-pipelines.core/Runtime/PathTracing/Shaders/LightmapValidityIntegration.urtshader using Guid(ace95ac84e213794891b4bd7c9b3c158) (ScriptedImporter)
Compiling Ray Tracing Shader "LightmapValidityIntegration.urtshader", keywords = <no keywords>
    finished in 0.00 seconds. Local cache hits 1, remote cache hits 0, compiled 0 platform variants
 -> (Import Result ID: '9cfefd2467c2f392ccaf70284f81d86a') in 0.0572394 seconds [static and dynamic dependencies]. Details - ImportResultOutputID=1e4e1f52bf9adcad13f0bcdba75cec3b DependenciesID=57d9d38cd2a047f8b92a9651c6724631 StaticDependenciesID=46d905dacc01197a8e043a8ad4f9d21d 
Start importing Packages/com.unity.render-pipelines.core/Runtime/Lighting/SurfaceCache/RestirCandidateTemporal.urtshader using Guid(ad3a9f9982f8c4f4a839a78955e78458) (ScriptedImporter)
Compiling Ray Tracing Shader "RestirCandidateTemporal.urtshader", keywords = <no keywords>
    finished in 0.00 seconds. Local cache hits 1, remote cache hits 0, compiled 0 platform variants
 -> (Import Result ID: 'ee1f626977a9995fa6dc3fe2cae85133') in 0.0552193 seconds [static and dynamic dependencies]. Details - ImportResultOutputID=0ee7e16793f63ad4fa9bacccbdab596d DependenciesID=a54e69929afed86f408abe0f3a11f5a4 StaticDependenciesID=2beaac54fac463ee5ee15c00b0990d01 
Start importing Packages/com.unity.render-pipelines.core/Runtime/PathTracing/Shaders/ProbeIntegrationIndirect.urtshader using Guid(5ecdabd800f05984696f22ba95284516) (ScriptedImporter)
Compiling Ray Tracing Shader "ProbeIntegrationIndirect.urtshader", keywords = <no keywords>
    finished in 0.00 seconds. Local cache hits 1, remote cache hits 0, compiled 0 platform variants
 -> (Import Result ID: '889fc6615150a45fc63538a9546c0e35') in 0.0660226 seconds [static and dynamic dependencies]. Details - ImportResultOutputID=7b342ad6fce78607d4cb85fc02d9d19a DependenciesID=e68919762ba0a9e0f238cb17c5dcbebb StaticDependenciesID=83ecbbd61911181b4944eb7ac9eabee5 
Start importing Packages/com.unity.render-pipelines.core/Tests/Runtime/PathTracing/PathIteratorTest.urtshader using Guid(6e0b547bab30a804c8123974120d583f) (ScriptedImporter)
Compiling Ray Tracing Shader "PathIteratorTest.urtshader", keywords = <no keywords>
    finished in 0.00 seconds. Local cache hits 1, remote cache hits 0, compiled 0 platform variants
 -> (Import Result ID: '57d947cae0e8003fbc981ad74169efaa') in 0.060923 seconds [static and dynamic dependencies]. Details - ImportResultOutputID=07420bf6446c0c205e272929d6eb81ee DependenciesID=594f11d35b7aba65962c7886d27a4981 StaticDependenciesID=cf2a33ce9b71ea08a4459556694e1323 
Start importing Packages/com.unity.render-pipelines.core/Runtime/PathTracing/Shaders/LiveGI.urtshader using Guid(ceb7a31b84722d144bbeff1c8cd88769) (ScriptedImporter)
Compiling Ray Tracing Shader "LiveGI.urtshader", keywords = <no keywords>
    finished in 0.00 seconds. Local cache hits 1, remote cache hits 0, compiled 0 platform variants
 -> (Import Result ID: '12f1f33770683c6d22725c2f237e83ab') in 0.0734986 seconds [static and dynamic dependencies]. Details - ImportResultOutputID=c58ef83ec50830e9bfe040e930b3537e DependenciesID=efbcc06b527755efc51f17180af96016 StaticDependenciesID=628001b751fe9fddf64a203b1446575e 
Start importing Packages/com.unity.render-pipelines.core/Runtime/PathTracing/Shaders/ProbeIntegrationOcclusion.urtshader using Guid(de3013e16d99f2746ab1735ec06a660b) (ScriptedImporter)
Compiling Ray Tracing Shader "ProbeIntegrationOcclusion.urtshader", keywords = <no keywords>
    finished in 0.01 seconds. Local cache hits 1, remote cache hits 0, compiled 0 platform variants
 -> (Import Result ID: 'b8fb97ca364825a954794a7a33584bbe') in 0.0636281 seconds [static and dynamic dependencies]. Details - ImportResultOutputID=34ea5cef2db8063219dc8fd537498cc0 DependenciesID=b4bdf7721efc399300aba8c6c0cc6ced StaticDependenciesID=183f3d853e4af89ec08f4e79696e167d 
Start importing Packages/com.unity.render-pipelines.core/Runtime/PathTracing/Shaders/ProbeIntegrationDirect.urtshader using Guid(1f9bfe60b4ad75943a5281839c1a4e5c) (ScriptedImporter)
Compiling Ray Tracing Shader "ProbeIntegrationDirect.urtshader", keywords = <no keywords>
    finished in 0.00 seconds. Local cache hits 1, remote cache hits 0, compiled 0 platform variants
 -> (Import Result ID: 'f9e05b28fe00eb70f1cbd312b7b9c80e') in 0.0882333 seconds [static and dynamic dependencies]. Details - ImportResultOutputID=4cedefe6725f61ebfce8197635258855 DependenciesID=e4ee24474e83bb9a6d47c033a5149289 StaticDependenciesID=d3f99f9cc1ae2c0c0147c2fa8da668fc 
Start importing Assets/DOCS/AGENT_03_PHYSICS_LOG.md using Guid(4fa7f0a77846ee84e86c6b7c2a8665a8) (TextScriptImporter) -> (Import Result ID: 'cf4577d7f5dca755f6c24ee4a4637411') in 0.0046172 seconds [static dependencies only]. Details - ImportResultOutputID=eff993ba4c71bed2ce511ff2303ca132 DependenciesID=20ae9e063dc275e6a681412a23e5e785 StaticDependenciesID=155d63e97a77074f71c7745636b883f9 
Start importing Packages/com.unity.render-pipelines.core/Editor/Lighting/ProbeVolume/VirtualOffset/TraceVirtualOffset.urtshader using Guid(ff2cbab5da58bf04d82c5f34037ed123) (ScriptedImporter)
Compiling Ray Tracing Shader "TraceVirtualOffset.urtshader", keywords = <no keywords>
    finished in 0.00 seconds. Local cache hits 1, remote cache hits 0, compiled 0 platform variants
 -> (Import Result ID: '6f29081014305158ffc1f553fe9ac97c') in 0.0360471 seconds [static and dynamic dependencies]. Details - ImportResultOutputID=7915af89c97778059399f61159182492 DependenciesID=4529efd1d999f927776004ba32005281 StaticDependenciesID=f51ff46b48d84884c883ac486ebfd7f9 
Start importing Assets/_Project/Prefabs/Player.prefab using Guid(1c4db7a430141e5408e01b6ce4ed19d7) (PrefabImporter) -> (Import Result ID: 'ec9b2a59a301ceb94818279d5f417476') in 1.8345362 seconds [static and dynamic dependencies]. Details - ImportResultOutputID=27a5f1871d7774912414bb6866c94751 DependenciesID=487703c964ab803e7523614e5e51441e StaticDependenciesID=06346441addac4c91a57a4047461b0ac 
The following asset(s) located in immutable packages were unexpectedly altered. Making changes to immutable packages isn't recommended because the changes can be lost without any warning during Package Manager operations.
  Packages/com.unity.render-pipelines.universal/Tests/Runtime/Unity.RenderPipelines.Universal.Runtime.Tests.asmdef
  Packages/com.unity.test-framework.performance/Editor/Unity.PerformanceTesting.Editor.asmdef
  Packages/com.unity.inputsystem/Tests/TestFixture/Unity.InputSystem.TestFramework.asmdef
  Packages/com.unity.collections/Unity.Collections.PerformanceTests/Unity.Collections.PerformanceTests.asmdef
  Packages/com.unity.inputsystem/DocCodeSamples.Tests/DocCodeSamples.asmdef
  Packages/com.unity.render-pipelines.core/Tests/Runtime/PathTracing/Unity.PathTracing.Runtime.Tests.asmdef
  Packages/com.unity.collections/Unity.Collections.Tests.Playmode/Unity.Collections.Tests.Playmode.asmdef
  Packages/com.unity.inputsystem/Tests/IntegrationTests/Unity.InputSystem.IntegrationTests.asmdef
  Packages/com.unity.collections/Unity.Collections.BurstCompatibilityGen/Unity.Collections.BurstCompatibilityGen.asmdef
  Packages/com.unity.render-pipelines.universal/Tests/Editor/Unity.RenderPipelines.Universal.Editor.Tests.asmdef
  Packages/com.unity.searcher/Tests/Editor/Unity.Searcher.EditorTests.asmdef
  Packages/com.unity.timeline/DocCodeExamples/DocCodeExamples.asmdef
  Packages/com.unity.ugui/Tests/Runtime/UGUI/UnityEngine.UI.Tests.asmdef
  Packages/com.unity.mathematics/Tests/Unity.Mathematics.Tests.asmdef
  Packages/com.unity.collections/DocCodeSamples.Tests/DocCodeSamples.Tests.asmdef
  Packages/com.unity.ugui/Tests/Runtime/TMP/Unity.TextMeshPro.Tests.asmdef
  Packages/com.unity.sharp-zip-lib/Tests/Runtime/Unity.SharpZipLib.Tests.asmdef
  Packages/com.unity.2d.sprite/Tests/Editor/Unity.2D.Sprite.Package.EditorTests.asmdef
  Packages/com.unity.render-pipelines.core/Tests/Editor/UnifiedRayTracing/Unity.UnifiedRayTracing.Editor.Tests.asmdef
  Packages/com.unity.test-framework/UnityEditor.TestRunner/UnityEditor.TestRunner.asmdef
  Packages/com.unity.ugui/Tests/Editor/TMP/Unity.TextMeshPro.Editor.Tests.asmdef
  Packages/com.unity.settings-manager/Tests/Editor/Unity.Settings.Editor.Tests.asmdef
  Packages/com.unity.render-pipelines.core/Tests/Editor/Unity.RenderPipelines.Core.Editor.Tests.asmdef
  Packages/com.unity.nuget.mono-cecil/Tests/Editor/Unity.Nuget.Mono-Cecil.Editor.Tests.asmdef
  Packages/com.unity.render-pipelines.core/Tests/Editor/PathTracing/Unity.PathTracing.Editor.Tests.asmdef
  Packages/com.unity.sharp-zip-lib/Tests/Editor/Unity.SharpZipLib.Editor.Tests.asmdef
  Packages/com.unity.test-framework/UnityEngine.TestRunner/UnityEngine.TestRunner.asmdef
  Packages/com.unity.test-framework.performance/Runtime/Unity.PerformanceTesting.asmdef
  Packages/com.unity.visualscripting/DocCodeExamples/Unity.VisualScripting.DocCodeExamples.asmdef
  Packages/com.unity.ugui/Tests/Editor/Common/UnityEditor.UI.Common.Tests.asmdef
  Packages/com.unity.ugui/Tests/Editor/UGUI/UnityEditor.UI.EditorTests.asmdef
  Packages/com.unity.render-pipelines.core/Tests/Runtime/Unity.RenderPipelines.Core.Runtime.Tests.asmdef
  Packages/com.unity.render-pipelines.universal-config/Tests/Editor/Unity.RenderPipelines.Universal.Config.Editor.Tests.asmdef
  Packages/com.unity.collections/Unity.Collections.Tests/Unity.Collections.Tests.asmdef
Refreshing native plugins compatible for Editor in 25.96 ms, found 30 plugins.
(Values over 0.050ms)
Asset Pipeline Refresh (id=f949b254d969b1446bd579ea69cc2ab0): Total: 175.901 seconds - Initiated by InitialRefreshV2(ForceSynchronousImport)
	Summary:
		Imports: total=39 (actual=39, local cache=0, cache server=0)
		Asset DB Process Time: managed=23 ms, native=36524 ms
		Asset DB Callback time: managed=2113 ms, native=1572 ms
		Scripting: domain reloads=1, domain reload time=5661 ms, compile time=129418 ms, other=586 ms
		Project Asset Count: scripts=2916, non-scripts=10129
		Asset File Changes: new=0, changed=93, moved=0, deleted=599
		Scan Filter Count: 0
	InvokePackagesCallback: 167.477ms
	ApplyChangesToAssetFolders: 2.034ms
	Scan: 955.962ms
	OnSourceAssetsModified: 14.418ms
	CategorizeScriptCompilationAssets: 384.913ms
	ProcessAssetsWithTransientArtifactChanges: 258.772ms
	CategorizeAssets: 743.094ms
	CompileScripts: 129417.849ms
	ImportOutOfDateAssets: 32987.099ms (29431.106ms without children)
		ImportManagerImport: 3530.205ms (41.139ms without children)
			UpdateCategorizedAssets: 0.652ms
		ReloadNativeAssets: 0.262ms
		UnloadImportedAssets: 4.499ms
		ReloadImportedAssets: 9.106ms
		EnsureUptoDateAssetsAreRegisteredWithGuidPM: 14.150ms
		InitializingProgressBar: 0.066ms
		OnDemandSchedulerStart: 6.768ms
	PostProcessAllAssets: 3478.194ms
		AssemblyValidation.PostprocessAllAssets 776.012ms
		ComputeShaderImportPostprocess 210.601ms
		RaytracingShaderImportPostprocess 184.574ms
		VCAutoAddAssetPostprocess 6.610ms
		XRBuildSystem.XRAssetImported 5.372ms
		LocalizationDatabase.AssetDatabasePostprocessCallback 2.120ms
		BlockShaderImporter.PostprocessAllAssets 1.717ms
		PostProcessCallbackCreateDeferredMaterials 0.838ms
		SpeedTreeImporter.PostprocessAllAssets 0.699ms
		ShaderAssetModifiedCallback 0.609ms
		MonoPostProcessAllAssets: 2105.192ms
			TextureArrayPreProcessor.OnPostprocessAllAssets 519.885ms
			ShaderGraphAssetPostProcessor.OnPostprocessAllAssets 277.812ms
			StyleCatalogPostProcessor.OnPostprocessAllAssets 116.800ms
			UniversalRenderPipelineGlobalSettingsPostprocessor.OnPostprocessAllAssets 83.105ms
			AssetPostprocessor.OnPostprocessAllAssets 64.299ms
			InputActionAssetPostprocessor.OnPostprocessAllAssets 36.216ms
			InputActionJsonNameModifierAssetProcessor.OnPostprocessAllAssets 33.578ms
			UtilityWindowPostProcessor.OnPostprocessAllAssets 25.546ms
			BuilderAssetPostprocessor.OnPostprocessAllAssets 22.079ms
			AssetChangedListener.OnPostprocessAllAssets 19.535ms
			PostProcessor.OnPostprocessAllAssets 17.030ms
			WindowAssetPostprocessingWatcher.OnPostprocessAllAssets 14.742ms
			SpeedTree9Postprocessor.OnPostprocessAllAssets 10.664ms
			MaterialPostprocessor.OnPostprocessAllAssets 10.306ms
			TemplatePostProcessor.OnPostprocessAllAssets 8.662ms
			RetainedModeAssetPostprocessor.OnPostprocessAllAssets 7.656ms
			AssetPostProcessor.OnPostprocessAllAssets 6.982ms
			SyncVS.PostprocessSyncProject 5.982ms
			RenderPipelineGlobalSettingsPostprocessor.OnPostprocessAllAssets 5.330ms
			SpriteEditorTexturePostprocessor.OnPostprocessAllAssets 4.100ms
			TextAssetPostProcessor.OnPostprocessAllAssets 3.742ms
			MatrixAssetTexturePostprocessor.OnPostprocessAllAssets 3.553ms
			ConfigAssetsTracker.OnPostprocessAllAssets 2.613ms
			UVCSAssetPostprocessor.OnPostprocessAllAssets 2.061ms
			ArtifactBrowserPostProcessor.OnPostprocessAllAssets 1.983ms
			TMPro_TexturePostProcessor.OnPostprocessAllAssets 1.636ms
			AssetDatabaseCallbacks.OnPostprocessAllAssets 1.452ms
			ProjectSettingsPostprocessor.OnPostprocessAllAssets 1.424ms
			ReferencedClipsPostProcessor.OnPostprocessAllAssets 1.416ms
			AudioMixerPostprocessor.OnPostprocessAllAssets 1.319ms
			SamplePostprocessor.OnPostprocessAllAssets 1.257ms
			AssetEvents.OnPostprocessAllAssets 1.215ms
			SpeedTreePostProcessor.OnPostprocessAllAssets 0.829ms
			TerrainToolbarOverlayPostProcessor.OnPostprocessAllAssets 0.810ms
			ScenarioDriftAssetsTracker.OnPostprocessAllAssets 0.725ms
			AudioContainerPostProcessor.OnPostprocessAllAssets 0.322ms
	PostAssetChangesProfiler: 43.604ms
	UnloadStreamsBegin: 10.196ms
	PersistCurrentRevisions: 9.960ms
	GenerateScriptTypeHashes: 51.112ms
	GenerateScriptTypeSerializationHashes: 68.398ms
	Untracked: 7420.560ms

Application.AssetDatabase Initial Refresh End
Shader Hidden/ChartRasterizerHardware is not supported: GPU does not support conservative rasterization
Scanning for USB devices : 4.571ms
Initializing Unity extensions:
GetVirtualKey: Could not map char: z (122) to any virtual key
GetVirtualKey: Could not map char: y (121) to any virtual key
GetVirtualKey: Could not map char: x (120) to any virtual key
GetVirtualKey: Could not map char: c (99) to any virtual key
GetVirtualKey: Could not map char: v (118) to any virtual key
GetVirtualKey: Could not map char: V (86) to any virtual key
GetVirtualKey: Could not map char: d (100) to any virtual key
GetVirtualKey: Could not map char: f (102) to any virtual key
GetVirtualKey: Could not map char: f (102) to any virtual key
GetVirtualKey: Could not map char: a (97) to any virtual key
GetVirtualKey: Could not map char: d (100) to any virtual key
GetVirtualKey: Could not map char: c (99) to any virtual key
GetVirtualKey: Could not map char: r (114) to any virtual key
GetVirtualKey: Could not map char: i (105) to any virtual key
GetVirtualKey: Could not map char: l (108) to any virtual key
GetVirtualKey: Could not map char: f (102) to any virtual key
GetVirtualKey: Could not map char: k (107) to any virtual key
GetVirtualKey: Could not map char: p (112) to any virtual key
GetVirtualKey: Could not map char: p (112) to any virtual key
GetVirtualKey: Could not map char: p (112) to any virtual key
GetVirtualKey: Could not map char: c (99) to any virtual key
GetVirtualKey: Could not map char: r (114) to any virtual key
GetVirtualKey: Could not map char: P (80) to any virtual key
GetVirtualKey: Could not map char: n (110) to any virtual key
GetVirtualKey: Could not map char: n (110) to any virtual key
GetVirtualKey: Could not map char: g (103) to any virtual key
GetVirtualKey: Could not map char: f (102) to any virtual key
GetVirtualKey: Could not map char: f (102) to any virtual key
GetVirtualKey: Could not map char: a (97) to any virtual key
GetVirtualKey: Could not map char: a (97) to any virtual key
GetVirtualKey: Could not map char: K (75) to any virtual key
GetVirtualKey: Could not map char: G (71) to any virtual key
GetVirtualKey: Could not map char: L (76) to any virtual key
GetVirtualKey: Could not map char: R (82) to any virtual key
GetVirtualKey: Could not map char: G (71) to any virtual key
GetVirtualKey: Could not map char: X (88) to any virtual key
GetVirtualKey: Could not map char: E (69) to any virtual key
GetVirtualKey: Could not map char: N (78) to any virtual key
GetVirtualKey: Could not map char: U (85) to any virtual key
GetVirtualKey: Could not map char: E (69) to any virtual key
GetVirtualKey: Could not map char: S (83) to any virtual key
GetVirtualKey: Could not map char: X (88) to any virtual key
GetVirtualKey: Could not map char: V (86) to any virtual key
GetVirtualKey: Could not map char: m (109) to any virtual key
GetVirtualKey: Could not map char: c (99) to any virtual key
GetVirtualKey: Could not map char: u (117) to any virtual key
GetVirtualKey: Could not map char: n (110) to any virtual key
GetVirtualKey: Could not map char: o (111) to any virtual key
GetVirtualKey: Could not map char: s (115) to any virtual key
GetVirtualKey: Could not map char: s (115) to any virtual key
GetVirtualKey: Could not map char: b (98) to any virtual key
GetVirtualKey: Could not map char: b (98) to any virtual key
Unloading 589 Unused Serialized files (Serialized files now loaded: 0)
Unloading 11356 unused Assets / (145.6 MB). Loaded Objects now: 11684.
Memory consumption went from 0.54 GB to 404.1 MB.
Total: 305.403500 ms (FindLiveObjects: 3.217300 ms CreateObjectMapping: 3.598900 ms MarkObjects: 174.045800 ms  DeleteObjects: 124.532200 ms)

GetVirtualKey: Could not map char: z (122) to any virtual key
GetVirtualKey: Could not map char: y (121) to any virtual key
GetVirtualKey: Could not map char: x (120) to any virtual key
GetVirtualKey: Could not map char: c (99) to any virtual key
GetVirtualKey: Could not map char: v (118) to any virtual key
GetVirtualKey: Could not map char: V (86) to any virtual key
GetVirtualKey: Could not map char: d (100) to any virtual key
GetVirtualKey: Could not map char: f (102) to any virtual key
GetVirtualKey: Could not map char: f (102) to any virtual key
GetVirtualKey: Could not map char: a (97) to any virtual key
GetVirtualKey: Could not map char: d (100) to any virtual key
GetVirtualKey: Could not map char: c (99) to any virtual key
GetVirtualKey: Could not map char: r (114) to any virtual key
GetVirtualKey: Could not map char: i (105) to any virtual key
GetVirtualKey: Could not map char: l (108) to any virtual key
GetVirtualKey: Could not map char: f (102) to any virtual key
GetVirtualKey: Could not map char: k (107) to any virtual key
GetVirtualKey: Could not map char: p (112) to any virtual key
GetVirtualKey: Could not map char: p (112) to any virtual key
GetVirtualKey: Could not map char: p (112) to any virtual key
GetVirtualKey: Could not map char: c (99) to any virtual key
GetVirtualKey: Could not map char: r (114) to any virtual key
GetVirtualKey: Could not map char: P (80) to any virtual key
GetVirtualKey: Could not map char: n (110) to any virtual key
GetVirtualKey: Could not map char: n (110) to any virtual key
GetVirtualKey: Could not map char: g (103) to any virtual key
GetVirtualKey: Could not map char: f (102) to any virtual key
GetVirtualKey: Could not map char: f (102) to any virtual key
GetVirtualKey: Could not map char: a (97) to any virtual key
GetVirtualKey: Could not map char: a (97) to any virtual key
GetVirtualKey: Could not map char: K (75) to any virtual key
GetVirtualKey: Could not map char: G (71) to any virtual key
GetVirtualKey: Could not map char: L (76) to any virtual key
GetVirtualKey: Could not map char: R (82) to any virtual key
GetVirtualKey: Could not map char: G (71) to any virtual key
GetVirtualKey: Could not map char: X (88) to any virtual key
GetVirtualKey: Could not map char: E (69) to any virtual key
GetVirtualKey: Could not map char: N (78) to any virtual key
GetVirtualKey: Could not map char: U (85) to any virtual key
GetVirtualKey: Could not map char: E (69) to any virtual key
GetVirtualKey: Could not map char: S (83) to any virtual key
GetVirtualKey: Could not map char: X (88) to any virtual key
GetVirtualKey: Could not map char: V (86) to any virtual key
GetVirtualKey: Could not map char: m (109) to any virtual key
GetVirtualKey: Could not map char: c (99) to any virtual key
GetVirtualKey: Could not map char: u (117) to any virtual key
GetVirtualKey: Could not map char: n (110) to any virtual key
GetVirtualKey: Could not map char: o (111) to any virtual key
GetVirtualKey: Could not map char: s (115) to any virtual key
GetVirtualKey: Could not map char: s (115) to any virtual key
GetVirtualKey: Could not map char: b (98) to any virtual key
GetVirtualKey: Could not map char: b (98) to any virtual key
Batchmode quit successfully invoked - shutting down!
Curl error 42: Callback aborted
UnassignedReferenceException: The variable m_AtlasTextures of TMP_FontAsset has not been assigned.
You probably need to assign the m_AtlasTextures variable of the TMP_FontAsset script in the inspector.
  at UnityEngine.Object+MarshalledUnityObject.TryThrowEditorNullExceptionObject (UnityEngine.Object unityObj, System.String parameterName) [0x000c6] in <5ea200363ab142a582463089d51cabd3>:0 
  at UnityEngine.Bindings.ThrowHelper.ThrowNullReferenceException (System.Object obj) [0x0000a] in <5ea200363ab142a582463089d51cabd3>:0 
  at UnityEngine.Texture.GetDataWidth () [0x00006] in <5ea200363ab142a582463089d51cabd3>:0 
  at UnityEngine.Texture.get_width () [0x00000] in <5ea200363ab142a582463089d51cabd3>:0 
  at TMPro.EditorEventCallbacks+<>c.<InitializeFontAssetResourceChangeCallBacks>b__0_0 () [0x00024] in .\Library\PackageCache\com.unity.ugui@d8a2716f3013\Editor\TMP\TMP_EditorResourceManager.cs:34 
  at UnityEditor.EditorApplication.Internal_EditorApplicationQuit () [0x00019] in <3b89d68715d841fd8878d2557b46f30d>:0 

(Filename: ./Library/PackageCache/com.unity.ugui@d8a2716f3013/Editor/TMP/TMP_EditorResourceManager.cs Line: 34)

[Physics::Module] Cleanup current backend.
[Physics::Module] Id: 0xf2b8ea05
Input System module state changed to: ShutdownInProgress.
Input Polling Thread exited.
Input System module state changed to: Shutdown.
[Licensing::IpcConnector] LicenseClient-danat-6000.4.1-notifications channel disconnected successfully.
[Licensing::IpcConnector] LicenseClient-danat-6000.4.1 channel disconnected successfully.
AcceleratorClientConnectionCallback - disconnected - :0
Cleanup mono
CodeReloadManager destroyed
Exiting batchmode successfully now!
Exiting without the bug reporter. Application will terminate with return code 0