job_id,title,role,category,final_filename,save_dir,final_target_path,references,prompt_file,prompt
SHINOBU_361_HAND_001,ceiling_10_trimsheet_normal_Normal.png,NORMAL_OR_HEIGHT_SOURCE,HABITAT_INTERIORS,ceiling_10_trimsheet_normal_Normal.png,C:\hades\Hecton8\Docs\ArtDrop\SHINOBU_361\All_175_Targets\SHINOBU_361_HAND_001_ceiling_10_trimsheet_normal_Normal,C:\hades\Hecton8\Assets\_Project\Art\TEXTURES\Generated\SHINOBU_361\HABITAT_INTERIORS\ceiling_10_trimsheet_normal_Normal.png,LOOKDEV_APPROVED_REF_SEED_001.png; approved floor/wall style anchor; function-specific seed if needed,C:\hades\Hecton8\Docs\Reports\TextureGeneratorWorkpack_SHINOBU_361\Prompts\All_175_Targets\SHINOBU_361_HAND_001_ceiling_10_trimsheet_normal_Normal.txt,"Premium heightfield source for a modular abyssal habitat ceiling trim sheet, designed for a clean BC5 normal map. Make a precise pattern of recessed service channels, thin acoustic baffles, gasketed inspection seams, countersunk fastener wells, cable raceway lips, and shallow pressed ribs. The surface should feel engineered and expensive: satin titanium under off-white ceramic coating, graphite rubber separators, small amber locator strips, and fine salt dust gathered only inside seam grooves. Keep the design bright enough to read, with crisp bevel logic and balanced mid-value forms. Use flat, top-down, orthogonal orthographic view, completely uniform diffuse lighting, zero directional shadows, perfect seamless tiling, no text watermark, no border, no perspective object scene."
SHINOBU_361_HAND_002,floor_05_stripes_basecolor_Albedo.png,ALBEDO,HABITAT_INTERIORS,floor_05_stripes_basecolor_Albedo.png,C:\hades\Hecton8\Docs\ArtDrop\SHINOBU_361\All_175_Targets\SHINOBU_361_HAND_002_floor_05_stripes_basecolor_Albedo,C:\hades\Hecton8\Assets\_Project\Art\TEXTURES\Generated\SHINOBU_361\HABITAT_INTERIORS\floor_05_stripes_basecolor_Albedo.png,LOOKDEV_APPROVED_REF_SEED_001.png; approved floor/wall style anchor; function-specific seed if needed,C:\hades\Hecton8\Docs\Reports\TextureGeneratorWorkpack_SHINOBU_361\Prompts\All_175_Targets\SHINOBU_361_HAND_002_floor_05_stripes_basecolor_Albedo.txt,"Premium NASA Punk habitat floor stripe base color texture for the player prologue route. Make a clean modular floor panel with warm off-white composite plates, satin graphite anti-slip inserts, thin amber safety stripes, subtle teal maintenance marks, and narrow titanium edge rails. It should look functional and inviting, like a well-funded ocean research base with maintained expedition wear. Add controlled boot scuffs, a few salt halos near panel seams, tiny edge chips, and faint rubber polish in walking lanes. Preserve wide readable shapes for gameplay navigation. Use flat, top-down, orthogonal orthographic view, completely uniform diffuse lighting, zero directional shadows, perfect seamless tiling, no text watermark, no border, no perspective object scene."
SHINOBU_361_HAND_003,floor_05_trimsheet_normal_Normal.png,NORMAL_OR_HEIGHT_SOURCE,HABITAT_INTERIORS,floor_05_trimsheet_normal_Normal.png,C:\hades\Hecton8\Docs\ArtDrop\SHINOBU_361\All_175_Targets\SHINOBU_361_HAND_003_floor_05_trimsheet_normal_Normal,C:\hades\Hecton8\Assets\_Project\Art\TEXTURES\Generated\SHINOBU_361\HABITAT_INTERIORS\floor_05_trimsheet_normal_Normal.png,LOOKDEV_APPROVED_REF_SEED_001.png; approved floor/wall style anchor; function-specific seed if needed,C:\hades\Hecton8\Docs\Reports\TextureGeneratorWorkpack_SHINOBU_361\Prompts\All_175_Targets\SHINOBU_361_HAND_003_floor_05_trimsheet_normal_Normal.txt,"Heightfield source for a clean modular habitat floor trim sheet normal map. Create engineered shallow geometry: anti-slip micro ridges, inset drainage channels, rounded panel seams, gasket lips, rail screw sockets, small access plate bevels, and subtle pressure-formed metal ribs. The image must be readable as premium expedition flooring, with balanced mid-value forms and clean maintained seam contrast. Use a precise industrial rhythm that can tile without visible repetition. Use flat, top-down, orthogonal orthographic view, completely uniform diffuse lighting, zero directional shadows, perfect seamless tiling, no text watermark, no border, no perspective object scene."
SHINOBU_361_HAND_004,floor_large_8x8_trimsheet_normal_Normal.png,NORMAL_OR_HEIGHT_SOURCE,HABITAT_INTERIORS,floor_large_8x8_trimsheet_normal_Normal.png,C:\hades\Hecton8\Docs\ArtDrop\SHINOBU_361\All_175_Targets\SHINOBU_361_HAND_004_floor_large_8x8_trimsheet_normal_Normal,C:\hades\Hecton8\Assets\_Project\Art\TEXTURES\Generated\SHINOBU_361\HABITAT_INTERIORS\floor_large_8x8_trimsheet_normal_Normal.png,LOOKDEV_APPROVED_REF_SEED_001.png; approved floor/wall style anchor; function-specific seed if needed,C:\hades\Hecton8\Docs\Reports\TextureGeneratorWorkpack_SHINOBU_361\Prompts\All_175_Targets\SHINOBU_361_HAND_004_floor_large_8x8_trimsheet_normal_Normal.txt,"Large-format habitat floor heightfield for an 8x8 meter modular room tile. Build a dignified expedition deck: broad composite panels, long satin titanium reinforcement spines, recessed utility covers, quiet anti-slip fields, soft gasket seams, and sparse circular maintenance hatches. The surface should feel spacious and premium, not noisy. Include only subtle wear: polished foot traffic arcs, pale salt caught in seam corners, and tiny paint abrasion on amber orientation strips. Use flat, top-down, orthogonal orthographic view, completely uniform diffuse lighting, zero directional shadows, perfect seamless tiling, no text watermark, no border, no perspective object scene."
SHINOBU_361_HAND_005,Mat_HectonSurface_Normal.png,NORMAL_OR_HEIGHT_SOURCE,HABITAT_INTERIORS,Mat_HectonSurface_Normal.png,C:\hades\Hecton8\Docs\ArtDrop\SHINOBU_361\All_175_Targets\SHINOBU_361_HAND_005_Mat_HectonSurface_Normal,C:\hades\Hecton8\Assets\_Project\Art\TEXTURES\Generated\SHINOBU_361\HABITAT_INTERIORS\Mat_HectonSurface_Normal.png,LOOKDEV_APPROVED_REF_SEED_001.png; approved floor/wall style anchor; function-specific seed if needed,C:\hades\Hecton8\Docs\Reports\TextureGeneratorWorkpack_SHINOBU_361\Prompts\All_175_Targets\SHINOBU_361_HAND_005_Mat_HectonSurface_Normal.txt,"Planetary surface normal source for Hecton seen as a clean, readable alien ocean world material. Create broad geological height forms: smooth abyssal shelves, shallow basin ridges, pale mineral crust networks, soft sediment plains, and elegant tectonic contour bands. Keep the surface attractive and scientific, like a high-resolution planetary survey plate with deliberate large landforms. Use subtle opal mineral veins and fine sediment texture only as height cues. Use flat, top-down, orthogonal orthographic view, completely uniform diffuse lighting, zero directional shadows, perfect seamless tiling, no text watermark, no border, no perspective object scene."
SHINOBU_361_HAND_006,Mat_Visor_Glass_Albedo.png,ALBEDO,HABITAT_INTERIORS,Mat_Visor_Glass_Albedo.png,C:\hades\Hecton8\Docs\ArtDrop\SHINOBU_361\All_175_Targets\SHINOBU_361_HAND_006_Mat_Visor_Glass_Albedo,C:\hades\Hecton8\Assets\_Project\Art\TEXTURES\Generated\SHINOBU_361\HABITAT_INTERIORS\Mat_Visor_Glass_Albedo.png,LOOKDEV_APPROVED_REF_SEED_005.png; approved habitat material anchor,C:\hades\Hecton8\Docs\Reports\TextureGeneratorWorkpack_SHINOBU_361\Prompts\All_175_Targets\SHINOBU_361_HAND_006_Mat_Visor_Glass_Albedo.txt,"Premium deep sea visor glass albedo texture for a player helmet surface. Make a clean smoked glass material with faint sea-green tint, subtle laminated layers, transparent graphite edge seals, tiny micro-scratches, a few pressure stress arcs, and barely visible anti-fog coating swirls. The result should feel expensive, sharp, wearable, and aerospace-grade. Keep the diffuse mostly clear and restrained; reflection and shader should provide shine later. Use flat, top-down, orthogonal orthographic view, completely uniform diffuse lighting, zero directional shadows, perfect seamless tiling, no text watermark, no border, no perspective object scene."
SHINOBU_361_HAND_007,wall_01_2x3_a_stripes_basecolor_Albedo.png,ALBEDO,HABITAT_INTERIORS,wall_01_2x3_a_stripes_basecolor_Albedo.png,C:\hades\Hecton8\Docs\ArtDrop\SHINOBU_361\All_175_Targets\SHINOBU_361_HAND_007_wall_01_2x3_a_stripes_basecolor_Albedo,C:\hades\Hecton8\Assets\_Project\Art\TEXTURES\Generated\SHINOBU_361\HABITAT_INTERIORS\wall_01_2x3_a_stripes_basecolor_Albedo.png,LOOKDEV_APPROVED_REF_SEED_001.png; approved floor/wall style anchor; function-specific seed if needed,C:\hades\Hecton8\Docs\Reports\TextureGeneratorWorkpack_SHINOBU_361\Prompts\All_175_Targets\SHINOBU_361_HAND_007_wall_01_2x3_a_stripes_basecolor_Albedo.txt,"Clean modular habitat wall stripe base color for a 2x3 meter starter corridor panel. Use warm off-white pressure plating, a satin titanium frame, graphite gasket borders, slim amber direction stripes, and one restrained teal service stripe. Make it feel like a bright, safe underwater research module, with clear panel hierarchy for navigation. Add soft hand scuffs near access zones, pale salt dust in seams, tiny coating chips on hard edges, and no heavy rust. Use flat, top-down, orthogonal orthographic view, completely uniform diffuse lighting, zero directional shadows, perfect seamless tiling, no text watermark, no border, no perspective object scene."
SHINOBU_361_HAND_008,wall_01_2x3_a_trimsheet_normal_Normal.png,NORMAL_OR_HEIGHT_SOURCE,HABITAT_INTERIORS,wall_01_2x3_a_trimsheet_normal_Normal.png,C:\hades\Hecton8\Docs\ArtDrop\SHINOBU_361\All_175_Targets\SHINOBU_361_HAND_008_wall_01_2x3_a_trimsheet_normal_Normal,C:\hades\Hecton8\Assets\_Project\Art\TEXTURES\Generated\SHINOBU_361\HABITAT_INTERIORS\wall_01_2x3_a_trimsheet_normal_Normal.png,LOOKDEV_APPROVED_REF_SEED_001.png; approved floor/wall style anchor; function-specific seed if needed,C:\hades\Hecton8\Docs\Reports\TextureGeneratorWorkpack_SHINOBU_361\Prompts\All_175_Targets\SHINOBU_361_HAND_008_wall_01_2x3_a_trimsheet_normal_Normal.txt,"Heightfield source for a 2x3 modular habitat wall trim sheet. Design shallow pressed panel geometry: rectangular service plates, elegant bevels, gasket grooves, recessed screw wells, narrow cable conduit covers, and a few small inspection hatch outlines. Keep forms crisp and readable, with premium manufacturing precision. Avoid random scratches covering everything; leave calm open plate areas for lighting to breathe. Use flat, top-down, orthogonal orthographic view, completely uniform diffuse lighting, zero directional shadows, perfect seamless tiling, no text watermark, no border, no perspective object scene."
SHINOBU_361_HAND_009,wall_01_4x3_c_labels_basecolor_Albedo.png,ALBEDO,HABITAT_INTERIORS,wall_01_4x3_c_labels_basecolor_Albedo.png,C:\hades\Hecton8\Docs\ArtDrop\SHINOBU_361\All_175_Targets\SHINOBU_361_HAND_009_wall_01_4x3_c_labels_basecolor_Albedo,C:\hades\Hecton8\Assets\_Project\Art\TEXTURES\Generated\SHINOBU_361\HABITAT_INTERIORS\wall_01_4x3_c_labels_basecolor_Albedo.png,LOOKDEV_APPROVED_REF_SEED_001.png; approved floor/wall style anchor; function-specific seed if needed,C:\hades\Hecton8\Docs\Reports\TextureGeneratorWorkpack_SHINOBU_361\Prompts\All_175_Targets\SHINOBU_361_HAND_009_wall_01_4x3_c_labels_basecolor_Albedo.txt,"Premium habitat wall label base color for a 4x3 meter interior panel, designed for a readable prologue corridor. Use off-white ceramic pressure panels, graphite service bands, small amber locator blocks, teal maintenance tabs, and blank label plaques that imply technical labeling without actual readable text. The panel should look organized, calm, and high budget. Add tasteful edge wear, faint cleaning swirls, a few salt freckles in lower seams, and subtle discoloration around access plates. Use flat, top-down, orthogonal orthographic view, completely uniform diffuse lighting, zero directional shadows, perfect seamless tiling, no text watermark, no border, no perspective object scene."
SHINOBU_361_HAND_010,wall_01_4x3_c_stripes_basecolor_Albedo.png,ALBEDO,HABITAT_INTERIORS,wall_01_4x3_c_stripes_basecolor_Albedo.png,C:\hades\Hecton8\Docs\ArtDrop\SHINOBU_361\All_175_Targets\SHINOBU_361_HAND_010_wall_01_4x3_c_stripes_basecolor_Albedo,C:\hades\Hecton8\Assets\_Project\Art\TEXTURES\Generated\SHINOBU_361\HABITAT_INTERIORS\wall_01_4x3_c_stripes_basecolor_Albedo.png,LOOKDEV_APPROVED_REF_SEED_001.png; approved floor/wall style anchor; function-specific seed if needed,C:\hades\Hecton8\Docs\Reports\TextureGeneratorWorkpack_SHINOBU_361\Prompts\All_175_Targets\SHINOBU_361_HAND_010_wall_01_4x3_c_stripes_basecolor_Albedo.txt,"Wide 4x3 meter habitat wall stripe base color with strong visual composition. Create a balanced pattern of off-white pressure panels, broad graphite lower service strip, satin titanium separators, thin amber safety stripe, and a muted teal route stripe. It should guide the player through a bright underwater research corridor without feeling like a warning sign wall. Add careful scuffs, small rubbed corners, light salt in lower seams, and clean manufactured edges. Use flat, top-down, orthogonal orthographic view, completely uniform diffuse lighting, zero directional shadows, perfect seamless tiling, no text watermark, no border, no perspective object scene."
SHINOBU_361_HAND_011,wall_01_4x3_c_trimsheet_normal_Normal.png,NORMAL_OR_HEIGHT_SOURCE,HABITAT_INTERIORS,wall_01_4x3_c_trimsheet_normal_Normal.png,C:\hades\Hecton8\Docs\ArtDrop\SHINOBU_361\All_175_Targets\SHINOBU_361_HAND_011_wall_01_4x3_c_trimsheet_normal_Normal,C:\hades\Hecton8\Assets\_Project\Art\TEXTURES\Generated\SHINOBU_361\HABITAT_INTERIORS\wall_01_4x3_c_trimsheet_normal_Normal.png,LOOKDEV_APPROVED_REF_SEED_001.png; approved floor/wall style anchor; function-specific seed if needed,C:\hades\Hecton8\Docs\Reports\TextureGeneratorWorkpack_SHINOBU_361\Prompts\All_175_Targets\SHINOBU_361_HAND_011_wall_01_4x3_c_trimsheet_normal_Normal.txt,"Normal-map height source for a large 4x3 habitat wall trim sheet. Build a precise modular rhythm: wide pressure panel bevels, recessed horizontal service troughs, gasket channels, low-profile handhold recesses, thin frame steps, and small access cover screws. The design should feel calm, spacious, and expensive, not cluttered. Leave smooth plate fields between details so the final lighting reads premium. Use flat, top-down, orthogonal orthographic view, completely uniform diffuse lighting, zero directional shadows, perfect seamless tiling, no text watermark, no border, no perspective object scene."
SHINOBU_361_HAND_012,wall_01_4x3_door_02_wing_labels_basecolor_Albedo.png,ALBEDO,HABITAT_INTERIORS,wall_01_4x3_door_02_wing_labels_basecolor_Albedo.png,C:\hades\Hecton8\Docs\ArtDrop\SHINOBU_361\All_175_Targets\SHINOBU_361_HAND_012_wall_01_4x3_door_02_wing_labels_basecolor_Albedo,C:\hades\Hecton8\Assets\_Project\Art\TEXTURES\Generated\SHINOBU_361\HABITAT_INTERIORS\wall_01_4x3_door_02_wing_labels_basecolor_Albedo.png,LOOKDEV_APPROVED_REF_SEED_001.png; approved floor/wall style anchor; function-specific seed if needed,C:\hades\Hecton8\Docs\Reports\TextureGeneratorWorkpack_SHINOBU_361\Prompts\All_175_Targets\SHINOBU_361_HAND_012_wall_01_4x3_door_02_wing_labels_basecolor_Albedo.txt,"Door wing label base color for a premium abyssal habitat bulkhead. Use warm off-white pressure plating, graphite hinge-side rubber, satin titanium latch plates, amber caution blocks, teal maintenance tabs, and blank technical label fields with no readable words. Make the door feel safe, sealed, and beautifully engineered. Add slight hand polish around handle zones, gentle salt whitening near lower gaskets, tiny chipped paint at latch contact points, and maintained expedition wear. Use flat, top-down, orthogonal orthographic view, completely uniform diffuse lighting, zero directional shadows, perfect seamless tiling, no text watermark, no border, no perspective object scene."
SHINOBU_361_HAND_013,wall_01_4x3_door_02_wing_stripes_basecolor_Albedo.png,ALBEDO,HABITAT_INTERIORS,wall_01_4x3_door_02_wing_stripes_basecolor_Albedo.png,C:\hades\Hecton8\Docs\ArtDrop\SHINOBU_361\All_175_Targets\SHINOBU_361_HAND_013_wall_01_4x3_door_02_wing_stripes_basecolor_Albedo,C:\hades\Hecton8\Assets\_Project\Art\TEXTURES\Generated\SHINOBU_361\HABITAT_INTERIORS\wall_01_4x3_door_02_wing_stripes_basecolor_Albedo.png,LOOKDEV_APPROVED_REF_SEED_001.png; approved floor/wall style anchor; function-specific seed if needed,C:\hades\Hecton8\Docs\Reports\TextureGeneratorWorkpack_SHINOBU_361\Prompts\All_175_Targets\SHINOBU_361_HAND_013_wall_01_4x3_door_02_wing_stripes_basecolor_Albedo.txt,"Bulkhead door wing stripe base color for the prologue habitat. Create a confident asymmetric design: off-white sealed door panels, graphite gasket border, satin titanium hinge rail, thin amber pressure-warning stripe, and a muted teal route identifier stripe. It should read as a beautiful emergency-rated door with maintained pressure-rated hardware. Add controlled edge chips where panels meet, subtle hand wear near handle zones, pale salt dust near the bottom seal, and clean color blocking. Use flat, top-down, orthogonal orthographic view, completely uniform diffuse lighting, zero directional shadows, perfect seamless tiling, no text watermark, no border, no perspective object scene."
SHINOBU_361_HAND_014,wall_01_4x3_door_02_wing_trimsheet_normal_Normal.png,NORMAL_OR_HEIGHT_SOURCE,HABITAT_INTERIORS,wall_01_4x3_door_02_wing_trimsheet_normal_Normal.png,C:\hades\Hecton8\Docs\ArtDrop\SHINOBU_361\All_175_Targets\SHINOBU_361_HAND_014_wall_01_4x3_door_02_wing_trimsheet_normal_Normal,C:\hades\Hecton8\Assets\_Project\Art\TEXTURES\Generated\SHINOBU_361\HABITAT_INTERIORS\wall_01_4x3_door_02_wing_trimsheet_normal_Normal.png,LOOKDEV_APPROVED_REF_SEED_001.png; approved floor/wall style anchor; function-specific seed if needed,C:\hades\Hecton8\Docs\Reports\TextureGeneratorWorkpack_SHINOBU_361\Prompts\All_175_Targets\SHINOBU_361_HAND_014_wall_01_4x3_door_02_wing_trimsheet_normal_Normal.txt,"Heightfield source for a sealed habitat door wing trim sheet normal map. Design a pressure-rated surface with broad inset door plates, rounded gasket grooves, latch recesses, hinge rail bevels, small inspection caps, and shallow handle wear depressions. The geometry language should be elegant and robust, with a strong premium industrial rhythm. Avoid jagged damage and random grime; this door is maintained. Use flat, top-down, orthogonal orthographic view, completely uniform diffuse lighting, zero directional shadows, perfect seamless tiling, no text watermark, no border, no perspective object scene."
SHINOBU_361_HAND_015,wall_04_3x6_d_trimsheet_normal_Normal.png,NORMAL_OR_HEIGHT_SOURCE,HABITAT_INTERIORS,wall_04_3x6_d_trimsheet_normal_Normal.png,C:\hades\Hecton8\Docs\ArtDrop\SHINOBU_361\All_175_Targets\SHINOBU_361_HAND_015_wall_04_3x6_d_trimsheet_normal_Normal,C:\hades\Hecton8\Assets\_Project\Art\TEXTURES\Generated\SHINOBU_361\HABITAT_INTERIORS\wall_04_3x6_d_trimsheet_normal_Normal.png,LOOKDEV_APPROVED_REF_SEED_001.png; approved floor/wall style anchor; function-specific seed if needed,C:\hades\Hecton8\Docs\Reports\TextureGeneratorWorkpack_SHINOBU_361\Prompts\All_175_Targets\SHINOBU_361_HAND_015_wall_04_3x6_d_trimsheet_normal_Normal.txt,"Tall 3x6 habitat wall trim sheet height source for a premium underwater research module. Create elegant vertical pressure panels, long satin titanium ribs, recessed life-support conduit covers, slim gasket seams, circular diagnostic ports, and shallow service hatch outlines. The surface should feel tall, calm, and architectural, with enough open breathing room between details. Add only tiny maintained wear: softened rib edges, slight salt in lower seams, and gentle access-panel scuffs. Use flat, top-down, orthogonal orthographic view, completely uniform diffuse lighting, zero directional shadows, perfect seamless tiling, no text watermark, no border, no perspective object scene."
SHINOBU_361_HAND_016,MAT_family_coral_branching_Albedo.png,ALBEDO,FLORA_EPIDERMIS,MAT_family_coral_branching_Albedo.png,C:\hades\Hecton8\Docs\ArtDrop\SHINOBU_361\All_175_Targets\SHINOBU_361_HAND_016_MAT_family_coral_branching_Albedo,C:\hades\Hecton8\Assets\_Project\Art\TEXTURES\Generated\SHINOBU_361\FLORA_EPIDERMIS\MAT_family_coral_branching_Albedo.png,TX_ProceduralBio_Shallows_AlbedoAtlas.png; matching imported kelp/coral albedo; approved same-family output,C:\hades\Hecton8\Docs\Reports\TextureGeneratorWorkpack_SHINOBU_361\Prompts\All_175_Targets\SHINOBU_361_HAND_016_MAT_family_coral_branching_Albedo.txt,"Elegant branching abyssal coral epidermis albedo for HECTON-8 reef props. Build a clean organic surface made of slender ivory branches, translucent rose-violet growth tips, pale teal mineral freckles, and soft amber bioluminescent pinpoints tucked into branch forks. The texture should feel alien but beautiful, like a living specimen catalogued by a NASA ocean lab. Keep the diffuse readable, premium, calm, clean, and organized, with deliberate biological patterning instead of random organic clutter. Use flat, top-down, orthogonal orthographic view, completely uniform diffuse lighting, zero directional shadows, perfect seamless tiling, no text watermark, no border, no perspective object scene."
SHINOBU_361_HAND_017,MAT_family_coral_branching_Placeholder_Albedo.png,ALBEDO,FLORA_EPIDERMIS,MAT_family_coral_branching_Placeholder_Albedo.png,C:\hades\Hecton8\Docs\ArtDrop\SHINOBU_361\All_175_Targets\SHINOBU_361_HAND_017_MAT_family_coral_branching_Placeholder_Albedo,C:\hades\Hecton8\Assets\_Project\Art\TEXTURES\Generated\SHINOBU_361\FLORA_EPIDERMIS\MAT_family_coral_branching_Placeholder_Albedo.png,TX_ProceduralBio_Shallows_AlbedoAtlas.png; matching imported kelp/coral albedo; approved same-family output,C:\hades\Hecton8\Docs\Reports\TextureGeneratorWorkpack_SHINOBU_361\Prompts\All_175_Targets\SHINOBU_361_HAND_017_MAT_family_coral_branching_Placeholder_Albedo.txt,"Production replacement for a branching coral placeholder, designed as a high-value modular reef surface. Use elegant off-white coral tubes, soft mauve membranes between small branches, teal micro-speckles, and restrained amber node glow marks that can become an emissive mask later. The image should look like a clean scientific close-up texture, not a noisy fantasy bark. Keep broad readable biological forms and a pleasant color balance suitable for a playable underwater scene. Use flat, top-down, orthogonal orthographic view, completely uniform diffuse lighting, zero directional shadows, perfect seamless tiling, no text watermark, no border, no perspective object scene."
SHINOBU_361_HAND_018,MAT_family_coral_brittle_Albedo.png,ALBEDO,FLORA_EPIDERMIS,MAT_family_coral_brittle_Albedo.png,C:\hades\Hecton8\Docs\ArtDrop\SHINOBU_361\All_175_Targets\SHINOBU_361_HAND_018_MAT_family_coral_brittle_Albedo,C:\hades\Hecton8\Assets\_Project\Art\TEXTURES\Generated\SHINOBU_361\FLORA_EPIDERMIS\MAT_family_coral_brittle_Albedo.png,TX_ProceduralBio_Shallows_AlbedoAtlas.png; matching imported kelp/coral albedo; approved same-family output,C:\hades\Hecton8\Docs\Reports\TextureGeneratorWorkpack_SHINOBU_361\Prompts\All_175_Targets\SHINOBU_361_HAND_018_MAT_family_coral_brittle_Albedo.txt,"Beautiful brittle coral albedo texture for fragile abyssal reef edges. Create thin porcelain-like coral plates with hairline mineral seams, opal blue dusting, tiny violet fracture veins, and clean cream-colored calcified surfaces. The mood is delicate and expensive, like a rare sample tray under a research light. Add controlled chipped rims and small powdery break points while keeping the surface attractive, alive, clean, and collectible. Use flat, top-down, orthogonal orthographic view, completely uniform diffuse lighting, zero directional shadows, perfect seamless tiling, no text watermark, no border, no perspective object scene."
SHINOBU_361_HAND_019,MAT_family_coral_low_Albedo.png,ALBEDO,FLORA_EPIDERMIS,MAT_family_coral_low_Albedo.png,C:\hades\Hecton8\Docs\ArtDrop\SHINOBU_361\All_175_Targets\SHINOBU_361_HAND_019_MAT_family_coral_low_Albedo,C:\hades\Hecton8\Assets\_Project\Art\TEXTURES\Generated\SHINOBU_361\FLORA_EPIDERMIS\MAT_family_coral_low_Albedo.png,TX_ProceduralBio_Shallows_AlbedoAtlas.png; matching imported kelp/coral albedo; approved same-family output,C:\hades\Hecton8\Docs\Reports\TextureGeneratorWorkpack_SHINOBU_361\Prompts\All_175_Targets\SHINOBU_361_HAND_019_MAT_family_coral_low_Albedo.txt,"Low mat coral epidermis albedo for soft reef ground cover. Design rounded cream and pale peach coral pads, subtle lavender growth seams, tiny teal symbiotic speckles, and occasional amber pin-light cells arranged in gentle clusters. It should read as soft alien reef carpeting, pleasant and tactile, with enough shape contrast for terrain blending. Use a healthy reef palette, clean lobe separation, and purposeful biological variation. Use flat, top-down, orthogonal orthographic view, completely uniform diffuse lighting, zero directional shadows, perfect seamless tiling, no text watermark, no border, no perspective object scene."
SHINOBU_361_HAND_020,MAT_family_coral_low_Placeholder_Albedo.png,ALBEDO,FLORA_EPIDERMIS,MAT_family_coral_low_Placeholder_Albedo.png,C:\hades\Hecton8\Docs\ArtDrop\SHINOBU_361\All_175_Targets\SHINOBU_361_HAND_020_MAT_family_coral_low_Placeholder_Albedo,C:\hades\Hecton8\Assets\_Project\Art\TEXTURES\Generated\SHINOBU_361\FLORA_EPIDERMIS\MAT_family_coral_low_Placeholder_Albedo.png,TX_ProceduralBio_Shallows_AlbedoAtlas.png; matching imported kelp/coral albedo; approved same-family output,C:\hades\Hecton8\Docs\Reports\TextureGeneratorWorkpack_SHINOBU_361\Prompts\All_175_Targets\SHINOBU_361_HAND_020_MAT_family_coral_low_Placeholder_Albedo.txt,"Replacement albedo for low coral placeholder material, built for attractive seabed coverage. Use smooth ivory coral cushions, soft salmon-pink growth bands, faint turquoise biological freckles, and small pearl highlights painted only as material color, not directional light. The texture must tile into a gentle living floor without becoming flat paste. Keep the design clean, elegant, and scientifically plausible for a premium NASA-Punk deep sea biome. Use flat, top-down, orthogonal orthographic view, completely uniform diffuse lighting, zero directional shadows, perfect seamless tiling, no text watermark, no border, no perspective object scene."
SHINOBU_361_HAND_021,MAT_family_coral_massive_Albedo.png,ALBEDO,FLORA_EPIDERMIS,MAT_family_coral_massive_Albedo.png,C:\hades\Hecton8\Docs\ArtDrop\SHINOBU_361\All_175_Targets\SHINOBU_361_HAND_021_MAT_family_coral_massive_Albedo,C:\hades\Hecton8\Assets\_Project\Art\TEXTURES\Generated\SHINOBU_361\FLORA_EPIDERMIS\MAT_family_coral_massive_Albedo.png,TX_ProceduralBio_Shallows_AlbedoAtlas.png; matching imported kelp/coral albedo; approved same-family output,C:\hades\Hecton8\Docs\Reports\TextureGeneratorWorkpack_SHINOBU_361\Prompts\All_175_Targets\SHINOBU_361_HAND_021_MAT_family_coral_massive_Albedo.txt,"Massive coral albedo for large reef boulders in an elegant abyssal biome. Create broad ivory coral plates with soft terracotta undertones, pearl-gray mineral webbing, muted violet growth scars, and sparse teal symbiont freckles. The material should feel ancient, heavy, and beautiful, like biological architecture grown under pressure. Add tasteful abrasion on exposed ridges and pale sediment collected in grooves, without making it filthy. Use flat, top-down, orthogonal orthographic view, completely uniform diffuse lighting, zero directional shadows, perfect seamless tiling, no text watermark, no border, no perspective object scene."
SHINOBU_361_HAND_022,MAT_family_coral_massive_Placeholder_Albedo.png,ALBEDO,FLORA_EPIDERMIS,MAT_family_coral_massive_Placeholder_Albedo.png,C:\hades\Hecton8\Docs\ArtDrop\SHINOBU_361\All_175_Targets\SHINOBU_361_HAND_022_MAT_family_coral_massive_Placeholder_Albedo,C:\hades\Hecton8\Assets\_Project\Art\TEXTURES\Generated\SHINOBU_361\FLORA_EPIDERMIS\MAT_family_coral_massive_Placeholder_Albedo.png,TX_ProceduralBio_Shallows_AlbedoAtlas.png; matching imported kelp/coral albedo; approved same-family output,C:\hades\Hecton8\Docs\Reports\TextureGeneratorWorkpack_SHINOBU_361\Prompts\All_175_Targets\SHINOBU_361_HAND_022_MAT_family_coral_massive_Placeholder_Albedo.txt,"High-quality replacement for massive coral placeholder albedo. Make a large-scale reef skin with cream coral armor plates, pale apricot internal color at worn edges, restrained cyan mineral dust, and clean branching vein patterns that break up the surface without clutter. The result should look good close to the camera and from traversal distance: big readable masses first, fine pores second. Keep it premium, alive, clean, and organized. Use flat, top-down, orthogonal orthographic view, completely uniform diffuse lighting, zero directional shadows, perfect seamless tiling, no text watermark, no border, no perspective object scene."
SHINOBU_361_HAND_023,MAT_family_coral_plate_Albedo.png,ALBEDO,FLORA_EPIDERMIS,MAT_family_coral_plate_Albedo.png,C:\hades\Hecton8\Docs\ArtDrop\SHINOBU_361\All_175_Targets\SHINOBU_361_HAND_023_MAT_family_coral_plate_Albedo,C:\hades\Hecton8\Assets\_Project\Art\TEXTURES\Generated\SHINOBU_361\FLORA_EPIDERMIS\MAT_family_coral_plate_Albedo.png,TX_ProceduralBio_Shallows_AlbedoAtlas.png; matching imported kelp/coral albedo; approved same-family output,C:\hades\Hecton8\Docs\Reports\TextureGeneratorWorkpack_SHINOBU_361\Prompts\All_175_Targets\SHINOBU_361_HAND_023_MAT_family_coral_plate_Albedo.txt,"Plate coral albedo for layered alien reef shelves. Build overlapping fan plates in warm ivory, pale coral pink, and subtle lavender shadows painted as material color only. Add translucent teal rim cells, pearl mineral dust, and tiny amber biological points along selected edges. The surface should feel graceful and decorative but still natural, like reef architecture grown in slow pressure currents. Avoid busy camouflage and random speckle noise. Use flat, top-down, orthogonal orthographic view, completely uniform diffuse lighting, zero directional shadows, perfect seamless tiling, no text watermark, no border, no perspective object scene."
SHINOBU_361_HAND_024,MAT_family_coral_plate_Placeholder_Albedo.png,ALBEDO,FLORA_EPIDERMIS,MAT_family_coral_plate_Placeholder_Albedo.png,C:\hades\Hecton8\Docs\ArtDrop\SHINOBU_361\All_175_Targets\SHINOBU_361_HAND_024_MAT_family_coral_plate_Placeholder_Albedo,C:\hades\Hecton8\Assets\_Project\Art\TEXTURES\Generated\SHINOBU_361\FLORA_EPIDERMIS\MAT_family_coral_plate_Placeholder_Albedo.png,TX_ProceduralBio_Shallows_AlbedoAtlas.png; matching imported kelp/coral albedo; approved same-family output,C:\hades\Hecton8\Docs\Reports\TextureGeneratorWorkpack_SHINOBU_361\Prompts\All_175_Targets\SHINOBU_361_HAND_024_MAT_family_coral_plate_Placeholder_Albedo.txt,"Replacement albedo for plate coral placeholder, with a refined HECTON-8 reef palette. Use layered cream coral fans, salmon edge blush, faint violet mineral lines, teal symbiotic freckles, and clean crescent growth bands. The image should be beautiful in a game engine: clear tiling rhythm, readable layers, flat photographic neutrality, crisp calcified surfaces, and elegant living edges. Use flat, top-down, orthogonal orthographic view, completely uniform diffuse lighting, zero directional shadows, perfect seamless tiling, no text watermark, no border, no perspective object scene."
SHINOBU_361_HAND_025,MAT_family_kelp_abyssal_Albedo.png,ALBEDO,FLORA_EPIDERMIS,MAT_family_kelp_abyssal_Albedo.png,C:\hades\Hecton8\Docs\ArtDrop\SHINOBU_361\All_175_Targets\SHINOBU_361_HAND_025_MAT_family_kelp_abyssal_Albedo,C:\hades\Hecton8\Assets\_Project\Art\TEXTURES\Generated\SHINOBU_361\FLORA_EPIDERMIS\MAT_family_kelp_abyssal_Albedo.png,TX_ProceduralBio_Shallows_AlbedoAtlas.png; matching imported kelp/coral albedo; approved same-family output,C:\hades\Hecton8\Docs\Reports\TextureGeneratorWorkpack_SHINOBU_361\Prompts\All_175_Targets\SHINOBU_361_HAND_025_MAT_family_kelp_abyssal_Albedo.txt,"Abyssal kelp epidermis albedo for premium alien seaweed surfaces. Create long graphite-green fronds with translucent teal edges, pale mineral speckling, muted amber vein nodes, and gentle violet pressure bruising. The material should feel supple, expensive, alive under deep water, and dimensional enough to read on moving fronds. Keep the frond veins elegant and directional while preserving seamless tile logic. Use flat, top-down, orthogonal orthographic view, completely uniform diffuse lighting, zero directional shadows, perfect seamless tiling, no text watermark, no border, no perspective object scene."
SHINOBU_361_HAND_026,MAT_family_kelp_canopy_Albedo.png,ALBEDO,FLORA_EPIDERMIS,MAT_family_kelp_canopy_Albedo.png,C:\hades\Hecton8\Docs\ArtDrop\SHINOBU_361\All_175_Targets\SHINOBU_361_HAND_026_MAT_family_kelp_canopy_Albedo,C:\hades\Hecton8\Assets\_Project\Art\TEXTURES\Generated\SHINOBU_361\FLORA_EPIDERMIS\MAT_family_kelp_canopy_Albedo.png,TX_ProceduralBio_Shallows_AlbedoAtlas.png; matching imported kelp/coral albedo; approved same-family output,C:\hades\Hecton8\Docs\Reports\TextureGeneratorWorkpack_SHINOBU_361\Prompts\All_175_Targets\SHINOBU_361_HAND_026_MAT_family_kelp_canopy_Albedo.txt,"Canopy kelp albedo for tall readable underwater plant silhouettes. Use layered olive-teal blades, clear pale rib structures, soft cyan translucent edges, and tiny warm amber buoyancy cells embedded along the ribs. The surface should feel healthy and graceful, with a cinematic NASA research-biodome taste and curated botanical patterning. Leave enough value separation for animation and wind sway shaders. Use flat, top-down, orthogonal orthographic view, completely uniform diffuse lighting, zero directional shadows, perfect seamless tiling, no text watermark, no border, no perspective object scene."
SHINOBU_361_HAND_027,MAT_family_kelp_canopy_Placeholder_Albedo.png,ALBEDO,FLORA_EPIDERMIS,MAT_family_kelp_canopy_Placeholder_Albedo.png,C:\hades\Hecton8\Docs\ArtDrop\SHINOBU_361\All_175_Targets\SHINOBU_361_HAND_027_MAT_family_kelp_canopy_Placeholder_Albedo,C:\hades\Hecton8\Assets\_Project\Art\TEXTURES\Generated\SHINOBU_361\FLORA_EPIDERMIS\MAT_family_kelp_canopy_Placeholder_Albedo.png,TX_ProceduralBio_Shallows_AlbedoAtlas.png; matching imported kelp/coral albedo; approved same-family output,C:\hades\Hecton8\Docs\Reports\TextureGeneratorWorkpack_SHINOBU_361\Prompts\All_175_Targets\SHINOBU_361_HAND_027_MAT_family_kelp_canopy_Placeholder_Albedo.txt,"Replacement albedo for kelp canopy placeholder. Build a clean tiling sheet of elegant deep sea kelp: broad satin green fronds, teal-lit translucent rims, warm ochre vein beads, and pale mineral dust caught near naturally feathered edges. Make it attractive and art-directed, close to premium aquarium botany and expedition specimen photography. Preserve clear large shapes so the vegetation reads from a distance. Use flat, top-down, orthogonal orthographic view, completely uniform diffuse lighting, zero directional shadows, perfect seamless tiling, no text watermark, no border, no perspective object scene."
SHINOBU_361_HAND_028,MAT_family_kelp_patch_dense_Albedo.png,ALBEDO,FLORA_EPIDERMIS,MAT_family_kelp_patch_dense_Albedo.png,C:\hades\Hecton8\Docs\ArtDrop\SHINOBU_361\All_175_Targets\SHINOBU_361_HAND_028_MAT_family_kelp_patch_dense_Albedo,C:\hades\Hecton8\Assets\_Project\Art\TEXTURES\Generated\SHINOBU_361\FLORA_EPIDERMIS\MAT_family_kelp_patch_dense_Albedo.png,TX_ProceduralBio_Shallows_AlbedoAtlas.png; matching imported kelp/coral albedo; approved same-family output,C:\hades\Hecton8\Docs\Reports\TextureGeneratorWorkpack_SHINOBU_361\Prompts\All_175_Targets\SHINOBU_361_HAND_028_MAT_family_kelp_patch_dense_Albedo.txt,"Dense kelp patch albedo for seabed clusters. Make overlapping narrow fronds in deep teal, clean olive, and desaturated blue-green, with pale rib highlights as material color and scattered amber growth nodes. The texture should tile into a rich living patch without becoming unreadable camouflage. Add small sediment freckles and soft edge variation, but maintain a refined, bright-enough underwater palette. Use flat, top-down, orthogonal orthographic view, completely uniform diffuse lighting, zero directional shadows, perfect seamless tiling, no text watermark, no border, no perspective object scene."
SHINOBU_361_HAND_029,MAT_family_kelp_patch_dense_Placeholder_Albedo.png,ALBEDO,FLORA_EPIDERMIS,MAT_family_kelp_patch_dense_Placeholder_Albedo.png,C:\hades\Hecton8\Docs\ArtDrop\SHINOBU_361\All_175_Targets\SHINOBU_361_HAND_029_MAT_family_kelp_patch_dense_Placeholder_Albedo,C:\hades\Hecton8\Assets\_Project\Art\TEXTURES\Generated\SHINOBU_361\FLORA_EPIDERMIS\MAT_family_kelp_patch_dense_Placeholder_Albedo.png,TX_ProceduralBio_Shallows_AlbedoAtlas.png; matching imported kelp/coral albedo; approved same-family output,C:\hades\Hecton8\Docs\Reports\TextureGeneratorWorkpack_SHINOBU_361\Prompts\All_175_Targets\SHINOBU_361_HAND_029_MAT_family_kelp_patch_dense_Placeholder_Albedo.txt,"Replacement albedo for dense kelp patch placeholder, optimized for lush but readable ground vegetation. Use layered satin teal leaves, pale turquoise rim cells, warm amber seed nodes, and restrained violet undertones in shaded membrane tissue painted without directional light. The final texture should feel abundant and premium, not messy. Create a rhythmic tile with clear blade groups and small negative spaces between clusters. Use flat, top-down, orthogonal orthographic view, completely uniform diffuse lighting, zero directional shadows, perfect seamless tiling, no text watermark, no border, no perspective object scene."
SHINOBU_361_HAND_030,MAT_family_kelp_tall_Albedo.png,ALBEDO,FLORA_EPIDERMIS,MAT_family_kelp_tall_Albedo.png,C:\hades\Hecton8\Docs\ArtDrop\SHINOBU_361\All_175_Targets\SHINOBU_361_HAND_030_MAT_family_kelp_tall_Albedo,C:\hades\Hecton8\Assets\_Project\Art\TEXTURES\Generated\SHINOBU_361\FLORA_EPIDERMIS\MAT_family_kelp_tall_Albedo.png,TX_ProceduralBio_Shallows_AlbedoAtlas.png; matching imported kelp/coral albedo; approved same-family output,C:\hades\Hecton8\Docs\Reports\TextureGeneratorWorkpack_SHINOBU_361\Prompts\All_175_Targets\SHINOBU_361_HAND_030_MAT_family_kelp_tall_Albedo.txt,"Tall kelp epidermis albedo for hero fronds and vertical underwater silhouettes. Create long elegant bands of blue-green plant membrane, satin olive ribbing, translucent cyan margins, and small amber pressure bladders placed with design restraint. The texture should look premium and cinematic when stretched on tall geometry, with strong vertical language, soft biological variation, and clean plant tissue readability. Use flat, top-down, orthogonal orthographic view, completely uniform diffuse lighting, zero directional shadows, perfect seamless tiling, no text watermark, no border, no perspective object scene."
SHINOBU_361_HAND_031,MAT_family_kelp_tall_Placeholder_Albedo.png,ALBEDO,FLORA_EPIDERMIS,MAT_family_kelp_tall_Placeholder_Albedo.png,C:\hades\Hecton8\Docs\ArtDrop\SHINOBU_361\All_175_Targets\SHINOBU_361_HAND_031_MAT_family_kelp_tall_Placeholder_Albedo,C:\hades\Hecton8\Assets\_Project\Art\TEXTURES\Generated\SHINOBU_361\FLORA_EPIDERMIS\MAT_family_kelp_tall_Placeholder_Albedo.png,TX_ProceduralBio_Shallows_AlbedoAtlas.png; matching imported kelp/coral albedo; approved same-family output,C:\hades\Hecton8\Docs\Reports\TextureGeneratorWorkpack_SHINOBU_361\Prompts\All_175_Targets\SHINOBU_361_HAND_031_MAT_family_kelp_tall_Placeholder_Albedo.txt,"High-quality replacement for tall kelp placeholder albedo. Build a clean vertical frond material with deep teal center tissue, pale green rib lines, subtle violet pressure mottling, cyan translucent edges, and sparse golden-amber growth beads. It should feel like elegant alien botany inside a high-end underwater expedition game, not a generic seaweed photo. Keep the composition tileable and usable on long meshes. Use flat, top-down, orthogonal orthographic view, completely uniform diffuse lighting, zero directional shadows, perfect seamless tiling, no text watermark, no border, no perspective object scene."
SHINOBU_361_HAND_032,MAT_family_plant_giant_Albedo.png,ALBEDO,FLORA_EPIDERMIS,MAT_family_plant_giant_Albedo.png,C:\hades\Hecton8\Docs\ArtDrop\SHINOBU_361\All_175_Targets\SHINOBU_361_HAND_032_MAT_family_plant_giant_Albedo,C:\hades\Hecton8\Assets\_Project\Art\TEXTURES\Generated\SHINOBU_361\FLORA_EPIDERMIS\MAT_family_plant_giant_Albedo.png,TX_ProceduralBio_Shallows_AlbedoAtlas.png; matching imported kelp/coral albedo; approved same-family output,C:\hades\Hecton8\Docs\Reports\TextureGeneratorWorkpack_SHINOBU_361\Prompts\All_175_Targets\SHINOBU_361_HAND_032_MAT_family_plant_giant_Albedo.txt,"Giant alien plant epidermis albedo for large abyssal flora props. Use broad living plates in muted teal and soft jade, pearl-white vein highways, gentle violet undertones, and small amber bioluminescent pores arranged like a controlled biological circuit. The texture should feel majestic and high budget, with large readable forms for big meshes and fine surface character only as a second layer. Keep the plant tissue elegant, resilient, clean, and non-grotesque. Use flat, top-down, orthogonal orthographic view, completely uniform diffuse lighting, zero directional shadows, perfect seamless tiling, no text watermark, no border, no perspective object scene."
SHINOBU_361_HAND_033,MAT_family_plant_giant_Placeholder_Albedo.png,ALBEDO,FLORA_EPIDERMIS,MAT_family_plant_giant_Placeholder_Albedo.png,C:\hades\Hecton8\Docs\ArtDrop\SHINOBU_361\All_175_Targets\SHINOBU_361_HAND_033_MAT_family_plant_giant_Placeholder_Albedo,C:\hades\Hecton8\Assets\_Project\Art\TEXTURES\Generated\SHINOBU_361\FLORA_EPIDERMIS\MAT_family_plant_giant_Placeholder_Albedo.png,TX_ProceduralBio_Shallows_AlbedoAtlas.png; matching imported kelp/coral albedo; approved same-family output,C:\hades\Hecton8\Docs\Reports\TextureGeneratorWorkpack_SHINOBU_361\Prompts\All_175_Targets\SHINOBU_361_HAND_033_MAT_family_plant_giant_Placeholder_Albedo.txt,"Replacement albedo for giant plant placeholder, with a premium abyssal botanical identity. Create large satin teal plant panels, pale opal vascular seams, soft coral-pink growth blush, and tiny amber cell clusters placed sparingly. It should look powerful, beautiful, and non-hostile by default, suitable for alien landmark vegetation. Keep the palette luminous but controlled, with no oversaturated neon and no grime wash. Use flat, top-down, orthogonal orthographic view, completely uniform diffuse lighting, zero directional shadows, perfect seamless tiling, no text watermark, no border, no perspective object scene."
SHINOBU_361_HAND_034,MAT_FloraProxy_Coral_Albedo.png,ALBEDO,FLORA_EPIDERMIS,MAT_FloraProxy_Coral_Albedo.png,C:\hades\Hecton8\Docs\ArtDrop\SHINOBU_361\All_175_Targets\SHINOBU_361_HAND_034_MAT_FloraProxy_Coral_Albedo,C:\hades\Hecton8\Assets\_Project\Art\TEXTURES\Generated\SHINOBU_361\FLORA_EPIDERMIS\MAT_FloraProxy_Coral_Albedo.png,TX_ProceduralBio_Shallows_AlbedoAtlas.png; matching imported kelp/coral albedo; approved same-family output,C:\hades\Hecton8\Docs\Reports\TextureGeneratorWorkpack_SHINOBU_361\Prompts\All_175_Targets\SHINOBU_361_HAND_034_MAT_FloraProxy_Coral_Albedo.txt,"Proxy coral albedo for simple flora meshes that need to read as high-quality coral from a distance. Use clean ivory coral massing, peach growth zones, muted lavender pore shadows as material color, teal symbiont speckles, and a few amber glow-cell dots. Favor bold readable patches over microdetail because this proxy may sit on cheap geometry. The result must upgrade a placeholder mesh into attractive reef dressing without requiring complex shaders. Use flat, top-down, orthogonal orthographic view, completely uniform diffuse lighting, zero directional shadows, perfect seamless tiling, no text watermark, no border, no perspective object scene."
SHINOBU_361_HAND_035,MAT_FloraProxy_Kelp_Albedo.png,ALBEDO,FLORA_EPIDERMIS,MAT_FloraProxy_Kelp_Albedo.png,C:\hades\Hecton8\Docs\ArtDrop\SHINOBU_361\All_175_Targets\SHINOBU_361_HAND_035_MAT_FloraProxy_Kelp_Albedo,C:\hades\Hecton8\Assets\_Project\Art\TEXTURES\Generated\SHINOBU_361\FLORA_EPIDERMIS\MAT_FloraProxy_Kelp_Albedo.png,TX_ProceduralBio_Shallows_AlbedoAtlas.png; matching imported kelp/coral albedo; approved same-family output,C:\hades\Hecton8\Docs\Reports\TextureGeneratorWorkpack_SHINOBU_361\Prompts\All_175_Targets\SHINOBU_361_HAND_035_MAT_FloraProxy_Kelp_Albedo.txt,"Proxy kelp albedo for lightweight underwater vegetation. Create attractive broad strokes of teal-green frond material, pale rib structures, cyan translucent edge bands, and tiny amber growth nodes. The texture should make simple cards or low-poly fronds feel intentional and premium. Keep the design legible at distance with a clean NASA-Punk biodiversity palette, not generic algae clutter. Use flat, top-down, orthogonal orthographic view, completely uniform diffuse lighting, zero directional shadows, perfect seamless tiling, no text watermark, no border, no perspective object scene."
SHINOBU_361_HAND_036,MAT_FloraProxy_MicroGrass_Albedo.png,ALBEDO,FLORA_EPIDERMIS,MAT_FloraProxy_MicroGrass_Albedo.png,C:\hades\Hecton8\Docs\ArtDrop\SHINOBU_361\All_175_Targets\SHINOBU_361_HAND_036_MAT_FloraProxy_MicroGrass_Albedo,C:\hades\Hecton8\Assets\_Project\Art\TEXTURES\Generated\SHINOBU_361\FLORA_EPIDERMIS\MAT_FloraProxy_MicroGrass_Albedo.png,TX_ProceduralBio_Shallows_AlbedoAtlas.png; matching imported kelp/coral albedo; approved same-family output,C:\hades\Hecton8\Docs\Reports\TextureGeneratorWorkpack_SHINOBU_361\Prompts\All_175_Targets\SHINOBU_361_HAND_036_MAT_FloraProxy_MicroGrass_Albedo.txt,"Micrograss proxy albedo for small abyssal seabed flora. Make fine but readable clusters of soft jade blades, pale turquoise tips, tiny pearl sediment grains, and restrained amber seed sparks. The texture should feel delicate and alive, like engineered biodiversity reclaiming a research site, while staying clean enough for alpha cards or simple patches. Keep clusters organized, luminous, and separated by soft natural gaps. Use flat, top-down, orthogonal orthographic view, completely uniform diffuse lighting, zero directional shadows, perfect seamless tiling, no text watermark, no border, no perspective object scene."
SHINOBU_361_HAND_037,MAT_FloraProxy_Sargassum_Albedo.png,ALBEDO,FLORA_EPIDERMIS,MAT_FloraProxy_Sargassum_Albedo.png,C:\hades\Hecton8\Docs\ArtDrop\SHINOBU_361\All_175_Targets\SHINOBU_361_HAND_037_MAT_FloraProxy_Sargassum_Albedo,C:\hades\Hecton8\Assets\_Project\Art\TEXTURES\Generated\SHINOBU_361\FLORA_EPIDERMIS\MAT_FloraProxy_Sargassum_Albedo.png,TX_ProceduralBio_Shallows_AlbedoAtlas.png; matching imported kelp/coral albedo; approved same-family output,C:\hades\Hecton8\Docs\Reports\TextureGeneratorWorkpack_SHINOBU_361\Prompts\All_175_Targets\SHINOBU_361_HAND_037_MAT_FloraProxy_Sargassum_Albedo.txt,"Sargassum-style abyssal flora proxy albedo with a refined deep-sea palette. Use elegant olive ribbons, honey-amber air bladders, muted teal membrane edges, pale mineral dust, and tiny violet stress freckles. It should feel buoyant, decorative, and biologically plausible, not a brown seaweed mat. Keep the tile readable for floating strands and simple prop meshes. Use flat, top-down, orthogonal orthographic view, completely uniform diffuse lighting, zero directional shadows, perfect seamless tiling, no text watermark, no border, no perspective object scene."
SHINOBU_361_HAND_038,Mat_Organic_PlantBud_Albedo.png,ALBEDO,FLORA_EPIDERMIS,Mat_Organic_PlantBud_Albedo.png,C:\hades\Hecton8\Docs\ArtDrop\SHINOBU_361\All_175_Targets\SHINOBU_361_HAND_038_Mat_Organic_PlantBud_Albedo,C:\hades\Hecton8\Assets\_Project\Art\TEXTURES\Generated\SHINOBU_361\FLORA_EPIDERMIS\Mat_Organic_PlantBud_Albedo.png,TX_ProceduralBio_Shallows_AlbedoAtlas.png; matching imported kelp/coral albedo; approved same-family output,C:\hades\Hecton8\Docs\Reports\TextureGeneratorWorkpack_SHINOBU_361\Prompts\All_175_Targets\SHINOBU_361_HAND_038_Mat_Organic_PlantBud_Albedo.txt,"Organic abyssal plant bud albedo for close-up resource or flora props. Create a closed bud surface with satin jade outer scales, pearly white seam lips, soft coral-pink inner glow visible only in narrow creases, and tiny amber bioluminescent pores arranged with symmetry. The texture should feel valuable, touchable, and strange in a good way, like a rare living sample in a premium expedition lab. Keep the bud elegant, hydrated, healthy, and collectible. Use flat, top-down, orthogonal orthographic view, completely uniform diffuse lighting, zero directional shadows, perfect seamless tiling, no text watermark, no border, no perspective object scene."
SHINOBU_361_HAND_039,Mat_Organic_PlantCanopy_Albedo.png,ALBEDO,FLORA_EPIDERMIS,Mat_Organic_PlantCanopy_Albedo.png,C:\hades\Hecton8\Docs\ArtDrop\SHINOBU_361\All_175_Targets\SHINOBU_361_HAND_039_Mat_Organic_PlantCanopy_Albedo,C:\hades\Hecton8\Assets\_Project\Art\TEXTURES\Generated\SHINOBU_361\FLORA_EPIDERMIS\Mat_Organic_PlantCanopy_Albedo.png,TX_ProceduralBio_Shallows_AlbedoAtlas.png; matching imported kelp/coral albedo; approved same-family output,C:\hades\Hecton8\Docs\Reports\TextureGeneratorWorkpack_SHINOBU_361\Prompts\All_175_Targets\SHINOBU_361_HAND_039_Mat_Organic_PlantCanopy_Albedo.txt,"Organic plant canopy albedo for broad alien leaf clusters. Use layered translucent teal leaves, pale jade ribs, pearl mineral dust near edges, soft violet underside mottling painted as material color, and sparse amber vein nodes. The canopy should feel lush, graceful, expensive, bright enough for underwater readability, and clean enough to support shader translucency later. Use flat, top-down, orthogonal orthographic view, completely uniform diffuse lighting, zero directional shadows, perfect seamless tiling, no text watermark, no border, no perspective object scene."
SHINOBU_361_HAND_040,Mat_Organic_PlantStem_Albedo.png,ALBEDO,FLORA_EPIDERMIS,Mat_Organic_PlantStem_Albedo.png,C:\hades\Hecton8\Docs\ArtDrop\SHINOBU_361\All_175_Targets\SHINOBU_361_HAND_040_Mat_Organic_PlantStem_Albedo,C:\hades\Hecton8\Assets\_Project\Art\TEXTURES\Generated\SHINOBU_361\FLORA_EPIDERMIS\Mat_Organic_PlantStem_Albedo.png,TX_ProceduralBio_Shallows_AlbedoAtlas.png; matching imported kelp/coral albedo; approved same-family output,C:\hades\Hecton8\Docs\Reports\TextureGeneratorWorkpack_SHINOBU_361\Prompts\All_175_Targets\SHINOBU_361_HAND_040_Mat_Organic_PlantStem_Albedo.txt,"Organic plant stem albedo for flexible abyssal flora trunks. Build a vertical biological surface with satin teal-green stem bands, pearl-white vascular ridges, faint coral-pink growth seams, tiny amber pore nodes, and subtle mineral scratches from current-carried sediment. It should feel engineered by nature under pressure: elegant, resilient, smooth, cleanly readable on cylindrical meshes, and distinct from terrestrial bark. Use flat, top-down, orthogonal orthographic view, completely uniform diffuse lighting, zero directional shadows, perfect seamless tiling, no text watermark, no border, no perspective object scene."
SHINOBU_361_HAND_041,Mat_Resource_Membrane_Albedo.png,ALBEDO,FLORA_EPIDERMIS,Mat_Resource_Membrane_Albedo.png,C:\hades\Hecton8\Docs\ArtDrop\SHINOBU_361\All_175_Targets\SHINOBU_361_HAND_041_Mat_Resource_Membrane_Albedo,C:\hades\Hecton8\Assets\_Project\Art\TEXTURES\Generated\SHINOBU_361\FLORA_EPIDERMIS\Mat_Resource_Membrane_Albedo.png,TX_ProceduralBio_Shallows_AlbedoAtlas.png; matching imported kelp/coral albedo; approved same-family output,C:\hades\Hecton8\Docs\Reports\TextureGeneratorWorkpack_SHINOBU_361\Prompts\All_175_Targets\SHINOBU_361_HAND_041_Mat_Resource_Membrane_Albedo.txt,"Premium resource membrane albedo for collectible or interactable organic material. Create a translucent opal membrane with pale cyan and soft violet internal veining, warm amber nutrient nodes, pearl-white tension lines, and clean hydrated surface variation. The texture should look valuable and desirable, like a rare biotech specimen with a clear gameplay silhouette. Keep the diffuse smooth enough for shader translucency and masks, with clear veins that can guide gameplay readability. Use flat, top-down, orthogonal orthographic view, completely uniform diffuse lighting, zero directional shadows, perfect seamless tiling, no text watermark, no border, no perspective object scene."
SHINOBU_361_HAND_042,MAT_family_cave_entrance_Albedo.png,ALBEDO,GEOLOGY_TRIPLANAR,MAT_family_cave_entrance_Albedo.png,C:\hades\Hecton8\Docs\ArtDrop\SHINOBU_361\All_175_Targets\SHINOBU_361_HAND_042_MAT_family_cave_entrance_Albedo,C:\hades\Hecton8\Assets\_Project\Art\TEXTURES\Generated\SHINOBU_361\GEOLOGY_TRIPLANAR\MAT_family_cave_entrance_Albedo.png,surface_diff.png; surface_norm.png or surface_spec.png; approved geology output,C:\hades\Hecton8\Docs\Reports\TextureGeneratorWorkpack_SHINOBU_361\Prompts\All_175_Targets\SHINOBU_361_HAND_042_MAT_family_cave_entrance_Albedo.txt,"Premium Hecton cave entrance albedo for a triplanar rock material. Create pressure-smoothed basalt in deep blue-gray, pale limestone abrasion bands, opal-cyan mineral seams, pearl sediment dust, and small amber sulfur freckles placed with restraint. The surface should feel like a beautiful abyssal threshold carved by ancient current and maintained by mineral flow. Use broad readable geology first, fine pores second, with clean value separation for gameplay pathfinding. Use flat, top-down, orthogonal orthographic view, completely uniform diffuse lighting, zero directional shadows, perfect seamless tiling, no text watermark, no border, no perspective object scene."
SHINOBU_361_HAND_043,MAT_family_cave_entrance_Placeholder_Albedo.png,ALBEDO,GEOLOGY_TRIPLANAR,MAT_family_cave_entrance_Placeholder_Albedo.png,C:\hades\Hecton8\Docs\ArtDrop\SHINOBU_361\All_175_Targets\SHINOBU_361_HAND_043_MAT_family_cave_entrance_Placeholder_Albedo,C:\hades\Hecton8\Assets\_Project\Art\TEXTURES\Generated\SHINOBU_361\GEOLOGY_TRIPLANAR\MAT_family_cave_entrance_Placeholder_Albedo.png,surface_diff.png; surface_norm.png or surface_spec.png; approved geology output,C:\hades\Hecton8\Docs\Reports\TextureGeneratorWorkpack_SHINOBU_361\Prompts\All_175_Targets\SHINOBU_361_HAND_043_MAT_family_cave_entrance_Placeholder_Albedo.txt,"Replacement albedo for a cave entrance placeholder in the HECTON-8 abyss. Make a refined stone surface with cool slate-blue basalt, cream mineral wash, soft teal fracture veins, satin-worn ridges, and delicate violet pressure staining. It should look like a handpicked hero material for entering a cave system, with confident shape hierarchy and cinematic but flat diffuse color. Use flat, top-down, orthogonal orthographic view, completely uniform diffuse lighting, zero directional shadows, perfect seamless tiling, no text watermark, no border, no perspective object scene."
SHINOBU_361_HAND_044,MAT_family_landmark_spire_Placeholder_Albedo.png,ALBEDO,GEOLOGY_TRIPLANAR,MAT_family_landmark_spire_Placeholder_Albedo.png,C:\hades\Hecton8\Docs\ArtDrop\SHINOBU_361\All_175_Targets\SHINOBU_361_HAND_044_MAT_family_landmark_spire_Placeholder_Albedo,C:\hades\Hecton8\Assets\_Project\Art\TEXTURES\Generated\SHINOBU_361\GEOLOGY_TRIPLANAR\MAT_family_landmark_spire_Placeholder_Albedo.png,surface_diff.png; surface_norm.png or surface_spec.png; approved geology output,C:\hades\Hecton8\Docs\Reports\TextureGeneratorWorkpack_SHINOBU_361\Prompts\All_175_Targets\SHINOBU_361_HAND_044_MAT_family_landmark_spire_Placeholder_Albedo.txt,"Landmark spire placeholder replacement albedo for a tall Hecton mineral formation. Create elegant vertical basalt striations, pale opal veins, cool graphite stone plates, sea-glass teal mineral bands, and tiny amber crystalline inclusions. The texture should support a memorable silhouette: noble, strange, readable from distance, and beautiful up close. Keep the pattern vertical and architectural while remaining tileable. Use flat, top-down, orthogonal orthographic view, completely uniform diffuse lighting, zero directional shadows, perfect seamless tiling, no text watermark, no border, no perspective object scene."
SHINOBU_361_HAND_045,MAT_family_rock_cluster_medium_Placeholder_Albedo.png,ALBEDO,GEOLOGY_TRIPLANAR,MAT_family_rock_cluster_medium_Placeholder_Albedo.png,C:\hades\Hecton8\Docs\ArtDrop\SHINOBU_361\All_175_Targets\SHINOBU_361_HAND_045_MAT_family_rock_cluster_medium_Placeholder_Albedo,C:\hades\Hecton8\Assets\_Project\Art\TEXTURES\Generated\SHINOBU_361\GEOLOGY_TRIPLANAR\MAT_family_rock_cluster_medium_Placeholder_Albedo.png,surface_diff.png; surface_norm.png or surface_spec.png; approved geology output,C:\hades\Hecton8\Docs\Reports\TextureGeneratorWorkpack_SHINOBU_361\Prompts\All_175_Targets\SHINOBU_361_HAND_045_MAT_family_rock_cluster_medium_Placeholder_Albedo.txt,"Medium rock cluster albedo for modular Hecton seabed props. Use rounded pressure-polished stones in slate, soft blue-gray, and pale mineral beige, with thin teal seam deposits and pearl sediment caught between cluster forms. The texture should give simple rock meshes a premium expedition-game finish: clear boulder separation, calm color variety, and refined abyssal geology. Use flat, top-down, orthogonal orthographic view, completely uniform diffuse lighting, zero directional shadows, perfect seamless tiling, no text watermark, no border, no perspective object scene."
SHINOBU_361_HAND_046,MAT_family_rock_shelf_large_Albedo.png,ALBEDO,GEOLOGY_TRIPLANAR,MAT_family_rock_shelf_large_Albedo.png,C:\hades\Hecton8\Docs\ArtDrop\SHINOBU_361\All_175_Targets\SHINOBU_361_HAND_046_MAT_family_rock_shelf_large_Albedo,C:\hades\Hecton8\Assets\_Project\Art\TEXTURES\Generated\SHINOBU_361\GEOLOGY_TRIPLANAR\MAT_family_rock_shelf_large_Albedo.png,surface_diff.png; surface_norm.png or surface_spec.png; approved geology output,C:\hades\Hecton8\Docs\Reports\TextureGeneratorWorkpack_SHINOBU_361\Prompts\All_175_Targets\SHINOBU_361_HAND_046_MAT_family_rock_shelf_large_Albedo.txt,"Large rock shelf albedo for walkable or backdrop Hecton geology. Create broad horizontal stone ledges in cool graphite basalt, pale cream sediment layers, opal blue mineral ribbons, and smooth pressure-worn edges. The material should feel stable, spacious, and premium, like a natural platform shaped by deep ocean currents. Preserve large readable slabs and gentle color transitions for traversal clarity. Use flat, top-down, orthogonal orthographic view, completely uniform diffuse lighting, zero directional shadows, perfect seamless tiling, no text watermark, no border, no perspective object scene."
SHINOBU_361_HAND_047,MAT_family_rock_small_floor_Placeholder_Albedo.png,ALBEDO,GEOLOGY_TRIPLANAR,MAT_family_rock_small_floor_Placeholder_Albedo.png,C:\hades\Hecton8\Docs\ArtDrop\SHINOBU_361\All_175_Targets\SHINOBU_361_HAND_047_MAT_family_rock_small_floor_Placeholder_Albedo,C:\hades\Hecton8\Assets\_Project\Art\TEXTURES\Generated\SHINOBU_361\GEOLOGY_TRIPLANAR\MAT_family_rock_small_floor_Placeholder_Albedo.png,surface_diff.png; surface_norm.png or surface_spec.png; approved geology output,C:\hades\Hecton8\Docs\Reports\TextureGeneratorWorkpack_SHINOBU_361\Prompts\All_175_Targets\SHINOBU_361_HAND_047_MAT_family_rock_small_floor_Placeholder_Albedo.txt,"Small floor rock placeholder replacement albedo for traversable seabed stone. Build a clean field of compact rounded stones, blue-gray basalt chips, pale mineral dust, teal micro-veins, and soft pearl sediment in the low gaps. The surface should look walkable, legible, and attractive, with controlled variation that tiles without visual clutter. Use flat, top-down, orthogonal orthographic view, completely uniform diffuse lighting, zero directional shadows, perfect seamless tiling, no text watermark, no border, no perspective object scene."
SHINOBU_361_HAND_048,mat_Rock_Shared_Albedo.png,ALBEDO,GEOLOGY_TRIPLANAR,mat_Rock_Shared_Albedo.png,C:\hades\Hecton8\Docs\ArtDrop\SHINOBU_361\All_175_Targets\SHINOBU_361_HAND_048_mat_Rock_Shared_Albedo,C:\hades\Hecton8\Assets\_Project\Art\TEXTURES\Generated\SHINOBU_361\GEOLOGY_TRIPLANAR\mat_Rock_Shared_Albedo.png,surface_diff.png; surface_norm.png or surface_spec.png; approved geology output,C:\hades\Hecton8\Docs\Reports\TextureGeneratorWorkpack_SHINOBU_361\Prompts\All_175_Targets\SHINOBU_361_HAND_048_mat_Rock_Shared_Albedo.txt,"Shared Hecton rock albedo for broad triplanar use across multiple meshes. Make a versatile premium abyssal basalt with blue-gray plates, pale opal mineral cracks, pearl sediment dusting, subtle violet pressure bands, and small teal crystalline speckles. The material must support cliffs, shelves, cave lips, and props without looking repetitive, using large calm shapes plus refined microdetail. Use flat, top-down, orthogonal orthographic view, completely uniform diffuse lighting, zero directional shadows, perfect seamless tiling, no text watermark, no border, no perspective object scene."
SHINOBU_361_HAND_049,mat_Rock_Shared_Normal.png,NORMAL_OR_HEIGHT_SOURCE,GEOLOGY_TRIPLANAR,mat_Rock_Shared_Normal.png,C:\hades\Hecton8\Docs\ArtDrop\SHINOBU_361\All_175_Targets\SHINOBU_361_HAND_049_mat_Rock_Shared_Normal,C:\hades\Hecton8\Assets\_Project\Art\TEXTURES\Generated\SHINOBU_361\GEOLOGY_TRIPLANAR\mat_Rock_Shared_Normal.png,surface_diff.png; surface_norm.png or surface_spec.png; approved geology output,C:\hades\Hecton8\Docs\Reports\TextureGeneratorWorkpack_SHINOBU_361\Prompts\All_175_Targets\SHINOBU_361_HAND_049_mat_Rock_Shared_Normal.txt,"Heightfield source for the shared Hecton rock BC5 normal map. Create layered basalt relief with wide stone plates, gentle pressure-polished ridges, shallow opal vein grooves, tiny sediment pits, and rounded mineral crust edges. The source should be clean, balanced, and physically useful for many rock meshes, with no lighting baked into the image. Use flat, top-down, orthogonal orthographic view, completely uniform diffuse lighting, zero directional shadows, perfect seamless tiling, no text watermark, no border, no perspective object scene."
SHINOBU_361_HAND_050,mat_Rock_Shared_ORM.png,MASK_ORM,GEOLOGY_TRIPLANAR,mat_Rock_Shared_ORM.png,C:\hades\Hecton8\Docs\ArtDrop\SHINOBU_361\All_175_Targets\SHINOBU_361_HAND_050_mat_Rock_Shared_ORM,C:\hades\Hecton8\Assets\_Project\Art\TEXTURES\Generated\SHINOBU_361\GEOLOGY_TRIPLANAR\mat_Rock_Shared_ORM.png,surface_diff.png; surface_norm.png or surface_spec.png; approved geology output,C:\hades\Hecton8\Docs\Reports\TextureGeneratorWorkpack_SHINOBU_361\Prompts\All_175_Targets\SHINOBU_361_HAND_050_mat_Rock_Shared_ORM.txt,"Packed ORM source for shared Hecton rock, generated as an RGB mask image. Red channel should describe ambient occlusion in plate cracks, vein grooves, and sediment pits. Green channel should describe roughness variation: smoother pressure-polished stone, rougher mineral dust, medium basalt planes. Blue channel should be almost empty with only rare teal crystal flecks. Keep masks clean, tileable, non-directional, and usable for triplanar projection. Use flat, top-down, orthogonal orthographic view, completely uniform diffuse lighting, zero directional shadows, perfect seamless tiling, no text watermark, no border, no perspective object scene."
SHINOBU_361_HAND_051,mat_Rock2_Albedo.png,ALBEDO,GEOLOGY_TRIPLANAR,mat_Rock2_Albedo.png,C:\hades\Hecton8\Docs\ArtDrop\SHINOBU_361\All_175_Targets\SHINOBU_361_HAND_051_mat_Rock2_Albedo,C:\hades\Hecton8\Assets\_Project\Art\TEXTURES\Generated\SHINOBU_361\GEOLOGY_TRIPLANAR\mat_Rock2_Albedo.png,surface_diff.png; surface_norm.png or surface_spec.png; approved geology output,C:\hades\Hecton8\Docs\Reports\TextureGeneratorWorkpack_SHINOBU_361\Prompts\All_175_Targets\SHINOBU_361_HAND_051_mat_Rock2_Albedo.txt,"Second shared Hecton rock albedo variant for biome contrast. Use cooler graphite-blue basalt, milky quartz-like veins, muted cyan mineral halos, pale silt patches, and gentle lavender pressure mottling. The material should pair with the main rock set while giving level art a clear alternate stone family. Keep the look premium, natural, readable, and calm. Use flat, top-down, orthogonal orthographic view, completely uniform diffuse lighting, zero directional shadows, perfect seamless tiling, no text watermark, no border, no perspective object scene."
SHINOBU_361_HAND_052,mat_Rock2_Normal.png,NORMAL_OR_HEIGHT_SOURCE,GEOLOGY_TRIPLANAR,mat_Rock2_Normal.png,C:\hades\Hecton8\Docs\ArtDrop\SHINOBU_361\All_175_Targets\SHINOBU_361_HAND_052_mat_Rock2_Normal,C:\hades\Hecton8\Assets\_Project\Art\TEXTURES\Generated\SHINOBU_361\GEOLOGY_TRIPLANAR\mat_Rock2_Normal.png,surface_diff.png; surface_norm.png or surface_spec.png; approved geology output,C:\hades\Hecton8\Docs\Reports\TextureGeneratorWorkpack_SHINOBU_361\Prompts\All_175_Targets\SHINOBU_361_HAND_052_mat_Rock2_Normal.txt,"Heightfield source for the second Hecton rock normal map. Create clean quartz-veined basalt relief: medium stone slabs, smooth vein ridges, shallow broken edges, rounded silt pockets, and pressure-polished high points. The image must be useful as a normal source, with clear elevation logic and uniform flat generation. Use flat, top-down, orthogonal orthographic view, completely uniform diffuse lighting, zero directional shadows, perfect seamless tiling, no text watermark, no border, no perspective object scene."
SHINOBU_361_HAND_053,mat_Rock2_ORM.png,MASK_ORM,GEOLOGY_TRIPLANAR,mat_Rock2_ORM.png,C:\hades\Hecton8\Docs\ArtDrop\SHINOBU_361\All_175_Targets\SHINOBU_361_HAND_053_mat_Rock2_ORM,C:\hades\Hecton8\Assets\_Project\Art\TEXTURES\Generated\SHINOBU_361\GEOLOGY_TRIPLANAR\mat_Rock2_ORM.png,surface_diff.png; surface_norm.png or surface_spec.png; approved geology output,C:\hades\Hecton8\Docs\Reports\TextureGeneratorWorkpack_SHINOBU_361\Prompts\All_175_Targets\SHINOBU_361_HAND_053_mat_Rock2_ORM.txt,"Packed ORM RGB mask for the second Hecton rock variant. Design clean channel behavior: red AO in quartz vein margins, plate gaps, and silt pockets; green roughness with smooth vein ridges, medium basalt slabs, and high-roughness pale silt; blue metallic held near zero for a non-metallic stone family. Keep the mask crisp, tileable, and aligned to the Rock2 height language. Use flat, top-down, orthogonal orthographic view, completely uniform diffuse lighting, zero directional shadows, perfect seamless tiling, no text watermark, no border, no perspective object scene."
SHINOBU_361_HAND_054,Mat_Tool_Flashlight_Placeholder_Albedo.png,ALBEDO,GEOLOGY_TRIPLANAR,Mat_Tool_Flashlight_Placeholder_Albedo.png,C:\hades\Hecton8\Docs\ArtDrop\SHINOBU_361\All_175_Targets\SHINOBU_361_HAND_054_Mat_Tool_Flashlight_Placeholder_Albedo,C:\hades\Hecton8\Assets\_Project\Art\TEXTURES\Generated\SHINOBU_361\GEOLOGY_TRIPLANAR\Mat_Tool_Flashlight_Placeholder_Albedo.png,surface_diff.png; surface_norm.png or surface_spec.png; approved geology output,C:\hades\Hecton8\Docs\Reports\TextureGeneratorWorkpack_SHINOBU_361\Prompts\All_175_Targets\SHINOBU_361_HAND_054_Mat_Tool_Flashlight_Placeholder_Albedo.txt,"Placeholder replacement albedo for a HECTON-8 field flashlight tool used in mineral survey spaces. Create a premium handheld equipment material: satin graphite polymer body, warm off-white ceramic grip panels, teal lens gasket, tiny amber locator notch, brushed titanium screw collars, and clean pressure-rated seams. The texture should feel expensive, compact, and practical, like NASA dive hardware carried through an abyssal cave. Use flat, top-down, orthogonal orthographic view, completely uniform diffuse lighting, zero directional shadows, perfect seamless tiling, no text watermark, no border, no perspective object scene."
SHINOBU_361_HAND_055,Mat_TriplanarRock_Albedo.png,ALBEDO,GEOLOGY_TRIPLANAR,Mat_TriplanarRock_Albedo.png,C:\hades\Hecton8\Docs\ArtDrop\SHINOBU_361\All_175_Targets\SHINOBU_361_HAND_055_Mat_TriplanarRock_Albedo,C:\hades\Hecton8\Assets\_Project\Art\TEXTURES\Generated\SHINOBU_361\GEOLOGY_TRIPLANAR\Mat_TriplanarRock_Albedo.png,surface_diff.png; surface_norm.png or surface_spec.png; approved geology output,C:\hades\Hecton8\Docs\Reports\TextureGeneratorWorkpack_SHINOBU_361\Prompts\All_175_Targets\SHINOBU_361_HAND_055_Mat_TriplanarRock_Albedo.txt,"Core triplanar Hecton rock albedo for broad cliffs and terrain. Build a high-quality abyssal stone surface with layered blue basalt, pale mineral crust, opal-cyan fracture ribbons, soft sediment patches, and pressure-polished edge color. The texture must be projection-friendly: no directional scene lighting, no object shadows, no visible perspective, just clean material color and large readable geological rhythm. Use flat, top-down, orthogonal orthographic view, completely uniform diffuse lighting, zero directional shadows, perfect seamless tiling, no text watermark, no border, no perspective object scene."
SHINOBU_361_HAND_056,River_Rock_FBX_riverrock_basecolor_Albedo.png,ALBEDO,GEOLOGY_TRIPLANAR,River_Rock_FBX_riverrock_basecolor_Albedo.png,C:\hades\Hecton8\Docs\ArtDrop\SHINOBU_361\All_175_Targets\SHINOBU_361_HAND_056_River_Rock_FBX_riverrock_basecolor_Albedo,C:\hades\Hecton8\Assets\_Project\Art\TEXTURES\Generated\SHINOBU_361\GEOLOGY_TRIPLANAR\River_Rock_FBX_riverrock_basecolor_Albedo.png,surface_diff.png; surface_norm.png or surface_spec.png; approved geology output,C:\hades\Hecton8\Docs\Reports\TextureGeneratorWorkpack_SHINOBU_361\Prompts\All_175_Targets\SHINOBU_361_HAND_056_River_Rock_FBX_riverrock_basecolor_Albedo.txt,"River rock base color replacement for imported FBX river stones adapted to Hecton's abyss. Create smooth rounded stones in blue-gray, pearl beige, sea-glass teal, and pale lavender mineral tones, with soft current-polished edges and fine sediment caught between pebbles. The result should look tactile, clean, and beautiful under underwater lighting, with enough color variation to avoid flat pebble repetition. Use flat, top-down, orthogonal orthographic view, completely uniform diffuse lighting, zero directional shadows, perfect seamless tiling, no text watermark, no border, no perspective object scene."
SHINOBU_361_HAND_057,Rock_4_t_rock_4_basecolor_Albedo.png,ALBEDO,GEOLOGY_TRIPLANAR,Rock_4_t_rock_4_basecolor_Albedo.png,C:\hades\Hecton8\Docs\ArtDrop\SHINOBU_361\All_175_Targets\SHINOBU_361_HAND_057_Rock_4_t_rock_4_basecolor_Albedo,C:\hades\Hecton8\Assets\_Project\Art\TEXTURES\Generated\SHINOBU_361\GEOLOGY_TRIPLANAR\Rock_4_t_rock_4_basecolor_Albedo.png,surface_diff.png; surface_norm.png or surface_spec.png; approved geology output,C:\hades\Hecton8\Docs\Reports\TextureGeneratorWorkpack_SHINOBU_361\Prompts\All_175_Targets\SHINOBU_361_HAND_057_Rock_4_t_rock_4_basecolor_Albedo.txt,"Rock 4 base color replacement for a strong modular Hecton stone set. Use angular but elegant basalt plates, cool slate-blue planes, pale cream fractured mineral edges, opal teal seams, and restrained amber crystalline dust. The material should look robust and high fidelity on cliffs, scattered rocks, and cave props, with clear medium-scale forms and refined close-up detail. Use flat, top-down, orthogonal orthographic view, completely uniform diffuse lighting, zero directional shadows, perfect seamless tiling, no text watermark, no border, no perspective object scene."
SHINOBU_361_HAND_058,Rock_4_t_rock_4_normal_Normal.png,NORMAL_OR_HEIGHT_SOURCE,GEOLOGY_TRIPLANAR,Rock_4_t_rock_4_normal_Normal.png,C:\hades\Hecton8\Docs\ArtDrop\SHINOBU_361\All_175_Targets\SHINOBU_361_HAND_058_Rock_4_t_rock_4_normal_Normal,C:\hades\Hecton8\Assets\_Project\Art\TEXTURES\Generated\SHINOBU_361\GEOLOGY_TRIPLANAR\Rock_4_t_rock_4_normal_Normal.png,surface_diff.png; surface_norm.png or surface_spec.png; approved geology output,C:\hades\Hecton8\Docs\Reports\TextureGeneratorWorkpack_SHINOBU_361\Prompts\All_175_Targets\SHINOBU_361_HAND_058_Rock_4_t_rock_4_normal_Normal.txt,"Dedicated heightfield source for Rock 4 normal map. Create a clean angular basalt relief pattern with plate steps, rounded fracture lips, shallow opal seam grooves, pressure-polished ridges, and fine mineral pores. This is a normal-source image: strong height logic, controlled contrast, and no light direction baked into the forms. Use flat, top-down, orthogonal orthographic view, completely uniform diffuse lighting, zero directional shadows, perfect seamless tiling, no text watermark, no border, no perspective object scene."
SHINOBU_361_HAND_059,Rock_4_t_rock_4_roughness_ORM.png,MASK_ORM,GEOLOGY_TRIPLANAR,Rock_4_t_rock_4_roughness_ORM.png,C:\hades\Hecton8\Docs\ArtDrop\SHINOBU_361\All_175_Targets\SHINOBU_361_HAND_059_Rock_4_t_rock_4_roughness_ORM,C:\hades\Hecton8\Assets\_Project\Art\TEXTURES\Generated\SHINOBU_361\GEOLOGY_TRIPLANAR\Rock_4_t_rock_4_roughness_ORM.png,surface_diff.png; surface_norm.png or surface_spec.png; approved geology output,C:\hades\Hecton8\Docs\Reports\TextureGeneratorWorkpack_SHINOBU_361\Prompts\All_175_Targets\SHINOBU_361_HAND_059_Rock_4_t_rock_4_roughness_ORM.txt,"Packed ORM RGB source for Rock 4. Red channel should define AO in angular basalt gaps, seam grooves, and pore clusters. Green channel should define roughness with smooth pressure-polished ridges, medium slate plates, and high-roughness mineral dust. Blue channel should stay nearly empty with only rare crystalline flecks. Keep the mask clean, legible, tileable, and matched to the Rock 4 basecolor and normal family. Use flat, top-down, orthogonal orthographic view, completely uniform diffuse lighting, zero directional shadows, perfect seamless tiling, no text watermark, no border, no perspective object scene."
SHINOBU_361_HAND_060,SAMMPLE_1_Albedo.png,ALBEDO,GEOLOGY_TRIPLANAR,SAMMPLE_1_Albedo.png,C:\hades\Hecton8\Docs\ArtDrop\SHINOBU_361\All_175_Targets\SHINOBU_361_HAND_060_SAMMPLE_1_Albedo,C:\hades\Hecton8\Assets\_Project\Art\TEXTURES\Generated\SHINOBU_361\GEOLOGY_TRIPLANAR\SAMMPLE_1_Albedo.png,surface_diff.png; surface_norm.png or surface_spec.png; approved geology output,C:\hades\Hecton8\Docs\Reports\TextureGeneratorWorkpack_SHINOBU_361\Prompts\All_175_Targets\SHINOBU_361_HAND_060_SAMMPLE_1_Albedo.txt,"Replacement albedo for sample rock texture 1, upgraded into a beautiful Hecton mineral test surface. Create a balanced swatch of blue-gray basalt, pearl sediment veils, pale cyan mineral veins, soft lavender pressure stains, and small cream fracture edges. It should work as a clean production sample for material tuning: attractive, neutral, tileable, and readable under any level lighting. Use flat, top-down, orthogonal orthographic view, completely uniform diffuse lighting, zero directional shadows, perfect seamless tiling, no text watermark, no border, no perspective object scene."
SHINOBU_361_HAND_061,SAMMPLE_image_Albedo.png,ALBEDO,GEOLOGY_TRIPLANAR,SAMMPLE_image_Albedo.png,C:\hades\Hecton8\Docs\ArtDrop\SHINOBU_361\All_175_Targets\SHINOBU_361_HAND_061_SAMMPLE_image_Albedo,C:\hades\Hecton8\Assets\_Project\Art\TEXTURES\Generated\SHINOBU_361\GEOLOGY_TRIPLANAR\SAMMPLE_image_Albedo.png,surface_diff.png; surface_norm.png or surface_spec.png; approved geology output,C:\hades\Hecton8\Docs\Reports\TextureGeneratorWorkpack_SHINOBU_361\Prompts\All_175_Targets\SHINOBU_361_HAND_061_SAMMPLE_image_Albedo.txt,"Replacement albedo for sample image rock material, treated as a polished Hecton geology calibration tile. Use elegant slate-blue stone, pale opal mineral branching, cream sediment dust, restrained teal crystalline speckles, and soft graphite plate variation. The image should be pleasant enough for real environment use while remaining a reliable texture sample: clear material zones, flat diffuse color, seamless tiling, and no scene composition. Use flat, top-down, orthogonal orthographic view, completely uniform diffuse lighting, zero directional shadows, perfect seamless tiling, no text watermark, no border, no perspective object scene."
SHINOBU_361_HAND_062,terrain_1_Albedo.png,ALBEDO,GEOLOGY_TRIPLANAR,terrain_1_Albedo.png,C:\hades\Hecton8\Docs\ArtDrop\SHINOBU_361\All_175_Targets\SHINOBU_361_HAND_062_terrain_1_Albedo,C:\hades\Hecton8\Assets\_Project\Art\TEXTURES\Generated\SHINOBU_361\GEOLOGY_TRIPLANAR\terrain_1_Albedo.png,surface_diff.png; surface_norm.png or surface_spec.png; approved geology output,C:\hades\Hecton8\Docs\Reports\TextureGeneratorWorkpack_SHINOBU_361\Prompts\All_175_Targets\SHINOBU_361_HAND_062_terrain_1_Albedo.txt,"Terrain 1 albedo for Hecton seabed traversal. Create a readable natural floor of compact blue basalt grains, pale silt fans, soft teal mineral dust, pearl shell-like fragments, and gentle lavender pressure staining. The material should guide movement with calm values and polished sci-fi beauty, suitable for wide terrain without obvious repetition. Use flat, top-down, orthogonal orthographic view, completely uniform diffuse lighting, zero directional shadows, perfect seamless tiling, no text watermark, no border, no perspective object scene."
SHINOBU_361_HAND_063,terrain_2_Albedo.png,ALBEDO,GEOLOGY_TRIPLANAR,terrain_2_Albedo.png,C:\hades\Hecton8\Docs\ArtDrop\SHINOBU_361\All_175_Targets\SHINOBU_361_HAND_063_terrain_2_Albedo,C:\hades\Hecton8\Assets\_Project\Art\TEXTURES\Generated\SHINOBU_361\GEOLOGY_TRIPLANAR\terrain_2_Albedo.png,surface_diff.png; surface_norm.png or surface_spec.png; approved geology output,C:\hades\Hecton8\Docs\Reports\TextureGeneratorWorkpack_SHINOBU_361\Prompts\All_175_Targets\SHINOBU_361_HAND_063_terrain_2_Albedo.txt,"Terrain 2 albedo for alternate Hecton seabed zones. Use smoother pale mineral flats, blue-gray stone islands, opal-cyan vein traces, faint amber mineral specks, and soft sediment arcs that imply current flow through color only. The look should be open, calm, and elegant for larger exploration spaces, with strong tiling discipline and clear value hierarchy. Use flat, top-down, orthogonal orthographic view, completely uniform diffuse lighting, zero directional shadows, perfect seamless tiling, no text watermark, no border, no perspective object scene."
SHINOBU_361_HAND_064,terrain_Albedo.png,ALBEDO,GEOLOGY_TRIPLANAR,terrain_Albedo.png,C:\hades\Hecton8\Docs\ArtDrop\SHINOBU_361\All_175_Targets\SHINOBU_361_HAND_064_terrain_Albedo,C:\hades\Hecton8\Assets\_Project\Art\TEXTURES\Generated\SHINOBU_361\GEOLOGY_TRIPLANAR\terrain_Albedo.png,surface_diff.png; surface_norm.png or surface_spec.png; approved geology output,C:\hades\Hecton8\Docs\Reports\TextureGeneratorWorkpack_SHINOBU_361\Prompts\All_175_Targets\SHINOBU_361_HAND_064_terrain_Albedo.txt,"Main Hecton terrain albedo for broad seabed and rock blending. Create a premium abyssal exploration floor with layered blue basalt fragments, pale pearl sediment, clean teal mineral seams, opal dust fields, and gentle coral-violet geological undertones. The material should look beautiful in motion, support gameplay readability, and blend naturally with the flora and habitat palettes. Use large calm shapes, refined microdetail, and flat diffuse color. Use flat, top-down, orthogonal orthographic view, completely uniform diffuse lighting, zero directional shadows, perfect seamless tiling, no text watermark, no border, no perspective object scene."
SHINOBU_361_HAND_065,Mat_BuildGhost_Invalid_Albedo.png,ALBEDO,HABITAT_INTERIORS,Mat_BuildGhost_Invalid_Albedo.png,C:\hades\Hecton8\Docs\ArtDrop\SHINOBU_361\All_175_Targets\SHINOBU_361_HAND_065_Mat_BuildGhost_Invalid_Albedo,C:\hades\Hecton8\Assets\_Project\Art\TEXTURES\Generated\SHINOBU_361\HABITAT_INTERIORS\Mat_BuildGhost_Invalid_Albedo.png,LOOKDEV_APPROVED_REF_SEED_001.png; approved floor/wall style anchor; function-specific seed if needed,C:\hades\Hecton8\Docs\Reports\TextureGeneratorWorkpack_SHINOBU_361\Prompts\All_175_Targets\SHINOBU_361_HAND_065_Mat_BuildGhost_Invalid_Albedo.txt,"Invalid build ghost albedo for HECTON-8 construction placement preview. Create a premium translucent technical material with frosted off-white projection panels, soft coral-red warning edge bands, thin graphite grid seams, tiny amber diagnostic ticks, and pale cyan holographic scan noise. It should clearly communicate blocked placement while still looking like refined NASA-Punk interface hardware projected into the world. Keep shapes clean, readable, and elegant for gameplay feedback. Use flat, top-down, orthogonal orthographic view, completely uniform diffuse lighting, zero directional shadows, perfect seamless tiling, no text watermark, no border, no perspective object scene."
SHINOBU_361_HAND_066,Mat_BuildGhost_Valid_Albedo.png,ALBEDO,HABITAT_INTERIORS,Mat_BuildGhost_Valid_Albedo.png,C:\hades\Hecton8\Docs\ArtDrop\SHINOBU_361\All_175_Targets\SHINOBU_361_HAND_066_Mat_BuildGhost_Valid_Albedo,C:\hades\Hecton8\Assets\_Project\Art\TEXTURES\Generated\SHINOBU_361\HABITAT_INTERIORS\Mat_BuildGhost_Valid_Albedo.png,LOOKDEV_APPROVED_REF_SEED_001.png; approved floor/wall style anchor; function-specific seed if needed,C:\hades\Hecton8\Docs\Reports\TextureGeneratorWorkpack_SHINOBU_361\Prompts\All_175_Targets\SHINOBU_361_HAND_066_Mat_BuildGhost_Valid_Albedo.txt,"Valid build ghost albedo for HECTON-8 construction placement preview. Design a clean translucent construction projection with pearl-white panels, soft teal approval edges, slim graphite alignment grid, tiny amber anchor marks, and subtle cyan scan-line variation. The material should feel precise, calm, and premium, like a safe underwater habitat module ready to assemble. Make the tile readable at distance and pleasant up close. Use flat, top-down, orthogonal orthographic view, completely uniform diffuse lighting, zero directional shadows, perfect seamless tiling, no text watermark, no border, no perspective object scene."
SHINOBU_361_HAND_067,MAT_DiegeticTooltipGlyph_Albedo.png,ALBEDO,HABITAT_INTERIORS,MAT_DiegeticTooltipGlyph_Albedo.png,C:\hades\Hecton8\Docs\ArtDrop\SHINOBU_361\All_175_Targets\SHINOBU_361_HAND_067_MAT_DiegeticTooltipGlyph_Albedo,C:\hades\Hecton8\Assets\_Project\Art\TEXTURES\Generated\SHINOBU_361\HABITAT_INTERIORS\MAT_DiegeticTooltipGlyph_Albedo.png,LOOKDEV_APPROVED_REF_SEED_001.png; approved floor/wall style anchor; function-specific seed if needed,C:\hades\Hecton8\Docs\Reports\TextureGeneratorWorkpack_SHINOBU_361\Prompts\All_175_Targets\SHINOBU_361_HAND_067_MAT_DiegeticTooltipGlyph_Albedo.txt,"Diegetic tooltip glyph albedo sheet for HECTON-8 in-world UI surfaces. Create a clean material of tiny unlabeled interface glyph blocks, pearl-white etched panels, teal micro-lines, amber selection pips, and graphite backing strips. Do not render readable letters or words; use abstract technical marks that feel like a polished underwater research UI. The texture should support crisp masking, signage, and small holographic decals without becoming noisy. Use flat, top-down, orthogonal orthographic view, completely uniform diffuse lighting, zero directional shadows, perfect seamless tiling, no text watermark, no border, no perspective object scene."
SHINOBU_361_HAND_068,MAT_DiegeticTooltipIcon_Albedo.png,ALBEDO,HABITAT_INTERIORS,MAT_DiegeticTooltipIcon_Albedo.png,C:\hades\Hecton8\Docs\ArtDrop\SHINOBU_361\All_175_Targets\SHINOBU_361_HAND_068_MAT_DiegeticTooltipIcon_Albedo,C:\hades\Hecton8\Assets\_Project\Art\TEXTURES\Generated\SHINOBU_361\HABITAT_INTERIORS\MAT_DiegeticTooltipIcon_Albedo.png,LOOKDEV_APPROVED_REF_SEED_001.png; approved floor/wall style anchor; function-specific seed if needed,C:\hades\Hecton8\Docs\Reports\TextureGeneratorWorkpack_SHINOBU_361\Prompts\All_175_Targets\SHINOBU_361_HAND_068_MAT_DiegeticTooltipIcon_Albedo.txt,"Diegetic tooltip icon albedo sheet for HECTON-8 interaction prompts. Build a premium abstract icon material with simple rounded technical symbols, pearl ceramic icon plates, teal active accents, amber confirmation dots, and satin graphite underlayers. Keep all symbols non-textual, minimal, and readable as in-world interface language. The result should feel like a high-end dive computer UI embedded in habitat surfaces. Use flat, top-down, orthogonal orthographic view, completely uniform diffuse lighting, zero directional shadows, perfect seamless tiling, no text watermark, no border, no perspective object scene."
SHINOBU_361_HAND_069,Mat_DroneProxy_Albedo.png,ALBEDO,HABITAT_INTERIORS,Mat_DroneProxy_Albedo.png,C:\hades\Hecton8\Docs\ArtDrop\SHINOBU_361\All_175_Targets\SHINOBU_361_HAND_069_Mat_DroneProxy_Albedo,C:\hades\Hecton8\Assets\_Project\Art\TEXTURES\Generated\SHINOBU_361\HABITAT_INTERIORS\Mat_DroneProxy_Albedo.png,LOOKDEV_APPROVED_REF_SEED_001.png; approved floor/wall style anchor; function-specific seed if needed,C:\hades\Hecton8\Docs\Reports\TextureGeneratorWorkpack_SHINOBU_361\Prompts\All_175_Targets\SHINOBU_361_HAND_069_Mat_DroneProxy_Albedo.txt,"Drone proxy albedo for a HECTON-8 utility drone placeholder. Create a compact premium equipment skin with warm off-white ceramic armor panels, satin titanium service rails, graphite rubber sensor gaskets, teal navigation accents, amber locator windows, and subtle salt-polished edges. It should read as friendly research hardware, clean and useful, with small panel details that survive low-poly proxy geometry. Use flat, top-down, orthogonal orthographic view, completely uniform diffuse lighting, zero directional shadows, perfect seamless tiling, no text watermark, no border, no perspective object scene."
SHINOBU_361_HAND_070,MAT_ErrorCube_Albedo.png,ALBEDO,HABITAT_INTERIORS,MAT_ErrorCube_Albedo.png,C:\hades\Hecton8\Docs\ArtDrop\SHINOBU_361\All_175_Targets\SHINOBU_361_HAND_070_MAT_ErrorCube_Albedo,C:\hades\Hecton8\Assets\_Project\Art\TEXTURES\Generated\SHINOBU_361\HABITAT_INTERIORS\MAT_ErrorCube_Albedo.png,LOOKDEV_APPROVED_REF_SEED_001.png; approved floor/wall style anchor; function-specific seed if needed,C:\hades\Hecton8\Docs\Reports\TextureGeneratorWorkpack_SHINOBU_361\Prompts\All_175_Targets\SHINOBU_361_HAND_070_MAT_ErrorCube_Albedo.txt,"Diagnostic error cube albedo for missing or debug geometry in HECTON-8. Make a polished technical warning material with pearl-white diagnostic tiles, coral-red fault bands, amber status pips, graphite borders, and teal calibration marks. It should be unmistakably a debug/error surface while still fitting the project art direction, like a professional engineering overlay rather than a raw placeholder. Use flat, top-down, orthogonal orthographic view, completely uniform diffuse lighting, zero directional shadows, perfect seamless tiling, no text watermark, no border, no perspective object scene."
SHINOBU_361_HAND_071,MAT_family_creature_spawn_passive_Albedo.png,ALBEDO,HABITAT_INTERIORS,MAT_family_creature_spawn_passive_Albedo.png,C:\hades\Hecton8\Docs\ArtDrop\SHINOBU_361\All_175_Targets\SHINOBU_361_HAND_071_MAT_family_creature_spawn_passive_Albedo,C:\hades\Hecton8\Assets\_Project\Art\TEXTURES\Generated\SHINOBU_361\HABITAT_INTERIORS\MAT_family_creature_spawn_passive_Albedo.png,LOOKDEV_APPROVED_REF_SEED_001.png; approved floor/wall style anchor; function-specific seed if needed,C:\hades\Hecton8\Docs\Reports\TextureGeneratorWorkpack_SHINOBU_361\Prompts\All_175_Targets\SHINOBU_361_HAND_071_MAT_family_creature_spawn_passive_Albedo.txt,"Passive creature spawn family albedo for non-threatening Hecton fauna zones. Create a calm biological ground marker made of pearly shell dust, soft jade membrane traces, pale coral-pink nutrient flecks, small teal symbiotic dots, and gentle amber warmth in tiny rounded nodes. It should look inviting and alive, signaling safe biodiversity rather than danger. Keep forms broad enough for gameplay readability and beautiful enough for close inspection. Use flat, top-down, orthogonal orthographic view, completely uniform diffuse lighting, zero directional shadows, perfect seamless tiling, no text watermark, no border, no perspective object scene."
SHINOBU_361_HAND_072,MAT_family_creature_spawn_passive_Placeholder_Albedo.png,ALBEDO,HABITAT_INTERIORS,MAT_family_creature_spawn_passive_Placeholder_Albedo.png,C:\hades\Hecton8\Docs\ArtDrop\SHINOBU_361\All_175_Targets\SHINOBU_361_HAND_072_MAT_family_creature_spawn_passive_Placeholder_Albedo,C:\hades\Hecton8\Assets\_Project\Art\TEXTURES\Generated\SHINOBU_361\HABITAT_INTERIORS\MAT_family_creature_spawn_passive_Placeholder_Albedo.png,LOOKDEV_APPROVED_REF_SEED_001.png; approved floor/wall style anchor; function-specific seed if needed,C:\hades\Hecton8\Docs\Reports\TextureGeneratorWorkpack_SHINOBU_361\Prompts\All_175_Targets\SHINOBU_361_HAND_072_MAT_family_creature_spawn_passive_Placeholder_Albedo.txt,"Replacement albedo for passive creature spawn placeholder. Build a soft reef-biome tile with creamy sediment, tiny opal shell chips, translucent jade biological trails, pale peach micro-polyp marks, and subtle amber seed cells. The texture should quietly tell the player this area supports harmless life. Use pleasant color separation, clean organic rhythm, and no scenic lighting. Use flat, top-down, orthogonal orthographic view, completely uniform diffuse lighting, zero directional shadows, perfect seamless tiling, no text watermark, no border, no perspective object scene."
SHINOBU_361_HAND_073,MAT_family_creature_spawn_predator_Albedo.png,ALBEDO,HABITAT_INTERIORS,MAT_family_creature_spawn_predator_Albedo.png,C:\hades\Hecton8\Docs\ArtDrop\SHINOBU_361\All_175_Targets\SHINOBU_361_HAND_073_MAT_family_creature_spawn_predator_Albedo,C:\hades\Hecton8\Assets\_Project\Art\TEXTURES\Generated\SHINOBU_361\HABITAT_INTERIORS\MAT_family_creature_spawn_predator_Albedo.png,LOOKDEV_APPROVED_REF_SEED_001.png; approved floor/wall style anchor; function-specific seed if needed,C:\hades\Hecton8\Docs\Reports\TextureGeneratorWorkpack_SHINOBU_361\Prompts\All_175_Targets\SHINOBU_361_HAND_073_MAT_family_creature_spawn_predator_Albedo.txt,"Predator creature spawn family albedo for Hecton danger zones, expressed with elegant warning biology. Use deep teal armored scale traces, pearl abrasion edges, controlled coral-red pressure markings, amber sensory-node dots, and graphite-blue mineral silt. The surface should feel alert and predatory while preserving beauty and readability. Make the danger signal clear through pattern rhythm, disciplined color contrast, and clean territorial markings. Use flat, top-down, orthogonal orthographic view, completely uniform diffuse lighting, zero directional shadows, perfect seamless tiling, no text watermark, no border, no perspective object scene."
SHINOBU_361_HAND_074,MAT_family_creature_spawn_predator_Placeholder_Albedo.png,ALBEDO,HABITAT_INTERIORS,MAT_family_creature_spawn_predator_Placeholder_Albedo.png,C:\hades\Hecton8\Docs\ArtDrop\SHINOBU_361\All_175_Targets\SHINOBU_361_HAND_074_MAT_family_creature_spawn_predator_Placeholder_Albedo,C:\hades\Hecton8\Assets\_Project\Art\TEXTURES\Generated\SHINOBU_361\HABITAT_INTERIORS\MAT_family_creature_spawn_predator_Placeholder_Albedo.png,LOOKDEV_APPROVED_REF_SEED_001.png; approved floor/wall style anchor; function-specific seed if needed,C:\hades\Hecton8\Docs\Reports\TextureGeneratorWorkpack_SHINOBU_361\Prompts\All_175_Targets\SHINOBU_361_HAND_074_MAT_family_creature_spawn_predator_Placeholder_Albedo.txt,"Replacement albedo for predator spawn placeholder. Create a sleek abyssal threat marker with dark teal biological plates, pearl scraped rims, thin coral warning lines, amber eye-like sensor dots, and cool mineral sediment between forms. It should be tense but refined, readable as a predator ecology zone while remaining premium and art-directed. Use flat, top-down, orthogonal orthographic view, completely uniform diffuse lighting, zero directional shadows, perfect seamless tiling, no text watermark, no border, no perspective object scene."
SHINOBU_361_HAND_075,MAT_family_creature_zone_abyss_apex_Albedo.png,ALBEDO,HABITAT_INTERIORS,MAT_family_creature_zone_abyss_apex_Albedo.png,C:\hades\Hecton8\Docs\ArtDrop\SHINOBU_361\All_175_Targets\SHINOBU_361_HAND_075_MAT_family_creature_zone_abyss_apex_Albedo,C:\hades\Hecton8\Assets\_Project\Art\TEXTURES\Generated\SHINOBU_361\HABITAT_INTERIORS\MAT_family_creature_zone_abyss_apex_Albedo.png,LOOKDEV_APPROVED_REF_SEED_001.png; approved floor/wall style anchor; function-specific seed if needed,C:\hades\Hecton8\Docs\Reports\TextureGeneratorWorkpack_SHINOBU_361\Prompts\All_175_Targets\SHINOBU_361_HAND_075_MAT_family_creature_zone_abyss_apex_Albedo.txt,"Abyss apex creature zone albedo for the deepest high-threat biome. Create a majestic pressure-born surface with blue-black teal scale plates, opal white scar rims, cyan mineral veins, restrained amber sensory pores, and violet pressure gradients painted as material color. The texture should feel rare, powerful, and beautiful, like the territory of a top abyssal animal. Keep forms large, clean, and readable for zone identity. Use flat, top-down, orthogonal orthographic view, completely uniform diffuse lighting, zero directional shadows, perfect seamless tiling, no text watermark, no border, no perspective object scene."
SHINOBU_361_HAND_076,MAT_family_creature_zone_abyss_apex_Placeholder_Albedo.png,ALBEDO,HABITAT_INTERIORS,MAT_family_creature_zone_abyss_apex_Placeholder_Albedo.png,C:\hades\Hecton8\Docs\ArtDrop\SHINOBU_361\All_175_Targets\SHINOBU_361_HAND_076_MAT_family_creature_zone_abyss_apex_Placeholder_Albedo,C:\hades\Hecton8\Assets\_Project\Art\TEXTURES\Generated\SHINOBU_361\HABITAT_INTERIORS\MAT_family_creature_zone_abyss_apex_Placeholder_Albedo.png,LOOKDEV_APPROVED_REF_SEED_001.png; approved floor/wall style anchor; function-specific seed if needed,C:\hades\Hecton8\Docs\Reports\TextureGeneratorWorkpack_SHINOBU_361\Prompts\All_175_Targets\SHINOBU_361_HAND_076_MAT_family_creature_zone_abyss_apex_Placeholder_Albedo.txt,"Replacement albedo for abyss apex zone placeholder. Build a refined high-pressure ecology marker with deep petrol teal biological armor, pale opal ridge dust, thin cyan vein geometry, amber pore constellations, and soft violet undertones. It should read as apex territory at a glance while staying elegant enough for an AAA underwater environment. Use flat, top-down, orthogonal orthographic view, completely uniform diffuse lighting, zero directional shadows, perfect seamless tiling, no text watermark, no border, no perspective object scene."
SHINOBU_361_HAND_077,MAT_family_creature_zone_large_threat_Albedo.png,ALBEDO,HABITAT_INTERIORS,MAT_family_creature_zone_large_threat_Albedo.png,C:\hades\Hecton8\Docs\ArtDrop\SHINOBU_361\All_175_Targets\SHINOBU_361_HAND_077_MAT_family_creature_zone_large_threat_Albedo,C:\hades\Hecton8\Assets\_Project\Art\TEXTURES\Generated\SHINOBU_361\HABITAT_INTERIORS\MAT_family_creature_zone_large_threat_Albedo.png,LOOKDEV_APPROVED_REF_SEED_001.png; approved floor/wall style anchor; function-specific seed if needed,C:\hades\Hecton8\Docs\Reports\TextureGeneratorWorkpack_SHINOBU_361\Prompts\All_175_Targets\SHINOBU_361_HAND_077_MAT_family_creature_zone_large_threat_Albedo.txt,"Large threat creature zone albedo for Hecton open-water danger areas. Use strong readable biological patterning: graphite-teal plate fragments, pearl scrape trails, coral-red boundary strokes, amber sensory beads, and pale mineral silt caught in recesses. The result should feel like a territorial warning surface designed by nature, sharp and beautiful without visual clutter. Use flat, top-down, orthogonal orthographic view, completely uniform diffuse lighting, zero directional shadows, perfect seamless tiling, no text watermark, no border, no perspective object scene."
SHINOBU_361_HAND_078,MAT_family_creature_zone_large_threat_Placeholder_Albedo.png,ALBEDO,HABITAT_INTERIORS,MAT_family_creature_zone_large_threat_Placeholder_Albedo.png,C:\hades\Hecton8\Docs\ArtDrop\SHINOBU_361\All_175_Targets\SHINOBU_361_HAND_078_MAT_family_creature_zone_large_threat_Placeholder_Albedo,C:\hades\Hecton8\Assets\_Project\Art\TEXTURES\Generated\SHINOBU_361\HABITAT_INTERIORS\MAT_family_creature_zone_large_threat_Placeholder_Albedo.png,LOOKDEV_APPROVED_REF_SEED_001.png; approved floor/wall style anchor; function-specific seed if needed,C:\hades\Hecton8\Docs\Reports\TextureGeneratorWorkpack_SHINOBU_361\Prompts\All_175_Targets\SHINOBU_361_HAND_078_MAT_family_creature_zone_large_threat_Placeholder_Albedo.txt,"Replacement albedo for large threat zone placeholder. Create a clean danger-biome tile with deep teal biological plating, coral linear warning motifs, opal chipped edges, amber dot clusters, and blue-gray seabed silt. It should be clear and game-readable, with premium material taste and restrained contrast that works in underwater lighting. Use flat, top-down, orthogonal orthographic view, completely uniform diffuse lighting, zero directional shadows, perfect seamless tiling, no text watermark, no border, no perspective object scene."
SHINOBU_361_HAND_079,MAT_family_creature_zone_reef_apex_Albedo.png,ALBEDO,HABITAT_INTERIORS,MAT_family_creature_zone_reef_apex_Albedo.png,C:\hades\Hecton8\Docs\ArtDrop\SHINOBU_361\All_175_Targets\SHINOBU_361_HAND_079_MAT_family_creature_zone_reef_apex_Albedo,C:\hades\Hecton8\Assets\_Project\Art\TEXTURES\Generated\SHINOBU_361\HABITAT_INTERIORS\MAT_family_creature_zone_reef_apex_Albedo.png,LOOKDEV_APPROVED_REF_SEED_001.png; approved floor/wall style anchor; function-specific seed if needed,C:\hades\Hecton8\Docs\Reports\TextureGeneratorWorkpack_SHINOBU_361\Prompts\All_175_Targets\SHINOBU_361_HAND_079_MAT_family_creature_zone_reef_apex_Albedo.txt,"Reef apex creature zone albedo for a powerful predator that belongs to coral ecology. Combine ivory coral fragments, teal scale traces, pearl shell dust, warm amber sensory pores, and restrained rose-violet biological markings. The texture should feel dangerous but beautiful, integrated with reef life rather than separate from it. Keep large forms readable and color-coded for zone recognition. Use flat, top-down, orthogonal orthographic view, completely uniform diffuse lighting, zero directional shadows, perfect seamless tiling, no text watermark, no border, no perspective object scene."
SHINOBU_361_HAND_080,MAT_family_creature_zone_reef_apex_Placeholder_Albedo.png,ALBEDO,HABITAT_INTERIORS,MAT_family_creature_zone_reef_apex_Placeholder_Albedo.png,C:\hades\Hecton8\Docs\ArtDrop\SHINOBU_361\All_175_Targets\SHINOBU_361_HAND_080_MAT_family_creature_zone_reef_apex_Placeholder_Albedo,C:\hades\Hecton8\Assets\_Project\Art\TEXTURES\Generated\SHINOBU_361\HABITAT_INTERIORS\MAT_family_creature_zone_reef_apex_Placeholder_Albedo.png,LOOKDEV_APPROVED_REF_SEED_001.png; approved floor/wall style anchor; function-specific seed if needed,C:\hades\Hecton8\Docs\Reports\TextureGeneratorWorkpack_SHINOBU_361\Prompts\All_175_Targets\SHINOBU_361_HAND_080_MAT_family_creature_zone_reef_apex_Placeholder_Albedo.txt,"Replacement albedo for reef apex zone placeholder. Build a premium reef-threat marker with porcelain coral plates, teal biological armor strips, amber pore constellations, pale sediment dust, and soft coral-pink edge blush. The material should guide the player with elegant warning biology while staying compatible with the flora palette. Use flat, top-down, orthogonal orthographic view, completely uniform diffuse lighting, zero directional shadows, perfect seamless tiling, no text watermark, no border, no perspective object scene."
SHINOBU_361_HAND_081,MAT_family_creature_zone_ruin_apex_Albedo.png,ALBEDO,HABITAT_INTERIORS,MAT_family_creature_zone_ruin_apex_Albedo.png,C:\hades\Hecton8\Docs\ArtDrop\SHINOBU_361\All_175_Targets\SHINOBU_361_HAND_081_MAT_family_creature_zone_ruin_apex_Albedo,C:\hades\Hecton8\Assets\_Project\Art\TEXTURES\Generated\SHINOBU_361\HABITAT_INTERIORS\MAT_family_creature_zone_ruin_apex_Albedo.png,LOOKDEV_APPROVED_REF_SEED_001.png; approved floor/wall style anchor; function-specific seed if needed,C:\hades\Hecton8\Docs\Reports\TextureGeneratorWorkpack_SHINOBU_361\Prompts\All_175_Targets\SHINOBU_361_HAND_081_MAT_family_creature_zone_ruin_apex_Albedo.txt,"Ruin apex creature zone albedo for top predators around ancient structures. Blend satin graphite ruin fragments, teal biological scale traces, pearl mineral dust, amber sensor-like pores, and faded off-white ceramic chips. The texture should feel like apex territory crossing old engineered surfaces, elegant and readable rather than chaotic. Use a premium ruin-meets-biology palette that connects world lore and gameplay danger. Use flat, top-down, orthogonal orthographic view, completely uniform diffuse lighting, zero directional shadows, perfect seamless tiling, no text watermark, no border, no perspective object scene."
SHINOBU_361_HAND_082,MAT_family_creature_zone_ruin_apex_Placeholder_Albedo.png,ALBEDO,HABITAT_INTERIORS,MAT_family_creature_zone_ruin_apex_Placeholder_Albedo.png,C:\hades\Hecton8\Docs\ArtDrop\SHINOBU_361\All_175_Targets\SHINOBU_361_HAND_082_MAT_family_creature_zone_ruin_apex_Placeholder_Albedo,C:\hades\Hecton8\Assets\_Project\Art\TEXTURES\Generated\SHINOBU_361\HABITAT_INTERIORS\MAT_family_creature_zone_ruin_apex_Placeholder_Albedo.png,LOOKDEV_APPROVED_REF_SEED_001.png; approved floor/wall style anchor; function-specific seed if needed,C:\hades\Hecton8\Docs\Reports\TextureGeneratorWorkpack_SHINOBU_361\Prompts\All_175_Targets\SHINOBU_361_HAND_082_MAT_family_creature_zone_ruin_apex_Placeholder_Albedo.txt,"Replacement albedo for ruin apex zone placeholder. Create a clean tile of ancient ceramic fragments, graphite machine ribs, teal scale residue, pale mineral dust, and warm amber pore marks. The material should clearly say high-level creature territory inside a ruined engineered site, with attractive shape hierarchy and restrained color. Use flat, top-down, orthogonal orthographic view, completely uniform diffuse lighting, zero directional shadows, perfect seamless tiling, no text watermark, no border, no perspective object scene."
SHINOBU_361_HAND_083,MAT_family_debris_field_Albedo.png,ALBEDO,HABITAT_INTERIORS,MAT_family_debris_field_Albedo.png,C:\hades\Hecton8\Docs\ArtDrop\SHINOBU_361\All_175_Targets\SHINOBU_361_HAND_083_MAT_family_debris_field_Albedo,C:\hades\Hecton8\Assets\_Project\Art\TEXTURES\Generated\SHINOBU_361\HABITAT_INTERIORS\MAT_family_debris_field_Albedo.png,LOOKDEV_APPROVED_REF_SEED_001.png; approved floor/wall style anchor; function-specific seed if needed,C:\hades\Hecton8\Docs\Reports\TextureGeneratorWorkpack_SHINOBU_361\Prompts\All_175_Targets\SHINOBU_361_HAND_083_MAT_family_debris_field_Albedo.txt,"Debris field family albedo for HECTON-8 exploration spaces. Create a premium scatter material with off-white ceramic habitat chips, satin titanium slivers, graphite gasket scraps, pearl sediment, teal paint flecks, and tiny amber emergency-plastic fragments. The surface should tell a story of engineered material carried by currents while remaining clean, readable, and beautiful in aggregate. Use flat, top-down, orthogonal orthographic view, completely uniform diffuse lighting, zero directional shadows, perfect seamless tiling, no text watermark, no border, no perspective object scene."
SHINOBU_361_HAND_084,MAT_family_debris_field_Placeholder_Albedo.png,ALBEDO,HABITAT_INTERIORS,MAT_family_debris_field_Placeholder_Albedo.png,C:\hades\Hecton8\Docs\ArtDrop\SHINOBU_361\All_175_Targets\SHINOBU_361_HAND_084_MAT_family_debris_field_Placeholder_Albedo,C:\hades\Hecton8\Assets\_Project\Art\TEXTURES\Generated\SHINOBU_361\HABITAT_INTERIORS\MAT_family_debris_field_Placeholder_Albedo.png,LOOKDEV_APPROVED_REF_SEED_001.png; approved floor/wall style anchor; function-specific seed if needed,C:\hades\Hecton8\Docs\Reports\TextureGeneratorWorkpack_SHINOBU_361\Prompts\All_175_Targets\SHINOBU_361_HAND_084_MAT_family_debris_field_Placeholder_Albedo.txt,"Replacement albedo for debris field placeholder. Build a clean current-sorted scatter of pearl sediment, off-white pressure-panel fragments, teal paint chips, graphite seal strips, and brushed metal flecks. It should work as a readable world-runtime material, giving debris zones a premium HECTON-8 identity without cluttering gameplay visibility. Use flat, top-down, orthogonal orthographic view, completely uniform diffuse lighting, zero directional shadows, perfect seamless tiling, no text watermark, no border, no perspective object scene."
SHINOBU_361_HAND_085,MAT_family_debris_scatter_Albedo.png,ALBEDO,HABITAT_INTERIORS,MAT_family_debris_scatter_Albedo.png,C:\hades\Hecton8\Docs\ArtDrop\SHINOBU_361\All_175_Targets\SHINOBU_361_HAND_085_MAT_family_debris_scatter_Albedo,C:\hades\Hecton8\Assets\_Project\Art\TEXTURES\Generated\SHINOBU_361\HABITAT_INTERIORS\MAT_family_debris_scatter_Albedo.png,LOOKDEV_APPROVED_REF_SEED_001.png; approved floor/wall style anchor; function-specific seed if needed,C:\hades\Hecton8\Docs\Reports\TextureGeneratorWorkpack_SHINOBU_361\Prompts\All_175_Targets\SHINOBU_361_HAND_085_MAT_family_debris_scatter_Albedo.txt,"Debris scatter albedo for small repeated HECTON-8 fragments. Create sparse readable chips of ceramic white, satin titanium, graphite gasket rubber, teal paint, amber safety plastic, and pale mineral dust. The material should tile lightly, suitable for small prop scatter or ground overlay, with enough negative space and clean material separation. Use flat, top-down, orthogonal orthographic view, completely uniform diffuse lighting, zero directional shadows, perfect seamless tiling, no text watermark, no border, no perspective object scene."
SHINOBU_361_HAND_086,MAT_family_debris_scatter_Placeholder_Albedo.png,ALBEDO,HABITAT_INTERIORS,MAT_family_debris_scatter_Placeholder_Albedo.png,C:\hades\Hecton8\Docs\ArtDrop\SHINOBU_361\All_175_Targets\SHINOBU_361_HAND_086_MAT_family_debris_scatter_Placeholder_Albedo,C:\hades\Hecton8\Assets\_Project\Art\TEXTURES\Generated\SHINOBU_361\HABITAT_INTERIORS\MAT_family_debris_scatter_Placeholder_Albedo.png,LOOKDEV_APPROVED_REF_SEED_001.png; approved floor/wall style anchor; function-specific seed if needed,C:\hades\Hecton8\Docs\Reports\TextureGeneratorWorkpack_SHINOBU_361\Prompts\All_175_Targets\SHINOBU_361_HAND_086_MAT_family_debris_scatter_Placeholder_Albedo.txt,"Replacement albedo for debris scatter placeholder. Make a sparse high-quality texture of tiny expedition-material fragments: pearl ceramic flakes, teal coating shards, graphite rubber crumbs, brushed titanium specks, and pale sediment. It should feel intentionally art-directed and tile without forming obvious repeated clusters. Use flat, top-down, orthogonal orthographic view, completely uniform diffuse lighting, zero directional shadows, perfect seamless tiling, no text watermark, no border, no perspective object scene."
SHINOBU_361_HAND_087,MAT_family_egg_cluster_Albedo.png,ALBEDO,HABITAT_INTERIORS,MAT_family_egg_cluster_Albedo.png,C:\hades\Hecton8\Docs\ArtDrop\SHINOBU_361\All_175_Targets\SHINOBU_361_HAND_087_MAT_family_egg_cluster_Albedo,C:\hades\Hecton8\Assets\_Project\Art\TEXTURES\Generated\SHINOBU_361\HABITAT_INTERIORS\MAT_family_egg_cluster_Albedo.png,LOOKDEV_APPROVED_REF_SEED_001.png; approved floor/wall style anchor; function-specific seed if needed,C:\hades\Hecton8\Docs\Reports\TextureGeneratorWorkpack_SHINOBU_361\Prompts\All_175_Targets\SHINOBU_361_HAND_087_MAT_family_egg_cluster_Albedo.txt,"Egg cluster family albedo for alien Hecton fauna, designed as valuable biology instead of shock imagery. Create pearly translucent egg capsules, jade membrane cords, soft coral-pink internal glow, tiny amber nutrient dots, and opal shell dust between rounded forms. The texture should feel strange, collectible, and beautiful, with clear clusters and premium material taste. Use flat, top-down, orthogonal orthographic view, completely uniform diffuse lighting, zero directional shadows, perfect seamless tiling, no text watermark, no border, no perspective object scene."
SHINOBU_361_HAND_088,MAT_family_egg_cluster_Placeholder_Albedo.png,ALBEDO,HABITAT_INTERIORS,MAT_family_egg_cluster_Placeholder_Albedo.png,C:\hades\Hecton8\Docs\ArtDrop\SHINOBU_361\All_175_Targets\SHINOBU_361_HAND_088_MAT_family_egg_cluster_Placeholder_Albedo,C:\hades\Hecton8\Assets\_Project\Art\TEXTURES\Generated\SHINOBU_361\HABITAT_INTERIORS\MAT_family_egg_cluster_Placeholder_Albedo.png,LOOKDEV_APPROVED_REF_SEED_001.png; approved floor/wall style anchor; function-specific seed if needed,C:\hades\Hecton8\Docs\Reports\TextureGeneratorWorkpack_SHINOBU_361\Prompts\All_175_Targets\SHINOBU_361_HAND_088_MAT_family_egg_cluster_Placeholder_Albedo.txt,"Replacement albedo for egg cluster placeholder. Build a refined biological cluster with opal-white capsules, pale teal membrane webbing, coral-pink internal color, amber nutrient beads, and pearl sediment around the base. The material should be readable as alien reproduction ecology while staying elegant and usable in a broad adventure scene. Use flat, top-down, orthogonal orthographic view, completely uniform diffuse lighting, zero directional shadows, perfect seamless tiling, no text watermark, no border, no perspective object scene."
SHINOBU_361_HAND_089,MAT_family_landmark_spire_Albedo.png,ALBEDO,HABITAT_INTERIORS,MAT_family_landmark_spire_Albedo.png,C:\hades\Hecton8\Docs\ArtDrop\SHINOBU_361\All_175_Targets\SHINOBU_361_HAND_089_MAT_family_landmark_spire_Albedo,C:\hades\Hecton8\Assets\_Project\Art\TEXTURES\Generated\SHINOBU_361\HABITAT_INTERIORS\MAT_family_landmark_spire_Albedo.png,LOOKDEV_APPROVED_REF_SEED_001.png; approved floor/wall style anchor; function-specific seed if needed,C:\hades\Hecton8\Docs\Reports\TextureGeneratorWorkpack_SHINOBU_361\Prompts\All_175_Targets\SHINOBU_361_HAND_089_MAT_family_landmark_spire_Albedo.txt,"Landmark spire family albedo for world proxy materials in HECTON-8. Create a refined vertical mineral-and-structure skin with satin graphite ribs, off-white ceramic relic plates, opal teal mineral seams, pale sediment dust, and tiny amber survey marker flecks. It should identify a memorable navigation landmark, bridging engineered history and natural abyssal mineral growth. Use flat, top-down, orthogonal orthographic view, completely uniform diffuse lighting, zero directional shadows, perfect seamless tiling, no text watermark, no border, no perspective object scene."
SHINOBU_361_HAND_090,MAT_family_pocket_hazard_Albedo.png,ALBEDO,HABITAT_INTERIORS,MAT_family_pocket_hazard_Albedo.png,C:\hades\Hecton8\Docs\ArtDrop\SHINOBU_361\All_175_Targets\SHINOBU_361_HAND_090_MAT_family_pocket_hazard_Albedo,C:\hades\Hecton8\Assets\_Project\Art\TEXTURES\Generated\SHINOBU_361\HABITAT_INTERIORS\MAT_family_pocket_hazard_Albedo.png,LOOKDEV_APPROVED_REF_SEED_001.png; approved floor/wall style anchor; function-specific seed if needed,C:\hades\Hecton8\Docs\Reports\TextureGeneratorWorkpack_SHINOBU_361\Prompts\All_175_Targets\SHINOBU_361_HAND_090_MAT_family_pocket_hazard_Albedo.txt,"Hazard pocket family albedo for dangerous micro-areas in the HECTON-8 world. Use clean coral-red mineral warning bands, amber sulfur crystals, graphite basalt chips, pale salt crust, and teal pressure-fluid stains arranged as a readable environmental caution pattern. It should signal risk through color and material identity while still looking like a beautiful natural-technical pocket. Use flat, top-down, orthogonal orthographic view, completely uniform diffuse lighting, zero directional shadows, perfect seamless tiling, no text watermark, no border, no perspective object scene."
SHINOBU_361_HAND_091,MAT_family_pocket_hazard_Placeholder_Albedo.png,ALBEDO,HABITAT_INTERIORS,MAT_family_pocket_hazard_Placeholder_Albedo.png,C:\hades\Hecton8\Docs\ArtDrop\SHINOBU_361\All_175_Targets\SHINOBU_361_HAND_091_MAT_family_pocket_hazard_Placeholder_Albedo,C:\hades\Hecton8\Assets\_Project\Art\TEXTURES\Generated\SHINOBU_361\HABITAT_INTERIORS\MAT_family_pocket_hazard_Placeholder_Albedo.png,LOOKDEV_APPROVED_REF_SEED_001.png; approved floor/wall style anchor; function-specific seed if needed,C:\hades\Hecton8\Docs\Reports\TextureGeneratorWorkpack_SHINOBU_361\Prompts\All_175_Targets\SHINOBU_361_HAND_091_MAT_family_pocket_hazard_Placeholder_Albedo.txt,"Replacement albedo for hazard pocket placeholder. Create a polished danger-zone material with amber crystal clusters, coral-red mineral veining, pale salt films, graphite stone chips, and cyan fluid residue. The tile should be game-readable at a glance and attractive close up, with a premium expedition geology palette. Use flat, top-down, orthogonal orthographic view, completely uniform diffuse lighting, zero directional shadows, perfect seamless tiling, no text watermark, no border, no perspective object scene."
SHINOBU_361_HAND_092,MAT_family_pocket_resource_Albedo.png,ALBEDO,HABITAT_INTERIORS,MAT_family_pocket_resource_Albedo.png,C:\hades\Hecton8\Docs\ArtDrop\SHINOBU_361\All_175_Targets\SHINOBU_361_HAND_092_MAT_family_pocket_resource_Albedo,C:\hades\Hecton8\Assets\_Project\Art\TEXTURES\Generated\SHINOBU_361\HABITAT_INTERIORS\MAT_family_pocket_resource_Albedo.png,LOOKDEV_APPROVED_REF_SEED_001.png; approved floor/wall style anchor; function-specific seed if needed,C:\hades\Hecton8\Docs\Reports\TextureGeneratorWorkpack_SHINOBU_361\Prompts\All_175_Targets\SHINOBU_361_HAND_092_MAT_family_pocket_resource_Albedo.txt,"Resource pocket family albedo for valuable Hecton collection zones. Create an attractive deposit texture with pearl sediment, opal cyan mineral seams, warm amber resin beads, silver-white silica flecks, muted copper inclusions, and clean teal survey dust. The material should feel rewarding and legible, like a rich pocket a player wants to inspect. Use flat, top-down, orthogonal orthographic view, completely uniform diffuse lighting, zero directional shadows, perfect seamless tiling, no text watermark, no border, no perspective object scene."
SHINOBU_361_HAND_093,MAT_family_pocket_resource_Placeholder_Albedo.png,ALBEDO,HABITAT_INTERIORS,MAT_family_pocket_resource_Placeholder_Albedo.png,C:\hades\Hecton8\Docs\ArtDrop\SHINOBU_361\All_175_Targets\SHINOBU_361_HAND_093_MAT_family_pocket_resource_Placeholder_Albedo,C:\hades\Hecton8\Assets\_Project\Art\TEXTURES\Generated\SHINOBU_361\HABITAT_INTERIORS\MAT_family_pocket_resource_Placeholder_Albedo.png,LOOKDEV_APPROVED_REF_SEED_001.png; approved floor/wall style anchor; function-specific seed if needed,C:\hades\Hecton8\Docs\Reports\TextureGeneratorWorkpack_SHINOBU_361\Prompts\All_175_Targets\SHINOBU_361_HAND_093_MAT_family_pocket_resource_Placeholder_Albedo.txt,"Replacement albedo for resource pocket placeholder. Build a clean collectible-zone texture with pale mineral dust, opal blue seams, tiny copper glints, pearl silica chips, amber resin droplets, and soft teal scan residue. It should communicate value through beautiful material contrast and organized clusters. Use flat, top-down, orthogonal orthographic view, completely uniform diffuse lighting, zero directional shadows, perfect seamless tiling, no text watermark, no border, no perspective object scene."
SHINOBU_361_HAND_094,MAT_family_pocket_safe_Albedo.png,ALBEDO,HABITAT_INTERIORS,MAT_family_pocket_safe_Albedo.png,C:\hades\Hecton8\Docs\ArtDrop\SHINOBU_361\All_175_Targets\SHINOBU_361_HAND_094_MAT_family_pocket_safe_Albedo,C:\hades\Hecton8\Assets\_Project\Art\TEXTURES\Generated\SHINOBU_361\HABITAT_INTERIORS\MAT_family_pocket_safe_Albedo.png,LOOKDEV_APPROVED_REF_SEED_001.png; approved floor/wall style anchor; function-specific seed if needed,C:\hades\Hecton8\Docs\Reports\TextureGeneratorWorkpack_SHINOBU_361\Prompts\All_175_Targets\SHINOBU_361_HAND_094_MAT_family_pocket_safe_Albedo.txt,"Safe pocket family albedo for calm shelter or low-risk exploration zones. Create a bright underwater refuge material with warm off-white sediment, soft teal mineral rings, pearly shell dust, gentle jade membrane traces, and tiny amber comfort markers. It should feel safe, breathable, and beautiful, supporting player orientation without looking sterile. Use broad clean shapes and a relaxed premium palette. Use flat, top-down, orthogonal orthographic view, completely uniform diffuse lighting, zero directional shadows, perfect seamless tiling, no text watermark, no border, no perspective object scene."
SHINOBU_361_HAND_095,MAT_family_pocket_safe_Placeholder_Albedo.png,ALBEDO,HABITAT_INTERIORS,MAT_family_pocket_safe_Placeholder_Albedo.png,C:\hades\Hecton8\Docs\ArtDrop\SHINOBU_361\All_175_Targets\SHINOBU_361_HAND_095_MAT_family_pocket_safe_Placeholder_Albedo,C:\hades\Hecton8\Assets\_Project\Art\TEXTURES\Generated\SHINOBU_361\HABITAT_INTERIORS\MAT_family_pocket_safe_Placeholder_Albedo.png,LOOKDEV_APPROVED_REF_SEED_001.png; approved floor/wall style anchor; function-specific seed if needed,C:\hades\Hecton8\Docs\Reports\TextureGeneratorWorkpack_SHINOBU_361\Prompts\All_175_Targets\SHINOBU_361_HAND_095_MAT_family_pocket_safe_Placeholder_Albedo.txt,"Replacement albedo for safe pocket placeholder. Make a clean refuge-zone tile with pearl sediment, pale teal circular mineral patterns, soft jade biological traces, cream shell fragments, and tiny warm amber guide dots. The material should read as inviting and stable, with enough texture richness to avoid flatness and enough calm space for gameplay clarity. Use flat, top-down, orthogonal orthographic view, completely uniform diffuse lighting, zero directional shadows, perfect seamless tiling, no text watermark, no border, no perspective object scene."
SHINOBU_361_HAND_096,MAT_family_route_power_Albedo.png,ALBEDO,HABITAT_INTERIORS,MAT_family_route_power_Albedo.png,C:\hades\Hecton8\Docs\ArtDrop\SHINOBU_361\All_175_Targets\SHINOBU_361_HAND_096_MAT_family_route_power_Albedo,C:\hades\Hecton8\Assets\_Project\Art\TEXTURES\Generated\SHINOBU_361\HABITAT_INTERIORS\MAT_family_route_power_Albedo.png,LOOKDEV_APPROVED_REF_SEED_001.png; approved floor/wall style anchor; function-specific seed if needed,C:\hades\Hecton8\Docs\Reports\TextureGeneratorWorkpack_SHINOBU_361\Prompts\All_175_Targets\SHINOBU_361_HAND_096_MAT_family_route_power_Albedo.txt,"Route power family albedo for HECTON-8 traversal guidance and energized infrastructure. Create a clean material with warm off-white cable housings, satin titanium conduit ribs, teal energy-routing paint, amber capacitor dots, graphite insulation bands, and pale salt dust caught along seam edges. The texture should clearly imply powered route infrastructure without becoming a glowing billboard. Keep the design premium, readable, and modular for repeated world use. Use flat, top-down, orthogonal orthographic view, completely uniform diffuse lighting, zero directional shadows, perfect seamless tiling, no text watermark, no border, no perspective object scene."
SHINOBU_361_HAND_097,MAT_family_route_power_Placeholder_Albedo.png,ALBEDO,HABITAT_INTERIORS,MAT_family_route_power_Placeholder_Albedo.png,C:\hades\Hecton8\Docs\ArtDrop\SHINOBU_361\All_175_Targets\SHINOBU_361_HAND_097_MAT_family_route_power_Placeholder_Albedo,C:\hades\Hecton8\Assets\_Project\Art\TEXTURES\Generated\SHINOBU_361\HABITAT_INTERIORS\MAT_family_route_power_Placeholder_Albedo.png,LOOKDEV_APPROVED_REF_SEED_001.png; approved floor/wall style anchor; function-specific seed if needed,C:\hades\Hecton8\Docs\Reports\TextureGeneratorWorkpack_SHINOBU_361\Prompts\All_175_Targets\SHINOBU_361_HAND_097_MAT_family_route_power_Placeholder_Albedo.txt,"Replacement albedo for route power placeholder. Build a tidy power-routing tile with pearl ceramic cable panels, teal linework, amber node markers, graphite gasket strips, and brushed metal pinrails. It should guide the player through infrastructure spaces with a refined engineering look, suitable for modular construction surfaces and runtime markers. Use flat, top-down, orthogonal orthographic view, completely uniform diffuse lighting, zero directional shadows, perfect seamless tiling, no text watermark, no border, no perspective object scene."
SHINOBU_361_HAND_098,MAT_family_ruin_cluster_medium_Albedo.png,ALBEDO,HABITAT_INTERIORS,MAT_family_ruin_cluster_medium_Albedo.png,C:\hades\Hecton8\Docs\ArtDrop\SHINOBU_361\All_175_Targets\SHINOBU_361_HAND_098_MAT_family_ruin_cluster_medium_Albedo,C:\hades\Hecton8\Assets\_Project\Art\TEXTURES\Generated\SHINOBU_361\HABITAT_INTERIORS\MAT_family_ruin_cluster_medium_Albedo.png,LOOKDEV_APPROVED_REF_SEED_001.png; approved floor/wall style anchor; function-specific seed if needed,C:\hades\Hecton8\Docs\Reports\TextureGeneratorWorkpack_SHINOBU_361\Prompts\All_175_Targets\SHINOBU_361_HAND_098_MAT_family_ruin_cluster_medium_Albedo.txt,"Medium ruin cluster family albedo for HECTON-8 ancient engineered fragments. Use off-white ceramic relic plates, satin graphite internal ribs, opal teal mineral growth in seams, pearl sediment dust, and sparse amber survey flecks. The material should feel like valuable ruins discovered under pressure: elegant, readable, and integrated with ocean mineralization. Keep broken shapes organized and premium rather than noisy. Use flat, top-down, orthogonal orthographic view, completely uniform diffuse lighting, zero directional shadows, perfect seamless tiling, no text watermark, no border, no perspective object scene."
SHINOBU_361_HAND_099,MAT_family_ruin_cluster_medium_Placeholder_Albedo.png,ALBEDO,HABITAT_INTERIORS,MAT_family_ruin_cluster_medium_Placeholder_Albedo.png,C:\hades\Hecton8\Docs\ArtDrop\SHINOBU_361\All_175_Targets\SHINOBU_361_HAND_099_MAT_family_ruin_cluster_medium_Placeholder_Albedo,C:\hades\Hecton8\Assets\_Project\Art\TEXTURES\Generated\SHINOBU_361\HABITAT_INTERIORS\MAT_family_ruin_cluster_medium_Placeholder_Albedo.png,LOOKDEV_APPROVED_REF_SEED_001.png; approved floor/wall style anchor; function-specific seed if needed,C:\hades\Hecton8\Docs\Reports\TextureGeneratorWorkpack_SHINOBU_361\Prompts\All_175_Targets\SHINOBU_361_HAND_099_MAT_family_ruin_cluster_medium_Placeholder_Albedo.txt,"Replacement albedo for medium ruin cluster placeholder. Create a clean cluster texture of pale ceramic ruin tiles, graphite machine-edge fragments, teal mineral seams, pearl dust, and amber marker flecks. The result should sell old technical architecture without losing readability on small meshes. Use clear large fragments first and fine mineral detail second. Use flat, top-down, orthogonal orthographic view, completely uniform diffuse lighting, zero directional shadows, perfect seamless tiling, no text watermark, no border, no perspective object scene."
SHINOBU_361_HAND_100,MAT_family_ruin_megastructure_Albedo.png,ALBEDO,HABITAT_INTERIORS,MAT_family_ruin_megastructure_Albedo.png,C:\hades\Hecton8\Docs\ArtDrop\SHINOBU_361\All_175_Targets\SHINOBU_361_HAND_100_MAT_family_ruin_megastructure_Albedo,C:\hades\Hecton8\Assets\_Project\Art\TEXTURES\Generated\SHINOBU_361\HABITAT_INTERIORS\MAT_family_ruin_megastructure_Albedo.png,LOOKDEV_APPROVED_REF_SEED_001.png; approved floor/wall style anchor; function-specific seed if needed,C:\hades\Hecton8\Docs\Reports\TextureGeneratorWorkpack_SHINOBU_361\Prompts\All_175_Targets\SHINOBU_361_HAND_100_MAT_family_ruin_megastructure_Albedo.txt,"Ruin megastructure family albedo for monumental Hecton architecture. Create large off-white pressure-ceramic slabs, broad satin graphite structural bands, opal-cyan mineral rivers, pale sediment veils, and small amber survey registration marks. The texture should feel massive and noble, useful on giant ruin meshes and still beautiful up close. Use spacious shapes, clean value hierarchy, and restrained abyssal color. Use flat, top-down, orthogonal orthographic view, completely uniform diffuse lighting, zero directional shadows, perfect seamless tiling, no text watermark, no border, no perspective object scene."
SHINOBU_361_HAND_101,MAT_family_ruin_megastructure_Placeholder_Albedo.png,ALBEDO,HABITAT_INTERIORS,MAT_family_ruin_megastructure_Placeholder_Albedo.png,C:\hades\Hecton8\Docs\ArtDrop\SHINOBU_361\All_175_Targets\SHINOBU_361_HAND_101_MAT_family_ruin_megastructure_Placeholder_Albedo,C:\hades\Hecton8\Assets\_Project\Art\TEXTURES\Generated\SHINOBU_361\HABITAT_INTERIORS\MAT_family_ruin_megastructure_Placeholder_Albedo.png,LOOKDEV_APPROVED_REF_SEED_001.png; approved floor/wall style anchor; function-specific seed if needed,C:\hades\Hecton8\Docs\Reports\TextureGeneratorWorkpack_SHINOBU_361\Prompts\All_175_Targets\SHINOBU_361_HAND_101_MAT_family_ruin_megastructure_Placeholder_Albedo.txt,"Replacement albedo for ruin megastructure placeholder. Build a grand engineered ruin material with wide ceramic plate fields, graphite ribs, teal mineral seams, pearl silt deposits, and tiny amber locator remnants. It should read as ancient scale, high craft, and underwater preservation, with large calm forms suitable for huge surfaces. Use flat, top-down, orthogonal orthographic view, completely uniform diffuse lighting, zero directional shadows, perfect seamless tiling, no text watermark, no border, no perspective object scene."
SHINOBU_361_HAND_102,MAT_family_ruin_module_single_Albedo.png,ALBEDO,HABITAT_INTERIORS,MAT_family_ruin_module_single_Albedo.png,C:\hades\Hecton8\Docs\ArtDrop\SHINOBU_361\All_175_Targets\SHINOBU_361_HAND_102_MAT_family_ruin_module_single_Albedo,C:\hades\Hecton8\Assets\_Project\Art\TEXTURES\Generated\SHINOBU_361\HABITAT_INTERIORS\MAT_family_ruin_module_single_Albedo.png,LOOKDEV_APPROVED_REF_SEED_001.png; approved floor/wall style anchor; function-specific seed if needed,C:\hades\Hecton8\Docs\Reports\TextureGeneratorWorkpack_SHINOBU_361\Prompts\All_175_Targets\SHINOBU_361_HAND_102_MAT_family_ruin_module_single_Albedo.txt,"Single ruin module family albedo for smaller ancient structure pieces. Create a modular tile of pale ceramic panels, graphite underframe strips, teal mineral edge deposits, pearl dust, and small amber alignment marks. It should look like one recovered piece of high-end ocean technology, usable on compact props and modular fragments. Keep the design clean, specific, and readable. Use flat, top-down, orthogonal orthographic view, completely uniform diffuse lighting, zero directional shadows, perfect seamless tiling, no text watermark, no border, no perspective object scene."
SHINOBU_361_HAND_103,MAT_family_ruin_module_single_Placeholder_Albedo.png,ALBEDO,HABITAT_INTERIORS,MAT_family_ruin_module_single_Placeholder_Albedo.png,C:\hades\Hecton8\Docs\ArtDrop\SHINOBU_361\All_175_Targets\SHINOBU_361_HAND_103_MAT_family_ruin_module_single_Placeholder_Albedo,C:\hades\Hecton8\Assets\_Project\Art\TEXTURES\Generated\SHINOBU_361\HABITAT_INTERIORS\MAT_family_ruin_module_single_Placeholder_Albedo.png,LOOKDEV_APPROVED_REF_SEED_001.png; approved floor/wall style anchor; function-specific seed if needed,C:\hades\Hecton8\Docs\Reports\TextureGeneratorWorkpack_SHINOBU_361\Prompts\All_175_Targets\SHINOBU_361_HAND_103_MAT_family_ruin_module_single_Placeholder_Albedo.txt,"Replacement albedo for single ruin module placeholder. Make a compact engineered relic texture with off-white ceramic access plates, graphite gasket channels, teal mineral growth along seams, pearl sediment dust, and amber calibration flecks. The material should upgrade a simple proxy into a readable preserved technology fragment. Use flat, top-down, orthogonal orthographic view, completely uniform diffuse lighting, zero directional shadows, perfect seamless tiling, no text watermark, no border, no perspective object scene."
SHINOBU_361_HAND_104,MAT_family_service_scar_Albedo.png,ALBEDO,HABITAT_INTERIORS,MAT_family_service_scar_Albedo.png,C:\hades\Hecton8\Docs\ArtDrop\SHINOBU_361\All_175_Targets\SHINOBU_361_HAND_104_MAT_family_service_scar_Albedo,C:\hades\Hecton8\Assets\_Project\Art\TEXTURES\Generated\SHINOBU_361\HABITAT_INTERIORS\MAT_family_service_scar_Albedo.png,LOOKDEV_APPROVED_REF_SEED_001.png; approved floor/wall style anchor; function-specific seed if needed,C:\hades\Hecton8\Docs\Reports\TextureGeneratorWorkpack_SHINOBU_361\Prompts\All_175_Targets\SHINOBU_361_HAND_104_MAT_family_service_scar_Albedo.txt,"Service scar family albedo for repaired HECTON-8 surfaces and old maintenance marks. Create warm off-white pressure coating, satin titanium patch plates, teal inspection paint, amber sealant dots, graphite gasket scars, and pale salt dust gathered along repair edges. The surface should feel maintained and useful, showing history without looking neglected. Make the repaired areas attractive, precise, and readable. Use flat, top-down, orthogonal orthographic view, completely uniform diffuse lighting, zero directional shadows, perfect seamless tiling, no text watermark, no border, no perspective object scene."
SHINOBU_361_HAND_105,MAT_family_service_scar_Placeholder_Albedo.png,ALBEDO,HABITAT_INTERIORS,MAT_family_service_scar_Placeholder_Albedo.png,C:\hades\Hecton8\Docs\ArtDrop\SHINOBU_361\All_175_Targets\SHINOBU_361_HAND_105_MAT_family_service_scar_Placeholder_Albedo,C:\hades\Hecton8\Assets\_Project\Art\TEXTURES\Generated\SHINOBU_361\HABITAT_INTERIORS\MAT_family_service_scar_Placeholder_Albedo.png,LOOKDEV_APPROVED_REF_SEED_001.png; approved floor/wall style anchor; function-specific seed if needed,C:\hades\Hecton8\Docs\Reports\TextureGeneratorWorkpack_SHINOBU_361\Prompts\All_175_Targets\SHINOBU_361_HAND_105_MAT_family_service_scar_Placeholder_Albedo.txt,"Replacement albedo for service scar placeholder. Build a clean repair-history texture with ceramic coating, precise patch panels, teal inspection strokes, amber sealant beads, graphite gasket remnants, and controlled salt wear. It should read as professional maintenance inside a premium underwater base, with good PBR material separation. Use flat, top-down, orthogonal orthographic view, completely uniform diffuse lighting, zero directional shadows, perfect seamless tiling, no text watermark, no border, no perspective object scene."
SHINOBU_361_HAND_106,Mat_GasGiant_Emissive.png,SOURCE_TEXTURE,HABITAT_INTERIORS,Mat_GasGiant_Emissive.png,C:\hades\Hecton8\Docs\ArtDrop\SHINOBU_361\All_175_Targets\SHINOBU_361_HAND_106_Mat_GasGiant_Emissive,C:\hades\Hecton8\Assets\_Project\Art\TEXTURES\Generated\SHINOBU_361\HABITAT_INTERIORS\Mat_GasGiant_Emissive.png,LOOKDEV_APPROVED_REF_SEED_001.png; approved floor/wall style anchor; function-specific seed if needed,C:\hades\Hecton8\Docs\Reports\TextureGeneratorWorkpack_SHINOBU_361\Prompts\All_175_Targets\SHINOBU_361_HAND_106_Mat_GasGiant_Emissive.txt,"Gas giant emissive mask source for HECTON-8 sky presentation. Create a soft cinematic planet-light pattern with warm amber storm bands, pale cyan aurora arcs, pearl cloud glow islands, and restrained violet atmospheric veins. This should be an emissive mask source, not a scenic painting: clean shapes, flat values, no perspective planet sphere, no object scene. Use flat, top-down, orthogonal orthographic view, completely uniform diffuse lighting, zero directional shadows, perfect seamless tiling, no text watermark, no border, no perspective object scene."
SHINOBU_361_HAND_107,Mat_GasGiant_ORM.png,MASK_ORM,HABITAT_INTERIORS,Mat_GasGiant_ORM.png,C:\hades\Hecton8\Docs\ArtDrop\SHINOBU_361\All_175_Targets\SHINOBU_361_HAND_107_Mat_GasGiant_ORM,C:\hades\Hecton8\Assets\_Project\Art\TEXTURES\Generated\SHINOBU_361\HABITAT_INTERIORS\Mat_GasGiant_ORM.png,LOOKDEV_APPROVED_REF_SEED_001.png; approved floor/wall style anchor; function-specific seed if needed,C:\hades\Hecton8\Docs\Reports\TextureGeneratorWorkpack_SHINOBU_361\Prompts\All_175_Targets\SHINOBU_361_HAND_107_Mat_GasGiant_ORM.txt,"Packed ORM source for gas giant sky material. Red channel should describe soft occlusion in cloud-band troughs and storm eddies. Green channel should hold high roughness for diffuse atmospheric cloud and lower roughness only in smooth luminous aurora lanes. Blue channel should stay black because the gas giant is non-metallic. Keep the RGB mask abstract, clean, tileable if needed, and aligned to broad elegant atmospheric bands. Use flat, top-down, orthogonal orthographic view, completely uniform diffuse lighting, zero directional shadows, perfect seamless tiling, no text watermark, no border, no perspective object scene."
SHINOBU_361_HAND_108,Mat_HeavyHunterProxy_Albedo.png,ALBEDO,HABITAT_INTERIORS,Mat_HeavyHunterProxy_Albedo.png,C:\hades\Hecton8\Docs\ArtDrop\SHINOBU_361\All_175_Targets\SHINOBU_361_HAND_108_Mat_HeavyHunterProxy_Albedo,C:\hades\Hecton8\Assets\_Project\Art\TEXTURES\Generated\SHINOBU_361\HABITAT_INTERIORS\Mat_HeavyHunterProxy_Albedo.png,LOOKDEV_APPROVED_REF_SEED_001.png; approved floor/wall style anchor; function-specific seed if needed,C:\hades\Hecton8\Docs\Reports\TextureGeneratorWorkpack_SHINOBU_361\Prompts\All_175_Targets\SHINOBU_361_HAND_108_Mat_HeavyHunterProxy_Albedo.txt,"Heavy hunter proxy albedo for a large Hecton predator placeholder. Create a premium biological armor material with deep petrol-teal plates, pearl worn ridges, controlled coral-red pressure lines, amber sensory pores, and opal mineral dust along contact edges. It should read as powerful and intelligent while staying beautiful and game-readable on proxy geometry. Use flat, top-down, orthogonal orthographic view, completely uniform diffuse lighting, zero directional shadows, perfect seamless tiling, no text watermark, no border, no perspective object scene."
SHINOBU_361_HAND_109,Mat_HectonSky_Albedo.png,ALBEDO,HABITAT_INTERIORS,Mat_HectonSky_Albedo.png,C:\hades\Hecton8\Docs\ArtDrop\SHINOBU_361\All_175_Targets\SHINOBU_361_HAND_109_Mat_HectonSky_Albedo,C:\hades\Hecton8\Assets\_Project\Art\TEXTURES\Generated\SHINOBU_361\HABITAT_INTERIORS\Mat_HectonSky_Albedo.png,LOOKDEV_APPROVED_REF_SEED_001.png; approved floor/wall style anchor; function-specific seed if needed,C:\hades\Hecton8\Docs\Reports\TextureGeneratorWorkpack_SHINOBU_361\Prompts\All_175_Targets\SHINOBU_361_HAND_109_Mat_HectonSky_Albedo.txt,"Hecton sky albedo atlas source for an ocean-world atmosphere. Create refined bands of deep cyan atmosphere, pale pearl cloud veils, soft teal horizon glow, muted violet upper haze, and warm amber distant light traces. The material should support a hopeful alien sky above a deep sea world, cinematic but clean, with broad gradients and no scenic objects. Use flat, top-down, orthogonal orthographic view, completely uniform diffuse lighting, zero directional shadows, perfect seamless tiling, no text watermark, no border, no perspective object scene."
SHINOBU_361_HAND_110,Mat_HectonSky_CloudOverlay_Albedo.png,ALBEDO,HABITAT_INTERIORS,Mat_HectonSky_CloudOverlay_Albedo.png,C:\hades\Hecton8\Docs\ArtDrop\SHINOBU_361\All_175_Targets\SHINOBU_361_HAND_110_Mat_HectonSky_CloudOverlay_Albedo,C:\hades\Hecton8\Assets\_Project\Art\TEXTURES\Generated\SHINOBU_361\HABITAT_INTERIORS\Mat_HectonSky_CloudOverlay_Albedo.png,LOOKDEV_APPROVED_REF_SEED_001.png; approved floor/wall style anchor; function-specific seed if needed,C:\hades\Hecton8\Docs\Reports\TextureGeneratorWorkpack_SHINOBU_361\Prompts\All_175_Targets\SHINOBU_361_HAND_110_Mat_HectonSky_CloudOverlay_Albedo.txt,"Hecton sky cloud overlay albedo for atmospheric layering. Create soft pearl and pale cyan cloud ribbons, teal vapor wisps, opal translucent edges, and faint lavender pressure-haze bands. The texture should be beautiful as an overlay mask: airy, clean, broad, and usable with scrolling shaders. Keep contrast controlled so clouds layer without blocking the sky. Use flat, top-down, orthogonal orthographic view, completely uniform diffuse lighting, zero directional shadows, perfect seamless tiling, no text watermark, no border, no perspective object scene."
SHINOBU_361_HAND_111,Mat_HunterProxy_Albedo.png,ALBEDO,HABITAT_INTERIORS,Mat_HunterProxy_Albedo.png,C:\hades\Hecton8\Docs\ArtDrop\SHINOBU_361\All_175_Targets\SHINOBU_361_HAND_111_Mat_HunterProxy_Albedo,C:\hades\Hecton8\Assets\_Project\Art\TEXTURES\Generated\SHINOBU_361\HABITAT_INTERIORS\Mat_HunterProxy_Albedo.png,LOOKDEV_APPROVED_REF_SEED_001.png; approved floor/wall style anchor; function-specific seed if needed,C:\hades\Hecton8\Docs\Reports\TextureGeneratorWorkpack_SHINOBU_361\Prompts\All_175_Targets\SHINOBU_361_HAND_111_Mat_HunterProxy_Albedo.txt,"Hunter proxy albedo for agile Hecton predator placeholders. Create sleek teal biological plates, pearl edge abrasion, coral-red motion streak markings, amber sensory dot rows, and subtle blue-gray mineral dust. The material should feel fast, readable, and refined on simple proxy shapes, with strong directionality and premium biology detail. Use flat, top-down, orthogonal orthographic view, completely uniform diffuse lighting, zero directional shadows, perfect seamless tiling, no text watermark, no border, no perspective object scene."
SHINOBU_361_HAND_112,Mat_LeakWetSheen_Albedo.png,ALBEDO,HABITAT_INTERIORS,Mat_LeakWetSheen_Albedo.png,C:\hades\Hecton8\Docs\ArtDrop\SHINOBU_361\All_175_Targets\SHINOBU_361_HAND_112_Mat_LeakWetSheen_Albedo,C:\hades\Hecton8\Assets\_Project\Art\TEXTURES\Generated\SHINOBU_361\HABITAT_INTERIORS\Mat_LeakWetSheen_Albedo.png,LOOKDEV_APPROVED_REF_SEED_001.png; approved floor/wall style anchor; function-specific seed if needed,C:\hades\Hecton8\Docs\Reports\TextureGeneratorWorkpack_SHINOBU_361\Prompts\All_175_Targets\SHINOBU_361_HAND_112_Mat_LeakWetSheen_Albedo.txt,"Leak wet sheen albedo for controlled water presence on HECTON-8 habitat surfaces. Create transparent-looking teal moisture trails, pearl salt rims, soft cyan puddle edges, faint amber utility-fluid tint in tiny beads, and clean off-white surface hints beneath. The texture should look like beautiful maintained wetness from pressure seals, useful for decals or material overlays, with no scenic reflection baked in. Use flat, top-down, orthogonal orthographic view, completely uniform diffuse lighting, zero directional shadows, perfect seamless tiling, no text watermark, no border, no perspective object scene."
SHINOBU_361_HAND_113,Mat_LeviathanProxy_Albedo.png,ALBEDO,HABITAT_INTERIORS,Mat_LeviathanProxy_Albedo.png,C:\hades\Hecton8\Docs\ArtDrop\SHINOBU_361\All_175_Targets\SHINOBU_361_HAND_113_Mat_LeviathanProxy_Albedo,C:\hades\Hecton8\Assets\_Project\Art\TEXTURES\Generated\SHINOBU_361\HABITAT_INTERIORS\Mat_LeviathanProxy_Albedo.png,LOOKDEV_APPROVED_REF_SEED_001.png; approved floor/wall style anchor; function-specific seed if needed,C:\hades\Hecton8\Docs\Reports\TextureGeneratorWorkpack_SHINOBU_361\Prompts\All_175_Targets\SHINOBU_361_HAND_113_Mat_LeviathanProxy_Albedo.txt,"Leviathan proxy albedo for a monumental Hecton creature placeholder. Create enormous elegant biological armor language: deep teal whale-like plates, pearl scar ridges, opal cyan vein channels, amber sensory constellations, and restrained violet pressure gradients. The texture should make a simple proxy feel majestic, ancient, and beautiful, with huge readable forms and minimal clutter. Use flat, top-down, orthogonal orthographic view, completely uniform diffuse lighting, zero directional shadows, perfect seamless tiling, no text watermark, no border, no perspective object scene."
SHINOBU_361_HAND_114,MAT_LightningBolt_Albedo.png,ALBEDO,HABITAT_INTERIORS,MAT_LightningBolt_Albedo.png,C:\hades\Hecton8\Docs\ArtDrop\SHINOBU_361\All_175_Targets\SHINOBU_361_HAND_114_MAT_LightningBolt_Albedo,C:\hades\Hecton8\Assets\_Project\Art\TEXTURES\Generated\SHINOBU_361\HABITAT_INTERIORS\MAT_LightningBolt_Albedo.png,LOOKDEV_APPROVED_REF_SEED_001.png; approved floor/wall style anchor; function-specific seed if needed,C:\hades\Hecton8\Docs\Reports\TextureGeneratorWorkpack_SHINOBU_361\Prompts\All_175_Targets\SHINOBU_361_HAND_114_MAT_LightningBolt_Albedo.txt,"Lightning bolt albedo source for stylized energy decals in HECTON-8. Create clean branching energy ribbons in pale cyan, white-hot pearl, teal corona edges, and tiny amber capacitor sparks on a neutral flat base. The shape language should be sharp and elegant, suitable for masks, VFX cards, and diagnostic arcs. Keep it graphic, crisp, and non-scenic. Use flat, top-down, orthogonal orthographic view, completely uniform diffuse lighting, zero directional shadows, perfect seamless tiling, no text watermark, no border, no perspective object scene."
SHINOBU_361_HAND_115,Mat_Module_Corridor_Albedo.png,ALBEDO,HABITAT_INTERIORS,Mat_Module_Corridor_Albedo.png,C:\hades\Hecton8\Docs\ArtDrop\SHINOBU_361\All_175_Targets\SHINOBU_361_HAND_115_Mat_Module_Corridor_Albedo,C:\hades\Hecton8\Assets\_Project\Art\TEXTURES\Generated\SHINOBU_361\HABITAT_INTERIORS\Mat_Module_Corridor_Albedo.png,LOOKDEV_APPROVED_REF_SEED_001.png; approved floor/wall style anchor; function-specific seed if needed,C:\hades\Hecton8\Docs\Reports\TextureGeneratorWorkpack_SHINOBU_361\Prompts\All_175_Targets\SHINOBU_361_HAND_115_Mat_Module_Corridor_Albedo.txt,"Habitat corridor module albedo for HECTON-8 construction pieces. Create warm off-white pressure panels, satin titanium ribs, graphite gasket channels, teal route paint, amber safety pips, and pale salt dust in lower seams. The material should look safe, expensive, modular, and instantly traversable, with clean bands that guide the eye through a corridor. Use flat, top-down, orthogonal orthographic view, completely uniform diffuse lighting, zero directional shadows, perfect seamless tiling, no text watermark, no border, no perspective object scene."
SHINOBU_361_HAND_116,Mat_Module_CurrentTurbine_Albedo.png,ALBEDO,HABITAT_INTERIORS,Mat_Module_CurrentTurbine_Albedo.png,C:\hades\Hecton8\Docs\ArtDrop\SHINOBU_361\All_175_Targets\SHINOBU_361_HAND_116_Mat_Module_CurrentTurbine_Albedo,C:\hades\Hecton8\Assets\_Project\Art\TEXTURES\Generated\SHINOBU_361\HABITAT_INTERIORS\Mat_Module_CurrentTurbine_Albedo.png,LOOKDEV_APPROVED_REF_SEED_001.png; approved floor/wall style anchor; function-specific seed if needed,C:\hades\Hecton8\Docs\Reports\TextureGeneratorWorkpack_SHINOBU_361\Prompts\All_175_Targets\SHINOBU_361_HAND_116_Mat_Module_CurrentTurbine_Albedo.txt,"Current turbine module albedo for underwater power infrastructure. Create satin titanium blade housings, off-white ceramic nacelle panels, graphite rubber seals, teal flow-direction paint, amber service dots, and pale mineral streaks shaped by water movement. The texture should feel hydrodynamic, precise, and premium, with forms that support rotating machinery without needing extra geometry detail. Use flat, top-down, orthogonal orthographic view, completely uniform diffuse lighting, zero directional shadows, perfect seamless tiling, no text watermark, no border, no perspective object scene."
SHINOBU_361_HAND_117,Mat_Module_Foundation_Albedo.png,ALBEDO,HABITAT_INTERIORS,Mat_Module_Foundation_Albedo.png,C:\hades\Hecton8\Docs\ArtDrop\SHINOBU_361\All_175_Targets\SHINOBU_361_HAND_117_Mat_Module_Foundation_Albedo,C:\hades\Hecton8\Assets\_Project\Art\TEXTURES\Generated\SHINOBU_361\HABITAT_INTERIORS\Mat_Module_Foundation_Albedo.png,LOOKDEV_APPROVED_REF_SEED_001.png; approved floor/wall style anchor; function-specific seed if needed,C:\hades\Hecton8\Docs\Reports\TextureGeneratorWorkpack_SHINOBU_361\Prompts\All_175_Targets\SHINOBU_361_HAND_117_Mat_Module_Foundation_Albedo.txt,"Foundation module albedo for heavy HECTON-8 habitat support parts. Build a robust material with off-white pressure concrete composite, satin titanium anchor plates, graphite vibration pads, teal survey lines, amber locking indicators, and pearl sediment gathered around footing seams. It should feel heavy, stable, and high-budget, suitable for base construction and underwater load-bearing pieces. Use flat, top-down, orthogonal orthographic view, completely uniform diffuse lighting, zero directional shadows, perfect seamless tiling, no text watermark, no border, no perspective object scene."
SHINOBU_361_HAND_118,Mat_Module_Pylon_Albedo.png,ALBEDO,HABITAT_INTERIORS,Mat_Module_Pylon_Albedo.png,C:\hades\Hecton8\Docs\ArtDrop\SHINOBU_361\All_175_Targets\SHINOBU_361_HAND_118_Mat_Module_Pylon_Albedo,C:\hades\Hecton8\Assets\_Project\Art\TEXTURES\Generated\SHINOBU_361\HABITAT_INTERIORS\Mat_Module_Pylon_Albedo.png,LOOKDEV_APPROVED_REF_SEED_001.png; approved floor/wall style anchor; function-specific seed if needed,C:\hades\Hecton8\Docs\Reports\TextureGeneratorWorkpack_SHINOBU_361\Prompts\All_175_Targets\SHINOBU_361_HAND_118_Mat_Module_Pylon_Albedo.txt,"Pylon module albedo for vertical HECTON-8 support structures. Create long satin titanium ribs, warm off-white ceramic clamp panels, graphite cable collars, teal alignment stripes, amber inspection dots, and subtle salt-worn vertical edges. The texture should stretch well on tall supports and read as engineered load-bearing hardware in an abyssal base. Use flat, top-down, orthogonal orthographic view, completely uniform diffuse lighting, zero directional shadows, perfect seamless tiling, no text watermark, no border, no perspective object scene."
SHINOBU_361_HAND_119,Mat_Module_ServicePump_Albedo.png,ALBEDO,HABITAT_INTERIORS,Mat_Module_ServicePump_Albedo.png,C:\hades\Hecton8\Docs\ArtDrop\SHINOBU_361\All_175_Targets\SHINOBU_361_HAND_119_Mat_Module_ServicePump_Albedo,C:\hades\Hecton8\Assets\_Project\Art\TEXTURES\Generated\SHINOBU_361\HABITAT_INTERIORS\Mat_Module_ServicePump_Albedo.png,LOOKDEV_APPROVED_REF_SEED_001.png; approved floor/wall style anchor; function-specific seed if needed,C:\hades\Hecton8\Docs\Reports\TextureGeneratorWorkpack_SHINOBU_361\Prompts\All_175_Targets\SHINOBU_361_HAND_119_Mat_Module_ServicePump_Albedo.txt,"Service pump module albedo for HECTON-8 life-support machinery. Create off-white pump casing panels, satin titanium pipe collars, graphite flexible hose sections, teal service-flow arrows, amber pressure-status dots, and pale mineral residue near connector seams. The material should feel practical, precise, and maintained, with clear component separation for repeated machinery props. Use flat, top-down, orthogonal orthographic view, completely uniform diffuse lighting, zero directional shadows, perfect seamless tiling, no text watermark, no border, no perspective object scene."
SHINOBU_361_HAND_120,Mat_Ocean_Albedo.png,ALBEDO,HABITAT_INTERIORS,Mat_Ocean_Albedo.png,C:\hades\Hecton8\Docs\ArtDrop\SHINOBU_361\All_175_Targets\SHINOBU_361_HAND_120_Mat_Ocean_Albedo,C:\hades\Hecton8\Assets\_Project\Art\TEXTURES\Generated\SHINOBU_361\HABITAT_INTERIORS\Mat_Ocean_Albedo.png,LOOKDEV_APPROVED_REF_SEED_001.png; approved floor/wall style anchor; function-specific seed if needed,C:\hades\Hecton8\Docs\Reports\TextureGeneratorWorkpack_SHINOBU_361\Prompts\All_175_Targets\SHINOBU_361_HAND_120_Mat_Ocean_Albedo.txt,"Ocean albedo source for HECTON-8 water material. Create a clean abstract water color texture with deep teal gradients, pale cyan caustic veils, pearl suspended particulate, subtle violet depth undertones, and soft amber bioluminescent dust traces. The source should support shader motion and transparency, so keep it broad, elegant, seamless, and free of baked wave shadows or scenery. Use flat, top-down, orthogonal orthographic view, completely uniform diffuse lighting, zero directional shadows, perfect seamless tiling, no text watermark, no border, no perspective object scene."
SHINOBU_361_HAND_121,Mat_Organic_EggNest_Albedo.png,ALBEDO,HABITAT_INTERIORS,Mat_Organic_EggNest_Albedo.png,C:\hades\Hecton8\Docs\ArtDrop\SHINOBU_361\All_175_Targets\SHINOBU_361_HAND_121_Mat_Organic_EggNest_Albedo,C:\hades\Hecton8\Assets\_Project\Art\TEXTURES\Generated\SHINOBU_361\HABITAT_INTERIORS\Mat_Organic_EggNest_Albedo.png,LOOKDEV_APPROVED_REF_SEED_001.png; approved floor/wall style anchor; function-specific seed if needed,C:\hades\Hecton8\Docs\Reports\TextureGeneratorWorkpack_SHINOBU_361\Prompts\All_175_Targets\SHINOBU_361_HAND_121_Mat_Organic_EggNest_Albedo.txt,"Organic egg nest albedo for alien Hecton fauna sites. Create a refined nest surface with pearl membrane cords, soft jade biological matting, opal-white shell dust, coral-pink nutrient veins, and tiny amber warmth in rounded cells. It should feel like protected alien ecology, visually rich and collectible, with clear rounded forms and premium color discipline. Use flat, top-down, orthogonal orthographic view, completely uniform diffuse lighting, zero directional shadows, perfect seamless tiling, no text watermark, no border, no perspective object scene."
SHINOBU_361_HAND_122,Mat_Organic_EggShell_Albedo.png,ALBEDO,HABITAT_INTERIORS,Mat_Organic_EggShell_Albedo.png,C:\hades\Hecton8\Docs\ArtDrop\SHINOBU_361\All_175_Targets\SHINOBU_361_HAND_122_Mat_Organic_EggShell_Albedo,C:\hades\Hecton8\Assets\_Project\Art\TEXTURES\Generated\SHINOBU_361\HABITAT_INTERIORS\Mat_Organic_EggShell_Albedo.png,LOOKDEV_APPROVED_REF_SEED_001.png; approved floor/wall style anchor; function-specific seed if needed,C:\hades\Hecton8\Docs\Reports\TextureGeneratorWorkpack_SHINOBU_361\Prompts\All_175_Targets\SHINOBU_361_HAND_122_Mat_Organic_EggShell_Albedo.txt,"Organic eggshell albedo for Hecton fauna materials. Create pearly translucent shell plates, pale cyan mineral speckles, soft coral inner blush along thin seams, opal dust, and tiny amber nutrient pinpoints. The texture should be delicate, premium, and readable, like an alien shell sample under expedition lab analysis. Use flat, top-down, orthogonal orthographic view, completely uniform diffuse lighting, zero directional shadows, perfect seamless tiling, no text watermark, no border, no perspective object scene."
SHINOBU_361_HAND_123,MAT_PlayerSwimBlockout_Albedo.png,ALBEDO,HABITAT_INTERIORS,MAT_PlayerSwimBlockout_Albedo.png,C:\hades\Hecton8\Docs\ArtDrop\SHINOBU_361\All_175_Targets\SHINOBU_361_HAND_123_MAT_PlayerSwimBlockout_Albedo,C:\hades\Hecton8\Assets\_Project\Art\TEXTURES\Generated\SHINOBU_361\HABITAT_INTERIORS\MAT_PlayerSwimBlockout_Albedo.png,LOOKDEV_APPROVED_REF_SEED_001.png; approved floor/wall style anchor; function-specific seed if needed,C:\hades\Hecton8\Docs\Reports\TextureGeneratorWorkpack_SHINOBU_361\Prompts\All_175_Targets\SHINOBU_361_HAND_123_MAT_PlayerSwimBlockout_Albedo.txt,"Player swim blockout albedo for readable prototype volumes that still fit HECTON-8 presentation. Create a clean semi-technical material with translucent cyan panels, pearl-white calibration blocks, teal flow lines, amber boundary dots, and graphite edge marks. It should clearly signal swim-space debugging or traversal volume while looking intentional and polished in capture. Use flat, top-down, orthogonal orthographic view, completely uniform diffuse lighting, zero directional shadows, perfect seamless tiling, no text watermark, no border, no perspective object scene."
SHINOBU_361_HAND_124,MAT_ProceduralBio_Shallows_ORM.png,MASK_ORM,HABITAT_INTERIORS,MAT_ProceduralBio_Shallows_ORM.png,C:\hades\Hecton8\Docs\ArtDrop\SHINOBU_361\All_175_Targets\SHINOBU_361_HAND_124_MAT_ProceduralBio_Shallows_ORM,C:\hades\Hecton8\Assets\_Project\Art\TEXTURES\Generated\SHINOBU_361\HABITAT_INTERIORS\MAT_ProceduralBio_Shallows_ORM.png,LOOKDEV_APPROVED_REF_SEED_001.png; approved floor/wall style anchor; function-specific seed if needed,C:\hades\Hecton8\Docs\Reports\TextureGeneratorWorkpack_SHINOBU_361\Prompts\All_175_Targets\SHINOBU_361_HAND_124_MAT_ProceduralBio_Shallows_ORM.txt,"Packed ORM RGB source for procedural shallows biology. Red channel should mark AO in coral pad seams, kelp bases, shell-dust pockets, and small membrane folds. Green channel should vary roughness across wet living tissue, chalky shell dust, polished mineral flecks, and soft sediment. Blue channel should stay near zero with only rare mineral inclusions. Keep masks clean, organic, readable, seamless, and aligned to bright shallow-biome material families. Use flat, top-down, orthogonal orthographic view, completely uniform diffuse lighting, zero directional shadows, perfect seamless tiling, no text watermark, no border, no perspective object scene."
SHINOBU_361_HAND_125,Mat_Resource_Copper_Albedo.png,ALBEDO,HABITAT_INTERIORS,Mat_Resource_Copper_Albedo.png,C:\hades\Hecton8\Docs\ArtDrop\SHINOBU_361\All_175_Targets\SHINOBU_361_HAND_125_Mat_Resource_Copper_Albedo,C:\hades\Hecton8\Assets\_Project\Art\TEXTURES\Generated\SHINOBU_361\HABITAT_INTERIORS\Mat_Resource_Copper_Albedo.png,LOOKDEV_APPROVED_REF_SEED_001.png; approved floor/wall style anchor; function-specific seed if needed,C:\hades\Hecton8\Docs\Reports\TextureGeneratorWorkpack_SHINOBU_361\Prompts\All_175_Targets\SHINOBU_361_HAND_125_Mat_Resource_Copper_Albedo.txt,"Copper resource albedo for collectible Hecton mineral chunks. Create warm copper inclusions embedded in blue-gray basalt, pale pearl sediment, teal oxide mineral halos, and small amber-orange metallic facets. The resource should look valuable and easy to identify, with attractive contrast against the cooler Hecton environment. Keep clusters organized, game-readable, and suitable for small pickup meshes or deposit surfaces. Use flat, top-down, orthogonal orthographic view, completely uniform diffuse lighting, zero directional shadows, perfect seamless tiling, no text watermark, no border, no perspective object scene."
SHINOBU_361_HAND_126,Mat_Resource_Fiber_Albedo.png,ALBEDO,HABITAT_INTERIORS,Mat_Resource_Fiber_Albedo.png,C:\hades\Hecton8\Docs\ArtDrop\SHINOBU_361\All_175_Targets\SHINOBU_361_HAND_126_Mat_Resource_Fiber_Albedo,C:\hades\Hecton8\Assets\_Project\Art\TEXTURES\Generated\SHINOBU_361\HABITAT_INTERIORS\Mat_Resource_Fiber_Albedo.png,LOOKDEV_APPROVED_REF_SEED_001.png; approved floor/wall style anchor; function-specific seed if needed,C:\hades\Hecton8\Docs\Reports\TextureGeneratorWorkpack_SHINOBU_361\Prompts\All_175_Targets\SHINOBU_361_HAND_126_Mat_Resource_Fiber_Albedo.txt,"Fiber resource albedo for collectible Hecton biological material. Create bundled satin jade fibers, pearl-white strand highlights, pale teal membrane threads, tiny amber nutrient nodes, and soft coral-pink growth seams. The resource should look useful, flexible, clean, and valuable, readable on pickup meshes and resource deposits. Use flat, top-down, orthogonal orthographic view, completely uniform diffuse lighting, zero directional shadows, perfect seamless tiling, no text watermark, no border, no perspective object scene."
SHINOBU_361_HAND_127,Mat_Resource_Resin_Albedo.png,ALBEDO,HABITAT_INTERIORS,Mat_Resource_Resin_Albedo.png,C:\hades\Hecton8\Docs\ArtDrop\SHINOBU_361\All_175_Targets\SHINOBU_361_HAND_127_Mat_Resource_Resin_Albedo,C:\hades\Hecton8\Assets\_Project\Art\TEXTURES\Generated\SHINOBU_361\HABITAT_INTERIORS\Mat_Resource_Resin_Albedo.png,LOOKDEV_APPROVED_REF_SEED_001.png; approved floor/wall style anchor; function-specific seed if needed,C:\hades\Hecton8\Docs\Reports\TextureGeneratorWorkpack_SHINOBU_361\Prompts\All_175_Targets\SHINOBU_361_HAND_127_Mat_Resource_Resin_Albedo.txt,"Resin resource albedo for Hecton collectible organic deposits. Create translucent amber resin beads, opal cyan internal streaks, pearl mineral dust, soft jade membrane anchors, and warm honey-colored thickness variation. The material should feel desirable and tactile, like a high-value biotech crafting component from an abyssal plant. Use flat, top-down, orthogonal orthographic view, completely uniform diffuse lighting, zero directional shadows, perfect seamless tiling, no text watermark, no border, no perspective object scene."
SHINOBU_361_HAND_128,Mat_Resource_Scrap_Albedo.png,ALBEDO,HABITAT_INTERIORS,Mat_Resource_Scrap_Albedo.png,C:\hades\Hecton8\Docs\ArtDrop\SHINOBU_361\All_175_Targets\SHINOBU_361_HAND_128_Mat_Resource_Scrap_Albedo,C:\hades\Hecton8\Assets\_Project\Art\TEXTURES\Generated\SHINOBU_361\HABITAT_INTERIORS\Mat_Resource_Scrap_Albedo.png,LOOKDEV_APPROVED_REF_SEED_001.png; approved floor/wall style anchor; function-specific seed if needed,C:\hades\Hecton8\Docs\Reports\TextureGeneratorWorkpack_SHINOBU_361\Prompts\All_175_Targets\SHINOBU_361_HAND_128_Mat_Resource_Scrap_Albedo.txt,"Scrap resource albedo for recoverable HECTON-8 engineering fragments. Create small satin titanium shards, warm off-white ceramic chips, graphite gasket pieces, teal coating flakes, amber plastic locator bits, and pearl sediment dust. It should look useful for crafting and clearly artificial, with premium material separation and clean silhouette fragments. Use flat, top-down, orthogonal orthographic view, completely uniform diffuse lighting, zero directional shadows, perfect seamless tiling, no text watermark, no border, no perspective object scene."
SHINOBU_361_HAND_129,Mat_Resource_Silica_Albedo.png,ALBEDO,HABITAT_INTERIORS,Mat_Resource_Silica_Albedo.png,C:\hades\Hecton8\Docs\ArtDrop\SHINOBU_361\All_175_Targets\SHINOBU_361_HAND_129_Mat_Resource_Silica_Albedo,C:\hades\Hecton8\Assets\_Project\Art\TEXTURES\Generated\SHINOBU_361\HABITAT_INTERIORS\Mat_Resource_Silica_Albedo.png,LOOKDEV_APPROVED_REF_SEED_001.png; approved floor/wall style anchor; function-specific seed if needed,C:\hades\Hecton8\Docs\Reports\TextureGeneratorWorkpack_SHINOBU_361\Prompts\All_175_Targets\SHINOBU_361_HAND_129_Mat_Resource_Silica_Albedo.txt,"Silica resource albedo for Hecton mineral deposits. Create pearl-white silica chips, pale cyan glassy edges, opal dust, soft blue-gray basalt pockets, and tiny lavender mineral inclusions. The resource should look crisp, bright, and easy to identify, with clean crystalline fragments arranged for pickup and deposit readability. Use flat, top-down, orthogonal orthographic view, completely uniform diffuse lighting, zero directional shadows, perfect seamless tiling, no text watermark, no border, no perspective object scene."
SHINOBU_361_HAND_130,Mat_Resource_Silver_Albedo.png,ALBEDO,HABITAT_INTERIORS,Mat_Resource_Silver_Albedo.png,C:\hades\Hecton8\Docs\ArtDrop\SHINOBU_361\All_175_Targets\SHINOBU_361_HAND_130_Mat_Resource_Silver_Albedo,C:\hades\Hecton8\Assets\_Project\Art\TEXTURES\Generated\SHINOBU_361\HABITAT_INTERIORS\Mat_Resource_Silver_Albedo.png,LOOKDEV_APPROVED_REF_SEED_001.png; approved floor/wall style anchor; function-specific seed if needed,C:\hades\Hecton8\Docs\Reports\TextureGeneratorWorkpack_SHINOBU_361\Prompts\All_175_Targets\SHINOBU_361_HAND_130_Mat_Resource_Silver_Albedo.txt,"Silver resource albedo for collectible metallic mineral veins. Create cool silver-white metal flecks embedded in blue-gray basalt, pale opal mineral halos, pearl sediment, and soft teal oxide traces. The texture should make silver instantly valuable without turning into mirror noise: clean clusters, restrained sparkle, and readable cool metal identity. Use flat, top-down, orthogonal orthographic view, completely uniform diffuse lighting, zero directional shadows, perfect seamless tiling, no text watermark, no border, no perspective object scene."
SHINOBU_361_HAND_131,Mat_Resource_Sulfur_Albedo.png,ALBEDO,HABITAT_INTERIORS,Mat_Resource_Sulfur_Albedo.png,C:\hades\Hecton8\Docs\ArtDrop\SHINOBU_361\All_175_Targets\SHINOBU_361_HAND_131_Mat_Resource_Sulfur_Albedo,C:\hades\Hecton8\Assets\_Project\Art\TEXTURES\Generated\SHINOBU_361\HABITAT_INTERIORS\Mat_Resource_Sulfur_Albedo.png,LOOKDEV_APPROVED_REF_SEED_001.png; approved floor/wall style anchor; function-specific seed if needed,C:\hades\Hecton8\Docs\Reports\TextureGeneratorWorkpack_SHINOBU_361\Prompts\All_175_Targets\SHINOBU_361_HAND_131_Mat_Resource_Sulfur_Albedo.txt,"Sulfur resource albedo for Hecton vent-adjacent deposits. Create warm amber-yellow sulfur crystals, pale cream mineral crust, teal fluid residue, blue-gray basalt pockets, and small pearl sediment grains. The material should be vivid, valuable, and readable while staying refined and natural under underwater lighting. Use flat, top-down, orthogonal orthographic view, completely uniform diffuse lighting, zero directional shadows, perfect seamless tiling, no text watermark, no border, no perspective object scene."
SHINOBU_361_HAND_132,MAT_sargassum_leaf_scraps_Albedo.png,ALBEDO,HABITAT_INTERIORS,MAT_sargassum_leaf_scraps_Albedo.png,C:\hades\Hecton8\Docs\ArtDrop\SHINOBU_361\All_175_Targets\SHINOBU_361_HAND_132_MAT_sargassum_leaf_scraps_Albedo,C:\hades\Hecton8\Assets\_Project\Art\TEXTURES\Generated\SHINOBU_361\HABITAT_INTERIORS\MAT_sargassum_leaf_scraps_Albedo.png,LOOKDEV_APPROVED_REF_SEED_001.png; approved floor/wall style anchor; function-specific seed if needed,C:\hades\Hecton8\Docs\Reports\TextureGeneratorWorkpack_SHINOBU_361\Prompts\All_175_Targets\SHINOBU_361_HAND_132_MAT_sargassum_leaf_scraps_Albedo.txt,"Sargassum leaf scraps albedo for floating and collected plant fragments. Create elegant olive-teal leaf pieces, cyan translucent edges, honey-amber buoyancy beads, pearl salt dust, and pale violet stress freckles. The scraps should feel light, clean, and beautiful, useful for overlays, particles, or debris fields without losing botanical identity. Use flat, top-down, orthogonal orthographic view, completely uniform diffuse lighting, zero directional shadows, perfect seamless tiling, no text watermark, no border, no perspective object scene."
SHINOBU_361_HAND_133,MAT_SargassumFoamDamping_Albedo.png,ALBEDO,HABITAT_INTERIORS,MAT_SargassumFoamDamping_Albedo.png,C:\hades\Hecton8\Docs\ArtDrop\SHINOBU_361\All_175_Targets\SHINOBU_361_HAND_133_MAT_SargassumFoamDamping_Albedo,C:\hades\Hecton8\Assets\_Project\Art\TEXTURES\Generated\SHINOBU_361\HABITAT_INTERIORS\MAT_SargassumFoamDamping_Albedo.png,LOOKDEV_APPROVED_REF_SEED_001.png; approved floor/wall style anchor; function-specific seed if needed,C:\hades\Hecton8\Docs\Reports\TextureGeneratorWorkpack_SHINOBU_361\Prompts\All_175_Targets\SHINOBU_361_HAND_133_MAT_SargassumFoamDamping_Albedo.txt,"Sargassum foam damping albedo for surface ecology and motion-damping visuals. Create pale pearl foam cells, soft teal water films, olive sargassum micro-fragments, amber nutrient dots, and clean cyan meniscus edges. The texture should look airy, premium, and useful for shader layering, with broad foam clusters and gentle biological color. Use flat, top-down, orthogonal orthographic view, completely uniform diffuse lighting, zero directional shadows, perfect seamless tiling, no text watermark, no border, no perspective object scene."
SHINOBU_361_HAND_134,MAT_SargassumMicroFaunaBoids_Albedo.png,ALBEDO,HABITAT_INTERIORS,MAT_SargassumMicroFaunaBoids_Albedo.png,C:\hades\Hecton8\Docs\ArtDrop\SHINOBU_361\All_175_Targets\SHINOBU_361_HAND_134_MAT_SargassumMicroFaunaBoids_Albedo,C:\hades\Hecton8\Assets\_Project\Art\TEXTURES\Generated\SHINOBU_361\HABITAT_INTERIORS\MAT_SargassumMicroFaunaBoids_Albedo.png,LOOKDEV_APPROVED_REF_SEED_001.png; approved floor/wall style anchor; function-specific seed if needed,C:\hades\Hecton8\Docs\Reports\TextureGeneratorWorkpack_SHINOBU_361\Prompts\All_175_Targets\SHINOBU_361_HAND_134_MAT_SargassumMicroFaunaBoids_Albedo.txt,"Sargassum micro-fauna boids albedo for tiny animated life particles. Create miniature opal shell specks, translucent teal larval shapes, amber bioluminescent pinpoints, pale jade membrane flecks, and pearl particulate dust. The texture should be charming and readable as small living details, with clear tiny silhouettes for particle use. Use flat, top-down, orthogonal orthographic view, completely uniform diffuse lighting, zero directional shadows, perfect seamless tiling, no text watermark, no border, no perspective object scene."
SHINOBU_361_HAND_135,MAT_SargassumOilFilm_Albedo.png,ALBEDO,HABITAT_INTERIORS,MAT_SargassumOilFilm_Albedo.png,C:\hades\Hecton8\Docs\ArtDrop\SHINOBU_361\All_175_Targets\SHINOBU_361_HAND_135_MAT_SargassumOilFilm_Albedo,C:\hades\Hecton8\Assets\_Project\Art\TEXTURES\Generated\SHINOBU_361\HABITAT_INTERIORS\MAT_SargassumOilFilm_Albedo.png,LOOKDEV_APPROVED_REF_SEED_001.png; approved floor/wall style anchor; function-specific seed if needed,C:\hades\Hecton8\Docs\Reports\TextureGeneratorWorkpack_SHINOBU_361\Prompts\All_175_Targets\SHINOBU_361_HAND_135_MAT_SargassumOilFilm_Albedo.txt,"Sargassum oil film albedo for subtle biological surface sheen. Create translucent teal-green oil ribbons, pearlescent cyan edges, soft amber nutrient shimmer, pale violet interference bands, and tiny olive plant flecks. The texture should feel like refined organic film useful for shader overlays, not a heavy pollution layer. Keep it thin, elegant, and tileable. Use flat, top-down, orthogonal orthographic view, completely uniform diffuse lighting, zero directional shadows, perfect seamless tiling, no text watermark, no border, no perspective object scene."
SHINOBU_361_HAND_136,MAT_SargassumWaveDamping_Albedo.png,ALBEDO,HABITAT_INTERIORS,MAT_SargassumWaveDamping_Albedo.png,C:\hades\Hecton8\Docs\ArtDrop\SHINOBU_361\All_175_Targets\SHINOBU_361_HAND_136_MAT_SargassumWaveDamping_Albedo,C:\hades\Hecton8\Assets\_Project\Art\TEXTURES\Generated\SHINOBU_361\HABITAT_INTERIORS\MAT_SargassumWaveDamping_Albedo.png,LOOKDEV_APPROVED_REF_SEED_001.png; approved floor/wall style anchor; function-specific seed if needed,C:\hades\Hecton8\Docs\Reports\TextureGeneratorWorkpack_SHINOBU_361\Prompts\All_175_Targets\SHINOBU_361_HAND_136_MAT_SargassumWaveDamping_Albedo.txt,"Sargassum wave damping albedo for broad surface-plant influence. Create calm olive-teal ribbon fields, pearl foam dust, pale cyan water gaps, amber buoyancy bead trails, and soft jade biological strands. The material should suggest plant mass calming water movement while staying abstract enough for shader motion. Use flat, top-down, orthogonal orthographic view, completely uniform diffuse lighting, zero directional shadows, perfect seamless tiling, no text watermark, no border, no perspective object scene."
SHINOBU_361_HAND_137,Mat_Shelf_Albedo.png,ALBEDO,HABITAT_INTERIORS,Mat_Shelf_Albedo.png,C:\hades\Hecton8\Docs\ArtDrop\SHINOBU_361\All_175_Targets\SHINOBU_361_HAND_137_Mat_Shelf_Albedo,C:\hades\Hecton8\Assets\_Project\Art\TEXTURES\Generated\SHINOBU_361\HABITAT_INTERIORS\Mat_Shelf_Albedo.png,LOOKDEV_APPROVED_REF_SEED_001.png; approved floor/wall style anchor; function-specific seed if needed,C:\hades\Hecton8\Docs\Reports\TextureGeneratorWorkpack_SHINOBU_361\Prompts\All_175_Targets\SHINOBU_361_HAND_137_Mat_Shelf_Albedo.txt,"Interior shelf albedo for HECTON-8 habitat storage surfaces. Create warm off-white ceramic shelf panels, satin titanium edge rails, graphite anti-slip strips, teal inventory tick marks, amber small locator pips, and controlled salt dust in rear seams. The surface should feel practical, compact, and expensive, fitting research-base storage rather than generic furniture. Use flat, top-down, orthogonal orthographic view, completely uniform diffuse lighting, zero directional shadows, perfect seamless tiling, no text watermark, no border, no perspective object scene."
SHINOBU_361_HAND_138,Mat_Skybox_Day_Albedo.png,ALBEDO,HABITAT_INTERIORS,Mat_Skybox_Day_Albedo.png,C:\hades\Hecton8\Docs\ArtDrop\SHINOBU_361\All_175_Targets\SHINOBU_361_HAND_138_Mat_Skybox_Day_Albedo,C:\hades\Hecton8\Assets\_Project\Art\TEXTURES\Generated\SHINOBU_361\HABITAT_INTERIORS\Mat_Skybox_Day_Albedo.png,LOOKDEV_APPROVED_REF_SEED_001.png; approved floor/wall style anchor; function-specific seed if needed,C:\hades\Hecton8\Docs\Reports\TextureGeneratorWorkpack_SHINOBU_361\Prompts\All_175_Targets\SHINOBU_361_HAND_138_Mat_Skybox_Day_Albedo.txt,"Day skybox albedo source for Hecton. Create broad hopeful atmospheric bands with pale cyan sky, pearl cloud veils, soft teal horizon bloom, muted violet upper air, and subtle amber sunlight haze. The source should be clean and usable for skybox blending, with no objects, no horizon scene, and no perspective composition. Use flat, top-down, orthogonal orthographic view, completely uniform diffuse lighting, zero directional shadows, perfect seamless tiling, no text watermark, no border, no perspective object scene."
SHINOBU_361_HAND_139,Mat_Skybox_Night_Albedo.png,ALBEDO,HABITAT_INTERIORS,Mat_Skybox_Night_Albedo.png,C:\hades\Hecton8\Docs\ArtDrop\SHINOBU_361\All_175_Targets\SHINOBU_361_HAND_139_Mat_Skybox_Night_Albedo,C:\hades\Hecton8\Assets\_Project\Art\TEXTURES\Generated\SHINOBU_361\HABITAT_INTERIORS\Mat_Skybox_Night_Albedo.png,LOOKDEV_APPROVED_REF_SEED_001.png; approved floor/wall style anchor; function-specific seed if needed,C:\hades\Hecton8\Docs\Reports\TextureGeneratorWorkpack_SHINOBU_361\Prompts\All_175_Targets\SHINOBU_361_HAND_139_Mat_Skybox_Night_Albedo.txt,"Night skybox albedo source for Hecton with elegant deep ocean atmosphere. Create refined indigo-teal gradients, pearl star-dust fields, soft cyan aurora ribbons, muted violet high haze, and tiny warm amber distant light specks. The texture should feel calm, expensive, and readable, like an alien research sky above the sea. Use flat, top-down, orthogonal orthographic view, completely uniform diffuse lighting, zero directional shadows, perfect seamless tiling, no text watermark, no border, no perspective object scene."
SHINOBU_361_HAND_140,Mat_Skybox_Storm_Albedo.png,MASK_ORM,HABITAT_INTERIORS,Mat_Skybox_Storm_Albedo.png,C:\hades\Hecton8\Docs\ArtDrop\SHINOBU_361\All_175_Targets\SHINOBU_361_HAND_140_Mat_Skybox_Storm_Albedo,C:\hades\Hecton8\Assets\_Project\Art\TEXTURES\Generated\SHINOBU_361\HABITAT_INTERIORS\Mat_Skybox_Storm_Albedo.png,LOOKDEV_APPROVED_REF_SEED_001.png; approved floor/wall style anchor; function-specific seed if needed,C:\hades\Hecton8\Docs\Reports\TextureGeneratorWorkpack_SHINOBU_361\Prompts\All_175_Targets\SHINOBU_361_HAND_140_Mat_Skybox_Storm_Albedo.txt,"Storm skybox albedo source for Hecton, dramatic but still premium and readable. Create layered teal-gray cloud bands, pearl rain veils, cyan electrical glow traces, muted violet pressure haze, and restrained amber breaks of distant light. The texture should support weather mood while staying clean, luminous, and controlled, with broad soft forms for skybox projection. Use flat, top-down, orthogonal orthographic view, completely uniform diffuse lighting, zero directional shadows, perfect seamless tiling, no text watermark, no border, no perspective object scene."
SHINOBU_361_HAND_141,Mat_SmallPassiveProxy_Albedo.png,ALBEDO,HABITAT_INTERIORS,Mat_SmallPassiveProxy_Albedo.png,C:\hades\Hecton8\Docs\ArtDrop\SHINOBU_361\All_175_Targets\SHINOBU_361_HAND_141_Mat_SmallPassiveProxy_Albedo,C:\hades\Hecton8\Assets\_Project\Art\TEXTURES\Generated\SHINOBU_361\HABITAT_INTERIORS\Mat_SmallPassiveProxy_Albedo.png,LOOKDEV_APPROVED_REF_SEED_001.png; approved floor/wall style anchor; function-specific seed if needed,C:\hades\Hecton8\Docs\Reports\TextureGeneratorWorkpack_SHINOBU_361\Prompts\All_175_Targets\SHINOBU_361_HAND_141_Mat_SmallPassiveProxy_Albedo.txt,"Small passive creature proxy albedo for friendly Hecton fauna placeholders. Create soft jade membrane patches, pearl shell-like ridges, tiny amber sensory dots, pale coral blush, and subtle teal freckling. The material should make simple proxy creatures feel gentle, readable, and alive, with inviting color language and clean biological surfaces. Use flat, top-down, orthogonal orthographic view, completely uniform diffuse lighting, zero directional shadows, perfect seamless tiling, no text watermark, no border, no perspective object scene."
SHINOBU_361_HAND_142,Mat_Sun_Albedo.png,ALBEDO,HABITAT_INTERIORS,Mat_Sun_Albedo.png,C:\hades\Hecton8\Docs\ArtDrop\SHINOBU_361\All_175_Targets\SHINOBU_361_HAND_142_Mat_Sun_Albedo,C:\hades\Hecton8\Assets\_Project\Art\TEXTURES\Generated\SHINOBU_361\HABITAT_INTERIORS\Mat_Sun_Albedo.png,LOOKDEV_APPROVED_REF_SEED_001.png; approved floor/wall style anchor; function-specific seed if needed,C:\hades\Hecton8\Docs\Reports\TextureGeneratorWorkpack_SHINOBU_361\Prompts\All_175_Targets\SHINOBU_361_HAND_142_Mat_Sun_Albedo.txt,"Sun albedo/emissive source for Hecton sky presentation. Create a clean abstract solar texture with warm pearl center bands, soft amber plasma ribbons, pale cyan atmospheric scattering edge, and restrained gold-white glow islands. It should be beautiful and controlled for sky rendering, with no perspective sphere and no scenic composition. Use flat, top-down, orthogonal orthographic view, completely uniform diffuse lighting, zero directional shadows, perfect seamless tiling, no text watermark, no border, no perspective object scene."
SHINOBU_361_HAND_143,Mat_Support_AbyssApex_Albedo.png,ALBEDO,HABITAT_INTERIORS,Mat_Support_AbyssApex_Albedo.png,C:\hades\Hecton8\Docs\ArtDrop\SHINOBU_361\All_175_Targets\SHINOBU_361_HAND_143_Mat_Support_AbyssApex_Albedo,C:\hades\Hecton8\Assets\_Project\Art\TEXTURES\Generated\SHINOBU_361\HABITAT_INTERIORS\Mat_Support_AbyssApex_Albedo.png,LOOKDEV_APPROVED_REF_SEED_001.png; approved floor/wall style anchor; function-specific seed if needed,C:\hades\Hecton8\Docs\Reports\TextureGeneratorWorkpack_SHINOBU_361\Prompts\All_175_Targets\SHINOBU_361_HAND_143_Mat_Support_AbyssApex_Albedo.txt,"Support marker albedo for abyss apex gameplay classification. Create a refined icon-free material with deep teal pressure bands, opal mineral ribs, amber sensory dots, pearl edge dust, and violet depth undertones. It should support data-driven zone visualization while looking like a natural premium material, not a flat debug color. Use flat, top-down, orthogonal orthographic view, completely uniform diffuse lighting, zero directional shadows, perfect seamless tiling, no text watermark, no border, no perspective object scene."
SHINOBU_361_HAND_144,Mat_Support_CreaturePassive_Albedo.png,ALBEDO,HABITAT_INTERIORS,Mat_Support_CreaturePassive_Albedo.png,C:\hades\Hecton8\Docs\ArtDrop\SHINOBU_361\All_175_Targets\SHINOBU_361_HAND_144_Mat_Support_CreaturePassive_Albedo,C:\hades\Hecton8\Assets\_Project\Art\TEXTURES\Generated\SHINOBU_361\HABITAT_INTERIORS\Mat_Support_CreaturePassive_Albedo.png,LOOKDEV_APPROVED_REF_SEED_001.png; approved floor/wall style anchor; function-specific seed if needed,C:\hades\Hecton8\Docs\Reports\TextureGeneratorWorkpack_SHINOBU_361\Prompts\All_175_Targets\SHINOBU_361_HAND_144_Mat_Support_CreaturePassive_Albedo.txt,"Support marker albedo for passive creature classification. Create soft pearl sediment, jade membrane marks, tiny amber comfort dots, pale coral speckles, and teal biological trails arranged in a calm readable pattern. It should make passive creature support zones attractive and clear without using text or symbols. Use flat, top-down, orthogonal orthographic view, completely uniform diffuse lighting, zero directional shadows, perfect seamless tiling, no text watermark, no border, no perspective object scene."
SHINOBU_361_HAND_145,Mat_Support_CreaturePredator_Albedo.png,ALBEDO,HABITAT_INTERIORS,Mat_Support_CreaturePredator_Albedo.png,C:\hades\Hecton8\Docs\ArtDrop\SHINOBU_361\All_175_Targets\SHINOBU_361_HAND_145_Mat_Support_CreaturePredator_Albedo,C:\hades\Hecton8\Assets\_Project\Art\TEXTURES\Generated\SHINOBU_361\HABITAT_INTERIORS\Mat_Support_CreaturePredator_Albedo.png,LOOKDEV_APPROVED_REF_SEED_001.png; approved floor/wall style anchor; function-specific seed if needed,C:\hades\Hecton8\Docs\Reports\TextureGeneratorWorkpack_SHINOBU_361\Prompts\All_175_Targets\SHINOBU_361_HAND_145_Mat_Support_CreaturePredator_Albedo.txt,"Support marker albedo for predator creature classification. Create disciplined danger biology with deep teal plate traces, coral-red boundary strokes, pearl scraped ridges, amber sensory dots, and graphite mineral dust. The texture should signal predator logic through clean rhythm and contrast while staying premium and readable. Use flat, top-down, orthogonal orthographic view, completely uniform diffuse lighting, zero directional shadows, perfect seamless tiling, no text watermark, no border, no perspective object scene."
SHINOBU_361_HAND_146,Mat_Support_HazardPocket_Albedo.png,ALBEDO,HABITAT_INTERIORS,Mat_Support_HazardPocket_Albedo.png,C:\hades\Hecton8\Docs\ArtDrop\SHINOBU_361\All_175_Targets\SHINOBU_361_HAND_146_Mat_Support_HazardPocket_Albedo,C:\hades\Hecton8\Assets\_Project\Art\TEXTURES\Generated\SHINOBU_361\HABITAT_INTERIORS\Mat_Support_HazardPocket_Albedo.png,LOOKDEV_APPROVED_REF_SEED_001.png; approved floor/wall style anchor; function-specific seed if needed,C:\hades\Hecton8\Docs\Reports\TextureGeneratorWorkpack_SHINOBU_361\Prompts\All_175_Targets\SHINOBU_361_HAND_146_Mat_Support_HazardPocket_Albedo.txt,"Support marker albedo for hazard pocket classification. Create coral-red mineral bands, amber crystal nodes, pale salt plates, teal fluid residue, and blue-gray stone chips arranged as a clean warning material. It should read immediately as environmental caution while matching the premium Hecton resource palette. Use flat, top-down, orthogonal orthographic view, completely uniform diffuse lighting, zero directional shadows, perfect seamless tiling, no text watermark, no border, no perspective object scene."
SHINOBU_361_HAND_147,Mat_Support_ReefApex_Albedo.png,ALBEDO,HABITAT_INTERIORS,Mat_Support_ReefApex_Albedo.png,C:\hades\Hecton8\Docs\ArtDrop\SHINOBU_361\All_175_Targets\SHINOBU_361_HAND_147_Mat_Support_ReefApex_Albedo,C:\hades\Hecton8\Assets\_Project\Art\TEXTURES\Generated\SHINOBU_361\HABITAT_INTERIORS\Mat_Support_ReefApex_Albedo.png,LOOKDEV_APPROVED_REF_SEED_001.png; approved floor/wall style anchor; function-specific seed if needed,C:\hades\Hecton8\Docs\Reports\TextureGeneratorWorkpack_SHINOBU_361\Prompts\All_175_Targets\SHINOBU_361_HAND_147_Mat_Support_ReefApex_Albedo.txt,"Support marker albedo for reef apex classification. Create porcelain coral plate marks, teal scale traces, amber pore clusters, pearl shell dust, and soft coral-pink edge blush. The material should identify reef apex ecology with beauty and clarity, matching both coral flora and creature-zone palettes. Use flat, top-down, orthogonal orthographic view, completely uniform diffuse lighting, zero directional shadows, perfect seamless tiling, no text watermark, no border, no perspective object scene."
SHINOBU_361_HAND_148,Mat_Support_ResourcePocket_Albedo.png,ALBEDO,HABITAT_INTERIORS,Mat_Support_ResourcePocket_Albedo.png,C:\hades\Hecton8\Docs\ArtDrop\SHINOBU_361\All_175_Targets\SHINOBU_361_HAND_148_Mat_Support_ResourcePocket_Albedo,C:\hades\Hecton8\Assets\_Project\Art\TEXTURES\Generated\SHINOBU_361\HABITAT_INTERIORS\Mat_Support_ResourcePocket_Albedo.png,LOOKDEV_APPROVED_REF_SEED_001.png; approved floor/wall style anchor; function-specific seed if needed,C:\hades\Hecton8\Docs\Reports\TextureGeneratorWorkpack_SHINOBU_361\Prompts\All_175_Targets\SHINOBU_361_HAND_148_Mat_Support_ResourcePocket_Albedo.txt,"Support marker albedo for resource pocket classification. Create opal blue mineral seams, pearl sediment, tiny copper and silver flecks, amber resin beads, and teal survey dust arranged in an organized collectible pattern. The material should say ""valuable pocket"" through PBR material identity rather than text. Use flat, top-down, orthogonal orthographic view, completely uniform diffuse lighting, zero directional shadows, perfect seamless tiling, no text watermark, no border, no perspective object scene."
SHINOBU_361_HAND_149,Mat_Support_RuinApex_Albedo.png,ALBEDO,HABITAT_INTERIORS,Mat_Support_RuinApex_Albedo.png,C:\hades\Hecton8\Docs\ArtDrop\SHINOBU_361\All_175_Targets\SHINOBU_361_HAND_149_Mat_Support_RuinApex_Albedo,C:\hades\Hecton8\Assets\_Project\Art\TEXTURES\Generated\SHINOBU_361\HABITAT_INTERIORS\Mat_Support_RuinApex_Albedo.png,LOOKDEV_APPROVED_REF_SEED_001.png; approved floor/wall style anchor; function-specific seed if needed,C:\hades\Hecton8\Docs\Reports\TextureGeneratorWorkpack_SHINOBU_361\Prompts\All_175_Targets\SHINOBU_361_HAND_149_Mat_Support_RuinApex_Albedo.txt,"Support marker albedo for ruin apex classification. Blend off-white ceramic relic chips, graphite engineered ribs, teal mineral seams, amber pore markers, and pearl sediment dust into a clear high-tier ruin ecology material. It should communicate apex zone support data while still feeling like real Hecton surface art. Use flat, top-down, orthogonal orthographic view, completely uniform diffuse lighting, zero directional shadows, perfect seamless tiling, no text watermark, no border, no perspective object scene."
SHINOBU_361_HAND_150,Mat_Support_SafePocket_Albedo.png,ALBEDO,HABITAT_INTERIORS,Mat_Support_SafePocket_Albedo.png,C:\hades\Hecton8\Docs\ArtDrop\SHINOBU_361\All_175_Targets\SHINOBU_361_HAND_150_Mat_Support_SafePocket_Albedo,C:\hades\Hecton8\Assets\_Project\Art\TEXTURES\Generated\SHINOBU_361\HABITAT_INTERIORS\Mat_Support_SafePocket_Albedo.png,LOOKDEV_APPROVED_REF_SEED_001.png; approved floor/wall style anchor; function-specific seed if needed,C:\hades\Hecton8\Docs\Reports\TextureGeneratorWorkpack_SHINOBU_361\Prompts\All_175_Targets\SHINOBU_361_HAND_150_Mat_Support_SafePocket_Albedo.txt,"Support marker albedo for safe pocket classification. Create a calm refuge material with warm pearl sediment, pale teal mineral rings, soft jade membrane trails, cream shell dust, and tiny amber guide dots. It should be inviting, stable, and readable as safety support data while staying integrated with the HECTON-8 natural palette. Use flat, top-down, orthogonal orthographic view, completely uniform diffuse lighting, zero directional shadows, perfect seamless tiling, no text watermark, no border, no perspective object scene."
SHINOBU_361_HAND_151,Mat_TerritorialProxy_Albedo.png,ALBEDO,HABITAT_INTERIORS,Mat_TerritorialProxy_Albedo.png,C:\hades\Hecton8\Docs\ArtDrop\SHINOBU_361\All_175_Targets\SHINOBU_361_HAND_151_Mat_TerritorialProxy_Albedo,C:\hades\Hecton8\Assets\_Project\Art\TEXTURES\Generated\SHINOBU_361\HABITAT_INTERIORS\Mat_TerritorialProxy_Albedo.png,LOOKDEV_APPROVED_REF_SEED_001.png; approved floor/wall style anchor; function-specific seed if needed,C:\hades\Hecton8\Docs\Reports\TextureGeneratorWorkpack_SHINOBU_361\Prompts\All_175_Targets\SHINOBU_361_HAND_151_Mat_TerritorialProxy_Albedo.txt,"Territorial proxy albedo for Hecton creature and biome ownership markers. Create clean biological boundary material with teal scale traces, pearl mineral lines, amber sensory dots, coral edge strokes, and blue-gray silt. It should feel like an elegant natural territory signal, readable on simple proxy shapes without needing text or icons. Use flat, top-down, orthogonal orthographic view, completely uniform diffuse lighting, zero directional shadows, perfect seamless tiling, no text watermark, no border, no perspective object scene."
SHINOBU_361_HAND_152,Mat_Tool_BeaconDeployer_Placeholder_Albedo.png,ALBEDO,HABITAT_INTERIORS,Mat_Tool_BeaconDeployer_Placeholder_Albedo.png,C:\hades\Hecton8\Docs\ArtDrop\SHINOBU_361\All_175_Targets\SHINOBU_361_HAND_152_Mat_Tool_BeaconDeployer_Placeholder_Albedo,C:\hades\Hecton8\Assets\_Project\Art\TEXTURES\Generated\SHINOBU_361\HABITAT_INTERIORS\Mat_Tool_BeaconDeployer_Placeholder_Albedo.png,LOOKDEV_APPROVED_REF_SEED_001.png; approved floor/wall style anchor; function-specific seed if needed,C:\hades\Hecton8\Docs\Reports\TextureGeneratorWorkpack_SHINOBU_361\Prompts\All_175_Targets\SHINOBU_361_HAND_152_Mat_Tool_BeaconDeployer_Placeholder_Albedo.txt,"Beacon deployer tool albedo for premium HECTON-8 field equipment. Create warm off-white ceramic casing panels, satin titanium deployment rails, teal signal paint, amber locator windows, graphite rubber grip pads, and pale salt wear on handled edges. It should read as compact navigation hardware for underwater expeditions, clean and desirable as a usable tool. Use flat, top-down, orthogonal orthographic view, completely uniform diffuse lighting, zero directional shadows, perfect seamless tiling, no text watermark, no border, no perspective object scene."
SHINOBU_361_HAND_153,Mat_Tool_Builder_Placeholder_Albedo.png,ALBEDO,HABITAT_INTERIORS,Mat_Tool_Builder_Placeholder_Albedo.png,C:\hades\Hecton8\Docs\ArtDrop\SHINOBU_361\All_175_Targets\SHINOBU_361_HAND_153_Mat_Tool_Builder_Placeholder_Albedo,C:\hades\Hecton8\Assets\_Project\Art\TEXTURES\Generated\SHINOBU_361\HABITAT_INTERIORS\Mat_Tool_Builder_Placeholder_Albedo.png,LOOKDEV_APPROVED_REF_SEED_001.png; approved floor/wall style anchor; function-specific seed if needed,C:\hades\Hecton8\Docs\Reports\TextureGeneratorWorkpack_SHINOBU_361\Prompts\All_175_Targets\SHINOBU_361_HAND_153_Mat_Tool_Builder_Placeholder_Albedo.txt,"Builder tool albedo for HECTON-8 habitat construction equipment. Create off-white pressure ceramic shell plates, satin titanium assembly jaws, teal construction guide stripes, amber status nodes, graphite handle gaskets, and fine mineral dust at seam edges. The material should feel precise, expensive, and capable of building underwater modules. Use flat, top-down, orthogonal orthographic view, completely uniform diffuse lighting, zero directional shadows, perfect seamless tiling, no text watermark, no border, no perspective object scene."
SHINOBU_361_HAND_154,Mat_Tool_EnvAnalyzer_Placeholder_Albedo.png,ALBEDO,HABITAT_INTERIORS,Mat_Tool_EnvAnalyzer_Placeholder_Albedo.png,C:\hades\Hecton8\Docs\ArtDrop\SHINOBU_361\All_175_Targets\SHINOBU_361_HAND_154_Mat_Tool_EnvAnalyzer_Placeholder_Albedo,C:\hades\Hecton8\Assets\_Project\Art\TEXTURES\Generated\SHINOBU_361\HABITAT_INTERIORS\Mat_Tool_EnvAnalyzer_Placeholder_Albedo.png,LOOKDEV_APPROVED_REF_SEED_001.png; approved floor/wall style anchor; function-specific seed if needed,C:\hades\Hecton8\Docs\Reports\TextureGeneratorWorkpack_SHINOBU_361\Prompts\All_175_Targets\SHINOBU_361_HAND_154_Mat_Tool_EnvAnalyzer_Placeholder_Albedo.txt,"Environment analyzer tool albedo for HECTON-8 survey gameplay. Create a clean scientific instrument material with pearl ceramic sensor plates, teal analysis bands, amber sample status dots, satin titanium probe collars, graphite rubber seals, and pale cyan lens insets. It should feel like precise NASA-Punk oceanographic equipment, readable as a scanner/analyzer without text. Use flat, top-down, orthogonal orthographic view, completely uniform diffuse lighting, zero directional shadows, perfect seamless tiling, no text watermark, no border, no perspective object scene."
SHINOBU_361_HAND_155,Mat_Tool_HarpoonLauncher_Placeholder_Albedo.png,ALBEDO,HABITAT_INTERIORS,Mat_Tool_HarpoonLauncher_Placeholder_Albedo.png,C:\hades\Hecton8\Docs\ArtDrop\SHINOBU_361\All_175_Targets\SHINOBU_361_HAND_155_Mat_Tool_HarpoonLauncher_Placeholder_Albedo,C:\hades\Hecton8\Assets\_Project\Art\TEXTURES\Generated\SHINOBU_361\HABITAT_INTERIORS\Mat_Tool_HarpoonLauncher_Placeholder_Albedo.png,LOOKDEV_APPROVED_REF_SEED_001.png; approved floor/wall style anchor; function-specific seed if needed,C:\hades\Hecton8\Docs\Reports\TextureGeneratorWorkpack_SHINOBU_361\Prompts\All_175_Targets\SHINOBU_361_HAND_155_Mat_Tool_HarpoonLauncher_Placeholder_Albedo.txt,"Harpoon launcher tool albedo for HECTON-8 defensive field hardware. Create satin titanium barrel sleeves, warm off-white pressure casing, graphite recoil grip pads, teal alignment stripes, amber safety indicators, and clean salt-polished edge wear. The texture should feel robust and premium, clearly a tool built for underwater pressure rather than a generic weapon surface. Use flat, top-down, orthogonal orthographic view, completely uniform diffuse lighting, zero directional shadows, perfect seamless tiling, no text watermark, no border, no perspective object scene."
SHINOBU_361_HAND_156,Mat_Tool_Knife_Placeholder_Albedo.png,ALBEDO,HABITAT_INTERIORS,Mat_Tool_Knife_Placeholder_Albedo.png,C:\hades\Hecton8\Docs\ArtDrop\SHINOBU_361\All_175_Targets\SHINOBU_361_HAND_156_Mat_Tool_Knife_Placeholder_Albedo,C:\hades\Hecton8\Assets\_Project\Art\TEXTURES\Generated\SHINOBU_361\HABITAT_INTERIORS\Mat_Tool_Knife_Placeholder_Albedo.png,LOOKDEV_APPROVED_REF_SEED_001.png; approved floor/wall style anchor; function-specific seed if needed,C:\hades\Hecton8\Docs\Reports\TextureGeneratorWorkpack_SHINOBU_361\Prompts\All_175_Targets\SHINOBU_361_HAND_156_Mat_Tool_Knife_Placeholder_Albedo.txt,"Knife tool albedo for HECTON-8 utility survival equipment. Create brushed titanium blade facets, off-white ceramic spine inserts, graphite grip texture, teal alignment notch, amber safety pin, and fine salt-polished contact wear. It should read as a compact premium tool for cutting fiber, membrane, and salvage, with clean material separation and no excessive damage. Use flat, top-down, orthogonal orthographic view, completely uniform diffuse lighting, zero directional shadows, perfect seamless tiling, no text watermark, no border, no perspective object scene."
SHINOBU_361_HAND_157,Mat_Tool_LaserCutter_Placeholder_Albedo.png,ALBEDO,HABITAT_INTERIORS,Mat_Tool_LaserCutter_Placeholder_Albedo.png,C:\hades\Hecton8\Docs\ArtDrop\SHINOBU_361\All_175_Targets\SHINOBU_361_HAND_157_Mat_Tool_LaserCutter_Placeholder_Albedo,C:\hades\Hecton8\Assets\_Project\Art\TEXTURES\Generated\SHINOBU_361\HABITAT_INTERIORS\Mat_Tool_LaserCutter_Placeholder_Albedo.png,LOOKDEV_APPROVED_REF_SEED_001.png; approved floor/wall style anchor; function-specific seed if needed,C:\hades\Hecton8\Docs\Reports\TextureGeneratorWorkpack_SHINOBU_361\Prompts\All_175_Targets\SHINOBU_361_HAND_157_Mat_Tool_LaserCutter_Placeholder_Albedo.txt,"Laser cutter tool albedo for HECTON-8 salvage work. Create pearl ceramic heat-shield panels, satin titanium focusing rings, teal calibration bands, amber emitter-status dots, graphite insulated grip sections, and pale cyan lens accents. The texture should feel precise, scientific, and powerful, with clean high-tech shape language suitable for close first-person inspection. Use flat, top-down, orthogonal orthographic view, completely uniform diffuse lighting, zero directional shadows, perfect seamless tiling, no text watermark, no border, no perspective object scene."
SHINOBU_361_HAND_158,Mat_Tool_Propulsion_Placeholder_Albedo.png,ALBEDO,HABITAT_INTERIORS,Mat_Tool_Propulsion_Placeholder_Albedo.png,C:\hades\Hecton8\Docs\ArtDrop\SHINOBU_361\All_175_Targets\SHINOBU_361_HAND_158_Mat_Tool_Propulsion_Placeholder_Albedo,C:\hades\Hecton8\Assets\_Project\Art\TEXTURES\Generated\SHINOBU_361\HABITAT_INTERIORS\Mat_Tool_Propulsion_Placeholder_Albedo.png,LOOKDEV_APPROVED_REF_SEED_001.png; approved floor/wall style anchor; function-specific seed if needed,C:\hades\Hecton8\Docs\Reports\TextureGeneratorWorkpack_SHINOBU_361\Prompts\All_175_Targets\SHINOBU_361_HAND_158_Mat_Tool_Propulsion_Placeholder_Albedo.txt,"Propulsion tool albedo for underwater movement equipment. Create satin titanium thruster collars, off-white ceramic cowling panels, graphite intake gaskets, teal flow arrows, amber power nodes, and subtle mineral streaks along water-flow edges. The texture should feel hydrodynamic, compact, and premium, supporting a tool that belongs in a deep-sea research kit. Use flat, top-down, orthogonal orthographic view, completely uniform diffuse lighting, zero directional shadows, perfect seamless tiling, no text watermark, no border, no perspective object scene."
SHINOBU_361_HAND_159,Mat_Tool_Repair_Placeholder_Albedo.png,ALBEDO,HABITAT_INTERIORS,Mat_Tool_Repair_Placeholder_Albedo.png,C:\hades\Hecton8\Docs\ArtDrop\SHINOBU_361\All_175_Targets\SHINOBU_361_HAND_159_Mat_Tool_Repair_Placeholder_Albedo,C:\hades\Hecton8\Assets\_Project\Art\TEXTURES\Generated\SHINOBU_361\HABITAT_INTERIORS\Mat_Tool_Repair_Placeholder_Albedo.png,LOOKDEV_APPROVED_REF_SEED_001.png; approved floor/wall style anchor; function-specific seed if needed,C:\hades\Hecton8\Docs\Reports\TextureGeneratorWorkpack_SHINOBU_361\Prompts\All_175_Targets\SHINOBU_361_HAND_159_Mat_Tool_Repair_Placeholder_Albedo.txt,"Repair tool albedo for HECTON-8 maintenance gameplay. Create off-white ceramic casing, satin titanium applicator collars, teal repair-flow marks, amber sealant status dots, graphite rubber grip panels, and tiny pale sealant residue near nozzle seams. The tool should feel reliable, precise, and used by professionals in a pressure-rated habitat. Use flat, top-down, orthogonal orthographic view, completely uniform diffuse lighting, zero directional shadows, perfect seamless tiling, no text watermark, no border, no perspective object scene."
SHINOBU_361_HAND_160,Mat_Tool_SalvageSampler_Placeholder_Albedo.png,ALBEDO,HABITAT_INTERIORS,Mat_Tool_SalvageSampler_Placeholder_Albedo.png,C:\hades\Hecton8\Docs\ArtDrop\SHINOBU_361\All_175_Targets\SHINOBU_361_HAND_160_Mat_Tool_SalvageSampler_Placeholder_Albedo,C:\hades\Hecton8\Assets\_Project\Art\TEXTURES\Generated\SHINOBU_361\HABITAT_INTERIORS\Mat_Tool_SalvageSampler_Placeholder_Albedo.png,LOOKDEV_APPROVED_REF_SEED_001.png; approved floor/wall style anchor; function-specific seed if needed,C:\hades\Hecton8\Docs\Reports\TextureGeneratorWorkpack_SHINOBU_361\Prompts\All_175_Targets\SHINOBU_361_HAND_160_Mat_Tool_SalvageSampler_Placeholder_Albedo.txt,"Salvage sampler tool albedo for collecting materials in HECTON-8. Create satin titanium sample jaws, pearl ceramic cartridge panels, teal collection labels as abstract blocks, amber vial indicators, graphite grip seals, and fine mineral dust on contact edges. It should read as a precise field sampler for resources and biological fragments, premium and compact. Use flat, top-down, orthogonal orthographic view, completely uniform diffuse lighting, zero directional shadows, perfect seamless tiling, no text watermark, no border, no perspective object scene."
SHINOBU_361_HAND_161,Mat_Tool_Scanner_Placeholder_Albedo.png,ALBEDO,HABITAT_INTERIORS,Mat_Tool_Scanner_Placeholder_Albedo.png,C:\hades\Hecton8\Docs\ArtDrop\SHINOBU_361\All_175_Targets\SHINOBU_361_HAND_161_Mat_Tool_Scanner_Placeholder_Albedo,C:\hades\Hecton8\Assets\_Project\Art\TEXTURES\Generated\SHINOBU_361\HABITAT_INTERIORS\Mat_Tool_Scanner_Placeholder_Albedo.png,LOOKDEV_APPROVED_REF_SEED_001.png; approved floor/wall style anchor; function-specific seed if needed,C:\hades\Hecton8\Docs\Reports\TextureGeneratorWorkpack_SHINOBU_361\Prompts\All_175_Targets\SHINOBU_361_HAND_161_Mat_Tool_Scanner_Placeholder_Albedo.txt,"Scanner tool albedo for HECTON-8 survey and detection gameplay. Create pearl ceramic shell panels, pale cyan sensor glass, teal scan-band paint, amber target-lock dots, satin titanium lens rings, and graphite rubber grip ribs. It should look like desirable underwater scientific hardware, readable as a scanner even without text or UI. Use flat, top-down, orthogonal orthographic view, completely uniform diffuse lighting, zero directional shadows, perfect seamless tiling, no text watermark, no border, no perspective object scene."
SHINOBU_361_HAND_162,Mat_Tool_StunPistol_Placeholder_Albedo.png,ALBEDO,HABITAT_INTERIORS,Mat_Tool_StunPistol_Placeholder_Albedo.png,C:\hades\Hecton8\Docs\ArtDrop\SHINOBU_361\All_175_Targets\SHINOBU_361_HAND_162_Mat_Tool_StunPistol_Placeholder_Albedo,C:\hades\Hecton8\Assets\_Project\Art\TEXTURES\Generated\SHINOBU_361\HABITAT_INTERIORS\Mat_Tool_StunPistol_Placeholder_Albedo.png,LOOKDEV_APPROVED_REF_SEED_001.png; approved floor/wall style anchor; function-specific seed if needed,C:\hades\Hecton8\Docs\Reports\TextureGeneratorWorkpack_SHINOBU_361\Prompts\All_175_Targets\SHINOBU_361_HAND_162_Mat_Tool_StunPistol_Placeholder_Albedo.txt,"Stun pistol tool albedo for non-lethal HECTON-8 defense equipment. Create satin titanium emitter rails, off-white ceramic body plates, graphite rubber grip pads, teal charge-channel marks, amber safety windows, and pale cyan capacitor lens insets. The texture should feel controlled, compact, and scientific, closer to research safety hardware than aggression. Use flat, top-down, orthogonal orthographic view, completely uniform diffuse lighting, zero directional shadows, perfect seamless tiling, no text watermark, no border, no perspective object scene."
SHINOBU_361_HAND_163,Mat_ToolTrial_Anchor_Albedo.png,ALBEDO,HABITAT_INTERIORS,Mat_ToolTrial_Anchor_Albedo.png,C:\hades\Hecton8\Docs\ArtDrop\SHINOBU_361\All_175_Targets\SHINOBU_361_HAND_163_Mat_ToolTrial_Anchor_Albedo,C:\hades\Hecton8\Assets\_Project\Art\TEXTURES\Generated\SHINOBU_361\HABITAT_INTERIORS\Mat_ToolTrial_Anchor_Albedo.png,LOOKDEV_APPROVED_REF_SEED_001.png; approved floor/wall style anchor; function-specific seed if needed,C:\hades\Hecton8\Docs\Reports\TextureGeneratorWorkpack_SHINOBU_361\Prompts\All_175_Targets\SHINOBU_361_HAND_163_Mat_ToolTrial_Anchor_Albedo.txt,"Tool trial anchor albedo for prototype anchoring equipment. Create heavy satin titanium anchor ribs, off-white ceramic clamp plates, graphite friction pads, teal alignment bands, amber locking nodes, and pearl sediment on contact edges. It should read as a stable test material for anchoring mechanics with production-grade visual quality. Use flat, top-down, orthogonal orthographic view, completely uniform diffuse lighting, zero directional shadows, perfect seamless tiling, no text watermark, no border, no perspective object scene."
SHINOBU_361_HAND_164,Mat_ToolTrial_Cargo_Albedo.png,ALBEDO,HABITAT_INTERIORS,Mat_ToolTrial_Cargo_Albedo.png,C:\hades\Hecton8\Docs\ArtDrop\SHINOBU_361\All_175_Targets\SHINOBU_361_HAND_164_Mat_ToolTrial_Cargo_Albedo,C:\hades\Hecton8\Assets\_Project\Art\TEXTURES\Generated\SHINOBU_361\HABITAT_INTERIORS\Mat_ToolTrial_Cargo_Albedo.png,LOOKDEV_APPROVED_REF_SEED_001.png; approved floor/wall style anchor; function-specific seed if needed,C:\hades\Hecton8\Docs\Reports\TextureGeneratorWorkpack_SHINOBU_361\Prompts\All_175_Targets\SHINOBU_361_HAND_164_Mat_ToolTrial_Cargo_Albedo.txt,"Tool trial cargo albedo for prototype carrying and container interactions. Create off-white cargo shell panels, satin titanium latch rails, graphite strap material, teal inventory striping, amber capacity pips, and controlled edge scuffs from repeated handling. The texture should feel functional, clean, and ready for testing while fitting final art direction. Use flat, top-down, orthogonal orthographic view, completely uniform diffuse lighting, zero directional shadows, perfect seamless tiling, no text watermark, no border, no perspective object scene."
SHINOBU_361_HAND_165,Mat_ToolTrial_Combat_Albedo.png,ALBEDO,HABITAT_INTERIORS,Mat_ToolTrial_Combat_Albedo.png,C:\hades\Hecton8\Docs\ArtDrop\SHINOBU_361\All_175_Targets\SHINOBU_361_HAND_165_Mat_ToolTrial_Combat_Albedo,C:\hades\Hecton8\Assets\_Project\Art\TEXTURES\Generated\SHINOBU_361\HABITAT_INTERIORS\Mat_ToolTrial_Combat_Albedo.png,LOOKDEV_APPROVED_REF_SEED_001.png; approved floor/wall style anchor; function-specific seed if needed,C:\hades\Hecton8\Docs\Reports\TextureGeneratorWorkpack_SHINOBU_361\Prompts\All_175_Targets\SHINOBU_361_HAND_165_Mat_ToolTrial_Combat_Albedo.txt,"Tool trial combat albedo for prototype defensive equipment surfaces. Create satin titanium reinforcement strips, pearl ceramic impact panels, graphite grip fields, coral-red safety bands, teal alignment ticks, and amber readiness dots. The material should communicate controlled field testing and safety discipline, not uncontrolled aggression, with clean AAA material separation. Use flat, top-down, orthogonal orthographic view, completely uniform diffuse lighting, zero directional shadows, perfect seamless tiling, no text watermark, no border, no perspective object scene."
SHINOBU_361_HAND_166,Mat_ToolTrial_Dark_Albedo.png,ALBEDO,HABITAT_INTERIORS,Mat_ToolTrial_Dark_Albedo.png,C:\hades\Hecton8\Docs\ArtDrop\SHINOBU_361\All_175_Targets\SHINOBU_361_HAND_166_Mat_ToolTrial_Dark_Albedo,C:\hades\Hecton8\Assets\_Project\Art\TEXTURES\Generated\SHINOBU_361\HABITAT_INTERIORS\Mat_ToolTrial_Dark_Albedo.png,LOOKDEV_APPROVED_REF_SEED_001.png; approved floor/wall style anchor; function-specific seed if needed,C:\hades\Hecton8\Docs\Reports\TextureGeneratorWorkpack_SHINOBU_361\Prompts\All_175_Targets\SHINOBU_361_HAND_166_Mat_ToolTrial_Dark_Albedo.txt,"Low-light tool trial albedo for HECTON-8 prototype equipment tested in reduced visibility. Create graphite-blue casing panels, pearl-white calibration strips, teal visibility marks, amber locator dots, satin titanium edge rails, and pale cyan reflective insets. The material should stay readable and premium in low-light gameplay while keeping clean color separation and a calm expedition identity. Use flat, top-down, orthogonal orthographic view, completely uniform diffuse lighting, zero directional shadows, perfect seamless tiling, no text watermark, no border, no perspective object scene."
SHINOBU_361_HAND_167,Mat_ToolTrial_Dormant_Albedo.png,MASK_ORM,HABITAT_INTERIORS,Mat_ToolTrial_Dormant_Albedo.png,C:\hades\Hecton8\Docs\ArtDrop\SHINOBU_361\All_175_Targets\SHINOBU_361_HAND_167_Mat_ToolTrial_Dormant_Albedo,C:\hades\Hecton8\Assets\_Project\Art\TEXTURES\Generated\SHINOBU_361\HABITAT_INTERIORS\Mat_ToolTrial_Dormant_Albedo.png,LOOKDEV_APPROVED_REF_SEED_001.png; approved floor/wall style anchor; function-specific seed if needed,C:\hades\Hecton8\Docs\Reports\TextureGeneratorWorkpack_SHINOBU_361\Prompts\All_175_Targets\SHINOBU_361_HAND_167_Mat_ToolTrial_Dormant_Albedo.txt,"Dormant tool trial albedo for inactive prototype equipment. Create pearl ceramic casing panels, desaturated teal standby bands, soft amber inactive pips, graphite grip strips, satin titanium service seams, and gentle salt dust around storage edges. The material should read as powered down but maintained, useful for dormant props and test states. Use flat, top-down, orthogonal orthographic view, completely uniform diffuse lighting, zero directional shadows, perfect seamless tiling, no text watermark, no border, no perspective object scene."
SHINOBU_361_HAND_168,Mat_ToolTrial_Heavy_Albedo.png,ALBEDO,HABITAT_INTERIORS,Mat_ToolTrial_Heavy_Albedo.png,C:\hades\Hecton8\Docs\ArtDrop\SHINOBU_361\All_175_Targets\SHINOBU_361_HAND_168_Mat_ToolTrial_Heavy_Albedo,C:\hades\Hecton8\Assets\_Project\Art\TEXTURES\Generated\SHINOBU_361\HABITAT_INTERIORS\Mat_ToolTrial_Heavy_Albedo.png,LOOKDEV_APPROVED_REF_SEED_001.png; approved floor/wall style anchor; function-specific seed if needed,C:\hades\Hecton8\Docs\Reports\TextureGeneratorWorkpack_SHINOBU_361\Prompts\All_175_Targets\SHINOBU_361_HAND_168_Mat_ToolTrial_Heavy_Albedo.txt,"Heavy tool trial albedo for large prototype equipment. Create thick off-white ceramic armor plates, satin titanium load ribs, graphite shock pads, teal alignment bands, amber load-status pips, and pearl sediment on lower contact edges. It should feel strong, expensive, and test-ready, with broad forms that read on bulky meshes. Use flat, top-down, orthogonal orthographic view, completely uniform diffuse lighting, zero directional shadows, perfect seamless tiling, no text watermark, no border, no perspective object scene."
SHINOBU_361_HAND_169,Mat_ToolTrial_Scan_Albedo.png,ALBEDO,HABITAT_INTERIORS,Mat_ToolTrial_Scan_Albedo.png,C:\hades\Hecton8\Docs\ArtDrop\SHINOBU_361\All_175_Targets\SHINOBU_361_HAND_169_Mat_ToolTrial_Scan_Albedo,C:\hades\Hecton8\Assets\_Project\Art\TEXTURES\Generated\SHINOBU_361\HABITAT_INTERIORS\Mat_ToolTrial_Scan_Albedo.png,LOOKDEV_APPROVED_REF_SEED_001.png; approved floor/wall style anchor; function-specific seed if needed,C:\hades\Hecton8\Docs\Reports\TextureGeneratorWorkpack_SHINOBU_361\Prompts\All_175_Targets\SHINOBU_361_HAND_169_Mat_ToolTrial_Scan_Albedo.txt,"Scan tool trial albedo for prototype detection surfaces. Create pearl ceramic scan plates, pale cyan sensor glass strips, teal sweep-line markings, amber data pips, graphite hand-contact pads, and satin titanium lens rails. The texture should feel scientific, readable, and polished for testing scan mechanics and final first-person tool styling. Use flat, top-down, orthogonal orthographic view, completely uniform diffuse lighting, zero directional shadows, perfect seamless tiling, no text watermark, no border, no perspective object scene."
SHINOBU_361_HAND_170,Meshy_AI_Alien_barnacles_clust_0301230506_texture_image_0_Albedo.png,ALBEDO,HABITAT_INTERIORS,Meshy_AI_Alien_barnacles_clust_0301230506_texture_image_0_Albedo.png,C:\hades\Hecton8\Docs\ArtDrop\SHINOBU_361\All_175_Targets\SHINOBU_361_HAND_170_Meshy_AI_Alien_barnacles_clust_0301230506_texture_image_0_Albedo,C:\hades\Hecton8\Assets\_Project\Art\TEXTURES\Generated\SHINOBU_361\HABITAT_INTERIORS\Meshy_AI_Alien_barnacles_clust_0301230506_texture_image_0_Albedo.png,LOOKDEV_APPROVED_REF_SEED_001.png; approved floor/wall style anchor; function-specific seed if needed,C:\hades\Hecton8\Docs\Reports\TextureGeneratorWorkpack_SHINOBU_361\Prompts\All_175_Targets\SHINOBU_361_HAND_170_Meshy_AI_Alien_barnacles_clust_0301230506_texture_image_0_Albedo.txt,"Alien barnacle cluster albedo replacement for imported Meshy source. Create elegant porcelain barnacle cups, opal cyan inner rims, pearl shell dust, soft coral-pink growth edges, tiny amber nutrient pores, and pale teal symbiotic speckles. The material should feel like beautiful abyssal hard-surface biology, suitable for clustered props and habitat overgrowth without losing clean shape readability. Use flat, top-down, orthogonal orthographic view, completely uniform diffuse lighting, zero directional shadows, perfect seamless tiling, no text watermark, no border, no perspective object scene."
SHINOBU_361_HAND_171,red_Albedo.png,ALBEDO,HABITAT_INTERIORS,red_Albedo.png,C:\hades\Hecton8\Docs\ArtDrop\SHINOBU_361\All_175_Targets\SHINOBU_361_HAND_171_red_Albedo,C:\hades\Hecton8\Assets\_Project\Art\TEXTURES\Generated\SHINOBU_361\HABITAT_INTERIORS\red_Albedo.png,LOOKDEV_APPROVED_REF_SEED_001.png; approved floor/wall style anchor; function-specific seed if needed,C:\hades\Hecton8\Docs\Reports\TextureGeneratorWorkpack_SHINOBU_361\Prompts\All_175_Targets\SHINOBU_361_HAND_171_red_Albedo.txt,"Red material replacement for HECTON-8 safety and warning surfaces. Create a premium coral-red ceramic coating with subtle pearl undercoat, satin edge wear, tiny amber inspection specks, faint teal maintenance scratches, and clean graphite seam accents. The red should be useful and beautiful, suitable for safety bands, tool accents, and controlled hazard language without flat placeholder color. Use flat, top-down, orthogonal orthographic view, completely uniform diffuse lighting, zero directional shadows, perfect seamless tiling, no text watermark, no border, no perspective object scene."
SHINOBU_361_HAND_172,Sand_Albedo.png,ALBEDO,HABITAT_INTERIORS,Sand_Albedo.png,C:\hades\Hecton8\Docs\ArtDrop\SHINOBU_361\All_175_Targets\SHINOBU_361_HAND_172_Sand_Albedo,C:\hades\Hecton8\Assets\_Project\Art\TEXTURES\Generated\SHINOBU_361\HABITAT_INTERIORS\Sand_Albedo.png,LOOKDEV_APPROVED_REF_SEED_001.png; approved floor/wall style anchor; function-specific seed if needed,C:\hades\Hecton8\Docs\Reports\TextureGeneratorWorkpack_SHINOBU_361\Prompts\All_175_Targets\SHINOBU_361_HAND_172_Sand_Albedo.txt,"Hecton sand albedo for clean abyssal sediment. Create pale pearl sediment grains, soft cream silt, tiny opal cyan shell flecks, muted lavender mineral dust, and subtle teal current lines painted as material color. The sand should feel elegant and alien, bright enough for gameplay readability and calm enough for broad seabed tiling. Use flat, top-down, orthogonal orthographic view, completely uniform diffuse lighting, zero directional shadows, perfect seamless tiling, no text watermark, no border, no perspective object scene."
SHINOBU_361_HAND_173,Skybox_Albedo.png,ALBEDO,HABITAT_INTERIORS,Skybox_Albedo.png,C:\hades\Hecton8\Docs\ArtDrop\SHINOBU_361\All_175_Targets\SHINOBU_361_HAND_173_Skybox_Albedo,C:\hades\Hecton8\Assets\_Project\Art\TEXTURES\Generated\SHINOBU_361\HABITAT_INTERIORS\Skybox_Albedo.png,LOOKDEV_APPROVED_REF_SEED_001.png; approved floor/wall style anchor; function-specific seed if needed,C:\hades\Hecton8\Docs\Reports\TextureGeneratorWorkpack_SHINOBU_361\Prompts\All_175_Targets\SHINOBU_361_HAND_173_Skybox_Albedo.txt,"Generic Hecton skybox albedo source for atmosphere fallback. Create a refined alien-ocean sky palette with pale cyan atmospheric bands, pearl cloud veils, soft teal haze, restrained violet upper gradients, and tiny amber distant glow traces. The source should be broad, clean, seamless, and useful for skybox shaders without scenic objects or perspective composition. Use flat, top-down, orthogonal orthographic view, completely uniform diffuse lighting, zero directional shadows, perfect seamless tiling, no text watermark, no border, no perspective object scene."
SHINOBU_361_HAND_174,Snow_Albedo.png,ALBEDO,HABITAT_INTERIORS,Snow_Albedo.png,C:\hades\Hecton8\Docs\ArtDrop\SHINOBU_361\All_175_Targets\SHINOBU_361_HAND_174_Snow_Albedo,C:\hades\Hecton8\Assets\_Project\Art\TEXTURES\Generated\SHINOBU_361\HABITAT_INTERIORS\Snow_Albedo.png,LOOKDEV_APPROVED_REF_SEED_001.png; approved floor/wall style anchor; function-specific seed if needed,C:\hades\Hecton8\Docs\Reports\TextureGeneratorWorkpack_SHINOBU_361\Prompts\All_175_Targets\SHINOBU_361_HAND_174_Snow_Albedo.txt,"Hecton snow or pale cryo-sediment albedo for cold mineral surfaces. Create pearl-white frozen sediment, pale cyan ice dust, opal mineral flecks, soft lavender compression bands, and gentle teal current-polished streaks. The material should feel bright, clean, and alien, suitable for icy deposits or cold seabed zones without becoming a generic terrestrial snow photo. Use flat, top-down, orthogonal orthographic view, completely uniform diffuse lighting, zero directional shadows, perfect seamless tiling, no text watermark, no border, no perspective object scene."
SHINOBU_361_HAND_175,Snow_Normal.png,NORMAL_OR_HEIGHT_SOURCE,HABITAT_INTERIORS,Snow_Normal.png,C:\hades\Hecton8\Docs\ArtDrop\SHINOBU_361\All_175_Targets\SHINOBU_361_HAND_175_Snow_Normal,C:\hades\Hecton8\Assets\_Project\Art\TEXTURES\Generated\SHINOBU_361\HABITAT_INTERIORS\Snow_Normal.png,LOOKDEV_APPROVED_REF_SEED_001.png; approved floor/wall style anchor; function-specific seed if needed,C:\hades\Hecton8\Docs\Reports\TextureGeneratorWorkpack_SHINOBU_361\Prompts\All_175_Targets\SHINOBU_361_HAND_175_Snow_Normal.txt,"Heightfield source for Hecton snow or pale cryo-sediment normal map. Create shallow compacted sediment waves, fine ice-dust grain, soft opal mineral fleck relief, gentle compression ridges, and smooth current-polished troughs. This is a normal-source image, so focus on clean height logic, low amplitude, and seamless tiling for broad surfaces. Use flat, top-down, orthogonal orthographic view, completely uniform diffuse lighting, zero directional shadows, perfect seamless tiling, no text watermark, no border, no perspective object scene."
