"lead_id","source_file","source_url","creator_name","channel_url","platform","language","country_or_region","recent_activity_status","last_relevant_video_url","audience_fit_score","segment","contact_route","contact_url","email_publicly_listed","sponsorship_policy","denylist_status","risk_notes","pitch_angle","personalized_opener","status","next_action","verified_by","verified_at","outreach_batch","sent_date","contact_route_verified_for_send","asset_ids_sent","creator_utility_score","paid_creator_permission_gate","utm_content","reply_deadline","followup_allowed","reply_status_after_send","send_route_class","reply_consent_provenance","coverage_url"
"RAW-20260518-001","PRIORITY_CREATOR_SHORTLIST_FROM_RAW_2026-05-18.csv","https://www.letsplayindex.com/channels/13912-cohhcarnage","CohhCarnage","https://www.youtube.com/channel/UCp9TXGvv2-7JVVdyKEi0A6A","YouTube_OFFICIAL_RSS_OR_LPI_RESOLVED","en","United States","YT_RSS_ACTIVE_30D_LAST_2026-05-19","https://www.youtube.com/watch?v=_yFtj3SfiLk","5","direct_underwater_survival","YOUTUBE_ABOUT_EMAIL_GATE_PRESENT_LOGIN_REQUIRED","https://www.youtube.com/channel/UCp9TXGvv2-7JVVdyKEi0A6A/about","YOUTUBE_GATE_PRESENT_EMAIL_NOT_EXTRACTED","SPONSORED_CONTENT_EXISTS_BUT_POLICY_UNKNOWN","CLEAR_HIGH_INBOX_NOISE","YT RSS pass05: active 30d; latest survival-adjacent Conan, not SN2. High inbox noise; demo/clip required. | YT About pass07: email gate present; handle=@CohhCarnage; links=Twitch: twitch.tv/CohhCarnage | Twitch #2: twitch.tv/Cohh | Twitter: twitter.com/cohhcarnage","Broad survival/RPG audience; pitch only with a polished single-player pressure/salvage demo, not screenshots alone.","Audience-fit signal: adjacent underwater-survival coverage. Final copy must stay neutral, use one matched HECTON asset, and mention only pressure/salvage/industrial identity after asset QA, pain freshness fields, and creator-send gates pass.","VERIFY_BEFORE_CONTACT","Asset-gated. Human must verify About contact with login if email gate exists; otherwise do not cold-DM external links unless their public policy allows business contact.","SHINOBU_81_YT_ABOUT_CONTACT_GATE_PASS_07","2026-05-19","","","","","","BLOCKED_NO_PAID_CREATOR_PROOF","","","","","","",""
"RAW-20260518-002","PRIORITY_CREATOR_SHORTLIST_FROM_RAW_2026-05-18.csv","https://www.letsplayindex.com/channels/13250-kage848","Kage848","https://www.youtube.com/channel/UCY6c18sccqyFL6PS5KVpicw","YouTube_OFFICIAL_RSS_OR_LPI_RESOLVED","en","UNKNOWN","YT_RSS_ACTIVE_30D_SN2_LAST_2026-05-19","https://www.youtube.com/watch?v=tQ6ai7O9EJ0","5","direct_underwater_survival","YOUTUBE_ABOUT_EMAIL_GATE_PRESENT_LOGIN_REQUIRED","https://www.youtube.com/channel/UCY6c18sccqyFL6PS5KVpicw/about","YOUTUBE_GATE_PRESENT_EMAIL_NOT_EXTRACTED","UNKNOWN","CLEAR_PENDING_CONTACT_VERIFY","YT About pass06: handle @Kage848; email gate present behind YouTube login; Patreon/Discord links exist but are not business permission. 2026-05-19 RSS marked SN2 coverage; recheck current channel before any send.","Hot recorded underwater-survival target: scavenge/build/repair/descend/return loop, pressure-rated base purpose, and single-player-first scope.","Your recent underwater-survival base/progression coverage is the fit signal. HECTON-8 should be pitched only once we can show a real loop: scavenge, build, repair, descend, return, and understand why the base matters.","VERIFY_BEFORE_CONTACT","After screenshot pack/Steam/demo exists, human reveals YouTube gated business email and uses Kage848 recorded-audience-fit draft from PRIORITY_50_MESSAGE_DRAFTS_FROM_RAW.md.","SHINOBU_81_HOT_UWS_PITCH_MICROBATCH_08","2026-05-19","","","","","","BLOCKED_NO_PAID_CREATOR_PROOF","","","","","","",""
"RAW-20260518-003","PRIORITY_CREATOR_SHORTLIST_FROM_RAW_2026-05-18.csv","https://www.letsplayindex.com/channels/15367-hirnsturz","Hirnsturz","https://www.youtube.com/channel/UC77YTzM1Drg_e9M-bzqaANw","YouTube_OFFICIAL_RSS_OR_LPI_RESOLVED","de","Germany","YT_RSS_ACTIVE_30D_LAST_2026-05-18","https://www.youtube.com/watch?v=D1kuvGx_6SM","5","direct_underwater_survival","YOUTUBE_ABOUT_EMAIL_GATE_PRESENT_LOGIN_REQUIRED","https://www.youtube.com/channel/UC77YTzM1Drg_e9M-bzqaANw/about","YOUTUBE_GATE_PRESENT_EMAIL_NOT_EXTRACTED","UNKNOWN","CLEAR_PENDING_CONTACT_VERIFY","YT RSS pass05: active 30d; latest survival-adjacent Conan. German localized opener required. | YT About pass07: email gate present; handle=@Hirnsturz; links=Livestream: twitch.tv/Hirnsturz | Twitter: twitter.com/HirnsturzZockt | GetHero Network: gethero.de","German first-look: single-player industrial pressure survival with machinery/base risk.","Audience-fit signal: adjacent underwater-survival coverage. Final copy must stay neutral, use one matched HECTON asset, and mention only pressure/salvage/industrial identity after asset QA, pain freshness fields, and creator-send gates pass.","VERIFY_BEFORE_CONTACT","Asset-gated. Human must verify About contact with login if email gate exists; otherwise do not cold-DM external links unless their public policy allows business contact.","SHINOBU_81_YT_ABOUT_CONTACT_GATE_PASS_07","2026-05-19","","","","","","BLOCKED_NO_PAID_CREATOR_PROOF","","","","","","",""
"RAW-20260518-004","PRIORITY_CREATOR_SHORTLIST_FROM_RAW_2026-05-18.csv","https://www.letsplayindex.com/channels/402549-dr-incompetent","Dr. Incompetent","https://www.youtube.com/channel/UCh_YjONE-IHFC_3U_uuW8QQ","YouTube_OFFICIAL_RSS_OR_LPI_RESOLVED","en","United States","YT_RSS_ACTIVE_30D_LAST_2026-05-19","https://www.youtube.com/watch?v=N7MHRU0oQFA","5","direct_underwater_survival","YOUTUBE_ABOUT_EMAIL_GATE_PRESENT_LOGIN_REQUIRED","https://www.youtube.com/channel/UCh_YjONE-IHFC_3U_uuW8QQ/about","YOUTUBE_GATE_PRESENT_EMAIL_NOT_EXTRACTED","UNKNOWN","CLEAR_PENDING_RECENCY","YT RSS pass05: active 30d; latest sci-fi colony/ship management. Good systems-thinking reviewer, not direct Subnautica-first. | YT About pass07: email gate present; handle=@DrIncompetent; links=Twitch: twitch.tv/drincompetentgamer | Discord: discord.gg/6Zdf6xk | Patreon: patreon.com/DrIncompetent?fan_landing=true","Long-form systems explainer: survival infrastructure, readable pressure failure, salvage economy.","Audience-fit signal: adjacent underwater-survival coverage. Final copy must stay neutral, use one matched HECTON asset, and mention only pressure/salvage/industrial identity after asset QA, pain freshness fields, and creator-send gates pass.","VERIFY_BEFORE_CONTACT","Asset-gated. Human must verify About contact with login if email gate exists; otherwise do not cold-DM external links unless their public policy allows business contact.","SHINOBU_81_YT_ABOUT_CONTACT_GATE_PASS_07","2026-05-19","","","","","","BLOCKED_NO_PAID_CREATOR_PROOF","","","","","","",""
"RAW-20260518-005","PRIORITY_CREATOR_SHORTLIST_FROM_RAW_2026-05-18.csv","https://www.letsplayindex.com/channels/895821-insym-vods","Insym VODS","https://www.youtube.com/channel/UC5uNya42ayhsRnZOR3mO6NA","YouTube_OFFICIAL_RSS_OR_LPI_RESOLVED","en","Netherlands","YT_RSS_ACTIVE_30D_LAST_2026-05-19","https://www.youtube.com/watch?v=DtJTgYb4Vwk","5","direct_underwater_survival","YOUTUBE_ABOUT_MANUAL_REQUIRED_NO_EMAIL_FROM_RSS","https://www.youtube.com/channel/UC5uNya42ayhsRnZOR3mO6NA","UNKNOWN","UNKNOWN","CLEAR_BUT_REPOINTED_TO_MAIN","YT RSS pass05: VOD channel active in horror, but this is not the main outreach route. Requires exceptional dread clip and main-channel business verification.","Pressure horror angle: black-water dread, sonar silhouettes, hostile machinery, no jump-scare-only pitch.","Audience-fit signal: adjacent underwater-survival coverage. Final copy must stay neutral, use one matched HECTON asset, and mention only pressure/salvage/industrial identity after asset QA, pain freshness fields, and creator-send gates pass.","NEEDS_ASSET","Do not pitch VOD archive. Recheck main Insym route only after a strong horror/pressure clip exists.","SHINOBU_81_YT_RSS_ACTIVITY_PASS_05","2026-05-19","","","","","","BLOCKED_NO_PAID_CREATOR_PROOF","","","","","","",""
"RAW-20260518-006","PRIORITY_CREATOR_SHORTLIST_FROM_RAW_2026-05-18.csv","https://www.letsplayindex.com/channels/39762-squirrelplus","SquirrelPlus","https://www.youtube.com/channel/UCqw1nlsFp2GeUPjZHZ1Y5iQ","YouTube_OFFICIAL_FROM_LPI","en","United Kingdom","LPI_PROFILE_FETCHED_2026-05-19","","2","direct_underwater_survival","YOUTUBE_ABOUT_OR_TWITCH_MANUAL_REQUIRED","https://www.youtube.com/channel/UCqw1nlsFp2GeUPjZHZ1Y5iQ","UNKNOWN","UNKNOWN","SECONDARY_ARCHIVE_CHANNEL","LPI shows SquirrelPlus as a Twitch livestream archive; top games skew truck/driving sims, not underwater survival. Use only if HECTON-8 has strong vehicle-weight footage.","Vehicle mass, machinery handling, industrial traversal; no Subnautica-comparison pitch.","Your archive audience already watches long-form sim handling. HECTON-8 would only fit later if we can show heavy industrial vehicles moving with real weight.","LOW_PRIORITY_VERIFY_LATER","Park until heavy vehicle clip exists; then verify main channel/contact route manually.","SHINOBU_81_WEB_VERIFY_PASS_04","2026-05-19","","","","","","BLOCKED_NO_PAID_CREATOR_PROOF","","","","","","",""
"RAW-20260518-007","PRIORITY_CREATOR_SHORTLIST_FROM_RAW_2026-05-18.csv","https://www.letsplayindex.com/channels/15261-dads-gaming-addiction","Dad's Gaming Addiction","https://www.youtube.com/channel/UC8_zCExQ9M7UI_3Aw8Kcnzw","YouTube_OFFICIAL_RSS_OR_LPI_RESOLVED","en","UNKNOWN","YT_RSS_ACTIVE_30D_LAST_2026-05-18","https://www.youtube.com/watch?v=2p3n0bMxHhg","5","direct_underwater_survival","YOUTUBE_ABOUT_EMAIL_GATE_PRESENT_LOGIN_REQUIRED","https://www.youtube.com/channel/UC8_zCExQ9M7UI_3Aw8Kcnzw/about","YOUTUBE_GATE_PRESENT_EMAIL_NOT_EXTRACTED","UNKNOWN","PENDING_RECENCY","YT RSS pass05: handle resolved to official channel and active 30d. Broad strategy/sci-fi audience; modest priority. | YT About pass07: email gate present; handle=@DadsGamingAddiction; links=Dad's Gaming Addiction: dadsgamingaddiction.com | Patreon: patreon.com/dadsgamingaddiction?ty=h | Discord: discord.gg/XcAerYN","First-impression/review: pressure systems and base survival clarity.","Audience-fit signal: adjacent underwater-survival coverage. Final copy must stay neutral, use one matched HECTON asset, and mention only pressure/salvage/industrial identity after asset QA, pain freshness fields, and creator-send gates pass.","VERIFY_BEFORE_CONTACT","Asset-gated. Human must verify About contact with login if email gate exists; otherwise do not cold-DM external links unless their public policy allows business contact.","SHINOBU_81_YT_ABOUT_CONTACT_GATE_PASS_07","2026-05-19","","","","","","BLOCKED_NO_PAID_CREATOR_PROOF","","","","","","",""
"RAW-20260518-008","PRIORITY_CREATOR_SHORTLIST_FROM_RAW_2026-05-18.csv","https://www.letsplayindex.com/channels/15592-jade-pg","Jade PG","https://www.youtube.com/channel/UC2j9bvhIZIeeI2DdLK59B7A","YouTube_OFFICIAL_FROM_LPI","en","United Kingdom","ACTIVE_2026_LPI_LATEST_2026-01-13","","5","direct_underwater_survival","PUBLIC_BUSINESS_EMAIL_FROM_LPI_ABOUT","jadepg.biz@gmail.com","YES","SURVIVAL_NEWS_GUIDES_CHANNEL_POLICY_UNKNOWN","CLEAR_NEEDS_ASSET","Strong survival-news/guides fit with public business email listed on LPI. Send nothing until screenshot/Steam/demo asset exists; likely wants concrete survival hook.","Survival news/guides: industrial underwater survival, base pressure failures, salvage routes, Steam page beat.","Audience-fit signal: adjacent underwater-survival coverage. Final copy must stay neutral, use one matched HECTON asset, and mention only pressure/salvage/industrial identity after asset QA, pain freshness fields, and creator-send gates pass.","NEEDS_ASSET","Hold until screenshots or Steam page; then write a concise survival-news pitch with one playable hook and presskit link.","SHINOBU_81_WEB_VERIFY_PASS_01","2026-05-19","","","","","","BLOCKED_NO_PAID_CREATOR_PROOF","","","","","","",""
"RAW-20260518-009","PRIORITY_CREATOR_SHORTLIST_FROM_RAW_2026-05-18.csv","https://www.letsplayindex.com/channels/1442998-bb-steam-review","BB Steam Review","https://www.youtube.com/channel/UC-sYWuCaAZQv_qSDJ8mXmRA","YouTube_OFFICIAL_FROM_LPI","da_or_en","Denmark","ACTIVE_2026_LPI_LATEST_2026-05-17","","5","direct_underwater_survival","YOUTUBE_ABOUT_MANUAL_REQUIRED","https://www.youtube.com/channel/UC-sYWuCaAZQv_qSDJ8mXmRA","UNKNOWN","UNKNOWN","LOW_PRIORITY_CONTENT_FORMAT","Very active but format is Steam-review aggregation with low per-video views. Weak fit for early scarce keys; maybe useful for launch review scraping sentiment, not creator-first outreach.","Only relevant after Steam page/demo if they cover Steam review humor; no early build/key priority.","Audience-fit signal: adjacent underwater-survival coverage. Final copy must stay neutral, use one matched HECTON asset, and mention only pressure/salvage/industrial identity after asset QA, pain freshness fields, and creator-send gates pass.","LOW_PRIORITY_VERIFY_LATER","Defer until after public Steam page; verify contact only if spare capacity remains.","SHINOBU_81_WEB_VERIFY_PASS_01","2026-05-19","","","","","","BLOCKED_NO_PAID_CREATOR_PROOF","","","","","","",""
"RAW-20260518-010","PRIORITY_CREATOR_SHORTLIST_FROM_RAW_2026-05-18.csv","https://www.letsplayindex.com/channels/18004-letsplay","LetsPlay","https://www.youtube.com/channel/UCkxctb0jr8vwa4Do6c6su0Q","YouTube_OFFICIAL_FROM_LPI","en","United States","INACTIVE_OR_OFF_SCOPE_LPI_LATEST_2024-05","","4","abyss_horror_pressure","DO_NOT_CONTACT","","UNKNOWN","UNKNOWN","DO_NOT_CONTACT_OFF_SCOPE","Huge channel but current LPI latest videos are 2024 and format is Regulation/F**kface gameplay, not a useful early HECTON-8 survival target. Not worth low-budget outreach.","None.","Your audience responds to horror/abyss tension. HECTON-8 should be pitched through instruments, sound, pressure, and black-water dread rather than creature spam or jump scares.","DO_NOT_CONTACT","Exclude from first 250 unless new evidence shows current survival coverage.","SHINOBU_81_WEB_VERIFY_PASS_01","2026-05-19","","","","","","BLOCKED_NO_PAID_CREATOR_PROOF","","","","","","",""
"RAW-20260518-011","PRIORITY_CREATOR_SHORTLIST_FROM_RAW_2026-05-18.csv","https://www.letsplayindex.com/channels/13473-keysjore","KeysJore","https://www.youtube.com/channel/UCOTyb6e_v9cz2Bu7VzFW7tg","YouTube_OFFICIAL_FROM_LPI","de","Switzerland/Germany","ACTIVE_2026_LPI_LATEST_2026-02-26","","5","direct_underwater_survival","PUBLIC_BUSINESS_EMAIL_FROM_LPI_ABOUT","keysjore@pbnj.gg","YES","BUSINESS_EMAIL_LISTED_POLICY_UNKNOWN","CLEAR_NEEDS_LOCALIZED_ASSET","Large German-language creator with public business email in LPI about text. High value but likely expensive/noisy; only contact with localized page, strong clip, and clear build state.","German-language survival/horror first look: pressure, machinery, Seed Ship anomaly, single-player clarity.","Audience-fit signal: adjacent underwater-survival coverage. Final copy must stay neutral, use one matched HECTON asset, and mention only pressure/salvage/industrial identity after asset QA, pain freshness fields, and creator-send gates pass.","NEEDS_ASSET","Hold until German-safe pitch plus screenshot/clip exists; verify email on official YouTube About before sending.","SHINOBU_81_WEB_VERIFY_PASS_01","2026-05-19","","","","","","BLOCKED_NO_PAID_CREATOR_PROOF","","","","","","",""
"RAW-20260518-012","PRIORITY_CREATOR_SHORTLIST_FROM_RAW_2026-05-18.csv","https://www.letsplayindex.com/channels/20855-worth-a-buy","Worth A Buy","https://www.youtube.com/channel/UCr9NjksyG63xCTy_TtpVCmg","YouTube_OFFICIAL_RSS_OR_LPI_RESOLVED","en","United Kingdom","YT_RSS_ACTIVE_30D_LAST_2026-05-05_CONTENT_MISMATCH","https://www.youtube.com/watch?v=Y0SJ7sjqsEE","5","direct_underwater_survival","YOUTUBE_ABOUT_MANUAL_REQUIRED_NO_EMAIL_FROM_RSS","https://www.youtube.com/channel/UCr9NjksyG63xCTy_TtpVCmg","UNKNOWN","REVIEW_CHANNEL_POLICY_UNKNOWN","HIGH_RISK_REVIEWER_TONE","YT RSS pass05: channel active but latest visible content is not survival/underwater and language/content fit is uncertain. Demoted from first-wave creator verification.","Only pitch if demo is strong: no hype, direct review key with clear current-build boundaries.","Audience-fit signal: adjacent underwater-survival coverage. Final copy must stay neutral, use one matched HECTON asset, and mention only pressure/salvage/industrial identity after asset QA, pain freshness fields, and creator-send gates pass.","LOW_PRIORITY_VERIFY_LATER","Defer. Recheck only if a recent PC review/survival video appears or press-style review target list needs expansion.","SHINOBU_81_YT_RSS_ACTIVITY_PASS_05","2026-05-19","","","","","","BLOCKED_NO_PAID_CREATOR_PROOF","","","","","","",""
"RAW-20260518-013","PRIORITY_CREATOR_SHORTLIST_FROM_RAW_2026-05-18.csv","https://www.letsplayindex.com/channels/18273-aldemarhd","AldemarHD","https://www.youtube.com/channel/UCC3Q_lQmWNoFK8zzBylwy4A","YouTube_OFFICIAL_RSS_OR_LPI_RESOLVED","de","Germany","YT_RSS_ACTIVE_30D_SN2_LAST_2026-05-18","https://www.youtube.com/watch?v=bG-yhVJCld0","5","direct_underwater_survival","YOUTUBE_ABOUT_EMAIL_GATE_PRESENT_LOGIN_REQUIRED","https://www.youtube.com/channel/UCC3Q_lQmWNoFK8zzBylwy4A/about","YOUTUBE_GATE_PRESENT_EMAIL_NOT_EXTRACTED","UNKNOWN","CLEAR_PENDING_CONTACT_VERIFY","YT About pass06: handle @AldemarHD; email gate present behind YouTube login; Discord/Twitch/Instagram links exist but not automatic pitch permission. 2026-05-18 RSS marked SN2 German coverage; recheck current channel before any send.","Hot recorded German underwater-survival target: long-form pressure/salvage/machinery, black-water identity, German-safe copy.","Your recent German underwater-survival coverage is the fit signal. HECTON-8 should be pitched as single-player pressure, salvage, machinery, and black-water survival after German-safe assets exist.","VERIFY_BEFORE_CONTACT","After German screenshot pack/Steam page exists, human reveals gated YouTube email and uses AldemarHD German draft from PRIORITY_50_MESSAGE_DRAFTS_FROM_RAW.md.","SHINOBU_81_HOT_UWS_PITCH_MICROBATCH_08","2026-05-19","","","","","","BLOCKED_NO_PAID_CREATOR_PROOF","","","","","","",""
"RAW-20260518-014","PRIORITY_CREATOR_SHORTLIST_FROM_RAW_2026-05-18.csv","https://www.letsplayindex.com/channels/141598-michael-j-gets-the-job-done","Michael J. Gets The Job Done","https://www.youtube.com/channel/UC_V21pNR3YXwpO_Oapsj0Ug","YouTube_OFFICIAL_FROM_LPI","de_or_en","Germany","ACTIVE_2026_LPI_LATEST_SN2_2026-05-16","","5","direct_underwater_survival","YOUTUBE_ABOUT_MANUAL_REQUIRED","https://www.youtube.com/channel/UC_V21pNR3YXwpO_Oapsj0Ug","UNKNOWN","UNKNOWN","CLEAR_NEEDS_ASSET","Active SN2 coverage on 2026-05-15/16 and strong Subnautica history; no-commentary/full-run format means asset/demo matters more than personality pitch.","German/English no-commentary first look: single-player industrial pressure and salvage route proof.","Audience-fit signal: adjacent underwater-survival coverage. Final copy must stay neutral, use one matched HECTON asset, and mention only pressure/salvage/industrial identity after asset QA, pain freshness fields, and creator-send gates pass.","NEEDS_ASSET","Hold until Steam page or demo; verify YouTube About contact route and whether no-commentary format accepts indie keys.","SHINOBU_81_WEB_VERIFY_PASS_02","2026-05-19","","","","","","BLOCKED_NO_PAID_CREATOR_PROOF","","","","","","",""
"RAW-20260518-015","PRIORITY_CREATOR_SHORTLIST_FROM_RAW_2026-05-18.csv","https://www.letsplayindex.com/channels/19115-staf-52","STAF_52","https://www.youtube.com/channel/UCqcIux3vgixlPd7_ud8S3ZA","YouTube_OFFICIAL_FROM_LPI","fr","France","ACTIVE_2026_LPI_LATEST_SN2_2026-05-17","","5","direct_underwater_survival","PUBLIC_BUSINESS_EMAIL_FROM_LPI_ABOUT","staf_52@outlook.com","YES","BUSINESS_EMAIL_LISTED_POLICY_UNKNOWN","CLEAR_NEEDS_ASSET","French survival/PVP/PVE creator with explicit business email and SN2 coverage. Good regional candidate after screenshots/Steam page.","French survival discovery: pressure-rated base, salvage, black-water route risk.","Audience-fit signal: adjacent underwater-survival coverage. Final copy must stay neutral, use one matched HECTON asset, and mention only pressure/salvage/industrial identity after asset QA, pain freshness fields, and creator-send gates pass.","NEEDS_ASSET","Prepare French localized pitch after screenshot pack; verify email on official YouTube About before sending.","SHINOBU_81_WEB_VERIFY_PASS_02","2026-05-19","","","","","","BLOCKED_NO_PAID_CREATOR_PROOF","","","","","","",""
"RAW-20260518-016","PRIORITY_CREATOR_SHORTLIST_FROM_RAW_2026-05-18.csv","https://www.letsplayindex.com/channels/16605-zvergy","Zvergy","https://www.youtube.com/channel/UCRzmmbzWVBSA_mDfmqk5hOg","YouTube_OFFICIAL_RSS_OR_LPI_RESOLVED","de","Germany","YT_RSS_ACTIVE_30D_LAST_2026-05-18","https://www.youtube.com/watch?v=HAhBNHh_qkY","5","direct_underwater_survival","YOUTUBE_ABOUT_EMAIL_GATE_PRESENT_LOGIN_REQUIRED","https://www.youtube.com/channel/UCRzmmbzWVBSA_mDfmqk5hOg/about","YOUTUBE_GATE_PRESENT_EMAIL_NOT_EXTRACTED","MANAGEMENT_OR_PRESS_ROUTE_UNKNOWN","CLEAR_HIGH_FIT_ENGINEERING","YT RSS pass05: active 30d; latest Timberborn indicates systems/base audience. Good German systems fit. | YT About pass07: email gate present; handle=@Zvergy; links=Twitch: twitch.tv/zvergy | Zvergshop.de: zvergshop.de | TikTok: tiktok.com/@zvergytok","German engineering/base systems: machinery, pressure infrastructure, readable failure.","Audience-fit signal: adjacent underwater-survival coverage. Final copy must stay neutral, use one matched HECTON asset, and mention only pressure/salvage/industrial identity after asset QA, pain freshness fields, and creator-send gates pass.","VERIFY_BEFORE_CONTACT","Asset-gated. Human must verify About contact with login if email gate exists; otherwise do not cold-DM external links unless their public policy allows business contact.","SHINOBU_81_YT_ABOUT_CONTACT_GATE_PASS_07","2026-05-19","","","","","","BLOCKED_NO_PAID_CREATOR_PROOF","","","","","","",""
"RAW-20260518-017","PRIORITY_CREATOR_SHORTLIST_FROM_RAW_2026-05-18.csv","https://www.letsplayindex.com/channels/18724-edes-lets-plays","Edes Lets Plays","https://www.youtube.com/channel/UCrVpBi8aDXlK-aNS1PF_D0A","YouTube_OFFICIAL_FROM_LPI","de_or_en","Germany","ACTIVE_2026_LPI_LATEST_SN2_2026-05-16","","5","direct_underwater_survival","YOUTUBE_ABOUT_OR_SOCIAL_MANUAL_REQUIRED","https://twitter.com/EdesLetsPlays","UNKNOWN","UNKNOWN","CLEAR_NEEDS_ASSET","Active survival/simulation channel with multiple SN2 videos on launch week; no public business email found in LPI snapshot.","German survival/simulation: base machinery, salvage routes, black-water pressure.","Audience-fit signal: adjacent underwater-survival coverage. Final copy must stay neutral, use one matched HECTON asset, and mention only pressure/salvage/industrial identity after asset QA, pain freshness fields, and creator-send gates pass.","NEEDS_ASSET","Verify official About/contact route; hold until screenshot/Steam page or demo exists.","SHINOBU_81_WEB_VERIFY_PASS_02","2026-05-19","","","","","","BLOCKED_NO_PAID_CREATOR_PROOF","","","","","","",""
"RAW-20260518-018","PRIORITY_CREATOR_SHORTLIST_FROM_RAW_2026-05-18.csv","https://www.letsplayindex.com/channels/130582-neyreyan","Neyreyan","https://www.youtube.com/channel/UCBsnHsQPGiOC5m9GPPB0m0g","YouTube_OFFICIAL_RSS_OR_LPI_RESOLVED","en_or_ro","Romania","YT_RSS_ACTIVE_30D_SN2_LAST_2026-05-18","https://www.youtube.com/watch?v=T9oYaLsXHnw","4","abyss_horror_pressure","YOUTUBE_ABOUT_EMAIL_GATE_PRESENT_LOGIN_REQUIRED","https://www.youtube.com/channel/UCBsnHsQPGiOC5m9GPPB0m0g/about","YOUTUBE_GATE_PRESENT_EMAIL_NOT_EXTRACTED","UNKNOWN","CLEAR_SMALL_NICHE","YT About pass06: handle @Neyreyan; email gate present behind YouTube login; no external links parsed. 2026-05-18 RSS marked SN2 coverage; recheck current channel before any send.","Hot recorded underwater-survival smaller creator: private demo/playtest feedback on first-route clarity, pressure risk, and machine readability.","Your recent underwater-survival coverage is the fit signal. HECTON-8 is best pitched as a private demo/playtest feedback ask: does the first route explain descent, machine purpose, and risk clearly?","VERIFY_BEFORE_CONTACT","After private demo route is stable, human reveals gated YouTube email and uses Neyreyan draft from PRIORITY_50_MESSAGE_DRAFTS_FROM_RAW.md.","SHINOBU_81_HOT_UWS_PITCH_MICROBATCH_08","2026-05-19","","","","","","BLOCKED_NO_PAID_CREATOR_PROOF","","","","","","",""
"RAW-20260518-019","PRIORITY_CREATOR_SHORTLIST_FROM_RAW_2026-05-18.csv","https://www.letsplayindex.com/channels/26331-zombyra","Zombyra","https://www.youtube.com/channel/UCIpH1hIJbW6DSdqvV8zRwHw","YouTube_OFFICIAL_RSS_OR_LPI_RESOLVED","de","Germany","YT_RSS_ACTIVE_30D_SN2_LAST_2026-05-18","https://www.youtube.com/watch?v=jLIgAP8DpJQ","5","direct_underwater_survival","YOUTUBE_ABOUT_EMAIL_GATE_PRESENT_LOGIN_REQUIRED","https://www.youtube.com/channel/UCIpH1hIJbW6DSdqvV8zRwHw/about","YOUTUBE_GATE_PRESENT_EMAIL_NOT_EXTRACTED","UNKNOWN","CLEAR_SMALL_SURVIVAL","YT About pass06: handle @Zombyra; email gate present behind YouTube login; Twitch/social/support links exist. 2026-05-18 RSS marked SN2 co-op coverage; recheck current channel before any send and control single-player expectation risk.","Hot recorded German multiplayer-scope expectation risk target: single-player pressure route, maintenance, and base survival. Use single-player-first scope and avoid multiplayer-scope implication.","Your recent German underwater-survival coverage creates a multiplayer-scope expectation risk, so the HECTON-8 pitch must state single-player-first scope and avoid any multiplayer-scope implication.","VERIFY_BEFORE_CONTACT","After German assets exist, human reveals gated YouTube email and uses Zombyra draft with single-player-first scope line from PRIORITY_50_MESSAGE_DRAFTS_FROM_RAW.md.","SHINOBU_81_HOT_UWS_PITCH_MICROBATCH_08","2026-05-19","","","","","","BLOCKED_NO_PAID_CREATOR_PROOF","","","","","","",""
"RAW-20260518-020","PRIORITY_CREATOR_SHORTLIST_FROM_RAW_2026-05-18.csv","https://www.letsplayindex.com/channels/1093413-nerdzeitalter","Nerdzeitalter","https://www.youtube.com/channel/UCX0lX7iIMYxUpLDcejHirtQ","YouTube_OFFICIAL_RSS_OR_LPI_RESOLVED","de","Germany","YT_RSS_ACTIVE_30D_LAST_2026-05-18","https://www.youtube.com/watch?v=8kppxz1FiZ4","4","engineering_base_systems","YOUTUBE_ABOUT_EMAIL_GATE_PRESENT_LOGIN_REQUIRED","https://www.youtube.com/channel/UCX0lX7iIMYxUpLDcejHirtQ/about","YOUTUBE_GATE_PRESENT_EMAIL_NOT_EXTRACTED","UNKNOWN","CLEAR_PENDING_CONTACT_VERIFY","YT RSS pass05: active 30d; current content has coop wording, but LPI top games show Space Engineers/Satisfactory systems fit. | YT About pass07: email gate present; handle=@Nerdzeitalter; links=Nerdzeitalter auf Twitch: twitch.tv/nerdzeitalter | Nerdzeitalter auf Discord: discord.gg/KU27wAXfWR | Nerdzeitalter auf Patreon: patreon.com/Nerdzeitalter/posts","German engineering angle: pressure-rated bases, salvage logistics, machinery routing, single-player survival systems.","Your Space Engineers and Satisfactory coverage suggests a systems-first audience. HECTON-8 should be pitched as pressure/base logistics, not just another underwater survival game.","VERIFY_BEFORE_CONTACT","Asset-gated. Human must verify About contact with login if email gate exists; otherwise do not cold-DM external links unless their public policy allows business contact.","SHINOBU_81_YT_ABOUT_CONTACT_GATE_PASS_07","2026-05-19","","","","","","BLOCKED_NO_PAID_CREATOR_PROOF","","","","","","",""
"RAW-20260518-021","PRIORITY_CREATOR_SHORTLIST_FROM_RAW_2026-05-18.csv","https://www.letsplayindex.com/channels/980629-el-ruobuob","El Ruobuob","https://www.youtube.com/channel/UCPyKVEzyZcQTpmbSzjmbjJw","YouTube_OFFICIAL_FROM_LPI","fr","France","OLD_OR_INACTIVE_LPI_LATEST_2025-06","","4","abyss_horror_pressure","TWITCH_OR_YOUTUBE_ABOUT_MANUAL_REQUIRED","https://www.twitch.tv/el00ruobuob","UNKNOWN","UNKNOWN","LOW_PRIORITY_INACTIVE","French systems/base audience but latest LPI activity is 2025-06 and low reach; not first outreach wave.","French engineering/base systems if reactivated.","Your audience responds to horror/abyss tension. HECTON-8 should be pitched through instruments, sound, pressure, and black-water dread rather than creature spam or jump scares.","LOW_PRIORITY_VERIFY_LATER","Defer; recheck activity only after higher-fit active French leads are done.","SHINOBU_81_WEB_VERIFY_PASS_02","2026-05-19","","","","","","BLOCKED_NO_PAID_CREATOR_PROOF","","","","","","",""
"RAW-20260518-022","PRIORITY_CREATOR_SHORTLIST_FROM_RAW_2026-05-18.csv","https://www.letsplayindex.com/channels/141358-playstation-planet","PlayStation Planet","https://www.youtube.com/channel/UC3XPcepY2FDgRbOSDjrv6aA","YouTube_OFFICIAL_FROM_LPI","en","UNKNOWN","LPI_PROFILE_FETCHED_2026-05-19","","2","engineering_base_systems","YOUTUBE_ABOUT_MANUAL_REQUIRED","https://www.youtube.com/channel/UC3XPcepY2FDgRbOSDjrv6aA","UNKNOWN","UNKNOWN","PLATFORM_MISMATCH_PC_FIRST","LPI describes PlayStation Planet as PlayStation news/deals/PS Plus content. HECTON-8 has no console promise; early pitch would be off-target.","Only later if console plans exist: dark survival PC-to-console watchlist, not creator key outreach.","Your channel is PlayStation-news focused, so HECTON-8 only becomes relevant when there is a credible console-facing asset or announcement.","LOW_PRIORITY_VERIFY_LATER","Do not contact in PC-only phase; revisit if console roadmap becomes real.","SHINOBU_81_WEB_VERIFY_PASS_04","2026-05-19","","","","","","BLOCKED_NO_PAID_CREATOR_PROOF","","","","","","",""
"RAW-20260518-023","PRIORITY_CREATOR_SHORTLIST_FROM_RAW_2026-05-18.csv","https://www.letsplayindex.com/channels/145301-benny-harvey","Benny Harvey","https://www.youtube.com/channel/UC4menF9LGe77bQvl6Ad1BAQ","YouTube_OFFICIAL_FROM_LPI","en","United Kingdom","ACTIVE_2026_LPI_BUT_ARCHIVE_FORMAT","","4","engineering_base_systems","DO_NOT_CONTACT_ARCHIVE","","UNKNOWN","ARCHIVE_NOT_CREATOR_OUTREACH_TARGET","DO_NOT_CONTACT_ARCHIVE","VOD archive of Limmy, explicitly says not Limmy. Not an outreach target despite activity.","None.","Your audience values systems and construction. HECTON-8 should be pitched as habitat/base survival where pumps, oxygen, power, salvage, and pressure-rated machinery visibly matter.","DO_NOT_CONTACT","Exclude from creator outreach; only monitor as audience-sentiment surface if relevant.","SHINOBU_81_WEB_VERIFY_PASS_02","2026-05-19","","","","","","BLOCKED_NO_PAID_CREATOR_PROOF","","","","","","",""
"RAW-20260518-024","PRIORITY_CREATOR_SHORTLIST_FROM_RAW_2026-05-18.csv","https://www.letsplayindex.com/channels/217605-helyalp","HelyaLP","https://www.youtube.com/channel/UC8cOxJe6yh8uWVNNOs7dw5A","YouTube_OFFICIAL_RSS_OR_LPI_RESOLVED","de","Germany","YT_RSS_ACTIVE_30D_SN2_LAST_2026-05-18","https://www.youtube.com/watch?v=zd-xntpiok0","5","direct_underwater_survival","YOUTUBE_ABOUT_EXTERNAL_LINKS_ONLY_NO_EMAIL_GATE_FOUND","https://www.youtube.com/channel/UC8cOxJe6yh8uWVNNOs7dw5A/about","NO_PUBLIC_EMAIL_VISIBLE_IN_FETCH","UNKNOWN","CLEAR_SMALL_GERMAN_SURVIVAL","YT About pass06: handle @HelyaLP; no email gate found in fetched About; Twitch/Twitter/upload-plan links parsed. 2026-05-18 RSS marked SN2 German coverage; recheck current channel before any send.","Hot recorded German underwater-survival target but weak contact route: survival first-look only if public business route is verified.","Your recent German underwater-survival coverage is relevant, but fetched About page showed external links only and no email gate. Do not cold-DM unless a public business route is confirmed.","VERIFY_BEFORE_CONTACT","Skip send until public business route is verified; if verified and German assets exist, use HelyaLP draft from PRIORITY_50_MESSAGE_DRAFTS_FROM_RAW.md.","SHINOBU_81_HOT_UWS_PITCH_MICROBATCH_08","2026-05-19","","","","","","BLOCKED_NO_PAID_CREATOR_PROOF","","","","","","",""
"RAW-20260518-025","PRIORITY_CREATOR_SHORTLIST_FROM_RAW_2026-05-18.csv","https://www.letsplayindex.com/channels/157867-players-level","-Players Level-","https://www.youtube.com/channel/UCdiDk5PV3GjQwHejta0eVBQ","YouTube_OFFICIAL_FROM_LPI","de","Germany","LPI_PROFILE_FETCHED_2026-05-19","","2","engineering_base_systems","YOUTUBE_ABOUT_MANUAL_REQUIRED","https://www.youtube.com/channel/UCdiDk5PV3GjQwHejta0eVBQ","UNKNOWN","UNKNOWN","LOW_REACH_CLEAR_PENDING_VERIFY","Very small German channel by LPI stats, but games skew survival/hardcore. Better as possible micro-playtest, not first-wave marketing.","German micro-playtest: base failure, survival pressure, machine readability.","Your survival-heavy catalog may be useful for feedback on whether HECTON-8 reads clearly without tutorial over-explaining.","LOW_PRIORITY_VERIFY_LATER","Park for later micro-playtest batch after route and onboarding are stable.","SHINOBU_81_WEB_VERIFY_PASS_04","2026-05-19","","","","","","BLOCKED_NO_PAID_CREATOR_PROOF","","","","","","",""
"RAW-20260518-026","PRIORITY_CREATOR_SHORTLIST_FROM_RAW_2026-05-18.csv","https://www.letsplayindex.com/channels/20439-spielbaerlp","SpielbaerLP","https://www.youtube.com/channel/UCcgJQhSzBzU5SEx91xbA6Rw","YouTube_OFFICIAL_RSS_OR_LPI_RESOLVED","de","Germany","YT_RSS_ACTIVE_30D_SN2_LAST_2026-05-18","https://www.youtube.com/watch?v=VaviHlBtKDk","5","direct_underwater_survival","YOUTUBE_ABOUT_EMAIL_GATE_PRESENT_LOGIN_REQUIRED","https://www.youtube.com/channel/UCcgJQhSzBzU5SEx91xbA6Rw/about","YOUTUBE_GATE_PRESENT_EMAIL_NOT_EXTRACTED","UNKNOWN","CLEAR_HIGH_FIT_BUT_RECENCY_CHECK","YT About pass06: handle @SpielbaerLP; email gate present behind YouTube login; Twitch/Instagram/Gportal links exist. 2026-05-18 RSS marked SN2 German coverage; recheck current channel before any send.","Hot recorded German underwater-survival systems target: base/machinery survival, pressure habitat as machine, energy/oxygen/maintenance readability.","Your recent German underwater-survival coverage and systems/building fit are the relevant signals. HECTON-8 should be pitched through pressure habitats as machines, not mood-only underwater shots.","VERIFY_BEFORE_CONTACT","After German base/machinery screenshots or demo exist, human reveals gated YouTube email and uses SpielbaerLP draft from PRIORITY_50_MESSAGE_DRAFTS_FROM_RAW.md.","SHINOBU_81_HOT_UWS_PITCH_MICROBATCH_08","2026-05-19","","","","","","BLOCKED_NO_PAID_CREATOR_PROOF","","","","","","",""
"RAW-20260518-027","PRIORITY_CREATOR_SHORTLIST_FROM_RAW_2026-05-18.csv","https://www.letsplayindex.com/channels/2837023-bigvladgaming","BigVladGaming","https://www.youtube.com/channel/UCHDtfrjV8UMLQ8NngTswXRg","YouTube_OFFICIAL_FROM_LPI","en","UNKNOWN","ACTIVE_2026_LPI_LATEST_2026-05-17","","4","engineering_base_systems","YOUTUBE_ABOUT_MANUAL_REQUIRED","https://www.youtube.com/channel/UCHDtfrjV8UMLQ8NngTswXRg","UNKNOWN","UNKNOWN","LOW_REACH_CLEAR","Very active small long-form channel with broad PC/console coverage, but low views. Useful for long-tail testing, not first splash.","Long-form chill first look: survival systems and route clarity.","Your audience values systems and construction. HECTON-8 should be pitched as habitat/base survival where pumps, oxygen, power, salvage, and pressure-rated machinery visibly matter.","LOW_PRIORITY_VERIFY_LATER","Defer until demo wave; verify contact route only if low-cost tester pool needs more coverage.","SHINOBU_81_WEB_VERIFY_PASS_02","2026-05-19","","","","","","BLOCKED_NO_PAID_CREATOR_PROOF","","","","","","",""
"RAW-20260518-028","PRIORITY_CREATOR_SHORTLIST_FROM_RAW_2026-05-18.csv","https://www.letsplayindex.com/channels/18328-nooblets","NOOBLETS","https://www.youtube.com/channel/UCw5JmHPCmGqfp5ZwgB31HkA","YouTube_OFFICIAL_RSS_OR_LPI_RESOLVED","en","United Kingdom","YT_RSS_ACTIVE_30D_LAST_2026-05-16","https://www.youtube.com/watch?v=T-yTZ40OC3Q","4","engineering_base_systems","YOUTUBE_ABOUT_EMAIL_GATE_PRESENT_LOGIN_REQUIRED","https://www.youtube.com/channel/UCw5JmHPCmGqfp5ZwgB31HkA/about","YOUTUBE_GATE_PRESENT_EMAIL_NOT_EXTRACTED","UNKNOWN","CLEAR_NEEDS_STRONG_SURVIVAL_ASSET","YT RSS pass05: active 30d; latest Star Citizen/ships content. Systems/vehicle angle possible, not direct underwater-first. | YT About pass07: email gate present; handle=@NOOBLETS; links=Twitter: twitter.com/NOOBLETSCOM | Tip Jar: paypal.com/cgi-bin/webscr?cmd=_s-xclick&hosted_button_id=CVM66VNNHNE7N | NOOBLETS STORE: teespring.com/en-GB/stores/nooblets","Survival creature/base risk: pressure, hostile environment, heavy machinery, route failure.","Your audience values systems and construction. HECTON-8 should be pitched as habitat/base survival where pumps, oxygen, power, salvage, and pressure-rated machinery visibly matter.","VERIFY_BEFORE_CONTACT","Asset-gated. Human must verify About contact with login if email gate exists; otherwise do not cold-DM external links unless their public policy allows business contact.","SHINOBU_81_YT_ABOUT_CONTACT_GATE_PASS_07","2026-05-19","","","","","","BLOCKED_NO_PAID_CREATOR_PROOF","","","","","","",""
"RAW-20260518-029","PRIORITY_CREATOR_SHORTLIST_FROM_RAW_2026-05-18.csv","https://www.letsplayindex.com/channels/79141-farket","Farket","https://www.youtube.com/channel/UCY2i-o_WsKTcos0sdsyN_PA","YouTube_OFFICIAL_FROM_LPI","en","Australia","LPI_PROFILE_FETCHED_2026-05-19","","5","direct_underwater_survival","YOUTUBE_ABOUT_MANUAL_REQUIRED","https://www.youtube.com/channel/UCY2i-o_WsKTcos0sdsyN_PA","UNKNOWN","UNKNOWN","CLEAR_HIGH_INBOX_NOISE","A-tier survival/building analysis fit. LPI shows heavy Forest/Sons of the Forest, building advice, Stranded Deep, Green Hell. Needs strong demo, not raw screenshots.","Survival-builder analysis: pressure systems, habitat failure, salvage routes, heavy construction constraints.","Your Forest/Sons building analysis audience would punish shallow systems. HECTON-8 should only be sent when we can prove the base/machine loop in motion.","NEEDS_ASSET","Hold until playable demo or tight 20s systems clip exists; then verify contact route and prepare non-generic opener.","SHINOBU_81_WEB_VERIFY_PASS_04","2026-05-19","","","","","","BLOCKED_NO_PAID_CREATOR_PROOF","","","","","","",""
"RAW-20260518-030","PRIORITY_CREATOR_SHORTLIST_FROM_RAW_2026-05-18.csv","https://www.letsplayindex.com/channels/15219-games4kickz","Games4Kickz","https://www.youtube.com/channel/UCpUd5vf6lvW9XeJkTTR8UGw","YouTube_OFFICIAL_RSS_OR_LPI_RESOLVED","en","Ireland","YT_RSS_ACTIVE_30D_LAST_2026-05-10","https://www.youtube.com/watch?v=KdvM3Qs04dU","5","direct_underwater_survival","YOUTUBE_ABOUT_EMAIL_GATE_PRESENT_LOGIN_REQUIRED","https://www.youtube.com/channel/UCpUd5vf6lvW9XeJkTTR8UGw/about","YOUTUBE_GATE_PRESENT_EMAIL_NOT_EXTRACTED","DEVELOPER_CONTACT_INVITED_IN_ABOUT_TEXT_THIRD_PARTY","CLEAR_NEEDS_OFFICIAL_VERIFY","YT RSS pass05: LPI/user feed resolved official channel and active 30d; latest Conan survival-adjacent. | YT About pass07: email gate present; handle=@Games4Kickz; links=SUBSCRIBE: youtube.com/Games4Kickz?sub_confirmation=1 | BECOME A MEMBER: youtube.com/Games4Kickz/join","Survival/horror daily coverage: pressure survival, base failures, black-water route risk.","Audience-fit signal: adjacent underwater-survival coverage. Final copy must stay neutral, use one matched HECTON asset, and mention only pressure/salvage/industrial identity after asset QA, pain freshness fields, and creator-send gates pass.","VERIFY_BEFORE_CONTACT","Asset-gated. Human must verify About contact with login if email gate exists; otherwise do not cold-DM external links unless their public policy allows business contact.","SHINOBU_81_YT_ABOUT_CONTACT_GATE_PASS_07","2026-05-19","","","","","","BLOCKED_NO_PAID_CREATOR_PROOF","","","","","","",""
"RAW-20260518-031","PRIORITY_CREATOR_SHORTLIST_FROM_RAW_2026-05-18.csv","https://www.letsplayindex.com/channels/19081-kokoplays-mb","Kokoplays MB","https://www.youtube.com/channel/UCtuiEWmLhVjeuLbSDuCtnvA","YouTube_OFFICIAL_RSS_OR_LPI_RESOLVED","sl_or_en","Slovenia","YT_RSS_ACTIVE_30D_LAST_2026-05-15","https://www.youtube.com/watch?v=gyd60R39_9s","5","direct_underwater_survival","YOUTUBE_ABOUT_EMAIL_GATE_PRESENT_LOGIN_REQUIRED","https://www.youtube.com/channel/UCtuiEWmLhVjeuLbSDuCtnvA/about","YOUTUBE_GATE_PRESENT_EMAIL_NOT_EXTRACTED","UNKNOWN","CLEAR_NEEDS_LANGUAGE_VERIFY","YT RSS pass05: LPI resolved official channel and RSS confirms active 30d. Latest broad survival/RPG; still good but asset-gated. | YT About pass07: email gate present; handle=@KokoplaysMB; links=Discord: discord.gg/xkNreUx | Twitter: twitter.com/kokoplays | Twitch: twitch.tv/kokoplaysmb","Long-form survival/lets-play: demo route and progression clarity.","Audience-fit signal: adjacent underwater-survival coverage. Final copy must stay neutral, use one matched HECTON asset, and mention only pressure/salvage/industrial identity after asset QA, pain freshness fields, and creator-send gates pass.","VERIFY_BEFORE_CONTACT","Asset-gated. Human must verify About contact with login if email gate exists; otherwise do not cold-DM external links unless their public policy allows business contact.","SHINOBU_81_YT_ABOUT_CONTACT_GATE_PASS_07","2026-05-19","","","","","","BLOCKED_NO_PAID_CREATOR_PROOF","","","","","","",""
"RAW-20260518-032","PRIORITY_CREATOR_SHORTLIST_FROM_RAW_2026-05-18.csv","https://www.letsplayindex.com/channels/15360-igp","IGP","https://www.youtube.com/channel/UCBGbTTcgn8AVEsEWdT3tI3Q","YouTube_OFFICIAL_FROM_LPI","en","United States","ACTIVE_2026_LPI_LATEST_2026-02-15","","5","direct_underwater_survival","PUBLIC_BUSINESS_EMAIL_FROM_LPI_ABOUT","igp@igp.gg; IGP@screenwavemedia.com","YES","BUSINESS_EMAIL_AND_MEDIA_REP_LISTED","A_TIER_NEEDS_POLISHED_DEMO","Massive horror/Subnautica creator. Do not contact with screenshots or weak demo; only with high-polish dread clip/playable build and clear boundaries.","Horror/thalassophobia: black-water dread, sonar silhouette, Seed Ship interference, single-player pressure.","Audience-fit signal: adjacent underwater-survival coverage. Final copy must stay neutral, use one matched HECTON asset, and mention only pressure/salvage/industrial identity after asset QA, pain freshness fields, and creator-send gates pass.","NEEDS_ASSET","Hold until polished demo or exceptional 20s horror clip; verify rep route before contact.","SHINOBU_81_WEB_VERIFY_PASS_02","2026-05-19","","","","","","BLOCKED_NO_PAID_CREATOR_PROOF","","","","","","",""
"RAW-20260518-033","PRIORITY_CREATOR_SHORTLIST_FROM_RAW_2026-05-18.csv","https://www.letsplayindex.com/channels/108756-nyxson","Nyxson","https://www.youtube.com/channel/UCDVFO_yoQgy0_H6G_tX2LFQ","YouTube_OFFICIAL_RSS_OR_LPI_RESOLVED","en","United States","YT_RSS_ACTIVE_30D_LAST_2026-05-18","https://www.youtube.com/watch?v=UsJ44ESg6zM","3","direct_underwater_survival","YOUTUBE_ABOUT_EMAIL_GATE_PRESENT_LOGIN_REQUIRED","https://www.youtube.com/channel/UCDVFO_yoQgy0_H6G_tX2LFQ/about","YOUTUBE_GATE_PRESENT_EMAIL_NOT_EXTRACTED","UNKNOWN","CLEAR_PENDING_CONTACT_VERIFY","YT RSS pass05: active 30d; review/discussion format. Needs measured build language and Steam page, not raw promise pitch. | YT About pass07: email gate present; handle=@Nyxson; links=Steam Curator: store.steampowered.com/curator/43698148-Nyxson | Get CHEAPEST Games Here: instant-gaming.com/en/giveaway/nyxson | Twitter: twitter.com/nyxsongaming","Tech-review angle: measured performance discipline, pressure systems, survival discovery; no unproven performance claim.","Your reviews/discussion format makes HECTON-8 a fit only if we can show what is technically different on-screen, not just describe the ambition.","VERIFY_BEFORE_CONTACT","Asset-gated. Human must verify About contact with login if email gate exists; otherwise do not cold-DM external links unless their public policy allows business contact.","SHINOBU_81_YT_ABOUT_CONTACT_GATE_PASS_07","2026-05-19","","","","","","BLOCKED_NO_PAID_CREATOR_PROOF","","","","","","",""
"RAW-20260518-034","PRIORITY_CREATOR_SHORTLIST_FROM_RAW_2026-05-18.csv","https://www.letsplayindex.com/channels/175944-forsen-plays","Forsen Plays","https://www.youtube.com/channel/UCjyqq9MiwSrSWBYeqpVb6Pg","YouTube_OFFICIAL_FROM_LPI","en","United Kingdom","ACTIVE_2026_LPI_LATEST_2026-05-16","","5","direct_underwater_survival","DO_NOT_CONTACT_ARCHIVE_REACTION","","UNKNOWN","ARCHIVE_REACTION_CHANNEL_NOT_TARGET","DO_NOT_CONTACT_ARCHIVE","Forsen-related archive/reaction channel, not a normal creator outreach target. Email is removal contact, not business route.","None.","Audience-fit signal: adjacent underwater-survival coverage. Final copy must stay neutral, use one matched HECTON asset, and mention only pressure/salvage/industrial identity after asset QA, pain freshness fields, and creator-send gates pass.","DO_NOT_CONTACT","Exclude from creator outreach.","SHINOBU_81_WEB_VERIFY_PASS_03","2026-05-19","","","","","","BLOCKED_NO_PAID_CREATOR_PROOF","","","","","","",""
"RAW-20260518-035","PRIORITY_CREATOR_SHORTLIST_FROM_RAW_2026-05-18.csv","https://www.letsplayindex.com/channels/192578-bringtheparty","BringTheParty","https://www.youtube.com/channel/UCoRbF7s4rlAkd5ljHvEdKng","YouTube_OFFICIAL_RSS_OR_LPI_RESOLVED","en","United States","YT_RSS_ACTIVE_90D_LAST_2026-03-23","https://www.youtube.com/watch?v=ugoJv0fsW64","3","engineering_base_systems","YOUTUBE_ABOUT_EMAIL_GATE_PRESENT_LOGIN_REQUIRED","https://www.youtube.com/channel/UCoRbF7s4rlAkd5ljHvEdKng/about","YOUTUBE_GATE_PRESENT_EMAIL_NOT_EXTRACTED","UNKNOWN","CLEAR_PENDING_CONTACT_VERIFY","YT RSS pass05: active within 90d, latest co-op/indie sim. Fit depends on base/logistics footage; multiplayer-scope expectation risk exists. | YT About pass07: email gate present; handle=@BringTheParty; links=Subscribe Here!: youtube.com/c/BringThePartyy?sub_confirmation=1 | Donations: twitchalerts.com/donate/bringtheparty","Indie simulation/systems angle: habitats, resource routing, machinery, survival infrastructure.","Your audience watches systems and management loops, so HECTON-8 should be framed around pressure-rated infrastructure and salvage routing.","VERIFY_BEFORE_CONTACT","Asset-gated. Human must verify About contact with login if email gate exists; otherwise do not cold-DM external links unless their public policy allows business contact.","SHINOBU_81_YT_ABOUT_CONTACT_GATE_PASS_07","2026-05-19","","","","","","BLOCKED_NO_PAID_CREATOR_PROOF","","","","","","",""
"RAW-20260518-036","PRIORITY_CREATOR_SHORTLIST_FROM_RAW_2026-05-18.csv","https://www.letsplayindex.com/channels/191829-game-advisor","Game Advisor","https://www.youtube.com/channel/UC1aOQ6ZHzjeDRWNt8-xiHBA","YouTube_OFFICIAL_FROM_LPI","en","United States","ACTIVE_2026_LPI_SN2_COVERAGE_APR_MAY","","4","abyss_horror_pressure","YOUTUBE_ABOUT_OR_DISCUSSION_MANUAL_REQUIRED","https://www.youtube.com/channel/UC1aOQ6ZHzjeDRWNt8-xiHBA","UNKNOWN","UNKNOWN","CLEAR_NEEDS_STEAM_PAGE","Survival/RPG review/guide channel with repeated SN2 coverage and strong topical fit. Needs Steam page or demo; likely cares about value/should-you-buy framing.","Survival buyer-advice: pressure systems, base machinery, current-build honesty.","Your audience responds to horror/abyss tension. HECTON-8 should be pitched through instruments, sound, pressure, and black-water dread rather than creature spam or jump scares.","NEEDS_ASSET","Verify business/contact route; hold until Steam page and demo route exist.","SHINOBU_81_WEB_VERIFY_PASS_03","2026-05-19","","","","","","BLOCKED_NO_PAID_CREATOR_PROOF","","","","","","",""
"RAW-20260518-037","PRIORITY_CREATOR_SHORTLIST_FROM_RAW_2026-05-18.csv","https://www.letsplayindex.com/channels/239377-timm-plays-games","Timm Plays Games","https://www.youtube.com/channel/UCw-slKql84MSnrRK-DchKIg","YouTube_OFFICIAL_RSS_OR_LPI_RESOLVED","en","United States","YT_RSS_ACTIVE_30D_LAST_2026-05-18","https://www.youtube.com/watch?v=ROfYqpnXEVk","4","direct_underwater_survival","YOUTUBE_ABOUT_EMAIL_GATE_PRESENT_LOGIN_REQUIRED","https://www.youtube.com/channel/UCw-slKql84MSnrRK-DchKIg/about","YOUTUBE_GATE_PRESENT_EMAIL_NOT_EXTRACTED","UNKNOWN","CLEAR_PENDING_CONTACT_VERIFY","YT RSS pass05: active 30d, latest broad/short-form. Top-game history still supports survival first-look, but not first priority. | YT About pass07: email gate present; handle=@Timmplaysgamesalot; links=Linktree: linktr.ee/timmplaysgames","New survival first-look: industrial underwater survival, base pressure, salvage decisions, single-player-first.","Your Grounded/Sunkenland coverage makes HECTON-8 a fit for a focused first-look once the Steam page and route are real.","VERIFY_BEFORE_CONTACT","Asset-gated. Human must verify About contact with login if email gate exists; otherwise do not cold-DM external links unless their public policy allows business contact.","SHINOBU_81_YT_ABOUT_CONTACT_GATE_PASS_07","2026-05-19","","","","","","BLOCKED_NO_PAID_CREATOR_PROOF","","","","","","",""
"RAW-20260518-038","PRIORITY_CREATOR_SHORTLIST_FROM_RAW_2026-05-18.csv","https://www.letsplayindex.com/channels/16596-emmis-zockt","Emmis Zockt","https://www.youtube.com/channel/UCkPDMkrLptlkwIRh-XnB4UQ","YouTube_OFFICIAL_RSS_OR_LPI_RESOLVED","de","Germany","YT_RSS_ACTIVE_30D_LAST_2026-05-18","https://www.youtube.com/watch?v=2KOBK5H7G9Y","5","direct_underwater_survival","YOUTUBE_ABOUT_EMAIL_GATE_PRESENT_LOGIN_REQUIRED","https://www.youtube.com/channel/UCkPDMkrLptlkwIRh-XnB4UQ/about","YOUTUBE_GATE_PRESENT_EMAIL_NOT_EXTRACTED","UNKNOWN","CLEAR_PENDING_CONTACT_VERIFY","YT RSS pass05: active 30d; German variety/survival catalog remains useful. Latest is not SN2 but channel is alive. | YT About pass07: email gate present; handle=@EmmisZockt; links=Kanal Mitglied werden: youtube.com/c/EmmisZockt/join | Discord: discord.gg/znXZEDz | Instant Gaming: instant-gaming.com/?igr=emmiszockt","German relaxed survival angle: atmospheric pressure, salvage, base survival, proof-first public scope.","Your German survival coverage suggests a good first-look fit once HECTON-8 has real pressure/base screenshots and the asset gates pass.","VERIFY_BEFORE_CONTACT","Asset-gated. Human must verify About contact with login if email gate exists; otherwise do not cold-DM external links unless their public policy allows business contact.","SHINOBU_81_YT_ABOUT_CONTACT_GATE_PASS_07","2026-05-19","","","","","","BLOCKED_NO_PAID_CREATOR_PROOF","","","","","","",""
"RAW-20260518-039","PRIORITY_CREATOR_SHORTLIST_FROM_RAW_2026-05-18.csv","https://www.letsplayindex.com/channels/14038-luckless-lovelocks","Luckless Lovelocks","https://www.youtube.com/channel/UCoUCCUUFNsf2KVHZ7wmjK_w","YouTube_OFFICIAL_RSS_OR_LPI_RESOLVED","en","Canada","YT_RSS_ACTIVE_30D_LAST_2026-05-16","https://www.youtube.com/watch?v=B_EtS7PDnS0","5","direct_underwater_survival","YOUTUBE_ABOUT_EMAIL_GATE_PRESENT_LOGIN_REQUIRED","https://www.youtube.com/channel/UCoUCCUUFNsf2KVHZ7wmjK_w/about","YOUTUBE_GATE_PRESENT_EMAIL_NOT_EXTRACTED","UNKNOWN","CLEAR_NICHE_INDIE","YT RSS pass05: active 30d in indie/stream format. Useful for playtest/demo feedback, not first screenshot blast. | YT About pass07: email gate present; handle=@LucklessLovelocks; links=Patreon: patreon.com/lucklesslovelocks | Bluesky: bsky.app/profile/luckless.bsky.social | TikTok: tiktok.com/@lucklesslovelocks","Indie systems first look: fair pressure failure, route clarity, readable base machinery.","Audience-fit signal: adjacent underwater-survival coverage. Final copy must stay neutral, use one matched HECTON asset, and mention only pressure/salvage/industrial identity after asset QA, pain freshness fields, and creator-send gates pass.","VERIFY_BEFORE_CONTACT","Asset-gated. Human must verify About contact with login if email gate exists; otherwise do not cold-DM external links unless their public policy allows business contact.","SHINOBU_81_YT_ABOUT_CONTACT_GATE_PASS_07","2026-05-19","","","","","","BLOCKED_NO_PAID_CREATOR_PROOF","","","","","","",""
"RAW-20260518-040","PRIORITY_CREATOR_SHORTLIST_FROM_RAW_2026-05-18.csv","https://www.letsplayindex.com/channels/1822801-game-grader","Game Grader","https://www.youtube.com/channel/UCIc-6W6uqfj75mdrQHQwGEw","YouTube_OFFICIAL_FROM_LPI","en","United States","LPI_PROFILE_FETCHED_2026-05-19","","3","direct_underwater_survival","YOUTUBE_ABOUT_MANUAL_REQUIRED","https://www.youtube.com/channel/UCIc-6W6uqfj75mdrQHQwGEw","UNKNOWN","UNKNOWN","CLEAR_PENDING_CONTACT_VERIFY","Review/list channel with broad game coverage. Needs polished public-facing assets and a Steam page; raw dev build pitch would be weak.","Review/list angle: dark underwater survival with mechanical pressure systems and clear Steam positioning.","Your review/list format needs an immediately legible hook; HECTON-8 should be sent only with a Steam page and a strong 20s proof clip.","NEEDS_ASSET","Hold until Steam page/screenshot pack; then verify contact route and recent survival-review appetite.","SHINOBU_81_WEB_VERIFY_PASS_04","2026-05-19","","","","","","BLOCKED_NO_PAID_CREATOR_PROOF","","","","","","",""
"RAW-20260518-041","PRIORITY_CREATOR_SHORTLIST_FROM_RAW_2026-05-18.csv","https://www.letsplayindex.com/channels/2167382-games-quality-zone","Games Quality Zone","https://www.youtube.com/channel/UCnWsbfiuqZTntEoIkqtdgQw","YouTube_OFFICIAL_FROM_LPI","en","United States","LPI_PROFILE_FETCHED_2026-05-19","","2","engineering_base_systems","YOUTUBE_ABOUT_MANUAL_REQUIRED","https://www.youtube.com/channel/UCnWsbfiuqZTntEoIkqtdgQw","UNKNOWN","UNKNOWN","LOW_RELEVANCE_CLEAR_PENDING_VERIFY","Small generic gameplay/tips channel. LPI top games do not strongly prove underwater/survival-builder fit.","Only later as long-tail indie gameplay, not priority outreach.","HECTON-8 would need a very clear gameplay loop before this channel becomes worth a manual pitch.","LOW_PRIORITY_VERIFY_LATER","Park behind direct survival, German, and review-fit candidates.","SHINOBU_81_WEB_VERIFY_PASS_04","2026-05-19","","","","","","BLOCKED_NO_PAID_CREATOR_PROOF","","","","","","",""
"RAW-20260518-042","PRIORITY_CREATOR_SHORTLIST_FROM_RAW_2026-05-18.csv","https://www.letsplayindex.com/channels/182283-boubers","Boubers","https://www.youtube.com/channel/UC_qwsQpHnxsnkkVIMdQC2vQ","YouTube_OFFICIAL_RSS_OR_LPI_RESOLVED","de","Germany","YT_RSS_ACTIVE_30D_LAST_2026-05-18","https://www.youtube.com/watch?v=Kdm7_AIHcaM","4","engineering_base_systems","YOUTUBE_ABOUT_EMAIL_GATE_PRESENT_LOGIN_REQUIRED","https://www.youtube.com/channel/UC_qwsQpHnxsnkkVIMdQC2vQ/about","YOUTUBE_GATE_PRESENT_EMAIL_NOT_EXTRACTED","UNKNOWN","CLEAR_PENDING_CONTACT_VERIFY","YT RSS pass05: active 30d; latest automation/demo content supports base/systems angle in German. | YT About pass07: email gate present; handle=@Boubers; links=Impressum: peoplessquare.de/impressum-boubers","German base/building survival angle: pressure-rated habitat, salvage, maintenance, machine loops.","Your Raft and building-heavy catalog makes HECTON-8 relevant if we can show a readable base/salvage loop, not just underwater scenery.","VERIFY_BEFORE_CONTACT","Asset-gated. Human must verify About contact with login if email gate exists; otherwise do not cold-DM external links unless their public policy allows business contact.","SHINOBU_81_YT_ABOUT_CONTACT_GATE_PASS_07","2026-05-19","","","","","","BLOCKED_NO_PAID_CREATOR_PROOF","","","","","","",""
"RAW-20260518-043","PRIORITY_CREATOR_SHORTLIST_FROM_RAW_2026-05-18.csv","https://www.letsplayindex.com/channels/14107-kennedeinepixel","KenneDeinePixel","https://www.youtube.com/channel/UCCRRvoaenP7RsQ27mN56v-g","YouTube_OFFICIAL_FROM_LPI","de","Germany","INACTIVE_LPI_LATEST_2024-11","","5","direct_underwater_survival","YOUTUBE_ABOUT_OR_IMPRESSUM_MANUAL_REQUIRED","https://www.youtube.com/channel/UCCRRvoaenP7RsQ27mN56v-g","UNKNOWN","UNKNOWN","LOW_PRIORITY_INACTIVE","German indie pre/review channel, but LPI latest is 2024-11. Defer unless new current activity appears.","German indie review if active: pressure/salvage clarity.","Audience-fit signal: adjacent underwater-survival coverage. Final copy must stay neutral, use one matched HECTON asset, and mention only pressure/salvage/industrial identity after asset QA, pain freshness fields, and creator-send gates pass.","LOW_PRIORITY_VERIFY_LATER","Defer; recheck only after active German leads are exhausted.","SHINOBU_81_WEB_VERIFY_PASS_03","2026-05-19","","","","","","BLOCKED_NO_PAID_CREATOR_PROOF","","","","","","",""
"RAW-20260518-044","PRIORITY_CREATOR_SHORTLIST_FROM_RAW_2026-05-18.csv","https://www.letsplayindex.com/channels/628891-lprosti","LPRosti","https://www.youtube.com/channel/UCREnYwVcTg0zR0QFmrh8TUQ","YouTube_OFFICIAL_FROM_LPI","de","Germany","LPI_PROFILE_FETCHED_2026-05-19","","2","engineering_base_systems","YOUTUBE_ABOUT_MANUAL_REQUIRED","https://www.youtube.com/channel/UCREnYwVcTg0zR0QFmrh8TUQ","UNKNOWN","UNKNOWN","LOW_RELEVANCE_CLEAR_PENDING_VERIFY","German daily lets-play channel but LPI top games skew Minecraft/GTA/Star Stable/Sims. Low HECTON-8 fit unless future videos shift survival.","Long-tail German variety only after broader German survival targets are exhausted.","HECTON-8 is not a strong fit for this channel until we can prove a broader survival audience overlap.","LOW_PRIORITY_VERIFY_LATER","Park; recheck only during regional German long-tail expansion.","SHINOBU_81_WEB_VERIFY_PASS_04","2026-05-19","","","","","","BLOCKED_NO_PAID_CREATOR_PROOF","","","","","","",""
"RAW-20260518-045","PRIORITY_CREATOR_SHORTLIST_FROM_RAW_2026-05-18.csv","https://www.letsplayindex.com/channels/142146-d4re","D4RE","https://www.youtube.com/channel/UC4yeiREd2qQm3UDrDxDn3AQ","YouTube_OFFICIAL_RSS_OR_LPI_RESOLVED","en","United States","YT_RSS_STALE_LAST_2024-12-14","https://www.youtube.com/watch?v=ee-CDcrrfpg","3","direct_underwater_survival","YOUTUBE_ABOUT_MANUAL_REQUIRED_NO_EMAIL_FROM_RSS","https://www.youtube.com/channel/UC4yeiREd2qQm3UDrDxDn3AQ","UNKNOWN","UNKNOWN","CLEAR_MICRO_PENDING_VERIFY","YT RSS pass05: official feed stale beyond one year by project date. Demoted despite older Subnautica/The Forest fit.","Micro-playtest/long-tail angle: underwater survival readability, first-hour pressure, base/tool friction.","Your survival and first-hour feedback format is useful once HECTON-8 has a stable route with pressure, salvage, and readable machinery.","LOW_PRIORITY_VERIFY_LATER","Park. Recheck only if later scraping shows 2026 activity or micro-playtest pool needs more long-tail candidates.","SHINOBU_81_YT_RSS_ACTIVITY_PASS_05","2026-05-19","","","","","","BLOCKED_NO_PAID_CREATOR_PROOF","","","","","","",""
"RAW-20260518-046","PRIORITY_CREATOR_SHORTLIST_FROM_RAW_2026-05-18.csv","https://www.letsplayindex.com/channels/15928-ign","IGN","https://www.letsplayindex.com/channels/15928-ign","PRESS_OUTLET_NOT_CREATOR","en","United States","ACTIVE_PRESS_OUTLET","","5","direct_underwater_survival","PRESS_TARGET_TRACKER_REQUIRED","Docs/Marketing/Press/PRESS_TARGET_VERIFICATION_TRACKER.csv","UNKNOWN","PRESS_OUTLET","MOVE_TO_PRESS_NOT_CREATOR_CRM","IGN belongs in press/outlet workflow, not creator cold outreach. Do not send raw creator pitch.","Press only: demo/Steam page beat if project has strong proof.","Audience-fit signal: adjacent underwater-survival coverage. Final copy must stay neutral, use one matched HECTON asset, and mention only pressure/salvage/industrial identity after asset QA, pain freshness fields, and creator-send gates pass.","LOW_PRIORITY_VERIFY_LATER","Handle through press target tracker after screenshots/Steam page, not creator batch.","SHINOBU_81_WEB_VERIFY_PASS_03","2026-05-19","","","","","","BLOCKED_NO_PAID_CREATOR_PROOF","","","","","","",""
"RAW-20260518-047","PRIORITY_CREATOR_SHORTLIST_FROM_RAW_2026-05-18.csv","https://www.letsplayindex.com/channels/18682-stumpt","Stumpt","https://www.youtube.com/channel/UCVH4oOW0CBJ1W_WsJKd_62Q","YouTube_OFFICIAL_FROM_LPI","en","United States","LPI_PROFILE_FETCHED_2026-05-19","","2","engineering_base_systems","YOUTUBE_ABOUT_MANUAL_REQUIRED","https://www.youtube.com/channel/UCVH4oOW0CBJ1W_WsJKd_62Q","UNKNOWN","UNKNOWN","MULTIPLAYER_SCOPE_EXPECTATION_MISMATCH","Large casual/multiplayer channel. HECTON-8 is single-player-first; pitching now would create multiplayer-scope expectation mismatch.","Only revisit if true multiplayer/co-op exists; do not pitch multiplayer fantasy.","This channel is only relevant if HECTON-8 actually ships a cooperative angle; current single-player-first stance is a mismatch.","LOW_PRIORITY_VERIFY_LATER","Do not contact in single-player phase; revisit only if multiplayer/co-op becomes real and asset-backed.","SHINOBU_81_WEB_VERIFY_PASS_04","2026-05-19","","","","","","BLOCKED_NO_PAID_CREATOR_PROOF","","","","","","",""
"RAW-20260518-048","PRIORITY_CREATOR_SHORTLIST_FROM_RAW_2026-05-18.csv","https://www.letsplayindex.com/channels/15206-dhalucard","Dhalucard","https://www.youtube.com/channel/UCZTqRQYguJre4_fwluoJhUA","YouTube_OFFICIAL_FROM_LPI","de","Germany","LPI_PROFILE_FETCHED_2026-05-19","","3","direct_underwater_survival","YOUTUBE_ABOUT_MANUAL_REQUIRED","https://www.youtube.com/channel/UCZTqRQYguJre4_fwluoJhUA","UNKNOWN","UNKNOWN","CLEAR_HIGH_INBOX_NOISE","Large German variety channel with broad multiplayer/action skew by LPI top games. Not direct underwater survival; needs high-polish German asset before outreach.","High-reach German variety angle only after polished trailer/Steam page, focused on oppressive industrial survival.","Your broad German gaming audience needs a strong visual hook. HECTON-8 should not be pitched until the trailer or demo can carry the first impression.","NEEDS_ASSET","Hold until high-polish Steam page/trailer; verify contact route and recent survival coverage before any pitch.","SHINOBU_81_WEB_VERIFY_PASS_04","2026-05-19","","","","","","BLOCKED_NO_PAID_CREATOR_PROOF","","","","","","",""
"RAW-20260518-049","PRIORITY_CREATOR_SHORTLIST_FROM_RAW_2026-05-18.csv","https://www.letsplayindex.com/channels/13956-tobinatorletsplay","TobinatorLetsPlay","https://www.youtube.com/channel/UC94RlC_fWzpISqa43BIEiEQ","YouTube_OFFICIAL_FROM_SEARCH_LPI","de","Germany","ACTIVE_2025_SEARCH_LPI_LATEST_2025-10","","5","direct_underwater_survival","PUBLIC_MANAGEMENT_EMAIL_FROM_SEARCH_LPI_ABOUT","tobinator@1up.management","YES","MANAGEMENT_EMAIL_LISTED","CLEAR_LARGE_GERMAN_NEEDS_ASSET","Large German variety/lets-play channel with management email. Needs German localized assets and likely strong Steam/demo beat, not early cold screenshot.","German large-channel survival/lets-play: pressure machinery and first demo route.","Audience-fit signal: adjacent underwater-survival coverage. Final copy must stay neutral, use one matched HECTON asset, and mention only pressure/salvage/industrial identity after asset QA, pain freshness fields, and creator-send gates pass.","NEEDS_ASSET","Verify email on official About/management route; hold until German-ready Steam page or demo.","SHINOBU_81_WEB_VERIFY_PASS_03","2026-05-19","","","","","","BLOCKED_NO_PAID_CREATOR_PROOF","","","","","","",""
"RAW-20260518-050","PRIORITY_CREATOR_SHORTLIST_FROM_RAW_2026-05-18.csv","https://www.letsplayindex.com/channels/504626-crowmeda","Crowmeda","https://www.youtube.com/channel/UCJOoaIrJ0SSbW2wWzHEjvTg","YouTube_OFFICIAL_FROM_SEARCH_LPI","es_or_en","Paraguay","ACTIVE_2026_SEARCH_LPI_LATEST_2026-04","","5","direct_underwater_survival","PUBLIC_BUSINESS_EMAIL_FROM_SEARCH_LPI_ABOUT","crowmeda@intheblackmedia.com","YES","MEDIA_REP_BUSINESS_EMAIL_LISTED","CLEAR_A_TIER_SPANISH_NEEDS_DEMO","Large Spanish/LatAm survival/100-days style creator with public business email. Requires polished demo/100-days-style hook or strong survival challenge clip.","Spanish/LatAm survival challenge: 100 days below black water, pressure/base survival route.","Audience-fit signal: adjacent underwater-survival coverage. Final copy must stay neutral, use one matched HECTON asset, and mention only pressure/salvage/industrial identity after asset QA, pain freshness fields, and creator-send gates pass.","NEEDS_ASSET","Verify business email on official About; hold until strong demo/clip and Spanish-safe pitch.","SHINOBU_81_WEB_VERIFY_PASS_03","2026-05-19","","","","","","BLOCKED_NO_PAID_CREATOR_PROOF","","","","","","",""
"RAW-20260518-051","PRIORITY_CREATOR_SHORTLIST_FROM_RAW_2026-05-18.csv","https://www.letsplayindex.com/channels/13735-chilluminati-podcast","Chilluminati Podcast","https://www.letsplayindex.com/channels/13735-chilluminati-podcast","Podcast/site public source; YouTube not primary gameplay route","en","United States","PODCAST_ACTIVE_WEEKLY_NOT_GAMEPLAY_CHANNEL_PUBLIC_SOURCE","https://chilluminatipod.fm/","2","direct_underwater_survival","OFFICIAL_PODCAST_SITE_OR_HOST_ROUTES_ONLY_NOT_CREATOR_GAMEPLAY_CONTACT","https://chilluminatipod.fm/","UNKNOWN_NOT_EXTRACTED","UNKNOWN_FOR_GAME_COVERAGE","CLEAR_BUT_NOT_FIRST_WAVE_GAMEPLAY_TARGET","Staged from priority shortlist only. May invite direct comparison; send only when screenshots clearly differentiate NASA-punk machinery and black-water pressure, public_comparison_gate stays private-only, and pain freshness fields are filled for pain-backed angles. | Rows51-75 public-index enrichment: latest seen 2018-02-03 via Subnautica; title='I Did A Subnautica Review! Come Check It Out!'. LPI-only activity hint, not official channel verification. | Public check 2026-05-19: active podcast/Apple listing and official site, but not a gameplay creator target. Use only for weird-lore/Seed Ship story angle much later, not first screenshot/demo outreach.","Low-priority lore/interview angle only after Seed Ship story proof exists; not a first-wave gameplay creator.","Chilluminati is a paranormal/weird-history podcast surface, not a normal gameplay channel. Any pitch must be a story/lore curiosity, not review-key outreach.","LOW_PRIORITY_VERIFY_LATER","Skip first-wave creator outreach. Revisit only if a human wants a weird-lore podcast angle after story assets exist.","SHINOBU_81_PUBLIC_WEB_TRIAGE_ROWS51_75_PASS10","2026-05-19","","","","","","BLOCKED_NO_PAID_CREATOR_PROOF","","","","","","",""
"RAW-20260518-052","PRIORITY_CREATOR_SHORTLIST_FROM_RAW_2026-05-18.csv","https://www.letsplayindex.com/channels/13278-aavak","Aavak","https://www.letsplayindex.com/channels/13278-aavak","YouTube/Twitch candidate public stats; official contact not verified","en","United Kingdom/Scotland candidate","TWITCH_PUBLIC_STATS_ACTIVE_2025_YOUTUBE_LPI_2024_STALE_RISK","https://www.letsplayindex.com/video/gifts-from-the-heavens-pacific-drive-payload-plunderer-aavak-9rPHiAz_X3U","4","engineering_base_systems","OFFICIAL_YOUTUBE_OR_SITE_CONTACT_NOT_VERIFIED","https://www.youtube.com/@Aavak","UNKNOWN_YOUTUBE_ABOUT_NOT_CHECKED","UNKNOWN_NOT_CHECKED","CLEAR_PENDING_OFFICIAL_CHANNEL_VERIFY","Staged from priority shortlist only. Do not pitch before base/tool systems are visible; engineering audiences punish decorative fake systems. | Rows51-75 public-index enrichment: latest seen 2024-04-01 via Pacific Drive; title='Gifts from the Heavens - Pacific Drive Payload Plunderer!'. LPI-only activity hint, not official channel verification. | Public check 2026-05-19: Aavak has strong systems/survival adjacency and TwitchStats indicates 2025 activity across RimWorld/Vintage Story/Stationeers/DREDGE/Planet Crafter. YouTube route/contact still unverified.","Systems-heavy survival audience; pitch only with machinery/base/route gameplay, not mood screenshots.","Your audience overlaps with slower systems survival and colony/sim games. HECTON-8 should be pitched through pressure machinery and route planning, not as a generic underwater horror game.","NEEDS_ASSET","After machinery/base gameplay clip exists, verify official YouTube About or site contact; do not use Twitch chat/DM as cold pitch route. Draft prepared in PRIORITY_50_MESSAGE_DRAFTS_FROM_RAW.md section 2026-05-19 CRM-100 High-Signal Asset-Gated Drafts; still blocked by asset/contact gates.","SHINOBU_81_PUBLIC_WEB_TRIAGE_ROWS51_75_PASS10+SHINOBU_81_CRM100_DRAFT_LINK_PASS13","2026-05-19","","","","","","BLOCKED_NO_PAID_CREATOR_PROOF","","","","","","",""
"RAW-20260518-053","PRIORITY_CREATOR_SHORTLIST_FROM_RAW_2026-05-18.csv","https://www.letsplayindex.com/channels/13660-enterelysium","EnterElysium","https://www.letsplayindex.com/channels/13660-enterelysium","YouTube public stats candidate; official contact not verified","en","United Kingdom","PUBLIC_STATS_ACTIVE_PROFILE_NOT_RSS_VERIFIED","https://www.letsplayindex.com/video/barotrauma-competent-crew-campaign-2-part-1-barotrauma-lets-z5DzP3oO7Q4","4","direct_underwater_survival","YOUTUBE_ABOUT_OR_SITE_CONTACT_NOT_VERIFIED","https://www.youtube.com/@enterelysium","UNKNOWN_YOUTUBE_ABOUT_NOT_CHECKED","UNKNOWN_NOT_CHECKED","CLEAR_PENDING_OFFICIAL_CHANNEL_VERIFY","Staged from priority shortlist only. May invite direct comparison; send only when screenshots clearly differentiate NASA-punk machinery and black-water pressure, public_comparison_gate stays private-only, and pain freshness fields are filled for pain-backed angles. | Rows51-75 public-index enrichment: latest seen 2019-07-11 via Barotrauma; title='BAROTRAUMA | Competent Crew Campaign 2 Part 1 - Barotrauma Let's Play Gameplay'. LPI-only activity hint, not official channel verification. | Public check 2026-05-19: Vlogfund/SocialBlade surfaces show 231K subscriber indie/strategy/LP creator profile. Good indie fit but official current activity/contact still needs RSS/About check.","Indie/systems first-look angle; only after a playable route or 20s gameplay clip proves the loop.","Your channel history leans into indie and strategy/systems playthroughs. HECTON-8 should be framed as a playable pressure-route survival system, not just atmosphere.","NEEDS_ASSET","After Steam page and gameplay clip exist, verify YouTube RSS/About contact and current genre fit. Draft prepared in PRIORITY_50_MESSAGE_DRAFTS_FROM_RAW.md section 2026-05-19 CRM-100 High-Signal Asset-Gated Drafts; still blocked by asset/contact gates.","SHINOBU_81_PUBLIC_WEB_TRIAGE_ROWS51_75_PASS10+SHINOBU_81_CRM100_DRAFT_LINK_PASS13","2026-05-19","","","","","","BLOCKED_NO_PAID_CREATOR_PROOF","","","","","","",""
"RAW-20260518-054","PRIORITY_CREATOR_SHORTLIST_FROM_RAW_2026-05-18.csv","https://www.letsplayindex.com/channels/13281-keith-ballard","Keith Ballard","https://www.youtube.com/channel/UCCmRIWxpargwxRc5A04Yvpg","YouTube_CANDIDATE_FROM_LPI_PROFILE","en","United States","LPI_PROFILE_ACTIVE_2026_RECENT_ABIOTIC_FACTOR_NOT_YT_RSS_VERIFIED","https://www.letsplayindex.com/video/find-the-survivors-lets-play-abiotic-factor-part-17-keith-5kgYusCngAg","4","direct_underwater_survival","YOUTUBE_CHANNEL_LINK_FROM_LPI_PROFILE_NEEDS_ABOUT_CHECK","https://www.youtube.com/channel/UCCmRIWxpargwxRc5A04Yvpg/about","UNKNOWN_YOUTUBE_ABOUT_NOT_CHECKED","PUBLIC_LPI_ABOUT_SAYS_PR_EMAILS_READ_NO_RESPONSE_EXPECTATION","CLEAR_PENDING_OFFICIAL_CHANNEL_VERIFY","Staged from priority shortlist only. May invite direct comparison; send only when screenshots clearly differentiate NASA-punk machinery and black-water pressure, public_comparison_gate stays private-only, and pain freshness fields are filled for pain-backed angles. | Rows51-75 public-index enrichment: latest seen 2026-02-27 via Abiotic Factor; title='Find the Survivors - Let's Play Abiotic Factor [Part 17]'. LPI-only activity hint, not official channel verification. | LPI profile checked 2026-05-19: channel link present, active March 2026 videos, PR note says emails may be read but usually no response. Treat as candidate only until YouTube About/RSS are verified.","Patient long-form lets-play audience; pitch only with a playable route or strong 20s clip showing pressure/salvage/machinery, not a mood screenshot.","Your current Abiotic Factor and long-form systems playthroughs fit a single-player pressure/salvage route with machinery failure; avoid broad competitor comparison.","VERIFY_BEFORE_CONTACT","Verify official YouTube RSS and About contact gate; if gate exists, hold until screenshot/Steam/demo asset and use a concise no-response-pressure pitch. Draft prepared in PRIORITY_50_MESSAGE_DRAFTS_FROM_RAW.md section 2026-05-19 CRM-100 High-Signal Asset-Gated Drafts; still blocked by asset/contact gates.","SHINOBU_81_LPI_PROFILE_VERIFY_ROW54_75_PASS+SHINOBU_81_CRM100_DRAFT_LINK_PASS13","2026-05-19","","","","","","BLOCKED_NO_PAID_CREATOR_PROOF","","","","","","",""
"RAW-20260518-055","PRIORITY_CREATOR_SHORTLIST_FROM_RAW_2026-05-18.csv","https://www.letsplayindex.com/channels/13673-praetorian-hijynx","Praetorian HiJynx","https://www.letsplayindex.com/channels/13673-praetorian-hijynx","YouTube public stats candidate; official contact not verified","en","United States candidate","PUBLIC_STATS_ACTIVE_PROFILE_NOT_RSS_VERIFIED","https://www.letsplayindex.com/video/lets-play-pacific-drive-ps5-console-gameplay-episode-3-the-bJmUj2UqlOk","3","direct_underwater_survival","YOUTUBE_ABOUT_OR_SITE_CONTACT_NOT_VERIFIED","UNKNOWN_NEEDS_OFFICIAL_CHANNEL_RESOLUTION","UNKNOWN_NOT_CHECKED","UNKNOWN_NOT_CHECKED","CLEAR_PENDING_MULTIPLAYER_SCOPE_EXPECTATION_CHECK","Staged from priority shortlist only. May invite direct comparison; send only when screenshots clearly differentiate NASA-punk machinery and black-water pressure, public_comparison_gate stays private-only, and pain freshness fields are filled for pain-backed angles. | Rows51-75 public-index enrichment: latest seen 2024-02-28 via Pacific Drive; title='Let's Play Pacific Drive PS5 | Console Gameplay Episode 3 | The Remnant Experiment (P+J)'. LPI-only activity hint, not official channel verification. | Public check 2026-05-19: Vlogfund indicates 82K subscriber Praetorian HiJynx profile; older public descriptions emphasize duo/couch-coop energy, so multiplayer-scope expectation must be controlled.","Co-commentary survival LP candidate only after real demo footage; explicitly single-player-first.","Your channel format can work for survival discovery, but HECTON-8 must be pitched as single-player-first so the audience does not expect multiplayer/co-op.","NEEDS_ASSET","Resolve official YouTube channel/About route, check current activity, and use only after demo/clip exists with explicit multiplayer-scope boundary. Draft prepared in PRIORITY_50_MESSAGE_DRAFTS_FROM_RAW.md section 2026-05-19 CRM-100 High-Signal Asset-Gated Drafts; still blocked by asset/contact gates.","SHINOBU_81_PUBLIC_WEB_TRIAGE_ROWS51_75_PASS10+SHINOBU_81_CRM100_DRAFT_LINK_PASS13","2026-05-19","","","","","","BLOCKED_NO_PAID_CREATOR_PROOF","","","","","","",""
"RAW-20260518-056","PRIORITY_CREATOR_SHORTLIST_FROM_RAW_2026-05-18.csv","https://www.letsplayindex.com/channels/13940-mmo-zone","MMO-Zone","https://www.letsplayindex.com/channels/13940-mmo-zone","THIRD_PARTY_INDEX_LETSPLAYINDEX","UNKNOWN_UNTIL_CHANNEL_VERIFY","Germany","PUBLIC_INDEX_ACTIVITY_HINT_OLD_STALE_RISK","https://www.letsplayindex.com/video/satisfactory-o-wie-gut-ist-satisfactory-review-and-ersteindruck-lL8E8xg5fqY","2","direct_underwater_survival","NOT_VERIFIED_STALE_OR_UNPARSED_PUBLIC_INDEX","","UNKNOWN_NOT_CHECKED","UNKNOWN_NOT_CHECKED","CLEAR_BUT_STALE_OR_UNPARSED_PUBLIC_INDEX","Staged from priority shortlist only. May invite direct comparison; send only when screenshots clearly differentiate NASA-punk machinery and black-water pressure, public_comparison_gate stays private-only, and pain freshness fields are filled for pain-backed angles. | Rows51-75 public-index enrichment: latest seen 2019-03-09 via Satisfactory; title='SATISFACTORY - WIE GUT IST SATISFACTORY?! - Review & Ersteindruck - Satisfactory Deutsch, German'. LPI-only activity hint, not official channel verification. | Rows51-75 closure 2026-05-19: demoted because public-index activity is stale/old/unparsed and no high-signal official route was identified in this pass. Not a first-wave target.","Hold. Revisit only if fresh official activity appears or a regional/genre-specific reason emerges after assets exist.","Not prepared. This row is held because public-index activity is stale or unresolved.","LOW_PRIORITY_VERIFY_LATER","Do not contact. Recheck official channel only after higher-priority rows are closed or if fresh current activity is found.","SHINOBU_81_ROWS51_75_STALE_DEMOTION_PASS11","2026-05-19","","","","","","BLOCKED_NO_PAID_CREATOR_PROOF","","","","","","",""
"RAW-20260518-057","PRIORITY_CREATOR_SHORTLIST_FROM_RAW_2026-05-18.csv","https://www.letsplayindex.com/channels/154494-39daph-vods","39daph vods","https://www.letsplayindex.com/channels/154494-39daph-vods","YouTube VOD archive/Twitch creator public stats","en","Canada candidate","VOD_ARCHIVE_ACTIVE_2026_BUT_NOT_DIRECT_BUSINESS_ROUTE","","2","direct_underwater_survival","MAIN_CREATOR_BUSINESS_ROUTE_NOT_VOD_ARCHIVE_NEEDS_VERIFY","https://www.twitch.tv/39daph","UNKNOWN_NOT_CHECKED","UNKNOWN_NOT_CHECKED","CLEAR_BUT_VOD_ARCHIVE_ROUTE_RISK","Staged from priority shortlist only. May invite direct comparison; send only when screenshots clearly differentiate NASA-punk machinery and black-water pressure, public_comparison_gate stays private-only, and pain freshness fields are filled for pain-backed angles. | Rows51-75 public-index enrichment: activity date could not be parsed; verify official channel before prioritization. | Public check 2026-05-19: 39daph VODs is an active archive with 200K public-stat subscriber signals, but VOD archive is not an appropriate cold outreach route. Main creator route would need separate verification.","Hold. Possible streamer fit only if a real demo becomes stream-safe and a public business route exists.","39daph VODs is an archive surface. Do not pitch the VOD channel; verify the main creator business route only if we have a stream-ready demo.","LOW_PRIORITY_VERIFY_LATER","Do not contact VOD/archive route. Revisit main creator only after stream-ready build and official business route verification.","SHINOBU_81_PUBLIC_WEB_TRIAGE_ROWS51_75_PASS10","2026-05-19","","","","","","BLOCKED_NO_PAID_CREATOR_PROOF","","","","","","",""
"RAW-20260518-058","PRIORITY_CREATOR_SHORTLIST_FROM_RAW_2026-05-18.csv","https://www.letsplayindex.com/channels/36385-joeusual","JoeUsual","https://www.letsplayindex.com/channels/36385-joeusual","THIRD_PARTY_INDEX_LETSPLAYINDEX","UNKNOWN_UNTIL_CHANNEL_VERIFY","United States","PUBLIC_INDEX_ACTIVITY_HINT_OLD_STALE_RISK","https://www.letsplayindex.com/video/high-point-tower-has-the-good-stuff-forever-skies-beta-test-zrjTs2F4YpU","2","engineering_base_systems","NOT_VERIFIED_STALE_OR_UNPARSED_PUBLIC_INDEX","","UNKNOWN_NOT_CHECKED","UNKNOWN_NOT_CHECKED","CLEAR_BUT_STALE_OR_UNPARSED_PUBLIC_INDEX","Staged from priority shortlist only. Do not pitch before base/tool systems are visible; engineering audiences punish decorative fake systems. | Rows51-75 public-index enrichment: latest seen 2023-07-13 via Forever Skies; title='High Point Tower Has The GOOD Stuff!- Forever Skies Beta Test Playthrough ep.6'. LPI-only activity hint, not official channel verification. | Rows51-75 closure 2026-05-19: demoted because public-index activity is stale/old/unparsed and no high-signal official route was identified in this pass. Not a first-wave target.","Hold. Revisit only if fresh official activity appears or a regional/genre-specific reason emerges after assets exist.","Not prepared. This row is held because public-index activity is stale or unresolved.","LOW_PRIORITY_VERIFY_LATER","Do not contact. Recheck official channel only after higher-priority rows are closed or if fresh current activity is found.","SHINOBU_81_ROWS51_75_STALE_DEMOTION_PASS11","2026-05-19","","","","","","BLOCKED_NO_PAID_CREATOR_PROOF","","","","","","",""
"RAW-20260518-059","PRIORITY_CREATOR_SHORTLIST_FROM_RAW_2026-05-18.csv","https://www.letsplayindex.com/channels/1052107-vanham-gaming","VanHam Gaming","https://www.letsplayindex.com/channels/1052107-vanham-gaming","THIRD_PARTY_INDEX_LETSPLAYINDEX","UNKNOWN_UNTIL_CHANNEL_VERIFY","Australia","PUBLIC_INDEX_ACTIVITY_HINT_2024_STALE_RISK","https://www.letsplayindex.com/video/bcs-birthday-stream-pushing-main-story-pacific-drive-play-VNHcGuPuUj8","2","survival_route_risk","NOT_VERIFIED_STALE_OR_UNPARSED_PUBLIC_INDEX","","UNKNOWN_NOT_CHECKED","UNKNOWN_NOT_CHECKED","CLEAR_BUT_STALE_OR_UNPARSED_PUBLIC_INDEX","Staged from priority shortlist only. Avoid lore-first pitch; survival viewers need the playable loop fast. | Rows51-75 public-index enrichment: latest seen 2024-03-09 via Pacific Drive; title='BC's Birthday Stream | Pushing Main Story | Pacific Drive | Play Through #7'. LPI-only activity hint, not official channel verification. | Rows51-75 closure 2026-05-19: demoted because public-index activity is stale/old/unparsed and no high-signal official route was identified in this pass. Not a first-wave target.","Hold. Revisit only if fresh official activity appears or a regional/genre-specific reason emerges after assets exist.","Not prepared. This row is held because public-index activity is stale or unresolved.","LOW_PRIORITY_VERIFY_LATER","Do not contact. Recheck official channel only after higher-priority rows are closed or if fresh current activity is found.","SHINOBU_81_ROWS51_75_STALE_DEMOTION_PASS11","2026-05-19","","","","","","BLOCKED_NO_PAID_CREATOR_PROOF","","","","","","",""
"RAW-20260518-060","PRIORITY_CREATOR_SHORTLIST_FROM_RAW_2026-05-18.csv","https://www.letsplayindex.com/channels/113191-the-scarlet-seeker","The Scarlet Seeker","https://www.letsplayindex.com/channels/113191-the-scarlet-seeker","THIRD_PARTY_INDEX_LETSPLAYINDEX","UNKNOWN_UNTIL_CHANNEL_VERIFY","Australia","PUBLIC_INDEX_ACTIVITY_HINT_2024_STALE_RISK","https://www.letsplayindex.com/video/pacific-drive-is-a-lot-of-fun-if-you-temper-your-expectations-DsdYN3vJpU4","2","abyss_horror_pressure","NOT_VERIFIED_STALE_OR_UNPARSED_PUBLIC_INDEX","","UNKNOWN_NOT_CHECKED","UNKNOWN_NOT_CHECKED","CLEAR_BUT_STALE_OR_UNPARSED_PUBLIC_INDEX","Staged from priority shortlist only. Needs a strong atmospheric demo; weak survival grind will underperform with horror viewers. | Rows51-75 public-index enrichment: latest seen 2024-02-20 via Pacific Drive; title='Pacific Drive is a Lot of Fun if you Temper Your Expectations (Review)'. LPI-only activity hint, not official channel verification. | Rows51-75 closure 2026-05-19: demoted because public-index activity is stale/old/unparsed and no high-signal official route was identified in this pass. Not a first-wave target.","Hold. Revisit only if fresh official activity appears or a regional/genre-specific reason emerges after assets exist.","Not prepared. This row is held because public-index activity is stale or unresolved.","LOW_PRIORITY_VERIFY_LATER","Do not contact. Recheck official channel only after higher-priority rows are closed or if fresh current activity is found.","SHINOBU_81_ROWS51_75_STALE_DEMOTION_PASS11","2026-05-19","","","","","","BLOCKED_NO_PAID_CREATOR_PROOF","","","","","","",""
"RAW-20260518-061","PRIORITY_CREATOR_SHORTLIST_FROM_RAW_2026-05-18.csv","https://www.letsplayindex.com/channels/144947-play-games-photography-gamer","Play Games (Photography Gamer)","https://www.letsplayindex.com/channels/144947-play-games-photography-gamer","THIRD_PARTY_INDEX_LETSPLAYINDEX","UNKNOWN_UNTIL_CHANNEL_VERIFY","United Kingdom","PUBLIC_INDEX_ACTIVITY_HINT_2024_STALE_RISK","https://www.letsplayindex.com/video/pacific-drive-click-below-to-watch-the-full-review-shorts-7gKVp3Bjovo","2","direct_underwater_survival","NOT_VERIFIED_STALE_OR_UNPARSED_PUBLIC_INDEX","","UNKNOWN_NOT_CHECKED","UNKNOWN_NOT_CHECKED","CLEAR_BUT_STALE_OR_UNPARSED_PUBLIC_INDEX","Staged from priority shortlist only. May invite direct comparison; send only when screenshots clearly differentiate NASA-punk machinery and black-water pressure, public_comparison_gate stays private-only, and pain freshness fields are filled for pain-backed angles. | Rows51-75 public-index enrichment: latest seen 2024-03-22 via Pacific Drive; title='PACIFIC DRIVE - Click below to watch the full review #shorts #pacificdrive'. LPI-only activity hint, not official channel verification. | Rows51-75 closure 2026-05-19: demoted because public-index activity is stale/old/unparsed and no high-signal official route was identified in this pass. Not a first-wave target.","Hold. Revisit only if fresh official activity appears or a regional/genre-specific reason emerges after assets exist.","Not prepared. This row is held because public-index activity is stale or unresolved.","LOW_PRIORITY_VERIFY_LATER","Do not contact. Recheck official channel only after higher-priority rows are closed or if fresh current activity is found.","SHINOBU_81_ROWS51_75_STALE_DEMOTION_PASS11","2026-05-19","","","","","","BLOCKED_NO_PAID_CREATOR_PROOF","","","","","","",""
"RAW-20260518-062","PRIORITY_CREATOR_SHORTLIST_FROM_RAW_2026-05-18.csv","https://www.letsplayindex.com/channels/14827-tigerfrost","Tigerfrost","https://www.letsplayindex.com/channels/14827-tigerfrost","THIRD_PARTY_INDEX_LETSPLAYINDEX","UNKNOWN_UNTIL_CHANNEL_VERIFY","United States","PUBLIC_INDEX_ACTIVITY_HINT_2024_STALE_RISK","https://www.letsplayindex.com/video/lets-play-sons-of-the-forest-co-op-w-aki-blind-hard-survival-kZGGLuc7YEw","2","direct_underwater_survival","NOT_VERIFIED_STALE_OR_UNPARSED_PUBLIC_INDEX","","UNKNOWN_NOT_CHECKED","UNKNOWN_NOT_CHECKED","CLEAR_BUT_STALE_OR_UNPARSED_PUBLIC_INDEX","Staged from priority shortlist only. May invite direct comparison; send only when screenshots clearly differentiate NASA-punk machinery and black-water pressure, public_comparison_gate stays private-only, and pain freshness fields are filled for pain-backed angles. | Rows51-75 public-index enrichment: latest seen 2024-03-21 via Sons of the Forest; title='Let's Play Sons of the Forest (Co-Op w/ Aki - BLIND [Hard Survival]) - Episode 5'. LPI-only activity hint, not official channel verification. | Rows51-75 closure 2026-05-19: demoted because public-index activity is stale/old/unparsed and no high-signal official route was identified in this pass. Not a first-wave target.","Hold. Revisit only if fresh official activity appears or a regional/genre-specific reason emerges after assets exist.","Not prepared. This row is held because public-index activity is stale or unresolved.","LOW_PRIORITY_VERIFY_LATER","Do not contact. Recheck official channel only after higher-priority rows are closed or if fresh current activity is found.","SHINOBU_81_ROWS51_75_STALE_DEMOTION_PASS11","2026-05-19","","","","","","BLOCKED_NO_PAID_CREATOR_PROOF","","","","","","",""
"RAW-20260518-063","PRIORITY_CREATOR_SHORTLIST_FROM_RAW_2026-05-18.csv","https://www.letsplayindex.com/channels/192841-spielemagazin","Spielemagazin","https://www.letsplayindex.com/channels/192841-spielemagazin","THIRD_PARTY_INDEX_LETSPLAYINDEX","UNKNOWN_UNTIL_CHANNEL_VERIFY","Germany","PUBLIC_INDEX_ACTIVITY_HINT_OLD_STALE_RISK","https://www.letsplayindex.com/video/subnautica-below-zero-spieletest-in-60-sekunden-subnautica-9N_JRuWQKQc","2","direct_underwater_survival","NOT_VERIFIED_STALE_OR_UNPARSED_PUBLIC_INDEX","","UNKNOWN_NOT_CHECKED","UNKNOWN_NOT_CHECKED","CLEAR_BUT_STALE_OR_UNPARSED_PUBLIC_INDEX","Staged from priority shortlist only. May invite direct comparison; send only when screenshots clearly differentiate NASA-punk machinery and black-water pressure, public_comparison_gate stays private-only, and pain freshness fields are filled for pain-backed angles. | Rows51-75 public-index enrichment: latest seen 2021-05-14 via Subnautica Below Zero; title='Subnautica Below Zero Spieletest in 60 Sekunden | Subnautica Below Zero Review Deutsch #shorts'. LPI-only activity hint, not official channel verification. | Rows51-75 closure 2026-05-19: demoted because public-index activity is stale/old/unparsed and no high-signal official route was identified in this pass. Not a first-wave target.","Hold. Revisit only if fresh official activity appears or a regional/genre-specific reason emerges after assets exist.","Not prepared. This row is held because public-index activity is stale or unresolved.","LOW_PRIORITY_VERIFY_LATER","Do not contact. Recheck official channel only after higher-priority rows are closed or if fresh current activity is found.","SHINOBU_81_ROWS51_75_STALE_DEMOTION_PASS11","2026-05-19","","","","","","BLOCKED_NO_PAID_CREATOR_PROOF","","","","","","",""
"RAW-20260518-064","PRIORITY_CREATOR_SHORTLIST_FROM_RAW_2026-05-18.csv","https://www.letsplayindex.com/channels/55849-pp-gaming","PP Gaming","https://www.letsplayindex.com/channels/55849-pp-gaming","THIRD_PARTY_INDEX_LETSPLAYINDEX","UNKNOWN_UNTIL_CHANNEL_VERIFY","Germany","PUBLIC_INDEX_ACTIVITY_HINT_OLD_STALE_RISK","https://www.letsplayindex.com/video/das-finale-49-raft-multiplayer-deutsch-coop-final-chapter-WQz8l3PxnSQ","2","direct_underwater_survival","NOT_VERIFIED_STALE_OR_UNPARSED_PUBLIC_INDEX","","UNKNOWN_NOT_CHECKED","UNKNOWN_NOT_CHECKED","CLEAR_BUT_STALE_OR_UNPARSED_PUBLIC_INDEX","Staged from priority shortlist only. May invite direct comparison; send only when screenshots clearly differentiate NASA-punk machinery and black-water pressure, public_comparison_gate stays private-only, and pain freshness fields are filled for pain-backed angles. | Rows51-75 public-index enrichment: latest seen 2023-04-09 via Raft; title='Das Finale 49 Raft Multiplayer Deutsch Coop Final Chapter'. LPI-only activity hint, not official channel verification. | Rows51-75 closure 2026-05-19: demoted because public-index activity is stale/old/unparsed and no high-signal official route was identified in this pass. Not a first-wave target.","Hold. Revisit only if fresh official activity appears or a regional/genre-specific reason emerges after assets exist.","Not prepared. This row is held because public-index activity is stale or unresolved.","LOW_PRIORITY_VERIFY_LATER","Do not contact. Recheck official channel only after higher-priority rows are closed or if fresh current activity is found.","SHINOBU_81_ROWS51_75_STALE_DEMOTION_PASS11","2026-05-19","","","","","","BLOCKED_NO_PAID_CREATOR_PROOF","","","","","","",""
"RAW-20260518-065","PRIORITY_CREATOR_SHORTLIST_FROM_RAW_2026-05-18.csv","https://www.letsplayindex.com/channels/740067-daddelbartv","DaddelBaerTV","https://www.letsplayindex.com/channels/740067-daddelbartv","THIRD_PARTY_INDEX_LETSPLAYINDEX","UNKNOWN_UNTIL_CHANNEL_VERIFY","Germany","PUBLIC_INDEX_ACTIVITY_HINT_OLD_STALE_RISK","https://www.letsplayindex.com/video/space-engineers-eine-menge-neuer-ressourcen-deutsch-lets-_eh7yCbh6IE","2","engineering_base_systems","NOT_VERIFIED_STALE_OR_UNPARSED_PUBLIC_INDEX","","UNKNOWN_NOT_CHECKED","UNKNOWN_NOT_CHECKED","CLEAR_BUT_STALE_OR_UNPARSED_PUBLIC_INDEX","Staged from priority shortlist only. Do not pitch before base/tool systems are visible; engineering audiences punish decorative fake systems. | Rows51-75 public-index enrichment: latest seen 2023-05-08 via Space Engineers; title='Space Engineers eine Menge neuer Ressourcen deutsch Let's Play'. LPI-only activity hint, not official channel verification. | Rows51-75 closure 2026-05-19: demoted because public-index activity is stale/old/unparsed and no high-signal official route was identified in this pass. Not a first-wave target.","Hold. Revisit only if fresh official activity appears or a regional/genre-specific reason emerges after assets exist.","Not prepared. This row is held because public-index activity is stale or unresolved.","LOW_PRIORITY_VERIFY_LATER","Do not contact. Recheck official channel only after higher-priority rows are closed or if fresh current activity is found.","SHINOBU_81_ROWS51_75_STALE_DEMOTION_PASS11","2026-05-19","","","","","","BLOCKED_NO_PAID_CREATOR_PROOF","","","","","","",""
"RAW-20260518-066","PRIORITY_CREATOR_SHORTLIST_FROM_RAW_2026-05-18.csv","https://www.letsplayindex.com/channels/345725-sga-play","Sega Play","https://www.letsplayindex.com/channels/345725-sga-play","THIRD_PARTY_INDEX_LETSPLAYINDEX","UNKNOWN_UNTIL_CHANNEL_VERIFY","Russian Federation","PUBLIC_INDEX_ACTIVITY_HINT_2024_STALE_RISK","https://www.letsplayindex.com/video/pacific-drive-demo-sga-play-i1YRbKSF76g","2","survival_route_risk","NOT_VERIFIED_STALE_OR_UNPARSED_PUBLIC_INDEX","","UNKNOWN_NOT_CHECKED","UNKNOWN_NOT_CHECKED","CLEAR_BUT_STALE_OR_UNPARSED_PUBLIC_INDEX","Staged from priority shortlist only. Avoid lore-first pitch; survival viewers need the playable loop fast. | Rows51-75 public-index enrichment: latest seen 2024-02-12 via Pacific Drive; title='third-party index title omitted; source text was mojibake'. LPI-only activity hint, not official channel verification. | Rows51-75 closure 2026-05-19: demoted because public-index activity is stale/old/unparsed and no high-signal official route was identified in this pass. Not a first-wave target.","Hold. Revisit only if fresh official activity appears or a regional/genre-specific reason emerges after assets exist.","Not prepared. This row is held because public-index activity is stale or unresolved.","LOW_PRIORITY_VERIFY_LATER","Do not contact. Recheck official channel only after higher-priority rows are closed or if fresh current activity is found.","SHINOBU_81_ROWS51_75_STALE_DEMOTION_PASS11","2026-05-19","","","","","","BLOCKED_NO_PAID_CREATOR_PROOF","","","","","","",""
"RAW-20260518-067","PRIORITY_CREATOR_SHORTLIST_FROM_RAW_2026-05-18.csv","https://www.letsplayindex.com/channels/554639-xtrustx","XTrustX","https://www.letsplayindex.com/channels/554639-xtrustx","THIRD_PARTY_INDEX_LETSPLAYINDEX","UNKNOWN_UNTIL_CHANNEL_VERIFY","United Kingdom","PUBLIC_INDEX_ACTIVITY_HINT_2024_STALE_RISK","https://www.letsplayindex.com/video/sons-of-the-forest-full-release-we-found-a-space-ship-part-jx5sjRPMpyc","2","direct_underwater_survival","NOT_VERIFIED_STALE_OR_UNPARSED_PUBLIC_INDEX","","UNKNOWN_NOT_CHECKED","UNKNOWN_NOT_CHECKED","CLEAR_BUT_STALE_OR_UNPARSED_PUBLIC_INDEX","Staged from priority shortlist only. May invite direct comparison; send only when screenshots clearly differentiate NASA-punk machinery and black-water pressure, public_comparison_gate stays private-only, and pain freshness fields are filled for pain-backed angles. | Rows51-75 public-index enrichment: latest seen 2024-04-14 via Sons of the Forest; title='Sons Of The Forest Full Release - We Found A Space Ship! - Part 7 | Survival Sunday'. LPI-only activity hint, not official channel verification. | Rows51-75 closure 2026-05-19: demoted because public-index activity is stale/old/unparsed and no high-signal official route was identified in this pass. Not a first-wave target.","Hold. Revisit only if fresh official activity appears or a regional/genre-specific reason emerges after assets exist.","Not prepared. This row is held because public-index activity is stale or unresolved.","LOW_PRIORITY_VERIFY_LATER","Do not contact. Recheck official channel only after higher-priority rows are closed or if fresh current activity is found.","SHINOBU_81_ROWS51_75_STALE_DEMOTION_PASS11","2026-05-19","","","","","","BLOCKED_NO_PAID_CREATOR_PROOF","","","","","","",""
"RAW-20260518-068","PRIORITY_CREATOR_SHORTLIST_FROM_RAW_2026-05-18.csv","https://www.letsplayindex.com/channels/1713898-prince-alden","Prince Alden","https://www.letsplayindex.com/channels/1713898-prince-alden","THIRD_PARTY_INDEX_LETSPLAYINDEX","UNKNOWN_UNTIL_CHANNEL_VERIFY","United States","PUBLIC_INDEX_ACTIVITY_HINT_OLD_STALE_RISK","https://www.letsplayindex.com/video/collecting-and-upgrading-subnautica-below-zero-prince-alden-F7tgVot0Gs0","2","direct_underwater_survival","NOT_VERIFIED_STALE_OR_UNPARSED_PUBLIC_INDEX","","UNKNOWN_NOT_CHECKED","UNKNOWN_NOT_CHECKED","CLEAR_BUT_STALE_OR_UNPARSED_PUBLIC_INDEX","Staged from priority shortlist only. May invite direct comparison; send only when screenshots clearly differentiate NASA-punk machinery and black-water pressure, public_comparison_gate stays private-only, and pain freshness fields are filled for pain-backed angles. | Rows51-75 public-index enrichment: latest seen 2023-09-29 via Subnautica Below Zero; title='Collecting And Upgrading! | Subnautica: Below Zero'. LPI-only activity hint, not official channel verification. | Rows51-75 closure 2026-05-19: demoted because public-index activity is stale/old/unparsed and no high-signal official route was identified in this pass. Not a first-wave target.","Hold. Revisit only if fresh official activity appears or a regional/genre-specific reason emerges after assets exist.","Not prepared. This row is held because public-index activity is stale or unresolved.","LOW_PRIORITY_VERIFY_LATER","Do not contact. Recheck official channel only after higher-priority rows are closed or if fresh current activity is found.","SHINOBU_81_ROWS51_75_STALE_DEMOTION_PASS11","2026-05-19","","","","","","BLOCKED_NO_PAID_CREATOR_PROOF","","","","","","",""
"RAW-20260518-069","PRIORITY_CREATOR_SHORTLIST_FROM_RAW_2026-05-18.csv","https://www.letsplayindex.com/channels/153261-fezot","FEZOT","https://www.letsplayindex.com/channels/153261-fezot","THIRD_PARTY_INDEX_LETSPLAYINDEX","UNKNOWN_UNTIL_CHANNEL_VERIFY","Kazakhstan","PUBLIC_INDEX_ACTIVITY_DATE_UNPARSED","","2","direct_underwater_survival","NOT_VERIFIED_STALE_OR_UNPARSED_PUBLIC_INDEX","","UNKNOWN_NOT_CHECKED","UNKNOWN_NOT_CHECKED","CLEAR_BUT_STALE_OR_UNPARSED_PUBLIC_INDEX","Staged from priority shortlist only. May invite direct comparison; send only when screenshots clearly differentiate NASA-punk machinery and black-water pressure, public_comparison_gate stays private-only, and pain freshness fields are filled for pain-backed angles. | Rows51-75 public-index enrichment: activity date could not be parsed; verify official channel before prioritization. | Rows51-75 closure 2026-05-19: demoted because public-index activity is stale/old/unparsed and no high-signal official route was identified in this pass. Not a first-wave target.","Hold. Revisit only if fresh official activity appears or a regional/genre-specific reason emerges after assets exist.","Not prepared. This row is held because public-index activity is stale or unresolved.","LOW_PRIORITY_VERIFY_LATER","Do not contact. Recheck official channel only after higher-priority rows are closed or if fresh current activity is found.","SHINOBU_81_ROWS51_75_STALE_DEMOTION_PASS11","2026-05-19","","","","","","BLOCKED_NO_PAID_CREATOR_PROOF","","","","","","",""
"RAW-20260518-070","PRIORITY_CREATOR_SHORTLIST_FROM_RAW_2026-05-18.csv","https://www.letsplayindex.com/channels/14582-frithgar","Frithgar","https://www.letsplayindex.com/channels/14582-frithgar","YouTube public stats candidate; official contact not verified","en","United Kingdom","PUBLIC_STATS_ACTIVE_SIM_FARMING_PROFILE_NOT_RSS_VERIFIED","","2","direct_underwater_survival","YOUTUBE_ABOUT_OR_SITE_CONTACT_NOT_VERIFIED","UNKNOWN_NEEDS_OFFICIAL_CHANNEL_RESOLUTION","UNKNOWN_NOT_CHECKED","UNKNOWN_NOT_CHECKED","CLEAR_BUT_LOW_GENRE_FIT_UNTIL_SYSTEMS_PROOF","Staged from priority shortlist only. May invite direct comparison; send only when screenshots clearly differentiate NASA-punk machinery and black-water pressure, public_comparison_gate stays private-only, and pain freshness fields are filled for pain-backed angles. | Rows51-75 public-index enrichment: activity date could not be parsed; verify official channel before prioritization. | Public check 2026-05-19: Frithgar has 97K public subscriber signal and family-friendly sim/farming focus; HECTON-8 fit is weak unless base/systems proof is strong and non-horror framing is available.","Low-priority systems/sim angle only after base machinery and management loop are visible.","Frithgar is more sim/farming than horror survival. Any HECTON-8 pitch should wait for base/machinery systems proof, not atmosphere.","LOW_PRIORITY_VERIFY_LATER","Hold until base/machinery loop is visually proven; then verify official channel/contact if still relevant.","SHINOBU_81_PUBLIC_WEB_TRIAGE_ROWS51_75_PASS10","2026-05-19","","","","","","BLOCKED_NO_PAID_CREATOR_PROOF","","","","","","",""
"RAW-20260518-071","PRIORITY_CREATOR_SHORTLIST_FROM_RAW_2026-05-18.csv","https://www.letsplayindex.com/channels/161849-oearth","Oearth","https://www.letsplayindex.com/channels/161849-oearth","THIRD_PARTY_INDEX_LETSPLAYINDEX","UNKNOWN_UNTIL_CHANNEL_VERIFY","UNKNOWN","PUBLIC_INDEX_ACTIVITY_HINT_2024_STALE_RISK","https://www.letsplayindex.com/video/space-engineers-ep12-this-changes-everything-survival-escape-sv0BhPWYJlM","2","engineering_base_systems","NOT_VERIFIED_STALE_OR_UNPARSED_PUBLIC_INDEX","","UNKNOWN_NOT_CHECKED","UNKNOWN_NOT_CHECKED","CLEAR_BUT_STALE_OR_UNPARSED_PUBLIC_INDEX","Staged from priority shortlist only. Do not pitch before base/tool systems are visible; engineering audiences punish decorative fake systems. | Rows51-75 public-index enrichment: latest seen 2024-07-26 via Space Engineers; title='Space Engineers - EP12 This Changes Everything! | Survival | Escape from Pertam | Let's Play'. LPI-only activity hint, not official channel verification. | Rows51-75 closure 2026-05-19: demoted because public-index activity is stale/old/unparsed and no high-signal official route was identified in this pass. Not a first-wave target.","Hold. Revisit only if fresh official activity appears or a regional/genre-specific reason emerges after assets exist.","Not prepared. This row is held because public-index activity is stale or unresolved.","LOW_PRIORITY_VERIFY_LATER","Do not contact. Recheck official channel only after higher-priority rows are closed or if fresh current activity is found.","SHINOBU_81_ROWS51_75_STALE_DEMOTION_PASS11","2026-05-19","","","","","","BLOCKED_NO_PAID_CREATOR_PROOF","","","","","","",""
"RAW-20260518-072","PRIORITY_CREATOR_SHORTLIST_FROM_RAW_2026-05-18.csv","https://www.letsplayindex.com/channels/15324-neodyinamite","Neodyinamite","https://www.letsplayindex.com/channels/15324-neodyinamite","THIRD_PARTY_INDEX_LETSPLAYINDEX","UNKNOWN_UNTIL_CHANNEL_VERIFY","Poland","PUBLIC_INDEX_ACTIVITY_HINT_2024_STALE_RISK","https://www.letsplayindex.com/video/forever-skies-taking-the-new-ship-on-a-spin-part-8-lets-wLTwP5FHVgs","2","direct_underwater_survival","NOT_VERIFIED_STALE_OR_UNPARSED_PUBLIC_INDEX","","UNKNOWN_NOT_CHECKED","UNKNOWN_NOT_CHECKED","CLEAR_BUT_STALE_OR_UNPARSED_PUBLIC_INDEX","Staged from priority shortlist only. May invite direct comparison; send only when screenshots clearly differentiate NASA-punk machinery and black-water pressure, public_comparison_gate stays private-only, and pain freshness fields are filled for pain-backed angles. | Rows51-75 public-index enrichment: latest seen 2024-01-18 via Forever Skies; title='Forever Skies - Taking the new ship on a spin! - Part 8 | Let's play Forever Skies Gameplay'. LPI-only activity hint, not official channel verification. | Rows51-75 closure 2026-05-19: demoted because public-index activity is stale/old/unparsed and no high-signal official route was identified in this pass. Not a first-wave target.","Hold. Revisit only if fresh official activity appears or a regional/genre-specific reason emerges after assets exist.","Not prepared. This row is held because public-index activity is stale or unresolved.","LOW_PRIORITY_VERIFY_LATER","Do not contact. Recheck official channel only after higher-priority rows are closed or if fresh current activity is found.","SHINOBU_81_ROWS51_75_STALE_DEMOTION_PASS11","2026-05-19","","","","","","BLOCKED_NO_PAID_CREATOR_PROOF","","","","","","",""
"RAW-20260518-073","PRIORITY_CREATOR_SHORTLIST_FROM_RAW_2026-05-18.csv","https://www.letsplayindex.com/channels/153281-critiquing-doge","Critiquing Doge","https://www.letsplayindex.com/channels/153281-critiquing-doge","THIRD_PARTY_INDEX_LETSPLAYINDEX","UNKNOWN_UNTIL_CHANNEL_VERIFY","United States","PUBLIC_INDEX_ACTIVITY_HINT_OLD_STALE_RISK","https://www.letsplayindex.com/video/one-minute-reviews-the-long-dark-critiquing-doge-3nhU9-krKzw","2","direct_underwater_survival","NOT_VERIFIED_STALE_OR_UNPARSED_PUBLIC_INDEX","","UNKNOWN_NOT_CHECKED","UNKNOWN_NOT_CHECKED","CLEAR_BUT_STALE_OR_UNPARSED_PUBLIC_INDEX","Staged from priority shortlist only. May invite direct comparison; send only when screenshots clearly differentiate NASA-punk machinery and black-water pressure, public_comparison_gate stays private-only, and pain freshness fields are filled for pain-backed angles. | Rows51-75 public-index enrichment: latest seen 2021-10-02 via The Long Dark; title='One Minute Reviews | The Long Dark'. LPI-only activity hint, not official channel verification. | Rows51-75 closure 2026-05-19: demoted because public-index activity is stale/old/unparsed and no high-signal official route was identified in this pass. Not a first-wave target.","Hold. Revisit only if fresh official activity appears or a regional/genre-specific reason emerges after assets exist.","Not prepared. This row is held because public-index activity is stale or unresolved.","LOW_PRIORITY_VERIFY_LATER","Do not contact. Recheck official channel only after higher-priority rows are closed or if fresh current activity is found.","SHINOBU_81_ROWS51_75_STALE_DEMOTION_PASS11","2026-05-19","","","","","","BLOCKED_NO_PAID_CREATOR_PROOF","","","","","","",""
"RAW-20260518-074","PRIORITY_CREATOR_SHORTLIST_FROM_RAW_2026-05-18.csv","https://www.letsplayindex.com/channels/15260-paulsoaresjr","paulsoaresjr","https://www.letsplayindex.com/channels/15260-paulsoaresjr","YouTube public stats candidate; official contact not verified","en","United States","PUBLIC_STATS_ACTIVE_2026_NOT_RSS_VERIFIED","","4","direct_underwater_survival","YOUTUBE_ABOUT_OR_SITE_CONTACT_NOT_VERIFIED","https://www.youtube.com/channel/UCP6f9x4iXk3LH8Q1sqJmYPQ/about","UNKNOWN_YOUTUBE_ABOUT_NOT_CHECKED","UNKNOWN_NOT_CHECKED","CLEAR_PENDING_OFFICIAL_CHANNEL_VERIFY","Staged from priority shortlist only. May invite direct comparison; send only when screenshots clearly differentiate NASA-punk machinery and black-water pressure, public_comparison_gate stays private-only, and pain freshness fields are filled for pain-backed angles. | Rows51-75 public-index enrichment: activity date could not be parsed; verify official channel before prioritization. | Public check 2026-05-19: vidIQ public stats show 1.48M subscribers and data updated May 12 2026. High historical survival audience but likely high inbox noise; needs real demo/Steam proof.","High-reach legacy survival/Minecraft audience; pitch only with a playable demo or polished first-route clip.","Your audience has a long survival-playthrough history. HECTON-8 should be pitched only when we can show the actual pressure/salvage first route, not screenshots alone.","NEEDS_ASSET","After demo/Steam page exists, verify official YouTube RSS/About contact and current survival fit. Draft prepared in PRIORITY_50_MESSAGE_DRAFTS_FROM_RAW.md section 2026-05-19 CRM-100 High-Signal Asset-Gated Drafts; still blocked by asset/contact gates.","SHINOBU_81_PUBLIC_WEB_TRIAGE_ROWS51_75_PASS10+SHINOBU_81_CRM100_DRAFT_LINK_PASS13","2026-05-19","","","","","","BLOCKED_NO_PAID_CREATOR_PROOF","","","","","","",""
"RAW-20260518-075","PRIORITY_CREATOR_SHORTLIST_FROM_RAW_2026-05-18.csv","https://www.letsplayindex.com/channels/13500-wanderbots","Wanderbots","https://www.youtube.com/channel/UC2wac-sRkNMPSFEnaOHCL3g","YouTube_CANDIDATE_FROM_LPI_PROFILE","en","United States","LPI_PROFILE_ACTIVE_2026_RECENT_INDIE_SPONSORED_NOT_YT_RSS_VERIFIED","","5","direct_underwater_survival","PUBLIC_DESCRIPTION_EMAIL_PATTERN_NEEDS_YOUTUBE_CONFIRMATION","https://www.youtube.com/channel/UC2wac-sRkNMPSFEnaOHCL3g/about","PUBLIC_DESCRIPTION_PATTERN_ON_LPI_NEEDS_OFFICIAL_YOUTUBE_CONFIRMATION","SPONSORED_CONTENT_EXISTS_AI_ASSET_REJECTION_NOTE_PRESENT","CLEAR_PENDING_OFFICIAL_CHANNEL_VERIFY_AND_AI_ASSET_POLICY_CHECK","Staged from priority shortlist only. May invite direct comparison; send only when screenshots clearly differentiate NASA-punk machinery and black-water pressure, public_comparison_gate stays private-only, and pain freshness fields are filled for pain-backed angles. | Rows51-75 public-index enrichment: activity date could not be parsed; verify official channel before prioritization. | LPI profile checked 2026-05-19: channel link present, 500k+ audience, active March 2026 indie coverage, public description warns against impersonators and says do not contact if game uses AI assets. Confirm on official YouTube before storing/sending email.","High-value indie discovery target; send only with real gameplay footage, Steam page, no AI-asset ambiguity, and a clear fit for indie discovery audience.","Your channel is built around broad indie discovery. HECTON-8 should be pitched only when we can show a real playable pressure/salvage loop and confirm there is no AI-asset ambiguity.","NEEDS_ASSET","After real gameplay clip/Steam page exists, verify official YouTube About/contact policy and AI-asset boundary; do not contact from LPI alone. Draft prepared in PRIORITY_50_MESSAGE_DRAFTS_FROM_RAW.md section 2026-05-19 CRM-100 High-Signal Asset-Gated Drafts; still blocked by asset/contact gates.","SHINOBU_81_LPI_PROFILE_VERIFY_ROW54_75_PASS+SHINOBU_81_CRM100_DRAFT_LINK_PASS13","2026-05-19","","","","","","BLOCKED_NO_PAID_CREATOR_PROOF","","","","","","",""
"RAW-20260518-076","PRIORITY_CREATOR_SHORTLIST_FROM_RAW_2026-05-18.csv","https://www.letsplayindex.com/channels/55842-jackplay","Jackplay","https://www.letsplayindex.com/channels/55842-jackplay","THIRD_PARTY_INDEX_LETSPLAYINDEX","UNKNOWN_UNTIL_CHANNEL_VERIFY","France","PUBLIC_INDEX_ACTIVITY_DATE_UNPARSED","","2","direct_underwater_survival","NOT_VERIFIED_STALE_PLATFORM_MISMATCH_OR_LOW_SIGNAL","","UNKNOWN_NOT_CHECKED","UNKNOWN_NOT_CHECKED","CLEAR_BUT_LOW_PRIORITY","Staged from priority shortlist only. May invite direct comparison; send only when screenshots clearly differentiate NASA-punk machinery and black-water pressure, public_comparison_gate stays private-only, and pain freshness fields are filled for pain-backed angles. | Rows76-100 public-index enrichment: activity date could not be parsed; verify official channel before prioritization. | Rows76-100 closure 2026-05-19: held low priority due stale/unparsed public-index signal, platform mismatch, outlet/not-creator ambiguity, or weak fit compared with stronger CRM rows.","Hold. Revisit only after higher-fit rows are exhausted or a fresh official activity/asset-fit reason appears.","Not prepared. This row is held because current fit/activity/contact confidence is too weak for first-wave outreach.","LOW_PRIORITY_VERIFY_LATER","Do not contact. Recheck only after higher-priority rows or if fresh current activity is found.","SHINOBU_81_ROWS76_100_LOW_PRIORITY_CLOSURE_PASS12","2026-05-19","","","","","","BLOCKED_NO_PAID_CREATOR_PROOF","","","","","","",""
"RAW-20260518-077","PRIORITY_CREATOR_SHORTLIST_FROM_RAW_2026-05-18.csv","https://www.letsplayindex.com/channels/20826-j0hnbane","j0hnbane","https://www.letsplayindex.com/channels/20826-j0hnbane","THIRD_PARTY_INDEX_LETSPLAYINDEX","UNKNOWN_UNTIL_CHANNEL_VERIFY","United States","PUBLIC_INDEX_ACTIVITY_DATE_UNPARSED","","2","direct_underwater_survival","NOT_VERIFIED_STALE_PLATFORM_MISMATCH_OR_LOW_SIGNAL","","UNKNOWN_NOT_CHECKED","UNKNOWN_NOT_CHECKED","CLEAR_BUT_LOW_PRIORITY","Staged from priority shortlist only. May invite direct comparison; send only when screenshots clearly differentiate NASA-punk machinery and black-water pressure, public_comparison_gate stays private-only, and pain freshness fields are filled for pain-backed angles. | Rows76-100 public-index enrichment: activity date could not be parsed; verify official channel before prioritization. | Rows76-100 closure 2026-05-19: held low priority due stale/unparsed public-index signal, platform mismatch, outlet/not-creator ambiguity, or weak fit compared with stronger CRM rows.","Hold. Revisit only after higher-fit rows are exhausted or a fresh official activity/asset-fit reason appears.","Not prepared. This row is held because current fit/activity/contact confidence is too weak for first-wave outreach.","LOW_PRIORITY_VERIFY_LATER","Do not contact. Recheck only after higher-priority rows or if fresh current activity is found.","SHINOBU_81_ROWS76_100_LOW_PRIORITY_CLOSURE_PASS12","2026-05-19","","","","","","BLOCKED_NO_PAID_CREATOR_PROOF","","","","","","",""
"RAW-20260518-078","PRIORITY_CREATOR_SHORTLIST_FROM_RAW_2026-05-18.csv","https://www.letsplayindex.com/channels/13487-gameedged","GameEdged","https://www.letsplayindex.com/channels/13487-gameedged","YouTube_PUBLIC_STATS_CANDIDATE_OFFICIAL_CONTACT_NOT_VERIFIED","en","Canada","PUBLIC_INDEX_ACTIVITY_DATE_UNPARSED","","4","direct_underwater_survival","YOUTUBE_ABOUT_OR_SITE_CONTACT_NOT_VERIFIED","https://www.youtube.com/channel/UCVOC9EAuRQqnVoBAZ5mE-1Q/about","UNKNOWN_YOUTUBE_ABOUT_NOT_CHECKED","UNKNOWN_OR_THIRD_PARTY_HINT_NEEDS_OFFICIAL_CONFIRMATION","CLEAR_PENDING_OFFICIAL_CHANNEL_VERIFY","Staged from priority shortlist only. May invite direct comparison; send only when screenshots clearly differentiate NASA-punk machinery and black-water pressure, public_comparison_gate stays private-only, and pain freshness fields are filled for pain-backed angles. | Rows76-100 public-index enrichment: activity date could not be parsed; verify official channel before prioritization. | Rows76-100 web triage 2026-05-19: YouTube public stats: active 2026 survival/simulation profile, 300K+ audience signal. Good survival coverage fit but needs real HECTON-8 demo/clip before any outreach.","Open-world survival audience; pitch pressure/salvage/base loop only with playable proof.","Open-world survival audience; pitch pressure/salvage/base loop only with playable proof.","NEEDS_ASSET","Do not contact from this row. After gameplay asset/Steam page exists, verify official YouTube RSS/About/contact route and current fit. Draft prepared in PRIORITY_50_MESSAGE_DRAFTS_FROM_RAW.md section 2026-05-19 CRM-100 High-Signal Asset-Gated Drafts; still blocked by asset/contact gates.","SHINOBU_81_ROWS76_100_WEB_TRIAGE_PASS12+SHINOBU_81_CRM100_DRAFT_LINK_PASS13","2026-05-19","","","","","","BLOCKED_NO_PAID_CREATOR_PROOF","","","","","","",""
"RAW-20260518-079","PRIORITY_CREATOR_SHORTLIST_FROM_RAW_2026-05-18.csv","https://www.letsplayindex.com/channels/2484146-dead-paddy","Dead Paddy","https://www.letsplayindex.com/channels/2484146-dead-paddy","THIRD_PARTY_INDEX_LETSPLAYINDEX","UNKNOWN_UNTIL_CHANNEL_VERIFY","Germany","PUBLIC_INDEX_ACTIVITY_HINT_2024_STALE_RISK","https://www.letsplayindex.com/video/was-ist-das-fur-eine-tur-sons-of-the-forest-staffel-3-47-uaWPzkiQy30","2","direct_underwater_survival","NOT_VERIFIED_STALE_PLATFORM_MISMATCH_OR_LOW_SIGNAL","","UNKNOWN_NOT_CHECKED","UNKNOWN_NOT_CHECKED","CLEAR_BUT_LOW_PRIORITY","Staged from priority shortlist only. May invite direct comparison; send only when screenshots clearly differentiate NASA-punk machinery and black-water pressure, public_comparison_gate stays private-only, and pain freshness fields are filled for pain-backed angles. | Rows76-100 public-index enrichment: latest seen 2024-05-03 via Sons of the Forest; title='Was ist das fuer eine Tuer ? Sons of the Forest Staffel 3 #47 Let`s Play (deutsch/german)'. LPI-only activity hint, not official channel verification. | Rows76-100 closure 2026-05-19: held low priority due stale/unparsed public-index signal, platform mismatch, outlet/not-creator ambiguity, or weak fit compared with stronger CRM rows.","Hold. Revisit only after higher-fit rows are exhausted or a fresh official activity/asset-fit reason appears.","Not prepared. This row is held because current fit/activity/contact confidence is too weak for first-wave outreach.","LOW_PRIORITY_VERIFY_LATER","Do not contact. Recheck only after higher-priority rows or if fresh current activity is found.","SHINOBU_81_ROWS76_100_LOW_PRIORITY_CLOSURE_PASS12","2026-05-19","","","","","","BLOCKED_NO_PAID_CREATOR_PROOF","","","","","","",""
"RAW-20260518-080","PRIORITY_CREATOR_SHORTLIST_FROM_RAW_2026-05-18.csv","https://www.letsplayindex.com/channels/13957-splattercatgaming","Splattercatgaming","https://www.letsplayindex.com/channels/13957-splattercatgaming","YouTube_PUBLIC_STATS_CANDIDATE_OFFICIAL_CONTACT_NOT_VERIFIED","en","UNKNOWN","PUBLIC_INDEX_ACTIVITY_DATE_UNPARSED","","4","direct_underwater_survival","YOUTUBE_ABOUT_OR_SITE_CONTACT_NOT_VERIFIED","https://www.youtube.com/@Splattercatgaming/about","UNKNOWN_YOUTUBE_ABOUT_NOT_CHECKED","UNKNOWN_OR_THIRD_PARTY_HINT_NEEDS_OFFICIAL_CONFIRMATION","CLEAR_PENDING_OFFICIAL_CHANNEL_VERIFY","Staged from priority shortlist only. May invite direct comparison; send only when screenshots clearly differentiate NASA-punk machinery and black-water pressure, public_comparison_gate stays private-only, and pain freshness fields are filled for pain-backed angles. | Rows76-100 public-index enrichment: activity date could not be parsed; verify official channel before prioritization. | Rows76-100 web triage 2026-05-19: Public sources show 900K+ indie discovery audience and 2026 activity; business-email pattern appears on third-party profile but must be confirmed on official YouTube/About. Extremely high inbox noise; demo or excellent 20s clip required.","A-tier indie discovery; pitch only with real gameplay, clear build/source proof, and competitor-neutral language.","A-tier indie discovery; pitch only with real gameplay, clear build/source proof, and competitor-neutral language.","NEEDS_ASSET","Do not contact from this row. After gameplay asset/Steam page exists, verify official YouTube RSS/About/contact route and current fit. Draft prepared in PRIORITY_50_MESSAGE_DRAFTS_FROM_RAW.md section 2026-05-19 CRM-100 High-Signal Asset-Gated Drafts; still blocked by asset/contact gates.","SHINOBU_81_ROWS76_100_WEB_TRIAGE_PASS12+SHINOBU_81_CRM100_DRAFT_LINK_PASS13","2026-05-19","","","","","","BLOCKED_NO_PAID_CREATOR_PROOF","","","","","","",""
"RAW-20260518-081","PRIORITY_CREATOR_SHORTLIST_FROM_RAW_2026-05-18.csv","https://www.letsplayindex.com/channels/13496-2handgaming","2HandGaming","https://www.letsplayindex.com/channels/13496-2handgaming","THIRD_PARTY_INDEX_LETSPLAYINDEX","UNKNOWN_UNTIL_CHANNEL_VERIFY","Bosnia and Herzegovina","PUBLIC_INDEX_ACTIVITY_DATE_UNPARSED","","2","direct_underwater_survival","NOT_VERIFIED_STALE_PLATFORM_MISMATCH_OR_LOW_SIGNAL","","UNKNOWN_NOT_CHECKED","UNKNOWN_NOT_CHECKED","CLEAR_BUT_LOW_PRIORITY","Staged from priority shortlist only. May invite direct comparison; send only when screenshots clearly differentiate NASA-punk machinery and black-water pressure, public_comparison_gate stays private-only, and pain freshness fields are filled for pain-backed angles. | Rows76-100 public-index enrichment: activity date could not be parsed; verify official channel before prioritization. | Rows76-100 closure 2026-05-19: held low priority due stale/unparsed public-index signal, platform mismatch, outlet/not-creator ambiguity, or weak fit compared with stronger CRM rows.","Hold. Revisit only after higher-fit rows are exhausted or a fresh official activity/asset-fit reason appears.","Not prepared. This row is held because current fit/activity/contact confidence is too weak for first-wave outreach.","LOW_PRIORITY_VERIFY_LATER","Do not contact. Recheck only after higher-priority rows or if fresh current activity is found.","SHINOBU_81_ROWS76_100_LOW_PRIORITY_CLOSURE_PASS12","2026-05-19","","","","","","BLOCKED_NO_PAID_CREATOR_PROOF","","","","","","",""
"RAW-20260518-082","PRIORITY_CREATOR_SHORTLIST_FROM_RAW_2026-05-18.csv","https://www.letsplayindex.com/channels/948828-blazze-valkurm","Blazze Valkurm","https://www.letsplayindex.com/channels/948828-blazze-valkurm","THIRD_PARTY_INDEX_LETSPLAYINDEX","UNKNOWN_UNTIL_CHANNEL_VERIFY","United States","PUBLIC_INDEX_ACTIVITY_HINT_2024_STALE_RISK","https://www.letsplayindex.com/video/ralph-and-i-crash-land-sons-of-the-forest-ea-blazze-valkurm-2shpcSSjFNk","2","direct_underwater_survival","NOT_VERIFIED_STALE_PLATFORM_MISMATCH_OR_LOW_SIGNAL","","UNKNOWN_NOT_CHECKED","UNKNOWN_NOT_CHECKED","CLEAR_BUT_LOW_PRIORITY","Staged from priority shortlist only. May invite direct comparison; send only when screenshots clearly differentiate NASA-punk machinery and black-water pressure, public_comparison_gate stays private-only, and pain freshness fields are filled for pain-backed angles. | Rows76-100 public-index enrichment: latest seen 2024-03-10 via Sons of the Forest; title='Ralph And I Crash Land! ~ Sons Of The Forest! ( EA )'. LPI-only activity hint, not official channel verification. | Rows76-100 closure 2026-05-19: held low priority due stale/unparsed public-index signal, platform mismatch, outlet/not-creator ambiguity, or weak fit compared with stronger CRM rows.","Hold. Revisit only after higher-fit rows are exhausted or a fresh official activity/asset-fit reason appears.","Not prepared. This row is held because current fit/activity/contact confidence is too weak for first-wave outreach.","LOW_PRIORITY_VERIFY_LATER","Do not contact. Recheck only after higher-priority rows or if fresh current activity is found.","SHINOBU_81_ROWS76_100_LOW_PRIORITY_CLOSURE_PASS12","2026-05-19","","","","","","BLOCKED_NO_PAID_CREATOR_PROOF","","","","","","",""
"RAW-20260518-083","PRIORITY_CREATOR_SHORTLIST_FROM_RAW_2026-05-18.csv","https://www.letsplayindex.com/channels/110687-rydo","Rydo","https://www.letsplayindex.com/channels/110687-rydo","THIRD_PARTY_INDEX_LETSPLAYINDEX","UNKNOWN_UNTIL_CHANNEL_VERIFY","United States","PUBLIC_INDEX_ACTIVITY_HINT_2024_STALE_RISK","https://www.letsplayindex.com/video/sons-of-the-forest-new-or-trending-game-rydo-xDNURTql068","2","engineering_base_systems","NOT_VERIFIED_STALE_PLATFORM_MISMATCH_OR_LOW_SIGNAL","","UNKNOWN_NOT_CHECKED","UNKNOWN_NOT_CHECKED","CLEAR_BUT_LOW_PRIORITY","Staged from priority shortlist only. Do not pitch before base/tool systems are visible; engineering audiences punish decorative fake systems. | Rows76-100 public-index enrichment: latest seen 2024-03-23 via Sons of the Forest; title='Sons Of The Forest New or Trending Game'. LPI-only activity hint, not official channel verification. | Rows76-100 closure 2026-05-19: held low priority due stale/unparsed public-index signal, platform mismatch, outlet/not-creator ambiguity, or weak fit compared with stronger CRM rows.","Hold. Revisit only after higher-fit rows are exhausted or a fresh official activity/asset-fit reason appears.","Not prepared. This row is held because current fit/activity/contact confidence is too weak for first-wave outreach.","LOW_PRIORITY_VERIFY_LATER","Do not contact. Recheck only after higher-priority rows or if fresh current activity is found.","SHINOBU_81_ROWS76_100_LOW_PRIORITY_CLOSURE_PASS12","2026-05-19","","","","","","BLOCKED_NO_PAID_CREATOR_PROOF","","","","","","",""
"RAW-20260518-084","PRIORITY_CREATOR_SHORTLIST_FROM_RAW_2026-05-18.csv","https://www.letsplayindex.com/channels/1547749-excalligator-reviews","Excalligator Reviews","https://www.letsplayindex.com/channels/1547749-excalligator-reviews","THIRD_PARTY_INDEX_LETSPLAYINDEX","UNKNOWN_UNTIL_CHANNEL_VERIFY","United States","PUBLIC_INDEX_ACTIVITY_HINT_OLD_STALE_RISK","https://www.letsplayindex.com/video/subnautica-in-2023-full-in-depth-review-excalligator-reviews-sM132b38-hI","2","direct_underwater_survival","NOT_VERIFIED_STALE_PLATFORM_MISMATCH_OR_LOW_SIGNAL","","UNKNOWN_NOT_CHECKED","UNKNOWN_NOT_CHECKED","CLEAR_BUT_LOW_PRIORITY","Staged from priority shortlist only. May invite direct comparison; send only when screenshots clearly differentiate NASA-punk machinery and black-water pressure, public_comparison_gate stays private-only, and pain freshness fields are filled for pain-backed angles. | Rows76-100 public-index enrichment: latest seen 2023-10-06 via Subnautica; title='Subnautica in 2023! Full In-Depth Review!'. LPI-only activity hint, not official channel verification. | Rows76-100 closure 2026-05-19: held low priority due stale/unparsed public-index signal, platform mismatch, outlet/not-creator ambiguity, or weak fit compared with stronger CRM rows.","Hold. Revisit only after higher-fit rows are exhausted or a fresh official activity/asset-fit reason appears.","Not prepared. This row is held because current fit/activity/contact confidence is too weak for first-wave outreach.","LOW_PRIORITY_VERIFY_LATER","Do not contact. Recheck only after higher-priority rows or if fresh current activity is found.","SHINOBU_81_ROWS76_100_LOW_PRIORITY_CLOSURE_PASS12","2026-05-19","","","","","","BLOCKED_NO_PAID_CREATOR_PROOF","","","","","","",""
"RAW-20260518-085","PRIORITY_CREATOR_SHORTLIST_FROM_RAW_2026-05-18.csv","https://www.letsplayindex.com/channels/199942-x","Shostka Play","https://www.letsplayindex.com/channels/199942-x","THIRD_PARTY_INDEX_LETSPLAYINDEX","UNKNOWN_UNTIL_CHANNEL_VERIFY","Ukraine","PUBLIC_INDEX_ACTIVITY_HINT_2024_STALE_RISK","https://www.letsplayindex.com/video/pacific-drive-1-P1LSLp3MyI8","2","direct_underwater_survival","NOT_VERIFIED_STALE_PLATFORM_MISMATCH_OR_LOW_SIGNAL","","UNKNOWN_NOT_CHECKED","UNKNOWN_NOT_CHECKED","CLEAR_BUT_LOW_PRIORITY","Staged from priority shortlist only. May invite direct comparison; send only when screenshots clearly differentiate NASA-punk machinery and black-water pressure, public_comparison_gate stays private-only, and pain freshness fields are filled for pain-backed angles. | Rows76-100 public-index enrichment: latest seen 2024-02-26 via Pacific Drive; title='third-party index title omitted; source text was mojibake'. LPI-only activity hint, not official channel verification. | Rows76-100 closure 2026-05-19: held low priority due stale/unparsed public-index signal, platform mismatch, outlet/not-creator ambiguity, or weak fit compared with stronger CRM rows.","Hold. Revisit only after higher-fit rows are exhausted or a fresh official activity/asset-fit reason appears.","Not prepared. This row is held because current fit/activity/contact confidence is too weak for first-wave outreach.","LOW_PRIORITY_VERIFY_LATER","Do not contact. Recheck only after higher-priority rows or if fresh current activity is found.","SHINOBU_81_ROWS76_100_LOW_PRIORITY_CLOSURE_PASS12","2026-05-19","","","","","","BLOCKED_NO_PAID_CREATOR_PROOF","","","","","","",""
"RAW-20260518-086","PRIORITY_CREATOR_SHORTLIST_FROM_RAW_2026-05-18.csv","https://www.letsplayindex.com/channels/561498-lokiman-survival","LokiMan survival","https://www.letsplayindex.com/channels/561498-lokiman-survival","THIRD_PARTY_INDEX_LETSPLAYINDEX","UNKNOWN_UNTIL_CHANNEL_VERIFY","United States","PUBLIC_INDEX_ACTIVITY_HINT_2024_STALE_RISK","https://www.letsplayindex.com/video/getting-down-in-the-zonepacific-drive-lets-play-episode-q6NrebsRC2c","2","direct_underwater_survival","NOT_VERIFIED_STALE_PLATFORM_MISMATCH_OR_LOW_SIGNAL","","UNKNOWN_NOT_CHECKED","UNKNOWN_NOT_CHECKED","CLEAR_BUT_LOW_PRIORITY","Staged from priority shortlist only. May invite direct comparison; send only when screenshots clearly differentiate NASA-punk machinery and black-water pressure, public_comparison_gate stays private-only, and pain freshness fields are filled for pain-backed angles. | Rows76-100 public-index enrichment: latest seen 2024-04-30 via Pacific Drive; title='Getting Down in the Zone|Pacific Drive Lets Play| Episode 6'. LPI-only activity hint, not official channel verification. | Rows76-100 closure 2026-05-19: held low priority due stale/unparsed public-index signal, platform mismatch, outlet/not-creator ambiguity, or weak fit compared with stronger CRM rows.","Hold. Revisit only after higher-fit rows are exhausted or a fresh official activity/asset-fit reason appears.","Not prepared. This row is held because current fit/activity/contact confidence is too weak for first-wave outreach.","LOW_PRIORITY_VERIFY_LATER","Do not contact. Recheck only after higher-priority rows or if fresh current activity is found.","SHINOBU_81_ROWS76_100_LOW_PRIORITY_CLOSURE_PASS12","2026-05-19","","","","","","BLOCKED_NO_PAID_CREATOR_PROOF","","","","","","",""
"RAW-20260518-087","PRIORITY_CREATOR_SHORTLIST_FROM_RAW_2026-05-18.csv","https://www.letsplayindex.com/channels/21440-playstation-access","PlayStation Access","https://www.letsplayindex.com/channels/21440-playstation-access","THIRD_PARTY_INDEX_LETSPLAYINDEX","UNKNOWN_UNTIL_CHANNEL_VERIFY","United Kingdom","PUBLIC_INDEX_ACTIVITY_HINT_OLD_STALE_RISK","https://www.letsplayindex.com/video/the-christmas-maze-episode-4-call-of-the-minigames-playstation-9n2pk39HooI","2","direct_underwater_survival","NOT_VERIFIED_STALE_PLATFORM_MISMATCH_OR_LOW_SIGNAL","","UNKNOWN_NOT_CHECKED","UNKNOWN_NOT_CHECKED","CLEAR_BUT_LOW_PRIORITY","Staged from priority shortlist only. May invite direct comparison; send only when screenshots clearly differentiate NASA-punk machinery and black-water pressure, public_comparison_gate stays private-only, and pain freshness fields are filled for pain-backed angles. | Rows76-100 public-index enrichment: latest seen 2023-12-21 via The Forest; title='The Christmas Maze Episode 4 - Call of the Minigames'. LPI-only activity hint, not official channel verification. | Rows76-100 closure 2026-05-19: held low priority due stale/unparsed public-index signal, platform mismatch, outlet/not-creator ambiguity, or weak fit compared with stronger CRM rows.","Hold. Revisit only after higher-fit rows are exhausted or a fresh official activity/asset-fit reason appears.","Not prepared. This row is held because current fit/activity/contact confidence is too weak for first-wave outreach.","LOW_PRIORITY_VERIFY_LATER","Do not contact. Recheck only after higher-priority rows or if fresh current activity is found.","SHINOBU_81_ROWS76_100_LOW_PRIORITY_CLOSURE_PASS12","2026-05-19","","","","","","BLOCKED_NO_PAID_CREATOR_PROOF","","","","","","",""
"RAW-20260518-088","PRIORITY_CREATOR_SHORTLIST_FROM_RAW_2026-05-18.csv","https://www.letsplayindex.com/channels/22260-maxim","Maxim","https://www.letsplayindex.com/channels/22260-maxim","THIRD_PARTY_INDEX_LETSPLAYINDEX","UNKNOWN_UNTIL_CHANNEL_VERIFY","Germany","PUBLIC_INDEX_ACTIVITY_HINT_OLD_STALE_RISK","https://www.letsplayindex.com/video/ich-bin-ein-holzfaller-maxim-o4E8JZtrsX8","2","direct_underwater_survival","NOT_VERIFIED_STALE_PLATFORM_MISMATCH_OR_LOW_SIGNAL","","UNKNOWN_NOT_CHECKED","UNKNOWN_NOT_CHECKED","CLEAR_BUT_LOW_PRIORITY","Staged from priority shortlist only. May invite direct comparison; send only when screenshots clearly differentiate NASA-punk machinery and black-water pressure, public_comparison_gate stays private-only, and pain freshness fields are filled for pain-backed angles. | Rows76-100 public-index enrichment: latest seen 2020-06-08 via The Forest; title='Ich bin ein Holzfaeller'. LPI-only activity hint, not official channel verification. | Rows76-100 closure 2026-05-19: held low priority due stale/unparsed public-index signal, platform mismatch, outlet/not-creator ambiguity, or weak fit compared with stronger CRM rows.","Hold. Revisit only after higher-fit rows are exhausted or a fresh official activity/asset-fit reason appears.","Not prepared. This row is held because current fit/activity/contact confidence is too weak for first-wave outreach.","LOW_PRIORITY_VERIFY_LATER","Do not contact. Recheck only after higher-priority rows or if fresh current activity is found.","SHINOBU_81_ROWS76_100_LOW_PRIORITY_CLOSURE_PASS12","2026-05-19","","","","","","BLOCKED_NO_PAID_CREATOR_PROOF","","","","","","",""
"RAW-20260518-089","PRIORITY_CREATOR_SHORTLIST_FROM_RAW_2026-05-18.csv","https://www.letsplayindex.com/channels/143764-peenoiseplays","PeenoisePlays","https://www.letsplayindex.com/channels/143764-peenoiseplays","THIRD_PARTY_INDEX_LETSPLAYINDEX","UNKNOWN_UNTIL_CHANNEL_VERIFY","Philippines","PUBLIC_INDEX_ACTIVITY_HINT_OLD_STALE_RISK","https://www.letsplayindex.com/video/peenoise-plays-sons-of-the-forest-16-the-end-peenoiseplays-QTE4RI2cmok","2","survival_route_risk","NOT_VERIFIED_STALE_PLATFORM_MISMATCH_OR_LOW_SIGNAL","","UNKNOWN_NOT_CHECKED","UNKNOWN_NOT_CHECKED","CLEAR_BUT_LOW_PRIORITY","Staged from priority shortlist only. Avoid lore-first pitch; survival viewers need the playable loop fast. | Rows76-100 public-index enrichment: latest seen 2023-06-26 via Sons of the Forest; title='PEENOISE PLAYS SONS OF THE FOREST #16 - THE END?!'. LPI-only activity hint, not official channel verification. | Rows76-100 closure 2026-05-19: held low priority due stale/unparsed public-index signal, platform mismatch, outlet/not-creator ambiguity, or weak fit compared with stronger CRM rows.","Hold. Revisit only after higher-fit rows are exhausted or a fresh official activity/asset-fit reason appears.","Not prepared. This row is held because current fit/activity/contact confidence is too weak for first-wave outreach.","LOW_PRIORITY_VERIFY_LATER","Do not contact. Recheck only after higher-priority rows or if fresh current activity is found.","SHINOBU_81_ROWS76_100_LOW_PRIORITY_CLOSURE_PASS12","2026-05-19","","","","","","BLOCKED_NO_PAID_CREATOR_PROOF","","","","","","",""
"RAW-20260518-090","PRIORITY_CREATOR_SHORTLIST_FROM_RAW_2026-05-18.csv","https://www.letsplayindex.com/channels/22036-robokast","RoboKast","https://www.letsplayindex.com/channels/22036-robokast","THIRD_PARTY_INDEX_LETSPLAYINDEX","UNKNOWN_UNTIL_CHANNEL_VERIFY","United States","PUBLIC_INDEX_ACTIVITY_HINT_OLD_STALE_RISK","https://www.letsplayindex.com/video/why-sons-of-the-forest-is-awesome-but-flawed-robokast-A63bzPfxnf8","2","direct_underwater_survival","NOT_VERIFIED_STALE_PLATFORM_MISMATCH_OR_LOW_SIGNAL","","UNKNOWN_NOT_CHECKED","UNKNOWN_NOT_CHECKED","CLEAR_BUT_LOW_PRIORITY","Staged from priority shortlist only. May invite direct comparison; send only when screenshots clearly differentiate NASA-punk machinery and black-water pressure, public_comparison_gate stays private-only, and pain freshness fields are filled for pain-backed angles. | Rows76-100 public-index enrichment: latest seen 2023-03-09 via Sons of the Forest; title='Why Sons of The Forest Is Awesome... But Flawed'. LPI-only activity hint, not official channel verification. | Rows76-100 closure 2026-05-19: held low priority due stale/unparsed public-index signal, platform mismatch, outlet/not-creator ambiguity, or weak fit compared with stronger CRM rows.","Hold. Revisit only after higher-fit rows are exhausted or a fresh official activity/asset-fit reason appears.","Not prepared. This row is held because current fit/activity/contact confidence is too weak for first-wave outreach.","LOW_PRIORITY_VERIFY_LATER","Do not contact. Recheck only after higher-priority rows or if fresh current activity is found.","SHINOBU_81_ROWS76_100_LOW_PRIORITY_CLOSURE_PASS12","2026-05-19","","","","","","BLOCKED_NO_PAID_CREATOR_PROOF","","","","","","",""
"RAW-20260518-091","PRIORITY_CREATOR_SHORTLIST_FROM_RAW_2026-05-18.csv","https://www.letsplayindex.com/channels/198453-gregbrodudeman","GregBroDudeMan","https://www.letsplayindex.com/channels/198453-gregbrodudeman","THIRD_PARTY_INDEX_LETSPLAYINDEX","UNKNOWN_UNTIL_CHANNEL_VERIFY","United States","PUBLIC_INDEX_ACTIVITY_HINT_OLD_STALE_RISK","https://www.letsplayindex.com/video/playing-the-forest-knowing-nothing-about-it-who-are-you-3zwEg3jmk1s","2","direct_underwater_survival","NOT_VERIFIED_STALE_PLATFORM_MISMATCH_OR_LOW_SIGNAL","","UNKNOWN_NOT_CHECKED","UNKNOWN_NOT_CHECKED","CLEAR_BUT_LOW_PRIORITY","Staged from priority shortlist only. May invite direct comparison; send only when screenshots clearly differentiate NASA-punk machinery and black-water pressure, public_comparison_gate stays private-only, and pain freshness fields are filled for pain-backed angles. | Rows76-100 public-index enrichment: latest seen 2020-09-01 via The Forest; title='Playing THE FOREST Knowing Nothing About It - Who Are You People!? - Pt1'. LPI-only activity hint, not official channel verification. | Rows76-100 closure 2026-05-19: held low priority due stale/unparsed public-index signal, platform mismatch, outlet/not-creator ambiguity, or weak fit compared with stronger CRM rows.","Hold. Revisit only after higher-fit rows are exhausted or a fresh official activity/asset-fit reason appears.","Not prepared. This row is held because current fit/activity/contact confidence is too weak for first-wave outreach.","LOW_PRIORITY_VERIFY_LATER","Do not contact. Recheck only after higher-priority rows or if fresh current activity is found.","SHINOBU_81_ROWS76_100_LOW_PRIORITY_CLOSURE_PASS12","2026-05-19","","","","","","BLOCKED_NO_PAID_CREATOR_PROOF","","","","","","",""
"RAW-20260518-092","PRIORITY_CREATOR_SHORTLIST_FROM_RAW_2026-05-18.csv","https://www.letsplayindex.com/channels/18872-abc-gamer","ABC Gamer","https://www.letsplayindex.com/channels/18872-abc-gamer","THIRD_PARTY_INDEX_LETSPLAYINDEX","UNKNOWN_UNTIL_CHANNEL_VERIFY","Australia","PUBLIC_INDEX_ACTIVITY_HINT_OLD_STALE_RISK","https://www.letsplayindex.com/video/subnautica-below-zero-review-abc-gamer-XAYcbOwx_AQ","2","direct_underwater_survival","NOT_VERIFIED_STALE_PLATFORM_MISMATCH_OR_LOW_SIGNAL","","UNKNOWN_NOT_CHECKED","UNKNOWN_NOT_CHECKED","CLEAR_BUT_LOW_PRIORITY","Staged from priority shortlist only. May invite direct comparison; send only when screenshots clearly differentiate NASA-punk machinery and black-water pressure, public_comparison_gate stays private-only, and pain freshness fields are filled for pain-backed angles. | Rows76-100 public-index enrichment: latest seen 2021-05-29 via Subnautica Below Zero; title='Subnautica: Below Zero | Review'. LPI-only activity hint, not official channel verification. | Rows76-100 closure 2026-05-19: held low priority due stale/unparsed public-index signal, platform mismatch, outlet/not-creator ambiguity, or weak fit compared with stronger CRM rows.","Hold. Revisit only after higher-fit rows are exhausted or a fresh official activity/asset-fit reason appears.","Not prepared. This row is held because current fit/activity/contact confidence is too weak for first-wave outreach.","LOW_PRIORITY_VERIFY_LATER","Do not contact. Recheck only after higher-priority rows or if fresh current activity is found.","SHINOBU_81_ROWS76_100_LOW_PRIORITY_CLOSURE_PASS12","2026-05-19","","","","","","BLOCKED_NO_PAID_CREATOR_PROOF","","","","","","",""
"RAW-20260518-093","PRIORITY_CREATOR_SHORTLIST_FROM_RAW_2026-05-18.csv","https://www.letsplayindex.com/channels/28301-pc-games","PC Games","https://www.letsplayindex.com/channels/28301-pc-games","THIRD_PARTY_INDEX_LETSPLAYINDEX","UNKNOWN_UNTIL_CHANNEL_VERIFY","Germany","PUBLIC_INDEX_ACTIVITY_HINT_2024_STALE_RISK","https://www.letsplayindex.com/video/sons-of-the-forest-review-die-insel-des-grauens-erobert-e8cuCq9r2H4","2","direct_underwater_survival","NOT_VERIFIED_STALE_PLATFORM_MISMATCH_OR_LOW_SIGNAL","","UNKNOWN_NOT_CHECKED","UNKNOWN_NOT_CHECKED","CLEAR_BUT_LOW_PRIORITY","Staged from priority shortlist only. May invite direct comparison; send only when screenshots clearly differentiate NASA-punk machinery and black-water pressure, public_comparison_gate stays private-only, and pain freshness fields are filled for pain-backed angles. | Rows76-100 public-index enrichment: latest seen 2024-02-29 via Sons of the Forest; title='Sons of the Forest | REVIEW | Die Insel des Grauens erobert den Survival-Thron'. LPI-only activity hint, not official channel verification. | Rows76-100 closure 2026-05-19: held low priority due stale/unparsed public-index signal, platform mismatch, outlet/not-creator ambiguity, or weak fit compared with stronger CRM rows.","Hold. Revisit only after higher-fit rows are exhausted or a fresh official activity/asset-fit reason appears.","Not prepared. This row is held because current fit/activity/contact confidence is too weak for first-wave outreach.","LOW_PRIORITY_VERIFY_LATER","Do not contact. Recheck only after higher-priority rows or if fresh current activity is found.","SHINOBU_81_ROWS76_100_LOW_PRIORITY_CLOSURE_PASS12","2026-05-19","","","","","","BLOCKED_NO_PAID_CREATOR_PROOF","","","","","","",""
"RAW-20260518-094","PRIORITY_CREATOR_SHORTLIST_FROM_RAW_2026-05-18.csv","https://www.letsplayindex.com/channels/134271-totalxclipse","TotalXclipse","https://www.letsplayindex.com/channels/134271-totalxclipse","YouTube_PUBLIC_STATS_CANDIDATE_OFFICIAL_CONTACT_NOT_VERIFIED","en","United Kingdom","PUBLIC_INDEX_ACTIVITY_HINT_2024_STALE_RISK","https://www.letsplayindex.com/video/how-i-fixed-the-100-hour-plastic-factory-totalxclipse-KH3BwKPnlno","4","engineering_base_systems","YOUTUBE_ABOUT_OR_SITE_CONTACT_NOT_VERIFIED","https://www.youtube.com/@TotalXclipse/about","UNKNOWN_YOUTUBE_ABOUT_NOT_CHECKED","UNKNOWN_OR_THIRD_PARTY_HINT_NEEDS_OFFICIAL_CONFIRMATION","CLEAR_PENDING_OFFICIAL_CHANNEL_VERIFY","Staged from priority shortlist only. Do not pitch before base/tool systems are visible; engineering audiences punish decorative fake systems. | Rows76-100 public-index enrichment: latest seen 2024-07-15 via Satisfactory; title='How I FIXED The 100 Hour Plastic Factory'. LPI-only activity hint, not official channel verification. | Rows76-100 web triage 2026-05-19: Public Reddit/search signals show current 2026 Satisfactory/factory relevance. Strong systems/factory audience, not direct survival; needs base/machinery/pipes/power proof.","Engineering/base-systems angle after machinery loop is visible.","Engineering/base-systems angle after machinery loop is visible.","NEEDS_ASSET","Do not contact from this row. After gameplay asset/Steam page exists, verify official YouTube RSS/About/contact route and current fit. Draft prepared in PRIORITY_50_MESSAGE_DRAFTS_FROM_RAW.md section 2026-05-19 CRM-100 High-Signal Asset-Gated Drafts; still blocked by asset/contact gates.","SHINOBU_81_ROWS76_100_WEB_TRIAGE_PASS12+SHINOBU_81_CRM100_DRAFT_LINK_PASS13","2026-05-19","","","","","","BLOCKED_NO_PAID_CREATOR_PROOF","","","","","","",""
"RAW-20260518-095","PRIORITY_CREATOR_SHORTLIST_FROM_RAW_2026-05-18.csv","https://www.letsplayindex.com/channels/32842-baertaffy","BaerTaffy","https://www.letsplayindex.com/channels/32842-baertaffy","THIRD_PARTY_INDEX_LETSPLAYINDEX","UNKNOWN_UNTIL_CHANNEL_VERIFY","United States","PUBLIC_INDEX_ACTIVITY_HINT_2024_STALE_RISK","https://www.letsplayindex.com/video/baer-plays-pacific-drive-baertaffy-QwDGRGqpnLg","2","direct_underwater_survival","NOT_VERIFIED_STALE_PLATFORM_MISMATCH_OR_LOW_SIGNAL","","UNKNOWN_NOT_CHECKED","UNKNOWN_NOT_CHECKED","CLEAR_BUT_LOW_PRIORITY","Staged from priority shortlist only. May invite direct comparison; send only when screenshots clearly differentiate NASA-punk machinery and black-water pressure, public_comparison_gate stays private-only, and pain freshness fields are filled for pain-backed angles. | Rows76-100 public-index enrichment: latest seen 2024-02-27 via Pacific Drive; title='Baer Plays Pacific Drive'. LPI-only activity hint, not official channel verification. | Rows76-100 closure 2026-05-19: held low priority due stale/unparsed public-index signal, platform mismatch, outlet/not-creator ambiguity, or weak fit compared with stronger CRM rows.","Hold. Revisit only after higher-fit rows are exhausted or a fresh official activity/asset-fit reason appears.","Not prepared. This row is held because current fit/activity/contact confidence is too weak for first-wave outreach.","LOW_PRIORITY_VERIFY_LATER","Do not contact. Recheck only after higher-priority rows or if fresh current activity is found.","SHINOBU_81_ROWS76_100_LOW_PRIORITY_CLOSURE_PASS12","2026-05-19","","","","","","BLOCKED_NO_PAID_CREATOR_PROOF","","","","","","",""
"RAW-20260518-096","PRIORITY_CREATOR_SHORTLIST_FROM_RAW_2026-05-18.csv","https://www.letsplayindex.com/channels/20103-skycaptin5","Skycaptin5","https://www.letsplayindex.com/channels/20103-skycaptin5","THIRD_PARTY_INDEX_LETSPLAYINDEX","UNKNOWN_UNTIL_CHANNEL_VERIFY","UNKNOWN","PUBLIC_INDEX_ACTIVITY_HINT_OLD_STALE_RISK","https://www.letsplayindex.com/video/subnautica-below-zero-xbox-series-x-gameplay-optimized-xbox-TlhWeyr517s","2","direct_underwater_survival","NOT_VERIFIED_STALE_PLATFORM_MISMATCH_OR_LOW_SIGNAL","","UNKNOWN_NOT_CHECKED","UNKNOWN_NOT_CHECKED","CLEAR_BUT_LOW_PRIORITY","Staged from priority shortlist only. May invite direct comparison; send only when screenshots clearly differentiate NASA-punk machinery and black-water pressure, public_comparison_gate stays private-only, and pain freshness fields are filled for pain-backed angles. | Rows76-100 public-index enrichment: latest seen 2021-09-23 via Subnautica Below Zero; title='Subnautica Below Zero Xbox Series X Gameplay [Optimized] [Xbox Game Pass]'. LPI-only activity hint, not official channel verification. | Rows76-100 closure 2026-05-19: held low priority due stale/unparsed public-index signal, platform mismatch, outlet/not-creator ambiguity, or weak fit compared with stronger CRM rows.","Hold. Revisit only after higher-fit rows are exhausted or a fresh official activity/asset-fit reason appears.","Not prepared. This row is held because current fit/activity/contact confidence is too weak for first-wave outreach.","LOW_PRIORITY_VERIFY_LATER","Do not contact. Recheck only after higher-priority rows or if fresh current activity is found.","SHINOBU_81_ROWS76_100_LOW_PRIORITY_CLOSURE_PASS12","2026-05-19","","","","","","BLOCKED_NO_PAID_CREATOR_PROOF","","","","","","",""
"RAW-20260518-097","PRIORITY_CREATOR_SHORTLIST_FROM_RAW_2026-05-18.csv","https://www.letsplayindex.com/channels/1838560-butchx3","ButchX3","https://www.letsplayindex.com/channels/1838560-butchx3","THIRD_PARTY_INDEX_LETSPLAYINDEX","UNKNOWN_UNTIL_CHANNEL_VERIFY","United Kingdom","PUBLIC_INDEX_ACTIVITY_HINT_OLD_STALE_RISK","https://www.letsplayindex.com/video/raft-the-movie-from-zero-to-hero-butchx3-sFQYlCWD0X4","2","direct_underwater_survival","NOT_VERIFIED_STALE_PLATFORM_MISMATCH_OR_LOW_SIGNAL","","UNKNOWN_NOT_CHECKED","UNKNOWN_NOT_CHECKED","CLEAR_BUT_LOW_PRIORITY","Staged from priority shortlist only. May invite direct comparison; send only when screenshots clearly differentiate NASA-punk machinery and black-water pressure, public_comparison_gate stays private-only, and pain freshness fields are filled for pain-backed angles. | Rows76-100 public-index enrichment: latest seen 2023-11-03 via Raft; title='RAFT The Movie - From Zero to Hero'. LPI-only activity hint, not official channel verification. | Rows76-100 closure 2026-05-19: held low priority due stale/unparsed public-index signal, platform mismatch, outlet/not-creator ambiguity, or weak fit compared with stronger CRM rows.","Hold. Revisit only after higher-fit rows are exhausted or a fresh official activity/asset-fit reason appears.","Not prepared. This row is held because current fit/activity/contact confidence is too weak for first-wave outreach.","LOW_PRIORITY_VERIFY_LATER","Do not contact. Recheck only after higher-priority rows or if fresh current activity is found.","SHINOBU_81_ROWS76_100_LOW_PRIORITY_CLOSURE_PASS12","2026-05-19","","","","","","BLOCKED_NO_PAID_CREATOR_PROOF","","","","","","",""
"RAW-20260518-098","PRIORITY_CREATOR_SHORTLIST_FROM_RAW_2026-05-18.csv","https://www.letsplayindex.com/channels/13672-welonz","Welonz","https://www.letsplayindex.com/channels/13672-welonz","YouTube_PUBLIC_STATS_CANDIDATE_OFFICIAL_CONTACT_NOT_VERIFIED","en","Canada","PUBLIC_INDEX_ACTIVITY_HINT_2024_STALE_RISK","https://www.letsplayindex.com/video/end-of-the-road-lets-play-pacific-drive-gameplay-part-12-j9GADE8tSAc","4","direct_underwater_survival","YOUTUBE_ABOUT_OR_SITE_CONTACT_NOT_VERIFIED","https://www.youtube.com/@Welonz/about","UNKNOWN_YOUTUBE_ABOUT_NOT_CHECKED","UNKNOWN_OR_THIRD_PARTY_HINT_NEEDS_OFFICIAL_CONFIRMATION","CLEAR_PENDING_OFFICIAL_CHANNEL_VERIFY","Staged from priority shortlist only. May invite direct comparison; send only when screenshots clearly differentiate NASA-punk machinery and black-water pressure, public_comparison_gate stays private-only, and pain freshness fields are filled for pain-backed angles. | Rows76-100 public-index enrichment: latest seen 2024-03-08 via Pacific Drive; title='End of the Road | Let's Play Pacific Drive Gameplay Part 12 Ending'. LPI-only activity hint, not official channel verification. | Rows76-100 web triage 2026-05-19: Public stats show 2026 activity and story-focused game audience. Fit depends on Seed Ship/exploration/story proof, not survival grind.","Story/exploration angle only after Seed Ship and first-route footage exists.","Story/exploration angle only after Seed Ship and first-route footage exists.","NEEDS_ASSET","Do not contact from this row. After gameplay asset/Steam page exists, verify official YouTube RSS/About/contact route and current fit. Draft prepared in PRIORITY_50_MESSAGE_DRAFTS_FROM_RAW.md section 2026-05-19 CRM-100 High-Signal Asset-Gated Drafts; still blocked by asset/contact gates.","SHINOBU_81_ROWS76_100_WEB_TRIAGE_PASS12+SHINOBU_81_CRM100_DRAFT_LINK_PASS13","2026-05-19","","","","","","BLOCKED_NO_PAID_CREATOR_PROOF","","","","","","",""
"RAW-20260518-099","PRIORITY_CREATOR_SHORTLIST_FROM_RAW_2026-05-18.csv","https://www.letsplayindex.com/channels/164983-this-is-sparty","THIS IS SPARTY","https://www.letsplayindex.com/channels/164983-this-is-sparty","THIRD_PARTY_INDEX_LETSPLAYINDEX","UNKNOWN_UNTIL_CHANNEL_VERIFY","Kazakhstan","PUBLIC_INDEX_ACTIVITY_HINT_2024_STALE_RISK","https://www.letsplayindex.com/video/playstation-store-this-is-sparty-aZF-t1n78cc","2","direct_underwater_survival","NOT_VERIFIED_STALE_PLATFORM_MISMATCH_OR_LOW_SIGNAL","","UNKNOWN_NOT_CHECKED","UNKNOWN_NOT_CHECKED","CLEAR_BUT_LOW_PRIORITY","Staged from priority shortlist only. May invite direct comparison; send only when screenshots clearly differentiate NASA-punk machinery and black-water pressure, public_comparison_gate stays private-only, and pain freshness fields are filled for pain-backed angles. | Rows76-100 public-index enrichment: latest seen 2024-01-07 via Subnautica; title='third-party index title omitted; source text was mojibake'. LPI-only activity hint, not official channel verification. | Rows76-100 closure 2026-05-19: held low priority due stale/unparsed public-index signal, platform mismatch, outlet/not-creator ambiguity, or weak fit compared with stronger CRM rows.","Hold. Revisit only after higher-fit rows are exhausted or a fresh official activity/asset-fit reason appears.","Not prepared. This row is held because current fit/activity/contact confidence is too weak for first-wave outreach.","LOW_PRIORITY_VERIFY_LATER","Do not contact. Recheck only after higher-priority rows or if fresh current activity is found.","SHINOBU_81_ROWS76_100_LOW_PRIORITY_CLOSURE_PASS12","2026-05-19","","","","","","BLOCKED_NO_PAID_CREATOR_PROOF","","","","","","",""
"RAW-20260518-100","PRIORITY_CREATOR_SHORTLIST_FROM_RAW_2026-05-18.csv","https://www.letsplayindex.com/channels/69190-accurize2-survival-gaming-channel","Accurize2 | Survival Gaming Channel","https://www.letsplayindex.com/channels/69190-accurize2-survival-gaming-channel","YouTube_PUBLIC_STATS_CANDIDATE_OFFICIAL_CONTACT_NOT_VERIFIED","en","United States","PUBLIC_INDEX_ACTIVITY_HINT_OLD_STALE_RISK","https://www.letsplayindex.com/video/the-long-dark-review-live-or-die-accurize2-survival-gaming-_XLFszBn-uw","4","direct_underwater_survival","YOUTUBE_ABOUT_OR_SITE_CONTACT_NOT_VERIFIED","https://www.youtube.com/@accurize2/about","UNKNOWN_YOUTUBE_ABOUT_NOT_CHECKED","UNKNOWN_NOT_CHECKED","CLEAR_PENDING_OFFICIAL_CHANNEL_VERIFY","Staged from priority shortlist only. May invite direct comparison; send only when screenshots clearly differentiate NASA-punk machinery and black-water pressure, public_comparison_gate stays private-only, and pain freshness fields are filled for pain-backed angles. | Rows76-100 public-index enrichment: latest seen 2014-09-24 via The Long Dark; title='The Long Dark Review -- Live or Die!'. LPI-only activity hint, not official channel verification. | Rows76-100 web triage 2026-05-19: Public sources show active 2026 survival gaming channel, 78K subscriber signal, and direct survival audience. Needs official YouTube RSS/About check before contact.","Survival niche candidate: verify official contact after asset exists.","Survival niche candidate: verify official contact after asset exists.","VERIFY_BEFORE_CONTACT","Asset-gated. Verify official YouTube RSS/About/contact route before any pitch. Draft prepared in PRIORITY_50_MESSAGE_DRAFTS_FROM_RAW.md section 2026-05-19 CRM-100 High-Signal Asset-Gated Drafts; still blocked by asset/contact gates.","SHINOBU_81_ROWS76_100_WEB_TRIAGE_PASS12+SHINOBU_81_CRM100_DRAFT_LINK_PASS13","2026-05-19","","","","","","BLOCKED_NO_PAID_CREATOR_PROOF","","","","","","",""
